tripinfo_arrival;tripinfo_arrivalLane;tripinfo_arrivalPos;tripinfo_arrivalSpeed;tripinfo_depart;tripinfo_departDelay;tripinfo_departLane;tripinfo_departPos;tripinfo_departSpeed;tripinfo_devices;tripinfo_duration;tripinfo_id;tripinfo_rerouteNo;tripinfo_routeLength;tripinfo_speedFactor;tripinfo_stopTime;tripinfo_timeLoss;tripinfo_vType;tripinfo_vaporized;tripinfo_waitingCount;tripinfo_waitingTime
117.00;45494495_0;58.90;9.76;10.00;2.62;803785575#0_0;5.10;0.00;tripinfo_wu_od_to_os.0;107.00;wu_od_to_os.0;0;969.96;0.89;0.00;8.33;car;;0;0.00
126.00;23156030#6_0;109.07;7.94;10.00;0.26;-45494495_0;5.10;0.00;tripinfo_wu_os_to_od.0;116.00;wu_os_to_od.0;0;865.51;0.82;0.00;20.84;car;;1;9.00
127.00;28706217_0;94.10;7.00;22.00;3.61;-45494495_0;5.10;0.00;tripinfo_wu_os_to_sl.0;105.00;wu_os_to_sl.0;0;484.95;0.91;0.00;51.32;car;;1;41.00
130.00;45494495_0;58.90;13.29;46.00;4.45;803785575#0_0;5.10;0.00;tripinfo_wu_od_to_os.1;84.00;wu_od_to_os.1;0;969.96;1.21;0.00;10.93;car;;0;0.00
133.00;28716808#1_0;754.74;10.77;10.00;1.45;23687583_0;5.10;0.00;tripinfo_wu_as_to_kl.0;123.00;wu_as_to_kl.0;0;1207.92;1.08;0.00;21.63;car;;1;6.00
137.00;972103805_0;116.86;12.68;44.00;2.41;23687583_0;5.10;0.00;tripinfo_wu_as_to_ko.0;93.00;wu_as_to_ko.0;0;1102.39;1.17;0.00;7.87;car;;0;0.00
140.00;23156030#6_0;109.07;11.02;56.00;0.35;-45494495_0;5.10;0.00;tripinfo_wu_os_to_od.1;84.00;wu_os_to_od.1;0;865.51;1.01;0.00;6.30;car;;0;0.00
153.00;972103805_0;116.86;10.64;14.00;0.95;-23142338#2_0;5.10;0.00;tripinfo_wu_ns_to_ko.0;139.00;wu_ns_to_ko.0;0;1398.55;0.98;0.00;10.45;car;;0;0.00
156.00;45494495_0;58.90;10.53;58.00;0.15;803785575#0_0;5.10;0.00;tripinfo_wu_od_to_os.2;98.00;wu_od_to_os.2;0;969.96;0.98;0.00;8.48;car;;0;0.00
159.00;230845886_0;633.12;10.16;13.00;0.07;23687583_0;5.10;0.00;tripinfo_wu_as_to_ba.0;146.00;wu_as_to_ba.0;0;1356.50;0.95;0.00;16.85;car;;1;4.00
165.00;41899283#1_0;148.70;9.72;9.00;0.19;-230845886_0;5.10;0.00;tripinfo_wu_ba_to_as.0;156.00;wu_ba_to_as.0;0;1430.78;0.90;0.00;12.23;car;;0;0.00
171.00;230845886_0;633.12;9.87;27.00;0.49;23687583_0;5.10;0.00;tripinfo_wu_as_to_ba.1;144.00;wu_as_to_ba.1;0;1356.50;1.00;0.00;21.19;car;;1;9.00
191.00;23527526_0;253.75;10.46;12.00;0.88;-230845886_0;5.10;0.00;tripinfo_wu_ba_to_gj.0;179.00;wu_ba_to_gj.0;0;1755.68;1.00;0.00;20.12;car;;0;0.00
199.00;45494495_0;58.90;8.79;3.00;0.17;23687583_0;5.10;0.00;tripinfo_wu_as_to_os.0;196.00;wu_as_to_os.0;0;1689.77;0.88;0.00;23.45;car;;1;6.00
203.00;45494495_0;58.90;10.89;104.00;2.33;803785575#0_0;5.10;0.00;tripinfo_wu_od_to_os.3;99.00;wu_od_to_os.3;0;969.96;1.02;0.00;12.79;car;;0;0.00
206.00;41899283#1_0;148.70;11.60;25.00;5.40;-45494495_0;5.10;0.00;tripinfo_wu_os_to_as.1;181.00;wu_os_to_as.1;0;1746.47;1.06;0.00;31.71;car;;0;0.00
206.00;45494495_0;58.90;11.59;41.00;1.57;23687583_0;5.10;0.00;tripinfo_wu_as_to_os.1;165.00;wu_as_to_os.1;0;1689.77;1.09;0.00;24.83;car;;0;0.00
208.00;230845886_0;633.12;11.18;80.00;0.16;23687583_0;5.10;0.00;tripinfo_wu_as_to_ba.2;128.00;wu_as_to_ba.2;0;1356.50;1.10;0.00;16.44;car;;1;3.00
208.00;45494495_0;58.90;10.25;111.00;2.48;803785575#0_0;5.10;0.00;tripinfo_wu_od_to_os.4;97.00;wu_od_to_os.4;0;969.96;0.99;0.00;8.21;car;;0;0.00
217.00;41899283#1_0;148.70;9.57;19.00;0.87;-45494495_0;5.10;0.00;tripinfo_wu_os_to_as.0;198.00;wu_os_to_as.0;0;1746.47;0.86;0.00;14.50;car;;0;0.00
217.00;972103805_0;116.86;10.85;66.00;0.28;-23142338#2_0;5.10;0.00;tripinfo_wu_ns_to_ko.1;151.00;wu_ns_to_ko.1;0;1398.55;1.09;0.00;35.36;car;;1;2.00
223.00;23142338#2_0;290.21;11.01;28.00;0.52;803785575#0_0;5.10;0.00;tripinfo_wu_od_to_ns.0;195.00;wu_od_to_ns.0;0;1928.29;1.04;0.00;17.18;car;;0;0.00
230.00;972103805_0;116.86;11.67;131.00;0.89;23687583_0;5.10;0.00;tripinfo_wu_as_to_ko.1;99.00;wu_as_to_ko.1;0;1102.39;1.12;0.00;10.00;car;;0;0.00
242.00;23142338#2_0;290.21;8.57;7.00;0.86;23687583_0;5.10;0.00;tripinfo_wu_as_to_ns.0;235.00;wu_as_to_ns.0;0;1995.73;0.87;0.00;25.50;car;;2;4.00
243.00;23142338#2_0;290.21;11.79;38.00;0.89;23687583_0;5.10;0.00;tripinfo_wu_as_to_ns.1;205.00;wu_as_to_ns.1;0;1995.73;1.11;0.00;42.63;car;;1;1.00
243.00;45494495_0;58.90;10.67;89.00;0.55;23687583_0;5.10;0.00;tripinfo_wu_as_to_os.2;154.00;wu_as_to_os.2;0;1689.77;1.07;0.00;11.51;car;;0;0.00
251.00;972103805_0;116.86;10.67;32.00;0.31;-230845886_0;5.10;0.00;tripinfo_wu_ba_to_ko.0;219.00;wu_ba_to_ko.0;0;2114.29;0.96;0.00;19.71;car;;0;0.00
255.00;972103805_0;116.86;10.60;95.00;0.16;-23142338#2_0;5.10;0.00;tripinfo_wu_ns_to_ko.2;160.00;wu_ns_to_ko.2;0;1398.55;0.97;0.00;29.69;car;;2;8.00
257.00;972103805_0;116.86;10.12;4.00;2.17;803785575#0_0;5.10;0.00;tripinfo_wu_od_to_ko.0;253.00;wu_od_to_ko.0;0;2307.67;1.00;0.00;33.44;car;;1;9.00
257.00;23527526_0;253.75;13.58;198.00;8.66;23687583_0;5.10;0.00;tripinfo_wu_as_to_gj.0;59.00;wu_as_to_gj.0;0;649.06;1.23;0.00;10.72;car;;0;0.00
259.00;230845886_0;633.12;9.83;1.00;0.21;803785575#0_0;5.10;0.00;tripinfo_wu_od_to_ba.0;258.00;wu_od_to_ba.0;0;2382.14;0.91;0.00;22.10;car;;0;0.00
259.00;972103805_0;116.86;11.88;40.00;0.97;803785575#0_0;5.10;0.00;tripinfo_wu_od_to_ko.1;219.00;wu_od_to_ko.1;0;2307.67;1.11;0.00;20.13;car;;0;0.00
261.00;23527526_0;253.75;11.66;201.00;9.76;23687583_0;5.10;0.00;tripinfo_wu_as_to_gj.1;60.00;wu_as_to_gj.1;0;649.06;1.16;0.00;8.67;car;;0;0.00
262.00;230845886_0;633.12;10.30;14.00;0.44;803785575#0_0;5.10;0.00;tripinfo_wu_od_to_ba.1;248.00;wu_od_to_ba.1;0;2382.14;1.02;0.00;37.19;car;;0;0.00
262.00;45494495_0;58.90;9.16;89.00;0.40;-230845886_0;5.10;0.00;tripinfo_wu_ba_to_os.0;173.00;wu_ba_to_os.0;0;1647.96;0.94;0.00;13.55;car;;0;0.00
264.00;41899283#1_0;148.70;10.62;116.00;0.33;-230845886_0;5.10;0.00;tripinfo_wu_ba_to_as.1;148.00;wu_ba_to_as.1;0;1430.78;0.96;0.00;11.92;car;;0;0.00
265.00;23142338#2_0;290.21;9.48;53.00;0.64;-45494495_0;5.10;0.00;tripinfo_wu_os_to_ns.0;212.00;wu_os_to_ns.0;0;1665.91;0.97;0.00;44.57;car;;2;18.00
274.00;23156305_0;1264.14;10.75;111.00;0.90;23687583_0;5.10;0.00;tripinfo_wu_as_to_gg.0;163.00;wu_as_to_gg.0;0;1600.87;0.97;0.00;13.96;car;;0;0.00
275.00;28706217_0;94.10;8.64;202.00;0.33;803785575#0_0;5.10;0.00;tripinfo_wu_od_to_sl.0;73.00;wu_od_to_sl.0;0;747.33;1.12;0.00;8.19;car;;0;0.00
276.00;45494495_0;58.90;11.10;190.00;1.87;803785575#0_0;5.10;0.00;tripinfo_wu_od_to_os.5;86.00;wu_od_to_os.5;0;969.96;1.11;0.00;7.32;car;;0;0.00
278.00;23156030#6_0;109.07;10.51;37.00;0.14;-230845886_0;5.10;0.00;tripinfo_wu_ba_to_od.0;241.00;wu_ba_to_od.0;0;2315.50;0.95;0.00;20.16;car;;0;0.00
278.00;230845886_0;633.12;11.13;43.00;2.76;803785575#0_0;5.10;0.00;tripinfo_wu_od_to_ba.2;235.00;wu_od_to_ba.2;0;2382.14;1.11;0.00;40.82;car;;0;0.00
286.00;45494495_0;58.90;12.14;140.00;0.82;-230845886_0;5.10;0.00;tripinfo_wu_ba_to_os.1;146.00;wu_ba_to_os.1;0;1647.96;1.13;0.00;13.48;car;;0;0.00
287.00;23142338#2_0;290.21;9.41;64.00;0.42;803785575#0_0;5.10;0.00;tripinfo_wu_od_to_ns.1;223.00;wu_od_to_ns.1;0;1928.29;0.94;0.00;25.56;car;;1;4.00
289.00;230845886_0;633.12;10.89;153.00;2.60;23687583_0;5.10;0.00;tripinfo_wu_as_to_ba.3;136.00;wu_as_to_ba.3;0;1356.50;1.01;0.00;15.02;car;;1;2.00
291.00;972103805_0;116.86;10.21;171.00;0.44;23687583_0;5.10;0.00;tripinfo_wu_as_to_ko.2;120.00;wu_as_to_ko.2;0;1102.39;1.00;0.00;20.83;car;;1;8.00
292.00;23156030#6_0;109.07;10.72;56.00;2.77;23687583_0;5.10;0.00;tripinfo_wu_as_to_od.0;236.00;wu_as_to_od.0;0;2357.31;1.03;0.00;28.37;car;;2;2.00
293.00;972103805_0;116.86;10.55;146.00;0.60;-23142338#2_0;5.10;0.00;tripinfo_wu_ns_to_ko.3;147.00;wu_ns_to_ko.3;0;1398.55;1.05;0.00;26.08;car;;2;6.00
297.00;23156390_0;1121.44;10.23;28.00;2.33;-45494495_0;5.10;0.00;tripinfo_wu_os_to_br.0;269.00;wu_os_to_br.0;0;2513.69;0.94;0.00;24.30;car;;0;0.00
299.00;28716808#1_0;754.74;9.43;7.00;3.16;803785575#0_0;5.10;0.00;tripinfo_wu_od_to_kl.0;292.00;wu_od_to_kl.0;0;2678.40;0.91;0.00;24.22;car;;0;0.00
301.00;23156305_0;1264.14;11.45;2.00;0.85;-23142338#2_0;5.10;0.00;tripinfo_wu_ns_to_gg.0;299.00;wu_ns_to_gg.0;0;3297.24;1.10;0.00;25.50;car;;0;0.00
301.00;28716808#1_0;754.74;10.90;17.00;0.28;803785575#0_0;5.10;0.00;tripinfo_wu_od_to_kl.1;284.00;wu_od_to_kl.1;0;2678.40;1.02;0.00;46.11;car;;0;0.00
301.00;28706217_0;94.10;6.79;40.00;2.88;-230845886_0;5.10;0.00;tripinfo_wu_ba_to_sl.0;261.00;wu_ba_to_sl.0;0;1934.94;0.91;0.00;62.83;car;;2;36.00
302.00;972103805_0;116.86;12.41;174.00;2.82;23687583_0;5.10;0.00;tripinfo_wu_as_to_ko.3;128.00;wu_as_to_ko.3;0;1102.39;1.16;0.00;42.22;car;;2;14.00
303.00;28706217_0;94.10;9.36;53.00;0.53;23687583_0;5.10;0.00;tripinfo_wu_as_to_sl.0;250.00;wu_as_to_sl.0;0;1976.75;1.16;0.00;92.11;car;;3;48.00
306.00;28716808#1_0;754.74;11.01;182.00;0.40;23687583_0;5.10;0.00;tripinfo_wu_as_to_kl.1;124.00;wu_as_to_kl.1;0;1207.92;1.08;0.00;22.24;car;;2;6.00
309.00;972103805_0;116.86;10.01;189.00;0.82;23687583_0;5.10;0.00;tripinfo_wu_as_to_ko.4;120.00;wu_as_to_ko.4;0;1102.39;0.91;0.00;10.60;car;;0;0.00
311.00;230845886_0;633.12;11.29;152.00;0.82;-45494495_0;5.10;0.00;tripinfo_wu_os_to_ba.0;159.00;wu_os_to_ba.0;0;1746.52;1.09;0.00;13.20;car;;0;0.00
312.00;23527526_0;253.75;8.49;73.00;0.40;-45494495_0;5.10;0.00;tripinfo_wu_os_to_gj.0;239.00;wu_os_to_gj.0;0;2071.37;0.86;0.00;20.83;car;;0;0.00
316.00;28706217_0;94.10;7.28;99.00;0.74;-230845886_0;5.10;0.00;tripinfo_wu_ba_to_sl.1;217.00;wu_ba_to_sl.1;0;1934.94;0.94;0.00;26.64;car;;0;0.00
318.00;972103805_0;116.86;9.92;206.00;5.02;23687583_0;5.10;0.00;tripinfo_wu_as_to_ko.5;112.00;wu_as_to_ko.5;0;1102.39;0.98;0.00;10.30;car;;0;0.00
320.00;972103805_0;116.86;12.02;107.00;0.17;-230845886_0;5.10;0.00;tripinfo_wu_ba_to_ko.1;213.00;wu_ba_to_ko.1;0;2114.29;1.12;0.00;41.57;car;;1;11.00
330.00;23156305_0;1264.14;9.66;43.00;3.70;-230845886_0;5.10;0.00;tripinfo_wu_ba_to_gg.0;287.00;wu_ba_to_gg.0;0;2718.65;0.94;0.00;25.04;car;;0;0.00
332.00;23527526_0;253.75;8.70;23.00;0.29;803785575#0_0;5.10;0.00;tripinfo_wu_od_to_gj.0;309.00;wu_od_to_gj.0;0;2706.99;0.86;0.00;23.22;car;;0;0.00
332.00;23156030#6_0;109.07;11.89;119.00;2.43;-230845886_0;5.10;0.00;tripinfo_wu_ba_to_od.1;213.00;wu_ba_to_od.1;0;2315.50;1.11;0.00;23.63;car;;0;0.00
334.00;23527526_0;253.75;10.80;154.00;0.81;-230845886_0;5.10;0.00;tripinfo_wu_ba_to_gj.1;180.00;wu_ba_to_gj.1;0;1755.68;1.04;0.00;27.47;car;;1;7.00
340.00;41899283#1_0;148.70;8.89;174.00;3.95;-230845886_0;5.10;0.00;tripinfo_wu_ba_to_as.2;166.00;wu_ba_to_as.2;0;1430.78;0.86;0.00;14.40;car;;0;0.00
341.00;23527526_0;253.75;10.90;171.00;2.62;-230845886_0;5.10;0.00;tripinfo_wu_ba_to_gj.2;170.00;wu_ba_to_gj.2;0;1755.68;1.02;0.00;14.08;car;;0;0.00
342.00;972103805_0;116.86;10.18;230.00;5.93;23687583_0;5.10;0.00;tripinfo_wu_as_to_ko.6;112.00;wu_as_to_ko.6;0;1102.39;0.98;0.00;9.83;car;;0;0.00
343.00;23142338#2_0;290.21;9.68;108.00;0.47;23687583_0;5.10;0.00;tripinfo_wu_as_to_ns.2;235.00;wu_as_to_ns.2;0;1995.73;0.87;0.00;26.50;car;;1;3.00
345.00;23142338#2_0;290.21;10.79;122.00;0.22;803785575#0_0;5.10;0.00;tripinfo_wu_od_to_ns.2;223.00;wu_od_to_ns.2;0;1928.29;1.08;0.00;51.26;car;;1;7.00
352.00;23156390_0;1121.44;9.83;20.00;1.32;803785575#0_0;5.10;0.00;tripinfo_wu_od_to_br.0;332.00;wu_od_to_br.0;0;3149.31;0.96;0.00;33.31;car;;0;0.00
352.00;23156030#6_0;109.07;12.26;137.00;0.34;-230845886_0;5.10;0.00;tripinfo_wu_ba_to_od.2;215.00;wu_ba_to_od.2;0;2315.50;1.11;0.00;26.46;car;;1;6.00
355.00;972103805_0;116.86;10.74;233.00;1.99;23687583_0;5.10;0.00;tripinfo_wu_as_to_ko.7;122.00;wu_as_to_ko.7;0;1102.39;0.97;0.00;19.35;car;;1;5.00
357.00;28706217_0;94.10;7.72;150.00;0.37;23687583_0;5.10;0.00;tripinfo_wu_as_to_sl.1;207.00;wu_as_to_sl.1;0;1976.75;1.02;0.00;27.25;car;;1;3.00
359.00;23156305_0;1264.14;11.03;102.00;0.57;-230845886_0;5.10;0.00;tripinfo_wu_ba_to_gg.1;257.00;wu_ba_to_gg.1;0;2718.65;1.09;0.00;30.68;car;;0;0.00
359.00;23142338#2_0;290.21;12.70;156.00;0.35;803785575#0_0;5.10;0.00;tripinfo_wu_od_to_ns.3;203.00;wu_od_to_ns.3;0;1928.29;1.23;0.00;50.93;car;;1;5.00
361.00;45494495_0;58.90;10.12;192.00;3.79;23687583_0;5.10;0.00;tripinfo_wu_as_to_os.3;169.00;wu_as_to_os.3;0;1689.77;1.00;0.00;16.40;car;;0;0.00
362.00;23527526_0;253.75;7.70;266.00;0.72;23687583_0;5.10;0.00;tripinfo_wu_as_to_gj.2;96.00;wu_as_to_gj.2;0;649.06;0.78;0.00;19.44;car;;1;8.00
363.00;45494495_0;58.90;11.18;195.00;5.80;23687583_0;5.10;0.00;tripinfo_wu_as_to_os.4;168.00;wu_as_to_os.4;0;1689.77;1.05;0.00;22.10;car;;0;0.00
364.00;23156305_0;1264.14;10.83;215.00;6.96;23687583_0;5.10;0.00;tripinfo_wu_as_to_gg.1;149.00;wu_as_to_gg.1;0;1600.87;1.06;0.00;12.89;car;;0;0.00
364.00;23527526_0;253.75;9.71;276.00;0.39;23687583_0;5.10;0.00;tripinfo_wu_as_to_gj.3;88.00;wu_as_to_gj.3;0;649.06;0.92;0.00;23.00;car;;1;3.00
365.00;23527526_0;253.75;10.70;183.00;3.01;-230845886_0;5.10;0.00;tripinfo_wu_ba_to_gj.3;182.00;wu_ba_to_gj.3;0;1755.68;1.05;0.00;31.01;car;;0;0.00
368.00;23156305_0;1264.14;11.04;50.00;0.87;-23142338#2_0;5.10;0.00;tripinfo_wu_ns_to_gg.1;318.00;wu_ns_to_gg.1;0;3297.24;1.06;0.00;34.81;car;;1;4.00
376.00;230845886_0;633.12;10.23;224.00;0.68;23687583_0;5.10;0.00;tripinfo_wu_as_to_ba.4;152.00;wu_as_to_ba.4;0;1356.50;0.94;0.00;21.60;car;;1;8.00
376.00;972103805_0;116.86;9.13;248.00;3.46;23687583_0;5.10;0.00;tripinfo_wu_as_to_ko.8;128.00;wu_as_to_ko.8;0;1102.39;0.85;0.00;10.65;car;;0;0.00
377.00;28706217_0;94.10;8.12;319.00;0.01;-45494495_0;5.10;0.00;tripinfo_wu_os_to_sl.1;58.00;wu_os_to_sl.1;0;484.95;1.09;0.00;12.52;car;;0;0.00
380.00;230845886_0;633.12;11.28;143.00;0.05;803785575#0_0;5.10;0.00;tripinfo_wu_od_to_ba.3;237.00;wu_od_to_ba.3;0;2382.14;1.08;0.00;36.39;car;;1;12.00
380.00;972103805_0;116.86;7.13;197.00;0.12;-23142338#2_0;5.10;0.00;tripinfo_wu_ns_to_ko.4;183.00;wu_ns_to_ko.4;0;1398.55;0.75;0.00;15.95;car;;0;0.00
382.00;23156390_0;1121.44;11.03;143.00;0.61;-45494495_0;5.10;0.00;tripinfo_wu_os_to_br.1;239.00;wu_os_to_br.1;0;2513.69;1.07;0.00;24.28;car;;0;0.00
382.00;972103805_0;116.86;9.69;201.00;0.12;-23142338#2_0;5.10;0.00;tripinfo_wu_ns_to_ko.5;181.00;wu_ns_to_ko.5;0;1398.55;0.94;0.00;46.70;car;;0;0.00
383.00;28706217_0;94.10;6.73;157.00;0.67;23687583_0;5.10;0.00;tripinfo_wu_as_to_sl.2;226.00;wu_as_to_sl.2;0;1976.75;0.92;0.00;25.47;car;;1;2.00
384.00;45494495_0;58.90;8.73;199.00;0.69;-230845886_0;5.10;0.00;tripinfo_wu_ba_to_os.2;185.00;wu_ba_to_os.2;0;1647.96;0.88;0.00;16.01;car;;0;0.00
384.00;972103805_0;116.86;10.36;210.00;0.23;-23142338#2_0;5.10;0.00;tripinfo_wu_ns_to_ko.6;174.00;wu_ns_to_ko.6;0;1398.55;1.05;0.00;53.13;car;;0;0.00
386.00;41899283#1_0;148.70;8.21;82.00;0.37;803785575#0_0;5.10;0.00;tripinfo_wu_od_to_as.0;304.00;wu_od_to_as.0;0;2382.09;0.77;0.00;25.09;car;;0;0.00
386.00;972103805_0;116.86;9.66;108.00;0.21;803785575#0_0;5.10;0.00;tripinfo_wu_od_to_ko.2;278.00;wu_od_to_ko.2;0;2307.67;0.98;0.00;54.89;car;;1;5.00
387.00;23156030#6_0;109.07;10.24;151.00;0.33;-230845886_0;5.10;0.00;tripinfo_wu_ba_to_od.3;236.00;wu_ba_to_od.3;0;2315.50;1.01;0.00;28.45;car;;1;8.00
388.00;972103805_0;116.86;11.10;213.00;1.95;-23142338#2_0;5.10;0.00;tripinfo_wu_ns_to_ko.7;175.00;wu_ns_to_ko.7;0;1398.55;1.01;0.00;48.99;car;;1;8.00
389.00;972103805_0;116.86;12.09;227.00;0.33;-23142338#2_0;5.10;0.00;tripinfo_wu_ns_to_ko.8;162.00;wu_ns_to_ko.8;0;1398.55;1.13;0.00;50.94;car;;1;6.00
390.00;23142338#2_0;290.21;9.44;163.00;0.94;-45494495_0;5.10;0.00;tripinfo_wu_os_to_ns.1;227.00;wu_os_to_ns.1;0;1665.91;0.90;0.00;47.83;car;;2;13.00
390.00;23156030#6_0;109.07;10.97;298.00;0.51;-45494495_0;5.10;0.00;tripinfo_wu_os_to_od.2;92.00;wu_os_to_od.2;0;865.51;1.00;0.00;13.66;car;;1;2.00
392.00;972103805_0;116.86;9.62;117.00;0.41;803785575#0_0;5.10;0.00;tripinfo_wu_od_to_ko.3;275.00;wu_od_to_ko.3;0;2307.67;0.93;0.00;40.26;car;;1;7.00
394.00;972103805_0;116.86;11.05;129.00;0.46;803785575#0_0;5.10;0.00;tripinfo_wu_od_to_ko.4;265.00;wu_od_to_ko.4;0;2307.67;1.07;0.00;59.82;car;;1;6.00
394.00;41899283#1_0;148.70;10.81;241.00;0.24;-230845886_0;5.10;0.00;tripinfo_wu_ba_to_as.3;153.00;wu_ba_to_as.3;0;1430.78;0.98;0.00;20.99;car;;0;0.00
395.00;23156305_0;1264.14;12.06;49.00;1.99;803785575#0_0;5.10;0.00;tripinfo_wu_od_to_gg.0;346.00;wu_od_to_gg.0;0;3669.96;1.11;0.00;45.93;car;;0;0.00
397.00;972103805_0;116.86;11.74;281.00;0.47;23687583_0;5.10;0.00;tripinfo_wu_as_to_ko.9;116.00;wu_as_to_ko.9;0;1102.39;1.08;0.00;23.42;car;;0;0.00
399.00;41899283#1_0;148.70;9.81;217.00;0.89;-45494495_0;5.10;0.00;tripinfo_wu_os_to_as.2;182.00;wu_os_to_as.2;0;1746.47;0.98;0.00;20.31;car;;1;2.00
399.00;972103805_0;116.86;13.09;290.00;0.83;23687583_0;5.10;0.00;tripinfo_wu_as_to_ko.10;109.00;wu_as_to_ko.10;0;1102.39;1.18;0.00;24.18;car;;0;0.00
400.00;23527526_0;253.75;10.59;211.00;0.24;-230845886_0;5.10;0.00;tripinfo_wu_ba_to_gj.4;189.00;wu_ba_to_gj.4;0;1755.68;0.96;0.00;22.94;car;;1;2.00
402.00;972103805_0;116.86;12.61;133.00;0.26;803785575#0_0;5.10;0.00;tripinfo_wu_od_to_ko.5;269.00;wu_od_to_ko.5;0;2307.67;1.20;0.00;85.56;car;;2;9.00
402.00;23527526_0;253.75;10.03;328.00;0.14;23687583_0;5.10;0.00;tripinfo_wu_as_to_gj.4;74.00;wu_as_to_gj.4;0;649.06;0.97;0.00;13.27;car;;0;0.00
403.00;23156390_0;1121.44;11.00;166.00;2.98;-45494495_0;5.10;0.00;tripinfo_wu_os_to_br.2;237.00;wu_os_to_br.2;0;2513.69;1.05;0.00;19.81;car;;0;0.00
407.00;972103805_0;116.86;9.00;157.00;1.41;-230845886_0;5.10;0.00;tripinfo_wu_ba_to_ko.2;250.00;wu_ba_to_ko.2;0;2114.29;0.91;0.00;37.68;car;;2;8.00
409.00;972103805_0;116.86;10.80;126.00;0.54;-45494495_0;5.10;0.00;tripinfo_wu_os_to_ko.0;283.00;wu_os_to_ko.0;0;2045.29;1.07;0.00;98.85;car;;4;46.00
409.00;45494495_0;58.90;10.32;227.00;2.98;23687583_0;5.10;0.00;tripinfo_wu_as_to_os.5;182.00;wu_as_to_os.5;0;1689.77;0.98;0.00;26.16;car;;1;7.00
410.00;28716808#1_0;754.74;10.14;293.00;0.68;23687583_0;5.10;0.00;tripinfo_wu_as_to_kl.2;117.00;wu_as_to_kl.2;0;1207.92;1.01;0.00;8.92;car;;0;0.00
411.00;45494495_0;58.90;10.85;311.00;5.21;803785575#0_0;5.10;0.00;tripinfo_wu_od_to_os.6;100.00;wu_od_to_os.6;0;969.96;1.02;0.00;13.98;car;;0;0.00
412.00;972103805_0;116.86;9.49;139.00;0.91;803785575#0_0;5.10;0.00;tripinfo_wu_od_to_ko.6;273.00;wu_od_to_ko.6;0;2307.67;0.96;0.00;44.97;car;;2;10.00
415.00;972103805_0;116.86;11.23;148.00;0.59;803785575#0_0;5.10;0.00;tripinfo_wu_od_to_ko.7;267.00;wu_od_to_ko.7;0;2307.67;1.03;0.00;54.13;car;;1;6.00
417.00;23527526_0;253.75;11.70;244.00;2.18;-230845886_0;5.10;0.00;tripinfo_wu_ba_to_gj.5;173.00;wu_ba_to_gj.5;0;1755.68;1.15;0.00;34.83;car;;0;0.00
418.00;41899283#1_0;148.70;9.62;255.00;0.91;-230845886_0;5.10;0.00;tripinfo_wu_ba_to_as.4;163.00;wu_ba_to_as.4;0;1430.78;0.94;0.00;24.91;car;;1;8.00
423.00;23142338#2_0;290.21;10.73;180.00;0.88;-230845886_0;5.10;0.00;tripinfo_wu_ba_to_ns.0;243.00;wu_ba_to_ns.0;0;2346.36;1.03;0.00;35.70;car;;1;5.00
423.00;972103805_0;116.86;10.11;203.00;0.05;-230845886_0;5.10;0.00;tripinfo_wu_ba_to_ko.3;220.00;wu_ba_to_ko.3;0;2114.29;1.00;0.00;28.36;car;;0;0.00
425.00;972103805_0;116.86;13.46;208.00;0.42;-230845886_0;5.10;0.00;tripinfo_wu_ba_to_ko.4;217.00;wu_ba_to_ko.4;0;2114.29;1.22;0.00;59.73;car;;0;0.00
428.00;972103805_0;116.86;10.66;159.00;0.31;-45494495_0;5.10;0.00;tripinfo_wu_os_to_ko.1;269.00;wu_os_to_ko.1;0;2045.29;1.01;0.00;74.23;car;;4;27.00
429.00;230845886_0;633.12;9.61;170.00;0.53;803785575#0_0;5.10;0.00;tripinfo_wu_od_to_ba.4;259.00;wu_od_to_ba.4;0;2382.14;0.97;0.00;37.00;car;;0;0.00
430.00;972103805_0;116.86;11.58;169.00;1.76;-45494495_0;5.10;0.00;tripinfo_wu_os_to_ko.2;261.00;wu_os_to_ko.2;0;2045.29;1.08;0.00;79.20;car;;3;22.00
433.00;45494495_0;58.90;9.61;245.00;0.84;23687583_0;5.10;0.00;tripinfo_wu_as_to_os.6;188.00;wu_as_to_os.6;0;1689.77;0.94;0.00;25.10;car;;1;7.00
434.00;972103805_0;116.86;9.83;180.00;0.26;-45494495_0;5.10;0.00;tripinfo_wu_os_to_ko.3;254.00;wu_os_to_ko.3;0;2045.29;0.93;0.00;43.11;car;;2;7.00
438.00;972103805_0;116.86;9.65;180.00;0.48;803785575#0_0;5.10;0.00;tripinfo_wu_od_to_ko.8;258.00;wu_od_to_ko.8;0;2307.67;0.93;0.00;23.44;car;;0;0.00
438.00;23156390_0;1121.44;10.24;258.00;0.27;23687583_0;5.10;0.00;tripinfo_wu_as_to_br.0;180.00;wu_as_to_br.0;0;1694.48;0.93;0.00;15.77;car;;0;0.00
441.00;28706217_0;94.10;7.49;209.00;2.33;23687583_0;5.10;0.00;tripinfo_wu_as_to_sl.3;232.00;wu_as_to_sl.3;0;1976.75;1.03;0.00;54.57;car;;1;14.00
441.00;45494495_0;58.90;12.73;356.00;2.91;803785575#0_0;5.10;0.00;tripinfo_wu_od_to_os.7;85.00;wu_od_to_os.7;0;969.96;1.20;0.00;11.33;car;;0;0.00
443.00;28706217_0;94.10;9.22;212.00;5.20;23687583_0;5.10;0.00;tripinfo_wu_as_to_sl.4;231.00;wu_as_to_sl.4;0;1976.75;1.11;0.00;66.22;car;;2;15.00
450.00;41899283#1_0;148.70;10.44;176.00;4.19;803785575#0_0;5.10;0.00;tripinfo_wu_od_to_as.1;274.00;wu_od_to_as.1;0;2382.09;0.96;0.00;50.84;car;;1;5.00
452.00;23142338#2_0;290.21;11.42;208.00;4.69;-45494495_0;5.10;0.00;tripinfo_wu_os_to_ns.2;244.00;wu_os_to_ns.2;0;1665.91;1.04;0.00;88.25;car;;3;52.00
453.00;972103805_0;116.86;9.46;219.00;1.02;-230845886_0;5.10;0.00;tripinfo_wu_ba_to_ko.5;234.00;wu_ba_to_ko.5;0;2114.29;0.95;0.00;30.15;car;;0;0.00
456.00;45494495_0;58.90;9.70;283.00;0.29;-230845886_0;5.10;0.00;tripinfo_wu_ba_to_os.3;173.00;wu_ba_to_os.3;0;1647.96;0.94;0.00;14.17;car;;0;0.00
456.00;23527526_0;253.75;11.42;290.00;0.84;-230845886_0;5.10;0.00;tripinfo_wu_ba_to_gj.6;166.00;wu_ba_to_gj.6;0;1755.68;1.11;0.00;23.40;car;;0;0.00
457.00;972103805_0;116.86;8.66;290.00;0.55;-23142338#2_0;5.10;0.00;tripinfo_wu_ns_to_ko.9;167.00;wu_ns_to_ko.9;0;1398.55;0.88;0.00;24.32;car;;1;6.00
457.00;28706217_0;94.10;7.29;382.00;0.08;-45494495_0;5.10;0.00;tripinfo_wu_os_to_sl.2;75.00;wu_os_to_sl.2;0;484.95;1.03;0.00;27.21;car;;3;8.00
459.00;28716808#1_0;754.74;11.71;206.00;0.53;-23142338#2_0;5.10;0.00;tripinfo_wu_ns_to_kl.0;253.00;wu_ns_to_kl.0;0;2315.58;1.06;0.00;55.22;car;;2;9.00
459.00;230845886_0;633.12;11.16;208.00;0.28;803785575#0_0;5.10;0.00;tripinfo_wu_od_to_ba.5;251.00;wu_od_to_ba.5;0;2382.14;1.08;0.00;52.62;car;;0;0.00
459.00;972103805_0;116.86;10.17;298.00;0.99;-23142338#2_0;5.10;0.00;tripinfo_wu_ns_to_ko.10;161.00;wu_ns_to_ko.10;0;1398.55;0.94;0.00;26.01;car;;1;5.00
459.00;23527526_0;253.75;11.32;386.00;3.33;23687583_0;5.10;0.00;tripinfo_wu_as_to_gj.5;73.00;wu_as_to_gj.5;0;649.06;1.11;0.00;19.39;car;;1;1.00
463.00;28706217_0;94.10;8.38;259.00;4.35;-230845886_0;5.10;0.00;tripinfo_wu_ba_to_sl.2;204.00;wu_ba_to_sl.2;0;1934.94;1.01;0.00;26.02;car;;0;0.00
466.00;972103805_0;116.86;8.12;318.00;0.22;23687583_0;5.10;0.00;tripinfo_wu_as_to_ko.11;148.00;wu_as_to_ko.11;0;1102.39;0.74;0.00;13.42;car;;0;0.00
467.00;230845886_0;633.12;10.35;214.00;1.43;803785575#0_0;5.10;0.00;tripinfo_wu_od_to_ba.6;253.00;wu_od_to_ba.6;0;2382.14;1.01;0.00;40.06;car;;0;0.00
468.00;972103805_0;116.86;10.55;223.00;0.64;-230845886_0;5.10;0.00;tripinfo_wu_ba_to_ko.6;245.00;wu_ba_to_ko.6;0;2114.29;1.02;0.00;56.16;car;;1;8.00
468.00;230845886_0;633.12;12.05;244.00;0.02;803785575#0_0;5.10;0.00;tripinfo_wu_od_to_ba.7;224.00;wu_od_to_ba.7;0;2382.14;1.12;0.00;31.43;car;;0;0.00
468.00;45494495_0;58.90;9.07;364.00;0.71;803785575#0_0;5.10;0.00;tripinfo_wu_od_to_os.8;104.00;wu_od_to_os.8;0;969.96;0.93;0.00;9.28;car;;0;0.00
470.00;972103805_0;116.86;10.68;230.00;0.39;-230845886_0;5.10;0.00;tripinfo_wu_ba_to_ko.7;240.00;wu_ba_to_ko.7;0;2114.29;0.97;0.00;40.84;car;;1;8.00
471.00;23156030#6_0;109.07;11.43;391.00;0.07;-45494495_0;5.10;0.00;tripinfo_wu_os_to_od.3;80.00;wu_os_to_od.3;0;865.51;1.08;0.00;7.03;car;;0;0.00
471.00;28706217_0;94.10;6.88;404.00;2.51;-45494495_0;5.10;0.00;tripinfo_wu_os_to_sl.3;67.00;wu_os_to_sl.3;0;484.95;0.84;0.00;8.43;car;;0;0.00
472.00;41899283#1_0;148.70;9.14;197.00;0.59;803785575#0_0;5.10;0.00;tripinfo_wu_od_to_as.2;275.00;wu_od_to_as.2;0;2382.09;0.90;0.00;36.13;car;;0;0.00
473.00;28706217_0;94.10;7.36;251.00;5.90;23687583_0;5.10;0.00;tripinfo_wu_as_to_sl.5;222.00;wu_as_to_sl.5;0;1976.75;0.96;0.00;32.13;car;;1;2.00
475.00;23156030#6_0;109.07;9.91;226.00;0.02;-230845886_0;5.10;0.00;tripinfo_wu_ba_to_od.4;249.00;wu_ba_to_od.4;0;2315.50;0.96;0.00;32.04;car;;1;3.00
476.00;23156390_0;1121.44;8.82;216.00;0.14;-230845886_0;5.10;0.00;tripinfo_wu_ba_to_br.0;260.00;wu_ba_to_br.0;0;2198.00;0.85;0.00;23.43;car;;0;0.00
477.00;972103805_0;116.86;8.77;183.00;0.41;-45494495_0;5.10;0.00;tripinfo_wu_os_to_ko.4;294.00;wu_os_to_ko.4;0;2045.29;0.90;0.00;76.48;car;;1;43.00
480.00;230845886_0;633.12;9.67;335.00;0.81;23687583_0;5.10;0.00;tripinfo_wu_as_to_ba.5;145.00;wu_as_to_ba.5;0;1356.50;0.91;0.00;11.18;car;;0;0.00
482.00;230845886_0;633.12;11.49;216.00;1.84;-23142338#2_0;5.10;0.00;tripinfo_wu_ns_to_ba.0;266.00;wu_ns_to_ba.0;0;2340.42;1.05;0.00;65.60;car;;3;13.00
486.00;972103805_0;116.86;9.48;236.00;0.32;-230845886_0;5.10;0.00;tripinfo_wu_ba_to_ko.8;250.00;wu_ba_to_ko.8;0;2114.29;0.90;0.00;36.43;car;;1;6.00
488.00;972103805_0;116.86;13.57;272.00;0.24;-230845886_0;5.10;0.00;tripinfo_wu_ba_to_ko.9;216.00;wu_ba_to_ko.9;0;2114.29;1.27;0.00;62.13;car;;3;14.00
490.00;23156030#6_0;109.07;11.05;401.00;0.20;-45494495_0;5.10;0.00;tripinfo_wu_os_to_od.4;89.00;wu_os_to_od.4;0;865.51;1.05;0.00;14.46;car;;1;2.00
492.00;23142338#2_0;290.21;11.48;280.00;0.43;-230845886_0;5.10;0.00;tripinfo_wu_ba_to_ns.1;212.00;wu_ba_to_ns.1;0;2346.36;1.09;0.00;15.83;car;;0;0.00
492.00;23156390_0;1121.44;10.20;321.00;0.34;23687583_0;5.10;0.00;tripinfo_wu_as_to_br.1;171.00;wu_as_to_br.1;0;1694.48;0.99;0.00;16.22;car;;0;0.00
493.00;23156030#6_0;109.07;10.27;411.00;0.55;-45494495_0;5.10;0.00;tripinfo_wu_os_to_od.5;82.00;wu_os_to_od.5;0;865.51;1.04;0.00;6.83;car;;0;0.00
495.00;28716808#1_0;754.74;10.70;211.00;1.49;803785575#0_0;5.10;0.00;tripinfo_wu_od_to_kl.2;284.00;wu_od_to_kl.2;0;2678.40;1.08;0.00;59.46;car;;1;3.00
497.00;972103805_0;116.86;9.04;334.00;0.10;-23142338#2_0;5.10;0.00;tripinfo_wu_ns_to_ko.11;163.00;wu_ns_to_ko.11;0;1398.55;0.85;0.00;14.09;car;;0;0.00
499.00;972103805_0;116.86;9.88;263.00;0.90;-45494495_0;5.10;0.00;tripinfo_wu_os_to_ko.5;236.00;wu_os_to_ko.5;0;2045.29;0.97;0.00;34.46;car;;1;5.00
500.00;45494495_0;58.90;11.39;324.00;2.61;23687583_0;5.10;0.00;tripinfo_wu_as_to_os.7;176.00;wu_as_to_os.7;0;1689.77;1.05;0.00;30.54;car;;0;0.00
503.00;45494495_0;58.90;9.32;320.00;0.29;-230845886_0;5.10;0.00;tripinfo_wu_ba_to_os.4;183.00;wu_ba_to_os.4;0;1647.96;0.90;0.00;16.98;car;;0;0.00
505.00;972103805_0;116.86;7.74;338.00;0.90;23687583_0;5.10;0.00;tripinfo_wu_as_to_ko.12;167.00;wu_as_to_ko.12;0;1102.39;0.77;0.00;37.89;car;;1;21.00
507.00;23156305_0;1264.14;9.92;90.00;0.40;803785575#0_0;5.10;0.00;tripinfo_wu_od_to_gg.1;417.00;wu_od_to_gg.1;0;3669.96;0.94;0.00;63.78;car;;0;0.00
508.00;23156305_0;1264.14;11.54;101.00;0.37;803785575#0_0;5.10;0.00;tripinfo_wu_od_to_gg.2;407.00;wu_od_to_gg.2;0;3669.96;1.04;0.00;88.18;car;;1;13.00
510.00;972103805_0;116.86;7.95;344.00;0.65;23687583_0;5.10;0.00;tripinfo_wu_as_to_ko.13;166.00;wu_as_to_ko.13;0;1102.39;0.75;0.00;33.65;car;;1;17.00
511.00;45494495_0;58.90;10.46;411.00;0.32;803785575#0_0;5.10;0.00;tripinfo_wu_od_to_os.9;100.00;wu_od_to_os.9;0;969.96;0.96;0.00;8.62;car;;0;0.00
515.00;972103805_0;116.86;8.77;383.00;0.93;23687583_0;5.10;0.00;tripinfo_wu_as_to_ko.14;132.00;wu_as_to_ko.14;0;1102.39;0.83;0.00;11.07;car;;0;0.00
517.00;230845886_0;633.12;8.95;352.00;1.21;23687583_0;5.10;0.00;tripinfo_wu_as_to_ba.6;165.00;wu_as_to_ba.6;0;1356.50;0.91;0.00;31.27;car;;1;14.00
517.00;972103805_0;116.86;10.54;362.00;0.33;-23142338#2_0;5.10;0.00;tripinfo_wu_ns_to_ko.12;155.00;wu_ns_to_ko.12;0;1398.55;0.98;0.00;25.64;car;;1;5.00
525.00;45494495_0;58.90;8.27;329.00;2.73;-230845886_0;5.10;0.00;tripinfo_wu_ba_to_os.5;196.00;wu_ba_to_os.5;0;1647.96;0.84;0.00;19.07;car;;0;0.00
530.00;23156390_0;1121.44;10.06;187.00;0.99;803785575#0_0;5.10;0.00;tripinfo_wu_od_to_br.1;343.00;wu_od_to_br.1;0;3149.31;0.95;0.00;41.65;car;;1;4.00
536.00;23156030#6_0;109.07;10.73;303.00;0.98;23687583_0;5.10;0.00;tripinfo_wu_as_to_od.1;233.00;wu_as_to_od.1;0;2357.31;1.05;0.00;29.41;car;;1;8.00
541.00;45494495_0;58.90;10.52;444.00;4.75;803785575#0_0;5.10;0.00;tripinfo_wu_od_to_os.10;97.00;wu_od_to_os.10;0;969.96;1.01;0.00;10.18;car;;0;0.00
542.00;972103805_0;116.86;9.30;268.00;0.38;803785575#0_0;5.10;0.00;tripinfo_wu_od_to_ko.9;274.00;wu_od_to_ko.9;0;2307.67;0.89;0.00;28.05;car;;1;1.00
543.00;23527526_0;253.75;11.17;343.00;4.83;-230845886_0;5.10;0.00;tripinfo_wu_ba_to_gj.7;200.00;wu_ba_to_gj.7;0;1755.68;1.06;0.00;50.07;car;;0;0.00
545.00;972103805_0;116.86;9.99;306.00;0.85;-230845886_0;5.10;0.00;tripinfo_wu_ba_to_ko.10;239.00;wu_ba_to_ko.10;0;2114.29;0.93;0.00;31.69;car;;1;9.00
545.00;41899283#1_0;148.70;10.36;322.00;0.93;-23142338#2_0;5.10;0.00;tripinfo_wu_ns_to_as.0;223.00;wu_ns_to_as.0;0;2009.37;1.00;0.00;39.52;car;;2;11.00
546.00;45494495_0;58.90;9.37;350.00;0.33;-230845886_0;5.10;0.00;tripinfo_wu_ba_to_os.6;196.00;wu_ba_to_os.6;0;1647.96;0.94;0.00;37.52;car;;0;0.00
549.00;972103805_0;116.86;9.79;309.00;2.68;-230845886_0;5.10;0.00;tripinfo_wu_ba_to_ko.11;240.00;wu_ba_to_ko.11;0;2114.29;0.93;0.00;32.10;car;;1;7.00
549.00;45494495_0;58.90;11.12;453.00;4.75;803785575#0_0;5.10;0.00;tripinfo_wu_od_to_os.11;96.00;wu_od_to_os.11;0;969.96;1.10;0.00;15.39;car;;0;0.00
550.00;23142338#2_0;290.21;10.27;301.00;0.62;-230845886_0;5.10;0.00;tripinfo_wu_ba_to_ns.2;249.00;wu_ba_to_ns.2;0;2346.36;1.01;0.00;38.54;car;;2;5.00
551.00;972103805_0;116.86;10.60;313.00;0.02;-230845886_0;5.10;0.00;tripinfo_wu_ba_to_ko.12;238.00;wu_ba_to_ko.12;0;2114.29;1.01;0.00;47.78;car;;1;6.00
553.00;23156030#6_0;109.07;12.67;477.00;0.06;-45494495_0;5.10;0.00;tripinfo_wu_os_to_od.6;76.00;wu_os_to_od.6;0;865.51;1.14;0.00;7.30;car;;0;0.00
554.00;45494495_0;58.90;10.24;372.00;0.75;23687583_0;5.10;0.00;tripinfo_wu_as_to_os.8;182.00;wu_as_to_os.8;0;1689.77;1.03;0.00;34.06;car;;0;0.00
557.00;23527526_0;253.75;10.44;487.00;0.46;23687583_0;5.10;0.00;tripinfo_wu_as_to_gj.6;70.00;wu_as_to_gj.6;0;649.06;0.99;0.00;9.74;car;;0;0.00
561.00;230845886_0;633.12;9.33;421.00;0.32;23687583_0;5.10;0.00;tripinfo_wu_as_to_ba.7;140.00;wu_as_to_ba.7;0;1356.50;0.95;0.00;10.64;car;;0;0.00
563.00;230845886_0;633.12;12.38;317.00;8.84;803785575#0_0;5.10;0.00;tripinfo_wu_od_to_ba.8;246.00;wu_od_to_ba.8;0;2382.14;1.12;0.00;53.24;car;;0;0.00
566.00;23156030#6_0;109.07;9.60;293.00;0.79;-230845886_0;5.10;0.00;tripinfo_wu_ba_to_od.5;273.00;wu_ba_to_od.5;0;2315.50;0.87;0.00;34.02;car;;2;8.00
569.00;41899283#1_0;148.70;11.12;326.00;6.54;803785575#0_0;5.10;0.00;tripinfo_wu_od_to_as.4;243.00;wu_od_to_as.4;0;2382.09;1.03;0.00;34.61;car;;0;0.00
569.00;972103805_0;116.86;11.40;463.00;0.28;23687583_0;5.10;0.00;tripinfo_wu_as_to_ko.15;106.00;wu_as_to_ko.15;0;1102.39;1.03;0.00;9.47;car;;0;0.00
573.00;972103805_0;116.86;11.57;427.00;0.08;-23142338#2_0;5.10;0.00;tripinfo_wu_ns_to_ko.13;146.00;wu_ns_to_ko.13;0;1398.55;1.11;0.00;31.83;car;;2;12.00
577.00;41899283#1_0;148.70;9.75;323.00;7.69;803785575#0_0;5.10;0.00;tripinfo_wu_od_to_as.3;254.00;wu_od_to_as.3;0;2382.09;0.93;0.00;23.69;car;;0;0.00
579.00;41899283#1_0;148.70;11.38;444.00;0.51;-230845886_0;5.10;0.00;tripinfo_wu_ba_to_as.5;135.00;wu_ba_to_as.5;0;1430.78;1.09;0.00;16.53;car;;0;0.00
580.00;230845886_0;633.12;11.77;347.00;1.55;803785575#0_0;5.10;0.00;tripinfo_wu_od_to_ba.10;233.00;wu_od_to_ba.10;0;2382.14;1.11;0.00;39.12;car;;1;6.00
585.00;28706217_0;94.10;8.13;358.00;0.87;-230845886_0;5.10;0.00;tripinfo_wu_ba_to_sl.3;227.00;wu_ba_to_sl.3;0;1934.94;1.10;0.00;62.94;car;;1;5.00
585.00;45494495_0;58.90;11.15;497.00;2.26;803785575#0_0;5.10;0.00;tripinfo_wu_od_to_os.12;88.00;wu_od_to_os.12;0;969.96;1.11;0.00;8.64;car;;0;0.00
586.00;972103805_0;116.86;11.19;478.00;0.86;23687583_0;5.10;0.00;tripinfo_wu_as_to_ko.16;108.00;wu_as_to_ko.16;0;1102.39;1.07;0.00;14.71;car;;1;1.00
590.00;23156030#6_0;109.07;12.22;349.00;0.89;23687583_0;5.10;0.00;tripinfo_wu_as_to_od.2;241.00;wu_as_to_od.2;0;2357.31;1.15;0.00;55.95;car;;2;23.00
593.00;28716808#1_0;754.74;7.32;340.00;2.37;-230845886_0;5.10;0.00;tripinfo_wu_ba_to_kl.0;253.00;wu_ba_to_kl.0;0;1727.09;0.68;0.00;23.71;car;;0;0.00
594.00;972103805_0;116.86;8.89;320.00;8.42;803785575#0_0;5.10;0.00;tripinfo_wu_od_to_ko.10;274.00;wu_od_to_ko.10;0;2307.67;0.91;0.00;33.46;car;;1;7.00
595.00;23156305_0;1264.14;8.18;159.00;2.95;803785575#0_0;5.10;0.00;tripinfo_wu_od_to_gg.3;436.00;wu_od_to_gg.3;0;3669.96;0.83;0.00;36.22;car;;0;0.00
595.00;28716808#1_0;754.74;8.98;340.00;0.83;-45494495_0;5.10;0.00;tripinfo_wu_os_to_kl.0;255.00;wu_os_to_kl.0;0;2042.78;0.91;0.00;51.94;car;;0;0.00
596.00;972103805_0;116.86;10.23;484.00;4.12;23687583_0;5.10;0.00;tripinfo_wu_as_to_ko.17;112.00;wu_as_to_ko.17;0;1102.39;1.01;0.00;13.16;car;;0;0.00
597.00;23156305_0;1264.14;10.19;239.00;0.62;-45494495_0;5.10;0.00;tripinfo_wu_os_to_gg.0;358.00;wu_os_to_gg.0;0;3034.34;0.98;0.00;76.05;car;;1;7.00
597.00;28716808#1_0;754.74;10.24;346.00;0.34;-45494495_0;5.10;0.00;tripinfo_wu_os_to_kl.1;251.00;wu_os_to_kl.1;0;2042.78;1.02;0.00;69.23;car;;1;2.00
598.00;28716808#1_0;754.74;11.27;353.00;0.68;-45494495_0;5.10;0.00;tripinfo_wu_os_to_kl.2;245.00;wu_os_to_kl.2;0;2042.78;1.06;0.00;71.04;car;;0;0.00
599.00;972103805_0;116.86;9.81;338.00;3.77;803785575#0_0;5.10;0.00;tripinfo_wu_od_to_ko.11;261.00;wu_od_to_ko.11;0;2307.67;0.92;0.00;22.25;car;;0;0.00
601.00;28716808#1_0;754.74;9.09;305.00;0.76;803785575#0_0;5.10;0.00;tripinfo_wu_od_to_kl.3;296.00;wu_od_to_kl.3;0;2678.40;0.90;0.00;27.90;car;;0;0.00
602.00;45494495_0;58.90;10.21;436.00;0.33;-230845886_0;5.10;0.00;tripinfo_wu_ba_to_os.7;166.00;wu_ba_to_os.7;0;1647.96;1.00;0.00;16.39;car;;0;0.00
603.00;23156390_0;1121.44;9.03;402.00;1.47;23687583_0;5.10;0.00;tripinfo_wu_as_to_br.2;201.00;wu_as_to_br.2;0;1694.48;0.84;0.00;18.18;car;;0;0.00
604.00;41899283#1_0;148.70;10.22;399.00;0.56;-23142338#2_0;5.10;0.00;tripinfo_wu_ns_to_as.1;205.00;wu_ns_to_as.1;0;2009.37;1.03;0.00;27.00;car;;1;2.00
608.00;972103805_0;116.86;8.58;334.00;0.37;-230845886_0;5.10;0.00;tripinfo_wu_ba_to_ko.13;274.00;wu_ba_to_ko.13;0;2114.29;0.81;0.00;36.46;car;;2;8.00
609.00;972103805_0;116.86;10.91;337.00;0.40;-230845886_0;5.10;0.00;tripinfo_wu_ba_to_ko.14;272.00;wu_ba_to_ko.14;0;2114.29;1.12;0.00;100.84;car;;2;5.00
609.00;28706217_0;94.10;7.83;375.00;2.16;23687583_0;5.10;0.00;tripinfo_wu_as_to_sl.6;234.00;wu_as_to_sl.6;0;1976.75;0.95;0.00;41.13;car;;2;13.00
611.00;28706217_0;94.10;9.18;399.00;0.43;23687583_0;5.10;0.00;tripinfo_wu_as_to_sl.7;212.00;wu_as_to_sl.7;0;1976.75;1.12;0.00;48.64;car;;1;3.00
612.00;972103805_0;116.86;11.62;499.00;1.28;23687583_0;5.10;0.00;tripinfo_wu_as_to_ko.18;113.00;wu_as_to_ko.18;0;1102.39;1.13;0.00;25.17;car;;1;7.00
616.00;23527526_0;253.75;9.65;433.00;2.60;-230845886_0;5.10;0.00;tripinfo_wu_ba_to_gj.8;183.00;wu_ba_to_gj.8;0;1755.68;0.95;0.00;15.51;car;;0;0.00
619.00;972103805_0;116.86;8.28;447.00;0.50;-23142338#2_0;5.10;0.00;tripinfo_wu_ns_to_ko.14;172.00;wu_ns_to_ko.14;0;1398.55;0.85;0.00;24.48;car;;1;3.00
621.00;972103805_0;116.86;12.31;522.00;0.30;23687583_0;5.10;0.00;tripinfo_wu_as_to_ko.19;99.00;wu_as_to_ko.19;0;1102.39;1.14;0.00;11.51;car;;0;0.00
623.00;972103805_0;116.86;9.68;353.00;0.78;803785575#0_0;5.10;0.00;tripinfo_wu_od_to_ko.12;270.00;wu_od_to_ko.12;0;2307.67;0.94;0.00;36.06;car;;1;7.00
624.00;45494495_0;58.90;9.92;463.00;0.48;-230845886_0;5.10;0.00;tripinfo_wu_ba_to_os.8;161.00;wu_ba_to_os.8;0;1647.96;1.01;0.00;12.56;car;;0;0.00
625.00;41899283#1_0;148.70;9.37;475.00;0.76;-230845886_0;5.10;0.00;tripinfo_wu_ba_to_as.6;150.00;wu_ba_to_as.6;0;1430.78;0.95;0.00;13.25;car;;0;0.00
626.00;41899283#1_0;148.70;11.11;490.00;0.39;-230845886_0;5.10;0.00;tripinfo_wu_ba_to_as.7;136.00;wu_ba_to_as.7;0;1430.78;1.15;0.00;23.39;car;;0;0.00
628.00;23156030#6_0;109.07;13.11;390.00;0.23;23687583_0;5.10;0.00;tripinfo_wu_as_to_od.3;238.00;wu_as_to_od.3;0;2357.31;1.20;0.00;60.69;car;;2;8.00
630.00;45494495_0;58.90;10.05;450.00;1.43;23687583_0;5.10;0.00;tripinfo_wu_as_to_os.9;180.00;wu_as_to_os.9;0;1689.77;0.99;0.00;26.60;car;;1;2.00
632.00;972103805_0;116.86;9.12;398.00;0.88;-230845886_0;5.10;0.00;tripinfo_wu_ba_to_ko.15;234.00;wu_ba_to_ko.15;0;2114.29;0.93;0.00;27.23;car;;1;3.00
632.00;23527526_0;253.75;8.33;548.00;1.39;23687583_0;5.10;0.00;tripinfo_wu_as_to_gj.7;84.00;wu_as_to_gj.7;0;649.06;0.78;0.00;8.41;car;;0;0.00
634.00;23156390_0;1121.44;11.42;314.00;6.91;803785575#0_0;5.10;0.00;tripinfo_wu_od_to_br.2;320.00;wu_od_to_br.2;0;3149.31;1.04;0.00;43.74;car;;0;0.00
634.00;28706217_0;94.10;7.55;424.00;1.62;23687583_0;5.10;0.00;tripinfo_wu_as_to_sl.8;210.00;wu_as_to_sl.8;0;1976.75;0.98;0.00;21.74;car;;0;0.00
634.00;23527526_0;253.75;10.87;447.00;0.82;-230845886_0;5.10;0.00;tripinfo_wu_ba_to_gj.9;187.00;wu_ba_to_gj.9;0;1755.68;1.00;0.00;28.33;car;;1;1.00
636.00;23156390_0;1121.44;11.54;329.00;9.39;803785575#0_0;5.10;0.00;tripinfo_wu_od_to_br.3;307.00;wu_od_to_br.3;0;3149.31;1.06;0.00;37.26;car;;0;0.00
636.00;41899283#1_0;148.70;10.77;500.00;0.90;-230845886_0;5.10;0.00;tripinfo_wu_ba_to_as.8;136.00;wu_ba_to_as.8;0;1430.78;1.04;0.00;11.69;car;;0;0.00
640.00;23156030#6_0;109.07;10.05;409.00;0.33;-230845886_0;5.10;0.00;tripinfo_wu_ba_to_od.6;231.00;wu_ba_to_od.6;0;2315.50;1.00;0.00;21.26;car;;0;0.00
642.00;23142338#2_0;290.21;10.09;404.00;2.84;803785575#0_0;5.10;0.00;tripinfo_wu_od_to_ns.4;238.00;wu_od_to_ns.4;0;1928.29;0.93;0.00;38.40;car;;2;10.00
649.00;23527526_0;253.75;10.25;424.00;0.32;-45494495_0;5.10;0.00;tripinfo_wu_os_to_gj.1;225.00;wu_os_to_gj.1;0;2071.37;0.98;0.00;33.13;car;;1;10.00
650.00;972103805_0;116.86;10.24;423.00;0.04;-230845886_0;5.10;0.00;tripinfo_wu_ba_to_ko.16;227.00;wu_ba_to_ko.16;0;2114.29;0.93;0.00;20.42;car;;0;0.00
650.00;41899283#1_0;148.70;10.88;434.00;0.13;-45494495_0;5.10;0.00;tripinfo_wu_os_to_as.3;216.00;wu_os_to_as.3;0;1746.47;1.00;0.00;56.91;car;;1;6.00
654.00;23156305_0;1264.14;7.52;173.00;3.25;803785575#0_0;5.10;0.00;tripinfo_wu_od_to_gg.4;481.00;wu_od_to_gg.4;0;3669.96;0.76;0.00;42.47;car;;0;0.00
656.00;23156305_0;1264.14;9.30;323.00;0.02;-230845886_0;5.10;0.00;tripinfo_wu_ba_to_gg.2;333.00;wu_ba_to_gg.2;0;2718.65;0.87;0.00;48.59;car;;1;2.00
657.00;45494495_0;58.90;9.29;556.00;0.41;803785575#0_0;5.10;0.00;tripinfo_wu_od_to_os.13;101.00;wu_od_to_os.13;0;969.96;0.95;0.00;8.45;car;;0;0.00
658.00;23156305_0;1264.14;8.07;326.00;1.95;-230845886_0;5.10;0.00;tripinfo_wu_ba_to_gg.3;332.00;wu_ba_to_gg.3;0;2718.65;0.82;0.00;31.31;car;;0;0.00
659.00;972103805_0;116.86;9.15;390.00;1.30;803785575#0_0;5.10;0.00;tripinfo_wu_od_to_ko.13;269.00;wu_od_to_ko.13;0;2307.67;0.93;0.00;33.57;car;;2;3.00
660.00;41899283#1_0;148.70;11.73;395.00;0.96;803785575#0_0;5.10;0.00;tripinfo_wu_od_to_as.5;265.00;wu_od_to_as.5;0;2382.09;1.07;0.00;62.51;car;;1;4.00
660.00;23156305_0;1264.14;13.03;481.00;1.21;23687583_0;5.10;0.00;tripinfo_wu_as_to_gg.2;179.00;wu_as_to_gg.2;0;1600.87;1.20;0.00;58.09;car;;1;1.00
660.00;972103805_0;116.86;10.58;506.00;0.49;-23142338#2_0;5.10;0.00;tripinfo_wu_ns_to_ko.15;154.00;wu_ns_to_ko.15;0;1398.55;1.04;0.00;32.69;car;;2;13.00
660.00;23527526_0;253.75;11.13;575.00;1.57;23687583_0;5.10;0.00;tripinfo_wu_as_to_gj.8;85.00;wu_as_to_gj.8;0;649.06;1.06;0.00;28.91;car;;1;15.00
662.00;23156305_0;1264.14;9.75;346.00;3.13;-230845886_0;5.10;0.00;tripinfo_wu_ba_to_gg.4;316.00;wu_ba_to_gg.4;0;2718.65;0.99;0.00;65.29;car;;0;0.00
662.00;28706217_0;94.10;7.76;445.00;0.49;23687583_0;5.10;0.00;tripinfo_wu_as_to_sl.9;217.00;wu_as_to_sl.9;0;1976.75;1.02;0.00;36.65;car;;1;20.00
662.00;972103805_0;116.86;12.06;521.00;0.73;-23142338#2_0;5.10;0.00;tripinfo_wu_ns_to_ko.16;141.00;wu_ns_to_ko.16;0;1398.55;1.17;0.00;32.93;car;;1;1.00
663.00;23156305_0;1264.14;11.29;380.00;1.39;-230845886_0;5.10;0.00;tripinfo_wu_ba_to_gg.5;283.00;wu_ba_to_gg.5;0;2718.65;1.12;0.00;61.64;car;;0;0.00
663.00;41899283#1_0;148.70;11.00;401.00;2.52;803785575#0_0;5.10;0.00;tripinfo_wu_od_to_as.6;262.00;wu_od_to_as.6;0;2382.09;1.04;0.00;54.66;car;;1;3.00
666.00;23527526_0;253.75;11.34;605.00;0.62;23687583_0;5.10;0.00;tripinfo_wu_as_to_gj.9;61.00;wu_as_to_gj.9;0;649.06;1.12;0.00;7.99;car;;0;0.00
669.00;972103805_0;116.86;10.82;551.00;2.96;23687583_0;5.10;0.00;tripinfo_wu_as_to_ko.20;118.00;wu_as_to_ko.20;0;1102.39;1.01;0.00;19.89;car;;0;0.00
670.00;230845886_0;633.12;6.91;335.00;9.31;803785575#0_0;5.10;0.00;tripinfo_wu_od_to_ba.9;335.00;wu_od_to_ba.9;0;2382.14;0.73;0.00;39.41;car;;1;9.00
671.00;230845886_0;633.12;9.43;387.00;0.83;803785575#0_0;5.10;0.00;tripinfo_wu_od_to_ba.11;284.00;wu_od_to_ba.11;0;2382.14;0.90;0.00;46.05;car;;1;4.00
671.00;972103805_0;116.86;12.65;567.00;2.60;23687583_0;5.10;0.00;tripinfo_wu_as_to_ko.21;104.00;wu_as_to_ko.21;0;1102.39;1.14;0.00;16.61;car;;1;3.00
672.00;41899283#1_0;148.70;10.25;428.00;2.04;803785575#0_0;5.10;0.00;tripinfo_wu_od_to_as.7;244.00;wu_od_to_as.7;0;2382.09;0.96;0.00;19.41;car;;0;0.00
673.00;230845886_0;633.12;10.68;442.00;0.03;-23142338#2_0;5.10;0.00;tripinfo_wu_ns_to_ba.1;231.00;wu_ns_to_ba.1;0;2340.42;1.01;0.00;22.47;car;;0;0.00
674.00;28716808#1_0;754.74;11.00;367.00;3.47;803785575#0_0;5.10;0.00;tripinfo_wu_od_to_kl.4;307.00;wu_od_to_kl.4;0;2678.40;1.00;0.00;65.24;car;;1;8.00
674.00;972103805_0;116.86;12.22;425.00;0.16;803785575#0_0;5.10;0.00;tripinfo_wu_od_to_ko.14;249.00;wu_od_to_ko.14;0;2307.67;1.15;0.00;57.54;car;;3;11.00
675.00;23527526_0;253.75;10.75;373.00;2.21;803785575#0_0;5.10;0.00;tripinfo_wu_od_to_gj.1;302.00;wu_od_to_gj.1;0;2706.99;1.04;0.00;65.10;car;;1;7.00
675.00;230845886_0;633.12;12.32;541.00;0.64;23687583_0;5.10;0.00;tripinfo_wu_as_to_ba.8;134.00;wu_as_to_ba.8;0;1356.50;1.11;0.00;23.65;car;;0;0.00
676.00;23156390_0;1121.44;10.65;344.00;0.35;803785575#0_0;5.10;0.00;tripinfo_wu_od_to_br.4;332.00;wu_od_to_br.4;0;3149.31;0.98;0.00;41.10;car;;2;5.00
678.00;23142338#2_0;290.21;10.64;430.00;0.33;-230845886_0;5.10;0.00;tripinfo_wu_ba_to_ns.3;248.00;wu_ba_to_ns.3;0;2346.36;1.07;0.00;49.65;car;;2;11.00
678.00;972103805_0;116.86;10.46;450.00;3.11;-230845886_0;5.10;0.00;tripinfo_wu_ba_to_ko.17;228.00;wu_ba_to_ko.17;0;2114.29;1.03;0.00;41.02;car;;1;5.00
680.00;28706217_0;94.10;8.93;468.00;3.84;-230845886_0;5.10;0.00;tripinfo_wu_ba_to_sl.4;212.00;wu_ba_to_sl.4;0;1934.94;1.11;0.00;49.52;car;;2;14.00
681.00;45494495_0;58.90;11.71;591.00;3.01;803785575#0_0;5.10;0.00;tripinfo_wu_od_to_os.14;90.00;wu_od_to_os.14;0;969.96;1.07;0.00;8.10;car;;0;0.00
684.00;972103805_0;116.86;10.41;572.00;0.43;23687583_0;5.10;0.00;tripinfo_wu_as_to_ko.22;112.00;wu_as_to_ko.22;0;1102.39;1.00;0.00;12.55;car;;0;0.00
685.00;23156305_0;1264.14;8.95;277.00;0.74;803785575#0_0;5.10;0.00;tripinfo_wu_od_to_gg.5;408.00;wu_od_to_gg.5;0;3669.96;0.88;0.00;30.93;car;;0;0.00
687.00;28716808#1_0;754.74;9.15;370.00;1.22;803785575#0_0;5.10;0.00;tripinfo_wu_od_to_kl.5;317.00;wu_od_to_kl.5;0;2678.40;0.94;0.00;58.64;car;;1;6.00
687.00;972103805_0;116.86;11.38;432.00;0.35;803785575#0_0;5.10;0.00;tripinfo_wu_od_to_ko.15;255.00;wu_od_to_ko.15;0;2307.67;1.12;0.00;58.54;car;;2;12.00
688.00;45494495_0;58.90;10.21;488.00;0.84;-23142338#2_0;5.10;0.00;tripinfo_wu_ns_to_os.0;200.00;wu_ns_to_os.0;0;1865.82;1.00;0.00;30.89;car;;1;9.00
695.00;972103805_0;116.86;11.58;493.00;2.56;-230845886_0;5.10;0.00;tripinfo_wu_ba_to_ko.18;202.00;wu_ba_to_ko.18;0;2114.29;1.06;0.00;20.77;car;;0;0.00
697.00;230845886_0;633.12;9.32;435.00;1.14;803785575#0_0;5.10;0.00;tripinfo_wu_od_to_ba.12;262.00;wu_od_to_ba.12;0;2382.14;0.89;0.00;20.90;car;;0;0.00
697.00;45494495_0;58.90;9.89;598.00;0.05;803785575#0_0;5.10;0.00;tripinfo_wu_od_to_os.15;99.00;wu_od_to_os.15;0;969.96;0.97;0.00;8.62;car;;0;0.00
699.00;230845886_0;633.12;11.43;450.00;2.81;803785575#0_0;5.10;0.00;tripinfo_wu_od_to_ba.14;249.00;wu_od_to_ba.14;0;2382.14;1.06;0.00;46.02;car;;0;0.00
707.00;23527526_0;253.75;10.56;639.00;0.11;23687583_0;5.10;0.00;tripinfo_wu_as_to_gj.10;68.00;wu_as_to_gj.10;0;649.06;0.97;0.00;7.35;car;;0;0.00
708.00;23156305_0;1264.14;9.84;308.00;3.42;803785575#0_0;5.10;0.00;tripinfo_wu_od_to_gg.6;400.00;wu_od_to_gg.6;0;3669.96;0.91;0.00;34.82;car;;0;0.00
708.00;972103805_0;116.86;9.81;560.00;0.84;-23142338#2_0;5.10;0.00;tripinfo_wu_ns_to_ko.17;148.00;wu_ns_to_ko.17;0;1398.55;0.97;0.00;17.98;car;;1;3.00
709.00;45494495_0;58.90;10.14;526.00;0.44;-230845886_0;5.10;0.00;tripinfo_wu_ba_to_os.9;183.00;wu_ba_to_os.9;0;1647.96;0.94;0.00;24.17;car;;0;0.00
713.00;45494495_0;58.90;9.25;509.00;0.48;23687583_0;5.10;0.00;tripinfo_wu_as_to_os.10;204.00;wu_as_to_os.10;0;1689.77;0.85;0.00;25.26;car;;1;4.00
714.00;972103805_0;116.86;11.02;497.00;0.02;-230845886_0;5.10;0.00;tripinfo_wu_ba_to_ko.19;217.00;wu_ba_to_ko.19;0;2114.29;1.04;0.00;32.31;car;;1;8.00
717.00;45494495_0;58.90;11.02;547.00;0.39;-230845886_0;5.10;0.00;tripinfo_wu_ba_to_os.10;170.00;wu_ba_to_os.10;0;1647.96;1.08;0.00;31.89;car;;0;0.00
725.00;972103805_0;116.86;9.07;438.00;2.07;803785575#0_0;5.10;0.00;tripinfo_wu_od_to_ko.16;287.00;wu_od_to_ko.16;0;2307.67;0.90;0.00;45.45;car;;2;15.00
727.00;23156305_0;1264.14;9.78;332.00;9.18;803785575#0_0;5.10;0.00;tripinfo_wu_od_to_gg.7;395.00;wu_od_to_gg.7;0;3669.96;0.98;0.00;54.49;car;;2;12.00
727.00;972103805_0;116.86;11.31;490.00;0.15;-45494495_0;5.10;0.00;tripinfo_wu_os_to_ko.6;237.00;wu_os_to_ko.6;0;2045.29;1.09;0.00;57.15;car;;2;8.00
729.00;23156390_0;1121.44;11.38;383.00;0.24;803785575#0_0;5.10;0.00;tripinfo_wu_od_to_br.5;346.00;wu_od_to_br.5;0;3149.31;1.03;0.00;69.66;car;;1;5.00
729.00;972103805_0;116.86;11.31;488.00;3.26;803785575#0_0;5.10;0.00;tripinfo_wu_od_to_ko.17;241.00;wu_od_to_ko.17;0;2307.67;1.10;0.00;41.51;car;;1;1.00
731.00;41899283#1_0;148.70;11.88;591.00;1.92;-230845886_0;5.10;0.00;tripinfo_wu_ba_to_as.9;140.00;wu_ba_to_as.9;0;1430.78;1.09;0.00;21.05;car;;0;0.00
732.00;972103805_0;116.86;11.50;608.00;2.37;23687583_0;5.10;0.00;tripinfo_wu_as_to_ko.23;124.00;wu_as_to_ko.23;0;1102.39;1.12;0.00;35.09;car;;2;18.00
740.00;23156390_0;1121.44;10.48;408.00;0.42;803785575#0_0;5.10;0.00;tripinfo_wu_od_to_br.6;332.00;wu_od_to_br.6;0;3149.31;1.02;0.00;52.72;car;;1;4.00
742.00;23156390_0;1121.44;12.00;418.00;0.71;803785575#0_0;5.10;0.00;tripinfo_wu_od_to_br.7;324.00;wu_od_to_br.7;0;3149.31;1.10;0.00;63.94;car;;1;4.00
743.00;23156030#6_0;109.07;10.11;480.00;1.07;-230845886_0;5.10;0.00;tripinfo_wu_ba_to_od.7;263.00;wu_ba_to_od.7;0;2315.50;0.93;0.00;37.27;car;;1;8.00
745.00;230845886_0;633.12;9.41;447.00;6.65;803785575#0_0;5.10;0.00;tripinfo_wu_od_to_ba.13;298.00;wu_od_to_ba.13;0;2382.14;0.91;0.00;60.77;car;;1;24.00
745.00;23156030#6_0;109.07;10.09;657.00;2.71;-45494495_0;5.10;0.00;tripinfo_wu_os_to_od.7;88.00;wu_os_to_od.7;0;865.51;0.97;0.00;7.45;car;;0;0.00
750.00;230845886_0;633.12;9.68;478.00;1.96;803785575#0_0;5.10;0.00;tripinfo_wu_od_to_ba.15;272.00;wu_od_to_ba.15;0;2382.14;0.92;0.00;36.77;car;;1;12.00
750.00;23527526_0;253.75;9.43;544.00;2.71;-230845886_0;5.10;0.00;tripinfo_wu_ba_to_gj.10;206.00;wu_ba_to_gj.10;0;1755.68;0.88;0.00;25.89;car;;0;0.00
752.00;972103805_0;116.86;7.77;575.00;0.85;-23142338#2_0;5.10;0.00;tripinfo_wu_ns_to_ko.18;177.00;wu_ns_to_ko.18;0;1398.55;0.81;0.00;21.91;car;;1;3.00
752.00;230845886_0;633.12;9.42;594.00;0.95;23687583_0;5.10;0.00;tripinfo_wu_as_to_ba.9;158.00;wu_as_to_ba.9;0;1356.50;0.94;0.00;27.46;car;;1;10.00
752.00;23527526_0;253.75;9.89;673.00;0.30;23687583_0;5.10;0.00;tripinfo_wu_as_to_gj.11;79.00;wu_as_to_gj.11;0;649.06;0.98;0.00;18.78;car;;0;0.00
753.00;28716808#1_0;754.74;9.20;441.00;2.58;803785575#0_0;5.10;0.00;tripinfo_wu_od_to_kl.6;312.00;wu_od_to_kl.6;0;2678.40;0.84;0.00;24.86;car;;0;0.00
754.00;28706217_0;94.10;6.47;533.00;0.45;-23142338#2_0;5.10;0.00;tripinfo_wu_ns_to_sl.0;221.00;wu_ns_to_sl.0;0;1619.36;0.87;0.00;34.08;car;;2;6.00
754.00;972103805_0;116.86;11.27;605.00;0.47;-23142338#2_0;5.10;0.00;tripinfo_wu_ns_to_ko.19;149.00;wu_ns_to_ko.19;0;1398.55;1.32;0.00;47.74;car;;0;0.00
756.00;972103805_0;116.86;10.04;491.00;2.40;803785575#0_0;5.10;0.00;tripinfo_wu_od_to_ko.18;265.00;wu_od_to_ko.18;0;2307.67;1.00;0.00;44.50;car;;1;5.00
756.00;28706217_0;94.10;8.99;529.00;2.70;-230845886_0;5.10;0.00;tripinfo_wu_ba_to_sl.5;227.00;wu_ba_to_sl.5;0;1934.94;1.23;0.00;80.70;car;;1;6.00
760.00;41899283#1_0;148.70;11.33;550.00;0.47;-23142338#2_0;5.10;0.00;tripinfo_wu_ns_to_as.2;210.00;wu_ns_to_as.2;0;2009.37;1.02;0.00;30.60;car;;1;3.00
760.00;23527526_0;253.75;10.06;564.00;3.90;-230845886_0;5.10;0.00;tripinfo_wu_ba_to_gj.11;196.00;wu_ba_to_gj.11;0;1755.68;0.97;0.00;32.25;car;;1;3.00
761.00;23156030#6_0;109.07;11.65;509.00;0.92;-230845886_0;5.10;0.00;tripinfo_wu_ba_to_od.9;252.00;wu_ba_to_od.9;0;2315.50;1.12;0.00;65.32;car;;2;6.00
768.00;23156030#6_1;109.07;9.73;665.00;0.13;-45494495_0;5.10;0.00;tripinfo_wu_os_to_od.8;103.00;wu_os_to_od.8;0;865.51;0.98;0.00;22.79;car;;1;6.00
769.00;23156030#6_0;109.07;9.00;503.00;0.88;-230845886_0;5.10;0.00;tripinfo_wu_ba_to_od.8;266.00;wu_ba_to_od.8;0;2315.50;0.90;0.00;34.56;car;;1;7.00
770.00;45494495_0;58.90;7.17;545.00;0.98;23687583_0;5.10;0.00;tripinfo_wu_as_to_os.11;225.00;wu_as_to_os.11;0;1689.77;0.75;0.00;20.23;car;;0;0.00
770.00;972103805_0;116.86;9.37;608.00;0.79;-23142338#2_0;5.10;0.00;tripinfo_wu_ns_to_ko.20;162.00;wu_ns_to_ko.20;0;1398.55;0.96;0.00;29.78;car;;1;9.00
772.00;972103805_0;116.86;11.78;558.00;0.91;-45494495_0;5.10;0.00;tripinfo_wu_os_to_ko.7;214.00;wu_os_to_ko.7;0;2045.29;1.10;0.00;34.83;car;;1;4.00
772.00;45494495_0;58.90;9.68;583.00;0.53;-230845886_0;5.10;0.00;tripinfo_wu_ba_to_os.11;189.00;wu_ba_to_os.11;0;1647.96;0.93;0.00;27.56;car;;0;0.00
773.00;28706217_0;94.10;8.38;557.00;2.94;-230845886_0;5.10;0.00;tripinfo_wu_ba_to_sl.6;216.00;wu_ba_to_sl.6;0;1934.94;1.15;0.00;59.15;car;;0;0.00
774.00;41899283#1_0;148.70;9.71;599.00;3.00;-230845886_0;5.10;0.00;tripinfo_wu_ba_to_as.11;175.00;wu_ba_to_as.11;0;1430.78;0.91;0.00;32.81;car;;1;4.00
778.00;41899283#1_0;148.70;8.74;507.00;0.86;803785575#0_0;5.10;0.00;tripinfo_wu_od_to_as.8;271.00;wu_od_to_as.8;0;2382.09;0.89;0.00;29.56;car;;1;2.00
783.00;45494495_0;58.90;10.72;593.00;0.90;-23142338#2_0;5.10;0.00;tripinfo_wu_ns_to_os.1;190.00;wu_ns_to_os.1;0;1865.82;1.04;0.00;27.48;car;;1;3.00
784.00;28716808#1_0;754.74;9.69;494.00;2.41;803785575#0_0;5.10;0.00;tripinfo_wu_od_to_kl.7;290.00;wu_od_to_kl.7;0;2678.40;0.97;0.00;40.75;car;;1;10.00
786.00;41899283#1_0;148.70;7.74;596.00;0.21;-230845886_0;5.10;0.00;tripinfo_wu_ba_to_as.10;190.00;wu_ba_to_as.10;0;1430.78;0.78;0.00;23.87;car;;0;0.00
787.00;28716808#1_0;754.74;11.53;569.00;0.68;-23142338#2_0;5.10;0.00;tripinfo_wu_ns_to_kl.1;218.00;wu_ns_to_kl.1;0;2315.58;1.08;0.00;23.85;car;;1;1.00
788.00;23156305_0;1264.14;9.69;437.00;0.57;-45494495_0;5.10;0.00;tripinfo_wu_os_to_gg.1;351.00;wu_os_to_gg.1;0;3034.34;0.97;0.00;67.40;car;;1;5.00
799.00;23156305_0;1264.14;9.93;398.00;0.05;803785575#0_0;5.10;0.00;tripinfo_wu_od_to_gg.8;401.00;wu_od_to_gg.8;0;3669.96;0.96;0.00;55.14;car;;1;4.00
800.00;41899283#1_0;148.70;10.17;559.00;0.02;803785575#0_0;5.10;0.00;tripinfo_wu_od_to_as.9;241.00;wu_od_to_as.9;0;2382.09;0.97;0.00;18.88;car;;0;0.00
801.00;28716808#1_0;754.74;10.95;597.00;0.03;-45494495_0;5.10;0.00;tripinfo_wu_os_to_kl.3;204.00;wu_os_to_kl.3;0;2042.78;1.06;0.00;28.53;car;;1;1.00
802.00;41899283#1_0;148.70;12.94;673.00;0.94;-230845886_0;5.10;0.00;tripinfo_wu_ba_to_as.12;129.00;wu_ba_to_as.12;0;1430.78;1.19;0.00;19.78;car;;0;0.00
804.00;972103805_0;116.86;7.73;538.00;0.89;-230845886_0;5.10;0.00;tripinfo_wu_ba_to_ko.20;266.00;wu_ba_to_ko.20;0;2114.29;0.80;0.00;24.40;car;;0;0.00
806.00;972103805_0;116.86;11.14;567.00;5.21;-230845886_0;5.10;0.00;tripinfo_wu_ba_to_ko.21;239.00;wu_ba_to_ko.21;0;2114.29;1.07;0.00;59.09;car;;1;1.00
806.00;45494495_0;58.90;10.68;611.00;1.21;23687583_0;5.10;0.00;tripinfo_wu_as_to_os.12;195.00;wu_as_to_os.12;0;1689.77;0.96;0.00;36.87;car;;2;12.00
808.00;972103805_0;116.86;11.20;570.00;8.05;-230845886_0;5.10;0.00;tripinfo_wu_ba_to_ko.22;238.00;wu_ba_to_ko.22;0;2114.29;1.11;0.00;63.99;car;;2;2.00
809.00;23527526_0;253.75;10.37;624.00;0.58;-230845886_0;5.10;0.00;tripinfo_wu_ba_to_gj.12;185.00;wu_ba_to_gj.12;0;1755.68;1.01;0.00;27.34;car;;0;0.00
810.00;972103805_0;116.86;10.72;659.00;0.71;-23142338#2_0;5.10;0.00;tripinfo_wu_ns_to_ko.21;151.00;wu_ns_to_ko.21;0;1398.55;0.97;0.00;20.24;car;;1;4.00
811.00;23142338#2_0;290.21;6.80;496.00;0.27;23687583_0;5.10;0.00;tripinfo_wu_as_to_ns.3;315.00;wu_as_to_ns.3;0;1995.73;0.72;0.00;61.70;car;;2;27.00
812.00;28706217_0;94.10;6.38;564.00;0.89;23687583_0;5.10;0.00;tripinfo_wu_as_to_sl.10;248.00;wu_as_to_sl.10;0;1976.75;0.85;0.00;32.33;car;;0;0.00
812.00;45494495_0;58.90;10.07;711.00;0.69;803785575#0_0;5.10;0.00;tripinfo_wu_od_to_os.16;101.00;wu_od_to_os.16;0;969.96;0.95;0.00;8.30;car;;0;0.00
813.00;23142338#2_0;290.21;11.62;519.00;0.99;23687583_0;5.10;0.00;tripinfo_wu_as_to_ns.4;294.00;wu_as_to_ns.4;0;1995.73;1.05;0.00;120.27;car;;3;44.00
814.00;28706217_0;94.10;9.34;602.00;1.60;-230845886_0;5.10;0.00;tripinfo_wu_ba_to_sl.7;212.00;wu_ba_to_sl.7;0;1934.94;1.17;0.00;57.84;car;;0;0.00
815.00;23142338#2_0;290.21;7.59;527.00;0.12;803785575#0_0;5.10;0.00;tripinfo_wu_od_to_ns.5;288.00;wu_od_to_ns.5;0;1928.29;0.77;0.00;47.14;car;;2;13.00
816.00;23156030#6_0;109.07;8.96;554.00;0.75;-230845886_0;5.10;0.00;tripinfo_wu_ba_to_od.10;262.00;wu_ba_to_od.10;0;2315.50;0.87;0.00;21.71;car;;0;0.00
817.00;23142338#2_0;290.21;11.38;541.00;3.43;-230845886_0;5.10;0.00;tripinfo_wu_ba_to_ns.4;276.00;wu_ba_to_ns.4;0;2346.36;1.06;0.00;75.20;car;;2;9.00
817.00;45494495_0;58.90;10.19;649.00;0.24;-230845886_0;5.10;0.00;tripinfo_wu_ba_to_os.12;168.00;wu_ba_to_os.12;0;1647.96;1.00;0.00;19.34;car;;1;2.00
817.00;28706217_0;94.10;8.19;758.00;2.62;-45494495_0;5.10;0.00;tripinfo_wu_os_to_sl.4;59.00;wu_os_to_sl.4;0;484.95;0.98;0.00;8.61;car;;0;0.00
819.00;23156305_0;1264.14;10.63;476.00;0.09;-23142338#2_0;5.10;0.00;tripinfo_wu_ns_to_gg.2;343.00;wu_ns_to_gg.2;0;3297.24;1.02;0.00;49.05;car;;2;14.00
819.00;23142338#2_0;290.21;9.05;588.00;0.09;803785575#0_0;5.10;0.00;tripinfo_wu_od_to_ns.6;231.00;wu_od_to_ns.6;0;1928.29;0.92;0.00;29.33;car;;0;0.00
821.00;972103805_0;116.86;9.55;575.00;0.73;-230845886_0;5.10;0.00;tripinfo_wu_ba_to_ko.23;246.00;wu_ba_to_ko.23;0;2114.29;0.92;0.00;37.22;car;;1;6.00
822.00;972103805_0;116.86;11.32;588.00;0.92;-230845886_0;5.10;0.00;tripinfo_wu_ba_to_ko.24;234.00;wu_ba_to_ko.24;0;2114.29;1.07;0.00;54.05;car;;1;4.00
823.00;23156390_0;1121.44;10.69;456.00;7.34;803785575#0_0;5.10;0.00;tripinfo_wu_od_to_br.8;367.00;wu_od_to_br.8;0;3149.31;0.97;0.00;70.28;car;;1;24.00
823.00;23142338#2_0;290.21;10.34;600.00;3.98;23687583_0;5.10;0.00;tripinfo_wu_as_to_ns.5;223.00;wu_as_to_ns.5;0;1995.73;1.04;0.00;48.16;car;;2;11.00
825.00;23156390_0;1121.44;9.73;475.00;0.56;803785575#0_0;5.10;0.00;tripinfo_wu_od_to_br.9;350.00;wu_od_to_br.9;0;3149.31;0.99;0.00;60.08;car;;1;23.00
828.00;230845886_0;633.12;12.24;602.00;0.89;803785575#0_0;5.10;0.00;tripinfo_wu_od_to_ba.16;226.00;wu_od_to_ba.16;0;2382.14;1.12;0.00;32.81;car;;0;0.00
829.00;23156030#6_0;109.07;12.75;755.00;0.31;-45494495_0;5.10;0.00;tripinfo_wu_os_to_od.9;74.00;wu_os_to_od.9;0;865.51;1.15;0.00;6.03;car;;0;0.00
830.00;23156305_0;1264.14;11.50;459.00;9.81;803785575#0_0;5.10;0.00;tripinfo_wu_od_to_gg.9;371.00;wu_od_to_gg.9;0;3669.96;1.06;0.00;56.73;car;;0;0.00
831.00;23156390_0;1121.44;9.87;485.00;0.57;803785575#0_0;5.10;0.00;tripinfo_wu_od_to_br.10;346.00;wu_od_to_br.10;0;3149.31;0.96;0.00;47.54;car;;1;11.00
835.00;23527526_0;253.75;10.69;670.00;2.59;-230845886_0;5.10;0.00;tripinfo_wu_ba_to_gj.13;165.00;wu_ba_to_gj.13;0;1755.68;1.04;0.00;12.66;car;;0;0.00
840.00;972103805_0;116.86;8.51;678.00;1.53;-23142338#2_0;5.10;0.00;tripinfo_wu_ns_to_ko.22;162.00;wu_ns_to_ko.22;0;1398.55;0.85;0.00;12.73;car;;0;0.00
841.00;45494495_0;58.90;9.71;738.00;0.58;803785575#0_0;5.10;0.00;tripinfo_wu_od_to_os.17;103.00;wu_od_to_os.17;0;969.96;0.92;0.00;7.90;car;;0;0.00
842.00;972103805_0;116.86;10.59;681.00;4.08;-23142338#2_0;5.10;0.00;tripinfo_wu_ns_to_ko.23;161.00;wu_ns_to_ko.23;0;1398.55;0.96;0.00;29.97;car;;0;0.00
844.00;972103805_0;116.86;10.97;573.00;0.77;803785575#0_0;5.10;0.00;tripinfo_wu_od_to_ko.19;271.00;wu_od_to_ko.19;0;2307.67;1.04;0.00;60.12;car;;2;12.00
844.00;41899283#1_0;148.70;10.38;694.00;0.72;-230845886_0;5.10;0.00;tripinfo_wu_ba_to_as.13;150.00;wu_ba_to_as.13;0;1430.78;1.01;0.00;21.42;car;;1;5.00
847.00;972103805_0;116.86;12.98;642.00;1.45;-230845886_0;5.10;0.00;tripinfo_wu_ba_to_ko.25;205.00;wu_ba_to_ko.25;0;2114.29;1.22;0.00;47.24;car;;1;9.00
847.00;41899283#1_0;148.70;11.52;697.00;3.43;-230845886_0;5.10;0.00;tripinfo_wu_ba_to_as.14;150.00;wu_ba_to_as.14;0;1430.78;1.07;0.00;28.42;car;;1;5.00
849.00;230845886_0;633.12;10.74;716.00;0.06;23687583_0;5.10;0.00;tripinfo_wu_as_to_ba.10;133.00;wu_as_to_ba.10;0;1356.50;1.00;0.00;10.70;car;;0;0.00
850.00;28716808#1_0;754.74;9.22;630.00;1.21;-45494495_0;5.10;0.00;tripinfo_wu_os_to_kl.4;220.00;wu_os_to_kl.4;0;2042.78;0.92;0.00;19.31;car;;0;0.00
854.00;230845886_0;633.12;9.83;668.00;1.33;-45494495_0;5.10;0.00;tripinfo_wu_os_to_ba.1;186.00;wu_os_to_ba.1;0;1746.52;0.99;0.00;26.16;car;;1;6.00
856.00;230845886_0;633.12;11.16;732.00;0.94;23687583_0;5.10;0.00;tripinfo_wu_as_to_ba.11;124.00;wu_as_to_ba.11;0;1356.50;1.08;0.00;10.30;car;;0;0.00
860.00;23156305_0;1264.14;9.39;676.00;0.39;23687583_0;5.10;0.00;tripinfo_wu_as_to_gg.3;184.00;wu_as_to_gg.3;0;1600.87;0.88;0.00;18.22;car;;0;0.00
865.00;23142338#2_0;290.21;9.67;614.00;3.01;23687583_0;5.10;0.00;tripinfo_wu_as_to_ns.6;251.00;wu_as_to_ns.6;0;1995.73;0.90;0.00;49.90;car;;4;16.00
866.00;23156305_0;1264.14;9.18;561.00;5.31;-230845886_0;5.10;0.00;tripinfo_wu_ba_to_gg.6;305.00;wu_ba_to_gg.6;0;2718.65;0.93;0.00;40.81;car;;1;8.00
868.00;23156305_0;1264.14;11.51;543.00;0.70;-45494495_0;5.10;0.00;tripinfo_wu_os_to_gg.2;325.00;wu_os_to_gg.2;0;3034.34;1.04;0.00;60.22;car;;1;12.00
869.00;972103805_0;116.86;10.72;757.00;0.28;23687583_0;5.10;0.00;tripinfo_wu_as_to_ko.24;112.00;wu_as_to_ko.24;0;1102.39;0.97;0.00;9.53;car;;0;0.00
873.00;972103805_0;116.86;9.03;710.00;0.73;-23142338#2_0;5.10;0.00;tripinfo_wu_ns_to_ko.24;163.00;wu_ns_to_ko.24;0;1398.55;0.91;0.00;23.95;car;;1;3.00
878.00;41899283#1_0;148.70;10.75;628.00;0.52;803785575#0_0;5.10;0.00;tripinfo_wu_od_to_as.10;250.00;wu_od_to_as.10;0;2382.09;1.01;0.00;36.84;car;;0;0.00
879.00;23527526_0;253.75;9.90;690.00;0.63;-230845886_0;5.10;0.00;tripinfo_wu_ba_to_gj.14;189.00;wu_ba_to_gj.14;0;1755.68;0.97;0.00;24.21;car;;1;5.00
880.00;23142338#2_0;290.21;9.22;605.00;0.84;-230845886_0;5.10;0.00;tripinfo_wu_ba_to_ns.5;275.00;wu_ba_to_ns.5;0;2346.36;0.89;0.00;37.44;car;;1;4.00
881.00;230845886_0;633.12;8.25;675.00;0.58;-45494495_0;5.10;0.00;tripinfo_wu_os_to_ba.2;206.00;wu_os_to_ba.2;0;1746.52;0.84;0.00;17.94;car;;0;0.00
882.00;972103805_0;116.86;10.36;635.00;0.22;803785575#0_0;5.10;0.00;tripinfo_wu_od_to_ko.20;247.00;wu_od_to_ko.20;0;2307.67;1.00;0.00;27.17;car;;0;0.00
882.00;23527526_0;253.75;10.72;707.00;0.35;-230845886_0;5.10;0.00;tripinfo_wu_ba_to_gj.15;175.00;wu_ba_to_gj.15;0;1755.68;0.99;0.00;13.90;car;;0;0.00
882.00;28706217_0;94.10;8.15;820.00;0.12;-45494495_0;5.10;0.00;tripinfo_wu_os_to_sl.5;62.00;wu_os_to_sl.5;0;484.95;0.99;0.00;12.28;car;;0;0.00
883.00;230845886_0;633.12;10.81;751.00;2.45;23687583_0;5.10;0.00;tripinfo_wu_as_to_ba.12;132.00;wu_as_to_ba.12;0;1356.50;1.03;0.00;12.64;car;;0;0.00
884.00;28706217_0;94.10;7.55;667.00;1.23;23687583_0;5.10;0.00;tripinfo_wu_as_to_sl.12;217.00;wu_as_to_sl.12;0;1976.75;1.03;0.00;39.64;car;;2;5.00
885.00;972103805_0;116.86;11.49;641.00;0.61;803785575#0_0;5.10;0.00;tripinfo_wu_od_to_ko.21;244.00;wu_od_to_ko.21;0;2307.67;1.04;0.00;32.87;car;;1;7.00
885.00;230845886_0;633.12;11.31;725.00;0.05;-45494495_0;5.10;0.00;tripinfo_wu_os_to_ba.3;160.00;wu_os_to_ba.3;0;1746.52;1.12;0.00;17.61;car;;0;0.00
886.00;45494495_0;58.90;9.96;670.00;3.03;23687583_0;5.10;0.00;tripinfo_wu_as_to_os.13;216.00;wu_as_to_os.13;0;1689.77;0.94;0.00;53.11;car;;0;0.00
887.00;972103805_0;116.86;12.56;653.00;0.46;803785575#0_0;5.10;0.00;tripinfo_wu_od_to_ko.22;234.00;wu_od_to_ko.22;0;2307.67;1.20;0.00;50.14;car;;1;6.00
893.00;23156030#6_0;109.07;10.19;642.00;1.14;23687583_0;5.10;0.00;tripinfo_wu_as_to_od.5;251.00;wu_as_to_od.5;0;2357.31;0.96;0.00;30.13;car;;1;6.00
893.00;41899283#1_0;148.70;10.00;736.00;0.89;-230845886_0;5.10;0.00;tripinfo_wu_ba_to_as.15;157.00;wu_ba_to_as.15;0;1430.78;0.91;0.00;15.36;car;;0;0.00
894.00;23156030#6_1;109.07;10.57;645.00;0.30;23687583_0;5.10;0.00;tripinfo_wu_as_to_od.6;249.00;wu_as_to_od.6;0;2357.31;0.98;0.00;32.56;car;;1;4.00
894.00;45494495_0;58.90;10.07;791.00;0.11;803785575#0_0;5.10;0.00;tripinfo_wu_od_to_os.18;103.00;wu_od_to_os.18;0;969.96;0.94;0.00;8.89;car;;0;0.00
896.00;23156305_0;1264.14;10.82;745.00;0.38;23687583_0;5.10;0.00;tripinfo_wu_as_to_gg.4;151.00;wu_as_to_gg.4;0;1600.87;1.04;0.00;11.26;car;;0;0.00
897.00;23142338#2_0;290.21;11.90;701.00;0.71;23687583_0;5.10;0.00;tripinfo_wu_as_to_ns.7;196.00;wu_as_to_ns.7;0;1995.73;1.10;0.00;30.03;car;;2;5.00
898.00;23156030#6_1;109.07;10.48;803.00;1.17;-45494495_0;5.10;0.00;tripinfo_wu_os_to_od.10;95.00;wu_os_to_od.10;0;865.51;0.95;0.00;12.21;car;;0;0.00
900.00;23527526_0;253.75;10.05;611.00;0.72;803785575#0_0;5.10;0.00;tripinfo_wu_od_to_gj.2;289.00;wu_od_to_gj.2;0;2706.99;0.97;0.00;36.22;car;;2;5.00
901.00;23156030#6_0;109.07;8.96;597.00;2.39;23687583_0;5.10;0.00;tripinfo_wu_as_to_od.4;304.00;wu_as_to_od.4;0;2357.31;0.82;0.00;44.64;car;;2;12.00
911.00;23527526_0;253.75;11.20;638.00;1.10;803785575#0_0;5.10;0.00;tripinfo_wu_od_to_gj.3;273.00;wu_od_to_gj.3;0;2706.99;1.02;0.00;31.94;car;;0;0.00
915.00;23527526_0;253.75;10.57;829.00;2.30;23687583_0;5.10;0.00;tripinfo_wu_as_to_gj.12;86.00;wu_as_to_gj.12;0;649.06;0.99;0.00;25.82;car;;1;10.00
918.00;230845886_0;633.12;10.36;784.00;0.17;23687583_0;5.10;0.00;tripinfo_wu_as_to_ba.13;134.00;wu_as_to_ba.13;0;1356.50;0.99;0.00;10.89;car;;0;0.00
919.00;23527526_0;253.75;9.34;832.00;2.41;23687583_0;5.10;0.00;tripinfo_wu_as_to_gj.13;87.00;wu_as_to_gj.13;0;649.06;0.94;0.00;24.13;car;;1;9.00
923.00;28716808#1_0;754.74;10.59;670.00;0.45;803785575#0_0;5.10;0.00;tripinfo_wu_od_to_kl.8;253.00;wu_od_to_kl.8;0;2678.40;1.04;0.00;19.60;car;;0;0.00
927.00;23142338#2_0;290.21;10.76;722.00;0.57;23687583_0;5.10;0.00;tripinfo_wu_as_to_ns.8;205.00;wu_as_to_ns.8;0;1995.73;0.99;0.00;21.46;car;;0;0.00
930.00;972103805_0;116.86;7.82;742.00;0.04;-23142338#2_0;5.10;0.00;tripinfo_wu_ns_to_ko.25;188.00;wu_ns_to_ko.25;0;1398.55;0.74;0.00;17.81;car;;0;0.00
930.00;230845886_0;633.12;12.67;761.00;1.59;-45494495_0;5.10;0.00;tripinfo_wu_os_to_ba.4;169.00;wu_os_to_ba.4;0;1746.52;1.16;0.00;32.62;car;;1;1.00
932.00;972103805_0;116.86;9.25;657.00;0.84;803785575#0_0;5.10;0.00;tripinfo_wu_od_to_ko.23;275.00;wu_od_to_ko.23;0;2307.67;0.92;0.00;36.05;car;;0;0.00
934.00;972103805_0;116.86;10.01;660.00;1.53;803785575#0_0;5.10;0.00;tripinfo_wu_od_to_ko.24;274.00;wu_od_to_ko.24;0;2307.67;0.97;0.00;47.48;car;;0;0.00
935.00;23156305_0;1264.14;9.82;639.00;0.19;-230845886_0;5.10;0.00;tripinfo_wu_ba_to_gg.7;296.00;wu_ba_to_gg.7;0;2718.65;0.94;0.00;33.99;car;;1;4.00
936.00;23156390_0;1121.44;9.04;564.00;0.67;803785575#0_0;5.10;0.00;tripinfo_wu_od_to_br.11;372.00;wu_od_to_br.11;0;3149.31;0.84;0.00;30.96;car;;0;0.00
936.00;972103805_0;116.86;11.27;781.00;0.64;-23142338#2_0;5.10;0.00;tripinfo_wu_ns_to_ko.26;155.00;wu_ns_to_ko.26;0;1398.55;1.03;0.00;31.53;car;;1;9.00
938.00;972103805_0;116.86;10.05;784.00;0.00;-23142338#2_0;5.10;0.00;tripinfo_wu_ns_to_ko.27;154.00;wu_ns_to_ko.27;0;1398.55;1.00;0.00;27.28;car;;1;7.00
939.00;28706217_0;94.10;5.68;664.00;0.54;23687583_0;5.10;0.00;tripinfo_wu_as_to_sl.11;275.00;wu_as_to_sl.11;0;1976.75;0.73;0.00;24.60;car;;0;0.00
940.00;972103805_0;116.86;10.56;697.00;0.89;-45494495_0;5.10;0.00;tripinfo_wu_os_to_ko.8;243.00;wu_os_to_ko.8;0;2045.29;1.00;0.00;47.51;car;;2;17.00
940.00;230845886_0;633.12;10.75;703.00;0.98;803785575#0_0;5.10;0.00;tripinfo_wu_od_to_ba.17;237.00;wu_od_to_ba.17;0;2382.14;1.03;0.00;28.55;car;;0;0.00
940.00;23156030#6_0;109.07;11.84;854.00;0.99;-45494495_0;5.10;0.00;tripinfo_wu_os_to_od.11;86.00;wu_os_to_od.11;0;865.51;1.15;0.00;18.05;car;;1;4.00
943.00;23156305_0;1264.14;12.20;579.00;0.37;803785575#0_0;5.10;0.00;tripinfo_wu_od_to_gg.10;364.00;wu_od_to_gg.10;0;3669.96;1.10;0.00;62.00;car;;0;0.00
944.00;28706217_0;94.10;6.73;680.00;0.78;23687583_0;5.10;0.00;tripinfo_wu_as_to_sl.13;264.00;wu_as_to_sl.13;0;1976.75;0.86;0.00;49.99;car;;1;5.00
948.00;23156305_0;1264.14;12.02;582.00;0.44;803785575#0_0;5.10;0.00;tripinfo_wu_od_to_gg.11;366.00;wu_od_to_gg.11;0;3669.96;1.09;0.00;61.10;car;;0;0.00
955.00;23142338#2_0;290.21;10.80;710.00;0.56;-230845886_0;5.10;0.00;tripinfo_wu_ba_to_ns.6;245.00;wu_ba_to_ns.6;0;2346.36;0.98;0.00;26.82;car;;1;6.00
955.00;23156030#6_0;109.07;11.48;740.00;0.10;23687583_0;5.10;0.00;tripinfo_wu_as_to_od.7;215.00;wu_as_to_od.7;0;2357.31;1.08;0.00;17.78;car;;0;0.00
956.00;23156390_0;1121.44;10.05;765.00;1.92;23687583_0;5.10;0.00;tripinfo_wu_as_to_br.3;191.00;wu_as_to_br.3;0;1694.48;0.91;0.00;22.07;car;;0;0.00
956.00;230845886_0;633.12;9.11;765.00;0.72;-45494495_0;5.10;0.00;tripinfo_wu_os_to_ba.5;191.00;wu_os_to_ba.5;0;1746.52;0.91;0.00;16.93;car;;0;0.00
958.00;23156390_0;1121.44;10.86;618.00;0.43;803785575#0_0;5.10;0.00;tripinfo_wu_od_to_br.12;340.00;wu_od_to_br.12;0;3149.31;1.00;0.00;53.53;car;;0;0.00
958.00;45494495_0;58.90;11.12;778.00;0.78;23687583_0;5.10;0.00;tripinfo_wu_as_to_os.15;180.00;wu_as_to_os.15;0;1689.77;1.02;0.00;30.12;car;;0;0.00
960.00;23156390_0;1121.44;10.03;621.00;0.70;803785575#0_0;5.10;0.00;tripinfo_wu_od_to_br.13;339.00;wu_od_to_br.13;0;3149.31;0.99;0.00;50.79;car;;0;0.00
962.00;28706217_0;94.10;6.39;739.00;3.29;-230845886_0;5.10;0.00;tripinfo_wu_ba_to_sl.8;223.00;wu_ba_to_sl.8;0;1934.94;0.89;0.00;21.80;car;;0;0.00
962.00;45494495_0;58.90;8.30;762.00;0.03;23687583_0;5.10;0.00;tripinfo_wu_as_to_os.14;200.00;wu_as_to_os.14;0;1689.77;0.85;0.00;19.54;car;;0;0.00
964.00;28706217_0;94.10;9.32;772.00;0.88;-230845886_0;5.10;0.00;tripinfo_wu_ba_to_sl.9;192.00;wu_ba_to_sl.9;0;1934.94;1.17;0.00;37.48;car;;0;0.00
965.00;972103805_0;116.86;7.98;810.00;0.90;23687583_0;5.10;0.00;tripinfo_wu_as_to_ko.25;155.00;wu_as_to_ko.25;0;1102.39;0.84;0.00;35.33;car;;1;20.00
966.00;23527526_0;253.75;9.09;888.00;0.06;23687583_0;5.10;0.00;tripinfo_wu_as_to_gj.14;78.00;wu_as_to_gj.14;0;649.06;0.85;0.00;8.45;car;;0;0.00
968.00;23527526_0;253.75;11.41;698.00;0.21;803785575#0_0;5.10;0.00;tripinfo_wu_od_to_gj.4;270.00;wu_od_to_gj.4;0;2706.99;1.08;0.00;43.27;car;;1;2.00
970.00;23156030#6_0;109.07;9.48;721.00;0.23;-230845886_0;5.10;0.00;tripinfo_wu_ba_to_od.11;249.00;wu_ba_to_od.11;0;2315.50;0.92;0.00;20.63;car;;0;0.00
970.00;972103805_0;116.86;10.38;859.00;0.62;23687583_0;5.10;0.00;tripinfo_wu_as_to_ko.26;111.00;wu_as_to_ko.26;0;1102.39;0.99;0.00;9.89;car;;0;0.00
972.00;41899283#1_0;148.70;11.68;831.00;4.30;-230845886_0;5.10;0.00;tripinfo_wu_ba_to_as.16;141.00;wu_ba_to_as.16;0;1430.78;1.08;0.00;20.98;car;;0;0.00
973.00;972103805_0;116.86;9.04;725.00;0.79;-230845886_0;5.10;0.00;tripinfo_wu_ba_to_ko.26;248.00;wu_ba_to_ko.26;0;2114.29;0.90;0.00;34.66;car;;1;6.00
977.00;23527526_0;253.75;11.69;914.00;0.17;23687583_0;5.10;0.00;tripinfo_wu_as_to_gj.15;63.00;wu_as_to_gj.15;0;649.06;1.06;0.00;7.09;car;;0;0.00
981.00;972103805_0;116.86;10.78;833.00;0.44;-23142338#2_0;5.10;0.00;tripinfo_wu_ns_to_ko.28;148.00;wu_ns_to_ko.28;0;1398.55;1.00;0.00;20.98;car;;1;6.00
983.00;23142338#2_0;290.21;9.28;748.00;1.95;23687583_0;5.10;0.00;tripinfo_wu_as_to_ns.9;235.00;wu_as_to_ns.9;0;1995.73;0.90;0.00;33.47;car;;2;7.00
983.00;23527526_0;253.75;10.54;813.00;0.69;-230845886_0;5.10;0.00;tripinfo_wu_ba_to_gj.16;170.00;wu_ba_to_gj.16;0;1755.68;1.03;0.00;15.59;car;;0;0.00
985.00;23142338#2_0;290.21;10.61;754.00;0.48;23687583_0;5.10;0.00;tripinfo_wu_as_to_ns.10;231.00;wu_as_to_ns.10;0;1995.73;0.97;0.00;44.00;car;;2;5.00
987.00;23142338#2_0;290.21;10.03;783.00;0.02;803785575#0_0;5.10;0.00;tripinfo_wu_od_to_ns.7;204.00;wu_od_to_ns.7;0;1928.29;1.01;0.00;19.61;car;;0;0.00
990.00;28706217_0;94.10;9.01;789.00;0.05;-230845886_0;5.10;0.00;tripinfo_wu_ba_to_sl.10;201.00;wu_ba_to_sl.10;0;1934.94;1.23;0.00;53.97;car;;1;3.00
991.00;972103805_0;116.86;9.26;729.00;0.98;-230845886_0;5.10;0.00;tripinfo_wu_ba_to_ko.27;262.00;wu_ba_to_ko.27;0;2114.29;0.85;0.00;35.22;car;;1;8.00
992.00;23156305_0;1264.14;11.97;826.00;0.16;23687583_0;5.10;0.00;tripinfo_wu_as_to_gg.5;166.00;wu_as_to_gg.5;0;1600.87;1.08;0.00;32.62;car;;1;12.00
993.00;972103805_0;116.86;9.90;779.00;0.87;-230845886_0;5.10;0.00;tripinfo_wu_ba_to_ko.28;214.00;wu_ba_to_ko.28;0;2114.29;1.01;0.00;23.18;car;;0;0.00
997.00;41899283#1_0;148.70;9.50;750.00;0.17;-23142338#2_0;5.10;0.00;tripinfo_wu_ns_to_as.3;247.00;wu_ns_to_as.3;0;2009.37;0.94;0.00;53.59;car;;2;17.00
998.00;972103805_0;116.86;10.85;846.00;0.23;-23142338#2_0;5.10;0.00;tripinfo_wu_ns_to_ko.29;152.00;wu_ns_to_ko.29;0;1398.55;0.99;0.00;24.76;car;;1;10.00
1002.00;41899283#1_0;148.70;11.80;856.00;7.57;-230845886_0;5.10;0.00;tripinfo_wu_ba_to_as.17;146.00;wu_ba_to_as.17;0;1430.78;1.08;0.00;26.86;car;;2;5.00
1003.00;23527526_0;253.75;12.39;942.00;0.40;23687583_0;5.10;0.00;tripinfo_wu_as_to_gj.16;61.00;wu_as_to_gj.16;0;649.06;1.13;0.00;7.95;car;;0;0.00
1005.00;230845886_0;633.12;10.06;806.00;1.53;-45494495_0;5.10;0.00;tripinfo_wu_os_to_ba.6;199.00;wu_os_to_ba.6;0;1746.52;0.96;0.00;34.00;car;;2;9.00
1008.00;972103805_0;116.86;10.71;874.00;0.10;-23142338#2_0;5.10;0.00;tripinfo_wu_ns_to_ko.30;134.00;wu_ns_to_ko.30;0;1398.55;1.03;0.00;10.92;car;;0;0.00
1010.00;972103805_0;116.86;11.81;877.00;0.79;-23142338#2_0;5.10;0.00;tripinfo_wu_ns_to_ko.31;133.00;wu_ns_to_ko.31;0;1398.55;1.12;0.00;20.50;car;;0;0.00
1011.00;230845886_0;633.12;9.21;758.00;1.53;803785575#0_0;5.10;0.00;tripinfo_wu_od_to_ba.18;253.00;wu_od_to_ba.18;0;2382.14;0.93;0.00;22.26;car;;0;0.00
1025.00;41899283#1_0;148.70;9.40;862.00;9.11;-230845886_0;5.10;0.00;tripinfo_wu_ba_to_as.18;163.00;wu_ba_to_as.18;0;1430.78;0.87;0.00;13.61;car;;0;0.00
1028.00;972103805_0;116.86;10.48;772.00;4.11;803785575#0_0;5.10;0.00;tripinfo_wu_od_to_ko.25;256.00;wu_od_to_ko.25;0;2307.67;1.01;0.00;37.59;car;;2;5.00
1030.00;45494495_0;58.90;8.64;814.00;0.50;23687583_0;5.10;0.00;tripinfo_wu_as_to_os.16;216.00;wu_as_to_os.16;0;1689.77;0.86;0.00;39.05;car;;1;18.00
1036.00;45494495_0;58.90;10.32;841.00;2.88;23687583_0;5.10;0.00;tripinfo_wu_as_to_os.17;195.00;wu_as_to_os.17;0;1689.77;0.96;0.00;36.12;car;;2;6.00
1037.00;23527526_0;253.75;10.91;969.00;0.89;23687583_0;5.10;0.00;tripinfo_wu_as_to_gj.17;68.00;wu_as_to_gj.17;0;649.06;1.05;0.00;11.00;car;;0;0.00
1038.00;28716808#1_0;754.74;10.25;755.00;0.40;803785575#0_0;5.10;0.00;tripinfo_wu_od_to_kl.9;283.00;wu_od_to_kl.9;0;2678.40;0.96;0.00;30.75;car;;1;1.00
1038.00;45494495_0;58.90;10.79;865.00;11.23;-230845886_0;5.10;0.00;tripinfo_wu_ba_to_os.13;173.00;wu_ba_to_os.13;0;1647.96;1.04;0.00;29.46;car;;0;0.00
1039.00;972103805_0;116.86;11.12;818.00;0.39;-230845886_0;5.10;0.00;tripinfo_wu_ba_to_ko.29;221.00;wu_ba_to_ko.29;0;2114.29;1.01;0.00;30.94;car;;1;8.00
1044.00;23142338#2_0;290.21;8.72;742.00;4.28;-230845886_0;5.10;0.00;tripinfo_wu_ba_to_ns.7;302.00;wu_ba_to_ns.7;0;2346.36;0.79;0.00;33.84;car;;1;7.00
1048.00;972103805_0;116.86;8.93;791.00;0.49;-45494495_0;5.10;0.00;tripinfo_wu_os_to_ko.9;257.00;wu_os_to_ko.9;0;2045.29;0.92;0.00;43.88;car;;2;12.00
1048.00;45494495_0;58.90;9.95;868.00;3.34;-230845886_0;5.10;0.00;tripinfo_wu_ba_to_os.14;180.00;wu_ba_to_os.14;0;1647.96;0.92;0.00;17.94;car;;0;0.00
1049.00;23142338#2_0;290.21;9.82;807.00;0.09;-230845886_0;5.10;0.00;tripinfo_wu_ba_to_ns.8;242.00;wu_ba_to_ns.8;0;2346.36;0.99;0.00;26.49;car;;1;3.00
1052.00;28706217_0;94.10;6.89;803.00;0.40;23687583_0;5.10;0.00;tripinfo_wu_as_to_sl.14;249.00;wu_as_to_sl.14;0;1976.75;0.85;0.00;33.77;car;;1;7.00
1053.00;23527526_0;253.75;11.60;992.00;0.82;23687583_0;5.10;0.00;tripinfo_wu_as_to_gj.18;61.00;wu_as_to_gj.18;0;649.06;1.13;0.00;7.87;car;;0;0.00
1054.00;23156390_0;1121.44;11.82;760.00;0.64;-23142338#2_0;5.10;0.00;tripinfo_wu_ns_to_br.0;294.00;wu_ns_to_br.0;0;2792.05;1.17;0.00;77.68;car;;2;16.00
1054.00;28706217_0;94.10;7.41;828.00;1.65;-230845886_0;5.10;0.00;tripinfo_wu_ba_to_sl.11;226.00;wu_ba_to_sl.11;0;1934.94;0.95;0.00;36.32;car;;0;0.00
1060.00;972103805_0;116.86;9.53;840.00;0.41;-230845886_0;5.10;0.00;tripinfo_wu_ba_to_ko.30;220.00;wu_ba_to_ko.30;0;2114.29;0.95;0.00;18.38;car;;0;0.00
1062.00;230845886_0;633.12;11.12;870.00;0.40;-45494495_0;5.10;0.00;tripinfo_wu_os_to_ba.7;192.00;wu_os_to_ba.7;0;1746.52;1.11;0.00;49.59;car;;2;14.00
1066.00;45494495_0;58.90;9.00;951.00;0.95;803785575#0_0;5.10;0.00;tripinfo_wu_od_to_os.19;115.00;wu_od_to_os.19;0;969.96;0.83;0.00;9.49;car;;0;0.00
1067.00;41899283#1_0;148.70;11.41;788.00;0.92;803785575#0_0;5.10;0.00;tripinfo_wu_od_to_as.11;279.00;wu_od_to_as.11;0;2382.09;1.04;0.00;71.86;car;;2;15.00
1069.00;23527526_0;253.75;10.12;891.00;0.90;-230845886_0;5.10;0.00;tripinfo_wu_ba_to_gj.17;178.00;wu_ba_to_gj.17;0;1755.68;1.01;0.00;19.63;car;;0;0.00
1071.00;28716808#1_0;754.74;9.44;766.00;0.60;803785575#0_0;5.10;0.00;tripinfo_wu_od_to_kl.10;305.00;wu_od_to_kl.10;0;2678.40;0.89;0.00;31.46;car;;1;3.00
1074.00;230845886_0;633.12;9.89;811.00;1.94;-23142338#2_0;5.10;0.00;tripinfo_wu_ns_to_ba.2;263.00;wu_ns_to_ba.2;0;2340.42;0.96;0.00;44.88;car;;3;13.00
1075.00;23156305_0;1264.14;9.59;689.00;0.52;803785575#0_0;5.10;0.00;tripinfo_wu_od_to_gg.12;386.00;wu_od_to_gg.12;0;3669.96;0.95;0.00;34.75;car;;1;1.00
1075.00;41899283#1_0;148.70;9.92;810.00;0.67;803785575#0_0;5.10;0.00;tripinfo_wu_od_to_as.12;265.00;wu_od_to_as.12;0;2382.09;0.98;0.00;46.03;car;;2;12.00
1076.00;230845886_0;633.12;11.41;913.00;0.98;-45494495_0;5.10;0.00;tripinfo_wu_os_to_ba.8;163.00;wu_os_to_ba.8;0;1746.52;1.11;0.00;19.39;car;;0;0.00
1077.00;41899283#1_0;148.70;11.24;905.00;0.78;-45494495_0;5.10;0.00;tripinfo_wu_os_to_as.4;172.00;wu_os_to_as.4;0;1746.47;1.06;0.00;22.53;car;;0;0.00
1078.00;28716808#1_0;754.74;11.16;955.00;0.84;23687583_0;5.10;0.00;tripinfo_wu_as_to_kl.3;123.00;wu_as_to_kl.3;0;1207.92;1.06;0.00;18.75;car;;1;7.00
1080.00;28706217_0;94.10;6.93;822.00;0.07;23687583_0;5.10;0.00;tripinfo_wu_as_to_sl.15;258.00;wu_as_to_sl.15;0;1976.75;0.95;0.00;65.12;car;;3;24.00
1080.00;972103805_0;116.86;11.23;852.00;5.86;-230845886_0;5.10;0.00;tripinfo_wu_ba_to_ko.31;228.00;wu_ba_to_ko.31;0;2114.29;1.06;0.00;46.70;car;;3;14.00
1081.00;23156030#6_0;109.07;10.97;846.00;0.31;-230845886_0;5.10;0.00;tripinfo_wu_ba_to_od.12;235.00;wu_ba_to_od.12;0;2315.50;1.00;0.00;26.60;car;;1;1.00
1082.00;23142338#2_0;290.21;9.96;835.00;0.01;23687583_0;5.10;0.00;tripinfo_wu_as_to_ns.11;247.00;wu_as_to_ns.11;0;1995.73;0.92;0.00;49.07;car;;3;16.00
1083.00;23527526_0;253.75;11.80;914.00;2.94;-230845886_0;5.10;0.00;tripinfo_wu_ba_to_gj.18;169.00;wu_ba_to_gj.18;0;1755.68;1.08;0.00;21.22;car;;1;2.00
1084.00;23142338#2_0;290.21;12.67;838.00;0.70;23687583_0;5.10;0.00;tripinfo_wu_as_to_ns.12;246.00;wu_as_to_ns.12;0;1995.73;1.16;0.00;89.28;car;;3;14.00
1087.00;28706217_0;94.10;8.69;875.00;0.23;23687583_0;5.10;0.00;tripinfo_wu_as_to_sl.16;212.00;wu_as_to_sl.16;0;1976.75;1.06;0.00;39.18;car;;2;10.00
1088.00;23142338#2_0;290.21;11.71;862.00;0.77;23687583_0;5.10;0.00;tripinfo_wu_as_to_ns.13;226.00;wu_as_to_ns.13;0;1995.73;1.15;0.00;67.50;car;;5;27.00
1089.00;28706217_0;94.10;8.51;885.00;0.12;23687583_0;5.10;0.00;tripinfo_wu_as_to_sl.17;204.00;wu_as_to_sl.17;0;1976.75;1.15;0.00;44.79;car;;2;2.00
1090.00;972103805_0;116.86;9.51;800.00;0.46;-45494495_0;5.10;0.00;tripinfo_wu_os_to_ko.10;290.00;wu_os_to_ko.10;0;2045.29;0.89;0.00;71.87;car;;5;27.00
1092.00;972103805_0;116.86;12.12;834.00;0.66;-45494495_0;5.10;0.00;tripinfo_wu_os_to_ko.11;258.00;wu_os_to_ko.11;0;2045.29;1.14;0.00;85.51;car;;4;21.00
1093.00;41899283#1_0;148.70;11.89;935.00;1.64;-230845886_0;5.10;0.00;tripinfo_wu_ba_to_as.19;158.00;wu_ba_to_as.19;0;1430.78;1.13;0.00;42.52;car;;0;0.00
1097.00;972103805_0;116.86;8.61;917.00;3.47;-23142338#2_0;5.10;0.00;tripinfo_wu_ns_to_ko.32;180.00;wu_ns_to_ko.32;0;1398.55;0.84;0.00;30.11;car;;1;8.00
1099.00;23527526_0;253.75;9.86;846.00;0.58;-45494495_0;5.10;0.00;tripinfo_wu_os_to_gj.2;253.00;wu_os_to_gj.2;0;2071.37;0.97;0.00;58.90;car;;3;21.00
1099.00;23156030#6_0;109.07;9.83;1007.00;0.84;-45494495_0;5.10;0.00;tripinfo_wu_os_to_od.12;92.00;wu_os_to_od.12;0;865.51;0.96;0.00;11.11;car;;0;0.00
1113.00;23156305_0;1264.14;10.63;849.00;2.88;-230845886_0;5.10;0.00;tripinfo_wu_ba_to_gg.8;264.00;wu_ba_to_gg.8;0;2718.65;1.02;0.00;22.62;car;;0;0.00
1114.00;23156390_0;1121.44;12.78;958.00;2.02;23687583_0;5.10;0.00;tripinfo_wu_as_to_br.4;156.00;wu_as_to_br.4;0;1694.48;1.16;0.00;24.12;car;;1;7.00
1120.00;41899283#1_0;148.70;12.55;884.00;0.33;803785575#0_0;5.10;0.00;tripinfo_wu_od_to_as.13;236.00;wu_od_to_as.13;0;2382.09;1.17;0.00;51.92;car;;0;0.00
1122.00;23142338#2_0;290.21;10.39;893.00;1.10;803785575#0_0;5.10;0.00;tripinfo_wu_od_to_ns.8;229.00;wu_od_to_ns.8;0;1928.29;1.04;0.00;50.26;car;;2;11.00
1122.00;972103805_0;116.86;9.67;1003.00;0.38;23687583_0;5.10;0.00;tripinfo_wu_as_to_ko.27;119.00;wu_as_to_ko.27;0;1102.39;0.93;0.00;11.82;car;;0;0.00
1124.00;41899283#1_0;148.70;13.22;919.00;0.40;803785575#0_0;5.10;0.00;tripinfo_wu_od_to_as.14;205.00;wu_od_to_as.14;0;2382.09;1.28;0.00;32.37;car;;0;0.00
1124.00;972103805_0;116.86;12.50;1006.00;1.03;23687583_0;5.10;0.00;tripinfo_wu_as_to_ko.28;118.00;wu_as_to_ko.28;0;1102.39;1.13;0.00;29.49;car;;0;0.00
1127.00;45494495_0;58.90;10.13;1024.00;0.59;803785575#0_0;5.10;0.00;tripinfo_wu_od_to_os.20;103.00;wu_od_to_os.20;0;969.96;0.93;0.00;8.93;car;;0;0.00
1128.00;972103805_0;116.86;9.26;874.00;4.27;-230845886_0;5.10;0.00;tripinfo_wu_ba_to_ko.32;254.00;wu_ba_to_ko.32;0;2114.29;0.90;0.00;41.07;car;;2;12.00
1130.00;972103805_0;116.86;11.21;877.00;6.65;-230845886_0;5.10;0.00;tripinfo_wu_ba_to_ko.33;253.00;wu_ba_to_ko.33;0;2114.29;1.03;0.00;66.40;car;;3;13.00
1131.00;23142338#2_0;290.21;9.52;859.00;6.14;-230845886_0;5.10;0.00;tripinfo_wu_ba_to_ns.9;272.00;wu_ba_to_ns.9;0;2346.36;0.92;0.00;40.74;car;;2;9.00
1132.00;972103805_0;116.86;10.11;881.00;7.15;-230845886_0;5.10;0.00;tripinfo_wu_ba_to_ko.34;251.00;wu_ba_to_ko.34;0;2114.29;1.02;0.00;61.61;car;;3;12.00
1134.00;972103805_0;116.86;12.16;896.00;0.63;-230845886_0;5.10;0.00;tripinfo_wu_ba_to_ko.35;238.00;wu_ba_to_ko.35;0;2114.29;1.12;0.00;66.20;car;;3;4.00
1135.00;23156030#6_0;109.07;10.90;908.00;0.52;23687583_0;5.10;0.00;tripinfo_wu_as_to_od.9;227.00;wu_as_to_od.9;0;2357.31;1.09;0.00;32.49;car;;2;8.00
1138.00;972103805_0;116.86;9.11;836.00;0.01;803785575#0_0;5.10;0.00;tripinfo_wu_od_to_ko.26;302.00;wu_od_to_ko.26;0;2307.67;0.87;0.00;49.05;car;;2;12.00
1140.00;972103805_0;116.86;9.52;839.00;2.35;803785575#0_0;5.10;0.00;tripinfo_wu_od_to_ko.27;301.00;wu_od_to_ko.27;0;2307.67;0.95;0.00;69.92;car;;2;10.00
1141.00;23156030#6_0;109.07;9.53;891.00;0.90;23687583_0;5.10;0.00;tripinfo_wu_as_to_od.8;250.00;wu_as_to_od.8;0;2357.31;0.96;0.00;27.48;car;;1;4.00
1141.00;972103805_0;116.86;11.30;911.00;0.05;-230845886_0;5.10;0.00;tripinfo_wu_ba_to_ko.36;230.00;wu_ba_to_ko.36;0;2114.29;1.11;0.00;56.77;car;;3;19.00
1143.00;972103805_0;116.86;13.06;918.00;2.83;-230845886_0;5.10;0.00;tripinfo_wu_ba_to_ko.37;225.00;wu_ba_to_ko.37;0;2114.29;1.25;0.00;71.06;car;;3;10.00
1146.00;23527526_0;253.75;8.33;1062.00;0.02;23687583_0;5.10;0.00;tripinfo_wu_as_to_gj.19;84.00;wu_as_to_gj.19;0;649.06;0.80;0.00;9.74;car;;0;0.00
1147.00;972103805_0;116.86;10.45;855.00;0.55;803785575#0_0;5.10;0.00;tripinfo_wu_od_to_ko.28;292.00;wu_od_to_ko.28;0;2307.67;1.04;0.00;81.17;car;;3;16.00
1151.00;45494495_0;58.90;8.97;1035.00;0.46;803785575#0_0;5.10;0.00;tripinfo_wu_od_to_os.21;116.00;wu_od_to_os.21;0;969.96;0.83;0.00;10.88;car;;0;0.00
1152.00;972103805_0;116.86;9.34;874.00;0.95;803785575#0_0;5.10;0.00;tripinfo_wu_od_to_ko.29;278.00;wu_od_to_ko.29;0;2307.67;0.95;0.00;47.48;car;;3;11.00
1153.00;45494495_0;58.90;9.06;963.00;0.08;23687583_0;5.10;0.00;tripinfo_wu_as_to_os.18;190.00;wu_as_to_os.18;0;1689.77;0.88;0.00;17.29;car;;0;0.00
1154.00;972103805_0;116.86;10.24;887.00;2.10;803785575#0_0;5.10;0.00;tripinfo_wu_od_to_ko.30;267.00;wu_od_to_ko.30;0;2307.67;1.02;0.00;52.25;car;;3;10.00
1155.00;45494495_0;58.90;9.44;956.00;9.18;-230845886_0;5.10;0.00;tripinfo_wu_ba_to_os.15;199.00;wu_ba_to_os.15;0;1647.96;0.86;0.00;26.57;car;;0;0.00
1156.00;972103805_0;116.86;10.51;890.00;0.86;803785575#0_0;5.10;0.00;tripinfo_wu_od_to_ko.31;266.00;wu_od_to_ko.31;0;2307.67;0.98;0.00;42.58;car;;2;2.00
1158.00;23527526_0;253.75;9.42;949.00;4.69;-230845886_0;5.10;0.00;tripinfo_wu_ba_to_gj.19;209.00;wu_ba_to_gj.19;0;1755.68;0.91;0.00;33.67;car;;1;2.00
1159.00;41899283#1_0;148.70;8.64;914.00;0.55;-23142338#2_0;5.10;0.00;tripinfo_wu_ns_to_as.4;245.00;wu_ns_to_as.4;0;2009.37;0.85;0.00;28.42;car;;1;6.00
1159.00;23527526_0;253.75;11.72;1085.00;0.34;23687583_0;5.10;0.00;tripinfo_wu_as_to_gj.20;74.00;wu_as_to_gj.20;0;649.06;1.06;0.00;18.42;car;;1;7.00
1162.00;23142338#2_0;290.21;10.62;938.00;0.27;23687583_0;5.10;0.00;tripinfo_wu_as_to_ns.14;224.00;wu_as_to_ns.14;0;1995.73;0.97;0.00;36.35;car;;2;10.00
1164.00;23156390_0;1121.44;9.42;769.00;2.33;803785575#0_0;5.10;0.00;tripinfo_wu_od_to_br.14;395.00;wu_od_to_br.14;0;3149.31;0.86;0.00;61.09;car;;2;21.00
1165.00;41899283#1_0;148.70;10.17;1020.00;0.20;-230845886_0;5.10;0.00;tripinfo_wu_ba_to_as.20;145.00;wu_ba_to_as.20;0;1430.78;0.98;0.00;13.10;car;;0;0.00
1166.00;23156390_0;1121.44;9.06;775.00;2.59;803785575#0_0;5.10;0.00;tripinfo_wu_od_to_br.15;391.00;wu_od_to_br.15;0;3149.31;0.89;0.00;70.56;car;;3;19.00
1167.00;23527526_0;253.75;11.23;1099.00;6.59;23687583_0;5.10;0.00;tripinfo_wu_as_to_gj.21;68.00;wu_as_to_gj.21;0;649.06;1.07;0.00;12.38;car;;0;0.00
1173.00;972103805_0;116.86;10.42;1056.00;0.94;23687583_0;5.10;0.00;tripinfo_wu_as_to_ko.29;117.00;wu_as_to_ko.29;0;1102.39;1.01;0.00;18.38;car;;1;6.00
1175.00;41899283#1_0;148.70;9.37;973.00;0.97;-45494495_0;5.10;0.00;tripinfo_wu_os_to_as.5;202.00;wu_os_to_as.5;0;1746.47;0.91;0.00;27.53;car;;1;5.00
1176.00;972103805_0;116.86;10.88;928.00;0.09;-45494495_0;5.10;0.00;tripinfo_wu_os_to_ko.12;248.00;wu_os_to_ko.12;0;2045.29;0.99;0.00;49.44;car;;3;6.00
1176.00;28716808#1_0;754.74;11.96;958.00;0.74;-23142338#2_0;5.10;0.00;tripinfo_wu_ns_to_kl.2;218.00;wu_ns_to_kl.2;0;2315.58;1.08;0.00;22.94;car;;0;0.00
1178.00;972103805_0;116.86;11.24;924.00;0.77;803785575#0_0;5.10;0.00;tripinfo_wu_od_to_ko.32;254.00;wu_od_to_ko.32;0;2307.67;1.08;0.00;49.32;car;;2;9.00
1179.00;23156305_0;1264.14;8.59;786.00;0.73;-45494495_0;5.10;0.00;tripinfo_wu_os_to_gg.3;393.00;wu_os_to_gg.3;0;3034.34;0.81;0.00;51.63;car;;2;11.00
1179.00;230845886_0;633.12;8.84;978.00;0.27;-45494495_0;5.10;0.00;tripinfo_wu_os_to_ba.9;201.00;wu_os_to_ba.9;0;1746.52;0.88;0.00;20.26;car;;0;0.00
1180.00;23156390_0;1121.44;10.94;897.00;0.39;-23142338#2_0;5.10;0.00;tripinfo_wu_ns_to_br.1;283.00;wu_ns_to_br.1;0;2792.05;1.01;0.00;31.75;car;;1;5.00
1180.00;28706217_0;94.10;7.07;945.00;0.75;23687583_0;5.10;0.00;tripinfo_wu_as_to_sl.18;235.00;wu_as_to_sl.18;0;1976.75;0.95;0.00;43.11;car;;2;21.00
1181.00;23156305_0;1264.14;10.41;871.00;4.84;-230845886_0;5.10;0.00;tripinfo_wu_ba_to_gg.9;310.00;wu_ba_to_gg.9;0;2718.65;1.04;0.00;71.16;car;;0;0.00
1186.00;972103805_0;116.86;9.89;1069.00;0.68;23687583_0;5.10;0.00;tripinfo_wu_as_to_ko.30;117.00;wu_as_to_ko.30;0;1102.39;0.98;0.00;15.35;car;;0;0.00
1188.00;41899283#1_0;148.70;9.04;985.00;0.61;-45494495_0;5.10;0.00;tripinfo_wu_os_to_as.6;203.00;wu_os_to_as.6;0;1746.47;0.86;0.00;19.23;car;;0;0.00
1192.00;972103805_0;116.86;9.87;947.00;0.57;803785575#0_0;5.10;0.00;tripinfo_wu_od_to_ko.33;245.00;wu_od_to_ko.33;0;2307.67;0.98;0.00;20.53;car;;0;0.00
1195.00;23527526_0;253.75;10.45;1011.00;2.97;-230845886_0;5.10;0.00;tripinfo_wu_ba_to_gj.20;184.00;wu_ba_to_gj.20;0;1755.68;1.01;0.00;26.01;car;;2;3.00
1195.00;45494495_0;58.90;10.50;1014.00;2.19;-230845886_0;5.10;0.00;tripinfo_wu_ba_to_os.16;181.00;wu_ba_to_os.16;0;1647.96;0.97;0.00;28.07;car;;0;0.00
1197.00;45494495_0;58.90;11.60;1009.00;2.30;23687583_0;5.10;0.00;tripinfo_wu_as_to_os.19;188.00;wu_as_to_os.19;0;1689.77;1.11;0.00;49.81;car;;1;4.00
1199.00;45494495_0;58.90;9.90;1020.00;0.98;23687583_0;5.10;0.00;tripinfo_wu_as_to_os.20;179.00;wu_as_to_os.20;0;1689.77;1.00;0.00;26.40;car;;0;0.00
1201.00;23142338#2_0;290.21;10.79;948.00;3.74;23687583_0;5.10;0.00;tripinfo_wu_as_to_ns.15;253.00;wu_as_to_ns.15;0;1995.73;0.98;0.00;67.06;car;;3;41.00
1201.00;41899283#1_0;148.70;9.93;954.00;2.71;803785575#0_0;5.10;0.00;tripinfo_wu_od_to_as.15;247.00;wu_od_to_as.15;0;2382.09;0.98;0.00;27.49;car;;1;6.00
1202.00;45494495_0;58.90;10.74;1023.00;2.43;23687583_0;5.10;0.00;tripinfo_wu_as_to_os.21;179.00;wu_as_to_os.21;0;1689.77;0.97;0.00;21.51;car;;0;0.00
1204.00;23156305_0;1264.14;7.67;1000.00;0.48;23687583_0;5.10;0.00;tripinfo_wu_as_to_gg.6;204.00;wu_as_to_gg.6;0;1600.87;0.78;0.00;17.32;car;;0;0.00
1206.00;23156305_0;1264.14;10.53;843.00;0.48;-45494495_0;5.10;0.00;tripinfo_wu_os_to_gg.4;363.00;wu_os_to_gg.4;0;3034.34;1.04;0.00;97.27;car;;2;9.00
1206.00;23142338#2_0;290.21;9.12;973.00;0.90;23687583_0;5.10;0.00;tripinfo_wu_as_to_ns.16;233.00;wu_as_to_ns.16;0;1995.73;0.91;0.00;33.60;car;;1;9.00
1208.00;23156305_0;1264.14;11.76;921.00;2.96;-230845886_0;5.10;0.00;tripinfo_wu_ba_to_gg.10;287.00;wu_ba_to_gg.10;0;2718.65;1.07;0.00;54.95;car;;0;0.00
1208.00;23142338#2_0;290.21;10.66;940.00;2.62;-230845886_0;5.10;0.00;tripinfo_wu_ba_to_ns.10;268.00;wu_ba_to_ns.10;0;2346.36;1.03;0.00;62.37;car;;2;14.00
1210.00;23156305_0;1264.14;12.12;817.00;0.59;803785575#0_0;5.10;0.00;tripinfo_wu_od_to_gg.13;393.00;wu_od_to_gg.13;0;3669.96;1.12;0.00;94.62;car;;1;11.00
1210.00;28716808#1_0;754.74;10.86;929.00;0.10;803785575#0_0;5.10;0.00;tripinfo_wu_od_to_kl.11;281.00;wu_od_to_kl.11;0;2678.40;0.99;0.00;34.86;car;;0;0.00
1210.00;23142338#2_0;290.21;10.94;943.00;5.42;-230845886_0;5.10;0.00;tripinfo_wu_ba_to_ns.11;267.00;wu_ba_to_ns.11;0;2346.36;1.06;0.00;67.28;car;;2;14.00
1211.00;28716808#1_0;754.74;10.85;933.00;0.45;803785575#0_0;5.10;0.00;tripinfo_wu_od_to_kl.12;278.00;wu_od_to_kl.12;0;2678.40;1.00;0.00;35.98;car;;0;0.00
1212.00;972103805_0;116.86;11.23;966.00;0.44;-45494495_0;5.10;0.00;tripinfo_wu_os_to_ko.13;246.00;wu_os_to_ko.13;0;2045.29;1.02;0.00;53.84;car;;4;16.00
1215.00;28716808#1_0;754.74;12.77;1096.00;5.80;23687583_0;5.10;0.00;tripinfo_wu_as_to_kl.4;119.00;wu_as_to_kl.4;0;1207.92;1.23;0.00;29.46;car;;1;6.00
1216.00;972103805_0;116.86;10.68;1067.00;0.61;-23142338#2_0;5.10;0.00;tripinfo_wu_ns_to_ko.33;149.00;wu_ns_to_ko.33;0;1398.55;1.04;0.00;27.49;car;;1;9.00
1218.00;23156030#6_0;109.07;12.29;1014.00;3.70;-23142338#2_0;5.10;0.00;tripinfo_wu_ns_to_od.0;204.00;wu_ns_to_od.0;0;2005.01;1.12;0.00;31.53;car;;0;0.00
1228.00;972103805_0;116.86;10.71;1116.00;0.01;23687583_0;5.10;0.00;tripinfo_wu_as_to_ko.31;112.00;wu_as_to_ko.31;0;1102.39;0.98;0.00;9.55;car;;0;0.00
1231.00;45494495_0;58.90;9.66;1050.00;0.62;-230845886_0;5.10;0.00;tripinfo_wu_ba_to_os.17;181.00;wu_ba_to_os.17;0;1647.96;0.90;0.00;14.28;car;;0;0.00
1234.00;230845886_0;633.12;11.75;998.00;0.23;803785575#0_0;5.10;0.00;tripinfo_wu_od_to_ba.19;236.00;wu_od_to_ba.19;0;2382.14;1.06;0.00;33.24;car;;1;1.00
1234.00;45494495_0;58.90;10.40;1132.00;1.23;803785575#0_0;5.10;0.00;tripinfo_wu_od_to_os.22;102.00;wu_od_to_os.22;0;969.96;1.01;0.00;15.48;car;;0;0.00
1235.00;41899283#1_0;148.70;9.97;1011.00;0.95;-23142338#2_0;5.10;0.00;tripinfo_wu_ns_to_as.5;224.00;wu_ns_to_as.5;0;2009.37;0.90;0.00;21.98;car;;0;0.00
1236.00;45494495_0;58.90;11.59;1067.00;0.60;-230845886_0;5.10;0.00;tripinfo_wu_ba_to_os.18;169.00;wu_ba_to_os.18;0;1647.96;1.13;0.00;37.01;car;;0;0.00
1238.00;972103805_0;116.86;10.20;1124.00;4.85;23687583_0;5.10;0.00;tripinfo_wu_as_to_ko.32;114.00;wu_as_to_ko.32;0;1102.39;0.95;0.00;9.81;car;;0;0.00
1244.00;23527526_0;253.75;10.57;1030.00;1.89;-45494495_0;5.10;0.00;tripinfo_wu_os_to_gj.3;214.00;wu_os_to_gj.3;0;2071.37;0.99;0.00;23.77;car;;0;0.00
1245.00;972103805_0;116.86;7.88;932.00;0.24;-230845886_0;5.10;0.00;tripinfo_wu_ba_to_ko.38;313.00;wu_ba_to_ko.38;0;2114.29;0.75;0.00;56.08;car;;3;21.00
1246.00;230845886_0;633.12;10.08;1109.00;0.46;23687583_0;5.10;0.00;tripinfo_wu_as_to_ba.14;137.00;wu_as_to_ba.14;0;1356.50;0.99;0.00;12.70;car;;0;0.00
1247.00;972103805_0;116.86;10.08;952.00;5.94;-230845886_0;5.10;0.00;tripinfo_wu_ba_to_ko.39;295.00;wu_ba_to_ko.39;0;2114.29;0.98;0.00;98.37;car;;4;16.00
1248.00;23142338#2_0;290.21;8.62;946.00;5.59;-230845886_0;5.10;0.00;tripinfo_wu_ba_to_ns.12;302.00;wu_ba_to_ns.12;0;2346.36;0.80;0.00;37.80;car;;1;8.00
1248.00;230845886_0;633.12;11.28;1112.00;1.18;23687583_0;5.10;0.00;tripinfo_wu_as_to_ba.15;136.00;wu_as_to_ba.15;0;1356.50;1.04;0.00;17.44;car;;0;0.00
1249.00;972103805_0;116.86;11.83;959.00;9.82;-230845886_0;5.10;0.00;tripinfo_wu_ba_to_ko.40;290.00;wu_ba_to_ko.40;0;2114.29;1.07;0.00;110.05;car;;3;18.00
1249.00;28716808#1_0;754.74;9.70;958.00;0.75;803785575#0_0;5.10;0.00;tripinfo_wu_od_to_kl.13;291.00;wu_od_to_kl.13;0;2678.40;0.92;0.00;28.33;car;;0;0.00
1249.00;23142338#2_0;290.21;10.92;976.00;2.90;-230845886_0;5.10;0.00;tripinfo_wu_ba_to_ns.13;273.00;wu_ba_to_ns.13;0;2346.36;1.10;0.00;80.39;car;;1;7.00
1250.00;972103805_0;116.86;10.34;976.00;0.73;803785575#0_0;5.10;0.00;tripinfo_wu_od_to_ko.34;274.00;wu_od_to_ko.34;0;2307.67;1.00;0.00;54.77;car;;3;20.00
1255.00;23527526_0;253.75;9.35;973.00;0.60;803785575#0_0;5.10;0.00;tripinfo_wu_od_to_gj.5;282.00;wu_od_to_gj.5;0;2706.99;0.96;0.00;26.22;car;;0;0.00
1257.00;972103805_0;116.86;8.98;982.00;2.49;803785575#0_0;5.10;0.00;tripinfo_wu_od_to_ko.35;275.00;wu_od_to_ko.35;0;2307.67;0.92;0.00;36.82;car;;1;6.00
1258.00;23156305_0;1264.14;9.39;860.00;0.40;803785575#0_0;5.10;0.00;tripinfo_wu_od_to_gg.14;398.00;wu_od_to_gg.14;0;3669.96;0.91;0.00;34.15;car;;0;0.00
1259.00;972103805_0;116.86;12.31;1001.00;1.44;803785575#0_0;5.10;0.00;tripinfo_wu_od_to_ko.36;258.00;wu_od_to_ko.36;0;2307.67;1.13;0.00;63.45;car;;1;5.00
1260.00;23156305_0;1264.14;11.22;973.00;0.51;-230845886_0;5.10;0.00;tripinfo_wu_ba_to_gg.11;287.00;wu_ba_to_gg.11;0;2718.65;1.09;0.00;61.27;car;;1;2.00
1261.00;972103805_0;116.86;11.55;1039.00;0.16;-45494495_0;5.10;0.00;tripinfo_wu_os_to_ko.14;222.00;wu_os_to_ko.14;0;2045.29;1.12;0.00;45.80;car;;1;4.00
1261.00;28706217_0;94.10;6.74;1165.00;0.84;-45494495_0;5.10;0.00;tripinfo_wu_os_to_sl.6;96.00;wu_os_to_sl.6;0;484.95;0.87;0.00;39.77;car;;1;26.00
1262.00;45494495_0;58.90;10.34;1159.00;2.59;803785575#0_0;5.10;0.00;tripinfo_wu_od_to_os.23;103.00;wu_od_to_os.23;0;969.96;0.93;0.00;8.71;car;;0;0.00
1263.00;28716808#1_0;754.74;12.33;1017.00;1.17;-23142338#2_0;5.10;0.00;tripinfo_wu_ns_to_kl.3;246.00;wu_ns_to_kl.3;0;2315.58;1.15;0.00;63.74;car;;2;18.00
1263.00;230845886_0;633.12;12.74;1050.00;0.86;803785575#0_0;5.10;0.00;tripinfo_wu_od_to_ba.20;213.00;wu_od_to_ba.20;0;2382.14;1.16;0.00;26.82;car;;0;0.00
1264.00;45494495_0;58.90;11.22;1103.00;0.94;-230845886_0;5.10;0.00;tripinfo_wu_ba_to_os.19;161.00;wu_ba_to_os.19;0;1647.96;1.05;0.00;18.57;car;;0;0.00
1268.00;45494495_0;58.90;9.09;1081.00;0.08;23687583_0;5.10;0.00;tripinfo_wu_as_to_os.22;187.00;wu_as_to_os.22;0;1689.77;0.90;0.00;16.13;car;;0;0.00
1269.00;972103805_0;116.86;8.75;984.00;0.54;-230845886_0;5.10;0.00;tripinfo_wu_ba_to_ko.41;285.00;wu_ba_to_ko.41;0;2114.29;0.80;0.00;44.86;car;;2;13.00
1269.00;23527526_0;253.75;10.75;1083.00;0.94;-230845886_0;5.10;0.00;tripinfo_wu_ba_to_gj.21;186.00;wu_ba_to_gj.21;0;1755.68;0.98;0.00;22.80;car;;1;4.00
1271.00;972103805_0;116.86;9.91;1008.00;0.84;-230845886_0;5.10;0.00;tripinfo_wu_ba_to_ko.42;263.00;wu_ba_to_ko.42;0;2114.29;0.98;0.00;66.10;car;;2;10.00
1272.00;23527526_0;253.75;10.57;988.00;3.11;803785575#0_0;5.10;0.00;tripinfo_wu_od_to_gj.6;284.00;wu_od_to_gj.6;0;2706.99;0.98;0.00;35.22;car;;1;2.00
1273.00;230845886_0;633.12;11.58;1062.00;0.25;-23142338#2_0;5.10;0.00;tripinfo_wu_ns_to_ba.3;211.00;wu_ns_to_ba.3;0;2340.42;1.11;0.00;21.10;car;;0;0.00
1273.00;972103805_0;116.86;11.54;1165.00;0.81;23687583_0;5.10;0.00;tripinfo_wu_as_to_ko.33;108.00;wu_as_to_ko.33;0;1102.39;1.11;0.00;17.35;car;;1;3.00
1274.00;23527526_0;253.75;10.92;1188.00;10.23;23687583_0;5.10;0.00;tripinfo_wu_as_to_gj.22;86.00;wu_as_to_gj.22;0;649.06;1.02;0.00;28.03;car;;2;4.00
1275.00;28706217_0;94.10;8.19;1089.00;0.72;-230845886_0;5.10;0.00;tripinfo_wu_ba_to_sl.12;186.00;wu_ba_to_sl.12;0;1934.94;1.12;0.00;25.36;car;;0;0.00
1277.00;23156030#6_0;109.07;8.44;995.00;1.79;23687583_0;5.10;0.00;tripinfo_wu_as_to_od.10;282.00;wu_as_to_od.10;0;2357.31;0.81;0.00;20.68;car;;0;0.00
1278.00;23142338#2_0;290.21;11.77;1072.00;0.39;23687583_0;5.10;0.00;tripinfo_wu_as_to_ns.17;206.00;wu_as_to_ns.17;0;1995.73;1.17;0.00;51.07;car;;2;18.00
1279.00;972103805_0;116.86;10.28;1027.00;1.24;803785575#0_0;5.10;0.00;tripinfo_wu_od_to_ko.37;252.00;wu_od_to_ko.37;0;2307.67;0.97;0.00;25.77;car;;0;0.00
1279.00;23156030#6_0;109.07;9.94;1030.00;0.40;-230845886_0;5.10;0.00;tripinfo_wu_ba_to_od.13;249.00;wu_ba_to_od.13;0;2315.50;0.99;0.00;37.95;car;;2;10.00
1279.00;23156030#6_1;109.07;11.00;1045.00;0.27;23687583_0;5.10;0.00;tripinfo_wu_as_to_od.12;234.00;wu_as_to_od.12;0;2357.31;1.11;0.00;41.23;car;;1;4.00
1283.00;230845886_0;633.12;10.66;1055.00;0.06;803785575#0_0;5.10;0.00;tripinfo_wu_od_to_ba.21;228.00;wu_od_to_ba.21;0;2382.14;1.02;0.00;17.36;car;;0;0.00
1286.00;230845886_0;633.12;10.04;1148.00;2.64;23687583_0;5.10;0.00;tripinfo_wu_as_to_ba.16;138.00;wu_as_to_ba.16;0;1356.50;1.01;0.00;17.11;car;;1;4.00
1287.00;28716808#1_0;754.74;10.85;985.00;2.59;803785575#0_0;5.10;0.00;tripinfo_wu_od_to_kl.14;302.00;wu_od_to_kl.14;0;2678.40;1.03;0.00;66.09;car;;3;18.00
1288.00;23156030#6_0;109.07;9.91;1026.00;4.05;23687583_0;5.10;0.00;tripinfo_wu_as_to_od.11;262.00;wu_as_to_od.11;0;2357.31;0.90;0.00;24.73;car;;1;4.00
1290.00;23156030#6_0;109.07;10.51;1084.00;2.20;-23142338#2_0;5.10;0.00;tripinfo_wu_ns_to_od.1;206.00;wu_ns_to_od.1;0;2005.01;1.06;0.00;23.69;car;;0;0.00
1290.00;972103805_0;116.86;11.16;1170.00;0.91;23687583_0;5.10;0.00;tripinfo_wu_as_to_ko.34;120.00;wu_as_to_ko.34;0;1102.39;1.02;0.00;22.23;car;;1;6.00
1294.00;23142338#2_0;290.21;12.30;1090.00;3.73;-45494495_0;5.10;0.00;tripinfo_wu_os_to_ns.3;204.00;wu_os_to_ns.3;0;1665.91;1.14;0.00;60.93;car;;2;27.00
1294.00;41899283#1_0;148.70;10.39;1119.00;0.94;-45494495_0;5.10;0.00;tripinfo_wu_os_to_as.7;175.00;wu_os_to_as.7;0;1746.47;1.02;0.00;19.87;car;;0;0.00
1294.00;972103805_0;116.86;11.58;1175.00;5.91;23687583_0;5.10;0.00;tripinfo_wu_as_to_ko.35;119.00;wu_as_to_ko.35;0;1102.39;1.11;0.00;28.93;car;;2;9.00
1296.00;41899283#1_0;148.70;11.19;1068.00;1.92;803785575#0_0;5.10;0.00;tripinfo_wu_od_to_as.16;228.00;wu_od_to_as.16;0;2382.09;1.05;0.00;22.71;car;;0;0.00
1299.00;972103805_0;116.86;11.57;1058.00;1.53;803785575#0_0;5.10;0.00;tripinfo_wu_od_to_ko.38;241.00;wu_od_to_ko.38;0;2307.67;1.04;0.00;30.04;car;;2;2.00
1300.00;45494495_0;58.90;11.26;1139.00;0.58;23687583_0;5.10;0.00;tripinfo_wu_as_to_os.23;161.00;wu_as_to_os.23;0;1689.77;1.11;0.00;22.51;car;;1;3.00
1306.00;28716808#1_0;754.74;9.40;1086.00;1.56;-45494495_0;5.10;0.00;tripinfo_wu_os_to_kl.5;220.00;wu_os_to_kl.5;0;2042.78;0.92;0.00;19.48;car;;0;0.00
1307.00;23527526_0;253.75;10.23;1030.00;1.15;803785575#0_0;5.10;0.00;tripinfo_wu_od_to_gj.7;277.00;wu_od_to_gj.7;0;2706.99;0.96;0.00;21.44;car;;0;0.00
1307.00;972103805_0;116.86;10.85;1086.00;0.74;-230845886_0;5.10;0.00;tripinfo_wu_ba_to_ko.43;221.00;wu_ba_to_ko.43;0;2114.29;1.00;0.00;28.56;car;;1;3.00
1318.00;28716808#1_0;754.74;10.46;1184.00;6.39;23687583_0;5.10;0.00;tripinfo_wu_as_to_kl.5;134.00;wu_as_to_kl.5;0;1207.92;1.03;0.00;27.42;car;;2;3.00
1325.00;23156390_0;1121.44;9.54;979.00;3.51;803785575#0_0;5.10;0.00;tripinfo_wu_od_to_br.16;346.00;wu_od_to_br.16;0;3149.31;0.93;0.00;39.44;car;;2;7.00
1326.00;28706217_0;94.10;8.33;1088.00;2.15;23687583_0;5.10;0.00;tripinfo_wu_as_to_sl.19;238.00;wu_as_to_sl.19;0;1976.75;1.00;0.00;54.96;car;;3;21.00
1327.00;23156030#6_0;109.07;10.98;1104.00;0.73;-23142338#2_0;5.10;0.00;tripinfo_wu_ns_to_od.2;223.00;wu_ns_to_od.2;0;2005.01;1.01;0.00;31.16;car;;1;9.00
1327.00;23156390_0;1121.44;11.40;1155.00;0.40;23687583_0;5.10;0.00;tripinfo_wu_as_to_br.5;172.00;wu_as_to_br.5;0;1694.48;1.05;0.00;25.59;car;;1;1.00
1329.00;41899283#1_0;148.70;10.46;1186.00;0.09;-230845886_0;5.10;0.00;tripinfo_wu_ba_to_as.21;143.00;wu_ba_to_as.21;0;1430.78;0.99;0.00;11.95;car;;0;0.00
1334.00;23156390_0;1121.44;10.49;1083.00;0.78;-45494495_0;5.10;0.00;tripinfo_wu_os_to_br.3;251.00;wu_os_to_br.3;0;2513.69;1.02;0.00;26.86;car;;1;1.00
1334.00;28706217_0;94.10;7.78;1120.00;0.87;23687583_0;5.10;0.00;tripinfo_wu_as_to_sl.20;214.00;wu_as_to_sl.20;0;1976.75;0.98;0.00;26.67;car;;1;6.00
1337.00;23142338#2_0;290.21;9.23;1093.00;5.40;23687583_0;5.10;0.00;tripinfo_wu_as_to_ns.18;244.00;wu_as_to_ns.18;0;1995.73;0.87;0.00;34.85;car;;1;1.00
1337.00;28716808#1_0;754.74;10.20;1191.00;11.80;23687583_0;5.10;0.00;tripinfo_wu_as_to_kl.6;146.00;wu_as_to_kl.6;0;1207.92;1.00;0.00;36.61;car;;2;6.00
1341.00;972103805_0;116.86;9.44;1062.00;0.52;803785575#0_0;5.10;0.00;tripinfo_wu_od_to_ko.39;279.00;wu_od_to_ko.39;0;2307.67;0.89;0.00;33.04;car;;1;6.00
1343.00;972103805_0;116.86;9.43;1065.00;0.70;803785575#0_0;5.10;0.00;tripinfo_wu_od_to_ko.40;278.00;wu_od_to_ko.40;0;2307.67;0.95;0.00;46.89;car;;1;7.00
1345.00;972103805_0;116.86;11.79;1201.00;1.47;-23142338#2_0;5.10;0.00;tripinfo_wu_ns_to_ko.34;144.00;wu_ns_to_ko.34;0;1398.55;1.09;0.00;28.07;car;;1;3.00
1347.00;972103805_0;116.86;10.39;1204.00;3.75;-23142338#2_0;5.10;0.00;tripinfo_wu_ns_to_ko.35;143.00;wu_ns_to_ko.35;0;1398.55;1.05;0.00;22.59;car;;0;0.00
1351.00;28706217_0;94.10;9.25;1145.00;0.56;23687583_0;5.10;0.00;tripinfo_wu_as_to_sl.21;206.00;wu_as_to_sl.21;0;1976.75;1.15;0.00;46.53;car;;2;17.00
1359.00;23156305_0;1264.14;9.53;1070.00;2.75;-230845886_0;5.10;0.00;tripinfo_wu_ba_to_gg.12;289.00;wu_ba_to_gg.12;0;2718.65;0.93;0.00;23.54;car;;0;0.00
1360.00;28716808#1_0;754.74;10.44;1080.00;0.56;803785575#0_0;5.10;0.00;tripinfo_wu_od_to_kl.15;280.00;wu_od_to_kl.15;0;2678.40;1.01;0.00;38.96;car;;1;2.00
1360.00;23156390_0;1121.44;10.47;1181.00;4.33;23687583_0;5.10;0.00;tripinfo_wu_as_to_br.6;179.00;wu_as_to_br.6;0;1694.48;1.04;0.00;31.15;car;;2;5.00
1361.00;23156305_0;1264.14;10.70;999.00;0.38;-23142338#2_0;5.10;0.00;tripinfo_wu_ns_to_gg.3;362.00;wu_ns_to_gg.3;0;3297.24;0.97;0.00;52.40;car;;2;12.00
1362.00;28716808#1_0;754.74;12.83;1147.00;0.29;-45494495_0;5.10;0.00;tripinfo_wu_os_to_kl.6;215.00;wu_os_to_kl.6;0;2042.78;1.20;0.00;60.24;car;;1;2.00
1363.00;972103805_0;116.86;11.22;1220.00;0.30;-23142338#2_0;5.10;0.00;tripinfo_wu_ns_to_ko.36;143.00;wu_ns_to_ko.36;0;1398.55;1.03;0.00;21.01;car;;1;6.00
1364.00;28716808#1_0;754.74;11.39;1090.00;1.44;803785575#0_0;5.10;0.00;tripinfo_wu_od_to_kl.16;274.00;wu_od_to_kl.16;0;2678.40;1.08;0.00;48.95;car;;0;0.00
1365.00;23142338#2_0;290.21;10.58;1159.00;2.31;23687583_0;5.10;0.00;tripinfo_wu_as_to_ns.19;206.00;wu_as_to_ns.19;0;1995.73;1.04;0.00;30.33;car;;2;4.00
1367.00;41899283#1_0;148.70;10.13;1114.00;0.37;803785575#0_0;5.10;0.00;tripinfo_wu_od_to_as.17;253.00;wu_od_to_as.17;0;2382.09;0.93;0.00;20.02;car;;0;0.00
1369.00;23156305_0;1264.14;10.29;1194.00;14.55;23687583_0;5.10;0.00;tripinfo_wu_as_to_gg.7;175.00;wu_as_to_gg.7;0;1600.87;1.01;0.00;31.71;car;;1;1.00
1372.00;45494495_0;58.90;12.01;1283.00;0.60;803785575#0_0;5.10;0.00;tripinfo_wu_od_to_os.24;89.00;wu_od_to_os.24;0;969.96;1.09;0.00;8.02;car;;0;0.00
1373.00;28716808#1_0;754.74;10.63;1117.00;0.75;803785575#0_0;5.10;0.00;tripinfo_wu_od_to_kl.17;256.00;wu_od_to_kl.17;0;2678.40;1.02;0.00;18.96;car;;0;0.00
1374.00;23527526_0;253.75;9.10;1133.00;0.82;-45494495_0;5.10;0.00;tripinfo_wu_os_to_gj.4;241.00;wu_os_to_gj.4;0;2071.37;0.85;0.00;20.04;car;;0;0.00
1375.00;45494495_0;58.90;12.26;1176.00;0.66;-23142338#2_0;5.10;0.00;tripinfo_wu_ns_to_os.2;199.00;wu_ns_to_os.2;0;1865.82;1.14;0.00;49.91;car;;1;5.00
1377.00;230845886_0;633.12;9.72;1129.00;0.17;803785575#0_0;5.10;0.00;tripinfo_wu_od_to_ba.22;248.00;wu_od_to_ba.22;0;2382.14;0.94;0.00;18.88;car;;0;0.00
1377.00;28706217_0;94.10;6.91;1286.00;2.18;-45494495_0;5.10;0.00;tripinfo_wu_os_to_sl.7;91.00;wu_os_to_sl.7;0;484.95;0.98;0.00;40.96;car;;2;24.00
1378.00;23156305_0;1264.14;11.09;1219.00;0.63;23687583_0;5.10;0.00;tripinfo_wu_as_to_gg.8;159.00;wu_as_to_gg.8;0;1600.87;1.00;0.00;13.70;car;;0;0.00
1378.00;45494495_0;58.90;10.99;1286.00;2.50;803785575#0_0;5.10;0.00;tripinfo_wu_od_to_os.25;92.00;wu_od_to_os.25;0;969.96;1.05;0.00;7.92;car;;0;0.00
1380.00;23142338#2_0;290.21;11.86;1178.00;8.54;23687583_0;5.10;0.00;tripinfo_wu_as_to_ns.20;202.00;wu_as_to_ns.20;0;1995.73;1.17;0.00;47.26;car;;3;14.00
1388.00;41899283#1_0;148.70;11.41;1237.00;0.64;-230845886_0;5.10;0.00;tripinfo_wu_ba_to_as.22;151.00;wu_ba_to_as.22;0;1430.78;1.04;0.00;26.60;car;;1;4.00
1391.00;23527526_0;253.75;10.97;1178.00;0.69;-45494495_0;5.10;0.00;tripinfo_wu_os_to_gj.5;213.00;wu_os_to_gj.5;0;2071.37;1.02;0.00;29.43;car;;1;2.00
1393.00;23156030#6_0;109.07;8.99;1138.00;0.52;-230845886_0;5.10;0.00;tripinfo_wu_ba_to_od.14;255.00;wu_ba_to_od.14;0;2315.50;0.91;0.00;24.75;car;;1;3.00
1393.00;230845886_0;633.12;8.97;1230.00;0.09;23687583_0;5.10;0.00;tripinfo_wu_as_to_ba.17;163.00;wu_as_to_ba.17;0;1356.50;0.82;0.00;12.70;car;;0;0.00
1394.00;28706217_0;94.10;7.16;1179.00;2.67;-230845886_0;5.10;0.00;tripinfo_wu_ba_to_sl.13;215.00;wu_ba_to_sl.13;0;1934.94;0.99;0.00;32.59;car;;2;8.00
1396.00;23156390_0;1121.44;9.58;1169.00;0.88;-230845886_0;5.10;0.00;tripinfo_wu_ba_to_br.1;227.00;wu_ba_to_br.1;0;2198.00;0.98;0.00;21.46;car;;0;0.00
1396.00;28706217_0;94.10;9.59;1182.00;3.15;-230845886_0;5.10;0.00;tripinfo_wu_ba_to_sl.14;214.00;wu_ba_to_sl.14;0;1934.94;1.20;0.00;64.15;car;;2;6.00
1400.00;972103805_0;116.86;9.82;1166.00;0.39;-230845886_0;5.10;0.00;tripinfo_wu_ba_to_ko.44;234.00;wu_ba_to_ko.44;0;2114.29;0.95;0.00;31.49;car;;1;3.00
1407.00;45494495_0;58.90;11.25;1243.00;0.72;-230845886_0;5.10;0.00;tripinfo_wu_ba_to_os.20;164.00;wu_ba_to_os.20;0;1647.96;1.03;0.00;17.76;car;;0;0.00
1410.00;972103805_0;116.86;9.45;1139.00;0.49;803785575#0_0;5.10;0.00;tripinfo_wu_od_to_ko.41;271.00;wu_od_to_ko.41;0;2307.67;0.93;0.00;34.60;car;;1;8.00
1416.00;230845886_0;633.12;8.07;1255.00;3.00;23687583_0;5.10;0.00;tripinfo_wu_as_to_ba.18;161.00;wu_as_to_ba.18;0;1356.50;0.82;0.00;11.99;car;;0;0.00
1416.00;972103805_0;116.86;10.58;1296.00;3.91;23687583_0;5.10;0.00;tripinfo_wu_as_to_ko.36;120.00;wu_as_to_ko.36;0;1102.39;0.98;0.00;18.06;car;;1;5.00
1417.00;23156390_0;1121.44;9.99;1093.00;2.27;803785575#0_0;5.10;0.00;tripinfo_wu_od_to_br.17;324.00;wu_od_to_br.17;0;3149.31;0.99;0.00;37.07;car;;0;0.00
1418.00;972103805_0;116.86;12.09;1278.00;2.30;-23142338#2_0;5.10;0.00;tripinfo_wu_ns_to_ko.37;140.00;wu_ns_to_ko.37;0;1398.55;1.10;0.00;25.17;car;;2;5.00
1420.00;45494495_0;58.90;11.73;1328.00;0.06;803785575#0_0;5.10;0.00;tripinfo_wu_od_to_os.26;92.00;wu_od_to_os.26;0;969.96;1.12;0.00;13.12;car;;0;0.00
1422.00;41899283#1_0;148.70;9.18;1162.00;4.79;803785575#0_0;5.10;0.00;tripinfo_wu_od_to_as.18;260.00;wu_od_to_as.18;0;2382.09;0.92;0.00;25.61;car;;0;0.00
1423.00;23156030#6_0;109.07;10.07;1152.00;0.70;23687583_0;5.10;0.00;tripinfo_wu_as_to_od.13;271.00;wu_as_to_od.13;0;2357.31;0.91;0.00;37.74;car;;2;11.00
1423.00;23142338#2_0;290.21;10.22;1187.00;2.29;803785575#0_0;5.10;0.00;tripinfo_wu_od_to_ns.9;236.00;wu_od_to_ns.9;0;1928.29;0.93;0.00;35.93;car;;2;8.00
1424.00;41899283#1_0;148.70;10.41;1168.00;3.46;803785575#0_0;5.10;0.00;tripinfo_wu_od_to_as.19;256.00;wu_od_to_as.19;0;2382.09;0.94;0.00;27.08;car;;0;0.00
1424.00;23156390_0;1121.44;10.18;1252.00;0.11;23687583_0;5.10;0.00;tripinfo_wu_as_to_br.7;172.00;wu_as_to_br.7;0;1694.48;0.96;0.00;12.81;car;;0;0.00
1425.00;23142338#2_0;290.21;10.41;1195.00;0.53;-230845886_0;5.10;0.00;tripinfo_wu_ba_to_ns.14;230.00;wu_ba_to_ns.14;0;2346.36;1.02;0.00;20.66;car;;0;0.00
1426.00;41899283#1_0;148.70;9.96;1171.00;5.15;803785575#0_0;5.10;0.00;tripinfo_wu_od_to_as.20;255.00;wu_od_to_as.20;0;2382.09;0.95;0.00;28.80;car;;1;1.00
1429.00;28706217_0;94.10;7.22;1216.00;0.25;-230845886_0;5.10;0.00;tripinfo_wu_ba_to_sl.15;213.00;wu_ba_to_sl.15;0;1934.94;0.92;0.00;17.26;car;;0;0.00
1431.00;230845886_0;633.12;8.95;1162.00;0.08;-23142338#2_0;5.10;0.00;tripinfo_wu_ns_to_ba.4;269.00;wu_ns_to_ba.4;0;2340.42;0.89;0.00;32.03;car;;1;6.00
1433.00;972103805_0;116.86;10.13;1284.00;0.94;-23142338#2_0;5.10;0.00;tripinfo_wu_ns_to_ko.38;149.00;wu_ns_to_ko.38;0;1398.55;0.93;0.00;13.30;car;;0;0.00
1433.00;23527526_0;253.75;11.71;1371.00;0.00;23687583_0;5.10;0.00;tripinfo_wu_as_to_gj.23;62.00;wu_as_to_gj.23;0;649.06;1.09;0.00;7.76;car;;0;0.00
1440.00;23156390_0;1121.44;10.14;1268.00;0.76;23687583_0;5.10;0.00;tripinfo_wu_as_to_br.8;172.00;wu_as_to_br.8;0;1694.48;0.98;0.00;15.73;car;;0;0.00
1441.00;28716808#1_0;754.74;11.16;1332.00;0.87;23687583_0;5.10;0.00;tripinfo_wu_as_to_kl.7;109.00;wu_as_to_kl.7;0;1207.92;1.10;0.00;9.31;car;;0;0.00
1442.00;23156390_0;1121.44;12.10;1156.00;0.61;803785575#0_0;5.10;0.00;tripinfo_wu_od_to_br.18;286.00;wu_od_to_br.18;0;3149.31;1.12;0.00;30.78;car;;0;0.00
1444.00;972103805_0;116.86;9.19;1171.00;0.27;-45494495_0;5.10;0.00;tripinfo_wu_os_to_ko.15;273.00;wu_os_to_ko.15;0;2045.29;0.92;0.00;59.41;car;;2;28.00
1449.00;23527526_0;253.75;9.21;1248.00;0.91;-230845886_0;5.10;0.00;tripinfo_wu_ba_to_gj.22;201.00;wu_ba_to_gj.22;0;1755.68;0.86;0.00;16.56;car;;0;0.00
1451.00;23527526_0;253.75;10.66;1165.00;2.10;803785575#0_0;5.10;0.00;tripinfo_wu_od_to_gj.8;286.00;wu_od_to_gj.8;0;2706.99;1.05;0.00;53.95;car;;1;1.00
1452.00;23156305_0;1264.14;7.85;1122.00;0.12;-230845886_0;5.10;0.00;tripinfo_wu_ba_to_gg.13;330.00;wu_ba_to_gg.13;0;2718.65;0.82;0.00;29.20;car;;0;0.00
1452.00;23156030#6_0;109.07;9.83;1198.00;0.49;-230845886_0;5.10;0.00;tripinfo_wu_ba_to_od.15;254.00;wu_ba_to_od.15;0;2315.50;0.94;0.00;31.78;car;;1;9.00
1454.00;23156305_0;1264.14;8.97;1261.00;7.13;23687583_0;5.10;0.00;tripinfo_wu_as_to_gg.9;193.00;wu_as_to_gg.9;0;1600.87;0.85;0.00;22.09;car;;0;0.00
1456.00;23156030#6_0;109.07;11.08;1216.00;0.14;23687583_0;5.10;0.00;tripinfo_wu_as_to_od.14;240.00;wu_as_to_od.14;0;2357.31;1.05;0.00;37.03;car;;0;0.00
1458.00;23156305_0;1264.14;10.46;1087.00;0.38;803785575#0_0;5.10;0.00;tripinfo_wu_od_to_gg.15;371.00;wu_od_to_gg.15;0;3669.96;1.02;0.00;43.95;car;;0;0.00
1461.00;41899283#1_0;148.70;10.98;1305.00;5.76;-230845886_0;5.10;0.00;tripinfo_wu_ba_to_as.23;156.00;wu_ba_to_as.23;0;1430.78;0.99;0.00;24.90;car;;1;3.00
1462.00;972103805_0;116.86;8.58;1338.00;2.87;23687583_0;5.10;0.00;tripinfo_wu_as_to_ko.37;124.00;wu_as_to_ko.37;0;1102.39;0.88;0.00;11.21;car;;0;0.00
1464.00;972103805_0;116.86;10.03;1348.00;0.08;23687583_0;5.10;0.00;tripinfo_wu_as_to_ko.38;116.00;wu_as_to_ko.38;0;1102.39;0.94;0.00;10.33;car;;0;0.00
1467.00;28716808#1_0;754.74;10.10;1341.00;5.31;23687583_0;5.10;0.00;tripinfo_wu_as_to_kl.8;126.00;wu_as_to_kl.8;0;1207.92;0.98;0.00;13.45;car;;0;0.00
1468.00;972103805_0;116.86;9.93;1190.00;4.47;803785575#0_0;5.10;0.00;tripinfo_wu_od_to_ko.42;278.00;wu_od_to_ko.42;0;2307.67;0.95;0.00;46.24;car;;2;8.00
1469.00;45494495_0;58.90;10.68;1278.00;0.82;-230845886_0;5.10;0.00;tripinfo_wu_ba_to_os.21;191.00;wu_ba_to_os.21;0;1647.96;1.05;0.00;48.97;car;;0;0.00
1476.00;45494495_0;58.90;9.48;1281.00;3.16;-230845886_0;5.10;0.00;tripinfo_wu_ba_to_os.22;195.00;wu_ba_to_os.22;0;1647.96;0.88;0.00;25.49;car;;0;0.00
1477.00;23142338#2_0;290.21;9.95;1258.00;4.47;23687583_0;5.10;0.00;tripinfo_wu_as_to_ns.21;219.00;wu_as_to_ns.21;0;1995.73;0.93;0.00;24.00;car;;0;0.00
1478.00;28706217_0;94.10;7.50;1197.00;11.04;23687583_0;5.10;0.00;tripinfo_wu_as_to_sl.22;281.00;wu_as_to_sl.22;0;1976.75;0.95;0.00;86.97;car;;1;41.00
1485.00;23527526_0;253.75;12.01;1302.00;3.26;-230845886_0;5.10;0.00;tripinfo_wu_ba_to_gj.23;183.00;wu_ba_to_gj.23;0;1755.68;1.09;0.00;37.22;car;;1;6.00
1486.00;45494495_0;58.90;12.77;1330.00;0.87;-230845886_0;5.10;0.00;tripinfo_wu_ba_to_os.23;156.00;wu_ba_to_os.23;0;1647.96;1.16;0.00;27.17;car;;0;0.00
1487.00;972103805_0;116.86;9.02;1356.00;0.70;23687583_0;5.10;0.00;tripinfo_wu_as_to_ko.39;131.00;wu_as_to_ko.39;0;1102.39;0.82;0.00;10.35;car;;0;0.00
1489.00;41899283#1_0;148.70;9.69;1271.00;0.98;-45494495_0;5.10;0.00;tripinfo_wu_os_to_as.9;218.00;wu_os_to_as.9;0;1746.47;0.97;0.00;54.61;car;;1;16.00
1492.00;41899283#1_0;148.70;9.62;1216.00;0.40;803785575#0_0;5.10;0.00;tripinfo_wu_od_to_as.22;276.00;wu_od_to_as.22;0;2382.09;0.97;0.00;55.01;car;;2;18.00
1495.00;972103805_0;116.86;10.02;1252.00;0.27;-230845886_0;5.10;0.00;tripinfo_wu_ba_to_ko.45;243.00;wu_ba_to_ko.45;0;2114.29;0.92;0.00;33.74;car;;1;4.00
1495.00;23527526_0;253.75;10.95;1315.00;2.38;-230845886_0;5.10;0.00;tripinfo_wu_ba_to_gj.25;180.00;wu_ba_to_gj.25;0;1755.68;1.06;0.00;28.63;car;;0;0.00
1500.00;23142338#2_0;290.21;9.03;1227.00;0.21;-230845886_0;5.10;0.00;tripinfo_wu_ba_to_ns.15;273.00;wu_ba_to_ns.15;0;2346.36;0.88;0.00;32.55;car;;1;7.00
1500.00;41899283#1_0;148.70;8.13;1268.00;1.70;-45494495_0;5.10;0.00;tripinfo_wu_os_to_as.8;232.00;wu_os_to_as.8;0;1746.47;0.82;0.00;39.18;car;;1;17.00
1502.00;23142338#2_0;290.21;9.02;1230.00;0.48;-230845886_0;5.10;0.00;tripinfo_wu_ba_to_ns.16;272.00;wu_ba_to_ns.16;0;2346.36;0.92;0.00;40.21;car;;1;6.00
1502.00;230845886_0;633.12;11.11;1236.00;5.71;803785575#0_0;5.10;0.00;tripinfo_wu_od_to_ba.23;266.00;wu_od_to_ba.23;0;2382.14;1.03;0.00;58.52;car;;1;1.00
1502.00;41899283#1_0;148.70;11.69;1283.00;0.58;-45494495_0;5.10;0.00;tripinfo_wu_os_to_as.10;219.00;wu_os_to_as.10;0;1746.47;1.10;0.00;74.55;car;;2;16.00
1504.00;230845886_0;633.12;11.97;1242.00;3.10;803785575#0_0;5.10;0.00;tripinfo_wu_od_to_ba.24;262.00;wu_od_to_ba.24;0;2382.14;1.13;0.00;70.67;car;;0;0.00
1505.00;41899283#1_0;148.70;10.09;1289.00;4.46;-45494495_0;5.10;0.00;tripinfo_wu_os_to_as.11;216.00;wu_os_to_as.11;0;1746.47;0.99;0.00;55.35;car;;1;13.00
1513.00;23156030#6_0;109.07;10.12;1264.00;7.43;23687583_0;5.10;0.00;tripinfo_wu_as_to_od.15;249.00;wu_as_to_od.15;0;2357.31;1.00;0.00;36.18;car;;1;8.00
1513.00;23527526_0;253.75;9.31;1312.00;2.34;-230845886_0;5.10;0.00;tripinfo_wu_ba_to_gj.24;201.00;wu_ba_to_gj.24;0;1755.68;0.87;0.00;17.01;car;;0;0.00
1514.00;230845886_0;633.12;11.07;1257.00;0.88;803785575#0_0;5.10;0.00;tripinfo_wu_od_to_ba.25;257.00;wu_od_to_ba.25;0;2382.14;1.01;0.00;43.46;car;;0;0.00
1515.00;41899283#1_0;148.70;8.36;1209.00;2.09;803785575#0_0;5.10;0.00;tripinfo_wu_od_to_as.21;306.00;wu_od_to_as.21;0;2382.09;0.80;0.00;35.71;car;;1;4.00
1517.00;41899283#1_0;148.70;11.75;1233.00;3.07;803785575#0_0;5.10;0.00;tripinfo_wu_od_to_as.23;284.00;wu_od_to_as.23;0;2382.09;1.08;0.00;83.87;car;;1;1.00
1519.00;23156390_0;1121.44;10.51;1206.00;0.49;803785575#0_0;5.10;0.00;tripinfo_wu_od_to_br.19;313.00;wu_od_to_br.19;0;3149.31;1.00;0.00;26.20;car;;0;0.00
1522.00;972103805_0;116.86;8.33;1378.00;0.75;23687583_0;5.10;0.00;tripinfo_wu_as_to_ko.40;144.00;wu_as_to_ko.40;0;1102.39;0.83;0.00;23.91;car;;1;9.00
1524.00;972103805_0;116.86;9.16;1394.00;0.34;23687583_0;5.10;0.00;tripinfo_wu_as_to_ko.41;130.00;wu_as_to_ko.41;0;1102.39;0.91;0.00;20.66;car;;0;0.00
1527.00;972103805_0;116.86;9.79;1284.00;5.21;-230845886_0;5.10;0.00;tripinfo_wu_ba_to_ko.46;243.00;wu_ba_to_ko.46;0;2114.29;0.91;0.00;30.20;car;;1;4.00
1529.00;972103805_0;116.86;11.41;1287.00;6.25;-230845886_0;5.10;0.00;tripinfo_wu_ba_to_ko.47;242.00;wu_ba_to_ko.47;0;2114.29;1.06;0.00;60.81;car;;1;3.00
1530.00;41899283#1_0;148.70;10.28;1378.00;0.12;-230845886_0;5.10;0.00;tripinfo_wu_ba_to_as.24;152.00;wu_ba_to_as.24;0;1430.78;0.94;0.00;14.90;car;;0;0.00
1535.00;972103805_0;116.86;7.55;1193.00;0.59;803785575#0_0;5.10;0.00;tripinfo_wu_od_to_ko.43;342.00;wu_od_to_ko.43;0;2307.67;0.73;0.00;42.29;car;;1;5.00
1535.00;23156030#6_0;109.07;12.79;1299.00;0.76;-230845886_0;5.10;0.00;tripinfo_wu_ba_to_od.18;236.00;wu_ba_to_od.18;0;2315.50;1.17;0.00;55.92;car;;0;0.00
1537.00;972103805_0;116.86;11.12;1201.00;0.97;803785575#0_0;5.10;0.00;tripinfo_wu_od_to_ko.44;336.00;wu_od_to_ko.44;0;2307.67;1.06;0.00;127.85;car;;1;4.00
1537.00;28706217_0;94.10;6.32;1263.00;1.17;-230845886_0;5.10;0.00;tripinfo_wu_ba_to_sl.16;274.00;wu_ba_to_sl.16;0;1934.94;0.77;0.00;39.44;car;;1;13.00
1537.00;45494495_0;58.90;12.13;1452.00;3.58;803785575#0_0;5.10;0.00;tripinfo_wu_od_to_os.27;85.00;wu_od_to_os.27;0;969.96;1.14;0.00;8.28;car;;0;0.00
1538.00;41899283#1_0;148.70;12.04;1292.00;4.86;803785575#0_0;5.10;0.00;tripinfo_wu_od_to_as.24;246.00;wu_od_to_as.24;0;2382.09;1.13;0.00;56.12;car;;1;6.00
1539.00;972103805_0;116.86;12.79;1280.00;0.92;803785575#0_0;5.10;0.00;tripinfo_wu_od_to_ko.45;259.00;wu_od_to_ko.45;0;2307.67;1.26;0.00;82.42;car;;1;3.00
1544.00;45494495_0;58.90;10.80;1383.00;0.40;-230845886_0;5.10;0.00;tripinfo_wu_ba_to_os.24;161.00;wu_ba_to_os.24;0;1647.96;1.03;0.00;16.88;car;;0;0.00
1545.00;41899283#1_0;148.70;11.24;1403.00;1.67;-230845886_0;5.10;0.00;tripinfo_wu_ba_to_as.25;142.00;wu_ba_to_as.25;0;1430.78;1.08;0.00;21.28;car;;0;0.00
1548.00;972103805_0;116.86;10.47;1393.00;0.24;-23142338#2_0;5.10;0.00;tripinfo_wu_ns_to_ko.39;155.00;wu_ns_to_ko.39;0;1398.55;0.95;0.00;22.91;car;;1;4.00
1548.00;28706217_0;94.10;6.58;1469.00;0.36;-45494495_0;5.10;0.00;tripinfo_wu_os_to_sl.8;79.00;wu_os_to_sl.8;0;484.95;0.91;0.00;24.75;car;;2;11.00
1550.00;230845886_0;633.12;10.93;1375.00;2.32;-45494495_0;5.10;0.00;tripinfo_wu_os_to_ba.10;175.00;wu_os_to_ba.10;0;1746.52;1.07;0.00;28.07;car;;1;5.00
1551.00;23527526_0;253.75;11.82;1477.00;0.07;23687583_0;5.10;0.00;tripinfo_wu_as_to_gj.24;74.00;wu_as_to_gj.24;0;649.06;1.08;0.00;18.45;car;;1;5.00
1553.00;23156030#6_0;109.07;8.85;1293.00;1.95;-230845886_0;5.10;0.00;tripinfo_wu_ba_to_od.16;260.00;wu_ba_to_od.16;0;2315.50;0.88;0.00;22.70;car;;0;0.00
1553.00;41899283#1_0;148.70;10.68;1337.00;0.07;-23142338#2_0;5.10;0.00;tripinfo_wu_ns_to_as.6;216.00;wu_ns_to_as.6;0;2009.37;1.04;0.00;39.54;car;;2;12.00
1553.00;28706217_0;94.10;7.40;1344.00;4.15;23687583_0;5.10;0.00;tripinfo_wu_as_to_sl.23;209.00;wu_as_to_sl.23;0;1976.75;1.00;0.00;24.69;car;;0;0.00
1554.00;23156030#6_1;109.07;9.63;1296.00;2.82;-230845886_0;5.10;0.00;tripinfo_wu_ba_to_od.17;258.00;wu_ba_to_od.17;0;2315.50;0.90;0.00;26.38;car;;0;0.00
1554.00;230845886_0;633.12;10.51;1333.00;0.53;-23142338#2_0;5.10;0.00;tripinfo_wu_ns_to_ba.5;221.00;wu_ns_to_ba.5;0;2340.42;1.04;0.00;18.76;car;;0;0.00
1555.00;23156030#6_0;109.07;9.66;1309.00;0.67;-230845886_0;5.10;0.00;tripinfo_wu_ba_to_od.19;246.00;wu_ba_to_od.19;0;2315.50;0.93;0.00;19.79;car;;0;0.00
1556.00;23142338#2_0;290.21;9.16;1308.00;0.58;23687583_0;5.10;0.00;tripinfo_wu_as_to_ns.22;248.00;wu_as_to_ns.22;0;1995.73;0.91;0.00;46.86;car;;2;19.00
1558.00;23156305_0;1264.14;9.80;1150.00;0.71;803785575#0_0;5.10;0.00;tripinfo_wu_od_to_gg.16;408.00;wu_od_to_gg.16;0;3669.96;0.90;0.00;38.77;car;;1;1.00
1560.00;23156305_0;1264.14;11.13;1218.00;0.65;-45494495_0;5.10;0.00;tripinfo_wu_os_to_gg.5;342.00;wu_os_to_gg.5;0;3034.34;1.07;0.00;82.85;car;;1;2.00
1560.00;23527526_0;253.75;9.69;1303.00;0.79;-45494495_0;5.10;0.00;tripinfo_wu_os_to_gj.6;257.00;wu_os_to_gj.6;0;2071.37;0.95;0.00;60.09;car;;1;7.00
1560.00;972103805_0;116.86;9.99;1318.00;4.21;-230845886_0;5.10;0.00;tripinfo_wu_ba_to_ko.48;242.00;wu_ba_to_ko.48;0;2114.29;0.96;0.00;41.21;car;;1;8.00
1562.00;28716808#1_0;754.74;10.22;1248.00;0.38;803785575#0_0;5.10;0.00;tripinfo_wu_od_to_kl.18;314.00;wu_od_to_kl.18;0;2678.40;0.95;0.00;59.83;car;;2;9.00
1562.00;23527526_0;253.75;11.18;1298.00;4.38;803785575#0_0;5.10;0.00;tripinfo_wu_od_to_gj.9;264.00;wu_od_to_gj.9;0;2706.99;1.10;0.00;40.80;car;;2;5.00
1564.00;28716808#1_0;754.74;12.50;1273.00;3.79;803785575#0_0;5.10;0.00;tripinfo_wu_od_to_kl.19;291.00;wu_od_to_kl.19;0;2678.40;1.17;0.00;83.24;car;;1;7.00
1564.00;23156030#6_0;109.07;10.43;1480.00;0.05;-45494495_0;5.10;0.00;tripinfo_wu_os_to_od.13;84.00;wu_os_to_od.13;0;865.51;1.03;0.00;7.58;car;;0;0.00
1566.00;28716808#1_0;754.74;11.17;1455.00;0.80;23687583_0;5.10;0.00;tripinfo_wu_as_to_kl.9;111.00;wu_as_to_kl.9;0;1207.92;1.10;0.00;11.16;car;;0;0.00
1568.00;972103805_0;116.86;9.95;1304.00;0.85;803785575#0_0;5.10;0.00;tripinfo_wu_od_to_ko.46;264.00;wu_od_to_ko.46;0;2307.67;0.99;0.00;42.43;car;;2;13.00
1569.00;23156305_0;1264.14;9.42;1184.00;0.51;803785575#0_0;5.10;0.00;tripinfo_wu_od_to_gg.17;385.00;wu_od_to_gg.17;0;3669.96;0.96;0.00;39.42;car;;1;5.00
1570.00;41899283#1_0;148.70;10.22;1295.00;7.58;803785575#0_0;5.10;0.00;tripinfo_wu_od_to_as.25;275.00;wu_od_to_as.25;0;2382.09;0.92;0.00;41.61;car;;2;12.00
1570.00;972103805_0;116.86;12.14;1367.00;0.32;-45494495_0;5.10;0.00;tripinfo_wu_os_to_ko.16;203.00;wu_os_to_ko.16;0;2045.29;1.10;0.00;25.25;car;;0;0.00
1572.00;41899283#1_0;148.70;9.87;1410.00;0.57;-230845886_0;5.10;0.00;tripinfo_wu_ba_to_as.26;162.00;wu_ba_to_as.26;0;1430.78;0.95;0.00;25.03;car;;1;4.00
1576.00;23527526_0;253.75;10.03;1400.00;3.67;-230845886_0;5.10;0.00;tripinfo_wu_ba_to_gj.26;176.00;wu_ba_to_gj.26;0;1755.68;0.99;0.00;14.83;car;;0;0.00
1577.00;45494495_0;58.90;10.55;1411.00;0.27;23687583_0;5.10;0.00;tripinfo_wu_as_to_os.24;166.00;wu_as_to_os.24;0;1689.77;1.00;0.00;13.45;car;;0;0.00
1578.00;23156305_0;1264.14;9.62;1290.00;1.28;-230845886_0;5.10;0.00;tripinfo_wu_ba_to_gg.14;288.00;wu_ba_to_gg.14;0;2718.65;0.95;0.00;28.00;car;;0;0.00
1579.00;23156390_0;1121.44;10.36;1230.00;0.87;803785575#0_0;5.10;0.00;tripinfo_wu_od_to_br.20;349.00;wu_od_to_br.20;0;3149.31;1.02;0.00;67.97;car;;1;2.00
1583.00;972103805_0;116.86;8.35;1322.00;0.27;-230845886_0;5.10;0.00;tripinfo_wu_ba_to_ko.49;261.00;wu_ba_to_ko.49;0;2114.29;0.86;0.00;36.54;car;;1;10.00
1584.00;23156030#6_0;109.07;10.10;1335.00;2.15;23687583_0;5.10;0.00;tripinfo_wu_as_to_od.16;249.00;wu_as_to_od.16;0;2357.31;0.97;0.00;29.87;car;;2;4.00
1584.00;972103805_0;116.86;12.04;1397.00;0.80;-230845886_0;5.10;0.00;tripinfo_wu_ba_to_ko.50;187.00;wu_ba_to_ko.50;0;2114.29;1.19;0.00;24.93;car;;0;0.00
1586.00;23527526_0;253.75;10.83;1520.00;0.32;23687583_0;5.10;0.00;tripinfo_wu_as_to_gj.25;66.00;wu_as_to_gj.25;0;649.06;1.06;0.00;9.30;car;;0;0.00
1590.00;45494495_0;58.90;10.48;1483.00;6.82;803785575#0_0;5.10;0.00;tripinfo_wu_od_to_os.28;107.00;wu_od_to_os.28;0;969.96;0.97;0.00;16.39;car;;0;0.00
1591.00;23156390_0;1121.44;9.82;1239.00;1.07;803785575#0_0;5.10;0.00;tripinfo_wu_od_to_br.21;352.00;wu_od_to_br.21;0;3149.31;0.97;0.00;58.83;car;;0;0.00
1592.00;972103805_0;116.86;10.37;1447.00;0.64;-23142338#2_0;5.10;0.00;tripinfo_wu_ns_to_ko.40;145.00;wu_ns_to_ko.40;0;1398.55;0.95;0.00;11.51;car;;0;0.00
1593.00;23156390_0;1121.44;9.92;1255.00;0.93;-23142338#2_0;5.10;0.00;tripinfo_wu_ns_to_br.2;338.00;wu_ns_to_br.2;0;2792.05;1.01;0.00;86.41;car;;3;48.00
1595.00;23156390_0;1121.44;10.63;1438.00;0.73;23687583_0;5.10;0.00;tripinfo_wu_as_to_br.9;157.00;wu_as_to_br.9;0;1694.48;1.06;0.00;12.02;car;;0;0.00
1596.00;28716808#1_0;754.74;10.71;1313.00;0.53;803785575#0_0;5.10;0.00;tripinfo_wu_od_to_kl.20;283.00;wu_od_to_kl.20;0;2678.40;1.04;0.00;50.02;car;;3;13.00
1596.00;23527526_0;253.75;11.88;1428.00;0.68;-230845886_0;5.10;0.00;tripinfo_wu_ba_to_gj.27;168.00;wu_ba_to_gj.27;0;1755.68;1.11;0.00;24.67;car;;0;0.00
1596.00;972103805_0;116.86;10.72;1474.00;0.93;23687583_0;5.10;0.00;tripinfo_wu_as_to_ko.42;122.00;wu_as_to_ko.42;0;1102.39;0.97;0.00;18.76;car;;1;7.00
1603.00;230845886_0;633.12;10.16;1373.00;0.18;-23142338#2_0;5.10;0.00;tripinfo_wu_ns_to_ba.6;230.00;wu_ns_to_ba.6;0;2340.42;1.03;0.00;25.61;car;;0;0.00
1603.00;28706217_0;94.10;9.56;1397.00;2.35;23687583_0;5.10;0.00;tripinfo_wu_as_to_sl.24;206.00;wu_as_to_sl.24;0;1976.75;1.22;0.00;55.46;car;;2;20.00
1604.00;23156305_0;1264.14;10.55;1337.00;0.13;-230845886_0;5.10;0.00;tripinfo_wu_ba_to_gg.15;267.00;wu_ba_to_gg.15;0;2718.65;1.01;0.00;23.30;car;;0;0.00
1607.00;23527526_0;253.75;10.94;1536.00;0.24;23687583_0;5.10;0.00;tripinfo_wu_as_to_gj.26;71.00;wu_as_to_gj.26;0;649.06;1.07;0.00;15.45;car;;1;4.00
1608.00;972103805_0;116.86;10.44;1362.00;2.09;803785575#0_0;5.10;0.00;tripinfo_wu_od_to_ko.47;246.00;wu_od_to_ko.47;0;2307.67;1.02;0.00;31.37;car;;1;4.00
1608.00;28706217_0;94.10;7.93;1400.00;3.91;23687583_0;5.10;0.00;tripinfo_wu_as_to_sl.25;208.00;wu_as_to_sl.25;0;1976.75;1.05;0.00;32.66;car;;1;10.00
1609.00;23156390_0;1121.44;11.61;1289.00;4.54;803785575#0_0;5.10;0.00;tripinfo_wu_od_to_br.22;320.00;wu_od_to_br.22;0;3149.31;1.05;0.00;48.70;car;;1;5.00
1612.00;972103805_0;116.86;10.44;1365.00;0.90;803785575#0_0;5.10;0.00;tripinfo_wu_od_to_ko.48;247.00;wu_od_to_ko.48;0;2307.67;0.97;0.00;20.83;car;;0;0.00
1613.00;23156030#6_1;109.07;12.85;1372.00;0.90;-230845886_0;5.10;0.00;tripinfo_wu_ba_to_od.21;241.00;wu_ba_to_od.21;0;2315.50;1.22;0.00;69.69;car;;1;4.00
1613.00;23156030#6_0;109.07;11.93;1518.00;0.35;-45494495_0;5.10;0.00;tripinfo_wu_os_to_od.14;95.00;wu_os_to_od.14;0;865.51;1.09;0.00;23.08;car;;1;10.00
1615.00;972103805_0;116.86;10.85;1457.00;0.06;-23142338#2_0;5.10;0.00;tripinfo_wu_ns_to_ko.41;158.00;wu_ns_to_ko.41;0;1398.55;1.01;0.00;32.92;car;;1;17.00
1617.00;41899283#1_0;148.70;11.00;1406.00;0.05;-23142338#2_0;5.10;0.00;tripinfo_wu_ns_to_as.7;211.00;wu_ns_to_as.7;0;2009.37;0.99;0.00;26.53;car;;1;1.00
1617.00;28706217_0;94.10;7.70;1414.00;1.95;23687583_0;5.10;0.00;tripinfo_wu_as_to_sl.26;203.00;wu_as_to_sl.26;0;1976.75;1.06;0.00;30.32;car;;0;0.00
1619.00;23527526_0;253.75;10.25;1437.00;0.72;-230845886_0;5.10;0.00;tripinfo_wu_ba_to_gj.28;182.00;wu_ba_to_gj.28;0;1755.68;0.95;0.00;15.04;car;;0;0.00
1620.00;230845886_0;633.12;11.96;1497.00;0.06;23687583_0;5.10;0.00;tripinfo_wu_as_to_ba.19;123.00;wu_as_to_ba.19;0;1356.50;1.08;0.00;9.17;car;;0;0.00
1622.00;23156030#6_0;109.07;11.56;1527.00;0.80;-45494495_0;5.10;0.00;tripinfo_wu_os_to_od.15;95.00;wu_os_to_od.15;0;865.51;1.06;0.00;20.38;car;;1;3.00
1623.00;23156030#6_1;109.07;11.74;1537.00;0.87;-45494495_0;5.10;0.00;tripinfo_wu_os_to_od.16;86.00;wu_os_to_od.16;0;865.51;1.08;0.00;13.17;car;;0;0.00
1625.00;23156305_0;1264.14;10.92;1226.00;3.00;803785575#0_0;5.10;0.00;tripinfo_wu_od_to_gg.19;399.00;wu_od_to_gg.19;0;3669.96;1.02;0.00;74.20;car;;2;16.00
1629.00;23156030#6_0;109.07;8.67;1357.00;0.68;-230845886_0;5.10;0.00;tripinfo_wu_ba_to_od.20;272.00;wu_ba_to_od.20;0;2315.50;0.87;0.00;31.94;car;;1;7.00
1629.00;28716808#1_0;754.74;11.32;1359.00;0.18;803785575#0_0;5.10;0.00;tripinfo_wu_od_to_kl.21;270.00;wu_od_to_kl.21;0;2678.40;1.07;0.00;44.29;car;;0;0.00
1630.00;972103805_0;116.86;11.33;1524.00;0.19;23687583_0;5.10;0.00;tripinfo_wu_as_to_ko.43;106.00;wu_as_to_ko.43;0;1102.39;1.05;0.00;10.51;car;;0;0.00
1631.00;23156390_0;1121.44;9.59;1354.00;0.07;-45494495_0;5.10;0.00;tripinfo_wu_os_to_br.4;277.00;wu_os_to_br.4;0;2513.69;0.91;0.00;25.94;car;;0;0.00
1633.00;972103805_0;116.86;11.01;1375.00;0.30;803785575#0_0;5.10;0.00;tripinfo_wu_od_to_ko.49;258.00;wu_od_to_ko.49;0;2307.67;1.01;0.00;39.59;car;;2;11.00
1634.00;41899283#1_0;148.70;11.30;1495.00;0.89;-230845886_0;5.10;0.00;tripinfo_wu_ba_to_as.27;139.00;wu_ba_to_as.27;0;1430.78;1.03;0.00;13.16;car;;0;0.00
1636.00;972103805_0;116.86;10.56;1378.00;3.19;803785575#0_0;5.10;0.00;tripinfo_wu_od_to_ko.50;258.00;wu_od_to_ko.50;0;2307.67;0.98;0.00;33.97;car;;1;9.00
1638.00;972103805_0;116.86;11.15;1392.00;0.10;803785575#0_0;5.10;0.00;tripinfo_wu_od_to_ko.51;246.00;wu_od_to_ko.51;0;2307.67;1.11;0.00;47.66;car;;1;8.00
1638.00;23527526_0;253.75;10.79;1572.00;1.73;23687583_0;5.10;0.00;tripinfo_wu_as_to_gj.27;66.00;wu_as_to_gj.27;0;649.06;1.02;0.00;7.58;car;;0;0.00
1640.00;972103805_0;116.86;11.97;1400.00;0.86;803785575#0_0;5.10;0.00;tripinfo_wu_od_to_ko.52;240.00;wu_od_to_ko.52;0;2307.67;1.13;0.00;45.49;car;;1;6.00
1641.00;23156305_0;1264.14;10.42;1223.00;0.95;803785575#0_0;5.10;0.00;tripinfo_wu_od_to_gg.18;418.00;wu_od_to_gg.18;0;3669.96;0.95;0.00;69.82;car;;1;3.00
1641.00;23142338#2_0;290.21;8.63;1383.00;0.13;23687583_0;5.10;0.00;tripinfo_wu_as_to_ns.23;258.00;wu_as_to_ns.23;0;1995.73;0.86;0.00;46.92;car;;2;17.00
1645.00;23156030#6_0;109.07;9.80;1412.00;0.16;-23142338#2_0;5.10;0.00;tripinfo_wu_ns_to_od.3;233.00;wu_ns_to_od.3;0;2005.01;0.95;0.00;30.47;car;;1;5.00
1646.00;972103805_0;116.86;11.44;1532.00;0.55;23687583_0;5.10;0.00;tripinfo_wu_as_to_ko.44;114.00;wu_as_to_ko.44;0;1102.39;1.04;0.00;18.62;car;;1;4.00
1648.00;23156305_0;1264.14;11.51;1270.00;1.79;803785575#0_0;5.10;0.00;tripinfo_wu_od_to_gg.21;378.00;wu_od_to_gg.21;0;3669.96;1.07;0.00;66.30;car;;2;7.00
1649.00;23527526_0;253.75;11.55;1584.00;0.10;23687583_0;5.10;0.00;tripinfo_wu_as_to_gj.28;65.00;wu_as_to_gj.28;0;649.06;1.06;0.00;8.71;car;;0;0.00
1651.00;41899283#1_0;148.70;10.07;1404.00;0.56;803785575#0_0;5.10;0.00;tripinfo_wu_od_to_as.26;247.00;wu_od_to_as.26;0;2382.09;0.99;0.00;29.65;car;;1;6.00
1651.00;45494495_0;58.90;12.44;1483.00;0.79;23687583_0;5.10;0.00;tripinfo_wu_as_to_os.25;168.00;wu_as_to_os.25;0;1689.77;1.13;0.00;32.89;car;;0;0.00
1654.00;23156390_0;1121.44;9.58;1321.00;0.46;803785575#0_0;5.10;0.00;tripinfo_wu_od_to_br.23;333.00;wu_od_to_br.23;0;3149.31;0.95;0.00;32.25;car;;1;1.00
1655.00;28706217_0;94.10;6.70;1581.00;0.23;-45494495_0;5.10;0.00;tripinfo_wu_os_to_sl.9;74.00;wu_os_to_sl.9;0;484.95;0.90;0.00;19.35;car;;1;6.00
1656.00;23156390_0;1121.44;10.50;1337.00;0.57;803785575#0_0;5.10;0.00;tripinfo_wu_od_to_br.24;319.00;wu_od_to_br.24;0;3149.31;1.02;0.00;37.06;car;;1;3.00
1656.00;41899283#1_0;148.70;10.36;1413.00;0.84;803785575#0_0;5.10;0.00;tripinfo_wu_od_to_as.27;243.00;wu_od_to_as.27;0;2382.09;0.96;0.00;20.02;car;;0;0.00
1658.00;972103805_0;116.86;10.24;1408.00;0.21;803785575#0_0;5.10;0.00;tripinfo_wu_od_to_ko.53;250.00;wu_od_to_ko.53;0;2307.67;0.97;0.00;24.46;car;;0;0.00
1659.00;23156390_0;1121.44;11.01;1340.00;1.88;803785575#0_0;5.10;0.00;tripinfo_wu_od_to_br.25;319.00;wu_od_to_br.25;0;3149.31;1.02;0.00;38.64;car;;2;5.00
1659.00;23527526_0;253.75;11.16;1593.00;0.22;23687583_0;5.10;0.00;tripinfo_wu_as_to_gj.29;66.00;wu_as_to_gj.29;0;649.06;1.02;0.00;7.82;car;;0;0.00
1661.00;23527526_0;253.75;12.46;1596.00;0.32;23687583_0;5.10;0.00;tripinfo_wu_as_to_gj.30;65.00;wu_as_to_gj.30;0;649.06;1.19;0.00;14.68;car;;0;0.00
1662.00;230845886_0;633.12;10.62;1527.00;0.81;23687583_0;5.10;0.00;tripinfo_wu_as_to_ba.20;135.00;wu_as_to_ba.20;0;1356.50;1.06;0.00;18.89;car;;1;4.00
1664.00;28706217_0;94.10;8.02;1455.00;0.38;-230845886_0;5.10;0.00;tripinfo_wu_ba_to_sl.17;209.00;wu_ba_to_sl.17;0;1934.94;0.98;0.00;25.44;car;;1;5.00
1665.00;23156305_0;1264.14;10.15;1267.00;0.14;803785575#0_0;5.10;0.00;tripinfo_wu_od_to_gg.20;398.00;wu_od_to_gg.20;0;3669.96;0.99;0.00;59.67;car;;2;6.00
1665.00;972103805_0;116.86;10.12;1542.00;2.50;23687583_0;5.10;0.00;tripinfo_wu_as_to_ko.45;123.00;wu_as_to_ko.45;0;1102.39;0.97;0.00;19.87;car;;1;1.00
1674.00;972103805_0;116.86;8.31;1413.00;1.16;-230845886_0;5.10;0.00;tripinfo_wu_ba_to_ko.51;261.00;wu_ba_to_ko.51;0;2114.29;0.81;0.00;23.47;car;;0;0.00
1678.00;45494495_0;58.90;11.01;1577.00;0.61;803785575#0_0;5.10;0.00;tripinfo_wu_od_to_os.29;101.00;wu_od_to_os.29;0;969.96;1.00;0.00;13.64;car;;0;0.00
1679.00;972103805_0;116.86;10.91;1545.00;0.97;23687583_0;5.10;0.00;tripinfo_wu_as_to_ko.46;134.00;wu_as_to_ko.46;0;1102.39;1.03;0.00;36.68;car;;1;10.00
1684.00;972103805_0;116.86;10.32;1439.00;0.16;803785575#0_0;5.10;0.00;tripinfo_wu_od_to_ko.54;245.00;wu_od_to_ko.54;0;2307.67;1.02;0.00;29.89;car;;1;3.00
1684.00;45494495_0;58.90;11.11;1511.00;0.19;23687583_0;5.10;0.00;tripinfo_wu_as_to_os.27;173.00;wu_as_to_os.27;0;1689.77;1.07;0.00;30.46;car;;0;0.00
1686.00;28706217_0;94.10;6.93;1465.00;0.26;-23142338#2_0;5.10;0.00;tripinfo_wu_ns_to_sl.1;221.00;wu_ns_to_sl.1;0;1619.36;0.84;0.00;25.93;car;;1;2.00
1687.00;45494495_0;58.90;12.99;1517.00;0.88;23687583_0;5.10;0.00;tripinfo_wu_as_to_os.28;170.00;wu_as_to_os.28;0;1689.77;1.19;0.00;41.40;car;;0;0.00
1688.00;23142338#2_0;290.21;8.99;1448.00;0.82;23687583_0;5.10;0.00;tripinfo_wu_as_to_ns.24;240.00;wu_as_to_ns.24;0;1995.73;0.87;0.00;29.93;car;;1;2.00
1688.00;28706217_0;94.10;8.78;1510.00;0.78;-23142338#2_0;5.10;0.00;tripinfo_wu_ns_to_sl.2;178.00;wu_ns_to_sl.2;0;1619.36;1.12;0.00;31.38;car;;0;0.00
1690.00;23142338#2_0;290.21;11.03;1458.00;1.72;23687583_0;5.10;0.00;tripinfo_wu_as_to_ns.25;232.00;wu_as_to_ns.25;0;1995.73;1.02;0.00;53.52;car;;1;1.00
1690.00;972103805_0;116.86;11.61;1538.00;0.42;-23142338#2_0;5.10;0.00;tripinfo_wu_ns_to_ko.42;152.00;wu_ns_to_ko.42;0;1398.55;1.07;0.00;34.31;car;;1;18.00
1692.00;23527526_0;253.75;9.90;1621.00;0.99;23687583_0;5.10;0.00;tripinfo_wu_as_to_gj.31;71.00;wu_as_to_gj.31;0;649.06;0.98;0.00;10.56;car;;0;0.00
1693.00;45494495_0;58.90;9.14;1500.00;1.16;23687583_0;5.10;0.00;tripinfo_wu_as_to_os.26;193.00;wu_as_to_os.26;0;1689.77;0.91;0.00;25.43;car;;1;1.00
1696.00;28706217_0;94.10;6.94;1461.00;3.34;23687583_0;5.10;0.00;tripinfo_wu_as_to_sl.27;235.00;wu_as_to_sl.27;0;1976.75;0.89;0.00;29.18;car;;2;4.00
1698.00;28706217_0;94.10;8.11;1470.00;0.25;23687583_0;5.10;0.00;tripinfo_wu_as_to_sl.28;228.00;wu_as_to_sl.28;0;1976.75;1.02;0.00;48.53;car;;2;3.00
1698.00;23527526_0;253.75;12.50;1532.00;0.98;-230845886_0;5.10;0.00;tripinfo_wu_ba_to_gj.29;166.00;wu_ba_to_gj.29;0;1755.68;1.16;0.00;28.39;car;;1;3.00
1703.00;972103805_0;116.86;12.13;1500.00;0.90;-230845886_0;5.10;0.00;tripinfo_wu_ba_to_ko.52;203.00;wu_ba_to_ko.52;0;2114.29;1.12;0.00;30.30;car;;1;3.00
1705.00;45494495_0;58.90;8.88;1521.00;0.22;-230845886_0;5.10;0.00;tripinfo_wu_ba_to_os.25;184.00;wu_ba_to_os.25;0;1647.96;0.88;0.00;15.23;car;;0;0.00
1707.00;45494495_0;58.90;10.76;1537.00;0.41;-230845886_0;5.10;0.00;tripinfo_wu_ba_to_os.26;170.00;wu_ba_to_os.26;0;1647.96;1.02;0.00;23.97;car;;0;0.00
1710.00;41899283#1_0;148.70;10.10;1449.00;0.67;803785575#0_0;5.10;0.00;tripinfo_wu_od_to_as.28;261.00;wu_od_to_as.28;0;2382.09;0.93;0.00;29.57;car;;1;4.00
1711.00;23156305_0;1264.14;13.62;1447.00;0.45;-45494495_0;5.10;0.00;tripinfo_wu_os_to_gg.6;264.00;wu_os_to_gg.6;0;3034.34;1.26;0.00;42.78;car;;0;0.00
1712.00;972103805_0;116.86;11.35;1465.00;0.12;803785575#0_0;5.10;0.00;tripinfo_wu_od_to_ko.55;247.00;wu_od_to_ko.55;0;2307.67;1.06;0.00;40.57;car;;2;15.00
1716.00;230845886_0;633.12;10.34;1581.00;0.86;23687583_0;5.10;0.00;tripinfo_wu_as_to_ba.21;135.00;wu_as_to_ba.21;0;1356.50;1.01;0.00;14.44;car;;0;0.00
1719.00;45494495_0;58.90;11.70;1566.00;0.58;23687583_0;5.10;0.00;tripinfo_wu_as_to_os.29;153.00;wu_as_to_os.29;0;1689.77;1.08;0.00;12.49;car;;0;0.00
1721.00;45494495_0;58.90;13.60;1579.00;0.65;-230845886_0;5.10;0.00;tripinfo_wu_ba_to_os.27;142.00;wu_ba_to_os.27;0;1647.96;1.35;0.00;22.65;car;;0;0.00
1725.00;972103805_0;116.86;11.45;1504.00;4.36;-230845886_0;5.10;0.00;tripinfo_wu_ba_to_ko.53;221.00;wu_ba_to_ko.53;0;2114.29;1.05;0.00;36.86;car;;2;7.00
1726.00;23527526_0;253.75;11.01;1561.00;0.30;-230845886_0;5.10;0.00;tripinfo_wu_ba_to_gj.30;165.00;wu_ba_to_gj.30;0;1755.68;1.07;0.00;16.75;car;;0;0.00
1729.00;41899283#1_0;148.70;11.47;1594.00;0.86;-230845886_0;5.10;0.00;tripinfo_wu_ba_to_as.28;135.00;wu_ba_to_as.28;0;1430.78;1.05;0.00;11.69;car;;0;0.00
1738.00;28706217_0;94.10;7.79;1673.00;0.50;-45494495_0;5.10;0.00;tripinfo_wu_os_to_sl.10;65.00;wu_os_to_sl.10;0;484.95;0.99;0.00;14.87;car;;1;5.00
1743.00;972103805_0;116.86;9.84;1629.00;0.02;23687583_0;5.10;0.00;tripinfo_wu_as_to_ko.47;114.00;wu_as_to_ko.47;0;1102.39;0.97;0.00;11.30;car;;0;0.00
1748.00;230845886_0;633.12;11.42;1519.00;1.04;803785575#0_0;5.10;0.00;tripinfo_wu_od_to_ba.26;229.00;wu_od_to_ba.26;0;2382.14;1.08;0.00;29.73;car;;0;0.00
1752.00;972103805_0;116.86;10.34;1515.00;0.86;-230845886_0;5.10;0.00;tripinfo_wu_ba_to_ko.54;237.00;wu_ba_to_ko.54;0;2114.29;0.94;0.00;31.94;car;;1;7.00
1755.00;23527526_0;253.75;8.92;1427.00;0.45;803785575#0_0;5.10;0.00;tripinfo_wu_od_to_gj.10;328.00;wu_od_to_gj.10;0;2706.99;0.83;0.00;33.79;car;;1;4.00
1756.00;972103805_0;116.86;9.86;1470.00;0.18;803785575#0_0;5.10;0.00;tripinfo_wu_od_to_ko.56;286.00;wu_od_to_ko.56;0;2307.67;0.89;0.00;39.74;car;;2;7.00
1757.00;972103805_0;116.86;9.68;1476.00;3.83;803785575#0_0;5.10;0.00;tripinfo_wu_od_to_ko.57;281.00;wu_od_to_ko.57;0;2307.67;0.91;0.00;40.57;car;;2;5.00
1757.00;45494495_0;58.90;10.36;1599.00;1.21;23687583_0;5.10;0.00;tripinfo_wu_as_to_os.30;158.00;wu_as_to_os.30;0;1689.77;1.05;0.00;12.11;car;;0;0.00
1757.00;23527526_0;253.75;12.77;1678.00;0.89;23687583_0;5.10;0.00;tripinfo_wu_as_to_gj.32;79.00;wu_as_to_gj.32;0;649.06;1.27;0.00;31.18;car;;0;0.00
1759.00;23156305_0;1264.14;8.98;1343.00;4.42;803785575#0_0;5.10;0.00;tripinfo_wu_od_to_gg.22;416.00;wu_od_to_gg.22;0;3669.96;0.87;0.00;33.92;car;;0;0.00
1760.00;23156030#6_1;109.07;12.32;1539.00;3.16;23687583_0;5.10;0.00;tripinfo_wu_as_to_od.17;221.00;wu_as_to_od.17;0;2357.31;1.14;0.00;34.98;car;;1;3.00
1760.00;972103805_0;116.86;10.50;1654.00;0.77;23687583_0;5.10;0.00;tripinfo_wu_as_to_ko.48;106.00;wu_as_to_ko.48;0;1102.39;1.04;0.00;10.38;car;;0;0.00
1764.00;972103805_0;116.86;11.48;1540.00;0.58;-230845886_0;5.10;0.00;tripinfo_wu_ba_to_ko.55;224.00;wu_ba_to_ko.55;0;2114.29;1.09;0.00;46.67;car;;1;9.00
1766.00;28706217_0;94.10;8.51;1582.00;3.16;-230845886_0;5.10;0.00;tripinfo_wu_ba_to_sl.18;184.00;wu_ba_to_sl.18;0;1934.94;1.10;0.00;20.06;car;;1;1.00
1766.00;23156030#6_0;109.07;8.43;1651.00;2.95;-45494495_0;5.10;0.00;tripinfo_wu_os_to_od.17;115.00;wu_os_to_od.17;0;865.51;0.77;0.00;13.57;car;;0;0.00
1766.00;45494495_0;58.90;10.58;1671.00;1.44;803785575#0_0;5.10;0.00;tripinfo_wu_od_to_os.30;95.00;wu_od_to_os.30;0;969.96;1.00;0.00;7.67;car;;0;0.00
1770.00;41899283#1_0;148.70;7.92;1473.00;2.90;803785575#0_0;5.10;0.00;tripinfo_wu_od_to_as.29;297.00;wu_od_to_as.29;0;2382.09;0.80;0.00;26.09;car;;0;0.00
1772.00;23527526_0;253.75;10.64;1599.00;0.35;-230845886_0;5.10;0.00;tripinfo_wu_ba_to_gj.31;173.00;wu_ba_to_gj.31;0;1755.68;1.06;0.00;22.74;car;;1;6.00
1776.00;972103805_0;116.86;9.69;1480.00;4.06;803785575#0_0;5.10;0.00;tripinfo_wu_od_to_ko.58;296.00;wu_od_to_ko.58;0;2307.67;0.97;0.00;69.43;car;;3;20.00
1778.00;972103805_0;116.86;10.52;1498.00;0.51;803785575#0_0;5.10;0.00;tripinfo_wu_od_to_ko.59;280.00;wu_od_to_ko.59;0;2307.67;1.04;0.00;69.22;car;;3;19.00
1779.00;230845886_0;633.12;10.10;1542.00;0.60;803785575#0_0;5.10;0.00;tripinfo_wu_od_to_ba.27;237.00;wu_od_to_ba.27;0;2382.14;1.00;0.00;20.95;car;;0;0.00
1779.00;23527526_0;253.75;9.67;1711.00;5.19;23687583_0;5.10;0.00;tripinfo_wu_as_to_gj.33;68.00;wu_as_to_gj.33;0;649.06;0.97;0.00;7.18;car;;0;0.00
1781.00;972103805_0;116.86;11.02;1513.00;0.82;803785575#0_0;5.10;0.00;tripinfo_wu_od_to_ko.60;268.00;wu_od_to_ko.60;0;2307.67;1.06;0.00;60.05;car;;3;12.00
1781.00;23527526_0;253.75;12.30;1714.00;4.43;23687583_0;5.10;0.00;tripinfo_wu_as_to_gj.34;67.00;wu_as_to_gj.34;0;649.06;1.14;0.00;15.25;car;;0;0.00
1782.00;28716808#1_0;754.74;10.98;1516.00;3.21;803785575#0_0;5.10;0.00;tripinfo_wu_od_to_kl.22;266.00;wu_od_to_kl.22;0;2678.40;1.02;0.00;27.98;car;;0;0.00
1784.00;972103805_0;116.86;10.16;1522.00;3.33;803785575#0_0;5.10;0.00;tripinfo_wu_od_to_ko.61;262.00;wu_od_to_ko.61;0;2307.67;0.98;0.00;37.46;car;;1;8.00
1785.00;23156305_0;1264.14;10.75;1418.00;0.69;803785575#0_0;5.10;0.00;tripinfo_wu_od_to_gg.23;367.00;wu_od_to_gg.23;0;3669.96;1.00;0.00;33.43;car;;0;0.00
1787.00;23156305_0;1264.14;10.77;1424.00;0.84;803785575#0_0;5.10;0.00;tripinfo_wu_od_to_gg.24;363.00;wu_od_to_gg.24;0;3669.96;1.02;0.00;37.24;car;;0;0.00
1788.00;972103805_0;116.86;12.04;1585.00;0.87;-230845886_0;5.10;0.00;tripinfo_wu_ba_to_ko.56;203.00;wu_ba_to_ko.56;0;2114.29;1.18;0.00;39.21;car;;1;3.00
1796.00;972103805_0;116.86;10.38;1589.00;0.26;-230845886_0;5.10;0.00;tripinfo_wu_ba_to_ko.57;207.00;wu_ba_to_ko.57;0;2114.29;1.03;0.00;19.92;car;;0;0.00
1800.00;230845886_0;633.12;10.89;1562.00;1.81;803785575#0_0;5.10;0.00;tripinfo_wu_od_to_ba.28;238.00;wu_od_to_ba.28;0;2382.14;0.98;0.00;19.53;car;;0;0.00
1803.00;28706217_0;94.10;7.91;1621.00;0.34;-23142338#2_0;5.10;0.00;tripinfo_wu_ns_to_sl.3;182.00;wu_ns_to_sl.3;0;1619.36;1.04;0.00;25.61;car;;1;6.00
1809.00;41899283#1_0;148.70;9.58;1656.00;1.05;-230845886_0;5.10;0.00;tripinfo_wu_ba_to_as.29;153.00;wu_ba_to_as.29;0;1430.78;0.93;0.00;13.36;car;;0;0.00
1810.00;23156305_0;1264.14;9.70;1432.00;0.57;803785575#0_0;5.10;0.00;tripinfo_wu_od_to_gg.25;378.00;wu_od_to_gg.25;0;3669.96;0.97;0.00;34.05;car;;1;2.00
1811.00;230845886_0;633.12;10.87;1642.00;0.65;-45494495_0;5.10;0.00;tripinfo_wu_os_to_ba.11;169.00;wu_os_to_ba.11;0;1746.52;1.09;0.00;23.68;car;;0;0.00
1812.00;23156305_0;1264.14;11.04;1547.00;0.17;-230845886_0;5.10;0.00;tripinfo_wu_ba_to_gg.17;265.00;wu_ba_to_gg.17;0;2718.65;1.08;0.00;35.98;car;;0;0.00
1812.00;972103805_0;116.86;7.91;1661.00;0.85;23687583_0;5.10;0.00;tripinfo_wu_as_to_ko.49;151.00;wu_as_to_ko.49;0;1102.39;0.72;0.00;13.57;car;;0;0.00
1816.00;23527526_0;253.75;10.32;1747.00;3.86;23687583_0;5.10;0.00;tripinfo_wu_as_to_gj.35;69.00;wu_as_to_gj.35;0;649.06;1.01;0.00;9.92;car;;0;0.00
1817.00;972103805_0;116.86;10.29;1567.00;0.97;803785575#0_0;5.10;0.00;tripinfo_wu_od_to_ko.62;250.00;wu_od_to_ko.62;0;2307.67;0.96;0.00;22.12;car;;0;0.00
1822.00;28706217_0;94.10;7.88;1747.00;0.44;803785575#0_0;5.10;0.00;tripinfo_wu_od_to_sl.1;75.00;wu_od_to_sl.1;0;747.33;1.06;0.00;6.61;car;;0;0.00
1825.00;41899283#1_0;148.70;10.05;1605.00;0.34;-23142338#2_0;5.10;0.00;tripinfo_wu_ns_to_as.8;220.00;wu_ns_to_as.8;0;2009.37;0.96;0.00;28.03;car;;1;2.00
1826.00;41899283#1_0;148.70;11.02;1624.00;0.51;-23142338#2_0;5.10;0.00;tripinfo_wu_ns_to_as.9;202.00;wu_ns_to_as.9;0;2009.37;1.07;0.00;31.78;car;;1;4.00
1832.00;45494495_0;58.90;11.01;1735.00;0.64;803785575#0_0;5.10;0.00;tripinfo_wu_od_to_os.31;97.00;wu_od_to_os.31;0;969.96;0.99;0.00;8.25;car;;0;0.00
1836.00;230845886_0;633.12;9.85;1573.00;0.87;803785575#0_0;5.10;0.00;tripinfo_wu_od_to_ba.29;263.00;wu_od_to_ba.29;0;2382.14;0.91;0.00;26.44;car;;1;3.00
1837.00;41899283#1_0;148.70;8.47;1559.00;0.76;803785575#0_0;5.10;0.00;tripinfo_wu_od_to_as.30;278.00;wu_od_to_as.30;0;2382.09;0.87;0.00;31.81;car;;1;8.00
1838.00;28716808#1_0;754.74;9.65;1601.00;0.77;-45494495_0;5.10;0.00;tripinfo_wu_os_to_kl.7;237.00;wu_os_to_kl.7;0;2042.78;0.87;0.00;23.57;car;;1;1.00
1843.00;23156305_0;1264.14;8.85;1543.00;1.24;-230845886_0;5.10;0.00;tripinfo_wu_ba_to_gg.16;300.00;wu_ba_to_gg.16;0;2718.65;0.90;0.00;25.36;car;;0;0.00
1844.00;28706217_0;94.10;7.04;1632.00;2.13;23687583_0;5.10;0.00;tripinfo_wu_as_to_sl.29;212.00;wu_as_to_sl.29;0;1976.75;0.97;0.00;22.95;car;;1;3.00
1846.00;41899283#1_0;148.70;9.55;1691.00;0.98;-230845886_0;5.10;0.00;tripinfo_wu_ba_to_as.30;155.00;wu_ba_to_as.30;0;1430.78;0.93;0.00;14.70;car;;0;0.00
1848.00;23156305_0;1264.14;11.83;1525.00;0.74;-23142338#2_0;5.10;0.00;tripinfo_wu_ns_to_gg.4;323.00;wu_ns_to_gg.4;0;3297.24;1.09;0.00;46.71;car;;3;8.00
1848.00;41899283#1_0;148.70;13.20;1701.00;0.97;-230845886_0;5.10;0.00;tripinfo_wu_ba_to_as.31;147.00;wu_ba_to_as.31;0;1430.78;1.28;0.00;43.08;car;;1;5.00
1850.00;972103805_0;116.86;9.88;1633.00;0.36;-230845886_0;5.10;0.00;tripinfo_wu_ba_to_ko.58;217.00;wu_ba_to_ko.58;0;2114.29;0.99;0.00;22.06;car;;0;0.00
1850.00;23527526_0;253.75;11.22;1784.00;1.85;23687583_0;5.10;0.00;tripinfo_wu_as_to_gj.36;66.00;wu_as_to_gj.36;0;649.06;1.01;0.00;7.55;car;;0;0.00
1851.00;28706217_0;94.10;8.68;1636.00;0.89;23687583_0;5.10;0.00;tripinfo_wu_as_to_sl.30;215.00;wu_as_to_sl.30;0;1976.75;1.06;0.00;42.25;car;;1;1.00
1852.00;972103805_0;116.86;11.20;1641.00;0.74;-230845886_0;5.10;0.00;tripinfo_wu_ba_to_ko.59;211.00;wu_ba_to_ko.59;0;2114.29;1.09;0.00;34.95;car;;0;0.00
1852.00;45494495_0;58.90;12.17;1768.00;0.65;803785575#0_0;5.10;0.00;tripinfo_wu_od_to_os.33;84.00;wu_od_to_os.33;0;969.96;1.14;0.00;6.79;car;;0;0.00
1854.00;23142338#2_0;290.21;8.78;1602.00;2.66;23687583_0;5.10;0.00;tripinfo_wu_as_to_ns.26;252.00;wu_as_to_ns.26;0;1995.73;0.85;0.00;38.46;car;;2;11.00
1856.00;28706217_0;94.10;8.10;1657.00;1.83;23687583_0;5.10;0.00;tripinfo_wu_as_to_sl.31;199.00;wu_as_to_sl.31;0;1976.75;1.13;0.00;36.42;car;;0;0.00
1861.00;23156305_0;1264.14;12.03;1584.00;0.83;-45494495_0;5.10;0.00;tripinfo_wu_os_to_gg.7;277.00;wu_os_to_gg.7;0;3034.34;1.16;0.00;39.28;car;;0;0.00
1863.00;28706217_0;94.10;7.50;1637.00;0.44;-230845886_0;5.10;0.00;tripinfo_wu_ba_to_sl.19;226.00;wu_ba_to_sl.19;0;1934.94;0.94;0.00;34.68;car;;0;0.00
1864.00;41899283#1_0;148.70;10.82;1632.00;0.04;803785575#0_0;5.10;0.00;tripinfo_wu_od_to_as.31;232.00;wu_od_to_as.31;0;2382.09;1.02;0.00;21.06;car;;0;0.00
1867.00;23527526_0;253.75;10.42;1679.00;0.46;-230845886_0;5.10;0.00;tripinfo_wu_ba_to_gj.32;188.00;wu_ba_to_gj.32;0;1755.68;0.94;0.00;18.67;car;;0;0.00
1869.00;23527526_0;253.75;11.30;1682.00;2.17;-230845886_0;5.10;0.00;tripinfo_wu_ba_to_gj.33;187.00;wu_ba_to_gj.33;0;1755.68;1.05;0.00;35.46;car;;0;0.00
1870.00;23527526_0;253.75;13.04;1704.00;1.71;-230845886_0;5.10;0.00;tripinfo_wu_ba_to_gj.34;166.00;wu_ba_to_gj.34;0;1755.68;1.18;0.00;31.62;car;;1;5.00
1871.00;45494495_0;58.90;9.21;1764.00;1.19;803785575#0_0;5.10;0.00;tripinfo_wu_od_to_os.32;107.00;wu_od_to_os.32;0;969.96;0.91;0.00;9.99;car;;0;0.00
1871.00;28706217_0;94.10;6.74;1796.00;0.22;-45494495_0;5.10;0.00;tripinfo_wu_os_to_sl.11;75.00;wu_os_to_sl.11;0;484.95;0.84;0.00;16.61;car;;1;1.00
1873.00;41899283#1_0;148.70;9.64;1712.00;0.90;-230845886_0;5.10;0.00;tripinfo_wu_ba_to_as.32;161.00;wu_ba_to_as.32;0;1430.78;0.88;0.00;14.15;car;;0;0.00
1879.00;28706217_0;94.10;7.39;1818.00;0.67;-45494495_0;5.10;0.00;tripinfo_wu_os_to_sl.12;61.00;wu_os_to_sl.12;0;484.95;0.92;0.00;7.70;car;;0;0.00
1880.00;972103805_0;116.86;9.34;1603.00;1.44;803785575#0_0;5.10;0.00;tripinfo_wu_od_to_ko.63;277.00;wu_od_to_ko.63;0;2307.67;0.88;0.00;28.80;car;;0;0.00
1882.00;28716808#1_0;754.74;9.57;1657.00;5.58;-45494495_0;5.10;0.00;tripinfo_wu_os_to_kl.8;225.00;wu_os_to_kl.8;0;2042.78;0.94;0.00;27.42;car;;1;5.00
1882.00;972103805_0;116.86;11.48;1660.00;5.44;-45494495_0;5.10;0.00;tripinfo_wu_os_to_ko.17;222.00;wu_os_to_ko.17;0;2045.29;1.05;0.00;35.79;car;;0;0.00
1890.00;972103805_0;116.86;10.03;1662.00;0.04;-230845886_0;5.10;0.00;tripinfo_wu_ba_to_ko.60;228.00;wu_ba_to_ko.60;0;2114.29;0.99;0.00;34.65;car;;1;9.00
1891.00;23142338#2_0;290.21;10.80;1685.00;0.80;803785575#0_0;5.10;0.00;tripinfo_wu_od_to_ns.10;206.00;wu_od_to_ns.10;0;1928.29;1.02;0.00;23.00;car;;1;1.00
1891.00;23527526_0;253.75;9.70;1707.00;0.92;-230845886_0;5.10;0.00;tripinfo_wu_ba_to_gj.35;184.00;wu_ba_to_gj.35;0;1755.68;0.96;0.00;17.47;car;;0;0.00
1893.00;41899283#1_0;148.70;10.08;1664.00;0.38;-23142338#2_0;5.10;0.00;tripinfo_wu_ns_to_as.10;229.00;wu_ns_to_as.10;0;2009.37;0.95;0.00;36.55;car;;2;8.00
1893.00;972103805_0;116.86;11.46;1665.00;0.98;-230845886_0;5.10;0.00;tripinfo_wu_ba_to_ko.61;228.00;wu_ba_to_ko.61;0;2114.29;1.04;0.00;42.71;car;;1;10.00
1894.00;230845886_0;633.12;10.42;1721.00;0.23;-45494495_0;5.10;0.00;tripinfo_wu_os_to_ba.12;173.00;wu_os_to_ba.12;0;1746.52;1.04;0.00;20.78;car;;0;0.00
1896.00;23142338#2_0;290.21;10.32;1653.00;0.43;-230845886_0;5.10;0.00;tripinfo_wu_ba_to_ns.17;243.00;wu_ba_to_ns.17;0;2346.36;0.96;0.00;22.19;car;;0;0.00
1896.00;45494495_0;58.90;11.28;1740.00;0.86;-230845886_0;5.10;0.00;tripinfo_wu_ba_to_os.28;156.00;wu_ba_to_os.28;0;1647.96;1.04;0.00;12.99;car;;0;0.00
1898.00;28706217_0;94.10;8.53;1681.00;3.38;23687583_0;5.10;0.00;tripinfo_wu_as_to_sl.32;217.00;wu_as_to_sl.32;0;1976.75;1.04;0.00;40.14;car;;3;4.00
1898.00;23142338#2_0;290.21;12.06;1708.00;3.71;23687583_0;5.10;0.00;tripinfo_wu_as_to_ns.27;190.00;wu_as_to_ns.27;0;1995.73;1.11;0.00;26.65;car;;0;0.00
1900.00;28706217_0;94.10;8.33;1684.00;4.79;23687583_0;5.10;0.00;tripinfo_wu_as_to_sl.33;216.00;wu_as_to_sl.33;0;1976.75;1.14;0.00;54.89;car;;1;1.00
1902.00;28706217_0;94.10;8.67;1705.00;0.97;23687583_0;5.10;0.00;tripinfo_wu_as_to_sl.35;197.00;wu_as_to_sl.35;0;1976.75;1.07;0.00;25.33;car;;0;0.00
1904.00;28706217_0;94.10;7.72;1702.00;0.68;23687583_0;5.10;0.00;tripinfo_wu_as_to_sl.34;202.00;wu_as_to_sl.34;0;1976.75;1.08;0.00;31.96;car;;0;0.00
1908.00;23527526_0;253.75;10.55;1793.00;1.52;23687583_0;5.10;0.00;tripinfo_wu_as_to_gj.37;115.00;wu_as_to_gj.37;0;649.06;0.96;0.00;52.85;car;;1;42.00
1909.00;972103805_0;116.86;11.58;1688.00;3.88;-230845886_0;5.10;0.00;tripinfo_wu_ba_to_ko.62;221.00;wu_ba_to_ko.62;0;2114.29;1.05;0.00;38.00;car;;2;6.00
1914.00;23156390_0;1121.44;9.65;1587.00;0.11;-23142338#2_0;5.10;0.00;tripinfo_wu_ns_to_br.3;327.00;wu_ns_to_br.3;0;2792.05;0.87;0.00;35.45;car;;1;6.00
1915.00;23156305_0;1264.14;9.69;1587.00;1.35;-45494495_0;5.10;0.00;tripinfo_wu_os_to_gg.8;328.00;wu_os_to_gg.8;0;3034.34;0.95;0.00;38.28;car;;1;4.00
1916.00;23156390_0;1121.44;10.67;1645.00;2.65;-45494495_0;5.10;0.00;tripinfo_wu_os_to_br.5;271.00;wu_os_to_br.5;0;2513.69;1.02;0.00;45.84;car;;2;3.00
1917.00;23156305_0;1264.14;10.46;1535.00;0.70;803785575#0_0;5.10;0.00;tripinfo_wu_od_to_gg.26;382.00;wu_od_to_gg.26;0;3669.96;0.98;0.00;43.17;car;;0;0.00
1918.00;23156390_0;1121.44;11.26;1654.00;3.27;-45494495_0;5.10;0.00;tripinfo_wu_os_to_br.6;264.00;wu_os_to_br.6;0;2513.69;1.11;0.00;58.41;car;;2;2.00
1920.00;972103805_0;116.86;9.16;1649.00;0.40;803785575#0_0;5.10;0.00;tripinfo_wu_od_to_ko.64;271.00;wu_od_to_ko.64;0;2307.67;0.91;0.00;30.32;car;;1;2.00
1922.00;45494495_0;58.90;9.19;1734.00;0.51;23687583_0;5.10;0.00;tripinfo_wu_as_to_os.31;188.00;wu_as_to_os.31;0;1689.77;0.91;0.00;20.49;car;;0;0.00
1924.00;41899283#1_0;148.70;10.67;1776.00;0.87;-230845886_0;5.10;0.00;tripinfo_wu_ba_to_as.33;148.00;wu_ba_to_as.33;0;1430.78;1.01;0.00;20.24;car;;1;3.00
1926.00;230845886_0;633.12;11.63;1701.00;0.15;803785575#0_0;5.10;0.00;tripinfo_wu_od_to_ba.30;225.00;wu_od_to_ba.30;0;2382.14;1.09;0.00;26.74;car;;0;0.00
1927.00;41899283#1_0;148.70;10.39;1787.00;0.91;-230845886_0;5.10;0.00;tripinfo_wu_ba_to_as.34;140.00;wu_ba_to_as.34;0;1430.78;1.03;0.00;14.08;car;;0;0.00
1929.00;23156030#6_0;109.07;10.82;1685.00;2.70;-230845886_0;5.10;0.00;tripinfo_wu_ba_to_od.22;244.00;wu_ba_to_od.22;0;2315.50;0.98;0.00;31.14;car;;2;3.00
1930.00;41899283#1_0;148.70;11.11;1753.00;0.35;-45494495_0;5.10;0.00;tripinfo_wu_os_to_as.12;177.00;wu_os_to_as.12;0;1746.47;1.00;0.00;18.95;car;;1;1.00
1932.00;23156030#6_0;109.07;10.12;1848.00;0.30;-45494495_0;5.10;0.00;tripinfo_wu_os_to_od.18;84.00;wu_os_to_od.18;0;865.51;1.02;0.00;7.11;car;;0;0.00
1935.00;45494495_0;58.90;9.68;1759.00;0.48;-230845886_0;5.10;0.00;tripinfo_wu_ba_to_os.29;176.00;wu_ba_to_os.29;0;1647.96;0.95;0.00;19.16;car;;0;0.00
1936.00;23527526_0;253.75;10.71;1743.00;3.74;-230845886_0;5.10;0.00;tripinfo_wu_ba_to_gj.36;193.00;wu_ba_to_gj.36;0;1755.68;0.99;0.00;32.86;car;;1;14.00
1936.00;41899283#1_0;148.70;10.48;1764.00;0.79;-45494495_0;5.10;0.00;tripinfo_wu_os_to_as.13;172.00;wu_os_to_as.13;0;1746.47;1.05;0.00;20.49;car;;0;0.00
1938.00;23527526_0;253.75;10.72;1767.00;0.68;-230845886_0;5.10;0.00;tripinfo_wu_ba_to_gj.37;171.00;wu_ba_to_gj.37;0;1755.68;1.03;0.00;15.98;car;;0;0.00
1939.00;972103805_0;116.86;9.55;1662.00;0.86;803785575#0_0;5.10;0.00;tripinfo_wu_od_to_ko.65;277.00;wu_od_to_ko.65;0;2307.67;0.93;0.00;42.05;car;;2;14.00
1940.00;45494495_0;58.90;9.08;1823.00;0.93;803785575#0_0;5.10;0.00;tripinfo_wu_od_to_os.34;117.00;wu_od_to_os.34;0;969.96;0.82;0.00;10.39;car;;0;0.00
1941.00;972103805_0;116.86;11.64;1668.00;0.63;803785575#0_0;5.10;0.00;tripinfo_wu_od_to_ko.66;273.00;wu_od_to_ko.66;0;2307.67;1.06;0.00;64.90;car;;2;11.00
1943.00;972103805_0;116.86;11.46;1787.00;0.46;-23142338#2_0;5.10;0.00;tripinfo_wu_ns_to_ko.43;156.00;wu_ns_to_ko.43;0;1398.55;1.06;0.00;36.97;car;;2;13.00
1946.00;972103805_0;116.86;11.52;1817.00;0.07;23687583_0;5.10;0.00;tripinfo_wu_as_to_ko.50;129.00;wu_as_to_ko.50;0;1102.39;1.10;0.00;38.35;car;;1;20.00
1947.00;41899283#1_0;148.70;11.12;1743.00;0.39;-23142338#2_0;5.10;0.00;tripinfo_wu_ns_to_as.11;204.00;wu_ns_to_as.11;0;2009.37;1.00;0.00;21.49;car;;0;0.00
1951.00;23156030#6_0;109.07;11.48;1716.00;2.84;-230845886_0;5.10;0.00;tripinfo_wu_ba_to_od.23;235.00;wu_ba_to_od.23;0;2315.50;1.03;0.00;32.98;car;;1;3.00
1957.00;28706217_0;94.10;6.99;1737.00;2.39;23687583_0;5.10;0.00;tripinfo_wu_as_to_sl.36;220.00;wu_as_to_sl.36;0;1976.75;0.98;0.00;33.24;car;;0;0.00
1958.00;45494495_0;58.90;10.22;1781.00;0.80;-23142338#2_0;5.10;0.00;tripinfo_wu_ns_to_os.3;177.00;wu_ns_to_os.3;0;1865.82;1.03;0.00;13.85;car;;0;0.00
1962.00;23527526_0;253.75;9.77;1779.00;1.49;-230845886_0;5.10;0.00;tripinfo_wu_ba_to_gj.38;183.00;wu_ba_to_gj.38;0;1755.68;0.94;0.00;14.49;car;;0;0.00
1963.00;41899283#1_0;148.70;11.81;1817.00;4.79;-230845886_0;5.10;0.00;tripinfo_wu_ba_to_as.35;146.00;wu_ba_to_as.35;0;1430.78;1.08;0.00;26.37;car;;0;0.00
1966.00;23156305_0;1264.14;11.06;1600.00;0.47;803785575#0_0;5.10;0.00;tripinfo_wu_od_to_gg.27;366.00;wu_od_to_gg.27;0;3669.96;1.06;0.00;49.96;car;;1;5.00
1966.00;23142338#2_0;290.21;11.02;1784.00;0.97;-45494495_0;5.10;0.00;tripinfo_wu_os_to_ns.4;182.00;wu_os_to_ns.4;0;1665.91;1.02;0.00;23.42;car;;1;1.00
1968.00;45494495_0;58.90;10.21;1873.00;0.84;803785575#0_0;5.10;0.00;tripinfo_wu_od_to_os.35;95.00;wu_od_to_os.35;0;969.96;1.01;0.00;8.30;car;;0;0.00
1981.00;23142338#2_0;290.21;10.14;1763.00;0.79;23687583_0;5.10;0.00;tripinfo_wu_as_to_ns.28;218.00;wu_as_to_ns.28;0;1995.73;0.97;0.00;30.93;car;;1;6.00
1982.00;972103805_0;116.86;7.63;1820.00;3.04;23687583_0;5.10;0.00;tripinfo_wu_as_to_ko.51;162.00;wu_as_to_ko.51;0;1102.39;0.77;0.00;32.39;car;;1;15.00
1984.00;972103805_0;116.86;8.39;1801.00;0.74;-23142338#2_0;5.10;0.00;tripinfo_wu_ns_to_ko.44;183.00;wu_ns_to_ko.44;0;1398.55;0.81;0.00;26.53;car;;1;6.00
1985.00;23527526_0;253.75;9.80;1907.00;0.56;23687583_0;5.10;0.00;tripinfo_wu_as_to_gj.38;78.00;wu_as_to_gj.38;0;649.06;0.94;0.00;15.19;car;;1;4.00
1986.00;972103805_0;116.86;9.35;1725.00;0.43;-45494495_0;5.10;0.00;tripinfo_wu_os_to_ko.18;261.00;wu_os_to_ko.18;0;2045.29;0.87;0.00;35.25;car;;1;4.00
1987.00;972103805_0;116.86;10.19;1740.00;0.04;803785575#0_0;5.10;0.00;tripinfo_wu_od_to_ko.67;247.00;wu_od_to_ko.67;0;2307.67;0.98;0.00;24.34;car;;0;0.00
1990.00;972103805_0;116.86;10.24;1829.00;6.81;23687583_0;5.10;0.00;tripinfo_wu_as_to_ko.52;161.00;wu_as_to_ko.52;0;1102.39;1.00;0.00;61.34;car;;2;21.00
1991.00;45494495_0;58.90;11.42;1829.00;0.72;-230845886_0;5.10;0.00;tripinfo_wu_ba_to_os.30;162.00;wu_ba_to_os.30;0;1647.96;1.05;0.00;19.71;car;;0;0.00
1992.00;41899283#1_0;148.70;9.89;1812.00;0.39;-45494495_0;5.10;0.00;tripinfo_wu_os_to_as.14;180.00;wu_os_to_as.14;0;1746.47;0.96;0.00;15.55;car;;0;0.00
1994.00;230845886_0;633.12;9.81;1750.00;0.93;803785575#0_0;5.10;0.00;tripinfo_wu_od_to_ba.31;244.00;wu_od_to_ba.31;0;2382.14;0.96;0.00;21.00;car;;0;0.00
1995.00;23156030#6_0;109.07;9.29;1723.00;0.26;23687583_0;5.10;0.00;tripinfo_wu_as_to_od.18;272.00;wu_as_to_od.18;0;2357.31;0.88;0.00;28.84;car;;1;5.00
1996.00;23156030#6_1;109.07;9.22;1740.00;2.40;23687583_0;5.10;0.00;tripinfo_wu_as_to_od.19;256.00;wu_as_to_od.19;0;2357.31;0.91;0.00;22.88;car;;0;0.00
1996.00;230845886_0;633.12;10.73;1832.00;1.20;23687583_0;5.10;0.00;tripinfo_wu_as_to_ba.22;164.00;wu_as_to_ba.22;0;1356.50;1.02;0.00;44.31;car;;2;18.00
1996.00;28716808#1_0;754.74;10.18;1843.00;2.25;23687583_0;5.10;0.00;tripinfo_wu_as_to_kl.10;153.00;wu_as_to_kl.10;0;1207.92;1.01;0.00;43.97;car;;2;19.00
1998.00;972103805_0;116.86;8.99;1840.00;3.87;23687583_0;5.10;0.00;tripinfo_wu_as_to_ko.53;158.00;wu_as_to_ko.53;0;1102.39;0.87;0.00;43.41;car;;2;23.00
2005.00;230845886_0;633.12;8.94;1837.00;1.90;23687583_0;5.10;0.00;tripinfo_wu_as_to_ba.23;168.00;wu_as_to_ba.23;0;1356.50;0.91;0.00;33.23;car;;2;10.00
2009.00;23527526_0;253.75;12.37;1841.00;0.19;-230845886_0;5.10;0.00;tripinfo_wu_ba_to_gj.39;168.00;wu_ba_to_gj.39;0;1755.68;1.12;0.00;26.14;car;;1;9.00
2013.00;28716808#1_0;754.74;13.11;1785.00;0.83;803785575#0_0;5.10;0.00;tripinfo_wu_od_to_kl.23;228.00;wu_od_to_kl.23;0;2678.40;1.20;0.00;25.74;car;;0;0.00
2013.00;45494495_0;58.90;12.39;1928.00;4.49;803785575#0_0;5.10;0.00;tripinfo_wu_od_to_os.36;85.00;wu_od_to_os.36;0;969.96;1.12;0.00;6.78;car;;0;0.00
2014.00;41899283#1_0;148.70;8.59;1850.00;0.45;-230845886_0;5.10;0.00;tripinfo_wu_ba_to_as.36;164.00;wu_ba_to_as.36;0;1430.78;0.87;0.00;14.87;car;;0;0.00
2017.00;23156030#6_0;109.07;8.80;1744.00;0.96;23687583_0;5.10;0.00;tripinfo_wu_as_to_od.20;273.00;wu_as_to_od.20;0;2357.31;0.87;0.00;26.89;car;;1;3.00
2017.00;41899283#1_0;148.70;10.69;1844.00;1.79;-45494495_0;5.10;0.00;tripinfo_wu_os_to_as.15;173.00;wu_os_to_as.15;0;1746.47;1.07;0.00;24.73;car;;1;5.00
2024.00;23142338#2_0;290.21;8.41;1787.00;2.55;23687583_0;5.10;0.00;tripinfo_wu_as_to_ns.29;237.00;wu_as_to_ns.29;0;1995.73;0.86;0.00;25.65;car;;1;3.00
2025.00;230845886_0;633.12;10.94;1851.00;9.44;23687583_0;5.10;0.00;tripinfo_wu_as_to_ba.24;174.00;wu_as_to_ba.24;0;1356.50;1.02;0.00;53.39;car;;3;24.00
2026.00;45494495_0;58.90;10.14;1826.00;5.40;23687583_0;5.10;0.00;tripinfo_wu_as_to_os.32;200.00;wu_as_to_os.32;0;1689.77;1.01;0.00;48.30;car;;2;24.00
2026.00;230845886_0;633.12;11.95;1876.00;0.57;23687583_0;5.10;0.00;tripinfo_wu_as_to_ba.25;150.00;wu_as_to_ba.25;0;1356.50;1.12;0.00;40.68;car;;1;5.00
2029.00;28706217_0;94.10;7.74;1814.00;3.48;-230845886_0;5.10;0.00;tripinfo_wu_ba_to_sl.20;215.00;wu_ba_to_sl.20;0;1934.94;0.97;0.00;28.40;car;;0;0.00
2030.00;45494495_0;58.90;10.55;1865.00;0.32;-230845886_0;5.10;0.00;tripinfo_wu_ba_to_os.31;165.00;wu_ba_to_os.31;0;1647.96;1.00;0.00;15.65;car;;0;0.00
2034.00;23156030#6_1;109.07;12.77;1790.00;4.29;23687583_0;5.10;0.00;tripinfo_wu_as_to_od.22;244.00;wu_as_to_od.22;0;2357.31;1.19;0.00;64.69;car;;2;4.00
2034.00;23156030#6_0;109.07;10.97;1940.00;1.00;-45494495_0;5.10;0.00;tripinfo_wu_os_to_od.19;94.00;wu_os_to_od.19;0;865.51;1.10;0.00;22.22;car;;1;9.00
2037.00;41899283#1_0;148.70;11.63;1881.00;2.91;-230845886_0;5.10;0.00;tripinfo_wu_ba_to_as.37;156.00;wu_ba_to_as.37;0;1430.78;1.10;0.00;38.07;car;;1;1.00
2039.00;23156305_0;1264.14;10.02;1652.00;0.39;803785575#0_0;5.10;0.00;tripinfo_wu_od_to_gg.28;387.00;wu_od_to_gg.28;0;3669.96;0.94;0.00;32.29;car;;0;0.00
2043.00;23156030#6_0;109.07;10.03;1781.00;0.42;23687583_0;5.10;0.00;tripinfo_wu_as_to_od.21;262.00;wu_as_to_od.21;0;2357.31;0.95;0.00;39.25;car;;3;9.00
2052.00;230845886_0;633.12;11.22;1812.00;0.20;803785575#0_0;5.10;0.00;tripinfo_wu_od_to_ba.32;240.00;wu_od_to_ba.32;0;2382.14;1.07;0.00;39.17;car;;0;0.00
2054.00;23156305_0;1264.14;9.43;1690.00;1.23;-23142338#2_0;5.10;0.00;tripinfo_wu_ns_to_gg.5;364.00;wu_ns_to_gg.5;0;3297.24;0.94;0.00;43.90;car;;2;7.00
2056.00;23156030#6_0;109.07;10.71;1804.00;0.02;-230845886_0;5.10;0.00;tripinfo_wu_ba_to_od.24;252.00;wu_ba_to_od.24;0;2315.50;1.03;0.00;48.19;car;;1;9.00
2056.00;23156305_0;1264.14;11.01;1868.00;0.99;23687583_0;5.10;0.00;tripinfo_wu_as_to_gg.10;188.00;wu_as_to_gg.10;0;1600.87;1.00;0.00;42.64;car;;1;11.00
2057.00;28706217_0;94.10;6.95;1973.00;0.05;803785575#0_0;5.10;0.00;tripinfo_wu_od_to_sl.2;84.00;wu_od_to_sl.2;0;747.33;0.95;0.00;7.09;car;;0;0.00
2058.00;23156305_0;1264.14;10.68;1709.00;0.94;-23142338#2_0;5.10;0.00;tripinfo_wu_ns_to_gg.6;349.00;wu_ns_to_gg.6;0;3297.24;0.97;0.00;39.77;car;;0;0.00
2058.00;972103805_0;116.86;8.55;1811.00;1.23;-230845886_0;5.10;0.00;tripinfo_wu_ba_to_ko.63;247.00;wu_ba_to_ko.63;0;2114.29;0.85;0.00;22.00;car;;0;0.00
2060.00;23156305_0;1264.14;10.33;1760.00;0.58;-45494495_0;5.10;0.00;tripinfo_wu_os_to_gg.9;300.00;wu_os_to_gg.9;0;3034.34;1.04;0.00;33.88;car;;0;0.00
2062.00;23156305_0;1264.14;11.10;1709.00;0.42;803785575#0_0;5.10;0.00;tripinfo_wu_od_to_gg.29;353.00;wu_od_to_gg.29;0;3669.96;1.06;0.00;38.70;car;;0;0.00
2063.00;23527526_0;253.75;11.02;1996.00;0.43;23687583_0;5.10;0.00;tripinfo_wu_as_to_gj.39;67.00;wu_as_to_gj.39;0;649.06;1.08;0.00;11.52;car;;0;0.00
2065.00;41899283#1_0;148.70;9.19;1871.00;0.67;-45494495_0;5.10;0.00;tripinfo_wu_os_to_as.16;194.00;wu_os_to_as.16;0;1746.47;0.93;0.00;22.96;car;;0;0.00
2068.00;972103805_0;116.86;11.35;1853.00;0.53;-230845886_0;5.10;0.00;tripinfo_wu_ba_to_ko.64;215.00;wu_ba_to_ko.64;0;2114.29;1.07;0.00;34.99;car;;0;0.00
2070.00;41899283#1_0;148.70;11.24;1932.00;0.98;-230845886_0;5.10;0.00;tripinfo_wu_ba_to_as.38;138.00;wu_ba_to_as.38;0;1430.78;1.08;0.00;17.25;car;;0;0.00
2071.00;972103805_0;116.86;10.97;1968.00;0.10;23687583_0;5.10;0.00;tripinfo_wu_as_to_ko.54;103.00;wu_as_to_ko.54;0;1102.39;1.06;0.00;9.00;car;;0;0.00
2072.00;23156390_0;1121.44;10.79;1821.00;0.37;-230845886_0;5.10;0.00;tripinfo_wu_ba_to_br.2;251.00;wu_ba_to_br.2;0;2198.00;0.99;0.00;48.11;car;;2;17.00
2075.00;45494495_0;58.90;9.81;1966.00;0.01;803785575#0_0;5.10;0.00;tripinfo_wu_od_to_os.37;109.00;wu_od_to_os.37;0;969.96;0.89;0.00;10.32;car;;0;0.00
2077.00;972103805_0;116.86;10.82;1835.00;0.54;803785575#0_0;5.10;0.00;tripinfo_wu_od_to_ko.68;242.00;wu_od_to_ko.68;0;2307.67;1.04;0.00;31.94;car;;1;1.00
2077.00;45494495_0;58.90;12.60;1989.00;4.30;803785575#0_0;5.10;0.00;tripinfo_wu_od_to_os.38;88.00;wu_od_to_os.38;0;969.96;1.13;0.00;10.42;car;;0;0.00
2083.00;45494495_0;58.90;11.87;1898.00;0.42;23687583_0;5.10;0.00;tripinfo_wu_as_to_os.33;185.00;wu_as_to_os.33;0;1689.77;1.08;0.00;43.45;car;;0;0.00
2085.00;23527526_0;253.75;10.27;2018.00;0.53;23687583_0;5.10;0.00;tripinfo_in_as_to_gj.0;67.00;in_as_to_gj.0;0;649.06;1.00;0.00;8.16;car;;0;0.00
2090.00;45494495_0;58.90;11.40;1904.00;0.11;-230845886_0;5.10;0.00;tripinfo_wu_ba_to_os.32;186.00;wu_ba_to_os.32;0;1647.96;1.04;0.00;42.56;car;;1;6.00
2092.00;45494495_0;58.90;11.16;1912.00;2.98;-230845886_0;5.10;0.00;tripinfo_wu_ba_to_os.33;180.00;wu_ba_to_os.33;0;1647.96;1.11;0.00;45.72;car;;1;3.00
2092.00;23156390_0;1121.44;11.45;1925.00;0.92;23687583_0;5.10;0.00;tripinfo_wu_as_to_br.10;167.00;wu_as_to_br.10;0;1694.48;1.06;0.00;22.01;car;;0;0.00
2097.00;23156305_0;1264.14;12.52;1761.00;0.66;803785575#0_0;5.10;0.00;tripinfo_wu_od_to_gg.30;336.00;wu_od_to_gg.30;0;3669.96;1.20;0.00;57.50;car;;0;0.00
2097.00;41899283#1_0;148.70;8.49;1826.00;1.87;803785575#0_0;5.10;0.00;tripinfo_wu_od_to_as.32;271.00;wu_od_to_as.32;0;2382.09;0.88;0.00;26.16;car;;1;1.00
2099.00;972103805_0;116.86;10.64;1850.00;0.33;803785575#0_0;5.10;0.00;tripinfo_wu_od_to_ko.69;249.00;wu_od_to_ko.69;0;2307.67;1.01;0.00;31.87;car;;1;7.00
2101.00;23527526_0;253.75;12.13;2028.00;1.62;23687583_0;5.10;0.00;tripinfo_in_as_to_gj.1;73.00;in_as_to_gj.1;0;649.06;1.15;0.00;21.10;car;;1;10.00
2102.00;972103805_0;116.86;11.33;1841.00;0.59;-45494495_0;5.10;0.00;tripinfo_wu_os_to_ko.19;261.00;wu_os_to_ko.19;0;2045.29;1.03;0.00;71.16;car;;3;23.00
2104.00;45494495_0;58.90;9.74;1999.00;0.49;803785575#0_0;5.10;0.00;tripinfo_wu_od_to_os.39;105.00;wu_od_to_os.39;0;969.96;0.91;0.00;8.62;car;;0;0.00
2106.00;45494495_0;58.90;11.74;2009.00;4.23;803785575#0_0;5.10;0.00;tripinfo_in_od_to_os.0;97.00;in_od_to_os.0;0;969.96;1.17;0.00;21.47;car;;0;0.00
2108.00;45494495_0;58.90;11.16;2012.00;3.09;803785575#0_0;5.10;0.00;tripinfo_in_od_to_os.1;96.00;in_od_to_os.1;0;969.96;1.05;0.00;12.56;car;;0;0.00
2114.00;45494495_0;58.90;10.87;1955.00;0.05;23687583_0;5.10;0.00;tripinfo_wu_as_to_os.34;159.00;wu_as_to_os.34;0;1689.77;1.04;0.00;12.45;car;;0;0.00
2114.00;41899283#1_0;148.70;9.98;1967.00;0.15;-230845886_0;5.10;0.00;tripinfo_wu_ba_to_as.39;147.00;wu_ba_to_as.39;0;1430.78;0.97;0.00;13.14;car;;0;0.00
2115.00;972103805_0;116.86;9.40;1990.00;0.87;23687583_0;5.10;0.00;tripinfo_wu_as_to_ko.55;125.00;wu_as_to_ko.55;0;1102.39;0.88;0.00;11.78;car;;0;0.00
2117.00;972103805_0;116.86;10.45;2005.00;0.67;23687583_0;5.10;0.00;tripinfo_in_as_to_ko.0;112.00;in_as_to_ko.0;0;1102.39;1.04;0.00;16.10;car;;0;0.00
2119.00;45494495_0;58.90;10.84;1963.00;0.33;-230845886_0;5.10;0.00;tripinfo_wu_ba_to_os.34;156.00;wu_ba_to_os.34;0;1647.96;1.04;0.00;13.03;car;;0;0.00
2127.00;23527526_0;253.75;10.24;1911.00;0.30;-45494495_0;5.10;0.00;tripinfo_wu_os_to_gj.7;216.00;wu_os_to_gj.7;0;2071.37;0.97;0.00;21.27;car;;0;0.00
2138.00;23142338#2_0;290.21;8.76;1848.00;6.53;23687583_0;5.10;0.00;tripinfo_wu_as_to_ns.30;290.00;wu_as_to_ns.30;0;1995.73;0.88;0.00;85.05;car;;4;43.00
2140.00;23142338#2_0;290.21;11.27;1861.00;2.34;23687583_0;5.10;0.00;tripinfo_wu_as_to_ns.31;279.00;wu_as_to_ns.31;0;1995.73;1.04;0.00;104.02;car;;3;38.00
2142.00;23142338#2_0;290.21;12.72;1879.00;2.19;23687583_0;5.10;0.00;tripinfo_wu_as_to_ns.32;263.00;wu_as_to_ns.32;0;1995.73;1.18;0.00;109.33;car;;5;31.00
2143.00;28716808#1_0;754.74;10.03;2015.00;0.93;23687583_0;5.10;0.00;tripinfo_in_as_to_kl.0;128.00;in_as_to_kl.0;0;1207.92;0.96;0.00;12.58;car;;0;0.00
2143.00;23527526_0;253.75;11.68;2082.00;5.32;23687583_0;5.10;0.00;tripinfo_in_as_to_gj.2;61.00;in_as_to_gj.2;0;649.06;1.15;0.00;9.94;car;;0;0.00
2148.00;23142338#2_0;290.21;12.16;1918.00;2.38;23687583_0;5.10;0.00;tripinfo_wu_as_to_ns.33;230.00;wu_as_to_ns.33;0;1995.73;1.15;0.00;72.25;car;;3;17.00
2150.00;972103805_0;116.86;11.01;1919.00;0.85;-230845886_0;5.10;0.00;tripinfo_wu_ba_to_ko.65;231.00;wu_ba_to_ko.65;0;2114.29;0.99;0.00;36.90;car;;1;3.00
2153.00;23156030#6_1;109.07;12.59;1900.00;0.55;-230845886_0;5.10;0.00;tripinfo_wu_ba_to_od.25;253.00;wu_ba_to_od.25;0;2315.50;1.20;0.00;78.42;car;;3;6.00
2153.00;972103805_0;116.86;9.64;1922.00;1.99;-230845886_0;5.10;0.00;tripinfo_wu_ba_to_ko.66;231.00;wu_ba_to_ko.66;0;2114.29;0.92;0.00;22.57;car;;0;0.00
2155.00;23156030#6_0;109.07;10.84;1909.00;0.10;-230845886_0;5.10;0.00;tripinfo_wu_ba_to_od.26;246.00;wu_ba_to_od.26;0;2315.50;1.08;0.00;51.49;car;;2;5.00
2157.00;45494495_0;58.90;9.17;2046.00;8.30;803785575#0_0;5.10;0.00;tripinfo_in_od_to_os.2;111.00;in_od_to_os.2;0;969.96;0.88;0.00;10.38;car;;0;0.00
2158.00;45494495_0;58.90;9.04;2049.00;11.26;803785575#0_0;5.10;0.00;tripinfo_in_od_to_os.3;109.00;in_od_to_os.3;0;969.96;0.90;0.00;12.19;car;;0;0.00
2160.00;23156030#6_0;109.07;11.31;1938.00;0.14;-230845886_0;5.10;0.00;tripinfo_wu_ba_to_od.27;222.00;wu_ba_to_od.27;0;2315.50;1.10;0.00;31.80;car;;0;0.00
2162.00;972103805_0;116.86;7.88;1853.00;1.93;803785575#0_0;5.10;0.00;tripinfo_wu_od_to_ko.70;309.00;wu_od_to_ko.70;0;2307.67;0.81;0.00;38.66;car;;1;7.00
2164.00;972103805_0;116.86;10.05;1990.00;0.44;-23142338#2_0;5.10;0.00;tripinfo_wu_ns_to_ko.45;174.00;wu_ns_to_ko.45;0;1398.55;0.97;0.00;43.72;car;;2;14.00
2164.00;45494495_0;58.90;9.91;2067.00;12.53;803785575#0_0;5.10;0.00;tripinfo_in_od_to_os.4;97.00;in_od_to_os.4;0;969.96;1.00;0.00;8.51;car;;0;0.00
2166.00;28716808#1_0;754.74;9.50;1890.00;0.66;803785575#0_0;5.10;0.00;tripinfo_wu_od_to_kl.24;276.00;wu_od_to_kl.24;0;2678.40;0.95;0.00;21.54;car;;0;0.00
2168.00;972103805_0;116.86;9.19;2007.00;0.67;-23142338#2_0;5.10;0.00;tripinfo_wu_ns_to_ko.46;161.00;wu_ns_to_ko.46;0;1398.55;0.93;0.00;25.15;car;;1;9.00
2169.00;23527526_0;253.75;10.19;1943.00;3.42;-45494495_0;5.10;0.00;tripinfo_wu_os_to_gj.8;226.00;wu_os_to_gj.8;0;2071.37;0.94;0.00;26.25;car;;1;1.00
2170.00;28706217_0;94.10;7.57;1858.00;0.02;23687583_0;5.10;0.00;tripinfo_wu_as_to_sl.37;312.00;wu_as_to_sl.37;0;1976.75;1.06;0.00;138.88;car;;3;70.00
2170.00;972103805_0;116.86;12.50;2024.00;1.72;-23142338#2_0;5.10;0.00;tripinfo_in_ns_to_ko.0;146.00;in_ns_to_ko.0;0;1398.55;1.13;0.00;34.08;car;;0;0.00
2171.00;23527526_0;253.75;11.92;2106.00;2.17;23687583_0;5.10;0.00;tripinfo_in_as_to_gj.3;65.00;in_as_to_gj.3;0;649.06;1.11;0.00;10.84;car;;0;0.00
2177.00;23156390_0;1121.44;7.42;1852.00;3.52;-45494495_0;5.10;0.00;tripinfo_wu_os_to_br.7;325.00;wu_os_to_br.7;0;2513.69;0.77;0.00;29.10;car;;0;0.00
2177.00;23156030#6_0;109.07;10.74;2092.00;1.44;-45494495_0;5.10;0.00;tripinfo_in_os_to_od.0;85.00;in_os_to_od.0;0;865.51;1.01;0.00;7.27;car;;0;0.00
2179.00;45494495_0;58.90;11.50;2082.00;17.10;803785575#0_0;5.10;0.00;tripinfo_in_od_to_os.5;97.00;in_od_to_os.5;0;969.96;1.10;0.00;17.03;car;;0;0.00
2180.00;23156030#6_0;109.07;11.02;1971.00;1.40;23687583_0;5.10;0.00;tripinfo_wu_as_to_od.23;209.00;wu_as_to_od.23;0;2357.31;1.09;0.00;14.83;car;;0;0.00
2181.00;972103805_0;116.86;11.05;1922.00;0.70;803785575#0_0;5.10;0.00;tripinfo_wu_od_to_ko.71;259.00;wu_od_to_ko.71;0;2307.67;1.02;0.00;44.04;car;;2;15.00
2184.00;972103805_0;116.86;10.54;2061.00;7.06;23687583_0;5.10;0.00;tripinfo_in_as_to_ko.1;123.00;in_as_to_ko.1;0;1102.39;1.01;0.00;24.22;car;;1;10.00
2186.00;41899283#1_0;148.70;9.13;2032.00;5.02;-230845886_0;5.10;0.00;tripinfo_in_ba_to_as.0;154.00;in_ba_to_as.0;0;1430.78;0.94;0.00;15.03;car;;0;0.00
2190.00;972103805_0;116.86;9.74;2073.00;10.56;23687583_0;5.10;0.00;tripinfo_in_as_to_ko.2;117.00;in_as_to_ko.2;0;1102.39;0.95;0.00;11.32;car;;0;0.00
2191.00;45494495_0;58.90;10.06;2012.00;0.02;23687583_0;5.10;0.00;tripinfo_in_as_to_os.0;179.00;in_as_to_os.0;0;1689.77;0.95;0.00;17.48;car;;0;0.00
2191.00;23156305_0;1264.14;9.57;2022.00;0.24;23687583_0;5.10;0.00;tripinfo_in_as_to_gg.0;169.00;in_as_to_gg.0;0;1600.87;0.93;0.00;14.20;car;;0;0.00
2192.00;972103805_0;116.86;10.26;1925.00;3.41;803785575#0_0;5.10;0.00;tripinfo_wu_od_to_ko.72;267.00;wu_od_to_ko.72;0;2307.67;1.03;0.00;54.05;car;;3;16.00
2194.00;972103805_0;116.86;11.39;1933.00;0.25;803785575#0_0;5.10;0.00;tripinfo_wu_od_to_ko.73;261.00;wu_od_to_ko.73;0;2307.67;1.06;0.00;54.81;car;;3;12.00
2196.00;972103805_0;116.86;13.20;2040.00;0.71;-23142338#2_0;5.10;0.00;tripinfo_in_ns_to_ko.1;156.00;in_ns_to_ko.1;0;1398.55;1.19;0.00;49.48;car;;2;18.00
2197.00;23142338#2_0;290.21;10.71;2003.00;0.25;803785575#0_0;5.10;0.00;tripinfo_in_od_to_ns.0;194.00;in_od_to_ns.0;0;1928.29;1.05;0.00;17.03;car;;0;0.00
2197.00;45494495_0;58.90;10.37;2029.00;5.11;-230845886_0;5.10;0.00;tripinfo_in_ba_to_os.0;168.00;in_ba_to_os.0;0;1647.96;1.00;0.00;19.74;car;;0;0.00
2197.00;23156030#6_0;109.07;10.27;2111.00;3.07;-45494495_0;5.10;0.00;tripinfo_in_os_to_od.1;86.00;in_os_to_od.1;0;865.51;1.01;0.00;8.32;car;;0;0.00
2199.00;972103805_0;116.86;11.87;1946.00;0.77;803785575#0_0;5.10;0.00;tripinfo_wu_od_to_ko.74;253.00;wu_od_to_ko.74;0;2307.67;1.14;0.00;60.50;car;;4;19.00
2199.00;41899283#1_0;148.70;10.81;2041.00;5.44;-230845886_0;5.10;0.00;tripinfo_in_ba_to_as.1;158.00;in_ba_to_as.1;0;1430.78;1.01;0.00;29.58;car;;0;0.00
2200.00;41899283#1_0;148.70;13.42;2053.00;3.95;-230845886_0;5.10;0.00;tripinfo_in_ba_to_as.3;147.00;in_ba_to_as.3;0;1430.78;1.24;0.00;42.52;car;;0;0.00
2201.00;45494495_0;58.90;10.35;2097.00;20.24;803785575#0_0;5.10;0.00;tripinfo_in_od_to_os.6;104.00;in_od_to_os.6;0;969.96;0.96;0.00;12.56;car;;0;0.00
2203.00;45494495_0;58.90;11.09;2025.00;0.56;23687583_0;5.10;0.00;tripinfo_in_as_to_os.1;178.00;in_as_to_os.1;0;1689.77;1.03;0.00;28.90;car;;1;6.00
2205.00;41899283#1_0;148.70;9.58;2050.00;5.20;-230845886_0;5.10;0.00;tripinfo_in_ba_to_as.2;155.00;in_ba_to_as.2;0;1430.78;0.94;0.00;16.53;car;;0;0.00
2205.00;972103805_0;116.86;9.90;2094.00;3.03;23687583_0;5.10;0.00;tripinfo_in_as_to_ko.3;111.00;in_as_to_ko.3;0;1102.39;0.98;0.00;8.78;car;;0;0.00
2207.00;45494495_0;58.90;9.59;2100.00;19.89;803785575#0_0;5.10;0.00;tripinfo_in_od_to_os.7;107.00;in_od_to_os.7;0;969.96;0.91;0.00;10.51;car;;0;0.00
2207.00;972103805_0;116.86;12.02;2103.00;1.13;23687583_0;5.10;0.00;tripinfo_in_as_to_ko.4;104.00;in_as_to_ko.4;0;1102.39;1.16;0.00;17.32;car;;0;0.00
2208.00;972103805_0;116.86;12.78;1951.00;0.09;803785575#0_0;5.10;0.00;tripinfo_wu_od_to_ko.75;257.00;wu_od_to_ko.75;0;2307.67;1.21;0.00;75.00;car;;3;14.00
2209.00;45494495_0;58.90;11.11;2113.00;23.09;803785575#0_0;5.10;0.00;tripinfo_in_od_to_os.8;96.00;in_od_to_os.8;0;969.96;1.04;0.00;11.33;car;;0;0.00
2211.00;45494495_0;58.90;11.38;2119.00;27.61;803785575#0_0;5.10;0.00;tripinfo_in_od_to_os.9;92.00;in_od_to_os.9;0;969.96;1.08;0.00;9.98;car;;0;0.00
2215.00;23527526_0;253.75;11.59;2044.00;7.65;-230845886_0;5.10;0.00;tripinfo_in_ba_to_gj.0;171.00;in_ba_to_gj.0;0;1755.68;1.13;0.00;29.37;car;;0;0.00
2217.00;972103805_0;116.86;10.48;2114.00;0.78;23687583_0;5.10;0.00;tripinfo_in_as_to_ko.5;103.00;in_as_to_ko.5;0;1102.39;1.05;0.00;8.81;car;;0;0.00
2220.00;23142338#2_0;290.21;11.51;2018.00;0.85;803785575#0_0;5.10;0.00;tripinfo_in_od_to_ns.1;202.00;in_od_to_ns.1;0;1928.29;1.08;0.00;29.68;car;;1;7.00
2220.00;23156030#6_0;109.07;8.48;2120.00;5.11;-45494495_0;5.10;0.00;tripinfo_in_os_to_od.2;100.00;in_os_to_od.2;0;865.51;0.86;0.00;9.07;car;;0;0.00
2221.00;230845886_0;633.12;8.01;2034.00;0.04;23687583_0;5.10;0.00;tripinfo_in_as_to_ba.0;187.00;in_as_to_ba.0;0;1356.50;0.77;0.00;27.37;car;;2;7.00
2222.00;23156305_0;1264.14;10.14;1899.00;0.35;-23142338#2_0;5.10;0.00;tripinfo_wu_ns_to_gg.7;323.00;wu_ns_to_gg.7;0;3297.24;1.02;0.00;29.06;car;;0;0.00
2223.00;230845886_0;633.12;10.18;1936.00;0.08;803785575#0_0;5.10;0.00;tripinfo_wu_od_to_ba.33;287.00;wu_od_to_ba.33;0;2382.14;1.02;0.00;74.62;car;;2;31.00
2223.00;41899283#1_0;148.70;10.56;1985.00;2.05;803785575#0_0;5.10;0.00;tripinfo_wu_od_to_as.33;238.00;wu_od_to_as.33;0;2382.09;1.02;0.00;26.40;car;;0;0.00
2225.00;28706217_0;94.10;5.59;1878.00;0.36;-230845886_0;5.10;0.00;tripinfo_wu_ba_to_sl.21;347.00;wu_ba_to_sl.21;0;1934.94;0.79;0.00;119.24;car;;2;89.00
2225.00;230845886_0;633.12;12.10;2010.00;0.68;-45494495_0;5.10;0.00;tripinfo_wu_os_to_ba.13;215.00;wu_os_to_ba.13;0;1746.52;1.09;0.00;69.55;car;;2;29.00
2226.00;41899283#1_0;148.70;11.21;2006.00;2.92;803785575#0_0;5.10;0.00;tripinfo_in_od_to_as.0;220.00;in_od_to_as.0;0;2382.09;1.11;0.00;25.68;car;;0;0.00
2226.00;230845886_0;633.12;11.31;2076.00;9.27;23687583_0;5.10;0.00;tripinfo_in_as_to_ba.1;150.00;in_as_to_ba.1;0;1356.50;1.06;0.00;34.69;car;;0;0.00
2227.00;28706217_0;94.10;7.35;1890.00;0.34;23687583_0;5.10;0.00;tripinfo_wu_as_to_sl.38;337.00;wu_as_to_sl.38;0;1976.75;0.94;0.00;142.44;car;;2;92.00
2227.00;45494495_0;58.90;12.16;2137.00;31.82;803785575#0_0;5.10;0.00;tripinfo_in_od_to_os.10;90.00;in_od_to_os.10;0;969.96;1.15;0.00;13.69;car;;0;0.00
2230.00;972103805_0;116.86;10.09;2061.00;1.93;-23142338#2_0;5.10;0.00;tripinfo_in_ns_to_ko.2;169.00;in_ns_to_ko.2;0;1398.55;0.92;0.00;31.81;car;;2;10.00
2233.00;45494495_0;58.90;10.50;2045.00;0.01;23687583_0;5.10;0.00;tripinfo_in_as_to_os.2;188.00;in_as_to_os.2;0;1689.77;0.98;0.00;31.91;car;;2;10.00
2233.00;972103805_0;116.86;9.64;2067.00;4.74;-23142338#2_0;5.10;0.00;tripinfo_in_ns_to_ko.3;166.00;in_ns_to_ko.3;0;1398.55;0.88;0.00;22.58;car;;0;0.00
2233.00;230845886_0;633.12;9.28;2085.00;3.48;23687583_0;5.10;0.00;tripinfo_in_as_to_ba.2;148.00;in_as_to_ba.2;0;1356.50;0.92;0.00;15.23;car;;0;0.00
2235.00;972103805_0;116.86;11.27;2070.00;7.63;-23142338#2_0;5.10;0.00;tripinfo_in_ns_to_ko.4;165.00;in_ns_to_ko.4;0;1398.55;1.11;0.00;50.99;car;;0;0.00
2236.00;23156305_0;1264.14;11.42;1917.00;0.32;-23142338#2_0;5.10;0.00;tripinfo_wu_ns_to_gg.8;319.00;wu_ns_to_gg.8;0;3297.24;1.10;0.00;44.90;car;;1;6.00
2236.00;23527526_0;253.75;11.57;2062.00;4.58;-230845886_0;5.10;0.00;tripinfo_in_ba_to_gj.1;174.00;in_ba_to_gj.1;0;1755.68;1.04;0.00;21.77;car;;0;0.00
2236.00;28716808#1_0;754.74;12.40;2129.00;0.85;23687583_0;5.10;0.00;tripinfo_in_as_to_kl.1;107.00;in_as_to_kl.1;0;1207.92;1.12;0.00;8.73;car;;0;0.00
2239.00;972103805_0;116.86;10.24;2132.00;3.49;23687583_0;5.10;0.00;tripinfo_in_as_to_ko.6;107.00;in_as_to_ko.6;0;1102.39;1.03;0.00;10.08;car;;0;0.00
2242.00;972103805_0;116.86;10.68;2138.00;1.98;23687583_0;5.10;0.00;tripinfo_in_as_to_ko.7;104.00;in_as_to_ko.7;0;1102.39;1.05;0.00;8.96;car;;0;0.00
2247.00;972103805_0;116.86;11.07;2073.00;0.14;-23142338#2_0;5.10;0.00;tripinfo_in_ns_to_ko.5;174.00;in_ns_to_ko.5;0;1398.55;1.01;0.00;48.13;car;;1;7.00
2248.00;28706217_0;94.10;7.70;1884.00;2.15;-230845886_0;5.10;0.00;tripinfo_wu_ba_to_sl.22;364.00;wu_ba_to_sl.22;0;1934.94;0.97;0.00;177.95;car;;5;115.00
2248.00;972103805_0;116.86;11.81;2076.00;0.84;-23142338#2_0;5.10;0.00;tripinfo_in_ns_to_ko.6;172.00;in_ns_to_ko.6;0;1398.55;1.08;0.00;55.43;car;;1;5.00
2249.00;41899283#1_0;148.70;9.71;2059.00;0.77;-45494495_0;5.10;0.00;tripinfo_in_os_to_as.0;190.00;in_os_to_as.0;0;1746.47;0.95;0.00;23.24;car;;0;0.00
2252.00;972103805_0;116.86;9.59;2079.00;2.03;-23142338#2_0;5.10;0.00;tripinfo_in_ns_to_ko.7;173.00;in_ns_to_ko.7;0;1398.55;0.91;0.00;34.09;car;;1;5.00
2253.00;41899283#1_0;148.70;10.48;2098.00;0.41;-230845886_0;5.10;0.00;tripinfo_in_ba_to_as.4;155.00;in_ba_to_as.4;0;1430.78;1.00;0.00;24.64;car;;1;7.00
2254.00;972103805_0;116.86;10.39;1983.00;0.78;803785575#0_0;5.10;0.00;tripinfo_wu_od_to_ko.76;271.00;wu_od_to_ko.76;0;2307.67;1.01;0.00;53.92;car;;2;10.00
2256.00;23142338#2_0;290.21;9.63;2023.00;2.76;-45494495_0;5.10;0.00;tripinfo_in_os_to_ns.0;233.00;in_os_to_ns.0;0;1665.91;0.95;0.00;62.69;car;;3;31.00
2256.00;45494495_0;58.90;9.84;2065.00;5.15;23687583_0;5.10;0.00;tripinfo_in_as_to_os.3;191.00;in_as_to_os.3;0;1689.77;0.98;0.00;34.49;car;;2;12.00
2256.00;972103805_0;116.86;11.54;2082.00;2.53;-23142338#2_0;5.10;0.00;tripinfo_in_ns_to_ko.8;174.00;in_ns_to_ko.8;0;1398.55;1.10;0.00;59.52;car;;2;12.00
2258.00;972103805_0;116.86;12.57;2090.00;0.86;-23142338#2_0;5.10;0.00;tripinfo_in_ns_to_ko.9;168.00;in_ns_to_ko.9;0;1398.55;1.14;0.00;57.03;car;;2;10.00
2260.00;28706217_0;94.10;8.64;1887.00;0.74;-230845886_0;5.10;0.00;tripinfo_wu_ba_to_sl.23;373.00;wu_ba_to_sl.23;0;1934.94;1.09;0.00;207.66;car;;5;120.00
2261.00;23142338#2_0;290.21;9.49;2030.00;6.95;-45494495_0;5.10;0.00;tripinfo_in_os_to_ns.1;231.00;in_os_to_ns.1;0;1665.91;0.96;0.00;61.20;car;;3;28.00
2263.00;23142338#2_0;290.21;12.07;2055.00;3.32;23687583_0;5.10;0.00;tripinfo_in_as_to_ns.0;208.00;in_as_to_ns.0;0;1995.73;1.12;0.00;45.12;car;;2;8.00
2263.00;23527526_0;253.75;11.71;2186.00;4.03;23687583_0;5.10;0.00;tripinfo_in_as_to_gj.4;77.00;in_as_to_gj.4;0;649.06;1.08;0.00;21.60;car;;1;4.00
2264.00;28706217_0;94.10;7.44;1915.00;0.10;-230845886_0;5.10;0.00;tripinfo_wu_ba_to_sl.24;349.00;wu_ba_to_sl.24;0;1934.94;1.00;0.00;168.31;car;;4;115.00
2266.00;972103805_0;116.86;8.07;1979.00;0.47;-230845886_0;5.10;0.00;tripinfo_wu_ba_to_ko.67;287.00;wu_ba_to_ko.67;0;2114.29;0.77;0.00;35.45;car;;1;5.00
2268.00;23156305_0;1264.14;10.08;1876.00;0.01;803785575#0_0;5.10;0.00;tripinfo_wu_od_to_gg.31;392.00;wu_od_to_gg.31;0;3669.96;0.94;0.00;38.40;car;;1;5.00
2268.00;972103805_0;116.86;10.80;1999.00;0.18;-230845886_0;5.10;0.00;tripinfo_wu_ba_to_ko.68;269.00;wu_ba_to_ko.68;0;2114.29;1.04;0.00;82.93;car;;1;4.00
2269.00;972103805_0;116.86;10.69;2017.00;0.92;-230845886_0;5.10;0.00;tripinfo_in_ba_to_ko.0;252.00;in_ba_to_ko.0;0;2114.29;1.08;0.00;73.42;car;;1;7.00
2270.00;23156305_0;1264.14;10.88;1887.00;0.15;803785575#0_0;5.10;0.00;tripinfo_wu_od_to_gg.32;383.00;wu_od_to_gg.32;0;3669.96;1.05;0.00;65.94;car;;1;4.00
2271.00;972103805_0;116.86;9.35;2102.00;5.16;-23142338#2_0;5.10;0.00;tripinfo_in_ns_to_ko.10;169.00;in_ns_to_ko.10;0;1398.55;0.89;0.00;27.96;car;;1;6.00
2272.00;23156305_0;1264.14;10.65;1946.00;2.37;-45494495_0;5.10;0.00;tripinfo_wu_os_to_gg.10;326.00;wu_os_to_gg.10;0;3034.34;1.05;0.00;63.23;car;;1;2.00
2274.00;41899283#1_0;148.70;9.85;2107.00;5.92;-230845886_0;5.10;0.00;tripinfo_in_ba_to_as.5;167.00;in_ba_to_as.5;0;1430.78;0.93;0.00;27.64;car;;1;4.00
2274.00;28716808#1_0;754.74;9.85;2147.00;0.57;23687583_0;5.10;0.00;tripinfo_in_as_to_kl.2;127.00;in_as_to_kl.2;0;1207.92;0.97;0.00;13.73;car;;1;1.00
2276.00;23142338#2_0;290.21;9.95;2055.00;8.10;803785575#0_0;5.10;0.00;tripinfo_in_od_to_ns.2;221.00;in_od_to_ns.2;0;1928.29;0.96;0.00;27.03;car;;1;5.00
2280.00;972103805_0;116.86;8.87;2026.00;3.18;-230845886_0;5.10;0.00;tripinfo_in_ba_to_ko.1;254.00;in_ba_to_ko.1;0;2114.29;0.91;0.00;42.35;car;;2;11.00
2281.00;41899283#1_0;148.70;10.60;2123.00;8.68;-230845886_0;5.10;0.00;tripinfo_in_ba_to_as.6;158.00;in_ba_to_as.6;0;1430.78;0.98;0.00;25.83;car;;1;1.00
2283.00;972103805_0;116.86;10.76;2038.00;5.86;-230845886_0;5.10;0.00;tripinfo_in_ba_to_ko.2;245.00;in_ba_to_ko.2;0;2114.29;0.97;0.00;47.31;car;;2;12.00
2284.00;23142338#2_0;290.21;9.89;2058.00;6.13;23687583_0;5.10;0.00;tripinfo_in_as_to_ns.1;226.00;in_as_to_ns.1;0;1995.73;1.00;0.00;44.24;car;;1;4.00
2286.00;28706217_0;94.10;6.18;1915.00;0.92;23687583_0;5.10;0.00;tripinfo_wu_as_to_sl.39;371.00;wu_as_to_sl.39;0;1976.75;0.84;0.00;151.07;car;;5;105.00
2286.00;230845886_0;633.12;10.99;2025.00;0.02;803785575#0_0;5.10;0.00;tripinfo_in_od_to_ba.0;261.00;in_od_to_ba.0;0;2382.14;1.02;0.00;49.57;car;;1;12.00
2287.00;972103805_0;116.86;9.90;2159.00;0.89;23687583_0;5.10;0.00;tripinfo_in_as_to_ko.8;128.00;in_as_to_ko.8;0;1102.39;0.98;0.00;25.73;car;;1;12.00
2288.00;41899283#1_0;148.70;9.91;2030.00;0.85;-23142338#2_0;5.10;0.00;tripinfo_in_ns_to_as.0;258.00;in_ns_to_as.0;0;2009.37;0.94;0.00;62.60;car;;3;25.00
2290.00;41899283#1_0;148.70;12.22;2049.00;0.63;-23142338#2_0;5.10;0.00;tripinfo_in_ns_to_as.1;241.00;in_ns_to_as.1;0;2009.37;1.18;0.00;85.45;car;;2;17.00
2291.00;972103805_0;116.86;10.48;2047.00;10.42;-230845886_0;5.10;0.00;tripinfo_in_ba_to_ko.3;244.00;in_ba_to_ko.3;0;2114.29;1.02;0.00;54.11;car;;3;10.00
2291.00;230845886_0;633.12;10.28;2155.00;0.12;23687583_0;5.10;0.00;tripinfo_in_as_to_ba.3;136.00;in_as_to_ba.3;0;1356.50;0.98;0.00;11.41;car;;0;0.00
2293.00;23156390_0;1121.44;10.33;1998.00;0.64;-45494495_0;5.10;0.00;tripinfo_wu_os_to_br.8;295.00;wu_os_to_br.8;0;2513.69;1.00;0.00;66.04;car;;2;29.00
2293.00;23156030#6_0;109.07;12.22;2052.00;0.67;23687583_0;5.10;0.00;tripinfo_in_as_to_od.0;241.00;in_as_to_od.0;0;2357.31;1.18;0.00;61.47;car;;1;4.00
2293.00;23527526_0;253.75;9.66;2217.00;0.95;23687583_0;5.10;0.00;tripinfo_in_as_to_gj.5;76.00;in_as_to_gj.5;0;649.06;0.89;0.00;9.73;car;;0;0.00
2295.00;972103805_0;116.86;8.30;2124.00;3.30;-23142338#2_0;5.10;0.00;tripinfo_in_ns_to_ko.11;171.00;in_ns_to_ko.11;0;1398.55;0.82;0.00;17.88;car;;0;0.00
2297.00;972103805_0;116.86;12.27;2127.00;5.14;-23142338#2_0;5.10;0.00;tripinfo_in_ns_to_ko.12;170.00;in_ns_to_ko.12;0;1398.55;1.22;0.00;65.94;car;;0;0.00
2299.00;45494495_0;58.90;12.83;2099.00;3.10;-23142338#2_0;5.10;0.00;tripinfo_in_ns_to_os.0;200.00;in_ns_to_os.0;0;1865.82;1.16;0.00;53.97;car;;2;15.00
2299.00;972103805_0;116.86;10.29;2172.00;2.63;23687583_0;5.10;0.00;tripinfo_in_as_to_ko.9;127.00;in_as_to_ko.9;0;1102.39;1.02;0.00;29.65;car;;2;11.00
2300.00;28706217_0;94.10;6.18;2114.00;4.73;-45494495_0;5.10;0.00;tripinfo_in_os_to_sl.0;186.00;in_os_to_sl.0;0;484.95;0.86;0.00;129.20;car;;6;96.00
2301.00;972103805_0;116.86;10.49;2175.00;4.61;23687583_0;5.10;0.00;tripinfo_in_as_to_ko.10;126.00;in_as_to_ko.10;0;1102.39;1.03;0.00;29.88;car;;2;9.00
2302.00;28706217_0;94.10;8.00;2002.00;0.16;-230845886_0;5.10;0.00;tripinfo_in_ba_to_sl.0;300.00;in_ba_to_sl.0;0;1934.94;1.05;0.00;128.89;car;;5;70.00
2304.00;972103805_0;116.86;13.12;2056.00;3.51;-230845886_0;5.10;0.00;tripinfo_in_ba_to_ko.4;248.00;in_ba_to_ko.4;0;2114.29;1.23;0.00;91.60;car;;4;20.00
2307.00;972103805_0;116.86;12.73;2059.00;3.61;-230845886_0;5.10;0.00;tripinfo_in_ba_to_ko.5;248.00;in_ba_to_ko.5;0;2114.29;1.16;0.00;82.07;car;;4;20.00
2307.00;41899283#1_0;148.70;8.77;2136.00;0.05;-230845886_0;5.10;0.00;tripinfo_in_ba_to_as.7;171.00;in_ba_to_as.7;0;1430.78;0.82;0.00;13.69;car;;0;0.00
2310.00;230845886_0;633.12;8.46;2083.00;0.70;-45494495_0;5.10;0.00;tripinfo_in_os_to_ba.0;227.00;in_os_to_ba.0;0;1746.52;0.84;0.00;38.31;car;;2;7.00
2311.00;972103805_0;116.86;10.28;2026.00;5.02;-45494495_0;5.10;0.00;tripinfo_in_os_to_ko.0;285.00;in_os_to_ko.0;0;2045.29;0.96;0.00;81.78;car;;4;34.00
2312.00;972103805_0;116.86;10.99;2052.00;13.03;803785575#0_0;5.10;0.00;tripinfo_in_od_to_ko.0;260.00;in_od_to_ko.0;0;2307.67;1.04;0.00;48.25;car;;1;7.00
2312.00;23527526_0;253.75;9.87;2104.00;3.55;-230845886_0;5.10;0.00;tripinfo_in_ba_to_gj.2;208.00;in_ba_to_gj.2;0;1755.68;0.90;0.00;32.19;car;;1;6.00
2314.00;28706217_0;94.10;8.02;2020.00;3.46;-230845886_0;5.10;0.00;tripinfo_wu_ba_to_sl.25;294.00;wu_ba_to_sl.25;0;1934.94;1.05;0.00;122.60;car;;6;76.00
2314.00;23527526_0;253.75;9.90;2111.00;8.09;-230845886_0;5.10;0.00;tripinfo_in_ba_to_gj.3;203.00;in_ba_to_gj.3;0;1755.68;0.97;0.00;38.87;car;;2;3.00
2316.00;28716808#1_0;754.74;8.78;2117.00;12.44;-230845886_0;5.10;0.00;tripinfo_in_ba_to_kl.0;199.00;in_ba_to_kl.0;0;1727.09;0.88;0.00;21.55;car;;1;1.00
2320.00;972103805_0;116.86;9.62;2178.00;2.60;23687583_0;5.10;0.00;tripinfo_in_as_to_ko.11;142.00;in_as_to_ko.11;0;1102.39;0.98;0.00;40.34;car;;3;17.00
2323.00;28706217_0;94.10;8.03;2035.00;5.50;-230845886_0;5.10;0.00;tripinfo_in_ba_to_sl.1;288.00;in_ba_to_sl.1;0;1934.94;1.07;0.00;120.65;car;;7;53.00
2325.00;23142338#2_0;290.21;10.64;2097.00;3.30;23687583_0;5.10;0.00;tripinfo_in_as_to_ns.2;228.00;in_as_to_ns.2;0;1995.73;0.99;0.00;45.75;car;;1;19.00
2325.00;972103805_0;116.86;10.72;2095.00;0.84;-230845886_0;5.10;0.00;tripinfo_in_ba_to_ko.6;230.00;in_ba_to_ko.6;0;2114.29;0.97;0.00;31.16;car;;1;9.00
2327.00;23142338#2_0;290.21;11.69;2135.00;6.39;23687583_0;5.10;0.00;tripinfo_in_as_to_ns.3;192.00;in_as_to_ns.3;0;1995.73;1.14;0.00;32.63;car;;1;6.00
2327.00;23527526_0;253.75;10.05;2243.00;0.15;23687583_0;5.10;0.00;tripinfo_in_as_to_gj.6;84.00;in_as_to_gj.6;0;649.06;1.01;0.00;25.36;car;;1;13.00
2329.00;23156305_0;1264.14;9.47;1965.00;0.05;-45494495_0;5.10;0.00;tripinfo_wu_os_to_gg.12;364.00;wu_os_to_gg.12;0;3034.34;0.87;0.00;48.09;car;;0;0.00
2331.00;41899283#1_0;148.70;9.09;2154.00;2.36;-230845886_0;5.10;0.00;tripinfo_in_ba_to_as.8;177.00;in_ba_to_as.8;0;1430.78;0.87;0.00;28.18;car;;2;6.00
2333.00;23156390_0;1121.44;8.78;2020.00;0.39;-45494495_0;5.10;0.00;tripinfo_in_os_to_br.0;313.00;in_os_to_br.0;0;2513.69;0.81;0.00;29.55;car;;0;0.00
2333.00;41899283#1_0;148.70;9.63;2096.00;0.81;-23142338#2_0;5.10;0.00;tripinfo_in_ns_to_as.2;237.00;in_ns_to_as.2;0;2009.37;0.96;0.00;45.89;car;;2;18.00
2333.00;972103805_0;116.86;7.88;2133.00;8.00;-23142338#2_0;5.10;0.00;tripinfo_in_ns_to_ko.13;200.00;in_ns_to_ko.13;0;1398.55;0.77;0.00;36.07;car;;2;14.00
2335.00;972103805_0;116.86;9.87;2150.00;0.31;-23142338#2_0;5.10;0.00;tripinfo_in_ns_to_ko.14;185.00;in_ns_to_ko.14;0;1398.55;0.94;0.00;50.77;car;;2;20.00
2336.00;230845886_0;633.12;11.26;2108.00;1.06;-45494495_0;5.10;0.00;tripinfo_in_os_to_ba.1;228.00;in_os_to_ba.1;0;1746.52;1.03;0.00;73.51;car;;3;26.00
2337.00;972103805_0;116.86;10.88;2162.00;0.40;-23142338#2_0;5.10;0.00;tripinfo_in_ns_to_ko.15;175.00;in_ns_to_ko.15;0;1398.55;1.05;0.00;54.37;car;;2;15.00
2341.00;41899283#1_0;148.70;9.75;2175.00;2.33;-230845886_0;5.10;0.00;tripinfo_in_ba_to_as.9;166.00;in_ba_to_as.9;0;1430.78;0.99;0.00;34.36;car;;2;10.00
2342.00;230845886_0;633.12;10.82;2181.00;3.64;23687583_0;5.10;0.00;tripinfo_in_as_to_ba.4;161.00;in_as_to_ba.4;0;1356.50;0.98;0.00;36.35;car;;3;7.00
2343.00;41899283#1_0;148.70;11.30;2058.00;10.84;803785575#0_0;5.10;0.00;tripinfo_in_od_to_as.1;285.00;in_od_to_as.1;0;2382.09;1.09;0.00;86.31;car;;4;26.00
2344.00;45494495_0;58.90;11.44;2162.00;3.77;23687583_0;5.10;0.00;tripinfo_in_as_to_os.4;182.00;in_as_to_os.4;0;1689.77;1.11;0.00;45.07;car;;1;12.00
2344.00;230845886_0;633.12;10.86;2205.00;0.17;23687583_0;5.10;0.00;tripinfo_in_as_to_ba.5;139.00;in_as_to_ba.5;0;1356.50;1.06;0.00;23.22;car;;1;1.00
2345.00;28706217_0;94.10;8.08;2188.00;0.47;-45494495_0;5.10;0.00;tripinfo_in_os_to_sl.1;157.00;in_os_to_sl.1;0;484.95;0.98;0.00;106.83;car;;6;64.00
2347.00;23527526_0;253.75;12.28;2160.00;4.17;-230845886_0;5.10;0.00;tripinfo_in_ba_to_gj.4;187.00;in_ba_to_gj.4;0;1755.68;1.13;0.00;45.50;car;;1;4.00
2348.00;972103805_0;116.86;10.37;2180.00;0.72;-23142338#2_0;5.10;0.00;tripinfo_in_ns_to_ko.16;168.00;in_ns_to_ko.16;0;1398.55;0.93;0.00;32.64;car;;2;13.00
2350.00;972103805_0;116.86;12.65;2186.00;0.73;-23142338#2_0;5.10;0.00;tripinfo_in_ns_to_ko.17;164.00;in_ns_to_ko.17;0;1398.55;1.15;0.00;53.98;car;;1;10.00
2352.00;230845886_0;633.12;9.55;2117.00;5.35;-45494495_0;5.10;0.00;tripinfo_in_os_to_ba.2;235.00;in_os_to_ba.2;0;1746.52;0.95;0.00;69.22;car;;3;23.00
2352.00;23527526_0;253.75;10.70;2169.00;6.88;-230845886_0;5.10;0.00;tripinfo_in_ba_to_gj.5;183.00;in_ba_to_gj.5;0;1755.68;1.06;0.00;32.34;car;;0;0.00
2352.00;45494495_0;58.90;11.50;2187.00;0.51;-230845886_0;5.10;0.00;tripinfo_in_ba_to_os.1;165.00;in_ba_to_os.1;0;1647.96;1.05;0.00;23.45;car;;1;4.00
2354.00;230845886_0;633.12;11.30;2064.00;10.31;803785575#0_0;5.10;0.00;tripinfo_in_od_to_ba.1;290.00;in_od_to_ba.1;0;2382.14;1.07;0.00;89.42;car;;3;19.00
2354.00;28706217_0;94.10;6.99;2065.00;1.82;-230845886_0;5.10;0.00;tripinfo_in_ba_to_sl.2;289.00;in_ba_to_sl.2;0;1934.94;0.93;0.00;95.60;car;;6;45.00
2355.00;23527526_0;253.75;10.89;2043.00;6.36;803785575#0_0;5.10;0.00;tripinfo_in_od_to_gj.0;312.00;in_od_to_gj.0;0;2706.99;1.06;0.00;80.81;car;;2;19.00
2355.00;972103805_0;116.86;8.76;2229.00;4.02;23687583_0;5.10;0.00;tripinfo_in_as_to_ko.12;126.00;in_as_to_ko.12;0;1102.39;0.87;0.00;11.42;car;;0;0.00
2356.00;28716808#1_0;754.74;8.99;2034.00;0.78;803785575#0_0;5.10;0.00;tripinfo_wu_od_to_kl.25;322.00;wu_od_to_kl.25;0;2678.40;0.92;0.00;58.80;car;;4;17.00
2356.00;41899283#1_0;148.70;11.46;2061.00;13.05;803785575#0_0;5.10;0.00;tripinfo_in_od_to_as.2;295.00;in_od_to_as.2;0;2382.09;1.14;0.00;105.40;car;;4;24.00
2356.00;230845886_0;633.12;11.16;2212.00;0.34;23687583_0;5.10;0.00;tripinfo_in_as_to_ba.6;144.00;in_as_to_ba.6;0;1356.50;1.02;0.00;23.12;car;;1;8.00
2357.00;45494495_0;58.90;10.73;2193.00;5.05;-230845886_0;5.10;0.00;tripinfo_in_ba_to_os.2;164.00;in_ba_to_os.2;0;1647.96;1.02;0.00;18.53;car;;0;0.00
2357.00;972103805_0;116.86;11.56;2197.00;0.22;-23142338#2_0;5.10;0.00;tripinfo_in_ns_to_ko.18;160.00;in_ns_to_ko.18;0;1398.55;1.05;0.00;39.93;car;;2;12.00
2358.00;28716808#1_0;754.74;9.88;2037.00;3.46;803785575#0_0;5.10;0.00;tripinfo_in_od_to_kl.0;321.00;in_od_to_kl.0;0;2678.40;0.99;0.00;76.68;car;;2;18.00
2359.00;28716808#1_0;754.74;12.43;2190.00;2.37;-230845886_0;5.10;0.00;tripinfo_wu_ba_to_kl.1;169.00;wu_ba_to_kl.1;0;1727.09;1.19;0.00;37.79;car;;2;8.00
2359.00;45494495_0;58.90;13.69;2206.00;0.27;-230845886_0;5.10;0.00;tripinfo_in_ba_to_os.3;153.00;in_ba_to_os.3;0;1647.96;1.24;0.00;32.45;car;;0;0.00
2360.00;972103805_0;116.86;9.87;2085.00;17.70;803785575#0_0;5.10;0.00;tripinfo_in_od_to_ko.1;275.00;in_od_to_ko.1;0;2307.67;0.95;0.00;44.73;car;;3;12.00
2361.00;28706217_0;94.10;6.43;2070.00;8.33;23687583_0;5.10;0.00;tripinfo_in_as_to_sl.0;291.00;in_as_to_sl.0;0;1976.75;0.85;0.00;75.20;car;;5;30.00
2362.00;972103805_0;116.86;11.56;2104.00;15.69;803785575#0_0;5.10;0.00;tripinfo_in_od_to_ko.2;258.00;in_od_to_ko.2;0;2307.67;1.13;0.00;62.56;car;;2;10.00
2363.00;28706217_0;94.10;7.39;2079.00;5.56;23687583_0;5.10;0.00;tripinfo_in_as_to_sl.1;284.00;in_as_to_sl.1;0;1976.75;0.94;0.00;88.97;car;;4;24.00
2364.00;972103805_0;116.86;11.86;2121.00;28.49;803785575#0_0;5.10;0.00;tripinfo_in_od_to_ko.3;243.00;in_od_to_ko.3;0;2307.67;1.10;0.00;43.47;car;;1;2.00
2365.00;28706217_0;94.10;9.70;2091.00;1.03;23687583_0;5.10;0.00;tripinfo_in_as_to_sl.3;274.00;in_as_to_sl.3;0;1976.75;1.17;0.00;116.61;car;;4;24.00
2368.00;28706217_0;94.10;8.68;2100.00;3.53;23687583_0;5.10;0.00;tripinfo_in_as_to_sl.4;268.00;in_as_to_sl.4;0;1976.75;1.05;0.00;93.42;car;;4;19.00
2368.00;972103805_0;116.86;9.04;2101.00;0.73;-230845886_0;5.10;0.00;tripinfo_in_ba_to_ko.7;267.00;in_ba_to_ko.7;0;2114.29;0.88;0.00;50.07;car;;2;14.00
2370.00;972103805_0;116.86;9.82;2114.00;9.86;-230845886_0;5.10;0.00;tripinfo_in_ba_to_ko.8;256.00;in_ba_to_ko.8;0;2114.29;0.99;0.00;62.40;car;;2;8.00
2371.00;230845886_0;633.12;8.51;2070.00;13.49;803785575#0_0;5.10;0.00;tripinfo_in_od_to_ba.2;301.00;in_od_to_ba.2;0;2382.14;0.87;0.00;54.35;car;;2;10.00
2371.00;23156390_0;1121.44;11.16;2071.00;0.75;-45494495_0;5.10;0.00;tripinfo_in_os_to_br.1;300.00;in_os_to_br.1;0;2513.69;1.03;0.00;76.75;car;;3;27.00
2371.00;28706217_0;94.10;8.22;2126.00;0.80;23687583_0;5.10;0.00;tripinfo_in_as_to_sl.6;245.00;in_as_to_sl.6;0;1976.75;1.10;0.00;78.24;car;;3;18.00
2372.00;972103805_0;116.86;11.16;2120.00;11.24;-230845886_0;5.10;0.00;tripinfo_in_ba_to_ko.9;252.00;in_ba_to_ko.9;0;2114.29;1.05;0.00;68.73;car;;2;10.00
2373.00;23156390_0;1121.44;11.45;2078.00;0.11;-45494495_0;5.10;0.00;tripinfo_in_os_to_br.2;295.00;in_os_to_br.2;0;2513.69;1.10;0.00;86.52;car;;3;19.00
2373.00;41899283#1_0;148.70;10.42;2144.00;0.88;-45494495_0;5.10;0.00;tripinfo_in_os_to_as.1;229.00;in_os_to_as.1;0;1746.47;1.00;0.00;71.29;car;;2;9.00
2373.00;230845886_0;633.12;10.69;2147.00;0.06;-45494495_0;5.10;0.00;tripinfo_in_os_to_ba.3;226.00;in_os_to_ba.3;0;1746.52;1.04;0.00;74.06;car;;2;9.00
2374.00;972103805_0;116.86;11.66;2128.00;29.20;803785575#0_0;5.10;0.00;tripinfo_in_od_to_ko.4;246.00;in_od_to_ko.4;0;2307.67;1.10;0.00;46.18;car;;1;8.00
2374.00;23527526_0;253.75;10.92;2201.00;0.97;-230845886_0;5.10;0.00;tripinfo_in_ba_to_gj.6;173.00;in_ba_to_gj.6;0;1755.68;1.01;0.00;14.49;car;;0;0.00
2375.00;230845886_0;633.12;12.34;2091.00;17.02;803785575#0_0;5.10;0.00;tripinfo_in_od_to_ba.4;284.00;in_od_to_ba.4;0;2382.14;1.16;0.00;98.00;car;;3;10.00
2378.00;23156305_0;1264.14;7.09;1955.00;0.77;-45494495_0;5.10;0.00;tripinfo_wu_os_to_gg.11;423.00;wu_os_to_gg.11;0;3034.34;0.72;0.00;41.66;car;;0;0.00
2378.00;230845886_0;633.12;11.61;2088.00;17.28;803785575#0_0;5.10;0.00;tripinfo_in_od_to_ba.3;290.00;in_od_to_ba.3;0;2382.14;1.05;0.00;85.87;car;;2;8.00
2378.00;28706217_0;94.10;8.36;2088.00;1.65;23687583_0;5.10;0.00;tripinfo_in_as_to_sl.2;290.00;in_as_to_sl.2;0;1976.75;1.09;0.00;120.56;car;;6;21.00
2378.00;41899283#1_0;148.70;10.56;2234.00;0.93;-230845886_0;5.10;0.00;tripinfo_in_ba_to_as.10;144.00;in_ba_to_as.10;0;1430.78;1.04;0.00;19.20;car;;0;0.00
2379.00;972103805_0;116.86;9.14;2200.00;0.86;-23142338#2_0;5.10;0.00;tripinfo_in_ns_to_ko.19;179.00;in_ns_to_ko.19;0;1398.55;0.93;0.00;42.97;car;;3;18.00
2379.00;45494495_0;58.90;10.14;2209.00;2.14;-230845886_0;5.10;0.00;tripinfo_in_ba_to_os.4;170.00;in_ba_to_os.4;0;1647.96;0.95;0.00;13.73;car;;0;0.00
2380.00;23156305_0;1264.14;10.33;1911.00;0.36;803785575#0_0;5.10;0.00;tripinfo_wu_od_to_gg.33;469.00;wu_od_to_gg.33;0;3669.96;0.95;0.00;118.58;car;;1;8.00
2381.00;28706217_0;94.10;8.71;2120.00;0.46;23687583_0;5.10;0.00;tripinfo_in_as_to_sl.5;261.00;in_as_to_sl.5;0;1976.75;1.05;0.00;86.49;car;;4;16.00
2382.00;23156305_0;1264.14;10.93;2220.00;2.78;23687583_0;5.10;0.00;tripinfo_in_as_to_gg.1;162.00;in_as_to_gg.1;0;1600.87;1.07;0.00;25.59;car;;0;0.00
2383.00;972103805_0;116.86;8.98;2203.00;2.60;-23142338#2_0;5.10;0.00;tripinfo_in_ns_to_ko.20;180.00;in_ns_to_ko.20;0;1398.55;0.84;0.00;30.65;car;;1;9.00
2384.00;28716808#1_0;754.74;10.24;2130.00;7.11;-23142338#2_0;5.10;0.00;tripinfo_in_ns_to_kl.0;254.00;in_ns_to_kl.0;0;2315.58;0.97;0.00;37.74;car;;1;3.00
2385.00;972103805_0;116.86;9.57;2212.00;0.31;-23142338#2_0;5.10;0.00;tripinfo_in_ns_to_ko.21;173.00;in_ns_to_ko.21;0;1398.55;0.90;0.00;32.82;car;;1;7.00
2386.00;28716808#1_0;754.74;13.18;2136.00;8.72;-23142338#2_0;5.10;0.00;tripinfo_in_ns_to_kl.1;250.00;in_ns_to_kl.1;0;2315.58;1.19;0.00;73.79;car;;1;12.00
2388.00;23156390_0;1121.44;10.46;2226.00;2.48;23687583_0;5.10;0.00;tripinfo_in_as_to_br.0;162.00;in_as_to_br.0;0;1694.48;1.05;0.00;16.45;car;;0;0.00
2391.00;41899283#1_0;148.70;11.50;2116.00;26.04;803785575#0_0;5.10;0.00;tripinfo_in_od_to_as.3;275.00;in_od_to_as.3;0;2382.09;1.13;0.00;85.08;car;;1;4.00
2391.00;28706217_0;94.10;6.49;2126.00;2.70;-230845886_0;5.10;0.00;tripinfo_in_ba_to_sl.3;265.00;in_ba_to_sl.3;0;1934.94;0.92;0.00;68.75;car;;2;9.00
2393.00;28706217_0;94.10;9.75;2132.00;4.36;-230845886_0;5.10;0.00;tripinfo_in_ba_to_sl.4;261.00;in_ba_to_sl.4;0;1934.94;1.24;0.00;115.05;car;;2;11.00
2394.00;972103805_0;116.86;11.32;2157.00;4.20;-230845886_0;5.10;0.00;tripinfo_in_ba_to_ko.10;237.00;in_ba_to_ko.10;0;2114.29;1.04;0.00;51.00;car;;2;11.00
2394.00;41899283#1_0;148.70;12.62;2183.00;0.58;-45494495_0;5.10;0.00;tripinfo_in_os_to_as.2;211.00;in_os_to_as.2;0;1746.47;1.20;0.00;78.15;car;;2;5.00
2397.00;972103805_0;116.86;10.88;2163.00;7.01;-230845886_0;5.10;0.00;tripinfo_in_ba_to_ko.11;234.00;in_ba_to_ko.11;0;2114.29;1.01;0.00;42.28;car;;2;4.00
2397.00;23156030#6_0;109.07;10.59;2307.00;0.64;-45494495_0;5.10;0.00;tripinfo_in_os_to_od.3;90.00;in_os_to_od.3;0;865.51;0.96;0.00;7.78;car;;0;0.00
2399.00;230845886_0;633.12;9.54;2172.00;0.56;-45494495_0;5.10;0.00;tripinfo_in_os_to_ba.4;227.00;in_os_to_ba.4;0;1746.52;0.96;0.00;62.15;car;;2;8.00
2399.00;972103805_0;116.86;11.41;2182.00;0.30;-230845886_0;5.10;0.00;tripinfo_in_ba_to_ko.12;217.00;in_ba_to_ko.12;0;2114.29;1.13;0.00;46.66;car;;2;9.00
2401.00;28706217_0;94.10;7.93;2151.00;0.09;-230845886_0;5.10;0.00;tripinfo_in_ba_to_sl.5;250.00;in_ba_to_sl.5;0;1934.94;0.99;0.00;68.76;car;;3;13.00
2405.00;23156305_0;1264.14;9.09;2020.00;0.23;-23142338#2_0;5.10;0.00;tripinfo_in_ns_to_gg.0;385.00;in_ns_to_gg.0;0;3297.24;0.90;0.00;52.36;car;;2;14.00
2406.00;972103805_0;116.86;7.77;2268.00;1.56;23687583_0;5.10;0.00;tripinfo_in_as_to_ko.13;138.00;in_as_to_ko.13;0;1102.39;0.81;0.00;15.74;car;;0;0.00
2407.00;23156305_0;1264.14;11.33;2021.00;2.03;803785575#0_0;5.10;0.00;tripinfo_in_od_to_gg.1;386.00;in_od_to_gg.1;0;3669.96;1.04;0.00;65.55;car;;2;14.00
2408.00;28706217_0;94.10;7.37;2166.00;4.86;-230845886_0;5.10;0.00;tripinfo_in_ba_to_sl.6;242.00;in_ba_to_sl.6;0;1934.94;0.89;0.00;38.44;car;;1;1.00
2408.00;45494495_0;58.90;11.02;2220.00;1.77;-23142338#2_0;5.10;0.00;tripinfo_in_ns_to_os.1;188.00;in_ns_to_os.1;0;1865.82;1.03;0.00;24.20;car;;1;5.00
2408.00;972103805_0;116.86;8.90;2223.00;2.47;-23142338#2_0;5.10;0.00;tripinfo_in_ns_to_ko.22;185.00;in_ns_to_ko.22;0;1398.55;0.86;0.00;37.97;car;;2;13.00
2409.00;23527526_0;253.75;10.05;2076.00;13.77;803785575#0_0;5.10;0.00;tripinfo_in_od_to_gj.1;333.00;in_od_to_gj.1;0;2706.99;1.00;0.00;88.29;car;;3;12.00
2410.00;972103805_0;116.86;10.23;2134.00;29.35;803785575#0_0;5.10;0.00;tripinfo_in_od_to_ko.5;276.00;in_od_to_ko.5;0;2307.67;0.98;0.00;51.21;car;;3;17.00
2410.00;28706217_0;94.10;8.39;2169.00;0.31;23687583_0;5.10;0.00;tripinfo_in_as_to_sl.7;241.00;in_as_to_sl.7;0;1976.75;1.09;0.00;71.76;car;;1;7.00
2412.00;972103805_0;116.86;10.84;2233.00;0.63;-23142338#2_0;5.10;0.00;tripinfo_in_ns_to_ko.23;179.00;in_ns_to_ko.23;0;1398.55;1.09;0.00;63.50;car;;4;22.00
2415.00;23142338#2_0;290.21;10.01;2129.00;2.49;-230845886_0;5.10;0.00;tripinfo_in_ba_to_ns.0;286.00;in_ba_to_ns.0;0;2346.36;0.97;0.00;67.76;car;;3;18.00
2415.00;28706217_0;94.10;6.66;2172.00;1.64;-230845886_0;5.10;0.00;tripinfo_in_ba_to_sl.7;243.00;in_ba_to_sl.7;0;1934.94;0.94;0.00;51.71;car;;1;3.00
2416.00;23527526_0;253.75;10.23;2107.00;18.12;803785575#0_0;5.10;0.00;tripinfo_in_od_to_gj.2;309.00;in_od_to_gj.2;0;2706.99;1.02;0.00;68.96;car;;2;6.00
2416.00;972103805_0;116.86;10.58;2236.00;3.61;-23142338#2_0;5.10;0.00;tripinfo_in_ns_to_ko.24;180.00;in_ns_to_ko.24;0;1398.55;0.98;0.00;50.95;car;;2;14.00
2418.00;972103805_0;116.86;9.98;2246.00;0.75;-23142338#2_0;5.10;0.00;tripinfo_in_ns_to_ko.25;172.00;in_ns_to_ko.25;0;1398.55;1.00;0.00;46.30;car;;2;14.00
2419.00;23142338#2_0;290.21;9.35;2155.00;22.66;803785575#0_0;5.10;0.00;tripinfo_in_od_to_ns.3;264.00;in_od_to_ns.3;0;1928.29;0.94;0.00;67.19;car;;3;16.00
2421.00;23142338#2_0;290.21;12.56;2158.00;15.15;803785575#0_0;5.10;0.00;tripinfo_in_od_to_ns.4;263.00;in_od_to_ns.4;0;1928.29;1.21;0.00;108.42;car;;3;15.00
2421.00;972103805_0;116.86;11.80;2252.00;0.20;-23142338#2_0;5.10;0.00;tripinfo_in_ns_to_ko.26;169.00;in_ns_to_ko.26;0;1398.55;1.06;0.00;49.93;car;;2;12.00
2425.00;23156030#6_0;109.07;11.27;2344.00;3.27;-45494495_0;5.10;0.00;tripinfo_in_os_to_od.4;81.00;in_os_to_od.4;0;865.51;1.08;0.00;7.93;car;;0;0.00
2432.00;23156305_0;1264.14;10.00;2058.00;0.99;-23142338#2_0;5.10;0.00;tripinfo_in_ns_to_gg.1;374.00;in_ns_to_gg.1;0;3297.24;0.93;0.00;50.46;car;;2;8.00
2432.00;23156390_0;1121.44;11.05;2123.00;0.32;-45494495_0;5.10;0.00;tripinfo_in_os_to_br.3;309.00;in_os_to_br.3;0;2513.69;1.05;0.00;91.49;car;;5;22.00
2434.00;230845886_0;633.12;8.52;2221.00;0.73;-45494495_0;5.10;0.00;tripinfo_in_os_to_ba.5;213.00;in_os_to_ba.5;0;1746.52;0.85;0.00;27.63;car;;1;1.00
2434.00;972103805_0;116.86;9.86;2256.00;2.50;-23142338#2_0;5.10;0.00;tripinfo_in_ns_to_ko.27;178.00;in_ns_to_ko.27;0;1398.55;0.89;0.00;36.69;car;;2;14.00
2435.00;41899283#1_0;148.70;11.29;2152.00;28.96;803785575#0_0;5.10;0.00;tripinfo_in_od_to_as.4;283.00;in_od_to_as.4;0;2382.09;1.04;0.00;76.02;car;;2;9.00
2436.00;23142338#2_0;290.21;10.51;2173.00;19.38;803785575#0_0;5.10;0.00;tripinfo_in_od_to_ns.5;263.00;in_od_to_ns.5;0;1928.29;0.95;0.00;68.84;car;;4;25.00
2436.00;230845886_0;633.12;9.93;2224.00;3.35;-45494495_0;5.10;0.00;tripinfo_in_os_to_ba.6;212.00;in_os_to_ba.6;0;1746.52;1.00;0.00;54.14;car;;0;0.00
2438.00;23156305_0;1264.14;9.32;2015.00;2.68;803785575#0_0;5.10;0.00;tripinfo_in_od_to_gg.0;423.00;in_od_to_gg.0;0;3669.96;0.93;0.00;65.70;car;;2;19.00
2438.00;41899283#1_0;148.70;10.07;2227.00;4.59;-45494495_0;5.10;0.00;tripinfo_in_os_to_as.3;211.00;in_os_to_as.3;0;1746.47;1.01;0.00;53.34;car;;1;3.00
2440.00;23156305_0;1264.14;12.24;2040.00;4.30;803785575#0_0;5.10;0.00;tripinfo_in_od_to_gg.2;400.00;in_od_to_gg.2;0;3669.96;1.12;0.00;102.03;car;;2;5.00
2441.00;45494495_0;58.90;10.10;2218.00;0.02;803785575#0_0;5.10;0.00;tripinfo_in_od_to_os.14;223.00;in_od_to_os.14;0;969.96;0.93;0.00;128.67;car;;4;102.00
2446.00;972103805_0;116.86;8.31;2143.00;34.14;803785575#0_0;5.10;0.00;tripinfo_in_od_to_ko.6;303.00;in_od_to_ko.6;0;2307.67;0.86;0.00;50.12;car;;2;13.00
2446.00;23142338#2_0;290.21;8.88;2182.00;14.24;803785575#0_0;5.10;0.00;tripinfo_in_od_to_ns.6;264.00;in_od_to_ns.6;0;1928.29;0.83;0.00;41.18;car;;2;10.00
2448.00;972103805_0;116.86;11.58;2146.00;35.91;803785575#0_0;5.10;0.00;tripinfo_in_od_to_ko.7;302.00;in_od_to_ko.7;0;2307.67;1.17;0.00;113.05;car;;2;12.00
2450.00;41899283#1_0;148.70;10.96;2229.00;1.50;-23142338#2_0;5.10;0.00;tripinfo_in_ns_to_as.3;221.00;in_ns_to_as.3;0;2009.37;1.00;0.00;39.12;car;;1;5.00
2451.00;23527526_0;253.75;12.34;2387.00;2.74;23687583_0;5.10;0.00;tripinfo_in_as_to_gj.7;64.00;in_as_to_gj.7;0;649.06;1.21;0.00;15.02;car;;0;0.00
2452.00;972103805_0;116.86;8.34;2149.00;26.51;803785575#0_0;5.10;0.00;tripinfo_in_od_to_ko.8;303.00;in_od_to_ko.8;0;2307.67;0.85;0.00;46.34;car;;2;8.00
2454.00;972103805_0;116.86;11.46;2272.00;3.92;-23142338#2_0;5.10;0.00;tripinfo_in_ns_to_ko.28;182.00;in_ns_to_ko.28;0;1398.55;1.12;0.00;68.59;car;;3;13.00
2455.00;45494495_0;58.90;9.13;2201.00;0.57;803785575#0_0;5.10;0.00;tripinfo_in_od_to_os.12;254.00;in_od_to_os.12;0;969.96;0.84;0.00;149.25;car;;7;116.00
2456.00;972103805_0;116.86;11.90;2285.00;0.65;-23142338#2_0;5.10;0.00;tripinfo_in_ns_to_ko.29;171.00;in_ns_to_ko.29;0;1398.55;1.17;0.00;63.03;car;;3;12.00
2457.00;45494495_0;58.90;9.94;2207.00;2.70;803785575#0_0;5.10;0.00;tripinfo_in_od_to_os.13;250.00;in_od_to_os.13;0;969.96;1.01;0.00;163.06;car;;4;133.00
2458.00;972103805_0;116.86;11.29;2331.00;1.90;23687583_0;5.10;0.00;tripinfo_in_as_to_ko.14;127.00;in_as_to_ko.14;0;1102.39;1.11;0.00;36.43;car;;1;22.00
2460.00;45494495_0;58.90;9.56;2241.00;0.20;803785575#0_0;5.10;0.00;tripinfo_in_od_to_os.15;219.00;in_od_to_os.15;0;969.96;0.95;0.00;127.22;car;;4;89.00
2462.00;23527526_0;253.75;11.95;2246.00;0.12;-45494495_0;5.10;0.00;tripinfo_in_os_to_gj.0;216.00;in_os_to_gj.0;0;2071.37;1.08;0.00;42.64;car;;1;5.00
2464.00;28716808#1_0;754.74;8.27;2110.00;20.68;803785575#0_0;5.10;0.00;tripinfo_in_od_to_kl.1;354.00;in_od_to_kl.1;0;2678.40;0.78;0.00;44.80;car;;0;0.00
2465.00;28706217_0;94.10;6.05;2043.00;2.03;-23142338#2_0;5.10;0.00;tripinfo_in_ns_to_sl.0;422.00;in_ns_to_sl.0;0;1619.36;0.88;0.00;235.90;car;;6;196.00
2465.00;45494495_0;58.90;10.21;2244.00;0.06;803785575#0_0;5.10;0.00;tripinfo_in_od_to_os.16;221.00;in_od_to_os.16;0;969.96;0.92;0.00;125.49;car;;3;95.00
2466.00;23156305_0;1264.14;8.86;2064.00;3.81;-23142338#2_0;5.10;0.00;tripinfo_in_ns_to_gg.2;402.00;in_ns_to_gg.2;0;3297.24;0.85;0.00;46.52;car;;1;3.00
2466.00;28716808#1_0;754.74;10.73;2124.00;29.56;803785575#0_0;5.10;0.00;tripinfo_in_od_to_kl.2;342.00;in_od_to_kl.2;0;2678.40;1.00;0.00;98.87;car;;1;1.00
2467.00;28716808#1_0;754.74;10.76;2131.00;28.42;803785575#0_0;5.10;0.00;tripinfo_in_od_to_kl.3;336.00;in_od_to_kl.3;0;2678.40;0.98;0.00;88.83;car;;1;1.00
2468.00;23156305_0;1264.14;9.55;2139.00;0.15;-230845886_0;5.10;0.00;tripinfo_in_ba_to_gg.0;329.00;in_ba_to_gg.0;0;2718.65;0.94;0.00;65.24;car;;1;8.00
2468.00;45494495_0;58.90;9.41;2249.00;0.81;-23142338#2_0;5.10;0.00;tripinfo_in_ns_to_os.2;219.00;in_ns_to_os.2;0;1865.82;0.94;0.00;39.60;car;;2;8.00
2469.00;28716808#1_0;754.74;9.59;2140.00;31.75;803785575#0_0;5.10;0.00;tripinfo_in_od_to_kl.4;329.00;in_od_to_kl.4;0;2678.40;0.88;0.00;55.24;car;;0;0.00
2469.00;972103805_0;116.86;11.17;2358.00;0.20;23687583_0;5.10;0.00;tripinfo_in_as_to_ko.15;111.00;in_as_to_ko.15;0;1102.39;1.08;0.00;18.95;car;;1;3.00
2471.00;28716808#1_0;754.74;11.36;2261.00;0.03;-45494495_0;5.10;0.00;tripinfo_in_os_to_kl.0;210.00;in_os_to_kl.0;0;2042.78;1.08;0.00;37.89;car;;0;0.00
2474.00;972103805_0;116.86;10.36;2300.00;1.39;-23142338#2_0;5.10;0.00;tripinfo_in_ns_to_ko.30;174.00;in_ns_to_ko.30;0;1398.55;0.97;0.00;44.07;car;;3;13.00
2477.00;45494495_0;58.90;9.04;2274.00;3.06;-230845886_0;5.10;0.00;tripinfo_in_ba_to_os.5;203.00;in_ba_to_os.5;0;1647.96;0.82;0.00;22.13;car;;1;1.00
2478.00;23527526_0;253.75;10.04;2280.00;4.39;-230845886_0;5.10;0.00;tripinfo_in_ba_to_gj.7;198.00;in_ba_to_gj.7;0;1755.68;0.95;0.00;29.59;car;;0;0.00
2479.00;45494495_0;58.90;12.09;2295.00;0.50;-230845886_0;5.10;0.00;tripinfo_in_ba_to_os.6;184.00;in_ba_to_os.6;0;1647.96;1.16;0.00;54.91;car;;1;4.00
2482.00;23156305_0;1264.14;9.71;2121.00;0.65;-23142338#2_0;5.10;0.00;tripinfo_in_ns_to_gg.3;361.00;in_ns_to_gg.3;0;3297.24;0.98;0.00;54.18;car;;2;15.00
2482.00;972103805_0;116.86;9.67;2187.00;0.93;803785575#0_0;5.10;0.00;tripinfo_in_od_to_ko.9;295.00;in_od_to_ko.9;0;2307.67;0.93;0.00;58.03;car;;2;8.00
2482.00;230845886_0;633.12;9.27;2277.00;0.73;-45494495_0;5.10;0.00;tripinfo_in_os_to_ba.7;205.00;in_os_to_ba.7;0;1746.52;0.87;0.00;22.45;car;;1;1.00
2484.00;972103805_0;116.86;10.02;2303.00;0.48;-23142338#2_0;5.10;0.00;tripinfo_in_ns_to_ko.31;181.00;in_ns_to_ko.31;0;1398.55;0.96;0.00;49.40;car;;3;18.00
2485.00;230845886_0;633.12;12.14;2295.00;0.99;-45494495_0;5.10;0.00;tripinfo_in_os_to_ba.8;190.00;in_os_to_ba.8;0;1746.52;1.10;0.00;45.86;car;;2;17.00
2486.00;972103805_0;116.86;11.76;2309.00;1.96;-23142338#2_0;5.10;0.00;tripinfo_in_ns_to_ko.32;177.00;in_ns_to_ko.32;0;1398.55;1.09;0.00;60.80;car;;3;16.00
2488.00;972103805_0;116.86;10.79;2318.00;0.98;-23142338#2_0;5.10;0.00;tripinfo_in_ns_to_ko.33;170.00;in_ns_to_ko.33;0;1398.55;1.06;0.00;51.43;car;;3;15.00
2492.00;23142338#2_0;290.21;9.45;2212.00;4.44;-230845886_0;5.10;0.00;tripinfo_in_ba_to_ns.1;280.00;in_ba_to_ns.1;0;2346.36;0.86;0.00;32.85;car;;1;8.00
2493.00;23527526_0;253.75;10.18;2308.00;0.64;-230845886_0;5.10;0.00;tripinfo_in_ba_to_gj.8;185.00;in_ba_to_gj.8;0;1755.68;1.03;0.00;30.75;car;;0;0.00
2494.00;23142338#2_0;290.21;10.90;2237.00;2.15;-230845886_0;5.10;0.00;tripinfo_in_ba_to_ns.2;257.00;in_ba_to_ns.2;0;2346.36;1.04;0.00;51.91;car;;2;9.00
2494.00;972103805_0;116.86;10.51;2321.00;2.94;-23142338#2_0;5.10;0.00;tripinfo_in_ns_to_ko.34;173.00;in_ns_to_ko.34;0;1398.55;0.95;0.00;40.70;car;;2;12.00
2495.00;23527526_0;253.75;12.47;2319.00;3.04;-230845886_0;5.10;0.00;tripinfo_in_ba_to_gj.9;176.00;in_ba_to_gj.9;0;1755.68;1.23;0.00;46.30;car;;1;1.00
2496.00;28706217_0;94.10;8.72;2223.00;5.12;23687583_0;5.10;0.00;tripinfo_in_as_to_sl.8;273.00;in_as_to_sl.8;0;1976.75;1.11;0.00;107.85;car;;4;60.00
2500.00;41899283#1_0;148.70;8.54;2322.00;2.26;-230845886_0;5.10;0.00;tripinfo_in_ba_to_as.11;178.00;in_ba_to_as.11;0;1430.78;0.83;0.00;22.74;car;;1;2.00
2501.00;972103805_0;116.86;9.16;2384.00;0.71;23687583_0;5.10;0.00;tripinfo_in_as_to_ko.16;117.00;in_as_to_ko.16;0;1102.39;0.93;0.00;10.14;car;;0;0.00
2503.00;28706217_0;94.10;7.55;2243.00;0.85;-230845886_0;5.10;0.00;tripinfo_in_ba_to_sl.8;260.00;in_ba_to_sl.8;0;1934.94;1.01;0.00;82.18;car;;3;53.00
2505.00;972103805_0;116.86;9.23;2258.00;0.13;-230845886_0;5.10;0.00;tripinfo_in_ba_to_ko.13;247.00;in_ba_to_ko.13;0;2114.29;0.91;0.00;35.48;car;;2;7.00
2506.00;23156305_0;1264.14;9.84;2129.00;0.66;-45494495_0;5.10;0.00;tripinfo_in_os_to_gg.0;377.00;in_os_to_gg.0;0;3034.34;0.91;0.00;73.45;car;;3;16.00
2506.00;972103805_0;116.86;11.48;2277.00;5.75;-230845886_0;5.10;0.00;tripinfo_in_ba_to_ko.14;229.00;in_ba_to_ko.14;0;2114.29;1.13;0.00;58.45;car;;2;5.00
2508.00;23156305_0;1264.14;10.98;2221.00;1.97;-230845886_0;5.10;0.00;tripinfo_in_ba_to_gg.1;287.00;in_ba_to_gg.1;0;2718.65;1.04;0.00;48.04;car;;0;0.00
2508.00;972103805_0;116.86;11.45;2325.00;5.34;-23142338#2_0;5.10;0.00;tripinfo_in_ns_to_ko.35;183.00;in_ns_to_ko.35;0;1398.55;1.12;0.00;70.34;car;;3;24.00
2509.00;230845886_0;633.12;10.80;2332.00;0.77;-45494495_0;5.10;0.00;tripinfo_in_os_to_ba.9;177.00;in_os_to_ba.9;0;1746.52;1.05;0.00;26.27;car;;1;2.00
2510.00;23156305_0;1264.14;10.59;2073.00;14.98;803785575#0_0;5.10;0.00;tripinfo_in_od_to_gg.3;437.00;in_od_to_gg.3;0;3669.96;1.01;0.00;108.49;car;;2;15.00
2511.00;972103805_0;116.86;10.87;2333.00;0.31;-23142338#2_0;5.10;0.00;tripinfo_in_ns_to_ko.36;178.00;in_ns_to_ko.36;0;1398.55;0.99;0.00;49.88;car;;3;18.00
2513.00;28716808#1_0;754.74;10.45;2239.00;2.80;-23142338#2_0;5.10;0.00;tripinfo_in_ns_to_kl.2;274.00;in_ns_to_kl.2;0;2315.58;0.96;0.00;56.23;car;;3;17.00
2515.00;23142338#2_0;290.21;9.78;2249.00;3.09;23687583_0;5.10;0.00;tripinfo_in_as_to_ns.4;266.00;in_as_to_ns.4;0;1995.73;0.90;0.00;63.24;car;;2;36.00
2516.00;28706217_0;94.10;7.63;2263.00;0.71;-230845886_0;5.10;0.00;tripinfo_in_ba_to_sl.9;253.00;in_ba_to_sl.9;0;1934.94;0.95;0.00;64.13;car;;1;27.00
2517.00;972103805_0;116.86;9.32;2221.00;0.84;803785575#0_0;5.10;0.00;tripinfo_in_od_to_ko.10;296.00;in_od_to_ko.10;0;2307.67;0.90;0.00;51.41;car;;2;15.00
2517.00;23142338#2_0;290.21;11.36;2270.00;0.85;-45494495_0;5.10;0.00;tripinfo_in_os_to_ns.2;247.00;in_os_to_ns.2;0;1665.91;1.09;0.00;97.84;car;;3;20.00
2518.00;28706217_0;94.10;7.76;2246.00;1.78;23687583_0;5.10;0.00;tripinfo_in_as_to_sl.9;272.00;in_as_to_sl.9;0;1976.75;1.08;0.00;103.14;car;;4;43.00
2518.00;28716808#1_0;754.74;10.53;2394.00;3.19;23687583_0;5.10;0.00;tripinfo_in_as_to_kl.3;124.00;in_as_to_kl.3;0;1207.92;1.01;0.00;15.87;car;;0;0.00
2519.00;23156030#6_1;109.07;9.44;2261.00;0.17;23687583_0;5.10;0.00;tripinfo_in_as_to_od.1;258.00;in_as_to_od.1;0;2357.31;0.93;0.00;29.36;car;;1;3.00
2519.00;972103805_0;116.86;9.43;2359.00;0.69;-23142338#2_0;5.10;0.00;tripinfo_in_ns_to_ko.37;160.00;in_ns_to_ko.37;0;1398.55;0.96;0.00;28.82;car;;1;8.00
2519.00;23156030#6_0;109.07;9.30;2423.00;2.98;-45494495_0;5.10;0.00;tripinfo_in_os_to_od.5;96.00;in_os_to_od.5;0;865.51;0.90;0.00;8.97;car;;0;0.00
2520.00;28706217_0;94.10;8.51;2413.00;1.78;-45494495_0;5.10;0.00;tripinfo_in_os_to_sl.2;107.00;in_os_to_sl.2;0;484.95;1.08;0.00;61.77;car;;2;26.00
2521.00;972103805_0;116.86;9.83;2362.00;2.54;-23142338#2_0;5.10;0.00;tripinfo_in_ns_to_ko.38;159.00;in_ns_to_ko.38;0;1398.55;0.98;0.00;29.62;car;;1;7.00
2523.00;23156390_0;1121.44;12.56;2352.00;1.36;23687583_0;5.10;0.00;tripinfo_in_as_to_br.1;171.00;in_as_to_br.1;0;1694.48;1.14;0.00;36.44;car;;1;8.00
2525.00;23156305_0;1264.14;9.57;2079.00;15.68;803785575#0_0;5.10;0.00;tripinfo_in_od_to_gg.4;446.00;in_od_to_gg.4;0;3669.96;0.92;0.00;84.93;car;;2;8.00
2527.00;23156305_0;1264.14;10.37;2094.00;17.95;803785575#0_0;5.10;0.00;tripinfo_in_od_to_gg.5;433.00;in_od_to_gg.5;0;3669.96;0.98;0.00;94.79;car;;2;7.00
2527.00;28706217_0;94.10;8.02;2253.00;0.95;23687583_0;5.10;0.00;tripinfo_in_as_to_sl.10;274.00;in_as_to_sl.10;0;1976.75;1.02;0.00;93.21;car;;4;35.00
2529.00;23156305_0;1264.14;11.05;2349.00;0.19;23687583_0;5.10;0.00;tripinfo_in_as_to_gg.2;180.00;in_as_to_gg.2;0;1600.87;1.08;0.00;45.16;car;;1;10.00
2531.00;230845886_0;633.12;9.46;2263.00;1.97;-23142338#2_0;5.10;0.00;tripinfo_in_ns_to_ba.0;268.00;in_ns_to_ba.0;0;2340.42;0.92;0.00;39.45;car;;2;9.00
2533.00;28706217_0;94.10;7.51;2271.00;1.29;23687583_0;5.10;0.00;tripinfo_in_as_to_sl.11;262.00;in_as_to_sl.11;0;1976.75;0.93;0.00;65.46;car;;2;14.00
2533.00;45494495_0;58.90;11.08;2365.00;7.86;-230845886_0;5.10;0.00;tripinfo_in_ba_to_os.8;168.00;in_ba_to_os.8;0;1647.96;1.08;0.00;29.35;car;;0;0.00
2534.00;972103805_0;116.86;9.81;2203.00;1.51;-45494495_0;5.10;0.00;tripinfo_in_os_to_ko.1;331.00;in_os_to_ko.1;0;2045.29;0.94;0.00;121.98;car;;8;53.00
2535.00;28706217_0;94.10;8.18;2290.00;2.97;23687583_0;5.10;0.00;tripinfo_in_as_to_sl.12;245.00;in_as_to_sl.12;0;1976.75;1.06;0.00;71.35;car;;4;5.00
2535.00;28716808#1_0;754.74;9.53;2356.00;3.16;-230845886_0;5.10;0.00;tripinfo_in_ba_to_kl.1;179.00;in_ba_to_kl.1;0;1727.09;0.95;0.00;14.49;car;;0;0.00
2535.00;972103805_0;116.86;11.24;2392.00;0.42;-23142338#2_0;5.10;0.00;tripinfo_in_ns_to_ko.39;143.00;in_ns_to_ko.39;0;1398.55;1.11;0.00;29.87;car;;1;11.00
2537.00;23527526_0;253.75;8.38;2332.00;3.32;-230845886_0;5.10;0.00;tripinfo_in_ba_to_gj.10;205.00;in_ba_to_gj.10;0;1755.68;0.87;0.00;21.20;car;;0;0.00
2538.00;23156305_0;1264.14;10.24;2246.00;2.82;-230845886_0;5.10;0.00;tripinfo_in_ba_to_gg.2;292.00;in_ba_to_gg.2;0;2718.65;0.92;0.00;24.30;car;;0;0.00
2538.00;23156030#6_0;109.07;11.46;2297.00;0.56;23687583_0;5.10;0.00;tripinfo_in_as_to_od.2;241.00;in_as_to_od.2;0;2357.31;1.06;0.00;40.13;car;;0;0.00
2538.00;45494495_0;58.90;9.03;2359.00;3.98;-230845886_0;5.10;0.00;tripinfo_in_ba_to_os.7;179.00;in_ba_to_os.7;0;1647.96;0.92;0.00;17.38;car;;0;0.00
2539.00;28706217_0;94.10;9.34;2293.00;5.47;23687583_0;5.10;0.00;tripinfo_in_as_to_sl.13;246.00;in_as_to_sl.13;0;1976.75;1.15;0.00;86.20;car;;2;2.00
2540.00;23156305_0;1264.14;12.44;2191.00;2.76;-45494495_0;5.10;0.00;tripinfo_in_os_to_gg.1;349.00;in_os_to_gg.1;0;3034.34;1.14;0.00;105.45;car;;2;3.00
2543.00;28706217_0;94.10;8.73;2291.00;0.55;-230845886_0;5.10;0.00;tripinfo_in_ba_to_sl.10;252.00;in_ba_to_sl.10;0;1934.94;1.10;0.00;88.41;car;;2;5.00
2544.00;23156305_0;1264.14;10.05;2271.00;0.12;-230845886_0;5.10;0.00;tripinfo_in_ba_to_gg.3;273.00;in_ba_to_gg.3;0;2718.65;1.01;0.00;27.27;car;;1;1.00
2548.00;23142338#2_0;290.21;10.25;2256.00;1.58;23687583_0;5.10;0.00;tripinfo_in_as_to_ns.5;292.00;in_as_to_ns.5;0;1995.73;0.94;0.00;98.59;car;;4;60.00
2548.00;972103805_0;116.86;9.20;2283.00;1.05;-230845886_0;5.10;0.00;tripinfo_in_ba_to_ko.15;265.00;in_ba_to_ko.15;0;2114.29;0.83;0.00;34.98;car;;1;7.00
2549.00;23156305_0;1264.14;10.49;2143.00;1.60;-23142338#2_0;5.10;0.00;tripinfo_in_ns_to_gg.4;406.00;in_ns_to_gg.4;0;3297.24;1.02;0.00;110.89;car;;4;51.00
2550.00;23142338#2_0;290.21;10.00;2265.00;0.57;23687583_0;5.10;0.00;tripinfo_in_as_to_ns.6;285.00;in_as_to_ns.6;0;1995.73;0.99;0.00;101.61;car;;3;50.00
2550.00;972103805_0;116.86;9.52;2305.00;3.36;-230845886_0;5.10;0.00;tripinfo_in_ba_to_ko.16;245.00;in_ba_to_ko.16;0;2114.29;0.92;0.00;35.46;car;;1;8.00
2551.00;28706217_0;94.10;8.24;2302.00;0.50;-230845886_0;5.10;0.00;tripinfo_in_ba_to_sl.11;249.00;in_ba_to_sl.11;0;1934.94;1.02;0.00;72.43;car;;1;3.00
2551.00;23527526_0;253.75;9.67;2362.00;5.43;-230845886_0;5.10;0.00;tripinfo_in_ba_to_gj.11;189.00;in_ba_to_gj.11;0;1755.68;0.92;0.00;16.04;car;;0;0.00
2552.00;972103805_0;116.86;11.12;2396.00;0.46;-23142338#2_0;5.10;0.00;tripinfo_in_ns_to_ko.40;156.00;in_ns_to_ko.40;0;1398.55;1.05;0.00;35.76;car;;2;16.00
2553.00;28706217_0;94.10;7.69;2320.00;0.14;23687583_0;5.10;0.00;tripinfo_in_as_to_sl.14;233.00;in_as_to_sl.14;0;1976.75;1.03;0.00;55.32;car;;0;0.00
2558.00;23527526_0;253.75;9.09;2479.00;0.25;23687583_0;5.10;0.00;tripinfo_in_as_to_gj.8;79.00;in_as_to_gj.8;0;649.06;0.90;0.00;12.72;car;;0;0.00
2559.00;28706217_0;94.10;8.76;2316.00;0.34;-230845886_0;5.10;0.00;tripinfo_in_ba_to_sl.12;243.00;in_ba_to_sl.12;0;1934.94;1.09;0.00;77.98;car;;3;5.00
2559.00;972103805_0;116.86;9.05;2425.00;3.63;23687583_0;5.10;0.00;tripinfo_in_as_to_ko.17;134.00;in_as_to_ko.17;0;1102.39;0.86;0.00;18.14;car;;1;5.00
2560.00;23527526_0;253.75;11.13;2375.00;4.57;-230845886_0;5.10;0.00;tripinfo_in_ba_to_gj.12;185.00;in_ba_to_gj.12;0;1755.68;1.11;0.00;41.52;car;;1;1.00
2561.00;972103805_0;116.86;11.18;2444.00;5.42;23687583_0;5.10;0.00;tripinfo_in_as_to_ko.18;117.00;in_as_to_ko.18;0;1102.39;1.05;0.00;21.50;car;;0;0.00
2562.00;23156030#6_0;109.07;11.06;2480.00;0.69;-45494495_0;5.10;0.00;tripinfo_in_os_to_od.7;82.00;in_os_to_od.7;0;865.51;1.05;0.00;7.04;car;;0;0.00
2563.00;972103805_0;116.86;10.86;2407.00;0.78;-23142338#2_0;5.10;0.00;tripinfo_in_ns_to_ko.41;156.00;in_ns_to_ko.41;0;1398.55;0.98;0.00;27.25;car;;1;10.00
2567.00;41899283#1_0;148.70;9.33;2290.00;0.47;-23142338#2_0;5.10;0.00;tripinfo_in_ns_to_as.4;277.00;in_ns_to_as.4;0;2009.37;0.87;0.00;65.89;car;;4;23.00
2567.00;23527526_0;253.75;9.20;2497.00;3.12;23687583_0;5.10;0.00;tripinfo_in_as_to_gj.9;70.00;in_as_to_gj.9;0;649.06;0.94;0.00;7.32;car;;0;0.00
2569.00;41899283#1_0;148.70;11.82;2306.00;3.37;-23142338#2_0;5.10;0.00;tripinfo_in_ns_to_as.5;263.00;in_ns_to_as.5;0;2009.37;1.12;0.00;99.34;car;;4;22.00
2570.00;41899283#1_0;148.70;12.56;2424.00;2.55;-230845886_0;5.10;0.00;tripinfo_in_ba_to_as.12;146.00;in_ba_to_as.12;0;1430.78;1.14;0.00;32.41;car;;1;2.00
2572.00;23156030#6_0;109.07;8.81;2462.00;0.41;-45494495_0;5.10;0.00;tripinfo_in_os_to_od.6;110.00;in_os_to_od.6;0;865.51;0.82;0.00;14.76;car;;0;0.00
2573.00;28706217_0;94.10;7.55;2465.00;2.65;-45494495_0;5.10;0.00;tripinfo_in_os_to_sl.3;108.00;in_os_to_sl.3;0;484.95;1.03;0.00;60.23;car;;1;13.00
2575.00;972103805_0;116.86;9.64;2329.00;0.54;-230845886_0;5.10;0.00;tripinfo_in_ba_to_ko.17;246.00;in_ba_to_ko.17;0;2114.29;0.97;0.00;48.69;car;;2;13.00
2577.00;23156390_0;1121.44;11.19;2315.00;0.62;-45494495_0;5.10;0.00;tripinfo_in_os_to_br.4;262.00;in_os_to_br.4;0;2513.69;1.06;0.00;46.51;car;;0;0.00
2577.00;972103805_0;116.86;10.92;2337.00;0.86;-230845886_0;5.10;0.00;tripinfo_in_ba_to_ko.18;240.00;in_ba_to_ko.18;0;2114.29;1.10;0.00;64.67;car;;1;7.00
2577.00;28706217_0;94.10;7.98;2510.00;0.47;-45494495_0;5.10;0.00;tripinfo_in_os_to_sl.4;67.00;in_os_to_sl.4;0;484.95;1.03;0.00;19.89;car;;1;4.00
2581.00;45494495_0;58.90;9.91;2401.00;0.75;23687583_0;5.10;0.00;tripinfo_in_as_to_os.5;180.00;in_as_to_os.5;0;1689.77;0.92;0.00;13.59;car;;0;0.00
2582.00;28706217_0;94.10;8.55;2368.00;7.55;-230845886_0;5.10;0.00;tripinfo_in_ba_to_sl.13;214.00;in_ba_to_sl.13;0;1934.94;1.07;0.00;46.98;car;;2;2.00
2583.00;23142338#2_0;290.21;9.32;2311.00;0.83;-230845886_0;5.10;0.00;tripinfo_in_ba_to_ns.3;272.00;in_ba_to_ns.3;0;2346.36;0.92;0.00;40.89;car;;2;13.00
2583.00;45494495_0;58.90;10.10;2411.00;0.78;23687583_0;5.10;0.00;tripinfo_in_as_to_os.6;172.00;in_as_to_os.6;0;1689.77;0.99;0.00;18.43;car;;0;0.00
2585.00;23142338#2_0;290.21;9.80;2263.00;0.62;803785575#0_0;5.10;0.00;tripinfo_in_od_to_ns.7;322.00;in_od_to_ns.7;0;1928.29;0.99;0.00;133.31;car;;3;90.00
2585.00;972103805_0;116.86;10.47;2424.00;0.95;-23142338#2_0;5.10;0.00;tripinfo_in_ns_to_ko.42;161.00;in_ns_to_ko.42;0;1398.55;0.99;0.00;33.13;car;;1;10.00
2586.00;23142338#2_0;290.21;11.47;2344.00;1.43;-230845886_0;5.10;0.00;tripinfo_in_ba_to_ns.4;242.00;in_ba_to_ns.4;0;2346.36;1.04;0.00;37.51;car;;1;3.00
2587.00;28706217_0;94.10;7.56;2378.00;6.58;-230845886_0;5.10;0.00;tripinfo_in_ba_to_sl.14;209.00;in_ba_to_sl.14;0;1934.94;1.03;0.00;33.40;car;;0;0.00
2588.00;23142338#2_0;290.21;11.15;2334.00;1.94;23687583_0;5.10;0.00;tripinfo_in_as_to_ns.7;254.00;in_as_to_ns.7;0;1995.73;1.08;0.00;86.68;car;;4;50.00
2588.00;45494495_0;58.90;9.06;2344.00;0.61;-23142338#2_0;5.10;0.00;tripinfo_in_ns_to_os.3;244.00;in_ns_to_os.3;0;1865.82;0.90;0.00;56.91;car;;4;25.00
2589.00;230845886_0;633.12;10.03;2164.00;15.02;803785575#0_0;5.10;0.00;tripinfo_in_od_to_ba.5;425.00;in_od_to_ba.5;0;2382.14;0.91;0.00;187.03;car;;2;155.00
2589.00;972103805_0;116.86;9.73;2340.00;2.19;-230845886_0;5.10;0.00;tripinfo_in_ba_to_ko.19;249.00;in_ba_to_ko.19;0;2114.29;0.99;0.00;54.23;car;;2;13.00
2589.00;28706217_0;94.10;9.77;2398.00;0.19;23687583_0;5.10;0.00;tripinfo_in_as_to_sl.16;191.00;in_as_to_sl.16;0;1976.75;1.22;0.00;40.84;car;;1;1.00
2589.00;45494495_0;58.90;11.97;2402.00;0.66;-230845886_0;5.10;0.00;tripinfo_in_ba_to_os.9;187.00;in_ba_to_os.9;0;1647.96;1.08;0.00;49.18;car;;1;3.00
2589.00;23527526_0;253.75;10.42;2523.00;0.51;23687583_0;5.10;0.00;tripinfo_in_as_to_gj.10;66.00;in_as_to_gj.10;0;649.06;1.05;0.00;9.04;car;;0;0.00
2591.00;972103805_0;116.86;9.91;2427.00;0.80;-23142338#2_0;5.10;0.00;tripinfo_in_ns_to_ko.43;164.00;in_ns_to_ko.43;0;1398.55;1.00;0.00;38.11;car;;2;11.00
2591.00;230845886_0;633.12;12.43;2438.00;3.60;23687583_0;5.10;0.00;tripinfo_in_as_to_ba.7;153.00;in_as_to_ba.7;0;1356.50;1.14;0.00;45.40;car;;1;5.00
2592.00;45494495_0;58.90;11.87;2415.00;0.71;-230845886_0;5.10;0.00;tripinfo_in_ba_to_os.10;177.00;in_ba_to_os.10;0;1647.96;1.08;0.00;38.18;car;;2;8.00
2593.00;972103805_0;116.86;10.94;2357.00;1.64;-45494495_0;5.10;0.00;tripinfo_in_os_to_ko.2;236.00;in_os_to_ko.2;0;2045.29;1.04;0.00;48.02;car;;2;11.00
2594.00;28716808#1_0;754.74;8.56;2447.00;2.09;23687583_0;5.10;0.00;tripinfo_in_as_to_kl.4;147.00;in_as_to_kl.4;0;1207.92;0.87;0.00;21.00;car;;0;0.00
2595.00;23156390_0;1121.44;11.80;2422.00;1.65;23687583_0;5.10;0.00;tripinfo_in_as_to_br.2;173.00;in_as_to_br.2;0;1694.48;1.07;0.00;29.65;car;;1;5.00
2596.00;972103805_0;116.86;10.77;2253.00;1.11;803785575#0_0;5.10;0.00;tripinfo_in_od_to_ko.11;343.00;in_od_to_ko.11;0;2307.67;1.02;0.00;127.89;car;;2;88.00
2596.00;41899283#1_0;148.70;7.30;2340.00;0.24;-45494495_0;5.10;0.00;tripinfo_in_os_to_as.4;256.00;in_os_to_as.4;0;1746.47;0.70;0.00;30.04;car;;2;3.00
2597.00;23527526_0;253.75;11.64;2393.00;2.45;-230845886_0;5.10;0.00;tripinfo_in_ba_to_gj.13;204.00;in_ba_to_gj.13;0;1755.68;1.07;0.00;55.69;car;;2;13.00
2598.00;23142338#2_0;290.21;9.98;2378.00;0.71;23687583_0;5.10;0.00;tripinfo_in_as_to_ns.8;220.00;in_as_to_ns.8;0;1995.73;0.93;0.00;24.86;car;;1;2.00
2598.00;41899283#1_0;148.70;10.93;2434.00;1.21;-230845886_0;5.10;0.00;tripinfo_in_ba_to_as.13;164.00;in_ba_to_as.13;0;1430.78;1.07;0.00;42.64;car;;0;0.00
2599.00;972103805_0;116.86;10.59;2371.00;5.73;-230845886_0;5.10;0.00;tripinfo_in_ba_to_ko.20;228.00;in_ba_to_ko.20;0;2114.29;1.05;0.00;45.47;car;;3;6.00
2600.00;41899283#1_0;148.70;9.90;2392.00;0.20;-45494495_0;5.10;0.00;tripinfo_in_os_to_as.5;208.00;in_os_to_as.5;0;1746.47;0.99;0.00;47.57;car;;2;14.00
2603.00;28706217_0;94.10;7.43;2391.00;0.61;23687583_0;5.10;0.00;tripinfo_in_as_to_sl.15;212.00;in_as_to_sl.15;0;1976.75;0.98;0.00;24.32;car;;1;4.00
2603.00;23527526_0;253.75;11.06;2427.00;1.89;-230845886_0;5.10;0.00;tripinfo_in_ba_to_gj.14;176.00;in_ba_to_gj.14;0;1755.68;1.08;0.00;28.01;car;;1;1.00
2604.00;230845886_0;633.12;9.60;2167.00;17.98;803785575#0_0;5.10;0.00;tripinfo_in_od_to_ba.6;437.00;in_od_to_ba.6;0;2382.14;0.94;0.00;208.63;car;;3;162.00
2605.00;28716808#1_0;754.74;7.81;2382.00;0.99;-230845886_0;5.10;0.00;tripinfo_wu_ba_to_kl.2;223.00;wu_ba_to_kl.2;0;1727.09;0.79;0.00;25.42;car;;1;4.00
2606.00;41899283#1_0;148.70;10.39;2212.00;0.42;803785575#0_0;5.10;0.00;tripinfo_in_od_to_as.6;394.00;in_od_to_as.6;0;2382.09;1.02;0.00;182.35;car;;3;122.00
2606.00;230845886_0;633.12;11.35;2395.00;1.27;-45494495_0;5.10;0.00;tripinfo_in_os_to_ba.10;211.00;in_os_to_ba.10;0;1746.52;1.07;0.00;63.06;car;;2;11.00
2607.00;28716808#1_0;754.74;10.38;2312.00;1.65;-23142338#2_0;5.10;0.00;tripinfo_in_ns_to_kl.3;295.00;in_ns_to_kl.3;0;2315.58;1.02;0.00;88.41;car;;4;23.00
2608.00;230845886_0;633.12;11.52;2339.00;0.55;-23142338#2_0;5.10;0.00;tripinfo_in_ns_to_ba.1;269.00;in_ns_to_ba.1;0;2340.42;1.10;0.00;76.64;car;;4;21.00
2608.00;45494495_0;58.90;9.01;2419.00;0.14;23687583_0;5.10;0.00;tripinfo_in_as_to_os.7;189.00;in_as_to_os.7;0;1689.77;0.92;0.00;23.89;car;;1;6.00
2609.00;972103805_0;116.86;9.98;2433.00;4.16;-23142338#2_0;5.10;0.00;tripinfo_in_ns_to_ko.44;176.00;in_ns_to_ko.44;0;1398.55;1.01;0.00;50.74;car;;3;20.00
2610.00;23527526_0;253.75;11.20;2437.00;1.11;-230845886_0;5.10;0.00;tripinfo_in_ba_to_gj.15;173.00;in_ba_to_gj.15;0;1755.68;1.09;0.00;26.68;car;;0;0.00
2611.00;23527526_0;253.75;12.04;2445.00;0.69;-230845886_0;5.10;0.00;tripinfo_in_ba_to_gj.16;166.00;in_ba_to_gj.16;0;1755.68;1.19;0.00;32.58;car;;0;0.00
2615.00;23156030#6_0;109.07;9.22;2343.00;2.66;23687583_0;5.10;0.00;tripinfo_in_as_to_od.3;272.00;in_as_to_od.3;0;2357.31;0.92;0.00;40.08;car;;1;14.00
2617.00;972103805_0;116.86;10.14;2446.00;3.36;-23142338#2_0;5.10;0.00;tripinfo_in_ns_to_ko.45;171.00;in_ns_to_ko.45;0;1398.55;0.99;0.00;43.51;car;;2;12.00
2619.00;45494495_0;58.90;8.78;2430.00;4.62;-230845886_0;5.10;0.00;tripinfo_in_ba_to_os.11;189.00;in_ba_to_os.11;0;1647.96;0.86;0.00;16.43;car;;0;0.00
2619.00;972103805_0;116.86;10.44;2449.00;3.10;-23142338#2_0;5.10;0.00;tripinfo_in_ns_to_ko.46;170.00;in_ns_to_ko.46;0;1398.55;0.96;0.00;38.57;car;;2;8.00
2625.00;41899283#1_0;148.70;8.97;2410.00;0.21;-45494495_0;5.10;0.00;tripinfo_in_os_to_as.7;215.00;in_os_to_as.7;0;1746.47;0.90;0.00;38.66;car;;1;6.00
2628.00;41899283#1_0;148.70;9.72;2398.00;1.58;-45494495_0;5.10;0.00;tripinfo_in_os_to_as.6;230.00;in_os_to_as.6;0;1746.47;0.90;0.00;53.93;car;;2;11.00
2629.00;23156305_0;1264.14;8.98;2243.00;0.07;-45494495_0;5.10;0.00;tripinfo_in_os_to_gg.2;386.00;in_os_to_gg.2;0;3034.34;0.81;0.00;46.22;car;;1;7.00
2632.00;972103805_0;116.86;10.34;2453.00;0.60;-23142338#2_0;5.10;0.00;tripinfo_in_ns_to_ko.47;179.00;in_ns_to_ko.47;0;1398.55;1.04;0.00;57.48;car;;4;22.00
2633.00;45494495_0;58.90;9.92;2428.00;6.28;23687583_0;5.10;0.00;tripinfo_in_as_to_os.8;205.00;in_as_to_os.8;0;1689.77;0.90;0.00;34.43;car;;2;11.00
2634.00;23142338#2_0;290.21;10.93;2369.00;0.69;-45494495_0;5.10;0.00;tripinfo_in_os_to_ns.3;265.00;in_os_to_ns.3;0;1665.91;1.02;0.00;105.82;car;;4;66.00
2635.00;972103805_0;116.86;10.96;2469.00;0.96;-23142338#2_0;5.10;0.00;tripinfo_in_ns_to_ko.48;166.00;in_ns_to_ko.48;0;1398.55;1.02;0.00;42.99;car;;3;13.00
2641.00;41899283#1_0;148.70;9.57;2478.00;2.54;-230845886_0;5.10;0.00;tripinfo_in_ba_to_as.14;163.00;in_ba_to_as.14;0;1430.78;0.96;0.00;28.41;car;;0;0.00
2645.00;972103805_0;116.86;8.72;2387.00;0.34;-230845886_0;5.10;0.00;tripinfo_in_ba_to_ko.21;258.00;in_ba_to_ko.21;0;2114.29;0.84;0.00;29.01;car;;0;0.00
2647.00;23527526_0;253.75;9.90;2548.00;0.95;23687583_0;5.10;0.00;tripinfo_in_as_to_gj.11;99.00;in_as_to_gj.11;0;649.06;0.90;0.00;32.82;car;;1;22.00
2649.00;230845886_0;633.12;9.83;2224.00;1.51;803785575#0_0;5.10;0.00;tripinfo_in_od_to_ba.7;425.00;in_od_to_ba.7;0;2382.14;0.89;0.00;183.38;car;;5;124.00
2649.00;972103805_0;116.86;9.16;2390.00;1.83;-230845886_0;5.10;0.00;tripinfo_in_ba_to_ko.22;259.00;in_ba_to_ko.22;0;2114.29;0.92;0.00;49.78;car;;1;1.00
2649.00;23527526_0;253.75;11.28;2557.00;0.16;23687583_0;5.10;0.00;tripinfo_in_as_to_gj.12;92.00;in_as_to_gj.12;0;649.06;1.02;0.00;33.29;car;;1;16.00
2650.00;45494495_0;58.90;9.14;2463.00;4.63;-230845886_0;5.10;0.00;tripinfo_in_ba_to_os.12;187.00;in_ba_to_os.12;0;1647.96;0.92;0.00;23.66;car;;0;0.00
2651.00;972103805_0;116.86;10.74;2399.00;1.05;-230845886_0;5.10;0.00;tripinfo_in_ba_to_ko.23;252.00;in_ba_to_ko.23;0;2114.29;1.04;0.00;65.86;car;;2;11.00
2651.00;230845886_0;633.12;11.01;2420.00;0.98;-45494495_0;5.10;0.00;tripinfo_in_os_to_ba.11;231.00;in_os_to_ba.11;0;1746.52;1.01;0.00;74.99;car;;3;25.00
2651.00;45494495_0;58.90;10.42;2456.00;0.94;23687583_0;5.10;0.00;tripinfo_in_as_to_os.9;195.00;in_as_to_os.9;0;1689.77;1.05;0.00;50.59;car;;1;9.00
2655.00;23156390_0;1121.44;10.93;2161.00;15.14;803785575#0_0;5.10;0.00;tripinfo_in_od_to_br.0;494.00;in_od_to_br.0;0;3149.31;1.01;0.00;210.49;car;;3;171.00
2656.00;23142338#2_0;290.21;9.74;2435.00;5.36;23687583_0;5.10;0.00;tripinfo_in_as_to_ns.9;221.00;in_as_to_ns.9;0;1995.73;0.99;0.00;36.71;car;;1;6.00
2657.00;972103805_0;116.86;9.67;2478.00;0.46;-23142338#2_0;5.10;0.00;tripinfo_in_ns_to_ko.49;179.00;in_ns_to_ko.49;0;1398.55;0.89;0.00;36.80;car;;2;13.00
2661.00;23142338#2_0;290.21;11.57;2421.00;2.88;-230845886_0;5.10;0.00;tripinfo_in_ba_to_ns.5;240.00;in_ba_to_ns.5;0;2346.36;1.07;0.00;41.53;car;;1;3.00
2664.00;972103805_0;116.86;10.07;2418.00;0.09;-230845886_0;5.10;0.00;tripinfo_in_ba_to_ko.24;246.00;in_ba_to_ko.24;0;2114.29;0.98;0.00;50.12;car;;2;12.00
2666.00;972103805_0;116.86;11.26;2454.00;0.90;-230845886_0;5.10;0.00;tripinfo_in_ba_to_ko.25;212.00;in_ba_to_ko.25;0;2114.29;1.11;0.00;38.94;car;;1;6.00
2668.00;23527526_0;253.75;11.79;2469.00;4.69;-230845886_0;5.10;0.00;tripinfo_in_ba_to_gj.17;199.00;in_ba_to_gj.17;0;1755.68;1.06;0.00;49.47;car;;2;9.00
2668.00;45494495_0;58.90;10.98;2494.00;1.00;23687583_0;5.10;0.00;tripinfo_in_as_to_os.10;174.00;in_as_to_os.10;0;1689.77;1.02;0.00;23.68;car;;0;0.00
2669.00;972103805_0;116.86;10.40;2457.00;2.06;-230845886_0;5.10;0.00;tripinfo_in_ba_to_ko.26;212.00;in_ba_to_ko.26;0;2114.29;1.05;0.00;28.92;car;;1;3.00
2670.00;28716808#1_0;754.74;9.41;2401.00;0.79;-23142338#2_0;5.10;0.00;tripinfo_in_ns_to_kl.4;269.00;in_ns_to_kl.4;0;2315.58;0.89;0.00;32.29;car;;2;2.00
2672.00;23156305_0;1264.14;8.60;2310.00;0.83;-45494495_0;5.10;0.00;tripinfo_in_os_to_gg.3;362.00;in_os_to_gg.3;0;3034.34;0.84;0.00;31.08;car;;0;0.00
2674.00;230845886_0;633.12;10.04;2250.00;4.25;803785575#0_0;5.10;0.00;tripinfo_in_od_to_ba.8;424.00;in_od_to_ba.8;0;2382.14;1.01;0.00;211.75;car;;6;132.00
2674.00;23156305_0;1264.14;11.51;2276.00;7.25;-23142338#2_0;5.10;0.00;tripinfo_in_ns_to_gg.5;398.00;in_ns_to_gg.5;0;3297.24;1.09;0.00;122.79;car;;4;21.00
2674.00;41899283#1_0;148.70;8.98;2494.00;3.77;-230845886_0;5.10;0.00;tripinfo_in_ba_to_as.15;180.00;in_ba_to_as.15;0;1430.78;0.85;0.00;27.86;car;;1;5.00
2675.00;28706217_0;94.10;6.98;2431.00;1.93;23687583_0;5.10;0.00;tripinfo_in_as_to_sl.17;244.00;in_as_to_sl.17;0;1976.75;0.93;0.00;46.50;car;;2;6.00
2677.00;28706217_0;94.10;9.38;2441.00;5.97;23687583_0;5.10;0.00;tripinfo_in_as_to_sl.18;236.00;in_as_to_sl.18;0;1976.75;1.16;0.00;77.33;car;;1;5.00
2677.00;972103805_0;116.86;8.38;2482.00;0.69;-23142338#2_0;5.10;0.00;tripinfo_in_ns_to_ko.50;195.00;in_ns_to_ko.50;0;1398.55;0.84;0.00;44.47;car;;3;16.00
2680.00;972103805_0;116.86;8.98;2517.00;0.53;-23142338#2_0;5.10;0.00;tripinfo_in_ns_to_ko.51;163.00;in_ns_to_ko.51;0;1398.55;0.90;0.00;22.60;car;;1;1.00
2681.00;41899283#1_0;148.70;10.97;2436.00;5.17;-23142338#2_0;5.10;0.00;tripinfo_in_ns_to_as.6;245.00;in_ns_to_as.6;0;2009.37;1.09;0.00;77.76;car;;5;19.00
2681.00;230845886_0;633.12;10.39;2436.00;0.82;-45494495_0;5.10;0.00;tripinfo_in_os_to_ba.12;245.00;in_os_to_ba.12;0;1746.52;0.95;0.00;79.27;car;;3;34.00
2681.00;972103805_0;116.86;11.14;2522.00;0.68;-23142338#2_0;5.10;0.00;tripinfo_in_ns_to_ko.52;159.00;in_ns_to_ko.52;0;1398.55;1.11;0.00;45.37;car;;1;1.00
2682.00;45494495_0;58.90;11.75;2512.00;2.50;-230845886_0;5.10;0.00;tripinfo_in_ba_to_os.13;170.00;in_ba_to_os.13;0;1647.96;1.15;0.00;39.80;car;;1;1.00
2684.00;23527526_0;253.75;8.90;2573.00;1.36;23687583_0;5.10;0.00;tripinfo_in_as_to_gj.13;111.00;in_as_to_gj.13;0;649.06;0.84;0.00;40.89;car;;2;24.00
2685.00;972103805_0;116.86;8.98;2278.00;2.78;803785575#0_0;5.10;0.00;tripinfo_in_od_to_ko.12;407.00;in_od_to_ko.12;0;2307.67;0.83;0.00;143.06;car;;8;86.00
2687.00;972103805_0;116.86;11.73;2280.00;3.87;803785575#0_0;5.10;0.00;tripinfo_in_od_to_ko.13;407.00;in_od_to_ko.13;0;2307.67;1.17;0.00;218.03;car;;6;85.00
2689.00;972103805_0;116.86;10.32;2380.00;0.33;-45494495_0;5.10;0.00;tripinfo_in_os_to_ko.3;309.00;in_os_to_ko.3;0;2045.29;1.02;0.00;117.49;car;;3;60.00
2690.00;23156390_0;1121.44;9.89;2509.00;5.35;23687583_0;5.10;0.00;tripinfo_in_as_to_br.3;181.00;in_as_to_br.3;0;1694.48;0.92;0.00;13.73;car;;0;0.00
2692.00;23156390_0;1121.44;10.79;2204.00;1.33;803785575#0_0;5.10;0.00;tripinfo_in_od_to_br.2;488.00;in_od_to_br.2;0;3149.31;0.99;0.00;199.81;car;;3;132.00
2696.00;45494495_0;58.90;10.06;2534.00;0.81;23687583_0;5.10;0.00;tripinfo_in_as_to_os.11;162.00;in_as_to_os.11;0;1689.77;1.02;0.00;12.05;car;;0;0.00
2698.00;28706217_0;94.10;7.39;2475.00;6.00;-230845886_0;5.10;0.00;tripinfo_in_ba_to_sl.15;223.00;in_ba_to_sl.15;0;1934.94;1.00;0.00;44.11;car;;1;7.00
2700.00;23142338#2_0;290.21;8.95;2459.00;2.00;23687583_0;5.10;0.00;tripinfo_in_as_to_ns.10;241.00;in_as_to_ns.10;0;1995.73;0.92;0.00;42.89;car;;1;14.00
2702.00;972103805_0;116.86;10.75;2386.00;0.82;-45494495_0;5.10;0.00;tripinfo_in_os_to_ko.4;316.00;in_os_to_ko.4;0;2045.29;1.06;0.00;130.70;car;;7;73.00
2702.00;41899283#1_0;148.70;8.75;2525.00;1.66;-230845886_0;5.10;0.00;tripinfo_in_ba_to_as.16;177.00;in_ba_to_as.16;0;1430.78;0.83;0.00;20.31;car;;1;1.00
2704.00;23527526_0;253.75;9.21;2247.00;2.29;803785575#0_0;5.10;0.00;tripinfo_in_od_to_gj.3;457.00;in_od_to_gj.3;0;2706.99;0.88;0.00;179.13;car;;5;107.00
2704.00;41899283#1_0;148.70;10.84;2266.00;2.20;803785575#0_0;5.10;0.00;tripinfo_in_od_to_as.7;438.00;in_od_to_as.7;0;2382.09;1.06;0.00;234.98;car;;5;117.00
2704.00;972103805_0;116.86;12.23;2403.00;0.57;-45494495_0;5.10;0.00;tripinfo_in_os_to_ko.5;301.00;in_os_to_ko.5;0;2045.29;1.19;0.00;135.38;car;;7;54.00
2704.00;28706217_0;94.10;7.94;2503.00;5.19;23687583_0;5.10;0.00;tripinfo_in_as_to_sl.19;201.00;in_as_to_sl.19;0;1976.75;1.10;0.00;34.94;car;;0;0.00
2705.00;41899283#1_0;148.70;12.71;2543.00;0.78;-230845886_0;5.10;0.00;tripinfo_in_ba_to_as.17;162.00;in_ba_to_as.17;0;1430.78;1.18;0.00;52.58;car;;1;1.00
2707.00;41899283#1_0;148.70;12.19;2458.00;0.38;-23142338#2_0;5.10;0.00;tripinfo_in_ns_to_as.7;249.00;in_ns_to_as.7;0;2009.37;1.16;0.00;91.90;car;;5;33.00
2708.00;45494495_0;58.90;11.09;2531.00;2.88;-230845886_0;5.10;0.00;tripinfo_in_ba_to_os.14;177.00;in_ba_to_os.14;0;1647.96;1.03;0.00;32.33;car;;1;1.00
2712.00;23156390_0;1121.44;10.57;2416.00;4.27;-45494495_0;5.10;0.00;tripinfo_in_os_to_br.5;296.00;in_os_to_br.5;0;2513.69;1.07;0.00;81.73;car;;2;26.00
2714.00;23527526_0;253.75;11.50;2509.00;4.24;-230845886_0;5.10;0.00;tripinfo_in_ba_to_gj.18;205.00;in_ba_to_gj.18;0;1755.68;1.04;0.00;52.07;car;;2;10.00
2715.00;972103805_0;116.86;9.06;2551.00;0.11;-23142338#2_0;5.10;0.00;tripinfo_in_ns_to_ko.53;164.00;in_ns_to_ko.53;0;1398.55;0.91;0.00;25.56;car;;1;7.00
2717.00;41899283#1_0;148.70;10.41;2457.00;0.39;-45494495_0;5.10;0.00;tripinfo_in_os_to_as.8;260.00;in_os_to_as.8;0;1746.47;0.98;0.00;98.93;car;;5;39.00
2717.00;23142338#2_0;290.21;9.85;2500.00;3.04;23687583_0;5.10;0.00;tripinfo_in_as_to_ns.11;217.00;in_as_to_ns.11;0;1995.73;0.95;0.00;26.49;car;;1;1.00
2717.00;230845886_0;633.12;11.47;2547.00;0.56;-45494495_0;5.10;0.00;tripinfo_in_os_to_ba.13;170.00;in_os_to_ba.13;0;1746.52;1.14;0.00;31.14;car;;1;3.00
2717.00;972103805_0;116.86;11.49;2554.00;2.18;-23142338#2_0;5.10;0.00;tripinfo_in_ns_to_ko.54;163.00;in_ns_to_ko.54;0;1398.55;1.11;0.00;48.57;car;;1;7.00
2718.00;28716808#1_0;754.74;11.19;2260.00;0.01;803785575#0_0;5.10;0.00;tripinfo_in_od_to_kl.5;458.00;in_od_to_kl.5;0;2678.40;1.01;0.00;218.23;car;;6;123.00
2719.00;23142338#2_0;290.21;13.44;2506.00;5.23;23687583_0;5.10;0.00;tripinfo_in_as_to_ns.12;213.00;in_as_to_ns.12;0;1995.73;1.26;0.00;67.79;car;;2;3.00
2719.00;45494495_0;58.90;9.56;2537.00;0.28;23687583_0;5.10;0.00;tripinfo_in_as_to_os.12;182.00;in_as_to_os.12;0;1689.77;0.96;0.00;23.27;car;;1;5.00
2721.00;41899283#1_0;148.70;9.78;2568.00;0.58;-230845886_0;5.10;0.00;tripinfo_in_ba_to_as.19;153.00;in_ba_to_as.19;0;1430.78;0.94;0.00;14.48;car;;0;0.00
2723.00;41899283#1_0;148.70;11.09;2562.00;0.22;-230845886_0;5.10;0.00;tripinfo_in_ba_to_as.18;161.00;in_ba_to_as.18;0;1430.78;1.01;0.00;32.09;car;;1;3.00
2725.00;41899283#1_0;148.70;9.85;2507.00;0.56;-45494495_0;5.10;0.00;tripinfo_in_os_to_as.9;218.00;in_os_to_as.9;0;1746.47;0.97;0.00;54.62;car;;3;12.00
2726.00;28706217_0;94.10;6.64;2485.00;2.44;-230845886_0;5.10;0.00;tripinfo_in_ba_to_sl.16;241.00;in_ba_to_sl.16;0;1934.94;0.85;0.00;30.13;car;;1;6.00
2727.00;972103805_0;116.86;8.71;2460.00;4.99;-230845886_0;5.10;0.00;tripinfo_in_ba_to_ko.27;267.00;in_ba_to_ko.27;0;2114.29;0.81;0.00;29.22;car;;1;3.00
2727.00;23527526_0;253.75;8.53;2609.00;3.88;23687583_0;5.10;0.00;tripinfo_in_as_to_gj.14;118.00;in_as_to_gj.14;0;649.06;0.84;0.00;47.61;car;;2;31.00
2729.00;972103805_0;116.86;10.50;2472.00;6.43;-230845886_0;5.10;0.00;tripinfo_in_ba_to_ko.28;257.00;in_ba_to_ko.28;0;2114.29;0.97;0.00;59.23;car;;3;8.00
2729.00;28706217_0;94.10;7.34;2488.00;3.98;-230845886_0;5.10;0.00;tripinfo_in_ba_to_sl.17;241.00;in_ba_to_sl.17;0;1934.94;0.92;0.00;45.20;car;;1;5.00
2730.00;230845886_0;633.12;10.29;2565.00;0.95;23687583_0;5.10;0.00;tripinfo_in_as_to_ba.8;165.00;in_as_to_ba.8;0;1356.50;0.96;0.00;37.24;car;;2;17.00
2731.00;972103805_0;116.86;10.07;2482.00;0.20;-230845886_0;5.10;0.00;tripinfo_in_ba_to_ko.29;249.00;in_ba_to_ko.29;0;2114.29;0.93;0.00;43.25;car;;1;3.00
2732.00;45494495_0;58.90;11.70;2573.00;0.56;-230845886_0;5.10;0.00;tripinfo_in_ba_to_os.15;159.00;in_ba_to_os.15;0;1647.96;1.06;0.00;18.22;car;;0;0.00
2733.00;972103805_0;116.86;10.37;2590.00;0.05;-23142338#2_0;5.10;0.00;tripinfo_in_ns_to_ko.55;143.00;in_ns_to_ko.55;0;1398.55;0.99;0.00;16.16;car;;0;0.00
2734.00;23156030#6_0;109.07;10.34;2491.00;0.76;23687583_0;5.10;0.00;tripinfo_in_as_to_od.4;243.00;in_as_to_od.4;0;2357.31;0.95;0.00;20.27;car;;0;0.00
2734.00;230845886_0;633.12;9.80;2570.00;5.85;23687583_0;5.10;0.00;tripinfo_in_as_to_ba.9;164.00;in_as_to_ba.9;0;1356.50;0.93;0.00;32.37;car;;2;12.00
2738.00;230845886_0;633.12;11.38;2505.00;1.52;-23142338#2_0;5.10;0.00;tripinfo_in_ns_to_ba.2;233.00;in_ns_to_ba.2;0;2340.42;1.08;0.00;37.61;car;;1;6.00
2743.00;23142338#2_0;290.21;10.48;2517.00;3.05;23687583_0;5.10;0.00;tripinfo_in_as_to_ns.13;226.00;in_as_to_ns.13;0;1995.73;1.01;0.00;46.00;car;;2;10.00
2745.00;28716808#1_0;754.74;12.38;2453.00;0.69;-45494495_0;5.10;0.00;tripinfo_in_os_to_kl.1;292.00;in_os_to_kl.1;0;2042.78;1.15;0.00;130.73;car;;6;48.00
2750.00;972103805_0;116.86;9.78;2497.00;4.77;-230845886_0;5.10;0.00;tripinfo_in_ba_to_ko.30;253.00;in_ba_to_ko.30;0;2114.29;0.88;0.00;35.57;car;;1;5.00
2750.00;23527526_0;253.75;13.18;2628.00;0.05;23687583_0;5.10;0.00;tripinfo_in_as_to_gj.15;122.00;in_as_to_gj.15;0;649.06;1.32;0.00;74.76;car;;3;46.00
2753.00;23156305_0;1264.14;10.32;2466.00;4.65;-230845886_0;5.10;0.00;tripinfo_in_ba_to_gg.4;287.00;in_ba_to_gg.4;0;2718.65;1.02;0.00;44.11;car;;0;0.00
2754.00;28706217_0;94.10;9.33;2702.00;3.23;-45494495_0;5.10;0.00;tripinfo_in_os_to_sl.5;52.00;in_os_to_sl.5;0;484.95;1.12;0.00;7.79;car;;0;0.00
2755.00;23142338#2_0;290.21;9.17;2526.00;1.94;23687583_0;5.10;0.00;tripinfo_in_as_to_ns.14;229.00;in_as_to_ns.14;0;1995.73;0.93;0.00;32.84;car;;1;3.00
2757.00;23142338#2_0;290.21;11.00;2491.00;1.21;-230845886_0;5.10;0.00;tripinfo_in_ba_to_ns.6;266.00;in_ba_to_ns.6;0;2346.36;1.03;0.00;58.68;car;;2;7.00
2757.00;972103805_0;116.86;8.64;2592.00;1.31;-23142338#2_0;5.10;0.00;tripinfo_in_ns_to_ko.56;165.00;in_ns_to_ko.56;0;1398.55;0.88;0.00;20.94;car;;1;2.00
2758.00;23142338#2_0;290.21;12.63;2519.00;0.98;-230845886_0;5.10;0.00;tripinfo_in_ba_to_ns.7;239.00;in_ba_to_ns.7;0;2346.36;1.18;0.00;58.74;car;;1;2.00
2759.00;230845886_0;633.12;10.32;2589.00;0.02;23687583_0;5.10;0.00;tripinfo_in_as_to_ba.10;170.00;in_as_to_ba.10;0;1356.50;0.97;0.00;43.99;car;;2;18.00
2760.00;28706217_0;94.10;7.90;2546.00;3.55;-230845886_0;5.10;0.00;tripinfo_in_ba_to_sl.18;214.00;in_ba_to_sl.18;0;1934.94;0.98;0.00;30.14;car;;1;1.00
2760.00;972103805_0;116.86;9.68;2598.00;2.04;-23142338#2_0;5.10;0.00;tripinfo_in_ns_to_ko.57;162.00;in_ns_to_ko.57;0;1398.55;0.91;0.00;22.49;car;;1;4.00
2762.00;23142338#2_0;290.21;11.08;2540.00;0.44;23687583_0;5.10;0.00;tripinfo_in_as_to_ns.15;222.00;in_as_to_ns.15;0;1995.73;1.06;0.00;50.18;car;;3;15.00
2763.00;28706217_0;94.10;7.78;2549.00;2.98;-230845886_0;5.10;0.00;tripinfo_in_ba_to_sl.19;214.00;in_ba_to_sl.19;0;1934.94;0.98;0.00;30.39;car;;1;1.00
2765.00;972103805_0;116.86;11.25;2503.00;7.90;-230845886_0;5.10;0.00;tripinfo_in_ba_to_ko.31;262.00;in_ba_to_ko.31;0;2114.29;1.05;0.00;78.69;car;;2;14.00
2769.00;972103805_0;116.86;9.87;2506.00;10.01;-230845886_0;5.10;0.00;tripinfo_in_ba_to_ko.32;263.00;in_ba_to_ko.32;0;2114.29;0.94;0.00;56.88;car;;2;12.00
2771.00;972103805_0;116.86;12.13;2522.00;1.71;-230845886_0;5.10;0.00;tripinfo_in_ba_to_ko.33;249.00;in_ba_to_ko.33;0;2114.29;1.09;0.00;71.92;car;;3;15.00
2771.00;41899283#1_0;148.70;10.58;2622.00;1.77;-230845886_0;5.10;0.00;tripinfo_in_ba_to_as.20;149.00;in_ba_to_as.20;0;1430.78;1.00;0.00;18.34;car;;0;0.00
2772.00;23156305_0;1264.14;10.96;2421.00;0.08;-23142338#2_0;5.10;0.00;tripinfo_in_ns_to_gg.7;351.00;in_ns_to_gg.7;0;3297.24;1.10;0.00;78.55;car;;4;16.00
2772.00;972103805_0;116.86;11.40;2607.00;0.02;-23142338#2_0;5.10;0.00;tripinfo_in_ns_to_ko.58;165.00;in_ns_to_ko.58;0;1398.55;1.09;0.00;49.46;car;;2;12.00
2775.00;972103805_0;116.86;12.43;2610.00;2.80;-23142338#2_0;5.10;0.00;tripinfo_in_ns_to_ko.59;165.00;in_ns_to_ko.59;0;1398.55;1.13;0.00;52.87;car;;2;10.00
2777.00;28706217_0;94.10;8.71;2553.00;0.29;23687583_0;5.10;0.00;tripinfo_in_as_to_sl.20;224.00;in_as_to_sl.20;0;1976.75;1.06;0.00;51.05;car;;2;23.00
2779.00;972103805_0;116.86;10.47;2556.00;0.21;-45494495_0;5.10;0.00;tripinfo_in_os_to_ko.6;223.00;in_os_to_ko.6;0;2045.29;1.02;0.00;31.16;car;;1;5.00
2780.00;28716808#1_0;754.74;8.45;2514.00;0.50;-45494495_0;5.10;0.00;tripinfo_in_os_to_kl.2;266.00;in_os_to_kl.2;0;2042.78;0.87;0.00;52.29;car;;2;16.00
2782.00;972103805_0;116.86;10.64;2528.00;4.06;-230845886_0;5.10;0.00;tripinfo_in_ba_to_ko.34;254.00;in_ba_to_ko.34;0;2114.29;1.05;0.00;71.40;car;;3;15.00
2782.00;28716808#1_0;754.74;9.28;2526.00;0.92;-45494495_0;5.10;0.00;tripinfo_in_os_to_kl.3;256.00;in_os_to_kl.3;0;2042.78;0.94;0.00;58.96;car;;2;13.00
2783.00;45494495_0;58.90;12.73;2608.00;4.46;-230845886_0;5.10;0.00;tripinfo_in_ba_to_os.17;175.00;in_ba_to_os.17;0;1647.96;1.16;0.00;46.80;car;;0;0.00
2784.00;41899283#1_0;148.70;8.06;2525.00;1.44;-23142338#2_0;5.10;0.00;tripinfo_in_ns_to_as.8;259.00;in_ns_to_as.8;0;2009.37;0.84;0.00;41.51;car;;2;11.00
2788.00;23156030#6_0;109.07;10.67;2552.00;2.55;-230845886_0;5.10;0.00;tripinfo_in_ba_to_od.0;236.00;in_ba_to_od.0;0;2315.50;1.06;0.00;38.40;car;;0;0.00
2791.00;230845886_0;633.12;10.98;2619.00;1.27;-45494495_0;5.10;0.00;tripinfo_in_os_to_ba.14;172.00;in_os_to_ba.14;0;1746.52;1.04;0.00;19.89;car;;1;2.00
2792.00;23527526_0;253.75;8.14;2660.00;6.23;23687583_0;5.10;0.00;tripinfo_in_as_to_gj.16;132.00;in_as_to_gj.16;0;649.06;0.76;0.00;53.30;car;;2;32.00
2793.00;45494495_0;58.90;8.01;2582.00;0.38;-230845886_0;5.10;0.00;tripinfo_in_ba_to_os.16;211.00;in_ba_to_os.16;0;1647.96;0.78;0.00;19.33;car;;0;0.00
2794.00;23527526_0;253.75;11.00;2612.00;0.83;-230845886_0;5.10;0.00;tripinfo_in_ba_to_gj.19;182.00;in_ba_to_gj.19;0;1755.68;1.06;0.00;31.90;car;;0;0.00
2794.00;45494495_0;58.90;10.31;2615.00;1.80;-230845886_0;5.10;0.00;tripinfo_in_ba_to_os.18;179.00;in_ba_to_os.18;0;1647.96;0.95;0.00;21.70;car;;0;0.00
2795.00;23156390_0;1121.44;10.93;2176.00;16.46;803785575#0_0;5.10;0.00;tripinfo_in_od_to_br.1;619.00;in_od_to_br.1;0;3149.31;1.04;0.00;343.78;car;;10;244.00
2795.00;23156305_0;1264.14;9.20;2410.00;1.60;-23142338#2_0;5.10;0.00;tripinfo_in_ns_to_gg.6;385.00;in_ns_to_gg.6;0;3297.24;0.94;0.00;64.24;car;;3;19.00
2795.00;41899283#1_0;148.70;9.47;2625.00;2.42;-230845886_0;5.10;0.00;tripinfo_in_ba_to_as.21;170.00;in_ba_to_as.21;0;1430.78;0.89;0.00;24.54;car;;1;6.00
2797.00;23156305_0;1264.14;10.95;2426.00;0.90;-45494495_0;5.10;0.00;tripinfo_in_os_to_gg.4;371.00;in_os_to_gg.4;0;3034.34;1.04;0.00;105.34;car;;3;31.00
2797.00;41899283#1_0;148.70;10.89;2638.00;0.98;-230845886_0;5.10;0.00;tripinfo_in_ba_to_as.22;159.00;in_ba_to_as.22;0;1430.78;1.00;0.00;29.31;car;;1;5.00
2798.00;23527526_0;253.75;9.97;2698.00;0.43;23687583_0;5.10;0.00;tripinfo_in_as_to_gj.17;100.00;in_as_to_gj.17;0;649.06;0.98;0.00;39.24;car;;1;20.00
2801.00;41899283#1_0;148.70;12.31;2647.00;2.73;-230845886_0;5.10;0.00;tripinfo_in_ba_to_as.23;154.00;in_ba_to_as.23;0;1430.78;1.12;0.00;37.91;car;;1;6.00
2809.00;23156305_0;1264.14;8.83;2231.00;0.08;803785575#0_0;5.10;0.00;tripinfo_in_od_to_gg.6;578.00;in_od_to_gg.6;0;3669.96;0.90;0.00;207.66;car;;9;136.00
2810.00;23156305_0;1264.14;11.39;2500.00;5.67;-230845886_0;5.10;0.00;tripinfo_in_ba_to_gg.5;310.00;in_ba_to_gg.5;0;2718.65;1.06;0.00;76.86;car;;1;4.00
2815.00;972103805_0;116.86;8.44;2643.00;0.41;-23142338#2_0;5.10;0.00;tripinfo_in_ns_to_ko.60;172.00;in_ns_to_ko.60;0;1398.55;0.87;0.00;26.81;car;;1;10.00
2817.00;972103805_0;116.86;9.80;2650.00;0.39;-23142338#2_0;5.10;0.00;tripinfo_in_ns_to_ko.61;167.00;in_ns_to_ko.61;0;1398.55;0.99;0.00;38.57;car;;1;10.00
2818.00;972103805_0;116.86;10.35;2661.00;2.45;-23142338#2_0;5.10;0.00;tripinfo_in_ns_to_ko.62;157.00;in_ns_to_ko.62;0;1398.55;1.05;0.00;36.67;car;;1;4.00
2820.00;972103805_0;116.86;10.93;2664.00;4.82;-23142338#2_0;5.10;0.00;tripinfo_in_ns_to_ko.63;156.00;in_ns_to_ko.63;0;1398.55;1.03;0.00;33.67;car;;1;9.00
2821.00;23142338#2_0;290.21;9.49;2612.00;0.59;-45494495_0;5.10;0.00;tripinfo_in_os_to_ns.4;209.00;in_os_to_ns.4;0;1665.91;0.95;0.00;39.22;car;;2;5.00
2821.00;230845886_0;633.12;10.27;2636.00;0.82;-45494495_0;5.10;0.00;tripinfo_in_os_to_ba.15;185.00;in_os_to_ba.15;0;1746.52;0.96;0.00;20.57;car;;1;1.00
2822.00;972103805_0;116.86;11.01;2667.00;0.34;-23142338#2_0;5.10;0.00;tripinfo_in_ns_to_ko.64;155.00;in_ns_to_ko.64;0;1398.55;1.08;0.00;38.60;car;;1;8.00
2823.00;45494495_0;58.90;9.74;2628.00;5.26;-230845886_0;5.10;0.00;tripinfo_in_ba_to_os.19;195.00;in_ba_to_os.19;0;1647.96;0.99;0.00;43.67;car;;1;6.00
2825.00;41899283#1_0;148.70;11.39;2672.00;1.71;-230845886_0;5.10;0.00;tripinfo_in_ba_to_as.24;153.00;in_ba_to_as.24;0;1430.78;1.03;0.00;26.00;car;;1;5.00
2827.00;45494495_0;58.90;9.52;2623.00;0.07;-23142338#2_0;5.10;0.00;tripinfo_in_ns_to_os.4;204.00;in_ns_to_os.4;0;1865.82;0.92;0.00;21.03;car;;0;0.00
2827.00;972103805_0;116.86;10.36;2670.00;0.59;-23142338#2_0;5.10;0.00;tripinfo_in_ns_to_ko.65;157.00;in_ns_to_ko.65;0;1398.55;0.97;0.00;26.40;car;;1;8.00
2828.00;23156305_0;1264.14;9.23;2430.00;2.19;-23142338#2_0;5.10;0.00;tripinfo_in_ns_to_gg.8;398.00;in_ns_to_gg.8;0;3297.24;0.87;0.00;51.96;car;;2;11.00
2828.00;28716808#1_0;754.74;8.68;2589.00;1.64;-45494495_0;5.10;0.00;tripinfo_in_os_to_kl.4;239.00;in_os_to_kl.4;0;2042.78;0.89;0.00;30.91;car;;1;1.00
2830.00;23156305_0;1264.14;11.20;2516.00;0.05;-230845886_0;5.10;0.00;tripinfo_in_ba_to_gg.6;314.00;in_ba_to_gg.6;0;2718.65;1.02;0.00;72.67;car;;1;7.00
2830.00;45494495_0;58.90;8.96;2631.00;0.04;-230845886_0;5.10;0.00;tripinfo_in_ba_to_os.20;199.00;in_ba_to_os.20;0;1647.96;0.91;0.00;34.18;car;;1;4.00
2830.00;41899283#1_0;148.70;11.30;2682.00;6.00;-230845886_0;5.10;0.00;tripinfo_in_ba_to_as.25;148.00;in_ba_to_as.25;0;1430.78;1.06;0.00;25.31;car;;0;0.00
2831.00;23142338#2_0;290.21;10.34;2603.00;3.29;23687583_0;5.10;0.00;tripinfo_in_as_to_ns.16;228.00;in_as_to_ns.16;0;1995.73;1.04;0.00;53.04;car;;2;20.00
2831.00;230845886_0;633.12;10.22;2631.00;0.96;23687583_0;5.10;0.00;tripinfo_in_as_to_ba.11;200.00;in_as_to_ba.11;0;1356.50;0.98;0.00;75.09;car;;2;43.00
2831.00;23527526_0;253.75;12.77;2745.00;7.57;23687583_0;5.10;0.00;tripinfo_in_as_to_gj.18;86.00;in_as_to_gj.18;0;649.06;1.19;0.00;35.60;car;;1;13.00
2832.00;23156305_0;1264.14;10.64;2625.00;2.97;23687583_0;5.10;0.00;tripinfo_in_as_to_gg.3;207.00;in_as_to_gg.3;0;1600.87;0.99;0.00;61.26;car;;2;20.00
2832.00;45494495_0;58.90;10.36;2644.00;4.67;-230845886_0;5.10;0.00;tripinfo_in_ba_to_os.21;188.00;in_ba_to_os.21;0;1647.96;1.01;0.00;39.98;car;;0;0.00
2833.00;45494495_0;58.90;11.58;2656.00;0.78;-230845886_0;5.10;0.00;tripinfo_in_ba_to_os.22;177.00;in_ba_to_os.22;0;1647.96;1.10;0.00;41.23;car;;0;0.00
2833.00;28716808#1_0;754.74;11.19;2672.00;7.45;23687583_0;5.10;0.00;tripinfo_in_as_to_kl.5;161.00;in_as_to_kl.5;0;1207.92;1.06;0.00;57.22;car;;2;25.00
2834.00;23156305_0;1264.14;10.23;2535.00;0.24;-230845886_0;5.10;0.00;tripinfo_in_ba_to_gg.7;299.00;in_ba_to_gg.7;0;2718.65;1.00;0.00;51.95;car;;1;2.00
2839.00;45494495_0;58.90;10.00;2676.00;5.51;-230845886_0;5.10;0.00;tripinfo_in_ba_to_os.23;163.00;in_ba_to_os.23;0;1647.96;1.00;0.00;13.64;car;;0;0.00
2839.00;41899283#1_0;148.70;11.11;2705.00;0.17;-230845886_0;5.10;0.00;tripinfo_in_ba_to_as.26;134.00;in_ba_to_as.26;0;1430.78;1.10;0.00;16.57;car;;0;0.00
2842.00;23527526_0;253.75;11.77;2757.00;9.01;23687583_0;5.10;0.00;tripinfo_in_as_to_gj.19;85.00;in_as_to_gj.19;0;649.06;1.10;0.00;30.57;car;;1;9.00
2846.00;230845886_0;633.12;10.61;2651.00;4.13;23687583_0;5.10;0.00;tripinfo_in_as_to_ba.12;195.00;in_as_to_ba.12;0;1356.50;1.01;0.00;73.46;car;;3;39.00
2850.00;972103805_0;116.86;9.64;2673.00;0.01;-23142338#2_0;5.10;0.00;tripinfo_in_ns_to_ko.66;177.00;in_ns_to_ko.66;0;1398.55;0.91;0.00;38.25;car;;2;16.00
2856.00;972103805_0;116.86;8.61;2601.00;0.79;-230845886_0;5.10;0.00;tripinfo_in_ba_to_ko.35;255.00;in_ba_to_ko.35;0;2114.29;0.85;0.00;28.61;car;;1;3.00
2858.00;23156305_0;1264.14;9.82;2477.00;0.44;-45494495_0;5.10;0.00;tripinfo_in_os_to_gg.5;381.00;in_os_to_gg.5;0;3034.34;0.98;0.00;98.36;car;;6;33.00
2859.00;45494495_0;58.90;11.36;2695.00;0.93;-230845886_0;5.10;0.00;tripinfo_in_ba_to_os.24;164.00;in_ba_to_os.24;0;1647.96;1.03;0.00;18.89;car;;0;0.00
2860.00;23156305_0;1264.14;10.86;2502.00;0.43;-23142338#2_0;5.10;0.00;tripinfo_in_ns_to_gg.9;358.00;in_ns_to_gg.9;0;3297.24;1.04;0.00;68.51;car;;2;13.00
2862.00;972103805_0;116.86;11.68;2676.00;2.31;-23142338#2_0;5.10;0.00;tripinfo_in_ns_to_ko.67;186.00;in_ns_to_ko.67;0;1398.55;1.07;0.00;68.04;car;;3;22.00
2866.00;28706217_0;94.10;6.47;2592.00;2.60;23687583_0;5.10;0.00;tripinfo_in_as_to_sl.21;274.00;in_as_to_sl.21;0;1976.75;0.80;0.00;44.97;car;;1;17.00
2867.00;972103805_0;116.86;9.78;2684.00;0.46;-23142338#2_0;5.10;0.00;tripinfo_in_ns_to_ko.68;183.00;in_ns_to_ko.68;0;1398.55;0.89;0.00;41.57;car;;3;14.00
2867.00;230845886_0;633.12;12.45;2732.00;7.46;23687583_0;5.10;0.00;tripinfo_in_as_to_ba.13;135.00;in_as_to_ba.13;0;1356.50;1.12;0.00;25.35;car;;0;0.00
2868.00;28706217_0;94.10;7.73;2606.00;4.95;23687583_0;5.10;0.00;tripinfo_in_as_to_sl.22;262.00;in_as_to_sl.22;0;1976.75;0.98;0.00;74.59;car;;1;12.00
2869.00;23527526_0;253.75;11.11;2685.00;0.15;-230845886_0;5.10;0.00;tripinfo_in_ba_to_gj.20;184.00;in_ba_to_gj.20;0;1755.68;1.03;0.00;29.52;car;;0;0.00
2870.00;28706217_0;94.10;9.09;2667.00;2.81;-230845886_0;5.10;0.00;tripinfo_in_ba_to_sl.20;203.00;in_ba_to_sl.20;0;1934.94;1.10;0.00;39.00;car;;0;0.00
2871.00;23527526_0;253.75;10.59;2691.00;0.77;-230845886_0;5.10;0.00;tripinfo_in_ba_to_gj.21;180.00;in_ba_to_gj.21;0;1755.68;1.03;0.00;24.81;car;;0;0.00
2871.00;972103805_0;116.86;8.70;2706.00;0.67;-23142338#2_0;5.10;0.00;tripinfo_in_ns_to_ko.69;165.00;in_ns_to_ko.69;0;1398.55;0.88;0.00;20.88;car;;1;3.00
2872.00;41899283#1_0;148.70;11.15;2699.00;0.68;-45494495_0;5.10;0.00;tripinfo_in_os_to_as.10;173.00;in_os_to_as.10;0;1746.47;1.04;0.00;21.00;car;;1;1.00
2873.00;972103805_0;116.86;11.21;2644.00;0.80;-45494495_0;5.10;0.00;tripinfo_in_os_to_ko.7;229.00;in_os_to_ko.7;0;2045.29;1.01;0.00;34.23;car;;1;1.00
2874.00;23527526_0;253.75;11.19;2698.00;1.83;-230845886_0;5.10;0.00;tripinfo_in_ba_to_gj.22;176.00;in_ba_to_gj.22;0;1755.68;1.04;0.00;22.95;car;;0;0.00
2874.00;972103805_0;116.86;11.42;2714.00;0.22;-23142338#2_0;5.10;0.00;tripinfo_in_ns_to_ko.70;160.00;in_ns_to_ko.70;0;1398.55;1.14;0.00;49.26;car;;1;8.00
2876.00;23156030#6_0;109.07;13.22;2596.00;5.43;23687583_0;5.10;0.00;tripinfo_in_as_to_od.5;280.00;in_as_to_od.5;0;2357.31;1.20;0.00;102.44;car;;1;16.00
2876.00;23142338#2_0;290.21;10.19;2619.00;0.11;23687583_0;5.10;0.00;tripinfo_in_as_to_ns.17;257.00;in_as_to_ns.17;0;1995.73;1.03;0.00;80.91;car;;4;40.00
2877.00;45494495_0;58.90;10.57;2666.00;6.53;23687583_0;5.10;0.00;tripinfo_in_as_to_os.13;211.00;in_as_to_os.13;0;1689.77;1.03;0.00;63.50;car;;2;29.00
2880.00;972103805_0;116.86;11.04;2651.00;0.42;-230845886_0;5.10;0.00;tripinfo_in_ba_to_ko.36;229.00;in_ba_to_ko.36;0;2114.29;1.06;0.00;47.91;car;;2;7.00
2884.00;972103805_0;116.86;10.02;2664.00;0.65;-230845886_0;5.10;0.00;tripinfo_in_ba_to_ko.37;220.00;in_ba_to_ko.37;0;2114.29;0.98;0.00;23.39;car;;0;0.00
2886.00;972103805_0;116.86;11.54;2670.00;3.82;-230845886_0;5.10;0.00;tripinfo_in_ba_to_ko.38;216.00;in_ba_to_ko.38;0;2114.29;1.11;0.00;42.79;car;;0;0.00
2889.00;23156030#6_0;109.07;9.73;2783.00;2.24;-45494495_0;5.10;0.00;tripinfo_in_os_to_od.8;106.00;in_os_to_od.8;0;865.51;0.91;0.00;19.37;car;;1;7.00
2892.00;972103805_0;116.86;9.27;2717.00;0.82;-23142338#2_0;5.10;0.00;tripinfo_in_ns_to_ko.71;175.00;in_ns_to_ko.71;0;1398.55;0.85;0.00;25.56;car;;1;3.00
2894.00;972103805_0;116.86;10.80;2720.00;2.65;-23142338#2_0;5.10;0.00;tripinfo_in_ns_to_ko.72;174.00;in_ns_to_ko.72;0;1398.55;1.07;0.00;56.06;car;;1;2.00
2895.00;45494495_0;58.90;9.45;2711.00;4.85;-230845886_0;5.10;0.00;tripinfo_in_ba_to_os.25;184.00;in_ba_to_os.25;0;1647.96;0.91;0.00;18.99;car;;0;0.00
2896.00;972103805_0;116.86;11.67;2729.00;3.45;-23142338#2_0;5.10;0.00;tripinfo_in_ns_to_ko.73;167.00;in_ns_to_ko.73;0;1398.55;1.07;0.00;48.62;car;;2;10.00
2898.00;23142338#2_0;290.21;8.38;2604.00;3.35;-230845886_0;5.10;0.00;tripinfo_in_ba_to_ns.8;294.00;in_ba_to_ns.8;0;2346.36;0.85;0.00;44.56;car;;2;16.00
2898.00;23156390_0;1121.44;11.06;2675.00;9.81;23687583_0;5.10;0.00;tripinfo_in_as_to_br.4;223.00;in_as_to_br.4;0;1694.48;1.02;0.00;71.89;car;;3;33.00
2898.00;972103805_0;116.86;10.05;2735.00;0.05;-23142338#2_0;5.10;0.00;tripinfo_in_ns_to_ko.74;163.00;in_ns_to_ko.74;0;1398.55;0.97;0.00;32.86;car;;1;7.00
2899.00;23156030#6_0;109.07;10.67;2612.00;5.02;23687583_0;5.10;0.00;tripinfo_in_as_to_od.6;287.00;in_as_to_od.6;0;2357.31;1.00;0.00;73.65;car;;3;38.00
2900.00;23156305_0;1264.14;8.60;2681.00;1.53;23687583_0;5.10;0.00;tripinfo_in_as_to_gg.4;219.00;in_as_to_gg.4;0;1600.87;0.88;0.00;52.86;car;;1;20.00
2900.00;972103805_0;116.86;9.99;2738.00;0.91;-23142338#2_0;5.10;0.00;tripinfo_in_ns_to_ko.75;162.00;in_ns_to_ko.75;0;1398.55;0.96;0.00;30.71;car;;1;5.00
2901.00;23156305_0;1264.14;10.48;2708.00;0.51;23687583_0;5.10;0.00;tripinfo_in_as_to_gg.5;193.00;in_as_to_gg.5;0;1600.87;1.12;0.00;63.39;car;;1;11.00
2902.00;45494495_0;58.90;9.43;2717.00;2.82;-230845886_0;5.10;0.00;tripinfo_in_ba_to_os.26;185.00;in_ba_to_os.26;0;1647.96;0.88;0.00;14.65;car;;0;0.00
2902.00;972103805_0;116.86;11.91;2744.00;4.94;-23142338#2_0;5.10;0.00;tripinfo_in_ns_to_ko.76;158.00;in_ns_to_ko.76;0;1398.55;1.16;0.00;49.37;car;;2;12.00
2904.00;23156305_0;1264.14;10.86;2619.00;0.29;-230845886_0;5.10;0.00;tripinfo_in_ba_to_gg.8;285.00;in_ba_to_gg.8;0;2718.65;1.03;0.00;45.38;car;;0;0.00
2904.00;45494495_0;58.90;11.74;2725.00;0.16;-230845886_0;5.10;0.00;tripinfo_in_ba_to_os.27;179.00;in_ba_to_os.27;0;1647.96;1.12;0.00;44.77;car;;0;0.00
2908.00;23527526_0;253.75;9.82;2720.00;1.89;-230845886_0;5.10;0.00;tripinfo_in_ba_to_gj.23;188.00;in_ba_to_gj.23;0;1755.68;0.95;0.00;20.48;car;;0;0.00
2908.00;28716808#1_0;754.74;10.36;2763.00;0.78;23687583_0;5.10;0.00;tripinfo_in_as_to_kl.6;145.00;in_as_to_kl.6;0;1207.92;0.96;0.00;31.29;car;;1;9.00
2910.00;23156390_0;1121.44;11.28;2736.00;3.88;23687583_0;5.10;0.00;tripinfo_in_as_to_br.5;174.00;in_as_to_br.5;0;1694.48;1.06;0.00;29.18;car;;0;0.00
2912.00;23527526_0;253.75;10.90;2732.00;0.64;-230845886_0;5.10;0.00;tripinfo_in_ba_to_gj.25;180.00;in_ba_to_gj.25;0;1755.68;1.08;0.00;32.86;car;;0;0.00
2913.00;23527526_0;253.75;12.47;2844.00;2.88;23687583_0;5.10;0.00;tripinfo_in_as_to_gj.20;69.00;in_as_to_gj.20;0;649.06;1.18;0.00;18.90;car;;1;1.00
2914.00;23142338#2_0;290.21;10.12;2641.00;2.43;-230845886_0;5.10;0.00;tripinfo_in_ba_to_ns.9;273.00;in_ba_to_ns.9;0;2346.36;0.92;0.00;41.59;car;;1;9.00
2920.00;28716808#1_0;754.74;11.53;2726.00;0.41;-45494495_0;5.10;0.00;tripinfo_in_os_to_kl.5;194.00;in_os_to_kl.5;0;2042.78;1.04;0.00;15.37;car;;0;0.00
2920.00;972103805_0;116.86;9.43;2755.00;3.01;-23142338#2_0;5.10;0.00;tripinfo_in_ns_to_ko.77;165.00;in_ns_to_ko.77;0;1398.55;0.97;0.00;33.85;car;;1;7.00
2921.00;972103805_0;116.86;11.55;2758.00;0.97;-23142338#2_0;5.10;0.00;tripinfo_in_ns_to_ko.78;163.00;in_ns_to_ko.78;0;1398.55;1.11;0.00;49.14;car;;1;5.00
2923.00;972103805_0;116.86;11.82;2768.00;0.15;-23142338#2_0;5.10;0.00;tripinfo_in_ns_to_ko.79;155.00;in_ns_to_ko.79;0;1398.55;1.08;0.00;37.96;car;;1;4.00
2927.00;23156305_0;1264.14;9.14;2714.00;0.74;23687583_0;5.10;0.00;tripinfo_in_as_to_gg.6;213.00;in_as_to_gg.6;0;1600.87;0.85;0.00;43.18;car;;2;10.00
2927.00;45494495_0;58.90;9.56;2739.00;6.55;23687583_0;5.10;0.00;tripinfo_in_as_to_os.14;188.00;in_as_to_os.14;0;1689.77;0.94;0.00;25.91;car;;1;1.00
2930.00;23156030#6_0;109.07;10.96;2846.00;0.54;-45494495_0;5.10;0.00;tripinfo_in_os_to_od.9;84.00;in_os_to_od.9;0;865.51;1.03;0.00;7.34;car;;0;0.00
2931.00;23156305_0;1264.14;8.92;2585.00;0.10;-45494495_0;5.10;0.00;tripinfo_in_os_to_gg.6;346.00;in_os_to_gg.6;0;3034.34;0.91;0.00;40.74;car;;2;6.00
2933.00;972103805_0;116.86;8.46;2679.00;4.21;-230845886_0;5.10;0.00;tripinfo_in_ba_to_ko.39;254.00;in_ba_to_ko.39;0;2114.29;0.87;0.00;33.00;car;;1;4.00
2933.00;41899283#1_0;148.70;9.97;2679.00;3.93;-23142338#2_0;5.10;0.00;tripinfo_in_ns_to_as.9;254.00;in_ns_to_as.9;0;2009.37;0.92;0.00;55.68;car;;3;17.00
2935.00;972103805_0;116.86;12.86;2708.00;2.57;-230845886_0;5.10;0.00;tripinfo_in_ba_to_ko.40;227.00;in_ba_to_ko.40;0;2114.29;1.18;0.00;63.16;car;;1;5.00
2935.00;41899283#1_0;148.70;13.21;2726.00;0.61;-23142338#2_0;5.10;0.00;tripinfo_in_ns_to_as.10;209.00;in_ns_to_as.10;0;2009.37;1.19;0.00;54.85;car;;1;6.00
2936.00;23527526_0;253.75;9.08;2728.00;0.92;-230845886_0;5.10;0.00;tripinfo_in_ba_to_gj.24;208.00;in_ba_to_gj.24;0;1755.68;0.84;0.00;19.29;car;;0;0.00
2938.00;23156305_0;1264.14;8.96;2558.00;0.14;-23142338#2_0;5.10;0.00;tripinfo_in_ns_to_gg.10;380.00;in_ns_to_gg.10;0;3297.24;0.92;0.00;53.40;car;;2;13.00
2940.00;23527526_0;253.75;9.91;2750.00;0.32;-230845886_0;5.10;0.00;tripinfo_in_ba_to_gj.26;190.00;in_ba_to_gj.26;0;1755.68;0.91;0.00;14.93;car;;0;0.00
2941.00;972103805_0;116.86;9.57;2663.00;0.39;-45494495_0;5.10;0.00;tripinfo_in_os_to_ko.8;278.00;in_os_to_ko.8;0;2045.29;0.87;0.00;53.83;car;;3;15.00
2943.00;972103805_0;116.86;10.08;2688.00;0.21;-45494495_0;5.10;0.00;tripinfo_in_os_to_ko.9;255.00;in_os_to_ko.9;0;2045.29;0.95;0.00;47.48;car;;1;6.00
2944.00;28706217_0;94.10;7.47;2877.00;6.03;-45494495_0;5.10;0.00;tripinfo_in_os_to_sl.6;67.00;in_os_to_sl.6;0;484.95;0.96;0.00;16.17;car;;1;3.00
2945.00;45494495_0;58.90;8.87;2759.00;2.44;-230845886_0;5.10;0.00;tripinfo_in_ba_to_os.28;186.00;in_ba_to_os.28;0;1647.96;0.88;0.00;16.32;car;;0;0.00
2948.00;45494495_0;58.90;11.21;2766.00;1.77;23687583_0;5.10;0.00;tripinfo_in_as_to_os.15;182.00;in_as_to_os.15;0;1689.77;1.06;0.00;37.57;car;;1;9.00
2950.00;23142338#2_0;290.21;9.28;2648.00;2.23;23687583_0;5.10;0.00;tripinfo_in_as_to_ns.18;302.00;in_as_to_ns.18;0;1995.73;0.85;0.00;87.43;car;;4;47.00
2950.00;28706217_0;94.10;6.84;2691.00;0.23;23687583_0;5.10;0.00;tripinfo_in_as_to_sl.23;259.00;in_as_to_sl.23;0;1976.75;0.97;0.00;70.22;car;;3;25.00
2951.00;23527526_0;253.75;9.66;2859.00;9.80;23687583_0;5.10;0.00;tripinfo_in_as_to_gj.21;92.00;in_as_to_gj.21;0;649.06;0.88;0.00;24.75;car;;1;10.00
2952.00;23142338#2_0;290.21;9.70;2654.00;3.88;23687583_0;5.10;0.00;tripinfo_in_as_to_ns.19;298.00;in_as_to_ns.19;0;1995.73;0.96;0.00;108.45;car;;4;43.00
2956.00;28716808#1_0;754.74;11.43;2709.00;2.12;-23142338#2_0;5.10;0.00;tripinfo_in_ns_to_kl.5;247.00;in_ns_to_kl.5;0;2315.58;1.06;0.00;48.97;car;;1;6.00
2956.00;23156030#6_0;109.07;9.51;2860.00;0.03;-45494495_0;5.10;0.00;tripinfo_in_os_to_od.10;96.00;in_os_to_od.10;0;865.51;0.94;0.00;13.29;car;;0;0.00
2957.00;23156390_0;1121.44;13.36;2732.00;5.35;-45494495_0;5.10;0.00;tripinfo_in_os_to_br.6;225.00;in_os_to_br.6;0;2513.69;1.21;0.00;35.66;car;;0;0.00
2959.00;23527526_0;253.75;9.51;2768.00;5.93;-230845886_0;5.10;0.00;tripinfo_in_ba_to_gj.27;191.00;in_ba_to_gj.27;0;1755.68;0.93;0.00;19.74;car;;0;0.00
2965.00;41899283#1_0;148.70;10.42;2824.00;0.91;-230845886_0;5.10;0.00;tripinfo_in_ba_to_as.27;141.00;in_ba_to_as.27;0;1430.78;1.05;0.00;17.67;car;;0;0.00
2967.00;28706217_0;94.10;7.38;2902.00;2.65;-45494495_0;5.10;0.00;tripinfo_in_os_to_sl.7;65.00;in_os_to_sl.7;0;484.95;0.96;0.00;13.93;car;;1;1.00
2968.00;23142338#2_0;290.21;9.14;2663.00;8.37;23687583_0;5.10;0.00;tripinfo_in_as_to_ns.20;305.00;in_as_to_ns.20;0;1995.73;0.92;0.00;107.43;car;;5;58.00
2969.00;45494495_0;58.90;10.43;2799.00;0.30;-230845886_0;5.10;0.00;tripinfo_in_ba_to_os.29;170.00;in_ba_to_os.29;0;1647.96;0.99;0.00;18.97;car;;0;0.00
2970.00;23142338#2_0;290.21;11.39;2684.00;4.02;23687583_0;5.10;0.00;tripinfo_in_as_to_ns.21;286.00;in_as_to_ns.21;0;1995.73;1.06;0.00;114.26;car;;3;42.00
2970.00;972103805_0;116.86;10.06;2743.00;0.25;-230845886_0;5.10;0.00;tripinfo_in_ba_to_ko.41;227.00;in_ba_to_ko.41;0;2114.29;0.94;0.00;22.90;car;;0;0.00
2972.00;23142338#2_0;290.21;12.13;2751.00;7.08;23687583_0;5.10;0.00;tripinfo_in_as_to_ns.22;221.00;in_as_to_ns.22;0;1995.73;1.20;0.00;68.80;car;;1;10.00
2972.00;230845886_0;633.12;10.63;2794.00;0.34;-45494495_0;5.10;0.00;tripinfo_in_os_to_ba.16;178.00;in_os_to_ba.16;0;1746.52;0.99;0.00;17.44;car;;0;0.00
2977.00;230845886_0;633.12;10.71;2804.00;0.55;-45494495_0;5.10;0.00;tripinfo_in_os_to_ba.17;173.00;in_os_to_ba.17;0;1746.52;1.00;0.00;15.14;car;;0;0.00
2981.00;41899283#1_0;148.70;11.39;2836.00;0.31;-230845886_0;5.10;0.00;tripinfo_in_ba_to_as.28;145.00;in_ba_to_as.28;0;1430.78;1.03;0.00;19.20;car;;1;4.00
2983.00;28706217_0;94.10;8.20;2762.00;3.10;-230845886_0;5.10;0.00;tripinfo_in_ba_to_sl.21;221.00;in_ba_to_sl.21;0;1934.94;0.99;0.00;39.13;car;;0;0.00
2984.00;41899283#1_0;148.70;11.13;2751.00;0.02;-23142338#2_0;5.10;0.00;tripinfo_in_ns_to_as.11;233.00;in_ns_to_as.11;0;2009.37;1.03;0.00;54.58;car;;4;19.00
2987.00;28706217_0;94.10;7.32;2754.00;6.76;23687583_0;5.10;0.00;tripinfo_in_as_to_sl.24;233.00;in_as_to_sl.24;0;1976.75;0.97;0.00;44.53;car;;1;9.00
2989.00;972103805_0;116.86;10.29;2765.00;4.91;-230845886_0;5.10;0.00;tripinfo_in_ba_to_ko.42;224.00;in_ba_to_ko.42;0;2114.29;1.01;0.00;33.85;car;;0;0.00
2990.00;230845886_0;633.12;10.21;2795.00;8.95;23687583_0;5.10;0.00;tripinfo_in_as_to_ba.14;195.00;in_as_to_ba.14;0;1356.50;0.93;0.00;63.04;car;;3;24.00
2992.00;28706217_0;94.10;8.00;2927.00;0.95;-45494495_0;5.10;0.00;tripinfo_in_os_to_sl.8;65.00;in_os_to_sl.8;0;484.95;1.00;0.00;16.08;car;;0;0.00
3002.00;28706217_0;94.10;8.13;2942.00;0.40;-45494495_0;5.10;0.00;tripinfo_in_os_to_sl.9;60.00;in_os_to_sl.9;0;484.95;1.08;0.00;14.02;car;;1;2.00
3006.00;23527526_0;253.75;7.42;2897.00;2.40;23687583_0;5.10;0.00;tripinfo_in_as_to_gj.22;109.00;in_as_to_gj.22;0;649.06;0.73;0.00;28.00;car;;1;5.00
3008.00;23142338#2_0;290.21;9.18;2760.00;0.94;23687583_0;5.10;0.00;tripinfo_in_as_to_ns.23;248.00;in_as_to_ns.23;0;1995.73;0.94;0.00;55.21;car;;3;16.00
3008.00;230845886_0;633.12;11.02;2771.00;0.26;-23142338#2_0;5.10;0.00;tripinfo_in_ns_to_ba.3;237.00;in_ns_to_ba.3;0;2340.42;1.03;0.00;33.85;car;;2;7.00
3011.00;972103805_0;116.86;9.78;2771.00;5.61;-230845886_0;5.10;0.00;tripinfo_in_ba_to_ko.43;240.00;in_ba_to_ko.43;0;2114.29;0.89;0.00;22.27;car;;0;0.00
3011.00;45494495_0;58.90;9.38;2777.00;3.54;23687583_0;5.10;0.00;tripinfo_in_as_to_os.16;234.00;in_as_to_os.16;0;1689.77;0.88;0.00;59.74;car;;3;31.00
3012.00;23156305_0;1264.14;10.81;2719.00;1.21;-45494495_0;5.10;0.00;tripinfo_in_os_to_gg.7;293.00;in_os_to_gg.7;0;3034.34;1.04;0.00;26.36;car;;0;0.00
3012.00;23527526_0;253.75;9.52;2786.00;2.92;-45494495_0;5.10;0.00;tripinfo_in_os_to_gj.1;226.00;in_os_to_gj.1;0;2071.37;0.91;0.00;19.32;car;;0;0.00
3013.00;45494495_0;58.90;9.78;2781.00;0.64;23687583_0;5.10;0.00;tripinfo_in_as_to_os.17;232.00;in_as_to_os.17;0;1689.77;0.99;0.00;77.46;car;;3;26.00
3014.00;45494495_0;58.90;10.35;2785.00;0.91;23687583_0;5.10;0.00;tripinfo_in_as_to_os.18;229.00;in_as_to_os.18;0;1689.77;1.03;0.00;81.22;car;;5;34.00
3015.00;23156390_0;1121.44;11.26;2762.00;0.77;-45494495_0;5.10;0.00;tripinfo_in_os_to_br.7;253.00;in_os_to_br.7;0;2513.69;1.10;0.00;45.25;car;;3;12.00
3017.00;23156305_0;1264.14;11.68;2729.00;2.80;-45494495_0;5.10;0.00;tripinfo_in_os_to_gg.8;288.00;in_os_to_gg.8;0;3034.34;1.06;0.00;27.29;car;;0;0.00
3019.00;41899283#1_0;148.70;10.69;2815.00;0.30;-23142338#2_0;5.10;0.00;tripinfo_in_ns_to_as.12;204.00;in_ns_to_as.12;0;2009.37;1.06;0.00;31.06;car;;1;2.00
3021.00;230845886_0;633.12;9.84;2865.00;8.25;23687583_0;5.10;0.00;tripinfo_in_as_to_ba.15;156.00;in_as_to_ba.15;0;1356.50;0.95;0.00;27.83;car;;1;9.00
3022.00;23527526_0;253.75;10.98;2931.00;1.07;23687583_0;5.10;0.00;tripinfo_in_as_to_gj.23;91.00;in_as_to_gj.23;0;649.06;1.08;0.00;36.57;car;;1;11.00
3023.00;230845886_0;633.12;11.36;2868.00;10.78;23687583_0;5.10;0.00;tripinfo_in_as_to_ba.16;155.00;in_as_to_ba.16;0;1356.50;1.05;0.00;38.19;car;;1;9.00
3031.00;23527526_0;253.75;11.08;2951.00;2.88;23687583_0;5.10;0.00;tripinfo_in_as_to_gj.24;80.00;in_as_to_gj.24;0;649.06;1.08;0.00;25.42;car;;1;8.00
3033.00;972103805_0;116.86;9.73;2774.00;6.13;-230845886_0;5.10;0.00;tripinfo_in_ba_to_ko.44;259.00;in_ba_to_ko.44;0;2114.29;0.90;0.00;44.36;car;;2;10.00
3035.00;23156030#6_0;109.07;9.68;2771.00;3.79;23687583_0;5.10;0.00;tripinfo_in_as_to_od.7;264.00;in_as_to_od.7;0;2357.31;0.94;0.00;37.25;car;;1;8.00
3035.00;972103805_0;116.86;10.35;2780.00;5.52;-230845886_0;5.10;0.00;tripinfo_in_ba_to_ko.45;255.00;in_ba_to_ko.45;0;2114.29;0.95;0.00;51.55;car;;2;11.00
3037.00;45494495_0;58.90;9.47;2837.00;3.09;23687583_0;5.10;0.00;tripinfo_in_as_to_os.19;200.00;in_as_to_os.19;0;1689.77;0.94;0.00;38.33;car;;1;3.00
3037.00;230845886_0;633.12;11.18;2881.00;4.48;23687583_0;5.10;0.00;tripinfo_in_as_to_ba.17;156.00;in_as_to_ba.17;0;1356.50;1.07;0.00;41.03;car;;2;14.00
3038.00;41899283#1_0;148.70;11.27;2900.00;0.10;-230845886_0;5.10;0.00;tripinfo_in_ba_to_as.29;138.00;in_ba_to_as.29;0;1430.78;1.03;0.00;12.72;car;;0;0.00
3040.00;45494495_0;58.90;10.83;2850.00;3.57;23687583_0;5.10;0.00;tripinfo_in_as_to_os.20;190.00;in_as_to_os.20;0;1689.77;0.99;0.00;34.71;car;;1;6.00
3041.00;230845886_0;633.12;11.01;2887.00;6.12;23687583_0;5.10;0.00;tripinfo_in_as_to_ba.18;154.00;in_as_to_ba.18;0;1356.50;1.04;0.00;36.07;car;;2;9.00
3041.00;23527526_0;253.75;9.04;2956.00;0.86;23687583_0;5.10;0.00;tripinfo_in_as_to_gj.25;85.00;in_as_to_gj.25;0;649.06;0.92;0.00;20.06;car;;1;5.00
3042.00;45494495_0;58.90;11.08;2864.00;1.99;-230845886_0;5.10;0.00;tripinfo_in_ba_to_os.30;178.00;in_ba_to_os.30;0;1647.96;1.10;0.00;41.41;car;;2;12.00
3049.00;23142338#2_0;290.21;10.55;2813.00;0.39;23687583_0;5.10;0.00;tripinfo_in_as_to_ns.24;236.00;in_as_to_ns.24;0;1995.73;1.04;0.00;59.83;car;;3;20.00
3050.00;23142338#2_0;290.21;11.07;2847.00;3.51;23687583_0;5.10;0.00;tripinfo_in_as_to_ns.25;203.00;in_as_to_ns.25;0;1995.73;1.10;0.00;37.44;car;;1;1.00
3052.00;972103805_0;116.86;8.49;2787.00;0.39;-230845886_0;5.10;0.00;tripinfo_in_ba_to_ko.46;265.00;in_ba_to_ko.46;0;2114.29;0.85;0.00;37.86;car;;1;8.00
3053.00;28706217_0;94.10;7.83;2791.00;5.08;23687583_0;5.10;0.00;tripinfo_in_as_to_sl.25;262.00;in_as_to_sl.25;0;1976.75;1.01;0.00;80.80;car;;4;27.00
3054.00;972103805_0;116.86;11.24;2791.00;2.73;-230845886_0;5.10;0.00;tripinfo_in_ba_to_ko.47;263.00;in_ba_to_ko.47;0;2114.29;1.07;0.00;83.77;car;;1;7.00
3054.00;23156030#6_0;109.07;10.09;2954.00;0.26;-45494495_0;5.10;0.00;tripinfo_in_os_to_od.11;100.00;in_os_to_od.11;0;865.51;0.97;0.00;19.53;car;;1;8.00
3055.00;23156305_0;1264.14;11.91;2777.00;7.13;-230845886_0;5.10;0.00;tripinfo_in_ba_to_gg.9;278.00;in_ba_to_gg.9;0;2718.65;1.08;0.00;49.60;car;;1;9.00
3055.00;45494495_0;58.90;11.55;2862.00;7.50;23687583_0;5.10;0.00;tripinfo_in_as_to_os.21;193.00;in_as_to_os.21;0;1689.77;1.12;0.00;56.62;car;;1;10.00
3056.00;972103805_0;116.86;10.59;2808.00;0.81;-230845886_0;5.10;0.00;tripinfo_in_ba_to_ko.48;248.00;in_ba_to_ko.48;0;2114.29;0.98;0.00;51.13;car;;1;6.00
3056.00;23527526_0;253.75;10.85;2879.00;0.58;-230845886_0;5.10;0.00;tripinfo_in_ba_to_gj.28;177.00;in_ba_to_gj.28;0;1755.68;1.01;0.00;19.22;car;;0;0.00
3058.00;972103805_0;116.86;10.51;2811.00;0.55;-230845886_0;5.10;0.00;tripinfo_in_ba_to_ko.49;247.00;in_ba_to_ko.49;0;2114.29;0.96;0.00;46.70;car;;1;4.00
3058.00;23527526_0;253.75;12.18;2892.00;0.80;-230845886_0;5.10;0.00;tripinfo_in_ba_to_gj.29;166.00;in_ba_to_gj.29;0;1755.68;1.10;0.00;22.10;car;;1;2.00
3059.00;28706217_0;94.10;7.98;2798.00;4.93;23687583_0;5.10;0.00;tripinfo_in_as_to_sl.26;261.00;in_as_to_sl.26;0;1976.75;0.98;0.00;74.28;car;;3;22.00
3059.00;45494495_0;58.90;10.91;2887.00;0.07;-230845886_0;5.10;0.00;tripinfo_in_ba_to_os.31;172.00;in_ba_to_os.31;0;1647.96;1.04;0.00;27.97;car;;1;2.00
3061.00;23527526_0;253.75;11.60;2895.00;2.62;-230845886_0;5.10;0.00;tripinfo_in_ba_to_gj.30;166.00;in_ba_to_gj.30;0;1755.68;1.08;0.00;18.32;car;;0;0.00
3063.00;23527526_0;253.75;11.73;2906.00;0.57;-230845886_0;5.10;0.00;tripinfo_in_ba_to_gj.31;157.00;in_ba_to_gj.31;0;1755.68;1.16;0.00;19.50;car;;0;0.00
3066.00;972103805_0;116.86;7.10;2856.00;0.57;-23142338#2_0;5.10;0.00;tripinfo_in_ns_to_ko.80;210.00;in_ns_to_ko.80;0;1398.55;0.71;0.00;31.89;car;;2;6.00
3066.00;41899283#1_0;148.70;11.16;2926.00;0.46;-230845886_0;5.10;0.00;tripinfo_in_ba_to_as.30;140.00;in_ba_to_as.30;0;1430.78;1.01;0.00;11.90;car;;0;0.00
3068.00;41899283#1_0;148.70;12.86;2932.00;5.28;-230845886_0;5.10;0.00;tripinfo_in_ba_to_as.31;136.00;in_ba_to_as.31;0;1430.78;1.16;0.00;23.86;car;;0;0.00
3073.00;23142338#2_0;290.21;9.24;2818.00;0.49;-230845886_0;5.10;0.00;tripinfo_in_ba_to_ns.10;255.00;in_ba_to_ns.10;0;2346.36;0.93;0.00;25.99;car;;1;1.00
3075.00;230845886_0;633.12;10.39;2907.00;0.05;23687583_0;5.10;0.00;tripinfo_in_as_to_ba.19;168.00;in_as_to_ba.19;0;1356.50;0.98;0.00;42.85;car;;1;4.00
3076.00;23527526_0;253.75;10.43;2971.00;3.42;23687583_0;5.10;0.00;tripinfo_in_as_to_gj.26;105.00;in_as_to_gj.26;0;649.06;0.96;0.00;43.56;car;;1;24.00
3077.00;28706217_0;94.10;6.76;2801.00;7.53;23687583_0;5.10;0.00;tripinfo_in_as_to_sl.27;276.00;in_as_to_sl.27;0;1976.75;0.88;0.00;67.34;car;;3;18.00
3077.00;45494495_0;58.90;11.95;2920.00;2.29;-230845886_0;5.10;0.00;tripinfo_in_ba_to_os.32;157.00;in_ba_to_os.32;0;1647.96;1.09;0.00;19.93;car;;0;0.00
3081.00;230845886_0;633.12;9.83;2919.00;0.94;23687583_0;5.10;0.00;tripinfo_in_as_to_ba.20;162.00;in_as_to_ba.20;0;1356.50;0.93;0.00;30.53;car;;1;2.00
3086.00;45494495_0;58.90;10.50;2929.00;2.61;-230845886_0;5.10;0.00;tripinfo_in_ba_to_os.33;157.00;in_ba_to_os.33;0;1647.96;1.04;0.00;14.38;car;;0;0.00
3090.00;23156390_0;1121.44;10.21;2785.00;0.15;-23142338#2_0;5.10;0.00;tripinfo_in_ns_to_br.0;305.00;in_ns_to_br.0;0;2792.05;1.00;0.00;51.91;car;;2;16.00
3091.00;23527526_0;253.75;10.43;2998.00;5.42;23687583_0;5.10;0.00;tripinfo_in_as_to_gj.27;93.00;in_as_to_gj.27;0;649.06;0.96;0.00;30.78;car;;1;13.00
3092.00;23156390_0;1121.44;11.11;2792.00;0.43;-23142338#2_0;5.10;0.00;tripinfo_in_ns_to_br.1;300.00;in_ns_to_br.1;0;2792.05;1.02;0.00;50.35;car;;2;11.00
3092.00;41899283#1_0;148.70;9.79;2873.00;3.33;-45494495_0;5.10;0.00;tripinfo_in_os_to_as.11;219.00;in_os_to_as.11;0;1746.47;0.88;0.00;39.42;car;;2;14.00
3093.00;23142338#2_0;290.21;10.84;2872.00;14.23;23687583_0;5.10;0.00;tripinfo_in_as_to_ns.26;221.00;in_as_to_ns.26;0;1995.73;1.05;0.00;47.36;car;;2;16.00
3095.00;230845886_0;633.12;10.64;2940.00;0.68;23687583_0;5.10;0.00;tripinfo_in_as_to_ba.21;155.00;in_as_to_ba.21;0;1356.50;1.04;0.00;37.14;car;;1;10.00
3099.00;41899283#1_0;148.70;11.87;2902.00;0.96;-23142338#2_0;5.10;0.00;tripinfo_in_ns_to_as.13;197.00;in_ns_to_as.13;0;2009.37;1.17;0.00;41.60;car;;1;5.00
3101.00;23156030#6_1;109.07;10.47;2841.00;0.88;23687583_0;5.10;0.00;tripinfo_in_as_to_od.9;260.00;in_as_to_od.9;0;2357.31;1.03;0.00;54.72;car;;2;10.00
3101.00;28706217_0;94.10;7.17;3034.00;1.12;-45494495_0;5.10;0.00;tripinfo_in_os_to_sl.10;67.00;in_os_to_sl.10;0;484.95;0.91;0.00;12.52;car;;1;1.00
3102.00;23142338#2_0;290.21;11.94;2861.00;0.35;-230845886_0;5.10;0.00;tripinfo_in_ba_to_ns.11;241.00;in_ba_to_ns.11;0;2346.36;1.08;0.00;44.32;car;;2;15.00
3103.00;23156030#6_0;109.07;9.88;2825.00;2.26;23687583_0;5.10;0.00;tripinfo_in_as_to_od.8;278.00;in_as_to_od.8;0;2357.31;0.97;0.00;58.79;car;;2;7.00
3105.00;23527526_0;253.75;11.43;3008.00;2.51;23687583_0;5.10;0.00;tripinfo_in_as_to_gj.28;97.00;in_as_to_gj.28;0;649.06;1.03;0.00;39.18;car;;2;17.00
3107.00;28706217_0;94.10;6.26;2856.00;7.78;23687583_0;5.10;0.00;tripinfo_in_as_to_sl.28;251.00;in_as_to_sl.28;0;1976.75;0.90;0.00;47.55;car;;1;11.00
3107.00;23156305_0;1264.14;9.53;2922.00;1.03;23687583_0;5.10;0.00;tripinfo_in_as_to_gg.7;185.00;in_as_to_gg.7;0;1600.87;0.91;0.00;24.39;car;;0;0.00
3107.00;23527526_0;253.75;12.07;3011.00;2.87;23687583_0;5.10;0.00;tripinfo_in_as_to_gj.29;96.00;in_as_to_gj.29;0;649.06;1.16;0.00;44.60;car;;2;15.00
3108.00;23156390_0;1121.44;10.59;2903.00;0.61;23687583_0;5.10;0.00;tripinfo_in_as_to_br.6;205.00;in_as_to_br.6;0;1694.48;0.97;0.00;45.67;car;;1;6.00
3109.00;28706217_0;94.10;8.45;2878.00;4.30;23687583_0;5.10;0.00;tripinfo_in_as_to_sl.29;231.00;in_as_to_sl.29;0;1976.75;1.05;0.00;56.80;car;;2;15.00
3111.00;28706217_0;94.10;8.20;2894.00;0.32;23687583_0;5.10;0.00;tripinfo_in_as_to_sl.30;217.00;in_as_to_sl.30;0;1976.75;1.11;0.00;51.41;car;;1;7.00
3114.00;23527526_0;253.75;11.11;3020.00;3.12;23687583_0;5.10;0.00;tripinfo_in_as_to_gj.30;94.00;in_as_to_gj.30;0;649.06;1.02;0.00;35.71;car;;2;9.00
3122.00;23527526_0;253.75;11.39;2944.00;13.55;-230845886_0;5.10;0.00;tripinfo_in_ba_to_gj.32;178.00;in_ba_to_gj.32;0;1755.68;1.08;0.00;30.65;car;;0;0.00
3123.00;23527526_0;253.75;13.26;2950.00;18.93;-230845886_0;5.10;0.00;tripinfo_in_ba_to_gj.33;173.00;in_ba_to_gj.33;0;1755.68;1.30;0.00;46.39;car;;0;0.00
3125.00;45494495_0;58.90;8.76;2900.00;2.19;23687583_0;5.10;0.00;tripinfo_in_as_to_os.22;225.00;in_as_to_os.22;0;1689.77;0.82;0.00;38.14;car;;1;7.00
3131.00;28716808#1_0;754.74;9.30;2935.00;6.81;-230845886_0;5.10;0.00;tripinfo_in_ba_to_kl.2;196.00;in_ba_to_kl.2;0;1727.09;0.88;0.00;17.65;car;;0;0.00
3134.00;23142338#2_0;290.21;10.13;2910.00;1.45;23687583_0;5.10;0.00;tripinfo_in_as_to_ns.27;224.00;in_as_to_ns.27;0;1995.73;1.01;0.00;44.48;car;;1;4.00
3140.00;23156390_0;1121.44;11.03;2965.00;4.27;23687583_0;5.10;0.00;tripinfo_in_as_to_br.7;175.00;in_as_to_br.7;0;1694.48;1.04;0.00;26.88;car;;0;0.00
3146.00;23527526_0;253.75;9.98;2918.00;0.73;-45494495_0;5.10;0.00;tripinfo_in_os_to_gj.2;228.00;in_os_to_gj.2;0;2071.37;1.01;0.00;43.35;car;;2;14.00
3149.00;230845886_0;633.12;9.28;2957.00;2.88;-45494495_0;5.10;0.00;tripinfo_in_os_to_ba.18;192.00;in_os_to_ba.18;0;1746.52;0.90;0.00;16.08;car;;0;0.00
3155.00;28706217_0;94.10;8.28;3102.00;0.33;-45494495_0;5.10;0.00;tripinfo_in_os_to_sl.11;53.00;in_os_to_sl.11;0;484.95;1.05;0.00;5.97;car;;0;0.00
3157.00;23156305_0;1264.14;8.48;2959.00;0.77;23687583_0;5.10;0.00;tripinfo_in_as_to_gg.8;198.00;in_as_to_gg.8;0;1600.87;0.85;0.00;26.72;car;;1;2.00
3159.00;28706217_0;94.10;8.20;2925.00;0.03;23687583_0;5.10;0.00;tripinfo_in_as_to_sl.31;234.00;in_as_to_sl.31;0;1976.75;1.01;0.00;51.50;car;;0;0.00
3159.00;23527526_0;253.75;9.61;3039.00;3.68;23687583_0;5.10;0.00;tripinfo_in_as_to_gj.31;120.00;in_as_to_gj.31;0;649.06;0.96;0.00;58.33;car;;4;18.00
3165.00;28706217_0;94.10;7.74;2935.00;2.96;23687583_0;5.10;0.00;tripinfo_in_as_to_sl.32;230.00;in_as_to_sl.32;0;1976.75;1.02;0.00;49.42;car;;2;14.00
3166.00;23156305_0;1264.14;10.38;2974.00;6.29;23687583_0;5.10;0.00;tripinfo_in_as_to_gg.9;192.00;in_as_to_gg.9;0;1600.87;1.01;0.00;48.15;car;;1;22.00
3168.00;28706217_0;94.10;8.33;2959.00;0.86;-230845886_0;5.10;0.00;tripinfo_in_ba_to_sl.22;209.00;in_ba_to_sl.22;0;1934.94;1.02;0.00;32.47;car;;1;1.00
3173.00;28706217_0;94.10;7.64;2962.00;1.79;23687583_0;5.10;0.00;tripinfo_in_as_to_sl.33;211.00;in_as_to_sl.33;0;1976.75;1.07;0.00;39.13;car;;2;2.00
3174.00;28716808#1_0;754.74;10.26;3017.00;1.15;23687583_0;5.10;0.00;tripinfo_in_as_to_kl.7;157.00;in_as_to_kl.7;0;1207.92;0.93;0.00;38.64;car;;2;12.00
3180.00;41899283#1_0;148.70;12.80;3044.00;4.51;-230845886_0;5.10;0.00;tripinfo_in_ba_to_as.32;136.00;in_ba_to_as.32;0;1430.78;1.16;0.00;24.46;car;;0;0.00
3183.00;28706217_0;94.10;8.85;3133.00;2.43;-45494495_0;5.10;0.00;tripinfo_in_os_to_sl.12;50.00;in_os_to_sl.12;0;484.95;1.18;0.00;7.77;car;;0;0.00
3187.00;23156305_0;1264.14;10.56;2917.00;0.25;-230845886_0;5.10;0.00;tripinfo_in_ba_to_gg.10;270.00;in_ba_to_gg.10;0;2718.65;1.02;0.00;27.71;car;;1;1.00
3187.00;45494495_0;58.90;11.06;2977.00;9.18;23687583_0;5.10;0.00;tripinfo_in_as_to_os.23;210.00;in_as_to_os.23;0;1689.77;1.01;0.00;59.77;car;;2;29.00
3190.00;23527526_0;253.75;10.36;3114.00;3.43;23687583_0;5.10;0.00;tripinfo_in_as_to_gj.32;76.00;in_as_to_gj.32;0;649.06;0.99;0.00;16.31;car;;0;0.00
3193.00;45494495_0;58.90;10.49;2992.00;0.48;23687583_0;5.10;0.00;tripinfo_in_as_to_os.24;201.00;in_as_to_os.24;0;1689.77;1.00;0.00;48.29;car;;2;23.00
3194.00;28706217_0;94.10;7.61;2968.00;0.67;23687583_0;5.10;0.00;tripinfo_in_as_to_sl.34;226.00;in_as_to_sl.34;0;1976.75;1.02;0.00;45.36;car;;1;8.00
3194.00;23527526_0;253.75;11.05;3120.00;6.00;23687583_0;5.10;0.00;tripinfo_in_as_to_gj.33;74.00;in_as_to_gj.33;0;649.06;1.02;0.00;16.30;car;;0;0.00
3198.00;41899283#1_0;148.70;10.52;2979.00;0.45;-23142338#2_0;5.10;0.00;tripinfo_in_ns_to_as.14;219.00;in_ns_to_as.14;0;2009.37;1.05;0.00;43.78;car;;2;7.00
3199.00;23156390_0;1121.44;10.96;2953.00;14.40;-230845886_0;5.10;0.00;tripinfo_in_ba_to_br.0;246.00;in_ba_to_br.0;0;2198.00;1.03;0.00;50.62;car;;2;12.00
3200.00;41899283#1_0;148.70;11.82;3050.00;2.85;-230845886_0;5.10;0.00;tripinfo_in_ba_to_as.33;150.00;in_ba_to_as.33;0;1430.78;1.09;0.00;31.27;car;;0;0.00
3201.00;23156390_0;1121.44;12.41;2998.00;0.91;-230845886_0;5.10;0.00;tripinfo_in_ba_to_br.1;203.00;in_ba_to_br.1;0;2198.00;1.13;0.00;25.65;car;;0;0.00
3207.00;23142338#2_0;290.21;11.76;2956.00;0.63;-230845886_0;5.10;0.00;tripinfo_in_ba_to_ns.12;251.00;in_ba_to_ns.12;0;2346.36;1.07;0.00;52.47;car;;3;10.00
3209.00;23142338#2_0;290.21;12.86;2991.00;0.15;-230845886_0;5.10;0.00;tripinfo_in_ba_to_ns.13;218.00;in_ba_to_ns.13;0;2346.36;1.16;0.00;35.37;car;;2;4.00
3213.00;28716808#1_0;754.74;12.53;2972.00;6.21;-23142338#2_0;5.10;0.00;tripinfo_in_ns_to_kl.6;241.00;in_ns_to_kl.6;0;2315.58;1.21;0.00;67.23;car;;2;9.00
3215.00;45494495_0;58.90;12.34;2999.00;0.31;-23142338#2_0;5.10;0.00;tripinfo_in_ns_to_os.5;216.00;in_ns_to_os.5;0;1865.82;1.14;0.00;67.96;car;;0;0.00
3217.00;41899283#1_0;148.70;11.93;3082.00;0.84;-230845886_0;5.10;0.00;tripinfo_in_ba_to_as.34;135.00;in_ba_to_as.34;0;1430.78;1.10;0.00;17.57;car;;0;0.00
3217.00;23156030#6_0;109.07;10.94;3123.00;0.31;-45494495_0;5.10;0.00;tripinfo_in_os_to_od.12;94.00;in_os_to_od.12;0;865.51;1.02;0.00;16.79;car;;1;6.00
3220.00;28706217_0;94.10;8.67;2982.00;0.21;23687583_0;5.10;0.00;tripinfo_in_as_to_sl.35;238.00;in_as_to_sl.35;0;1976.75;1.18;0.00;82.06;car;;3;28.00
3220.00;45494495_0;58.90;9.13;3001.00;3.53;23687583_0;5.10;0.00;tripinfo_in_as_to_os.25;219.00;in_as_to_os.25;0;1689.77;0.83;0.00;36.03;car;;1;12.00
3234.00;23142338#2_0;290.21;12.22;3014.00;0.04;23687583_0;5.10;0.00;tripinfo_in_as_to_ns.28;220.00;in_as_to_ns.28;0;1995.73;1.14;0.00;60.83;car;;3;21.00
3240.00;45494495_0;58.90;13.05;3062.00;0.47;-230845886_0;5.10;0.00;tripinfo_in_ba_to_os.34;178.00;in_ba_to_os.34;0;1647.96;1.18;0.00;50.91;car;;0;0.00
3241.00;23527526_0;253.75;12.94;3178.00;11.25;23687583_0;5.10;0.00;tripinfo_in_as_to_gj.34;63.00;in_as_to_gj.34;0;649.06;1.17;0.00;11.88;car;;0;0.00
3245.00;23156390_0;1121.44;10.77;3029.00;0.68;23687583_0;5.10;0.00;tripinfo_in_as_to_br.8;216.00;in_as_to_br.8;0;1694.48;1.04;0.00;68.87;car;;4;25.00
3247.00;28706217_0;94.10;9.31;3005.00;0.09;23687583_0;5.10;0.00;tripinfo_in_as_to_sl.36;242.00;in_as_to_sl.36;0;1976.75;1.20;0.00;89.65;car;;1;12.00
3249.00;45494495_0;58.90;10.88;3032.00;1.46;23687583_0;5.10;0.00;tripinfo_in_as_to_os.26;217.00;in_as_to_os.26;0;1689.77;1.04;0.00;69.27;car;;4;20.00
3249.00;230845886_0;633.12;11.16;3078.00;0.96;23687583_0;5.10;0.00;tripinfo_in_as_to_ba.22;171.00;in_as_to_ba.22;0;1356.50;1.09;0.00;57.72;car;;2;14.00
3259.00;23527526_0;253.75;10.95;3193.00;0.19;23687583_0;5.10;0.00;tripinfo_in_as_to_gj.35;66.00;in_as_to_gj.35;0;649.06;1.01;0.00;7.34;car;;0;0.00
3264.00;41899283#1_0;148.70;11.06;3107.00;0.95;-230845886_0;5.10;0.00;tripinfo_in_ba_to_as.35;157.00;in_ba_to_as.35;0;1430.78;1.02;0.00;30.11;car;;1;7.00
3268.00;23156305_0;1264.14;7.20;3023.00;3.84;23687583_0;5.10;0.00;tripinfo_in_as_to_gg.10;245.00;in_as_to_gg.10;0;1600.87;0.72;0.00;42.03;car;;2;6.00
3268.00;28716808#1_0;754.74;9.38;3124.00;0.02;23687583_0;5.10;0.00;tripinfo_in_as_to_kl.8;144.00;in_as_to_kl.8;0;1207.92;0.96;0.00;29.07;car;;1;7.00
3270.00;23156305_0;1264.14;10.05;2941.00;10.99;-230845886_0;5.10;0.00;tripinfo_in_ba_to_gg.11;329.00;in_ba_to_gg.11;0;2718.65;1.00;0.00;81.88;car;;0;0.00
3270.00;41899283#1_0;148.70;11.46;3115.00;0.79;-45494495_0;5.10;0.00;tripinfo_in_os_to_as.12;155.00;in_os_to_as.12;0;1746.47;1.13;0.00;14.88;car;;0;0.00
3272.00;23156305_0;1264.14;10.47;2949.00;0.43;-45494495_0;5.10;0.00;tripinfo_in_os_to_gg.9;323.00;in_os_to_gg.9;0;3034.34;0.99;0.00;45.33;car;;0;0.00
3272.00;23156390_0;1121.44;10.10;2968.00;3.28;-23142338#2_0;5.10;0.00;tripinfo_in_ns_to_br.2;304.00;in_ns_to_br.2;0;2792.05;0.99;0.00;48.12;car;;2;10.00
3272.00;45494495_0;58.90;9.89;3095.00;3.83;-230845886_0;5.10;0.00;tripinfo_in_ba_to_os.35;177.00;in_ba_to_os.35;0;1647.96;0.97;0.00;21.89;car;;1;1.00
3273.00;23156305_0;1264.14;10.79;3053.00;3.40;23687583_0;5.10;0.00;tripinfo_in_as_to_gg.11;220.00;in_as_to_gg.11;0;1600.87;0.98;0.00;71.60;car;;1;11.00
3275.00;23156305_0;1264.14;11.05;2967.00;0.95;-45494495_0;5.10;0.00;tripinfo_in_os_to_gg.10;308.00;in_os_to_gg.10;0;3034.34;1.09;0.00;54.62;car;;1;7.00
3277.00;41899283#1_0;148.70;9.72;3117.00;0.85;-230845886_0;5.10;0.00;tripinfo_in_ba_to_as.36;160.00;in_ba_to_as.36;0;1430.78;0.96;0.00;24.97;car;;1;10.00
3278.00;45494495_0;58.90;9.72;3068.00;2.29;-23142338#2_0;5.10;0.00;tripinfo_in_ns_to_os.6;210.00;in_ns_to_os.6;0;1865.82;0.96;0.00;33.35;car;;2;6.00
3282.00;23156305_0;1264.14;10.47;2972.00;0.97;-45494495_0;5.10;0.00;tripinfo_in_os_to_gg.11;310.00;in_os_to_gg.11;0;3034.34;1.04;0.00;44.16;car;;1;5.00
3286.00;41899283#1_0;148.70;10.01;3011.00;0.06;-23142338#2_0;5.10;0.00;tripinfo_in_ns_to_as.15;275.00;in_ns_to_as.15;0;2009.37;0.98;0.00;86.85;car;;1;6.00
3287.00;41899283#1_0;148.70;10.37;3056.00;3.55;-23142338#2_0;5.10;0.00;tripinfo_in_ns_to_as.16;231.00;in_ns_to_as.16;0;2009.37;1.01;0.00;51.13;car;;1;5.00
3291.00;45494495_0;58.90;11.85;3086.00;0.21;23687583_0;5.10;0.00;tripinfo_in_as_to_os.27;205.00;in_as_to_os.27;0;1689.77;1.16;0.00;73.06;car;;2;12.00
3291.00;23527526_0;253.75;12.87;3120.00;2.02;-230845886_0;5.10;0.00;tripinfo_in_ba_to_gj.34;171.00;in_ba_to_gj.34;0;1755.68;1.19;0.00;36.63;car;;1;9.00
3294.00;28706217_0;94.10;5.70;3047.00;7.29;-230845886_0;5.10;0.00;tripinfo_in_ba_to_sl.23;247.00;in_ba_to_sl.23;0;1934.94;0.82;0.00;27.00;car;;1;2.00
3294.00;23142338#2_0;290.21;11.84;3050.00;5.09;23687583_0;5.10;0.00;tripinfo_in_as_to_ns.29;244.00;in_as_to_ns.29;0;1995.73;1.08;0.00;75.42;car;;5;22.00
3296.00;28706217_0;94.10;8.71;3046.00;4.14;23687583_0;5.10;0.00;tripinfo_in_as_to_sl.37;250.00;in_as_to_sl.37;0;1976.75;1.05;0.00;74.37;car;;5;16.00
3296.00;45494495_0;58.90;10.45;3102.00;3.30;23687583_0;5.10;0.00;tripinfo_in_as_to_os.28;194.00;in_as_to_os.28;0;1689.77;0.98;0.00;37.28;car;;1;1.00
3297.00;23142338#2_0;290.21;12.39;3065.00;1.20;-230845886_0;5.10;0.00;tripinfo_in_ba_to_ns.14;232.00;in_ba_to_ns.14;0;2346.36;1.17;0.00;50.49;car;;1;7.00
3298.00;28706217_0;94.10;8.03;3056.00;4.67;23687583_0;5.10;0.00;tripinfo_in_as_to_sl.38;242.00;in_as_to_sl.38;0;1976.75;1.03;0.00;64.60;car;;1;11.00
3302.00;230845886_0;633.12;9.14;3151.00;4.18;23687583_0;5.10;0.00;tripinfo_in_as_to_ba.23;151.00;in_as_to_ba.23;0;1356.50;0.88;0.00;11.85;car;;0;0.00
3304.00;230845886_0;633.12;11.22;3130.00;0.52;-45494495_0;5.10;0.00;tripinfo_in_os_to_ba.19;174.00;in_os_to_ba.19;0;1746.52;1.05;0.00;22.79;car;;0;0.00
3316.00;23156390_0;1121.44;10.81;3134.00;2.67;23687583_0;5.10;0.00;tripinfo_in_as_to_br.9;182.00;in_as_to_br.9;0;1694.48;1.02;0.00;32.21;car;;1;7.00
3318.00;23142338#2_0;290.21;13.11;3098.00;6.09;-230845886_0;5.10;0.00;tripinfo_in_ba_to_ns.15;220.00;in_ba_to_ns.15;0;2346.36;1.18;0.00;40.50;car;;0;0.00
3318.00;41899283#1_0;148.70;12.40;3143.00;4.52;-230845886_0;5.10;0.00;tripinfo_in_ba_to_as.37;175.00;in_ba_to_as.37;0;1430.78;1.13;0.00;60.07;car;;3;16.00
3320.00;28706217_0;94.10;6.95;3100.00;4.46;-230845886_0;5.10;0.00;tripinfo_in_ba_to_sl.24;220.00;in_ba_to_sl.24;0;1934.94;0.92;0.00;24.71;car;;0;0.00
3320.00;230845886_0;633.12;8.62;3157.00;5.96;23687583_0;5.10;0.00;tripinfo_in_as_to_ba.24;163.00;in_as_to_ba.24;0;1356.50;0.87;0.00;22.41;car;;1;6.00
3322.00;28706217_0;94.10;7.69;3062.00;5.36;23687583_0;5.10;0.00;tripinfo_in_as_to_sl.39;260.00;in_as_to_sl.39;0;1976.75;0.98;0.00;73.49;car;;2;19.00
3322.00;230845886_0;633.12;10.85;3172.00;5.62;23687583_0;5.10;0.00;tripinfo_in_as_to_ba.25;150.00;in_as_to_ba.25;0;1356.50;0.98;0.00;24.38;car;;1;2.00
3322.00;23527526_0;253.75;10.32;3234.00;0.49;23687583_0;5.10;0.00;tripinfo_in_as_to_gj.36;88.00;in_as_to_gj.36;0;649.06;1.03;0.00;30.59;car;;1;18.00
3332.00;45494495_0;58.90;11.92;3105.00;4.84;23687583_0;5.10;0.00;tripinfo_in_as_to_os.29;227.00;in_as_to_os.29;0;1689.77;1.11;0.00;89.90;car;;0;0.00
3334.00;28706217_0;94.10;6.77;3066.00;8.49;23687583_0;5.10;0.00;tripinfo_in_as_to_sl.40;268.00;in_as_to_sl.40;0;1976.75;0.93;0.00;70.66;car;;3;19.00
3335.00;23527526_0;253.75;10.01;3247.00;0.53;23687583_0;5.10;0.00;tripinfo_in_as_to_gj.37;88.00;in_as_to_gj.37;0;649.06;0.90;0.00;21.93;car;;1;11.00
3336.00;28706217_0;94.10;7.82;3069.00;0.93;23687583_0;5.10;0.00;tripinfo_in_as_to_sl.41;267.00;in_as_to_sl.41;0;1976.75;1.05;0.00;93.09;car;;3;17.00
3337.00;28716808#1_0;754.74;8.92;3131.00;0.81;-230845886_0;5.10;0.00;tripinfo_in_ba_to_kl.3;206.00;in_ba_to_kl.3;0;1727.09;0.89;0.00;30.39;car;;1;11.00
3341.00;23156305_0;1264.14;11.05;3076.00;0.79;-230845886_0;5.10;0.00;tripinfo_in_ba_to_gg.12;265.00;in_ba_to_gg.12;0;2718.65;1.04;0.00;27.97;car;;0;0.00
3342.00;41899283#1_0;148.70;9.36;3146.00;5.74;-230845886_0;5.10;0.00;tripinfo_in_ba_to_as.38;196.00;in_ba_to_as.38;0;1430.78;0.88;0.00;48.32;car;;3;20.00
3345.00;23527526_0;253.75;10.78;3149.00;7.22;-230845886_0;5.10;0.00;tripinfo_in_ba_to_gj.35;196.00;in_ba_to_gj.35;0;1755.68;1.08;0.00;48.89;car;;2;9.00
3345.00;23156390_0;1121.44;10.34;3166.00;0.92;23687583_0;5.10;0.00;tripinfo_in_as_to_br.10;179.00;in_as_to_br.10;0;1694.48;1.03;0.00;28.85;car;;1;4.00
3349.00;23142338#2_0;290.21;11.50;3154.00;2.99;23687583_0;5.10;0.00;tripinfo_in_as_to_ns.30;195.00;in_as_to_ns.30;0;1995.73;1.12;0.00;32.52;car;;1;6.00
3350.00;28716808#1_0;754.74;9.97;3118.00;3.11;-45494495_0;5.10;0.00;tripinfo_in_os_to_kl.6;232.00;in_os_to_kl.6;0;2042.78;0.94;0.00;35.39;car;;1;10.00
3351.00;45494495_0;58.90;8.81;3134.00;3.65;-230845886_0;5.10;0.00;tripinfo_in_ba_to_os.36;217.00;in_ba_to_os.36;0;1647.96;0.85;0.00;40.85;car;;2;8.00
3362.00;45494495_0;58.90;11.37;3164.00;10.54;-230845886_0;5.10;0.00;tripinfo_in_ba_to_os.37;198.00;in_ba_to_os.37;0;1647.96;1.05;0.00;55.90;car;;1;5.00
3363.00;230845886_0;633.12;9.59;3104.00;0.33;-23142338#2_0;5.10;0.00;tripinfo_in_ns_to_ba.4;259.00;in_ns_to_ba.4;0;2340.42;0.95;0.00;37.97;car;;2;12.00
3364.00;28716808#1_0;754.74;9.39;3097.00;0.61;-23142338#2_0;5.10;0.00;tripinfo_in_ns_to_kl.7;267.00;in_ns_to_kl.7;0;2315.58;0.92;0.00;39.93;car;;2;12.00
3365.00;41899283#1_0;148.70;11.42;3220.00;0.68;-230845886_0;5.10;0.00;tripinfo_in_ba_to_as.39;145.00;in_ba_to_as.39;0;1430.78;1.13;0.00;29.66;car;;0;0.00
3367.00;230845886_0;633.12;12.02;3231.00;4.56;23687583_0;5.10;0.00;tripinfo_in_as_to_ba.26;136.00;in_as_to_ba.26;0;1356.50;1.11;0.00;25.80;car;;1;8.00
3369.00;23142338#2_0;290.21;9.53;3110.00;1.57;-230845886_0;5.10;0.00;tripinfo_in_ba_to_ns.16;259.00;in_ba_to_ns.16;0;2346.36;0.96;0.00;38.09;car;;2;9.00
3369.00;28716808#1_0;754.74;10.71;3142.00;0.25;-45494495_0;5.10;0.00;tripinfo_in_os_to_kl.7;227.00;in_os_to_kl.7;0;2042.78;0.98;0.00;38.10;car;;2;4.00
3377.00;28716808#1_0;754.74;10.58;3136.00;0.45;-23142338#2_0;5.10;0.00;tripinfo_in_ns_to_kl.8;241.00;in_ns_to_kl.8;0;2315.58;1.01;0.00;34.17;car;;1;5.00
3378.00;23156305_0;1264.14;8.98;3031.00;0.71;-45494495_0;5.10;0.00;tripinfo_in_os_to_gg.12;347.00;in_os_to_gg.12;0;3034.34;0.92;0.00;45.19;car;;2;12.00
3384.00;45494495_0;58.90;12.95;3195.00;0.78;-230845886_0;5.10;0.00;tripinfo_in_ba_to_os.38;189.00;in_ba_to_os.38;0;1647.96;1.20;0.00;64.60;car;;2;5.00
3389.00;41899283#1_0;148.70;12.12;3245.00;6.45;-230845886_0;5.10;0.00;tripinfo_in_ba_to_as.40;144.00;in_ba_to_as.40;0;1430.78;1.15;0.00;31.81;car;;0;0.00
3392.00;45494495_0;58.90;10.55;3204.00;2.27;-230845886_0;5.10;0.00;tripinfo_in_ba_to_os.39;188.00;in_ba_to_os.39;0;1647.96;0.99;0.00;36.68;car;;1;2.00
3393.00;28716808#1_0;754.74;11.55;3267.00;3.22;23687583_0;5.10;0.00;tripinfo_in_as_to_kl.9;126.00;in_as_to_kl.9;0;1207.92;1.06;0.00;22.03;car;;0;0.00
3395.00;23527526_0;253.75;10.09;3176.00;8.78;-230845886_0;5.10;0.00;tripinfo_in_ba_to_gj.36;219.00;in_ba_to_gj.36;0;1755.68;0.99;0.00;57.18;car;;3;9.00
3397.00;23527526_0;253.75;11.08;3189.00;0.63;-45494495_0;5.10;0.00;tripinfo_in_os_to_gj.3;208.00;in_os_to_gj.3;0;2071.37;1.02;0.00;24.74;car;;0;0.00
3399.00;28706217_0;94.10;5.38;3099.00;1.93;23687583_0;5.10;0.00;tripinfo_in_as_to_sl.42;300.00;in_as_to_sl.42;0;1976.75;0.71;0.00;40.89;car;;1;4.00
3401.00;28706217_0;94.10;7.90;3111.00;2.99;23687583_0;5.10;0.00;tripinfo_in_as_to_sl.43;290.00;in_as_to_sl.43;0;1976.75;1.03;0.00;112.81;car;;2;11.00
3401.00;23142338#2_0;290.21;10.78;3203.00;0.76;23687583_0;5.10;0.00;tripinfo_in_as_to_ns.31;198.00;in_as_to_ns.31;0;1995.73;1.07;0.00;28.42;car;;1;6.00
3402.00;45494495_0;58.90;11.16;3223.00;2.41;-230845886_0;5.10;0.00;tripinfo_in_ba_to_os.40;179.00;in_ba_to_os.40;0;1647.96;1.01;0.00;30.54;car;;1;1.00
3404.00;28706217_0;94.10;7.95;3152.00;9.69;-230845886_0;5.10;0.00;tripinfo_in_ba_to_sl.25;252.00;in_ba_to_sl.25;0;1934.94;0.96;0.00;64.75;car;;3;7.00
3406.00;23156390_0;1121.44;12.24;3149.00;0.55;-45494495_0;5.10;0.00;tripinfo_in_os_to_br.8;257.00;in_os_to_br.8;0;2513.69;1.10;0.00;49.01;car;;1;2.00
3406.00;28706217_0;94.10;8.14;3160.00;3.39;23687583_0;5.10;0.00;tripinfo_in_as_to_sl.44;246.00;in_as_to_sl.44;0;1976.75;1.09;0.00;77.65;car;;1;5.00
3406.00;23527526_0;253.75;9.57;3324.00;0.68;23687583_0;5.10;0.00;tripinfo_in_as_to_gj.38;82.00;in_as_to_gj.38;0;649.06;0.96;0.00;20.29;car;;1;8.00
3411.00;28706217_0;94.10;7.04;3169.00;2.62;23687583_0;5.10;0.00;tripinfo_in_as_to_sl.45;242.00;in_as_to_sl.45;0;1976.75;0.88;0.00;33.03;car;;1;2.00
3413.00;23156030#6_0;109.07;10.89;3145.00;0.26;23687583_0;5.10;0.00;tripinfo_in_as_to_od.12;268.00;in_as_to_od.12;0;2357.31;1.08;0.00;70.18;car;;2;11.00
3416.00;23156030#6_0;109.07;11.83;3127.00;0.00;23687583_0;5.10;0.00;tripinfo_in_as_to_od.10;289.00;in_as_to_od.10;0;2357.31;1.07;0.00;89.41;car;;2;9.00
3417.00;230845886_0;633.12;8.02;3242.00;0.61;23687583_0;5.10;0.00;tripinfo_in_as_to_ba.27;175.00;in_as_to_ba.27;0;1356.50;0.84;0.00;28.98;car;;1;13.00
3418.00;41899283#1_0;148.70;10.46;3228.00;0.49;-45494495_0;5.10;0.00;tripinfo_in_os_to_as.13;190.00;in_os_to_as.13;0;1746.47;1.04;0.00;38.26;car;;2;14.00
3419.00;23527526_0;253.75;9.94;3230.00;0.27;-230845886_0;5.10;0.00;tripinfo_in_ba_to_gj.37;189.00;in_ba_to_gj.37;0;1755.68;0.96;0.00;23.72;car;;0;0.00
3420.00;23527526_0;253.75;12.11;3240.00;3.31;-230845886_0;5.10;0.00;tripinfo_in_ba_to_gj.38;180.00;in_ba_to_gj.38;0;1755.68;1.09;0.00;34.61;car;;0;0.00
3421.00;23142338#2_0;290.21;11.34;3213.00;0.59;23687583_0;5.10;0.00;tripinfo_in_as_to_ns.32;208.00;in_as_to_ns.32;0;1995.73;1.09;0.00;40.70;car;;2;12.00
3421.00;41899283#1_0;148.70;10.79;3258.00;3.54;-230845886_0;5.10;0.00;tripinfo_in_ba_to_as.41;163.00;in_ba_to_as.41;0;1430.78;1.04;0.00;38.22;car;;1;7.00
3425.00;23156030#6_0;109.07;9.74;3163.00;3.26;23687583_0;5.10;0.00;tripinfo_in_as_to_od.13;262.00;in_as_to_od.13;0;2357.31;0.99;0.00;47.55;car;;1;4.00
3427.00;28706217_0;94.10;6.19;3181.00;7.11;23687583_0;5.10;0.00;tripinfo_in_as_to_sl.46;246.00;in_as_to_sl.46;0;1976.75;0.86;0.00;32.80;car;;2;6.00
3429.00;23156030#6_0;109.07;9.85;3131.00;1.90;23687583_0;5.10;0.00;tripinfo_in_as_to_od.11;298.00;in_as_to_od.11;0;2357.31;0.89;0.00;59.65;car;;2;7.00
3429.00;28706217_0;94.10;7.39;3187.00;0.93;23687583_0;5.10;0.00;tripinfo_in_as_to_sl.47;242.00;in_as_to_sl.47;0;1976.75;1.03;0.00;64.41;car;;1;3.00
3429.00;23527526_0;253.75;11.44;3249.00;10.38;-230845886_0;5.10;0.00;tripinfo_in_ba_to_gj.39;180.00;in_ba_to_gj.39;0;1755.68;1.05;0.00;27.39;car;;0;0.00
3430.00;230845886_0;633.12;8.56;3260.00;0.12;23687583_0;5.10;0.00;tripinfo_in_as_to_ba.28;170.00;in_as_to_ba.28;0;1356.50;0.79;0.00;15.61;car;;0;0.00
3431.00;23156305_0;1264.14;10.23;3088.00;0.89;-23142338#2_0;5.10;0.00;tripinfo_in_ns_to_gg.12;343.00;in_ns_to_gg.12;0;3297.24;1.02;0.00;49.94;car;;2;10.00
3431.00;28706217_0;94.10;8.68;3182.00;8.26;-230845886_0;5.10;0.00;tripinfo_in_ba_to_sl.26;249.00;in_ba_to_sl.26;0;1934.94;1.08;0.00;82.66;car;;2;9.00
3433.00;45494495_0;58.90;8.81;3228.00;3.06;23687583_0;5.10;0.00;tripinfo_in_as_to_os.30;205.00;in_as_to_os.30;0;1689.77;0.85;0.00;25.13;car;;1;5.00
3433.00;41899283#1_0;148.70;8.29;3266.00;0.03;-230845886_0;5.10;0.00;tripinfo_in_ba_to_as.42;167.00;in_ba_to_as.42;0;1430.78;0.85;0.00;14.33;car;;0;0.00
3435.00;28706217_0;94.10;7.87;3191.00;0.27;-230845886_0;5.10;0.00;tripinfo_in_ba_to_sl.27;244.00;in_ba_to_sl.27;0;1934.94;1.01;0.00;65.46;car;;3;8.00
3435.00;41899283#1_0;148.70;12.18;3278.00;1.79;-45494495_0;5.10;0.00;tripinfo_in_os_to_as.14;157.00;in_os_to_as.14;0;1746.47;1.19;0.00;23.41;car;;0;0.00
3438.00;23527526_0;253.75;10.86;3339.00;2.03;23687583_0;5.10;0.00;tripinfo_in_as_to_gj.39;99.00;in_as_to_gj.39;0;649.06;1.03;0.00;41.12;car;;2;19.00
3439.00;28706217_0;94.10;6.73;3217.00;1.63;23687583_0;5.10;0.00;tripinfo_in_as_to_sl.48;222.00;in_as_to_sl.48;0;1976.75;0.94;0.00;27.36;car;;1;2.00
3440.00;23527526_0;253.75;12.82;3356.00;2.95;23687583_0;5.10;0.00;tripinfo_in_as_to_gj.40;84.00;in_as_to_gj.40;0;649.06;1.25;0.00;35.99;car;;1;15.00
3443.00;45494495_0;58.90;10.97;3275.00;6.48;-230845886_0;5.10;0.00;tripinfo_in_ba_to_os.41;168.00;in_ba_to_os.41;0;1647.96;1.05;0.00;25.65;car;;0;0.00
3445.00;23142338#2_0;290.21;10.56;3220.00;2.16;23687583_0;5.10;0.00;tripinfo_in_as_to_ns.33;225.00;in_as_to_ns.33;0;1995.73;1.00;0.00;42.91;car;;3;13.00
3448.00;23156390_0;1121.44;9.78;3264.00;3.80;23687583_0;5.10;0.00;tripinfo_in_as_to_br.11;184.00;in_as_to_br.11;0;1694.48;0.98;0.00;26.37;car;;0;0.00
3449.00;23156390_0;1121.44;13.57;3173.00;9.52;-230845886_0;5.10;0.00;tripinfo_in_ba_to_br.2;276.00;in_ba_to_br.2;0;2198.00;1.23;0.00;113.11;car;;4;16.00
3451.00;41899283#1_0;148.70;11.32;3284.00;5.06;-230845886_0;5.10;0.00;tripinfo_in_ba_to_as.43;167.00;in_ba_to_as.43;0;1430.78;1.02;0.00;39.62;car;;1;10.00
3455.00;23156030#6_0;109.07;11.08;3201.00;0.63;-230845886_0;5.10;0.00;tripinfo_in_ba_to_od.1;254.00;in_ba_to_od.1;0;2315.50;1.00;0.00;45.25;car;;1;2.00
3459.00;23142338#2_0;290.21;11.47;3225.00;0.88;23687583_0;5.10;0.00;tripinfo_in_as_to_ns.34;234.00;in_as_to_ns.34;0;1995.73;1.14;0.00;74.51;car;;4;23.00
3463.00;28706217_0;94.10;6.80;3226.00;3.12;-230845886_0;5.10;0.00;tripinfo_in_ba_to_sl.28;237.00;in_ba_to_sl.28;0;1934.94;0.84;0.00;22.20;car;;0;0.00
3465.00;28706217_0;94.10;8.17;3237.00;0.58;-230845886_0;5.10;0.00;tripinfo_in_ba_to_sl.29;228.00;in_ba_to_sl.29;0;1934.94;1.07;0.00;59.06;car;;0;0.00
3467.00;28706217_0;94.10;8.12;3255.00;6.21;-230845886_0;5.10;0.00;tripinfo_in_ba_to_sl.30;212.00;in_ba_to_sl.30;0;1934.94;1.07;0.00;44.51;car;;0;0.00
3472.00;45494495_0;58.90;10.27;3287.00;6.14;23687583_0;5.10;0.00;tripinfo_in_as_to_os.31;185.00;in_as_to_os.31;0;1689.77;0.98;0.00;29.02;car;;0;0.00
3473.00;41899283#1_0;148.70;10.11;3296.00;2.10;-45494495_0;5.10;0.00;tripinfo_in_os_to_as.15;177.00;in_os_to_as.15;0;1746.47;0.99;0.00;16.47;car;;0;0.00
3474.00;45494495_0;58.90;10.50;3295.00;0.13;23687583_0;5.10;0.00;tripinfo_in_as_to_os.32;179.00;in_as_to_os.32;0;1689.77;0.96;0.00;19.50;car;;0;0.00
3474.00;230845886_0;633.12;10.40;3327.00;3.08;23687583_0;5.10;0.00;tripinfo_in_as_to_ba.29;147.00;in_as_to_ba.29;0;1356.50;0.98;0.00;22.92;car;;1;7.00
3488.00;28706217_0;94.10;6.13;3420.00;0.08;-45494495_0;5.10;0.00;tripinfo_in_os_to_sl.13;68.00;in_os_to_sl.13;0;484.95;0.81;0.00;7.66;car;;0;0.00
3489.00;23142338#2_0;290.21;10.15;3242.00;5.08;-230845886_0;5.10;0.00;tripinfo_in_ba_to_ns.17;247.00;in_ba_to_ns.17;0;2346.36;1.02;0.00;38.20;car;;0;0.00
3490.00;28706217_0;94.10;8.61;3270.00;4.80;23687583_0;5.10;0.00;tripinfo_in_as_to_sl.49;220.00;in_as_to_sl.49;0;1976.75;1.11;0.00;55.04;car;;1;5.00
3493.00;23527526_0;253.75;6.76;3362.00;2.92;23687583_0;5.10;0.00;tripinfo_in_as_to_gj.41;131.00;in_as_to_gj.41;0;649.06;0.71;0.00;47.53;car;;2;29.00
3496.00;41899283#1_0;148.70;10.16;3332.00;0.71;-230845886_0;5.10;0.00;tripinfo_in_ba_to_as.44;164.00;in_ba_to_as.44;0;1430.78;0.92;0.00;22.85;car;;0;0.00
3496.00;28716808#1_0;754.74;10.74;3353.00;0.22;23687583_0;5.10;0.00;tripinfo_in_as_to_kl.10;143.00;in_as_to_kl.10;0;1207.92;1.01;0.00;33.88;car;;1;15.00
3497.00;23527526_0;253.75;11.28;3305.00;0.66;-230845886_0;5.10;0.00;tripinfo_in_ba_to_gj.40;192.00;in_ba_to_gj.40;0;1755.68;1.05;0.00;39.43;car;;1;10.00
3499.00;23156030#6_0;109.07;9.16;3233.00;2.37;-230845886_0;5.10;0.00;tripinfo_in_ba_to_od.2;266.00;in_ba_to_od.2;0;2315.50;0.85;0.00;21.30;car;;0;0.00
3501.00;41899283#1_0;148.70;10.18;3249.00;0.64;-23142338#2_0;5.10;0.00;tripinfo_in_ns_to_as.17;252.00;in_ns_to_as.17;0;2009.37;0.98;0.00;64.08;car;;4;24.00
3507.00;45494495_0;58.90;9.61;3321.00;0.31;23687583_0;5.10;0.00;tripinfo_in_as_to_os.33;186.00;in_as_to_os.33;0;1689.77;0.93;0.00;21.70;car;;1;2.00
3508.00;23156305_0;1264.14;6.35;2982.00;3.33;-23142338#2_0;5.10;0.00;tripinfo_in_ns_to_gg.11;526.00;in_ns_to_gg.11;0;3297.24;0.66;0.00;69.56;car;;2;10.00
3509.00;28706217_0;94.10;6.67;3283.00;4.70;23687583_0;5.10;0.00;tripinfo_in_as_to_sl.50;226.00;in_as_to_sl.50;0;1976.75;0.92;0.00;26.89;car;;1;1.00
3510.00;23156305_0;1264.14;9.41;3137.00;5.23;-230845886_0;5.10;0.00;tripinfo_in_ba_to_gg.13;373.00;in_ba_to_gg.13;0;2718.65;0.99;0.00;122.69;car;;3;10.00
3510.00;23142338#2_0;290.21;8.51;3237.00;0.81;23687583_0;5.10;0.00;tripinfo_in_as_to_ns.35;273.00;in_as_to_ns.35;0;1995.73;0.85;0.00;57.68;car;;3;26.00
3511.00;23142338#2_0;290.21;10.65;3262.00;0.65;-230845886_0;5.10;0.00;tripinfo_in_ba_to_ns.18;249.00;in_ba_to_ns.18;0;2346.36;1.01;0.00;38.03;car;;1;1.00
3512.00;23156305_0;1264.14;12.13;3112.00;0.82;-23142338#2_0;5.10;0.00;tripinfo_in_ns_to_gg.13;400.00;in_ns_to_gg.13;0;3297.24;1.13;0.00;133.25;car;;3;10.00
3512.00;23527526_0;253.75;8.94;3389.00;1.53;23687583_0;5.10;0.00;tripinfo_in_as_to_gj.42;123.00;in_as_to_gj.42;0;649.06;0.92;0.00;58.62;car;;2;39.00
3514.00;23156305_0;1264.14;9.93;3152.00;2.36;-45494495_0;5.10;0.00;tripinfo_in_os_to_gg.13;362.00;in_os_to_gg.13;0;3034.34;0.96;0.00;74.77;car;;3;19.00
3519.00;41899283#1_0;148.70;8.97;3338.00;3.80;-230845886_0;5.10;0.00;tripinfo_in_ba_to_as.45;181.00;in_ba_to_as.45;0;1430.78;0.86;0.00;29.00;car;;1;6.00
3520.00;23527526_0;253.75;8.33;3393.00;0.94;23687583_0;5.10;0.00;tripinfo_in_as_to_gj.43;127.00;in_as_to_gj.43;0;649.06;0.83;0.00;55.69;car;;2;36.00
3522.00;23527526_0;253.75;9.89;3413.00;0.15;23687583_0;5.10;0.00;tripinfo_in_as_to_gj.44;109.00;in_as_to_gj.44;0;649.06;0.99;0.00;48.91;car;;2;21.00
3523.00;23527526_0;253.75;10.78;3418.00;0.16;23687583_0;5.10;0.00;tripinfo_in_as_to_gj.45;105.00;in_as_to_gj.45;0;649.06;0.98;0.00;44.79;car;;1;18.00
3532.00;23142338#2_0;290.21;10.42;3326.00;0.34;-45494495_0;5.10;0.00;tripinfo_in_os_to_ns.5;206.00;in_os_to_ns.5;0;1665.91;1.04;0.00;50.20;car;;2;10.00
3533.00;45494495_0;58.90;11.28;3370.00;0.33;-230845886_0;5.10;0.00;tripinfo_in_ba_to_os.42;163.00;in_ba_to_os.42;0;1647.96;1.07;0.00;23.01;car;;0;0.00
3534.00;28706217_0;94.10;7.00;3281.00;2.14;-230845886_0;5.10;0.00;tripinfo_in_ba_to_sl.31;253.00;in_ba_to_sl.31;0;1934.94;0.85;0.00;40.60;car;;2;11.00
3536.00;28706217_0;94.10;8.30;3307.00;0.58;23687583_0;5.10;0.00;tripinfo_in_as_to_sl.51;229.00;in_as_to_sl.51;0;1976.75;1.01;0.00;47.60;car;;0;0.00
3539.00;28716808#1_0;754.74;9.88;3365.00;5.49;23687583_0;5.10;0.00;tripinfo_in_as_to_kl.11;174.00;in_as_to_kl.11;0;1207.92;0.97;0.00;61.65;car;;3;32.00
3543.00;41899283#1_0;148.70;10.24;3304.00;0.37;-23142338#2_0;5.10;0.00;tripinfo_in_ns_to_as.18;239.00;in_ns_to_as.18;0;2009.37;0.98;0.00;52.71;car;;3;13.00
3543.00;23527526_0;253.75;10.40;3442.00;2.42;23687583_0;5.10;0.00;tripinfo_in_as_to_gj.46;101.00;in_as_to_gj.46;0;649.06;0.99;0.00;40.85;car;;2;19.00
3545.00;23527526_0;253.75;10.92;3358.00;0.24;-230845886_0;5.10;0.00;tripinfo_in_ba_to_gj.41;187.00;in_ba_to_gj.41;0;1755.68;1.03;0.00;32.60;car;;1;3.00
3546.00;41899283#1_0;148.70;10.74;3400.00;0.48;-230845886_0;5.10;0.00;tripinfo_in_ba_to_as.46;146.00;in_ba_to_as.46;0;1430.78;0.98;0.00;14.62;car;;0;0.00
3547.00;23527526_0;253.75;11.27;3333.00;0.14;-45494495_0;5.10;0.00;tripinfo_in_os_to_gj.4;214.00;in_os_to_gj.4;0;2071.37;1.11;0.00;44.63;car;;2;4.00
3550.00;28706217_0;94.10;7.18;3322.00;3.19;-230845886_0;5.10;0.00;tripinfo_in_ba_to_sl.32;228.00;in_ba_to_sl.32;0;1934.94;0.95;0.00;38.37;car;;1;6.00
3556.00;23142338#2_0;290.21;8.67;3273.00;7.49;23687583_0;5.10;0.00;tripinfo_in_as_to_ns.36;283.00;in_as_to_ns.36;0;1995.73;0.83;0.00;63.99;car;;3;31.00
3557.00;28706217_0;94.10;7.59;3315.00;0.53;23687583_0;5.10;0.00;tripinfo_in_as_to_sl.52;242.00;in_as_to_sl.52;0;1976.75;0.92;0.00;43.43;car;;2;10.00
3559.00;23156030#6_0;109.07;10.54;3297.00;9.60;-230845886_0;5.10;0.00;tripinfo_in_ba_to_od.3;262.00;in_ba_to_od.3;0;2315.50;0.95;0.00;42.57;car;;1;11.00
3559.00;23527526_0;253.75;10.72;3378.00;0.42;-230845886_0;5.10;0.00;tripinfo_in_ba_to_gj.42;181.00;in_ba_to_gj.42;0;1755.68;1.00;0.00;22.76;car;;1;4.00
3562.00;28706217_0;94.10;6.44;3325.00;4.26;-230845886_0;5.10;0.00;tripinfo_in_ba_to_sl.33;237.00;in_ba_to_sl.33;0;1934.94;0.90;0.00;36.39;car;;2;5.00
3563.00;23527526_0;253.75;11.95;3476.00;0.95;23687583_0;5.10;0.00;tripinfo_in_as_to_gj.47;87.00;in_as_to_gj.47;0;649.06;1.08;0.00;31.71;car;;2;5.00
3572.00;23156305_0;1264.14;9.83;3278.00;8.66;-230845886_0;5.10;0.00;tripinfo_in_ba_to_gg.14;294.00;in_ba_to_gg.14;0;2718.65;0.94;0.00;30.75;car;;0;0.00
3575.00;23156030#6_0;109.07;10.95;3483.00;2.80;-45494495_0;5.10;0.00;tripinfo_in_os_to_od.13;92.00;in_os_to_od.13;0;865.51;1.06;0.00;17.53;car;;1;1.00
3576.00;23527526_0;253.75;11.86;3488.00;7.31;23687583_0;5.10;0.00;tripinfo_in_as_to_gj.48;88.00;in_as_to_gj.48;0;649.06;1.11;0.00;34.56;car;;1;7.00
3584.00;230845886_0;633.12;10.80;3404.00;3.14;23687583_0;5.10;0.00;tripinfo_in_as_to_ba.30;180.00;in_as_to_ba.30;0;1356.50;1.03;0.00;60.50;car;;3;29.00
3584.00;23156030#6_0;109.07;10.12;3494.00;0.28;-45494495_0;5.10;0.00;tripinfo_in_os_to_od.14;90.00;in_os_to_od.14;0;865.51;0.96;0.00;8.21;car;;0;0.00
3589.00;28706217_0;94.10;6.67;3350.00;0.18;23687583_0;5.10;0.00;tripinfo_in_as_to_sl.53;239.00;in_as_to_sl.53;0;1976.75;0.95;0.00;45.66;car;;2;18.00
3591.00;28706217_0;94.10;8.10;3359.00;0.35;23687583_0;5.10;0.00;tripinfo_in_as_to_sl.54;232.00;in_as_to_sl.54;0;1976.75;1.03;0.00;54.21;car;;2;16.00
3592.00;28716808#1_0;754.74;9.35;3323.00;3.85;-23142338#2_0;5.10;0.00;tripinfo_in_ns_to_kl.9;269.00;in_ns_to_kl.9;0;2315.58;0.95;0.00;49.81;car;;2;13.00
3593.00;41899283#1_0;148.70;8.68;3433.00;0.07;-230845886_0;5.10;0.00;tripinfo_in_ba_to_as.47;160.00;in_ba_to_as.47;0;1430.78;0.89;0.00;14.44;car;;0;0.00
3594.00;28706217_0;94.10;8.37;3386.00;0.18;-230845886_0;5.10;0.00;tripinfo_in_ba_to_sl.34;208.00;in_ba_to_sl.34;0;1934.94;1.04;0.00;35.98;car;;1;2.00
3600.00;23156305_0;1264.14;10.30;3291.00;5.53;-230845886_0;5.10;0.00;tripinfo_in_ba_to_gg.15;309.00;in_ba_to_gg.15;0;2718.65;0.95;0.00;48.30;car;;1;11.00
3602.00;23156305_0;1264.14;10.45;3300.00;8.23;-230845886_0;5.10;0.00;tripinfo_in_ba_to_gg.16;302.00;in_ba_to_gg.16;0;2718.65;1.01;0.00;58.03;car;;1;11.00
3606.00;23527526_0;253.75;8.75;3522.00;4.51;23687583_0;5.10;0.00;tripinfo_in_as_to_gj.49;84.00;in_as_to_gj.49;0;649.06;0.90;0.00;17.95;car;;0;0.00
3611.00;28716808#1_0;754.74;11.20;3479.00;2.03;23687583_0;5.10;0.00;tripinfo_in_as_to_kl.12;132.00;in_as_to_kl.12;0;1207.92;1.11;0.00;33.30;car;;1;4.00
3626.00;28716808#1_0;754.74;10.38;3407.00;0.86;-45494495_0;5.10;0.00;tripinfo_in_os_to_kl.8;219.00;in_os_to_kl.8;0;2042.78;0.96;0.00;26.26;car;;1;1.00
3627.00;230845886_0;633.12;9.43;3456.00;0.10;23687583_0;5.10;0.00;tripinfo_in_as_to_ba.31;171.00;in_as_to_ba.31;0;1356.50;0.88;0.00;31.90;car;;1;10.00
3628.00;23156030#6_0;109.07;8.54;3333.00;0.27;23687583_0;5.10;0.00;tripinfo_in_as_to_od.14;295.00;in_as_to_od.14;0;2357.31;0.86;0.00;46.69;car;;2;15.00
3630.00;28716808#1_0;754.74;10.89;3394.00;0.26;-23142338#2_0;5.10;0.00;tripinfo_in_ns_to_kl.10;236.00;in_ns_to_kl.10;0;2315.58;1.04;0.00;33.82;car;;1;7.00
3632.00;23142338#2_0;290.21;11.06;3376.00;0.23;23687583_0;5.10;0.00;tripinfo_in_as_to_ns.37;256.00;in_as_to_ns.37;0;1995.73;1.08;0.00;87.14;car;;5;35.00
3639.00;28706217_0;94.10;6.86;3426.00;0.26;-230845886_0;5.10;0.00;tripinfo_in_ba_to_sl.35;213.00;in_ba_to_sl.35;0;1934.94;0.94;0.00;21.72;car;;1;1.00
3639.00;45494495_0;58.90;9.67;3457.00;0.61;-230845886_0;5.10;0.00;tripinfo_in_ba_to_os.43;182.00;in_ba_to_os.43;0;1647.96;0.89;0.00;14.99;car;;0;0.00
3639.00;23156030#6_0;109.07;12.59;3564.00;0.04;-45494495_0;5.10;0.00;tripinfo_in_os_to_od.15;75.00;in_os_to_od.15;0;865.51;1.15;0.00;7.28;car;;0;0.00
3641.00;41899283#1_0;148.70;10.56;3495.00;3.54;-230845886_0;5.10;0.00;tripinfo_in_ba_to_as.48;146.00;in_ba_to_as.48;0;1430.78;1.02;0.00;18.73;car;;0;0.00
3642.00;28706217_0;94.10;7.33;3585.00;0.65;-45494495_0;5.10;0.00;tripinfo_in_os_to_sl.14;57.00;in_os_to_sl.14;0;484.95;1.00;0.00;7.23;car;;0;0.00
3654.00;41899283#1_0;148.70;8.71;3398.00;0.70;-23142338#2_0;5.10;0.00;tripinfo_in_ns_to_as.19;256.00;in_ns_to_as.19;0;2009.37;0.84;0.00;38.21;car;;2;8.00
3655.00;41899283#1_0;148.70;10.29;3436.00;0.27;-23142338#2_0;5.10;0.00;tripinfo_in_ns_to_as.20;219.00;in_ns_to_as.20;0;2009.37;0.96;0.00;28.76;car;;1;2.00
3657.00;41899283#1_0;148.70;13.33;3510.00;4.31;-230845886_0;5.10;0.00;tripinfo_in_ba_to_as.49;147.00;in_ba_to_as.49;0;1430.78;1.24;0.00;43.10;car;;2;2.00
3661.00;28706217_0;94.10;8.87;3448.00;5.88;-230845886_0;5.10;0.00;tripinfo_in_ba_to_sl.36;213.00;in_ba_to_sl.36;0;1934.94;1.11;0.00;50.61;car;;1;2.00
3661.00;41899283#1_0;148.70;11.12;3445.00;1.83;-23142338#2_0;5.10;0.00;tripinfo_in_ns_to_as.21;216.00;in_ns_to_as.21;0;2009.37;1.11;0.00;51.17;car;;1;9.00
3662.00;23156305_0;1264.14;9.35;3367.00;2.82;-230845886_0;5.10;0.00;tripinfo_in_ba_to_gg.17;295.00;in_ba_to_gg.17;0;2718.65;0.92;0.00;26.65;car;;0;0.00
3663.00;23156305_0;1264.14;12.00;3391.00;0.09;-230845886_0;5.10;0.00;tripinfo_in_ba_to_gg.18;272.00;in_ba_to_gg.18;0;2718.65;1.40;0.00;75.11;car;;0;0.00
3676.00;23527526_0;253.75;8.91;3475.00;0.08;-230845886_0;5.10;0.00;tripinfo_in_ba_to_gj.43;201.00;in_ba_to_gj.43;0;1755.68;0.91;0.00;25.36;car;;1;4.00
3676.00;45494495_0;58.90;10.85;3482.00;3.25;23687583_0;5.10;0.00;tripinfo_in_as_to_os.34;194.00;in_as_to_os.34;0;1689.77;1.08;0.00;52.81;car;;2;5.00
3678.00;23527526_0;253.75;9.71;3492.00;0.58;-230845886_0;5.10;0.00;tripinfo_in_ba_to_gj.44;186.00;in_ba_to_gj.44;0;1755.68;0.93;0.00;14.59;car;;0;0.00
3680.00;45494495_0;58.90;10.24;3501.00;0.47;-230845886_0;5.10;0.00;tripinfo_in_ba_to_os.44;179.00;in_ba_to_os.44;0;1647.96;1.00;0.00;30.05;car;;1;2.00
3682.00;41899283#1_0;148.70;9.58;3513.00;4.50;-230845886_0;5.10;0.00;tripinfo_in_ba_to_as.50;169.00;in_ba_to_as.50;0;1430.78;0.87;0.00;19.74;car;;1;2.00
3685.00;23156305_0;1264.14;8.80;3297.00;3.95;-23142338#2_0;5.10;0.00;tripinfo_in_ns_to_gg.14;388.00;in_ns_to_gg.14;0;3297.24;0.89;0.00;50.00;car;;2;8.00
3686.00;28706217_0;94.10;6.64;3621.00;0.83;-45494495_0;5.10;0.00;tripinfo_in_os_to_sl.15;65.00;in_os_to_sl.15;0;484.95;0.90;0.00;10.04;car;;0;0.00
3687.00;23156305_0;1264.14;11.13;3417.00;0.77;-230845886_0;5.10;0.00;tripinfo_in_ba_to_gg.19;270.00;in_ba_to_gg.19;0;2718.65;1.04;0.00;32.96;car;;0;0.00
3689.00;23527526_0;253.75;10.27;3507.00;2.26;-230845886_0;5.10;0.00;tripinfo_in_ba_to_gj.45;182.00;in_ba_to_gj.45;0;1755.68;1.03;0.00;28.02;car;;0;0.00
3689.00;23156305_0;1264.14;12.80;3519.00;5.94;23687583_0;5.10;0.00;tripinfo_in_as_to_gg.12;170.00;in_as_to_gg.12;0;1600.87;1.20;0.00;48.80;car;;0;0.00
3691.00;230845886_0;633.12;9.39;3525.00;5.57;23687583_0;5.10;0.00;tripinfo_in_as_to_ba.32;166.00;in_as_to_ba.32;0;1356.50;0.89;0.00;27.89;car;;1;4.00
3691.00;23156030#6_0;109.07;11.03;3607.00;0.12;-45494495_0;5.10;0.00;tripinfo_in_os_to_od.16;84.00;in_os_to_od.16;0;865.51;1.02;0.00;7.08;car;;0;0.00
3693.00;230845886_0;633.12;10.93;3540.00;0.68;23687583_0;5.10;0.00;tripinfo_in_as_to_ba.33;153.00;in_as_to_ba.33;0;1356.50;1.06;0.00;37.63;car;;2;9.00
3694.00;28716808#1_0;754.74;9.26;3554.00;0.42;23687583_0;5.10;0.00;tripinfo_in_as_to_kl.13;140.00;in_as_to_kl.13;0;1207.92;0.93;0.00;21.47;car;;1;5.00
3696.00;28716808#1_0;754.74;9.56;3476.00;0.24;-45494495_0;5.10;0.00;tripinfo_in_os_to_kl.9;220.00;in_os_to_kl.9;0;2042.78;0.96;0.00;27.04;car;;1;2.00
3704.00;23142338#2_0;290.21;12.69;3485.00;4.57;23687583_0;5.10;0.00;tripinfo_in_as_to_ns.38;219.00;in_as_to_ns.38;0;1995.73;1.17;0.00;63.79;car;;3;22.00
3707.00;28706217_0;94.10;6.29;3439.00;0.25;23687583_0;5.10;0.00;tripinfo_in_as_to_sl.55;268.00;in_as_to_sl.55;0;1976.75;0.87;0.00;56.53;car;;3;22.00
3709.00;28706217_0;94.10;9.38;3462.00;0.56;23687583_0;5.10;0.00;tripinfo_in_as_to_sl.56;247.00;in_as_to_sl.56;0;1976.75;1.14;0.00;86.53;car;;3;11.00
3714.00;230845886_0;633.12;10.41;3568.00;0.36;23687583_0;5.10;0.00;tripinfo_in_as_to_ba.34;146.00;in_as_to_ba.34;0;1356.50;1.02;0.00;25.98;car;;1;9.00
3716.00;23156305_0;1264.14;10.33;3436.00;0.14;-230845886_0;5.10;0.00;tripinfo_in_ba_to_gg.20;280.00;in_ba_to_gg.20;0;2718.65;1.01;0.00;34.16;car;;0;0.00
3720.00;23527526_0;253.75;10.69;3538.00;0.38;-230845886_0;5.10;0.00;tripinfo_in_ba_to_gj.46;182.00;in_ba_to_gj.46;0;1755.68;0.99;0.00;20.94;car;;0;0.00
3721.00;45494495_0;58.90;9.66;3505.00;0.76;23687583_0;5.10;0.00;tripinfo_in_as_to_os.35;216.00;in_as_to_os.35;0;1689.77;0.90;0.00;47.61;car;;2;12.00
3722.00;23527526_0;253.75;11.15;3505.00;3.84;-45494495_0;5.10;0.00;tripinfo_in_os_to_gj.5;217.00;in_os_to_gj.5;0;2071.37;1.04;0.00;36.49;car;;1;1.00
3723.00;45494495_0;58.90;11.08;3528.00;1.24;23687583_0;5.10;0.00;tripinfo_in_as_to_os.36;195.00;in_as_to_os.36;0;1689.77;1.02;0.00;45.33;car;;1;2.00
3724.00;23527526_0;253.75;11.96;3620.00;0.00;23687583_0;5.10;0.00;tripinfo_in_as_to_gj.50;104.00;in_as_to_gj.50;0;649.06;1.08;0.00;49.10;car;;2;31.00
3727.00;28706217_0;94.10;6.79;3467.00;0.57;23687583_0;5.10;0.00;tripinfo_in_as_to_sl.57;260.00;in_as_to_sl.57;0;1976.75;0.88;0.00;51.55;car;;3;15.00
3729.00;28706217_0;94.10;7.70;3491.00;6.82;23687583_0;5.10;0.00;tripinfo_in_as_to_sl.58;238.00;in_as_to_sl.58;0;1976.75;0.97;0.00;49.34;car;;2;6.00
3730.00;23527526_0;253.75;11.29;3560.00;3.52;-230845886_0;5.10;0.00;tripinfo_in_ba_to_gj.47;170.00;in_ba_to_gj.47;0;1755.68;1.08;0.00;22.40;car;;0;0.00
3732.00;28706217_0;94.10;8.10;3511.00;3.96;23687583_0;5.10;0.00;tripinfo_in_as_to_sl.59;221.00;in_as_to_sl.59;0;1976.75;0.98;0.00;33.56;car;;1;1.00
3732.00;45494495_0;58.90;10.76;3551.00;0.70;-230845886_0;5.10;0.00;tripinfo_in_ba_to_os.45;181.00;in_ba_to_os.45;0;1647.96;1.00;0.00;31.45;car;;0;0.00
3734.00;41899283#1_0;148.70;10.28;3500.00;7.18;-23142338#2_0;5.10;0.00;tripinfo_in_ns_to_as.22;234.00;in_ns_to_as.22;0;2009.37;0.96;0.00;43.28;car;;2;9.00
3739.00;23142338#2_0;290.21;10.72;3502.00;2.89;-45494495_0;5.10;0.00;tripinfo_in_os_to_ns.6;237.00;in_os_to_ns.6;0;1665.91;0.99;0.00;73.52;car;;1;47.00
3747.00;23156305_0;1264.14;10.02;3451.00;6.26;-230845886_0;5.10;0.00;tripinfo_in_ba_to_gg.21;296.00;in_ba_to_gg.21;0;2718.65;0.98;0.00;43.53;car;;1;8.00
3749.00;23142338#2_0;290.21;8.40;3445.00;3.03;-230845886_0;5.10;0.00;tripinfo_in_ba_to_ns.19;304.00;in_ba_to_ns.19;0;2346.36;0.87;0.00;59.48;car;;2;29.00
3751.00;23142338#2_0;290.21;10.79;3463.00;0.90;-230845886_0;5.10;0.00;tripinfo_in_ba_to_ns.20;288.00;in_ba_to_ns.20;0;2346.36;1.02;0.00;79.30;car;;2;27.00
3755.00;23527526_0;253.75;10.22;3564.00;0.62;-230845886_0;5.10;0.00;tripinfo_in_ba_to_gj.48;191.00;in_ba_to_gj.48;0;1755.68;0.97;0.00;26.79;car;;1;7.00
3761.00;41899283#1_0;148.70;7.62;3584.00;1.70;-230845886_0;5.10;0.00;tripinfo_in_ba_to_as.51;177.00;in_ba_to_as.51;0;1430.78;0.80;0.00;15.01;car;;0;0.00
3763.00;230845886_0;633.12;9.82;3491.00;0.07;-23142338#2_0;5.10;0.00;tripinfo_in_ns_to_ba.5;272.00;in_ns_to_ba.5;0;2340.42;0.97;0.00;56.11;car;;2;27.00
3763.00;28716808#1_0;754.74;10.13;3497.00;5.28;-23142338#2_0;5.10;0.00;tripinfo_in_ns_to_kl.11;266.00;in_ns_to_kl.11;0;2315.58;0.94;0.00;42.98;car;;2;11.00
3763.00;41899283#1_0;148.70;9.00;3593.00;2.46;-230845886_0;5.10;0.00;tripinfo_in_ba_to_as.52;170.00;in_ba_to_as.52;0;1430.78;0.90;0.00;24.90;car;;0;0.00
3763.00;23527526_0;253.75;9.62;3647.00;4.57;23687583_0;5.10;0.00;tripinfo_in_as_to_gj.51;116.00;in_as_to_gj.51;0;649.06;0.91;0.00;51.06;car;;3;17.00
3765.00;23142338#2_0;290.21;7.98;3501.00;3.12;23687583_0;5.10;0.00;tripinfo_in_as_to_ns.39;264.00;in_as_to_ns.39;0;1995.73;0.81;0.00;41.20;car;;1;2.00
3765.00;28706217_0;94.10;7.09;3514.00;1.16;23687583_0;5.10;0.00;tripinfo_in_as_to_sl.60;251.00;in_as_to_sl.60;0;1976.75;0.93;0.00;53.56;car;;3;12.00
3767.00;23142338#2_0;290.21;9.76;3531.00;1.68;23687583_0;5.10;0.00;tripinfo_in_as_to_ns.40;236.00;in_as_to_ns.40;0;1995.73;0.95;0.00;45.51;car;;1;6.00
3768.00;41899283#1_0;148.70;9.93;3556.00;2.74;-23142338#2_0;5.10;0.00;tripinfo_in_ns_to_as.23;212.00;in_ns_to_as.23;0;2009.37;1.00;0.00;29.22;car;;0;0.00
3770.00;23527526_0;253.75;10.03;3650.00;6.97;23687583_0;5.10;0.00;tripinfo_in_as_to_gj.52;120.00;in_as_to_gj.52;0;649.06;1.01;0.00;61.65;car;;3;21.00
3772.00;230845886_0;633.12;10.52;3599.00;0.17;-45494495_0;5.10;0.00;tripinfo_in_os_to_ba.20;173.00;in_os_to_ba.20;0;1746.52;1.03;0.00;19.44;car;;1;2.00
3778.00;28716808#1_0;754.74;9.69;3608.00;0.50;23687583_0;5.10;0.00;tripinfo_in_as_to_kl.14;170.00;in_as_to_kl.14;0;1207.92;0.88;0.00;44.72;car;;2;28.00
3778.00;45494495_0;58.90;11.74;3611.00;0.61;-230845886_0;5.10;0.00;tripinfo_in_ba_to_os.46;167.00;in_ba_to_os.46;0;1647.96;1.09;0.00;30.97;car;;0;0.00
3780.00;23527526_0;253.75;11.31;3673.00;0.66;23687583_0;5.10;0.00;tripinfo_in_as_to_gj.53;107.00;in_as_to_gj.53;0;649.06;1.03;0.00;49.20;car;;3;12.00
3784.00;28706217_0;94.10;7.05;3547.00;0.55;23687583_0;5.10;0.00;tripinfo_in_as_to_sl.61;237.00;in_as_to_sl.61;0;1976.75;0.90;0.00;33.59;car;;1;7.00
3786.00;28706217_0;94.10;8.26;3588.00;0.65;23687583_0;5.10;0.00;tripinfo_in_as_to_sl.62;198.00;in_as_to_sl.62;0;1976.75;1.10;0.00;31.62;car;;0;0.00
3786.00;41899283#1_0;148.70;10.63;3630.00;6.17;-230845886_0;5.10;0.00;tripinfo_in_ba_to_as.53;156.00;in_ba_to_as.53;0;1430.78;0.97;0.00;22.81;car;;0;0.00
3788.00;23156305_0;1264.14;10.22;3466.00;0.24;-45494495_0;5.10;0.00;tripinfo_in_os_to_gg.14;322.00;in_os_to_gg.14;0;3034.34;0.96;0.00;36.20;car;;2;2.00
3788.00;23142338#2_0;290.21;10.16;3585.00;0.24;23687583_0;5.10;0.00;tripinfo_in_as_to_ns.41;203.00;in_as_to_ns.41;0;1995.73;1.00;0.00;22.07;car;;0;0.00
3790.00;41899283#1_0;148.70;10.77;3618.00;1.36;-45494495_0;5.10;0.00;tripinfo_in_os_to_as.16;172.00;in_os_to_as.16;0;1746.47;1.01;0.00;15.01;car;;0;0.00
3798.00;23527526_0;253.75;8.44;3590.00;5.83;-230845886_0;5.10;0.00;tripinfo_in_ba_to_gj.49;208.00;in_ba_to_gj.49;0;1755.68;0.86;0.00;21.79;car;;0;0.00
3800.00;23527526_0;253.75;10.05;3596.00;3.09;-230845886_0;5.10;0.00;tripinfo_in_ba_to_gj.50;204.00;in_ba_to_gj.50;0;1755.68;0.91;0.00;28.55;car;;0;0.00
3801.00;23527526_0;253.75;12.13;3599.00;6.07;-230845886_0;5.10;0.00;tripinfo_in_ba_to_gj.51;202.00;in_ba_to_gj.51;0;1755.68;1.11;0.00;59.11;car;;1;9.00
3803.00;23527526_0;253.75;10.70;3682.00;1.76;23687583_0;5.10;0.00;tripinfo_in_as_to_gj.54;121.00;in_as_to_gj.54;0;649.06;1.06;0.00;65.18;car;;3;17.00
3807.00;28706217_0;94.10;7.53;3747.00;0.29;-45494495_0;5.10;0.00;tripinfo_in_os_to_sl.16;60.00;in_os_to_sl.16;0;484.95;1.05;0.00;13.20;car;;1;1.00
3808.00;23156030#6_0;109.07;8.60;3547.00;0.40;-230845886_0;5.10;0.00;tripinfo_in_ba_to_od.4;261.00;in_ba_to_od.4;0;2315.50;0.87;0.00;20.94;car;;0;0.00
3810.00;23527526_0;253.75;10.47;3685.00;2.23;23687583_0;5.10;0.00;tripinfo_in_as_to_gj.55;125.00;in_as_to_gj.55;0;649.06;0.95;0.00;62.22;car;;2;13.00
3812.00;23156390_0;1121.44;9.94;3538.00;0.19;-45494495_0;5.10;0.00;tripinfo_in_os_to_br.9;274.00;in_os_to_br.9;0;2513.69;0.92;0.00;24.86;car;;0;0.00
3812.00;45494495_0;58.90;11.84;3635.00;1.01;-230845886_0;5.10;0.00;tripinfo_in_ba_to_os.48;177.00;in_ba_to_os.48;0;1647.96;1.08;0.00;38.74;car;;1;1.00
3813.00;28716808#1_0;754.74;9.25;3638.00;2.90;23687583_0;5.10;0.00;tripinfo_in_as_to_kl.15;175.00;in_as_to_kl.15;0;1207.92;0.85;0.00;46.82;car;;3;17.00
3814.00;41899283#1_0;148.70;11.50;3666.00;13.72;-230845886_0;5.10;0.00;tripinfo_in_ba_to_as.54;148.00;in_ba_to_as.54;0;1430.78;1.04;0.00;23.40;car;;0;0.00
3815.00;28716808#1_0;754.74;12.35;3610.00;0.73;-45494495_0;5.10;0.00;tripinfo_in_os_to_kl.10;205.00;in_os_to_kl.10;0;2042.78;1.16;0.00;44.89;car;;2;6.00
3815.00;45494495_0;58.90;9.89;3632.00;7.64;-230845886_0;5.10;0.00;tripinfo_in_ba_to_os.47;183.00;in_ba_to_os.47;0;1647.96;0.92;0.00;20.44;car;;0;0.00
3818.00;45494495_0;58.90;12.50;3660.00;17.12;-230845886_0;5.10;0.00;tripinfo_in_ba_to_os.49;158.00;in_ba_to_os.49;0;1647.96;1.14;0.00;27.68;car;;0;0.00
3823.00;23527526_0;253.75;10.26;3627.00;5.11;-230845886_0;5.10;0.00;tripinfo_in_ba_to_gj.52;196.00;in_ba_to_gj.52;0;1755.68;0.96;0.00;28.59;car;;0;0.00
3823.00;230845886_0;633.12;9.46;3631.00;0.06;23687583_0;5.10;0.00;tripinfo_in_as_to_ba.35;192.00;in_as_to_ba.35;0;1356.50;0.88;0.00;52.75;car;;3;28.00
3825.00;230845886_0;633.12;10.15;3624.00;1.32;-45494495_0;5.10;0.00;tripinfo_in_os_to_ba.21;201.00;in_os_to_ba.21;0;1746.52;0.93;0.00;31.12;car;;1;10.00
3827.00;23156390_0;1121.44;9.99;3625.00;0.79;23687583_0;5.10;0.00;tripinfo_in_as_to_br.12;202.00;in_as_to_br.12;0;1694.48;1.01;0.00;49.94;car;;2;27.00
3827.00;230845886_0;633.12;10.15;3627.00;2.61;-45494495_0;5.10;0.00;tripinfo_in_os_to_ba.22;200.00;in_os_to_ba.22;0;1746.52;0.97;0.00;37.05;car;;1;10.00
3827.00;23527526_0;253.75;13.84;3663.00;14.21;-230845886_0;5.10;0.00;tripinfo_in_ba_to_gj.53;164.00;in_ba_to_gj.53;0;1755.68;1.29;0.00;37.02;car;;0;0.00
3829.00;230845886_0;633.12;11.56;3631.00;0.35;-45494495_0;5.10;0.00;tripinfo_in_os_to_ba.23;198.00;in_os_to_ba.23;0;1746.52;1.13;0.00;57.24;car;;1;9.00
3832.00;28706217_0;94.10;8.35;3604.00;2.05;23687583_0;5.10;0.00;tripinfo_in_as_to_sl.63;228.00;in_as_to_sl.63;0;1976.75;1.04;0.00;51.39;car;;2;25.00
3832.00;41899283#1_0;148.70;10.98;3679.00;4.36;-230845886_0;5.10;0.00;tripinfo_in_ba_to_as.55;153.00;in_ba_to_as.55;0;1430.78;1.05;0.00;29.52;car;;0;0.00
3833.00;230845886_0;633.12;11.67;3666.00;0.58;23687583_0;5.10;0.00;tripinfo_in_as_to_ba.36;167.00;in_as_to_ba.36;0;1356.50;1.15;0.00;60.91;car;;3;15.00
3839.00;23156305_0;1264.14;9.87;3499.00;0.27;-45494495_0;5.10;0.00;tripinfo_in_os_to_gg.15;340.00;in_os_to_gg.15;0;3034.34;0.90;0.00;31.93;car;;1;1.00
3841.00;23156305_0;1264.14;10.07;3557.00;0.53;-230845886_0;5.10;0.00;tripinfo_in_ba_to_gg.22;284.00;in_ba_to_gg.22;0;2718.65;1.01;0.00;38.23;car;;0;0.00
3843.00;23156030#6_0;109.07;9.99;3602.00;5.11;-230845886_0;5.10;0.00;tripinfo_in_ba_to_od.5;241.00;in_ba_to_od.5;0;2315.50;0.99;0.00;30.14;car;;0;0.00
3844.00;230845886_0;633.12;11.97;3690.00;0.75;-45494495_0;5.10;0.00;tripinfo_in_os_to_ba.24;154.00;in_os_to_ba.24;0;1746.52;1.12;0.00;12.69;car;;0;0.00
3848.00;28716808#1_0;754.74;9.21;3645.00;8.85;-230845886_0;5.10;0.00;tripinfo_in_ba_to_kl.4;203.00;in_ba_to_kl.4;0;1727.09;0.90;0.00;28.51;car;;1;6.00
3850.00;45494495_0;58.90;11.58;3682.00;6.97;-230845886_0;5.10;0.00;tripinfo_in_ba_to_os.50;168.00;in_ba_to_os.50;0;1647.96;1.07;0.00;28.41;car;;0;0.00
3851.00;23527526_0;253.75;10.07;3704.00;0.04;23687583_0;5.10;0.00;tripinfo_in_as_to_gj.56;147.00;in_as_to_gj.56;0;649.06;0.98;0.00;86.44;car;;2;39.00
3853.00;28706217_0;94.10;7.98;3639.00;3.53;-230845886_0;5.10;0.00;tripinfo_in_ba_to_sl.37;214.00;in_ba_to_sl.37;0;1934.94;1.01;0.00;36.03;car;;0;0.00
3854.00;23156305_0;1264.14;9.75;3483.00;0.64;-23142338#2_0;5.10;0.00;tripinfo_in_ns_to_gg.15;371.00;in_ns_to_gg.15;0;3297.24;0.92;0.00;43.30;car;;1;4.00
3855.00;28706217_0;94.10;9.00;3615.00;2.85;23687583_0;5.10;0.00;tripinfo_in_as_to_sl.64;240.00;in_as_to_sl.64;0;1976.75;1.21;0.00;87.39;car;;2;24.00
3856.00;23156305_0;1264.14;11.03;3494.00;2.51;-23142338#2_0;5.10;0.00;tripinfo_in_ns_to_gg.16;362.00;in_ns_to_gg.16;0;3297.24;1.08;0.00;83.49;car;;1;9.00
3858.00;23156390_0;1121.44;11.35;3615.00;0.18;-45494495_0;5.10;0.00;tripinfo_in_os_to_br.10;243.00;in_os_to_br.10;0;2513.69;1.06;0.00;26.96;car;;1;2.00
3859.00;41899283#1_0;148.70;10.14;3642.00;0.38;-45494495_0;5.10;0.00;tripinfo_in_os_to_as.17;217.00;in_os_to_as.17;0;1746.47;1.03;0.00;62.44;car;;3;29.00
3861.00;41899283#1_0;148.70;11.77;3707.00;1.27;-230845886_0;5.10;0.00;tripinfo_in_ba_to_as.57;154.00;in_ba_to_as.57;0;1430.78;1.07;0.00;32.57;car;;0;0.00
3871.00;41899283#1_0;148.70;9.30;3704.00;0.49;-230845886_0;5.10;0.00;tripinfo_in_ba_to_as.56;167.00;in_ba_to_as.56;0;1430.78;0.85;0.00;13.80;car;;0;0.00
3872.00;23527526_0;253.75;9.49;3746.00;12.55;23687583_0;5.10;0.00;tripinfo_in_as_to_gj.57;126.00;in_as_to_gj.57;0;649.06;0.91;0.00;61.26;car;;2;30.00
3874.00;28716808#1_0;754.74;10.05;3685.00;4.51;-230845886_0;5.10;0.00;tripinfo_in_ba_to_kl.5;189.00;in_ba_to_kl.5;0;1727.09;0.94;0.00;21.70;car;;0;0.00
3875.00;23527526_0;253.75;10.89;3699.00;0.82;-230845886_0;5.10;0.00;tripinfo_in_ba_to_gj.54;176.00;in_ba_to_gj.54;0;1755.68;1.02;0.00;19.96;car;;0;0.00
3877.00;45494495_0;58.90;9.80;3655.00;6.08;23687583_0;5.10;0.00;tripinfo_in_as_to_os.37;222.00;in_as_to_os.37;0;1689.77;0.96;0.00;63.23;car;;3;19.00
3878.00;23156305_0;1264.14;9.61;3505.00;0.73;-23142338#2_0;5.10;0.00;tripinfo_in_ns_to_gg.17;373.00;in_ns_to_gg.17;0;3297.24;0.92;0.00;46.67;car;;1;3.00
3881.00;41899283#1_0;148.70;10.17;3714.00;1.45;-230845886_0;5.10;0.00;tripinfo_in_ba_to_as.58;167.00;in_ba_to_as.58;0;1430.78;0.99;0.00;35.67;car;;2;6.00
3884.00;23156305_0;1264.14;9.47;3587.00;4.24;-230845886_0;5.10;0.00;tripinfo_in_ba_to_gg.23;297.00;in_ba_to_gg.23;0;2718.65;0.95;0.00;37.22;car;;0;0.00
3885.00;23156305_0;1264.14;11.97;3606.00;7.21;-230845886_0;5.10;0.00;tripinfo_in_ba_to_gg.24;279.00;in_ba_to_gg.24;0;2718.65;1.18;0.00;69.40;car;;0;0.00
3886.00;23527526_0;253.75;9.67;3752.00;16.61;23687583_0;5.10;0.00;tripinfo_in_as_to_gj.58;134.00;in_as_to_gj.58;0;649.06;0.93;0.00;70.13;car;;3;35.00
3888.00;45494495_0;58.90;9.69;3662.00;0.86;23687583_0;5.10;0.00;tripinfo_in_as_to_os.38;226.00;in_as_to_os.38;0;1689.77;0.92;0.00;60.08;car;;3;18.00
3898.00;23527526_0;253.75;10.20;3711.00;0.20;-230845886_0;5.10;0.00;tripinfo_in_ba_to_gj.55;187.00;in_ba_to_gj.55;0;1755.68;1.00;0.00;27.28;car;;0;0.00
3899.00;23156390_0;1121.44;11.12;3676.00;4.31;-230845886_0;5.10;0.00;tripinfo_in_ba_to_br.3;223.00;in_ba_to_br.3;0;2198.00;1.06;0.00;34.52;car;;0;0.00
3900.00;45494495_0;58.90;11.48;3730.00;0.06;-230845886_0;5.10;0.00;tripinfo_in_ba_to_os.51;170.00;in_ba_to_os.51;0;1647.96;1.03;0.00;25.76;car;;1;1.00
3903.00;41899283#1_0;148.70;10.06;3728.00;0.93;-45494495_0;5.10;0.00;tripinfo_in_os_to_as.19;175.00;in_os_to_as.19;0;1746.47;1.01;0.00;18.00;car;;0;0.00
3904.00;23156305_0;1264.14;9.16;3532.00;2.00;-23142338#2_0;5.10;0.00;tripinfo_in_ns_to_gg.18;372.00;in_ns_to_gg.18;0;3297.24;0.93;0.00;47.91;car;;2;5.00
3905.00;45494495_0;58.90;9.73;3669.00;1.74;23687583_0;5.10;0.00;tripinfo_in_as_to_os.39;236.00;in_as_to_os.39;0;1689.77;0.89;0.00;63.43;car;;3;13.00
3906.00;23156305_0;1264.14;10.88;3693.00;0.98;23687583_0;5.10;0.00;tripinfo_in_as_to_gg.13;213.00;in_as_to_gg.13;0;1600.87;1.01;0.00;69.71;car;;1;11.00
3907.00;45494495_0;58.90;12.76;3698.00;0.78;23687583_0;5.10;0.00;tripinfo_in_as_to_os.40;209.00;in_as_to_os.40;0;1689.77;1.16;0.00;77.26;car;;1;10.00
3911.00;23156305_0;1264.14;11.03;3642.00;6.05;-230845886_0;5.10;0.00;tripinfo_in_ba_to_gg.25;269.00;in_ba_to_gg.25;0;2718.65;1.06;0.00;36.79;car;;0;0.00
3911.00;41899283#1_0;148.70;9.01;3713.00;0.36;-45494495_0;5.10;0.00;tripinfo_in_os_to_as.18;198.00;in_os_to_as.18;0;1746.47;0.88;0.00;18.66;car;;0;0.00
3913.00;23527526_0;253.75;10.96;3781.00;26.21;23687583_0;5.10;0.00;tripinfo_in_as_to_gj.59;132.00;in_as_to_gj.59;0;649.06;1.07;0.00;77.01;car;;4;34.00
3913.00;41899283#1_0;148.70;11.27;3772.00;0.52;-230845886_0;5.10;0.00;tripinfo_in_ba_to_as.59;141.00;in_ba_to_as.59;0;1430.78;1.09;0.00;22.93;car;;0;0.00
3916.00;230845886_0;633.12;11.83;3722.00;0.91;23687583_0;5.10;0.00;tripinfo_in_as_to_ba.37;194.00;in_as_to_ba.37;0;1356.50;1.10;0.00;82.47;car;;2;35.00
3921.00;23142338#2_0;290.21;9.70;3641.00;0.17;23687583_0;5.10;0.00;tripinfo_in_as_to_ns.42;280.00;in_as_to_ns.42;0;1995.73;0.90;0.00;77.54;car;;4;36.00
3927.00;23527526_0;253.75;10.04;3822.00;30.58;23687583_0;5.10;0.00;tripinfo_in_as_to_gj.60;105.00;in_as_to_gj.60;0;649.06;0.96;0.00;42.85;car;;1;8.00
3929.00;23156305_0;1264.14;10.58;3651.00;9.89;-230845886_0;5.10;0.00;tripinfo_in_ba_to_gg.26;278.00;in_ba_to_gg.26;0;2718.65;1.07;0.00;47.20;car;;1;6.00
3937.00;230845886_0;633.12;11.81;3743.00;10.78;23687583_0;5.10;0.00;tripinfo_in_as_to_ba.38;194.00;in_as_to_ba.38;0;1356.50;1.12;0.00;84.46;car;;3;36.00
3938.00;23142338#2_0;290.21;10.24;3679.00;4.21;23687583_0;5.10;0.00;tripinfo_in_as_to_ns.43;259.00;in_as_to_ns.43;0;1995.73;0.92;0.00;61.71;car;;2;6.00
3938.00;28716808#1_0;754.74;9.92;3734.00;4.72;23687583_0;5.10;0.00;tripinfo_in_as_to_kl.16;204.00;in_as_to_kl.16;0;1207.92;0.90;0.00;82.61;car;;3;37.00
3943.00;23527526_0;253.75;11.26;3766.00;6.14;-230845886_0;5.10;0.00;tripinfo_in_ba_to_gj.56;177.00;in_ba_to_gj.56;0;1755.68;1.05;0.00;25.66;car;;0;0.00
3944.00;45494495_0;58.90;9.73;3763.00;5.20;-230845886_0;5.10;0.00;tripinfo_in_ba_to_os.52;181.00;in_ba_to_os.52;0;1647.96;0.96;0.00;25.15;car;;0;0.00
3947.00;41899283#1_0;148.70;10.84;3804.00;0.88;-230845886_0;5.10;0.00;tripinfo_in_ba_to_as.60;143.00;in_ba_to_as.60;0;1430.78;1.02;0.00;15.53;car;;0;0.00
3952.00;28706217_0;94.10;7.66;3701.00;0.06;23687583_0;5.10;0.00;tripinfo_in_as_to_sl.65;251.00;in_as_to_sl.65;0;1976.75;0.99;0.00;65.39;car;;1;10.00
3953.00;23527526_0;253.75;11.10;3844.00;34.53;23687583_0;5.10;0.00;tripinfo_in_as_to_gj.61;109.00;in_as_to_gj.61;0;649.06;1.02;0.00;51.11;car;;2;16.00
3961.00;23527526_0;253.75;11.51;3779.00;3.08;-230845886_0;5.10;0.00;tripinfo_in_ba_to_gj.57;182.00;in_ba_to_gj.57;0;1755.68;1.09;0.00;35.32;car;;1;7.00
3966.00;45494495_0;58.90;9.83;3728.00;3.07;23687583_0;5.10;0.00;tripinfo_in_as_to_os.41;238.00;in_as_to_os.41;0;1689.77;0.95;0.00;76.92;car;;2;33.00
3969.00;23156390_0;1121.44;11.16;3749.00;15.32;23687583_0;5.10;0.00;tripinfo_in_as_to_br.13;220.00;in_as_to_br.13;0;1694.48;1.12;0.00;82.71;car;;4;34.00
3970.00;45494495_0;58.90;10.33;3797.00;2.37;-230845886_0;5.10;0.00;tripinfo_in_ba_to_os.53;173.00;in_ba_to_os.53;0;1647.96;0.94;0.00;13.73;car;;0;0.00
3974.00;23527526_0;253.75;10.42;3754.00;0.88;-45494495_0;5.10;0.00;tripinfo_in_os_to_gj.6;220.00;in_os_to_gj.6;0;2071.37;0.98;0.00;28.45;car;;1;3.00
3976.00;28716808#1_0;754.74;10.15;3758.00;0.52;-45494495_0;5.10;0.00;tripinfo_in_os_to_kl.11;218.00;in_os_to_kl.11;0;2042.78;0.93;0.00;17.95;car;;0;0.00
3983.00;45494495_0;58.90;9.97;3807.00;0.86;-230845886_0;5.10;0.00;tripinfo_in_ba_to_os.54;176.00;in_ba_to_os.54;0;1647.96;0.93;0.00;15.68;car;;0;0.00
3986.00;28706217_0;94.10;6.48;3919.00;0.67;-45494495_0;5.10;0.00;tripinfo_in_os_to_sl.17;67.00;in_os_to_sl.17;0;484.95;0.90;0.00;12.65;car;;1;1.00
3990.00;41899283#1_0;148.70;9.82;3808.00;1.94;-45494495_0;5.10;0.00;tripinfo_in_os_to_as.20;182.00;in_os_to_as.20;0;1746.47;0.99;0.00;21.85;car;;0;0.00
3993.00;28706217_0;94.10;6.44;3756.00;2.18;-230845886_0;5.10;0.00;tripinfo_in_ba_to_sl.38;237.00;in_ba_to_sl.38;0;1934.94;0.86;0.00;27.71;car;;0;0.00
3995.00;28706217_0;94.10;9.31;3707.00;1.94;23687583_0;5.10;0.00;tripinfo_in_as_to_sl.66;288.00;in_as_to_sl.66;0;1976.75;1.20;0.00;134.24;car;;3;39.00
3997.00;28706217_0;94.10;8.55;3769.00;4.12;-230845886_0;5.10;0.00;tripinfo_in_ba_to_sl.39;228.00;in_ba_to_sl.39;0;1934.94;1.06;0.00;57.98;car;;1;1.00
3998.00;23142338#2_0;290.21;10.08;3725.00;2.34;23687583_0;5.10;0.00;tripinfo_in_as_to_ns.44;273.00;in_as_to_ns.44;0;1995.73;1.00;0.00;91.71;car;;3;39.00
3998.00;28716808#1_0;754.74;9.35;3838.00;31.42;23687583_0;5.10;0.00;tripinfo_in_as_to_kl.17;160.00;in_as_to_kl.17;0;1207.92;0.96;0.00;45.12;car;;1;5.00
3998.00;23527526_0;253.75;11.39;3833.00;2.29;-230845886_0;5.10;0.00;tripinfo_in_ba_to_gj.58;165.00;in_ba_to_gj.58;0;1755.68;1.10;0.00;20.19;car;;0;0.00
3999.00;28706217_0;94.10;8.46;3784.00;0.03;-230845886_0;5.10;0.00;tripinfo_in_ba_to_sl.40;215.00;in_ba_to_sl.40;0;1934.94;1.17;0.00;60.91;car;;0;0.00
3999.00;230845886_0;633.12;12.58;3835.00;36.07;23687583_0;5.10;0.00;tripinfo_in_as_to_ba.39;164.00;in_as_to_ba.39;0;1356.50;1.16;0.00;57.98;car;;1;5.00
4001.00;28716808#1_0;754.74;11.56;3850.00;23.35;23687583_0;5.10;0.00;tripinfo_in_as_to_kl.18;151.00;in_as_to_kl.18;0;1207.92;1.11;0.00;51.62;car;;2;14.00
4004.00;45494495_0;58.90;11.44;3777.00;22.42;23687583_0;5.10;0.00;tripinfo_in_as_to_os.42;227.00;in_as_to_os.42;0;1689.77;1.04;0.00;79.47;car;;3;37.00
4005.00;45494495_0;58.90;11.84;3840.00;0.97;-230845886_0;5.10;0.00;tripinfo_in_ba_to_os.55;165.00;in_ba_to_os.55;0;1647.96;1.22;0.00;43.00;car;;0;0.00
4013.00;28706217_0;94.10;8.07;3810.00;0.88;-230845886_0;5.10;0.00;tripinfo_in_ba_to_sl.41;203.00;in_ba_to_sl.41;0;1934.94;1.09;0.00;37.54;car;;0;0.00
4017.00;41899283#1_0;148.70;8.64;3848.00;1.38;-230845886_0;5.10;0.00;tripinfo_in_ba_to_as.61;169.00;in_ba_to_as.61;0;1430.78;0.85;0.00;16.72;car;;0;0.00
4017.00;23527526_0;253.75;9.46;3923.00;34.95;23687583_0;5.10;0.00;tripinfo_in_as_to_gj.62;94.00;in_as_to_gj.62;0;649.06;0.92;0.00;29.11;car;;1;4.00
4018.00;28706217_0;94.10;7.99;3755.00;19.21;23687583_0;5.10;0.00;tripinfo_in_as_to_sl.67;263.00;in_as_to_sl.67;0;1976.75;1.05;0.00;87.83;car;;3;34.00
4022.00;41899283#1_0;148.70;11.39;3872.00;0.88;-230845886_0;5.10;0.00;tripinfo_in_ba_to_as.62;150.00;in_ba_to_as.62;0;1430.78;1.06;0.00;27.42;car;;0;0.00
4029.00;230845886_0;633.12;10.79;3853.00;25.76;23687583_0;5.10;0.00;tripinfo_in_as_to_ba.40;176.00;in_as_to_ba.40;0;1356.50;0.98;0.00;50.48;car;;2;13.00
4032.00;45494495_0;58.90;10.02;3851.00;3.84;-230845886_0;5.10;0.00;tripinfo_in_ba_to_os.56;181.00;in_ba_to_os.56;0;1647.96;0.95;0.00;23.91;car;;0;0.00
4033.00;23527526_0;253.75;11.56;3940.00;1.48;23687583_0;5.10;0.00;tripinfo_in_as_to_gj.63;93.00;in_as_to_gj.63;0;649.06;1.07;0.00;37.46;car;;1;7.00
4036.00;41899283#1_0;148.70;9.41;3831.00;3.36;-45494495_0;5.10;0.00;tripinfo_in_os_to_as.21;205.00;in_os_to_as.21;0;1746.47;0.94;0.00;36.10;car;;1;7.00
4038.00;41899283#1_0;148.70;10.85;3881.00;1.79;-230845886_0;5.10;0.00;tripinfo_in_ba_to_as.63;157.00;in_ba_to_as.63;0;1430.78;1.06;0.00;33.82;car;;1;1.00
4040.00;23156030#6_0;109.07;10.85;3731.00;2.86;23687583_0;5.10;0.00;tripinfo_in_as_to_od.15;309.00;in_as_to_od.15;0;2357.31;1.05;0.00;107.81;car;;4;50.00
4040.00;41899283#1_0;148.70;10.79;3887.00;6.44;-230845886_0;5.10;0.00;tripinfo_in_ba_to_as.64;153.00;in_ba_to_as.64;0;1430.78;1.09;0.00;33.09;car;;0;0.00
4044.00;23527526_0;253.75;9.95;3949.00;0.73;23687583_0;5.10;0.00;tripinfo_in_as_to_gj.64;95.00;in_as_to_gj.64;0;649.06;0.96;0.00;33.23;car;;1;4.00
4047.00;230845886_0;633.12;10.60;3862.00;28.66;23687583_0;5.10;0.00;tripinfo_in_as_to_ba.41;185.00;in_as_to_ba.41;0;1356.50;0.96;0.00;56.70;car;;3;16.00
4051.00;23142338#2_0;290.21;10.82;3489.00;0.64;-230845886_0;5.10;0.00;tripinfo_in_ba_to_ns.21;562.00;in_ba_to_ns.21;0;2346.36;1.04;0.00;358.36;car;;2;325.00
4051.00;45494495_0;58.90;9.43;3787.00;17.38;23687583_0;5.10;0.00;tripinfo_in_as_to_os.43;264.00;in_as_to_os.43;0;1689.77;0.88;0.00;90.96;car;;4;38.00
4051.00;41899283#1_0;148.70;10.22;3894.00;0.32;-230845886_0;5.10;0.00;tripinfo_in_ba_to_as.65;157.00;in_ba_to_as.65;0;1430.78;0.95;0.00;20.86;car;;0;0.00
4052.00;45494495_0;58.90;11.42;3847.00;30.93;23687583_0;5.10;0.00;tripinfo_in_as_to_os.44;205.00;in_as_to_os.44;0;1689.77;1.09;0.00;65.30;car;;2;14.00
4053.00;41899283#1_0;148.70;10.91;3841.00;0.56;-45494495_0;5.10;0.00;tripinfo_in_os_to_as.22;212.00;in_os_to_as.22;0;1746.47;1.10;0.00;67.37;car;;2;26.00
4054.00;23527526_0;253.75;9.72;3854.00;3.22;-230845886_0;5.10;0.00;tripinfo_in_ba_to_gj.59;200.00;in_ba_to_gj.59;0;1755.68;0.89;0.00;20.45;car;;0;0.00
4056.00;23527526_0;253.75;11.14;3857.00;3.77;-230845886_0;5.10;0.00;tripinfo_in_ba_to_gj.60;199.00;in_ba_to_gj.60;0;1755.68;1.05;0.00;48.00;car;;0;0.00
4064.00;28716808#1_0;754.74;10.16;3914.00;27.70;23687583_0;5.10;0.00;tripinfo_in_as_to_kl.19;150.00;in_as_to_kl.19;0;1207.92;1.01;0.00;41.38;car;;1;5.00
4066.00;23142338#2_0;290.21;10.05;3784.00;23.94;23687583_0;5.10;0.00;tripinfo_in_as_to_ns.45;282.00;in_as_to_ns.45;0;1995.73;0.99;0.00;98.05;car;;6;34.00
4067.00;23527526_0;253.75;8.86;3952.00;2.61;23687583_0;5.10;0.00;tripinfo_in_as_to_gj.65;115.00;in_as_to_gj.65;0;649.06;0.86;0.00;45.95;car;;2;19.00
4068.00;230845886_0;633.12;8.21;3877.00;39.30;23687583_0;5.10;0.00;tripinfo_in_as_to_ba.42;191.00;in_as_to_ba.42;0;1356.50;0.81;0.00;38.98;car;;1;5.00
4070.00;23156305_0;1264.14;10.69;3736.00;0.07;-45494495_0;5.10;0.00;tripinfo_in_os_to_gg.16;334.00;in_os_to_gg.16;0;3034.34;0.97;0.00;48.79;car;;2;13.00
4071.00;45494495_0;58.90;11.32;3859.00;27.63;23687583_0;5.10;0.00;tripinfo_in_as_to_os.45;212.00;in_as_to_os.45;0;1689.77;1.02;0.00;62.95;car;;3;22.00
4075.00;230845886_0;633.12;9.61;3898.00;27.28;23687583_0;5.10;0.00;tripinfo_in_as_to_ba.43;177.00;in_as_to_ba.43;0;1356.50;0.90;0.00;40.90;car;;2;8.00
4076.00;230845886_0;633.12;10.58;3911.00;25.39;23687583_0;5.10;0.00;tripinfo_in_as_to_ba.44;165.00;in_as_to_ba.44;0;1356.50;1.01;0.00;44.11;car;;2;5.00
4078.00;23156305_0;1264.14;10.56;3884.00;39.92;23687583_0;5.10;0.00;tripinfo_in_as_to_gg.14;194.00;in_as_to_gg.14;0;1600.87;0.99;0.00;47.58;car;;2;11.00
4081.00;23142338#2_0;290.21;10.06;3790.00;0.46;23687583_0;5.10;0.00;tripinfo_in_as_to_ns.46;291.00;in_as_to_ns.46;0;1995.73;0.92;0.00;94.66;car;;4;36.00
4083.00;23142338#2_0;290.21;12.75;3856.00;28.33;23687583_0;5.10;0.00;tripinfo_in_as_to_ns.47;227.00;in_as_to_ns.47;0;1995.73;1.15;0.00;69.07;car;;2;13.00
4084.00;23527526_0;253.75;8.30;3805.00;0.31;-45494495_0;5.10;0.00;tripinfo_in_os_to_gj.7;279.00;in_os_to_gj.7;0;2071.37;0.76;0.00;30.64;car;;0;0.00
4086.00;23527526_0;253.75;9.54;3863.00;4.98;-230845886_0;5.10;0.00;tripinfo_in_ba_to_gj.61;223.00;in_ba_to_gj.61;0;1755.68;1.02;0.00;67.28;car;;1;1.00
4088.00;28706217_0;94.10;7.69;3832.00;36.25;23687583_0;5.10;0.00;tripinfo_in_as_to_sl.68;256.00;in_as_to_sl.68;0;1976.75;0.95;0.00;63.94;car;;2;8.00
4088.00;23527526_0;253.75;12.50;3884.00;3.76;-230845886_0;5.10;0.00;tripinfo_in_ba_to_gj.62;204.00;in_ba_to_gj.62;0;1755.68;1.14;0.00;63.69;car;;1;1.00
4095.00;28716808#1_0;754.74;9.93;3874.00;0.68;-45494495_0;5.10;0.00;tripinfo_in_os_to_kl.12;221.00;in_os_to_kl.12;0;2042.78;0.94;0.00;23.46;car;;0;0.00
4096.00;45494495_0;58.90;11.09;3901.00;26.00;23687583_0;5.10;0.00;tripinfo_in_as_to_os.46;195.00;in_as_to_os.46;0;1689.77;1.08;0.00;53.10;car;;2;6.00
4097.00;23156305_0;1264.14;10.88;3830.00;0.38;-230845886_0;5.10;0.00;tripinfo_in_ba_to_gg.27;267.00;in_ba_to_gg.27;0;2718.65;1.01;0.00;20.95;car;;0;0.00
4097.00;23527526_0;253.75;9.74;3845.00;0.14;-45494495_0;5.10;0.00;tripinfo_in_os_to_gj.8;252.00;in_os_to_gj.8;0;2071.37;0.93;0.00;50.14;car;;2;19.00
4104.00;45494495_0;58.90;11.64;3929.00;0.32;-230845886_0;5.10;0.00;tripinfo_in_ba_to_os.57;175.00;in_ba_to_os.57;0;1647.96;1.10;0.00;39.43;car;;1;6.00
4106.00;230845886_0;633.12;9.32;3937.00;3.90;23687583_0;5.10;0.00;tripinfo_in_as_to_ba.45;169.00;in_as_to_ba.45;0;1356.50;0.95;0.00;40.14;car;;2;8.00
4112.00;23527526_0;253.75;9.14;3985.00;0.56;23687583_0;5.10;0.00;tripinfo_in_as_to_gj.66;127.00;in_as_to_gj.66;0;649.06;0.88;0.00;58.81;car;;3;28.00
4117.00;28706217_0;94.10;8.59;3888.00;30.42;23687583_0;5.10;0.00;tripinfo_in_as_to_sl.69;229.00;in_as_to_sl.69;0;1976.75;1.07;0.00;57.80;car;;3;11.00
4121.00;28706217_0;94.10;7.77;3891.00;25.82;23687583_0;5.10;0.00;tripinfo_in_as_to_sl.70;230.00;in_as_to_sl.70;0;1976.75;1.04;0.00;52.57;car;;2;8.00
4121.00;45494495_0;58.90;10.93;3941.00;0.95;-230845886_0;5.10;0.00;tripinfo_in_ba_to_os.58;180.00;in_ba_to_os.58;0;1647.96;0.98;0.00;28.41;car;;1;3.00
4123.00;23527526_0;253.75;9.21;3913.00;0.04;-230845886_0;5.10;0.00;tripinfo_in_ba_to_gj.63;210.00;in_ba_to_gj.63;0;1755.68;0.87;0.00;27.73;car;;1;9.00
4124.00;230845886_0;633.12;10.83;3928.00;0.82;-45494495_0;5.10;0.00;tripinfo_in_os_to_ba.25;196.00;in_os_to_ba.25;0;1746.52;1.01;0.00;38.92;car;;1;5.00
4125.00;23527526_0;253.75;9.54;3917.00;0.23;-230845886_0;5.10;0.00;tripinfo_in_ba_to_gj.64;208.00;in_ba_to_gj.64;0;1755.68;0.92;0.00;34.40;car;;1;8.00
4127.00;23527526_0;253.75;9.05;3920.00;0.39;-230845886_0;5.10;0.00;tripinfo_in_ba_to_gj.65;207.00;in_ba_to_gj.65;0;1755.68;0.91;0.00;33.23;car;;2;9.00
4129.00;23527526_0;253.75;10.24;3926.00;2.87;-230845886_0;5.10;0.00;tripinfo_in_ba_to_gj.66;203.00;in_ba_to_gj.66;0;1755.68;0.96;0.00;37.60;car;;1;6.00
4129.00;230845886_0;633.12;9.91;3945.00;0.91;-45494495_0;5.10;0.00;tripinfo_in_os_to_ba.26;184.00;in_os_to_ba.26;0;1746.52;1.00;0.00;25.10;car;;1;2.00
4131.00;28706217_0;94.10;7.31;3895.00;27.75;23687583_0;5.10;0.00;tripinfo_in_as_to_sl.71;236.00;in_as_to_sl.71;0;1976.75;0.98;0.00;48.13;car;;2;9.00
4132.00;41899283#1_0;148.70;9.52;3924.00;0.50;-45494495_0;5.10;0.00;tripinfo_in_os_to_as.23;208.00;in_os_to_as.23;0;1746.47;0.89;0.00;30.20;car;;1;5.00
4134.00;41899283#1_0;148.70;10.81;3936.00;0.15;-45494495_0;5.10;0.00;tripinfo_in_os_to_as.24;198.00;in_os_to_as.24;0;1746.47;0.98;0.00;37.00;car;;2;6.00
4135.00;23156305_0;1264.14;9.08;3786.00;0.68;-45494495_0;5.10;0.00;tripinfo_in_os_to_gg.17;349.00;in_os_to_gg.17;0;3034.34;0.88;0.00;33.52;car;;1;1.00
4137.00;23527526_0;253.75;9.94;3932.00;3.23;-230845886_0;5.10;0.00;tripinfo_in_ba_to_gj.67;205.00;in_ba_to_gj.67;0;1755.68;0.90;0.00;29.45;car;;1;5.00
4139.00;23527526_0;253.75;11.25;3937.00;7.94;-230845886_0;5.10;0.00;tripinfo_in_ba_to_gj.68;202.00;in_ba_to_gj.68;0;1755.68;1.02;0.00;46.06;car;;1;4.00
4141.00;23527526_0;253.75;12.98;3955.00;3.15;-230845886_0;5.10;0.00;tripinfo_in_ba_to_gj.69;186.00;in_ba_to_gj.69;0;1755.68;1.17;0.00;50.13;car;;0;0.00
4141.00;45494495_0;58.90;9.77;3967.00;4.39;-230845886_0;5.10;0.00;tripinfo_in_ba_to_os.59;174.00;in_ba_to_os.59;0;1647.96;0.96;0.00;19.10;car;;0;0.00
4143.00;23527526_0;253.75;10.73;3958.00;4.25;-230845886_0;5.10;0.00;tripinfo_in_ba_to_gj.70;185.00;in_ba_to_gj.70;0;1755.68;1.06;0.00;34.89;car;;0;0.00
4145.00;23527526_0;253.75;13.19;4028.00;1.75;23687583_0;5.10;0.00;tripinfo_in_as_to_gj.67;117.00;in_as_to_gj.67;0;649.06;1.26;0.00;69.28;car;;3;25.00
4147.00;23527526_0;253.75;11.05;4031.00;1.70;23687583_0;5.10;0.00;tripinfo_in_as_to_gj.68;116.00;in_as_to_gj.68;0;649.06;1.10;0.00;61.74;car;;3;21.00
4149.00;23156305_0;1264.14;11.90;3890.00;9.25;-230845886_0;5.10;0.00;tripinfo_in_ba_to_gg.28;259.00;in_ba_to_gg.28;0;2718.65;1.15;0.00;44.04;car;;0;0.00
4154.00;28706217_0;94.10;8.84;3961.00;1.56;-230845886_0;5.10;0.00;tripinfo_in_ba_to_sl.42;193.00;in_ba_to_sl.42;0;1934.94;1.14;0.00;35.86;car;;0;0.00
4154.00;23527526_0;253.75;10.73;4040.00;3.68;23687583_0;5.10;0.00;tripinfo_in_as_to_gj.69;114.00;in_as_to_gj.69;0;649.06;0.99;0.00;53.92;car;;2;18.00
4155.00;230845886_0;633.12;8.90;3959.00;0.09;-45494495_0;5.10;0.00;tripinfo_in_os_to_ba.27;196.00;in_os_to_ba.27;0;1746.52;0.89;0.00;17.97;car;;0;0.00
4156.00;23527526_0;253.75;10.07;4043.00;6.58;23687583_0;5.10;0.00;tripinfo_in_as_to_gj.70;113.00;in_as_to_gj.70;0;649.06;1.02;0.00;55.08;car;;2;19.00
4162.00;230845886_0;633.12;10.53;3966.00;1.26;-45494495_0;5.10;0.00;tripinfo_in_os_to_ba.28;196.00;in_os_to_ba.28;0;1746.52;0.95;0.00;29.78;car;;0;0.00
4166.00;45494495_0;58.90;10.79;4001.00;0.28;-230845886_0;5.10;0.00;tripinfo_in_ba_to_os.60;165.00;in_ba_to_os.60;0;1647.96;1.06;0.00;23.82;car;;0;0.00
4168.00;23527526_0;253.75;11.51;4071.00;5.84;23687583_0;5.10;0.00;tripinfo_in_as_to_gj.71;97.00;in_as_to_gj.71;0;649.06;1.15;0.00;45.66;car;;2;15.00
4175.00;41899283#1_0;148.70;9.17;3962.00;1.38;-45494495_0;5.10;0.00;tripinfo_in_os_to_as.25;213.00;in_os_to_as.25;0;1746.47;0.84;0.00;23.56;car;;0;0.00
4179.00;28706217_0;94.10;7.03;3934.00;7.03;23687583_0;5.10;0.00;tripinfo_in_as_to_sl.72;245.00;in_as_to_sl.72;0;1976.75;0.96;0.00;54.08;car;;3;12.00
4181.00;28706217_0;94.10;8.51;3983.00;0.04;-230845886_0;5.10;0.00;tripinfo_in_ba_to_sl.43;198.00;in_ba_to_sl.43;0;1934.94;1.12;0.00;37.51;car;;0;0.00
4185.00;41899283#1_0;148.70;11.97;4035.00;4.73;-230845886_0;5.10;0.00;tripinfo_in_ba_to_as.67;150.00;in_ba_to_as.67;0;1430.78;1.17;0.00;39.49;car;;0;0.00
4199.00;28706217_0;94.10;7.72;3986.00;0.26;-230845886_0;5.10;0.00;tripinfo_in_ba_to_sl.44;213.00;in_ba_to_sl.44;0;1934.94;0.97;0.00;26.91;car;;1;5.00
4200.00;23527526_0;253.75;10.13;4116.00;10.46;23687583_0;5.10;0.00;tripinfo_in_as_to_gj.72;84.00;in_as_to_gj.72;0;649.06;0.96;0.00;22.38;car;;0;0.00
4201.00;41899283#1_0;148.70;9.07;4032.00;4.14;-230845886_0;5.10;0.00;tripinfo_in_ba_to_as.66;169.00;in_ba_to_as.66;0;1430.78;0.84;0.00;14.86;car;;0;0.00
4202.00;28706217_0;94.10;7.49;4139.00;0.81;-45494495_0;5.10;0.00;tripinfo_in_os_to_sl.18;63.00;in_os_to_sl.18;0;484.95;0.97;0.00;12.19;car;;0;0.00
4204.00;28706217_0;94.10;9.20;4146.00;0.53;-45494495_0;5.10;0.00;tripinfo_in_os_to_sl.19;58.00;in_os_to_sl.19;0;484.95;1.12;0.00;14.04;car;;1;1.00
4206.00;23527526_0;253.75;11.85;4119.00;9.83;23687583_0;5.10;0.00;tripinfo_in_as_to_gj.73;87.00;in_as_to_gj.73;0;649.06;1.07;0.00;31.37;car;;1;5.00
4207.00;23156030#6_0;109.07;11.61;3973.00;2.60;-230845886_0;5.10;0.00;tripinfo_in_ba_to_od.6;234.00;in_ba_to_od.6;0;2315.50;1.05;0.00;35.25;car;;1;1.00
4211.00;23156030#6_0;109.07;10.42;4112.00;1.99;-45494495_0;5.10;0.00;tripinfo_in_os_to_od.17;99.00;in_os_to_od.17;0;865.51;0.95;0.00;16.41;car;;1;4.00
4212.00;45494495_0;58.90;9.67;3982.00;0.97;23687583_0;5.10;0.00;tripinfo_in_as_to_os.47;230.00;in_as_to_os.47;0;1689.77;0.97;0.00;72.54;car;;3;30.00
4214.00;28706217_0;94.10;6.29;3943.00;1.99;23687583_0;5.10;0.00;tripinfo_in_as_to_sl.73;271.00;in_as_to_sl.73;0;1976.75;0.86;0.00;56.83;car;;2;8.00
4214.00;41899283#1_0;148.70;10.32;4042.00;0.22;-45494495_0;5.10;0.00;tripinfo_in_os_to_as.26;172.00;in_os_to_as.26;0;1746.47;1.03;0.00;17.79;car;;0;0.00
4224.00;41899283#1_0;148.70;11.50;4068.00;0.71;-230845886_0;5.10;0.00;tripinfo_in_ba_to_as.68;156.00;in_ba_to_as.68;0;1430.78;1.06;0.00;32.77;car;;0;0.00
4228.00;45494495_0;58.90;9.38;4047.00;5.53;-230845886_0;5.10;0.00;tripinfo_in_ba_to_os.61;181.00;in_ba_to_os.61;0;1647.96;0.92;0.00;18.31;car;;0;0.00
4230.00;23527526_0;253.75;9.17;4022.00;0.57;-230845886_0;5.10;0.00;tripinfo_in_ba_to_gj.71;208.00;in_ba_to_gj.71;0;1755.68;0.84;0.00;18.43;car;;0;0.00
4232.00;23527526_0;253.75;11.40;4038.00;6.64;-230845886_0;5.10;0.00;tripinfo_in_ba_to_gj.72;194.00;in_ba_to_gj.72;0;1755.68;1.12;0.00;51.67;car;;1;8.00
4234.00;23156305_0;1264.14;8.63;3996.00;3.60;23687583_0;5.10;0.00;tripinfo_in_as_to_gg.15;238.00;in_as_to_gg.15;0;1600.87;0.83;0.00;62.75;car;;3;22.00
4237.00;41899283#1_0;148.70;9.96;4083.00;0.56;-230845886_0;5.10;0.00;tripinfo_in_ba_to_as.70;154.00;in_ba_to_as.70;0;1430.78;0.98;0.00;22.10;car;;0;0.00
4242.00;28706217_0;94.10;6.95;4011.00;0.01;-230845886_0;5.10;0.00;tripinfo_in_ba_to_sl.45;231.00;in_ba_to_sl.45;0;1934.94;0.86;0.00;20.82;car;;0;0.00
4244.00;41899283#1_0;148.70;9.19;4079.00;0.30;-230845886_0;5.10;0.00;tripinfo_in_ba_to_as.69;165.00;in_ba_to_as.69;0;1430.78;0.89;0.00;18.80;car;;0;0.00
4267.00;23156305_0;1264.14;9.21;3964.00;1.70;-230845886_0;5.10;0.00;tripinfo_in_ba_to_gg.29;303.00;in_ba_to_gg.29;0;2718.65;0.89;0.00;25.65;car;;0;0.00
4269.00;23156030#6_0;109.07;9.86;4183.00;0.92;-45494495_0;5.10;0.00;tripinfo_in_os_to_od.18;86.00;in_os_to_od.18;0;865.51;0.99;0.00;6.89;car;;0;0.00
4273.00;45494495_0;58.90;9.71;4102.00;1.93;-230845886_0;5.10;0.00;tripinfo_in_ba_to_os.62;171.00;in_ba_to_os.62;0;1647.96;0.97;0.00;17.75;car;;0;0.00
4275.00;230845886_0;633.12;10.51;4086.00;0.88;-45494495_0;5.10;0.00;tripinfo_in_os_to_ba.29;189.00;in_os_to_ba.29;0;1746.52;1.00;0.00;31.36;car;;1;2.00
4276.00;23527526_0;253.75;11.25;4167.00;4.25;23687583_0;5.10;0.00;tripinfo_in_as_to_gj.74;109.00;in_as_to_gj.74;0;649.06;1.06;0.00;53.04;car;;2;21.00
4282.00;28706217_0;94.10;7.03;4014.00;0.28;23687583_0;5.10;0.00;tripinfo_in_as_to_sl.74;268.00;in_as_to_sl.74;0;1976.75;0.88;0.00;58.28;car;;4;16.00
4282.00;23156390_0;1121.44;11.16;4039.00;0.56;-45494495_0;5.10;0.00;tripinfo_in_os_to_br.11;243.00;in_os_to_br.11;0;2513.69;1.07;0.00;29.14;car;;1;5.00
4284.00;28706217_0;94.10;7.82;4022.00;6.72;23687583_0;5.10;0.00;tripinfo_in_as_to_sl.75;262.00;in_as_to_sl.75;0;1976.75;1.05;0.00;87.07;car;;4;34.00
4284.00;45494495_0;58.90;10.10;4068.00;22.85;23687583_0;5.10;0.00;tripinfo_in_as_to_os.48;216.00;in_as_to_os.48;0;1689.77;0.96;0.00;58.00;car;;3;21.00
4286.00;41899283#1_0;148.70;8.88;4071.00;0.78;-45494495_0;5.10;0.00;tripinfo_in_os_to_as.27;215.00;in_os_to_as.27;0;1746.47;0.82;0.00;21.91;car;;0;0.00
4291.00;23156305_0;1264.14;8.44;4078.00;3.94;23687583_0;5.10;0.00;tripinfo_in_as_to_gg.16;213.00;in_as_to_gg.16;0;1600.87;0.87;0.00;46.50;car;;2;13.00
4291.00;41899283#1_0;148.70;11.52;4142.00;2.01;-230845886_0;5.10;0.00;tripinfo_in_ba_to_as.71;149.00;in_ba_to_as.71;0;1430.78;1.11;0.00;31.37;car;;1;8.00
4292.00;23156305_0;1264.14;11.13;4096.00;3.75;23687583_0;5.10;0.00;tripinfo_in_as_to_gg.17;196.00;in_as_to_gg.17;0;1600.87;1.20;0.00;74.72;car;;1;6.00
4293.00;41899283#1_0;148.70;10.97;4145.00;1.28;-230845886_0;5.10;0.00;tripinfo_in_ba_to_as.72;148.00;in_ba_to_as.72;0;1430.78;1.08;0.00;28.23;car;;1;7.00
4294.00;23156030#6_0;109.07;9.80;3968.00;0.66;23687583_0;5.10;0.00;tripinfo_in_as_to_od.16;326.00;in_as_to_od.16;0;2357.31;0.91;0.00;91.53;car;;5;45.00
4296.00;23527526_0;253.75;9.56;4090.00;0.55;-230845886_0;5.10;0.00;tripinfo_in_ba_to_gj.73;206.00;in_ba_to_gj.73;0;1755.68;0.89;0.00;28.18;car;;1;7.00
4296.00;28706217_0;94.10;7.86;4093.00;3.14;-230845886_0;5.10;0.00;tripinfo_in_ba_to_sl.46;203.00;in_ba_to_sl.46;0;1934.94;1.09;0.00;37.30;car;;1;3.00
4298.00;23527526_0;253.75;9.92;4099.00;4.79;-230845886_0;5.10;0.00;tripinfo_in_ba_to_gj.74;199.00;in_ba_to_gj.74;0;1755.68;0.97;0.00;34.69;car;;1;5.00
4300.00;23527526_0;253.75;10.78;4126.00;0.06;-230845886_0;5.10;0.00;tripinfo_in_ba_to_gj.75;174.00;in_ba_to_gj.75;0;1755.68;1.08;0.00;26.56;car;;1;2.00
4305.00;28706217_0;94.10;9.08;4096.00;5.64;-230845886_0;5.10;0.00;tripinfo_in_ba_to_sl.47;209.00;in_ba_to_sl.47;0;1934.94;1.10;0.00;44.21;car;;1;1.00
4308.00;45494495_0;58.90;8.74;4081.00;6.14;23687583_0;5.10;0.00;tripinfo_in_as_to_os.49;227.00;in_as_to_os.49;0;1689.77;0.85;0.00;46.79;car;;2;13.00
4310.00;23156030#6_0;109.07;10.82;4216.00;0.34;-45494495_0;5.10;0.00;tripinfo_in_os_to_od.19;94.00;in_os_to_od.19;0;865.51;0.98;0.00;13.46;car;;1;1.00
4312.00;23156030#6_0;109.07;9.87;4222.00;0.22;-45494495_0;5.10;0.00;tripinfo_in_os_to_od.20;90.00;in_os_to_od.20;0;865.51;0.98;0.00;9.34;car;;0;0.00
4315.00;230845886_0;633.12;10.99;4143.00;6.96;23687583_0;5.10;0.00;tripinfo_in_as_to_ba.46;172.00;in_as_to_ba.46;0;1356.50;1.05;0.00;54.65;car;;3;22.00
4316.00;23156305_0;1264.14;8.92;4122.00;9.74;23687583_0;5.10;0.00;tripinfo_in_as_to_gg.18;194.00;in_as_to_gg.18;0;1600.87;0.91;0.00;35.42;car;;1;5.00
4318.00;23156305_0;1264.14;9.35;4029.00;2.08;-230845886_0;5.10;0.00;tripinfo_in_ba_to_gg.30;289.00;in_ba_to_gg.30;0;2718.65;0.95;0.00;29.90;car;;0;0.00
4320.00;230845886_0;633.12;12.38;4170.00;0.43;-45494495_0;5.10;0.00;tripinfo_in_os_to_ba.30;150.00;in_os_to_ba.30;0;1746.52;1.15;0.00;13.08;car;;0;0.00
4321.00;23527526_0;253.75;10.45;4139.00;0.18;-230845886_0;5.10;0.00;tripinfo_in_ba_to_gj.76;182.00;in_ba_to_gj.76;0;1755.68;1.03;0.00;27.13;car;;1;4.00
4325.00;45494495_0;58.90;8.63;4087.00;4.69;23687583_0;5.10;0.00;tripinfo_in_as_to_os.50;238.00;in_as_to_os.50;0;1689.77;0.79;0.00;45.63;car;;2;9.00
4332.00;23527526_0;253.75;10.33;4188.00;13.81;23687583_0;5.10;0.00;tripinfo_in_as_to_gj.75;144.00;in_as_to_gj.75;0;649.06;0.97;0.00;82.59;car;;4;40.00
4333.00;230845886_0;633.12;10.66;4158.00;7.51;23687583_0;5.10;0.00;tripinfo_in_as_to_ba.47;175.00;in_as_to_ba.47;0;1356.50;1.02;0.00;54.58;car;;1;18.00
4334.00;23527526_0;253.75;11.24;4219.00;33.53;23687583_0;5.10;0.00;tripinfo_in_as_to_gj.76;115.00;in_as_to_gj.76;0;649.06;1.06;0.00;58.32;car;;2;22.00
4336.00;45494495_0;58.90;11.23;4168.00;2.98;-230845886_0;5.10;0.00;tripinfo_in_ba_to_os.63;168.00;in_ba_to_os.63;0;1647.96;1.11;0.00;32.54;car;;0;0.00
4337.00;23156305_0;1264.14;10.06;4054.00;0.71;-230845886_0;5.10;0.00;tripinfo_in_ba_to_gg.31;283.00;in_ba_to_gg.31;0;2718.65;1.00;0.00;36.21;car;;1;1.00
4340.00;23527526_0;253.75;10.35;4225.00;38.70;23687583_0;5.10;0.00;tripinfo_in_as_to_gj.77;115.00;in_as_to_gj.77;0;649.06;0.99;0.00;55.09;car;;2;21.00
4351.00;45494495_0;58.90;9.97;4132.00;3.15;23687583_0;5.10;0.00;tripinfo_in_as_to_os.51;219.00;in_as_to_os.51;0;1689.77;0.95;0.00;58.51;car;;2;22.00
4352.00;41899283#1_0;148.70;9.54;4190.00;0.88;-230845886_0;5.10;0.00;tripinfo_in_ba_to_as.73;162.00;in_ba_to_as.73;0;1430.78;0.88;0.00;14.20;car;;0;0.00
4353.00;28706217_0;94.10;9.76;4128.00;4.32;23687583_0;5.10;0.00;tripinfo_in_as_to_sl.77;225.00;in_as_to_sl.77;0;1976.75;1.19;0.00;70.23;car;;2;24.00
4354.00;28716808#1_0;754.74;9.56;4173.00;6.03;23687583_0;5.10;0.00;tripinfo_in_as_to_kl.20;181.00;in_as_to_kl.20;0;1207.92;0.86;0.00;54.33;car;;3;18.00
4354.00;41899283#1_0;148.70;10.78;4174.00;0.16;-45494495_0;5.10;0.00;tripinfo_in_os_to_as.28;180.00;in_os_to_as.28;0;1746.47;0.98;0.00;17.30;car;;0;0.00
4358.00;28706217_0;94.10;9.61;4306.00;2.35;-45494495_0;5.10;0.00;tripinfo_in_os_to_sl.20;52.00;in_os_to_sl.20;0;484.95;1.21;0.00;11.23;car;;0;0.00
4361.00;23156305_0;1264.14;11.58;4086.00;2.47;-230845886_0;5.10;0.00;tripinfo_in_ba_to_gg.32;275.00;in_ba_to_gg.32;0;2718.65;1.07;0.00;43.23;car;;0;0.00
4363.00;23156305_0;1264.14;12.39;4170.00;7.16;23687583_0;5.10;0.00;tripinfo_in_as_to_gg.19;193.00;in_as_to_gg.19;0;1600.87;1.22;0.00;73.96;car;;2;21.00
4367.00;41899283#1_0;148.70;10.83;4229.00;0.17;-230845886_0;5.10;0.00;tripinfo_in_ba_to_as.74;138.00;in_ba_to_as.74;0;1430.78;1.05;0.00;13.62;car;;0;0.00
4374.00;28706217_0;94.10;5.76;4090.00;5.03;23687583_0;5.10;0.00;tripinfo_in_as_to_sl.76;284.00;in_as_to_sl.76;0;1976.75;0.78;0.00;49.31;car;;2;7.00
4384.00;23156390_0;1121.44;9.50;4161.00;3.67;23687583_0;5.10;0.00;tripinfo_in_as_to_br.14;223.00;in_as_to_br.14;0;1694.48;0.91;0.00;53.38;car;;1;17.00
4384.00;28706217_0;94.10;7.18;4172.00;0.61;-230845886_0;5.10;0.00;tripinfo_in_ba_to_sl.48;212.00;in_ba_to_sl.48;0;1934.94;0.98;0.00;28.61;car;;1;1.00
4386.00;28706217_0;94.10;9.01;4146.00;9.23;23687583_0;5.10;0.00;tripinfo_in_as_to_sl.78;240.00;in_as_to_sl.78;0;1976.75;1.12;0.00;75.59;car;;2;20.00
4386.00;45494495_0;58.90;9.64;4208.00;0.54;-230845886_0;5.10;0.00;tripinfo_in_ba_to_os.64;178.00;in_ba_to_os.64;0;1647.96;0.92;0.00;15.89;car;;0;0.00
4388.00;28706217_0;94.10;9.05;4155.00;5.48;23687583_0;5.10;0.00;tripinfo_in_as_to_sl.79;233.00;in_as_to_sl.79;0;1976.75;1.09;0.00;65.03;car;;1;17.00
4392.00;45494495_0;58.90;9.48;4164.00;5.74;23687583_0;5.10;0.00;tripinfo_in_as_to_os.52;228.00;in_as_to_os.52;0;1689.77;0.94;0.00;65.90;car;;2;24.00
4405.00;23156030#6_0;109.07;9.52;4100.00;0.99;23687583_0;5.10;0.00;tripinfo_in_as_to_od.17;305.00;in_as_to_od.17;0;2357.31;0.87;0.00;60.37;car;;1;4.00
4407.00;23156305_0;1264.14;10.80;4109.00;0.80;-45494495_0;5.10;0.00;tripinfo_in_os_to_gg.18;298.00;in_os_to_gg.18;0;3034.34;1.03;0.00;31.86;car;;0;0.00
4409.00;41899283#1_0;148.70;9.74;4258.00;1.21;-230845886_0;5.10;0.00;tripinfo_in_ba_to_as.75;151.00;in_ba_to_as.75;0;1430.78;0.97;0.00;16.60;car;;0;0.00
4410.00;230845886_0;633.12;10.17;4228.00;39.79;23687583_0;5.10;0.00;tripinfo_in_as_to_ba.48;182.00;in_as_to_ba.48;0;1356.50;1.00;0.00;59.00;car;;2;18.00
4414.00;23156390_0;1121.44;10.26;4176.00;6.49;23687583_0;5.10;0.00;tripinfo_in_as_to_br.15;238.00;in_as_to_br.15;0;1694.48;0.93;0.00;74.00;car;;4;27.00
4416.00;23156030#6_0;109.07;11.00;4152.00;4.40;23687583_0;5.10;0.00;tripinfo_in_as_to_od.18;264.00;in_as_to_od.18;0;2357.31;1.04;0.00;59.52;car;;1;20.00
4420.00;230845886_0;633.12;10.87;4240.00;33.90;23687583_0;5.10;0.00;tripinfo_in_as_to_ba.49;180.00;in_as_to_ba.49;0;1356.50;1.08;0.00;66.45;car;;4;24.00
4421.00;23156305_0;1264.14;9.88;4132.00;5.68;-230845886_0;5.10;0.00;tripinfo_in_ba_to_gg.33;289.00;in_ba_to_gg.33;0;2718.65;0.97;0.00;34.29;car;;1;6.00
4422.00;230845886_0;633.12;11.88;4247.00;35.93;23687583_0;5.10;0.00;tripinfo_in_as_to_ba.50;175.00;in_as_to_ba.50;0;1356.50;1.11;0.00;64.56;car;;3;20.00
4439.00;45494495_0;58.90;8.87;4244.00;0.97;-230845886_0;5.10;0.00;tripinfo_in_ba_to_os.65;195.00;in_ba_to_os.65;0;1647.96;0.84;0.00;17.13;car;;0;0.00
4448.00;28706217_0;94.10;6.29;4213.00;0.58;-230845886_0;5.10;0.00;tripinfo_in_ba_to_sl.49;235.00;in_ba_to_sl.49;0;1934.94;0.85;0.00;23.77;car;;0;0.00
4450.00;28706217_0;94.10;7.71;4387.00;0.01;-45494495_0;5.10;0.00;tripinfo_in_os_to_sl.21;63.00;in_os_to_sl.21;0;484.95;1.07;0.00;17.07;car;;0;0.00
4451.00;23156390_0;1121.44;12.51;4232.00;0.59;-45494495_0;5.10;0.00;tripinfo_in_os_to_br.12;219.00;in_os_to_br.12;0;2513.69;1.16;0.00;22.11;car;;0;0.00
4452.00;28706217_0;94.10;7.94;4185.00;12.35;23687583_0;5.10;0.00;tripinfo_in_as_to_sl.80;267.00;in_as_to_sl.80;0;1976.75;0.96;0.00;76.60;car;;2;24.00
4452.00;45494495_0;58.90;9.85;4214.00;32.82;23687583_0;5.10;0.00;tripinfo_in_as_to_os.53;238.00;in_as_to_os.53;0;1689.77;0.89;0.00;67.12;car;;2;22.00
4453.00;41899283#1_0;148.70;8.97;4283.00;2.87;-230845886_0;5.10;0.00;tripinfo_in_ba_to_as.76;170.00;in_ba_to_as.76;0;1430.78;0.86;0.00;18.90;car;;1;2.00
4454.00;230845886_0;633.12;9.78;4256.00;39.63;23687583_0;5.10;0.00;tripinfo_in_as_to_ba.51;198.00;in_as_to_ba.51;0;1356.50;0.92;0.00;64.85;car;;3;20.00
4456.00;230845886_0;633.12;12.48;4282.00;57.14;23687583_0;5.10;0.00;tripinfo_in_as_to_ba.52;174.00;in_as_to_ba.52;0;1356.50;1.15;0.00;67.14;car;;4;23.00
4476.00;23156390_0;1121.44;10.95;4279.00;57.25;23687583_0;5.10;0.00;tripinfo_in_as_to_br.16;197.00;in_as_to_br.16;0;1694.48;1.09;0.00;55.65;car;;2;14.00
4477.00;41899283#1_0;148.70;9.76;4307.00;6.15;-230845886_0;5.10;0.00;tripinfo_in_ba_to_as.77;170.00;in_ba_to_as.77;0;1430.78;0.89;0.00;23.45;car;;1;1.00
4477.00;23156030#6_0;109.07;10.43;4392.00;0.54;-45494495_0;5.10;0.00;tripinfo_in_os_to_od.21;85.00;in_os_to_od.21;0;865.51;1.01;0.00;6.79;car;;0;0.00
4479.00;41899283#1_0;148.70;11.64;4316.00;4.45;-230845886_0;5.10;0.00;tripinfo_in_ba_to_as.78;163.00;in_ba_to_as.78;0;1430.78;1.07;0.00;41.75;car;;0;0.00
4481.00;28706217_0;94.10;6.01;4248.00;0.52;-230845886_0;5.10;0.00;tripinfo_in_ba_to_sl.50;233.00;in_ba_to_sl.50;0;1934.94;0.87;0.00;26.22;car;;0;0.00
4481.00;41899283#1_0;148.70;11.77;4319.00;0.76;-45494495_0;5.10;0.00;tripinfo_in_os_to_as.29;162.00;in_os_to_as.29;0;1746.47;1.07;0.00;14.14;car;;0;0.00
4483.00;28706217_0;94.10;8.75;4234.00;39.45;23687583_0;5.10;0.00;tripinfo_in_as_to_sl.81;249.00;in_as_to_sl.81;0;1976.75;1.12;0.00;85.53;car;;2;18.00
4483.00;45494495_0;58.90;10.30;4262.00;42.77;23687583_0;5.10;0.00;tripinfo_in_as_to_os.54;221.00;in_as_to_os.54;0;1689.77;1.04;0.00;74.61;car;;4;19.00
4485.00;28706217_0;94.10;9.28;4244.00;35.10;23687583_0;5.10;0.00;tripinfo_in_as_to_sl.82;241.00;in_as_to_sl.82;0;1976.75;1.13;0.00;78.77;car;;3;21.00
4487.00;230845886_0;633.12;10.98;4330.00;84.02;23687583_0;5.10;0.00;tripinfo_in_as_to_ba.53;157.00;in_as_to_ba.53;0;1356.50;1.04;0.00;39.64;car;;1;8.00
4495.00;230845886_0;633.12;11.10;4331.00;0.05;-45494495_0;5.10;0.00;tripinfo_in_os_to_ba.31;164.00;in_os_to_ba.31;0;1746.52;1.06;0.00;14.36;car;;0;0.00
4496.00;28706217_0;94.10;8.74;4253.00;39.13;23687583_0;5.10;0.00;tripinfo_in_as_to_sl.83;243.00;in_as_to_sl.83;0;1976.75;1.05;0.00;68.77;car;;4;19.00
4502.00;230845886_0;633.12;11.31;4358.00;74.06;23687583_0;5.10;0.00;tripinfo_in_as_to_ba.54;144.00;in_as_to_ba.54;0;1356.50;1.07;0.00;28.64;car;;1;7.00
4515.00;41899283#1_0;148.70;9.91;4355.00;0.07;-230845886_0;5.10;0.00;tripinfo_in_ba_to_as.79;160.00;in_ba_to_as.79;0;1430.78;0.91;0.00;17.57;car;;0;0.00
4518.00;41899283#1_0;148.70;9.77;4358.00;0.92;-230845886_0;5.10;0.00;tripinfo_in_ba_to_as.80;160.00;in_ba_to_as.80;0;1430.78;0.94;0.00;22.56;car;;0;0.00
4519.00;45494495_0;58.90;9.67;4306.00;75.06;23687583_0;5.10;0.00;tripinfo_in_as_to_os.55;213.00;in_as_to_os.55;0;1689.77;0.98;0.00;56.23;car;;2;4.00
4523.00;45494495_0;58.90;8.86;4312.00;80.04;23687583_0;5.10;0.00;tripinfo_in_as_to_os.56;211.00;in_as_to_os.56;0;1689.77;0.91;0.00;43.00;car;;2;7.00
4528.00;45494495_0;58.90;10.14;4318.00;79.81;23687583_0;5.10;0.00;tripinfo_in_as_to_os.57;210.00;in_as_to_os.57;0;1689.77;0.94;0.00;47.44;car;;2;10.00
4528.00;28706217_0;94.10;6.71;4468.00;0.24;-45494495_0;5.10;0.00;tripinfo_in_os_to_sl.22;60.00;in_os_to_sl.22;0;484.95;0.96;0.00;8.56;car;;0;0.00
4538.00;41899283#1_0;148.70;12.40;4371.00;1.83;-230845886_0;5.10;0.00;tripinfo_in_ba_to_as.81;167.00;in_ba_to_as.81;0;1430.78;1.18;0.00;57.07;car;;0;0.00
4539.00;23156305_0;1264.14;8.40;4342.00;70.01;23687583_0;5.10;0.00;tripinfo_in_as_to_gg.20;197.00;in_as_to_gg.20;0;1600.87;0.84;0.00;23.40;car;;0;0.00
4541.00;23156305_0;1264.14;9.48;4187.00;0.04;-45494495_0;5.10;0.00;tripinfo_in_os_to_gg.19;354.00;in_os_to_gg.19;0;3034.34;0.91;0.00;51.27;car;;1;7.00
4546.00;23156305_0;1264.14;10.36;4376.00;68.32;23687583_0;5.10;0.00;tripinfo_in_as_to_gg.21;170.00;in_as_to_gg.21;0;1600.87;1.05;0.00;31.32;car;;1;6.00
4547.00;28716808#1_0;754.74;9.72;4343.00;0.38;-230845886_0;5.10;0.00;tripinfo_in_ba_to_kl.6;204.00;in_ba_to_kl.6;0;1727.09;0.88;0.00;26.27;car;;2;3.00
4548.00;41899283#1_0;148.70;10.84;4386.00;0.68;-230845886_0;5.10;0.00;tripinfo_in_ba_to_as.82;162.00;in_ba_to_as.82;0;1430.78;1.02;0.00;35.75;car;;0;0.00
4553.00;28706217_0;94.10;6.79;4310.00;6.86;-230845886_0;5.10;0.00;tripinfo_in_ba_to_sl.51;243.00;in_ba_to_sl.51;0;1934.94;0.87;0.00;36.17;car;;1;3.00
4556.00;28706217_0;94.10;7.54;4315.00;79.37;23687583_0;5.10;0.00;tripinfo_in_as_to_sl.84;241.00;in_as_to_sl.84;0;1976.75;1.00;0.00;57.48;car;;2;5.00
4558.00;28706217_0;94.10;9.12;4330.00;0.77;-230845886_0;5.10;0.00;tripinfo_in_ba_to_sl.52;228.00;in_ba_to_sl.52;0;1934.94;1.15;0.00;70.71;car;;1;6.00
4569.00;23156390_0;1121.44;10.90;4339.00;3.37;-230845886_0;5.10;0.00;tripinfo_in_ba_to_br.4;230.00;in_ba_to_br.4;0;2198.00;1.08;0.00;46.00;car;;2;7.00
4569.00;45494495_0;58.90;10.86;4380.00;5.70;-230845886_0;5.10;0.00;tripinfo_in_ba_to_os.66;189.00;in_ba_to_os.66;0;1647.96;1.02;0.00;42.11;car;;0;0.00
4576.00;41899283#1_0;148.70;9.99;4402.00;3.74;-230845886_0;5.10;0.00;tripinfo_in_ba_to_as.83;174.00;in_ba_to_as.83;0;1430.78;0.94;0.00;35.32;car;;2;9.00
4586.00;45494495_0;58.90;8.64;4382.00;67.58;23687583_0;5.10;0.00;tripinfo_in_as_to_os.58;204.00;in_as_to_os.58;0;1689.77;0.89;0.00;31.85;car;;1;6.00
4588.00;45494495_0;58.90;9.91;4388.00;71.84;23687583_0;5.10;0.00;tripinfo_in_as_to_os.59;200.00;in_as_to_os.59;0;1689.77;0.97;0.00;43.14;car;;1;3.00
4590.00;45494495_0;58.90;11.20;4391.00;70.43;23687583_0;5.10;0.00;tripinfo_in_as_to_os.60;199.00;in_as_to_os.60;0;1689.77;1.03;0.00;51.23;car;;1;3.00
4597.00;23156030#6_0;109.07;8.40;4302.00;76.60;23687583_0;5.10;0.00;tripinfo_in_as_to_od.19;295.00;in_as_to_od.19;0;2357.31;0.85;0.00;43.56;car;;2;8.00
4598.00;45494495_0;58.90;9.87;4410.00;7.47;-230845886_0;5.10;0.00;tripinfo_in_ba_to_os.67;188.00;in_ba_to_os.67;0;1647.96;0.91;0.00;23.35;car;;1;4.00
4600.00;45494495_0;58.90;11.68;4422.00;9.56;-230845886_0;5.10;0.00;tripinfo_in_ba_to_os.68;178.00;in_ba_to_os.68;0;1647.96;1.08;0.00;39.71;car;;1;3.00
4604.00;23156390_0;1121.44;11.32;4353.00;0.06;-45494495_0;5.10;0.00;tripinfo_in_os_to_br.13;251.00;in_os_to_br.13;0;2513.69;1.05;0.00;32.46;car;;2;7.00
4611.00;23156390_0;1121.44;11.31;4412.00;65.62;23687583_0;5.10;0.00;tripinfo_in_as_to_br.17;199.00;in_as_to_br.17;0;1694.48;1.06;0.00;54.33;car;;2;19.00
4613.00;45494495_0;58.90;9.54;4400.00;65.33;23687583_0;5.10;0.00;tripinfo_in_as_to_os.61;213.00;in_as_to_os.61;0;1689.77;0.93;0.00;49.27;car;;2;14.00
4613.00;41899283#1_0;148.70;10.12;4443.00;5.03;-230845886_0;5.10;0.00;tripinfo_in_ba_to_as.84;170.00;in_ba_to_as.84;0;1430.78;0.94;0.00;31.53;car;;1;5.00
4617.00;28706217_0;94.10;6.12;4367.00;77.51;23687583_0;5.10;0.00;tripinfo_in_as_to_sl.85;250.00;in_as_to_sl.85;0;1976.75;0.89;0.00;43.52;car;;2;12.00
4617.00;41899283#1_0;148.70;9.67;4409.00;0.61;-45494495_0;5.10;0.00;tripinfo_in_os_to_as.30;208.00;in_os_to_as.30;0;1746.47;0.95;0.00;40.32;car;;1;17.00
4619.00;230845886_0;633.12;9.33;4403.00;0.59;-45494495_0;5.10;0.00;tripinfo_in_os_to_ba.32;216.00;in_os_to_ba.32;0;1746.52;0.88;0.00;36.75;car;;1;18.00
4619.00;23156030#6_0;109.07;11.74;4523.00;1.61;-45494495_0;5.10;0.00;tripinfo_in_os_to_od.22;96.00;in_os_to_od.22;0;865.51;1.08;0.00;22.75;car;;1;11.00
4620.00;45494495_0;58.90;9.64;4440.00;12.84;-230845886_0;5.10;0.00;tripinfo_in_ba_to_os.69;180.00;in_ba_to_os.69;0;1647.96;0.98;0.00;27.83;car;;1;1.00
4628.00;23156305_0;1264.14;12.13;4346.00;1.45;-45494495_0;5.10;0.00;tripinfo_in_os_to_gg.20;282.00;in_os_to_gg.20;0;3034.34;1.14;0.00;38.77;car;;1;1.00
4647.00;28716808#1_0;754.74;11.71;4418.00;0.13;-45494495_0;5.10;0.00;tripinfo_in_os_to_kl.13;229.00;in_os_to_kl.13;0;2042.78;1.15;0.00;68.79;car;;3;23.00
4649.00;45494495_0;58.90;10.54;4424.00;62.36;23687583_0;5.10;0.00;tripinfo_in_as_to_os.62;225.00;in_as_to_os.62;0;1689.77;0.96;0.00;65.21;car;;3;24.00
4653.00;41899283#1_0;148.70;9.46;4490.00;13.02;-230845886_0;5.10;0.00;tripinfo_in_ba_to_as.85;163.00;in_ba_to_as.85;0;1430.78;0.95;0.00;25.82;car;;1;1.00
4657.00;45494495_0;58.90;9.50;4427.00;58.41;23687583_0;5.10;0.00;tripinfo_in_as_to_os.63;230.00;in_as_to_os.63;0;1689.77;0.92;0.00;63.71;car;;3;23.00
4658.00;23156030#6_0;109.07;10.90;4413.00;9.72;-230845886_0;5.10;0.00;tripinfo_in_ba_to_od.7;245.00;in_ba_to_od.7;0;2315.50;1.07;0.00;49.64;car;;1;4.00
4659.00;45494495_0;58.90;9.63;4430.00;61.36;23687583_0;5.10;0.00;tripinfo_in_as_to_os.64;229.00;in_as_to_os.64;0;1689.77;0.95;0.00;69.17;car;;3;23.00
4660.00;23156305_0;1264.14;10.03;4365.00;0.76;-230845886_0;5.10;0.00;tripinfo_in_ba_to_gg.34;295.00;in_ba_to_gg.34;0;2718.65;1.01;0.00;49.19;car;;0;0.00
4661.00;23156305_0;1264.14;11.87;4368.00;1.65;-230845886_0;5.10;0.00;tripinfo_in_ba_to_gg.35;293.00;in_ba_to_gg.35;0;2718.65;1.23;0.00;92.19;car;;0;0.00
4661.00;45494495_0;58.90;10.18;4481.00;13.28;-230845886_0;5.10;0.00;tripinfo_in_ba_to_os.70;180.00;in_ba_to_os.70;0;1647.96;0.98;0.00;27.92;car;;1;3.00
4663.00;41899283#1_0;148.70;9.23;4508.00;21.80;-230845886_0;5.10;0.00;tripinfo_in_ba_to_as.86;155.00;in_ba_to_as.86;0;1430.78;0.94;0.00;16.34;car;;0;0.00
4677.00;45494495_0;58.90;9.57;4495.00;15.02;-230845886_0;5.10;0.00;tripinfo_in_ba_to_os.71;182.00;in_ba_to_os.71;0;1647.96;0.92;0.00;19.80;car;;0;0.00
4688.00;41899283#1_0;148.70;8.42;4459.00;0.45;-45494495_0;5.10;0.00;tripinfo_in_os_to_as.31;229.00;in_os_to_as.31;0;1746.47;0.86;0.00;44.10;car;;2;16.00
4689.00;41899283#1_0;148.70;11.00;4517.00;7.36;-230845886_0;5.10;0.00;tripinfo_in_ba_to_as.87;172.00;in_ba_to_as.87;0;1430.78;1.04;0.00;47.26;car;;1;3.00
4690.00;23156305_0;1264.14;11.44;4399.00;0.96;-230845886_0;5.10;0.00;tripinfo_in_ba_to_gg.36;291.00;in_ba_to_gg.36;0;2718.65;1.05;0.00;54.96;car;;2;12.00
4691.00;45494495_0;58.90;9.17;4511.00;9.06;-230845886_0;5.10;0.00;tripinfo_in_ba_to_os.72;180.00;in_ba_to_os.72;0;1647.96;0.90;0.00;14.11;car;;0;0.00
4691.00;41899283#1_0;148.70;11.29;4529.00;14.05;-230845886_0;5.10;0.00;tripinfo_in_ba_to_as.88;162.00;in_ba_to_as.88;0;1430.78;1.03;0.00;36.38;car;;0;0.00
4692.00;28706217_0;94.10;6.12;4421.00;63.04;23687583_0;5.10;0.00;tripinfo_in_as_to_sl.86;271.00;in_as_to_sl.86;0;1976.75;0.88;0.00;62.22;car;;3;19.00
4692.00;23156305_0;1264.14;11.27;4425.00;10.50;-230845886_0;5.10;0.00;tripinfo_in_ba_to_gg.37;267.00;in_ba_to_gg.37;0;2718.65;1.11;0.00;43.39;car;;1;1.00
4694.00;28706217_0;94.10;8.39;4463.00;1.84;-230845886_0;5.10;0.00;tripinfo_in_ba_to_sl.53;231.00;in_ba_to_sl.53;0;1934.94;1.02;0.00;54.33;car;;2;4.00
4696.00;41899283#1_0;148.70;11.04;4547.00;8.49;-230845886_0;5.10;0.00;tripinfo_in_ba_to_as.89;149.00;in_ba_to_as.89;0;1430.78;1.10;0.00;30.60;car;;0;0.00
4701.00;23156390_0;1121.44;9.42;4414.00;0.01;-45494495_0;5.10;0.00;tripinfo_in_os_to_br.14;287.00;in_os_to_br.14;0;2513.69;0.94;0.00;44.56;car;;1;15.00
4703.00;23156030#6_0;109.07;10.08;4403.00;61.65;23687583_0;5.10;0.00;tripinfo_in_as_to_od.20;300.00;in_as_to_od.20;0;2357.31;0.92;0.00;68.22;car;;3;24.00
4707.00;45494495_0;58.90;10.68;4532.00;16.08;-230845886_0;5.10;0.00;tripinfo_in_ba_to_os.73;175.00;in_ba_to_os.73;0;1647.96;1.00;0.00;25.44;car;;0;0.00
4714.00;28706217_0;94.10;6.91;4487.00;13.97;-230845886_0;5.10;0.00;tripinfo_in_ba_to_sl.54;227.00;in_ba_to_sl.54;0;1934.94;0.90;0.00;25.68;car;;1;2.00
4716.00;28706217_0;94.10;7.91;4498.00;17.49;-230845886_0;5.10;0.00;tripinfo_in_ba_to_sl.55;218.00;in_ba_to_sl.55;0;1934.94;1.08;0.00;50.77;car;;0;0.00
4718.00;28706217_0;94.10;7.43;4657.00;4.96;-45494495_0;5.10;0.00;tripinfo_in_os_to_sl.23;61.00;in_os_to_sl.23;0;484.95;1.04;0.00;13.93;car;;0;0.00
4729.00;23156030#6_0;109.07;12.52;4643.00;4.19;-45494495_0;5.10;0.00;tripinfo_in_os_to_od.23;86.00;in_os_to_od.23;0;865.51;1.16;0.00;18.70;car;;1;7.00
4733.00;45494495_0;58.90;10.32;4541.00;13.89;-230845886_0;5.10;0.00;tripinfo_in_ba_to_os.74;192.00;in_ba_to_os.74;0;1647.96;1.02;0.00;45.06;car;;0;0.00
4735.00;23156390_0;1121.44;10.40;4505.00;19.54;-230845886_0;5.10;0.00;tripinfo_in_ba_to_br.5;230.00;in_ba_to_br.5;0;2198.00;0.98;0.00;26.57;car;;0;0.00
4736.00;45494495_0;58.90;10.48;4556.00;3.96;-230845886_0;5.10;0.00;tripinfo_in_ba_to_os.75;180.00;in_ba_to_os.75;0;1647.96;0.98;0.00;27.80;car;;0;0.00
4758.00;23156305_0;1264.14;9.20;4431.00;9.65;-230845886_0;5.10;0.00;tripinfo_in_ba_to_gg.38;327.00;in_ba_to_gg.38;0;2718.65;0.84;0.00;33.81;car;;1;2.00
4760.00;23156305_0;1264.14;12.09;4502.00;19.42;-230845886_0;5.10;0.00;tripinfo_in_ba_to_gg.39;258.00;in_ba_to_gg.39;0;2718.65;1.20;0.00;51.75;car;;0;0.00
4766.00;41899283#1_0;148.70;10.68;4549.00;1.40;-45494495_0;5.10;0.00;tripinfo_in_os_to_as.32;217.00;in_os_to_as.32;0;1746.47;1.04;0.00;64.40;car;;0;0.00
4775.00;28706217_0;94.10;9.24;4581.00;0.45;-230845886_0;5.10;0.00;tripinfo_in_ba_to_sl.56;194.00;in_ba_to_sl.56;0;1934.94;1.16;0.00;38.64;car;;1;2.00
4778.00;28706217_0;94.10;9.45;4587.00;2.85;-230845886_0;5.10;0.00;tripinfo_in_ba_to_sl.57;191.00;in_ba_to_sl.57;0;1934.94;1.15;0.00;34.85;car;;0;0.00
4780.00;41899283#1_0;148.70;9.87;4620.00;0.03;-230845886_0;5.10;0.00;tripinfo_in_ba_to_as.90;160.00;in_ba_to_as.90;0;1430.78;0.91;0.00;17.05;car;;0;0.00
4784.00;28706217_0;94.10;8.27;4729.00;3.67;-45494495_0;5.10;0.00;tripinfo_in_os_to_sl.24;55.00;in_os_to_sl.24;0;484.95;1.09;0.00;10.11;car;;0;0.00
4786.00;45494495_0;58.90;10.93;4626.00;0.07;-230845886_0;5.10;0.00;tripinfo_in_ba_to_os.76;160.00;in_ba_to_os.76;0;1647.96;1.06;0.00;18.79;car;;0;0.00
4797.00;45494495_0;58.90;10.31;4642.00;0.22;-230845886_0;5.10;0.00;tripinfo_in_ba_to_os.77;155.00;in_ba_to_os.77;0;1647.96;1.04;0.00;12.23;car;;0;0.00
4809.00;28706217_0;94.10;8.93;4612.00;0.37;-230845886_0;5.10;0.00;tripinfo_in_ba_to_sl.58;197.00;in_ba_to_sl.58;0;1934.94;1.14;0.00;38.88;car;;0;0.00
4813.00;23156030#6_0;109.07;9.84;4707.00;1.34;-45494495_0;5.10;0.00;tripinfo_in_os_to_od.24;106.00;in_os_to_od.24;0;865.51;0.92;0.00;20.60;car;;1;9.00
4825.00;23156030#6_0;109.07;8.53;4535.00;10.75;-230845886_0;5.10;0.00;tripinfo_in_ba_to_od.8;290.00;in_ba_to_od.8;0;2315.50;0.80;0.00;29.50;car;;1;2.00
4837.00;28706217_0;94.10;6.11;4772.00;3.65;-45494495_0;5.10;0.00;tripinfo_in_os_to_sl.25;65.00;in_os_to_sl.25;0;484.95;0.86;0.00;7.73;car;;0;0.00
4842.00;23156390_0;1121.44;10.90;4561.00;0.69;-45494495_0;5.10;0.00;tripinfo_in_os_to_br.15;281.00;in_os_to_br.15;0;2513.69;1.05;0.00;63.24;car;;1;6.00
4845.00;45494495_0;58.90;12.00;4681.00;6.12;-230845886_0;5.10;0.00;tripinfo_in_ba_to_os.78;164.00;in_ba_to_os.78;0;1647.96;1.11;0.00;29.95;car;;0;0.00
4853.00;45494495_0;58.90;11.65;4684.00;5.05;-230845886_0;5.10;0.00;tripinfo_in_ba_to_os.79;169.00;in_ba_to_os.79;0;1647.96;1.05;0.00;26.93;car;;0;0.00
4857.00;41899283#1_0;148.70;10.65;4693.00;8.84;-230845886_0;5.10;0.00;tripinfo_in_ba_to_as.91;164.00;in_ba_to_as.91;0;1430.78;0.96;0.00;28.74;car;;1;3.00
4863.00;23156390_0;1121.44;11.31;4590.00;1.08;-45494495_0;5.10;0.00;tripinfo_in_os_to_br.16;273.00;in_os_to_br.16;0;2513.69;1.06;0.00;56.64;car;;1;1.00
4864.00;28706217_0;94.10;7.39;4801.00;4.37;-45494495_0;5.10;0.00;tripinfo_in_os_to_sl.26;63.00;in_os_to_sl.26;0;484.95;0.90;0.00;7.85;car;;0;0.00
4868.00;28716808#1_0;754.74;9.21;4634.00;0.98;-45494495_0;5.10;0.00;tripinfo_in_os_to_kl.14;234.00;in_os_to_kl.14;0;2042.78;0.94;0.00;36.27;car;;1;10.00
4883.00;28716808#1_0;754.74;11.53;4653.00;0.99;-45494495_0;5.10;0.00;tripinfo_in_os_to_kl.15;230.00;in_os_to_kl.15;0;2042.78;1.09;0.00;58.93;car;;4;13.00
4883.00;23156030#6_0;109.07;11.20;4798.00;2.18;-45494495_0;5.10;0.00;tripinfo_in_os_to_od.25;85.00;in_os_to_od.25;0;865.51;1.02;0.00;8.16;car;;0;0.00
4894.00;45494495_0;58.90;10.80;4699.00;4.38;-230845886_0;5.10;0.00;tripinfo_in_ba_to_os.80;195.00;in_ba_to_os.80;0;1647.96;1.05;0.00;52.65;car;;0;0.00
4916.00;23156390_0;1121.44;10.29;4678.00;8.10;-230845886_0;5.10;0.00;tripinfo_in_ba_to_br.6;238.00;in_ba_to_br.6;0;2198.00;0.98;0.00;34.20;car;;0;0.00
4918.00;23156390_0;1121.44;12.20;4637.00;2.99;-45494495_0;5.10;0.00;tripinfo_in_os_to_br.17;281.00;in_os_to_br.17;0;2513.69;1.10;0.00;73.40;car;;2;11.00
4921.00;23156390_0;1121.44;11.13;4640.00;3.46;-45494495_0;5.10;0.00;tripinfo_in_os_to_br.18;281.00;in_os_to_br.18;0;2513.69;1.11;0.00;74.48;car;;4;20.00
4932.00;23156305_0;1264.14;8.69;4546.00;0.18;-45494495_0;5.10;0.00;tripinfo_in_os_to_gg.21;386.00;in_os_to_gg.21;0;3034.34;0.79;0.00;34.19;car;;0;0.00
4934.00;23156305_0;1264.14;11.01;4556.00;0.31;-45494495_0;5.10;0.00;tripinfo_in_os_to_gg.22;378.00;in_os_to_gg.22;0;3034.34;1.02;0.00;108.26;car;;1;8.00
4936.00;23156305_0;1264.14;9.37;4576.00;0.74;-45494495_0;5.10;0.00;tripinfo_in_os_to_gg.23;360.00;in_os_to_gg.23;0;3034.34;0.90;0.00;54.59;car;;2;20.00
4938.00;28706217_0;94.10;7.17;4703.00;7.75;-230845886_0;5.10;0.00;tripinfo_in_ba_to_sl.59;235.00;in_ba_to_sl.59;0;1934.94;1.01;0.00;57.21;car;;1;3.00
4961.00;28706217_0;94.10;6.46;4897.00;0.84;-45494495_0;5.10;0.00;tripinfo_in_os_to_sl.27;64.00;in_os_to_sl.27;0;484.95;0.86;0.00;7.28;car;;0;0.00
4962.00;23156305_0;1264.14;8.53;4580.00;0.19;-45494495_0;5.10;0.00;tripinfo_in_os_to_gg.24;382.00;in_os_to_gg.24;0;3034.34;0.81;0.00;42.63;car;;1;2.00
4966.00;23156030#6_0;109.07;11.00;4706.00;6.33;-230845886_0;5.10;0.00;tripinfo_in_ba_to_od.9;260.00;in_ba_to_od.9;0;2315.50;1.03;0.00;57.32;car;;1;1.00
4973.00;23156305_0;1264.14;9.10;4663.00;0.96;-230845886_0;5.10;0.00;tripinfo_in_ba_to_gg.40;310.00;in_ba_to_gg.40;0;2718.65;0.91;0.00;40.20;car;;1;2.00
4984.00;23156305_0;1264.14;9.80;4666.00;3.61;-230845886_0;5.10;0.00;tripinfo_in_ba_to_gg.41;318.00;in_ba_to_gg.41;0;2718.65;0.88;0.00;38.32;car;;1;2.00
5041.00;23156030#6_0;109.07;9.83;4952.00;0.35;-45494495_0;5.10;0.00;tripinfo_in_os_to_od.26;89.00;in_os_to_od.26;0;865.51;0.96;0.00;7.35;car;;0;0.00
5043.00;28706217_0;94.10;8.16;4981.00;0.15;-45494495_0;5.10;0.00;tripinfo_in_os_to_sl.28;62.00;in_os_to_sl.28;0;484.95;1.00;0.00;13.05;car;;1;2.00
5113.00;23156030#6_0;109.07;10.09;5015.00;4.84;-45494495_0;5.10;0.00;tripinfo_out_os_to_od.0;98.00;out_os_to_od.0;0;865.51;0.99;0.00;18.99;car;;1;7.00
5113.00;23156030#6_1;109.07;11.03;5035.00;0.00;-45494495_0;5.10;0.00;tripinfo_out_os_to_od.1;78.00;out_os_to_od.1;0;865.51;1.11;0.00;7.41;car;;0;0.00
5141.00;23156030#6_0;109.07;10.07;5038.00;2.82;-45494495_0;5.10;0.00;tripinfo_out_os_to_od.2;103.00;out_os_to_od.2;0;865.51;0.95;0.00;20.43;car;;1;7.00
5151.00;23156030#6_0;109.07;11.84;5061.00;0.15;-45494495_0;5.10;0.00;tripinfo_out_os_to_od.3;90.00;out_os_to_od.3;0;865.51;1.13;0.00;20.66;car;;1;10.00
5165.00;23156030#6_0;109.07;9.80;5071.00;0.96;-45494495_0;5.10;0.00;tripinfo_out_os_to_od.4;94.00;out_os_to_od.4;0;865.51;0.92;0.00;9.09;car;;0;0.00
5170.00;28706217_0;94.10;7.09;5106.00;0.76;-45494495_0;5.10;0.00;tripinfo_out_os_to_sl.0;64.00;out_os_to_sl.0;0;484.95;0.92;0.00;10.86;car;;1;1.00
5172.00;28706217_0;94.10;8.64;5122.00;0.56;-45494495_0;5.10;0.00;tripinfo_out_os_to_sl.1;50.00;out_os_to_sl.1;0;484.95;1.15;0.00;7.31;car;;0;0.00
5176.00;230845886_0;633.12;10.36;5012.00;0.67;-23527526_0;5.10;0.00;tripinfo_out_gj_to_ba.0;164.00;out_gj_to_ba.0;0;1702.89;1.03;0.00;13.77;car;;0;0.00
5230.00;28706217_0;94.10;9.30;5172.00;0.54;-45494495_0;5.10;0.00;tripinfo_out_os_to_sl.2;58.00;out_os_to_sl.2;0;484.95;1.13;0.00;14.61;car;;1;2.00
5245.00;41899283#1_0;148.70;12.07;5088.00;0.80;-23156305_0;5.10;0.00;tripinfo_out_gg_to_as.0;157.00;out_gg_to_as.0;0;1699.56;1.15;0.00;22.89;car;;0;0.00
5274.00;23156030#6_0;109.07;7.09;5134.00;0.35;-45494495_0;5.10;0.00;tripinfo_out_os_to_od.5;140.00;out_os_to_od.5;0;865.51;0.67;0.00;22.73;car;;1;7.00
5293.00;28706217_0;94.10;6.47;5224.00;0.41;-45494495_0;5.10;0.00;tripinfo_out_os_to_sl.3;69.00;out_os_to_sl.3;0;484.95;0.87;0.00;12.40;car;;0;0.00
5334.00;23156030#6_0;109.07;7.85;5228.00;0.58;-45494495_0;5.10;0.00;tripinfo_out_os_to_od.6;106.00;out_os_to_od.6;0;865.51;0.81;0.00;9.46;car;;0;0.00
5343.00;23156030#6_0;109.07;11.89;5252.00;0.48;-45494495_0;5.10;0.00;tripinfo_out_os_to_od.7;91.00;out_os_to_od.7;0;865.51;1.08;0.00;18.46;car;;1;7.00
5434.00;23156030#6_0;109.07;11.60;5339.00;0.04;-45494495_0;5.10;0.00;tripinfo_out_os_to_od.8;95.00;out_os_to_od.8;0;865.51;1.08;0.00;22.21;car;;1;11.00
5442.00;41899283#1_0;148.70;10.12;5266.00;0.10;-23156305_0;5.10;0.00;tripinfo_out_gg_to_as.1;176.00;out_gg_to_as.1;0;1699.56;0.99;0.00;19.77;car;;0;0.00
5463.00;23156030#6_0;109.07;9.16;5360.00;0.88;-45494495_0;5.10;0.00;tripinfo_out_os_to_od.9;103.00;out_os_to_od.9;0;865.51;0.92;0.00;17.96;car;;1;6.00
5503.00;23156030#6_0;109.07;9.98;5396.00;0.29;-45494495_0;5.10;0.00;tripinfo_out_os_to_od.10;107.00;out_os_to_od.10;0;865.51;0.93;0.00;22.42;car;;1;10.00
5564.00;23156030#6_0;109.07;11.04;5481.00;0.02;-45494495_0;5.10;0.00;tripinfo_out_os_to_od.11;83.00;out_os_to_od.11;0;865.51;1.04;0.00;7.53;car;;0;0.00
5608.00;23156030#6_0;109.07;10.47;5507.00;0.33;-45494495_0;5.10;0.00;tripinfo_out_os_to_od.12;101.00;out_os_to_od.12;0;865.51;1.00;0.00;22.34;car;;1;10.00
5611.00;28706217_0;94.10;7.08;5547.00;1.12;-45494495_0;5.10;0.00;tripinfo_out_os_to_sl.4;64.00;out_os_to_sl.4;0;484.95;0.89;0.00;8.20;car;;0;0.00
5616.00;23156030#6_0;109.07;9.59;5511.00;0.46;-45494495_0;5.10;0.00;tripinfo_out_os_to_od.13;105.00;out_os_to_od.13;0;865.51;0.92;0.00;19.09;car;;1;8.00
5642.00;23156030#6_0;109.07;10.48;5544.00;0.27;-45494495_0;5.10;0.00;tripinfo_out_os_to_od.15;98.00;out_os_to_od.15;0;865.51;0.97;0.00;17.29;car;;1;5.00
5647.00;23156030#6_0;109.07;8.83;5538.00;0.76;-45494495_0;5.10;0.00;tripinfo_out_os_to_od.14;109.00;out_os_to_od.14;0;865.51;0.87;0.00;18.52;car;;1;6.00
5662.00;23156030#6_0;109.07;9.31;5558.00;0.48;-45494495_0;5.10;0.00;tripinfo_out_os_to_od.16;104.00;out_os_to_od.16;0;865.51;0.94;0.00;21.18;car;;1;7.00
5667.00;23156030#6_0;109.07;9.72;5569.00;0.49;-45494495_0;5.10;0.00;tripinfo_out_os_to_od.17;98.00;out_os_to_od.17;0;865.51;0.90;0.00;11.50;car;;0;0.00
5700.00;23156030#6_1;109.07;10.36;5598.00;0.80;-45494495_0;5.10;0.00;tripinfo_out_os_to_od.19;102.00;out_os_to_od.19;0;865.51;0.96;0.00;20.29;car;;1;7.00
5704.00;23156030#6_0;109.07;7.74;5572.00;2.37;-45494495_0;5.10;0.00;tripinfo_out_os_to_od.18;132.00;out_os_to_od.18;0;865.51;0.70;0.00;21.34;car;;1;5.00
5709.00;28706217_0;94.10;7.68;5646.00;0.73;-45494495_0;5.10;0.00;tripinfo_out_os_to_sl.5;63.00;out_os_to_sl.5;0;484.95;0.97;0.00;12.55;car;;1;1.00
5796.00;23156030#6_0;109.07;12.07;5713.00;0.29;-45494495_0;5.10;0.00;tripinfo_out_os_to_od.20;83.00;out_os_to_od.20;0;865.51;1.13;0.00;13.79;car;;1;3.00
5804.00;23156030#6_0;109.07;10.27;5716.00;2.74;-45494495_0;5.10;0.00;tripinfo_out_os_to_od.21;88.00;out_os_to_od.21;0;865.51;1.02;0.00;10.77;car;;0;0.00
5824.00;23156030#6_0;109.07;10.64;5728.00;0.03;-45494495_0;5.10;0.00;tripinfo_out_os_to_od.22;96.00;out_os_to_od.22;0;865.51;0.98;0.00;15.77;car;;1;4.00
5878.00;23156030#6_1;109.07;12.80;5806.00;0.45;-45494495_0;5.10;0.00;tripinfo_out_os_to_od.24;72.00;out_os_to_od.24;0;865.51;1.20;0.00;6.78;car;;0;0.00
5886.00;23156030#6_0;109.07;10.26;5780.00;0.30;-45494495_0;5.10;0.00;tripinfo_out_os_to_od.23;106.00;out_os_to_od.23;0;865.51;0.96;0.00;23.91;car;;1;11.00
5937.00;23156030#6_0;109.07;10.13;5838.00;0.77;-45494495_0;5.10;0.00;tripinfo_out_os_to_od.25;99.00;out_os_to_od.25;0;865.51;1.01;0.00;21.33;car;;1;10.00
5968.00;28706217_0;94.10;7.41;5908.00;0.28;-45494495_0;5.10;0.00;tripinfo_out_os_to_sl.6;60.00;out_os_to_sl.6;0;484.95;0.93;0.00;7.55;car;;0;0.00
5969.00;23156030#6_0;109.07;11.39;5873.00;0.52;-45494495_0;5.10;0.00;tripinfo_out_os_to_od.26;96.00;out_os_to_od.26;0;865.51;1.07;0.00;22.46;car;;1;11.00
5969.00;23156030#6_1;109.07;11.85;5879.00;4.42;-45494495_0;5.10;0.00;tripinfo_out_os_to_od.27;90.00;out_os_to_od.27;0;865.51;1.11;0.00;19.59;car;;1;7.00
5990.00;23156030#6_0;109.07;10.84;5898.00;0.10;-45494495_0;5.10;0.00;tripinfo_out_os_to_od.28;92.00;out_os_to_od.28;0;865.51;1.04;0.00;17.26;car;;1;5.00
6017.00;23156030#6_0;109.07;9.88;5918.00;2.94;-45494495_0;5.10;0.00;tripinfo_out_os_to_od.29;99.00;out_os_to_od.29;0;865.51;0.94;0.00;15.03;car;;1;3.00
6062.00;23156030#6_0;109.07;11.51;5970.00;0.50;-45494495_0;5.10;0.00;tripinfo_out_os_to_od.30;92.00;out_os_to_od.30;0;865.51;1.11;0.00;21.47;car;;1;8.00
6075.00;23156030#6_0;109.07;10.17;5973.00;3.37;-45494495_0;5.10;0.00;tripinfo_out_os_to_od.31;102.00;out_os_to_od.31;0;865.51;0.93;0.00;17.05;car;;1;4.00
6078.00;23156030#6_0;109.07;8.87;5982.00;1.16;-45494495_0;5.10;0.00;tripinfo_out_os_to_od.32;96.00;out_os_to_od.32;0;865.51;0.91;0.00;9.88;car;;0;0.00
6086.00;28706217_0;94.10;7.80;6029.00;0.75;-45494495_0;5.10;0.00;tripinfo_out_os_to_sl.7;57.00;out_os_to_sl.7;0;484.95;1.06;0.00;10.53;car;;0;0.00
6118.00;23156030#6_0;109.07;10.96;6037.00;0.16;-45494495_0;5.10;0.00;tripinfo_out_os_to_od.33;81.00;out_os_to_od.33;0;865.51;1.06;0.00;7.30;car;;0;0.00
6243.00;23156030#6_0;109.07;9.14;6138.00;0.29;-45494495_0;5.10;0.00;tripinfo_out_os_to_od.34;105.00;out_os_to_od.34;0;865.51;0.86;0.00;13.80;car;;1;2.00
6283.00;23156030#6_0;109.07;10.53;6197.00;0.37;-45494495_0;5.10;0.00;tripinfo_out_os_to_od.35;86.00;out_os_to_od.35;0;865.51;0.99;0.00;6.90;car;;0;0.00
6313.00;23156030#6_0;109.07;10.81;6233.00;0.81;-45494495_0;5.10;0.00;tripinfo_out_os_to_od.37;80.00;out_os_to_od.37;0;865.51;1.07;0.00;7.29;car;;0;0.00
6332.00;23156030#6_0;109.07;7.66;6206.00;0.98;-45494495_0;5.10;0.00;tripinfo_out_os_to_od.36;126.00;out_os_to_od.36;0;865.51;0.77;0.00;23.73;car;;1;9.00
6394.00;23156030#6_0;109.07;10.54;6302.00;0.59;-45494495_0;5.10;0.00;tripinfo_out_os_to_od.38;92.00;out_os_to_od.38;0;865.51;1.06;0.00;18.34;car;;1;7.00
6403.00;23156030#6_0;109.07;10.13;6305.00;1.45;-45494495_0;5.10;0.00;tripinfo_out_os_to_od.39;98.00;out_os_to_od.39;0;865.51;0.94;0.00;15.02;car;;1;3.00
6433.00;23156030#6_0;109.07;9.68;6325.00;4.50;-45494495_0;5.10;0.00;tripinfo_out_os_to_od.40;108.00;out_os_to_od.40;0;865.51;0.91;0.00;22.28;car;;1;11.00
6445.00;23156030#6_0;109.07;10.76;6350.00;0.47;-45494495_0;5.10;0.00;tripinfo_out_os_to_od.41;95.00;out_os_to_od.41;0;865.51;1.05;0.00;19.78;car;;1;9.00
6484.00;28706217_0;94.10;7.29;6418.00;0.62;-45494495_0;5.10;0.00;tripinfo_out_os_to_sl.8;66.00;out_os_to_sl.8;0;484.95;0.98;0.00;15.41;car;;1;5.00
6513.00;23156030#6_0;109.07;8.26;6389.00;0.16;-45494495_0;5.10;0.00;tripinfo_out_os_to_od.42;124.00;out_os_to_od.42;0;865.51;0.76;0.00;20.38;car;;1;6.00
6551.00;23156030#6_0;109.07;11.63;6459.00;0.20;-45494495_0;5.10;0.00;tripinfo_out_os_to_od.43;92.00;out_os_to_od.43;0;865.51;1.12;0.00;22.51;car;;1;10.00
6622.00;28706217_0;94.10;8.70;6564.00;0.91;-45494495_0;5.10;0.00;tripinfo_out_os_to_sl.9;58.00;out_os_to_sl.9;0;484.95;1.07;0.00;11.54;car;;0;0.00
6657.00;23156030#6_0;109.07;10.20;6574.00;0.14;-45494495_0;5.10;0.00;tripinfo_out_os_to_od.44;83.00;out_os_to_od.44;0;865.51;1.03;0.00;7.15;car;;0;0.00
6677.00;23156030#6_0;109.07;10.53;6582.00;0.92;-45494495_0;5.10;0.00;tripinfo_out_os_to_od.45;95.00;out_os_to_od.45;0;865.51;1.02;0.00;18.43;car;;1;7.00
6707.00;23156030#6_0;109.07;9.52;6598.00;0.69;-45494495_0;5.10;0.00;tripinfo_out_os_to_od.46;109.00;out_os_to_od.46;0;865.51;0.86;0.00;18.45;car;;1;8.00
6756.00;23156030#6_0;109.07;10.82;6660.00;0.21;-45494495_0;5.10;0.00;tripinfo_out_os_to_od.47;96.00;out_os_to_od.47;0;865.51;1.04;0.00;20.21;car;;1;9.00
6769.00;23156030#6_0;109.07;8.84;6675.00;0.69;-45494495_0;5.10;0.00;tripinfo_out_os_to_od.48;94.00;out_os_to_od.48;0;865.51;0.91;0.00;8.08;car;;0;0.00
6832.00;23156030#6_0;109.07;10.25;6727.00;0.29;-45494495_0;5.10;0.00;tripinfo_out_os_to_od.49;105.00;out_os_to_od.49;0;865.51;0.92;0.00;20.41;car;;1;8.00
6865.00;23156030#6_0;109.07;9.04;6755.00;0.92;-45494495_0;5.10;0.00;tripinfo_out_os_to_od.50;110.00;out_os_to_od.50;0;865.51;0.90;0.00;23.37;car;;1;9.00
6911.00;23156030#6_0;109.07;11.18;6816.00;2.76;-45494495_0;5.10;0.00;tripinfo_out_os_to_od.51;95.00;out_os_to_od.51;0;865.51;1.04;0.00;19.54;car;;1;6.00
