tripinfo_arrival;tripinfo_arrivalLane;tripinfo_arrivalPos;tripinfo_arrivalSpeed;tripinfo_depart;tripinfo_departDelay;tripinfo_departLane;tripinfo_departPos;tripinfo_departSpeed;tripinfo_devices;tripinfo_duration;tripinfo_id;tripinfo_rerouteNo;tripinfo_routeLength;tripinfo_speedFactor;tripinfo_stopTime;tripinfo_timeLoss;tripinfo_vType;tripinfo_vaporized;tripinfo_waitingCount;tripinfo_waitingTime
76.00;28706217_0;94.10;8.65;22.00;3.61;-45494495_0;5.10;0.00;tripinfo_wu_os_to_sl.0;54.00;wu_os_to_sl.0;0;484.95;1.06;0.00;7.41;car;;0;0.00
105.00;45494495_0;58.90;10.77;10.00;2.62;803785575#0_0;5.10;0.00;tripinfo_wu_od_to_os.0;95.00;wu_od_to_os.0;0;969.96;1.01;0.00;8.19;car;;0;0.00
113.00;23156030#6_0;109.07;9.26;10.00;0.26;-45494495_0;5.10;0.00;tripinfo_wu_os_to_od.0;103.00;wu_os_to_od.0;0;865.51;0.84;0.00;9.94;car;;0;0.00
124.00;28716808#1_0;754.74;13.00;10.00;1.45;23687583_0;5.10;0.00;tripinfo_wu_as_to_kl.0;114.00;wu_as_to_kl.0;0;1207.92;1.20;0.00;23.13;car;;1;7.00
143.00;230845886_0;633.12;12.26;13.00;0.07;23687583_0;5.10;0.00;tripinfo_wu_as_to_ba.0;130.00;wu_as_to_ba.0;0;1356.50;1.13;0.00;22.38;car;;1;7.00
143.00;23156030#6_0;109.07;10.30;56.00;0.35;-45494495_0;5.10;0.00;tripinfo_wu_os_to_od.1;87.00;wu_os_to_od.1;0;865.51;0.99;0.00;7.70;car;;0;0.00
145.00;230845886_0;633.12;12.36;27.00;0.49;23687583_0;5.10;0.00;tripinfo_wu_as_to_ba.1;118.00;wu_as_to_ba.1;0;1356.50;1.16;0.00;12.49;car;;0;0.00
150.00;45494495_0;58.90;9.80;46.00;4.45;803785575#0_0;5.10;0.00;tripinfo_wu_od_to_os.1;104.00;wu_od_to_os.1;0;969.96;0.92;0.00;8.58;car;;0;0.00
152.00;45494495_0;58.90;11.80;58.00;0.15;803785575#0_0;5.10;0.00;tripinfo_wu_od_to_os.2;94.00;wu_od_to_os.2;0;969.96;1.09;0.00;13.04;car;;0;0.00
154.00;45494495_0;58.90;11.51;3.00;0.17;23687583_0;5.10;0.00;tripinfo_wu_as_to_os.0;151.00;wu_as_to_os.0;0;1689.77;1.15;0.00;17.31;car;;0;0.00
163.00;972103805_0;116.86;11.10;44.00;2.41;23687583_0;5.10;0.00;tripinfo_wu_as_to_ko.0;119.00;wu_as_to_ko.0;0;1102.39;1.09;0.00;27.57;car;;1;13.00
167.00;972103805_0;116.86;11.28;14.00;0.95;-23142338#2_0;5.10;0.00;tripinfo_wu_ns_to_ko.0;153.00;wu_ns_to_ko.0;0;1398.55;1.04;0.00;31.20;car;;0;0.00
178.00;41899283#1_0;148.70;8.47;9.00;0.19;-230845886_0;5.10;0.00;tripinfo_wu_ba_to_as.0;169.00;wu_ba_to_as.0;0;1430.78;0.86;0.00;17.87;car;;0;0.00
200.00;230845886_0;633.12;11.81;80.00;0.16;23687583_0;5.10;0.00;tripinfo_wu_as_to_ba.2;120.00;wu_as_to_ba.2;0;1356.50;1.16;0.00;14.00;car;;0;0.00
214.00;41899283#1_0;148.70;9.38;25.00;5.40;-45494495_0;5.10;0.00;tripinfo_wu_os_to_as.1;189.00;wu_os_to_as.1;0;1746.47;0.94;0.00;19.67;car;;0;0.00
215.00;45494495_0;58.90;8.81;104.00;2.33;803785575#0_0;5.10;0.00;tripinfo_wu_od_to_os.3;111.00;wu_od_to_os.3;0;969.96;0.87;0.00;9.44;car;;0;0.00
216.00;41899283#1_0;148.70;9.43;19.00;0.87;-45494495_0;5.10;0.00;tripinfo_wu_os_to_as.0;197.00;wu_os_to_as.0;0;1746.47;0.91;0.00;23.58;car;;1;2.00
216.00;45494495_0;58.90;10.37;111.00;2.48;803785575#0_0;5.10;0.00;tripinfo_wu_od_to_os.4;105.00;wu_od_to_os.4;0;969.96;1.05;0.00;21.39;car;;0;0.00
217.00;23527526_0;253.75;9.41;12.00;0.88;-230845886_0;5.10;0.00;tripinfo_wu_ba_to_gj.0;205.00;wu_ba_to_gj.0;0;1755.68;0.85;0.00;18.55;car;;0;0.00
225.00;972103805_0;116.86;9.03;66.00;0.28;-23142338#2_0;5.10;0.00;tripinfo_wu_ns_to_ko.1;159.00;wu_ns_to_ko.1;0;1398.55;0.87;0.00;14.02;car;;0;0.00
233.00;23142338#2_0;290.21;10.23;7.00;0.86;23687583_0;5.10;0.00;tripinfo_wu_as_to_ns.0;226.00;wu_as_to_ns.0;0;1995.73;0.92;0.00;29.30;car;;1;4.00
235.00;230845886_0;633.12;9.83;1.00;0.21;803785575#0_0;5.10;0.00;tripinfo_wu_od_to_ba.0;234.00;wu_od_to_ba.0;0;2382.14;0.99;0.00;17.27;car;;0;0.00
240.00;45494495_0;58.90;9.12;41.00;1.57;23687583_0;5.10;0.00;tripinfo_wu_as_to_os.1;199.00;wu_as_to_os.1;0;1689.77;0.89;0.00;27.46;car;;1;8.00
241.00;45494495_0;58.90;11.60;89.00;0.40;-230845886_0;5.10;0.00;tripinfo_wu_ba_to_os.0;152.00;wu_ba_to_os.0;0;1647.96;1.23;0.00;31.12;car;;0;0.00
248.00;23142338#2_0;290.21;10.30;28.00;0.52;803785575#0_0;5.10;0.00;tripinfo_wu_od_to_ns.0;220.00;wu_od_to_ns.0;0;1928.29;0.94;0.00;23.76;car;;1;2.00
250.00;23142338#2_0;290.21;10.19;53.00;0.64;-45494495_0;5.10;0.00;tripinfo_wu_os_to_ns.0;197.00;wu_os_to_ns.0;0;1665.91;1.02;0.00;37.62;car;;2;2.00
251.00;23156305_0;1264.14;11.23;111.00;0.90;23687583_0;5.10;0.00;tripinfo_wu_as_to_gg.0;140.00;wu_as_to_gg.0;0;1600.87;1.12;0.00;10.89;car;;0;0.00
255.00;972103805_0;116.86;10.83;32.00;0.31;-230845886_0;5.10;0.00;tripinfo_wu_ba_to_ko.0;223.00;wu_ba_to_ko.0;0;2114.29;1.00;0.00;30.41;car;;1;5.00
264.00;45494495_0;58.90;10.32;89.00;0.55;23687583_0;5.10;0.00;tripinfo_wu_as_to_os.2;175.00;wu_as_to_os.2;0;1689.77;1.00;0.00;22.38;car;;1;5.00
265.00;972103805_0;116.86;9.39;95.00;0.16;-23142338#2_0;5.10;0.00;tripinfo_wu_ns_to_ko.2;170.00;wu_ns_to_ko.2;0;1398.55;0.86;0.00;23.46;car;;1;6.00
269.00;230845886_0;633.12;9.14;14.00;0.44;803785575#0_0;5.10;0.00;tripinfo_wu_od_to_ba.1;255.00;wu_od_to_ba.1;0;2382.14;0.92;0.00;20.39;car;;0;0.00
269.00;41899283#1_0;148.70;11.70;116.00;0.33;-230845886_0;5.10;0.00;tripinfo_wu_ba_to_as.1;153.00;wu_ba_to_as.1;0;1430.78;1.06;0.00;30.08;car;;1;7.00
273.00;23527526_0;253.75;8.67;198.00;8.66;23687583_0;5.10;0.00;tripinfo_wu_as_to_gj.0;75.00;wu_as_to_gj.0;0;649.06;0.89;0.00;7.86;car;;0;0.00
275.00;230845886_0;633.12;10.47;43.00;2.76;803785575#0_0;5.10;0.00;tripinfo_wu_od_to_ba.2;232.00;wu_od_to_ba.2;0;2382.14;1.00;0.00;16.76;car;;0;0.00
275.00;23527526_0;253.75;10.25;201.00;9.76;23687583_0;5.10;0.00;tripinfo_wu_as_to_gj.1;74.00;wu_as_to_gj.1;0;649.06;0.98;0.00;12.82;car;;0;0.00
276.00;23527526_0;253.75;12.19;73.00;0.40;-45494495_0;5.10;0.00;tripinfo_wu_os_to_gj.0;203.00;wu_os_to_gj.0;0;2071.37;1.12;0.00;35.58;car;;1;8.00
283.00;972103805_0;116.86;10.24;4.00;2.17;803785575#0_0;5.10;0.00;tripinfo_wu_od_to_ko.0;279.00;wu_od_to_ko.0;0;2307.67;0.97;0.00;53.78;car;;2;26.00
284.00;28716808#1_0;754.74;11.03;7.00;3.16;803785575#0_0;5.10;0.00;tripinfo_wu_od_to_kl.0;277.00;wu_od_to_kl.0;0;2678.40;1.02;0.00;38.63;car;;2;12.00
284.00;45494495_0;58.90;10.95;190.00;1.87;803785575#0_0;5.10;0.00;tripinfo_wu_od_to_os.5;94.00;wu_od_to_os.5;0;969.96;1.03;0.00;8.96;car;;0;0.00
287.00;23156030#6_0;109.07;9.39;37.00;0.14;-230845886_0;5.10;0.00;tripinfo_wu_ba_to_od.0;250.00;wu_ba_to_od.0;0;2315.50;0.92;0.00;23.96;car;;1;3.00
287.00;23142338#2_0;290.21;8.53;38.00;0.89;23687583_0;5.10;0.00;tripinfo_wu_as_to_ns.1;249.00;wu_as_to_ns.1;0;1995.73;0.84;0.00;33.24;car;;1;9.00
288.00;230845886_0;633.12;10.94;153.00;2.60;23687583_0;5.10;0.00;tripinfo_wu_as_to_ba.3;135.00;wu_as_to_ba.3;0;1356.50;1.10;0.00;23.39;car;;0;0.00
294.00;28706217_0;94.10;6.47;202.00;0.33;803785575#0_0;5.10;0.00;tripinfo_wu_od_to_sl.0;92.00;wu_od_to_sl.0;0;747.33;0.87;0.00;8.45;car;;0;0.00
295.00;23156390_0;1121.44;9.70;28.00;2.33;-45494495_0;5.10;0.00;tripinfo_wu_os_to_br.0;267.00;wu_os_to_br.0;0;2513.69;0.95;0.00;26.50;car;;0;0.00
295.00;28716808#1_0;754.74;11.90;182.00;0.40;23687583_0;5.10;0.00;tripinfo_wu_as_to_kl.1;113.00;wu_as_to_kl.1;0;1207.92;1.13;0.00;16.56;car;;1;3.00
296.00;23142338#2_0;290.21;9.04;64.00;0.42;803785575#0_0;5.10;0.00;tripinfo_wu_od_to_ns.1;232.00;wu_od_to_ns.1;0;1928.29;0.92;0.00;29.22;car;;1;4.00
296.00;41899283#1_0;148.70;12.54;82.00;0.37;803785575#0_0;5.10;0.00;tripinfo_wu_od_to_as.0;214.00;wu_od_to_as.0;0;2382.09;1.14;0.00;24.07;car;;0;0.00
303.00;972103805_0;116.86;9.71;146.00;0.60;-23142338#2_0;5.10;0.00;tripinfo_wu_ns_to_ko.3;157.00;wu_ns_to_ko.3;0;1398.55;0.98;0.00;27.95;car;;2;8.00
308.00;23527526_0;253.75;10.29;23.00;0.29;803785575#0_0;5.10;0.00;tripinfo_wu_od_to_gj.0;285.00;wu_od_to_gj.0;0;2706.99;0.97;0.00;32.38;car;;1;2.00
309.00;28706217_0;94.10;6.62;40.00;2.88;-230845886_0;5.10;0.00;tripinfo_wu_ba_to_sl.0;269.00;wu_ba_to_sl.0;0;1934.94;0.89;0.00;67.86;car;;2;40.00
314.00;28716808#1_0;754.74;9.27;17.00;0.28;803785575#0_0;5.10;0.00;tripinfo_wu_od_to_kl.1;297.00;wu_od_to_kl.1;0;2678.40;0.92;0.00;33.19;car;;2;3.00
314.00;28706217_0;94.10;7.69;53.00;0.53;23687583_0;5.10;0.00;tripinfo_wu_as_to_sl.0;261.00;wu_as_to_sl.0;0;1976.75;1.02;0.00;82.12;car;;3;29.00
314.00;23156030#6_0;109.07;10.72;56.00;2.77;23687583_0;5.10;0.00;tripinfo_wu_as_to_od.0;258.00;wu_as_to_od.0;0;2357.31;1.01;0.00;47.43;car;;3;5.00
314.00;45494495_0;58.90;9.89;140.00;0.82;-230845886_0;5.10;0.00;tripinfo_wu_ba_to_os.1;174.00;wu_ba_to_os.1;0;1647.96;0.93;0.00;14.14;car;;0;0.00
315.00;23156305_0;1264.14;10.59;43.00;3.70;-230845886_0;5.10;0.00;tripinfo_wu_ba_to_gg.0;272.00;wu_ba_to_gg.0;0;2718.65;1.03;0.00;31.66;car;;0;0.00
317.00;23156305_0;1264.14;10.91;2.00;0.85;-23142338#2_0;5.10;0.00;tripinfo_wu_ns_to_gg.0;315.00;wu_ns_to_gg.0;0;3297.24;1.08;0.00;37.17;car;;1;2.00
317.00;23142338#2_0;290.21;10.73;108.00;0.47;23687583_0;5.10;0.00;tripinfo_wu_as_to_ns.2;209.00;wu_as_to_ns.2;0;1995.73;1.06;0.00;36.72;car;;2;8.00
317.00;230845886_0;633.12;11.83;154.00;2.82;-45494495_0;5.10;0.00;tripinfo_wu_os_to_ba.0;163.00;wu_os_to_ba.0;0;1746.52;1.10;0.00;18.34;car;;1;1.00
320.00;23156305_0;1264.14;12.94;50.00;0.87;-23142338#2_0;5.10;0.00;tripinfo_wu_ns_to_gg.1;270.00;wu_ns_to_gg.1;0;3297.24;1.24;0.00;26.86;car;;0;0.00
325.00;28706217_0;94.10;9.44;99.00;0.74;-230845886_0;5.10;0.00;tripinfo_wu_ba_to_sl.1;226.00;wu_ba_to_sl.1;0;1934.94;1.16;0.00;70.89;car;;4;25.00
326.00;972103805_0;116.86;10.60;40.00;0.97;803785575#0_0;5.10;0.00;tripinfo_wu_od_to_ko.1;286.00;wu_od_to_ko.1;0;2307.67;1.00;0.00;66.41;car;;2;35.00
326.00;23527526_0;253.75;12.30;266.00;0.72;23687583_0;5.10;0.00;tripinfo_wu_as_to_gj.2;60.00;wu_as_to_gj.2;0;649.06;1.19;0.00;9.90;car;;0;0.00
343.00;41899283#1_0;148.70;8.67;172.00;1.95;-230845886_0;5.10;0.00;tripinfo_wu_ba_to_as.2;171.00;wu_ba_to_as.2;0;1430.78;0.83;0.00;14.65;car;;0;0.00
344.00;972103805_0;116.86;10.81;197.00;0.12;-23142338#2_0;5.10;0.00;tripinfo_wu_ns_to_ko.4;147.00;wu_ns_to_ko.4;0;1398.55;1.04;0.00;25.13;car;;1;6.00
347.00;972103805_0;116.86;12.63;201.00;0.12;-23142338#2_0;5.10;0.00;tripinfo_wu_ns_to_ko.5;146.00;wu_ns_to_ko.5;0;1398.55;1.15;0.00;36.27;car;;2;7.00
348.00;23527526_0;253.75;10.00;154.00;0.81;-230845886_0;5.10;0.00;tripinfo_wu_ba_to_gj.1;194.00;wu_ba_to_gj.1;0;1755.68;0.94;0.00;24.25;car;;1;3.00
350.00;23527526_0;253.75;10.42;276.00;0.39;23687583_0;5.10;0.00;tripinfo_wu_as_to_gj.3;74.00;wu_as_to_gj.3;0;649.06;1.02;0.00;15.43;car;;0;0.00
353.00;45494495_0;58.90;11.53;200.00;1.69;-230845886_0;5.10;0.00;tripinfo_wu_ba_to_os.2;153.00;wu_ba_to_os.2;0;1647.96;1.06;0.00;12.75;car;;0;0.00
355.00;45494495_0;58.90;13.00;195.00;5.80;23687583_0;5.10;0.00;tripinfo_wu_as_to_os.4;160.00;wu_as_to_os.4;0;1689.77;1.19;0.00;32.04;car;;1;1.00
356.00;972103805_0;116.86;9.68;107.00;0.17;-230845886_0;5.10;0.00;tripinfo_wu_ba_to_ko.1;249.00;wu_ba_to_ko.1;0;2114.29;0.89;0.00;32.67;car;;1;7.00
359.00;230845886_0;633.12;11.57;143.00;0.05;803785575#0_0;5.10;0.00;tripinfo_wu_od_to_ba.3;216.00;wu_od_to_ba.3;0;2382.14;1.08;0.00;16.01;car;;0;0.00
364.00;972103805_0;116.86;9.14;210.00;0.23;-23142338#2_0;5.10;0.00;tripinfo_wu_ns_to_ko.6;154.00;wu_ns_to_ko.6;0;1398.55;0.92;0.00;16.43;car;;1;1.00
366.00;972103805_0;116.86;10.53;213.00;1.95;-23142338#2_0;5.10;0.00;tripinfo_wu_ns_to_ko.7;153.00;wu_ns_to_ko.7;0;1398.55;0.95;0.00;20.07;car;;0;0.00
367.00;23156390_0;1121.44;9.26;20.00;1.32;803785575#0_0;5.10;0.00;tripinfo_wu_od_to_br.0;347.00;wu_od_to_br.0;0;3149.31;0.92;0.00;36.92;car;;1;2.00
370.00;28706217_0;94.10;7.77;150.00;0.37;23687583_0;5.10;0.00;tripinfo_wu_as_to_sl.1;220.00;wu_as_to_sl.1;0;1976.75;0.94;0.00;23.76;car;;1;1.00
372.00;28706217_0;94.10;7.14;157.00;0.67;23687583_0;5.10;0.00;tripinfo_wu_as_to_sl.2;215.00;wu_as_to_sl.2;0;1976.75;0.96;0.00;23.39;car;;0;0.00
373.00;23142338#2_0;290.21;8.89;122.00;0.22;803785575#0_0;5.10;0.00;tripinfo_wu_od_to_ns.2;251.00;wu_od_to_ns.2;0;1928.29;0.89;0.00;42.80;car;;2;11.00
373.00;23527526_0;253.75;8.54;169.00;0.62;-230845886_0;5.10;0.00;tripinfo_wu_ba_to_gj.2;204.00;wu_ba_to_gj.2;0;1755.68;0.88;0.00;23.56;car;;1;3.00
376.00;23156030#6_0;109.07;10.94;137.00;0.34;-230845886_0;5.10;0.00;tripinfo_wu_ba_to_od.2;239.00;wu_ba_to_od.2;0;2315.50;1.02;0.00;32.38;car;;0;0.00
376.00;23156305_0;1264.14;10.27;214.00;5.96;23687583_0;5.10;0.00;tripinfo_wu_as_to_gg.1;162.00;wu_as_to_gg.1;0;1600.87;0.97;0.00;13.37;car;;0;0.00
382.00;23156390_0;1121.44;11.41;143.00;0.61;-45494495_0;5.10;0.00;tripinfo_wu_os_to_br.1;239.00;wu_os_to_br.1;0;2513.69;1.07;0.00;25.25;car;;0;0.00
383.00;23156030#6_0;109.07;8.35;119.00;2.43;-230845886_0;5.10;0.00;tripinfo_wu_ba_to_od.1;264.00;wu_ba_to_od.1;0;2315.50;0.86;0.00;20.32;car;;0;0.00
383.00;230845886_0;633.12;9.62;224.00;0.68;23687583_0;5.10;0.00;tripinfo_wu_as_to_ba.4;159.00;wu_as_to_ba.4;0;1356.50;0.89;0.00;20.83;car;;1;3.00
385.00;972103805_0;116.86;9.17;227.00;0.33;-23142338#2_0;5.10;0.00;tripinfo_wu_ns_to_ko.8;158.00;wu_ns_to_ko.8;0;1398.55;0.92;0.00;20.90;car;;1;4.00
387.00;972103805_0;116.86;10.12;108.00;0.21;803785575#0_0;5.10;0.00;tripinfo_wu_od_to_ko.2;279.00;wu_od_to_ko.2;0;2307.67;0.96;0.00;50.44;car;;3;15.00
390.00;972103805_0;116.86;11.06;117.00;0.41;803785575#0_0;5.10;0.00;tripinfo_wu_od_to_ko.3;273.00;wu_od_to_ko.3;0;2307.67;1.06;0.00;65.87;car;;3;10.00
390.00;41899283#1_0;148.70;10.40;241.00;0.24;-230845886_0;5.10;0.00;tripinfo_wu_ba_to_as.3;149.00;wu_ba_to_as.3;0;1430.78;1.02;0.00;22.05;car;;1;3.00
392.00;23527526_0;253.75;8.51;183.00;3.01;-230845886_0;5.10;0.00;tripinfo_wu_ba_to_gj.3;209.00;wu_ba_to_gj.3;0;1755.68;0.88;0.00;28.25;car;;1;9.00
393.00;23156030#6_1;109.07;10.29;298.00;0.51;-45494495_0;5.10;0.00;tripinfo_wu_os_to_od.2;95.00;wu_os_to_od.2;0;865.51;1.04;0.00;19.87;car;;1;5.00
394.00;23527526_0;253.75;12.01;211.00;0.24;-230845886_0;5.10;0.00;tripinfo_wu_ba_to_gj.4;183.00;wu_ba_to_gj.4;0;1755.68;1.18;0.00;48.20;car;;1;8.00
395.00;23156030#6_0;109.07;10.35;151.00;0.33;-230845886_0;5.10;0.00;tripinfo_wu_ba_to_od.3;244.00;wu_ba_to_od.3;0;2315.50;0.98;0.00;29.39;car;;1;7.00
397.00;45494495_0;58.90;8.75;192.00;3.79;23687583_0;5.10;0.00;tripinfo_wu_as_to_os.3;205.00;wu_as_to_os.3;0;1689.77;0.82;0.00;17.62;car;;0;0.00
398.00;972103805_0;116.86;9.77;157.00;1.41;-230845886_0;5.10;0.00;tripinfo_wu_ba_to_ko.2;241.00;wu_ba_to_ko.2;0;2114.29;0.89;0.00;24.92;car;;0;0.00
399.00;45494495_0;58.90;11.56;227.00;2.98;23687583_0;5.10;0.00;tripinfo_wu_as_to_os.5;172.00;wu_as_to_os.5;0;1689.77;1.12;0.00;35.56;car;;1;2.00
403.00;23142338#2_0;290.21;11.27;156.00;0.35;803785575#0_0;5.10;0.00;tripinfo_wu_od_to_ns.3;247.00;wu_od_to_ns.3;0;1928.29;1.06;0.00;71.65;car;;3;18.00
403.00;23527526_0;253.75;9.85;328.00;0.14;23687583_0;5.10;0.00;tripinfo_wu_as_to_gj.4;75.00;wu_as_to_gj.4;0;649.06;0.97;0.00;14.13;car;;1;3.00
405.00;45494495_0;58.90;11.29;311.00;5.21;803785575#0_0;5.10;0.00;tripinfo_wu_od_to_os.6;94.00;wu_od_to_os.6;0;969.96;1.05;0.00;9.60;car;;0;0.00
409.00;28706217_0;94.10;7.73;319.00;0.01;-45494495_0;5.10;0.00;tripinfo_wu_os_to_sl.1;90.00;wu_os_to_sl.1;0;484.95;0.96;0.00;39.09;car;;2;24.00
414.00;41899283#1_0;148.70;9.77;255.00;0.91;-230845886_0;5.10;0.00;tripinfo_wu_ba_to_as.4;159.00;wu_ba_to_as.4;0;1430.78;0.96;0.00;23.90;car;;1;6.00
415.00;28716808#1_0;754.74;11.51;293.00;0.68;23687583_0;5.10;0.00;tripinfo_wu_as_to_kl.2;122.00;wu_as_to_kl.2;0;1207.92;1.04;0.00;15.98;car;;1;3.00
423.00;23156305_0;1264.14;9.02;102.00;0.57;-230845886_0;5.10;0.00;tripinfo_wu_ba_to_gg.1;321.00;wu_ba_to_gg.1;0;2718.65;0.87;0.00;38.26;car;;1;7.00
425.00;230845886_0;633.12;10.50;170.00;0.53;803785575#0_0;5.10;0.00;tripinfo_wu_od_to_ba.4;255.00;wu_od_to_ba.4;0;2382.14;0.96;0.00;29.96;car;;1;1.00
425.00;45494495_0;58.90;10.78;245.00;0.84;23687583_0;5.10;0.00;tripinfo_wu_as_to_os.6;180.00;wu_as_to_os.6;0;1689.77;0.99;0.00;25.58;car;;1;3.00
426.00;972103805_0;116.86;8.89;126.00;0.54;-45494495_0;5.10;0.00;tripinfo_wu_os_to_ko.0;300.00;wu_os_to_ko.0;0;2045.29;0.82;0.00;60.90;car;;4;14.00
426.00;23156390_0;1121.44;10.41;166.00;2.98;-45494495_0;5.10;0.00;tripinfo_wu_os_to_br.2;260.00;wu_os_to_br.2;0;2513.69;1.03;0.00;37.19;car;;1;7.00
428.00;972103805_0;116.86;9.25;129.00;0.46;803785575#0_0;5.10;0.00;tripinfo_wu_od_to_ko.4;299.00;wu_od_to_ko.4;0;2307.67;0.94;0.00;67.32;car;;3;12.00
428.00;23527526_0;253.75;10.30;244.00;2.18;-230845886_0;5.10;0.00;tripinfo_wu_ba_to_gj.5;184.00;wu_ba_to_gj.5;0;1755.68;0.98;0.00;21.28;car;;0;0.00
429.00;23156305_0;1264.14;10.33;49.00;1.99;803785575#0_0;5.10;0.00;tripinfo_wu_od_to_gg.0;380.00;wu_od_to_gg.0;0;3669.96;0.95;0.00;31.41;car;;0;0.00
430.00;972103805_0;116.86;10.98;159.00;0.31;-45494495_0;5.10;0.00;tripinfo_wu_os_to_ko.1;271.00;wu_os_to_ko.1;0;2045.29;1.03;0.00;80.43;car;;4;20.00
432.00;972103805_0;116.86;10.16;133.00;0.26;803785575#0_0;5.10;0.00;tripinfo_wu_od_to_ko.5;299.00;wu_od_to_ko.5;0;2307.67;0.92;0.00;60.32;car;;3;20.00
437.00;972103805_0;116.86;9.20;203.00;0.05;-230845886_0;5.10;0.00;tripinfo_wu_ba_to_ko.3;234.00;wu_ba_to_ko.3;0;2114.29;0.94;0.00;29.39;car;;1;2.00
438.00;23142338#2_0;290.21;8.41;163.00;0.94;-45494495_0;5.10;0.00;tripinfo_wu_os_to_ns.1;275.00;wu_os_to_ns.1;0;1665.91;0.85;0.00;85.39;car;;4;53.00
439.00;972103805_0;116.86;10.89;208.00;0.42;-230845886_0;5.10;0.00;tripinfo_wu_ba_to_ko.4;231.00;wu_ba_to_ko.4;0;2114.29;1.08;0.00;52.62;car;;1;4.00
440.00;23142338#2_0;290.21;10.26;180.00;0.88;-230845886_0;5.10;0.00;tripinfo_wu_ba_to_ns.0;260.00;wu_ba_to_ns.0;0;2346.36;0.99;0.00;45.30;car;;1;5.00
441.00;41899283#1_0;148.70;9.15;217.00;0.89;-45494495_0;5.10;0.00;tripinfo_wu_os_to_as.2;224.00;wu_os_to_as.2;0;1746.47;0.83;0.00;34.09;car;;2;7.00
442.00;972103805_0;116.86;10.73;139.00;0.91;803785575#0_0;5.10;0.00;tripinfo_wu_od_to_ko.6;303.00;wu_od_to_ko.6;0;2307.67;1.07;0.00;97.91;car;;4;21.00
442.00;230845886_0;633.12;10.33;208.00;0.28;803785575#0_0;5.10;0.00;tripinfo_wu_od_to_ba.5;234.00;wu_od_to_ba.5;0;2382.14;1.03;0.00;24.74;car;;1;3.00
444.00;230845886_0;633.12;11.80;214.00;1.43;803785575#0_0;5.10;0.00;tripinfo_wu_od_to_ba.6;230.00;wu_od_to_ba.6;0;2382.14;1.13;0.00;39.67;car;;1;2.00
444.00;972103805_0;116.86;12.60;290.00;0.55;-23142338#2_0;5.10;0.00;tripinfo_wu_ns_to_ko.9;154.00;wu_ns_to_ko.9;0;1398.55;1.14;0.00;42.66;car;;2;11.00
445.00;41899283#1_0;148.70;9.85;176.00;4.19;803785575#0_0;5.10;0.00;tripinfo_wu_od_to_as.1;269.00;wu_od_to_as.1;0;2382.09;0.93;0.00;36.21;car;;0;0.00
447.00;28716808#1_0;754.74;11.08;206.00;0.53;-23142338#2_0;5.10;0.00;tripinfo_wu_ns_to_kl.0;241.00;wu_ns_to_kl.0;0;2315.58;1.03;0.00;37.19;car;;1;7.00
450.00;41899283#1_0;148.70;10.47;197.00;0.59;803785575#0_0;5.10;0.00;tripinfo_wu_od_to_as.2;253.00;wu_od_to_as.2;0;2382.09;1.02;0.00;41.20;car;;1;9.00
450.00;972103805_0;116.86;9.87;298.00;0.99;-23142338#2_0;5.10;0.00;tripinfo_wu_ns_to_ko.10;152.00;wu_ns_to_ko.10;0;1398.55;0.98;0.00;23.29;car;;1;5.00
451.00;23156390_0;1121.44;9.44;258.00;0.27;23687583_0;5.10;0.00;tripinfo_wu_as_to_br.0;193.00;wu_as_to_br.0;0;1694.48;0.87;0.00;15.86;car;;0;0.00
453.00;23142338#2_0;290.21;10.58;204.00;0.69;-45494495_0;5.10;0.00;tripinfo_wu_os_to_ns.2;249.00;wu_os_to_ns.2;0;1665.91;1.00;0.00;87.27;car;;4;44.00
453.00;23156390_0;1121.44;12.23;216.00;0.14;-230845886_0;5.10;0.00;tripinfo_wu_ba_to_br.0;237.00;wu_ba_to_br.0;0;2198.00;1.20;0.00;69.88;car;;0;0.00
453.00;23527526_0;253.75;11.29;386.00;3.33;23687583_0;5.10;0.00;tripinfo_wu_as_to_gj.5;67.00;wu_as_to_gj.5;0;649.06;1.02;0.00;8.81;car;;0;0.00
455.00;28706217_0;94.10;7.75;210.00;3.20;23687583_0;5.10;0.00;tripinfo_wu_as_to_sl.4;245.00;wu_as_to_sl.4;0;1976.75;1.01;0.00;63.48;car;;2;25.00
455.00;23527526_0;253.75;12.99;290.00;0.84;-230845886_0;5.10;0.00;tripinfo_wu_ba_to_gj.6;165.00;wu_ba_to_gj.6;0;1755.68;1.25;0.00;37.39;car;;0;0.00
456.00;972103805_0;116.86;9.36;219.00;1.02;-230845886_0;5.10;0.00;tripinfo_wu_ba_to_ko.5;237.00;wu_ba_to_ko.5;0;2114.29;0.91;0.00;25.83;car;;1;1.00
456.00;45494495_0;58.90;11.09;356.00;2.91;803785575#0_0;5.10;0.00;tripinfo_wu_od_to_os.7;100.00;wu_od_to_os.7;0;969.96;1.03;0.00;14.53;car;;0;0.00
458.00;972103805_0;116.86;9.65;223.00;0.64;-230845886_0;5.10;0.00;tripinfo_wu_ba_to_ko.6;235.00;wu_ba_to_ko.6;0;2114.29;0.99;0.00;39.46;car;;0;0.00
462.00;23156030#6_0;109.07;10.61;226.00;0.02;-230845886_0;5.10;0.00;tripinfo_wu_ba_to_od.4;236.00;wu_ba_to_od.4;0;2315.50;1.03;0.00;31.85;car;;0;0.00
462.00;45494495_0;58.90;10.50;364.00;0.71;803785575#0_0;5.10;0.00;tripinfo_wu_od_to_os.8;98.00;wu_od_to_os.8;0;969.96;0.98;0.00;8.50;car;;0;0.00
466.00;972103805_0;116.86;9.56;148.00;0.59;803785575#0_0;5.10;0.00;tripinfo_wu_od_to_ko.7;318.00;wu_od_to_ko.7;0;2307.67;0.90;0.00;75.23;car;;4;30.00
467.00;972103805_0;116.86;10.83;180.00;0.48;803785575#0_0;5.10;0.00;tripinfo_wu_od_to_ko.8;287.00;wu_od_to_ko.8;0;2307.67;1.08;0.00;84.70;car;;4;24.00
469.00;972103805_0;116.86;11.49;169.00;1.76;-45494495_0;5.10;0.00;tripinfo_wu_os_to_ko.2;300.00;wu_os_to_ko.2;0;2045.29;1.07;0.00;117.63;car;;6;64.00
470.00;230845886_0;633.12;10.23;216.00;1.84;-23142338#2_0;5.10;0.00;tripinfo_wu_ns_to_ba.0;254.00;wu_ns_to_ba.0;0;2340.42;0.95;0.00;33.52;car;;1;8.00
473.00;23156030#6_0;109.07;10.51;391.00;0.07;-45494495_0;5.10;0.00;tripinfo_wu_os_to_od.3;82.00;wu_os_to_od.3;0;865.51;1.05;0.00;7.33;car;;0;0.00
475.00;28716808#1_0;754.74;11.89;211.00;1.49;803785575#0_0;5.10;0.00;tripinfo_wu_od_to_kl.2;264.00;wu_od_to_kl.2;0;2678.40;1.09;0.00;41.51;car;;2;3.00
475.00;230845886_0;633.12;11.43;335.00;0.81;23687583_0;5.10;0.00;tripinfo_wu_as_to_ba.5;140.00;wu_as_to_ba.5;0;1356.50;1.03;0.00;21.01;car;;1;1.00
476.00;972103805_0;116.86;9.12;230.00;0.39;-230845886_0;5.10;0.00;tripinfo_wu_ba_to_ko.7;246.00;wu_ba_to_ko.7;0;2114.29;0.91;0.00;35.33;car;;2;8.00
478.00;972103805_0;116.86;10.14;236.00;0.32;-230845886_0;5.10;0.00;tripinfo_wu_ba_to_ko.8;242.00;wu_ba_to_ko.8;0;2114.29;1.00;0.00;49.61;car;;2;6.00
478.00;230845886_0;633.12;11.08;244.00;0.02;803785575#0_0;5.10;0.00;tripinfo_wu_od_to_ba.7;234.00;wu_od_to_ba.7;0;2382.14;1.05;0.00;28.79;car;;1;8.00
480.00;45494495_0;58.90;8.38;283.00;0.29;-230845886_0;5.10;0.00;tripinfo_wu_ba_to_os.3;197.00;wu_ba_to_os.3;0;1647.96;0.83;0.00;17.09;car;;0;0.00
482.00;23156305_0;1264.14;10.26;90.00;0.40;803785575#0_0;5.10;0.00;tripinfo_wu_od_to_gg.1;392.00;wu_od_to_gg.1;0;3669.96;0.97;0.00;50.34;car;;2;12.00
482.00;972103805_0;116.86;11.69;334.00;0.10;-23142338#2_0;5.10;0.00;tripinfo_wu_ns_to_ko.11;148.00;wu_ns_to_ko.11;0;1398.55;1.08;0.00;31.10;car;;2;12.00
484.00;972103805_0;116.86;13.00;180.00;0.26;-45494495_0;5.10;0.00;tripinfo_wu_os_to_ko.3;304.00;wu_os_to_ko.3;0;2045.29;1.17;0.00;136.56;car;;6;74.00
484.00;45494495_0;58.90;12.15;320.00;0.29;-230845886_0;5.10;0.00;tripinfo_wu_ba_to_os.4;164.00;wu_ba_to_os.4;0;1647.96;1.13;0.00;31.98;car;;0;0.00
484.00;23156030#6_0;109.07;11.12;401.00;0.20;-45494495_0;5.10;0.00;tripinfo_wu_os_to_od.4;83.00;wu_os_to_od.4;0;865.51;1.02;0.00;6.88;car;;0;0.00
486.00;972103805_0;116.86;12.56;183.00;0.41;-45494495_0;5.10;0.00;tripinfo_wu_os_to_ko.4;303.00;wu_os_to_ko.4;0;2045.29;1.17;0.00;135.60;car;;6;76.00
491.00;28706217_0;94.10;7.89;207.00;0.33;23687583_0;5.10;0.00;tripinfo_wu_as_to_sl.3;284.00;wu_as_to_sl.3;0;1976.75;0.98;0.00;96.68;car;;5;50.00
495.00;972103805_0;116.86;10.41;272.00;0.24;-230845886_0;5.10;0.00;tripinfo_wu_ba_to_ko.9;223.00;wu_ba_to_ko.9;0;2114.29;1.00;0.00;30.09;car;;1;5.00
495.00;230845886_0;633.12;11.05;352.00;1.21;23687583_0;5.10;0.00;tripinfo_wu_as_to_ba.6;143.00;wu_as_to_ba.6;0;1356.50;1.02;0.00;22.98;car;;0;0.00
496.00;28706217_0;94.10;6.16;382.00;0.08;-45494495_0;5.10;0.00;tripinfo_wu_os_to_sl.2;114.00;wu_os_to_sl.2;0;484.95;0.88;0.00;58.51;car;;3;40.00
500.00;28706217_0;94.10;7.34;405.00;3.51;-45494495_0;5.10;0.00;tripinfo_wu_os_to_sl.3;95.00;wu_os_to_sl.3;0;484.95;0.97;0.00;44.03;car;;1;31.00
501.00;972103805_0;116.86;13.24;264.00;1.90;-45494495_0;5.10;0.00;tripinfo_wu_os_to_ko.5;237.00;wu_os_to_ko.5;0;2045.29;1.19;0.00;72.23;car;;4;20.00
502.00;45494495_0;58.90;11.53;411.00;0.32;803785575#0_0;5.10;0.00;tripinfo_wu_od_to_os.9;91.00;wu_od_to_os.9;0;969.96;1.06;0.00;7.77;car;;0;0.00
507.00;23142338#2_0;290.21;11.89;280.00;0.43;-230845886_0;5.10;0.00;tripinfo_wu_ba_to_ns.1;227.00;wu_ba_to_ns.1;0;2346.36;1.10;0.00;32.51;car;;1;7.00
507.00;23156030#6_0;109.07;9.84;411.00;0.55;-45494495_0;5.10;0.00;tripinfo_wu_os_to_od.5;96.00;wu_os_to_od.5;0;865.51;0.90;0.00;8.19;car;;0;0.00
509.00;45494495_0;58.90;12.03;324.00;2.61;23687583_0;5.10;0.00;tripinfo_wu_as_to_os.7;185.00;wu_as_to_os.7;0;1689.77;1.09;0.00;45.65;car;;1;5.00
511.00;23156305_0;1264.14;9.65;101.00;0.37;803785575#0_0;5.10;0.00;tripinfo_wu_od_to_gg.2;410.00;wu_od_to_gg.2;0;3669.96;0.93;0.00;51.79;car;;2;14.00
514.00;45494495_0;58.90;9.04;329.00;2.73;-230845886_0;5.10;0.00;tripinfo_wu_ba_to_os.5;185.00;wu_ba_to_os.5;0;1647.96;0.90;0.00;19.76;car;;0;0.00
514.00;28716808#1_0;754.74;12.07;340.00;2.37;-230845886_0;5.10;0.00;tripinfo_wu_ba_to_kl.0;174.00;wu_ba_to_kl.0;0;1727.09;1.19;0.00;42.21;car;;1;1.00
515.00;41899283#1_0;148.70;12.24;322.00;0.93;-23142338#2_0;5.10;0.00;tripinfo_wu_ns_to_as.0;193.00;wu_ns_to_as.0;0;2009.37;1.20;0.00;40.01;car;;2;11.00
517.00;23156305_0;1264.14;11.05;159.00;2.95;803785575#0_0;5.10;0.00;tripinfo_wu_od_to_gg.3;358.00;wu_od_to_gg.3;0;3669.96;1.03;0.00;32.51;car;;0;0.00
524.00;972103805_0;116.86;10.06;362.00;0.33;-23142338#2_0;5.10;0.00;tripinfo_wu_ns_to_ko.12;162.00;wu_ns_to_ko.12;0;1398.55;0.92;0.00;24.30;car;;1;8.00
526.00;45494495_0;58.90;9.84;350.00;0.33;-230845886_0;5.10;0.00;tripinfo_wu_ba_to_os.6;176.00;wu_ba_to_os.6;0;1647.96;0.94;0.00;17.76;car;;0;0.00
527.00;23156390_0;1121.44;9.07;321.00;0.34;23687583_0;5.10;0.00;tripinfo_wu_as_to_br.1;206.00;wu_as_to_br.1;0;1694.48;0.85;0.00;26.18;car;;1;5.00
528.00;28706217_0;94.10;7.97;251.00;5.90;23687583_0;5.10;0.00;tripinfo_wu_as_to_sl.5;277.00;wu_as_to_sl.5;0;1976.75;0.99;0.00;90.54;car;;3;54.00
529.00;23156390_0;1121.44;11.06;187.00;0.99;803785575#0_0;5.10;0.00;tripinfo_wu_od_to_br.1;342.00;wu_od_to_br.1;0;3149.31;1.05;0.00;68.25;car;;0;0.00
533.00;28706217_0;94.10;6.46;258.00;3.35;-230845886_0;5.10;0.00;tripinfo_wu_ba_to_sl.2;275.00;wu_ba_to_sl.2;0;1934.94;0.89;0.00;71.88;car;;3;41.00
535.00;972103805_0;116.86;10.51;306.00;0.85;-230845886_0;5.10;0.00;tripinfo_wu_ba_to_ko.10;229.00;wu_ba_to_ko.10;0;2114.29;0.98;0.00;33.51;car;;1;6.00
535.00;45494495_0;58.90;11.73;444.00;4.75;803785575#0_0;5.10;0.00;tripinfo_wu_od_to_os.10;91.00;wu_od_to_os.10;0;969.96;1.13;0.00;12.41;car;;0;0.00
536.00;28716808#1_0;754.74;11.36;340.00;0.83;-45494495_0;5.10;0.00;tripinfo_wu_os_to_kl.0;196.00;wu_os_to_kl.0;0;2042.78;1.10;0.00;28.14;car;;0;0.00
538.00;23527526_0;253.75;10.87;343.00;4.83;-230845886_0;5.10;0.00;tripinfo_wu_ba_to_gj.7;195.00;wu_ba_to_gj.7;0;1755.68;1.08;0.00;48.16;car;;1;7.00
542.00;45494495_0;58.90;11.94;372.00;0.75;23687583_0;5.10;0.00;tripinfo_wu_as_to_os.8;170.00;wu_as_to_os.8;0;1689.77;1.11;0.00;33.19;car;;1;7.00
548.00;972103805_0;116.86;9.69;268.00;0.38;803785575#0_0;5.10;0.00;tripinfo_wu_od_to_ko.9;280.00;wu_od_to_ko.9;0;2307.67;0.98;0.00;54.96;car;;2;26.00
548.00;23142338#2_0;290.21;12.10;301.00;0.62;-230845886_0;5.10;0.00;tripinfo_wu_ba_to_ns.2;247.00;wu_ba_to_ns.2;0;2346.36;1.14;0.00;59.96;car;;1;21.00
548.00;230845886_0;633.12;11.40;421.00;0.32;23687583_0;5.10;0.00;tripinfo_wu_as_to_ba.7;127.00;wu_as_to_ba.7;0;1356.50;1.09;0.00;14.58;car;;0;0.00
550.00;972103805_0;116.86;13.08;320.00;8.42;803785575#0_0;5.10;0.00;tripinfo_wu_od_to_ko.10;230.00;wu_od_to_ko.10;0;2307.67;1.19;0.00;44.34;car;;1;2.00
552.00;23156305_0;1264.14;10.51;173.00;3.25;803785575#0_0;5.10;0.00;tripinfo_wu_od_to_gg.4;379.00;wu_od_to_gg.4;0;3669.96;1.03;0.00;55.78;car;;3;9.00
552.00;28716808#1_0;754.74;11.51;346.00;0.34;-45494495_0;5.10;0.00;tripinfo_wu_os_to_kl.1;206.00;wu_os_to_kl.1;0;2042.78;1.13;0.00;42.35;car;;1;8.00
555.00;972103805_0;116.86;8.71;309.00;2.68;-230845886_0;5.10;0.00;tripinfo_wu_ba_to_ko.11;246.00;wu_ba_to_ko.11;0;2114.29;0.88;0.00;27.66;car;;1;3.00
556.00;28716808#1_0;754.74;11.20;353.00;0.68;-45494495_0;5.10;0.00;tripinfo_wu_os_to_kl.2;203.00;wu_os_to_kl.2;0;2042.78;1.09;0.00;33.73;car;;1;7.00
559.00;45494495_0;58.90;9.51;453.00;4.75;803785575#0_0;5.10;0.00;tripinfo_wu_od_to_os.11;106.00;wu_od_to_os.11;0;969.96;0.91;0.00;10.07;car;;0;0.00
560.00;23156030#6_1;109.07;10.16;303.00;0.98;23687583_0;5.10;0.00;tripinfo_wu_as_to_od.1;257.00;wu_as_to_od.1;0;2357.31;1.00;0.00;44.91;car;;1;10.00
560.00;230845886_0;633.12;10.52;317.00;8.84;803785575#0_0;5.10;0.00;tripinfo_wu_od_to_ba.8;243.00;wu_od_to_ba.8;0;2382.14;1.04;0.00;36.32;car;;0;0.00
561.00;23156030#6_0;109.07;9.99;293.00;0.79;-230845886_0;5.10;0.00;tripinfo_wu_ba_to_od.5;268.00;wu_ba_to_od.5;0;2315.50;0.95;0.00;46.86;car;;1;10.00
561.00;972103805_0;116.86;11.93;427.00;0.08;-23142338#2_0;5.10;0.00;tripinfo_wu_ns_to_ko.13;134.00;wu_ns_to_ko.13;0;1398.55;1.16;0.00;25.62;car;;1;7.00
562.00;23156030#6_0;109.07;11.95;477.00;0.06;-45494495_0;5.10;0.00;tripinfo_wu_os_to_od.6;85.00;wu_os_to_od.6;0;865.51;1.11;0.00;14.64;car;;0;0.00
562.00;23527526_0;253.75;10.31;487.00;0.46;23687583_0;5.10;0.00;tripinfo_wu_as_to_gj.6;75.00;wu_as_to_gj.6;0;649.06;0.94;0.00;11.98;car;;0;0.00
569.00;230845886_0;633.12;11.83;334.00;8.31;803785575#0_0;5.10;0.00;tripinfo_wu_od_to_ba.9;235.00;wu_od_to_ba.9;0;2382.14;1.07;0.00;33.14;car;;0;0.00
571.00;41899283#1_0;148.70;11.00;323.00;7.69;803785575#0_0;5.10;0.00;tripinfo_wu_od_to_as.3;248.00;wu_od_to_as.3;0;2382.09;1.05;0.00;42.97;car;;0;0.00
573.00;41899283#1_0;148.70;10.55;326.00;6.54;803785575#0_0;5.10;0.00;tripinfo_wu_od_to_as.4;247.00;wu_od_to_as.4;0;2382.09;1.05;0.00;41.98;car;;0;0.00
580.00;45494495_0;58.90;11.70;497.00;2.26;803785575#0_0;5.10;0.00;tripinfo_wu_od_to_os.12;83.00;wu_od_to_os.12;0;969.96;1.17;0.00;7.63;car;;0;0.00
584.00;972103805_0;116.86;10.30;447.00;0.50;-23142338#2_0;5.10;0.00;tripinfo_wu_ns_to_ko.14;137.00;wu_ns_to_ko.14;0;1398.55;1.02;0.00;13.32;car;;0;0.00
590.00;23156305_0;1264.14;8.76;241.00;2.62;-45494495_0;5.10;0.00;tripinfo_wu_os_to_gg.0;349.00;wu_os_to_gg.0;0;3034.34;0.87;0.00;31.83;car;;0;0.00
590.00;28706217_0;94.10;7.21;359.00;1.87;-230845886_0;5.10;0.00;tripinfo_wu_ba_to_sl.3;231.00;wu_ba_to_sl.3;0;1934.94;0.93;0.00;36.91;car;;2;5.00
592.00;28706217_0;94.10;7.95;375.00;2.16;23687583_0;5.10;0.00;tripinfo_wu_as_to_sl.6;217.00;wu_as_to_sl.6;0;1976.75;1.02;0.00;38.04;car;;2;3.00
593.00;23156390_0;1121.44;10.32;402.00;1.47;23687583_0;5.10;0.00;tripinfo_wu_as_to_br.2;191.00;wu_as_to_br.2;0;1694.48;0.94;0.00;27.14;car;;1;9.00
598.00;972103805_0;116.86;7.78;313.00;0.02;-230845886_0;5.10;0.00;tripinfo_wu_ba_to_ko.12;285.00;wu_ba_to_ko.12;0;2114.29;0.80;0.00;45.82;car;;2;12.00
598.00;230845886_0;633.12;9.34;347.00;1.55;803785575#0_0;5.10;0.00;tripinfo_wu_od_to_ba.10;251.00;wu_od_to_ba.10;0;2382.14;0.93;0.00;20.17;car;;0;0.00
600.00;972103805_0;116.86;10.33;334.00;0.37;-230845886_0;5.10;0.00;tripinfo_wu_ba_to_ko.13;266.00;wu_ba_to_ko.13;0;2114.29;0.96;0.00;65.38;car;;3;6.00
601.00;23156305_0;1264.14;12.39;326.00;1.95;-230845886_0;5.10;0.00;tripinfo_wu_ba_to_gg.3;275.00;wu_ba_to_gg.3;0;2718.65;1.14;0.00;57.38;car;;1;8.00
602.00;972103805_0;116.86;12.31;337.00;0.40;-230845886_0;5.10;0.00;tripinfo_wu_ba_to_ko.14;265.00;wu_ba_to_ko.14;0;2114.29;1.16;0.00;99.16;car;;2;12.00
604.00;972103805_0;116.86;9.93;338.00;3.77;803785575#0_0;5.10;0.00;tripinfo_wu_od_to_ko.11;266.00;wu_od_to_ko.11;0;2307.67;1.00;0.00;45.92;car;;2;12.00
606.00;28716808#1_0;754.74;8.90;305.00;0.76;803785575#0_0;5.10;0.00;tripinfo_wu_od_to_kl.3;301.00;wu_od_to_kl.3;0;2678.40;0.91;0.00;33.67;car;;0;0.00
606.00;972103805_0;116.86;11.71;353.00;0.78;803785575#0_0;5.10;0.00;tripinfo_wu_od_to_ko.12;253.00;wu_od_to_ko.12;0;2307.67;1.16;0.00;63.20;car;;2;9.00
613.00;23527526_0;253.75;10.65;548.00;1.39;23687583_0;5.10;0.00;tripinfo_wu_as_to_gj.7;65.00;wu_as_to_gj.7;0;649.06;1.03;0.00;7.23;car;;0;0.00
616.00;28706217_0;94.10;6.85;399.00;0.43;23687583_0;5.10;0.00;tripinfo_wu_as_to_sl.7;217.00;wu_as_to_sl.7;0;1976.75;0.93;0.00;18.68;car;;0;0.00
622.00;972103805_0;116.86;11.53;390.00;1.30;803785575#0_0;5.10;0.00;tripinfo_wu_od_to_ko.13;232.00;wu_od_to_ko.13;0;2307.67;1.13;0.00;36.61;car;;2;8.00
626.00;41899283#1_0;148.70;8.07;444.00;0.51;-230845886_0;5.10;0.00;tripinfo_wu_ba_to_as.5;182.00;wu_ba_to_as.5;0;1430.78;0.78;0.00;16.62;car;;0;0.00
628.00;41899283#1_0;148.70;9.80;399.00;0.56;-23142338#2_0;5.10;0.00;tripinfo_wu_ns_to_as.1;229.00;wu_ns_to_as.1;0;2009.37;0.96;0.00;38.60;car;;2;5.00
628.00;23527526_0;253.75;13.50;425.00;1.32;-45494495_0;5.10;0.00;tripinfo_wu_os_to_gj.1;203.00;wu_os_to_gj.1;0;2071.37;1.23;0.00;50.27;car;;2;12.00
628.00;45494495_0;58.90;10.00;436.00;0.33;-230845886_0;5.10;0.00;tripinfo_wu_ba_to_os.7;192.00;wu_ba_to_os.7;0;1647.96;0.99;0.00;41.82;car;;0;0.00
629.00;23156030#6_0;109.07;8.52;349.00;0.89;23687583_0;5.10;0.00;tripinfo_wu_as_to_od.2;280.00;wu_as_to_od.2;0;2357.31;0.85;0.00;30.31;car;;1;4.00
630.00;45494495_0;58.90;11.30;450.00;1.43;23687583_0;5.10;0.00;tripinfo_wu_as_to_os.9;180.00;wu_as_to_os.9;0;1689.77;1.06;0.00;35.73;car;;2;3.00
631.00;23142338#2_0;290.21;12.61;404.00;2.84;803785575#0_0;5.10;0.00;tripinfo_wu_od_to_ns.4;227.00;wu_od_to_ns.4;0;1928.29;1.17;0.00;67.08;car;;2;43.00
638.00;23527526_0;253.75;11.52;447.00;0.82;-230845886_0;5.10;0.00;tripinfo_wu_ba_to_gj.9;191.00;wu_ba_to_gj.9;0;1755.68;1.08;0.00;43.26;car;;0;0.00
644.00;23156305_0;1264.14;9.00;323.00;0.02;-230845886_0;5.10;0.00;tripinfo_wu_ba_to_gg.2;321.00;wu_ba_to_gg.2;0;2718.65;0.87;0.00;38.67;car;;1;6.00
645.00;23156030#6_0;109.07;9.43;390.00;0.23;23687583_0;5.10;0.00;tripinfo_wu_as_to_od.3;255.00;wu_as_to_od.3;0;2357.31;0.92;0.00;24.03;car;;1;1.00
645.00;41899283#1_0;148.70;9.22;475.00;0.76;-230845886_0;5.10;0.00;tripinfo_wu_ba_to_as.6;170.00;wu_ba_to_as.6;0;1430.78;0.84;0.00;14.90;car;;0;0.00
646.00;23156305_0;1264.14;11.11;346.00;3.13;-230845886_0;5.10;0.00;tripinfo_wu_ba_to_gg.4;300.00;wu_ba_to_gg.4;0;2718.65;1.05;0.00;64.37;car;;1;12.00
647.00;23156030#6_0;109.07;10.34;409.00;0.33;-230845886_0;5.10;0.00;tripinfo_wu_ba_to_od.6;238.00;wu_ba_to_od.6;0;2315.50;0.96;0.00;20.34;car;;0;0.00
648.00;23156305_0;1264.14;10.08;277.00;0.74;803785575#0_0;5.10;0.00;tripinfo_wu_od_to_gg.5;371.00;wu_od_to_gg.5;0;3669.96;1.01;0.00;40.13;car;;0;0.00
650.00;23156305_0;1264.14;10.59;481.00;1.21;23687583_0;5.10;0.00;tripinfo_wu_as_to_gg.2;169.00;wu_as_to_gg.2;0;1600.87;0.99;0.00;21.55;car;;1;1.00
650.00;41899283#1_0;148.70;11.71;490.00;0.39;-230845886_0;5.10;0.00;tripinfo_wu_ba_to_as.7;160.00;wu_ba_to_as.7;0;1430.78;1.06;0.00;38.06;car;;1;7.00
655.00;45494495_0;58.90;10.34;556.00;0.41;803785575#0_0;5.10;0.00;tripinfo_wu_od_to_os.13;99.00;wu_od_to_os.13;0;969.96;0.99;0.00;9.60;car;;0;0.00
656.00;23156305_0;1264.14;10.11;379.00;0.39;-230845886_0;5.10;0.00;tripinfo_wu_ba_to_gg.5;277.00;wu_ba_to_gg.5;0;2718.65;1.00;0.00;29.90;car;;1;5.00
657.00;23156305_0;1264.14;11.50;308.00;3.42;803785575#0_0;5.10;0.00;tripinfo_wu_od_to_gg.6;349.00;wu_od_to_gg.6;0;3669.96;1.10;0.00;46.52;car;;1;1.00
659.00;28716808#1_0;754.74;11.94;367.00;3.47;803785575#0_0;5.10;0.00;tripinfo_wu_od_to_kl.4;292.00;wu_od_to_kl.4;0;2678.40;1.11;0.00;73.35;car;;2;6.00
659.00;972103805_0;116.86;8.46;398.00;0.88;-230845886_0;5.10;0.00;tripinfo_wu_ba_to_ko.15;261.00;wu_ba_to_ko.15;0;2114.29;0.86;0.00;37.33;car;;1;9.00
660.00;230845886_0;633.12;11.71;541.00;0.64;23687583_0;5.10;0.00;tripinfo_wu_as_to_ba.8;119.00;wu_as_to_ba.8;0;1356.50;1.13;0.00;10.36;car;;0;0.00
661.00;972103805_0;116.86;11.44;423.00;0.04;-230845886_0;5.10;0.00;tripinfo_wu_ba_to_ko.16;238.00;wu_ba_to_ko.16;0;2114.29;1.11;0.00;64.90;car;;1;8.00
666.00;23156390_0;1121.44;9.52;314.00;6.91;803785575#0_0;5.10;0.00;tripinfo_wu_od_to_br.2;352.00;wu_od_to_br.2;0;3149.31;0.90;0.00;32.33;car;;0;0.00
667.00;23527526_0;253.75;8.14;433.00;2.60;-230845886_0;5.10;0.00;tripinfo_wu_ba_to_gj.8;234.00;wu_ba_to_gj.8;0;1755.68;0.77;0.00;26.51;car;;1;1.00
668.00;23156390_0;1121.44;11.45;329.00;9.39;803785575#0_0;5.10;0.00;tripinfo_wu_od_to_br.3;339.00;wu_od_to_br.3;0;3149.31;1.08;0.00;73.46;car;;1;9.00
670.00;23527526_0;253.75;9.48;373.00;2.21;803785575#0_0;5.10;0.00;tripinfo_wu_od_to_gj.1;297.00;wu_od_to_gj.1;0;2706.99;0.90;0.00;23.88;car;;0;0.00
670.00;45494495_0;58.90;8.87;463.00;0.48;-230845886_0;5.10;0.00;tripinfo_wu_ba_to_os.8;207.00;wu_ba_to_os.8;0;1647.96;0.87;0.00;35.91;car;;0;0.00
672.00;972103805_0;116.86;8.89;507.00;1.49;-23142338#2_0;5.10;0.00;tripinfo_wu_ns_to_ko.15;165.00;wu_ns_to_ko.15;0;1398.55;0.83;0.00;12.91;car;;0;0.00
676.00;45494495_0;58.90;12.73;488.00;0.84;-23142338#2_0;5.10;0.00;tripinfo_wu_ns_to_os.0;188.00;wu_ns_to_os.0;0;1865.82;1.18;0.00;45.19;car;;1;4.00
678.00;230845886_0;633.12;9.42;387.00;0.83;803785575#0_0;5.10;0.00;tripinfo_wu_od_to_ba.11;291.00;wu_od_to_ba.11;0;2382.14;0.93;0.00;60.86;car;;1;2.00
680.00;28716808#1_0;754.74;9.97;370.00;1.22;803785575#0_0;5.10;0.00;tripinfo_wu_od_to_kl.5;310.00;wu_od_to_kl.5;0;2678.40;0.99;0.00;65.87;car;;2;8.00
680.00;28706217_0;94.10;5.67;424.00;1.62;23687583_0;5.10;0.00;tripinfo_wu_as_to_sl.8;256.00;wu_as_to_sl.8;0;1976.75;0.82;0.00;31.48;car;;1;2.00
680.00;23142338#2_0;290.21;10.94;430.00;0.33;-230845886_0;5.10;0.00;tripinfo_wu_ba_to_ns.3;250.00;wu_ba_to_ns.3;0;2346.36;1.09;0.00;54.28;car;;2;30.00
680.00;45494495_0;58.90;11.23;591.00;3.01;803785575#0_0;5.10;0.00;tripinfo_wu_od_to_os.14;89.00;wu_od_to_os.14;0;969.96;1.13;0.00;11.42;car;;0;0.00
682.00;230845886_0;633.12;10.96;435.00;1.14;803785575#0_0;5.10;0.00;tripinfo_wu_od_to_ba.12;247.00;wu_od_to_ba.12;0;2382.14;1.05;0.00;41.88;car;;0;0.00
683.00;41899283#1_0;148.70;8.65;501.00;1.90;-230845886_0;5.10;0.00;tripinfo_wu_ba_to_as.8;182.00;wu_ba_to_as.8;0;1430.78;0.79;0.00;17.10;car;;0;0.00
683.00;45494495_0;58.90;11.48;598.00;0.05;803785575#0_0;5.10;0.00;tripinfo_wu_od_to_os.15;85.00;wu_od_to_os.15;0;969.96;1.14;0.00;7.88;car;;0;0.00
684.00;972103805_0;116.86;9.46;521.00;0.73;-23142338#2_0;5.10;0.00;tripinfo_wu_ns_to_ko.16;163.00;wu_ns_to_ko.16;0;1398.55;0.95;0.00;30.46;car;;1;9.00
686.00;972103805_0;116.86;10.10;425.00;0.16;803785575#0_0;5.10;0.00;tripinfo_wu_od_to_ko.14;261.00;wu_od_to_ko.14;0;2307.67;0.99;0.00;39.81;car;;2;7.00
689.00;972103805_0;116.86;11.98;432.00;0.35;803785575#0_0;5.10;0.00;tripinfo_wu_od_to_ko.15;257.00;wu_od_to_ko.15;0;2307.67;1.10;0.00;56.87;car;;1;3.00
690.00;23142338#2_0;290.21;11.65;496.00;0.27;23687583_0;5.10;0.00;tripinfo_wu_as_to_ns.3;194.00;wu_as_to_ns.3;0;1995.73;1.14;0.00;33.37;car;;2;4.00
693.00;230845886_0;633.12;12.35;447.00;6.65;803785575#0_0;5.10;0.00;tripinfo_wu_od_to_ba.13;246.00;wu_od_to_ba.13;0;2382.14;1.13;0.00;54.91;car;;1;5.00
694.00;41899283#1_0;148.70;9.34;395.00;0.96;803785575#0_0;5.10;0.00;tripinfo_wu_od_to_as.5;299.00;wu_od_to_as.5;0;2382.09;0.95;0.00;71.38;car;;1;6.00
694.00;23527526_0;253.75;8.46;576.00;2.57;23687583_0;5.10;0.00;tripinfo_wu_as_to_gj.8;118.00;wu_as_to_gj.8;0;649.06;0.86;0.00;49.43;car;;3;33.00
695.00;45494495_0;58.90;9.86;509.00;0.48;23687583_0;5.10;0.00;tripinfo_wu_as_to_os.10;186.00;wu_as_to_os.10;0;1689.77;0.92;0.00;20.40;car;;1;2.00
696.00;41899283#1_0;148.70;11.93;401.00;2.52;803785575#0_0;5.10;0.00;tripinfo_wu_od_to_as.6;295.00;wu_od_to_as.6;0;2382.09;1.12;0.00;101.49;car;;1;5.00
696.00;230845886_0;633.12;11.04;450.00;2.81;803785575#0_0;5.10;0.00;tripinfo_wu_od_to_ba.14;246.00;wu_od_to_ba.14;0;2382.14;1.11;0.00;51.79;car;;1;5.00
696.00;45494495_0;58.90;11.60;526.00;0.44;-230845886_0;5.10;0.00;tripinfo_wu_ba_to_os.9;170.00;wu_ba_to_os.9;0;1647.96;1.06;0.00;29.27;car;;1;1.00
698.00;972103805_0;116.86;9.24;450.00;3.11;-230845886_0;5.10;0.00;tripinfo_wu_ba_to_ko.17;248.00;wu_ba_to_ko.17;0;2114.29;0.91;0.00;35.66;car;;0;0.00
699.00;23527526_0;253.75;10.12;605.00;0.62;23687583_0;5.10;0.00;tripinfo_wu_as_to_gj.9;94.00;wu_as_to_gj.9;0;649.06;0.94;0.00;30.60;car;;2;11.00
703.00;45494495_0;58.90;11.39;545.00;0.98;23687583_0;5.10;0.00;tripinfo_wu_as_to_os.11;158.00;wu_as_to_os.11;0;1689.77;1.09;0.00;17.24;car;;1;2.00
703.00;972103805_0;116.86;10.36;560.00;0.84;-23142338#2_0;5.10;0.00;tripinfo_wu_ns_to_ko.17;143.00;wu_ns_to_ko.17;0;1398.55;1.01;0.00;17.20;car;;1;3.00
710.00;23527526_0;253.75;11.30;639.00;0.11;23687583_0;5.10;0.00;tripinfo_wu_as_to_gj.10;71.00;wu_as_to_gj.10;0;649.06;1.04;0.00;14.09;car;;1;4.00
711.00;230845886_0;633.12;9.57;442.00;0.03;-23142338#2_0;5.10;0.00;tripinfo_wu_ns_to_ba.1;269.00;wu_ns_to_ba.1;0;2340.42;0.93;0.00;43.11;car;;2;8.00
711.00;972103805_0;116.86;11.48;495.00;4.56;-230845886_0;5.10;0.00;tripinfo_wu_ba_to_ko.18;216.00;wu_ba_to_ko.18;0;2114.29;1.09;0.00;38.87;car;;1;8.00
717.00;41899283#1_0;148.70;6.68;434.00;0.13;-45494495_0;5.10;0.00;tripinfo_wu_os_to_as.3;283.00;wu_os_to_as.3;0;1746.47;0.65;0.00;40.20;car;;2;7.00
719.00;23142338#2_0;290.21;11.95;527.00;0.12;803785575#0_0;5.10;0.00;tripinfo_wu_od_to_ns.5;192.00;wu_od_to_ns.5;0;1928.29;1.09;0.00;21.04;car;;0;0.00
725.00;41899283#1_0;148.70;8.69;428.00;2.04;803785575#0_0;5.10;0.00;tripinfo_wu_od_to_as.7;297.00;wu_od_to_as.7;0;2382.09;0.86;0.00;46.88;car;;2;10.00
726.00;23156305_0;1264.14;9.89;331.00;8.18;803785575#0_0;5.10;0.00;tripinfo_wu_od_to_gg.7;395.00;wu_od_to_gg.7;0;3669.96;0.95;0.00;45.67;car;;1;8.00
729.00;45494495_0;58.90;8.99;548.00;1.39;-230845886_0;5.10;0.00;tripinfo_wu_ba_to_os.10;181.00;wu_ba_to_os.10;0;1647.96;0.91;0.00;16.68;car;;0;0.00
734.00;41899283#1_0;148.70;10.27;591.00;1.92;-230845886_0;5.10;0.00;tripinfo_wu_ba_to_as.9;143.00;wu_ba_to_as.9;0;1430.78;1.01;0.00;15.16;car;;0;0.00
735.00;28716808#1_0;754.74;11.20;441.00;2.58;803785575#0_0;5.10;0.00;tripinfo_wu_od_to_kl.6;294.00;wu_od_to_kl.6;0;2678.40;1.11;0.00;76.08;car;;3;13.00
735.00;972103805_0;116.86;9.91;498.00;1.02;-230845886_0;5.10;0.00;tripinfo_wu_ba_to_ko.19;237.00;wu_ba_to_ko.19;0;2114.29;0.98;0.00;40.71;car;;2;10.00
736.00;23142338#2_0;290.21;9.59;519.00;0.99;23687583_0;5.10;0.00;tripinfo_wu_as_to_ns.4;217.00;wu_as_to_ns.4;0;1995.73;0.95;0.00;27.21;car;;1;2.00
736.00;23156030#6_1;109.07;13.37;665.00;0.13;-45494495_0;5.10;0.00;tripinfo_wu_os_to_od.8;71.00;wu_os_to_od.8;0;865.51;1.24;0.00;7.22;car;;0;0.00
737.00;23156390_0;1121.44;7.86;344.00;0.35;803785575#0_0;5.10;0.00;tripinfo_wu_od_to_br.4;393.00;wu_od_to_br.4;0;3149.31;0.82;0.00;44.74;car;;2;5.00
738.00;23527526_0;253.75;11.20;544.00;2.71;-230845886_0;5.10;0.00;tripinfo_wu_ba_to_gj.10;194.00;wu_ba_to_gj.10;0;1755.68;1.07;0.00;44.71;car;;1;6.00
739.00;23156390_0;1121.44;11.84;383.00;0.24;803785575#0_0;5.10;0.00;tripinfo_wu_od_to_br.5;356.00;wu_od_to_br.5;0;3149.31;1.11;0.00;97.07;car;;2;3.00
740.00;28706217_0;94.10;5.91;445.00;0.49;23687583_0;5.10;0.00;tripinfo_wu_as_to_sl.9;295.00;wu_as_to_sl.9;0;1976.75;0.73;0.00;43.30;car;;1;14.00
742.00;28706217_0;94.10;7.79;466.00;1.84;-230845886_0;5.10;0.00;tripinfo_wu_ba_to_sl.4;276.00;wu_ba_to_sl.4;0;1934.94;1.00;0.00;95.69;car;;2;11.00
743.00;23156030#6_0;109.07;9.90;479.00;0.07;-230845886_0;5.10;0.00;tripinfo_wu_ba_to_od.7;264.00;wu_ba_to_od.7;0;2315.50;0.97;0.00;49.22;car;;0;0.00
744.00;28706217_0;94.10;7.85;533.00;0.45;-23142338#2_0;5.10;0.00;tripinfo_wu_ns_to_sl.0;211.00;wu_ns_to_sl.0;0;1619.36;1.07;0.00;57.48;car;;3;20.00
745.00;23156030#6_0;109.07;10.35;655.00;0.71;-45494495_0;5.10;0.00;tripinfo_wu_os_to_od.7;90.00;wu_os_to_od.7;0;865.51;0.98;0.00;10.13;car;;0;0.00
746.00;230845886_0;633.12;10.46;478.00;1.96;803785575#0_0;5.10;0.00;tripinfo_wu_od_to_ba.15;268.00;wu_od_to_ba.15;0;2382.14;0.99;0.00;51.49;car;;1;29.00
747.00;23527526_0;253.75;10.87;673.00;0.30;23687583_0;5.10;0.00;tripinfo_wu_as_to_gj.11;74.00;wu_as_to_gj.11;0;649.06;0.99;0.00;13.69;car;;1;3.00
748.00;972103805_0;116.86;7.74;438.00;2.07;803785575#0_0;5.10;0.00;tripinfo_wu_od_to_ko.16;310.00;wu_od_to_ko.16;0;2307.67;0.78;0.00;30.76;car;;0;0.00
748.00;45494495_0;58.90;10.40;583.00;0.53;-230845886_0;5.10;0.00;tripinfo_wu_ba_to_os.11;165.00;wu_ba_to_os.11;0;1647.96;1.01;0.00;17.42;car;;0;0.00
748.00;230845886_0;633.12;12.54;594.00;0.95;23687583_0;5.10;0.00;tripinfo_wu_as_to_ba.9;154.00;wu_as_to_ba.9;0;1356.50;1.13;0.00;45.03;car;;2;22.00
749.00;972103805_0;116.86;10.52;490.00;0.15;-45494495_0;5.10;0.00;tripinfo_wu_os_to_ko.6;259.00;wu_os_to_ko.6;0;2045.29;1.02;0.00;66.35;car;;0;0.00
751.00;41899283#1_0;148.70;10.19;598.00;2.21;-230845886_0;5.10;0.00;tripinfo_wu_ba_to_as.10;153.00;wu_ba_to_as.10;0;1430.78;1.03;0.00;26.53;car;;1;8.00
752.00;972103805_0;116.86;8.29;575.00;0.85;-23142338#2_0;5.10;0.00;tripinfo_wu_ns_to_ko.18;177.00;wu_ns_to_ko.18;0;1398.55;0.83;0.00;24.75;car;;1;4.00
753.00;41899283#1_0;148.70;10.76;601.00;5.00;-230845886_0;5.10;0.00;tripinfo_wu_ba_to_as.11;152.00;wu_ba_to_as.11;0;1430.78;1.04;0.00;27.08;car;;1;7.00
756.00;28706217_0;94.10;8.58;529.00;2.70;-230845886_0;5.10;0.00;tripinfo_wu_ba_to_sl.5;227.00;wu_ba_to_sl.5;0;1934.94;1.08;0.00;60.84;car;;3;16.00
758.00;23156390_0;1121.44;11.21;408.00;0.42;803785575#0_0;5.10;0.00;tripinfo_wu_od_to_br.6;350.00;wu_od_to_br.6;0;3149.31;1.09;0.00;86.43;car;;1;4.00
762.00;41899283#1_0;148.70;11.06;550.00;0.47;-23142338#2_0;5.10;0.00;tripinfo_wu_ns_to_as.2;212.00;wu_ns_to_as.2;0;2009.37;1.06;0.00;39.99;car;;1;6.00
764.00;41899283#1_0;148.70;12.22;507.00;0.86;803785575#0_0;5.10;0.00;tripinfo_wu_od_to_as.8;257.00;wu_od_to_as.8;0;2382.09;1.20;0.00;76.69;car;;1;9.00
765.00;972103805_0;116.86;9.42;605.00;0.47;-23142338#2_0;5.10;0.00;tripinfo_wu_ns_to_ko.19;160.00;wu_ns_to_ko.19;0;1398.55;0.89;0.00;18.38;car;;1;3.00
767.00;972103805_0;116.86;12.27;608.00;0.79;-23142338#2_0;5.10;0.00;tripinfo_wu_ns_to_ko.20;159.00;wu_ns_to_ko.20;0;1398.55;1.15;0.00;48.53;car;;1;3.00
769.00;23156390_0;1121.44;10.41;418.00;0.71;803785575#0_0;5.10;0.00;tripinfo_wu_od_to_br.7;351.00;wu_od_to_br.7;0;3149.31;1.02;0.00;70.31;car;;1;4.00
769.00;972103805_0;116.86;11.55;488.00;3.26;803785575#0_0;5.10;0.00;tripinfo_wu_od_to_ko.17;281.00;wu_od_to_ko.17;0;2307.67;1.07;0.00;75.86;car;;3;26.00
769.00;23156030#6_0;109.07;10.58;504.00;1.88;-230845886_0;5.10;0.00;tripinfo_wu_ba_to_od.8;265.00;wu_ba_to_od.8;0;2315.50;1.06;0.00;68.81;car;;2;12.00
769.00;28706217_0;94.10;7.78;557.00;2.94;-230845886_0;5.10;0.00;tripinfo_wu_ba_to_sl.6;212.00;wu_ba_to_sl.6;0;1934.94;1.09;0.00;46.16;car;;0;0.00
771.00;972103805_0;116.86;9.57;491.00;2.40;803785575#0_0;5.10;0.00;tripinfo_wu_od_to_ko.18;280.00;wu_od_to_ko.18;0;2307.67;0.89;0.00;35.19;car;;1;1.00
777.00;23156305_0;1264.14;12.25;437.00;0.57;-45494495_0;5.10;0.00;tripinfo_wu_os_to_gg.1;340.00;wu_os_to_gg.1;0;3034.34;1.13;0.00;97.06;car;;1;3.00
777.00;23527526_0;253.75;8.62;564.00;3.90;-230845886_0;5.10;0.00;tripinfo_wu_ba_to_gj.11;213.00;wu_ba_to_gj.11;0;1755.68;0.84;0.00;23.98;car;;1;2.00
779.00;23156030#6_0;109.07;9.15;509.00;0.92;-230845886_0;5.10;0.00;tripinfo_wu_ba_to_od.9;270.00;wu_ba_to_od.9;0;2315.50;0.94;0.00;47.99;car;;2;9.00
780.00;972103805_0;116.86;11.00;559.00;1.91;-45494495_0;5.10;0.00;tripinfo_wu_os_to_ko.7;221.00;wu_os_to_ko.7;0;2045.29;1.07;0.00;37.38;car;;2;7.00
788.00;972103805_0;116.86;10.67;659.00;0.71;-23142338#2_0;5.10;0.00;tripinfo_wu_ns_to_ko.21;129.00;wu_ns_to_ko.21;0;1398.55;1.08;0.00;11.85;car;;0;0.00
790.00;28706217_0;94.10;7.88;564.00;0.89;23687583_0;5.10;0.00;tripinfo_wu_as_to_sl.10;226.00;wu_as_to_sl.10;0;1976.75;1.04;0.00;48.78;car;;1;14.00
791.00;23527526_0;253.75;12.48;624.00;0.58;-230845886_0;5.10;0.00;tripinfo_wu_ba_to_gj.12;167.00;wu_ba_to_gj.12;0;1755.68;1.20;0.00;34.55;car;;0;0.00
794.00;45494495_0;58.90;11.78;711.00;0.69;803785575#0_0;5.10;0.00;tripinfo_wu_od_to_os.16;83.00;wu_od_to_os.16;0;969.96;1.16;0.00;7.88;car;;0;0.00
798.00;972103805_0;116.86;9.14;538.00;0.89;-230845886_0;5.10;0.00;tripinfo_wu_ba_to_ko.20;260.00;wu_ba_to_ko.20;0;2114.29;0.86;0.00;37.36;car;;1;8.00
799.00;41899283#1_0;148.70;10.57;559.00;0.02;803785575#0_0;5.10;0.00;tripinfo_wu_od_to_as.9;240.00;wu_od_to_as.9;0;2382.09;1.05;0.00;35.35;car;;2;2.00
800.00;23142338#2_0;290.21;10.76;541.00;3.43;-230845886_0;5.10;0.00;tripinfo_wu_ba_to_ns.4;259.00;wu_ba_to_ns.4;0;2346.36;1.08;0.00;62.23;car;;2;21.00
800.00;972103805_0;116.86;11.42;569.00;7.21;-230845886_0;5.10;0.00;tripinfo_wu_ba_to_ko.21;231.00;wu_ba_to_ko.21;0;2114.29;1.11;0.00;57.84;car;;1;1.00
802.00;45494495_0;58.90;8.93;593.00;0.90;-23142338#2_0;5.10;0.00;tripinfo_wu_ns_to_os.1;209.00;wu_ns_to_os.1;0;1865.82;0.88;0.00;16.98;car;;0;0.00
805.00;23156305_0;1264.14;10.74;398.00;0.05;803785575#0_0;5.10;0.00;tripinfo_wu_od_to_gg.8;407.00;wu_od_to_gg.8;0;3669.96;1.04;0.00;86.17;car;;1;1.00
805.00;23156390_0;1121.44;10.64;456.00;7.34;803785575#0_0;5.10;0.00;tripinfo_wu_od_to_br.8;349.00;wu_od_to_br.8;0;3149.31;1.04;0.00;74.24;car;;3;12.00
805.00;23142338#2_0;290.21;11.96;588.00;0.09;803785575#0_0;5.10;0.00;tripinfo_wu_od_to_ns.6;217.00;wu_od_to_ns.6;0;1928.29;1.09;0.00;45.49;car;;1;7.00
808.00;23156030#6_0;109.07;9.40;554.00;0.75;-230845886_0;5.10;0.00;tripinfo_wu_ba_to_od.10;254.00;wu_ba_to_od.10;0;2315.50;0.90;0.00;21.30;car;;0;0.00
813.00;28706217_0;94.10;7.37;758.00;2.62;-45494495_0;5.10;0.00;tripinfo_wu_os_to_sl.4;55.00;wu_os_to_sl.4;0;484.95;1.03;0.00;7.12;car;;0;0.00
814.00;972103805_0;116.86;10.66;572.00;10.05;-230845886_0;5.10;0.00;tripinfo_wu_ba_to_ko.22;242.00;wu_ba_to_ko.22;0;2114.29;1.03;0.00;54.80;car;;1;8.00
817.00;45494495_0;58.90;11.91;611.00;1.21;23687583_0;5.10;0.00;tripinfo_wu_as_to_os.12;206.00;wu_as_to_os.12;0;1689.77;1.09;0.00;65.10;car;;2;12.00
820.00;972103805_0;116.86;11.20;575.00;0.73;-230845886_0;5.10;0.00;tripinfo_wu_ba_to_ko.23;245.00;wu_ba_to_ko.23;0;2114.29;1.02;0.00;55.76;car;;1;9.00
822.00;45494495_0;58.90;10.69;649.00;0.24;-230845886_0;5.10;0.00;tripinfo_wu_ba_to_os.12;173.00;wu_ba_to_os.12;0;1647.96;0.96;0.00;18.58;car;;0;0.00
823.00;28716808#1_0;754.74;9.43;494.00;2.41;803785575#0_0;5.10;0.00;tripinfo_wu_od_to_kl.7;329.00;wu_od_to_kl.7;0;2678.40;0.86;0.00;46.42;car;;2;8.00
823.00;972103805_0;116.86;10.46;677.00;0.53;-23142338#2_0;5.10;0.00;tripinfo_wu_ns_to_ko.22;146.00;wu_ns_to_ko.22;0;1398.55;1.06;0.00;25.90;car;;1;6.00
825.00;28716808#1_0;754.74;10.06;569.00;0.68;-23142338#2_0;5.10;0.00;tripinfo_wu_ns_to_kl.1;256.00;wu_ns_to_kl.1;0;2315.58;1.02;0.00;49.54;car;;1;8.00
825.00;972103805_0;116.86;11.31;680.00;3.08;-23142338#2_0;5.10;0.00;tripinfo_wu_ns_to_ko.23;145.00;wu_ns_to_ko.23;0;1398.55;1.10;0.00;30.22;car;;1;6.00
833.00;28716808#1_0;754.74;9.49;597.00;0.03;-45494495_0;5.10;0.00;tripinfo_wu_os_to_kl.3;236.00;wu_os_to_kl.3;0;2042.78;0.91;0.00;33.53;car;;2;7.00
833.00;230845886_0;633.12;11.12;602.00;0.89;803785575#0_0;5.10;0.00;tripinfo_wu_od_to_ba.16;231.00;wu_od_to_ba.16;0;2382.14;1.01;0.00;17.40;car;;0;0.00
834.00;972103805_0;116.86;11.30;588.00;0.92;-230845886_0;5.10;0.00;tripinfo_wu_ba_to_ko.24;246.00;wu_ba_to_ko.24;0;2114.29;1.05;0.00;62.92;car;;2;17.00
835.00;45494495_0;58.90;10.59;738.00;0.58;803785575#0_0;5.10;0.00;tripinfo_wu_od_to_os.17;97.00;wu_od_to_os.17;0;969.96;0.98;0.00;7.99;car;;0;0.00
839.00;23156305_0;1264.14;9.98;676.00;0.39;23687583_0;5.10;0.00;tripinfo_wu_as_to_gg.3;163.00;wu_as_to_gg.3;0;1600.87;1.00;0.00;18.44;car;;1;1.00
840.00;41899283#1_0;148.70;10.87;673.00;0.94;-230845886_0;5.10;0.00;tripinfo_wu_ba_to_as.12;167.00;wu_ba_to_as.12;0;1430.78;1.06;0.00;44.84;car;;2;6.00
843.00;23142338#2_0;290.21;10.61;600.00;3.98;23687583_0;5.10;0.00;tripinfo_wu_as_to_ns.5;243.00;wu_as_to_ns.5;0;1995.73;1.03;0.00;66.65;car;;4;28.00
843.00;23156030#6_0;109.07;9.88;755.00;0.31;-45494495_0;5.10;0.00;tripinfo_wu_os_to_od.9;88.00;wu_os_to_od.9;0;865.51;0.97;0.00;7.16;car;;0;0.00
844.00;23142338#2_0;290.21;11.67;614.00;3.01;23687583_0;5.10;0.00;tripinfo_wu_as_to_ns.6;230.00;wu_as_to_ns.6;0;1995.73;1.08;0.00;62.29;car;;3;13.00
844.00;28716808#1_0;754.74;10.31;630.00;1.21;-45494495_0;5.10;0.00;tripinfo_wu_os_to_kl.4;214.00;wu_os_to_kl.4;0;2042.78;1.03;0.00;33.28;car;;1;9.00
850.00;230845886_0;633.12;11.70;717.00;1.06;23687583_0;5.10;0.00;tripinfo_wu_as_to_ba.10;133.00;wu_as_to_ba.10;0;1356.50;1.08;0.00;19.61;car;;1;6.00
854.00;41899283#1_0;148.70;11.35;694.00;0.72;-230845886_0;5.10;0.00;tripinfo_wu_ba_to_as.13;160.00;wu_ba_to_as.13;0;1430.78;1.03;0.00;34.50;car;;1;10.00
856.00;41899283#1_0;148.70;11.14;697.00;3.43;-230845886_0;5.10;0.00;tripinfo_wu_ba_to_as.14;159.00;wu_ba_to_as.14;0;1430.78;1.05;0.00;35.28;car;;2;8.00
857.00;45494495_0;58.90;10.06;670.00;3.03;23687583_0;5.10;0.00;tripinfo_wu_as_to_os.13;187.00;wu_as_to_os.13;0;1689.77;0.98;0.00;31.26;car;;1;2.00
859.00;23156390_0;1121.44;9.89;475.00;0.56;803785575#0_0;5.10;0.00;tripinfo_wu_od_to_br.9;384.00;wu_od_to_br.9;0;3149.31;0.92;0.00;75.34;car;;3;33.00
861.00;23156390_0;1121.44;10.21;485.00;0.57;803785575#0_0;5.10;0.00;tripinfo_wu_od_to_br.10;376.00;wu_od_to_br.10;0;3149.31;0.98;0.00;85.24;car;;3;29.00
862.00;23156305_0;1264.14;9.43;561.00;5.31;-230845886_0;5.10;0.00;tripinfo_wu_ba_to_gg.6;301.00;wu_ba_to_gg.6;0;2718.65;0.90;0.00;27.68;car;;0;0.00
863.00;23156390_0;1121.44;12.47;564.00;0.67;803785575#0_0;5.10;0.00;tripinfo_wu_od_to_br.11;299.00;wu_od_to_br.11;0;3149.31;1.18;0.00;57.03;car;;1;2.00
865.00;972103805_0;116.86;9.96;573.00;0.77;803785575#0_0;5.10;0.00;tripinfo_wu_od_to_ko.19;292.00;wu_od_to_ko.19;0;2307.67;0.91;0.00;51.05;car;;2;18.00
868.00;972103805_0;116.86;9.45;710.00;0.73;-23142338#2_0;5.10;0.00;tripinfo_wu_ns_to_ko.24;158.00;wu_ns_to_ko.24;0;1398.55;0.88;0.00;14.62;car;;0;0.00
872.00;230845886_0;633.12;8.68;668.00;1.33;-45494495_0;5.10;0.00;tripinfo_wu_os_to_ba.1;204.00;wu_os_to_ba.1;0;1746.52;0.85;0.00;18.44;car;;0;0.00
874.00;230845886_0;633.12;11.46;676.00;1.58;-45494495_0;5.10;0.00;tripinfo_wu_os_to_ba.2;198.00;wu_os_to_ba.2;0;1746.52;1.08;0.00;50.98;car;;1;1.00
875.00;28706217_0;94.10;5.66;604.00;3.60;-230845886_0;5.10;0.00;tripinfo_wu_ba_to_sl.7;271.00;wu_ba_to_sl.7;0;1934.94;0.76;0.00;33.57;car;;1;6.00
875.00;972103805_0;116.86;10.47;642.00;1.45;-230845886_0;5.10;0.00;tripinfo_wu_ba_to_ko.25;233.00;wu_ba_to_ko.25;0;2114.29;1.01;0.00;42.90;car;;2;16.00
875.00;230845886_0;633.12;12.82;732.00;0.94;23687583_0;5.10;0.00;tripinfo_wu_as_to_ba.11;143.00;wu_as_to_ba.11;0;1356.50;1.17;0.00;38.64;car;;1;7.00
879.00;23156305_0;1264.14;8.32;476.00;0.09;-23142338#2_0;5.10;0.00;tripinfo_wu_ns_to_gg.2;403.00;wu_ns_to_gg.2;0;3297.24;0.86;0.00;52.04;car;;1;5.00
881.00;23156305_0;1264.14;12.13;459.00;9.81;803785575#0_0;5.10;0.00;tripinfo_wu_od_to_gg.9;422.00;wu_od_to_gg.9;0;3669.96;1.10;0.00;119.89;car;;3;37.00
882.00;23156030#6_0;109.07;11.64;802.00;0.17;-45494495_0;5.10;0.00;tripinfo_wu_os_to_od.10;80.00;wu_os_to_od.10;0;865.51;1.15;0.00;11.55;car;;0;0.00
884.00;972103805_0;116.86;10.94;742.00;0.04;-23142338#2_0;5.10;0.00;tripinfo_wu_ns_to_ko.25;142.00;wu_ns_to_ko.25;0;1398.55;1.05;0.00;21.34;car;;1;5.00
885.00;23142338#2_0;290.21;10.90;607.00;2.84;-230845886_0;5.10;0.00;tripinfo_wu_ba_to_ns.5;278.00;wu_ba_to_ns.5;0;2346.36;1.08;0.00;81.70;car;;2;13.00
887.00;23527526_0;253.75;8.71;668.00;0.59;-230845886_0;5.10;0.00;tripinfo_wu_ba_to_gj.13;219.00;wu_ba_to_gj.13;0;1755.68;0.81;0.00;23.77;car;;1;4.00
889.00;23527526_0;253.75;11.22;690.00;0.63;-230845886_0;5.10;0.00;tripinfo_wu_ba_to_gj.14;199.00;wu_ba_to_gj.14;0;1755.68;1.09;0.00;52.45;car;;2;4.00
891.00;28706217_0;94.10;8.39;820.00;0.12;-45494495_0;5.10;0.00;tripinfo_wu_os_to_sl.5;71.00;wu_os_to_sl.5;0;484.95;1.14;0.00;28.35;car;;1;16.00
893.00;23527526_0;253.75;10.14;707.00;0.35;-230845886_0;5.10;0.00;tripinfo_wu_ba_to_gj.15;186.00;wu_ba_to_gj.15;0;1755.68;0.95;0.00;17.88;car;;0;0.00
894.00;23156305_0;1264.14;9.50;543.00;0.70;-45494495_0;5.10;0.00;tripinfo_wu_os_to_gg.2;351.00;wu_os_to_gg.2;0;3034.34;0.95;0.00;61.77;car;;1;20.00
894.00;23156030#6_0;109.07;9.52;597.00;2.39;23687583_0;5.10;0.00;tripinfo_wu_as_to_od.4;297.00;wu_as_to_od.4;0;2357.31;0.88;0.00;55.67;car;;3;20.00
894.00;28706217_0;94.10;8.70;664.00;0.54;23687583_0;5.10;0.00;tripinfo_wu_as_to_sl.11;230.00;wu_as_to_sl.11;0;1976.75;1.13;0.00;68.08;car;;1;13.00
894.00;41899283#1_0;148.70;10.44;736.00;0.89;-230845886_0;5.10;0.00;tripinfo_wu_ba_to_as.15;158.00;wu_ba_to_as.15;0;1430.78;1.04;0.00;33.22;car;;2;8.00
897.00;45494495_0;58.90;10.14;791.00;0.11;803785575#0_0;5.10;0.00;tripinfo_wu_od_to_os.18;106.00;wu_od_to_os.18;0;969.96;0.93;0.00;11.55;car;;0;0.00
900.00;230845886_0;633.12;10.33;753.00;4.45;23687583_0;5.10;0.00;tripinfo_wu_as_to_ba.12;147.00;wu_as_to_ba.12;0;1356.50;0.96;0.00;18.86;car;;1;4.00
900.00;23527526_0;253.75;10.93;829.00;2.30;23687583_0;5.10;0.00;tripinfo_wu_as_to_gj.12;71.00;wu_as_to_gj.12;0;649.06;1.05;0.00;14.68;car;;1;1.00
903.00;972103805_0;116.86;10.81;635.00;0.22;803785575#0_0;5.10;0.00;tripinfo_wu_od_to_ko.20;268.00;wu_od_to_ko.20;0;2307.67;1.05;0.00;57.48;car;;3;21.00
904.00;28706217_0;94.10;7.06;667.00;1.23;23687583_0;5.10;0.00;tripinfo_wu_as_to_sl.12;237.00;wu_as_to_sl.12;0;1976.75;0.90;0.00;33.55;car;;2;8.00
904.00;23527526_0;253.75;11.37;832.00;2.41;23687583_0;5.10;0.00;tripinfo_wu_as_to_gj.13;72.00;wu_as_to_gj.13;0;649.06;1.03;0.00;14.52;car;;0;0.00
905.00;972103805_0;116.86;10.22;641.00;0.61;803785575#0_0;5.10;0.00;tripinfo_wu_od_to_ko.21;264.00;wu_od_to_ko.21;0;2307.67;1.02;0.00;48.98;car;;3;10.00
907.00;972103805_0;116.86;11.56;653.00;0.46;803785575#0_0;5.10;0.00;tripinfo_wu_od_to_ko.22;254.00;wu_od_to_ko.22;0;2307.67;1.15;0.00;62.25;car;;3;9.00
908.00;23156305_0;1264.14;10.43;745.00;0.38;23687583_0;5.10;0.00;tripinfo_wu_as_to_gg.4;163.00;wu_as_to_gg.4;0;1600.87;0.97;0.00;12.88;car;;0;0.00
909.00;23156030#6_0;109.07;9.84;642.00;1.14;23687583_0;5.10;0.00;tripinfo_wu_as_to_od.5;267.00;wu_as_to_od.5;0;2357.31;0.90;0.00;31.46;car;;1;2.00
909.00;972103805_0;116.86;11.66;781.00;0.64;-23142338#2_0;5.10;0.00;tripinfo_wu_ns_to_ko.26;128.00;wu_ns_to_ko.26;0;1398.55;1.09;0.00;11.70;car;;0;0.00
910.00;23527526_0;253.75;9.95;611.00;0.72;803785575#0_0;5.10;0.00;tripinfo_wu_od_to_gj.2;299.00;wu_od_to_gj.2;0;2706.99;0.97;0.00;45.09;car;;1;9.00
910.00;23156030#6_1;109.07;8.90;645.00;0.30;23687583_0;5.10;0.00;tripinfo_wu_as_to_od.6;265.00;wu_as_to_od.6;0;2357.31;0.92;0.00;33.13;car;;0;0.00
914.00;28706217_0;94.10;7.01;680.00;0.78;23687583_0;5.10;0.00;tripinfo_wu_as_to_sl.13;234.00;wu_as_to_sl.13;0;1976.75;0.90;0.00;30.53;car;;0;0.00
923.00;23142338#2_0;290.21;10.20;701.00;0.71;23687583_0;5.10;0.00;tripinfo_wu_as_to_ns.7;222.00;wu_as_to_ns.7;0;1995.73;0.96;0.00;31.77;car;;2;4.00
924.00;972103805_0;116.86;10.52;784.00;0.00;-23142338#2_0;5.10;0.00;tripinfo_wu_ns_to_ko.27;140.00;wu_ns_to_ko.27;0;1398.55;1.05;0.00;19.52;car;;1;2.00
926.00;41899283#1_0;148.70;7.90;628.00;0.52;803785575#0_0;5.10;0.00;tripinfo_wu_od_to_as.10;298.00;wu_od_to_as.10;0;2382.09;0.79;0.00;25.56;car;;0;0.00
928.00;23156305_0;1264.14;9.93;639.00;0.19;-230845886_0;5.10;0.00;tripinfo_wu_ba_to_gg.7;289.00;wu_ba_to_gg.7;0;2718.65;0.97;0.00;34.46;car;;1;8.00
933.00;23156305_0;1264.14;10.55;579.00;0.37;803785575#0_0;5.10;0.00;tripinfo_wu_od_to_gg.10;354.00;wu_od_to_gg.10;0;3669.96;1.06;0.00;39.92;car;;1;9.00
937.00;230845886_0;633.12;8.18;725.00;0.05;-45494495_0;5.10;0.00;tripinfo_wu_os_to_ba.3;212.00;wu_os_to_ba.3;0;1746.52;0.82;0.00;19.14;car;;0;0.00
938.00;230845886_0;633.12;11.40;761.00;1.59;-45494495_0;5.10;0.00;tripinfo_wu_os_to_ba.4;177.00;wu_os_to_ba.4;0;1746.52;1.12;0.00;35.74;car;;0;0.00
938.00;23156030#6_0;109.07;10.43;854.00;0.99;-45494495_0;5.10;0.00;tripinfo_wu_os_to_od.11;84.00;wu_os_to_od.11;0;865.51;1.03;0.00;8.28;car;;0;0.00
941.00;23142338#2_0;290.21;10.08;722.00;0.57;23687583_0;5.10;0.00;tripinfo_wu_as_to_ns.8;219.00;wu_as_to_ns.8;0;1995.73;0.99;0.00;34.75;car;;2;9.00
945.00;972103805_0;116.86;9.40;657.00;0.84;803785575#0_0;5.10;0.00;tripinfo_wu_od_to_ko.23;288.00;wu_od_to_ko.23;0;2307.67;0.90;0.00;45.84;car;;2;9.00
949.00;45494495_0;58.90;11.06;762.00;0.03;23687583_0;5.10;0.00;tripinfo_wu_as_to_os.14;187.00;wu_as_to_os.14;0;1689.77;1.00;0.00;34.56;car;;2;13.00
951.00;23527526_0;253.75;10.47;638.00;1.10;803785575#0_0;5.10;0.00;tripinfo_wu_od_to_gj.3;313.00;wu_od_to_gj.3;0;2706.99;0.99;0.00;65.61;car;;1;1.00
953.00;230845886_0;633.12;8.91;765.00;0.72;-45494495_0;5.10;0.00;tripinfo_wu_os_to_ba.5;188.00;wu_os_to_ba.5;0;1746.52;0.92;0.00;15.56;car;;0;0.00
954.00;972103805_0;116.86;10.29;725.00;0.79;-230845886_0;5.10;0.00;tripinfo_wu_ba_to_ko.26;229.00;wu_ba_to_ko.26;0;2114.29;1.02;0.00;39.64;car;;1;5.00
955.00;230845886_0;633.12;9.66;703.00;0.98;803785575#0_0;5.10;0.00;tripinfo_wu_od_to_ba.17;252.00;wu_od_to_ba.17;0;2382.14;0.93;0.00;20.52;car;;0;0.00
958.00;45494495_0;58.90;9.66;778.00;0.78;23687583_0;5.10;0.00;tripinfo_wu_as_to_os.15;180.00;wu_as_to_os.15;0;1689.77;0.98;0.00;24.64;car;;1;2.00
958.00;23527526_0;253.75;11.00;888.00;0.06;23687583_0;5.10;0.00;tripinfo_wu_as_to_gj.14;70.00;wu_as_to_gj.14;0;649.06;1.00;0.00;10.63;car;;0;0.00
962.00;972103805_0;116.86;9.19;729.00;0.98;-230845886_0;5.10;0.00;tripinfo_wu_ba_to_ko.27;233.00;wu_ba_to_ko.27;0;2114.29;0.92;0.00;22.88;car;;0;0.00
965.00;972103805_0;116.86;9.35;660.00;1.53;803785575#0_0;5.10;0.00;tripinfo_wu_od_to_ko.24;305.00;wu_od_to_ko.24;0;2307.67;0.88;0.00;55.24;car;;3;21.00
967.00;972103805_0;116.86;11.85;697.00;0.89;-45494495_0;5.10;0.00;tripinfo_wu_os_to_ko.8;270.00;wu_os_to_ko.8;0;2045.29;1.08;0.00;87.55;car;;4;26.00
968.00;23156390_0;1121.44;9.16;765.00;1.92;23687583_0;5.10;0.00;tripinfo_wu_as_to_br.3;203.00;wu_as_to_br.3;0;1694.48;0.88;0.00;28.37;car;;2;5.00
970.00;23156390_0;1121.44;10.22;618.00;0.43;803785575#0_0;5.10;0.00;tripinfo_wu_od_to_br.12;352.00;wu_od_to_br.12;0;3149.31;1.04;0.00;76.39;car;;2;10.00
971.00;28706217_0;94.10;6.88;739.00;3.29;-230845886_0;5.10;0.00;tripinfo_wu_ba_to_sl.8;232.00;wu_ba_to_sl.8;0;1934.94;0.86;0.00;24.05;car;;1;1.00
972.00;230845886_0;633.12;7.78;784.00;0.17;23687583_0;5.10;0.00;tripinfo_wu_as_to_ba.13;188.00;wu_as_to_ba.13;0;1356.50;0.79;0.00;33.17;car;;2;12.00
973.00;23156305_0;1264.14;9.99;582.00;0.44;803785575#0_0;5.10;0.00;tripinfo_wu_od_to_gg.11;391.00;wu_od_to_gg.11;0;3669.96;0.94;0.00;37.66;car;;1;3.00
973.00;972103805_0;116.86;11.99;779.00;0.87;-230845886_0;5.10;0.00;tripinfo_wu_ba_to_ko.28;194.00;wu_ba_to_ko.28;0;2114.29;1.16;0.00;26.91;car;;1;1.00
973.00;41899283#1_0;148.70;11.15;830.00;3.30;-230845886_0;5.10;0.00;tripinfo_wu_ba_to_as.16;143.00;wu_ba_to_as.16;0;1430.78;1.10;0.00;24.32;car;;0;0.00
975.00;28716808#1_0;754.74;9.15;670.00;0.45;803785575#0_0;5.10;0.00;tripinfo_wu_od_to_kl.8;305.00;wu_od_to_kl.8;0;2678.40;0.92;0.00;42.32;car;;2;6.00
975.00;23156305_0;1264.14;12.17;826.00;0.16;23687583_0;5.10;0.00;tripinfo_wu_as_to_gg.5;149.00;wu_as_to_gg.5;0;1600.87;1.21;0.00;28.54;car;;1;2.00
980.00;28706217_0;94.10;7.57;772.00;0.88;-230845886_0;5.10;0.00;tripinfo_wu_ba_to_sl.9;208.00;wu_ba_to_sl.9;0;1934.94;1.06;0.00;38.33;car;;1;8.00
982.00;23527526_0;253.75;10.82;914.00;0.17;23687583_0;5.10;0.00;tripinfo_wu_as_to_gj.15;68.00;wu_as_to_gj.15;0;649.06;0.99;0.00;7.73;car;;0;0.00
984.00;23156390_0;1121.44;9.96;621.00;0.70;803785575#0_0;5.10;0.00;tripinfo_wu_od_to_br.13;363.00;wu_od_to_br.13;0;3149.31;0.94;0.00;57.53;car;;2;15.00
985.00;230845886_0;633.12;9.89;805.00;0.53;-45494495_0;5.10;0.00;tripinfo_wu_os_to_ba.6;180.00;wu_os_to_ba.6;0;1746.52;0.97;0.00;17.52;car;;0;0.00
985.00;972103805_0;116.86;10.47;833.00;0.44;-23142338#2_0;5.10;0.00;tripinfo_wu_ns_to_ko.28;152.00;wu_ns_to_ko.28;0;1398.55;0.95;0.00;19.49;car;;0;0.00
987.00;23156030#6_0;109.07;9.52;721.00;0.23;-230845886_0;5.10;0.00;tripinfo_wu_ba_to_od.11;266.00;wu_ba_to_od.11;0;2315.50;0.87;0.00;25.78;car;;0;0.00
987.00;23156030#6_1;109.07;9.96;740.00;0.10;23687583_0;5.10;0.00;tripinfo_wu_as_to_od.7;247.00;wu_as_to_od.7;0;2357.31;0.93;0.00;19.69;car;;0;0.00
987.00;230845886_0;633.12;10.60;758.00;1.53;803785575#0_0;5.10;0.00;tripinfo_wu_od_to_ba.18;229.00;wu_od_to_ba.18;0;2382.14;1.05;0.00;24.44;car;;0;0.00
989.00;23527526_0;253.75;10.55;698.00;0.21;803785575#0_0;5.10;0.00;tripinfo_wu_od_to_gj.4;291.00;wu_od_to_gj.4;0;2706.99;0.97;0.00;39.37;car;;1;5.00
990.00;23142338#2_0;290.21;9.68;748.00;1.95;23687583_0;5.10;0.00;tripinfo_wu_as_to_ns.9;242.00;wu_as_to_ns.9;0;1995.73;0.91;0.00;43.06;car;;3;14.00
991.00;23527526_0;253.75;11.75;813.00;0.69;-230845886_0;5.10;0.00;tripinfo_wu_ba_to_gj.16;178.00;wu_ba_to_gj.16;0;1755.68;1.10;0.00;33.56;car;;0;0.00
992.00;23142338#2_0;290.21;10.26;711.00;1.56;-230845886_0;5.10;0.00;tripinfo_wu_ba_to_ns.6;281.00;wu_ba_to_ns.6;0;2346.36;0.99;0.00;66.29;car;;2;35.00
994.00;23142338#2_0;290.21;11.48;742.00;4.28;-230845886_0;5.10;0.00;tripinfo_wu_ba_to_ns.7;252.00;wu_ba_to_ns.7;0;2346.36;1.04;0.00;48.57;car;;1;1.00
995.00;45494495_0;58.90;12.59;814.00;0.50;23687583_0;5.10;0.00;tripinfo_wu_as_to_os.16;181.00;wu_as_to_os.16;0;1689.77;1.14;0.00;46.89;car;;1;11.00
1000.00;23142338#2_0;290.21;11.00;756.00;2.48;23687583_0;5.10;0.00;tripinfo_wu_as_to_ns.10;244.00;wu_as_to_ns.10;0;1995.73;0.99;0.00;60.96;car;;4;19.00
1007.00;23527526_0;253.75;11.18;942.00;0.40;23687583_0;5.10;0.00;tripinfo_wu_as_to_gj.16;65.00;wu_as_to_gj.16;0;649.06;1.03;0.00;7.25;car;;0;0.00
1012.00;230845886_0;633.12;13.10;810.00;0.94;-23142338#2_0;5.10;0.00;tripinfo_wu_ns_to_ba.2;202.00;wu_ns_to_ba.2;0;2340.42;1.21;0.00;28.05;car;;1;5.00
1016.00;41899283#1_0;148.70;7.94;750.00;0.17;-23142338#2_0;5.10;0.00;tripinfo_wu_ns_to_as.3;266.00;wu_ns_to_as.3;0;2009.37;0.82;0.00;43.51;car;;3;11.00
1020.00;23142338#2_0;290.21;10.55;783.00;0.02;803785575#0_0;5.10;0.00;tripinfo_wu_od_to_ns.7;237.00;wu_od_to_ns.7;0;1928.29;1.02;0.00;55.01;car;;2;10.00
1022.00;41899283#1_0;148.70;11.48;862.00;9.11;-230845886_0;5.10;0.00;tripinfo_wu_ba_to_as.18;160.00;wu_ba_to_as.18;0;1430.78;1.12;0.00;44.97;car;;1;3.00
1027.00;972103805_0;116.86;8.42;846.00;0.23;-23142338#2_0;5.10;0.00;tripinfo_wu_ns_to_ko.29;181.00;wu_ns_to_ko.29;0;1398.55;0.80;0.00;23.72;car;;1;7.00
1029.00;972103805_0;116.86;10.15;874.00;0.10;-23142338#2_0;5.10;0.00;tripinfo_wu_ns_to_ko.30;155.00;wu_ns_to_ko.30;0;1398.55;0.93;0.00;18.82;car;;0;0.00
1031.00;972103805_0;116.86;10.46;877.00;0.79;-23142338#2_0;5.10;0.00;tripinfo_wu_ns_to_ko.31;154.00;wu_ns_to_ko.31;0;1398.55;1.01;0.00;28.97;car;;0;0.00
1033.00;972103805_0;116.86;10.83;791.00;0.49;-45494495_0;5.10;0.00;tripinfo_wu_os_to_ko.9;242.00;wu_os_to_ko.9;0;2045.29;1.01;0.00;47.00;car;;2;9.00
1035.00;972103805_0;116.86;10.70;818.00;0.39;-230845886_0;5.10;0.00;tripinfo_wu_ba_to_ko.29;217.00;wu_ba_to_ko.29;0;2114.29;0.99;0.00;23.77;car;;0;0.00
1035.00;23142338#2_0;290.21;11.27;835.00;0.01;23687583_0;5.10;0.00;tripinfo_wu_as_to_ns.11;200.00;wu_as_to_ns.11;0;1995.73;1.10;0.00;35.77;car;;2;5.00
1037.00;45494495_0;58.90;9.86;843.00;4.88;23687583_0;5.10;0.00;tripinfo_wu_as_to_os.17;194.00;wu_as_to_os.17;0;1689.77;0.99;0.00;40.01;car;;1;3.00
1037.00;23527526_0;253.75;10.84;969.00;0.89;23687583_0;5.10;0.00;tripinfo_wu_as_to_gj.17;68.00;wu_as_to_gj.17;0;649.06;0.99;0.00;7.95;car;;0;0.00
1041.00;41899283#1_0;148.70;9.08;856.00;7.57;-230845886_0;5.10;0.00;tripinfo_wu_ba_to_as.17;185.00;wu_ba_to_as.17;0;1430.78;0.91;0.00;42.23;car;;3;13.00
1046.00;28706217_0;94.10;5.22;789.00;0.05;-230845886_0;5.10;0.00;tripinfo_wu_ba_to_sl.10;257.00;wu_ba_to_sl.10;0;1934.94;0.77;0.00;22.94;car;;0;0.00
1047.00;45494495_0;58.90;9.67;865.00;11.23;-230845886_0;5.10;0.00;tripinfo_wu_ba_to_os.13;182.00;wu_ba_to_os.13;0;1647.96;0.96;0.00;25.72;car;;1;2.00
1048.00;28706217_0;94.10;8.92;803.00;0.40;23687583_0;5.10;0.00;tripinfo_wu_as_to_sl.14;245.00;wu_as_to_sl.14;0;1976.75;1.14;0.00;83.98;car;;2;10.00
1050.00;23142338#2_0;290.21;11.68;807.00;0.09;-230845886_0;5.10;0.00;tripinfo_wu_ba_to_ns.8;243.00;wu_ba_to_ns.8;0;2346.36;1.07;0.00;44.21;car;;0;0.00
1050.00;45494495_0;58.90;9.52;951.00;0.95;803785575#0_0;5.10;0.00;tripinfo_wu_od_to_os.19;99.00;wu_od_to_os.19;0;969.96;0.97;0.00;8.23;car;;0;0.00
1051.00;28706217_0;94.10;6.49;827.00;0.65;-230845886_0;5.10;0.00;tripinfo_wu_ba_to_sl.11;224.00;wu_ba_to_sl.11;0;1934.94;0.90;0.00;23.36;car;;0;0.00
1052.00;972103805_0;116.86;11.17;840.00;0.41;-230845886_0;5.10;0.00;tripinfo_wu_ba_to_ko.30;212.00;wu_ba_to_ko.30;0;2114.29;1.10;0.00;36.45;car;;1;10.00
1054.00;28716808#1_0;754.74;9.77;755.00;0.40;803785575#0_0;5.10;0.00;tripinfo_wu_od_to_kl.9;299.00;wu_od_to_kl.9;0;2678.40;0.91;0.00;32.21;car;;0;0.00
1058.00;28716808#1_0;754.74;10.97;766.00;0.60;803785575#0_0;5.10;0.00;tripinfo_wu_od_to_kl.10;292.00;wu_od_to_kl.10;0;2678.40;1.08;0.00;67.70;car;;2;12.00
1060.00;23527526_0;253.75;9.73;992.00;0.82;23687583_0;5.10;0.00;tripinfo_wu_as_to_gj.18;68.00;wu_as_to_gj.18;0;649.06;0.99;0.00;8.11;car;;0;0.00
1061.00;45494495_0;58.90;9.21;868.00;3.34;-230845886_0;5.10;0.00;tripinfo_wu_ba_to_os.14;193.00;wu_ba_to_os.14;0;1647.96;0.86;0.00;19.72;car;;0;0.00
1063.00;23142338#2_0;290.21;9.73;840.00;2.70;23687583_0;5.10;0.00;tripinfo_wu_as_to_ns.12;223.00;wu_as_to_ns.12;0;1995.73;0.94;0.00;29.67;car;;1;2.00
1067.00;41899283#1_0;148.70;9.11;788.00;0.92;803785575#0_0;5.10;0.00;tripinfo_wu_od_to_as.11;279.00;wu_od_to_as.11;0;2382.09;0.88;0.00;33.47;car;;1;2.00
1068.00;23156030#6_0;109.07;11.40;846.00;0.31;-230845886_0;5.10;0.00;tripinfo_wu_ba_to_od.12;222.00;wu_ba_to_od.12;0;2315.50;1.08;0.00;28.60;car;;0;0.00
1070.00;972103805_0;116.86;8.77;772.00;4.11;803785575#0_0;5.10;0.00;tripinfo_wu_od_to_ko.25;298.00;wu_od_to_ko.25;0;2307.67;0.87;0.00;45.78;car;;2;10.00
1072.00;972103805_0;116.86;9.73;800.00;0.46;-45494495_0;5.10;0.00;tripinfo_wu_os_to_ko.10;272.00;wu_os_to_ko.10;0;2045.29;0.92;0.00;59.03;car;;3;13.00
1076.00;41899283#1_0;148.70;11.81;810.00;0.67;803785575#0_0;5.10;0.00;tripinfo_wu_od_to_as.12;266.00;wu_od_to_as.12;0;2382.09;1.07;0.00;64.73;car;;4;17.00
1078.00;41899283#1_0;148.70;11.36;935.00;1.64;-230845886_0;5.10;0.00;tripinfo_wu_ba_to_as.19;143.00;wu_ba_to_as.19;0;1430.78;1.09;0.00;24.40;car;;1;1.00
1079.00;28716808#1_0;754.74;10.89;955.00;0.84;23687583_0;5.10;0.00;tripinfo_wu_as_to_kl.3;124.00;wu_as_to_kl.3;0;1207.92;1.04;0.00;18.80;car;;1;2.00
1083.00;28706217_0;94.10;6.86;822.00;0.07;23687583_0;5.10;0.00;tripinfo_wu_as_to_sl.15;261.00;wu_as_to_sl.15;0;1976.75;0.85;0.00;44.44;car;;3;8.00
1083.00;230845886_0;633.12;10.70;870.00;0.40;-45494495_0;5.10;0.00;tripinfo_wu_os_to_ba.7;213.00;wu_os_to_ba.7;0;1746.52;0.97;0.00;49.48;car;;2;14.00
1085.00;23156030#6_0;109.07;11.85;1007.00;0.84;-45494495_0;5.10;0.00;tripinfo_wu_os_to_od.12;78.00;wu_os_to_od.12;0;865.51;1.11;0.00;7.15;car;;0;0.00
1086.00;972103805_0;116.86;9.30;917.00;3.47;-23142338#2_0;5.10;0.00;tripinfo_wu_ns_to_ko.32;169.00;wu_ns_to_ko.32;0;1398.55;0.89;0.00;26.77;car;;2;7.00
1087.00;972103805_0;116.86;10.50;835.00;1.66;-45494495_0;5.10;0.00;tripinfo_wu_os_to_ko.11;252.00;wu_os_to_ko.11;0;2045.29;1.04;0.00;63.45;car;;2;24.00
1089.00;972103805_0;116.86;10.89;836.00;0.01;803785575#0_0;5.10;0.00;tripinfo_wu_od_to_ko.26;253.00;wu_od_to_ko.26;0;2307.67;1.03;0.00;39.17;car;;1;9.00
1095.00;972103805_0;116.86;10.42;853.00;6.86;-230845886_0;5.10;0.00;tripinfo_wu_ba_to_ko.31;242.00;wu_ba_to_ko.31;0;2114.29;1.00;0.00;49.09;car;;3;8.00
1097.00;41899283#1_0;148.70;9.82;905.00;0.78;-45494495_0;5.10;0.00;tripinfo_wu_os_to_as.4;192.00;wu_os_to_as.4;0;1746.47;0.99;0.00;33.15;car;;2;6.00
1098.00;23156305_0;1264.14;9.34;689.00;0.52;803785575#0_0;5.10;0.00;tripinfo_wu_od_to_gg.12;409.00;wu_od_to_gg.12;0;3669.96;0.92;0.00;47.32;car;;2;9.00
1099.00;23527526_0;253.75;9.45;891.00;0.90;-230845886_0;5.10;0.00;tripinfo_wu_ba_to_gj.17;208.00;wu_ba_to_gj.17;0;1755.68;0.90;0.00;30.34;car;;2;2.00
1102.00;23156390_0;1121.44;9.43;760.00;0.64;-23142338#2_0;5.10;0.00;tripinfo_wu_ns_to_br.0;342.00;wu_ns_to_br.0;0;2792.05;0.87;0.00;51.32;car;;1;5.00
1103.00;28706217_0;94.10;8.99;875.00;0.23;23687583_0;5.10;0.00;tripinfo_wu_as_to_sl.16;228.00;wu_as_to_sl.16;0;1976.75;1.19;0.00;74.14;car;;1;21.00
1107.00;23156390_0;1121.44;11.15;769.00;2.33;803785575#0_0;5.10;0.00;tripinfo_wu_od_to_br.14;338.00;wu_od_to_br.14;0;3149.31;1.05;0.00;65.56;car;;2;12.00
1107.00;28706217_0;94.10;8.41;885.00;0.12;23687583_0;5.10;0.00;tripinfo_wu_as_to_sl.17;222.00;wu_as_to_sl.17;0;1976.75;1.06;0.00;48.23;car;;2;6.00
1115.00;972103805_0;116.86;10.63;875.00;5.27;-230845886_0;5.10;0.00;tripinfo_wu_ba_to_ko.32;240.00;wu_ba_to_ko.32;0;2114.29;0.98;0.00;43.02;car;;0;0.00
1119.00;23527526_0;253.75;9.52;846.00;0.58;-45494495_0;5.10;0.00;tripinfo_wu_os_to_gj.2;273.00;wu_os_to_gj.2;0;2071.37;0.87;0.00;57.68;car;;3;23.00
1121.00;23527526_0;253.75;12.15;914.00;2.94;-230845886_0;5.10;0.00;tripinfo_wu_ba_to_gj.18;207.00;wu_ba_to_gj.18;0;1755.68;1.16;0.00;69.85;car;;2;10.00
1123.00;23156390_0;1121.44;9.41;775.00;2.59;803785575#0_0;5.10;0.00;tripinfo_wu_od_to_br.15;348.00;wu_od_to_br.15;0;3149.31;0.94;0.00;45.24;car;;2;8.00
1123.00;23142338#2_0;290.21;9.88;859.00;6.14;-230845886_0;5.10;0.00;tripinfo_wu_ba_to_ns.9;264.00;wu_ba_to_ns.9;0;2346.36;0.97;0.00;44.95;car;;2;10.00
1123.00;230845886_0;633.12;8.59;913.00;0.98;-45494495_0;5.10;0.00;tripinfo_wu_os_to_ba.8;210.00;wu_os_to_ba.8;0;1746.52;0.82;0.00;17.85;car;;0;0.00
1123.00;23527526_0;253.75;11.68;947.00;2.69;-230845886_0;5.10;0.00;tripinfo_wu_ba_to_gj.19;176.00;wu_ba_to_gj.19;0;1755.68;1.14;0.00;35.45;car;;0;0.00
1124.00;41899283#1_0;148.70;11.78;914.00;0.55;-23142338#2_0;5.10;0.00;tripinfo_wu_ns_to_as.4;210.00;wu_ns_to_as.4;0;2009.37;1.10;0.00;44.14;car;;0;0.00
1125.00;23156390_0;1121.44;12.57;958.00;2.02;23687583_0;5.10;0.00;tripinfo_wu_as_to_br.4;167.00;wu_as_to_br.4;0;1694.48;1.14;0.00;32.64;car;;1;2.00
1128.00;23527526_0;253.75;12.24;1062.00;0.02;23687583_0;5.10;0.00;tripinfo_wu_as_to_gj.19;66.00;wu_as_to_gj.19;0;649.06;1.15;0.00;14.12;car;;1;2.00
1131.00;23156305_0;1264.14;8.81;786.00;0.73;-45494495_0;5.10;0.00;tripinfo_wu_os_to_gg.3;345.00;wu_os_to_gg.3;0;3034.34;0.88;0.00;30.30;car;;0;0.00
1136.00;972103805_0;116.86;10.30;878.00;7.65;-230845886_0;5.10;0.00;tripinfo_wu_ba_to_ko.33;258.00;wu_ba_to_ko.33;0;2114.29;0.95;0.00;54.69;car;;1;9.00
1136.00;45494495_0;58.90;8.67;1024.00;0.59;803785575#0_0;5.10;0.00;tripinfo_wu_od_to_os.20;112.00;wu_od_to_os.20;0;969.96;0.88;0.00;11.32;car;;0;0.00
1137.00;972103805_0;116.86;11.34;881.00;7.15;-230845886_0;5.10;0.00;tripinfo_wu_ba_to_ko.34;256.00;wu_ba_to_ko.34;0;2114.29;1.11;0.00;83.36;car;;1;8.00
1138.00;45494495_0;58.90;11.68;1035.00;0.46;803785575#0_0;5.10;0.00;tripinfo_wu_od_to_os.21;103.00;wu_od_to_os.21;0;969.96;1.06;0.00;20.03;car;;0;0.00
1139.00;972103805_0;116.86;11.83;896.00;0.63;-230845886_0;5.10;0.00;tripinfo_wu_ba_to_ko.35;243.00;wu_ba_to_ko.35;0;2114.29;1.09;0.00;67.06;car;;2;6.00
1142.00;23142338#2_0;290.21;9.01;862.00;0.77;23687583_0;5.10;0.00;tripinfo_wu_as_to_ns.13;280.00;wu_as_to_ns.13;0;1995.73;0.81;0.00;56.63;car;;4;19.00
1151.00;28706217_0;94.10;8.10;945.00;0.75;23687583_0;5.10;0.00;tripinfo_wu_as_to_sl.18;206.00;wu_as_to_sl.18;0;1976.75;1.11;0.00;40.29;car;;2;13.00
1152.00;41899283#1_0;148.70;11.67;973.00;0.97;-45494495_0;5.10;0.00;tripinfo_wu_os_to_as.5;179.00;wu_os_to_as.5;0;1746.47;1.08;0.00;33.24;car;;1;4.00
1155.00;972103805_0;116.86;10.43;911.00;0.05;-230845886_0;5.10;0.00;tripinfo_wu_ba_to_ko.36;244.00;wu_ba_to_ko.36;0;2114.29;0.97;0.00;46.76;car;;2;10.00
1158.00;23156030#6_0;109.07;8.54;891.00;0.90;23687583_0;5.10;0.00;tripinfo_wu_as_to_od.8;267.00;wu_as_to_od.8;0;2357.31;0.88;0.00;26.07;car;;1;3.00
1163.00;45494495_0;58.90;8.71;963.00;0.08;23687583_0;5.10;0.00;tripinfo_wu_as_to_os.18;200.00;wu_as_to_os.18;0;1689.77;0.89;0.00;27.68;car;;0;0.00
1165.00;41899283#1_0;148.70;8.38;884.00;0.33;803785575#0_0;5.10;0.00;tripinfo_wu_od_to_as.13;281.00;wu_od_to_as.13;0;2382.09;0.85;0.00;27.14;car;;0;0.00
1166.00;23156305_0;1264.14;9.37;850.00;3.88;-230845886_0;5.10;0.00;tripinfo_wu_ba_to_gg.8;316.00;wu_ba_to_gg.8;0;2718.65;0.89;0.00;37.05;car;;2;6.00
1167.00;972103805_0;116.86;8.75;839.00;2.35;803785575#0_0;5.10;0.00;tripinfo_wu_od_to_ko.27;328.00;wu_od_to_ko.27;0;2307.67;0.79;0.00;51.68;car;;3;14.00
1167.00;41899283#1_0;148.70;10.80;919.00;0.40;803785575#0_0;5.10;0.00;tripinfo_wu_od_to_as.14;248.00;wu_od_to_as.14;0;2382.09;1.08;0.00;47.94;car;;1;3.00
1167.00;45494495_0;58.90;7.26;953.00;6.18;-230845886_0;5.10;0.00;tripinfo_wu_ba_to_os.15;214.00;wu_ba_to_os.15;0;1647.96;0.77;0.00;19.96;car;;0;0.00
1168.00;23156305_0;1264.14;10.11;1000.00;0.48;23687583_0;5.10;0.00;tripinfo_wu_as_to_gg.6;168.00;wu_as_to_gg.6;0;1600.87;1.00;0.00;23.36;car;;0;0.00
1168.00;23527526_0;253.75;9.62;1085.00;0.34;23687583_0;5.10;0.00;tripinfo_wu_as_to_gj.20;83.00;wu_as_to_gj.20;0;649.06;0.88;0.00;15.33;car;;1;4.00
1169.00;972103805_0;116.86;10.49;855.00;0.55;803785575#0_0;5.10;0.00;tripinfo_wu_od_to_ko.28;314.00;wu_od_to_ko.28;0;2307.67;0.99;0.00;92.06;car;;3;12.00
1169.00;41899283#1_0;148.70;12.20;985.00;0.61;-45494495_0;5.10;0.00;tripinfo_wu_os_to_as.6;184.00;wu_os_to_as.6;0;1746.47;1.16;0.00;47.53;car;;1;9.00
1170.00;23156305_0;1264.14;11.10;872.00;5.84;-230845886_0;5.10;0.00;tripinfo_wu_ba_to_gg.9;298.00;wu_ba_to_gg.9;0;2718.65;1.00;0.00;51.66;car;;1;1.00
1170.00;230845886_0;633.12;8.95;978.00;0.27;-45494495_0;5.10;0.00;tripinfo_wu_os_to_ba.9;192.00;wu_os_to_ba.9;0;1746.52;0.91;0.00;17.25;car;;0;0.00
1170.00;23527526_0;253.75;11.07;1097.00;4.59;23687583_0;5.10;0.00;tripinfo_wu_as_to_gj.21;73.00;wu_as_to_gj.21;0;649.06;1.03;0.00;15.43;car;;0;0.00
1171.00;972103805_0;116.86;9.06;874.00;0.95;803785575#0_0;5.10;0.00;tripinfo_wu_od_to_ko.29;297.00;wu_od_to_ko.29;0;2307.67;0.92;0.00;58.12;car;;2;7.00
1171.00;23156030#6_0;109.07;9.51;908.00;0.52;23687583_0;5.10;0.00;tripinfo_wu_as_to_od.9;263.00;wu_as_to_od.9;0;2357.31;0.95;0.00;38.71;car;;2;11.00
1172.00;45494495_0;58.90;11.88;1015.00;3.19;-230845886_0;5.10;0.00;tripinfo_wu_ba_to_os.16;157.00;wu_ba_to_os.16;0;1647.96;1.09;0.00;20.13;car;;0;0.00
1173.00;23142338#2_0;290.21;7.91;893.00;1.10;803785575#0_0;5.10;0.00;tripinfo_wu_od_to_ns.8;280.00;wu_od_to_ns.8;0;1928.29;0.79;0.00;45.25;car;;2;15.00
1175.00;972103805_0;116.86;9.35;917.00;1.83;-230845886_0;5.10;0.00;tripinfo_wu_ba_to_ko.37;258.00;wu_ba_to_ko.37;0;2114.29;0.94;0.00;53.12;car;;2;18.00
1175.00;23142338#2_0;290.21;10.32;938.00;0.27;23687583_0;5.10;0.00;tripinfo_wu_as_to_ns.14;237.00;wu_as_to_ns.14;0;1995.73;0.93;0.00;41.23;car;;2;14.00
1176.00;23142338#2_0;290.21;10.67;948.00;3.74;23687583_0;5.10;0.00;tripinfo_wu_as_to_ns.15;228.00;wu_as_to_ns.15;0;1995.73;1.01;0.00;48.08;car;;2;18.00
1177.00;972103805_0;116.86;10.64;932.00;0.24;-230845886_0;5.10;0.00;tripinfo_wu_ba_to_ko.38;245.00;wu_ba_to_ko.38;0;2114.29;1.03;0.00;57.04;car;;2;15.00
1179.00;28716808#1_0;754.74;12.12;929.00;0.10;803785575#0_0;5.10;0.00;tripinfo_wu_od_to_kl.11;250.00;wu_od_to_kl.11;0;2678.40;1.12;0.00;33.59;car;;1;3.00
1180.00;972103805_0;116.86;12.56;950.00;3.94;-230845886_0;5.10;0.00;tripinfo_wu_ba_to_ko.39;230.00;wu_ba_to_ko.39;0;2114.29;1.16;0.00;64.00;car;;1;9.00
1184.00;972103805_0;116.86;10.67;887.00;2.10;803785575#0_0;5.10;0.00;tripinfo_wu_od_to_ko.30;297.00;wu_od_to_ko.30;0;2307.67;0.97;0.00;70.18;car;;4;18.00
1185.00;45494495_0;58.90;11.15;1009.00;2.30;23687583_0;5.10;0.00;tripinfo_wu_as_to_os.19;176.00;wu_as_to_os.19;0;1689.77;1.04;0.00;28.84;car;;1;6.00
1188.00;972103805_0;116.86;9.31;890.00;0.86;803785575#0_0;5.10;0.00;tripinfo_wu_od_to_ko.31;298.00;wu_od_to_ko.31;0;2307.67;0.90;0.00;56.09;car;;3;12.00
1191.00;23142338#2_0;290.21;9.92;973.00;0.90;23687583_0;5.10;0.00;tripinfo_wu_as_to_ns.16;218.00;wu_as_to_ns.16;0;1995.73;1.01;0.00;37.21;car;;2;11.00
1193.00;23527526_0;253.75;10.13;1012.00;3.97;-230845886_0;5.10;0.00;tripinfo_wu_ba_to_gj.20;181.00;wu_ba_to_gj.20;0;1755.68;0.98;0.00;19.12;car;;0;0.00
1195.00;41899283#1_0;148.70;10.66;954.00;2.71;803785575#0_0;5.10;0.00;tripinfo_wu_od_to_as.15;241.00;wu_od_to_as.15;0;2382.09;1.02;0.00;30.15;car;;0;0.00
1196.00;28716808#1_0;754.74;10.70;958.00;0.74;-23142338#2_0;5.10;0.00;tripinfo_wu_ns_to_kl.2;238.00;wu_ns_to_kl.2;0;2315.58;1.02;0.00;32.69;car;;1;5.00
1199.00;23156305_0;1264.14;10.18;843.00;0.48;-45494495_0;5.10;0.00;tripinfo_wu_os_to_gg.4;356.00;wu_os_to_gg.4;0;3034.34;0.92;0.00;55.65;car;;2;14.00
1201.00;23156305_0;1264.14;11.39;920.00;1.96;-230845886_0;5.10;0.00;tripinfo_wu_ba_to_gg.10;281.00;wu_ba_to_gg.10;0;2718.65;1.05;0.00;44.68;car;;1;7.00
1202.00;972103805_0;116.86;11.86;928.00;0.09;-45494495_0;5.10;0.00;tripinfo_wu_os_to_ko.12;274.00;wu_os_to_ko.12;0;2045.29;1.09;0.00;93.10;car;;3;20.00
1202.00;28716808#1_0;754.74;11.79;933.00;0.45;803785575#0_0;5.10;0.00;tripinfo_wu_od_to_kl.12;269.00;wu_od_to_kl.12;0;2678.40;1.06;0.00;40.81;car;;2;4.00
1203.00;23156305_0;1264.14;12.22;817.00;0.59;803785575#0_0;5.10;0.00;tripinfo_wu_od_to_gg.13;386.00;wu_od_to_gg.13;0;3669.96;1.13;0.00;91.12;car;;2;14.00
1204.00;23156305_0;1264.14;13.30;860.00;0.40;803785575#0_0;5.10;0.00;tripinfo_wu_od_to_gg.14;344.00;wu_od_to_gg.14;0;3669.96;1.22;0.00;71.11;car;;3;15.00
1207.00;972103805_0;116.86;10.32;924.00;0.77;803785575#0_0;5.10;0.00;tripinfo_wu_od_to_ko.32;283.00;wu_od_to_ko.32;0;2307.67;0.95;0.00;51.49;car;;2;11.00
1209.00;972103805_0;116.86;11.43;947.00;0.57;803785575#0_0;5.10;0.00;tripinfo_wu_od_to_ko.33;262.00;wu_od_to_ko.33;0;2307.67;1.11;0.00;63.02;car;;2;8.00
1209.00;41899283#1_0;148.70;8.08;1020.00;0.20;-230845886_0;5.10;0.00;tripinfo_wu_ba_to_as.20;189.00;wu_ba_to_as.20;0;1430.78;0.77;0.00;19.61;car;;0;0.00
1213.00;45494495_0;58.90;9.71;1022.00;2.98;23687583_0;5.10;0.00;tripinfo_wu_as_to_os.20;191.00;wu_as_to_os.20;0;1689.77;0.89;0.00;18.38;car;;0;0.00
1215.00;23142338#2_0;290.21;8.85;938.00;0.62;-230845886_0;5.10;0.00;tripinfo_wu_ba_to_ns.10;277.00;wu_ba_to_ns.10;0;2346.36;0.89;0.00;39.01;car;;1;10.00
1215.00;45494495_0;58.90;10.96;1025.00;4.43;23687583_0;5.10;0.00;tripinfo_wu_as_to_os.21;190.00;wu_as_to_os.21;0;1689.77;0.99;0.00;36.27;car;;0;0.00
1216.00;45494495_0;58.90;12.80;1050.00;0.62;-230845886_0;5.10;0.00;tripinfo_wu_ba_to_os.17;166.00;wu_ba_to_os.17;0;1647.96;1.19;0.00;40.75;car;;0;0.00
1219.00;23156390_0;1121.44;9.42;897.00;0.39;-23142338#2_0;5.10;0.00;tripinfo_wu_ns_to_br.1;322.00;wu_ns_to_br.1;0;2792.05;0.88;0.00;32.39;car;;0;0.00
1220.00;23142338#2_0;290.21;9.50;941.00;3.42;-230845886_0;5.10;0.00;tripinfo_wu_ba_to_ns.11;279.00;wu_ba_to_ns.11;0;2346.36;0.86;0.00;31.54;car;;1;7.00
1222.00;23142338#2_0;290.21;11.46;944.00;3.59;-230845886_0;5.10;0.00;tripinfo_wu_ba_to_ns.12;278.00;wu_ba_to_ns.12;0;2346.36;1.05;0.00;75.91;car;;1;8.00
1222.00;972103805_0;116.86;10.90;966.00;0.44;-45494495_0;5.10;0.00;tripinfo_wu_os_to_ko.13;256.00;wu_os_to_ko.13;0;2045.29;1.07;0.00;72.44;car;;5;27.00
1222.00;28716808#1_0;754.74;11.29;1094.00;3.80;23687583_0;5.10;0.00;tripinfo_wu_as_to_kl.4;128.00;wu_as_to_kl.4;0;1207.92;1.03;0.00;22.35;car;;0;0.00
1225.00;28706217_0;94.10;7.30;1165.00;0.84;-45494495_0;5.10;0.00;tripinfo_wu_os_to_sl.6;60.00;wu_os_to_sl.6;0;484.95;0.94;0.00;7.76;car;;0;0.00
1226.00;972103805_0;116.86;10.72;976.00;0.73;803785575#0_0;5.10;0.00;tripinfo_wu_od_to_ko.34;250.00;wu_od_to_ko.34;0;2307.67;1.08;0.00;45.64;car;;2;12.00
1226.00;45494495_0;58.90;11.92;1067.00;0.60;-230845886_0;5.10;0.00;tripinfo_wu_ba_to_os.18;159.00;wu_ba_to_os.18;0;1647.96;1.10;0.00;23.17;car;;0;0.00
1227.00;41899283#1_0;148.70;12.60;1011.00;0.95;-23142338#2_0;5.10;0.00;tripinfo_wu_ns_to_as.5;216.00;wu_ns_to_as.5;0;2009.37;1.14;0.00;54.78;car;;1;2.00
1230.00;45494495_0;58.90;11.17;1132.00;1.23;803785575#0_0;5.10;0.00;tripinfo_wu_od_to_os.22;98.00;wu_od_to_os.22;0;969.96;1.01;0.00;11.09;car;;0;0.00
1238.00;972103805_0;116.86;8.51;956.00;6.82;-230845886_0;5.10;0.00;tripinfo_wu_ba_to_ko.40;282.00;wu_ba_to_ko.40;0;2114.29;0.82;0.00;49.06;car;;2;13.00
1240.00;972103805_0;116.86;9.70;985.00;1.54;-230845886_0;5.10;0.00;tripinfo_wu_ba_to_ko.41;255.00;wu_ba_to_ko.41;0;2114.29;0.91;0.00;44.20;car;;1;6.00
1242.00;972103805_0;116.86;10.51;1008.00;0.84;-230845886_0;5.10;0.00;tripinfo_wu_ba_to_ko.42;234.00;wu_ba_to_ko.42;0;2114.29;0.98;0.00;36.70;car;;1;7.00
1244.00;23527526_0;253.75;11.00;1029.00;0.89;-45494495_0;5.10;0.00;tripinfo_wu_os_to_gj.3;215.00;wu_os_to_gj.3;0;2071.37;1.08;0.00;40.30;car;;0;0.00
1246.00;972103805_0;116.86;9.07;1067.00;0.61;-23142338#2_0;5.10;0.00;tripinfo_wu_ns_to_ko.33;179.00;wu_ns_to_ko.33;0;1398.55;0.85;0.00;31.30;car;;2;9.00
1249.00;23156030#6_0;109.07;10.41;995.00;1.79;23687583_0;5.10;0.00;tripinfo_wu_as_to_od.10;254.00;wu_as_to_od.10;0;2357.31;0.97;0.00;34.56;car;;2;10.00
1253.00;230845886_0;633.12;9.08;998.00;0.23;803785575#0_0;5.10;0.00;tripinfo_wu_od_to_ba.19;255.00;wu_od_to_ba.19;0;2382.14;0.91;0.00;19.70;car;;0;0.00
1254.00;23527526_0;253.75;10.52;973.00;0.60;803785575#0_0;5.10;0.00;tripinfo_wu_od_to_gj.5;281.00;wu_od_to_gj.5;0;2706.99;0.97;0.00;27.34;car;;0;0.00
1255.00;28716808#1_0;754.74;10.07;958.00;0.75;803785575#0_0;5.10;0.00;tripinfo_wu_od_to_kl.13;297.00;wu_od_to_kl.13;0;2678.40;0.91;0.00;32.01;car;;1;2.00
1255.00;230845886_0;633.12;13.52;1112.00;1.18;23687583_0;5.10;0.00;tripinfo_wu_as_to_ba.15;143.00;wu_as_to_ba.15;0;1356.50;1.28;0.00;44.89;car;;1;10.00
1256.00;23527526_0;253.75;11.81;988.00;3.11;803785575#0_0;5.10;0.00;tripinfo_wu_od_to_gj.6;268.00;wu_od_to_gj.6;0;2706.99;1.10;0.00;44.44;car;;1;1.00
1258.00;45494495_0;58.90;10.24;1081.00;0.08;23687583_0;5.10;0.00;tripinfo_wu_as_to_os.22;177.00;wu_as_to_os.22;0;1689.77;0.94;0.00;14.04;car;;0;0.00
1259.00;23156030#6_0;109.07;9.73;1014.00;3.70;-23142338#2_0;5.10;0.00;tripinfo_wu_ns_to_od.0;245.00;wu_ns_to_od.0;0;2005.01;0.98;0.00;47.03;car;;3;14.00
1260.00;23142338#2_0;290.21;9.41;976.00;2.90;-230845886_0;5.10;0.00;tripinfo_wu_ba_to_ns.13;284.00;wu_ba_to_ns.13;0;2346.36;0.85;0.00;33.90;car;;1;8.00
1262.00;45494495_0;58.90;11.35;1103.00;0.94;-230845886_0;5.10;0.00;tripinfo_wu_ba_to_os.19;159.00;wu_ba_to_os.19;0;1647.96;1.03;0.00;13.96;car;;0;0.00
1267.00;23527526_0;253.75;9.90;1083.00;0.94;-230845886_0;5.10;0.00;tripinfo_wu_ba_to_gj.21;184.00;wu_ba_to_gj.21;0;1755.68;1.00;0.00;24.99;car;;1;6.00
1268.00;45494495_0;58.90;9.38;1159.00;2.59;803785575#0_0;5.10;0.00;tripinfo_wu_od_to_os.23;109.00;wu_od_to_os.23;0;969.96;0.88;0.00;8.87;car;;0;0.00
1272.00;28716808#1_0;754.74;10.93;985.00;2.59;803785575#0_0;5.10;0.00;tripinfo_wu_od_to_kl.14;287.00;wu_od_to_kl.14;0;2678.40;1.00;0.00;43.79;car;;3;8.00
1273.00;28716808#1_0;754.74;11.12;1017.00;1.17;-23142338#2_0;5.10;0.00;tripinfo_wu_ns_to_kl.3;256.00;wu_ns_to_kl.3;0;2315.58;1.06;0.00;59.32;car;;2;17.00
1284.00;23527526_0;253.75;10.99;1185.00;7.23;23687583_0;5.10;0.00;tripinfo_wu_as_to_gj.22;99.00;wu_as_to_gj.22;0;649.06;1.00;0.00;39.65;car;;1;25.00
1286.00;230845886_0;633.12;7.97;1109.00;0.46;23687583_0;5.10;0.00;tripinfo_wu_as_to_ba.14;177.00;wu_as_to_ba.14;0;1356.50;0.77;0.00;18.53;car;;0;0.00
1287.00;23156305_0;1264.14;9.65;973.00;0.51;-230845886_0;5.10;0.00;tripinfo_wu_ba_to_gg.11;314.00;wu_ba_to_gg.11;0;2718.65;0.88;0.00;33.46;car;;1;4.00
1290.00;23142338#2_0;290.21;12.30;1089.00;2.73;-45494495_0;5.10;0.00;tripinfo_wu_os_to_ns.3;201.00;wu_os_to_ns.3;0;1665.91;1.18;0.00;63.07;car;;3;20.00
1291.00;23156390_0;1121.44;11.18;979.00;3.51;803785575#0_0;5.10;0.00;tripinfo_wu_od_to_br.16;312.00;wu_od_to_br.16;0;3149.31;1.05;0.00;41.13;car;;1;1.00
1295.00;23156030#6_0;109.07;9.64;1030.00;0.40;-230845886_0;5.10;0.00;tripinfo_wu_ba_to_od.13;265.00;wu_ba_to_od.13;0;2315.50;0.90;0.00;31.40;car;;0;0.00
1299.00;230845886_0;633.12;10.78;1050.00;0.86;803785575#0_0;5.10;0.00;tripinfo_wu_od_to_ba.20;249.00;wu_od_to_ba.20;0;2382.14;0.99;0.00;30.67;car;;0;0.00
1299.00;28706217_0;94.10;6.82;1089.00;0.72;-230845886_0;5.10;0.00;tripinfo_wu_ba_to_sl.12;210.00;wu_ba_to_sl.12;0;1934.94;0.95;0.00;20.78;car;;0;0.00
1300.00;972103805_0;116.86;11.49;1086.00;0.74;-230845886_0;5.10;0.00;tripinfo_wu_ba_to_ko.43;214.00;wu_ba_to_ko.43;0;2114.29;1.07;0.00;33.96;car;;1;6.00
1303.00;23156030#6_0;109.07;8.66;1028.00;6.05;23687583_0;5.10;0.00;tripinfo_wu_as_to_od.11;275.00;wu_as_to_od.11;0;2357.31;0.86;0.00;28.36;car;;1;3.00
1306.00;230845886_0;633.12;10.89;1055.00;0.06;803785575#0_0;5.10;0.00;tripinfo_wu_od_to_ba.21;251.00;wu_od_to_ba.21;0;2382.14;0.99;0.00;34.34;car;;1;1.00
1306.00;28716808#1_0;754.74;10.05;1086.00;1.56;-45494495_0;5.10;0.00;tripinfo_wu_os_to_kl.5;220.00;wu_os_to_kl.5;0;2042.78;0.97;0.00;28.01;car;;1;5.00
1307.00;972103805_0;116.86;8.18;982.00;2.49;803785575#0_0;5.10;0.00;tripinfo_wu_od_to_ko.35;325.00;wu_od_to_ko.35;0;2307.67;0.81;0.00;53.95;car;;2;18.00
1307.00;23156030#6_0;109.07;10.68;1045.00;0.27;23687583_0;5.10;0.00;tripinfo_wu_as_to_od.12;262.00;wu_as_to_od.12;0;2357.31;1.02;0.00;53.53;car;;2;8.00
1307.00;45494495_0;58.90;11.86;1139.00;0.58;23687583_0;5.10;0.00;tripinfo_wu_as_to_os.23;168.00;wu_as_to_os.23;0;1689.77;1.08;0.00;26.16;car;;1;2.00
1310.00;23142338#2_0;290.21;9.87;1072.00;0.39;23687583_0;5.10;0.00;tripinfo_wu_as_to_ns.17;238.00;wu_as_to_ns.17;0;1995.73;0.91;0.00;38.77;car;;3;9.00
1311.00;23142338#2_0;290.21;10.48;1091.00;3.40;23687583_0;5.10;0.00;tripinfo_wu_as_to_ns.18;220.00;wu_as_to_ns.18;0;1995.73;1.04;0.00;45.46;car;;2;4.00
1315.00;41899283#1_0;148.70;11.76;1119.00;0.94;-45494495_0;5.10;0.00;tripinfo_wu_os_to_as.7;196.00;wu_os_to_as.7;0;1746.47;1.06;0.00;47.39;car;;1;1.00
1319.00;41899283#1_0;148.70;11.19;1068.00;1.92;803785575#0_0;5.10;0.00;tripinfo_wu_od_to_as.16;251.00;wu_od_to_as.16;0;2382.09;1.02;0.00;40.97;car;;1;1.00
1321.00;23156030#6_0;109.07;11.33;1104.00;0.73;-23142338#2_0;5.10;0.00;tripinfo_wu_ns_to_od.2;217.00;wu_ns_to_od.2;0;2005.01;1.05;0.00;32.75;car;;1;8.00
1321.00;230845886_0;633.12;8.23;1148.00;2.64;23687583_0;5.10;0.00;tripinfo_wu_as_to_ba.16;173.00;wu_as_to_ba.16;0;1356.50;0.85;0.00;29.84;car;;2;5.00
1323.00;230845886_0;633.12;10.34;1063.00;1.25;-23142338#2_0;5.10;0.00;tripinfo_wu_ns_to_ba.3;260.00;wu_ns_to_ba.3;0;2340.42;0.94;0.00;37.07;car;;1;1.00
1327.00;972103805_0;116.86;7.84;1001.00;1.44;803785575#0_0;5.10;0.00;tripinfo_wu_od_to_ko.36;326.00;wu_od_to_ko.36;0;2307.67;0.78;0.00;45.47;car;;2;11.00
1329.00;972103805_0;116.86;10.74;1027.00;1.24;803785575#0_0;5.10;0.00;tripinfo_wu_od_to_ko.37;302.00;wu_od_to_ko.37;0;2307.67;1.06;0.00;95.54;car;;3;24.00
1329.00;23156030#6_0;109.07;8.95;1082.00;0.20;-23142338#2_0;5.10;0.00;tripinfo_wu_ns_to_od.1;247.00;wu_ns_to_od.1;0;2005.01;0.88;0.00;27.81;car;;0;0.00
1331.00;972103805_0;116.86;11.24;1058.00;1.53;803785575#0_0;5.10;0.00;tripinfo_wu_od_to_ko.38;273.00;wu_od_to_ko.38;0;2307.67;1.01;0.00;55.99;car;;2;15.00
1331.00;28706217_0;94.10;6.63;1088.00;2.15;23687583_0;5.10;0.00;tripinfo_wu_as_to_sl.19;243.00;wu_as_to_sl.19;0;1976.75;0.94;0.00;48.27;car;;3;13.00
1331.00;41899283#1_0;148.70;12.38;1186.00;0.09;-230845886_0;5.10;0.00;tripinfo_wu_ba_to_as.21;145.00;wu_ba_to_as.21;0;1430.78;1.14;0.00;30.94;car;;1;9.00
1333.00;972103805_0;116.86;10.90;1062.00;0.52;803785575#0_0;5.10;0.00;tripinfo_wu_od_to_ko.39;271.00;wu_od_to_ko.39;0;2307.67;1.00;0.00;50.15;car;;2;9.00
1335.00;972103805_0;116.86;12.88;1065.00;0.70;803785575#0_0;5.10;0.00;tripinfo_wu_od_to_ko.40;270.00;wu_od_to_ko.40;0;2307.67;1.24;0.00;92.00;car;;3;19.00
1337.00;972103805_0;116.86;10.34;1039.00;0.16;-45494495_0;5.10;0.00;tripinfo_wu_os_to_ko.14;298.00;wu_os_to_ko.14;0;2045.29;1.02;0.00;105.17;car;;4;53.00
1337.00;23156305_0;1264.14;10.67;1070.00;2.75;-230845886_0;5.10;0.00;tripinfo_wu_ba_to_gg.12;267.00;wu_ba_to_gg.12;0;2718.65;1.04;0.00;29.66;car;;1;2.00
1339.00;28706217_0;94.10;9.20;1120.00;0.87;23687583_0;5.10;0.00;tripinfo_wu_as_to_sl.20;219.00;wu_as_to_sl.20;0;1976.75;1.14;0.00;58.78;car;;1;19.00
1341.00;230845886_0;633.12;12.09;1129.00;0.17;803785575#0_0;5.10;0.00;tripinfo_wu_od_to_ba.22;212.00;wu_od_to_ba.22;0;2382.14;1.13;0.00;21.89;car;;0;0.00
1341.00;28716808#1_0;754.74;11.30;1182.00;4.39;23687583_0;5.10;0.00;tripinfo_wu_as_to_kl.5;159.00;wu_as_to_kl.5;0;1207.92;1.04;0.00;53.94;car;;2;31.00
1343.00;28716808#1_0;754.74;11.87;1188.00;8.80;23687583_0;5.10;0.00;tripinfo_wu_as_to_kl.6;155.00;wu_as_to_kl.6;0;1207.92;1.07;0.00;52.41;car;;2;29.00
1346.00;23156390_0;1121.44;9.99;1155.00;0.40;23687583_0;5.10;0.00;tripinfo_wu_as_to_br.5;191.00;wu_as_to_br.5;0;1694.48;0.92;0.00;23.86;car;;1;4.00
1348.00;23156390_0;1121.44;11.20;1083.00;0.78;-45494495_0;5.10;0.00;tripinfo_wu_os_to_br.3;265.00;wu_os_to_br.3;0;2513.69;1.07;0.00;50.52;car;;2;6.00
1348.00;972103805_0;116.86;10.20;1200.00;0.47;-23142338#2_0;5.10;0.00;tripinfo_wu_ns_to_ko.34;148.00;wu_ns_to_ko.34;0;1398.55;0.99;0.00;19.91;car;;1;4.00
1350.00;23527526_0;253.75;8.41;1030.00;1.15;803785575#0_0;5.10;0.00;tripinfo_wu_od_to_gj.7;320.00;wu_od_to_gj.7;0;2706.99;0.83;0.00;25.19;car;;0;0.00
1350.00;972103805_0;116.86;11.52;1203.00;2.75;-23142338#2_0;5.10;0.00;tripinfo_wu_ns_to_ko.35;147.00;wu_ns_to_ko.35;0;1398.55;1.05;0.00;26.82;car;;1;2.00
1351.00;23156305_0;1264.14;10.25;1000.00;1.38;-23142338#2_0;5.10;0.00;tripinfo_wu_ns_to_gg.3;351.00;wu_ns_to_gg.3;0;3297.24;1.01;0.00;52.11;car;;2;11.00
1354.00;23142338#2_0;290.21;11.59;1158.00;1.31;23687583_0;5.10;0.00;tripinfo_wu_as_to_ns.19;196.00;wu_as_to_ns.19;0;1995.73;1.07;0.00;25.47;car;;1;3.00
1367.00;972103805_0;116.86;11.58;1220.00;0.30;-23142338#2_0;5.10;0.00;tripinfo_wu_ns_to_ko.36;147.00;wu_ns_to_ko.36;0;1398.55;1.10;0.00;31.80;car;;2;12.00
1369.00;230845886_0;633.12;12.39;1230.00;0.09;23687583_0;5.10;0.00;tripinfo_wu_as_to_ba.17;139.00;wu_as_to_ba.17;0;1356.50;1.12;0.00;29.80;car;;1;4.00
1370.00;28716808#1_0;754.74;10.24;1080.00;0.56;803785575#0_0;5.10;0.00;tripinfo_wu_od_to_kl.15;290.00;wu_od_to_kl.15;0;2678.40;1.00;0.00;48.86;car;;1;5.00
1371.00;41899283#1_0;148.70;11.96;1114.00;0.37;803785575#0_0;5.10;0.00;tripinfo_wu_od_to_as.17;257.00;wu_od_to_as.17;0;2382.09;1.12;0.00;64.52;car;;2;15.00
1371.00;23156030#6_0;109.07;9.53;1138.00;0.52;-230845886_0;5.10;0.00;tripinfo_wu_ba_to_od.14;233.00;wu_ba_to_od.14;0;2315.50;0.97;0.00;17.63;car;;0;0.00
1377.00;972103805_0;116.86;11.95;1166.00;0.39;-230845886_0;5.10;0.00;tripinfo_wu_ba_to_ko.44;211.00;wu_ba_to_ko.44;0;2114.29;1.08;0.00;33.04;car;;1;7.00
1378.00;28716808#1_0;754.74;10.22;1147.00;0.29;-45494495_0;5.10;0.00;tripinfo_wu_os_to_kl.6;231.00;wu_os_to_kl.6;0;2042.78;0.93;0.00;31.78;car;;1;1.00
1379.00;41899283#1_0;148.70;10.53;1237.00;0.64;-230845886_0;5.10;0.00;tripinfo_wu_ba_to_as.22;142.00;wu_ba_to_as.22;0;1430.78;1.02;0.00;15.23;car;;0;0.00
1381.00;45494495_0;58.90;10.87;1286.00;2.50;803785575#0_0;5.10;0.00;tripinfo_wu_od_to_os.25;95.00;wu_od_to_os.25;0;969.96;1.02;0.00;9.09;car;;0;0.00
1383.00;23156390_0;1121.44;10.72;1179.00;2.33;23687583_0;5.10;0.00;tripinfo_wu_as_to_br.6;204.00;wu_as_to_br.6;0;1694.48;1.05;0.00;58.14;car;;2;35.00
1385.00;45494495_0;58.90;10.36;1283.00;0.60;803785575#0_0;5.10;0.00;tripinfo_wu_od_to_os.24;102.00;wu_od_to_os.24;0;969.96;0.94;0.00;9.13;car;;0;0.00
1387.00;23156390_0;1121.44;10.27;1170.00;1.88;-230845886_0;5.10;0.00;tripinfo_wu_ba_to_br.1;217.00;wu_ba_to_br.1;0;2198.00;1.03;0.00;22.97;car;;1;2.00
1389.00;45494495_0;58.90;9.72;1176.00;0.66;-23142338#2_0;5.10;0.00;tripinfo_wu_ns_to_os.2;213.00;wu_ns_to_os.2;0;1865.82;0.98;0.00;41.32;car;;3;14.00
1389.00;23156305_0;1264.14;10.19;1191.00;11.55;23687583_0;5.10;0.00;tripinfo_wu_as_to_gg.7;198.00;wu_as_to_gg.7;0;1600.87;0.94;0.00;42.52;car;;1;21.00
1389.00;28706217_0;94.10;7.05;1286.00;2.18;-45494495_0;5.10;0.00;tripinfo_wu_os_to_sl.7;103.00;wu_os_to_sl.7;0;484.95;0.96;0.00;51.85;car;;1;36.00
1390.00;23156305_0;1264.14;11.25;1219.00;0.63;23687583_0;5.10;0.00;tripinfo_wu_as_to_gg.8;171.00;wu_as_to_gg.8;0;1600.87;1.29;0.00;55.22;car;;0;0.00
1391.00;28706217_0;94.10;8.01;1145.00;0.56;23687583_0;5.10;0.00;tripinfo_wu_as_to_sl.21;246.00;wu_as_to_sl.21;0;1976.75;1.01;0.00;64.87;car;;1;36.00
1392.00;23527526_0;253.75;8.59;1133.00;0.82;-45494495_0;5.10;0.00;tripinfo_wu_os_to_gj.4;259.00;wu_os_to_gj.4;0;2071.37;0.79;0.00;22.19;car;;0;0.00
1393.00;45494495_0;58.90;11.42;1243.00;0.72;-230845886_0;5.10;0.00;tripinfo_wu_ba_to_os.20;150.00;wu_ba_to_os.20;0;1647.96;1.10;0.00;14.48;car;;0;0.00
1394.00;23527526_0;253.75;12.65;1178.00;0.69;-45494495_0;5.10;0.00;tripinfo_wu_os_to_gj.5;216.00;wu_os_to_gj.5;0;2071.37;1.21;0.00;60.93;car;;1;7.00
1398.00;23156030#6_0;109.07;10.06;1152.00;0.70;23687583_0;5.10;0.00;tripinfo_wu_as_to_od.13;246.00;wu_as_to_od.13;0;2357.31;1.01;0.00;35.81;car;;2;7.00
1398.00;28706217_0;94.10;7.39;1177.00;0.67;-230845886_0;5.10;0.00;tripinfo_wu_ba_to_sl.13;221.00;wu_ba_to_sl.13;0;1934.94;0.96;0.00;33.48;car;;1;8.00
1400.00;28706217_0;94.10;9.57;1180.00;1.15;-230845886_0;5.10;0.00;tripinfo_wu_ba_to_sl.14;220.00;wu_ba_to_sl.14;0;1934.94;1.17;0.00;65.08;car;;1;7.00
1402.00;28706217_0;94.10;9.43;1216.00;0.25;-230845886_0;5.10;0.00;tripinfo_wu_ba_to_sl.15;186.00;wu_ba_to_sl.15;0;1934.94;1.14;0.00;27.45;car;;2;5.00
1406.00;972103805_0;116.86;12.21;1276.00;0.30;-23142338#2_0;5.10;0.00;tripinfo_wu_ns_to_ko.37;130.00;wu_ns_to_ko.37;0;1398.55;1.17;0.00;22.13;car;;1;6.00
1408.00;28716808#1_0;754.74;9.96;1090.00;1.44;803785575#0_0;5.10;0.00;tripinfo_wu_od_to_kl.16;318.00;wu_od_to_kl.16;0;2678.40;0.94;0.00;60.07;car;;2;18.00
1410.00;28716808#1_0;754.74;11.09;1117.00;0.75;803785575#0_0;5.10;0.00;tripinfo_wu_od_to_kl.17;293.00;wu_od_to_kl.17;0;2678.40;1.03;0.00;56.88;car;;2;14.00
1410.00;230845886_0;633.12;8.72;1255.00;3.00;23687583_0;5.10;0.00;tripinfo_wu_as_to_ba.18;155.00;wu_as_to_ba.18;0;1356.50;0.88;0.00;16.41;car;;1;1.00
1412.00;23142338#2_0;290.21;10.62;1176.00;6.54;23687583_0;5.10;0.00;tripinfo_wu_as_to_ns.20;236.00;wu_as_to_ns.20;0;1995.73;1.05;0.00;63.61;car;;2;34.00
1414.00;23156305_0;1264.14;9.96;1123.00;1.12;-230845886_0;5.10;0.00;tripinfo_wu_ba_to_gg.13;291.00;wu_ba_to_gg.13;0;2718.65;0.94;0.00;26.61;car;;0;0.00
1417.00;230845886_0;633.12;10.11;1162.00;0.08;-23142338#2_0;5.10;0.00;tripinfo_wu_ns_to_ba.4;255.00;wu_ns_to_ba.4;0;2340.42;0.93;0.00;29.86;car;;1;4.00
1420.00;23156030#6_0;109.07;11.18;1198.00;0.49;-230845886_0;5.10;0.00;tripinfo_wu_ba_to_od.15;222.00;wu_ba_to_od.15;0;2315.50;1.03;0.00;17.51;car;;0;0.00
1422.00;23156390_0;1121.44;11.45;1252.00;0.11;23687583_0;5.10;0.00;tripinfo_wu_as_to_br.7;170.00;wu_as_to_br.7;0;1694.48;1.07;0.00;25.68;car;;1;8.00
1423.00;45494495_0;58.90;11.70;1278.00;0.82;-230845886_0;5.10;0.00;tripinfo_wu_ba_to_os.21;145.00;wu_ba_to_os.21;0;1647.96;1.17;0.00;17.10;car;;0;0.00
1424.00;41899283#1_0;148.70;10.07;1168.00;3.46;803785575#0_0;5.10;0.00;tripinfo_wu_od_to_as.19;256.00;wu_od_to_as.19;0;2382.09;1.00;0.00;40.54;car;;1;2.00
1426.00;45494495_0;58.90;10.79;1328.00;0.06;803785575#0_0;5.10;0.00;tripinfo_wu_od_to_os.26;98.00;wu_od_to_os.26;0;969.96;1.04;0.00;13.07;car;;0;0.00
1427.00;972103805_0;116.86;10.20;1284.00;0.94;-23142338#2_0;5.10;0.00;tripinfo_wu_ns_to_ko.38;143.00;wu_ns_to_ko.38;0;1398.55;0.97;0.00;12.83;car;;0;0.00
1428.00;23156305_0;1264.14;10.25;1261.00;7.13;23687583_0;5.10;0.00;tripinfo_wu_as_to_gg.9;167.00;wu_as_to_gg.9;0;1600.87;0.94;0.00;13.03;car;;0;0.00
1430.00;23156390_0;1121.44;11.23;1268.00;0.76;23687583_0;5.10;0.00;tripinfo_wu_as_to_br.8;162.00;wu_as_to_br.8;0;1694.48;1.06;0.00;17.91;car;;0;0.00
1436.00;28706217_0;94.10;8.82;1195.00;9.04;23687583_0;5.10;0.00;tripinfo_wu_as_to_sl.22;241.00;wu_as_to_sl.22;0;1976.75;1.17;0.00;84.50;car;;2;32.00
1437.00;41899283#1_0;148.70;10.51;1171.00;5.15;803785575#0_0;5.10;0.00;tripinfo_wu_od_to_as.20;266.00;wu_od_to_as.20;0;2382.09;0.99;0.00;48.45;car;;1;5.00
1441.00;23156390_0;1121.44;10.79;1093.00;2.27;803785575#0_0;5.10;0.00;tripinfo_wu_od_to_br.17;348.00;wu_od_to_br.17;0;3149.31;1.00;0.00;62.41;car;;2;11.00
1441.00;23527526_0;253.75;9.76;1248.00;0.91;-230845886_0;5.10;0.00;tripinfo_wu_ba_to_gj.22;193.00;wu_ba_to_gj.22;0;1755.68;0.90;0.00;15.74;car;;0;0.00
1442.00;23142338#2_0;290.21;9.03;1187.00;2.29;803785575#0_0;5.10;0.00;tripinfo_wu_od_to_ns.9;255.00;wu_od_to_ns.9;0;1928.29;0.86;0.00;39.68;car;;2;11.00
1442.00;23527526_0;253.75;11.30;1371.00;0.00;23687583_0;5.10;0.00;tripinfo_wu_as_to_gj.23;71.00;wu_as_to_gj.23;0;649.06;1.03;0.00;13.47;car;;0;0.00
1444.00;23142338#2_0;290.21;10.20;1195.00;0.53;-230845886_0;5.10;0.00;tripinfo_wu_ba_to_ns.14;249.00;wu_ba_to_ns.14;0;2346.36;1.03;0.00;43.04;car;;1;5.00
1445.00;41899283#1_0;148.70;9.14;1161.00;3.79;803785575#0_0;5.10;0.00;tripinfo_wu_od_to_as.18;284.00;wu_od_to_as.18;0;2382.09;0.86;0.00;33.91;car;;1;7.00
1449.00;972103805_0;116.86;11.47;1139.00;0.49;803785575#0_0;5.10;0.00;tripinfo_wu_od_to_ko.41;310.00;wu_od_to_ko.41;0;2307.67;1.06;0.00;102.83;car;;2;73.00
1451.00;972103805_0;116.86;10.14;1172.00;1.27;-45494495_0;5.10;0.00;tripinfo_wu_os_to_ko.15;279.00;wu_os_to_ko.15;0;2045.29;0.99;0.00;81.30;car;;5;39.00
1454.00;45494495_0;58.90;10.43;1281.00;3.16;-230845886_0;5.10;0.00;tripinfo_wu_ba_to_os.22;173.00;wu_ba_to_os.22;0;1647.96;0.94;0.00;14.99;car;;0;0.00
1455.00;23156030#6_0;109.07;12.52;1216.00;0.14;23687583_0;5.10;0.00;tripinfo_wu_as_to_od.14;239.00;wu_as_to_od.14;0;2357.31;1.14;0.00;53.43;car;;2;10.00
1466.00;41899283#1_0;148.70;11.15;1306.00;6.76;-230845886_0;5.10;0.00;tripinfo_wu_ba_to_as.23;160.00;wu_ba_to_as.23;0;1430.78;1.11;0.00;42.61;car;;0;0.00
1469.00;972103805_0;116.86;10.85;1190.00;4.47;803785575#0_0;5.10;0.00;tripinfo_wu_od_to_ko.42;279.00;wu_od_to_ko.42;0;2307.67;1.03;0.00;66.99;car;;2;8.00
1473.00;28706217_0;94.10;8.38;1262.00;0.17;-230845886_0;5.10;0.00;tripinfo_wu_ba_to_sl.16;211.00;wu_ba_to_sl.16;0;1934.94;1.01;0.00;32.12;car;;2;7.00
1474.00;23527526_0;253.75;9.83;1165.00;2.10;803785575#0_0;5.10;0.00;tripinfo_wu_od_to_gj.8;309.00;wu_od_to_gj.8;0;2706.99;0.95;0.00;50.19;car;;1;6.00
1474.00;23142338#2_0;290.21;10.18;1227.00;0.21;-230845886_0;5.10;0.00;tripinfo_wu_ba_to_ns.15;247.00;wu_ba_to_ns.15;0;2346.36;0.95;0.00;23.82;car;;1;1.00
1476.00;23142338#2_0;290.21;11.63;1230.00;0.48;-230845886_0;5.10;0.00;tripinfo_wu_ba_to_ns.16;246.00;wu_ba_to_ns.16;0;2346.36;1.08;0.00;48.24;car;;0;0.00
1476.00;28716808#1_0;754.74;9.16;1332.00;0.87;23687583_0;5.10;0.00;tripinfo_wu_as_to_kl.7;144.00;wu_as_to_kl.7;0;1207.92;0.84;0.00;14.28;car;;0;0.00
1481.00;41899283#1_0;148.70;9.06;1268.00;1.70;-45494495_0;5.10;0.00;tripinfo_wu_os_to_as.8;213.00;wu_os_to_as.8;0;1746.47;0.91;0.00;38.22;car;;1;17.00
1485.00;23142338#2_0;290.21;9.99;1258.00;4.47;23687583_0;5.10;0.00;tripinfo_wu_as_to_ns.21;227.00;wu_as_to_ns.21;0;1995.73;0.91;0.00;26.42;car;;1;4.00
1487.00;23142338#2_0;290.21;12.38;1308.00;0.58;23687583_0;5.10;0.00;tripinfo_wu_as_to_ns.22;179.00;wu_as_to_ns.22;0;1995.73;1.14;0.00;19.52;car;;0;0.00
1489.00;972103805_0;116.86;9.92;1193.00;0.59;803785575#0_0;5.10;0.00;tripinfo_wu_od_to_ko.43;296.00;wu_od_to_ko.43;0;2307.67;0.94;0.00;63.04;car;;3;11.00
1491.00;23527526_0;253.75;10.46;1302.00;3.26;-230845886_0;5.10;0.00;tripinfo_wu_ba_to_gj.23;189.00;wu_ba_to_gj.23;0;1755.68;1.01;0.00;31.46;car;;0;0.00
1492.00;41899283#1_0;148.70;11.01;1209.00;2.09;803785575#0_0;5.10;0.00;tripinfo_wu_od_to_as.21;283.00;wu_od_to_as.21;0;2382.09;1.07;0.00;81.86;car;;4;36.00
1492.00;28716808#1_0;754.74;8.64;1341.00;5.31;23687583_0;5.10;0.00;tripinfo_wu_as_to_kl.8;151.00;wu_as_to_kl.8;0;1207.92;0.88;0.00;26.79;car;;2;9.00
1493.00;23156390_0;1121.44;10.83;1156.00;0.61;803785575#0_0;5.10;0.00;tripinfo_wu_od_to_br.18;337.00;wu_od_to_br.18;0;3149.31;1.01;0.00;53.04;car;;1;4.00
1496.00;23156305_0;1264.14;9.20;1087.00;0.38;803785575#0_0;5.10;0.00;tripinfo_wu_od_to_gg.15;409.00;wu_od_to_gg.15;0;3669.96;0.93;0.00;50.97;car;;1;10.00
1501.00;972103805_0;116.86;9.84;1253.00;1.27;-230845886_0;5.10;0.00;tripinfo_wu_ba_to_ko.45;248.00;wu_ba_to_ko.45;0;2114.29;0.94;0.00;42.48;car;;2;16.00
1504.00;23156030#6_0;109.07;10.34;1264.00;7.43;23687583_0;5.10;0.00;tripinfo_wu_as_to_od.15;240.00;wu_as_to_od.15;0;2357.31;0.97;0.00;22.15;car;;0;0.00
1505.00;41899283#1_0;148.70;9.56;1271.00;0.98;-45494495_0;5.10;0.00;tripinfo_wu_os_to_as.9;234.00;wu_os_to_as.9;0;1746.47;0.88;0.00;54.85;car;;4;19.00
1505.00;45494495_0;58.90;10.39;1330.00;0.87;-230845886_0;5.10;0.00;tripinfo_wu_ba_to_os.23;175.00;wu_ba_to_os.23;0;1647.96;0.94;0.00;15.37;car;;0;0.00
1507.00;230845886_0;633.12;10.61;1236.00;5.71;803785575#0_0;5.10;0.00;tripinfo_wu_od_to_ba.23;271.00;wu_od_to_ba.23;0;2382.14;0.97;0.00;48.67;car;;0;0.00
1507.00;41899283#1_0;148.70;9.37;1283.00;0.58;-45494495_0;5.10;0.00;tripinfo_wu_os_to_as.10;224.00;wu_os_to_as.10;0;1746.47;0.90;0.00;47.82;car;;3;13.00
1509.00;230845886_0;633.12;10.58;1242.00;3.10;803785575#0_0;5.10;0.00;tripinfo_wu_od_to_ba.24;267.00;wu_od_to_ba.24;0;2382.14;1.07;0.00;64.90;car;;0;0.00
1511.00;41899283#1_0;148.70;9.30;1216.00;0.40;803785575#0_0;5.10;0.00;tripinfo_wu_od_to_as.22;295.00;wu_od_to_as.22;0;2382.09;0.85;0.00;42.15;car;;1;1.00
1511.00;230845886_0;633.12;10.60;1257.00;0.88;803785575#0_0;5.10;0.00;tripinfo_wu_od_to_ba.25;254.00;wu_od_to_ba.25;0;2382.14;1.05;0.00;49.56;car;;0;0.00
1514.00;41899283#1_0;148.70;10.55;1289.00;4.46;-45494495_0;5.10;0.00;tripinfo_wu_os_to_as.11;225.00;wu_os_to_as.11;0;1746.47;0.96;0.00;60.51;car;;1;1.00
1514.00;23527526_0;253.75;9.19;1312.00;2.34;-230845886_0;5.10;0.00;tripinfo_wu_ba_to_gj.24;202.00;wu_ba_to_gj.24;0;1755.68;0.91;0.00;27.02;car;;1;7.00
1517.00;41899283#1_0;148.70;9.83;1233.00;3.07;803785575#0_0;5.10;0.00;tripinfo_wu_od_to_as.23;284.00;wu_od_to_as.23;0;2382.09;0.92;0.00;50.88;car;;0;0.00
1518.00;23527526_0;253.75;9.12;1315.00;2.38;-230845886_0;5.10;0.00;tripinfo_wu_ba_to_gj.25;203.00;wu_ba_to_gj.25;0;1755.68;0.89;0.00;23.37;car;;1;2.00
1520.00;972103805_0;116.86;9.73;1284.00;5.21;-230845886_0;5.10;0.00;tripinfo_wu_ba_to_ko.46;236.00;wu_ba_to_ko.46;0;2114.29;0.98;0.00;39.41;car;;2;8.00
1521.00;28706217_0;94.10;8.32;1469.00;0.36;-45494495_0;5.10;0.00;tripinfo_wu_os_to_sl.8;52.00;wu_os_to_sl.8;0;484.95;1.12;0.00;7.68;car;;0;0.00
1522.00;972103805_0;116.86;13.09;1287.00;6.25;-230845886_0;5.10;0.00;tripinfo_wu_ba_to_ko.47;235.00;wu_ba_to_ko.47;0;2114.29;1.22;0.00;76.53;car;;3;17.00
1526.00;41899283#1_0;148.70;10.76;1378.00;0.12;-230845886_0;5.10;0.00;tripinfo_wu_ba_to_as.24;148.00;wu_ba_to_as.24;0;1430.78;1.01;0.00;20.06;car;;1;1.00
1532.00;972103805_0;116.86;8.80;1201.00;0.97;803785575#0_0;5.10;0.00;tripinfo_wu_od_to_ko.44;331.00;wu_od_to_ko.44;0;2307.67;0.81;0.00;59.55;car;;3;20.00
1534.00;23156390_0;1121.44;10.76;1206.00;0.49;803785575#0_0;5.10;0.00;tripinfo_wu_od_to_br.19;328.00;wu_od_to_br.19;0;3149.31;0.99;0.00;38.71;car;;2;4.00
1534.00;23527526_0;253.75;10.73;1303.00;0.79;-45494495_0;5.10;0.00;tripinfo_wu_os_to_gj.6;231.00;wu_os_to_gj.6;0;2071.37;1.04;0.00;49.16;car;;0;0.00
1534.00;972103805_0;116.86;10.46;1393.00;0.24;-23142338#2_0;5.10;0.00;tripinfo_wu_ns_to_ko.39;141.00;wu_ns_to_ko.39;0;1398.55;1.00;0.00;13.92;car;;0;0.00
1541.00;41899283#1_0;148.70;10.96;1292.00;4.86;803785575#0_0;5.10;0.00;tripinfo_wu_od_to_as.24;249.00;wu_od_to_as.24;0;2382.09;1.00;0.00;32.55;car;;1;9.00
1544.00;23156390_0;1121.44;10.44;1255.00;0.93;-23142338#2_0;5.10;0.00;tripinfo_wu_ns_to_br.2;289.00;wu_ns_to_br.2;0;2792.05;0.97;0.00;27.04;car;;0;0.00
1545.00;28716808#1_0;754.74;10.79;1248.00;0.38;803785575#0_0;5.10;0.00;tripinfo_wu_od_to_kl.18;297.00;wu_od_to_kl.18;0;2678.40;1.08;0.00;71.98;car;;1;8.00
1545.00;41899283#1_0;148.70;12.32;1337.00;0.07;-23142338#2_0;5.10;0.00;tripinfo_wu_ns_to_as.6;208.00;wu_ns_to_as.6;0;2009.37;1.13;0.00;45.71;car;;2;8.00
1546.00;23156030#6_1;109.07;12.48;1299.00;0.76;-230845886_0;5.10;0.00;tripinfo_wu_ba_to_od.18;247.00;wu_ba_to_od.18;0;2315.50;1.15;0.00;64.76;car;;0;0.00
1549.00;23156030#6_0;109.07;10.81;1296.00;2.82;-230845886_0;5.10;0.00;tripinfo_wu_ba_to_od.17;253.00;wu_ba_to_od.17;0;2315.50;0.99;0.00;40.31;car;;0;0.00
1549.00;45494495_0;58.90;10.81;1383.00;0.40;-230845886_0;5.10;0.00;tripinfo_wu_ba_to_os.24;166.00;wu_ba_to_os.24;0;1647.96;0.98;0.00;13.86;car;;0;0.00
1551.00;23527526_0;253.75;11.21;1298.00;4.38;803785575#0_0;5.10;0.00;tripinfo_wu_od_to_gj.9;253.00;wu_od_to_gj.9;0;2706.99;1.10;0.00;29.07;car;;0;0.00
1552.00;23156305_0;1264.14;9.50;1218.00;0.65;-45494495_0;5.10;0.00;tripinfo_wu_os_to_gg.5;334.00;wu_os_to_gg.5;0;3034.34;0.95;0.00;42.48;car;;2;7.00
1553.00;23156030#6_0;109.07;9.02;1293.00;1.95;-230845886_0;5.10;0.00;tripinfo_wu_ba_to_od.16;260.00;wu_ba_to_od.16;0;2315.50;0.88;0.00;22.75;car;;0;0.00
1556.00;23156030#6_0;109.07;9.32;1309.00;0.67;-230845886_0;5.10;0.00;tripinfo_wu_ba_to_od.19;247.00;wu_ba_to_od.19;0;2315.50;0.93;0.00;21.11;car;;0;0.00
1560.00;972103805_0;116.86;10.06;1318.00;4.21;-230845886_0;5.10;0.00;tripinfo_wu_ba_to_ko.48;242.00;wu_ba_to_ko.48;0;2114.29;0.99;0.00;46.94;car;;2;5.00
1562.00;23527526_0;253.75;10.99;1477.00;0.07;23687583_0;5.10;0.00;tripinfo_wu_as_to_gj.24;85.00;wu_as_to_gj.24;0;649.06;1.06;0.00;28.71;car;;1;16.00
1564.00;41899283#1_0;148.70;9.77;1295.00;7.58;803785575#0_0;5.10;0.00;tripinfo_wu_od_to_as.25;269.00;wu_od_to_as.25;0;2382.09;0.93;0.00;37.70;car;;1;5.00
1564.00;972103805_0;116.86;10.28;1323.00;1.27;-230845886_0;5.10;0.00;tripinfo_wu_ba_to_ko.49;241.00;wu_ba_to_ko.49;0;2114.29;1.02;0.00;51.34;car;;2;11.00
1565.00;23156305_0;1264.14;9.52;1150.00;0.71;803785575#0_0;5.10;0.00;tripinfo_wu_od_to_gg.16;415.00;wu_od_to_gg.16;0;3669.96;0.89;0.00;41.94;car;;1;4.00
1565.00;28716808#1_0;754.74;11.64;1455.00;0.80;23687583_0;5.10;0.00;tripinfo_wu_as_to_kl.9;110.00;wu_as_to_kl.9;0;1207.92;1.11;0.00;11.33;car;;0;0.00
1566.00;41899283#1_0;148.70;11.23;1403.00;1.67;-230845886_0;5.10;0.00;tripinfo_wu_ba_to_as.25;163.00;wu_ba_to_as.25;0;1430.78;1.06;0.00;39.75;car;;0;0.00
1567.00;23156305_0;1264.14;11.66;1184.00;0.51;803785575#0_0;5.10;0.00;tripinfo_wu_od_to_gg.17;383.00;wu_od_to_gg.17;0;3669.96;1.09;0.00;76.65;car;;1;3.00
1568.00;972103805_0;116.86;10.14;1280.00;0.92;803785575#0_0;5.10;0.00;tripinfo_wu_od_to_ko.45;288.00;wu_od_to_ko.45;0;2307.67;1.02;0.00;72.15;car;;3;40.00
1568.00;41899283#1_0;148.70;10.95;1410.00;0.57;-230845886_0;5.10;0.00;tripinfo_wu_ba_to_as.26;158.00;wu_ba_to_as.26;0;1430.78;1.04;0.00;32.96;car;;0;0.00
1570.00;972103805_0;116.86;11.19;1304.00;0.85;803785575#0_0;5.10;0.00;tripinfo_wu_od_to_ko.46;266.00;wu_od_to_ko.46;0;2307.67;1.07;0.00;61.12;car;;3;17.00
1570.00;45494495_0;58.90;8.82;1452.00;3.58;803785575#0_0;5.10;0.00;tripinfo_wu_od_to_os.27;118.00;wu_od_to_os.27;0;969.96;0.82;0.00;10.08;car;;0;0.00
1572.00;23156030#6_1;109.07;11.17;1357.00;0.68;-230845886_0;5.10;0.00;tripinfo_wu_ba_to_od.20;215.00;wu_ba_to_od.20;0;2315.50;1.05;0.00;16.64;car;;0;0.00
1573.00;23156030#6_0;109.07;9.89;1480.00;0.05;-45494495_0;5.10;0.00;tripinfo_wu_os_to_od.13;93.00;wu_os_to_od.13;0;865.51;0.92;0.00;8.40;car;;0;0.00
1575.00;23156030#6_0;109.07;11.25;1335.00;2.15;23687583_0;5.10;0.00;tripinfo_wu_as_to_od.16;240.00;wu_as_to_od.16;0;2357.31;1.02;0.00;30.62;car;;0;0.00
1581.00;23156390_0;1121.44;10.91;1230.00;0.87;803785575#0_0;5.10;0.00;tripinfo_wu_od_to_br.20;351.00;wu_od_to_br.20;0;3149.31;1.02;0.00;70.71;car;;0;0.00
1583.00;28706217_0;94.10;8.04;1344.00;4.15;23687583_0;5.10;0.00;tripinfo_wu_as_to_sl.23;239.00;wu_as_to_sl.23;0;1976.75;1.06;0.00;66.32;car;;3;26.00
1583.00;23527526_0;253.75;11.60;1520.00;0.32;23687583_0;5.10;0.00;tripinfo_wu_as_to_gj.25;63.00;wu_as_to_gj.25;0;649.06;1.09;0.00;8.38;car;;0;0.00
1584.00;28716808#1_0;754.74;8.92;1273.00;3.79;803785575#0_0;5.10;0.00;tripinfo_wu_od_to_kl.19;311.00;wu_od_to_kl.19;0;2678.40;0.91;0.00;43.04;car;;2;13.00
1586.00;45494495_0;58.90;9.65;1482.00;5.82;803785575#0_0;5.10;0.00;tripinfo_wu_od_to_os.28;104.00;wu_od_to_os.28;0;969.96;0.92;0.00;8.20;car;;0;0.00
1590.00;230845886_0;633.12;8.42;1373.00;0.32;-45494495_0;5.10;0.00;tripinfo_wu_os_to_ba.10;217.00;wu_os_to_ba.10;0;1746.52;0.82;0.00;23.65;car;;0;0.00
1591.00;230845886_0;633.12;10.01;1333.00;0.53;-23142338#2_0;5.10;0.00;tripinfo_wu_ns_to_ba.5;258.00;wu_ns_to_ba.5;0;2340.42;1.05;0.00;57.15;car;;3;10.00
1592.00;45494495_0;58.90;9.37;1411.00;0.27;23687583_0;5.10;0.00;tripinfo_wu_as_to_os.24;181.00;wu_as_to_os.24;0;1689.77;0.92;0.00;14.79;car;;0;0.00
1593.00;972103805_0;116.86;9.53;1447.00;0.64;-23142338#2_0;5.10;0.00;tripinfo_wu_ns_to_ko.40;146.00;wu_ns_to_ko.40;0;1398.55;0.94;0.00;11.42;car;;0;0.00
1595.00;23156390_0;1121.44;10.38;1239.00;1.07;803785575#0_0;5.10;0.00;tripinfo_wu_od_to_br.21;356.00;wu_od_to_br.21;0;3149.31;1.01;0.00;71.58;car;;1;8.00
1606.00;28706217_0;94.10;8.00;1397.00;2.35;23687583_0;5.10;0.00;tripinfo_wu_as_to_sl.24;209.00;wu_as_to_sl.24;0;1976.75;0.98;0.00;22.16;car;;1;1.00
1606.00;23156390_0;1121.44;11.84;1438.00;0.73;23687583_0;5.10;0.00;tripinfo_wu_as_to_br.9;168.00;wu_as_to_br.9;0;1694.48;1.08;0.00;25.12;car;;1;3.00
1609.00;23156030#6_0;109.07;10.83;1518.00;0.35;-45494495_0;5.10;0.00;tripinfo_wu_os_to_od.14;91.00;wu_os_to_od.14;0;865.51;1.08;0.00;18.58;car;;1;7.00
1610.00;230845886_0;633.12;9.88;1373.00;0.18;-23142338#2_0;5.10;0.00;tripinfo_wu_ns_to_ba.6;237.00;wu_ns_to_ba.6;0;2340.42;0.99;0.00;24.85;car;;1;2.00
1610.00;28706217_0;94.10;8.80;1400.00;3.91;23687583_0;5.10;0.00;tripinfo_wu_as_to_sl.25;210.00;wu_as_to_sl.25;0;1976.75;1.08;0.00;40.42;car;;0;0.00
1610.00;972103805_0;116.86;9.89;1457.00;0.06;-23142338#2_0;5.10;0.00;tripinfo_wu_ns_to_ko.41;153.00;wu_ns_to_ko.41;0;1398.55;0.97;0.00;22.71;car;;1;5.00
1611.00;23527526_0;253.75;8.15;1400.00;3.67;-230845886_0;5.10;0.00;tripinfo_wu_ba_to_gj.26;211.00;wu_ba_to_gj.26;0;1755.68;0.84;0.00;20.23;car;;0;0.00
1612.00;28706217_0;94.10;8.15;1414.00;1.95;23687583_0;5.10;0.00;tripinfo_wu_as_to_sl.26;198.00;wu_as_to_sl.26;0;1976.75;1.12;0.00;34.42;car;;1;1.00
1613.00;23527526_0;253.75;9.78;1536.00;0.24;23687583_0;5.10;0.00;tripinfo_wu_as_to_gj.26;77.00;wu_as_to_gj.26;0;649.06;0.94;0.00;13.38;car;;0;0.00
1615.00;23527526_0;253.75;12.22;1437.00;0.72;-230845886_0;5.10;0.00;tripinfo_wu_ba_to_gj.28;178.00;wu_ba_to_gj.28;0;1755.68;1.22;0.00;46.74;car;;1;7.00
1617.00;23156305_0;1264.14;8.50;1290.00;1.28;-230845886_0;5.10;0.00;tripinfo_wu_ba_to_gg.14;327.00;wu_ba_to_gg.14;0;2718.65;0.85;0.00;36.28;car;;1;4.00
1618.00;23156030#6_0;109.07;10.30;1372.00;0.90;-230845886_0;5.10;0.00;tripinfo_wu_ba_to_od.21;246.00;wu_ba_to_od.21;0;2315.50;0.96;0.00;29.08;car;;1;6.00
1618.00;23156030#6_1;109.07;10.08;1527.00;0.80;-45494495_0;5.10;0.00;tripinfo_wu_os_to_od.15;91.00;wu_os_to_od.15;0;865.51;0.99;0.00;12.35;car;;0;0.00
1619.00;23156305_0;1264.14;10.41;1337.00;0.13;-230845886_0;5.10;0.00;tripinfo_wu_ba_to_gg.15;282.00;wu_ba_to_gg.15;0;2718.65;0.99;0.00;31.08;car;;0;0.00
1620.00;972103805_0;116.86;11.20;1397.00;0.80;-230845886_0;5.10;0.00;tripinfo_wu_ba_to_ko.50;223.00;wu_ba_to_ko.50;0;2114.29;1.03;0.00;35.43;car;;1;7.00
1621.00;972103805_0;116.86;12.93;1413.00;1.16;-230845886_0;5.10;0.00;tripinfo_wu_ba_to_ko.51;208.00;wu_ba_to_ko.51;0;2114.29;1.30;0.00;54.54;car;;0;0.00
1626.00;23156305_0;1264.14;10.38;1223.00;0.95;803785575#0_0;5.10;0.00;tripinfo_wu_od_to_gg.18;403.00;wu_od_to_gg.18;0;3669.96;1.00;0.00;69.53;car;;3;15.00
1629.00;23156030#6_0;109.07;11.64;1537.00;0.87;-45494495_0;5.10;0.00;tripinfo_wu_os_to_od.16;92.00;wu_os_to_od.16;0;865.51;1.07;0.00;18.36;car;;1;7.00
1633.00;28716808#1_0;754.74;10.97;1313.00;0.53;803785575#0_0;5.10;0.00;tripinfo_wu_od_to_kl.20;320.00;wu_od_to_kl.20;0;2678.40;1.00;0.00;76.42;car;;4;17.00
1633.00;23527526_0;253.75;9.94;1428.00;0.68;-230845886_0;5.10;0.00;tripinfo_wu_ba_to_gj.27;205.00;wu_ba_to_gj.27;0;1755.68;0.90;0.00;27.90;car;;1;5.00
1633.00;28706217_0;94.10;8.15;1581.00;0.23;-45494495_0;5.10;0.00;tripinfo_wu_os_to_sl.9;52.00;wu_os_to_sl.9;0;484.95;1.12;0.00;7.48;car;;0;0.00
1636.00;41899283#1_0;148.70;8.71;1406.00;0.05;-23142338#2_0;5.10;0.00;tripinfo_wu_ns_to_as.7;230.00;wu_ns_to_as.7;0;2009.37;0.88;0.00;21.01;car;;0;0.00
1637.00;23156305_0;1264.14;10.94;1226.00;3.00;803785575#0_0;5.10;0.00;tripinfo_wu_od_to_gg.19;411.00;wu_od_to_gg.19;0;3669.96;1.01;0.00;79.02;car;;2;2.00
1640.00;23527526_0;253.75;9.69;1571.00;0.73;23687583_0;5.10;0.00;tripinfo_wu_as_to_gj.27;69.00;wu_as_to_gj.27;0;649.06;0.97;0.00;7.82;car;;0;0.00
1642.00;230845886_0;633.12;10.19;1497.00;0.06;23687583_0;5.10;0.00;tripinfo_wu_as_to_ba.19;145.00;wu_as_to_ba.19;0;1356.50;0.96;0.00;16.57;car;;0;0.00
1643.00;41899283#1_0;148.70;10.75;1404.00;0.56;803785575#0_0;5.10;0.00;tripinfo_wu_od_to_as.26;239.00;wu_od_to_as.26;0;2382.09;1.00;0.00;22.27;car;;0;0.00
1644.00;41899283#1_0;148.70;11.71;1495.00;0.89;-230845886_0;5.10;0.00;tripinfo_wu_ba_to_as.27;149.00;wu_ba_to_as.27;0;1430.78;1.09;0.00;29.88;car;;1;6.00
1646.00;23156305_0;1264.14;10.54;1270.00;1.79;803785575#0_0;5.10;0.00;tripinfo_wu_od_to_gg.21;376.00;wu_od_to_gg.21;0;3669.96;1.01;0.00;46.23;car;;0;0.00
1648.00;23156305_0;1264.14;12.05;1267.00;0.14;803785575#0_0;5.10;0.00;tripinfo_wu_od_to_gg.20;381.00;wu_od_to_gg.20;0;3669.96;1.11;0.00;80.58;car;;1;3.00
1649.00;23527526_0;253.75;10.84;1584.00;0.10;23687583_0;5.10;0.00;tripinfo_wu_as_to_gj.28;65.00;wu_as_to_gj.28;0;649.06;1.05;0.00;8.81;car;;0;0.00
1660.00;23527526_0;253.75;10.54;1593.00;0.22;23687583_0;5.10;0.00;tripinfo_wu_as_to_gj.29;67.00;wu_as_to_gj.29;0;649.06;1.01;0.00;8.06;car;;0;0.00
1663.00;41899283#1_0;148.70;10.17;1413.00;0.84;803785575#0_0;5.10;0.00;tripinfo_wu_od_to_as.27;250.00;wu_od_to_as.27;0;2382.09;0.99;0.00;31.84;car;;1;10.00
1663.00;230845886_0;633.12;9.88;1527.00;0.81;23687583_0;5.10;0.00;tripinfo_wu_as_to_ba.20;136.00;wu_as_to_ba.20;0;1356.50;0.99;0.00;11.75;car;;0;0.00
1664.00;23156390_0;1121.44;8.16;1354.00;0.07;-45494495_0;5.10;0.00;tripinfo_wu_os_to_br.4;310.00;wu_os_to_br.4;0;2513.69;0.83;0.00;35.28;car;;2;5.00
1665.00;23142338#2_0;290.21;8.28;1383.00;0.13;23687583_0;5.10;0.00;tripinfo_wu_as_to_ns.23;282.00;wu_as_to_ns.23;0;1995.73;0.77;0.00;46.36;car;;2;12.00
1667.00;28716808#1_0;754.74;10.15;1359.00;0.18;803785575#0_0;5.10;0.00;tripinfo_wu_od_to_kl.21;308.00;wu_od_to_kl.21;0;2678.40;1.03;0.00;71.59;car;;2;10.00
1667.00;23142338#2_0;290.21;10.97;1448.00;0.82;23687583_0;5.10;0.00;tripinfo_wu_as_to_ns.24;219.00;wu_as_to_ns.24;0;1995.73;1.03;0.00;41.95;car;;1;6.00
1669.00;45494495_0;58.90;12.86;1521.00;0.22;-230845886_0;5.10;0.00;tripinfo_wu_ba_to_os.25;148.00;wu_ba_to_os.25;0;1647.96;1.32;0.00;28.60;car;;0;0.00
1669.00;23527526_0;253.75;11.38;1596.00;0.32;23687583_0;5.10;0.00;tripinfo_wu_as_to_gj.30;73.00;wu_as_to_gj.30;0;649.06;1.05;0.00;15.94;car;;1;4.00
1673.00;45494495_0;58.90;10.63;1483.00;0.79;23687583_0;5.10;0.00;tripinfo_wu_as_to_os.25;190.00;wu_as_to_os.25;0;1689.77;0.96;0.00;30.98;car;;1;12.00
1675.00;28706217_0;94.10;7.54;1455.00;0.38;-230845886_0;5.10;0.00;tripinfo_wu_ba_to_sl.17;220.00;wu_ba_to_sl.17;0;1934.94;0.93;0.00;25.96;car;;1;4.00
1681.00;23156030#6_0;109.07;8.57;1412.00;0.16;-23142338#2_0;5.10;0.00;tripinfo_wu_ns_to_od.3;269.00;wu_ns_to_od.3;0;2005.01;0.87;0.00;47.73;car;;3;16.00
1682.00;28706217_0;94.10;7.99;1465.00;0.26;-23142338#2_0;5.10;0.00;tripinfo_wu_ns_to_sl.1;217.00;wu_ns_to_sl.1;0;1619.36;0.99;0.00;51.67;car;;2;17.00
1684.00;23527526_0;253.75;11.90;1532.00;0.98;-230845886_0;5.10;0.00;tripinfo_wu_ba_to_gj.29;152.00;wu_ba_to_gj.29;0;1755.68;1.15;0.00;13.23;car;;0;0.00
1684.00;45494495_0;58.90;9.66;1577.00;0.61;803785575#0_0;5.10;0.00;tripinfo_wu_od_to_os.29;107.00;wu_od_to_os.29;0;969.96;0.94;0.00;12.97;car;;0;0.00
1693.00;23142338#2_0;290.21;10.41;1458.00;1.72;23687583_0;5.10;0.00;tripinfo_wu_as_to_ns.25;235.00;wu_as_to_ns.25;0;1995.73;0.95;0.00;43.16;car;;3;13.00
1695.00;972103805_0;116.86;8.06;1367.00;0.32;-45494495_0;5.10;0.00;tripinfo_wu_os_to_ko.16;328.00;wu_os_to_ko.16;0;2045.29;0.73;0.00;59.63;car;;3;19.00
1695.00;45494495_0;58.90;8.82;1500.00;1.16;23687583_0;5.10;0.00;tripinfo_wu_as_to_os.26;195.00;wu_as_to_os.26;0;1689.77;0.86;0.00;17.63;car;;0;0.00
1697.00;972103805_0;116.86;9.96;1362.00;2.09;803785575#0_0;5.10;0.00;tripinfo_wu_od_to_ko.47;335.00;wu_od_to_ko.47;0;2307.67;0.97;0.00;109.36;car;;3;17.00
1697.00;28706217_0;94.10;7.03;1461.00;3.34;23687583_0;5.10;0.00;tripinfo_wu_as_to_sl.27;236.00;wu_as_to_sl.27;0;1976.75;0.85;0.00;20.07;car;;0;0.00
1697.00;45494495_0;58.90;9.37;1511.00;0.19;23687583_0;5.10;0.00;tripinfo_wu_as_to_os.27;186.00;wu_as_to_os.27;0;1689.77;0.94;0.00;23.75;car;;1;5.00
1699.00;972103805_0;116.86;9.83;1365.00;0.90;803785575#0_0;5.10;0.00;tripinfo_wu_od_to_ko.48;334.00;wu_od_to_ko.48;0;2307.67;0.94;0.00;100.06;car;;3;13.00
1699.00;28706217_0;94.10;9.18;1470.00;0.25;23687583_0;5.10;0.00;tripinfo_wu_as_to_sl.28;229.00;wu_as_to_sl.28;0;1976.75;1.16;0.00;70.41;car;;0;0.00
1699.00;45494495_0;58.90;12.44;1517.00;0.88;23687583_0;5.10;0.00;tripinfo_wu_as_to_os.28;182.00;wu_as_to_os.28;0;1689.77;1.17;0.00;51.18;car;;1;4.00
1699.00;23527526_0;253.75;11.19;1621.00;0.99;23687583_0;5.10;0.00;tripinfo_wu_as_to_gj.31;78.00;wu_as_to_gj.31;0;649.06;1.04;0.00;20.89;car;;1;9.00
1702.00;972103805_0;116.86;9.30;1375.00;0.30;803785575#0_0;5.10;0.00;tripinfo_wu_od_to_ko.49;327.00;wu_od_to_ko.49;0;2307.67;0.94;0.00;93.84;car;;4;23.00
1703.00;972103805_0;116.86;10.98;1378.00;3.19;803785575#0_0;5.10;0.00;tripinfo_wu_od_to_ko.50;325.00;wu_od_to_ko.50;0;2307.67;1.04;0.00;114.64;car;;3;19.00
1704.00;23156390_0;1121.44;7.89;1289.00;4.54;803785575#0_0;5.10;0.00;tripinfo_wu_od_to_br.22;415.00;wu_od_to_br.22;0;3149.31;0.80;0.00;58.04;car;;3;18.00
1706.00;972103805_0;116.86;12.89;1500.00;0.90;-230845886_0;5.10;0.00;tripinfo_wu_ba_to_ko.52;206.00;wu_ba_to_ko.52;0;2114.29;1.21;0.00;47.53;car;;2;14.00
1709.00;23156390_0;1121.44;9.09;1321.00;0.46;803785575#0_0;5.10;0.00;tripinfo_wu_od_to_br.23;388.00;wu_od_to_br.23;0;3149.31;0.90;0.00;72.20;car;;5;20.00
1711.00;23156390_0;1121.44;9.67;1337.00;0.57;803785575#0_0;5.10;0.00;tripinfo_wu_od_to_br.24;374.00;wu_od_to_br.24;0;3149.31;0.97;0.00;81.19;car;;5;17.00
1711.00;972103805_0;116.86;10.97;1503.00;3.36;-230845886_0;5.10;0.00;tripinfo_wu_ba_to_ko.53;208.00;wu_ba_to_ko.53;0;2114.29;1.06;0.00;26.43;car;;0;0.00
1713.00;972103805_0;116.86;11.98;1515.00;0.86;-230845886_0;5.10;0.00;tripinfo_wu_ba_to_ko.54;198.00;wu_ba_to_ko.54;0;2114.29;1.19;0.00;37.27;car;;1;11.00
1715.00;23527526_0;253.75;9.69;1427.00;0.45;803785575#0_0;5.10;0.00;tripinfo_wu_od_to_gj.10;288.00;wu_od_to_gj.10;0;2706.99;0.95;0.00;30.12;car;;1;6.00
1716.00;972103805_0;116.86;12.38;1392.00;0.10;803785575#0_0;5.10;0.00;tripinfo_wu_od_to_ko.51;324.00;wu_od_to_ko.51;0;2307.67;1.13;0.00;130.28;car;;4;26.00
1719.00;41899283#1_0;148.70;11.18;1473.00;2.90;803785575#0_0;5.10;0.00;tripinfo_wu_od_to_as.29;246.00;wu_od_to_as.29;0;2382.09;1.01;0.00;33.07;car;;1;7.00
1720.00;45494495_0;58.90;9.51;1537.00;0.41;-230845886_0;5.10;0.00;tripinfo_wu_ba_to_os.26;183.00;wu_ba_to_os.26;0;1647.96;0.89;0.00;14.80;car;;0;0.00
1721.00;972103805_0;116.86;11.36;1538.00;0.42;-23142338#2_0;5.10;0.00;tripinfo_wu_ns_to_ko.42;183.00;wu_ns_to_ko.42;0;1398.55;1.05;0.00;62.80;car;;2;16.00
1725.00;41899283#1_0;148.70;10.14;1449.00;0.67;803785575#0_0;5.10;0.00;tripinfo_wu_od_to_as.28;276.00;wu_od_to_as.28;0;2382.09;0.92;0.00;41.66;car;;2;11.00
1725.00;28706217_0;94.10;6.74;1510.00;0.78;-23142338#2_0;5.10;0.00;tripinfo_wu_ns_to_sl.2;215.00;wu_ns_to_sl.2;0;1619.36;0.93;0.00;38.86;car;;2;12.00
1727.00;23156390_0;1121.44;8.43;1340.00;1.88;803785575#0_0;5.10;0.00;tripinfo_wu_od_to_br.25;387.00;wu_od_to_br.25;0;3149.31;0.84;0.00;46.74;car;;2;4.00
1727.00;972103805_0;116.86;7.88;1400.00;0.86;803785575#0_0;5.10;0.00;tripinfo_wu_od_to_ko.52;327.00;wu_od_to_ko.52;0;2307.67;0.78;0.00;47.97;car;;2;10.00
1728.00;230845886_0;633.12;9.68;1581.00;0.86;23687583_0;5.10;0.00;tripinfo_wu_as_to_ba.21;147.00;wu_as_to_ba.21;0;1356.50;0.93;0.00;16.09;car;;0;0.00
1729.00;972103805_0;116.86;10.72;1408.00;0.21;803785575#0_0;5.10;0.00;tripinfo_wu_od_to_ko.53;321.00;wu_od_to_ko.53;0;2307.67;1.00;0.00;100.72;car;;2;7.00
1729.00;45494495_0;58.90;11.05;1568.00;2.58;23687583_0;5.10;0.00;tripinfo_wu_as_to_os.29;161.00;wu_as_to_os.29;0;1689.77;1.02;0.00;11.77;car;;0;0.00
1730.00;23527526_0;253.75;11.40;1561.00;0.30;-230845886_0;5.10;0.00;tripinfo_wu_ba_to_gj.30;169.00;wu_ba_to_gj.30;0;1755.68;1.12;0.00;26.60;car;;0;0.00
1731.00;972103805_0;116.86;10.35;1439.00;0.16;803785575#0_0;5.10;0.00;tripinfo_wu_od_to_ko.54;292.00;wu_od_to_ko.54;0;2307.67;0.98;0.00;67.26;car;;2;9.00
1731.00;45494495_0;58.90;11.46;1579.00;0.65;-230845886_0;5.10;0.00;tripinfo_wu_ba_to_os.27;152.00;wu_ba_to_os.27;0;1647.96;1.09;0.00;15.02;car;;0;0.00
1733.00;972103805_0;116.86;11.38;1465.00;0.12;803785575#0_0;5.10;0.00;tripinfo_wu_od_to_ko.55;268.00;wu_od_to_ko.55;0;2307.67;1.06;0.00;59.51;car;;2;11.00
1738.00;230845886_0;633.12;11.29;1519.00;1.04;803785575#0_0;5.10;0.00;tripinfo_wu_od_to_ba.26;219.00;wu_od_to_ba.26;0;2382.14;1.09;0.00;22.62;car;;0;0.00
1740.00;41899283#1_0;148.70;10.37;1594.00;0.86;-230845886_0;5.10;0.00;tripinfo_wu_ba_to_as.28;146.00;wu_ba_to_as.28;0;1430.78;0.99;0.00;14.18;car;;0;0.00
1743.00;972103805_0;116.86;11.37;1470.00;0.18;803785575#0_0;5.10;0.00;tripinfo_wu_od_to_ko.56;273.00;wu_od_to_ko.56;0;2307.67;1.03;0.00;60.05;car;;2;18.00
1744.00;23156030#6_0;109.07;9.95;1649.00;0.95;-45494495_0;5.10;0.00;tripinfo_wu_os_to_od.17;95.00;wu_os_to_od.17;0;865.51;0.99;0.00;15.66;car;;1;4.00
1753.00;28706217_0;94.10;8.66;1673.00;0.50;-45494495_0;5.10;0.00;tripinfo_wu_os_to_sl.10;80.00;wu_os_to_sl.10;0;484.95;1.07;0.00;34.19;car;;1;18.00
1755.00;23527526_0;253.75;8.60;1678.00;0.89;23687583_0;5.10;0.00;tripinfo_wu_as_to_gj.32;77.00;wu_as_to_gj.32;0;649.06;0.87;0.00;8.99;car;;0;0.00
1760.00;45494495_0;58.90;11.14;1671.00;1.44;803785575#0_0;5.10;0.00;tripinfo_wu_od_to_os.30;89.00;wu_od_to_os.30;0;969.96;1.09;0.00;8.11;car;;0;0.00
1764.00;972103805_0;116.86;9.58;1476.00;3.83;803785575#0_0;5.10;0.00;tripinfo_wu_od_to_ko.57;288.00;wu_od_to_ko.57;0;2307.67;0.94;0.00;54.31;car;;2;26.00
1765.00;972103805_0;116.86;12.21;1479.00;3.06;803785575#0_0;5.10;0.00;tripinfo_wu_od_to_ko.58;286.00;wu_od_to_ko.58;0;2307.67;1.19;0.00;100.99;car;;3;20.00
1767.00;23156305_0;1264.14;8.51;1343.00;4.42;803785575#0_0;5.10;0.00;tripinfo_wu_od_to_gg.22;424.00;wu_od_to_gg.22;0;3669.96;0.88;0.00;46.67;car;;1;10.00
1769.00;23156305_0;1264.14;11.06;1447.00;0.45;-45494495_0;5.10;0.00;tripinfo_wu_os_to_gg.6;322.00;wu_os_to_gg.6;0;3034.34;1.04;0.00;55.61;car;;1;1.00
1770.00;28716808#1_0;754.74;10.69;1516.00;3.21;803785575#0_0;5.10;0.00;tripinfo_wu_od_to_kl.22;254.00;wu_od_to_kl.22;0;2678.40;1.03;0.00;19.67;car;;0;0.00
1771.00;23527526_0;253.75;11.28;1599.00;0.35;-230845886_0;5.10;0.00;tripinfo_wu_ba_to_gj.31;172.00;wu_ba_to_gj.31;0;1755.68;1.06;0.00;22.13;car;;1;1.00
1773.00;23527526_0;253.75;11.81;1711.00;5.19;23687583_0;5.10;0.00;tripinfo_wu_as_to_gj.33;62.00;wu_as_to_gj.33;0;649.06;1.10;0.00;8.61;car;;0;0.00
1774.00;23156305_0;1264.14;11.00;1418.00;0.69;803785575#0_0;5.10;0.00;tripinfo_wu_od_to_gg.23;356.00;wu_od_to_gg.23;0;3669.96;1.08;0.00;48.63;car;;1;8.00
1778.00;45494495_0;58.90;9.58;1599.00;1.21;23687583_0;5.10;0.00;tripinfo_wu_as_to_os.30;179.00;wu_as_to_os.30;0;1689.77;0.97;0.00;21.11;car;;1;3.00
1784.00;972103805_0;116.86;10.15;1498.00;0.51;803785575#0_0;5.10;0.00;tripinfo_wu_od_to_ko.59;286.00;wu_od_to_ko.59;0;2307.67;0.93;0.00;50.99;car;;2;18.00
1787.00;972103805_0;116.86;10.09;1513.00;0.82;803785575#0_0;5.10;0.00;tripinfo_wu_od_to_ko.60;274.00;wu_od_to_ko.60;0;2307.67;0.93;0.00;38.11;car;;1;8.00
1789.00;230845886_0;633.12;10.58;1542.00;0.60;803785575#0_0;5.10;0.00;tripinfo_wu_od_to_ba.27;247.00;wu_od_to_ba.27;0;2382.14;1.01;0.00;33.78;car;;1;4.00
1789.00;23527526_0;253.75;9.33;1714.00;4.43;23687583_0;5.10;0.00;tripinfo_wu_as_to_gj.34;75.00;wu_as_to_gj.34;0;649.06;0.88;0.00;7.41;car;;0;0.00
1791.00;972103805_0;116.86;9.22;1522.00;3.33;803785575#0_0;5.10;0.00;tripinfo_wu_od_to_ko.61;269.00;wu_od_to_ko.61;0;2307.67;0.90;0.00;25.07;car;;0;0.00
1794.00;23156305_0;1264.14;11.35;1432.00;0.57;803785575#0_0;5.10;0.00;tripinfo_wu_od_to_gg.25;362.00;wu_od_to_gg.25;0;3669.96;1.09;0.00;55.11;car;;1;7.00
1795.00;23156030#6_0;109.07;8.84;1541.00;5.16;23687583_0;5.10;0.00;tripinfo_wu_as_to_od.17;254.00;wu_as_to_od.17;0;2357.31;0.90;0.00;19.13;car;;0;0.00
1795.00;230845886_0;633.12;11.08;1562.00;1.81;803785575#0_0;5.10;0.00;tripinfo_wu_od_to_ba.28;233.00;wu_od_to_ba.28;0;2382.14;1.00;0.00;17.29;car;;0;0.00
1797.00;972103805_0;116.86;8.80;1540.00;0.58;-230845886_0;5.10;0.00;tripinfo_wu_ba_to_ko.55;257.00;wu_ba_to_ko.55;0;2114.29;0.84;0.00;27.42;car;;0;0.00
1799.00;23156305_0;1264.14;12.95;1543.00;1.24;-230845886_0;5.10;0.00;tripinfo_wu_ba_to_gg.16;256.00;wu_ba_to_gg.16;0;2718.65;1.19;0.00;48.26;car;;0;0.00
1800.00;28706217_0;94.10;6.53;1582.00;3.16;-230845886_0;5.10;0.00;tripinfo_wu_ba_to_sl.18;218.00;wu_ba_to_sl.18;0;1934.94;0.92;0.00;22.33;car;;1;2.00
1805.00;28706217_0;94.10;7.81;1621.00;0.34;-23142338#2_0;5.10;0.00;tripinfo_wu_ns_to_sl.3;184.00;wu_ns_to_sl.3;0;1619.36;1.06;0.00;29.86;car;;1;1.00
1810.00;28716808#1_0;754.74;11.41;1601.00;0.77;-45494495_0;5.10;0.00;tripinfo_wu_os_to_kl.7;209.00;wu_os_to_kl.7;0;2042.78;1.04;0.00;31.15;car;;2;9.00
1810.00;23527526_0;253.75;10.84;1747.00;3.86;23687583_0;5.10;0.00;tripinfo_wu_as_to_gj.35;63.00;wu_as_to_gj.35;0;649.06;1.08;0.00;7.71;car;;0;0.00
1816.00;972103805_0;116.86;9.89;1585.00;0.87;-230845886_0;5.10;0.00;tripinfo_wu_ba_to_ko.56;231.00;wu_ba_to_ko.56;0;2114.29;0.94;0.00;25.86;car;;1;2.00
1817.00;28706217_0;94.10;9.17;1632.00;2.13;23687583_0;5.10;0.00;tripinfo_wu_as_to_sl.29;185.00;wu_as_to_sl.29;0;1976.75;1.23;0.00;34.80;car;;2;6.00
1818.00;972103805_0;116.86;11.25;1590.00;1.26;-230845886_0;5.10;0.00;tripinfo_wu_ba_to_ko.57;228.00;wu_ba_to_ko.57;0;2114.29;1.06;0.00;46.04;car;;1;1.00
1818.00;23142338#2_0;290.21;10.77;1602.00;2.66;23687583_0;5.10;0.00;tripinfo_wu_as_to_ns.26;216.00;wu_as_to_ns.26;0;1995.73;1.01;0.00;36.03;car;;1;4.00
1820.00;28706217_0;94.10;7.72;1637.00;0.44;-230845886_0;5.10;0.00;tripinfo_wu_ba_to_sl.19;183.00;wu_ba_to_sl.19;0;1934.94;1.08;0.00;16.10;car;;0;0.00
1824.00;230845886_0;633.12;12.49;1573.00;0.87;803785575#0_0;5.10;0.00;tripinfo_wu_od_to_ba.29;251.00;wu_od_to_ba.29;0;2382.14;1.17;0.00;67.76;car;;0;0.00
1825.00;28706217_0;94.10;8.39;1747.00;0.44;803785575#0_0;5.10;0.00;tripinfo_wu_od_to_sl.1;78.00;wu_od_to_sl.1;0;747.33;1.03;0.00;6.79;car;;0;0.00
1835.00;45494495_0;58.90;10.47;1735.00;0.64;803785575#0_0;5.10;0.00;tripinfo_wu_od_to_os.31;100.00;wu_od_to_os.31;0;969.96;0.97;0.00;9.44;car;;0;0.00
1838.00;41899283#1_0;148.70;7.51;1656.00;1.05;-230845886_0;5.10;0.00;tripinfo_wu_ba_to_as.29;182.00;wu_ba_to_as.29;0;1430.78;0.78;0.00;15.61;car;;0;0.00
1840.00;41899283#1_0;148.70;11.13;1691.00;0.98;-230845886_0;5.10;0.00;tripinfo_wu_ba_to_as.30;149.00;wu_ba_to_as.30;0;1430.78;1.03;0.00;22.38;car;;1;2.00
1841.00;972103805_0;116.86;12.90;1567.00;0.97;803785575#0_0;5.10;0.00;tripinfo_wu_od_to_ko.62;274.00;wu_od_to_ko.62;0;2307.67;1.19;0.00;89.10;car;;3;53.00
1843.00;972103805_0;116.86;12.39;1603.00;1.44;803785575#0_0;5.10;0.00;tripinfo_wu_od_to_ko.63;240.00;wu_od_to_ko.63;0;2307.67;1.15;0.00;49.61;car;;3;17.00
1850.00;45494495_0;58.90;13.11;1768.00;0.65;803785575#0_0;5.10;0.00;tripinfo_wu_od_to_os.33;82.00;wu_od_to_os.33;0;969.96;1.19;0.00;8.00;car;;0;0.00
1851.00;41899283#1_0;148.70;8.35;1559.00;0.76;803785575#0_0;5.10;0.00;tripinfo_wu_od_to_as.30;292.00;wu_od_to_as.30;0;2382.09;0.81;0.00;24.89;car;;0;0.00
1852.00;972103805_0;116.86;11.27;1633.00;0.36;-230845886_0;5.10;0.00;tripinfo_wu_ba_to_ko.58;219.00;wu_ba_to_ko.58;0;2114.29;1.10;0.00;43.12;car;;2;16.00
1853.00;41899283#1_0;148.70;10.62;1701.00;0.97;-230845886_0;5.10;0.00;tripinfo_wu_ba_to_as.31;152.00;wu_ba_to_as.31;0;1430.78;0.98;0.00;19.17;car;;0;0.00
1853.00;23527526_0;253.75;9.38;1784.00;1.85;23687583_0;5.10;0.00;tripinfo_wu_as_to_gj.36;69.00;wu_as_to_gj.36;0;649.06;0.96;0.00;6.96;car;;0;0.00
1855.00;972103805_0;116.86;13.68;1642.00;1.74;-230845886_0;5.10;0.00;tripinfo_wu_ba_to_ko.59;213.00;wu_ba_to_ko.59;0;2114.29;1.28;0.00;58.74;car;;2;13.00
1855.00;23527526_0;253.75;10.68;1679.00;0.46;-230845886_0;5.10;0.00;tripinfo_wu_ba_to_gj.32;176.00;wu_ba_to_gj.32;0;1755.68;1.02;0.00;20.52;car;;0;0.00
1857.00;23527526_0;253.75;10.63;1682.00;2.17;-230845886_0;5.10;0.00;tripinfo_wu_ba_to_gj.33;175.00;wu_ba_to_gj.33;0;1755.68;1.02;0.00;18.95;car;;0;0.00
1858.00;230845886_0;633.12;9.33;1642.00;0.65;-45494495_0;5.10;0.00;tripinfo_wu_os_to_ba.11;216.00;wu_os_to_ba.11;0;1746.52;0.89;0.00;37.69;car;;1;7.00
1858.00;28706217_0;94.10;8.17;1796.00;0.22;-45494495_0;5.10;0.00;tripinfo_wu_os_to_sl.11;62.00;wu_os_to_sl.11;0;484.95;1.01;0.00;13.40;car;;1;2.00
1859.00;23156305_0;1264.14;8.91;1424.00;0.84;803785575#0_0;5.10;0.00;tripinfo_wu_od_to_gg.24;435.00;wu_od_to_gg.24;0;3669.96;0.85;0.00;43.46;car;;1;4.00
1861.00;23156305_0;1264.14;9.61;1547.00;0.17;-230845886_0;5.10;0.00;tripinfo_wu_ba_to_gg.17;314.00;wu_ba_to_gg.17;0;2718.65;0.95;0.00;52.52;car;;0;0.00
1862.00;23156305_0;1264.14;10.70;1525.00;0.74;-23142338#2_0;5.10;0.00;tripinfo_wu_ns_to_gg.4;337.00;wu_ns_to_gg.4;0;3297.24;0.99;0.00;35.49;car;;0;0.00
1862.00;41899283#1_0;148.70;7.80;1605.00;0.34;-23142338#2_0;5.10;0.00;tripinfo_wu_ns_to_as.8;257.00;wu_ns_to_as.8;0;2009.37;0.80;0.00;29.53;car;;1;2.00
1864.00;23156305_0;1264.14;12.34;1586.00;2.83;-45494495_0;5.10;0.00;tripinfo_wu_os_to_gg.7;278.00;wu_os_to_gg.7;0;3034.34;1.15;0.00;37.79;car;;0;0.00
1864.00;45494495_0;58.90;10.43;1764.00;1.19;803785575#0_0;5.10;0.00;tripinfo_wu_od_to_os.32;100.00;wu_od_to_os.32;0;969.96;0.97;0.00;9.60;car;;0;0.00
1867.00;23527526_0;253.75;11.81;1704.00;1.71;-230845886_0;5.10;0.00;tripinfo_wu_ba_to_gj.34;163.00;wu_ba_to_gj.34;0;1755.68;1.12;0.00;22.07;car;;0;0.00
1867.00;41899283#1_0;148.70;10.07;1712.00;0.90;-230845886_0;5.10;0.00;tripinfo_wu_ba_to_as.32;155.00;wu_ba_to_as.32;0;1430.78;0.91;0.00;13.16;car;;0;0.00
1869.00;28706217_0;94.10;7.73;1636.00;0.89;23687583_0;5.10;0.00;tripinfo_wu_as_to_sl.30;233.00;wu_as_to_sl.30;0;1976.75;0.95;0.00;40.17;car;;3;6.00
1871.00;28706217_0;94.10;9.47;1657.00;1.83;23687583_0;5.10;0.00;tripinfo_wu_as_to_sl.31;214.00;wu_as_to_sl.31;0;1976.75;1.17;0.00;56.46;car;;1;1.00
1877.00;23156305_0;1264.14;11.41;1589.00;3.35;-45494495_0;5.10;0.00;tripinfo_wu_os_to_gg.8;288.00;wu_os_to_gg.8;0;3034.34;1.06;0.00;26.13;car;;0;0.00
1879.00;41899283#1_0;148.70;8.34;1624.00;0.51;-23142338#2_0;5.10;0.00;tripinfo_wu_ns_to_as.9;255.00;wu_ns_to_as.9;0;2009.37;0.85;0.00;38.84;car;;2;11.00
1881.00;41899283#1_0;148.70;12.53;1665.00;1.38;-23142338#2_0;5.10;0.00;tripinfo_wu_ns_to_as.10;216.00;wu_ns_to_as.10;0;2009.37;1.19;0.00;62.61;car;;2;7.00
1883.00;41899283#1_0;148.70;9.82;1632.00;0.04;803785575#0_0;5.10;0.00;tripinfo_wu_od_to_as.31;251.00;wu_od_to_as.31;0;2382.09;1.00;0.00;34.62;car;;1;7.00
1883.00;23527526_0;253.75;11.50;1793.00;1.52;23687583_0;5.10;0.00;tripinfo_wu_as_to_gj.37;90.00;wu_as_to_gj.37;0;649.06;1.07;0.00;34.45;car;;1;22.00
1891.00;28706217_0;94.10;6.23;1818.00;0.67;-45494495_0;5.10;0.00;tripinfo_wu_os_to_sl.12;73.00;wu_os_to_sl.12;0;484.95;0.76;0.00;8.90;car;;0;0.00
1893.00;28706217_0;94.10;7.62;1681.00;3.38;23687583_0;5.10;0.00;tripinfo_wu_as_to_sl.32;212.00;wu_as_to_sl.32;0;1976.75;1.04;0.00;35.31;car;;0;0.00
1894.00;972103805_0;116.86;11.70;1663.00;1.04;-230845886_0;5.10;0.00;tripinfo_wu_ba_to_ko.60;231.00;wu_ba_to_ko.60;0;2114.29;1.07;0.00;50.77;car;;1;6.00
1896.00;28716808#1_0;754.74;10.38;1655.00;3.58;-45494495_0;5.10;0.00;tripinfo_wu_os_to_kl.8;241.00;wu_os_to_kl.8;0;2042.78;1.00;0.00;56.61;car;;2;7.00
1897.00;972103805_0;116.86;11.70;1666.00;1.98;-230845886_0;5.10;0.00;tripinfo_wu_ba_to_ko.61;231.00;wu_ba_to_ko.61;0;2114.29;1.12;0.00;58.86;car;;1;5.00
1897.00;28706217_0;94.10;8.03;1684.00;4.79;23687583_0;5.10;0.00;tripinfo_wu_as_to_sl.33;213.00;wu_as_to_sl.33;0;1976.75;1.05;0.00;38.47;car;;1;6.00
1897.00;23142338#2_0;290.21;11.48;1708.00;3.71;23687583_0;5.10;0.00;tripinfo_wu_as_to_ns.27;189.00;wu_as_to_ns.27;0;1995.73;1.11;0.00;24.31;car;;0;0.00
1898.00;23527526_0;253.75;9.60;1707.00;0.92;-230845886_0;5.10;0.00;tripinfo_wu_ba_to_gj.35;191.00;wu_ba_to_gj.35;0;1755.68;0.93;0.00;19.73;car;;1;2.00
1904.00;45494495_0;58.90;10.98;1734.00;0.51;23687583_0;5.10;0.00;tripinfo_wu_as_to_os.31;170.00;wu_as_to_os.31;0;1689.77;1.01;0.00;19.11;car;;0;0.00
1907.00;23142338#2_0;290.21;10.98;1685.00;0.80;803785575#0_0;5.10;0.00;tripinfo_wu_od_to_ns.10;222.00;wu_od_to_ns.10;0;1928.29;1.04;0.00;43.12;car;;2;14.00
1907.00;230845886_0;633.12;9.12;1721.00;0.23;-45494495_0;5.10;0.00;tripinfo_wu_os_to_ba.12;186.00;wu_os_to_ba.12;0;1746.52;0.93;0.00;16.41;car;;0;0.00
1909.00;23156030#6_0;109.07;10.71;1685.00;2.70;-230845886_0;5.10;0.00;tripinfo_wu_ba_to_od.22;224.00;wu_ba_to_od.22;0;2315.50;1.02;0.00;18.26;car;;0;0.00
1915.00;23142338#2_0;290.21;9.54;1653.00;0.43;-230845886_0;5.10;0.00;tripinfo_wu_ba_to_ns.17;262.00;wu_ba_to_ns.17;0;2346.36;0.94;0.00;36.65;car;;2;7.00
1915.00;972103805_0;116.86;10.51;1688.00;3.88;-230845886_0;5.10;0.00;tripinfo_wu_ba_to_ko.62;227.00;wu_ba_to_ko.62;0;2114.29;0.96;0.00;27.63;car;;1;3.00
1916.00;45494495_0;58.90;10.46;1823.00;0.93;803785575#0_0;5.10;0.00;tripinfo_wu_od_to_os.34;93.00;wu_od_to_os.34;0;969.96;1.04;0.00;8.34;car;;0;0.00
1917.00;41899283#1_0;148.70;11.04;1753.00;0.35;-45494495_0;5.10;0.00;tripinfo_wu_os_to_as.12;164.00;wu_os_to_as.12;0;1746.47;1.07;0.00;15.63;car;;0;0.00
1919.00;41899283#1_0;148.70;11.80;1776.00;0.87;-230845886_0;5.10;0.00;tripinfo_wu_ba_to_as.33;143.00;wu_ba_to_as.33;0;1430.78;1.10;0.00;25.19;car;;0;0.00
1920.00;45494495_0;58.90;8.89;1740.00;0.86;-230845886_0;5.10;0.00;tripinfo_wu_ba_to_os.28;180.00;wu_ba_to_os.28;0;1647.96;0.91;0.00;16.27;car;;0;0.00
1921.00;23156390_0;1121.44;9.92;1587.00;0.11;-23142338#2_0;5.10;0.00;tripinfo_wu_ns_to_br.3;334.00;wu_ns_to_br.3;0;2792.05;0.89;0.00;50.41;car;;2;15.00
1922.00;41899283#1_0;148.70;11.51;1787.00;0.91;-230845886_0;5.10;0.00;tripinfo_wu_ba_to_as.34;135.00;wu_ba_to_as.34;0;1430.78;1.07;0.00;13.58;car;;0;0.00
1924.00;28706217_0;94.10;7.43;1705.00;0.97;23687583_0;5.10;0.00;tripinfo_wu_as_to_sl.35;219.00;wu_as_to_sl.35;0;1976.75;0.97;0.00;29.15;car;;2;2.00
1927.00;230845886_0;633.12;10.89;1701.00;0.15;803785575#0_0;5.10;0.00;tripinfo_wu_od_to_ba.30;226.00;wu_od_to_ba.30;0;2382.14;1.04;0.00;19.41;car;;0;0.00
1930.00;23156390_0;1121.44;10.30;1645.00;2.65;-45494495_0;5.10;0.00;tripinfo_wu_os_to_br.5;285.00;wu_os_to_br.5;0;2513.69;1.04;0.00;65.26;car;;2;11.00
1933.00;41899283#1_0;148.70;11.93;1764.00;0.79;-45494495_0;5.10;0.00;tripinfo_wu_os_to_as.13;169.00;wu_os_to_as.13;0;1746.47;1.17;0.00;33.46;car;;1;4.00
1936.00;23527526_0;253.75;10.43;1743.00;3.74;-230845886_0;5.10;0.00;tripinfo_wu_ba_to_gj.36;193.00;wu_ba_to_gj.36;0;1755.68;0.97;0.00;28.86;car;;1;5.00
1937.00;23156305_0;1264.14;9.34;1535.00;0.70;803785575#0_0;5.10;0.00;tripinfo_wu_od_to_gg.26;402.00;wu_od_to_gg.26;0;3669.96;0.95;0.00;51.54;car;;2;13.00
1941.00;23156390_0;1121.44;10.23;1652.00;1.27;-45494495_0;5.10;0.00;tripinfo_wu_os_to_br.6;289.00;wu_os_to_br.6;0;2513.69;0.98;0.00;54.91;car;;2;10.00
1945.00;972103805_0;116.86;8.00;1658.00;3.44;-45494495_0;5.10;0.00;tripinfo_wu_os_to_ko.17;287.00;wu_os_to_ko.17;0;2045.29;0.83;0.00;52.46;car;;2;17.00
1947.00;972103805_0;116.86;9.33;1649.00;0.40;803785575#0_0;5.10;0.00;tripinfo_wu_od_to_ko.64;298.00;wu_od_to_ko.64;0;2307.67;0.95;0.00;68.35;car;;2;15.00
1948.00;28706217_0;94.10;6.50;1702.00;0.68;23687583_0;5.10;0.00;tripinfo_wu_as_to_sl.34;246.00;wu_as_to_sl.34;0;1976.75;0.83;0.00;25.28;car;;1;1.00
1949.00;972103805_0;116.86;9.97;1662.00;0.86;803785575#0_0;5.10;0.00;tripinfo_wu_od_to_ko.65;287.00;wu_od_to_ko.65;0;2307.67;0.91;0.00;45.85;car;;1;8.00
1950.00;45494495_0;58.90;8.88;1759.00;0.48;-230845886_0;5.10;0.00;tripinfo_wu_ba_to_os.29;191.00;wu_ba_to_os.29;0;1647.96;0.85;0.00;16.67;car;;0;0.00
1951.00;972103805_0;116.86;10.14;1668.00;0.63;803785575#0_0;5.10;0.00;tripinfo_wu_od_to_ko.66;283.00;wu_od_to_ko.66;0;2307.67;1.02;0.00;67.28;car;;1;6.00
1956.00;23156030#6_0;109.07;8.80;1850.00;2.30;-45494495_0;5.10;0.00;tripinfo_wu_os_to_od.18;106.00;wu_os_to_od.18;0;865.51;0.87;0.00;16.37;car;;1;5.00
1957.00;28706217_0;94.10;7.94;1737.00;2.39;23687583_0;5.10;0.00;tripinfo_wu_as_to_sl.36;220.00;wu_as_to_sl.36;0;1976.75;1.06;0.00;46.63;car;;2;11.00
1961.00;45494495_0;58.90;11.16;1873.00;0.84;803785575#0_0;5.10;0.00;tripinfo_wu_od_to_os.35;88.00;wu_od_to_os.35;0;969.96;1.10;0.00;7.91;car;;0;0.00
1962.00;23527526_0;253.75;8.95;1767.00;0.68;-230845886_0;5.10;0.00;tripinfo_wu_ba_to_gj.37;195.00;wu_ba_to_gj.37;0;1755.68;0.89;0.00;15.38;car;;0;0.00
1963.00;41899283#1_0;148.70;10.83;1816.00;3.79;-230845886_0;5.10;0.00;tripinfo_wu_ba_to_as.35;147.00;wu_ba_to_as.35;0;1430.78;1.00;0.00;17.33;car;;0;0.00
1964.00;23527526_0;253.75;9.94;1779.00;1.49;-230845886_0;5.10;0.00;tripinfo_wu_ba_to_gj.38;185.00;wu_ba_to_gj.38;0;1755.68;0.96;0.00;19.66;car;;0;0.00
1964.00;972103805_0;116.86;10.11;1787.00;0.46;-23142338#2_0;5.10;0.00;tripinfo_wu_ns_to_ko.43;177.00;wu_ns_to_ko.43;0;1398.55;0.98;0.00;48.18;car;;2;16.00
1966.00;972103805_0;116.86;11.82;1801.00;0.74;-23142338#2_0;5.10;0.00;tripinfo_wu_ns_to_ko.44;165.00;wu_ns_to_ko.44;0;1398.55;1.10;0.00;49.72;car;;1;8.00
1970.00;23156030#6_0;109.07;10.01;1723.00;0.26;23687583_0;5.10;0.00;tripinfo_wu_as_to_od.18;247.00;wu_as_to_od.18;0;2357.31;1.01;0.00;37.29;car;;1;2.00
1970.00;41899283#1_0;148.70;10.85;1743.00;0.39;-23142338#2_0;5.10;0.00;tripinfo_wu_ns_to_as.11;227.00;wu_ns_to_as.11;0;2009.37;1.00;0.00;43.83;car;;2;16.00
1970.00;23527526_0;253.75;11.44;1907.00;0.56;23687583_0;5.10;0.00;tripinfo_wu_as_to_gj.38;63.00;wu_as_to_gj.38;0;649.06;1.08;0.00;7.79;car;;0;0.00
1972.00;41899283#1_0;148.70;12.59;1850.00;0.45;-230845886_0;5.10;0.00;tripinfo_wu_ba_to_as.36;122.00;wu_ba_to_as.36;0;1430.78;1.18;0.00;12.04;car;;0;0.00
1974.00;23156030#6_0;109.07;9.29;1715.00;1.84;-230845886_0;5.10;0.00;tripinfo_wu_ba_to_od.23;259.00;wu_ba_to_od.23;0;2315.50;0.92;0.00;30.47;car;;1;5.00
1978.00;28716808#1_0;754.74;12.98;1844.00;3.25;23687583_0;5.10;0.00;tripinfo_wu_as_to_kl.10;134.00;wu_as_to_kl.10;0;1207.92;1.17;0.00;40.39;car;;2;8.00
1982.00;45494495_0;58.90;11.14;1781.00;0.80;-23142338#2_0;5.10;0.00;tripinfo_wu_ns_to_os.3;201.00;wu_ns_to_os.3;0;1865.82;1.01;0.00;34.23;car;;2;12.00
1984.00;23156030#6_0;109.07;11.60;1740.00;2.40;23687583_0;5.10;0.00;tripinfo_wu_as_to_od.19;244.00;wu_as_to_od.19;0;2357.31;1.08;0.00;46.97;car;;2;9.00
1987.00;41899283#1_0;148.70;10.16;1812.00;0.39;-45494495_0;5.10;0.00;tripinfo_wu_os_to_as.14;175.00;wu_os_to_as.14;0;1746.47;1.00;0.00;16.82;car;;0;0.00
1989.00;23156030#6_0;109.07;10.28;1744.00;0.96;23687583_0;5.10;0.00;tripinfo_wu_as_to_od.20;245.00;wu_as_to_od.20;0;2357.31;1.01;0.00;35.28;car;;1;4.00
1993.00;23156305_0;1264.14;10.00;1600.00;0.47;803785575#0_0;5.10;0.00;tripinfo_wu_od_to_gg.27;393.00;wu_od_to_gg.27;0;3669.96;1.01;0.00;62.71;car;;2;7.00
1993.00;230845886_0;633.12;9.79;1750.00;0.93;803785575#0_0;5.10;0.00;tripinfo_wu_od_to_ba.31;243.00;wu_od_to_ba.31;0;2382.14;0.96;0.00;17.53;car;;0;0.00
2001.00;23142338#2_0;290.21;8.53;1763.00;0.79;23687583_0;5.10;0.00;tripinfo_wu_as_to_ns.28;238.00;wu_as_to_ns.28;0;1995.73;0.87;0.00;28.34;car;;1;5.00
2001.00;23156030#6_0;109.07;12.71;1781.00;0.42;23687583_0;5.10;0.00;tripinfo_wu_as_to_od.21;220.00;wu_as_to_od.21;0;2357.31;1.17;0.00;38.89;car;;0;0.00
2004.00;45494495_0;58.90;9.91;1829.00;0.72;-230845886_0;5.10;0.00;tripinfo_wu_ba_to_os.30;175.00;wu_ba_to_os.30;0;1647.96;0.93;0.00;14.85;car;;0;0.00
2004.00;23527526_0;253.75;12.02;1841.00;0.19;-230845886_0;5.10;0.00;tripinfo_wu_ba_to_gj.39;163.00;wu_ba_to_gj.39;0;1755.68;1.16;0.00;26.43;car;;1;2.00
2005.00;972103805_0;116.86;9.58;1725.00;0.43;-45494495_0;5.10;0.00;tripinfo_wu_os_to_ko.18;280.00;wu_os_to_ko.18;0;2045.29;0.89;0.00;61.77;car;;2;31.00
2006.00;45494495_0;58.90;12.01;1823.00;2.40;23687583_0;5.10;0.00;tripinfo_wu_as_to_os.32;183.00;wu_as_to_os.32;0;1689.77;1.12;0.00;47.05;car;;2;18.00
2007.00;972103805_0;116.86;12.10;1740.00;0.04;803785575#0_0;5.10;0.00;tripinfo_wu_od_to_ko.67;267.00;wu_od_to_ko.67;0;2307.67;1.10;0.00;66.42;car;;3;17.00
2007.00;230845886_0;633.12;9.47;1838.00;2.90;23687583_0;5.10;0.00;tripinfo_wu_as_to_ba.23;169.00;wu_as_to_ba.23;0;1356.50;0.94;0.00;38.74;car;;2;10.00
2012.00;230845886_0;633.12;8.72;1831.00;0.20;23687583_0;5.10;0.00;tripinfo_wu_as_to_ba.22;181.00;wu_as_to_ba.22;0;1356.50;0.90;0.00;45.29;car;;3;17.00
2017.00;41899283#1_0;148.70;10.88;1844.00;1.79;-45494495_0;5.10;0.00;tripinfo_wu_os_to_as.15;173.00;wu_os_to_as.15;0;1746.47;1.07;0.00;23.82;car;;0;0.00
2018.00;23156305_0;1264.14;11.15;1689.00;0.23;-23142338#2_0;5.10;0.00;tripinfo_wu_ns_to_gg.5;329.00;wu_ns_to_gg.5;0;3297.24;1.01;0.00;31.82;car;;0;0.00
2022.00;230845886_0;633.12;8.66;1851.00;9.44;23687583_0;5.10;0.00;tripinfo_wu_as_to_ba.24;171.00;wu_as_to_ba.24;0;1356.50;0.86;0.00;28.20;car;;1;5.00
2024.00;230845886_0;633.12;12.15;1876.00;0.57;23687583_0;5.10;0.00;tripinfo_wu_as_to_ba.25;148.00;wu_as_to_ba.25;0;1356.50;1.18;0.00;43.75;car;;1;4.00
2025.00;28706217_0;94.10;9.34;1813.00;2.48;-230845886_0;5.10;0.00;tripinfo_wu_ba_to_sl.20;212.00;wu_ba_to_sl.20;0;1934.94;1.13;0.00;51.33;car;;0;0.00
2026.00;41899283#1_0;148.70;11.57;1881.00;2.91;-230845886_0;5.10;0.00;tripinfo_wu_ba_to_as.37;145.00;wu_ba_to_as.37;0;1430.78;1.04;0.00;20.45;car;;0;0.00
2026.00;23156030#6_0;109.07;10.51;1939.00;0.00;-45494495_0;5.10;0.00;tripinfo_wu_os_to_od.19;87.00;wu_os_to_od.19;0;865.51;1.01;0.00;10.02;car;;0;0.00
2032.00;23156030#6_0;109.07;11.34;1790.00;4.29;23687583_0;5.10;0.00;tripinfo_wu_as_to_od.22;242.00;wu_as_to_od.22;0;2357.31;1.03;0.00;34.61;car;;1;10.00
2033.00;23156390_0;1121.44;12.28;1821.00;0.37;-230845886_0;5.10;0.00;tripinfo_wu_ba_to_br.2;212.00;wu_ba_to_br.2;0;2198.00;1.11;0.00;31.00;car;;0;0.00
2036.00;230845886_0;633.12;11.20;1812.00;0.20;803785575#0_0;5.10;0.00;tripinfo_wu_od_to_ba.32;224.00;wu_od_to_ba.32;0;2382.14;1.04;0.00;16.51;car;;0;0.00
2038.00;41899283#1_0;148.70;11.07;1871.00;0.67;-45494495_0;5.10;0.00;tripinfo_wu_os_to_as.16;167.00;wu_os_to_as.16;0;1746.47;1.06;0.00;16.79;car;;0;0.00
2040.00;45494495_0;58.90;8.95;1928.00;4.49;803785575#0_0;5.10;0.00;tripinfo_wu_od_to_os.36;112.00;wu_od_to_os.36;0;969.96;0.86;0.00;9.58;car;;0;0.00
2041.00;23156305_0;1264.14;10.17;1652.00;0.39;803785575#0_0;5.10;0.00;tripinfo_wu_od_to_gg.28;389.00;wu_od_to_gg.28;0;3669.96;0.95;0.00;39.59;car;;1;1.00
2042.00;972103805_0;116.86;9.66;1810.00;0.23;-230845886_0;5.10;0.00;tripinfo_wu_ba_to_ko.63;232.00;wu_ba_to_ko.63;0;2114.29;0.91;0.00;21.34;car;;0;0.00
2044.00;45494495_0;58.90;9.99;1865.00;0.32;-230845886_0;5.10;0.00;tripinfo_wu_ba_to_os.31;179.00;wu_ba_to_os.31;0;1647.96;0.91;0.00;14.09;car;;0;0.00
2052.00;28716808#1_0;754.74;11.12;1785.00;0.83;803785575#0_0;5.10;0.00;tripinfo_wu_od_to_kl.23;267.00;wu_od_to_kl.23;0;2678.40;1.01;0.00;26.05;car;;0;0.00
2056.00;23142338#2_0;290.21;8.62;1787.00;2.55;23687583_0;5.10;0.00;tripinfo_wu_as_to_ns.29;269.00;wu_as_to_ns.29;0;1995.73;0.78;0.00;37.68;car;;2;7.00
2057.00;41899283#1_0;148.70;10.89;1826.00;1.87;803785575#0_0;5.10;0.00;tripinfo_wu_od_to_as.32;231.00;wu_od_to_as.32;0;2382.09;1.08;0.00;30.48;car;;1;7.00
2060.00;23156305_0;1264.14;8.60;1868.00;0.99;23687583_0;5.10;0.00;tripinfo_wu_as_to_gg.10;192.00;wu_as_to_gg.10;0;1600.87;0.85;0.00;20.81;car;;0;0.00
2062.00;23156305_0;1264.14;9.83;1709.00;0.94;-23142338#2_0;5.10;0.00;tripinfo_wu_ns_to_gg.6;353.00;wu_ns_to_gg.6;0;3297.24;0.99;0.00;50.35;car;;2;7.00
2062.00;23142338#2_0;290.21;8.92;1784.00;0.97;-45494495_0;5.10;0.00;tripinfo_wu_os_to_ns.4;278.00;wu_os_to_ns.4;0;1665.91;0.88;0.00;93.29;car;;2;64.00
2064.00;23156305_0;1264.14;11.16;1760.00;0.58;-45494495_0;5.10;0.00;tripinfo_wu_os_to_gg.9;304.00;wu_os_to_gg.9;0;3034.34;1.07;0.00;46.75;car;;1;5.00
2065.00;45494495_0;58.90;10.55;1966.00;0.01;803785575#0_0;5.10;0.00;tripinfo_wu_od_to_os.37;99.00;wu_od_to_os.37;0;969.96;0.97;0.00;8.42;car;;0;0.00
2067.00;23156030#6_0;109.07;9.52;1804.00;0.02;-230845886_0;5.10;0.00;tripinfo_wu_ba_to_od.24;263.00;wu_ba_to_od.24;0;2315.50;0.87;0.00;24.15;car;;1;1.00
2067.00;28706217_0;94.10;6.41;1973.00;0.05;803785575#0_0;5.10;0.00;tripinfo_wu_od_to_sl.2;94.00;wu_od_to_sl.2;0;747.33;0.86;0.00;9.49;car;;0;0.00
2073.00;45494495_0;58.90;11.55;1904.00;0.11;-230845886_0;5.10;0.00;tripinfo_wu_ba_to_os.32;169.00;wu_ba_to_os.32;0;1647.96;1.10;0.00;34.13;car;;0;0.00
2076.00;23527526_0;253.75;10.18;1996.00;0.43;23687583_0;5.10;0.00;tripinfo_wu_as_to_gj.39;80.00;wu_as_to_gj.39;0;649.06;0.95;0.00;17.61;car;;1;4.00
2078.00;972103805_0;116.86;10.11;1853.00;0.53;-230845886_0;5.10;0.00;tripinfo_wu_ba_to_ko.64;225.00;wu_ba_to_ko.64;0;2114.29;0.94;0.00;21.20;car;;0;0.00
2078.00;45494495_0;58.90;10.94;1898.00;0.42;23687583_0;5.10;0.00;tripinfo_wu_as_to_os.33;180.00;wu_as_to_os.33;0;1689.77;1.04;0.00;33.21;car;;1;8.00
2079.00;41899283#1_0;148.70;10.37;1932.00;0.98;-230845886_0;5.10;0.00;tripinfo_wu_ba_to_as.38;147.00;wu_ba_to_as.38;0;1430.78;1.01;0.00;18.95;car;;0;0.00
2079.00;45494495_0;58.90;11.69;1989.00;4.30;803785575#0_0;5.10;0.00;tripinfo_wu_od_to_os.38;90.00;wu_od_to_os.38;0;969.96;1.08;0.00;8.93;car;;0;0.00
2086.00;23142338#2_0;290.21;8.96;1847.00;5.53;23687583_0;5.10;0.00;tripinfo_wu_as_to_ns.30;239.00;wu_as_to_ns.30;0;1995.73;0.92;0.00;41.26;car;;1;6.00
2088.00;23142338#2_0;290.21;11.34;1862.00;3.34;23687583_0;5.10;0.00;tripinfo_wu_as_to_ns.31;226.00;wu_as_to_ns.31;0;1995.73;1.06;0.00;54.02;car;;1;5.00
2093.00;23142338#2_0;290.21;10.42;1879.00;2.19;23687583_0;5.10;0.00;tripinfo_wu_as_to_ns.32;214.00;wu_as_to_ns.32;0;1995.73;1.01;0.00;34.31;car;;2;8.00
2100.00;45494495_0;58.90;10.31;1999.00;0.49;803785575#0_0;5.10;0.00;tripinfo_wu_od_to_os.39;101.00;wu_od_to_os.39;0;969.96;0.95;0.00;8.76;car;;0;0.00
2102.00;23527526_0;253.75;9.10;2020.00;2.53;23687583_0;5.10;0.00;tripinfo_in_as_to_gj.0;82.00;in_as_to_gj.0;0;649.06;0.91;0.00;16.50;car;;1;4.00
2103.00;972103805_0;116.86;10.42;1835.00;0.54;803785575#0_0;5.10;0.00;tripinfo_wu_od_to_ko.68;268.00;wu_od_to_ko.68;0;2307.67;0.98;0.00;43.98;car;;2;12.00
2103.00;23156390_0;1121.44;10.64;1925.00;0.92;23687583_0;5.10;0.00;tripinfo_wu_as_to_br.10;178.00;wu_as_to_br.10;0;1694.48;0.96;0.00;17.53;car;;0;0.00
2104.00;23527526_0;253.75;11.22;2029.00;2.62;23687583_0;5.10;0.00;tripinfo_in_as_to_gj.1;75.00;in_as_to_gj.1;0;649.06;1.04;0.00;17.77;car;;0;0.00
2105.00;23156390_0;1121.44;11.59;1853.00;4.52;-45494495_0;5.10;0.00;tripinfo_wu_os_to_br.7;252.00;wu_os_to_br.7;0;2513.69;1.15;0.00;52.38;car;;2;13.00
2105.00;45494495_0;58.90;10.15;2009.00;4.23;803785575#0_0;5.10;0.00;tripinfo_in_od_to_os.0;96.00;in_od_to_os.0;0;969.96;1.01;0.00;8.25;car;;0;0.00
2106.00;972103805_0;116.86;10.37;1841.00;0.59;-45494495_0;5.10;0.00;tripinfo_wu_os_to_ko.19;265.00;wu_os_to_ko.19;0;2045.29;1.00;0.00;68.65;car;;3;23.00
2106.00;45494495_0;58.90;11.02;2012.00;3.09;803785575#0_0;5.10;0.00;tripinfo_in_od_to_os.1;94.00;in_od_to_os.1;0;969.96;1.08;0.00;13.27;car;;0;0.00
2108.00;972103805_0;116.86;10.38;1850.00;0.33;803785575#0_0;5.10;0.00;tripinfo_wu_od_to_ko.69;258.00;wu_od_to_ko.69;0;2307.67;1.01;0.00;39.78;car;;1;2.00
2114.00;45494495_0;58.90;8.50;1912.00;2.98;-230845886_0;5.10;0.00;tripinfo_wu_ba_to_os.33;202.00;wu_ba_to_os.33;0;1647.96;0.82;0.00;20.73;car;;0;0.00
2114.00;23527526_0;253.75;11.20;1911.00;0.30;-45494495_0;5.10;0.00;tripinfo_wu_os_to_gj.7;203.00;wu_os_to_gj.7;0;2071.37;1.02;0.00;19.48;car;;0;0.00
2116.00;45494495_0;58.90;12.04;1963.00;0.33;-230845886_0;5.10;0.00;tripinfo_wu_ba_to_os.34;153.00;wu_ba_to_os.34;0;1647.96;1.15;0.00;23.14;car;;0;0.00
2123.00;28706217_0;94.10;8.27;1878.00;0.36;-230845886_0;5.10;0.00;tripinfo_wu_ba_to_sl.21;245.00;wu_ba_to_sl.21;0;1934.94;1.06;0.00;76.14;car;;3;33.00
2123.00;45494495_0;58.90;10.99;1955.00;0.05;23687583_0;5.10;0.00;tripinfo_wu_as_to_os.34;168.00;wu_as_to_os.34;0;1689.77;1.10;0.00;28.56;car;;1;8.00
2125.00;23156305_0;1264.14;9.41;1709.00;0.42;803785575#0_0;5.10;0.00;tripinfo_wu_od_to_gg.29;416.00;wu_od_to_gg.29;0;3669.96;0.92;0.00;53.45;car;;2;10.00
2125.00;23142338#2_0;290.21;12.17;1922.00;6.38;23687583_0;5.10;0.00;tripinfo_wu_as_to_ns.33;203.00;wu_as_to_ns.33;0;1995.73;1.10;0.00;37.78;car;;2;6.00
2126.00;41899283#1_0;148.70;10.09;1967.00;0.15;-230845886_0;5.10;0.00;tripinfo_wu_ba_to_as.39;159.00;wu_ba_to_as.39;0;1430.78;0.99;0.00;28.62;car;;2;6.00
2134.00;23156030#6_0;109.07;13.31;1909.00;0.10;-230845886_0;5.10;0.00;tripinfo_wu_ba_to_od.26;225.00;wu_ba_to_od.26;0;2315.50;1.22;0.00;53.68;car;;0;0.00
2134.00;45494495_0;58.90;12.17;2046.00;8.30;803785575#0_0;5.10;0.00;tripinfo_in_od_to_os.2;88.00;in_od_to_os.2;0;969.96;1.14;0.00;10.79;car;;0;0.00
2137.00;972103805_0;116.86;12.07;1919.00;0.85;-230845886_0;5.10;0.00;tripinfo_wu_ba_to_ko.65;218.00;wu_ba_to_ko.65;0;2114.29;1.15;0.00;49.55;car;;1;7.00
2139.00;28716808#1_0;754.74;11.29;2017.00;2.93;23687583_0;5.10;0.00;tripinfo_in_as_to_kl.0;122.00;in_as_to_kl.0;0;1207.92;1.11;0.00;23.63;car;;1;9.00
2141.00;23156030#6_0;109.07;10.33;1900.00;0.55;-230845886_0;5.10;0.00;tripinfo_wu_ba_to_od.25;241.00;wu_ba_to_od.25;0;2315.50;1.02;0.00;36.16;car;;1;1.00
2143.00;972103805_0;116.86;10.49;1990.00;0.44;-23142338#2_0;5.10;0.00;tripinfo_wu_ns_to_ko.45;153.00;wu_ns_to_ko.45;0;1398.55;0.97;0.00;22.83;car;;1;8.00
2145.00;23527526_0;253.75;11.12;2079.00;2.32;23687583_0;5.10;0.00;tripinfo_in_as_to_gj.2;66.00;in_as_to_gj.2;0;649.06;1.02;0.00;7.73;car;;0;0.00
2147.00;23527526_0;253.75;10.91;1942.00;2.42;-45494495_0;5.10;0.00;tripinfo_wu_os_to_gj.8;205.00;wu_os_to_gj.8;0;2071.37;1.06;0.00;27.71;car;;1;8.00
2155.00;972103805_0;116.86;10.14;1922.00;1.99;-230845886_0;5.10;0.00;tripinfo_wu_ba_to_ko.66;233.00;wu_ba_to_ko.66;0;2114.29;0.97;0.00;35.63;car;;0;0.00
2160.00;45494495_0;58.90;8.55;2049.00;11.26;803785575#0_0;5.10;0.00;tripinfo_in_od_to_os.3;111.00;in_od_to_os.3;0;969.96;0.86;0.00;9.45;car;;0;0.00
2165.00;972103805_0;116.86;9.49;2007.00;0.67;-23142338#2_0;5.10;0.00;tripinfo_wu_ns_to_ko.46;158.00;wu_ns_to_ko.46;0;1398.55;0.88;0.00;15.09;car;;0;0.00
2167.00;972103805_0;116.86;11.08;1853.00;1.93;803785575#0_0;5.10;0.00;tripinfo_wu_od_to_ko.70;314.00;wu_od_to_ko.70;0;2307.67;1.10;0.00;113.95;car;;1;52.00
2169.00;972103805_0;116.86;12.99;1922.00;0.70;803785575#0_0;5.10;0.00;tripinfo_wu_od_to_ko.71;247.00;wu_od_to_ko.71;0;2307.67;1.17;0.00;58.83;car;;2;7.00
2170.00;23156305_0;1264.14;9.07;1761.00;0.66;803785575#0_0;5.10;0.00;tripinfo_wu_od_to_gg.30;409.00;wu_od_to_gg.30;0;3669.96;0.89;0.00;33.49;car;;0;0.00
2171.00;45494495_0;58.90;10.15;2067.00;12.53;803785575#0_0;5.10;0.00;tripinfo_in_od_to_os.4;104.00;in_od_to_os.4;0;969.96;0.98;0.00;14.40;car;;0;0.00
2174.00;28716808#1_0;754.74;11.09;1890.00;0.66;803785575#0_0;5.10;0.00;tripinfo_wu_od_to_kl.24;284.00;wu_od_to_kl.24;0;2678.40;1.00;0.00;41.78;car;;3;15.00
2176.00;41899283#1_0;148.70;13.80;2030.00;3.02;-230845886_0;5.10;0.00;tripinfo_in_ba_to_as.0;146.00;in_ba_to_as.0;0;1430.78;1.27;0.00;42.36;car;;1;1.00
2177.00;45494495_0;58.90;10.75;2082.00;17.10;803785575#0_0;5.10;0.00;tripinfo_in_od_to_os.5;95.00;in_od_to_os.5;0;969.96;1.07;0.00;12.86;car;;0;0.00
2179.00;23527526_0;253.75;8.90;2105.00;1.17;23687583_0;5.10;0.00;tripinfo_in_as_to_gj.3;74.00;in_as_to_gj.3;0;649.06;0.91;0.00;8.88;car;;0;0.00
2182.00;45494495_0;58.90;10.15;2012.00;0.02;23687583_0;5.10;0.00;tripinfo_in_as_to_os.0;170.00;in_as_to_os.0;0;1689.77;0.98;0.00;14.03;car;;0;0.00
2185.00;28706217_0;94.10;8.41;1858.00;0.02;23687583_0;5.10;0.00;tripinfo_wu_as_to_sl.37;327.00;wu_as_to_sl.37;0;1976.75;1.05;0.00;151.21;car;;6;98.00
2185.00;972103805_0;116.86;8.89;2023.00;0.72;-23142338#2_0;5.10;0.00;tripinfo_in_ns_to_ko.0;162.00;in_ns_to_ko.0;0;1398.55;0.90;0.00;22.08;car;;1;2.00
2185.00;230845886_0;633.12;10.37;2034.00;0.04;23687583_0;5.10;0.00;tripinfo_in_as_to_ba.0;151.00;in_as_to_ba.0;0;1356.50;0.97;0.00;24.16;car;;0;0.00
2187.00;972103805_0;116.86;10.56;2040.00;0.71;-23142338#2_0;5.10;0.00;tripinfo_in_ns_to_ko.1;147.00;in_ns_to_ko.1;0;1398.55;1.02;0.00;23.01;car;;1;5.00
2187.00;23156030#6_0;109.07;9.69;2091.00;0.44;-45494495_0;5.10;0.00;tripinfo_in_os_to_od.0;96.00;in_os_to_od.0;0;865.51;0.90;0.00;9.15;car;;0;0.00
2188.00;23156030#6_1;109.07;10.31;1938.00;0.14;-230845886_0;5.10;0.00;tripinfo_wu_ba_to_od.27;250.00;wu_ba_to_od.27;0;2315.50;0.94;0.00;26.74;car;;0;0.00
2189.00;45494495_0;58.90;10.94;2097.00;20.24;803785575#0_0;5.10;0.00;tripinfo_in_od_to_os.6;92.00;in_od_to_os.6;0;969.96;1.07;0.00;9.82;car;;0;0.00
2194.00;45494495_0;58.90;10.31;2100.00;19.89;803785575#0_0;5.10;0.00;tripinfo_in_od_to_os.7;94.00;in_od_to_os.7;0;969.96;1.02;0.00;8.01;car;;0;0.00
2198.00;45494495_0;58.90;10.89;2027.00;3.11;-230845886_0;5.10;0.00;tripinfo_in_ba_to_os.0;171.00;in_ba_to_os.0;0;1647.96;0.99;0.00;20.98;car;;0;0.00
2199.00;23156030#6_0;109.07;10.33;2110.00;2.07;-45494495_0;5.10;0.00;tripinfo_in_os_to_od.1;89.00;in_os_to_od.1;0;865.51;0.96;0.00;7.58;car;;0;0.00
2200.00;45494495_0;58.90;10.82;2026.00;1.56;23687583_0;5.10;0.00;tripinfo_in_as_to_os.1;174.00;in_as_to_os.1;0;1689.77;1.06;0.00;30.47;car;;0;0.00
2202.00;23156030#6_0;109.07;11.49;2120.00;5.11;-45494495_0;5.10;0.00;tripinfo_in_os_to_od.2;82.00;in_os_to_od.2;0;865.51;1.05;0.00;7.25;car;;0;0.00
2203.00;230845886_0;633.12;9.48;2010.00;0.68;-45494495_0;5.10;0.00;tripinfo_wu_os_to_ba.13;193.00;wu_os_to_ba.13;0;1746.52;0.93;0.00;23.18;car;;1;5.00
2203.00;41899283#1_0;148.70;9.36;2039.00;3.44;-230845886_0;5.10;0.00;tripinfo_in_ba_to_as.1;164.00;in_ba_to_as.1;0;1430.78;0.96;0.00;28.03;car;;1;7.00
2205.00;41899283#1_0;148.70;11.09;2048.00;3.20;-230845886_0;5.10;0.00;tripinfo_in_ba_to_as.2;157.00;in_ba_to_as.2;0;1430.78;1.08;0.00;36.06;car;;1;2.00
2206.00;230845886_0;633.12;9.94;2073.00;6.27;23687583_0;5.10;0.00;tripinfo_in_as_to_ba.1;133.00;in_as_to_ba.1;0;1356.50;1.00;0.00;10.69;car;;0;0.00
2208.00;41899283#1_0;148.70;10.35;2051.00;1.95;-230845886_0;5.10;0.00;tripinfo_in_ba_to_as.3;157.00;in_ba_to_as.3;0;1430.78;1.01;0.00;28.83;car;;1;2.00
2213.00;45494495_0;58.90;10.44;2112.00;22.09;803785575#0_0;5.10;0.00;tripinfo_in_od_to_os.8;101.00;in_od_to_os.8;0;969.96;0.97;0.00;10.54;car;;0;0.00
2215.00;45494495_0;58.90;11.07;2118.00;26.61;803785575#0_0;5.10;0.00;tripinfo_in_od_to_os.9;97.00;in_od_to_os.9;0;969.96;1.04;0.00;12.71;car;;0;0.00
2216.00;23142338#2_0;290.21;10.92;2003.00;0.25;803785575#0_0;5.10;0.00;tripinfo_in_od_to_ns.0;213.00;in_od_to_ns.0;0;1928.29;1.04;0.00;34.61;car;;2;11.00
2217.00;972103805_0;116.86;10.02;1979.00;0.47;-230845886_0;5.10;0.00;tripinfo_wu_ba_to_ko.67;238.00;wu_ba_to_ko.67;0;2114.29;0.94;0.00;32.80;car;;1;7.00
2217.00;45494495_0;58.90;10.63;2045.00;0.01;23687583_0;5.10;0.00;tripinfo_in_as_to_os.2;172.00;in_as_to_os.2;0;1689.77;1.03;0.00;23.61;car;;0;0.00
2218.00;23142338#2_0;290.21;11.79;2018.00;0.85;803785575#0_0;5.10;0.00;tripinfo_in_od_to_ns.1;200.00;in_od_to_ns.1;0;1928.29;1.09;0.00;29.64;car;;1;2.00
2220.00;23142338#2_0;290.21;11.67;2023.00;2.76;-45494495_0;5.10;0.00;tripinfo_in_os_to_ns.0;197.00;in_os_to_ns.0;0;1665.91;1.09;0.00;48.21;car;;2;13.00
2225.00;45494495_0;58.90;11.29;2064.00;4.15;23687583_0;5.10;0.00;tripinfo_in_as_to_os.3;161.00;in_as_to_os.3;0;1689.77;1.09;0.00;20.93;car;;1;3.00
2226.00;972103805_0;116.86;8.30;2062.00;2.93;-23142338#2_0;5.10;0.00;tripinfo_in_ns_to_ko.2;164.00;in_ns_to_ko.2;0;1398.55;0.86;0.00;17.30;car;;1;1.00
2228.00;41899283#1_0;148.70;10.71;1986.00;3.05;803785575#0_0;5.10;0.00;tripinfo_wu_od_to_as.33;242.00;wu_od_to_as.33;0;2382.09;0.97;0.00;20.84;car;;0;0.00
2229.00;972103805_0;116.86;8.51;1925.00;3.41;803785575#0_0;5.10;0.00;tripinfo_wu_od_to_ko.72;304.00;wu_od_to_ko.72;0;2307.67;0.84;0.00;42.85;car;;1;12.00
2231.00;972103805_0;116.86;10.79;1933.00;0.25;803785575#0_0;5.10;0.00;tripinfo_wu_od_to_ko.73;298.00;wu_od_to_ko.73;0;2307.67;1.00;0.00;78.98;car;;1;11.00
2233.00;972103805_0;116.86;10.04;1946.00;0.77;803785575#0_0;5.10;0.00;tripinfo_wu_od_to_ko.74;287.00;wu_od_to_ko.74;0;2307.67;0.91;0.00;45.18;car;;1;7.00
2234.00;972103805_0;116.86;10.47;1999.00;0.18;-230845886_0;5.10;0.00;tripinfo_wu_ba_to_ko.68;235.00;wu_ba_to_ko.68;0;2114.29;0.95;0.00;33.34;car;;1;9.00
2235.00;230845886_0;633.12;8.33;1936.00;0.08;803785575#0_0;5.10;0.00;tripinfo_wu_od_to_ba.33;299.00;wu_od_to_ba.33;0;2382.14;0.78;0.00;24.66;car;;0;0.00
2237.00;972103805_0;116.86;10.75;2017.00;0.92;-230845886_0;5.10;0.00;tripinfo_in_ba_to_ko.0;220.00;in_ba_to_ko.0;0;2114.29;1.05;0.00;37.17;car;;2;9.00
2237.00;41899283#1_0;148.70;11.53;2059.00;0.77;-45494495_0;5.10;0.00;tripinfo_in_os_to_as.0;178.00;in_os_to_as.0;0;1746.47;1.11;0.00;35.78;car;;1;10.00
2237.00;230845886_0;633.12;9.27;2082.00;0.48;23687583_0;5.10;0.00;tripinfo_in_as_to_ba.2;155.00;in_as_to_ba.2;0;1356.50;0.88;0.00;16.22;car;;0;0.00
2239.00;23156030#6_0;109.07;8.77;1972.00;2.40;23687583_0;5.10;0.00;tripinfo_wu_as_to_od.23;267.00;wu_as_to_od.23;0;2357.31;0.90;0.00;30.68;car;;1;7.00
2239.00;45494495_0;58.90;9.77;2136.00;30.82;803785575#0_0;5.10;0.00;tripinfo_in_od_to_os.10;103.00;in_od_to_os.10;0;969.96;0.95;0.00;9.81;car;;0;0.00
2241.00;41899283#1_0;148.70;11.22;2006.00;2.92;803785575#0_0;5.10;0.00;tripinfo_in_od_to_as.0;235.00;in_od_to_as.0;0;2382.09;1.10;0.00;39.08;car;;1;7.00
2243.00;972103805_0;116.86;9.64;2068.00;5.74;-23142338#2_0;5.10;0.00;tripinfo_in_ns_to_ko.3;175.00;in_ns_to_ko.3;0;1398.55;0.94;0.00;41.03;car;;2;15.00
2244.00;23156305_0;1264.14;7.87;2023.00;1.24;23687583_0;5.10;0.00;tripinfo_in_as_to_gg.0;221.00;in_as_to_gg.0;0;1600.87;0.74;0.00;23.53;car;;1;1.00
2245.00;23156305_0;1264.14;10.44;1876.00;0.01;803785575#0_0;5.10;0.00;tripinfo_wu_od_to_gg.31;369.00;wu_od_to_gg.31;0;3669.96;1.12;0.00;71.81;car;;1;6.00
2245.00;972103805_0;116.86;12.60;2071.00;8.63;-23142338#2_0;5.10;0.00;tripinfo_in_ns_to_ko.4;174.00;in_ns_to_ko.4;0;1398.55;1.21;0.00;69.98;car;;2;13.00
2246.00;41899283#1_0;148.70;12.41;2030.00;0.85;-23142338#2_0;5.10;0.00;tripinfo_in_ns_to_as.0;216.00;in_ns_to_as.0;0;2009.37;1.13;0.00;53.43;car;;1;9.00
2247.00;23156305_0;1264.14;10.77;1945.00;1.37;-45494495_0;5.10;0.00;tripinfo_wu_os_to_gg.10;302.00;wu_os_to_gg.10;0;3034.34;1.17;0.00;66.58;car;;2;2.00
2249.00;972103805_0;116.86;9.83;2074.00;1.14;-23142338#2_0;5.10;0.00;tripinfo_in_ns_to_ko.5;175.00;in_ns_to_ko.5;0;1398.55;0.97;0.00;44.46;car;;2;11.00
2251.00;972103805_0;116.86;10.68;2077.00;1.84;-23142338#2_0;5.10;0.00;tripinfo_in_ns_to_ko.6;174.00;in_ns_to_ko.6;0;1398.55;1.07;0.00;55.64;car;;2;9.00
2253.00;972103805_0;116.86;11.05;2080.00;3.03;-23142338#2_0;5.10;0.00;tripinfo_in_ns_to_ko.7;173.00;in_ns_to_ko.7;0;1398.55;1.08;0.00;55.07;car;;2;8.00
2255.00;972103805_0;116.86;10.77;1951.00;0.09;803785575#0_0;5.10;0.00;tripinfo_wu_od_to_ko.75;304.00;wu_od_to_ko.75;0;2307.67;0.98;0.00;80.64;car;;3;22.00
2257.00;28706217_0;94.10;6.90;1884.00;2.15;-230845886_0;5.10;0.00;tripinfo_wu_ba_to_sl.22;373.00;wu_ba_to_sl.22;0;1934.94;0.88;0.00;167.42;car;;6;127.00
2257.00;23156390_0;1121.44;11.64;1998.00;0.64;-45494495_0;5.10;0.00;tripinfo_wu_os_to_br.8;259.00;wu_os_to_br.8;0;2513.69;1.05;0.00;41.21;car;;2;11.00
2260.00;972103805_0;116.86;8.94;2024.00;1.18;-230845886_0;5.10;0.00;tripinfo_in_ba_to_ko.1;236.00;in_ba_to_ko.1;0;2114.29;0.91;0.00;25.28;car;;0;0.00
2264.00;23156305_0;1264.14;9.06;1899.00;0.35;-23142338#2_0;5.10;0.00;tripinfo_wu_ns_to_gg.7;365.00;wu_ns_to_gg.7;0;3297.24;0.91;0.00;34.91;car;;0;0.00
2266.00;23156305_0;1264.14;11.83;1917.00;0.32;-23142338#2_0;5.10;0.00;tripinfo_wu_ns_to_gg.8;349.00;wu_ns_to_gg.8;0;3297.24;1.14;0.00;86.15;car;;1;8.00
2268.00;972103805_0;116.86;10.79;1983.00;0.78;803785575#0_0;5.10;0.00;tripinfo_wu_od_to_ko.76;285.00;wu_od_to_ko.76;0;2307.67;1.05;0.00;75.28;car;;4;16.00
2272.00;23142338#2_0;290.21;11.41;2055.00;8.10;803785575#0_0;5.10;0.00;tripinfo_in_od_to_ns.2;217.00;in_od_to_ns.2;0;1928.29;1.04;0.00;38.05;car;;2;7.00
2272.00;972103805_0;116.86;10.01;2083.00;3.53;-23142338#2_0;5.10;0.00;tripinfo_in_ns_to_ko.8;189.00;in_ns_to_ko.8;0;1398.55;0.93;0.00;53.62;car;;3;22.00
2274.00;28706217_0;94.10;9.42;1887.00;0.74;-230845886_0;5.10;0.00;tripinfo_wu_ba_to_sl.23;387.00;wu_ba_to_sl.23;0;1934.94;1.18;0.00;234.07;car;;5;139.00
2274.00;41899283#1_0;148.70;9.38;2049.00;0.63;-23142338#2_0;5.10;0.00;tripinfo_in_ns_to_as.1;225.00;in_ns_to_as.1;0;2009.37;0.95;0.00;31.56;car;;0;0.00
2274.00;972103805_0;116.86;12.89;2090.00;0.86;-23142338#2_0;5.10;0.00;tripinfo_in_ns_to_ko.9;184.00;in_ns_to_ko.9;0;1398.55;1.26;0.00;82.65;car;;3;17.00
2279.00;41899283#1_0;148.70;10.90;2098.00;0.41;-230845886_0;5.10;0.00;tripinfo_in_ba_to_as.4;181.00;in_ba_to_as.4;0;1430.78;1.01;0.00;52.54;car;;3;15.00
2280.00;23156305_0;1264.14;9.52;1887.00;0.15;803785575#0_0;5.10;0.00;tripinfo_wu_od_to_gg.32;393.00;wu_od_to_gg.32;0;3669.96;0.94;0.00;40.34;car;;1;4.00
2281.00;972103805_0;116.86;9.01;2036.00;3.86;-230845886_0;5.10;0.00;tripinfo_in_ba_to_ko.2;245.00;in_ba_to_ko.2;0;2114.29;0.92;0.00;36.30;car;;1;8.00
2281.00;230845886_0;633.12;11.31;2083.00;0.70;-45494495_0;5.10;0.00;tripinfo_in_os_to_ba.0;198.00;in_os_to_ba.0;0;1746.52;1.09;0.00;53.17;car;;2;23.00
2282.00;23156030#6_0;109.07;10.49;2052.00;0.67;23687583_0;5.10;0.00;tripinfo_in_as_to_od.0;230.00;in_as_to_od.0;0;2357.31;1.01;0.00;18.65;car;;0;0.00
2283.00;972103805_0;116.86;11.75;2045.00;8.42;-230845886_0;5.10;0.00;tripinfo_in_ba_to_ko.3;238.00;in_ba_to_ko.3;0;2114.29;1.08;0.00;59.87;car;;1;5.00
2285.00;230845886_0;633.12;11.06;2025.00;0.02;803785575#0_0;5.10;0.00;tripinfo_in_od_to_ba.0;260.00;in_od_to_ba.0;0;2382.14;1.06;0.00;57.01;car;;2;22.00
2287.00;23156305_0;1264.14;9.44;1955.00;0.77;-45494495_0;5.10;0.00;tripinfo_wu_os_to_gg.11;332.00;wu_os_to_gg.11;0;3034.34;0.93;0.00;34.42;car;;1;1.00
2287.00;41899283#1_0;148.70;8.89;2107.00;5.92;-230845886_0;5.10;0.00;tripinfo_in_ba_to_as.5;180.00;in_ba_to_as.5;0;1430.78;0.89;0.00;34.63;car;;2;11.00
2288.00;23156305_0;1264.14;11.38;1965.00;0.05;-45494495_0;5.10;0.00;tripinfo_wu_os_to_gg.12;323.00;wu_os_to_gg.12;0;3034.34;1.11;0.00;74.16;car;;1;3.00
2289.00;972103805_0;116.86;10.53;2102.00;5.16;-23142338#2_0;5.10;0.00;tripinfo_in_ns_to_ko.10;187.00;in_ns_to_ko.10;0;1398.55;1.02;0.00;62.58;car;;4;26.00
2290.00;23156305_0;1264.14;11.69;1911.00;0.36;803785575#0_0;5.10;0.00;tripinfo_wu_od_to_gg.33;379.00;wu_od_to_gg.33;0;3669.96;1.07;0.00;66.62;car;;2;7.00
2290.00;23142338#2_0;290.21;9.06;2055.00;3.32;23687583_0;5.10;0.00;tripinfo_in_as_to_ns.0;235.00;in_as_to_ns.0;0;1995.73;0.90;0.00;32.99;car;;1;5.00
2290.00;28716808#1_0;754.74;7.98;2129.00;0.85;23687583_0;5.10;0.00;tripinfo_in_as_to_kl.1;161.00;in_as_to_kl.1;0;1207.92;0.77;0.00;18.46;car;;1;1.00
2291.00;23142338#2_0;290.21;11.46;2058.00;6.13;23687583_0;5.10;0.00;tripinfo_in_as_to_ns.1;233.00;in_as_to_ns.1;0;1995.73;1.07;0.00;63.22;car;;1;4.00
2291.00;972103805_0;116.86;11.09;2125.00;4.30;-23142338#2_0;5.10;0.00;tripinfo_in_ns_to_ko.11;166.00;in_ns_to_ko.11;0;1398.55;1.01;0.00;40.38;car;;3;11.00
2291.00;28716808#1_0;754.74;9.26;2147.00;0.57;23687583_0;5.10;0.00;tripinfo_in_as_to_kl.2;144.00;in_as_to_kl.2;0;1207.92;0.89;0.00;21.47;car;;0;0.00
2291.00;230845886_0;633.12;11.22;2155.00;0.12;23687583_0;5.10;0.00;tripinfo_in_as_to_ba.3;136.00;in_as_to_ba.3;0;1356.50;1.03;0.00;16.86;car;;1;2.00
2303.00;28716808#1_0;754.74;12.81;2116.00;11.44;-230845886_0;5.10;0.00;tripinfo_in_ba_to_kl.0;187.00;in_ba_to_kl.0;0;1727.09;1.16;0.00;52.63;car;;3;5.00
2304.00;28706217_0;94.10;6.96;1890.00;0.34;23687583_0;5.10;0.00;tripinfo_wu_as_to_sl.38;414.00;wu_as_to_sl.38;0;1976.75;0.97;0.00;224.28;car;;6;160.00
2304.00;230845886_0;633.12;11.70;2107.00;0.06;-45494495_0;5.10;0.00;tripinfo_in_os_to_ba.1;197.00;in_os_to_ba.1;0;1746.52;1.14;0.00;58.14;car;;3;18.00
2305.00;23156390_0;1121.44;10.09;2020.00;0.39;-45494495_0;5.10;0.00;tripinfo_in_os_to_br.0;285.00;in_os_to_br.0;0;2513.69;0.97;0.00;49.18;car;;1;1.00
2305.00;41899283#1_0;148.70;10.13;2122.00;7.68;-230845886_0;5.10;0.00;tripinfo_in_ba_to_as.6;183.00;in_ba_to_as.6;0;1430.78;0.91;0.00;41.38;car;;3;11.00
2306.00;28706217_0;94.10;8.12;1915.00;0.10;-230845886_0;5.10;0.00;tripinfo_wu_ba_to_sl.24;391.00;wu_ba_to_sl.24;0;1934.94;1.08;0.00;224.85;car;;5;139.00
2307.00;45494495_0;58.90;9.92;2099.00;3.10;-23142338#2_0;5.10;0.00;tripinfo_in_ns_to_os.0;208.00;in_ns_to_os.0;0;1865.82;0.95;0.00;29.72;car;;1;6.00
2308.00;972103805_0;116.86;8.38;2054.00;1.51;-230845886_0;5.10;0.00;tripinfo_in_ba_to_ko.4;254.00;in_ba_to_ko.4;0;2114.29;0.86;0.00;31.20;car;;1;6.00
2308.00;41899283#1_0;148.70;9.22;2136.00;0.05;-230845886_0;5.10;0.00;tripinfo_in_ba_to_as.7;172.00;in_ba_to_as.7;0;1430.78;0.91;0.00;29.91;car;;0;0.00
2311.00;972103805_0;116.86;8.90;2128.00;6.14;-23142338#2_0;5.10;0.00;tripinfo_in_ns_to_ko.12;183.00;in_ns_to_ko.12;0;1398.55;0.86;0.00;35.42;car;;2;13.00
2312.00;41899283#1_0;148.70;11.12;2154.00;2.36;-230845886_0;5.10;0.00;tripinfo_in_ba_to_as.8;158.00;in_ba_to_as.8;0;1430.78;1.00;0.00;28.14;car;;0;0.00
2313.00;28706217_0;94.10;6.45;1919.00;4.92;23687583_0;5.10;0.00;tripinfo_wu_as_to_sl.39;394.00;wu_as_to_sl.39;0;1976.75;0.93;0.00;196.56;car;;5;140.00
2313.00;972103805_0;116.86;9.91;2134.00;9.00;-23142338#2_0;5.10;0.00;tripinfo_in_ns_to_ko.13;179.00;in_ns_to_ko.13;0;1398.55;0.97;0.00;48.67;car;;2;11.00
2315.00;972103805_0;116.86;10.38;2150.00;0.31;-23142338#2_0;5.10;0.00;tripinfo_in_ns_to_ko.14;165.00;in_ns_to_ko.14;0;1398.55;0.94;0.00;30.17;car;;2;7.00
2317.00;41899283#1_0;148.70;10.72;2096.00;0.81;-23142338#2_0;5.10;0.00;tripinfo_in_ns_to_as.2;221.00;in_ns_to_as.2;0;2009.37;1.03;0.00;44.61;car;;1;7.00
2319.00;972103805_0;116.86;9.83;2057.00;1.61;-230845886_0;5.10;0.00;tripinfo_in_ba_to_ko.5;262.00;in_ba_to_ko.5;0;2114.29;1.00;0.00;69.98;car;;2;13.00
2319.00;28706217_0;94.10;7.49;2114.00;4.73;-45494495_0;5.10;0.00;tripinfo_in_os_to_sl.0;205.00;in_os_to_sl.0;0;484.95;0.94;0.00;153.43;car;;6;118.00
2319.00;230845886_0;633.12;9.89;2117.00;5.35;-45494495_0;5.10;0.00;tripinfo_in_os_to_ba.2;202.00;in_os_to_ba.2;0;1746.52;0.99;0.00;42.11;car;;1;4.00
2321.00;230845886_0;633.12;10.43;2182.00;4.64;23687583_0;5.10;0.00;tripinfo_in_as_to_ba.4;139.00;in_as_to_ba.4;0;1356.50;1.05;0.00;22.21;car;;1;3.00
2324.00;28706217_0;94.10;7.49;2002.00;0.16;-230845886_0;5.10;0.00;tripinfo_in_ba_to_sl.0;322.00;in_ba_to_sl.0;0;1934.94;1.00;0.00;140.96;car;;6;92.00
2327.00;28706217_0;94.10;6.96;2020.00;3.46;-230845886_0;5.10;0.00;tripinfo_wu_ba_to_sl.25;307.00;wu_ba_to_sl.25;0;1934.94;0.96;0.00;119.71;car;;4;71.00
2328.00;972103805_0;116.86;10.88;2026.00;5.02;-45494495_0;5.10;0.00;tripinfo_in_os_to_ko.0;302.00;in_os_to_ko.0;0;2045.29;1.01;0.00;108.23;car;;6;56.00
2328.00;23142338#2_0;290.21;10.18;2096.00;2.30;23687583_0;5.10;0.00;tripinfo_in_as_to_ns.2;232.00;in_as_to_ns.2;0;1995.73;0.95;0.00;40.49;car;;2;9.00
2330.00;972103805_0;116.86;11.14;2052.00;13.03;803785575#0_0;5.10;0.00;tripinfo_in_od_to_ko.0;278.00;in_od_to_ko.0;0;2307.67;1.07;0.00;73.44;car;;4;21.00
2331.00;28706217_0;94.10;8.16;2033.00;3.50;-230845886_0;5.10;0.00;tripinfo_in_ba_to_sl.1;298.00;in_ba_to_sl.1;0;1934.94;1.05;0.00;127.34;car;;4;63.00
2336.00;972103805_0;116.86;8.67;2162.00;0.40;-23142338#2_0;5.10;0.00;tripinfo_in_ns_to_ko.15;174.00;in_ns_to_ko.15;0;1398.55;0.89;0.00;32.30;car;;2;11.00
2337.00;23156390_0;1121.44;10.69;2071.00;0.75;-45494495_0;5.10;0.00;tripinfo_in_os_to_br.1;266.00;in_os_to_br.1;0;2513.69;0.99;0.00;35.49;car;;2;7.00
2337.00;28706217_0;94.10;7.46;2189.00;1.47;-45494495_0;5.10;0.00;tripinfo_in_os_to_sl.1;148.00;in_os_to_sl.1;0;484.95;0.93;0.00;95.44;car;;4;54.00
2339.00;23156390_0;1121.44;12.92;2079.00;1.11;-45494495_0;5.10;0.00;tripinfo_in_os_to_br.2;260.00;in_os_to_br.2;0;2513.69;1.21;0.00;70.66;car;;2;4.00
2341.00;230845886_0;633.12;10.13;2205.00;0.17;23687583_0;5.10;0.00;tripinfo_in_as_to_ba.5;136.00;in_as_to_ba.5;0;1356.50;0.99;0.00;12.36;car;;0;0.00
2342.00;45494495_0;58.90;10.21;2162.00;3.77;23687583_0;5.10;0.00;tripinfo_in_as_to_os.4;180.00;in_as_to_os.4;0;1689.77;0.93;0.00;15.58;car;;0;0.00
2342.00;230845886_0;633.12;10.73;2212.00;0.34;23687583_0;5.10;0.00;tripinfo_in_as_to_ba.6;130.00;in_as_to_ba.6;0;1356.50;1.04;0.00;12.73;car;;0;0.00
2343.00;41899283#1_0;148.70;9.75;2175.00;2.33;-230845886_0;5.10;0.00;tripinfo_in_ba_to_as.9;168.00;in_ba_to_as.9;0;1430.78;0.94;0.00;30.47;car;;1;6.00
2352.00;23142338#2_0;290.21;11.53;2029.00;5.95;-45494495_0;5.10;0.00;tripinfo_in_os_to_ns.1;323.00;in_os_to_ns.1;0;1665.91;1.11;0.00;176.74;car;;6;118.00
2352.00;28716808#1_0;754.74;10.31;2034.00;0.78;803785575#0_0;5.10;0.00;tripinfo_wu_od_to_kl.25;318.00;wu_od_to_kl.25;0;2678.40;1.01;0.00;78.53;car;;5;41.00
2354.00;972103805_0;116.86;8.45;2180.00;0.72;-23142338#2_0;5.10;0.00;tripinfo_in_ns_to_ko.16;174.00;in_ns_to_ko.16;0;1398.55;0.84;0.00;24.00;car;;1;5.00
2356.00;28716808#1_0;754.74;9.83;2037.00;3.46;803785575#0_0;5.10;0.00;tripinfo_in_od_to_kl.0;319.00;in_od_to_kl.0;0;2678.40;1.00;0.00;75.51;car;;5;32.00
2357.00;972103805_0;116.86;9.05;2186.00;0.73;-23142338#2_0;5.10;0.00;tripinfo_in_ns_to_ko.17;171.00;in_ns_to_ko.17;0;1398.55;0.89;0.00;28.92;car;;1;5.00
2358.00;28706217_0;94.10;8.51;2067.00;5.33;23687583_0;5.10;0.00;tripinfo_in_as_to_sl.0;291.00;in_as_to_sl.0;0;1976.75;1.03;0.00;112.55;car;;5;43.00
2358.00;972103805_0;116.86;9.11;2197.00;0.22;-23142338#2_0;5.10;0.00;tripinfo_in_ns_to_ko.18;161.00;in_ns_to_ko.18;0;1398.55;0.92;0.00;24.38;car;;0;0.00
2359.00;41899283#1_0;148.70;11.67;2058.00;10.84;803785575#0_0;5.10;0.00;tripinfo_in_od_to_as.1;301.00;in_od_to_as.1;0;2382.09;1.07;0.00;99.87;car;;3;38.00
2359.00;45494495_0;58.90;13.62;2187.00;0.51;-230845886_0;5.10;0.00;tripinfo_in_ba_to_os.1;172.00;in_ba_to_os.1;0;1647.96;1.24;0.00;51.16;car;;1;5.00
2362.00;23156305_0;1264.14;10.79;2020.00;0.23;-23142338#2_0;5.10;0.00;tripinfo_in_ns_to_gg.0;342.00;in_ns_to_gg.0;0;3297.24;1.02;0.00;45.52;car;;2;5.00
2362.00;972103805_0;116.86;8.58;2095.00;0.84;-230845886_0;5.10;0.00;tripinfo_in_ba_to_ko.6;267.00;in_ba_to_ko.6;0;2114.29;0.85;0.00;40.03;car;;2;11.00
2364.00;23156305_0;1264.14;11.53;2015.00;2.68;803785575#0_0;5.10;0.00;tripinfo_in_od_to_gg.0;349.00;in_od_to_gg.0;0;3669.96;1.15;0.00;59.01;car;;1;6.00
2364.00;972103805_0;116.86;11.11;2101.00;0.73;-230845886_0;5.10;0.00;tripinfo_in_ba_to_ko.7;263.00;in_ba_to_ko.7;0;2114.29;1.05;0.00;80.15;car;;2;14.00
2364.00;45494495_0;58.90;11.48;2193.00;5.05;-230845886_0;5.10;0.00;tripinfo_in_ba_to_os.2;171.00;in_ba_to_os.2;0;1647.96;1.09;0.00;33.68;car;;0;0.00
2364.00;41899283#1_0;148.70;12.07;2235.00;1.93;-230845886_0;5.10;0.00;tripinfo_in_ba_to_as.10;129.00;in_ba_to_as.10;0;1430.78;1.16;0.00;16.57;car;;0;0.00
2365.00;230845886_0;633.12;9.62;2064.00;10.31;803785575#0_0;5.10;0.00;tripinfo_in_od_to_ba.1;301.00;in_od_to_ba.1;0;2382.14;0.91;0.00;64.19;car;;2;26.00
2365.00;28706217_0;94.10;7.42;2064.00;0.82;-230845886_0;5.10;0.00;tripinfo_in_ba_to_sl.2;301.00;in_ba_to_sl.2;0;1934.94;1.01;0.00;122.36;car;;5;47.00
2366.00;23156305_0;1264.14;12.41;2220.00;2.78;23687583_0;5.10;0.00;tripinfo_in_as_to_gg.1;146.00;in_as_to_gg.1;0;1600.87;1.13;0.00;16.72;car;;0;0.00
2367.00;230845886_0;633.12;10.00;2070.00;13.49;803785575#0_0;5.10;0.00;tripinfo_in_od_to_ba.2;297.00;in_od_to_ba.2;0;2382.14;0.92;0.00;61.70;car;;2;26.00
2368.00;28706217_0;94.10;8.70;2076.00;2.56;23687583_0;5.10;0.00;tripinfo_in_as_to_sl.1;292.00;in_as_to_sl.1;0;1976.75;1.05;0.00;116.57;car;;4;51.00
2368.00;972103805_0;116.86;9.06;2113.00;8.86;-230845886_0;5.10;0.00;tripinfo_in_ba_to_ko.8;255.00;in_ba_to_ko.8;0;2114.29;0.91;0.00;44.40;car;;2;10.00
2369.00;230845886_0;633.12;11.67;2147.00;0.06;-45494495_0;5.10;0.00;tripinfo_in_os_to_ba.3;222.00;in_os_to_ba.3;0;1746.52;1.13;0.00;81.47;car;;2;26.00
2370.00;972103805_0;116.86;12.04;2200.00;0.86;-23142338#2_0;5.10;0.00;tripinfo_in_ns_to_ko.19;170.00;in_ns_to_ko.19;0;1398.55;1.10;0.00;54.79;car;;1;8.00
2372.00;28706217_0;94.10;7.31;2087.00;0.65;23687583_0;5.10;0.00;tripinfo_in_as_to_sl.2;285.00;in_as_to_sl.2;0;1976.75;1.03;0.00;106.81;car;;4;36.00
2372.00;972103805_0;116.86;12.64;2203.00;2.60;-23142338#2_0;5.10;0.00;tripinfo_in_ns_to_ko.20;169.00;in_ns_to_ko.20;0;1398.55;1.16;0.00;59.68;car;;1;7.00
2373.00;41899283#1_0;148.70;9.44;2061.00;13.05;803785575#0_0;5.10;0.00;tripinfo_in_od_to_as.2;312.00;in_od_to_as.2;0;2382.09;0.88;0.00;67.59;car;;2;27.00
2374.00;230845886_0;633.12;10.80;2088.00;17.28;803785575#0_0;5.10;0.00;tripinfo_in_od_to_ba.3;286.00;in_od_to_ba.3;0;2382.14;1.03;0.00;77.77;car;;2;21.00
2374.00;972103805_0;116.86;11.79;2212.00;0.31;-23142338#2_0;5.10;0.00;tripinfo_in_ns_to_ko.21;162.00;in_ns_to_ko.21;0;1398.55;1.07;0.00;43.38;car;;1;6.00
2375.00;28716808#1_0;754.74;9.78;2190.00;2.37;-230845886_0;5.10;0.00;tripinfo_wu_ba_to_kl.1;185.00;wu_ba_to_kl.1;0;1727.09;0.95;0.00;21.41;car;;0;0.00
2376.00;972103805_0;116.86;10.59;2085.00;17.70;803785575#0_0;5.10;0.00;tripinfo_in_od_to_ko.1;291.00;in_od_to_ko.1;0;2307.67;1.00;0.00;71.64;car;;3;17.00
2376.00;28706217_0;94.10;8.14;2090.00;0.03;23687583_0;5.10;0.00;tripinfo_in_as_to_sl.3;286.00;in_as_to_sl.3;0;1976.75;1.10;0.00;118.80;car;;5;38.00
2377.00;230845886_0;633.12;11.72;2091.00;17.02;803785575#0_0;5.10;0.00;tripinfo_in_od_to_ba.4;286.00;in_od_to_ba.4;0;2382.14;1.08;0.00;86.26;car;;1;19.00
2377.00;23156390_0;1121.44;12.64;2226.00;2.48;23687583_0;5.10;0.00;tripinfo_in_as_to_br.0;151.00;in_as_to_br.0;0;1694.48;1.19;0.00;22.49;car;;1;3.00
2380.00;972103805_0;116.86;10.30;2119.00;10.24;-230845886_0;5.10;0.00;tripinfo_in_ba_to_ko.9;261.00;in_ba_to_ko.9;0;2114.29;0.97;0.00;62.26;car;;4;15.00
2382.00;972103805_0;116.86;12.83;2157.00;4.20;-230845886_0;5.10;0.00;tripinfo_in_ba_to_ko.10;225.00;in_ba_to_ko.10;0;2114.29;1.22;0.00;68.08;car;;1;2.00
2383.00;28706217_0;94.10;8.07;2099.00;2.53;23687583_0;5.10;0.00;tripinfo_in_as_to_sl.4;284.00;in_as_to_sl.4;0;1976.75;1.05;0.00;110.04;car;;5;33.00
2386.00;23156030#6_0;109.07;10.82;2307.00;0.64;-45494495_0;5.10;0.00;tripinfo_in_os_to_od.3;79.00;in_os_to_od.3;0;865.51;1.09;0.00;6.99;car;;0;0.00
2388.00;972103805_0;116.86;10.00;2103.00;14.69;803785575#0_0;5.10;0.00;tripinfo_in_od_to_ko.2;285.00;in_od_to_ko.2;0;2307.67;1.01;0.00;67.20;car;;3;19.00
2390.00;972103805_0;116.86;11.44;2223.00;2.47;-23142338#2_0;5.10;0.00;tripinfo_in_ns_to_ko.22;167.00;in_ns_to_ko.22;0;1398.55;1.11;0.00;52.91;car;;2;11.00
2391.00;41899283#1_0;148.70;10.99;2144.00;0.88;-45494495_0;5.10;0.00;tripinfo_in_os_to_as.1;247.00;in_os_to_as.1;0;1746.47;1.00;0.00;88.28;car;;4;29.00
2393.00;45494495_0;58.90;9.88;2209.00;2.14;-230845886_0;5.10;0.00;tripinfo_in_ba_to_os.4;184.00;in_ba_to_os.4;0;1647.96;0.97;0.00;29.93;car;;0;0.00
2393.00;972103805_0;116.86;12.49;2233.00;0.63;-23142338#2_0;5.10;0.00;tripinfo_in_ns_to_ko.23;160.00;in_ns_to_ko.23;0;1398.55;1.13;0.00;48.03;car;;3;15.00
2395.00;28706217_0;94.10;7.81;2120.00;0.46;23687583_0;5.10;0.00;tripinfo_in_as_to_sl.5;275.00;in_as_to_sl.5;0;1976.75;0.95;0.00;81.05;car;;3;12.00
2396.00;972103805_0;116.86;10.94;2236.00;3.61;-23142338#2_0;5.10;0.00;tripinfo_in_ns_to_ko.24;160.00;in_ns_to_ko.24;0;1398.55;1.03;0.00;36.56;car;;2;11.00
2397.00;28706217_0;94.10;7.83;2126.00;0.80;23687583_0;5.10;0.00;tripinfo_in_as_to_sl.6;271.00;in_as_to_sl.6;0;1976.75;1.08;0.00;100.90;car;;1;9.00
2397.00;45494495_0;58.90;8.65;2206.00;0.27;-230845886_0;5.10;0.00;tripinfo_in_ba_to_os.3;191.00;in_ba_to_os.3;0;1647.96;0.86;0.00;18.41;car;;1;1.00
2399.00;972103805_0;116.86;11.32;2246.00;0.75;-23142338#2_0;5.10;0.00;tripinfo_in_ns_to_ko.25;153.00;in_ns_to_ko.25;0;1398.55;1.05;0.00;31.83;car;;1;6.00
2401.00;972103805_0;116.86;10.22;2121.00;28.49;803785575#0_0;5.10;0.00;tripinfo_in_od_to_ko.3;280.00;in_od_to_ko.3;0;2307.67;0.99;0.00;57.77;car;;3;17.00
2402.00;23142338#2_0;290.21;8.22;2135.00;6.39;23687583_0;5.10;0.00;tripinfo_in_as_to_ns.3;267.00;in_as_to_ns.3;0;1995.73;0.76;0.00;27.51;car;;0;0.00
2403.00;972103805_0;116.86;11.27;2163.00;7.01;-230845886_0;5.10;0.00;tripinfo_in_ba_to_ko.11;240.00;in_ba_to_ko.11;0;2114.29;1.10;0.00;65.23;car;;2;13.00
2404.00;28706217_0;94.10;7.46;2125.00;1.70;-230845886_0;5.10;0.00;tripinfo_in_ba_to_sl.3;279.00;in_ba_to_sl.3;0;1934.94;0.95;0.00;88.86;car;;3;12.00
2404.00;23142338#2_0;290.21;9.51;2154.00;21.66;803785575#0_0;5.10;0.00;tripinfo_in_od_to_ns.3;250.00;in_od_to_ns.3;0;1928.29;0.95;0.00;55.24;car;;3;17.00
2406.00;28706217_0;94.10;7.83;2131.00;3.36;-230845886_0;5.10;0.00;tripinfo_in_ba_to_sl.4;275.00;in_ba_to_sl.4;0;1934.94;1.01;0.00;95.87;car;;3;9.00
2406.00;23142338#2_0;290.21;9.71;2157.00;14.15;803785575#0_0;5.10;0.00;tripinfo_in_od_to_ns.4;249.00;in_od_to_ns.4;0;1928.29;0.99;0.00;60.99;car;;2;14.00
2407.00;230845886_0;633.12;9.17;2172.00;0.56;-45494495_0;5.10;0.00;tripinfo_in_os_to_ba.4;235.00;in_os_to_ba.4;0;1746.52;0.91;0.00;60.39;car;;3;19.00
2408.00;23142338#2_0;290.21;11.47;2172.00;18.38;803785575#0_0;5.10;0.00;tripinfo_in_od_to_ns.5;236.00;in_od_to_ns.5;0;1928.29;1.12;0.00;70.03;car;;3;24.00
2409.00;41899283#1_0;148.70;10.88;2115.00;25.04;803785575#0_0;5.10;0.00;tripinfo_in_od_to_as.3;294.00;in_od_to_as.3;0;2382.09;1.04;0.00;87.31;car;;2;20.00
2410.00;28706217_0;94.10;8.62;2151.00;0.09;-230845886_0;5.10;0.00;tripinfo_in_ba_to_sl.5;259.00;in_ba_to_sl.5;0;1934.94;1.06;0.00;89.34;car;;2;10.00
2412.00;972103805_0;116.86;11.18;2127.00;28.20;803785575#0_0;5.10;0.00;tripinfo_in_od_to_ko.4;285.00;in_od_to_ko.4;0;2307.67;1.05;0.00;76.47;car;;4;23.00
2412.00;45494495_0;58.90;10.48;2220.00;1.77;-23142338#2_0;5.10;0.00;tripinfo_in_ns_to_os.1;192.00;in_ns_to_os.1;0;1865.82;0.97;0.00;18.72;car;;0;0.00
2415.00;23156305_0;1264.14;10.94;2021.00;2.03;803785575#0_0;5.10;0.00;tripinfo_in_od_to_gg.1;394.00;in_od_to_gg.1;0;3669.96;0.99;0.00;57.06;car;;2;17.00
2415.00;972103805_0;116.86;11.82;2252.00;0.20;-23142338#2_0;5.10;0.00;tripinfo_in_ns_to_ko.26;163.00;in_ns_to_ko.26;0;1398.55;1.07;0.00;45.65;car;;2;12.00
2416.00;28706217_0;94.10;7.47;2169.00;0.31;23687583_0;5.10;0.00;tripinfo_in_as_to_sl.7;247.00;in_as_to_sl.7;0;1976.75;0.93;0.00;50.63;car;;1;1.00
2416.00;41899283#1_0;148.70;11.30;2183.00;0.58;-45494495_0;5.10;0.00;tripinfo_in_os_to_as.2;233.00;in_os_to_as.2;0;1746.47;1.09;0.00;87.75;car;;3;20.00
2417.00;972103805_0;116.86;11.71;2255.00;1.50;-23142338#2_0;5.10;0.00;tripinfo_in_ns_to_ko.27;162.00;in_ns_to_ko.27;0;1398.55;1.06;0.00;43.72;car;;2;13.00
2418.00;28706217_0;94.10;8.21;2166.00;4.86;-230845886_0;5.10;0.00;tripinfo_in_ba_to_sl.6;252.00;in_ba_to_sl.6;0;1934.94;1.09;0.00;86.22;car;;2;6.00
2419.00;28716808#1_0;754.74;9.00;2131.00;8.11;-23142338#2_0;5.10;0.00;tripinfo_in_ns_to_kl.0;288.00;in_ns_to_kl.0;0;2315.58;0.91;0.00;56.57;car;;3;17.00
2420.00;23142338#2_0;290.21;9.57;2128.00;1.49;-230845886_0;5.10;0.00;tripinfo_in_ba_to_ns.0;292.00;in_ba_to_ns.0;0;2346.36;0.93;0.00;63.31;car;;3;19.00
2420.00;28716808#1_0;754.74;11.35;2137.00;9.72;-23142338#2_0;5.10;0.00;tripinfo_in_ns_to_kl.1;283.00;in_ns_to_kl.1;0;2315.58;1.17;0.00;103.09;car;;4;15.00
2423.00;972103805_0;116.86;9.53;2133.00;28.35;803785575#0_0;5.10;0.00;tripinfo_in_od_to_ko.5;290.00;in_od_to_ko.5;0;2307.67;0.92;0.00;51.11;car;;2;15.00
2425.00;972103805_0;116.86;9.76;2142.00;33.14;803785575#0_0;5.10;0.00;tripinfo_in_od_to_ko.6;283.00;in_od_to_ko.6;0;2307.67;0.98;0.00;59.50;car;;2;15.00
2426.00;28706217_0;94.10;7.02;2172.00;1.64;-230845886_0;5.10;0.00;tripinfo_in_ba_to_sl.7;254.00;in_ba_to_sl.7;0;1934.94;0.90;0.00;52.95;car;;1;6.00
2429.00;23156030#6_0;109.07;10.28;2343.00;2.27;-45494495_0;5.10;0.00;tripinfo_in_os_to_od.4;86.00;in_os_to_od.4;0;865.51;1.02;0.00;9.74;car;;0;0.00
2430.00;972103805_0;116.86;11.05;2182.00;0.30;-230845886_0;5.10;0.00;tripinfo_in_ba_to_ko.12;248.00;in_ba_to_ko.12;0;2114.29;1.00;0.00;55.51;car;;3;16.00
2432.00;230845886_0;633.12;10.04;2221.00;0.73;-45494495_0;5.10;0.00;tripinfo_in_os_to_ba.5;211.00;in_os_to_ba.5;0;1746.52;1.01;0.00;53.28;car;;1;5.00
2433.00;28706217_0;94.10;8.20;2223.00;5.12;23687583_0;5.10;0.00;tripinfo_in_as_to_sl.8;210.00;in_as_to_sl.8;0;1976.75;1.06;0.00;37.85;car;;1;3.00
2433.00;230845886_0;633.12;12.09;2225.00;4.35;-45494495_0;5.10;0.00;tripinfo_in_os_to_ba.6;208.00;in_os_to_ba.6;0;1746.52;1.11;0.00;64.91;car;;1;4.00
2436.00;23156305_0;1264.14;9.06;2058.00;0.99;-23142338#2_0;5.10;0.00;tripinfo_in_ns_to_gg.1;378.00;in_ns_to_gg.1;0;3297.24;0.90;0.00;43.89;car;;1;5.00
2438.00;972103805_0;116.86;9.68;2145.00;34.91;803785575#0_0;5.10;0.00;tripinfo_in_od_to_ko.7;293.00;in_od_to_ko.7;0;2307.67;0.97;0.00;66.03;car;;3;22.00
2438.00;23156305_0;1264.14;12.31;2139.00;0.15;-230845886_0;5.10;0.00;tripinfo_in_ba_to_gg.0;299.00;in_ba_to_gg.0;0;2718.65;1.11;0.00;76.44;car;;1;1.00
2439.00;41899283#1_0;148.70;11.33;2229.00;1.50;-23142338#2_0;5.10;0.00;tripinfo_in_ns_to_as.3;210.00;in_ns_to_as.3;0;2009.37;1.04;0.00;35.00;car;;1;6.00
2439.00;28706217_0;94.10;8.50;2243.00;0.85;-230845886_0;5.10;0.00;tripinfo_in_ba_to_sl.8;196.00;in_ba_to_sl.8;0;1934.94;1.12;0.00;35.16;car;;1;2.00
2441.00;28716808#1_0;754.74;10.21;2109.00;19.68;803785575#0_0;5.10;0.00;tripinfo_in_od_to_kl.1;332.00;in_od_to_kl.1;0;2678.40;1.01;0.00;93.55;car;;3;33.00
2443.00;23156305_0;1264.14;9.70;2065.00;4.81;-23142338#2_0;5.10;0.00;tripinfo_in_ns_to_gg.2;378.00;in_ns_to_gg.2;0;3297.24;0.98;0.00;72.15;car;;3;21.00
2443.00;972103805_0;116.86;10.13;2148.00;25.51;803785575#0_0;5.10;0.00;tripinfo_in_od_to_ko.8;295.00;in_od_to_ko.8;0;2307.67;0.94;0.00;63.02;car;;3;21.00
2443.00;23142338#2_0;290.21;8.79;2182.00;14.24;803785575#0_0;5.10;0.00;tripinfo_in_od_to_ns.6;261.00;in_od_to_ns.6;0;1928.29;0.86;0.00;44.43;car;;2;15.00
2445.00;23156305_0;1264.14;10.19;2040.00;4.30;803785575#0_0;5.10;0.00;tripinfo_in_od_to_gg.2;405.00;in_od_to_gg.2;0;3669.96;1.03;0.00;81.68;car;;4;25.00
2447.00;45494495_0;58.90;10.35;2249.00;0.81;-23142338#2_0;5.10;0.00;tripinfo_in_ns_to_os.2;198.00;in_ns_to_os.2;0;1865.82;1.01;0.00;30.35;car;;1;8.00
2448.00;972103805_0;116.86;12.54;2258.00;0.13;-230845886_0;5.10;0.00;tripinfo_in_ba_to_ko.13;190.00;in_ba_to_ko.13;0;2114.29;1.16;0.00;24.64;car;;1;1.00
2452.00;23156390_0;1121.44;8.84;2123.00;0.32;-45494495_0;5.10;0.00;tripinfo_in_os_to_br.3;329.00;in_os_to_br.3;0;2513.69;0.91;0.00;77.71;car;;3;33.00
2452.00;41899283#1_0;148.70;10.28;2151.00;27.96;803785575#0_0;5.10;0.00;tripinfo_in_od_to_as.4;301.00;in_od_to_as.4;0;2382.09;0.98;0.00;81.84;car;;2;14.00
2452.00;28706217_0;94.10;8.13;2263.00;0.71;-230845886_0;5.10;0.00;tripinfo_in_ba_to_sl.9;189.00;in_ba_to_sl.9;0;1934.94;1.07;0.00;21.12;car;;0;0.00
2454.00;45494495_0;58.90;10.19;2274.00;3.06;-230845886_0;5.10;0.00;tripinfo_in_ba_to_os.5;180.00;in_ba_to_os.5;0;1647.96;0.93;0.00;18.97;car;;1;1.00
2455.00;41899283#1_0;148.70;12.10;2228.00;5.59;-45494495_0;5.10;0.00;tripinfo_in_os_to_as.3;227.00;in_os_to_as.3;0;1746.47;1.19;0.00;93.74;car;;2;11.00
2456.00;972103805_0;116.86;13.26;2272.00;3.92;-23142338#2_0;5.10;0.00;tripinfo_in_ns_to_ko.28;184.00;in_ns_to_ko.28;0;1398.55;1.25;0.00;82.79;car;;3;21.00
2457.00;230845886_0;633.12;10.15;2277.00;0.73;-45494495_0;5.10;0.00;tripinfo_in_os_to_ba.7;180.00;in_os_to_ba.7;0;1746.52;0.97;0.00;16.60;car;;0;0.00
2459.00;230845886_0;633.12;11.94;2295.00;0.99;-45494495_0;5.10;0.00;tripinfo_in_os_to_ba.8;164.00;in_os_to_ba.8;0;1746.52;1.13;0.00;24.14;car;;1;1.00
2462.00;28706217_0;94.10;5.98;2043.00;2.03;-23142338#2_0;5.10;0.00;tripinfo_in_ns_to_sl.0;419.00;in_ns_to_sl.0;0;1619.36;0.87;0.00;232.37;car;;1;204.00
2463.00;972103805_0;116.86;9.25;2285.00;0.65;-23142338#2_0;5.10;0.00;tripinfo_in_ns_to_ko.29;178.00;in_ns_to_ko.29;0;1398.55;0.86;0.00;31.36;car;;1;6.00
2466.00;28716808#1_0;754.74;9.38;2124.00;29.56;803785575#0_0;5.10;0.00;tripinfo_in_od_to_kl.2;342.00;in_od_to_kl.2;0;2678.40;0.91;0.00;74.64;car;;1;7.00
2469.00;45494495_0;58.90;9.54;2295.00;0.50;-230845886_0;5.10;0.00;tripinfo_in_ba_to_os.6;174.00;in_ba_to_os.6;0;1647.96;0.93;0.00;14.37;car;;0;0.00
2469.00;41899283#1_0;148.70;11.60;2324.00;4.26;-230845886_0;5.10;0.00;tripinfo_in_ba_to_as.11;145.00;in_ba_to_as.11;0;1430.78;1.11;0.00;27.76;car;;0;0.00
2470.00;28716808#1_0;754.74;9.26;2130.00;27.42;803785575#0_0;5.10;0.00;tripinfo_in_od_to_kl.3;340.00;in_od_to_kl.3;0;2678.40;0.89;0.00;67.68;car;;1;7.00
2471.00;23156305_0;1264.14;10.28;2121.00;0.65;-23142338#2_0;5.10;0.00;tripinfo_in_ns_to_gg.3;350.00;in_ns_to_gg.3;0;3297.24;1.04;0.00;60.07;car;;3;19.00
2472.00;28716808#1_0;754.74;9.13;2139.00;30.75;803785575#0_0;5.10;0.00;tripinfo_in_od_to_kl.4;333.00;in_od_to_kl.4;0;2678.40;0.92;0.00;71.38;car;;1;6.00
2475.00;23156305_0;1264.14;12.22;2129.00;0.66;-45494495_0;5.10;0.00;tripinfo_in_os_to_gg.0;346.00;in_os_to_gg.0;0;3034.34;1.10;0.00;95.51;car;;3;32.00
2476.00;45494495_0;58.90;10.14;2201.00;0.57;803785575#0_0;5.10;0.00;tripinfo_in_od_to_os.12;275.00;in_od_to_os.12;0;969.96;0.97;0.00;184.67;car;;1;164.00
2479.00;23142338#2_0;290.21;10.18;2212.00;4.44;-230845886_0;5.10;0.00;tripinfo_in_ba_to_ns.1;267.00;in_ba_to_ns.1;0;2346.36;1.00;0.00;53.83;car;;2;12.00
2479.00;28716808#1_0;754.74;10.63;2261.00;0.03;-45494495_0;5.10;0.00;tripinfo_in_os_to_kl.0;218.00;in_os_to_kl.0;0;2042.78;1.07;0.00;44.07;car;;2;7.00
2480.00;972103805_0;116.86;9.06;2300.00;1.39;-23142338#2_0;5.10;0.00;tripinfo_in_ns_to_ko.30;180.00;in_ns_to_ko.30;0;1398.55;0.92;0.00;43.29;car;;3;14.00
2481.00;23142338#2_0;290.21;11.17;2238.00;3.15;-230845886_0;5.10;0.00;tripinfo_in_ba_to_ns.2;243.00;in_ba_to_ns.2;0;2346.36;1.07;0.00;43.17;car;;2;10.00
2482.00;45494495_0;58.90;10.10;2218.00;0.02;803785575#0_0;5.10;0.00;tripinfo_in_od_to_os.14;264.00;in_od_to_os.14;0;969.96;0.97;0.00;173.47;car;;5;148.00
2482.00;972103805_0;116.86;10.52;2303.00;0.48;-23142338#2_0;5.10;0.00;tripinfo_in_ns_to_ko.31;179.00;in_ns_to_ko.31;0;1398.55;1.04;0.00;57.79;car;;3;14.00
2484.00;45494495_0;58.90;10.97;2169.00;15.72;803785575#0_0;5.10;0.00;tripinfo_in_od_to_os.11;315.00;in_od_to_os.11;0;969.96;1.10;0.00;234.99;car;;5;212.00
2486.00;972103805_0;116.86;9.01;2187.00;0.93;803785575#0_0;5.10;0.00;tripinfo_in_od_to_ko.9;299.00;in_od_to_ko.9;0;2307.67;0.92;0.00;59.76;car;;2;14.00
2487.00;45494495_0;58.90;11.17;2207.00;2.70;803785575#0_0;5.10;0.00;tripinfo_in_od_to_os.13;280.00;in_od_to_os.13;0;969.96;1.08;0.00;198.29;car;;6;171.00
2490.00;23156305_0;1264.14;11.53;2220.00;0.97;-230845886_0;5.10;0.00;tripinfo_in_ba_to_gg.1;270.00;in_ba_to_gg.1;0;2718.65;1.07;0.00;39.80;car;;0;0.00
2490.00;28716808#1_0;754.74;9.68;2239.00;2.80;-23142338#2_0;5.10;0.00;tripinfo_in_ns_to_kl.2;251.00;in_ns_to_kl.2;0;2315.58;0.97;0.00;34.49;car;;2;5.00
2490.00;23142338#2_0;290.21;10.22;2249.00;3.09;23687583_0;5.10;0.00;tripinfo_in_as_to_ns.4;241.00;in_as_to_ns.4;0;1995.73;0.98;0.00;55.66;car;;4;21.00
2492.00;972103805_0;116.86;12.09;2277.00;5.75;-230845886_0;5.10;0.00;tripinfo_in_ba_to_ko.14;215.00;in_ba_to_ko.14;0;2114.29;1.10;0.00;40.56;car;;1;4.00
2493.00;45494495_0;58.90;12.35;2244.00;0.06;803785575#0_0;5.10;0.00;tripinfo_in_od_to_os.16;249.00;in_od_to_os.16;0;969.96;1.19;0.00;174.39;car;;5;147.00
2497.00;972103805_0;116.86;10.69;2221.00;0.84;803785575#0_0;5.10;0.00;tripinfo_in_od_to_ko.10;276.00;in_od_to_ko.10;0;2307.67;1.07;0.00;70.20;car;;3;18.00
2498.00;23156305_0;1264.14;11.18;2349.00;0.19;23687583_0;5.10;0.00;tripinfo_in_as_to_gg.2;149.00;in_as_to_gg.2;0;1600.87;1.08;0.00;14.35;car;;0;0.00
2500.00;23156305_0;1264.14;11.65;2143.00;1.60;-23142338#2_0;5.10;0.00;tripinfo_in_ns_to_gg.4;357.00;in_ns_to_gg.4;0;3297.24;1.12;0.00;89.39;car;;4;12.00
2501.00;972103805_0;116.86;10.35;2309.00;1.96;-23142338#2_0;5.10;0.00;tripinfo_in_ns_to_ko.32;192.00;in_ns_to_ko.32;0;1398.55;1.03;0.00;68.86;car;;4;27.00
2503.00;972103805_0;116.86;11.68;2318.00;0.98;-23142338#2_0;5.10;0.00;tripinfo_in_ns_to_ko.33;185.00;in_ns_to_ko.33;0;1398.55;1.10;0.00;69.77;car;;5;26.00
2505.00;23142338#2_0;290.21;9.86;2263.00;0.62;803785575#0_0;5.10;0.00;tripinfo_in_od_to_ns.7;242.00;in_od_to_ns.7;0;1928.29;0.94;0.00;44.78;car;;2;11.00
2509.00;972103805_0;116.86;11.10;2285.00;3.05;-230845886_0;5.10;0.00;tripinfo_in_ba_to_ko.15;224.00;in_ba_to_ko.15;0;2114.29;1.09;0.00;48.66;car;;2;8.00
2509.00;28716808#1_0;754.74;11.92;2394.00;3.19;23687583_0;5.10;0.00;tripinfo_in_as_to_kl.3;115.00;in_as_to_kl.3;0;1207.92;1.16;0.00;20.64;car;;0;0.00
2513.00;23156030#6_0;109.07;10.36;2423.00;2.98;-45494495_0;5.10;0.00;tripinfo_in_os_to_od.5;90.00;in_os_to_od.5;0;865.51;1.03;0.00;14.17;car;;1;1.00
2515.00;41899283#1_0;148.70;12.41;2291.00;1.47;-23142338#2_0;5.10;0.00;tripinfo_in_ns_to_as.4;224.00;in_ns_to_as.4;0;2009.37;1.14;0.00;63.42;car;;2;14.00
2516.00;23142338#2_0;290.21;8.63;2256.00;1.58;23687583_0;5.10;0.00;tripinfo_in_as_to_ns.5;260.00;in_as_to_ns.5;0;1995.73;0.89;0.00;55.81;car;;3;16.00
2517.00;23156030#6_0;109.07;9.98;2261.00;0.17;23687583_0;5.10;0.00;tripinfo_in_as_to_od.1;256.00;in_as_to_od.1;0;2357.31;0.93;0.00;26.88;car;;0;0.00
2518.00;23142338#2_0;290.21;9.57;2265.00;0.57;23687583_0;5.10;0.00;tripinfo_in_as_to_ns.6;253.00;in_as_to_ns.6;0;1995.73;0.96;0.00;64.71;car;;3;23.00
2518.00;45494495_0;58.90;10.05;2356.00;0.98;-230845886_0;5.10;0.00;tripinfo_in_ba_to_os.7;162.00;in_ba_to_os.7;0;1647.96;1.02;0.00;15.21;car;;0;0.00
2519.00;972103805_0;116.86;10.69;2321.00;2.94;-23142338#2_0;5.10;0.00;tripinfo_in_ns_to_ko.34;198.00;in_ns_to_ko.34;0;1398.55;1.03;0.00;74.44;car;;4;33.00
2522.00;972103805_0;116.86;10.82;2324.00;4.34;-23142338#2_0;5.10;0.00;tripinfo_in_ns_to_ko.35;198.00;in_ns_to_ko.35;0;1398.55;1.07;0.00;79.04;car;;4;32.00
2524.00;972103805_0;116.86;11.71;2333.00;0.31;-23142338#2_0;5.10;0.00;tripinfo_in_ns_to_ko.36;191.00;in_ns_to_ko.36;0;1398.55;1.07;0.00;71.90;car;;4;30.00
2525.00;230845886_0;633.12;8.62;2332.00;0.77;-45494495_0;5.10;0.00;tripinfo_in_os_to_ba.9;193.00;in_os_to_ba.9;0;1746.52;0.89;0.00;15.51;car;;0;0.00
2527.00;28716808#1_0;754.74;10.41;2353.00;0.16;-230845886_0;5.10;0.00;tripinfo_in_ba_to_kl.1;174.00;in_ba_to_kl.1;0;1727.09;0.98;0.00;14.76;car;;0;0.00
2530.00;45494495_0;58.90;10.22;2362.00;4.86;-230845886_0;5.10;0.00;tripinfo_in_ba_to_os.8;168.00;in_ba_to_os.8;0;1647.96;1.01;0.00;20.59;car;;0;0.00
2534.00;41899283#1_0;148.70;9.67;2340.00;0.24;-45494495_0;5.10;0.00;tripinfo_in_os_to_as.4;194.00;in_os_to_as.4;0;1746.47;0.93;0.00;24.11;car;;1;3.00
2537.00;972103805_0;116.86;11.11;2359.00;0.69;-23142338#2_0;5.10;0.00;tripinfo_in_ns_to_ko.37;178.00;in_ns_to_ko.37;0;1398.55;1.08;0.00;61.77;car;;3;27.00
2541.00;972103805_0;116.86;11.20;2362.00;2.54;-23142338#2_0;5.10;0.00;tripinfo_in_ns_to_ko.38;179.00;in_ns_to_ko.38;0;1398.55;1.02;0.00;54.61;car;;3;24.00
2542.00;972103805_0;116.86;11.36;2392.00;0.42;-23142338#2_0;5.10;0.00;tripinfo_in_ns_to_ko.39;150.00;in_ns_to_ko.39;0;1398.55;1.10;0.00;35.69;car;;1;8.00
2543.00;23156030#6_0;109.07;11.51;2462.00;0.41;-45494495_0;5.10;0.00;tripinfo_in_os_to_od.6;81.00;in_os_to_od.6;0;865.51;1.06;0.00;7.04;car;;0;0.00
2546.00;28706217_0;94.10;7.56;2246.00;1.78;23687583_0;5.10;0.00;tripinfo_in_as_to_sl.9;300.00;in_as_to_sl.9;0;1976.75;0.97;0.00;111.65;car;;4;72.00
2546.00;23156390_0;1121.44;8.41;2352.00;1.36;23687583_0;5.10;0.00;tripinfo_in_as_to_br.1;194.00;in_as_to_br.1;0;1694.48;0.87;0.00;17.24;car;;0;0.00
2550.00;972103805_0;116.86;11.03;2307.00;5.36;-230845886_0;5.10;0.00;tripinfo_in_ba_to_ko.16;243.00;in_ba_to_ko.16;0;2114.29;1.00;0.00;51.21;car;;3;19.00
2551.00;23156305_0;1264.14;8.78;2073.00;14.98;803785575#0_0;5.10;0.00;tripinfo_in_od_to_gg.3;478.00;in_od_to_gg.3;0;3669.96;0.85;0.00;84.00;car;;3;29.00
2553.00;23156305_0;1264.14;9.99;2079.00;15.68;803785575#0_0;5.10;0.00;tripinfo_in_od_to_gg.4;474.00;in_od_to_gg.4;0;3669.96;1.00;0.00;141.77;car;;3;26.00
2554.00;23142338#2_0;290.21;9.97;2270.00;0.85;-45494495_0;5.10;0.00;tripinfo_in_os_to_ns.2;284.00;in_os_to_ns.2;0;1665.91;0.99;0.00;119.73;car;;5;55.00
2555.00;23156305_0;1264.14;10.66;2246.00;2.82;-230845886_0;5.10;0.00;tripinfo_in_ba_to_gg.2;309.00;in_ba_to_gg.2;0;2718.65;1.02;0.00;66.02;car;;1;3.00
2555.00;28706217_0;94.10;6.20;2413.00;1.78;-45494495_0;5.10;0.00;tripinfo_in_os_to_sl.2;142.00;in_os_to_sl.2;0;484.95;0.77;0.00;78.75;car;;2;62.00
2556.00;23142338#2_0;290.21;10.60;2313.00;2.83;-230845886_0;5.10;0.00;tripinfo_in_ba_to_ns.3;243.00;in_ba_to_ns.3;0;2346.36;1.03;0.00;37.38;car;;2;8.00
2557.00;23156305_0;1264.14;11.12;2094.00;17.95;803785575#0_0;5.10;0.00;tripinfo_in_od_to_gg.5;463.00;in_od_to_gg.5;0;3669.96;1.03;0.00;140.17;car;;2;25.00
2557.00;28706217_0;94.10;8.80;2253.00;0.95;23687583_0;5.10;0.00;tripinfo_in_as_to_sl.10;304.00;in_as_to_sl.10;0;1976.75;1.07;0.00;131.74;car;;4;70.00
2557.00;23156030#6_1;109.07;12.94;2480.00;0.69;-45494495_0;5.10;0.00;tripinfo_in_os_to_od.7;77.00;in_os_to_od.7;0;865.51;1.20;0.00;11.81;car;;0;0.00
2558.00;23156305_0;1264.14;12.44;2271.00;0.12;-230845886_0;5.10;0.00;tripinfo_in_ba_to_gg.3;287.00;in_ba_to_gg.3;0;2718.65;1.14;0.00;69.78;car;;0;0.00
2559.00;23156030#6_0;109.07;9.32;2297.00;0.56;23687583_0;5.10;0.00;tripinfo_in_as_to_od.2;262.00;in_as_to_od.2;0;2357.31;0.95;0.00;38.52;car;;1;5.00
2559.00;41899283#1_0;148.70;11.29;2306.00;3.37;-23142338#2_0;5.10;0.00;tripinfo_in_ns_to_as.5;253.00;in_ns_to_as.5;0;2009.37;1.04;0.00;77.09;car;;5;31.00
2560.00;28706217_0;94.10;7.54;2291.00;0.55;-230845886_0;5.10;0.00;tripinfo_in_ba_to_sl.10;269.00;in_ba_to_sl.10;0;1934.94;0.95;0.00;78.34;car;;2;48.00
2561.00;23156305_0;1264.14;9.48;2192.00;3.76;-45494495_0;5.10;0.00;tripinfo_in_os_to_gg.1;369.00;in_os_to_gg.1;0;3034.34;0.96;0.00;81.41;car;;2;11.00
2561.00;972103805_0;116.86;9.61;2253.00;1.11;803785575#0_0;5.10;0.00;tripinfo_in_od_to_ko.11;308.00;in_od_to_ko.11;0;2307.67;0.87;0.00;56.74;car;;3;19.00
2562.00;972103805_0;116.86;11.38;2202.00;0.51;-45494495_0;5.10;0.00;tripinfo_in_os_to_ko.1;360.00;in_os_to_ko.1;0;2045.29;1.05;0.00;173.96;car;;7;74.00
2562.00;28706217_0;94.10;7.65;2304.00;2.50;-230845886_0;5.10;0.00;tripinfo_in_ba_to_sl.11;258.00;in_ba_to_sl.11;0;1934.94;1.01;0.00;79.88;car;;2;44.00
2563.00;23156305_0;1264.14;12.19;2243.00;0.07;-45494495_0;5.10;0.00;tripinfo_in_os_to_gg.2;320.00;in_os_to_gg.2;0;3034.34;1.18;0.00;86.65;car;;2;7.00
2563.00;230845886_0;633.12;8.60;2262.00;0.97;-23142338#2_0;5.10;0.00;tripinfo_in_ns_to_ba.0;301.00;in_ns_to_ba.0;0;2340.42;0.80;0.00;39.02;car;;1;6.00
2564.00;28706217_0;94.10;7.79;2271.00;1.29;23687583_0;5.10;0.00;tripinfo_in_as_to_sl.11;293.00;in_as_to_sl.11;0;1976.75;0.95;0.00;100.72;car;;4;54.00
2565.00;972103805_0;116.86;10.05;2396.00;0.46;-23142338#2_0;5.10;0.00;tripinfo_in_ns_to_ko.40;169.00;in_ns_to_ko.40;0;1398.55;0.96;0.00;36.62;car;;2;11.00
2567.00;972103805_0;116.86;11.19;2408.00;1.78;-23142338#2_0;5.10;0.00;tripinfo_in_ns_to_ko.41;159.00;in_ns_to_ko.41;0;1398.55;1.04;0.00;37.16;car;;2;7.00
2568.00;28706217_0;94.10;6.95;2465.00;2.65;-45494495_0;5.10;0.00;tripinfo_in_os_to_sl.3;103.00;in_os_to_sl.3;0;484.95;0.97;0.00;52.44;car;;1;33.00
2569.00;972103805_0;116.86;10.33;2424.00;0.95;-23142338#2_0;5.10;0.00;tripinfo_in_ns_to_ko.42;145.00;in_ns_to_ko.42;0;1398.55;1.01;0.00;20.11;car;;0;0.00
2571.00;972103805_0;116.86;11.39;2427.00;0.80;-23142338#2_0;5.10;0.00;tripinfo_in_ns_to_ko.43;144.00;in_ns_to_ko.43;0;1398.55;1.06;0.00;24.66;car;;0;0.00
2572.00;45494495_0;58.90;11.03;2344.00;0.61;-23142338#2_0;5.10;0.00;tripinfo_in_ns_to_os.3;228.00;in_ns_to_os.3;0;1865.82;1.03;0.00;64.02;car;;3;22.00
2574.00;23142338#2_0;290.21;9.87;2333.00;0.94;23687583_0;5.10;0.00;tripinfo_in_as_to_ns.7;241.00;in_as_to_ns.7;0;1995.73;0.95;0.00;50.27;car;;3;22.00
2575.00;28706217_0;94.10;6.87;2288.00;0.97;23687583_0;5.10;0.00;tripinfo_in_as_to_sl.12;287.00;in_as_to_sl.12;0;1976.75;0.92;0.00;87.72;car;;4;43.00
2575.00;972103805_0;116.86;8.89;2329.00;0.54;-230845886_0;5.10;0.00;tripinfo_in_ba_to_ko.17;246.00;in_ba_to_ko.17;0;2114.29;0.90;0.00;33.04;car;;2;5.00
2576.00;45494495_0;58.90;10.93;2401.00;0.75;23687583_0;5.10;0.00;tripinfo_in_as_to_os.5;175.00;in_as_to_os.5;0;1689.77;1.01;0.00;24.59;car;;1;1.00
2577.00;28706217_0;94.10;7.51;2291.00;3.47;23687583_0;5.10;0.00;tripinfo_in_as_to_sl.13;286.00;in_as_to_sl.13;0;1976.75;1.02;0.00;106.29;car;;3;37.00
2577.00;972103805_0;116.86;11.48;2337.00;0.86;-230845886_0;5.10;0.00;tripinfo_in_ba_to_ko.18;240.00;in_ba_to_ko.18;0;2114.29;1.14;0.00;70.62;car;;1;2.00
2577.00;28716808#1_0;754.74;11.26;2383.00;1.99;-230845886_0;5.10;0.00;tripinfo_wu_ba_to_kl.2;194.00;wu_ba_to_kl.2;0;1727.09;1.10;0.00;51.54;car;;1;6.00
2578.00;230845886_0;633.12;11.19;2397.00;3.27;-45494495_0;5.10;0.00;tripinfo_in_os_to_ba.10;181.00;in_os_to_ba.10;0;1746.52;1.04;0.00;27.84;car;;1;4.00
2579.00;23142338#2_0;290.21;10.97;2369.00;0.69;-45494495_0;5.10;0.00;tripinfo_in_os_to_ns.3;210.00;in_os_to_ns.3;0;1665.91;0.99;0.00;46.25;car;;3;15.00
2580.00;28706217_0;94.10;8.04;2320.00;0.14;23687583_0;5.10;0.00;tripinfo_in_as_to_sl.14;260.00;in_as_to_sl.14;0;1976.75;1.04;0.00;84.41;car;;4;36.00
2580.00;972103805_0;116.86;10.92;2342.00;4.19;-230845886_0;5.10;0.00;tripinfo_in_ba_to_ko.19;238.00;in_ba_to_ko.19;0;2114.29;1.01;0.00;47.53;car;;1;8.00
2580.00;45494495_0;58.90;11.36;2411.00;0.78;23687583_0;5.10;0.00;tripinfo_in_as_to_os.6;169.00;in_as_to_os.6;0;1689.77;1.08;0.00;27.40;car;;1;5.00
2581.00;23142338#2_0;290.21;10.54;2345.00;2.43;-230845886_0;5.10;0.00;tripinfo_in_ba_to_ns.4;236.00;in_ba_to_ns.4;0;2346.36;1.05;0.00;33.05;car;;1;6.00
2583.00;45494495_0;58.90;10.46;2419.00;0.14;23687583_0;5.10;0.00;tripinfo_in_as_to_os.7;164.00;in_as_to_os.7;0;1689.77;1.05;0.00;17.49;car;;0;0.00
2585.00;28706217_0;94.10;7.41;2316.00;0.34;-230845886_0;5.10;0.00;tripinfo_in_ba_to_sl.12;269.00;in_ba_to_sl.12;0;1934.94;0.98;0.00;85.05;car;;3;30.00
2586.00;972103805_0;116.86;9.66;2433.00;4.16;-23142338#2_0;5.10;0.00;tripinfo_in_ns_to_ko.44;153.00;in_ns_to_ko.44;0;1398.55;0.90;0.00;12.95;car;;0;0.00
2587.00;28716808#1_0;754.74;10.86;2312.00;1.65;-23142338#2_0;5.10;0.00;tripinfo_in_ns_to_kl.3;275.00;in_ns_to_kl.3;0;2315.58;1.05;0.00;75.27;car;;4;22.00
2589.00;23142338#2_0;290.21;10.32;2378.00;0.71;23687583_0;5.10;0.00;tripinfo_in_as_to_ns.8;211.00;in_as_to_ns.8;0;1995.73;1.01;0.00;30.88;car;;2;6.00
2589.00;28706217_0;94.10;8.23;2510.00;0.47;-45494495_0;5.10;0.00;tripinfo_in_os_to_sl.4;79.00;in_os_to_sl.4;0;484.95;1.04;0.00;31.97;car;;0;0.00
2590.00;23156030#6_0;109.07;10.38;2343.00;2.66;23687583_0;5.10;0.00;tripinfo_in_as_to_od.3;247.00;in_as_to_od.3;0;2357.31;0.99;0.00;32.62;car;;1;6.00
2593.00;23156390_0;1121.44;10.40;2315.00;0.62;-45494495_0;5.10;0.00;tripinfo_in_os_to_br.4;278.00;in_os_to_br.4;0;2513.69;0.95;0.00;38.42;car;;2;6.00
2593.00;41899283#1_0;148.70;9.68;2393.00;1.20;-45494495_0;5.10;0.00;tripinfo_in_os_to_as.5;200.00;in_os_to_as.5;0;1746.47;0.97;0.00;36.86;car;;2;11.00
2594.00;28706217_0;94.10;7.47;2369.00;8.55;-230845886_0;5.10;0.00;tripinfo_in_ba_to_sl.13;225.00;in_ba_to_sl.13;0;1934.94;0.98;0.00;40.42;car;;1;1.00
2595.00;230845886_0;633.12;10.70;2437.00;2.60;23687583_0;5.10;0.00;tripinfo_in_as_to_ba.7;158.00;in_as_to_ba.7;0;1356.50;0.97;0.00;31.82;car;;2;12.00
2597.00;230845886_0;633.12;11.91;2420.00;0.98;-45494495_0;5.10;0.00;tripinfo_in_os_to_ba.11;177.00;in_os_to_ba.11;0;1746.52;1.08;0.00;30.70;car;;1;7.00
2603.00;972103805_0;116.86;10.30;2356.00;0.64;-45494495_0;5.10;0.00;tripinfo_in_os_to_ko.2;247.00;in_os_to_ko.2;0;2045.29;1.00;0.00;50.67;car;;2;8.00
2609.00;28706217_0;94.10;8.02;2391.00;0.61;23687583_0;5.10;0.00;tripinfo_in_as_to_sl.15;218.00;in_as_to_sl.15;0;1976.75;0.98;0.00;30.33;car;;2;6.00
2609.00;41899283#1_0;148.70;11.50;2410.00;0.21;-45494495_0;5.10;0.00;tripinfo_in_os_to_as.7;199.00;in_os_to_as.7;0;1746.47;1.04;0.00;46.94;car;;2;10.00
2610.00;45494495_0;58.90;9.23;2402.00;0.66;-230845886_0;5.10;0.00;tripinfo_in_ba_to_os.9;208.00;in_ba_to_os.9;0;1647.96;0.90;0.00;42.55;car;;2;7.00
2611.00;28706217_0;94.10;7.01;2398.00;0.19;23687583_0;5.10;0.00;tripinfo_in_as_to_sl.16;213.00;in_as_to_sl.16;0;1976.75;0.98;0.00;25.17;car;;0;0.00
2612.00;23156305_0;1264.14;10.80;2310.00;0.83;-45494495_0;5.10;0.00;tripinfo_in_os_to_gg.3;302.00;in_os_to_gg.3;0;3034.34;1.02;0.00;32.36;car;;1;5.00
2617.00;41899283#1_0;148.70;9.44;2400.00;3.58;-45494495_0;5.10;0.00;tripinfo_in_os_to_as.6;217.00;in_os_to_as.6;0;1746.47;0.89;0.00;38.13;car;;2;11.00
2618.00;28706217_0;94.10;7.71;2380.00;8.58;-230845886_0;5.10;0.00;tripinfo_in_ba_to_sl.14;238.00;in_ba_to_sl.14;0;1934.94;0.97;0.00;52.41;car;;1;6.00
2619.00;41899283#1_0;148.70;10.55;2436.00;3.21;-230845886_0;5.10;0.00;tripinfo_in_ba_to_as.13;183.00;in_ba_to_as.13;0;1430.78;1.01;0.00;54.84;car;;1;7.00
2624.00;23156030#6_0;109.07;10.74;2140.00;1.26;-23142338#2_0;5.10;0.00;tripinfo_in_ns_to_od.0;484.00;in_ns_to_od.0;0;2005.01;1.05;0.00;300.51;car;;4;237.00
2626.00;23156390_0;1121.44;8.21;2422.00;1.65;23687583_0;5.10;0.00;tripinfo_in_as_to_br.2;204.00;in_as_to_br.2;0;1694.48;0.86;0.00;24.13;car;;1;5.00
2626.00;972103805_0;116.86;11.92;2446.00;3.36;-23142338#2_0;5.10;0.00;tripinfo_in_ns_to_ko.45;180.00;in_ns_to_ko.45;0;1398.55;1.12;0.00;67.14;car;;2;9.00
2631.00;972103805_0;116.86;9.44;2449.00;3.10;-23142338#2_0;5.10;0.00;tripinfo_in_ns_to_ko.46;182.00;in_ns_to_ko.46;0;1398.55;0.90;0.00;42.21;car;;2;8.00
2632.00;41899283#1_0;148.70;7.14;2424.00;2.55;-230845886_0;5.10;0.00;tripinfo_in_ba_to_as.12;208.00;in_ba_to_as.12;0;1430.78;0.72;0.00;28.67;car;;1;3.00
2634.00;23156305_0;1264.14;10.74;2275.00;6.25;-23142338#2_0;5.10;0.00;tripinfo_in_ns_to_gg.5;359.00;in_ns_to_gg.5;0;3297.24;1.00;0.00;59.97;car;;2;11.00
2634.00;972103805_0;116.86;9.74;2453.00;0.60;-23142338#2_0;5.10;0.00;tripinfo_in_ns_to_ko.47;181.00;in_ns_to_ko.47;0;1398.55;0.95;0.00;48.45;car;;1;6.00
2636.00;972103805_0;116.86;10.05;2380.00;0.33;-45494495_0;5.10;0.00;tripinfo_in_os_to_ko.3;256.00;in_os_to_ko.3;0;2045.29;1.01;0.00;60.94;car;;2;8.00
2636.00;41899283#1_0;148.70;10.63;2478.00;2.54;-230845886_0;5.10;0.00;tripinfo_in_ba_to_as.14;158.00;in_ba_to_as.14;0;1430.78;1.04;0.00;33.46;car;;0;0.00
2639.00;45494495_0;58.90;10.52;2428.00;6.28;23687583_0;5.10;0.00;tripinfo_in_as_to_os.8;211.00;in_as_to_os.8;0;1689.77;1.05;0.00;65.11;car;;2;8.00
2639.00;23142338#2_0;290.21;10.86;2434.00;4.36;23687583_0;5.10;0.00;tripinfo_in_as_to_ns.9;205.00;in_as_to_ns.9;0;1995.73;1.07;0.00;34.44;car;;2;5.00
2642.00;45494495_0;58.90;11.49;2433.00;7.62;-230845886_0;5.10;0.00;tripinfo_in_ba_to_os.11;209.00;in_ba_to_os.11;0;1647.96;1.15;0.00;78.30;car;;1;8.00
2645.00;230845886_0;633.12;10.54;2339.00;0.55;-23142338#2_0;5.10;0.00;tripinfo_in_ns_to_ba.1;306.00;in_ns_to_ba.1;0;2340.42;0.97;0.00;89.93;car;;3;49.00
2649.00;28716808#1_0;754.74;10.85;2402.00;1.79;-23142338#2_0;5.10;0.00;tripinfo_in_ns_to_kl.4;247.00;in_ns_to_kl.4;0;2315.58;1.00;0.00;37.73;car;;2;6.00
2650.00;45494495_0;58.90;6.78;2415.00;0.71;-230845886_0;5.10;0.00;tripinfo_in_ba_to_os.10;235.00;in_ba_to_os.10;0;1647.96;0.69;0.00;20.60;car;;0;0.00
2650.00;972103805_0;116.86;9.23;2469.00;0.96;-23142338#2_0;5.10;0.00;tripinfo_in_ns_to_ko.48;181.00;in_ns_to_ko.48;0;1398.55;0.93;0.00;44.42;car;;2;17.00
2653.00;972103805_0;116.86;9.46;2481.00;3.46;-23142338#2_0;5.10;0.00;tripinfo_in_ns_to_ko.49;172.00;in_ns_to_ko.49;0;1398.55;0.89;0.00;30.25;car;;1;7.00
2654.00;972103805_0;116.86;11.23;2484.00;2.69;-23142338#2_0;5.10;0.00;tripinfo_in_ns_to_ko.50;170.00;in_ns_to_ko.50;0;1398.55;1.05;0.00;50.53;car;;1;6.00
2660.00;41899283#1_0;148.70;8.70;2494.00;3.77;-230845886_0;5.10;0.00;tripinfo_in_ba_to_as.15;166.00;in_ba_to_as.15;0;1430.78;0.90;0.00;21.19;car;;0;0.00
2664.00;41899283#1_0;148.70;9.70;2436.00;5.17;-23142338#2_0;5.10;0.00;tripinfo_in_ns_to_as.6;228.00;in_ns_to_as.6;0;2009.37;0.99;0.00;42.12;car;;2;11.00
2668.00;972103805_0;116.86;7.60;2374.00;8.73;-230845886_0;5.10;0.00;tripinfo_in_ba_to_ko.20;294.00;in_ba_to_ko.20;0;2114.29;0.72;0.00;26.77;car;;0;0.00
2669.00;45494495_0;58.90;8.44;2463.00;4.63;-230845886_0;5.10;0.00;tripinfo_in_ba_to_os.12;206.00;in_ba_to_os.12;0;1647.96;0.82;0.00;24.39;car;;0;0.00
2670.00;972103805_0;116.86;10.92;2387.00;0.34;-230845886_0;5.10;0.00;tripinfo_in_ba_to_ko.21;283.00;in_ba_to_ko.21;0;2114.29;1.06;0.00;101.32;car;;3;10.00
2672.00;972103805_0;116.86;10.19;2386.00;0.82;-45494495_0;5.10;0.00;tripinfo_in_os_to_ko.4;286.00;in_os_to_ko.4;0;2045.29;0.96;0.00;82.04;car;;3;39.00
2674.00;972103805_0;116.86;10.17;2278.00;2.78;803785575#0_0;5.10;0.00;tripinfo_in_od_to_ko.12;396.00;in_od_to_ko.12;0;2307.67;1.01;0.00;178.73;car;;3;122.00
2676.00;972103805_0;116.86;11.15;2281.00;4.87;803785575#0_0;5.10;0.00;tripinfo_in_od_to_ko.13;395.00;in_od_to_ko.13;0;2307.67;1.11;0.00;195.84;car;;4;122.00
2676.00;28706217_0;94.10;8.35;2431.00;1.93;23687583_0;5.10;0.00;tripinfo_in_as_to_sl.17;245.00;in_as_to_sl.17;0;1976.75;1.11;0.00;79.25;car;;2;7.00
2680.00;28706217_0;94.10;8.67;2440.00;4.97;23687583_0;5.10;0.00;tripinfo_in_as_to_sl.18;240.00;in_as_to_sl.18;0;1976.75;1.05;0.00;64.69;car;;2;4.00
2682.00;972103805_0;116.86;9.66;2390.00;1.83;-230845886_0;5.10;0.00;tripinfo_in_ba_to_ko.22;292.00;in_ba_to_ko.22;0;2114.29;0.90;0.00;78.54;car;;3;20.00
2683.00;972103805_0;116.86;9.66;2398.00;0.05;-230845886_0;5.10;0.00;tripinfo_in_ba_to_ko.23;285.00;in_ba_to_ko.23;0;2114.29;0.97;0.00;86.25;car;;5;27.00
2686.00;41899283#1_0;148.70;10.54;2458.00;0.38;-23142338#2_0;5.10;0.00;tripinfo_in_ns_to_as.7;228.00;in_ns_to_as.7;0;2009.37;1.03;0.00;49.81;car;;2;10.00
2686.00;45494495_0;58.90;10.79;2512.00;2.50;-230845886_0;5.10;0.00;tripinfo_in_ba_to_os.13;174.00;in_ba_to_os.13;0;1647.96;1.07;0.00;34.59;car;;0;0.00
2687.00;972103805_0;116.86;9.82;2418.00;0.09;-230845886_0;5.10;0.00;tripinfo_in_ba_to_ko.24;269.00;in_ba_to_ko.24;0;2114.29;0.95;0.00;66.55;car;;1;11.00
2689.00;41899283#1_0;148.70;11.28;2525.00;1.66;-230845886_0;5.10;0.00;tripinfo_in_ba_to_as.16;164.00;in_ba_to_as.16;0;1430.78;1.04;0.00;38.76;car;;1;6.00
2690.00;972103805_0;116.86;9.47;2518.00;1.53;-23142338#2_0;5.10;0.00;tripinfo_in_ns_to_ko.51;172.00;in_ns_to_ko.51;0;1398.55;0.92;0.00;34.70;car;;2;10.00
2693.00;230845886_0;633.12;10.96;2163.00;14.02;803785575#0_0;5.10;0.00;tripinfo_in_od_to_ba.5;530.00;in_od_to_ba.5;0;2382.14;1.01;0.00;315.92;car;;4;263.00
2693.00;972103805_0;116.86;9.58;2522.00;0.68;-23142338#2_0;5.10;0.00;tripinfo_in_ns_to_ko.52;171.00;in_ns_to_ko.52;0;1398.55;0.92;0.00;33.34;car;;1;8.00
2696.00;972103805_0;116.86;10.35;2551.00;0.11;-23142338#2_0;5.10;0.00;tripinfo_in_ns_to_ko.53;145.00;in_ns_to_ko.53;0;1398.55;0.97;0.00;14.32;car;;0;0.00
2697.00;41899283#1_0;148.70;10.14;2543.00;0.78;-230845886_0;5.10;0.00;tripinfo_in_ba_to_as.17;154.00;in_ba_to_as.17;0;1430.78;1.00;0.00;24.53;car;;0;0.00
2701.00;230845886_0;633.12;10.04;2166.00;16.98;803785575#0_0;5.10;0.00;tripinfo_in_od_to_ba.6;535.00;in_od_to_ba.6;0;2382.14;0.97;0.00;313.66;car;;6;263.00
2703.00;23142338#2_0;290.21;11.68;2421.00;2.88;-230845886_0;5.10;0.00;tripinfo_in_ba_to_ns.5;282.00;in_ba_to_ns.5;0;2346.36;1.06;0.00;80.80;car;;2;8.00
2703.00;28706217_0;94.10;7.80;2475.00;6.00;-230845886_0;5.10;0.00;tripinfo_in_ba_to_sl.15;228.00;in_ba_to_sl.15;0;1934.94;0.98;0.00;43.96;car;;0;0.00
2707.00;972103805_0;116.86;11.09;2554.00;2.18;-23142338#2_0;5.10;0.00;tripinfo_in_ns_to_ko.54;153.00;in_ns_to_ko.54;0;1398.55;1.05;0.00;32.92;car;;1;9.00
2708.00;28706217_0;94.10;7.64;2485.00;2.44;-230845886_0;5.10;0.00;tripinfo_in_ba_to_sl.16;223.00;in_ba_to_sl.16;0;1934.94;1.02;0.00;45.82;car;;0;0.00
2708.00;45494495_0;58.90;10.35;2531.00;2.88;-230845886_0;5.10;0.00;tripinfo_in_ba_to_os.14;177.00;in_ba_to_os.14;0;1647.96;0.98;0.00;25.15;car;;0;0.00
2710.00;41899283#1_0;148.70;9.68;2179.00;17.24;803785575#0_0;5.10;0.00;tripinfo_in_od_to_as.5;531.00;in_od_to_as.5;0;2382.09;0.93;0.00;299.31;car;;5;229.00
2710.00;28706217_0;94.10;8.01;2488.00;3.98;-230845886_0;5.10;0.00;tripinfo_in_ba_to_sl.17;222.00;in_ba_to_sl.17;0;1934.94;1.08;0.00;55.59;car;;0;0.00
2711.00;230845886_0;633.12;8.71;2436.00;0.82;-45494495_0;5.10;0.00;tripinfo_in_os_to_ba.12;275.00;in_os_to_ba.12;0;1746.52;0.88;0.00;94.91;car;;4;55.00
2720.00;230845886_0;633.12;10.54;2224.00;1.51;803785575#0_0;5.10;0.00;tripinfo_in_od_to_ba.7;496.00;in_od_to_ba.7;0;2382.14;1.02;0.00;284.04;car;;9;184.00
2724.00;41899283#1_0;148.70;9.36;2563.00;1.22;-230845886_0;5.10;0.00;tripinfo_in_ba_to_as.18;161.00;in_ba_to_as.18;0;1430.78;0.93;0.00;21.44;car;;1;5.00
2725.00;972103805_0;116.86;8.46;2454.00;0.90;-230845886_0;5.10;0.00;tripinfo_in_ba_to_ko.25;271.00;in_ba_to_ko.25;0;2114.29;0.85;0.00;45.38;car;;2;12.00
2727.00;972103805_0;116.86;12.15;2457.00;2.06;-230845886_0;5.10;0.00;tripinfo_in_ba_to_ko.26;270.00;in_ba_to_ko.26;0;2114.29;1.21;0.00;110.52;car;;3;18.00
2727.00;41899283#1_0;148.70;10.06;2568.00;0.58;-230845886_0;5.10;0.00;tripinfo_in_ba_to_as.19;159.00;in_ba_to_as.19;0;1430.78;0.96;0.00;23.66;car;;1;4.00
2729.00;41899283#1_0;148.70;10.80;2212.00;0.42;803785575#0_0;5.10;0.00;tripinfo_in_od_to_as.6;517.00;in_od_to_as.6;0;2382.09;1.03;0.00;308.21;car;;12;210.00
2729.00;972103805_0;116.86;10.70;2460.00;4.99;-230845886_0;5.10;0.00;tripinfo_in_ba_to_ko.27;269.00;in_ba_to_ko.27;0;2114.29;0.97;0.00;69.57;car;;3;16.00
2731.00;41899283#1_0;148.70;10.07;2457.00;0.39;-45494495_0;5.10;0.00;tripinfo_in_os_to_as.8;274.00;in_os_to_as.8;0;1746.47;1.00;0.00;114.80;car;;4;46.00
2731.00;972103805_0;116.86;11.16;2590.00;0.05;-23142338#2_0;5.10;0.00;tripinfo_in_ns_to_ko.55;141.00;in_ns_to_ko.55;0;1398.55;1.05;0.00;20.23;car;;1;2.00
2733.00;230845886_0;633.12;11.85;2547.00;0.56;-45494495_0;5.10;0.00;tripinfo_in_os_to_ba.13;186.00;in_os_to_ba.13;0;1746.52;1.08;0.00;39.26;car;;1;4.00
2733.00;972103805_0;116.86;10.94;2593.00;2.31;-23142338#2_0;5.10;0.00;tripinfo_in_ns_to_ko.56;140.00;in_ns_to_ko.56;0;1398.55;1.10;0.00;24.52;car;;1;1.00
2735.00;41899283#1_0;148.70;9.74;2266.00;2.20;803785575#0_0;5.10;0.00;tripinfo_in_od_to_as.7;469.00;in_od_to_as.7;0;2382.09;0.96;0.00;243.14;car;;5;156.00
2735.00;972103805_0;116.86;12.73;2596.00;0.04;-23142338#2_0;5.10;0.00;tripinfo_in_ns_to_ko.57;139.00;in_ns_to_ko.57;0;1398.55;1.16;0.00;29.69;car;;0;0.00
2737.00;41899283#1_0;148.70;11.46;2525.00;1.44;-23142338#2_0;5.10;0.00;tripinfo_in_ns_to_as.8;212.00;in_ns_to_as.8;0;2009.37;1.08;0.00;43.00;car;;1;2.00
2737.00;45494495_0;58.90;11.85;2573.00;0.56;-230845886_0;5.10;0.00;tripinfo_in_ba_to_os.15;164.00;in_ba_to_os.15;0;1647.96;1.09;0.00;26.19;car;;0;0.00
2738.00;972103805_0;116.86;11.51;2472.00;6.43;-230845886_0;5.10;0.00;tripinfo_in_ba_to_ko.28;266.00;in_ba_to_ko.28;0;2114.29;1.05;0.00;83.34;car;;4;21.00
2743.00;23156390_0;1121.44;9.35;2416.00;4.27;-45494495_0;5.10;0.00;tripinfo_in_os_to_br.5;327.00;in_os_to_br.5;0;2513.69;0.88;0.00;66.77;car;;1;33.00
2743.00;28716808#1_0;754.74;11.37;2454.00;1.69;-45494495_0;5.10;0.00;tripinfo_in_os_to_kl.1;289.00;in_os_to_kl.1;0;2042.78;1.06;0.00;114.22;car;;4;46.00
2743.00;41899283#1_0;148.70;10.03;2507.00;0.56;-45494495_0;5.10;0.00;tripinfo_in_os_to_as.9;236.00;in_os_to_as.9;0;1746.47;0.94;0.00;68.24;car;;2;30.00
2745.00;23156390_0;1121.44;11.06;2160.00;14.14;803785575#0_0;5.10;0.00;tripinfo_in_od_to_br.0;585.00;in_od_to_br.0;0;3149.31;1.02;0.00;304.73;car;;3;239.00
2745.00;972103805_0;116.86;10.44;2482.00;0.20;-230845886_0;5.10;0.00;tripinfo_in_ba_to_ko.29;263.00;in_ba_to_ko.29;0;2114.29;0.98;0.00;67.09;car;;2;14.00
2747.00;28706217_0;94.10;7.68;2546.00;3.55;-230845886_0;5.10;0.00;tripinfo_in_ba_to_sl.18;201.00;in_ba_to_sl.18;0;1934.94;1.00;0.00;21.29;car;;0;0.00
2749.00;972103805_0;116.86;9.37;2403.00;0.57;-45494495_0;5.10;0.00;tripinfo_in_os_to_ko.5;346.00;in_os_to_ko.5;0;2045.29;0.92;0.00;133.72;car;;4;92.00
2751.00;972103805_0;116.86;12.13;2607.00;0.02;-23142338#2_0;5.10;0.00;tripinfo_in_ns_to_ko.58;144.00;in_ns_to_ko.58;0;1398.55;1.13;0.00;31.90;car;;1;9.00
2752.00;972103805_0;116.86;11.92;2610.00;2.80;-23142338#2_0;5.10;0.00;tripinfo_in_ns_to_ko.59;142.00;in_ns_to_ko.59;0;1398.55;1.10;0.00;27.62;car;;1;5.00
2759.00;972103805_0;116.86;11.42;2497.00;4.77;-230845886_0;5.10;0.00;tripinfo_in_ba_to_ko.30;262.00;in_ba_to_ko.30;0;2114.29;1.07;0.00;81.40;car;;3;17.00
2759.00;230845886_0;633.12;10.03;2505.00;1.52;-23142338#2_0;5.10;0.00;tripinfo_in_ns_to_ba.2;254.00;in_ns_to_ba.2;0;2340.42;0.94;0.00;30.61;car;;1;8.00
2761.00;45494495_0;58.90;9.55;2582.00;0.38;-230845886_0;5.10;0.00;tripinfo_in_ba_to_os.16;179.00;in_ba_to_os.16;0;1647.96;0.91;0.00;15.46;car;;0;0.00
2761.00;28706217_0;94.10;8.05;2702.00;3.23;-45494495_0;5.10;0.00;tripinfo_in_os_to_sl.5;59.00;in_os_to_sl.5;0;484.95;1.02;0.00;11.24;car;;1;1.00
2762.00;972103805_0;116.86;10.61;2503.00;7.90;-230845886_0;5.10;0.00;tripinfo_in_ba_to_ko.31;259.00;in_ba_to_ko.31;0;2114.29;1.07;0.00;78.52;car;;3;18.00
2765.00;972103805_0;116.86;11.34;2506.00;10.01;-230845886_0;5.10;0.00;tripinfo_in_ba_to_ko.32;259.00;in_ba_to_ko.32;0;2114.29;1.04;0.00;73.78;car;;3;15.00
2766.00;45494495_0;58.90;10.82;2607.00;3.46;-230845886_0;5.10;0.00;tripinfo_in_ba_to_os.17;159.00;in_ba_to_os.17;0;1647.96;1.02;0.00;12.59;car;;0;0.00
2770.00;23156305_0;1264.14;9.70;2411.00;2.60;-23142338#2_0;5.10;0.00;tripinfo_in_ns_to_gg.6;359.00;in_ns_to_gg.6;0;3297.24;0.92;0.00;32.37;car;;0;0.00
2770.00;28706217_0;94.10;7.56;2549.00;2.98;-230845886_0;5.10;0.00;tripinfo_in_ba_to_sl.19;221.00;in_ba_to_sl.19;0;1934.94;0.93;0.00;26.80;car;;1;1.00
2772.00;23156305_0;1264.14;9.90;2466.00;4.65;-230845886_0;5.10;0.00;tripinfo_in_ba_to_gg.4;306.00;in_ba_to_gg.4;0;2718.65;1.00;0.00;58.42;car;;0;0.00
2774.00;23156305_0;1264.14;10.43;2421.00;0.08;-23142338#2_0;5.10;0.00;tripinfo_in_ns_to_gg.7;353.00;in_ns_to_gg.7;0;3297.24;0.98;0.00;47.51;car;;2;9.00
2775.00;28716808#1_0;754.74;9.76;2514.00;0.50;-45494495_0;5.10;0.00;tripinfo_in_os_to_kl.2;261.00;in_os_to_kl.2;0;2042.78;0.94;0.00;64.67;car;;2;26.00
2777.00;28716808#1_0;754.74;10.30;2526.00;0.92;-45494495_0;5.10;0.00;tripinfo_in_os_to_kl.3;251.00;in_os_to_kl.3;0;2042.78;1.02;0.00;70.21;car;;2;22.00
2781.00;972103805_0;116.86;10.65;2522.00;1.71;-230845886_0;5.10;0.00;tripinfo_in_ba_to_ko.33;259.00;in_ba_to_ko.33;0;2114.29;1.05;0.00;76.08;car;;3;17.00
2782.00;23156390_0;1121.44;9.57;2175.00;15.46;803785575#0_0;5.10;0.00;tripinfo_in_od_to_br.1;607.00;in_od_to_br.1;0;3149.31;0.95;0.00;305.97;car;;5;242.00
2783.00;23156305_0;1264.14;11.13;2430.00;2.19;-23142338#2_0;5.10;0.00;tripinfo_in_ns_to_gg.8;353.00;in_ns_to_gg.8;0;3297.24;1.03;0.00;61.30;car;;3;12.00
2783.00;23142338#2_0;290.21;8.42;2491.00;1.21;-230845886_0;5.10;0.00;tripinfo_in_ba_to_ns.6;292.00;in_ba_to_ns.6;0;2346.36;0.82;0.00;33.12;car;;1;6.00
2784.00;23156390_0;1121.44;11.25;2204.00;1.33;803785575#0_0;5.10;0.00;tripinfo_in_od_to_br.2;580.00;in_od_to_br.2;0;3149.31;1.06;0.00;310.33;car;;4;225.00
2784.00;972103805_0;116.86;9.11;2528.00;4.06;-230845886_0;5.10;0.00;tripinfo_in_ba_to_ko.34;256.00;in_ba_to_ko.34;0;2114.29;0.93;0.00;48.31;car;;2;7.00
2784.00;41899283#1_0;148.70;10.22;2625.00;2.42;-230845886_0;5.10;0.00;tripinfo_in_ba_to_as.21;159.00;in_ba_to_as.21;0;1430.78;0.98;0.00;26.83;car;;1;4.00
2785.00;23142338#2_0;290.21;10.44;2519.00;0.98;-230845886_0;5.10;0.00;tripinfo_in_ba_to_ns.7;266.00;in_ba_to_ns.7;0;2346.36;1.01;0.00;56.31;car;;1;4.00
2788.00;41899283#1_0;148.70;10.50;2622.00;1.77;-230845886_0;5.10;0.00;tripinfo_in_ba_to_as.20;166.00;in_ba_to_as.20;0;1430.78;1.06;0.00;43.78;car;;1;7.00
2793.00;45494495_0;58.90;11.12;2628.00;5.26;-230845886_0;5.10;0.00;tripinfo_in_ba_to_os.19;165.00;in_ba_to_os.19;0;1647.96;1.04;0.00;21.44;car;;0;0.00
2796.00;45494495_0;58.90;10.09;2615.00;1.80;-230845886_0;5.10;0.00;tripinfo_in_ba_to_os.18;181.00;in_ba_to_os.18;0;1647.96;0.91;0.00;17.39;car;;0;0.00
2801.00;972103805_0;116.86;11.09;2601.00;0.79;-230845886_0;5.10;0.00;tripinfo_in_ba_to_ko.35;200.00;in_ba_to_ko.35;0;2114.29;1.09;0.00;23.70;car;;0;0.00
2801.00;45494495_0;58.90;11.36;2623.00;0.07;-23142338#2_0;5.10;0.00;tripinfo_in_ns_to_os.4;178.00;in_ns_to_os.4;0;1865.82;1.03;0.00;13.78;car;;0;0.00
2801.00;41899283#1_0;148.70;10.17;2648.00;3.73;-230845886_0;5.10;0.00;tripinfo_in_ba_to_as.23;153.00;in_ba_to_as.23;0;1430.78;1.01;0.00;24.26;car;;1;4.00
2805.00;41899283#1_0;148.70;10.04;2638.00;0.98;-230845886_0;5.10;0.00;tripinfo_in_ba_to_as.22;167.00;in_ba_to_as.22;0;1430.78;0.94;0.00;28.89;car;;1;7.00
2810.00;23156305_0;1264.14;9.14;2426.00;0.90;-45494495_0;5.10;0.00;tripinfo_in_os_to_gg.4;384.00;in_os_to_gg.4;0;3034.34;0.93;0.00;89.39;car;;3;42.00
2811.00;23156305_0;1264.14;12.90;2516.00;0.05;-230845886_0;5.10;0.00;tripinfo_in_ba_to_gg.6;295.00;in_ba_to_gg.6;0;2718.65;1.16;0.00;82.54;car;;0;0.00
2811.00;230845886_0;633.12;9.31;2618.00;0.27;-45494495_0;5.10;0.00;tripinfo_in_os_to_ba.14;193.00;in_os_to_ba.14;0;1746.52;0.89;0.00;15.76;car;;0;0.00
2811.00;972103805_0;116.86;8.89;2643.00;0.41;-23142338#2_0;5.10;0.00;tripinfo_in_ns_to_ko.60;168.00;in_ns_to_ko.60;0;1398.55;0.87;0.00;22.24;car;;1;3.00
2813.00;230845886_0;633.12;11.36;2636.00;0.82;-45494495_0;5.10;0.00;tripinfo_in_os_to_ba.15;177.00;in_os_to_ba.15;0;1746.52;1.05;0.00;25.68;car;;0;0.00
2813.00;972103805_0;116.86;10.37;2650.00;0.39;-23142338#2_0;5.10;0.00;tripinfo_in_ns_to_ko.61;163.00;in_ns_to_ko.61;0;1398.55;0.96;0.00;30.55;car;;1;1.00
2814.00;23142338#2_0;290.21;9.72;2612.00;0.59;-45494495_0;5.10;0.00;tripinfo_in_os_to_ns.4;202.00;in_os_to_ns.4;0;1665.91;0.99;0.00;38.69;car;;2;9.00
2815.00;972103805_0;116.86;9.71;2659.00;0.45;-23142338#2_0;5.10;0.00;tripinfo_in_ns_to_ko.62;156.00;in_ns_to_ko.62;0;1398.55;0.96;0.00;24.02;car;;1;1.00
2816.00;28716808#1_0;754.74;9.72;2588.00;0.64;-45494495_0;5.10;0.00;tripinfo_in_os_to_kl.4;228.00;in_os_to_kl.4;0;2042.78;0.96;0.00;34.61;car;;2;10.00
2816.00;45494495_0;58.90;11.09;2645.00;5.67;-230845886_0;5.10;0.00;tripinfo_in_ba_to_os.21;171.00;in_ba_to_os.21;0;1647.96;1.07;0.00;31.24;car;;0;0.00
2817.00;972103805_0;116.86;10.64;2662.00;2.82;-23142338#2_0;5.10;0.00;tripinfo_in_ns_to_ko.63;155.00;in_ns_to_ko.63;0;1398.55;0.99;0.00;27.49;car;;0;0.00
2821.00;45494495_0;58.90;8.29;2631.00;0.04;-230845886_0;5.10;0.00;tripinfo_in_ba_to_os.20;190.00;in_ba_to_os.20;0;1647.96;0.86;0.00;15.87;car;;0;0.00
2822.00;23156030#6_0;109.07;9.52;2552.00;2.55;-230845886_0;5.10;0.00;tripinfo_in_ba_to_od.0;270.00;in_ba_to_od.0;0;2315.50;0.86;0.00;26.90;car;;1;2.00
2825.00;23142338#2_0;290.21;13.01;2604.00;3.35;-230845886_0;5.10;0.00;tripinfo_in_ba_to_ns.8;221.00;in_ba_to_ns.8;0;2346.36;1.20;0.00;43.94;car;;2;14.00
2830.00;972103805_0;116.86;9.26;2556.00;0.21;-45494495_0;5.10;0.00;tripinfo_in_os_to_ko.6;274.00;in_os_to_ko.6;0;2045.29;0.89;0.00;54.25;car;;3;17.00
2832.00;972103805_0;116.86;10.24;2667.00;0.34;-23142338#2_0;5.10;0.00;tripinfo_in_ns_to_ko.64;165.00;in_ns_to_ko.64;0;1398.55;0.97;0.00;35.04;car;;2;13.00
2835.00;972103805_0;116.86;9.53;2670.00;0.59;-23142338#2_0;5.10;0.00;tripinfo_in_ns_to_ko.65;165.00;in_ns_to_ko.65;0;1398.55;0.94;0.00;30.71;car;;2;7.00
2836.00;23156390_0;1121.44;10.76;2272.00;5.95;803785575#0_0;5.10;0.00;tripinfo_in_od_to_br.3;564.00;in_od_to_br.3;0;3149.31;1.00;0.00;276.46;car;;5;212.00
2837.00;972103805_0;116.86;10.17;2673.00;0.01;-23142338#2_0;5.10;0.00;tripinfo_in_ns_to_ko.66;164.00;in_ns_to_ko.66;0;1398.55;0.96;0.00;32.65;car;;2;4.00
2838.00;45494495_0;58.90;8.72;2656.00;0.78;-230845886_0;5.10;0.00;tripinfo_in_ba_to_os.22;182.00;in_ba_to_os.22;0;1647.96;0.90;0.00;15.65;car;;0;0.00
2839.00;41899283#1_0;148.70;10.68;2682.00;6.00;-230845886_0;5.10;0.00;tripinfo_in_ba_to_as.25;157.00;in_ba_to_as.25;0;1430.78;1.03;0.00;31.31;car;;1;4.00
2844.00;45494495_0;58.90;11.80;2676.00;5.51;-230845886_0;5.10;0.00;tripinfo_in_ba_to_os.23;168.00;in_ba_to_os.23;0;1647.96;1.06;0.00;27.79;car;;0;0.00
2850.00;972103805_0;116.86;9.38;2676.00;2.31;-23142338#2_0;5.10;0.00;tripinfo_in_ns_to_ko.67;174.00;in_ns_to_ko.67;0;1398.55;0.94;0.00;39.62;car;;2;10.00
2851.00;41899283#1_0;148.70;9.11;2673.00;2.71;-230845886_0;5.10;0.00;tripinfo_in_ba_to_as.24;178.00;in_ba_to_as.24;0;1430.78;0.84;0.00;24.28;car;;1;6.00
2852.00;972103805_0;116.86;12.75;2644.00;0.80;-45494495_0;5.10;0.00;tripinfo_in_os_to_ko.7;208.00;in_os_to_ko.7;0;2045.29;1.21;0.00;44.53;car;;3;13.00
2854.00;23156305_0;1264.14;7.46;2500.00;5.67;-230845886_0;5.10;0.00;tripinfo_in_ba_to_gg.5;354.00;in_ba_to_gg.5;0;2718.65;0.77;0.00;33.02;car;;0;0.00
2856.00;23156305_0;1264.14;10.19;2535.00;0.24;-230845886_0;5.10;0.00;tripinfo_in_ba_to_gg.7;321.00;in_ba_to_gg.7;0;2718.65;0.97;0.00;66.35;car;;0;0.00
2858.00;23156305_0;1264.14;12.06;2231.00;0.08;803785575#0_0;5.10;0.00;tripinfo_in_od_to_gg.6;627.00;in_od_to_gg.6;0;3669.96;1.18;0.00;344.43;car;;3;202.00
2859.00;23156305_0;1264.14;11.78;2502.00;0.43;-23142338#2_0;5.10;0.00;tripinfo_in_ns_to_gg.9;357.00;in_ns_to_gg.9;0;3297.24;1.08;0.00;78.59;car;;1;6.00
2859.00;41899283#1_0;148.70;11.01;2705.00;0.17;-230845886_0;5.10;0.00;tripinfo_in_ba_to_as.26;154.00;in_ba_to_as.26;0;1430.78;1.05;0.00;30.23;car;;1;6.00
2861.00;23156305_0;1264.14;10.78;2477.00;0.44;-45494495_0;5.10;0.00;tripinfo_in_os_to_gg.5;384.00;in_os_to_gg.5;0;3034.34;1.05;0.00;122.25;car;;2;37.00
2865.00;972103805_0;116.86;11.81;2651.00;0.42;-230845886_0;5.10;0.00;tripinfo_in_ba_to_ko.36;214.00;in_ba_to_ko.36;0;2114.29;1.07;0.00;34.34;car;;1;4.00
2868.00;23156030#6_0;109.07;11.86;2781.00;0.24;-45494495_0;5.10;0.00;tripinfo_in_os_to_od.8;87.00;in_os_to_od.8;0;865.51;1.08;0.00;14.96;car;;1;3.00
2876.00;45494495_0;58.90;12.42;2711.00;4.85;-230845886_0;5.10;0.00;tripinfo_in_ba_to_os.25;165.00;in_ba_to_os.25;0;1647.96;1.12;0.00;32.50;car;;0;0.00
2881.00;45494495_0;58.90;9.26;2696.00;1.93;-230845886_0;5.10;0.00;tripinfo_in_ba_to_os.24;185.00;in_ba_to_os.24;0;1647.96;0.88;0.00;14.90;car;;0;0.00
2885.00;28706217_0;94.10;7.46;2667.00;2.81;-230845886_0;5.10;0.00;tripinfo_in_ba_to_sl.20;218.00;in_ba_to_sl.20;0;1934.94;0.95;0.00;27.41;car;;1;7.00
2885.00;41899283#1_0;148.70;10.00;2699.00;0.68;-45494495_0;5.10;0.00;tripinfo_in_os_to_as.10;186.00;in_os_to_as.10;0;1746.47;0.98;0.00;24.06;car;;1;5.00
2887.00;41899283#1_0;148.70;12.02;2679.00;3.93;-23142338#2_0;5.10;0.00;tripinfo_in_ns_to_as.9;208.00;in_ns_to_as.9;0;2009.37;1.09;0.00;40.15;car;;1;5.00
2895.00;23142338#2_0;290.21;11.08;2641.00;2.43;-230845886_0;5.10;0.00;tripinfo_in_ba_to_ns.9;254.00;in_ba_to_ns.9;0;2346.36;1.02;0.00;45.45;car;;2;7.00
2898.00;45494495_0;58.90;9.54;2715.00;0.82;-230845886_0;5.10;0.00;tripinfo_in_ba_to_os.26;183.00;in_ba_to_os.26;0;1647.96;0.88;0.00;14.76;car;;0;0.00
2899.00;972103805_0;116.86;10.39;2664.00;0.65;-230845886_0;5.10;0.00;tripinfo_in_ba_to_ko.37;235.00;in_ba_to_ko.37;0;2114.29;1.01;0.00;45.29;car;;2;14.00
2900.00;45494495_0;58.90;10.03;2725.00;0.16;-230845886_0;5.10;0.00;tripinfo_in_ba_to_os.27;175.00;in_ba_to_os.27;0;1647.96;0.98;0.00;23.47;car;;0;0.00
2901.00;972103805_0;116.86;10.77;2670.00;3.82;-230845886_0;5.10;0.00;tripinfo_in_ba_to_ko.38;231.00;in_ba_to_ko.38;0;2114.29;1.04;0.00;46.63;car;;2;8.00
2904.00;972103805_0;116.86;11.61;2679.00;4.21;-230845886_0;5.10;0.00;tripinfo_in_ba_to_ko.39;225.00;in_ba_to_ko.39;0;2114.29;1.12;0.00;53.26;car;;1;8.00
2909.00;23156305_0;1264.14;10.25;2619.00;0.29;-230845886_0;5.10;0.00;tripinfo_in_ba_to_gg.8;290.00;in_ba_to_gg.8;0;2718.65;0.98;0.00;38.98;car;;1;10.00
2918.00;23156305_0;1264.14;10.24;2585.00;0.10;-45494495_0;5.10;0.00;tripinfo_in_os_to_gg.6;333.00;in_os_to_gg.6;0;3034.34;0.96;0.00;46.42;car;;2;12.00
2918.00;972103805_0;116.86;7.09;2684.00;0.46;-23142338#2_0;5.10;0.00;tripinfo_in_ns_to_ko.68;234.00;in_ns_to_ko.68;0;1398.55;0.66;0.00;41.79;car;;2;16.00
2919.00;45494495_0;58.90;10.31;2757.00;0.44;-230845886_0;5.10;0.00;tripinfo_in_ba_to_os.28;162.00;in_ba_to_os.28;0;1647.96;1.00;0.00;13.26;car;;0;0.00
2920.00;972103805_0;116.86;9.75;2706.00;0.67;-23142338#2_0;5.10;0.00;tripinfo_in_ns_to_ko.69;214.00;in_ns_to_ko.69;0;1398.55;1.12;0.00;100.93;car;;2;13.00
2922.00;972103805_0;116.86;10.71;2714.00;0.22;-23142338#2_0;5.10;0.00;tripinfo_in_ns_to_ko.70;208.00;in_ns_to_ko.70;0;1398.55;1.03;0.00;85.56;car;;2;6.00
2924.00;972103805_0;116.86;10.96;2717.00;0.82;-23142338#2_0;5.10;0.00;tripinfo_in_ns_to_ko.71;207.00;in_ns_to_ko.71;0;1398.55;1.08;0.00;89.25;car;;3;12.00
2924.00;23156030#6_0;109.07;12.90;2846.00;0.54;-45494495_0;5.10;0.00;tripinfo_in_os_to_od.9;78.00;in_os_to_od.9;0;865.51;1.17;0.00;10.78;car;;0;0.00
2925.00;972103805_0;116.86;13.19;2663.00;0.39;-45494495_0;5.10;0.00;tripinfo_in_os_to_ko.8;262.00;in_os_to_ko.8;0;2045.29;1.27;0.00;105.29;car;;3;9.00
2928.00;972103805_0;116.86;8.95;2720.00;2.65;-23142338#2_0;5.10;0.00;tripinfo_in_ns_to_ko.72;208.00;in_ns_to_ko.72;0;1398.55;0.91;0.00;69.03;car;;2;8.00
2928.00;28706217_0;94.10;8.74;2876.00;5.03;-45494495_0;5.10;0.00;tripinfo_in_os_to_sl.6;52.00;in_os_to_sl.6;0;484.95;1.10;0.00;7.13;car;;0;0.00
2930.00;972103805_0;116.86;9.97;2729.00;3.45;-23142338#2_0;5.10;0.00;tripinfo_in_ns_to_ko.73;201.00;in_ns_to_ko.73;0;1398.55;0.93;0.00;64.39;car;;2;7.00
2930.00;28716808#1_0;754.74;11.17;2726.00;0.41;-45494495_0;5.10;0.00;tripinfo_in_os_to_kl.5;204.00;in_os_to_kl.5;0;2042.78;1.01;0.00;19.96;car;;0;0.00
2932.00;972103805_0;116.86;9.48;2735.00;0.05;-23142338#2_0;5.10;0.00;tripinfo_in_ns_to_ko.74;197.00;in_ns_to_ko.74;0;1398.55;0.96;0.00;65.45;car;;3;11.00
2934.00;972103805_0;116.86;9.25;2738.00;0.91;-23142338#2_0;5.10;0.00;tripinfo_in_ns_to_ko.75;196.00;in_ns_to_ko.75;0;1398.55;0.92;0.00;58.18;car;;2;13.00
2935.00;23156305_0;1264.14;9.31;2558.00;0.14;-23142338#2_0;5.10;0.00;tripinfo_in_ns_to_gg.10;377.00;in_ns_to_gg.10;0;3297.24;0.91;0.00;47.93;car;;2;10.00
2936.00;972103805_0;116.86;9.35;2744.00;4.94;-23142338#2_0;5.10;0.00;tripinfo_in_ns_to_ko.76;192.00;in_ns_to_ko.76;0;1398.55;0.95;0.00;58.95;car;;2;11.00
2947.00;972103805_0;116.86;8.97;2708.00;2.57;-230845886_0;5.10;0.00;tripinfo_in_ba_to_ko.40;239.00;in_ba_to_ko.40;0;2114.29;0.89;0.00;22.49;car;;0;0.00
2949.00;972103805_0;116.86;10.87;2754.00;2.01;-23142338#2_0;5.10;0.00;tripinfo_in_ns_to_ko.77;195.00;in_ns_to_ko.77;0;1398.55;1.00;0.00;68.48;car;;3;18.00
2949.00;23156030#6_0;109.07;10.90;2860.00;0.03;-45494495_0;5.10;0.00;tripinfo_in_os_to_od.10;89.00;in_os_to_od.10;0;865.51;1.06;0.00;15.13;car;;1;4.00
2951.00;972103805_0;116.86;11.96;2758.00;0.97;-23142338#2_0;5.10;0.00;tripinfo_in_ns_to_ko.78;193.00;in_ns_to_ko.78;0;1398.55;1.09;0.00;76.72;car;;3;17.00
2951.00;28706217_0;94.10;8.47;2760.00;1.10;-230845886_0;5.10;0.00;tripinfo_in_ba_to_sl.21;191.00;in_ba_to_sl.21;0;1934.94;1.08;0.00;24.58;car;;0;0.00
2953.00;972103805_0;116.86;11.48;2768.00;0.15;-23142338#2_0;5.10;0.00;tripinfo_in_ns_to_ko.79;185.00;in_ns_to_ko.79;0;1398.55;1.04;0.00;62.59;car;;2;13.00
2956.00;972103805_0;116.86;10.20;2688.00;0.21;-45494495_0;5.10;0.00;tripinfo_in_os_to_ko.9;268.00;in_os_to_ko.9;0;2045.29;1.00;0.00;73.09;car;;2;30.00
2959.00;972103805_0;116.86;11.37;2743.00;0.25;-230845886_0;5.10;0.00;tripinfo_in_ba_to_ko.41;216.00;in_ba_to_ko.41;0;2114.29;1.09;0.00;39.17;car;;1;7.00
2959.00;28706217_0;94.10;8.21;2903.00;3.65;-45494495_0;5.10;0.00;tripinfo_in_os_to_sl.7;56.00;in_os_to_sl.7;0;484.95;1.11;0.00;11.85;car;;0;0.00
2961.00;41899283#1_0;148.70;10.05;2726.00;0.61;-23142338#2_0;5.10;0.00;tripinfo_in_ns_to_as.10;235.00;in_ns_to_as.10;0;2009.37;0.93;0.00;37.82;car;;1;5.00
2978.00;230845886_0;633.12;11.56;2794.00;0.34;-45494495_0;5.10;0.00;tripinfo_in_os_to_ba.16;184.00;in_os_to_ba.16;0;1746.52;1.07;0.00;36.29;car;;1;4.00
2979.00;28706217_0;94.10;7.92;2927.00;0.95;-45494495_0;5.10;0.00;tripinfo_in_os_to_sl.8;52.00;in_os_to_sl.8;0;484.95;1.09;0.00;7.00;car;;0;0.00
2980.00;230845886_0;633.12;11.53;2804.00;0.55;-45494495_0;5.10;0.00;tripinfo_in_os_to_ba.17;176.00;in_os_to_ba.17;0;1746.52;1.13;0.00;36.20;car;;1;3.00
2980.00;41899283#1_0;148.70;10.21;2824.00;0.91;-230845886_0;5.10;0.00;tripinfo_in_ba_to_as.27;156.00;in_ba_to_as.27;0;1430.78;1.02;0.00;28.86;car;;1;7.00
2981.00;972103805_0;116.86;10.83;2763.00;2.91;-230845886_0;5.10;0.00;tripinfo_in_ba_to_ko.42;218.00;in_ba_to_ko.42;0;2114.29;0.98;0.00;22.09;car;;0;0.00
2984.00;41899283#1_0;148.70;10.87;2836.00;0.31;-230845886_0;5.10;0.00;tripinfo_in_ba_to_as.28;148.00;in_ba_to_as.28;0;1430.78;1.01;0.00;19.55;car;;1;1.00
2991.00;41899283#1_0;148.70;10.61;2751.00;0.02;-23142338#2_0;5.10;0.00;tripinfo_in_ns_to_as.11;240.00;in_ns_to_as.11;0;2009.37;0.99;0.00;55.93;car;;4;16.00
2994.00;23156390_0;1121.44;10.51;2732.00;5.35;-45494495_0;5.10;0.00;tripinfo_in_os_to_br.6;262.00;in_os_to_br.6;0;2513.69;1.00;0.00;32.92;car;;2;7.00
2997.00;28706217_0;94.10;7.84;2942.00;0.40;-45494495_0;5.10;0.00;tripinfo_in_os_to_sl.9;55.00;in_os_to_sl.9;0;484.95;1.02;0.00;6.20;car;;0;0.00
2999.00;28716808#1_0;754.74;8.57;2709.00;2.12;-23142338#2_0;5.10;0.00;tripinfo_in_ns_to_kl.5;290.00;in_ns_to_kl.5;0;2315.58;0.81;0.00;31.13;car;;1;2.00
3000.00;972103805_0;116.86;10.46;2769.00;3.61;-230845886_0;5.10;0.00;tripinfo_in_ba_to_ko.43;231.00;in_ba_to_ko.43;0;2114.29;1.04;0.00;45.77;car;;2;13.00
3004.00;972103805_0;116.86;10.05;2772.00;4.13;-230845886_0;5.10;0.00;tripinfo_in_ba_to_ko.44;232.00;in_ba_to_ko.44;0;2114.29;0.92;0.00;23.06;car;;0;0.00
3005.00;45494495_0;58.90;7.99;2799.00;0.30;-230845886_0;5.10;0.00;tripinfo_in_ba_to_os.29;206.00;in_ba_to_os.29;0;1647.96;0.79;0.00;17.10;car;;0;0.00
3009.00;230845886_0;633.12;10.84;2771.00;0.26;-23142338#2_0;5.10;0.00;tripinfo_in_ns_to_ba.3;238.00;in_ns_to_ba.3;0;2340.42;1.06;0.00;38.50;car;;2;10.00
3009.00;972103805_0;116.86;9.61;2856.00;0.57;-23142338#2_0;5.10;0.00;tripinfo_in_ns_to_ko.80;153.00;in_ns_to_ko.80;0;1398.55;0.89;0.00;11.97;car;;0;0.00
3011.00;23156390_0;1121.44;10.80;2762.00;0.77;-45494495_0;5.10;0.00;tripinfo_in_os_to_br.7;249.00;in_os_to_br.7;0;2513.69;1.05;0.00;32.15;car;;1;6.00
3019.00;972103805_0;116.86;10.42;2778.00;3.52;-230845886_0;5.10;0.00;tripinfo_in_ba_to_ko.45;241.00;in_ba_to_ko.45;0;2114.29;0.99;0.00;47.19;car;;2;14.00
3023.00;972103805_0;116.86;9.68;2787.00;0.39;-230845886_0;5.10;0.00;tripinfo_in_ba_to_ko.46;236.00;in_ba_to_ko.46;0;2114.29;0.95;0.00;34.16;car;;2;6.00
3027.00;972103805_0;116.86;9.50;2790.00;1.73;-230845886_0;5.10;0.00;tripinfo_in_ba_to_ko.47;237.00;in_ba_to_ko.47;0;2114.29;0.93;0.00;28.66;car;;0;0.00
3029.00;972103805_0;116.86;10.94;2878.00;0.57;-23142338#2_0;5.10;0.00;tripinfo_in_ns_to_ko.81;151.00;in_ns_to_ko.81;0;1398.55;0.99;0.00;22.63;car;;2;4.00
3031.00;41899283#1_0;148.70;10.53;2815.00;0.30;-23142338#2_0;5.10;0.00;tripinfo_in_ns_to_as.12;216.00;in_ns_to_as.12;0;2009.37;1.04;0.00;39.81;car;;2;8.00
3032.00;972103805_0;116.86;11.72;2898.00;0.56;-23142338#2_0;5.10;0.00;tripinfo_in_ns_to_ko.82;134.00;in_ns_to_ko.82;0;1398.55;1.07;0.00;16.05;car;;0;0.00
3033.00;23156305_0;1264.14;10.51;2718.00;0.21;-45494495_0;5.10;0.00;tripinfo_in_os_to_gg.7;315.00;in_os_to_gg.7;0;3034.34;0.97;0.00;30.22;car;;0;0.00
3034.00;45494495_0;58.90;9.98;2864.00;1.99;-230845886_0;5.10;0.00;tripinfo_in_ba_to_os.30;170.00;in_ba_to_os.30;0;1647.96;0.96;0.00;15.44;car;;0;0.00
3035.00;23156305_0;1264.14;11.08;2729.00;2.80;-45494495_0;5.10;0.00;tripinfo_in_os_to_gg.8;306.00;in_os_to_gg.8;0;3034.34;1.07;0.00;47.87;car;;0;0.00
3039.00;972103805_0;116.86;10.95;2808.00;0.81;-230845886_0;5.10;0.00;tripinfo_in_ba_to_ko.48;231.00;in_ba_to_ko.48;0;2114.29;1.03;0.00;43.72;car;;1;8.00
3040.00;41899283#1_0;148.70;10.20;2900.00;0.10;-230845886_0;5.10;0.00;tripinfo_in_ba_to_as.29;140.00;in_ba_to_as.29;0;1430.78;1.00;0.00;10.96;car;;0;0.00
3042.00;972103805_0;116.86;12.43;2811.00;0.55;-230845886_0;5.10;0.00;tripinfo_in_ba_to_ko.49;231.00;in_ba_to_ko.49;0;2114.29;1.13;0.00;60.55;car;;1;7.00
3048.00;23156305_0;1264.14;10.12;2775.00;5.13;-230845886_0;5.10;0.00;tripinfo_in_ba_to_gg.9;273.00;in_ba_to_gg.9;0;2718.65;1.01;0.00;27.05;car;;0;0.00
3049.00;972103805_0;116.86;11.32;2919.00;0.40;-23142338#2_0;5.10;0.00;tripinfo_in_ns_to_ko.83;130.00;in_ns_to_ko.83;0;1398.55;1.08;0.00;13.15;car;;0;0.00
3051.00;972103805_0;116.86;11.98;2839.00;1.54;-230845886_0;5.10;0.00;tripinfo_in_ba_to_ko.50;212.00;in_ba_to_ko.50;0;2114.29;1.17;0.00;47.98;car;;3;10.00
3052.00;23156030#6_0;109.07;9.17;2954.00;0.26;-45494495_0;5.10;0.00;tripinfo_in_os_to_od.11;98.00;in_os_to_od.11;0;865.51;0.92;0.00;13.52;car;;1;2.00
3058.00;45494495_0;58.90;10.40;2887.00;0.07;-230845886_0;5.10;0.00;tripinfo_in_ba_to_os.31;171.00;in_ba_to_os.31;0;1647.96;0.95;0.00;14.23;car;;0;0.00
3064.00;41899283#1_0;148.70;10.02;2873.00;3.33;-45494495_0;5.10;0.00;tripinfo_in_os_to_as.11;191.00;in_os_to_as.11;0;1746.47;0.95;0.00;23.83;car;;1;2.00
3067.00;972103805_0;116.86;10.50;2924.00;0.97;-23142338#2_0;5.10;0.00;tripinfo_in_ns_to_ko.84;143.00;in_ns_to_ko.84;0;1398.55;1.05;0.00;23.28;car;;1;10.00
3074.00;41899283#1_0;148.70;12.52;2926.00;0.46;-230845886_0;5.10;0.00;tripinfo_in_ba_to_as.30;148.00;in_ba_to_as.30;0;1430.78;1.14;0.00;33.98;car;;1;6.00
3081.00;972103805_0;116.86;9.19;2854.00;0.26;-230845886_0;5.10;0.00;tripinfo_in_ba_to_ko.51;227.00;in_ba_to_ko.51;0;2114.29;0.93;0.00;20.71;car;;0;0.00
3081.00;41899283#1_0;148.70;11.16;2932.00;5.28;-230845886_0;5.10;0.00;tripinfo_in_ba_to_as.31;149.00;in_ba_to_as.31;0;1430.78;1.04;0.00;24.05;car;;1;1.00
3082.00;972103805_0;116.86;11.79;2869.00;0.65;-230845886_0;5.10;0.00;tripinfo_in_ba_to_ko.52;213.00;in_ba_to_ko.52;0;2114.29;1.08;0.00;34.60;car;;1;6.00
3084.00;23156390_0;1121.44;11.03;2785.00;0.15;-23142338#2_0;5.10;0.00;tripinfo_in_ns_to_br.0;299.00;in_ns_to_br.0;0;2792.05;1.00;0.00;45.32;car;;3;12.00
3089.00;972103805_0;116.86;9.61;2932.00;0.50;-23142338#2_0;5.10;0.00;tripinfo_in_ns_to_ko.85;157.00;in_ns_to_ko.85;0;1398.55;0.96;0.00;26.39;car;;1;6.00
3093.00;972103805_0;116.86;10.56;2935.00;2.83;-23142338#2_0;5.10;0.00;tripinfo_in_ns_to_ko.86;158.00;in_ns_to_ko.86;0;1398.55;1.01;0.00;32.17;car;;2;6.00
3095.00;972103805_0;116.86;12.56;2938.00;0.15;-23142338#2_0;5.10;0.00;tripinfo_in_ns_to_ko.87;157.00;in_ns_to_ko.87;0;1398.55;1.13;0.00;45.61;car;;1;4.00
3098.00;23142338#2_0;290.21;10.86;2818.00;0.49;-230845886_0;5.10;0.00;tripinfo_in_ba_to_ns.10;280.00;in_ba_to_ns.10;0;2346.36;1.00;0.00;67.75;car;;2;34.00
3098.00;28706217_0;94.10;8.07;3034.00;1.12;-45494495_0;5.10;0.00;tripinfo_in_os_to_sl.10;64.00;in_os_to_sl.10;0;484.95;1.00;0.00;15.00;car;;1;3.00
3100.00;45494495_0;58.90;10.44;2929.00;2.61;-230845886_0;5.10;0.00;tripinfo_in_ba_to_os.33;171.00;in_ba_to_os.33;0;1647.96;1.05;0.00;28.26;car;;0;0.00
3102.00;28716808#1_0;754.74;12.96;2935.00;6.81;-230845886_0;5.10;0.00;tripinfo_in_ba_to_kl.2;167.00;in_ba_to_kl.2;0;1727.09;1.17;0.00;32.83;car;;0;0.00
3103.00;45494495_0;58.90;9.49;2920.00;2.29;-230845886_0;5.10;0.00;tripinfo_in_ba_to_os.32;183.00;in_ba_to_os.32;0;1647.96;0.90;0.00;16.90;car;;0;0.00
3107.00;23156390_0;1121.44;10.79;2792.00;0.43;-23142338#2_0;5.10;0.00;tripinfo_in_ns_to_br.1;315.00;in_ns_to_br.1;0;2792.05;0.99;0.00;58.59;car;;4;18.00
3111.00;41899283#1_0;148.70;10.74;2902.00;0.96;-23142338#2_0;5.10;0.00;tripinfo_in_ns_to_as.13;209.00;in_ns_to_as.13;0;2009.37;1.01;0.00;28.83;car;;1;5.00
3134.00;230845886_0;633.12;11.24;2957.00;2.88;-45494495_0;5.10;0.00;tripinfo_in_os_to_ba.18;177.00;in_os_to_ba.18;0;1746.52;1.10;0.00;32.18;car;;0;0.00
3162.00;28706217_0;94.10;7.87;3103.00;1.33;-45494495_0;5.10;0.00;tripinfo_in_os_to_sl.11;59.00;in_os_to_sl.11;0;484.95;0.96;0.00;7.96;car;;0;0.00
3164.00;28706217_0;94.10;9.33;2959.00;0.86;-230845886_0;5.10;0.00;tripinfo_in_ba_to_sl.22;205.00;in_ba_to_sl.22;0;1934.94;1.21;0.00;56.47;car;;0;0.00
3187.00;45494495_0;58.90;11.27;2999.00;0.31;-23142338#2_0;5.10;0.00;tripinfo_in_ns_to_os.5;188.00;in_ns_to_os.5;0;1865.82;1.12;0.00;37.38;car;;2;12.00
3190.00;23156305_0;1264.14;10.64;2917.00;0.25;-230845886_0;5.10;0.00;tripinfo_in_ba_to_gg.10;273.00;in_ba_to_gg.10;0;2718.65;1.01;0.00;27.60;car;;0;0.00
3201.00;28706217_0;94.10;7.33;3133.00;2.43;-45494495_0;5.10;0.00;tripinfo_in_os_to_sl.12;68.00;in_os_to_sl.12;0;484.95;0.92;0.00;14.27;car;;1;4.00
3202.00;41899283#1_0;148.70;10.20;3042.00;2.51;-230845886_0;5.10;0.00;tripinfo_in_ba_to_as.32;160.00;in_ba_to_as.32;0;1430.78;0.95;0.00;23.76;car;;1;7.00
3204.00;41899283#1_0;148.70;10.89;3048.00;0.85;-230845886_0;5.10;0.00;tripinfo_in_ba_to_as.33;156.00;in_ba_to_as.33;0;1430.78;1.08;0.00;36.17;car;;1;7.00
3207.00;23156030#6_0;109.07;11.37;3123.00;0.31;-45494495_0;5.10;0.00;tripinfo_in_os_to_od.12;84.00;in_os_to_od.12;0;865.51;1.03;0.00;8.19;car;;0;0.00
3208.00;23142338#2_0;290.21;9.16;2861.00;0.35;-230845886_0;5.10;0.00;tripinfo_in_ba_to_ns.11;347.00;in_ba_to_ns.11;0;2346.36;0.93;0.00;119.61;car;;2;91.00
3210.00;23142338#2_0;290.21;10.53;2956.00;0.63;-230845886_0;5.10;0.00;tripinfo_in_ba_to_ns.12;254.00;in_ba_to_ns.12;0;2346.36;1.02;0.00;46.02;car;;1;4.00
3212.00;23156390_0;1121.44;9.06;2953.00;14.40;-230845886_0;5.10;0.00;tripinfo_in_ba_to_br.0;259.00;in_ba_to_br.0;0;2198.00;0.88;0.00;32.65;car;;1;2.00
3215.00;41899283#1_0;148.70;12.47;2979.00;0.45;-23142338#2_0;5.10;0.00;tripinfo_in_ns_to_as.14;236.00;in_ns_to_as.14;0;2009.37;1.13;0.00;73.04;car;;2;7.00
3235.00;41899283#1_0;148.70;10.54;3082.00;0.84;-230845886_0;5.10;0.00;tripinfo_in_ba_to_as.34;153.00;in_ba_to_as.34;0;1430.78;0.95;0.00;16.34;car;;0;0.00
3237.00;41899283#1_0;148.70;12.03;3011.00;0.06;-23142338#2_0;5.10;0.00;tripinfo_in_ns_to_as.15;226.00;in_ns_to_as.15;0;2009.37;1.09;0.00;58.22;car;;3;12.00
3241.00;23156305_0;1264.14;9.05;2941.00;10.99;-230845886_0;5.10;0.00;tripinfo_in_ba_to_gg.11;300.00;in_ba_to_gg.11;0;2718.65;0.93;0.00;33.31;car;;1;1.00
3249.00;28716808#1_0;754.74;10.58;2969.00;3.21;-23142338#2_0;5.10;0.00;tripinfo_in_ns_to_kl.6;280.00;in_ns_to_kl.6;0;2315.58;0.96;0.00;60.26;car;;2;12.00
3250.00;23142338#2_0;290.21;9.13;2991.00;0.15;-230845886_0;5.10;0.00;tripinfo_in_ba_to_ns.13;259.00;in_ba_to_ns.13;0;2346.36;0.92;0.00;28.04;car;;1;5.00
3250.00;23156390_0;1121.44;9.43;2998.00;0.91;-230845886_0;5.10;0.00;tripinfo_in_ba_to_br.1;252.00;in_ba_to_br.1;0;2198.00;0.90;0.00;29.03;car;;1;4.00
3252.00;28706217_0;94.10;7.44;3045.00;5.29;-230845886_0;5.10;0.00;tripinfo_in_ba_to_sl.23;207.00;in_ba_to_sl.23;0;1934.94;1.00;0.00;27.02;car;;1;1.00
3254.00;41899283#1_0;148.70;10.98;3054.00;1.55;-23142338#2_0;5.10;0.00;tripinfo_in_ns_to_as.16;200.00;in_ns_to_as.16;0;2009.37;1.07;0.00;29.07;car;;1;1.00
3258.00;45494495_0;58.90;8.98;3062.00;0.47;-230845886_0;5.10;0.00;tripinfo_in_ba_to_os.34;196.00;in_ba_to_os.34;0;1647.96;0.84;0.00;17.75;car;;0;0.00
3266.00;41899283#1_0;148.70;10.06;3107.00;0.95;-230845886_0;5.10;0.00;tripinfo_in_ba_to_as.35;159.00;in_ba_to_as.35;0;1430.78;0.99;0.00;27.61;car;;0;0.00
3268.00;41899283#1_0;148.70;10.81;3117.00;0.85;-230845886_0;5.10;0.00;tripinfo_in_ba_to_as.36;151.00;in_ba_to_as.36;0;1430.78;1.02;0.00;24.44;car;;0;0.00
3286.00;41899283#1_0;148.70;11.82;3143.00;4.52;-230845886_0;5.10;0.00;tripinfo_in_ba_to_as.37;143.00;in_ba_to_as.37;0;1430.78;1.07;0.00;21.45;car;;0;0.00
3290.00;28716808#1_0;754.74;12.04;3131.00;0.81;-230845886_0;5.10;0.00;tripinfo_in_ba_to_kl.3;159.00;in_ba_to_kl.3;0;1727.09;1.09;0.00;16.65;car;;0;0.00
3298.00;23156305_0;1264.14;8.62;2949.00;0.43;-45494495_0;5.10;0.00;tripinfo_in_os_to_gg.9;349.00;in_os_to_gg.9;0;3034.34;0.86;0.00;28.47;car;;0;0.00
3299.00;45494495_0;58.90;8.45;3068.00;2.29;-23142338#2_0;5.10;0.00;tripinfo_in_ns_to_os.6;231.00;in_ns_to_os.6;0;1865.82;0.82;0.00;26.16;car;;1;1.00
3300.00;23156305_0;1264.14;10.68;2967.00;0.95;-45494495_0;5.10;0.00;tripinfo_in_os_to_gg.10;333.00;in_os_to_gg.10;0;3034.34;1.03;0.00;63.83;car;;0;0.00
3301.00;23156305_0;1264.14;12.13;2972.00;0.97;-45494495_0;5.10;0.00;tripinfo_in_os_to_gg.11;329.00;in_os_to_gg.11;0;3034.34;1.19;0.00;97.31;car;;2;6.00
3301.00;45494495_0;58.90;11.68;3134.00;3.65;-230845886_0;5.10;0.00;tripinfo_in_ba_to_os.36;167.00;in_ba_to_os.36;0;1647.96;1.05;0.00;24.91;car;;0;0.00
3302.00;23156390_0;1121.44;9.55;2966.00;1.28;-23142338#2_0;5.10;0.00;tripinfo_in_ns_to_br.2;336.00;in_ns_to_br.2;0;2792.05;0.92;0.00;59.18;car;;2;13.00
3305.00;45494495_0;58.90;7.67;3094.00;2.83;-230845886_0;5.10;0.00;tripinfo_in_ba_to_os.35;211.00;in_ba_to_os.35;0;1647.96;0.79;0.00;23.06;car;;1;1.00
3307.00;41899283#1_0;148.70;9.82;3115.00;0.79;-45494495_0;5.10;0.00;tripinfo_in_os_to_as.12;192.00;in_os_to_as.12;0;1746.47;0.96;0.00;28.17;car;;1;8.00
3314.00;41899283#1_0;148.70;8.91;3146.00;5.74;-230845886_0;5.10;0.00;tripinfo_in_ba_to_as.38;168.00;in_ba_to_as.38;0;1430.78;0.87;0.00;19.82;car;;1;1.00
3324.00;23156305_0;1264.14;12.88;2982.00;3.33;-23142338#2_0;5.10;0.00;tripinfo_in_ns_to_gg.11;342.00;in_ns_to_gg.11;0;3297.24;1.16;0.00;84.04;car;;3;14.00
3326.00;45494495_0;58.90;11.32;3164.00;10.54;-230845886_0;5.10;0.00;tripinfo_in_ba_to_os.37;162.00;in_ba_to_os.37;0;1647.96;1.08;0.00;24.06;car;;0;0.00
3334.00;28706217_0;94.10;8.04;3100.00;4.46;-230845886_0;5.10;0.00;tripinfo_in_ba_to_sl.24;234.00;in_ba_to_sl.24;0;1934.94;1.08;0.00;67.58;car;;0;0.00
3335.00;230845886_0;633.12;9.56;3130.00;0.52;-45494495_0;5.10;0.00;tripinfo_in_os_to_ba.19;205.00;in_os_to_ba.19;0;1746.52;0.97;0.00;41.47;car;;1;8.00
3340.00;23142338#2_0;290.21;9.70;3065.00;1.20;-230845886_0;5.10;0.00;tripinfo_in_ba_to_ns.14;275.00;in_ba_to_ns.14;0;2346.36;0.94;0.00;48.56;car;;2;7.00
3341.00;230845886_0;633.12;10.93;3104.00;0.33;-23142338#2_0;5.10;0.00;tripinfo_in_ns_to_ba.4;237.00;in_ns_to_ba.4;0;2340.42;1.01;0.00;27.65;car;;1;5.00
3345.00;28716808#1_0;754.74;10.59;3098.00;1.61;-23142338#2_0;5.10;0.00;tripinfo_in_ns_to_kl.7;247.00;in_ns_to_kl.7;0;2315.58;0.98;0.00;32.22;car;;2;6.00
3350.00;45494495_0;58.90;11.97;3195.00;0.78;-230845886_0;5.10;0.00;tripinfo_in_ba_to_os.38;155.00;in_ba_to_os.38;0;1647.96;1.11;0.00;21.40;car;;0;0.00
3357.00;28706217_0;94.10;7.34;3152.00;9.69;-230845886_0;5.10;0.00;tripinfo_in_ba_to_sl.25;205.00;in_ba_to_sl.25;0;1934.94;1.01;0.00;26.68;car;;0;0.00
3365.00;23156305_0;1264.14;9.89;3031.00;0.71;-45494495_0;5.10;0.00;tripinfo_in_os_to_gg.12;334.00;in_os_to_gg.12;0;3034.34;0.94;0.00;40.49;car;;1;8.00
3367.00;23156305_0;1264.14;9.70;3076.00;0.79;-230845886_0;5.10;0.00;tripinfo_in_ba_to_gg.12;291.00;in_ba_to_gg.12;0;2718.65;0.97;0.00;35.34;car;;0;0.00
3370.00;45494495_0;58.90;10.05;3204.00;2.27;-230845886_0;5.10;0.00;tripinfo_in_ba_to_os.39;166.00;in_ba_to_os.39;0;1647.96;0.98;0.00;13.22;car;;0;0.00
3372.00;41899283#1_0;148.70;9.55;3220.00;0.68;-230845886_0;5.10;0.00;tripinfo_in_ba_to_as.39;152.00;in_ba_to_as.39;0;1430.78;0.94;0.00;14.09;car;;0;0.00
3373.00;23142338#2_0;290.21;11.04;3097.00;5.09;-230845886_0;5.10;0.00;tripinfo_in_ba_to_ns.15;276.00;in_ba_to_ns.15;0;2346.36;1.02;0.00;66.86;car;;3;10.00
3381.00;23142338#2_0;290.21;9.69;3110.00;1.57;-230845886_0;5.10;0.00;tripinfo_in_ba_to_ns.16;271.00;in_ba_to_ns.16;0;2346.36;0.92;0.00;40.85;car;;1;2.00
3384.00;28706217_0;94.10;7.14;3182.00;8.26;-230845886_0;5.10;0.00;tripinfo_in_ba_to_sl.26;202.00;in_ba_to_sl.26;0;1934.94;1.01;0.00;23.55;car;;0;0.00
3386.00;28706217_0;94.10;9.24;3191.00;0.27;-230845886_0;5.10;0.00;tripinfo_in_ba_to_sl.27;195.00;in_ba_to_sl.27;0;1934.94;1.16;0.00;39.71;car;;0;0.00
3389.00;45494495_0;58.90;10.07;3223.00;2.41;-230845886_0;5.10;0.00;tripinfo_in_ba_to_os.40;166.00;in_ba_to_os.40;0;1647.96;0.99;0.00;15.72;car;;0;0.00
3394.00;28716808#1_0;754.74;8.60;3118.00;3.11;-45494495_0;5.10;0.00;tripinfo_in_os_to_kl.6;276.00;in_os_to_kl.6;0;2042.78;0.78;0.00;39.97;car;;2;11.00
3396.00;28716808#1_0;754.74;9.36;3142.00;0.25;-45494495_0;5.10;0.00;tripinfo_in_os_to_kl.7;254.00;in_os_to_kl.7;0;2042.78;0.90;0.00;48.04;car;;2;4.00
3399.00;23156305_0;1264.14;11.16;3137.00;5.23;-230845886_0;5.10;0.00;tripinfo_in_ba_to_gg.13;262.00;in_ba_to_gg.13;0;2718.65;1.09;0.00;34.04;car;;1;6.00
3403.00;23156390_0;1121.44;10.12;3173.00;9.52;-230845886_0;5.10;0.00;tripinfo_in_ba_to_br.2;230.00;in_ba_to_br.2;0;2198.00;0.98;0.00;26.96;car;;0;0.00
3411.00;28716808#1_0;754.74;8.91;3136.00;0.45;-23142338#2_0;5.10;0.00;tripinfo_in_ns_to_kl.8;275.00;in_ns_to_kl.8;0;2315.58;0.92;0.00;46.30;car;;2;14.00
3411.00;23156030#6_0;109.07;11.25;3201.00;0.63;-230845886_0;5.10;0.00;tripinfo_in_ba_to_od.1;210.00;in_ba_to_od.1;0;2315.50;1.09;0.00;17.47;car;;0;0.00
3414.00;23156390_0;1121.44;11.32;3149.00;0.55;-45494495_0;5.10;0.00;tripinfo_in_os_to_br.8;265.00;in_os_to_br.8;0;2513.69;1.11;0.00;57.82;car;;2;4.00
3414.00;41899283#1_0;148.70;8.87;3246.00;7.45;-230845886_0;5.10;0.00;tripinfo_in_ba_to_as.40;168.00;in_ba_to_as.40;0;1430.78;0.85;0.00;15.55;car;;0;0.00
3416.00;41899283#1_0;148.70;12.35;3258.00;3.54;-230845886_0;5.10;0.00;tripinfo_in_ba_to_as.41;158.00;in_ba_to_as.41;0;1430.78;1.13;0.00;43.35;car;;0;0.00
3421.00;28706217_0;94.10;8.74;3226.00;3.12;-230845886_0;5.10;0.00;tripinfo_in_ba_to_sl.28;195.00;in_ba_to_sl.28;0;1934.94;1.12;0.00;35.23;car;;0;0.00
3422.00;23156305_0;1264.14;10.52;3088.00;0.89;-23142338#2_0;5.10;0.00;tripinfo_in_ns_to_gg.12;334.00;in_ns_to_gg.12;0;3297.24;1.01;0.00;37.05;car;;0;0.00
3429.00;41899283#1_0;148.70;10.20;3266.00;0.03;-230845886_0;5.10;0.00;tripinfo_in_ba_to_as.42;163.00;in_ba_to_as.42;0;1430.78;0.93;0.00;22.85;car;;1;3.00
3435.00;41899283#1_0;148.70;10.04;3228.00;0.49;-45494495_0;5.10;0.00;tripinfo_in_os_to_as.13;207.00;in_os_to_as.13;0;1746.47;0.94;0.00;37.96;car;;1;17.00
3439.00;45494495_0;58.90;10.37;3275.00;6.48;-230845886_0;5.10;0.00;tripinfo_in_ba_to_os.41;164.00;in_ba_to_os.41;0;1647.96;1.03;0.00;19.70;car;;0;0.00
3444.00;28706217_0;94.10;7.24;3237.00;0.58;-230845886_0;5.10;0.00;tripinfo_in_ba_to_sl.29;207.00;in_ba_to_sl.29;0;1934.94;0.97;0.00;20.64;car;;0;0.00
3451.00;41899283#1_0;148.70;8.82;3284.00;5.06;-230845886_0;5.10;0.00;tripinfo_in_ba_to_as.43;167.00;in_ba_to_as.43;0;1430.78;0.90;0.00;23.15;car;;1;4.00
3453.00;41899283#1_0;148.70;11.09;3277.00;0.79;-45494495_0;5.10;0.00;tripinfo_in_os_to_as.14;176.00;in_os_to_as.14;0;1746.47;1.04;0.00;23.21;car;;0;0.00
3458.00;41899283#1_0;148.70;10.04;3250.00;1.64;-23142338#2_0;5.10;0.00;tripinfo_in_ns_to_as.17;208.00;in_ns_to_as.17;0;2009.37;0.97;0.00;19.55;car;;0;0.00
3462.00;28706217_0;94.10;7.25;3255.00;6.21;-230845886_0;5.10;0.00;tripinfo_in_ba_to_sl.30;207.00;in_ba_to_sl.30;0;1934.94;1.02;0.00;30.21;car;;0;0.00
3466.00;41899283#1_0;148.70;11.44;3294.00;0.10;-45494495_0;5.10;0.00;tripinfo_in_os_to_as.15;172.00;in_os_to_as.15;0;1746.47;1.06;0.00;21.33;car;;0;0.00
3467.00;41899283#1_0;148.70;11.80;3332.00;0.71;-230845886_0;5.10;0.00;tripinfo_in_ba_to_as.44;135.00;in_ba_to_as.44;0;1430.78;1.18;0.00;25.38;car;;0;0.00
3468.00;23156305_0;1264.14;9.95;3112.00;0.82;-23142338#2_0;5.10;0.00;tripinfo_in_ns_to_gg.13;356.00;in_ns_to_gg.13;0;3297.24;0.97;0.00;45.31;car;;1;7.00
3475.00;23156030#6_0;109.07;9.78;3233.00;2.37;-230845886_0;5.10;0.00;tripinfo_in_ba_to_od.2;242.00;in_ba_to_od.2;0;2315.50;0.94;0.00;20.07;car;;0;0.00
3482.00;41899283#1_0;148.70;11.66;3338.00;3.80;-230845886_0;5.10;0.00;tripinfo_in_ba_to_as.45;144.00;in_ba_to_as.45;0;1430.78;1.09;0.00;24.87;car;;1;3.00
3483.00;28706217_0;94.10;7.13;3420.00;0.08;-45494495_0;5.10;0.00;tripinfo_in_os_to_sl.13;63.00;in_os_to_sl.13;0;484.95;1.00;0.00;14.07;car;;1;2.00
3485.00;23142338#2_0;290.21;10.17;3243.00;6.08;-230845886_0;5.10;0.00;tripinfo_in_ba_to_ns.17;242.00;in_ba_to_ns.17;0;2346.36;1.02;0.00;32.88;car;;1;6.00
3485.00;28706217_0;94.10;8.17;3281.00;2.14;-230845886_0;5.10;0.00;tripinfo_in_ba_to_sl.31;204.00;in_ba_to_sl.31;0;1934.94;1.06;0.00;34.95;car;;1;1.00
3503.00;23156305_0;1264.14;10.39;3152.00;2.36;-45494495_0;5.10;0.00;tripinfo_in_os_to_gg.13;351.00;in_os_to_gg.13;0;3034.34;0.95;0.00;59.34;car;;2;11.00
3505.00;23142338#2_0;290.21;10.07;3262.00;0.65;-230845886_0;5.10;0.00;tripinfo_in_ba_to_ns.18;243.00;in_ba_to_ns.18;0;2346.36;1.02;0.00;35.07;car;;1;2.00
3507.00;23142338#2_0;290.21;10.85;3326.00;0.34;-45494495_0;5.10;0.00;tripinfo_in_os_to_ns.5;181.00;in_os_to_ns.5;0;1665.91;1.03;0.00;23.16;car;;1;2.00
3545.00;28706217_0;94.10;6.99;3319.00;0.19;-230845886_0;5.10;0.00;tripinfo_in_ba_to_sl.32;226.00;in_ba_to_sl.32;0;1934.94;0.91;0.00;28.19;car;;1;6.00
3548.00;41899283#1_0;148.70;10.87;3400.00;0.48;-230845886_0;5.10;0.00;tripinfo_in_ba_to_as.46;148.00;in_ba_to_as.46;0;1430.78;1.07;0.00;26.26;car;;0;0.00
3550.00;28706217_0;94.10;7.48;3322.00;1.26;-230845886_0;5.10;0.00;tripinfo_in_ba_to_sl.33;228.00;in_ba_to_sl.33;0;1934.94;0.99;0.00;45.46;car;;2;5.00
3554.00;23156305_0;1264.14;10.54;3278.00;8.66;-230845886_0;5.10;0.00;tripinfo_in_ba_to_gg.14;276.00;in_ba_to_gg.14;0;2718.65;1.02;0.00;34.06;car;;0;0.00
3562.00;23156305_0;1264.14;11.72;3290.00;4.53;-230845886_0;5.10;0.00;tripinfo_in_ba_to_gg.15;272.00;in_ba_to_gg.15;0;2718.65;1.12;0.00;52.02;car;;1;4.00
3568.00;23156030#6_0;109.07;8.61;3296.00;8.60;-230845886_0;5.10;0.00;tripinfo_in_ba_to_od.3;272.00;in_ba_to_od.3;0;2315.50;0.84;0.00;22.61;car;;0;0.00
3569.00;41899283#1_0;148.70;11.55;3433.00;0.07;-230845886_0;5.10;0.00;tripinfo_in_ba_to_as.47;136.00;in_ba_to_as.47;0;1430.78;1.05;0.00;12.72;car;;0;0.00
3570.00;23156305_0;1264.14;11.62;3299.00;7.23;-230845886_0;5.10;0.00;tripinfo_in_ba_to_gg.16;271.00;in_ba_to_gg.16;0;2718.65;1.15;0.00;55.55;car;;1;10.00
3572.00;23156030#6_0;109.07;10.75;3483.00;2.80;-45494495_0;5.10;0.00;tripinfo_in_os_to_od.13;89.00;in_os_to_od.13;0;865.51;0.99;0.00;9.96;car;;0;0.00
3581.00;45494495_0;58.90;8.27;3370.00;0.33;-230845886_0;5.10;0.00;tripinfo_in_ba_to_os.42;211.00;in_ba_to_os.42;0;1647.96;0.78;0.00;19.37;car;;0;0.00
3583.00;23156030#6_0;109.07;9.66;3494.00;0.28;-45494495_0;5.10;0.00;tripinfo_in_os_to_od.14;89.00;in_os_to_od.14;0;865.51;0.97;0.00;8.46;car;;0;0.00
3612.00;28706217_0;94.10;9.44;3386.00;0.18;-230845886_0;5.10;0.00;tripinfo_in_ba_to_sl.34;226.00;in_ba_to_sl.34;0;1934.94;1.16;0.00;70.88;car;;0;0.00
3614.00;28716808#1_0;754.74;10.37;3407.00;0.86;-45494495_0;5.10;0.00;tripinfo_in_os_to_kl.8;207.00;in_os_to_kl.8;0;2042.78;0.98;0.00;17.73;car;;0;0.00
3620.00;28706217_0;94.10;8.45;3426.00;0.26;-230845886_0;5.10;0.00;tripinfo_in_ba_to_sl.35;194.00;in_ba_to_sl.35;0;1934.94;1.02;0.00;17.85;car;;0;0.00
3634.00;45494495_0;58.90;9.61;3457.00;0.61;-230845886_0;5.10;0.00;tripinfo_in_ba_to_os.43;177.00;in_ba_to_os.43;0;1647.96;0.97;0.00;23.89;car;;0;0.00
3644.00;23156305_0;1264.14;10.78;3365.00;0.82;-230845886_0;5.10;0.00;tripinfo_in_ba_to_gg.17;279.00;in_ba_to_gg.17;0;2718.65;1.05;0.00;42.80;car;;1;7.00
3648.00;28706217_0;94.10;7.12;3585.00;0.65;-45494495_0;5.10;0.00;tripinfo_in_os_to_sl.14;63.00;in_os_to_sl.14;0;484.95;0.88;0.00;7.02;car;;0;0.00
3654.00;23156030#6_0;109.07;9.95;3564.00;0.04;-45494495_0;5.10;0.00;tripinfo_in_os_to_od.15;90.00;in_os_to_od.15;0;865.51;0.98;0.00;10.22;car;;0;0.00
3669.00;45494495_0;58.90;9.66;3501.00;0.47;-230845886_0;5.10;0.00;tripinfo_in_ba_to_os.44;168.00;in_ba_to_os.44;0;1647.96;0.97;0.00;14.41;car;;0;0.00
3674.00;23156305_0;1264.14;9.97;3391.00;0.09;-230845886_0;5.10;0.00;tripinfo_in_ba_to_gg.18;283.00;in_ba_to_gg.18;0;2718.65;0.99;0.00;33.31;car;;0;0.00
3674.00;28706217_0;94.10;7.11;3448.00;5.88;-230845886_0;5.10;0.00;tripinfo_in_ba_to_sl.36;226.00;in_ba_to_sl.36;0;1934.94;0.87;0.00;18.38;car;;0;0.00
3676.00;23142338#2_0;290.21;12.22;3445.00;3.03;-230845886_0;5.10;0.00;tripinfo_in_ba_to_ns.19;231.00;in_ba_to_ns.19;0;2346.36;1.20;0.00;54.18;car;;1;19.00
3680.00;23142338#2_0;290.21;12.13;3502.00;2.89;-45494495_0;5.10;0.00;tripinfo_in_os_to_ns.6;178.00;in_os_to_ns.6;0;1665.91;1.19;0.00;40.72;car;;1;3.00
3691.00;28706217_0;94.10;6.40;3621.00;0.83;-45494495_0;5.10;0.00;tripinfo_in_os_to_sl.15;70.00;in_os_to_sl.15;0;484.95;0.92;0.00;16.44;car;;1;6.00
3699.00;23156305_0;1264.14;9.40;3417.00;0.77;-230845886_0;5.10;0.00;tripinfo_in_ba_to_gg.19;282.00;in_ba_to_gg.19;0;2718.65;0.96;0.00;22.95;car;;0;0.00
3703.00;23156030#6_0;109.07;9.61;3607.00;0.12;-45494495_0;5.10;0.00;tripinfo_in_os_to_od.16;96.00;in_os_to_od.16;0;865.51;0.90;0.00;8.79;car;;0;0.00
3708.00;45494495_0;58.90;12.25;3551.00;0.70;-230845886_0;5.10;0.00;tripinfo_in_ba_to_os.45;157.00;in_ba_to_os.45;0;1647.96;1.14;0.00;26.28;car;;0;0.00
3733.00;23142338#2_0;290.21;11.29;3463.00;0.90;-230845886_0;5.10;0.00;tripinfo_in_ba_to_ns.20;270.00;in_ba_to_ns.20;0;2346.36;1.03;0.00;62.40;car;;2;29.00
3735.00;23142338#2_0;290.21;10.33;3489.00;0.64;-230845886_0;5.10;0.00;tripinfo_in_ba_to_ns.21;246.00;in_ba_to_ns.21;0;2346.36;1.02;0.00;37.25;car;;2;11.00
3744.00;23156305_0;1264.14;9.14;3436.00;0.14;-230845886_0;5.10;0.00;tripinfo_in_ba_to_gg.20;308.00;in_ba_to_gg.20;0;2718.65;0.87;0.00;25.30;car;;0;0.00
3762.00;230845886_0;633.12;10.92;3491.00;0.07;-23142338#2_0;5.10;0.00;tripinfo_in_ns_to_ba.5;271.00;in_ns_to_ba.5;0;2340.42;0.99;0.00;60.08;car;;2;30.00
3764.00;230845886_0;633.12;12.03;3599.00;0.17;-45494495_0;5.10;0.00;tripinfo_in_os_to_ba.20;165.00;in_os_to_ba.20;0;1746.52;1.11;0.00;22.08;car;;0;0.00
3776.00;45494495_0;58.90;10.16;3611.00;0.61;-230845886_0;5.10;0.00;tripinfo_in_ba_to_os.46;165.00;in_ba_to_os.46;0;1647.96;1.00;0.00;16.38;car;;0;0.00
3779.00;23156030#6_0;109.07;10.38;3547.00;0.40;-230845886_0;5.10;0.00;tripinfo_in_ba_to_od.4;232.00;in_ba_to_od.4;0;2315.50;1.00;0.00;22.11;car;;0;0.00
3805.00;45494495_0;58.90;10.73;3632.00;7.64;-230845886_0;5.10;0.00;tripinfo_in_ba_to_os.47;173.00;in_ba_to_os.47;0;1647.96;0.97;0.00;19.06;car;;0;0.00
3807.00;45494495_0;58.90;11.69;3635.00;1.01;-230845886_0;5.10;0.00;tripinfo_in_ba_to_os.48;172.00;in_ba_to_os.48;0;1647.96;1.06;0.00;31.12;car;;0;0.00
3808.00;28706217_0;94.10;7.55;3747.00;0.29;-45494495_0;5.10;0.00;tripinfo_in_os_to_sl.16;61.00;in_os_to_sl.16;0;484.95;0.98;0.00;10.89;car;;1;1.00
3837.00;23156030#6_0;109.07;10.05;3601.00;4.11;-230845886_0;5.10;0.00;tripinfo_in_ba_to_od.5;236.00;in_ba_to_od.5;0;2315.50;0.99;0.00;25.13;car;;0;0.00
3848.00;28706217_0;94.10;7.99;3638.00;2.53;-230845886_0;5.10;0.00;tripinfo_in_ba_to_sl.37;210.00;in_ba_to_sl.37;0;1934.94;1.01;0.00;31.59;car;;1;2.00
3861.00;45494495_0;58.90;7.70;3659.00;16.12;-230845886_0;5.10;0.00;tripinfo_in_ba_to_os.49;202.00;in_ba_to_os.49;0;1647.96;0.81;0.00;17.38;car;;0;0.00
3975.00;28706217_0;94.10;7.30;3919.00;0.67;-45494495_0;5.10;0.00;tripinfo_in_os_to_sl.17;56.00;in_os_to_sl.17;0;484.95;1.02;0.00;7.55;car;;0;0.00
4196.00;28706217_0;94.10;8.70;4139.00;0.81;-45494495_0;5.10;0.00;tripinfo_in_os_to_sl.18;57.00;in_os_to_sl.18;0;484.95;1.06;0.00;10.18;car;;0;0.00
4213.00;23156030#6_0;109.07;10.09;4112.00;1.99;-45494495_0;5.10;0.00;tripinfo_in_os_to_od.17;101.00;in_os_to_od.17;0;865.51;0.91;0.00;14.83;car;;1;2.00
4213.00;28706217_0;94.10;6.18;4146.00;0.53;-45494495_0;5.10;0.00;tripinfo_in_os_to_sl.19;67.00;in_os_to_sl.19;0;484.95;0.83;0.00;7.90;car;;0;0.00
4281.00;23156030#6_0;109.07;8.60;4183.00;0.92;-45494495_0;5.10;0.00;tripinfo_in_os_to_od.18;98.00;in_os_to_od.18;0;865.51;0.87;0.00;8.14;car;;0;0.00
4305.00;23156030#6_0;109.07;10.59;4216.00;0.34;-45494495_0;5.10;0.00;tripinfo_in_os_to_od.19;89.00;in_os_to_od.19;0;865.51;0.97;0.00;8.29;car;;0;0.00
4319.00;23156030#6_0;109.07;10.89;4222.00;0.22;-45494495_0;5.10;0.00;tripinfo_in_os_to_od.20;97.00;in_os_to_od.20;0;865.51;0.99;0.00;17.32;car;;1;5.00
4371.00;28706217_0;94.10;8.30;4306.00;2.35;-45494495_0;5.10;0.00;tripinfo_in_os_to_sl.20;65.00;in_os_to_sl.20;0;484.95;1.02;0.00;16.55;car;;1;1.00
4450.00;28706217_0;94.10;6.68;4387.00;0.01;-45494495_0;5.10;0.00;tripinfo_in_os_to_sl.21;63.00;in_os_to_sl.21;0;484.95;0.92;0.00;9.70;car;;0;0.00
4486.00;23156030#6_0;109.07;9.28;4392.00;0.54;-45494495_0;5.10;0.00;tripinfo_in_os_to_od.21;94.00;in_os_to_od.21;0;865.51;0.91;0.00;8.10;car;;0;0.00
4532.00;28706217_0;94.10;6.79;4468.00;0.24;-45494495_0;5.10;0.00;tripinfo_in_os_to_sl.22;64.00;in_os_to_sl.22;0;484.95;0.86;0.00;7.00;car;;0;0.00
4598.00;23156030#6_0;109.07;11.97;4522.00;0.61;-45494495_0;5.10;0.00;tripinfo_in_os_to_od.22;76.00;in_os_to_od.22;0;865.51;1.13;0.00;6.85;car;;0;0.00
4719.00;28706217_0;94.10;7.42;4656.00;3.96;-45494495_0;5.10;0.00;tripinfo_in_os_to_sl.23;63.00;in_os_to_sl.23;0;484.95;0.99;0.00;13.45;car;;1;3.00
4741.00;23156030#6_0;109.07;9.17;4643.00;4.19;-45494495_0;5.10;0.00;tripinfo_in_os_to_od.23;98.00;in_os_to_od.23;0;865.51;0.88;0.00;8.72;car;;0;0.00
4786.00;23156030#6_0;109.07;10.79;4706.00;0.34;-45494495_0;5.10;0.00;tripinfo_in_os_to_od.24;80.00;in_os_to_od.24;0;865.51;1.08;0.00;6.98;car;;0;0.00
4801.00;28706217_0;94.10;7.63;4729.00;3.67;-45494495_0;5.10;0.00;tripinfo_in_os_to_sl.24;72.00;in_os_to_sl.24;0;484.95;0.92;0.00;18.19;car;;1;6.00
4843.00;28706217_0;94.10;6.27;4772.00;3.65;-45494495_0;5.10;0.00;tripinfo_in_os_to_sl.25;71.00;in_os_to_sl.25;0;484.95;0.84;0.00;12.27;car;;1;1.00
4868.00;28706217_0;94.10;7.98;4801.00;4.37;-45494495_0;5.10;0.00;tripinfo_in_os_to_sl.26;67.00;in_os_to_sl.26;0;484.95;0.98;0.00;16.77;car;;0;0.00
4882.00;23156030#6_0;109.07;11.69;4798.00;2.18;-45494495_0;5.10;0.00;tripinfo_in_os_to_od.25;84.00;in_os_to_od.25;0;865.51;1.12;0.00;13.46;car;;1;2.00
4958.00;28706217_0;94.10;6.72;4897.00;0.84;-45494495_0;5.10;0.00;tripinfo_in_os_to_sl.27;61.00;in_os_to_sl.27;0;484.95;0.96;0.00;9.99;car;;0;0.00
5036.00;28706217_0;94.10;7.61;4981.00;0.15;-45494495_0;5.10;0.00;tripinfo_in_os_to_sl.28;55.00;in_os_to_sl.28;0;484.95;1.02;0.00;6.62;car;;0;0.00
5045.00;23156030#6_0;109.07;11.41;4952.00;0.35;-45494495_0;5.10;0.00;tripinfo_in_os_to_od.26;93.00;in_os_to_od.26;0;865.51;1.04;0.00;18.08;car;;1;6.00
5140.00;23156030#6_0;109.07;7.57;5015.00;4.84;-45494495_0;5.10;0.00;tripinfo_out_os_to_od.0;125.00;out_os_to_od.0;0;865.51;0.70;0.00;12.38;car;;0;0.00
5144.00;23156030#6_0;109.07;9.38;5035.00;0.00;-45494495_0;5.10;0.00;tripinfo_out_os_to_od.1;109.00;out_os_to_od.1;0;865.51;0.91;0.00;22.62;car;;1;11.00
5145.00;23156030#6_1;109.07;9.63;5038.00;2.82;-45494495_0;5.10;0.00;tripinfo_out_os_to_od.2;107.00;out_os_to_od.2;0;865.51;0.93;0.00;22.22;car;;1;9.00
5146.00;23156030#6_0;109.07;9.99;5061.00;0.15;-45494495_0;5.10;0.00;tripinfo_out_os_to_od.3;85.00;out_os_to_od.3;0;865.51;1.01;0.00;7.39;car;;0;0.00
5157.00;23156030#6_0;109.07;11.05;5071.00;0.96;-45494495_0;5.10;0.00;tripinfo_out_os_to_od.4;86.00;out_os_to_od.4;0;865.51;1.11;0.00;15.13;car;;1;3.00
5159.00;28706217_0;94.10;8.68;5106.00;0.76;-45494495_0;5.10;0.00;tripinfo_out_os_to_sl.0;53.00;out_os_to_sl.0;0;484.95;1.07;0.00;6.80;car;;0;0.00
5182.00;28706217_0;94.10;7.01;5122.00;0.56;-45494495_0;5.10;0.00;tripinfo_out_os_to_sl.1;60.00;out_os_to_sl.1;0;484.95;0.93;0.00;7.13;car;;0;0.00
5222.00;28706217_0;94.10;9.33;5172.00;0.54;-45494495_0;5.10;0.00;tripinfo_out_os_to_sl.2;50.00;out_os_to_sl.2;0;484.95;1.15;0.00;6.80;car;;0;0.00
5230.00;23156030#6_0;109.07;9.67;5134.00;0.35;-45494495_0;5.10;0.00;tripinfo_out_os_to_od.5;96.00;out_os_to_od.5;0;865.51;0.96;0.00;14.58;car;;1;2.00
5242.00;41899283#1_0;148.70;13.50;5088.00;0.80;-23156305_0;5.10;0.00;tripinfo_out_gg_to_as.0;154.00;out_gg_to_as.0;0;1699.56;1.23;0.00;27.74;car;;0;0.00
5268.00;41899283#1_0;148.70;10.48;3495.00;3.54;-230845886_0;5.10;0.00;tripinfo_in_ba_to_as.48;1773.00;in_ba_to_as.48;0;1430.78;1.06;0.00;1649.85;car;;1;1622.00
5283.00;28706217_0;94.10;7.14;5224.00;0.41;-45494495_0;5.10;0.00;tripinfo_out_os_to_sl.3;59.00;out_os_to_sl.3;0;484.95;0.98;0.00;8.64;car;;0;0.00
5298.00;28716808#1_0;754.74;10.62;3476.00;0.24;-45494495_0;5.10;0.00;tripinfo_in_os_to_kl.9;1822.00;in_os_to_kl.9;0;2042.78;1.02;0.00;1640.80;car;;1;1615.00
5315.00;23156030#6_0;109.07;11.02;5228.00;0.58;-45494495_0;5.10;0.00;tripinfo_out_os_to_od.6;87.00;out_os_to_od.6;0;865.51;0.99;0.00;8.10;car;;0;0.00
5334.00;23156030#6_0;109.07;10.82;5252.00;0.48;-45494495_0;5.10;0.00;tripinfo_out_os_to_od.7;82.00;out_os_to_od.7;0;865.51;1.06;0.00;7.76;car;;0;0.00
5339.00;41899283#1_0;148.70;9.27;3510.00;4.31;-230845886_0;5.10;0.00;tripinfo_in_ba_to_as.49;1829.00;in_ba_to_as.49;0;1430.78;0.94;0.00;1690.09;car;;2;1662.00
5341.00;41899283#1_0;148.70;9.60;3513.00;4.50;-230845886_0;5.10;0.00;tripinfo_in_ba_to_as.50;1828.00;in_ba_to_as.50;0;1430.78;0.95;0.00;1691.98;car;;2;1661.00
5380.00;41899283#1_0;148.70;8.38;3583.00;0.70;-230845886_0;5.10;0.00;tripinfo_in_ba_to_as.51;1797.00;in_ba_to_as.51;0;1430.78;0.85;0.00;1644.15;car;;3;1607.00
5383.00;41899283#1_0;148.70;10.31;3592.00;1.46;-230845886_0;5.10;0.00;tripinfo_in_ba_to_as.52;1791.00;in_ba_to_as.52;0;1430.78;0.95;0.00;1654.92;car;;3;1602.00
5388.00;23156305_0;1264.14;10.25;3451.00;6.26;-230845886_0;5.10;0.00;tripinfo_in_ba_to_gg.21;1937.00;in_ba_to_gg.21;0;2718.65;1.03;0.00;1696.70;car;;1;1659.00
5396.00;23156305_0;1264.14;10.29;3466.00;0.24;-45494495_0;5.10;0.00;tripinfo_in_os_to_gg.14;1930.00;in_os_to_gg.14;0;3034.34;1.02;0.00;1658.85;car;;2;1621.00
5401.00;41899283#1_0;148.70;11.11;3629.00;5.17;-230845886_0;5.10;0.00;tripinfo_in_ba_to_as.53;1772.00;in_ba_to_as.53;0;1430.78;1.04;0.00;1647.29;car;;4;1593.00
5447.00;23156030#6_0;109.07;8.44;5339.00;0.04;-45494495_0;5.10;0.00;tripinfo_out_os_to_od.8;108.00;out_os_to_od.8;0;865.51;0.80;0.00;10.16;car;;0;0.00
5466.00;23156305_0;1264.14;11.03;3499.00;0.27;-45494495_0;5.10;0.00;tripinfo_in_os_to_gg.15;1967.00;in_os_to_gg.15;0;3034.34;1.02;0.00;1697.36;car;;2;1659.00
5477.00;23156030#6_1;109.07;10.72;5396.00;0.29;-45494495_0;5.10;0.00;tripinfo_out_os_to_od.10;81.00;out_os_to_od.10;0;865.51;1.06;0.00;7.33;car;;0;0.00
5482.00;23156030#6_0;109.07;7.25;5360.00;0.88;-45494495_0;5.10;0.00;tripinfo_out_os_to_od.9;122.00;out_os_to_od.9;0;865.51;0.72;0.00;13.91;car;;0;0.00
5535.00;23156305_0;1264.14;8.42;3557.00;0.53;-230845886_0;5.10;0.00;tripinfo_in_ba_to_gg.22;1978.00;in_ba_to_gg.22;0;2718.65;0.81;0.00;1671.64;car;;3;1626.00
5537.00;23156305_0;1264.14;10.44;3586.00;3.24;-230845886_0;5.10;0.00;tripinfo_in_ba_to_gg.23;1951.00;in_ba_to_gg.23;0;2718.65;0.95;0.00;1691.24;car;;3;1604.00
5539.00;23156305_0;1264.14;12.70;3604.00;5.21;-230845886_0;5.10;0.00;tripinfo_in_ba_to_gg.24;1935.00;in_ba_to_gg.24;0;2718.65;1.17;0.00;1722.93;car;;4;1624.00
5541.00;23156305_0;1264.14;10.89;3641.00;5.05;-230845886_0;5.10;0.00;tripinfo_in_ba_to_gg.25;1900.00;in_ba_to_gg.25;0;2718.65;1.05;0.00;1663.78;car;;4;1586.00
5579.00;23156030#6_0;109.07;10.25;5481.00;0.02;-45494495_0;5.10;0.00;tripinfo_out_os_to_od.11;98.00;out_os_to_od.11;0;865.51;0.99;0.00;18.56;car;;1;6.00
5603.00;23156030#6_0;109.07;10.40;5511.00;0.46;-45494495_0;5.10;0.00;tripinfo_out_os_to_od.13;92.00;out_os_to_od.13;0;865.51;0.94;0.00;8.57;car;;0;0.00
5605.00;28706217_0;94.10;9.37;5547.00;1.12;-45494495_0;5.10;0.00;tripinfo_out_os_to_sl.4;58.00;out_os_to_sl.4;0;484.95;1.15;0.00;14.99;car;;1;3.00
5606.00;23156030#6_0;109.07;9.12;5507.00;0.33;-45494495_0;5.10;0.00;tripinfo_out_os_to_od.12;99.00;out_os_to_od.12;0;865.51;0.87;0.00;8.65;car;;0;0.00
5616.00;23156030#6_0;109.07;12.03;5538.00;0.76;-45494495_0;5.10;0.00;tripinfo_out_os_to_od.14;78.00;out_os_to_od.14;0;865.51;1.09;0.00;6.19;car;;0;0.00
5636.00;23156030#6_0;109.07;10.60;5544.00;0.27;-45494495_0;5.10;0.00;tripinfo_out_os_to_od.15;92.00;out_os_to_od.15;0;865.51;1.02;0.00;15.31;car;;1;4.00
5641.00;23156030#6_0;109.07;10.37;5558.00;0.48;-45494495_0;5.10;0.00;tripinfo_out_os_to_od.16;83.00;out_os_to_od.16;0;865.51;1.03;0.00;7.04;car;;0;0.00
5659.00;23156030#6_0;109.07;10.58;5569.00;0.49;-45494495_0;5.10;0.00;tripinfo_out_os_to_od.17;90.00;out_os_to_od.17;0;865.51;0.95;0.00;8.15;car;;0;0.00
5663.00;23156030#6_0;109.07;10.15;5572.00;2.37;-45494495_0;5.10;0.00;tripinfo_out_os_to_od.18;91.00;out_os_to_od.18;0;865.51;0.93;0.00;6.71;car;;0;0.00
5680.00;23156030#6_0;109.07;10.72;5598.00;0.80;-45494495_0;5.10;0.00;tripinfo_out_os_to_od.19;82.00;out_os_to_od.19;0;865.51;1.05;0.00;6.96;car;;0;0.00
5711.00;28706217_0;94.10;6.41;5646.00;0.73;-45494495_0;5.10;0.00;tripinfo_out_os_to_sl.5;65.00;out_os_to_sl.5;0;484.95;0.86;0.00;7.91;car;;0;0.00
5787.00;23156030#6_0;109.07;11.65;5713.00;0.29;-45494495_0;5.10;0.00;tripinfo_out_os_to_od.20;74.00;out_os_to_od.20;0;865.51;1.16;0.00;6.93;car;;0;0.00
5809.00;23156030#6_0;109.07;10.08;5716.00;2.74;-45494495_0;5.10;0.00;tripinfo_out_os_to_od.21;93.00;out_os_to_od.21;0;865.51;0.92;0.00;7.59;car;;0;0.00
5818.00;23156030#6_0;109.07;11.14;5728.00;0.03;-45494495_0;5.10;0.00;tripinfo_out_os_to_od.22;90.00;out_os_to_od.22;0;865.51;1.10;0.00;19.01;car;;1;7.00
5875.00;23156030#6_0;109.07;8.79;5780.00;0.30;-45494495_0;5.10;0.00;tripinfo_out_os_to_od.23;95.00;out_os_to_od.23;0;865.51;0.91;0.00;8.37;car;;0;0.00
5887.00;23156030#6_0;109.07;11.05;5806.00;0.45;-45494495_0;5.10;0.00;tripinfo_out_os_to_od.24;81.00;out_os_to_od.24;0;865.51;1.06;0.00;6.55;car;;0;0.00
5926.00;23156030#6_0;109.07;10.41;5838.00;0.77;-45494495_0;5.10;0.00;tripinfo_out_os_to_od.25;88.00;out_os_to_od.25;0;865.51;1.02;0.00;11.24;car;;0;0.00
5961.00;23156030#6_0;109.07;11.73;5873.00;0.52;-45494495_0;5.10;0.00;tripinfo_out_os_to_od.26;88.00;out_os_to_od.26;0;865.51;1.13;0.00;18.24;car;;1;7.00
5967.00;23156030#6_0;109.07;10.67;5879.00;4.42;-45494495_0;5.10;0.00;tripinfo_out_os_to_od.27;88.00;out_os_to_od.27;0;865.51;1.05;0.00;13.22;car;;1;3.00
5982.00;28706217_0;94.10;6.19;5908.00;0.28;-45494495_0;5.10;0.00;tripinfo_out_os_to_sl.6;74.00;out_os_to_sl.6;0;484.95;0.87;0.00;17.46;car;;1;5.00
5986.00;23156030#6_0;109.07;11.02;5898.00;0.10;-45494495_0;5.10;0.00;tripinfo_out_os_to_od.28;88.00;out_os_to_od.28;0;865.51;1.05;0.00;12.79;car;;0;0.00
