tripinfo_id;tripinfo_depart;tripinfo_departLane;tripinfo_departPos;tripinfo_departSpeed;tripinfo_departDelay;tripinfo_arrival;tripinfo_arrivalLane;tripinfo_arrivalPos;tripinfo_arrivalSpeed;tripinfo_duration;tripinfo_routeLength;tripinfo_waitingTime;tripinfo_waitingCount;tripinfo_stopTime;tripinfo_timeLoss;tripinfo_rerouteNo;tripinfo_devices;tripinfo_vType;tripinfo_speedFactor;tripinfo_vaporized
wu_os_to_sl.0;22.00;-45494495_0;5.10;0.00;3.61;107.00;28706217_0;94.10;7.72;85.00;484.95;24.00;1;0.00;34.46;0;tripinfo_wu_os_to_sl.0;car;0.97;
wu_os_to_od.0;10.00;-45494495_0;5.10;0.00;0.26;110.00;23156030#6_0;109.07;8.97;100.00;865.51;1.00;1;0.00;13.12;0;tripinfo_wu_os_to_od.0;car;0.91;
wu_od_to_os.0;10.00;803785575#0_0;5.10;0.00;2.62;111.00;45494495_0;58.90;9.76;101.00;969.96;0.00;0;0.00;9.16;0;tripinfo_wu_od_to_os.0;car;0.95;
wu_as_to_kl.0;10.00;23687583_0;5.10;0.00;1.45;127.00;28716808#1_0;754.74;10.56;117.00;1207.92;0.00;0;0.00;13.40;0;tripinfo_wu_as_to_kl.0;car;1.06;
wu_od_to_os.1;46.00;803785575#0_0;5.10;0.00;4.45;138.00;45494495_0;58.90;10.46;92.00;969.96;0.00;0;0.00;8.04;0;tripinfo_wu_od_to_os.1;car;1.05;
wu_os_to_od.1;56.00;-45494495_0;5.10;0.00;0.35;144.00;23156030#6_0;109.07;10.54;88.00;865.51;0.00;0;0.00;8.00;0;tripinfo_wu_os_to_od.1;car;0.98;
wu_as_to_ba.0;13.00;23687583_0;5.10;0.00;0.07;149.00;230845886_0;633.12;10.52;136.00;1356.50;0.00;0;0.00;10.93;0;tripinfo_wu_as_to_ba.0;car;0.98;
wu_as_to_ba.1;27.00;23687583_0;5.10;0.00;0.49;151.00;230845886_0;633.12;12.33;124.00;1356.50;2.00;1;0.00;15.59;0;tripinfo_wu_as_to_ba.1;car;1.13;
wu_as_to_ko.0;44.00;23687583_0;5.10;0.00;2.41;152.00;972103805_0;116.86;10.51;108.00;1102.39;0.00;0;0.00;9.48;0;tripinfo_wu_as_to_ko.0;car;1.02;
wu_od_to_os.2;58.00;803785575#0_0;5.10;0.00;0.15;154.00;45494495_0;58.90;11.06;96.00;969.96;0.00;0;0.00;10.36;0;tripinfo_wu_od_to_os.2;car;1.03;
wu_ns_to_ko.0;14.00;-23142338#2_0;5.10;0.00;0.95;155.00;972103805_0;116.86;10.82;141.00;1398.55;0.00;0;0.00;12.41;0;tripinfo_wu_ns_to_ko.0;car;0.98;
wu_ba_to_as.0;9.00;-230845886_0;5.10;0.00;0.19;169.00;41899283#1_0;148.70;9.71;160.00;1430.78;3.00;1;0.00;19.80;0;tripinfo_wu_ba_to_as.0;car;0.93;
wu_os_to_as.0;19.00;-45494495_0;5.10;0.00;0.87;188.00;41899283#1_0;148.70;11.60;169.00;1746.47;1.00;1;0.00;20.44;0;tripinfo_wu_os_to_as.0;car;1.07;
wu_as_to_os.0;3.00;23687583_0;5.10;0.00;0.17;194.00;45494495_0;58.90;8.76;191.00;1689.77;0.00;0;0.00;14.90;0;tripinfo_wu_as_to_os.0;car;0.87;
wu_od_to_os.3;104.00;803785575#0_0;5.10;0.00;2.33;202.00;45494495_0;58.90;10.60;98.00;969.96;0.00;0;0.00;11.80;0;tripinfo_wu_od_to_os.3;car;1.02;
wu_as_to_os.1;41.00;23687583_0;5.10;0.00;1.57;206.00;45494495_0;58.90;10.84;165.00;1689.77;0.00;0;0.00;16.01;0;tripinfo_wu_as_to_os.1;car;1.02;
wu_as_to_ns.0;7.00;23687583_0;5.10;0.00;0.86;208.00;23142338#2_0;290.21;10.92;201.00;1995.73;0.00;0;0.00;18.97;0;tripinfo_wu_as_to_ns.0;car;1.00;
wu_od_to_ns.0;28.00;803785575#0_0;5.10;0.00;0.52;212.00;23142338#2_0;290.21;11.69;184.00;1928.29;0.00;0;0.00;16.74;0;tripinfo_wu_od_to_ns.0;car;1.12;
wu_as_to_ba.2;80.00;23687583_0;5.10;0.00;0.16;212.00;230845886_0;633.12;10.97;132.00;1356.50;0.00;0;0.00;10.31;0;tripinfo_wu_as_to_ba.2;car;1.01;
wu_od_to_os.4;111.00;803785575#0_0;5.10;0.00;2.48;221.00;45494495_0;58.90;9.67;110.00;969.96;0.00;0;0.00;9.30;0;tripinfo_wu_od_to_os.4;car;0.88;
wu_os_to_as.1;25.00;-45494495_0;5.10;0.00;5.40;223.00;41899283#1_0;148.70;8.63;198.00;1746.47;0.00;0;0.00;18.65;0;tripinfo_wu_os_to_as.1;car;0.88;
wu_ns_to_ko.1;66.00;-23142338#2_0;5.10;0.00;0.28;223.00;972103805_0;116.86;13.21;157.00;1398.55;0.00;0;0.00;55.98;0;tripinfo_wu_ns_to_ko.1;car;1.28;
wu_od_to_ba.0;1.00;803785575#0_0;5.10;0.00;0.21;229.00;230845886_0;633.12;10.15;228.00;2382.14;0.00;0;0.00;17.05;0;tripinfo_wu_od_to_ba.0;car;1.02;
wu_ba_to_gj.0;12.00;-230845886_0;5.10;0.00;0.88;234.00;23527526_0;253.75;8.87;222.00;1755.68;7.00;1;0.00;28.87;0;tripinfo_wu_ba_to_gj.0;car;0.83;
wu_as_to_ko.1;131.00;23687583_0;5.10;0.00;0.89;238.00;972103805_0;116.86;11.37;107.00;1102.39;3.00;1;0.00;17.72;0;tripinfo_wu_as_to_ko.1;car;1.11;
wu_as_to_ns.1;38.00;23687583_0;5.10;0.00;0.89;239.00;23142338#2_0;290.21;10.39;201.00;1995.73;0.00;0;0.00;18.23;0;tripinfo_wu_as_to_ns.1;car;0.99;
wu_os_to_ns.0;53.00;-45494495_0;5.10;0.00;0.64;241.00;23142338#2_0;290.21;12.21;188.00;1665.91;14.00;3;0.00;45.94;0;tripinfo_wu_os_to_ns.0;car;1.15;
wu_ba_to_os.0;89.00;-230845886_0;5.10;0.00;0.40;247.00;45494495_0;58.90;11.25;158.00;1647.96;0.00;0;0.00;20.13;0;tripinfo_wu_ba_to_os.0;car;1.09;
wu_ns_to_ko.2;95.00;-23142338#2_0;5.10;0.00;0.16;247.00;972103805_0;116.86;9.95;152.00;1398.55;1.00;1;0.00;17.60;0;tripinfo_wu_ns_to_ko.2;car;0.94;
wu_od_to_ko.0;4.00;803785575#0_0;5.10;0.00;2.17;249.00;972103805_0;116.86;11.98;245.00;2307.67;7.00;2;0.00;44.09;0;tripinfo_wu_od_to_ko.0;car;1.10;
wu_od_to_kl.0;7.00;803785575#0_0;5.10;0.00;3.16;253.00;28716808#1_0;754.74;10.92;246.00;2678.40;0.00;0;0.00;25.05;0;tripinfo_wu_od_to_kl.0;car;1.10;
wu_od_to_ba.1;14.00;803785575#0_0;5.10;0.00;0.44;255.00;230845886_0;633.12;9.82;241.00;2382.14;0.00;0;0.00;17.02;0;tripinfo_wu_od_to_ba.1;car;0.96;
wu_as_to_os.2;89.00;23687583_0;5.10;0.00;0.55;262.00;45494495_0;58.90;9.55;173.00;1689.77;0.00;0;0.00;14.91;0;tripinfo_wu_as_to_os.2;car;0.97;
wu_as_to_gg.0;111.00;23687583_0;5.10;0.00;0.90;263.00;23156305_0;1264.14;11.13;152.00;1600.87;0.00;0;0.00;12.40;0;tripinfo_wu_as_to_gg.0;car;1.04;
wu_as_to_gj.0;198.00;23687583_0;5.10;0.00;8.66;266.00;23527526_0;253.75;9.56;68.00;649.06;0.00;0;0.00;7.27;0;tripinfo_wu_as_to_gj.0;car;0.97;
wu_ba_to_sl.0;39.00;-230845886_0;5.10;0.00;1.88;270.00;28706217_0;94.10;9.42;231.00;1934.94;21.00;3;0.00;82.55;0;tripinfo_wu_ba_to_sl.0;car;1.21;
wu_ba_to_as.1;116.00;-230845886_0;5.10;0.00;0.33;270.00;41899283#1_0;148.70;9.36;154.00;1430.78;0.00;0;0.00;18.46;0;tripinfo_wu_ba_to_as.1;car;0.95;
wu_ba_to_od.0;37.00;-230845886_0;5.10;0.00;0.14;273.00;23156030#6_0;109.07;9.68;236.00;2315.50;0.00;0;0.00;20.43;0;tripinfo_wu_ba_to_od.0;car;0.97;
wu_as_to_gj.1;201.00;23687583_0;5.10;0.00;9.76;274.00;23527526_0;253.75;10.08;73.00;649.06;0.00;0;0.00;8.19;0;tripinfo_wu_as_to_gj.1;car;0.91;
wu_ba_to_ko.0;32.00;-230845886_0;5.10;0.00;0.31;276.00;972103805_0;116.86;9.77;244.00;2114.29;10.00;2;0.00;37.99;0;tripinfo_wu_ba_to_ko.0;car;0.94;
wu_ns_to_gg.0;2.00;-23142338#2_0;5.10;0.00;0.85;280.00;23156305_0;1264.14;12.78;278.00;3297.24;0.00;0;0.00;25.44;0;tripinfo_wu_ns_to_gg.0;car;1.19;
wu_os_to_gj.0;73.00;-45494495_0;5.10;0.00;0.40;282.00;23527526_0;253.75;9.94;209.00;2071.37;0.00;0;0.00;19.01;0;tripinfo_wu_os_to_gj.0;car;0.99;
wu_od_to_ko.1;40.00;803785575#0_0;5.10;0.00;0.97;283.00;972103805_0;116.86;10.53;243.00;2307.67;4.00;1;0.00;31.56;0;tripinfo_wu_od_to_ko.1;car;1.04;
wu_as_to_ko.2;171.00;23687583_0;5.10;0.00;0.44;290.00;972103805_0;116.86;10.15;119.00;1102.39;0.00;0;0.00;10.37;0;tripinfo_wu_as_to_ko.2;car;0.92;
wu_ba_to_gg.0;43.00;-230845886_0;5.10;0.00;3.70;291.00;23156305_0;1264.14;12.59;248.00;2718.65;1.00;1;0.00;32.31;0;tripinfo_wu_ba_to_gg.0;car;1.15;
wu_as_to_ko.3;174.00;23687583_0;5.10;0.00;2.82;292.00;972103805_0;116.86;11.39;118.00;1102.39;0.00;0;0.00;21.09;0;tripinfo_wu_as_to_ko.3;car;1.03;
wu_od_to_sl.0;202.00;803785575#0_0;5.10;0.00;0.33;294.00;28706217_0;94.10;6.64;92.00;747.33;0.00;0;0.00;9.26;0;tripinfo_wu_od_to_sl.0;car;0.88;
wu_as_to_sl.0;53.00;23687583_0;5.10;0.00;0.53;296.00;28706217_0;94.10;9.05;243.00;1976.75;31.00;3;0.00;81.90;0;tripinfo_wu_as_to_sl.0;car;1.14;
wu_as_to_ba.3;153.00;23687583_0;5.10;0.00;2.60;297.00;230845886_0;633.12;9.47;144.00;1356.50;0.00;0;0.00;14.97;0;tripinfo_wu_as_to_ba.3;car;0.95;
wu_as_to_ko.4;189.00;23687583_0;5.10;0.00;0.82;298.00;972103805_0;116.86;11.04;109.00;1102.39;0.00;0;0.00;9.66;0;tripinfo_wu_as_to_ko.4;car;1.01;
wu_od_to_os.5;190.00;803785575#0_0;5.10;0.00;1.87;300.00;45494495_0;58.90;9.54;110.00;969.96;0.00;0;0.00;9.79;0;tripinfo_wu_od_to_os.5;car;0.88;
wu_od_to_ns.1;64.00;803785575#0_0;5.10;0.00;0.42;302.00;23142338#2_0;290.21;9.86;238.00;1928.29;15.00;2;0.00;41.88;0;tripinfo_wu_od_to_ns.1;car;0.94;
wu_os_to_br.0;29.00;-45494495_0;5.10;0.00;3.33;303.00;23156390_0;1121.44;10.11;274.00;2513.69;0.00;0;0.00;28.16;0;tripinfo_wu_os_to_br.0;car;0.93;
wu_od_to_kl.1;17.00;803785575#0_0;5.10;0.00;0.28;304.00;28716808#1_0;754.74;9.56;287.00;2678.40;4.00;1;0.00;28.83;0;tripinfo_wu_od_to_kl.1;car;0.94;
wu_ba_to_os.1;140.00;-230845886_0;5.10;0.00;0.82;304.00;45494495_0;58.90;10.19;164.00;1647.96;0.00;0;0.00;13.38;0;tripinfo_wu_ba_to_os.1;car;0.99;
wu_ns_to_ko.3;146.00;-23142338#2_0;5.10;0.00;0.60;305.00;972103805_0;116.86;9.91;159.00;1398.55;9.00;1;0.00;26.82;0;tripinfo_wu_ns_to_ko.3;car;0.95;
wu_ba_to_sl.1;99.00;-230845886_0;5.10;0.00;0.74;307.00;28706217_0;94.10;8.20;208.00;1934.94;13.00;3;0.00;46.21;0;tripinfo_wu_ba_to_sl.1;car;1.11;
wu_od_to_gj.0;23.00;803785575#0_0;5.10;0.00;0.29;312.00;23527526_0;253.75;11.01;289.00;2706.99;15.00;2;0.00;61.63;0;tripinfo_wu_od_to_gj.0;car;1.08;
wu_ba_to_as.2;172.00;-230845886_0;5.10;0.00;1.95;315.00;41899283#1_0;148.70;10.68;143.00;1430.78;0.00;0;0.00;17.92;0;tripinfo_wu_ba_to_as.2;car;1.03;
wu_as_to_kl.1;182.00;23687583_0;5.10;0.00;0.40;315.00;28716808#1_0;754.74;10.34;133.00;1207.92;6.00;1;0.00;19.91;0;tripinfo_wu_as_to_kl.1;car;0.97;
wu_od_to_ba.2;43.00;803785575#0_0;5.10;0.00;2.76;317.00;230845886_0;633.12;9.04;274.00;2382.14;0.00;0;0.00;21.94;0;tripinfo_wu_od_to_ba.2;car;0.85;
wu_od_to_as.0;82.00;803785575#0_0;5.10;0.00;0.37;317.00;41899283#1_0;148.70;10.95;235.00;2382.09;7.00;1;0.00;39.26;0;tripinfo_wu_od_to_as.0;car;1.10;
wu_as_to_ko.5;204.00;23687583_0;5.10;0.00;3.02;323.00;972103805_0;116.86;10.12;119.00;1102.39;0.00;0;0.00;10.97;0;tripinfo_wu_as_to_ko.5;car;0.92;
wu_as_to_ns.2;108.00;23687583_0;5.10;0.00;0.47;327.00;23142338#2_0;290.21;9.45;219.00;1995.73;3.00;1;0.00;27.14;0;tripinfo_wu_as_to_ns.2;car;0.95;
wu_od_to_br.0;20.00;803785575#0_0;5.10;0.00;1.32;328.00;23156390_0;1121.44;10.75;308.00;3149.31;0.00;0;0.00;29.99;0;tripinfo_wu_od_to_br.0;car;1.03;
wu_as_to_od.0;56.00;23687583_0;5.10;0.00;2.77;328.00;23156030#6_0;109.07;9.33;272.00;2357.31;15.00;2;0.00;42.65;0;tripinfo_wu_as_to_od.0;car;0.93;
wu_as_to_gj.2;266.00;23687583_0;5.10;0.00;0.72;332.00;23527526_0;253.75;11.42;66.00;649.06;0.00;0;0.00;8.75;0;tripinfo_wu_as_to_gj.2;car;1.04;
wu_os_to_ba.0;154.00;-45494495_0;5.10;0.00;2.82;338.00;230845886_0;633.12;10.37;184.00;1746.52;0.00;0;0.00;15.20;0;tripinfo_wu_os_to_ba.0;car;0.94;
wu_as_to_sl.1;150.00;23687583_0;5.10;0.00;0.37;339.00;28706217_0;94.10;8.81;189.00;1976.75;10.00;1;0.00;29.99;0;tripinfo_wu_as_to_sl.1;car;1.16;
wu_ba_to_gj.1;154.00;-230845886_0;5.10;0.00;0.81;341.00;23527526_0;253.75;10.64;187.00;1755.68;0.00;0;0.00;20.34;0;tripinfo_wu_ba_to_gj.1;car;0.96;
wu_ba_to_od.1;119.00;-230845886_0;5.10;0.00;2.43;343.00;23156030#6_0;109.07;10.70;224.00;2315.50;0.00;0;0.00;27.79;0;tripinfo_wu_ba_to_od.1;car;1.07;
wu_od_to_ns.2;122.00;803785575#0_0;5.10;0.00;0.22;346.00;23142338#2_0;290.21;11.30;224.00;1928.29;4.00;1;0.00;53.25;0;tripinfo_wu_od_to_ns.2;car;1.09;
wu_ba_to_gj.2;169.00;-230845886_0;5.10;0.00;0.62;350.00;23527526_0;253.75;9.97;181.00;1755.68;0.00;0;0.00;23.36;0;tripinfo_wu_ba_to_gj.2;car;1.01;
wu_as_to_ba.4;224.00;23687583_0;5.10;0.00;0.68;351.00;230845886_0;633.12;10.83;127.00;1356.50;0.00;0;0.00;10.22;0;tripinfo_wu_as_to_ba.4;car;1.05;
wu_ba_to_gj.3;183.00;-230845886_0;5.10;0.00;3.01;353.00;23527526_0;253.75;10.88;170.00;1755.68;0.00;0;0.00;15.42;0;tripinfo_wu_ba_to_gj.3;car;1.03;
wu_ns_to_gg.1;50.00;-23142338#2_0;5.10;0.00;0.87;357.00;23156305_0;1264.14;11.47;307.00;3297.24;0.00;0;0.00;26.41;0;tripinfo_wu_ns_to_gg.1;car;1.07;
wu_ba_to_ko.1;107.00;-230845886_0;5.10;0.00;0.17;360.00;972103805_0;116.86;8.04;253.00;2114.29;0.00;0;0.00;23.40;0;tripinfo_wu_ba_to_ko.1;car;0.84;
wu_as_to_gj.3;276.00;23687583_0;5.10;0.00;0.39;361.00;23527526_0;253.75;10.06;85.00;649.06;9.00;1;0.00;20.82;0;tripinfo_wu_as_to_gj.3;car;0.93;
wu_od_to_ba.3;143.00;803785575#0_0;5.10;0.00;0.05;366.00;230845886_0;633.12;11.91;223.00;2382.14;2.00;1;0.00;27.01;0;tripinfo_wu_od_to_ba.3;car;1.10;
wu_ba_to_od.2;137.00;-230845886_0;5.10;0.00;0.34;367.00;23156030#6_0;109.07;10.67;230.00;2315.50;0.00;0;0.00;20.54;0;tripinfo_wu_ba_to_od.2;car;1.00;
wu_as_to_ko.6;230.00;23687583_0;5.10;0.00;5.93;368.00;972103805_0;116.86;9.71;138.00;1102.39;18.00;1;0.00;30.39;0;tripinfo_wu_as_to_ko.6;car;0.93;
wu_ba_to_od.3;151.00;-230845886_0;5.10;0.00;0.33;370.00;23156030#6_0;109.07;11.23;219.00;2315.50;0.00;0;0.00;16.13;0;tripinfo_wu_ba_to_od.3;car;1.03;
wu_as_to_os.3;192.00;23687583_0;5.10;0.00;3.79;370.00;45494495_0;58.90;9.67;178.00;1689.77;0.00;0;0.00;14.52;0;tripinfo_wu_as_to_os.3;car;0.93;
wu_as_to_os.4;195.00;23687583_0;5.10;0.00;5.80;372.00;45494495_0;58.90;10.40;177.00;1689.77;0.00;0;0.00;22.57;0;tripinfo_wu_as_to_os.4;car;0.99;
wu_ns_to_ko.4;197.00;-23142338#2_0;5.10;0.00;0.12;372.00;972103805_0;116.86;8.81;175.00;1398.55;11.00;1;0.00;32.63;0;tripinfo_wu_ns_to_ko.4;car;0.89;
wu_ns_to_ko.5;201.00;-23142338#2_0;5.10;0.00;0.12;374.00;972103805_0;116.86;9.42;173.00;1398.55;8.00;1;0.00;27.64;0;tripinfo_wu_ns_to_ko.5;car;0.87;
wu_od_to_ko.2;108.00;803785575#0_0;5.10;0.00;0.21;376.00;972103805_0;116.86;10.52;268.00;2307.67;8.00;2;0.00;45.85;0;tripinfo_wu_od_to_ko.2;car;0.99;
wu_as_to_gg.1;213.00;23687583_0;5.10;0.00;4.96;378.00;23156305_0;1264.14;9.31;165.00;1600.87;0.00;0;0.00;13.13;0;tripinfo_wu_as_to_gg.1;car;0.95;
wu_ns_to_ko.6;212.00;-23142338#2_0;5.10;0.00;2.23;378.00;972103805_0;116.86;10.23;166.00;1398.55;16.00;2;0.00;43.00;0;tripinfo_wu_ns_to_ko.6;car;1.03;
wu_ns_to_gj.0;5.00;-23142338#2_0;5.10;0.00;2.64;380.00;23527526_0;253.75;10.83;375.00;2084.96;157.00;2;0.00;183.80;0;tripinfo_wu_ns_to_gj.0;car;0.99;
wu_ba_to_gg.1;102.00;-230845886_0;5.10;0.00;0.57;380.00;23156305_0;1264.14;11.05;278.00;2718.65;5.00;1;0.00;40.01;0;tripinfo_wu_ba_to_gg.1;car;1.04;
wu_ns_to_ko.7;215.00;-23142338#2_0;5.10;0.00;3.95;381.00;972103805_0;116.86;9.92;166.00;1398.55;13.00;2;0.00;36.19;0;tripinfo_wu_ns_to_ko.7;car;0.97;
wu_ba_to_os.2;199.00;-230845886_0;5.10;0.00;0.69;383.00;45494495_0;58.90;9.40;184.00;1647.96;1.00;1;0.00;19.60;0;tripinfo_wu_ba_to_os.2;car;0.91;
wu_ba_to_as.3;241.00;-230845886_0;5.10;0.00;0.24;384.00;41899283#1_0;148.70;11.10;143.00;1430.78;0.00;0;0.00;20.82;0;tripinfo_wu_ba_to_as.3;car;1.06;
wu_ba_to_as.4;255.00;-230845886_0;5.10;0.00;0.91;386.00;41899283#1_0;148.70;13.10;131.00;1430.78;0.00;0;0.00;21.63;0;tripinfo_wu_ba_to_as.4;car;1.19;
wu_os_to_br.1;143.00;-45494495_0;5.10;0.00;0.61;387.00;23156390_0;1121.44;12.62;244.00;2513.69;9.00;2;0.00;42.48;0;tripinfo_wu_os_to_br.1;car;1.14;
wu_as_to_sl.2;157.00;23687583_0;5.10;0.00;0.67;387.00;28706217_0;94.10;7.99;230.00;1976.75;29.00;2;0.00;63.31;0;tripinfo_wu_as_to_sl.2;car;1.10;
wu_os_to_od.2;298.00;-45494495_0;5.10;0.00;0.51;387.00;23156030#6_0;109.07;10.91;89.00;865.51;0.00;0;0.00;9.59;0;tripinfo_wu_os_to_od.2;car;0.99;
wu_as_to_ko.7;233.00;23687583_0;5.10;0.00;1.99;390.00;972103805_0;116.86;11.13;157.00;1102.39;35.00;2;0.00;58.65;0;tripinfo_wu_as_to_ko.7;car;1.02;
wu_os_to_sl.1;319.00;-45494495_0;5.10;0.00;0.01;391.00;28706217_0;94.10;7.90;72.00;484.95;9.00;1;0.00;23.11;0;tripinfo_wu_os_to_sl.1;car;1.01;
wu_as_to_ko.8;248.00;23687583_0;5.10;0.00;3.46;392.00;972103805_0;116.86;11.46;144.00;1102.39;22.00;2;0.00;48.96;0;tripinfo_wu_as_to_ko.8;car;1.05;
wu_od_to_ns.3;156.00;803785575#0_0;5.10;0.00;0.35;398.00;23142338#2_0;290.21;11.57;242.00;1928.29;17.00;2;0.00;66.21;0;tripinfo_wu_od_to_ns.3;car;1.06;
wu_as_to_os.5;227.00;23687583_0;5.10;0.00;2.98;399.00;45494495_0;58.90;9.97;172.00;1689.77;0.00;0;0.00;13.62;0;tripinfo_wu_as_to_os.5;car;0.96;
wu_ns_to_ko.8;227.00;-23142338#2_0;5.10;0.00;0.33;400.00;972103805_0;116.86;8.87;173.00;1398.55;10.00;2;0.00;33.29;0;tripinfo_wu_ns_to_ko.8;car;0.90;
wu_ns_to_gj.1;53.00;-23142338#2_0;5.10;0.00;2.40;401.00;23527526_0;253.75;8.37;348.00;2084.96;85.00;1;0.00;111.24;0;tripinfo_wu_ns_to_gj.1;car;0.80;
wu_as_to_ko.9;281.00;23687583_0;5.10;0.00;0.47;402.00;972103805_0;116.86;11.24;121.00;1102.39;8.00;1;0.00;26.44;0;tripinfo_wu_as_to_ko.9;car;1.05;
wu_ba_to_gj.4;212.00;-230845886_0;5.10;0.00;1.24;403.00;23527526_0;253.75;10.50;191.00;1755.68;0.00;0;0.00;23.78;0;tripinfo_wu_ba_to_gj.4;car;0.95;
wu_od_to_ba.4;170.00;803785575#0_0;5.10;0.00;0.53;404.00;230845886_0;633.12;9.89;234.00;2382.14;0.00;0;0.00;17.05;0;tripinfo_wu_od_to_ba.4;car;0.99;
wu_od_to_ko.3;117.00;803785575#0_0;5.10;0.00;0.41;405.00;972103805_0;116.86;9.62;288.00;2307.67;12.00;4;0.00;49.55;0;tripinfo_wu_od_to_ko.3;car;0.92;
wu_os_to_br.2;166.00;-45494495_0;5.10;0.00;2.98;405.00;23156390_0;1121.44;11.71;239.00;2513.69;0.00;0;0.00;30.33;0;tripinfo_wu_os_to_br.2;car;1.10;
wu_as_to_gj.4;328.00;23687583_0;5.10;0.00;0.14;405.00;23527526_0;253.75;10.19;77.00;649.06;0.00;0;0.00;14.04;0;tripinfo_wu_as_to_gj.4;car;0.94;
wu_os_to_as.2;217.00;-45494495_0;5.10;0.00;0.89;406.00;41899283#1_0;148.70;9.57;189.00;1746.47;0.00;0;0.00;19.45;0;tripinfo_wu_os_to_as.2;car;0.93;
wu_as_to_ko.10;290.00;23687583_0;5.10;0.00;0.83;412.00;972103805_0;116.86;9.35;122.00;1102.39;0.00;0;0.00;14.24;0;tripinfo_wu_as_to_ko.10;car;0.92;
wu_as_to_kl.2;293.00;23687583_0;5.10;0.00;0.68;412.00;28716808#1_0;754.74;11.29;119.00;1207.92;0.00;0;0.00;14.24;0;tripinfo_wu_as_to_kl.2;car;1.04;
wu_od_to_os.6;311.00;803785575#0_0;5.10;0.00;5.21;413.00;45494495_0;58.90;10.39;102.00;969.96;0.00;0;0.00;8.64;0;tripinfo_wu_od_to_os.6;car;0.95;
wu_os_to_ns.1;163.00;-45494495_0;5.10;0.00;0.94;415.00;23142338#2_0;290.21;10.83;252.00;1665.91;36.00;4;0.00;101.70;0;tripinfo_wu_os_to_ns.1;car;1.08;
wu_ba_to_ko.2;157.00;-230845886_0;5.10;0.00;1.41;416.00;972103805_0;116.86;8.43;259.00;2114.29;3.00;1;0.00;35.42;0;tripinfo_wu_ba_to_ko.2;car;0.86;
wu_as_to_ko.11;318.00;23687583_0;5.10;0.00;0.22;418.00;972103805_0;116.86;11.35;100.00;1102.39;0.00;0;0.00;11.34;0;tripinfo_wu_as_to_ko.11;car;1.13;
wu_os_to_ko.0;126.00;-45494495_0;5.10;0.00;0.54;420.00;972103805_0;116.86;10.64;294.00;2045.29;32.00;5;0.00;106.76;0;tripinfo_wu_os_to_ko.0;car;1.05;
wu_od_to_ko.4;129.00;803785575#0_0;5.10;0.00;0.46;422.00;972103805_0;116.86;10.24;293.00;2307.67;21.00;2;0.00;57.71;0;tripinfo_wu_od_to_ko.4;car;0.93;
wu_as_to_os.6;245.00;23687583_0;5.10;0.00;0.84;422.00;45494495_0;58.90;11.52;177.00;1689.77;11.00;2;0.00;34.01;0;tripinfo_wu_as_to_os.6;car;1.07;
wu_od_to_as.1;176.00;803785575#0_0;5.10;0.00;4.19;423.00;41899283#1_0;148.70;10.31;247.00;2382.09;0.00;0;0.00;33.22;0;tripinfo_wu_od_to_as.1;car;1.01;
wu_od_to_ko.5;133.00;803785575#0_0;5.10;0.00;0.26;425.00;972103805_0;116.86;9.32;292.00;2307.67;17.00;2;0.00;55.77;0;tripinfo_wu_od_to_ko.5;car;0.93;
wu_ba_to_os.3;283.00;-230845886_0;5.10;0.00;0.29;429.00;45494495_0;58.90;11.84;146.00;1647.96;0.00;0;0.00;14.47;0;tripinfo_wu_ba_to_os.3;car;1.14;
wu_ba_to_ko.3;203.00;-230845886_0;5.10;0.00;0.05;431.00;972103805_0;116.86;11.25;228.00;2114.29;8.00;1;0.00;51.44;0;tripinfo_wu_ba_to_ko.3;car;1.09;
wu_as_to_sl.4;210.00;23687583_0;5.10;0.00;3.20;434.00;28706217_0;94.10;8.20;224.00;1976.75;16.00;1;0.00;51.22;0;tripinfo_wu_as_to_sl.4;car;1.06;
wu_ba_to_ko.4;208.00;-230845886_0;5.10;0.00;0.42;434.00;972103805_0;116.86;10.32;226.00;2114.29;2.00;1;0.00;37.31;0;tripinfo_wu_ba_to_ko.4;car;1.02;
wu_ba_to_gj.5;244.00;-230845886_0;5.10;0.00;2.18;434.00;23527526_0;253.75;9.38;190.00;1755.68;0.00;0;0.00;15.28;0;tripinfo_wu_ba_to_gj.5;car;0.91;
wu_ba_to_ko.5;219.00;-230845886_0;5.10;0.00;1.02;436.00;972103805_0;116.86;11.45;217.00;2114.29;0.00;0;0.00;34.36;0;tripinfo_wu_ba_to_ko.5;car;1.05;
wu_od_to_ko.6;139.00;803785575#0_0;5.10;0.00;0.91;441.00;972103805_0;116.86;8.90;302.00;2307.67;13.00;2;0.00;48.90;0;tripinfo_wu_od_to_ko.6;car;0.86;
wu_ba_to_ns.0;180.00;-230845886_0;5.10;0.00;0.88;443.00;23142338#2_0;290.21;10.30;263.00;2346.36;17.00;2;0.00;50.92;0;tripinfo_wu_ba_to_ns.0;car;1.00;
wu_as_to_br.0;258.00;23687583_0;5.10;0.00;0.27;443.00;23156390_0;1121.44;9.29;185.00;1694.48;0.00;0;0.00;20.07;0;tripinfo_wu_as_to_br.0;car;0.93;
wu_ns_to_ko.9;290.00;-23142338#2_0;5.10;0.00;0.55;443.00;972103805_0;116.86;10.58;153.00;1398.55;2.00;1;0.00;31.19;0;tripinfo_wu_ns_to_ko.9;car;1.04;
wu_od_to_ko.7;148.00;803785575#0_0;5.10;0.00;0.59;445.00;972103805_0;116.86;10.99;297.00;2307.67;19.00;3;0.00;84.04;0;tripinfo_wu_od_to_ko.7;car;1.03;
wu_os_to_ns.2;204.00;-45494495_0;5.10;0.00;0.69;445.00;23142338#2_0;290.21;10.59;241.00;1665.91;38.00;5;0.00;85.47;0;tripinfo_wu_os_to_ns.2;car;1.04;
wu_os_to_ko.1;159.00;-45494495_0;5.10;0.00;0.31;447.00;972103805_0;116.86;10.48;288.00;2045.29;34.00;3;0.00;92.76;0;tripinfo_wu_os_to_ko.1;car;1.00;
wu_od_to_gg.0;49.00;803785575#0_0;5.10;0.00;1.99;449.00;23156305_0;1264.14;9.57;400.00;3669.96;1.00;1;0.00;43.39;0;tripinfo_wu_od_to_gg.0;car;0.93;
wu_od_to_as.2;197.00;803785575#0_0;5.10;0.00;0.59;449.00;41899283#1_0;148.70;9.62;252.00;2382.09;0.00;0;0.00;19.58;0;tripinfo_wu_od_to_as.2;car;0.93;
wu_ba_to_br.0;216.00;-230845886_0;5.10;0.00;0.14;449.00;23156390_0;1121.44;10.59;233.00;2198.00;0.00;0;0.00;27.38;0;tripinfo_wu_ba_to_br.0;car;0.97;
wu_as_to_ko.12;338.00;23687583_0;5.10;0.00;0.90;449.00;972103805_0;116.86;10.88;111.00;1102.39;0.00;0;0.00;10.03;0;tripinfo_wu_as_to_ko.12;car;0.98;
wu_ns_to_kl.0;208.00;-23142338#2_0;5.10;0.00;2.53;457.00;28716808#1_0;754.74;10.80;249.00;2315.58;8.00;2;0.00;41.28;0;tripinfo_wu_ns_to_kl.0;car;1.01;
wu_as_to_sl.3;207.00;23687583_0;5.10;0.00;0.33;457.00;28706217_0;94.10;6.41;250.00;1976.75;11.00;1;0.00;37.52;0;tripinfo_wu_as_to_sl.3;car;0.86;
wu_od_to_os.7;356.00;803785575#0_0;5.10;0.00;2.91;461.00;45494495_0;58.90;10.03;105.00;969.96;0.00;0;0.00;10.90;0;tripinfo_wu_od_to_os.7;car;0.93;
wu_ns_to_ko.10;298.00;-23142338#2_0;5.10;0.00;0.99;466.00;972103805_0;116.86;9.43;168.00;1398.55;3.00;1;0.00;20.49;0;tripinfo_wu_ns_to_ko.10;car;0.86;
wu_os_to_ko.2;169.00;-45494495_0;5.10;0.00;1.76;468.00;972103805_0;116.86;10.03;299.00;2045.29;39.00;5;0.00;103.60;0;tripinfo_wu_os_to_ko.2;car;1.00;
wu_od_to_ko.8;180.00;803785575#0_0;5.10;0.00;0.48;470.00;972103805_0;116.86;10.45;290.00;2307.67;15.00;2;0.00;67.16;0;tripinfo_wu_od_to_ko.8;car;0.99;
wu_od_to_kl.2;211.00;803785575#0_0;5.10;0.00;1.49;470.00;28716808#1_0;754.74;11.56;259.00;2678.40;0.00;0;0.00;28.17;0;tripinfo_wu_od_to_kl.2;car;1.05;
wu_ba_to_od.4;226.00;-230845886_0;5.10;0.00;0.02;470.00;23156030#6_0;109.07;9.66;244.00;2315.50;1.00;1;0.00;27.16;0;tripinfo_wu_ba_to_od.4;car;0.97;
wu_as_to_gj.5;389.00;23687583_0;5.10;0.00;6.33;471.00;23527526_0;253.75;8.42;82.00;649.06;0.00;0;0.00;12.28;0;tripinfo_wu_as_to_gj.5;car;0.86;
wu_os_to_od.3;391.00;-45494495_0;5.10;0.00;0.07;474.00;23156030#6_0;109.07;10.62;83.00;865.51;0.00;0;0.00;7.02;0;tripinfo_wu_os_to_od.3;car;1.03;
wu_ba_to_ko.6;223.00;-230845886_0;5.10;0.00;0.64;477.00;972103805_0;116.86;8.40;254.00;2114.29;6.00;2;0.00;33.57;0;tripinfo_wu_ba_to_ko.6;car;0.87;
wu_ba_to_gj.6;290.00;-230845886_0;5.10;0.00;0.84;478.00;23527526_0;253.75;9.94;188.00;1755.68;0.00;0;0.00;14.74;0;tripinfo_wu_ba_to_gj.6;car;0.92;
wu_od_to_gg.1;90.00;803785575#0_0;5.10;0.00;0.40;481.00;23156305_0;1264.14;9.62;391.00;3669.96;0.00;0;0.00;32.31;0;tripinfo_wu_od_to_gg.1;car;0.93;
wu_as_to_ko.13;344.00;23687583_0;5.10;0.00;0.65;481.00;972103805_0;116.86;9.00;137.00;1102.39;8.00;1;0.00;22.77;0;tripinfo_wu_as_to_ko.13;car;0.87;
wu_od_to_ba.5;208.00;803785575#0_0;5.10;0.00;0.28;482.00;230845886_0;633.12;8.99;274.00;2382.14;5.00;1;0.00;29.34;0;tripinfo_wu_od_to_ba.5;car;0.88;
wu_ba_to_ko.7;230.00;-230845886_0;5.10;0.00;0.39;483.00;972103805_0;116.86;10.68;253.00;2114.29;4.00;2;0.00;64.06;0;tripinfo_wu_ba_to_ko.7;car;1.02;
wu_as_to_ba.5;335.00;23687583_0;5.10;0.00;0.81;484.00;230845886_0;633.12;10.59;149.00;1356.50;5.00;1;0.00;30.74;0;tripinfo_wu_as_to_ba.5;car;1.04;
wu_os_to_ko.3;180.00;-45494495_0;5.10;0.00;0.26;485.00;972103805_0;116.86;11.06;305.00;2045.29;56.00;6;0.00;122.32;0;tripinfo_wu_os_to_ko.3;car;1.08;
wu_os_to_ko.4;183.00;-45494495_0;5.10;0.00;0.41;487.00;972103805_0;116.86;11.45;304.00;2045.29;50.00;7;0.00;132.35;0;tripinfo_wu_os_to_ko.4;car;1.15;
wu_od_to_os.8;364.00;803785575#0_0;5.10;0.00;0.71;488.00;45494495_0;58.90;7.89;124.00;969.96;0.00;0;0.00;12.35;0;tripinfo_wu_od_to_os.8;car;0.78;
wu_ba_to_os.4;320.00;-230845886_0;5.10;0.00;0.29;490.00;45494495_0;58.90;11.13;170.00;1647.96;0.00;0;0.00;30.06;0;tripinfo_wu_ba_to_os.4;car;1.07;
wu_ba_to_ns.1;280.00;-230845886_0;5.10;0.00;0.43;491.00;23142338#2_0;290.21;12.38;211.00;2346.36;8.00;1;0.00;32.22;0;tripinfo_wu_ba_to_ns.1;car;1.19;
wu_as_to_br.1;321.00;23687583_0;5.10;0.00;0.34;492.00;23156390_0;1121.44;10.48;171.00;1694.48;0.00;0;0.00;13.42;0;tripinfo_wu_as_to_br.1;car;0.98;
wu_os_to_od.4;401.00;-45494495_0;5.10;0.00;0.20;492.00;23156030#6_0;109.07;11.24;91.00;865.51;1.00;1;0.00;14.48;0;tripinfo_wu_os_to_od.4;car;1.02;
wu_od_to_br.1;187.00;803785575#0_0;5.10;0.00;0.99;493.00;23156390_0;1121.44;11.36;306.00;3149.31;0.00;0;0.00;50.71;0;tripinfo_wu_od_to_br.1;car;1.12;
wu_ba_to_ko.8;236.00;-230845886_0;5.10;0.00;0.32;496.00;972103805_0;116.86;9.29;260.00;2114.29;15.00;2;0.00;55.41;0;tripinfo_wu_ba_to_ko.8;car;0.94;
wu_ba_to_ko.9;272.00;-230845886_0;5.10;0.00;0.24;498.00;972103805_0;116.86;11.09;226.00;2114.29;9.00;1;0.00;38.77;0;tripinfo_wu_ba_to_ko.9;car;1.03;
wu_os_to_sl.2;383.00;-45494495_0;5.10;0.00;1.08;498.00;28706217_0;94.10;6.29;115.00;484.95;42.00;2;0.00;56.06;0;tripinfo_wu_os_to_sl.2;car;0.84;
wu_as_to_os.7;324.00;23687583_0;5.10;0.00;2.61;499.00;45494495_0;58.90;9.99;175.00;1689.77;0.00;0;0.00;14.93;0;tripinfo_wu_as_to_os.7;car;0.96;
wu_ba_to_sl.2;258.00;-230845886_0;5.10;0.00;3.35;500.00;28706217_0;94.10;8.88;242.00;1934.94;39.00;2;0.00;74.00;0;tripinfo_wu_ba_to_sl.2;car;1.07;
wu_od_to_ba.6;214.00;803785575#0_0;5.10;0.00;1.43;502.00;230845886_0;633.12;9.03;288.00;2382.14;14.00;1;0.00;39.65;0;tripinfo_wu_od_to_ba.6;car;0.87;
wu_os_to_od.5;413.00;-45494495_0;5.10;0.00;2.55;503.00;23156030#6_0;109.07;9.73;90.00;865.51;0.00;0;0.00;7.60;0;tripinfo_wu_os_to_od.5;car;0.95;
wu_od_to_ba.7;244.00;803785575#0_0;5.10;0.00;0.02;504.00;230845886_0;633.12;11.50;260.00;2382.14;14.00;1;0.00;64.50;0;tripinfo_wu_od_to_ba.7;car;1.10;
wu_ns_to_ba.0;218.00;-23142338#2_0;5.10;0.00;3.84;506.00;230845886_0;633.12;9.51;288.00;2340.42;21.00;3;0.00;64.07;0;tripinfo_wu_ns_to_ba.0;car;0.94;
wu_ba_to_os.5;329.00;-230845886_0;5.10;0.00;2.73;509.00;45494495_0;58.90;9.44;180.00;1647.96;0.00;0;0.00;16.30;0;tripinfo_wu_ba_to_os.5;car;0.91;
wu_ba_to_od.5;293.00;-230845886_0;5.10;0.00;0.79;510.00;23156030#6_0;109.07;11.14;217.00;2315.50;0.00;0;0.00;26.45;0;tripinfo_wu_ba_to_od.5;car;1.10;
wu_as_to_ba.6;352.00;23687583_0;5.10;0.00;1.21;510.00;230845886_0;633.12;9.63;158.00;1356.50;5.00;2;0.00;26.76;0;tripinfo_wu_as_to_ba.6;car;0.94;
wu_as_to_od.1;303.00;23687583_0;5.10;0.00;0.98;514.00;23156030#6_0;109.07;11.10;211.00;2357.31;0.00;0;0.00;15.16;0;tripinfo_wu_as_to_od.1;car;1.09;
wu_ba_to_gj.7;344.00;-230845886_0;5.10;0.00;5.83;514.00;23527526_0;253.75;11.53;170.00;1755.68;0.00;0;0.00;20.10;0;tripinfo_wu_ba_to_gj.7;car;1.06;
wu_ns_to_ko.11;334.00;-23142338#2_0;5.10;0.00;0.10;517.00;972103805_0;116.86;7.88;183.00;1398.55;8.00;1;0.00;26.74;0;tripinfo_wu_ns_to_ko.11;car;0.81;
wu_ns_to_ko.12;362.00;-23142338#2_0;5.10;0.00;0.33;519.00;972103805_0;116.86;11.14;157.00;1398.55;0.00;0;0.00;39.94;0;tripinfo_wu_ns_to_ko.12;car;1.08;
wu_os_to_ko.5;263.00;-45494495_0;5.10;0.00;0.90;521.00;972103805_0;116.86;9.93;258.00;2045.29;15.00;3;0.00;63.73;0;tripinfo_wu_os_to_ko.5;car;1.01;
wu_ba_to_kl.0;341.00;-230845886_0;5.10;0.00;3.37;523.00;28716808#1_0;754.74;10.01;182.00;1727.09;2.00;1;0.00;20.18;0;tripinfo_wu_ba_to_kl.0;car;0.97;
wu_od_to_os.9;411.00;803785575#0_0;5.10;0.00;0.32;523.00;45494495_0;58.90;9.02;112.00;969.96;0.00;0;0.00;9.88;0;tripinfo_wu_od_to_os.9;car;0.86;
wu_as_to_ko.14;386.00;23687583_0;5.10;0.00;3.93;524.00;972103805_0;116.86;10.94;138.00;1102.39;23.00;2;0.00;39.70;0;tripinfo_wu_as_to_ko.14;car;1.01;
wu_os_to_sl.3;404.00;-45494495_0;5.10;0.00;2.51;526.00;28706217_0;94.10;7.68;122.00;484.95;56.00;2;0.00;74.71;0;tripinfo_wu_os_to_sl.3;car;1.05;
wu_od_to_gg.2;101.00;803785575#0_0;5.10;0.00;0.37;528.00;23156305_0;1264.14;8.75;427.00;3669.96;0.00;0;0.00;35.93;0;tripinfo_wu_od_to_gg.2;car;0.85;
wu_od_to_gg.3;159.00;803785575#0_0;5.10;0.00;2.95;529.00;23156305_0;1264.14;10.92;370.00;3669.96;14.00;1;0.00;64.04;0;tripinfo_wu_od_to_gg.3;car;1.09;
wu_as_to_sl.5;251.00;23687583_0;5.10;0.00;5.90;529.00;28706217_0;94.10;7.73;278.00;1976.75;59.00;3;0.00;96.08;0;tripinfo_wu_as_to_sl.5;car;1.01;
wu_od_to_os.10;445.00;803785575#0_0;5.10;0.00;5.75;538.00;45494495_0;58.90;11.16;93.00;969.96;0.00;0;0.00;8.21;0;tripinfo_wu_od_to_os.10;car;1.04;
wu_as_to_os.8;372.00;23687583_0;5.10;0.00;0.75;540.00;45494495_0;58.90;11.80;168.00;1689.77;0.00;0;0.00;28.25;0;tripinfo_wu_as_to_os.8;car;1.10;
wu_os_to_kl.0;340.00;-45494495_0;5.10;0.00;0.83;543.00;28716808#1_0;754.74;10.58;203.00;2042.78;0.00;0;0.00;21.39;0;tripinfo_wu_os_to_kl.0;car;1.02;
wu_ba_to_os.6;351.00;-230845886_0;5.10;0.00;1.33;544.00;45494495_0;58.90;9.72;193.00;1647.96;1.00;1;0.00;26.46;0;tripinfo_wu_ba_to_os.6;car;0.90;
wu_od_to_gg.4;173.00;803785575#0_0;5.10;0.00;3.25;550.00;23156305_0;1264.14;9.98;377.00;3669.96;0.00;0;0.00;28.99;0;tripinfo_wu_od_to_gg.4;car;0.96;
wu_as_to_ba.7;423.00;23687583_0;5.10;0.00;2.32;550.00;230845886_0;633.12;10.62;127.00;1356.50;0.00;0;0.00;9.66;0;tripinfo_wu_as_to_ba.7;car;1.05;
wu_os_to_gg.0;239.00;-45494495_0;5.10;0.00;0.62;551.00;23156305_0;1264.14;10.56;312.00;3034.34;0.00;0;0.00;51.20;0;tripinfo_wu_os_to_gg.0;car;1.06;
wu_as_to_gj.6;488.00;23687583_0;5.10;0.00;1.46;552.00;23527526_0;253.75;11.26;64.00;649.06;0.00;0;0.00;8.24;0;tripinfo_wu_as_to_gj.6;car;1.07;
wu_as_to_ko.15;463.00;23687583_0;5.10;0.00;0.28;560.00;972103805_0;116.86;11.34;97.00;1102.39;0.00;0;0.00;8.82;0;tripinfo_wu_as_to_ko.15;car;1.13;
wu_ns_to_as.0;322.00;-23142338#2_0;5.10;0.00;0.93;564.00;41899283#1_0;148.70;10.58;242.00;2009.37;30.00;4;0.00;63.52;0;tripinfo_wu_ns_to_as.0;car;1.02;
wu_os_to_kl.1;346.00;-45494495_0;5.10;0.00;0.34;564.00;28716808#1_0;754.74;10.07;218.00;2042.78;0.00;0;0.00;19.58;0;tripinfo_wu_os_to_kl.1;car;0.93;
wu_ba_to_ko.10;306.00;-230845886_0;5.10;0.00;0.85;568.00;972103805_0;116.86;8.75;262.00;2114.29;7.00;1;0.00;35.48;0;tripinfo_wu_ba_to_ko.10;car;0.85;
wu_as_to_br.2;402.00;23687583_0;5.10;0.00;1.47;568.00;23156390_0;1121.44;11.99;166.00;1694.48;9.00;1;0.00;26.78;0;tripinfo_wu_as_to_br.2;car;1.10;
wu_os_to_kl.2;353.00;-45494495_0;5.10;0.00;0.68;569.00;28716808#1_0;754.74;10.98;216.00;2042.78;4.00;1;0.00;30.83;0;tripinfo_wu_os_to_kl.2;car;1.00;
wu_os_to_od.6;477.00;-45494495_0;5.10;0.00;0.06;569.00;23156030#6_0;109.07;9.74;92.00;865.51;0.00;0;0.00;12.16;0;tripinfo_wu_os_to_od.6;car;0.99;
wu_od_to_kl.3;305.00;803785575#0_0;5.10;0.00;0.76;571.00;28716808#1_0;754.74;11.10;266.00;2678.40;5.00;2;0.00;47.56;0;tripinfo_wu_od_to_kl.3;car;1.11;
wu_ba_to_ko.11;309.00;-230845886_0;5.10;0.00;2.68;571.00;972103805_0;116.86;9.24;262.00;2114.29;6.00;1;0.00;47.11;0;tripinfo_wu_ba_to_ko.11;car;0.90;
wu_od_to_as.3;323.00;803785575#0_0;5.10;0.00;7.69;572.00;41899283#1_0;148.70;11.07;249.00;2382.09;5.00;1;0.00;52.26;0;tripinfo_wu_od_to_as.3;car;1.09;
wu_od_to_os.11;454.00;803785575#0_0;5.10;0.00;5.75;572.00;45494495_0;58.90;7.97;118.00;969.96;0.00;0;0.00;11.57;0;tripinfo_wu_od_to_os.11;car;0.82;
wu_ba_to_ns.2;301.00;-230845886_0;5.10;0.00;0.62;574.00;23142338#2_0;290.21;9.94;273.00;2346.36;12.00;2;0.00;39.86;0;tripinfo_wu_ba_to_ns.2;car;0.91;
wu_ba_to_ko.12;313.00;-230845886_0;5.10;0.00;0.02;574.00;972103805_0;116.86;8.94;261.00;2114.29;7.00;1;0.00;37.42;0;tripinfo_wu_ba_to_ko.12;car;0.86;
wu_ba_to_gg.2;323.00;-230845886_0;5.10;0.00;0.02;574.00;23156305_0;1264.14;12.40;251.00;2718.65;0.00;0;0.00;36.52;0;tripinfo_wu_ba_to_gg.2;car;1.15;
wu_od_to_ko.9;268.00;803785575#0_0;5.10;0.00;0.38;577.00;972103805_0;116.86;9.28;309.00;2307.67;12.00;3;0.00;51.48;0;tripinfo_wu_od_to_ko.9;car;0.85;
wu_ba_to_as.5;444.00;-230845886_0;5.10;0.00;0.51;577.00;41899283#1_0;148.70;11.69;133.00;1430.78;0.00;0;0.00;15.10;0;tripinfo_wu_ba_to_as.5;car;1.10;
wu_od_to_ba.8;317.00;803785575#0_0;5.10;0.00;8.84;578.00;230845886_0;633.12;8.95;261.00;2382.14;0.00;0;0.00;23.63;0;tripinfo_wu_od_to_ba.8;car;0.91;
wu_ns_to_ko.13;427.00;-23142338#2_0;5.10;0.00;0.08;580.00;972103805_0;116.86;10.45;153.00;1398.55;6.00;1;0.00;20.69;0;tripinfo_wu_ns_to_ko.13;car;0.96;
wu_od_to_as.4;326.00;803785575#0_0;5.10;0.00;6.54;581.00;41899283#1_0;148.70;10.78;255.00;2382.09;6.00;1;0.00;50.35;0;tripinfo_wu_od_to_as.4;car;1.05;
wu_ba_to_ko.13;334.00;-230845886_0;5.10;0.00;0.37;585.00;972103805_0;116.86;10.14;251.00;2114.29;16.00;2;0.00;52.80;0;tripinfo_wu_ba_to_ko.13;car;0.97;
wu_ba_to_sl.3;358.00;-230845886_0;5.10;0.00;0.87;585.00;28706217_0;94.10;7.00;227.00;1934.94;1.00;1;0.00;33.75;0;tripinfo_wu_ba_to_sl.3;car;0.93;
wu_ba_to_ko.14;338.00;-230845886_0;5.10;0.00;1.40;587.00;972103805_0;116.86;11.26;249.00;2114.29;14.00;2;0.00;74.43;0;tripinfo_wu_ba_to_ko.14;car;1.10;
wu_ba_to_gg.3;326.00;-230845886_0;5.10;0.00;1.95;588.00;23156305_0;1264.14;11.20;262.00;2718.65;0.00;0;0.00;34.31;0;tripinfo_wu_ba_to_gg.3;car;1.09;
wu_od_to_ko.10;320.00;803785575#0_0;5.10;0.00;8.42;593.00;972103805_0;116.86;11.29;273.00;2307.67;19.00;3;0.00;60.19;0;tripinfo_wu_od_to_ko.10;car;1.03;
wu_ba_to_os.7;436.00;-230845886_0;5.10;0.00;0.33;593.00;45494495_0;58.90;11.38;157.00;1647.96;0.00;0;0.00;16.42;0;tripinfo_wu_ba_to_os.7;car;1.06;
wu_as_to_ko.16;478.00;23687583_0;5.10;0.00;0.86;599.00;972103805_0;116.86;9.66;121.00;1102.39;0.00;0;0.00;11.90;0;tripinfo_wu_as_to_ko.16;car;0.91;
wu_as_to_sl.6;375.00;23687583_0;5.10;0.00;2.16;600.00;28706217_0;94.10;7.10;225.00;1976.75;9.00;1;0.00;32.34;0;tripinfo_wu_as_to_sl.6;car;0.95;
wu_as_to_ko.17;485.00;23687583_0;5.10;0.00;5.12;601.00;972103805_0;116.86;11.88;116.00;1102.39;0.00;0;0.00;30.13;0;tripinfo_wu_as_to_ko.17;car;1.16;
wu_as_to_sl.7;399.00;23687583_0;5.10;0.00;0.43;602.00;28706217_0;94.10;8.22;203.00;1976.75;8.00;1;0.00;28.90;0;tripinfo_wu_as_to_sl.7;car;1.05;
wu_od_to_ko.11;338.00;803785575#0_0;5.10;0.00;3.77;604.00;972103805_0;116.86;10.73;266.00;2307.67;15.00;3;0.00;50.00;0;tripinfo_wu_od_to_ko.11;car;1.02;
wu_od_to_ba.9;335.00;803785575#0_0;5.10;0.00;9.31;605.00;230845886_0;633.12;9.78;270.00;2382.14;2.00;1;0.00;36.41;0;tripinfo_wu_od_to_ba.9;car;0.92;
wu_ns_to_ko.14;447.00;-23142338#2_0;5.10;0.00;0.50;605.00;972103805_0;116.86;12.08;158.00;1398.55;9.00;3;0.00;45.17;0;tripinfo_wu_ns_to_ko.14;car;1.12;
wu_od_to_ko.12;353.00;803785575#0_0;5.10;0.00;0.78;608.00;972103805_0;116.86;11.68;255.00;2307.67;12.00;3;0.00;56.04;0;tripinfo_wu_od_to_ko.12;car;1.11;
wu_as_to_od.3;392.00;23687583_0;5.10;0.00;2.23;608.00;23156030#6_1;109.07;12.12;216.00;2357.31;0.00;0;0.00;23.93;0;tripinfo_wu_as_to_od.3;car;1.11;
wu_as_to_od.2;349.00;23687583_0;5.10;0.00;0.89;609.00;23156030#6_0;109.07;11.45;260.00;2357.31;10.00;2;0.00;55.78;0;tripinfo_wu_as_to_od.2;car;1.04;
wu_ba_to_gj.8;433.00;-230845886_0;5.10;0.00;2.60;610.00;23527526_0;253.75;9.90;177.00;1755.68;0.00;0;0.00;14.75;0;tripinfo_wu_ba_to_gj.8;car;0.98;
wu_od_to_os.12;497.00;803785575#0_0;5.10;0.00;2.26;611.00;45494495_0;58.90;8.98;114.00;969.96;0.00;0;0.00;9.83;0;tripinfo_wu_od_to_os.12;car;0.84;
wu_od_to_ns.4;404.00;803785575#0_0;5.10;0.00;2.84;616.00;23142338#2_0;290.21;12.18;212.00;1928.29;13.00;2;0.00;43.78;0;tripinfo_wu_od_to_ns.4;car;1.11;
wu_as_to_ko.18;499.00;23687583_0;5.10;0.00;1.28;621.00;972103805_0;116.86;12.95;122.00;1102.39;21.00;1;0.00;37.14;0;tripinfo_wu_as_to_ko.18;car;1.17;
wu_as_to_gj.7;548.00;23687583_0;5.10;0.00;1.39;622.00;23527526_0;253.75;8.90;74.00;649.06;0.00;0;0.00;8.09;0;tripinfo_wu_as_to_gj.7;car;0.90;
wu_as_to_os.9;449.00;23687583_0;5.10;0.00;0.43;623.00;45494495_0;58.90;11.95;174.00;1689.77;0.00;0;0.00;38.74;0;tripinfo_wu_as_to_os.9;car;1.13;
wu_ba_to_gj.9;447.00;-230845886_0;5.10;0.00;0.82;624.00;23527526_0;253.75;10.29;177.00;1755.68;3.00;1;0.00;20.52;0;tripinfo_wu_ba_to_gj.9;car;1.02;
wu_od_to_ba.10;347.00;803785575#0_0;5.10;0.00;1.55;630.00;230845886_0;633.12;7.90;283.00;2382.14;0.00;0;0.00;22.35;0;tripinfo_wu_od_to_ba.10;car;0.83;
wu_ba_to_ko.15;398.00;-230845886_0;5.10;0.00;0.88;632.00;972103805_0;116.86;9.86;234.00;2114.29;3.00;1;0.00;26.72;0;tripinfo_wu_ba_to_ko.15;car;0.93;
wu_os_to_gj.1;424.00;-45494495_0;5.10;0.00;0.32;632.00;23527526_0;253.75;11.01;208.00;2071.37;2.00;1;0.00;25.90;0;tripinfo_wu_os_to_gj.1;car;1.03;
wu_ns_to_as.1;399.00;-23142338#2_0;5.10;0.00;0.56;634.00;41899283#1_0;148.70;9.23;235.00;2009.37;12.00;2;0.00;39.50;0;tripinfo_wu_ns_to_as.1;car;0.94;
wu_ba_to_ko.16;423.00;-230845886_0;5.10;0.00;0.04;634.00;972103805_0;116.86;13.33;211.00;2114.29;0.00;0;0.00;55.80;0;tripinfo_wu_ba_to_ko.16;car;1.25;
wu_ba_to_os.8;463.00;-230845886_0;5.10;0.00;0.48;635.00;45494495_0;58.90;9.83;172.00;1647.96;0.00;0;0.00;15.17;0;tripinfo_wu_ba_to_os.8;car;0.95;
wu_ba_to_as.7;490.00;-230845886_0;5.10;0.00;0.39;636.00;41899283#1_0;148.70;12.44;146.00;1430.78;8.00;1;0.00;38.47;0;tripinfo_wu_ba_to_as.7;car;1.21;
wu_od_to_kl.5;370.00;803785575#0_0;5.10;0.00;1.22;638.00;28716808#1_0;754.74;11.03;268.00;2678.40;0.00;0;0.00;46.81;0;tripinfo_wu_od_to_kl.5;car;1.10;
wu_as_to_ko.19;522.00;23687583_0;5.10;0.00;0.30;638.00;972103805_0;116.86;9.56;116.00;1102.39;0.00;0;0.00;11.51;0;tripinfo_wu_as_to_ko.19;car;0.95;
wu_as_to_gj.8;577.00;23687583_0;5.10;0.00;3.57;639.00;23527526_0;253.75;11.50;62.00;649.06;0.00;0;0.00;8.25;0;tripinfo_wu_as_to_gj.8;car;1.11;
wu_ba_to_as.6;475.00;-230845886_0;5.10;0.00;0.76;642.00;41899283#1_0;148.70;9.80;167.00;1430.78;7.00;1;0.00;30.98;0;tripinfo_wu_ba_to_as.6;car;0.95;
wu_od_to_gj.1;373.00;803785575#0_0;5.10;0.00;2.21;643.00;23527526_0;253.75;11.47;270.00;2706.99;0.00;0;0.00;44.40;0;tripinfo_wu_od_to_gj.1;car;1.09;
wu_os_to_as.3;434.00;-45494495_0;5.10;0.00;0.13;652.00;41899283#1_0;148.70;8.74;218.00;1746.47;7.00;1;0.00;33.06;0;tripinfo_wu_os_to_as.3;car;0.86;
wu_as_to_gg.2;481.00;23687583_0;5.10;0.00;1.21;652.00;23156305_0;1264.14;10.25;171.00;1600.87;0.00;0;0.00;15.17;0;tripinfo_wu_as_to_gg.2;car;0.93;
wu_ba_to_ko.17;450.00;-230845886_0;5.10;0.00;3.11;653.00;972103805_0;116.86;12.07;203.00;2114.29;2.00;1;0.00;36.83;0;tripinfo_wu_ba_to_ko.17;car;1.16;
wu_ba_to_od.6;409.00;-230845886_0;5.10;0.00;0.33;655.00;23156030#6_0;109.07;9.82;246.00;2315.50;9.00;1;0.00;30.73;0;tripinfo_wu_ba_to_od.6;car;0.97;
wu_ba_to_ns.3;430.00;-230845886_0;5.10;0.00;0.33;657.00;23142338#2_0;290.21;11.44;227.00;2346.36;3.00;1;0.00;24.40;0;tripinfo_wu_ba_to_ns.3;car;1.05;
wu_od_to_br.2;314.00;803785575#0_0;5.10;0.00;6.91;663.00;23156390_0;1121.44;10.04;349.00;3149.31;5.00;1;0.00;35.72;0;tripinfo_wu_od_to_br.2;car;0.91;
wu_od_to_ba.11;387.00;803785575#0_0;5.10;0.00;0.83;663.00;230845886_0;633.12;8.59;276.00;2382.14;3.00;2;0.00;33.93;0;tripinfo_wu_od_to_ba.11;car;0.89;
wu_ba_to_as.8;500.00;-230845886_0;5.10;0.00;0.90;664.00;41899283#1_0;148.70;9.04;164.00;1430.78;0.00;0;0.00;14.17;0;tripinfo_wu_ba_to_as.8;car;0.87;
wu_od_to_br.3;329.00;803785575#0_0;5.10;0.00;9.39;665.00;23156390_0;1121.44;13.23;336.00;3149.31;4.00;1;0.00;107.56;0;tripinfo_wu_od_to_br.3;car;1.30;
wu_od_to_as.5;395.00;803785575#0_0;5.10;0.00;0.96;666.00;41899283#1_0;148.70;10.70;271.00;2382.09;2.00;1;0.00;59.43;0;tripinfo_wu_od_to_as.5;car;1.02;
wu_od_to_as.6;401.00;803785575#0_0;5.10;0.00;2.52;667.00;41899283#1_0;148.70;9.90;266.00;2382.09;0.00;0;0.00;47.69;0;tripinfo_wu_od_to_as.6;car;0.98;
wu_as_to_os.10;509.00;23687583_0;5.10;0.00;0.48;667.00;45494495_0;58.90;11.46;158.00;1689.77;0.00;0;0.00;15.86;0;tripinfo_wu_as_to_os.10;car;1.08;
wu_ns_to_ko.15;506.00;-23142338#2_0;5.10;0.00;0.49;668.00;972103805_0;116.86;8.70;162.00;1398.55;0.00;0;0.00;13.89;0;tripinfo_wu_ns_to_ko.15;car;0.85;
wu_od_to_ba.12;435.00;803785575#0_0;5.10;0.00;1.14;670.00;230845886_0;633.12;10.63;235.00;2382.14;0.00;0;0.00;18.87;0;tripinfo_wu_od_to_ba.12;car;1.00;
wu_od_to_ba.13;448.00;803785575#0_0;5.10;0.00;7.65;671.00;230845886_0;633.12;11.87;223.00;2382.14;0.00;0;0.00;49.46;0;tripinfo_wu_od_to_ba.13;car;1.24;
wu_ns_to_os.0;488.00;-23142338#2_0;5.10;0.00;0.84;671.00;45494495_0;58.90;10.86;183.00;1865.82;2.00;2;0.00;23.40;0;tripinfo_wu_ns_to_os.0;car;1.06;
wu_as_to_ko.20;551.00;23687583_0;5.10;0.00;2.96;672.00;972103805_0;116.86;9.48;121.00;1102.39;0.00;0;0.00;10.48;0;tripinfo_wu_as_to_ko.20;car;0.91;
wu_od_to_ko.13;390.00;803785575#0_0;5.10;0.00;1.30;673.00;972103805_0;116.86;10.96;283.00;2307.67;16.00;3;0.00;63.01;0;tripinfo_wu_od_to_ko.13;car;1.00;
wu_od_to_as.7;428.00;803785575#0_0;5.10;0.00;2.04;675.00;41899283#1_0;148.70;10.11;247.00;2382.09;0.00;0;0.00;34.85;0;tripinfo_wu_od_to_as.7;car;1.02;
wu_ns_to_ko.16;521.00;-23142338#2_0;5.10;0.00;0.73;675.00;972103805_0;116.86;12.23;154.00;1398.55;18.00;1;0.00;42.13;0;tripinfo_wu_ns_to_ko.16;car;1.13;
wu_ba_to_gg.4;347.00;-230845886_0;5.10;0.00;4.13;677.00;23156305_0;1264.14;8.78;330.00;2718.65;0.00;0;0.00;27.57;0;tripinfo_wu_ba_to_gg.4;car;0.82;
wu_as_to_ba.8;541.00;23687583_0;5.10;0.00;0.64;677.00;230845886_0;633.12;10.88;136.00;1356.50;5.00;1;0.00;20.22;0;tripinfo_wu_as_to_ba.8;car;1.06;
wu_od_to_gg.5;277.00;803785575#0_0;5.10;0.00;0.74;679.00;23156305_0;1264.14;10.61;402.00;3669.96;0.00;0;0.00;81.60;0;tripinfo_wu_od_to_gg.5;car;1.04;
wu_ba_to_gg.5;379.00;-230845886_0;5.10;0.00;0.39;681.00;23156305_0;1264.14;10.37;302.00;2718.65;6.00;1;0.00;64.92;0;tripinfo_wu_ba_to_gg.5;car;1.04;
wu_od_to_gg.6;308.00;803785575#0_0;5.10;0.00;3.42;682.00;23156305_0;1264.14;10.84;374.00;3669.96;0.00;0;0.00;53.81;0;tripinfo_wu_od_to_gg.6;car;1.04;
wu_as_to_sl.8;426.00;23687583_0;5.10;0.00;3.62;682.00;28706217_0;94.10;6.87;256.00;1976.75;10.00;2;0.00;37.68;0;tripinfo_wu_as_to_sl.8;car;0.84;
wu_od_to_kl.4;367.00;803785575#0_0;5.10;0.00;3.47;684.00;28716808#1_0;754.74;9.38;317.00;2678.40;6.00;1;0.00;40.48;0;tripinfo_wu_od_to_kl.4;car;0.88;
wu_as_to_sl.9;445.00;23687583_0;5.10;0.00;0.49;684.00;28706217_0;94.10;7.52;239.00;1976.75;9.00;1;0.00;59.52;0;tripinfo_wu_as_to_sl.9;car;1.02;
wu_as_to_ko.21;567.00;23687583_0;5.10;0.00;2.60;685.00;972103805_0;116.86;9.26;118.00;1102.39;0.00;0;0.00;11.72;0;tripinfo_wu_as_to_ko.21;car;0.94;
wu_as_to_gj.9;605.00;23687583_0;5.10;0.00;0.62;685.00;23527526_0;253.75;11.09;80.00;649.06;10.00;1;0.00;22.67;0;tripinfo_wu_as_to_gj.9;car;1.03;
wu_as_to_ko.22;572.00;23687583_0;5.10;0.00;0.43;687.00;972103805_0;116.86;11.18;115.00;1102.39;0.00;0;0.00;15.93;0;tripinfo_wu_as_to_ko.22;car;1.01;
wu_od_to_ko.14;425.00;803785575#0_0;5.10;0.00;0.16;689.00;972103805_0;116.86;11.15;264.00;2307.67;23.00;3;0.00;55.72;0;tripinfo_wu_od_to_ko.14;car;1.06;
wu_od_to_br.4;344.00;803785575#0_0;5.10;0.00;0.35;691.00;23156390_0;1121.44;9.85;347.00;3149.31;2.00;1;0.00;36.61;0;tripinfo_wu_od_to_br.4;car;0.92;
wu_od_to_ko.15;432.00;803785575#0_0;5.10;0.00;0.35;692.00;972103805_0;116.86;10.62;260.00;2307.67;11.00;1;0.00;41.62;0;tripinfo_wu_od_to_ko.15;car;1.01;
wu_od_to_os.13;556.00;803785575#0_0;5.10;0.00;0.41;695.00;45494495_0;58.90;7.36;139.00;969.96;0.00;0;0.00;16.28;0;tripinfo_wu_od_to_os.13;car;0.72;
wu_od_to_os.14;591.00;803785575#0_0;5.10;0.00;3.01;697.00;45494495_0;58.90;10.54;106.00;969.96;1.00;1;0.00;27.91;0;tripinfo_wu_od_to_os.14;car;1.13;
wu_od_to_ba.14;451.00;803785575#0_0;5.10;0.00;3.81;699.00;230845886_0;633.12;10.05;248.00;2382.14;2.00;1;0.00;23.43;0;tripinfo_wu_od_to_ba.14;car;0.96;
wu_as_to_ns.3;496.00;23687583_0;5.10;0.00;0.27;699.00;23142338#2_0;290.21;10.31;203.00;1995.73;2.00;1;0.00;25.73;0;tripinfo_wu_as_to_ns.3;car;1.03;
wu_od_to_os.15;598.00;803785575#0_0;5.10;0.00;0.05;699.00;45494495_0;58.90;11.66;101.00;969.96;1.00;1;0.00;24.15;0;tripinfo_wu_od_to_os.15;car;1.15;
wu_od_to_ko.16;438.00;803785575#0_0;5.10;0.00;2.07;703.00;972103805_0;116.86;10.22;265.00;2307.67;13.00;2;0.00;42.66;0;tripinfo_wu_od_to_ko.16;car;0.99;
wu_as_to_ns.4;519.00;23687583_0;5.10;0.00;0.99;703.00;23142338#2_0;290.21;11.51;184.00;1995.73;0.00;0;0.00;16.98;0;tripinfo_wu_as_to_ns.4;car;1.09;
wu_ba_to_os.9;526.00;-230845886_0;5.10;0.00;0.44;703.00;45494495_0;58.90;10.14;177.00;1647.96;0.00;0;0.00;15.07;0;tripinfo_wu_ba_to_os.9;car;0.92;
wu_od_to_kl.6;441.00;803785575#0_0;5.10;0.00;2.58;705.00;28716808#1_0;754.74;11.71;264.00;2678.40;9.00;1;0.00;49.81;0;tripinfo_wu_od_to_kl.6;car;1.13;
wu_ns_to_ba.1;443.00;-23142338#2_0;5.10;0.00;1.03;707.00;230845886_0;633.12;9.58;264.00;2340.42;7.00;1;0.00;32.37;0;tripinfo_wu_ns_to_ba.1;car;0.91;
wu_ba_to_ko.18;493.00;-230845886_0;5.10;0.00;2.56;713.00;972103805_0;116.86;10.21;220.00;2114.29;3.00;1;0.00;33.15;0;tripinfo_wu_ba_to_ko.18;car;1.03;
wu_ba_to_sl.4;466.00;-230845886_0;5.10;0.00;1.84;716.00;28706217_0;94.10;5.43;250.00;1934.94;0.00;0;0.00;23.21;0;tripinfo_wu_ba_to_sl.4;car;0.79;
wu_od_to_br.5;383.00;803785575#0_0;5.10;0.00;0.24;717.00;23156390_0;1121.44;11.06;334.00;3149.31;9.00;2;0.00;64.40;0;tripinfo_wu_od_to_br.5;car;1.06;
wu_as_to_ba.9;594.00;23687583_0;5.10;0.00;0.95;717.00;230845886_0;633.12;11.60;123.00;1356.50;0.00;0;0.00;12.59;0;tripinfo_wu_as_to_ba.9;car;1.11;
wu_as_to_os.11;545.00;23687583_0;5.10;0.00;0.98;718.00;45494495_0;58.90;10.64;173.00;1689.77;1.00;1;0.00;18.19;0;tripinfo_wu_as_to_os.11;car;0.99;
wu_as_to_gj.10;639.00;23687583_0;5.10;0.00;0.11;719.00;23527526_0;253.75;10.59;80.00;649.06;3.00;1;0.00;18.21;0;tripinfo_wu_as_to_gj.10;car;0.96;
wu_ba_to_os.10;547.00;-230845886_0;5.10;0.00;0.39;720.00;45494495_0;58.90;11.47;173.00;1647.96;2.00;1;0.00;30.48;0;tripinfo_wu_ba_to_os.10;car;1.05;
wu_ns_to_sl.0;533.00;-23142338#2_0;5.10;0.00;0.45;723.00;28706217_0;94.10;7.52;190.00;1619.36;3.00;1;0.00;25.64;0;tripinfo_wu_ns_to_sl.0;car;1.00;
wu_ns_to_ko.17;560.00;-23142338#2_0;5.10;0.00;0.84;724.00;972103805_0;116.86;9.91;164.00;1398.55;14.00;3;0.00;38.84;0;tripinfo_wu_ns_to_ko.17;car;1.01;
wu_ns_to_ko.18;575.00;-23142338#2_0;5.10;0.00;0.85;727.00;972103805_0;116.86;9.72;152.00;1398.55;2.00;1;0.00;19.93;0;tripinfo_wu_ns_to_ko.18;car;0.96;
wu_ns_to_ko.19;605.00;-23142338#2_0;5.10;0.00;0.47;729.00;972103805_0;116.86;12.42;124.00;1398.55;0.00;0;0.00;22.52;0;tripinfo_wu_ns_to_ko.19;car;1.28;
wu_ba_to_od.7;479.00;-230845886_0;5.10;0.00;0.07;731.00;23156030#6_0;109.07;11.13;252.00;2315.50;0.00;0;0.00;59.33;0;tripinfo_wu_ba_to_od.7;car;1.08;
wu_ba_to_sl.5;529.00;-230845886_0;5.10;0.00;2.70;734.00;28706217_0;94.10;7.97;205.00;1934.94;0.00;0;0.00;33.89;0;tripinfo_wu_ba_to_sl.5;car;1.05;
wu_ba_to_ko.19;497.00;-230845886_0;5.10;0.00;0.02;735.00;972103805_0;116.86;9.18;238.00;2114.29;4.00;1;0.00;26.58;0;tripinfo_wu_ba_to_ko.19;car;0.91;
wu_os_to_od.7;655.00;-45494495_0;5.10;0.00;0.71;735.00;23156030#6_0;109.07;10.75;80.00;865.51;0.00;0;0.00;7.03;0;tripinfo_wu_os_to_od.7;car;1.07;
wu_ba_to_gj.10;544.00;-230845886_0;5.10;0.00;2.71;736.00;23527526_0;253.75;8.90;192.00;1755.68;0.00;0;0.00;15.98;0;tripinfo_wu_ba_to_gj.10;car;0.90;
wu_ba_to_gj.11;563.00;-230845886_0;5.10;0.00;2.90;745.00;23527526_0;253.75;10.54;182.00;1755.68;0.00;0;0.00;15.58;0;tripinfo_wu_ba_to_gj.11;car;0.96;
wu_ba_to_as.9;591.00;-230845886_0;5.10;0.00;1.92;745.00;41899283#1_0;148.70;10.35;154.00;1430.78;0.00;0;0.00;27.61;0;tripinfo_wu_ba_to_as.9;car;1.03;
wu_as_to_gj.11;677.00;23687583_0;5.10;0.00;4.30;746.00;23527526_0;253.75;11.05;69.00;649.06;0.00;0;0.00;13.64;0;tripinfo_wu_as_to_gj.11;car;1.07;
wu_od_to_br.6;408.00;803785575#0_0;5.10;0.00;0.42;748.00;23156390_0;1121.44;10.21;340.00;3149.31;0.00;0;0.00;40.21;0;tripinfo_wu_od_to_br.6;car;0.96;
wu_as_to_ko.23;608.00;23687583_0;5.10;0.00;2.37;748.00;972103805_0;116.86;11.53;140.00;1102.39;27.00;2;0.00;44.55;0;tripinfo_wu_as_to_ko.23;car;1.04;
wu_ba_to_as.10;596.00;-230845886_0;5.10;0.00;0.21;749.00;41899283#1_0;148.70;9.79;153.00;1430.78;0.00;0;0.00;22.45;0;tripinfo_wu_ba_to_as.10;car;1.00;
wu_od_to_gg.7;332.00;803785575#0_0;5.10;0.00;9.18;750.00;23156305_0;1264.14;9.46;418.00;3669.96;0.00;0;0.00;35.99;0;tripinfo_wu_od_to_gg.7;car;0.87;
wu_os_to_gg.1;437.00;-45494495_0;5.10;0.00;0.57;752.00;23156305_0;1264.14;11.31;315.00;3034.34;0.00;0;0.00;56.86;0;tripinfo_wu_os_to_gg.1;car;1.07;
wu_ba_to_os.11;583.00;-230845886_0;5.10;0.00;0.53;752.00;45494495_0;58.90;10.47;169.00;1647.96;0.00;0;0.00;17.85;0;tripinfo_wu_ba_to_os.11;car;0.99;
wu_od_to_br.7;418.00;803785575#0_0;5.10;0.00;0.71;754.00;23156390_0;1121.44;9.49;336.00;3149.31;0.00;0;0.00;31.20;0;tripinfo_wu_od_to_br.7;car;0.94;
wu_od_to_ns.5;527.00;803785575#0_0;5.10;0.00;0.12;754.00;23142338#2_0;290.21;10.33;227.00;1928.29;11.00;2;0.00;38.26;0;tripinfo_wu_od_to_ns.5;car;0.98;
wu_ba_to_as.11;599.00;-230845886_0;5.10;0.00;3.00;755.00;41899283#1_0;148.70;10.00;156.00;1430.78;0.00;0;0.00;24.22;0;tripinfo_wu_ba_to_as.11;car;0.98;
wu_ns_to_os.1;593.00;-23142338#2_0;5.10;0.00;0.90;756.00;45494495_0;58.90;12.33;163.00;1865.82;0.00;0;0.00;12.83;0;tripinfo_wu_ns_to_os.1;car;1.12;
wu_ba_to_sl.6;557.00;-230845886_0;5.10;0.00;2.94;757.00;28706217_0;94.10;9.06;200.00;1934.94;0.00;0;0.00;42.46;0;tripinfo_wu_ba_to_sl.6;car;1.14;
wu_os_to_od.8;665.00;-45494495_0;5.10;0.00;0.13;760.00;23156030#6_0;109.07;9.90;95.00;865.51;1.00;1;0.00;13.13;0;tripinfo_wu_os_to_od.8;car;0.95;
wu_ba_to_od.9;510.00;-230845886_0;5.10;0.00;1.92;762.00;23156030#6_0;109.07;10.94;252.00;2315.50;2.00;1;0.00;59.32;0;tripinfo_wu_ba_to_od.9;car;1.08;
wu_od_to_ba.15;478.00;803785575#0_0;5.10;0.00;1.96;763.00;230845886_0;633.12;9.54;285.00;2382.14;10.00;1;0.00;57.47;0;tripinfo_wu_od_to_ba.15;car;0.95;
wu_od_to_br.8;457.00;803785575#0_0;5.10;0.00;8.34;771.00;23156390_0;1121.44;11.39;314.00;3149.31;1.00;1;0.00;37.25;0;tripinfo_wu_od_to_br.8;car;1.03;
wu_ba_to_od.8;504.00;-230845886_0;5.10;0.00;1.88;773.00;23156030#6_0;109.07;9.48;269.00;2315.50;4.00;1;0.00;27.32;0;tripinfo_wu_ba_to_od.8;car;0.87;
wu_ba_to_ko.20;538.00;-230845886_0;5.10;0.00;0.89;776.00;972103805_0;116.86;10.24;238.00;2114.29;7.00;1;0.00;31.53;0;tripinfo_wu_ba_to_ko.20;car;0.93;
wu_ns_to_as.2;550.00;-23142338#2_0;5.10;0.00;0.47;778.00;41899283#1_0;148.70;11.42;228.00;2009.37;16.00;2;0.00;58.32;0;tripinfo_wu_ns_to_as.2;car;1.07;
wu_as_to_sl.10;564.00;23687583_0;5.10;0.00;0.89;779.00;28706217_0;94.10;6.97;215.00;1976.75;0.00;0;0.00;23.74;0;tripinfo_wu_as_to_sl.10;car;0.96;
wu_od_to_as.8;507.00;803785575#0_0;5.10;0.00;0.86;784.00;41899283#1_0;148.70;9.91;277.00;2382.09;11.00;2;0.00;46.36;0;tripinfo_wu_od_to_as.8;car;0.93;
wu_ba_to_od.10;554.00;-230845886_0;5.10;0.00;0.75;784.00;23156030#6_0;109.07;11.07;230.00;2315.50;1.00;1;0.00;35.27;0;tripinfo_wu_ba_to_od.10;car;1.07;
wu_ba_to_ns.4;541.00;-230845886_0;5.10;0.00;3.43;785.00;23142338#2_0;290.21;10.91;244.00;2346.36;12.00;2;0.00;45.86;0;tripinfo_wu_ba_to_ns.4;car;1.07;
wu_ns_to_ko.20;608.00;-23142338#2_0;5.10;0.00;0.79;787.00;972103805_0;116.86;8.65;179.00;1398.55;0.00;0;0.00;19.03;0;tripinfo_wu_ns_to_ko.20;car;0.79;
wu_os_to_ko.6;490.00;-45494495_0;5.10;0.00;0.15;789.00;972103805_0;116.86;9.26;299.00;2045.29;24.00;4;0.00;66.71;0;tripinfo_wu_os_to_ko.6;car;0.84;
wu_od_to_ko.17;488.00;803785575#0_0;5.10;0.00;3.26;791.00;972103805_0;116.86;9.46;303.00;2307.67;14.00;2;0.00;56.02;0;tripinfo_wu_od_to_ko.17;car;0.89;
wu_od_to_br.9;475.00;803785575#0_0;5.10;0.00;0.56;793.00;23156390_0;1121.44;9.55;318.00;3149.31;0.00;0;0.00;25.42;0;tripinfo_wu_od_to_br.9;car;0.98;
wu_od_to_ko.18;491.00;803785575#0_0;5.10;0.00;2.40;793.00;972103805_0;116.86;8.60;302.00;2307.67;9.00;1;0.00;54.10;0;tripinfo_wu_od_to_ko.18;car;0.88;
wu_ba_to_gj.12;624.00;-230845886_0;5.10;0.00;0.58;799.00;23527526_0;253.75;10.66;175.00;1755.68;0.00;0;0.00;18.29;0;tripinfo_wu_ba_to_gj.12;car;1.01;
wu_os_to_ko.7;558.00;-45494495_0;5.10;0.00;0.91;803.00;972103805_0;116.86;10.20;245.00;2045.29;15.00;3;0.00;48.17;0;tripinfo_wu_os_to_ko.7;car;1.00;
wu_ba_to_as.12;674.00;-230845886_0;5.10;0.00;1.94;803.00;41899283#1_0;148.70;11.55;129.00;1430.78;0.00;0;0.00;11.82;0;tripinfo_wu_ba_to_as.12;car;1.11;
wu_as_to_ns.5;600.00;23687583_0;5.10;0.00;3.98;808.00;23142338#2_0;290.21;10.51;208.00;1995.73;8.00;1;0.00;33.98;0;tripinfo_wu_as_to_ns.5;car;1.05;
wu_od_to_kl.7;494.00;803785575#0_0;5.10;0.00;2.41;810.00;28716808#1_0;754.74;10.47;316.00;2678.40;19.00;3;0.00;82.40;0;tripinfo_wu_od_to_kl.7;car;1.04;
wu_od_to_ns.6;588.00;803785575#0_0;5.10;0.00;0.09;819.00;23142338#2_0;290.21;10.66;231.00;1928.29;19.00;2;0.00;51.22;0;tripinfo_wu_od_to_ns.6;car;1.03;
wu_od_to_gg.8;398.00;803785575#0_0;5.10;0.00;0.05;822.00;23156305_0;1264.14;8.28;424.00;3669.96;0.00;0;0.00;37.29;0;tripinfo_wu_od_to_gg.8;car;0.86;
wu_ba_to_sl.7;602.00;-230845886_0;5.10;0.00;1.60;822.00;28706217_0;94.10;6.96;220.00;1934.94;0.00;0;0.00;24.32;0;tripinfo_wu_ba_to_sl.7;car;0.92;
wu_os_to_kl.3;597.00;-45494495_0;5.10;0.00;0.03;823.00;28716808#1_0;754.74;8.94;226.00;2042.78;0.00;0;0.00;22.63;0;tripinfo_wu_os_to_kl.3;car;0.91;
wu_as_to_os.12;611.00;23687583_0;5.10;0.00;1.21;823.00;45494495_0;58.90;10.32;212.00;1689.77;24.00;2;0.00;47.65;0;tripinfo_wu_as_to_os.12;car;0.93;
wu_ns_to_gg.2;476.00;-23142338#2_0;5.10;0.00;0.09;824.00;23156305_0;1264.14;12.95;348.00;3297.24;7.00;2;0.00;89.85;0;tripinfo_wu_ns_to_gg.2;car;1.17;
wu_ba_to_os.12;649.00;-230845886_0;5.10;0.00;0.24;825.00;45494495_0;58.90;10.99;176.00;1647.96;7.00;1;0.00;40.82;0;tripinfo_wu_ba_to_os.12;car;1.10;
wu_ba_to_gg.6;560.00;-230845886_0;5.10;0.00;4.31;826.00;23156305_0;1264.14;10.62;266.00;2718.65;0.00;0;0.00;30.54;0;tripinfo_wu_ba_to_gg.6;car;1.05;
wu_os_to_sl.4;759.00;-45494495_0;5.10;0.00;3.62;827.00;28706217_0;94.10;8.31;68.00;484.95;0.00;0;0.00;19.77;0;tripinfo_wu_os_to_sl.4;car;1.02;
wu_ns_to_kl.1;569.00;-23142338#2_0;5.10;0.00;0.68;828.00;28716808#1_0;754.74;10.32;259.00;2315.58;8.00;1;0.00;36.01;0;tripinfo_wu_ns_to_kl.1;car;0.94;
wu_as_to_gg.3;680.00;23687583_0;5.10;0.00;4.39;828.00;23156305_0;1264.14;12.51;148.00;1600.87;0.00;0;0.00;20.26;0;tripinfo_wu_as_to_gg.3;car;1.14;
wu_ba_to_gj.13;671.00;-230845886_0;5.10;0.00;3.59;834.00;23527526_0;253.75;11.37;163.00;1755.68;0.00;0;0.00;20.70;0;tripinfo_wu_ba_to_gj.13;car;1.12;
wu_ba_to_ko.21;567.00;-230845886_0;5.10;0.00;5.21;839.00;972103805_0;116.86;8.51;272.00;2114.29;8.00;1;0.00;37.57;0;tripinfo_wu_ba_to_ko.21;car;0.82;
wu_ba_to_ko.22;570.00;-230845886_0;5.10;0.00;8.05;840.00;972103805_0;116.86;10.12;270.00;2114.29;6.00;1;0.00;82.28;0;tripinfo_wu_ba_to_ko.22;car;1.02;
wu_od_to_os.16;711.00;803785575#0_0;5.10;0.00;0.69;841.00;45494495_0;58.90;7.01;130.00;969.96;0.00;0;0.00;11.99;0;tripinfo_wu_od_to_os.16;car;0.74;
wu_ba_to_ko.23;575.00;-230845886_0;5.10;0.00;0.73;842.00;972103805_0;116.86;9.62;267.00;2114.29;9.00;1;0.00;68.39;0;tripinfo_wu_ba_to_ko.23;car;0.97;
wu_ba_to_as.13;694.00;-230845886_0;5.10;0.00;0.72;843.00;41899283#1_0;148.70;10.75;149.00;1430.78;0.00;0;0.00;20.64;0;tripinfo_wu_ba_to_as.13;car;1.01;
wu_od_to_os.17;738.00;803785575#0_0;5.10;0.00;0.58;843.00;45494495_0;58.90;9.04;105.00;969.96;0.00;0;0.00;9.40;0;tripinfo_wu_od_to_os.17;car;0.91;
wu_os_to_kl.4;629.00;-45494495_0;5.10;0.00;0.21;848.00;28716808#1_0;754.74;9.42;219.00;2042.78;0.00;0;0.00;18.45;0;tripinfo_wu_os_to_kl.4;car;0.92;
wu_ns_to_ko.21;659.00;-23142338#2_0;5.10;0.00;0.71;848.00;972103805_0;116.86;7.90;189.00;1398.55;13.00;2;0.00;34.78;0;tripinfo_wu_ns_to_ko.21;car;0.82;
wu_ns_to_ko.22;677.00;-23142338#2_0;5.10;0.00;0.53;849.00;972103805_0;116.86;9.53;172.00;1398.55;7.00;1;0.00;38.57;0;tripinfo_wu_ns_to_ko.22;car;0.94;
wu_ns_to_ko.23;680.00;-23142338#2_0;5.10;0.00;3.08;851.00;972103805_0;116.86;11.05;171.00;1398.55;7.00;1;0.00;49.16;0;tripinfo_wu_ns_to_ko.23;car;1.04;
wu_ba_to_as.14;699.00;-230845886_0;5.10;0.00;5.43;851.00;41899283#1_0;148.70;9.72;152.00;1430.78;0.00;0;0.00;13.56;0;tripinfo_wu_ba_to_as.14;car;0.94;
wu_as_to_os.13;675.00;23687583_0;5.10;0.00;8.03;852.00;45494495_0;58.90;11.60;177.00;1689.77;7.00;1;0.00;34.66;0;tripinfo_wu_as_to_os.13;car;1.07;
wu_as_to_ba.10;716.00;23687583_0;5.10;0.00;0.06;855.00;230845886_0;633.12;9.84;139.00;1356.50;0.00;0;0.00;11.21;0;tripinfo_wu_as_to_ba.10;car;0.96;
wu_od_to_br.10;485.00;803785575#0_0;5.10;0.00;0.57;856.00;23156390_0;1121.44;9.63;371.00;3149.31;8.00;1;0.00;56.67;0;tripinfo_wu_od_to_br.10;car;0.91;
wu_as_to_od.4;597.00;23687583_0;5.10;0.00;2.39;856.00;23156030#6_1;109.07;9.90;259.00;2357.31;0.00;0;0.00;20.85;0;tripinfo_wu_as_to_od.4;car;0.89;
wu_od_to_ba.16;602.00;803785575#0_0;5.10;0.00;0.89;857.00;230845886_0;633.12;12.91;255.00;2382.14;6.00;2;0.00;69.68;0;tripinfo_wu_od_to_ba.16;car;1.16;
wu_os_to_od.9;756.00;-45494495_0;5.10;0.00;1.31;857.00;23156030#6_0;109.07;8.31;101.00;865.51;0.00;0;0.00;8.69;0;tripinfo_wu_os_to_od.9;car;0.85;
wu_ba_to_ko.24;588.00;-230845886_0;5.10;0.00;0.92;858.00;972103805_0;116.86;8.34;270.00;2114.29;7.00;1;0.00;38.90;0;tripinfo_wu_ba_to_ko.24;car;0.83;
wu_os_to_gg.2;544.00;-45494495_0;5.10;0.00;1.70;859.00;23156305_0;1264.14;10.59;315.00;3034.34;8.00;1;0.00;38.00;0;tripinfo_wu_os_to_gg.2;car;0.99;
wu_as_to_ko.24;758.00;23687583_0;5.10;0.00;1.28;862.00;972103805_0;116.86;10.98;104.00;1102.39;0.00;0;0.00;9.08;0;tripinfo_wu_as_to_ko.24;car;1.05;
wu_os_to_ba.1;668.00;-45494495_0;5.10;0.00;1.33;864.00;230845886_0;633.12;10.17;196.00;1746.52;3.00;1;0.00;33.03;0;tripinfo_wu_os_to_ba.1;car;0.97;
wu_ba_to_ns.5;605.00;-230845886_0;5.10;0.00;0.84;865.00;23142338#2_0;290.21;10.28;260.00;2346.36;5.00;1;0.00;42.71;0;tripinfo_wu_ba_to_ns.5;car;0.98;
wu_ns_to_ko.24;710.00;-23142338#2_0;5.10;0.00;0.73;865.00;972103805_0;116.86;11.54;155.00;1398.55;13.00;2;0.00;41.91;0;tripinfo_wu_ns_to_ko.24;car;1.11;
wu_as_to_ba.11;732.00;23687583_0;5.10;0.00;0.94;868.00;230845886_0;633.12;11.24;136.00;1356.50;2.00;1;0.00;16.71;0;tripinfo_wu_as_to_ba.11;car;1.02;
wu_od_to_ko.19;573.00;803785575#0_0;5.10;0.00;0.77;869.00;972103805_0;116.86;9.71;296.00;2307.67;20.00;2;0.00;54.69;0;tripinfo_wu_od_to_ko.19;car;0.91;
wu_od_to_as.9;559.00;803785575#0_0;5.10;0.00;0.02;875.00;41899283#1_0;148.70;8.35;316.00;2382.09;7.00;1;0.00;39.01;0;tripinfo_wu_od_to_as.9;car;0.78;
wu_as_to_od.5;642.00;23687583_0;5.10;0.00;1.14;882.00;23156030#6_0;109.07;11.86;240.00;2357.31;2.00;1;0.00;43.22;0;tripinfo_wu_as_to_od.5;car;1.08;
wu_ba_to_as.15;736.00;-230845886_0;5.10;0.00;0.89;882.00;41899283#1_0;148.70;9.61;146.00;1430.78;0.00;0;0.00;12.37;0;tripinfo_wu_ba_to_as.15;car;0.97;
wu_od_to_os.18;791.00;803785575#0_0;5.10;0.00;0.11;882.00;45494495_0;58.90;11.57;91.00;969.96;0.00;0;0.00;14.45;0;tripinfo_wu_od_to_os.18;car;1.15;
wu_as_to_ns.6;614.00;23687583_0;5.10;0.00;3.01;883.00;23142338#2_0;290.21;10.12;269.00;1995.73;37.00;4;0.00;74.29;0;tripinfo_wu_as_to_ns.6;car;0.93;
wu_os_to_sl.5;820.00;-45494495_0;5.10;0.00;0.12;885.00;28706217_0;94.10;6.76;65.00;484.95;0.00;0;0.00;11.41;0;tripinfo_wu_os_to_sl.5;car;0.91;
wu_os_to_od.10;803.00;-45494495_0;5.10;0.00;1.17;887.00;23156030#6_0;109.07;11.01;84.00;865.51;0.00;0;0.00;7.94;0;tripinfo_wu_os_to_od.10;car;1.02;
wu_os_to_ba.2;675.00;-45494495_0;5.10;0.00;0.58;888.00;230845886_0;633.12;10.33;213.00;1746.52;10.00;4;0.00;43.12;0;tripinfo_wu_os_to_ba.2;car;0.93;
wu_ba_to_gj.14;690.00;-230845886_0;5.10;0.00;0.63;888.00;23527526_0;253.75;9.29;198.00;1755.68;0.00;0;0.00;16.28;0;tripinfo_wu_ba_to_gj.14;car;0.88;
wu_as_to_sl.11;667.00;23687583_0;5.10;0.00;3.54;890.00;28706217_0;94.10;6.64;223.00;1976.75;0.00;0;0.00;17.41;0;tripinfo_wu_as_to_sl.11;car;0.89;
wu_ba_to_gj.15;707.00;-230845886_0;5.10;0.00;0.35;890.00;23527526_0;253.75;10.92;183.00;1755.68;0.00;0;0.00;28.21;0;tripinfo_wu_ba_to_gj.15;car;1.03;
wu_as_to_ba.12;752.00;23687583_0;5.10;0.00;3.45;890.00;230845886_0;633.12;11.32;138.00;1356.50;0.00;0;0.00;22.03;0;tripinfo_wu_as_to_ba.12;car;1.06;
wu_os_to_ba.3;725.00;-45494495_0;5.10;0.00;0.05;892.00;230845886_0;633.12;10.65;167.00;1746.52;0.00;0;0.00;14.89;0;tripinfo_wu_os_to_ba.3;car;1.04;
wu_ns_to_ko.25;742.00;-23142338#2_0;5.10;0.00;0.04;892.00;972103805_0;116.86;9.30;150.00;1398.55;0.00;0;0.00;14.77;0;tripinfo_wu_ns_to_ko.25;car;0.93;
wu_as_to_sl.12;670.00;23687583_0;5.10;0.00;4.23;893.00;28706217_0;94.10;7.88;223.00;1976.75;0.00;0;0.00;30.91;0;tripinfo_wu_as_to_sl.12;car;0.96;
wu_od_to_gj.2;611.00;803785575#0_0;5.10;0.00;0.72;896.00;23527526_0;253.75;10.42;285.00;2706.99;3.00;1;0.00;45.91;0;tripinfo_wu_od_to_gj.2;car;1.03;
wu_ba_to_ko.25;642.00;-230845886_0;5.10;0.00;1.45;901.00;972103805_0;116.86;9.17;259.00;2114.29;12.00;2;0.00;38.66;0;tripinfo_wu_ba_to_ko.25;car;0.87;
wu_od_to_as.10;628.00;803785575#0_0;5.10;0.00;0.52;902.00;41899283#1_0;148.70;8.41;274.00;2382.09;0.00;0;0.00;26.61;0;tripinfo_wu_od_to_as.10;car;0.87;
wu_as_to_gj.12;829.00;23687583_0;5.10;0.00;2.30;902.00;23527526_0;253.75;11.83;73.00;649.06;6.00;1;0.00;19.00;0;tripinfo_wu_as_to_gj.12;car;1.10;
wu_as_to_sl.13;683.00;23687583_0;5.10;0.00;3.78;903.00;28706217_0;94.10;7.01;220.00;1976.75;1.00;1;0.00;29.28;0;tripinfo_wu_as_to_sl.13;car;0.96;
wu_od_to_ko.20;635.00;803785575#0_0;5.10;0.00;0.22;909.00;972103805_0;116.86;10.35;274.00;2307.67;21.00;3;0.00;53.36;0;tripinfo_wu_od_to_ko.20;car;0.99;
wu_od_to_ko.21;641.00;803785575#0_0;5.10;0.00;0.61;912.00;972103805_0;116.86;11.99;271.00;2307.67;18.00;4;0.00;70.96;0;tripinfo_wu_od_to_ko.21;car;1.10;
wu_as_to_od.6;645.00;23687583_0;5.10;0.00;0.30;913.00;23156030#6_0;109.07;9.95;268.00;2357.31;20.00;2;0.00;57.47;0;tripinfo_wu_as_to_od.6;car;1.01;
wu_ns_to_ko.26;781.00;-23142338#2_0;5.10;0.00;0.64;914.00;972103805_0;116.86;10.90;133.00;1398.55;0.00;0;0.00;16.31;0;tripinfo_wu_ns_to_ko.26;car;1.08;
wu_as_to_gj.13;832.00;23687583_0;5.10;0.00;2.41;925.00;23527526_0;253.75;8.82;93.00;649.06;12.00;2;0.00;27.03;0;tripinfo_wu_as_to_gj.13;car;0.90;
wu_ba_to_ko.26;725.00;-230845886_0;5.10;0.00;0.79;929.00;972103805_0;116.86;11.33;204.00;2114.29;0.00;0;0.00;28.80;0;tripinfo_wu_ba_to_ko.26;car;1.10;
wu_as_to_ns.7;701.00;23687583_0;5.10;0.00;0.71;930.00;23142338#2_0;290.21;10.57;229.00;1995.73;13.00;2;0.00;43.40;0;tripinfo_wu_as_to_ns.7;car;0.98;
wu_as_to_ns.8;722.00;23687583_0;5.10;0.00;0.57;933.00;23142338#2_0;290.21;10.85;211.00;1995.73;0.00;0;0.00;25.25;0;tripinfo_wu_as_to_ns.8;car;0.98;
wu_os_to_ba.4;762.00;-45494495_0;5.10;0.00;2.59;933.00;230845886_0;633.12;11.40;171.00;1746.52;0.00;0;0.00;18.61;0;tripinfo_wu_os_to_ba.4;car;1.04;
wu_ba_to_sl.8;739.00;-230845886_0;5.10;0.00;3.29;935.00;28706217_0;94.10;7.85;196.00;1934.94;0.00;0;0.00;17.88;0;tripinfo_wu_ba_to_sl.8;car;1.01;
wu_os_to_ba.5;765.00;-45494495_0;5.10;0.00;0.72;935.00;230845886_0;633.12;11.12;170.00;1746.52;1.00;1;0.00;28.09;0;tripinfo_wu_os_to_ba.5;car;1.12;
wu_as_to_br.3;765.00;23687583_0;5.10;0.00;1.92;936.00;23156390_0;1121.44;9.95;171.00;1694.48;0.00;0;0.00;16.09;0;tripinfo_wu_as_to_br.3;car;0.99;
wu_as_to_ko.25;810.00;23687583_0;5.10;0.00;0.90;937.00;972103805_0;116.86;10.58;127.00;1102.39;8.00;1;0.00;22.08;0;tripinfo_wu_as_to_ko.25;car;0.95;
wu_od_to_br.11;564.00;803785575#0_0;5.10;0.00;0.67;938.00;23156390_0;1121.44;11.04;374.00;3149.31;7.00;1;0.00;99.61;0;tripinfo_wu_od_to_br.11;car;1.04;
wu_od_to_gj.3;638.00;803785575#0_0;5.10;0.00;1.10;938.00;23527526_0;253.75;8.65;300.00;2706.99;0.00;0;0.00;25.78;0;tripinfo_wu_od_to_gj.3;car;0.89;
wu_od_to_ko.22;653.00;803785575#0_0;5.10;0.00;0.46;940.00;972103805_0;116.86;10.35;287.00;2307.67;31.00;4;0.00;66.83;0;tripinfo_wu_od_to_ko.22;car;1.00;
wu_od_to_br.12;618.00;803785575#0_0;5.10;0.00;0.43;941.00;23156390_0;1121.44;10.51;323.00;3149.31;3.00;1;0.00;41.79;0;tripinfo_wu_od_to_br.12;car;1.02;
wu_os_to_od.11;854.00;-45494495_0;5.10;0.00;0.99;941.00;23156030#6_0;109.07;10.51;87.00;865.51;0.00;0;0.00;10.43;0;tripinfo_wu_os_to_od.11;car;1.03;
wu_od_to_ko.23;657.00;803785575#0_0;5.10;0.00;0.84;942.00;972103805_0;116.86;10.00;285.00;2307.67;9.00;2;0.00;43.35;0;tripinfo_wu_od_to_ko.23;car;0.90;
wu_as_to_os.14;762.00;23687583_0;5.10;0.00;0.03;942.00;45494495_0;58.90;10.15;180.00;1689.77;0.00;0;0.00;14.63;0;tripinfo_wu_as_to_os.14;car;0.92;
wu_od_to_gg.9;460.00;803785575#0_0;5.10;0.00;10.81;944.00;23156305_0;1264.14;7.66;484.00;3669.96;10.00;1;0.00;56.69;0;tripinfo_wu_od_to_gg.9;car;0.78;
wu_od_to_ko.24;660.00;803785575#0_0;5.10;0.00;1.53;944.00;972103805_0;116.86;11.41;284.00;2307.67;7.00;1;0.00;75.43;0;tripinfo_wu_od_to_ko.24;car;1.05;
wu_as_to_gg.4;745.00;23687583_0;5.10;0.00;0.38;946.00;23156305_0;1264.14;9.89;201.00;1600.87;0.00;0;0.00;52.66;0;tripinfo_wu_as_to_gg.4;car;0.98;
wu_os_to_ko.8;699.00;-45494495_0;5.10;0.00;2.89;947.00;972103805_0;116.86;10.24;248.00;2045.29;0.00;0;0.00;39.95;0;tripinfo_wu_os_to_ko.8;car;0.94;
wu_as_to_ns.9;749.00;23687583_0;5.10;0.00;2.95;947.00;23142338#2_0;290.21;11.52;198.00;1995.73;4.00;2;0.00;30.39;0;tripinfo_wu_as_to_ns.9;car;1.09;
wu_od_to_br.13;621.00;803785575#0_0;5.10;0.00;0.70;948.00;23156390_0;1121.44;11.04;327.00;3149.31;7.00;2;0.00;50.78;0;tripinfo_wu_od_to_br.13;car;1.04;
wu_ba_to_gg.7;639.00;-230845886_0;5.10;0.00;0.19;948.00;23156305_0;1264.14;9.66;309.00;2718.65;0.00;0;0.00;47.18;0;tripinfo_wu_ba_to_gg.7;car;0.94;
wu_as_to_ns.10;755.00;23687583_0;5.10;0.00;1.48;949.00;23142338#2_0;290.21;11.90;194.00;1995.73;1.00;1;0.00;24.72;0;tripinfo_wu_as_to_ns.10;car;1.08;
wu_ba_to_ko.27;729.00;-230845886_0;5.10;0.00;0.98;950.00;972103805_0;116.86;10.07;221.00;2114.29;1.00;1;0.00;26.91;0;tripinfo_wu_ba_to_ko.27;car;0.99;
wu_as_to_ba.13;784.00;23687583_0;5.10;0.00;0.17;950.00;230845886_0;633.12;9.28;166.00;1356.50;8.00;1;0.00;25.02;0;tripinfo_wu_as_to_ba.13;car;0.87;
wu_as_to_gj.14;888.00;23687583_0;5.10;0.00;0.06;951.00;23527526_0;253.75;10.95;63.00;649.06;0.00;0;0.00;6.59;0;tripinfo_wu_as_to_gj.14;car;1.05;
wu_od_to_kl.8;670.00;803785575#0_0;5.10;0.00;0.45;959.00;28716808#1_0;754.74;9.60;289.00;2678.40;0.00;0;0.00;22.62;0;tripinfo_wu_od_to_kl.8;car;0.91;
wu_ns_to_ko.27;785.00;-23142338#2_0;5.10;0.00;1.00;959.00;972103805_0;116.86;9.54;174.00;1398.55;18.00;2;0.00;39.77;0;tripinfo_wu_ns_to_ko.27;car;0.94;
wu_ns_to_as.3;750.00;-23142338#2_0;5.10;0.00;0.17;961.00;41899283#1_0;148.70;10.23;211.00;2009.37;0.00;0;0.00;19.91;0;tripinfo_wu_ns_to_as.3;car;0.96;
wu_ba_to_od.11;721.00;-230845886_0;5.10;0.00;0.23;966.00;23156030#6_0;109.07;9.57;245.00;2315.50;0.00;0;0.00;18.79;0;tripinfo_wu_ba_to_od.11;car;0.92;
wu_ba_to_ns.6;710.00;-230845886_0;5.10;0.00;0.56;973.00;23142338#2_0;290.21;9.22;263.00;2346.36;11.00;2;0.00;36.06;0;tripinfo_wu_ba_to_ns.6;car;0.94;
wu_as_to_ko.26;859.00;23687583_0;5.10;0.00;0.62;979.00;972103805_0;116.86;11.34;120.00;1102.39;2.00;1;0.00;22.42;0;tripinfo_wu_as_to_ko.26;car;1.03;
wu_as_to_os.16;814.00;23687583_0;5.10;0.00;0.50;980.00;45494495_0;58.90;11.92;166.00;1689.77;7.00;1;0.00;31.78;0;tripinfo_wu_as_to_os.16;car;1.14;
wu_as_to_gg.5;826.00;23687583_0;5.10;0.00;0.16;981.00;23156305_0;1264.14;11.44;155.00;1600.87;0.00;0;0.00;16.40;0;tripinfo_wu_as_to_gg.5;car;1.04;
wu_ba_to_sl.9;772.00;-230845886_0;5.10;0.00;0.88;983.00;28706217_0;94.10;7.39;211.00;1934.94;1.00;1;0.00;33.24;0;tripinfo_wu_ba_to_sl.9;car;1.01;
wu_ns_to_ko.28;833.00;-23142338#2_0;5.10;0.00;0.44;984.00;972103805_0;116.86;9.87;151.00;1398.55;5.00;1;0.00;22.32;0;tripinfo_wu_ns_to_ko.28;car;0.98;
wu_as_to_od.7;740.00;23687583_0;5.10;0.00;0.10;985.00;23156030#6_0;109.07;10.22;245.00;2357.31;4.00;1;0.00;25.14;0;tripinfo_wu_as_to_od.7;car;0.97;
wu_ba_to_sl.10;789.00;-230845886_0;5.10;0.00;0.05;985.00;28706217_0;94.10;8.94;196.00;1934.94;1.00;1;0.00;32.85;0;tripinfo_wu_ba_to_sl.10;car;1.10;
wu_ba_to_as.16;830.00;-230845886_0;5.10;0.00;3.30;985.00;41899283#1_0;148.70;9.56;155.00;1430.78;0.00;0;0.00;17.17;0;tripinfo_wu_ba_to_as.16;car;0.94;
wu_as_to_os.15;778.00;23687583_0;5.10;0.00;0.78;986.00;45494495_0;58.90;8.77;208.00;1689.77;0.00;0;0.00;17.51;0;tripinfo_wu_as_to_os.15;car;0.80;
wu_ns_to_ko.29;846.00;-23142338#2_0;5.10;0.00;0.23;987.00;972103805_0;116.86;11.86;141.00;1398.55;1.00;1;0.00;23.61;0;tripinfo_wu_ns_to_ko.29;car;1.07;
wu_as_to_gj.15;914.00;23687583_0;5.10;0.00;0.17;987.00;23527526_0;253.75;9.63;73.00;649.06;0.00;0;0.00;7.64;0;tripinfo_wu_as_to_gj.15;car;0.91;
wu_od_to_ba.17;703.00;803785575#0_0;5.10;0.00;0.98;991.00;230845886_0;633.12;8.41;288.00;2382.14;0.00;0;0.00;24.50;0;tripinfo_wu_od_to_ba.17;car;0.82;
wu_os_to_ba.6;806.00;-45494495_0;5.10;0.00;1.53;993.00;230845886_0;633.12;11.20;187.00;1746.52;6.00;2;0.00;32.55;0;tripinfo_wu_os_to_ba.6;car;1.03;
wu_od_to_ba.18;758.00;803785575#0_0;5.10;0.00;1.53;994.00;230845886_0;633.12;11.44;236.00;2382.14;5.00;2;0.00;31.87;0;tripinfo_wu_od_to_ba.18;car;1.05;
wu_ba_to_ko.28;779.00;-230845886_0;5.10;0.00;0.87;994.00;972103805_0;116.86;11.11;215.00;2114.29;7.00;1;0.00;31.55;0;tripinfo_wu_ba_to_ko.28;car;1.05;
wu_ba_to_ns.7;742.00;-230845886_0;5.10;0.00;4.28;1000.00;23142338#2_0;290.21;10.39;258.00;2346.36;9.00;3;0.00;37.66;0;tripinfo_wu_ba_to_ns.7;car;0.96;
wu_od_to_ns.7;783.00;803785575#0_0;5.10;0.00;0.02;1002.00;23142338#2_0;290.21;10.78;219.00;1928.29;0.00;0;0.00;41.40;0;tripinfo_wu_od_to_ns.7;car;1.05;
wu_ba_to_gj.16;813.00;-230845886_0;5.10;0.00;0.69;1002.00;23527526_0;253.75;10.04;189.00;1755.68;0.00;0;0.00;18.77;0;tripinfo_wu_ba_to_gj.16;car;0.93;
wu_od_to_gg.10;579.00;803785575#0_0;5.10;0.00;0.37;1005.00;23156305_0;1264.14;9.41;426.00;3669.96;5.00;1;0.00;61.76;0;tripinfo_wu_od_to_gg.10;car;0.91;
wu_od_to_gg.11;582.00;803785575#0_0;5.10;0.00;0.44;1012.00;23156305_0;1264.14;9.74;430.00;3669.96;6.00;2;0.00;65.88;0;tripinfo_wu_od_to_gg.11;car;0.91;
wu_od_to_gj.4;698.00;803785575#0_0;5.10;0.00;0.21;1017.00;23527526_0;253.75;8.73;319.00;2706.99;0.00;0;0.00;26.26;0;tripinfo_wu_od_to_gj.4;car;0.84;
wu_ba_to_as.17;857.00;-230845886_0;5.10;0.00;8.57;1018.00;41899283#1_0;148.70;9.77;161.00;1430.78;0.00;0;0.00;16.89;0;tripinfo_wu_ba_to_as.17;car;0.90;
wu_ba_to_as.18;864.00;-230845886_0;5.10;0.00;11.11;1020.00;41899283#1_0;148.70;10.81;156.00;1430.78;0.00;0;0.00;32.35;0;tripinfo_wu_ba_to_as.18;car;1.05;
wu_as_to_gj.16;942.00;23687583_0;5.10;0.00;0.40;1020.00;23527526_0;253.75;10.84;78.00;649.06;6.00;1;0.00;18.35;0;tripinfo_wu_as_to_gj.16;car;1.00;
wu_ns_to_ko.30;874.00;-23142338#2_0;5.10;0.00;0.10;1023.00;972103805_0;116.86;10.25;149.00;1398.55;10.00;1;0.00;26.22;0;tripinfo_wu_ns_to_ko.30;car;1.03;
wu_ba_to_os.13;868.00;-230845886_0;5.10;0.00;14.23;1029.00;45494495_0;58.90;11.84;161.00;1647.96;0.00;0;0.00;23.61;0;tripinfo_wu_ba_to_os.13;car;1.09;
wu_od_to_as.11;788.00;803785575#0_0;5.10;0.00;0.92;1030.00;41899283#1_0;148.70;10.66;242.00;2382.09;11.00;2;0.00;38.19;0;tripinfo_wu_od_to_as.11;car;1.06;
wu_ba_to_ko.29;818.00;-230845886_0;5.10;0.00;0.39;1033.00;972103805_0;116.86;12.38;215.00;2114.29;2.00;1;0.00;42.64;0;tripinfo_wu_ba_to_ko.29;car;1.12;
wu_as_to_gj.17;969.00;23687583_0;5.10;0.00;0.89;1034.00;23527526_0;253.75;11.33;65.00;649.06;0.00;0;0.00;7.25;0;tripinfo_wu_as_to_gj.17;car;1.02;
wu_as_to_sl.14;803.00;23687583_0;5.10;0.00;0.40;1036.00;28706217_0;94.10;9.11;233.00;1976.75;16.00;3;0.00;72.47;0;tripinfo_wu_as_to_sl.14;car;1.15;
wu_od_to_kl.9;755.00;803785575#0_0;5.10;0.00;0.40;1039.00;28716808#1_0;754.74;9.66;284.00;2678.40;0.00;0;0.00;22.36;0;tripinfo_wu_od_to_kl.9;car;0.93;
wu_od_to_os.19;951.00;803785575#0_0;5.10;0.00;0.95;1039.00;45494495_0;58.90;11.56;88.00;969.96;0.00;0;0.00;10.58;0;tripinfo_wu_od_to_os.19;car;1.13;
wu_od_to_kl.10;766.00;803785575#0_0;5.10;0.00;0.60;1040.00;28716808#1_0;754.74;11.22;274.00;2678.40;9.00;1;0.00;49.80;0;tripinfo_wu_od_to_kl.10;car;1.08;
wu_as_to_os.17;840.00;23687583_0;5.10;0.00;1.88;1043.00;45494495_0;58.90;10.27;203.00;1689.77;12.00;2;0.00;47.11;0;tripinfo_wu_as_to_os.17;car;0.98;
wu_as_to_sl.15;822.00;23687583_0;5.10;0.00;0.07;1047.00;28706217_0;94.10;8.22;225.00;1976.75;15.00;1;0.00;40.89;0;tripinfo_wu_as_to_sl.15;car;0.99;
wu_ba_to_sl.11;827.00;-230845886_0;5.10;0.00;0.65;1053.00;28706217_0;94.10;6.60;226.00;1934.94;2.00;1;0.00;26.37;0;tripinfo_wu_ba_to_sl.11;car;0.90;
wu_ba_to_os.14;871.00;-230845886_0;5.10;0.00;6.34;1053.00;45494495_0;58.90;9.50;182.00;1647.96;3.00;1;0.00;20.18;0;tripinfo_wu_ba_to_os.14;car;0.92;
wu_ns_to_ko.31;877.00;-23142338#2_0;5.10;0.00;0.79;1053.00;972103805_0;116.86;7.46;176.00;1398.55;0.00;0;0.00;14.96;0;tripinfo_wu_ns_to_ko.31;car;0.78;
wu_od_to_ko.25;772.00;803785575#0_0;5.10;0.00;4.11;1055.00;972103805_0;116.86;9.41;283.00;2307.67;1.00;1;0.00;36.60;0;tripinfo_wu_od_to_ko.25;car;0.89;
wu_os_to_ko.9;791.00;-45494495_0;5.10;0.00;0.49;1057.00;972103805_0;116.86;9.34;266.00;2045.29;13.00;1;0.00;56.60;0;tripinfo_wu_os_to_ko.9;car;0.94;
wu_ba_to_ns.8;807.00;-230845886_0;5.10;0.00;0.09;1057.00;23142338#2_0;290.21;10.26;250.00;2346.36;12.00;2;0.00;44.44;0;tripinfo_wu_ba_to_ns.8;car;1.03;
wu_od_to_gg.12;689.00;803785575#0_0;5.10;0.00;0.52;1058.00;23156305_0;1264.14;10.22;369.00;3669.96;0.00;0;0.00;28.69;0;tripinfo_wu_od_to_gg.12;car;0.98;
wu_ns_to_ko.32;917.00;-23142338#2_0;5.10;0.00;3.47;1059.00;972103805_0;116.86;12.13;142.00;1398.55;0.00;0;0.00;27.54;0;tripinfo_wu_ns_to_ko.32;car;1.11;
wu_ba_to_ko.30;840.00;-230845886_0;5.10;0.00;0.41;1069.00;972103805_0;116.86;10.12;229.00;2114.29;8.00;1;0.00;35.12;0;tripinfo_wu_ba_to_ko.30;car;0.99;
wu_ns_to_br.0;760.00;-23142338#2_0;5.10;0.00;0.64;1070.00;23156390_0;1121.44;9.44;310.00;2792.05;12.00;3;0.00;46.60;0;tripinfo_wu_ns_to_br.0;car;0.96;
wu_ba_to_od.12;846.00;-230845886_0;5.10;0.00;0.31;1071.00;23156030#6_0;109.07;11.14;225.00;2315.50;0.00;0;0.00;17.52;0;tripinfo_wu_ba_to_od.12;car;1.01;
wu_os_to_ko.10;800.00;-45494495_0;5.10;0.00;0.46;1073.00;972103805_0;116.86;10.79;273.00;2045.29;39.00;4;0.00;84.76;0;tripinfo_wu_os_to_ko.10;car;1.04;
wu_os_to_ko.11;834.00;-45494495_0;5.10;0.00;0.66;1075.00;972103805_0;116.86;11.07;241.00;2045.29;19.00;3;0.00;63.82;0;tripinfo_wu_os_to_ko.11;car;1.11;
wu_os_to_ba.7;870.00;-45494495_0;5.10;0.00;0.40;1076.00;230845886_0;633.12;9.61;206.00;1746.52;11.00;1;0.00;29.64;0;tripinfo_wu_os_to_ba.7;car;0.90;
wu_od_to_ko.26;836.00;803785575#0_0;5.10;0.00;0.01;1077.00;972103805_0;116.86;13.67;241.00;2307.67;18.00;2;0.00;63.30;0;tripinfo_wu_od_to_ko.26;car;1.24;
wu_as_to_gj.18;992.00;23687583_0;5.10;0.00;0.82;1077.00;23527526_0;253.75;8.57;85.00;649.06;6.00;1;0.00;17.74;0;tripinfo_wu_as_to_gj.18;car;0.88;
wu_ns_to_ba.2;810.00;-23142338#2_0;5.10;0.00;0.94;1078.00;230845886_0;633.12;9.19;268.00;2340.42;10.00;1;0.00;35.62;0;tripinfo_wu_ns_to_ba.2;car;0.90;
wu_od_to_br.14;769.00;803785575#0_0;5.10;0.00;2.33;1079.00;23156390_0;1121.44;11.52;310.00;3149.31;8.00;1;0.00;59.59;0;tripinfo_wu_od_to_br.14;car;1.15;
wu_ba_to_gj.17;892.00;-230845886_0;5.10;0.00;1.90;1080.00;23527526_0;253.75;11.24;188.00;1755.68;3.00;1;0.00;31.07;0;tripinfo_wu_ba_to_gj.17;car;1.01;
wu_od_to_as.12;810.00;803785575#0_0;5.10;0.00;0.67;1082.00;41899283#1_0;148.70;8.67;272.00;2382.09;4.00;1;0.00;27.98;0;tripinfo_wu_od_to_as.12;car;0.88;
wu_as_to_kl.3;955.00;23687583_0;5.10;0.00;0.84;1085.00;28716808#1_0;754.74;9.66;130.00;1207.92;0.00;0;0.00;13.71;0;tripinfo_wu_as_to_kl.3;car;0.94;
wu_os_to_gj.2;846.00;-45494495_0;5.10;0.00;0.58;1089.00;23527526_0;253.75;10.36;243.00;2071.37;13.00;2;0.00;47.94;0;tripinfo_wu_os_to_gj.2;car;0.97;
wu_ba_to_as.19;938.00;-230845886_0;5.10;0.00;4.64;1089.00;41899283#1_0;148.70;9.99;151.00;1430.78;0.00;0;0.00;17.66;0;tripinfo_wu_ba_to_as.19;car;0.97;
wu_od_to_br.15;775.00;803785575#0_0;5.10;0.00;2.59;1093.00;23156390_0;1121.44;10.28;318.00;3149.31;6.00;1;0.00;40.33;0;tripinfo_wu_od_to_br.15;car;1.03;
wu_ba_to_gj.18;914.00;-230845886_0;5.10;0.00;2.94;1093.00;23527526_0;253.75;11.36;179.00;1755.68;0.00;0;0.00;23.69;0;tripinfo_wu_ba_to_gj.18;car;1.02;
wu_os_to_od.12;1007.00;-45494495_0;5.10;0.00;0.84;1094.00;23156030#6_0;109.07;10.63;87.00;865.51;1.00;1;0.00;13.57;0;tripinfo_wu_os_to_od.12;car;1.07;
wu_os_to_ba.8;913.00;-45494495_0;5.10;0.00;0.98;1096.00;230845886_0;633.12;9.35;183.00;1746.52;0.00;0;0.00;16.85;0;tripinfo_wu_os_to_ba.8;car;0.95;
wu_od_to_ko.27;839.00;803785575#0_0;5.10;0.00;2.35;1097.00;972103805_0;116.86;10.61;258.00;2307.67;8.00;2;0.00;40.90;0;tripinfo_wu_od_to_ko.27;car;1.01;
wu_as_to_ns.11;835.00;23687583_0;5.10;0.00;0.01;1098.00;23142338#2_0;290.21;10.33;263.00;1995.73;35.00;3;0.00;69.85;0;tripinfo_wu_as_to_ns.11;car;0.94;
wu_ba_to_ko.31;852.00;-230845886_0;5.10;0.00;5.86;1107.00;972103805_0;116.86;8.88;255.00;2114.29;1.00;1;0.00;25.81;0;tripinfo_wu_ba_to_ko.31;car;0.84;
wu_os_to_as.4;905.00;-45494495_0;5.10;0.00;0.78;1108.00;41899283#1_0;148.70;10.14;203.00;1746.47;13.00;2;0.00;37.11;0;tripinfo_wu_os_to_as.4;car;0.95;
wu_ba_to_ko.32;877.00;-230845886_0;5.10;0.00;7.27;1109.00;972103805_0;116.86;10.62;232.00;2114.29;2.00;1;0.00;36.69;0;tripinfo_wu_ba_to_ko.32;car;0.99;
wu_as_to_sl.16;875.00;23687583_0;5.10;0.00;0.23;1110.00;28706217_0;94.10;7.10;235.00;1976.75;23.00;2;0.00;52.41;0;tripinfo_wu_as_to_sl.16;car;1.00;
wu_ba_to_ko.33;880.00;-230845886_0;5.10;0.00;9.65;1111.00;972103805_0;116.86;11.27;231.00;2114.29;9.00;3;0.00;56.25;0;tripinfo_wu_ba_to_ko.33;car;1.10;
wu_as_to_sl.17;885.00;23687583_0;5.10;0.00;0.12;1114.00;28706217_0;94.10;7.62;229.00;1976.75;15.00;1;0.00;35.12;0;tripinfo_wu_as_to_sl.17;car;0.95;
wu_as_to_ko.27;1003.00;23687583_0;5.10;0.00;0.38;1116.00;972103805_0;116.86;10.80;113.00;1102.39;1.00;1;0.00;18.13;0;tripinfo_wu_as_to_ko.27;car;1.06;
wu_os_to_gg.3;786.00;-45494495_0;5.10;0.00;0.73;1117.00;23156305_0;1264.14;11.07;331.00;3034.34;14.00;3;0.00;68.42;0;tripinfo_wu_os_to_gg.3;car;1.05;
wu_ns_to_as.4;914.00;-23142338#2_0;5.10;0.00;0.55;1117.00;41899283#1_0;148.70;10.67;203.00;2009.37;0.00;0;0.00;22.54;0;tripinfo_wu_ns_to_as.4;car;1.02;
wu_ba_to_gg.8;849.00;-230845886_0;5.10;0.00;2.88;1119.00;23156305_0;1264.14;12.24;270.00;2718.65;6.00;1;0.00;58.87;0;tripinfo_wu_ba_to_gg.8;car;1.17;
wu_od_to_os.20;1024.00;803785575#0_0;5.10;0.00;0.59;1119.00;45494495_0;58.90;10.95;95.00;969.96;0.00;0;0.00;8.46;0;tripinfo_wu_od_to_os.20;car;1.01;
wu_od_to_as.13;884.00;803785575#0_0;5.10;0.00;0.33;1124.00;41899283#1_0;148.70;12.07;240.00;2382.09;10.00;1;0.00;57.42;0;tripinfo_wu_od_to_as.13;car;1.18;
wu_ba_to_ko.34;883.00;-230845886_0;5.10;0.00;9.15;1125.00;972103805_0;116.86;10.95;242.00;2114.29;12.00;4;0.00;50.45;0;tripinfo_wu_ba_to_ko.34;car;1.01;
wu_as_to_br.4;958.00;23687583_0;5.10;0.00;2.02;1126.00;23156390_0;1121.44;10.63;168.00;1694.48;0.00;0;0.00;19.40;0;tripinfo_wu_as_to_br.4;car;1.03;
wu_ba_to_ko.35;896.00;-230845886_0;5.10;0.00;0.63;1128.00;972103805_0;116.86;10.97;232.00;2114.29;1.00;1;0.00;36.86;0;tripinfo_wu_ba_to_ko.35;car;0.99;
wu_os_to_as.5;973.00;-45494495_0;5.10;0.00;0.97;1129.00;41899283#1_0;148.70;11.72;156.00;1746.47;0.00;0;0.00;16.51;0;tripinfo_wu_os_to_as.5;car;1.14;
wu_od_to_os.21;1035.00;803785575#0_0;5.10;0.00;0.46;1134.00;45494495_0;58.90;10.71;99.00;969.96;0.00;0;0.00;8.09;0;tripinfo_wu_od_to_os.21;car;0.97;
wu_as_to_gj.19;1062.00;23687583_0;5.10;0.00;0.02;1134.00;23527526_0;253.75;9.40;72.00;649.06;0.00;0;0.00;7.96;0;tripinfo_wu_as_to_gj.19;car;0.93;
wu_as_to_ns.12;838.00;23687583_0;5.10;0.00;0.70;1136.00;23142338#2_0;290.21;8.04;298.00;1995.73;30.00;5;0.00;74.66;0;tripinfo_wu_as_to_ns.12;car;0.81;
wu_as_to_od.9;908.00;23687583_0;5.10;0.00;0.52;1137.00;23156030#6_0;109.07;12.39;229.00;2357.31;3.00;1;0.00;44.97;0;tripinfo_wu_as_to_od.9;car;1.16;
wu_as_to_ns.13;862.00;23687583_0;5.10;0.00;0.77;1138.00;23142338#2_0;290.21;9.19;276.00;1995.73;19.00;3;0.00;76.43;0;tripinfo_wu_as_to_ns.13;car;0.91;
wu_as_to_ko.28;1006.00;23687583_0;5.10;0.00;1.03;1138.00;972103805_0;116.86;11.22;132.00;1102.39;13.00;1;0.00;34.77;0;tripinfo_wu_as_to_ko.28;car;1.03;
wu_ba_to_ns.9;860.00;-230845886_0;5.10;0.00;7.14;1140.00;23142338#2_0;290.21;11.48;280.00;2346.36;28.00;3;0.00;82.15;0;tripinfo_wu_ba_to_ns.9;car;1.08;
wu_os_to_gg.4;843.00;-45494495_0;5.10;0.00;0.48;1141.00;23156305_0;1264.14;11.18;298.00;3034.34;6.00;1;0.00;35.16;0;tripinfo_wu_os_to_gg.4;car;1.05;
wu_ba_to_gg.9;874.00;-230845886_0;5.10;0.00;7.84;1142.00;23156305_0;1264.14;12.23;268.00;2718.65;3.00;1;0.00;46.54;0;tripinfo_wu_ba_to_gg.9;car;1.12;
wu_as_to_od.8;891.00;23687583_0;5.10;0.00;0.90;1143.00;23156030#6_0;109.07;9.78;252.00;2357.31;10.00;2;0.00;37.17;0;tripinfo_wu_as_to_od.8;car;0.99;
wu_od_to_ns.8;893.00;803785575#0_0;5.10;0.00;1.10;1143.00;23142338#2_0;290.21;9.11;250.00;1928.29;17.00;1;0.00;40.67;0;tripinfo_wu_od_to_ns.8;car;0.89;
wu_as_to_os.18;963.00;23687583_0;5.10;0.00;0.08;1144.00;45494495_0;58.90;9.46;181.00;1689.77;0.00;0;0.00;17.69;0;tripinfo_wu_as_to_os.18;car;0.93;
wu_ba_to_ko.36;911.00;-230845886_0;5.10;0.00;0.05;1146.00;972103805_0;116.86;10.01;235.00;2114.29;2.00;1;0.00;27.35;0;tripinfo_wu_ba_to_ko.36;car;0.93;
wu_ba_to_os.15;956.00;-230845886_0;5.10;0.00;9.18;1146.00;45494495_0;58.90;11.83;190.00;1647.96;0.00;0;0.00;52.65;0;tripinfo_wu_ba_to_os.15;car;1.08;
wu_ba_to_ko.37;917.00;-230845886_0;5.10;0.00;1.83;1148.00;972103805_0;116.86;11.57;231.00;2114.29;2.00;1;0.00;48.13;0;tripinfo_wu_ba_to_ko.37;car;1.05;
wu_os_to_ba.9;980.00;-45494495_0;5.10;0.00;2.27;1149.00;230845886_0;633.12;10.34;169.00;1746.52;0.00;0;0.00;13.18;0;tripinfo_wu_os_to_ba.9;car;1.01;
wu_as_to_gj.20;1085.00;23687583_0;5.10;0.00;0.34;1149.00;23527526_0;253.75;10.91;64.00;649.06;0.00;0;0.00;9.32;0;tripinfo_wu_as_to_gj.20;car;1.08;
wu_od_to_ko.28;855.00;803785575#0_0;5.10;0.00;0.55;1155.00;972103805_0;116.86;8.96;300.00;2307.67;13.00;2;0.00;44.52;0;tripinfo_wu_od_to_ko.28;car;0.86;
wu_od_to_ko.29;874.00;803785575#0_0;5.10;0.00;0.95;1157.00;972103805_0;116.86;10.95;283.00;2307.67;10.00;2;0.00;70.33;0;tripinfo_wu_od_to_ko.29;car;1.03;
wu_as_to_ko.29;1056.00;23687583_0;5.10;0.00;0.94;1158.00;972103805_0;116.86;11.75;102.00;1102.39;0.00;0;0.00;12.42;0;tripinfo_wu_as_to_ko.29;car;1.11;
wu_od_to_ko.30;887.00;803785575#0_0;5.10;0.00;2.10;1162.00;972103805_0;116.86;11.12;275.00;2307.67;10.00;3;0.00;57.26;0;tripinfo_wu_od_to_ko.30;car;1.01;
wu_ba_to_gj.19;950.00;-230845886_0;5.10;0.00;5.69;1164.00;23527526_0;253.75;9.41;214.00;1755.68;1.00;1;0.00;41.70;0;tripinfo_wu_ba_to_gj.19;car;0.92;
wu_as_to_gj.21;1098.00;23687583_0;5.10;0.00;5.59;1169.00;23527526_0;253.75;10.44;71.00;649.06;0.00;0;0.00;8.78;0;tripinfo_wu_as_to_gj.21;car;0.95;
wu_ba_to_ko.38;935.00;-230845886_0;5.10;0.00;3.24;1170.00;972103805_0;116.86;9.88;235.00;2114.29;0.00;0;0.00;21.08;0;tripinfo_wu_ba_to_ko.38;car;0.90;
wu_ba_to_as.20;1020.00;-230845886_0;5.10;0.00;0.20;1174.00;41899283#1_0;148.70;10.66;154.00;1430.78;3.00;1;0.00;32.58;0;tripinfo_wu_ba_to_as.20;car;1.07;
wu_ns_to_gj.2;813.00;-23142338#2_0;5.10;0.00;3.62;1175.00;23527526_0;253.75;9.95;362.00;2084.96;141.00;2;0.00;169.51;0;tripinfo_wu_ns_to_gj.2;car;0.98;
wu_as_to_gg.6;1000.00;23687583_0;5.10;0.00;0.48;1175.00;23156305_0;1264.14;10.26;175.00;1600.87;3.00;1;0.00;21.85;0;tripinfo_wu_as_to_gg.6;car;0.95;
wu_os_to_ko.12;928.00;-45494495_0;5.10;0.00;0.09;1177.00;972103805_0;116.86;9.76;249.00;2045.29;15.00;1;0.00;49.47;0;tripinfo_wu_os_to_ko.12;car;0.98;
wu_ns_to_br.1;897.00;-23142338#2_0;5.10;0.00;0.39;1189.00;23156390_0;1121.44;10.29;292.00;2792.05;9.00;2;0.00;39.92;0;tripinfo_wu_ns_to_br.1;car;1.01;
wu_as_to_ko.30;1069.00;23687583_0;5.10;0.00;0.68;1190.00;972103805_0;116.86;10.18;121.00;1102.39;5.00;1;0.00;19.10;0;tripinfo_wu_as_to_ko.30;car;0.98;
wu_ba_to_os.16;1014.00;-230845886_0;5.10;0.00;2.19;1193.00;45494495_0;58.90;11.68;179.00;1647.96;1.00;1;0.00;49.53;0;tripinfo_wu_ba_to_os.16;car;1.15;
wu_od_to_as.14;919.00;803785575#0_0;5.10;0.00;0.40;1194.00;41899283#1_0;148.70;10.93;275.00;2382.09;10.00;2;0.00;62.62;0;tripinfo_wu_od_to_as.14;car;1.01;
wu_ba_to_gg.10;920.00;-230845886_0;5.10;0.00;1.96;1201.00;23156305_0;1264.14;10.39;281.00;2718.65;0.00;0;0.00;26.28;0;tripinfo_wu_ba_to_gg.10;car;0.97;
wu_as_to_sl.18;945.00;23687583_0;5.10;0.00;0.75;1201.00;28706217_0;94.10;6.59;256.00;1976.75;21.00;2;0.00;52.97;0;tripinfo_wu_as_to_sl.18;car;0.90;
wu_ba_to_ko.39;953.00;-230845886_0;5.10;0.00;6.94;1202.00;972103805_0;116.86;10.74;249.00;2114.29;10.00;2;0.00;69.40;0;tripinfo_wu_ba_to_ko.39;car;1.07;
wu_os_to_as.6;986.00;-45494495_0;5.10;0.00;1.61;1202.00;41899283#1_0;148.70;9.03;216.00;1746.47;13.00;2;0.00;36.26;0;tripinfo_wu_os_to_as.6;car;0.88;
wu_od_to_gg.13;817.00;803785575#0_0;5.10;0.00;0.59;1203.00;23156305_0;1264.14;10.57;386.00;3669.96;3.00;1;0.00;72.68;0;tripinfo_wu_od_to_gg.13;car;1.06;
wu_od_to_as.15;954.00;803785575#0_0;5.10;0.00;2.71;1204.00;41899283#1_0;148.70;10.32;250.00;2382.09;4.00;1;0.00;36.96;0;tripinfo_wu_od_to_as.15;car;1.01;
wu_as_to_os.19;1009.00;23687583_0;5.10;0.00;2.30;1206.00;45494495_0;58.90;9.77;197.00;1689.77;13.00;1;0.00;37.46;0;tripinfo_wu_as_to_os.19;car;0.96;
wu_ba_to_os.17;1050.00;-230845886_0;5.10;0.00;0.62;1207.00;45494495_0;58.90;12.03;157.00;1647.96;0.00;0;0.00;24.34;0;tripinfo_wu_ba_to_os.17;car;1.12;
wu_ba_to_gj.20;1011.00;-230845886_0;5.10;0.00;2.97;1210.00;23527526_0;253.75;9.61;199.00;1755.68;1.00;1;0.00;31.08;0;tripinfo_wu_ba_to_gj.20;car;0.95;
wu_ba_to_ko.40;959.00;-230845886_0;5.10;0.00;9.82;1212.00;972103805_0;116.86;9.57;253.00;2114.29;0.00;0;0.00;42.44;0;tripinfo_wu_ba_to_ko.40;car;0.91;
wu_ns_to_kl.2;958.00;-23142338#2_0;5.10;0.00;0.74;1214.00;28716808#1_0;754.74;9.85;256.00;2315.58;16.00;3;0.00;46.14;0;tripinfo_wu_ns_to_kl.2;car;1.00;
wu_os_to_sl.6;1165.00;-45494495_0;5.10;0.00;0.84;1221.00;28706217_0;94.10;8.05;56.00;484.95;0.00;0;0.00;10.04;0;tripinfo_wu_os_to_sl.6;car;1.07;
wu_as_to_os.20;1020.00;23687583_0;5.10;0.00;0.98;1222.00;45494495_0;58.90;9.05;202.00;1689.77;10.00;1;0.00;29.32;0;tripinfo_wu_as_to_os.20;car;0.89;
wu_as_to_os.21;1023.00;23687583_0;5.10;0.00;2.43;1224.00;45494495_0;58.90;8.62;201.00;1689.77;8.00;1;0.00;30.04;0;tripinfo_wu_as_to_os.21;car;0.89;
wu_ba_to_os.18;1067.00;-230845886_0;5.10;0.00;0.60;1226.00;45494495_0;58.90;13.02;159.00;1647.96;0.00;0;0.00;35.66;0;tripinfo_wu_ba_to_os.18;car;1.21;
wu_as_to_ko.31;1117.00;23687583_0;5.10;0.00;1.01;1227.00;972103805_0;116.86;10.56;110.00;1102.39;0.00;0;0.00;9.28;0;tripinfo_wu_as_to_ko.31;car;0.99;
wu_ba_to_ko.41;984.00;-230845886_0;5.10;0.00;0.54;1231.00;972103805_0;116.86;10.05;247.00;2114.29;12.00;3;0.00;54.46;0;tripinfo_wu_ba_to_ko.41;car;1.00;
wu_od_to_os.22;1132.00;803785575#0_0;5.10;0.00;1.23;1231.00;45494495_0;58.90;9.65;99.00;969.96;0.00;0;0.00;8.42;0;tripinfo_wu_od_to_os.22;car;0.97;
wu_as_to_ns.14;938.00;23687583_0;5.10;0.00;0.27;1232.00;23142338#2_0;290.21;8.86;294.00;1995.73;37.00;3;0.00;70.75;0;tripinfo_wu_as_to_ns.14;car;0.82;
wu_as_to_ns.15;948.00;23687583_0;5.10;0.00;3.74;1234.00;23142338#2_0;290.21;10.29;286.00;1995.73;39.00;4;0.00;100.33;0;tripinfo_wu_as_to_ns.15;car;0.98;
wu_as_to_ns.16;973.00;23687583_0;5.10;0.00;0.90;1235.00;23142338#2_0;290.21;10.15;262.00;1995.73;30.00;4;0.00;82.02;0;tripinfo_wu_as_to_ns.16;car;1.00;
wu_ba_to_gg.11;973.00;-230845886_0;5.10;0.00;0.51;1235.00;23156305_0;1264.14;11.91;262.00;2718.65;0.00;0;0.00;40.73;0;tripinfo_wu_ba_to_gg.11;car;1.12;
wu_ns_to_ko.33;1067.00;-23142338#2_0;5.10;0.00;0.61;1235.00;972103805_0;116.86;8.98;168.00;1398.55;7.00;1;0.00;25.73;0;tripinfo_wu_ns_to_ko.33;car;0.89;
wu_ns_to_od.0;1014.00;-23142338#2_0;5.10;0.00;3.70;1236.00;23156030#6_0;109.07;12.00;222.00;2005.01;13.00;2;0.00;52.19;0;tripinfo_wu_ns_to_od.0;car;1.14;
wu_as_to_ba.14;1109.00;23687583_0;5.10;0.00;0.46;1238.00;230845886_0;633.12;11.53;129.00;1356.50;0.00;0;0.00;13.09;0;tripinfo_wu_as_to_ba.14;car;1.06;
wu_ns_to_as.5;1011.00;-23142338#2_0;5.10;0.00;0.95;1241.00;41899283#1_0;148.70;9.21;230.00;2009.37;0.00;0;0.00;20.44;0;tripinfo_wu_ns_to_as.5;car;0.88;
wu_as_to_ko.32;1124.00;23687583_0;5.10;0.00;4.85;1243.00;972103805_0;116.86;9.69;119.00;1102.39;0.00;0;0.00;10.21;0;tripinfo_wu_as_to_ko.32;car;0.92;
wu_as_to_os.22;1082.00;23687583_0;5.10;0.00;1.08;1244.00;45494495_0;58.90;11.21;162.00;1689.77;0.00;0;0.00;13.17;0;tripinfo_wu_as_to_os.22;car;1.03;
wu_ba_to_gj.21;1083.00;-230845886_0;5.10;0.00;0.94;1249.00;23527526_0;253.75;11.32;166.00;1755.68;4.00;1;0.00;21.43;0;tripinfo_wu_ba_to_gj.21;car;1.10;
wu_as_to_kl.4;1095.00;23687583_0;5.10;0.00;4.80;1249.00;28716808#1_0;754.74;7.71;154.00;1207.92;0.00;0;0.00;14.27;0;tripinfo_wu_as_to_kl.4;car;0.78;
wu_od_to_kl.11;929.00;803785575#0_0;5.10;0.00;0.10;1251.00;28716808#1_0;754.74;10.42;322.00;2678.40;22.00;3;0.00;82.46;0;tripinfo_wu_od_to_kl.11;car;1.01;
wu_od_to_kl.12;933.00;803785575#0_0;5.10;0.00;0.45;1253.00;28716808#1_0;754.74;11.78;320.00;2678.40;21.00;3;0.00;95.66;0;tripinfo_wu_od_to_kl.12;car;1.08;
wu_od_to_kl.13;958.00;803785575#0_0;5.10;0.00;0.75;1254.00;28716808#1_0;754.74;11.75;296.00;2678.40;24.00;3;0.00;75.19;0;tripinfo_wu_od_to_kl.13;car;1.10;
wu_as_to_ba.15;1112.00;23687583_0;5.10;0.00;1.18;1259.00;230845886_0;633.12;9.55;147.00;1356.50;0.00;0;0.00;12.38;0;tripinfo_wu_as_to_ba.15;car;0.91;
wu_ns_to_kl.3;1017.00;-23142338#2_0;5.10;0.00;1.17;1260.00;28716808#1_0;754.74;11.76;243.00;2315.58;10.00;2;0.00;49.77;0;tripinfo_wu_ns_to_kl.3;car;1.09;
wu_as_to_gj.22;1186.00;23687583_0;5.10;0.00;8.23;1260.00;23527526_0;253.75;10.36;74.00;649.06;0.00;0;0.00;13.09;0;tripinfo_wu_as_to_gj.22;car;0.98;
wu_od_to_os.23;1159.00;803785575#0_0;5.10;0.00;2.59;1261.00;45494495_0;58.90;10.48;102.00;969.96;0.00;0;0.00;11.18;0;tripinfo_wu_od_to_os.23;car;0.97;
wu_ba_to_ns.10;941.00;-230845886_0;5.10;0.00;3.62;1264.00;23142338#2_0;290.21;8.53;323.00;2346.36;17.00;2;0.00;49.06;0;tripinfo_wu_ba_to_ns.10;car;0.78;
wu_ba_to_ns.11;944.00;-230845886_0;5.10;0.00;6.42;1266.00;23142338#2_0;290.21;11.44;322.00;2346.36;18.00;3;0.00;136.24;0;tripinfo_wu_ba_to_ns.11;car;1.15;
wu_ba_to_ns.12;947.00;-230845886_0;5.10;0.00;6.59;1268.00;23142338#2_0;290.21;12.10;321.00;2346.36;17.00;4;0.00;134.87;0;tripinfo_wu_ba_to_ns.12;car;1.14;
wu_as_to_ns.17;1072.00;23687583_0;5.10;0.00;0.39;1269.00;23142338#2_0;290.21;12.22;197.00;1995.73;5.00;1;0.00;37.56;0;tripinfo_wu_as_to_ns.17;car;1.14;
wu_os_to_gj.3;1029.00;-45494495_0;5.10;0.00;0.89;1272.00;23527526_0;253.75;8.91;243.00;2071.37;0.00;0;0.00;25.88;0;tripinfo_wu_os_to_gj.3;car;0.87;
wu_ba_to_ko.42;1008.00;-230845886_0;5.10;0.00;0.84;1275.00;972103805_0;116.86;8.27;267.00;2114.29;1.00;1;0.00;27.98;0;tripinfo_wu_ba_to_ko.42;car;0.80;
wu_ba_to_os.19;1103.00;-230845886_0;5.10;0.00;0.94;1276.00;45494495_0;58.90;10.09;173.00;1647.96;0.00;0;0.00;14.15;0;tripinfo_wu_ba_to_os.19;car;0.94;
wu_as_to_ko.33;1165.00;23687583_0;5.10;0.00;0.81;1277.00;972103805_0;116.86;11.87;112.00;1102.39;5.00;1;0.00;19.44;0;tripinfo_wu_as_to_ko.33;car;1.08;
wu_as_to_os.23;1139.00;23687583_0;5.10;0.00;0.58;1278.00;45494495_0;58.90;12.59;139.00;1689.77;0.00;0;0.00;16.11;0;tripinfo_wu_as_to_os.23;car;1.25;
wu_od_to_gg.14;860.00;803785575#0_0;5.10;0.00;0.40;1287.00;23156305_0;1264.14;8.55;427.00;3669.96;10.00;1;0.00;46.46;0;tripinfo_wu_od_to_gg.14;car;0.87;
wu_od_to_gj.5;973.00;803785575#0_0;5.10;0.00;0.60;1287.00;23527526_0;253.75;9.31;314.00;2706.99;4.00;2;0.00;35.05;0;tripinfo_wu_od_to_gj.5;car;0.88;
wu_od_to_gj.6;988.00;803785575#0_0;5.10;0.00;3.11;1289.00;23527526_0;253.75;12.02;301.00;2706.99;0.00;0;0.00;87.92;0;tripinfo_wu_od_to_gj.6;car;1.15;
wu_od_to_ko.31;890.00;803785575#0_0;5.10;0.00;0.86;1292.00;972103805_0;116.86;6.17;402.00;2307.67;5.00;1;0.00;49.73;0;tripinfo_wu_od_to_ko.31;car;0.62;
wu_od_to_ko.32;924.00;803785575#0_0;5.10;0.00;0.77;1294.00;972103805_0;116.86;9.28;370.00;2307.67;3.00;1;0.00;139.78;0;tripinfo_wu_od_to_ko.32;car;0.95;
wu_od_to_br.16;979.00;803785575#0_0;5.10;0.00;3.51;1295.00;23156390_0;1121.44;11.84;316.00;3149.31;0.00;0;0.00;49.44;0;tripinfo_wu_od_to_br.16;car;1.07;
wu_od_to_ba.19;998.00;803785575#0_0;5.10;0.00;0.23;1295.00;230845886_0;633.12;8.36;297.00;2382.14;0.00;0;0.00;27.48;0;tripinfo_wu_od_to_ba.19;car;0.80;
wu_od_to_ko.33;947.00;803785575#0_0;5.10;0.00;0.57;1296.00;972103805_0;116.86;10.29;349.00;2307.67;2.00;1;0.00;133.34;0;tripinfo_wu_od_to_ko.33;car;1.02;
wu_as_to_ba.16;1148.00;23687583_0;5.10;0.00;2.64;1297.00;230845886_0;633.12;11.43;149.00;1356.50;5.00;1;0.00;34.82;0;tripinfo_wu_as_to_ba.16;car;1.08;
wu_os_to_ko.13;966.00;-45494495_0;5.10;0.00;0.44;1298.00;972103805_0;116.86;11.90;332.00;2045.29;34.00;5;0.00;150.53;0;tripinfo_wu_os_to_ko.13;car;1.08;
wu_od_to_ko.34;976.00;803785575#0_0;5.10;0.00;0.73;1299.00;972103805_0;116.86;12.20;323.00;2307.67;23.00;3;0.00;128.10;0;tripinfo_wu_od_to_ko.34;car;1.13;
wu_od_to_ko.35;982.00;803785575#0_0;5.10;0.00;2.49;1301.00;972103805_0;116.86;10.66;319.00;2307.67;20.00;3;0.00;110.35;0;tripinfo_wu_od_to_ko.35;car;1.05;
wu_ba_to_od.13;1030.00;-230845886_0;5.10;0.00;0.40;1302.00;23156030#6_1;109.07;10.58;272.00;2315.50;29.00;1;0.00;59.33;0;tripinfo_wu_ba_to_od.13;car;0.98;
wu_ba_to_ns.13;976.00;-230845886_0;5.10;0.00;2.90;1303.00;23142338#2_0;290.21;7.63;327.00;2346.36;18.00;2;0.00;57.32;0;tripinfo_wu_ba_to_ns.13;car;0.79;
wu_as_to_od.10;995.00;23687583_0;5.10;0.00;1.79;1303.00;23156030#6_0;109.07;9.75;308.00;2357.31;40.00;4;0.00;74.92;0;tripinfo_wu_as_to_od.10;car;0.91;
wu_as_to_ko.34;1170.00;23687583_0;5.10;0.00;0.91;1303.00;972103805_0;116.86;9.81;133.00;1102.39;10.00;1;0.00;31.69;0;tripinfo_wu_as_to_ko.34;car;0.98;
wu_od_to_gj.7;1030.00;803785575#0_0;5.10;0.00;1.15;1305.00;23527526_0;253.75;10.91;275.00;2706.99;0.00;0;0.00;45.31;0;tripinfo_wu_od_to_gj.7;car;1.07;
wu_os_to_ns.3;1089.00;-45494495_0;5.10;0.00;2.73;1305.00;23142338#2_0;290.21;11.34;216.00;1665.91;11.00;2;0.00;69.34;0;tripinfo_wu_os_to_ns.3;car;1.11;
wu_as_to_ko.35;1174.00;23687583_0;5.10;0.00;4.91;1305.00;972103805_0;116.86;9.69;131.00;1102.39;8.00;1;0.00;30.51;0;tripinfo_wu_as_to_ko.35;car;0.99;
wu_ba_to_ko.43;1086.00;-230845886_0;5.10;0.00;0.74;1307.00;972103805_0;116.86;10.49;221.00;2114.29;0.00;0;0.00;27.63;0;tripinfo_wu_ba_to_ko.43;car;0.99;
wu_as_to_od.11;1026.00;23687583_0;5.10;0.00;4.05;1311.00;23156030#6_0;109.07;8.78;285.00;2357.31;11.00;2;0.00;42.46;0;tripinfo_wu_as_to_od.11;car;0.88;
wu_od_to_ko.36;1001.00;803785575#0_0;5.10;0.00;1.44;1312.00;972103805_0;116.86;9.80;311.00;2307.67;30.00;4;0.00;79.17;0;tripinfo_wu_od_to_ko.36;car;0.95;
wu_od_to_ko.37;1027.00;803785575#0_0;5.10;0.00;1.24;1314.00;972103805_0;116.86;10.54;287.00;2307.67;19.00;3;0.00;64.02;0;tripinfo_wu_od_to_ko.37;car;0.99;
wu_os_to_ko.14;1039.00;-45494495_0;5.10;0.00;0.16;1316.00;972103805_0;116.86;10.72;277.00;2045.29;33.00;3;0.00;80.86;0;tripinfo_wu_os_to_ko.14;car;1.00;
wu_ns_to_od.1;1082.00;-23142338#2_0;5.10;0.00;0.20;1319.00;23156030#6_0;109.07;9.92;237.00;2005.01;6.00;2;0.00;36.21;0;tripinfo_wu_ns_to_od.1;car;0.96;
wu_od_to_kl.14;985.00;803785575#0_0;5.10;0.00;2.59;1320.00;28716808#1_0;754.74;8.62;335.00;2678.40;0.00;0;0.00;28.27;0;tripinfo_wu_od_to_kl.14;car;0.79;
wu_ba_to_gg.12;1070.00;-230845886_0;5.10;0.00;2.75;1321.00;23156305_0;1264.14;11.35;251.00;2718.65;0.00;0;0.00;22.96;0;tripinfo_wu_ba_to_gg.12;car;1.09;
wu_as_to_kl.5;1183.00;23687583_0;5.10;0.00;5.39;1322.00;28716808#1_0;754.74;10.99;139.00;1207.92;0.00;0;0.00;28.48;0;tripinfo_wu_as_to_kl.5;car;0.99;
wu_ba_to_as.21;1186.00;-230845886_0;5.10;0.00;0.09;1322.00;41899283#1_0;148.70;10.60;136.00;1430.78;0.00;0;0.00;12.08;0;tripinfo_wu_ba_to_as.21;car;1.05;
wu_od_to_ba.20;1050.00;803785575#0_0;5.10;0.00;0.86;1323.00;230845886_0;633.12;9.99;273.00;2382.14;6.00;1;0.00;39.78;0;tripinfo_wu_od_to_ba.20;car;0.92;
wu_as_to_kl.6;1189.00;23687583_0;5.10;0.00;9.80;1324.00;28716808#1_0;754.74;12.03;135.00;1207.92;0.00;0;0.00;34.28;0;tripinfo_wu_as_to_kl.6;car;1.09;
wu_od_to_ba.21;1055.00;803785575#0_0;5.10;0.00;0.06;1325.00;230845886_0;633.12;9.47;270.00;2382.14;5.00;1;0.00;44.80;0;tripinfo_wu_od_to_ba.21;car;0.96;
wu_as_to_sl.19;1089.00;23687583_0;5.10;0.00;3.15;1330.00;28706217_0;94.10;7.97;241.00;1976.75;31.00;2;0.00;54.56;0;tripinfo_wu_as_to_sl.19;car;0.99;
wu_as_to_od.12;1045.00;23687583_0;5.10;0.00;0.27;1331.00;23156030#6_0;109.07;10.57;286.00;2357.31;25.00;2;0.00;62.92;0;tripinfo_wu_as_to_od.12;car;0.95;
wu_od_to_ko.38;1058.00;803785575#0_0;5.10;0.00;1.53;1332.00;972103805_0;116.86;11.07;274.00;2307.67;26.00;4;0.00;66.11;0;tripinfo_wu_od_to_ko.38;car;1.06;
wu_ba_to_sl.12;1089.00;-230845886_0;5.10;0.00;0.72;1334.00;28706217_0;94.10;7.46;245.00;1934.94;25.00;2;0.00;48.99;0;tripinfo_wu_ba_to_sl.12;car;0.92;
wu_os_to_as.7;1119.00;-45494495_0;5.10;0.00;0.94;1336.00;41899283#1_0;148.70;9.72;217.00;1746.47;4.00;2;0.00;40.05;0;tripinfo_wu_os_to_as.7;car;0.90;
wu_od_to_ko.39;1062.00;803785575#0_0;5.10;0.00;0.52;1338.00;972103805_0;116.86;10.74;276.00;2307.67;17.00;4;0.00;57.81;0;tripinfo_wu_od_to_ko.39;car;1.01;
wu_ns_to_ba.3;1062.00;-23142338#2_0;5.10;0.00;0.25;1338.00;230845886_0;633.12;9.83;276.00;2340.42;8.00;3;0.00;46.97;0;tripinfo_wu_ns_to_ba.3;car;0.92;
wu_as_to_ns.18;1092.00;23687583_0;5.10;0.00;4.40;1340.00;23142338#2_0;290.21;11.14;248.00;1995.73;37.00;3;0.00;68.43;0;tripinfo_wu_as_to_ns.18;car;1.01;
wu_od_to_as.16;1068.00;803785575#0_0;5.10;0.00;1.92;1342.00;41899283#1_0;148.70;8.65;274.00;2382.09;0.00;0;0.00;31.38;0;tripinfo_wu_od_to_as.16;car;0.89;
wu_as_to_br.5;1155.00;23687583_0;5.10;0.00;0.40;1342.00;23156390_0;1121.44;9.00;187.00;1694.48;0.00;0;0.00;14.92;0;tripinfo_wu_as_to_br.5;car;0.89;
wu_ns_to_gg.3;1000.00;-23142338#2_0;5.10;0.00;1.38;1345.00;23156305_0;1264.14;10.73;345.00;3297.24;9.00;2;0.00;47.62;0;tripinfo_wu_ns_to_gg.3;car;1.01;
wu_as_to_sl.20;1120.00;23687583_0;5.10;0.00;0.87;1345.00;28706217_0;94.10;8.12;225.00;1976.75;25.00;3;0.00;62.58;0;tripinfo_wu_as_to_sl.20;car;1.13;
wu_as_to_sl.21;1145.00;23687583_0;5.10;0.00;0.56;1347.00;28706217_0;94.10;8.80;202.00;1976.75;15.00;2;0.00;44.72;0;tripinfo_wu_as_to_sl.21;car;1.16;
wu_as_to_gg.7;1192.00;23687583_0;5.10;0.00;12.55;1352.00;23156305_0;1264.14;10.48;160.00;1600.87;0.00;0;0.00;16.18;0;tripinfo_wu_as_to_gg.7;car;1.01;
wu_ns_to_ko.34;1200.00;-23142338#2_0;5.10;0.00;0.47;1354.00;972103805_0;116.86;10.60;154.00;1398.55;3.00;2;0.00;21.69;0;tripinfo_wu_ns_to_ko.34;car;0.96;
wu_od_to_ba.22;1129.00;803785575#0_0;5.10;0.00;0.17;1356.00;230845886_0;633.12;10.86;227.00;2382.14;0.00;0;0.00;20.55;0;tripinfo_wu_od_to_ba.22;car;1.04;
wu_os_to_gj.4;1134.00;-45494495_0;5.10;0.00;1.82;1356.00;23527526_0;253.75;10.81;222.00;2071.37;5.00;2;0.00;44.13;0;tripinfo_wu_os_to_gj.4;car;1.06;
wu_ns_to_ko.35;1203.00;-23142338#2_0;5.10;0.00;2.75;1360.00;972103805_0;116.86;9.21;157.00;1398.55;0.00;0;0.00;13.76;0;tripinfo_wu_ns_to_ko.35;car;0.88;
wu_od_to_as.17;1114.00;803785575#0_0;5.10;0.00;0.37;1367.00;41899283#1_0;148.70;9.64;253.00;2382.09;9.00;1;0.00;32.37;0;tripinfo_wu_od_to_as.17;car;0.98;
wu_ns_to_od.2;1104.00;-23142338#2_0;5.10;0.00;0.73;1369.00;23156030#6_0;109.07;9.68;265.00;2005.01;24.00;2;0.00;54.07;0;tripinfo_wu_ns_to_od.2;car;0.92;
wu_ns_to_os.2;1176.00;-23142338#2_0;5.10;0.00;0.66;1369.00;45494495_0;58.90;11.00;193.00;1865.82;3.00;1;0.00;26.17;0;tripinfo_wu_ns_to_os.2;car;1.01;
wu_os_to_sl.7;1286.00;-45494495_0;5.10;0.00;2.18;1369.00;28706217_0;94.10;6.58;83.00;484.95;11.00;2;0.00;28.74;0;tripinfo_wu_os_to_sl.7;car;0.90;
wu_as_to_ba.17;1230.00;23687583_0;5.10;0.00;0.09;1372.00;230845886_0;633.12;9.58;142.00;1356.50;0.00;0;0.00;10.89;0;tripinfo_wu_as_to_ba.17;car;0.93;
wu_ns_to_ba.4;1162.00;-23142338#2_0;5.10;0.00;0.08;1374.00;230845886_0;633.12;10.63;212.00;2340.42;0.00;0;0.00;15.16;0;tripinfo_wu_ns_to_ba.4;car;1.07;
wu_as_to_ns.19;1158.00;23687583_0;5.10;0.00;1.31;1375.00;23142338#2_0;290.21;10.49;217.00;1995.73;12.00;1;0.00;34.52;0;tripinfo_wu_as_to_ns.19;car;1.00;
wu_od_to_ko.40;1065.00;803785575#0_0;5.10;0.00;0.70;1376.00;972103805_0;116.86;8.98;311.00;2307.67;19.00;3;0.00;57.78;0;tripinfo_wu_od_to_ko.40;car;0.87;
wu_as_to_ns.20;1177.00;23687583_0;5.10;0.00;7.54;1377.00;23142338#2_0;290.21;10.45;200.00;1995.73;0.00;0;0.00;25.31;0;tripinfo_wu_as_to_ns.20;car;1.04;
wu_ns_to_ko.36;1220.00;-23142338#2_0;5.10;0.00;0.30;1378.00;972103805_0;116.86;10.20;158.00;1398.55;14.00;1;0.00;30.89;0;tripinfo_wu_ns_to_ko.36;car;1.00;
wu_os_to_ko.15;1171.00;-45494495_0;5.10;0.00;0.27;1379.00;972103805_0;116.86;12.68;208.00;2045.29;7.00;1;0.00;43.86;0;tripinfo_wu_os_to_ko.15;car;1.20;
wu_as_to_br.6;1180.00;23687583_0;5.10;0.00;3.33;1381.00;23156390_0;1121.44;9.20;201.00;1694.48;0.00;0;0.00;16.90;0;tripinfo_wu_as_to_br.6;car;0.83;
wu_os_to_br.3;1083.00;-45494495_0;5.10;0.00;0.78;1382.00;23156390_0;1121.44;10.26;299.00;2513.69;0.00;0;0.00;56.77;0;tripinfo_wu_os_to_br.3;car;0.94;
wu_os_to_kl.5;1086.00;-45494495_0;5.10;0.00;1.56;1382.00;28716808#1_0;754.74;6.77;296.00;2042.78;0.00;0;0.00;27.71;0;tripinfo_wu_os_to_kl.5;car;0.69;
wu_od_to_kl.15;1080.00;803785575#0_0;5.10;0.00;0.56;1384.00;28716808#1_0;754.74;10.47;304.00;2678.40;0.00;0;0.00;60.38;0;tripinfo_wu_od_to_kl.15;car;0.99;
wu_od_to_kl.16;1090.00;803785575#0_0;5.10;0.00;1.44;1386.00;28716808#1_0;754.74;12.42;296.00;2678.40;0.00;0;0.00;79.80;0;tripinfo_wu_od_to_kl.16;car;1.12;
wu_os_to_kl.6;1147.00;-45494495_0;5.10;0.00;0.29;1388.00;28716808#1_0;754.74;10.44;241.00;2042.78;0.00;0;0.00;52.72;0;tripinfo_wu_os_to_kl.6;car;0.99;
wu_od_to_kl.17;1117.00;803785575#0_0;5.10;0.00;0.75;1389.00;28716808#1_0;754.74;11.36;272.00;2678.40;0.00;0;0.00;45.40;0;tripinfo_wu_od_to_kl.17;car;1.07;
wu_ba_to_ko.44;1166.00;-230845886_0;5.10;0.00;0.39;1390.00;972103805_0;116.86;9.94;224.00;2114.29;2.00;1;0.00;27.70;0;tripinfo_wu_ba_to_ko.44;car;0.98;
wu_os_to_gj.5;1178.00;-45494495_0;5.10;0.00;0.69;1399.00;23527526_0;253.75;9.98;221.00;2071.37;5.00;2;0.00;29.51;0;tripinfo_wu_os_to_gj.5;car;0.98;
wu_as_to_gg.8;1219.00;23687583_0;5.10;0.00;0.63;1400.00;23156305_0;1264.14;8.72;181.00;1600.87;0.00;0;0.00;15.14;0;tripinfo_wu_as_to_gg.8;car;0.87;
wu_ba_to_sl.13;1177.00;-230845886_0;5.10;0.00;0.67;1401.00;28706217_0;94.10;8.50;224.00;1934.94;26.00;1;0.00;68.85;0;tripinfo_wu_ba_to_sl.13;car;1.16;
wu_ba_to_gg.13;1122.00;-230845886_0;5.10;0.00;0.12;1402.00;23156305_0;1264.14;10.68;280.00;2718.65;0.00;0;0.00;48.26;0;tripinfo_wu_ba_to_gg.13;car;1.07;
wu_od_to_os.24;1283.00;803785575#0_0;5.10;0.00;0.60;1403.00;45494495_0;58.90;9.13;120.00;969.96;0.00;0;0.00;13.27;0;tripinfo_wu_od_to_os.24;car;0.82;
wu_ba_to_sl.14;1180.00;-230845886_0;5.10;0.00;1.15;1406.00;28706217_0;94.10;7.59;226.00;1934.94;26.00;1;0.00;46.54;0;tripinfo_wu_ba_to_sl.14;car;1.00;
wu_ba_to_as.22;1238.00;-230845886_0;5.10;0.00;1.64;1406.00;41899283#1_0;148.70;8.85;168.00;1430.78;0.00;0;0.00;14.77;0;tripinfo_wu_ba_to_as.22;car;0.85;
wu_ba_to_os.20;1243.00;-230845886_0;5.10;0.00;0.72;1406.00;45494495_0;58.90;11.82;163.00;1647.96;0.00;0;0.00;25.86;0;tripinfo_wu_ba_to_os.20;car;1.08;
wu_ba_to_br.1;1169.00;-230845886_0;5.10;0.00;0.88;1407.00;23156390_0;1121.44;10.50;238.00;2198.00;3.00;1;0.00;29.26;0;tripinfo_wu_ba_to_br.1;car;0.96;
wu_as_to_sl.22;1195.00;23687583_0;5.10;0.00;9.04;1410.00;28706217_0;94.10;7.99;215.00;1976.75;1.00;1;0.00;45.50;0;tripinfo_wu_as_to_sl.22;car;1.08;
wu_od_to_as.18;1162.00;803785575#0_0;5.10;0.00;4.79;1411.00;41899283#1_0;148.70;11.29;249.00;2382.09;8.00;1;0.00;52.32;0;tripinfo_wu_od_to_as.18;car;1.09;
wu_as_to_gg.9;1261.00;23687583_0;5.10;0.00;7.13;1411.00;23156305_0;1264.14;10.75;150.00;1600.87;0.00;0;0.00;13.57;0;tripinfo_wu_as_to_gg.9;car;1.06;
wu_as_to_od.13;1152.00;23687583_0;5.10;0.00;0.70;1412.00;23156030#6_0;109.07;9.53;260.00;2357.31;1.00;1;0.00;24.84;0;tripinfo_wu_as_to_od.13;car;0.91;
wu_ba_to_od.14;1138.00;-230845886_0;5.10;0.00;0.52;1414.00;23156030#6_0;109.07;8.85;276.00;2315.50;5.00;1;0.00;30.19;0;tripinfo_wu_ba_to_od.14;car;0.85;
wu_od_to_as.20;1171.00;803785575#0_0;5.10;0.00;5.15;1414.00;41899283#1_0;148.70;12.59;243.00;2382.09;8.00;1;0.00;53.08;0;tripinfo_wu_od_to_as.20;car;1.13;
wu_od_to_os.25;1286.00;803785575#0_0;5.10;0.00;2.50;1414.00;45494495_0;58.90;8.22;128.00;969.96;0.00;0;0.00;17.02;0;tripinfo_wu_od_to_os.25;car;0.79;
wu_od_to_as.19;1168.00;803785575#0_0;5.10;0.00;3.46;1416.00;41899283#1_0;148.70;11.53;248.00;2382.09;8.00;1;0.00;55.21;0;tripinfo_wu_od_to_as.19;car;1.12;
wu_as_to_ko.36;1293.00;23687583_0;5.10;0.00;0.91;1416.00;972103805_0;116.86;8.85;123.00;1102.39;0.00;0;0.00;9.63;0;tripinfo_wu_as_to_ko.36;car;0.88;
wu_od_to_os.26;1328.00;803785575#0_0;5.10;0.00;0.06;1416.00;45494495_0;58.90;11.99;88.00;969.96;0.00;0;0.00;14.84;0;tripinfo_wu_od_to_os.26;car;1.20;
wu_as_to_ba.18;1255.00;23687583_0;5.10;0.00;3.00;1418.00;230845886_0;633.12;8.89;163.00;1356.50;7.00;1;0.00;23.81;0;tripinfo_wu_as_to_ba.18;car;0.88;
wu_ns_to_ko.37;1276.00;-23142338#2_0;5.10;0.00;0.30;1418.00;972103805_0;116.86;10.71;142.00;1398.55;0.00;0;0.00;14.89;0;tripinfo_wu_ns_to_ko.37;car;0.99;
wu_ns_to_ko.38;1284.00;-23142338#2_0;5.10;0.00;0.94;1420.00;972103805_0;116.86;11.90;136.00;1398.55;0.00;0;0.00;26.69;0;tripinfo_wu_ns_to_ko.38;car;1.16;
wu_od_to_ns.9;1187.00;803785575#0_0;5.10;0.00;2.29;1434.00;23142338#2_0;290.21;9.51;247.00;1928.29;13.00;2;0.00;42.58;0;tripinfo_wu_od_to_ns.9;car;0.91;
wu_as_to_br.7;1252.00;23687583_0;5.10;0.00;0.11;1434.00;23156390_0;1121.44;9.61;182.00;1694.48;0.00;0;0.00;14.29;0;tripinfo_wu_as_to_br.7;car;0.92;
wu_as_to_ko.37;1339.00;23687583_0;5.10;0.00;3.87;1436.00;972103805_0;116.86;12.12;97.00;1102.39;0.00;0;0.00;9.27;0;tripinfo_wu_as_to_ko.37;car;1.14;
wu_od_to_br.17;1093.00;803785575#0_0;5.10;0.00;2.27;1438.00;23156390_0;1121.44;9.00;345.00;3149.31;0.00;0;0.00;28.82;0;tripinfo_wu_od_to_br.17;car;0.90;
wu_ba_to_os.21;1278.00;-230845886_0;5.10;0.00;0.82;1439.00;45494495_0;58.90;9.95;161.00;1647.96;0.00;0;0.00;13.29;0;tripinfo_wu_ba_to_os.21;car;1.01;
wu_ba_to_as.23;1306.00;-230845886_0;5.10;0.00;6.76;1440.00;41899283#1_0;148.70;11.84;134.00;1430.78;0.00;0;0.00;19.60;0;tripinfo_wu_ba_to_as.23;car;1.13;
wu_od_to_ko.41;1139.00;803785575#0_0;5.10;0.00;0.49;1441.00;972103805_0;116.86;8.85;302.00;2307.67;8.00;2;0.00;47.23;0;tripinfo_wu_od_to_ko.41;car;0.86;
wu_ba_to_gj.22;1248.00;-230845886_0;5.10;0.00;0.91;1441.00;23527526_0;253.75;8.77;193.00;1755.68;0.00;0;0.00;15.69;0;tripinfo_wu_ba_to_gj.22;car;0.90;
wu_as_to_gj.23;1371.00;23687583_0;5.10;0.00;0.00;1443.00;23527526_0;253.75;11.56;72.00;649.06;0.00;0;0.00;17.04;0;tripinfo_wu_as_to_gj.23;car;1.09;
wu_as_to_br.8;1268.00;23687583_0;5.10;0.00;0.76;1444.00;23156390_0;1121.44;11.04;176.00;1694.48;4.00;1;0.00;23.54;0;tripinfo_wu_as_to_br.8;car;1.01;
wu_as_to_ns.21;1258.00;23687583_0;5.10;0.00;4.47;1448.00;23142338#2_0;290.21;11.76;190.00;1995.73;3.00;1;0.00;25.18;0;tripinfo_wu_as_to_ns.21;car;1.10;
wu_ba_to_os.22;1281.00;-230845886_0;5.10;0.00;3.16;1449.00;45494495_0;58.90;9.74;168.00;1647.96;0.00;0;0.00;14.40;0;tripinfo_wu_ba_to_os.22;car;0.97;
wu_os_to_as.8;1267.00;-45494495_0;5.10;0.00;0.70;1453.00;41899283#1_0;148.70;11.58;186.00;1746.47;8.00;1;0.00;35.16;0;tripinfo_wu_os_to_as.8;car;1.05;
wu_as_to_kl.7;1332.00;23687583_0;5.10;0.00;0.87;1454.00;28716808#1_0;754.74;11.42;122.00;1207.92;3.00;1;0.00;16.18;0;tripinfo_wu_as_to_kl.7;car;1.04;
wu_od_to_gg.15;1087.00;803785575#0_0;5.10;0.00;0.38;1456.00;23156305_0;1264.14;12.18;369.00;3669.96;0.00;0;0.00;67.42;0;tripinfo_wu_od_to_gg.15;car;1.11;
wu_os_to_as.9;1271.00;-45494495_0;5.10;0.00;0.98;1457.00;41899283#1_0;148.70;11.58;186.00;1746.47;8.00;1;0.00;34.11;0;tripinfo_wu_os_to_as.9;car;1.04;
wu_os_to_as.10;1283.00;-45494495_0;5.10;0.00;0.58;1459.00;41899283#1_0;148.70;11.67;176.00;1746.47;2.00;1;0.00;28.80;0;tripinfo_wu_os_to_as.10;car;1.08;
wu_as_to_kl.8;1342.00;23687583_0;5.10;0.00;6.31;1460.00;28716808#1_0;754.74;10.99;118.00;1207.92;0.00;0;0.00;11.42;0;tripinfo_wu_as_to_kl.8;car;1.03;
wu_as_to_ko.38;1348.00;23687583_0;5.10;0.00;0.08;1461.00;972103805_0;116.86;10.38;113.00;1102.39;0.00;0;0.00;9.58;0;tripinfo_wu_as_to_ko.38;car;0.96;
wu_od_to_ko.43;1193.00;803785575#0_0;5.10;0.00;0.59;1463.00;972103805_0;116.86;10.90;270.00;2307.67;12.00;2;0.00;66.96;0;tripinfo_wu_od_to_ko.43;car;1.08;
wu_as_to_od.14;1216.00;23687583_0;5.10;0.00;0.14;1468.00;23156030#6_0;109.07;9.50;252.00;2357.31;0.00;0;0.00;27.45;0;tripinfo_wu_as_to_od.14;car;0.95;
wu_od_to_gj.8;1165.00;803785575#0_0;5.10;0.00;2.10;1471.00;23527526_0;253.75;9.09;306.00;2706.99;7.00;1;0.00;35.28;0;tripinfo_wu_od_to_gj.8;car;0.91;
wu_ba_to_ns.14;1195.00;-230845886_0;5.10;0.00;0.53;1475.00;23142338#2_0;290.21;9.62;280.00;2346.36;9.00;2;0.00;40.66;0;tripinfo_wu_ba_to_ns.14;car;0.89;
wu_ba_to_od.15;1198.00;-230845886_0;5.10;0.00;0.49;1476.00;23156030#6_0;109.07;9.06;278.00;2315.50;0.00;0;0.00;23.71;0;tripinfo_wu_ba_to_od.15;car;0.82;
wu_ba_to_gj.23;1303.00;-230845886_0;5.10;0.00;4.26;1477.00;23527526_0;253.75;10.61;174.00;1755.68;0.00;0;0.00;19.80;0;tripinfo_wu_ba_to_gj.23;car;1.03;
wu_od_to_as.22;1216.00;803785575#0_0;5.10;0.00;0.40;1478.00;41899283#1_0;148.70;10.53;262.00;2382.09;0.00;0;0.00;45.42;0;tripinfo_wu_od_to_as.22;car;1.00;
wu_ba_to_gj.24;1312.00;-230845886_0;5.10;0.00;2.34;1480.00;23527526_0;253.75;11.43;168.00;1755.68;0.00;0;0.00;16.79;0;tripinfo_wu_ba_to_gj.24;car;1.05;
wu_as_to_ko.39;1356.00;23687583_0;5.10;0.00;0.70;1481.00;972103805_0;116.86;9.30;125.00;1102.39;0.00;0;0.00;10.68;0;tripinfo_wu_as_to_ko.39;car;0.87;
wu_od_to_br.18;1156.00;803785575#0_0;5.10;0.00;0.61;1483.00;23156390_0;1121.44;9.97;327.00;3149.31;11.00;1;0.00;45.57;0;tripinfo_wu_od_to_br.18;car;1.01;
wu_od_to_as.21;1209.00;803785575#0_0;5.10;0.00;2.09;1490.00;41899283#1_0;148.70;8.91;281.00;2382.09;1.00;1;0.00;28.94;0;tripinfo_wu_od_to_as.21;car;0.86;
wu_ba_to_sl.15;1216.00;-230845886_0;5.10;0.00;0.25;1490.00;28706217_0;94.10;6.34;274.00;1934.94;42.00;2;0.00;68.35;0;tripinfo_wu_ba_to_sl.15;car;0.88;
wu_ba_to_ko.45;1252.00;-230845886_0;5.10;0.00;0.27;1491.00;972103805_0;116.86;9.48;239.00;2114.29;2.00;1;0.00;27.15;0;tripinfo_wu_ba_to_ko.45;car;0.91;
wu_ba_to_ns.15;1227.00;-230845886_0;5.10;0.00;0.21;1492.00;23142338#2_0;290.21;11.50;265.00;2346.36;27.00;2;0.00;62.24;0;tripinfo_wu_ba_to_ns.15;car;1.05;
wu_ba_to_sl.16;1262.00;-230845886_0;5.10;0.00;0.17;1492.00;28706217_0;94.10;7.63;230.00;1934.94;10.00;2;0.00;36.29;0;tripinfo_wu_ba_to_sl.16;car;0.93;
wu_od_to_ba.23;1236.00;803785575#0_0;5.10;0.00;5.71;1493.00;230845886_0;633.12;11.10;257.00;2382.14;0.00;0;0.00;54.56;0;tripinfo_wu_od_to_ba.23;car;1.06;
wu_ba_to_ns.16;1230.00;-230845886_0;5.10;0.00;0.48;1494.00;23142338#2_0;290.21;11.19;264.00;2346.36;24.00;2;0.00;58.35;0;tripinfo_wu_ba_to_ns.16;car;1.03;
wu_ba_to_os.23;1330.00;-230845886_0;5.10;0.00;0.87;1500.00;45494495_0;58.90;9.86;170.00;1647.96;0.00;0;0.00;14.72;0;tripinfo_wu_ba_to_os.23;car;0.96;
wu_as_to_ko.40;1378.00;23687583_0;5.10;0.00;0.75;1502.00;972103805_0;116.86;10.27;124.00;1102.39;6.00;1;0.00;19.60;0;tripinfo_wu_as_to_ko.40;car;0.96;
wu_od_to_ba.24;1242.00;803785575#0_0;5.10;0.00;3.10;1504.00;230845886_0;633.12;10.38;262.00;2382.14;0.00;0;0.00;48.51;0;tripinfo_wu_od_to_ba.24;car;1.01;
wu_as_to_od.15;1264.00;23687583_0;5.10;0.00;7.43;1504.00;23156030#6_0;109.07;11.74;240.00;2357.31;6.00;1;0.00;41.68;0;tripinfo_wu_as_to_od.15;car;1.07;
wu_od_to_br.19;1206.00;803785575#0_0;5.10;0.00;0.49;1506.00;23156390_0;1121.44;11.79;300.00;3149.31;0.00;0;0.00;41.55;0;tripinfo_wu_od_to_br.19;car;1.11;
wu_as_to_ns.22;1308.00;23687583_0;5.10;0.00;0.58;1507.00;23142338#2_0;290.21;12.56;199.00;1995.73;17.00;1;0.00;39.75;0;tripinfo_wu_as_to_ns.22;car;1.14;
wu_os_to_as.11;1289.00;-45494495_0;5.10;0.00;4.46;1513.00;41899283#1_0;148.70;7.34;224.00;1746.47;0.00;0;0.00;20.08;0;tripinfo_wu_os_to_as.11;car;0.78;
wu_ba_to_ko.46;1284.00;-230845886_0;5.10;0.00;5.21;1514.00;972103805_0;116.86;9.47;230.00;2114.29;0.00;0;0.00;22.42;0;tripinfo_wu_ba_to_ko.46;car;0.93;
wu_od_to_as.23;1233.00;803785575#0_0;5.10;0.00;3.07;1515.00;41899283#1_0;148.70;9.53;282.00;2382.09;0.00;0;0.00;56.67;0;tripinfo_wu_od_to_as.23;car;0.96;
wu_ba_to_ko.47;1287.00;-230845886_0;5.10;0.00;6.25;1515.00;972103805_0;116.86;11.81;228.00;2114.29;0.00;0;0.00;66.46;0;tripinfo_wu_ba_to_ko.47;car;1.19;
wu_ba_to_as.24;1378.00;-230845886_0;5.10;0.00;0.12;1517.00;41899283#1_0;148.70;10.79;139.00;1430.78;0.00;0;0.00;15.48;0;tripinfo_wu_ba_to_as.24;car;1.05;
wu_od_to_ba.25;1257.00;803785575#0_0;5.10;0.00;0.88;1518.00;230845886_0;633.12;10.27;261.00;2382.14;2.00;1;0.00;34.17;0;tripinfo_wu_od_to_ba.25;car;0.95;
wu_ba_to_gj.25;1315.00;-230845886_0;5.10;0.00;2.38;1518.00;23527526_0;253.75;9.64;203.00;1755.68;1.00;1;0.00;21.31;0;tripinfo_wu_ba_to_gj.25;car;0.88;
wu_ba_to_od.17;1297.00;-230845886_0;5.10;0.00;3.82;1525.00;23156030#6_1;109.07;12.91;228.00;2315.50;12.00;1;0.00;55.63;0;tripinfo_wu_ba_to_od.17;car;1.22;
wu_ba_to_od.16;1293.00;-230845886_0;5.10;0.00;1.95;1528.00;23156030#6_0;109.07;11.57;235.00;2315.50;13.00;1;0.00;41.99;0;tripinfo_wu_ba_to_od.16;car;1.09;
wu_od_to_ko.42;1190.00;803785575#0_0;5.10;0.00;4.47;1529.00;972103805_0;116.86;8.07;339.00;2307.67;13.00;2;0.00;53.29;0;tripinfo_wu_od_to_ko.42;car;0.76;
wu_od_to_ko.44;1201.00;803785575#0_0;5.10;0.00;0.97;1531.00;972103805_0;116.86;10.65;330.00;2307.67;12.00;2;0.00;121.35;0;tripinfo_wu_od_to_ko.44;car;1.05;
wu_os_to_sl.8;1469.00;-45494495_0;5.10;0.00;0.36;1531.00;28706217_0;94.10;7.02;62.00;484.95;0.00;0;0.00;11.91;0;tripinfo_wu_os_to_sl.8;car;0.98;
wu_od_to_kl.18;1248.00;803785575#0_0;5.10;0.00;0.38;1534.00;28716808#1_0;754.74;10.53;286.00;2678.40;0.00;0;0.00;51.13;0;tripinfo_wu_od_to_kl.18;car;1.03;
wu_os_to_gj.6;1303.00;-45494495_0;5.10;0.00;0.79;1535.00;23527526_0;253.75;10.66;232.00;2071.37;0.00;0;0.00;40.40;0;tripinfo_wu_os_to_gj.6;car;0.98;
wu_ba_to_ko.48;1318.00;-230845886_0;5.10;0.00;4.21;1536.00;972103805_0;116.86;12.64;218.00;2114.29;0.00;0;0.00;48.97;0;tripinfo_wu_ba_to_ko.48;car;1.14;
wu_ba_to_od.18;1300.00;-230845886_0;5.10;0.00;1.76;1537.00;23156030#6_0;109.07;9.93;237.00;2315.50;1.00;1;0.00;24.25;0;tripinfo_wu_ba_to_od.18;car;0.98;
wu_od_to_gg.16;1150.00;803785575#0_0;5.10;0.00;0.71;1539.00;23156305_0;1264.14;10.11;389.00;3669.96;12.00;1;0.00;41.44;0;tripinfo_wu_od_to_gg.16;car;0.96;
wu_ba_to_od.19;1309.00;-230845886_0;5.10;0.00;0.67;1539.00;23156030#6_0;109.07;10.31;230.00;2315.50;0.00;0;0.00;17.80;0;tripinfo_wu_ba_to_od.19;car;0.98;
wu_ba_to_ko.49;1323.00;-230845886_0;5.10;0.00;1.27;1539.00;972103805_0;116.86;11.95;216.00;2114.29;0.00;0;0.00;47.26;0;tripinfo_wu_ba_to_ko.49;car;1.14;
wu_od_to_os.27;1452.00;803785575#0_0;5.10;0.00;3.58;1540.00;45494495_0;58.90;11.60;88.00;969.96;0.00;0;0.00;7.22;0;tripinfo_wu_od_to_os.27;car;1.09;
wu_os_to_gg.5;1218.00;-45494495_0;5.10;0.00;0.65;1541.00;23156305_0;1264.14;12.23;323.00;3034.34;11.00;1;0.00;85.35;0;tripinfo_wu_os_to_gg.5;car;1.16;
wu_ns_to_as.6;1337.00;-23142338#2_0;5.10;0.00;0.07;1541.00;41899283#1_0;148.70;12.10;204.00;2009.37;7.00;2;0.00;41.20;0;tripinfo_wu_ns_to_as.6;car;1.13;
wu_od_to_ko.45;1280.00;803785575#0_0;5.10;0.00;0.92;1544.00;972103805_0;116.86;9.53;264.00;2307.67;7.00;2;0.00;38.88;0;tripinfo_wu_od_to_ko.45;car;0.97;
wu_as_to_sl.23;1345.00;23687583_0;5.10;0.00;5.15;1546.00;28706217_0;94.10;7.81;201.00;1976.75;7.00;1;0.00;33.04;0;tripinfo_wu_as_to_sl.23;car;1.09;
wu_ns_to_br.2;1255.00;-23142338#2_0;5.10;0.00;0.93;1550.00;23156390_0;1121.44;10.04;295.00;2792.05;0.00;0;0.00;30.60;0;tripinfo_wu_ns_to_br.2;car;0.96;
wu_ba_to_os.24;1383.00;-230845886_0;5.10;0.00;0.40;1550.00;45494495_0;58.90;9.63;167.00;1647.96;0.00;0;0.00;13.81;0;tripinfo_wu_ba_to_os.24;car;0.97;
wu_ba_to_gg.14;1290.00;-230845886_0;5.10;0.00;1.28;1552.00;23156305_0;1264.14;11.27;262.00;2718.65;0.00;0;0.00;28.42;0;tripinfo_wu_ba_to_gg.14;car;1.06;
wu_os_to_od.13;1480.00;-45494495_0;5.10;0.00;0.05;1555.00;23156030#6_0;109.07;12.43;75.00;865.51;0.00;0;0.00;7.08;0;tripinfo_wu_os_to_od.13;car;1.16;
wu_ns_to_gj.3;1239.00;-23142338#2_0;5.10;0.00;0.38;1558.00;23527526_0;253.75;10.37;319.00;2084.96;110.00;1;0.00;131.10;0;tripinfo_wu_ns_to_gj.3;car;1.01;
wu_ns_to_ko.39;1393.00;-23142338#2_0;5.10;0.00;0.24;1564.00;972103805_0;116.86;10.33;171.00;1398.55;20.00;2;0.00;41.08;0;tripinfo_wu_ns_to_ko.39;car;0.97;
wu_as_to_gj.24;1478.00;23687583_0;5.10;0.00;1.07;1565.00;23527526_0;253.75;8.87;87.00;649.06;2.00;1;0.00;18.22;0;tripinfo_wu_as_to_gj.24;car;0.86;
wu_od_to_kl.19;1273.00;803785575#0_0;5.10;0.00;3.79;1566.00;28716808#1_0;754.74;9.14;293.00;2678.40;9.00;1;0.00;33.27;0;tripinfo_wu_od_to_kl.19;car;0.93;
wu_as_to_od.16;1336.00;23687583_0;5.10;0.00;3.15;1568.00;23156030#6_0;109.07;12.47;232.00;2357.31;10.00;3;0.00;53.25;0;tripinfo_wu_as_to_od.16;car;1.19;
wu_ba_to_as.25;1403.00;-230845886_0;5.10;0.00;1.67;1568.00;41899283#1_0;148.70;10.25;165.00;1430.78;0.00;0;0.00;36.01;0;tripinfo_wu_ba_to_as.25;car;1.01;
wu_ba_to_as.26;1410.00;-230845886_0;5.10;0.00;0.57;1569.00;41899283#1_0;148.70;12.35;159.00;1430.78;0.00;0;0.00;48.32;0;tripinfo_wu_ba_to_as.26;car;1.17;
wu_as_to_ko.41;1394.00;23687583_0;5.10;0.00;0.34;1572.00;972103805_0;116.86;9.21;178.00;1102.39;47.00;2;0.00;65.93;0;tripinfo_wu_as_to_ko.41;car;0.89;
wu_od_to_as.24;1292.00;803785575#0_0;5.10;0.00;4.86;1573.00;41899283#1_0;148.70;11.32;281.00;2382.09;0.00;0;0.00;83.28;0;tripinfo_wu_od_to_as.24;car;1.09;
wu_as_to_kl.9;1459.00;23687583_0;5.10;0.00;4.80;1575.00;28716808#1_0;754.74;11.37;116.00;1207.92;2.00;1;0.00;15.94;0;tripinfo_wu_as_to_kl.9;car;1.09;
wu_od_to_os.28;1481.00;803785575#0_0;5.10;0.00;4.82;1584.00;45494495_0;58.90;9.50;103.00;969.96;0.00;0;0.00;10.10;0;tripinfo_wu_od_to_os.28;car;0.95;
wu_od_to_ko.46;1304.00;803785575#0_0;5.10;0.00;0.85;1585.00;972103805_0;116.86;10.44;281.00;2307.67;13.00;3;0.00;48.44;0;tripinfo_wu_od_to_ko.46;car;0.94;
wu_od_to_br.20;1230.00;803785575#0_0;5.10;0.00;0.87;1587.00;23156390_0;1121.44;10.09;357.00;3149.31;0.00;0;0.00;44.28;0;tripinfo_wu_od_to_br.20;car;0.91;
wu_as_to_ko.42;1474.00;23687583_0;5.10;0.00;0.93;1587.00;972103805_0;116.86;11.00;113.00;1102.39;8.00;1;0.00;20.67;0;tripinfo_wu_as_to_ko.42;car;1.08;
wu_od_to_br.21;1239.00;803785575#0_0;5.10;0.00;1.07;1589.00;23156390_0;1121.44;10.55;350.00;3149.31;0.00;0;0.00;62.70;0;tripinfo_wu_od_to_br.21;car;0.99;
wu_ba_to_od.21;1372.00;-230845886_0;5.10;0.00;0.90;1590.00;23156030#6_0;109.07;12.63;218.00;2315.50;0.00;0;0.00;38.40;0;tripinfo_wu_ba_to_od.21;car;1.16;
wu_ns_to_ko.40;1448.00;-23142338#2_0;5.10;0.00;1.64;1591.00;972103805_0;116.86;11.35;143.00;1398.55;8.00;2;0.00;30.90;0;tripinfo_wu_ns_to_ko.40;car;1.13;
wu_od_to_gg.17;1184.00;803785575#0_0;5.10;0.00;0.51;1595.00;23156305_0;1264.14;8.83;411.00;3669.96;0.00;0;0.00;36.05;0;tripinfo_wu_od_to_gg.17;car;0.89;
wu_ba_to_od.20;1357.00;-230845886_0;5.10;0.00;0.68;1595.00;23156030#6_0;109.07;10.92;238.00;2315.50;0.00;0;0.00;31.20;0;tripinfo_wu_ba_to_od.20;car;1.01;
wu_as_to_os.24;1411.00;23687583_0;5.10;0.00;0.27;1596.00;45494495_0;58.90;11.65;185.00;1689.77;17.00;1;0.00;44.76;0;tripinfo_wu_as_to_os.24;car;1.09;
wu_as_to_br.9;1440.00;23687583_0;5.10;0.00;2.73;1598.00;23156390_0;1121.44;10.69;158.00;1694.48;0.00;0;0.00;12.54;0;tripinfo_wu_as_to_br.9;car;1.05;
wu_as_to_gj.25;1520.00;23687583_0;5.10;0.00;0.32;1598.00;23527526_0;253.75;8.48;78.00;649.06;0.00;0;0.00;7.99;0;tripinfo_wu_as_to_gj.25;car;0.85;
wu_os_to_od.14;1518.00;-45494495_0;5.10;0.00;0.35;1601.00;23156030#6_0;109.07;10.58;83.00;865.51;0.00;0;0.00;7.23;0;tripinfo_wu_os_to_od.14;car;1.03;
wu_os_to_ba.10;1373.00;-45494495_0;5.10;0.00;0.32;1603.00;230845886_0;633.12;8.95;230.00;1746.52;2.00;1;0.00;47.37;0;tripinfo_wu_os_to_ba.10;car;0.87;
wu_od_to_as.25;1295.00;803785575#0_0;5.10;0.00;7.58;1604.00;41899283#1_0;148.70;10.93;309.00;2382.09;1.00;1;0.00;92.99;0;tripinfo_wu_od_to_as.25;car;1.00;
wu_ns_to_ba.5;1333.00;-23142338#2_0;5.10;0.00;0.53;1605.00;230845886_0;633.12;10.62;272.00;2340.42;16.00;2;0.00;65.56;0;tripinfo_wu_ns_to_ba.5;car;1.02;
wu_od_to_gg.18;1223.00;803785575#0_0;5.10;0.00;0.95;1607.00;23156305_0;1264.14;10.48;384.00;3669.96;0.00;0;0.00;53.81;0;tripinfo_wu_od_to_gg.18;car;1.01;
wu_ns_to_as.7;1406.00;-23142338#2_0;5.10;0.00;0.05;1609.00;41899283#1_0;148.70;11.93;203.00;2009.37;17.00;2;0.00;43.53;0;tripinfo_wu_ns_to_as.7;car;1.15;
wu_as_to_ns.23;1383.00;23687583_0;5.10;0.00;0.13;1612.00;23142338#2_0;290.21;9.49;229.00;1995.73;1.00;1;0.00;30.88;0;tripinfo_wu_as_to_ns.23;car;0.91;
wu_os_to_od.15;1527.00;-45494495_0;5.10;0.00;0.80;1613.00;23156030#6_0;109.07;11.47;86.00;865.51;2.00;1;0.00;13.38;0;tripinfo_wu_os_to_od.15;car;1.08;
wu_os_to_od.16;1537.00;-45494495_0;5.10;0.00;0.87;1621.00;23156030#6_0;109.07;10.63;84.00;865.51;0.00;0;0.00;6.65;0;tripinfo_wu_os_to_od.16;car;1.01;
wu_od_to_kl.20;1313.00;803785575#0_0;5.10;0.00;0.53;1623.00;28716808#1_0;754.74;10.13;310.00;2678.40;3.00;1;0.00;58.58;0;tripinfo_wu_od_to_kl.20;car;0.96;
wu_ns_to_ko.41;1457.00;-23142338#2_0;5.10;0.00;0.06;1625.00;972103805_0;116.86;9.73;168.00;1398.55;10.00;2;0.00;31.20;0;tripinfo_wu_ns_to_ko.41;car;0.92;
wu_os_to_ko.16;1369.00;-45494495_0;5.10;0.00;2.32;1628.00;972103805_0;116.86;10.21;259.00;2045.29;21.00;2;0.00;51.80;0;tripinfo_wu_os_to_ko.16;car;0.94;
wu_ba_to_gj.26;1400.00;-230845886_0;5.10;0.00;3.67;1629.00;23527526_0;253.75;8.47;229.00;1755.68;0.00;0;0.00;20.53;0;tripinfo_wu_ba_to_gj.26;car;0.76;
wu_od_to_as.26;1404.00;803785575#0_0;5.10;0.00;0.56;1629.00;41899283#1_0;148.70;11.29;225.00;2382.09;0.00;0;0.00;17.65;0;tripinfo_wu_od_to_as.26;car;1.04;
wu_od_to_gj.9;1298.00;803785575#0_0;5.10;0.00;4.38;1631.00;23527526_0;253.75;10.51;333.00;2706.99;0.00;0;0.00;86.05;0;tripinfo_wu_od_to_gj.9;car;0.99;
wu_od_to_ko.47;1362.00;803785575#0_0;5.10;0.00;2.09;1632.00;972103805_0;116.86;9.19;270.00;2307.67;6.00;1;0.00;31.95;0;tripinfo_wu_od_to_ko.47;car;0.92;
wu_ba_to_gj.27;1428.00;-230845886_0;5.10;0.00;0.68;1633.00;23527526_0;253.75;11.18;205.00;1755.68;10.00;1;0.00;62.29;0;tripinfo_wu_ba_to_gj.27;car;1.12;
wu_od_to_ko.48;1365.00;803785575#0_0;5.10;0.00;0.90;1634.00;972103805_0;116.86;11.14;269.00;2307.67;6.00;1;0.00;60.01;0;tripinfo_wu_od_to_ko.48;car;1.05;
wu_ba_to_gj.28;1437.00;-230845886_0;5.10;0.00;0.72;1635.00;23527526_0;253.75;11.84;198.00;1755.68;10.00;1;0.00;56.33;0;tripinfo_wu_ba_to_gj.28;car;1.13;
wu_as_to_sl.24;1397.00;23687583_0;5.10;0.00;2.35;1636.00;28706217_0;94.10;7.77;239.00;1976.75;29.00;2;0.00;59.35;0;tripinfo_wu_as_to_sl.24;car;1.02;
wu_ns_to_ba.6;1377.00;-23142338#2_0;5.10;0.00;4.18;1637.00;230845886_0;633.12;9.33;260.00;2340.42;0.00;0;0.00;20.55;0;tripinfo_wu_ns_to_ba.6;car;0.88;
wu_as_to_sl.25;1400.00;23687583_0;5.10;0.00;3.91;1638.00;28706217_0;94.10;8.38;238.00;1976.75;27.00;1;0.00;69.35;0;tripinfo_wu_as_to_sl.25;car;1.09;
wu_as_to_ba.19;1497.00;23687583_0;5.10;0.00;0.06;1639.00;230845886_0;633.12;10.77;142.00;1356.50;1.00;1;0.00;26.55;0;tripinfo_wu_as_to_ba.19;car;1.06;
wu_os_to_br.4;1354.00;-45494495_0;5.10;0.00;0.07;1641.00;23156390_0;1121.44;10.22;287.00;2513.69;5.00;1;0.00;40.08;0;tripinfo_wu_os_to_br.4;car;0.93;
wu_as_to_os.25;1483.00;23687583_0;5.10;0.00;0.79;1645.00;45494495_0;58.90;11.27;162.00;1689.77;0.00;0;0.00;19.42;0;tripinfo_wu_as_to_os.25;car;1.07;
wu_od_to_kl.21;1359.00;803785575#0_0;5.10;0.00;0.18;1646.00;28716808#1_0;754.74;9.70;287.00;2678.40;0.00;0;0.00;23.76;0;tripinfo_wu_od_to_kl.21;car;0.92;
wu_ba_to_ko.50;1397.00;-230845886_0;5.10;0.00;0.80;1646.00;972103805_0;116.86;9.02;249.00;2114.29;0.00;0;0.00;27.74;0;tripinfo_wu_ba_to_ko.50;car;0.87;
wu_od_to_gg.19;1226.00;803785575#0_0;5.10;0.00;3.00;1647.00;23156305_0;1264.14;9.51;421.00;3669.96;0.00;0;0.00;48.47;0;tripinfo_wu_od_to_gg.19;car;0.89;
wu_ba_to_as.27;1495.00;-230845886_0;5.10;0.00;0.89;1647.00;41899283#1_0;148.70;9.58;152.00;1430.78;1.00;1;0.00;17.81;0;tripinfo_wu_ba_to_as.27;car;0.97;
wu_as_to_gj.26;1536.00;23687583_0;5.10;0.00;0.24;1648.00;23527526_0;253.75;8.60;112.00;649.06;25.00;1;0.00;41.88;0;tripinfo_wu_as_to_gj.26;car;0.85;
wu_as_to_gj.27;1571.00;23687583_0;5.10;0.00;0.73;1650.00;23527526_0;253.75;10.67;79.00;649.06;1.00;1;0.00;23.57;0;tripinfo_wu_as_to_gj.27;car;1.07;
wu_as_to_ko.43;1524.00;23687583_0;5.10;0.00;0.19;1652.00;972103805_0;116.86;8.75;128.00;1102.39;0.00;0;0.00;10.77;0;tripinfo_wu_as_to_ko.43;car;0.85;
wu_as_to_sl.26;1416.00;23687583_0;5.10;0.00;3.95;1657.00;28706217_0;94.10;7.38;241.00;1976.75;29.00;2;0.00;56.84;0;tripinfo_wu_as_to_sl.26;car;1.00;
wu_ba_to_ko.51;1413.00;-230845886_0;5.10;0.00;1.16;1661.00;972103805_0;116.86;10.40;248.00;2114.29;7.00;1;0.00;43.52;0;tripinfo_wu_ba_to_ko.51;car;0.94;
wu_os_to_sl.9;1581.00;-45494495_0;5.10;0.00;0.23;1661.00;28706217_0;94.10;7.50;80.00;484.95;9.00;1;0.00;29.03;0;tripinfo_wu_os_to_sl.9;car;0.97;
wu_as_to_gj.28;1584.00;23687583_0;5.10;0.00;0.10;1663.00;23527526_0;253.75;10.77;79.00;649.06;4.00;2;0.00;21.19;0;tripinfo_wu_as_to_gj.28;car;1.02;
wu_ns_to_sl.1;1465.00;-23142338#2_0;5.10;0.00;0.26;1664.00;28706217_0;94.10;8.42;199.00;1619.36;19.00;2;0.00;46.29;0;tripinfo_wu_ns_to_sl.1;car;1.07;
wu_as_to_gj.29;1593.00;23687583_0;5.10;0.00;0.22;1665.00;23527526_0;253.75;11.04;72.00;649.06;2.00;1;0.00;16.20;0;tripinfo_wu_as_to_gj.29;car;1.06;
wu_od_to_as.27;1413.00;803785575#0_0;5.10;0.00;0.84;1666.00;41899283#1_0;148.70;9.24;253.00;2382.09;0.00;0;0.00;20.96;0;tripinfo_wu_od_to_as.27;car;0.93;
wu_as_to_os.26;1500.00;23687583_0;5.10;0.00;1.16;1667.00;45494495_0;58.90;11.07;167.00;1689.77;0.00;0;0.00;13.58;0;tripinfo_wu_as_to_os.26;car;1.00;
wu_od_to_os.29;1577.00;803785575#0_0;5.10;0.00;0.61;1669.00;45494495_0;58.90;11.01;92.00;969.96;0.00;0;0.00;9.44;0;tripinfo_wu_od_to_os.29;car;1.07;
wu_od_to_ko.49;1375.00;803785575#0_0;5.10;0.00;0.30;1670.00;972103805_0;116.86;9.23;295.00;2307.67;23.00;2;0.00;51.11;0;tripinfo_wu_od_to_ko.49;car;0.90;
wu_ns_to_od.3;1412.00;-23142338#2_0;5.10;0.00;0.16;1670.00;23156030#6_0;109.07;8.38;258.00;2005.01;0.00;0;0.00;23.68;0;tripinfo_wu_ns_to_od.3;car;0.82;
wu_ba_to_sl.17;1455.00;-230845886_0;5.10;0.00;0.38;1670.00;28706217_0;94.10;8.14;215.00;1934.94;9.00;2;0.00;36.79;0;tripinfo_wu_ba_to_sl.17;car;1.01;
wu_od_to_ko.50;1378.00;803785575#0_0;5.10;0.00;3.19;1673.00;972103805_0;116.86;10.96;295.00;2307.67;16.00;4;0.00;78.92;0;tripinfo_wu_od_to_ko.50;car;1.02;
wu_od_to_ko.51;1392.00;803785575#0_0;5.10;0.00;0.10;1675.00;972103805_0;116.86;10.25;283.00;2307.67;12.00;3;0.00;58.29;0;tripinfo_wu_od_to_ko.51;car;0.98;
wu_as_to_gj.30;1596.00;23687583_0;5.10;0.00;0.32;1675.00;23527526_0;253.75;9.65;79.00;649.06;1.00;1;0.00;12.14;0;tripinfo_wu_as_to_gj.30;car;0.89;
wu_ba_to_os.25;1521.00;-230845886_0;5.10;0.00;0.22;1676.00;45494495_0;58.90;11.20;155.00;1647.96;0.00;0;0.00;14.12;0;tripinfo_wu_ba_to_os.25;car;1.06;
wu_od_to_ko.52;1400.00;803785575#0_0;5.10;0.00;0.86;1677.00;972103805_0;116.86;11.91;277.00;2307.67;11.00;3;0.00;72.81;0;tripinfo_wu_od_to_ko.52;car;1.08;
wu_as_to_ba.20;1527.00;23687583_0;5.10;0.00;0.81;1678.00;230845886_0;633.12;9.91;151.00;1356.50;2.00;1;0.00;17.84;0;tripinfo_wu_as_to_ba.20;car;0.92;
wu_od_to_br.22;1289.00;803785575#0_0;5.10;0.00;4.54;1679.00;23156390_0;1121.44;9.49;390.00;3149.31;1.00;1;0.00;65.78;0;tripinfo_wu_od_to_br.22;car;0.88;
wu_od_to_ko.53;1408.00;803785575#0_0;5.10;0.00;0.21;1679.00;972103805_0;116.86;11.95;271.00;2307.67;16.00;4;0.00;75.60;0;tripinfo_wu_od_to_ko.53;car;1.13;
wu_od_to_br.23;1321.00;803785575#0_0;5.10;0.00;0.46;1681.00;23156390_0;1121.44;11.11;360.00;3149.31;1.00;1;0.00;78.41;0;tripinfo_wu_od_to_br.23;car;1.01;
wu_od_to_as.28;1449.00;803785575#0_0;5.10;0.00;0.67;1681.00;41899283#1_0;148.70;11.68;232.00;2382.09;3.00;1;0.00;34.11;0;tripinfo_wu_od_to_as.28;car;1.09;
wu_od_to_br.25;1340.00;803785575#0_0;5.10;0.00;1.88;1683.00;23156390_0;1121.44;11.72;343.00;3149.31;0.00;0;0.00;81.02;0;tripinfo_wu_od_to_br.25;car;1.09;
wu_od_to_br.24;1337.00;803785575#0_0;5.10;0.00;0.57;1685.00;23156390_0;1121.44;10.24;348.00;3149.31;0.00;0;0.00;61.58;0;tripinfo_wu_od_to_br.24;car;1.00;
wu_as_to_sl.27;1465.00;23687583_0;5.10;0.00;7.34;1686.00;28706217_0;94.10;6.39;221.00;1976.75;0.00;0;0.00;22.32;0;tripinfo_wu_as_to_sl.27;car;0.92;
wu_as_to_ko.44;1532.00;23687583_0;5.10;0.00;0.55;1687.00;972103805_0;116.86;9.21;155.00;1102.39;26.00;1;0.00;41.92;0;tripinfo_wu_as_to_ko.44;car;0.88;
wu_as_to_sl.28;1470.00;23687583_0;5.10;0.00;0.25;1690.00;28706217_0;94.10;7.13;220.00;1976.75;1.00;1;0.00;27.04;0;tripinfo_wu_as_to_sl.28;car;0.95;
wu_as_to_gj.31;1621.00;23687583_0;5.10;0.00;0.99;1697.00;23527526_0;253.75;9.12;76.00;649.06;0.00;0;0.00;9.38;0;tripinfo_wu_as_to_gj.31;car;0.89;
wu_ns_to_ko.42;1538.00;-23142338#2_0;5.10;0.00;0.42;1698.00;972103805_0;116.86;9.84;160.00;1398.55;7.00;1;0.00;23.28;0;tripinfo_wu_ns_to_ko.42;car;0.93;
wu_od_to_ko.54;1439.00;803785575#0_0;5.10;0.00;0.16;1704.00;972103805_0;116.86;10.55;265.00;2307.67;7.00;1;0.00;36.08;0;tripinfo_wu_od_to_ko.54;car;0.96;
wu_od_to_gj.10;1427.00;803785575#0_0;5.10;0.00;0.45;1706.00;23527526_0;253.75;9.77;279.00;2706.99;0.00;0;0.00;26.40;0;tripinfo_wu_od_to_gj.10;car;0.97;
wu_as_to_ko.45;1544.00;23687583_0;5.10;0.00;4.50;1707.00;972103805_0;116.86;11.59;163.00;1102.39;45.00;3;0.00;75.82;0;tripinfo_wu_as_to_ko.45;car;1.14;
wu_as_to_ns.24;1448.00;23687583_0;5.10;0.00;0.82;1708.00;23142338#2_0;290.21;10.06;260.00;1995.73;37.00;3;0.00;66.64;0;tripinfo_wu_as_to_ns.24;car;0.94;
wu_as_to_os.28;1517.00;23687583_0;5.10;0.00;0.88;1708.00;45494495_0;58.90;10.34;191.00;1689.77;8.00;1;0.00;41.27;0;tripinfo_wu_as_to_os.28;car;1.02;
wu_as_to_ns.25;1462.00;23687583_0;5.10;0.00;5.72;1710.00;23142338#2_0;290.21;10.49;248.00;1995.73;31.00;2;0.00;58.48;0;tripinfo_wu_as_to_ns.25;car;0.96;
wu_as_to_ko.46;1547.00;23687583_0;5.10;0.00;2.97;1711.00;972103805_0;116.86;10.88;164.00;1102.39;39.00;3;0.00;64.71;0;tripinfo_wu_as_to_ko.46;car;1.00;
wu_as_to_os.27;1511.00;23687583_0;5.10;0.00;0.19;1712.00;45494495_0;58.90;10.15;201.00;1689.77;10.00;2;0.00;38.16;0;tripinfo_wu_as_to_os.27;car;0.94;
wu_ba_to_os.26;1537.00;-230845886_0;5.10;0.00;0.41;1713.00;45494495_0;58.90;11.15;176.00;1647.96;1.00;1;0.00;31.95;0;tripinfo_wu_ba_to_os.26;car;1.03;
wu_ba_to_os.27;1579.00;-230845886_0;5.10;0.00;0.65;1715.00;45494495_0;58.90;13.65;136.00;1647.96;0.00;0;0.00;16.39;0;tripinfo_wu_ba_to_os.27;car;1.28;
wu_ba_to_gj.29;1532.00;-230845886_0;5.10;0.00;0.98;1716.00;23527526_0;253.75;9.38;184.00;1755.68;0.00;0;0.00;15.16;0;tripinfo_wu_ba_to_gj.29;car;0.94;
wu_as_to_ba.21;1581.00;23687583_0;5.10;0.00;0.86;1717.00;230845886_0;633.12;11.59;136.00;1356.50;1.00;1;0.00;26.90;0;tripinfo_wu_as_to_ba.21;car;1.12;
wu_od_to_ko.55;1465.00;803785575#0_0;5.10;0.00;0.12;1718.00;972103805_0;116.86;11.00;253.00;2307.67;15.00;2;0.00;42.65;0;tripinfo_wu_od_to_ko.55;car;1.05;
wu_od_to_ba.26;1519.00;803785575#0_0;5.10;0.00;1.04;1719.00;230845886_0;633.12;12.52;200.00;2382.14;0.00;0;0.00;15.46;0;tripinfo_wu_od_to_ba.26;car;1.17;
wu_ns_to_sl.2;1510.00;-23142338#2_0;5.10;0.00;0.78;1721.00;28706217_0;94.10;6.95;211.00;1619.36;16.00;2;0.00;44.17;0;tripinfo_wu_ns_to_sl.2;car;0.98;
wu_ba_to_gj.30;1561.00;-230845886_0;5.10;0.00;0.30;1725.00;23527526_0;253.75;12.03;164.00;1755.68;6.00;1;0.00;28.85;0;tripinfo_wu_ba_to_gj.30;car;1.18;
wu_ba_to_ko.52;1500.00;-230845886_0;5.10;0.00;0.90;1729.00;972103805_0;116.86;9.59;229.00;2114.29;0.00;0;0.00;22.47;0;tripinfo_wu_ba_to_ko.52;car;0.93;
wu_od_to_as.29;1473.00;803785575#0_0;5.10;0.00;2.90;1730.00;41899283#1_0;148.70;9.84;257.00;2382.09;0.00;0;0.00;19.26;0;tripinfo_wu_od_to_as.29;car;0.91;
wu_ba_to_ko.53;1504.00;-230845886_0;5.10;0.00;4.36;1731.00;972103805_0;116.86;10.47;227.00;2114.29;0.00;0;0.00;34.52;0;tripinfo_wu_ba_to_ko.53;car;1.00;
wu_ba_to_gg.15;1338.00;-230845886_0;5.10;0.00;1.13;1733.00;23156305_0;1264.14;7.01;395.00;2718.65;0.00;0;0.00;36.29;0;tripinfo_wu_ba_to_gg.15;car;0.69;
wu_os_to_sl.10;1673.00;-45494495_0;5.10;0.00;0.50;1734.00;28706217_0;94.10;7.92;61.00;484.95;0.00;0;0.00;11.41;0;tripinfo_wu_os_to_sl.10;car;0.99;
wu_od_to_gg.20;1267.00;803785575#0_0;5.10;0.00;0.14;1735.00;23156305_0;1264.14;8.71;468.00;3669.96;4.00;1;0.00;55.09;0;tripinfo_wu_od_to_gg.20;car;0.81;
wu_ba_to_ko.54;1515.00;-230845886_0;5.10;0.00;0.86;1735.00;972103805_0;116.86;11.40;220.00;2114.29;0.00;0;0.00;32.93;0;tripinfo_wu_ba_to_ko.54;car;1.03;
wu_os_to_od.17;1649.00;-45494495_0;5.10;0.00;0.95;1743.00;23156030#6_0;109.07;9.46;94.00;865.51;0.00;0;0.00;7.77;0;tripinfo_wu_os_to_od.17;car;0.91;
wu_ba_to_as.28;1594.00;-230845886_0;5.10;0.00;0.86;1751.00;41899283#1_0;148.70;9.55;157.00;1430.78;1.00;1;0.00;23.98;0;tripinfo_wu_ba_to_as.28;car;0.98;
wu_ba_to_ko.55;1540.00;-230845886_0;5.10;0.00;0.58;1753.00;972103805_0;116.86;10.64;213.00;2114.29;1.00;1;0.00;27.64;0;tripinfo_wu_ba_to_ko.55;car;1.04;
wu_as_to_gj.32;1678.00;23687583_0;5.10;0.00;0.89;1755.00;23527526_0;253.75;8.52;77.00;649.06;0.00;0;0.00;8.78;0;tripinfo_wu_as_to_gj.32;car;0.87;
wu_od_to_ko.56;1470.00;803785575#0_0;5.10;0.00;0.18;1758.00;972103805_0;116.86;10.08;288.00;2307.67;22.00;2;0.00;51.57;0;tripinfo_wu_od_to_ko.56;car;0.93;
wu_od_to_ko.57;1476.00;803785575#0_0;5.10;0.00;3.83;1760.00;972103805_0;116.86;10.10;284.00;2307.67;21.00;2;0.00;64.28;0;tripinfo_wu_od_to_ko.57;car;1.00;
wu_od_to_ko.58;1479.00;803785575#0_0;5.10;0.00;3.06;1762.00;972103805_0;116.86;11.63;283.00;2307.67;17.00;2;0.00;86.65;0;tripinfo_wu_od_to_ko.58;car;1.12;
wu_as_to_os.29;1569.00;23687583_0;5.10;0.00;3.58;1767.00;45494495_0;58.90;9.49;198.00;1689.77;3.00;2;0.00;31.47;0;tripinfo_wu_as_to_os.29;car;0.91;
wu_od_to_os.30;1671.00;803785575#0_0;5.10;0.00;1.44;1769.00;45494495_0;58.90;10.41;98.00;969.96;0.00;0;0.00;11.96;0;tripinfo_wu_od_to_os.30;car;1.02;
wu_as_to_os.30;1599.00;23687583_0;5.10;0.00;1.21;1771.00;45494495_0;58.90;12.13;172.00;1689.77;7.00;1;0.00;36.25;0;tripinfo_wu_as_to_os.30;car;1.13;
wu_as_to_ko.47;1629.00;23687583_0;5.10;0.00;0.02;1775.00;972103805_0;116.86;8.52;146.00;1102.39;15.00;1;0.00;29.98;0;tripinfo_wu_as_to_ko.47;car;0.86;
wu_od_to_gg.21;1270.00;803785575#0_0;5.10;0.00;1.79;1784.00;23156305_0;1264.14;6.77;514.00;3669.96;0.00;0;0.00;49.94;0;tripinfo_wu_od_to_gg.21;car;0.72;
wu_ba_to_gj.31;1599.00;-230845886_0;5.10;0.00;0.35;1785.00;23527526_0;253.75;10.91;186.00;1755.68;0.00;0;0.00;27.74;0;tripinfo_wu_ba_to_gj.31;car;1.00;
wu_od_to_gg.22;1343.00;803785575#0_0;5.10;0.00;4.42;1786.00;23156305_0;1264.14;11.00;443.00;3669.96;0.00;0;0.00;111.14;0;tripinfo_wu_od_to_gg.22;car;1.00;
wu_os_to_gg.6;1447.00;-45494495_0;5.10;0.00;0.45;1788.00;23156305_0;1264.14;12.14;341.00;3034.34;0.00;0;0.00;113.08;0;tripinfo_wu_os_to_gg.6;car;1.21;
wu_od_to_gg.24;1424.00;803785575#0_0;5.10;0.00;0.84;1789.00;23156305_0;1264.14;10.83;365.00;3669.96;0.00;0;0.00;47.28;0;tripinfo_wu_od_to_gg.24;car;1.04;
wu_ba_to_sl.18;1582.00;-230845886_0;5.10;0.00;3.16;1795.00;28706217_0;94.10;6.65;213.00;1934.94;2.00;1;0.00;23.83;0;tripinfo_wu_ba_to_sl.18;car;0.95;
wu_ns_to_sl.3;1621.00;-23142338#2_0;5.10;0.00;0.34;1797.00;28706217_0;94.10;9.71;176.00;1619.36;16.00;1;0.00;41.99;0;tripinfo_wu_ns_to_sl.3;car;1.22;
wu_as_to_ko.48;1654.00;23687583_0;5.10;0.00;0.77;1797.00;972103805_0;116.86;9.28;143.00;1102.39;16.00;1;0.00;31.81;0;tripinfo_wu_as_to_ko.48;car;0.89;
wu_as_to_ko.49;1661.00;23687583_0;5.10;0.00;0.85;1799.00;972103805_0;116.86;9.70;138.00;1102.39;16.00;2;0.00;37.16;0;tripinfo_wu_as_to_ko.49;car;0.99;
wu_as_to_gj.33;1711.00;23687583_0;5.10;0.00;5.19;1799.00;23527526_0;253.75;8.73;88.00;649.06;5.00;1;0.00;16.76;0;tripinfo_wu_as_to_gj.33;car;0.84;
wu_as_to_gj.34;1714.00;23687583_0;5.10;0.00;4.43;1801.00;23527526_0;253.75;11.74;87.00;649.06;5.00;1;0.00;35.24;0;tripinfo_wu_as_to_gj.34;car;1.16;
wu_od_to_ko.59;1498.00;803785575#0_0;5.10;0.00;0.51;1803.00;972103805_0;116.86;8.89;305.00;2307.67;5.00;2;0.00;42.58;0;tripinfo_wu_od_to_ko.59;car;0.83;
wu_od_to_ko.60;1513.00;803785575#0_0;5.10;0.00;0.82;1805.00;972103805_0;116.86;11.48;292.00;2307.67;5.00;2;0.00;90.77;0;tripinfo_wu_od_to_ko.60;car;1.09;
wu_as_to_od.17;1541.00;23687583_0;5.10;0.00;5.16;1806.00;23156030#6_0;109.07;10.40;265.00;2357.31;23.00;1;0.00;54.98;0;tripinfo_wu_as_to_od.17;car;1.01;
wu_od_to_ko.61;1522.00;803785575#0_0;5.10;0.00;3.33;1807.00;972103805_0;116.86;10.70;285.00;2307.67;3.00;2;0.00;62.64;0;tripinfo_wu_od_to_ko.61;car;0.99;
wu_as_to_gj.35;1747.00;23687583_0;5.10;0.00;3.86;1815.00;23527526_0;253.75;10.37;68.00;649.06;0.00;0;0.00;7.75;0;tripinfo_wu_as_to_gj.35;car;0.98;
wu_od_to_gg.23;1418.00;803785575#0_0;5.10;0.00;0.69;1818.00;23156305_0;1264.14;9.75;400.00;3669.96;0.00;0;0.00;32.52;0;tripinfo_wu_od_to_gg.23;car;0.91;
wu_od_to_gg.25;1432.00;803785575#0_0;5.10;0.00;0.57;1820.00;23156305_0;1264.14;10.07;388.00;3669.96;0.00;0;0.00;45.40;0;tripinfo_wu_od_to_gg.25;car;0.97;
wu_ba_to_sl.19;1637.00;-230845886_0;5.10;0.00;0.44;1821.00;28706217_0;94.10;8.40;184.00;1934.94;1.00;1;0.00;23.78;0;tripinfo_wu_ba_to_sl.19;car;1.13;
wu_ba_to_gg.16;1543.00;-230845886_0;5.10;0.00;1.24;1822.00;23156305_0;1264.14;11.02;279.00;2718.65;0.00;0;0.00;30.66;0;tripinfo_wu_ba_to_gg.16;car;1.00;
wu_ba_to_as.29;1656.00;-230845886_0;5.10;0.00;1.05;1826.00;41899283#1_0;148.70;9.64;170.00;1430.78;4.00;3;0.00;29.32;0;tripinfo_wu_ba_to_as.29;car;0.92;
wu_ns_to_as.8;1605.00;-23142338#2_0;5.10;0.00;0.34;1828.00;41899283#1_0;148.70;11.91;223.00;2009.37;14.00;2;0.00;53.42;0;tripinfo_wu_ns_to_as.8;car;1.08;
wu_od_to_os.31;1735.00;803785575#0_0;5.10;0.00;0.64;1829.00;45494495_0;58.90;10.57;94.00;969.96;0.00;0;0.00;8.93;0;tripinfo_wu_od_to_os.31;car;1.03;
wu_ns_to_gj.4;1594.00;-23142338#2_0;5.10;0.00;0.38;1830.00;23527526_0;253.75;9.80;236.00;2084.96;21.00;2;0.00;44.31;0;tripinfo_wu_ns_to_gj.4;car;0.98;
wu_od_to_ba.27;1542.00;803785575#0_0;5.10;0.00;0.60;1831.00;230845886_0;633.12;8.69;289.00;2382.14;7.00;1;0.00;33.06;0;tripinfo_wu_od_to_ba.27;car;0.84;
wu_od_to_ba.28;1562.00;803785575#0_0;5.10;0.00;1.81;1833.00;230845886_0;633.12;10.55;271.00;2382.14;7.00;1;0.00;51.84;0;tripinfo_wu_od_to_ba.28;car;0.98;
wu_od_to_ba.29;1573.00;803785575#0_0;5.10;0.00;0.87;1835.00;230845886_0;633.12;10.01;262.00;2382.14;5.00;1;0.00;48.88;0;tripinfo_wu_od_to_ba.29;car;1.01;
wu_os_to_ba.11;1642.00;-45494495_0;5.10;0.00;0.65;1836.00;230845886_0;633.12;11.25;194.00;1746.52;3.00;1;0.00;47.40;0;tripinfo_wu_os_to_ba.11;car;1.08;
wu_od_to_as.30;1559.00;803785575#0_0;5.10;0.00;0.76;1840.00;41899283#1_0;148.70;9.56;281.00;2382.09;12.00;2;0.00;45.15;0;tripinfo_wu_od_to_as.30;car;0.91;
wu_od_to_ko.62;1567.00;803785575#0_0;5.10;0.00;0.97;1840.00;972103805_0;116.86;10.31;273.00;2307.67;16.00;3;0.00;49.87;0;tripinfo_wu_od_to_ko.62;car;0.98;
wu_od_to_sl.1;1747.00;803785575#0_0;5.10;0.00;0.44;1840.00;28706217_0;94.10;6.99;93.00;747.33;0.00;0;0.00;7.92;0;tripinfo_wu_od_to_sl.1;car;0.86;
wu_od_to_ko.63;1603.00;803785575#0_0;5.10;0.00;1.44;1842.00;972103805_0;116.86;11.60;239.00;2307.67;16.00;2;0.00;45.32;0;tripinfo_wu_od_to_ko.63;car;1.14;
wu_as_to_ns.26;1604.00;23687583_0;5.10;0.00;4.66;1843.00;23142338#2_0;290.21;9.28;239.00;1995.73;14.00;3;0.00;46.89;0;tripinfo_wu_as_to_ns.26;car;0.94;
wu_ns_to_as.9;1624.00;-23142338#2_0;5.10;0.00;0.51;1848.00;41899283#1_0;148.70;11.55;224.00;2009.37;20.00;2;0.00;48.47;0;tripinfo_wu_ns_to_as.9;car;1.04;
wu_as_to_sl.29;1632.00;23687583_0;5.10;0.00;2.13;1848.00;28706217_0;94.10;8.73;216.00;1976.75;18.00;2;0.00;49.25;0;tripinfo_wu_as_to_sl.29;car;1.10;
wu_od_to_kl.22;1516.00;803785575#0_0;5.10;0.00;3.21;1849.00;28716808#1_0;754.74;8.29;333.00;2678.40;5.00;2;0.00;38.42;0;tripinfo_wu_od_to_kl.22;car;0.82;
wu_as_to_gj.36;1784.00;23687583_0;5.10;0.00;1.85;1851.00;23527526_0;253.75;11.04;67.00;649.06;0.00;0;0.00;7.91;0;tripinfo_wu_as_to_gj.36;car;1.01;
wu_ba_to_gg.17;1547.00;-230845886_0;5.10;0.00;0.17;1853.00;23156305_0;1264.14;8.90;306.00;2718.65;0.00;0;0.00;31.09;0;tripinfo_wu_ba_to_gg.17;car;0.90;
wu_ba_to_ko.56;1585.00;-230845886_0;5.10;0.00;0.87;1853.00;972103805_0;116.86;8.95;268.00;2114.29;10.00;2;0.00;39.20;0;tripinfo_wu_ba_to_ko.56;car;0.84;
wu_od_to_os.32;1764.00;803785575#0_0;5.10;0.00;1.19;1854.00;45494495_0;58.90;11.26;90.00;969.96;0.00;0;0.00;10.37;0;tripinfo_wu_od_to_os.32;car;1.11;
wu_ba_to_ko.57;1589.00;-230845886_0;5.10;0.00;0.26;1855.00;972103805_0;116.86;9.82;266.00;2114.29;5.00;1;0.00;60.49;0;tripinfo_wu_ba_to_ko.57;car;0.94;
wu_ba_to_ko.58;1633.00;-230845886_0;5.10;0.00;0.36;1857.00;972103805_0;116.86;10.39;224.00;2114.29;7.00;1;0.00;36.67;0;tripinfo_wu_ba_to_ko.58;car;1.03;
wu_od_to_os.33;1768.00;803785575#0_0;5.10;0.00;0.65;1859.00;45494495_0;58.90;10.91;91.00;969.96;0.00;0;0.00;7.89;0;tripinfo_wu_od_to_os.33;car;1.06;
wu_ba_to_gj.33;1682.00;-230845886_0;5.10;0.00;2.17;1860.00;23527526_0;253.75;12.03;178.00;1755.68;0.00;0;0.00;39.37;0;tripinfo_wu_ba_to_gj.33;car;1.14;
wu_ns_to_gg.4;1525.00;-23142338#2_0;5.10;0.00;0.74;1861.00;23156305_0;1264.14;10.34;336.00;3297.24;6.00;1;0.00;48.57;0;tripinfo_wu_ns_to_gg.4;car;1.04;
wu_od_to_as.31;1632.00;803785575#0_0;5.10;0.00;0.04;1863.00;41899283#1_0;148.70;13.11;231.00;2382.09;5.00;1;0.00;49.29;0;tripinfo_wu_od_to_as.31;car;1.18;
wu_os_to_sl.11;1796.00;-45494495_0;5.10;0.00;0.22;1865.00;28706217_0;94.10;7.50;69.00;484.95;5.00;1;0.00;15.82;0;tripinfo_wu_os_to_sl.11;car;0.92;
wu_as_to_sl.30;1636.00;23687583_0;5.10;0.00;0.89;1867.00;28706217_0;94.10;7.27;231.00;1976.75;18.00;3;0.00;52.65;0;tripinfo_wu_as_to_sl.30;car;1.03;
wu_ba_to_as.30;1691.00;-230845886_0;5.10;0.00;0.98;1867.00;41899283#1_0;148.70;11.86;176.00;1430.78;9.00;1;0.00;54.93;0;tripinfo_wu_ba_to_as.30;car;1.07;
wu_os_to_kl.7;1601.00;-45494495_0;5.10;0.00;0.77;1869.00;28716808#1_0;754.74;7.91;268.00;2042.78;4.00;2;0.00;33.22;0;tripinfo_wu_os_to_kl.7;car;0.79;
wu_ba_to_as.31;1701.00;-230845886_0;5.10;0.00;0.97;1871.00;41899283#1_0;148.70;10.62;170.00;1430.78;12.00;1;0.00;39.98;0;tripinfo_wu_ba_to_as.31;car;1.00;
wu_as_to_gj.37;1793.00;23687583_0;5.10;0.00;1.52;1871.00;23527526_0;253.75;11.23;78.00;649.06;13.00;1;0.00;24.85;0;tripinfo_wu_as_to_gj.37;car;1.11;
wu_ba_to_ko.59;1641.00;-230845886_0;5.10;0.00;0.74;1872.00;972103805_0;116.86;9.80;231.00;2114.29;0.00;0;0.00;22.77;0;tripinfo_wu_ba_to_ko.59;car;0.93;
wu_ba_to_as.32;1712.00;-230845886_0;5.10;0.00;0.90;1874.00;41899283#1_0;148.70;11.73;162.00;1430.78;9.00;1;0.00;39.83;0;tripinfo_wu_ba_to_as.32;car;1.06;
wu_os_to_ko.17;1658.00;-45494495_0;5.10;0.00;3.44;1878.00;972103805_0;116.86;11.48;220.00;2045.29;13.00;2;0.00;40.98;0;tripinfo_wu_os_to_ko.17;car;1.10;
wu_ns_to_br.3;1587.00;-23142338#2_0;5.10;0.00;0.11;1881.00;23156390_0;1121.44;9.79;294.00;2792.05;9.00;2;0.00;40.31;0;tripinfo_wu_ns_to_br.3;car;1.00;
wu_os_to_sl.12;1818.00;-45494495_0;5.10;0.00;0.67;1884.00;28706217_0;94.10;7.40;66.00;484.95;5.00;1;0.00;16.48;0;tripinfo_wu_os_to_sl.12;car;1.00;
wu_ba_to_ko.60;1662.00;-230845886_0;5.10;0.00;0.04;1888.00;972103805_0;116.86;10.93;226.00;2114.29;10.00;3;0.00;46.83;0;tripinfo_wu_ba_to_ko.60;car;1.07;
wu_os_to_ba.12;1721.00;-45494495_0;5.10;0.00;0.23;1892.00;230845886_0;633.12;10.23;171.00;1746.52;0.00;0;0.00;14.88;0;tripinfo_wu_os_to_ba.12;car;1.01;
wu_ba_to_gj.32;1679.00;-230845886_0;5.10;0.00;0.46;1893.00;23527526_0;253.75;8.49;214.00;1755.68;0.00;0;0.00;18.55;0;tripinfo_wu_ba_to_gj.32;car;0.81;
wu_ns_to_as.10;1664.00;-23142338#2_0;5.10;0.00;0.38;1895.00;41899283#1_0;148.70;8.91;231.00;2009.37;5.00;1;0.00;28.12;0;tripinfo_wu_ns_to_as.10;car;0.90;
wu_os_to_kl.8;1655.00;-45494495_0;5.10;0.00;3.58;1900.00;28716808#1_0;754.74;9.12;245.00;2042.78;6.00;1;0.00;29.86;0;tripinfo_wu_os_to_kl.8;car;0.86;
wu_ba_to_gj.34;1704.00;-230845886_0;5.10;0.00;1.71;1903.00;23527526_0;253.75;10.96;199.00;1755.68;12.00;2;0.00;41.90;0;tripinfo_wu_ba_to_gj.34;car;1.01;
wu_ba_to_ns.17;1653.00;-230845886_0;5.10;0.00;0.43;1909.00;23142338#2_0;290.21;10.39;256.00;2346.36;14.00;2;0.00;41.41;0;tripinfo_wu_ba_to_ns.17;car;0.99;
wu_ba_to_ko.61;1665.00;-230845886_0;5.10;0.00;0.98;1911.00;972103805_0;116.86;9.34;246.00;2114.29;9.00;1;0.00;33.45;0;tripinfo_wu_ba_to_ko.61;car;0.90;
wu_ba_to_gj.35;1707.00;-230845886_0;5.10;0.00;0.92;1913.00;23527526_0;253.75;9.56;206.00;1755.68;10.00;2;0.00;38.72;0;tripinfo_wu_ba_to_gj.35;car;0.95;
wu_ba_to_os.28;1740.00;-230845886_0;5.10;0.00;0.86;1913.00;45494495_0;58.90;10.81;173.00;1647.96;0.00;0;0.00;35.44;0;tripinfo_wu_ba_to_os.28;car;1.09;
wu_os_to_br.5;1645.00;-45494495_0;5.10;0.00;2.65;1914.00;23156390_0;1121.44;10.41;269.00;2513.69;13.00;3;0.00;50.35;0;tripinfo_wu_os_to_br.5;car;1.05;
wu_ba_to_gj.36;1743.00;-230845886_0;5.10;0.00;3.74;1915.00;23527526_0;253.75;12.02;172.00;1755.68;0.00;0;0.00;27.44;0;tripinfo_wu_ba_to_gj.36;car;1.10;
wu_od_to_ns.10;1685.00;803785575#0_0;5.10;0.00;0.80;1917.00;23142338#2_0;290.21;9.62;232.00;1928.29;7.00;2;0.00;40.81;0;tripinfo_wu_od_to_ns.10;car;0.97;
wu_as_to_os.31;1734.00;23687583_0;5.10;0.00;0.51;1917.00;45494495_0;58.90;10.49;183.00;1689.77;8.00;1;0.00;36.35;0;tripinfo_wu_as_to_os.31;car;1.04;
wu_os_to_gg.7;1584.00;-45494495_0;5.10;0.00;0.83;1919.00;23156305_0;1264.14;9.88;335.00;3034.34;0.00;0;0.00;27.45;0;tripinfo_wu_os_to_gg.7;car;0.90;
wu_od_to_ko.64;1649.00;803785575#0_0;5.10;0.00;0.40;1920.00;972103805_0;116.86;9.57;271.00;2307.67;12.00;2;0.00;39.98;0;tripinfo_wu_od_to_ko.64;car;0.95;
wu_os_to_br.6;1652.00;-45494495_0;5.10;0.00;1.27;1920.00;23156390_0;1121.44;11.25;268.00;2513.69;9.00;3;0.00;42.15;0;tripinfo_wu_os_to_br.6;car;1.01;
wu_ns_to_ko.43;1787.00;-23142338#2_0;5.10;0.00;0.46;1922.00;972103805_0;116.86;12.62;135.00;1398.55;6.00;2;0.00;31.96;0;tripinfo_wu_ns_to_ko.43;car;1.23;
wu_od_to_os.34;1823.00;803785575#0_0;5.10;0.00;0.93;1925.00;45494495_0;58.90;10.37;102.00;969.96;0.00;0;0.00;9.35;0;tripinfo_wu_od_to_os.34;car;0.95;
wu_ba_to_as.33;1776.00;-230845886_0;5.10;0.00;0.87;1926.00;41899283#1_0;148.70;9.99;150.00;1430.78;3.00;1;0.00;18.34;0;tripinfo_wu_ba_to_as.33;car;0.99;
wu_ba_to_os.29;1759.00;-230845886_0;5.10;0.00;0.48;1927.00;45494495_0;58.90;10.62;168.00;1647.96;0.00;0;0.00;14.40;0;tripinfo_wu_ba_to_os.29;car;0.98;
wu_os_to_as.12;1753.00;-45494495_0;5.10;0.00;0.35;1928.00;41899283#1_0;148.70;10.84;175.00;1746.47;0.00;0;0.00;18.36;0;tripinfo_wu_os_to_as.12;car;1.01;
wu_ba_to_gj.37;1767.00;-230845886_0;5.10;0.00;0.68;1929.00;23527526_0;253.75;11.23;162.00;1755.68;0.00;0;0.00;13.60;0;tripinfo_wu_ba_to_gj.37;car;1.07;
wu_os_to_od.18;1848.00;-45494495_0;5.10;0.00;0.30;1929.00;23156030#6_0;109.07;10.88;81.00;865.51;0.00;0;0.00;7.27;0;tripinfo_wu_os_to_od.18;car;1.07;
wu_as_to_sl.31;1657.00;23687583_0;5.10;0.00;1.83;1932.00;28706217_0;94.10;5.66;275.00;1976.75;14.00;2;0.00;49.72;0;tripinfo_wu_as_to_sl.31;car;0.81;
wu_ba_to_as.34;1787.00;-230845886_0;5.10;0.00;0.91;1932.00;41899283#1_0;148.70;12.56;145.00;1430.78;0.00;0;0.00;30.41;0;tripinfo_wu_ba_to_as.34;car;1.14;
wu_as_to_sl.32;1681.00;23687583_0;5.10;0.00;3.38;1934.00;28706217_0;94.10;7.11;253.00;1976.75;7.00;2;0.00;42.11;0;tripinfo_wu_as_to_sl.32;car;0.87;
wu_as_to_ko.50;1817.00;23687583_0;5.10;0.00;0.07;1937.00;972103805_0;116.86;9.34;120.00;1102.39;0.00;0;0.00;13.53;0;tripinfo_wu_as_to_ko.50;car;0.93;
wu_ns_to_ko.44;1801.00;-23142338#2_0;5.10;0.00;0.74;1939.00;972103805_0;116.86;12.31;138.00;1398.55;5.00;2;0.00;26.47;0;tripinfo_wu_ns_to_ko.44;car;1.13;
wu_as_to_sl.34;1702.00;23687583_0;5.10;0.00;0.68;1941.00;28706217_0;94.10;8.18;239.00;1976.75;5.00;3;0.00;58.47;0;tripinfo_wu_as_to_sl.34;car;1.02;
wu_od_to_ba.30;1701.00;803785575#0_0;5.10;0.00;0.15;1942.00;230845886_0;633.12;10.53;241.00;2382.14;2.00;1;0.00;23.22;0;tripinfo_wu_od_to_ba.30;car;0.99;
wu_as_to_ns.27;1708.00;23687583_0;5.10;0.00;3.71;1942.00;23142338#2_0;290.21;9.34;234.00;1995.73;15.00;2;0.00;41.39;0;tripinfo_wu_as_to_ns.27;car;0.94;
wu_as_to_sl.35;1705.00;23687583_0;5.10;0.00;0.97;1946.00;28706217_0;94.10;7.60;241.00;1976.75;1.00;1;0.00;39.45;0;tripinfo_wu_as_to_sl.35;car;0.91;
wu_os_to_as.13;1764.00;-45494495_0;5.10;0.00;0.79;1949.00;41899283#1_0;148.70;10.64;185.00;1746.47;0.00;0;0.00;19.86;0;tripinfo_wu_os_to_as.13;car;0.96;
wu_ba_to_ko.62;1688.00;-230845886_0;5.10;0.00;3.88;1951.00;972103805_0;116.86;10.17;263.00;2114.29;14.00;2;0.00;58.69;0;tripinfo_wu_ba_to_ko.62;car;0.94;
wu_ns_to_as.11;1743.00;-23142338#2_0;5.10;0.00;0.39;1951.00;41899283#1_0;148.70;10.64;208.00;2009.37;3.00;1;0.00;25.77;0;tripinfo_wu_ns_to_as.11;car;1.00;
wu_os_to_gg.8;1587.00;-45494495_0;5.10;0.00;1.35;1955.00;23156305_0;1264.14;9.03;368.00;3034.34;0.00;0;0.00;33.13;0;tripinfo_wu_os_to_gg.8;car;0.82;
wu_od_to_gg.26;1535.00;803785575#0_0;5.10;0.00;0.70;1957.00;23156305_0;1264.14;9.96;422.00;3669.96;3.00;1;0.00;62.28;0;tripinfo_wu_od_to_gg.26;car;0.93;
wu_od_to_ko.65;1662.00;803785575#0_0;5.10;0.00;0.86;1963.00;972103805_0;116.86;9.13;301.00;2307.67;9.00;3;0.00;45.26;0;tripinfo_wu_od_to_ko.65;car;0.85;
wu_as_to_sl.33;1684.00;23687583_0;5.10;0.00;4.79;1966.00;28706217_0;94.10;6.95;282.00;1976.75;21.00;5;0.00;78.67;0;tripinfo_wu_as_to_sl.33;car;0.90;
wu_od_to_ba.31;1750.00;803785575#0_0;5.10;0.00;0.93;1966.00;230845886_0;633.12;11.03;216.00;2382.14;0.00;0;0.00;16.13;0;tripinfo_wu_od_to_ba.31;car;1.08;
wu_as_to_ko.51;1820.00;23687583_0;5.10;0.00;3.04;1966.00;972103805_0;116.86;10.14;146.00;1102.39;24.00;1;0.00;38.96;0;tripinfo_wu_as_to_ko.51;car;0.93;
wu_as_to_sl.36;1737.00;23687583_0;5.10;0.00;2.39;1968.00;28706217_0;94.10;7.67;231.00;1976.75;10.00;3;0.00;59.51;0;tripinfo_wu_as_to_sl.36;car;1.07;
wu_as_to_ko.52;1826.00;23687583_0;5.10;0.00;3.81;1968.00;972103805_0;116.86;11.52;142.00;1102.39;26.00;2;0.00;50.36;0;tripinfo_wu_as_to_ko.52;car;1.09;
wu_as_to_ko.53;1840.00;23687583_0;5.10;0.00;3.87;1969.00;972103805_0;116.86;13.37;129.00;1102.39;20.00;2;0.00;49.43;0;tripinfo_wu_as_to_ko.53;car;1.28;
wu_od_to_ko.66;1668.00;803785575#0_0;5.10;0.00;0.63;1972.00;972103805_0;116.86;10.34;304.00;2307.67;14.00;3;0.00;91.12;0;tripinfo_wu_od_to_ko.66;car;1.03;
wu_as_to_gj.38;1907.00;23687583_0;5.10;0.00;0.56;1975.00;23527526_0;253.75;10.19;68.00;649.06;0.00;0;0.00;8.48;0;tripinfo_wu_as_to_gj.38;car;1.00;
wu_ba_to_as.35;1816.00;-230845886_0;5.10;0.00;3.79;1976.00;41899283#1_0;148.70;8.93;160.00;1430.78;0.00;0;0.00;15.64;0;tripinfo_wu_ba_to_as.35;car;0.90;
wu_os_to_ns.4;1784.00;-45494495_0;5.10;0.00;0.97;1979.00;23142338#2_0;290.21;12.17;195.00;1665.91;15.00;4;0.00;48.47;0;tripinfo_wu_os_to_ns.4;car;1.11;
wu_as_to_ba.22;1831.00;23687583_0;5.10;0.00;0.20;1982.00;230845886_0;633.12;10.81;151.00;1356.50;15.00;1;0.00;30.93;0;tripinfo_wu_as_to_ba.22;car;1.02;
wu_od_to_os.35;1873.00;803785575#0_0;5.10;0.00;0.84;1983.00;45494495_0;58.90;8.78;110.00;969.96;0.00;0;0.00;12.80;0;tripinfo_wu_od_to_os.35;car;0.91;
wu_ns_to_os.3;1781.00;-23142338#2_0;5.10;0.00;0.80;1984.00;45494495_0;58.90;10.95;203.00;1865.82;14.00;2;0.00;39.78;0;tripinfo_wu_ns_to_os.3;car;1.03;
wu_as_to_ba.23;1836.00;23687583_0;5.10;0.00;0.90;1984.00;230845886_0;633.12;12.36;148.00;1356.50;14.00;1;0.00;38.50;0;tripinfo_wu_as_to_ba.23;car;1.12;
wu_as_to_od.18;1723.00;23687583_0;5.10;0.00;0.26;1985.00;23156030#6_1;109.07;10.89;262.00;2357.31;7.00;1;0.00;56.44;0;tripinfo_wu_as_to_od.18;car;1.03;
wu_as_to_od.19;1740.00;23687583_0;5.10;0.00;2.40;1988.00;23156030#6_1;109.07;12.00;248.00;2357.31;7.00;2;0.00;52.51;0;tripinfo_wu_as_to_od.19;car;1.09;
wu_ba_to_od.22;1685.00;-230845886_0;5.10;0.00;2.70;1991.00;23156030#6_0;109.07;8.33;306.00;2315.50;11.00;1;0.00;38.58;0;tripinfo_wu_ba_to_od.22;car;0.78;
wu_ba_to_gj.38;1779.00;-230845886_0;5.10;0.00;1.49;1992.00;23527526_0;253.75;8.32;213.00;1755.68;0.00;0;0.00;17.01;0;tripinfo_wu_ba_to_gj.38;car;0.81;
wu_od_to_gg.27;1600.00;803785575#0_0;5.10;0.00;0.47;1995.00;23156305_0;1264.14;9.73;395.00;3669.96;6.00;1;0.00;46.74;0;tripinfo_wu_od_to_gg.27;car;0.96;
wu_as_to_od.20;1744.00;23687583_0;5.10;0.00;0.96;1997.00;23156030#6_1;109.07;10.52;253.00;2357.31;0.00;0;0.00;30.67;0;tripinfo_wu_as_to_od.20;car;0.96;
wu_os_to_as.14;1812.00;-45494495_0;5.10;0.00;0.39;1997.00;41899283#1_0;148.70;9.75;185.00;1746.47;0.00;0;0.00;16.44;0;tripinfo_wu_os_to_as.14;car;0.94;
wu_ns_to_gj.5;1610.00;-23142338#2_0;5.10;0.00;0.67;1999.00;23527526_0;253.75;9.79;389.00;2084.96;162.00;2;0.00;186.60;0;tripinfo_wu_ns_to_gj.5;car;0.93;
wu_od_to_gg.28;1652.00;803785575#0_0;5.10;0.00;0.39;1999.00;23156305_0;1264.14;11.07;347.00;3669.96;0.00;0;0.00;27.35;0;tripinfo_wu_od_to_gg.28;car;1.04;
wu_ba_to_od.23;1719.00;-230845886_0;5.10;0.00;5.84;1999.00;23156030#6_0;109.07;8.66;280.00;2315.50;5.00;2;0.00;39.89;0;tripinfo_wu_ba_to_od.23;car;0.87;
wu_as_to_ba.24;1851.00;23687583_0;5.10;0.00;9.44;1999.00;230845886_0;633.12;11.44;148.00;1356.50;10.00;2;0.00;41.23;0;tripinfo_wu_as_to_ba.24;car;1.14;
wu_ba_to_as.36;1850.00;-230845886_0;5.10;0.00;0.45;1999.00;41899283#1_0;148.70;11.75;149.00;1430.78;0.00;0;0.00;31.32;0;tripinfo_wu_ba_to_as.36;car;1.10;
wu_os_to_ko.18;1725.00;-45494495_0;5.10;0.00;0.43;2000.00;972103805_0;116.86;9.26;275.00;2045.29;23.00;4;0.00;58.79;0;tripinfo_wu_os_to_ko.18;car;0.90;
wu_os_to_as.15;1844.00;-45494495_0;5.10;0.00;1.79;2000.00;41899283#1_0;148.70;13.04;156.00;1746.47;0.00;0;0.00;27.01;0;tripinfo_wu_os_to_as.15;car;1.23;
wu_ba_to_os.30;1829.00;-230845886_0;5.10;0.00;0.72;2001.00;45494495_0;58.90;9.49;172.00;1647.96;0.00;0;0.00;13.83;0;tripinfo_wu_ba_to_os.30;car;0.95;
wu_od_to_ko.67;1740.00;803785575#0_0;5.10;0.00;0.04;2002.00;972103805_0;116.86;11.12;262.00;2307.67;6.00;1;0.00;44.78;0;tripinfo_wu_od_to_ko.67;car;1.01;
wu_as_to_kl.10;1843.00;23687583_0;5.10;0.00;2.25;2002.00;28716808#1_0;754.74;8.98;159.00;1207.92;18.00;2;0.00;37.78;0;tripinfo_wu_as_to_kl.10;car;0.90;
wu_ns_to_gj.6;1683.00;-23142338#2_0;5.10;0.00;0.48;2003.00;23527526_0;253.75;9.86;320.00;2084.96;89.00;2;0.00;114.28;0;tripinfo_wu_ns_to_gj.6;car;0.92;
wu_as_to_ns.28;1763.00;23687583_0;5.10;0.00;0.79;2011.00;23142338#2_0;290.21;9.83;248.00;1995.73;21.00;1;0.00;44.38;0;tripinfo_wu_as_to_ns.28;car;0.89;
wu_ns_to_gg.5;1689.00;-23142338#2_0;5.10;0.00;0.23;2012.00;23156305_0;1264.14;10.96;323.00;3297.24;4.00;1;0.00;43.25;0;tripinfo_wu_ns_to_gg.5;car;1.07;
wu_as_to_ns.29;1787.00;23687583_0;5.10;0.00;2.55;2013.00;23142338#2_0;290.21;10.72;226.00;1995.73;7.00;1;0.00;54.05;0;tripinfo_wu_as_to_ns.29;car;1.06;
wu_as_to_ba.25;1876.00;23687583_0;5.10;0.00;0.57;2013.00;230845886_0;633.12;10.88;137.00;1356.50;1.00;1;0.00;17.73;0;tripinfo_wu_as_to_ba.25;car;1.03;
wu_as_to_od.22;1790.00;23687583_0;5.10;0.00;4.29;2014.00;23156030#6_1;109.07;12.18;224.00;2357.31;6.00;1;0.00;33.72;0;tripinfo_wu_as_to_od.22;car;1.12;
wu_os_to_od.19;1939.00;-45494495_0;5.10;0.00;0.00;2015.00;23156030#6_1;109.07;12.06;76.00;865.51;0.00;0;0.00;10.51;0;tripinfo_wu_os_to_od.19;car;1.19;
wu_as_to_od.21;1781.00;23687583_0;5.10;0.00;0.42;2016.00;23156030#6_0;109.07;10.72;235.00;2357.31;7.00;1;0.00;26.34;0;tripinfo_wu_as_to_od.21;car;1.02;
wu_as_to_os.32;1823.00;23687583_0;5.10;0.00;2.40;2016.00;45494495_0;58.90;9.12;193.00;1689.77;4.00;2;0.00;26.12;0;tripinfo_wu_as_to_os.32;car;0.92;
wu_od_to_kl.23;1785.00;803785575#0_0;5.10;0.00;0.83;2025.00;28716808#1_0;754.74;11.43;240.00;2678.40;0.00;0;0.00;18.70;0;tripinfo_wu_od_to_kl.23;car;1.10;
wu_od_to_os.36;1928.00;803785575#0_0;5.10;0.00;4.49;2025.00;45494495_0;58.90;10.92;97.00;969.96;0.00;0;0.00;8.24;0;tripinfo_wu_od_to_os.36;car;0.99;
wu_ba_to_os.31;1865.00;-230845886_0;5.10;0.00;0.32;2031.00;45494495_0;58.90;10.06;166.00;1647.96;0.00;0;0.00;13.56;0;tripinfo_wu_ba_to_os.31;car;0.98;
wu_as_to_gg.10;1868.00;23687583_0;5.10;0.00;0.99;2033.00;23156305_0;1264.14;10.61;165.00;1600.87;5.00;1;0.00;26.06;0;tripinfo_wu_as_to_gg.10;car;1.04;
wu_ba_to_as.37;1881.00;-230845886_0;5.10;0.00;2.91;2034.00;41899283#1_0;148.70;11.43;153.00;1430.78;7.00;2;0.00;27.37;0;tripinfo_wu_ba_to_as.37;car;1.03;
wu_ns_to_gg.6;1710.00;-23142338#2_0;5.10;0.00;1.94;2035.00;23156305_0;1264.14;11.27;325.00;3297.24;8.00;1;0.00;44.09;0;tripinfo_wu_ns_to_gg.6;car;1.07;
wu_ba_to_ko.63;1810.00;-230845886_0;5.10;0.00;0.23;2037.00;972103805_0;116.86;9.52;227.00;2114.29;0.00;0;0.00;24.11;0;tripinfo_wu_ba_to_ko.63;car;0.95;
wu_ba_to_br.2;1821.00;-230845886_0;5.10;0.00;0.37;2038.00;23156390_0;1121.44;12.74;217.00;2198.00;10.00;1;0.00;45.92;0;tripinfo_wu_ba_to_br.2;car;1.17;
wu_ba_to_sl.20;1813.00;-230845886_0;5.10;0.00;2.48;2042.00;28706217_0;94.10;7.35;229.00;1934.94;27.00;1;0.00;52.08;0;tripinfo_wu_ba_to_sl.20;car;1.02;
wu_ba_to_od.24;1804.00;-230845886_0;5.10;0.00;0.02;2045.00;23156030#6_0;109.07;9.86;241.00;2315.50;0.00;0;0.00;19.07;0;tripinfo_wu_ba_to_od.24;car;0.94;
wu_od_to_gg.29;1709.00;803785575#0_0;5.10;0.00;0.42;2049.00;23156305_0;1264.14;11.67;340.00;3669.96;2.00;1;0.00;43.51;0;tripinfo_wu_od_to_gg.29;car;1.12;
wu_ba_to_gj.39;1841.00;-230845886_0;5.10;0.00;0.19;2053.00;23527526_0;253.75;8.99;212.00;1755.68;0.00;0;0.00;19.25;0;tripinfo_wu_ba_to_gj.39;car;0.83;
wu_od_to_os.37;1966.00;803785575#0_0;5.10;0.00;0.01;2053.00;45494495_0;58.90;12.04;87.00;969.96;0.00;0;0.00;9.58;0;tripinfo_wu_od_to_os.37;car;1.13;
wu_os_to_as.16;1871.00;-45494495_0;5.10;0.00;0.67;2057.00;41899283#1_0;148.70;10.06;186.00;1746.47;5.00;1;0.00;25.61;0;tripinfo_wu_os_to_as.16;car;0.99;
wu_od_to_sl.2;1973.00;803785575#0_0;5.10;0.00;0.05;2057.00;28706217_0;94.10;7.69;84.00;747.33;0.00;0;0.00;7.07;0;tripinfo_wu_od_to_sl.2;car;0.95;
wu_as_to_gj.39;2000.00;23687583_0;5.10;0.00;4.43;2063.00;23527526_0;253.75;12.47;63.00;649.06;0.00;0;0.00;11.53;0;tripinfo_wu_as_to_gj.39;car;1.16;
wu_as_to_os.33;1898.00;23687583_0;5.10;0.00;0.42;2064.00;45494495_0;58.90;10.23;166.00;1689.77;0.00;0;0.00;12.92;0;tripinfo_wu_as_to_os.33;car;1.00;
wu_ba_to_sl.21;1878.00;-230845886_0;5.10;0.00;0.36;2065.00;28706217_0;94.10;8.21;187.00;1934.94;0.00;0;0.00;17.68;0;tripinfo_wu_ba_to_sl.21;car;1.07;
wu_od_to_ba.32;1812.00;803785575#0_0;5.10;0.00;0.20;2068.00;230845886_0;633.12;9.09;256.00;2382.14;0.00;0;0.00;20.61;0;tripinfo_wu_od_to_ba.32;car;0.92;
wu_ba_to_ko.64;1853.00;-230845886_0;5.10;0.00;0.53;2068.00;972103805_0;116.86;10.98;215.00;2114.29;0.00;0;0.00;38.34;0;tripinfo_wu_ba_to_ko.64;car;1.09;
wu_ba_to_os.32;1904.00;-230845886_0;5.10;0.00;0.11;2071.00;45494495_0;58.90;10.45;167.00;1647.96;0.00;0;0.00;14.33;0;tripinfo_wu_ba_to_os.32;car;0.98;
wu_od_to_as.32;1826.00;803785575#0_0;5.10;0.00;1.87;2075.00;41899283#1_0;148.70;10.48;249.00;2382.09;7.00;1;0.00;34.43;0;tripinfo_wu_od_to_as.32;car;1.00;
wu_as_to_ko.54;1968.00;23687583_0;5.10;0.00;0.10;2077.00;972103805_0;116.86;10.17;109.00;1102.39;0.00;0;0.00;9.67;0;tripinfo_wu_as_to_ko.54;car;1.00;
wu_ba_to_as.38;1932.00;-230845886_0;5.10;0.00;0.98;2080.00;41899283#1_0;148.70;10.55;148.00;1430.78;0.00;0;0.00;17.75;0;tripinfo_wu_ba_to_as.38;car;0.99;
wu_as_to_sl.37;1858.00;23687583_0;5.10;0.00;0.02;2088.00;28706217_0;94.10;8.09;230.00;1976.75;22.00;3;0.00;61.06;0;tripinfo_wu_as_to_sl.37;car;1.09;
wu_od_to_os.39;1999.00;803785575#0_0;5.10;0.00;0.49;2088.00;45494495_0;58.90;11.82;89.00;969.96;0.00;0;0.00;12.52;0;tripinfo_wu_od_to_os.39;car;1.15;
wu_as_to_br.10;1928.00;23687583_0;5.10;0.00;3.92;2090.00;23156390_0;1121.44;10.34;162.00;1694.48;0.00;0;0.00;12.21;0;tripinfo_wu_as_to_br.10;car;1.03;
in_as_to_gj.0;2018.00;23687583_0;5.10;0.00;0.53;2090.00;23527526_0;253.75;11.34;72.00;649.06;4.00;1;0.00;14.34;0;tripinfo_in_as_to_gj.0;car;1.03;
wu_os_to_br.7;1851.00;-45494495_0;5.10;0.00;2.52;2092.00;23156390_0;1121.44;11.20;241.00;2513.69;0.00;0;0.00;25.77;0;tripinfo_wu_os_to_br.7;car;1.07;
wu_ba_to_sl.22;1884.00;-230845886_0;5.10;0.00;2.15;2092.00;28706217_0;94.10;7.32;208.00;1934.94;5.00;1;0.00;31.98;0;tripinfo_wu_ba_to_sl.22;car;1.02;
wu_od_to_os.38;1989.00;803785575#0_0;5.10;0.00;4.30;2092.00;45494495_0;58.90;10.36;103.00;969.96;1.00;1;0.00;14.29;0;tripinfo_wu_od_to_os.38;car;0.99;
wu_as_to_ns.30;1848.00;23687583_0;5.10;0.00;6.53;2094.00;23142338#2_0;290.21;10.90;246.00;1995.73;26.00;4;0.00;67.57;0;tripinfo_wu_as_to_ns.30;car;1.02;
in_as_to_gj.1;2028.00;23687583_0;5.10;0.00;1.62;2096.00;23527526_0;253.75;10.71;68.00;649.06;0.00;0;0.00;11.47;0;tripinfo_in_as_to_gj.1;car;1.04;
wu_as_to_ns.31;1861.00;23687583_0;5.10;0.00;2.34;2098.00;23142338#2_0;290.21;9.68;237.00;1995.73;17.00;2;0.00;52.98;0;tripinfo_wu_as_to_ns.31;car;0.99;
in_od_to_os.0;2009.00;803785575#0_0;5.10;0.00;4.23;2098.00;45494495_0;58.90;11.88;89.00;969.96;0.00;0;0.00;8.40;0;tripinfo_in_od_to_os.0;car;1.09;
wu_as_to_sl.38;1890.00;23687583_0;5.10;0.00;0.34;2099.00;28706217_0;94.10;7.73;209.00;1976.75;7.00;2;0.00;38.61;0;tripinfo_wu_as_to_sl.38;car;1.07;
in_od_to_os.1;2012.00;803785575#0_0;5.10;0.00;3.09;2099.00;45494495_0;58.90;12.21;87.00;969.96;0.00;0;0.00;10.64;0;tripinfo_in_od_to_os.1;car;1.14;
wu_as_to_ns.32;1879.00;23687583_0;5.10;0.00;2.19;2100.00;23142338#2_0;290.21;10.61;221.00;1995.73;9.00;1;0.00;50.81;0;tripinfo_wu_as_to_ns.32;car;1.07;
wu_as_to_ko.55;1990.00;23687583_0;5.10;0.00;0.87;2101.00;972103805_0;116.86;9.91;111.00;1102.39;0.00;0;0.00;10.90;0;tripinfo_wu_as_to_ko.55;car;1.00;
wu_ba_to_os.33;1912.00;-230845886_0;5.10;0.00;2.98;2104.00;45494495_0;58.90;12.22;192.00;1647.96;2.00;1;0.00;66.39;0;tripinfo_wu_ba_to_os.33;car;1.19;
wu_ba_to_as.39;1967.00;-230845886_0;5.10;0.00;0.15;2113.00;41899283#1_0;148.70;11.40;146.00;1430.78;0.00;0;0.00;21.45;0;tripinfo_wu_ba_to_as.39;car;1.04;
in_as_to_ko.0;2005.00;23687583_0;5.10;0.00;0.67;2113.00;972103805_0;116.86;11.11;108.00;1102.39;0.00;0;0.00;10.34;0;tripinfo_in_as_to_ko.0;car;1.02;
wu_od_to_ko.68;1835.00;803785575#0_0;5.10;0.00;0.54;2120.00;972103805_0;116.86;9.51;285.00;2307.67;9.00;2;0.00;43.45;0;tripinfo_wu_od_to_ko.68;car;0.91;
wu_os_to_ko.19;1841.00;-45494495_0;5.10;0.00;0.59;2123.00;972103805_0;116.86;9.89;282.00;2045.29;24.00;3;0.00;65.48;0;tripinfo_wu_os_to_ko.19;car;0.90;
wu_os_to_gg.9;1760.00;-45494495_0;5.10;0.00;0.58;2125.00;23156305_0;1264.14;8.62;365.00;3034.34;2.00;1;0.00;36.68;0;tripinfo_wu_os_to_gg.9;car;0.84;
wu_od_to_ko.69;1850.00;803785575#0_0;5.10;0.00;0.33;2126.00;972103805_0;116.86;9.91;276.00;2307.67;4.00;1;0.00;36.60;0;tripinfo_wu_od_to_ko.69;car;0.92;
wu_os_to_gj.7;1913.00;-45494495_0;5.10;0.00;2.30;2126.00;23527526_0;253.75;10.18;213.00;2071.37;0.00;0;0.00;17.48;0;tripinfo_wu_os_to_gj.7;car;0.96;
wu_od_to_gg.30;1761.00;803785575#0_0;5.10;0.00;0.66;2127.00;23156305_0;1264.14;10.47;366.00;3669.96;0.00;0;0.00;47.34;0;tripinfo_wu_od_to_gg.30;car;1.04;
wu_ns_to_ko.45;1990.00;-23142338#2_0;5.10;0.00;0.44;2128.00;972103805_0;116.86;11.92;138.00;1398.55;4.00;1;0.00;25.24;0;tripinfo_wu_ns_to_ko.45;car;1.12;
wu_ba_to_od.25;1900.00;-230845886_0;5.10;0.00;0.55;2131.00;23156030#6_0;109.07;10.56;231.00;2315.50;1.00;1;0.00;21.46;0;tripinfo_wu_ba_to_od.25;car;1.00;
wu_as_to_ns.33;1918.00;23687583_0;5.10;0.00;2.38;2131.00;23142338#2_0;290.21;10.04;213.00;1995.73;0.00;0;0.00;19.43;0;tripinfo_wu_as_to_ns.33;car;0.94;
in_as_to_kl.0;2015.00;23687583_0;5.10;0.00;0.93;2135.00;28716808#1_0;754.74;11.22;120.00;1207.92;0.00;0;0.00;14.56;0;tripinfo_in_as_to_kl.0;car;1.04;
wu_od_to_ko.70;1853.00;803785575#0_0;5.10;0.00;1.93;2142.00;972103805_0;116.86;12.35;289.00;2307.67;31.00;3;0.00;91.83;0;tripinfo_wu_od_to_ko.70;car;1.12;
wu_as_to_os.34;1955.00;23687583_0;5.10;0.00;0.05;2144.00;45494495_0;58.90;9.35;189.00;1689.77;0.00;0;0.00;18.03;0;tripinfo_wu_as_to_os.34;car;0.89;
in_od_to_os.2;2046.00;803785575#0_0;5.10;0.00;8.30;2146.00;45494495_0;58.90;10.97;100.00;969.96;0.00;0;0.00;18.66;0;tripinfo_in_od_to_os.2;car;1.09;
in_as_to_gj.2;2081.00;23687583_0;5.10;0.00;4.32;2146.00;23527526_0;253.75;11.26;65.00;649.06;0.00;0;0.00;8.93;0;tripinfo_in_as_to_gj.2;car;1.06;
wu_ba_to_os.34;1963.00;-230845886_0;5.10;0.00;0.33;2148.00;45494495_0;58.90;9.37;185.00;1647.96;0.00;0;0.00;19.42;0;tripinfo_wu_ba_to_os.34;car;0.90;
in_od_to_os.3;2049.00;803785575#0_0;5.10;0.00;11.26;2156.00;45494495_0;58.90;9.46;107.00;969.96;0.00;0;0.00;8.97;0;tripinfo_in_od_to_os.3;car;0.90;
in_od_to_os.4;2067.00;803785575#0_0;5.10;0.00;12.53;2160.00;45494495_0;58.90;11.13;93.00;969.96;0.00;0;0.00;10.55;0;tripinfo_in_od_to_os.4;car;1.07;
wu_ns_to_ko.46;2007.00;-23142338#2_0;5.10;0.00;0.67;2163.00;972103805_0;116.86;10.21;156.00;1398.55;10.00;1;0.00;26.61;0;tripinfo_wu_ns_to_ko.46;car;0.97;
in_ns_to_ko.0;2023.00;-23142338#2_0;5.10;0.00;0.72;2168.00;972103805_0;116.86;9.62;145.00;1398.55;0.00;0;0.00;12.93;0;tripinfo_in_ns_to_ko.0;car;0.95;
wu_os_to_gj.8;1942.00;-45494495_0;5.10;0.00;2.42;2169.00;23527526_0;253.75;9.11;227.00;2071.37;0.00;0;0.00;23.09;0;tripinfo_wu_os_to_gj.8;car;0.92;
wu_ba_to_ko.65;1919.00;-230845886_0;5.10;0.00;0.85;2176.00;972103805_0;116.86;8.14;257.00;2114.29;6.00;1;0.00;29.39;0;tripinfo_wu_ba_to_ko.65;car;0.84;
in_as_to_gj.3;2105.00;23687583_0;5.10;0.00;1.17;2178.00;23527526_0;253.75;10.90;73.00;649.06;0.00;0;0.00;13.51;0;tripinfo_in_as_to_gj.3;car;1.01;
in_as_to_ko.1;2063.00;23687583_0;5.10;0.00;9.06;2180.00;972103805_0;116.86;9.19;117.00;1102.39;0.00;0;0.00;10.51;0;tripinfo_in_as_to_ko.1;car;0.94;
in_os_to_od.1;2110.00;-45494495_0;5.10;0.00;2.07;2180.00;23156030#6_1;109.07;13.48;70.00;865.51;0.00;0;0.00;6.28;0;tripinfo_in_os_to_od.1;car;1.22;
in_as_to_ko.2;2072.00;23687583_0;5.10;0.00;9.56;2182.00;972103805_0;116.86;11.10;110.00;1102.39;0.00;0;0.00;12.28;0;tripinfo_in_as_to_ko.2;car;1.03;
wu_od_to_kl.24;1890.00;803785575#0_0;5.10;0.00;0.66;2183.00;28716808#1_0;754.74;10.28;293.00;2678.40;8.00;2;0.00;50.89;0;tripinfo_wu_od_to_kl.24;car;1.00;
wu_ba_to_od.26;1909.00;-230845886_0;5.10;0.00;0.10;2183.00;23156030#6_0;109.07;9.35;274.00;2315.50;1.00;1;0.00;25.53;0;tripinfo_wu_ba_to_od.26;car;0.84;
wu_ba_to_ko.66;1922.00;-230845886_0;5.10;0.00;1.99;2185.00;972103805_0;116.86;9.41;263.00;2114.29;8.00;2;0.00;54.12;0;tripinfo_wu_ba_to_ko.66;car;0.92;
in_as_to_ba.0;2034.00;23687583_0;5.10;0.00;0.04;2186.00;230845886_0;633.12;9.36;152.00;1356.50;0.00;0;0.00;13.61;0;tripinfo_in_as_to_ba.0;car;0.89;
in_od_to_os.5;2082.00;803785575#0_0;5.10;0.00;17.10;2186.00;45494495_0;58.90;10.43;104.00;969.96;0.00;0;0.00;11.75;0;tripinfo_in_od_to_os.5;car;0.95;
wu_ba_to_ko.67;1979.00;-230845886_0;5.10;0.00;0.47;2187.00;972103805_0;116.86;11.51;208.00;2114.29;1.00;1;0.00;30.47;0;tripinfo_wu_ba_to_ko.67;car;1.08;
in_os_to_od.0;2092.00;-45494495_0;5.10;0.00;1.44;2187.00;23156030#6_0;109.07;8.75;95.00;865.51;0.00;0;0.00;8.08;0;tripinfo_in_os_to_od.0;car;0.90;
wu_ba_to_sl.23;1887.00;-230845886_0;5.10;0.00;0.74;2189.00;28706217_0;94.10;7.64;302.00;1934.94;70.00;3;0.00;118.04;0;tripinfo_wu_ba_to_sl.23;car;0.98;
in_ns_to_ko.1;2040.00;-23142338#2_0;5.10;0.00;0.71;2189.00;972103805_0;116.86;10.67;149.00;1398.55;3.00;2;0.00;26.70;0;tripinfo_in_ns_to_ko.1;car;1.03;
wu_od_to_ko.71;1922.00;803785575#0_0;5.10;0.00;0.70;2191.00;972103805_0;116.86;10.86;269.00;2307.67;19.00;2;0.00;50.41;0;tripinfo_wu_od_to_ko.71;car;1.00;
wu_od_to_ba.33;1936.00;803785575#0_0;5.10;0.00;0.08;2191.00;230845886_0;633.12;10.61;255.00;2382.14;14.00;1;0.00;49.26;0;tripinfo_wu_od_to_ba.33;car;1.05;
in_od_to_os.7;2100.00;803785575#0_0;5.10;0.00;19.89;2191.00;45494495_0;58.90;10.63;91.00;969.96;0.00;0;0.00;8.63;0;tripinfo_in_od_to_os.7;car;1.06;
wu_od_to_ko.72;1925.00;803785575#0_0;5.10;0.00;3.41;2193.00;972103805_0;116.86;12.35;268.00;2307.67;17.00;2;0.00;76.80;0;tripinfo_wu_od_to_ko.72;car;1.15;
in_ba_to_as.0;2029.00;-230845886_0;5.10;0.00;2.02;2193.00;41899283#1_0;148.70;9.82;164.00;1430.78;9.00;1;0.00;27.10;0;tripinfo_in_ba_to_as.0;car;0.94;
in_ba_to_as.1;2038.00;-230845886_0;5.10;0.00;2.44;2195.00;41899283#1_0;148.70;9.84;157.00;1430.78;2.00;1;0.00;27.43;0;tripinfo_in_ba_to_as.1;car;1.00;
in_od_to_os.6;2097.00;803785575#0_0;5.10;0.00;20.24;2196.00;45494495_0;58.90;9.88;99.00;969.96;0.00;0;0.00;8.86;0;tripinfo_in_od_to_os.6;car;0.97;
in_od_to_ns.0;2003.00;803785575#0_0;5.10;0.00;0.25;2197.00;23142338#2_0;290.21;11.88;194.00;1928.29;10.00;2;0.00;34.32;0;tripinfo_in_od_to_ns.0;car;1.17;
in_as_to_os.0;2012.00;23687583_0;5.10;0.00;0.02;2206.00;45494495_0;58.90;9.49;194.00;1689.77;0.00;0;0.00;25.39;0;tripinfo_in_as_to_os.0;car;0.91;
in_ba_to_as.2;2047.00;-230845886_0;5.10;0.00;2.20;2206.00;41899283#1_0;148.70;11.21;159.00;1430.78;0.00;0;0.00;35.87;0;tripinfo_in_ba_to_as.2;car;1.05;
in_ba_to_os.0;2026.00;-230845886_0;5.10;0.00;2.11;2207.00;45494495_0;58.90;11.17;181.00;1647.96;0.00;0;0.00;61.11;0;tripinfo_in_ba_to_os.0;car;1.24;
in_ba_to_as.3;2050.00;-230845886_0;5.10;0.00;0.95;2208.00;41899283#1_0;148.70;11.63;158.00;1430.78;0.00;0;0.00;38.45;0;tripinfo_in_ba_to_as.3;car;1.09;
wu_od_to_ko.73;1933.00;803785575#0_0;5.10;0.00;0.25;2209.00;972103805_0;116.86;8.97;276.00;2307.67;0.00;0;0.00;25.62;0;tripinfo_wu_od_to_ko.73;car;0.88;
in_od_to_os.9;2118.00;803785575#0_0;5.10;0.00;26.61;2209.00;45494495_0;58.90;11.66;91.00;969.96;0.00;0;0.00;10.74;0;tripinfo_in_od_to_os.9;car;1.09;
in_as_to_gg.0;2022.00;23687583_0;5.10;0.00;0.24;2211.00;23156305_0;1264.14;8.88;189.00;1600.87;0.00;0;0.00;19.22;0;tripinfo_in_as_to_gg.0;car;0.85;
in_ns_to_ko.2;2061.00;-23142338#2_0;5.10;0.00;1.93;2211.00;972103805_0;116.86;12.03;150.00;1398.55;1.00;1;0.00;36.20;0;tripinfo_in_ns_to_ko.2;car;1.12;
in_os_to_od.2;2119.00;-45494495_0;5.10;0.00;4.11;2212.00;23156030#6_0;109.07;9.60;93.00;865.51;0.00;0;0.00;13.42;0;tripinfo_in_os_to_od.2;car;0.98;
wu_od_to_gg.31;1876.00;803785575#0_0;5.10;0.00;0.01;2213.00;23156305_0;1264.14;11.01;337.00;3669.96;0.00;0;0.00;31.32;0;tripinfo_wu_od_to_gg.31;car;1.09;
wu_os_to_ba.13;2010.00;-45494495_0;5.10;0.00;0.68;2214.00;230845886_0;633.12;9.13;204.00;1746.52;10.00;2;0.00;32.30;0;tripinfo_wu_os_to_ba.13;car;0.92;
in_as_to_os.1;2025.00;23687583_0;5.10;0.00;0.56;2214.00;45494495_0;58.90;11.31;189.00;1689.77;1.00;1;0.00;40.33;0;tripinfo_in_as_to_os.1;car;1.03;
in_as_to_ko.3;2093.00;23687583_0;5.10;0.00;2.03;2214.00;972103805_0;116.86;10.68;121.00;1102.39;3.00;1;0.00;17.70;0;tripinfo_in_as_to_ko.3;car;0.96;
in_as_to_ba.1;2075.00;23687583_0;5.10;0.00;8.27;2216.00;230845886_0;633.12;12.05;141.00;1356.50;1.00;1;0.00;37.91;0;tripinfo_in_as_to_ba.1;car;1.19;
in_as_to_ko.4;2102.00;23687583_0;5.10;0.00;0.13;2216.00;972103805_0;116.86;11.61;114.00;1102.39;0.00;0;0.00;20.78;0;tripinfo_in_as_to_ko.4;car;1.07;
in_od_to_os.8;2112.00;803785575#0_0;5.10;0.00;22.09;2217.00;45494495_0;58.90;10.33;105.00;969.96;0.00;0;0.00;11.42;0;tripinfo_in_od_to_os.8;car;0.94;
wu_od_to_ko.74;1946.00;803785575#0_0;5.10;0.00;0.77;2218.00;972103805_0;116.86;11.96;272.00;2307.67;13.00;2;0.00;75.88;0;tripinfo_wu_od_to_ko.74;car;1.12;
wu_od_to_ko.75;1951.00;803785575#0_0;5.10;0.00;0.09;2222.00;972103805_0;116.86;10.43;271.00;2307.67;8.00;2;0.00;46.64;0;tripinfo_wu_od_to_ko.75;car;0.98;
wu_ba_to_od.27;1938.00;-230845886_0;5.10;0.00;0.14;2223.00;23156030#6_0;109.07;7.90;285.00;2315.50;0.00;0;0.00;24.02;0;tripinfo_wu_ba_to_od.27;car;0.80;
wu_od_to_ko.76;1983.00;803785575#0_0;5.10;0.00;0.78;2223.00;972103805_0;116.86;11.51;240.00;2307.67;1.00;1;0.00;36.33;0;tripinfo_wu_od_to_ko.76;car;1.08;
in_ba_to_gj.0;2041.00;-230845886_0;5.10;0.00;4.65;2224.00;23527526_0;253.75;10.50;183.00;1755.68;0.00;0;0.00;26.12;0;tripinfo_in_ba_to_gj.0;car;1.01;
wu_as_to_od.23;1971.00;23687583_0;5.10;0.00;1.40;2225.00;23156030#6_0;109.07;10.24;254.00;2357.31;7.00;1;0.00;30.95;0;tripinfo_wu_as_to_od.23;car;0.95;
wu_as_to_sl.39;1915.00;23687583_0;5.10;0.00;0.92;2226.00;28706217_0;94.10;8.74;311.00;1976.75;105.00;3;0.00;145.75;0;tripinfo_wu_as_to_sl.39;car;1.11;
wu_od_to_as.33;1986.00;803785575#0_0;5.10;0.00;3.05;2226.00;41899283#1_0;148.70;11.23;240.00;2382.09;0.00;0;0.00;32.40;0;tripinfo_wu_od_to_as.33;car;1.04;
in_as_to_ba.2;2084.00;23687583_0;5.10;0.00;2.48;2231.00;230845886_0;633.12;10.28;147.00;1356.50;7.00;1;0.00;25.11;0;tripinfo_in_as_to_ba.2;car;1.00;
in_os_to_as.0;2059.00;-45494495_0;5.10;0.00;0.77;2235.00;41899283#1_0;148.70;10.51;176.00;1746.47;0.00;0;0.00;15.36;0;tripinfo_in_os_to_as.0;car;0.99;
in_od_to_as.0;2006.00;803785575#0_0;5.10;0.00;2.92;2237.00;41899283#1_0;148.70;10.75;231.00;2382.09;0.00;0;0.00;27.95;0;tripinfo_in_od_to_as.0;car;1.06;
in_ns_to_ko.3;2067.00;-23142338#2_0;5.10;0.00;4.74;2237.00;972103805_0;116.86;9.76;170.00;1398.55;4.00;1;0.00;34.39;0;tripinfo_in_ns_to_ko.3;car;0.93;
in_as_to_ko.5;2114.00;23687583_0;5.10;0.00;0.78;2239.00;972103805_0;116.86;11.37;125.00;1102.39;13.00;1;0.00;27.77;0;tripinfo_in_as_to_ko.5;car;1.03;
in_as_to_ko.6;2131.00;23687583_0;5.10;0.00;2.49;2242.00;972103805_0;116.86;10.82;111.00;1102.39;0.00;0;0.00;10.48;0;tripinfo_in_as_to_ko.6;car;0.99;
in_od_to_os.10;2136.00;803785575#0_0;5.10;0.00;30.82;2244.00;45494495_0;58.90;9.42;108.00;969.96;0.00;0;0.00;9.12;0;tripinfo_in_od_to_os.10;car;0.89;
in_as_to_ko.7;2138.00;23687583_0;5.10;0.00;1.98;2244.00;972103805_0;116.86;11.45;106.00;1102.39;0.00;0;0.00;12.78;0;tripinfo_in_as_to_ko.7;car;1.07;
in_os_to_ns.0;2025.00;-45494495_0;5.10;0.00;4.76;2245.00;23142338#2_0;290.21;9.86;220.00;1665.91;18.00;4;0.00;52.75;0;tripinfo_in_os_to_ns.0;car;0.97;
in_od_to_ns.1;2019.00;803785575#0_0;5.10;0.00;1.85;2247.00;23142338#2_0;290.21;10.08;228.00;1928.29;1.00;1;0.00;46.12;0;tripinfo_in_od_to_ns.1;car;1.02;
wu_ba_to_ko.68;1999.00;-230845886_0;5.10;0.00;0.18;2248.00;972103805_0;116.86;9.87;249.00;2114.29;9.00;2;0.00;42.15;0;tripinfo_wu_ba_to_ko.68;car;0.93;
in_as_to_os.2;2045.00;23687583_0;5.10;0.00;0.01;2248.00;45494495_0;58.90;8.91;203.00;1689.77;3.00;2;0.00;28.66;0;tripinfo_in_as_to_os.2;car;0.87;
in_ba_to_ko.0;2017.00;-230845886_0;5.10;0.00;0.92;2250.00;972103805_0;116.86;11.02;233.00;2114.29;9.00;3;0.00;57.59;0;tripinfo_in_ba_to_ko.0;car;1.10;
in_ns_to_as.0;2030.00;-23142338#2_0;5.10;0.00;0.85;2250.00;41899283#1_0;148.70;11.14;220.00;2009.37;8.00;2;0.00;48.26;0;tripinfo_in_ns_to_as.0;car;1.07;
in_as_to_kl.1;2129.00;23687583_0;5.10;0.00;0.85;2251.00;28716808#1_0;754.74;11.42;122.00;1207.92;0.00;0;0.00;17.05;0;tripinfo_in_as_to_kl.1;car;1.05;
in_ba_to_ko.1;2023.00;-230845886_0;5.10;0.00;0.18;2252.00;972103805_0;116.86;11.26;229.00;2114.29;8.00;1;0.00;53.31;0;tripinfo_in_ba_to_ko.1;car;1.10;
in_os_to_ba.0;2083.00;-45494495_0;5.10;0.00;0.70;2253.00;230845886_0;633.12;12.07;170.00;1746.52;0.00;0;0.00;35.62;0;tripinfo_in_os_to_ba.0;car;1.18;
in_as_to_os.3;2066.00;23687583_0;5.10;0.00;6.15;2254.00;45494495_0;58.90;10.24;188.00;1689.77;7.00;1;0.00;36.67;0;tripinfo_in_as_to_os.3;car;1.01;
in_ns_to_ko.4;2070.00;-23142338#2_0;5.10;0.00;7.63;2256.00;972103805_0;116.86;9.75;186.00;1398.55;12.00;2;0.00;44.20;0;tripinfo_in_ns_to_ko.4;car;0.89;
in_ns_to_ko.5;2073.00;-23142338#2_0;5.10;0.00;0.14;2258.00;972103805_0;116.86;9.20;185.00;1398.55;10.00;2;0.00;47.79;0;tripinfo_in_ns_to_ko.5;car;0.92;
in_ns_to_ko.6;2076.00;-23142338#2_0;5.10;0.00;0.84;2260.00;972103805_0;116.86;11.47;184.00;1398.55;9.00;2;0.00;69.60;0;tripinfo_in_ns_to_ko.6;car;1.10;
in_ba_to_ko.2;2035.00;-230845886_0;5.10;0.00;2.86;2264.00;972103805_0;116.86;11.69;229.00;2114.29;16.00;2;0.00;61.66;0;tripinfo_in_ba_to_ko.2;car;1.15;
wu_ba_to_sl.24;1915.00;-230845886_0;5.10;0.00;0.10;2266.00;28706217_0;94.10;7.13;351.00;1934.94;106.00;4;0.00;157.65;0;tripinfo_wu_ba_to_sl.24;car;0.93;
in_ba_to_as.4;2098.00;-230845886_0;5.10;0.00;0.41;2266.00;41899283#1_0;148.70;8.78;168.00;1430.78;6.00;1;0.00;22.65;0;tripinfo_in_ba_to_as.4;car;0.89;
in_od_to_ba.0;2025.00;803785575#0_0;5.10;0.00;0.02;2268.00;230845886_0;633.12;10.12;243.00;2382.14;0.00;0;0.00;25.04;0;tripinfo_in_od_to_ba.0;car;0.99;
in_ba_to_gj.1;2059.00;-230845886_0;5.10;0.00;1.58;2268.00;23527526_0;253.75;8.44;209.00;1755.68;1.00;1;0.00;24.47;0;tripinfo_in_ba_to_gj.1;car;0.86;
in_os_to_sl.0;2113.00;-45494495_0;5.10;0.00;3.73;2268.00;28706217_0;94.10;8.63;155.00;484.95;87.00;4;0.00;113.07;0;tripinfo_in_os_to_sl.0;car;1.17;
wu_os_to_br.8;1998.00;-45494495_0;5.10;0.00;0.64;2269.00;23156390_0;1121.44;11.01;271.00;2513.69;14.00;2;0.00;54.40;0;tripinfo_wu_os_to_br.8;car;1.06;
in_ns_to_as.1;2049.00;-23142338#2_0;5.10;0.00;0.63;2269.00;41899283#1_0;148.70;11.28;220.00;2009.37;11.00;2;0.00;43.59;0;tripinfo_in_ns_to_as.1;car;1.04;
in_od_to_os.11;2169.00;803785575#0_0;5.10;0.00;15.72;2271.00;45494495_0;58.90;11.07;102.00;969.96;0.00;0;0.00;13.75;0;tripinfo_in_od_to_os.11;car;1.00;
in_ns_to_ko.7;2079.00;-23142338#2_0;5.10;0.00;2.03;2273.00;972103805_0;116.86;11.06;194.00;1398.55;24.00;4;0.00;70.58;0;tripinfo_in_ns_to_ko.7;car;1.03;
in_ns_to_ko.8;2082.00;-23142338#2_0;5.10;0.00;2.53;2277.00;972103805_0;116.86;10.03;195.00;1398.55;15.00;2;0.00;58.07;0;tripinfo_in_ns_to_ko.8;car;0.92;
in_ns_to_ko.9;2090.00;-23142338#2_0;5.10;0.00;0.86;2279.00;972103805_0;116.86;11.40;189.00;1398.55;16.00;3;0.00;67.67;0;tripinfo_in_ns_to_ko.9;car;1.04;
in_as_to_kl.2;2147.00;23687583_0;5.10;0.00;0.57;2279.00;28716808#1_0;754.74;10.06;132.00;1207.92;0.00;0;0.00;11.00;0;tripinfo_in_as_to_kl.2;car;0.91;
in_ba_to_sl.0;2002.00;-230845886_0;5.10;0.00;0.16;2281.00;28706217_0;94.10;6.59;279.00;1934.94;21.00;1;0.00;52.18;0;tripinfo_in_ba_to_sl.0;car;0.79;
in_ns_to_ko.10;2103.00;-23142338#2_0;5.10;0.00;6.16;2282.00;972103805_0;116.86;11.68;179.00;1398.55;16.00;3;0.00;66.13;0;tripinfo_in_ns_to_ko.10;car;1.12;
in_as_to_gj.4;2184.00;23687583_0;5.10;0.00;2.03;2282.00;23527526_0;253.75;8.90;98.00;649.06;14.00;1;0.00;27.00;0;tripinfo_in_as_to_gj.4;car;0.83;
wu_ba_to_sl.25;2020.00;-230845886_0;5.10;0.00;3.46;2283.00;28706217_0;94.10;6.98;263.00;1934.94;23.00;2;0.00;78.49;0;tripinfo_wu_ba_to_sl.25;car;0.98;
in_os_to_sl.1;2188.00;-45494495_0;5.10;0.00;0.47;2285.00;28706217_0;94.10;7.57;97.00;484.95;21.00;1;0.00;49.89;0;tripinfo_in_os_to_sl.1;car;1.05;
in_ba_to_gj.2;2104.00;-230845886_0;5.10;0.00;3.55;2289.00;23527526_0;253.75;10.24;185.00;1755.68;0.00;0;0.00;30.12;0;tripinfo_in_ba_to_gj.2;car;1.03;
in_ns_to_ko.11;2124.00;-23142338#2_0;5.10;0.00;3.30;2290.00;972103805_0;116.86;9.62;166.00;1398.55;5.00;2;0.00;29.49;0;tripinfo_in_ns_to_ko.11;car;0.93;
in_as_to_ns.0;2057.00;23687583_0;5.10;0.00;5.32;2292.00;23142338#2_0;290.21;8.82;235.00;1995.73;4.00;1;0.00;27.92;0;tripinfo_in_as_to_ns.0;car;0.88;
in_as_to_ns.1;2060.00;23687583_0;5.10;0.00;8.13;2294.00;23142338#2_0;290.21;10.36;234.00;1995.73;11.00;2;0.00;45.01;0;tripinfo_in_as_to_ns.1;car;0.96;
in_ba_to_as.5;2107.00;-230845886_0;5.10;0.00;5.92;2297.00;41899283#1_0;148.70;7.30;190.00;1430.78;0.00;0;0.00;18.36;0;tripinfo_in_ba_to_as.5;car;0.75;
in_ba_to_ko.3;2044.00;-230845886_0;5.10;0.00;7.42;2298.00;972103805_0;116.86;9.25;254.00;2114.29;0.00;0;0.00;24.62;0;tripinfo_in_ba_to_ko.3;car;0.84;
in_od_to_ns.2;2055.00;803785575#0_0;5.10;0.00;8.10;2299.00;23142338#2_0;290.21;9.11;244.00;1928.29;13.00;2;0.00;41.20;0;tripinfo_in_od_to_ns.2;car;0.91;
in_as_to_ko.8;2159.00;23687583_0;5.10;0.00;0.89;2300.00;972103805_0;116.86;10.11;141.00;1102.39;22.00;2;0.00;38.26;0;tripinfo_in_as_to_ko.8;car;0.97;
in_ba_to_sl.1;2032.00;-230845886_0;5.10;0.00;2.50;2302.00;28706217_0;94.10;9.35;270.00;1934.94;41.00;4;0.00;119.94;0;tripinfo_in_ba_to_sl.1;car;1.20;
in_as_to_ko.9;2172.00;23687583_0;5.10;0.00;2.63;2302.00;972103805_0;116.86;13.63;130.00;1102.39;21.00;2;0.00;50.16;0;tripinfo_in_as_to_ko.9;car;1.29;
in_as_to_gj.5;2217.00;23687583_0;5.10;0.00;0.95;2302.00;23527526_0;253.75;10.94;85.00;649.06;17.00;1;0.00;29.35;0;tripinfo_in_as_to_gj.5;car;1.06;
in_ba_to_as.6;2122.00;-230845886_0;5.10;0.00;7.68;2303.00;41899283#1_0;148.70;8.79;181.00;1430.78;0.00;0;0.00;31.35;0;tripinfo_in_ba_to_as.6;car;0.87;
in_as_to_ko.10;2175.00;23687583_0;5.10;0.00;4.61;2304.00;972103805_0;116.86;11.23;129.00;1102.39;13.00;2;0.00;33.68;0;tripinfo_in_as_to_ko.10;car;1.05;
in_ns_to_os.0;2100.00;-23142338#2_0;5.10;0.00;4.10;2305.00;45494495_0;58.90;10.14;205.00;1865.82;6.00;2;0.00;37.10;0;tripinfo_in_ns_to_os.0;car;1.00;
in_ba_to_as.7;2136.00;-230845886_0;5.10;0.00;0.05;2305.00;41899283#1_0;148.70;10.13;169.00;1430.78;0.00;0;0.00;32.21;0;tripinfo_in_ba_to_as.7;car;0.95;
in_as_to_ba.3;2155.00;23687583_0;5.10;0.00;0.12;2306.00;230845886_0;633.12;10.21;151.00;1356.50;7.00;1;0.00;21.75;0;tripinfo_in_as_to_ba.3;car;0.95;
in_as_to_od.0;2052.00;23687583_0;5.10;0.00;0.67;2307.00;23156030#6_0;109.07;11.60;255.00;2357.31;3.00;2;0.00;53.63;0;tripinfo_in_as_to_od.0;car;1.06;
in_as_to_ko.11;2178.00;23687583_0;5.10;0.00;2.60;2307.00;972103805_0;116.86;9.45;129.00;1102.39;3.00;1;0.00;23.66;0;tripinfo_in_as_to_ko.11;car;0.94;
wu_ns_to_gg.7;1899.00;-23142338#2_0;5.10;0.00;0.35;2308.00;23156305_0;1264.14;8.27;409.00;3297.24;3.00;1;0.00;42.08;0;tripinfo_wu_ns_to_gg.7;car;0.82;
wu_os_to_gg.10;1945.00;-45494495_0;5.10;0.00;1.37;2310.00;23156305_0;1264.14;9.00;365.00;3034.34;7.00;1;0.00;46.45;0;tripinfo_wu_os_to_gg.10;car;0.87;
in_ba_to_kl.0;2116.00;-230845886_0;5.10;0.00;11.44;2310.00;28716808#1_0;754.74;11.08;194.00;1727.09;0.00;0;0.00;44.14;0;tripinfo_in_ba_to_kl.0;car;1.05;
in_ns_to_ko.12;2127.00;-23142338#2_0;5.10;0.00;5.14;2311.00;972103805_0;116.86;9.96;184.00;1398.55;20.00;4;0.00;48.34;0;tripinfo_in_ns_to_ko.12;car;0.93;
wu_od_to_gg.32;1887.00;803785575#0_0;5.10;0.00;0.15;2312.00;23156305_0;1264.14;9.16;425.00;3669.96;6.00;1;0.00;62.48;0;tripinfo_wu_od_to_gg.32;car;0.92;
in_ns_to_ko.13;2134.00;-23142338#2_0;5.10;0.00;9.00;2313.00;972103805_0;116.86;11.36;179.00;1398.55;16.00;4;0.00;60.56;0;tripinfo_in_ns_to_ko.13;car;1.07;
wu_os_to_gg.11;1955.00;-45494495_0;5.10;0.00;0.77;2314.00;23156305_0;1264.14;11.89;359.00;3034.34;9.00;3;0.00;117.78;0;tripinfo_wu_os_to_gg.11;car;1.14;
in_od_to_ko.0;2052.00;803785575#0_0;5.10;0.00;13.03;2315.00;972103805_0;116.86;11.14;263.00;2307.67;13.00;4;0.00;57.59;0;tripinfo_in_od_to_ko.0;car;1.07;
in_ba_to_as.8;2154.00;-230845886_0;5.10;0.00;2.36;2316.00;41899283#1_0;148.70;10.63;162.00;1430.78;0.00;0;0.00;36.82;0;tripinfo_in_ba_to_as.8;car;1.03;
wu_od_to_kl.25;2034.00;803785575#0_0;5.10;0.00;0.78;2318.00;28716808#1_0;754.74;12.00;284.00;2678.40;0.00;0;0.00;61.14;0;tripinfo_wu_od_to_kl.25;car;1.09;
in_ba_to_ko.4;2053.00;-230845886_0;5.10;0.00;0.51;2320.00;972103805_0;116.86;8.67;267.00;2114.29;13.00;2;0.00;47.76;0;tripinfo_in_ba_to_ko.4;car;0.88;
in_ba_to_ko.5;2056.00;-230845886_0;5.10;0.00;0.61;2322.00;972103805_0;116.86;11.21;266.00;2114.29;12.00;2;0.00;84.87;0;tripinfo_in_ba_to_ko.5;car;1.06;
in_ba_to_ko.6;2095.00;-230845886_0;5.10;0.00;0.84;2324.00;972103805_0;116.86;9.63;229.00;2114.29;1.00;1;0.00;29.39;0;tripinfo_in_ba_to_ko.6;car;0.96;
in_ba_to_as.9;2175.00;-230845886_0;5.10;0.00;2.33;2324.00;41899283#1_0;148.70;12.67;149.00;1430.78;2.00;1;0.00;40.45;0;tripinfo_in_ba_to_as.9;car;1.20;
in_as_to_ba.4;2181.00;23687583_0;5.10;0.00;3.64;2324.00;230845886_0;633.12;9.84;143.00;1356.50;0.00;0;0.00;14.93;0;tripinfo_in_as_to_ba.4;car;0.96;
in_os_to_br.0;2020.00;-45494495_0;5.10;0.00;0.39;2328.00;23156390_0;1121.44;8.53;308.00;2513.69;3.00;2;0.00;38.10;0;tripinfo_in_os_to_br.0;car;0.85;
in_as_to_gj.6;2243.00;23687583_0;5.10;0.00;0.15;2329.00;23527526_0;253.75;8.20;86.00;649.06;0.00;0;0.00;11.96;0;tripinfo_in_as_to_gj.6;car;0.80;
in_os_to_br.1;2071.00;-45494495_0;5.10;0.00;0.75;2330.00;23156390_0;1121.44;11.15;259.00;2513.69;0.00;0;0.00;49.58;0;tripinfo_in_os_to_br.1;car;1.09;
in_os_to_br.2;2078.00;-45494495_0;5.10;0.00;0.11;2331.00;23156390_0;1121.44;12.24;253.00;2513.69;0.00;0;0.00;48.98;0;tripinfo_in_os_to_br.2;car;1.12;
wu_ns_to_gg.8;1917.00;-23142338#2_0;5.10;0.00;0.32;2332.00;23156305_0;1264.14;7.70;415.00;3297.24;0.00;0;0.00;40.47;0;tripinfo_wu_ns_to_gg.8;car;0.80;
wu_os_to_gg.12;1965.00;-45494495_0;5.10;0.00;0.05;2334.00;23156305_0;1264.14;10.42;369.00;3034.34;12.00;2;0.00;102.65;0;tripinfo_wu_os_to_gg.12;car;1.04;
in_ba_to_gj.3;2110.00;-230845886_0;5.10;0.00;7.09;2334.00;23527526_0;253.75;7.98;224.00;1755.68;0.00;0;0.00;29.75;0;tripinfo_in_ba_to_gj.3;car;0.82;
in_ns_to_as.2;2096.00;-23142338#2_0;5.10;0.00;0.81;2337.00;41899283#1_0;148.70;10.83;241.00;2009.37;10.00;3;0.00;62.62;0;tripinfo_in_ns_to_as.2;car;1.03;
in_as_to_ns.2;2096.00;23687583_0;5.10;0.00;2.30;2338.00;23142338#2_0;290.21;10.25;242.00;1995.73;13.00;3;0.00;49.07;0;tripinfo_in_as_to_ns.2;car;0.94;
in_os_to_ba.1;2107.00;-45494495_0;5.10;0.00;0.06;2338.00;230845886_0;633.12;11.95;231.00;1746.52;34.00;2;0.00;86.78;0;tripinfo_in_os_to_ba.1;car;1.09;
in_ba_to_sl.2;2064.00;-230845886_0;5.10;0.00;0.82;2343.00;28706217_0;94.10;7.28;279.00;1934.94;35.00;4;0.00;74.58;0;tripinfo_in_ba_to_sl.2;car;0.88;
in_ns_to_ko.14;2150.00;-23142338#2_0;5.10;0.00;0.31;2347.00;972103805_0;116.86;8.79;197.00;1398.55;16.00;4;0.00;44.20;0;tripinfo_in_ns_to_ko.14;car;0.83;
in_ns_to_ko.15;2162.00;-23142338#2_0;5.10;0.00;0.40;2350.00;972103805_0;116.86;7.67;188.00;1398.55;1.00;1;0.00;27.80;0;tripinfo_in_ns_to_ko.15;car;0.79;
in_os_to_ns.1;2031.00;-45494495_0;5.10;0.00;7.95;2351.00;23142338#2_0;290.21;9.79;320.00;1665.91;84.00;6;0.00;137.20;0;tripinfo_in_os_to_ns.1;car;0.89;
in_ns_to_ko.16;2180.00;-23142338#2_0;5.10;0.00;0.72;2352.00;972103805_0;116.86;9.13;172.00;1398.55;0.00;0;0.00;37.73;0;tripinfo_in_ns_to_ko.16;car;0.94;
in_as_to_ns.3;2135.00;23687583_0;5.10;0.00;6.39;2353.00;23142338#2_0;290.21;11.41;218.00;1995.73;18.00;2;0.00;48.98;0;tripinfo_in_as_to_ns.3;car;1.08;
in_as_to_ba.5;2206.00;23687583_0;5.10;0.00;1.17;2354.00;230845886_0;633.12;9.66;148.00;1356.50;0.00;0;0.00;15.22;0;tripinfo_in_as_to_ba.5;car;0.92;
in_od_to_kl.0;2037.00;803785575#0_0;5.10;0.00;3.46;2355.00;28716808#1_0;754.74;11.31;318.00;2678.40;20.00;1;0.00;81.51;0;tripinfo_in_od_to_kl.0;car;1.02;
in_od_to_as.2;2061.00;803785575#0_0;5.10;0.00;13.05;2357.00;41899283#1_0;148.70;9.81;296.00;2382.09;29.00;2;0.00;79.95;0;tripinfo_in_od_to_as.2;car;1.00;
in_ba_to_ko.7;2101.00;-230845886_0;5.10;0.00;0.73;2357.00;972103805_0;116.86;8.66;256.00;2114.29;2.00;1;0.00;30.85;0;tripinfo_in_ba_to_ko.7;car;0.85;
wu_od_to_gg.33;1911.00;803785575#0_0;5.10;0.00;0.36;2358.00;23156305_0;1264.14;9.12;447.00;3669.96;14.00;1;0.00;51.86;0;tripinfo_wu_od_to_gg.33;car;0.84;
in_od_to_as.1;2058.00;803785575#0_0;5.10;0.00;10.84;2359.00;41899283#1_0;148.70;10.48;301.00;2382.09;32.00;2;0.00;85.80;0;tripinfo_in_od_to_as.1;car;1.00;
in_as_to_os.4;2162.00;23687583_0;5.10;0.00;3.77;2361.00;45494495_0;58.90;8.52;199.00;1689.77;0.00;0;0.00;18.17;0;tripinfo_in_as_to_os.4;car;0.84;
in_ba_to_gj.4;2160.00;-230845886_0;5.10;0.00;4.17;2363.00;23527526_0;253.75;10.18;203.00;1755.68;6.00;1;0.00;31.26;0;tripinfo_in_ba_to_gj.4;car;0.93;
in_ba_to_os.1;2187.00;-230845886_0;5.10;0.00;0.51;2363.00;45494495_0;58.90;11.00;176.00;1647.96;2.00;1;0.00;39.67;0;tripinfo_in_ba_to_os.1;car;1.10;
in_ba_to_gj.5;2169.00;-230845886_0;5.10;0.00;6.88;2365.00;23527526_0;253.75;9.82;196.00;1755.68;4.00;1;0.00;30.38;0;tripinfo_in_ba_to_gj.5;car;0.96;
in_ns_to_ko.17;2186.00;-23142338#2_0;5.10;0.00;0.73;2365.00;972103805_0;116.86;10.10;179.00;1398.55;10.00;1;0.00;44.63;0;tripinfo_in_ns_to_ko.17;car;0.94;
in_ba_to_os.2;2194.00;-230845886_0;5.10;0.00;6.05;2365.00;45494495_0;58.90;10.15;171.00;1647.96;0.00;0;0.00;18.24;0;tripinfo_in_ba_to_os.2;car;0.98;
in_od_to_gj.0;2043.00;803785575#0_0;5.10;0.00;6.36;2366.00;23527526_0;253.75;11.70;323.00;2706.99;23.00;2;0.00;120.62;0;tripinfo_in_od_to_gj.0;car;1.21;
in_os_to_ba.2;2116.00;-45494495_0;5.10;0.00;4.35;2366.00;230845886_0;633.12;8.16;250.00;1746.52;30.00;3;0.00;64.08;0;tripinfo_in_os_to_ba.2;car;0.85;
in_os_to_ko.0;2028.00;-45494495_0;5.10;0.00;7.02;2367.00;972103805_0;116.86;11.48;339.00;2045.29;59.00;8;0.00;149.62;0;tripinfo_in_os_to_ko.0;car;1.04;
in_as_to_sl.0;2069.00;23687583_0;5.10;0.00;7.33;2367.00;28706217_0;94.10;7.37;298.00;1976.75;53.00;6;0.00;94.72;0;tripinfo_in_as_to_sl.0;car;0.90;
in_od_to_ba.1;2064.00;803785575#0_0;5.10;0.00;10.31;2368.00;230845886_0;633.12;10.66;304.00;2382.14;28.00;2;0.00;96.40;0;tripinfo_in_od_to_ba.1;car;1.04;
in_as_to_sl.1;2078.00;23687583_0;5.10;0.00;4.56;2369.00;28706217_0;94.10;9.15;291.00;1976.75;45.00;4;0.00;126.65;0;tripinfo_in_as_to_sl.1;car;1.12;
in_ns_to_gg.0;2020.00;-23142338#2_0;5.10;0.00;0.23;2371.00;23156305_0;1264.14;11.09;351.00;3297.24;18.00;4;0.00;69.00;0;tripinfo_in_ns_to_gg.0;car;1.06;
in_as_to_sl.2;2087.00;23687583_0;5.10;0.00;0.65;2371.00;28706217_0;94.10;7.45;284.00;1976.75;57.00;5;0.00;101.00;0;tripinfo_in_as_to_sl.2;car;1.00;
in_as_to_sl.3;2090.00;23687583_0;5.10;0.00;0.03;2375.00;28706217_0;94.10;7.52;285.00;1976.75;40.00;5;0.00;85.96;0;tripinfo_in_as_to_sl.3;car;0.92;
in_as_to_ko.12;2229.00;23687583_0;5.10;0.00;4.02;2375.00;972103805_0;116.86;8.80;146.00;1102.39;10.00;1;0.00;26.77;0;tripinfo_in_as_to_ko.12;car;0.84;
in_ba_to_gj.6;2201.00;-230845886_0;5.10;0.00;0.97;2377.00;23527526_0;253.75;10.96;176.00;1755.68;1.00;1;0.00;18.58;0;tripinfo_in_ba_to_gj.6;car;1.01;
in_as_to_ko.13;2269.00;23687583_0;5.10;0.00;2.56;2377.00;972103805_0;116.86;12.71;108.00;1102.39;0.00;0;0.00;20.82;0;tripinfo_in_as_to_ko.13;car;1.15;
in_ba_to_ko.8;2113.00;-230845886_0;5.10;0.00;8.86;2379.00;972103805_0;116.86;9.40;266.00;2114.29;4.00;1;0.00;51.46;0;tripinfo_in_ba_to_ko.8;car;0.90;
in_as_to_sl.4;2099.00;23687583_0;5.10;0.00;2.53;2380.00;28706217_0;94.10;7.15;281.00;1976.75;38.00;5;0.00;90.82;0;tripinfo_in_as_to_sl.4;car;0.96;
in_ba_to_ko.9;2119.00;-230845886_0;5.10;0.00;10.24;2380.00;972103805_0;116.86;11.74;261.00;2114.29;3.00;1;0.00;98.90;0;tripinfo_in_ba_to_ko.9;car;1.18;
wu_ba_to_kl.1;2191.00;-230845886_0;5.10;0.00;3.37;2381.00;28716808#1_0;754.74;10.20;190.00;1727.09;9.00;2;0.00;33.07;0;tripinfo_wu_ba_to_kl.1;car;1.00;
in_ba_to_ko.10;2157.00;-230845886_0;5.10;0.00;4.20;2382.00;972103805_0;116.86;12.16;225.00;2114.29;4.00;1;0.00;57.93;0;tripinfo_in_ba_to_ko.10;car;1.15;
in_as_to_sl.5;2120.00;23687583_0;5.10;0.00;0.46;2383.00;28706217_0;94.10;8.20;263.00;1976.75;25.00;4;0.00;82.34;0;tripinfo_in_as_to_sl.5;car;1.02;
in_ns_to_kl.0;2131.00;-23142338#2_0;5.10;0.00;8.11;2383.00;28716808#1_0;754.74;11.80;252.00;2315.58;18.00;3;0.00;63.93;0;tripinfo_in_ns_to_kl.0;car;1.12;
in_ba_to_as.10;2234.00;-230845886_0;5.10;0.00;0.93;2385.00;41899283#1_0;148.70;10.33;151.00;1430.78;0.00;0;0.00;22.31;0;tripinfo_in_ba_to_as.10;car;1.01;
in_ns_to_ko.18;2197.00;-23142338#2_0;5.10;0.00;0.22;2386.00;972103805_0;116.86;10.31;189.00;1398.55;20.00;3;0.00;58.90;0;tripinfo_in_ns_to_ko.18;car;0.97;
in_ns_to_ko.19;2200.00;-23142338#2_0;5.10;0.00;0.86;2388.00;972103805_0;116.86;10.68;188.00;1398.55;15.00;2;0.00;61.74;0;tripinfo_in_ns_to_ko.19;car;1.00;
in_ba_to_os.4;2209.00;-230845886_0;5.10;0.00;2.14;2389.00;45494495_0;58.90;11.81;180.00;1647.96;0.00;0;0.00;50.23;0;tripinfo_in_ba_to_os.4;car;1.15;
in_as_to_ba.6;2212.00;23687583_0;5.10;0.00;0.34;2389.00;230845886_0;633.12;7.97;177.00;1356.50;6.00;1;0.00;25.23;0;tripinfo_in_as_to_ba.6;car;0.81;
in_os_to_as.1;2148.00;-45494495_0;5.10;0.00;4.88;2390.00;41899283#1_0;148.70;9.10;242.00;1746.47;18.00;3;0.00;71.70;0;tripinfo_in_os_to_as.1;car;0.93;
in_ns_to_ko.20;2203.00;-23142338#2_0;5.10;0.00;2.60;2390.00;972103805_0;116.86;12.29;187.00;1398.55;12.00;2;0.00;80.81;0;tripinfo_in_ns_to_ko.20;car;1.19;
in_od_to_ba.2;2070.00;803785575#0_0;5.10;0.00;13.49;2391.00;230845886_0;633.12;8.39;321.00;2382.14;26.00;4;0.00;73.62;0;tripinfo_in_od_to_ba.2;car;0.87;
in_as_to_sl.6;2126.00;23687583_0;5.10;0.00;0.80;2391.00;28706217_0;94.10;7.31;265.00;1976.75;18.00;2;0.00;78.63;0;tripinfo_in_as_to_sl.6;car;0.98;
in_od_to_ko.1;2085.00;803785575#0_0;5.10;0.00;17.70;2393.00;972103805_0;116.86;10.71;308.00;2307.67;25.00;4;0.00;82.95;0;tripinfo_in_od_to_ko.1;car;0.97;
in_od_to_ba.3;2088.00;803785575#0_0;5.10;0.00;17.28;2393.00;230845886_0;633.12;11.22;305.00;2382.14;17.00;3;0.00;108.07;0;tripinfo_in_od_to_ba.3;car;1.10;
in_ba_to_sl.3;2125.00;-230845886_0;5.10;0.00;1.70;2394.00;28706217_0;94.10;7.57;269.00;1934.94;18.00;2;0.00;96.92;0;tripinfo_in_ba_to_sl.3;car;1.05;
in_ba_to_os.3;2206.00;-230845886_0;5.10;0.00;0.27;2394.00;45494495_0;58.90;9.08;188.00;1647.96;0.00;0;0.00;15.53;0;tripinfo_in_ba_to_os.3;car;0.87;
in_od_to_ns.3;2154.00;803785575#0_0;5.10;0.00;21.66;2395.00;23142338#2_0;290.21;8.82;241.00;1928.29;0.00;0;0.00;31.66;0;tripinfo_in_od_to_ns.3;car;0.89;
in_os_to_ba.3;2151.00;-45494495_0;5.10;0.00;4.06;2395.00;230845886_0;633.12;10.80;244.00;1746.52;16.00;3;0.00;81.15;0;tripinfo_in_os_to_ba.3;car;0.97;
in_ba_to_ko.11;2163.00;-230845886_0;5.10;0.00;7.01;2395.00;972103805_0;116.86;12.26;232.00;2114.29;10.00;2;0.00;66.27;0;tripinfo_in_ba_to_ko.11;car;1.16;
in_os_to_od.3;2307.00;-45494495_0;5.10;0.00;0.64;2395.00;23156030#6_0;109.07;10.09;88.00;865.51;0.00;0;0.00;7.15;0;tripinfo_in_os_to_od.3;car;0.97;
in_od_to_ba.4;2091.00;803785575#0_0;5.10;0.00;17.02;2396.00;230845886_0;633.12;11.72;305.00;2382.14;17.00;4;0.00;120.10;0;tripinfo_in_od_to_ba.4;car;1.16;
in_os_to_ba.4;2172.00;-45494495_0;5.10;0.00;0.56;2398.00;230845886_0;633.12;11.56;226.00;1746.52;23.00;3;0.00;86.59;0;tripinfo_in_os_to_ba.4;car;1.13;
in_ba_to_sl.4;2131.00;-230845886_0;5.10;0.00;3.36;2400.00;28706217_0;94.10;8.37;269.00;1934.94;16.00;2;0.00;95.42;0;tripinfo_in_ba_to_sl.4;car;1.03;
in_od_to_gg.1;2022.00;803785575#0_0;5.10;0.00;3.03;2402.00;23156305_0;1264.14;10.01;380.00;3669.96;0.00;0;0.00;28.46;0;tripinfo_in_od_to_gg.1;car;0.95;
in_od_to_ko.2;2103.00;803785575#0_0;5.10;0.00;14.69;2402.00;972103805_0;116.86;11.63;299.00;2307.67;27.00;5;0.00;97.07;0;tripinfo_in_od_to_ko.2;car;1.09;
in_ba_to_sl.5;2151.00;-230845886_0;5.10;0.00;0.09;2404.00;28706217_0;94.10;8.02;253.00;1934.94;9.00;1;0.00;78.80;0;tripinfo_in_ba_to_sl.5;car;1.04;
in_ns_to_ko.21;2212.00;-23142338#2_0;5.10;0.00;0.31;2404.00;972103805_0;116.86;12.04;192.00;1398.55;36.00;4;0.00;76.56;0;tripinfo_in_ns_to_ko.21;car;1.10;
in_as_to_gg.1;2220.00;23687583_0;5.10;0.00;2.78;2404.00;23156305_0;1264.14;10.83;184.00;1600.87;15.00;1;0.00;38.51;0;tripinfo_in_as_to_gg.1;car;1.00;
in_ns_to_gg.1;2058.00;-23142338#2_0;5.10;0.00;0.99;2406.00;23156305_0;1264.14;11.30;348.00;3297.24;2.00;1;0.00;57.98;0;tripinfo_in_ns_to_gg.1;car;1.03;
in_os_to_as.2;2183.00;-45494495_0;5.10;0.00;0.58;2408.00;41899283#1_0;148.70;11.65;225.00;1746.47;12.00;3;0.00;74.38;0;tripinfo_in_os_to_as.2;car;1.06;
in_ns_to_ko.22;2222.00;-23142338#2_0;5.10;0.00;1.47;2408.00;972103805_0;116.86;11.52;186.00;1398.55;25.00;4;0.00;70.91;0;tripinfo_in_ns_to_ko.22;car;1.10;
in_od_to_ns.4;2157.00;803785575#0_0;5.10;0.00;14.15;2410.00;23142338#2_0;290.21;9.33;253.00;1928.29;14.00;2;0.00;43.69;0;tripinfo_in_od_to_ns.4;car;0.88;
in_ba_to_ns.0;2128.00;-230845886_0;5.10;0.00;1.49;2412.00;23142338#2_0;290.21;10.97;284.00;2346.36;11.00;2;0.00;71.06;0;tripinfo_in_ba_to_ns.0;car;1.00;
in_ba_to_sl.6;2166.00;-230845886_0;5.10;0.00;4.86;2412.00;28706217_0;94.10;7.53;246.00;1934.94;2.00;1;0.00;60.43;0;tripinfo_in_ba_to_sl.6;car;0.97;
in_ba_to_ko.12;2182.00;-230845886_0;5.10;0.00;0.30;2412.00;972103805_0;116.86;11.70;230.00;2114.29;14.00;3;0.00;55.09;0;tripinfo_in_ba_to_ko.12;car;1.10;
in_od_to_ns.5;2172.00;803785575#0_0;5.10;0.00;18.38;2414.00;23142338#2_0;290.21;9.84;242.00;1928.29;10.00;2;0.00;45.99;0;tripinfo_in_od_to_ns.5;car;0.95;
in_as_to_sl.7;2169.00;23687583_0;5.10;0.00;0.31;2414.00;28706217_0;94.10;7.69;245.00;1976.75;4.00;1;0.00;64.95;0;tripinfo_in_as_to_sl.7;car;1.02;
in_ns_to_os.1;2219.00;-23142338#2_0;5.10;0.00;0.77;2417.00;45494495_0;58.90;10.42;198.00;1865.82;12.00;1;0.00;31.91;0;tripinfo_in_ns_to_os.1;car;1.02;
in_od_to_as.3;2115.00;803785575#0_0;5.10;0.00;25.04;2418.00;41899283#1_0;148.70;9.18;303.00;2382.09;11.00;2;0.00;57.39;0;tripinfo_in_od_to_as.3;car;0.88;
in_as_to_br.0;2226.00;23687583_0;5.10;0.00;2.48;2418.00;23156390_0;1121.44;10.82;192.00;1694.48;17.00;2;0.00;40.81;0;tripinfo_in_as_to_br.0;car;1.02;
in_ba_to_sl.7;2172.00;-230845886_0;5.10;0.00;1.64;2419.00;28706217_0;94.10;7.58;247.00;1934.94;7.00;3;0.00;64.70;0;tripinfo_in_ba_to_sl.7;car;0.98;
in_ns_to_kl.1;2137.00;-23142338#2_0;5.10;0.00;9.72;2420.00;28716808#1_0;754.74;9.54;283.00;2315.58;24.00;4;0.00;68.46;0;tripinfo_in_ns_to_kl.1;car;0.97;
in_os_to_br.3;2123.00;-45494495_0;5.10;0.00;0.32;2422.00;23156390_0;1121.44;10.77;299.00;2513.69;27.00;2;0.00;87.25;0;tripinfo_in_os_to_br.3;car;1.08;
in_od_to_as.4;2151.00;803785575#0_0;5.10;0.00;27.96;2422.00;41899283#1_0;148.70;12.69;271.00;2382.09;8.00;4;0.00;94.54;0;tripinfo_in_od_to_as.4;car;1.22;
in_od_to_ns.6;2181.00;803785575#0_0;5.10;0.00;13.24;2422.00;23142338#2_0;290.21;10.08;241.00;1928.29;18.00;3;0.00;58.18;0;tripinfo_in_od_to_ns.6;car;1.02;
in_od_to_ko.3;2121.00;803785575#0_0;5.10;0.00;28.49;2424.00;972103805_0;116.86;9.74;303.00;2307.67;14.00;4;0.00;60.41;0;tripinfo_in_od_to_ko.3;car;0.91;
in_od_to_kl.1;2109.00;803785575#0_0;5.10;0.00;19.68;2425.00;28716808#1_0;754.74;12.16;316.00;2678.40;18.00;4;0.00;106.13;0;tripinfo_in_od_to_kl.1;car;1.15;
in_os_to_od.4;2343.00;-45494495_0;5.10;0.00;2.27;2425.00;23156030#6_0;109.07;11.44;82.00;865.51;0.00;0;0.00;7.36;0;tripinfo_in_os_to_od.4;car;1.04;
in_ns_to_ko.23;2233.00;-23142338#2_0;5.10;0.00;0.63;2426.00;972103805_0;116.86;11.75;193.00;1398.55;20.00;4;0.00;79.89;0;tripinfo_in_ns_to_ko.23;car;1.12;
in_od_to_gj.1;2076.00;803785575#0_0;5.10;0.00;13.77;2428.00;23527526_0;253.75;9.34;352.00;2706.99;23.00;3;0.00;72.90;0;tripinfo_in_od_to_gj.1;car;0.88;
in_ns_to_ko.24;2236.00;-23142338#2_0;5.10;0.00;3.61;2428.00;972103805_0;116.86;10.66;192.00;1398.55;19.00;4;0.00;74.05;0;tripinfo_in_ns_to_ko.24;car;1.07;
in_od_to_ko.4;2127.00;803785575#0_0;5.10;0.00;28.20;2432.00;972103805_0;116.86;8.80;305.00;2307.67;11.00;2;0.00;52.65;0;tripinfo_in_od_to_ko.4;car;0.87;
in_od_to_kl.2;2124.00;803785575#0_0;5.10;0.00;29.56;2433.00;28716808#1_0;754.74;11.53;309.00;2678.40;12.00;3;0.00;90.84;0;tripinfo_in_od_to_kl.2;car;1.11;
in_os_to_ba.5;2221.00;-45494495_0;5.10;0.00;0.73;2433.00;230845886_0;633.12;10.72;212.00;1746.52;1.00;1;0.00;49.31;0;tripinfo_in_os_to_ba.5;car;0.98;
in_od_to_ko.5;2133.00;803785575#0_0;5.10;0.00;28.35;2434.00;972103805_0;116.86;9.47;301.00;2307.67;10.00;2;0.00;73.47;0;tripinfo_in_od_to_ko.5;car;0.97;
in_ba_to_os.5;2274.00;-230845886_0;5.10;0.00;3.06;2435.00;45494495_0;58.90;12.39;161.00;1647.96;0.00;0;0.00;29.31;0;tripinfo_in_ba_to_os.5;car;1.13;
in_od_to_ko.7;2145.00;803785575#0_0;5.10;0.00;34.91;2436.00;972103805_0;116.86;12.17;291.00;2307.67;11.00;2;0.00;95.63;0;tripinfo_in_od_to_ko.7;car;1.13;
in_od_to_ba.5;2163.00;803785575#0_0;5.10;0.00;14.02;2439.00;230845886_0;633.12;11.54;276.00;2382.14;3.00;1;0.00;76.17;0;tripinfo_in_od_to_ba.5;car;1.08;
in_od_to_os.12;2201.00;803785575#0_0;5.10;0.00;0.57;2439.00;45494495_0;58.90;10.74;238.00;969.96;131.00;1;0.00;152.34;0;tripinfo_in_od_to_os.12;car;1.03;
in_ns_to_ko.25;2247.00;-23142338#2_0;5.10;0.00;1.75;2439.00;972103805_0;116.86;9.61;192.00;1398.55;16.00;3;0.00;57.33;0;tripinfo_in_ns_to_ko.25;car;0.94;
in_od_to_os.14;2218.00;803785575#0_0;5.10;0.00;0.02;2441.00;45494495_0;58.90;12.91;223.00;969.96;125.00;2;0.00;152.33;0;tripinfo_in_od_to_os.14;car;1.27;
in_od_to_ko.6;2142.00;803785575#0_0;5.10;0.00;33.14;2442.00;972103805_0;116.86;8.44;300.00;2307.67;8.00;3;0.00;48.28;0;tripinfo_in_od_to_ko.6;car;0.87;
in_od_to_ko.8;2148.00;803785575#0_0;5.10;0.00;25.51;2444.00;972103805_0;116.86;10.66;296.00;2307.67;4.00;2;0.00;84.28;0;tripinfo_in_od_to_ko.8;car;1.04;
in_od_to_os.13;2207.00;803785575#0_0;5.10;0.00;2.70;2444.00;45494495_0;58.90;10.47;237.00;969.96;126.00;2;0.00;146.67;0;tripinfo_in_od_to_os.13;car;0.97;
in_ns_to_ko.26;2253.00;-23142338#2_0;5.10;0.00;1.20;2446.00;972103805_0;116.86;10.67;193.00;1398.55;24.00;3;0.00;69.93;0;tripinfo_in_ns_to_ko.26;car;1.03;
in_od_to_gj.2;2106.00;803785575#0_0;5.10;0.00;17.12;2447.00;23527526_0;253.75;9.13;341.00;2706.99;14.00;4;0.00;74.46;0;tripinfo_in_od_to_gj.2;car;0.92;
in_ns_to_ko.27;2256.00;-23142338#2_0;5.10;0.00;2.50;2448.00;972103805_0;116.86;10.51;192.00;1398.55;21.00;3;0.00;72.35;0;tripinfo_in_ns_to_ko.27;car;1.06;
in_od_to_kl.3;2130.00;803785575#0_0;5.10;0.00;27.42;2450.00;28716808#1_0;754.74;10.07;320.00;2678.40;7.00;3;0.00;80.08;0;tripinfo_in_od_to_kl.3;car;1.01;
in_od_to_os.15;2241.00;803785575#0_0;5.10;0.00;0.20;2450.00;45494495_0;58.90;10.06;209.00;969.96;92.00;3;0.00;122.71;0;tripinfo_in_od_to_os.15;car;1.02;
in_ns_to_sl.0;2043.00;-23142338#2_0;5.10;0.00;2.03;2457.00;28706217_0;94.10;7.64;414.00;1619.36;194.00;5;0.00;237.47;0;tripinfo_in_ns_to_sl.0;car;0.93;
in_ns_to_ko.28;2272.00;-23142338#2_0;5.10;0.00;3.92;2461.00;972103805_0;116.86;10.40;189.00;1398.55;20.00;3;0.00;66.92;0;tripinfo_in_ns_to_ko.28;car;1.03;
in_od_to_ba.6;2166.00;803785575#0_0;5.10;0.00;16.98;2462.00;230845886_0;633.12;10.07;296.00;2382.14;6.00;2;0.00;64.00;0;tripinfo_in_od_to_ba.6;car;0.93;
in_od_to_os.16;2244.00;803785575#0_0;5.10;0.00;0.06;2463.00;45494495_0;58.90;9.77;219.00;969.96;91.00;7;0.00;122.92;0;tripinfo_in_od_to_os.16;car;0.91;
in_ns_to_os.2;2250.00;-23142338#2_0;5.10;0.00;1.81;2465.00;45494495_0;58.90;11.30;215.00;1865.82;12.00;2;0.00;57.34;0;tripinfo_in_ns_to_os.2;car;1.07;
in_as_to_gj.7;2388.00;23687583_0;5.10;0.00;3.74;2465.00;23527526_0;253.75;11.71;77.00;649.06;0.00;0;0.00;21.03;0;tripinfo_in_as_to_gj.7;car;1.06;
in_od_to_os.19;2287.00;803785575#0_0;5.10;0.00;8.36;2467.00;45494495_0;58.90;10.75;180.00;969.96;72.00;5;0.00;98.28;0;tripinfo_in_od_to_os.19;car;1.08;
in_ba_to_ns.1;2212.00;-230845886_0;5.10;0.00;4.44;2469.00;23142338#2_0;290.21;10.33;257.00;2346.36;1.00;1;0.00;35.38;0;tripinfo_in_ba_to_ns.1;car;0.96;
in_as_to_ko.14;2330.00;23687583_0;5.10;0.00;0.90;2470.00;972103805_0;116.86;8.14;140.00;1102.39;0.00;0;0.00;12.28;0;tripinfo_in_as_to_ko.14;car;0.78;
in_ba_to_ns.2;2237.00;-230845886_0;5.10;0.00;2.15;2471.00;23142338#2_0;290.21;10.49;234.00;2346.36;1.00;1;0.00;32.73;0;tripinfo_in_ba_to_ns.2;car;1.06;
in_ba_to_ko.13;2258.00;-230845886_0;5.10;0.00;0.13;2472.00;972103805_0;116.86;11.48;214.00;2114.29;3.00;1;0.00;36.40;0;tripinfo_in_ba_to_ko.13;car;1.09;
in_ns_to_as.3;2228.00;-23142338#2_0;5.10;0.00;0.50;2473.00;41899283#1_0;148.70;9.82;245.00;2009.37;14.00;3;0.00;51.40;0;tripinfo_in_ns_to_as.3;car;0.94;
in_od_to_gg.0;2015.00;803785575#0_0;5.10;0.00;2.68;2474.00;23156305_0;1264.14;8.75;459.00;3669.96;0.00;0;0.00;43.42;0;tripinfo_in_od_to_gg.0;car;0.80;
in_od_to_os.17;2269.00;803785575#0_0;5.10;0.00;3.23;2474.00;45494495_0;58.90;12.04;205.00;969.96;87.00;6;0.00;123.92;0;tripinfo_in_od_to_os.17;car;1.09;
in_ba_to_gg.0;2139.00;-230845886_0;5.10;0.00;0.15;2476.00;23156305_0;1264.14;9.51;337.00;2718.65;0.00;0;0.00;67.95;0;tripinfo_in_ba_to_gg.0;car;0.92;
in_ba_to_os.6;2295.00;-230845886_0;5.10;0.00;0.50;2476.00;45494495_0;58.90;12.49;181.00;1647.96;0.00;0;0.00;48.50;0;tripinfo_in_ba_to_os.6;car;1.13;
in_ba_to_as.11;2324.00;-230845886_0;5.10;0.00;4.26;2477.00;41899283#1_0;148.70;10.63;153.00;1430.78;1.00;1;0.00;17.71;0;tripinfo_in_ba_to_as.11;car;0.96;
in_as_to_ko.15;2359.00;23687583_0;5.10;0.00;1.20;2479.00;972103805_0;116.86;9.79;120.00;1102.39;0.00;0;0.00;10.34;0;tripinfo_in_as_to_ko.15;car;0.91;
in_od_to_ko.9;2187.00;803785575#0_0;5.10;0.00;0.93;2482.00;972103805_0;116.86;9.90;295.00;2307.67;21.00;5;0.00;62.79;0;tripinfo_in_od_to_ko.9;car;0.94;
in_as_to_ns.4;2250.00;23687583_0;5.10;0.00;4.09;2484.00;23142338#2_0;290.21;9.54;234.00;1995.73;4.00;1;0.00;34.55;0;tripinfo_in_as_to_ns.4;car;0.91;
in_ns_to_ko.30;2300.00;-23142338#2_0;5.10;0.00;1.39;2484.00;972103805_0;116.86;11.85;184.00;1398.55;22.00;4;0.00;71.28;0;tripinfo_in_ns_to_ko.30;car;1.12;
in_os_to_ba.6;2224.00;-45494495_0;5.10;0.00;3.35;2486.00;230845886_0;633.12;9.42;262.00;1746.52;37.00;4;0.00;93.63;0;tripinfo_in_os_to_ba.6;car;0.94;
in_as_to_ns.5;2256.00;23687583_0;5.10;0.00;1.58;2486.00;23142338#2_0;290.21;10.67;230.00;1995.73;3.00;1;0.00;42.08;0;tripinfo_in_as_to_ns.5;car;0.97;
in_os_to_ba.7;2277.00;-45494495_0;5.10;0.00;0.73;2488.00;230845886_0;633.12;10.91;211.00;1746.52;11.00;1;0.00;63.92;0;tripinfo_in_os_to_ba.7;car;1.08;
in_ba_to_gj.7;2280.00;-230845886_0;5.10;0.00;4.39;2490.00;23527526_0;253.75;8.85;210.00;1755.68;0.00;0;0.00;21.89;0;tripinfo_in_ba_to_gj.7;car;0.84;
in_os_to_ba.8;2295.00;-45494495_0;5.10;0.00;0.99;2490.00;230845886_0;633.12;10.99;195.00;1746.52;19.00;2;0.00;49.75;0;tripinfo_in_os_to_ba.8;car;1.09;
in_ba_to_gj.8;2309.00;-230845886_0;5.10;0.00;1.64;2492.00;23527526_0;253.75;10.73;183.00;1755.68;0.00;0;0.00;25.42;0;tripinfo_in_ba_to_gj.8;car;1.01;
in_ns_to_ko.29;2285.00;-23142338#2_0;5.10;0.00;0.65;2493.00;972103805_0;116.86;8.80;208.00;1398.55;22.00;3;0.00;50.33;0;tripinfo_in_ns_to_ko.29;car;0.80;
in_od_to_ko.10;2221.00;803785575#0_0;5.10;0.00;0.84;2495.00;972103805_0;116.86;10.25;274.00;2307.67;11.00;2;0.00;52.09;0;tripinfo_in_od_to_ko.10;car;0.99;
in_od_to_kl.4;2139.00;803785575#0_0;5.10;0.00;30.75;2496.00;28716808#1_0;754.74;8.62;357.00;2678.40;3.00;1;0.00;49.07;0;tripinfo_in_od_to_kl.4;car;0.79;
in_os_to_ba.9;2332.00;-45494495_0;5.10;0.00;0.77;2496.00;230845886_0;633.12;11.38;164.00;1746.52;0.00;0;0.00;24.54;0;tripinfo_in_os_to_ba.9;car;1.13;
in_ns_to_ko.31;2303.00;-23142338#2_0;5.10;0.00;0.48;2497.00;972103805_0;116.86;10.39;194.00;1398.55;23.00;4;0.00;66.95;0;tripinfo_in_ns_to_ko.31;car;1.00;
in_as_to_od.1;2261.00;23687583_0;5.10;0.00;0.17;2498.00;23156030#6_0;109.07;11.02;237.00;2357.31;2.00;1;0.00;40.05;0;tripinfo_in_as_to_od.1;car;1.08;
in_ba_to_ko.14;2277.00;-230845886_0;5.10;0.00;5.75;2499.00;972103805_0;116.86;11.13;222.00;2114.29;2.00;1;0.00;33.79;0;tripinfo_in_ba_to_ko.14;car;1.02;
in_ba_to_gj.9;2319.00;-230845886_0;5.10;0.00;3.04;2501.00;23527526_0;253.75;11.59;182.00;1755.68;6.00;1;0.00;33.53;0;tripinfo_in_ba_to_gj.9;car;1.07;
in_as_to_ns.6;2266.00;23687583_0;5.10;0.00;1.57;2505.00;23142338#2_0;290.21;8.81;239.00;1995.73;10.00;2;0.00;35.00;0;tripinfo_in_as_to_ns.6;car;0.89;
in_os_to_as.3;2227.00;-45494495_0;5.10;0.00;4.59;2510.00;41899283#1_0;148.70;9.09;283.00;1746.47;36.00;6;0.00;100.86;0;tripinfo_in_os_to_as.3;car;0.87;
in_ns_to_ko.32;2309.00;-23142338#2_0;5.10;0.00;1.96;2510.00;972103805_0;116.86;9.75;201.00;1398.55;27.00;4;0.00;69.62;0;tripinfo_in_ns_to_ko.32;car;0.96;
in_ba_to_gj.10;2332.00;-230845886_0;5.10;0.00;3.32;2510.00;23527526_0;253.75;10.81;178.00;1755.68;0.00;0;0.00;20.70;0;tripinfo_in_ba_to_gj.10;car;1.01;
in_as_to_br.1;2352.00;23687583_0;5.10;0.00;1.36;2511.00;23156390_0;1121.44;11.75;159.00;1694.48;0.00;0;0.00;14.14;0;tripinfo_in_as_to_br.1;car;1.06;
in_os_to_ko.1;2202.00;-45494495_0;5.10;0.00;0.51;2512.00;972103805_0;116.86;10.46;310.00;2045.29;61.00;8;0.00;119.75;0;tripinfo_in_os_to_ko.1;car;1.03;
in_os_to_as.4;2340.00;-45494495_0;5.10;0.00;0.24;2512.00;41899283#1_0;148.70;11.99;172.00;1746.47;4.00;2;0.00;37.18;0;tripinfo_in_os_to_as.4;car;1.18;
in_ba_to_sl.8;2243.00;-230845886_0;5.10;0.00;0.85;2513.00;28706217_0;94.10;6.12;270.00;1934.94;32.00;1;0.00;63.13;0;tripinfo_in_ba_to_sl.8;car;0.87;
in_ns_to_ko.33;2318.00;-23142338#2_0;5.10;0.00;0.98;2514.00;972103805_0;116.86;10.39;196.00;1398.55;30.00;4;0.00;69.68;0;tripinfo_in_ns_to_ko.33;car;1.00;
in_as_to_sl.8;2223.00;23687583_0;5.10;0.00;5.12;2515.00;28706217_0;94.10;7.51;292.00;1976.75;63.00;3;0.00;115.40;0;tripinfo_in_as_to_sl.8;car;1.04;
in_ns_to_ko.34;2321.00;-23142338#2_0;5.10;0.00;2.94;2516.00;972103805_0;116.86;11.68;195.00;1398.55;23.00;4;0.00;78.82;0;tripinfo_in_ns_to_ko.34;car;1.09;
in_as_to_sl.10;2253.00;23687583_0;5.10;0.00;0.95;2518.00;28706217_0;94.10;7.95;265.00;1976.75;39.00;1;0.00;79.09;0;tripinfo_in_as_to_sl.10;car;0.99;
in_ns_to_ko.35;2324.00;-23142338#2_0;5.10;0.00;4.34;2519.00;972103805_0;116.86;11.27;195.00;1398.55;27.00;5;0.00;70.93;0;tripinfo_in_ns_to_ko.35;car;1.02;
in_as_to_sl.9;2246.00;23687583_0;5.10;0.00;1.78;2520.00;28706217_0;94.10;9.17;274.00;1976.75;40.00;3;0.00;126.42;0;tripinfo_in_as_to_sl.9;car;1.25;
in_ns_to_kl.2;2239.00;-23142338#2_0;5.10;0.00;2.80;2521.00;28716808#1_0;754.74;9.81;282.00;2315.58;18.00;4;0.00;59.48;0;tripinfo_in_ns_to_kl.2;car;0.94;
in_os_to_ns.2;2271.00;-45494495_0;5.10;0.00;1.85;2523.00;23142338#2_0;290.21;10.10;252.00;1665.91;26.00;5;0.00;91.30;0;tripinfo_in_os_to_ns.2;car;1.01;
in_as_to_ko.16;2385.00;23687583_0;5.10;0.00;1.71;2525.00;972103805_0;116.86;8.04;140.00;1102.39;0.00;0;0.00;15.75;0;tripinfo_in_as_to_ko.16;car;0.80;
in_os_to_od.5;2423.00;-45494495_0;5.10;0.00;2.98;2526.00;23156030#6_0;109.07;9.39;103.00;865.51;2.00;1;0.00;20.82;0;tripinfo_in_os_to_od.5;car;0.95;
in_ns_to_ko.36;2333.00;-23142338#2_0;5.10;0.00;0.31;2527.00;972103805_0;116.86;12.01;194.00;1398.55;22.00;5;0.00;80.99;0;tripinfo_in_ns_to_ko.36;car;1.12;
in_ba_to_sl.9;2263.00;-230845886_0;5.10;0.00;0.71;2529.00;28706217_0;94.10;7.25;266.00;1934.94;42.00;4;0.00;88.36;0;tripinfo_in_ba_to_sl.9;car;1.01;
in_ns_to_ko.37;2359.00;-23142338#2_0;5.10;0.00;0.69;2529.00;972103805_0;116.86;13.39;170.00;1398.55;18.00;4;0.00;65.66;0;tripinfo_in_ns_to_ko.37;car;1.22;
in_ba_to_os.7;2357.00;-230845886_0;5.10;0.00;1.98;2530.00;45494495_0;58.90;12.05;173.00;1647.96;0.00;0;0.00;37.13;0;tripinfo_in_ba_to_os.7;car;1.10;
in_as_to_kl.3;2394.00;23687583_0;5.10;0.00;3.19;2530.00;28716808#1_0;754.74;10.02;136.00;1207.92;0.00;0;0.00;18.32;0;tripinfo_in_as_to_kl.3;car;0.93;
in_os_to_gj.0;2248.00;-45494495_0;5.10;0.00;2.12;2532.00;23527526_0;253.75;9.67;284.00;2071.37;23.00;5;0.00;91.32;0;tripinfo_in_os_to_gj.0;car;0.98;
in_as_to_ko.17;2425.00;23687583_0;5.10;0.00;3.63;2532.00;972103805_0;116.86;10.98;107.00;1102.39;0.00;0;0.00;10.48;0;tripinfo_in_as_to_ko.17;car;1.04;
in_os_to_kl.0;2261.00;-45494495_0;5.10;0.00;0.03;2533.00;28716808#1_0;754.74;11.09;272.00;2042.78;21.00;3;0.00;89.98;0;tripinfo_in_os_to_kl.0;car;1.02;
in_ns_to_gg.2;2064.00;-23142338#2_0;5.10;0.00;3.81;2534.00;23156305_0;1264.14;7.49;470.00;3297.24;2.00;1;0.00;52.25;0;tripinfo_in_ns_to_gg.2;car;0.72;
in_as_to_ns.7;2333.00;23687583_0;5.10;0.00;0.94;2535.00;23142338#2_0;290.21;10.83;202.00;1995.73;1.00;1;0.00;24.74;0;tripinfo_in_as_to_ns.7;car;1.02;
in_os_to_sl.2;2413.00;-45494495_0;5.10;0.00;1.78;2535.00;28706217_0;94.10;7.68;122.00;484.95;39.00;3;0.00;73.92;0;tripinfo_in_os_to_sl.2;car;1.03;
in_od_to_gg.2;2040.00;803785575#0_0;5.10;0.00;4.30;2536.00;23156305_0;1264.14;9.67;496.00;3669.96;34.00;3;0.00;147.49;0;tripinfo_in_od_to_gg.2;car;0.95;
in_ns_to_gg.3;2121.00;-23142338#2_0;5.10;0.00;0.65;2538.00;23156305_0;1264.14;10.34;417.00;3297.24;18.00;2;0.00;118.70;0;tripinfo_in_ns_to_gg.3;car;1.01;
in_ns_to_ko.38;2362.00;-23142338#2_0;5.10;0.00;2.54;2538.00;972103805_0;116.86;9.99;176.00;1398.55;14.00;4;0.00;49.54;0;tripinfo_in_ns_to_ko.38;car;1.00;
in_as_to_sl.11;2272.00;23687583_0;5.10;0.00;2.29;2539.00;28706217_0;94.10;7.73;267.00;1976.75;38.00;4;0.00;89.28;0;tripinfo_in_as_to_sl.11;car;1.03;
in_os_to_gg.0;2129.00;-45494495_0;5.10;0.00;0.66;2540.00;23156305_0;1264.14;11.32;411.00;3034.34;30.00;3;0.00;160.85;0;tripinfo_in_os_to_gg.0;car;1.10;
in_ba_to_gg.1;2220.00;-230845886_0;5.10;0.00;0.97;2542.00;23156305_0;1264.14;9.84;322.00;2718.65;0.00;0;0.00;54.44;0;tripinfo_in_ba_to_gg.1;car;0.92;
in_as_to_sl.12;2288.00;23687583_0;5.10;0.00;0.97;2543.00;28706217_0;94.10;9.04;255.00;1976.75;37.00;4;0.00;86.21;0;tripinfo_in_as_to_sl.12;car;1.09;
in_od_to_gg.4;2079.00;803785575#0_0;5.10;0.00;15.68;2544.00;23156305_0;1264.14;13.09;465.00;3669.96;33.00;3;0.00;186.68;0;tripinfo_in_od_to_gg.4;car;1.20;
in_od_to_br.0;2160.00;803785575#0_0;5.10;0.00;14.14;2545.00;23156390_0;1121.44;9.11;385.00;3149.31;3.00;1;0.00;59.51;0;tripinfo_in_od_to_br.0;car;0.88;
in_as_to_sl.13;2291.00;23687583_0;5.10;0.00;3.47;2545.00;28706217_0;94.10;8.76;254.00;1976.75;36.00;4;0.00;95.82;0;tripinfo_in_as_to_sl.13;car;1.16;
in_ns_to_ko.39;2392.00;-23142338#2_0;5.10;0.00;0.42;2545.00;972103805_0;116.86;8.76;153.00;1398.55;0.00;0;0.00;13.58;0;tripinfo_in_ns_to_ko.39;car;0.90;
in_as_to_gg.2;2349.00;23687583_0;5.10;0.00;0.19;2546.00;23156305_0;1264.14;9.47;197.00;1600.87;0.00;0;0.00;28.39;0;tripinfo_in_as_to_gg.2;car;0.86;
in_os_to_od.6;2463.00;-45494495_0;5.10;0.00;1.41;2546.00;23156030#6_0;109.07;11.27;83.00;865.51;0.00;0;0.00;7.34;0;tripinfo_in_os_to_od.6;car;1.04;
in_od_to_br.1;2175.00;803785575#0_0;5.10;0.00;15.46;2547.00;23156390_0;1121.44;11.14;372.00;3149.31;6.00;2;0.00;100.72;0;tripinfo_in_od_to_br.1;car;1.05;
in_od_to_gg.3;2073.00;803785575#0_0;5.10;0.00;14.98;2548.00;23156305_0;1264.14;10.81;475.00;3669.96;26.00;3;0.00;142.51;0;tripinfo_in_od_to_gg.3;car;1.00;
in_ns_to_ba.0;2262.00;-23142338#2_0;5.10;0.00;0.97;2548.00;230845886_0;633.12;9.90;286.00;2340.42;20.00;3;0.00;60.14;0;tripinfo_in_ns_to_ba.0;car;0.93;
in_ns_to_gg.4;2143.00;-23142338#2_0;5.10;0.00;1.60;2550.00;23156305_0;1264.14;11.26;407.00;3297.24;25.00;5;0.00;130.98;0;tripinfo_in_ns_to_gg.4;car;1.09;
in_od_to_gg.5;2094.00;803785575#0_0;5.10;0.00;17.95;2552.00;23156305_0;1264.14;11.54;458.00;3669.96;21.00;3;0.00;167.35;0;tripinfo_in_od_to_gg.5;car;1.15;
in_ba_to_gg.2;2246.00;-230845886_0;5.10;0.00;2.82;2554.00;23156305_0;1264.14;10.18;308.00;2718.65;0.00;0;0.00;54.49;0;tripinfo_in_ba_to_gg.2;car;0.98;
in_ba_to_ko.15;2283.00;-230845886_0;5.10;0.00;1.05;2554.00;972103805_0;116.86;8.55;271.00;2114.29;2.00;1;0.00;30.96;0;tripinfo_in_ba_to_ko.15;car;0.80;
in_ba_to_sl.10;2291.00;-230845886_0;5.10;0.00;0.55;2554.00;28706217_0;94.10;6.61;263.00;1934.94;8.00;1;0.00;53.97;0;tripinfo_in_ba_to_sl.10;car;0.86;
in_as_to_od.3;2341.00;23687583_0;5.10;0.00;0.66;2554.00;23156030#6_0;109.07;11.11;213.00;2357.31;0.00;0;0.00;20.48;0;tripinfo_in_as_to_od.3;car;1.11;
in_as_to_ba.7;2437.00;23687583_0;5.10;0.00;2.60;2554.00;230845886_0;633.12;12.60;117.00;1356.50;0.00;0;0.00;18.53;0;tripinfo_in_as_to_ba.7;car;1.27;
in_os_to_gg.1;2191.00;-45494495_0;5.10;0.00;2.76;2556.00;23156305_0;1264.14;12.06;365.00;3034.34;11.00;3;0.00;122.86;0;tripinfo_in_os_to_gg.1;car;1.14;
in_ba_to_sl.11;2302.00;-230845886_0;5.10;0.00;0.50;2556.00;28706217_0;94.10;7.09;254.00;1934.94;7.00;1;0.00;57.33;0;tripinfo_in_ba_to_sl.11;car;0.92;
in_as_to_ko.18;2443.00;23687583_0;5.10;0.00;4.42;2556.00;972103805_0;116.86;10.71;113.00;1102.39;4.00;1;0.00;18.97;0;tripinfo_in_as_to_ko.18;car;1.06;
in_ba_to_os.8;2363.00;-230845886_0;5.10;0.00;5.86;2557.00;45494495_0;58.90;9.06;194.00;1647.96;0.00;0;0.00;25.43;0;tripinfo_in_ba_to_os.8;car;0.89;
in_os_to_as.5;2392.00;-45494495_0;5.10;0.00;0.20;2557.00;41899283#1_0;148.70;11.25;165.00;1746.47;0.00;0;0.00;13.94;0;tripinfo_in_os_to_as.5;car;1.05;
in_ba_to_gg.3;2271.00;-230845886_0;5.10;0.00;0.12;2558.00;23156305_0;1264.14;9.61;287.00;2718.65;0.00;0;0.00;27.02;0;tripinfo_in_ba_to_gg.3;car;0.95;
in_as_to_sl.14;2320.00;23687583_0;5.10;0.00;0.14;2558.00;28706217_0;94.10;10.37;238.00;1976.75;7.00;2;0.00;91.80;0;tripinfo_in_as_to_sl.14;car;1.32;
in_as_to_gj.8;2479.00;23687583_0;5.10;0.00;0.25;2558.00;23527526_0;253.75;8.21;79.00;649.06;0.00;0;0.00;8.62;0;tripinfo_in_as_to_gj.8;car;0.84;
in_ba_to_ko.16;2306.00;-230845886_0;5.10;0.00;4.36;2559.00;972103805_0;116.86;9.95;253.00;2114.29;3.00;2;0.00;55.40;0;tripinfo_in_ba_to_ko.16;car;0.97;
in_ba_to_ko.17;2329.00;-230845886_0;5.10;0.00;0.54;2561.00;972103805_0;116.86;9.77;232.00;2114.29;5.00;2;0.00;36.91;0;tripinfo_in_ba_to_ko.17;car;0.99;
in_os_to_sl.3;2467.00;-45494495_0;5.10;0.00;4.65;2562.00;28706217_0;94.10;7.92;95.00;484.95;7.00;2;0.00;47.48;0;tripinfo_in_os_to_sl.3;car;1.04;
in_ba_to_gj.11;2360.00;-230845886_0;5.10;0.00;3.43;2563.00;23527526_0;253.75;9.56;203.00;1755.68;0.00;0;0.00;28.12;0;tripinfo_in_ba_to_gj.11;car;0.91;
in_ns_to_ko.40;2396.00;-23142338#2_0;5.10;0.00;0.46;2563.00;972103805_0;116.86;11.94;167.00;1398.55;18.00;2;0.00;54.82;0;tripinfo_in_ns_to_ko.40;car;1.13;
in_os_to_od.7;2480.00;-45494495_0;5.10;0.00;0.69;2563.00;23156030#6_1;109.07;11.37;83.00;865.51;0.00;0;0.00;7.28;0;tripinfo_in_os_to_od.7;car;1.03;
in_as_to_od.2;2297.00;23687583_0;5.10;0.00;0.56;2564.00;23156030#6_0;109.07;8.74;267.00;2357.31;5.00;2;0.00;29.19;0;tripinfo_in_as_to_od.2;car;0.90;
in_ba_to_ns.3;2312.00;-230845886_0;5.10;0.00;1.83;2564.00;23142338#2_0;290.21;10.50;252.00;2346.36;11.00;2;0.00;39.57;0;tripinfo_in_ba_to_ns.3;car;1.00;
in_ns_to_ko.41;2407.00;-23142338#2_0;5.10;0.00;0.78;2565.00;972103805_0;116.86;11.53;158.00;1398.55;13.00;2;0.00;40.38;0;tripinfo_in_ns_to_ko.41;car;1.08;
in_as_to_gj.9;2496.00;23687583_0;5.10;0.00;2.12;2565.00;23527526_0;253.75;10.94;69.00;649.06;0.00;0;0.00;9.45;0;tripinfo_in_as_to_gj.9;car;0.99;
in_os_to_ns.3;2369.00;-45494495_0;5.10;0.00;0.69;2566.00;23142338#2_0;290.21;12.28;197.00;1665.91;7.00;1;0.00;59.04;0;tripinfo_in_os_to_ns.3;car;1.18;
in_ba_to_sl.12;2316.00;-230845886_0;5.10;0.00;0.34;2567.00;28706217_0;94.10;6.63;251.00;1934.94;2.00;1;0.00;56.69;0;tripinfo_in_ba_to_sl.12;car;0.92;
in_ba_to_ko.18;2338.00;-230845886_0;5.10;0.00;1.86;2569.00;972103805_0;116.86;11.50;231.00;2114.29;10.00;2;0.00;47.07;0;tripinfo_in_ba_to_ko.18;car;1.05;
in_os_to_sl.4;2510.00;-45494495_0;5.10;0.00;0.47;2569.00;28706217_0;94.10;8.77;59.00;484.95;0.00;0;0.00;14.84;0;tripinfo_in_os_to_sl.4;car;1.11;
in_ba_to_gj.12;2372.00;-230845886_0;5.10;0.00;1.57;2570.00;23527526_0;253.75;11.18;198.00;1755.68;5.00;1;0.00;42.87;0;tripinfo_in_ba_to_gj.12;car;1.03;
in_ns_to_as.4;2290.00;-23142338#2_0;5.10;0.00;0.47;2571.00;41899283#1_0;148.70;9.49;281.00;2009.37;22.00;6;0.00;77.40;0;tripinfo_in_ns_to_as.4;car;0.90;
in_os_to_br.4;2315.00;-45494495_0;5.10;0.00;0.62;2571.00;23156390_0;1121.44;11.68;256.00;2513.69;2.00;1;0.00;48.56;0;tripinfo_in_os_to_br.4;car;1.10;
in_ba_to_ko.19;2341.00;-230845886_0;5.10;0.00;3.19;2571.00;972103805_0;116.86;11.53;230.00;2114.29;13.00;3;0.00;55.80;0;tripinfo_in_ba_to_ko.19;car;1.10;
in_os_to_as.6;2398.00;-45494495_0;5.10;0.00;1.58;2573.00;41899283#1_0;148.70;10.76;175.00;1746.47;0.00;0;0.00;24.32;0;tripinfo_in_os_to_as.6;car;1.05;
in_od_to_ns.7;2263.00;803785575#0_0;5.10;0.00;0.62;2576.00;23142338#2_0;290.21;12.79;313.00;1928.29;101.00;3;0.00;156.24;0;tripinfo_in_od_to_ns.7;car;1.19;
in_od_to_as.5;2178.00;803785575#0_0;5.10;0.00;16.24;2579.00;41899283#1_0;148.70;9.38;401.00;2382.09;147.00;1;0.00;175.32;0;tripinfo_in_od_to_as.5;car;0.96;
in_ba_to_kl.1;2354.00;-230845886_0;5.10;0.00;1.16;2579.00;28716808#1_0;754.74;7.53;225.00;1727.09;1.00;1;0.00;21.26;0;tripinfo_in_ba_to_kl.1;car;0.77;
in_as_to_kl.4;2446.00;23687583_0;5.10;0.00;1.09;2581.00;28716808#1_0;754.74;10.35;135.00;1207.92;1.00;1;0.00;28.76;0;tripinfo_in_as_to_kl.4;car;1.03;
in_as_to_os.5;2401.00;23687583_0;5.10;0.00;0.75;2584.00;45494495_0;58.90;12.05;183.00;1689.77;1.00;1;0.00;45.02;0;tripinfo_in_as_to_os.5;car;1.11;
wu_ba_to_kl.2;2382.00;-230845886_0;5.10;0.00;0.99;2585.00;28716808#1_0;754.74;9.48;203.00;1727.09;7.00;1;0.00;32.92;0;tripinfo_wu_ba_to_kl.2;car;0.92;
in_as_to_br.2;2422.00;23687583_0;5.10;0.00;1.65;2585.00;23156390_0;1121.44;11.62;163.00;1694.48;0.00;0;0.00;18.16;0;tripinfo_in_as_to_br.2;car;1.06;
in_os_to_gg.2;2244.00;-45494495_0;5.10;0.00;1.07;2586.00;23156305_0;1264.14;10.96;342.00;3034.34;6.00;2;0.00;74.39;0;tripinfo_in_os_to_gg.2;car;1.03;
in_ba_to_as.12;2424.00;-230845886_0;5.10;0.00;2.55;2587.00;41899283#1_0;148.70;10.29;163.00;1430.78;10.00;1;0.00;37.21;0;tripinfo_in_ba_to_as.12;car;1.03;
in_ns_to_ko.42;2425.00;-23142338#2_0;5.10;0.00;1.95;2588.00;972103805_0;116.86;9.82;163.00;1398.55;5.00;1;0.00;25.65;0;tripinfo_in_ns_to_ko.42;car;0.92;
in_as_to_os.6;2411.00;23687583_0;5.10;0.00;0.78;2589.00;45494495_0;58.90;9.70;178.00;1689.77;0.00;0;0.00;23.09;0;tripinfo_in_as_to_os.6;car;0.99;
in_ba_to_os.9;2402.00;-230845886_0;5.10;0.00;0.66;2590.00;45494495_0;58.90;12.27;188.00;1647.96;8.00;2;0.00;64.29;0;tripinfo_in_ba_to_os.9;car;1.20;
in_ns_to_ko.43;2428.00;-23142338#2_0;5.10;0.00;1.80;2590.00;972103805_0;116.86;11.78;162.00;1398.55;10.00;2;0.00;54.88;0;tripinfo_in_ns_to_ko.43;car;1.18;
in_ns_to_os.3;2344.00;-23142338#2_0;5.10;0.00;0.61;2592.00;45494495_0;58.90;11.73;248.00;1865.82;25.00;4;0.00;91.68;0;tripinfo_in_ns_to_os.3;car;1.08;
in_ba_to_ko.20;2369.00;-230845886_0;5.10;0.00;3.73;2593.00;972103805_0;116.86;11.49;224.00;2114.29;0.00;0;0.00;43.22;0;tripinfo_in_ba_to_ko.20;car;1.06;
in_ns_to_od.0;2140.00;-23142338#2_0;5.10;0.00;1.26;2597.00;23156030#6_0;109.07;11.54;457.00;2005.01;229.00;6;0.00;282.64;0;tripinfo_in_ns_to_od.0;car;1.11;
in_as_to_os.7;2419.00;23687583_0;5.10;0.00;0.14;2597.00;45494495_0;58.90;9.10;178.00;1689.77;0.00;0;0.00;13.96;0;tripinfo_in_as_to_os.7;car;0.93;
in_od_to_os.20;2321.00;803785575#0_0;5.10;0.00;18.03;2599.00;45494495_0;58.90;10.37;278.00;969.96;114.00;12;0.00;188.70;0;tripinfo_in_od_to_os.20;car;0.98;
in_ba_to_gj.13;2396.00;-230845886_0;5.10;0.00;5.45;2600.00;23527526_0;253.75;9.01;204.00;1755.68;7.00;1;0.00;25.09;0;tripinfo_in_ba_to_gj.13;car;0.89;
in_od_to_os.18;2275.00;803785575#0_0;5.10;0.00;2.08;2603.00;45494495_0;58.90;10.14;328.00;969.96;171.00;11;0.00;232.58;0;tripinfo_in_od_to_os.18;car;0.92;
in_ns_to_ko.44;2434.00;-23142338#2_0;5.10;0.00;5.16;2604.00;972103805_0;116.86;9.97;170.00;1398.55;11.00;3;0.00;44.68;0;tripinfo_in_ns_to_ko.44;car;1.01;
in_as_to_os.8;2428.00;23687583_0;5.10;0.00;6.28;2606.00;45494495_0;58.90;10.14;178.00;1689.77;0.00;0;0.00;13.92;0;tripinfo_in_as_to_os.8;car;0.93;
in_os_to_ko.2;2356.00;-45494495_0;5.10;0.00;0.64;2608.00;972103805_0;116.86;10.85;252.00;2045.29;11.00;4;0.00;57.40;0;tripinfo_in_os_to_ko.2;car;1.01;
in_os_to_ba.10;2395.00;-45494495_0;5.10;0.00;1.27;2610.00;230845886_0;633.12;8.61;215.00;1746.52;1.00;1;0.00;29.46;0;tripinfo_in_os_to_ba.10;car;0.85;
in_ns_to_as.5;2306.00;-23142338#2_0;5.10;0.00;3.37;2612.00;41899283#1_0;148.70;8.96;306.00;2009.37;28.00;5;0.00;80.69;0;tripinfo_in_ns_to_as.5;car;0.81;
in_ba_to_gj.14;2427.00;-230845886_0;5.10;0.00;1.89;2612.00;23527526_0;253.75;12.36;185.00;1755.68;10.00;2;0.00;46.27;0;tripinfo_in_ba_to_gj.14;car;1.15;
in_ba_to_os.10;2415.00;-230845886_0;5.10;0.00;0.71;2613.00;45494495_0;58.90;8.97;198.00;1647.96;11.00;2;0.00;32.23;0;tripinfo_in_ba_to_os.10;car;0.90;
in_ba_to_ko.21;2387.00;-230845886_0;5.10;0.00;0.34;2614.00;972103805_0;116.86;11.39;227.00;2114.29;1.00;1;0.00;43.70;0;tripinfo_in_ba_to_ko.21;car;1.05;
in_ba_to_as.13;2434.00;-230845886_0;5.10;0.00;1.21;2614.00;41899283#1_0;148.70;11.19;180.00;1430.78;15.00;3;0.00;55.30;0;tripinfo_in_ba_to_as.13;car;1.04;
in_ba_to_ko.22;2391.00;-230845886_0;5.10;0.00;2.83;2617.00;972103805_0;116.86;11.24;226.00;2114.29;3.00;1;0.00;53.41;0;tripinfo_in_ba_to_ko.22;car;1.12;
in_od_to_os.23;2369.00;803785575#0_0;5.10;0.00;24.91;2618.00;45494495_0;58.90;9.06;249.00;969.96;72.00;8;0.00;144.03;0;tripinfo_in_od_to_os.23;car;0.84;
in_ba_to_ko.23;2399.00;-230845886_0;5.10;0.00;1.05;2619.00;972103805_0;116.86;12.63;220.00;2114.29;10.00;2;0.00;61.41;0;tripinfo_in_ba_to_ko.23;car;1.21;
in_ba_to_os.11;2430.00;-230845886_0;5.10;0.00;4.62;2619.00;45494495_0;58.90;10.01;189.00;1647.96;9.00;1;0.00;42.37;0;tripinfo_in_ba_to_os.11;car;1.01;
in_as_to_os.9;2456.00;23687583_0;5.10;0.00;0.94;2621.00;45494495_0;58.90;10.34;165.00;1689.77;0.00;0;0.00;19.02;0;tripinfo_in_as_to_os.9;car;1.04;
in_ba_to_sl.13;2366.00;-230845886_0;5.10;0.00;5.55;2623.00;28706217_0;94.10;6.22;257.00;1934.94;14.00;2;0.00;56.38;0;tripinfo_in_ba_to_sl.13;car;0.90;
in_od_to_os.24;2372.00;803785575#0_0;5.10;0.00;21.69;2626.00;45494495_0;58.90;12.56;254.00;969.96;82.00;14;0.00;176.24;0;tripinfo_in_od_to_os.24;car;1.14;
in_as_to_ns.8;2378.00;23687583_0;5.10;0.00;0.71;2627.00;23142338#2_0;290.21;8.27;249.00;1995.73;4.00;2;0.00;32.51;0;tripinfo_in_as_to_ns.8;car;0.84;
in_ba_to_os.12;2463.00;-230845886_0;5.10;0.00;4.63;2629.00;45494495_0;58.90;11.76;166.00;1647.96;0.00;0;0.00;29.56;0;tripinfo_in_ba_to_os.12;car;1.09;
in_ns_to_kl.3;2312.00;-23142338#2_0;5.10;0.00;1.65;2630.00;28716808#1_0;754.74;10.43;318.00;2315.58;30.00;5;0.00;110.52;0;tripinfo_in_ns_to_kl.3;car;1.01;
in_ba_to_ns.4;2344.00;-230845886_0;5.10;0.00;1.43;2633.00;23142338#2_0;290.21;8.39;289.00;2346.36;10.00;2;0.00;37.80;0;tripinfo_in_ba_to_ns.4;car;0.84;
in_ns_to_ko.45;2446.00;-23142338#2_0;5.10;0.00;3.36;2633.00;972103805_0;116.86;10.03;187.00;1398.55;10.00;2;0.00;60.57;0;tripinfo_in_ns_to_ko.45;car;1.00;
in_as_to_ns.9;2434.00;23687583_0;5.10;0.00;4.36;2635.00;23142338#2_0;290.21;11.40;201.00;1995.73;0.00;0;0.00;25.02;0;tripinfo_in_as_to_ns.9;car;1.03;
in_as_to_gj.10;2523.00;23687583_0;5.10;0.00;0.51;2635.00;23527526_0;253.75;9.90;112.00;649.06;32.00;1;0.00;49.17;0;tripinfo_in_as_to_gj.10;car;0.95;
in_ns_to_ko.46;2449.00;-23142338#2_0;5.10;0.00;3.10;2638.00;972103805_0;116.86;8.07;189.00;1398.55;9.00;2;0.00;37.70;0;tripinfo_in_ns_to_ko.46;car;0.83;
in_od_to_ba.7;2224.00;803785575#0_0;5.10;0.00;1.51;2640.00;230845886_0;633.12;9.50;416.00;2382.14;136.00;4;0.00;184.90;0;tripinfo_in_od_to_ba.7;car;0.93;
in_od_to_ko.11;2253.00;803785575#0_0;5.10;0.00;1.11;2640.00;972103805_0;116.86;10.04;387.00;2307.67;104.00;4;0.00;171.54;0;tripinfo_in_od_to_ko.11;car;1.02;
in_ba_to_gj.15;2439.00;-230845886_0;5.10;0.00;3.11;2640.00;23527526_0;253.75;11.06;201.00;1755.68;8.00;3;0.00;44.89;0;tripinfo_in_ba_to_gj.15;car;1.02;
in_ba_to_as.14;2478.00;-230845886_0;5.10;0.00;2.54;2641.00;41899283#1_0;148.70;9.26;163.00;1430.78;0.00;0;0.00;15.27;0;tripinfo_in_ba_to_as.14;car;0.88;
in_ba_to_gj.16;2445.00;-230845886_0;5.10;0.00;0.69;2642.00;23527526_0;253.75;11.37;197.00;1755.68;8.00;3;0.00;50.93;0;tripinfo_in_ba_to_gj.16;car;1.09;
in_od_to_as.6;2212.00;803785575#0_0;5.10;0.00;0.42;2643.00;41899283#1_0;148.70;10.86;431.00;2382.09;150.00;7;0.00;215.60;0;tripinfo_in_od_to_as.6;car;1.00;
in_ns_to_ko.47;2453.00;-23142338#2_0;5.10;0.00;0.60;2645.00;972103805_0;116.86;8.32;192.00;1398.55;17.00;3;0.00;44.61;0;tripinfo_in_ns_to_ko.47;car;0.86;
in_as_to_gj.11;2548.00;23687583_0;5.10;0.00;0.95;2645.00;23527526_0;253.75;11.56;97.00;649.06;22.00;2;0.00;42.24;0;tripinfo_in_as_to_gj.11;car;1.08;
in_ns_to_kl.4;2401.00;-23142338#2_0;5.10;0.00;0.79;2647.00;28716808#1_0;754.74;10.90;246.00;2315.58;9.00;1;0.00;38.65;0;tripinfo_in_ns_to_kl.4;car;1.01;
in_ns_to_ko.48;2471.00;-23142338#2_0;5.10;0.00;2.96;2648.00;972103805_0;116.86;9.60;177.00;1398.55;9.00;2;0.00;32.21;0;tripinfo_in_ns_to_ko.48;car;0.87;
in_ba_to_as.15;2496.00;-230845886_0;5.10;0.00;5.77;2649.00;41899283#1_0;148.70;12.44;153.00;1430.78;4.00;1;0.00;41.19;0;tripinfo_in_ba_to_as.15;car;1.16;
in_as_to_gj.12;2557.00;23687583_0;5.10;0.00;0.16;2649.00;23527526_0;253.75;11.25;92.00;649.06;19.00;2;0.00;37.65;0;tripinfo_in_as_to_gj.12;car;1.09;
in_od_to_ba.8;2250.00;803785575#0_0;5.10;0.00;4.25;2652.00;230845886_0;633.12;10.04;402.00;2382.14;115.00;8;0.00;180.19;0;tripinfo_in_od_to_ba.8;car;0.97;
in_os_to_as.7;2410.00;-45494495_0;5.10;0.00;0.21;2652.00;41899283#1_0;148.70;11.90;242.00;1746.47;39.00;3;0.00;100.00;0;tripinfo_in_os_to_as.7;car;1.12;
in_od_to_ba.9;2284.00;803785575#0_0;5.10;0.00;5.55;2654.00;230845886_0;633.12;11.75;370.00;2382.14;100.00;5;0.00;171.58;0;tripinfo_in_od_to_ba.9;car;1.09;
in_ba_to_ko.24;2418.00;-230845886_0;5.10;0.00;0.09;2661.00;972103805_0;116.86;9.68;243.00;2114.29;12.00;2;0.00;43.15;0;tripinfo_in_ba_to_ko.24;car;0.96;
in_as_to_os.10;2494.00;23687583_0;5.10;0.00;1.00;2661.00;45494495_0;58.90;10.12;167.00;1689.77;0.00;0;0.00;12.64;0;tripinfo_in_as_to_os.10;car;0.99;
in_os_to_gg.3;2310.00;-45494495_0;5.10;0.00;0.83;2662.00;23156305_0;1264.14;8.39;352.00;3034.34;0.00;0;0.00;31.19;0;tripinfo_in_os_to_gg.3;car;0.86;
in_ba_to_sl.14;2375.00;-230845886_0;5.10;0.00;3.58;2662.00;28706217_0;94.10;8.80;287.00;1934.94;47.00;2;0.00;120.46;0;tripinfo_in_ba_to_sl.14;car;1.08;
in_as_to_ns.10;2459.00;23687583_0;5.10;0.00;2.00;2662.00;23142338#2_0;290.21;11.48;203.00;1995.73;7.00;1;0.00;30.14;0;tripinfo_in_as_to_ns.10;car;1.05;
in_ns_to_gg.5;2275.00;-23142338#2_0;5.10;0.00;6.25;2664.00;23156305_0;1264.14;11.01;389.00;3297.24;26.00;4;0.00;100.07;0;tripinfo_in_ns_to_gg.5;car;1.04;
in_ns_to_ko.49;2478.00;-23142338#2_0;5.10;0.00;0.46;2665.00;972103805_0;116.86;9.57;187.00;1398.55;18.00;4;0.00;49.84;0;tripinfo_in_ns_to_ko.49;car;0.92;
in_as_to_sl.16;2398.00;23687583_0;5.10;0.00;0.19;2666.00;28706217_0;94.10;8.15;268.00;1976.75;52.00;3;0.00;91.69;0;tripinfo_in_as_to_sl.16;car;1.04;
in_ns_to_ko.50;2482.00;-23142338#2_0;5.10;0.00;0.69;2668.00;972103805_0;116.86;8.50;186.00;1398.55;14.00;2;0.00;40.16;0;tripinfo_in_ns_to_ko.50;car;0.87;
in_od_to_ko.12;2278.00;803785575#0_0;5.10;0.00;2.78;2670.00;972103805_0;116.86;10.25;392.00;2307.67;107.00;7;0.00;168.73;0;tripinfo_in_od_to_ko.12;car;0.98;
in_ns_to_as.6;2437.00;-23142338#2_0;5.10;0.00;6.17;2671.00;41899283#1_0;148.70;10.82;234.00;2009.37;10.00;3;0.00;50.91;0;tripinfo_in_ns_to_as.6;car;1.00;
in_od_to_ko.13;2281.00;803785575#0_0;5.10;0.00;4.87;2673.00;972103805_0;116.86;9.38;392.00;2307.67;95.00;5;0.00;151.63;0;tripinfo_in_od_to_ko.13;car;0.91;
in_od_to_ko.14;2299.00;803785575#0_0;5.10;0.00;14.32;2675.00;972103805_0;116.86;10.97;376.00;2307.67;81.00;6;0.00;173.93;0;tripinfo_in_od_to_ko.14;car;1.09;
in_ba_to_ko.25;2454.00;-230845886_0;5.10;0.00;0.90;2680.00;972103805_0;116.86;11.19;226.00;2114.29;4.00;2;0.00;43.44;0;tripinfo_in_ba_to_ko.25;car;1.06;
in_as_to_gj.13;2573.00;23687583_0;5.10;0.00;1.36;2680.00;23527526_0;253.75;7.80;107.00;649.06;2.00;1;0.00;24.50;0;tripinfo_in_as_to_gj.13;car;0.72;
in_ba_to_gj.17;2469.00;-230845886_0;5.10;0.00;4.69;2682.00;23527526_0;253.75;9.24;213.00;1755.68;3.00;1;0.00;32.85;0;tripinfo_in_ba_to_gj.17;car;0.88;
in_ns_to_ko.51;2517.00;-23142338#2_0;5.10;0.00;0.53;2689.00;972103805_0;116.86;9.24;172.00;1398.55;12.00;2;0.00;34.59;0;tripinfo_in_ns_to_ko.51;car;0.92;
in_as_to_br.3;2510.00;23687583_0;5.10;0.00;6.35;2690.00;23156390_0;1121.44;9.69;180.00;1694.48;1.00;1;0.00;19.02;0;tripinfo_in_as_to_br.3;car;0.95;
in_ba_to_as.16;2526.00;-230845886_0;5.10;0.00;2.66;2690.00;41899283#1_0;148.70;9.53;164.00;1430.78;0.00;0;0.00;20.77;0;tripinfo_in_ba_to_as.16;car;0.90;
in_as_to_gj.14;2608.00;23687583_0;5.10;0.00;2.88;2691.00;23527526_0;253.75;10.22;83.00;649.06;8.00;1;0.00;23.12;0;tripinfo_in_as_to_gj.14;car;0.99;
in_ns_to_ko.52;2523.00;-23142338#2_0;5.10;0.00;1.68;2692.00;972103805_0;116.86;9.38;169.00;1398.55;9.00;2;0.00;32.40;0;tripinfo_in_ns_to_ko.52;car;0.93;
in_os_to_ko.3;2380.00;-45494495_0;5.10;0.00;0.33;2693.00;972103805_0;116.86;12.67;313.00;2045.29;59.00;5;0.00;143.88;0;tripinfo_in_os_to_ko.3;car;1.16;
in_ba_to_ns.5;2421.00;-230845886_0;5.10;0.00;2.88;2693.00;23142338#2_0;290.21;11.38;272.00;2346.36;21.00;3;0.00;69.43;0;tripinfo_in_ba_to_ns.5;car;1.05;
in_os_to_ko.4;2386.00;-45494495_0;5.10;0.00;0.82;2696.00;972103805_0;116.86;11.03;310.00;2045.29;59.00;7;0.00;113.79;0;tripinfo_in_os_to_ko.4;car;1.00;
in_ba_to_as.17;2543.00;-230845886_0;5.10;0.00;0.78;2697.00;41899283#1_0;148.70;9.32;154.00;1430.78;0.00;0;0.00;15.12;0;tripinfo_in_ba_to_as.17;car;0.93;
in_od_to_as.7;2266.00;803785575#0_0;5.10;0.00;2.20;2699.00;41899283#1_0;148.70;11.26;433.00;2382.09;137.00;5;0.00;223.13;0;tripinfo_in_od_to_as.7;car;1.03;
in_os_to_ba.11;2420.00;-45494495_0;5.10;0.00;0.98;2701.00;230845886_0;633.12;9.72;281.00;1746.52;62.00;3;0.00;111.95;0;tripinfo_in_os_to_ba.11;car;0.93;
in_ba_to_as.18;2562.00;-230845886_0;5.10;0.00;0.22;2701.00;41899283#1_0;148.70;10.46;139.00;1430.78;0.00;0;0.00;15.29;0;tripinfo_in_ba_to_as.18;car;1.05;
in_as_to_ko.19;2514.00;23687583_0;5.10;0.00;0.21;2702.00;972103805_0;116.86;7.68;188.00;1102.39;34.00;1;0.00;50.30;0;tripinfo_in_as_to_ko.19;car;0.72;
in_ba_to_os.14;2532.00;-230845886_0;5.10;0.00;3.88;2702.00;45494495_0;58.90;12.49;170.00;1647.96;0.00;0;0.00;42.57;0;tripinfo_in_ba_to_os.14;car;1.17;
in_ba_to_as.19;2568.00;-230845886_0;5.10;0.00;0.58;2702.00;41899283#1_0;148.70;11.26;134.00;1430.78;0.00;0;0.00;15.32;0;tripinfo_in_ba_to_as.19;car;1.09;
in_as_to_sl.15;2391.00;23687583_0;5.10;0.00;0.61;2704.00;28706217_0;94.10;6.48;313.00;1976.75;53.00;5;0.00;100.30;0;tripinfo_in_as_to_sl.15;car;0.86;
in_ba_to_ko.26;2457.00;-230845886_0;5.10;0.00;2.06;2704.00;972103805_0;116.86;10.77;247.00;2114.29;16.00;2;0.00;77.21;0;tripinfo_in_ba_to_ko.26;car;1.13;
in_as_to_sl.17;2431.00;23687583_0;5.10;0.00;1.93;2706.00;28706217_0;94.10;8.83;275.00;1976.75;45.00;3;0.00;110.61;0;tripinfo_in_as_to_sl.17;car;1.12;
in_ba_to_ko.27;2460.00;-230845886_0;5.10;0.00;4.99;2706.00;972103805_0;116.86;10.19;246.00;2114.29;10.00;1;0.00;57.67;0;tripinfo_in_ba_to_ko.27;car;1.02;
in_ba_to_os.13;2514.00;-230845886_0;5.10;0.00;4.50;2707.00;45494495_0;58.90;8.42;193.00;1647.96;0.00;0;0.00;20.18;0;tripinfo_in_ba_to_os.13;car;0.86;
in_as_to_sl.18;2440.00;23687583_0;5.10;0.00;4.97;2708.00;28706217_0;94.10;8.26;268.00;1976.75;47.00;6;0.00;105.86;0;tripinfo_in_as_to_sl.18;car;1.13;
in_ba_to_ko.28;2472.00;-230845886_0;5.10;0.00;6.43;2708.00;972103805_0;116.86;13.24;236.00;2114.29;2.00;1;0.00;75.26;0;tripinfo_in_ba_to_ko.28;car;1.20;
in_ba_to_gj.18;2511.00;-230845886_0;5.10;0.00;6.24;2709.00;23527526_0;253.75;10.98;198.00;1755.68;5.00;1;0.00;41.86;0;tripinfo_in_ba_to_gj.18;car;1.02;
in_ns_to_ko.53;2551.00;-23142338#2_0;5.10;0.00;0.11;2710.00;972103805_0;116.86;11.43;159.00;1398.55;13.00;3;0.00;42.95;0;tripinfo_in_ns_to_ko.53;car;1.09;
in_ba_to_sl.15;2475.00;-230845886_0;5.10;0.00;6.00;2711.00;28706217_0;94.10;8.11;236.00;1934.94;13.00;3;0.00;57.35;0;tripinfo_in_ba_to_sl.15;car;1.01;
in_ns_to_ba.1;2339.00;-23142338#2_0;5.10;0.00;0.55;2712.00;230845886_0;633.12;9.94;373.00;2340.42;82.00;7;0.00;153.41;0;tripinfo_in_ns_to_ba.1;car;0.96;
in_as_to_ns.11;2500.00;23687583_0;5.10;0.00;3.04;2713.00;23142338#2_0;290.21;11.49;213.00;1995.73;14.00;2;0.00;39.48;0;tripinfo_in_as_to_ns.11;car;1.05;
in_as_to_sl.19;2503.00;23687583_0;5.10;0.00;5.19;2713.00;28706217_0;94.10;8.84;210.00;1976.75;6.00;2;0.00;40.98;0;tripinfo_in_as_to_sl.19;car;1.08;
in_as_to_gj.15;2628.00;23687583_0;5.10;0.00;0.05;2713.00;23527526_0;253.75;11.12;85.00;649.06;12.00;2;0.00;30.04;0;tripinfo_in_as_to_gj.15;car;1.09;
in_ns_to_gg.6;2410.00;-23142338#2_0;5.10;0.00;1.60;2714.00;23156305_0;1264.14;13.87;304.00;3297.24;18.00;3;0.00;63.40;0;tripinfo_in_ns_to_gg.6;car;1.28;
in_os_to_ba.12;2436.00;-45494495_0;5.10;0.00;0.82;2714.00;230845886_0;633.12;10.19;278.00;1746.52;57.00;3;0.00;124.23;0;tripinfo_in_os_to_ba.12;car;1.03;
in_as_to_ns.12;2506.00;23687583_0;5.10;0.00;5.23;2715.00;23142338#2_0;290.21;11.62;209.00;1995.73;9.00;2;0.00;39.76;0;tripinfo_in_as_to_ns.12;car;1.08;
in_ns_to_ko.54;2554.00;-23142338#2_0;5.10;0.00;2.18;2715.00;972103805_0;116.86;9.21;161.00;1398.55;1.00;1;0.00;19.47;0;tripinfo_in_ns_to_ko.54;car;0.89;
in_od_to_ba.10;2296.00;803785575#0_0;5.10;0.00;11.82;2716.00;230845886_0;633.12;11.78;420.00;2382.14;120.00;8;0.00;226.89;0;tripinfo_in_od_to_ba.10;car;1.12;
in_as_to_ko.20;2581.00;23687583_0;5.10;0.00;0.25;2718.00;972103805_0;116.86;10.20;137.00;1102.39;1.00;1;0.00;33.80;0;tripinfo_in_as_to_ko.20;car;0.97;
in_as_to_ko.21;2584.00;23687583_0;5.10;0.00;1.22;2720.00;972103805_0;116.86;10.52;136.00;1102.39;1.00;1;0.00;40.17;0;tripinfo_in_as_to_ko.21;car;1.04;
in_as_to_od.4;2491.00;23687583_0;5.10;0.00;0.76;2723.00;23156030#6_0;109.07;10.38;232.00;2357.31;0.00;0;0.00;16.35;0;tripinfo_in_as_to_od.4;car;0.99;
in_as_to_ba.8;2565.00;23687583_0;5.10;0.00;0.95;2725.00;230845886_0;633.12;11.36;160.00;1356.50;11.00;2;0.00;42.70;0;tripinfo_in_as_to_ba.8;car;1.04;
in_ba_to_sl.16;2486.00;-230845886_0;5.10;0.00;3.44;2726.00;28706217_0;94.10;6.76;240.00;1934.94;4.00;1;0.00;46.37;0;tripinfo_in_ba_to_sl.16;car;0.93;
in_od_to_br.2;2204.00;803785575#0_0;5.10;0.00;1.33;2727.00;23156390_0;1121.44;9.19;523.00;3149.31;153.00;7;0.00;205.47;0;tripinfo_in_od_to_br.2;car;0.90;
in_ns_to_ko.55;2590.00;-23142338#2_0;5.10;0.00;0.05;2727.00;972103805_0;116.86;10.64;137.00;1398.55;0.00;0;0.00;10.78;0;tripinfo_in_ns_to_ko.55;car;1.00;
in_od_to_kl.5;2260.00;803785575#0_0;5.10;0.00;0.01;2728.00;28716808#1_0;754.74;11.64;468.00;2678.40;151.00;9;0.00;246.33;0;tripinfo_in_od_to_kl.5;car;1.09;
in_ba_to_sl.17;2490.00;-230845886_0;5.10;0.00;5.98;2728.00;28706217_0;94.10;8.48;238.00;1934.94;3.00;1;0.00;70.57;0;tripinfo_in_ba_to_sl.17;car;1.08;
in_as_to_os.11;2534.00;23687583_0;5.10;0.00;0.81;2728.00;45494495_0;58.90;11.53;194.00;1689.77;25.00;1;0.00;47.55;0;tripinfo_in_as_to_os.11;car;1.04;
in_ns_to_as.7;2458.00;-23142338#2_0;5.10;0.00;0.38;2730.00;41899283#1_0;148.70;9.43;272.00;2009.37;25.00;4;0.00;69.76;0;tripinfo_in_ns_to_as.7;car;0.90;
in_od_to_os.27;2430.00;803785575#0_0;5.10;0.00;13.43;2733.00;45494495_0;58.90;11.81;303.00;969.96;145.00;7;0.00;221.73;0;tripinfo_in_od_to_os.27;car;1.08;
in_ns_to_sl.1;2225.00;-23142338#2_0;5.10;0.00;1.58;2735.00;28706217_0;94.10;6.68;510.00;1619.36;285.00;6;0.00;336.20;0;tripinfo_in_ns_to_sl.1;car;0.94;
in_od_to_as.8;2290.00;803785575#0_0;5.10;0.00;11.27;2735.00;41899283#1_0;148.70;11.31;445.00;2382.09;132.00;7;0.00;236.19;0;tripinfo_in_od_to_as.8;car;1.03;
in_ba_to_os.15;2573.00;-230845886_0;5.10;0.00;0.56;2736.00;45494495_0;58.90;10.60;163.00;1647.96;0.00;0;0.00;15.05;0;tripinfo_in_ba_to_os.15;car;1.01;
in_as_to_ba.9;2568.00;23687583_0;5.10;0.00;3.85;2737.00;230845886_0;633.12;10.07;169.00;1356.50;7.00;2;0.00;34.32;0;tripinfo_in_as_to_ba.9;car;0.91;
in_ba_to_os.16;2582.00;-230845886_0;5.10;0.00;0.38;2738.00;45494495_0;58.90;13.79;156.00;1647.96;0.00;0;0.00;36.70;0;tripinfo_in_ba_to_os.16;car;1.29;
in_as_to_ba.10;2589.00;23687583_0;5.10;0.00;0.02;2739.00;230845886_0;633.12;9.63;150.00;1356.50;1.00;1;0.00;22.52;0;tripinfo_in_as_to_ba.10;car;0.96;
in_os_to_as.8;2457.00;-45494495_0;5.10;0.00;0.39;2744.00;41899283#1_0;148.70;9.17;287.00;1746.47;52.00;4;0.00;114.59;0;tripinfo_in_os_to_as.8;car;0.92;
in_od_to_ns.8;2312.00;803785575#0_0;5.10;0.00;11.53;2746.00;23142338#2_0;290.21;10.76;434.00;1928.29;151.00;9;0.00;243.90;0;tripinfo_in_od_to_ns.8;car;0.98;
in_os_to_as.9;2507.00;-45494495_0;5.10;0.00;0.56;2746.00;41899283#1_0;148.70;11.78;239.00;1746.47;30.00;2;0.00;102.15;0;tripinfo_in_os_to_as.9;car;1.16;
in_ns_to_as.8;2526.00;-23142338#2_0;5.10;0.00;2.44;2748.00;41899283#1_0;148.70;12.23;222.00;2009.37;15.00;3;0.00;66.08;0;tripinfo_in_ns_to_as.8;car;1.18;
in_as_to_ko.22;2599.00;23687583_0;5.10;0.00;0.35;2751.00;972103805_0;116.86;9.95;152.00;1102.39;18.00;1;0.00;44.12;0;tripinfo_in_as_to_ko.22;car;0.92;
in_as_to_ko.23;2617.00;23687583_0;5.10;0.00;5.61;2753.00;972103805_0;116.86;11.06;136.00;1102.39;17.00;2;0.00;37.60;0;tripinfo_in_as_to_ko.23;car;1.01;
in_as_to_gj.16;2661.00;23687583_0;5.10;0.00;7.23;2753.00;23527526_0;253.75;10.27;92.00;649.06;11.00;1;0.00;27.61;0;tripinfo_in_as_to_gj.16;car;0.93;
in_od_to_os.28;2446.00;803785575#0_0;5.10;0.00;4.16;2755.00;45494495_0;58.90;10.17;309.00;969.96;148.00;8;0.00;214.68;0;tripinfo_in_od_to_os.28;car;0.93;
in_od_to_os.26;2424.00;803785575#0_0;5.10;0.00;16.78;2757.00;45494495_0;58.90;12.65;333.00;969.96;139.00;12;0.00;256.55;0;tripinfo_in_od_to_os.26;car;1.15;
in_os_to_ko.5;2403.00;-45494495_0;5.10;0.00;0.57;2758.00;972103805_0;116.86;9.06;355.00;2045.29;63.00;7;0.00;119.10;0;tripinfo_in_os_to_ko.5;car;0.83;
in_os_to_ba.13;2547.00;-45494495_0;5.10;0.00;0.56;2761.00;230845886_0;633.12;9.37;214.00;1746.52;1.00;1;0.00;42.19;0;tripinfo_in_os_to_ba.13;car;0.92;
in_od_to_ba.13;2360.00;803785575#0_0;5.10;0.00;24.97;2763.00;230845886_0;633.12;10.34;403.00;2382.14;96.00;9;0.00;190.61;0;tripinfo_in_od_to_ba.13;car;1.01;
in_ba_to_ko.29;2482.00;-230845886_0;5.10;0.00;0.20;2764.00;972103805_0;116.86;7.84;282.00;2114.29;11.00;2;0.00;41.95;0;tripinfo_in_ba_to_ko.29;car;0.80;
in_ba_to_ko.30;2499.00;-230845886_0;5.10;0.00;6.77;2766.00;972103805_0;116.86;10.22;267.00;2114.29;8.00;2;0.00;67.87;0;tripinfo_in_ba_to_ko.30;car;0.97;
in_od_to_as.9;2293.00;803785575#0_0;5.10;0.00;12.29;2768.00;41899283#1_0;148.70;10.39;475.00;2382.09;163.00;10;0.00;259.23;0;tripinfo_in_od_to_as.9;car;1.00;
in_os_to_kl.1;2453.00;-45494495_0;5.10;0.00;0.69;2770.00;28716808#1_0;754.74;10.04;317.00;2042.78;54.00;3;0.00;121.51;0;tripinfo_in_os_to_kl.1;car;0.95;
in_ns_to_ko.56;2593.00;-23142338#2_0;5.10;0.00;2.31;2770.00;972103805_0;116.86;9.94;177.00;1398.55;22.00;2;0.00;39.24;0;tripinfo_in_ns_to_ko.56;car;0.92;
in_ba_to_as.20;2622.00;-230845886_0;5.10;0.00;1.77;2770.00;41899283#1_0;148.70;10.33;148.00;1430.78;0.00;0;0.00;22.57;0;tripinfo_in_ba_to_as.20;car;1.04;
in_ba_to_gg.4;2466.00;-230845886_0;5.10;0.00;4.65;2771.00;23156305_0;1264.14;9.80;305.00;2718.65;5.00;1;0.00;37.60;0;tripinfo_in_ba_to_gg.4;car;0.92;
in_as_to_os.12;2537.00;23687583_0;5.10;0.00;0.28;2771.00;45494495_0;58.90;9.16;234.00;1689.77;33.00;3;0.00;62.84;0;tripinfo_in_as_to_os.12;car;0.89;
in_od_to_ba.12;2345.00;803785575#0_0;5.10;0.00;31.69;2772.00;230845886_0;633.12;10.95;427.00;2382.14;124.00;10;0.00;209.54;0;tripinfo_in_od_to_ba.12;car;0.99;
in_ns_to_ko.57;2596.00;-23142338#2_0;5.10;0.00;0.04;2772.00;972103805_0;116.86;10.39;176.00;1398.55;18.00;2;0.00;46.78;0;tripinfo_in_ns_to_ko.57;car;0.98;
in_od_to_gg.6;2231.00;803785575#0_0;5.10;0.00;0.08;2773.00;23156305_0;1264.14;11.46;542.00;3669.96;133.00;7;0.00;220.09;0;tripinfo_in_od_to_gg.6;car;1.03;
in_od_to_br.3;2272.00;803785575#0_0;5.10;0.00;5.95;2773.00;23156390_0;1121.44;12.10;501.00;3149.31;139.00;7;0.00;247.22;0;tripinfo_in_od_to_br.3;car;1.12;
in_ba_to_os.17;2607.00;-230845886_0;5.10;0.00;3.46;2773.00;45494495_0;58.90;12.63;166.00;1647.96;0.00;0;0.00;38.31;0;tripinfo_in_ba_to_os.17;car;1.17;
in_ns_to_ko.58;2607.00;-23142338#2_0;5.10;0.00;0.02;2774.00;972103805_0;116.86;10.52;167.00;1398.55;12.00;2;0.00;42.10;0;tripinfo_in_ns_to_ko.58;car;1.01;
in_od_to_os.21;2333.00;803785575#0_0;5.10;0.00;25.77;2775.00;45494495_0;58.90;10.87;442.00;969.96;221.00;25;0.00;354.03;0;tripinfo_in_od_to_os.21;car;1.00;
in_ns_to_gg.7;2422.00;-23142338#2_0;5.10;0.00;1.08;2775.00;23156305_0;1264.14;11.51;353.00;3297.24;14.00;2;0.00;72.63;0;tripinfo_in_ns_to_gg.7;car;1.07;
in_ba_to_gg.5;2502.00;-230845886_0;5.10;0.00;7.67;2777.00;23156305_0;1264.14;12.66;275.00;2718.65;2.00;1;0.00;76.90;0;tripinfo_in_ba_to_gg.5;car;1.35;
in_od_to_os.31;2518.00;803785575#0_0;5.10;0.00;14.63;2777.00;45494495_0;58.90;12.20;259.00;969.96;102.00;14;0.00;180.03;0;tripinfo_in_od_to_os.31;car;1.11;
in_od_to_gj.3;2247.00;803785575#0_0;5.10;0.00;2.29;2778.00;23527526_0;253.75;9.48;531.00;2706.99;168.00;7;0.00;251.28;0;tripinfo_in_od_to_gj.3;car;0.88;
in_ns_to_gg.8;2431.00;-23142338#2_0;5.10;0.00;3.19;2778.00;23156305_0;1264.14;13.51;347.00;3297.24;24.00;4;0.00;106.49;0;tripinfo_in_ns_to_gg.8;car;1.25;
in_ba_to_ns.6;2493.00;-230845886_0;5.10;0.00;3.21;2779.00;23142338#2_0;290.21;9.73;286.00;2346.36;17.00;3;0.00;51.29;0;tripinfo_in_ba_to_ns.6;car;0.90;
in_ba_to_ko.31;2505.00;-230845886_0;5.10;0.00;9.90;2779.00;972103805_0;116.86;11.84;274.00;2114.29;27.00;4;0.00;100.50;0;tripinfo_in_ba_to_ko.31;car;1.11;
in_ba_to_gj.19;2612.00;-230845886_0;5.10;0.00;0.83;2779.00;23527526_0;253.75;11.55;167.00;1755.68;0.00;0;0.00;24.17;0;tripinfo_in_ba_to_gj.19;car;1.11;
in_ba_to_os.18;2615.00;-230845886_0;5.10;0.00;1.80;2781.00;45494495_0;58.90;10.78;166.00;1647.96;4.00;1;0.00;23.73;0;tripinfo_in_ba_to_os.18;car;1.05;
in_od_to_ba.11;2342.00;803785575#0_0;5.10;0.00;29.01;2782.00;230845886_0;633.12;9.08;440.00;2382.14;110.00;17;0.00;207.68;0;tripinfo_in_od_to_ba.11;car;0.93;
in_ns_to_gj.0;2269.00;-23142338#2_0;5.10;0.00;3.65;2783.00;23527526_0;253.75;11.23;514.00;2084.96;281.00;5;0.00;327.21;0;tripinfo_in_ns_to_gj.0;car;1.01;
in_ba_to_ko.32;2508.00;-230845886_0;5.10;0.00;12.01;2783.00;972103805_0;116.86;10.59;275.00;2114.29;24.00;3;0.00;85.71;0;tripinfo_in_ba_to_ko.32;car;1.02;
in_od_to_ba.14;2363.00;803785575#0_0;5.10;0.00;22.20;2784.00;230845886_0;633.12;10.29;421.00;2382.14;117.00;12;0.00;210.72;0;tripinfo_in_od_to_ba.14;car;1.02;
in_ns_to_gj.1;2440.00;-23142338#2_0;5.10;0.00;8.18;2785.00;23527526_0;253.75;10.32;345.00;2084.96;112.00;5;0.00;160.13;0;tripinfo_in_ns_to_gj.1;car;1.02;
in_od_to_as.10;2330.00;803785575#0_0;5.10;0.00;23.26;2786.00;41899283#1_0;148.70;10.67;456.00;2382.09;112.00;18;0.00;235.83;0;tripinfo_in_od_to_as.10;car;0.98;
in_os_to_br.5;2417.00;-45494495_0;5.10;0.00;5.27;2786.00;23156390_0;1121.44;10.56;369.00;2513.69;67.00;4;0.00;154.78;0;tripinfo_in_os_to_br.5;car;1.07;
in_as_to_ns.13;2517.00;23687583_0;5.10;0.00;3.05;2787.00;23142338#2_0;290.21;10.13;270.00;1995.73;36.00;2;0.00;76.91;0;tripinfo_in_as_to_ns.13;car;0.95;
in_as_to_ko.24;2645.00;23687583_0;5.10;0.00;0.41;2787.00;972103805_0;116.86;10.04;142.00;1102.39;16.00;2;0.00;34.25;0;tripinfo_in_as_to_ko.24;car;0.93;
in_as_to_ns.14;2526.00;23687583_0;5.10;0.00;1.94;2788.00;23142338#2_0;290.21;11.09;262.00;1995.73;33.00;2;0.00;89.17;0;tripinfo_in_as_to_ns.14;car;1.05;
in_as_to_ko.25;2658.00;23687583_0;5.10;0.00;6.19;2789.00;972103805_0;116.86;11.21;131.00;1102.39;12.00;1;0.00;35.32;0;tripinfo_in_as_to_ko.25;car;1.05;
in_as_to_gj.17;2702.00;23687583_0;5.10;0.00;4.43;2789.00;23527526_0;253.75;10.94;87.00;649.06;14.00;2;0.00;27.86;0;tripinfo_in_as_to_gj.17;car;1.00;
in_ba_to_as.22;2640.00;-230845886_0;5.10;0.00;2.98;2793.00;41899283#1_0;148.70;11.38;153.00;1430.78;0.00;0;0.00;30.97;0;tripinfo_in_ba_to_as.22;car;1.06;
in_od_to_os.22;2348.00;803785575#0_0;5.10;0.00;32.79;2795.00;45494495_0;58.90;9.72;447.00;969.96;198.00;23;0.00;347.12;0;tripinfo_in_od_to_os.22;car;0.88;
in_os_to_kl.2;2514.00;-45494495_0;5.10;0.00;0.50;2796.00;28716808#1_0;754.74;7.82;282.00;2042.78;5.00;1;0.00;45.87;0;tripinfo_in_os_to_kl.2;car;0.78;
in_as_to_ko.26;2671.00;23687583_0;5.10;0.00;10.55;2796.00;972103805_0;116.86;10.45;125.00;1102.39;8.00;1;0.00;26.68;0;tripinfo_in_as_to_ko.26;car;1.01;
in_os_to_kl.3;2526.00;-45494495_0;5.10;0.00;0.92;2798.00;28716808#1_0;754.74;10.21;272.00;2042.78;16.00;2;0.00;87.59;0;tripinfo_in_os_to_kl.3;car;1.01;
in_od_to_kl.7;2324.00;803785575#0_0;5.10;0.00;19.13;2800.00;28716808#1_0;754.74;11.53;476.00;2678.40;142.00;9;0.00;254.04;0;tripinfo_in_od_to_kl.7;car;1.09;
in_ba_to_od.0;2554.00;-230845886_0;5.10;0.00;4.55;2800.00;23156030#6_0;109.07;9.94;246.00;2315.50;9.00;1;0.00;31.50;0;tripinfo_in_ba_to_od.0;car;0.97;
in_ba_to_ns.7;2520.00;-230845886_0;5.10;0.00;1.98;2801.00;23142338#2_0;290.21;9.39;281.00;2346.36;6.00;2;0.00;38.52;0;tripinfo_in_ba_to_ns.7;car;0.87;
in_ba_to_ko.33;2523.00;-230845886_0;5.10;0.00;2.71;2801.00;972103805_0;116.86;8.77;278.00;2114.29;20.00;2;0.00;52.77;0;tripinfo_in_ba_to_ko.33;car;0.85;
in_ba_to_as.21;2625.00;-230845886_0;5.10;0.00;2.42;2802.00;41899283#1_0;148.70;8.31;177.00;1430.78;0.00;0;0.00;17.32;0;tripinfo_in_ba_to_as.21;car;0.81;
in_ns_to_ko.59;2610.00;-23142338#2_0;5.10;0.00;2.80;2803.00;972103805_0;116.86;10.71;193.00;1398.55;30.00;4;0.00;70.74;0;tripinfo_in_ns_to_ko.59;car;1.03;
in_ba_to_as.23;2649.00;-230845886_0;5.10;0.00;4.73;2804.00;41899283#1_0;148.70;12.35;155.00;1430.78;0.00;0;0.00;38.00;0;tripinfo_in_ba_to_as.23;car;1.11;
in_as_to_gg.3;2623.00;23687583_0;5.10;0.00;0.97;2805.00;23156305_0;1264.14;10.01;182.00;1600.87;3.00;1;0.00;22.59;0;tripinfo_in_as_to_gg.3;car;0.91;
in_od_to_ko.15;2309.00;803785575#0_0;5.10;0.00;10.11;2806.00;972103805_0;116.86;9.61;497.00;2307.67;163.00;11;0.00;247.28;0;tripinfo_in_od_to_ko.15;car;0.88;
in_ba_to_gg.6;2517.00;-230845886_0;5.10;0.00;1.05;2807.00;23156305_0;1264.14;10.70;290.00;2718.65;0.00;0;0.00;56.51;0;tripinfo_in_ba_to_gg.6;car;1.06;
in_ba_to_ko.34;2529.00;-230845886_0;5.10;0.00;5.06;2808.00;972103805_0;116.86;9.57;279.00;2114.29;17.00;3;0.00;72.85;0;tripinfo_in_ba_to_ko.34;car;0.93;
in_ns_to_gj.2;2443.00;-23142338#2_0;5.10;0.00;1.60;2809.00;23527526_0;253.75;8.50;366.00;2084.96;93.00;3;0.00;128.83;0;tripinfo_in_ns_to_gj.2;car;0.80;
in_ns_to_ko.60;2643.00;-23142338#2_0;5.10;0.00;0.41;2809.00;972103805_0;116.86;11.42;166.00;1398.55;24.00;2;0.00;45.19;0;tripinfo_in_ns_to_ko.60;car;1.04;
in_as_to_gj.18;2742.00;23687583_0;5.10;0.00;4.57;2810.00;23527526_0;253.75;10.24;68.00;649.06;0.00;0;0.00;15.85;0;tripinfo_in_as_to_gj.18;car;1.13;
in_ba_to_os.20;2631.00;-230845886_0;5.10;0.00;0.04;2811.00;45494495_0;58.90;10.58;180.00;1647.96;0.00;0;0.00;35.08;0;tripinfo_in_ba_to_os.20;car;1.03;
in_ba_to_os.19;2628.00;-230845886_0;5.10;0.00;5.26;2814.00;45494495_0;58.90;10.09;186.00;1647.96;0.00;0;0.00;27.34;0;tripinfo_in_ba_to_os.19;car;0.94;
in_as_to_ba.11;2631.00;23687583_0;5.10;0.00;0.96;2814.00;230845886_0;633.12;9.08;183.00;1356.50;19.00;2;0.00;43.92;0;tripinfo_in_as_to_ba.11;car;0.88;
in_ba_to_ko.35;2601.00;-230845886_0;5.10;0.00;0.79;2819.00;972103805_0;116.86;10.85;218.00;2114.29;7.00;1;0.00;30.61;0;tripinfo_in_ba_to_ko.35;car;1.03;
in_as_to_kl.5;2674.00;23687583_0;5.10;0.00;9.45;2820.00;28716808#1_0;754.74;10.10;146.00;1207.92;10.00;2;0.00;32.34;0;tripinfo_in_as_to_kl.5;car;0.97;
in_ba_to_gg.7;2535.00;-230845886_0;5.10;0.00;0.24;2821.00;23156305_0;1264.14;10.56;286.00;2718.65;0.00;0;0.00;32.01;0;tripinfo_in_ba_to_gg.7;car;0.97;
in_ba_to_os.21;2646.00;-230845886_0;5.10;0.00;6.67;2821.00;45494495_0;58.90;10.48;175.00;1647.96;0.00;0;0.00;26.38;0;tripinfo_in_ba_to_os.21;car;1.01;
in_as_to_ns.15;2540.00;23687583_0;5.10;0.00;0.44;2822.00;23142338#2_0;290.21;9.64;282.00;1995.73;43.00;3;0.00;78.19;0;tripinfo_in_as_to_ns.15;car;0.89;
in_ns_to_os.4;2623.00;-23142338#2_0;5.10;0.00;0.07;2822.00;45494495_0;58.90;11.43;199.00;1865.82;14.00;2;0.00;43.77;0;tripinfo_in_ns_to_os.4;car;1.09;
in_as_to_ns.16;2602.00;23687583_0;5.10;0.00;2.29;2824.00;23142338#2_0;290.21;10.23;222.00;1995.73;3.00;1;0.00;38.67;0;tripinfo_in_as_to_ns.16;car;0.99;
in_ba_to_os.22;2657.00;-230845886_0;5.10;0.00;1.78;2824.00;45494495_0;58.90;11.34;167.00;1647.96;0.00;0;0.00;28.46;0;tripinfo_in_ba_to_os.22;car;1.08;
in_ns_to_ba.2;2505.00;-23142338#2_0;5.10;0.00;1.52;2825.00;230845886_0;633.12;8.76;320.00;2340.42;22.00;5;0.00;78.43;0;tripinfo_in_ns_to_ba.2;car;0.87;
in_os_to_gg.4;2426.00;-45494495_0;5.10;0.00;0.90;2826.00;23156305_0;1264.14;12.92;400.00;3034.34;62.00;4;0.00;164.55;0;tripinfo_in_os_to_gg.4;car;1.17;
in_as_to_ns.17;2620.00;23687583_0;5.10;0.00;1.11;2826.00;23142338#2_0;290.21;12.05;206.00;1995.73;6.00;2;0.00;46.50;0;tripinfo_in_as_to_ns.17;car;1.14;
in_os_to_ns.4;2613.00;-45494495_0;5.10;0.00;1.59;2828.00;23142338#2_0;290.21;11.46;215.00;1665.91;15.00;3;0.00;69.52;0;tripinfo_in_os_to_ns.4;car;1.12;
in_ba_to_as.24;2673.00;-230845886_0;5.10;0.00;2.71;2828.00;41899283#1_0;148.70;9.32;155.00;1430.78;0.00;0;0.00;17.58;0;tripinfo_in_ba_to_as.24;car;0.95;
in_as_to_ko.27;2711.00;23687583_0;5.10;0.00;1.97;2829.00;972103805_0;116.86;12.27;118.00;1102.39;5.00;2;0.00;28.80;0;tripinfo_in_as_to_ko.27;car;1.12;
in_ns_to_ko.61;2650.00;-23142338#2_0;5.10;0.00;0.39;2835.00;972103805_0;116.86;8.39;185.00;1398.55;13.00;3;0.00;37.68;0;tripinfo_in_ns_to_ko.61;car;0.86;
in_ba_to_as.25;2682.00;-230845886_0;5.10;0.00;6.00;2836.00;41899283#1_0;148.70;10.08;154.00;1430.78;0.00;0;0.00;13.66;0;tripinfo_in_ba_to_as.25;car;0.92;
in_ns_to_ko.62;2659.00;-23142338#2_0;5.10;0.00;0.45;2837.00;972103805_0;116.86;8.62;178.00;1398.55;7.00;1;0.00;35.37;0;tripinfo_in_ns_to_ko.62;car;0.88;
in_ns_to_ko.63;2662.00;-23142338#2_0;5.10;0.00;2.82;2839.00;972103805_0;116.86;11.18;177.00;1398.55;6.00;1;0.00;57.16;0;tripinfo_in_ns_to_ko.63;car;1.06;
in_od_to_ko.16;2336.00;803785575#0_0;5.10;0.00;26.46;2841.00;972103805_0;116.86;10.43;505.00;2307.67;155.00;17;0.00;295.39;0;tripinfo_in_od_to_ko.16;car;1.05;
in_ba_to_ns.8;2604.00;-230845886_0;5.10;0.00;3.35;2841.00;23142338#2_0;290.21;11.33;237.00;2346.36;5.00;2;0.00;36.95;0;tripinfo_in_ba_to_ns.8;car;1.06;
in_as_to_ba.12;2652.00;23687583_0;5.10;0.00;5.13;2841.00;230845886_0;633.12;9.26;189.00;1356.50;21.00;2;0.00;45.99;0;tripinfo_in_as_to_ba.12;car;0.85;
in_ba_to_os.23;2676.00;-230845886_0;5.10;0.00;5.51;2842.00;45494495_0;58.90;10.40;166.00;1647.96;0.00;0;0.00;17.63;0;tripinfo_in_ba_to_os.23;car;1.00;
in_ns_to_ko.64;2667.00;-23142338#2_0;5.10;0.00;0.34;2843.00;972103805_0;116.86;10.04;176.00;1398.55;14.00;2;0.00;46.48;0;tripinfo_in_ns_to_ko.64;car;0.97;
in_ns_to_ko.65;2670.00;-23142338#2_0;5.10;0.00;0.59;2847.00;972103805_0;116.86;10.20;177.00;1398.55;12.00;2;0.00;42.13;0;tripinfo_in_ns_to_ko.65;car;0.94;
in_as_to_gj.19;2757.00;23687583_0;5.10;0.00;9.01;2847.00;23527526_0;253.75;10.56;90.00;649.06;14.00;1;0.00;27.96;0;tripinfo_in_as_to_gj.19;car;0.96;
in_as_to_od.5;2595.00;23687583_0;5.10;0.00;4.43;2848.00;23156030#6_0;109.07;9.66;253.00;2357.31;0.00;0;0.00;33.49;0;tripinfo_in_as_to_od.5;car;0.97;
in_as_to_od.6;2614.00;23687583_0;5.10;0.00;7.02;2848.00;23156030#6_1;109.07;10.70;234.00;2357.31;6.00;1;0.00;33.54;0;tripinfo_in_as_to_od.6;car;1.06;
in_as_to_ko.28;2739.00;23687583_0;5.10;0.00;2.83;2849.00;972103805_0;116.86;10.45;110.00;1102.39;0.00;0;0.00;10.18;0;tripinfo_in_as_to_ko.28;car;1.00;
in_od_to_br.4;2318.00;803785575#0_0;5.10;0.00;15.08;2850.00;23156390_0;1121.44;9.36;532.00;3149.31;141.00;8;0.00;228.57;0;tripinfo_in_od_to_br.4;car;0.94;
in_ns_to_ko.66;2673.00;-23142338#2_0;5.10;0.00;0.01;2853.00;972103805_0;116.86;10.15;180.00;1398.55;8.00;2;0.00;49.09;0;tripinfo_in_ns_to_ko.66;car;0.96;
in_ns_to_ko.67;2675.00;-23142338#2_0;5.10;0.00;1.31;2855.00;972103805_0;116.86;11.94;180.00;1398.55;7.00;2;0.00;67.09;0;tripinfo_in_ns_to_ko.67;car;1.12;
in_ba_to_os.24;2695.00;-230845886_0;5.10;0.00;0.93;2856.00;45494495_0;58.90;10.28;161.00;1647.96;0.00;0;0.00;16.07;0;tripinfo_in_ba_to_os.24;car;1.03;
in_ns_to_ko.68;2684.00;-23142338#2_0;5.10;0.00;0.46;2857.00;972103805_0;116.86;11.43;173.00;1398.55;16.00;3;0.00;54.75;0;tripinfo_in_ns_to_ko.68;car;1.07;
in_os_to_od.8;2781.00;-45494495_0;5.10;0.00;0.24;2858.00;23156030#6_0;109.07;12.55;77.00;865.51;0.00;0;0.00;11.27;0;tripinfo_in_os_to_od.8;car;1.19;
in_ba_to_as.26;2705.00;-230845886_0;5.10;0.00;0.17;2860.00;41899283#1_0;148.70;10.18;155.00;1430.78;0.00;0;0.00;15.21;0;tripinfo_in_ba_to_as.26;car;0.93;
in_as_to_ba.13;2725.00;23687583_0;5.10;0.00;0.46;2863.00;230845886_0;633.12;11.33;138.00;1356.50;4.00;1;0.00;21.33;0;tripinfo_in_as_to_ba.13;car;1.05;
in_ns_to_ko.69;2706.00;-23142338#2_0;5.10;0.00;0.67;2865.00;972103805_0;116.86;10.32;159.00;1398.55;2.00;2;0.00;24.36;0;tripinfo_in_ns_to_ko.69;car;0.94;
in_ns_to_ko.70;2715.00;-23142338#2_0;5.10;0.00;1.22;2867.00;972103805_0;116.86;11.11;152.00;1398.55;1.00;1;0.00;29.06;0;tripinfo_in_ns_to_ko.70;car;1.03;
in_os_to_ko.6;2557.00;-45494495_0;5.10;0.00;1.21;2868.00;972103805_0;116.86;11.36;311.00;2045.29;72.00;5;0.00;131.70;0;tripinfo_in_os_to_ko.6;car;1.09;
in_as_to_os.13;2668.00;23687583_0;5.10;0.00;8.53;2868.00;45494495_0;58.90;10.49;200.00;1689.77;14.00;2;0.00;43.93;0;tripinfo_in_as_to_os.13;car;0.98;
in_as_to_br.4;2677.00;23687583_0;5.10;0.00;11.81;2868.00;23156390_0;1121.44;10.20;191.00;1694.48;8.00;1;0.00;35.66;0;tripinfo_in_as_to_br.4;car;0.99;
in_os_to_kl.4;2590.00;-45494495_0;5.10;0.00;2.64;2871.00;28716808#1_0;754.74;9.83;281.00;2042.78;30.00;4;0.00;90.13;0;tripinfo_in_os_to_kl.4;car;0.97;
in_od_to_kl.6;2302.00;803785575#0_0;5.10;0.00;13.05;2873.00;28716808#1_0;754.74;10.80;571.00;2678.40;200.00;12;0.00;341.97;0;tripinfo_in_od_to_kl.6;car;1.06;
in_ba_to_ko.36;2654.00;-230845886_0;5.10;0.00;3.42;2875.00;972103805_0;116.86;10.46;221.00;2114.29;0.00;0;0.00;24.39;0;tripinfo_in_ba_to_ko.36;car;0.98;
in_ba_to_gj.20;2685.00;-230845886_0;5.10;0.00;0.15;2875.00;23527526_0;253.75;9.88;190.00;1755.68;0.00;0;0.00;15.16;0;tripinfo_in_ba_to_gj.20;car;0.91;
in_ba_to_gj.21;2691.00;-230845886_0;5.10;0.00;0.77;2877.00;23527526_0;253.75;9.79;186.00;1755.68;0.00;0;0.00;19.10;0;tripinfo_in_ba_to_gj.21;car;0.95;
in_as_to_ko.29;2748.00;23687583_0;5.10;0.00;7.36;2878.00;972103805_0;116.86;10.75;130.00;1102.39;18.00;1;0.00;33.18;0;tripinfo_in_as_to_ko.29;car;1.03;
in_ba_to_os.25;2712.00;-230845886_0;5.10;0.00;5.85;2881.00;45494495_0;58.90;11.35;169.00;1647.96;0.00;0;0.00;28.29;0;tripinfo_in_ba_to_os.25;car;1.06;
in_ba_to_ko.37;2664.00;-230845886_0;5.10;0.00;0.65;2882.00;972103805_0;116.86;10.00;218.00;2114.29;0.00;0;0.00;20.73;0;tripinfo_in_ba_to_ko.37;car;0.98;
in_ba_to_os.26;2716.00;-230845886_0;5.10;0.00;1.82;2883.00;45494495_0;58.90;12.64;167.00;1647.96;0.00;0;0.00;42.02;0;tripinfo_in_ba_to_os.26;car;1.19;
in_ns_to_ko.71;2718.00;-23142338#2_0;5.10;0.00;1.82;2885.00;972103805_0;116.86;9.95;167.00;1398.55;10.00;2;0.00;31.14;0;tripinfo_in_ns_to_ko.71;car;0.93;
in_as_to_gg.4;2680.00;23687583_0;5.10;0.00;0.53;2886.00;23156305_0;1264.14;8.93;206.00;1600.87;7.00;1;0.00;28.52;0;tripinfo_in_as_to_gg.4;car;0.82;
in_ns_to_gg.9;2502.00;-23142338#2_0;5.10;0.00;0.43;2887.00;23156305_0;1264.14;10.72;385.00;3297.24;7.00;1;0.00;78.88;0;tripinfo_in_ns_to_gg.9;car;0.98;
in_ns_to_ko.72;2721.00;-23142338#2_0;5.10;0.00;3.65;2887.00;972103805_0;116.86;11.57;166.00;1398.55;8.00;2;0.00;54.32;0;tripinfo_in_ns_to_ko.72;car;1.13;
in_ba_to_gj.22;2698.00;-230845886_0;5.10;0.00;1.83;2888.00;23527526_0;253.75;9.34;190.00;1755.68;0.00;0;0.00;17.12;0;tripinfo_in_ba_to_gj.22;car;0.92;
in_od_to_gj.4;2403.00;803785575#0_0;5.10;0.00;21.68;2889.00;23527526_0;253.75;11.92;486.00;2706.99;108.00;9;0.00;259.39;0;tripinfo_in_od_to_gj.4;car;1.08;
in_os_to_gg.5;2477.00;-45494495_0;5.10;0.00;0.44;2889.00;23156305_0;1264.14;11.59;412.00;3034.34;49.00;3;0.00;155.99;0;tripinfo_in_os_to_gg.5;car;1.08;
in_ns_to_ko.73;2729.00;-23142338#2_0;5.10;0.00;3.45;2889.00;972103805_0;116.86;11.73;160.00;1398.55;3.00;1;0.00;48.56;0;tripinfo_in_ns_to_ko.73;car;1.14;
in_os_to_ba.14;2619.00;-45494495_0;5.10;0.00;1.27;2892.00;230845886_0;633.12;8.59;273.00;1746.52;18.00;3;0.00;75.06;0;tripinfo_in_os_to_ba.14;car;0.80;
in_as_to_gg.5;2708.00;23687583_0;5.10;0.00;0.51;2892.00;23156305_0;1264.14;9.48;184.00;1600.87;3.00;1;0.00;27.15;0;tripinfo_in_as_to_gg.5;car;0.93;
in_as_to_gg.6;2714.00;23687583_0;5.10;0.00;0.74;2893.00;23156305_0;1264.14;11.14;179.00;1600.87;1.00;1;0.00;39.48;0;tripinfo_in_as_to_gg.6;car;1.04;
in_ba_to_ko.38;2670.00;-230845886_0;5.10;0.00;3.82;2894.00;972103805_0;116.86;11.09;224.00;2114.29;7.00;1;0.00;49.96;0;tripinfo_in_ba_to_ko.38;car;1.11;
in_as_to_br.5;2733.00;23687583_0;5.10;0.00;0.88;2894.00;23156390_0;1121.44;11.17;161.00;1694.48;0.00;0;0.00;18.54;0;tripinfo_in_as_to_br.5;car;1.08;
in_od_to_gg.7;2306.00;803785575#0_0;5.10;0.00;14.40;2895.00;23156305_0;1264.14;10.88;589.00;3669.96;164.00;8;0.00;265.69;0;tripinfo_in_od_to_gg.7;car;1.03;
in_as_to_ns.18;2649.00;23687583_0;5.10;0.00;3.23;2896.00;23142338#2_0;290.21;10.51;247.00;1995.73;24.00;4;0.00;61.68;0;tripinfo_in_as_to_ns.18;car;0.98;
in_ba_to_gg.8;2619.00;-230845886_0;5.10;0.00;0.29;2897.00;23156305_0;1264.14;9.97;278.00;2718.65;0.00;0;0.00;31.95;0;tripinfo_in_ba_to_gg.8;car;1.00;
in_ba_to_ko.39;2679.00;-230845886_0;5.10;0.00;4.21;2897.00;972103805_0;116.86;11.59;218.00;2114.29;1.00;1;0.00;39.24;0;tripinfo_in_ba_to_ko.39;car;1.07;
in_ns_to_gg.10;2558.00;-23142338#2_0;5.10;0.00;0.14;2899.00;23156305_0;1264.14;11.43;341.00;3297.24;9.00;2;0.00;61.30;0;tripinfo_in_ns_to_gg.10;car;1.08;
in_as_to_ns.19;2655.00;23687583_0;5.10;0.00;4.88;2899.00;23142338#2_0;290.21;9.78;244.00;1995.73;15.00;2;0.00;54.01;0;tripinfo_in_as_to_ns.19;car;0.96;
in_as_to_os.14;2736.00;23687583_0;5.10;0.00;3.55;2899.00;45494495_0;58.90;11.80;163.00;1689.77;0.00;0;0.00;23.94;0;tripinfo_in_as_to_os.14;car;1.10;
in_ba_to_os.27;2725.00;-230845886_0;5.10;0.00;0.16;2903.00;45494495_0;58.90;9.95;178.00;1647.96;0.00;0;0.00;14.91;0;tripinfo_in_ba_to_os.27;car;0.91;
in_os_to_ko.7;2644.00;-45494495_0;5.10;0.00;0.80;2904.00;972103805_0;116.86;9.94;260.00;2045.29;13.00;2;0.00;63.76;0;tripinfo_in_os_to_ko.7;car;1.00;
in_ns_to_ko.74;2735.00;-23142338#2_0;5.10;0.00;0.05;2908.00;972103805_0;116.86;11.04;173.00;1398.55;15.00;3;0.00;54.73;0;tripinfo_in_ns_to_ko.74;car;1.07;
in_od_to_as.11;2406.00;803785575#0_0;5.10;0.00;24.54;2909.00;41899283#1_0;148.70;7.40;503.00;2382.09;97.00;7;0.00;222.76;0;tripinfo_in_od_to_as.11;car;0.77;
in_od_to_gg.8;2315.00;803785575#0_0;5.10;0.00;13.39;2910.00;23156305_0;1264.14;10.30;595.00;3669.96;145.00;12;0.00;274.12;0;tripinfo_in_od_to_gg.8;car;1.04;
in_os_to_gg.6;2585.00;-45494495_0;5.10;0.00;0.10;2911.00;23156305_0;1264.14;12.30;326.00;3034.34;5.00;3;0.00;83.00;0;tripinfo_in_os_to_gg.6;car;1.14;
in_ns_to_as.9;2679.00;-23142338#2_0;5.10;0.00;3.93;2911.00;41899283#1_0;148.70;10.80;232.00;2009.37;12.00;2;0.00;55.96;0;tripinfo_in_ns_to_as.9;car;1.04;
in_os_to_ba.15;2636.00;-45494495_0;5.10;0.00;0.82;2913.00;230845886_0;633.12;11.41;277.00;1746.52;32.00;4;0.00;125.73;0;tripinfo_in_os_to_ba.15;car;1.05;
in_ba_to_ns.9;2643.00;-230845886_0;5.10;0.00;4.43;2913.00;23142338#2_0;290.21;8.56;270.00;2346.36;4.00;1;0.00;28.48;0;tripinfo_in_ba_to_ns.9;car;0.88;
in_ba_to_ko.40;2708.00;-230845886_0;5.10;0.00;2.57;2913.00;972103805_0;116.86;13.24;205.00;2114.29;3.00;1;0.00;48.87;0;tripinfo_in_ba_to_ko.40;car;1.23;
in_od_to_br.6;2339.00;803785575#0_0;5.10;0.00;26.37;2919.00;23156390_0;1121.44;11.20;580.00;3149.31;127.00;16;0.00;301.35;0;tripinfo_in_od_to_br.6;car;1.03;
in_os_to_as.10;2699.00;-45494495_0;5.10;0.00;0.68;2919.00;41899283#1_0;148.70;10.21;220.00;1746.47;16.00;3;0.00;61.48;0;tripinfo_in_os_to_as.10;car;1.00;
in_ba_to_os.28;2757.00;-230845886_0;5.10;0.00;0.44;2919.00;45494495_0;58.90;10.15;162.00;1647.96;0.00;0;0.00;13.53;0;tripinfo_in_ba_to_os.28;car;1.01;
in_od_to_br.5;2327.00;803785575#0_0;5.10;0.00;20.70;2921.00;23156390_0;1121.44;12.86;594.00;3149.31;159.00;16;0.00;351.17;0;tripinfo_in_od_to_br.5;car;1.18;
in_od_to_ns.9;2366.00;803785575#0_0;5.10;0.00;23.34;2921.00;23142338#2_0;290.21;11.79;555.00;1928.29;224.00;13;0.00;388.12;0;tripinfo_in_od_to_ns.9;car;1.12;
in_as_to_kl.6;2763.00;23687583_0;5.10;0.00;0.78;2921.00;28716808#1_0;754.74;9.77;158.00;1207.92;15.00;2;0.00;35.58;0;tripinfo_in_as_to_kl.6;car;0.89;
in_as_to_ko.30;2773.00;23687583_0;5.10;0.00;3.29;2921.00;972103805_0;116.86;10.45;148.00;1102.39;30.00;2;0.00;48.65;0;tripinfo_in_as_to_ko.30;car;1.00;
in_ns_to_ko.75;2738.00;-23142338#2_0;5.10;0.00;0.91;2923.00;972103805_0;116.86;9.79;185.00;1398.55;23.00;4;0.00;58.58;0;tripinfo_in_ns_to_ko.75;car;1.00;
in_od_to_gg.12;2397.00;803785575#0_0;5.10;0.00;22.30;2925.00;23156305_0;1264.14;11.11;528.00;3669.96;90.00;12;0.00;200.34;0;tripinfo_in_od_to_gg.12;car;1.02;
in_os_to_ko.8;2663.00;-45494495_0;5.10;0.00;0.39;2925.00;972103805_0;116.86;11.27;262.00;2045.29;24.00;3;0.00;79.38;0;tripinfo_in_os_to_ko.8;car;1.07;
in_od_to_kl.8;2415.00;803785575#0_0;5.10;0.00;19.77;2926.00;28716808#1_0;754.74;10.28;511.00;2678.40;106.00;8;0.00;249.43;0;tripinfo_in_od_to_kl.8;car;0.93;
in_od_to_gg.11;2381.00;803785575#0_0;5.10;0.00;19.23;2927.00;23156305_0;1264.14;11.88;546.00;3669.96;82.00;10;0.00;243.41;0;tripinfo_in_od_to_gg.11;car;1.10;
in_ba_to_gj.23;2719.00;-230845886_0;5.10;0.00;0.89;2927.00;23527526_0;253.75;8.69;208.00;1755.68;8.00;1;0.00;30.47;0;tripinfo_in_ba_to_gj.23;car;0.90;
in_od_to_ba.15;2400.00;803785575#0_0;5.10;0.00;20.73;2928.00;230845886_0;633.12;12.92;528.00;2382.14;159.00;13;0.00;344.07;0;tripinfo_in_od_to_ba.15;car;1.17;
in_os_to_od.9;2846.00;-45494495_0;5.10;0.00;0.54;2928.00;23156030#6_0;109.07;11.27;82.00;865.51;0.00;0;0.00;9.88;0;tripinfo_in_os_to_od.9;car;1.08;
in_ba_to_gj.24;2728.00;-230845886_0;5.10;0.00;0.92;2930.00;23527526_0;253.75;9.09;202.00;1755.68;0.00;0;0.00;21.48;0;tripinfo_in_ba_to_gj.24;car;0.88;
in_ns_to_ko.76;2744.00;-23142338#2_0;5.10;0.00;4.94;2930.00;972103805_0;116.86;10.22;186.00;1398.55;17.00;3;0.00;57.45;0;tripinfo_in_ns_to_ko.76;car;0.98;
in_ba_to_gj.25;2732.00;-230845886_0;5.10;0.00;0.64;2932.00;23527526_0;253.75;8.78;200.00;1755.68;3.00;1;0.00;23.54;0;tripinfo_in_ba_to_gj.25;car;0.90;
in_ns_to_ko.77;2754.00;-23142338#2_0;5.10;0.00;2.01;2934.00;972103805_0;116.86;9.09;180.00;1398.55;15.00;3;0.00;44.71;0;tripinfo_in_ns_to_ko.77;car;0.93;
in_as_to_gj.20;2844.00;23687583_0;5.10;0.00;2.88;2934.00;23527526_0;253.75;10.64;90.00;649.06;8.00;1;0.00;32.69;0;tripinfo_in_as_to_gj.20;car;1.04;
in_ns_to_ko.78;2758.00;-23142338#2_0;5.10;0.00;0.97;2936.00;972103805_0;116.86;12.31;178.00;1398.55;19.00;4;0.00;64.18;0;tripinfo_in_ns_to_ko.78;car;1.11;
in_as_to_ns.20;2664.00;23687583_0;5.10;0.00;9.37;2937.00;23142338#2_0;290.21;10.40;273.00;1995.73;43.00;5;0.00;82.79;0;tripinfo_in_as_to_ns.20;car;0.96;
in_as_to_os.15;2765.00;23687583_0;5.10;0.00;0.77;2941.00;45494495_0;58.90;12.72;176.00;1689.77;15.00;2;0.00;49.55;0;tripinfo_in_as_to_os.15;car;1.21;
in_as_to_ns.21;2683.00;23687583_0;5.10;0.00;3.02;2942.00;23142338#2_0;290.21;9.64;259.00;1995.73;24.00;3;0.00;59.94;0;tripinfo_in_as_to_ns.21;car;0.91;
in_od_to_br.9;2412.00;803785575#0_0;5.10;0.00;16.83;2943.00;23156390_0;1121.44;10.11;531.00;3149.31;102.00;8;0.00;250.04;0;tripinfo_in_od_to_br.9;car;1.02;
in_ba_to_gj.26;2750.00;-230845886_0;5.10;0.00;0.32;2949.00;23527526_0;253.75;10.28;199.00;1755.68;8.00;1;0.00;30.49;0;tripinfo_in_ba_to_gj.26;car;0.94;
in_od_to_ns.10;2378.00;803785575#0_0;5.10;0.00;16.40;2951.00;23142338#2_0;290.21;9.32;573.00;1928.29;220.00;14;0.00;359.66;0;tripinfo_in_od_to_ns.10;car;0.87;
in_ba_to_gj.27;2767.00;-230845886_0;5.10;0.00;4.93;2951.00;23527526_0;253.75;10.65;184.00;1755.68;2.00;1;0.00;33.12;0;tripinfo_in_ba_to_gj.27;car;1.06;
in_os_to_od.10;2860.00;-45494495_0;5.10;0.00;0.03;2951.00;23156030#6_0;109.07;9.71;91.00;865.51;0.00;0;0.00;8.91;0;tripinfo_in_os_to_od.10;car;0.95;
in_ns_to_ko.79;2768.00;-23142338#2_0;5.10;0.00;0.15;2954.00;972103805_0;116.86;8.28;186.00;1398.55;6.00;1;0.00;31.93;0;tripinfo_in_ns_to_ko.79;car;0.82;
in_od_to_ko.17;2351.00;803785575#0_0;5.10;0.00;32.63;2956.00;972103805_0;116.86;10.22;605.00;2307.67;221.00;12;0.00;375.27;0;tripinfo_in_od_to_ko.17;car;0.96;
in_od_to_ba.19;2509.00;803785575#0_0;5.10;0.00;10.59;2956.00;230845886_0;633.12;10.67;447.00;2382.14;84.00;13;0.00;229.39;0;tripinfo_in_od_to_ba.19;car;0.99;
in_ns_to_as.10;2726.00;-23142338#2_0;5.10;0.00;0.61;2959.00;41899283#1_0;148.70;10.08;233.00;2009.37;12.00;3;0.00;43.04;0;tripinfo_in_ns_to_as.10;car;0.97;
in_as_to_gj.21;2860.00;23687583_0;5.10;0.00;10.80;2961.00;23527526_0;253.75;9.79;101.00;649.06;15.00;2;0.00;37.95;0;tripinfo_in_as_to_gj.21;car;0.94;
in_as_to_ba.14;2796.00;23687583_0;5.10;0.00;9.95;2969.00;230845886_0;633.12;9.77;173.00;1356.50;20.00;2;0.00;48.23;0;tripinfo_in_as_to_ba.14;car;0.98;
in_ns_to_gj.3;2732.00;-23142338#2_0;5.10;0.00;1.20;2971.00;23527526_0;253.75;12.02;239.00;2084.96;21.00;4;0.00;68.96;0;tripinfo_in_ns_to_gj.3;car;1.11;
in_as_to_ko.31;2789.00;23687583_0;5.10;0.00;3.39;2972.00;972103805_0;116.86;9.01;183.00;1102.39;43.00;4;0.00;71.30;0;tripinfo_in_as_to_ko.31;car;0.89;
in_as_to_os.16;2776.00;23687583_0;5.10;0.00;2.54;2974.00;45494495_0;58.90;12.34;198.00;1689.77;30.00;3;0.00;72.79;0;tripinfo_in_as_to_os.16;car;1.22;
in_as_to_ko.32;2834.00;23687583_0;5.10;0.00;0.52;2974.00;972103805_0;116.86;9.37;140.00;1102.39;11.00;2;0.00;33.67;0;tripinfo_in_as_to_ko.32;car;0.94;
in_od_to_as.13;2506.00;803785575#0_0;5.10;0.00;14.37;2976.00;41899283#1_0;148.70;10.03;470.00;2382.09;109.00;16;0.00;244.16;0;tripinfo_in_od_to_as.13;car;0.96;
in_od_to_ko.18;2357.00;803785575#0_0;5.10;0.00;29.06;2978.00;972103805_0;116.86;8.94;621.00;2307.67;223.00;12;0.00;368.41;0;tripinfo_in_od_to_ko.18;car;0.87;
in_od_to_gj.5;2503.00;803785575#0_0;5.10;0.00;13.18;2978.00;23527526_0;253.75;9.72;475.00;2706.99;100.00;13;0.00;219.58;0;tripinfo_in_od_to_gj.5;car;0.96;
in_ba_to_os.29;2799.00;-230845886_0;5.10;0.00;0.30;2978.00;45494495_0;58.90;9.03;179.00;1647.96;0.00;0;0.00;17.93;0;tripinfo_in_ba_to_os.29;car;0.92;
in_ns_to_as.11;2751.00;-23142338#2_0;5.10;0.00;0.02;2979.00;41899283#1_0;148.70;11.94;228.00;2009.37;18.00;3;0.00;66.21;0;tripinfo_in_ns_to_as.11;car;1.14;
in_os_to_kl.5;2726.00;-45494495_0;5.10;0.00;0.41;2980.00;28716808#1_0;754.74;10.15;254.00;2042.78;8.00;3;0.00;62.71;0;tripinfo_in_os_to_kl.5;car;0.96;
in_ns_to_kl.5;2709.00;-23142338#2_0;5.10;0.00;2.12;2982.00;28716808#1_0;754.74;10.80;273.00;2315.58;32.00;1;0.00;71.04;0;tripinfo_in_ns_to_kl.5;car;1.04;
in_as_to_ko.33;2853.00;23687583_0;5.10;0.00;5.03;2986.00;972103805_0;116.86;11.44;133.00;1102.39;19.00;2;0.00;45.68;0;tripinfo_in_as_to_ko.33;car;1.15;
in_os_to_ba.16;2795.00;-45494495_0;5.10;0.00;1.34;2988.00;230845886_0;633.12;11.20;193.00;1746.52;6.00;1;0.00;46.98;0;tripinfo_in_os_to_ba.16;car;1.09;
in_os_to_ba.17;2804.00;-45494495_0;5.10;0.00;0.55;2990.00;230845886_0;633.12;11.41;186.00;1746.52;8.00;2;0.00;46.86;0;tripinfo_in_os_to_ba.17;car;1.14;
in_od_to_ko.19;2384.00;803785575#0_0;5.10;0.00;21.40;2991.00;972103805_0;116.86;10.60;607.00;2307.67;217.00;13;0.00;380.02;0;tripinfo_in_od_to_ko.19;car;0.97;
in_as_to_gj.22;2897.00;23687583_0;5.10;0.00;2.40;2992.00;23527526_0;253.75;10.72;95.00;649.06;5.00;1;0.00;37.83;0;tripinfo_in_as_to_gj.22;car;1.05;
in_as_to_os.18;2786.00;23687583_0;5.10;0.00;1.91;2993.00;45494495_0;58.90;12.80;207.00;1689.77;18.00;2;0.00;84.68;0;tripinfo_in_as_to_os.18;car;1.26;
in_ba_to_as.27;2825.00;-230845886_0;5.10;0.00;1.91;2993.00;41899283#1_0;148.70;9.81;168.00;1430.78;11.00;2;0.00;31.72;0;tripinfo_in_ba_to_as.27;car;0.95;
in_od_to_gg.10;2375.00;803785575#0_0;5.10;0.00;15.16;2998.00;23156305_0;1264.14;9.41;623.00;3669.96;109.00;11;0.00;271.87;0;tripinfo_in_od_to_gg.10;car;0.95;
in_as_to_os.17;2781.00;23687583_0;5.10;0.00;0.64;2998.00;45494495_0;58.90;9.64;217.00;1689.77;20.00;2;0.00;55.56;0;tripinfo_in_as_to_os.17;car;0.95;
in_ba_to_as.28;2836.00;-230845886_0;5.10;0.00;0.31;2998.00;41899283#1_0;148.70;9.42;162.00;1430.78;4.00;2;0.00;25.46;0;tripinfo_in_ba_to_as.28;car;0.95;
in_od_to_br.11;2436.00;803785575#0_0;5.10;0.00;1.61;3000.00;23156390_0;1121.44;10.28;564.00;3149.31;154.00;7;0.00;275.09;0;tripinfo_in_od_to_br.11;car;0.99;
in_ns_to_gj.4;2741.00;-23142338#2_0;5.10;0.00;3.77;3001.00;23527526_0;253.75;10.43;260.00;2084.96;27.00;5;0.00;78.99;0;tripinfo_in_ns_to_gj.4;car;1.04;
in_ba_to_ko.41;2743.00;-230845886_0;5.10;0.00;0.25;3002.00;972103805_0;116.86;8.40;259.00;2114.29;10.00;2;0.00;37.18;0;tripinfo_in_ba_to_ko.41;car;0.87;
in_ba_to_ko.42;2764.00;-230845886_0;5.10;0.00;3.91;3004.00;972103805_0;116.86;10.63;240.00;2114.29;3.00;1;0.00;47.46;0;tripinfo_in_ba_to_ko.42;car;1.00;
in_ba_to_ko.43;2772.00;-230845886_0;5.10;0.00;6.61;3005.00;972103805_0;116.86;12.72;233.00;2114.29;3.00;2;0.00;66.70;0;tripinfo_in_ba_to_ko.43;car;1.16;
in_ns_to_ko.80;2856.00;-23142338#2_0;5.10;0.00;0.57;3016.00;972103805_0;116.86;9.40;160.00;1398.55;3.00;1;0.00;18.78;0;tripinfo_in_ns_to_ko.80;car;0.89;
in_ns_to_ba.3;2771.00;-23142338#2_0;5.10;0.00;0.26;3019.00;230845886_0;633.12;11.22;248.00;2340.42;4.00;1;0.00;43.49;0;tripinfo_in_ns_to_ba.3;car;1.03;
in_as_to_ko.34;2875.00;23687583_0;5.10;0.00;16.19;3021.00;972103805_0;116.86;10.02;146.00;1102.39;11.00;4;0.00;46.84;0;tripinfo_in_as_to_ko.34;car;1.01;
in_od_to_br.8;2409.00;803785575#0_0;5.10;0.00;19.92;3022.00;23156390_0;1121.44;9.66;613.00;3149.31;153.00;7;0.00;293.90;0;tripinfo_in_od_to_br.8;car;0.90;
in_os_to_gj.1;2784.00;-45494495_0;5.10;0.00;0.92;3022.00;23527526_0;253.75;10.66;238.00;2071.37;5.00;1;0.00;55.59;0;tripinfo_in_os_to_gj.1;car;1.03;
in_ba_to_ko.44;2775.00;-230845886_0;5.10;0.00;7.13;3024.00;972103805_0;116.86;10.81;249.00;2114.29;10.00;3;0.00;72.09;0;tripinfo_in_ba_to_ko.44;car;1.09;
in_as_to_os.19;2837.00;23687583_0;5.10;0.00;3.09;3024.00;45494495_0;58.90;11.21;187.00;1689.77;0.00;0;0.00;49.62;0;tripinfo_in_as_to_os.19;car;1.11;
in_ba_to_ko.45;2784.00;-230845886_0;5.10;0.00;9.52;3026.00;972103805_0;116.86;11.68;242.00;2114.29;8.00;2;0.00;62.11;0;tripinfo_in_ba_to_ko.45;car;1.07;
in_ba_to_os.30;2866.00;-230845886_0;5.10;0.00;3.99;3034.00;45494495_0;58.90;11.26;168.00;1647.96;0.00;0;0.00;25.37;0;tripinfo_in_ba_to_os.30;car;1.05;
in_od_to_br.12;2443.00;803785575#0_0;5.10;0.00;1.30;3037.00;23156390_0;1121.44;9.49;594.00;3149.31;159.00;12;0.00;269.39;0;tripinfo_in_od_to_br.12;car;0.88;
in_as_to_ba.15;2866.00;23687583_0;5.10;0.00;9.25;3038.00;230845886_0;633.12;10.40;172.00;1356.50;14.00;3;0.00;46.07;0;tripinfo_in_as_to_ba.15;car;0.98;
in_od_to_br.14;2452.00;803785575#0_0;5.10;0.00;1.41;3039.00;23156390_0;1121.44;11.59;587.00;3149.31;144.00;16;0.00;317.30;0;tripinfo_in_od_to_br.14;car;1.06;
in_as_to_ns.22;2751.00;23687583_0;5.10;0.00;7.08;3040.00;23142338#2_0;290.21;8.56;289.00;1995.73;36.00;3;0.00;68.15;0;tripinfo_in_as_to_ns.22;car;0.82;
in_as_to_ns.23;2760.00;23687583_0;5.10;0.00;0.94;3042.00;23142338#2_0;290.21;10.50;282.00;1995.73;34.00;3;0.00;100.41;0;tripinfo_in_as_to_ns.23;car;1.00;
in_as_to_ko.35;2884.00;23687583_0;5.10;0.00;6.06;3043.00;972103805_0;116.86;11.52;159.00;1102.39;24.00;2;0.00;69.27;0;tripinfo_in_as_to_ko.35;car;1.11;
in_as_to_ba.16;2869.00;23687583_0;5.10;0.00;11.78;3044.00;230845886_0;633.12;9.96;175.00;1356.50;11.00;2;0.00;43.74;0;tripinfo_in_as_to_ba.16;car;0.93;
in_as_to_ko.36;2891.00;23687583_0;5.10;0.00;0.92;3045.00;972103805_0;116.86;12.42;154.00;1102.39;21.00;2;0.00;65.12;0;tripinfo_in_as_to_ko.36;car;1.12;
in_od_to_gg.9;2354.00;803785575#0_0;5.10;0.00;31.74;3046.00;23156305_0;1264.14;9.81;692.00;3669.96;131.00;15;0.00;315.47;0;tripinfo_in_od_to_gg.9;car;0.88;
in_od_to_br.16;2473.00;803785575#0_0;5.10;0.00;3.54;3047.00;23156390_0;1121.44;9.83;574.00;3149.31;128.00;16;0.00;276.18;0;tripinfo_in_od_to_br.16;car;0.96;
in_as_to_ns.24;2813.00;23687583_0;5.10;0.00;0.39;3047.00;23142338#2_0;290.21;10.83;234.00;1995.73;21.00;3;0.00;59.74;0;tripinfo_in_as_to_ns.24;car;1.04;
in_od_to_gg.13;2427.00;803785575#0_0;5.10;0.00;18.99;3048.00;23156305_0;1264.14;10.78;621.00;3669.96;106.00;10;0.00;291.53;0;tripinfo_in_od_to_gg.13;car;1.01;
in_os_to_br.6;2733.00;-45494495_0;5.10;0.00;6.35;3048.00;23156390_0;1121.44;11.41;315.00;2513.69;14.00;3;0.00;101.19;0;tripinfo_in_os_to_br.6;car;1.07;
in_as_to_gj.23;2936.00;23687583_0;5.10;0.00;6.07;3048.00;23527526_0;253.75;8.71;112.00;649.06;15.00;1;0.00;37.43;0;tripinfo_in_as_to_gj.23;car;0.80;
in_ba_to_as.29;2900.00;-230845886_0;5.10;0.00;0.10;3049.00;41899283#1_0;148.70;11.64;149.00;1430.78;0.00;0;0.00;28.40;0;tripinfo_in_ba_to_as.29;car;1.08;
in_os_to_gg.7;2718.00;-45494495_0;5.10;0.00;0.21;3050.00;23156305_0;1264.14;11.50;332.00;3034.34;12.00;3;0.00;76.09;0;tripinfo_in_os_to_gg.7;car;1.08;
in_ba_to_gj.28;2879.00;-230845886_0;5.10;0.00;0.58;3050.00;23527526_0;253.75;10.90;171.00;1755.68;0.00;0;0.00;20.44;0;tripinfo_in_ba_to_gj.28;car;1.06;
in_od_to_br.18;2515.00;803785575#0_0;5.10;0.00;12.73;3051.00;23156390_0;1121.44;10.32;536.00;3149.31;112.00;13;0.00;251.45;0;tripinfo_in_od_to_br.18;car;1.01;
in_ba_to_ko.46;2787.00;-230845886_0;5.10;0.00;0.39;3052.00;972103805_0;116.86;8.95;265.00;2114.29;3.00;1;0.00;30.43;0;tripinfo_in_ba_to_ko.46;car;0.82;
in_as_to_ba.17;2881.00;23687583_0;5.10;0.00;4.48;3053.00;230845886_0;633.12;11.99;172.00;1356.50;17.00;2;0.00;58.39;0;tripinfo_in_as_to_ba.17;car;1.08;
in_ba_to_ko.47;2790.00;-230845886_0;5.10;0.00;1.73;3054.00;972103805_0;116.86;10.17;264.00;2114.29;11.00;2;0.00;65.89;0;tripinfo_in_ba_to_ko.47;car;0.97;
in_as_to_os.20;2850.00;23687583_0;5.10;0.00;3.57;3055.00;45494495_0;58.90;8.81;205.00;1689.77;6.00;1;0.00;31.53;0;tripinfo_in_as_to_os.20;car;0.88;
in_ns_to_ko.81;2878.00;-23142338#2_0;5.10;0.00;0.57;3056.00;972103805_0;116.86;9.30;178.00;1398.55;9.00;2;0.00;35.52;0;tripinfo_in_ns_to_ko.81;car;0.89;
in_as_to_gj.24;2951.00;23687583_0;5.10;0.00;2.88;3056.00;23527526_0;253.75;9.74;105.00;649.06;18.00;2;0.00;42.04;0;tripinfo_in_as_to_gj.24;car;0.94;
in_ns_to_ko.82;2899.00;-23142338#2_0;5.10;0.00;1.56;3058.00;972103805_0;116.86;10.16;159.00;1398.55;3.00;1;0.00;29.19;0;tripinfo_in_ns_to_ko.82;car;0.98;
in_as_to_gj.25;2956.00;23687583_0;5.10;0.00;0.86;3058.00;23527526_0;253.75;11.31;102.00;649.06;16.00;2;0.00;47.20;0;tripinfo_in_as_to_gj.25;car;1.09;
in_as_to_ba.18;2887.00;23687583_0;5.10;0.00;6.12;3061.00;230845886_0;633.12;10.68;174.00;1356.50;8.00;2;0.00;51.08;0;tripinfo_in_as_to_ba.18;car;1.00;
in_ba_to_ko.48;2808.00;-230845886_0;5.10;0.00;0.81;3063.00;972103805_0;116.86;8.81;255.00;2114.29;3.00;2;0.00;33.09;0;tripinfo_in_ba_to_ko.48;car;0.87;
in_as_to_gj.26;2972.00;23687583_0;5.10;0.00;4.42;3063.00;23527526_0;253.75;11.55;91.00;649.06;10.00;1;0.00;37.81;0;tripinfo_in_as_to_gj.26;car;1.12;
in_ba_to_ko.49;2811.00;-230845886_0;5.10;0.00;0.55;3065.00;972103805_0;116.86;10.52;254.00;2114.29;0.00;0;0.00;51.34;0;tripinfo_in_ba_to_ko.49;car;0.95;
in_ns_to_as.12;2815.00;-23142338#2_0;5.10;0.00;0.30;3066.00;41899283#1_0;148.70;8.39;251.00;2009.37;6.00;2;0.00;37.94;0;tripinfo_in_ns_to_as.12;car;0.86;
in_ns_to_ko.83;2919.00;-23142338#2_0;5.10;0.00;0.40;3069.00;972103805_0;116.86;9.39;150.00;1398.55;0.00;0;0.00;11.69;0;tripinfo_in_ns_to_ko.83;car;0.91;
in_ba_to_os.31;2887.00;-230845886_0;5.10;0.00;0.07;3071.00;45494495_0;58.90;9.02;184.00;1647.96;1.00;1;0.00;18.48;0;tripinfo_in_ba_to_os.31;car;0.90;
in_ns_to_ko.84;2924.00;-23142338#2_0;5.10;0.00;0.97;3071.00;972103805_0;116.86;11.63;147.00;1398.55;0.00;0;0.00;30.65;0;tripinfo_in_ns_to_ko.84;car;1.09;
in_ba_to_ns.10;2818.00;-230845886_0;5.10;0.00;0.49;3073.00;23142338#2_0;290.21;10.79;255.00;2346.36;12.00;2;0.00;44.72;0;tripinfo_in_ba_to_ns.10;car;1.01;
in_as_to_os.21;2863.00;23687583_0;5.10;0.00;8.50;3073.00;45494495_0;58.90;10.55;210.00;1689.77;17.00;4;0.00;57.67;0;tripinfo_in_as_to_os.21;car;1.00;
in_as_to_ba.19;2907.00;23687583_0;5.10;0.00;0.05;3074.00;230845886_0;633.12;10.95;167.00;1356.50;11.00;2;0.00;55.31;0;tripinfo_in_as_to_ba.19;car;1.10;
in_ba_to_gj.29;2892.00;-230845886_0;5.10;0.00;0.80;3075.00;23527526_0;253.75;9.89;183.00;1755.68;0.00;0;0.00;15.59;0;tripinfo_in_ba_to_gj.29;car;0.95;
in_ba_to_ko.50;2839.00;-230845886_0;5.10;0.00;1.54;3081.00;972103805_0;116.86;10.52;242.00;2114.29;8.00;2;0.00;40.49;0;tripinfo_in_ba_to_ko.50;car;0.95;
in_ba_to_as.30;2928.00;-230845886_0;5.10;0.00;2.46;3081.00;41899283#1_0;148.70;10.41;153.00;1430.78;3.00;1;0.00;26.18;0;tripinfo_in_ba_to_as.30;car;1.02;
in_ba_to_ko.51;2854.00;-230845886_0;5.10;0.00;0.26;3083.00;972103805_0;116.86;12.02;229.00;2114.29;6.00;1;0.00;53.99;0;tripinfo_in_ba_to_ko.51;car;1.11;
in_as_to_ba.20;2919.00;23687583_0;5.10;0.00;0.94;3085.00;230845886_0;633.12;9.97;166.00;1356.50;4.00;1;0.00;40.88;0;tripinfo_in_as_to_ba.20;car;0.98;
in_ns_to_ko.85;2932.00;-23142338#2_0;5.10;0.00;0.50;3087.00;972103805_0;116.86;10.12;155.00;1398.55;13.00;2;0.00;31.66;0;tripinfo_in_ns_to_ko.85;car;1.02;
in_ba_to_gg.9;2778.00;-230845886_0;5.10;0.00;8.13;3088.00;23156305_0;1264.14;9.12;310.00;2718.65;2.00;1;0.00;35.56;0;tripinfo_in_ba_to_gg.9;car;0.90;
in_as_to_gj.27;3001.00;23687583_0;5.10;0.00;8.42;3090.00;23527526_0;253.75;10.80;89.00;649.06;4.00;1;0.00;30.56;0;tripinfo_in_as_to_gj.27;car;1.02;
in_ba_to_gj.31;2906.00;-230845886_0;5.10;0.00;0.57;3091.00;23527526_0;253.75;11.63;185.00;1755.68;6.00;1;0.00;40.83;0;tripinfo_in_ba_to_gj.31;car;1.10;
in_ns_to_ko.86;2937.00;-23142338#2_0;5.10;0.00;4.83;3093.00;972103805_0;116.86;9.83;156.00;1398.55;4.00;3;0.00;28.05;0;tripinfo_in_ns_to_ko.86;car;0.99;
in_od_to_br.7;2390.00;803785575#0_0;5.10;0.00;22.08;3095.00;23156390_0;1121.44;9.40;705.00;3149.31;203.00;11;0.00;370.05;0;tripinfo_in_od_to_br.7;car;0.85;
in_os_to_gg.8;2729.00;-45494495_0;5.10;0.00;2.80;3095.00;23156305_0;1264.14;10.18;366.00;3034.34;11.00;2;0.00;88.84;0;tripinfo_in_os_to_gg.8;car;0.99;
in_od_to_gg.15;2494.00;803785575#0_0;5.10;0.00;10.50;3097.00;23156305_0;1264.14;12.19;603.00;3669.96;136.00;20;0.00;308.39;0;tripinfo_in_od_to_gg.15;car;1.13;
in_os_to_br.7;2762.00;-45494495_0;5.10;0.00;0.77;3097.00;23156390_0;1121.44;11.39;335.00;2513.69;15.00;5;0.00;122.34;0;tripinfo_in_os_to_br.7;car;1.08;
in_os_to_as.11;2873.00;-45494495_0;5.10;0.00;3.33;3099.00;41899283#1_0;148.70;8.08;226.00;1746.47;0.00;0;0.00;20.84;0;tripinfo_in_os_to_as.11;car;0.77;
in_as_to_gg.7;2925.00;23687583_0;5.10;0.00;4.03;3099.00;23156305_0;1264.14;12.19;174.00;1600.87;0.00;0;0.00;46.80;0;tripinfo_in_as_to_gg.7;car;1.14;
in_ba_to_ko.52;2869.00;-230845886_0;5.10;0.00;0.65;3100.00;972103805_0;116.86;10.77;231.00;2114.29;9.00;1;0.00;37.90;0;tripinfo_in_ba_to_ko.52;car;1.00;
in_as_to_br.6;2903.00;23687583_0;5.10;0.00;0.61;3100.00;23156390_0;1121.44;10.79;197.00;1694.48;3.00;1;0.00;42.75;0;tripinfo_in_as_to_br.6;car;0.99;
in_as_to_ba.21;2942.00;23687583_0;5.10;0.00;2.68;3100.00;230845886_0;633.12;11.87;158.00;1356.50;14.00;1;0.00;49.82;0;tripinfo_in_as_to_ba.21;car;1.13;
in_ns_to_br.0;2788.00;-23142338#2_0;5.10;0.00;3.15;3102.00;23156390_0;1121.44;11.19;314.00;2792.05;26.00;3;0.00;65.35;0;tripinfo_in_ns_to_br.0;car;1.02;
in_od_to_gg.18;2527.00;803785575#0_0;5.10;0.00;16.33;3104.00;23156305_0;1264.14;10.18;577.00;3669.96;98.00;12;0.00;248.09;0;tripinfo_in_od_to_gg.18;car;1.01;
in_ns_to_ko.87;2942.00;-23142338#2_0;5.10;0.00;4.15;3106.00;972103805_0;116.86;13.14;164.00;1398.55;11.00;3;0.00;59.02;0;tripinfo_in_ns_to_ko.87;car;1.20;
in_ba_to_gj.30;2895.00;-230845886_0;5.10;0.00;2.62;3109.00;23527526_0;253.75;9.11;214.00;1755.68;8.00;1;0.00;30.32;0;tripinfo_in_ba_to_gj.30;car;0.87;
in_ba_to_as.31;2934.00;-230845886_0;5.10;0.00;7.28;3110.00;41899283#1_0;148.70;8.97;176.00;1430.78;0.00;0;0.00;15.35;0;tripinfo_in_ba_to_as.31;car;0.81;
in_as_to_gj.28;3010.00;23687583_0;5.10;0.00;4.51;3111.00;23527526_0;253.75;11.00;101.00;649.06;10.00;2;0.00;43.01;0;tripinfo_in_as_to_gj.28;car;1.03;
in_as_to_ns.25;2847.00;23687583_0;5.10;0.00;3.51;3112.00;23142338#2_0;290.21;8.68;265.00;1995.73;20.00;2;0.00;55.34;0;tripinfo_in_as_to_ns.25;car;0.87;
in_as_to_ko.37;2933.00;23687583_0;5.10;0.00;7.00;3113.00;972103805_0;116.86;9.43;180.00;1102.39;35.00;2;0.00;64.13;0;tripinfo_in_as_to_ko.37;car;0.86;
in_as_to_gj.29;3013.00;23687583_0;5.10;0.00;4.87;3113.00;23527526_0;253.75;9.52;100.00;649.06;8.00;2;0.00;38.48;0;tripinfo_in_as_to_gj.29;car;0.97;
in_as_to_ns.26;2872.00;23687583_0;5.10;0.00;14.23;3114.00;23142338#2_0;290.21;11.97;242.00;1995.73;19.00;3;0.00;82.66;0;tripinfo_in_as_to_ns.26;car;1.14;
in_os_to_gj.2;2919.00;-45494495_0;5.10;0.00;1.73;3114.00;23527526_0;253.75;12.18;195.00;2071.37;1.00;1;0.00;31.42;0;tripinfo_in_os_to_gj.2;car;1.14;
in_as_to_ko.38;2945.00;23687583_0;5.10;0.00;0.61;3115.00;972103805_0;116.86;9.92;170.00;1102.39;30.00;2;0.00;63.16;0;tripinfo_in_as_to_ko.38;car;0.93;
in_ba_to_kl.2;2937.00;-230845886_0;5.10;0.00;8.81;3117.00;28716808#1_0;754.74;12.53;180.00;1727.09;6.00;1;0.00;50.69;0;tripinfo_in_ba_to_kl.2;car;1.21;
in_as_to_ko.39;2948.00;23687583_0;5.10;0.00;0.94;3117.00;972103805_0;116.86;11.02;169.00;1102.39;30.00;2;0.00;77.10;0;tripinfo_in_as_to_ko.39;car;1.08;
in_ns_to_ko.88;2948.00;-23142338#2_0;5.10;0.00;1.56;3119.00;972103805_0;116.86;10.51;171.00;1398.55;12.00;3;0.00;39.26;0;tripinfo_in_ns_to_ko.88;car;0.96;
in_ns_to_ko.89;2951.00;-23142338#2_0;5.10;0.00;3.19;3121.00;972103805_0;116.86;12.06;170.00;1398.55;11.00;3;0.00;60.88;0;tripinfo_in_ns_to_ko.89;car;1.16;
in_ns_to_ko.90;2954.00;-23142338#2_0;5.10;0.00;5.17;3123.00;972103805_0;116.86;11.12;169.00;1398.55;7.00;1;0.00;50.24;0;tripinfo_in_ns_to_ko.90;car;1.06;
in_as_to_ko.40;2998.00;23687583_0;5.10;0.00;5.96;3125.00;972103805_0;116.86;11.67;127.00;1102.39;6.00;1;0.00;32.17;0;tripinfo_in_as_to_ko.40;car;1.06;
in_as_to_ns.27;2911.00;23687583_0;5.10;0.00;2.45;3126.00;23142338#2_0;290.21;11.73;215.00;1995.73;2.00;2;0.00;42.72;0;tripinfo_in_as_to_ns.27;car;1.06;
in_ns_to_ko.91;2957.00;-23142338#2_0;5.10;0.00;0.68;3128.00;972103805_0;116.86;10.75;171.00;1398.55;12.00;2;0.00;50.75;0;tripinfo_in_ns_to_ko.91;car;1.05;
in_os_to_ba.18;2957.00;-45494495_0;5.10;0.00;2.88;3129.00;230845886_0;633.12;11.55;172.00;1746.52;2.00;1;0.00;21.27;0;tripinfo_in_os_to_ba.18;car;1.05;
in_ns_to_ko.92;2960.00;-23142338#2_0;5.10;0.00;0.75;3130.00;972103805_0;116.86;10.78;170.00;1398.55;12.00;2;0.00;45.87;0;tripinfo_in_ns_to_ko.92;car;1.02;
in_as_to_gj.30;3022.00;23687583_0;5.10;0.00;5.12;3131.00;23527526_0;253.75;10.48;109.00;649.06;15.00;3;0.00;49.15;0;tripinfo_in_as_to_gj.30;car;0.99;
in_ns_to_ko.93;2963.00;-23142338#2_0;5.10;0.00;2.30;3133.00;972103805_0;116.86;10.78;170.00;1398.55;12.00;2;0.00;41.89;0;tripinfo_in_ns_to_ko.93;car;0.98;
in_as_to_gg.8;2959.00;23687583_0;5.10;0.00;0.77;3135.00;23156305_0;1264.14;11.07;176.00;1600.87;15.00;2;0.00;45.70;0;tripinfo_in_as_to_gg.8;car;1.11;
in_ba_to_ns.11;2863.00;-230845886_0;5.10;0.00;2.35;3138.00;23142338#2_0;290.21;9.62;275.00;2346.36;17.00;2;0.00;44.26;0;tripinfo_in_ba_to_ns.11;car;0.92;
in_ns_to_ko.94;2973.00;-23142338#2_0;5.10;0.00;0.20;3142.00;972103805_0;116.86;12.29;169.00;1398.55;14.00;4;0.00;54.95;0;tripinfo_in_ns_to_ko.94;car;1.11;
in_ns_to_as.13;2902.00;-23142338#2_0;5.10;0.00;0.96;3146.00;41899283#1_0;148.70;8.87;244.00;2009.37;11.00;2;0.00;39.65;0;tripinfo_in_ns_to_as.13;car;0.90;
in_ns_to_gj.5;2866.00;-23142338#2_0;5.10;0.00;0.56;3150.00;23527526_0;253.75;9.73;284.00;2084.96;52.00;2;0.00;82.17;0;tripinfo_in_ns_to_gj.5;car;0.94;
in_ns_to_gj.6;2891.00;-23142338#2_0;5.10;0.00;0.42;3153.00;23527526_0;253.75;9.62;262.00;2084.96;27.00;2;0.00;57.13;0;tripinfo_in_ns_to_gj.6;car;0.92;
in_as_to_kl.7;3019.00;23687583_0;5.10;0.00;3.15;3154.00;28716808#1_0;754.74;11.73;135.00;1207.92;5.00;2;0.00;37.59;0;tripinfo_in_as_to_kl.7;car;1.13;
in_ba_to_ko.53;2913.00;-230845886_0;5.10;0.00;2.31;3155.00;972103805_0;116.86;8.95;242.00;2114.29;0.00;0;0.00;21.10;0;tripinfo_in_ba_to_ko.53;car;0.87;
in_ba_to_ko.54;2940.00;-230845886_0;5.10;0.00;10.56;3157.00;972103805_0;116.86;12.36;217.00;2114.29;0.00;0;0.00;52.98;0;tripinfo_in_ba_to_ko.54;car;1.17;
in_ns_to_br.1;2792.00;-23142338#2_0;5.10;0.00;0.43;3159.00;23156390_0;1121.44;7.90;367.00;2792.05;18.00;3;0.00;56.09;0;tripinfo_in_ns_to_br.1;car;0.81;
in_as_to_br.7;2965.00;23687583_0;5.10;0.00;4.27;3161.00;23156390_0;1121.44;11.87;196.00;1694.48;10.00;1;0.00;53.46;0;tripinfo_in_as_to_br.7;car;1.08;
in_ba_to_gj.32;2946.00;-230845886_0;5.10;0.00;15.55;3167.00;23527526_0;253.75;8.25;221.00;1755.68;0.00;0;0.00;19.71;0;tripinfo_in_ba_to_gj.32;car;0.79;
in_as_to_gg.9;2976.00;23687583_0;5.10;0.00;8.29;3168.00;23156305_0;1264.14;9.60;192.00;1600.87;7.00;1;0.00;39.33;0;tripinfo_in_as_to_gg.9;car;0.95;
in_ns_to_ko.95;2985.00;-23142338#2_0;5.10;0.00;5.10;3169.00;972103805_0;116.86;10.03;184.00;1398.55;15.00;3;0.00;44.85;0;tripinfo_in_ns_to_ko.95;car;0.91;
in_as_to_gj.31;3041.00;23687583_0;5.10;0.00;5.68;3169.00;23527526_0;253.75;11.42;128.00;649.06;12.00;2;0.00;72.96;0;tripinfo_in_as_to_gj.31;car;1.08;
in_ba_to_ko.55;2949.00;-230845886_0;5.10;0.00;18.20;3171.00;972103805_0;116.86;13.18;222.00;2114.29;0.00;0;0.00;59.79;0;tripinfo_in_ba_to_ko.55;car;1.19;
in_ns_to_ko.96;3014.00;-23142338#2_0;5.10;0.00;2.51;3184.00;972103805_0;116.86;10.27;170.00;1398.55;16.00;2;0.00;39.52;0;tripinfo_in_ns_to_ko.96;car;0.97;
in_ns_to_ko.97;3017.00;-23142338#2_0;5.10;0.00;4.07;3186.00;972103805_0;116.86;11.24;169.00;1398.55;16.00;2;0.00;50.81;0;tripinfo_in_ns_to_ko.97;car;1.07;
in_ba_to_gg.10;2917.00;-230845886_0;5.10;0.00;0.25;3190.00;23156305_0;1264.14;10.53;273.00;2718.65;2.00;1;0.00;35.69;0;tripinfo_in_ba_to_gg.10;car;1.04;
in_ba_to_as.32;3042.00;-230845886_0;5.10;0.00;2.51;3190.00;41899283#1_0;148.70;10.72;148.00;1430.78;0.00;0;0.00;19.60;0;tripinfo_in_ba_to_as.32;car;1.01;
in_ba_to_gj.33;2952.00;-230845886_0;5.10;0.00;20.93;3196.00;23527526_0;253.75;7.30;244.00;1755.68;0.00;0;0.00;25.26;0;tripinfo_in_ba_to_gj.33;car;0.73;
in_as_to_ko.41;3030.00;23687583_0;5.10;0.00;6.51;3197.00;972103805_0;116.86;8.70;167.00;1102.39;17.00;3;0.00;55.52;0;tripinfo_in_as_to_ko.41;car;0.89;
in_as_to_gj.32;3116.00;23687583_0;5.10;0.00;5.43;3198.00;23527526_0;253.75;9.51;82.00;649.06;0.00;0;0.00;31.22;0;tripinfo_in_as_to_gj.32;car;1.17;
in_ba_to_ko.56;2990.00;-230845886_0;5.10;0.00;2.81;3199.00;972103805_0;116.86;11.77;209.00;2114.29;2.00;1;0.00;41.83;0;tripinfo_in_ba_to_ko.56;car;1.15;
in_as_to_gj.33;3122.00;23687583_0;5.10;0.00;8.00;3203.00;23527526_0;253.75;10.16;81.00;649.06;0.00;0;0.00;19.10;0;tripinfo_in_as_to_gj.33;car;0.96;
in_ns_to_ko.98;3023.00;-23142338#2_0;5.10;0.00;9.57;3205.00;972103805_0;116.86;9.08;182.00;1398.55;16.00;3;0.00;41.03;0;tripinfo_in_ns_to_ko.98;car;0.89;
in_ns_to_ko.99;3028.00;-23142338#2_0;5.10;0.00;0.71;3207.00;972103805_0;116.86;10.66;179.00;1398.55;17.00;3;0.00;51.41;0;tripinfo_in_ns_to_ko.99;car;0.99;
in_ba_to_br.0;2956.00;-230845886_0;5.10;0.00;17.40;3209.00;23156390_0;1121.44;10.28;253.00;2198.00;0.00;0;0.00;43.64;0;tripinfo_in_ba_to_br.0;car;0.96;
in_ba_to_as.33;3048.00;-230845886_0;5.10;0.00;0.85;3209.00;41899283#1_0;148.70;9.44;161.00;1430.78;0.00;0;0.00;13.16;0;tripinfo_in_ba_to_as.33;car;0.88;
in_ns_to_ko.100;3032.00;-23142338#2_0;5.10;0.00;0.86;3210.00;972103805_0;116.86;10.06;178.00;1398.55;14.00;3;0.00;49.83;0;tripinfo_in_ns_to_ko.100;car;0.98;
in_ns_to_ko.101;3048.00;-23142338#2_0;5.10;0.00;0.41;3214.00;972103805_0;116.86;9.96;166.00;1398.55;9.00;2;0.00;40.05;0;tripinfo_in_ns_to_ko.101;car;1.00;
in_as_to_ko.42;3038.00;23687583_0;5.10;0.00;2.69;3218.00;972103805_0;116.86;12.43;180.00;1102.39;33.00;5;0.00;91.04;0;tripinfo_in_as_to_ko.42;car;1.13;
in_ns_to_as.14;2979.00;-23142338#2_0;5.10;0.00;0.45;3221.00;41899283#1_0;148.70;10.25;242.00;2009.37;15.00;3;0.00;59.25;0;tripinfo_in_ns_to_as.14;car;1.01;
in_as_to_ko.43;3058.00;23687583_0;5.10;0.00;2.75;3221.00;972103805_0;116.86;11.47;163.00;1102.39;11.00;2;0.00;66.72;0;tripinfo_in_as_to_ko.43;car;1.04;
in_ba_to_as.34;3082.00;-230845886_0;5.10;0.00;0.84;3225.00;41899283#1_0;148.70;11.43;143.00;1430.78;3.00;1;0.00;26.53;0;tripinfo_in_ba_to_as.34;car;1.11;
in_ba_to_br.1;2998.00;-230845886_0;5.10;0.00;0.91;3229.00;23156390_0;1121.44;10.76;231.00;2198.00;8.00;1;0.00;35.73;0;tripinfo_in_ba_to_br.1;car;1.03;
in_as_to_ko.44;3108.00;23687583_0;5.10;0.00;6.53;3229.00;972103805_0;116.86;11.49;121.00;1102.39;0.00;0;0.00;24.69;0;tripinfo_in_as_to_ko.44;car;1.04;
in_ns_to_ko.102;3065.00;-23142338#2_0;5.10;0.00;0.68;3232.00;972103805_0;116.86;10.63;167.00;1398.55;11.00;3;0.00;41.04;0;tripinfo_in_ns_to_ko.102;car;1.00;
in_as_to_ns.28;3016.00;23687583_0;5.10;0.00;2.04;3235.00;23142338#2_0;290.21;10.47;219.00;1995.73;8.00;2;0.00;47.68;0;tripinfo_in_as_to_ns.28;car;1.06;
in_ns_to_ko.103;3083.00;-23142338#2_0;5.10;0.00;0.93;3235.00;972103805_0;116.86;10.78;152.00;1398.55;0.00;0;0.00;35.61;0;tripinfo_in_ns_to_ko.103;car;1.09;
in_as_to_br.8;3032.00;23687583_0;5.10;0.00;3.68;3237.00;23156390_0;1121.44;11.55;205.00;1694.48;15.00;3;0.00;60.67;0;tripinfo_in_as_to_br.8;car;1.06;
in_ns_to_as.15;3011.00;-23142338#2_0;5.10;0.00;0.06;3239.00;41899283#1_0;148.70;10.39;228.00;2009.37;7.00;1;0.00;45.56;0;tripinfo_in_ns_to_as.15;car;1.00;
in_as_to_ko.45;3119.00;23687583_0;5.10;0.00;5.62;3239.00;972103805_0;116.86;10.10;120.00;1102.39;0.00;0;0.00;22.49;0;tripinfo_in_as_to_ko.45;car;1.02;
in_as_to_gg.10;3025.00;23687583_0;5.10;0.00;5.84;3241.00;23156305_0;1264.14;9.76;216.00;1600.87;14.00;3;0.00;54.27;0;tripinfo_in_as_to_gg.10;car;0.90;
in_ba_to_gg.11;2943.00;-230845886_0;5.10;0.00;12.99;3243.00;23156305_0;1264.14;10.82;300.00;2718.65;0.00;0;0.00;67.44;0;tripinfo_in_ba_to_gg.11;car;1.06;
in_ns_to_kl.6;2969.00;-23142338#2_0;5.10;0.00;3.21;3245.00;28716808#1_0;754.74;10.35;276.00;2315.58;18.00;4;0.00;67.86;0;tripinfo_in_ns_to_kl.6;car;1.01;
in_as_to_gj.34;3179.00;23687583_0;5.10;0.00;12.25;3248.00;23527526_0;253.75;10.00;69.00;649.06;0.00;0;0.00;6.87;0;tripinfo_in_as_to_gj.34;car;0.95;
in_ba_to_ns.12;2959.00;-230845886_0;5.10;0.00;3.63;3249.00;23142338#2_0;290.21;8.87;290.00;2346.36;9.00;2;0.00;55.31;0;tripinfo_in_ba_to_ns.12;car;0.90;
in_ns_to_gj.7;2945.00;-23142338#2_0;5.10;0.00;5.84;3251.00;23527526_0;253.75;11.08;306.00;2084.96;84.00;4;0.00;125.68;0;tripinfo_in_ns_to_gj.7;car;1.05;
in_ba_to_ns.13;2993.00;-230845886_0;5.10;0.00;2.15;3252.00;23142338#2_0;290.21;9.79;259.00;2346.36;0.00;0;0.00;22.41;0;tripinfo_in_ba_to_ns.13;car;0.90;
in_ns_to_gj.8;3020.00;-23142338#2_0;5.10;0.00;7.03;3253.00;23527526_0;253.75;11.46;233.00;2084.96;15.00;2;0.00;64.74;0;tripinfo_in_ns_to_gj.8;car;1.12;
in_os_to_gg.9;2949.00;-45494495_0;5.10;0.00;0.43;3258.00;23156305_0;1264.14;10.40;309.00;3034.34;1.00;1;0.00;33.19;0;tripinfo_in_os_to_gg.9;car;1.00;
in_as_to_gg.11;3052.00;23687583_0;5.10;0.00;2.40;3260.00;23156305_0;1264.14;11.50;208.00;1600.87;8.00;2;0.00;73.15;0;tripinfo_in_as_to_gg.11;car;1.08;
in_as_to_ko.46;3142.00;23687583_0;5.10;0.00;4.83;3264.00;972103805_0;116.86;8.85;122.00;1102.39;0.00;0;0.00;11.80;0;tripinfo_in_as_to_ko.46;car;0.90;
in_as_to_gj.35;3193.00;23687583_0;5.10;0.00;0.19;3264.00;23527526_0;253.75;9.90;71.00;649.06;0.00;0;0.00;11.53;0;tripinfo_in_as_to_gj.35;car;0.99;
in_as_to_ko.47;3149.00;23687583_0;5.10;0.00;3.14;3266.00;972103805_0;116.86;10.50;117.00;1102.39;0.00;0;0.00;18.51;0;tripinfo_in_as_to_ko.47;car;1.01;
in_ba_to_as.35;3107.00;-230845886_0;5.10;0.00;0.95;3267.00;41899283#1_0;148.70;8.99;160.00;1430.78;0.00;0;0.00;15.33;0;tripinfo_in_ba_to_as.35;car;0.90;
in_as_to_kl.8;3125.00;23687583_0;5.10;0.00;1.02;3269.00;28716808#1_0;754.74;10.94;144.00;1207.92;7.00;2;0.00;41.39;0;tripinfo_in_as_to_kl.8;car;1.07;
in_ba_to_ko.57;3020.00;-230845886_0;5.10;0.00;0.17;3270.00;972103805_0;116.86;8.78;250.00;2114.29;4.00;2;0.00;33.49;0;tripinfo_in_ba_to_ko.57;car;0.89;
in_ns_to_as.16;3054.00;-23142338#2_0;5.10;0.00;1.55;3281.00;41899283#1_0;148.70;11.37;227.00;2009.37;13.00;3;0.00;65.78;0;tripinfo_in_ns_to_as.16;car;1.13;
in_ns_to_ko.104;3122.00;-23142338#2_0;5.10;0.00;0.59;3286.00;972103805_0;116.86;8.16;164.00;1398.55;0.00;0;0.00;14.35;0;tripinfo_in_ns_to_ko.104;car;0.84;
in_as_to_ko.48;3176.00;23687583_0;5.10;0.00;9.36;3288.00;972103805_0;116.86;10.40;112.00;1102.39;0.00;0;0.00;10.17;0;tripinfo_in_as_to_ko.48;car;0.98;
in_ns_to_ko.105;3126.00;-23142338#2_0;5.10;0.00;3.81;3290.00;972103805_0;116.86;10.64;164.00;1398.55;0.00;0;0.00;41.70;0;tripinfo_in_ns_to_ko.105;car;1.03;
in_as_to_ba.22;3078.00;23687583_0;5.10;0.00;0.96;3293.00;230845886_0;633.12;8.56;215.00;1356.50;11.00;2;0.00;57.65;0;tripinfo_in_as_to_ba.22;car;0.78;
in_ns_to_br.2;2966.00;-23142338#2_0;5.10;0.00;1.28;3295.00;23156390_0;1121.44;9.71;329.00;2792.05;20.00;4;0.00;65.73;0;tripinfo_in_ns_to_br.2;car;0.96;
in_as_to_ba.23;3152.00;23687583_0;5.10;0.00;5.18;3295.00;230845886_0;633.12;11.57;143.00;1356.50;2.00;1;0.00;34.20;0;tripinfo_in_as_to_ba.23;car;1.12;
in_os_to_gg.10;2967.00;-45494495_0;5.10;0.00;0.95;3296.00;23156305_0;1264.14;9.74;329.00;3034.34;0.00;0;0.00;29.34;0;tripinfo_in_os_to_gg.10;car;0.92;
in_ba_to_ko.58;3023.00;-230845886_0;5.10;0.00;1.38;3299.00;972103805_0;116.86;7.86;276.00;2114.29;2.00;1;0.00;30.63;0;tripinfo_in_ba_to_ko.58;car;0.78;
in_ba_to_ko.59;3039.00;-230845886_0;5.10;0.00;0.36;3301.00;972103805_0;116.86;9.96;262.00;2114.29;1.00;1;0.00;53.25;0;tripinfo_in_ba_to_ko.59;car;0.92;
in_as_to_ba.24;3158.00;23687583_0;5.10;0.00;6.96;3301.00;230845886_0;633.12;11.29;143.00;1356.50;4.00;1;0.00;27.38;0;tripinfo_in_as_to_ba.24;car;1.06;
in_ba_to_ko.60;3053.00;-230845886_0;5.10;0.00;4.44;3303.00;972103805_0;116.86;10.90;250.00;2114.29;2.00;1;0.00;59.94;0;tripinfo_in_ba_to_ko.60;car;1.01;
in_ba_to_kl.3;3131.00;-230845886_0;5.10;0.00;0.81;3305.00;28716808#1_0;754.74;11.24;174.00;1727.09;0.00;0;0.00;24.79;0;tripinfo_in_ba_to_kl.3;car;1.05;
in_ns_to_ko.106;3142.00;-23142338#2_0;5.10;0.00;0.84;3305.00;972103805_0;116.86;11.92;163.00;1398.55;10.00;3;0.00;46.37;0;tripinfo_in_ns_to_ko.106;car;1.09;
in_as_to_gj.36;3234.00;23687583_0;5.10;0.00;0.49;3305.00;23527526_0;253.75;9.79;71.00;649.06;0.00;0;0.00;7.77;0;tripinfo_in_as_to_gj.36;car;0.94;
in_ba_to_as.36;3117.00;-230845886_0;5.10;0.00;0.85;3306.00;41899283#1_0;148.70;7.81;189.00;1430.78;10.00;1;0.00;28.30;0;tripinfo_in_ba_to_as.36;car;0.81;
in_ns_to_ko.107;3153.00;-23142338#2_0;5.10;0.00;0.99;3308.00;972103805_0;116.86;9.96;155.00;1398.55;3.00;1;0.00;28.41;0;tripinfo_in_ns_to_ko.107;car;1.00;
in_ba_to_gj.34;3120.00;-230845886_0;5.10;0.00;2.02;3309.00;23527526_0;253.75;10.04;189.00;1755.68;0.00;0;0.00;31.92;0;tripinfo_in_ba_to_gj.34;car;1.01;
in_as_to_ko.49;3210.00;23687583_0;5.10;0.00;0.46;3310.00;972103805_0;116.86;12.13;100.00;1102.39;0.00;0;0.00;9.14;0;tripinfo_in_as_to_ko.49;car;1.10;
in_as_to_ba.25;3173.00;23687583_0;5.10;0.00;6.62;3311.00;230845886_0;633.12;10.55;138.00;1356.50;0.00;0;0.00;19.88;0;tripinfo_in_as_to_ba.25;car;1.04;
in_ba_to_ns.14;3065.00;-230845886_0;5.10;0.00;1.20;3312.00;23142338#2_0;290.21;10.96;247.00;2346.36;5.00;1;0.00;38.14;0;tripinfo_in_ba_to_ns.14;car;1.02;
in_ba_to_ko.61;3069.00;-230845886_0;5.10;0.00;0.88;3312.00;972103805_0;116.86;11.97;243.00;2114.29;20.00;3;0.00;70.98;0;tripinfo_in_ba_to_ko.61;car;1.12;
in_ba_to_as.37;3143.00;-230845886_0;5.10;0.00;4.52;3315.00;41899283#1_0;148.70;11.15;172.00;1430.78;4.00;2;0.00;43.53;0;tripinfo_in_ba_to_as.37;car;1.01;
in_as_to_gj.37;3247.00;23687583_0;5.10;0.00;0.53;3318.00;23527526_0;253.75;10.40;71.00;649.06;0.00;0;0.00;12.22;0;tripinfo_in_as_to_gj.37;car;1.00;
in_ba_to_ko.62;3085.00;-230845886_0;5.10;0.00;3.08;3319.00;972103805_0;116.86;9.60;234.00;2114.29;8.00;1;0.00;32.01;0;tripinfo_in_ba_to_ko.62;car;0.95;
in_ba_to_ko.63;3088.00;-230845886_0;5.10;0.00;1.26;3321.00;972103805_0;116.86;11.52;233.00;2114.29;8.00;1;0.00;55.39;0;tripinfo_in_ba_to_ko.63;car;1.08;
in_ns_to_ko.108;3160.00;-23142338#2_0;5.10;0.00;0.99;3326.00;972103805_0;116.86;9.38;166.00;1398.55;4.00;1;0.00;25.10;0;tripinfo_in_ns_to_ko.108;car;0.90;
in_ns_to_ko.109;3167.00;-23142338#2_0;5.10;0.00;0.61;3328.00;972103805_0;116.86;10.57;161.00;1398.55;7.00;1;0.00;30.90;0;tripinfo_in_ns_to_ko.109;car;0.97;
in_ba_to_ko.64;3091.00;-230845886_0;5.10;0.00;2.66;3334.00;972103805_0;116.86;9.69;243.00;2114.29;12.00;2;0.00;41.17;0;tripinfo_in_ba_to_ko.64;car;0.95;
in_as_to_ns.29;3049.00;23687583_0;5.10;0.00;4.09;3339.00;23142338#2_0;290.21;9.85;290.00;1995.73;29.00;4;0.00;92.14;0;tripinfo_in_as_to_ns.29;car;0.92;
in_ba_to_gg.12;3076.00;-230845886_0;5.10;0.00;0.79;3339.00;23156305_0;1264.14;10.93;263.00;2718.65;4.00;1;0.00;33.92;0;tripinfo_in_ba_to_gg.12;car;1.08;
in_as_to_br.9;3139.00;23687583_0;5.10;0.00;7.67;3344.00;23156390_0;1121.44;9.62;205.00;1694.48;2.00;1;0.00;29.50;0;tripinfo_in_as_to_br.9;car;0.88;
in_ba_to_as.38;3146.00;-230845886_0;5.10;0.00;5.74;3345.00;41899283#1_0;148.70;9.87;199.00;1430.78;17.00;3;0.00;56.14;0;tripinfo_in_ba_to_as.38;car;0.90;
in_as_to_br.10;3167.00;23687583_0;5.10;0.00;1.92;3345.00;23156390_0;1121.44;11.00;178.00;1694.48;2.00;1;0.00;48.87;0;tripinfo_in_as_to_br.10;car;1.18;
in_ns_to_ko.110;3180.00;-23142338#2_0;5.10;0.00;0.99;3346.00;972103805_0;116.86;9.68;166.00;1398.55;4.00;1;0.00;21.21;0;tripinfo_in_ns_to_ko.110;car;0.88;
in_ns_to_ko.111;3183.00;-23142338#2_0;5.10;0.00;3.83;3347.00;972103805_0;116.86;10.87;164.00;1398.55;4.00;1;0.00;36.61;0;tripinfo_in_ns_to_ko.111;car;0.99;
in_ns_to_ko.112;3188.00;-23142338#2_0;5.10;0.00;0.67;3354.00;972103805_0;116.86;8.79;166.00;1398.55;4.00;1;0.00;19.77;0;tripinfo_in_ns_to_ko.112;car;0.86;
in_as_to_ns.30;3155.00;23687583_0;5.10;0.00;3.99;3355.00;23142338#2_0;290.21;11.44;200.00;1995.73;3.00;1;0.00;26.49;0;tripinfo_in_as_to_ns.30;car;1.05;
in_ns_to_ko.113;3192.00;-23142338#2_0;5.10;0.00;0.87;3356.00;972103805_0;116.86;10.34;164.00;1398.55;3.00;1;0.00;32.21;0;tripinfo_in_ns_to_ko.113;car;0.96;
in_ns_to_ko.114;3196.00;-23142338#2_0;5.10;0.00;0.90;3358.00;972103805_0;116.86;10.34;162.00;1398.55;1.00;1;0.00;41.11;0;tripinfo_in_ns_to_ko.114;car;1.05;
in_ns_to_gg.11;2982.00;-23142338#2_0;5.10;0.00;3.33;3359.00;23156305_0;1264.14;10.40;377.00;3297.24;18.00;4;0.00;83.50;0;tripinfo_in_ns_to_gg.11;car;1.02;
in_ns_to_ko.115;3199.00;-23142338#2_0;5.10;0.00;0.79;3360.00;972103805_0;116.86;10.88;161.00;1398.55;1.00;1;0.00;43.37;0;tripinfo_in_ns_to_ko.115;car;1.08;
in_ba_to_ns.15;3097.00;-230845886_0;5.10;0.00;5.09;3364.00;23142338#2_0;290.21;10.02;267.00;2346.36;14.00;2;0.00;48.05;0;tripinfo_in_ba_to_ns.15;car;0.97;
in_ns_to_ba.4;3104.00;-23142338#2_0;5.10;0.00;0.33;3366.00;230845886_0;633.12;9.80;262.00;2340.42;17.00;1;0.00;43.37;0;tripinfo_in_ns_to_ba.4;car;0.96;
in_ns_to_kl.7;3097.00;-23142338#2_0;5.10;0.00;0.61;3368.00;28716808#1_0;754.74;9.72;271.00;2315.58;9.00;1;0.00;35.31;0;tripinfo_in_ns_to_kl.7;car;0.89;
in_as_to_ba.26;3231.00;23687583_0;5.10;0.00;4.56;3368.00;230845886_0;633.12;10.29;137.00;1356.50;1.00;1;0.00;16.46;0;tripinfo_in_as_to_ba.26;car;1.02;
in_ba_to_gj.35;3149.00;-230845886_0;5.10;0.00;7.22;3371.00;23527526_0;253.75;10.96;222.00;1755.68;18.00;3;0.00;64.43;0;tripinfo_in_ba_to_gj.35;car;1.01;
in_as_to_ba.27;3242.00;23687583_0;5.10;0.00;0.61;3371.00;230845886_0;633.12;12.05;129.00;1356.50;7.00;1;0.00;20.72;0;tripinfo_in_as_to_ba.27;car;1.14;
in_ba_to_ns.16;3110.00;-230845886_0;5.10;0.00;1.57;3373.00;23142338#2_0;290.21;8.63;263.00;2346.36;0.00;0;0.00;25.00;0;tripinfo_in_ba_to_ns.16;car;0.89;
in_ns_to_gj.9;3073.00;-23142338#2_0;5.10;0.00;6.96;3379.00;23527526_0;253.75;9.70;306.00;2084.96;63.00;2;0.00;92.03;0;tripinfo_in_ns_to_gj.9;car;0.88;
in_ns_to_gj.10;3149.00;-23142338#2_0;5.10;0.00;0.66;3381.00;23527526_0;253.75;11.37;232.00;2084.96;6.00;2;0.00;54.69;0;tripinfo_in_ns_to_gj.10;car;1.06;
in_ns_to_ko.116;3202.00;-23142338#2_0;5.10;0.00;1.96;3381.00;972103805_0;116.86;9.86;179.00;1398.55;18.00;1;0.00;39.14;0;tripinfo_in_ns_to_ko.116;car;0.90;
in_as_to_ko.50;3276.00;23687583_0;5.10;0.00;8.36;3384.00;972103805_0;116.86;10.14;108.00;1102.39;0.00;0;0.00;9.57;0;tripinfo_in_as_to_ko.50;car;1.01;
in_ba_to_as.39;3220.00;-230845886_0;5.10;0.00;0.68;3389.00;41899283#1_0;148.70;10.46;169.00;1430.78;9.00;2;0.00;43.89;0;tripinfo_in_ba_to_as.39;car;1.04;
in_as_to_gj.38;3324.00;23687583_0;5.10;0.00;0.68;3389.00;23527526_0;253.75;11.19;65.00;649.06;0.00;0;0.00;7.83;0;tripinfo_in_as_to_gj.38;car;1.05;
in_ba_to_as.40;3246.00;-230845886_0;5.10;0.00;7.45;3391.00;41899283#1_0;148.70;13.38;145.00;1430.78;0.00;0;0.00;37.33;0;tripinfo_in_ba_to_as.40;car;1.21;
in_as_to_kl.9;3267.00;23687583_0;5.10;0.00;3.22;3391.00;28716808#1_0;754.74;11.18;124.00;1207.92;0.00;0;0.00;16.13;0;tripinfo_in_as_to_kl.9;car;1.02;
in_as_to_ko.51;3279.00;23687583_0;5.10;0.00;7.66;3393.00;972103805_0;116.86;10.76;114.00;1102.39;3.00;1;0.00;15.78;0;tripinfo_in_as_to_ko.51;car;1.02;
in_as_to_ko.52;3288.00;23687583_0;5.10;0.00;4.84;3394.00;972103805_0;116.86;12.86;106.00;1102.39;0.00;0;0.00;22.63;0;tripinfo_in_as_to_ko.52;car;1.19;
in_ns_to_gg.12;3088.00;-23142338#2_0;5.10;0.00;0.89;3395.00;23156305_0;1264.14;11.80;307.00;3297.24;1.00;1;0.00;42.92;0;tripinfo_in_ns_to_gg.12;car;1.14;
in_ba_to_ko.65;3140.00;-230845886_0;5.10;0.00;3.77;3398.00;972103805_0;116.86;10.75;258.00;2114.29;16.00;3;0.00;66.44;0;tripinfo_in_ba_to_ko.65;car;1.00;
in_ns_to_ko.117;3208.00;-23142338#2_0;5.10;0.00;0.79;3400.00;972103805_0;116.86;12.09;192.00;1398.55;28.00;3;0.00;76.99;0;tripinfo_in_ns_to_ko.117;car;1.10;
in_ns_to_ko.118;3219.00;-23142338#2_0;5.10;0.00;0.73;3403.00;972103805_0;116.86;10.07;184.00;1398.55;20.00;3;0.00;52.34;0;tripinfo_in_ns_to_ko.118;car;0.96;
in_ba_to_as.41;3258.00;-230845886_0;5.10;0.00;3.54;3405.00;41899283#1_0;148.70;10.87;147.00;1430.78;0.00;0;0.00;26.19;0;tripinfo_in_ba_to_as.41;car;1.08;
in_ns_to_ko.119;3228.00;-23142338#2_0;5.10;0.00;0.53;3406.00;972103805_0;116.86;10.16;178.00;1398.55;13.00;3;0.00;43.04;0;tripinfo_in_ns_to_ko.119;car;0.94;
in_ba_to_gj.36;3176.00;-230845886_0;5.10;0.00;8.78;3407.00;23527526_0;253.75;8.94;231.00;1755.68;8.00;1;0.00;54.11;0;tripinfo_in_ba_to_gj.36;car;0.90;
in_ns_to_ko.120;3235.00;-23142338#2_0;5.10;0.00;0.95;3408.00;972103805_0;116.86;10.64;173.00;1398.55;9.00;3;0.00;45.30;0;tripinfo_in_ns_to_ko.120;car;0.99;
in_as_to_ns.31;3203.00;23687583_0;5.10;0.00;0.76;3410.00;23142338#2_0;290.21;11.35;207.00;1995.73;20.00;2;0.00;44.75;0;tripinfo_in_as_to_ns.31;car;1.12;
in_ns_to_ko.121;3238.00;-23142338#2_0;5.10;0.00;0.13;3411.00;972103805_0;116.86;9.18;173.00;1398.55;6.00;1;0.00;37.13;0;tripinfo_in_ns_to_ko.121;car;0.93;
in_as_to_gj.39;3339.00;23687583_0;5.10;0.00;2.03;3411.00;23527526_0;253.75;12.06;72.00;649.06;1.00;1;0.00;20.89;0;tripinfo_in_as_to_gj.39;car;1.16;
in_ba_to_as.42;3266.00;-230845886_0;5.10;0.00;0.03;3412.00;41899283#1_0;148.70;10.49;146.00;1430.78;0.00;0;0.00;20.35;0;tripinfo_in_ba_to_as.42;car;1.03;
in_ba_to_ko.66;3155.00;-230845886_0;5.10;0.00;8.76;3413.00;972103805_0;116.86;11.07;258.00;2114.29;15.00;3;0.00;74.96;0;tripinfo_in_ba_to_ko.66;car;1.05;
in_ba_to_ko.67;3158.00;-230845886_0;5.10;0.00;10.57;3416.00;972103805_0;116.86;11.62;258.00;2114.29;13.00;2;0.00;73.47;0;tripinfo_in_ba_to_ko.67;car;1.05;
in_as_to_br.11;3263.00;23687583_0;5.10;0.00;2.80;3417.00;23156390_0;1121.44;13.85;154.00;1694.48;0.00;0;0.00;31.03;0;tripinfo_in_as_to_br.11;car;1.33;
in_ns_to_ko.122;3269.00;-23142338#2_0;5.10;0.00;0.76;3421.00;972103805_0;116.86;10.63;152.00;1398.55;9.00;1;0.00;23.01;0;tripinfo_in_ns_to_ko.122;car;0.98;
in_as_to_ba.28;3260.00;23687583_0;5.10;0.00;0.12;3422.00;230845886_0;633.12;8.58;162.00;1356.50;0.00;0;0.00;13.12;0;tripinfo_in_as_to_ba.28;car;0.82;
in_ns_to_kl.8;3138.00;-23142338#2_0;5.10;0.00;2.45;3424.00;28716808#1_0;754.74;8.66;286.00;2315.58;2.00;2;0.00;32.13;0;tripinfo_in_ns_to_kl.8;car;0.83;
in_ba_to_gj.37;3230.00;-230845886_0;5.10;0.00;0.27;3427.00;23527526_0;253.75;9.51;197.00;1755.68;0.00;0;0.00;31.00;0;tripinfo_in_ba_to_gj.37;car;0.96;
in_ba_to_ko.68;3161.00;-230845886_0;5.10;0.00;7.83;3429.00;972103805_0;116.86;11.15;268.00;2114.29;24.00;3;0.00;81.71;0;tripinfo_in_ba_to_ko.68;car;1.03;
in_ba_to_ko.69;3167.00;-230845886_0;5.10;0.00;10.01;3431.00;972103805_0;116.86;11.51;264.00;2114.29;19.00;2;0.00;88.74;0;tripinfo_in_ba_to_ko.69;car;1.10;
in_ba_to_gg.13;3137.00;-230845886_0;5.10;0.00;5.23;3432.00;23156305_0;1264.14;10.12;295.00;2718.65;0.00;0;0.00;47.59;0;tripinfo_in_ba_to_gg.13;car;1.00;
in_ba_to_br.2;3173.00;-230845886_0;5.10;0.00;9.52;3435.00;23156390_0;1121.44;11.16;262.00;2198.00;10.00;2;0.00;75.36;0;tripinfo_in_ba_to_br.2;car;1.07;
in_ba_to_as.43;3284.00;-230845886_0;5.10;0.00;5.06;3438.00;41899283#1_0;148.70;11.46;154.00;1430.78;0.00;0;0.00;31.67;0;tripinfo_in_ba_to_as.43;car;1.06;
in_ba_to_gj.38;3239.00;-230845886_0;5.10;0.00;2.31;3440.00;23527526_0;253.75;8.62;201.00;1755.68;0.00;0;0.00;20.48;0;tripinfo_in_ba_to_gj.38;car;0.88;
in_ba_to_gj.39;3249.00;-230845886_0;5.10;0.00;10.38;3441.00;23527526_0;253.75;10.34;192.00;1755.68;0.00;0;0.00;37.50;0;tripinfo_in_ba_to_gj.39;car;1.03;
in_as_to_gj.40;3356.00;23687583_0;5.10;0.00;2.95;3449.00;23527526_0;253.75;10.62;93.00;649.06;20.00;1;0.00;33.17;0;tripinfo_in_as_to_gj.40;car;1.00;
in_as_to_ko.53;3303.00;23687583_0;5.10;0.00;0.34;3451.00;972103805_0;116.86;10.51;148.00;1102.39;26.00;2;0.00;43.06;0;tripinfo_in_as_to_ko.53;car;0.95;
in_as_to_gj.41;3362.00;23687583_0;5.10;0.00;2.92;3451.00;23527526_0;253.75;12.43;89.00;649.06;17.00;1;0.00;38.10;0;tripinfo_in_as_to_gj.41;car;1.18;
in_ns_to_as.17;3249.00;-23142338#2_0;5.10;0.00;0.64;3455.00;41899283#1_0;148.70;11.87;206.00;2009.37;16.00;2;0.00;43.97;0;tripinfo_in_ns_to_as.17;car;1.13;
in_as_to_gj.42;3389.00;23687583_0;5.10;0.00;1.53;3457.00;23527526_0;253.75;11.58;68.00;649.06;0.00;0;0.00;12.94;0;tripinfo_in_as_to_gj.42;car;1.09;
in_ba_to_ko.70;3170.00;-230845886_0;5.10;0.00;7.09;3460.00;972103805_0;116.86;8.09;290.00;2114.29;9.00;1;0.00;54.61;0;tripinfo_in_ba_to_ko.70;car;0.82;
in_ns_to_ko.123;3292.00;-23142338#2_0;5.10;0.00;0.13;3462.00;972103805_0;116.86;8.97;170.00;1398.55;3.00;2;0.00;25.57;0;tripinfo_in_ns_to_ko.123;car;0.87;
in_as_to_ba.29;3327.00;23687583_0;5.10;0.00;3.08;3464.00;230845886_0;633.12;11.20;137.00;1356.50;4.00;1;0.00;25.44;0;tripinfo_in_as_to_ba.29;car;1.09;
in_as_to_ko.54;3330.00;23687583_0;5.10;0.00;2.26;3466.00;972103805_0;116.86;9.24;136.00;1102.39;6.00;1;0.00;19.45;0;tripinfo_in_as_to_ko.54;car;0.86;
in_as_to_gj.43;3393.00;23687583_0;5.10;0.00;0.94;3466.00;23527526_0;253.75;10.42;73.00;649.06;0.00;0;0.00;12.21;0;tripinfo_in_as_to_gj.43;car;0.97;
in_as_to_ko.55;3336.00;23687583_0;5.10;0.00;1.79;3468.00;972103805_0;116.86;9.97;132.00;1102.39;3.00;1;0.00;29.80;0;tripinfo_in_as_to_ko.55;car;0.98;
in_ns_to_ko.124;3300.00;-23142338#2_0;5.10;0.00;0.30;3470.00;972103805_0;116.86;11.38;170.00;1398.55;5.00;2;0.00;48.19;0;tripinfo_in_ns_to_ko.124;car;1.04;
in_ba_to_ko.71;3179.00;-230845886_0;5.10;0.00;6.27;3472.00;972103805_0;116.86;10.03;293.00;2114.29;14.00;2;0.00;95.64;0;tripinfo_in_ba_to_ko.71;car;0.98;
in_as_to_kl.10;3353.00;23687583_0;5.10;0.00;0.22;3473.00;28716808#1_0;754.74;12.09;120.00;1207.92;0.00;0;0.00;19.31;0;tripinfo_in_as_to_kl.10;car;1.10;
in_ba_to_ko.72;3252.00;-230845886_0;5.10;0.00;11.98;3474.00;972103805_0;116.86;11.02;222.00;2114.29;0.00;0;0.00;39.34;0;tripinfo_in_ba_to_ko.72;car;1.05;
in_ns_to_ko.125;3320.00;-23142338#2_0;5.10;0.00;0.93;3478.00;972103805_0;116.86;9.73;158.00;1398.55;11.00;2;0.00;30.14;0;tripinfo_in_ns_to_ko.125;car;0.99;
in_as_to_gj.44;3413.00;23687583_0;5.10;0.00;0.15;3479.00;23527526_0;253.75;10.76;66.00;649.06;0.00;0;0.00;9.27;0;tripinfo_in_as_to_gj.44;car;1.05;
in_ns_to_ko.126;3326.00;-23142338#2_0;5.10;0.00;5.67;3481.00;972103805_0;116.86;11.06;155.00;1398.55;5.00;1;0.00;36.59;0;tripinfo_in_ns_to_ko.126;car;1.07;
in_ba_to_gj.40;3305.00;-230845886_0;5.10;0.00;0.66;3483.00;23527526_0;253.75;10.66;178.00;1755.68;0.00;0;0.00;26.44;0;tripinfo_in_ba_to_gj.40;car;1.05;
in_ns_to_ko.127;3329.00;-23142338#2_0;5.10;0.00;0.47;3483.00;972103805_0;116.86;13.80;154.00;1398.55;5.00;1;0.00;52.84;0;tripinfo_in_ns_to_ko.127;car;1.28;
in_ba_to_as.44;3332.00;-230845886_0;5.10;0.00;0.71;3483.00;41899283#1_0;148.70;10.71;151.00;1430.78;7.00;1;0.00;23.47;0;tripinfo_in_ba_to_as.44;car;1.02;
in_as_to_ns.32;3213.00;23687583_0;5.10;0.00;0.59;3485.00;23142338#2_0;290.21;7.86;272.00;1995.73;8.00;1;0.00;41.16;0;tripinfo_in_as_to_ns.32;car;0.79;
in_as_to_ns.33;3221.00;23687583_0;5.10;0.00;3.16;3486.00;23142338#2_0;290.21;10.35;265.00;1995.73;7.00;1;0.00;77.13;0;tripinfo_in_as_to_ns.33;car;0.96;
in_as_to_ns.34;3225.00;23687583_0;5.10;0.00;0.88;3488.00;23142338#2_0;290.21;11.20;263.00;1995.73;7.00;1;0.00;85.24;0;tripinfo_in_as_to_ns.34;car;1.02;
in_ba_to_ko.73;3269.00;-230845886_0;5.10;0.00;2.33;3488.00;972103805_0;116.86;11.84;219.00;2114.29;9.00;1;0.00;42.61;0;tripinfo_in_ba_to_ko.73;car;1.09;
in_as_to_ns.35;3239.00;23687583_0;5.10;0.00;2.81;3490.00;23142338#2_0;290.21;10.25;251.00;1995.73;25.00;4;0.00;76.00;0;tripinfo_in_as_to_ns.35;car;1.04;
in_as_to_ns.36;3273.00;23687583_0;5.10;0.00;7.49;3492.00;23142338#2_0;290.21;11.49;219.00;1995.73;17.00;2;0.00;53.78;0;tripinfo_in_as_to_ns.36;car;1.10;
in_as_to_ko.56;3369.00;23687583_0;5.10;0.00;0.05;3493.00;972103805_0;116.86;11.33;124.00;1102.39;15.00;1;0.00;31.72;0;tripinfo_in_as_to_ko.56;car;1.08;
in_as_to_gj.45;3418.00;23687583_0;5.10;0.00;0.16;3495.00;23527526_0;253.75;9.35;77.00;649.06;3.00;1;0.00;14.31;0;tripinfo_in_as_to_gj.45;car;0.94;
in_ns_to_ko.128;3332.00;-23142338#2_0;5.10;0.00;3.41;3499.00;972103805_0;116.86;9.10;167.00;1398.55;7.00;1;0.00;23.82;0;tripinfo_in_ns_to_ko.128;car;0.88;
in_ns_to_ko.129;3335.00;-23142338#2_0;5.10;0.00;4.00;3501.00;972103805_0;116.86;11.12;166.00;1398.55;4.00;1;0.00;47.53;0;tripinfo_in_ns_to_ko.129;car;1.07;
in_ns_to_ko.130;3342.00;-23142338#2_0;5.10;0.00;6.38;3503.00;972103805_0;116.86;10.86;161.00;1398.55;12.00;2;0.00;42.96;0;tripinfo_in_ns_to_ko.130;car;1.07;
in_ba_to_as.45;3338.00;-230845886_0;5.10;0.00;3.80;3505.00;41899283#1_0;148.70;10.12;167.00;1430.78;6.00;1;0.00;26.30;0;tripinfo_in_ba_to_as.45;car;0.92;
in_ns_to_gg.13;3112.00;-23142338#2_0;5.10;0.00;0.82;3506.00;23156305_0;1264.14;9.46;394.00;3297.24;9.00;1;0.00;45.91;0;tripinfo_in_ns_to_gg.13;car;0.86;
in_ns_to_ko.131;3345.00;-23142338#2_0;5.10;0.00;1.77;3507.00;972103805_0;116.86;11.24;162.00;1398.55;10.00;2;0.00;36.85;0;tripinfo_in_ns_to_ko.131;car;1.01;
in_ns_to_ko.132;3358.00;-23142338#2_0;5.10;0.00;0.36;3508.00;972103805_0;116.86;12.06;150.00;1398.55;7.00;1;0.00;40.43;0;tripinfo_in_ns_to_ko.132;car;1.15;
in_as_to_kl.11;3365.00;23687583_0;5.10;0.00;5.49;3517.00;28716808#1_0;754.74;9.17;152.00;1207.92;15.00;1;0.00;32.24;0;tripinfo_in_as_to_kl.11;car;0.92;
in_ba_to_ns.17;3242.00;-230845886_0;5.10;0.00;5.08;3521.00;23142338#2_0;290.21;10.00;279.00;2346.36;21.00;3;0.00;58.54;0;tripinfo_in_ba_to_ns.17;car;0.96;
in_ba_to_ko.74;3272.00;-230845886_0;5.10;0.00;4.97;3522.00;972103805_0;116.86;9.19;250.00;2114.29;0.00;0;0.00;27.69;0;tripinfo_in_ba_to_ko.74;car;0.87;
in_ba_to_ns.18;3262.00;-230845886_0;5.10;0.00;0.65;3523.00;23142338#2_0;290.21;12.13;261.00;2346.36;19.00;2;0.00;68.52;0;tripinfo_in_ba_to_ns.18;car;1.10;
in_as_to_gj.46;3442.00;23687583_0;5.10;0.00;2.42;3524.00;23527526_0;253.75;10.19;82.00;649.06;4.00;1;0.00;18.05;0;tripinfo_in_as_to_gj.46;car;0.93;
in_as_to_ko.57;3401.00;23687583_0;5.10;0.00;0.57;3525.00;972103805_0;116.86;9.12;124.00;1102.39;0.00;0;0.00;14.67;0;tripinfo_in_as_to_ko.57;car;0.91;
in_ba_to_ko.75;3287.00;-230845886_0;5.10;0.00;5.51;3528.00;972103805_0;116.86;10.25;241.00;2114.29;11.00;2;0.00;48.26;0;tripinfo_in_ba_to_ko.75;car;1.00;
in_ba_to_ko.76;3293.00;-230845886_0;5.10;0.00;5.70;3530.00;972103805_0;116.86;11.16;237.00;2114.29;5.00;1;0.00;47.54;0;tripinfo_in_ba_to_ko.76;car;1.02;
in_ns_to_ko.133;3361.00;-23142338#2_0;5.10;0.00;1.12;3532.00;972103805_0;116.86;10.96;171.00;1398.55;17.00;3;0.00;50.93;0;tripinfo_in_ns_to_ko.133;car;1.06;
in_ba_to_gj.41;3358.00;-230845886_0;5.10;0.00;0.24;3534.00;23527526_0;253.75;10.69;176.00;1755.68;0.00;0;0.00;19.35;0;tripinfo_in_ba_to_gj.41;car;1.02;
in_ns_to_ko.134;3370.00;-23142338#2_0;5.10;0.00;0.03;3536.00;972103805_0;116.86;9.16;166.00;1398.55;8.00;1;0.00;28.08;0;tripinfo_in_ns_to_ko.134;car;0.91;
in_as_to_gj.47;3476.00;23687583_0;5.10;0.00;0.95;3538.00;23527526_0;253.75;11.47;62.00;649.06;0.00;0;0.00;10.26;0;tripinfo_in_as_to_gj.47;car;1.15;
in_as_to_ko.58;3433.00;23687583_0;5.10;0.00;0.04;3544.00;972103805_0;116.86;10.48;111.00;1102.39;0.00;0;0.00;10.36;0;tripinfo_in_as_to_ko.58;car;0.99;
in_ba_to_gj.42;3378.00;-230845886_0;5.10;0.00;0.42;3548.00;23527526_0;253.75;11.95;170.00;1755.68;3.00;1;0.00;26.45;0;tripinfo_in_ba_to_gj.42;car;1.11;
in_ns_to_ko.135;3379.00;-23142338#2_0;5.10;0.00;0.04;3549.00;972103805_0;116.86;8.49;170.00;1398.55;1.00;1;0.00;20.27;0;tripinfo_in_ns_to_ko.135;car;0.84;
in_as_to_gj.48;3489.00;23687583_0;5.10;0.00;8.31;3550.00;23527526_0;253.75;12.70;61.00;649.06;0.00;0;0.00;11.90;0;tripinfo_in_as_to_gj.48;car;1.21;
in_ba_to_ko.77;3325.00;-230845886_0;5.10;0.00;0.83;3551.00;972103805_0;116.86;11.17;226.00;2114.29;6.00;2;0.00;36.63;0;tripinfo_in_ba_to_ko.77;car;1.02;
in_ba_to_as.46;3400.00;-230845886_0;5.10;0.00;0.48;3551.00;41899283#1_0;148.70;10.24;151.00;1430.78;5.00;1;0.00;21.15;0;tripinfo_in_ba_to_as.46;car;1.00;
in_ba_to_ko.78;3335.00;-230845886_0;5.10;0.00;1.69;3553.00;972103805_0;116.86;11.23;218.00;2114.29;7.00;1;0.00;37.68;0;tripinfo_in_ba_to_ko.78;car;1.07;
in_as_to_ba.30;3405.00;23687583_0;5.10;0.00;4.14;3555.00;230845886_0;633.12;9.36;150.00;1356.50;0.00;0;0.00;12.83;0;tripinfo_in_as_to_ba.30;car;0.89;
in_ns_to_as.18;3304.00;-23142338#2_0;5.10;0.00;0.37;3561.00;41899283#1_0;148.70;7.68;257.00;2009.37;0.00;0;0.00;25.30;0;tripinfo_in_ns_to_as.18;car;0.79;
in_ba_to_ko.79;3341.00;-230845886_0;5.10;0.00;3.21;3570.00;972103805_0;116.86;11.75;229.00;2114.29;10.00;2;0.00;57.12;0;tripinfo_in_ba_to_ko.79;car;1.12;
in_ba_to_as.47;3433.00;-230845886_0;5.10;0.00;0.07;3570.00;41899283#1_0;148.70;10.84;137.00;1430.78;0.00;0;0.00;14.92;0;tripinfo_in_ba_to_as.47;car;1.07;
in_ba_to_gg.14;3278.00;-230845886_0;5.10;0.00;8.66;3571.00;23156305_0;1264.14;10.44;293.00;2718.65;0.00;0;0.00;29.59;0;tripinfo_in_ba_to_gg.14;car;0.94;
in_as_to_ko.59;3459.00;23687583_0;5.10;0.00;0.19;3576.00;972103805_0;116.86;9.92;117.00;1102.39;0.00;0;0.00;10.65;0;tripinfo_in_as_to_ko.59;car;0.94;
in_ba_to_gg.15;3290.00;-230845886_0;5.10;0.00;4.53;3579.00;23156305_0;1264.14;10.47;289.00;2718.65;6.00;1;0.00;39.56;0;tripinfo_in_ba_to_gg.15;car;0.99;
in_ns_to_ko.136;3410.00;-23142338#2_0;5.10;0.00;3.42;3579.00;972103805_0;116.86;9.88;169.00;1398.55;8.00;1;0.00;28.17;0;tripinfo_in_ns_to_ko.136;car;0.90;
in_ns_to_ko.137;3413.00;-23142338#2_0;5.10;0.00;0.85;3583.00;972103805_0;116.86;9.12;170.00;1398.55;5.00;1;0.00;23.17;0;tripinfo_in_ns_to_ko.137;car;0.86;
in_ns_to_ko.138;3417.00;-23142338#2_0;5.10;0.00;0.66;3585.00;972103805_0;116.86;9.66;168.00;1398.55;3.00;1;0.00;27.50;0;tripinfo_in_ns_to_ko.138;car;0.90;
in_ns_to_ko.139;3420.00;-23142338#2_0;5.10;0.00;2.67;3587.00;972103805_0;116.86;10.13;167.00;1398.55;2.00;1;0.00;40.88;0;tripinfo_in_ns_to_ko.139;car;1.00;
in_ns_to_ko.140;3423.00;-23142338#2_0;5.10;0.00;0.81;3588.00;972103805_0;116.86;11.42;165.00;1398.55;10.00;2;0.00;51.04;0;tripinfo_in_ns_to_ko.140;car;1.11;
in_ns_to_kl.9;3323.00;-23142338#2_0;5.10;0.00;3.85;3590.00;28716808#1_0;754.74;10.64;267.00;2315.58;10.00;3;0.00;54.46;0;tripinfo_in_ns_to_kl.9;car;0.99;
in_as_to_ns.37;3376.00;23687583_0;5.10;0.00;0.23;3594.00;23142338#2_0;290.21;10.89;218.00;1995.73;10.00;1;0.00;34.65;0;tripinfo_in_as_to_ns.37;car;0.99;
in_as_to_gj.49;3520.00;23687583_0;5.10;0.00;2.51;3595.00;23527526_0;253.75;10.70;75.00;649.06;3.00;1;0.00;14.53;0;tripinfo_in_as_to_gj.49;car;0.98;
in_ba_to_ko.80;3344.00;-230845886_0;5.10;0.00;4.66;3597.00;972103805_0;116.86;8.37;253.00;2114.29;0.00;0;0.00;24.53;0;tripinfo_in_ba_to_ko.80;car;0.84;
in_ba_to_ko.81;3353.00;-230845886_0;5.10;0.00;0.01;3599.00;972103805_0;116.86;11.75;246.00;2114.29;8.00;1;0.00;73.13;0;tripinfo_in_ba_to_ko.81;car;1.11;
in_ba_to_ko.82;3361.00;-230845886_0;5.10;0.00;0.51;3601.00;972103805_0;116.86;10.31;240.00;2114.29;6.00;1;0.00;50.97;0;tripinfo_in_ba_to_ko.82;car;1.02;
in_as_to_ba.31;3456.00;23687583_0;5.10;0.00;0.10;3605.00;230845886_0;633.12;9.87;149.00;1356.50;0.00;0;0.00;14.55;0;tripinfo_in_as_to_ba.31;car;0.91;
in_ns_to_as.19;3398.00;-23142338#2_0;5.10;0.00;0.70;3606.00;41899283#1_0;148.70;11.10;208.00;2009.37;4.00;1;0.00;35.51;0;tripinfo_in_ns_to_as.19;car;1.06;
in_as_to_ko.60;3470.00;23687583_0;5.10;0.00;0.39;3611.00;972103805_0;116.86;9.41;141.00;1102.39;20.00;1;0.00;33.69;0;tripinfo_in_as_to_ko.60;car;0.93;
in_as_to_ko.61;3495.00;23687583_0;5.10;0.00;0.84;3612.00;972103805_0;116.86;11.20;117.00;1102.39;7.00;1;0.00;24.57;0;tripinfo_in_as_to_ko.61;car;1.07;
in_as_to_ko.62;3508.00;23687583_0;5.10;0.00;1.37;3614.00;972103805_0;116.86;10.78;106.00;1102.39;0.00;0;0.00;13.45;0;tripinfo_in_as_to_ko.62;car;1.07;
in_ba_to_ko.83;3383.00;-230845886_0;5.10;0.00;0.88;3616.00;972103805_0;116.86;10.80;233.00;2114.29;8.00;2;0.00;40.46;0;tripinfo_in_ba_to_ko.83;car;1.00;
in_as_to_kl.12;3479.00;23687583_0;5.10;0.00;2.03;3620.00;28716808#1_0;754.74;8.53;141.00;1207.92;0.00;0;0.00;12.73;0;tripinfo_in_as_to_kl.12;car;0.86;
in_ns_to_ko.141;3450.00;-23142338#2_0;5.10;0.00;0.31;3625.00;972103805_0;116.86;9.50;175.00;1398.55;18.00;2;0.00;38.14;0;tripinfo_in_ns_to_ko.141;car;0.92;
in_ns_to_ko.142;3473.00;-23142338#2_0;5.10;0.00;0.49;3627.00;972103805_0;116.86;12.18;154.00;1398.55;7.00;1;0.00;46.01;0;tripinfo_in_ns_to_ko.142;car;1.18;
in_ba_to_gg.16;3299.00;-230845886_0;5.10;0.00;7.23;3628.00;23156305_0;1264.14;9.20;329.00;2718.65;7.00;1;0.00;39.23;0;tripinfo_in_ba_to_gg.16;car;0.85;
in_ns_to_ko.143;3488.00;-23142338#2_0;5.10;0.00;5.57;3629.00;972103805_0;116.86;10.15;141.00;1398.55;0.00;0;0.00;16.49;0;tripinfo_in_ns_to_ko.143;car;1.02;
in_ns_to_kl.10;3394.00;-23142338#2_0;5.10;0.00;0.26;3633.00;28716808#1_0;754.74;11.06;239.00;2315.58;6.00;1;0.00;30.94;0;tripinfo_in_ns_to_kl.10;car;1.01;
in_ns_to_gg.14;3295.00;-23142338#2_0;5.10;0.00;1.95;3636.00;23156305_0;1264.14;11.03;341.00;3297.24;0.00;0;0.00;42.09;0;tripinfo_in_ns_to_gg.14;car;1.00;
in_ns_to_gj.11;3339.00;-23142338#2_0;5.10;0.00;3.57;3638.00;23527526_0;253.75;11.56;299.00;2084.96;76.00;2;0.00;127.15;0;tripinfo_in_ns_to_gj.11;car;1.10;
in_ns_to_ko.144;3511.00;-23142338#2_0;5.10;0.00;0.55;3643.00;972103805_0;116.86;10.83;132.00;1398.55;0.00;0;0.00;15.27;0;tripinfo_in_ns_to_ko.144;car;1.08;
in_ba_to_gg.17;3366.00;-230845886_0;5.10;0.00;1.82;3657.00;23156305_0;1264.14;10.20;291.00;2718.65;5.00;1;0.00;31.61;0;tripinfo_in_ba_to_gg.17;car;0.96;
in_ba_to_gj.43;3475.00;-230845886_0;5.10;0.00;0.08;3657.00;23527526_0;253.75;10.43;182.00;1755.68;0.00;0;0.00;16.40;0;tripinfo_in_ba_to_gj.43;car;0.96;
in_ba_to_gg.18;3391.00;-230845886_0;5.10;0.00;0.09;3658.00;23156305_0;1264.14;11.65;267.00;2718.65;2.00;1;0.00;51.46;0;tripinfo_in_ba_to_gg.18;car;1.15;
in_ns_to_as.20;3436.00;-23142338#2_0;5.10;0.00;0.27;3661.00;41899283#1_0;148.70;11.19;225.00;2009.37;22.00;2;0.00;57.73;0;tripinfo_in_ns_to_as.20;car;1.09;
in_ns_to_ko.145;3517.00;-23142338#2_0;5.10;0.00;0.32;3663.00;972103805_0;116.86;10.15;146.00;1398.55;0.00;0;0.00;10.89;0;tripinfo_in_ns_to_ko.145;car;0.94;
in_as_to_ba.32;3523.00;23687583_0;5.10;0.00;3.57;3664.00;230845886_0;633.12;10.09;141.00;1356.50;2.00;1;0.00;17.45;0;tripinfo_in_as_to_ba.32;car;0.99;
in_ns_to_as.21;3444.00;-23142338#2_0;5.10;0.00;0.83;3669.00;41899283#1_0;148.70;9.78;225.00;2009.37;4.00;2;0.00;33.96;0;tripinfo_in_ns_to_as.21;car;0.96;
in_as_to_gg.12;3517.00;23687583_0;5.10;0.00;3.94;3670.00;23156305_0;1264.14;10.30;153.00;1600.87;0.00;0;0.00;12.69;0;tripinfo_in_as_to_gg.12;car;1.04;
in_ba_to_as.48;3495.00;-230845886_0;5.10;0.00;3.54;3672.00;41899283#1_0;148.70;11.44;177.00;1430.78;6.00;1;0.00;59.63;0;tripinfo_in_ba_to_as.48;car;1.10;
in_as_to_kl.13;3554.00;23687583_0;5.10;0.00;0.42;3673.00;28716808#1_0;754.74;11.48;119.00;1207.92;0.00;0;0.00;15.02;0;tripinfo_in_as_to_kl.13;car;1.05;
in_ba_to_ko.84;3442.00;-230845886_0;5.10;0.00;0.96;3676.00;972103805_0;116.86;10.39;234.00;2114.29;4.00;2;0.00;33.26;0;tripinfo_in_ba_to_ko.84;car;0.96;
in_ns_to_ko.146;3523.00;-23142338#2_0;5.10;0.00;5.12;3683.00;972103805_0;116.86;10.08;160.00;1398.55;7.00;2;0.00;25.59;0;tripinfo_in_ns_to_ko.146;car;0.94;
in_as_to_gj.50;3620.00;23687583_0;5.10;0.00;0.00;3683.00;23527526_0;253.75;11.30;63.00;649.06;0.00;0;0.00;9.99;0;tripinfo_in_as_to_gj.50;car;1.13;
in_as_to_ns.38;3486.00;23687583_0;5.10;0.00;5.57;3684.00;23142338#2_0;290.21;10.84;198.00;1995.73;0.00;0;0.00;17.56;0;tripinfo_in_as_to_ns.38;car;1.01;
in_ns_to_ko.147;3529.00;-23142338#2_0;5.10;0.00;0.91;3685.00;972103805_0;116.86;9.51;156.00;1398.55;1.00;1;0.00;24.60;0;tripinfo_in_ns_to_ko.147;car;0.96;
in_ba_to_gg.20;3436.00;-230845886_0;5.10;0.00;0.14;3686.00;23156305_0;1264.14;11.26;250.00;2718.65;0.00;0;0.00;29.46;0;tripinfo_in_ba_to_gg.20;car;1.12;
in_as_to_ba.33;3540.00;23687583_0;5.10;0.00;0.68;3686.00;230845886_0;633.12;10.48;146.00;1356.50;9.00;1;0.00;22.77;0;tripinfo_in_as_to_ba.33;car;0.99;
in_ba_to_as.49;3510.00;-230845886_0;5.10;0.00;4.31;3689.00;41899283#1_0;148.70;10.36;179.00;1430.78;7.00;2;0.00;53.15;0;tripinfo_in_ba_to_as.49;car;1.03;
in_ba_to_as.50;3513.00;-230845886_0;5.10;0.00;4.50;3691.00;41899283#1_0;148.70;11.54;178.00;1430.78;5.00;1;0.00;63.23;0;tripinfo_in_ba_to_as.50;car;1.13;
in_ba_to_ko.85;3454.00;-230845886_0;5.10;0.00;7.31;3695.00;972103805_0;116.86;10.32;241.00;2114.29;8.00;2;0.00;40.62;0;tripinfo_in_ba_to_ko.85;car;0.96;
in_ba_to_ko.86;3471.00;-230845886_0;5.10;0.00;0.83;3697.00;972103805_0;116.86;12.12;226.00;2114.29;7.00;2;0.00;53.51;0;tripinfo_in_ba_to_ko.86;car;1.12;
in_as_to_ns.39;3498.00;23687583_0;5.10;0.00;0.12;3700.00;23142338#2_0;290.21;12.52;202.00;1995.73;16.00;3;0.00;48.11;0;tripinfo_in_as_to_ns.39;car;1.18;
in_ns_to_ko.148;3538.00;-23142338#2_0;5.10;0.00;0.92;3704.00;972103805_0;116.86;10.10;166.00;1398.55;16.00;2;0.00;39.06;0;tripinfo_in_ns_to_ko.148;car;0.99;
in_ns_to_ko.149;3560.00;-23142338#2_0;5.10;0.00;0.13;3706.00;972103805_0;116.86;11.76;146.00;1398.55;5.00;1;0.00;27.38;0;tripinfo_in_ns_to_ko.149;car;1.07;
in_ns_to_ko.150;3563.00;-23142338#2_0;5.10;0.00;1.11;3708.00;972103805_0;116.86;11.22;145.00;1398.55;8.00;1;0.00;22.97;0;tripinfo_in_ns_to_ko.150;car;1.03;
in_as_to_ba.34;3570.00;23687583_0;5.10;0.00;2.36;3718.00;230845886_0;633.12;10.87;148.00;1356.50;8.00;1;0.00;22.72;0;tripinfo_in_as_to_ba.34;car;0.98;
in_as_to_ko.63;3601.00;23687583_0;5.10;0.00;0.00;3719.00;972103805_0;116.86;10.23;118.00;1102.39;0.00;0;0.00;10.59;0;tripinfo_in_as_to_ko.63;car;0.93;
in_ba_to_as.51;3583.00;-230845886_0;5.10;0.00;0.70;3721.00;41899283#1_0;148.70;11.79;138.00;1430.78;1.00;1;0.00;21.66;0;tripinfo_in_ba_to_as.51;car;1.12;
in_ba_to_ns.19;3445.00;-230845886_0;5.10;0.00;3.03;3722.00;23142338#2_0;290.21;9.69;277.00;2346.36;8.00;1;0.00;34.70;0;tripinfo_in_ba_to_ns.19;car;0.88;
in_ba_to_ns.20;3464.00;-230845886_0;5.10;0.00;1.90;3724.00;23142338#2_0;290.21;10.55;260.00;2346.36;5.00;1;0.00;39.64;0;tripinfo_in_ba_to_ns.20;car;0.96;
in_ns_to_ko.151;3566.00;-23142338#2_0;5.10;0.00;0.06;3725.00;972103805_0;116.86;8.85;159.00;1398.55;0.00;0;0.00;14.81;0;tripinfo_in_ns_to_ko.151;car;0.88;
in_as_to_ko.64;3612.00;23687583_0;5.10;0.00;0.38;3727.00;972103805_0;116.86;9.35;115.00;1102.39;0.00;0;0.00;8.91;0;tripinfo_in_as_to_ko.64;car;0.94;
in_ba_to_gg.19;3417.00;-230845886_0;5.10;0.00;0.77;3729.00;23156305_0;1264.14;9.51;312.00;2718.65;0.00;0;0.00;26.22;0;tripinfo_in_ba_to_gg.19;car;0.86;
in_ns_to_as.22;3501.00;-23142338#2_0;5.10;0.00;8.18;3729.00;41899283#1_0;148.70;12.66;228.00;2009.37;17.00;2;0.00;69.10;0;tripinfo_in_ns_to_as.22;car;1.15;
in_ns_to_ko.152;3586.00;-23142338#2_0;5.10;0.00;0.47;3729.00;972103805_0;116.86;10.70;143.00;1398.55;1.00;1;0.00;21.60;0;tripinfo_in_ns_to_ko.152;car;1.04;
in_ba_to_gg.21;3451.00;-230845886_0;5.10;0.00;6.26;3731.00;23156305_0;1264.14;9.88;280.00;2718.65;0.00;0;0.00;31.44;0;tripinfo_in_ba_to_gg.21;car;0.99;
in_ns_to_ba.5;3492.00;-23142338#2_0;5.10;0.00;1.07;3731.00;230845886_0;633.12;9.61;239.00;2340.42;0.00;0;0.00;18.50;0;tripinfo_in_ns_to_ba.5;car;0.95;
in_ns_to_ko.153;3596.00;-23142338#2_0;5.10;0.00;0.14;3731.00;972103805_0;116.86;12.05;135.00;1398.55;5.00;2;0.00;23.99;0;tripinfo_in_ns_to_ko.153;car;1.14;
in_ba_to_gj.44;3492.00;-230845886_0;5.10;0.00;0.58;3739.00;23527526_0;253.75;7.94;247.00;1755.68;1.00;1;0.00;28.38;0;tripinfo_in_ba_to_gj.44;car;0.73;
in_as_to_ns.40;3530.00;23687583_0;5.10;0.00;0.68;3740.00;23142338#2_0;290.21;9.70;210.00;1995.73;0.00;0;0.00;23.86;0;tripinfo_in_as_to_ns.40;car;0.97;
in_as_to_gj.51;3647.00;23687583_0;5.10;0.00;4.57;3741.00;23527526_0;253.75;10.10;94.00;649.06;6.00;1;0.00;34.32;0;tripinfo_in_as_to_gj.51;car;1.00;
in_as_to_gj.52;3650.00;23687583_0;5.10;0.00;6.97;3743.00;23527526_0;253.75;9.86;93.00;649.06;6.00;1;0.00;31.39;0;tripinfo_in_as_to_gj.52;car;0.97;
in_as_to_kl.14;3609.00;23687583_0;5.10;0.00;1.50;3744.00;28716808#1_0;754.74;9.54;135.00;1207.92;0.00;0;0.00;12.78;0;tripinfo_in_as_to_kl.14;car;0.90;
in_ba_to_gj.46;3538.00;-230845886_0;5.10;0.00;0.38;3745.00;23527526_0;253.75;9.31;207.00;1755.68;0.00;0;0.00;38.26;0;tripinfo_in_ba_to_gj.46;car;0.95;
in_as_to_ko.65;3635.00;23687583_0;5.10;0.00;0.86;3748.00;972103805_0;116.86;11.45;113.00;1102.39;6.00;1;0.00;19.28;0;tripinfo_in_as_to_ko.65;car;1.06;
in_ns_to_kl.11;3498.00;-23142338#2_0;5.10;0.00;6.28;3749.00;28716808#1_0;754.74;10.96;251.00;2315.58;8.00;1;0.00;39.15;0;tripinfo_in_ns_to_kl.11;car;0.99;
in_ba_to_as.52;3592.00;-230845886_0;5.10;0.00;1.46;3750.00;41899283#1_0;148.70;12.15;158.00;1430.78;6.00;1;0.00;46.22;0;tripinfo_in_ba_to_as.52;car;1.16;
in_ba_to_gj.45;3507.00;-230845886_0;5.10;0.00;2.26;3764.00;23527526_0;253.75;8.28;257.00;1755.68;10.00;2;0.00;46.27;0;tripinfo_in_ba_to_gj.45;car;0.75;
in_ba_to_gj.47;3560.00;-230845886_0;5.10;0.00;3.52;3766.00;23527526_0;253.75;9.30;206.00;1755.68;6.00;1;0.00;33.51;0;tripinfo_in_ba_to_gj.47;car;0.92;
in_as_to_kl.15;3638.00;23687583_0;5.10;0.00;2.90;3768.00;28716808#1_0;754.74;11.14;130.00;1207.92;9.00;2;0.00;26.81;0;tripinfo_in_as_to_kl.15;car;1.06;
in_ns_to_ko.154;3623.00;-23142338#2_0;5.10;0.00;0.37;3769.00;972103805_0;116.86;10.71;146.00;1398.55;8.00;1;0.00;23.54;0;tripinfo_in_ns_to_ko.154;car;1.03;
in_ns_to_as.23;3554.00;-23142338#2_0;5.10;0.00;0.74;3771.00;41899283#1_0;148.70;9.25;217.00;2009.37;0.00;0;0.00;20.05;0;tripinfo_in_ns_to_as.23;car;0.93;
in_ba_to_gj.48;3564.00;-230845886_0;5.10;0.00;0.62;3772.00;23527526_0;253.75;8.41;208.00;1755.68;0.00;0;0.00;23.51;0;tripinfo_in_ba_to_gj.48;car;0.86;
in_as_to_ba.35;3631.00;23687583_0;5.10;0.00;0.06;3774.00;230845886_0;633.12;11.26;143.00;1356.50;0.00;0;0.00;23.58;0;tripinfo_in_as_to_ba.35;car;1.03;
in_as_to_ko.66;3644.00;23687583_0;5.10;0.00;2.39;3774.00;972103805_0;116.86;10.51;130.00;1102.39;10.00;2;0.00;31.32;0;tripinfo_in_as_to_ko.66;car;1.02;
in_as_to_gj.53;3673.00;23687583_0;5.10;0.00;0.66;3774.00;23527526_0;253.75;9.86;101.00;649.06;18.00;1;0.00;40.79;0;tripinfo_in_as_to_gj.53;car;0.99;
in_ba_to_ko.87;3498.00;-230845886_0;5.10;0.00;1.17;3778.00;972103805_0;116.86;9.56;280.00;2114.29;10.00;2;0.00;56.91;0;tripinfo_in_ba_to_ko.87;car;0.86;
in_ba_to_gj.49;3589.00;-230845886_0;5.10;0.00;4.83;3778.00;23527526_0;253.75;10.49;189.00;1755.68;6.00;1;0.00;29.33;0;tripinfo_in_ba_to_gj.49;car;1.00;
in_ba_to_ko.88;3504.00;-230845886_0;5.10;0.00;1.03;3779.00;972103805_0;116.86;11.33;275.00;2114.29;8.00;3;0.00;92.06;0;tripinfo_in_ba_to_ko.88;car;1.05;
in_as_to_ns.41;3585.00;23687583_0;5.10;0.00;0.24;3779.00;23142338#2_0;290.21;12.16;194.00;1995.73;10.00;2;0.00;40.88;0;tripinfo_in_as_to_ns.41;car;1.19;
in_ns_to_ko.155;3628.00;-23142338#2_0;5.10;0.00;0.85;3782.00;972103805_0;116.86;11.38;154.00;1398.55;14.00;2;0.00;39.25;0;tripinfo_in_ns_to_ko.155;car;1.10;
in_ba_to_gj.50;3595.00;-230845886_0;5.10;0.00;2.09;3789.00;23527526_0;253.75;8.97;194.00;1755.68;0.00;0;0.00;16.29;0;tripinfo_in_ba_to_gj.50;car;0.90;
in_ba_to_gj.51;3598.00;-230845886_0;5.10;0.00;5.07;3791.00;23527526_0;253.75;11.79;193.00;1755.68;0.00;0;0.00;49.59;0;tripinfo_in_ba_to_gj.51;car;1.11;
in_ba_to_as.53;3630.00;-230845886_0;5.10;0.00;6.17;3793.00;41899283#1_0;148.70;10.43;163.00;1430.78;10.00;1;0.00;26.62;0;tripinfo_in_ba_to_as.53;car;0.95;
in_as_to_gj.54;3682.00;23687583_0;5.10;0.00;1.76;3793.00;23527526_0;253.75;9.78;111.00;649.06;29.00;2;0.00;47.88;0;tripinfo_in_as_to_gj.54;car;0.94;
in_ba_to_ko.89;3529.00;-230845886_0;5.10;0.00;0.91;3798.00;972103805_0;116.86;8.59;269.00;2114.29;7.00;2;0.00;52.13;0;tripinfo_in_ba_to_ko.89;car;0.89;
in_as_to_gj.55;3685.00;23687583_0;5.10;0.00;2.23;3798.00;23527526_0;253.75;9.17;113.00;649.06;27.00;2;0.00;45.40;0;tripinfo_in_as_to_gj.55;car;0.88;
in_ba_to_ko.90;3534.00;-230845886_0;5.10;0.00;0.37;3800.00;972103805_0;116.86;11.22;266.00;2114.29;4.00;2;0.00;78.37;0;tripinfo_in_ba_to_ko.90;car;1.02;
in_as_to_ba.36;3666.00;23687583_0;5.10;0.00;0.58;3803.00;230845886_0;633.12;12.62;137.00;1356.50;9.00;2;0.00;36.14;0;tripinfo_in_as_to_ba.36;car;1.22;
in_ba_to_ns.21;3489.00;-230845886_0;5.10;0.00;0.64;3806.00;23142338#2_0;290.21;8.70;317.00;2346.36;26.00;2;0.00;57.61;0;tripinfo_in_ba_to_ns.21;car;0.82;
in_ns_to_ko.156;3634.00;-23142338#2_0;5.10;0.00;0.63;3807.00;972103805_0;116.86;9.30;173.00;1398.55;7.00;1;0.00;24.56;0;tripinfo_in_ns_to_ko.156;car;0.85;
in_ns_to_ko.157;3638.00;-23142338#2_0;5.10;0.00;0.15;3811.00;972103805_0;116.86;8.48;173.00;1398.55;3.00;1;0.00;21.04;0;tripinfo_in_ns_to_ko.157;car;0.83;
in_as_to_gj.56;3704.00;23687583_0;5.10;0.00;0.04;3811.00;23527526_0;253.75;9.61;107.00;649.06;18.00;3;0.00;42.53;0;tripinfo_in_as_to_gj.56;car;0.92;
in_ns_to_ko.158;3648.00;-23142338#2_0;5.10;0.00;3.10;3812.00;972103805_0;116.86;10.26;164.00;1398.55;10.00;2;0.00;48.34;0;tripinfo_in_ns_to_ko.158;car;1.09;
in_as_to_br.12;3625.00;23687583_0;5.10;0.00;0.79;3814.00;23156390_0;1121.44;9.27;189.00;1694.48;0.00;0;0.00;25.74;0;tripinfo_in_as_to_br.12;car;0.94;
in_as_to_ko.67;3676.00;23687583_0;5.10;0.00;3.59;3814.00;972103805_0;116.86;10.83;138.00;1102.39;18.00;1;0.00;41.35;0;tripinfo_in_as_to_ko.67;car;1.03;
in_ba_to_as.54;3667.00;-230845886_0;5.10;0.00;14.72;3815.00;41899283#1_0;148.70;10.09;148.00;1430.78;0.00;0;0.00;12.18;0;tripinfo_in_ba_to_as.54;car;0.95;
in_ba_to_ko.91;3576.00;-230845886_0;5.10;0.00;0.41;3818.00;972103805_0;116.86;9.94;242.00;2114.29;7.00;2;0.00;40.60;0;tripinfo_in_ba_to_ko.91;car;0.96;
in_ns_to_gg.15;3485.00;-23142338#2_0;5.10;0.00;2.64;3820.00;23156305_0;1264.14;11.11;335.00;3297.24;4.00;2;0.00;38.26;0;tripinfo_in_ns_to_gg.15;car;1.01;
in_ba_to_gj.52;3627.00;-230845886_0;5.10;0.00;5.11;3822.00;23527526_0;253.75;10.87;195.00;1755.68;6.00;2;0.00;41.41;0;tripinfo_in_ba_to_gj.52;car;1.04;
in_ns_to_ko.159;3651.00;-23142338#2_0;5.10;0.00;4.95;3824.00;972103805_0;116.86;11.00;173.00;1398.55;16.00;2;0.00;51.82;0;tripinfo_in_ns_to_ko.159;car;1.04;
in_ba_to_kl.4;3645.00;-230845886_0;5.10;0.00;8.85;3826.00;28716808#1_0;754.74;10.60;181.00;1727.09;1.00;1;0.00;19.66;0;tripinfo_in_ba_to_kl.4;car;0.97;
in_as_to_gj.57;3741.00;23687583_0;5.10;0.00;7.55;3830.00;23527526_0;253.75;9.53;89.00;649.06;0.00;0;0.00;26.26;0;tripinfo_in_as_to_gj.57;car;0.95;
in_ba_to_ko.92;3614.00;-230845886_0;5.10;0.00;2.88;3833.00;972103805_0;116.86;12.09;219.00;2114.29;8.00;1;0.00;44.92;0;tripinfo_in_ba_to_ko.92;car;1.11;
in_ba_to_as.55;3679.00;-230845886_0;5.10;0.00;4.36;3833.00;41899283#1_0;148.70;11.14;154.00;1430.78;4.00;1;0.00;26.92;0;tripinfo_in_ba_to_as.55;car;1.02;
in_ns_to_br.3;3570.00;-23142338#2_0;5.10;0.00;0.58;3837.00;23156390_0;1121.44;12.38;267.00;2792.05;8.00;1;0.00;50.15;0;tripinfo_in_ns_to_br.3;car;1.17;
in_ba_to_ko.93;3617.00;-230845886_0;5.10;0.00;5.04;3838.00;972103805_0;116.86;11.01;221.00;2114.29;4.00;1;0.00;38.06;0;tripinfo_in_ba_to_ko.93;car;1.05;
in_as_to_gj.58;3747.00;23687583_0;5.10;0.00;11.61;3839.00;23527526_0;253.75;8.74;92.00;649.06;0.00;0;0.00;22.38;0;tripinfo_in_as_to_gj.58;car;0.85;
in_ba_to_gg.22;3557.00;-230845886_0;5.10;0.00;0.53;3850.00;23156305_0;1264.14;10.18;293.00;2718.65;0.00;0;0.00;28.88;0;tripinfo_in_ba_to_gg.22;car;0.94;
in_as_to_ns.42;3641.00;23687583_0;5.10;0.00;0.17;3850.00;23142338#2_0;290.21;12.42;209.00;1995.73;15.00;3;0.00;47.14;0;tripinfo_in_as_to_ns.42;car;1.12;
in_ba_to_gj.53;3664.00;-230845886_0;5.10;0.00;15.21;3852.00;23527526_0;253.75;10.50;188.00;1755.68;0.00;0;0.00;21.13;0;tripinfo_in_ba_to_gj.53;car;0.95;
in_ns_to_gg.16;3495.00;-23142338#2_0;5.10;0.00;3.51;3854.00;23156305_0;1264.14;10.30;359.00;3297.24;9.00;1;0.00;42.75;0;tripinfo_in_ns_to_gg.16;car;0.95;
in_ba_to_as.56;3704.00;-230845886_0;5.10;0.00;0.49;3854.00;41899283#1_0;148.70;10.37;150.00;1430.78;0.00;0;0.00;21.46;0;tripinfo_in_ba_to_as.56;car;1.01;
in_as_to_gj.59;3765.00;23687583_0;5.10;0.00;10.21;3854.00;23527526_0;253.75;12.27;89.00;649.06;4.00;1;0.00;38.58;0;tripinfo_in_as_to_gj.59;car;1.19;
in_ba_to_ko.94;3620.00;-230845886_0;5.10;0.00;4.70;3855.00;972103805_0;116.86;9.89;235.00;2114.29;4.00;2;0.00;33.49;0;tripinfo_in_ba_to_ko.94;car;0.95;
in_ba_to_as.57;3707.00;-230845886_0;5.10;0.00;1.27;3856.00;41899283#1_0;148.70;11.17;149.00;1430.78;0.00;0;0.00;29.14;0;tripinfo_in_ba_to_as.57;car;1.09;
in_ba_to_as.58;3714.00;-230845886_0;5.10;0.00;1.45;3858.00;41899283#1_0;148.70;12.75;144.00;1430.78;0.00;0;0.00;31.28;0;tripinfo_in_ba_to_as.58;car;1.15;
in_as_to_gj.60;3793.00;23687583_0;5.10;0.00;1.58;3858.00;23527526_0;253.75;11.29;65.00;649.06;0.00;0;0.00;9.30;0;tripinfo_in_as_to_gj.60;car;1.08;
in_ns_to_ko.160;3685.00;-23142338#2_0;5.10;0.00;7.67;3866.00;972103805_0;116.86;9.60;181.00;1398.55;15.00;2;0.00;35.13;0;tripinfo_in_ns_to_ko.160;car;0.87;
in_ns_to_ko.161;3688.00;-23142338#2_0;5.10;0.00;1.26;3870.00;972103805_0;116.86;7.81;182.00;1398.55;4.00;2;0.00;24.35;0;tripinfo_in_ns_to_ko.161;car;0.80;
in_ns_to_ko.162;3691.00;-23142338#2_0;5.10;0.00;1.45;3872.00;972103805_0;116.86;12.77;181.00;1398.55;0.00;0;0.00;73.24;0;tripinfo_in_ns_to_ko.162;car;1.18;
in_as_to_ko.68;3753.00;23687583_0;5.10;0.00;14.44;3874.00;972103805_0;116.86;12.07;121.00;1102.39;0.00;0;0.00;33.51;0;tripinfo_in_as_to_ko.68;car;1.15;
in_ba_to_ko.95;3623.00;-230845886_0;5.10;0.00;4.06;3876.00;972103805_0;116.86;9.59;253.00;2114.29;15.00;2;0.00;48.76;0;tripinfo_in_ba_to_ko.95;car;0.94;
in_ba_to_ko.96;3648.00;-230845886_0;5.10;0.00;7.24;3878.00;972103805_0;116.86;10.76;230.00;2114.29;7.00;2;0.00;43.10;0;tripinfo_in_ba_to_ko.96;car;1.03;
in_as_to_ba.37;3722.00;23687583_0;5.10;0.00;0.91;3882.00;230845886_0;633.12;10.37;160.00;1356.50;8.00;2;0.00;40.29;0;tripinfo_in_as_to_ba.37;car;1.03;
in_as_to_kl.16;3735.00;23687583_0;5.10;0.00;5.72;3882.00;28716808#1_0;754.74;9.97;147.00;1207.92;1.00;1;0.00;27.72;0;tripinfo_in_as_to_kl.16;car;0.92;
in_ba_to_kl.5;3684.00;-230845886_0;5.10;0.00;3.51;3884.00;28716808#1_0;754.74;9.65;200.00;1727.09;7.00;3;0.00;37.25;0;tripinfo_in_ba_to_kl.5;car;0.96;
in_as_to_ko.69;3756.00;23687583_0;5.10;0.00;16.35;3884.00;972103805_0;116.86;9.75;128.00;1102.39;0.00;0;0.00;25.22;0;tripinfo_in_as_to_ko.69;car;0.97;
in_ns_to_gg.17;3505.00;-23142338#2_0;5.10;0.00;0.73;3885.00;23156305_0;1264.14;9.28;380.00;3297.24;6.00;2;0.00;46.84;0;tripinfo_in_ns_to_gg.17;car;0.90;
in_ns_to_ko.163;3704.00;-23142338#2_0;5.10;0.00;0.67;3886.00;972103805_0;116.86;10.99;182.00;1398.55;18.00;2;0.00;61.14;0;tripinfo_in_ns_to_ko.163;car;1.05;
in_ns_to_gg.18;3532.00;-23142338#2_0;5.10;0.00;2.00;3887.00;23156305_0;1264.14;11.60;355.00;3297.24;1.00;1;0.00;68.86;0;tripinfo_in_ns_to_gg.18;car;1.05;
in_ba_to_gj.54;3699.00;-230845886_0;5.10;0.00;0.82;3888.00;23527526_0;253.75;9.77;189.00;1755.68;0.00;0;0.00;22.38;0;tripinfo_in_ba_to_gj.54;car;0.95;
in_ba_to_gg.23;3586.00;-230845886_0;5.10;0.00;3.24;3889.00;23156305_0;1264.14;9.42;303.00;2718.65;8.00;1;0.00;42.26;0;tripinfo_in_ba_to_gg.23;car;0.95;
in_ba_to_gg.24;3605.00;-230845886_0;5.10;0.00;6.21;3891.00;23156305_0;1264.14;10.34;286.00;2718.65;0.00;0;0.00;40.39;0;tripinfo_in_ba_to_gg.24;car;1.01;
in_as_to_gg.13;3693.00;23687583_0;5.10;0.00;0.98;3892.00;23156305_0;1264.14;11.33;199.00;1600.87;23.00;2;0.00;63.53;0;tripinfo_in_as_to_gg.13;car;1.07;
in_as_to_ko.70;3759.00;23687583_0;5.10;0.00;9.51;3892.00;972103805_0;116.86;9.09;133.00;1102.39;0.00;0;0.00;22.88;0;tripinfo_in_as_to_ko.70;car;0.90;
in_ns_to_ko.164;3740.00;-23142338#2_0;5.10;0.00;0.17;3894.00;972103805_0;116.86;11.37;154.00;1398.55;13.00;3;0.00;41.00;0;tripinfo_in_ns_to_ko.164;car;1.12;
in_ba_to_ko.97;3654.00;-230845886_0;5.10;0.00;12.89;3897.00;972103805_0;116.86;10.29;243.00;2114.29;12.00;2;0.00;47.85;0;tripinfo_in_ba_to_ko.97;car;0.98;
in_ba_to_ko.98;3657.00;-230845886_0;5.10;0.00;15.00;3899.00;972103805_0;116.86;10.87;242.00;2114.29;9.00;2;0.00;56.73;0;tripinfo_in_ba_to_ko.98;car;1.04;
in_ba_to_gj.55;3711.00;-230845886_0;5.10;0.00;0.20;3899.00;23527526_0;253.75;9.74;188.00;1755.68;0.00;0;0.00;15.06;0;tripinfo_in_ba_to_gj.55;car;0.92;
in_ba_to_br.3;3675.00;-230845886_0;5.10;0.00;3.31;3901.00;23156390_0;1121.44;11.35;226.00;2198.00;2.00;2;0.00;39.15;0;tripinfo_in_ba_to_br.3;car;1.07;
in_as_to_ba.38;3738.00;23687583_0;5.10;0.00;5.78;3901.00;230845886_0;633.12;9.24;163.00;1356.50;0.00;0;0.00;26.80;0;tripinfo_in_as_to_ba.38;car;0.90;
in_ns_to_as.24;3679.00;-23142338#2_0;5.10;0.00;3.19;3904.00;41899283#1_0;148.70;10.34;225.00;2009.37;8.00;2;0.00;43.69;0;tripinfo_in_ns_to_as.24;car;1.01;
in_as_to_gj.61;3813.00;23687583_0;5.10;0.00;3.53;3909.00;23527526_0;253.75;8.39;96.00;649.06;11.00;1;0.00;23.91;0;tripinfo_in_as_to_gj.61;car;0.83;
in_ns_to_kl.12;3645.00;-23142338#2_0;5.10;0.00;0.50;3914.00;28716808#1_0;754.74;10.34;269.00;2315.58;10.00;2;0.00;45.09;0;tripinfo_in_ns_to_kl.12;car;0.94;
in_as_to_ns.43;3679.00;23687583_0;5.10;0.00;4.21;3915.00;23142338#2_0;290.21;10.06;236.00;1995.73;25.00;2;0.00;54.91;0;tripinfo_in_as_to_ns.43;car;1.00;
in_ba_to_gg.25;3642.00;-230845886_0;5.10;0.00;6.05;3920.00;23156305_0;1264.14;10.38;278.00;2718.65;1.00;1;0.00;38.23;0;tripinfo_in_ba_to_gg.25;car;1.03;
in_as_to_ko.71;3796.00;23687583_0;5.10;0.00;2.79;3920.00;972103805_0;116.86;9.27;124.00;1102.39;4.00;1;0.00;17.45;0;tripinfo_in_as_to_ko.71;car;0.94;
in_ba_to_ko.99;3670.00;-230845886_0;5.10;0.00;16.52;3924.00;972103805_0;116.86;9.50;254.00;2114.29;4.00;1;0.00;31.57;0;tripinfo_in_ba_to_ko.99;car;0.86;
in_ba_to_ko.100;3672.00;-230845886_0;5.10;0.00;7.50;3926.00;972103805_0;116.86;10.36;254.00;2114.29;3.00;1;0.00;59.44;0;tripinfo_in_ba_to_ko.100;car;0.99;
in_as_to_ko.72;3810.00;23687583_0;5.10;0.00;1.81;3928.00;972103805_0;116.86;9.60;118.00;1102.39;0.00;0;0.00;14.12;0;tripinfo_in_as_to_ko.72;car;0.96;
in_ns_to_ko.165;3788.00;-23142338#2_0;5.10;0.00;1.29;3930.00;972103805_0;116.86;11.36;142.00;1398.55;4.00;2;0.00;30.95;0;tripinfo_in_ns_to_ko.165;car;1.14;
in_ba_to_gg.26;3651.00;-230845886_0;5.10;0.00;9.89;3932.00;23156305_0;1264.14;10.44;281.00;2718.65;8.00;1;0.00;39.47;0;tripinfo_in_ba_to_gg.26;car;1.02;
in_ba_to_as.59;3772.00;-230845886_0;5.10;0.00;0.52;3934.00;41899283#1_0;148.70;9.72;162.00;1430.78;4.00;1;0.00;27.72;0;tripinfo_in_ba_to_as.59;car;0.96;
in_ba_to_ko.101;3688.00;-230845886_0;5.10;0.00;5.48;3935.00;972103805_0;116.86;10.34;247.00;2114.29;10.00;3;0.00;48.94;0;tripinfo_in_ba_to_ko.101;car;0.97;
in_ba_to_ko.102;3691.00;-230845886_0;5.10;0.00;6.84;3937.00;972103805_0;116.86;11.33;246.00;2114.29;8.00;2;0.00;62.83;0;tripinfo_in_ba_to_ko.102;car;1.05;
in_as_to_br.13;3744.00;23687583_0;5.10;0.00;10.32;3954.00;23156390_0;1121.44;8.96;210.00;1694.48;0.00;0;0.00;31.45;0;tripinfo_in_as_to_br.13;car;0.86;
in_ba_to_ko.103;3736.00;-230845886_0;5.10;0.00;0.61;3954.00;972103805_0;116.86;11.62;218.00;2114.29;4.00;2;0.00;50.12;0;tripinfo_in_ba_to_ko.103;car;1.15;
in_ns_to_ba.6;3682.00;-23142338#2_0;5.10;0.00;5.97;3955.00;230845886_0;633.12;8.79;273.00;2340.42;5.00;1;0.00;33.58;0;tripinfo_in_ns_to_ba.6;car;0.88;
in_ba_to_as.60;3804.00;-230845886_0;5.10;0.00;0.88;3960.00;41899283#1_0;148.70;10.53;156.00;1430.78;2.00;1;0.00;27.54;0;tripinfo_in_ba_to_as.60;car;1.01;
in_as_to_gj.62;3892.00;23687583_0;5.10;0.00;3.95;3962.00;23527526_0;253.75;10.19;70.00;649.06;0.00;0;0.00;7.71;0;tripinfo_in_as_to_gj.62;car;0.95;
in_ns_to_ko.166;3811.00;-23142338#2_0;5.10;0.00;1.29;3963.00;972103805_0;116.86;9.54;152.00;1398.55;6.00;1;0.00;22.84;0;tripinfo_in_ns_to_ko.166;car;0.98;
in_ns_to_ko.167;3814.00;-23142338#2_0;5.10;0.00;2.85;3966.00;972103805_0;116.86;11.21;152.00;1398.55;6.00;1;0.00;32.30;0;tripinfo_in_ns_to_ko.167;car;1.06;
in_as_to_ns.44;3725.00;23687583_0;5.10;0.00;2.34;3967.00;23142338#2_0;290.21;9.57;242.00;1995.73;13.00;3;0.00;53.19;0;tripinfo_in_as_to_ns.44;car;0.96;
in_as_to_ba.39;3802.00;23687583_0;5.10;0.00;3.07;3967.00;230845886_0;633.12;9.28;165.00;1356.50;5.00;1;0.00;24.36;0;tripinfo_in_as_to_ba.39;car;0.87;
in_as_to_ns.45;3768.00;23687583_0;5.10;0.00;7.94;3968.00;23142338#2_0;290.21;12.54;200.00;1995.73;3.00;1;0.00;48.04;0;tripinfo_in_as_to_ns.45;car;1.19;
in_as_to_kl.17;3807.00;23687583_0;5.10;0.00;0.42;3968.00;28716808#1_0;754.74;8.15;161.00;1207.92;0.00;0;0.00;13.63;0;tripinfo_in_as_to_kl.17;car;0.74;
in_as_to_kl.18;3827.00;23687583_0;5.10;0.00;0.35;3970.00;28716808#1_0;754.74;12.08;143.00;1207.92;7.00;2;0.00;51.59;0;tripinfo_in_as_to_kl.18;car;1.20;
in_as_to_ba.40;3830.00;23687583_0;5.10;0.00;2.76;3970.00;230845886_0;633.12;10.63;140.00;1356.50;4.00;2;0.00;24.21;0;tripinfo_in_as_to_ba.40;car;1.06;
in_ba_to_ko.104;3748.00;-230845886_0;5.10;0.00;0.32;3971.00;972103805_0;116.86;11.30;223.00;2114.29;13.00;3;0.00;52.62;0;tripinfo_in_ba_to_ko.104;car;1.13;
in_ns_to_ba.7;3745.00;-23142338#2_0;5.10;0.00;0.84;3978.00;230845886_0;633.12;10.07;233.00;2340.42;7.00;1;0.00;27.44;0;tripinfo_in_ns_to_ba.7;car;1.02;
in_as_to_ba.41;3839.00;23687583_0;5.10;0.00;5.66;3980.00;230845886_0;633.12;12.26;141.00;1356.50;1.00;1;0.00;33.01;0;tripinfo_in_as_to_ba.41;car;1.14;
in_ba_to_gj.56;3765.00;-230845886_0;5.10;0.00;5.14;3981.00;23527526_0;253.75;8.77;216.00;1755.68;3.00;1;0.00;26.41;0;tripinfo_in_ba_to_gj.56;car;0.84;
in_ba_to_gj.57;3779.00;-230845886_0;5.10;0.00;3.08;3983.00;23527526_0;253.75;10.15;204.00;1755.68;2.00;1;0.00;42.53;0;tripinfo_in_ba_to_gj.57;car;0.99;
in_ns_to_ko.168;3827.00;-23142338#2_0;5.10;0.00;0.08;3983.00;972103805_0;116.86;10.82;156.00;1398.55;6.00;1;0.00;26.64;0;tripinfo_in_ns_to_ko.168;car;0.98;
in_as_to_ba.42;3842.00;23687583_0;5.10;0.00;4.30;3989.00;230845886_0;633.12;10.01;147.00;1356.50;1.00;1;0.00;22.10;0;tripinfo_in_as_to_ba.42;car;0.98;
in_ba_to_ko.105;3753.00;-230845886_0;5.10;0.00;0.29;3995.00;972103805_0;116.86;9.95;242.00;2114.29;17.00;3;0.00;50.28;0;tripinfo_in_ba_to_ko.105;car;1.00;
in_ba_to_ko.106;3759.00;-230845886_0;5.10;0.00;4.90;3997.00;972103805_0;116.86;10.67;238.00;2114.29;3.00;1;0.00;40.56;0;tripinfo_in_ba_to_ko.106;car;0.98;
in_ns_to_as.25;3785.00;-23142338#2_0;5.10;0.00;0.64;4002.00;41899283#1_0;148.70;9.99;217.00;2009.37;4.00;1;0.00;29.59;0;tripinfo_in_ns_to_as.25;car;0.97;
in_as_to_gg.14;3848.00;23687583_0;5.10;0.00;3.92;4003.00;23156305_0;1264.14;11.03;155.00;1600.87;0.00;0;0.00;15.94;0;tripinfo_in_as_to_gg.14;car;1.04;
in_as_to_ko.73;3845.00;23687583_0;5.10;0.00;3.43;4004.00;972103805_0;116.86;8.64;159.00;1102.39;25.00;1;0.00;42.11;0;tripinfo_in_as_to_ko.73;car;0.86;
in_as_to_ko.74;3881.00;23687583_0;5.10;0.00;2.51;4005.00;972103805_0;116.86;11.11;124.00;1102.39;7.00;1;0.00;27.06;0;tripinfo_in_as_to_ko.74;car;1.03;
in_ba_to_ko.107;3776.00;-230845886_0;5.10;0.00;0.62;4007.00;972103805_0;116.86;11.38;231.00;2114.29;6.00;2;0.00;51.98;0;tripinfo_in_ba_to_ko.107;car;1.08;
in_ns_to_ko.169;3846.00;-23142338#2_0;5.10;0.00;0.02;4010.00;972103805_0;116.86;9.81;164.00;1398.55;9.00;1;0.00;27.47;0;tripinfo_in_ns_to_ko.169;car;0.92;
in_ns_to_ko.170;3850.00;-23142338#2_0;5.10;0.00;3.32;4012.00;972103805_0;116.86;10.44;162.00;1398.55;7.00;1;0.00;34.11;0;tripinfo_in_ns_to_ko.170;car;0.99;
in_as_to_ns.46;3790.00;23687583_0;5.10;0.00;0.46;4014.00;23142338#2_0;290.21;8.97;224.00;1995.73;0.00;0;0.00;25.64;0;tripinfo_in_as_to_ns.46;car;0.91;
in_ba_to_as.61;3848.00;-230845886_0;5.10;0.00;1.38;4015.00;41899283#1_0;148.70;10.05;167.00;1430.78;7.00;2;0.00;26.43;0;tripinfo_in_ba_to_as.61;car;0.92;
in_as_to_ko.75;3901.00;23687583_0;5.10;0.00;0.38;4019.00;972103805_0;116.86;11.23;118.00;1102.39;6.00;1;0.00;24.05;0;tripinfo_in_as_to_ko.75;car;1.06;
in_as_to_gj.63;3939.00;23687583_0;5.10;0.00;0.48;4022.00;23527526_0;253.75;8.71;83.00;649.06;0.00;0;0.00;8.50;0;tripinfo_in_as_to_gj.63;car;0.80;
in_ns_to_gj.12;3535.00;-23142338#2_0;5.10;0.00;3.36;4024.00;23527526_0;253.75;10.98;489.00;2084.96;283.00;2;0.00;316.89;0;tripinfo_in_ns_to_gj.12;car;1.10;
in_ba_to_gj.58;3833.00;-230845886_0;5.10;0.00;2.29;4027.00;23527526_0;253.75;10.42;194.00;1755.68;6.00;2;0.00;33.38;0;tripinfo_in_ba_to_gj.58;car;0.99;
in_as_to_ko.76;3908.00;23687583_0;5.10;0.00;0.28;4028.00;972103805_0;116.86;9.59;120.00;1102.39;1.00;1;0.00;15.98;0;tripinfo_in_as_to_ko.76;car;0.96;
in_ns_to_gg.19;3676.00;-23142338#2_0;5.10;0.00;0.23;4031.00;23156305_0;1264.14;10.08;355.00;3297.24;12.00;2;0.00;48.94;0;tripinfo_in_ns_to_gg.19;car;0.98;
in_ba_to_as.63;3882.00;-230845886_0;5.10;0.00;2.79;4031.00;41899283#1_0;148.70;11.66;149.00;1430.78;0.00;0;0.00;32.98;0;tripinfo_in_ba_to_as.63;car;1.12;
in_as_to_kl.19;3889.00;23687583_0;5.10;0.00;2.70;4031.00;28716808#1_0;754.74;10.08;142.00;1207.92;4.00;1;0.00;23.23;0;tripinfo_in_as_to_kl.19;car;0.92;
in_ba_to_ko.108;3794.00;-230845886_0;5.10;0.00;0.23;4032.00;972103805_0;116.86;10.80;238.00;2114.29;9.00;1;0.00;40.06;0;tripinfo_in_ba_to_ko.108;car;0.97;
in_ba_to_ko.109;3815.00;-230845886_0;5.10;0.00;0.30;4034.00;972103805_0;116.86;11.99;219.00;2114.29;10.00;2;0.00;52.76;0;tripinfo_in_ba_to_ko.109;car;1.16;
in_ns_to_ko.171;3869.00;-23142338#2_0;5.10;0.00;0.91;4037.00;972103805_0;116.86;10.18;168.00;1398.55;10.00;2;0.00;32.30;0;tripinfo_in_ns_to_ko.171;car;0.93;
in_ns_to_ko.172;3888.00;-23142338#2_0;5.10;0.00;0.52;4038.00;972103805_0;116.86;9.71;150.00;1398.55;5.00;1;0.00;22.02;0;tripinfo_in_ns_to_ko.172;car;0.98;
in_ns_to_ba.8;3808.00;-23142338#2_0;5.10;0.00;0.91;4048.00;230845886_0;633.12;10.41;240.00;2340.42;4.00;1;0.00;24.07;0;tripinfo_in_ns_to_ba.8;car;0.97;
in_as_to_ba.43;3872.00;23687583_0;5.10;0.00;1.28;4050.00;230845886_0;633.12;10.82;178.00;1356.50;12.00;2;0.00;53.79;0;tripinfo_in_as_to_ba.43;car;0.99;
in_as_to_ba.44;3886.00;23687583_0;5.10;0.00;0.39;4052.00;230845886_0;633.12;10.92;166.00;1356.50;6.00;2;0.00;48.26;0;tripinfo_in_as_to_ba.44;car;1.04;
in_as_to_gj.64;3949.00;23687583_0;5.10;0.00;0.73;4052.00;23527526_0;253.75;8.49;103.00;649.06;15.00;1;0.00;28.45;0;tripinfo_in_as_to_gj.64;car;0.80;
in_ba_to_gj.59;3854.00;-230845886_0;5.10;0.00;3.22;4053.00;23527526_0;253.75;10.98;199.00;1755.68;0.00;0;0.00;39.07;0;tripinfo_in_ba_to_gj.59;car;0.99;
in_ns_to_ko.173;3901.00;-23142338#2_0;5.10;0.00;0.19;4054.00;972103805_0;116.86;9.11;153.00;1398.55;0.00;0;0.00;13.73;0;tripinfo_in_ns_to_ko.173;car;0.90;
in_ba_to_as.62;3872.00;-230845886_0;5.10;0.00;0.88;4056.00;41899283#1_0;148.70;9.48;184.00;1430.78;12.00;2;0.00;39.68;0;tripinfo_in_ba_to_as.62;car;0.90;
in_as_to_gj.65;3952.00;23687583_0;5.10;0.00;2.61;4056.00;23527526_0;253.75;10.15;104.00;649.06;21.00;2;0.00;41.84;0;tripinfo_in_as_to_gj.65;car;0.96;
in_ba_to_gj.61;3863.00;-230845886_0;5.10;0.00;4.98;4057.00;23527526_0;253.75;10.65;194.00;1755.68;4.00;2;0.00;66.97;0;tripinfo_in_ba_to_gj.61;car;1.28;
in_ba_to_as.64;3888.00;-230845886_0;5.10;0.00;7.44;4058.00;41899283#1_0;148.70;9.49;170.00;1430.78;2.00;1;0.00;29.87;0;tripinfo_in_ba_to_as.64;car;0.93;
in_ba_to_as.65;3894.00;-230845886_0;5.10;0.00;0.32;4061.00;41899283#1_0;148.70;10.11;167.00;1430.78;8.00;1;0.00;38.43;0;tripinfo_in_ba_to_as.65;car;1.01;
in_ba_to_ko.110;3818.00;-230845886_0;5.10;0.00;2.81;4062.00;972103805_0;116.86;8.51;244.00;2114.29;0.00;0;0.00;23.44;0;tripinfo_in_ba_to_ko.110;car;0.87;
in_ba_to_ko.111;3823.00;-230845886_0;5.10;0.00;0.68;4064.00;972103805_0;116.86;10.78;241.00;2114.29;11.00;1;0.00;46.16;0;tripinfo_in_ba_to_ko.111;car;0.99;
in_ba_to_gj.60;3857.00;-230845886_0;5.10;0.00;3.77;4064.00;23527526_0;253.75;10.09;207.00;1755.68;7.00;2;0.00;43.19;0;tripinfo_in_ba_to_gj.60;car;0.97;
in_as_to_ba.45;3934.00;23687583_0;5.10;0.00;0.90;4073.00;230845886_0;633.12;9.66;139.00;1356.50;0.00;0;0.00;14.56;0;tripinfo_in_as_to_ba.45;car;0.98;
in_ba_to_ko.112;3836.00;-230845886_0;5.10;0.00;4.25;4080.00;972103805_0;116.86;9.37;244.00;2114.29;6.00;1;0.00;35.10;0;tripinfo_in_ba_to_ko.112;car;0.92;
in_as_to_ns.47;3833.00;23687583_0;5.10;0.00;5.33;4082.00;23142338#2_0;290.21;8.67;249.00;1995.73;11.00;3;0.00;43.03;0;tripinfo_in_as_to_ns.47;car;0.88;
in_ba_to_gj.62;3885.00;-230845886_0;5.10;0.00;4.76;4082.00;23527526_0;253.75;10.56;197.00;1755.68;5.00;1;0.00;37.09;0;tripinfo_in_ba_to_gj.62;car;1.00;
in_as_to_ns.48;3878.00;23687583_0;5.10;0.00;2.74;4083.00;23142338#2_0;290.21;11.41;205.00;1995.73;6.00;1;0.00;48.46;0;tripinfo_in_as_to_ns.48;car;1.16;
in_ns_to_ko.174;3909.00;-23142338#2_0;5.10;0.00;0.75;4090.00;972103805_0;116.86;9.29;181.00;1398.55;19.00;2;0.00;37.82;0;tripinfo_in_ns_to_ko.174;car;0.88;
in_ns_to_ko.175;3915.00;-23142338#2_0;5.10;0.00;0.98;4092.00;972103805_0;116.86;12.05;177.00;1398.55;15.00;2;0.00;65.60;0;tripinfo_in_ns_to_ko.175;car;1.13;
in_as_to_gj.66;3985.00;23687583_0;5.10;0.00;0.56;4096.00;23527526_0;253.75;11.46;111.00;649.06;28.00;3;0.00;53.76;0;tripinfo_in_as_to_gj.66;car;1.04;
in_as_to_ko.77;3960.00;23687583_0;5.10;0.00;1.43;4099.00;972103805_0;116.86;10.49;139.00;1102.39;17.00;2;0.00;36.29;0;tripinfo_in_as_to_ko.77;car;0.97;
in_ns_to_as.26;3866.00;-23142338#2_0;5.10;0.00;0.36;4100.00;41899283#1_0;148.70;10.67;234.00;2009.37;9.00;2;0.00;61.65;0;tripinfo_in_ns_to_as.26;car;1.06;
in_as_to_ko.78;3963.00;23687583_0;5.10;0.00;2.94;4101.00;972103805_0;116.86;11.77;138.00;1102.39;27.00;3;0.00;51.29;0;tripinfo_in_as_to_ko.78;car;1.15;
in_ba_to_ko.113;3859.00;-230845886_0;5.10;0.00;3.20;4106.00;972103805_0;116.86;9.73;247.00;2114.29;6.00;2;0.00;46.85;0;tripinfo_in_ba_to_ko.113;car;0.96;
in_ba_to_gj.63;3913.00;-230845886_0;5.10;0.00;0.04;4107.00;23527526_0;253.75;10.65;194.00;1755.68;11.00;2;0.00;37.07;0;tripinfo_in_ba_to_gj.63;car;1.01;
in_ba_to_gg.27;3830.00;-230845886_0;5.10;0.00;0.38;4109.00;23156305_0;1264.14;9.98;279.00;2718.65;0.00;0;0.00;24.36;0;tripinfo_in_ba_to_gg.27;car;0.97;
in_ba_to_gj.64;3917.00;-230845886_0;5.10;0.00;0.23;4109.00;23527526_0;253.75;12.03;192.00;1755.68;7.00;2;0.00;48.74;0;tripinfo_in_ba_to_gj.64;car;1.11;
in_ba_to_gj.65;3920.00;-230845886_0;5.10;0.00;0.39;4111.00;23527526_0;253.75;11.94;191.00;1755.68;6.00;2;0.00;44.90;0;tripinfo_in_ba_to_gj.65;car;1.09;
in_ba_to_ko.114;3878.00;-230845886_0;5.10;0.00;1.68;4118.00;972103805_0;116.86;12.86;240.00;2114.29;7.00;1;0.00;85.85;0;tripinfo_in_ba_to_ko.114;car;1.28;
in_ba_to_gj.66;3926.00;-230845886_0;5.10;0.00;2.87;4129.00;23527526_0;253.75;9.73;203.00;1755.68;0.00;0;0.00;22.04;0;tripinfo_in_ba_to_gj.66;car;0.88;
in_ns_to_ko.176;3968.00;-23142338#2_0;5.10;0.00;2.10;4131.00;972103805_0;116.86;9.27;163.00;1398.55;0.00;0;0.00;16.03;0;tripinfo_in_ns_to_ko.176;car;0.86;
in_as_to_ko.79;3988.00;23687583_0;5.10;0.00;1.95;4133.00;972103805_0;116.86;11.74;145.00;1102.39;23.00;3;0.00;61.13;0;tripinfo_in_as_to_ko.79;car;1.19;
in_as_to_gj.67;4027.00;23687583_0;5.10;0.00;0.75;4133.00;23527526_0;253.75;11.33;106.00;649.06;20.00;2;0.00;49.93;0;tripinfo_in_as_to_gj.67;car;1.06;
in_as_to_gj.68;4031.00;23687583_0;5.10;0.00;1.70;4136.00;23527526_0;253.75;11.94;105.00;649.06;18.00;2;0.00;49.42;0;tripinfo_in_as_to_gj.68;car;1.08;
in_ns_to_ko.177;3974.00;-23142338#2_0;5.10;0.00;0.00;4137.00;972103805_0;116.86;10.69;163.00;1398.55;1.00;1;0.00;31.58;0;tripinfo_in_ns_to_ko.177;car;0.96;
in_as_to_gj.69;4037.00;23687583_0;5.10;0.00;0.68;4137.00;23527526_0;253.75;12.20;100.00;649.06;17.00;2;0.00;46.68;0;tripinfo_in_as_to_gj.69;car;1.11;
in_ns_to_ko.178;3978.00;-23142338#2_0;5.10;0.00;0.56;4139.00;972103805_0;116.86;12.40;161.00;1398.55;1.00;1;0.00;52.57;0;tripinfo_in_ns_to_ko.178;car;1.17;
in_ns_to_ko.179;4006.00;-23142338#2_0;5.10;0.00;3.40;4140.00;972103805_0;116.86;11.73;134.00;1398.55;0.00;0;0.00;18.01;0;tripinfo_in_ns_to_ko.179;car;1.09;
in_as_to_gj.70;4040.00;23687583_0;5.10;0.00;3.58;4144.00;23527526_0;253.75;9.86;104.00;649.06;17.00;2;0.00;43.18;0;tripinfo_in_as_to_gj.70;car;0.97;
in_as_to_ko.80;3991.00;23687583_0;5.10;0.00;1.94;4152.00;972103805_0;116.86;9.56;161.00;1102.39;22.00;3;0.00;53.77;0;tripinfo_in_as_to_ko.80;car;0.93;
in_as_to_ko.81;4018.00;23687583_0;5.10;0.00;3.26;4154.00;972103805_0;116.86;10.82;136.00;1102.39;9.00;1;0.00;42.53;0;tripinfo_in_as_to_ko.81;car;1.06;
in_as_to_gj.71;4066.00;23687583_0;5.10;0.00;0.84;4158.00;23527526_0;253.75;8.90;92.00;649.06;7.00;1;0.00;24.89;0;tripinfo_in_as_to_gj.71;car;0.88;
in_ba_to_ko.115;3902.00;-230845886_0;5.10;0.00;0.45;4166.00;972103805_0;116.86;9.06;264.00;2114.29;18.00;3;0.00;53.21;0;tripinfo_in_ba_to_ko.115;car;0.91;
in_ba_to_ko.116;3923.00;-230845886_0;5.10;0.00;2.86;4168.00;972103805_0;116.86;9.91;245.00;2114.29;7.00;2;0.00;45.15;0;tripinfo_in_ba_to_ko.116;car;0.96;
in_ns_to_br.4;3855.00;-23142338#2_0;5.10;0.00;0.61;4174.00;23156390_0;1121.44;10.58;319.00;2792.05;16.00;3;0.00;57.37;0;tripinfo_in_ns_to_br.4;car;0.97;
in_ns_to_ko.180;4009.00;-23142338#2_0;5.10;0.00;6.09;4174.00;972103805_0;116.86;8.96;165.00;1398.55;4.00;1;0.00;23.30;0;tripinfo_in_ns_to_ko.180;car;0.89;
in_ns_to_ko.181;4012.00;-23142338#2_0;5.10;0.00;1.64;4178.00;972103805_0;116.86;9.52;166.00;1398.55;2.00;1;0.00;21.92;0;tripinfo_in_ns_to_ko.181;car;0.88;
in_as_to_gj.72;4106.00;23687583_0;5.10;0.00;0.46;4180.00;23527526_0;253.75;9.52;74.00;649.06;0.00;0;0.00;8.74;0;tripinfo_in_as_to_gj.72;car;0.90;
in_as_to_ko.82;4043.00;23687583_0;5.10;0.00;5.32;4182.00;972103805_0;116.86;11.75;139.00;1102.39;16.00;2;0.00;47.66;0;tripinfo_in_as_to_ko.82;car;1.10;
in_as_to_gj.73;4110.00;23687583_0;5.10;0.00;0.83;4182.00;23527526_0;253.75;11.72;72.00;649.06;0.00;0;0.00;19.35;0;tripinfo_in_as_to_gj.73;car;1.12;
in_ns_to_as.27;3872.00;-23142338#2_0;5.10;0.00;1.36;4187.00;41899283#1_0;148.70;11.15;315.00;2009.37;93.00;3;0.00;148.97;0;tripinfo_in_ns_to_as.27;car;1.11;
in_ns_to_ko.182;4032.00;-23142338#2_0;5.10;0.00;0.41;4187.00;972103805_0;116.86;10.32;155.00;1398.55;7.00;2;0.00;27.84;0;tripinfo_in_ns_to_ko.182;car;0.99;
in_ns_to_as.28;3992.00;-23142338#2_0;5.10;0.00;0.12;4191.00;41899283#1_0;148.70;10.88;199.00;2009.37;0.00;0;0.00;21.45;0;tripinfo_in_ns_to_as.28;car;1.03;
in_ns_to_ko.183;4058.00;-23142338#2_0;5.10;0.00;0.45;4199.00;972103805_0;116.86;11.89;141.00;1398.55;1.00;1;0.00;26.90;0;tripinfo_in_ns_to_ko.183;car;1.11;
in_as_to_ko.83;4083.00;23687583_0;5.10;0.00;2.07;4203.00;972103805_0;116.86;10.46;120.00;1102.39;0.00;0;0.00;18.06;0;tripinfo_in_as_to_ko.83;car;0.98;
in_ba_to_gg.28;3891.00;-230845886_0;5.10;0.00;10.25;4214.00;23156305_0;1264.14;8.81;323.00;2718.65;9.00;1;0.00;43.35;0;tripinfo_in_ba_to_gg.28;car;0.88;
in_as_to_gg.15;3994.00;23687583_0;5.10;0.00;1.60;4215.00;23156305_0;1264.14;10.21;221.00;1600.87;21.00;3;0.00;75.20;0;tripinfo_in_as_to_gg.15;car;0.99;
in_as_to_ko.84;4092.00;23687583_0;5.10;0.00;1.88;4222.00;972103805_0;116.86;9.28;130.00;1102.39;0.00;0;0.00;16.72;0;tripinfo_in_as_to_ko.84;car;0.88;
in_as_to_ko.85;4122.00;23687583_0;5.10;0.00;0.85;4223.00;972103805_0;116.86;11.40;101.00;1102.39;0.00;0;0.00;11.11;0;tripinfo_in_as_to_ko.85;car;1.11;
in_ns_to_gg.20;3858.00;-23142338#2_0;5.10;0.00;1.84;4226.00;23156305_0;1264.14;10.18;368.00;3297.24;15.00;3;0.00;66.60;0;tripinfo_in_ns_to_gg.20;car;1.00;
in_as_to_ns.49;3974.00;23687583_0;5.10;0.00;0.82;4229.00;23142338#2_0;290.21;9.86;255.00;1995.73;15.00;3;0.00;53.21;0;tripinfo_in_as_to_ns.49;car;0.90;
in_as_to_gj.74;4164.00;23687583_0;5.10;0.00;1.25;4231.00;23527526_0;253.75;10.58;67.00;649.06;0.00;0;0.00;7.47;0;tripinfo_in_as_to_gj.74;car;1.00;
in_ns_to_ko.184;4067.00;-23142338#2_0;5.10;0.00;3.82;4242.00;972103805_0;116.86;8.24;175.00;1398.55;0.00;0;0.00;19.51;0;tripinfo_in_ns_to_ko.184;car;0.81;
in_as_to_ko.86;4132.00;23687583_0;5.10;0.00;0.40;4244.00;972103805_0;116.86;10.73;112.00;1102.39;0.00;0;0.00;9.30;0;tripinfo_in_as_to_ko.86;car;0.97;
in_as_to_gg.16;4077.00;23687583_0;5.10;0.00;2.94;4246.00;23156305_0;1264.14;10.38;169.00;1600.87;2.00;1;0.00;23.96;0;tripinfo_in_as_to_gg.16;car;1.00;
in_as_to_gj.75;4187.00;23687583_0;5.10;0.00;12.81;4247.00;23527526_0;253.75;12.44;60.00;649.06;0.00;0;0.00;8.80;0;tripinfo_in_as_to_gj.75;car;1.16;
in_as_to_gg.17;4095.00;23687583_0;5.10;0.00;2.75;4248.00;23156305_0;1264.14;12.52;153.00;1600.87;0.00;0;0.00;27.24;0;tripinfo_in_as_to_gg.17;car;1.16;
in_as_to_ko.87;4144.00;23687583_0;5.10;0.00;0.31;4251.00;972103805_0;116.86;10.56;107.00;1102.39;0.00;0;0.00;10.50;0;tripinfo_in_as_to_ko.87;car;1.04;
in_ns_to_ko.185;4092.00;-23142338#2_0;5.10;0.00;0.09;4254.00;972103805_0;116.86;10.65;162.00;1398.55;8.00;1;0.00;44.86;0;tripinfo_in_ns_to_ko.185;car;1.08;
in_ns_to_ko.186;4113.00;-23142338#2_0;5.10;0.00;0.58;4257.00;972103805_0;116.86;11.01;144.00;1398.55;5.00;2;0.00;24.28;0;tripinfo_in_ns_to_ko.186;car;1.06;
in_as_to_gj.76;4197.00;23687583_0;5.10;0.00;11.53;4263.00;23527526_0;253.75;10.21;66.00;649.06;0.00;0;0.00;7.23;0;tripinfo_in_as_to_gj.76;car;1.01;
in_as_to_gj.77;4200.00;23687583_0;5.10;0.00;13.70;4267.00;23527526_0;253.75;11.02;67.00;649.06;0.00;0;0.00;7.67;0;tripinfo_in_as_to_gj.77;car;1.00;
in_as_to_ko.88;4179.00;23687583_0;5.10;0.00;6.85;4271.00;972103805_0;116.86;13.52;92.00;1102.39;0.00;0;0.00;10.89;0;tripinfo_in_as_to_ko.88;car;1.24;
in_as_to_ns.50;3997.00;23687583_0;5.10;0.00;4.29;4272.00;23142338#2_0;290.21;9.37;275.00;1995.73;18.00;2;0.00;61.37;0;tripinfo_in_as_to_ns.50;car;0.85;
in_as_to_ns.51;4007.00;23687583_0;5.10;0.00;0.11;4274.00;23142338#2_0;290.21;10.40;267.00;1995.73;17.00;2;0.00;83.17;0;tripinfo_in_as_to_ns.51;car;0.99;
in_as_to_ns.52;4024.00;23687583_0;5.10;0.00;5.96;4275.00;23142338#2_0;290.21;11.15;251.00;1995.73;17.00;2;0.00;93.75;0;tripinfo_in_as_to_ns.52;car;1.15;
in_ns_to_ko.187;4133.00;-23142338#2_0;5.10;0.00;0.10;4278.00;972103805_0;116.86;10.58;145.00;1398.55;0.00;0;0.00;16.09;0;tripinfo_in_ns_to_ko.187;car;0.98;
in_ns_to_ko.188;4136.00;-23142338#2_0;5.10;0.00;0.73;4282.00;972103805_0;116.86;9.86;146.00;1398.55;0.00;0;0.00;16.50;0;tripinfo_in_ns_to_ko.188;car;0.98;
in_ns_to_ko.189;4148.00;-23142338#2_0;5.10;0.00;0.89;4283.00;972103805_0;116.86;12.07;135.00;1398.55;0.00;0;0.00;21.05;0;tripinfo_in_ns_to_ko.189;car;1.11;
in_as_to_gg.18;4113.00;23687583_0;5.10;0.00;0.74;4288.00;23156305_0;1264.14;8.94;175.00;1600.87;0.00;0;0.00;14.06;0;tripinfo_in_as_to_gg.18;car;0.90;
in_as_to_gj.78;4224.00;23687583_0;5.10;0.00;12.74;4297.00;23527526_0;253.75;9.84;73.00;649.06;0.00;0;0.00;8.87;0;tripinfo_in_as_to_gj.78;car;0.92;
in_as_to_ns.53;4046.00;23687583_0;5.10;0.00;5.64;4303.00;23142338#2_0;290.21;10.00;257.00;1995.73;18.00;3;0.00;60.46;0;tripinfo_in_as_to_ns.53;car;0.92;
in_ns_to_gj.13;4003.00;-23142338#2_0;5.10;0.00;0.57;4304.00;23527526_0;253.75;11.32;301.00;2084.96;104.00;1;0.00;126.05;0;tripinfo_in_ns_to_gj.13;car;1.08;
in_as_to_ns.54;4074.00;23687583_0;5.10;0.00;0.97;4306.00;23142338#2_0;290.21;9.80;232.00;1995.73;4.00;1;0.00;35.43;0;tripinfo_in_as_to_ns.54;car;0.93;
in_ns_to_as.29;4061.00;-23142338#2_0;5.10;0.00;2.49;4312.00;41899283#1_0;148.70;10.95;251.00;2009.37;13.00;2;0.00;78.85;0;tripinfo_in_ns_to_as.29;car;1.06;
in_as_to_gg.19;4167.00;23687583_0;5.10;0.00;4.16;4317.00;23156305_0;1264.14;11.71;150.00;1600.87;0.00;0;0.00;12.05;0;tripinfo_in_as_to_gg.19;car;1.05;
in_ns_to_gj.14;4036.00;-23142338#2_0;5.10;0.00;0.56;4318.00;23527526_0;253.75;9.35;282.00;2084.96;46.00;3;0.00;77.01;0;tripinfo_in_ns_to_gj.14;car;0.92;
in_as_to_kl.20;4170.00;23687583_0;5.10;0.00;3.03;4321.00;28716808#1_0;754.74;8.59;151.00;1207.92;6.00;1;0.00;20.98;0;tripinfo_in_as_to_kl.20;car;0.84;
in_as_to_ns.55;4103.00;23687583_0;5.10;0.00;1.30;4322.00;23142338#2_0;290.21;10.40;219.00;1995.73;1.00;1;0.00;27.72;0;tripinfo_in_as_to_ns.55;car;0.95;
in_ns_to_gj.15;4076.00;-23142338#2_0;5.10;0.00;0.02;4324.00;23527526_0;253.75;8.83;248.00;2084.96;0.00;0;0.00;33.48;0;tripinfo_in_ns_to_gj.15;car;0.88;
in_as_to_gj.79;4254.00;23687583_0;5.10;0.00;22.67;4326.00;23527526_0;253.75;10.22;72.00;649.06;0.00;0;0.00;11.75;0;tripinfo_in_as_to_gj.79;car;1.00;
in_as_to_ko.89;4206.00;23687583_0;5.10;0.00;17.45;4327.00;972103805_0;116.86;11.80;121.00;1102.39;20.00;1;0.00;33.44;0;tripinfo_in_as_to_ko.89;car;1.13;
in_as_to_ko.90;4212.00;23687583_0;5.10;0.00;12.33;4329.00;972103805_0;116.86;12.42;117.00;1102.39;14.00;1;0.00;32.68;0;tripinfo_in_as_to_ko.90;car;1.18;
in_as_to_gj.80;4266.00;23687583_0;5.10;0.00;27.75;4337.00;23527526_0;253.75;10.47;71.00;649.06;0.00;0;0.00;8.99;0;tripinfo_in_as_to_gj.80;car;0.96;
in_as_to_ko.91;4233.00;23687583_0;5.10;0.00;14.47;4338.00;972103805_0;116.86;11.17;105.00;1102.39;0.00;0;0.00;9.38;0;tripinfo_in_as_to_ko.91;car;1.05;
in_ns_to_ko.190;4157.00;-23142338#2_0;5.10;0.00;7.59;4344.00;972103805_0;116.86;8.68;187.00;1398.55;17.00;2;0.00;40.06;0;tripinfo_in_ns_to_ko.190;car;0.86;
in_ns_to_ko.191;4160.00;-23142338#2_0;5.10;0.00;1.57;4346.00;972103805_0;116.86;9.37;186.00;1398.55;15.00;2;0.00;35.89;0;tripinfo_in_ns_to_ko.191;car;0.84;
in_as_to_ko.92;4239.00;23687583_0;5.10;0.00;19.42;4348.00;972103805_0;116.86;11.12;109.00;1102.39;0.00;0;0.00;10.18;0;tripinfo_in_as_to_ko.92;car;1.01;
in_ns_to_ko.192;4168.00;-23142338#2_0;5.10;0.00;0.27;4352.00;972103805_0;116.86;9.95;184.00;1398.55;18.00;3;0.00;50.42;0;tripinfo_in_ns_to_ko.192;car;0.95;
in_ns_to_ko.193;4172.00;-23142338#2_0;5.10;0.00;0.94;4353.00;972103805_0;116.86;11.74;181.00;1398.55;14.00;3;0.00;66.18;0;tripinfo_in_ns_to_ko.193;car;1.10;
in_as_to_ns.56;4176.00;23687583_0;5.10;0.00;5.63;4354.00;23142338#2_0;290.21;11.87;178.00;1995.73;0.00;0;0.00;18.31;0;tripinfo_in_as_to_ns.56;car;1.14;
in_ns_to_ko.194;4175.00;-23142338#2_0;5.10;0.00;3.64;4356.00;972103805_0;116.86;9.41;181.00;1398.55;13.00;3;0.00;49.06;0;tripinfo_in_ns_to_ko.194;car;0.96;
in_ns_to_ko.195;4181.00;-23142338#2_0;5.10;0.00;0.68;4368.00;972103805_0;116.86;9.57;187.00;1398.55;18.00;3;0.00;56.22;0;tripinfo_in_ns_to_ko.195;car;0.96;
in_ns_to_ko.196;4184.00;-23142338#2_0;5.10;0.00;0.55;4371.00;972103805_0;116.86;10.33;187.00;1398.55;16.00;3;0.00;58.05;0;tripinfo_in_ns_to_ko.196;car;0.98;
in_ns_to_gg.21;4042.00;-23142338#2_0;5.10;0.00;1.43;4378.00;23156305_0;1264.14;11.94;336.00;3297.24;14.00;2;0.00;73.62;0;tripinfo_in_ns_to_gg.21;car;1.15;
in_as_to_ko.93;4269.00;23687583_0;5.10;0.00;30.07;4385.00;972103805_0;116.86;10.32;116.00;1102.39;0.00;0;0.00;11.03;0;tripinfo_in_as_to_ko.93;car;0.95;
in_as_to_ko.94;4278.00;23687583_0;5.10;0.00;30.93;4386.00;972103805_0;116.86;11.03;108.00;1102.39;0.00;0;0.00;23.00;0;tripinfo_in_as_to_ko.94;car;1.17;
in_ns_to_ko.197;4203.00;-23142338#2_0;5.10;0.00;0.07;4388.00;972103805_0;116.86;10.53;185.00;1398.55;24.00;4;0.00;56.27;0;tripinfo_in_ns_to_ko.197;car;0.98;
in_ns_to_ko.198;4206.00;-23142338#2_0;5.10;0.00;0.56;4392.00;972103805_0;116.86;11.64;186.00;1398.55;21.00;5;0.00;68.85;0;tripinfo_in_ns_to_ko.198;car;1.08;
in_as_to_gj.81;4318.00;23687583_0;5.10;0.00;12.61;4393.00;23527526_0;253.75;8.80;75.00;649.06;0.00;0;0.00;8.88;0;tripinfo_in_as_to_gj.81;car;0.90;
in_as_to_gj.82;4324.00;23687583_0;5.10;0.00;15.86;4396.00;23527526_0;253.75;9.06;72.00;649.06;0.00;0;0.00;7.59;0;tripinfo_in_as_to_gj.82;car;0.92;
in_as_to_ns.57;4191.00;23687583_0;5.10;0.00;11.08;4406.00;23142338#2_0;290.21;10.07;215.00;1995.73;0.00;0;0.00;19.57;0;tripinfo_in_as_to_ns.57;car;0.93;
in_ns_to_ko.199;4209.00;-23142338#2_0;5.10;0.00;1.72;4413.00;972103805_0;116.86;6.90;204.00;1398.55;7.00;1;0.00;31.37;0;tripinfo_in_ns_to_ko.199;car;0.73;
in_ns_to_ko.200;4229.00;-23142338#2_0;5.10;0.00;2.52;4415.00;972103805_0;116.86;11.63;186.00;1398.55;13.00;2;0.00;75.24;0;tripinfo_in_ns_to_ko.200;car;1.14;
in_as_to_ko.95;4281.00;23687583_0;5.10;0.00;32.40;4417.00;972103805_0;116.86;10.02;136.00;1102.39;16.00;1;0.00;33.05;0;tripinfo_in_as_to_ko.95;car;0.97;
in_as_to_gj.83;4342.00;23687583_0;5.10;0.00;12.14;4417.00;23527526_0;253.75;8.78;75.00;649.06;0.00;0;0.00;7.62;0;tripinfo_in_as_to_gj.83;car;0.88;
in_as_to_ko.96;4290.00;23687583_0;5.10;0.00;14.84;4419.00;972103805_0;116.86;10.09;129.00;1102.39;7.00;1;0.00;22.22;0;tripinfo_in_as_to_ko.96;car;0.94;
in_as_to_ko.97;4293.00;23687583_0;5.10;0.00;17.33;4421.00;972103805_0;116.86;10.85;128.00;1102.39;6.00;1;0.00;31.99;0;tripinfo_in_as_to_ko.97;car;1.04;
in_as_to_gj.84;4354.00;23687583_0;5.10;0.00;11.39;4423.00;23527526_0;253.75;10.81;69.00;649.06;0.00;0;0.00;8.45;0;tripinfo_in_as_to_gj.84;car;0.99;
in_as_to_gj.85;4361.00;23687583_0;5.10;0.00;6.33;4425.00;23527526_0;253.75;10.73;64.00;649.06;0.00;0;0.00;8.58;0;tripinfo_in_as_to_gj.85;car;1.07;
in_ns_to_gg.23;4053.00;-23142338#2_0;5.10;0.00;0.44;4426.00;23156305_0;1264.14;10.74;373.00;3297.24;15.00;2;0.00;79.29;0;tripinfo_in_ns_to_gg.23;car;1.02;
in_ns_to_ko.201;4260.00;-23142338#2_0;5.10;0.00;0.72;4430.00;972103805_0;116.86;9.82;170.00;1398.55;15.00;2;0.00;38.20;0;tripinfo_in_ns_to_ko.201;car;0.96;
in_ns_to_as.30;4098.00;-23142338#2_0;5.10;0.00;1.97;4435.00;41899283#1_0;148.70;10.10;337.00;2009.37;106.00;2;0.00;138.21;0;tripinfo_in_ns_to_as.30;car;0.92;
in_ns_to_ko.202;4278.00;-23142338#2_0;5.10;0.00;1.29;4438.00;972103805_0;116.86;10.04;160.00;1398.55;12.00;2;0.00;31.36;0;tripinfo_in_ns_to_ko.202;car;0.98;
in_ns_to_ko.203;4290.00;-23142338#2_0;5.10;0.00;0.24;4440.00;972103805_0;116.86;10.53;150.00;1398.55;7.00;1;0.00;26.34;0;tripinfo_in_ns_to_ko.203;car;1.02;
in_as_to_ko.98;4299.00;23687583_0;5.10;0.00;19.43;4443.00;972103805_0;116.86;11.31;144.00;1102.39;24.00;2;0.00;54.28;0;tripinfo_in_as_to_ko.98;car;1.12;
in_ns_to_as.31;4151.00;-23142338#2_0;5.10;0.00;3.06;4446.00;41899283#1_0;148.70;8.22;295.00;2009.37;36.00;3;0.00;70.60;0;tripinfo_in_ns_to_as.31;car;0.81;
in_as_to_ko.99;4305.00;23687583_0;5.10;0.00;19.12;4447.00;972103805_0;116.86;9.79;142.00;1102.39;18.00;1;0.00;41.45;0;tripinfo_in_as_to_ko.99;car;0.99;
in_as_to_ko.100;4315.00;23687583_0;5.10;0.00;12.15;4451.00;972103805_0;116.86;8.75;136.00;1102.39;10.00;1;0.00;24.70;0;tripinfo_in_as_to_ko.100;car;0.90;
in_as_to_ko.101;4330.00;23687583_0;5.10;0.00;14.27;4453.00;972103805_0;116.86;9.65;123.00;1102.39;1.00;1;0.00;15.62;0;tripinfo_in_as_to_ko.101;car;0.93;
in_ns_to_gg.22;4047.00;-23142338#2_0;5.10;0.00;0.82;4473.00;23156305_0;1264.14;8.02;426.00;3297.24;4.00;1;0.00;50.75;0;tripinfo_in_ns_to_gg.22;car;0.80;
in_as_to_gg.20;4287.00;23687583_0;5.10;0.00;15.01;4475.00;23156305_0;1264.14;9.39;188.00;1600.87;0.00;0;0.00;29.16;0;tripinfo_in_as_to_gg.20;car;0.91;
in_as_to_ko.102;4339.00;23687583_0;5.10;0.00;12.57;4476.00;972103805_0;116.86;9.41;137.00;1102.39;18.00;1;0.00;32.25;0;tripinfo_in_as_to_ko.102;car;0.95;
in_ns_to_gj.16;4220.00;-23142338#2_0;5.10;0.00;0.56;4478.00;23527526_0;253.75;10.80;258.00;2084.96;15.00;2;0.00;69.27;0;tripinfo_in_ns_to_gj.16;car;1.00;
in_as_to_ko.103;4379.00;23687583_0;5.10;0.00;1.55;4480.00;972103805_0;116.86;11.24;101.00;1102.39;0.00;0;0.00;9.87;0;tripinfo_in_as_to_ko.103;car;1.10;
in_as_to_gj.86;4410.00;23687583_0;5.10;0.00;0.17;4480.00;23527526_0;253.75;12.59;70.00;649.06;4.00;1;0.00;19.17;0;tripinfo_in_as_to_gj.86;car;1.18;
in_as_to_ns.58;4272.00;23687583_0;5.10;0.00;30.28;4487.00;23142338#2_0;290.21;9.35;215.00;1995.73;0.00;0;0.00;23.65;0;tripinfo_in_as_to_ns.58;car;0.95;
in_as_to_ns.59;4284.00;23687583_0;5.10;0.00;25.50;4489.00;23142338#2_0;290.21;10.68;205.00;1995.73;0.00;0;0.00;35.59;0;tripinfo_in_as_to_ns.59;car;1.08;
in_as_to_ko.104;4389.00;23687583_0;5.10;0.00;2.77;4491.00;972103805_0;116.86;10.92;102.00;1102.39;0.00;0;0.00;9.54;0;tripinfo_in_as_to_ko.104;car;1.08;
in_as_to_ns.60;4296.00;23687583_0;5.10;0.00;18.41;4495.00;23142338#2_0;290.21;11.21;199.00;1995.73;2.00;1;0.00;22.56;0;tripinfo_in_as_to_ns.60;car;1.04;
in_ns_to_ko.204;4354.00;-23142338#2_0;5.10;0.00;2.07;4500.00;972103805_0;116.86;10.34;146.00;1398.55;6.00;1;0.00;20.32;0;tripinfo_in_ns_to_ko.204;car;1.01;
in_ns_to_as.32;4178.00;-23142338#2_0;5.10;0.00;5.12;4502.00;41899283#1_0;148.70;8.29;324.00;2009.37;63.00;3;0.00;108.14;0;tripinfo_in_ns_to_as.32;car;0.85;
in_ns_to_ko.205;4367.00;-23142338#2_0;5.10;0.00;0.28;4502.00;972103805_0;116.86;10.85;135.00;1398.55;0.00;0;0.00;12.67;0;tripinfo_in_ns_to_ko.205;car;1.03;
in_as_to_ns.61;4308.00;23687583_0;5.10;0.00;21.87;4516.00;23142338#2_0;290.21;11.74;208.00;1995.73;12.00;1;0.00;38.63;0;tripinfo_in_as_to_ns.61;car;1.08;
in_ns_to_ko.206;4370.00;-23142338#2_0;5.10;0.00;2.29;4518.00;972103805_0;116.86;10.53;148.00;1398.55;9.00;1;0.00;27.10;0;tripinfo_in_ns_to_ko.206;car;1.05;
in_ns_to_as.33;4254.00;-23142338#2_0;5.10;0.00;0.54;4524.00;41899283#1_0;148.70;10.22;270.00;2009.37;43.00;4;0.00;91.05;0;tripinfo_in_ns_to_as.33;car;1.02;
in_as_to_ko.105;4413.00;23687583_0;5.10;0.00;1.31;4524.00;972103805_0;116.86;10.98;111.00;1102.39;0.00;0;0.00;14.22;0;tripinfo_in_as_to_ko.105;car;1.04;
in_as_to_ko.106;4423.00;23687583_0;5.10;0.00;0.06;4548.00;972103805_0;116.86;11.22;125.00;1102.39;20.00;1;0.00;32.69;0;tripinfo_in_as_to_ko.106;car;1.08;
in_as_to_ko.107;4428.00;23687583_0;5.10;0.00;0.53;4551.00;972103805_0;116.86;11.08;123.00;1102.39;10.00;1;0.00;23.62;0;tripinfo_in_as_to_ko.107;car;1.00;
in_ns_to_ko.207;4417.00;-23142338#2_0;5.10;0.00;0.77;4557.00;972103805_0;116.86;11.74;140.00;1398.55;2.00;1;0.00;20.86;0;tripinfo_in_ns_to_ko.207;car;1.06;
in_as_to_ns.62;4351.00;23687583_0;5.10;0.00;8.58;4566.00;23142338#2_0;290.21;10.76;215.00;1995.73;7.00;1;0.00;31.41;0;tripinfo_in_as_to_ns.62;car;0.99;
in_as_to_ko.108;4443.00;23687583_0;5.10;0.00;0.39;4566.00;972103805_0;116.86;9.16;123.00;1102.39;0.00;0;0.00;10.91;0;tripinfo_in_as_to_ko.108;car;0.89;
in_as_to_ns.63;4364.00;23687583_0;5.10;0.00;8.45;4568.00;23142338#2_0;290.21;10.69;204.00;1995.73;2.00;1;0.00;26.77;0;tripinfo_in_as_to_ns.63;car;1.03;
in_as_to_ko.109;4446.00;23687583_0;5.10;0.00;2.86;4568.00;972103805_0;116.86;12.47;122.00;1102.39;0.00;0;0.00;35.74;0;tripinfo_in_as_to_ko.109;car;1.16;
in_ns_to_ko.208;4420.00;-23142338#2_0;5.10;0.00;3.46;4570.00;972103805_0;116.86;10.38;150.00;1398.55;5.00;1;0.00;19.26;0;tripinfo_in_ns_to_ko.208;car;0.97;
in_ns_to_as.34;4267.00;-23142338#2_0;5.10;0.00;0.36;4571.00;41899283#1_0;148.70;11.62;304.00;2009.37;79.00;4;0.00;135.29;0;tripinfo_in_ns_to_as.34;car;1.08;
in_ns_to_ko.209;4438.00;-23142338#2_0;5.10;0.00;0.96;4579.00;972103805_0;116.86;12.27;141.00;1398.55;2.00;1;0.00;28.02;0;tripinfo_in_ns_to_ko.209;car;1.12;
in_ns_to_as.35;4281.00;-23142338#2_0;5.10;0.00;0.04;4582.00;41899283#1_0;148.70;10.19;301.00;2009.37;65.00;3;0.00;102.09;0;tripinfo_in_ns_to_as.35;car;0.92;
in_ns_to_as.36;4314.00;-23142338#2_0;5.10;0.00;0.43;4584.00;41899283#1_0;148.70;10.07;270.00;2009.37;54.00;2;0.00;89.47;0;tripinfo_in_ns_to_as.36;car;1.01;
in_as_to_ko.110;4449.00;23687583_0;5.10;0.00;3.03;4591.00;972103805_0;116.86;9.54;142.00;1102.39;18.00;1;0.00;35.98;0;tripinfo_in_as_to_ko.110;car;0.94;
in_as_to_ko.111;4455.00;23687583_0;5.10;0.00;4.26;4592.00;972103805_0;116.86;11.53;137.00;1102.39;17.00;1;0.00;52.17;0;tripinfo_in_as_to_ko.111;car;1.17;
in_ns_to_gj.17;4328.00;-23142338#2_0;5.10;0.00;0.40;4593.00;23527526_0;253.75;9.42;265.00;2084.96;29.00;2;0.00;54.99;0;tripinfo_in_ns_to_gj.17;car;0.90;
in_ns_to_ko.210;4441.00;-23142338#2_0;5.10;0.00;2.02;4622.00;972103805_0;116.86;8.98;181.00;1398.55;8.00;1;0.00;25.41;0;tripinfo_in_ns_to_ko.210;car;0.81;
in_ns_to_ko.211;4450.00;-23142338#2_0;5.10;0.00;0.83;4624.00;972103805_0;116.86;12.79;174.00;1398.55;7.00;1;0.00;70.64;0;tripinfo_in_ns_to_ko.211;car;1.23;
in_ns_to_ko.212;4453.00;-23142338#2_0;5.10;0.00;2.95;4626.00;972103805_0;116.86;9.88;173.00;1398.55;6.00;1;0.00;44.73;0;tripinfo_in_ns_to_ko.212;car;0.99;
in_ns_to_ko.213;4458.00;-23142338#2_0;5.10;0.00;0.32;4627.00;972103805_0;116.86;10.98;169.00;1398.55;6.00;1;0.00;48.67;0;tripinfo_in_ns_to_ko.213;car;1.05;
in_ns_to_ko.214;4479.00;-23142338#2_0;5.10;0.00;0.53;4629.00;972103805_0;116.86;9.99;150.00;1398.55;5.00;1;0.00;21.10;0;tripinfo_in_ns_to_ko.214;car;0.98;
in_ns_to_ko.215;4502.00;-23142338#2_0;5.10;0.00;0.29;4649.00;972103805_0;116.86;9.39;147.00;1398.55;0.00;0;0.00;14.78;0;tripinfo_in_ns_to_ko.215;car;0.96;
in_ns_to_ko.216;4511.00;-23142338#2_0;5.10;0.00;3.02;4665.00;972103805_0;116.86;9.14;154.00;1398.55;0.00;0;0.00;17.58;0;tripinfo_in_ns_to_ko.216;car;0.92;
in_ns_to_as.37;4363.00;-23142338#2_0;5.10;0.00;0.51;4697.00;41899283#1_0;148.70;11.12;334.00;2009.37;120.00;2;0.00;152.98;0;tripinfo_in_ns_to_as.37;car;1.01;
in_ns_to_ko.217;4517.00;-23142338#2_0;5.10;0.00;0.95;4709.00;972103805_0;116.86;7.81;192.00;1398.55;0.00;0;0.00;22.33;0;tripinfo_in_ns_to_ko.217;car;0.74;
in_ns_to_ko.218;4520.00;-23142338#2_0;5.10;0.00;2.76;4711.00;972103805_0;116.86;10.09;191.00;1398.55;0.00;0;0.00;63.62;0;tripinfo_in_ns_to_ko.218;car;0.99;
in_ns_to_ko.219;4578.00;-23142338#2_0;5.10;0.00;0.26;4731.00;972103805_0;116.86;10.32;153.00;1398.55;3.00;1;0.00;20.61;0;tripinfo_in_ns_to_ko.219;car;0.95;
in_ns_to_ko.220;4611.00;-23142338#2_0;5.10;0.00;0.34;4757.00;972103805_0;116.86;10.25;146.00;1398.55;3.00;1;0.00;18.00;0;tripinfo_in_ns_to_ko.220;car;0.99;
in_ns_to_ko.221;4617.00;-23142338#2_0;5.10;0.00;0.79;4775.00;972103805_0;116.86;9.42;158.00;1398.55;5.00;1;0.00;24.16;0;tripinfo_in_ns_to_ko.221;car;0.95;
in_ns_to_ko.222;4620.00;-23142338#2_0;5.10;0.00;0.42;4777.00;972103805_0;116.86;11.13;157.00;1398.55;9.00;1;0.00;30.92;0;tripinfo_in_ns_to_ko.222;car;1.00;
in_ns_to_ko.223;4632.00;-23142338#2_0;5.10;0.00;0.64;4816.00;972103805_0;116.86;9.05;184.00;1398.55;9.00;1;0.00;34.97;0;tripinfo_in_ns_to_ko.223;car;0.85;
in_ns_to_ko.224;4635.00;-23142338#2_0;5.10;0.00;2.56;4818.00;972103805_0;116.86;12.71;183.00;1398.55;8.00;1;0.00;72.93;0;tripinfo_in_ns_to_ko.224;car;1.15;
in_ns_to_ko.225;4640.00;-23142338#2_0;5.10;0.00;0.95;4820.00;972103805_0;116.86;8.52;180.00;1398.55;8.00;1;0.00;36.78;0;tripinfo_in_ns_to_ko.225;car;0.88;
in_ns_to_ko.226;4643.00;-23142338#2_0;5.10;0.00;1.13;4822.00;972103805_0;116.86;9.98;179.00;1398.55;8.00;1;0.00;46.12;0;tripinfo_in_ns_to_ko.226;car;0.95;
in_ns_to_ko.227;4646.00;-23142338#2_0;5.10;0.00;0.03;4827.00;972103805_0;116.86;9.72;181.00;1398.55;14.00;2;0.00;38.64;0;tripinfo_in_ns_to_ko.227;car;0.89;
in_ns_to_ko.228;4649.00;-23142338#2_0;5.10;0.00;0.60;4829.00;972103805_0;116.86;10.74;180.00;1398.55;13.00;2;0.00;56.55;0;tripinfo_in_ns_to_ko.228;car;1.02;
in_ns_to_ko.229;4652.00;-23142338#2_0;5.10;0.00;3.36;4831.00;972103805_0;116.86;10.32;179.00;1398.55;16.00;2;0.00;57.04;0;tripinfo_in_ns_to_ko.229;car;1.04;
in_ns_to_ko.230;4661.00;-23142338#2_0;5.10;0.00;7.13;4837.00;972103805_0;116.86;10.94;176.00;1398.55;15.00;3;0.00;49.00;0;tripinfo_in_ns_to_ko.230;car;0.99;
in_ns_to_ko.231;4664.00;-23142338#2_0;5.10;0.00;5.04;4839.00;972103805_0;116.86;13.37;175.00;1398.55;15.00;4;0.00;70.46;0;tripinfo_in_ns_to_ko.231;car;1.21;
in_ns_to_ko.232;4669.00;-23142338#2_0;5.10;0.00;0.06;4855.00;972103805_0;116.86;9.22;186.00;1398.55;10.00;2;0.00;38.55;0;tripinfo_in_ns_to_ko.232;car;0.86;
in_ns_to_ko.233;4675.00;-23142338#2_0;5.10;0.00;0.65;4857.00;972103805_0;116.86;9.83;182.00;1398.55;18.00;3;0.00;55.23;0;tripinfo_in_ns_to_ko.233;car;1.00;
in_ns_to_ko.234;4684.00;-23142338#2_0;5.10;0.00;0.42;4859.00;972103805_0;116.86;10.37;175.00;1398.55;15.00;3;0.00;49.74;0;tripinfo_in_ns_to_ko.234;car;1.01;
in_ns_to_ko.235;4689.00;-23142338#2_0;5.10;0.00;3.60;4870.00;972103805_0;116.86;11.13;181.00;1398.55;22.00;3;0.00;62.03;0;tripinfo_in_ns_to_ko.235;car;1.06;
in_ns_to_ko.236;4697.00;-23142338#2_0;5.10;0.00;0.53;4880.00;972103805_0;116.86;9.51;183.00;1398.55;20.00;3;0.00;53.18;0;tripinfo_in_ns_to_ko.236;car;0.97;
in_ns_to_ko.237;4712.00;-23142338#2_0;5.10;0.00;0.15;4897.00;972103805_0;116.86;10.20;185.00;1398.55;30.00;3;0.00;57.76;0;tripinfo_in_ns_to_ko.237;car;0.99;
in_ns_to_ko.238;4721.00;-23142338#2_0;5.10;0.00;0.70;4899.00;972103805_0;116.86;11.00;178.00;1398.55;26.00;3;0.00;60.72;0;tripinfo_in_ns_to_ko.238;car;1.08;
in_ns_to_ko.239;4733.00;-23142338#2_0;5.10;0.00;0.89;4903.00;972103805_0;116.86;12.63;170.00;1398.55;28.00;4;0.00;60.56;0;tripinfo_in_ns_to_ko.239;car;1.15;
in_ns_to_ko.240;4739.00;-23142338#2_0;5.10;0.00;1.63;4936.00;972103805_0;116.86;9.21;197.00;1398.55;18.00;3;0.00;47.91;0;tripinfo_in_ns_to_ko.240;car;0.85;
in_ns_to_ko.241;4742.00;-23142338#2_0;5.10;0.00;1.99;4938.00;972103805_0;116.86;10.94;196.00;1398.55;19.00;3;0.00;71.63;0;tripinfo_in_ns_to_ko.241;car;1.02;
in_ns_to_ko.242;4752.00;-23142338#2_0;5.10;0.00;0.19;4940.00;972103805_0;116.86;11.93;188.00;1398.55;24.00;4;0.00;74.20;0;tripinfo_in_ns_to_ko.242;car;1.11;
in_ns_to_ko.243;4763.00;-23142338#2_0;5.10;0.00;1.15;4959.00;972103805_0;116.86;9.71;196.00;1398.55;31.00;4;0.00;64.80;0;tripinfo_in_ns_to_ko.243;car;0.96;
in_ns_to_as.38;4627.00;-23142338#2_0;5.10;0.00;1.75;4963.00;41899283#1_0;148.70;7.99;336.00;2009.37;71.00;1;0.00;103.53;0;tripinfo_in_ns_to_as.38;car;0.79;
in_ns_to_ko.244;4803.00;-23142338#2_0;5.10;0.00;0.97;4982.00;972103805_0;116.86;10.29;179.00;1398.55;16.00;3;0.00;45.27;0;tripinfo_in_ns_to_ko.244;car;0.95;
in_ns_to_ko.245;4806.00;-23142338#2_0;5.10;0.00;3.62;4983.00;972103805_0;116.86;11.62;177.00;1398.55;20.00;3;0.00;58.29;0;tripinfo_in_ns_to_ko.245;car;1.06;
in_ns_to_ko.246;4823.00;-23142338#2_0;5.10;0.00;4.92;4986.00;972103805_0;116.86;11.47;163.00;1398.55;19.00;3;0.00;51.52;0;tripinfo_in_ns_to_ko.246;car;1.13;
in_ns_to_ko.247;4826.00;-23142338#2_0;5.10;0.00;7.20;5027.00;972103805_0;116.86;8.06;201.00;1398.55;13.00;3;0.00;42.68;0;tripinfo_in_ns_to_ko.247;car;0.80;
in_ns_to_ko.248;4851.00;-23142338#2_0;5.10;0.00;0.31;5029.00;972103805_0;116.86;10.24;178.00;1398.55;5.00;2;0.00;42.62;0;tripinfo_in_ns_to_ko.248;car;0.93;
in_ns_to_ko.249;4867.00;-23142338#2_0;5.10;0.00;4.87;5031.00;972103805_0;116.86;11.35;164.00;1398.55;2.00;1;0.00;43.44;0;tripinfo_in_ns_to_ko.249;car;1.05;
in_ns_to_ko.250;4873.00;-23142338#2_0;5.10;0.00;9.65;5033.00;972103805_0;116.86;9.74;160.00;1398.55;0.00;0;0.00;24.56;0;tripinfo_in_ns_to_ko.250;car;0.93;
in_ns_to_ko.251;4876.00;-23142338#2_0;5.10;0.00;1.28;5035.00;972103805_0;116.86;12.59;159.00;1398.55;0.00;0;0.00;52.53;0;tripinfo_in_ns_to_ko.251;car;1.19;
in_ns_to_ko.252;4879.00;-23142338#2_0;5.10;0.00;1.90;5048.00;972103805_0;116.86;10.02;169.00;1398.55;13.00;2;0.00;39.28;0;tripinfo_in_ns_to_ko.252;car;0.97;
in_ns_to_ko.253;4898.00;-23142338#2_0;5.10;0.00;3.17;5050.00;972103805_0;116.86;11.19;152.00;1398.55;5.00;2;0.00;39.53;0;tripinfo_in_ns_to_ko.253;car;1.12;
in_ns_to_ko.254;4902.00;-23142338#2_0;5.10;0.00;0.70;5054.00;972103805_0;116.86;11.53;152.00;1398.55;4.00;1;0.00;39.78;0;tripinfo_in_ns_to_ko.254;car;1.12;
in_ns_to_ko.255;4926.00;-23142338#2_0;5.10;0.00;2.46;5090.00;972103805_0;116.86;10.04;164.00;1398.55;3.00;1;0.00;29.26;0;tripinfo_in_ns_to_ko.255;car;0.94;
in_ns_to_ko.256;4934.00;-23142338#2_0;5.10;0.00;0.40;5092.00;972103805_0;116.86;12.08;158.00;1398.55;2.00;1;0.00;43.91;0;tripinfo_in_ns_to_ko.256;car;1.11;
out_gj_to_as.0;5025.00;-23527526_0;5.10;0.00;1.66;5095.00;41899283#1_0;148.70;9.99;70.00;633.70;0.00;0;0.00;12.01;0;tripinfo_out_gj_to_as.0;car;1.01;
in_ns_to_as.39;4736.00;-23142338#2_0;5.10;0.00;0.05;5108.00;41899283#1_0;148.70;9.82;372.00;2009.37;137.00;4;0.00;181.07;0;tripinfo_in_ns_to_as.39;car;0.96;
in_ns_to_ko.257;4938.00;-23142338#2_0;5.10;0.00;0.56;5109.00;972103805_0;116.86;9.24;171.00;1398.55;9.00;1;0.00;24.89;0;tripinfo_in_ns_to_ko.257;car;0.86;
in_ns_to_ko.258;4947.00;-23142338#2_0;5.10;0.00;0.98;5111.00;972103805_0;116.86;9.31;164.00;1398.55;6.00;1;0.00;29.09;0;tripinfo_in_ns_to_ko.258;car;0.93;
in_ns_to_ko.259;4962.00;-23142338#2_0;5.10;0.00;0.70;5114.00;972103805_0;116.86;9.48;152.00;1398.55;0.00;0;0.00;18.54;0;tripinfo_in_ns_to_ko.259;car;0.95;
in_ns_to_ko.260;4965.00;-23142338#2_0;5.10;0.00;0.94;5129.00;972103805_0;116.86;10.16;164.00;1398.55;9.00;2;0.00;29.02;0;tripinfo_in_ns_to_ko.260;car;0.94;
in_ns_to_ko.261;4972.00;-23142338#2_0;5.10;0.00;0.82;5132.00;972103805_0;116.86;9.72;160.00;1398.55;0.00;0;0.00;18.57;0;tripinfo_in_ns_to_ko.261;car;0.89;
in_ns_to_ko.262;4991.00;-23142338#2_0;5.10;0.00;0.30;5134.00;972103805_0;116.86;12.89;143.00;1398.55;0.00;0;0.00;34.36;0;tripinfo_in_ns_to_ko.262;car;1.16;
out_gj_to_as.1;5068.00;-23527526_0;5.10;0.00;0.44;5137.00;41899283#1_0;148.70;10.68;69.00;633.70;0.00;0;0.00;8.57;0;tripinfo_out_gj_to_as.1;car;0.97;
in_ns_to_as.40;4766.00;-23142338#2_0;5.10;0.00;0.13;5148.00;41899283#1_0;148.70;10.43;382.00;2009.37;154.00;6;0.00;208.11;0;tripinfo_in_ns_to_as.40;car;1.05;
out_gj_to_ko.0;5059.00;-23527526_0;5.10;0.00;0.29;5159.00;972103805_0;116.86;10.64;100.00;971.70;0.00;0;0.00;10.13;0;tripinfo_out_gj_to_ko.0;car;0.98;
in_ns_to_ko.263;4996.00;-23142338#2_0;5.10;0.00;0.41;5164.00;972103805_0;116.86;9.42;168.00;1398.55;2.00;1;0.00;21.76;0;tripinfo_in_ns_to_ko.263;car;0.86;
out_gj_to_as.2;5097.00;-23527526_0;5.10;0.00;2.78;5164.00;41899283#1_0;148.70;10.76;67.00;633.70;0.00;0;0.00;11.05;0;tripinfo_out_gj_to_as.2;car;1.05;
in_ns_to_ko.264;4999.00;-23142338#2_0;5.10;0.00;3.40;5166.00;972103805_0;116.86;9.22;167.00;1398.55;0.00;0;0.00;26.31;0;tripinfo_in_ns_to_ko.264;car;0.90;
in_ns_to_gj.18;4433.00;-23142338#2_0;5.10;0.00;1.43;5186.00;23527526_0;253.75;11.49;753.00;2084.96;542.00;2;0.00;571.49;0;tripinfo_in_ns_to_gj.18;car;1.04;
in_ns_to_gj.19;4532.00;-23142338#2_0;5.10;0.00;0.68;5206.00;23527526_0;253.75;8.20;674.00;2084.96;409.00;1;0.00;449.97;0;tripinfo_in_ns_to_gj.19;car;0.84;
in_ns_to_gj.20;4757.00;-23142338#2_0;5.10;0.00;0.29;5208.00;23527526_0;253.75;11.30;451.00;2084.96;203.00;4;0.00;269.26;0;tripinfo_in_ns_to_gj.20;car;1.04;
in_ns_to_kl.13;4923.00;-23142338#2_0;5.10;0.00;0.27;5218.00;28716808#1_0;754.74;10.68;295.00;2315.58;30.00;2;0.00;79.04;0;tripinfo_in_ns_to_kl.13;car;0.97;
in_ns_to_as.41;5002.00;-23142338#2_0;5.10;0.00;2.18;5219.00;41899283#1_0;148.70;11.17;217.00;2009.37;7.00;1;0.00;42.06;0;tripinfo_in_ns_to_as.41;car;1.05;
out_gj_to_ko.1;5126.00;-23527526_0;5.10;0.00;0.51;5223.00;972103805_0;116.86;10.03;97.00;971.70;0.00;0;0.00;9.01;0;tripinfo_out_gj_to_ko.1;car;1.00;
out_kl_to_ko.0;5012.00;-28716808#1_0;5.10;0.00;0.43;5228.00;972103805_0;116.86;9.63;216.00;1927.03;8.00;1;0.00;30.95;0;tripinfo_out_kl_to_ko.0;car;0.94;
out_gj_to_ns.1;5019.00;-23527526_0;5.10;0.00;0.15;5237.00;23142338#2_0;290.21;12.65;218.00;2043.79;1.00;1;0.00;61.10;0;tripinfo_out_gj_to_ns.1;car;1.18;
out_gj_to_as.3;5187.00;-23527526_0;5.10;0.00;0.04;5251.00;41899283#1_0;148.70;11.24;64.00;633.70;0.00;0;0.00;7.64;0;tripinfo_out_gj_to_as.3;car;1.06;
out_gj_to_ko.2;5151.00;-23527526_0;5.10;0.00;0.12;5255.00;972103805_0;116.86;10.09;104.00;971.70;0.00;0;0.00;9.60;0;tripinfo_out_gj_to_ko.2;car;0.94;
out_gj_to_ns.0;5016.00;-23527526_0;5.10;0.00;0.10;5259.00;23142338#2_0;290.21;7.93;243.00;2043.79;0.00;0;0.00;18.80;0;tripinfo_out_gj_to_ns.0;car;0.82;
out_gj_to_as.4;5193.00;-23527526_0;5.10;0.00;4.16;5266.00;41899283#1_0;148.70;9.61;73.00;633.70;0.00;0;0.00;7.93;0;tripinfo_out_gj_to_as.4;car;0.91;
out_ns_to_as.0;5057.00;-23142338#2_0;5.10;0.00;1.87;5268.00;41899283#1_0;148.70;10.52;211.00;2009.37;0.00;0;0.00;26.02;0;tripinfo_out_ns_to_as.0;car;0.99;
out_gj_to_ns.2;5040.00;-23527526_0;5.10;0.00;0.86;5281.00;23142338#2_0;290.21;8.85;241.00;2043.79;0.00;0;0.00;20.69;0;tripinfo_out_gj_to_ns.2;car;0.84;
out_gj_to_ns.3;5043.00;-23527526_0;5.10;0.00;0.32;5283.00;23142338#2_0;290.21;10.71;240.00;2043.79;0.00;0;0.00;51.88;0;tripinfo_out_gj_to_ns.3;car;0.98;
out_gj_to_ns.4;5051.00;-23527526_0;5.10;0.00;0.18;5285.00;23142338#2_0;290.21;11.30;234.00;2043.79;0.00;0;0.00;70.28;0;tripinfo_out_gj_to_ns.4;car;1.13;
out_gj_to_as.5;5233.00;-23527526_0;5.10;0.00;0.38;5301.00;41899283#1_0;148.70;10.55;68.00;633.70;0.00;0;0.00;10.24;0;tripinfo_out_gj_to_as.5;car;1.01;
out_gj_to_ns.5;5081.00;-23527526_0;5.10;0.00;0.82;5304.00;23142338#2_0;290.21;11.88;223.00;2043.79;30.00;1;0.00;58.71;0;tripinfo_out_gj_to_ns.5;car;1.13;
out_gj_to_ns.6;5091.00;-23527526_0;5.10;0.00;0.34;5306.00;23142338#2_0;290.21;12.40;215.00;2043.79;29.00;1;0.00;50.45;0;tripinfo_out_gj_to_ns.6;car;1.12;
out_gj_to_as.6;5236.00;-23527526_0;5.10;0.00;1.18;5311.00;41899283#1_0;148.70;9.30;75.00;633.70;0.00;0;0.00;8.51;0;tripinfo_out_gj_to_as.6;car;0.89;
out_gj_to_ns.7;5129.00;-23527526_0;5.10;0.00;1.89;5330.00;23142338#2_0;290.21;11.69;201.00;2043.79;3.00;1;0.00;30.39;0;tripinfo_out_gj_to_ns.7;car;1.08;
out_gj_to_ko.3;5220.00;-23527526_0;5.10;0.00;0.46;5340.00;972103805_0;116.86;8.67;120.00;971.70;0.00;0;0.00;13.27;0;tripinfo_out_gj_to_ko.3;car;0.83;
out_ns_to_as.1;5117.00;-23142338#2_0;5.10;0.00;0.73;5341.00;41899283#1_0;148.70;11.00;224.00;2009.37;13.00;2;0.00;57.63;0;tripinfo_out_ns_to_as.1;car;1.10;
out_ns_to_as.2;5122.00;-23142338#2_0;5.10;0.00;0.85;5347.00;41899283#1_0;148.70;10.94;225.00;2009.37;6.00;1;0.00;41.59;0;tripinfo_out_ns_to_as.2;car;1.00;
out_gj_to_ns.8;5135.00;-23527526_0;5.10;0.00;0.61;5359.00;23142338#2_0;290.21;9.75;224.00;2043.79;4.00;1;0.00;24.74;0;tripinfo_out_gj_to_ns.8;car;0.93;
out_gj_to_ns.9;5142.00;-23527526_0;5.10;0.00;0.54;5361.00;23142338#2_0;290.21;10.63;219.00;2043.79;3.00;1;0.00;36.58;0;tripinfo_out_gj_to_ns.9;car;1.02;
out_ns_to_as.3;5159.00;-23142338#2_0;5.10;0.00;0.71;5365.00;41899283#1_0;148.70;10.74;206.00;2009.37;1.00;1;0.00;23.78;0;tripinfo_out_ns_to_as.3;car;1.00;
out_ns_to_as.4;5178.00;-23142338#2_0;5.10;0.00;0.79;5369.00;41899283#1_0;148.70;10.82;191.00;2009.37;0.00;0;0.00;20.03;0;tripinfo_out_ns_to_as.4;car;1.07;
out_gj_to_ns.10;5164.00;-23527526_0;5.10;0.00;0.30;5401.00;23142338#2_0;290.21;8.44;237.00;2043.79;0.00;0;0.00;21.12;0;tripinfo_out_gj_to_ns.10;car;0.86;
out_gj_to_ns.11;5175.00;-23527526_0;5.10;0.00;0.30;5403.00;23142338#2_0;290.21;10.90;228.00;2043.79;0.00;0;0.00;46.30;0;tripinfo_out_gj_to_ns.11;car;1.02;
in_ns_to_gj.21;4769.00;-23142338#2_0;5.10;0.00;2.15;5408.00;23527526_0;253.75;10.51;639.00;2084.96;390.00;7;0.00;441.19;0;tripinfo_in_ns_to_gj.21;car;0.95;
in_ns_to_gj.22;5007.00;-23142338#2_0;5.10;0.00;0.77;5411.00;23527526_0;253.75;10.24;404.00;2084.96;172.00;1;0.00;209.99;0;tripinfo_in_ns_to_gj.22;car;0.97;
out_ns_to_as.5;5230.00;-23142338#2_0;5.10;0.00;0.69;5446.00;41899283#1_0;148.70;10.39;216.00;2009.37;8.00;2;0.00;32.82;0;tripinfo_out_ns_to_as.5;car;1.00;
out_ns_to_as.6;5238.00;-23142338#2_0;5.10;0.00;0.07;5449.00;41899283#1_0;148.70;10.70;211.00;2009.37;0.00;0;0.00;23.44;0;tripinfo_out_ns_to_as.6;car;0.97;
out_ns_to_as.7;5241.00;-23142338#2_0;5.10;0.00;1.95;5451.00;41899283#1_0;148.70;10.52;210.00;2009.37;0.00;0;0.00;28.96;0;tripinfo_out_ns_to_as.7;car;1.01;
out_gj_to_ns.12;5247.00;-23527526_0;5.10;0.00;0.64;5456.00;23142338#2_0;290.21;10.81;209.00;2043.79;1.00;1;0.00;20.89;0;tripinfo_out_gj_to_ns.12;car;0.98;
out_gj_to_ns.13;5254.00;-23527526_0;5.10;0.00;0.33;5459.00;23142338#2_0;290.21;10.57;205.00;2043.79;8.00;1;0.00;29.24;0;tripinfo_out_gj_to_ns.13;car;1.05;
out_gj_to_ko.4;5393.00;-23527526_0;5.10;0.00;0.90;5503.00;972103805_0;116.86;11.35;110.00;971.70;17.00;1;0.00;30.18;0;tripinfo_out_gj_to_ko.4;car;1.11;
out_gj_to_ko.5;5427.00;-23527526_0;5.10;0.00;0.98;5508.00;972103805_0;116.86;12.45;81.00;971.70;0.00;0;0.00;8.72;0;tripinfo_out_gj_to_ko.5;car;1.23;
out_ns_to_as.8;5285.00;-23142338#2_0;5.10;0.00;3.10;5509.00;41899283#1_0;148.70;8.97;224.00;2009.37;3.00;1;0.00;26.05;0;tripinfo_out_ns_to_as.8;car;0.92;
out_gj_to_ns.14;5277.00;-23527526_0;5.10;0.00;1.44;5513.00;23142338#2_0;290.21;9.14;236.00;2043.79;0.00;0;0.00;19.26;0;tripinfo_out_gj_to_ns.14;car;0.85;
out_gj_to_ns.15;5283.00;-23527526_0;5.10;0.00;0.68;5515.00;23142338#2_0;290.21;9.98;232.00;2043.79;0.00;0;0.00;32.52;0;tripinfo_out_gj_to_ns.15;car;0.93;
out_gj_to_ns.16;5294.00;-23527526_0;5.10;0.00;0.72;5517.00;23142338#2_0;290.21;10.17;223.00;2043.79;9.00;1;0.00;41.72;0;tripinfo_out_gj_to_ns.16;car;1.02;
out_gj_to_ns.17;5299.00;-23527526_0;5.10;0.00;0.79;5518.00;23142338#2_0;290.21;11.16;219.00;2043.79;6.00;1;0.00;38.85;0;tripinfo_out_gj_to_ns.17;car;1.02;
out_ns_to_as.9;5288.00;-23142338#2_0;5.10;0.00;4.20;5530.00;41899283#1_0;148.70;9.97;242.00;2009.37;10.00;1;0.00;39.09;0;tripinfo_out_ns_to_as.9;car;0.90;
out_ns_to_as.10;5291.00;-23142338#2_0;5.10;0.00;0.12;5532.00;41899283#1_0;148.70;12.94;241.00;2009.37;8.00;1;0.00;84.87;0;tripinfo_out_ns_to_as.10;car;1.18;
out_gj_to_ns.18;5313.00;-23527526_0;5.10;0.00;0.28;5564.00;23142338#2_0;290.21;8.75;251.00;2043.79;9.00;1;0.00;34.90;0;tripinfo_out_gj_to_ns.18;car;0.86;
out_ns_to_as.11;5351.00;-23142338#2_0;5.10;0.00;0.19;5568.00;41899283#1_0;148.70;10.96;217.00;2009.37;8.00;1;0.00;31.60;0;tripinfo_out_ns_to_as.11;car;0.99;
out_gj_to_ns.20;5333.00;-23527526_0;5.10;0.00;3.12;5579.00;23142338#2_0;290.21;10.28;246.00;2043.79;8.00;1;0.00;47.74;0;tripinfo_out_gj_to_ns.20;car;0.93;
out_ns_to_as.12;5374.00;-23142338#2_0;5.10;0.00;0.94;5586.00;41899283#1_0;148.70;10.11;212.00;2009.37;3.00;1;0.00;26.06;0;tripinfo_out_ns_to_as.12;car;0.98;
out_gj_to_ns.19;5325.00;-23527526_0;5.10;0.00;0.32;5593.00;23142338#2_0;290.21;7.84;268.00;2043.79;9.00;1;0.00;34.20;0;tripinfo_out_gj_to_ns.19;car;0.79;
out_gj_to_ns.21;5338.00;-23527526_0;5.10;0.00;0.92;5595.00;23142338#2_0;290.21;10.61;257.00;2043.79;8.00;1;0.00;81.59;0;tripinfo_out_gj_to_ns.21;car;1.05;
out_gj_to_ns.22;5343.00;-23527526_0;5.10;0.00;0.25;5597.00;23142338#2_0;290.21;9.39;254.00;2043.79;17.00;2;0.00;58.31;0;tripinfo_out_gj_to_ns.22;car;0.95;
out_gj_to_ns.23;5371.00;-23527526_0;5.10;0.00;0.13;5599.00;23142338#2_0;290.21;10.27;228.00;2043.79;0.00;0;0.00;31.94;0;tripinfo_out_gj_to_ns.23;car;0.94;
out_gj_to_ns.24;5379.00;-23527526_0;5.10;0.00;0.32;5605.00;23142338#2_0;290.21;10.35;226.00;2043.79;13.00;1;0.00;39.12;0;tripinfo_out_gj_to_ns.24;car;0.99;
out_gj_to_ns.25;5382.00;-23527526_0;5.10;0.00;0.43;5607.00;23142338#2_0;290.21;10.66;225.00;2043.79;13.00;1;0.00;48.53;0;tripinfo_out_gj_to_ns.25;car;1.05;
out_gj_to_ns.26;5396.00;-23527526_0;5.10;0.00;2.14;5609.00;23142338#2_0;290.21;10.83;213.00;2043.79;8.00;1;0.00;32.15;0;tripinfo_out_gj_to_ns.26;car;1.02;
out_gj_to_ns.27;5408.00;-23527526_0;5.10;0.00;1.56;5611.00;23142338#2_0;290.21;10.55;203.00;2043.79;0.00;0;0.00;21.96;0;tripinfo_out_gj_to_ns.27;car;1.02;
out_gj_to_ns.28;5413.00;-23527526_0;5.10;0.00;0.16;5633.00;23142338#2_0;290.21;10.71;220.00;2043.79;18.00;1;0.00;40.77;0;tripinfo_out_gj_to_ns.28;car;1.03;
out_gj_to_ns.29;5458.00;-23527526_0;5.10;0.00;0.42;5664.00;23142338#2_0;290.21;10.22;206.00;2043.79;5.00;1;0.00;24.45;0;tripinfo_out_gj_to_ns.29;car;1.02;
out_ns_to_as.13;5442.00;-23142338#2_0;5.10;0.00;0.02;5697.00;41899283#1_0;148.70;8.27;255.00;2009.37;13.00;2;0.00;40.64;0;tripinfo_out_ns_to_as.13;car;0.85;
out_ns_to_as.14;5467.00;-23142338#2_0;5.10;0.00;0.45;5699.00;41899283#1_0;148.70;10.85;232.00;2009.37;3.00;1;0.00;51.97;0;tripinfo_out_ns_to_as.14;car;1.02;
out_gj_to_ns.30;5494.00;-23527526_0;5.10;0.00;2.09;5728.00;23142338#2_0;290.21;9.90;234.00;2043.79;15.00;2;0.00;37.45;0;tripinfo_out_gj_to_ns.30;car;0.94;
out_gj_to_ns.31;5540.00;-23527526_0;5.10;0.00;3.47;5729.00;23142338#2_0;290.21;11.99;189.00;2043.79;0.00;0;0.00;23.57;0;tripinfo_out_gj_to_ns.31;car;1.12;
out_ns_to_as.15;5506.00;-23142338#2_0;5.10;0.00;0.76;5730.00;41899283#1_0;148.70;9.92;224.00;2009.37;9.00;2;0.00;38.36;0;tripinfo_out_ns_to_as.15;car;0.99;
out_ns_to_as.16;5510.00;-23142338#2_0;5.10;0.00;0.69;5746.00;41899283#1_0;148.70;10.16;236.00;2009.37;17.00;3;0.00;51.20;0;tripinfo_out_ns_to_as.16;car;0.99;
out_gj_to_ns.32;5543.00;-23527526_0;5.10;0.00;5.56;5755.00;23142338#2_0;290.21;13.13;212.00;2043.79;32.00;2;0.00;64.43;0;tripinfo_out_gj_to_ns.32;car;1.26;
out_ns_to_as.17;5525.00;-23142338#2_0;5.10;0.00;0.72;5774.00;41899283#1_0;148.70;8.09;249.00;2009.37;7.00;1;0.00;31.82;0;tripinfo_out_ns_to_as.17;car;0.84;
out_gj_to_ns.33;5546.00;-23527526_0;5.10;0.00;6.69;5779.00;23142338#2_0;290.21;9.43;233.00;2043.79;0.00;0;0.00;17.35;0;tripinfo_out_gj_to_ns.33;car;0.86;
out_gj_to_ns.34;5552.00;-23527526_0;5.10;0.00;5.57;5781.00;23142338#2_0;290.21;10.36;229.00;2043.79;8.00;1;0.00;34.64;0;tripinfo_out_gj_to_ns.34;car;0.95;
out_gj_to_ns.36;5576.00;-23527526_0;5.10;0.00;0.00;5783.00;23142338#2_0;290.21;11.96;207.00;2043.79;2.00;1;0.00;39.79;0;tripinfo_out_gj_to_ns.36;car;1.11;
out_ns_to_as.19;5562.00;-23142338#2_0;5.10;0.00;2.17;5784.00;41899283#1_0;148.70;10.70;222.00;2009.37;3.00;1;0.00;49.79;0;tripinfo_out_ns_to_as.19;car;1.06;
out_gj_to_ns.35;5561.00;-23527526_0;5.10;0.00;0.78;5784.00;23142338#2_0;290.21;11.56;223.00;2043.79;7.00;1;0.00;53.88;0;tripinfo_out_gj_to_ns.35;car;1.09;
out_ns_to_as.18;5544.00;-23142338#2_0;5.10;0.00;0.39;5796.00;41899283#1_0;148.70;8.37;252.00;2009.37;0.00;0;0.00;26.77;0;tripinfo_out_ns_to_as.18;car;0.81;
out_gj_to_ns.37;5596.00;-23527526_0;5.10;0.00;0.02;5822.00;23142338#2_0;290.21;11.54;226.00;2043.79;29.00;2;0.00;49.53;0;tripinfo_out_gj_to_ns.37;car;1.05;
out_ns_to_as.20;5633.00;-23142338#2_0;5.10;0.00;0.80;5846.00;41899283#1_0;148.70;10.06;213.00;2009.37;6.00;1;0.00;28.78;0;tripinfo_out_ns_to_as.20;car;0.99;
out_ns_to_as.21;5671.00;-23142338#2_0;5.10;0.00;0.78;5862.00;41899283#1_0;148.70;11.92;191.00;2009.37;0.00;0;0.00;23.11;0;tripinfo_out_ns_to_as.21;car;1.09;
out_ns_to_as.22;5685.00;-23142338#2_0;5.10;0.00;0.08;5933.00;41899283#1_0;148.70;9.29;248.00;2009.37;6.00;1;0.00;32.40;0;tripinfo_out_ns_to_as.22;car;0.85;
out_ns_to_as.23;5694.00;-23142338#2_0;5.10;0.00;0.74;5935.00;41899283#1_0;148.70;10.92;241.00;2009.37;5.00;1;0.00;68.60;0;tripinfo_out_ns_to_as.23;car;1.06;
out_ns_to_as.24;5714.00;-23142338#2_0;5.10;0.00;0.93;5972.00;41899283#1_0;148.70;9.08;258.00;2009.37;19.00;3;0.00;48.84;0;tripinfo_out_ns_to_as.24;car;0.88;
out_ns_to_as.25;5721.00;-23142338#2_0;5.10;0.00;0.60;5974.00;41899283#1_0;148.70;11.45;253.00;2009.37;12.00;2;0.00;92.42;0;tripinfo_out_ns_to_as.25;car;1.14;
out_ns_to_as.26;5748.00;-23142338#2_0;5.10;0.00;0.02;5975.00;41899283#1_0;148.70;11.09;227.00;2009.37;12.00;3;0.00;59.25;0;tripinfo_out_ns_to_as.26;car;1.09;
out_ns_to_as.27;5881.00;-23142338#2_0;5.10;0.00;0.30;6089.00;41899283#1_0;148.70;9.97;208.00;2009.37;5.00;1;0.00;26.28;0;tripinfo_out_ns_to_as.27;car;1.01;
out_ns_to_as.28;5920.00;-23142338#2_0;5.10;0.00;0.19;6125.00;41899283#1_0;148.70;10.18;205.00;2009.37;3.00;1;0.00;24.22;0;tripinfo_out_ns_to_as.28;car;1.01;
out_ns_to_as.29;5984.00;-23142338#2_0;5.10;0.00;0.30;6181.00;41899283#1_0;148.70;11.08;197.00;2009.37;7.00;1;0.00;30.19;0;tripinfo_out_ns_to_as.29;car;1.10;
out_ns_to_as.30;6084.00;-23142338#2_0;5.10;0.00;0.53;6478.00;41899283#1_0;148.70;10.06;394.00;2009.37;176.00;1;0.00;198.61;0;tripinfo_out_ns_to_as.30;car;0.94;
out_ns_to_as.31;6225.00;-23142338#2_0;5.10;0.00;0.18;6481.00;41899283#1_0;148.70;10.35;256.00;2009.37;39.00;1;0.00;62.71;0;tripinfo_out_ns_to_as.31;car;0.95;
out_ns_to_as.32;6264.00;-23142338#2_0;5.10;0.00;0.17;6483.00;41899283#1_0;148.70;11.12;219.00;2009.37;10.00;1;0.00;37.08;0;tripinfo_out_ns_to_as.32;car;1.01;
out_ns_to_as.33;6274.00;-23142338#2_0;5.10;0.00;0.74;6648.00;41899283#1_0;148.70;10.53;374.00;2009.37;170.00;2;0.00;197.83;0;tripinfo_out_ns_to_as.33;car;1.04;
out_ns_to_as.34;6292.00;-23142338#2_0;5.10;0.00;1.09;6652.00;41899283#1_0;148.70;10.12;360.00;2009.37;155.00;1;0.00;179.03;0;tripinfo_out_ns_to_as.34;car;1.01;
out_ns_to_as.35;6327.00;-23142338#2_0;5.10;0.00;0.77;6660.00;41899283#1_0;148.70;9.97;333.00;2009.37;105.00;1;0.00;131.26;0;tripinfo_out_ns_to_as.35;car;0.91;
out_ns_to_as.36;6352.00;-23142338#2_0;5.10;0.00;0.73;6781.00;41899283#1_0;148.70;11.10;429.00;2009.37;218.00;2;0.00;245.97;0;tripinfo_out_ns_to_as.36;car;1.00;
out_ns_to_as.37;6355.00;-23142338#2_0;5.10;0.00;2.87;6784.00;41899283#1_0;148.70;10.12;429.00;2009.37;208.00;3;0.00;243.59;0;tripinfo_out_ns_to_as.37;car;0.99;
out_ns_to_as.38;6412.00;-23142338#2_0;5.10;0.00;0.38;6794.00;41899283#1_0;148.70;9.05;382.00;2009.37;134.00;2;0.00;168.29;0;tripinfo_out_ns_to_as.38;car;0.86;
