tripinfo_arrival;tripinfo_arrivalLane;tripinfo_arrivalPos;tripinfo_arrivalSpeed;tripinfo_depart;tripinfo_departDelay;tripinfo_departLane;tripinfo_departPos;tripinfo_departSpeed;tripinfo_devices;tripinfo_duration;tripinfo_id;tripinfo_rerouteNo;tripinfo_routeLength;tripinfo_speedFactor;tripinfo_stopTime;tripinfo_timeLoss;tripinfo_vType;tripinfo_vaporized;tripinfo_waitingCount;tripinfo_waitingTime
109.00;28706217_0;94.10;6.68;22.00;3.61;-45494495_0;5.10;0.00;tripinfo_wu_os_to_sl.0;87.00;wu_os_to_sl.0;0;484.95;0.88;0.00;31.72;car;;1;22.00
111.00;45494495_0;58.90;10.04;10.00;2.62;803785575#0_0;5.10;0.00;tripinfo_wu_od_to_os.0;101.00;wu_od_to_os.0;0;969.96;0.95;0.00;8.43;car;;0;0.00
112.00;23156030#6_0;109.07;9.37;10.00;0.26;-45494495_0;5.10;0.00;tripinfo_wu_os_to_od.0;102.00;wu_os_to_od.0;0;865.51;0.85;0.00;10.56;car;;0;0.00
142.00;28716808#1_0;754.74;10.07;10.00;1.45;23687583_0;5.10;0.00;tripinfo_wu_as_to_kl.0;132.00;wu_as_to_kl.0;0;1207.92;0.97;0.00;18.46;car;;0;0.00
146.00;41899283#1_0;148.70;11.23;9.00;0.19;-230845886_0;5.10;0.00;tripinfo_wu_ba_to_as.0;137.00;wu_ba_to_as.0;0;1430.78;1.09;0.00;17.99;car;;1;3.00
153.00;972103805_0;116.86;11.16;44.00;2.41;23687583_0;5.10;0.00;tripinfo_wu_as_to_ko.0;109.00;wu_as_to_ko.0;0;1102.39;1.01;0.00;10.04;car;;0;0.00
156.00;45494495_0;58.90;10.56;58.00;0.15;803785575#0_0;5.10;0.00;tripinfo_wu_od_to_os.2;98.00;wu_od_to_os.2;0;969.96;1.05;0.00;14.71;car;;0;0.00
159.00;23156030#6_0;109.07;8.90;56.00;0.35;-45494495_0;5.10;0.00;tripinfo_wu_os_to_od.1;103.00;wu_os_to_od.1;0;865.51;0.84;0.00;8.92;car;;0;0.00
161.00;45494495_0;58.90;8.83;46.00;4.45;803785575#0_0;5.10;0.00;tripinfo_wu_od_to_os.1;115.00;wu_od_to_os.1;0;969.96;0.87;0.00;14.35;car;;1;1.00
163.00;230845886_0;633.12;10.31;13.00;0.07;23687583_0;5.10;0.00;tripinfo_wu_as_to_ba.0;150.00;wu_as_to_ba.0;0;1356.50;0.94;0.00;20.06;car;;0;0.00
167.00;972103805_0;116.86;9.83;14.00;0.95;-23142338#2_0;5.10;0.00;tripinfo_wu_ns_to_ko.0;153.00;wu_ns_to_ko.0;0;1398.55;0.91;0.00;13.40;car;;0;0.00
174.00;230845886_0;633.12;10.51;27.00;0.49;23687583_0;5.10;0.00;tripinfo_wu_as_to_ba.1;147.00;wu_as_to_ba.1;0;1356.50;0.97;0.00;20.61;car;;1;6.00
187.00;41899283#1_0;148.70;11.83;19.00;0.87;-45494495_0;5.10;0.00;tripinfo_wu_os_to_as.0;168.00;wu_os_to_as.0;0;1746.47;1.10;0.00;24.56;car;;1;6.00
197.00;45494495_0;58.90;11.68;111.00;2.48;803785575#0_0;5.10;0.00;tripinfo_wu_od_to_os.4;86.00;wu_od_to_os.4;0;969.96;1.12;0.00;8.10;car;;0;0.00
211.00;41899283#1_0;148.70;10.22;25.00;5.40;-45494495_0;5.10;0.00;tripinfo_wu_os_to_as.1;186.00;wu_os_to_as.1;0;1746.47;0.98;0.00;24.42;car;;1;5.00
212.00;23527526_0;253.75;9.80;12.00;0.88;-230845886_0;5.10;0.00;tripinfo_wu_ba_to_gj.0;200.00;wu_ba_to_gj.0;0;1755.68;0.89;0.00;21.01;car;;1;1.00
214.00;45494495_0;58.90;8.56;104.00;2.33;803785575#0_0;5.10;0.00;tripinfo_wu_od_to_os.3;110.00;wu_od_to_os.3;0;969.96;0.88;0.00;9.68;car;;0;0.00
215.00;45494495_0;58.90;10.14;41.00;1.57;23687583_0;5.10;0.00;tripinfo_wu_as_to_os.1;174.00;wu_as_to_os.1;0;1689.77;1.14;0.00;40.09;car;;0;0.00
216.00;230845886_0;633.12;10.32;80.00;0.16;23687583_0;5.10;0.00;tripinfo_wu_as_to_ba.2;136.00;wu_as_to_ba.2;0;1356.50;0.97;0.00;10.13;car;;0;0.00
220.00;45494495_0;58.90;8.15;3.00;0.17;23687583_0;5.10;0.00;tripinfo_wu_as_to_os.0;217.00;wu_as_to_os.0;0;1689.77;0.78;0.00;22.74;car;;0;0.00
223.00;972103805_0;116.86;9.98;66.00;0.28;-23142338#2_0;5.10;0.00;tripinfo_wu_ns_to_ko.1;157.00;wu_ns_to_ko.1;0;1398.55;0.96;0.00;25.93;car;;2;6.00
229.00;23142338#2_0;290.21;9.57;7.00;0.86;23687583_0;5.10;0.00;tripinfo_wu_as_to_ns.0;222.00;wu_as_to_ns.0;0;1995.73;0.93;0.00;26.36;car;;1;5.00
233.00;230845886_0;633.12;10.51;1.00;0.21;803785575#0_0;5.10;0.00;tripinfo_wu_od_to_ba.0;232.00;wu_od_to_ba.0;0;2382.14;1.01;0.00;17.26;car;;0;0.00
234.00;972103805_0;116.86;11.59;131.00;0.89;23687583_0;5.10;0.00;tripinfo_wu_as_to_ko.1;103.00;wu_as_to_ko.1;0;1102.39;1.06;0.00;9.30;car;;0;0.00
239.00;23527526_0;253.75;10.53;5.00;2.64;-23142338#2_0;5.10;0.00;tripinfo_wu_ns_to_gj.0;234.00;wu_ns_to_gj.0;0;2084.96;0.99;0.00;43.68;car;;3;17.00
242.00;23142338#2_0;290.21;10.24;38.00;0.89;23687583_0;5.10;0.00;tripinfo_wu_as_to_ns.1;204.00;wu_as_to_ns.1;0;1995.73;0.98;0.00;18.52;car;;0;0.00
254.00;230845886_0;633.12;10.15;14.00;0.44;803785575#0_0;5.10;0.00;tripinfo_wu_od_to_ba.1;240.00;wu_od_to_ba.1;0;2382.14;0.97;0.00;18.04;car;;0;0.00
254.00;972103805_0;116.86;10.86;32.00;0.31;-230845886_0;5.10;0.00;tripinfo_wu_ba_to_ko.0;222.00;wu_ba_to_ko.0;0;2114.29;0.99;0.00;28.44;car;;1;4.00
256.00;28716808#1_0;754.74;10.95;7.00;3.16;803785575#0_0;5.10;0.00;tripinfo_wu_od_to_kl.0;249.00;wu_od_to_kl.0;0;2678.40;1.08;0.00;23.80;car;;0;0.00
256.00;23527526_0;253.75;10.54;53.00;2.40;-23142338#2_0;5.10;0.00;tripinfo_wu_ns_to_gj.1;203.00;wu_ns_to_gj.1;0;2084.96;1.03;0.00;19.67;car;;0;0.00
257.00;23527526_0;253.75;11.89;73.00;0.40;-45494495_0;5.10;0.00;tripinfo_wu_os_to_gj.0;184.00;wu_os_to_gj.0;0;2071.37;1.11;0.00;15.78;car;;0;0.00
259.00;23142338#2_0;290.21;10.27;28.00;0.52;803785575#0_0;5.10;0.00;tripinfo_wu_od_to_ns.0;231.00;wu_od_to_ns.0;0;1928.29;0.95;0.00;34.49;car;;1;8.00
262.00;23142338#2_0;290.21;9.81;53.00;0.64;-45494495_0;5.10;0.00;tripinfo_wu_os_to_ns.0;209.00;wu_os_to_ns.0;0;1665.91;0.98;0.00;42.55;car;;2;11.00
263.00;23527526_0;253.75;11.76;197.00;7.66;23687583_0;5.10;0.00;tripinfo_wu_as_to_gj.0;66.00;wu_as_to_gj.0;0;649.06;1.09;0.00;11.44;car;;0;0.00
265.00;23156305_0;1264.14;11.20;111.00;0.90;23687583_0;5.10;0.00;tripinfo_wu_as_to_gg.0;154.00;wu_as_to_gg.0;0;1600.87;1.02;0.00;11.78;car;;0;0.00
265.00;23527526_0;253.75;11.80;201.00;9.76;23687583_0;5.10;0.00;tripinfo_wu_as_to_gj.1;64.00;wu_as_to_gj.1;0;649.06;1.11;0.00;10.28;car;;0;0.00
266.00;972103805_0;116.86;9.18;95.00;0.16;-23142338#2_0;5.10;0.00;tripinfo_wu_ns_to_ko.2;171.00;wu_ns_to_ko.2;0;1398.55;0.84;0.00;20.83;car;;1;3.00
272.00;972103805_0;116.86;11.61;171.00;0.44;23687583_0;5.10;0.00;tripinfo_wu_as_to_ko.2;101.00;wu_as_to_ko.2;0;1102.39;1.10;0.00;9.97;car;;0;0.00
273.00;45494495_0;58.90;8.74;89.00;0.40;-230845886_0;5.10;0.00;tripinfo_wu_ba_to_os.0;184.00;wu_ba_to_os.0;0;1647.96;0.88;0.00;15.16;car;;0;0.00
274.00;23156390_0;1121.44;10.94;28.00;2.33;-45494495_0;5.10;0.00;tripinfo_wu_os_to_br.0;246.00;wu_os_to_br.0;0;2513.69;1.09;0.00;36.42;car;;1;4.00
275.00;45494495_0;58.90;9.08;89.00;0.55;23687583_0;5.10;0.00;tripinfo_wu_as_to_os.2;186.00;wu_as_to_os.2;0;1689.77;0.93;0.00;22.04;car;;1;2.00
277.00;41899283#1_0;148.70;9.21;116.00;0.33;-230845886_0;5.10;0.00;tripinfo_wu_ba_to_as.1;161.00;wu_ba_to_as.1;0;1430.78;0.93;0.00;20.88;car;;1;1.00
279.00;28706217_0;94.10;8.16;202.00;0.33;803785575#0_0;5.10;0.00;tripinfo_wu_od_to_sl.0;77.00;wu_od_to_sl.0;0;747.33;1.05;0.00;7.69;car;;0;0.00
283.00;972103805_0;116.86;11.63;146.00;0.60;-23142338#2_0;5.10;0.00;tripinfo_wu_ns_to_ko.3;137.00;wu_ns_to_ko.3;0;1398.55;1.05;0.00;16.01;car;;1;1.00
283.00;230845886_0;633.12;11.40;153.00;2.60;23687583_0;5.10;0.00;tripinfo_wu_as_to_ba.3;130.00;wu_as_to_ba.3;0;1356.50;1.14;0.00;22.40;car;;1;6.00
285.00;972103805_0;116.86;11.45;4.00;2.17;803785575#0_0;5.10;0.00;tripinfo_wu_od_to_ko.0;281.00;wu_od_to_ko.0;0;2307.67;1.11;0.00;81.62;car;;1;57.00
287.00;972103805_0;116.86;12.49;40.00;0.97;803785575#0_0;5.10;0.00;tripinfo_wu_od_to_ko.1;247.00;wu_od_to_ko.1;0;2307.67;1.13;0.00;52.01;car;;1;6.00
290.00;45494495_0;58.90;10.03;190.00;1.87;803785575#0_0;5.10;0.00;tripinfo_wu_od_to_os.5;100.00;wu_od_to_os.5;0;969.96;0.96;0.00;8.99;car;;0;0.00
293.00;28706217_0;94.10;7.16;40.00;2.88;-230845886_0;5.10;0.00;tripinfo_wu_ba_to_sl.0;253.00;wu_ba_to_sl.0;0;1934.94;0.93;0.00;58.83;car;;2;22.00
295.00;28706217_0;94.10;7.20;53.00;0.53;23687583_0;5.10;0.00;tripinfo_wu_as_to_sl.0;242.00;wu_as_to_sl.0;0;1976.75;0.98;0.00;55.01;car;;2;19.00
296.00;23156030#6_1;109.07;10.52;56.00;2.77;23687583_0;5.10;0.00;tripinfo_wu_as_to_od.0;240.00;wu_as_to_od.0;0;2357.31;0.99;0.00;24.99;car;;0;0.00
297.00;23156030#6_0;109.07;10.26;37.00;0.14;-230845886_0;5.10;0.00;tripinfo_wu_ba_to_od.0;260.00;wu_ba_to_od.0;0;2315.50;0.94;0.00;36.88;car;;1;5.00
298.00;28716808#1_0;754.74;10.76;182.00;0.40;23687583_0;5.10;0.00;tripinfo_wu_as_to_kl.1;116.00;wu_as_to_kl.1;0;1207.92;1.04;0.00;9.71;car;;0;0.00
301.00;23527526_0;253.75;11.29;23.00;0.29;803785575#0_0;5.10;0.00;tripinfo_wu_od_to_gj.0;278.00;wu_od_to_gj.0;0;2706.99;1.02;0.00;37.45;car;;1;8.00
302.00;28716808#1_0;754.74;10.58;17.00;0.28;803785575#0_0;5.10;0.00;tripinfo_wu_od_to_kl.1;285.00;wu_od_to_kl.1;0;2678.40;1.02;0.00;48.20;car;;2;11.00
307.00;230845886_0;633.12;8.85;43.00;2.76;803785575#0_0;5.10;0.00;tripinfo_wu_od_to_ba.2;264.00;wu_od_to_ba.2;0;2382.14;0.89;0.00;21.17;car;;0;0.00
310.00;972103805_0;116.86;10.25;174.00;2.82;23687583_0;5.10;0.00;tripinfo_wu_as_to_ko.3;136.00;wu_as_to_ko.3;0;1102.39;0.98;0.00;34.55;car;;1;15.00
312.00;972103805_0;116.86;12.48;189.00;0.82;23687583_0;5.10;0.00;tripinfo_wu_as_to_ko.4;123.00;wu_as_to_ko.4;0;1102.39;1.15;0.00;35.88;car;;1;15.00
313.00;28706217_0;94.10;8.22;99.00;0.74;-230845886_0;5.10;0.00;tripinfo_wu_ba_to_sl.1;214.00;wu_ba_to_sl.1;0;1934.94;0.99;0.00;32.68;car;;1;1.00
314.00;972103805_0;116.86;12.96;204.00;3.02;23687583_0;5.10;0.00;tripinfo_wu_as_to_ko.5;110.00;wu_as_to_ko.5;0;1102.39;1.17;0.00;24.48;car;;1;4.00
316.00;23142338#2_0;290.21;10.17;108.00;0.47;23687583_0;5.10;0.00;tripinfo_wu_as_to_ns.2;208.00;wu_as_to_ns.2;0;1995.73;1.03;0.00;32.06;car;;2;8.00
319.00;23156390_0;1121.44;12.19;20.00;1.32;803785575#0_0;5.10;0.00;tripinfo_wu_od_to_br.0;299.00;wu_od_to_br.0;0;3149.31;1.10;0.00;40.14;car;;0;0.00
321.00;23142338#2_0;290.21;11.43;64.00;0.42;803785575#0_0;5.10;0.00;tripinfo_wu_od_to_ns.1;257.00;wu_od_to_ns.1;0;1928.29;1.07;0.00;82.22;car;;1;57.00
322.00;45494495_0;58.90;11.26;140.00;0.82;-230845886_0;5.10;0.00;tripinfo_wu_ba_to_os.1;182.00;wu_ba_to_os.1;0;1647.96;1.06;0.00;40.96;car;;0;0.00
327.00;23527526_0;253.75;12.81;154.00;0.81;-230845886_0;5.10;0.00;tripinfo_wu_ba_to_gj.1;173.00;wu_ba_to_gj.1;0;1755.68;1.26;0.00;45.10;car;;1;3.00
328.00;972103805_0;116.86;11.59;230.00;5.93;23687583_0;5.10;0.00;tripinfo_wu_as_to_ko.6;98.00;wu_as_to_ko.6;0;1102.39;1.15;0.00;11.20;car;;0;0.00
329.00;41899283#1_0;148.70;11.27;174.00;3.95;-230845886_0;5.10;0.00;tripinfo_wu_ba_to_as.2;155.00;wu_ba_to_as.2;0;1430.78;1.04;0.00;29.82;car;;1;10.00
331.00;230845886_0;633.12;10.66;152.00;0.82;-45494495_0;5.10;0.00;tripinfo_wu_os_to_ba.0;179.00;wu_os_to_ba.0;0;1746.52;0.97;0.00;15.45;car;;0;0.00
332.00;23527526_0;253.75;12.88;169.00;0.62;-230845886_0;5.10;0.00;tripinfo_wu_ba_to_gj.2;163.00;wu_ba_to_gj.2;0;1755.68;1.22;0.00;32.16;car;;1;4.00
335.00;972103805_0;116.86;10.86;107.00;0.17;-230845886_0;5.10;0.00;tripinfo_wu_ba_to_ko.1;228.00;wu_ba_to_ko.1;0;2114.29;1.00;0.00;34.31;car;;1;6.00
342.00;23156305_0;1264.14;9.00;43.00;3.70;-230845886_0;5.10;0.00;tripinfo_wu_ba_to_gg.0;299.00;wu_ba_to_gg.0;0;2718.65;0.90;0.00;25.02;car;;0;0.00
344.00;23156305_0;1264.14;10.94;2.00;0.85;-23142338#2_0;5.10;0.00;tripinfo_wu_ns_to_gg.0;342.00;wu_ns_to_gg.0;0;3297.24;1.00;0.00;40.45;car;;0;0.00
350.00;23527526_0;253.75;10.21;266.00;0.72;23687583_0;5.10;0.00;tripinfo_wu_as_to_gj.2;84.00;wu_as_to_gj.2;0;649.06;0.94;0.00;20.36;car;;1;8.00
354.00;45494495_0;58.90;11.57;199.00;0.69;-230845886_0;5.10;0.00;tripinfo_wu_ba_to_os.2;155.00;wu_ba_to_os.2;0;1647.96;1.06;0.00;14.24;car;;0;0.00
357.00;41899283#1_0;148.70;8.46;82.00;0.37;803785575#0_0;5.10;0.00;tripinfo_wu_od_to_as.0;275.00;wu_od_to_as.0;0;2382.09;0.86;0.00;23.57;car;;0;0.00
357.00;23527526_0;253.75;8.39;277.00;1.39;23687583_0;5.10;0.00;tripinfo_wu_as_to_gj.3;80.00;wu_as_to_gj.3;0;649.06;0.85;0.00;9.71;car;;0;0.00
359.00;45494495_0;58.90;10.55;192.00;3.79;23687583_0;5.10;0.00;tripinfo_wu_as_to_os.3;167.00;wu_as_to_os.3;0;1689.77;1.05;0.00;21.11;car;;1;5.00
361.00;23142338#2_0;290.21;10.12;122.00;0.22;803785575#0_0;5.10;0.00;tripinfo_wu_od_to_ns.2;239.00;wu_od_to_ns.2;0;1928.29;1.00;0.00;53.93;car;;1;9.00
361.00;23527526_0;253.75;11.16;183.00;3.01;-230845886_0;5.10;0.00;tripinfo_wu_ba_to_gj.3;178.00;wu_ba_to_gj.3;0;1755.68;1.03;0.00;23.50;car;;1;5.00
362.00;45494495_0;58.90;10.32;195.00;5.80;23687583_0;5.10;0.00;tripinfo_wu_as_to_os.4;167.00;wu_as_to_os.4;0;1689.77;1.04;0.00;19.62;car;;1;2.00
367.00;972103805_0;116.86;8.65;197.00;0.12;-23142338#2_0;5.10;0.00;tripinfo_wu_ns_to_ko.4;170.00;wu_ns_to_ko.4;0;1398.55;0.87;0.00;24.81;car;;1;8.00
368.00;972103805_0;116.86;10.98;201.00;0.12;-23142338#2_0;5.10;0.00;tripinfo_wu_ns_to_ko.5;167.00;wu_ns_to_ko.5;0;1398.55;1.01;0.00;42.14;car;;1;6.00
370.00;972103805_0;116.86;11.83;210.00;0.23;-23142338#2_0;5.10;0.00;tripinfo_wu_ns_to_ko.6;160.00;wu_ns_to_ko.6;0;1398.55;1.10;0.00;45.39;car;;1;5.00
372.00;23156030#6_0;109.07;9.51;119.00;2.43;-230845886_0;5.10;0.00;tripinfo_wu_ba_to_od.1;253.00;wu_ba_to_od.1;0;2315.50;0.90;0.00;20.02;car;;0;0.00
373.00;972103805_0;116.86;9.24;213.00;1.95;-23142338#2_0;5.10;0.00;tripinfo_wu_ns_to_ko.7;160.00;wu_ns_to_ko.7;0;1398.55;0.94;0.00;24.93;car;;1;5.00
375.00;972103805_0;116.86;10.47;126.00;0.54;-45494495_0;5.10;0.00;tripinfo_wu_os_to_ko.0;249.00;wu_os_to_ko.0;0;2045.29;0.98;0.00;49.17;car;;3;11.00
375.00;23527526_0;253.75;11.79;211.00;0.24;-230845886_0;5.10;0.00;tripinfo_wu_ba_to_gj.4;164.00;wu_ba_to_gj.4;0;1755.68;1.17;0.00;27.73;car;;0;0.00
375.00;230845886_0;633.12;9.89;224.00;0.68;23687583_0;5.10;0.00;tripinfo_wu_as_to_ba.4;151.00;wu_as_to_ba.4;0;1356.50;0.97;0.00;24.14;car;;1;8.00
376.00;972103805_0;116.86;12.34;108.00;0.21;803785575#0_0;5.10;0.00;tripinfo_wu_od_to_ko.2;268.00;wu_od_to_ko.2;0;2307.67;1.13;0.00;73.21;car;;2;7.00
381.00;972103805_0;116.86;9.67;233.00;1.99;23687583_0;5.10;0.00;tripinfo_wu_as_to_ko.7;148.00;wu_as_to_ko.7;0;1102.39;0.96;0.00;43.41;car;;2;23.00
382.00;23142338#2_0;290.21;10.47;163.00;0.94;-45494495_0;5.10;0.00;tripinfo_wu_os_to_ns.1;219.00;wu_os_to_ns.1;0;1665.91;0.98;0.00;53.99;car;;2;13.00
382.00;23156305_0;1264.14;9.96;214.00;5.96;23687583_0;5.10;0.00;tripinfo_wu_as_to_gg.1;168.00;wu_as_to_gg.1;0;1600.87;0.94;0.00;12.84;car;;0;0.00
382.00;972103805_0;116.86;10.77;248.00;3.46;23687583_0;5.10;0.00;tripinfo_wu_as_to_ko.8;134.00;wu_as_to_ko.8;0;1102.39;1.03;0.00;37.46;car;;1;17.00
383.00;23156305_0;1264.14;12.38;102.00;0.57;-230845886_0;5.10;0.00;tripinfo_wu_ba_to_gg.1;281.00;wu_ba_to_gg.1;0;2718.65;1.13;0.00;62.35;car;;1;4.00
385.00;28706217_0;94.10;8.48;150.00;0.37;23687583_0;5.10;0.00;tripinfo_wu_as_to_sl.1;235.00;wu_as_to_sl.1;0;1976.75;1.07;0.00;62.67;car;;2;29.00
385.00;972103805_0;116.86;11.15;157.00;1.41;-230845886_0;5.10;0.00;tripinfo_wu_ba_to_ko.2;228.00;wu_ba_to_ko.2;0;2114.29;1.10;0.00;52.74;car;;3;6.00
385.00;23156030#6_0;109.07;10.10;298.00;0.51;-45494495_0;5.10;0.00;tripinfo_wu_os_to_od.2;87.00;wu_os_to_od.2;0;865.51;0.98;0.00;6.63;car;;0;0.00
387.00;28706217_0;94.10;8.72;157.00;0.67;23687583_0;5.10;0.00;tripinfo_wu_as_to_sl.2;230.00;wu_as_to_sl.2;0;1976.75;1.12;0.00;65.22;car;;2;22.00
388.00;972103805_0;116.86;9.95;227.00;0.33;-23142338#2_0;5.10;0.00;tripinfo_wu_ns_to_ko.8;161.00;wu_ns_to_ko.8;0;1398.55;0.99;0.00;33.83;car;;2;10.00
391.00;41899283#1_0;148.70;10.33;241.00;0.24;-230845886_0;5.10;0.00;tripinfo_wu_ba_to_as.3;150.00;wu_ba_to_as.3;0;1430.78;1.01;0.00;21.08;car;;0;0.00
392.00;23156305_0;1264.14;10.25;50.00;0.87;-23142338#2_0;5.10;0.00;tripinfo_wu_ns_to_gg.1;342.00;wu_ns_to_gg.1;0;3297.24;0.98;0.00;35.91;car;;0;0.00
394.00;23156305_0;1264.14;11.75;49.00;1.99;803785575#0_0;5.10;0.00;tripinfo_wu_od_to_gg.0;345.00;wu_od_to_gg.0;0;3669.96;1.15;0.00;55.24;car;;3;6.00
397.00;230845886_0;633.12;9.07;143.00;0.05;803785575#0_0;5.10;0.00;tripinfo_wu_od_to_ba.3;254.00;wu_od_to_ba.3;0;2382.14;0.92;0.00;19.36;car;;0;0.00
397.00;23142338#2_0;290.21;11.58;156.00;0.35;803785575#0_0;5.10;0.00;tripinfo_wu_od_to_ns.3;241.00;wu_od_to_ns.3;0;1928.29;1.08;0.00;68.55;car;;2;15.00
402.00;23156030#6_0;109.07;9.08;137.00;0.34;-230845886_0;5.10;0.00;tripinfo_wu_ba_to_od.2;265.00;wu_ba_to_od.2;0;2315.50;0.86;0.00;22.11;car;;0;0.00
403.00;972103805_0;116.86;9.95;281.00;0.47;23687583_0;5.10;0.00;tripinfo_wu_as_to_ko.9;122.00;wu_as_to_ko.9;0;1102.39;0.92;0.00;14.44;car;;0;0.00
408.00;230845886_0;633.12;10.02;170.00;0.53;803785575#0_0;5.10;0.00;tripinfo_wu_od_to_ba.4;238.00;wu_od_to_ba.4;0;2382.14;0.99;0.00;21.11;car;;0;0.00
408.00;41899283#1_0;148.70;11.88;217.00;0.89;-45494495_0;5.10;0.00;tripinfo_wu_os_to_as.2;191.00;wu_os_to_as.2;0;1746.47;1.08;0.00;44.14;car;;2;11.00
408.00;45494495_0;58.90;10.33;311.00;5.21;803785575#0_0;5.10;0.00;tripinfo_wu_od_to_os.6;97.00;wu_od_to_os.6;0;969.96;0.99;0.00;7.99;car;;0;0.00
410.00;972103805_0;116.86;8.44;117.00;0.41;803785575#0_0;5.10;0.00;tripinfo_wu_od_to_ko.3;293.00;wu_od_to_ko.3;0;2307.67;0.87;0.00;42.41;car;;1;12.00
412.00;972103805_0;116.86;9.40;129.00;0.46;803785575#0_0;5.10;0.00;tripinfo_wu_od_to_ko.4;283.00;wu_od_to_ko.4;0;2307.67;0.95;0.00;52.77;car;;1;8.00
413.00;972103805_0;116.86;11.47;133.00;0.26;803785575#0_0;5.10;0.00;tripinfo_wu_od_to_ko.5;280.00;wu_od_to_ko.5;0;2307.67;1.06;0.00;72.39;car;;1;8.00
415.00;972103805_0;116.86;11.70;159.00;0.31;-45494495_0;5.10;0.00;tripinfo_wu_os_to_ko.1;256.00;wu_os_to_ko.1;0;2045.29;1.07;0.00;73.27;car;;2;14.00
416.00;41899283#1_0;148.70;9.27;255.00;0.91;-230845886_0;5.10;0.00;tripinfo_wu_ba_to_as.4;161.00;wu_ba_to_as.4;0;1430.78;0.95;0.00;23.94;car;;1;1.00
417.00;23156030#6_0;109.07;9.64;151.00;0.33;-230845886_0;5.10;0.00;tripinfo_wu_ba_to_od.3;266.00;wu_ba_to_od.3;0;2315.50;0.88;0.00;27.93;car;;1;3.00
417.00;23527526_0;253.75;8.30;329.00;1.14;23687583_0;5.10;0.00;tripinfo_wu_as_to_gj.4;88.00;wu_as_to_gj.4;0;649.06;0.76;0.00;9.39;car;;0;0.00
419.00;41899283#1_0;148.70;11.06;176.00;4.19;803785575#0_0;5.10;0.00;tripinfo_wu_od_to_as.1;243.00;wu_od_to_as.1;0;2382.09;1.08;0.00;44.01;car;;0;0.00
419.00;972103805_0;116.86;12.05;203.00;0.05;-230845886_0;5.10;0.00;tripinfo_wu_ba_to_ko.3;216.00;wu_ba_to_ko.3;0;2114.29;1.09;0.00;39.23;car;;2;10.00
421.00;972103805_0;116.86;10.88;208.00;0.42;-230845886_0;5.10;0.00;tripinfo_wu_ba_to_ko.4;213.00;wu_ba_to_ko.4;0;2114.29;1.10;0.00;37.41;car;;1;1.00
423.00;45494495_0;58.90;9.12;227.00;2.98;23687583_0;5.10;0.00;tripinfo_wu_as_to_os.5;196.00;wu_as_to_os.5;0;1689.77;0.88;0.00;22.37;car;;1;3.00
425.00;45494495_0;58.90;12.42;245.00;0.84;23687583_0;5.10;0.00;tripinfo_wu_as_to_os.6;180.00;wu_as_to_os.6;0;1689.77;1.18;0.00;50.34;car;;0;0.00
426.00;23156390_0;1121.44;9.02;143.00;0.61;-45494495_0;5.10;0.00;tripinfo_wu_os_to_br.1;283.00;wu_os_to_br.1;0;2513.69;0.89;0.00;26.34;car;;1;2.00
427.00;23142338#2_0;290.21;10.37;180.00;0.88;-230845886_0;5.10;0.00;tripinfo_wu_ba_to_ns.0;247.00;wu_ba_to_ns.0;0;2346.36;1.02;0.00;38.00;car;;2;11.00
428.00;23156390_0;1121.44;12.06;216.00;0.14;-230845886_0;5.10;0.00;tripinfo_wu_ba_to_br.0;212.00;wu_ba_to_br.0;0;2198.00;1.11;0.00;30.87;car;;0;0.00
429.00;28706217_0;94.10;8.47;319.00;0.01;-45494495_0;5.10;0.00;tripinfo_wu_os_to_sl.1;110.00;wu_os_to_sl.1;0;484.95;1.07;0.00;64.32;car;;2;45.00
430.00;972103805_0;116.86;10.28;290.00;0.83;23687583_0;5.10;0.00;tripinfo_wu_as_to_ko.10;140.00;wu_as_to_ko.10;0;1102.39;0.98;0.00;38.04;car;;2;22.00
432.00;28706217_0;94.10;8.07;211.00;4.20;23687583_0;5.10;0.00;tripinfo_wu_as_to_sl.4;221.00;wu_as_to_sl.4;0;1976.75;1.03;0.00;42.57;car;;2;14.00
434.00;972103805_0;116.86;8.76;139.00;0.91;803785575#0_0;5.10;0.00;tripinfo_wu_od_to_ko.6;295.00;wu_od_to_ko.6;0;2307.67;0.89;0.00;47.74;car;;2;9.00
435.00;972103805_0;116.86;11.50;290.00;0.55;-23142338#2_0;5.10;0.00;tripinfo_wu_ns_to_ko.9;145.00;wu_ns_to_ko.9;0;1398.55;1.04;0.00;23.71;car;;0;0.00
436.00;45494495_0;58.90;12.16;283.00;0.29;-230845886_0;5.10;0.00;tripinfo_wu_ba_to_os.3;153.00;wu_ba_to_os.3;0;1647.96;1.10;0.00;17.73;car;;0;0.00
442.00;23527526_0;253.75;10.27;244.00;2.18;-230845886_0;5.10;0.00;tripinfo_wu_ba_to_gj.5;198.00;wu_ba_to_gj.5;0;1755.68;1.03;0.00;43.06;car;;2;11.00
444.00;28716808#1_0;754.74;10.14;293.00;0.68;23687583_0;5.10;0.00;tripinfo_wu_as_to_kl.2;151.00;wu_as_to_kl.2;0;1207.92;0.93;0.00;32.01;car;;2;13.00
449.00;28716808#1_0;754.74;10.12;206.00;0.53;-23142338#2_0;5.10;0.00;tripinfo_wu_ns_to_kl.0;243.00;wu_ns_to_kl.0;0;2315.58;1.00;0.00;34.21;car;;1;7.00
450.00;972103805_0;116.86;9.16;148.00;0.59;803785575#0_0;5.10;0.00;tripinfo_wu_od_to_ko.7;302.00;wu_od_to_ko.7;0;2307.67;0.93;0.00;66.18;car;;3;20.00
451.00;972103805_0;116.86;10.87;169.00;1.76;-45494495_0;5.10;0.00;tripinfo_wu_os_to_ko.2;282.00;wu_os_to_ko.2;0;2045.29;1.00;0.00;87.24;car;;4;29.00
451.00;28706217_0;94.10;6.46;382.00;0.08;-45494495_0;5.10;0.00;tripinfo_wu_os_to_sl.2;69.00;wu_os_to_sl.2;0;484.95;0.91;0.00;15.13;car;;1;5.00
452.00;23156390_0;1121.44;8.70;258.00;0.27;23687583_0;5.10;0.00;tripinfo_wu_as_to_br.0;194.00;wu_as_to_br.0;0;1694.48;0.86;0.00;15.92;car;;0;0.00
453.00;23156390_0;1121.44;10.30;166.00;2.98;-45494495_0;5.10;0.00;tripinfo_wu_os_to_br.2;287.00;wu_os_to_br.2;0;2513.69;1.04;0.00;66.53;car;;2;12.00
454.00;972103805_0;116.86;10.68;180.00;0.26;-45494495_0;5.10;0.00;tripinfo_wu_os_to_ko.3;274.00;wu_os_to_ko.3;0;2045.29;0.97;0.00;71.66;car;;3;13.00
455.00;23142338#2_0;290.21;8.77;204.00;0.69;-45494495_0;5.10;0.00;tripinfo_wu_os_to_ns.2;251.00;wu_os_to_ns.2;0;1665.91;0.88;0.00;67.95;car;;3;33.00
455.00;45494495_0;58.90;10.54;356.00;2.91;803785575#0_0;5.10;0.00;tripinfo_wu_od_to_os.7;99.00;wu_od_to_os.7;0;969.96;0.98;0.00;8.97;car;;0;0.00
457.00;23527526_0;253.75;11.94;290.00;0.84;-230845886_0;5.10;0.00;tripinfo_wu_ba_to_gj.6;167.00;wu_ba_to_gj.6;0;1755.68;1.10;0.00;21.95;car;;1;3.00
457.00;45494495_0;58.90;11.35;364.00;0.71;803785575#0_0;5.10;0.00;tripinfo_wu_od_to_os.8;93.00;wu_od_to_os.8;0;969.96;1.11;0.00;13.37;car;;0;0.00
459.00;230845886_0;633.12;10.22;208.00;0.28;803785575#0_0;5.10;0.00;tripinfo_wu_od_to_ba.5;251.00;wu_od_to_ba.5;0;2382.14;1.03;0.00;42.08;car;;1;2.00
460.00;23156305_0;1264.14;12.00;101.00;0.37;803785575#0_0;5.10;0.00;tripinfo_wu_od_to_gg.2;359.00;wu_od_to_gg.2;0;3669.96;1.19;0.00;78.63;car;;1;7.00
462.00;972103805_0;116.86;8.97;318.00;0.22;23687583_0;5.10;0.00;tripinfo_wu_as_to_ko.11;144.00;wu_as_to_ko.11;0;1102.39;0.89;0.00;32.25;car;;1;15.00
463.00;972103805_0;116.86;11.14;338.00;0.90;23687583_0;5.10;0.00;tripinfo_wu_as_to_ko.12;125.00;wu_as_to_ko.12;0;1102.39;1.01;0.00;26.45;car;;1;4.00
464.00;23527526_0;253.75;11.82;386.00;3.33;23687583_0;5.10;0.00;tripinfo_wu_as_to_gj.5;78.00;wu_as_to_gj.5;0;649.06;1.08;0.00;22.85;car;;1;10.00
465.00;972103805_0;116.86;10.87;344.00;0.65;23687583_0;5.10;0.00;tripinfo_wu_as_to_ko.13;121.00;wu_as_to_ko.13;0;1102.39;1.02;0.00;23.59;car;;1;4.00
468.00;23156390_0;1121.44;12.71;321.00;0.34;23687583_0;5.10;0.00;tripinfo_wu_as_to_br.1;147.00;wu_as_to_br.1;0;1694.48;1.23;0.00;22.45;car;;0;0.00
470.00;972103805_0;116.86;9.81;298.00;0.99;-23142338#2_0;5.10;0.00;tripinfo_wu_ns_to_ko.10;172.00;wu_ns_to_ko.10;0;1398.55;0.93;0.00;36.70;car;;2;13.00
472.00;972103805_0;116.86;10.95;180.00;0.48;803785575#0_0;5.10;0.00;tripinfo_wu_od_to_ko.8;292.00;wu_od_to_ko.8;0;2307.67;1.06;0.00;85.07;car;;4;34.00
474.00;972103805_0;116.86;10.74;183.00;0.41;-45494495_0;5.10;0.00;tripinfo_wu_os_to_ko.4;291.00;wu_os_to_ko.4;0;2045.29;1.05;0.00;103.14;car;;7;39.00
476.00;41899283#1_0;148.70;9.49;197.00;0.59;803785575#0_0;5.10;0.00;tripinfo_wu_od_to_as.2;279.00;wu_od_to_as.2;0;2382.09;0.90;0.00;38.52;car;;2;11.00
476.00;972103805_0;116.86;10.98;334.00;0.10;-23142338#2_0;5.10;0.00;tripinfo_wu_ns_to_ko.11;142.00;wu_ns_to_ko.11;0;1398.55;1.06;0.00;22.25;car;;1;3.00
481.00;230845886_0;633.12;9.26;335.00;0.81;23687583_0;5.10;0.00;tripinfo_wu_as_to_ba.5;146.00;wu_as_to_ba.5;0;1356.50;0.93;0.00;13.63;car;;0;0.00
482.00;972103805_0;116.86;9.21;219.00;1.02;-230845886_0;5.10;0.00;tripinfo_wu_ba_to_ko.5;263.00;wu_ba_to_ko.5;0;2114.29;0.84;0.00;33.85;car;;1;8.00
484.00;972103805_0;116.86;9.75;223.00;0.64;-230845886_0;5.10;0.00;tripinfo_wu_ba_to_ko.6;261.00;wu_ba_to_ko.6;0;2114.29;0.93;0.00;53.94;car;;1;6.00
486.00;972103805_0;116.86;10.25;230.00;0.39;-230845886_0;5.10;0.00;tripinfo_wu_ba_to_ko.7;256.00;wu_ba_to_ko.7;0;2114.29;0.99;0.00;61.60;car;;1;6.00
487.00;972103805_0;116.86;11.20;263.00;0.90;-45494495_0;5.10;0.00;tripinfo_wu_os_to_ko.5;224.00;wu_os_to_ko.5;0;2045.29;1.09;0.00;44.44;car;;3;13.00
487.00;23156030#6_1;109.07;11.86;401.00;0.20;-45494495_0;5.10;0.00;tripinfo_wu_os_to_od.4;86.00;wu_os_to_od.4;0;865.51;1.11;0.00;15.00;car;;1;2.00
488.00;23156030#6_0;109.07;10.96;391.00;0.07;-45494495_0;5.10;0.00;tripinfo_wu_os_to_od.3;97.00;wu_os_to_od.3;0;865.51;1.00;0.00;18.83;car;;1;6.00
489.00;23156030#6_1;109.07;12.07;411.00;0.55;-45494495_0;5.10;0.00;tripinfo_wu_os_to_od.5;78.00;wu_os_to_od.5;0;865.51;1.14;0.00;8.74;car;;0;0.00
490.00;23156030#6_0;109.07;10.97;226.00;0.02;-230845886_0;5.10;0.00;tripinfo_wu_ba_to_od.4;264.00;wu_ba_to_od.4;0;2315.50;1.04;0.00;63.06;car;;1;5.00
492.00;23156030#6_0;109.07;11.87;293.00;0.79;-230845886_0;5.10;0.00;tripinfo_wu_ba_to_od.5;199.00;wu_ba_to_od.5;0;2315.50;1.16;0.00;18.90;car;;0;0.00
493.00;28716808#1_0;754.74;12.53;211.00;1.49;803785575#0_0;5.10;0.00;tripinfo_wu_od_to_kl.2;282.00;wu_od_to_kl.2;0;2678.40;1.15;0.00;71.18;car;;3;13.00
494.00;45494495_0;58.90;11.05;320.00;0.29;-230845886_0;5.10;0.00;tripinfo_wu_ba_to_os.4;174.00;wu_ba_to_os.4;0;1647.96;1.01;0.00;26.33;car;;0;0.00
496.00;45494495_0;58.90;11.20;329.00;2.73;-230845886_0;5.10;0.00;tripinfo_wu_ba_to_os.5;167.00;wu_ba_to_os.5;0;1647.96;1.11;0.00;32.48;car;;0;0.00
498.00;45494495_0;58.90;11.92;324.00;2.61;23687583_0;5.10;0.00;tripinfo_wu_as_to_os.7;174.00;wu_as_to_os.7;0;1689.77;1.11;0.00;36.72;car;;1;9.00
500.00;972103805_0;116.86;9.17;236.00;0.32;-230845886_0;5.10;0.00;tripinfo_wu_ba_to_ko.8;264.00;wu_ba_to_ko.8;0;2114.29;0.91;0.00;53.32;car;;3;21.00
502.00;23156305_0;1264.14;10.10;90.00;0.40;803785575#0_0;5.10;0.00;tripinfo_wu_od_to_gg.1;412.00;wu_od_to_gg.1;0;3669.96;0.97;0.00;69.97;car;;3;16.00
503.00;972103805_0;116.86;11.26;383.00;0.93;23687583_0;5.10;0.00;tripinfo_wu_as_to_ko.14;120.00;wu_as_to_ko.14;0;1102.39;1.05;0.00;24.86;car;;1;11.00
505.00;45494495_0;58.90;11.85;411.00;0.32;803785575#0_0;5.10;0.00;tripinfo_wu_od_to_os.9;94.00;wu_od_to_os.9;0;969.96;1.11;0.00;14.70;car;;0;0.00
508.00;230845886_0;633.12;9.08;214.00;1.43;803785575#0_0;5.10;0.00;tripinfo_wu_od_to_ba.6;294.00;wu_od_to_ba.6;0;2382.14;0.82;0.00;31.64;car;;1;4.00
509.00;28706217_0;94.10;6.40;207.00;0.33;23687583_0;5.10;0.00;tripinfo_wu_as_to_sl.3;302.00;wu_as_to_sl.3;0;1976.75;0.84;0.00;84.42;car;;3;50.00
510.00;230845886_0;633.12;9.79;352.00;1.21;23687583_0;5.10;0.00;tripinfo_wu_as_to_ba.6;158.00;wu_as_to_ba.6;0;1356.50;0.93;0.00;26.01;car;;0;0.00
511.00;28706217_0;94.10;8.04;258.00;3.35;-230845886_0;5.10;0.00;tripinfo_wu_ba_to_sl.2;253.00;wu_ba_to_sl.2;0;1934.94;1.00;0.00;72.04;car;;1;40.00
511.00;23142338#2_0;290.21;11.40;280.00;0.43;-230845886_0;5.10;0.00;tripinfo_wu_ba_to_ns.1;231.00;wu_ba_to_ns.1;0;2346.36;1.11;0.00;39.83;car;;2;8.00
513.00;28706217_0;94.10;9.37;251.00;5.90;23687583_0;5.10;0.00;tripinfo_wu_as_to_sl.5;262.00;wu_as_to_sl.5;0;1976.75;1.13;0.00;99.89;car;;3;56.00
514.00;41899283#1_0;148.70;12.53;322.00;0.93;-23142338#2_0;5.10;0.00;tripinfo_wu_ns_to_as.0;192.00;wu_ns_to_as.0;0;2009.37;1.18;0.00;36.73;car;;2;9.00
514.00;45494495_0;58.90;11.21;350.00;0.33;-230845886_0;5.10;0.00;tripinfo_wu_ba_to_os.6;164.00;wu_ba_to_os.6;0;1647.96;1.09;0.00;27.32;car;;0;0.00
515.00;230845886_0;633.12;8.48;216.00;1.84;-23142338#2_0;5.10;0.00;tripinfo_wu_ns_to_ba.0;299.00;wu_ns_to_ba.0;0;2340.42;0.86;0.00;55.79;car;;4;16.00
517.00;230845886_0;633.12;11.89;244.00;0.02;803785575#0_0;5.10;0.00;tripinfo_wu_od_to_ba.7;273.00;wu_od_to_ba.7;0;2382.14;1.11;0.00;78.28;car;;2;9.00
517.00;28716808#1_0;754.74;11.68;340.00;2.37;-230845886_0;5.10;0.00;tripinfo_wu_ba_to_kl.0;177.00;wu_ba_to_kl.0;0;1727.09;1.07;0.00;30.30;car;;0;0.00
520.00;972103805_0;116.86;9.06;272.00;0.24;-230845886_0;5.10;0.00;tripinfo_wu_ba_to_ko.9;248.00;wu_ba_to_ko.9;0;2114.29;0.92;0.00;37.33;car;;2;10.00
524.00;972103805_0;116.86;10.73;307.00;1.85;-230845886_0;5.10;0.00;tripinfo_wu_ba_to_ko.10;217.00;wu_ba_to_ko.10;0;2114.29;0.98;0.00;22.21;car;;0;0.00
526.00;972103805_0;116.86;11.58;310.00;3.68;-230845886_0;5.10;0.00;tripinfo_wu_ba_to_ko.11;216.00;wu_ba_to_ko.11;0;2114.29;1.10;0.00;40.51;car;;0;0.00
531.00;972103805_0;116.86;9.76;362.00;0.33;-23142338#2_0;5.10;0.00;tripinfo_wu_ns_to_ko.12;169.00;wu_ns_to_ko.12;0;1398.55;0.89;0.00;26.72;car;;1;6.00
535.00;23156390_0;1121.44;9.44;187.00;0.99;803785575#0_0;5.10;0.00;tripinfo_wu_od_to_br.1;348.00;wu_od_to_br.1;0;3149.31;0.96;0.00;51.18;car;;1;8.00
538.00;28716808#1_0;754.74;11.52;340.00;0.83;-45494495_0;5.10;0.00;tripinfo_wu_os_to_kl.0;198.00;wu_os_to_kl.0;0;2042.78;1.10;0.00;29.00;car;;2;5.00
539.00;230845886_0;633.12;11.06;317.00;8.84;803785575#0_0;5.10;0.00;tripinfo_wu_od_to_ba.8;222.00;wu_od_to_ba.8;0;2382.14;1.08;0.00;21.96;car;;1;2.00
542.00;28716808#1_0;754.74;10.90;346.00;0.34;-45494495_0;5.10;0.00;tripinfo_wu_os_to_kl.1;196.00;wu_os_to_kl.1;0;2042.78;1.07;0.00;22.62;car;;1;2.00
542.00;45494495_0;58.90;10.77;444.00;4.75;803785575#0_0;5.10;0.00;tripinfo_wu_od_to_os.10;98.00;wu_od_to_os.10;0;969.96;1.05;0.00;14.17;car;;0;0.00
544.00;23156305_0;1264.14;10.41;159.00;2.95;803785575#0_0;5.10;0.00;tripinfo_wu_od_to_gg.3;385.00;wu_od_to_gg.3;0;3669.96;1.00;0.00;52.27;car;;2;10.00
547.00;45494495_0;58.90;10.45;372.00;0.75;23687583_0;5.10;0.00;tripinfo_wu_as_to_os.8;175.00;wu_as_to_os.8;0;1689.77;0.97;0.00;18.18;car;;0;0.00
547.00;230845886_0;633.12;12.02;421.00;0.32;23687583_0;5.10;0.00;tripinfo_wu_as_to_ba.7;126.00;wu_as_to_ba.7;0;1356.50;1.13;0.00;17.59;car;;1;1.00
549.00;28706217_0;94.10;7.29;404.00;2.51;-45494495_0;5.10;0.00;tripinfo_wu_os_to_sl.3;145.00;wu_os_to_sl.3;0;484.95;0.91;0.00;90.44;car;;3;68.00
549.00;45494495_0;58.90;10.39;453.00;4.75;803785575#0_0;5.10;0.00;tripinfo_wu_od_to_os.11;96.00;wu_od_to_os.11;0;969.96;1.02;0.00;9.74;car;;0;0.00
550.00;41899283#1_0;148.70;11.97;326.00;6.54;803785575#0_0;5.10;0.00;tripinfo_wu_od_to_as.4;224.00;wu_od_to_as.4;0;2382.09;1.17;0.00;40.01;car;;0;0.00
551.00;972103805_0;116.86;11.03;268.00;0.38;803785575#0_0;5.10;0.00;tripinfo_wu_od_to_ko.9;283.00;wu_od_to_ko.9;0;2307.67;1.00;0.00;64.34;car;;2;32.00
556.00;23527526_0;253.75;8.36;343.00;4.83;-230845886_0;5.10;0.00;tripinfo_wu_ba_to_gj.7;213.00;wu_ba_to_gj.7;0;1755.68;0.85;0.00;25.23;car;;1;4.00
556.00;23156030#6_0;109.07;11.11;477.00;0.06;-45494495_0;5.10;0.00;tripinfo_wu_os_to_od.6;79.00;wu_os_to_od.6;0;865.51;1.10;0.00;7.82;car;;0;0.00
559.00;23527526_0;253.75;10.66;487.00;0.46;23687583_0;5.10;0.00;tripinfo_wu_as_to_gj.6;72.00;wu_as_to_gj.6;0;649.06;1.07;0.00;16.79;car;;0;0.00
563.00;23156030#6_0;109.07;9.96;303.00;0.98;23687583_0;5.10;0.00;tripinfo_wu_as_to_od.1;260.00;wu_as_to_od.1;0;2357.31;0.94;0.00;32.28;car;;1;5.00
567.00;41899283#1_0;148.70;11.19;323.00;7.69;803785575#0_0;5.10;0.00;tripinfo_wu_od_to_as.3;244.00;wu_od_to_as.3;0;2382.09;1.08;0.00;44.60;car;;1;7.00
567.00;972103805_0;116.86;10.67;427.00;0.08;-23142338#2_0;5.10;0.00;tripinfo_wu_ns_to_ko.13;140.00;wu_ns_to_ko.13;0;1398.55;1.06;0.00;21.49;car;;1;6.00
568.00;23142338#2_0;290.21;9.61;301.00;0.62;-230845886_0;5.10;0.00;tripinfo_wu_ba_to_ns.2;267.00;wu_ba_to_ns.2;0;2346.36;0.92;0.00;35.45;car;;1;5.00
568.00;230845886_0;633.12;11.74;335.00;9.31;803785575#0_0;5.10;0.00;tripinfo_wu_od_to_ba.9;233.00;wu_od_to_ba.9;0;2382.14;1.08;0.00;33.28;car;;1;1.00
573.00;23156305_0;1264.14;10.16;239.00;0.62;-45494495_0;5.10;0.00;tripinfo_wu_os_to_gg.0;334.00;wu_os_to_gg.0;0;3034.34;0.92;0.00;35.13;car;;1;1.00
580.00;23156390_0;1121.44;11.47;402.00;1.47;23687583_0;5.10;0.00;tripinfo_wu_as_to_br.2;178.00;wu_as_to_br.2;0;1694.48;1.07;0.00;34.21;car;;1;4.00
583.00;972103805_0;116.86;8.89;313.00;0.02;-230845886_0;5.10;0.00;tripinfo_wu_ba_to_ko.12;270.00;wu_ba_to_ko.12;0;2114.29;0.83;0.00;37.69;car;;2;9.00
583.00;41899283#1_0;148.70;11.38;399.00;0.56;-23142338#2_0;5.10;0.00;tripinfo_wu_ns_to_as.1;184.00;wu_ns_to_as.1;0;2009.37;1.11;0.00;19.37;car;;0;0.00
584.00;28716808#1_0;754.74;9.74;354.00;1.68;-45494495_0;5.10;0.00;tripinfo_wu_os_to_kl.2;230.00;wu_os_to_kl.2;0;2042.78;0.99;0.00;42.40;car;;3;13.00
584.00;28706217_0;94.10;7.27;358.00;0.87;-230845886_0;5.10;0.00;tripinfo_wu_ba_to_sl.3;226.00;wu_ba_to_sl.3;0;1934.94;0.95;0.00;36.84;car;;1;12.00
585.00;972103805_0;116.86;11.80;334.00;0.37;-230845886_0;5.10;0.00;tripinfo_wu_ba_to_ko.13;251.00;wu_ba_to_ko.13;0;2114.29;1.11;0.00;77.26;car;;2;10.00
586.00;28716808#1_0;754.74;10.53;305.00;0.76;803785575#0_0;5.10;0.00;tripinfo_wu_od_to_kl.3;281.00;wu_od_to_kl.3;0;2678.40;1.05;0.00;49.91;car;;3;9.00
587.00;972103805_0;116.86;10.57;337.00;0.40;-230845886_0;5.10;0.00;tripinfo_wu_ba_to_ko.14;250.00;wu_ba_to_ko.14;0;2114.29;1.00;0.00;56.84;car;;2;11.00
592.00;230845886_0;633.12;10.79;347.00;1.55;803785575#0_0;5.10;0.00;tripinfo_wu_od_to_ba.10;245.00;wu_od_to_ba.10;0;2382.14;1.05;0.00;38.89;car;;1;9.00
592.00;41899283#1_0;148.70;11.01;444.00;0.51;-230845886_0;5.10;0.00;tripinfo_wu_ba_to_as.5;148.00;wu_ba_to_as.5;0;1430.78;1.07;0.00;27.07;car;;1;3.00
595.00;45494495_0;58.90;9.73;497.00;2.26;803785575#0_0;5.10;0.00;tripinfo_wu_od_to_os.12;98.00;wu_od_to_os.12;0;969.96;0.98;0.00;8.07;car;;0;0.00
598.00;972103805_0;116.86;11.80;398.00;0.88;-230845886_0;5.10;0.00;tripinfo_wu_ba_to_ko.15;200.00;wu_ba_to_ko.15;0;2114.29;1.07;0.00;20.23;car;;0;0.00
599.00;23156030#6_0;109.07;9.78;349.00;0.89;23687583_0;5.10;0.00;tripinfo_wu_as_to_od.2;250.00;wu_as_to_od.2;0;2357.31;0.96;0.00;28.90;car;;1;3.00
602.00;45494495_0;58.90;10.38;436.00;0.33;-230845886_0;5.10;0.00;tripinfo_wu_ba_to_os.7;166.00;wu_ba_to_os.7;0;1647.96;1.04;0.00;22.69;car;;1;1.00
606.00;28706217_0;94.10;9.10;375.00;2.16;23687583_0;5.10;0.00;tripinfo_wu_as_to_sl.6;231.00;wu_as_to_sl.6;0;1976.75;1.14;0.00;69.73;car;;2;18.00
609.00;23156305_0;1264.14;9.07;173.00;3.25;803785575#0_0;5.10;0.00;tripinfo_wu_od_to_gg.4;436.00;wu_od_to_gg.4;0;3669.96;0.86;0.00;46.31;car;;1;6.00
610.00;972103805_0;116.86;9.25;447.00;0.50;-23142338#2_0;5.10;0.00;tripinfo_wu_ns_to_ko.14;163.00;wu_ns_to_ko.14;0;1398.55;0.89;0.00;21.46;car;;1;5.00
614.00;23156030#6_0;109.07;11.63;391.00;1.23;23687583_0;5.10;0.00;tripinfo_wu_as_to_od.3;223.00;wu_as_to_od.3;0;2357.31;1.09;0.00;27.56;car;;1;7.00
614.00;972103805_0;116.86;8.66;463.00;0.28;23687583_0;5.10;0.00;tripinfo_wu_as_to_ko.15;151.00;wu_as_to_ko.15;0;1102.39;0.83;0.00;30.78;car;;1;14.00
616.00;28716808#1_0;754.74;11.56;367.00;3.47;803785575#0_0;5.10;0.00;tripinfo_wu_od_to_kl.4;249.00;wu_od_to_kl.4;0;2678.40;1.12;0.00;33.07;car;;1;8.00
616.00;972103805_0;116.86;9.10;478.00;0.86;23687583_0;5.10;0.00;tripinfo_wu_as_to_ko.16;138.00;wu_as_to_ko.16;0;1102.39;0.84;0.00;19.24;car;;1;1.00
618.00;972103805_0;116.86;9.90;484.00;4.12;23687583_0;5.10;0.00;tripinfo_wu_as_to_ko.17;134.00;wu_as_to_ko.17;0;1102.39;0.90;0.00;23.26;car;;0;0.00
620.00;45494495_0;58.90;11.33;449.00;0.43;23687583_0;5.10;0.00;tripinfo_wu_as_to_os.9;171.00;wu_as_to_os.9;0;1689.77;1.04;0.00;24.72;car;;1;6.00
621.00;972103805_0;116.86;9.25;320.00;8.42;803785575#0_0;5.10;0.00;tripinfo_wu_od_to_ko.10;301.00;wu_od_to_ko.10;0;2307.67;0.90;0.00;57.09;car;;5;16.00
624.00;23527526_0;253.75;11.06;433.00;2.60;-230845886_0;5.10;0.00;tripinfo_wu_ba_to_gj.8;191.00;wu_ba_to_gj.8;0;1755.68;1.00;0.00;31.57;car;;2;5.00
625.00;23527526_0;253.75;12.31;447.00;0.82;-230845886_0;5.10;0.00;tripinfo_wu_ba_to_gj.9;178.00;wu_ba_to_gj.9;0;1755.68;1.11;0.00;35.72;car;;1;3.00
627.00;23527526_0;253.75;12.05;550.00;3.39;23687583_0;5.10;0.00;tripinfo_wu_as_to_gj.7;77.00;wu_as_to_gj.7;0;649.06;1.12;0.00;24.34;car;;1;11.00
628.00;972103805_0;116.86;10.70;338.00;3.77;803785575#0_0;5.10;0.00;tripinfo_wu_od_to_ko.11;290.00;wu_od_to_ko.11;0;2307.67;0.99;0.00;68.49;car;;5;19.00
631.00;41899283#1_0;148.70;9.96;475.00;0.76;-230845886_0;5.10;0.00;tripinfo_wu_ba_to_as.6;156.00;wu_ba_to_as.6;0;1430.78;0.98;0.00;23.44;car;;1;7.00
631.00;972103805_0;116.86;9.42;499.00;1.28;23687583_0;5.10;0.00;tripinfo_wu_as_to_ko.18;132.00;wu_as_to_ko.18;0;1102.39;0.94;0.00;26.03;car;;1;9.00
632.00;23156305_0;1264.14;9.16;323.00;0.02;-230845886_0;5.10;0.00;tripinfo_wu_ba_to_gg.2;309.00;wu_ba_to_gg.2;0;2718.65;0.92;0.00;40.14;car;;1;9.00
632.00;28716808#1_0;754.74;11.41;370.00;1.22;803785575#0_0;5.10;0.00;tripinfo_wu_od_to_kl.5;262.00;wu_od_to_kl.5;0;2678.40;1.13;0.00;47.43;car;;2;15.00
632.00;41899283#1_0;148.70;12.31;490.00;0.39;-230845886_0;5.10;0.00;tripinfo_wu_ba_to_as.7;142.00;wu_ba_to_as.7;0;1430.78;1.11;0.00;25.27;car;;1;1.00
634.00;23156305_0;1264.14;10.58;326.00;1.95;-230845886_0;5.10;0.00;tripinfo_wu_ba_to_gg.3;308.00;wu_ba_to_gg.3;0;2718.65;1.00;0.00;59.22;car;;1;5.00
634.00;28706217_0;94.10;7.31;399.00;0.43;23687583_0;5.10;0.00;tripinfo_wu_as_to_sl.7;235.00;wu_as_to_sl.7;0;1976.75;0.96;0.00;44.09;car;;2;10.00
635.00;23156030#6_0;109.07;11.20;409.00;0.33;-230845886_0;5.10;0.00;tripinfo_wu_ba_to_od.6;226.00;wu_ba_to_od.6;0;2315.50;1.05;0.00;26.61;car;;1;7.00
637.00;23156305_0;1264.14;10.28;346.00;3.13;-230845886_0;5.10;0.00;tripinfo_wu_ba_to_gg.4;291.00;wu_ba_to_gg.4;0;2718.65;1.00;0.00;44.55;car;;1;6.00
639.00;23156305_0;1264.14;11.11;481.00;1.21;23687583_0;5.10;0.00;tripinfo_wu_as_to_gg.2;158.00;wu_as_to_gg.2;0;1600.87;1.10;0.00;25.71;car;;0;0.00
640.00;41899283#1_0;148.70;9.37;434.00;0.13;-45494495_0;5.10;0.00;tripinfo_wu_os_to_as.3;206.00;wu_os_to_as.3;0;1746.47;0.87;0.00;23.36;car;;1;2.00
645.00;972103805_0;116.86;11.83;353.00;0.78;803785575#0_0;5.10;0.00;tripinfo_wu_od_to_ko.12;292.00;wu_od_to_ko.12;0;2307.67;1.10;0.00;90.87;car;;3;52.00
645.00;23527526_0;253.75;10.30;425.00;1.32;-45494495_0;5.10;0.00;tripinfo_wu_os_to_gj.1;220.00;wu_os_to_gj.1;0;2071.37;0.97;0.00;25.68;car;;1;2.00
647.00;23527526_0;253.75;10.40;373.00;2.21;803785575#0_0;5.10;0.00;tripinfo_wu_od_to_gj.1;274.00;wu_od_to_gj.1;0;2706.99;0.98;0.00;24.05;car;;0;0.00
647.00;45494495_0;58.90;8.98;463.00;0.48;-230845886_0;5.10;0.00;tripinfo_wu_ba_to_os.8;184.00;wu_ba_to_os.8;0;1647.96;0.90;0.00;18.65;car;;0;0.00
650.00;23156390_0;1121.44;10.24;314.00;6.91;803785575#0_0;5.10;0.00;tripinfo_wu_od_to_br.2;336.00;wu_od_to_br.2;0;3149.31;0.97;0.00;39.77;car;;1;8.00
653.00;23156390_0;1121.44;9.91;329.00;9.39;803785575#0_0;5.10;0.00;tripinfo_wu_od_to_br.3;324.00;wu_od_to_br.3;0;3149.31;0.98;0.00;32.39;car;;1;1.00
653.00;23527526_0;253.75;11.19;575.00;1.57;23687583_0;5.10;0.00;tripinfo_wu_as_to_gj.8;78.00;wu_as_to_gj.8;0;649.06;1.05;0.00;20.99;car;;1;4.00
655.00;28706217_0;94.10;9.15;424.00;1.62;23687583_0;5.10;0.00;tripinfo_wu_as_to_sl.8;231.00;wu_as_to_sl.8;0;1976.75;1.18;0.00;75.01;car;;3;30.00
660.00;41899283#1_0;148.70;9.54;500.00;0.90;-230845886_0;5.10;0.00;tripinfo_wu_ba_to_as.8;160.00;wu_ba_to_as.8;0;1430.78;0.89;0.00;13.90;car;;0;0.00
660.00;45494495_0;58.90;9.89;556.00;0.41;803785575#0_0;5.10;0.00;tripinfo_wu_od_to_os.13;104.00;wu_od_to_os.13;0;969.96;0.92;0.00;8.96;car;;0;0.00
661.00;23142338#2_0;290.21;8.86;404.00;2.84;803785575#0_0;5.10;0.00;tripinfo_wu_od_to_ns.4;257.00;wu_od_to_ns.4;0;1928.29;0.87;0.00;45.41;car;;2;18.00
661.00;972103805_0;116.86;9.47;522.00;0.30;23687583_0;5.10;0.00;tripinfo_wu_as_to_ko.19;139.00;wu_as_to_ko.19;0;1102.39;0.94;0.00;32.36;car;;1;18.00
664.00;972103805_0;116.86;9.24;423.00;0.04;-230845886_0;5.10;0.00;tripinfo_wu_ba_to_ko.16;241.00;wu_ba_to_ko.16;0;2114.29;0.94;0.00;36.44;car;;1;7.00
666.00;23156390_0;1121.44;10.96;344.00;0.35;803785575#0_0;5.10;0.00;tripinfo_wu_od_to_br.4;322.00;wu_od_to_br.4;0;3149.31;1.00;0.00;35.18;car;;1;8.00
666.00;972103805_0;116.86;10.91;450.00;3.11;-230845886_0;5.10;0.00;tripinfo_wu_ba_to_ko.17;216.00;wu_ba_to_ko.17;0;2114.29;1.06;0.00;33.93;car;;0;0.00
670.00;972103805_0;116.86;9.60;390.00;1.30;803785575#0_0;5.10;0.00;tripinfo_wu_od_to_ko.13;280.00;wu_od_to_ko.13;0;2307.67;0.93;0.00;44.38;car;;2;11.00
670.00;45494495_0;58.90;11.98;488.00;0.84;-23142338#2_0;5.10;0.00;tripinfo_wu_ns_to_os.0;182.00;wu_ns_to_os.0;0;1865.82;1.08;0.00;25.58;car;;2;5.00
671.00;230845886_0;633.12;8.43;387.00;0.83;803785575#0_0;5.10;0.00;tripinfo_wu_od_to_ba.11;284.00;wu_od_to_ba.11;0;2382.14;0.82;0.00;23.02;car;;0;0.00
673.00;23156305_0;1264.14;9.92;277.00;0.74;803785575#0_0;5.10;0.00;tripinfo_wu_od_to_gg.5;396.00;wu_od_to_gg.5;0;3669.96;0.92;0.00;32.84;car;;0;0.00
673.00;23527526_0;253.75;10.65;605.00;0.62;23687583_0;5.10;0.00;tripinfo_wu_as_to_gj.9;68.00;wu_as_to_gj.9;0;649.06;0.97;0.00;6.92;car;;0;0.00
675.00;230845886_0;633.12;10.62;442.00;0.03;-23142338#2_0;5.10;0.00;tripinfo_wu_ns_to_ba.1;233.00;wu_ns_to_ba.1;0;2340.42;1.01;0.00;24.66;car;;1;4.00
676.00;41899283#1_0;148.70;9.64;401.00;2.52;803785575#0_0;5.10;0.00;tripinfo_wu_od_to_as.6;275.00;wu_od_to_as.6;0;2382.09;0.95;0.00;47.69;car;;1;1.00
676.00;972103805_0;116.86;9.03;506.00;0.49;-23142338#2_0;5.10;0.00;tripinfo_wu_ns_to_ko.15;170.00;wu_ns_to_ko.15;0;1398.55;0.85;0.00;21.45;car;;1;4.00
678.00;41899283#1_0;148.70;10.31;428.00;2.04;803785575#0_0;5.10;0.00;tripinfo_wu_od_to_as.7;250.00;wu_od_to_as.7;0;2382.09;1.01;0.00;37.63;car;;0;0.00
679.00;23156305_0;1264.14;9.94;379.00;0.39;-230845886_0;5.10;0.00;tripinfo_wu_ba_to_gg.5;300.00;wu_ba_to_gg.5;0;2718.65;0.91;0.00;29.37;car;;1;1.00
681.00;23156305_0;1264.14;11.51;308.00;3.42;803785575#0_0;5.10;0.00;tripinfo_wu_od_to_gg.6;373.00;wu_od_to_gg.6;0;3669.96;1.13;0.00;77.95;car;;3;13.00
684.00;41899283#1_0;148.70;9.26;395.00;0.96;803785575#0_0;5.10;0.00;tripinfo_wu_od_to_as.5;289.00;wu_od_to_as.5;0;2382.09;0.87;0.00;39.96;car;;1;3.00
684.00;45494495_0;58.90;9.84;509.00;0.48;23687583_0;5.10;0.00;tripinfo_wu_as_to_os.10;175.00;wu_as_to_os.10;0;1689.77;1.00;0.00;21.93;car;;1;2.00
685.00;28706217_0;94.10;7.16;445.00;0.49;23687583_0;5.10;0.00;tripinfo_wu_as_to_sl.9;240.00;wu_as_to_sl.9;0;1976.75;0.86;0.00;26.69;car;;1;5.00
686.00;230845886_0;633.12;9.04;541.00;0.64;23687583_0;5.10;0.00;tripinfo_wu_as_to_ba.8;145.00;wu_as_to_ba.8;0;1356.50;0.91;0.00;10.95;car;;0;0.00
687.00;28706217_0;94.10;8.25;466.00;1.84;-230845886_0;5.10;0.00;tripinfo_wu_ba_to_sl.4;221.00;wu_ba_to_sl.4;0;1934.94;1.03;0.00;45.83;car;;0;0.00
689.00;972103805_0;116.86;11.87;553.00;4.96;23687583_0;5.10;0.00;tripinfo_wu_as_to_ko.20;136.00;wu_as_to_ko.20;0;1102.39;1.07;0.00;42.78;car;;2;24.00
690.00;45494495_0;58.90;10.36;591.00;3.01;803785575#0_0;5.10;0.00;tripinfo_wu_od_to_os.14;99.00;wu_od_to_os.14;0;969.96;0.97;0.00;9.01;car;;0;0.00
692.00;972103805_0;116.86;11.02;567.00;2.60;23687583_0;5.10;0.00;tripinfo_wu_as_to_ko.21;125.00;wu_as_to_ko.21;0;1102.39;1.05;0.00;29.11;car;;1;11.00
692.00;45494495_0;58.90;12.69;598.00;0.05;803785575#0_0;5.10;0.00;tripinfo_wu_od_to_os.15;94.00;wu_od_to_os.15;0;969.96;1.18;0.00;19.46;car;;0;0.00
695.00;972103805_0;116.86;11.58;521.00;0.73;-23142338#2_0;5.10;0.00;tripinfo_wu_ns_to_ko.16;174.00;wu_ns_to_ko.16;0;1398.55;1.09;0.00;57.50;car;;3;16.00
696.00;972103805_0;116.86;12.48;425.00;0.16;803785575#0_0;5.10;0.00;tripinfo_wu_od_to_ko.14;271.00;wu_od_to_ko.14;0;2307.67;1.23;0.00;91.55;car;;4;24.00
696.00;230845886_0;633.12;9.24;435.00;1.14;803785575#0_0;5.10;0.00;tripinfo_wu_od_to_ba.12;261.00;wu_od_to_ba.12;0;2382.14;0.89;0.00;19.23;car;;0;0.00
700.00;230845886_0;633.12;10.72;449.00;1.81;803785575#0_0;5.10;0.00;tripinfo_wu_od_to_ba.14;251.00;wu_od_to_ba.14;0;2382.14;1.03;0.00;42.42;car;;1;7.00
701.00;23142338#2_0;290.21;10.25;430.00;0.33;-230845886_0;5.10;0.00;tripinfo_wu_ba_to_ns.3;271.00;wu_ba_to_ns.3;0;2346.36;0.92;0.00;40.97;car;;2;11.00
705.00;972103805_0;116.86;11.15;492.00;1.56;-230845886_0;5.10;0.00;tripinfo_wu_ba_to_ko.18;213.00;wu_ba_to_ko.18;0;2114.29;1.00;0.00;21.47;car;;0;0.00
710.00;972103805_0;116.86;8.93;432.00;0.35;803785575#0_0;5.10;0.00;tripinfo_wu_od_to_ko.15;278.00;wu_od_to_ko.15;0;2307.67;0.92;0.00;38.95;car;;2;5.00
712.00;972103805_0;116.86;10.51;438.00;2.07;803785575#0_0;5.10;0.00;tripinfo_wu_od_to_ko.16;274.00;wu_od_to_ko.16;0;2307.67;0.99;0.00;52.35;car;;2;3.00
714.00;23156030#6_0;109.07;10.35;479.00;0.07;-230845886_0;5.10;0.00;tripinfo_wu_ba_to_od.7;235.00;wu_ba_to_od.7;0;2315.50;0.98;0.00;21.32;car;;0;0.00
714.00;972103805_0;116.86;9.62;560.00;0.84;-23142338#2_0;5.10;0.00;tripinfo_wu_ns_to_ko.17;154.00;wu_ns_to_ko.17;0;1398.55;0.93;0.00;18.92;car;;1;1.00
715.00;45494495_0;58.90;8.71;526.00;0.44;-230845886_0;5.10;0.00;tripinfo_wu_ba_to_os.9;189.00;wu_ba_to_os.9;0;1647.96;0.86;0.00;15.58;car;;0;0.00
717.00;23142338#2_0;290.21;9.46;496.00;0.27;23687583_0;5.10;0.00;tripinfo_wu_as_to_ns.3;221.00;wu_as_to_ns.3;0;1995.73;0.94;0.00;26.69;car;;1;4.00
717.00;45494495_0;58.90;11.35;550.00;3.39;-230845886_0;5.10;0.00;tripinfo_wu_ba_to_os.10;167.00;wu_ba_to_os.10;0;1647.96;1.11;0.00;33.13;car;;0;0.00
720.00;23156305_0;1264.14;9.59;332.00;9.18;803785575#0_0;5.10;0.00;tripinfo_wu_od_to_gg.7;388.00;wu_od_to_gg.7;0;3669.96;0.97;0.00;46.56;car;;1;9.00
721.00;972103805_0;116.86;9.15;572.00;0.43;23687583_0;5.10;0.00;tripinfo_wu_as_to_ko.22;149.00;wu_as_to_ko.22;0;1102.39;0.93;0.00;41.57;car;;2;22.00
722.00;23156030#6_0;109.07;11.70;503.00;0.88;-230845886_0;5.10;0.00;tripinfo_wu_ba_to_od.8;219.00;wu_ba_to_od.8;0;2315.50;1.10;0.00;28.79;car;;0;0.00
723.00;23156030#6_1;109.07;11.53;510.00;1.92;-230845886_0;5.10;0.00;tripinfo_wu_ba_to_od.9;213.00;wu_ba_to_od.9;0;2315.50;1.14;0.00;28.14;car;;0;0.00
723.00;972103805_0;116.86;11.44;608.00;2.37;23687583_0;5.10;0.00;tripinfo_wu_as_to_ko.23;115.00;wu_as_to_ko.23;0;1102.39;1.13;0.00;26.27;car;;1;5.00
724.00;23156390_0;1121.44;11.28;383.00;0.24;803785575#0_0;5.10;0.00;tripinfo_wu_od_to_br.5;341.00;wu_od_to_br.5;0;3149.31;1.03;0.00;63.87;car;;4;9.00
724.00;23527526_0;253.75;8.31;640.00;1.11;23687583_0;5.10;0.00;tripinfo_wu_as_to_gj.10;84.00;wu_as_to_gj.10;0;649.06;0.86;0.00;15.05;car;;1;1.00
727.00;972103805_0;116.86;11.13;575.00;0.85;-23142338#2_0;5.10;0.00;tripinfo_wu_ns_to_ko.18;152.00;wu_ns_to_ko.18;0;1398.55;1.07;0.00;33.66;car;;1;9.00
729.00;972103805_0;116.86;11.17;490.00;0.15;-45494495_0;5.10;0.00;tripinfo_wu_os_to_ko.6;239.00;wu_os_to_ko.6;0;2045.29;1.05;0.00;51.29;car;;2;14.00
732.00;972103805_0;116.86;11.16;488.00;3.26;803785575#0_0;5.10;0.00;tripinfo_wu_od_to_ko.17;244.00;wu_od_to_ko.17;0;2307.67;1.04;0.00;32.47;car;;1;6.00
732.00;28706217_0;94.10;7.46;533.00;0.45;-23142338#2_0;5.10;0.00;tripinfo_wu_ns_to_sl.0;199.00;wu_ns_to_sl.0;0;1619.36;1.01;0.00;37.05;car;;2;10.00
737.00;23142338#2_0;290.21;9.95;519.00;0.99;23687583_0;5.10;0.00;tripinfo_wu_as_to_ns.4;218.00;wu_as_to_ns.4;0;1995.73;0.93;0.00;22.19;car;;0;0.00
738.00;41899283#1_0;148.70;11.95;592.00;2.92;-230845886_0;5.10;0.00;tripinfo_wu_ba_to_as.9;146.00;wu_ba_to_as.9;0;1430.78;1.10;0.00;27.49;car;;0;0.00
740.00;28716808#1_0;754.74;10.91;441.00;2.58;803785575#0_0;5.10;0.00;tripinfo_wu_od_to_kl.6;299.00;wu_od_to_kl.6;0;2678.40;1.01;0.00;58.98;car;;2;11.00
741.00;972103805_0;116.86;9.41;497.00;0.02;-230845886_0;5.10;0.00;tripinfo_wu_ba_to_ko.19;244.00;wu_ba_to_ko.19;0;2114.29;0.95;0.00;41.74;car;;2;12.00
743.00;230845886_0;633.12;7.96;447.00;6.65;803785575#0_0;5.10;0.00;tripinfo_wu_od_to_ba.13;296.00;wu_od_to_ba.13;0;2382.14;0.81;0.00;30.01;car;;1;3.00
743.00;23527526_0;253.75;10.50;547.00;5.71;-230845886_0;5.10;0.00;tripinfo_wu_ba_to_gj.10;196.00;wu_ba_to_gj.10;0;1755.68;1.00;0.00;37.37;car;;1;8.00
743.00;45494495_0;58.90;8.65;545.00;0.98;23687583_0;5.10;0.00;tripinfo_wu_as_to_os.11;198.00;wu_as_to_os.11;0;1689.77;0.86;0.00;21.33;car;;1;3.00
744.00;230845886_0;633.12;11.32;594.00;0.95;23687583_0;5.10;0.00;tripinfo_wu_as_to_ba.9;150.00;wu_as_to_ba.9;0;1356.50;1.07;0.00;35.73;car;;1;3.00
745.00;23156030#6_0;109.07;10.63;655.00;0.71;-45494495_0;5.10;0.00;tripinfo_wu_os_to_od.7;90.00;wu_os_to_od.7;0;865.51;1.05;0.00;15.10;car;;1;2.00
746.00;23142338#2_0;290.21;10.21;527.00;0.12;803785575#0_0;5.10;0.00;tripinfo_wu_od_to_ns.5;219.00;wu_od_to_ns.5;0;1928.29;1.01;0.00;35.09;car;;2;8.00
747.00;972103805_0;116.86;11.25;605.00;0.47;-23142338#2_0;5.10;0.00;tripinfo_wu_ns_to_ko.19;142.00;wu_ns_to_ko.19;0;1398.55;1.04;0.00;20.40;car;;1;5.00
750.00;23527526_0;253.75;10.19;563.00;2.90;-230845886_0;5.10;0.00;tripinfo_wu_ba_to_gj.11;187.00;wu_ba_to_gj.11;0;1755.68;0.97;0.00;23.20;car;;1;1.00
751.00;23156390_0;1121.44;9.95;408.00;0.42;803785575#0_0;5.10;0.00;tripinfo_wu_od_to_br.6;343.00;wu_od_to_br.6;0;3149.31;0.99;0.00;51.89;car;;1;1.00
752.00;41899283#1_0;148.70;9.99;596.00;0.21;-230845886_0;5.10;0.00;tripinfo_wu_ba_to_as.10;156.00;wu_ba_to_as.10;0;1430.78;0.97;0.00;22.38;car;;1;6.00
754.00;41899283#1_0;148.70;10.49;599.00;3.00;-230845886_0;5.10;0.00;tripinfo_wu_ba_to_as.11;155.00;wu_ba_to_as.11;0;1430.78;0.97;0.00;21.00;car;;1;3.00
756.00;23527526_0;253.75;9.96;673.00;0.30;23687583_0;5.10;0.00;tripinfo_wu_as_to_gj.11;83.00;wu_as_to_gj.11;0;649.06;0.93;0.00;18.88;car;;1;7.00
757.00;28706217_0;94.10;7.23;529.00;2.70;-230845886_0;5.10;0.00;tripinfo_wu_ba_to_sl.5;228.00;wu_ba_to_sl.5;0;1934.94;0.90;0.00;28.97;car;;1;1.00
758.00;23156390_0;1121.44;9.25;418.00;0.71;803785575#0_0;5.10;0.00;tripinfo_wu_od_to_br.7;340.00;wu_od_to_br.7;0;3149.31;0.94;0.00;37.26;car;;0;0.00
760.00;230845886_0;633.12;9.36;478.00;1.96;803785575#0_0;5.10;0.00;tripinfo_wu_od_to_ba.15;282.00;wu_od_to_ba.15;0;2382.14;0.87;0.00;35.95;car;;1;11.00
760.00;45494495_0;58.90;12.13;583.00;0.53;-230845886_0;5.10;0.00;tripinfo_wu_ba_to_os.11;177.00;wu_ba_to_os.11;0;1647.96;1.12;0.00;44.40;car;;1;3.00
767.00;23156030#6_0;109.07;8.14;665.00;0.13;-45494495_0;5.10;0.00;tripinfo_wu_os_to_od.8;102.00;wu_os_to_od.8;0;865.51;0.85;0.00;9.21;car;;0;0.00
769.00;28706217_0;94.10;8.98;557.00;2.94;-230845886_0;5.10;0.00;tripinfo_wu_ba_to_sl.6;212.00;wu_ba_to_sl.6;0;1934.94;1.13;0.00;51.83;car;;1;1.00
770.00;972103805_0;116.86;9.58;608.00;0.79;-23142338#2_0;5.10;0.00;tripinfo_wu_ns_to_ko.20;162.00;wu_ns_to_ko.20;0;1398.55;0.93;0.00;26.60;car;;1;10.00
772.00;972103805_0;116.86;12.69;491.00;2.40;803785575#0_0;5.10;0.00;tripinfo_wu_od_to_ko.18;281.00;wu_od_to_ko.18;0;2307.67;1.16;0.00;90.05;car;;2;42.00
774.00;41899283#1_0;148.70;10.31;507.00;0.86;803785575#0_0;5.10;0.00;tripinfo_wu_od_to_as.8;267.00;wu_od_to_as.8;0;2382.09;0.94;0.00;37.01;car;;1;8.00
775.00;23156305_0;1264.14;10.25;437.00;0.57;-45494495_0;5.10;0.00;tripinfo_wu_os_to_gg.1;338.00;wu_os_to_gg.1;0;3034.34;1.02;0.00;67.84;car;;3;16.00
777.00;23156305_0;1264.14;11.94;476.00;0.09;-23142338#2_0;5.10;0.00;tripinfo_wu_ns_to_gg.2;301.00;wu_ns_to_gg.2;0;3297.24;1.12;0.00;32.97;car;;0;0.00
780.00;45494495_0;58.90;10.97;593.00;0.90;-23142338#2_0;5.10;0.00;tripinfo_wu_ns_to_os.1;187.00;wu_ns_to_os.1;0;1865.82;1.08;0.00;30.73;car;;1;7.00
789.00;45494495_0;58.90;9.56;611.00;1.21;23687583_0;5.10;0.00;tripinfo_wu_as_to_os.12;178.00;wu_as_to_os.12;0;1689.77;0.96;0.00;19.21;car;;1;2.00
790.00;23156390_0;1121.44;10.57;456.00;7.34;803785575#0_0;5.10;0.00;tripinfo_wu_od_to_br.8;334.00;wu_od_to_br.8;0;3149.31;1.00;0.00;47.59;car;;2;9.00
792.00;41899283#1_0;148.70;8.36;550.00;0.47;-23142338#2_0;5.10;0.00;tripinfo_wu_ns_to_as.2;242.00;wu_ns_to_as.2;0;2009.37;0.85;0.00;27.58;car;;1;1.00
795.00;41899283#1_0;148.70;10.90;559.00;0.02;803785575#0_0;5.10;0.00;tripinfo_wu_od_to_as.9;236.00;wu_od_to_as.9;0;2382.09;1.04;0.00;28.18;car;;1;2.00
801.00;23142338#2_0;290.21;10.72;600.00;3.98;23687583_0;5.10;0.00;tripinfo_wu_as_to_ns.5;201.00;wu_as_to_ns.5;0;1995.73;0.99;0.00;18.46;car;;0;0.00
802.00;972103805_0;116.86;8.67;539.00;1.89;-230845886_0;5.10;0.00;tripinfo_wu_ba_to_ko.20;263.00;wu_ba_to_ko.20;0;2114.29;0.84;0.00;35.18;car;;1;9.00
803.00;23156030#6_0;109.07;9.64;554.00;0.75;-230845886_0;5.10;0.00;tripinfo_wu_ba_to_od.10;249.00;wu_ba_to_od.10;0;2315.50;0.91;0.00;18.65;car;;0;0.00
803.00;23527526_0;253.75;11.25;624.00;0.58;-230845886_0;5.10;0.00;tripinfo_wu_ba_to_gj.12;179.00;wu_ba_to_gj.12;0;1755.68;1.02;0.00;22.78;car;;0;0.00
804.00;972103805_0;116.86;9.89;566.00;4.21;-230845886_0;5.10;0.00;tripinfo_wu_ba_to_ko.21;238.00;wu_ba_to_ko.21;0;2114.29;0.98;0.00;42.34;car;;2;12.00
806.00;972103805_0;116.86;10.09;569.00;7.05;-230845886_0;5.10;0.00;tripinfo_wu_ba_to_ko.22;237.00;wu_ba_to_ko.22;0;2114.29;0.99;0.00;42.02;car;;2;10.00
808.00;23156305_0;1264.14;9.43;398.00;0.05;803785575#0_0;5.10;0.00;tripinfo_wu_od_to_gg.8;410.00;wu_od_to_gg.8;0;3669.96;0.94;0.00;55.47;car;;1;6.00
808.00;45494495_0;58.90;10.68;711.00;0.69;803785575#0_0;5.10;0.00;tripinfo_wu_od_to_os.16;97.00;wu_od_to_os.16;0;969.96;1.00;0.00;9.07;car;;0;0.00
809.00;972103805_0;116.86;9.63;659.00;0.71;-23142338#2_0;5.10;0.00;tripinfo_wu_ns_to_ko.21;150.00;wu_ns_to_ko.21;0;1398.55;0.95;0.00;16.14;car;;0;0.00
812.00;28716808#1_0;754.74;9.00;494.00;2.41;803785575#0_0;5.10;0.00;tripinfo_wu_od_to_kl.7;318.00;wu_od_to_kl.7;0;2678.40;0.91;0.00;52.51;car;;3;18.00
814.00;28716808#1_0;754.74;11.45;597.00;0.03;-45494495_0;5.10;0.00;tripinfo_wu_os_to_kl.3;217.00;wu_os_to_kl.3;0;2042.78;1.05;0.00;41.10;car;;2;5.00
815.00;41899283#1_0;148.70;10.50;673.00;0.94;-230845886_0;5.10;0.00;tripinfo_wu_ba_to_as.12;142.00;wu_ba_to_as.12;0;1430.78;1.01;0.00;13.38;car;;0;0.00
816.00;28716808#1_0;754.74;11.78;629.00;0.21;-45494495_0;5.10;0.00;tripinfo_wu_os_to_kl.4;187.00;wu_os_to_kl.4;0;2042.78;1.09;0.00;17.01;car;;0;0.00
817.00;45494495_0;58.90;10.37;649.00;0.24;-230845886_0;5.10;0.00;tripinfo_wu_ba_to_os.12;168.00;wu_ba_to_os.12;0;1647.96;0.97;0.00;13.75;car;;0;0.00
818.00;23142338#2_0;290.21;9.35;542.00;4.43;-230845886_0;5.10;0.00;tripinfo_wu_ba_to_ns.4;276.00;wu_ba_to_ns.4;0;2346.36;0.93;0.00;47.05;car;;2;15.00
819.00;28706217_0;94.10;5.99;564.00;0.89;23687583_0;5.10;0.00;tripinfo_wu_as_to_sl.10;255.00;wu_as_to_sl.10;0;1976.75;0.85;0.00;38.48;car;;2;7.00
819.00;23142338#2_0;290.21;11.03;588.00;0.09;803785575#0_0;5.10;0.00;tripinfo_wu_od_to_ns.6;231.00;wu_od_to_ns.6;0;1928.29;1.01;0.00;46.24;car;;2;12.00
821.00;972103805_0;116.86;9.15;575.00;0.73;-230845886_0;5.10;0.00;tripinfo_wu_ba_to_ko.23;246.00;wu_ba_to_ko.23;0;2114.29;0.91;0.00;34.87;car;;2;6.00
821.00;28706217_0;94.10;8.20;758.00;2.62;-45494495_0;5.10;0.00;tripinfo_wu_os_to_sl.4;63.00;wu_os_to_sl.4;0;484.95;1.10;0.00;18.45;car;;0;0.00
822.00;45494495_0;58.90;12.34;738.00;0.58;803785575#0_0;5.10;0.00;tripinfo_wu_od_to_os.17;84.00;wu_od_to_os.17;0;969.96;1.16;0.00;8.07;car;;0;0.00
823.00;972103805_0;116.86;10.66;588.00;0.92;-230845886_0;5.10;0.00;tripinfo_wu_ba_to_ko.24;235.00;wu_ba_to_ko.24;0;2114.29;1.00;0.00;42.04;car;;1;8.00
828.00;972103805_0;116.86;9.66;677.00;0.53;-23142338#2_0;5.10;0.00;tripinfo_wu_ns_to_ko.22;151.00;wu_ns_to_ko.22;0;1398.55;0.97;0.00;20.68;car;;1;6.00
831.00;28706217_0;94.10;7.05;602.00;1.60;-230845886_0;5.10;0.00;tripinfo_wu_ba_to_sl.7;229.00;wu_ba_to_sl.7;0;1934.94;0.90;0.00;28.60;car;;1;5.00
833.00;23142338#2_0;290.21;9.90;614.00;3.01;23687583_0;5.10;0.00;tripinfo_wu_as_to_ns.6;219.00;wu_as_to_ns.6;0;1995.73;0.97;0.00;31.54;car;;1;7.00
834.00;972103805_0;116.86;9.12;558.00;0.91;-45494495_0;5.10;0.00;tripinfo_wu_os_to_ko.7;276.00;wu_os_to_ko.7;0;2045.29;0.92;0.00;62.58;car;;2;31.00
834.00;23156305_0;1264.14;10.73;676.00;0.39;23687583_0;5.10;0.00;tripinfo_wu_as_to_gg.3;158.00;wu_as_to_gg.3;0;1600.87;1.08;0.00;22.68;car;;1;6.00
836.00;23156390_0;1121.44;9.41;475.00;0.56;803785575#0_0;5.10;0.00;tripinfo_wu_od_to_br.9;361.00;wu_od_to_br.9;0;3149.31;0.95;0.00;58.70;car;;2;15.00
836.00;972103805_0;116.86;10.93;573.00;0.77;803785575#0_0;5.10;0.00;tripinfo_wu_od_to_ko.19;263.00;wu_od_to_ko.19;0;2307.67;1.01;0.00;46.15;car;;2;9.00
836.00;23156030#6_0;109.07;10.86;597.00;2.39;23687583_0;5.10;0.00;tripinfo_wu_as_to_od.4;239.00;wu_as_to_od.4;0;2357.31;1.03;0.00;33.26;car;;1;5.00
836.00;23527526_0;253.75;11.21;668.00;0.59;-230845886_0;5.10;0.00;tripinfo_wu_ba_to_gj.13;168.00;wu_ba_to_gj.13;0;1755.68;1.05;0.00;17.25;car;;0;0.00
838.00;23156390_0;1121.44;11.15;485.00;0.57;803785575#0_0;5.10;0.00;tripinfo_wu_od_to_br.10;353.00;wu_od_to_br.10;0;3149.31;1.01;0.00;70.25;car;;1;11.00
838.00;23527526_0;253.75;13.64;690.00;0.63;-230845886_0;5.10;0.00;tripinfo_wu_ba_to_gj.14;148.00;wu_ba_to_gj.14;0;1755.68;1.24;0.00;19.32;car;;0;0.00
838.00;23156030#6_1;109.07;11.30;755.00;0.31;-45494495_0;5.10;0.00;tripinfo_wu_os_to_od.9;83.00;wu_os_to_od.9;0;865.51;1.06;0.00;8.36;car;;0;0.00
841.00;28716808#1_0;754.74;9.40;569.00;0.68;-23142338#2_0;5.10;0.00;tripinfo_wu_ns_to_kl.1;272.00;wu_ns_to_kl.1;0;2315.58;0.85;0.00;25.95;car;;0;0.00
843.00;230845886_0;633.12;11.78;716.00;0.06;23687583_0;5.10;0.00;tripinfo_wu_as_to_ba.10;127.00;wu_as_to_ba.10;0;1356.50;1.11;0.00;16.65;car;;1;2.00
849.00;41899283#1_0;148.70;10.74;697.00;3.43;-230845886_0;5.10;0.00;tripinfo_wu_ba_to_as.14;152.00;wu_ba_to_as.14;0;1430.78;1.03;0.00;25.97;car;;1;4.00
850.00;23156305_0;1264.14;11.00;560.00;4.31;-230845886_0;5.10;0.00;tripinfo_wu_ba_to_gg.6;290.00;wu_ba_to_gg.6;0;2718.65;1.05;0.00;53.35;car;;2;11.00
850.00;230845886_0;633.12;11.21;602.00;0.89;803785575#0_0;5.10;0.00;tripinfo_wu_od_to_ba.16;248.00;wu_od_to_ba.16;0;2382.14;1.06;0.00;45.57;car;;1;10.00
850.00;972103805_0;116.86;8.91;680.00;3.08;-23142338#2_0;5.10;0.00;tripinfo_wu_ns_to_ko.23;170.00;wu_ns_to_ko.23;0;1398.55;0.86;0.00;22.76;car;;1;6.00
855.00;45494495_0;58.90;9.70;670.00;3.03;23687583_0;5.10;0.00;tripinfo_wu_as_to_os.13;185.00;wu_as_to_os.13;0;1689.77;0.98;0.00;28.38;car;;1;4.00
855.00;41899283#1_0;148.70;9.47;694.00;0.72;-230845886_0;5.10;0.00;tripinfo_wu_ba_to_as.13;161.00;wu_ba_to_as.13;0;1430.78;0.94;0.00;23.02;car;;1;5.00
859.00;972103805_0;116.86;11.49;642.00;1.45;-230845886_0;5.10;0.00;tripinfo_wu_ba_to_ko.25;217.00;wu_ba_to_ko.25;0;2114.29;1.07;0.00;38.09;car;;1;6.00
865.00;23142338#2_0;290.21;10.84;605.00;0.84;-230845886_0;5.10;0.00;tripinfo_wu_ba_to_ns.5;260.00;wu_ba_to_ns.5;0;2346.36;1.03;0.00;54.02;car;;2;9.00
868.00;41899283#1_0;148.70;10.94;736.00;0.89;-230845886_0;5.10;0.00;tripinfo_wu_ba_to_as.15;132.00;wu_ba_to_as.15;0;1430.78;1.08;0.00;11.80;car;;0;0.00
869.00;972103805_0;116.86;10.63;710.00;0.73;-23142338#2_0;5.10;0.00;tripinfo_wu_ns_to_ko.24;159.00;wu_ns_to_ko.24;0;1398.55;0.96;0.00;27.98;car;;1;8.00
872.00;230845886_0;633.12;8.66;668.00;1.33;-45494495_0;5.10;0.00;tripinfo_wu_os_to_ba.1;204.00;wu_os_to_ba.1;0;1746.52;0.85;0.00;16.96;car;;0;0.00
874.00;230845886_0;633.12;11.01;675.00;0.58;-45494495_0;5.10;0.00;tripinfo_wu_os_to_ba.2;199.00;wu_os_to_ba.2;0;1746.52;1.00;0.00;40.77;car;;0;0.00
875.00;23156305_0;1264.14;9.62;459.00;9.81;803785575#0_0;5.10;0.00;tripinfo_wu_od_to_gg.9;416.00;wu_od_to_gg.9;0;3669.96;0.92;0.00;56.16;car;;1;2.00
877.00;23156305_0;1264.14;11.75;543.00;0.70;-45494495_0;5.10;0.00;tripinfo_wu_os_to_gg.2;334.00;wu_os_to_gg.2;0;3034.34;1.10;0.00;82.10;car;;1;12.00
877.00;23156030#6_0;109.07;10.90;643.00;2.14;23687583_0;5.10;0.00;tripinfo_wu_as_to_od.5;234.00;wu_as_to_od.5;0;2357.31;1.06;0.00;33.99;car;;2;5.00
877.00;28706217_0;94.10;8.41;822.00;2.12;-45494495_0;5.10;0.00;tripinfo_wu_os_to_sl.5;55.00;wu_os_to_sl.5;0;484.95;1.05;0.00;7.84;car;;0;0.00
878.00;230845886_0;633.12;9.09;732.00;0.94;23687583_0;5.10;0.00;tripinfo_wu_as_to_ba.11;146.00;wu_as_to_ba.11;0;1356.50;0.92;0.00;12.67;car;;0;0.00
884.00;23527526_0;253.75;11.01;707.00;0.35;-230845886_0;5.10;0.00;tripinfo_wu_ba_to_gj.15;177.00;wu_ba_to_gj.15;0;1755.68;1.00;0.00;16.87;car;;0;0.00
888.00;972103805_0;116.86;11.01;742.00;0.04;-23142338#2_0;5.10;0.00;tripinfo_wu_ns_to_ko.25;146.00;wu_ns_to_ko.25;0;1398.55;1.02;0.00;22.20;car;;1;8.00
888.00;23156030#6_0;109.07;10.44;803.00;1.17;-45494495_0;5.10;0.00;tripinfo_wu_os_to_od.10;85.00;wu_os_to_od.10;0;865.51;1.00;0.00;7.02;car;;0;0.00
891.00;972103805_0;116.86;12.46;635.00;0.22;803785575#0_0;5.10;0.00;tripinfo_wu_od_to_ko.20;256.00;wu_od_to_ko.20;0;2307.67;1.15;0.00;63.48;car;;2;32.00
891.00;23156305_0;1264.14;10.86;745.00;0.38;23687583_0;5.10;0.00;tripinfo_wu_as_to_gg.4;146.00;wu_as_to_gg.4;0;1600.87;1.09;0.00;12.11;car;;0;0.00
895.00;41899283#1_0;148.70;9.33;628.00;0.52;803785575#0_0;5.10;0.00;tripinfo_wu_od_to_as.10;267.00;wu_od_to_as.10;0;2382.09;0.93;0.00;34.81;car;;2;7.00
897.00;230845886_0;633.12;9.79;752.00;3.45;23687583_0;5.10;0.00;tripinfo_wu_as_to_ba.12;145.00;wu_as_to_ba.12;0;1356.50;0.95;0.00;15.27;car;;1;1.00
900.00;23527526_0;253.75;10.49;611.00;0.72;803785575#0_0;5.10;0.00;tripinfo_wu_od_to_gj.2;289.00;wu_od_to_gj.2;0;2706.99;1.01;0.00;47.24;car;;2;17.00
901.00;28706217_0;94.10;6.58;664.00;0.54;23687583_0;5.10;0.00;tripinfo_wu_as_to_sl.11;237.00;wu_as_to_sl.11;0;1976.75;0.94;0.00;42.24;car;;3;15.00
902.00;23527526_0;253.75;11.98;829.00;2.30;23687583_0;5.10;0.00;tripinfo_wu_as_to_gj.12;73.00;wu_as_to_gj.12;0;649.06;1.13;0.00;20.62;car;;0;0.00
903.00;28706217_0;94.10;7.85;667.00;1.23;23687583_0;5.10;0.00;tripinfo_wu_as_to_sl.12;236.00;wu_as_to_sl.12;0;1976.75;1.00;0.00;52.94;car;;3;10.00
904.00;23527526_0;253.75;12.64;832.00;2.41;23687583_0;5.10;0.00;tripinfo_wu_as_to_gj.13;72.00;wu_as_to_gj.13;0;649.06;1.20;0.00;22.52;car;;0;0.00
906.00;23156030#6_0;109.07;9.44;646.00;1.30;23687583_0;5.10;0.00;tripinfo_wu_as_to_od.6;260.00;wu_as_to_od.6;0;2357.31;0.95;0.00;36.10;car;;4;5.00
906.00;230845886_0;633.12;11.28;725.00;0.05;-45494495_0;5.10;0.00;tripinfo_wu_os_to_ba.3;181.00;wu_os_to_ba.3;0;1746.52;1.04;0.00;28.73;car;;0;0.00
909.00;972103805_0;116.86;11.04;758.00;1.28;23687583_0;5.10;0.00;tripinfo_wu_as_to_ko.24;151.00;wu_as_to_ko.24;0;1102.39;1.03;0.00;54.37;car;;2;37.00
910.00;45494495_0;58.90;8.06;791.00;0.11;803785575#0_0;5.10;0.00;tripinfo_wu_od_to_os.18;119.00;wu_od_to_os.18;0;969.96;0.81;0.00;10.67;car;;0;0.00
913.00;23156390_0;1121.44;9.53;564.00;0.67;803785575#0_0;5.10;0.00;tripinfo_wu_od_to_br.11;349.00;wu_od_to_br.11;0;3149.31;0.94;0.00;45.19;car;;2;12.00
917.00;23156305_0;1264.14;10.37;639.00;0.19;-230845886_0;5.10;0.00;tripinfo_wu_ba_to_gg.7;278.00;wu_ba_to_gg.7;0;2718.65;1.02;0.00;34.34;car;;1;7.00
924.00;23142338#2_0;290.21;9.27;701.00;0.71;23687583_0;5.10;0.00;tripinfo_wu_as_to_ns.7;223.00;wu_as_to_ns.7;0;1995.73;0.93;0.00;26.74;car;;1;4.00
932.00;28706217_0;94.10;7.04;680.00;0.78;23687583_0;5.10;0.00;tripinfo_wu_as_to_sl.13;252.00;wu_as_to_sl.13;0;1976.75;0.94;0.00;57.01;car;;4;23.00
933.00;23156390_0;1121.44;11.41;621.00;0.70;803785575#0_0;5.10;0.00;tripinfo_wu_od_to_br.13;312.00;wu_od_to_br.13;0;3149.31;1.11;0.00;53.82;car;;1;6.00
938.00;23156030#6_0;109.07;10.85;721.00;0.23;-230845886_0;5.10;0.00;tripinfo_wu_ba_to_od.11;217.00;wu_ba_to_od.11;0;2315.50;1.08;0.00;24.23;car;;1;2.00
941.00;28716808#1_0;754.74;9.72;670.00;0.45;803785575#0_0;5.10;0.00;tripinfo_wu_od_to_kl.8;271.00;wu_od_to_kl.8;0;2678.40;0.99;0.00;25.12;car;;0;0.00
941.00;23142338#2_0;290.21;11.95;710.00;0.56;-230845886_0;5.10;0.00;tripinfo_wu_ba_to_ns.6;231.00;wu_ba_to_ns.6;0;2346.36;1.10;0.00;37.90;car;;2;5.00
943.00;972103805_0;116.86;10.07;725.00;0.79;-230845886_0;5.10;0.00;tripinfo_wu_ba_to_ko.26;218.00;wu_ba_to_ko.26;0;2114.29;0.99;0.00;24.33;car;;1;1.00
945.00;972103805_0;116.86;10.63;729.00;0.98;-230845886_0;5.10;0.00;tripinfo_wu_ba_to_ko.27;216.00;wu_ba_to_ko.27;0;2114.29;1.03;0.00;28.76;car;;0;0.00
946.00;23156305_0;1264.14;11.41;579.00;0.37;803785575#0_0;5.10;0.00;tripinfo_wu_od_to_gg.10;367.00;wu_od_to_gg.10;0;3669.96;1.07;0.00;55.27;car;;2;10.00
949.00;230845886_0;633.12;9.70;784.00;0.17;23687583_0;5.10;0.00;tripinfo_wu_as_to_ba.13;165.00;wu_as_to_ba.13;0;1356.50;0.90;0.00;27.75;car;;2;7.00
950.00;230845886_0;633.12;11.00;761.00;1.59;-45494495_0;5.10;0.00;tripinfo_wu_os_to_ba.4;189.00;wu_os_to_ba.4;0;1746.52;1.14;0.00;49.82;car;;0;0.00
950.00;972103805_0;116.86;9.22;781.00;0.64;-23142338#2_0;5.10;0.00;tripinfo_wu_ns_to_ko.26;169.00;wu_ns_to_ko.26;0;1398.55;0.94;0.00;34.12;car;;2;13.00
951.00;972103805_0;116.86;11.61;784.00;0.00;-23142338#2_0;5.10;0.00;tripinfo_wu_ns_to_ko.27;167.00;wu_ns_to_ko.27;0;1398.55;1.05;0.00;47.38;car;;2;11.00
952.00;230845886_0;633.12;10.36;765.00;0.72;-45494495_0;5.10;0.00;tripinfo_wu_os_to_ba.5;187.00;wu_os_to_ba.5;0;1746.52;1.02;0.00;32.71;car;;0;0.00
955.00;23156030#6_0;109.07;8.85;855.00;1.99;-45494495_0;5.10;0.00;tripinfo_wu_os_to_od.11;100.00;wu_os_to_od.11;0;865.51;0.86;0.00;9.31;car;;0;0.00
959.00;23142338#2_0;290.21;9.22;722.00;0.57;23687583_0;5.10;0.00;tripinfo_wu_as_to_ns.8;237.00;wu_as_to_ns.8;0;1995.73;0.93;0.00;40.42;car;;3;12.00
960.00;23527526_0;253.75;8.18;638.00;1.10;803785575#0_0;5.10;0.00;tripinfo_wu_od_to_gj.3;322.00;wu_od_to_gj.3;0;2706.99;0.83;0.00;24.89;car;;0;0.00
962.00;972103805_0;116.86;10.12;810.00;0.90;23687583_0;5.10;0.00;tripinfo_wu_as_to_ko.25;152.00;wu_as_to_ko.25;0;1102.39;0.92;0.00;43.48;car;;2;27.00
963.00;230845886_0;633.12;9.29;703.00;0.98;803785575#0_0;5.10;0.00;tripinfo_wu_od_to_ba.17;260.00;wu_od_to_ba.17;0;2382.14;0.90;0.00;19.35;car;;0;0.00
964.00;28706217_0;94.10;7.17;739.00;3.29;-230845886_0;5.10;0.00;tripinfo_wu_ba_to_sl.8;225.00;wu_ba_to_sl.8;0;1934.94;0.93;0.00;32.14;car;;2;8.00
965.00;23156390_0;1121.44;10.22;765.00;1.92;23687583_0;5.10;0.00;tripinfo_wu_as_to_br.3;200.00;wu_as_to_br.3;0;1694.48;1.02;0.00;49.56;car;;2;24.00
965.00;972103805_0;116.86;11.09;859.00;0.62;23687583_0;5.10;0.00;tripinfo_wu_as_to_ko.26;106.00;wu_as_to_ko.26;0;1102.39;1.08;0.00;13.27;car;;0;0.00
966.00;28706217_0;94.10;8.16;772.00;0.88;-230845886_0;5.10;0.00;tripinfo_wu_ba_to_sl.9;194.00;wu_ba_to_sl.9;0;1934.94;1.10;0.00;30.60;car;;1;4.00
967.00;23527526_0;253.75;8.49;888.00;0.06;23687583_0;5.10;0.00;tripinfo_wu_as_to_gj.14;79.00;wu_as_to_gj.14;0;649.06;0.84;0.00;7.54;car;;0;0.00
971.00;972103805_0;116.86;8.01;641.00;0.61;803785575#0_0;5.10;0.00;tripinfo_wu_od_to_ko.21;330.00;wu_od_to_ko.21;0;2307.67;0.78;0.00;50.69;car;;2;12.00
971.00;45494495_0;58.90;10.55;762.00;0.03;23687583_0;5.10;0.00;tripinfo_wu_as_to_os.14;209.00;wu_as_to_os.14;0;1689.77;0.95;0.00;48.25;car;;2;27.00
972.00;45494495_0;58.90;11.48;778.00;0.78;23687583_0;5.10;0.00;tripinfo_wu_as_to_os.15;194.00;wu_as_to_os.15;0;1689.77;1.06;0.00;50.55;car;;2;13.00
973.00;972103805_0;116.86;9.85;653.00;0.46;803785575#0_0;5.10;0.00;tripinfo_wu_od_to_ko.22;320.00;wu_od_to_ko.22;0;2307.67;0.93;0.00;85.38;car;;2;10.00
973.00;23156305_0;1264.14;11.99;826.00;0.16;23687583_0;5.10;0.00;tripinfo_wu_as_to_gg.5;147.00;wu_as_to_gg.5;0;1600.87;1.14;0.00;19.90;car;;1;1.00
975.00;972103805_0;116.86;11.27;657.00;0.84;803785575#0_0;5.10;0.00;tripinfo_wu_od_to_ko.23;318.00;wu_od_to_ko.23;0;2307.67;1.11;0.00;119.10;car;;2;7.00
977.00;972103805_0;116.86;9.43;659.00;0.53;803785575#0_0;5.10;0.00;tripinfo_wu_od_to_ko.24;318.00;wu_od_to_ko.24;0;2307.67;0.95;0.00;87.80;car;;2;5.00
977.00;23527526_0;253.75;10.99;698.00;0.21;803785575#0_0;5.10;0.00;tripinfo_wu_od_to_gj.4;279.00;wu_od_to_gj.4;0;2706.99;1.10;0.00;56.00;car;;0;0.00
979.00;23142338#2_0;290.21;9.10;748.00;1.95;23687583_0;5.10;0.00;tripinfo_wu_as_to_ns.9;231.00;wu_as_to_ns.9;0;1995.73;0.93;0.00;34.98;car;;2;9.00
980.00;23142338#2_0;290.21;10.74;755.00;1.48;23687583_0;5.10;0.00;tripinfo_wu_as_to_ns.10;225.00;wu_as_to_ns.10;0;1995.73;1.08;0.00;56.93;car;;2;7.00
985.00;23156030#6_0;109.07;10.31;740.00;0.10;23687583_0;5.10;0.00;tripinfo_wu_as_to_od.7;245.00;wu_as_to_od.7;0;2357.31;0.94;0.00;20.00;car;;0;0.00
985.00;41899283#1_0;148.70;9.37;750.00;0.17;-23142338#2_0;5.10;0.00;tripinfo_wu_ns_to_as.3;235.00;wu_ns_to_as.3;0;2009.37;0.91;0.00;34.30;car;;1;6.00
986.00;230845886_0;633.12;10.58;806.00;1.53;-45494495_0;5.10;0.00;tripinfo_wu_os_to_ba.6;180.00;wu_os_to_ba.6;0;1746.52;0.98;0.00;19.20;car;;1;1.00
988.00;23527526_0;253.75;10.46;914.00;0.17;23687583_0;5.10;0.00;tripinfo_wu_as_to_gj.15;74.00;wu_as_to_gj.15;0;649.06;0.96;0.00;12.09;car;;1;1.00
989.00;23156390_0;1121.44;9.40;618.00;0.43;803785575#0_0;5.10;0.00;tripinfo_wu_od_to_br.12;371.00;wu_od_to_br.12;0;3149.31;0.89;0.00;48.47;car;;2;13.00
989.00;972103805_0;116.86;10.70;833.00;0.44;-23142338#2_0;5.10;0.00;tripinfo_wu_ns_to_ko.28;156.00;wu_ns_to_ko.28;0;1398.55;1.04;0.00;35.31;car;;1;8.00
991.00;972103805_0;116.86;13.35;846.00;0.23;-23142338#2_0;5.10;0.00;tripinfo_wu_ns_to_ko.29;145.00;wu_ns_to_ko.29;0;1398.55;1.27;0.00;43.96;car;;1;8.00
992.00;41899283#1_0;148.70;10.59;830.00;3.30;-230845886_0;5.10;0.00;tripinfo_wu_ba_to_as.16;162.00;wu_ba_to_as.16;0;1430.78;0.98;0.00;28.98;car;;1;3.00
995.00;972103805_0;116.86;9.87;697.00;0.89;-45494495_0;5.10;0.00;tripinfo_wu_os_to_ko.8;298.00;wu_os_to_ko.8;0;2045.29;0.99;0.00;101.33;car;;4;39.00
1000.00;28706217_0;94.10;7.54;789.00;0.05;-230845886_0;5.10;0.00;tripinfo_wu_ba_to_sl.10;211.00;wu_ba_to_sl.10;0;1934.94;0.94;0.00;18.78;car;;0;0.00
1007.00;972103805_0;116.86;12.19;874.00;0.10;-23142338#2_0;5.10;0.00;tripinfo_wu_ns_to_ko.30;133.00;wu_ns_to_ko.30;0;1398.55;1.10;0.00;17.90;car;;0;0.00
1008.00;41899283#1_0;148.70;11.18;856.00;7.57;-230845886_0;5.10;0.00;tripinfo_wu_ba_to_as.17;152.00;wu_ba_to_as.17;0;1430.78;1.07;0.00;31.21;car;;0;0.00
1008.00;23527526_0;253.75;11.15;942.00;0.40;23687583_0;5.10;0.00;tripinfo_wu_as_to_gj.16;66.00;wu_as_to_gj.16;0;649.06;1.04;0.00;8.66;car;;0;0.00
1010.00;972103805_0;116.86;11.79;877.00;0.79;-23142338#2_0;5.10;0.00;tripinfo_wu_ns_to_ko.31;133.00;wu_ns_to_ko.31;0;1398.55;1.12;0.00;20.05;car;;0;0.00
1011.00;23156305_0;1264.14;9.29;582.00;0.44;803785575#0_0;5.10;0.00;tripinfo_wu_od_to_gg.11;429.00;wu_od_to_gg.11;0;3669.96;0.88;0.00;48.85;car;;1;10.00
1014.00;41899283#1_0;148.70;11.96;863.00;10.11;-230845886_0;5.10;0.00;tripinfo_wu_ba_to_as.18;151.00;wu_ba_to_as.18;0;1430.78;1.11;0.00;34.14;car;;0;0.00
1017.00;45494495_0;58.90;9.53;815.00;1.50;23687583_0;5.10;0.00;tripinfo_wu_as_to_os.16;202.00;wu_as_to_os.16;0;1689.77;0.93;0.00;37.35;car;;2;12.00
1020.00;23142338#2_0;290.21;10.59;744.00;6.28;-230845886_0;5.10;0.00;tripinfo_wu_ba_to_ns.7;276.00;wu_ba_to_ns.7;0;2346.36;0.97;0.00;57.67;car;;3;27.00
1020.00;972103805_0;116.86;9.73;779.00;0.87;-230845886_0;5.10;0.00;tripinfo_wu_ba_to_ko.28;241.00;wu_ba_to_ko.28;0;2114.29;0.93;0.00;34.40;car;;1;8.00
1029.00;972103805_0;116.86;11.10;772.00;4.11;803785575#0_0;5.10;0.00;tripinfo_wu_od_to_ko.25;257.00;wu_od_to_ko.25;0;2307.67;1.03;0.00;44.11;car;;3;11.00
1030.00;23527526_0;253.75;10.02;813.00;0.69;-230845886_0;5.10;0.00;tripinfo_wu_ba_to_gj.16;217.00;wu_ba_to_gj.16;0;1755.68;0.91;0.00;42.66;car;;1;9.00
1031.00;23142338#2_0;290.21;9.48;783.00;0.02;803785575#0_0;5.10;0.00;tripinfo_wu_od_to_ns.7;248.00;wu_od_to_ns.7;0;1928.29;0.86;0.00;31.15;car;;1;3.00
1031.00;972103805_0;116.86;12.40;791.00;0.49;-45494495_0;5.10;0.00;tripinfo_wu_os_to_ko.9;240.00;wu_os_to_ko.9;0;2045.29;1.18;0.00;72.49;car;;2;23.00
1033.00;230845886_0;633.12;11.16;810.00;0.94;-23142338#2_0;5.10;0.00;tripinfo_wu_ns_to_ba.2;223.00;wu_ns_to_ba.2;0;2340.42;1.09;0.00;29.63;car;;1;7.00
1039.00;23527526_0;253.75;9.77;969.00;0.89;23687583_0;5.10;0.00;tripinfo_wu_as_to_gj.17;70.00;wu_as_to_gj.17;0;649.06;0.96;0.00;7.88;car;;0;0.00
1040.00;23527526_0;253.75;11.23;813.00;3.62;-23142338#2_0;5.10;0.00;tripinfo_wu_ns_to_gj.2;227.00;wu_ns_to_gj.2;0;2084.96;1.29;0.00;76.43;car;;2;15.00
1040.00;45494495_0;58.90;8.89;841.00;2.88;23687583_0;5.10;0.00;tripinfo_wu_as_to_os.17;199.00;wu_as_to_os.17;0;1689.77;0.89;0.00;26.83;car;;1;3.00
1041.00;23142338#2_0;290.21;10.48;835.00;0.01;23687583_0;5.10;0.00;tripinfo_wu_as_to_ns.11;206.00;wu_as_to_ns.11;0;1995.73;1.01;0.00;25.75;car;;0;0.00
1042.00;28716808#1_0;754.74;10.12;755.00;0.40;803785575#0_0;5.10;0.00;tripinfo_wu_od_to_kl.9;287.00;wu_od_to_kl.9;0;2678.40;0.99;0.00;43.15;car;;3;14.00
1044.00;28716808#1_0;754.74;10.09;766.00;0.60;803785575#0_0;5.10;0.00;tripinfo_wu_od_to_kl.10;278.00;wu_od_to_kl.10;0;2678.40;1.02;0.00;41.03;car;;3;6.00
1047.00;45494495_0;58.90;10.26;866.00;12.23;-230845886_0;5.10;0.00;tripinfo_wu_ba_to_os.13;181.00;wu_ba_to_os.13;0;1647.96;0.94;0.00;21.72;car;;0;0.00
1048.00;23156390_0;1121.44;11.64;760.00;0.64;-23142338#2_0;5.10;0.00;tripinfo_wu_ns_to_br.0;288.00;wu_ns_to_br.0;0;2792.05;1.09;0.00;55.19;car;;1;5.00
1049.00;45494495_0;58.90;13.62;869.00;4.34;-230845886_0;5.10;0.00;tripinfo_wu_ba_to_os.14;180.00;wu_ba_to_os.14;0;1647.96;1.31;0.00;60.65;car;;0;0.00
1052.00;28706217_0;94.10;6.27;803.00;0.40;23687583_0;5.10;0.00;tripinfo_wu_as_to_sl.14;249.00;wu_as_to_sl.14;0;1976.75;0.90;0.00;44.65;car;;3;16.00
1053.00;45494495_0;58.90;10.38;951.00;0.95;803785575#0_0;5.10;0.00;tripinfo_wu_od_to_os.19;102.00;wu_od_to_os.19;0;969.96;0.95;0.00;9.40;car;;0;0.00
1054.00;28706217_0;94.10;7.29;827.00;0.65;-230845886_0;5.10;0.00;tripinfo_wu_ba_to_sl.11;227.00;wu_ba_to_sl.11;0;1934.94;1.00;0.00;47.24;car;;1;4.00
1056.00;23527526_0;253.75;11.59;992.00;0.82;23687583_0;5.10;0.00;tripinfo_wu_as_to_gj.18;64.00;wu_as_to_gj.18;0;649.06;1.07;0.00;8.28;car;;0;0.00
1065.00;972103805_0;116.86;10.72;818.00;0.39;-230845886_0;5.10;0.00;tripinfo_wu_ba_to_ko.29;247.00;wu_ba_to_ko.29;0;2114.29;0.97;0.00;49.75;car;;1;8.00
1067.00;972103805_0;116.86;10.85;800.00;0.46;-45494495_0;5.10;0.00;tripinfo_wu_os_to_ko.10;267.00;wu_os_to_ko.10;0;2045.29;1.08;0.00;85.10;car;;4;24.00
1068.00;23142338#2_0;290.21;10.55;838.00;0.70;23687583_0;5.10;0.00;tripinfo_wu_as_to_ns.12;230.00;wu_as_to_ns.12;0;1995.73;0.96;0.00;41.00;car;;2;12.00
1073.00;972103805_0;116.86;9.35;917.00;3.47;-23142338#2_0;5.10;0.00;tripinfo_wu_ns_to_ko.32;156.00;wu_ns_to_ko.32;0;1398.55;0.93;0.00;19.71;car;;1;2.00
1076.00;41899283#1_0;148.70;11.35;788.00;0.92;803785575#0_0;5.10;0.00;tripinfo_wu_od_to_as.11;288.00;wu_od_to_as.11;0;2382.09;1.14;0.00;97.97;car;;2;10.00
1079.00;972103805_0;116.86;10.99;840.00;0.41;-230845886_0;5.10;0.00;tripinfo_wu_ba_to_ko.30;239.00;wu_ba_to_ko.30;0;2114.29;1.00;0.00;45.75;car;;2;12.00
1081.00;230845886_0;633.12;7.39;758.00;1.53;803785575#0_0;5.10;0.00;tripinfo_wu_od_to_ba.18;323.00;wu_od_to_ba.18;0;2382.14;0.73;0.00;28.01;car;;0;0.00
1082.00;23527526_0;253.75;10.72;891.00;0.90;-230845886_0;5.10;0.00;tripinfo_wu_ba_to_gj.17;191.00;wu_ba_to_gj.17;0;1755.68;1.06;0.00;41.73;car;;1;9.00
1083.00;230845886_0;633.12;11.95;870.00;0.40;-45494495_0;5.10;0.00;tripinfo_wu_os_to_ba.7;213.00;wu_os_to_ba.7;0;1746.52;1.08;0.00;66.73;car;;1;7.00
1084.00;28706217_0;94.10;8.16;822.00;0.07;23687583_0;5.10;0.00;tripinfo_wu_as_to_sl.15;262.00;wu_as_to_sl.15;0;1976.75;1.00;0.00;78.76;car;;3;31.00
1085.00;41899283#1_0;148.70;9.11;810.00;0.67;803785575#0_0;5.10;0.00;tripinfo_wu_od_to_as.12;275.00;wu_od_to_as.12;0;2382.09;0.90;0.00;36.86;car;;1;7.00
1085.00;23527526_0;253.75;11.35;846.00;0.58;-45494495_0;5.10;0.00;tripinfo_wu_os_to_gj.2;239.00;wu_os_to_gj.2;0;2071.37;1.07;0.00;63.94;car;;3;17.00
1088.00;28716808#1_0;754.74;10.09;955.00;0.84;23687583_0;5.10;0.00;tripinfo_wu_as_to_kl.3;133.00;wu_as_to_kl.3;0;1207.92;0.91;0.00;13.62;car;;1;2.00
1090.00;23142338#2_0;290.21;10.63;862.00;0.77;23687583_0;5.10;0.00;tripinfo_wu_as_to_ns.13;228.00;wu_as_to_ns.13;0;1995.73;0.97;0.00;41.23;car;;2;14.00
1093.00;28706217_0;94.10;7.40;875.00;0.23;23687583_0;5.10;0.00;tripinfo_wu_as_to_sl.16;218.00;wu_as_to_sl.16;0;1976.75;1.00;0.00;34.16;car;;1;6.00
1095.00;23156030#6_0;109.07;9.72;846.00;0.31;-230845886_0;5.10;0.00;tripinfo_wu_ba_to_od.12;249.00;wu_ba_to_od.12;0;2315.50;0.91;0.00;19.21;car;;0;0.00
1095.00;230845886_0;633.12;10.65;913.00;0.98;-45494495_0;5.10;0.00;tripinfo_wu_os_to_ba.8;182.00;wu_os_to_ba.8;0;1746.52;1.06;0.00;32.52;car;;1;2.00
1099.00;41899283#1_0;148.70;10.26;935.00;1.64;-230845886_0;5.10;0.00;tripinfo_wu_ba_to_as.19;164.00;wu_ba_to_as.19;0;1430.78;0.95;0.00;27.07;car;;1;8.00
1100.00;23156305_0;1264.14;8.81;689.00;0.52;803785575#0_0;5.10;0.00;tripinfo_wu_od_to_gg.12;411.00;wu_od_to_gg.12;0;3669.96;0.89;0.00;36.61;car;;1;1.00
1100.00;23156390_0;1121.44;10.67;769.00;2.33;803785575#0_0;5.10;0.00;tripinfo_wu_od_to_br.14;331.00;wu_od_to_br.14;0;3149.31;0.98;0.00;38.96;car;;1;5.00
1102.00;23156305_0;1264.14;9.68;786.00;0.73;-45494495_0;5.10;0.00;tripinfo_wu_os_to_gg.3;316.00;wu_os_to_gg.3;0;3034.34;0.98;0.00;33.70;car;;1;3.00
1105.00;23156030#6_0;109.07;9.60;1007.00;0.84;-45494495_0;5.10;0.00;tripinfo_wu_os_to_od.12;98.00;wu_os_to_od.12;0;865.51;0.96;0.00;16.30;car;;1;5.00
1106.00;23527526_0;253.75;11.23;914.00;2.94;-230845886_0;5.10;0.00;tripinfo_wu_ba_to_gj.18;192.00;wu_ba_to_gj.18;0;1755.68;1.01;0.00;35.04;car;;1;8.00
1109.00;41899283#1_0;148.70;10.05;905.00;0.78;-45494495_0;5.10;0.00;tripinfo_wu_os_to_as.4;204.00;wu_os_to_as.4;0;1746.47;0.99;0.00;43.39;car;;0;0.00
1112.00;23156390_0;1121.44;12.99;958.00;2.02;23687583_0;5.10;0.00;tripinfo_wu_as_to_br.4;154.00;wu_as_to_br.4;0;1694.48;1.19;0.00;24.69;car;;1;1.00
1116.00;23527526_0;253.75;12.48;950.00;5.69;-230845886_0;5.10;0.00;tripinfo_wu_ba_to_gj.19;166.00;wu_ba_to_gj.19;0;1755.68;1.18;0.00;31.56;car;;1;2.00
1118.00;45494495_0;58.90;10.95;1024.00;0.59;803785575#0_0;5.10;0.00;tripinfo_wu_od_to_os.20;94.00;wu_od_to_os.20;0;969.96;1.02;0.00;7.84;car;;0;0.00
1120.00;45494495_0;58.90;13.05;956.00;9.18;-230845886_0;5.10;0.00;tripinfo_wu_ba_to_os.15;164.00;wu_ba_to_os.15;0;1647.96;1.33;0.00;44.22;car;;0;0.00
1122.00;23156305_0;1264.14;10.49;850.00;3.88;-230845886_0;5.10;0.00;tripinfo_wu_ba_to_gg.8;272.00;wu_ba_to_gg.8;0;2718.65;1.00;0.00;24.62;car;;0;0.00
1123.00;972103805_0;116.86;8.83;853.00;6.86;-230845886_0;5.10;0.00;tripinfo_wu_ba_to_ko.31;270.00;wu_ba_to_ko.31;0;2114.29;0.82;0.00;36.91;car;;1;8.00
1125.00;972103805_0;116.86;11.55;875.00;5.27;-230845886_0;5.10;0.00;tripinfo_wu_ba_to_ko.32;250.00;wu_ba_to_ko.32;0;2114.29;1.07;0.00;70.96;car;;2;10.00
1128.00;972103805_0;116.86;9.54;878.00;7.65;-230845886_0;5.10;0.00;tripinfo_wu_ba_to_ko.33;250.00;wu_ba_to_ko.33;0;2114.29;0.88;0.00;32.68;car;;1;3.00
1130.00;972103805_0;116.86;9.35;836.00;0.01;803785575#0_0;5.10;0.00;tripinfo_wu_od_to_ko.26;294.00;wu_od_to_ko.26;0;2307.67;0.90;0.00;51.43;car;;3;15.00
1132.00;972103805_0;116.86;10.36;839.00;2.35;803785575#0_0;5.10;0.00;tripinfo_wu_od_to_ko.27;293.00;wu_od_to_ko.27;0;2307.67;1.02;0.00;78.84;car;;2;11.00
1134.00;972103805_0;116.86;10.23;834.00;0.66;-45494495_0;5.10;0.00;tripinfo_wu_os_to_ko.11;300.00;wu_os_to_ko.11;0;2045.29;1.03;0.00;109.94;car;;5;35.00
1135.00;23142338#2_0;290.21;7.43;807.00;0.09;-230845886_0;5.10;0.00;tripinfo_wu_ba_to_ns.8;328.00;wu_ba_to_ns.8;0;2346.36;0.74;0.00;40.11;car;;2;7.00
1135.00;45494495_0;58.90;10.52;963.00;0.08;23687583_0;5.10;0.00;tripinfo_wu_as_to_os.18;172.00;wu_as_to_os.18;0;1689.77;0.99;0.00;18.25;car;;0;0.00
1136.00;23156305_0;1264.14;11.37;843.00;0.48;-45494495_0;5.10;0.00;tripinfo_wu_os_to_gg.4;293.00;wu_os_to_gg.4;0;3034.34;1.07;0.00;35.54;car;;1;5.00
1137.00;23142338#2_0;290.21;9.76;859.00;6.14;-230845886_0;5.10;0.00;tripinfo_wu_ba_to_ns.9;278.00;wu_ba_to_ns.9;0;2346.36;0.94;0.00;52.01;car;;2;10.00
1137.00;972103805_0;116.86;10.01;855.00;0.55;803785575#0_0;5.10;0.00;tripinfo_wu_od_to_ko.28;282.00;wu_od_to_ko.28;0;2307.67;0.96;0.00;53.19;car;;2;10.00
1139.00;972103805_0;116.86;9.93;881.00;7.15;-230845886_0;5.10;0.00;tripinfo_wu_ba_to_ko.34;258.00;wu_ba_to_ko.34;0;2114.29;1.00;0.00;65.65;car;;2;9.00
1139.00;23142338#2_0;290.21;11.09;893.00;1.10;803785575#0_0;5.10;0.00;tripinfo_wu_od_to_ns.8;246.00;wu_od_to_ns.8;0;1928.29;1.03;0.00;65.92;car;;2;15.00
1139.00;230845886_0;633.12;12.83;978.00;0.27;-45494495_0;5.10;0.00;tripinfo_wu_os_to_ba.9;161.00;wu_os_to_ba.9;0;1746.52;1.18;0.00;26.15;car;;1;2.00
1142.00;45494495_0;58.90;9.71;1035.00;0.46;803785575#0_0;5.10;0.00;tripinfo_wu_od_to_os.21;107.00;wu_od_to_os.21;0;969.96;0.91;0.00;9.93;car;;0;0.00
1143.00;28706217_0;94.10;7.08;885.00;0.12;23687583_0;5.10;0.00;tripinfo_wu_as_to_sl.17;258.00;wu_as_to_sl.17;0;1976.75;0.87;0.00;46.75;car;;2;22.00
1143.00;23527526_0;253.75;12.77;1062.00;0.02;23687583_0;5.10;0.00;tripinfo_wu_as_to_gj.19;81.00;wu_as_to_gj.19;0;649.06;1.15;0.00;29.86;car;;1;13.00
1144.00;972103805_0;116.86;9.16;897.00;1.63;-230845886_0;5.10;0.00;tripinfo_wu_ba_to_ko.35;247.00;wu_ba_to_ko.35;0;2114.29;0.91;0.00;36.37;car;;2;4.00
1147.00;972103805_0;116.86;9.31;1003.00;0.38;23687583_0;5.10;0.00;tripinfo_wu_as_to_ko.27;144.00;wu_as_to_ko.27;0;1102.39;0.88;0.00;30.61;car;;1;16.00
1148.00;23156305_0;1264.14;10.76;1000.00;0.48;23687583_0;5.10;0.00;tripinfo_wu_as_to_gg.6;148.00;wu_as_to_gg.6;0;1600.87;1.07;0.00;12.01;car;;0;0.00
1149.00;972103805_0;116.86;12.55;1006.00;1.03;23687583_0;5.10;0.00;tripinfo_wu_as_to_ko.28;143.00;wu_as_to_ko.28;0;1102.39;1.18;0.00;58.61;car;;1;16.00
1151.00;41899283#1_0;148.70;12.08;884.00;0.33;803785575#0_0;5.10;0.00;tripinfo_wu_od_to_as.13;267.00;wu_od_to_as.13;0;2382.09;1.13;0.00;75.28;car;;2;16.00
1152.00;972103805_0;116.86;9.58;911.00;0.05;-230845886_0;5.10;0.00;tripinfo_wu_ba_to_ko.36;241.00;wu_ba_to_ko.36;0;2114.29;0.92;0.00;33.06;car;;2;4.00
1154.00;972103805_0;116.86;9.94;874.00;0.95;803785575#0_0;5.10;0.00;tripinfo_wu_od_to_ko.29;280.00;wu_od_to_ko.29;0;2307.67;0.99;0.00;57.98;car;;2;26.00
1155.00;23527526_0;253.75;9.96;1085.00;0.34;23687583_0;5.10;0.00;tripinfo_wu_as_to_gj.20;70.00;wu_as_to_gj.20;0;649.06;1.00;0.00;11.24;car;;0;0.00
1156.00;41899283#1_0;148.70;11.54;973.00;0.97;-45494495_0;5.10;0.00;tripinfo_wu_os_to_as.5;183.00;wu_os_to_as.5;0;1746.47;1.05;0.00;32.35;car;;2;7.00
1158.00;972103805_0;116.86;13.61;917.00;1.83;-230845886_0;5.10;0.00;tripinfo_wu_ba_to_ko.37;241.00;wu_ba_to_ko.37;0;2114.29;1.23;0.00;84.35;car;;3;16.00
1159.00;41899283#1_0;148.70;10.70;1020.00;0.20;-230845886_0;5.10;0.00;tripinfo_wu_ba_to_as.20;139.00;wu_ba_to_as.20;0;1430.78;1.05;0.00;15.07;car;;0;0.00
1159.00;23527526_0;253.75;11.87;1097.00;4.59;23687583_0;5.10;0.00;tripinfo_wu_as_to_gj.21;62.00;wu_as_to_gj.21;0;649.06;1.09;0.00;8.09;car;;0;0.00
1162.00;41899283#1_0;148.70;10.51;985.00;0.61;-45494495_0;5.10;0.00;tripinfo_wu_os_to_as.6;177.00;wu_os_to_as.6;0;1746.47;0.99;0.00;17.30;car;;0;0.00
1164.00;41899283#1_0;148.70;11.43;914.00;0.55;-23142338#2_0;5.10;0.00;tripinfo_wu_ns_to_as.4;250.00;wu_ns_to_as.4;0;2009.37;1.04;0.00;73.13;car;;3;22.00
1167.00;45494495_0;58.90;11.21;1009.00;2.30;23687583_0;5.10;0.00;tripinfo_wu_as_to_os.19;158.00;wu_as_to_os.19;0;1689.77;1.05;0.00;12.52;car;;0;0.00
1170.00;23156390_0;1121.44;9.52;775.00;2.59;803785575#0_0;5.10;0.00;tripinfo_wu_od_to_br.15;395.00;wu_od_to_br.15;0;3149.31;0.88;0.00;70.10;car;;2;9.00
1170.00;972103805_0;116.86;9.12;887.00;2.10;803785575#0_0;5.10;0.00;tripinfo_wu_od_to_ko.30;283.00;wu_od_to_ko.30;0;2307.67;0.90;0.00;40.49;car;;2;3.00
1170.00;45494495_0;58.90;10.72;1014.00;2.19;-230845886_0;5.10;0.00;tripinfo_wu_ba_to_os.16;156.00;wu_ba_to_os.16;0;1647.96;1.05;0.00;13.88;car;;0;0.00
1177.00;23527526_0;253.75;12.18;1011.00;2.97;-230845886_0;5.10;0.00;tripinfo_wu_ba_to_gj.20;166.00;wu_ba_to_gj.20;0;1755.68;1.17;0.00;29.89;car;;1;9.00
1179.00;28706217_0;94.10;7.05;945.00;0.75;23687583_0;5.10;0.00;tripinfo_wu_as_to_sl.18;234.00;wu_as_to_sl.18;0;1976.75;0.96;0.00;42.44;car;;1;8.00
1180.00;23142338#2_0;290.21;8.91;938.00;0.27;23687583_0;5.10;0.00;tripinfo_wu_as_to_ns.14;242.00;wu_as_to_ns.14;0;1995.73;0.85;0.00;26.63;car;;0;0.00
1181.00;972103805_0;116.86;9.66;932.00;0.24;-230845886_0;5.10;0.00;tripinfo_wu_ba_to_ko.38;249.00;wu_ba_to_ko.38;0;2114.29;0.90;0.00;36.06;car;;1;8.00
1183.00;41899283#1_0;148.70;9.33;919.00;0.40;803785575#0_0;5.10;0.00;tripinfo_wu_od_to_as.14;264.00;wu_od_to_as.14;0;2382.09;0.92;0.00;29.94;car;;1;5.00
1183.00;972103805_0;116.86;12.87;953.00;6.94;-230845886_0;5.10;0.00;tripinfo_wu_ba_to_ko.39;230.00;wu_ba_to_ko.39;0;2114.29;1.16;0.00;63.75;car;;0;0.00
1189.00;23142338#2_0;290.21;9.74;948.00;3.74;23687583_0;5.10;0.00;tripinfo_wu_as_to_ns.15;241.00;wu_as_to_ns.15;0;1995.73;0.92;0.00;42.38;car;;2;11.00
1190.00;972103805_0;116.86;10.09;1056.00;0.94;23687583_0;5.10;0.00;tripinfo_wu_as_to_ko.29;134.00;wu_as_to_ko.29;0;1102.39;0.95;0.00;29.39;car;;1;15.00
1191.00;23142338#2_0;290.21;11.57;973.00;0.90;23687583_0;5.10;0.00;tripinfo_wu_as_to_ns.16;218.00;wu_as_to_ns.16;0;1995.73;1.09;0.00;50.62;car;;2;14.00
1192.00;972103805_0;116.86;11.47;1069.00;0.68;23687583_0;5.10;0.00;tripinfo_wu_as_to_ko.30;123.00;wu_as_to_ko.30;0;1102.39;1.09;0.00;31.19;car;;1;7.00
1193.00;23156305_0;1264.14;9.13;872.00;5.84;-230845886_0;5.10;0.00;tripinfo_wu_ba_to_gg.9;321.00;wu_ba_to_gg.9;0;2718.65;0.86;0.00;32.94;car;;0;0.00
1193.00;23142338#2_0;290.21;10.22;938.00;0.62;-230845886_0;5.10;0.00;tripinfo_wu_ba_to_ns.10;255.00;wu_ba_to_ns.10;0;2346.36;1.03;0.00;48.16;car;;2;11.00
1195.00;23156305_0;1264.14;12.09;920.00;1.96;-230845886_0;5.10;0.00;tripinfo_wu_ba_to_gg.10;275.00;wu_ba_to_gg.10;0;2718.65;1.14;0.00;57.22;car;;1;8.00
1196.00;972103805_0;116.86;9.70;890.00;0.86;803785575#0_0;5.10;0.00;tripinfo_wu_od_to_ko.31;306.00;wu_od_to_ko.31;0;2307.67;0.91;0.00;66.48;car;;3;15.00
1196.00;41899283#1_0;148.70;10.19;954.00;2.71;803785575#0_0;5.10;0.00;tripinfo_wu_od_to_as.15;242.00;wu_od_to_as.15;0;2382.09;1.01;0.00;28.16;car;;1;5.00
1197.00;23156030#6_0;109.07;10.62;908.00;0.52;23687583_0;5.10;0.00;tripinfo_wu_as_to_od.9;289.00;wu_as_to_od.9;0;2357.31;0.98;0.00;72.26;car;;1;7.00
1198.00;972103805_0;116.86;11.35;928.00;0.09;-45494495_0;5.10;0.00;tripinfo_wu_os_to_ko.12;270.00;wu_os_to_ko.12;0;2045.29;1.05;0.00;83.21;car;;5;29.00
1198.00;23142338#2_0;290.21;10.35;941.00;3.42;-230845886_0;5.10;0.00;tripinfo_wu_ba_to_ns.11;257.00;wu_ba_to_ns.11;0;2346.36;0.98;0.00;40.48;car;;2;7.00
1198.00;45494495_0;58.90;9.58;1020.00;0.98;23687583_0;5.10;0.00;tripinfo_wu_as_to_os.20;178.00;wu_as_to_os.20;0;1689.77;0.93;0.00;13.61;car;;0;0.00
1199.00;23142338#2_0;290.21;10.99;944.00;3.59;-230845886_0;5.10;0.00;tripinfo_wu_ba_to_ns.12;255.00;wu_ba_to_ns.12;0;2346.36;1.02;0.00;47.47;car;;2;6.00
1200.00;972103805_0;116.86;11.11;924.00;0.77;803785575#0_0;5.10;0.00;tripinfo_wu_od_to_ko.32;276.00;wu_od_to_ko.32;0;2307.67;1.04;0.00;65.30;car;;4;19.00
1200.00;45494495_0;58.90;9.32;1023.00;2.43;23687583_0;5.10;0.00;tripinfo_wu_as_to_os.21;177.00;wu_as_to_os.21;0;1689.77;0.94;0.00;14.29;car;;0;0.00
1202.00;972103805_0;116.86;12.11;947.00;0.57;803785575#0_0;5.10;0.00;tripinfo_wu_od_to_ko.33;255.00;wu_od_to_ko.33;0;2307.67;1.16;0.00;65.78;car;;2;12.00
1207.00;972103805_0;116.86;8.84;959.00;9.82;-230845886_0;5.10;0.00;tripinfo_wu_ba_to_ko.40;248.00;wu_ba_to_ko.40;0;2114.29;0.87;0.00;25.43;car;;0;0.00
1211.00;45494495_0;58.90;10.03;1050.00;0.62;-230845886_0;5.10;0.00;tripinfo_wu_ba_to_os.17;161.00;wu_ba_to_os.17;0;1647.96;1.02;0.00;13.58;car;;0;0.00
1213.00;23156030#6_0;109.07;8.35;891.00;0.90;23687583_0;5.10;0.00;tripinfo_wu_as_to_od.8;322.00;wu_as_to_od.8;0;2357.31;0.76;0.00;41.03;car;;1;11.00
1214.00;28716808#1_0;754.74;10.85;959.00;1.74;-23142338#2_0;5.10;0.00;tripinfo_wu_ns_to_kl.2;255.00;wu_ns_to_kl.2;0;2315.58;0.99;0.00;42.05;car;;2;13.00
1215.00;28716808#1_0;754.74;12.48;1094.00;3.80;23687583_0;5.10;0.00;tripinfo_wu_as_to_kl.4;121.00;wu_as_to_kl.4;0;1207.92;1.21;0.00;31.05;car;;1;5.00
1222.00;972103805_0;116.86;9.85;984.00;0.54;-230845886_0;5.10;0.00;tripinfo_wu_ba_to_ko.41;238.00;wu_ba_to_ko.41;0;2114.29;0.89;0.00;21.83;car;;0;0.00
1224.00;972103805_0;116.86;12.40;1008.00;0.84;-230845886_0;5.10;0.00;tripinfo_wu_ba_to_ko.42;216.00;wu_ba_to_ko.42;0;2114.29;1.20;0.00;55.03;car;;0;0.00
1224.00;45494495_0;58.90;10.80;1067.00;0.60;-230845886_0;5.10;0.00;tripinfo_wu_ba_to_os.18;157.00;wu_ba_to_os.18;0;1647.96;1.03;0.00;12.80;car;;0;0.00
1226.00;28706217_0;94.10;7.62;1165.00;0.84;-45494495_0;5.10;0.00;tripinfo_wu_os_to_sl.6;61.00;wu_os_to_sl.6;0;484.95;0.95;0.00;8.71;car;;0;0.00
1227.00;230845886_0;633.12;13.78;998.00;0.23;803785575#0_0;5.10;0.00;tripinfo_wu_od_to_ba.19;229.00;wu_od_to_ba.19;0;2382.14;1.27;0.00;56.38;car;;0;0.00
1228.00;23156030#6_0;109.07;10.38;995.00;1.79;23687583_0;5.10;0.00;tripinfo_wu_as_to_od.10;233.00;wu_as_to_od.10;0;2357.31;1.02;0.00;25.30;car;;1;6.00
1229.00;972103805_0;116.86;10.50;1068.00;1.61;-23142338#2_0;5.10;0.00;tripinfo_wu_ns_to_ko.33;161.00;wu_ns_to_ko.33;0;1398.55;0.95;0.00;29.15;car;;1;8.00
1231.00;45494495_0;58.90;10.12;1132.00;1.23;803785575#0_0;5.10;0.00;tripinfo_wu_od_to_os.22;99.00;wu_od_to_os.22;0;969.96;0.97;0.00;8.32;car;;0;0.00
1236.00;972103805_0;116.86;11.72;1116.00;0.01;23687583_0;5.10;0.00;tripinfo_wu_as_to_ko.31;120.00;wu_as_to_ko.31;0;1102.39;1.06;0.00;25.95;car;;1;14.00
1237.00;23142338#2_0;290.21;10.40;976.00;2.90;-230845886_0;5.10;0.00;tripinfo_wu_ba_to_ns.13;261.00;wu_ba_to_ns.13;0;2346.36;0.98;0.00;43.08;car;;2;8.00
1240.00;28716808#1_0;754.74;9.92;929.00;0.10;803785575#0_0;5.10;0.00;tripinfo_wu_od_to_kl.11;311.00;wu_od_to_kl.11;0;2678.40;0.91;0.00;44.88;car;;2;12.00
1241.00;23156030#6_0;109.07;12.19;1030.00;0.40;-230845886_0;5.10;0.00;tripinfo_wu_ba_to_od.13;211.00;wu_ba_to_od.13;0;2315.50;1.12;0.00;24.48;car;;1;4.00
1242.00;28716808#1_0;754.74;8.98;933.00;0.45;803785575#0_0;5.10;0.00;tripinfo_wu_od_to_kl.12;309.00;wu_od_to_kl.12;0;2678.40;0.91;0.00;44.52;car;;2;11.00
1244.00;23527526_0;253.75;11.31;1083.00;0.94;-230845886_0;5.10;0.00;tripinfo_wu_ba_to_gj.21;161.00;wu_ba_to_gj.21;0;1755.68;1.08;0.00;13.69;car;;0;0.00
1244.00;230845886_0;633.12;11.28;1109.00;0.46;23687583_0;5.10;0.00;tripinfo_wu_as_to_ba.14;135.00;wu_as_to_ba.14;0;1356.50;1.04;0.00;16.44;car;;1;1.00
1245.00;230845886_0;633.12;11.93;1112.00;1.18;23687583_0;5.10;0.00;tripinfo_wu_as_to_ba.15;133.00;wu_as_to_ba.15;0;1356.50;1.10;0.00;21.98;car;;0;0.00
1248.00;28716808#1_0;754.74;10.14;958.00;0.75;803785575#0_0;5.10;0.00;tripinfo_wu_od_to_kl.13;290.00;wu_od_to_kl.13;0;2678.40;0.93;0.00;28.97;car;;1;5.00
1249.00;23156390_0;1121.44;8.42;897.00;0.39;-23142338#2_0;5.10;0.00;tripinfo_wu_ns_to_br.1;352.00;wu_ns_to_br.1;0;2792.05;0.84;0.00;51.87;car;;2;15.00
1254.00;23527526_0;253.75;9.94;1186.00;8.23;23687583_0;5.10;0.00;tripinfo_wu_as_to_gj.22;68.00;wu_as_to_gj.22;0;649.06;0.98;0.00;7.59;car;;0;0.00
1256.00;23156030#6_0;109.07;11.04;1014.00;3.70;-23142338#2_0;5.10;0.00;tripinfo_wu_ns_to_od.0;242.00;wu_ns_to_od.0;0;2005.01;1.01;0.00;50.21;car;;2;8.00
1258.00;45494495_0;58.90;10.07;1081.00;0.08;23687583_0;5.10;0.00;tripinfo_wu_as_to_os.22;177.00;wu_as_to_os.22;0;1689.77;0.96;0.00;18.25;car;;0;0.00
1262.00;972103805_0;116.86;8.67;1123.00;3.85;23687583_0;5.10;0.00;tripinfo_wu_as_to_ko.32;139.00;wu_as_to_ko.32;0;1102.39;0.86;0.00;23.52;car;;1;8.00
1264.00;23156030#6_0;109.07;11.24;1045.00;0.27;23687583_0;5.10;0.00;tripinfo_wu_as_to_od.12;219.00;wu_as_to_od.12;0;2357.31;1.09;0.00;23.52;car;;0;0.00
1267.00;23156030#6_0;109.07;9.87;1026.00;4.05;23687583_0;5.10;0.00;tripinfo_wu_as_to_od.11;241.00;wu_as_to_od.11;0;2357.31;0.99;0.00;24.81;car;;0;0.00
1268.00;23156305_0;1264.14;8.52;817.00;0.59;803785575#0_0;5.10;0.00;tripinfo_wu_od_to_gg.13;451.00;wu_od_to_gg.13;0;3669.96;0.81;0.00;38.48;car;;0;0.00
1268.00;230845886_0;633.12;11.46;1050.00;0.86;803785575#0_0;5.10;0.00;tripinfo_wu_od_to_ba.20;218.00;wu_od_to_ba.20;0;2382.14;1.07;0.00;16.00;car;;0;0.00
1271.00;972103805_0;116.86;8.52;966.00;0.44;-45494495_0;5.10;0.00;tripinfo_wu_os_to_ko.13;305.00;wu_os_to_ko.13;0;2045.29;0.83;0.00;68.47;car;;5;22.00
1273.00;972103805_0;116.86;9.42;976.00;0.73;803785575#0_0;5.10;0.00;tripinfo_wu_od_to_ko.34;297.00;wu_od_to_ko.34;0;2307.67;0.93;0.00;59.70;car;;2;9.00
1274.00;45494495_0;58.90;8.60;1159.00;2.59;803785575#0_0;5.10;0.00;tripinfo_wu_od_to_os.23;115.00;wu_od_to_os.23;0;969.96;0.83;0.00;9.75;car;;0;0.00
1275.00;972103805_0;116.86;10.11;982.00;2.49;803785575#0_0;5.10;0.00;tripinfo_wu_od_to_ko.35;293.00;wu_od_to_ko.35;0;2307.67;1.01;0.00;75.31;car;;2;8.00
1275.00;41899283#1_0;148.70;8.23;1011.00;0.95;-23142338#2_0;5.10;0.00;tripinfo_wu_ns_to_as.5;264.00;wu_ns_to_as.5;0;2009.37;0.83;0.00;43.73;car;;2;13.00
1276.00;972103805_0;116.86;10.09;1001.00;1.44;803785575#0_0;5.10;0.00;tripinfo_wu_od_to_ko.36;275.00;wu_od_to_ko.36;0;2307.67;0.99;0.00;54.60;car;;3;15.00
1277.00;41899283#1_0;148.70;12.57;1120.00;1.94;-45494495_0;5.10;0.00;tripinfo_wu_os_to_as.7;157.00;wu_os_to_as.7;0;1746.47;1.17;0.00;20.97;car;;0;0.00
1279.00;972103805_0;116.86;9.99;1165.00;0.81;23687583_0;5.10;0.00;tripinfo_wu_as_to_ko.33;114.00;wu_as_to_ko.33;0;1102.39;0.95;0.00;9.67;car;;0;0.00
1280.00;230845886_0;633.12;10.75;1148.00;2.64;23687583_0;5.10;0.00;tripinfo_wu_as_to_ba.16;132.00;wu_as_to_ba.16;0;1356.50;1.03;0.00;13.25;car;;0;0.00
1281.00;972103805_0;116.86;11.52;1170.00;0.91;23687583_0;5.10;0.00;tripinfo_wu_as_to_ko.34;111.00;wu_as_to_ko.34;0;1102.39;1.04;0.00;14.79;car;;0;0.00
1284.00;23527526_0;253.75;8.78;1029.00;0.89;-45494495_0;5.10;0.00;tripinfo_wu_os_to_gj.3;255.00;wu_os_to_gj.3;0;2071.37;0.83;0.00;27.69;car;;1;2.00
1286.00;23527526_0;253.75;9.00;973.00;0.60;803785575#0_0;5.10;0.00;tripinfo_wu_od_to_gj.5;313.00;wu_od_to_gj.5;0;2706.99;0.91;0.00;43.93;car;;1;1.00
1287.00;23142338#2_0;290.21;10.62;1072.00;0.39;23687583_0;5.10;0.00;tripinfo_wu_as_to_ns.17;215.00;wu_as_to_ns.17;0;1995.73;1.06;0.00;43.99;car;;2;9.00
1288.00;23527526_0;253.75;11.09;988.00;3.11;803785575#0_0;5.10;0.00;tripinfo_wu_od_to_gj.6;300.00;wu_od_to_gj.6;0;2706.99;1.05;0.00;66.17;car;;0;0.00
1289.00;23527526_0;253.75;11.98;1030.00;1.15;803785575#0_0;5.10;0.00;tripinfo_wu_od_to_gj.7;259.00;wu_od_to_gj.7;0;2706.99;1.13;0.00;42.98;car;;1;8.00
1290.00;972103805_0;116.86;9.33;1040.00;1.16;-45494495_0;5.10;0.00;tripinfo_wu_os_to_ko.14;250.00;wu_os_to_ko.14;0;2045.29;0.95;0.00;44.84;car;;2;9.00
1294.00;23156305_0;1264.14;8.83;973.00;0.51;-230845886_0;5.10;0.00;tripinfo_wu_ba_to_gg.11;321.00;wu_ba_to_gg.11;0;2718.65;0.85;0.00;31.45;car;;0;0.00
1295.00;23156030#6_0;109.07;11.34;1082.00;0.20;-23142338#2_0;5.10;0.00;tripinfo_wu_ns_to_od.1;213.00;wu_ns_to_od.1;0;2005.01;1.08;0.00;34.51;car;;3;6.00
1296.00;28716808#1_0;754.74;9.87;985.00;2.59;803785575#0_0;5.10;0.00;tripinfo_wu_od_to_kl.14;311.00;wu_od_to_kl.14;0;2678.40;0.91;0.00;43.90;car;;2;9.00
1302.00;23156305_0;1264.14;9.14;860.00;0.40;803785575#0_0;5.10;0.00;tripinfo_wu_od_to_gg.14;442.00;wu_od_to_gg.14;0;3669.96;0.83;0.00;39.47;car;;0;0.00
1304.00;972103805_0;116.86;11.15;1173.00;3.91;23687583_0;5.10;0.00;tripinfo_wu_as_to_ko.35;131.00;wu_as_to_ko.35;0;1102.39;1.03;0.00;34.53;car;;1;17.00
1305.00;28716808#1_0;754.74;9.68;1017.00;1.17;-23142338#2_0;5.10;0.00;tripinfo_wu_ns_to_kl.3;288.00;wu_ns_to_kl.3;0;2315.58;0.90;0.00;53.09;car;;3;12.00
1307.00;23142338#2_0;290.21;11.14;1091.00;3.40;23687583_0;5.10;0.00;tripinfo_wu_as_to_ns.18;216.00;wu_as_to_ns.18;0;1995.73;1.04;0.00;40.14;car;;2;12.00
1309.00;28716808#1_0;754.74;10.24;1183.00;5.39;23687583_0;5.10;0.00;tripinfo_wu_as_to_kl.5;126.00;wu_as_to_kl.5;0;1207.92;0.95;0.00;10.44;car;;0;0.00
1310.00;45494495_0;58.90;10.52;1103.00;0.94;-230845886_0;5.10;0.00;tripinfo_wu_ba_to_os.19;207.00;wu_ba_to_os.19;0;1647.96;0.97;0.00;53.81;car;;0;0.00
1311.00;28716808#1_0;754.74;10.05;1189.00;9.80;23687583_0;5.10;0.00;tripinfo_wu_as_to_kl.6;122.00;wu_as_to_kl.6;0;1207.92;1.02;0.00;13.85;car;;0;0.00
1312.00;45494495_0;58.90;11.54;1139.00;0.58;23687583_0;5.10;0.00;tripinfo_wu_as_to_os.23;173.00;wu_as_to_os.23;0;1689.77;1.05;0.00;27.68;car;;1;1.00
1316.00;28716808#1_0;754.74;9.45;1086.00;1.56;-45494495_0;5.10;0.00;tripinfo_wu_os_to_kl.5;230.00;wu_os_to_kl.5;0;2042.78;0.94;0.00;33.44;car;;2;3.00
1318.00;23156390_0;1121.44;10.78;979.00;3.51;803785575#0_0;5.10;0.00;tripinfo_wu_od_to_br.16;339.00;wu_od_to_br.16;0;3149.31;0.99;0.00;51.75;car;;2;7.00
1318.00;23156030#6_0;109.07;10.04;1104.00;0.73;-23142338#2_0;5.10;0.00;tripinfo_wu_ns_to_od.2;214.00;wu_ns_to_od.2;0;2005.01;1.02;0.00;24.88;car;;1;3.00
1320.00;23142338#2_0;290.21;11.28;1089.00;2.73;-45494495_0;5.10;0.00;tripinfo_wu_os_to_ns.3;231.00;wu_os_to_ns.3;0;1665.91;1.06;0.00;78.19;car;;4;25.00
1320.00;23156390_0;1121.44;12.02;1156.00;1.40;23687583_0;5.10;0.00;tripinfo_wu_as_to_br.5;164.00;wu_as_to_br.5;0;1694.48;1.18;0.00;34.15;car;;1;6.00
1321.00;230845886_0;633.12;9.48;1062.00;0.25;-23142338#2_0;5.10;0.00;tripinfo_wu_ns_to_ba.3;259.00;wu_ns_to_ba.3;0;2340.42;0.89;0.00;23.38;car;;0;0.00
1323.00;972103805_0;116.86;9.13;1086.00;0.74;-230845886_0;5.10;0.00;tripinfo_wu_ba_to_ko.43;237.00;wu_ba_to_ko.43;0;2114.29;0.92;0.00;27.08;car;;1;1.00
1324.00;23527526_0;253.75;11.40;1133.00;0.82;-45494495_0;5.10;0.00;tripinfo_wu_os_to_gj.4;191.00;wu_os_to_gj.4;0;2071.37;1.08;0.00;16.74;car;;0;0.00
1326.00;23156305_0;1264.14;11.58;999.00;0.38;-23142338#2_0;5.10;0.00;tripinfo_wu_ns_to_gg.3;327.00;wu_ns_to_gg.3;0;3297.24;1.04;0.00;39.63;car;;1;9.00
1328.00;23156305_0;1264.14;11.72;1070.00;2.75;-230845886_0;5.10;0.00;tripinfo_wu_ba_to_gg.12;258.00;wu_ba_to_gg.12;0;2718.65;1.14;0.00;40.91;car;;1;5.00
1329.00;28706217_0;94.10;6.76;1088.00;2.15;23687583_0;5.10;0.00;tripinfo_wu_as_to_sl.19;241.00;wu_as_to_sl.19;0;1976.75;0.93;0.00;44.43;car;;3;13.00
1331.00;972103805_0;116.86;8.61;1027.00;1.24;803785575#0_0;5.10;0.00;tripinfo_wu_od_to_ko.37;304.00;wu_od_to_ko.37;0;2307.67;0.85;0.00;47.02;car;;2;13.00
1332.00;41899283#1_0;148.70;11.70;1186.00;0.09;-230845886_0;5.10;0.00;tripinfo_wu_ba_to_as.21;146.00;wu_ba_to_as.21;0;1430.78;1.07;0.00;25.59;car;;1;5.00
1333.00;972103805_0;116.86;10.76;1058.00;1.53;803785575#0_0;5.10;0.00;tripinfo_wu_od_to_ko.38;275.00;wu_od_to_ko.38;0;2307.67;1.03;0.00;60.44;car;;2;10.00
1333.00;23156305_0;1264.14;11.48;1192.00;12.55;23687583_0;5.10;0.00;tripinfo_wu_as_to_gg.7;141.00;wu_as_to_gg.7;0;1600.87;1.13;0.00;12.58;car;;0;0.00
1343.00;23156390_0;1121.44;11.62;1179.00;2.33;23687583_0;5.10;0.00;tripinfo_wu_as_to_br.6;164.00;wu_as_to_br.6;0;1694.48;1.05;0.00;18.29;car;;1;1.00
1347.00;972103805_0;116.86;10.26;1200.00;0.47;-23142338#2_0;5.10;0.00;tripinfo_wu_ns_to_ko.34;147.00;wu_ns_to_ko.34;0;1398.55;1.01;0.00;21.96;car;;1;5.00
1352.00;41899283#1_0;148.70;8.73;1068.00;1.92;803785575#0_0;5.10;0.00;tripinfo_wu_od_to_as.16;284.00;wu_od_to_as.16;0;2382.09;0.89;0.00;42.30;car;;0;0.00
1353.00;972103805_0;116.86;9.23;1203.00;2.75;-23142338#2_0;5.10;0.00;tripinfo_wu_ns_to_ko.35;150.00;wu_ns_to_ko.35;0;1398.55;0.95;0.00;16.18;car;;0;0.00
1358.00;45494495_0;58.90;10.72;1176.00;0.66;-23142338#2_0;5.10;0.00;tripinfo_wu_ns_to_os.2;182.00;wu_ns_to_os.2;0;1865.82;1.03;0.00;16.93;car;;0;0.00
1360.00;23156390_0;1121.44;9.36;1083.00;0.78;-45494495_0;5.10;0.00;tripinfo_wu_os_to_br.3;277.00;wu_os_to_br.3;0;2513.69;0.93;0.00;30.72;car;;1;2.00
1362.00;230845886_0;633.12;8.32;1055.00;0.06;803785575#0_0;5.10;0.00;tripinfo_wu_od_to_ba.21;307.00;wu_od_to_ba.21;0;2382.14;0.76;0.00;24.96;car;;0;0.00
1370.00;23156305_0;1264.14;10.87;1219.00;0.63;23687583_0;5.10;0.00;tripinfo_wu_as_to_gg.8;151.00;wu_as_to_gg.8;0;1600.87;1.05;0.00;12.29;car;;0;0.00
1372.00;23156305_0;1264.14;11.83;1122.00;0.12;-230845886_0;5.10;0.00;tripinfo_wu_ba_to_gg.13;250.00;wu_ba_to_gg.13;0;2718.65;1.12;0.00;28.97;car;;0;0.00
1373.00;972103805_0;116.86;8.67;1062.00;0.52;803785575#0_0;5.10;0.00;tripinfo_wu_od_to_ko.39;311.00;wu_od_to_ko.39;0;2307.67;0.83;0.00;47.00;car;;2;15.00
1373.00;41899283#1_0;148.70;12.01;1114.00;0.37;803785575#0_0;5.10;0.00;tripinfo_wu_od_to_as.17;259.00;wu_od_to_as.17;0;2382.09;1.09;0.00;61.20;car;;1;7.00
1374.00;28716808#1_0;754.74;9.84;1147.00;0.29;-45494495_0;5.10;0.00;tripinfo_wu_os_to_kl.6;227.00;wu_os_to_kl.6;0;2042.78;1.00;0.00;42.17;car;;0;0.00
1374.00;45494495_0;58.90;11.07;1286.00;2.50;803785575#0_0;5.10;0.00;tripinfo_wu_od_to_os.25;88.00;wu_od_to_os.25;0;969.96;1.09;0.00;7.31;car;;0;0.00
1375.00;972103805_0;116.86;10.63;1065.00;0.70;803785575#0_0;5.10;0.00;tripinfo_wu_od_to_ko.40;310.00;wu_od_to_ko.40;0;2307.67;1.02;0.00;93.86;car;;2;12.00
1375.00;28706217_0;94.10;6.57;1286.00;2.18;-45494495_0;5.10;0.00;tripinfo_wu_os_to_sl.7;89.00;wu_os_to_sl.7;0;484.95;0.84;0.00;30.80;car;;1;19.00
1377.00;23142338#2_0;290.21;10.57;1159.00;2.31;23687583_0;5.10;0.00;tripinfo_wu_as_to_ns.19;218.00;wu_as_to_ns.19;0;1995.73;1.05;0.00;45.21;car;;3;17.00
1377.00;972103805_0;116.86;10.64;1220.00;0.30;-23142338#2_0;5.10;0.00;tripinfo_wu_ns_to_ko.36;157.00;wu_ns_to_ko.36;0;1398.55;0.98;0.00;27.59;car;;1;3.00
1380.00;28716808#1_0;754.74;9.66;1080.00;0.56;803785575#0_0;5.10;0.00;tripinfo_wu_od_to_kl.15;300.00;wu_od_to_kl.15;0;2678.40;0.98;0.00;51.70;car;;0;0.00
1380.00;45494495_0;58.90;10.23;1283.00;0.60;803785575#0_0;5.10;0.00;tripinfo_wu_od_to_os.24;97.00;wu_od_to_os.24;0;969.96;1.02;0.00;11.35;car;;0;0.00
1382.00;28706217_0;94.10;5.91;1089.00;0.72;-230845886_0;5.10;0.00;tripinfo_wu_ba_to_sl.12;293.00;wu_ba_to_sl.12;0;1934.94;0.73;0.00;46.86;car;;2;12.00
1382.00;230845886_0;633.12;9.44;1230.00;0.09;23687583_0;5.10;0.00;tripinfo_wu_as_to_ba.17;152.00;wu_as_to_ba.17;0;1356.50;0.94;0.00;21.29;car;;1;7.00
1384.00;28706217_0;94.10;7.95;1120.00;0.87;23687583_0;5.10;0.00;tripinfo_wu_as_to_sl.20;264.00;wu_as_to_sl.20;0;1976.75;1.03;0.00;86.45;car;;5;31.00
1384.00;23142338#2_0;290.21;11.20;1187.00;2.29;803785575#0_0;5.10;0.00;tripinfo_wu_od_to_ns.9;197.00;wu_od_to_ns.9;0;1928.29;1.09;0.00;25.99;car;;1;6.00
1384.00;230845886_0;633.12;10.71;1255.00;3.00;23687583_0;5.10;0.00;tripinfo_wu_as_to_ba.18;129.00;wu_as_to_ba.18;0;1356.50;1.05;0.00;12.59;car;;0;0.00
1385.00;41899283#1_0;148.70;10.49;1237.00;0.64;-230845886_0;5.10;0.00;tripinfo_wu_ba_to_as.22;148.00;wu_ba_to_as.22;0;1430.78;1.03;0.00;21.69;car;;0;0.00
1386.00;28706217_0;94.10;9.05;1145.00;0.56;23687583_0;5.10;0.00;tripinfo_wu_as_to_sl.21;241.00;wu_as_to_sl.21;0;1976.75;1.14;0.00;80.26;car;;3;14.00
1397.00;28706217_0;94.10;8.19;1177.00;0.67;-230845886_0;5.10;0.00;tripinfo_wu_ba_to_sl.13;220.00;wu_ba_to_sl.13;0;1934.94;1.06;0.00;49.93;car;;4;10.00
1398.00;23527526_0;253.75;10.63;1178.00;0.69;-45494495_0;5.10;0.00;tripinfo_wu_os_to_gj.5;220.00;wu_os_to_gj.5;0;2071.37;1.02;0.00;35.45;car;;1;3.00
1399.00;28716808#1_0;754.74;10.63;1090.00;1.44;803785575#0_0;5.10;0.00;tripinfo_wu_od_to_kl.16;309.00;wu_od_to_kl.16;0;2678.40;0.98;0.00;61.20;car;;2;11.00
1400.00;230845886_0;633.12;8.94;1129.00;0.17;803785575#0_0;5.10;0.00;tripinfo_wu_od_to_ba.22;271.00;wu_od_to_ba.22;0;2382.14;0.87;0.00;22.44;car;;0;0.00
1404.00;23156030#6_0;109.07;10.35;1152.00;0.70;23687583_0;5.10;0.00;tripinfo_wu_as_to_od.13;252.00;wu_as_to_od.13;0;2357.31;0.99;0.00;36.66;car;;1;5.00
1406.00;230845886_0;633.12;10.84;1162.00;0.08;-23142338#2_0;5.10;0.00;tripinfo_wu_ns_to_ba.4;244.00;wu_ns_to_ba.4;0;2340.42;1.01;0.00;35.64;car;;2;7.00
1406.00;972103805_0;116.86;9.61;1166.00;0.39;-230845886_0;5.10;0.00;tripinfo_wu_ba_to_ko.44;240.00;wu_ba_to_ko.44;0;2114.29;0.88;0.00;21.25;car;;0;0.00
1407.00;23156390_0;1121.44;9.74;1169.00;0.88;-230845886_0;5.10;0.00;tripinfo_wu_ba_to_br.1;238.00;wu_ba_to_br.1;0;2198.00;0.93;0.00;22.96;car;;0;0.00
1408.00;23142338#2_0;290.21;8.91;1176.00;6.54;23687583_0;5.10;0.00;tripinfo_wu_as_to_ns.20;232.00;wu_as_to_ns.20;0;1995.73;0.90;0.00;30.25;car;;1;6.00
1408.00;23156390_0;1121.44;11.25;1252.00;0.11;23687583_0;5.10;0.00;tripinfo_wu_as_to_br.7;156.00;wu_as_to_br.7;0;1694.48;1.09;0.00;14.96;car;;0;0.00
1408.00;23156305_0;1264.14;10.72;1261.00;7.13;23687583_0;5.10;0.00;tripinfo_wu_as_to_gg.9;147.00;wu_as_to_gg.9;0;1600.87;1.06;0.00;10.37;car;;0;0.00
1410.00;28716808#1_0;754.74;10.55;1117.00;0.75;803785575#0_0;5.10;0.00;tripinfo_wu_od_to_kl.17;293.00;wu_od_to_kl.17;0;2678.40;1.03;0.00;59.03;car;;2;16.00
1410.00;972103805_0;116.86;9.88;1139.00;0.49;803785575#0_0;5.10;0.00;tripinfo_wu_od_to_ko.41;271.00;wu_od_to_ko.41;0;2307.67;0.95;0.00;41.52;car;;2;11.00
1411.00;41899283#1_0;148.70;11.98;1161.00;3.79;803785575#0_0;5.10;0.00;tripinfo_wu_od_to_as.18;250.00;wu_od_to_as.18;0;2382.09;1.10;0.00;53.72;car;;1;2.00
1413.00;23156030#6_0;109.07;8.18;1139.00;1.52;-230845886_0;5.10;0.00;tripinfo_wu_ba_to_od.14;274.00;wu_ba_to_od.14;0;2315.50;0.83;0.00;21.28;car;;0;0.00
1413.00;972103805_0;116.86;11.29;1171.00;0.27;-45494495_0;5.10;0.00;tripinfo_wu_os_to_ko.15;242.00;wu_os_to_ko.15;0;2045.29;1.05;0.00;55.32;car;;2;12.00
1414.00;972103805_0;116.86;12.12;1276.00;0.30;-23142338#2_0;5.10;0.00;tripinfo_wu_ns_to_ko.37;138.00;wu_ns_to_ko.37;0;1398.55;1.17;0.00;30.46;car;;1;4.00
1415.00;45494495_0;58.90;11.67;1328.00;0.06;803785575#0_0;5.10;0.00;tripinfo_wu_od_to_os.26;87.00;wu_od_to_os.26;0;969.96;1.11;0.00;7.44;car;;0;0.00
1419.00;45494495_0;58.90;10.28;1245.00;2.72;-230845886_0;5.10;0.00;tripinfo_wu_ba_to_os.20;174.00;wu_ba_to_os.20;0;1647.96;1.00;0.00;26.24;car;;1;2.00
1427.00;41899283#1_0;148.70;10.72;1168.00;3.46;803785575#0_0;5.10;0.00;tripinfo_wu_od_to_as.19;259.00;wu_od_to_as.19;0;2382.09;1.00;0.00;42.41;car;;1;9.00
1428.00;28706217_0;94.10;6.69;1180.00;1.15;-230845886_0;5.10;0.00;tripinfo_wu_ba_to_sl.14;248.00;wu_ba_to_sl.14;0;1934.94;0.94;0.00;56.41;car;;2;27.00
1430.00;28706217_0;94.10;8.78;1196.00;10.04;23687583_0;5.10;0.00;tripinfo_wu_as_to_sl.22;234.00;wu_as_to_sl.22;0;1976.75;1.15;0.00;74.15;car;;3;31.00
1432.00;41899283#1_0;148.70;9.90;1171.00;5.15;803785575#0_0;5.10;0.00;tripinfo_wu_od_to_as.20;261.00;wu_od_to_as.20;0;2382.09;0.91;0.00;23.27;car;;0;0.00
1432.00;972103805_0;116.86;8.96;1293.00;0.91;23687583_0;5.10;0.00;tripinfo_wu_as_to_ko.36;139.00;wu_as_to_ko.36;0;1102.39;0.82;0.00;17.18;car;;1;3.00
1434.00;41899283#1_0;148.70;12.25;1209.00;2.09;803785575#0_0;5.10;0.00;tripinfo_wu_od_to_as.21;225.00;wu_od_to_as.21;0;2382.09;1.15;0.00;38.48;car;;0;0.00
1434.00;972103805_0;116.86;11.24;1284.00;0.94;-23142338#2_0;5.10;0.00;tripinfo_wu_ns_to_ko.38;150.00;wu_ns_to_ko.38;0;1398.55;1.01;0.00;25.13;car;;1;3.00
1435.00;972103805_0;116.86;12.34;1190.00;4.47;803785575#0_0;5.10;0.00;tripinfo_wu_od_to_ko.42;245.00;wu_od_to_ko.42;0;2307.67;1.14;0.00;52.16;car;;2;6.00
1441.00;23142338#2_0;290.21;12.05;1258.00;4.47;23687583_0;5.10;0.00;tripinfo_wu_as_to_ns.21;183.00;wu_as_to_ns.21;0;1995.73;1.17;0.00;27.14;car;;1;4.00
1446.00;41899283#1_0;148.70;11.78;1267.00;0.70;-45494495_0;5.10;0.00;tripinfo_wu_os_to_as.8;179.00;wu_os_to_as.8;0;1746.47;1.08;0.00;32.02;car;;1;3.00
1447.00;23156030#6_0;109.07;9.43;1198.00;0.49;-230845886_0;5.10;0.00;tripinfo_wu_ba_to_od.15;249.00;wu_ba_to_od.15;0;2315.50;0.93;0.00;24.69;car;;1;1.00
1448.00;23527526_0;253.75;8.90;1248.00;0.91;-230845886_0;5.10;0.00;tripinfo_wu_ba_to_gj.22;200.00;wu_ba_to_gj.22;0;1755.68;0.90;0.00;22.60;car;;1;3.00
1450.00;23156390_0;1121.44;9.12;1268.00;0.76;23687583_0;5.10;0.00;tripinfo_wu_as_to_br.8;182.00;wu_as_to_br.8;0;1694.48;0.94;0.00;18.15;car;;0;0.00
1450.00;28716808#1_0;754.74;10.21;1332.00;0.87;23687583_0;5.10;0.00;tripinfo_wu_as_to_kl.7;118.00;wu_as_to_kl.7;0;1207.92;1.02;0.00;10.44;car;;0;0.00
1450.00;23527526_0;253.75;10.87;1373.00;2.00;23687583_0;5.10;0.00;tripinfo_wu_as_to_gj.23;77.00;wu_as_to_gj.23;0;649.06;0.99;0.00;16.96;car;;1;7.00
1452.00;23156390_0;1121.44;11.86;1093.00;2.27;803785575#0_0;5.10;0.00;tripinfo_wu_od_to_br.17;359.00;wu_od_to_br.17;0;3149.31;1.08;0.00;93.53;car;;1;9.00
1456.00;45494495_0;58.90;10.57;1278.00;0.82;-230845886_0;5.10;0.00;tripinfo_wu_ba_to_os.21;178.00;wu_ba_to_os.21;0;1647.96;0.95;0.00;20.93;car;;0;0.00
1457.00;23527526_0;253.75;10.65;1165.00;2.10;803785575#0_0;5.10;0.00;tripinfo_wu_od_to_gj.8;292.00;wu_od_to_gj.8;0;2706.99;1.00;0.00;47.06;car;;2;10.00
1457.00;45494495_0;58.90;11.28;1281.00;3.16;-230845886_0;5.10;0.00;tripinfo_wu_ba_to_os.22;176.00;wu_ba_to_os.22;0;1647.96;1.31;0.00;57.17;car;;0;0.00
1459.00;23156030#6_0;109.07;9.86;1216.00;0.14;23687583_0;5.10;0.00;tripinfo_wu_as_to_od.14;243.00;wu_as_to_od.14;0;2357.31;0.97;0.00;23.14;car;;1;2.00
1466.00;28706217_0;94.10;7.18;1216.00;0.25;-230845886_0;5.10;0.00;tripinfo_wu_ba_to_sl.15;250.00;wu_ba_to_sl.15;0;1934.94;0.95;0.00;60.70;car;;2;38.00
1467.00;23156390_0;1121.44;11.58;1156.00;0.61;803785575#0_0;5.10;0.00;tripinfo_wu_od_to_br.18;311.00;wu_od_to_br.18;0;3149.31;1.11;0.00;54.21;car;;1;7.00
1467.00;41899283#1_0;148.70;9.50;1271.00;0.98;-45494495_0;5.10;0.00;tripinfo_wu_os_to_as.9;196.00;wu_os_to_as.9;0;1746.47;0.96;0.00;31.91;car;;1;8.00
1470.00;28706217_0;94.10;8.39;1262.00;0.17;-230845886_0;5.10;0.00;tripinfo_wu_ba_to_sl.16;208.00;wu_ba_to_sl.16;0;1934.94;1.07;0.00;39.77;car;;1;13.00
1474.00;28716808#1_0;754.74;10.33;1341.00;5.31;23687583_0;5.10;0.00;tripinfo_wu_as_to_kl.8;133.00;wu_as_to_kl.8;0;1207.92;0.97;0.00;20.24;car;;1;3.00
1475.00;972103805_0;116.86;11.07;1338.00;2.87;23687583_0;5.10;0.00;tripinfo_wu_as_to_ko.37;137.00;wu_as_to_ko.37;0;1102.39;1.00;0.00;37.85;car;;2;20.00
1477.00;972103805_0;116.86;10.87;1348.00;0.08;23687583_0;5.10;0.00;tripinfo_wu_as_to_ko.38;129.00;wu_as_to_ko.38;0;1102.39;1.07;0.00;36.17;car;;1;13.00
1479.00;972103805_0;116.86;10.93;1356.00;0.70;23687583_0;5.10;0.00;tripinfo_wu_as_to_ko.39;123.00;wu_as_to_ko.39;0;1102.39;1.02;0.00;25.11;car;;1;9.00
1483.00;230845886_0;633.12;11.87;1236.00;5.71;803785575#0_0;5.10;0.00;tripinfo_wu_od_to_ba.23;247.00;wu_od_to_ba.23;0;2382.14;1.17;0.00;62.79;car;;1;1.00
1483.00;972103805_0;116.86;10.46;1252.00;0.27;-230845886_0;5.10;0.00;tripinfo_wu_ba_to_ko.45;231.00;wu_ba_to_ko.45;0;2114.29;0.97;0.00;32.50;car;;1;2.00
1483.00;23527526_0;253.75;9.62;1302.00;3.26;-230845886_0;5.10;0.00;tripinfo_wu_ba_to_gj.23;181.00;wu_ba_to_gj.23;0;1755.68;0.98;0.00;18.10;car;;0;0.00
1483.00;41899283#1_0;148.70;8.08;1305.00;5.76;-230845886_0;5.10;0.00;tripinfo_wu_ba_to_as.23;178.00;wu_ba_to_as.23;0;1430.78;0.80;0.00;16.76;car;;0;0.00
1488.00;230845886_0;633.12;13.39;1242.00;3.10;803785575#0_0;5.10;0.00;tripinfo_wu_od_to_ba.24;246.00;wu_od_to_ba.24;0;2382.14;1.28;0.00;73.44;car;;0;0.00
1490.00;972103805_0;116.86;9.26;1193.00;0.59;803785575#0_0;5.10;0.00;tripinfo_wu_od_to_ko.43;297.00;wu_od_to_ko.43;0;2307.67;0.87;0.00;46.56;car;;2;13.00
1491.00;972103805_0;116.86;11.82;1201.00;0.97;803785575#0_0;5.10;0.00;tripinfo_wu_od_to_ko.44;290.00;wu_od_to_ko.44;0;2307.67;1.11;0.00;92.49;car;;2;10.00
1491.00;41899283#1_0;148.70;8.65;1216.00;0.40;803785575#0_0;5.10;0.00;tripinfo_wu_od_to_as.22;275.00;wu_od_to_as.22;0;2382.09;0.88;0.00;29.30;car;;1;3.00
1495.00;45494495_0;58.90;12.02;1330.00;0.87;-230845886_0;5.10;0.00;tripinfo_wu_ba_to_os.23;165.00;wu_ba_to_os.23;0;1647.96;1.14;0.00;33.74;car;;0;0.00
1498.00;23142338#2_0;290.21;9.02;1195.00;0.53;-230845886_0;5.10;0.00;tripinfo_wu_ba_to_ns.14;303.00;wu_ba_to_ns.14;0;2346.36;0.92;0.00;73.15;car;;2;48.00
1498.00;41899283#1_0;148.70;9.28;1283.00;0.58;-45494495_0;5.10;0.00;tripinfo_wu_os_to_as.10;215.00;wu_os_to_as.10;0;1746.47;0.86;0.00;29.72;car;;1;3.00
1499.00;41899283#1_0;148.70;9.66;1289.00;4.46;-45494495_0;5.10;0.00;tripinfo_wu_os_to_as.11;210.00;wu_os_to_as.11;0;1746.47;0.95;0.00;43.62;car;;1;2.00
1502.00;23527526_0;253.75;8.32;1239.00;0.38;-23142338#2_0;5.10;0.00;tripinfo_wu_ns_to_gj.3;263.00;wu_ns_to_gj.3;0;2084.96;0.85;0.00;40.84;car;;2;15.00
1502.00;972103805_0;116.86;12.20;1378.00;0.75;23687583_0;5.10;0.00;tripinfo_wu_as_to_ko.40;124.00;wu_as_to_ko.40;0;1102.39;1.20;0.00;40.27;car;;2;19.00
1504.00;23527526_0;253.75;10.64;1312.00;2.34;-230845886_0;5.10;0.00;tripinfo_wu_ba_to_gj.24;192.00;wu_ba_to_gj.24;0;1755.68;1.03;0.00;36.33;car;;0;0.00
1505.00;23527526_0;253.75;13.07;1315.00;2.38;-230845886_0;5.10;0.00;tripinfo_wu_ba_to_gj.25;190.00;wu_ba_to_gj.25;0;1755.68;1.23;0.00;60.82;car;;0;0.00
1506.00;23142338#2_0;290.21;8.72;1227.00;0.21;-230845886_0;5.10;0.00;tripinfo_wu_ba_to_ns.15;279.00;wu_ba_to_ns.15;0;2346.36;0.84;0.00;26.43;car;;0;0.00
1507.00;230845886_0;633.12;10.41;1257.00;0.88;803785575#0_0;5.10;0.00;tripinfo_wu_od_to_ba.25;250.00;wu_od_to_ba.25;0;2382.14;1.01;0.00;35.92;car;;0;0.00
1508.00;23142338#2_0;290.21;9.68;1230.00;0.48;-230845886_0;5.10;0.00;tripinfo_wu_ba_to_ns.16;278.00;wu_ba_to_ns.16;0;2346.36;0.97;0.00;59.62;car;;0;0.00
1517.00;41899283#1_0;148.70;10.29;1233.00;3.07;803785575#0_0;5.10;0.00;tripinfo_wu_od_to_as.23;284.00;wu_od_to_as.23;0;2382.09;0.93;0.00;52.78;car;;1;1.00
1518.00;23156390_0;1121.44;11.06;1206.00;0.49;803785575#0_0;5.10;0.00;tripinfo_wu_od_to_br.19;312.00;wu_od_to_br.19;0;3149.31;1.05;0.00;39.04;car;;1;3.00
1519.00;41899283#1_0;148.70;11.70;1378.00;0.12;-230845886_0;5.10;0.00;tripinfo_wu_ba_to_as.24;141.00;wu_ba_to_as.24;0;1430.78;1.14;0.00;26.95;car;;0;0.00
1520.00;23156305_0;1264.14;8.65;1087.00;0.38;803785575#0_0;5.10;0.00;tripinfo_wu_od_to_gg.15;433.00;wu_od_to_gg.15;0;3669.96;0.87;0.00;48.56;car;;1;4.00
1525.00;23142338#2_0;290.21;11.52;1308.00;0.58;23687583_0;5.10;0.00;tripinfo_wu_as_to_ns.22;217.00;wu_as_to_ns.22;0;1995.73;1.09;0.00;51.50;car;;3;18.00
1525.00;41899283#1_0;148.70;12.96;1337.00;0.07;-23142338#2_0;5.10;0.00;tripinfo_wu_ns_to_as.6;188.00;wu_ns_to_as.6;0;2009.37;1.17;0.00;30.64;car;;0;0.00
1526.00;972103805_0;116.86;9.90;1284.00;5.21;-230845886_0;5.10;0.00;tripinfo_wu_ba_to_ko.46;242.00;wu_ba_to_ko.46;0;2114.29;0.92;0.00;33.42;car;;1;8.00
1529.00;23156030#6_1;109.07;10.56;1296.00;2.82;-230845886_0;5.10;0.00;tripinfo_wu_ba_to_od.17;233.00;wu_ba_to_od.17;0;2315.50;1.01;0.00;26.50;car;;0;0.00
1530.00;23156030#6_0;109.07;8.55;1264.00;7.43;23687583_0;5.10;0.00;tripinfo_wu_as_to_od.15;266.00;wu_as_to_od.15;0;2357.31;0.87;0.00;21.97;car;;0;0.00
1531.00;23156030#6_1;109.07;10.50;1299.00;0.76;-230845886_0;5.10;0.00;tripinfo_wu_ba_to_od.18;232.00;wu_ba_to_od.18;0;2315.50;1.03;0.00;28.90;car;;0;0.00
1532.00;41899283#1_0;148.70;11.06;1292.00;4.86;803785575#0_0;5.10;0.00;tripinfo_wu_od_to_as.24;240.00;wu_od_to_as.24;0;2382.09;1.09;0.00;42.74;car;;1;6.00
1532.00;23156030#6_0;109.07;10.53;1293.00;1.95;-230845886_0;5.10;0.00;tripinfo_wu_ba_to_od.16;239.00;wu_ba_to_od.16;0;2315.50;0.97;0.00;22.75;car;;0;0.00
1536.00;23156390_0;1121.44;11.01;1255.00;0.93;-23142338#2_0;5.10;0.00;tripinfo_wu_ns_to_br.2;281.00;wu_ns_to_br.2;0;2792.05;1.01;0.00;29.21;car;;0;0.00
1538.00;45494495_0;58.90;10.89;1384.00;1.40;-230845886_0;5.10;0.00;tripinfo_wu_ba_to_os.24;154.00;wu_ba_to_os.24;0;1647.96;1.06;0.00;13.07;car;;0;0.00
1538.00;41899283#1_0;148.70;11.28;1403.00;1.67;-230845886_0;5.10;0.00;tripinfo_wu_ba_to_as.25;135.00;wu_ba_to_as.25;0;1430.78;1.07;0.00;14.17;car;;0;0.00
1540.00;23156305_0;1264.14;9.55;1150.00;0.71;803785575#0_0;5.10;0.00;tripinfo_wu_od_to_gg.16;390.00;wu_od_to_gg.16;0;3669.96;0.96;0.00;43.72;car;;1;9.00
1540.00;45494495_0;58.90;12.35;1452.00;3.58;803785575#0_0;5.10;0.00;tripinfo_wu_od_to_os.27;88.00;wu_od_to_os.27;0;969.96;1.13;0.00;9.84;car;;0;0.00
1541.00;23156305_0;1264.14;11.78;1218.00;0.65;-45494495_0;5.10;0.00;tripinfo_wu_os_to_gg.5;323.00;wu_os_to_gg.5;0;3034.34;1.12;0.00;76.79;car;;2;3.00
1541.00;972103805_0;116.86;9.99;1394.00;0.34;23687583_0;5.10;0.00;tripinfo_wu_as_to_ko.41;147.00;wu_as_to_ko.41;0;1102.39;0.94;0.00;40.69;car;;2;24.00
1542.00;23527526_0;253.75;9.87;1303.00;0.79;-45494495_0;5.10;0.00;tripinfo_wu_os_to_gj.6;239.00;wu_os_to_gj.6;0;2071.37;0.96;0.00;43.30;car;;1;4.00
1543.00;972103805_0;116.86;11.16;1287.00;6.25;-230845886_0;5.10;0.00;tripinfo_wu_ba_to_ko.47;256.00;wu_ba_to_ko.47;0;2114.29;1.10;0.00;81.47;car;;2;15.00
1543.00;28706217_0;94.10;6.08;1469.00;0.36;-45494495_0;5.10;0.00;tripinfo_wu_os_to_sl.8;74.00;wu_os_to_sl.8;0;484.95;0.84;0.00;15.28;car;;1;4.00
1545.00;972103805_0;116.86;10.86;1318.00;4.21;-230845886_0;5.10;0.00;tripinfo_wu_ba_to_ko.48;227.00;wu_ba_to_ko.48;0;2114.29;1.08;0.00;49.07;car;;1;3.00
1549.00;972103805_0;116.86;9.81;1393.00;0.24;-23142338#2_0;5.10;0.00;tripinfo_wu_ns_to_ko.39;156.00;wu_ns_to_ko.39;0;1398.55;1.00;0.00;29.71;car;;2;11.00
1551.00;28716808#1_0;754.74;9.78;1248.00;0.38;803785575#0_0;5.10;0.00;tripinfo_wu_od_to_kl.18;303.00;wu_od_to_kl.18;0;2678.40;0.90;0.00;35.58;car;;1;2.00
1552.00;23156030#6_0;109.07;10.23;1309.00;0.67;-230845886_0;5.10;0.00;tripinfo_wu_ba_to_od.19;243.00;wu_ba_to_od.19;0;2315.50;0.99;0.00;31.35;car;;0;0.00
1553.00;28716808#1_0;754.74;11.48;1273.00;3.79;803785575#0_0;5.10;0.00;tripinfo_wu_od_to_kl.19;280.00;wu_od_to_kl.19;0;2678.40;1.09;0.00;58.62;car;;0;0.00
1557.00;230845886_0;633.12;10.28;1374.00;1.32;-45494495_0;5.10;0.00;tripinfo_wu_os_to_ba.10;183.00;wu_os_to_ba.10;0;1746.52;0.99;0.00;23.35;car;;0;0.00
1558.00;41899283#1_0;148.70;9.99;1295.00;7.58;803785575#0_0;5.10;0.00;tripinfo_wu_od_to_as.25;263.00;wu_od_to_as.25;0;2382.09;0.96;0.00;38.02;car;;2;11.00
1559.00;23156390_0;1121.44;10.47;1230.00;0.87;803785575#0_0;5.10;0.00;tripinfo_wu_od_to_br.20;329.00;wu_od_to_br.20;0;3149.31;1.05;0.00;56.42;car;;1;3.00
1559.00;230845886_0;633.12;11.36;1333.00;0.53;-23142338#2_0;5.10;0.00;tripinfo_wu_ns_to_ba.5;226.00;wu_ns_to_ba.5;0;2340.42;1.09;0.00;32.00;car;;0;0.00
1559.00;41899283#1_0;148.70;11.55;1410.00;0.57;-230845886_0;5.10;0.00;tripinfo_wu_ba_to_as.26;149.00;wu_ba_to_as.26;0;1430.78;1.05;0.00;25.75;car;;1;3.00
1562.00;972103805_0;116.86;10.42;1322.00;0.27;-230845886_0;5.10;0.00;tripinfo_wu_ba_to_ko.49;240.00;wu_ba_to_ko.49;0;2114.29;0.95;0.00;36.19;car;;1;5.00
1563.00;23156305_0;1264.14;10.15;1184.00;0.51;803785575#0_0;5.10;0.00;tripinfo_wu_od_to_gg.17;379.00;wu_od_to_gg.17;0;3669.96;0.98;0.00;38.11;car;;1;1.00
1565.00;23156305_0;1264.14;10.54;1290.00;1.28;-230845886_0;5.10;0.00;tripinfo_wu_ba_to_gg.14;275.00;wu_ba_to_gg.14;0;2718.65;1.05;0.00;38.75;car;;1;4.00
1566.00;23156030#6_0;109.07;10.79;1335.00;2.15;23687583_0;5.10;0.00;tripinfo_wu_as_to_od.16;231.00;wu_as_to_od.16;0;2357.31;1.04;0.00;25.48;car;;1;4.00
1566.00;23156030#6_1;109.07;11.71;1480.00;0.05;-45494495_0;5.10;0.00;tripinfo_wu_os_to_od.13;86.00;wu_os_to_od.13;0;865.51;1.06;0.00;12.46;car;;0;0.00
1568.00;23527526_0;253.75;11.38;1400.00;3.67;-230845886_0;5.10;0.00;tripinfo_wu_ba_to_gj.26;168.00;wu_ba_to_gj.26;0;1755.68;1.04;0.00;14.35;car;;0;0.00
1569.00;972103805_0;116.86;9.52;1280.00;0.92;803785575#0_0;5.10;0.00;tripinfo_wu_od_to_ko.45;289.00;wu_od_to_ko.45;0;2307.67;0.97;0.00;63.48;car;;4;23.00
1571.00;972103805_0;116.86;11.22;1304.00;0.85;803785575#0_0;5.10;0.00;tripinfo_wu_od_to_ko.46;267.00;wu_od_to_ko.46;0;2307.67;1.03;0.00;53.81;car;;3;13.00
1573.00;28706217_0;94.10;7.67;1344.00;4.15;23687583_0;5.10;0.00;tripinfo_wu_as_to_sl.23;229.00;wu_as_to_sl.23;0;1976.75;0.96;0.00;38.03;car;;2;11.00
1573.00;45494495_0;58.90;11.50;1482.00;5.82;803785575#0_0;5.10;0.00;tripinfo_wu_od_to_os.28;91.00;wu_od_to_os.28;0;969.96;1.07;0.00;8.83;car;;0;0.00
1577.00;28716808#1_0;754.74;10.88;1455.00;0.80;23687583_0;5.10;0.00;tripinfo_wu_as_to_kl.9;122.00;wu_as_to_kl.9;0;1207.92;1.07;0.00;19.69;car;;1;6.00
1577.00;23527526_0;253.75;9.94;1477.00;0.07;23687583_0;5.10;0.00;tripinfo_wu_as_to_gj.24;100.00;wu_as_to_gj.24;0;649.06;0.97;0.00;39.26;car;;1;27.00
1585.00;23156030#6_0;109.07;10.93;1357.00;0.68;-230845886_0;5.10;0.00;tripinfo_wu_ba_to_od.20;228.00;wu_ba_to_od.20;0;2315.50;1.05;0.00;28.45;car;;1;7.00
1585.00;23156030#6_1;109.07;11.20;1372.00;0.90;-230845886_0;5.10;0.00;tripinfo_wu_ba_to_od.21;213.00;wu_ba_to_od.21;0;2315.50;1.09;0.00;21.24;car;;0;0.00
1587.00;972103805_0;116.86;11.85;1447.00;0.64;-23142338#2_0;5.10;0.00;tripinfo_wu_ns_to_ko.40;140.00;wu_ns_to_ko.40;0;1398.55;1.11;0.00;26.32;car;;1;6.00
1588.00;45494495_0;58.90;10.18;1411.00;0.27;23687583_0;5.10;0.00;tripinfo_wu_as_to_os.24;177.00;wu_as_to_os.24;0;1689.77;0.96;0.00;17.85;car;;0;0.00
1589.00;23156390_0;1121.44;10.99;1239.00;1.07;803785575#0_0;5.10;0.00;tripinfo_wu_od_to_br.21;350.00;wu_od_to_br.21;0;3149.31;0.99;0.00;61.31;car;;1;2.00
1591.00;23156390_0;1121.44;12.41;1289.00;4.54;803785575#0_0;5.10;0.00;tripinfo_wu_od_to_br.22;302.00;wu_od_to_br.22;0;3149.31;1.15;0.00;52.29;car;;0;0.00
1591.00;23527526_0;253.75;10.76;1298.00;4.38;803785575#0_0;5.10;0.00;tripinfo_wu_od_to_gj.9;293.00;wu_od_to_gj.9;0;2706.99;1.00;0.00;48.21;car;;3;7.00
1591.00;28716808#1_0;754.74;10.47;1313.00;0.53;803785575#0_0;5.10;0.00;tripinfo_wu_od_to_kl.20;278.00;wu_od_to_kl.20;0;2678.40;0.99;0.00;33.31;car;;2;2.00
1599.00;23527526_0;253.75;9.63;1522.00;2.32;23687583_0;5.10;0.00;tripinfo_wu_as_to_gj.25;77.00;wu_as_to_gj.25;0;649.06;0.91;0.00;11.75;car;;0;0.00
1602.00;41899283#1_0;148.70;11.56;1408.00;2.05;-23142338#2_0;5.10;0.00;tripinfo_wu_ns_to_as.7;194.00;wu_ns_to_as.7;0;2009.37;1.10;0.00;27.37;car;;1;2.00
1603.00;972103805_0;116.86;10.96;1397.00;0.80;-230845886_0;5.10;0.00;tripinfo_wu_ba_to_ko.50;206.00;wu_ba_to_ko.50;0;2114.29;1.05;0.00;22.63;car;;0;0.00
1606.00;23527526_0;253.75;10.43;1428.00;0.68;-230845886_0;5.10;0.00;tripinfo_wu_ba_to_gj.27;178.00;wu_ba_to_gj.27;0;1755.68;1.05;0.00;26.13;car;;1;4.00
1608.00;23527526_0;253.75;11.20;1437.00;0.72;-230845886_0;5.10;0.00;tripinfo_wu_ba_to_gj.28;171.00;wu_ba_to_gj.28;0;1755.68;1.08;0.00;22.96;car;;0;0.00
1610.00;23156030#6_1;109.07;11.77;1412.00;0.16;-23142338#2_0;5.10;0.00;tripinfo_wu_ns_to_od.3;198.00;wu_ns_to_od.3;0;2005.01;1.13;0.00;27.23;car;;1;2.00
1610.00;23156030#6_0;109.07;10.04;1518.00;0.35;-45494495_0;5.10;0.00;tripinfo_wu_os_to_od.14;92.00;wu_os_to_od.14;0;865.51;0.94;0.00;8.97;car;;0;0.00
1612.00;23156030#6_0;109.07;10.93;1527.00;0.80;-45494495_0;5.10;0.00;tripinfo_wu_os_to_od.15;85.00;wu_os_to_od.15;0;865.51;1.00;0.00;6.58;car;;0;0.00
1613.00;230845886_0;633.12;10.50;1373.00;0.18;-23142338#2_0;5.10;0.00;tripinfo_wu_ns_to_ba.6;240.00;wu_ns_to_ba.6;0;2340.42;0.95;0.00;18.50;car;;0;0.00
1615.00;23527526_0;253.75;9.19;1538.00;2.24;23687583_0;5.10;0.00;tripinfo_wu_as_to_gj.26;77.00;wu_as_to_gj.26;0;649.06;0.93;0.00;13.27;car;;1;2.00
1616.00;23156390_0;1121.44;10.23;1438.00;0.73;23687583_0;5.10;0.00;tripinfo_wu_as_to_br.9;178.00;wu_as_to_br.9;0;1694.48;0.94;0.00;14.51;car;;0;0.00
1617.00;28716808#1_0;754.74;12.14;1359.00;0.18;803785575#0_0;5.10;0.00;tripinfo_wu_od_to_kl.21;258.00;wu_od_to_kl.21;0;2678.40;1.12;0.00;40.84;car;;1;4.00
1618.00;23156390_0;1121.44;10.50;1354.00;0.07;-45494495_0;5.10;0.00;tripinfo_wu_os_to_br.4;264.00;wu_os_to_br.4;0;2513.69;1.02;0.00;40.59;car;;1;3.00
1618.00;972103805_0;116.86;10.69;1474.00;0.93;23687583_0;5.10;0.00;tripinfo_wu_as_to_ko.42;144.00;wu_as_to_ko.42;0;1102.39;0.99;0.00;43.67;car;;1;30.00
1620.00;23156390_0;1121.44;12.52;1321.00;0.46;803785575#0_0;5.10;0.00;tripinfo_wu_od_to_br.23;299.00;wu_od_to_br.23;0;3149.31;1.21;0.00;63.45;car;;0;0.00
1620.00;972103805_0;116.86;11.52;1413.00;1.16;-230845886_0;5.10;0.00;tripinfo_wu_ba_to_ko.51;207.00;wu_ba_to_ko.51;0;2114.29;1.08;0.00;29.45;car;;1;3.00
1622.00;28706217_0;94.10;8.01;1397.00;2.35;23687583_0;5.10;0.00;tripinfo_wu_as_to_sl.24;225.00;wu_as_to_sl.24;0;1976.75;1.07;0.00;53.88;car;;5;19.00
1623.00;23156305_0;1264.14;9.82;1337.00;0.13;-230845886_0;5.10;0.00;tripinfo_wu_ba_to_gg.15;286.00;wu_ba_to_gg.15;0;2718.65;0.97;0.00;30.79;car;;0;0.00
1624.00;23156030#6_0;109.07;11.07;1540.00;3.87;-45494495_0;5.10;0.00;tripinfo_wu_os_to_od.16;84.00;wu_os_to_od.16;0;865.51;1.05;0.00;8.84;car;;0;0.00
1625.00;28706217_0;94.10;8.46;1400.00;3.91;23687583_0;5.10;0.00;tripinfo_wu_as_to_sl.25;225.00;wu_as_to_sl.25;0;1976.75;1.08;0.00;54.26;car;;5;13.00
1630.00;41899283#1_0;148.70;12.37;1404.00;0.56;803785575#0_0;5.10;0.00;tripinfo_wu_od_to_as.26;226.00;wu_od_to_as.26;0;2382.09;1.15;0.00;38.80;car;;1;4.00
1631.00;972103805_0;116.86;7.85;1457.00;0.06;-23142338#2_0;5.10;0.00;tripinfo_wu_ns_to_ko.41;174.00;wu_ns_to_ko.41;0;1398.55;0.80;0.00;15.72;car;;0;0.00
1632.00;28706217_0;94.10;7.35;1414.00;1.95;23687583_0;5.10;0.00;tripinfo_wu_as_to_sl.26;218.00;wu_as_to_sl.26;0;1976.75;0.97;0.00;29.13;car;;1;4.00
1633.00;972103805_0;116.86;9.76;1362.00;2.09;803785575#0_0;5.10;0.00;tripinfo_wu_od_to_ko.47;271.00;wu_od_to_ko.47;0;2307.67;0.95;0.00;39.92;car;;1;12.00
1635.00;972103805_0;116.86;12.11;1365.00;0.90;803785575#0_0;5.10;0.00;tripinfo_wu_od_to_ko.48;270.00;wu_od_to_ko.48;0;2307.67;1.10;0.00;70.43;car;;1;8.00
1641.00;41899283#1_0;148.70;10.68;1495.00;0.89;-230845886_0;5.10;0.00;tripinfo_wu_ba_to_as.27;146.00;wu_ba_to_as.27;0;1430.78;0.98;0.00;13.67;car;;0;0.00
1643.00;23142338#2_0;290.21;8.80;1383.00;0.13;23687583_0;5.10;0.00;tripinfo_wu_as_to_ns.23;260.00;wu_as_to_ns.23;0;1995.73;0.79;0.00;30.34;car;;1;4.00
1643.00;23527526_0;253.75;9.78;1571.00;0.73;23687583_0;5.10;0.00;tripinfo_wu_as_to_gj.27;72.00;wu_as_to_gj.27;0;649.06;0.92;0.00;7.39;car;;0;0.00
1644.00;28706217_0;94.10;7.20;1581.00;0.23;-45494495_0;5.10;0.00;tripinfo_wu_os_to_sl.9;63.00;wu_os_to_sl.9;0;484.95;0.88;0.00;7.45;car;;0;0.00
1646.00;23156390_0;1121.44;10.51;1337.00;0.57;803785575#0_0;5.10;0.00;tripinfo_wu_od_to_br.24;309.00;wu_od_to_br.24;0;3149.31;1.06;0.00;38.97;car;;1;6.00
1649.00;972103805_0;116.86;10.00;1375.00;0.30;803785575#0_0;5.10;0.00;tripinfo_wu_od_to_ko.49;274.00;wu_od_to_ko.49;0;2307.67;1.00;0.00;54.91;car;;2;17.00
1650.00;23142338#2_0;290.21;10.79;1448.00;0.82;23687583_0;5.10;0.00;tripinfo_wu_as_to_ns.24;202.00;wu_as_to_ns.24;0;1995.73;0.99;0.00;19.14;car;;0;0.00
1652.00;972103805_0;116.86;11.92;1525.00;1.19;23687583_0;5.10;0.00;tripinfo_wu_as_to_ko.43;127.00;wu_as_to_ko.43;0;1102.39;1.17;0.00;40.92;car;;1;16.00
1653.00;23156305_0;1264.14;9.55;1223.00;0.95;803785575#0_0;5.10;0.00;tripinfo_wu_od_to_gg.18;430.00;wu_od_to_gg.18;0;3669.96;0.89;0.00;57.89;car;;2;7.00
1654.00;23527526_0;253.75;10.33;1584.00;0.10;23687583_0;5.10;0.00;tripinfo_wu_as_to_gj.28;70.00;wu_as_to_gj.28;0;649.06;0.95;0.00;7.06;car;;0;0.00
1658.00;28706217_0;94.10;7.55;1455.00;0.38;-230845886_0;5.10;0.00;tripinfo_wu_ba_to_sl.17;203.00;wu_ba_to_sl.17;0;1934.94;1.03;0.00;28.17;car;;1;6.00
1659.00;230845886_0;633.12;9.98;1499.00;2.06;23687583_0;5.10;0.00;tripinfo_wu_as_to_ba.19;160.00;wu_as_to_ba.19;0;1356.50;1.00;0.00;37.29;car;;2;15.00
1660.00;972103805_0;116.86;8.69;1532.00;0.55;23687583_0;5.10;0.00;tripinfo_wu_as_to_ko.44;128.00;wu_as_to_ko.44;0;1102.39;0.86;0.00;12.15;car;;0;0.00
1661.00;972103805_0;116.86;10.81;1544.00;4.50;23687583_0;5.10;0.00;tripinfo_wu_as_to_ko.45;117.00;wu_as_to_ko.45;0;1102.39;0.98;0.00;15.51;car;;0;0.00
1663.00;972103805_0;116.86;11.26;1547.00;2.97;23687583_0;5.10;0.00;tripinfo_wu_as_to_ko.46;116.00;wu_as_to_ko.46;0;1102.39;1.12;0.00;27.38;car;;0;0.00
1666.00;972103805_0;116.86;9.97;1378.00;3.19;803785575#0_0;5.10;0.00;tripinfo_wu_od_to_ko.50;288.00;wu_od_to_ko.50;0;2307.67;0.94;0.00;54.57;car;;2;21.00
1667.00;23156305_0;1264.14;8.98;1226.00;3.00;803785575#0_0;5.10;0.00;tripinfo_wu_od_to_gg.19;441.00;wu_od_to_gg.19;0;3669.96;0.84;0.00;47.02;car;;0;0.00
1667.00;28706217_0;94.10;7.89;1465.00;0.26;-23142338#2_0;5.10;0.00;tripinfo_wu_ns_to_sl.1;202.00;wu_ns_to_sl.1;0;1619.36;0.98;0.00;34.41;car;;1;9.00
1668.00;972103805_0;116.86;9.25;1367.00;0.32;-45494495_0;5.10;0.00;tripinfo_wu_os_to_ko.16;301.00;wu_os_to_ko.16;0;2045.29;0.93;0.00;91.13;car;;4;51.00
1669.00;23156305_0;1264.14;10.59;1267.00;0.14;803785575#0_0;5.10;0.00;tripinfo_wu_od_to_gg.20;402.00;wu_od_to_gg.20;0;3669.96;1.00;0.00;67.90;car;;0;0.00
1671.00;23156305_0;1264.14;10.03;1270.00;1.79;803785575#0_0;5.10;0.00;tripinfo_wu_od_to_gg.21;401.00;wu_od_to_gg.21;0;3669.96;1.01;0.00;71.21;car;;0;0.00
1671.00;972103805_0;116.86;9.24;1392.00;0.10;803785575#0_0;5.10;0.00;tripinfo_wu_od_to_ko.51;279.00;wu_od_to_ko.51;0;2307.67;0.93;0.00;42.85;car;;1;7.00
1673.00;972103805_0;116.86;12.43;1400.00;0.86;803785575#0_0;5.10;0.00;tripinfo_wu_od_to_ko.52;273.00;wu_od_to_ko.52;0;2307.67;1.27;0.00;97.20;car;;1;6.00
1673.00;45494495_0;58.90;11.53;1577.00;0.61;803785575#0_0;5.10;0.00;tripinfo_wu_od_to_os.29;96.00;wu_od_to_os.29;0;969.96;1.06;0.00;13.14;car;;0;0.00
1675.00;972103805_0;116.86;12.07;1538.00;0.42;-23142338#2_0;5.10;0.00;tripinfo_wu_ns_to_ko.42;137.00;wu_ns_to_ko.42;0;1398.55;1.10;0.00;21.85;car;;1;3.00
1678.00;23156390_0;1121.44;9.72;1340.00;1.88;803785575#0_0;5.10;0.00;tripinfo_wu_od_to_br.25;338.00;wu_od_to_br.25;0;3149.31;0.94;0.00;33.36;car;;1;6.00
1678.00;230845886_0;633.12;10.58;1528.00;1.81;23687583_0;5.10;0.00;tripinfo_wu_as_to_ba.20;150.00;wu_as_to_ba.20;0;1356.50;1.02;0.00;29.53;car;;1;2.00
1682.00;28706217_0;94.10;7.27;1461.00;3.34;23687583_0;5.10;0.00;tripinfo_wu_as_to_sl.27;221.00;wu_as_to_sl.27;0;1976.75;0.91;0.00;18.09;car;;0;0.00
1686.00;23527526_0;253.75;9.16;1593.00;0.22;23687583_0;5.10;0.00;tripinfo_wu_as_to_gj.29;93.00;wu_as_to_gj.29;0;649.06;0.83;0.00;21.48;car;;1;9.00
1687.00;28706217_0;94.10;7.70;1470.00;0.25;23687583_0;5.10;0.00;tripinfo_wu_as_to_sl.28;217.00;wu_as_to_sl.28;0;1976.75;0.98;0.00;30.84;car;;1;8.00
1688.00;23527526_0;253.75;12.67;1596.00;0.32;23687583_0;5.10;0.00;tripinfo_wu_as_to_gj.30;92.00;wu_as_to_gj.30;0;649.06;1.15;0.00;40.19;car;;1;8.00
1690.00;23527526_0;253.75;11.05;1621.00;0.99;23687583_0;5.10;0.00;tripinfo_wu_as_to_gj.31;69.00;wu_as_to_gj.31;0;649.06;1.03;0.00;10.82;car;;0;0.00
1691.00;45494495_0;58.90;10.50;1521.00;0.22;-230845886_0;5.10;0.00;tripinfo_wu_ba_to_os.25;170.00;wu_ba_to_os.25;0;1647.96;0.95;0.00;13.88;car;;0;0.00
1694.00;23142338#2_0;290.21;9.16;1458.00;1.72;23687583_0;5.10;0.00;tripinfo_wu_as_to_ns.25;236.00;wu_as_to_ns.25;0;1995.73;0.92;0.00;37.93;car;;2;9.00
1696.00;41899283#1_0;148.70;10.41;1449.00;0.67;803785575#0_0;5.10;0.00;tripinfo_wu_od_to_as.28;247.00;wu_od_to_as.28;0;2382.09;1.03;0.00;38.07;car;;0;0.00
1697.00;45494495_0;58.90;9.56;1483.00;0.79;23687583_0;5.10;0.00;tripinfo_wu_as_to_os.25;214.00;wu_as_to_os.25;0;1689.77;0.94;0.00;51.15;car;;2;28.00
1699.00;45494495_0;58.90;10.80;1502.00;3.16;23687583_0;5.10;0.00;tripinfo_wu_as_to_os.26;197.00;wu_as_to_os.26;0;1689.77;1.07;0.00;54.24;car;;2;15.00
1703.00;45494495_0;58.90;10.71;1519.00;2.88;23687583_0;5.10;0.00;tripinfo_wu_as_to_os.28;184.00;wu_as_to_os.28;0;1689.77;1.05;0.00;38.59;car;;3;6.00
1705.00;45494495_0;58.90;11.10;1511.00;0.19;23687583_0;5.10;0.00;tripinfo_wu_as_to_os.27;194.00;wu_as_to_os.27;0;1689.77;1.07;0.00;51.40;car;;4;13.00
1707.00;23527526_0;253.75;11.05;1532.00;0.98;-230845886_0;5.10;0.00;tripinfo_wu_ba_to_gj.29;175.00;wu_ba_to_gj.29;0;1755.68;1.02;0.00;19.83;car;;1;1.00
1708.00;972103805_0;116.86;12.10;1408.00;0.21;803785575#0_0;5.10;0.00;tripinfo_wu_od_to_ko.53;300.00;wu_od_to_ko.53;0;2307.67;1.11;0.00;101.06;car;;1;58.00
1709.00;41899283#1_0;148.70;8.35;1413.00;0.84;803785575#0_0;5.10;0.00;tripinfo_wu_od_to_as.27;296.00;wu_od_to_as.27;0;2382.09;0.81;0.00;29.17;car;;1;1.00
1712.00;28706217_0;94.10;8.10;1510.00;0.78;-23142338#2_0;5.10;0.00;tripinfo_wu_ns_to_sl.2;202.00;wu_ns_to_sl.2;0;1619.36;1.03;0.00;43.22;car;;2;13.00
1715.00;230845886_0;633.12;10.25;1581.00;0.86;23687583_0;5.10;0.00;tripinfo_wu_as_to_ba.21;134.00;wu_as_to_ba.21;0;1356.50;1.02;0.00;13.74;car;;0;0.00
1722.00;23527526_0;253.75;11.54;1427.00;0.45;803785575#0_0;5.10;0.00;tripinfo_wu_od_to_gj.10;295.00;wu_od_to_gj.10;0;2706.99;1.08;0.00;68.41;car;;1;5.00
1723.00;41899283#1_0;148.70;9.69;1473.00;2.90;803785575#0_0;5.10;0.00;tripinfo_wu_od_to_as.29;250.00;wu_od_to_as.29;0;2382.09;0.94;0.00;19.34;car;;0;0.00
1726.00;23156305_0;1264.14;10.55;1343.00;4.42;803785575#0_0;5.10;0.00;tripinfo_wu_od_to_gg.22;383.00;wu_od_to_gg.22;0;3669.96;0.99;0.00;45.67;car;;1;3.00
1729.00;28706217_0;94.10;7.89;1673.00;0.50;-45494495_0;5.10;0.00;tripinfo_wu_os_to_sl.10;56.00;wu_os_to_sl.10;0;484.95;1.01;0.00;7.58;car;;0;0.00
1731.00;23156030#6_0;109.07;11.05;1649.00;0.95;-45494495_0;5.10;0.00;tripinfo_wu_os_to_od.17;82.00;wu_os_to_od.17;0;865.51;1.04;0.00;7.06;car;;0;0.00
1733.00;972103805_0;116.86;8.50;1439.00;0.16;803785575#0_0;5.10;0.00;tripinfo_wu_od_to_ko.54;294.00;wu_od_to_ko.54;0;2307.67;0.86;0.00;38.21;car;;2;7.00
1736.00;23527526_0;253.75;12.62;1561.00;0.30;-230845886_0;5.10;0.00;tripinfo_wu_ba_to_gj.30;175.00;wu_ba_to_gj.30;0;1755.68;1.15;0.00;36.80;car;;1;8.00
1737.00;41899283#1_0;148.70;10.89;1594.00;0.86;-230845886_0;5.10;0.00;tripinfo_wu_ba_to_as.28;143.00;wu_ba_to_as.28;0;1430.78;1.02;0.00;16.05;car;;0;0.00
1740.00;972103805_0;116.86;9.80;1500.00;0.90;-230845886_0;5.10;0.00;tripinfo_wu_ba_to_ko.52;240.00;wu_ba_to_ko.52;0;2114.29;0.96;0.00;39.25;car;;2;13.00
1740.00;45494495_0;58.90;8.68;1537.00;0.41;-230845886_0;5.10;0.00;tripinfo_wu_ba_to_os.26;203.00;wu_ba_to_os.26;0;1647.96;0.81;0.00;18.47;car;;0;0.00
1742.00;45494495_0;58.90;10.39;1566.00;0.58;23687583_0;5.10;0.00;tripinfo_wu_as_to_os.29;176.00;wu_as_to_os.29;0;1689.77;0.98;0.00;19.58;car;;0;0.00
1743.00;45494495_0;58.90;10.82;1579.00;0.65;-230845886_0;5.10;0.00;tripinfo_wu_ba_to_os.27;164.00;wu_ba_to_os.27;0;1647.96;1.02;0.00;18.84;car;;0;0.00
1745.00;972103805_0;116.86;9.55;1503.00;3.36;-230845886_0;5.10;0.00;tripinfo_wu_ba_to_ko.53;242.00;wu_ba_to_ko.53;0;2114.29;0.88;0.00;22.44;car;;0;0.00
1752.00;23527526_0;253.75;13.14;1678.00;0.89;23687583_0;5.10;0.00;tripinfo_wu_as_to_gj.32;74.00;wu_as_to_gj.32;0;649.06;1.22;0.00;25.10;car;;1;4.00
1753.00;972103805_0;116.86;11.10;1630.00;1.02;23687583_0;5.10;0.00;tripinfo_wu_as_to_ko.47;123.00;wu_as_to_ko.47;0;1102.39;1.08;0.00;30.95;car;;1;17.00
1759.00;972103805_0;116.86;10.72;1515.00;0.86;-230845886_0;5.10;0.00;tripinfo_wu_ba_to_ko.54;244.00;wu_ba_to_ko.54;0;2114.29;0.97;0.00;45.75;car;;2;18.00
1765.00;23156030#6_0;109.07;12.52;1541.00;5.16;23687583_0;5.10;0.00;tripinfo_wu_as_to_od.17;224.00;wu_as_to_od.17;0;2357.31;1.17;0.00;41.17;car;;2;4.00
1768.00;230845886_0;633.12;9.49;1519.00;1.04;803785575#0_0;5.10;0.00;tripinfo_wu_od_to_ba.26;249.00;wu_od_to_ba.26;0;2382.14;0.94;0.00;19.59;car;;0;0.00
1773.00;23156305_0;1264.14;9.56;1447.00;0.45;-45494495_0;5.10;0.00;tripinfo_wu_os_to_gg.6;326.00;wu_os_to_gg.6;0;3034.34;0.95;0.00;34.21;car;;1;3.00
1776.00;230845886_0;633.12;12.63;1542.00;0.60;803785575#0_0;5.10;0.00;tripinfo_wu_od_to_ba.27;234.00;wu_od_to_ba.27;0;2382.14;1.19;0.00;53.06;car;;0;0.00
1778.00;45494495_0;58.90;9.76;1671.00;1.44;803785575#0_0;5.10;0.00;tripinfo_wu_od_to_os.30;107.00;wu_od_to_os.30;0;969.96;0.90;0.00;9.34;car;;0;0.00
1781.00;23527526_0;253.75;10.29;1712.00;6.19;23687583_0;5.10;0.00;tripinfo_wu_as_to_gj.33;69.00;wu_as_to_gj.33;0;649.06;0.97;0.00;7.70;car;;0;0.00
1783.00;23527526_0;253.75;11.20;1715.00;5.43;23687583_0;5.10;0.00;tripinfo_wu_as_to_gj.34;68.00;wu_as_to_gj.34;0;649.06;1.01;0.00;9.25;car;;0;0.00
1784.00;972103805_0;116.86;9.41;1540.00;0.58;-230845886_0;5.10;0.00;tripinfo_wu_ba_to_ko.55;244.00;wu_ba_to_ko.55;0;2114.29;0.89;0.00;28.30;car;;0;0.00
1786.00;45494495_0;58.90;10.60;1599.00;1.21;23687583_0;5.10;0.00;tripinfo_wu_as_to_os.30;187.00;wu_as_to_os.30;0;1689.77;1.03;0.00;39.26;car;;2;14.00
1792.00;972103805_0;116.86;7.69;1465.00;0.12;803785575#0_0;5.10;0.00;tripinfo_wu_od_to_ko.55;327.00;wu_od_to_ko.55;0;2307.67;0.79;0.00;51.64;car;;2;14.00
1794.00;972103805_0;116.86;12.23;1470.00;0.18;803785575#0_0;5.10;0.00;tripinfo_wu_od_to_ko.56;324.00;wu_od_to_ko.56;0;2307.67;1.12;0.00;127.20;car;;2;10.00
1795.00;23527526_0;253.75;9.27;1599.00;0.35;-230845886_0;5.10;0.00;tripinfo_wu_ba_to_gj.31;196.00;wu_ba_to_gj.31;0;1755.68;0.90;0.00;19.54;car;;0;0.00
1796.00;972103805_0;116.86;9.57;1654.00;0.77;23687583_0;5.10;0.00;tripinfo_wu_as_to_ko.48;142.00;wu_as_to_ko.48;0;1102.39;0.95;0.00;36.96;car;;1;23.00
1798.00;972103805_0;116.86;11.93;1661.00;0.85;23687583_0;5.10;0.00;tripinfo_wu_as_to_ko.49;137.00;wu_as_to_ko.49;0;1102.39;1.09;0.00;45.41;car;;1;19.00
1801.00;972103805_0;116.86;10.81;1476.00;3.83;803785575#0_0;5.10;0.00;tripinfo_wu_od_to_ko.57;325.00;wu_od_to_ko.57;0;2307.67;1.03;0.00;112.14;car;;3;11.00
1803.00;972103805_0;116.86;12.11;1585.00;0.87;-230845886_0;5.10;0.00;tripinfo_wu_ba_to_ko.56;218.00;wu_ba_to_ko.56;0;2114.29;1.10;0.00;42.56;car;;1;1.00
1805.00;23156305_0;1264.14;11.00;1418.00;0.69;803785575#0_0;5.10;0.00;tripinfo_wu_od_to_gg.23;387.00;wu_od_to_gg.23;0;3669.96;1.00;0.00;53.38;car;;2;16.00
1806.00;28706217_0;94.10;7.41;1582.00;3.16;-230845886_0;5.10;0.00;tripinfo_wu_ba_to_sl.18;224.00;wu_ba_to_sl.18;0;1934.94;0.89;0.00;22.02;car;;0;0.00
1807.00;23156305_0;1264.14;12.23;1424.00;0.84;803785575#0_0;5.10;0.00;tripinfo_wu_od_to_gg.24;383.00;wu_od_to_gg.24;0;3669.96;1.11;0.00;82.57;car;;2;15.00
1809.00;23156305_0;1264.14;11.69;1432.00;0.57;803785575#0_0;5.10;0.00;tripinfo_wu_od_to_gg.25;377.00;wu_od_to_gg.25;0;3669.96;1.12;0.00;78.60;car;;1;3.00
1811.00;972103805_0;116.86;7.60;1479.00;3.06;803785575#0_0;5.10;0.00;tripinfo_wu_od_to_ko.58;332.00;wu_od_to_ko.58;0;2307.67;0.77;0.00;48.97;car;;2;13.00
1813.00;972103805_0;116.86;8.60;1498.00;0.51;803785575#0_0;5.10;0.00;tripinfo_wu_od_to_ko.59;315.00;wu_od_to_ko.59;0;2307.67;0.88;0.00;66.43;car;;2;13.00
1814.00;23527526_0;253.75;10.42;1747.00;3.86;23687583_0;5.10;0.00;tripinfo_wu_as_to_gj.35;67.00;wu_as_to_gj.35;0;649.06;1.00;0.00;7.76;car;;0;0.00
1815.00;972103805_0;116.86;12.23;1513.00;0.82;803785575#0_0;5.10;0.00;tripinfo_wu_od_to_ko.60;302.00;wu_od_to_ko.60;0;2307.67;1.12;0.00;106.02;car;;2;11.00
1816.00;41899283#1_0;148.70;10.12;1656.00;1.05;-230845886_0;5.10;0.00;tripinfo_wu_ba_to_as.29;160.00;wu_ba_to_as.29;0;1430.78;1.00;0.00;29.76;car;;2;2.00
1818.00;41899283#1_0;148.70;11.99;1559.00;0.76;803785575#0_0;5.10;0.00;tripinfo_wu_od_to_as.30;259.00;wu_od_to_as.30;0;2382.09;1.09;0.00;61.07;car;;2;11.00
1818.00;23142338#2_0;290.21;11.23;1602.00;2.66;23687583_0;5.10;0.00;tripinfo_wu_as_to_ns.26;216.00;wu_as_to_ns.26;0;1995.73;1.09;0.00;48.89;car;;3;17.00
1819.00;972103805_0;116.86;10.73;1589.00;0.26;-230845886_0;5.10;0.00;tripinfo_wu_ba_to_ko.57;230.00;wu_ba_to_ko.57;0;2114.29;1.00;0.00;37.09;car;;1;7.00
1826.00;28706217_0;94.10;8.40;1747.00;0.44;803785575#0_0;5.10;0.00;tripinfo_wu_od_to_sl.1;79.00;wu_od_to_sl.1;0;747.33;1.02;0.00;7.39;car;;0;0.00
1827.00;45494495_0;58.90;11.33;1735.00;0.64;803785575#0_0;5.10;0.00;tripinfo_wu_od_to_os.31;92.00;wu_od_to_os.31;0;969.96;1.05;0.00;7.62;car;;0;0.00
1829.00;972103805_0;116.86;9.49;1522.00;3.33;803785575#0_0;5.10;0.00;tripinfo_wu_od_to_ko.61;307.00;wu_od_to_ko.61;0;2307.67;0.96;0.00;78.36;car;;3;42.00
1830.00;28706217_0;94.10;8.11;1621.00;0.34;-23142338#2_0;5.10;0.00;tripinfo_wu_ns_to_sl.3;209.00;wu_ns_to_sl.3;0;1619.36;1.03;0.00;50.66;car;;2;20.00
1833.00;230845886_0;633.12;9.91;1562.00;1.81;803785575#0_0;5.10;0.00;tripinfo_wu_od_to_ba.28;271.00;wu_od_to_ba.28;0;2382.14;0.93;0.00;38.86;car;;2;12.00
1835.00;972103805_0;116.86;10.03;1567.00;0.97;803785575#0_0;5.10;0.00;tripinfo_wu_od_to_ko.62;268.00;wu_od_to_ko.62;0;2307.67;0.93;0.00;32.20;car;;1;5.00
1835.00;230845886_0;633.12;13.32;1573.00;0.87;803785575#0_0;5.10;0.00;tripinfo_wu_od_to_ba.29;262.00;wu_od_to_ba.29;0;2382.14;1.22;0.00;84.77;car;;2;10.00
1837.00;23156305_0;1264.14;10.74;1543.00;1.24;-230845886_0;5.10;0.00;tripinfo_wu_ba_to_gg.16;294.00;wu_ba_to_gg.16;0;2718.65;0.98;0.00;41.79;car;;0;0.00
1839.00;23156305_0;1264.14;11.48;1547.00;0.17;-230845886_0;5.10;0.00;tripinfo_wu_ba_to_gg.17;292.00;wu_ba_to_gg.17;0;2718.65;1.11;0.00;69.90;car;;1;8.00
1841.00;41899283#1_0;148.70;10.51;1691.00;0.98;-230845886_0;5.10;0.00;tripinfo_wu_ba_to_as.30;150.00;wu_ba_to_as.30;0;1430.78;0.96;0.00;14.11;car;;0;0.00
1842.00;230845886_0;633.12;11.38;1642.00;0.65;-45494495_0;5.10;0.00;tripinfo_wu_os_to_ba.11;200.00;wu_os_to_ba.11;0;1746.52;1.04;0.00;48.75;car;;2;18.00
1842.00;41899283#1_0;148.70;10.51;1701.00;0.97;-230845886_0;5.10;0.00;tripinfo_wu_ba_to_as.31;141.00;wu_ba_to_as.31;0;1430.78;1.05;0.00;17.26;car;;0;0.00
1845.00;28716808#1_0;754.74;9.07;1516.00;3.21;803785575#0_0;5.10;0.00;tripinfo_wu_od_to_kl.22;329.00;wu_od_to_kl.22;0;2678.40;0.83;0.00;38.69;car;;2;6.00
1847.00;28716808#1_0;754.74;10.17;1601.00;0.77;-45494495_0;5.10;0.00;tripinfo_wu_os_to_kl.7;246.00;wu_os_to_kl.7;0;2042.78;0.99;0.00;59.42;car;;2;8.00
1852.00;41899283#1_0;148.70;8.67;1605.00;0.34;-23142338#2_0;5.10;0.00;tripinfo_wu_ns_to_as.8;247.00;wu_ns_to_as.8;0;2009.37;0.87;0.00;36.35;car;;2;5.00
1857.00;28706217_0;94.10;8.56;1796.00;0.22;-45494495_0;5.10;0.00;tripinfo_wu_os_to_sl.11;61.00;wu_os_to_sl.11;0;484.95;1.04;0.00;13.60;car;;1;1.00
1859.00;41899283#1_0;148.70;11.17;1712.00;0.90;-230845886_0;5.10;0.00;tripinfo_wu_ba_to_as.32;147.00;wu_ba_to_as.32;0;1430.78;1.12;0.00;30.65;car;;0;0.00
1862.00;23527526_0;253.75;8.38;1594.00;0.38;-23142338#2_0;5.10;0.00;tripinfo_wu_ns_to_gj.4;268.00;wu_ns_to_gj.4;0;2084.96;0.77;0.00;21.93;car;;0;0.00
1862.00;45494495_0;58.90;10.41;1768.00;0.65;803785575#0_0;5.10;0.00;tripinfo_wu_od_to_os.33;94.00;wu_od_to_os.33;0;969.96;1.03;0.00;8.59;car;;0;0.00
1863.00;41899283#1_0;148.70;11.64;1632.00;0.04;803785575#0_0;5.10;0.00;tripinfo_wu_od_to_as.31;231.00;wu_od_to_as.31;0;2382.09;1.05;0.00;24.90;car;;1;2.00
1864.00;23527526_0;253.75;11.08;1610.00;0.67;-23142338#2_0;5.10;0.00;tripinfo_wu_ns_to_gj.5;254.00;wu_ns_to_gj.5;0;2084.96;1.09;0.00;81.35;car;;0;0.00
1865.00;28706217_0;94.10;7.60;1637.00;0.44;-230845886_0;5.10;0.00;tripinfo_wu_ba_to_sl.19;228.00;wu_ba_to_sl.19;0;1934.94;0.96;0.00;39.67;car;;1;6.00
1869.00;28706217_0;94.10;8.63;1818.00;0.67;-45494495_0;5.10;0.00;tripinfo_wu_os_to_sl.12;51.00;wu_os_to_sl.12;0;484.95;1.10;0.00;6.55;car;;0;0.00
1873.00;45494495_0;58.90;8.64;1764.00;1.19;803785575#0_0;5.10;0.00;tripinfo_wu_od_to_os.32;109.00;wu_od_to_os.32;0;969.96;0.89;0.00;10.32;car;;0;0.00
1874.00;28716808#1_0;754.74;13.24;1655.00;3.58;-45494495_0;5.10;0.00;tripinfo_wu_os_to_kl.8;219.00;wu_os_to_kl.8;0;2042.78;1.24;0.00;69.77;car;;3;16.00
1874.00;23527526_0;253.75;11.81;1683.00;0.48;-23142338#2_0;5.10;0.00;tripinfo_wu_ns_to_gj.6;191.00;wu_ns_to_gj.6;0;2084.96;1.07;0.00;15.08;car;;0;0.00
1877.00;23527526_0;253.75;11.63;1784.00;1.85;23687583_0;5.10;0.00;tripinfo_wu_as_to_gj.36;93.00;wu_as_to_gj.36;0;649.06;1.10;0.00;38.92;car;;2;25.00
1880.00;41899283#1_0;148.70;8.96;1624.00;0.51;-23142338#2_0;5.10;0.00;tripinfo_wu_ns_to_as.9;256.00;wu_ns_to_as.9;0;2009.37;0.82;0.00;34.17;car;;2;5.00
1880.00;23527526_0;253.75;11.28;1679.00;0.46;-230845886_0;5.10;0.00;tripinfo_wu_ba_to_gj.32;201.00;wu_ba_to_gj.32;0;1755.68;1.05;0.00;49.18;car;;2;22.00
1882.00;41899283#1_0;148.70;11.20;1664.00;0.38;-23142338#2_0;5.10;0.00;tripinfo_wu_ns_to_as.10;218.00;wu_ns_to_as.10;0;2009.37;1.08;0.00;48.38;car;;1;4.00
1883.00;23527526_0;253.75;10.79;1682.00;2.17;-230845886_0;5.10;0.00;tripinfo_wu_ba_to_gj.33;201.00;wu_ba_to_gj.33;0;1755.68;1.05;0.00;49.56;car;;3;17.00
1884.00;23527526_0;253.75;12.23;1704.00;1.71;-230845886_0;5.10;0.00;tripinfo_wu_ba_to_gj.34;180.00;wu_ba_to_gj.34;0;1755.68;1.14;0.00;41.00;car;;1;10.00
1888.00;23156305_0;1264.14;9.73;1525.00;0.74;-23142338#2_0;5.10;0.00;tripinfo_wu_ns_to_gg.4;363.00;wu_ns_to_gg.4;0;3297.24;0.91;0.00;34.84;car;;0;0.00
1889.00;23156390_0;1121.44;10.50;1587.00;0.11;-23142338#2_0;5.10;0.00;tripinfo_wu_ns_to_br.3;302.00;wu_ns_to_br.3;0;2792.05;0.98;0.00;43.16;car;;2;7.00
1889.00;23527526_0;253.75;10.45;1793.00;1.52;23687583_0;5.10;0.00;tripinfo_wu_as_to_gj.37;96.00;wu_as_to_gj.37;0;649.06;0.97;0.00;35.25;car;;1;21.00
1890.00;23156305_0;1264.14;11.62;1584.00;0.83;-45494495_0;5.10;0.00;tripinfo_wu_os_to_gg.7;306.00;wu_os_to_gg.7;0;3034.34;1.05;0.00;43.22;car;;0;0.00
1893.00;45494495_0;58.90;11.95;1740.00;0.86;-230845886_0;5.10;0.00;tripinfo_wu_ba_to_os.28;153.00;wu_ba_to_os.28;0;1647.96;1.12;0.00;19.84;car;;0;0.00
1896.00;28706217_0;94.10;5.71;1633.00;3.13;23687583_0;5.10;0.00;tripinfo_wu_as_to_sl.29;263.00;wu_as_to_sl.29;0;1976.75;0.78;0.00;27.10;car;;1;1.00
1902.00;28706217_0;94.10;5.67;1636.00;0.89;23687583_0;5.10;0.00;tripinfo_wu_as_to_sl.30;266.00;wu_as_to_sl.30;0;1976.75;0.76;0.00;25.69;car;;0;0.00
1904.00;972103805_0;116.86;8.65;1633.00;0.36;-230845886_0;5.10;0.00;tripinfo_wu_ba_to_ko.58;271.00;wu_ba_to_ko.58;0;2114.29;0.80;0.00;29.71;car;;1;1.00
1904.00;28706217_0;94.10;7.37;1657.00;1.83;23687583_0;5.10;0.00;tripinfo_wu_as_to_sl.31;247.00;wu_as_to_sl.31;0;1976.75;0.95;0.00;53.22;car;;1;21.00
1906.00;972103805_0;116.86;10.23;1641.00;0.74;-230845886_0;5.10;0.00;tripinfo_wu_ba_to_ko.59;265.00;wu_ba_to_ko.59;0;2114.29;0.95;0.00;61.36;car;;0;0.00
1906.00;23527526_0;253.75;9.55;1707.00;0.92;-230845886_0;5.10;0.00;tripinfo_wu_ba_to_gj.35;199.00;wu_ba_to_gj.35;0;1755.68;0.87;0.00;16.02;car;;0;0.00
1908.00;972103805_0;116.86;11.13;1662.00;0.04;-230845886_0;5.10;0.00;tripinfo_wu_ba_to_ko.60;246.00;wu_ba_to_ko.60;0;2114.29;1.05;0.00;62.18;car;;1;2.00
1908.00;23527526_0;253.75;11.84;1743.00;3.74;-230845886_0;5.10;0.00;tripinfo_wu_ba_to_gj.36;165.00;wu_ba_to_gj.36;0;1755.68;1.12;0.00;21.81;car;;1;2.00
1914.00;230845886_0;633.12;9.88;1721.00;0.23;-45494495_0;5.10;0.00;tripinfo_wu_os_to_ba.12;193.00;wu_os_to_ba.12;0;1746.52;0.90;0.00;16.64;car;;0;0.00
1915.00;23156305_0;1264.14;9.74;1588.00;2.35;-45494495_0;5.10;0.00;tripinfo_wu_os_to_gg.8;327.00;wu_os_to_gg.8;0;3034.34;0.93;0.00;31.63;car;;1;2.00
1915.00;23156030#6_0;109.07;10.82;1685.00;2.70;-230845886_0;5.10;0.00;tripinfo_wu_ba_to_od.22;230.00;wu_ba_to_od.22;0;2315.50;1.09;0.00;37.64;car;;0;0.00
1916.00;41899283#1_0;148.70;12.43;1776.00;0.87;-230845886_0;5.10;0.00;tripinfo_wu_ba_to_as.33;140.00;wu_ba_to_as.33;0;1430.78;1.14;0.00;25.61;car;;1;2.00
1916.00;45494495_0;58.90;11.05;1823.00;0.93;803785575#0_0;5.10;0.00;tripinfo_wu_od_to_os.34;93.00;wu_od_to_os.34;0;969.96;1.04;0.00;8.35;car;;0;0.00
1918.00;23156390_0;1121.44;12.05;1645.00;2.65;-45494495_0;5.10;0.00;tripinfo_wu_os_to_br.5;273.00;wu_os_to_br.5;0;2513.69;1.11;0.00;66.46;car;;3;22.00
1919.00;41899283#1_0;148.70;11.15;1753.00;0.35;-45494495_0;5.10;0.00;tripinfo_wu_os_to_as.12;166.00;wu_os_to_as.12;0;1746.47;1.12;0.00;23.73;car;;1;3.00
1920.00;230845886_0;633.12;11.22;1701.00;0.15;803785575#0_0;5.10;0.00;tripinfo_wu_od_to_ba.30;219.00;wu_od_to_ba.30;0;2382.14;1.06;0.00;15.61;car;;0;0.00
1921.00;23156390_0;1121.44;11.92;1652.00;1.27;-45494495_0;5.10;0.00;tripinfo_wu_os_to_br.6;269.00;wu_os_to_br.6;0;2513.69;1.11;0.00;62.31;car;;3;17.00
1921.00;28706217_0;94.10;7.39;1681.00;3.38;23687583_0;5.10;0.00;tripinfo_wu_as_to_sl.32;240.00;wu_as_to_sl.32;0;1976.75;1.00;0.00;56.74;car;;4;14.00
1922.00;972103805_0;116.86;10.06;1665.00;0.98;-230845886_0;5.10;0.00;tripinfo_wu_ba_to_ko.61;257.00;wu_ba_to_ko.61;0;2114.29;0.95;0.00;54.62;car;;3;11.00
1924.00;972103805_0;116.86;12.11;1688.00;3.88;-230845886_0;5.10;0.00;tripinfo_wu_ba_to_ko.62;236.00;wu_ba_to_ko.62;0;2114.29;1.16;0.00;69.67;car;;3;10.00
1928.00;23142338#2_0;290.21;11.01;1709.00;4.71;23687583_0;5.10;0.00;tripinfo_wu_as_to_ns.27;219.00;wu_as_to_ns.27;0;1995.73;1.03;0.00;42.42;car;;2;12.00
1931.00;972103805_0;116.86;9.23;1603.00;1.44;803785575#0_0;5.10;0.00;tripinfo_wu_od_to_ko.63;328.00;wu_od_to_ko.63;0;2307.67;0.85;0.00;69.00;car;;3;35.00
1933.00;23156305_0;1264.14;9.67;1535.00;0.70;803785575#0_0;5.10;0.00;tripinfo_wu_od_to_gg.26;398.00;wu_od_to_gg.26;0;3669.96;0.94;0.00;44.75;car;;1;3.00
1933.00;972103805_0;116.86;9.17;1658.00;3.44;-45494495_0;5.10;0.00;tripinfo_wu_os_to_ko.17;275.00;wu_os_to_ko.17;0;2045.29;0.92;0.00;63.16;car;;4;18.00
1938.00;23156030#6_0;109.07;11.84;1848.00;0.30;-45494495_0;5.10;0.00;tripinfo_wu_os_to_od.18;90.00;wu_os_to_od.18;0;865.51;1.08;0.00;17.64;car;;1;5.00
1939.00;23142338#2_0;290.21;10.25;1685.00;0.80;803785575#0_0;5.10;0.00;tripinfo_wu_od_to_ns.10;254.00;wu_od_to_ns.10;0;1928.29;1.00;0.00;68.36;car;;2;14.00
1940.00;45494495_0;58.90;8.61;1734.00;0.51;23687583_0;5.10;0.00;tripinfo_wu_as_to_os.31;206.00;wu_as_to_os.31;0;1689.77;0.81;0.00;17.11;car;;0;0.00
1941.00;41899283#1_0;148.70;9.86;1787.00;0.91;-230845886_0;5.10;0.00;tripinfo_wu_ba_to_as.34;154.00;wu_ba_to_as.34;0;1430.78;1.00;0.00;23.89;car;;1;7.00
1943.00;23156030#6_0;109.07;12.18;1723.00;0.26;23687583_0;5.10;0.00;tripinfo_wu_as_to_od.18;220.00;wu_as_to_od.18;0;2357.31;1.18;0.00;40.04;car;;1;1.00
1944.00;28706217_0;94.10;7.61;1684.00;4.79;23687583_0;5.10;0.00;tripinfo_wu_as_to_sl.33;260.00;wu_as_to_sl.33;0;1976.75;0.93;0.00;63.05;car;;4;25.00
1947.00;41899283#1_0;148.70;11.01;1764.00;0.79;-45494495_0;5.10;0.00;tripinfo_wu_os_to_as.13;183.00;wu_os_to_as.13;0;1746.47;1.00;0.00;23.99;car;;0;0.00
1949.00;23142338#2_0;290.21;9.47;1653.00;0.43;-230845886_0;5.10;0.00;tripinfo_wu_ba_to_ns.17;296.00;wu_ba_to_ns.17;0;2346.36;0.87;0.00;50.69;car;;3;14.00
1951.00;45494495_0;58.90;9.44;1759.00;0.48;-230845886_0;5.10;0.00;tripinfo_wu_ba_to_os.29;192.00;wu_ba_to_os.29;0;1647.96;0.85;0.00;17.26;car;;0;0.00
1951.00;23527526_0;253.75;11.15;1768.00;1.68;-230845886_0;5.10;0.00;tripinfo_wu_ba_to_gj.37;183.00;wu_ba_to_gj.37;0;1755.68;1.02;0.00;26.42;car;;0;0.00
1953.00;23527526_0;253.75;12.78;1779.00;1.49;-230845886_0;5.10;0.00;tripinfo_wu_ba_to_gj.38;174.00;wu_ba_to_gj.38;0;1755.68;1.16;0.00;35.59;car;;0;0.00
1955.00;28706217_0;94.10;7.38;1702.00;0.68;23687583_0;5.10;0.00;tripinfo_wu_as_to_sl.34;253.00;wu_as_to_sl.34;0;1976.75;0.97;0.00;64.91;car;;3;27.00
1957.00;28706217_0;94.10;7.44;1705.00;0.97;23687583_0;5.10;0.00;tripinfo_wu_as_to_sl.35;252.00;wu_as_to_sl.35;0;1976.75;1.04;0.00;76.16;car;;3;29.00
1961.00;23156305_0;1264.14;12.31;1600.00;0.47;803785575#0_0;5.10;0.00;tripinfo_wu_od_to_gg.27;361.00;wu_od_to_gg.27;0;3669.96;1.14;0.00;69.29;car;;3;18.00
1962.00;23156030#6_0;109.07;10.15;1715.00;1.84;-230845886_0;5.10;0.00;tripinfo_wu_ba_to_od.23;247.00;wu_ba_to_od.23;0;2315.50;0.92;0.00;20.41;car;;0;0.00
1963.00;972103805_0;116.86;11.31;1818.00;1.07;23687583_0;5.10;0.00;tripinfo_wu_as_to_ko.50;145.00;wu_as_to_ko.50;0;1102.39;1.09;0.00;53.35;car;;2;30.00
1964.00;28706217_0;94.10;8.08;1737.00;2.39;23687583_0;5.10;0.00;tripinfo_wu_as_to_sl.36;227.00;wu_as_to_sl.36;0;1976.75;1.00;0.00;42.50;car;;2;13.00
1965.00;972103805_0;116.86;12.18;1821.00;4.04;23687583_0;5.10;0.00;tripinfo_wu_as_to_ko.51;144.00;wu_as_to_ko.51;0;1102.39;1.20;0.00;60.34;car;;3;35.00
1966.00;45494495_0;58.90;11.26;1873.00;0.84;803785575#0_0;5.10;0.00;tripinfo_wu_od_to_os.35;93.00;wu_od_to_os.35;0;969.96;1.05;0.00;8.78;car;;0;0.00
1972.00;972103805_0;116.86;9.12;1827.00;4.81;23687583_0;5.10;0.00;tripinfo_wu_as_to_ko.52;145.00;wu_as_to_ko.52;0;1102.39;0.89;0.00;33.00;car;;2;14.00
1975.00;41899283#1_0;148.70;8.76;1743.00;0.39;-23142338#2_0;5.10;0.00;tripinfo_wu_ns_to_as.11;232.00;wu_ns_to_as.11;0;2009.37;0.89;0.00;28.22;car;;1;4.00
1977.00;972103805_0;116.86;8.28;1787.00;0.46;-23142338#2_0;5.10;0.00;tripinfo_wu_ns_to_ko.43;190.00;wu_ns_to_ko.43;0;1398.55;0.80;0.00;32.49;car;;2;11.00
1979.00;972103805_0;116.86;10.15;1801.00;0.74;-23142338#2_0;5.10;0.00;tripinfo_wu_ns_to_ko.44;178.00;wu_ns_to_ko.44;0;1398.55;0.96;0.00;46.18;car;;2;9.00
1981.00;972103805_0;116.86;8.15;1649.00;0.40;803785575#0_0;5.10;0.00;tripinfo_wu_od_to_ko.64;332.00;wu_od_to_ko.64;0;2307.67;0.84;0.00;71.71;car;;2;32.00
1982.00;23527526_0;253.75;10.84;1907.00;0.56;23687583_0;5.10;0.00;tripinfo_wu_as_to_gj.38;75.00;wu_as_to_gj.38;0;649.06;0.99;0.00;14.81;car;;1;4.00
1985.00;23142338#2_0;290.21;10.12;1784.00;0.97;-45494495_0;5.10;0.00;tripinfo_wu_os_to_ns.4;201.00;wu_os_to_ns.4;0;1665.91;1.02;0.00;41.11;car;;2;14.00
1987.00;41899283#1_0;148.70;9.70;1816.00;3.79;-230845886_0;5.10;0.00;tripinfo_wu_ba_to_as.35;171.00;wu_ba_to_as.35;0;1430.78;0.90;0.00;25.99;car;;1;6.00
1989.00;23156030#6_0;109.07;12.57;1744.00;0.96;23687583_0;5.10;0.00;tripinfo_wu_as_to_od.20;245.00;wu_as_to_od.20;0;2357.31;1.21;0.00;68.85;car;;0;0.00
1989.00;41899283#1_0;148.70;11.72;1812.00;0.39;-45494495_0;5.10;0.00;tripinfo_wu_os_to_as.14;177.00;wu_os_to_as.14;0;1746.47;1.10;0.00;33.00;car;;1;1.00
1989.00;28716808#1_0;754.74;11.16;1845.00;4.25;23687583_0;5.10;0.00;tripinfo_wu_as_to_kl.10;144.00;wu_as_to_kl.10;0;1207.92;1.03;0.00;38.07;car;;2;9.00
1991.00;45494495_0;58.90;8.85;1781.00;0.80;-23142338#2_0;5.10;0.00;tripinfo_wu_ns_to_os.3;210.00;wu_ns_to_os.3;0;1865.82;0.91;0.00;24.24;car;;1;1.00
1993.00;972103805_0;116.86;8.26;1842.00;5.87;23687583_0;5.10;0.00;tripinfo_wu_as_to_ko.53;151.00;wu_as_to_ko.53;0;1102.39;0.79;0.00;24.80;car;;2;4.00
1996.00;45494495_0;58.90;10.84;1829.00;0.72;-230845886_0;5.10;0.00;tripinfo_wu_ba_to_os.30;167.00;wu_ba_to_os.30;0;1647.96;0.99;0.00;15.88;car;;0;0.00
1997.00;23156305_0;1264.14;12.24;1652.00;0.39;803785575#0_0;5.10;0.00;tripinfo_wu_od_to_gg.28;345.00;wu_od_to_gg.28;0;3669.96;1.11;0.00;44.71;car;;1;9.00
1997.00;972103805_0;116.86;8.25;1662.00;0.86;803785575#0_0;5.10;0.00;tripinfo_wu_od_to_ko.65;335.00;wu_od_to_ko.65;0;2307.67;0.77;0.00;50.52;car;;3;11.00
1999.00;972103805_0;116.86;10.28;1668.00;0.63;803785575#0_0;5.10;0.00;tripinfo_wu_od_to_ko.66;331.00;wu_od_to_ko.66;0;2307.67;0.96;0.00;103.27;car;;2;7.00
1999.00;23156030#6_0;109.07;10.94;1740.00;2.40;23687583_0;5.10;0.00;tripinfo_wu_as_to_od.19;259.00;wu_as_to_od.19;0;2357.31;1.07;0.00;59.47;car;;0;0.00
2000.00;23142338#2_0;290.21;9.65;1763.00;0.79;23687583_0;5.10;0.00;tripinfo_wu_as_to_ns.28;237.00;wu_as_to_ns.28;0;1995.73;0.92;0.00;39.56;car;;2;10.00
2001.00;972103805_0;116.86;10.99;1725.00;0.43;-45494495_0;5.10;0.00;tripinfo_wu_os_to_ko.18;276.00;wu_os_to_ko.18;0;2045.29;1.00;0.00;78.87;car;;4;12.00
2001.00;41899283#1_0;148.70;9.95;1850.00;0.45;-230845886_0;5.10;0.00;tripinfo_wu_ba_to_as.36;151.00;wu_ba_to_as.36;0;1430.78;0.98;0.00;18.41;car;;1;3.00
2002.00;23142338#2_0;290.21;10.46;1787.00;2.55;23687583_0;5.10;0.00;tripinfo_wu_as_to_ns.29;215.00;wu_as_to_ns.29;0;1995.73;1.01;0.00;34.01;car;;1;1.00
2004.00;230845886_0;633.12;9.71;1750.00;0.93;803785575#0_0;5.10;0.00;tripinfo_wu_od_to_ba.31;254.00;wu_od_to_ba.31;0;2382.14;0.92;0.00;19.30;car;;0;0.00
2006.00;230845886_0;633.12;10.88;1831.00;0.20;23687583_0;5.10;0.00;tripinfo_wu_as_to_ba.22;175.00;wu_as_to_ba.22;0;1356.50;1.07;0.00;60.57;car;;3;20.00
2006.00;23527526_0;253.75;12.07;1842.00;1.19;-230845886_0;5.10;0.00;tripinfo_wu_ba_to_gj.39;164.00;wu_ba_to_gj.39;0;1755.68;1.13;0.00;23.31;car;;1;4.00
2010.00;230845886_0;633.12;9.59;1836.00;0.90;23687583_0;5.10;0.00;tripinfo_wu_as_to_ba.23;174.00;wu_as_to_ba.23;0;1356.50;0.93;0.00;42.70;car;;3;18.00
2012.00;230845886_0;633.12;12.12;1852.00;10.44;23687583_0;5.10;0.00;tripinfo_wu_as_to_ba.24;160.00;wu_as_to_ba.24;0;1356.50;1.12;0.00;50.01;car;;3;17.00
2013.00;28706217_0;94.10;8.28;1813.00;2.48;-230845886_0;5.10;0.00;tripinfo_wu_ba_to_sl.20;200.00;wu_ba_to_sl.20;0;1934.94;1.14;0.00;41.37;car;;1;2.00
2019.00;45494495_0;58.90;11.81;1928.00;4.49;803785575#0_0;5.10;0.00;tripinfo_wu_od_to_os.36;91.00;wu_od_to_os.36;0;969.96;1.06;0.00;8.01;car;;0;0.00
2022.00;23156305_0;1264.14;10.45;1868.00;0.99;23687583_0;5.10;0.00;tripinfo_wu_as_to_gg.10;154.00;wu_as_to_gg.10;0;1600.87;1.04;0.00;14.67;car;;0;0.00
2025.00;45494495_0;58.90;11.12;1865.00;0.32;-230845886_0;5.10;0.00;tripinfo_wu_ba_to_os.31;160.00;wu_ba_to_os.31;0;1647.96;1.07;0.00;20.33;car;;0;0.00
2025.00;23156030#6_0;109.07;10.64;1940.00;1.00;-45494495_0;5.10;0.00;tripinfo_wu_os_to_od.19;85.00;wu_os_to_od.19;0;865.51;1.01;0.00;7.29;car;;0;0.00
2027.00;41899283#1_0;148.70;9.47;1844.00;1.79;-45494495_0;5.10;0.00;tripinfo_wu_os_to_as.15;183.00;wu_os_to_as.15;0;1746.47;0.94;0.00;15.27;car;;0;0.00
2028.00;972103805_0;116.86;10.12;1740.00;0.04;803785575#0_0;5.10;0.00;tripinfo_wu_od_to_ko.67;288.00;wu_od_to_ko.67;0;2307.67;0.98;0.00;64.31;car;;3;32.00
2028.00;23156030#6_0;109.07;11.05;1781.00;0.42;23687583_0;5.10;0.00;tripinfo_wu_as_to_od.21;247.00;wu_as_to_od.21;0;2357.31;1.00;0.00;33.11;car;;2;6.00
2028.00;45494495_0;58.90;9.32;1824.00;3.40;23687583_0;5.10;0.00;tripinfo_wu_as_to_os.32;204.00;wu_as_to_os.32;0;1689.77;0.93;0.00;39.93;car;;2;15.00
2036.00;230845886_0;633.12;8.98;1876.00;0.57;23687583_0;5.10;0.00;tripinfo_wu_as_to_ba.25;160.00;wu_as_to_ba.25;0;1356.50;0.90;0.00;24.24;car;;1;8.00
2040.00;972103805_0;116.86;10.32;1810.00;0.23;-230845886_0;5.10;0.00;tripinfo_wu_ba_to_ko.63;230.00;wu_ba_to_ko.63;0;2114.29;1.00;0.00;37.63;car;;2;9.00
2045.00;23156030#6_0;109.07;9.54;1804.00;0.02;-230845886_0;5.10;0.00;tripinfo_wu_ba_to_od.24;241.00;wu_ba_to_od.24;0;2315.50;0.97;0.00;24.63;car;;1;3.00
2046.00;23156305_0;1264.14;9.89;1689.00;0.23;-23142338#2_0;5.10;0.00;tripinfo_wu_ns_to_gg.5;357.00;wu_ns_to_gg.5;0;3297.24;0.95;0.00;40.84;car;;2;3.00
2047.00;230845886_0;633.12;10.95;1812.00;0.20;803785575#0_0;5.10;0.00;tripinfo_wu_od_to_ba.32;235.00;wu_od_to_ba.32;0;2382.14;1.00;0.00;18.59;car;;0;0.00
2048.00;23156030#6_0;109.07;9.46;1790.00;4.29;23687583_0;5.10;0.00;tripinfo_wu_as_to_od.22;258.00;wu_as_to_od.22;0;2357.31;0.96;0.00;35.93;car;;1;8.00
2055.00;28706217_0;94.10;7.99;1973.00;0.05;803785575#0_0;5.10;0.00;tripinfo_wu_od_to_sl.2;82.00;wu_od_to_sl.2;0;747.33;0.98;0.00;7.77;car;;0;0.00
2056.00;972103805_0;116.86;12.43;1853.00;0.53;-230845886_0;5.10;0.00;tripinfo_wu_ba_to_ko.64;203.00;wu_ba_to_ko.64;0;2114.29;1.15;0.00;35.76;car;;1;4.00
2057.00;23142338#2_0;290.21;12.44;1848.00;6.53;23687583_0;5.10;0.00;tripinfo_wu_as_to_ns.30;209.00;wu_as_to_ns.30;0;1995.73;1.18;0.00;55.50;car;;3;8.00
2061.00;23156305_0;1264.14;10.51;1709.00;0.94;-23142338#2_0;5.10;0.00;tripinfo_wu_ns_to_gg.6;352.00;wu_ns_to_gg.6;0;3297.24;0.98;0.00;44.84;car;;2;10.00
2062.00;41899283#1_0;148.70;10.50;1871.00;0.67;-45494495_0;5.10;0.00;tripinfo_wu_os_to_as.16;191.00;wu_os_to_as.16;0;1746.47;0.97;0.00;27.43;car;;1;5.00
2062.00;45494495_0;58.90;10.26;1966.00;0.01;803785575#0_0;5.10;0.00;tripinfo_wu_od_to_os.37;96.00;wu_od_to_os.37;0;969.96;1.00;0.00;8.75;car;;0;0.00
2064.00;23142338#2_0;290.21;10.69;1863.00;4.34;23687583_0;5.10;0.00;tripinfo_wu_as_to_ns.31;201.00;wu_as_to_ns.31;0;1995.73;1.08;0.00;31.87;car;;0;0.00
2068.00;41899283#1_0;148.70;9.04;1881.00;2.91;-230845886_0;5.10;0.00;tripinfo_wu_ba_to_as.37;187.00;wu_ba_to_as.37;0;1430.78;0.87;0.00;38.15;car;;1;6.00
2070.00;41899283#1_0;148.70;9.99;1826.00;1.87;803785575#0_0;5.10;0.00;tripinfo_wu_od_to_as.32;244.00;wu_od_to_as.32;0;2382.09;0.98;0.00;24.16;car;;0;0.00
2070.00;45494495_0;58.90;12.15;1989.00;4.30;803785575#0_0;5.10;0.00;tripinfo_wu_od_to_os.38;81.00;wu_od_to_os.38;0;969.96;1.20;0.00;7.44;car;;0;0.00
2074.00;28716808#1_0;754.74;9.14;1785.00;0.83;803785575#0_0;5.10;0.00;tripinfo_wu_od_to_kl.23;289.00;wu_od_to_kl.23;0;2678.40;0.92;0.00;26.70;car;;1;2.00
2075.00;23156305_0;1264.14;10.01;1760.00;0.58;-45494495_0;5.10;0.00;tripinfo_wu_os_to_gg.9;315.00;wu_os_to_gg.9;0;3034.34;0.96;0.00;28.94;car;;0;0.00
2075.00;23527526_0;253.75;8.37;1996.00;0.43;23687583_0;5.10;0.00;tripinfo_wu_as_to_gj.39;79.00;wu_as_to_gj.39;0;649.06;0.85;0.00;8.89;car;;0;0.00
2076.00;23156390_0;1121.44;9.08;1821.00;0.37;-230845886_0;5.10;0.00;tripinfo_wu_ba_to_br.2;255.00;wu_ba_to_br.2;0;2198.00;0.90;0.00;31.90;car;;2;6.00
2077.00;23156305_0;1264.14;11.42;1709.00;0.42;803785575#0_0;5.10;0.00;tripinfo_wu_od_to_gg.29;368.00;wu_od_to_gg.29;0;3669.96;1.07;0.00;57.55;car;;0;0.00
2077.00;41899283#1_0;148.70;10.98;1932.00;0.98;-230845886_0;5.10;0.00;tripinfo_wu_ba_to_as.38;145.00;wu_ba_to_as.38;0;1430.78;1.06;0.00;22.60;car;;0;0.00
2080.00;23527526_0;253.75;12.16;2018.00;0.53;23687583_0;5.10;0.00;tripinfo_in_as_to_gj.0;62.00;in_as_to_gj.0;0;649.06;1.11;0.00;8.17;car;;0;0.00
2085.00;23156390_0;1121.44;11.74;1925.00;0.92;23687583_0;5.10;0.00;tripinfo_wu_as_to_br.10;160.00;wu_as_to_br.10;0;1694.48;1.11;0.00;21.70;car;;1;4.00
2091.00;972103805_0;116.86;9.70;1968.00;0.10;23687583_0;5.10;0.00;tripinfo_wu_as_to_ko.54;123.00;wu_as_to_ko.54;0;1102.39;0.89;0.00;10.56;car;;0;0.00
2092.00;23142338#2_0;290.21;11.16;1880.00;3.19;23687583_0;5.10;0.00;tripinfo_wu_as_to_ns.32;212.00;wu_as_to_ns.32;0;1995.73;1.03;0.00;36.09;car;;2;10.00
2092.00;972103805_0;116.86;10.92;1990.00;0.87;23687583_0;5.10;0.00;tripinfo_wu_as_to_ko.55;102.00;wu_as_to_ko.55;0;1102.39;1.26;0.00;22.55;car;;0;0.00
2094.00;45494495_0;58.90;10.53;1999.00;0.49;803785575#0_0;5.10;0.00;tripinfo_wu_od_to_os.39;95.00;wu_od_to_os.39;0;969.96;1.02;0.00;9.01;car;;0;0.00
2095.00;972103805_0;116.86;10.14;1835.00;0.54;803785575#0_0;5.10;0.00;tripinfo_wu_od_to_ko.68;260.00;wu_od_to_ko.68;0;2307.67;1.01;0.00;42.54;car;;2;13.00
2097.00;972103805_0;116.86;11.78;1841.00;0.59;-45494495_0;5.10;0.00;tripinfo_wu_os_to_ko.19;256.00;wu_os_to_ko.19;0;2045.29;1.06;0.00;70.72;car;;2;22.00
2099.00;972103805_0;116.86;10.67;1850.00;0.33;803785575#0_0;5.10;0.00;tripinfo_wu_od_to_ko.69;249.00;wu_od_to_ko.69;0;2307.67;1.01;0.00;30.85;car;;0;0.00
2100.00;45494495_0;58.90;10.58;1904.00;0.11;-230845886_0;5.10;0.00;tripinfo_wu_ba_to_os.32;196.00;wu_ba_to_os.32;0;1647.96;0.97;0.00;42.41;car;;1;1.00
2105.00;45494495_0;58.90;8.65;1898.00;0.42;23687583_0;5.10;0.00;tripinfo_wu_as_to_os.33;207.00;wu_as_to_os.33;0;1689.77;0.86;0.00;29.50;car;;0;0.00
2107.00;45494495_0;58.90;10.68;1912.00;2.98;-230845886_0;5.10;0.00;tripinfo_wu_ba_to_os.33;195.00;wu_ba_to_os.33;0;1647.96;1.03;0.00;50.79;car;;1;1.00
2111.00;28706217_0;94.10;8.05;1859.00;1.02;23687583_0;5.10;0.00;tripinfo_wu_as_to_sl.37;252.00;wu_as_to_sl.37;0;1976.75;0.98;0.00;63.62;car;;4;23.00
2111.00;972103805_0;116.86;11.76;1990.00;0.44;-23142338#2_0;5.10;0.00;tripinfo_wu_ns_to_ko.45;121.00;wu_ns_to_ko.45;0;1398.55;1.14;0.00;10.38;car;;0;0.00
2112.00;45494495_0;58.90;9.72;2012.00;3.09;803785575#0_0;5.10;0.00;tripinfo_in_od_to_os.1;100.00;in_od_to_os.1;0;969.96;0.95;0.00;8.23;car;;0;0.00
2119.00;23156390_0;1121.44;10.13;1851.00;2.52;-45494495_0;5.10;0.00;tripinfo_wu_os_to_br.7;268.00;wu_os_to_br.7;0;2513.69;1.00;0.00;38.08;car;;2;8.00
2123.00;28716808#1_0;754.74;11.94;2015.00;0.93;23687583_0;5.10;0.00;tripinfo_in_as_to_kl.0;108.00;in_as_to_kl.0;0;1207.92;1.16;0.00;13.33;car;;0;0.00
2123.00;23527526_0;253.75;8.05;2028.00;1.62;23687583_0;5.10;0.00;tripinfo_in_as_to_gj.1;95.00;in_as_to_gj.1;0;649.06;0.83;0.00;23.60;car;;1;12.00
2124.00;41899283#1_0;148.70;10.28;1967.00;0.15;-230845886_0;5.10;0.00;tripinfo_wu_ba_to_as.39;157.00;wu_ba_to_as.39;0;1430.78;0.95;0.00;20.68;car;;1;3.00
2126.00;972103805_0;116.86;9.31;2005.00;0.67;23687583_0;5.10;0.00;tripinfo_in_as_to_ko.0;121.00;in_as_to_ko.0;0;1102.39;0.91;0.00;10.45;car;;0;0.00
2129.00;45494495_0;58.90;7.73;2009.00;4.23;803785575#0_0;5.10;0.00;tripinfo_in_od_to_os.0;120.00;in_od_to_os.0;0;969.96;0.80;0.00;10.64;car;;0;0.00
2131.00;45494495_0;58.90;9.83;1963.00;0.33;-230845886_0;5.10;0.00;tripinfo_wu_ba_to_os.34;168.00;wu_ba_to_os.34;0;1647.96;1.00;0.00;18.09;car;;0;0.00
2133.00;23156305_0;1264.14;10.77;1761.00;0.66;803785575#0_0;5.10;0.00;tripinfo_wu_od_to_gg.30;372.00;wu_od_to_gg.30;0;3669.96;0.98;0.00;32.61;car;;0;0.00
2136.00;23142338#2_0;290.21;9.57;1919.00;3.38;23687583_0;5.10;0.00;tripinfo_wu_as_to_ns.33;217.00;wu_as_to_ns.33;0;1995.73;0.95;0.00;25.23;car;;1;1.00
2138.00;23527526_0;253.75;9.27;1911.00;0.30;-45494495_0;5.10;0.00;tripinfo_wu_os_to_gj.7;227.00;wu_os_to_gj.7;0;2071.37;0.93;0.00;24.72;car;;1;2.00
2140.00;45494495_0;58.90;9.50;1955.00;0.05;23687583_0;5.10;0.00;tripinfo_wu_as_to_os.34;185.00;wu_as_to_os.34;0;1689.77;0.96;0.00;25.82;car;;1;8.00
2142.00;23527526_0;253.75;12.25;2080.00;3.32;23687583_0;5.10;0.00;tripinfo_in_as_to_gj.2;62.00;in_as_to_gj.2;0;649.06;1.15;0.00;10.38;car;;0;0.00
2144.00;45494495_0;58.90;10.45;2046.00;8.30;803785575#0_0;5.10;0.00;tripinfo_in_od_to_os.2;98.00;in_od_to_os.2;0;969.96;1.04;0.00;13.40;car;;0;0.00
2151.00;23156030#6_0;109.07;12.52;1900.00;0.55;-230845886_0;5.10;0.00;tripinfo_wu_ba_to_od.25;251.00;wu_ba_to_od.25;0;2315.50;1.14;0.00;67.68;car;;1;1.00
2151.00;972103805_0;116.86;9.53;2007.00;0.67;-23142338#2_0;5.10;0.00;tripinfo_wu_ns_to_ko.46;144.00;wu_ns_to_ko.46;0;1398.55;0.95;0.00;10.97;car;;0;0.00
2155.00;45494495_0;58.90;9.37;2049.00;11.26;803785575#0_0;5.10;0.00;tripinfo_in_od_to_os.3;106.00;in_od_to_os.3;0;969.96;0.91;0.00;9.34;car;;0;0.00
2160.00;972103805_0;116.86;9.58;1920.00;1.85;-230845886_0;5.10;0.00;tripinfo_wu_ba_to_ko.65;240.00;wu_ba_to_ko.65;0;2114.29;0.95;0.00;38.77;car;;2;6.00
2165.00;972103805_0;116.86;9.55;1923.00;2.99;-230845886_0;5.10;0.00;tripinfo_wu_ba_to_ko.66;242.00;wu_ba_to_ko.66;0;2114.29;0.91;0.00;31.54;car;;0;0.00
2165.00;230845886_0;633.12;13.06;2034.00;0.04;23687583_0;5.10;0.00;tripinfo_in_as_to_ba.0;131.00;in_as_to_ba.0;0;1356.50;1.22;0.00;30.82;car;;1;11.00
2165.00;45494495_0;58.90;10.01;2067.00;12.53;803785575#0_0;5.10;0.00;tripinfo_in_od_to_os.4;98.00;in_od_to_os.4;0;969.96;0.99;0.00;8.68;car;;0;0.00
2169.00;28706217_0;94.10;6.08;1878.00;0.36;-230845886_0;5.10;0.00;tripinfo_wu_ba_to_sl.21;291.00;wu_ba_to_sl.21;0;1934.94;0.75;0.00;50.62;car;;2;16.00
2170.00;972103805_0;116.86;10.15;2062.00;8.06;23687583_0;5.10;0.00;tripinfo_in_as_to_ko.1;108.00;in_as_to_ko.1;0;1102.39;1.03;0.00;10.54;car;;0;0.00
2171.00;28706217_0;94.10;8.05;1884.00;2.15;-230845886_0;5.10;0.00;tripinfo_wu_ba_to_sl.22;287.00;wu_ba_to_sl.22;0;1934.94;0.98;0.00;102.43;car;;3;12.00
2175.00;23156305_0;1264.14;10.31;2022.00;0.24;23687583_0;5.10;0.00;tripinfo_in_as_to_gg.0;153.00;in_as_to_gg.0;0;1600.87;1.03;0.00;12.12;car;;0;0.00
2178.00;28716808#1_0;754.74;10.66;1890.00;0.66;803785575#0_0;5.10;0.00;tripinfo_wu_od_to_kl.24;288.00;wu_od_to_kl.24;0;2678.40;0.96;0.00;36.71;car;;2;3.00
2178.00;45494495_0;58.90;10.92;2012.00;0.02;23687583_0;5.10;0.00;tripinfo_in_as_to_os.0;166.00;in_as_to_os.0;0;1689.77;1.00;0.00;13.26;car;;0;0.00
2179.00;23527526_0;253.75;10.13;1943.00;3.42;-45494495_0;5.10;0.00;tripinfo_wu_os_to_gj.8;236.00;wu_os_to_gj.8;0;2071.37;0.92;0.00;31.90;car;;1;8.00
2181.00;23156030#6_0;109.07;9.91;1909.00;0.10;-230845886_0;5.10;0.00;tripinfo_wu_ba_to_od.26;272.00;wu_ba_to_od.26;0;2315.50;1.01;0.00;64.79;car;;2;5.00
2181.00;23527526_0;253.75;9.96;2105.00;1.17;23687583_0;5.10;0.00;tripinfo_in_as_to_gj.3;76.00;in_as_to_gj.3;0;649.06;0.99;0.00;16.04;car;;1;3.00
2188.00;45494495_0;58.90;9.82;2082.00;17.10;803785575#0_0;5.10;0.00;tripinfo_in_od_to_os.5;106.00;in_od_to_os.5;0;969.96;0.91;0.00;9.25;car;;0;0.00
2190.00;45494495_0;58.90;13.21;2097.00;20.24;803785575#0_0;5.10;0.00;tripinfo_in_od_to_os.6;93.00;in_od_to_os.6;0;969.96;1.21;0.00;19.99;car;;0;0.00
2191.00;972103805_0;116.86;8.56;2023.00;0.72;-23142338#2_0;5.10;0.00;tripinfo_in_ns_to_ko.0;168.00;in_ns_to_ko.0;0;1398.55;0.86;0.00;20.53;car;;1;4.00
2193.00;972103805_0;116.86;11.65;2071.00;8.56;23687583_0;5.10;0.00;tripinfo_in_as_to_ko.2;122.00;in_as_to_ko.2;0;1102.39;1.07;0.00;29.27;car;;1;14.00
2194.00;23156030#6_0;109.07;10.17;2091.00;0.44;-45494495_0;5.10;0.00;tripinfo_in_os_to_od.0;103.00;in_os_to_od.0;0;865.51;0.94;0.00;19.71;car;;3;4.00
2196.00;972103805_0;116.86;12.33;2040.00;0.71;-23142338#2_0;5.10;0.00;tripinfo_in_ns_to_ko.1;156.00;in_ns_to_ko.1;0;1398.55;1.15;0.00;45.82;car;;2;3.00
2200.00;23156030#6_1;109.07;11.78;2119.00;4.11;-45494495_0;5.10;0.00;tripinfo_in_os_to_od.2;81.00;in_os_to_od.2;0;865.51;1.15;0.00;12.39;car;;0;0.00
2201.00;972103805_0;116.86;9.96;1853.00;1.93;803785575#0_0;5.10;0.00;tripinfo_wu_od_to_ko.70;348.00;wu_od_to_ko.70;0;2307.67;0.91;0.00;107.90;car;;3;67.00
2202.00;23156030#6_0;109.07;9.92;2110.00;2.07;-45494495_0;5.10;0.00;tripinfo_in_os_to_od.1;92.00;in_os_to_od.1;0;865.51;0.99;0.00;12.72;car;;0;0.00
2203.00;972103805_0;116.86;10.33;1922.00;0.70;803785575#0_0;5.10;0.00;tripinfo_wu_od_to_ko.71;281.00;wu_od_to_ko.71;0;2307.67;0.95;0.00;49.54;car;;2;6.00
2203.00;23156030#6_1;109.07;11.55;1971.00;1.40;23687583_0;5.10;0.00;tripinfo_wu_as_to_od.23;232.00;wu_as_to_od.23;0;2357.31;1.07;0.00;32.88;car;;0;0.00
2205.00;41899283#1_0;148.70;9.09;2029.00;2.02;-230845886_0;5.10;0.00;tripinfo_in_ba_to_as.0;176.00;in_ba_to_as.0;0;1430.78;0.91;0.00;33.68;car;;1;8.00
2205.00;45494495_0;58.90;10.16;2100.00;19.89;803785575#0_0;5.10;0.00;tripinfo_in_od_to_os.7;105.00;in_od_to_os.7;0;969.96;0.92;0.00;10.03;car;;0;0.00
2207.00;41899283#1_0;148.70;10.94;2038.00;2.44;-230845886_0;5.10;0.00;tripinfo_in_ba_to_as.1;169.00;in_ba_to_as.1;0;1430.78;1.09;0.00;49.36;car;;1;7.00
2208.00;23142338#2_0;290.21;12.19;2025.00;4.76;-45494495_0;5.10;0.00;tripinfo_in_os_to_ns.0;183.00;in_os_to_ns.0;0;1665.91;1.13;0.00;38.16;car;;2;7.00
2208.00;45494495_0;58.90;10.28;2025.00;0.56;23687583_0;5.10;0.00;tripinfo_in_as_to_os.1;183.00;in_as_to_os.1;0;1689.77;0.96;0.00;23.22;car;;0;0.00
2209.00;23156030#6_0;109.07;9.39;1938.00;0.14;-230845886_0;5.10;0.00;tripinfo_wu_ba_to_od.27;271.00;wu_ba_to_od.27;0;2315.50;0.86;0.00;28.56;car;;1;1.00
2209.00;45494495_0;58.90;11.64;2026.00;2.11;-230845886_0;5.10;0.00;tripinfo_in_ba_to_os.0;183.00;in_ba_to_os.0;0;1647.96;1.14;0.00;52.23;car;;0;0.00
2210.00;41899283#1_0;148.70;9.74;2048.00;3.20;-230845886_0;5.10;0.00;tripinfo_in_ba_to_as.2;162.00;in_ba_to_as.2;0;1430.78;0.95;0.00;25.28;car;;0;0.00
2211.00;45494495_0;58.90;11.40;2118.00;26.61;803785575#0_0;5.10;0.00;tripinfo_in_od_to_os.9;93.00;in_od_to_os.9;0;969.96;1.13;0.00;14.93;car;;0;0.00
2218.00;23156305_0;1264.14;11.49;1899.00;0.35;-23142338#2_0;5.10;0.00;tripinfo_wu_ns_to_gg.7;319.00;wu_ns_to_gg.7;0;3297.24;1.04;0.00;29.04;car;;0;0.00
2219.00;23156305_0;1264.14;13.40;1876.00;0.01;803785575#0_0;5.10;0.00;tripinfo_wu_od_to_gg.31;343.00;wu_od_to_gg.31;0;3669.96;1.25;0.00;76.35;car;;1;5.00
2219.00;230845886_0;633.12;9.28;1936.00;0.08;803785575#0_0;5.10;0.00;tripinfo_wu_od_to_ba.33;283.00;wu_od_to_ba.33;0;2382.14;0.94;0.00;53.94;car;;1;30.00
2219.00;45494495_0;58.90;10.34;2112.00;22.09;803785575#0_0;5.10;0.00;tripinfo_in_od_to_os.8;107.00;in_od_to_os.8;0;969.96;0.93;0.00;12.39;car;;0;0.00
2221.00;23156305_0;1264.14;11.54;1887.00;0.15;803785575#0_0;5.10;0.00;tripinfo_wu_od_to_gg.32;334.00;wu_od_to_gg.32;0;3669.96;1.13;0.00;40.20;car;;0;0.00
2221.00;230845886_0;633.12;10.66;2010.00;0.68;-45494495_0;5.10;0.00;tripinfo_wu_os_to_ba.13;211.00;wu_os_to_ba.13;0;1746.52;1.05;0.00;60.54;car;;1;29.00
2223.00;41899283#1_0;148.70;9.74;2051.00;1.95;-230845886_0;5.10;0.00;tripinfo_in_ba_to_as.3;172.00;in_ba_to_as.3;0;1430.78;0.95;0.00;35.06;car;;1;9.00
2223.00;230845886_0;633.12;10.50;2074.00;7.27;23687583_0;5.10;0.00;tripinfo_in_as_to_ba.1;149.00;in_as_to_ba.1;0;1356.50;1.01;0.00;27.97;car;;1;9.00
2225.00;972103805_0;116.86;10.08;2093.00;2.03;23687583_0;5.10;0.00;tripinfo_in_as_to_ko.3;132.00;in_as_to_ko.3;0;1102.39;0.96;0.00;28.42;car;;1;15.00
2228.00;972103805_0;116.86;10.12;2102.00;0.13;23687583_0;5.10;0.00;tripinfo_in_as_to_ko.4;126.00;in_as_to_ko.4;0;1102.39;0.94;0.00;19.66;car;;1;6.00
2230.00;972103805_0;116.86;10.59;2114.00;0.78;23687583_0;5.10;0.00;tripinfo_in_as_to_ko.5;116.00;in_as_to_ko.5;0;1102.39;0.98;0.00;14.51;car;;0;0.00
2231.00;23527526_0;253.75;10.55;2042.00;5.65;-230845886_0;5.10;0.00;tripinfo_in_ba_to_gj.0;189.00;in_ba_to_gj.0;0;1755.68;1.06;0.00;39.42;car;;1;5.00
2234.00;41899283#1_0;148.70;12.99;1986.00;3.05;803785575#0_0;5.10;0.00;tripinfo_wu_od_to_as.33;248.00;wu_od_to_as.33;0;2382.09;1.18;0.00;65.27;car;;2;11.00
2235.00;972103805_0;116.86;9.20;1979.00;0.47;-230845886_0;5.10;0.00;tripinfo_wu_ba_to_ko.67;256.00;wu_ba_to_ko.67;0;2114.29;0.90;0.00;41.57;car;;2;13.00
2235.00;23142338#2_0;290.21;10.71;2003.00;0.25;803785575#0_0;5.10;0.00;tripinfo_in_od_to_ns.0;232.00;in_od_to_ns.0;0;1928.29;0.97;0.00;39.87;car;;2;10.00
2235.00;230845886_0;633.12;8.98;2083.00;1.48;23687583_0;5.10;0.00;tripinfo_in_as_to_ba.2;152.00;in_as_to_ba.2;0;1356.50;0.91;0.00;17.81;car;;1;1.00
2237.00;23142338#2_0;290.21;11.75;2031.00;7.95;-45494495_0;5.10;0.00;tripinfo_in_os_to_ns.1;206.00;in_os_to_ns.1;0;1665.91;1.16;0.00;65.38;car;;2;7.00
2238.00;972103805_0;116.86;8.47;2061.00;1.93;-23142338#2_0;5.10;0.00;tripinfo_in_ns_to_ko.2;177.00;in_ns_to_ko.2;0;1398.55;0.83;0.00;24.12;car;;2;3.00
2240.00;28706217_0;94.10;9.01;1887.00;0.74;-230845886_0;5.10;0.00;tripinfo_wu_ba_to_sl.23;353.00;wu_ba_to_sl.23;0;1934.94;1.14;0.00;195.10;car;;5;86.00
2240.00;972103805_0;116.86;8.49;1925.00;3.41;803785575#0_0;5.10;0.00;tripinfo_wu_od_to_ko.72;315.00;wu_od_to_ko.72;0;2307.67;0.88;0.00;65.67;car;;2;21.00
2240.00;41899283#1_0;148.70;10.39;2059.00;0.77;-45494495_0;5.10;0.00;tripinfo_in_os_to_as.0;181.00;in_os_to_as.0;0;1746.47;1.03;0.00;28.00;car;;1;4.00
2242.00;972103805_0;116.86;9.38;1999.00;0.18;-230845886_0;5.10;0.00;tripinfo_wu_ba_to_ko.68;243.00;wu_ba_to_ko.68;0;2114.29;0.96;0.00;42.22;car;;2;11.00
2243.00;41899283#1_0;148.70;11.45;2006.00;2.92;803785575#0_0;5.10;0.00;tripinfo_in_od_to_as.0;237.00;in_od_to_as.0;0;2382.09;1.03;0.00;28.11;car;;1;2.00
2243.00;972103805_0;116.86;11.89;2017.00;0.92;-230845886_0;5.10;0.00;tripinfo_in_ba_to_ko.0;226.00;in_ba_to_ko.0;0;2114.29;1.17;0.00;61.09;car;;2;10.00
2247.00;23142338#2_0;290.21;12.34;2055.00;3.32;23687583_0;5.10;0.00;tripinfo_in_as_to_ns.0;192.00;in_as_to_ns.0;0;1995.73;1.15;0.00;34.13;car;;2;3.00
2247.00;45494495_0;58.90;11.87;2065.00;5.15;23687583_0;5.10;0.00;tripinfo_in_as_to_os.3;182.00;in_as_to_os.3;0;1689.77;1.09;0.00;40.97;car;;1;3.00
2250.00;45494495_0;58.90;9.67;2045.00;0.01;23687583_0;5.10;0.00;tripinfo_in_as_to_os.2;205.00;in_as_to_os.2;0;1689.77;0.89;0.00;33.98;car;;2;10.00
2251.00;41899283#1_0;148.70;10.65;2030.00;0.85;-23142338#2_0;5.10;0.00;tripinfo_in_ns_to_as.0;221.00;in_ns_to_as.0;0;2009.37;1.00;0.00;37.28;car;;2;7.00
2252.00;28716808#1_0;754.74;10.20;2129.00;0.85;23687583_0;5.10;0.00;tripinfo_in_as_to_kl.1;123.00;in_as_to_kl.1;0;1207.92;1.00;0.00;12.70;car;;0;0.00
2254.00;972103805_0;116.86;9.58;2132.00;3.49;23687583_0;5.10;0.00;tripinfo_in_as_to_ko.6;122.00;in_as_to_ko.6;0;1102.39;0.89;0.00;10.11;car;;0;0.00
2259.00;23156305_0;1264.14;10.36;1917.00;0.32;-23142338#2_0;5.10;0.00;tripinfo_wu_ns_to_gg.8;342.00;wu_ns_to_gg.8;0;3297.24;1.00;0.00;40.90;car;;1;6.00
2259.00;972103805_0;116.86;7.76;1933.00;0.25;803785575#0_0;5.10;0.00;tripinfo_wu_od_to_ko.73;326.00;wu_od_to_ko.73;0;2307.67;0.79;0.00;47.93;car;;2;9.00
2261.00;972103805_0;116.86;8.61;1946.00;0.77;803785575#0_0;5.10;0.00;tripinfo_wu_od_to_ko.74;315.00;wu_od_to_ko.74;0;2307.67;0.86;0.00;60.08;car;;2;9.00
2261.00;23527526_0;253.75;10.55;2184.00;2.03;23687583_0;5.10;0.00;tripinfo_in_as_to_gj.4;77.00;in_as_to_gj.4;0;649.06;1.05;0.00;20.54;car;;1;4.00
2263.00;972103805_0;116.86;10.04;2067.00;4.74;-23142338#2_0;5.10;0.00;tripinfo_in_ns_to_ko.3;196.00;in_ns_to_ko.3;0;1398.55;0.91;0.00;57.08;car;;3;18.00
2265.00;41899283#1_0;148.70;9.88;2098.00;0.41;-230845886_0;5.10;0.00;tripinfo_in_ba_to_as.4;167.00;in_ba_to_as.4;0;1430.78;0.90;0.00;23.98;car;;1;6.00
2265.00;972103805_0;116.86;10.29;2138.00;1.98;23687583_0;5.10;0.00;tripinfo_in_as_to_ko.7;127.00;in_as_to_ko.7;0;1102.39;1.01;0.00;28.15;car;;1;7.00
2265.00;28716808#1_0;754.74;11.24;2147.00;0.57;23687583_0;5.10;0.00;tripinfo_in_as_to_kl.2;118.00;in_as_to_kl.2;0;1207.92;1.01;0.00;9.92;car;;0;0.00
2266.00;28706217_0;94.10;8.55;1890.00;0.34;23687583_0;5.10;0.00;tripinfo_wu_as_to_sl.38;376.00;wu_as_to_sl.38;0;1976.75;1.08;0.00;206.14;car;;7;119.00
2266.00;972103805_0;116.86;11.25;2159.00;0.89;23687583_0;5.10;0.00;tripinfo_in_as_to_ko.8;107.00;in_as_to_ko.8;0;1102.39;1.04;0.00;11.26;car;;0;0.00
2267.00;41899283#1_0;148.70;12.54;2107.00;5.92;-230845886_0;5.10;0.00;tripinfo_in_ba_to_as.5;160.00;in_ba_to_as.5;0;1430.78;1.14;0.00;45.88;car;;1;1.00
2267.00;230845886_0;633.12;12.66;2155.00;0.12;23687583_0;5.10;0.00;tripinfo_in_as_to_ba.3;112.00;in_as_to_ba.3;0;1356.50;1.20;0.00;9.85;car;;0;0.00
2268.00;23142338#2_0;290.21;9.82;2018.00;0.85;803785575#0_0;5.10;0.00;tripinfo_in_od_to_ns.1;250.00;in_od_to_ns.1;0;1928.29;1.00;0.00;64.73;car;;2;30.00
2271.00;28706217_0;94.10;8.12;1916.00;1.92;23687583_0;5.10;0.00;tripinfo_wu_as_to_sl.39;355.00;wu_as_to_sl.39;0;1976.75;0.98;0.00;167.72;car;;5;111.00
2271.00;23156390_0;1121.44;10.02;1998.00;0.64;-45494495_0;5.10;0.00;tripinfo_wu_os_to_br.8;273.00;wu_os_to_br.8;0;2513.69;0.95;0.00;31.07;car;;1;4.00
2271.00;972103805_0;116.86;9.60;2070.00;7.63;-23142338#2_0;5.10;0.00;tripinfo_in_ns_to_ko.4;201.00;in_ns_to_ko.4;0;1398.55;0.97;0.00;70.96;car;;3;18.00
2273.00;972103805_0;116.86;11.32;2073.00;0.14;-23142338#2_0;5.10;0.00;tripinfo_in_ns_to_ko.5;200.00;in_ns_to_ko.5;0;1398.55;1.04;0.00;77.88;car;;3;14.00
2274.00;23156305_0;1264.14;10.14;1946.00;2.37;-45494495_0;5.10;0.00;tripinfo_wu_os_to_gg.10;328.00;wu_os_to_gg.10;0;3034.34;0.96;0.00;40.74;car;;2;4.00
2276.00;23156305_0;1264.14;12.92;1911.00;0.36;803785575#0_0;5.10;0.00;tripinfo_wu_od_to_gg.33;365.00;wu_od_to_gg.33;0;3669.96;1.26;0.00;98.44;car;;1;3.00
2276.00;972103805_0;116.86;9.97;2076.00;0.84;-23142338#2_0;5.10;0.00;tripinfo_in_ns_to_ko.6;200.00;in_ns_to_ko.6;0;1398.55;0.92;0.00;62.46;car;;3;11.00
2278.00;23156305_0;1264.14;10.85;1955.00;0.77;-45494495_0;5.10;0.00;tripinfo_wu_os_to_gg.11;323.00;wu_os_to_gg.11;0;3034.34;1.01;0.00;49.28;car;;1;1.00
2278.00;972103805_0;116.86;10.70;2079.00;2.03;-23142338#2_0;5.10;0.00;tripinfo_in_ns_to_ko.7;199.00;in_ns_to_ko.7;0;1398.55;1.02;0.00;75.37;car;;3;18.00
2278.00;41899283#1_0;148.70;12.27;2122.00;7.68;-230845886_0;5.10;0.00;tripinfo_in_ba_to_as.6;156.00;in_ba_to_as.6;0;1430.78;1.13;0.00;41.55;car;;1;3.00
2279.00;23156305_0;1264.14;12.65;1966.00;1.05;-45494495_0;5.10;0.00;tripinfo_wu_os_to_gg.12;313.00;wu_os_to_gg.12;0;3034.34;1.14;0.00;71.70;car;;3;10.00
2280.00;28706217_0;94.10;8.17;1915.00;0.10;-230845886_0;5.10;0.00;tripinfo_wu_ba_to_sl.24;365.00;wu_ba_to_sl.24;0;1934.94;1.03;0.00;189.32;car;;5;107.00
2280.00;972103805_0;116.86;10.47;2082.00;2.53;-23142338#2_0;5.10;0.00;tripinfo_in_ns_to_ko.8;198.00;in_ns_to_ko.8;0;1398.55;1.01;0.00;72.33;car;;3;15.00
2283.00;23156030#6_0;109.07;10.57;2052.00;0.67;23687583_0;5.10;0.00;tripinfo_in_as_to_od.0;231.00;in_as_to_od.0;0;2357.31;1.03;0.00;24.47;car;;1;1.00
2284.00;41899283#1_0;148.70;9.19;2049.00;0.63;-23142338#2_0;5.10;0.00;tripinfo_in_ns_to_as.1;235.00;in_ns_to_as.1;0;2009.37;0.92;0.00;37.03;car;;2;9.00
2284.00;972103805_0;116.86;10.18;2092.00;2.86;-23142338#2_0;5.10;0.00;tripinfo_in_ns_to_ko.9;192.00;in_ns_to_ko.9;0;1398.55;0.97;0.00;61.15;car;;3;11.00
2286.00;28706217_0;94.10;6.40;2113.00;3.73;-45494495_0;5.10;0.00;tripinfo_in_os_to_sl.0;173.00;in_os_to_sl.0;0;484.95;0.92;0.00;119.27;car;;3;91.00
2289.00;972103805_0;116.86;8.50;1951.00;0.09;803785575#0_0;5.10;0.00;tripinfo_wu_od_to_ko.75;338.00;wu_od_to_ko.75;0;2307.67;0.82;0.00;70.69;car;;3;21.00
2290.00;41899283#1_0;148.70;12.28;2136.00;0.05;-230845886_0;5.10;0.00;tripinfo_in_ba_to_as.7;154.00;in_ba_to_as.7;0;1430.78;1.13;0.00;38.19;car;;0;0.00
2291.00;972103805_0;116.86;11.31;1983.00;0.78;803785575#0_0;5.10;0.00;tripinfo_wu_od_to_ko.76;308.00;wu_od_to_ko.76;0;2307.67;1.06;0.00;100.27;car;;3;17.00
2292.00;230845886_0;633.12;10.86;2025.00;0.02;803785575#0_0;5.10;0.00;tripinfo_in_od_to_ba.0;267.00;in_od_to_ba.0;0;2382.14;1.03;0.00;58.46;car;;3;21.00
2292.00;972103805_0;116.86;11.27;2102.00;5.16;-23142338#2_0;5.10;0.00;tripinfo_in_ns_to_ko.10;190.00;in_ns_to_ko.10;0;1398.55;1.08;0.00;73.42;car;;3;16.00
2294.00;230845886_0;633.12;12.05;2083.00;0.70;-45494495_0;5.10;0.00;tripinfo_in_os_to_ba.0;211.00;in_os_to_ba.0;0;1746.52;1.11;0.00;68.45;car;;3;23.00
2297.00;972103805_0;116.86;7.83;2023.00;0.18;-230845886_0;5.10;0.00;tripinfo_in_ba_to_ko.1;274.00;in_ba_to_ko.1;0;2114.29;0.81;0.00;35.76;car;;1;11.00
2299.00;972103805_0;116.86;10.00;2036.00;3.86;-230845886_0;5.10;0.00;tripinfo_in_ba_to_ko.2;263.00;in_ba_to_ko.2;0;2114.29;0.98;0.00;66.42;car;;1;7.00
2299.00;28716808#1_0;754.74;10.74;2116.00;11.44;-230845886_0;5.10;0.00;tripinfo_in_ba_to_kl.0;183.00;in_ba_to_kl.0;0;1727.09;0.98;0.00;23.35;car;;0;0.00
2300.00;972103805_0;116.86;11.12;2124.00;3.30;-23142338#2_0;5.10;0.00;tripinfo_in_ns_to_ko.11;176.00;in_ns_to_ko.11;0;1398.55;1.10;0.00;61.12;car;;3;12.00
2302.00;23142338#2_0;290.21;9.26;2058.00;6.13;23687583_0;5.10;0.00;tripinfo_in_as_to_ns.1;244.00;in_as_to_ns.1;0;1995.73;0.85;0.00;29.48;car;;1;3.00
2302.00;972103805_0;116.86;10.98;2127.00;5.14;-23142338#2_0;5.10;0.00;tripinfo_in_ns_to_ko.12;175.00;in_ns_to_ko.12;0;1398.55;1.00;0.00;48.79;car;;3;13.00
2303.00;28706217_0;94.10;7.38;2002.00;0.16;-230845886_0;5.10;0.00;tripinfo_in_ba_to_sl.0;301.00;in_ba_to_sl.0;0;1934.94;1.02;0.00;124.51;car;;5;83.00
2304.00;23527526_0;253.75;7.08;2060.00;2.58;-230845886_0;5.10;0.00;tripinfo_in_ba_to_gj.1;244.00;in_ba_to_gj.1;0;1755.68;0.73;0.00;27.38;car;;1;1.00
2305.00;972103805_0;116.86;10.30;2028.00;7.02;-45494495_0;5.10;0.00;tripinfo_in_os_to_ko.0;277.00;in_os_to_ko.0;0;2045.29;0.97;0.00;75.52;car;;5;21.00
2306.00;23527526_0;253.75;9.90;2104.00;3.55;-230845886_0;5.10;0.00;tripinfo_in_ba_to_gj.2;202.00;in_ba_to_gj.2;0;1755.68;0.99;0.00;41.94;car;;1;1.00
2307.00;41899283#1_0;148.70;11.89;2153.00;1.36;-230845886_0;5.10;0.00;tripinfo_in_ba_to_as.8;154.00;in_ba_to_as.8;0;1430.78;1.07;0.00;33.41;car;;1;4.00
2308.00;23527526_0;253.75;11.00;2110.00;7.09;-230845886_0;5.10;0.00;tripinfo_in_ba_to_gj.3;198.00;in_ba_to_gj.3;0;1755.68;1.05;0.00;46.77;car;;1;2.00
2308.00;972103805_0;116.86;10.78;2133.00;8.00;-23142338#2_0;5.10;0.00;tripinfo_in_ns_to_ko.13;175.00;in_ns_to_ko.13;0;1398.55;0.98;0.00;46.12;car;;3;14.00
2310.00;972103805_0;116.86;10.73;2045.00;8.42;-230845886_0;5.10;0.00;tripinfo_in_ba_to_ko.3;265.00;in_ba_to_ko.3;0;2114.29;1.05;0.00;82.59;car;;3;20.00
2310.00;23527526_0;253.75;10.28;2217.00;0.95;23687583_0;5.10;0.00;tripinfo_in_as_to_gj.5;93.00;in_as_to_gj.5;0;649.06;0.98;0.00;32.21;car;;1;16.00
2314.00;28706217_0;94.10;6.01;2020.00;3.46;-230845886_0;5.10;0.00;tripinfo_wu_ba_to_sl.25;294.00;wu_ba_to_sl.25;0;1934.94;0.87;0.00;86.75;car;;5;44.00
2316.00;972103805_0;116.86;9.30;2172.00;2.63;23687583_0;5.10;0.00;tripinfo_in_as_to_ko.9;144.00;in_as_to_ko.9;0;1102.39;0.94;0.00;37.62;car;;2;21.00
2316.00;28706217_0;94.10;7.51;2188.00;0.47;-45494495_0;5.10;0.00;tripinfo_in_os_to_sl.1;128.00;in_os_to_sl.1;0;484.95;0.95;0.00;75.96;car;;4;45.00
2318.00;23142338#2_0;290.21;9.08;2055.00;8.10;803785575#0_0;5.10;0.00;tripinfo_in_od_to_ns.2;263.00;in_od_to_ns.2;0;1928.29;0.92;0.00;61.24;car;;2;33.00
2320.00;972103805_0;116.86;9.53;2175.00;4.61;23687583_0;5.10;0.00;tripinfo_in_as_to_ko.10;145.00;in_as_to_ko.10;0;1102.39;0.87;0.00;29.76;car;;1;10.00
2321.00;28706217_0;94.10;7.77;2032.00;2.50;-230845886_0;5.10;0.00;tripinfo_in_ba_to_sl.1;289.00;in_ba_to_sl.1;0;1934.94;0.94;0.00;96.60;car;;4;43.00
2322.00;23156390_0;1121.44;9.32;2020.00;0.39;-45494495_0;5.10;0.00;tripinfo_in_os_to_br.0;302.00;in_os_to_br.0;0;2513.69;0.85;0.00;33.13;car;;1;2.00
2322.00;972103805_0;116.86;11.33;2178.00;2.60;23687583_0;5.10;0.00;tripinfo_in_as_to_ko.11;144.00;in_as_to_ko.11;0;1102.39;1.05;0.00;48.24;car;;2;15.00
2325.00;972103805_0;116.86;8.77;2054.00;1.51;-230845886_0;5.10;0.00;tripinfo_in_ba_to_ko.4;271.00;in_ba_to_ko.4;0;2114.29;0.89;0.00;55.66;car;;3;17.00
2325.00;41899283#1_0;148.70;9.71;2096.00;0.81;-23142338#2_0;5.10;0.00;tripinfo_in_ns_to_as.2;229.00;in_ns_to_as.2;0;2009.37;0.90;0.00;27.35;car;;0;0.00
2325.00;45494495_0;58.90;10.00;2099.00;3.10;-23142338#2_0;5.10;0.00;tripinfo_in_ns_to_os.0;226.00;in_ns_to_os.0;0;1865.82;0.96;0.00;49.05;car;;3;19.00
2327.00;972103805_0;116.86;8.89;2057.00;1.61;-230845886_0;5.10;0.00;tripinfo_in_ba_to_ko.5;270.00;in_ba_to_ko.5;0;2114.29;0.88;0.00;50.40;car;;3;16.00
2327.00;28706217_0;94.10;7.41;2068.00;6.33;23687583_0;5.10;0.00;tripinfo_in_as_to_sl.0;259.00;in_as_to_sl.0;0;1976.75;0.99;0.00;73.56;car;;1;14.00
2329.00;23527526_0;253.75;10.72;2243.00;0.15;23687583_0;5.10;0.00;tripinfo_in_as_to_gj.6;86.00;in_as_to_gj.6;0;649.06;1.05;0.00;29.86;car;;1;14.00
2330.00;972103805_0;116.86;9.75;2150.00;0.31;-23142338#2_0;5.10;0.00;tripinfo_in_ns_to_ko.14;180.00;in_ns_to_ko.14;0;1398.55;0.90;0.00;39.02;car;;2;12.00
2331.00;972103805_0;116.86;10.20;2052.00;13.03;803785575#0_0;5.10;0.00;tripinfo_in_od_to_ko.0;279.00;in_od_to_ko.0;0;2307.67;1.02;0.00;64.34;car;;4;17.00
2332.00;230845886_0;633.12;10.82;2107.00;0.06;-45494495_0;5.10;0.00;tripinfo_in_os_to_ba.1;225.00;in_os_to_ba.1;0;1746.52;1.00;0.00;66.47;car;;3;19.00
2332.00;23527526_0;253.75;12.57;2160.00;4.17;-230845886_0;5.10;0.00;tripinfo_in_ba_to_gj.4;172.00;in_ba_to_gj.4;0;1755.68;1.16;0.00;34.67;car;;0;0.00
2333.00;28706217_0;94.10;7.11;2064.00;0.82;-230845886_0;5.10;0.00;tripinfo_in_ba_to_sl.2;269.00;in_ba_to_sl.2;0;1934.94;0.97;0.00;82.81;car;;2;16.00
2334.00;230845886_0;633.12;11.75;2116.00;4.35;-45494495_0;5.10;0.00;tripinfo_in_os_to_ba.2;218.00;in_os_to_ba.2;0;1746.52;1.09;0.00;72.33;car;;3;12.00
2334.00;972103805_0;116.86;9.81;2162.00;0.40;-23142338#2_0;5.10;0.00;tripinfo_in_ns_to_ko.15;172.00;in_ns_to_ko.15;0;1398.55;0.92;0.00;34.08;car;;2;10.00
2336.00;41899283#1_0;148.70;9.33;2175.00;2.33;-230845886_0;5.10;0.00;tripinfo_in_ba_to_as.9;161.00;in_ba_to_as.9;0;1430.78;0.93;0.00;21.43;car;;1;2.00
2336.00;972103805_0;116.86;11.09;2180.00;0.72;-23142338#2_0;5.10;0.00;tripinfo_in_ns_to_ko.16;156.00;in_ns_to_ko.16;0;1398.55;1.03;0.00;32.73;car;;1;1.00
2338.00;41899283#1_0;148.70;11.45;2058.00;10.84;803785575#0_0;5.10;0.00;tripinfo_in_od_to_as.1;280.00;in_od_to_as.1;0;2382.09;1.06;0.00;76.74;car;;3;15.00
2338.00;972103805_0;116.86;10.26;2095.00;0.84;-230845886_0;5.10;0.00;tripinfo_in_ba_to_ko.6;243.00;in_ba_to_ko.6;0;2114.29;1.00;0.00;50.49;car;;3;14.00
2339.00;28706217_0;94.10;7.17;2077.00;3.56;23687583_0;5.10;0.00;tripinfo_in_as_to_sl.1;262.00;in_as_to_sl.1;0;1976.75;0.87;0.00;51.79;car;;3;13.00
2340.00;972103805_0;116.86;10.12;2101.00;0.73;-230845886_0;5.10;0.00;tripinfo_in_ba_to_ko.7;239.00;in_ba_to_ko.7;0;2114.29;0.98;0.00;42.51;car;;1;4.00
2342.00;28706217_0;94.10;7.66;2087.00;0.65;23687583_0;5.10;0.00;tripinfo_in_as_to_sl.2;255.00;in_as_to_sl.2;0;1976.75;0.93;0.00;58.65;car;;3;11.00
2343.00;972103805_0;116.86;10.62;2186.00;0.73;-23142338#2_0;5.10;0.00;tripinfo_in_ns_to_ko.17;157.00;in_ns_to_ko.17;0;1398.55;1.01;0.00;32.33;car;;1;13.00
2345.00;28706217_0;94.10;7.64;2090.00;0.03;23687583_0;5.10;0.00;tripinfo_in_as_to_sl.3;255.00;in_as_to_sl.3;0;1976.75;1.06;0.00;82.34;car;;3;13.00
2347.00;45494495_0;58.90;9.86;2162.00;3.77;23687583_0;5.10;0.00;tripinfo_in_as_to_os.4;185.00;in_as_to_os.4;0;1689.77;0.90;0.00;15.10;car;;0;0.00
2347.00;972103805_0;116.86;10.08;2197.00;0.22;-23142338#2_0;5.10;0.00;tripinfo_in_ns_to_ko.18;150.00;in_ns_to_ko.18;0;1398.55;0.92;0.00;13.55;car;;0;0.00
2348.00;28716808#1_0;754.74;9.25;2034.00;0.78;803785575#0_0;5.10;0.00;tripinfo_wu_od_to_kl.25;314.00;wu_od_to_kl.25;0;2678.40;0.94;0.00;57.00;car;;2;16.00
2348.00;23156390_0;1121.44;9.74;2071.00;0.75;-45494495_0;5.10;0.00;tripinfo_in_os_to_br.1;277.00;in_os_to_br.1;0;2513.69;0.93;0.00;31.51;car;;1;4.00
2350.00;972103805_0;116.86;10.04;2113.00;8.86;-230845886_0;5.10;0.00;tripinfo_in_ba_to_ko.8;237.00;in_ba_to_ko.8;0;2114.29;0.97;0.00;39.08;car;;1;4.00
2352.00;972103805_0;116.86;11.25;2119.00;10.24;-230845886_0;5.10;0.00;tripinfo_in_ba_to_ko.9;233.00;in_ba_to_ko.9;0;2114.29;1.12;0.00;61.62;car;;1;5.00
2354.00;23527526_0;253.75;11.66;2169.00;6.88;-230845886_0;5.10;0.00;tripinfo_in_ba_to_gj.5;185.00;in_ba_to_gj.5;0;1755.68;1.11;0.00;41.59;car;;2;9.00
2355.00;45494495_0;58.90;10.52;2187.00;0.51;-230845886_0;5.10;0.00;tripinfo_in_ba_to_os.1;168.00;in_ba_to_os.1;0;1647.96;0.98;0.00;14.91;car;;0;0.00
2356.00;23156305_0;1264.14;10.09;2020.00;0.23;-23142338#2_0;5.10;0.00;tripinfo_in_ns_to_gg.0;336.00;in_ns_to_gg.0;0;3297.24;1.01;0.00;39.43;car;;1;6.00
2356.00;23142338#2_0;290.21;8.80;2096.00;2.30;23687583_0;5.10;0.00;tripinfo_in_as_to_ns.2;260.00;in_as_to_ns.2;0;1995.73;0.83;0.00;41.38;car;;3;10.00
2356.00;230845886_0;633.12;8.19;2181.00;3.64;23687583_0;5.10;0.00;tripinfo_in_as_to_ba.4;175.00;in_as_to_ba.4;0;1356.50;0.82;0.00;25.93;car;;1;5.00
2356.00;972103805_0;116.86;11.57;2200.00;0.86;-23142338#2_0;5.10;0.00;tripinfo_in_ns_to_ko.19;156.00;in_ns_to_ko.19;0;1398.55;1.11;0.00;42.89;car;;1;9.00
2357.00;41899283#1_0;148.70;10.58;2061.00;13.05;803785575#0_0;5.10;0.00;tripinfo_in_od_to_as.2;296.00;in_od_to_as.2;0;2382.09;0.97;0.00;73.94;car;;5;12.00
2357.00;23142338#2_0;290.21;10.31;2135.00;6.39;23687583_0;5.10;0.00;tripinfo_in_as_to_ns.3;222.00;in_as_to_ns.3;0;1995.73;1.18;0.00;68.29;car;;1;5.00
2358.00;230845886_0;633.12;10.88;2205.00;0.17;23687583_0;5.10;0.00;tripinfo_in_as_to_ba.5;153.00;in_as_to_ba.5;0;1356.50;1.04;0.00;35.24;car;;0;0.00
2359.00;28706217_0;94.10;6.83;2099.00;2.53;23687583_0;5.10;0.00;tripinfo_in_as_to_sl.4;260.00;in_as_to_sl.4;0;1976.75;0.83;0.00;38.15;car;;1;1.00
2360.00;230845886_0;633.12;11.35;2064.00;10.31;803785575#0_0;5.10;0.00;tripinfo_in_od_to_ba.1;296.00;in_od_to_ba.1;0;2382.14;1.04;0.00;89.52;car;;5;14.00
2361.00;972103805_0;116.86;10.74;2203.00;2.60;-23142338#2_0;5.10;0.00;tripinfo_in_ns_to_ko.20;158.00;in_ns_to_ko.20;0;1398.55;0.99;0.00;30.81;car;;1;9.00
2362.00;28706217_0;94.10;7.84;2120.00;0.46;23687583_0;5.10;0.00;tripinfo_in_as_to_sl.5;242.00;in_as_to_sl.5;0;1976.75;1.01;0.00;59.18;car;;2;3.00
2363.00;28716808#1_0;754.74;10.40;2037.00;3.46;803785575#0_0;5.10;0.00;tripinfo_in_od_to_kl.0;326.00;in_od_to_kl.0;0;2678.40;0.94;0.00;69.19;car;;3;23.00
2364.00;230845886_0;633.12;9.98;2070.00;13.49;803785575#0_0;5.10;0.00;tripinfo_in_od_to_ba.2;294.00;in_od_to_ba.2;0;2382.14;0.95;0.00;68.14;car;;3;12.00
2364.00;28706217_0;94.10;6.90;2126.00;0.80;23687583_0;5.10;0.00;tripinfo_in_as_to_sl.6;238.00;in_as_to_sl.6;0;1976.75;0.95;0.00;44.99;car;;0;0.00
2365.00;972103805_0;116.86;9.29;2085.00;17.70;803785575#0_0;5.10;0.00;tripinfo_in_od_to_ko.1;280.00;in_od_to_ko.1;0;2307.67;0.92;0.00;42.20;car;;1;7.00
2366.00;23527526_0;253.75;9.86;2043.00;6.36;803785575#0_0;5.10;0.00;tripinfo_in_od_to_gj.0;323.00;in_od_to_gj.0;0;2706.99;0.99;0.00;74.77;car;;3;24.00
2366.00;45494495_0;58.90;10.94;2193.00;5.05;-230845886_0;5.10;0.00;tripinfo_in_ba_to_os.2;173.00;in_ba_to_os.2;0;1647.96;1.03;0.00;27.73;car;;0;0.00
2366.00;230845886_0;633.12;10.32;2212.00;0.34;23687583_0;5.10;0.00;tripinfo_in_as_to_ba.6;154.00;in_as_to_ba.6;0;1356.50;1.00;0.00;32.01;car;;1;10.00
2367.00;972103805_0;116.86;11.15;2103.00;14.69;803785575#0_0;5.10;0.00;tripinfo_in_od_to_ko.2;264.00;in_od_to_ko.2;0;2307.67;1.03;0.00;51.34;car;;1;6.00
2368.00;28716808#1_0;754.74;10.13;2130.00;7.11;-23142338#2_0;5.10;0.00;tripinfo_in_ns_to_kl.0;238.00;in_ns_to_kl.0;0;2315.58;1.03;0.00;33.50;car;;1;3.00
2368.00;230845886_0;633.12;10.84;2147.00;0.06;-45494495_0;5.10;0.00;tripinfo_in_os_to_ba.3;221.00;in_os_to_ba.3;0;1746.52;1.00;0.00;63.26;car;;2;5.00
2370.00;28706217_0;94.10;6.97;2125.00;1.70;-230845886_0;5.10;0.00;tripinfo_in_ba_to_sl.3;245.00;in_ba_to_sl.3;0;1934.94;0.85;0.00;34.64;car;;2;2.00
2372.00;28706217_0;94.10;7.57;2131.00;3.36;-230845886_0;5.10;0.00;tripinfo_in_ba_to_sl.4;241.00;in_ba_to_sl.4;0;1934.94;0.99;0.00;59.61;car;;0;0.00
2373.00;230845886_0;633.12;11.21;2088.00;17.28;803785575#0_0;5.10;0.00;tripinfo_in_od_to_ba.3;285.00;in_od_to_ba.3;0;2382.14;1.05;0.00;80.81;car;;3;7.00
2375.00;230845886_0;633.12;11.50;2091.00;17.02;803785575#0_0;5.10;0.00;tripinfo_in_od_to_ba.4;284.00;in_od_to_ba.4;0;2382.14;1.07;0.00;82.99;car;;3;6.00
2376.00;28706217_0;94.10;6.67;2151.00;0.09;-230845886_0;5.10;0.00;tripinfo_in_ba_to_sl.5;225.00;in_ba_to_sl.5;0;1934.94;0.89;0.00;21.82;car;;0;0.00
2377.00;23156390_0;1121.44;10.01;2078.00;0.11;-45494495_0;5.10;0.00;tripinfo_in_os_to_br.2;299.00;in_os_to_br.2;0;2513.69;0.96;0.00;61.62;car;;4;21.00
2378.00;28706217_0;94.10;9.17;2166.00;4.86;-230845886_0;5.10;0.00;tripinfo_in_ba_to_sl.6;212.00;in_ba_to_sl.6;0;1934.94;1.10;0.00;48.70;car;;1;1.00
2378.00;972103805_0;116.86;10.50;2212.00;0.31;-23142338#2_0;5.10;0.00;tripinfo_in_ns_to_ko.21;166.00;in_ns_to_ko.21;0;1398.55;0.99;0.00;38.84;car;;2;17.00
2380.00;28706217_0;94.10;8.56;2043.00;2.03;-23142338#2_0;5.10;0.00;tripinfo_in_ns_to_sl.0;337.00;in_ns_to_sl.0;0;1619.36;1.08;0.00;185.20;car;;2;151.00
2381.00;972103805_0;116.86;10.29;2222.00;1.47;-23142338#2_0;5.10;0.00;tripinfo_in_ns_to_ko.22;159.00;in_ns_to_ko.22;0;1398.55;0.95;0.00;26.50;car;;1;7.00
2383.00;972103805_0;116.86;11.31;2233.00;0.63;-23142338#2_0;5.10;0.00;tripinfo_in_ns_to_ko.23;150.00;in_ns_to_ko.23;0;1398.55;1.13;0.00;37.69;car;;2;10.00
2384.00;23156030#6_0;109.07;12.02;2307.00;0.64;-45494495_0;5.10;0.00;tripinfo_in_os_to_od.3;77.00;in_os_to_od.3;0;865.51;1.12;0.00;6.58;car;;0;0.00
2386.00;45494495_0;58.90;8.83;2136.00;30.82;803785575#0_0;5.10;0.00;tripinfo_in_od_to_os.10;250.00;in_od_to_os.10;0;969.96;0.91;0.00;153.51;car;;1;140.00
2386.00;28706217_0;94.10;8.13;2169.00;0.31;23687583_0;5.10;0.00;tripinfo_in_as_to_sl.7;217.00;in_as_to_sl.7;0;1976.75;1.06;0.00;44.35;car;;1;5.00
2387.00;23527526_0;253.75;9.53;2201.00;0.97;-230845886_0;5.10;0.00;tripinfo_in_ba_to_gj.6;186.00;in_ba_to_gj.6;0;1755.68;0.96;0.00;20.45;car;;0;0.00
2390.00;972103805_0;116.86;11.01;2229.00;4.02;23687583_0;5.10;0.00;tripinfo_in_as_to_ko.12;161.00;in_as_to_ko.12;0;1102.39;1.01;0.00;62.01;car;;3;38.00
2392.00;41899283#1_0;148.70;10.34;2144.00;0.88;-45494495_0;5.10;0.00;tripinfo_in_os_to_as.1;248.00;in_os_to_as.1;0;1746.47;0.94;0.00;80.00;car;;6;16.00
2392.00;230845886_0;633.12;9.41;2172.00;0.56;-45494495_0;5.10;0.00;tripinfo_in_os_to_ba.4;220.00;in_os_to_ba.4;0;1746.52;0.92;0.00;47.75;car;;1;1.00
2392.00;972103805_0;116.86;10.57;2268.00;1.56;23687583_0;5.10;0.00;tripinfo_in_as_to_ko.13;124.00;in_as_to_ko.13;0;1102.39;1.03;0.00;27.02;car;;1;4.00
2394.00;28716808#1_0;754.74;9.55;2136.00;8.72;-23142338#2_0;5.10;0.00;tripinfo_in_ns_to_kl.1;258.00;in_ns_to_kl.1;0;2315.58;0.94;0.00;33.85;car;;1;2.00
2396.00;28706217_0;94.10;7.76;2172.00;1.64;-230845886_0;5.10;0.00;tripinfo_in_ba_to_sl.7;224.00;in_ba_to_sl.7;0;1934.94;1.03;0.00;48.63;car;;2;6.00
2396.00;23156305_0;1264.14;10.92;2220.00;2.78;23687583_0;5.10;0.00;tripinfo_in_as_to_gg.1;176.00;in_as_to_gg.1;0;1600.87;1.01;0.00;31.24;car;;1;15.00
2397.00;41899283#1_0;148.70;10.77;2115.00;25.04;803785575#0_0;5.10;0.00;tripinfo_in_od_to_as.3;282.00;in_od_to_as.3;0;2382.09;1.03;0.00;72.97;car;;1;5.00
2397.00;972103805_0;116.86;9.11;2157.00;4.20;-230845886_0;5.10;0.00;tripinfo_in_ba_to_ko.10;240.00;in_ba_to_ko.10;0;2114.29;0.91;0.00;29.16;car;;1;1.00
2399.00;972103805_0;116.86;10.93;2163.00;7.01;-230845886_0;5.10;0.00;tripinfo_in_ba_to_ko.11;236.00;in_ba_to_ko.11;0;2114.29;1.04;0.00;51.27;car;;0;0.00
2399.00;41899283#1_0;148.70;12.03;2235.00;1.93;-230845886_0;5.10;0.00;tripinfo_in_ba_to_as.10;164.00;in_ba_to_as.10;0;1430.78;1.18;0.00;54.09;car;;2;8.00
2400.00;972103805_0;116.86;11.95;2182.00;0.30;-230845886_0;5.10;0.00;tripinfo_in_ba_to_ko.12;218.00;in_ba_to_ko.12;0;2114.29;1.12;0.00;45.56;car;;1;2.00
2402.00;23156305_0;1264.14;10.84;2015.00;2.68;803785575#0_0;5.10;0.00;tripinfo_in_od_to_gg.0;387.00;in_od_to_gg.0;0;3669.96;1.01;0.00;58.19;car;;1;14.00
2403.00;45494495_0;58.90;8.67;2170.00;16.72;803785575#0_0;5.10;0.00;tripinfo_in_od_to_os.11;233.00;in_od_to_os.11;0;969.96;0.90;0.00;134.64;car;;3;108.00
2403.00;972103805_0;116.86;9.97;2237.00;4.61;-23142338#2_0;5.10;0.00;tripinfo_in_ns_to_ko.24;166.00;in_ns_to_ko.24;0;1398.55;0.95;0.00;32.49;car;;1;8.00
2404.00;23156305_0;1264.14;11.38;2021.00;2.03;803785575#0_0;5.10;0.00;tripinfo_in_od_to_gg.1;383.00;in_od_to_gg.1;0;3669.96;1.12;0.00;85.44;car;;1;14.00
2405.00;972103805_0;116.86;9.92;2247.00;1.75;-23142338#2_0;5.10;0.00;tripinfo_in_ns_to_ko.25;158.00;in_ns_to_ko.25;0;1398.55;0.99;0.00;30.12;car;;1;6.00
2407.00;23527526_0;253.75;10.54;2076.00;13.77;803785575#0_0;5.10;0.00;tripinfo_in_od_to_gj.1;331.00;in_od_to_gj.1;0;2706.99;1.01;0.00;87.53;car;;4;11.00
2407.00;972103805_0;116.86;11.86;2253.00;1.20;-23142338#2_0;5.10;0.00;tripinfo_in_ns_to_ko.26;154.00;in_ns_to_ko.26;0;1398.55;1.08;0.00;36.47;car;;1;5.00
2411.00;23142338#2_0;290.21;11.40;2155.00;22.66;803785575#0_0;5.10;0.00;tripinfo_in_od_to_ns.3;256.00;in_od_to_ns.3;0;1928.29;1.06;0.00;80.08;car;;4;26.00
2412.00;23156305_0;1264.14;10.99;2058.00;0.99;-23142338#2_0;5.10;0.00;tripinfo_in_ns_to_gg.1;354.00;in_ns_to_gg.1;0;3297.24;1.01;0.00;54.65;car;;1;7.00
2412.00;45494495_0;58.90;8.81;2206.00;0.27;-230845886_0;5.10;0.00;tripinfo_in_ba_to_os.3;206.00;in_ba_to_os.3;0;1647.96;0.79;0.00;18.00;car;;0;0.00
2413.00;23156305_0;1264.14;11.09;2064.00;3.81;-23142338#2_0;5.10;0.00;tripinfo_in_ns_to_gg.2;349.00;in_ns_to_gg.2;0;3297.24;1.04;0.00;61.02;car;;2;4.00
2414.00;45494495_0;58.90;9.20;2209.00;2.14;-230845886_0;5.10;0.00;tripinfo_in_ba_to_os.4;205.00;in_ba_to_os.4;0;1647.96;0.85;0.00;30.84;car;;0;0.00
2416.00;23156390_0;1121.44;11.46;2123.00;0.32;-45494495_0;5.10;0.00;tripinfo_in_os_to_br.3;293.00;in_os_to_br.3;0;2513.69;1.13;0.00;89.44;car;;4;19.00
2416.00;45494495_0;58.90;11.92;2201.00;0.57;803785575#0_0;5.10;0.00;tripinfo_in_od_to_os.12;215.00;in_od_to_os.12;0;969.96;1.09;0.00;133.81;car;;5;99.00
2417.00;41899283#1_0;148.70;9.73;2183.00;0.58;-45494495_0;5.10;0.00;tripinfo_in_os_to_as.2;234.00;in_os_to_as.2;0;1746.47;0.98;0.00;72.39;car;;3;9.00
2418.00;23142338#2_0;290.21;10.55;2158.00;15.15;803785575#0_0;5.10;0.00;tripinfo_in_od_to_ns.4;260.00;in_od_to_ns.4;0;1928.29;0.96;0.00;66.62;car;;3;23.00
2420.00;23142338#2_0;290.21;10.76;2173.00;19.38;803785575#0_0;5.10;0.00;tripinfo_in_od_to_ns.5;247.00;in_od_to_ns.5;0;1928.29;1.04;0.00;68.12;car;;3;23.00
2422.00;23156305_0;1264.14;10.50;2139.00;0.15;-230845886_0;5.10;0.00;tripinfo_in_ba_to_gg.0;283.00;in_ba_to_gg.0;0;2718.65;0.99;0.00;34.57;car;;0;0.00
2423.00;972103805_0;116.86;8.47;2121.00;28.49;803785575#0_0;5.10;0.00;tripinfo_in_od_to_ko.3;302.00;in_od_to_ko.3;0;2307.67;0.88;0.00;52.24;car;;2;19.00
2423.00;28716808#1_0;754.74;8.80;2190.00;2.37;-230845886_0;5.10;0.00;tripinfo_wu_ba_to_kl.1;233.00;wu_ba_to_kl.1;0;1727.09;0.82;0.00;42.42;car;;2;14.00
2424.00;23527526_0;253.75;10.90;2106.00;17.12;803785575#0_0;5.10;0.00;tripinfo_in_od_to_gj.2;318.00;in_od_to_gj.2;0;2706.99;1.04;0.00;81.74;car;;3;7.00
2425.00;972103805_0;116.86;10.11;2127.00;28.20;803785575#0_0;5.10;0.00;tripinfo_in_od_to_ko.4;298.00;in_od_to_ko.4;0;2307.67;0.97;0.00;71.77;car;;2;18.00
2425.00;23156390_0;1121.44;10.51;2226.00;2.48;23687583_0;5.10;0.00;tripinfo_in_as_to_br.0;199.00;in_as_to_br.0;0;1694.48;1.06;0.00;54.35;car;;2;15.00
2426.00;45494495_0;58.90;10.15;2219.00;0.77;-23142338#2_0;5.10;0.00;tripinfo_in_ns_to_os.1;207.00;in_ns_to_os.1;0;1865.82;0.99;0.00;36.08;car;;1;12.00
2427.00;972103805_0;116.86;11.64;2330.00;0.90;23687583_0;5.10;0.00;tripinfo_in_as_to_ko.14;97.00;in_as_to_ko.14;0;1102.39;1.16;0.00;10.57;car;;0;0.00
2430.00;45494495_0;58.90;8.80;2207.00;2.70;803785575#0_0;5.10;0.00;tripinfo_in_od_to_os.13;223.00;in_od_to_os.13;0;969.96;0.84;0.00;118.26;car;;10;84.00
2430.00;230845886_0;633.12;9.38;2221.00;0.73;-45494495_0;5.10;0.00;tripinfo_in_os_to_ba.5;209.00;in_os_to_ba.5;0;1746.52;0.96;0.00;43.55;car;;2;16.00
2431.00;23142338#2_0;290.21;11.46;2128.00;1.49;-230845886_0;5.10;0.00;tripinfo_in_ba_to_ns.0;303.00;in_ba_to_ns.0;0;2346.36;1.05;0.00;101.52;car;;4;32.00
2433.00;28716808#1_0;754.74;9.04;2109.00;19.68;803785575#0_0;5.10;0.00;tripinfo_in_od_to_kl.1;324.00;in_od_to_kl.1;0;2678.40;0.92;0.00;61.39;car;;0;0.00
2435.00;28716808#1_0;754.74;10.90;2124.00;29.56;803785575#0_0;5.10;0.00;tripinfo_in_od_to_kl.2;311.00;in_od_to_kl.2;0;2678.40;1.08;0.00;86.29;car;;3;17.00
2435.00;23142338#2_0;290.21;11.07;2182.00;14.24;803785575#0_0;5.10;0.00;tripinfo_in_od_to_ns.6;253.00;in_od_to_ns.6;0;1928.29;1.02;0.00;70.69;car;;3;30.00
2436.00;230845886_0;633.12;10.42;2224.00;3.35;-45494495_0;5.10;0.00;tripinfo_in_os_to_ba.6;212.00;in_os_to_ba.6;0;1746.52;0.97;0.00;48.62;car;;3;17.00
2437.00;28716808#1_0;754.74;11.46;2130.00;27.42;803785575#0_0;5.10;0.00;tripinfo_in_od_to_kl.3;307.00;in_od_to_kl.3;0;2678.40;1.10;0.00;85.92;car;;3;13.00
2437.00;41899283#1_0;148.70;11.01;2227.00;4.59;-45494495_0;5.10;0.00;tripinfo_in_os_to_as.3;210.00;in_os_to_as.3;0;1746.47;1.01;0.00;52.27;car;;3;13.00
2439.00;972103805_0;116.86;9.62;2133.00;28.35;803785575#0_0;5.10;0.00;tripinfo_in_od_to_ko.5;306.00;in_od_to_ko.5;0;2307.67;0.94;0.00;72.73;car;;3;26.00
2439.00;45494495_0;58.90;10.24;2218.00;0.02;803785575#0_0;5.10;0.00;tripinfo_in_od_to_os.14;221.00;in_od_to_os.14;0;969.96;0.95;0.00;127.99;car;;6;74.00
2439.00;41899283#1_0;148.70;11.89;2228.00;0.50;-23142338#2_0;5.10;0.00;tripinfo_in_ns_to_as.3;211.00;in_ns_to_as.3;0;2009.37;1.14;0.00;49.58;car;;1;7.00
2439.00;23156030#6_0;109.07;10.64;2343.00;2.27;-45494495_0;5.10;0.00;tripinfo_in_os_to_od.4;96.00;in_os_to_od.4;0;865.51;0.98;0.00;15.89;car;;1;2.00
2441.00;45494495_0;58.90;11.48;2241.00;0.20;803785575#0_0;5.10;0.00;tripinfo_in_od_to_os.15;200.00;in_od_to_os.15;0;969.96;1.11;0.00;120.51;car;;7;77.00
2443.00;45494495_0;58.90;10.22;2244.00;0.06;803785575#0_0;5.10;0.00;tripinfo_in_od_to_os.16;199.00;in_od_to_os.16;0;969.96;0.98;0.00;109.86;car;;6;71.00
2449.00;45494495_0;58.90;10.63;2269.00;3.23;803785575#0_0;5.10;0.00;tripinfo_in_od_to_os.17;180.00;in_od_to_os.17;0;969.96;1.04;0.00;95.52;car;;3;46.00
2450.00;972103805_0;116.86;7.41;2256.00;2.50;-23142338#2_0;5.10;0.00;tripinfo_in_ns_to_ko.27;194.00;in_ns_to_ko.27;0;1398.55;0.76;0.00;27.24;car;;1;9.00
2451.00;972103805_0;116.86;10.72;2142.00;33.14;803785575#0_0;5.10;0.00;tripinfo_in_od_to_ko.6;309.00;in_od_to_ko.6;0;2307.67;1.13;0.00;114.73;car;;3;24.00
2451.00;23527526_0;253.75;10.71;2387.00;2.74;23687583_0;5.10;0.00;tripinfo_in_as_to_gj.7;64.00;in_as_to_gj.7;0;649.06;1.05;0.00;7.48;car;;0;0.00
2452.00;45494495_0;58.90;11.28;2250.00;1.81;-23142338#2_0;5.10;0.00;tripinfo_in_ns_to_os.2;202.00;in_ns_to_os.2;0;1865.82;1.07;0.00;44.30;car;;2;9.00
2453.00;972103805_0;116.86;10.26;2145.00;34.91;803785575#0_0;5.10;0.00;tripinfo_in_od_to_ko.7;308.00;in_od_to_ko.7;0;2307.67;1.02;0.00;93.19;car;;3;21.00
2454.00;45494495_0;58.90;11.91;2274.00;3.06;-230845886_0;5.10;0.00;tripinfo_in_ba_to_os.5;180.00;in_ba_to_os.5;0;1647.96;1.10;0.00;44.53;car;;1;1.00
2458.00;45494495_0;58.90;9.03;2287.00;8.36;803785575#0_0;5.10;0.00;tripinfo_in_od_to_os.19;171.00;in_od_to_os.19;0;969.96;0.87;0.00;69.64;car;;3;20.00
2460.00;230845886_0;633.12;9.69;2277.00;0.73;-45494495_0;5.10;0.00;tripinfo_in_os_to_ba.7;183.00;in_os_to_ba.7;0;1746.52;0.95;0.00;17.01;car;;0;0.00
2461.00;23156305_0;1264.14;11.43;2121.00;0.65;-23142338#2_0;5.10;0.00;tripinfo_in_ns_to_gg.3;340.00;in_ns_to_gg.3;0;3297.24;1.04;0.00;50.71;car;;2;6.00
2464.00;972103805_0;116.86;10.33;2148.00;25.51;803785575#0_0;5.10;0.00;tripinfo_in_od_to_ko.8;316.00;in_od_to_ko.8;0;2307.67;0.99;0.00;95.49;car;;4;27.00
2465.00;45494495_0;58.90;10.84;2295.00;0.50;-230845886_0;5.10;0.00;tripinfo_in_ba_to_os.6;170.00;in_ba_to_os.6;0;1647.96;0.99;0.00;19.61;car;;0;0.00
2466.00;23527526_0;253.75;10.62;2280.00;4.39;-230845886_0;5.10;0.00;tripinfo_in_ba_to_gj.7;186.00;in_ba_to_gj.7;0;1755.68;0.98;0.00;23.22;car;;1;5.00
2469.00;972103805_0;116.86;9.71;2271.00;2.92;-23142338#2_0;5.10;0.00;tripinfo_in_ns_to_ko.28;198.00;in_ns_to_ko.28;0;1398.55;0.93;0.00;61.93;car;;3;20.00
2477.00;23527526_0;253.75;11.30;2247.00;1.12;-45494495_0;5.10;0.00;tripinfo_in_os_to_gj.0;230.00;in_os_to_gj.0;0;2071.37;1.07;0.00;54.42;car;;2;8.00
2481.00;972103805_0;116.86;10.93;2258.00;0.13;-230845886_0;5.10;0.00;tripinfo_in_ba_to_ko.13;223.00;in_ba_to_ko.13;0;2114.29;0.99;0.00;28.23;car;;1;4.00
2482.00;28716808#1_0;754.74;11.39;2240.00;3.80;-23142338#2_0;5.10;0.00;tripinfo_in_ns_to_kl.2;242.00;in_ns_to_kl.2;0;2315.58;1.09;0.00;49.24;car;;1;9.00
2485.00;972103805_0;116.86;9.33;2285.00;0.65;-23142338#2_0;5.10;0.00;tripinfo_in_ns_to_ko.29;200.00;in_ns_to_ko.29;0;1398.55;0.90;0.00;60.54;car;;4;25.00
2489.00;972103805_0;116.86;8.70;2300.00;1.39;-23142338#2_0;5.10;0.00;tripinfo_in_ns_to_ko.30;189.00;in_ns_to_ko.30;0;1398.55;0.86;0.00;41.12;car;;3;12.00
2491.00;972103805_0;116.86;10.74;2187.00;0.93;803785575#0_0;5.10;0.00;tripinfo_in_od_to_ko.9;304.00;in_od_to_ko.9;0;2307.67;1.02;0.00;89.14;car;;4;29.00
2492.00;23142338#2_0;290.21;10.58;2212.00;4.44;-230845886_0;5.10;0.00;tripinfo_in_ba_to_ns.1;280.00;in_ba_to_ns.1;0;2346.36;1.03;0.00;73.39;car;;2;19.00
2493.00;23156305_0;1264.14;9.06;2040.00;4.30;803785575#0_0;5.10;0.00;tripinfo_in_od_to_gg.2;453.00;in_od_to_gg.2;0;3669.96;0.92;0.00;90.45;car;;4;24.00
2494.00;23156305_0;1264.14;10.81;2073.00;14.98;803785575#0_0;5.10;0.00;tripinfo_in_od_to_gg.3;421.00;in_od_to_gg.3;0;3669.96;1.05;0.00;102.94;car;;5;21.00
2494.00;23142338#2_0;290.21;12.54;2238.00;3.15;-230845886_0;5.10;0.00;tripinfo_in_ba_to_ns.2;256.00;in_ba_to_ns.2;0;2346.36;1.14;0.00;68.88;car;;2;16.00
2496.00;23156305_0;1264.14;11.73;2349.00;0.19;23687583_0;5.10;0.00;tripinfo_in_as_to_gg.2;147.00;in_as_to_gg.2;0;1600.87;1.11;0.00;16.89;car;;0;0.00
2499.00;41899283#1_0;148.70;8.18;2322.00;2.26;-230845886_0;5.10;0.00;tripinfo_in_ba_to_as.11;177.00;in_ba_to_as.11;0;1430.78;0.82;0.00;19.47;car;;1;3.00
2499.00;972103805_0;116.86;11.19;2358.00;0.20;23687583_0;5.10;0.00;tripinfo_in_as_to_ko.15;141.00;in_as_to_ko.15;0;1102.39;1.01;0.00;42.46;car;;2;24.00
2500.00;23142338#2_0;290.21;10.45;2270.00;0.85;-45494495_0;5.10;0.00;tripinfo_in_os_to_ns.2;230.00;in_os_to_ns.2;0;1665.91;0.98;0.00;65.13;car;;4;14.00
2501.00;972103805_0;116.86;11.40;2384.00;0.71;23687583_0;5.10;0.00;tripinfo_in_as_to_ko.16;117.00;in_as_to_ko.16;0;1102.39;1.10;0.00;26.26;car;;1;10.00
2504.00;28706217_0;94.10;8.33;2243.00;0.85;-230845886_0;5.10;0.00;tripinfo_in_ba_to_sl.8;261.00;in_ba_to_sl.8;0;1934.94;1.10;0.00;96.97;car;;2;44.00
2504.00;972103805_0;116.86;11.07;2277.00;5.75;-230845886_0;5.10;0.00;tripinfo_in_ba_to_ko.14;227.00;in_ba_to_ko.14;0;2114.29;1.04;0.00;41.08;car;;2;12.00
2505.00;972103805_0;116.86;11.83;2283.00;1.05;-230845886_0;5.10;0.00;tripinfo_in_ba_to_ko.15;222.00;in_ba_to_ko.15;0;2114.29;1.09;0.00;44.90;car;;2;5.00
2505.00;23527526_0;253.75;10.47;2308.00;0.64;-230845886_0;5.10;0.00;tripinfo_in_ba_to_gj.8;197.00;in_ba_to_gj.8;0;1755.68;1.00;0.00;37.68;car;;1;1.00
2507.00;972103805_0;116.86;11.57;2303.00;0.48;-23142338#2_0;5.10;0.00;tripinfo_in_ns_to_ko.31;204.00;in_ns_to_ko.31;0;1398.55;1.09;0.00;87.91;car;;5;25.00
2508.00;28706217_0;94.10;9.89;2414.00;2.78;-45494495_0;5.10;0.00;tripinfo_in_os_to_sl.2;94.00;in_os_to_sl.2;0;484.95;1.24;0.00;53.72;car;;1;33.00
2510.00;230845886_0;633.12;9.89;2295.00;0.99;-45494495_0;5.10;0.00;tripinfo_in_os_to_ba.8;215.00;in_os_to_ba.8;0;1746.52;0.90;0.00;39.98;car;;1;18.00
2512.00;972103805_0;116.86;9.42;2309.00;1.96;-23142338#2_0;5.10;0.00;tripinfo_in_ns_to_ko.32;203.00;in_ns_to_ko.32;0;1398.55;0.94;0.00;68.23;car;;5;22.00
2512.00;23527526_0;253.75;9.95;2319.00;3.04;-230845886_0;5.10;0.00;tripinfo_in_ba_to_gj.9;193.00;in_ba_to_gj.9;0;1755.68;0.94;0.00;22.82;car;;0;0.00
2512.00;230845886_0;633.12;11.10;2332.00;0.77;-45494495_0;5.10;0.00;tripinfo_in_os_to_ba.9;180.00;in_os_to_ba.9;0;1746.52;1.03;0.00;26.90;car;;0;0.00
2514.00;28716808#1_0;754.74;8.49;2261.00;0.03;-45494495_0;5.10;0.00;tripinfo_in_os_to_kl.0;253.00;in_os_to_kl.0;0;2042.78;0.83;0.00;29.37;car;;1;5.00
2514.00;972103805_0;116.86;11.03;2318.00;0.98;-23142338#2_0;5.10;0.00;tripinfo_in_ns_to_ko.33;196.00;in_ns_to_ko.33;0;1398.55;1.01;0.00;70.39;car;;4;21.00
2516.00;972103805_0;116.86;10.27;2321.00;2.94;-23142338#2_0;5.10;0.00;tripinfo_in_ns_to_ko.34;195.00;in_ns_to_ko.34;0;1398.55;0.98;0.00;66.22;car;;3;20.00
2517.00;23142338#2_0;290.21;8.20;2251.00;5.09;23687583_0;5.10;0.00;tripinfo_in_as_to_ns.4;266.00;in_as_to_ns.4;0;1995.73;0.83;0.00;48.49;car;;2;17.00
2518.00;972103805_0;116.86;10.45;2324.00;4.34;-23142338#2_0;5.10;0.00;tripinfo_in_ns_to_ko.35;194.00;in_ns_to_ko.35;0;1398.55;1.04;0.00;72.36;car;;3;20.00
2518.00;23156030#6_0;109.07;9.45;2423.00;2.98;-45494495_0;5.10;0.00;tripinfo_in_os_to_od.5;95.00;in_os_to_od.5;0;865.51;0.90;0.00;7.93;car;;0;0.00
2519.00;23142338#2_0;290.21;10.41;2257.00;2.58;23687583_0;5.10;0.00;tripinfo_in_as_to_ns.5;262.00;in_as_to_ns.5;0;1995.73;1.04;0.00;87.81;car;;2;13.00
2519.00;45494495_0;58.90;11.04;2356.00;0.98;-230845886_0;5.10;0.00;tripinfo_in_ba_to_os.7;163.00;in_ba_to_os.7;0;1647.96;1.00;0.00;13.72;car;;0;0.00
2520.00;28716808#1_0;754.74;10.83;2395.00;4.19;23687583_0;5.10;0.00;tripinfo_in_as_to_kl.3;125.00;in_as_to_kl.3;0;1207.92;0.98;0.00;13.45;car;;0;0.00
2521.00;23142338#2_0;290.21;11.06;2265.00;0.57;23687583_0;5.10;0.00;tripinfo_in_as_to_ns.6;256.00;in_as_to_ns.6;0;1995.73;1.00;0.00;74.47;car;;4;22.00
2521.00;23527526_0;253.75;10.82;2332.00;3.32;-230845886_0;5.10;0.00;tripinfo_in_ba_to_gj.10;189.00;in_ba_to_gj.10;0;1755.68;1.05;0.00;38.15;car;;1;3.00
2521.00;45494495_0;58.90;11.45;2364.00;6.86;-230845886_0;5.10;0.00;tripinfo_in_ba_to_os.8;157.00;in_ba_to_os.8;0;1647.96;1.07;0.00;17.73;car;;0;0.00
2522.00;972103805_0;116.86;9.32;2333.00;0.31;-23142338#2_0;5.10;0.00;tripinfo_in_ns_to_ko.36;189.00;in_ns_to_ko.36;0;1398.55;0.94;0.00;55.16;car;;3;16.00
2522.00;28716808#1_0;754.74;12.30;2353.00;0.16;-230845886_0;5.10;0.00;tripinfo_in_ba_to_kl.1;169.00;in_ba_to_kl.1;0;1727.09;1.16;0.00;34.29;car;;1;2.00
2523.00;28706217_0;94.10;6.39;2223.00;5.12;23687583_0;5.10;0.00;tripinfo_in_as_to_sl.8;300.00;in_as_to_sl.8;0;1976.75;0.82;0.00;75.06;car;;4;32.00
2525.00;28706217_0;94.10;6.97;2263.00;0.71;-230845886_0;5.10;0.00;tripinfo_in_ba_to_sl.9;262.00;in_ba_to_sl.9;0;1934.94;0.97;0.00;75.87;car;;4;15.00
2525.00;23527526_0;253.75;11.90;2268.00;2.65;-23142338#2_0;5.10;0.00;tripinfo_in_ns_to_gj.0;257.00;in_ns_to_gj.0;0;2084.96;1.11;0.00;86.19;car;;3;24.00
2526.00;41899283#1_0;148.70;11.41;2340.00;0.24;-45494495_0;5.10;0.00;tripinfo_in_os_to_as.4;186.00;in_os_to_as.4;0;1746.47;1.14;0.00;46.81;car;;1;14.00
2527.00;28706217_0;94.10;8.97;2246.00;1.78;23687583_0;5.10;0.00;tripinfo_in_as_to_sl.9;281.00;in_as_to_sl.9;0;1976.75;1.09;0.00;111.77;car;;4;31.00
2530.00;28706217_0;94.10;6.68;2292.00;1.55;-230845886_0;5.10;0.00;tripinfo_in_ba_to_sl.10;238.00;in_ba_to_sl.10;0;1934.94;0.95;0.00;47.44;car;;2;8.00
2532.00;972103805_0;116.86;11.82;2359.00;0.69;-23142338#2_0;5.10;0.00;tripinfo_in_ns_to_ko.37;173.00;in_ns_to_ko.37;0;1398.55;1.09;0.00;57.24;car;;4;21.00
2533.00;28706217_0;94.10;7.24;2254.00;1.95;23687583_0;5.10;0.00;tripinfo_in_as_to_sl.10;279.00;in_as_to_sl.10;0;1976.75;0.97;0.00;90.30;car;;4;21.00
2536.00;23142338#2_0;290.21;11.73;2333.00;0.94;23687583_0;5.10;0.00;tripinfo_in_as_to_ns.7;203.00;in_as_to_ns.7;0;1995.73;1.08;0.00;34.92;car;;2;9.00
2537.00;28706217_0;94.10;8.42;2271.00;1.29;23687583_0;5.10;0.00;tripinfo_in_as_to_sl.11;266.00;in_as_to_sl.11;0;1976.75;1.05;0.00;90.54;car;;3;18.00
2537.00;23527526_0;253.75;11.42;2360.00;3.43;-230845886_0;5.10;0.00;tripinfo_in_ba_to_gj.11;177.00;in_ba_to_gj.11;0;1755.68;1.09;0.00;31.25;car;;1;9.00
2538.00;972103805_0;116.86;8.89;2362.00;2.54;-23142338#2_0;5.10;0.00;tripinfo_in_ns_to_ko.38;176.00;in_ns_to_ko.38;0;1398.55;0.86;0.00;29.49;car;;2;7.00
2539.00;28706217_0;94.10;8.14;2290.00;2.97;23687583_0;5.10;0.00;tripinfo_in_as_to_sl.12;249.00;in_as_to_sl.12;0;1976.75;1.08;0.00;80.06;car;;3;13.00
2539.00;23156390_0;1121.44;10.19;2352.00;1.36;23687583_0;5.10;0.00;tripinfo_in_as_to_br.1;187.00;in_as_to_br.1;0;1694.48;0.92;0.00;21.03;car;;0;0.00
2540.00;23156030#6_0;109.07;10.96;2261.00;0.17;23687583_0;5.10;0.00;tripinfo_in_as_to_od.1;279.00;in_as_to_od.1;0;2357.31;1.02;0.00;70.07;car;;4;16.00
2541.00;23156305_0;1264.14;8.16;2129.00;0.66;-45494495_0;5.10;0.00;tripinfo_in_os_to_gg.0;412.00;in_os_to_gg.0;0;3034.34;0.82;0.00;74.65;car;;5;13.00
2543.00;23156305_0;1264.14;10.30;2142.00;0.60;-23142338#2_0;5.10;0.00;tripinfo_in_ns_to_gg.4;401.00;in_ns_to_gg.4;0;3297.24;0.96;0.00;87.03;car;;4;14.00
2545.00;23156305_0;1264.14;12.55;2079.00;15.68;803785575#0_0;5.10;0.00;tripinfo_in_od_to_gg.4;466.00;in_od_to_gg.4;0;3669.96;1.14;0.00;173.91;car;;6;20.00
2547.00;23156305_0;1264.14;10.12;2221.00;1.97;-230845886_0;5.10;0.00;tripinfo_in_ba_to_gg.1;326.00;in_ba_to_gg.1;0;2718.65;0.99;0.00;76.18;car;;1;10.00
2547.00;230845886_0;633.12;9.52;2262.00;0.97;-23142338#2_0;5.10;0.00;tripinfo_in_ns_to_ba.0;285.00;in_ns_to_ba.0;0;2340.42;0.94;0.00;62.11;car;;2;26.00
2547.00;28706217_0;94.10;8.19;2302.00;0.50;-230845886_0;5.10;0.00;tripinfo_in_ba_to_sl.11;245.00;in_ba_to_sl.11;0;1934.94;1.00;0.00;65.30;car;;2;3.00
2548.00;23156030#6_0;109.07;10.10;2462.00;0.41;-45494495_0;5.10;0.00;tripinfo_in_os_to_od.6;86.00;in_os_to_od.6;0;865.51;1.00;0.00;6.99;car;;0;0.00
2549.00;230845886_0;633.12;10.53;2167.00;17.98;803785575#0_0;5.10;0.00;tripinfo_in_od_to_ba.6;382.00;in_od_to_ba.6;0;2382.14;1.01;0.00;169.84;car;;3;133.00
2549.00;23142338#2_0;290.21;11.23;2263.00;0.62;803785575#0_0;5.10;0.00;tripinfo_in_od_to_ns.7;286.00;in_od_to_ns.7;0;1928.29;1.02;0.00;102.90;car;;2;56.00
2549.00;23156030#6_0;109.07;11.51;2297.00;0.56;23687583_0;5.10;0.00;tripinfo_in_as_to_od.2;252.00;in_as_to_od.2;0;2357.31;1.09;0.00;57.39;car;;0;0.00
2549.00;972103805_0;116.86;11.31;2425.00;3.63;23687583_0;5.10;0.00;tripinfo_in_as_to_ko.17;124.00;in_as_to_ko.17;0;1102.39;1.03;0.00;27.69;car;;1;14.00
2550.00;23527526_0;253.75;9.41;2479.00;0.25;23687583_0;5.10;0.00;tripinfo_in_as_to_gj.8;71.00;in_as_to_gj.8;0;649.06;0.95;0.00;8.80;car;;0;0.00
2551.00;41899283#1_0;148.70;10.95;2290.00;0.47;-23142338#2_0;5.10;0.00;tripinfo_in_ns_to_as.4;261.00;in_ns_to_as.4;0;2009.37;1.05;0.00;87.51;car;;2;15.00
2554.00;23156305_0;1264.14;8.35;2094.00;17.95;803785575#0_0;5.10;0.00;tripinfo_in_od_to_gg.5;460.00;in_od_to_gg.5;0;3669.96;0.86;0.00;73.84;car;;4;6.00
2556.00;972103805_0;116.86;8.40;2202.00;0.51;-45494495_0;5.10;0.00;tripinfo_in_os_to_ko.1;354.00;in_os_to_ko.1;0;2045.29;0.80;0.00;109.73;car;;6;46.00
2556.00;23156305_0;1264.14;10.04;2246.00;2.82;-230845886_0;5.10;0.00;tripinfo_in_ba_to_gg.2;310.00;in_ba_to_gg.2;0;2718.65;0.91;0.00;39.07;car;;1;9.00
2557.00;28706217_0;94.10;6.13;2293.00;5.47;23687583_0;5.10;0.00;tripinfo_in_as_to_sl.13;264.00;in_as_to_sl.13;0;1976.75;0.86;0.00;50.67;car;;2;3.00
2558.00;23156305_0;1264.14;10.02;2271.00;0.12;-230845886_0;5.10;0.00;tripinfo_in_ba_to_gg.3;287.00;in_ba_to_gg.3;0;2718.65;0.99;0.00;37.30;car;;0;0.00
2558.00;972103805_0;116.86;9.35;2392.00;0.42;-23142338#2_0;5.10;0.00;tripinfo_in_ns_to_ko.39;166.00;in_ns_to_ko.39;0;1398.55;0.95;0.00;33.21;car;;1;5.00
2559.00;23156305_0;1264.14;12.03;2191.00;2.76;-45494495_0;5.10;0.00;tripinfo_in_os_to_gg.1;368.00;in_os_to_gg.1;0;3034.34;1.09;0.00;116.54;car;;4;20.00
2559.00;28706217_0;94.10;9.21;2320.00;0.14;23687583_0;5.10;0.00;tripinfo_in_as_to_sl.14;239.00;in_as_to_sl.14;0;1976.75;1.12;0.00;75.00;car;;1;2.00
2560.00;972103805_0;116.86;10.60;2396.00;0.46;-23142338#2_0;5.10;0.00;tripinfo_in_ns_to_ko.40;164.00;in_ns_to_ko.40;0;1398.55;0.99;0.00;35.46;car;;1;3.00
2561.00;28716808#1_0;754.74;12.11;2139.00;30.75;803785575#0_0;5.10;0.00;tripinfo_in_od_to_kl.4;422.00;in_od_to_kl.4;0;2678.40;1.09;0.00;199.26;car;;3;163.00
2561.00;45494495_0;58.90;12.77;2402.00;0.66;-230845886_0;5.10;0.00;tripinfo_in_ba_to_os.9;159.00;in_ba_to_os.9;0;1647.96;1.20;0.00;34.36;car;;1;2.00
2561.00;28706217_0;94.10;7.49;2465.00;2.65;-45494495_0;5.10;0.00;tripinfo_in_os_to_sl.3;96.00;in_os_to_sl.3;0;484.95;1.02;0.00;47.87;car;;2;3.00
2562.00;23527526_0;253.75;11.23;2375.00;4.57;-230845886_0;5.10;0.00;tripinfo_in_ba_to_gj.12;187.00;in_ba_to_gj.12;0;1755.68;1.05;0.00;34.60;car;;1;3.00
2562.00;28716808#1_0;754.74;12.24;2382.00;0.99;-230845886_0;5.10;0.00;tripinfo_wu_ba_to_kl.2;180.00;wu_ba_to_kl.2;0;1727.09;1.19;0.00;48.48;car;;2;5.00
2563.00;41899283#1_0;148.70;9.94;2306.00;3.37;-23142338#2_0;5.10;0.00;tripinfo_in_ns_to_as.5;257.00;in_ns_to_as.5;0;2009.37;0.92;0.00;57.55;car;;3;14.00
2563.00;23527526_0;253.75;11.32;2497.00;3.12;23687583_0;5.10;0.00;tripinfo_in_as_to_gj.9;66.00;in_as_to_gj.9;0;649.06;1.13;0.00;13.90;car;;0;0.00
2564.00;230845886_0;633.12;9.06;2164.00;15.02;803785575#0_0;5.10;0.00;tripinfo_in_od_to_ba.5;400.00;in_od_to_ba.5;0;2382.14;0.84;0.00;143.98;car;;4;108.00
2565.00;28706217_0;94.10;7.60;2316.00;0.34;-230845886_0;5.10;0.00;tripinfo_in_ba_to_sl.12;249.00;in_ba_to_sl.12;0;1934.94;1.02;0.00;71.85;car;;3;4.00
2567.00;972103805_0;116.86;8.27;2305.00;3.36;-230845886_0;5.10;0.00;tripinfo_in_ba_to_ko.16;262.00;in_ba_to_ko.16;0;2114.29;0.83;0.00;31.48;car;;1;2.00
2567.00;28706217_0;94.10;8.50;2510.00;0.47;-45494495_0;5.10;0.00;tripinfo_in_os_to_sl.4;57.00;in_os_to_sl.4;0;484.95;1.09;0.00;11.69;car;;0;0.00
2568.00;41899283#1_0;148.70;11.73;2212.00;0.42;803785575#0_0;5.10;0.00;tripinfo_in_od_to_as.6;356.00;in_od_to_as.6;0;2382.09;1.09;0.00;158.11;car;;7;92.00
2569.00;972103805_0;116.86;10.56;2329.00;0.54;-230845886_0;5.10;0.00;tripinfo_in_ba_to_ko.17;240.00;in_ba_to_ko.17;0;2114.29;1.02;0.00;51.90;car;;1;5.00
2571.00;23142338#2_0;290.21;11.65;2378.00;0.71;23687583_0;5.10;0.00;tripinfo_in_as_to_ns.8;193.00;in_as_to_ns.8;0;1995.73;1.16;0.00;37.25;car;;2;5.00
2572.00;972103805_0;116.86;10.61;2337.00;0.86;-230845886_0;5.10;0.00;tripinfo_in_ba_to_ko.18;235.00;in_ba_to_ko.18;0;2114.29;0.96;0.00;34.74;car;;1;3.00
2572.00;28716808#1_0;754.74;11.29;2448.00;3.09;23687583_0;5.10;0.00;tripinfo_in_as_to_kl.4;124.00;in_as_to_kl.4;0;1207.92;1.11;0.00;24.49;car;;1;4.00
2573.00;41899283#1_0;148.70;10.43;2152.00;28.96;803785575#0_0;5.10;0.00;tripinfo_in_od_to_as.4;421.00;in_od_to_as.4;0;2382.09;1.00;0.00;204.88;car;;6;157.00
2574.00;972103805_0;116.86;10.39;2407.00;0.78;-23142338#2_0;5.10;0.00;tripinfo_in_ns_to_ko.41;167.00;in_ns_to_ko.41;0;1398.55;0.97;0.00;36.52;car;;2;13.00
2575.00;41899283#1_0;148.70;11.85;2179.00;17.24;803785575#0_0;5.10;0.00;tripinfo_in_od_to_as.5;396.00;in_od_to_as.5;0;2382.09;1.07;0.00;195.02;car;;6;133.00
2577.00;23156030#6_0;109.07;9.57;2480.00;0.69;-45494495_0;5.10;0.00;tripinfo_in_os_to_od.7;97.00;in_os_to_od.7;0;865.51;0.88;0.00;8.18;car;;0;0.00
2579.00;23142338#2_0;290.21;11.47;2311.00;0.83;-230845886_0;5.10;0.00;tripinfo_in_ba_to_ns.3;268.00;in_ba_to_ns.3;0;2346.36;1.10;0.00;75.23;car;;2;27.00
2581.00;972103805_0;116.86;10.00;2445.00;6.42;23687583_0;5.10;0.00;tripinfo_in_as_to_ko.18;136.00;in_as_to_ko.18;0;1102.39;0.94;0.00;29.77;car;;1;15.00
2582.00;45494495_0;58.90;11.74;2320.00;17.03;803785575#0_0;5.10;0.00;tripinfo_in_od_to_os.20;262.00;in_od_to_os.20;0;969.96;1.07;0.00;179.65;car;;6;121.00
2584.00;972103805_0;116.86;10.83;2424.00;0.95;-23142338#2_0;5.10;0.00;tripinfo_in_ns_to_ko.42;160.00;in_ns_to_ko.42;0;1398.55;0.98;0.00;30.34;car;;3;5.00
2584.00;230845886_0;633.12;10.10;2439.00;4.60;23687583_0;5.10;0.00;tripinfo_in_as_to_ba.7;145.00;in_as_to_ba.7;0;1356.50;0.94;0.00;15.37;car;;0;0.00
2586.00;230845886_0;633.12;10.90;2224.00;1.51;803785575#0_0;5.10;0.00;tripinfo_in_od_to_ba.7;362.00;in_od_to_ba.7;0;2382.14;1.07;0.00;161.04;car;;2;87.00
2586.00;23142338#2_0;290.21;10.85;2343.00;0.43;-230845886_0;5.10;0.00;tripinfo_in_ba_to_ns.4;243.00;in_ba_to_ns.4;0;2346.36;1.01;0.00;32.70;car;;1;1.00
2586.00;23527526_0;253.75;10.33;2395.00;4.45;-230845886_0;5.10;0.00;tripinfo_in_ba_to_gj.13;191.00;in_ba_to_gj.13;0;1755.68;0.96;0.00;24.41;car;;1;5.00
2587.00;45494495_0;58.90;10.66;2275.00;2.08;803785575#0_0;5.10;0.00;tripinfo_in_od_to_os.18;312.00;in_od_to_os.18;0;969.96;1.03;0.00;227.27;car;;12;168.00
2588.00;230845886_0;633.12;10.81;2395.00;1.27;-45494495_0;5.10;0.00;tripinfo_in_os_to_ba.10;193.00;in_os_to_ba.10;0;1746.52;1.05;0.00;42.91;car;;1;9.00
2589.00;45494495_0;58.90;12.12;2347.00;31.79;803785575#0_0;5.10;0.00;tripinfo_in_od_to_os.22;242.00;in_od_to_os.22;0;969.96;1.10;0.00;162.44;car;;7;101.00
2590.00;23156390_0;1121.44;10.64;2315.00;0.62;-45494495_0;5.10;0.00;tripinfo_in_os_to_br.4;275.00;in_os_to_br.4;0;2513.69;1.02;0.00;50.51;car;;1;4.00
2592.00;41899283#1_0;148.70;9.44;2424.00;2.55;-230845886_0;5.10;0.00;tripinfo_in_ba_to_as.12;168.00;in_ba_to_as.12;0;1430.78;0.96;0.00;33.46;car;;2;7.00
2593.00;972103805_0;116.86;10.45;2427.00;0.80;-23142338#2_0;5.10;0.00;tripinfo_in_ns_to_ko.43;166.00;in_ns_to_ko.43;0;1398.55;0.94;0.00;32.70;car;;1;10.00
2594.00;41899283#1_0;148.70;11.40;2433.00;0.21;-230845886_0;5.10;0.00;tripinfo_in_ba_to_as.13;161.00;in_ba_to_as.13;0;1430.78;1.03;0.00;35.68;car;;2;5.00
2597.00;972103805_0;116.86;9.37;2221.00;0.84;803785575#0_0;5.10;0.00;tripinfo_in_od_to_ko.10;376.00;in_od_to_ko.10;0;2307.67;0.92;0.00;137.99;car;;4;92.00
2597.00;45494495_0;58.90;8.82;2344.00;0.61;-23142338#2_0;5.10;0.00;tripinfo_in_ns_to_os.3;253.00;in_ns_to_os.3;0;1865.82;0.84;0.00;51.30;car;;4;13.00
2599.00;45494495_0;58.90;9.95;2332.00;24.77;803785575#0_0;5.10;0.00;tripinfo_in_od_to_os.21;267.00;in_od_to_os.21;0;969.96;0.93;0.00;172.55;car;;9;120.00
2600.00;23156030#6_0;109.07;10.27;2139.00;0.26;-23142338#2_0;5.10;0.00;tripinfo_in_ns_to_od.0;461.00;in_ns_to_od.0;0;2005.01;1.03;0.00;273.39;car;;3;238.00
2601.00;972103805_0;116.86;9.17;2253.00;1.11;803785575#0_0;5.10;0.00;tripinfo_in_od_to_ko.11;348.00;in_od_to_ko.11;0;2307.67;0.94;0.00;114.99;car;;3;60.00
2601.00;45494495_0;58.90;10.92;2411.00;0.78;23687583_0;5.10;0.00;tripinfo_in_as_to_os.6;190.00;in_as_to_os.6;0;1689.77;1.03;0.00;42.09;car;;1;6.00
2605.00;972103805_0;116.86;9.52;2340.00;2.19;-230845886_0;5.10;0.00;tripinfo_in_ba_to_ko.19;265.00;in_ba_to_ko.19;0;2114.29;0.89;0.00;48.71;car;;2;19.00
2605.00;45494495_0;58.90;9.41;2402.00;1.75;23687583_0;5.10;0.00;tripinfo_in_as_to_os.5;203.00;in_as_to_os.5;0;1689.77;0.91;0.00;34.88;car;;2;9.00
2606.00;41899283#1_0;148.70;12.20;2392.00;0.20;-45494495_0;5.10;0.00;tripinfo_in_os_to_as.5;214.00;in_os_to_as.5;0;1746.47;1.11;0.00;70.94;car;;4;23.00
2606.00;23527526_0;253.75;11.44;2523.00;0.51;23687583_0;5.10;0.00;tripinfo_in_as_to_gj.10;83.00;in_as_to_gj.10;0;649.06;1.14;0.00;31.32;car;;1;15.00
2607.00;45494495_0;58.90;12.28;2419.00;0.14;23687583_0;5.10;0.00;tripinfo_in_as_to_os.7;188.00;in_as_to_os.7;0;1689.77;1.18;0.00;58.78;car;;1;5.00
2608.00;23156305_0;1264.14;9.15;2243.00;0.07;-45494495_0;5.10;0.00;tripinfo_in_os_to_gg.2;365.00;in_os_to_gg.2;0;3034.34;0.86;0.00;42.16;car;;2;4.00
2608.00;972103805_0;116.86;10.65;2371.00;5.73;-230845886_0;5.10;0.00;tripinfo_in_ba_to_ko.20;237.00;in_ba_to_ko.20;0;2114.29;1.03;0.00;50.10;car;;2;11.00
2610.00;45494495_0;58.90;9.16;2415.00;0.71;-230845886_0;5.10;0.00;tripinfo_in_ba_to_os.10;195.00;in_ba_to_os.10;0;1647.96;0.87;0.00;22.98;car;;1;5.00
2611.00;972103805_0;116.86;11.13;2387.00;0.34;-230845886_0;5.10;0.00;tripinfo_in_ba_to_ko.21;224.00;in_ba_to_ko.21;0;2114.29;1.01;0.00;33.75;car;;1;3.00
2612.00;23156390_0;1121.44;10.32;2422.00;1.65;23687583_0;5.10;0.00;tripinfo_in_as_to_br.2;190.00;in_as_to_br.2;0;1694.48;0.94;0.00;26.79;car;;1;9.00
2612.00;45494495_0;58.90;11.16;2428.00;6.28;23687583_0;5.10;0.00;tripinfo_in_as_to_os.8;184.00;in_as_to_os.8;0;1689.77;1.07;0.00;40.77;car;;1;4.00
2613.00;28716808#1_0;754.74;9.81;2312.00;1.65;-23142338#2_0;5.10;0.00;tripinfo_in_ns_to_kl.3;301.00;in_ns_to_kl.3;0;2315.58;0.94;0.00;78.60;car;;4;26.00
2613.00;972103805_0;116.86;12.01;2435.00;6.16;-23142338#2_0;5.10;0.00;tripinfo_in_ns_to_ko.44;178.00;in_ns_to_ko.44;0;1398.55;1.14;0.00;67.04;car;;3;19.00
2617.00;45494495_0;58.90;11.04;2430.00;4.62;-230845886_0;5.10;0.00;tripinfo_in_ba_to_os.11;187.00;in_ba_to_os.11;0;1647.96;1.10;0.00;50.55;car;;2;6.00
2618.00;23156030#6_0;109.07;8.98;2341.00;0.66;23687583_0;5.10;0.00;tripinfo_in_as_to_od.3;277.00;in_as_to_od.3;0;2357.31;0.91;0.00;43.94;car;;3;14.00
2621.00;972103805_0;116.86;8.75;2446.00;3.36;-23142338#2_0;5.10;0.00;tripinfo_in_ns_to_ko.45;175.00;in_ns_to_ko.45;0;1398.55;0.90;0.00;34.96;car;;2;9.00
2623.00;972103805_0;116.86;13.36;2392.00;3.83;-230845886_0;5.10;0.00;tripinfo_in_ba_to_ko.22;231.00;in_ba_to_ko.22;0;2114.29;1.24;0.00;75.56;car;;3;18.00
2626.00;972103805_0;116.86;11.13;2398.00;0.05;-230845886_0;5.10;0.00;tripinfo_in_ba_to_ko.23;228.00;in_ba_to_ko.23;0;2114.29;1.03;0.00;41.45;car;;2;6.00
2627.00;45494495_0;58.90;11.31;2371.00;20.69;803785575#0_0;5.10;0.00;tripinfo_in_od_to_os.24;256.00;in_od_to_os.24;0;969.96;1.04;0.00;170.96;car;;7;88.00
2628.00;23527526_0;253.75;9.97;2427.00;1.89;-230845886_0;5.10;0.00;tripinfo_in_ba_to_gj.14;201.00;in_ba_to_gj.14;0;1755.68;0.94;0.00;31.92;car;;2;6.00
2630.00;23527526_0;253.75;11.68;2436.00;0.11;-230845886_0;5.10;0.00;tripinfo_in_ba_to_gj.15;194.00;in_ba_to_gj.15;0;1755.68;1.06;0.00;44.84;car;;2;4.00
2631.00;230845886_0;633.12;12.62;2249.00;3.25;803785575#0_0;5.10;0.00;tripinfo_in_od_to_ba.8;382.00;in_od_to_ba.8;0;2382.14;1.16;0.00;195.63;car;;9;91.00
2633.00;972103805_0;116.86;10.73;2450.00;4.10;-23142338#2_0;5.10;0.00;tripinfo_in_ns_to_ko.46;183.00;in_ns_to_ko.46;0;1398.55;0.97;0.00;53.13;car;;3;15.00
2636.00;23142338#2_0;290.21;11.15;2369.00;0.69;-45494495_0;5.10;0.00;tripinfo_in_os_to_ns.3;267.00;in_os_to_ns.3;0;1665.91;1.04;0.00;110.97;car;;3;68.00
2636.00;972103805_0;116.86;10.48;2453.00;0.60;-23142338#2_0;5.10;0.00;tripinfo_in_ns_to_ko.47;183.00;in_ns_to_ko.47;0;1398.55;0.98;0.00;54.39;car;;3;15.00
2638.00;41899283#1_0;148.70;10.20;2398.00;1.58;-45494495_0;5.10;0.00;tripinfo_in_os_to_as.6;240.00;in_os_to_as.6;0;1746.47;0.99;0.00;80.18;car;;4;34.00
2639.00;23156390_0;1121.44;9.85;2176.00;16.46;803785575#0_0;5.10;0.00;tripinfo_in_od_to_br.1;463.00;in_od_to_br.1;0;3149.31;0.95;0.00;162.29;car;;6;100.00
2639.00;45494495_0;58.90;11.21;2368.00;23.91;803785575#0_0;5.10;0.00;tripinfo_in_od_to_os.23;271.00;in_od_to_os.23;0;969.96;1.01;0.00;183.49;car;;4;111.00
2640.00;972103805_0;116.86;9.23;2469.00;0.96;-23142338#2_0;5.10;0.00;tripinfo_in_ns_to_ko.48;171.00;in_ns_to_ko.48;0;1398.55;0.91;0.00;32.35;car;;2;6.00
2640.00;23527526_0;253.75;9.23;2548.00;0.95;23687583_0;5.10;0.00;tripinfo_in_as_to_gj.11;92.00;in_as_to_gj.11;0;649.06;0.87;0.00;23.74;car;;2;8.00
2641.00;23156390_0;1121.44;11.62;2161.00;15.14;803785575#0_0;5.10;0.00;tripinfo_in_od_to_br.0;480.00;in_od_to_br.0;0;3149.31;1.07;0.00;213.58;car;;4;148.00
2641.00;41899283#1_0;148.70;10.61;2478.00;2.54;-230845886_0;5.10;0.00;tripinfo_in_ba_to_as.14;163.00;in_ba_to_as.14;0;1430.78;0.99;0.00;32.42;car;;1;1.00
2642.00;972103805_0;116.86;11.11;2278.00;2.78;803785575#0_0;5.10;0.00;tripinfo_in_od_to_ko.12;364.00;in_od_to_ko.12;0;2307.67;1.04;0.00;153.15;car;;8;71.00
2642.00;28716808#1_0;754.74;13.23;2401.00;0.79;-23142338#2_0;5.10;0.00;tripinfo_in_ns_to_kl.4;241.00;in_ns_to_kl.4;0;2315.58;1.27;0.00;72.95;car;;5;21.00
2644.00;23527526_0;253.75;10.69;2445.00;0.69;-230845886_0;5.10;0.00;tripinfo_in_ba_to_gj.16;199.00;in_ba_to_gj.16;0;1755.68;0.99;0.00;37.63;car;;2;9.00
2644.00;972103805_0;116.86;9.46;2478.00;0.46;-23142338#2_0;5.10;0.00;tripinfo_in_ns_to_ko.49;166.00;in_ns_to_ko.49;0;1398.55;0.94;0.00;32.23;car;;1;10.00
2646.00;972103805_0;116.86;10.08;2482.00;0.69;-23142338#2_0;5.10;0.00;tripinfo_in_ns_to_ko.50;164.00;in_ns_to_ko.50;0;1398.55;0.98;0.00;35.50;car;;1;7.00
2646.00;23527526_0;253.75;12.37;2557.00;0.16;23687583_0;5.10;0.00;tripinfo_in_as_to_gj.12;89.00;in_as_to_gj.12;0;649.06;1.15;0.00;37.12;car;;2;13.00
2649.00;972103805_0;116.86;10.92;2514.00;0.21;23687583_0;5.10;0.00;tripinfo_in_as_to_ko.19;135.00;in_as_to_ko.19;0;1102.39;1.06;0.00;40.48;car;;2;24.00
2650.00;23527526_0;253.75;11.93;2575.00;3.36;23687583_0;5.10;0.00;tripinfo_in_as_to_gj.13;75.00;in_as_to_gj.13;0;649.06;1.10;0.00;21.33;car;;1;5.00
2651.00;41899283#1_0;148.70;12.55;2410.00;0.21;-45494495_0;5.10;0.00;tripinfo_in_os_to_as.7;241.00;in_os_to_as.7;0;1746.47;1.15;0.00;103.09;car;;5;33.00
2651.00;972103805_0;116.86;10.03;2418.00;0.09;-230845886_0;5.10;0.00;tripinfo_in_ba_to_ko.24;233.00;in_ba_to_ko.24;0;2114.29;0.96;0.00;33.55;car;;1;5.00
2655.00;41899283#1_0;148.70;10.82;2266.00;2.20;803785575#0_0;5.10;0.00;tripinfo_in_od_to_as.7;389.00;in_od_to_as.7;0;2382.09;1.07;0.00;186.82;car;;8;79.00
2657.00;972103805_0;116.86;9.71;2517.00;0.53;-23142338#2_0;5.10;0.00;tripinfo_in_ns_to_ko.51;140.00;in_ns_to_ko.51;0;1398.55;0.98;0.00;11.13;car;;0;0.00
2658.00;41899283#1_0;148.70;10.95;2494.00;3.77;-230845886_0;5.10;0.00;tripinfo_in_ba_to_as.15;164.00;in_ba_to_as.15;0;1430.78;1.05;0.00;40.68;car;;1;4.00
2659.00;45494495_0;58.90;8.11;2463.00;4.63;-230845886_0;5.10;0.00;tripinfo_in_ba_to_os.12;196.00;in_ba_to_os.12;0;1647.96;0.83;0.00;16.79;car;;0;0.00
2661.00;28716808#1_0;754.74;11.11;2260.00;0.01;803785575#0_0;5.10;0.00;tripinfo_in_od_to_kl.5;401.00;in_od_to_kl.5;0;2678.40;1.11;0.00;183.14;car;;6;85.00
2670.00;28706217_0;94.10;6.84;2368.00;7.55;-230845886_0;5.10;0.00;tripinfo_in_ba_to_sl.13;302.00;in_ba_to_sl.13;0;1934.94;0.86;0.00;91.53;car;;1;67.00
2670.00;23142338#2_0;290.21;8.94;2434.00;4.36;23687583_0;5.10;0.00;tripinfo_in_as_to_ns.9;236.00;in_as_to_ns.9;0;1995.73;0.91;0.00;36.87;car;;2;8.00
2671.00;23527526_0;253.75;10.14;2469.00;4.69;-230845886_0;5.10;0.00;tripinfo_in_ba_to_gj.17;202.00;in_ba_to_gj.17;0;1755.68;0.95;0.00;34.52;car;;1;8.00
2672.00;28706217_0;94.10;7.36;2378.00;6.58;-230845886_0;5.10;0.00;tripinfo_in_ba_to_sl.14;294.00;in_ba_to_sl.14;0;1934.94;0.91;0.00;96.38;car;;1;67.00
2672.00;23142338#2_0;290.21;10.30;2459.00;2.00;23687583_0;5.10;0.00;tripinfo_in_as_to_ns.10;213.00;in_as_to_ns.10;0;1995.73;1.03;0.00;36.75;car;;1;4.00
2673.00;23527526_0;253.75;11.17;2247.00;2.29;803785575#0_0;5.10;0.00;tripinfo_in_od_to_gj.3;426.00;in_od_to_gj.3;0;2706.99;1.02;0.00;186.03;car;;9;100.00
2674.00;23156390_0;1121.44;8.50;2204.00;1.33;803785575#0_0;5.10;0.00;tripinfo_in_od_to_br.2;470.00;in_od_to_br.2;0;3149.31;0.86;0.00;137.93;car;;7;83.00
2674.00;28706217_0;94.10;8.96;2399.00;1.19;23687583_0;5.10;0.00;tripinfo_in_as_to_sl.16;275.00;in_as_to_sl.16;0;1976.75;1.12;0.00;110.83;car;;1;70.00
2676.00;28706217_0;94.10;8.08;2392.00;1.61;23687583_0;5.10;0.00;tripinfo_in_as_to_sl.15;284.00;in_as_to_sl.15;0;1976.75;1.05;0.00;108.72;car;;2;73.00
2676.00;41899283#1_0;148.70;10.74;2438.00;7.17;-23142338#2_0;5.10;0.00;tripinfo_in_ns_to_as.6;238.00;in_ns_to_as.6;0;2009.37;1.07;0.00;66.90;car;;3;16.00
2676.00;45494495_0;58.90;7.69;2456.00;0.94;23687583_0;5.10;0.00;tripinfo_in_as_to_os.9;220.00;in_as_to_os.9;0;1689.77;0.80;0.00;28.37;car;;1;7.00
2677.00;23156305_0;1264.14;8.22;2310.00;0.83;-45494495_0;5.10;0.00;tripinfo_in_os_to_gg.3;367.00;in_os_to_gg.3;0;3034.34;0.83;0.00;36.56;car;;0;0.00
2678.00;23156390_0;1121.44;11.22;2509.00;5.35;23687583_0;5.10;0.00;tripinfo_in_as_to_br.3;169.00;in_as_to_br.3;0;1694.48;1.09;0.00;28.17;car;;1;7.00
2680.00;23527526_0;253.75;10.75;2441.00;9.18;-23142338#2_0;5.10;0.00;tripinfo_in_ns_to_gj.1;239.00;in_ns_to_gj.1;0;2084.96;1.02;0.00;54.67;car;;2;15.00
2680.00;45494495_0;58.90;9.44;2494.00;1.00;23687583_0;5.10;0.00;tripinfo_in_as_to_os.10;186.00;in_as_to_os.10;0;1689.77;0.93;0.00;22.12;car;;0;0.00
2680.00;972103805_0;116.86;9.73;2522.00;0.68;-23142338#2_0;5.10;0.00;tripinfo_in_ns_to_ko.52;158.00;in_ns_to_ko.52;0;1398.55;0.95;0.00;25.22;car;;1;8.00
2682.00;972103805_0;116.86;10.48;2281.00;4.87;803785575#0_0;5.10;0.00;tripinfo_in_od_to_ko.13;401.00;in_od_to_ko.13;0;2307.67;1.04;0.00;189.55;car;;9;112.00
2682.00;41899283#1_0;148.70;11.47;2525.00;1.66;-230845886_0;5.10;0.00;tripinfo_in_ba_to_as.16;157.00;in_ba_to_as.16;0;1430.78;1.08;0.00;36.00;car;;0;0.00
2685.00;28706217_0;94.10;7.29;2431.00;1.93;23687583_0;5.10;0.00;tripinfo_in_as_to_sl.17;254.00;in_as_to_sl.17;0;1976.75;0.92;0.00;55.57;car;;2;23.00
2686.00;972103805_0;116.86;9.11;2356.00;0.64;-45494495_0;5.10;0.00;tripinfo_in_os_to_ko.2;330.00;in_os_to_ko.2;0;2045.29;0.91;0.00;114.66;car;;2;81.00
2686.00;41899283#1_0;148.70;10.57;2458.00;0.38;-23142338#2_0;5.10;0.00;tripinfo_in_ns_to_as.7;228.00;in_ns_to_as.7;0;2009.37;0.99;0.00;43.75;car;;2;12.00
2689.00;972103805_0;116.86;11.21;2454.00;0.90;-230845886_0;5.10;0.00;tripinfo_in_ba_to_ko.25;235.00;in_ba_to_ko.25;0;2114.29;1.05;0.00;52.50;car;;3;13.00
2693.00;230845886_0;633.12;10.68;2284.00;5.55;803785575#0_0;5.10;0.00;tripinfo_in_od_to_ba.9;409.00;in_od_to_ba.9;0;2382.14;1.04;0.00;201.29;car;;9;89.00
2693.00;28706217_0;94.10;6.25;2442.00;6.97;23687583_0;5.10;0.00;tripinfo_in_as_to_sl.18;251.00;in_as_to_sl.18;0;1976.75;0.87;0.00;40.85;car;;1;5.00
2693.00;23527526_0;253.75;9.99;2444.00;2.60;-23142338#2_0;5.10;0.00;tripinfo_in_ns_to_gj.2;249.00;in_ns_to_gj.2;0;2084.96;0.91;0.00;41.95;car;;2;13.00
2695.00;28706217_0;94.10;7.59;2225.00;1.58;-23142338#2_0;5.10;0.00;tripinfo_in_ns_to_sl.1;470.00;in_ns_to_sl.1;0;1619.36;0.98;0.00;303.31;car;;4;264.00
2695.00;23527526_0;253.75;11.00;2609.00;3.88;23687583_0;5.10;0.00;tripinfo_in_as_to_gj.14;86.00;in_as_to_gj.14;0;649.06;1.10;0.00;31.81;car;;2;12.00
2697.00;45494495_0;58.90;10.36;2513.00;3.50;-230845886_0;5.10;0.00;tripinfo_in_ba_to_os.13;184.00;in_ba_to_os.13;0;1647.96;1.02;0.00;37.64;car;;0;0.00
2698.00;41899283#1_0;148.70;10.99;2543.00;0.78;-230845886_0;5.10;0.00;tripinfo_in_ba_to_as.17;155.00;in_ba_to_as.17;0;1430.78;1.07;0.00;33.28;car;;1;4.00
2704.00;23156305_0;1264.14;8.81;2275.00;6.25;-23142338#2_0;5.10;0.00;tripinfo_in_ns_to_gg.5;429.00;in_ns_to_gg.5;0;3297.24;0.83;0.00;68.67;car;;3;21.00
2705.00;45494495_0;58.90;9.36;2386.00;18.70;803785575#0_0;5.10;0.00;tripinfo_in_od_to_os.25;319.00;in_od_to_os.25;0;969.96;0.94;0.00;224.70;car;;10;148.00
2708.00;45494495_0;58.90;10.57;2531.00;2.88;-230845886_0;5.10;0.00;tripinfo_in_ba_to_os.14;177.00;in_ba_to_os.14;0;1647.96;0.98;0.00;24.69;car;;0;0.00
2710.00;45494495_0;58.90;11.14;2534.00;0.81;23687583_0;5.10;0.00;tripinfo_in_as_to_os.11;176.00;in_as_to_os.11;0;1689.77;1.08;0.00;35.19;car;;1;13.00
2710.00;972103805_0;116.86;10.04;2581.00;0.25;23687583_0;5.10;0.00;tripinfo_in_as_to_ko.20;129.00;in_as_to_ko.20;0;1102.39;0.91;0.00;18.91;car;;1;1.00
2711.00;230845886_0;633.12;8.41;2420.00;0.98;-45494495_0;5.10;0.00;tripinfo_in_os_to_ba.11;291.00;in_os_to_ba.11;0;1746.52;0.86;0.00;105.89;car;;3;51.00
2712.00;972103805_0;116.86;10.77;2584.00;1.22;23687583_0;5.10;0.00;tripinfo_in_as_to_ko.21;128.00;in_as_to_ko.21;0;1102.39;1.08;0.00;35.90;car;;1;1.00
2713.00;230845886_0;633.12;11.37;2436.00;0.82;-45494495_0;5.10;0.00;tripinfo_in_os_to_ba.12;277.00;in_os_to_ba.12;0;1746.52;1.05;0.00;126.35;car;;4;53.00
2714.00;45494495_0;58.90;9.63;2428.00;11.43;803785575#0_0;5.10;0.00;tripinfo_in_od_to_os.27;286.00;in_od_to_os.27;0;969.96;0.92;0.00;190.12;car;;11;116.00
2715.00;23527526_0;253.75;10.14;2510.00;5.24;-230845886_0;5.10;0.00;tripinfo_in_ba_to_gj.18;205.00;in_ba_to_gj.18;0;1755.68;0.93;0.00;34.53;car;;1;1.00
2715.00;41899283#1_0;148.70;12.73;2568.00;0.58;-230845886_0;5.10;0.00;tripinfo_in_ba_to_as.19;147.00;in_ba_to_as.19;0;1430.78;1.19;0.00;37.83;car;;1;6.00
2717.00;230845886_0;633.12;10.20;2339.00;0.55;-23142338#2_0;5.10;0.00;tripinfo_in_ns_to_ba.1;378.00;in_ns_to_ba.1;0;2340.42;0.92;0.00;150.77;car;;7;69.00
2717.00;972103805_0;116.86;8.45;2457.00;2.06;-230845886_0;5.10;0.00;tripinfo_in_ba_to_ko.26;260.00;in_ba_to_ko.26;0;2114.29;0.84;0.00;29.41;car;;1;2.00
2718.00;972103805_0;116.86;11.23;2460.00;4.99;-230845886_0;5.10;0.00;tripinfo_in_ba_to_ko.27;258.00;in_ba_to_ko.27;0;2114.29;1.12;0.00;86.26;car;;0;0.00
2719.00;230845886_0;633.12;10.15;2565.00;0.95;23687583_0;5.10;0.00;tripinfo_in_as_to_ba.8;154.00;in_as_to_ba.8;0;1356.50;1.03;0.00;34.76;car;;2;9.00
2719.00;23527526_0;253.75;11.67;2628.00;0.05;23687583_0;5.10;0.00;tripinfo_in_as_to_gj.15;91.00;in_as_to_gj.15;0;649.06;1.09;0.00;36.37;car;;2;16.00
2720.00;972103805_0;116.86;11.40;2472.00;6.43;-230845886_0;5.10;0.00;tripinfo_in_ba_to_ko.28;248.00;in_ba_to_ko.28;0;2114.29;1.14;0.00;79.26;car;;1;6.00
2720.00;41899283#1_0;148.70;10.43;2562.00;0.22;-230845886_0;5.10;0.00;tripinfo_in_ba_to_as.18;158.00;in_ba_to_as.18;0;1430.78;0.98;0.00;25.20;car;;1;6.00
2721.00;230845886_0;633.12;10.79;2568.00;3.85;23687583_0;5.10;0.00;tripinfo_in_as_to_ba.9;153.00;in_as_to_ba.9;0;1356.50;0.99;0.00;29.39;car;;2;7.00
2722.00;972103805_0;116.86;11.98;2482.00;0.20;-230845886_0;5.10;0.00;tripinfo_in_ba_to_ko.29;240.00;in_ba_to_ko.29;0;2114.29;1.09;0.00;64.10;car;;0;0.00
2723.00;23142338#2_0;290.21;10.31;2500.00;3.04;23687583_0;5.10;0.00;tripinfo_in_as_to_ns.11;223.00;in_as_to_ns.11;0;1995.73;0.93;0.00;27.36;car;;1;2.00
2726.00;230845886_0;633.12;10.07;2296.00;11.82;803785575#0_0;5.10;0.00;tripinfo_in_od_to_ba.10;430.00;in_od_to_ba.10;0;2382.14;1.01;0.00;216.78;car;;5;139.00
2726.00;972103805_0;116.86;9.10;2380.00;0.33;-45494495_0;5.10;0.00;tripinfo_in_os_to_ko.3;346.00;in_os_to_ko.3;0;2045.29;0.83;0.00;110.54;car;;3;69.00
2726.00;41899283#1_0;148.70;8.87;2458.00;1.39;-45494495_0;5.10;0.00;tripinfo_in_os_to_as.8;268.00;in_os_to_as.8;0;1746.47;0.90;0.00;91.25;car;;3;45.00
2726.00;45494495_0;58.90;11.52;2573.00;0.56;-230845886_0;5.10;0.00;tripinfo_in_ba_to_os.15;153.00;in_ba_to_os.15;0;1647.96;1.06;0.00;12.81;car;;0;0.00
2727.00;41899283#1_0;148.70;10.31;2507.00;0.56;-45494495_0;5.10;0.00;tripinfo_in_os_to_as.9;220.00;in_os_to_as.9;0;1746.47;0.95;0.00;54.08;car;;1;20.00
2727.00;230845886_0;633.12;11.80;2547.00;0.56;-45494495_0;5.10;0.00;tripinfo_in_os_to_ba.13;180.00;in_os_to_ba.13;0;1746.52;1.08;0.00;34.20;car;;0;0.00
2728.00;972103805_0;116.86;11.18;2386.00;0.82;-45494495_0;5.10;0.00;tripinfo_in_os_to_ko.4;342.00;in_os_to_ko.4;0;2045.29;1.02;0.00;150.41;car;;3;67.00
2729.00;23142338#2_0;290.21;11.16;2506.00;5.23;23687583_0;5.10;0.00;tripinfo_in_as_to_ns.12;223.00;in_as_to_ns.12;0;1995.73;1.07;0.00;52.89;car;;2;17.00
2730.00;972103805_0;116.86;10.55;2403.00;0.57;-45494495_0;5.10;0.00;tripinfo_in_os_to_ko.5;327.00;in_os_to_ko.5;0;2045.29;1.06;0.00;141.48;car;;3;60.00
2731.00;41899283#1_0;148.70;11.69;2525.00;1.44;-23142338#2_0;5.10;0.00;tripinfo_in_ns_to_as.8;206.00;in_ns_to_as.8;0;2009.37;1.10;0.00;39.20;car;;1;5.00
2735.00;230845886_0;633.12;10.99;2505.00;1.52;-23142338#2_0;5.10;0.00;tripinfo_in_ns_to_ba.2;230.00;in_ns_to_ba.2;0;2340.42;1.06;0.00;32.12;car;;1;1.00
2737.00;45494495_0;58.90;9.79;2537.00;0.28;23687583_0;5.10;0.00;tripinfo_in_as_to_os.12;200.00;in_as_to_os.12;0;1689.77;0.99;0.00;45.41;car;;2;17.00
2739.00;972103805_0;116.86;10.41;2551.00;0.11;-23142338#2_0;5.10;0.00;tripinfo_in_ns_to_ko.53;188.00;in_ns_to_ko.53;0;1398.55;0.97;0.00;57.56;car;;4;24.00
2741.00;972103805_0;116.86;9.99;2554.00;2.18;-23142338#2_0;5.10;0.00;tripinfo_in_ns_to_ko.54;187.00;in_ns_to_ko.54;0;1398.55;1.01;0.00;61.92;car;;3;21.00
2744.00;23142338#2_0;290.21;9.58;2517.00;3.05;23687583_0;5.10;0.00;tripinfo_in_as_to_ns.13;227.00;in_as_to_ns.13;0;1995.73;0.95;0.00;36.49;car;;2;6.00
2745.00;45494495_0;58.90;10.15;2582.00;0.38;-230845886_0;5.10;0.00;tripinfo_in_ba_to_os.16;163.00;in_ba_to_os.16;0;1647.96;1.00;0.00;14.26;car;;0;0.00
2745.00;230845886_0;633.12;10.47;2589.00;0.02;23687583_0;5.10;0.00;tripinfo_in_as_to_ba.10;156.00;in_as_to_ba.10;0;1356.50;0.96;0.00;29.19;car;;2;5.00
2746.00;972103805_0;116.86;9.82;2599.00;0.35;23687583_0;5.10;0.00;tripinfo_in_as_to_ko.22;147.00;in_as_to_ko.22;0;1102.39;0.94;0.00;41.30;car;;2;24.00
2748.00;45494495_0;58.90;9.56;2491.00;8.32;803785575#0_0;5.10;0.00;tripinfo_in_od_to_os.29;257.00;in_od_to_os.29;0;969.96;0.91;0.00;160.38;car;;12;79.00
2748.00;972103805_0;116.86;11.38;2615.00;3.61;23687583_0;5.10;0.00;tripinfo_in_as_to_ko.23;133.00;in_as_to_ko.23;0;1102.39;1.09;0.00;41.49;car;;3;14.00
2751.00;972103805_0;116.86;9.84;2590.00;0.05;-23142338#2_0;5.10;0.00;tripinfo_in_ns_to_ko.55;161.00;in_ns_to_ko.55;0;1398.55;0.92;0.00;24.54;car;;2;4.00
2752.00;45494495_0;58.90;11.54;2446.00;4.16;803785575#0_0;5.10;0.00;tripinfo_in_od_to_os.28;306.00;in_od_to_os.28;0;969.96;1.06;0.00;222.86;car;;14;125.00
2753.00;972103805_0;116.86;11.25;2593.00;2.31;-23142338#2_0;5.10;0.00;tripinfo_in_ns_to_ko.56;160.00;in_ns_to_ko.56;0;1398.55;1.04;0.00;38.05;car;;1;3.00
2755.00;23156305_0;1264.14;10.59;2466.00;4.65;-230845886_0;5.10;0.00;tripinfo_in_ba_to_gg.4;289.00;in_ba_to_gg.4;0;2718.65;0.97;0.00;33.14;car;;0;0.00
2756.00;23156305_0;1264.14;11.71;2231.00;0.08;803785575#0_0;5.10;0.00;tripinfo_in_od_to_gg.6;525.00;in_od_to_gg.6;0;3669.96;1.18;0.00;242.27;car;;8;115.00
2757.00;972103805_0;116.86;8.71;2497.00;4.77;-230845886_0;5.10;0.00;tripinfo_in_ba_to_ko.30;260.00;in_ba_to_ko.30;0;2114.29;0.87;0.00;38.33;car;;2;3.00
2758.00;23142338#2_0;290.21;9.14;2421.00;2.88;-230845886_0;5.10;0.00;tripinfo_in_ba_to_ns.5;337.00;in_ba_to_ns.5;0;2346.36;0.91;0.00;104.97;car;;3;72.00
2758.00;45494495_0;58.90;10.51;2497.00;12.38;803785575#0_0;5.10;0.00;tripinfo_in_od_to_os.30;261.00;in_od_to_os.30;0;969.96;1.02;0.00;174.11;car;;8;94.00
2759.00;972103805_0;116.86;10.24;2503.00;7.90;-230845886_0;5.10;0.00;tripinfo_in_ba_to_ko.31;256.00;in_ba_to_ko.31;0;2114.29;0.98;0.00;59.07;car;;2;3.00
2760.00;23142338#2_0;290.21;10.05;2491.00;1.21;-230845886_0;5.10;0.00;tripinfo_in_ba_to_ns.6;269.00;in_ba_to_ns.6;0;2346.36;1.00;0.00;56.31;car;;2;10.00
2761.00;28716808#1_0;754.74;9.28;2454.00;1.69;-45494495_0;5.10;0.00;tripinfo_in_os_to_kl.1;307.00;in_os_to_kl.1;0;2042.78;0.92;0.00;105.66;car;;4;50.00
2761.00;972103805_0;116.86;9.12;2596.00;0.04;-23142338#2_0;5.10;0.00;tripinfo_in_ns_to_ko.57;165.00;in_ns_to_ko.57;0;1398.55;0.92;0.00;27.79;car;;1;7.00
2763.00;28716808#1_0;754.74;11.05;2514.00;0.50;-45494495_0;5.10;0.00;tripinfo_in_os_to_kl.2;249.00;in_os_to_kl.2;0;2042.78;1.08;0.00;76.62;car;;1;21.00
2763.00;972103805_0;116.86;11.26;2607.00;0.02;-23142338#2_0;5.10;0.00;tripinfo_in_ns_to_ko.58;156.00;in_ns_to_ko.58;0;1398.55;1.04;0.00;33.85;car;;1;7.00
2766.00;972103805_0;116.86;9.89;2610.00;2.80;-23142338#2_0;5.10;0.00;tripinfo_in_ns_to_ko.59;156.00;in_ns_to_ko.59;0;1398.55;0.92;0.00;18.32;car;;0;0.00
2767.00;23527526_0;253.75;10.91;2661.00;7.23;23687583_0;5.10;0.00;tripinfo_in_as_to_gj.16;106.00;in_as_to_gj.16;0;649.06;1.04;0.00;49.25;car;;2;22.00
2768.00;45494495_0;58.90;10.79;2607.00;3.46;-230845886_0;5.10;0.00;tripinfo_in_ba_to_os.17;161.00;in_ba_to_os.17;0;1647.96;1.01;0.00;13.04;car;;0;0.00
2768.00;230845886_0;633.12;13.63;2631.00;0.96;23687583_0;5.10;0.00;tripinfo_in_as_to_ba.11;137.00;in_as_to_ba.11;0;1356.50;1.28;0.00;39.31;car;;2;15.00
2771.00;45494495_0;58.90;10.80;2518.00;14.63;803785575#0_0;5.10;0.00;tripinfo_in_od_to_os.31;253.00;in_od_to_os.31;0;969.96;0.99;0.00;164.09;car;;9;76.00
2772.00;972103805_0;116.86;8.67;2506.00;10.01;-230845886_0;5.10;0.00;tripinfo_in_ba_to_ko.32;266.00;in_ba_to_ko.32;0;2114.29;0.82;0.00;33.42;car;;2;3.00
2772.00;28716808#1_0;754.74;10.03;2526.00;0.92;-45494495_0;5.10;0.00;tripinfo_in_os_to_kl.3;246.00;in_os_to_kl.3;0;2042.78;0.94;0.00;49.66;car;;2;11.00
2774.00;23156390_0;1121.44;10.91;2272.00;5.95;803785575#0_0;5.10;0.00;tripinfo_in_od_to_br.3;502.00;in_od_to_br.3;0;3149.31;1.04;0.00;226.45;car;;7;103.00
2774.00;972103805_0;116.86;10.38;2522.00;1.71;-230845886_0;5.10;0.00;tripinfo_in_ba_to_ko.33;252.00;in_ba_to_ko.33;0;2114.29;1.02;0.00;63.74;car;;0;0.00
2776.00;972103805_0;116.86;9.85;2528.00;4.06;-230845886_0;5.10;0.00;tripinfo_in_ba_to_ko.34;248.00;in_ba_to_ko.34;0;2114.29;0.99;0.00;53.33;car;;1;7.00
2777.00;230845886_0;633.12;11.96;2359.00;23.97;803785575#0_0;5.10;0.00;tripinfo_in_od_to_ba.13;418.00;in_od_to_ba.13;0;2382.14;1.15;0.00;230.41;car;;11;110.00
2778.00;972103805_0;116.86;11.32;2643.00;0.41;-23142338#2_0;5.10;0.00;tripinfo_in_ns_to_ko.60;135.00;in_ns_to_ko.60;0;1398.55;1.03;0.00;12.46;car;;0;0.00
2781.00;23156030#6_1;109.07;10.97;2552.00;2.55;-230845886_0;5.10;0.00;tripinfo_in_ba_to_od.0;229.00;in_ba_to_od.0;0;2315.50;1.07;0.00;32.37;car;;0;0.00
2782.00;23156390_0;1121.44;11.13;2417.00;5.27;-45494495_0;5.10;0.00;tripinfo_in_os_to_br.5;365.00;in_os_to_br.5;0;2513.69;1.09;0.00;155.45;car;;6;70.00
2783.00;23156305_0;1264.14;10.38;2411.00;2.60;-23142338#2_0;5.10;0.00;tripinfo_in_ns_to_gg.6;372.00;in_ns_to_gg.6;0;3297.24;0.94;0.00;53.08;car;;2;14.00
2783.00;23156030#6_0;109.07;8.76;2491.00;0.76;23687583_0;5.10;0.00;tripinfo_in_as_to_od.4;292.00;in_as_to_od.4;0;2357.31;0.79;0.00;22.87;car;;0;0.00
2783.00;41899283#1_0;148.70;11.81;2622.00;1.77;-230845886_0;5.10;0.00;tripinfo_in_ba_to_as.20;161.00;in_ba_to_as.20;0;1430.78;1.10;0.00;43.10;car;;0;0.00
2783.00;23527526_0;253.75;11.68;2698.00;0.43;23687583_0;5.10;0.00;tripinfo_in_as_to_gj.17;85.00;in_as_to_gj.17;0;649.06;1.16;0.00;33.60;car;;1;13.00
2785.00;23156305_0;1264.14;10.69;2500.00;5.67;-230845886_0;5.10;0.00;tripinfo_in_ba_to_gg.5;285.00;in_ba_to_gg.5;0;2718.65;1.05;0.00;49.30;car;;1;1.00
2785.00;23142338#2_0;290.21;10.46;2519.00;0.98;-230845886_0;5.10;0.00;tripinfo_in_ba_to_ns.7;266.00;in_ba_to_ns.7;0;2346.36;0.97;0.00;47.97;car;;2;11.00
2789.00;230845886_0;633.12;11.43;2362.00;21.20;803785575#0_0;5.10;0.00;tripinfo_in_od_to_ba.14;427.00;in_od_to_ba.14;0;2382.14;1.08;0.00;227.42;car;;12;101.00
2798.00;45494495_0;58.90;11.85;2615.00;1.80;-230845886_0;5.10;0.00;tripinfo_in_ba_to_os.18;183.00;in_ba_to_os.18;0;1647.96;1.11;0.00;49.34;car;;0;0.00
2801.00;45494495_0;58.90;12.49;2628.00;5.26;-230845886_0;5.10;0.00;tripinfo_in_ba_to_os.19;173.00;in_ba_to_os.19;0;1647.96;1.13;0.00;41.87;car;;0;0.00
2801.00;972103805_0;116.86;10.25;2645.00;0.41;23687583_0;5.10;0.00;tripinfo_in_as_to_ko.24;156.00;in_as_to_ko.24;0;1102.39;0.97;0.00;53.14;car;;3;29.00
2801.00;230845886_0;633.12;10.44;2651.00;4.13;23687583_0;5.10;0.00;tripinfo_in_as_to_ba.12;150.00;in_as_to_ba.12;0;1356.50;1.05;0.00;33.31;car;;2;10.00
2802.00;230845886_0;633.12;12.30;2344.00;30.69;803785575#0_0;5.10;0.00;tripinfo_in_od_to_ba.12;458.00;in_od_to_ba.12;0;2382.14;1.26;0.00;285.82;car;;11;118.00
2802.00;23156305_0;1264.14;10.11;2421.00;0.08;-23142338#2_0;5.10;0.00;tripinfo_in_ns_to_gg.7;381.00;in_ns_to_gg.7;0;3297.24;0.95;0.00;66.07;car;;3;18.00
2802.00;41899283#1_0;148.70;9.62;2638.00;0.98;-230845886_0;5.10;0.00;tripinfo_in_ba_to_as.22;164.00;in_ba_to_as.22;0;1430.78;0.96;0.00;29.76;car;;1;3.00
2802.00;972103805_0;116.86;11.85;2658.00;6.19;23687583_0;5.10;0.00;tripinfo_in_as_to_ko.25;144.00;in_as_to_ko.25;0;1102.39;1.15;0.00;57.41;car;;3;25.00
2803.00;23142338#2_0;290.21;9.46;2526.00;1.94;23687583_0;5.10;0.00;tripinfo_in_as_to_ns.14;277.00;in_as_to_ns.14;0;1995.73;0.86;0.00;66.54;car;;4;28.00
2803.00;23156305_0;1264.14;11.03;2623.00;0.97;23687583_0;5.10;0.00;tripinfo_in_as_to_gg.3;180.00;in_as_to_gg.3;0;1600.87;1.04;0.00;41.17;car;;1;5.00
2805.00;23142338#2_0;290.21;10.43;2540.00;0.44;23687583_0;5.10;0.00;tripinfo_in_as_to_ns.15;265.00;in_as_to_ns.15;0;1995.73;0.98;0.00;79.14;car;;4;20.00
2806.00;972103805_0;116.86;9.89;2650.00;0.39;-23142338#2_0;5.10;0.00;tripinfo_in_ns_to_ko.61;156.00;in_ns_to_ko.61;0;1398.55;0.99;0.00;27.77;car;;2;9.00
2807.00;23142338#2_0;290.21;10.61;2311.00;10.53;803785575#0_0;5.10;0.00;tripinfo_in_od_to_ns.8;496.00;in_od_to_ns.8;0;1928.29;1.05;0.00;318.41;car;;9;203.00
2808.00;972103805_0;116.86;10.29;2659.00;0.45;-23142338#2_0;5.10;0.00;tripinfo_in_ns_to_ko.62;149.00;in_ns_to_ko.62;0;1398.55;1.01;0.00;23.29;car;;1;1.00
2810.00;972103805_0;116.86;11.04;2601.00;0.79;-230845886_0;5.10;0.00;tripinfo_in_ba_to_ko.35;209.00;in_ba_to_ko.35;0;2114.29;1.08;0.00;30.04;car;;1;2.00
2810.00;41899283#1_0;148.70;9.76;2625.00;2.42;-230845886_0;5.10;0.00;tripinfo_in_ba_to_as.21;185.00;in_ba_to_as.21;0;1430.78;0.90;0.00;40.44;car;;1;8.00
2811.00;41899283#1_0;148.70;10.70;2329.00;22.26;803785575#0_0;5.10;0.00;tripinfo_in_od_to_as.10;482.00;in_od_to_as.10;0;2382.09;0.97;0.00;260.95;car;;12;109.00
2811.00;230845886_0;633.12;11.65;2398.00;18.73;803785575#0_0;5.10;0.00;tripinfo_in_od_to_ba.15;413.00;in_od_to_ba.15;0;2382.14;1.07;0.00;211.52;car;;8;119.00
2811.00;23527526_0;253.75;11.09;2742.00;4.57;23687583_0;5.10;0.00;tripinfo_in_as_to_gj.18;69.00;in_as_to_gj.18;0;649.06;1.00;0.00;9.22;car;;0;0.00
2813.00;41899283#1_0;148.70;11.28;2647.00;2.73;-230845886_0;5.10;0.00;tripinfo_in_ba_to_as.23;166.00;in_ba_to_as.23;0;1430.78;1.10;0.00;48.55;car;;0;0.00
2816.00;23156390_0;1121.44;11.36;2338.00;25.37;803785575#0_0;5.10;0.00;tripinfo_in_od_to_br.6;478.00;in_od_to_br.6;0;3149.31;1.04;0.00;201.47;car;;4;115.00
2816.00;28706217_0;94.10;6.66;2475.00;6.00;-230845886_0;5.10;0.00;tripinfo_in_ba_to_sl.15;341.00;in_ba_to_sl.15;0;1934.94;0.83;0.00;124.71;car;;2;91.00
2818.00;23142338#2_0;290.21;12.14;2604.00;3.35;-230845886_0;5.10;0.00;tripinfo_in_ba_to_ns.8;214.00;in_ba_to_ns.8;0;2346.36;1.18;0.00;33.51;car;;2;5.00
2818.00;45494495_0;58.90;9.58;2631.00;0.04;-230845886_0;5.10;0.00;tripinfo_in_ba_to_os.20;187.00;in_ba_to_os.20;0;1647.96;0.92;0.00;24.46;car;;0;0.00
2819.00;28706217_0;94.10;7.14;2485.00;2.44;-230845886_0;5.10;0.00;tripinfo_in_ba_to_sl.16;334.00;in_ba_to_sl.16;0;1934.94;0.89;0.00;132.63;car;;1;94.00
2819.00;972103805_0;116.86;11.20;2662.00;2.82;-23142338#2_0;5.10;0.00;tripinfo_in_ns_to_ko.63;157.00;in_ns_to_ko.63;0;1398.55;1.05;0.00;36.57;car;;2;9.00
2820.00;45494495_0;58.90;10.90;2623.00;0.07;-23142338#2_0;5.10;0.00;tripinfo_in_ns_to_os.4;197.00;in_ns_to_os.4;0;1865.82;1.04;0.00;34.82;car;;2;9.00
2821.00;28706217_0;94.10;7.74;2488.00;3.98;-230845886_0;5.10;0.00;tripinfo_in_ba_to_sl.17;333.00;in_ba_to_sl.17;0;1934.94;0.96;0.00;145.18;car;;2;94.00
2822.00;23156305_0;1264.14;8.46;2431.00;3.19;-23142338#2_0;5.10;0.00;tripinfo_in_ns_to_gg.8;391.00;in_ns_to_gg.8;0;3297.24;0.87;0.00;45.43;car;;1;5.00
2823.00;23156305_0;1264.14;11.11;2516.00;0.05;-230845886_0;5.10;0.00;tripinfo_in_ba_to_gg.6;307.00;in_ba_to_gg.6;0;2718.65;1.08;0.00;78.87;car;;0;0.00
2823.00;972103805_0;116.86;10.15;2670.00;9.55;23687583_0;5.10;0.00;tripinfo_in_as_to_ko.26;153.00;in_as_to_ko.26;0;1102.39;0.95;0.00;47.86;car;;1;17.00
2825.00;23156305_0;1264.14;10.50;2535.00;0.24;-230845886_0;5.10;0.00;tripinfo_in_ba_to_gg.7;290.00;in_ba_to_gg.7;0;2718.65;1.02;0.00;46.78;car;;1;6.00
2825.00;45494495_0;58.90;11.72;2644.00;4.67;-230845886_0;5.10;0.00;tripinfo_in_ba_to_os.21;181.00;in_ba_to_os.21;0;1647.96;1.13;0.00;48.54;car;;0;0.00
2825.00;972103805_0;116.86;12.70;2711.00;1.97;23687583_0;5.10;0.00;tripinfo_in_as_to_ko.27;114.00;in_as_to_ko.27;0;1102.39;1.23;0.00;32.61;car;;1;7.00
2826.00;23156390_0;1121.44;10.91;2326.00;19.70;803785575#0_0;5.10;0.00;tripinfo_in_od_to_br.5;500.00;in_od_to_br.5;0;3149.31;1.09;0.00;235.70;car;;14;119.00
2827.00;23156305_0;1264.14;11.41;2502.00;0.43;-23142338#2_0;5.10;0.00;tripinfo_in_ns_to_gg.9;325.00;in_ns_to_gg.9;0;3297.24;1.10;0.00;52.53;car;;1;4.00
2829.00;23156305_0;1264.14;11.54;2426.00;0.90;-45494495_0;5.10;0.00;tripinfo_in_os_to_gg.4;403.00;in_os_to_gg.4;0;3034.34;1.10;0.00;152.93;car;;4;59.00
2829.00;28706217_0;94.10;7.33;2503.00;5.19;23687583_0;5.10;0.00;tripinfo_in_as_to_sl.19;326.00;in_as_to_sl.19;0;1976.75;0.93;0.00;129.09;car;;3;85.00
2829.00;972103805_0;116.86;11.04;2667.00;0.34;-23142338#2_0;5.10;0.00;tripinfo_in_ns_to_ko.64;162.00;in_ns_to_ko.64;0;1398.55;0.99;0.00;34.48;car;;2;12.00
2830.00;972103805_0;116.86;12.26;2670.00;0.59;-23142338#2_0;5.10;0.00;tripinfo_in_ns_to_ko.65;160.00;in_ns_to_ko.65;0;1398.55;1.15;0.00;50.36;car;;2;10.00
2831.00;28706217_0;94.10;8.34;2545.00;2.55;-230845886_0;5.10;0.00;tripinfo_in_ba_to_sl.18;286.00;in_ba_to_sl.18;0;1934.94;1.10;0.00;122.25;car;;2;70.00
2832.00;23527526_0;253.75;8.42;2612.00;0.83;-230845886_0;5.10;0.00;tripinfo_in_ba_to_gj.19;220.00;in_ba_to_gj.19;0;1755.68;0.79;0.00;18.56;car;;0;0.00
2832.00;972103805_0;116.86;11.87;2673.00;0.01;-23142338#2_0;5.10;0.00;tripinfo_in_ns_to_ko.66;159.00;in_ns_to_ko.66;0;1398.55;1.12;0.00;46.52;car;;2;8.00
2833.00;28716808#1_0;754.74;8.10;2323.00;18.13;803785575#0_0;5.10;0.00;tripinfo_in_od_to_kl.7;510.00;in_od_to_kl.7;0;2678.40;0.78;0.00;198.73;car;;10;127.00
2833.00;45494495_0;58.90;10.18;2656.00;0.78;-230845886_0;5.10;0.00;tripinfo_in_ba_to_os.22;177.00;in_ba_to_os.22;0;1647.96;1.00;0.00;27.84;car;;0;0.00
2833.00;23527526_0;253.75;10.22;2754.00;6.01;23687583_0;5.10;0.00;tripinfo_in_as_to_gj.19;79.00;in_as_to_gj.19;0;649.06;1.05;0.00;22.92;car;;1;1.00
2834.00;972103805_0;116.86;11.63;2676.00;2.31;-23142338#2_0;5.10;0.00;tripinfo_in_ns_to_ko.67;158.00;in_ns_to_ko.67;0;1398.55;1.07;0.00;40.40;car;;1;5.00
2836.00;23156390_0;1121.44;11.46;2317.00;14.08;803785575#0_0;5.10;0.00;tripinfo_in_od_to_br.4;519.00;in_od_to_br.4;0;3149.31;1.04;0.00;244.30;car;;12;110.00
2840.00;28706217_0;94.10;7.02;2549.00;2.98;-230845886_0;5.10;0.00;tripinfo_in_ba_to_sl.19;291.00;in_ba_to_sl.19;0;1934.94;1.00;0.00;109.87;car;;2;69.00
2842.00;28716808#1_0;754.74;10.06;2676.00;11.45;23687583_0;5.10;0.00;tripinfo_in_as_to_kl.5;166.00;in_as_to_kl.5;0;1207.92;0.92;0.00;46.29;car;;1;17.00
2843.00;972103805_0;116.86;9.95;2299.00;14.32;803785575#0_0;5.10;0.00;tripinfo_in_od_to_ko.14;544.00;in_od_to_ko.14;0;2307.67;0.99;0.00;322.06;car;;8;221.00
2844.00;41899283#1_0;148.70;9.91;2673.00;2.71;-230845886_0;5.10;0.00;tripinfo_in_ba_to_as.24;171.00;in_ba_to_as.24;0;1430.78;0.93;0.00;32.09;car;;1;7.00
2844.00;28706217_0;94.10;8.21;2702.00;3.23;-45494495_0;5.10;0.00;tripinfo_in_os_to_sl.5;142.00;in_os_to_sl.5;0;484.95;1.05;0.00;95.02;car;;2;64.00
2845.00;23142338#2_0;290.21;9.64;2602.00;2.29;23687583_0;5.10;0.00;tripinfo_in_as_to_ns.16;243.00;in_as_to_ns.16;0;1995.73;0.96;0.00;52.90;car;;3;20.00
2845.00;972103805_0;116.86;10.92;2684.00;0.46;-23142338#2_0;5.10;0.00;tripinfo_in_ns_to_ko.68;161.00;in_ns_to_ko.68;0;1398.55;1.02;0.00;37.05;car;;2;14.00
2846.00;41899283#1_0;148.70;10.64;2682.00;6.00;-230845886_0;5.10;0.00;tripinfo_in_ba_to_as.25;164.00;in_ba_to_as.25;0;1430.78;1.05;0.00;40.38;car;;1;7.00
2847.00;23142338#2_0;290.21;13.09;2619.00;0.11;23687583_0;5.10;0.00;tripinfo_in_as_to_ns.17;228.00;in_as_to_ns.17;0;1995.73;1.20;0.00;75.71;car;;2;8.00
2848.00;41899283#1_0;148.70;10.92;2290.00;11.27;803785575#0_0;5.10;0.00;tripinfo_in_od_to_as.8;558.00;in_od_to_as.8;0;2382.09;1.04;0.00;350.62;car;;7;202.00
2849.00;972103805_0;116.86;10.47;2308.00;9.11;803785575#0_0;5.10;0.00;tripinfo_in_od_to_ko.15;541.00;in_od_to_ko.15;0;2307.67;1.00;0.00;321.19;car;;10;206.00
2849.00;28706217_0;94.10;7.52;2553.00;0.29;23687583_0;5.10;0.00;tripinfo_in_as_to_sl.20;296.00;in_as_to_sl.20;0;1976.75;0.98;0.00;109.09;car;;2;55.00
2851.00;41899283#1_0;148.70;10.35;2404.00;22.54;803785575#0_0;5.10;0.00;tripinfo_in_od_to_as.11;447.00;in_od_to_as.11;0;2382.09;0.99;0.00;228.41;car;;7;130.00
2852.00;28706217_0;94.10;8.38;2592.00;2.60;23687583_0;5.10;0.00;tripinfo_in_as_to_sl.21;260.00;in_as_to_sl.21;0;1976.75;1.08;0.00;90.23;car;;3;20.00
2854.00;23156305_0;1264.14;9.95;2477.00;0.44;-45494495_0;5.10;0.00;tripinfo_in_os_to_gg.5;377.00;in_os_to_gg.5;0;3034.34;1.00;0.00;102.48;car;;3;38.00
2856.00;28706217_0;94.10;7.76;2606.00;4.95;23687583_0;5.10;0.00;tripinfo_in_as_to_sl.22;250.00;in_as_to_sl.22;0;1976.75;0.99;0.00;64.78;car;;3;8.00
2858.00;45494495_0;58.90;11.55;2695.00;0.93;-230845886_0;5.10;0.00;tripinfo_in_ba_to_os.24;163.00;in_ba_to_os.24;0;1647.96;1.05;0.00;20.92;car;;0;0.00
2860.00;23142338#2_0;290.21;8.89;2612.00;0.59;-45494495_0;5.10;0.00;tripinfo_in_os_to_ns.4;248.00;in_os_to_ns.4;0;1665.91;0.82;0.00;50.42;car;;3;12.00
2863.00;45494495_0;58.90;9.67;2676.00;5.51;-230845886_0;5.10;0.00;tripinfo_in_ba_to_os.23;187.00;in_ba_to_os.23;0;1647.96;0.89;0.00;19.53;car;;0;0.00
2864.00;28716808#1_0;754.74;9.11;2589.00;1.64;-45494495_0;5.10;0.00;tripinfo_in_os_to_kl.4;275.00;in_os_to_kl.4;0;2042.78;0.91;0.00;72.77;car;;3;18.00
2865.00;972103805_0;116.86;9.79;2335.00;25.46;803785575#0_0;5.10;0.00;tripinfo_in_od_to_ko.16;530.00;in_od_to_ko.16;0;2307.67;0.94;0.00;296.50;car;;8;179.00
2866.00;230845886_0;633.12;9.96;2618.00;0.27;-45494495_0;5.10;0.00;tripinfo_in_os_to_ba.14;248.00;in_os_to_ba.14;0;1746.52;0.97;0.00;84.70;car;;3;22.00
2866.00;23527526_0;253.75;11.74;2685.00;0.15;-230845886_0;5.10;0.00;tripinfo_in_ba_to_gj.20;181.00;in_ba_to_gj.20;0;1755.68;1.14;0.00;41.78;car;;1;7.00
2866.00;972103805_0;116.86;11.87;2706.00;0.67;-23142338#2_0;5.10;0.00;tripinfo_in_ns_to_ko.69;160.00;in_ns_to_ko.69;0;1398.55;1.09;0.00;44.17;car;;2;14.00
2868.00;230845886_0;633.12;10.32;2636.00;0.82;-45494495_0;5.10;0.00;tripinfo_in_os_to_ba.15;232.00;in_os_to_ba.15;0;1746.52;0.98;0.00;70.91;car;;4;24.00
2869.00;23156305_0;1264.14;10.30;2305.00;13.40;803785575#0_0;5.10;0.00;tripinfo_in_od_to_gg.7;564.00;in_od_to_gg.7;0;3669.96;0.99;0.00;227.30;car;;7;135.00
2871.00;23156030#6_0;109.07;9.96;2612.00;5.02;23687583_0;5.10;0.00;tripinfo_in_as_to_od.6;259.00;in_as_to_od.6;0;2357.31;1.01;0.00;48.55;car;;2;10.00
2871.00;972103805_0;116.86;9.57;2739.00;2.83;23687583_0;5.10;0.00;tripinfo_in_as_to_ko.28;132.00;in_as_to_ko.28;0;1102.39;0.95;0.00;27.33;car;;1;13.00
2873.00;972103805_0;116.86;10.00;2745.00;4.36;23687583_0;5.10;0.00;tripinfo_in_as_to_ko.29;128.00;in_as_to_ko.29;0;1102.39;0.97;0.00;25.05;car;;1;5.00
2876.00;45494495_0;58.90;9.86;2667.00;7.53;23687583_0;5.10;0.00;tripinfo_in_as_to_os.13;209.00;in_as_to_os.13;0;1689.77;0.99;0.00;54.75;car;;1;17.00
2876.00;972103805_0;116.86;12.95;2714.00;0.22;-23142338#2_0;5.10;0.00;tripinfo_in_ns_to_ko.70;162.00;in_ns_to_ko.70;0;1398.55;1.18;0.00;54.29;car;;2;12.00
2879.00;23156305_0;1264.14;10.54;2682.00;2.53;23687583_0;5.10;0.00;tripinfo_in_as_to_gg.4;197.00;in_as_to_gg.4;0;1600.87;0.97;0.00;47.83;car;;1;16.00
2879.00;23156030#6_0;109.07;8.95;2781.00;0.24;-45494495_0;5.10;0.00;tripinfo_in_os_to_od.8;98.00;in_os_to_od.8;0;865.51;0.90;0.00;11.34;car;;0;0.00
2881.00;972103805_0;116.86;13.12;2556.00;0.21;-45494495_0;5.10;0.00;tripinfo_in_os_to_ko.6;325.00;in_os_to_ko.6;0;2045.29;1.21;0.00;162.60;car;;5;96.00
2881.00;23142338#2_0;290.21;10.35;2648.00;2.23;23687583_0;5.10;0.00;tripinfo_in_as_to_ns.18;233.00;in_as_to_ns.18;0;1995.73;0.98;0.00;47.27;car;;3;16.00
2881.00;23156305_0;1264.14;10.83;2708.00;0.51;23687583_0;5.10;0.00;tripinfo_in_as_to_gg.5;173.00;in_as_to_gg.5;0;1600.87;1.03;0.00;31.71;car;;1;7.00
2883.00;23156030#6_0;109.07;7.93;2595.00;4.43;23687583_0;5.10;0.00;tripinfo_in_as_to_od.5;288.00;in_as_to_od.5;0;2357.31;0.81;0.00;26.26;car;;0;0.00
2883.00;28706217_0;94.10;6.52;2667.00;2.81;-230845886_0;5.10;0.00;tripinfo_in_ba_to_sl.20;216.00;in_ba_to_sl.20;0;1934.94;0.92;0.00;20.02;car;;0;0.00
2883.00;41899283#1_0;148.70;9.74;2705.00;0.17;-230845886_0;5.10;0.00;tripinfo_in_ba_to_as.26;178.00;in_ba_to_as.26;0;1430.78;0.89;0.00;32.06;car;;3;3.00
2884.00;23156390_0;1121.44;12.00;2679.00;13.81;23687583_0;5.10;0.00;tripinfo_in_as_to_br.4;205.00;in_as_to_br.4;0;1694.48;1.09;0.00;64.86;car;;2;24.00
2884.00;23527526_0;253.75;9.73;2691.00;0.77;-230845886_0;5.10;0.00;tripinfo_in_ba_to_gj.21;193.00;in_ba_to_gj.21;0;1755.68;0.92;0.00;20.93;car;;0;0.00
2886.00;23527526_0;253.75;10.41;2401.00;19.68;803785575#0_0;5.10;0.00;tripinfo_in_od_to_gj.4;485.00;in_od_to_gj.4;0;2706.99;1.03;0.00;246.65;car;;4;125.00
2887.00;45494495_0;58.90;9.98;2711.00;4.85;-230845886_0;5.10;0.00;tripinfo_in_ba_to_os.25;176.00;in_ba_to_os.25;0;1647.96;0.98;0.00;24.25;car;;1;1.00
2887.00;972103805_0;116.86;8.99;2717.00;0.82;-23142338#2_0;5.10;0.00;tripinfo_in_ns_to_ko.71;170.00;in_ns_to_ko.71;0;1398.55;0.91;0.00;30.60;car;;2;9.00
2889.00;972103805_0;116.86;9.76;2720.00;2.65;-23142338#2_0;5.10;0.00;tripinfo_in_ns_to_ko.72;169.00;in_ns_to_ko.72;0;1398.55;0.95;0.00;36.36;car;;2;7.00
2890.00;230845886_0;633.12;7.45;2416.00;16.97;803785575#0_0;5.10;0.00;tripinfo_in_od_to_ba.16;474.00;in_od_to_ba.16;0;2382.14;0.78;0.00;199.82;car;;7;143.00
2891.00;972103805_0;116.86;9.97;2729.00;3.45;-23142338#2_0;5.10;0.00;tripinfo_in_ns_to_ko.73;162.00;in_ns_to_ko.73;0;1398.55;0.98;0.00;33.30;car;;1;5.00
2891.00;28716808#1_0;754.74;11.32;2763.00;0.78;23687583_0;5.10;0.00;tripinfo_in_as_to_kl.6;128.00;in_as_to_kl.6;0;1207.92;1.02;0.00;20.37;car;;1;2.00
2892.00;230845886_0;633.12;11.83;2727.00;2.46;23687583_0;5.10;0.00;tripinfo_in_as_to_ba.13;165.00;in_as_to_ba.13;0;1356.50;1.07;0.00;49.80;car;;0;0.00
2893.00;28716808#1_0;754.74;11.27;2413.00;17.77;803785575#0_0;5.10;0.00;tripinfo_in_od_to_kl.8;480.00;in_od_to_kl.8;0;2678.40;1.09;0.00;258.52;car;;8;140.00
2893.00;45494495_0;58.90;11.43;2422.00;14.78;803785575#0_0;5.10;0.00;tripinfo_in_od_to_os.26;471.00;in_od_to_os.26;0;969.96;1.11;0.00;391.35;car;;20;245.00
2897.00;23156030#6_0;109.07;10.01;2266.00;0.73;-23142338#2_0;5.10;0.00;tripinfo_in_ns_to_od.1;631.00;in_ns_to_od.1;0;2005.01;1.00;0.00;436.80;car;;6;384.00
2897.00;23156305_0;1264.14;10.18;2715.00;1.74;23687583_0;5.10;0.00;tripinfo_in_as_to_gg.6;182.00;in_as_to_gg.6;0;1600.87;0.94;0.00;27.84;car;;1;5.00
2904.00;972103805_0;116.86;11.12;2735.00;0.05;-23142338#2_0;5.10;0.00;tripinfo_in_ns_to_ko.74;169.00;in_ns_to_ko.74;0;1398.55;1.10;0.00;54.68;car;;1;8.00
2905.00;23142338#2_0;290.21;9.60;2655.00;4.88;23687583_0;5.10;0.00;tripinfo_in_as_to_ns.19;250.00;in_as_to_ns.19;0;1995.73;0.94;0.00;56.04;car;;4;17.00
2906.00;23156305_0;1264.14;10.64;2314.00;12.39;803785575#0_0;5.10;0.00;tripinfo_in_od_to_gg.8;592.00;in_od_to_gg.8;0;3669.96;1.02;0.00;265.81;car;;17;120.00
2908.00;23156305_0;1264.14;10.56;2619.00;0.29;-230845886_0;5.10;0.00;tripinfo_in_ba_to_gg.8;289.00;in_ba_to_gg.8;0;2718.65;1.06;0.00;56.05;car;;0;0.00
2908.00;41899283#1_0;148.70;10.00;2679.00;3.93;-23142338#2_0;5.10;0.00;tripinfo_in_ns_to_as.9;229.00;in_ns_to_as.9;0;2009.37;0.96;0.00;38.51;car;;2;10.00
2909.00;972103805_0;116.86;11.57;2350.00;31.63;803785575#0_0;5.10;0.00;tripinfo_in_od_to_ko.17;559.00;in_od_to_ko.17;0;2307.67;1.05;0.00;349.64;car;;8;209.00
2911.00;45494495_0;58.90;10.06;2566.00;11.11;803785575#0_0;5.10;0.00;tripinfo_in_od_to_os.32;345.00;in_od_to_os.32;0;969.96;1.00;0.00;257.06;car;;17;131.00
2911.00;23527526_0;253.75;8.69;2698.00;1.83;-230845886_0;5.10;0.00;tripinfo_in_ba_to_gj.22;213.00;in_ba_to_gj.22;0;1755.68;0.85;0.00;25.53;car;;1;1.00
2914.00;23527526_0;253.75;11.51;2719.00;0.89;-230845886_0;5.10;0.00;tripinfo_in_ba_to_gj.23;195.00;in_ba_to_gj.23;0;1755.68;1.04;0.00;41.30;car;;1;6.00
2916.00;972103805_0;116.86;9.78;2651.00;0.42;-230845886_0;5.10;0.00;tripinfo_in_ba_to_ko.36;265.00;in_ba_to_ko.36;0;2114.29;0.89;0.00;49.16;car;;2;15.00
2916.00;45494495_0;58.90;11.78;2727.00;2.16;-230845886_0;5.10;0.00;tripinfo_in_ba_to_os.27;189.00;in_ba_to_os.27;0;1647.96;1.11;0.00;55.38;car;;1;2.00
2916.00;23527526_0;253.75;12.91;2844.00;2.88;23687583_0;5.10;0.00;tripinfo_in_as_to_gj.20;72.00;in_as_to_gj.20;0;649.06;1.18;0.00;21.38;car;;1;3.00
2918.00;972103805_0;116.86;11.28;2664.00;0.65;-230845886_0;5.10;0.00;tripinfo_in_ba_to_ko.37;254.00;in_ba_to_ko.37;0;2114.29;1.07;0.00;73.66;car;;2;13.00
2918.00;23156390_0;1121.44;9.91;2733.00;0.88;23687583_0;5.10;0.00;tripinfo_in_as_to_br.5;185.00;in_as_to_br.5;0;1694.48;0.98;0.00;27.86;car;;1;6.00
2918.00;45494495_0;58.90;12.22;2736.00;3.55;23687583_0;5.10;0.00;tripinfo_in_as_to_os.14;182.00;in_as_to_os.14;0;1689.77;1.15;0.00;49.24;car;;1;6.00
2920.00;23142338#2_0;290.21;9.30;2365.00;22.34;803785575#0_0;5.10;0.00;tripinfo_in_od_to_ns.9;555.00;in_od_to_ns.9;0;1928.29;0.92;0.00;353.84;car;;11;225.00
2922.00;23156390_0;1121.44;10.21;2389.00;21.08;803785575#0_0;5.10;0.00;tripinfo_in_od_to_br.7;533.00;in_od_to_br.7;0;3149.31;1.00;0.00;246.12;car;;8;133.00
2924.00;45494495_0;58.90;7.91;2715.00;0.82;-230845886_0;5.10;0.00;tripinfo_in_ba_to_os.26;209.00;in_ba_to_os.26;0;1647.96;0.79;0.00;19.99;car;;0;0.00
2924.00;23156030#6_0;109.07;12.30;2846.00;0.54;-45494495_0;5.10;0.00;tripinfo_in_os_to_od.9;78.00;in_os_to_od.9;0;865.51;1.11;0.00;7.32;car;;0;0.00
2925.00;23142338#2_0;290.21;9.02;2377.00;15.40;803785575#0_0;5.10;0.00;tripinfo_in_od_to_ns.10;548.00;in_od_to_ns.10;0;1928.29;0.88;0.00;337.75;car;;13;208.00
2926.00;45494495_0;58.90;11.63;2757.00;0.44;-230845886_0;5.10;0.00;tripinfo_in_ba_to_os.28;169.00;in_ba_to_os.28;0;1647.96;1.06;0.00;28.55;car;;1;2.00
2927.00;23142338#2_0;290.21;10.35;2664.00;9.37;23687583_0;5.10;0.00;tripinfo_in_as_to_ns.20;263.00;in_as_to_ns.20;0;1995.73;1.03;0.00;86.53;car;;4;32.00
2928.00;972103805_0;116.86;9.30;2772.00;2.29;23687583_0;5.10;0.00;tripinfo_in_as_to_ko.30;156.00;in_as_to_ko.30;0;1102.39;0.86;0.00;39.72;car;;2;20.00
2929.00;230845886_0;633.12;11.47;2795.00;8.95;23687583_0;5.10;0.00;tripinfo_in_as_to_ba.14;134.00;in_as_to_ba.14;0;1356.50;1.09;0.00;22.07;car;;0;0.00
2930.00;972103805_0;116.86;11.41;2789.00;3.39;23687583_0;5.10;0.00;tripinfo_in_as_to_ko.31;141.00;in_as_to_ko.31;0;1102.39;1.05;0.00;45.93;car;;1;16.00
2931.00;23156390_0;1121.44;10.49;2407.00;17.92;803785575#0_0;5.10;0.00;tripinfo_in_od_to_br.8;524.00;in_od_to_br.8;0;3149.31;0.98;0.00;231.43;car;;6;133.00
2933.00;23156305_0;1264.14;10.06;2558.00;0.14;-23142338#2_0;5.10;0.00;tripinfo_in_ns_to_gg.10;375.00;in_ns_to_gg.10;0;3297.24;0.92;0.00;47.21;car;;2;6.00
2933.00;972103805_0;116.86;9.52;2738.00;0.91;-23142338#2_0;5.10;0.00;tripinfo_in_ns_to_ko.75;195.00;in_ns_to_ko.75;0;1398.55;0.89;0.00;53.26;car;;3;20.00
2934.00;41899283#1_0;148.70;11.60;2726.00;0.61;-23142338#2_0;5.10;0.00;tripinfo_in_ns_to_as.10;208.00;in_ns_to_as.10;0;2009.37;1.12;0.00;43.98;car;;2;12.00
2935.00;972103805_0;116.86;10.92;2745.00;5.94;-23142338#2_0;5.10;0.00;tripinfo_in_ns_to_ko.76;190.00;in_ns_to_ko.76;0;1398.55;1.01;0.00;65.06;car;;3;15.00
2935.00;45494495_0;58.90;11.34;2766.00;1.77;23687583_0;5.10;0.00;tripinfo_in_as_to_os.15;169.00;in_as_to_os.15;0;1689.77;1.05;0.00;24.19;car;;0;0.00
2938.00;972103805_0;116.86;8.34;2670.00;3.82;-230845886_0;5.10;0.00;tripinfo_in_ba_to_ko.38;268.00;in_ba_to_ko.38;0;2114.29;0.86;0.00;44.01;car;;2;16.00
2939.00;230845886_0;633.12;11.49;2341.00;28.01;803785575#0_0;5.10;0.00;tripinfo_in_od_to_ba.11;598.00;in_od_to_ba.11;0;2382.14;1.09;0.00;400.27;car;;11;225.00
2939.00;23527526_0;253.75;8.63;2730.00;2.92;-230845886_0;5.10;0.00;tripinfo_in_ba_to_gj.24;209.00;in_ba_to_gj.24;0;1755.68;0.84;0.00;20.35;car;;0;0.00
2939.00;23156030#6_0;109.07;12.14;2860.00;0.03;-45494495_0;5.10;0.00;tripinfo_in_os_to_od.10;79.00;in_os_to_od.10;0;865.51;1.17;0.00;12.09;car;;1;2.00
2940.00;972103805_0;116.86;10.94;2679.00;4.21;-230845886_0;5.10;0.00;tripinfo_in_ba_to_ko.39;261.00;in_ba_to_ko.39;0;2114.29;1.01;0.00;71.05;car;;2;13.00
2941.00;23156305_0;1264.14;9.77;2585.00;0.10;-45494495_0;5.10;0.00;tripinfo_in_os_to_gg.6;356.00;in_os_to_gg.6;0;3034.34;0.94;0.00;61.23;car;;2;3.00
2941.00;23527526_0;253.75;9.79;2735.00;3.64;-230845886_0;5.10;0.00;tripinfo_in_ba_to_gj.25;206.00;in_ba_to_gj.25;0;1755.68;0.94;0.00;36.79;car;;0;0.00
2942.00;41899283#1_0;148.70;11.73;2293.00;12.29;803785575#0_0;5.10;0.00;tripinfo_in_od_to_as.9;649.00;in_od_to_as.9;0;2382.09;1.10;0.00;453.22;car;;23;272.00
2942.00;972103805_0;116.86;10.30;2708.00;2.57;-230845886_0;5.10;0.00;tripinfo_in_ba_to_ko.40;234.00;in_ba_to_ko.40;0;2114.29;1.01;0.00;43.31;car;;1;1.00
2943.00;23527526_0;253.75;12.42;2750.00;0.32;-230845886_0;5.10;0.00;tripinfo_in_ba_to_gj.26;193.00;in_ba_to_gj.26;0;1755.68;1.14;0.00;53.41;car;;2;8.00
2944.00;41899283#1_0;148.70;11.26;2699.00;0.68;-45494495_0;5.10;0.00;tripinfo_in_os_to_as.10;245.00;in_os_to_as.10;0;1746.47;1.11;0.00;101.66;car;;3;27.00
2945.00;972103805_0;116.86;9.68;2754.00;2.01;-23142338#2_0;5.10;0.00;tripinfo_in_ns_to_ko.77;191.00;in_ns_to_ko.77;0;1398.55;0.93;0.00;54.71;car;;4;20.00
2949.00;23142338#2_0;290.21;8.47;2641.00;2.43;-230845886_0;5.10;0.00;tripinfo_in_ba_to_ns.9;308.00;in_ba_to_ns.9;0;2346.36;0.81;0.00;44.03;car;;2;11.00
2950.00;972103805_0;116.86;10.20;2834.00;0.52;23687583_0;5.10;0.00;tripinfo_in_as_to_ko.32;116.00;in_as_to_ko.32;0;1102.39;1.03;0.00;18.89;car;;1;3.00
2951.00;41899283#1_0;148.70;10.37;2506.00;14.37;803785575#0_0;5.10;0.00;tripinfo_in_od_to_as.13;445.00;in_od_to_as.13;0;2382.09;0.93;0.00;214.29;car;;11;101.00
2953.00;23156305_0;1264.14;10.97;2380.00;18.23;803785575#0_0;5.10;0.00;tripinfo_in_od_to_gg.11;573.00;in_od_to_gg.11;0;3669.96;1.01;0.00;242.38;car;;7;122.00
2954.00;45494495_0;58.90;11.20;2629.00;4.25;803785575#0_0;5.10;0.00;tripinfo_in_od_to_os.34;325.00;in_od_to_os.34;0;969.96;1.04;0.00;240.10;car;;15;121.00
2955.00;23527526_0;253.75;9.83;2766.00;3.93;-230845886_0;5.10;0.00;tripinfo_in_ba_to_gj.27;189.00;in_ba_to_gj.27;0;1755.68;0.98;0.00;25.98;car;;0;0.00
2956.00;45494495_0;58.90;11.60;2647.00;10.74;803785575#0_0;5.10;0.00;tripinfo_in_od_to_os.35;309.00;in_od_to_os.35;0;969.96;1.13;0.00;231.08;car;;15;112.00
2956.00;23142338#2_0;290.21;9.39;2686.00;6.02;23687583_0;5.10;0.00;tripinfo_in_as_to_ns.21;270.00;in_as_to_ns.21;0;1995.73;0.89;0.00;64.76;car;;3;25.00
2956.00;972103805_0;116.86;8.66;2758.00;0.97;-23142338#2_0;5.10;0.00;tripinfo_in_ns_to_ko.78;198.00;in_ns_to_ko.78;0;1398.55;0.79;0.00;38.90;car;;3;9.00
2957.00;23527526_0;253.75;11.99;2860.00;10.80;23687583_0;5.10;0.00;tripinfo_in_as_to_gj.21;97.00;in_as_to_gj.21;0;649.06;1.12;0.00;43.89;car;;2;22.00
2961.00;45494495_0;58.90;11.61;2650.00;12.98;803785575#0_0;5.10;0.00;tripinfo_in_od_to_os.36;311.00;in_od_to_os.36;0;969.96;1.14;0.00;234.18;car;;16;119.00
2965.00;230845886_0;633.12;9.31;2509.00;10.59;803785575#0_0;5.10;0.00;tripinfo_in_od_to_ba.19;456.00;in_od_to_ba.19;0;2382.14;0.92;0.00;221.99;car;;10;106.00
2965.00;972103805_0;116.86;9.30;2768.00;0.15;-23142338#2_0;5.10;0.00;tripinfo_in_ns_to_ko.79;197.00;in_ns_to_ko.79;0;1398.55;0.94;0.00;62.08;car;;3;17.00
2966.00;28716808#1_0;754.74;10.04;2709.00;2.12;-23142338#2_0;5.10;0.00;tripinfo_in_ns_to_kl.5;257.00;in_ns_to_kl.5;0;2315.58;0.96;0.00;39.07;car;;2;6.00
2967.00;972103805_0;116.86;8.59;2356.00;28.06;803785575#0_0;5.10;0.00;tripinfo_in_od_to_ko.18;611.00;in_od_to_ko.18;0;2307.67;0.88;0.00;363.65;car;;13;232.00
2967.00;45494495_0;58.90;10.51;2775.00;1.54;23687583_0;5.10;0.00;tripinfo_in_as_to_os.16;192.00;in_as_to_os.16;0;1689.77;0.98;0.00;35.83;car;;2;8.00
2968.00;23142338#2_0;290.21;9.37;2748.00;4.08;23687583_0;5.10;0.00;tripinfo_in_as_to_ns.22;220.00;in_as_to_ns.22;0;1995.73;0.95;0.00;27.57;car;;1;4.00
2968.00;45494495_0;58.90;11.36;2783.00;2.64;23687583_0;5.10;0.00;tripinfo_in_as_to_os.17;185.00;in_as_to_os.17;0;1689.77;1.11;0.00;47.28;car;;1;4.00
2969.00;972103805_0;116.86;11.30;2383.00;20.40;803785575#0_0;5.10;0.00;tripinfo_in_od_to_ko.19;586.00;in_od_to_ko.19;0;2307.67;1.12;0.00;389.59;car;;11;207.00
2970.00;23156390_0;1121.44;11.14;2410.00;14.83;803785575#0_0;5.10;0.00;tripinfo_in_od_to_br.9;560.00;in_od_to_br.9;0;3149.31;1.01;0.00;275.80;car;;16;150.00
2970.00;45494495_0;58.90;12.01;2786.00;1.91;23687583_0;5.10;0.00;tripinfo_in_as_to_os.18;184.00;in_as_to_os.18;0;1689.77;1.08;0.00;42.98;car;;1;3.00
2972.00;23156390_0;1121.44;10.96;2443.00;1.30;803785575#0_0;5.10;0.00;tripinfo_in_od_to_br.12;529.00;in_od_to_br.12;0;3149.31;1.09;0.00;265.62;car;;14;136.00
2972.00;45494495_0;58.90;10.43;2802.00;3.30;-230845886_0;5.10;0.00;tripinfo_in_ba_to_os.29;170.00;in_ba_to_os.29;0;1647.96;1.04;0.00;26.12;car;;1;4.00
2974.00;41899283#1_0;148.70;11.04;2521.00;15.86;803785575#0_0;5.10;0.00;tripinfo_in_od_to_as.14;453.00;in_od_to_as.14;0;2382.09;1.11;0.00;258.83;car;;11;93.00
2982.00;41899283#1_0;148.70;9.73;2751.00;0.02;-23142338#2_0;5.10;0.00;tripinfo_in_ns_to_as.11;231.00;in_ns_to_as.11;0;2009.37;0.94;0.00;36.55;car;;2;6.00
2984.00;41899283#1_0;148.70;12.22;2836.00;0.31;-230845886_0;5.10;0.00;tripinfo_in_ba_to_as.28;148.00;in_ba_to_as.28;0;1430.78;1.18;0.00;38.38;car;;0;0.00
2984.00;972103805_0;116.86;12.09;2854.00;6.03;23687583_0;5.10;0.00;tripinfo_in_as_to_ko.33;130.00;in_as_to_ko.33;0;1102.39;1.10;0.00;38.93;car;;2;20.00
2987.00;972103805_0;116.86;11.57;2392.00;19.90;803785575#0_0;5.10;0.00;tripinfo_in_od_to_ko.20;595.00;in_od_to_ko.20;0;2307.67;1.12;0.00;399.09;car;;14;215.00
2990.00;972103805_0;116.86;11.39;2419.00;16.93;803785575#0_0;5.10;0.00;tripinfo_in_od_to_ko.21;571.00;in_od_to_ko.21;0;2307.67;1.04;0.00;359.65;car;;17;185.00
2994.00;23527526_0;253.75;9.32;2732.00;1.20;-23142338#2_0;5.10;0.00;tripinfo_in_ns_to_gj.3;262.00;in_ns_to_gj.3;0;2084.96;0.94;0.00;60.70;car;;3;24.00
3000.00;23527526_0;253.75;12.54;2741.00;3.77;-23142338#2_0;5.10;0.00;tripinfo_in_ns_to_gj.4;259.00;in_ns_to_gj.4;0;2084.96;1.14;0.00;92.79;car;;4;25.00
3003.00;972103805_0;116.86;10.09;2644.00;0.80;-45494495_0;5.10;0.00;tripinfo_in_os_to_ko.7;359.00;in_os_to_ko.7;0;2045.29;0.98;0.00;159.21;car;;4;117.00
3003.00;41899283#1_0;148.70;8.62;2824.00;0.91;-230845886_0;5.10;0.00;tripinfo_in_ba_to_as.27;179.00;in_ba_to_as.27;0;1430.78;0.80;0.00;16.32;car;;0;0.00
3004.00;23156305_0;1264.14;9.84;2395.00;20.30;803785575#0_0;5.10;0.00;tripinfo_in_od_to_gg.12;609.00;in_od_to_gg.12;0;3669.96;0.96;0.00;263.42;car;;9;159.00
3005.00;41899283#1_0;148.70;10.27;2530.00;11.74;803785575#0_0;5.10;0.00;tripinfo_in_od_to_as.15;475.00;in_od_to_as.15;0;2382.09;0.93;0.00;242.46;car;;11;91.00
3005.00;972103805_0;116.86;12.46;2663.00;0.39;-45494495_0;5.10;0.00;tripinfo_in_os_to_ko.8;342.00;in_os_to_ko.8;0;2045.29;1.16;0.00;172.83;car;;5;106.00
3006.00;45494495_0;58.90;12.38;2837.00;3.09;23687583_0;5.10;0.00;tripinfo_in_as_to_os.19;169.00;in_as_to_os.19;0;1689.77;1.12;0.00;32.71;car;;2;7.00
3007.00;28716808#1_0;754.74;8.71;2302.00;13.05;803785575#0_0;5.10;0.00;tripinfo_in_od_to_kl.6;705.00;in_od_to_kl.6;0;2678.40;0.85;0.00;418.60;car;;16;280.00
3007.00;972103805_0;116.86;11.41;2688.00;0.21;-45494495_0;5.10;0.00;tripinfo_in_os_to_ko.9;319.00;in_os_to_ko.9;0;2045.29;1.07;0.00;136.28;car;;4;83.00
3008.00;23156305_0;1264.14;11.69;2425.00;16.99;803785575#0_0;5.10;0.00;tripinfo_in_od_to_gg.13;583.00;in_od_to_gg.13;0;3669.96;1.09;0.00;278.21;car;;11;137.00
3008.00;230845886_0;633.12;8.65;2794.00;0.34;-45494495_0;5.10;0.00;tripinfo_in_os_to_ba.16;214.00;in_os_to_ba.16;0;1746.52;0.89;0.00;34.77;car;;1;4.00
3009.00;28716808#1_0;754.74;11.31;2726.00;0.41;-45494495_0;5.10;0.00;tripinfo_in_os_to_kl.5;283.00;in_os_to_kl.5;0;2042.78;1.09;0.00;113.72;car;;3;23.00
3010.00;23142338#2_0;290.21;9.12;2760.00;0.94;23687583_0;5.10;0.00;tripinfo_in_as_to_ns.23;250.00;in_as_to_ns.23;0;1995.73;0.84;0.00;34.12;car;;1;5.00
3010.00;230845886_0;633.12;12.44;2804.00;0.55;-45494495_0;5.10;0.00;tripinfo_in_os_to_ba.17;206.00;in_os_to_ba.17;0;1746.52;1.15;0.00;67.87;car;;1;3.00
3010.00;972103805_0;116.86;12.26;2856.00;0.57;-23142338#2_0;5.10;0.00;tripinfo_in_ns_to_ko.80;154.00;in_ns_to_ko.80;0;1398.55;1.11;0.00;40.05;car;;2;10.00
3012.00;23156305_0;1264.14;11.61;2374.00;14.16;803785575#0_0;5.10;0.00;tripinfo_in_od_to_gg.10;638.00;in_od_to_gg.10;0;3669.96;1.09;0.00;333.48;car;;21;170.00
3012.00;23156390_0;1121.44;8.88;2435.00;0.61;803785575#0_0;5.10;0.00;tripinfo_in_od_to_br.11;577.00;in_od_to_br.11;0;3149.31;0.87;0.00;247.12;car;;14;125.00
3014.00;23156390_0;1121.44;11.65;2449.00;6.19;803785575#0_0;5.10;0.00;tripinfo_in_od_to_br.13;565.00;in_od_to_br.13;0;3149.31;1.10;0.00;304.94;car;;14;133.00
3014.00;23527526_0;253.75;12.86;2784.00;0.92;-45494495_0;5.10;0.00;tripinfo_in_os_to_gj.1;230.00;in_os_to_gj.1;0;2071.37;1.19;0.00;72.06;car;;3;17.00
3016.00;23156390_0;1121.44;10.47;2500.00;10.40;803785575#0_0;5.10;0.00;tripinfo_in_od_to_br.17;516.00;in_od_to_br.17;0;3149.31;1.01;0.00;233.70;car;;9;96.00
3019.00;972103805_0;116.86;8.14;2743.00;0.25;-230845886_0;5.10;0.00;tripinfo_in_ba_to_ko.41;276.00;in_ba_to_ko.41;0;2114.29;0.82;0.00;42.25;car;;2;12.00
3020.00;23156030#6_0;109.07;9.91;2769.00;1.79;23687583_0;5.10;0.00;tripinfo_in_as_to_od.7;251.00;in_as_to_od.7;0;2357.31;0.94;0.00;25.45;car;;0;0.00
3021.00;972103805_0;116.86;11.31;2763.00;2.91;-230845886_0;5.10;0.00;tripinfo_in_ba_to_ko.42;258.00;in_ba_to_ko.42;0;2114.29;1.07;0.00;78.17;car;;3;9.00
3022.00;972103805_0;116.86;11.04;2769.00;3.61;-230845886_0;5.10;0.00;tripinfo_in_ba_to_ko.43;253.00;in_ba_to_ko.43;0;2114.29;1.00;0.00;60.31;car;;1;6.00
3025.00;41899283#1_0;148.70;10.59;2815.00;0.30;-23142338#2_0;5.10;0.00;tripinfo_in_ns_to_as.12;210.00;in_ns_to_as.12;0;2009.37;1.03;0.00;32.17;car;;1;6.00
3026.00;972103805_0;116.86;10.86;2875.00;16.19;23687583_0;5.10;0.00;tripinfo_in_as_to_ko.34;151.00;in_as_to_ko.34;0;1102.39;1.00;0.00;51.70;car;;2;26.00
3027.00;23156390_0;1121.44;10.32;2467.00;0.21;803785575#0_0;5.10;0.00;tripinfo_in_od_to_br.15;560.00;in_od_to_br.15;0;3149.31;0.99;0.00;272.58;car;;18;115.00
3027.00;23527526_0;253.75;10.45;2897.00;2.40;23687583_0;5.10;0.00;tripinfo_in_as_to_gj.22;130.00;in_as_to_gj.22;0;649.06;0.96;0.00;68.50;car;;3;35.00
3029.00;28706217_0;94.10;6.65;2297.00;0.05;-23142338#2_0;5.10;0.00;tripinfo_in_ns_to_sl.2;732.00;in_ns_to_sl.2;0;1619.36;0.84;0.00;538.22;car;;10;478.00
3029.00;972103805_0;116.86;10.61;2884.00;6.06;23687583_0;5.10;0.00;tripinfo_in_as_to_ko.35;145.00;in_as_to_ko.35;0;1102.39;1.06;0.00;50.58;car;;2;23.00
3029.00;23156030#6_0;109.07;12.93;2956.00;2.26;-45494495_0;5.10;0.00;tripinfo_in_os_to_od.11;73.00;in_os_to_od.11;0;865.51;1.18;0.00;6.10;car;;0;0.00
3031.00;28706217_0;94.10;9.30;2876.00;5.03;-45494495_0;5.10;0.00;tripinfo_in_os_to_sl.6;155.00;in_os_to_sl.6;0;484.95;1.24;0.00;115.60;car;;2;84.00
3033.00;972103805_0;116.86;11.16;2878.00;0.57;-23142338#2_0;5.10;0.00;tripinfo_in_ns_to_ko.81;155.00;in_ns_to_ko.81;0;1398.55;1.08;0.00;37.29;car;;3;9.00
3034.00;972103805_0;116.86;11.97;2772.00;4.13;-230845886_0;5.10;0.00;tripinfo_in_ba_to_ko.44;262.00;in_ba_to_ko.44;0;2114.29;1.12;0.00;90.39;car;;2;15.00
3035.00;23142338#2_0;290.21;10.77;2813.00;0.39;23687583_0;5.10;0.00;tripinfo_in_as_to_ns.24;222.00;in_as_to_ns.24;0;1995.73;1.04;0.00;47.24;car;;2;22.00
3036.00;41899283#1_0;148.70;11.86;2569.00;10.44;803785575#0_0;5.10;0.00;tripinfo_in_od_to_as.16;467.00;in_od_to_as.16;0;2382.09;1.16;0.00;282.01;car;;13;140.00
3036.00;23156305_0;1264.14;11.88;2777.00;7.13;-230845886_0;5.10;0.00;tripinfo_in_ba_to_gg.9;259.00;in_ba_to_gg.9;0;2718.65;1.11;0.00;35.86;car;;0;0.00
3036.00;45494495_0;58.90;11.06;2851.00;4.57;23687583_0;5.10;0.00;tripinfo_in_as_to_os.20;185.00;in_as_to_os.20;0;1689.77;1.03;0.00;35.63;car;;1;2.00
3037.00;972103805_0;116.86;10.67;2780.00;5.52;-230845886_0;5.10;0.00;tripinfo_in_ba_to_ko.45;257.00;in_ba_to_ko.45;0;2114.29;1.06;0.00;75.30;car;;2;13.00
3037.00;45494495_0;58.90;11.49;2864.00;1.99;-230845886_0;5.10;0.00;tripinfo_in_ba_to_os.30;173.00;in_ba_to_os.30;0;1647.96;1.09;0.00;36.76;car;;1;1.00
3039.00;28706217_0;94.10;5.91;2691.00;0.23;23687583_0;5.10;0.00;tripinfo_in_as_to_sl.23;348.00;in_as_to_sl.23;0;1976.75;0.85;0.00;130.89;car;;3;80.00
3043.00;28706217_0;94.10;6.87;2902.00;2.65;-45494495_0;5.10;0.00;tripinfo_in_os_to_sl.7;141.00;in_os_to_sl.7;0;484.95;0.95;0.00;89.25;car;;3;65.00
3045.00;28706217_0;94.10;8.64;2751.00;3.76;23687583_0;5.10;0.00;tripinfo_in_as_to_sl.24;294.00;in_as_to_sl.24;0;1976.75;1.04;0.00;117.49;car;;3;64.00
3046.00;23527526_0;253.75;11.21;2879.00;0.58;-230845886_0;5.10;0.00;tripinfo_in_ba_to_gj.28;167.00;in_ba_to_gj.28;0;1755.68;1.07;0.00;17.99;car;;0;0.00
3047.00;28706217_0;94.10;7.77;2760.00;1.10;-230845886_0;5.10;0.00;tripinfo_in_ba_to_sl.21;287.00;in_ba_to_sl.21;0;1934.94;0.97;0.00;101.06;car;;3;59.00
3047.00;45494495_0;58.90;11.05;2887.00;0.07;-230845886_0;5.10;0.00;tripinfo_in_ba_to_os.31;160.00;in_ba_to_os.31;0;1647.96;1.02;0.00;13.03;car;;0;0.00
3047.00;972103805_0;116.86;10.11;2898.00;0.56;-23142338#2_0;5.10;0.00;tripinfo_in_ns_to_ko.82;149.00;in_ns_to_ko.82;0;1398.55;0.95;0.00;15.28;car;;0;0.00
3053.00;972103805_0;116.86;11.88;2891.00;0.92;23687583_0;5.10;0.00;tripinfo_in_as_to_ko.36;162.00;in_as_to_ko.36;0;1102.39;1.09;0.00;70.47;car;;3;35.00
3053.00;28706217_0;94.10;7.00;2927.00;0.95;-45494495_0;5.10;0.00;tripinfo_in_os_to_sl.8;126.00;in_os_to_sl.8;0;484.95;0.99;0.00;75.89;car;;3;50.00
3054.00;230845886_0;633.12;8.10;2866.00;9.25;23687583_0;5.10;0.00;tripinfo_in_as_to_ba.15;188.00;in_as_to_ba.15;0;1356.50;0.83;0.00;41.19;car;;1;18.00
3056.00;230845886_0;633.12;9.95;2771.00;0.26;-23142338#2_0;5.10;0.00;tripinfo_in_ns_to_ba.3;285.00;in_ns_to_ba.3;0;2340.42;0.91;0.00;54.77;car;;4;14.00
3056.00;41899283#1_0;148.70;12.13;2900.00;0.10;-230845886_0;5.10;0.00;tripinfo_in_ba_to_as.29;156.00;in_ba_to_as.29;0;1430.78;1.13;0.00;41.24;car;;1;10.00
3058.00;230845886_0;633.12;12.53;2560.00;18.34;803785575#0_0;5.10;0.00;tripinfo_in_od_to_ba.20;498.00;in_od_to_ba.20;0;2382.14;1.20;0.00;318.40;car;;17;140.00
3058.00;23142338#2_0;290.21;10.80;2848.00;4.51;23687583_0;5.10;0.00;tripinfo_in_as_to_ns.25;210.00;in_as_to_ns.25;0;1995.73;1.04;0.00;35.87;car;;2;4.00
3058.00;23527526_0;253.75;10.77;2937.00;7.07;23687583_0;5.10;0.00;tripinfo_in_as_to_gj.23;121.00;in_as_to_gj.23;0;649.06;1.09;0.00;66.42;car;;3;31.00
3058.00;28706217_0;94.10;6.40;2942.00;0.40;-45494495_0;5.10;0.00;tripinfo_in_os_to_sl.9;116.00;in_os_to_sl.9;0;484.95;0.92;0.00;63.19;car;;3;35.00
3059.00;972103805_0;116.86;8.35;2789.00;2.39;-230845886_0;5.10;0.00;tripinfo_in_ba_to_ko.46;270.00;in_ba_to_ko.46;0;2114.29;0.86;0.00;47.36;car;;3;12.00
3061.00;972103805_0;116.86;11.21;2792.00;3.73;-230845886_0;5.10;0.00;tripinfo_in_ba_to_ko.47;269.00;in_ba_to_ko.47;0;2114.29;1.03;0.00;81.46;car;;2;10.00
3062.00;28706217_0;94.10;7.11;2792.00;6.08;23687583_0;5.10;0.00;tripinfo_in_as_to_sl.25;270.00;in_as_to_sl.25;0;1976.75;0.97;0.00;80.73;car;;4;33.00
3062.00;23527526_0;253.75;11.97;2892.00;0.80;-230845886_0;5.10;0.00;tripinfo_in_ba_to_gj.29;170.00;in_ba_to_gj.29;0;1755.68;1.10;0.00;25.23;car;;1;4.00
3063.00;972103805_0;116.86;9.67;2808.00;0.81;-230845886_0;5.10;0.00;tripinfo_in_ba_to_ko.48;255.00;in_ba_to_ko.48;0;2114.29;0.93;0.00;48.73;car;;2;7.00
3065.00;972103805_0;116.86;11.14;2801.00;1.47;-45494495_0;5.10;0.00;tripinfo_in_os_to_ko.10;264.00;in_os_to_ko.10;0;2045.29;1.05;0.00;76.93;car;;3;38.00
3066.00;23527526_0;253.75;10.86;2551.00;18.72;803785575#0_0;5.10;0.00;tripinfo_in_od_to_gj.6;515.00;in_od_to_gj.6;0;2706.99;1.08;0.00;288.80;car;;18;152.00
3067.00;972103805_0;116.86;10.46;2440.00;0.98;803785575#0_0;5.10;0.00;tripinfo_in_od_to_ko.22;627.00;in_od_to_ko.22;0;2307.67;0.99;0.00;404.96;car;;16;249.00
3069.00;972103805_0;116.86;11.64;2920.00;1.40;-23142338#2_0;5.10;0.00;tripinfo_in_ns_to_ko.83;149.00;in_ns_to_ko.83;0;1398.55;1.06;0.00;30.33;car;;1;7.00
3070.00;28706217_0;94.10;5.73;2798.00;4.93;23687583_0;5.10;0.00;tripinfo_in_as_to_sl.26;272.00;in_as_to_sl.26;0;1976.75;0.80;0.00;43.14;car;;2;3.00
3071.00;23156030#6_0;109.07;10.72;2823.00;0.26;23687583_0;5.10;0.00;tripinfo_in_as_to_od.8;248.00;in_as_to_od.8;0;2357.31;1.02;0.00;39.70;car;;0;0.00
3071.00;230845886_0;633.12;10.47;2869.00;11.78;23687583_0;5.10;0.00;tripinfo_in_as_to_ba.16;202.00;in_as_to_ba.16;0;1356.50;0.96;0.00;74.50;car;;3;27.00
3072.00;23156390_0;1121.44;11.06;2732.00;5.35;-45494495_0;5.10;0.00;tripinfo_in_os_to_br.6;340.00;in_os_to_br.6;0;2513.69;1.01;0.00;114.08;car;;3;23.00
3072.00;28706217_0;94.10;8.33;2802.00;8.53;23687583_0;5.10;0.00;tripinfo_in_as_to_sl.27;270.00;in_as_to_sl.27;0;1976.75;1.02;0.00;90.83;car;;3;13.00
3072.00;972103805_0;116.86;10.58;2927.00;3.97;-23142338#2_0;5.10;0.00;tripinfo_in_ns_to_ko.84;145.00;in_ns_to_ko.84;0;1398.55;0.99;0.00;17.75;car;;0;0.00
3076.00;28706217_0;94.10;7.00;2488.00;0.57;-23142338#2_0;5.10;0.00;tripinfo_in_ns_to_sl.3;588.00;in_ns_to_sl.3;0;1619.36;0.92;0.00;411.30;car;;6;359.00
3076.00;972103805_0;116.86;9.93;2811.00;0.55;-230845886_0;5.10;0.00;tripinfo_in_ba_to_ko.49;265.00;in_ba_to_ko.49;0;2114.29;0.90;0.00;51.17;car;;2;11.00
3077.00;23527526_0;253.75;9.34;2895.00;2.62;-230845886_0;5.10;0.00;tripinfo_in_ba_to_gj.30;182.00;in_ba_to_gj.30;0;1755.68;0.95;0.00;15.17;car;;0;0.00
3078.00;23156390_0;1121.44;11.17;2785.00;0.15;-23142338#2_0;5.10;0.00;tripinfo_in_ns_to_br.0;293.00;in_ns_to_br.0;0;2792.05;1.01;0.00;41.76;car;;1;6.00
3078.00;972103805_0;116.86;12.09;2839.00;1.54;-230845886_0;5.10;0.00;tripinfo_in_ba_to_ko.50;239.00;in_ba_to_ko.50;0;2114.29;1.14;0.00;70.52;car;;3;14.00
3079.00;45494495_0;58.90;12.28;2920.00;2.29;-230845886_0;5.10;0.00;tripinfo_in_ba_to_os.32;159.00;in_ba_to_os.32;0;1647.96;1.12;0.00;26.01;car;;0;0.00
3080.00;23156390_0;1121.44;11.42;2792.00;0.43;-23142338#2_0;5.10;0.00;tripinfo_in_ns_to_br.1;288.00;in_ns_to_br.1;0;2792.05;1.06;0.00;48.94;car;;1;6.00
3080.00;230845886_0;633.12;9.02;2881.00;4.48;23687583_0;5.10;0.00;tripinfo_in_as_to_ba.17;199.00;in_as_to_ba.17;0;1356.50;0.90;0.00;63.14;car;;3;23.00
3083.00;972103805_0;116.86;11.82;2933.00;1.50;-23142338#2_0;5.10;0.00;tripinfo_in_ns_to_ko.85;150.00;in_ns_to_ko.85;0;1398.55;1.15;0.00;39.43;car;;1;8.00
3085.00;23527526_0;253.75;11.08;2866.00;0.56;-23142338#2_0;5.10;0.00;tripinfo_in_ns_to_gj.5;219.00;in_ns_to_gj.5;0;2084.96;1.08;0.00;44.00;car;;2;9.00
3086.00;41899283#1_0;148.70;10.08;2873.00;3.33;-45494495_0;5.10;0.00;tripinfo_in_os_to_as.11;213.00;in_os_to_as.11;0;1746.47;0.98;0.00;52.32;car;;1;3.00
3088.00;41899283#1_0;148.70;11.96;2926.00;0.46;-230845886_0;5.10;0.00;tripinfo_in_ba_to_as.30;162.00;in_ba_to_as.30;0;1430.78;1.11;0.00;45.48;car;;2;6.00
3089.00;972103805_0;116.86;9.66;2936.00;3.83;-23142338#2_0;5.10;0.00;tripinfo_in_ns_to_ko.86;153.00;in_ns_to_ko.86;0;1398.55;0.94;0.00;18.82;car;;2;2.00
3089.00;23527526_0;253.75;10.29;2960.00;11.88;23687583_0;5.10;0.00;tripinfo_in_as_to_gj.24;129.00;in_as_to_gj.24;0;649.06;0.96;0.00;67.82;car;;3;27.00
3091.00;23527526_0;253.75;10.80;2906.00;0.57;-230845886_0;5.10;0.00;tripinfo_in_ba_to_gj.31;185.00;in_ba_to_gj.31;0;1755.68;1.02;0.00;29.95;car;;2;3.00
3091.00;972103805_0;116.86;10.73;2939.00;1.15;-23142338#2_0;5.10;0.00;tripinfo_in_ns_to_ko.87;152.00;in_ns_to_ko.87;0;1398.55;1.04;0.00;30.22;car;;0;0.00
3093.00;23156390_0;1121.44;11.10;2762.00;0.77;-45494495_0;5.10;0.00;tripinfo_in_os_to_br.7;331.00;in_os_to_br.7;0;2513.69;1.04;0.00;109.89;car;;5;35.00
3095.00;230845886_0;633.12;8.40;2887.00;6.12;23687583_0;5.10;0.00;tripinfo_in_as_to_ba.18;208.00;in_as_to_ba.18;0;1356.50;0.83;0.00;61.03;car;;3;26.00
3096.00;972103805_0;116.86;9.05;2934.00;8.00;23687583_0;5.10;0.00;tripinfo_in_as_to_ko.37;162.00;in_as_to_ko.37;0;1102.39;0.91;0.00;52.12;car;;2;19.00
3096.00;23527526_0;253.75;10.13;2963.00;7.86;23687583_0;5.10;0.00;tripinfo_in_as_to_gj.25;133.00;in_as_to_gj.25;0;649.06;0.95;0.00;69.74;car;;5;32.00
3098.00;972103805_0;116.86;11.21;2470.00;0.69;803785575#0_0;5.10;0.00;tripinfo_in_od_to_ko.23;628.00;in_od_to_ko.23;0;2307.67;1.03;0.00;414.50;car;;13;234.00
3098.00;23142338#2_0;290.21;11.23;2872.00;14.23;23687583_0;5.10;0.00;tripinfo_in_as_to_ns.26;226.00;in_as_to_ns.26;0;1995.73;1.03;0.00;49.40;car;;1;16.00
3098.00;23527526_0;253.75;10.91;2998.00;30.42;23687583_0;5.10;0.00;tripinfo_in_as_to_gj.26;100.00;in_as_to_gj.26;0;649.06;1.10;0.00;46.39;car;;3;10.00
3099.00;23156305_0;1264.14;10.41;2512.00;10.40;803785575#0_0;5.10;0.00;tripinfo_in_od_to_gg.16;587.00;in_od_to_gg.16;0;3669.96;0.98;0.00;247.39;car;;10;104.00
3100.00;23142338#2_0;290.21;13.11;2818.00;0.49;-230845886_0;5.10;0.00;tripinfo_in_ba_to_ns.10;282.00;in_ba_to_ns.10;0;2346.36;1.23;0.00;109.76;car;;2;48.00
3101.00;23156305_0;1264.14;12.48;2718.00;0.21;-45494495_0;5.10;0.00;tripinfo_in_os_to_gg.7;383.00;in_os_to_gg.7;0;3034.34;1.21;0.00;155.41;car;;4;28.00
3102.00;972103805_0;116.86;8.78;2854.00;0.26;-230845886_0;5.10;0.00;tripinfo_in_ba_to_ko.51;248.00;in_ba_to_ko.51;0;2114.29;0.90;0.00;34.78;car;;2;8.00
3104.00;23142338#2_0;290.21;10.57;2861.00;0.35;-230845886_0;5.10;0.00;tripinfo_in_ba_to_ns.11;243.00;in_ba_to_ns.11;0;2346.36;1.04;0.00;37.92;car;;2;6.00
3104.00;972103805_0;116.86;10.30;2869.00;0.65;-230845886_0;5.10;0.00;tripinfo_in_ba_to_ko.52;235.00;in_ba_to_ko.52;0;2114.29;0.97;0.00;36.03;car;;1;2.00
3107.00;972103805_0;116.86;11.61;2841.00;0.04;-45494495_0;5.10;0.00;tripinfo_in_os_to_ko.11;266.00;in_os_to_ko.11;0;2045.29;1.14;0.00;93.18;car;;3;41.00
3108.00;23156390_0;1121.44;11.50;2563.00;11.69;803785575#0_0;5.10;0.00;tripinfo_in_od_to_br.19;545.00;in_od_to_br.19;0;3149.31;1.07;0.00;277.96;car;;17;124.00
3110.00;23156305_0;1264.14;10.25;2729.00;2.80;-45494495_0;5.10;0.00;tripinfo_in_os_to_gg.8;381.00;in_os_to_gg.8;0;3034.34;0.96;0.00;95.34;car;;3;21.00
3111.00;972103805_0;116.86;11.00;2947.00;0.56;-23142338#2_0;5.10;0.00;tripinfo_in_ns_to_ko.88;164.00;in_ns_to_ko.88;0;1398.55;1.03;0.00;41.11;car;;2;15.00
3112.00;28716808#1_0;754.74;9.93;2587.00;18.49;803785575#0_0;5.10;0.00;tripinfo_in_od_to_kl.10;525.00;in_od_to_kl.10;0;2678.40;0.98;0.00;277.26;car;;17;113.00
3113.00;972103805_0;116.86;11.33;2950.00;2.19;-23142338#2_0;5.10;0.00;tripinfo_in_ns_to_ko.89;163.00;in_ns_to_ko.89;0;1398.55;1.12;0.00;49.41;car;;2;13.00
3115.00;41899283#1_0;148.70;7.97;2932.00;5.28;-230845886_0;5.10;0.00;tripinfo_in_ba_to_as.31;183.00;in_ba_to_as.31;0;1430.78;0.78;0.00;16.55;car;;0;0.00
3116.00;972103805_0;116.86;10.57;2953.00;4.17;-23142338#2_0;5.10;0.00;tripinfo_in_ns_to_ko.90;163.00;in_ns_to_ko.90;0;1398.55;1.03;0.00;40.34;car;;2;9.00
3118.00;972103805_0;116.86;10.34;2948.00;3.61;23687583_0;5.10;0.00;tripinfo_in_as_to_ko.38;170.00;in_as_to_ko.38;0;1102.39;1.05;0.00;74.98;car;;3;32.00
3120.00;972103805_0;116.86;11.84;2956.00;8.94;23687583_0;5.10;0.00;tripinfo_in_as_to_ko.39;164.00;in_as_to_ko.39;0;1102.39;1.18;0.00;79.07;car;;3;29.00
3121.00;23156030#6_0;109.07;8.77;2841.00;0.88;23687583_0;5.10;0.00;tripinfo_in_as_to_od.9;280.00;in_as_to_od.9;0;2357.31;0.88;0.00;38.13;car;;2;8.00
3121.00;23527526_0;253.75;10.65;2891.00;0.42;-23142338#2_0;5.10;0.00;tripinfo_in_ns_to_gj.6;230.00;in_ns_to_gj.6;0;2084.96;0.97;0.00;35.06;car;;2;10.00
3123.00;972103805_0;116.86;12.49;2911.00;0.31;-230845886_0;5.10;0.00;tripinfo_in_ba_to_ko.53;212.00;in_ba_to_ko.53;0;2114.29;1.12;0.00;41.22;car;;3;4.00
3126.00;972103805_0;116.86;12.64;2957.00;0.68;-23142338#2_0;5.10;0.00;tripinfo_in_ns_to_ko.91;169.00;in_ns_to_ko.91;0;1398.55;1.24;0.00;67.25;car;;3;16.00
3127.00;41899283#1_0;148.70;10.65;2902.00;0.96;-23142338#2_0;5.10;0.00;tripinfo_in_ns_to_as.13;225.00;in_ns_to_as.13;0;2009.37;1.00;0.00;42.91;car;;2;12.00
3131.00;972103805_0;116.86;10.44;2960.00;0.75;-23142338#2_0;5.10;0.00;tripinfo_in_ns_to_ko.92;171.00;in_ns_to_ko.92;0;1398.55;0.94;0.00;37.53;car;;2;10.00
3132.00;23156305_0;1264.14;9.45;2524.00;14.80;803785575#0_0;5.10;0.00;tripinfo_in_od_to_gg.17;608.00;in_od_to_gg.17;0;3669.96;0.93;0.00;249.24;car;;11;96.00
3132.00;28716808#1_0;754.74;10.54;2935.00;6.81;-230845886_0;5.10;0.00;tripinfo_in_ba_to_kl.2;197.00;in_ba_to_kl.2;0;1727.09;0.95;0.00;33.11;car;;0;0.00
3133.00;230845886_0;633.12;9.20;2908.00;1.05;23687583_0;5.10;0.00;tripinfo_in_as_to_ba.19;225.00;in_as_to_ba.19;0;1356.50;0.84;0.00;79.00;car;;4;35.00
3133.00;972103805_0;116.86;10.06;2963.00;2.30;-23142338#2_0;5.10;0.00;tripinfo_in_ns_to_ko.93;170.00;in_ns_to_ko.93;0;1398.55;1.02;0.00;46.56;car;;2;9.00
3134.00;23156390_0;1121.44;10.15;2903.00;0.61;23687583_0;5.10;0.00;tripinfo_in_as_to_br.6;231.00;in_as_to_br.6;0;1694.48;0.99;0.00;76.82;car;;3;31.00
3134.00;23156305_0;1264.14;11.41;2922.00;1.03;23687583_0;5.10;0.00;tripinfo_in_as_to_gg.7;212.00;in_as_to_gg.7;0;1600.87;1.03;0.00;71.83;car;;2;22.00
3135.00;230845886_0;633.12;8.72;2919.00;0.94;23687583_0;5.10;0.00;tripinfo_in_as_to_ba.20;216.00;in_as_to_ba.20;0;1356.50;0.88;0.00;76.08;car;;3;29.00
3135.00;972103805_0;116.86;11.71;2974.00;1.20;-23142338#2_0;5.10;0.00;tripinfo_in_ns_to_ko.94;161.00;in_ns_to_ko.94;0;1398.55;1.09;0.00;45.25;car;;2;7.00
3135.00;23527526_0;253.75;9.15;3019.00;26.42;23687583_0;5.10;0.00;tripinfo_in_as_to_gj.27;116.00;in_as_to_gj.27;0;649.06;0.87;0.00;47.33;car;;2;9.00
3136.00;23156305_0;1264.14;11.32;2527.00;16.33;803785575#0_0;5.10;0.00;tripinfo_in_od_to_gg.18;609.00;in_od_to_gg.18;0;3669.96;1.05;0.00;292.33;car;;14;168.00
3136.00;23156390_0;1121.44;10.82;2590.00;20.10;803785575#0_0;5.10;0.00;tripinfo_in_od_to_br.20;546.00;in_od_to_br.20;0;3149.31;1.02;0.00;265.87;car;;19;96.00
3136.00;45494495_0;58.90;7.11;2863.00;8.50;23687583_0;5.10;0.00;tripinfo_in_as_to_os.21;273.00;in_as_to_os.21;0;1689.77;0.74;0.00;65.86;car;;4;30.00
3137.00;230845886_0;633.12;11.60;2626.00;13.93;803785575#0_0;5.10;0.00;tripinfo_in_od_to_ba.23;511.00;in_od_to_ba.23;0;2382.14;1.08;0.00;311.35;car;;18;129.00
3138.00;45494495_0;58.90;8.63;2929.00;2.61;-230845886_0;5.10;0.00;tripinfo_in_ba_to_os.33;209.00;in_ba_to_os.33;0;1647.96;0.86;0.00;34.86;car;;1;1.00
3139.00;45494495_0;58.90;10.92;2900.00;2.19;23687583_0;5.10;0.00;tripinfo_in_as_to_os.22;239.00;in_as_to_os.22;0;1689.77;1.03;0.00;91.03;car;;3;33.00
3140.00;23527526_0;253.75;9.77;3034.00;28.51;23687583_0;5.10;0.00;tripinfo_in_as_to_gj.28;106.00;in_as_to_gj.28;0;649.06;0.92;0.00;41.18;car;;1;4.00
3142.00;23527526_0;253.75;11.70;3037.00;28.87;23687583_0;5.10;0.00;tripinfo_in_as_to_gj.29;105.00;in_as_to_gj.29;0;649.06;1.06;0.00;48.50;car;;1;4.00
3143.00;45494495_0;58.90;11.70;2737.00;35.78;803785575#0_0;5.10;0.00;tripinfo_in_od_to_os.38;406.00;in_od_to_os.38;0;969.96;1.08;0.00;324.64;car;;19;166.00
3145.00;23156305_0;1264.14;10.09;2353.00;30.74;803785575#0_0;5.10;0.00;tripinfo_in_od_to_gg.9;792.00;in_od_to_gg.9;0;3669.96;1.02;0.00;464.87;car;;13;320.00
3146.00;230845886_0;633.12;8.28;2605.00;19.33;803785575#0_0;5.10;0.00;tripinfo_in_od_to_ba.21;541.00;in_od_to_ba.21;0;2382.14;0.82;0.00;278.79;car;;21;138.00
3147.00;23156305_0;1264.14;11.94;2557.00;15.36;803785575#0_0;5.10;0.00;tripinfo_in_od_to_gg.22;590.00;in_od_to_gg.22;0;3669.96;1.14;0.00;298.10;car;;12;142.00
3148.00;23156305_0;1264.14;12.57;2542.00;11.34;803785575#0_0;5.10;0.00;tripinfo_in_od_to_gg.20;606.00;in_od_to_gg.20;0;3669.96;1.19;0.00;325.68;car;;13;171.00
3148.00;230845886_0;633.12;11.51;2623.00;14.30;803785575#0_0;5.10;0.00;tripinfo_in_od_to_ba.22;525.00;in_od_to_ba.22;0;2382.14;1.05;0.00;318.82;car;;23;129.00
3150.00;23527526_0;253.75;10.24;2945.00;14.55;-230845886_0;5.10;0.00;tripinfo_in_ba_to_gj.32;205.00;in_ba_to_gj.32;0;1755.68;0.99;0.00;43.91;car;;2;2.00
3150.00;230845886_0;633.12;9.57;2945.00;5.68;23687583_0;5.10;0.00;tripinfo_in_as_to_ba.21;205.00;in_as_to_ba.21;0;1356.50;0.95;0.00;75.80;car;;2;24.00
3150.00;972103805_0;116.86;9.18;2985.00;5.10;-23142338#2_0;5.10;0.00;tripinfo_in_ns_to_ko.95;165.00;in_ns_to_ko.95;0;1398.55;0.88;0.00;21.90;car;;1;4.00
3152.00;23527526_0;253.75;11.87;2942.00;2.84;-23142338#2_0;5.10;0.00;tripinfo_in_ns_to_gj.7;210.00;in_ns_to_gj.7;0;2084.96;1.17;0.00;49.25;car;;0;0.00
3155.00;41899283#1_0;148.70;10.06;2659.00;19.56;803785575#0_0;5.10;0.00;tripinfo_in_od_to_as.19;496.00;in_od_to_as.19;0;2382.09;0.97;0.00;273.00;car;;16;120.00
3157.00;23527526_0;253.75;12.63;2951.00;19.93;-230845886_0;5.10;0.00;tripinfo_in_ba_to_gj.33;206.00;in_ba_to_gj.33;0;1755.68;1.15;0.00;67.58;car;;1;10.00
3163.00;23527526_0;253.75;11.73;2918.00;0.73;-45494495_0;5.10;0.00;tripinfo_in_os_to_gj.2;245.00;in_os_to_gj.2;0;2071.37;1.08;0.00;70.67;car;;3;21.00
3169.00;972103805_0;116.86;9.92;3014.00;2.51;-23142338#2_0;5.10;0.00;tripinfo_in_ns_to_ko.96;155.00;in_ns_to_ko.96;0;1398.55;0.95;0.00;21.85;car;;1;5.00
3170.00;28706217_0;94.10;8.75;3037.00;4.12;-45494495_0;5.10;0.00;tripinfo_in_os_to_sl.10;133.00;in_os_to_sl.10;0;484.95;1.08;0.00;87.49;car;;4;64.00
3171.00;972103805_0;116.86;11.27;3017.00;4.07;-23142338#2_0;5.10;0.00;tripinfo_in_ns_to_ko.97;154.00;in_ns_to_ko.97;0;1398.55;1.10;0.00;39.14;car;;1;10.00
3174.00;45494495_0;58.90;8.33;2572.00;13.33;803785575#0_0;5.10;0.00;tripinfo_in_od_to_os.33;602.00;in_od_to_os.33;0;969.96;0.83;0.00;495.77;car;;24;310.00
3174.00;28716808#1_0;754.74;11.48;2608.00;18.95;803785575#0_0;5.10;0.00;tripinfo_in_od_to_kl.11;566.00;in_od_to_kl.11;0;2678.40;1.03;0.00;331.04;car;;18;153.00
3175.00;23527526_0;253.75;10.00;3056.00;39.12;23687583_0;5.10;0.00;tripinfo_in_as_to_gj.30;119.00;in_as_to_gj.30;0;649.06;0.92;0.00;54.47;car;;2;26.00
3176.00;23156390_0;1121.44;10.79;2602.00;16.33;803785575#0_0;5.10;0.00;tripinfo_in_od_to_br.21;574.00;in_od_to_br.21;0;3149.31;0.98;0.00;282.81;car;;19;111.00
3176.00;45494495_0;58.90;10.41;2710.00;30.42;803785575#0_0;5.10;0.00;tripinfo_in_od_to_os.37;466.00;in_od_to_os.37;0;969.96;1.00;0.00;377.97;car;;23;202.00
3177.00;972103805_0;116.86;11.84;3016.00;23.96;23687583_0;5.10;0.00;tripinfo_in_as_to_ko.40;161.00;in_as_to_ko.40;0;1102.39;1.12;0.00;72.45;car;;3;24.00
3178.00;45494495_0;58.90;10.62;2782.00;31.54;803785575#0_0;5.10;0.00;tripinfo_in_od_to_os.40;396.00;in_od_to_os.40;0;969.96;0.96;0.00;304.00;car;;18;162.00
3180.00;23156305_0;1264.14;10.83;2578.00;17.89;803785575#0_0;5.10;0.00;tripinfo_in_od_to_gg.24;602.00;in_od_to_gg.24;0;3669.96;1.01;0.00;272.36;car;;16;121.00
3182.00;23156305_0;1264.14;11.87;2966.00;7.77;23687583_0;5.10;0.00;tripinfo_in_as_to_gg.8;216.00;in_as_to_gg.8;0;1600.87;1.13;0.00;87.68;car;;4;29.00
3185.00;23142338#2_0;290.21;10.35;2911.00;2.45;23687583_0;5.10;0.00;tripinfo_in_as_to_ns.27;274.00;in_as_to_ns.27;0;1995.73;0.96;0.00;83.98;car;;3;26.00
3185.00;972103805_0;116.86;10.44;2939.00;9.56;-230845886_0;5.10;0.00;tripinfo_in_ba_to_ko.54;246.00;in_ba_to_ko.54;0;2114.29;1.00;0.00;53.48;car;;1;8.00
3186.00;230845886_0;633.12;9.24;2959.00;4.88;-45494495_0;5.10;0.00;tripinfo_in_os_to_ba.18;227.00;in_os_to_ba.18;0;1746.52;0.88;0.00;47.71;car;;3;8.00
3189.00;972103805_0;116.86;9.62;3023.00;9.57;-23142338#2_0;5.10;0.00;tripinfo_in_ns_to_ko.98;166.00;in_ns_to_ko.98;0;1398.55;0.98;0.00;36.81;car;;2;16.00
3191.00;972103805_0;116.86;10.07;3028.00;0.71;-23142338#2_0;5.10;0.00;tripinfo_in_ns_to_ko.99;163.00;in_ns_to_ko.99;0;1398.55;0.99;0.00;35.58;car;;2;12.00
3191.00;23527526_0;253.75;9.95;3078.00;42.68;23687583_0;5.10;0.00;tripinfo_in_as_to_gj.31;113.00;in_as_to_gj.31;0;649.06;0.99;0.00;52.96;car;;2;18.00
3193.00;972103805_0;116.86;11.65;2863.00;2.64;-45494495_0;5.10;0.00;tripinfo_in_os_to_ko.12;330.00;in_os_to_ko.12;0;2045.29;1.09;0.00;150.82;car;;6;103.00
3193.00;28716808#1_0;754.74;10.82;3051.00;35.15;23687583_0;5.10;0.00;tripinfo_in_as_to_kl.7;142.00;in_as_to_kl.7;0;1207.92;1.08;0.00;40.67;car;;2;5.00
3195.00;972103805_0;116.86;11.37;2870.00;0.39;-45494495_0;5.10;0.00;tripinfo_in_os_to_ko.13;325.00;in_os_to_ko.13;0;2045.29;1.11;0.00;147.78;car;;5;96.00
3200.00;23142338#2_0;290.21;12.49;2957.00;1.63;-230845886_0;5.10;0.00;tripinfo_in_ba_to_ns.12;243.00;in_ba_to_ns.12;0;2346.36;1.13;0.00;54.30;car;;1;6.00
3201.00;972103805_0;116.86;9.79;2948.00;17.20;-230845886_0;5.10;0.00;tripinfo_in_ba_to_ko.55;253.00;in_ba_to_ko.55;0;2114.29;0.99;0.00;59.37;car;;2;6.00
3201.00;23156030#6_0;109.07;11.26;3123.00;0.31;-45494495_0;5.10;0.00;tripinfo_in_os_to_od.12;78.00;in_os_to_od.12;0;865.51;1.10;0.00;6.83;car;;0;0.00
3203.00;23156390_0;1121.44;9.67;2954.00;15.40;-230845886_0;5.10;0.00;tripinfo_in_ba_to_br.0;249.00;in_ba_to_br.0;0;2198.00;0.96;0.00;40.86;car;;2;2.00
3203.00;41899283#1_0;148.70;10.53;3042.00;2.51;-230845886_0;5.10;0.00;tripinfo_in_ba_to_as.32;161.00;in_ba_to_as.32;0;1430.78;0.97;0.00;26.92;car;;1;2.00
3205.00;23156390_0;1121.44;11.61;2972.00;11.27;23687583_0;5.10;0.00;tripinfo_in_as_to_br.7;233.00;in_as_to_br.7;0;1694.48;1.06;0.00;87.17;car;;4;32.00
3209.00;41899283#1_0;148.70;10.85;2979.00;0.45;-23142338#2_0;5.10;0.00;tripinfo_in_ns_to_as.14;230.00;in_ns_to_as.14;0;2009.37;1.01;0.00;49.48;car;;2;5.00
3209.00;972103805_0;116.86;10.33;3032.00;0.86;-23142338#2_0;5.10;0.00;tripinfo_in_ns_to_ko.100;177.00;in_ns_to_ko.100;0;1398.55;0.94;0.00;42.89;car;;2;16.00
3212.00;28716808#1_0;754.74;9.21;2632.00;5.19;803785575#0_0;5.10;0.00;tripinfo_in_od_to_kl.12;580.00;in_od_to_kl.12;0;2678.40;0.88;0.00;305.83;car;;23;133.00
3213.00;28716808#1_0;754.74;10.74;2479.00;7.25;803785575#0_0;5.10;0.00;tripinfo_in_od_to_kl.9;734.00;in_od_to_kl.9;0;2678.40;1.07;0.00;508.05;car;;22;265.00
3213.00;28706217_0;94.10;6.78;2857.00;8.78;23687583_0;5.10;0.00;tripinfo_in_as_to_sl.28;356.00;in_as_to_sl.28;0;1976.75;0.87;0.00;145.48;car;;5;99.00
3213.00;41899283#1_0;148.70;11.99;3048.00;0.85;-230845886_0;5.10;0.00;tripinfo_in_ba_to_as.33;165.00;in_ba_to_as.33;0;1430.78;1.09;0.00;45.41;car;;2;19.00
3214.00;972103805_0;116.86;9.47;3048.00;0.41;-23142338#2_0;5.10;0.00;tripinfo_in_ns_to_ko.101;166.00;in_ns_to_ko.101;0;1398.55;0.93;0.00;29.47;car;;2;7.00
3216.00;28706217_0;94.10;8.26;3102.00;0.33;-45494495_0;5.10;0.00;tripinfo_in_os_to_sl.11;114.00;in_os_to_sl.11;0;484.95;1.00;0.00;65.20;car;;2;50.00
3217.00;23156305_0;1264.14;9.29;2575.00;15.07;803785575#0_0;5.10;0.00;tripinfo_in_od_to_gg.23;642.00;in_od_to_gg.23;0;3669.96;0.87;0.00;259.78;car;;16;112.00
3218.00;972103805_0;116.86;11.10;3065.00;41.51;23687583_0;5.10;0.00;tripinfo_in_as_to_ko.41;153.00;in_as_to_ko.41;0;1102.39;1.00;0.00;53.70;car;;2;22.00
3219.00;28706217_0;94.10;8.58;2878.00;4.30;23687583_0;5.10;0.00;tripinfo_in_as_to_sl.29;341.00;in_as_to_sl.29;0;1976.75;1.06;0.00;168.29;car;;4;73.00
3220.00;972103805_0;116.86;11.19;3075.00;39.69;23687583_0;5.10;0.00;tripinfo_in_as_to_ko.42;145.00;in_as_to_ko.42;0;1102.39;1.11;0.00;54.58;car;;1;18.00
3221.00;23156305_0;1264.14;9.57;3003.00;35.29;23687583_0;5.10;0.00;tripinfo_in_as_to_gg.9;218.00;in_as_to_gg.9;0;1600.87;0.86;0.00;49.45;car;;2;7.00
3224.00;28706217_0;94.10;8.50;2894.00;0.32;23687583_0;5.10;0.00;tripinfo_in_as_to_sl.30;330.00;in_as_to_sl.30;0;1976.75;1.10;0.00;163.12;car;;6;68.00
3224.00;23156305_0;1264.14;8.65;2917.00;0.25;-230845886_0;5.10;0.00;tripinfo_in_ba_to_gg.10;307.00;in_ba_to_gg.10;0;2718.65;0.90;0.00;31.73;car;;1;1.00
3226.00;23156305_0;1264.14;10.22;2611.00;21.24;803785575#0_0;5.10;0.00;tripinfo_in_od_to_gg.25;615.00;in_od_to_gg.25;0;3669.96;1.00;0.00;282.63;car;;13;94.00
3228.00;23156305_0;1264.14;10.82;2617.00;19.28;803785575#0_0;5.10;0.00;tripinfo_in_od_to_gg.26;611.00;in_od_to_gg.26;0;3669.96;1.03;0.00;288.25;car;;18;112.00
3228.00;23527526_0;253.75;9.26;3149.00;38.43;23687583_0;5.10;0.00;tripinfo_in_as_to_gj.32;79.00;in_as_to_gj.32;0;649.06;0.93;0.00;15.23;car;;0;0.00
3229.00;972103805_0;116.86;9.31;3065.00;0.68;-23142338#2_0;5.10;0.00;tripinfo_in_ns_to_ko.102;164.00;in_ns_to_ko.102;0;1398.55;0.91;0.00;25.32;car;;1;10.00
3230.00;28706217_0;94.10;7.32;2960.00;1.86;-230845886_0;5.10;0.00;tripinfo_in_ba_to_sl.22;270.00;in_ba_to_sl.22;0;1934.94;1.00;0.00;90.14;car;;2;43.00
3230.00;45494495_0;58.90;9.25;3006.00;38.18;23687583_0;5.10;0.00;tripinfo_in_as_to_os.23;224.00;in_as_to_os.23;0;1689.77;0.88;0.00;50.85;car;;2;6.00
3232.00;45494495_0;58.90;11.04;3012.00;20.48;23687583_0;5.10;0.00;tripinfo_in_as_to_os.24;220.00;in_as_to_os.24;0;1689.77;1.06;0.00;75.33;car;;1;3.00
3232.00;972103805_0;116.86;9.84;3083.00;0.93;-23142338#2_0;5.10;0.00;tripinfo_in_ns_to_ko.103;149.00;in_ns_to_ko.103;0;1398.55;0.97;0.00;18.60;car;;1;4.00
3232.00;28706217_0;94.10;9.06;3133.00;2.43;-45494495_0;5.10;0.00;tripinfo_in_os_to_sl.12;99.00;in_os_to_sl.12;0;484.95;1.16;0.00;56.65;car;;2;33.00
3234.00;45494495_0;58.90;9.85;3022.00;24.53;23687583_0;5.10;0.00;tripinfo_in_as_to_os.25;212.00;in_as_to_os.25;0;1689.77;1.00;0.00;58.45;car;;2;6.00
3234.00;41899283#1_0;148.70;10.88;3011.00;0.06;-23142338#2_0;5.10;0.00;tripinfo_in_ns_to_as.15;223.00;in_ns_to_as.15;0;2009.37;1.04;0.00;46.01;car;;2;2.00
3237.00;28716808#1_0;754.74;8.38;2638.00;7.31;803785575#0_0;5.10;0.00;tripinfo_in_od_to_kl.13;599.00;in_od_to_kl.13;0;2678.40;0.83;0.00;306.95;car;;19;138.00
3239.00;28716808#1_0;754.74;11.75;2971.00;5.21;-23142338#2_0;5.10;0.00;tripinfo_in_ns_to_kl.6;268.00;in_ns_to_kl.6;0;2315.58;1.10;0.00;76.22;car;;3;13.00
3239.00;23527526_0;253.75;11.91;3020.00;7.03;-23142338#2_0;5.10;0.00;tripinfo_in_ns_to_gj.8;219.00;in_ns_to_gj.8;0;2084.96;1.08;0.00;44.29;car;;2;13.00
3240.00;41899283#1_0;148.70;10.35;3082.00;0.84;-230845886_0;5.10;0.00;tripinfo_in_ba_to_as.34;158.00;in_ba_to_as.34;0;1430.78;0.97;0.00;25.02;car;;1;6.00
3242.00;45494495_0;58.90;9.90;2999.00;0.31;-23142338#2_0;5.10;0.00;tripinfo_in_ns_to_os.5;243.00;in_ns_to_os.5;0;1865.82;0.90;0.00;55.37;car;;4;23.00
3242.00;972103805_0;116.86;10.88;3095.00;39.75;23687583_0;5.10;0.00;tripinfo_in_as_to_ko.43;147.00;in_as_to_ko.43;0;1102.39;1.02;0.00;48.97;car;;1;15.00
3243.00;23156390_0;1121.44;9.34;2431.00;13.27;803785575#0_0;5.10;0.00;tripinfo_in_od_to_br.10;812.00;in_od_to_br.10;0;3149.31;0.85;0.00;475.63;car;;20;289.00
3243.00;28706217_0;94.10;7.50;2927.00;2.03;23687583_0;5.10;0.00;tripinfo_in_as_to_sl.31;316.00;in_as_to_sl.31;0;1976.75;0.94;0.00;119.88;car;;7;47.00
3243.00;23142338#2_0;290.21;11.58;2991.00;0.15;-230845886_0;5.10;0.00;tripinfo_in_ba_to_ns.13;252.00;in_ba_to_ns.13;0;2346.36;1.05;0.00;49.16;car;;2;9.00
3244.00;45494495_0;58.90;10.42;3062.00;0.47;-230845886_0;5.10;0.00;tripinfo_in_ba_to_os.34;182.00;in_ba_to_os.34;0;1647.96;0.96;0.00;27.53;car;;2;2.00
3245.00;23156390_0;1121.44;10.74;2614.00;22.65;803785575#0_0;5.10;0.00;tripinfo_in_od_to_br.22;631.00;in_od_to_br.22;0;3149.31;1.08;0.00;365.30;car;;21;162.00
3245.00;28706217_0;94.10;7.96;2942.00;9.96;23687583_0;5.10;0.00;tripinfo_in_as_to_sl.32;303.00;in_as_to_sl.32;0;1976.75;1.09;0.00;135.22;car;;7;40.00
3246.00;41899283#1_0;148.70;12.88;3054.00;1.55;-23142338#2_0;5.10;0.00;tripinfo_in_ns_to_as.16;192.00;in_ns_to_as.16;0;2009.37;1.18;0.00;36.93;car;;0;0.00
3247.00;23156390_0;1121.44;9.96;2452.00;1.41;803785575#0_0;5.10;0.00;tripinfo_in_od_to_br.14;795.00;in_od_to_br.14;0;3149.31;1.01;0.00;511.38;car;;22;250.00
3248.00;972103805_0;116.86;8.62;2988.00;0.81;-230845886_0;5.10;0.00;tripinfo_in_ba_to_ko.56;260.00;in_ba_to_ko.56;0;2114.29;0.84;0.00;31.56;car;;1;2.00
3249.00;28706217_0;94.10;8.61;2969.00;8.79;23687583_0;5.10;0.00;tripinfo_in_as_to_sl.33;280.00;in_as_to_sl.33;0;1976.75;1.06;0.00;107.19;car;;6;32.00
3249.00;23156390_0;1121.44;10.18;2998.00;0.91;-230845886_0;5.10;0.00;tripinfo_in_ba_to_br.1;251.00;in_ba_to_br.1;0;2198.00;1.00;0.00;52.23;car;;2;14.00
3250.00;972103805_0;116.86;10.62;3020.00;0.17;-230845886_0;5.10;0.00;tripinfo_in_ba_to_ko.57;230.00;in_ba_to_ko.57;0;2114.29;1.06;0.00;48.22;car;;1;1.00
3252.00;972103805_0;116.86;10.18;3023.00;1.38;-230845886_0;5.10;0.00;tripinfo_in_ba_to_ko.58;229.00;in_ba_to_ko.58;0;2114.29;0.99;0.00;33.44;car;;0;0.00
3254.00;230845886_0;633.12;9.54;2665.00;24.30;803785575#0_0;5.10;0.00;tripinfo_in_od_to_ba.24;589.00;in_od_to_ba.24;0;2382.14;0.89;0.00;347.90;car;;16;204.00
3254.00;972103805_0;116.86;11.46;2899.00;0.02;-45494495_0;5.10;0.00;tripinfo_in_os_to_ko.14;355.00;in_os_to_ko.14;0;2045.29;1.06;0.00;170.04;car;;5;125.00
3258.00;972103805_0;116.86;12.67;3039.00;0.36;-230845886_0;5.10;0.00;tripinfo_in_ba_to_ko.59;219.00;in_ba_to_ko.59;0;2114.29;1.21;0.00;60.04;car;;1;8.00
3262.00;972103805_0;116.86;9.94;3142.00;40.53;23687583_0;5.10;0.00;tripinfo_in_as_to_ko.44;120.00;in_as_to_ko.44;0;1102.39;1.01;0.00;21.29;car;;0;0.00
3263.00;41899283#1_0;148.70;10.12;3107.00;0.95;-230845886_0;5.10;0.00;tripinfo_in_ba_to_as.35;156.00;in_ba_to_as.35;0;1430.78;0.96;0.00;21.56;car;;0;0.00
3263.00;23527526_0;253.75;8.58;3155.00;41.00;23687583_0;5.10;0.00;tripinfo_in_as_to_gj.33;108.00;in_as_to_gj.33;0;649.06;0.78;0.00;31.74;car;;2;12.00
3264.00;28706217_0;94.10;8.60;3045.00;5.29;-230845886_0;5.10;0.00;tripinfo_in_ba_to_sl.23;219.00;in_ba_to_sl.23;0;1934.94;1.08;0.00;52.82;car;;1;1.00
3268.00;41899283#1_0;148.70;10.27;3117.00;0.85;-230845886_0;5.10;0.00;tripinfo_in_ba_to_as.36;151.00;in_ba_to_as.36;0;1430.78;1.04;0.00;26.14;car;;0;0.00
3269.00;972103805_0;116.86;10.30;3122.00;0.59;-23142338#2_0;5.10;0.00;tripinfo_in_ns_to_ko.104;147.00;in_ns_to_ko.104;0;1398.55;1.00;0.00;20.78;car;;1;5.00
3273.00;230845886_0;633.12;9.46;2482.00;6.26;803785575#0_0;5.10;0.00;tripinfo_in_od_to_ba.17;791.00;in_od_to_ba.17;0;2382.14;0.95;0.00;564.05;car;;26;346.00
3277.00;28706217_0;94.10;6.83;2975.00;7.67;23687583_0;5.10;0.00;tripinfo_in_as_to_sl.34;302.00;in_as_to_sl.34;0;1976.75;0.93;0.00;105.16;car;;6;26.00
3279.00;972103805_0;116.86;10.42;3152.00;38.62;23687583_0;5.10;0.00;tripinfo_in_as_to_ko.45;127.00;in_as_to_ko.45;0;1102.39;0.97;0.00;24.07;car;;1;3.00
3282.00;972103805_0;116.86;10.56;3051.00;2.44;-230845886_0;5.10;0.00;tripinfo_in_ba_to_ko.60;231.00;in_ba_to_ko.60;0;2114.29;1.06;0.00;49.71;car;;2;15.00
3283.00;23156305_0;1264.14;8.66;2942.00;11.99;-230845886_0;5.10;0.00;tripinfo_in_ba_to_gg.11;341.00;in_ba_to_gg.11;0;2718.65;0.82;0.00;38.28;car;;0;0.00
3285.00;23156305_0;1264.14;9.66;3059.00;39.84;23687583_0;5.10;0.00;tripinfo_in_as_to_gg.10;226.00;in_as_to_gg.10;0;1600.87;0.94;0.00;71.57;car;;2;22.00
3286.00;45494495_0;58.90;9.11;3095.00;3.83;-230845886_0;5.10;0.00;tripinfo_in_ba_to_os.35;191.00;in_ba_to_os.35;0;1647.96;0.86;0.00;16.75;car;;0;0.00
3287.00;23156305_0;1264.14;11.53;2635.00;5.94;803785575#0_0;5.10;0.00;tripinfo_in_od_to_gg.27;652.00;in_od_to_gg.27;0;3669.96;1.10;0.00;348.56;car;;20;115.00
3288.00;23156390_0;1121.44;9.78;2968.00;3.28;-23142338#2_0;5.10;0.00;tripinfo_in_ns_to_br.2;320.00;in_ns_to_br.2;0;2792.05;0.94;0.00;50.46;car;;3;16.00
3288.00;28706217_0;94.10;7.56;3009.00;27.21;23687583_0;5.10;0.00;tripinfo_in_as_to_sl.35;279.00;in_as_to_sl.35;0;1976.75;0.95;0.00;86.08;car;;2;6.00
3288.00;23527526_0;253.75;10.83;3120.00;2.02;-230845886_0;5.10;0.00;tripinfo_in_ba_to_gj.34;168.00;in_ba_to_gj.34;0;1755.68;1.05;0.00;17.31;car;;0;0.00
3291.00;28716808#1_0;754.74;11.02;2680.00;27.64;803785575#0_0;5.10;0.00;tripinfo_in_od_to_kl.14;611.00;in_od_to_kl.14;0;2678.40;1.03;0.00;375.39;car;;26;182.00
3291.00;45494495_0;58.90;9.23;3068.00;2.29;-23142338#2_0;5.10;0.00;tripinfo_in_ns_to_os.6;223.00;in_ns_to_os.6;0;1865.82;0.89;0.00;33.01;car;;1;3.00
3291.00;972103805_0;116.86;9.47;3125.00;2.81;-23142338#2_0;5.10;0.00;tripinfo_in_ns_to_ko.105;166.00;in_ns_to_ko.105;0;1398.55;0.89;0.00;23.08;car;;1;7.00
3292.00;23142338#2_0;290.21;10.66;3041.00;27.04;23687583_0;5.10;0.00;tripinfo_in_as_to_ns.28;251.00;in_as_to_ns.28;0;1995.73;1.06;0.00;78.92;car;;5;17.00
3293.00;972103805_0;116.86;10.14;3025.00;0.12;-45494495_0;5.10;0.00;tripinfo_in_os_to_ko.15;268.00;in_os_to_ko.15;0;2045.29;1.00;0.00;71.97;car;;3;34.00
3293.00;45494495_0;58.90;10.81;3072.00;41.46;23687583_0;5.10;0.00;tripinfo_in_as_to_os.26;221.00;in_as_to_os.26;0;1689.77;1.07;0.00;77.86;car;;2;27.00
3293.00;28716808#1_0;754.74;11.67;3131.00;0.81;-230845886_0;5.10;0.00;tripinfo_in_ba_to_kl.3;162.00;in_ba_to_kl.3;0;1727.09;1.17;0.00;27.56;car;;0;0.00
3294.00;28706217_0;94.10;7.35;3025.00;20.09;23687583_0;5.10;0.00;tripinfo_in_as_to_sl.36;269.00;in_as_to_sl.36;0;1976.75;0.94;0.00;74.41;car;;2;11.00
3299.00;972103805_0;116.86;11.04;3069.00;0.88;-230845886_0;5.10;0.00;tripinfo_in_ba_to_ko.61;230.00;in_ba_to_ko.61;0;2114.29;1.00;0.00;36.52;car;;1;3.00
3300.00;23527526_0;253.75;10.51;3071.00;4.96;-23142338#2_0;5.10;0.00;tripinfo_in_ns_to_gj.9;229.00;in_ns_to_gj.9;0;2084.96;1.06;0.00;50.11;car;;2;11.00
3300.00;45494495_0;58.90;9.78;3137.00;6.65;-230845886_0;5.10;0.00;tripinfo_in_ba_to_os.36;163.00;in_ba_to_os.36;0;1647.96;1.00;0.00;13.31;car;;0;0.00
3301.00;230845886_0;633.12;8.69;2722.00;27.85;803785575#0_0;5.10;0.00;tripinfo_in_od_to_ba.25;579.00;in_od_to_ba.25;0;2382.14;0.84;0.00;323.91;car;;24;162.00
3302.00;972103805_0;116.86;10.65;3085.00;3.08;-230845886_0;5.10;0.00;tripinfo_in_ba_to_ko.62;217.00;in_ba_to_ko.62;0;2114.29;1.03;0.00;30.63;car;;1;3.00
3303.00;230845886_0;633.12;9.89;3108.00;30.96;23687583_0;5.10;0.00;tripinfo_in_as_to_ba.22;195.00;in_as_to_ba.22;0;1356.50;0.98;0.00;69.20;car;;2;21.00
3308.00;41899283#1_0;148.70;11.52;3146.00;7.52;-230845886_0;5.10;0.00;tripinfo_in_ba_to_as.37;162.00;in_ba_to_as.37;0;1430.78;1.07;0.00;39.95;car;;2;14.00
3309.00;23156305_0;1264.14;8.50;3089.00;39.40;23687583_0;5.10;0.00;tripinfo_in_as_to_gg.11;220.00;in_as_to_gg.11;0;1600.87;0.87;0.00;52.88;car;;1;16.00
3310.00;972103805_0;116.86;9.34;3142.00;0.84;-23142338#2_0;5.10;0.00;tripinfo_in_ns_to_ko.106;168.00;in_ns_to_ko.106;0;1398.55;0.93;0.00;31.98;car;;2;11.00
3311.00;23156305_0;1264.14;11.25;2656.00;18.10;803785575#0_0;5.10;0.00;tripinfo_in_od_to_gg.28;655.00;in_od_to_gg.28;0;3669.96;1.06;0.00;342.16;car;;20;119.00
3313.00;28716808#1_0;754.74;10.22;3158.00;34.02;23687583_0;5.10;0.00;tripinfo_in_as_to_kl.8;155.00;in_as_to_kl.8;0;1207.92;1.00;0.00;44.84;car;;3;14.00
3314.00;972103805_0;116.86;9.02;3153.00;0.99;-23142338#2_0;5.10;0.00;tripinfo_in_ns_to_ko.107;161.00;in_ns_to_ko.107;0;1398.55;0.93;0.00;24.95;car;;1;7.00
3316.00;41899283#1_0;148.70;9.73;2485.00;5.52;803785575#0_0;5.10;0.00;tripinfo_in_od_to_as.12;831.00;in_od_to_as.12;0;2382.09;0.94;0.00;602.34;car;;22;365.00
3317.00;41899283#1_0;148.70;10.59;2698.00;24.97;803785575#0_0;5.10;0.00;tripinfo_in_od_to_as.20;619.00;in_od_to_as.20;0;2382.09;1.03;0.00;409.50;car;;21;196.00
3320.00;45494495_0;58.90;10.93;2806.00;37.35;803785575#0_0;5.10;0.00;tripinfo_in_od_to_os.42;514.00;in_od_to_os.42;0;969.96;1.02;0.00;428.03;car;;15;270.00
3320.00;972103805_0;116.86;10.63;3088.00;1.26;-230845886_0;5.10;0.00;tripinfo_in_ba_to_ko.63;232.00;in_ba_to_ko.63;0;2114.29;0.96;0.00;31.24;car;;1;3.00
3322.00;28716808#1_0;754.74;10.61;2683.00;22.60;803785575#0_0;5.10;0.00;tripinfo_in_od_to_kl.15;639.00;in_od_to_kl.15;0;2678.40;1.01;0.00;398.51;car;;27;199.00
3322.00;23527526_0;253.75;12.02;3209.00;42.25;23687583_0;5.10;0.00;tripinfo_in_as_to_gj.34;113.00;in_as_to_gj.34;0;649.06;1.09;0.00;59.28;car;;2;19.00
3324.00;28716808#1_0;754.74;11.59;2701.00;27.58;803785575#0_0;5.10;0.00;tripinfo_in_od_to_kl.18;623.00;in_od_to_kl.18;0;2678.40;1.12;0.00;405.64;car;;21;186.00
3326.00;28716808#1_0;754.74;13.25;3098.00;1.61;-23142338#2_0;5.10;0.00;tripinfo_in_ns_to_kl.7;228.00;in_ns_to_kl.7;0;2315.58;1.19;0.00;51.56;car;;2;9.00
3326.00;41899283#1_0;148.70;9.92;3150.00;9.74;-230845886_0;5.10;0.00;tripinfo_in_ba_to_as.38;176.00;in_ba_to_as.38;0;1430.78;0.90;0.00;31.13;car;;1;1.00
3327.00;972103805_0;116.86;11.32;3160.00;0.99;-23142338#2_0;5.10;0.00;tripinfo_in_ns_to_ko.108;167.00;in_ns_to_ko.108;0;1398.55;1.07;0.00;48.75;car;;2;16.00
3328.00;45494495_0;58.90;12.63;3111.00;25.21;23687583_0;5.10;0.00;tripinfo_in_as_to_os.27;217.00;in_as_to_os.27;0;1689.77;1.16;0.00;84.57;car;;2;17.00
3328.00;23527526_0;253.75;12.00;3221.00;28.19;23687583_0;5.10;0.00;tripinfo_in_as_to_gj.35;107.00;in_as_to_gj.35;0;649.06;1.11;0.00;53.75;car;;2;20.00
3330.00;230845886_0;633.12;8.52;2488.00;5.96;803785575#0_0;5.10;0.00;tripinfo_in_od_to_ba.18;842.00;in_od_to_ba.18;0;2382.14;0.85;0.00;588.07;car;;23;369.00
3331.00;45494495_0;58.90;11.87;3118.00;19.30;23687583_0;5.10;0.00;tripinfo_in_as_to_os.28;213.00;in_as_to_os.28;0;1689.77;1.09;0.00;72.11;car;;2;17.00
3332.00;972103805_0;116.86;9.77;3167.00;0.61;-23142338#2_0;5.10;0.00;tripinfo_in_ns_to_ko.109;165.00;in_ns_to_ko.109;0;1398.55;0.90;0.00;24.88;car;;1;10.00
3335.00;23142338#2_0;290.21;10.15;2536.00;8.71;803785575#0_0;5.10;0.00;tripinfo_in_od_to_ns.11;799.00;in_od_to_ns.11;0;1928.29;0.98;0.00;609.77;car;;23;377.00
3335.00;972103805_0;116.86;9.89;3180.00;0.99;-23142338#2_0;5.10;0.00;tripinfo_in_ns_to_ko.110;155.00;in_ns_to_ko.110;0;1398.55;0.94;0.00;21.41;car;;1;7.00
3338.00;23156030#6_0;109.07;8.93;2543.00;0.48;-23142338#2_0;5.10;0.00;tripinfo_in_ns_to_od.2;795.00;in_ns_to_od.2;0;2005.01;0.86;0.00;569.54;car;;10;503.00
3338.00;45494495_0;58.90;12.03;2815.00;31.58;803785575#0_0;5.10;0.00;tripinfo_in_od_to_os.43;523.00;in_od_to_os.43;0;969.96;1.19;0.00;448.58;car;;20;262.00
3338.00;23156305_0;1264.14;9.46;2949.00;0.43;-45494495_0;5.10;0.00;tripinfo_in_os_to_gg.9;389.00;in_os_to_gg.9;0;3034.34;0.90;0.00;80.74;car;;5;25.00
3339.00;23156305_0;1264.14;10.62;2968.00;1.95;-45494495_0;5.10;0.00;tripinfo_in_os_to_gg.10;371.00;in_os_to_gg.10;0;3034.34;1.09;0.00;117.48;car;;4;13.00
3341.00;28716808#1_0;754.74;11.81;2689.00;25.31;803785575#0_0;5.10;0.00;tripinfo_in_od_to_kl.16;652.00;in_od_to_kl.16;0;2678.40;1.10;0.00;431.24;car;;31;192.00
3341.00;23156305_0;1264.14;10.81;2972.00;0.97;-45494495_0;5.10;0.00;tripinfo_in_os_to_gg.11;369.00;in_os_to_gg.11;0;3034.34;1.08;0.00;114.85;car;;3;11.00
3342.00;972103805_0;116.86;9.38;3091.00;2.66;-230845886_0;5.10;0.00;tripinfo_in_ba_to_ko.64;251.00;in_ba_to_ko.64;0;2114.29;0.89;0.00;36.01;car;;1;7.00
3343.00;23156305_0;1264.14;10.81;3031.00;0.71;-45494495_0;5.10;0.00;tripinfo_in_os_to_gg.12;312.00;in_os_to_gg.12;0;3034.34;1.03;0.00;44.12;car;;2;7.00
3344.00;23142338#2_0;290.21;9.20;3065.00;1.20;-230845886_0;5.10;0.00;tripinfo_in_ba_to_ns.14;279.00;in_ba_to_ns.14;0;2346.36;0.87;0.00;34.74;car;;1;5.00
3344.00;23527526_0;253.75;10.43;3153.00;11.22;-230845886_0;5.10;0.00;tripinfo_in_ba_to_gj.35;191.00;in_ba_to_gj.35;0;1755.68;1.03;0.00;36.38;car;;1;3.00
3346.00;23142338#2_0;290.21;10.36;3086.00;41.09;23687583_0;5.10;0.00;tripinfo_in_as_to_ns.29;260.00;in_as_to_ns.29;0;1995.73;0.98;0.00;75.32;car;;4;25.00
3350.00;41899283#1_0;148.70;8.70;3115.00;0.79;-45494495_0;5.10;0.00;tripinfo_in_os_to_as.12;235.00;in_os_to_as.12;0;1746.47;0.86;0.00;50.75;car;;3;14.00
3350.00;972103805_0;116.86;9.90;3173.00;35.83;23687583_0;5.10;0.00;tripinfo_in_as_to_ko.46;177.00;in_as_to_ko.46;0;1102.39;1.00;0.00;77.46;car;;3;45.00
3352.00;972103805_0;116.86;11.40;3179.00;33.14;23687583_0;5.10;0.00;tripinfo_in_as_to_ko.47;173.00;in_as_to_ko.47;0;1102.39;1.04;0.00;76.97;car;;4;36.00
3354.00;23142338#2_0;290.21;11.36;3098.00;6.09;-230845886_0;5.10;0.00;tripinfo_in_ba_to_ns.15;256.00;in_ba_to_ns.15;0;2346.36;1.07;0.00;57.12;car;;2;9.00
3356.00;972103805_0;116.86;10.46;3185.00;5.83;-23142338#2_0;5.10;0.00;tripinfo_in_ns_to_ko.111;171.00;in_ns_to_ko.111;0;1398.55;0.96;0.00;40.31;car;;3;15.00
3357.00;45494495_0;58.90;9.65;2776.00;31.54;803785575#0_0;5.10;0.00;tripinfo_in_od_to_os.39;581.00;in_od_to_os.39;0;969.96;0.97;0.00;490.46;car;;22;283.00
3358.00;972103805_0;116.86;13.30;3188.00;0.67;-23142338#2_0;5.10;0.00;tripinfo_in_ns_to_ko.112;170.00;in_ns_to_ko.112;0;1398.55;1.21;0.00;65.83;car;;3;11.00
3360.00;45494495_0;58.90;10.47;3121.00;20.84;23687583_0;5.10;0.00;tripinfo_in_as_to_os.29;239.00;in_as_to_os.29;0;1689.77;0.95;0.00;78.53;car;;2;14.00
3360.00;972103805_0;116.86;9.94;3192.00;0.87;-23142338#2_0;5.10;0.00;tripinfo_in_ns_to_ko.113;168.00;in_ns_to_ko.113;0;1398.55;0.99;0.00;40.43;car;;2;6.00
3362.00;972103805_0;116.86;11.09;3143.00;6.77;-230845886_0;5.10;0.00;tripinfo_in_ba_to_ko.65;219.00;in_ba_to_ko.65;0;2114.29;1.05;0.00;35.65;car;;1;5.00
3362.00;45494495_0;58.90;10.82;3168.00;14.54;-230845886_0;5.10;0.00;tripinfo_in_ba_to_os.37;194.00;in_ba_to_os.37;0;1647.96;1.04;0.00;50.97;car;;1;13.00
3364.00;230845886_0;633.12;10.49;3130.00;0.52;-45494495_0;5.10;0.00;tripinfo_in_os_to_ba.19;234.00;in_os_to_ba.19;0;1746.52;0.96;0.00;69.75;car;;4;17.00
3366.00;23156390_0;1121.44;6.64;3069.00;40.68;23687583_0;5.10;0.00;tripinfo_in_as_to_br.8;297.00;in_as_to_br.8;0;1694.48;0.65;0.00;59.47;car;;1;19.00
3367.00;972103805_0;116.86;11.49;3196.00;0.90;-23142338#2_0;5.10;0.00;tripinfo_in_ns_to_ko.114;171.00;in_ns_to_ko.114;0;1398.55;1.09;0.00;55.38;car;;3;20.00
3368.00;23156390_0;1121.44;9.64;2473.00;3.54;803785575#0_0;5.10;0.00;tripinfo_in_od_to_br.16;895.00;in_od_to_br.16;0;3149.31;0.96;0.00;595.50;car;;21;347.00
3369.00;23156390_0;1121.44;11.30;2695.00;26.20;803785575#0_0;5.10;0.00;tripinfo_in_od_to_br.23;674.00;in_od_to_br.23;0;3149.31;1.15;0.00;426.26;car;;20;181.00
3369.00;45494495_0;58.90;10.06;2857.00;44.02;803785575#0_0;5.10;0.00;tripinfo_in_od_to_os.44;512.00;in_od_to_os.44;0;969.96;0.97;0.00;421.77;car;;18;236.00
3369.00;23142338#2_0;290.21;11.52;3110.00;1.57;-230845886_0;5.10;0.00;tripinfo_in_ba_to_ns.16;259.00;in_ba_to_ns.16;0;2346.36;1.13;0.00;70.13;car;;2;17.00
3369.00;41899283#1_0;148.70;10.27;3220.00;0.68;-230845886_0;5.10;0.00;tripinfo_in_ba_to_as.39;149.00;in_ba_to_as.39;0;1430.78;1.04;0.00;23.83;car;;0;0.00
3371.00;45494495_0;58.90;10.03;2863.00;47.48;803785575#0_0;5.10;0.00;tripinfo_in_od_to_os.46;508.00;in_od_to_os.46;0;969.96;0.98;0.00;418.49;car;;18;228.00
3371.00;972103805_0;116.86;10.70;3200.00;1.79;-23142338#2_0;5.10;0.00;tripinfo_in_ns_to_ko.115;171.00;in_ns_to_ko.115;0;1398.55;1.00;0.00;45.40;car;;2;13.00
3374.00;23156390_0;1121.44;10.18;3170.00;38.67;23687583_0;5.10;0.00;tripinfo_in_as_to_br.9;204.00;in_as_to_br.9;0;1694.48;0.93;0.00;39.76;car;;1;8.00
3375.00;972103805_0;116.86;10.11;3203.00;2.96;-23142338#2_0;5.10;0.00;tripinfo_in_ns_to_ko.116;172.00;in_ns_to_ko.116;0;1398.55;0.92;0.00;34.46;car;;2;12.00
3375.00;23527526_0;253.75;10.56;3282.00;48.49;23687583_0;5.10;0.00;tripinfo_in_as_to_gj.36;93.00;in_as_to_gj.36;0;649.06;1.00;0.00;33.67;car;;1;15.00
3377.00;230845886_0;633.12;9.98;3104.00;0.33;-23142338#2_0;5.10;0.00;tripinfo_in_ns_to_ba.4;273.00;in_ns_to_ba.4;0;2340.42;1.00;0.00;62.16;car;;4;15.00
3379.00;23156305_0;1264.14;8.38;2982.00;3.33;-23142338#2_0;5.10;0.00;tripinfo_in_ns_to_gg.11;397.00;in_ns_to_gg.11;0;3297.24;0.87;0.00;51.63;car;;2;10.00
3381.00;23156305_0;1264.14;9.97;3076.00;0.79;-230845886_0;5.10;0.00;tripinfo_in_ba_to_gg.12;305.00;in_ba_to_gg.12;0;2718.65;1.01;0.00;59.93;car;;1;10.00
3381.00;23527526_0;253.75;10.72;3149.00;0.66;-23142338#2_0;5.10;0.00;tripinfo_in_ns_to_gj.10;232.00;in_ns_to_gj.10;0;2084.96;1.05;0.00;52.09;car;;3;12.00
3383.00;23527526_0;253.75;10.45;3180.00;12.78;-230845886_0;5.10;0.00;tripinfo_in_ba_to_gj.36;203.00;in_ba_to_gj.36;0;1755.68;1.03;0.00;47.93;car;;2;17.00
3384.00;972103805_0;116.86;11.09;3206.00;39.36;23687583_0;5.10;0.00;tripinfo_in_as_to_ko.48;178.00;in_as_to_ko.48;0;1102.39;1.06;0.00;83.22;car;;4;38.00
3388.00;28716808#1_0;754.74;9.69;2731.00;34.99;803785575#0_0;5.10;0.00;tripinfo_in_od_to_kl.19;657.00;in_od_to_kl.19;0;2678.40;0.99;0.00;412.14;car;;19;202.00
3389.00;972103805_0;116.86;10.69;3208.00;0.79;-23142338#2_0;5.10;0.00;tripinfo_in_ns_to_ko.117;181.00;in_ns_to_ko.117;0;1398.55;0.98;0.00;52.35;car;;3;21.00
3391.00;972103805_0;116.86;11.35;3219.00;0.73;-23142338#2_0;5.10;0.00;tripinfo_in_ns_to_ko.118;172.00;in_ns_to_ko.118;0;1398.55;1.05;0.00;51.12;car;;2;13.00
3391.00;23527526_0;253.75;9.28;3292.00;45.53;23687583_0;5.10;0.00;tripinfo_in_as_to_gj.37;99.00;in_as_to_gj.37;0;649.06;0.94;0.00;36.47;car;;2;15.00
3395.00;28706217_0;94.10;7.32;3101.00;5.46;-230845886_0;5.10;0.00;tripinfo_in_ba_to_sl.24;294.00;in_ba_to_sl.24;0;1934.94;0.99;0.00;111.53;car;;1;67.00
3396.00;972103805_0;116.86;8.56;2539.00;10.32;803785575#0_0;5.10;0.00;tripinfo_in_od_to_ko.24;857.00;in_od_to_ko.24;0;2307.67;0.87;0.00;604.00;car;;24;363.00
3396.00;28716808#1_0;754.74;11.05;3118.00;3.11;-45494495_0;5.10;0.00;tripinfo_in_os_to_kl.6;278.00;in_os_to_kl.6;0;2042.78;1.00;0.00;92.06;car;;5;26.00
3398.00;230845886_0;633.12;9.15;3182.00;35.18;23687583_0;5.10;0.00;tripinfo_in_as_to_ba.23;216.00;in_as_to_ba.23;0;1356.50;0.83;0.00;67.34;car;;4;32.00
3399.00;972103805_0;116.86;8.64;3228.00;0.53;-23142338#2_0;5.10;0.00;tripinfo_in_ns_to_ko.119;171.00;in_ns_to_ko.119;0;1398.55;0.86;0.00;24.20;car;;1;3.00
3400.00;230845886_0;633.12;9.28;3188.00;36.96;23687583_0;5.10;0.00;tripinfo_in_as_to_ba.24;212.00;in_as_to_ba.24;0;1356.50;0.95;0.00;82.86;car;;3;32.00
3400.00;45494495_0;58.90;10.19;3195.00;0.78;-230845886_0;5.10;0.00;tripinfo_in_ba_to_os.38;205.00;in_ba_to_os.38;0;1647.96;1.00;0.00;56.37;car;;1;4.00
3401.00;230845886_0;633.12;10.53;3203.00;36.62;23687583_0;5.10;0.00;tripinfo_in_as_to_ba.25;198.00;in_as_to_ba.25;0;1356.50;0.96;0.00;71.05;car;;4;23.00
3401.00;972103805_0;116.86;10.70;3235.00;0.95;-23142338#2_0;5.10;0.00;tripinfo_in_ns_to_ko.120;166.00;in_ns_to_ko.120;0;1398.55;1.04;0.00;44.85;car;;1;2.00
3403.00;45494495_0;58.90;11.29;3204.00;2.27;-230845886_0;5.10;0.00;tripinfo_in_ba_to_os.39;199.00;in_ba_to_os.39;0;1647.96;1.08;0.00;60.69;car;;1;3.00
3405.00;23156305_0;1264.14;9.52;2674.00;25.10;803785575#0_0;5.10;0.00;tripinfo_in_od_to_gg.30;731.00;in_od_to_gg.30;0;3669.96;0.89;0.00;355.28;car;;20;191.00
3405.00;45494495_0;58.90;11.51;3223.00;2.41;-230845886_0;5.10;0.00;tripinfo_in_ba_to_os.40;182.00;in_ba_to_os.40;0;1647.96;1.05;0.00;40.10;car;;0;0.00
3407.00;23156305_0;1264.14;9.73;2662.00;22.38;803785575#0_0;5.10;0.00;tripinfo_in_od_to_gg.29;745.00;in_od_to_gg.29;0;3669.96;0.97;0.00;399.62;car;;21;196.00
3407.00;972103805_0;116.86;9.93;3228.00;18.46;23687583_0;5.10;0.00;tripinfo_in_as_to_ko.49;179.00;in_as_to_ko.49;0;1102.39;0.94;0.00;72.28;car;;3;37.00
3408.00;28716808#1_0;754.74;10.22;3136.00;0.45;-23142338#2_0;5.10;0.00;tripinfo_in_ns_to_kl.8;272.00;in_ns_to_kl.8;0;2315.58;0.98;0.00;57.87;car;;2;31.00
3409.00;23156390_0;1121.44;8.46;2707.00;32.36;803785575#0_0;5.10;0.00;tripinfo_in_od_to_br.24;702.00;in_od_to_br.24;0;3149.31;0.84;0.00;361.75;car;;24;189.00
3410.00;41899283#1_0;148.70;10.17;3228.00;0.49;-45494495_0;5.10;0.00;tripinfo_in_os_to_as.13;182.00;in_os_to_as.13;0;1746.47;0.97;0.00;18.26;car;;0;0.00
3410.00;972103805_0;116.86;10.82;3238.00;0.13;-23142338#2_0;5.10;0.00;tripinfo_in_ns_to_ko.121;172.00;in_ns_to_ko.121;0;1398.55;1.01;0.00;46.19;car;;2;5.00
3411.00;972103805_0;116.86;10.42;2545.00;13.60;803785575#0_0;5.10;0.00;tripinfo_in_od_to_ko.25;866.00;in_od_to_ko.25;0;2307.67;1.04;0.00;656.00;car;;26;363.00
3411.00;28706217_0;94.10;7.64;2677.00;25.61;803785575#0_0;5.10;0.00;tripinfo_in_od_to_sl.0;734.00;in_od_to_sl.0;0;747.33;0.95;0.00;657.14;car;;21;368.00
3411.00;23156390_0;1121.44;10.05;2734.00;37.60;803785575#0_0;5.10;0.00;tripinfo_in_od_to_br.25;677.00;in_od_to_br.25;0;3149.31;0.98;0.00;385.18;car;;20;172.00
3412.00;28716808#1_0;754.74;11.17;3143.00;1.25;-45494495_0;5.10;0.00;tripinfo_in_os_to_kl.7;269.00;in_os_to_kl.7;0;2042.78;1.10;0.00;100.53;car;;5;23.00
3413.00;972103805_0;116.86;10.94;2548.00;16.47;803785575#0_0;5.10;0.00;tripinfo_in_od_to_ko.26;865.00;in_od_to_ko.26;0;2307.67;1.08;0.00;661.79;car;;27;353.00
3413.00;28706217_0;94.10;7.98;3102.00;44.49;23687583_0;5.10;0.00;tripinfo_in_as_to_sl.40;311.00;in_as_to_sl.40;0;1976.75;1.08;0.00;141.26;car;;4;79.00
3416.00;23156390_0;1121.44;11.24;3197.00;31.92;23687583_0;5.10;0.00;tripinfo_in_as_to_br.10;219.00;in_as_to_br.10;0;1694.48;1.08;0.00;76.65;car;;3;27.00
3416.00;972103805_0;116.86;10.66;3269.00;0.76;-23142338#2_0;5.10;0.00;tripinfo_in_ns_to_ko.122;147.00;in_ns_to_ko.122;0;1398.55;1.03;0.00;23.97;car;;0;0.00
3417.00;41899283#1_0;148.70;9.96;3246.00;7.45;-230845886_0;5.10;0.00;tripinfo_in_ba_to_as.40;171.00;in_ba_to_as.40;0;1430.78;0.90;0.00;27.41;car;;2;7.00
3419.00;972103805_0;116.86;10.04;3159.00;12.76;-230845886_0;5.10;0.00;tripinfo_in_ba_to_ko.66;260.00;in_ba_to_ko.66;0;2114.29;0.98;0.00;63.45;car;;3;17.00
3421.00;972103805_0;116.86;13.29;3162.00;14.57;-230845886_0;5.10;0.00;tripinfo_in_ba_to_ko.67;259.00;in_ba_to_ko.67;0;2114.29;1.27;0.00;105.20;car;;3;15.00
3424.00;972103805_0;116.86;9.91;3165.00;11.83;-230845886_0;5.10;0.00;tripinfo_in_ba_to_ko.68;259.00;in_ba_to_ko.68;0;2114.29;0.99;0.00;63.72;car;;2;20.00
3427.00;23156305_0;1264.14;8.55;2476.00;5.44;803785575#0_0;5.10;0.00;tripinfo_in_od_to_gg.14;951.00;in_od_to_gg.14;0;3669.96;0.87;0.00;568.74;car;;24;355.00
3427.00;972103805_0;116.86;9.64;3095.00;0.90;-45494495_0;5.10;0.00;tripinfo_in_os_to_ko.16;332.00;in_os_to_ko.16;0;2045.29;0.97;0.00;129.59;car;;5;73.00
3427.00;23156030#6_0;109.07;10.23;3163.00;36.00;23687583_0;5.10;0.00;tripinfo_in_as_to_od.10;264.00;in_as_to_od.10;0;2357.31;1.03;0.00;57.53;car;;2;9.00
3427.00;41899283#1_0;148.70;10.46;3258.00;3.54;-230845886_0;5.10;0.00;tripinfo_in_ba_to_as.41;169.00;in_ba_to_as.41;0;1430.78;1.00;0.00;38.83;car;;2;9.00
3428.00;28706217_0;94.10;6.44;3081.00;39.14;23687583_0;5.10;0.00;tripinfo_in_as_to_sl.37;347.00;in_as_to_sl.37;0;1976.75;0.88;0.00;137.38;car;;5;83.00
3429.00;23156305_0;1264.14;9.82;3140.00;8.23;-230845886_0;5.10;0.00;tripinfo_in_ba_to_gg.13;289.00;in_ba_to_gg.13;0;2718.65;0.99;0.00;39.77;car;;0;0.00
3429.00;972103805_0;116.86;11.69;3136.00;3.43;-45494495_0;5.10;0.00;tripinfo_in_os_to_ko.17;293.00;in_os_to_ko.17;0;2045.29;1.06;0.00;106.56;car;;6;46.00
3430.00;23156305_0;1264.14;10.70;2716.00;27.88;803785575#0_0;5.10;0.00;tripinfo_in_od_to_gg.31;714.00;in_od_to_gg.31;0;3669.96;1.04;0.00;395.23;car;;21;160.00
3430.00;23156030#6_0;109.07;10.93;3167.00;37.90;23687583_0;5.10;0.00;tripinfo_in_as_to_od.11;263.00;in_as_to_od.11;0;2357.31;1.01;0.00;52.40;car;;1;8.00
3430.00;23527526_0;253.75;8.87;3230.00;0.27;-230845886_0;5.10;0.00;tripinfo_in_ba_to_gj.37;200.00;in_ba_to_gj.37;0;1755.68;0.86;0.00;15.95;car;;0;0.00
3430.00;972103805_0;116.86;12.74;3292.00;0.13;-23142338#2_0;5.10;0.00;tripinfo_in_ns_to_ko.123;138.00;in_ns_to_ko.123;0;1398.55;1.22;0.00;34.51;car;;1;2.00
3432.00;23156305_0;1264.14;10.73;2728.00;32.07;803785575#0_0;5.10;0.00;tripinfo_in_od_to_gg.32;704.00;in_od_to_gg.32;0;3669.96;1.05;0.00;387.02;car;;22;174.00
3432.00;23527526_0;253.75;11.64;3189.00;0.63;-45494495_0;5.10;0.00;tripinfo_in_os_to_gj.3;243.00;in_os_to_gj.3;0;2071.37;1.12;0.00;75.02;car;;2;8.00
3433.00;23156390_0;1121.44;10.58;2746.00;27.96;803785575#0_0;5.10;0.00;tripinfo_in_od_to_br.26;687.00;in_od_to_br.26;0;3149.31;1.03;0.00;410.84;car;;21;197.00
3434.00;23156305_0;1264.14;11.02;3088.00;0.89;-23142338#2_0;5.10;0.00;tripinfo_in_ns_to_gg.12;346.00;in_ns_to_gg.12;0;3297.24;1.03;0.00;54.16;car;;2;6.00
3434.00;23527526_0;253.75;12.12;3240.00;3.31;-230845886_0;5.10;0.00;tripinfo_in_ba_to_gj.38;194.00;in_ba_to_gj.38;0;1755.68;1.20;0.00;61.61;car;;0;0.00
3435.00;972103805_0;116.86;9.31;3171.00;14.01;-230845886_0;5.10;0.00;tripinfo_in_ba_to_ko.69;264.00;in_ba_to_ko.69;0;2114.29;0.94;0.00;58.73;car;;3;21.00
3437.00;23156390_0;1121.44;10.41;2761.00;28.42;803785575#0_0;5.10;0.00;tripinfo_in_od_to_br.27;676.00;in_od_to_br.27;0;3149.31;1.04;0.00;398.78;car;;16;178.00
3437.00;28706217_0;94.10;7.00;3092.00;40.67;23687583_0;5.10;0.00;tripinfo_in_as_to_sl.38;345.00;in_as_to_sl.38;0;1976.75;0.97;0.00;156.09;car;;6;74.00
3437.00;972103805_0;116.86;10.09;3174.00;11.09;-230845886_0;5.10;0.00;tripinfo_in_ba_to_ko.70;263.00;in_ba_to_ko.70;0;2114.29;1.01;0.00;72.81;car;;3;20.00
3438.00;23156305_0;1264.14;11.91;3112.00;0.82;-23142338#2_0;5.10;0.00;tripinfo_in_ns_to_gg.13;326.00;in_ns_to_gg.13;0;3297.24;1.12;0.00;56.29;car;;3;10.00
3438.00;23527526_0;253.75;10.22;3249.00;10.38;-230845886_0;5.10;0.00;tripinfo_in_ba_to_gj.39;189.00;in_ba_to_gj.39;0;1755.68;0.99;0.00;28.86;car;;1;4.00
3439.00;41899283#1_0;148.70;9.22;3266.00;0.03;-230845886_0;5.10;0.00;tripinfo_in_ba_to_as.42;173.00;in_ba_to_as.42;0;1430.78;0.83;0.00;17.22;car;;0;0.00
3440.00;972103805_0;116.86;9.90;3183.00;10.27;-230845886_0;5.10;0.00;tripinfo_in_ba_to_ko.71;257.00;in_ba_to_ko.71;0;2114.29;0.95;0.00;53.62;car;;3;16.00
3441.00;28706217_0;94.10;7.47;3098.00;41.36;23687583_0;5.10;0.00;tripinfo_in_as_to_sl.39;343.00;in_as_to_sl.39;0;1976.75;0.92;0.00;143.92;car;;6;71.00
3442.00;972103805_0;116.86;11.50;3300.00;0.30;-23142338#2_0;5.10;0.00;tripinfo_in_ns_to_ko.124;142.00;in_ns_to_ko.124;0;1398.55;1.12;0.00;29.66;car;;2;11.00
3443.00;23156390_0;1121.44;11.33;2764.00;27.06;803785575#0_0;5.10;0.00;tripinfo_in_od_to_br.28;679.00;in_od_to_br.28;0;3149.31;1.04;0.00;402.52;car;;19;174.00
3443.00;28706217_0;94.10;7.37;3105.00;36.93;23687583_0;5.10;0.00;tripinfo_in_as_to_sl.41;338.00;in_as_to_sl.41;0;1976.75;1.03;0.00;159.40;car;;6;70.00
3447.00;45494495_0;58.90;11.42;3276.00;7.48;-230845886_0;5.10;0.00;tripinfo_in_ba_to_os.41;171.00;in_ba_to_os.41;0;1647.96;1.05;0.00;29.46;car;;0;0.00
3451.00;28716808#1_0;754.74;11.60;3301.00;37.22;23687583_0;5.10;0.00;tripinfo_in_as_to_kl.9;150.00;in_as_to_kl.9;0;1207.92;1.09;0.00;49.21;car;;1;11.00
3451.00;41899283#1_0;148.70;9.68;3285.00;6.06;-230845886_0;5.10;0.00;tripinfo_in_ba_to_as.43;166.00;in_ba_to_as.43;0;1430.78;0.93;0.00;26.84;car;;1;1.00
3453.00;230845886_0;633.12;9.86;3279.00;52.56;23687583_0;5.10;0.00;tripinfo_in_as_to_ba.26;174.00;in_as_to_ba.26;0;1356.50;1.00;0.00;50.86;car;;2;21.00
3455.00;230845886_0;633.12;12.40;3288.00;46.61;23687583_0;5.10;0.00;tripinfo_in_as_to_ba.27;167.00;in_as_to_ba.27;0;1356.50;1.19;0.00;63.82;car;;3;19.00
3456.00;230845886_0;633.12;13.05;2773.00;32.11;803785575#0_0;5.10;0.00;tripinfo_in_od_to_ba.28;683.00;in_od_to_ba.28;0;2382.14;1.19;0.00;502.36;car;;17;280.00
3456.00;28706217_0;94.10;6.05;3115.00;17.93;23687583_0;5.10;0.00;tripinfo_in_as_to_sl.42;341.00;in_as_to_sl.42;0;1976.75;0.83;0.00;120.72;car;;4;46.00
3456.00;23156390_0;1121.44;11.19;3177.00;13.52;-230845886_0;5.10;0.00;tripinfo_in_ba_to_br.2;279.00;in_ba_to_br.2;0;2198.00;1.03;0.00;84.58;car;;5;32.00
3457.00;23156390_0;1121.44;12.12;2779.00;30.83;803785575#0_0;5.10;0.00;tripinfo_in_od_to_br.29;678.00;in_od_to_br.29;0;3149.31;1.14;0.00;427.69;car;;21;187.00
3457.00;23527526_0;253.75;9.77;3350.00;26.68;23687583_0;5.10;0.00;tripinfo_in_as_to_gj.38;107.00;in_as_to_gj.38;0;649.06;0.94;0.00;43.50;car;;1;22.00
3458.00;28706217_0;94.10;8.61;3146.00;37.99;23687583_0;5.10;0.00;tripinfo_in_as_to_sl.43;312.00;in_as_to_sl.43;0;1976.75;1.10;0.00;145.13;car;;4;30.00
3458.00;972103805_0;116.86;11.94;3311.00;43.36;23687583_0;5.10;0.00;tripinfo_in_as_to_ko.50;147.00;in_as_to_ko.50;0;1102.39;1.11;0.00;56.27;car;;2;22.00
3460.00;28706217_0;94.10;7.18;3156.00;13.69;-230845886_0;5.10;0.00;tripinfo_in_ba_to_sl.25;304.00;in_ba_to_sl.25;0;1934.94;0.96;0.00;116.12;car;;4;38.00
3462.00;972103805_0;116.86;9.95;3317.00;45.66;23687583_0;5.10;0.00;tripinfo_in_as_to_ko.51;145.00;in_as_to_ko.51;0;1102.39;0.95;0.00;40.39;car;;2;6.00
3466.00;972103805_0;116.86;9.57;3331.00;47.84;23687583_0;5.10;0.00;tripinfo_in_as_to_ko.52;135.00;in_as_to_ko.52;0;1102.39;0.90;0.00;24.46;car;;0;0.00
3467.00;28706217_0;94.10;7.38;3186.00;12.26;-230845886_0;5.10;0.00;tripinfo_in_ba_to_sl.26;281.00;in_ba_to_sl.26;0;1934.94;0.90;0.00;81.80;car;;4;25.00
3468.00;41899283#1_0;148.70;10.57;2755.00;31.78;803785575#0_0;5.10;0.00;tripinfo_in_od_to_as.21;713.00;in_od_to_as.21;0;2382.09;0.96;0.00;487.70;car;;25;294.00
3468.00;972103805_0;116.86;11.24;3338.00;35.34;23687583_0;5.10;0.00;tripinfo_in_as_to_ko.53;130.00;in_as_to_ko.53;0;1102.39;1.10;0.00;39.13;car;;0;0.00
3469.00;23156030#6_0;109.07;11.09;3201.00;0.63;-230845886_0;5.10;0.00;tripinfo_in_ba_to_od.1;268.00;in_ba_to_od.1;0;2315.50;1.00;0.00;59.00;car;;1;3.00
3472.00;230845886_0;633.12;10.19;3295.00;35.12;23687583_0;5.10;0.00;tripinfo_in_as_to_ba.28;177.00;in_as_to_ba.28;0;1356.50;0.94;0.00;46.39;car;;3;17.00
3473.00;972103805_0;116.86;8.49;3168.00;0.35;-45494495_0;5.10;0.00;tripinfo_in_os_to_ko.18;305.00;in_os_to_ko.18;0;2045.29;0.83;0.00;71.15;car;;3;12.00
3475.00;972103805_0;116.86;10.78;3178.00;1.17;-45494495_0;5.10;0.00;tripinfo_in_os_to_ko.19;297.00;in_os_to_ko.19;0;2045.29;1.09;0.00;116.09;car;;2;10.00
3475.00;28706217_0;94.10;5.52;3191.00;0.27;-230845886_0;5.10;0.00;tripinfo_in_ba_to_sl.27;284.00;in_ba_to_sl.27;0;1934.94;0.81;0.00;60.75;car;;2;5.00
3475.00;23156030#6_0;109.07;10.26;3233.00;2.37;-230845886_0;5.10;0.00;tripinfo_in_ba_to_od.2;242.00;in_ba_to_od.2;0;2315.50;1.04;0.00;41.05;car;;0;0.00
3475.00;23142338#2_0;290.21;11.22;3243.00;6.08;-230845886_0;5.10;0.00;tripinfo_in_ba_to_ns.17;232.00;in_ba_to_ns.17;0;2346.36;1.06;0.00;31.71;car;;0;0.00
3477.00;972103805_0;116.86;9.72;3183.00;0.71;-45494495_0;5.10;0.00;tripinfo_in_os_to_ko.20;294.00;in_os_to_ko.20;0;2045.29;0.96;0.00;90.60;car;;4;9.00
3477.00;28706217_0;94.10;7.94;3226.00;3.12;-230845886_0;5.10;0.00;tripinfo_in_ba_to_sl.28;251.00;in_ba_to_sl.28;0;1934.94;1.07;0.00;82.46;car;;2;2.00
3478.00;41899283#1_0;148.70;10.42;3249.00;0.64;-23142338#2_0;5.10;0.00;tripinfo_in_ns_to_as.17;229.00;in_ns_to_as.17;0;2009.37;0.97;0.00;39.75;car;;2;10.00
3478.00;23527526_0;253.75;13.34;3365.00;28.03;23687583_0;5.10;0.00;tripinfo_in_as_to_gj.39;113.00;in_as_to_gj.39;0;649.06;1.22;0.00;64.75;car;;2;26.00
3479.00;28706217_0;94.10;7.53;3237.00;0.58;-230845886_0;5.10;0.00;tripinfo_in_ba_to_sl.29;242.00;in_ba_to_sl.29;0;1934.94;1.03;0.00;67.67;car;;0;0.00
3480.00;23156305_0;1264.14;10.29;2749.00;30.59;803785575#0_0;5.10;0.00;tripinfo_in_od_to_gg.33;731.00;in_od_to_gg.33;0;3669.96;1.04;0.00;409.67;car;;20;179.00
3481.00;23156030#6_0;109.07;10.06;3176.00;31.26;23687583_0;5.10;0.00;tripinfo_in_as_to_od.12;305.00;in_as_to_od.12;0;2357.31;0.92;0.00;73.12;car;;3;28.00
3482.00;28706217_0;94.10;7.41;3191.00;34.39;23687583_0;5.10;0.00;tripinfo_in_as_to_sl.44;291.00;in_as_to_sl.44;0;1976.75;0.99;0.00;105.08;car;;4;32.00
3484.00;28706217_0;94.10;8.57;3200.00;33.62;23687583_0;5.10;0.00;tripinfo_in_as_to_sl.45;284.00;in_as_to_sl.45;0;1976.75;1.14;0.00;122.32;car;;5;27.00
3486.00;45494495_0;58.90;11.80;3276.00;51.06;23687583_0;5.10;0.00;tripinfo_in_as_to_os.30;210.00;in_as_to_os.30;0;1689.77;1.15;0.00;77.68;car;;2;21.00
3487.00;972103805_0;116.86;11.11;3320.00;0.93;-23142338#2_0;5.10;0.00;tripinfo_in_ns_to_ko.125;167.00;in_ns_to_ko.125;0;1398.55;1.10;0.00;51.89;car;;2;17.00
3487.00;41899283#1_0;148.70;9.94;3332.00;0.71;-230845886_0;5.10;0.00;tripinfo_in_ba_to_as.44;155.00;in_ba_to_as.44;0;1430.78;0.97;0.00;21.34;car;;1;4.00
3489.00;28706217_0;94.10;7.47;3213.00;39.11;23687583_0;5.10;0.00;tripinfo_in_as_to_sl.46;276.00;in_as_to_sl.46;0;1976.75;1.03;0.00;98.66;car;;4;24.00
3489.00;972103805_0;116.86;11.17;3326.00;5.67;-23142338#2_0;5.10;0.00;tripinfo_in_ns_to_ko.126;163.00;in_ns_to_ko.126;0;1398.55;1.04;0.00;41.33;car;;1;7.00
3489.00;41899283#1_0;148.70;12.11;3338.00;3.80;-230845886_0;5.10;0.00;tripinfo_in_ba_to_as.45;151.00;in_ba_to_as.45;0;1430.78;1.18;0.00;41.21;car;;1;4.00
3491.00;28706217_0;94.10;8.27;3216.00;29.93;23687583_0;5.10;0.00;tripinfo_in_as_to_sl.47;275.00;in_as_to_sl.47;0;1976.75;1.13;0.00;113.47;car;;4;22.00
3492.00;23142338#2_0;290.21;10.08;3185.00;33.99;23687583_0;5.10;0.00;tripinfo_in_as_to_ns.30;307.00;in_as_to_ns.30;0;1995.73;0.94;0.00;112.78;car;;4;66.00
3493.00;23156305_0;1264.14;10.18;2493.00;9.50;803785575#0_0;5.10;0.00;tripinfo_in_od_to_gg.15;1000.00;in_od_to_gg.15;0;3669.96;0.99;0.00;664.39;car;;24;382.00
3493.00;23156390_0;1121.44;9.99;3149.00;0.55;-45494495_0;5.10;0.00;tripinfo_in_os_to_br.8;344.00;in_os_to_br.8;0;2513.69;0.96;0.00;106.99;car;;8;34.00
3494.00;23142338#2_0;290.21;9.85;3225.00;22.76;23687583_0;5.10;0.00;tripinfo_in_as_to_ns.31;269.00;in_as_to_ns.31;0;1995.73;0.98;0.00;82.66;car;;3;29.00
3494.00;972103805_0;116.86;10.03;3329.00;0.47;-23142338#2_0;5.10;0.00;tripinfo_in_ns_to_ko.127;165.00;in_ns_to_ko.127;0;1398.55;0.94;0.00;29.92;car;;1;7.00
3496.00;972103805_0;116.86;9.57;3201.00;0.92;-45494495_0;5.10;0.00;tripinfo_in_os_to_ko.21;295.00;in_os_to_ko.21;0;2045.29;0.97;0.00;93.88;car;;5;21.00
3497.00;28706217_0;94.10;7.59;3420.00;0.08;-45494495_0;5.10;0.00;tripinfo_in_os_to_sl.13;77.00;in_os_to_sl.13;0;484.95;1.05;0.00;30.23;car;;1;1.00
3499.00;23527526_0;253.75;8.37;3375.00;21.95;23687583_0;5.10;0.00;tripinfo_in_as_to_gj.40;124.00;in_as_to_gj.40;0;649.06;0.78;0.00;47.80;car;;2;24.00
3501.00;230845886_0;633.12;8.13;2788.00;30.95;803785575#0_0;5.10;0.00;tripinfo_in_od_to_ba.29;713.00;in_od_to_ba.29;0;2382.14;0.82;0.00;450.59;car;;18;279.00
3501.00;23527526_0;253.75;9.39;3381.00;21.92;23687583_0;5.10;0.00;tripinfo_in_as_to_gj.41;120.00;in_as_to_gj.41;0;649.06;0.88;0.00;52.52;car;;2;22.00
3503.00;23527526_0;253.75;10.25;3306.00;1.66;-230845886_0;5.10;0.00;tripinfo_in_ba_to_gj.40;197.00;in_ba_to_gj.40;0;1755.68;0.96;0.00;31.62;car;;1;2.00
3504.00;28706217_0;94.10;6.33;3255.00;6.21;-230845886_0;5.10;0.00;tripinfo_in_ba_to_sl.30;249.00;in_ba_to_sl.30;0;1934.94;0.91;0.00;51.78;car;;2;9.00
3504.00;41899283#1_0;148.70;10.17;3277.00;0.79;-45494495_0;5.10;0.00;tripinfo_in_os_to_as.14;227.00;in_os_to_as.14;0;1746.47;1.03;0.00;72.54;car;;3;24.00
3507.00;972103805_0;116.86;10.75;3205.00;0.35;-45494495_0;5.10;0.00;tripinfo_in_os_to_ko.22;302.00;in_os_to_ko.22;0;2045.29;1.05;0.00;115.63;car;;6;31.00
3507.00;23156390_0;1121.44;9.67;3298.00;37.80;23687583_0;5.10;0.00;tripinfo_in_as_to_br.11;209.00;in_as_to_br.11;0;1694.48;0.97;0.00;49.89;car;;2;14.00
3508.00;23142338#2_0;290.21;10.54;3231.00;18.59;23687583_0;5.10;0.00;tripinfo_in_as_to_ns.32;277.00;in_as_to_ns.32;0;1995.73;0.95;0.00;86.60;car;;4;35.00
3509.00;972103805_0;116.86;10.82;3248.00;0.26;-45494495_0;5.10;0.00;tripinfo_in_os_to_ko.23;261.00;in_os_to_ko.23;0;2045.29;1.04;0.00;72.20;car;;3;19.00
3509.00;28706217_0;94.10;6.96;3282.00;3.14;-230845886_0;5.10;0.00;tripinfo_in_ba_to_sl.31;227.00;in_ba_to_sl.31;0;1934.94;0.91;0.00;29.60;car;;1;1.00
3510.00;23527526_0;253.75;8.57;2503.00;13.18;803785575#0_0;5.10;0.00;tripinfo_in_od_to_gj.5;1007.00;in_od_to_gj.5;0;2706.99;0.88;0.00;728.62;car;;24;487.00
3510.00;41899283#1_0;148.70;11.69;2791.00;33.81;803785575#0_0;5.10;0.00;tripinfo_in_od_to_as.23;719.00;in_od_to_as.23;0;2382.09;1.13;0.00;527.95;car;;21;287.00
3511.00;28706217_0;94.10;8.45;2908.00;0.94;-23142338#2_0;5.10;0.00;tripinfo_in_ns_to_sl.4;603.00;in_ns_to_sl.4;0;1619.36;1.05;0.00;446.94;car;;6;400.00
3514.00;23156030#6_0;109.07;8.89;3194.00;34.26;23687583_0;5.10;0.00;tripinfo_in_as_to_od.13;320.00;in_as_to_od.13;0;2357.31;0.90;0.00;84.22;car;;5;31.00
3514.00;972103805_0;116.86;9.73;3332.00;3.41;-23142338#2_0;5.10;0.00;tripinfo_in_ns_to_ko.128;182.00;in_ns_to_ko.128;0;1398.55;0.92;0.00;44.97;car;;3;17.00
3514.00;23527526_0;253.75;11.07;3393.00;5.53;23687583_0;5.10;0.00;tripinfo_in_as_to_gj.42;121.00;in_as_to_gj.42;0;649.06;1.00;0.00;61.22;car;;3;33.00
3515.00;41899283#1_0;148.70;9.42;2803.00;36.04;803785575#0_0;5.10;0.00;tripinfo_in_od_to_as.24;712.00;in_od_to_as.24;0;2382.09;0.92;0.00;477.28;car;;22;270.00
3515.00;23142338#2_0;290.21;11.21;3258.00;40.16;23687583_0;5.10;0.00;tripinfo_in_as_to_ns.33;257.00;in_as_to_ns.33;0;1995.73;1.10;0.00;91.57;car;;4;38.00
3516.00;230845886_0;633.12;11.05;2839.00;37.89;803785575#0_0;5.10;0.00;tripinfo_in_od_to_ba.33;677.00;in_od_to_ba.33;0;2382.14;1.05;0.00;472.00;car;;27;256.00
3516.00;23156305_0;1264.14;10.18;3152.00;2.36;-45494495_0;5.10;0.00;tripinfo_in_os_to_gg.13;364.00;in_os_to_gg.13;0;3034.34;0.99;0.00;85.99;car;;5;20.00
3516.00;972103805_0;116.86;10.58;3335.00;4.00;-23142338#2_0;5.10;0.00;tripinfo_in_ns_to_ko.129;181.00;in_ns_to_ko.129;0;1398.55;1.02;0.00;56.91;car;;3;16.00
3520.00;230845886_0;633.12;10.83;3353.00;29.08;23687583_0;5.10;0.00;tripinfo_in_as_to_ba.29;167.00;in_as_to_ba.29;0;1356.50;1.08;0.00;53.66;car;;2;23.00
3523.00;972103805_0;116.86;9.34;3252.00;11.98;-230845886_0;5.10;0.00;tripinfo_in_ba_to_ko.72;271.00;in_ba_to_ko.72;0;2114.29;0.89;0.00;53.45;car;;3;18.00
3523.00;23527526_0;253.75;11.20;3396.00;3.94;23687583_0;5.10;0.00;tripinfo_in_as_to_gj.43;127.00;in_as_to_gj.43;0;649.06;1.03;0.00;69.48;car;;4;33.00
3524.00;41899283#1_0;148.70;10.70;3294.00;0.10;-45494495_0;5.10;0.00;tripinfo_in_os_to_as.15;230.00;in_os_to_as.15;0;1746.47;1.01;0.00;74.00;car;;2;15.00
3525.00;972103805_0;116.86;9.10;3269.00;2.33;-230845886_0;5.10;0.00;tripinfo_in_ba_to_ko.73;256.00;in_ba_to_ko.73;0;2114.29;0.93;0.00;48.66;car;;1;7.00
3528.00;972103805_0;116.86;9.59;3273.00;5.97;-230845886_0;5.10;0.00;tripinfo_in_ba_to_ko.74;255.00;in_ba_to_ko.74;0;2114.29;0.90;0.00;41.11;car;;1;11.00
3530.00;23527526_0;253.75;10.87;3413.00;0.15;23687583_0;5.10;0.00;tripinfo_in_as_to_gj.44;117.00;in_as_to_gj.44;0;649.06;1.01;0.00;58.40;car;;4;19.00
3532.00;972103805_0;116.86;9.20;3341.00;5.38;-23142338#2_0;5.10;0.00;tripinfo_in_ns_to_ko.130;191.00;in_ns_to_ko.130;0;1398.55;0.91;0.00;52.04;car;;4;17.00
3533.00;23156390_0;1121.44;11.22;2797.00;32.15;803785575#0_0;5.10;0.00;tripinfo_in_od_to_br.30;736.00;in_od_to_br.30;0;3149.31;1.11;0.00;479.01;car;;18;270.00
3535.00;972103805_0;116.86;10.25;3344.00;0.77;-23142338#2_0;5.10;0.00;tripinfo_in_ns_to_ko.131;191.00;in_ns_to_ko.131;0;1398.55;0.97;0.00;61.62;car;;4;12.00
3538.00;41899283#1_0;148.70;9.71;3304.00;0.37;-23142338#2_0;5.10;0.00;tripinfo_in_ns_to_as.18;234.00;in_ns_to_as.18;0;2009.37;0.94;0.00;39.76;car;;1;12.00
3539.00;45494495_0;58.90;11.13;3323.00;42.14;23687583_0;5.10;0.00;tripinfo_in_as_to_os.31;216.00;in_as_to_os.31;0;1689.77;1.03;0.00;67.68;car;;1;4.00
3540.00;972103805_0;116.86;10.16;3288.00;6.51;-230845886_0;5.10;0.00;tripinfo_in_ba_to_ko.75;252.00;in_ba_to_ko.75;0;2114.29;1.03;0.00;64.21;car;;2;11.00
3541.00;45494495_0;58.90;11.20;3335.00;40.13;23687583_0;5.10;0.00;tripinfo_in_as_to_os.32;206.00;in_as_to_os.32;0;1689.77;1.09;0.00;66.60;car;;2;12.00
3543.00;230845886_0;633.12;10.35;2848.00;37.60;803785575#0_0;5.10;0.00;tripinfo_in_od_to_ba.35;695.00;in_od_to_ba.35;0;2382.14;1.03;0.00;486.65;car;;19;267.00
3543.00;23142338#2_0;290.21;9.94;3262.00;0.65;-230845886_0;5.10;0.00;tripinfo_in_ba_to_ns.18;281.00;in_ba_to_ns.18;0;2346.36;0.91;0.00;48.80;car;;3;14.00
3545.00;972103805_0;116.86;8.38;3294.00;6.70;-230845886_0;5.10;0.00;tripinfo_in_ba_to_ko.76;251.00;in_ba_to_ko.76;0;2114.29;0.86;0.00;28.48;car;;1;3.00
3547.00;972103805_0;116.86;10.20;3325.00;0.83;-230845886_0;5.10;0.00;tripinfo_in_ba_to_ko.77;222.00;in_ba_to_ko.77;0;2114.29;1.03;0.00;35.39;car;;1;1.00
3548.00;28716808#1_0;754.74;11.32;3372.00;19.22;23687583_0;5.10;0.00;tripinfo_in_as_to_kl.10;176.00;in_as_to_kl.10;0;1207.92;1.06;0.00;72.63;car;;3;33.00
3550.00;45494495_0;58.90;9.73;2968.00;21.69;803785575#0_0;5.10;0.00;tripinfo_in_od_to_os.52;582.00;in_od_to_os.52;0;969.96;0.91;0.00;485.18;car;;18;273.00
3550.00;972103805_0;116.86;9.37;3358.00;0.36;-23142338#2_0;5.10;0.00;tripinfo_in_ns_to_ko.132;192.00;in_ns_to_ko.132;0;1398.55;0.94;0.00;58.10;car;;4;17.00
3552.00;41899283#1_0;148.70;10.53;3401.00;1.48;-230845886_0;5.10;0.00;tripinfo_in_ba_to_as.46;151.00;in_ba_to_as.46;0;1430.78;1.06;0.00;28.18;car;;1;3.00
3553.00;45494495_0;58.90;9.23;3347.00;26.31;23687583_0;5.10;0.00;tripinfo_in_as_to_os.33;206.00;in_as_to_os.33;0;1689.77;0.93;0.00;42.84;car;;1;3.00
3553.00;23527526_0;253.75;10.41;3418.00;0.16;23687583_0;5.10;0.00;tripinfo_in_as_to_gj.45;135.00;in_as_to_gj.45;0;649.06;0.96;0.00;72.92;car;;5;30.00
3554.00;230845886_0;633.12;10.33;2824.00;35.95;803785575#0_0;5.10;0.00;tripinfo_in_od_to_ba.32;730.00;in_od_to_ba.32;0;2382.14;0.94;0.00;500.93;car;;24;279.00
3554.00;23156030#6_0;109.07;9.47;3297.00;9.60;-230845886_0;5.10;0.00;tripinfo_in_ba_to_od.3;257.00;in_ba_to_od.3;0;2315.50;0.89;0.00;21.66;car;;0;0.00
3555.00;23527526_0;253.75;11.56;3358.00;0.24;-230845886_0;5.10;0.00;tripinfo_in_ba_to_gj.41;197.00;in_ba_to_gj.41;0;1755.68;1.09;0.00;50.99;car;;2;9.00
3556.00;230845886_0;633.12;10.12;2842.00;39.51;803785575#0_0;5.10;0.00;tripinfo_in_od_to_ba.34;714.00;in_od_to_ba.34;0;2382.14;1.00;0.00;497.71;car;;22;278.00
3556.00;972103805_0;116.86;7.93;3356.00;28.26;23687583_0;5.10;0.00;tripinfo_in_as_to_ko.54;200.00;in_as_to_ko.54;0;1102.39;0.76;0.00;69.30;car;;3;42.00
3556.00;28716808#1_0;754.74;11.00;3384.00;24.49;23687583_0;5.10;0.00;tripinfo_in_as_to_kl.11;172.00;in_as_to_kl.11;0;1207.92;1.02;0.00;64.56;car;;3;23.00
3558.00;972103805_0;116.86;9.09;3362.00;27.79;23687583_0;5.10;0.00;tripinfo_in_as_to_ko.55;196.00;in_as_to_ko.55;0;1102.39;0.89;0.00;84.11;car;;3;38.00
3558.00;45494495_0;58.90;10.04;3370.00;0.33;-230845886_0;5.10;0.00;tripinfo_in_ba_to_os.42;188.00;in_ba_to_os.42;0;1647.96;0.92;0.00;26.25;car;;1;6.00
3560.00;23142338#2_0;290.21;8.85;3261.00;36.88;23687583_0;5.10;0.00;tripinfo_in_as_to_ns.34;299.00;in_as_to_ns.34;0;1995.73;0.81;0.00;74.87;car;;4;25.00
3560.00;972103805_0;116.86;10.81;3387.00;18.05;23687583_0;5.10;0.00;tripinfo_in_as_to_ko.56;173.00;in_as_to_ko.56;0;1102.39;1.01;0.00;74.04;car;;3;30.00
3561.00;23156030#6_0;109.07;11.25;3483.00;2.80;-45494495_0;5.10;0.00;tripinfo_in_os_to_od.13;78.00;in_os_to_od.13;0;865.51;1.11;0.00;7.12;car;;0;0.00
3562.00;23142338#2_0;290.21;9.30;2644.00;9.35;803785575#0_0;5.10;0.00;tripinfo_in_od_to_ns.12;918.00;in_od_to_ns.12;0;1928.29;0.94;0.00;721.13;car;;31;399.00
3562.00;41899283#1_0;148.70;11.46;2854.00;42.88;803785575#0_0;5.10;0.00;tripinfo_in_od_to_as.26;708.00;in_od_to_as.26;0;2382.09;1.08;0.00;508.15;car;;21;276.00
3562.00;972103805_0;116.86;10.31;3361.00;1.12;-23142338#2_0;5.10;0.00;tripinfo_in_ns_to_ko.133;201.00;in_ns_to_ko.133;0;1398.55;1.01;0.00;75.07;car;;4;16.00
3563.00;45494495_0;58.90;10.15;2959.00;30.11;803785575#0_0;5.10;0.00;tripinfo_in_od_to_os.51;604.00;in_od_to_os.51;0;969.96;0.98;0.00;514.28;car;;22;292.00
3563.00;972103805_0;116.86;10.65;3335.00;1.69;-230845886_0;5.10;0.00;tripinfo_in_ba_to_ko.78;228.00;in_ba_to_ko.78;0;2114.29;1.02;0.00;39.91;car;;2;6.00
3564.00;23142338#2_0;290.21;11.97;2671.00;23.55;803785575#0_0;5.10;0.00;tripinfo_in_od_to_ns.13;893.00;in_od_to_ns.13;0;1928.29;1.08;0.00;720.71;car;;22;381.00
3564.00;41899283#1_0;148.70;11.98;2827.00;37.04;803785575#0_0;5.10;0.00;tripinfo_in_od_to_as.25;737.00;in_od_to_as.25;0;2382.09;1.08;0.00;538.27;car;;25;318.00
3565.00;972103805_0;116.86;10.66;3341.00;3.21;-230845886_0;5.10;0.00;tripinfo_in_ba_to_ko.79;224.00;in_ba_to_ko.79;0;2114.29;1.03;0.00;36.14;car;;2;5.00
3566.00;45494495_0;58.90;11.83;2974.00;21.88;803785575#0_0;5.10;0.00;tripinfo_in_od_to_os.53;592.00;in_od_to_os.53;0;969.96;1.07;0.00;509.49;car;;23;289.00
3568.00;972103805_0;116.86;10.69;2581.00;15.93;803785575#0_0;5.10;0.00;tripinfo_in_od_to_ko.27;987.00;in_od_to_ko.27;0;2307.67;0.99;0.00;765.08;car;;30;453.00
3570.00;23527526_0;253.75;11.57;3378.00;0.42;-230845886_0;5.10;0.00;tripinfo_in_ba_to_gj.42;192.00;in_ba_to_gj.42;0;1755.68;1.13;0.00;50.15;car;;2;16.00
3572.00;972103805_0;116.86;9.54;2584.00;16.64;803785575#0_0;5.10;0.00;tripinfo_in_od_to_ko.28;988.00;in_od_to_ko.28;0;2307.67;0.95;0.00;756.99;car;;30;432.00
3574.00;23142338#2_0;290.21;8.64;3285.00;48.81;23687583_0;5.10;0.00;tripinfo_in_as_to_ns.35;289.00;in_as_to_ns.35;0;1995.73;0.86;0.00;78.11;car;;5;30.00
3575.00;41899283#1_0;148.70;12.36;2869.00;45.84;803785575#0_0;5.10;0.00;tripinfo_in_od_to_as.27;706.00;in_od_to_as.27;0;2382.09;1.14;0.00;517.02;car;;21;237.00
3575.00;23142338#2_0;290.21;9.77;3308.00;42.49;23687583_0;5.10;0.00;tripinfo_in_as_to_ns.36;267.00;in_as_to_ns.36;0;1995.73;0.92;0.00;69.38;car;;3;13.00
3575.00;23156305_0;1264.14;10.60;3279.00;9.66;-230845886_0;5.10;0.00;tripinfo_in_ba_to_gg.14;296.00;in_ba_to_gg.14;0;2718.65;1.00;0.00;49.05;car;;1;7.00
3576.00;972103805_0;116.86;9.22;3370.00;0.03;-23142338#2_0;5.10;0.00;tripinfo_in_ns_to_ko.134;206.00;in_ns_to_ko.134;0;1398.55;0.93;0.00;69.51;car;;5;24.00
3576.00;23156030#6_0;109.07;10.37;3494.00;0.28;-45494495_0;5.10;0.00;tripinfo_in_os_to_od.14;82.00;in_os_to_od.14;0;865.51;1.04;0.00;6.95;car;;0;0.00
3577.00;23156305_0;1264.14;11.27;3291.00;5.53;-230845886_0;5.10;0.00;tripinfo_in_ba_to_gg.15;286.00;in_ba_to_gg.15;0;2718.65;1.06;0.00;52.28;car;;1;1.00
3578.00;972103805_0;116.86;11.98;3401.00;0.57;23687583_0;5.10;0.00;tripinfo_in_as_to_ko.57;177.00;in_as_to_ko.57;0;1102.39;1.18;0.00;91.88;car;;5;39.00
3581.00;972103805_0;116.86;10.07;3344.00;4.66;-230845886_0;5.10;0.00;tripinfo_in_ba_to_ko.80;237.00;in_ba_to_ko.80;0;2114.29;0.94;0.00;33.04;car;;1;8.00
3583.00;41899283#1_0;148.70;8.87;2593.00;19.05;803785575#0_0;5.10;0.00;tripinfo_in_od_to_as.17;990.00;in_od_to_as.17;0;2382.09;0.86;0.00;739.33;car;;28;419.00
3584.00;41899283#1_0;148.70;10.67;2875.00;43.52;803785575#0_0;5.10;0.00;tripinfo_in_od_to_as.28;709.00;in_od_to_as.28;0;2382.09;0.99;0.00;492.72;car;;20;234.00
3585.00;230845886_0;633.12;11.71;3404.00;3.14;23687583_0;5.10;0.00;tripinfo_in_as_to_ba.30;181.00;in_as_to_ba.30;0;1356.50;1.09;0.00;68.18;car;;4;25.00
3587.00;23527526_0;253.75;10.19;3443.00;3.42;23687583_0;5.10;0.00;tripinfo_in_as_to_gj.46;144.00;in_as_to_gj.46;0;649.06;1.03;0.00;86.05;car;;4;45.00
3589.00;972103805_0;116.86;9.51;3379.00;0.04;-23142338#2_0;5.10;0.00;tripinfo_in_ns_to_ko.135;210.00;in_ns_to_ko.135;0;1398.55;0.93;0.00;75.04;car;;4;25.00
3591.00;23527526_0;253.75;11.78;3333.00;0.14;-45494495_0;5.10;0.00;tripinfo_in_os_to_gj.4;258.00;in_os_to_gj.4;0;2071.37;1.14;0.00;92.62;car;;2;17.00
3594.00;28716808#1_0;754.74;9.00;3323.00;3.85;-23142338#2_0;5.10;0.00;tripinfo_in_ns_to_kl.9;271.00;in_ns_to_kl.9;0;2315.58;0.88;0.00;32.49;car;;1;5.00
3594.00;41899283#1_0;148.70;9.46;3433.00;0.07;-230845886_0;5.10;0.00;tripinfo_in_ba_to_as.47;161.00;in_ba_to_as.47;0;1430.78;0.92;0.00;20.29;car;;1;2.00
3596.00;972103805_0;116.86;8.43;2596.00;17.60;803785575#0_0;5.10;0.00;tripinfo_in_od_to_ko.29;1000.00;in_od_to_ko.29;0;2307.67;0.86;0.00;745.93;car;;33;438.00
3596.00;28706217_0;94.10;7.37;3234.00;18.63;23687583_0;5.10;0.00;tripinfo_in_as_to_sl.48;362.00;in_as_to_sl.48;0;1976.75;0.91;0.00;161.49;car;;5;95.00
3598.00;972103805_0;116.86;10.57;2599.00;19.19;803785575#0_0;5.10;0.00;tripinfo_in_od_to_ko.30;999.00;in_od_to_ko.30;0;2307.67;0.99;0.00;775.97;car;;30;424.00
3600.00;972103805_0;116.86;11.15;3409.00;2.42;-23142338#2_0;5.10;0.00;tripinfo_in_ns_to_ko.136;191.00;in_ns_to_ko.136;0;1398.55;1.01;0.00;65.99;car;;2;13.00
3601.00;972103805_0;116.86;10.76;3413.00;0.85;-23142338#2_0;5.10;0.00;tripinfo_in_ns_to_ko.137;188.00;in_ns_to_ko.137;0;1398.55;1.04;0.00;67.46;car;;2;13.00
3604.00;28716808#1_0;754.74;9.43;2740.00;26.00;803785575#0_0;5.10;0.00;tripinfo_in_od_to_kl.20;864.00;in_od_to_kl.20;0;2678.40;0.90;0.00;594.76;car;;25;358.00
3605.00;972103805_0;116.86;11.12;3433.00;0.04;23687583_0;5.10;0.00;tripinfo_in_as_to_ko.58;172.00;in_as_to_ko.58;0;1102.39;1.02;0.00;74.38;car;;4;32.00
3606.00;41899283#1_0;148.70;10.73;3398.00;0.70;-23142338#2_0;5.10;0.00;tripinfo_in_ns_to_as.19;208.00;in_ns_to_as.19;0;2009.37;1.06;0.00;33.72;car;;1;5.00
3607.00;23156390_0;1121.44;9.32;2515.00;12.73;803785575#0_0;5.10;0.00;tripinfo_in_od_to_br.18;1092.00;in_od_to_br.18;0;3149.31;0.87;0.00;761.68;car;;34;492.00
3609.00;23156390_0;1121.44;11.49;2809.00;39.74;803785575#0_0;5.10;0.00;tripinfo_in_od_to_br.31;800.00;in_od_to_br.31;0;3149.31;1.11;0.00;540.73;car;;25;287.00
3609.00;23527526_0;253.75;10.78;3338.00;2.57;-23142338#2_0;5.10;0.00;tripinfo_in_ns_to_gj.11;271.00;in_ns_to_gj.11;0;2084.96;1.07;0.00;94.43;car;;5;35.00
3610.00;28706217_0;94.10;7.91;3319.00;0.19;-230845886_0;5.10;0.00;tripinfo_in_ba_to_sl.32;291.00;in_ba_to_sl.32;0;1934.94;1.00;0.00;111.33;car;;3;70.00
3611.00;28716808#1_0;754.74;11.86;3407.00;0.86;-45494495_0;5.10;0.00;tripinfo_in_os_to_kl.8;204.00;in_os_to_kl.8;0;2042.78;1.14;0.00;41.64;car;;1;9.00
3612.00;28706217_0;94.10;9.80;3322.00;1.26;-230845886_0;5.10;0.00;tripinfo_in_ba_to_sl.33;290.00;in_ba_to_sl.33;0;1934.94;1.25;0.00;145.83;car;;3;72.00
3614.00;972103805_0;116.86;9.22;3353.00;0.01;-230845886_0;5.10;0.00;tripinfo_in_ba_to_ko.81;261.00;in_ba_to_ko.81;0;2114.29;0.87;0.00;39.82;car;;2;12.00
3618.00;972103805_0;116.86;8.68;3417.00;0.66;-23142338#2_0;5.10;0.00;tripinfo_in_ns_to_ko.138;201.00;in_ns_to_ko.138;0;1398.55;0.81;0.00;45.30;car;;2;13.00
3620.00;972103805_0;116.86;9.02;2620.00;14.49;803785575#0_0;5.10;0.00;tripinfo_in_od_to_ko.31;1000.00;in_od_to_ko.31;0;2307.67;0.89;0.00;752.28;car;;33;419.00
3621.00;972103805_0;116.86;11.15;2641.00;8.13;803785575#0_0;5.10;0.00;tripinfo_in_od_to_ko.32;980.00;in_od_to_ko.32;0;2307.67;1.21;0.00;798.52;car;;27;405.00
3621.00;28706217_0;94.10;7.11;3304.00;38.80;23687583_0;5.10;0.00;tripinfo_in_as_to_sl.49;317.00;in_as_to_sl.49;0;1976.75;0.97;0.00;128.69;car;;4;72.00
3621.00;23156305_0;1264.14;9.37;3303.00;11.23;-230845886_0;5.10;0.00;tripinfo_in_ba_to_gg.16;318.00;in_ba_to_gg.16;0;2718.65;0.87;0.00;33.37;car;;1;5.00
3623.00;23156305_0;1264.14;12.19;3295.00;1.95;-23142338#2_0;5.10;0.00;tripinfo_in_ns_to_gg.14;328.00;in_ns_to_gg.14;0;3297.24;1.22;0.00;81.38;car;;0;0.00
3623.00;972103805_0;116.86;10.10;3420.00;2.67;-23142338#2_0;5.10;0.00;tripinfo_in_ns_to_ko.139;203.00;in_ns_to_ko.139;0;1398.55;0.99;0.00;75.28;car;;3;17.00
3624.00;28706217_0;94.10;8.91;3343.00;28.53;23687583_0;5.10;0.00;tripinfo_in_as_to_sl.52;281.00;in_as_to_sl.52;0;1976.75;1.11;0.00;115.11;car;;2;51.00
3625.00;972103805_0;116.86;10.60;3423.00;0.81;-23142338#2_0;5.10;0.00;tripinfo_in_ns_to_ko.140;202.00;in_ns_to_ko.140;0;1398.55;0.97;0.00;71.83;car;;3;15.00
3628.00;972103805_0;116.86;10.39;2668.00;25.30;803785575#0_0;5.10;0.00;tripinfo_in_od_to_ko.33;960.00;in_od_to_ko.33;0;2307.67;0.97;0.00;734.62;car;;25;398.00
3629.00;45494495_0;58.90;10.69;3462.00;5.61;-230845886_0;5.10;0.00;tripinfo_in_ba_to_os.43;167.00;in_ba_to_os.43;0;1647.96;0.99;0.00;15.61;car;;0;0.00
3629.00;23527526_0;253.75;9.88;3478.00;2.95;23687583_0;5.10;0.00;tripinfo_in_as_to_gj.47;151.00;in_as_to_gj.47;0;649.06;1.00;0.00;92.13;car;;4;42.00
3630.00;28716808#1_0;754.74;11.13;3394.00;0.26;-23142338#2_0;5.10;0.00;tripinfo_in_ns_to_kl.10;236.00;in_ns_to_kl.10;0;2315.58;1.02;0.00;31.10;car;;1;7.00
3632.00;972103805_0;116.86;8.81;3361.00;0.51;-230845886_0;5.10;0.00;tripinfo_in_ba_to_ko.82;271.00;in_ba_to_ko.82;0;2114.29;0.87;0.00;50.38;car;;2;17.00
3634.00;972103805_0;116.86;9.14;3383.00;0.88;-230845886_0;5.10;0.00;tripinfo_in_ba_to_ko.83;251.00;in_ba_to_ko.83;0;2114.29;0.90;0.00;37.86;car;;1;6.00
3636.00;28706217_0;94.10;7.00;3320.00;41.70;23687583_0;5.10;0.00;tripinfo_in_as_to_sl.50;316.00;in_as_to_sl.50;0;1976.75;0.86;0.00;102.43;car;;6;45.00
3639.00;972103805_0;116.86;9.64;3450.00;0.31;-23142338#2_0;5.10;0.00;tripinfo_in_ns_to_ko.141;189.00;in_ns_to_ko.141;0;1398.55;0.93;0.00;52.68;car;;3;16.00
3639.00;23527526_0;253.75;10.29;3490.00;9.31;23687583_0;5.10;0.00;tripinfo_in_as_to_gj.48;149.00;in_as_to_gj.48;0;649.06;1.04;0.00;92.03;car;;4;39.00
3641.00;28706217_0;94.10;7.18;3341.00;34.58;23687583_0;5.10;0.00;tripinfo_in_as_to_sl.51;300.00;in_as_to_sl.51;0;1976.75;0.91;0.00;97.27;car;;4;36.00
3641.00;972103805_0;116.86;10.84;3473.00;0.49;-23142338#2_0;5.10;0.00;tripinfo_in_ns_to_ko.142;168.00;in_ns_to_ko.142;0;1398.55;1.07;0.00;49.12;car;;2;9.00
3643.00;972103805_0;116.86;10.75;2686.00;24.12;803785575#0_0;5.10;0.00;tripinfo_in_od_to_ko.34;957.00;in_od_to_ko.34;0;2307.67;1.07;0.00;751.04;car;;27;398.00
3643.00;28706217_0;94.10;7.32;3386.00;0.18;-230845886_0;5.10;0.00;tripinfo_in_ba_to_sl.34;257.00;in_ba_to_sl.34;0;1934.94;1.00;0.00;76.98;car;;3;27.00
3645.00;23156305_0;1264.14;9.23;2794.00;29.63;803785575#0_0;5.10;0.00;tripinfo_in_od_to_gg.34;851.00;in_od_to_gg.34;0;3669.96;0.94;0.00;496.93;car;;19;303.00
3645.00;23142338#2_0;290.21;11.07;3390.00;14.23;23687583_0;5.10;0.00;tripinfo_in_as_to_ns.37;255.00;in_as_to_ns.37;0;1995.73;1.01;0.00;75.69;car;;3;25.00
3645.00;23156030#6_1;109.07;11.33;3566.00;2.04;-45494495_0;5.10;0.00;tripinfo_in_os_to_od.15;79.00;in_os_to_od.15;0;865.51;1.11;0.00;8.67;car;;0;0.00
3646.00;23142338#2_0;290.21;12.04;3328.00;2.34;-45494495_0;5.10;0.00;tripinfo_in_os_to_ns.5;318.00;in_os_to_ns.5;0;1665.91;1.08;0.00;168.45;car;;5;111.00
3647.00;23156305_0;1264.14;11.34;2533.00;9.76;803785575#0_0;5.10;0.00;tripinfo_in_od_to_gg.19;1114.00;in_od_to_gg.19;0;3669.96;1.10;0.00;810.53;car;;32;496.00
3647.00;23156030#6_0;109.07;11.49;3359.00;26.27;23687583_0;5.10;0.00;tripinfo_in_as_to_od.14;288.00;in_as_to_od.14;0;2357.31;1.04;0.00;82.50;car;;4;40.00
3648.00;972103805_0;116.86;9.38;3282.00;0.62;-45494495_0;5.10;0.00;tripinfo_in_os_to_ko.24;366.00;in_os_to_ko.24;0;2045.29;0.96;0.00;161.61;car;;8;91.00
3648.00;41899283#1_0;148.70;10.31;3436.00;0.27;-23142338#2_0;5.10;0.00;tripinfo_in_ns_to_as.20;212.00;in_ns_to_as.20;0;2009.37;1.02;0.00;31.32;car;;1;6.00
3649.00;23156305_0;1264.14;12.42;3365.00;0.82;-230845886_0;5.10;0.00;tripinfo_in_ba_to_gg.17;284.00;in_ba_to_gg.17;0;2718.65;1.16;0.00;70.30;car;;2;17.00
3649.00;41899283#1_0;148.70;11.91;3495.00;3.54;-230845886_0;5.10;0.00;tripinfo_in_ba_to_as.48;154.00;in_ba_to_as.48;0;1430.78;1.12;0.00;38.44;car;;1;4.00
3650.00;972103805_0;116.86;10.87;3306.00;0.93;-45494495_0;5.10;0.00;tripinfo_in_os_to_ko.25;344.00;in_os_to_ko.25;0;2045.29;1.01;0.00;149.21;car;;7;78.00
3653.00;28706217_0;94.10;6.11;3585.00;0.65;-45494495_0;5.10;0.00;tripinfo_in_os_to_sl.14;68.00;in_os_to_sl.14;0;484.95;0.89;0.00;12.74;car;;0;0.00
3658.00;28706217_0;94.10;6.08;3369.00;19.18;23687583_0;5.10;0.00;tripinfo_in_as_to_sl.53;289.00;in_as_to_sl.53;0;1976.75;0.84;0.00;70.39;car;;2;26.00
3658.00;230845886_0;633.12;10.89;3456.00;0.10;23687583_0;5.10;0.00;tripinfo_in_as_to_ba.31;202.00;in_as_to_ba.31;0;1356.50;1.00;0.00;79.45;car;;4;37.00
3658.00;23527526_0;253.75;11.91;3539.00;21.51;23687583_0;5.10;0.00;tripinfo_in_as_to_gj.49;119.00;in_as_to_gj.49;0;649.06;1.08;0.00;63.32;car;;2;22.00
3660.00;28706217_0;94.10;7.53;3426.00;0.26;-230845886_0;5.10;0.00;tripinfo_in_ba_to_sl.35;234.00;in_ba_to_sl.35;0;1934.94;0.91;0.00;36.02;car;;0;0.00
3662.00;41899283#1_0;148.70;9.94;3444.00;0.83;-23142338#2_0;5.10;0.00;tripinfo_in_ns_to_as.21;218.00;in_ns_to_as.21;0;2009.37;0.94;0.00;23.59;car;;0;0.00
3662.00;972103805_0;116.86;10.18;3459.00;0.19;23687583_0;5.10;0.00;tripinfo_in_as_to_ko.59;203.00;in_as_to_ko.59;0;1102.39;0.99;0.00;102.26;car;;5;58.00
3663.00;45494495_0;58.90;12.68;2992.00;26.32;803785575#0_0;5.10;0.00;tripinfo_in_od_to_os.54;671.00;in_od_to_os.54;0;969.96;1.14;0.00;594.15;car;;18;361.00
3664.00;972103805_0;116.86;12.19;3471.00;1.39;23687583_0;5.10;0.00;tripinfo_in_as_to_ko.60;193.00;in_as_to_ko.60;0;1102.39;1.12;0.00;103.63;car;;4;45.00
3667.00;23527526_0;253.75;10.02;3475.00;0.08;-230845886_0;5.10;0.00;tripinfo_in_ba_to_gj.43;192.00;in_ba_to_gj.43;0;1755.68;0.95;0.00;25.25;car;;1;2.00
3668.00;972103805_0;116.86;10.05;3486.00;3.57;-23142338#2_0;5.10;0.00;tripinfo_in_ns_to_ko.143;182.00;in_ns_to_ko.143;0;1398.55;0.99;0.00;54.11;car;;4;18.00
3670.00;972103805_0;116.86;10.59;3511.00;0.55;-23142338#2_0;5.10;0.00;tripinfo_in_ns_to_ko.144;159.00;in_ns_to_ko.144;0;1398.55;0.97;0.00;29.13;car;;1;6.00
3672.00;23156305_0;1264.14;10.64;3391.00;0.09;-230845886_0;5.10;0.00;tripinfo_in_ba_to_gg.18;281.00;in_ba_to_gg.18;0;2718.65;1.02;0.00;37.39;car;;1;3.00
3672.00;41899283#1_0;148.70;10.51;3513.00;4.50;-230845886_0;5.10;0.00;tripinfo_in_ba_to_as.50;159.00;in_ba_to_as.50;0;1430.78;0.95;0.00;23.33;car;;1;4.00
3673.00;972103805_0;116.86;9.68;3517.00;0.32;-23142338#2_0;5.10;0.00;tripinfo_in_ns_to_ko.145;156.00;in_ns_to_ko.145;0;1398.55;0.94;0.00;21.48;car;;1;1.00
3674.00;28706217_0;94.10;6.00;3378.00;19.35;23687583_0;5.10;0.00;tripinfo_in_as_to_sl.54;296.00;in_as_to_sl.54;0;1976.75;0.80;0.00;67.10;car;;3;25.00
3675.00;972103805_0;116.86;11.32;3520.00;2.12;-23142338#2_0;5.10;0.00;tripinfo_in_ns_to_ko.146;155.00;in_ns_to_ko.146;0;1398.55;1.03;0.00;31.73;car;;0;0.00
3677.00;972103805_0;116.86;10.39;3442.00;0.96;-230845886_0;5.10;0.00;tripinfo_in_ba_to_ko.84;235.00;in_ba_to_ko.84;0;2114.29;0.97;0.00;36.17;car;;2;6.00
3677.00;45494495_0;58.90;10.13;3501.00;0.47;-230845886_0;5.10;0.00;tripinfo_in_ba_to_os.44;176.00;in_ba_to_os.44;0;1647.96;0.93;0.00;15.77;car;;0;0.00
3678.00;28706217_0;94.10;7.53;3448.00;5.88;-230845886_0;5.10;0.00;tripinfo_in_ba_to_sl.36;230.00;in_ba_to_sl.36;0;1934.94;0.97;0.00;44.31;car;;1;3.00
3678.00;41899283#1_0;148.70;9.56;3510.00;4.31;-230845886_0;5.10;0.00;tripinfo_in_ba_to_as.49;168.00;in_ba_to_as.49;0;1430.78;0.91;0.00;24.35;car;;1;7.00
3681.00;230845886_0;633.12;9.78;2908.00;44.11;803785575#0_0;5.10;0.00;tripinfo_in_od_to_ba.36;773.00;in_od_to_ba.36;0;2382.14;0.92;0.00;539.59;car;;20;305.00
3682.00;23527526_0;253.75;10.66;3492.00;0.58;-230845886_0;5.10;0.00;tripinfo_in_ba_to_gj.44;190.00;in_ba_to_gj.44;0;1755.68;1.01;0.00;31.39;car;;1;8.00
3682.00;972103805_0;116.86;11.41;3529.00;0.91;-23142338#2_0;5.10;0.00;tripinfo_in_ns_to_ko.147;153.00;in_ns_to_ko.147;0;1398.55;1.06;0.00;34.19;car;;1;8.00
3683.00;230845886_0;633.12;12.83;2917.00;42.58;803785575#0_0;5.10;0.00;tripinfo_in_od_to_ba.37;766.00;in_od_to_ba.37;0;2382.14;1.18;0.00;583.62;car;;17;295.00
3685.00;230845886_0;633.12;11.31;2923.00;40.90;803785575#0_0;5.10;0.00;tripinfo_in_od_to_ba.38;762.00;in_od_to_ba.38;0;2382.14;1.04;0.00;554.96;car;;18;291.00
3686.00;23156030#6_0;109.07;10.80;2930.00;5.55;-23142338#2_0;5.10;0.00;tripinfo_in_ns_to_od.3;756.00;in_ns_to_od.3;0;2005.01;1.06;0.00;574.69;car;;6;511.00
3687.00;45494495_0;58.90;10.37;3019.00;8.06;803785575#0_0;5.10;0.00;tripinfo_in_od_to_os.55;668.00;in_od_to_os.55;0;969.96;1.05;0.00;583.54;car;;24;326.00
3689.00;972103805_0;116.86;10.03;3538.00;0.92;-23142338#2_0;5.10;0.00;tripinfo_in_ns_to_ko.148;151.00;in_ns_to_ko.148;0;1398.55;0.92;0.00;12.87;car;;0;0.00
3691.00;972103805_0;116.86;12.43;2704.00;29.90;803785575#0_0;5.10;0.00;tripinfo_in_od_to_ko.35;987.00;in_od_to_ko.35;0;2307.67;1.15;0.00;795.33;car;;25;467.00
3692.00;45494495_0;58.90;10.43;2941.00;38.99;803785575#0_0;5.10;0.00;tripinfo_in_od_to_os.49;751.00;in_od_to_os.49;0;969.96;1.03;0.00;665.88;car;;26;374.00
3695.00;972103805_0;116.86;10.03;3459.00;12.31;-230845886_0;5.10;0.00;tripinfo_in_ba_to_ko.85;236.00;in_ba_to_ko.85;0;2114.29;1.01;0.00;44.16;car;;2;14.00
3695.00;23156030#6_0;109.07;11.59;3607.00;0.12;-45494495_0;5.10;0.00;tripinfo_in_os_to_od.16;88.00;in_os_to_od.16;0;865.51;1.05;0.00;13.29;car;;1;2.00
3697.00;972103805_0;116.86;10.38;3472.00;1.83;-230845886_0;5.10;0.00;tripinfo_in_ba_to_ko.86;225.00;in_ba_to_ko.86;0;2114.29;1.04;0.00;40.95;car;;1;5.00
3697.00;28716808#1_0;754.74;10.28;3481.00;4.03;23687583_0;5.10;0.00;tripinfo_in_as_to_kl.12;216.00;in_as_to_kl.12;0;1207.92;1.00;0.00;106.61;car;;5;48.00
3699.00;28716808#1_0;754.74;10.88;3476.00;0.24;-45494495_0;5.10;0.00;tripinfo_in_os_to_kl.9;223.00;in_os_to_kl.9;0;2042.78;1.08;0.00;51.11;car;;2;25.00
3700.00;23156305_0;1264.14;10.26;2554.00;20.58;803785575#0_0;5.10;0.00;tripinfo_in_od_to_gg.21;1146.00;in_od_to_gg.21;0;3669.96;0.98;0.00;805.80;car;;27;465.00
3700.00;45494495_0;58.90;10.10;3039.00;0.86;803785575#0_0;5.10;0.00;tripinfo_in_od_to_os.56;661.00;in_od_to_os.56;0;969.96;0.91;0.00;564.68;car;;24;319.00
3701.00;23527526_0;253.75;10.83;3507.00;2.26;-230845886_0;5.10;0.00;tripinfo_in_ba_to_gj.45;194.00;in_ba_to_gj.45;0;1755.68;1.01;0.00;36.18;car;;1;9.00
3703.00;972103805_0;116.86;11.24;2713.00;28.63;803785575#0_0;5.10;0.00;tripinfo_in_od_to_ko.36;990.00;in_od_to_ko.36;0;2307.67;1.05;0.00;781.33;car;;24;444.00
3703.00;23156305_0;1264.14;9.89;3417.00;0.77;-230845886_0;5.10;0.00;tripinfo_in_ba_to_gg.19;286.00;in_ba_to_gg.19;0;2718.65;0.98;0.00;34.92;car;;1;4.00
3705.00;972103805_0;116.86;11.34;3560.00;0.13;-23142338#2_0;5.10;0.00;tripinfo_in_ns_to_ko.149;145.00;in_ns_to_ko.149;0;1398.55;1.12;0.00;32.53;car;;1;6.00
3711.00;972103805_0;116.86;9.36;3496.00;1.84;23687583_0;5.10;0.00;tripinfo_in_as_to_ko.61;215.00;in_as_to_ko.61;0;1102.39;0.95;0.00;109.76;car;;4;47.00
3713.00;972103805_0;116.86;11.79;3510.00;3.37;23687583_0;5.10;0.00;tripinfo_in_as_to_ko.62;203.00;in_as_to_ko.62;0;1102.39;1.13;0.00;114.58;car;;6;44.00
3715.00;972103805_0;116.86;10.99;3564.00;2.11;-23142338#2_0;5.10;0.00;tripinfo_in_ns_to_ko.150;151.00;in_ns_to_ko.150;0;1398.55;1.03;0.00;28.55;car;;2;6.00
3716.00;23527526_0;253.75;10.35;3630.00;10.00;23687583_0;5.10;0.00;tripinfo_in_as_to_gj.50;86.00;in_as_to_gj.50;0;649.06;0.95;0.00;23.53;car;;2;7.00
3717.00;45494495_0;58.90;8.38;3066.00;4.45;803785575#0_0;5.10;0.00;tripinfo_in_od_to_os.59;651.00;in_od_to_os.59;0;969.96;0.79;0.00;540.68;car;;18;314.00
3719.00;45494495_0;58.90;11.43;3060.00;4.45;803785575#0_0;5.10;0.00;tripinfo_in_od_to_os.57;659.00;in_od_to_os.57;0;969.96;1.12;0.00;580.62;car;;22;300.00
3719.00;23142338#2_0;290.21;8.75;3445.00;3.03;-230845886_0;5.10;0.00;tripinfo_in_ba_to_ns.19;274.00;in_ba_to_ns.19;0;2346.36;0.90;0.00;38.51;car;;2;11.00
3719.00;41899283#1_0;148.70;12.86;3501.00;8.18;-23142338#2_0;5.10;0.00;tripinfo_in_ns_to_as.22;218.00;in_ns_to_as.22;0;2009.37;1.16;0.00;59.95;car;;2;15.00
3721.00;45494495_0;58.90;9.32;3081.00;7.62;803785575#0_0;5.10;0.00;tripinfo_in_od_to_os.60;640.00;in_od_to_os.60;0;969.96;0.88;0.00;540.63;car;;18;308.00
3722.00;23156305_0;1264.14;9.66;2893.00;40.00;803785575#0_0;5.10;0.00;tripinfo_in_od_to_gg.37;829.00;in_od_to_gg.37;0;3669.96;0.93;0.00;471.68;car;;15;208.00
3722.00;972103805_0;116.86;10.87;3567.00;1.06;-23142338#2_0;5.10;0.00;tripinfo_in_ns_to_ko.151;155.00;in_ns_to_ko.151;0;1398.55;1.05;0.00;35.35;car;;2;15.00
3723.00;23156305_0;1264.14;11.26;3436.00;0.14;-230845886_0;5.10;0.00;tripinfo_in_ba_to_gg.20;287.00;in_ba_to_gg.20;0;2718.65;1.06;0.00;52.76;car;;1;6.00
3723.00;45494495_0;58.90;10.45;3551.00;0.70;-230845886_0;5.10;0.00;tripinfo_in_ba_to_os.45;172.00;in_ba_to_os.45;0;1647.96;0.99;0.00;21.21;car;;0;0.00
3725.00;972103805_0;116.86;11.25;3586.00;0.47;-23142338#2_0;5.10;0.00;tripinfo_in_ns_to_ko.152;139.00;in_ns_to_ko.152;0;1398.55;1.10;0.00;24.20;car;;1;4.00
3729.00;972103805_0;116.86;10.67;3615.00;14.00;23687583_0;5.10;0.00;tripinfo_in_as_to_ko.63;114.00;in_as_to_ko.63;0;1102.39;0.98;0.00;12.05;car;;0;0.00
3730.00;23156305_0;1264.14;10.67;3456.00;11.26;-230845886_0;5.10;0.00;tripinfo_in_ba_to_gg.21;274.00;in_ba_to_gg.21;0;2718.65;1.05;0.00;37.31;car;;1;9.00
3730.00;28716808#1_0;754.74;11.63;3498.00;6.28;-23142338#2_0;5.10;0.00;tripinfo_in_ns_to_kl.11;232.00;in_ns_to_kl.11;0;2315.58;1.11;0.00;43.75;car;;2;9.00
3731.00;23527526_0;253.75;9.87;2887.00;47.16;803785575#0_0;5.10;0.00;tripinfo_in_od_to_gj.8;844.00;in_od_to_gj.8;0;2706.99;0.90;0.00;571.19;car;;23;352.00
3732.00;23527526_0;253.75;11.59;2914.00;41.46;803785575#0_0;5.10;0.00;tripinfo_in_od_to_gj.9;818.00;in_od_to_gj.9;0;2706.99;1.19;0.00;611.90;car;;25;317.00
3734.00;230845886_0;633.12;8.94;2953.00;43.16;803785575#0_0;5.10;0.00;tripinfo_in_od_to_ba.39;781.00;in_od_to_ba.39;0;2382.14;0.85;0.00;527.20;car;;28;288.00
3734.00;972103805_0;116.86;10.33;3498.00;1.17;-230845886_0;5.10;0.00;tripinfo_in_ba_to_ko.87;236.00;in_ba_to_ko.87;0;2114.29;0.97;0.00;38.36;car;;1;5.00
3735.00;23527526_0;253.75;10.27;3538.00;0.38;-230845886_0;5.10;0.00;tripinfo_in_ba_to_gj.46;197.00;in_ba_to_gj.46;0;1755.68;0.96;0.00;31.19;car;;0;0.00
3736.00;230845886_0;633.12;11.37;3492.00;1.07;-23142338#2_0;5.10;0.00;tripinfo_in_ns_to_ba.5;244.00;in_ns_to_ba.5;0;2340.42;1.07;0.00;47.43;car;;1;3.00
3736.00;972103805_0;116.86;11.44;3504.00;1.03;-230845886_0;5.10;0.00;tripinfo_in_ba_to_ko.88;232.00;in_ba_to_ko.88;0;2114.29;1.05;0.00;49.44;car;;1;5.00
3738.00;230845886_0;633.12;10.83;3562.00;42.57;23687583_0;5.10;0.00;tripinfo_in_as_to_ba.32;176.00;in_as_to_ba.32;0;1356.50;1.08;0.00;61.97;car;;2;17.00
3739.00;972103805_0;116.86;11.37;3529.00;0.91;-230845886_0;5.10;0.00;tripinfo_in_ba_to_ko.89;210.00;in_ba_to_ko.89;0;2114.29;1.07;0.00;30.35;car;;1;4.00
3742.00;972103805_0;116.86;10.39;3596.00;0.14;-23142338#2_0;5.10;0.00;tripinfo_in_ns_to_ko.153;146.00;in_ns_to_ko.153;0;1398.55;1.04;0.00;24.86;car;;1;5.00
3743.00;23527526_0;253.75;11.16;3560.00;3.52;-230845886_0;5.10;0.00;tripinfo_in_ba_to_gj.47;183.00;in_ba_to_gj.47;0;1755.68;1.12;0.00;40.72;car;;2;8.00
3743.00;41899283#1_0;148.70;11.50;3592.00;1.46;-230845886_0;5.10;0.00;tripinfo_in_ba_to_as.52;151.00;in_ba_to_as.52;0;1430.78;1.06;0.00;28.84;car;;0;0.00
3744.00;23142338#2_0;290.21;8.24;3465.00;2.90;-230845886_0;5.10;0.00;tripinfo_in_ba_to_ns.20;279.00;in_ba_to_ns.20;0;2346.36;0.85;0.00;30.13;car;;1;5.00
3745.00;28716808#1_0;754.74;11.01;3601.00;47.42;23687583_0;5.10;0.00;tripinfo_in_as_to_kl.13;144.00;in_as_to_kl.13;0;1207.92;1.02;0.00;36.69;car;;1;7.00
3747.00;28716808#1_0;754.74;11.08;2926.00;43.35;803785575#0_0;5.10;0.00;tripinfo_in_od_to_kl.24;821.00;in_od_to_kl.24;0;2678.40;1.11;0.00;601.48;car;;25;322.00
3748.00;45494495_0;58.90;10.12;3484.00;5.25;23687583_0;5.10;0.00;tripinfo_in_as_to_os.34;264.00;in_as_to_os.34;0;1689.77;0.98;0.00;108.23;car;;5;48.00
3752.00;41899283#1_0;148.70;9.57;3583.00;0.70;-230845886_0;5.10;0.00;tripinfo_in_ba_to_as.51;169.00;in_ba_to_as.51;0;1430.78;0.90;0.00;24.59;car;;0;0.00
3753.00;45494495_0;58.90;10.08;2785.00;29.08;803785575#0_0;5.10;0.00;tripinfo_in_od_to_os.41;968.00;in_od_to_os.41;0;969.96;0.91;0.00;871.20;car;;34;529.00
3758.00;23142338#2_0;290.21;10.32;3489.00;0.64;-230845886_0;5.10;0.00;tripinfo_in_ba_to_ns.21;269.00;in_ba_to_ns.21;0;2346.36;0.93;0.00;40.30;car;;2;14.00
3758.00;230845886_0;633.12;10.27;3595.00;55.68;23687583_0;5.10;0.00;tripinfo_in_as_to_ba.33;163.00;in_as_to_ba.33;0;1356.50;0.98;0.00;37.67;car;;1;8.00
3760.00;972103805_0;116.86;10.76;3624.00;12.38;23687583_0;5.10;0.00;tripinfo_in_as_to_ko.64;136.00;in_as_to_ko.64;0;1102.39;1.01;0.00;36.92;car;;2;20.00
3762.00;23527526_0;253.75;10.19;3652.00;9.57;23687583_0;5.10;0.00;tripinfo_in_as_to_gj.51;110.00;in_as_to_gj.51;0;649.06;0.98;0.00;49.52;car;;2;27.00
3763.00;972103805_0;116.86;11.21;2719.00;25.20;803785575#0_0;5.10;0.00;tripinfo_in_od_to_ko.37;1044.00;in_od_to_ko.37;0;2307.67;1.02;0.00;827.98;car;;29;472.00
3764.00;23527526_0;253.75;12.35;3535.00;3.36;-23142338#2_0;5.10;0.00;tripinfo_in_ns_to_gj.12;229.00;in_ns_to_gj.12;0;2084.96;1.14;0.00;63.77;car;;2;27.00
3765.00;28716808#1_0;754.74;10.21;3621.00;13.50;23687583_0;5.10;0.00;tripinfo_in_as_to_kl.14;144.00;in_as_to_kl.14;0;1207.92;1.02;0.00;36.80;car;;2;12.00
3767.00;45494495_0;58.90;9.52;3505.00;0.76;23687583_0;5.10;0.00;tripinfo_in_as_to_os.35;262.00;in_as_to_os.35;0;1689.77;0.97;0.00;105.28;car;;5;38.00
3767.00;23156305_0;1264.14;9.80;3535.00;21.94;23687583_0;5.10;0.00;tripinfo_in_as_to_gg.12;232.00;in_as_to_gg.12;0;1600.87;0.89;0.00;69.81;car;;3;23.00
3767.00;972103805_0;116.86;9.41;3639.00;4.86;23687583_0;5.10;0.00;tripinfo_in_as_to_ko.65;128.00;in_as_to_ko.65;0;1102.39;0.94;0.00;22.50;car;;1;5.00
3769.00;23156305_0;1264.14;10.64;3466.00;0.24;-45494495_0;5.10;0.00;tripinfo_in_os_to_gg.14;303.00;in_os_to_gg.14;0;3034.34;1.05;0.00;39.70;car;;0;0.00
3769.00;23527526_0;253.75;11.14;3655.00;11.97;23687583_0;5.10;0.00;tripinfo_in_as_to_gj.52;114.00;in_as_to_gj.52;0;649.06;1.06;0.00;57.80;car;;2;29.00
3770.00;972103805_0;116.86;11.35;2725.00;29.73;803785575#0_0;5.10;0.00;tripinfo_in_od_to_ko.38;1045.00;in_od_to_ko.38;0;2307.67;1.05;0.00;836.19;car;;28;461.00
3772.00;230845886_0;633.12;10.01;2983.00;27.78;803785575#0_0;5.10;0.00;tripinfo_in_od_to_ba.41;789.00;in_od_to_ba.41;0;2382.14;0.97;0.00;566.66;car;;23;283.00
3772.00;45494495_0;58.90;9.40;3101.00;6.17;803785575#0_0;5.10;0.00;tripinfo_in_od_to_os.63;671.00;in_od_to_os.63;0;969.96;0.90;0.00;573.16;car;;27;330.00
3772.00;23527526_0;253.75;9.97;3564.00;0.62;-230845886_0;5.10;0.00;tripinfo_in_ba_to_gj.48;208.00;in_ba_to_gj.48;0;1755.68;1.00;0.00;49.78;car;;4;19.00
3773.00;972103805_0;116.86;9.75;3623.00;0.37;-23142338#2_0;5.10;0.00;tripinfo_in_ns_to_ko.154;150.00;in_ns_to_ko.154;0;1398.55;0.94;0.00;15.99;car;;1;1.00
3774.00;23527526_0;253.75;11.35;3505.00;3.84;-45494495_0;5.10;0.00;tripinfo_in_os_to_gj.5;269.00;in_os_to_gj.5;0;2071.37;1.03;0.00;87.34;car;;4;27.00
3776.00;23527526_0;253.75;12.55;3589.00;4.83;-230845886_0;5.10;0.00;tripinfo_in_ba_to_gj.49;187.00;in_ba_to_gj.49;0;1755.68;1.17;0.00;50.93;car;;1;1.00
3778.00;45494495_0;58.90;10.90;3175.00;53.33;803785575#0_0;5.10;0.00;tripinfo_in_od_to_os.64;603.00;in_od_to_os.64;0;969.96;1.05;0.00;519.17;car;;23;271.00
3778.00;23527526_0;253.75;10.71;3595.00;2.09;-230845886_0;5.10;0.00;tripinfo_in_ba_to_gj.50;183.00;in_ba_to_gj.50;0;1755.68;1.08;0.00;35.31;car;;1;1.00
3781.00;28706217_0;94.10;8.48;2836.00;35.16;803785575#0_0;5.10;0.00;tripinfo_in_od_to_sl.1;945.00;in_od_to_sl.1;0;747.33;1.13;0.00;880.55;car;;34;505.00
3781.00;45494495_0;58.90;10.34;3181.00;43.11;803785575#0_0;5.10;0.00;tripinfo_in_od_to_os.65;600.00;in_od_to_os.65;0;969.96;0.94;0.00;506.90;car;;22;267.00
3782.00;23156030#6_0;109.07;10.32;3547.00;0.40;-230845886_0;5.10;0.00;tripinfo_in_ba_to_od.4;235.00;in_ba_to_od.4;0;2315.50;1.03;0.00;32.02;car;;0;0.00
3783.00;45494495_0;58.90;10.35;3611.00;0.61;-230845886_0;5.10;0.00;tripinfo_in_ba_to_os.46;172.00;in_ba_to_os.46;0;1647.96;1.04;0.00;28.51;car;;1;2.00
3784.00;972103805_0;116.86;11.13;2743.00;27.27;803785575#0_0;5.10;0.00;tripinfo_in_od_to_ko.39;1041.00;in_od_to_ko.39;0;2307.67;1.01;0.00;822.96;car;;26;462.00
3786.00;41899283#1_0;148.70;7.45;2653.00;15.40;803785575#0_0;5.10;0.00;tripinfo_in_od_to_as.18;1133.00;in_od_to_as.18;0;2382.09;0.69;0.00;822.97;car;;33;502.00
3786.00;230845886_0;633.12;10.01;3606.00;38.36;23687583_0;5.10;0.00;tripinfo_in_as_to_ba.34;180.00;in_as_to_ba.34;0;1356.50;0.92;0.00;46.30;car;;2;16.00
3788.00;41899283#1_0;148.70;10.59;3554.00;0.74;-23142338#2_0;5.10;0.00;tripinfo_in_ns_to_as.23;234.00;in_ns_to_as.23;0;2009.37;0.97;0.00;44.69;car;;1;3.00
3788.00;230845886_0;633.12;12.86;3599.00;0.17;-45494495_0;5.10;0.00;tripinfo_in_os_to_ba.20;189.00;in_os_to_ba.20;0;1746.52;1.17;0.00;53.25;car;;2;11.00
3790.00;41899283#1_0;148.70;11.20;3629.00;5.17;-230845886_0;5.10;0.00;tripinfo_in_ba_to_as.53;161.00;in_ba_to_as.53;0;1430.78;1.09;0.00;41.80;car;;0;0.00
3792.00;230845886_0;633.12;11.46;3624.00;1.32;-45494495_0;5.10;0.00;tripinfo_in_os_to_ba.21;168.00;in_os_to_ba.21;0;1746.52;1.07;0.00;19.99;car;;0;0.00
3793.00;28716808#1_0;754.74;9.75;3642.00;6.90;23687583_0;5.10;0.00;tripinfo_in_as_to_kl.15;151.00;in_as_to_kl.15;0;1207.92;0.98;0.00;39.51;car;;2;12.00
3795.00;28716808#1_0;754.74;12.03;2692.00;26.23;803785575#0_0;5.10;0.00;tripinfo_in_od_to_kl.17;1103.00;in_od_to_kl.17;0;2678.40;1.13;0.00;887.87;car;;33;485.00
3795.00;23527526_0;253.75;8.51;3673.00;0.66;23687583_0;5.10;0.00;tripinfo_in_as_to_gj.53;122.00;in_as_to_gj.53;0;649.06;0.86;0.00;52.65;car;;2;34.00
3796.00;23142338#2_0;290.21;9.69;3502.00;2.89;-45494495_0;5.10;0.00;tripinfo_in_os_to_ns.6;294.00;in_os_to_ns.6;0;1665.91;0.97;0.00;126.82;car;;5;80.00
3796.00;230845886_0;633.12;12.03;3636.00;5.06;23687583_0;5.10;0.00;tripinfo_in_as_to_ba.35;160.00;in_as_to_ba.35;0;1356.50;1.16;0.00;54.79;car;;2;14.00
3797.00;23527526_0;253.75;9.22;2965.00;23.68;803785575#0_0;5.10;0.00;tripinfo_in_od_to_gj.11;832.00;in_od_to_gj.11;0;2706.99;0.94;0.00;572.27;car;;21;296.00
3798.00;23527526_0;253.75;11.58;3598.00;5.07;-230845886_0;5.10;0.00;tripinfo_in_ba_to_gj.51;200.00;in_ba_to_gj.51;0;1755.68;1.07;0.00;51.04;car;;2;8.00
3801.00;23156390_0;1121.44;8.66;2899.00;42.17;803785575#0_0;5.10;0.00;tripinfo_in_od_to_br.35;902.00;in_od_to_br.35;0;3149.31;0.85;0.00;564.60;car;;22;331.00
3803.00;23527526_0;253.75;9.51;3684.00;3.76;23687583_0;5.10;0.00;tripinfo_in_as_to_gj.54;119.00;in_as_to_gj.54;0;649.06;0.96;0.00;57.82;car;;3;32.00
3804.00;41899283#1_0;148.70;10.38;3618.00;1.36;-45494495_0;5.10;0.00;tripinfo_in_os_to_as.16;186.00;in_os_to_as.16;0;1746.47;1.05;0.00;34.74;car;;1;3.00
3805.00;45494495_0;58.90;12.08;3632.00;7.64;-230845886_0;5.10;0.00;tripinfo_in_ba_to_os.47;173.00;in_ba_to_os.47;0;1647.96;1.11;0.00;38.22;car;;0;0.00
3805.00;23527526_0;253.75;11.79;3687.00;4.23;23687583_0;5.10;0.00;tripinfo_in_as_to_gj.55;118.00;in_as_to_gj.55;0;649.06;1.08;0.00;63.14;car;;3;31.00
3807.00;23156390_0;1121.44;11.14;2947.00;40.25;803785575#0_0;5.10;0.00;tripinfo_in_od_to_br.36;860.00;in_od_to_br.36;0;3149.31;1.10;0.00;599.09;car;;30;304.00
3807.00;972103805_0;116.86;8.29;3628.00;0.85;-23142338#2_0;5.10;0.00;tripinfo_in_ns_to_ko.155;179.00;in_ns_to_ko.155;0;1398.55;0.82;0.00;24.19;car;;2;4.00
3808.00;23142338#2_0;290.21;9.17;3487.00;6.57;23687583_0;5.10;0.00;tripinfo_in_as_to_ns.38;321.00;in_as_to_ns.38;0;1995.73;0.93;0.00;126.56;car;;7;53.00
3809.00;972103805_0;116.86;11.05;3634.00;0.63;-23142338#2_0;5.10;0.00;tripinfo_in_ns_to_ko.156;175.00;in_ns_to_ko.156;0;1398.55;1.05;0.00;54.00;car;;2;3.00
3811.00;45494495_0;58.90;7.65;3565.00;38.24;23687583_0;5.10;0.00;tripinfo_in_as_to_os.36;246.00;in_as_to_os.36;0;1689.77;0.77;0.00;47.47;car;;2;15.00
3811.00;972103805_0;116.86;8.66;3649.00;7.39;23687583_0;5.10;0.00;tripinfo_in_as_to_ko.66;162.00;in_as_to_ko.66;0;1102.39;0.89;0.00;49.82;car;;2;28.00
3813.00;972103805_0;116.86;10.57;3638.00;0.15;-23142338#2_0;5.10;0.00;tripinfo_in_ns_to_ko.157;175.00;in_ns_to_ko.157;0;1398.55;0.97;0.00;45.02;car;;2;4.00
3815.00;972103805_0;116.86;12.60;3480.00;0.32;-45494495_0;5.10;0.00;tripinfo_in_os_to_ko.26;335.00;in_os_to_ko.26;0;2045.29;1.17;0.00;166.50;car;;5;90.00
3815.00;45494495_0;58.90;12.67;3635.00;1.01;-230845886_0;5.10;0.00;tripinfo_in_ba_to_os.48;180.00;in_ba_to_os.48;0;1647.96;1.19;0.00;54.78;car;;1;8.00
3820.00;972103805_0;116.86;7.64;3534.00;0.37;-230845886_0;5.10;0.00;tripinfo_in_ba_to_ko.90;286.00;in_ba_to_ko.90;0;2114.29;0.79;0.00;41.66;car;;1;10.00
3820.00;28706217_0;94.10;7.73;3621.00;0.83;-45494495_0;5.10;0.00;tripinfo_in_os_to_sl.15;199.00;in_os_to_sl.15;0;484.95;1.00;0.00;149.33;car;;1;137.00
3822.00;28706217_0;94.10;8.76;3439.00;0.25;23687583_0;5.10;0.00;tripinfo_in_as_to_sl.55;383.00;in_as_to_sl.55;0;1976.75;1.10;0.00;215.36;car;;4;157.00
3823.00;23156305_0;1264.14;10.22;2881.00;46.46;803785575#0_0;5.10;0.00;tripinfo_in_od_to_gg.36;942.00;in_od_to_gg.36;0;3669.96;0.99;0.00;604.06;car;;28;358.00
3823.00;23527526_0;253.75;10.66;3626.00;4.11;-230845886_0;5.10;0.00;tripinfo_in_ba_to_gj.52;197.00;in_ba_to_gj.52;0;1755.68;0.99;0.00;35.46;car;;0;0.00
3823.00;972103805_0;116.86;10.55;3649.00;4.10;-23142338#2_0;5.10;0.00;tripinfo_in_ns_to_ko.158;174.00;in_ns_to_ko.158;0;1398.55;0.99;0.00;46.41;car;;2;14.00
3823.00;41899283#1_0;148.70;11.84;3667.00;14.72;-230845886_0;5.10;0.00;tripinfo_in_ba_to_as.54;156.00;in_ba_to_as.54;0;1430.78;1.14;0.00;42.02;car;;1;1.00
3825.00;23156030#6_0;109.07;12.87;3602.00;5.11;-230845886_0;5.10;0.00;tripinfo_in_ba_to_od.5;223.00;in_ba_to_od.5;0;2315.50;1.23;0.00;52.16;car;;1;3.00
3828.00;972103805_0;116.86;9.37;3652.00;5.95;-23142338#2_0;5.10;0.00;tripinfo_in_ns_to_ko.159;176.00;in_ns_to_ko.159;0;1398.55;0.85;0.00;27.66;car;;2;6.00
3829.00;28706217_0;94.10;6.53;3462.00;0.56;23687583_0;5.10;0.00;tripinfo_in_as_to_sl.56;367.00;in_as_to_sl.56;0;1976.75;0.91;0.00;164.46;car;;6;101.00
3831.00;28706217_0;94.10;8.75;3051.00;1.15;-23142338#2_0;5.10;0.00;tripinfo_in_ns_to_sl.5;780.00;in_ns_to_sl.5;0;1619.36;1.11;0.00;632.06;car;;6;571.00
3834.00;972103805_0;116.86;10.64;3678.00;5.59;23687583_0;5.10;0.00;tripinfo_in_as_to_ko.67;156.00;in_as_to_ko.67;0;1102.39;1.01;0.00;57.28;car;;2;33.00
3836.00;28706217_0;94.10;7.22;3468.00;1.57;23687583_0;5.10;0.00;tripinfo_in_as_to_sl.57;368.00;in_as_to_sl.57;0;1976.75;0.98;0.00;180.98;car;;5;102.00
3836.00;23527526_0;253.75;9.13;3704.00;0.04;23687583_0;5.10;0.00;tripinfo_in_as_to_gj.56;132.00;in_as_to_gj.56;0;649.06;0.86;0.00;62.53;car;;4;26.00
3838.00;28706217_0;94.10;7.88;3493.00;8.82;23687583_0;5.10;0.00;tripinfo_in_as_to_sl.58;345.00;in_as_to_sl.58;0;1976.75;1.05;0.00;171.34;car;;6;88.00
3839.00;972103805_0;116.86;8.55;3576.00;0.41;-230845886_0;5.10;0.00;tripinfo_in_ba_to_ko.91;263.00;in_ba_to_ko.91;0;2114.29;0.86;0.00;40.23;car;;2;6.00
3840.00;23527526_0;253.75;11.53;3740.00;6.55;23687583_0;5.10;0.00;tripinfo_in_as_to_gj.57;100.00;in_as_to_gj.57;0;649.06;1.12;0.00;46.30;car;;2;8.00
3840.00;28706217_0;94.10;8.55;3748.00;1.29;-45494495_0;5.10;0.00;tripinfo_in_os_to_sl.16;92.00;in_os_to_sl.16;0;484.95;1.12;0.00;48.50;car;;2;32.00
3842.00;28716808#1_0;754.74;10.10;3610.00;0.73;-45494495_0;5.10;0.00;tripinfo_in_os_to_kl.10;232.00;in_os_to_kl.10;0;2042.78;0.95;0.00;36.32;car;;2;12.00
3843.00;972103805_0;116.86;9.95;3553.00;1.07;-45494495_0;5.10;0.00;tripinfo_in_os_to_ko.27;290.00;in_os_to_ko.27;0;2045.29;1.00;0.00;94.30;car;;6;37.00
3845.00;23156305_0;1264.14;9.96;3483.00;0.64;-23142338#2_0;5.10;0.00;tripinfo_in_ns_to_gg.15;362.00;in_ns_to_gg.15;0;3297.24;0.94;0.00;40.20;car;;1;6.00
3845.00;28706217_0;94.10;7.62;3513.00;5.96;23687583_0;5.10;0.00;tripinfo_in_as_to_sl.59;332.00;in_as_to_sl.59;0;1976.75;1.06;0.00;159.17;car;;8;62.00
3847.00;23156305_0;1264.14;11.85;3495.00;3.51;-23142338#2_0;5.10;0.00;tripinfo_in_ns_to_gg.16;352.00;in_ns_to_gg.16;0;3297.24;1.10;0.00;78.07;car;;2;12.00
3847.00;23142338#2_0;290.21;7.98;3499.00;1.12;23687583_0;5.10;0.00;tripinfo_in_as_to_ns.39;348.00;in_as_to_ns.39;0;1995.73;0.81;0.00;123.02;car;;7;48.00
3847.00;45494495_0;58.90;9.14;3661.00;18.12;-230845886_0;5.10;0.00;tripinfo_in_ba_to_os.49;186.00;in_ba_to_os.49;0;1647.96;0.93;0.00;26.46;car;;0;0.00
3847.00;41899283#1_0;148.70;10.04;3679.00;4.36;-230845886_0;5.10;0.00;tripinfo_in_ba_to_as.55;168.00;in_ba_to_as.55;0;1430.78;0.96;0.00;32.63;car;;1;7.00
3849.00;23156305_0;1264.14;10.11;3499.00;0.27;-45494495_0;5.10;0.00;tripinfo_in_os_to_gg.15;350.00;in_os_to_gg.15;0;3034.34;0.97;0.00;66.29;car;;2;13.00
3849.00;23142338#2_0;290.21;9.12;3591.00;61.68;23687583_0;5.10;0.00;tripinfo_in_as_to_ns.40;258.00;in_as_to_ns.40;0;1995.73;0.92;0.00;60.63;car;;1;3.00
3849.00;45494495_0;58.90;11.95;3683.00;7.97;-230845886_0;5.10;0.00;tripinfo_in_ba_to_os.50;166.00;in_ba_to_os.50;0;1647.96;1.11;0.00;31.26;car;;0;0.00
3850.00;28706217_0;94.10;7.71;3524.00;11.16;23687583_0;5.10;0.00;tripinfo_in_as_to_sl.60;326.00;in_as_to_sl.60;0;1976.75;0.97;0.00;137.26;car;;7;53.00
3851.00;23142338#2_0;290.21;11.53;3609.00;24.24;23687583_0;5.10;0.00;tripinfo_in_as_to_ns.41;242.00;in_as_to_ns.41;0;1995.73;1.06;0.00;69.98;car;;2;11.00
3851.00;230845886_0;633.12;9.68;3666.00;0.58;23687583_0;5.10;0.00;tripinfo_in_as_to_ba.36;185.00;in_as_to_ba.36;0;1356.50;0.94;0.00;55.25;car;;2;28.00
3852.00;23142338#2_0;290.21;11.30;3645.00;4.17;23687583_0;5.10;0.00;tripinfo_in_as_to_ns.42;207.00;in_as_to_ns.42;0;1995.73;1.08;0.00;39.92;car;;2;5.00
3852.00;23527526_0;253.75;9.73;3746.00;10.61;23687583_0;5.10;0.00;tripinfo_in_as_to_gj.58;106.00;in_as_to_gj.58;0;649.06;0.96;0.00;44.00;car;;2;6.00
3854.00;28706217_0;94.10;7.82;3598.00;51.55;23687583_0;5.10;0.00;tripinfo_in_as_to_sl.61;256.00;in_as_to_sl.61;0;1976.75;1.06;0.00;83.33;car;;2;8.00
3854.00;972103805_0;116.86;10.83;3614.00;2.88;-230845886_0;5.10;0.00;tripinfo_in_ba_to_ko.92;240.00;in_ba_to_ko.92;0;2114.29;1.02;0.00;51.09;car;;3;14.00
3855.00;41899283#1_0;148.70;10.08;2998.00;26.28;803785575#0_0;5.10;0.00;tripinfo_in_od_to_as.31;857.00;in_od_to_as.31;0;2382.09;0.92;0.00;622.91;car;;19;376.00
3857.00;28706217_0;94.10;8.02;3618.00;16.05;23687583_0;5.10;0.00;tripinfo_in_as_to_sl.63;239.00;in_as_to_sl.63;0;1976.75;1.04;0.00;62.25;car;;3;13.00
3860.00;41899283#1_0;148.70;12.76;3704.00;0.49;-230845886_0;5.10;0.00;tripinfo_in_ba_to_as.56;156.00;in_ba_to_as.56;0;1430.78;1.16;0.00;44.63;car;;2;9.00
3862.00;23156390_0;1121.44;8.57;3633.00;8.79;23687583_0;5.10;0.00;tripinfo_in_as_to_br.12;229.00;in_as_to_br.12;0;1694.48;0.82;0.00;42.66;car;;2;15.00
3863.00;23156305_0;1264.14;9.89;2932.00;43.23;803785575#0_0;5.10;0.00;tripinfo_in_od_to_gg.38;931.00;in_od_to_gg.38;0;3669.96;0.96;0.00;585.64;car;;24;306.00
3863.00;28706217_0;94.10;7.74;3627.00;14.85;23687583_0;5.10;0.00;tripinfo_in_as_to_sl.64;236.00;in_as_to_sl.64;0;1976.75;1.02;0.00;55.41;car;;2;9.00
3863.00;28716808#1_0;754.74;9.83;3644.00;7.85;-230845886_0;5.10;0.00;tripinfo_in_ba_to_kl.4;219.00;in_ba_to_kl.4;0;1727.09;0.89;0.00;43.56;car;;2;16.00
3865.00;28706217_0;94.10;9.32;3612.00;24.65;23687583_0;5.10;0.00;tripinfo_in_as_to_sl.62;253.00;in_as_to_sl.62;0;1976.75;1.12;0.00;89.45;car;;5;18.00
3865.00;230845886_0;633.12;9.93;3627.00;2.61;-45494495_0;5.10;0.00;tripinfo_in_os_to_ba.22;238.00;in_os_to_ba.22;0;1746.52;0.96;0.00;73.48;car;;2;44.00
3865.00;972103805_0;116.86;9.33;3685.00;7.67;-23142338#2_0;5.10;0.00;tripinfo_in_ns_to_ko.160;180.00;in_ns_to_ko.160;0;1398.55;0.87;0.00;34.74;car;;2;7.00
3866.00;23156305_0;1264.14;11.17;2935.00;46.18;803785575#0_0;5.10;0.00;tripinfo_in_od_to_gg.39;931.00;in_od_to_gg.39;0;3669.96;1.01;0.00;600.23;car;;22;317.00
3867.00;972103805_0;116.86;9.51;3688.00;1.26;-23142338#2_0;5.10;0.00;tripinfo_in_ns_to_ko.161;179.00;in_ns_to_ko.161;0;1398.55;0.93;0.00;42.70;car;;2;7.00
3867.00;41899283#1_0;148.70;10.20;3707.00;1.27;-230845886_0;5.10;0.00;tripinfo_in_ba_to_as.57;160.00;in_ba_to_as.57;0;1430.78;1.00;0.00;30.87;car;;1;7.00
3868.00;28706217_0;94.10;7.84;3638.00;2.53;-230845886_0;5.10;0.00;tripinfo_in_ba_to_sl.37;230.00;in_ba_to_sl.37;0;1934.94;1.01;0.00;51.25;car;;1;8.00
3869.00;972103805_0;116.86;9.75;3691.00;1.45;-23142338#2_0;5.10;0.00;tripinfo_in_ns_to_ko.162;178.00;in_ns_to_ko.162;0;1398.55;0.95;0.00;44.66;car;;2;4.00
3870.00;23156305_0;1264.14;10.79;3557.00;0.53;-230845886_0;5.10;0.00;tripinfo_in_ba_to_gg.22;313.00;in_ba_to_gg.22;0;2718.65;1.00;0.00;64.33;car;;3;15.00
3871.00;230845886_0;633.12;8.92;3631.00;0.35;-45494495_0;5.10;0.00;tripinfo_in_os_to_ba.23;240.00;in_os_to_ba.23;0;1746.52;0.92;0.00;67.25;car;;2;42.00
3871.00;972103805_0;116.86;10.06;3704.00;0.67;-23142338#2_0;5.10;0.00;tripinfo_in_ns_to_ko.163;167.00;in_ns_to_ko.163;0;1398.55;0.97;0.00;36.50;car;;1;5.00
3876.00;28706217_0;94.10;6.66;3406.00;0.98;-23142338#2_0;5.10;0.00;tripinfo_in_ns_to_sl.6;470.00;in_ns_to_sl.6;0;1619.36;0.84;0.00;275.98;car;;4;226.00
3876.00;45494495_0;58.90;9.80;3658.00;9.08;23687583_0;5.10;0.00;tripinfo_in_as_to_os.37;218.00;in_as_to_os.37;0;1689.77;0.92;0.00;52.45;car;;1;24.00
3877.00;972103805_0;116.86;8.20;3617.00;5.04;-230845886_0;5.10;0.00;tripinfo_in_ba_to_ko.93;260.00;in_ba_to_ko.93;0;2114.29;0.82;0.00;26.65;car;;0;0.00
3878.00;23156390_0;1121.44;10.12;3539.00;1.19;-45494495_0;5.10;0.00;tripinfo_in_os_to_br.9;339.00;in_os_to_br.9;0;2513.69;0.92;0.00;90.91;car;;6;19.00
3879.00;230845886_0;633.12;8.97;2986.00;30.18;803785575#0_0;5.10;0.00;tripinfo_in_od_to_ba.42;893.00;in_od_to_ba.42;0;2382.14;0.89;0.00;651.96;car;;23;398.00
3879.00;972103805_0;116.86;11.92;3620.00;4.70;-230845886_0;5.10;0.00;tripinfo_in_ba_to_ko.94;259.00;in_ba_to_ko.94;0;2114.29;1.12;0.00;86.74;car;;0;0.00
3880.00;23156390_0;1121.44;11.16;3570.00;0.58;-23142338#2_0;5.10;0.00;tripinfo_in_ns_to_br.3;310.00;in_ns_to_br.3;0;2792.05;1.03;0.00;62.87;car;;2;13.00
3881.00;230845886_0;633.12;11.87;3032.00;0.84;803785575#0_0;5.10;0.00;tripinfo_in_od_to_ba.44;849.00;in_od_to_ba.44;0;2382.14;1.13;0.00;658.53;car;;23;327.00
3881.00;972103805_0;116.86;11.88;3623.00;4.06;-230845886_0;5.10;0.00;tripinfo_in_ba_to_ko.95;258.00;in_ba_to_ko.95;0;2114.29;1.13;0.00;87.61;car;;0;0.00
3883.00;28716808#1_0;754.74;10.28;3686.00;5.51;-230845886_0;5.10;0.00;tripinfo_in_ba_to_kl.5;197.00;in_ba_to_kl.5;0;1727.09;0.93;0.00;28.16;car;;1;2.00
3886.00;23527526_0;253.75;8.13;3778.00;23.21;23687583_0;5.10;0.00;tripinfo_in_as_to_gj.59;108.00;in_as_to_gj.59;0;649.06;0.78;0.00;31.47;car;;3;5.00
3887.00;45494495_0;58.90;10.41;3662.00;0.86;23687583_0;5.10;0.00;tripinfo_in_as_to_os.38;225.00;in_as_to_os.38;0;1689.77;0.96;0.00;65.77;car;;2;32.00
3887.00;41899283#1_0;148.70;9.31;3714.00;1.45;-230845886_0;5.10;0.00;tripinfo_in_ba_to_as.58;173.00;in_ba_to_as.58;0;1430.78;0.95;0.00;37.22;car;;2;16.00
3888.00;23527526_0;253.75;10.26;3664.00;15.21;-230845886_0;5.10;0.00;tripinfo_in_ba_to_gj.53;224.00;in_ba_to_gj.53;0;1755.68;1.01;0.00;66.86;car;;1;10.00
3895.00;45494495_0;58.90;8.77;2860.00;46.35;803785575#0_0;5.10;0.00;tripinfo_in_od_to_os.45;1035.00;in_od_to_os.45;0;969.96;0.90;0.00;937.86;car;;40;531.00
3895.00;28716808#1_0;754.74;11.55;3001.00;27.57;803785575#0_0;5.10;0.00;tripinfo_in_od_to_kl.27;894.00;in_od_to_kl.27;0;2678.40;1.08;0.00;670.30;car;;19;383.00
3895.00;23156390_0;1121.44;9.91;3615.00;0.18;-45494495_0;5.10;0.00;tripinfo_in_os_to_br.10;280.00;in_os_to_br.10;0;2513.69;0.94;0.00;36.46;car;;2;8.00
3895.00;41899283#1_0;148.70;9.98;3642.00;0.38;-45494495_0;5.10;0.00;tripinfo_in_os_to_as.17;253.00;in_os_to_as.17;0;1746.47;0.90;0.00;78.31;car;;3;30.00
3897.00;45494495_0;58.90;12.72;3730.00;0.06;-230845886_0;5.10;0.00;tripinfo_in_ba_to_os.51;167.00;in_ba_to_os.51;0;1647.96;1.15;0.00;37.60;car;;1;4.00
3899.00;23156390_0;1121.44;10.66;3676.00;4.31;-230845886_0;5.10;0.00;tripinfo_in_ba_to_br.3;223.00;in_ba_to_br.3;0;2198.00;1.07;0.00;36.07;car;;0;0.00
3900.00;41899283#1_0;148.70;13.00;3679.00;3.19;-23142338#2_0;5.10;0.00;tripinfo_in_ns_to_as.24;221.00;in_ns_to_as.24;0;2009.37;1.21;0.00;69.40;car;;0;0.00
3902.00;23527526_0;253.75;9.49;3699.00;0.82;-230845886_0;5.10;0.00;tripinfo_in_ba_to_gj.54;203.00;in_ba_to_gj.54;0;1755.68;0.95;0.00;36.27;car;;2;8.00
3903.00;41899283#1_0;148.70;11.98;3007.00;10.32;803785575#0_0;5.10;0.00;tripinfo_in_od_to_as.32;896.00;in_od_to_as.32;0;2382.09;1.08;0.00;697.19;car;;26;366.00
3903.00;45494495_0;58.90;10.18;3247.00;62.07;803785575#0_0;5.10;0.00;tripinfo_in_od_to_os.66;656.00;in_od_to_os.66;0;969.96;1.02;0.00;569.95;car;;26;289.00
3904.00;23527526_0;253.75;10.77;3711.00;0.20;-230845886_0;5.10;0.00;tripinfo_in_ba_to_gj.55;193.00;in_ba_to_gj.55;0;1755.68;1.05;0.00;40.68;car;;2;8.00
3905.00;230845886_0;633.12;10.26;3051.00;0.18;803785575#0_0;5.10;0.00;tripinfo_in_od_to_ba.45;854.00;in_od_to_ba.45;0;2382.14;0.96;0.00;630.58;car;;26;313.00
3905.00;23156305_0;1264.14;9.42;3505.00;0.73;-23142338#2_0;5.10;0.00;tripinfo_in_ns_to_gg.17;400.00;in_ns_to_gg.17;0;3297.24;0.87;0.00;55.06;car;;2;12.00
3906.00;23527526_0;253.75;10.73;3800.00;8.58;23687583_0;5.10;0.00;tripinfo_in_as_to_gj.60;106.00;in_as_to_gj.60;0;649.06;1.05;0.00;49.14;car;;1;23.00
3907.00;23156305_0;1264.14;9.64;3532.00;2.00;-23142338#2_0;5.10;0.00;tripinfo_in_ns_to_gg.18;375.00;in_ns_to_gg.18;0;3297.24;0.98;0.00;67.54;car;;1;6.00
3908.00;230845886_0;633.12;10.46;2758.00;26.76;803785575#0_0;5.10;0.00;tripinfo_in_od_to_ba.26;1150.00;in_od_to_ba.26;0;2382.14;0.96;0.00;926.04;car;;34;531.00
3909.00;23156305_0;1264.14;9.66;3586.00;3.24;-230845886_0;5.10;0.00;tripinfo_in_ba_to_gg.23;323.00;in_ba_to_gg.23;0;2718.65;0.95;0.00;62.41;car;;1;10.00
3909.00;45494495_0;58.90;9.45;3669.00;1.74;23687583_0;5.10;0.00;tripinfo_in_as_to_os.39;240.00;in_as_to_os.39;0;1689.77;0.85;0.00;61.24;car;;3;27.00
3911.00;45494495_0;58.90;10.04;2866.00;48.58;803785575#0_0;5.10;0.00;tripinfo_in_od_to_os.47;1045.00;in_od_to_os.47;0;969.96;0.95;0.00;952.82;car;;43;505.00
3911.00;23156305_0;1264.14;11.09;3605.00;6.21;-230845886_0;5.10;0.00;tripinfo_in_ba_to_gg.24;306.00;in_ba_to_gg.24;0;2718.65;1.05;0.00;71.59;car;;2;6.00
3913.00;45494495_0;58.90;12.21;3253.00;60.15;803785575#0_0;5.10;0.00;tripinfo_in_od_to_os.67;660.00;in_od_to_os.67;0;969.96;1.14;0.00;582.97;car;;19;296.00
3915.00;28716808#1_0;754.74;9.84;3646.00;1.50;-23142338#2_0;5.10;0.00;tripinfo_in_ns_to_kl.12;269.00;in_ns_to_kl.12;0;2315.58;0.89;0.00;33.18;car;;1;7.00
3917.00;28716808#1_0;754.74;10.55;3734.00;4.72;23687583_0;5.10;0.00;tripinfo_in_as_to_kl.16;183.00;in_as_to_kl.16;0;1207.92;1.01;0.00;74.90;car;;4;19.00
3918.00;230845886_0;633.12;8.88;3722.00;0.91;23687583_0;5.10;0.00;tripinfo_in_as_to_ba.37;196.00;in_as_to_ba.37;0;1356.50;0.90;0.00;60.34;car;;3;16.00
3919.00;41899283#1_0;148.70;8.37;2929.00;42.43;803785575#0_0;5.10;0.00;tripinfo_in_od_to_as.29;990.00;in_od_to_as.29;0;2382.09;0.80;0.00;719.23;car;;27;412.00
3919.00;28716808#1_0;754.74;10.96;3013.00;12.42;803785575#0_0;5.10;0.00;tripinfo_in_od_to_kl.29;906.00;in_od_to_kl.29;0;2678.40;1.03;0.00;671.42;car;;23;397.00
3920.00;41899283#1_0;148.70;10.78;3028.00;0.82;803785575#0_0;5.10;0.00;tripinfo_in_od_to_as.34;892.00;in_od_to_as.34;0;2382.09;1.22;0.00;715.55;car;;27;341.00
3920.00;230845886_0;633.12;10.80;3069.00;3.50;803785575#0_0;5.10;0.00;tripinfo_in_od_to_ba.46;851.00;in_od_to_ba.46;0;2382.14;1.01;0.00;636.64;car;;23;332.00
3921.00;230845886_0;633.12;11.05;2767.00;28.99;803785575#0_0;5.10;0.00;tripinfo_in_od_to_ba.27;1154.00;in_od_to_ba.27;0;2382.14;1.05;0.00;948.93;car;;35;535.00
3922.00;41899283#1_0;148.70;11.94;3775.00;3.52;-230845886_0;5.10;0.00;tripinfo_in_ba_to_as.59;147.00;in_ba_to_as.59;0;1430.78;1.15;0.00;34.67;car;;1;1.00
3923.00;230845886_0;633.12;12.10;3737.00;4.78;23687583_0;5.10;0.00;tripinfo_in_as_to_ba.38;186.00;in_as_to_ba.38;0;1356.50;1.10;0.00;74.31;car;;3;14.00
3925.00;972103805_0;116.86;10.11;3759.00;20.44;23687583_0;5.10;0.00;tripinfo_in_as_to_ko.68;166.00;in_as_to_ko.68;0;1102.39;0.99;0.00;64.86;car;;3;24.00
3926.00;972103805_0;116.86;11.70;3763.00;23.35;23687583_0;5.10;0.00;tripinfo_in_as_to_ko.69;163.00;in_as_to_ko.69;0;1102.39;1.09;0.00;71.56;car;;3;21.00
3927.00;23156305_0;1264.14;8.77;3693.00;0.98;23687583_0;5.10;0.00;tripinfo_in_as_to_gg.13;234.00;in_as_to_gg.13;0;1600.87;0.83;0.00;59.61;car;;3;24.00
3928.00;45494495_0;58.90;9.55;2878.00;45.98;803785575#0_0;5.10;0.00;tripinfo_in_od_to_os.48;1050.00;in_od_to_os.48;0;969.96;0.91;0.00;953.90;car;;39;504.00
3929.00;23156305_0;1264.14;9.69;2980.00;25.24;803785575#0_0;5.10;0.00;tripinfo_in_od_to_gg.41;949.00;in_od_to_gg.41;0;3669.96;0.91;0.00;582.71;car;;25;293.00
3930.00;45494495_0;58.90;10.03;3268.00;72.25;803785575#0_0;5.10;0.00;tripinfo_in_od_to_os.68;662.00;in_od_to_os.68;0;969.96;1.00;0.00;574.49;car;;23;291.00
3932.00;45494495_0;58.90;11.17;3278.00;79.57;803785575#0_0;5.10;0.00;tripinfo_in_od_to_os.69;654.00;in_od_to_os.69;0;969.96;1.07;0.00;571.80;car;;20;284.00
3932.00;972103805_0;116.86;8.39;3766.00;16.51;23687583_0;5.10;0.00;tripinfo_in_as_to_ko.70;166.00;in_as_to_ko.70;0;1102.39;0.87;0.00;51.12;car;;3;12.00
3936.00;45494495_0;58.90;9.69;3698.00;0.78;23687583_0;5.10;0.00;tripinfo_in_as_to_os.40;238.00;in_as_to_os.40;0;1689.77;0.95;0.00;76.91;car;;4;23.00
3937.00;28716808#1_0;754.74;8.24;3016.00;6.30;803785575#0_0;5.10;0.00;tripinfo_in_od_to_kl.30;921.00;in_od_to_kl.30;0;2678.40;0.85;0.00;637.27;car;;25;372.00
3938.00;45494495_0;58.90;11.00;3764.00;6.20;-230845886_0;5.10;0.00;tripinfo_in_ba_to_os.52;174.00;in_ba_to_os.52;0;1647.96;1.02;0.00;27.74;car;;1;1.00
3940.00;972103805_0;116.86;7.26;3647.00;6.24;-230845886_0;5.10;0.00;tripinfo_in_ba_to_ko.96;293.00;in_ba_to_ko.96;0;2114.29;0.77;0.00;42.06;car;;2;9.00
3941.00;230845886_0;633.12;10.11;3692.00;2.75;-45494495_0;5.10;0.00;tripinfo_in_os_to_ba.24;249.00;in_os_to_ba.24;0;1746.52;1.02;0.00;94.28;car;;3;25.00
3941.00;45494495_0;58.90;11.43;3728.00;3.07;23687583_0;5.10;0.00;tripinfo_in_as_to_os.41;213.00;in_as_to_os.41;0;1689.77;1.07;0.00;70.13;car;;3;13.00
3942.00;972103805_0;116.86;11.20;3653.00;11.89;-230845886_0;5.10;0.00;tripinfo_in_ba_to_ko.97;289.00;in_ba_to_ko.97;0;2114.29;1.19;0.00;126.83;car;;2;6.00
3945.00;972103805_0;116.86;8.07;3658.00;16.00;-230845886_0;5.10;0.00;tripinfo_in_ba_to_ko.98;287.00;in_ba_to_ko.98;0;2114.29;0.83;0.00;56.46;car;;1;9.00
3949.00;230845886_0;633.12;10.49;3098.00;9.16;803785575#0_0;5.10;0.00;tripinfo_in_od_to_ba.47;851.00;in_od_to_ba.47;0;2382.14;1.05;0.00;646.33;car;;28;332.00
3949.00;23527526_0;253.75;11.49;3767.00;7.14;-230845886_0;5.10;0.00;tripinfo_in_ba_to_gj.56;182.00;in_ba_to_gj.56;0;1755.68;1.13;0.00;41.67;car;;2;2.00
3951.00;972103805_0;116.86;6.56;3740.00;0.17;-23142338#2_0;5.10;0.00;tripinfo_in_ns_to_ko.164;211.00;in_ns_to_ko.164;0;1398.55;0.70;0.00;30.65;car;;1;9.00
3952.00;41899283#1_0;148.70;9.54;2770.00;30.34;803785575#0_0;5.10;0.00;tripinfo_in_od_to_as.22;1182.00;in_od_to_as.22;0;2382.09;0.96;0.00;956.86;car;;41;546.00
3953.00;972103805_0;116.86;11.91;3788.00;1.29;-23142338#2_0;5.10;0.00;tripinfo_in_ns_to_ko.165;165.00;in_ns_to_ko.165;0;1398.55;1.15;0.00;54.84;car;;0;0.00
3954.00;23156305_0;1264.14;9.88;3641.00;5.05;-230845886_0;5.10;0.00;tripinfo_in_ba_to_gg.25;313.00;in_ba_to_gg.25;0;2718.65;0.90;0.00;38.85;car;;1;8.00
3955.00;972103805_0;116.86;10.54;2821.00;34.96;803785575#0_0;5.10;0.00;tripinfo_in_od_to_ko.40;1134.00;in_od_to_ko.40;0;2307.67;1.00;0.00;915.18;car;;33;527.00
3955.00;23156305_0;1264.14;11.42;3650.00;8.89;-230845886_0;5.10;0.00;tripinfo_in_ba_to_gg.26;305.00;in_ba_to_gg.26;0;2718.65;1.25;0.00;106.63;car;;0;0.00
3956.00;972103805_0;116.86;11.57;3670.00;16.52;-230845886_0;5.10;0.00;tripinfo_in_ba_to_ko.99;286.00;in_ba_to_ko.99;0;2114.29;1.12;0.00;115.10;car;;3;23.00
3959.00;972103805_0;116.86;10.29;3673.00;8.50;-230845886_0;5.10;0.00;tripinfo_in_ba_to_ko.100;286.00;in_ba_to_ko.100;0;2114.29;1.01;0.00;93.93;car;;3;24.00
3959.00;23156390_0;1121.44;11.46;3743.00;9.32;23687583_0;5.10;0.00;tripinfo_in_as_to_br.13;216.00;in_as_to_br.13;0;1694.48;1.04;0.00;69.03;car;;3;11.00
3960.00;41899283#1_0;148.70;11.85;3804.00;0.88;-230845886_0;5.10;0.00;tripinfo_in_ba_to_as.60;156.00;in_ba_to_as.60;0;1430.78;1.16;0.00;44.58;car;;1;12.00
3961.00;45494495_0;58.90;9.23;3416.00;190.97;803785575#0_0;5.10;0.00;tripinfo_in_od_to_os.70;545.00;in_od_to_os.70;0;969.96;0.92;0.00;449.65;car;;14;180.00
3962.00;972103805_0;116.86;10.18;3689.00;6.48;-230845886_0;5.10;0.00;tripinfo_in_ba_to_ko.101;273.00;in_ba_to_ko.101;0;2114.29;0.93;0.00;67.19;car;;3;17.00
3962.00;41899283#1_0;148.70;12.80;3713.00;0.36;-45494495_0;5.10;0.00;tripinfo_in_os_to_as.18;249.00;in_os_to_as.18;0;1746.47;1.15;0.00;112.00;car;;5;20.00
3963.00;972103805_0;116.86;10.77;2833.00;39.52;803785575#0_0;5.10;0.00;tripinfo_in_od_to_ko.41;1130.00;in_od_to_ko.41;0;2307.67;1.01;0.00;913.69;car;;45;531.00
3963.00;45494495_0;58.90;12.77;3417.00;189.34;803785575#0_0;5.10;0.00;tripinfo_in_od_to_os.71;546.00;in_od_to_os.71;0;969.96;1.24;0.00;475.05;car;;16;181.00
3964.00;23527526_0;253.75;9.78;2752.00;32.94;803785575#0_0;5.10;0.00;tripinfo_in_od_to_gj.7;1212.00;in_od_to_gj.7;0;2706.99;0.94;0.00;952.23;car;;38;524.00
3964.00;23142338#2_0;290.21;9.74;3681.00;6.21;23687583_0;5.10;0.00;tripinfo_in_as_to_ns.43;283.00;in_as_to_ns.43;0;1995.73;0.90;0.00;81.90;car;;4;34.00
3965.00;45494495_0;58.90;10.96;3797.00;2.37;-230845886_0;5.10;0.00;tripinfo_in_ba_to_os.53;168.00;in_ba_to_os.53;0;1647.96;1.10;0.00;32.27;car;;0;0.00
3966.00;972103805_0;116.86;11.80;2845.00;42.23;803785575#0_0;5.10;0.00;tripinfo_in_od_to_ko.42;1121.00;in_od_to_ko.42;0;2307.67;1.07;0.00;914.26;car;;39;499.00
3966.00;23527526_0;253.75;11.50;3075.00;2.92;803785575#0_0;5.10;0.00;tripinfo_in_od_to_gj.12;891.00;in_od_to_gj.12;0;2706.99;1.06;0.00;659.72;car;;21;330.00
3969.00;41899283#1_0;148.70;10.86;3107.00;0.13;803785575#0_0;5.10;0.00;tripinfo_in_od_to_as.35;862.00;in_od_to_as.35;0;2382.09;0.98;0.00;641.94;car;;27;315.00
3969.00;972103805_0;116.86;11.36;3811.00;1.29;-23142338#2_0;5.10;0.00;tripinfo_in_ns_to_ko.166;158.00;in_ns_to_ko.166;0;1398.55;1.08;0.00;41.52;car;;2;12.00
3971.00;45494495_0;58.90;9.85;3429.00;191.50;803785575#0_0;5.10;0.00;tripinfo_in_od_to_os.72;542.00;in_od_to_os.72;0;969.96;0.96;0.00;450.57;car;;17;180.00
3974.00;972103805_0;116.86;12.23;3692.00;7.84;-230845886_0;5.10;0.00;tripinfo_in_ba_to_ko.102;282.00;in_ba_to_ko.102;0;2114.29;1.12;0.00;110.00;car;;5;32.00
3978.00;23142338#2_0;290.21;10.97;3725.00;2.34;23687583_0;5.10;0.00;tripinfo_in_as_to_ns.44;253.00;in_as_to_ns.44;0;1995.73;1.03;0.00;76.68;car;;4;23.00
3978.00;45494495_0;58.90;10.49;3807.00;0.86;-230845886_0;5.10;0.00;tripinfo_in_ba_to_os.54;171.00;in_ba_to_os.54;0;1647.96;1.04;0.00;26.57;car;;0;0.00
3978.00;23527526_0;253.75;8.17;3819.00;9.53;23687583_0;5.10;0.00;tripinfo_in_as_to_gj.61;159.00;in_as_to_gj.61;0;649.06;0.81;0.00;85.99;car;;2;61.00
3979.00;28716808#1_0;754.74;10.45;3813.00;6.42;23687583_0;5.10;0.00;tripinfo_in_as_to_kl.17;166.00;in_as_to_kl.17;0;1207.92;0.97;0.00;53.60;car;;2;21.00
3981.00;28716808#1_0;754.74;10.79;3097.00;12.58;803785575#0_0;5.10;0.00;tripinfo_in_od_to_kl.32;884.00;in_od_to_kl.32;0;2678.40;1.01;0.00;643.86;car;;24;328.00
3982.00;45494495_0;58.90;9.89;3446.00;171.96;803785575#0_0;5.10;0.00;tripinfo_in_od_to_os.73;536.00;in_od_to_os.73;0;969.96;0.94;0.00;442.96;car;;15;171.00
3982.00;972103805_0;116.86;9.17;3804.00;10.79;23687583_0;5.10;0.00;tripinfo_in_as_to_ko.71;178.00;in_as_to_ko.71;0;1102.39;0.89;0.00;65.46;car;;2;39.00
3984.00;972103805_0;116.86;10.21;3736.00;0.61;-230845886_0;5.10;0.00;tripinfo_in_ba_to_ko.103;248.00;in_ba_to_ko.103;0;2114.29;0.98;0.00;51.71;car;;4;15.00
3984.00;45494495_0;58.90;10.57;3774.00;19.42;23687583_0;5.10;0.00;tripinfo_in_as_to_os.42;210.00;in_as_to_os.42;0;1689.77;1.04;0.00;62.71;car;;4;15.00
3986.00;45494495_0;58.90;10.29;3786.00;16.38;23687583_0;5.10;0.00;tripinfo_in_as_to_os.43;200.00;in_as_to_os.43;0;1689.77;1.00;0.00;46.70;car;;2;3.00
3986.00;23527526_0;253.75;9.80;3781.00;5.08;-230845886_0;5.10;0.00;tripinfo_in_ba_to_gj.57;205.00;in_ba_to_gj.57;0;1755.68;0.91;0.00;29.15;car;;1;4.00
3986.00;972103805_0;116.86;10.89;3814.00;2.85;-23142338#2_0;5.10;0.00;tripinfo_in_ns_to_ko.167;172.00;in_ns_to_ko.167;0;1398.55;1.02;0.00;47.65;car;;3;15.00
3987.00;41899283#1_0;148.70;11.05;3111.00;0.93;803785575#0_0;5.10;0.00;tripinfo_in_od_to_as.36;876.00;in_od_to_as.36;0;2382.09;1.08;0.00;675.66;car;;26;337.00
3988.00;972103805_0;116.86;11.56;3827.00;0.08;-23142338#2_0;5.10;0.00;tripinfo_in_ns_to_ko.168;161.00;in_ns_to_ko.168;0;1398.55;1.10;0.00;45.99;car;;3;12.00
3989.00;41899283#1_0;148.70;10.63;3728.00;0.93;-45494495_0;5.10;0.00;tripinfo_in_os_to_as.19;261.00;in_os_to_as.19;0;1746.47;1.04;0.00;109.03;car;;3;26.00
3991.00;41899283#1_0;148.70;12.53;3785.00;0.64;-23142338#2_0;5.10;0.00;tripinfo_in_ns_to_as.25;206.00;in_ns_to_as.25;0;2009.37;1.15;0.00;45.98;car;;2;10.00
3993.00;230845886_0;633.12;10.02;3810.00;11.07;23687583_0;5.10;0.00;tripinfo_in_as_to_ba.39;183.00;in_as_to_ba.39;0;1356.50;0.95;0.00;54.18;car;;2;24.00
3995.00;972103805_0;116.86;9.69;3748.00;0.32;-230845886_0;5.10;0.00;tripinfo_in_ba_to_ko.104;247.00;in_ba_to_ko.104;0;2114.29;0.95;0.00;43.07;car;;2;15.00
3995.00;45494495_0;58.90;13.16;3840.00;0.97;-230845886_0;5.10;0.00;tripinfo_in_ba_to_os.55;155.00;in_ba_to_os.55;0;1647.96;1.21;0.00;31.56;car;;0;0.00
3997.00;23156030#6_0;109.07;12.09;3731.00;2.86;23687583_0;5.10;0.00;tripinfo_in_as_to_od.15;266.00;in_as_to_od.15;0;2357.31;1.19;0.00;87.66;car;;4;19.00
3997.00;972103805_0;116.86;10.57;3753.00;0.29;-230845886_0;5.10;0.00;tripinfo_in_ba_to_ko.105;244.00;in_ba_to_ko.105;0;2114.29;1.03;0.00;57.82;car;;2;11.00
3999.00;28706217_0;94.10;9.47;3758.00;4.18;-230845886_0;5.10;0.00;tripinfo_in_ba_to_sl.38;241.00;in_ba_to_sl.38;0;1934.94;1.15;0.00;84.12;car;;3;48.00
4001.00;972103805_0;116.86;9.72;3761.00;6.90;-230845886_0;5.10;0.00;tripinfo_in_ba_to_ko.106;240.00;in_ba_to_ko.106;0;2114.29;0.97;0.00;41.42;car;;2;10.00
4003.00;28706217_0;94.10;7.95;3701.00;0.06;23687583_0;5.10;0.00;tripinfo_in_as_to_sl.65;302.00;in_as_to_sl.65;0;1976.75;1.09;0.00;132.82;car;;6;44.00
4005.00;28706217_0;94.10;7.95;3772.00;7.12;-230845886_0;5.10;0.00;tripinfo_in_ba_to_sl.39;233.00;in_ba_to_sl.39;0;1934.94;1.09;0.00;68.36;car;;3;30.00
4005.00;972103805_0;116.86;10.55;3847.00;1.02;-23142338#2_0;5.10;0.00;tripinfo_in_ns_to_ko.169;158.00;in_ns_to_ko.169;0;1398.55;0.98;0.00;28.46;car;;1;5.00
4007.00;972103805_0;116.86;12.65;3852.00;5.32;-23142338#2_0;5.10;0.00;tripinfo_in_ns_to_ko.170;155.00;in_ns_to_ko.170;0;1398.55;1.22;0.00;51.45;car;;1;4.00
4009.00;28706217_0;94.10;7.20;3707.00;1.94;23687583_0;5.10;0.00;tripinfo_in_as_to_sl.66;302.00;in_as_to_sl.66;0;1976.75;0.99;0.00;116.94;car;;7;51.00
4010.00;41899283#1_0;148.70;10.19;3848.00;1.38;-230845886_0;5.10;0.00;tripinfo_in_ba_to_as.61;162.00;in_ba_to_as.61;0;1430.78;0.94;0.00;25.09;car;;1;6.00
4013.00;28706217_0;94.10;8.71;3919.00;0.67;-45494495_0;5.10;0.00;tripinfo_in_os_to_sl.17;94.00;in_os_to_sl.17;0;484.95;1.05;0.00;46.50;car;;3;25.00
4015.00;23142338#2_0;290.21;10.97;3782.00;21.94;23687583_0;5.10;0.00;tripinfo_in_as_to_ns.45;233.00;in_as_to_ns.45;0;1995.73;1.04;0.00;58.17;car;;4;12.00
4018.00;28706217_0;94.10;6.53;3784.00;0.03;-230845886_0;5.10;0.00;tripinfo_in_ba_to_sl.40;234.00;in_ba_to_sl.40;0;1934.94;0.94;0.00;42.35;car;;1;8.00
4018.00;45494495_0;58.90;11.39;3851.00;3.84;-230845886_0;5.10;0.00;tripinfo_in_ba_to_os.56;167.00;in_ba_to_os.56;0;1647.96;1.04;0.00;24.21;car;;1;1.00
4020.00;230845886_0;633.12;11.07;2812.00;38.57;803785575#0_0;5.10;0.00;tripinfo_in_od_to_ba.30;1208.00;in_od_to_ba.30;0;2382.14;1.08;0.00;1008.85;car;;41;562.00
4020.00;23142338#2_0;290.21;10.42;3790.00;0.46;23687583_0;5.10;0.00;tripinfo_in_as_to_ns.46;230.00;in_as_to_ns.46;0;1995.73;1.03;0.00;53.18;car;;1;3.00
4020.00;23527526_0;253.75;9.04;3937.00;48.95;23687583_0;5.10;0.00;tripinfo_in_as_to_gj.62;83.00;in_as_to_gj.62;0;649.06;0.83;0.00;11.45;car;;0;0.00
4023.00;972103805_0;116.86;10.22;3869.00;0.91;-23142338#2_0;5.10;0.00;tripinfo_in_ns_to_ko.171;154.00;in_ns_to_ko.171;0;1398.55;0.97;0.00;23.87;car;;2;2.00
4024.00;41899283#1_0;148.70;11.25;3872.00;0.88;-230845886_0;5.10;0.00;tripinfo_in_ba_to_as.62;152.00;in_ba_to_as.62;0;1430.78;1.03;0.00;26.10;car;;1;2.00
4025.00;28706217_0;94.10;7.10;3749.00;13.21;23687583_0;5.10;0.00;tripinfo_in_as_to_sl.67;276.00;in_as_to_sl.67;0;1976.75;0.90;0.00;71.63;car;;3;8.00
4027.00;28706217_0;94.10;8.25;3810.00;0.88;-230845886_0;5.10;0.00;tripinfo_in_ba_to_sl.41;217.00;in_ba_to_sl.41;0;1934.94;0.99;0.00;35.87;car;;0;0.00
4030.00;230845886_0;633.12;9.86;2818.00;33.87;803785575#0_0;5.10;0.00;tripinfo_in_od_to_ba.31;1212.00;in_od_to_ba.31;0;2382.14;0.96;0.00;987.14;car;;45;549.00
4030.00;972103805_0;116.86;9.41;3816.00;7.81;23687583_0;5.10;0.00;tripinfo_in_as_to_ko.72;214.00;in_as_to_ko.72;0;1102.39;0.96;0.00;110.65;car;;3;76.00
4030.00;28716808#1_0;754.74;11.26;3827.00;0.35;23687583_0;5.10;0.00;tripinfo_in_as_to_kl.18;203.00;in_as_to_kl.18;0;1207.92;1.07;0.00;99.86;car;;3;64.00
4032.00;23142338#2_0;290.21;10.62;3828.00;0.55;-45494495_0;5.10;0.00;tripinfo_in_os_to_ns.7;204.00;in_os_to_ns.7;0;1665.91;1.04;0.00;47.84;car;;1;27.00
4033.00;972103805_0;116.86;10.12;3845.00;3.43;23687583_0;5.10;0.00;tripinfo_in_as_to_ko.73;188.00;in_as_to_ko.73;0;1102.39;0.97;0.00;84.47;car;;2;52.00
4034.00;23142338#2_0;290.21;10.93;3800.00;4.93;-230845886_0;5.10;0.00;tripinfo_in_ba_to_ns.22;234.00;in_ba_to_ns.22;0;2346.36;1.09;0.00;39.94;car;;1;6.00
4036.00;972103805_0;116.86;8.39;3778.00;2.62;-230845886_0;5.10;0.00;tripinfo_in_ba_to_ko.107;258.00;in_ba_to_ko.107;0;2114.29;0.86;0.00;34.64;car;;1;6.00
4036.00;23527526_0;253.75;8.79;3833.00;2.29;-230845886_0;5.10;0.00;tripinfo_in_ba_to_gj.58;203.00;in_ba_to_gj.58;0;1755.68;0.86;0.00;16.68;car;;0;0.00
4038.00;45494495_0;58.90;9.78;3454.00;177.06;803785575#0_0;5.10;0.00;tripinfo_in_od_to_os.74;584.00;in_od_to_os.74;0;969.96;0.96;0.00;492.82;car;;15;210.00
4038.00;23156305_0;1264.14;9.75;3676.00;0.23;-23142338#2_0;5.10;0.00;tripinfo_in_ns_to_gg.19;362.00;in_ns_to_gg.19;0;3297.24;0.92;0.00;36.91;car;;1;1.00
4038.00;972103805_0;116.86;11.59;3794.00;0.23;-230845886_0;5.10;0.00;tripinfo_in_ba_to_ko.108;244.00;in_ba_to_ko.108;0;2114.29;1.07;0.00;63.17;car;;1;2.00
4038.00;23527526_0;253.75;10.63;3854.00;3.22;-230845886_0;5.10;0.00;tripinfo_in_ba_to_gj.59;184.00;in_ba_to_gj.59;0;1755.68;1.06;0.00;33.78;car;;1;2.00
4039.00;23156305_0;1264.14;10.91;3054.00;2.28;803785575#0_0;5.10;0.00;tripinfo_in_od_to_gg.42;985.00;in_od_to_gg.42;0;3669.96;1.08;0.00;677.20;car;;22;315.00
4039.00;23527526_0;253.75;11.79;3857.00;3.77;-230845886_0;5.10;0.00;tripinfo_in_ba_to_gj.60;182.00;in_ba_to_gj.60;0;1755.68;1.07;0.00;33.09;car;;0;0.00
4041.00;45494495_0;58.90;12.65;2944.00;39.14;803785575#0_0;5.10;0.00;tripinfo_in_od_to_os.50;1097.00;in_od_to_os.50;0;969.96;1.25;0.00;1026.54;car;;42;492.00
4042.00;230845886_0;633.12;11.95;3830.00;2.76;23687583_0;5.10;0.00;tripinfo_in_as_to_ba.40;212.00;in_as_to_ba.40;0;1356.50;1.11;0.00;101.19;car;;4;63.00
4042.00;41899283#1_0;148.70;11.91;3884.00;4.79;-230845886_0;5.10;0.00;tripinfo_in_ba_to_as.63;158.00;in_ba_to_as.63;0;1430.78;1.10;0.00;40.16;car;;1;4.00
4043.00;972103805_0;116.86;11.84;3888.00;0.52;-23142338#2_0;5.10;0.00;tripinfo_in_ns_to_ko.172;155.00;in_ns_to_ko.172;0;1398.55;1.07;0.00;37.19;car;;2;16.00
4044.00;23527526_0;253.75;10.62;3953.00;14.48;23687583_0;5.10;0.00;tripinfo_in_as_to_gj.63;91.00;in_as_to_gj.63;0;649.06;1.05;0.00;34.82;car;;2;16.00
4045.00;230845886_0;633.12;11.98;3839.00;5.66;23687583_0;5.10;0.00;tripinfo_in_as_to_ba.41;206.00;in_as_to_ba.41;0;1356.50;1.08;0.00;93.09;car;;3;55.00
4046.00;972103805_0;116.86;11.02;3901.00;0.19;-23142338#2_0;5.10;0.00;tripinfo_in_ns_to_ko.173;145.00;in_ns_to_ko.173;0;1398.55;1.04;0.00;23.64;car;;1;5.00
4048.00;972103805_0;116.86;10.77;3909.00;0.75;-23142338#2_0;5.10;0.00;tripinfo_in_ns_to_ko.174;139.00;in_ns_to_ko.174;0;1398.55;1.08;0.00;21.79;car;;1;3.00
4049.00;41899283#1_0;148.70;10.53;3890.00;9.44;-230845886_0;5.10;0.00;tripinfo_in_ba_to_as.64;159.00;in_ba_to_as.64;0;1430.78;0.98;0.00;26.28;car;;1;1.00
4057.00;972103805_0;116.86;9.24;3815.00;0.30;-230845886_0;5.10;0.00;tripinfo_in_ba_to_ko.109;242.00;in_ba_to_ko.109;0;2114.29;0.90;0.00;28.77;car;;0;0.00
4058.00;23527526_0;253.75;8.54;3962.00;13.73;23687583_0;5.10;0.00;tripinfo_in_as_to_gj.64;96.00;in_as_to_gj.64;0;649.06;0.88;0.00;28.87;car;;2;10.00
4060.00;28716808#1_0;754.74;7.99;3088.00;6.18;803785575#0_0;5.10;0.00;tripinfo_in_od_to_kl.31;972.00;in_od_to_kl.31;0;2678.40;0.81;0.00;674.71;car;;25;377.00
4062.00;23156305_0;1264.14;12.40;3848.00;3.92;23687583_0;5.10;0.00;tripinfo_in_as_to_gg.14;214.00;in_as_to_gg.14;0;1600.87;1.14;0.00;86.94;car;;2;51.00
4064.00;23156030#6_0;109.07;9.36;3698.00;0.50;-23142338#2_0;5.10;0.00;tripinfo_in_ns_to_od.4;366.00;in_ns_to_od.4;0;2005.01;0.94;0.00;159.92;car;;3;121.00
4064.00;972103805_0;116.86;9.90;3884.00;5.51;23687583_0;5.10;0.00;tripinfo_in_as_to_ko.74;180.00;in_as_to_ko.74;0;1102.39;1.00;0.00;81.04;car;;3;50.00
4065.00;23527526_0;253.75;10.06;3863.00;4.98;-230845886_0;5.10;0.00;tripinfo_in_ba_to_gj.61;202.00;in_ba_to_gj.61;0;1755.68;0.95;0.00;33.84;car;;1;7.00
4066.00;41899283#1_0;148.70;10.62;3896.00;2.32;-230845886_0;5.10;0.00;tripinfo_in_ba_to_as.65;170.00;in_ba_to_as.65;0;1430.78;0.99;0.00;38.14;car;;1;10.00
4067.00;41899283#1_0;148.70;12.13;3199.00;55.57;803785575#0_0;5.10;0.00;tripinfo_in_od_to_as.38;868.00;in_od_to_as.38;0;2382.09;1.15;0.00;681.70;car;;25;296.00
4067.00;45494495_0;58.90;10.95;3530.00;191.86;803785575#0_0;5.10;0.00;tripinfo_in_od_to_os.75;537.00;in_od_to_os.75;0;969.96;1.03;0.00;451.73;car;;15;189.00
4067.00;23527526_0;253.75;12.28;3754.00;0.88;-45494495_0;5.10;0.00;tripinfo_in_os_to_gj.6;313.00;in_os_to_gj.6;0;2071.37;1.11;0.00;143.08;car;;3;27.00
4068.00;28706217_0;94.10;7.87;3807.00;11.25;23687583_0;5.10;0.00;tripinfo_in_as_to_sl.68;261.00;in_as_to_sl.68;0;1976.75;1.05;0.00;85.76;car;;4;34.00
4068.00;972103805_0;116.86;9.37;3941.00;40.38;23687583_0;5.10;0.00;tripinfo_in_as_to_ko.75;127.00;in_as_to_ko.75;0;1102.39;0.92;0.00;18.58;car;;0;0.00
4068.00;23527526_0;253.75;12.90;3965.00;15.61;23687583_0;5.10;0.00;tripinfo_in_as_to_gj.65;103.00;in_as_to_gj.65;0;649.06;1.17;0.00;52.64;car;;3;23.00
4070.00;23527526_0;253.75;13.24;3887.00;6.76;-230845886_0;5.10;0.00;tripinfo_in_ba_to_gj.62;183.00;in_ba_to_gj.62;0;1755.68;1.19;0.00;49.38;car;;1;1.00
4070.00;972103805_0;116.86;11.26;3915.00;0.98;-23142338#2_0;5.10;0.00;tripinfo_in_ns_to_ko.175;155.00;in_ns_to_ko.175;0;1398.55;1.08;0.00;38.38;car;;2;13.00
4071.00;28716808#1_0;754.74;11.94;3891.00;4.70;23687583_0;5.10;0.00;tripinfo_in_as_to_kl.19;180.00;in_as_to_kl.19;0;1207.92;1.12;0.00;81.90;car;;1;34.00
4072.00;41899283#1_0;148.70;9.51;3193.00;51.07;803785575#0_0;5.10;0.00;tripinfo_in_od_to_as.37;879.00;in_od_to_as.37;0;2382.09;0.95;0.00;652.46;car;;30;317.00
4075.00;972103805_0;116.86;9.60;3818.00;2.81;-230845886_0;5.10;0.00;tripinfo_in_ba_to_ko.110;257.00;in_ba_to_ko.110;0;2114.29;0.88;0.00;39.77;car;;2;12.00
4076.00;45494495_0;58.90;10.71;3823.00;6.93;23687583_0;5.10;0.00;tripinfo_in_as_to_os.44;253.00;in_as_to_os.44;0;1689.77;1.03;0.00;103.89;car;;3;65.00
4077.00;972103805_0;116.86;10.30;3823.00;0.68;-230845886_0;5.10;0.00;tripinfo_in_ba_to_ko.111;254.00;in_ba_to_ko.111;0;2114.29;0.93;0.00;47.97;car;;2;10.00
4078.00;23142338#2_0;290.21;12.07;3845.00;0.85;-230845886_0;5.10;0.00;tripinfo_in_ba_to_ns.23;233.00;in_ba_to_ns.23;0;2346.36;1.12;0.00;42.57;car;;1;5.00
4079.00;972103805_0;116.86;10.95;3836.00;4.25;-230845886_0;5.10;0.00;tripinfo_in_ba_to_ko.112;243.00;in_ba_to_ko.112;0;2114.29;1.10;0.00;67.67;car;;2;11.00
4083.00;41899283#1_0;148.70;11.83;3808.00;1.94;-45494495_0;5.10;0.00;tripinfo_in_os_to_as.20;275.00;in_os_to_as.20;0;1746.47;1.08;0.00;128.55;car;;4;44.00
4084.00;230845886_0;633.12;8.40;3682.00;5.97;-23142338#2_0;5.10;0.00;tripinfo_in_ns_to_ba.6;402.00;in_ns_to_ba.6;0;2340.42;0.79;0.00;137.24;car;;6;46.00
4086.00;230845886_0;633.12;10.97;3842.00;4.30;23687583_0;5.10;0.00;tripinfo_in_as_to_ba.42;244.00;in_as_to_ba.42;0;1356.50;1.04;0.00;125.83;car;;3;59.00
4093.00;45494495_0;58.90;9.21;3614.00;264.42;803785575#0_0;5.10;0.00;tripinfo_in_od_to_os.76;479.00;in_od_to_os.76;0;969.96;0.85;0.00;376.05;car;;10;147.00
4093.00;230845886_0;633.12;10.55;3873.00;2.28;23687583_0;5.10;0.00;tripinfo_in_as_to_ba.43;220.00;in_as_to_ba.43;0;1356.50;0.99;0.00;95.91;car;;5;40.00
4094.00;23527526_0;253.75;11.20;3913.00;0.04;-230845886_0;5.10;0.00;tripinfo_in_ba_to_gj.63;181.00;in_ba_to_gj.63;0;1755.68;1.03;0.00;26.63;car;;1;10.00
4095.00;41899283#1_0;148.70;10.62;3831.00;3.36;-45494495_0;5.10;0.00;tripinfo_in_os_to_as.21;264.00;in_os_to_as.21;0;1746.47;1.04;0.00;111.89;car;;4;41.00
4095.00;972103805_0;116.86;10.30;3944.00;36.28;23687583_0;5.10;0.00;tripinfo_in_as_to_ko.76;151.00;in_as_to_ko.76;0;1102.39;0.99;0.00;50.34;car;;2;28.00
4095.00;45494495_0;58.90;10.76;3930.00;1.32;-230845886_0;5.10;0.00;tripinfo_in_ba_to_os.57;165.00;in_ba_to_os.57;0;1647.96;1.04;0.00;21.99;car;;0;0.00
4096.00;23527526_0;253.75;13.19;3918.00;1.23;-230845886_0;5.10;0.00;tripinfo_in_ba_to_gj.64;178.00;in_ba_to_gj.64;0;1755.68;1.20;0.00;45.34;car;;1;9.00
4099.00;45494495_0;58.90;9.31;3617.00;264.45;803785575#0_0;5.10;0.00;tripinfo_in_od_to_os.77;482.00;in_od_to_os.77;0;969.96;0.89;0.00;382.86;car;;13;149.00
4099.00;41899283#1_0;148.70;8.91;3866.00;0.36;-23142338#2_0;5.10;0.00;tripinfo_in_ns_to_as.26;233.00;in_ns_to_as.26;0;2009.37;0.91;0.00;32.70;car;;1;9.00
4101.00;28716808#1_0;754.74;10.58;3758.00;0.52;-45494495_0;5.10;0.00;tripinfo_in_os_to_kl.11;343.00;in_os_to_kl.11;0;2042.78;1.01;0.00;159.40;car;;6;48.00
4101.00;41899283#1_0;148.70;12.83;3872.00;1.36;-23142338#2_0;5.10;0.00;tripinfo_in_ns_to_as.27;229.00;in_ns_to_as.27;0;2009.37;1.24;0.00;80.46;car;;1;7.00
4102.00;972103805_0;116.86;11.98;3966.00;0.10;-23142338#2_0;5.10;0.00;tripinfo_in_ns_to_ko.176;136.00;in_ns_to_ko.176;0;1398.55;1.13;0.00;24.07;car;;1;8.00
4105.00;41899283#1_0;148.70;11.35;3210.00;56.22;803785575#0_0;5.10;0.00;tripinfo_in_od_to_as.39;895.00;in_od_to_as.39;0;2382.09;1.09;0.00;696.99;car;;26;353.00
4105.00;972103805_0;116.86;11.41;3974.00;0.00;-23142338#2_0;5.10;0.00;tripinfo_in_ns_to_ko.177;131.00;in_ns_to_ko.177;0;1398.55;1.14;0.00;19.88;car;;1;3.00
4109.00;230845886_0;633.12;8.57;3888.00;2.39;23687583_0;5.10;0.00;tripinfo_in_as_to_ba.44;221.00;in_as_to_ba.44;0;1356.50;0.84;0.00;74.90;car;;1;35.00
4111.00;230845886_0;633.12;9.43;3745.00;0.84;-23142338#2_0;5.10;0.00;tripinfo_in_ns_to_ba.7;366.00;in_ns_to_ba.7;0;2340.42;0.91;0.00;136.51;car;;5;45.00
4112.00;23527526_0;253.75;9.03;3991.00;6.56;23687583_0;5.10;0.00;tripinfo_in_as_to_gj.66;121.00;in_as_to_gj.66;0;649.06;0.89;0.00;54.93;car;;3;20.00
4114.00;45494495_0;58.90;8.09;3643.00;264.84;803785575#0_0;5.10;0.00;tripinfo_in_od_to_os.79;471.00;in_od_to_os.79;0;969.96;0.83;0.00;365.13;car;;11;134.00
4118.00;972103805_0;116.86;9.04;3860.00;4.20;-230845886_0;5.10;0.00;tripinfo_in_ba_to_ko.113;258.00;in_ba_to_ko.113;0;2114.29;0.87;0.00;37.82;car;;1;7.00
4122.00;972103805_0;116.86;11.62;2896.00;39.41;803785575#0_0;5.10;0.00;tripinfo_in_od_to_ko.43;1226.00;in_od_to_ko.43;0;2307.67;1.07;0.00;1021.01;car;;51;525.00
4123.00;23142338#2_0;290.21;10.44;3833.00;5.33;23687583_0;5.10;0.00;tripinfo_in_as_to_ns.47;290.00;in_as_to_ns.47;0;1995.73;0.99;0.00;106.52;car;;4;62.00
4125.00;230845886_0;633.12;8.68;3950.00;16.90;23687583_0;5.10;0.00;tripinfo_in_as_to_ba.45;175.00;in_as_to_ba.45;0;1356.50;0.85;0.00;30.23;car;;1;12.00
4126.00;972103805_0;116.86;11.06;2905.00;41.22;803785575#0_0;5.10;0.00;tripinfo_in_od_to_ko.44;1221.00;in_od_to_ko.44;0;2307.67;1.03;0.00;1007.36;car;;44;482.00
4128.00;45494495_0;58.90;10.49;3941.00;0.95;-230845886_0;5.10;0.00;tripinfo_in_ba_to_os.58;187.00;in_ba_to_os.58;0;1647.96;1.05;0.00;45.43;car;;1;5.00
4128.00;972103805_0;116.86;10.67;3978.00;0.56;-23142338#2_0;5.10;0.00;tripinfo_in_ns_to_ko.178;150.00;in_ns_to_ko.178;0;1398.55;1.08;0.00;32.51;car;;1;8.00
4129.00;23142338#2_0;290.21;11.53;3881.00;5.74;23687583_0;5.10;0.00;tripinfo_in_as_to_ns.48;248.00;in_as_to_ns.48;0;1995.73;1.11;0.00;84.26;car;;2;40.00
4130.00;23156305_0;1264.14;8.73;2800.00;33.28;803785575#0_0;5.10;0.00;tripinfo_in_od_to_gg.35;1330.00;in_od_to_gg.35;0;3669.96;0.83;0.00;931.19;car;;38;540.00
4130.00;23527526_0;253.75;8.59;3921.00;1.39;-230845886_0;5.10;0.00;tripinfo_in_ba_to_gj.65;209.00;in_ba_to_gj.65;0;1755.68;0.88;0.00;28.61;car;;1;7.00
4132.00;23156305_0;1264.14;10.51;3830.00;0.38;-230845886_0;5.10;0.00;tripinfo_in_ba_to_gg.27;302.00;in_ba_to_gg.27;0;2718.65;1.06;0.00;69.39;car;;1;8.00
4132.00;41899283#1_0;148.70;9.03;3841.00;0.56;-45494495_0;5.10;0.00;tripinfo_in_os_to_as.22;291.00;in_os_to_as.22;0;1746.47;0.90;0.00;115.78;car;;6;45.00
4133.00;230845886_0;633.12;10.01;3208.00;58.20;803785575#0_0;5.10;0.00;tripinfo_in_od_to_ba.49;925.00;in_od_to_ba.49;0;2382.14;0.97;0.00;701.99;car;;25;362.00
4133.00;45494495_0;58.90;8.02;3836.00;4.63;23687583_0;5.10;0.00;tripinfo_in_as_to_os.45;297.00;in_as_to_os.45;0;1689.77;0.79;0.00;103.82;car;;3;63.00
4135.00;230845886_0;633.12;10.70;3180.00;44.40;803785575#0_0;5.10;0.00;tripinfo_in_od_to_ba.48;955.00;in_od_to_ba.48;0;2382.14;0.97;0.00;733.70;car;;34;381.00
4136.00;972103805_0;116.86;8.76;3881.00;4.68;-230845886_0;5.10;0.00;tripinfo_in_ba_to_ko.114;255.00;in_ba_to_ko.114;0;2114.29;0.85;0.00;28.96;car;;1;2.00
4137.00;45494495_0;58.90;10.46;3877.00;2.00;23687583_0;5.10;0.00;tripinfo_in_as_to_os.46;260.00;in_as_to_os.46;0;1689.77;0.96;0.00;99.76;car;;3;37.00
4138.00;972103805_0;116.86;11.62;3902.00;0.45;-230845886_0;5.10;0.00;tripinfo_in_ba_to_ko.115;236.00;in_ba_to_ko.115;0;2114.29;1.07;0.00;56.02;car;;0;0.00
4139.00;45494495_0;58.90;10.26;3967.00;4.39;-230845886_0;5.10;0.00;tripinfo_in_ba_to_os.59;172.00;in_ba_to_os.59;0;1647.96;1.04;0.00;27.69;car;;0;0.00
4143.00;972103805_0;116.86;11.64;3969.00;10.43;23687583_0;5.10;0.00;tripinfo_in_as_to_ko.77;174.00;in_as_to_ko.77;0;1102.39;1.06;0.00;79.92;car;;4;45.00
4144.00;45494495_0;58.90;13.43;3063.00;7.13;803785575#0_0;5.10;0.00;tripinfo_in_od_to_os.58;1081.00;in_od_to_os.58;0;969.96;1.22;0.00;1008.68;car;;29;443.00
4144.00;230845886_0;633.12;10.85;3215.00;57.41;803785575#0_0;5.10;0.00;tripinfo_in_od_to_ba.50;929.00;in_od_to_ba.50;0;2382.14;0.99;0.00;712.85;car;;29;350.00
4146.00;230845886_0;633.12;11.66;3241.00;66.33;803785575#0_0;5.10;0.00;tripinfo_in_od_to_ba.51;905.00;in_od_to_ba.51;0;2382.14;1.08;0.00;705.21;car;;28;343.00
4146.00;23156390_0;1121.44;11.05;3855.00;0.61;-23142338#2_0;5.10;0.00;tripinfo_in_ns_to_br.4;291.00;in_ns_to_br.4;0;2792.05;1.03;0.00;46.06;car;;2;13.00
4146.00;23527526_0;253.75;8.71;3927.00;3.87;-230845886_0;5.10;0.00;tripinfo_in_ba_to_gj.66;219.00;in_ba_to_gj.66;0;1755.68;0.89;0.00;41.15;car;;2;16.00
4146.00;972103805_0;116.86;10.71;3972.00;11.94;23687583_0;5.10;0.00;tripinfo_in_as_to_ko.78;174.00;in_as_to_ko.78;0;1102.39;1.08;0.00;81.12;car;;5;40.00
4147.00;23156305_0;1264.14;10.17;3104.00;8.88;803785575#0_0;5.10;0.00;tripinfo_in_od_to_gg.44;1043.00;in_od_to_gg.44;0;3669.96;0.98;0.00;705.10;car;;34;351.00
4148.00;23527526_0;253.75;12.44;3936.00;6.94;-230845886_0;5.10;0.00;tripinfo_in_ba_to_gj.68;212.00;in_ba_to_gj.68;0;1755.68;1.19;0.00;77.56;car;;4;11.00
4149.00;45494495_0;58.90;9.61;3788.00;336.54;803785575#0_0;5.10;0.00;tripinfo_in_od_to_os.81;361.00;in_od_to_os.81;0;969.96;0.93;0.00;266.74;car;;13;93.00
4150.00;23527526_0;253.75;9.74;3933.00;4.23;-230845886_0;5.10;0.00;tripinfo_in_ba_to_gj.67;217.00;in_ba_to_gj.67;0;1755.68;0.91;0.00;41.94;car;;2;14.00
4150.00;972103805_0;116.86;11.23;3994.00;7.95;23687583_0;5.10;0.00;tripinfo_in_as_to_ko.79;156.00;in_as_to_ko.79;0;1102.39;1.07;0.00;62.62;car;;3;19.00
4151.00;23156030#6_0;109.07;8.78;3796.00;1.58;-23142338#2_0;5.10;0.00;tripinfo_in_ns_to_od.5;355.00;in_ns_to_od.5;0;2005.01;0.86;0.00;130.55;car;;2;105.00
4152.00;45494495_0;58.90;12.34;3799.00;329.08;803785575#0_0;5.10;0.00;tripinfo_in_od_to_os.82;353.00;in_od_to_os.82;0;969.96;1.13;0.00;275.02;car;;15;93.00
4152.00;23527526_0;253.75;11.65;3805.00;0.31;-45494495_0;5.10;0.00;tripinfo_in_os_to_gj.7;347.00;in_os_to_gj.7;0;2071.37;1.10;0.00;175.46;car;;7;60.00
4153.00;230845886_0;633.12;10.23;3808.00;0.91;-23142338#2_0;5.10;0.00;tripinfo_in_ns_to_ba.8;345.00;in_ns_to_ba.8;0;2340.42;1.01;0.00;137.68;car;;7;51.00
4154.00;23156305_0;1264.14;10.89;3177.00;42.73;803785575#0_0;5.10;0.00;tripinfo_in_od_to_gg.46;977.00;in_od_to_gg.46;0;3669.96;1.00;0.00;644.92;car;;27;291.00
4154.00;23142338#2_0;290.21;9.41;3866.00;3.12;-230845886_0;5.10;0.00;tripinfo_in_ba_to_ns.24;288.00;in_ba_to_ns.24;0;2346.36;0.90;0.00;51.95;car;;1;26.00
4154.00;23527526_0;253.75;11.70;3955.00;3.15;-230845886_0;5.10;0.00;tripinfo_in_ba_to_gj.69;199.00;in_ba_to_gj.69;0;1755.68;1.06;0.00;48.27;car;;1;9.00
4156.00;23156305_0;1264.14;11.74;3184.00;45.31;803785575#0_0;5.10;0.00;tripinfo_in_od_to_gg.47;972.00;in_od_to_gg.47;0;3669.96;1.13;0.00;677.24;car;;31;300.00
4156.00;23527526_0;253.75;11.36;3958.00;4.25;-230845886_0;5.10;0.00;tripinfo_in_ba_to_gj.70;198.00;in_ba_to_gj.70;0;1755.68;1.06;0.00;47.85;car;;1;7.00
4158.00;23527526_0;253.75;12.53;3845.00;0.14;-45494495_0;5.10;0.00;tripinfo_in_os_to_gj.8;313.00;in_os_to_gj.8;0;2071.37;1.15;0.00;149.36;car;;8;50.00
4158.00;23142338#2_0;290.21;9.14;3875.00;2.70;-230845886_0;5.10;0.00;tripinfo_in_ba_to_ns.25;283.00;in_ba_to_ns.25;0;2346.36;0.88;0.00;41.59;car;;2;12.00
4159.00;45494495_0;58.90;13.28;4001.00;0.28;-230845886_0;5.10;0.00;tripinfo_in_ba_to_os.60;158.00;in_ba_to_os.60;0;1647.96;1.24;0.00;37.66;car;;0;0.00
4160.00;972103805_0;116.86;10.09;3924.00;3.86;-230845886_0;5.10;0.00;tripinfo_in_ba_to_ko.116;236.00;in_ba_to_ko.116;0;2114.29;0.99;0.00;42.12;car;;1;6.00
4165.00;45494495_0;58.90;12.42;3836.00;336.11;803785575#0_0;5.10;0.00;tripinfo_in_od_to_os.83;329.00;in_od_to_os.83;0;969.96;1.19;0.00;254.92;car;;14;80.00
4166.00;972103805_0;116.86;9.18;2911.00;45.63;803785575#0_0;5.10;0.00;tripinfo_in_od_to_ko.45;1255.00;in_od_to_ko.45;0;2307.67;0.86;0.00;1000.32;car;;45;483.00
4168.00;972103805_0;116.86;9.73;2920.00;44.30;803785575#0_0;5.10;0.00;tripinfo_in_od_to_ko.46;1248.00;in_od_to_ko.46;0;2307.67;0.89;0.00;1000.82;car;;42;474.00
4169.00;41899283#1_0;148.70;9.32;3218.00;50.51;803785575#0_0;5.10;0.00;tripinfo_in_od_to_as.40;951.00;in_od_to_as.40;0;2382.09;0.91;0.00;714.95;car;;28;352.00
4170.00;23156390_0;1121.44;11.99;2830.00;40.03;803785575#0_0;5.10;0.00;tripinfo_in_od_to_br.32;1340.00;in_od_to_br.32;0;3149.31;1.10;0.00;1079.60;car;;42;631.00
4170.00;23156305_0;1264.14;10.13;3736.00;0.07;-45494495_0;5.10;0.00;tripinfo_in_os_to_gg.16;434.00;in_os_to_gg.16;0;3034.34;0.94;0.00;139.69;car;;5;37.00
4170.00;972103805_0;116.86;10.95;4006.00;3.40;-23142338#2_0;5.10;0.00;tripinfo_in_ns_to_ko.179;164.00;in_ns_to_ko.179;0;1398.55;1.03;0.00;41.44;car;;1;1.00
4171.00;45494495_0;58.90;11.62;3084.00;4.54;803785575#0_0;5.10;0.00;tripinfo_in_od_to_os.61;1087.00;in_od_to_os.61;0;969.96;1.06;0.00;1004.49;car;;37;418.00
4172.00;972103805_0;116.86;11.46;4009.00;6.09;-23142338#2_0;5.10;0.00;tripinfo_in_ns_to_ko.180;163.00;in_ns_to_ko.180;0;1398.55;1.05;0.00;41.92;car;;1;1.00
4174.00;972103805_0;116.86;12.00;4012.00;1.64;-23142338#2_0;5.10;0.00;tripinfo_in_ns_to_ko.181;162.00;in_ns_to_ko.181;0;1398.55;1.09;0.00;45.55;car;;0;0.00
4175.00;28716808#1_0;754.74;10.56;2851.00;40.07;803785575#0_0;5.10;0.00;tripinfo_in_od_to_kl.21;1324.00;in_od_to_kl.21;0;2678.40;0.97;0.00;1074.67;car;;53;596.00
4175.00;23156305_0;1264.14;11.10;3893.00;12.25;-230845886_0;5.10;0.00;tripinfo_in_ba_to_gg.28;282.00;in_ba_to_gg.28;0;2718.65;1.02;0.00;39.72;car;;0;0.00
4177.00;23527526_0;253.75;9.04;4027.00;0.75;23687583_0;5.10;0.00;tripinfo_in_as_to_gj.67;150.00;in_as_to_gj.67;0;649.06;0.93;0.00;86.02;car;;4;34.00
4179.00;230845886_0;633.12;9.17;3928.00;0.82;-45494495_0;5.10;0.00;tripinfo_in_os_to_ba.25;251.00;in_os_to_ba.25;0;1746.52;0.88;0.00;71.85;car;;5;10.00
4179.00;23527526_0;253.75;9.90;4030.00;0.70;23687583_0;5.10;0.00;tripinfo_in_as_to_gj.68;149.00;in_as_to_gj.68;0;649.06;0.95;0.00;86.44;car;;2;31.00
4181.00;28716808#1_0;754.74;9.83;3212.00;57.86;803785575#0_0;5.10;0.00;tripinfo_in_od_to_kl.33;969.00;in_od_to_kl.33;0;2678.40;0.94;0.00;710.49;car;;24;367.00
4182.00;23527526_0;253.75;9.42;4037.00;0.68;23687583_0;5.10;0.00;tripinfo_in_as_to_gj.69;145.00;in_as_to_gj.69;0;649.06;0.95;0.00;82.17;car;;2;30.00
4183.00;45494495_0;58.90;9.78;3091.00;8.63;803785575#0_0;5.10;0.00;tripinfo_in_od_to_os.62;1092.00;in_od_to_os.62;0;969.96;0.90;0.00;995.19;car;;31;414.00
4183.00;23527526_0;253.75;10.31;4040.00;3.58;23687583_0;5.10;0.00;tripinfo_in_as_to_gj.70;143.00;in_as_to_gj.70;0;649.06;1.03;0.00;85.63;car;;1;29.00
4189.00;972103805_0;116.86;10.11;4034.00;2.41;-23142338#2_0;5.10;0.00;tripinfo_in_ns_to_ko.182;155.00;in_ns_to_ko.182;0;1398.55;0.93;0.00;20.21;car;;1;4.00
4191.00;45494495_0;58.90;9.51;3874.00;342.55;803785575#0_0;5.10;0.00;tripinfo_in_od_to_os.84;317.00;in_od_to_os.84;0;969.96;0.96;0.00;225.28;car;;16;67.00
4192.00;972103805_0;116.86;11.71;4058.00;0.45;-23142338#2_0;5.10;0.00;tripinfo_in_ns_to_ko.183;134.00;in_ns_to_ko.183;0;1398.55;1.12;0.00;21.24;car;;1;1.00
4193.00;23527526_0;253.75;9.48;4067.00;1.84;23687583_0;5.10;0.00;tripinfo_in_as_to_gj.71;126.00;in_as_to_gj.71;0;649.06;0.94;0.00;62.25;car;;1;26.00
4195.00;41899283#1_0;148.70;8.89;4030.00;2.14;-230845886_0;5.10;0.00;tripinfo_in_ba_to_as.66;165.00;in_ba_to_as.66;0;1430.78;0.89;0.00;19.07;car;;0;0.00
4197.00;45494495_0;58.90;10.03;3932.00;380.46;803785575#0_0;5.10;0.00;tripinfo_in_od_to_os.85;265.00;in_od_to_os.85;0;969.96;0.95;0.00;172.81;car;;8;30.00
4197.00;41899283#1_0;148.70;11.30;3992.00;0.12;-23142338#2_0;5.10;0.00;tripinfo_in_ns_to_as.28;205.00;in_ns_to_as.28;0;2009.37;1.13;0.00;43.24;car;;0;0.00
4199.00;23527526_0;253.75;10.73;4022.00;0.57;-230845886_0;5.10;0.00;tripinfo_in_ba_to_gj.71;177.00;in_ba_to_gj.71;0;1755.68;1.00;0.00;18.14;car;;0;0.00
4200.00;45494495_0;58.90;9.97;3753.00;321.25;803785575#0_0;5.10;0.00;tripinfo_in_od_to_os.80;447.00;in_od_to_os.80;0;969.96;0.97;0.00;356.19;car;;15;101.00
4202.00;45494495_0;58.90;10.72;3936.00;380.94;803785575#0_0;5.10;0.00;tripinfo_in_od_to_os.86;266.00;in_od_to_os.86;0;969.96;1.01;0.00;178.52;car;;11;39.00
4202.00;230845886_0;633.12;12.26;3945.00;0.91;-45494495_0;5.10;0.00;tripinfo_in_os_to_ba.26;257.00;in_os_to_ba.26;0;1746.52;1.13;0.00;117.57;car;;2;30.00
4202.00;972103805_0;116.86;9.32;3952.00;0.23;-230845886_0;5.10;0.00;tripinfo_in_ba_to_ko.117;250.00;in_ba_to_ko.117;0;2114.29;0.88;0.00;30.79;car;;1;1.00
4202.00;41899283#1_0;148.70;8.98;4033.00;2.73;-230845886_0;5.10;0.00;tripinfo_in_ba_to_as.67;169.00;in_ba_to_as.67;0;1430.78;0.92;0.00;27.79;car;;0;0.00
4203.00;28716808#1_0;754.74;9.66;2872.00;42.77;803785575#0_0;5.10;0.00;tripinfo_in_od_to_kl.22;1331.00;in_od_to_kl.22;0;2678.40;0.92;0.00;1067.41;car;;46;531.00
4203.00;972103805_0;116.86;11.41;3970.00;2.96;-230845886_0;5.10;0.00;tripinfo_in_ba_to_ko.118;233.00;in_ba_to_ko.118;0;2114.29;1.11;0.00;60.42;car;;1;3.00
4203.00;45494495_0;58.90;10.73;3982.00;0.97;23687583_0;5.10;0.00;tripinfo_in_as_to_os.47;221.00;in_as_to_os.47;0;1689.77;1.04;0.00;75.39;car;;4;24.00
4204.00;28716808#1_0;754.74;10.07;3874.00;0.68;-45494495_0;5.10;0.00;tripinfo_in_os_to_kl.12;330.00;in_os_to_kl.12;0;2042.78;0.97;0.00;139.88;car;;8;43.00
4204.00;23156030#6_0;109.07;9.99;4114.00;3.99;-45494495_0;5.10;0.00;tripinfo_in_os_to_od.17;90.00;in_os_to_od.17;0;865.51;1.00;0.00;12.05;car;;0;0.00
4208.00;972103805_0;116.86;11.91;3997.00;7.94;23687583_0;5.10;0.00;tripinfo_in_as_to_ko.80;211.00;in_as_to_ko.80;0;1102.39;1.09;0.00;119.31;car;;5;65.00
4212.00;972103805_0;116.86;10.04;4017.00;2.26;23687583_0;5.10;0.00;tripinfo_in_as_to_ko.81;195.00;in_as_to_ko.81;0;1102.39;1.00;0.00;95.02;car;;5;42.00
4215.00;972103805_0;116.86;10.87;4067.00;3.82;-23142338#2_0;5.10;0.00;tripinfo_in_ns_to_ko.184;148.00;in_ns_to_ko.184;0;1398.55;1.05;0.00;28.03;car;;1;5.00
4218.00;23527526_0;253.75;11.00;4036.00;4.64;-230845886_0;5.10;0.00;tripinfo_in_ba_to_gj.72;182.00;in_ba_to_gj.72;0;1755.68;1.09;0.00;36.38;car;;1;1.00
4221.00;23156390_0;1121.44;9.97;3196.00;54.00;803785575#0_0;5.10;0.00;tripinfo_in_od_to_br.39;1025.00;in_od_to_br.39;0;3149.31;0.91;0.00;709.99;car;;31;384.00
4221.00;972103805_0;116.86;10.02;3990.00;0.09;-230845886_0;5.10;0.00;tripinfo_in_ba_to_ko.119;231.00;in_ba_to_ko.119;0;2114.29;0.96;0.00;31.03;car;;1;1.00
4222.00;23156305_0;1264.14;9.95;3858.00;1.84;-23142338#2_0;5.10;0.00;tripinfo_in_ns_to_gg.20;364.00;in_ns_to_gg.20;0;3297.24;0.92;0.00;37.63;car;;0;0.00
4223.00;23156030#6_0;109.07;10.31;3973.00;2.60;-230845886_0;5.10;0.00;tripinfo_in_ba_to_od.6;250.00;in_ba_to_od.6;0;2315.50;1.00;0.00;40.55;car;;0;0.00
4229.00;230845886_0;633.12;9.23;3959.00;0.09;-45494495_0;5.10;0.00;tripinfo_in_os_to_ba.27;270.00;in_os_to_ba.27;0;1746.52;0.88;0.00;91.51;car;;6;22.00
4229.00;45494495_0;58.90;9.17;4045.00;3.53;-230845886_0;5.10;0.00;tripinfo_in_ba_to_os.61;184.00;in_ba_to_os.61;0;1647.96;0.88;0.00;14.39;car;;0;0.00
4229.00;41899283#1_0;148.70;11.02;4079.00;0.30;-230845886_0;5.10;0.00;tripinfo_in_ba_to_as.69;150.00;in_ba_to_as.69;0;1430.78;1.06;0.00;27.57;car;;0;0.00
4235.00;23156390_0;1121.44;11.53;3233.00;62.14;803785575#0_0;5.10;0.00;tripinfo_in_od_to_br.40;1002.00;in_od_to_br.40;0;3149.31;1.04;0.00;727.12;car;;33;355.00
4239.00;41899283#1_0;148.70;9.02;3426.00;195.36;803785575#0_0;5.10;0.00;tripinfo_in_od_to_as.42;813.00;in_od_to_as.42;0;2382.09;0.82;0.00;550.54;car;;20;204.00
4239.00;23527526_0;253.75;9.49;4141.00;35.46;23687583_0;5.10;0.00;tripinfo_in_as_to_gj.72;98.00;in_as_to_gj.72;0;649.06;0.95;0.00;35.73;car;;1;12.00
4241.00;45494495_0;58.90;10.13;4032.00;380.02;803785575#0_0;5.10;0.00;tripinfo_in_od_to_os.87;209.00;in_od_to_os.87;0;969.96;0.99;0.00;119.89;car;;3;34.00
4243.00;972103805_0;116.86;10.88;4044.00;6.32;23687583_0;5.10;0.00;tripinfo_in_as_to_ko.82;199.00;in_as_to_ko.82;0;1102.39;1.08;0.00;106.73;car;;3;45.00
4244.00;23156305_0;1264.14;8.38;3786.00;0.68;-45494495_0;5.10;0.00;tripinfo_in_os_to_gg.17;458.00;in_os_to_gg.17;0;3034.34;0.85;0.00;133.54;car;;6;45.00
4244.00;41899283#1_0;148.70;11.47;4084.00;1.56;-230845886_0;5.10;0.00;tripinfo_in_ba_to_as.70;160.00;in_ba_to_as.70;0;1430.78;1.07;0.00;38.60;car;;1;8.00
4245.00;28706217_0;94.10;8.19;3475.00;178.09;803785575#0_0;5.10;0.00;tripinfo_in_od_to_sl.2;770.00;in_od_to_sl.2;0;747.33;0.99;0.00;696.93;car;;28;219.00
4245.00;972103805_0;116.86;12.43;4084.00;3.07;23687583_0;5.10;0.00;tripinfo_in_as_to_ko.83;161.00;in_as_to_ko.83;0;1102.39;1.15;0.00;74.25;car;;3;34.00
4246.00;230845886_0;633.12;10.27;3966.00;1.26;-45494495_0;5.10;0.00;tripinfo_in_os_to_ba.28;280.00;in_os_to_ba.28;0;1746.52;0.99;0.00;119.41;car;;4;41.00
4246.00;23156305_0;1264.14;11.50;4000.00;7.60;23687583_0;5.10;0.00;tripinfo_in_as_to_gg.15;246.00;in_as_to_gg.15;0;1600.87;1.14;0.00;118.72;car;;4;49.00
4246.00;23527526_0;253.75;9.33;4144.00;34.83;23687583_0;5.10;0.00;tripinfo_in_as_to_gj.73;102.00;in_as_to_gj.73;0;649.06;0.86;0.00;33.09;car;;1;11.00
4248.00;230845886_0;633.12;10.96;3442.00;174.61;803785575#0_0;5.10;0.00;tripinfo_in_od_to_ba.53;806.00;in_od_to_ba.53;0;2382.14;1.02;0.00;594.64;car;;23;211.00
4249.00;972103805_0;116.86;10.79;4092.00;0.09;-23142338#2_0;5.10;0.00;tripinfo_in_ns_to_ko.185;157.00;in_ns_to_ko.185;0;1398.55;1.04;0.00;35.43;car;;1;5.00
4251.00;23527526_0;253.75;9.17;4003.00;0.57;-23142338#2_0;5.10;0.00;tripinfo_in_ns_to_gj.13;248.00;in_ns_to_gj.13;0;2084.96;0.85;0.00;26.85;car;;1;1.00
4252.00;23156030#6_0;109.07;10.86;3975.00;7.66;23687583_0;5.10;0.00;tripinfo_in_as_to_od.16;277.00;in_as_to_od.16;0;2357.31;1.07;0.00;78.60;car;;4;27.00
4253.00;972103805_0;116.86;9.82;4113.00;0.58;-23142338#2_0;5.10;0.00;tripinfo_in_ns_to_ko.186;140.00;in_ns_to_ko.186;0;1398.55;0.98;0.00;10.91;car;;0;0.00
4258.00;41899283#1_0;148.70;8.33;4068.00;0.71;-230845886_0;5.10;0.00;tripinfo_in_ba_to_as.68;190.00;in_ba_to_as.68;0;1430.78;0.81;0.00;29.11;car;;1;7.00
4260.00;23156305_0;1264.14;9.88;3964.00;1.70;-230845886_0;5.10;0.00;tripinfo_in_ba_to_gg.29;296.00;in_ba_to_gg.29;0;2718.65;0.95;0.00;37.40;car;;1;6.00
4262.00;23156305_0;1264.14;12.00;3219.00;51.28;803785575#0_0;5.10;0.00;tripinfo_in_od_to_gg.48;1043.00;in_od_to_gg.48;0;3669.96;1.13;0.00;748.94;car;;22;347.00
4264.00;45494495_0;58.90;8.59;4050.00;367.50;803785575#0_0;5.10;0.00;tripinfo_in_od_to_os.88;214.00;in_od_to_os.88;0;969.96;0.80;0.00;104.12;car;;2;27.00
4264.00;972103805_0;116.86;12.07;4039.00;0.67;-230845886_0;5.10;0.00;tripinfo_in_ba_to_ko.120;225.00;in_ba_to_ko.120;0;2114.29;1.12;0.00;52.67;car;;1;7.00
4265.00;41899283#1_0;148.70;12.28;3297.00;95.11;803785575#0_0;5.10;0.00;tripinfo_in_od_to_as.41;968.00;in_od_to_as.41;0;2382.09;1.13;0.00;776.32;car;;30;343.00
4267.00;45494495_0;58.90;8.01;4053.00;365.74;803785575#0_0;5.10;0.00;tripinfo_in_od_to_os.89;214.00;in_od_to_os.89;0;969.96;0.80;0.00;104.18;car;;2;25.00
4268.00;45494495_0;58.90;9.78;4071.00;364.34;803785575#0_0;5.10;0.00;tripinfo_in_od_to_os.91;197.00;in_od_to_os.91;0;969.96;0.99;0.00;108.82;car;;3;16.00
4268.00;23156030#6_0;109.07;10.64;4183.00;0.92;-45494495_0;5.10;0.00;tripinfo_in_os_to_od.18;85.00;in_os_to_od.18;0;865.51;1.00;0.00;7.06;car;;0;0.00
4272.00;23527526_0;253.75;10.87;4037.00;1.56;-23142338#2_0;5.10;0.00;tripinfo_in_ns_to_gj.14;235.00;in_ns_to_gj.14;0;2084.96;1.02;0.00;50.41;car;;2;17.00
4275.00;23142338#2_0;290.21;8.59;3978.00;4.82;23687583_0;5.10;0.00;tripinfo_in_as_to_ns.49;297.00;in_as_to_ns.49;0;1995.73;0.85;0.00;81.80;car;;5;27.00
4276.00;972103805_0;116.86;9.81;4128.00;37.88;23687583_0;5.10;0.00;tripinfo_in_as_to_ko.84;148.00;in_as_to_ko.84;0;1102.39;0.94;0.00;42.39;car;;2;15.00
4278.00;41899283#1_0;148.70;11.06;4061.00;2.49;-23142338#2_0;5.10;0.00;tripinfo_in_ns_to_as.29;217.00;in_ns_to_as.29;0;2009.37;1.09;0.00;49.35;car;;2;7.00
4278.00;23527526_0;253.75;10.03;4187.00;24.25;23687583_0;5.10;0.00;tripinfo_in_as_to_gj.74;91.00;in_as_to_gj.74;0;649.06;0.92;0.00;26.26;car;;2;5.00
4279.00;972103805_0;116.86;10.98;4042.00;3.39;-230845886_0;5.10;0.00;tripinfo_in_ba_to_ko.121;237.00;in_ba_to_ko.121;0;2114.29;1.09;0.00;60.98;car;;2;11.00
4280.00;28716808#1_0;754.74;10.80;3299.00;95.87;803785575#0_0;5.10;0.00;tripinfo_in_od_to_kl.34;981.00;in_od_to_kl.34;0;2678.40;0.98;0.00;734.19;car;;32;340.00
4280.00;23527526_0;253.75;12.08;4090.00;0.55;-230845886_0;5.10;0.00;tripinfo_in_ba_to_gj.73;190.00;in_ba_to_gj.73;0;1755.68;1.14;0.00;50.55;car;;1;5.00
4285.00;23156305_0;1264.14;10.01;4077.00;2.94;23687583_0;5.10;0.00;tripinfo_in_as_to_gg.16;208.00;in_as_to_gg.16;0;1600.87;0.99;0.00;61.62;car;;1;26.00
4289.00;23142338#2_0;290.21;12.13;4003.00;10.29;23687583_0;5.10;0.00;tripinfo_in_as_to_ns.50;286.00;in_as_to_ns.50;0;1995.73;1.14;0.00;126.13;car;;7;59.00
4290.00;41899283#1_0;148.70;11.57;3436.00;187.14;803785575#0_0;5.10;0.00;tripinfo_in_od_to_as.43;854.00;in_od_to_as.43;0;2382.09;1.11;0.00;660.55;car;;25;221.00
4297.00;23156030#6_0;109.07;11.69;4216.00;0.34;-45494495_0;5.10;0.00;tripinfo_in_os_to_od.19;81.00;in_os_to_od.19;0;865.51;1.06;0.00;7.01;car;;0;0.00
4299.00;45494495_0;58.90;11.02;4062.00;16.85;23687583_0;5.10;0.00;tripinfo_in_as_to_os.48;237.00;in_as_to_os.48;0;1689.77;1.02;0.00;86.92;car;;1;27.00
4301.00;28716808#1_0;754.74;9.08;3387.00;180.78;803785575#0_0;5.10;0.00;tripinfo_in_od_to_kl.35;914.00;in_od_to_kl.35;0;2678.40;0.91;0.00;647.89;car;;25;264.00
4301.00;45494495_0;58.90;11.84;4102.00;1.93;-230845886_0;5.10;0.00;tripinfo_in_ba_to_os.62;199.00;in_ba_to_os.62;0;1647.96;1.11;0.00;65.15;car;;1;4.00
4302.00;972103805_0;116.86;9.53;4048.00;3.99;-230845886_0;5.10;0.00;tripinfo_in_ba_to_ko.122;254.00;in_ba_to_ko.122;0;2114.29;0.93;0.00;45.98;car;;2;13.00
4302.00;23527526_0;253.75;9.50;4099.00;4.79;-230845886_0;5.10;0.00;tripinfo_in_ba_to_gj.74;203.00;in_ba_to_gj.74;0;1755.68;0.96;0.00;37.25;car;;1;4.00
4303.00;28706217_0;94.10;7.32;3858.00;0.42;23687583_0;5.10;0.00;tripinfo_in_as_to_sl.69;445.00;in_as_to_sl.69;0;1976.75;0.92;0.00;244.54;car;;4;176.00
4303.00;45494495_0;58.90;12.18;4080.00;5.14;23687583_0;5.10;0.00;tripinfo_in_as_to_os.49;223.00;in_as_to_os.49;0;1689.77;1.12;0.00;86.73;car;;1;25.00
4303.00;23527526_0;253.75;12.44;4216.00;41.81;23687583_0;5.10;0.00;tripinfo_in_as_to_gj.75;87.00;in_as_to_gj.75;0;649.06;1.12;0.00;34.17;car;;2;11.00
4306.00;28706217_0;94.10;7.51;3867.00;1.82;23687583_0;5.10;0.00;tripinfo_in_as_to_sl.70;439.00;in_as_to_sl.70;0;1976.75;1.06;0.00;265.18;car;;4;182.00
4306.00;23142338#2_0;290.21;11.14;4007.00;0.11;23687583_0;5.10;0.00;tripinfo_in_as_to_ns.51;299.00;in_as_to_ns.51;0;1995.73;1.09;0.00;131.32;car;;7;59.00
4306.00;972103805_0;116.86;10.91;4150.00;28.85;23687583_0;5.10;0.00;tripinfo_in_as_to_ko.85;156.00;in_as_to_ko.85;0;1102.39;0.99;0.00;54.44;car;;2;21.00
4308.00;972103805_0;116.86;11.73;4057.00;2.66;-230845886_0;5.10;0.00;tripinfo_in_ba_to_ko.123;251.00;in_ba_to_ko.123;0;2114.29;1.10;0.00;75.49;car;;4;22.00
4312.00;23527526_0;253.75;10.89;4126.00;0.06;-230845886_0;5.10;0.00;tripinfo_in_ba_to_gj.75;186.00;in_ba_to_gj.75;0;1755.68;1.05;0.00;35.08;car;;2;10.00
4313.00;23156390_0;1121.44;9.46;2884.00;49.03;803785575#0_0;5.10;0.00;tripinfo_in_od_to_br.33;1429.00;in_od_to_br.33;0;3149.31;0.92;0.00;1117.06;car;;52;572.00
4313.00;28706217_0;94.10;7.15;3870.00;2.75;23687583_0;5.10;0.00;tripinfo_in_as_to_sl.71;443.00;in_as_to_sl.71;0;1976.75;0.94;0.00;247.72;car;;4;174.00
4314.00;972103805_0;116.86;7.55;4133.00;0.10;-23142338#2_0;5.10;0.00;tripinfo_in_ns_to_ko.187;181.00;in_ns_to_ko.187;0;1398.55;0.77;0.00;18.37;car;;0;0.00
4315.00;28706217_0;94.10;8.61;3961.00;1.56;-230845886_0;5.10;0.00;tripinfo_in_ba_to_sl.42;354.00;in_ba_to_sl.42;0;1934.94;1.12;0.00;192.63;car;;1;131.00
4316.00;972103805_0;116.86;9.33;4136.00;0.73;-23142338#2_0;5.10;0.00;tripinfo_in_ns_to_ko.188;180.00;in_ns_to_ko.188;0;1398.55;0.90;0.00;39.37;car;;0;0.00
4320.00;972103805_0;116.86;8.89;4060.00;2.13;-230845886_0;5.10;0.00;tripinfo_in_ba_to_ko.124;260.00;in_ba_to_ko.124;0;2114.29;0.91;0.00;48.78;car;;2;18.00
4321.00;28706217_0;94.10;9.32;3956.00;14.99;23687583_0;5.10;0.00;tripinfo_in_as_to_sl.73;365.00;in_as_to_sl.73;0;1976.75;1.15;0.00;204.44;car;;4;135.00
4324.00;45494495_0;58.90;9.57;4121.00;38.69;23687583_0;5.10;0.00;tripinfo_in_as_to_os.50;203.00;in_as_to_os.50;0;1689.77;0.96;0.00;44.25;car;;2;10.00
4324.00;23156305_0;1264.14;9.05;4132.00;39.75;23687583_0;5.10;0.00;tripinfo_in_as_to_gg.17;192.00;in_as_to_gg.17;0;1600.87;0.89;0.00;28.27;car;;1;1.00
4324.00;230845886_0;633.12;10.80;4162.00;25.96;23687583_0;5.10;0.00;tripinfo_in_as_to_ba.46;162.00;in_as_to_ba.46;0;1356.50;1.05;0.00;44.84;car;;2;10.00
4325.00;230845886_0;633.12;12.12;3951.00;0.59;-23142338#2_0;5.10;0.00;tripinfo_in_ns_to_ba.9;374.00;in_ns_to_ba.9;0;2340.42;1.12;0.00;186.64;car;;7;63.00
4326.00;23156305_0;1264.14;12.63;3267.00;72.48;803785575#0_0;5.10;0.00;tripinfo_in_od_to_gg.50;1059.00;in_od_to_gg.50;0;3669.96;1.15;0.00;768.90;car;;29;336.00
4326.00;41899283#1_0;148.70;8.75;4146.00;6.01;-230845886_0;5.10;0.00;tripinfo_in_ba_to_as.71;180.00;in_ba_to_as.71;0;1430.78;0.85;0.00;27.92;car;;1;6.00
4326.00;23527526_0;253.75;11.17;4225.00;39.53;23687583_0;5.10;0.00;tripinfo_in_as_to_gj.76;101.00;in_as_to_gj.76;0;649.06;1.04;0.00;43.45;car;;3;20.00
4327.00;23156305_0;1264.14;11.17;4027.00;0.08;-230845886_0;5.10;0.00;tripinfo_in_ba_to_gg.30;300.00;in_ba_to_gg.30;0;2718.65;1.05;0.00;65.68;car;;2;10.00
4328.00;23527526_0;253.75;10.80;4229.00;42.70;23687583_0;5.10;0.00;tripinfo_in_as_to_gj.77;99.00;in_as_to_gj.77;0;649.06;1.01;0.00;40.35;car;;3;16.00
4329.00;41899283#1_0;148.70;9.19;4098.00;1.97;-23142338#2_0;5.10;0.00;tripinfo_in_ns_to_as.30;231.00;in_ns_to_as.30;0;2009.37;0.91;0.00;29.91;car;;1;6.00
4329.00;23156030#6_0;109.07;8.16;4222.00;0.22;-45494495_0;5.10;0.00;tripinfo_in_os_to_od.20;107.00;in_os_to_od.20;0;865.51;0.81;0.00;9.97;car;;0;0.00
4330.00;23156305_0;1264.14;10.04;3163.00;45.37;803785575#0_0;5.10;0.00;tripinfo_in_od_to_gg.45;1167.00;in_od_to_gg.45;0;3669.96;0.93;0.00;809.02;car;;42;371.00
4330.00;28706217_0;94.10;7.26;3947.00;20.03;23687583_0;5.10;0.00;tripinfo_in_as_to_sl.72;383.00;in_as_to_sl.72;0;1976.75;0.89;0.00;176.18;car;;2;129.00
4332.00;23156305_0;1264.14;11.40;3248.00;58.17;803785575#0_0;5.10;0.00;tripinfo_in_od_to_gg.49;1084.00;in_od_to_gg.49;0;3669.96;1.06;0.00;770.44;car;;29;345.00
4333.00;28706217_0;94.10;7.47;3983.00;0.04;-230845886_0;5.10;0.00;tripinfo_in_ba_to_sl.43;350.00;in_ba_to_sl.43;0;1934.94;1.04;0.00;177.15;car;;1;115.00
4335.00;41899283#1_0;148.70;11.08;4149.00;5.28;-230845886_0;5.10;0.00;tripinfo_in_ba_to_as.72;186.00;in_ba_to_as.72;0;1430.78;1.09;0.00;67.64;car;;4;11.00
4336.00;230845886_0;633.12;11.24;4178.00;27.51;23687583_0;5.10;0.00;tripinfo_in_as_to_ba.47;158.00;in_as_to_ba.47;0;1356.50;1.08;0.00;44.70;car;;1;4.00
4337.00;23142338#2_0;290.21;9.87;4024.00;5.96;23687583_0;5.10;0.00;tripinfo_in_as_to_ns.52;313.00;in_as_to_ns.52;0;1995.73;0.89;0.00;110.21;car;;7;42.00
4337.00;23156305_0;1264.14;9.84;4147.00;34.74;23687583_0;5.10;0.00;tripinfo_in_as_to_gg.18;190.00;in_as_to_gg.18;0;1600.87;0.96;0.00;39.65;car;;1;10.00
4341.00;972103805_0;116.86;7.27;4159.00;27.40;23687583_0;5.10;0.00;tripinfo_in_as_to_ko.86;182.00;in_as_to_ko.86;0;1102.39;0.76;0.00;51.64;car;;2;20.00
4342.00;41899283#1_0;148.70;8.96;3924.00;0.50;-45494495_0;5.10;0.00;tripinfo_in_os_to_as.23;418.00;in_os_to_as.23;0;1746.47;0.91;0.00;243.98;car;;12;67.00
4342.00;23156305_0;1264.14;10.06;4054.00;0.71;-230845886_0;5.10;0.00;tripinfo_in_ba_to_gg.31;288.00;in_ba_to_gg.31;0;2718.65;0.95;0.00;27.69;car;;0;0.00
4343.00;972103805_0;116.86;10.51;4169.00;25.31;23687583_0;5.10;0.00;tripinfo_in_as_to_ko.87;174.00;in_as_to_ko.87;0;1102.39;1.04;0.00;77.45;car;;2;19.00
4344.00;23156305_0;1264.14;11.58;3383.00;177.25;803785575#0_0;5.10;0.00;tripinfo_in_od_to_gg.51;961.00;in_od_to_gg.51;0;3669.96;1.13;0.00;666.48;car;;24;257.00
4344.00;41899283#1_0;148.70;12.42;4044.00;2.22;-45494495_0;5.10;0.00;tripinfo_in_os_to_as.26;300.00;in_os_to_as.26;0;1746.47;1.14;0.00;160.80;car;;6;45.00
4344.00;28706217_0;94.10;5.31;4139.00;0.81;-45494495_0;5.10;0.00;tripinfo_in_os_to_sl.18;205.00;in_os_to_sl.18;0;484.95;0.79;0.00;142.35;car;;2;113.00
4345.00;972103805_0;116.86;8.91;4209.00;36.85;23687583_0;5.10;0.00;tripinfo_in_as_to_ko.88;136.00;in_as_to_ko.88;0;1102.39;0.92;0.00;27.43;car;;1;6.00
4346.00;41899283#1_0;148.70;12.46;3608.00;263.18;803785575#0_0;5.10;0.00;tripinfo_in_od_to_as.47;738.00;in_od_to_as.47;0;2382.09;1.17;0.00;553.08;car;;15;177.00
4346.00;230845886_0;633.12;11.19;3624.00;265.76;803785575#0_0;5.10;0.00;tripinfo_in_od_to_ba.55;722.00;in_od_to_ba.55;0;2382.14;1.05;0.00;517.04;car;;13;181.00
4346.00;28706217_0;94.10;7.41;3986.00;0.26;-230845886_0;5.10;0.00;tripinfo_in_ba_to_sl.44;360.00;in_ba_to_sl.44;0;1934.94;0.92;0.00;164.13;car;;1;111.00
4348.00;28706217_0;94.10;8.33;4146.00;0.53;-45494495_0;5.10;0.00;tripinfo_in_os_to_sl.19;202.00;in_os_to_sl.19;0;484.95;1.11;0.00;157.32;car;;1;111.00
4349.00;972103805_0;116.86;7.49;4148.00;0.89;-23142338#2_0;5.10;0.00;tripinfo_in_ns_to_ko.189;201.00;in_ns_to_ko.189;0;1398.55;0.72;0.00;24.96;car;;1;5.00
4350.00;23142338#2_0;290.21;9.46;4063.00;2.10;-230845886_0;5.10;0.00;tripinfo_in_ba_to_ns.26;287.00;in_ba_to_ns.26;0;2346.36;0.89;0.00;49.13;car;;3;10.00
4351.00;28706217_0;94.10;8.68;4011.00;0.01;-230845886_0;5.10;0.00;tripinfo_in_ba_to_sl.45;340.00;in_ba_to_sl.45;0;1934.94;1.09;0.00;174.02;car;;1;110.00
4351.00;972103805_0;116.86;10.51;4113.00;0.92;-230845886_0;5.10;0.00;tripinfo_in_ba_to_ko.125;238.00;in_ba_to_ko.125;0;2114.29;1.06;0.00;56.95;car;;3;7.00
4352.00;23142338#2_0;290.21;9.98;4058.00;17.64;23687583_0;5.10;0.00;tripinfo_in_as_to_ns.53;294.00;in_as_to_ns.53;0;1995.73;0.99;0.00;110.58;car;;4;50.00
4353.00;23527526_0;253.75;8.19;4078.00;2.02;-23142338#2_0;5.10;0.00;tripinfo_in_ns_to_gj.15;275.00;in_ns_to_gj.15;0;2084.96;0.84;0.00;50.16;car;;2;23.00
4353.00;972103805_0;116.86;12.91;4158.00;8.59;-23142338#2_0;5.10;0.00;tripinfo_in_ns_to_ko.190;195.00;in_ns_to_ko.190;0;1398.55;1.18;0.00;87.71;car;;1;9.00
4355.00;972103805_0;116.86;10.75;3978.00;1.16;-45494495_0;5.10;0.00;tripinfo_in_os_to_ko.28;377.00;in_os_to_ko.28;0;2045.29;1.01;0.00;182.24;car;;4;111.00
4355.00;23142338#2_0;290.21;10.32;4074.00;0.97;23687583_0;5.10;0.00;tripinfo_in_as_to_ns.54;281.00;in_as_to_ns.54;0;1995.73;0.94;0.00;88.49;car;;3;38.00
4355.00;23527526_0;253.75;10.31;4141.00;2.18;-230845886_0;5.10;0.00;tripinfo_in_ba_to_gj.76;214.00;in_ba_to_gj.76;0;1755.68;1.04;0.00;61.00;car;;3;12.00
4355.00;28716808#1_0;754.74;8.45;4193.00;26.03;23687583_0;5.10;0.00;tripinfo_in_as_to_kl.20;162.00;in_as_to_kl.20;0;1207.92;0.86;0.00;34.26;car;;2;9.00
4357.00;28716808#1_0;754.74;9.49;2902.00;41.32;803785575#0_0;5.10;0.00;tripinfo_in_od_to_kl.23;1455.00;in_od_to_kl.23;0;2678.40;0.95;0.00;1200.35;car;;54;565.00
4357.00;41899283#1_0;148.70;10.92;3938.00;2.15;-45494495_0;5.10;0.00;tripinfo_in_os_to_as.24;419.00;in_os_to_as.24;0;1746.47;1.05;0.00;268.49;car;;7;60.00
4357.00;23142338#2_0;290.21;11.52;4138.00;36.30;23687583_0;5.10;0.00;tripinfo_in_as_to_ns.55;219.00;in_as_to_ns.55;0;1995.73;1.08;0.00;50.05;car;;1;4.00
4358.00;972103805_0;116.86;9.11;3057.00;2.06;803785575#0_0;5.10;0.00;tripinfo_in_od_to_ko.47;1301.00;in_od_to_ko.47;0;2307.67;0.84;0.00;1040.86;car;;37;473.00
4359.00;45494495_0;58.90;10.26;4169.00;3.98;-230845886_0;5.10;0.00;tripinfo_in_ba_to_os.63;190.00;in_ba_to_os.63;0;1647.96;0.95;0.00;32.42;car;;1;2.00
4359.00;41899283#1_0;148.70;11.66;4190.00;0.88;-230845886_0;5.10;0.00;tripinfo_in_ba_to_as.73;169.00;in_ba_to_as.73;0;1430.78;1.11;0.00;51.79;car;;2;9.00
4360.00;23142338#2_0;290.21;10.25;4074.00;0.30;-230845886_0;5.10;0.00;tripinfo_in_ba_to_ns.27;286.00;in_ba_to_ns.27;0;2346.36;0.97;0.00;68.20;car;;3;19.00
4360.00;972103805_0;116.86;9.97;4161.00;2.57;-23142338#2_0;5.10;0.00;tripinfo_in_ns_to_ko.191;199.00;in_ns_to_ko.191;0;1398.55;0.90;0.00;58.51;car;;2;13.00
4361.00;45494495_0;58.90;11.14;4156.00;27.15;23687583_0;5.10;0.00;tripinfo_in_as_to_os.51;205.00;in_as_to_os.51;0;1689.77;1.04;0.00;57.36;car;;2;13.00
4362.00;41899283#1_0;148.70;10.71;2938.00;47.97;803785575#0_0;5.10;0.00;tripinfo_in_od_to_as.30;1424.00;in_od_to_as.30;0;2382.09;1.01;0.00;1210.83;car;;48;502.00
4362.00;972103805_0;116.86;9.51;4168.00;0.27;-23142338#2_0;5.10;0.00;tripinfo_in_ns_to_ko.192;194.00;in_ns_to_ko.192;0;1398.55;0.90;0.00;52.68;car;;2;8.00
4363.00;23156305_0;1264.14;10.30;4190.00;27.16;23687583_0;5.10;0.00;tripinfo_in_as_to_gg.19;173.00;in_as_to_gg.19;0;1600.87;1.01;0.00;28.49;car;;1;4.00
4364.00;972103805_0;116.86;9.66;4172.00;0.94;-23142338#2_0;5.10;0.00;tripinfo_in_ns_to_ko.193;192.00;in_ns_to_ko.193;0;1398.55;0.91;0.00;53.46;car;;2;6.00
4366.00;972103805_0;116.86;10.19;4129.00;3.03;-230845886_0;5.10;0.00;tripinfo_in_ba_to_ko.126;237.00;in_ba_to_ko.126;0;2114.29;0.98;0.00;39.18;car;;1;8.00
4367.00;28706217_0;94.10;9.55;4014.00;0.28;23687583_0;5.10;0.00;tripinfo_in_as_to_sl.74;353.00;in_as_to_sl.74;0;1976.75;1.17;0.00;195.42;car;;7;94.00
4370.00;230845886_0;633.12;8.46;4086.00;0.88;-45494495_0;5.10;0.00;tripinfo_in_os_to_ba.29;284.00;in_os_to_ba.29;0;1746.52;0.79;0.00;83.74;car;;3;28.00
4372.00;230845886_0;633.12;10.23;4095.00;2.07;-23142338#2_0;5.10;0.00;tripinfo_in_ns_to_ba.10;277.00;in_ns_to_ba.10;0;2340.42;1.00;0.00;66.35;car;;2;14.00
4373.00;972103805_0;116.86;10.87;3094.00;10.50;803785575#0_0;5.10;0.00;tripinfo_in_od_to_ko.48;1279.00;in_od_to_ko.48;0;2307.67;1.00;0.00;1060.20;car;;28;423.00
4374.00;230845886_0;633.12;10.11;3718.00;294.99;803785575#0_0;5.10;0.00;tripinfo_in_od_to_ba.57;656.00;in_od_to_ba.57;0;2382.14;1.02;0.00;443.70;car;;16;143.00
4375.00;23156390_0;1121.44;9.58;2890.00;43.39;803785575#0_0;5.10;0.00;tripinfo_in_od_to_br.34;1485.00;in_od_to_br.34;0;3149.31;0.98;0.00;1192.43;car;;48;589.00
4375.00;972103805_0;116.86;11.13;3166.00;45.15;803785575#0_0;5.10;0.00;tripinfo_in_od_to_ko.49;1209.00;in_od_to_ko.49;0;2307.67;1.10;0.00;1008.73;car;;34;370.00
4377.00;23156390_0;1121.44;11.23;4181.00;23.67;23687583_0;5.10;0.00;tripinfo_in_as_to_br.14;196.00;in_as_to_br.14;0;1694.48;1.13;0.00;59.23;car;;2;14.00
4379.00;23142338#2_0;290.21;10.32;3259.00;65.93;803785575#0_0;5.10;0.00;tripinfo_in_od_to_ns.14;1120.00;in_od_to_ns.14;0;1928.29;1.03;0.00;940.14;car;;26;344.00
4379.00;972103805_0;116.86;9.23;4175.00;3.64;-23142338#2_0;5.10;0.00;tripinfo_in_ns_to_ko.194;204.00;in_ns_to_ko.194;0;1398.55;0.93;0.00;68.43;car;;4;20.00
4380.00;28706217_0;94.10;7.36;4093.00;3.14;-230845886_0;5.10;0.00;tripinfo_in_ba_to_sl.46;287.00;in_ba_to_sl.46;0;1934.94;0.96;0.00;99.83;car;;3;30.00
4381.00;972103805_0;116.86;10.44;4181.00;0.68;-23142338#2_0;5.10;0.00;tripinfo_in_ns_to_ko.195;200.00;in_ns_to_ko.195;0;1398.55;0.98;0.00;70.60;car;;4;18.00
4381.00;45494495_0;58.90;10.25;4208.00;0.54;-230845886_0;5.10;0.00;tripinfo_in_ba_to_os.64;173.00;in_ba_to_os.64;0;1647.96;1.00;0.00;23.79;car;;1;2.00
4382.00;972103805_0;116.86;12.50;4235.00;46.45;23687583_0;5.10;0.00;tripinfo_in_as_to_ko.89;147.00;in_as_to_ko.89;0;1102.39;1.17;0.00;62.20;car;;3;24.00
4383.00;23156305_0;1264.14;9.83;4087.00;3.47;-230845886_0;5.10;0.00;tripinfo_in_ba_to_gg.32;296.00;in_ba_to_gg.32;0;2718.65;0.95;0.00;36.56;car;;1;2.00
4384.00;23156305_0;1264.14;11.47;4043.00;2.43;-23142338#2_0;5.10;0.00;tripinfo_in_ns_to_gg.21;341.00;in_ns_to_gg.21;0;3297.24;1.09;0.00;65.71;car;;2;6.00
4385.00;23527526_0;253.75;9.74;4254.00;42.74;23687583_0;5.10;0.00;tripinfo_in_as_to_gj.78;131.00;in_as_to_gj.78;0;649.06;0.95;0.00;68.03;car;;3;37.00
4386.00;23156305_0;1264.14;10.65;4047.00;0.82;-23142338#2_0;5.10;0.00;tripinfo_in_ns_to_gg.22;339.00;in_ns_to_gg.22;0;3297.24;1.02;0.00;46.26;car;;1;8.00
4388.00;23156305_0;1264.14;11.53;3390.00;181.92;803785575#0_0;5.10;0.00;tripinfo_in_od_to_gg.52;998.00;in_od_to_gg.52;0;3669.96;1.10;0.00;696.66;car;;24;261.00
4388.00;972103805_0;116.86;9.74;4242.00;42.33;23687583_0;5.10;0.00;tripinfo_in_as_to_ko.90;146.00;in_as_to_ko.90;0;1102.39;0.98;0.00;43.64;car;;2;10.00
4390.00;41899283#1_0;148.70;8.20;3963.00;2.38;-45494495_0;5.10;0.00;tripinfo_in_os_to_as.25;427.00;in_os_to_as.25;0;1746.47;0.78;0.00;223.56;car;;8;71.00
4392.00;972103805_0;116.86;11.27;4184.00;0.55;-23142338#2_0;5.10;0.00;tripinfo_in_ns_to_ko.196;208.00;in_ns_to_ko.196;0;1398.55;1.07;0.00;90.07;car;;5;32.00
4392.00;41899283#1_0;148.70;10.37;4229.00;0.17;-230845886_0;5.10;0.00;tripinfo_in_ba_to_as.74;163.00;in_ba_to_as.74;0;1430.78;1.02;0.00;36.19;car;;1;5.00
4393.00;23156390_0;1121.44;9.63;3396.00;183.02;803785575#0_0;5.10;0.00;tripinfo_in_od_to_br.42;997.00;in_od_to_br.42;0;3149.31;0.98;0.00;706.26;car;;27;268.00
4394.00;23156305_0;1264.14;11.14;3393.00;180.24;803785575#0_0;5.10;0.00;tripinfo_in_od_to_gg.53;1001.00;in_od_to_gg.53;0;3669.96;1.01;0.00;672.30;car;;24;250.00
4394.00;230845886_0;633.12;10.54;3620.00;263.06;803785575#0_0;5.10;0.00;tripinfo_in_od_to_ba.54;774.00;in_od_to_ba.54;0;2382.14;0.97;0.00;550.54;car;;23;148.00
4395.00;23156390_0;1121.44;11.60;4197.00;27.49;23687583_0;5.10;0.00;tripinfo_in_as_to_br.15;198.00;in_as_to_br.15;0;1694.48;1.15;0.00;64.93;car;;2;6.00
4396.00;28706217_0;94.10;5.67;4096.00;5.64;-230845886_0;5.10;0.00;tripinfo_in_ba_to_sl.47;300.00;in_ba_to_sl.47;0;1934.94;0.79;0.00;71.31;car;;0;0.00
4397.00;41899283#1_0;148.70;9.41;3457.00;179.77;803785575#0_0;5.10;0.00;tripinfo_in_od_to_as.44;940.00;in_od_to_as.44;0;2382.09;0.95;0.00;713.73;car;;22;275.00
4397.00;972103805_0;116.86;10.54;4203.00;0.07;-23142338#2_0;5.10;0.00;tripinfo_in_ns_to_ko.197;194.00;in_ns_to_ko.197;0;1398.55;0.97;0.00;63.39;car;;4;22.00
4398.00;28706217_0;94.10;7.33;4020.00;4.72;23687583_0;5.10;0.00;tripinfo_in_as_to_sl.75;378.00;in_as_to_sl.75;0;1976.75;0.97;0.00;189.28;car;;6;45.00
4398.00;23156030#6_0;109.07;9.78;4135.00;35.99;23687583_0;5.10;0.00;tripinfo_in_as_to_od.17;263.00;in_as_to_od.17;0;2357.31;1.00;0.00;49.32;car;;1;2.00
4401.00;230845886_0;633.12;9.62;4232.00;43.79;23687583_0;5.10;0.00;tripinfo_in_as_to_ba.48;169.00;in_as_to_ba.48;0;1356.50;0.98;0.00;44.26;car;;2;14.00
4402.00;972103805_0;116.86;8.54;3188.00;46.72;803785575#0_0;5.10;0.00;tripinfo_in_od_to_ko.50;1214.00;in_od_to_ko.50;0;2307.67;0.78;0.00;932.39;car;;32;354.00
4403.00;28706217_0;94.10;7.81;4124.00;39.03;23687583_0;5.10;0.00;tripinfo_in_as_to_sl.76;279.00;in_as_to_sl.76;0;1976.75;1.02;0.00;98.85;car;;4;11.00
4403.00;41899283#1_0;148.70;9.16;4151.00;3.06;-23142338#2_0;5.10;0.00;tripinfo_in_ns_to_as.31;252.00;in_ns_to_as.31;0;2009.37;0.85;0.00;36.81;car;;1;3.00
4404.00;972103805_0;116.86;10.14;3202.00;55.81;803785575#0_0;5.10;0.00;tripinfo_in_od_to_ko.51;1202.00;in_od_to_ko.51;0;2307.67;0.93;0.00;965.32;car;;29;353.00
4405.00;41899283#1_0;148.70;11.11;3497.00;163.11;803785575#0_0;5.10;0.00;tripinfo_in_od_to_as.45;908.00;in_od_to_as.45;0;2382.09;1.10;0.00;712.19;car;;18;257.00
4405.00;45494495_0;58.90;8.62;4184.00;25.74;23687583_0;5.10;0.00;tripinfo_in_as_to_os.52;221.00;in_as_to_os.52;0;1689.77;0.87;0.00;44.79;car;;2;13.00
4406.00;972103805_0;116.86;11.01;4206.00;0.56;-23142338#2_0;5.10;0.00;tripinfo_in_ns_to_ko.198;200.00;in_ns_to_ko.198;0;1398.55;0.99;0.00;72.48;car;;3;22.00
4407.00;23156305_0;1264.14;10.85;4053.00;0.44;-23142338#2_0;5.10;0.00;tripinfo_in_ns_to_gg.23;354.00;in_ns_to_gg.23;0;3297.24;0.98;0.00;47.19;car;;2;11.00
4407.00;45494495_0;58.90;12.35;4222.00;40.82;23687583_0;5.10;0.00;tripinfo_in_as_to_os.53;185.00;in_as_to_os.53;0;1689.77;1.13;0.00;49.45;car;;2;8.00
4407.00;28706217_0;94.10;8.64;4306.00;2.35;-45494495_0;5.10;0.00;tripinfo_in_os_to_sl.20;101.00;in_os_to_sl.20;0;484.95;1.10;0.00;56.32;car;;0;0.00
4408.00;23142338#2_0;290.21;9.71;3720.00;292.63;803785575#0_0;5.10;0.00;tripinfo_in_od_to_ns.17;688.00;in_od_to_ns.17;0;1928.29;0.89;0.00;479.58;car;;21;197.00
4409.00;23156305_0;1264.14;10.88;3403.00;185.60;803785575#0_0;5.10;0.00;tripinfo_in_od_to_gg.55;1006.00;in_od_to_gg.55;0;3669.96;1.06;0.00;691.73;car;;22;245.00
4409.00;45494495_0;58.90;10.49;4248.00;4.97;-230845886_0;5.10;0.00;tripinfo_in_ba_to_os.65;161.00;in_ba_to_os.65;0;1647.96;1.02;0.00;14.64;car;;0;0.00
4410.00;28706217_0;94.10;9.37;4153.00;29.32;23687583_0;5.10;0.00;tripinfo_in_as_to_sl.77;257.00;in_as_to_sl.77;0;1976.75;1.14;0.00;96.02;car;;1;7.00
4410.00;23527526_0;253.75;10.71;4287.00;55.67;23687583_0;5.10;0.00;tripinfo_in_as_to_gj.79;123.00;in_as_to_gj.79;0;649.06;1.04;0.00;66.41;car;;3;27.00
4413.00;972103805_0;116.86;8.77;4138.00;3.14;-230845886_0;5.10;0.00;tripinfo_in_ba_to_ko.127;275.00;in_ba_to_ko.127;0;2114.29;0.81;0.00;37.95;car;;2;7.00
4415.00;972103805_0;116.86;9.33;4153.00;3.10;-230845886_0;5.10;0.00;tripinfo_in_ba_to_ko.128;262.00;in_ba_to_ko.128;0;2114.29;0.91;0.00;49.59;car;;1;7.00
4417.00;972103805_0;116.86;10.07;4156.00;3.17;-230845886_0;5.10;0.00;tripinfo_in_ba_to_ko.129;261.00;in_ba_to_ko.129;0;2114.29;0.96;0.00;59.56;car;;3;18.00
4418.00;23156305_0;1264.14;10.45;3420.00;190.26;803785575#0_0;5.10;0.00;tripinfo_in_od_to_gg.56;998.00;in_od_to_gg.56;0;3669.96;1.02;0.00;673.54;car;;24;226.00
4418.00;230845886_0;633.12;10.67;4245.00;38.90;23687583_0;5.10;0.00;tripinfo_in_as_to_ba.49;173.00;in_as_to_ba.49;0;1356.50;0.99;0.00;48.70;car;;3;12.00
4419.00;972103805_0;116.86;10.80;4209.00;1.72;-23142338#2_0;5.10;0.00;tripinfo_in_ns_to_ko.199;210.00;in_ns_to_ko.199;0;1398.55;1.01;0.00;85.20;car;;4;31.00
4421.00;28706217_0;94.10;7.67;4172.00;0.61;-230845886_0;5.10;0.00;tripinfo_in_ba_to_sl.48;249.00;in_ba_to_sl.48;0;1934.94;0.92;0.00;54.56;car;;2;2.00
4421.00;230845886_0;633.12;10.95;4251.00;39.93;23687583_0;5.10;0.00;tripinfo_in_as_to_ba.50;170.00;in_as_to_ba.50;0;1356.50;0.99;0.00;46.32;car;;2;7.00
4422.00;28716808#1_0;754.74;8.56;3452.00;176.14;803785575#0_0;5.10;0.00;tripinfo_in_od_to_kl.36;970.00;in_od_to_kl.36;0;2678.40;0.87;0.00;690.08;car;;21;228.00
4424.00;28716808#1_0;754.74;10.64;3480.00;174.18;803785575#0_0;5.10;0.00;tripinfo_in_od_to_kl.37;944.00;in_od_to_kl.37;0;2678.40;0.96;0.00;691.36;car;;21;265.00
4424.00;972103805_0;116.86;10.47;3757.00;321.67;803785575#0_0;5.10;0.00;tripinfo_in_od_to_ko.66;667.00;in_od_to_ko.66;0;2307.67;0.95;0.00;435.35;car;;22;160.00
4427.00;972103805_0;116.86;9.96;3205.00;58.37;803785575#0_0;5.10;0.00;tripinfo_in_od_to_ko.52;1222.00;in_od_to_ko.52;0;2307.67;0.98;0.00;997.62;car;;32;372.00
4429.00;23156030#6_0;109.07;12.64;4172.00;24.40;23687583_0;5.10;0.00;tripinfo_in_as_to_od.18;257.00;in_as_to_od.18;0;2357.31;1.17;0.00;74.28;car;;3;6.00
4429.00;972103805_0;116.86;10.86;4159.00;4.33;-230845886_0;5.10;0.00;tripinfo_in_ba_to_ko.130;270.00;in_ba_to_ko.130;0;2114.29;1.01;0.00;78.42;car;;4;25.00
4430.00;23156305_0;1264.14;10.60;4135.00;8.68;-230845886_0;5.10;0.00;tripinfo_in_ba_to_gg.33;295.00;in_ba_to_gg.33;0;2718.65;1.05;0.00;60.74;car;;2;24.00
4431.00;28706217_0;94.10;7.73;4165.00;28.23;23687583_0;5.10;0.00;tripinfo_in_as_to_sl.78;266.00;in_as_to_sl.78;0;1976.75;0.93;0.00;69.76;car;;5;11.00
4432.00;972103805_0;116.86;11.10;4163.00;2.05;-230845886_0;5.10;0.00;tripinfo_in_ba_to_ko.131;269.00;in_ba_to_ko.131;0;2114.29;1.04;0.00;84.14;car;;5;22.00
4433.00;23142338#2_0;290.21;11.42;3531.00;192.84;803785575#0_0;5.10;0.00;tripinfo_in_od_to_ns.16;902.00;in_od_to_ns.16;0;1928.29;1.14;0.00;738.12;car;;23;258.00
4433.00;28706217_0;94.10;9.53;4175.00;25.48;23687583_0;5.10;0.00;tripinfo_in_as_to_sl.79;258.00;in_as_to_sl.79;0;1976.75;1.20;0.00;105.09;car;;2;5.00
4434.00;230845886_0;633.12;9.09;3769.00;330.73;803785575#0_0;5.10;0.00;tripinfo_in_od_to_ba.58;665.00;in_od_to_ba.58;0;2382.14;0.93;0.00;434.07;car;;16;139.00
4436.00;972103805_0;116.86;10.20;4175.00;1.24;-230845886_0;5.10;0.00;tripinfo_in_ba_to_ko.132;261.00;in_ba_to_ko.132;0;2114.29;0.94;0.00;57.10;car;;2;9.00
4436.00;28706217_0;94.10;8.63;4213.00;0.58;-230845886_0;5.10;0.00;tripinfo_in_ba_to_sl.49;223.00;in_ba_to_sl.49;0;1934.94;1.14;0.00;65.18;car;;3;6.00
4439.00;23142338#2_0;290.21;11.66;3487.00;166.63;803785575#0_0;5.10;0.00;tripinfo_in_od_to_ns.15;952.00;in_od_to_ns.15;0;1928.29;1.12;0.00;786.00;car;;29;259.00
4439.00;972103805_0;116.86;11.01;4227.00;0.52;-23142338#2_0;5.10;0.00;tripinfo_in_ns_to_ko.200;212.00;in_ns_to_ko.200;0;1398.55;1.01;0.00;86.38;car;;5;39.00
4439.00;23527526_0;253.75;10.58;4255.00;0.25;-230845886_0;5.10;0.00;tripinfo_in_ba_to_gj.77;184.00;in_ba_to_gj.77;0;1755.68;0.99;0.00;22.96;car;;1;3.00
4443.00;972103805_0;116.86;9.18;3237.00;63.86;803785575#0_0;5.10;0.00;tripinfo_in_od_to_ko.53;1206.00;in_od_to_ko.53;0;2307.67;0.87;0.00;955.57;car;;31;365.00
4445.00;972103805_0;116.86;10.08;3273.00;76.20;803785575#0_0;5.10;0.00;tripinfo_in_od_to_ko.54;1172.00;in_od_to_ko.54;0;2307.67;0.95;0.00;942.58;car;;30;350.00
4447.00;23527526_0;253.75;9.08;2956.00;27.19;803785575#0_0;5.10;0.00;tripinfo_in_od_to_gj.10;1491.00;in_od_to_gj.10;0;2706.99;0.93;0.00;1228.30;car;;47;522.00
4447.00;28706217_0;94.10;8.68;4212.00;39.35;23687583_0;5.10;0.00;tripinfo_in_as_to_sl.80;235.00;in_as_to_sl.80;0;1976.75;1.08;0.00;64.51;car;;1;4.00
4447.00;41899283#1_0;148.70;9.75;4178.00;5.12;-23142338#2_0;5.10;0.00;tripinfo_in_ns_to_as.32;269.00;in_ns_to_as.32;0;2009.37;0.89;0.00;62.83;car;;4;11.00
4449.00;23527526_0;253.75;10.99;4309.00;70.75;23687583_0;5.10;0.00;tripinfo_in_as_to_gj.80;140.00;in_as_to_gj.80;0;649.06;1.05;0.00;83.63;car;;2;45.00
4449.00;41899283#1_0;148.70;12.41;4283.00;2.87;-230845886_0;5.10;0.00;tripinfo_in_ba_to_as.76;166.00;in_ba_to_as.76;0;1430.78;1.12;0.00;50.05;car;;1;14.00
4450.00;972103805_0;116.86;10.41;4200.00;0.37;-230845886_0;5.10;0.00;tripinfo_in_ba_to_ko.133;250.00;in_ba_to_ko.133;0;2114.29;1.03;0.00;63.28;car;;3;16.00
4451.00;23156305_0;1264.14;11.52;3492.00;162.09;803785575#0_0;5.10;0.00;tripinfo_in_od_to_gg.60;959.00;in_od_to_gg.60;0;3669.96;1.04;0.00;639.44;car;;18;232.00
4451.00;41899283#1_0;148.70;9.60;4258.00;1.21;-230845886_0;5.10;0.00;tripinfo_in_ba_to_as.75;193.00;in_ba_to_as.75;0;1430.78;0.92;0.00;52.08;car;;2;25.00
4451.00;28706217_0;94.10;7.91;4387.00;0.01;-45494495_0;5.10;0.00;tripinfo_in_os_to_sl.21;64.00;in_os_to_sl.21;0;484.95;1.01;0.00;15.14;car;;0;0.00
4452.00;972103805_0;116.86;10.89;4203.00;2.21;-230845886_0;5.10;0.00;tripinfo_in_ba_to_ko.134;249.00;in_ba_to_ko.134;0;2114.29;1.03;0.00;61.16;car;;4;20.00
4453.00;41899283#1_0;148.70;12.20;4307.00;6.15;-230845886_0;5.10;0.00;tripinfo_in_ba_to_as.77;146.00;in_ba_to_as.77;0;1430.78;1.10;0.00;28.58;car;;0;0.00
4454.00;972103805_0;116.86;10.82;4265.00;46.47;23687583_0;5.10;0.00;tripinfo_in_as_to_ko.91;189.00;in_as_to_ko.91;0;1102.39;1.03;0.00;91.90;car;;4;51.00
4455.00;45494495_0;58.90;10.40;4103.00;383.38;803785575#0_0;5.10;0.00;tripinfo_in_od_to_os.93;352.00;in_od_to_os.93;0;969.96;1.01;0.00;265.29;car;;1;172.00
4457.00;28706217_0;94.10;8.02;3984.00;0.52;-23142338#2_0;5.10;0.00;tripinfo_in_ns_to_sl.7;473.00;in_ns_to_sl.7;0;1619.36;0.98;0.00;306.36;car;;3;269.00
4457.00;972103805_0;116.86;10.91;4271.00;51.42;23687583_0;5.10;0.00;tripinfo_in_as_to_ko.92;186.00;in_as_to_ko.92;0;1102.39;0.99;0.00;84.89;car;;4;41.00
4458.00;45494495_0;58.90;11.93;4115.00;382.83;803785575#0_0;5.10;0.00;tripinfo_in_od_to_os.94;343.00;in_od_to_os.94;0;969.96;1.14;0.00;265.73;car;;2;173.00
4458.00;23142338#2_0;290.21;9.03;4200.00;29.63;23687583_0;5.10;0.00;tripinfo_in_as_to_ns.56;258.00;in_as_to_ns.56;0;1995.73;0.87;0.00;48.76;car;;2;13.00
4458.00;23527526_0;253.75;10.89;4270.00;0.98;-230845886_0;5.10;0.00;tripinfo_in_ba_to_gj.78;188.00;in_ba_to_gj.78;0;1755.68;1.01;0.00;30.44;car;;1;8.00
4459.00;972103805_0;116.86;10.53;3441.00;184.32;803785575#0_0;5.10;0.00;tripinfo_in_od_to_ko.57;1018.00;in_od_to_ko.57;0;2307.67;1.01;0.00;800.59;car;;29;280.00
4459.00;23142338#2_0;290.21;11.08;4219.00;39.08;23687583_0;5.10;0.00;tripinfo_in_as_to_ns.57;240.00;in_as_to_ns.57;0;1995.73;1.06;0.00;69.41;car;;4;16.00
4461.00;972103805_0;116.86;12.05;4260.00;0.72;-23142338#2_0;5.10;0.00;tripinfo_in_ns_to_ko.201;201.00;in_ns_to_ko.201;0;1398.55;1.16;0.00;91.43;car;;5;34.00
4463.00;972103805_0;116.86;11.51;3431.00;183.94;803785575#0_0;5.10;0.00;tripinfo_in_od_to_ko.55;1032.00;in_od_to_ko.55;0;2307.67;1.10;0.00;832.78;car;;29;283.00
4464.00;23156305_0;1264.14;9.98;4123.00;1.26;-23142338#2_0;5.10;0.00;tripinfo_in_ns_to_gg.24;341.00;in_ns_to_gg.24;0;3297.24;0.97;0.00;31.39;car;;0;0.00
4465.00;23527526_0;253.75;10.10;4273.00;2.35;-230845886_0;5.10;0.00;tripinfo_in_ba_to_gj.79;192.00;in_ba_to_gj.79;0;1755.68;0.96;0.00;24.88;car;;1;5.00
4467.00;972103805_0;116.86;10.86;3438.00;185.07;803785575#0_0;5.10;0.00;tripinfo_in_od_to_ko.56;1029.00;in_od_to_ko.56;0;2307.67;1.04;0.00;817.59;car;;28;266.00
4471.00;45494495_0;58.90;8.84;4149.00;394.87;803785575#0_0;5.10;0.00;tripinfo_in_od_to_os.96;322.00;in_od_to_os.96;0;969.96;0.91;0.00;225.19;car;;2;162.00
4472.00;972103805_0;116.86;9.11;4278.00;1.29;-23142338#2_0;5.10;0.00;tripinfo_in_ns_to_ko.202;194.00;in_ns_to_ko.202;0;1398.55;0.88;0.00;50.82;car;;3;20.00
4473.00;45494495_0;58.90;10.62;4130.00;396.41;803785575#0_0;5.10;0.00;tripinfo_in_od_to_os.95;343.00;in_od_to_os.95;0;969.96;0.96;0.00;251.20;car;;2;172.00
4474.00;972103805_0;116.86;9.38;4290.00;0.24;-23142338#2_0;5.10;0.00;tripinfo_in_ns_to_ko.203;184.00;in_ns_to_ko.203;0;1398.55;0.89;0.00;41.66;car;;2;10.00
4474.00;41899283#1_0;148.70;10.55;4316.00;4.45;-230845886_0;5.10;0.00;tripinfo_in_ba_to_as.78;158.00;in_ba_to_as.78;0;1430.78;1.00;0.00;28.20;car;;1;1.00
4475.00;23156390_0;1121.44;11.42;3493.00;160.36;803785575#0_0;5.10;0.00;tripinfo_in_od_to_br.44;982.00;in_od_to_br.44;0;3149.31;1.04;0.00;707.55;car;;18;263.00
4475.00;45494495_0;58.90;10.06;4161.00;387.08;803785575#0_0;5.10;0.00;tripinfo_in_od_to_os.98;314.00;in_od_to_os.98;0;969.96;0.95;0.00;221.92;car;;4;163.00
4476.00;972103805_0;116.86;10.20;3449.00;173.33;803785575#0_0;5.10;0.00;tripinfo_in_od_to_ko.58;1027.00;in_od_to_ko.58;0;2307.67;0.94;0.00;794.88;car;;27;272.00
4476.00;41899283#1_0;148.70;10.82;3513.00;176.84;803785575#0_0;5.10;0.00;tripinfo_in_od_to_as.46;963.00;in_od_to_as.46;0;2382.09;1.07;0.00;761.67;car;;21;320.00
4477.00;23156305_0;1264.14;11.20;3599.00;257.37;803785575#0_0;5.10;0.00;tripinfo_in_od_to_gg.61;878.00;in_od_to_gg.61;0;3669.96;1.03;0.00;554.93;car;;22;212.00
4477.00;230845886_0;633.12;9.25;4261.00;44.63;23687583_0;5.10;0.00;tripinfo_in_as_to_ba.51;216.00;in_as_to_ba.51;0;1356.50;0.89;0.00;79.11;car;;3;40.00
4478.00;972103805_0;116.86;10.21;3458.00;173.25;803785575#0_0;5.10;0.00;tripinfo_in_od_to_ko.59;1020.00;in_od_to_ko.59;0;2307.67;0.95;0.00;787.88;car;;27;273.00
4479.00;23156030#6_0;109.07;10.16;4392.00;0.54;-45494495_0;5.10;0.00;tripinfo_in_os_to_od.21;87.00;in_os_to_od.21;0;865.51;0.98;0.00;7.51;car;;0;0.00
4480.00;972103805_0;116.86;11.27;3464.00;175.78;803785575#0_0;5.10;0.00;tripinfo_in_od_to_ko.60;1016.00;in_od_to_ko.60;0;2307.67;1.02;0.00;800.72;car;;28;266.00
4483.00;23142338#2_0;290.21;9.00;4166.00;4.25;-230845886_0;5.10;0.00;tripinfo_in_ba_to_ns.28;317.00;in_ba_to_ns.28;0;2346.36;0.91;0.00;84.15;car;;6;29.00
4483.00;23527526_0;253.75;10.20;4286.00;3.00;-230845886_0;5.10;0.00;tripinfo_in_ba_to_gj.80;197.00;in_ba_to_gj.80;0;1755.68;0.96;0.00;31.49;car;;2;8.00
4484.00;23527526_0;253.75;11.35;4289.00;1.88;-230845886_0;5.10;0.00;tripinfo_in_ba_to_gj.81;195.00;in_ba_to_gj.81;0;1755.68;1.02;0.00;39.98;car;;2;8.00
4485.00;23142338#2_0;290.21;10.92;4183.00;0.49;-230845886_0;5.10;0.00;tripinfo_in_ba_to_ns.29;302.00;in_ba_to_ns.29;0;2346.36;1.08;0.00;104.74;car;;5;23.00
4486.00;41899283#1_0;148.70;10.63;4254.00;0.54;-23142338#2_0;5.10;0.00;tripinfo_in_ns_to_as.33;232.00;in_ns_to_as.33;0;2009.37;1.05;0.00;57.34;car;;3;16.00
4489.00;45494495_0;58.90;11.76;3640.00;268.99;803785575#0_0;5.10;0.00;tripinfo_in_od_to_os.78;849.00;in_od_to_os.78;0;969.96;1.11;0.00;770.57;car;;18;349.00
4489.00;23527526_0;253.75;10.76;4220.00;0.56;-23142338#2_0;5.10;0.00;tripinfo_in_ns_to_gj.16;269.00;in_ns_to_gj.16;0;2084.96;0.98;0.00;75.63;car;;3;25.00
4490.00;230845886_0;633.12;8.86;2989.00;23.65;803785575#0_0;5.10;0.00;tripinfo_in_od_to_ba.43;1501.00;in_od_to_ba.43;0;2382.14;0.85;0.00;1246.35;car;;40;566.00
4492.00;230845886_0;633.12;10.20;4278.00;53.14;23687583_0;5.10;0.00;tripinfo_in_as_to_ba.52;214.00;in_as_to_ba.52;0;1356.50;1.00;0.00;91.59;car;;4;42.00
4495.00;972103805_0;116.86;10.50;4312.00;73.07;23687583_0;5.10;0.00;tripinfo_in_as_to_ko.93;183.00;in_as_to_ko.93;0;1102.39;0.98;0.00;80.82;car;;2;42.00
4496.00;45494495_0;58.90;10.80;4268.00;48.77;23687583_0;5.10;0.00;tripinfo_in_as_to_os.54;228.00;in_as_to_os.54;0;1689.77;1.09;0.00;87.54;car;;3;38.00
4498.00;972103805_0;116.86;11.76;3472.00;175.11;803785575#0_0;5.10;0.00;tripinfo_in_od_to_ko.61;1026.00;in_od_to_ko.61;0;2307.67;1.10;0.00;825.68;car;;33;290.00
4498.00;41899283#1_0;148.70;10.48;3628.00;267.78;803785575#0_0;5.10;0.00;tripinfo_in_od_to_as.49;870.00;in_od_to_as.49;0;2382.09;0.95;0.00;641.70;car;;17;251.00
4500.00;41899283#1_0;148.70;10.33;4355.00;0.07;-230845886_0;5.10;0.00;tripinfo_in_ba_to_as.79;145.00;in_ba_to_as.79;0;1430.78;1.01;0.00;15.65;car;;0;0.00
4501.00;972103805_0;116.86;10.62;3662.00;254.62;803785575#0_0;5.10;0.00;tripinfo_in_od_to_ko.65;839.00;in_od_to_ko.65;0;2307.67;1.00;0.00;618.63;car;;26;235.00
4502.00;41899283#1_0;148.70;11.11;4358.00;0.92;-230845886_0;5.10;0.00;tripinfo_in_ba_to_as.80;144.00;in_ba_to_as.80;0;1430.78;1.11;0.00;27.03;car;;0;0.00
4503.00;972103805_0;116.86;11.82;4352.00;0.07;-23142338#2_0;5.10;0.00;tripinfo_in_ns_to_ko.204;151.00;in_ns_to_ko.204;0;1398.55;1.08;0.00;33.14;car;;1;7.00
4504.00;45494495_0;58.90;10.17;4101.00;3.59;-23142338#2_0;5.10;0.00;tripinfo_in_ns_to_os.7;403.00;in_ns_to_os.7;0;1865.82;1.02;0.00;237.69;car;;2;205.00
4505.00;972103805_0;116.86;9.89;3602.00;257.21;803785575#0_0;5.10;0.00;tripinfo_in_od_to_ko.62;903.00;in_od_to_ko.62;0;2307.67;1.00;0.00;683.53;car;;27;202.00
4506.00;23156390_0;1121.44;8.79;2950.00;43.03;803785575#0_0;5.10;0.00;tripinfo_in_od_to_br.37;1556.00;in_od_to_br.37;0;3149.31;0.86;0.00;1224.48;car;;52;545.00
4508.00;23156390_0;1121.44;11.32;4274.00;52.25;23687583_0;5.10;0.00;tripinfo_in_as_to_br.16;234.00;in_as_to_br.16;0;1694.48;1.10;0.00;94.77;car;;3;33.00
4508.00;972103805_0;116.86;9.91;4261.00;4.00;-230845886_0;5.10;0.00;tripinfo_in_ba_to_ko.135;247.00;in_ba_to_ko.135;0;2114.29;0.95;0.00;46.22;car;;2;10.00
4511.00;41899283#1_0;148.70;10.68;4267.00;0.36;-23142338#2_0;5.10;0.00;tripinfo_in_ns_to_as.34;244.00;in_ns_to_as.34;0;2009.37;0.98;0.00;56.93;car;;4;20.00
4513.00;23156305_0;1264.14;10.44;3481.00;173.97;803785575#0_0;5.10;0.00;tripinfo_in_od_to_gg.58;1032.00;in_od_to_gg.58;0;3669.96;1.01;0.00;700.58;car;;17;265.00
4514.00;23156305_0;1264.14;11.00;3468.00;173.04;803785575#0_0;5.10;0.00;tripinfo_in_od_to_gg.57;1046.00;in_od_to_gg.57;0;3669.96;1.07;0.00;733.94;car;;24;268.00
4514.00;972103805_0;116.86;10.02;3611.00;263.31;803785575#0_0;5.10;0.00;tripinfo_in_od_to_ko.63;903.00;in_od_to_ko.63;0;2307.67;0.99;0.00;682.37;car;;29;214.00
4515.00;23156390_0;1121.44;9.53;3404.00;180.25;803785575#0_0;5.10;0.00;tripinfo_in_od_to_br.43;1111.00;in_od_to_br.43;0;3149.31;0.95;0.00;810.65;car;;29;262.00
4515.00;28706217_0;94.10;7.06;3772.00;333.31;803785575#0_0;5.10;0.00;tripinfo_in_od_to_sl.3;743.00;in_od_to_sl.3;0;747.33;0.95;0.00;666.44;car;;19;289.00
4516.00;23156305_0;1264.14;12.78;3484.00;168.87;803785575#0_0;5.10;0.00;tripinfo_in_od_to_gg.59;1032.00;in_od_to_gg.59;0;3669.96;1.17;0.00;747.92;car;;19;265.00
4516.00;41899283#1_0;148.70;11.29;3638.00;273.78;803785575#0_0;5.10;0.00;tripinfo_in_od_to_as.50;878.00;in_od_to_as.50;0;2382.09;1.10;0.00;682.05;car;;15;233.00
4516.00;23142338#2_0;290.21;7.92;4067.00;0.62;-45494495_0;5.10;0.00;tripinfo_in_os_to_ns.8;449.00;in_os_to_ns.8;0;1665.91;0.78;0.00;241.02;car;;5;185.00
4517.00;972103805_0;116.86;9.82;3633.00;270.78;803785575#0_0;5.10;0.00;tripinfo_in_od_to_ko.64;884.00;in_od_to_ko.64;0;2307.67;0.96;0.00;653.99;car;;23;206.00
4518.00;23142338#2_0;290.21;11.01;4237.00;0.02;-230845886_0;5.10;0.00;tripinfo_in_ba_to_ns.30;281.00;in_ba_to_ns.30;0;2346.36;1.02;0.00;73.11;car;;3;21.00
4519.00;972103805_0;116.86;9.89;4367.00;0.28;-23142338#2_0;5.10;0.00;tripinfo_in_ns_to_ko.205;152.00;in_ns_to_ko.205;0;1398.55;0.95;0.00;18.48;car;;0;0.00
4521.00;23156305_0;1264.14;10.86;4154.00;4.88;-23142338#2_0;5.10;0.00;tripinfo_in_ns_to_gg.25;367.00;in_ns_to_gg.25;0;3297.24;1.07;0.00;84.82;car;;1;3.00
4521.00;972103805_0;116.86;10.53;4370.00;2.29;-23142338#2_0;5.10;0.00;tripinfo_in_ns_to_ko.206;151.00;in_ns_to_ko.206;0;1398.55;1.03;0.00;28.36;car;;0;0.00
4525.00;230845886_0;633.12;8.36;2977.00;23.75;803785575#0_0;5.10;0.00;tripinfo_in_od_to_ba.40;1548.00;in_od_to_ba.40;0;2382.14;0.82;0.00;1285.32;car;;44;584.00
4525.00;972103805_0;116.86;10.55;4280.00;0.80;-230845886_0;5.10;0.00;tripinfo_in_ba_to_ko.136;245.00;in_ba_to_ko.136;0;2114.29;0.98;0.00;48.81;car;;3;16.00
4526.00;28716808#1_0;754.74;10.20;2971.00;21.84;803785575#0_0;5.10;0.00;tripinfo_in_od_to_kl.25;1555.00;in_od_to_kl.25;0;2678.40;0.96;0.00;1302.71;car;;51;574.00
4526.00;28706217_0;94.10;6.97;3791.00;335.75;803785575#0_0;5.10;0.00;tripinfo_in_od_to_sl.4;735.00;in_od_to_sl.4;0;747.33;0.84;0.00;648.81;car;;19;282.00
4528.00;28716808#1_0;754.74;11.75;4343.00;0.38;-230845886_0;5.10;0.00;tripinfo_in_ba_to_kl.6;185.00;in_ba_to_kl.6;0;1727.09;1.11;0.00;43.90;car;;1;1.00
4530.00;45494495_0;58.90;10.26;4284.00;53.06;23687583_0;5.10;0.00;tripinfo_in_as_to_os.55;246.00;in_as_to_os.55;0;1689.77;1.01;0.00;95.32;car;;4;35.00
4532.00;41899283#1_0;148.70;7.66;3627.00;267.85;803785575#0_0;5.10;0.00;tripinfo_in_od_to_as.48;905.00;in_od_to_as.48;0;2382.09;0.80;0.00;637.08;car;;20;247.00
4532.00;972103805_0;116.86;10.35;3970.00;381.19;803785575#0_0;5.10;0.00;tripinfo_in_od_to_ko.82;562.00;in_od_to_ko.82;0;2307.67;1.03;0.00;348.34;car;;19;104.00
4532.00;45494495_0;58.90;13.10;4299.00;67.04;23687583_0;5.10;0.00;tripinfo_in_as_to_os.56;233.00;in_as_to_os.56;0;1689.77;1.19;0.00;103.79;car;;3;38.00
4534.00;41899283#1_0;148.70;10.56;4071.00;0.78;-45494495_0;5.10;0.00;tripinfo_in_os_to_as.27;463.00;in_os_to_as.27;0;1746.47;0.97;0.00;300.25;car;;7;98.00
4536.00;41899283#1_0;148.70;9.54;4281.00;0.04;-23142338#2_0;5.10;0.00;tripinfo_in_ns_to_as.35;255.00;in_ns_to_as.35;0;2009.37;0.97;0.00;66.48;car;;4;22.00
4543.00;28706217_0;94.10;7.86;4251.00;3.52;-230845886_0;5.10;0.00;tripinfo_in_ba_to_sl.50;292.00;in_ba_to_sl.50;0;1934.94;0.95;0.00;101.97;car;;2;78.00
4543.00;972103805_0;116.86;10.54;4292.00;1.65;-230845886_0;5.10;0.00;tripinfo_in_ba_to_ko.137;251.00;in_ba_to_ko.137;0;2114.29;1.02;0.00;63.86;car;;3;26.00
4545.00;41899283#1_0;148.70;11.72;3663.00;249.78;803785575#0_0;5.10;0.00;tripinfo_in_od_to_as.52;882.00;in_od_to_as.52;0;2382.09;1.06;0.00;679.19;car;;23;249.00
4545.00;230845886_0;633.12;8.04;4164.00;5.51;-23142338#2_0;5.10;0.00;tripinfo_in_ns_to_ba.11;381.00;in_ns_to_ba.11;0;2340.42;0.74;0.00;99.85;car;;6;45.00
4547.00;230845886_0;633.12;10.25;3873.00;341.92;803785575#0_0;5.10;0.00;tripinfo_in_od_to_ba.61;674.00;in_od_to_ba.61;0;2382.14;1.00;0.00;459.03;car;;22;110.00
4547.00;972103805_0;116.86;10.24;4298.00;2.16;-230845886_0;5.10;0.00;tripinfo_in_ba_to_ko.138;249.00;in_ba_to_ko.138;0;2114.29;1.04;0.00;63.12;car;;3;20.00
4549.00;230845886_0;633.12;10.02;4318.00;72.02;23687583_0;5.10;0.00;tripinfo_in_as_to_ba.53;231.00;in_as_to_ba.53;0;1356.50;0.97;0.00;105.06;car;;3;45.00
4549.00;972103805_0;116.86;11.05;4301.00;2.88;-230845886_0;5.10;0.00;tripinfo_in_ba_to_ko.139;248.00;in_ba_to_ko.139;0;2114.29;1.08;0.00;69.10;car;;3;20.00
4549.00;41899283#1_0;148.70;10.19;4374.00;4.83;-230845886_0;5.10;0.00;tripinfo_in_ba_to_as.81;175.00;in_ba_to_as.81;0;1430.78;0.94;0.00;36.80;car;;2;15.00
4551.00;23527526_0;253.75;11.85;4397.00;91.61;23687583_0;5.10;0.00;tripinfo_in_as_to_gj.81;154.00;in_as_to_gj.81;0;649.06;1.07;0.00;98.74;car;;4;51.00
4551.00;41899283#1_0;148.70;11.77;4386.00;0.68;-230845886_0;5.10;0.00;tripinfo_in_ba_to_as.82;165.00;in_ba_to_as.82;0;1430.78;1.14;0.00;51.21;car;;0;0.00
4554.00;45494495_0;58.90;9.48;4306.00;67.81;23687583_0;5.10;0.00;tripinfo_in_as_to_os.57;248.00;in_as_to_os.57;0;1689.77;0.93;0.00;84.09;car;;3;29.00
4555.00;230845886_0;633.12;11.05;4171.00;1.43;-45494495_0;5.10;0.00;tripinfo_in_os_to_ba.30;384.00;in_os_to_ba.30;0;1746.52;1.03;0.00;231.26;car;;9;54.00
4555.00;23156390_0;1121.44;8.91;4191.00;0.92;-23142338#2_0;5.10;0.00;tripinfo_in_ns_to_br.5;364.00;in_ns_to_br.5;0;2792.05;0.83;0.00;60.04;car;;2;14.00
4556.00;23156390_0;1121.44;11.08;3078.00;5.72;803785575#0_0;5.10;0.00;tripinfo_in_od_to_br.38;1478.00;in_od_to_br.38;0;3149.31;1.00;0.00;1192.60;car;;43;506.00
4556.00;41899283#1_0;148.70;9.42;4314.00;0.43;-23142338#2_0;5.10;0.00;tripinfo_in_ns_to_as.36;242.00;in_ns_to_as.36;0;2009.37;0.96;0.00;51.65;car;;2;23.00
4557.00;230845886_0;633.12;11.63;4379.00;95.06;23687583_0;5.10;0.00;tripinfo_in_as_to_ba.54;178.00;in_as_to_ba.54;0;1356.50;1.09;0.00;65.62;car;;3;20.00
4558.00;23156390_0;1121.44;10.73;3623.00;265.08;803785575#0_0;5.10;0.00;tripinfo_in_od_to_br.45;935.00;in_od_to_br.45;0;3149.31;1.08;0.00;669.79;car;;15;254.00
4564.00;23142338#2_0;290.21;10.46;4295.00;1.37;-230845886_0;5.10;0.00;tripinfo_in_ba_to_ns.31;269.00;in_ba_to_ns.31;0;2346.36;0.98;0.00;51.76;car;;3;12.00
4565.00;23156390_0;1121.44;10.37;4230.00;3.35;-23142338#2_0;5.10;0.00;tripinfo_in_ns_to_br.6;335.00;in_ns_to_br.6;0;2792.05;0.96;0.00;71.82;car;;4;26.00
4566.00;972103805_0;116.86;7.60;4023.00;0.75;-45494495_0;5.10;0.00;tripinfo_in_os_to_ko.29;543.00;in_os_to_ko.29;0;2045.29;0.75;0.00;284.15;car;;5;231.00
4566.00;28706217_0;94.10;8.83;4239.00;44.45;23687583_0;5.10;0.00;tripinfo_in_as_to_sl.81;327.00;in_as_to_sl.81;0;1976.75;1.19;0.00;172.62;car;;5;108.00
4566.00;41899283#1_0;148.70;9.91;4402.00;3.74;-230845886_0;5.10;0.00;tripinfo_in_ba_to_as.83;164.00;in_ba_to_as.83;0;1430.78;0.96;0.00;29.32;car;;1;5.00
4567.00;28716808#1_0;754.74;10.93;2995.00;25.88;803785575#0_0;5.10;0.00;tripinfo_in_od_to_kl.26;1572.00;in_od_to_kl.26;0;2678.40;1.01;0.00;1331.50;car;;51;571.00
4568.00;28706217_0;94.10;9.29;4248.00;39.10;23687583_0;5.10;0.00;tripinfo_in_as_to_sl.82;320.00;in_as_to_sl.82;0;1976.75;1.15;0.00;160.53;car;;5;92.00
4568.00;972103805_0;116.86;9.85;4304.00;5.65;-230845886_0;5.10;0.00;tripinfo_in_ba_to_ko.140;264.00;in_ba_to_ko.140;0;2114.29;0.96;0.00;62.97;car;;3;17.00
4568.00;41899283#1_0;148.70;11.59;4363.00;0.51;-23142338#2_0;5.10;0.00;tripinfo_in_ns_to_as.37;205.00;in_ns_to_as.37;0;2009.37;1.13;0.00;42.46;car;;2;9.00
4569.00;28716808#1_0;754.74;11.29;3649.00;261.85;803785575#0_0;5.10;0.00;tripinfo_in_od_to_kl.38;920.00;in_od_to_kl.38;0;2678.40;1.04;0.00;686.15;car;;20;230.00
4570.00;972103805_0;116.86;9.98;4313.00;3.74;-230845886_0;5.10;0.00;tripinfo_in_ba_to_ko.141;257.00;in_ba_to_ko.141;0;2114.29;0.94;0.00;51.70;car;;2;14.00
4572.00;972103805_0;116.86;11.01;4319.00;1.46;-230845886_0;5.10;0.00;tripinfo_in_ba_to_ko.142;253.00;in_ba_to_ko.142;0;2114.29;1.04;0.00;67.97;car;;2;11.00
4573.00;972103805_0;116.86;12.28;4179.00;0.49;-45494495_0;5.10;0.00;tripinfo_in_os_to_ko.30;394.00;in_os_to_ko.30;0;2045.29;1.12;0.00;219.02;car;;6;109.00
4573.00;23156305_0;1264.14;9.42;4359.00;87.01;23687583_0;5.10;0.00;tripinfo_in_as_to_gg.20;214.00;in_as_to_gg.20;0;1600.87;0.95;0.00;61.76;car;;2;23.00
4575.00;23156305_0;1264.14;10.90;4212.00;4.24;-23142338#2_0;5.10;0.00;tripinfo_in_ns_to_gg.26;363.00;in_ns_to_gg.26;0;3297.24;1.07;0.00;80.82;car;;3;18.00
4576.00;28706217_0;94.10;8.97;4310.00;6.86;-230845886_0;5.10;0.00;tripinfo_in_ba_to_sl.51;266.00;in_ba_to_sl.51;0;1934.94;1.09;0.00;101.28;car;;2;71.00
4577.00;23156390_0;1121.44;10.21;4339.00;3.37;-230845886_0;5.10;0.00;tripinfo_in_ba_to_br.4;238.00;in_ba_to_br.4;0;2198.00;0.98;0.00;33.22;car;;1;1.00
4577.00;972103805_0;116.86;10.55;4417.00;0.77;-23142338#2_0;5.10;0.00;tripinfo_in_ns_to_ko.207;160.00;in_ns_to_ko.207;0;1398.55;1.05;0.00;40.26;car;;2;8.00
4580.00;45494495_0;58.90;10.55;4408.00;5.47;-230845886_0;5.10;0.00;tripinfo_in_ba_to_os.67;172.00;in_ba_to_os.67;0;1647.96;1.01;0.00;24.69;car;;0;0.00
4581.00;41899283#1_0;148.70;10.47;3680.00;260.65;803785575#0_0;5.10;0.00;tripinfo_in_od_to_as.53;901.00;in_od_to_as.53;0;2382.09;1.00;0.00;684.56;car;;24;264.00
4581.00;28706217_0;94.10;7.45;4258.00;44.13;23687583_0;5.10;0.00;tripinfo_in_as_to_sl.83;323.00;in_as_to_sl.83;0;1976.75;0.97;0.00;133.72;car;;4;88.00
4583.00;23142338#2_0;290.21;11.25;4325.00;3.25;-230845886_0;5.10;0.00;tripinfo_in_ba_to_ns.32;258.00;in_ba_to_ns.32;0;2346.36;1.02;0.00;50.31;car;;2;15.00
4584.00;972103805_0;116.86;12.48;4362.00;0.60;-230845886_0;5.10;0.00;tripinfo_in_ba_to_ko.143;222.00;in_ba_to_ko.143;0;2114.29;1.16;0.00;56.59;car;;2;19.00
4585.00;23142338#2_0;290.21;11.01;4356.00;1.31;-45494495_0;5.10;0.00;tripinfo_in_os_to_ns.9;229.00;in_os_to_ns.9;0;1665.91;1.06;0.00;76.04;car;;4;15.00
4585.00;45494495_0;58.90;9.28;4383.00;8.70;-230845886_0;5.10;0.00;tripinfo_in_ba_to_os.66;202.00;in_ba_to_os.66;0;1647.96;0.85;0.00;26.79;car;;0;0.00
4589.00;28706217_0;94.10;6.81;4468.00;0.24;-45494495_0;5.10;0.00;tripinfo_in_os_to_sl.22;121.00;in_os_to_sl.22;0;484.95;0.91;0.00;66.76;car;;3;47.00
4593.00;972103805_0;116.86;10.85;4195.00;0.64;-45494495_0;5.10;0.00;tripinfo_in_os_to_ko.31;398.00;in_os_to_ko.31;0;2045.29;1.00;0.00;202.43;car;;6;108.00
4593.00;28706217_0;94.10;6.34;4330.00;0.77;-230845886_0;5.10;0.00;tripinfo_in_ba_to_sl.52;263.00;in_ba_to_sl.52;0;1934.94;0.86;0.00;54.21;car;;3;24.00
4595.00;28706217_0;94.10;8.19;4303.00;67.37;23687583_0;5.10;0.00;tripinfo_in_as_to_sl.84;292.00;in_as_to_sl.84;0;1976.75;1.00;0.00;109.17;car;;5;41.00
4595.00;23527526_0;253.75;10.63;4380.00;7.42;-230845886_0;5.10;0.00;tripinfo_in_ba_to_gj.83;215.00;in_ba_to_gj.83;0;1755.68;0.97;0.00;50.06;car;;1;6.00
4597.00;972103805_0;116.86;10.17;4206.00;0.89;-45494495_0;5.10;0.00;tripinfo_in_os_to_ko.32;391.00;in_os_to_ko.32;0;2045.29;0.94;0.00;183.18;car;;5;90.00
4598.00;972103805_0;116.86;10.14;4420.00;3.46;-23142338#2_0;5.10;0.00;tripinfo_in_ns_to_ko.208;178.00;in_ns_to_ko.208;0;1398.55;1.02;0.00;54.79;car;;3;21.00
4600.00;23156030#6_0;109.07;9.17;4281.00;55.60;23687583_0;5.10;0.00;tripinfo_in_as_to_od.19;319.00;in_as_to_od.19;0;2357.31;0.93;0.00;90.84;car;;4;36.00
4600.00;972103805_0;116.86;12.16;4439.00;1.96;-23142338#2_0;5.10;0.00;tripinfo_in_ns_to_ko.209;161.00;in_ns_to_ko.209;0;1398.55;1.15;0.00;50.93;car;;2;11.00
4601.00;230845886_0;633.12;11.39;3279.00;77.29;803785575#0_0;5.10;0.00;tripinfo_in_od_to_ba.52;1322.00;in_od_to_ba.52;0;2382.14;1.05;0.00;1116.43;car;;38;376.00
4601.00;41899283#1_0;148.70;9.73;4440.00;2.03;-230845886_0;5.10;0.00;tripinfo_in_ba_to_as.84;161.00;in_ba_to_as.84;0;1430.78;0.98;0.00;28.58;car;;1;6.00
4602.00;28706217_0;94.10;6.58;4025.00;0.79;-23142338#2_0;5.10;0.00;tripinfo_in_ns_to_sl.8;577.00;in_ns_to_sl.8;0;1619.36;0.90;0.00;395.02;car;;5;354.00
4602.00;45494495_0;58.90;9.77;4418.00;5.56;-230845886_0;5.10;0.00;tripinfo_in_ba_to_os.68;184.00;in_ba_to_os.68;0;1647.96;0.88;0.00;14.92;car;;0;0.00
4604.00;972103805_0;116.86;10.11;4235.00;1.32;-45494495_0;5.10;0.00;tripinfo_in_os_to_ko.33;369.00;in_os_to_ko.33;0;2045.29;1.02;0.00;176.14;car;;7;69.00
4605.00;45494495_0;58.90;11.25;4437.00;9.84;-230845886_0;5.10;0.00;tripinfo_in_ba_to_os.69;168.00;in_ba_to_os.69;0;1647.96;1.02;0.00;21.85;car;;0;0.00
4609.00;23142338#2_0;290.21;9.22;4315.00;73.28;23687583_0;5.10;0.00;tripinfo_in_as_to_ns.58;294.00;in_as_to_ns.58;0;1995.73;0.88;0.00;87.98;car;;2;42.00
4612.00;230845886_0;633.12;9.21;3968.00;384.90;803785575#0_0;5.10;0.00;tripinfo_in_od_to_ba.63;644.00;in_od_to_ba.63;0;2382.14;0.93;0.00;412.33;car;;19;93.00
4612.00;23142338#2_0;290.21;9.99;4353.00;94.50;23687583_0;5.10;0.00;tripinfo_in_as_to_ns.59;259.00;in_as_to_ns.59;0;1995.73;1.01;0.00;79.71;car;;3;30.00
4613.00;230845886_0;633.12;10.47;3838.00;334.54;803785575#0_0;5.10;0.00;tripinfo_in_od_to_ba.59;775.00;in_od_to_ba.59;0;2382.14;1.06;0.00;572.33;car;;32;195.00
4614.00;23142338#2_0;290.21;12.71;4372.00;94.41;23687583_0;5.10;0.00;tripinfo_in_as_to_ns.60;242.00;in_as_to_ns.60;0;1995.73;1.24;0.00;95.51;car;;5;31.00
4616.00;23156030#6_0;109.07;9.58;4522.00;0.61;-45494495_0;5.10;0.00;tripinfo_in_os_to_od.22;94.00;in_os_to_od.22;0;865.51;0.91;0.00;8.00;car;;0;0.00
4619.00;230845886_0;633.12;9.05;3989.00;386.16;803785575#0_0;5.10;0.00;tripinfo_in_od_to_ba.65;630.00;in_od_to_ba.65;0;2382.14;0.90;0.00;390.13;car;;14;97.00
4619.00;972103805_0;116.86;10.16;4276.00;0.32;-45494495_0;5.10;0.00;tripinfo_in_os_to_ko.34;343.00;in_os_to_ko.34;0;2045.29;1.02;0.00;151.30;car;;8;41.00
4620.00;23527526_0;253.75;7.71;4377.00;5.95;-230845886_0;5.10;0.00;tripinfo_in_ba_to_gj.82;243.00;in_ba_to_gj.82;0;1755.68;0.75;0.00;29.26;car;;1;6.00
4621.00;23527526_0;253.75;9.31;4405.00;4.17;-230845886_0;5.10;0.00;tripinfo_in_ba_to_gj.84;216.00;in_ba_to_gj.84;0;1755.68;1.06;0.00;65.49;car;;1;3.00
4622.00;23156305_0;1264.14;8.59;2962.00;24.81;803785575#0_0;5.10;0.00;tripinfo_in_od_to_gg.40;1660.00;in_od_to_gg.40;0;3669.96;0.86;0.00;1272.27;car;;50;566.00
4623.00;23527526_0;253.75;11.26;4403.00;94.86;23687583_0;5.10;0.00;tripinfo_in_as_to_gj.82;220.00;in_as_to_gj.82;0;649.06;1.04;0.00;162.87;car;;4;91.00
4624.00;23156305_0;1264.14;9.03;3072.00;2.95;803785575#0_0;5.10;0.00;tripinfo_in_od_to_gg.43;1552.00;in_od_to_gg.43;0;3669.96;0.92;0.00;1192.58;car;;37;501.00
4624.00;972103805_0;116.86;8.74;4303.00;0.07;-45494495_0;5.10;0.00;tripinfo_in_os_to_ko.35;321.00;in_os_to_ko.35;0;2045.29;0.89;0.00;100.63;car;;4;21.00
4625.00;23527526_0;253.75;11.76;4430.00;6.75;-230845886_0;5.10;0.00;tripinfo_in_ba_to_gj.85;195.00;in_ba_to_gj.85;0;1755.68;1.10;0.00;49.76;car;;1;1.00
4625.00;972103805_0;116.86;10.89;4442.00;3.02;-23142338#2_0;5.10;0.00;tripinfo_in_ns_to_ko.210;183.00;in_ns_to_ko.210;0;1398.55;1.04;0.00;62.16;car;;3;16.00
4627.00;45494495_0;58.90;8.93;4219.00;348.31;803785575#0_0;5.10;0.00;tripinfo_in_od_to_os.99;408.00;in_od_to_os.99;0;969.96;0.87;0.00;307.60;car;;10;239.00
4628.00;972103805_0;116.86;13.77;4414.00;4.49;-230845886_0;5.10;0.00;tripinfo_in_ba_to_ko.144;214.00;in_ba_to_ko.144;0;2114.29;1.25;0.00;60.01;car;;2;11.00
4632.00;45494495_0;58.90;9.70;4152.00;396.11;803785575#0_0;5.10;0.00;tripinfo_in_od_to_os.97;480.00;in_od_to_os.97;0;969.96;0.88;0.00;380.76;car;;10;231.00
4634.00;23527526_0;253.75;9.13;4443.00;113.14;23687583_0;5.10;0.00;tripinfo_in_as_to_gj.83;191.00;in_as_to_gj.83;0;649.06;0.90;0.00;124.84;car;;4;72.00
4637.00;972103805_0;116.86;10.80;4450.00;0.83;-23142338#2_0;5.10;0.00;tripinfo_in_ns_to_ko.211;187.00;in_ns_to_ko.211;0;1398.55;1.05;0.00;66.71;car;;3;17.00
4639.00;23156305_0;1264.14;10.72;4400.00;92.32;23687583_0;5.10;0.00;tripinfo_in_as_to_gg.21;239.00;in_as_to_gg.21;0;1600.87;1.05;0.00;101.21;car;;3;45.00
4641.00;41899283#1_0;148.70;10.64;4490.00;13.02;-230845886_0;5.10;0.00;tripinfo_in_ba_to_as.85;151.00;in_ba_to_as.85;0;1430.78;0.98;0.00;18.28;car;;0;0.00
4642.00;23527526_0;253.75;9.25;4463.00;120.39;23687583_0;5.10;0.00;tripinfo_in_as_to_gj.84;179.00;in_as_to_gj.84;0;649.06;0.91;0.00;113.86;car;;4;67.00
4642.00;972103805_0;116.86;10.38;4453.00;2.95;-23142338#2_0;5.10;0.00;tripinfo_in_ns_to_ko.212;189.00;in_ns_to_ko.212;0;1398.55;0.93;0.00;53.47;car;;3;18.00
4643.00;41899283#1_0;148.70;11.44;3010.00;9.68;803785575#0_0;5.10;0.00;tripinfo_in_od_to_as.33;1633.00;in_od_to_as.33;0;2382.09;1.06;0.00;1430.63;car;;48;593.00
4643.00;28716808#1_0;754.74;8.74;3924.00;382.17;803785575#0_0;5.10;0.00;tripinfo_in_od_to_kl.42;719.00;in_od_to_kl.42;0;2678.40;0.86;0.00;438.72;car;;22;116.00
4644.00;972103805_0;116.86;11.21;4343.00;0.43;-45494495_0;5.10;0.00;tripinfo_in_os_to_ko.36;301.00;in_os_to_ko.36;0;2045.29;1.01;0.00;106.88;car;;7;26.00
4645.00;28716808#1_0;754.74;11.09;3004.00;15.42;803785575#0_0;5.10;0.00;tripinfo_in_od_to_kl.28;1641.00;in_od_to_kl.28;0;2678.40;1.07;0.00;1414.53;car;;49;600.00
4645.00;23527526_0;253.75;9.64;4469.00;114.33;23687583_0;5.10;0.00;tripinfo_in_as_to_gj.85;176.00;in_as_to_gj.85;0;649.06;0.96;0.00;113.90;car;;3;63.00
4647.00;23142338#2_0;290.21;11.44;4336.00;0.77;-230845886_0;5.10;0.00;tripinfo_in_ba_to_ns.33;311.00;in_ba_to_ns.33;0;2346.36;1.05;0.00;108.48;car;;3;59.00
4647.00;972103805_0;116.86;10.14;4459.00;1.32;-23142338#2_0;5.10;0.00;tripinfo_in_ns_to_ko.213;188.00;in_ns_to_ko.213;0;1398.55;0.93;0.00;52.43;car;;3;14.00
4650.00;972103805_0;116.86;9.45;4479.00;0.53;-23142338#2_0;5.10;0.00;tripinfo_in_ns_to_ko.214;171.00;in_ns_to_ko.214;0;1398.55;0.94;0.00;36.60;car;;2;12.00
4652.00;23156030#6_0;109.07;11.09;4411.00;7.72;-230845886_0;5.10;0.00;tripinfo_in_ba_to_od.7;241.00;in_ba_to_od.7;0;2315.50;1.11;0.00;53.29;car;;1;7.00
4652.00;972103805_0;116.86;10.42;4502.00;0.29;-23142338#2_0;5.10;0.00;tripinfo_in_ns_to_ko.215;150.00;in_ns_to_ko.215;0;1398.55;1.04;0.00;28.08;car;;1;2.00
4653.00;45494495_0;58.90;9.98;4481.00;13.28;-230845886_0;5.10;0.00;tripinfo_in_ba_to_os.70;172.00;in_ba_to_os.70;0;1647.96;0.96;0.00;16.09;car;;0;0.00
4657.00;972103805_0;116.86;10.48;4424.00;9.25;-230845886_0;5.10;0.00;tripinfo_in_ba_to_ko.145;233.00;in_ba_to_ko.145;0;2114.29;0.96;0.00;31.76;car;;1;2.00
4659.00;23142338#2_0;290.21;10.50;4385.00;98.87;23687583_0;5.10;0.00;tripinfo_in_as_to_ns.61;274.00;in_as_to_ns.61;0;1995.73;0.98;0.00;89.06;car;;5;32.00
4659.00;972103805_0;116.86;10.80;4434.00;8.31;-230845886_0;5.10;0.00;tripinfo_in_ba_to_ko.146;225.00;in_ba_to_ko.146;0;2114.29;1.07;0.00;44.33;car;;0;0.00
4661.00;45494495_0;58.90;8.89;4079.00;366.97;803785575#0_0;5.10;0.00;tripinfo_in_od_to_os.92;582.00;in_od_to_os.92;0;969.96;0.80;0.00;472.99;car;;14;277.00
4661.00;972103805_0;116.86;11.78;4450.00;0.80;-230845886_0;5.10;0.00;tripinfo_in_ba_to_ko.147;211.00;in_ba_to_ko.147;0;2114.29;1.16;0.00;45.13;car;;1;6.00
4661.00;23527526_0;253.75;10.02;4466.00;4.61;-230845886_0;5.10;0.00;tripinfo_in_ba_to_gj.86;195.00;in_ba_to_gj.86;0;1755.68;0.92;0.00;21.40;car;;0;0.00
4662.00;23527526_0;253.75;10.80;4472.00;5.89;-230845886_0;5.10;0.00;tripinfo_in_ba_to_gj.87;190.00;in_ba_to_gj.87;0;1755.68;1.04;0.00;36.59;car;;0;0.00
4668.00;45494495_0;58.90;8.98;4056.00;365.73;803785575#0_0;5.10;0.00;tripinfo_in_od_to_os.90;612.00;in_od_to_os.90;0;969.96;0.90;0.00;515.07;car;;11;295.00
4668.00;41899283#1_0;148.70;9.86;4505.00;18.80;-230845886_0;5.10;0.00;tripinfo_in_ba_to_as.86;163.00;in_ba_to_as.86;0;1430.78;0.92;0.00;22.64;car;;1;3.00
4670.00;41899283#1_0;148.70;11.47;3794.00;330.99;803785575#0_0;5.10;0.00;tripinfo_in_od_to_as.54;876.00;in_od_to_as.54;0;2382.09;1.12;0.00;684.03;car;;28;219.00
4670.00;45494495_0;58.90;12.09;4276.00;374.36;803785575#0_0;5.10;0.00;tripinfo_in_od_to_os.100;394.00;in_od_to_os.100;0;969.96;1.15;0.00;317.34;car;;9;229.00
4670.00;972103805_0;116.86;9.13;4511.00;3.02;-23142338#2_0;5.10;0.00;tripinfo_in_ns_to_ko.216;159.00;in_ns_to_ko.216;0;1398.55;0.87;0.00;13.98;car;;0;0.00
4672.00;45494495_0;58.90;11.40;4279.00;376.37;803785575#0_0;5.10;0.00;tripinfo_in_od_to_os.101;393.00;in_od_to_os.101;0;969.96;1.11;0.00;313.26;car;;10;228.00
4672.00;23156305_0;1264.14;9.35;4365.00;0.76;-230845886_0;5.10;0.00;tripinfo_in_ba_to_gg.34;307.00;in_ba_to_gg.34;0;2718.65;0.91;0.00;35.03;car;;0;0.00
4673.00;972103805_0;116.86;11.71;4453.00;0.83;-230845886_0;5.10;0.00;tripinfo_in_ba_to_ko.148;220.00;in_ba_to_ko.148;0;2114.29;1.16;0.00;53.43;car;;2;14.00
4675.00;230845886_0;633.12;11.14;4041.00;369.63;803785575#0_0;5.10;0.00;tripinfo_in_od_to_ba.67;634.00;in_od_to_ba.67;0;2382.14;1.04;0.00;426.79;car;;8;87.00
4676.00;972103805_0;116.86;12.92;4456.00;1.73;-230845886_0;5.10;0.00;tripinfo_in_ba_to_ko.149;220.00;in_ba_to_ko.149;0;2114.29;1.17;0.00;55.10;car;;2;11.00
4677.00;45494495_0;58.90;9.87;4493.00;13.02;-230845886_0;5.10;0.00;tripinfo_in_ba_to_os.71;184.00;in_ba_to_os.71;0;1647.96;0.90;0.00;18.67;car;;0;0.00
4679.00;23527526_0;253.75;9.37;4478.00;11.26;-230845886_0;5.10;0.00;tripinfo_in_ba_to_gj.88;201.00;in_ba_to_gj.88;0;1755.68;0.94;0.00;30.72;car;;1;8.00
4680.00;45494495_0;58.90;9.56;4508.00;6.06;-230845886_0;5.10;0.00;tripinfo_in_ba_to_os.72;172.00;in_ba_to_os.72;0;1647.96;0.96;0.00;16.78;car;;0;0.00
4681.00;23156305_0;1264.14;9.17;4368.00;1.65;-230845886_0;5.10;0.00;tripinfo_in_ba_to_gg.35;313.00;in_ba_to_gg.35;0;2718.65;0.93;0.00;47.34;car;;2;14.00
4682.00;23527526_0;253.75;9.95;4484.00;13.84;-230845886_0;5.10;0.00;tripinfo_in_ba_to_gj.89;198.00;in_ba_to_gj.89;0;1755.68;0.93;0.00;26.37;car;;1;6.00
4685.00;972103805_0;116.86;9.57;4518.00;1.95;-23142338#2_0;5.10;0.00;tripinfo_in_ns_to_ko.217;167.00;in_ns_to_ko.217;0;1398.55;0.88;0.00;24.02;car;;1;8.00
4687.00;23156305_0;1264.14;10.70;4399.00;0.96;-230845886_0;5.10;0.00;tripinfo_in_ba_to_gg.36;288.00;in_ba_to_gg.36;0;2718.65;1.01;0.00;43.39;car;;1;6.00
4688.00;230845886_0;633.12;12.43;3847.00;337.51;803785575#0_0;5.10;0.00;tripinfo_in_od_to_ba.60;841.00;in_od_to_ba.60;0;2382.14;1.14;0.00;652.27;car;;34;200.00
4689.00;972103805_0;116.86;8.63;4521.00;3.76;-23142338#2_0;5.10;0.00;tripinfo_in_ns_to_ko.218;168.00;in_ns_to_ko.218;0;1398.55;0.84;0.00;18.77;car;;1;1.00
4694.00;23156390_0;1121.44;6.44;4041.00;2.56;-45494495_0;5.10;0.00;tripinfo_in_os_to_br.11;653.00;in_os_to_br.11;0;2513.69;0.58;0.00;261.18;car;;7;109.00
4694.00;972103805_0;116.86;11.89;4469.00;6.65;-230845886_0;5.10;0.00;tripinfo_in_ba_to_ko.150;225.00;in_ba_to_ko.150;0;2114.29;1.07;0.00;45.18;car;;1;4.00
4696.00;23156390_0;1121.44;8.50;4340.00;0.96;-23142338#2_0;5.10;0.00;tripinfo_in_ns_to_br.7;356.00;in_ns_to_br.7;0;2792.05;1.09;0.00;124.17;car;;2;9.00
4704.00;23156305_0;1264.14;11.34;3648.00;262.56;803785575#0_0;5.10;0.00;tripinfo_in_od_to_gg.63;1056.00;in_od_to_gg.63;0;3669.96;1.04;0.00;735.65;car;;23;260.00
4705.00;41899283#1_0;148.70;9.12;3814.00;337.26;803785575#0_0;5.10;0.00;tripinfo_in_od_to_as.55;891.00;in_od_to_as.55;0;2382.09;0.86;0.00;639.49;car;;29;213.00
4705.00;45494495_0;58.90;9.62;4529.00;13.08;-230845886_0;5.10;0.00;tripinfo_in_ba_to_os.73;176.00;in_ba_to_os.73;0;1647.96;0.95;0.00;18.29;car;;0;0.00
4706.00;23156305_0;1264.14;12.67;4427.00;5.65;-230845886_0;5.10;0.00;tripinfo_in_ba_to_gg.38;279.00;in_ba_to_gg.38;0;2718.65;1.23;0.00;77.62;car;;1;1.00
4707.00;45494495_0;58.90;10.76;4306.00;379.75;803785575#0_0;5.10;0.00;tripinfo_in_od_to_os.103;401.00;in_od_to_os.103;0;969.96;1.01;0.00;313.67;car;;11;206.00
4707.00;230845886_0;633.12;12.25;4275.00;0.97;-23142338#2_0;5.10;0.00;tripinfo_in_ns_to_ba.12;432.00;in_ns_to_ba.12;0;2340.42;1.12;0.00;244.09;car;;11;113.00
4707.00;41899283#1_0;148.70;9.12;4514.00;4.36;-230845886_0;5.10;0.00;tripinfo_in_ba_to_as.87;193.00;in_ba_to_as.87;0;1430.78;0.90;0.00;49.01;car;;2;15.00
4709.00;41899283#1_0;148.70;10.46;3863.00;341.19;803785575#0_0;5.10;0.00;tripinfo_in_od_to_as.56;846.00;in_od_to_as.56;0;2382.09;0.97;0.00;622.92;car;;30;188.00
4710.00;41899283#1_0;148.70;10.25;4044.00;371.78;803785575#0_0;5.10;0.00;tripinfo_in_od_to_as.59;666.00;in_od_to_as.59;0;2382.09;0.99;0.00;447.91;car;;11;96.00
4712.00;41899283#1_0;148.70;11.36;4526.00;11.05;-230845886_0;5.10;0.00;tripinfo_in_ba_to_as.88;186.00;in_ba_to_as.88;0;1430.78;1.11;0.00;68.71;car;;2;11.00
4715.00;972103805_0;116.86;10.60;4475.00;8.35;-230845886_0;5.10;0.00;tripinfo_in_ba_to_ko.151;240.00;in_ba_to_ko.151;0;2114.29;0.99;0.00;45.63;car;;2;9.00
4716.00;23527526_0;253.75;9.07;4511.00;7.42;-230845886_0;5.10;0.00;tripinfo_in_ba_to_gj.90;205.00;in_ba_to_gj.90;0;1755.68;0.85;0.00;17.08;car;;0;0.00
4717.00;45494495_0;58.90;9.12;4538.00;10.89;-230845886_0;5.10;0.00;tripinfo_in_ba_to_os.74;179.00;in_ba_to_os.74;0;1647.96;0.91;0.00;15.04;car;;0;0.00
4718.00;23527526_0;253.75;12.31;4516.00;4.99;-230845886_0;5.10;0.00;tripinfo_in_ba_to_gj.91;202.00;in_ba_to_gj.91;0;1755.68;1.16;0.00;64.77;car;;1;11.00
4719.00;45494495_0;58.90;9.84;4419.00;104.58;23687583_0;5.10;0.00;tripinfo_in_as_to_os.58;300.00;in_as_to_os.58;0;1689.77;0.94;0.00;138.37;car;;3;79.00
4720.00;23527526_0;253.75;9.50;4604.00;194.17;23687583_0;5.10;0.00;tripinfo_in_as_to_gj.86;116.00;in_as_to_gj.86;0;649.06;0.92;0.00;51.57;car;;2;26.00
4720.00;41899283#1_0;148.70;10.75;4545.00;6.49;-230845886_0;5.10;0.00;tripinfo_in_ba_to_as.89;175.00;in_ba_to_as.89;0;1430.78;1.03;0.00;49.38;car;;1;4.00
4721.00;230845886_0;633.12;9.37;3982.00;386.24;803785575#0_0;5.10;0.00;tripinfo_in_od_to_ba.64;739.00;in_od_to_ba.64;0;2382.14;0.94;0.00;509.46;car;;17;130.00
4721.00;45494495_0;58.90;10.79;4426.00;109.84;23687583_0;5.10;0.00;tripinfo_in_as_to_os.59;295.00;in_as_to_os.59;0;1689.77;1.04;0.00;148.31;car;;4;79.00
4724.00;45494495_0;58.90;12.17;4430.00;109.43;23687583_0;5.10;0.00;tripinfo_in_as_to_os.60;294.00;in_as_to_os.60;0;1689.77;1.10;0.00;155.64;car;;5;78.00
4724.00;23156030#6_0;109.07;11.08;4643.00;4.19;-45494495_0;5.10;0.00;tripinfo_in_os_to_od.23;81.00;in_os_to_od.23;0;865.51;1.06;0.00;6.84;car;;0;0.00
4725.00;28716808#1_0;754.74;10.84;3780.00;335.36;803785575#0_0;5.10;0.00;tripinfo_in_od_to_kl.40;945.00;in_od_to_kl.40;0;2678.40;1.02;0.00;707.42;car;;28;254.00
4729.00;230845886_0;633.12;11.35;4331.00;0.05;-45494495_0;5.10;0.00;tripinfo_in_os_to_ba.31;398.00;in_os_to_ba.31;0;1746.52;1.06;0.00;249.63;car;;10;73.00
4733.00;45494495_0;58.90;10.59;4447.00;112.33;23687583_0;5.10;0.00;tripinfo_in_as_to_os.61;286.00;in_as_to_os.61;0;1689.77;1.03;0.00;137.81;car;;3;70.00
4733.00;23156305_0;1264.14;9.09;4421.00;6.50;-230845886_0;5.10;0.00;tripinfo_in_ba_to_gg.37;312.00;in_ba_to_gg.37;0;2718.65;0.89;0.00;33.98;car;;1;2.00
4734.00;230845886_0;633.12;10.23;4405.00;2.59;-45494495_0;5.10;0.00;tripinfo_in_os_to_ba.32;329.00;in_os_to_ba.32;0;1746.52;1.03;0.00;174.62;car;;5;40.00
4735.00;23156305_0;1264.14;11.93;4395.00;0.76;-23142338#2_0;5.10;0.00;tripinfo_in_ns_to_gg.27;340.00;in_ns_to_gg.27;0;3297.24;1.15;0.00;77.50;car;;0;0.00
4736.00;23156305_0;1264.14;11.83;3958.00;398.81;803785575#0_0;5.10;0.00;tripinfo_in_od_to_gg.70;778.00;in_od_to_gg.70;0;3669.96;1.08;0.00;470.01;car;;19;107.00
4738.00;23156305_0;1264.14;11.59;3764.00;327.36;803785575#0_0;5.10;0.00;tripinfo_in_od_to_gg.64;974.00;in_od_to_gg.64;0;3669.96;1.10;0.00;672.02;car;;32;233.00
4738.00;972103805_0;116.86;5.93;3781.00;334.63;803785575#0_0;5.10;0.00;tripinfo_in_od_to_ko.69;957.00;in_od_to_ko.69;0;2307.67;0.65;0.00;620.65;car;;17;297.00
4738.00;28716808#1_0;754.74;9.54;3804.00;329.34;803785575#0_0;5.10;0.00;tripinfo_in_od_to_kl.41;934.00;in_od_to_kl.41;0;2678.40;0.96;0.00;680.57;car;;28;217.00
4740.00;972103805_0;116.86;11.01;4158.00;393.42;803785575#0_0;5.10;0.00;tripinfo_in_od_to_ko.91;582.00;in_od_to_ko.91;0;2307.67;1.10;0.00;381.46;car;;4;181.00
4741.00;28706217_0;94.10;8.39;4388.00;98.51;23687583_0;5.10;0.00;tripinfo_in_as_to_sl.85;353.00;in_as_to_sl.85;0;1976.75;1.06;0.00;180.01;car;;6;115.00
4742.00;972103805_0;116.86;10.26;4116.00;383.47;803785575#0_0;5.10;0.00;tripinfo_in_od_to_ko.88;626.00;in_od_to_ko.88;0;2307.67;0.93;0.00;390.50;car;;8;204.00
4743.00;972103805_0;116.86;11.96;3758.00;322.04;803785575#0_0;5.10;0.00;tripinfo_in_od_to_ko.67;985.00;in_od_to_ko.67;0;2307.67;1.10;0.00;785.43;car;;24;312.00
4743.00;230845886_0;633.12;10.87;4100.00;382.38;803785575#0_0;5.10;0.00;tripinfo_in_od_to_ba.69;643.00;in_od_to_ba.69;0;2382.14;0.98;0.00;424.09;car;;13;78.00
4743.00;23156390_0;1121.44;10.74;4466.00;119.62;23687583_0;5.10;0.00;tripinfo_in_as_to_br.17;277.00;in_as_to_br.17;0;1694.48;0.99;0.00;122.05;car;;4;64.00
4745.00;972103805_0;116.86;11.57;3776.00;337.23;803785575#0_0;5.10;0.00;tripinfo_in_od_to_ko.68;969.00;in_od_to_ko.68;0;2307.67;1.11;0.00;770.46;car;;18;301.00
4745.00;45494495_0;58.90;13.28;4285.00;381.21;803785575#0_0;5.10;0.00;tripinfo_in_od_to_os.102;460.00;in_od_to_os.102;0;969.96;1.28;0.00;389.55;car;;14;247.00
4748.00;972103805_0;116.86;9.17;4578.00;0.26;-23142338#2_0;5.10;0.00;tripinfo_in_ns_to_ko.219;170.00;in_ns_to_ko.219;0;1398.55;0.93;0.00;33.97;car;;0;0.00
4749.00;23527526_0;253.75;11.77;3878.00;343.06;803785575#0_0;5.10;0.00;tripinfo_in_od_to_gj.14;871.00;in_od_to_gj.14;0;2706.99;1.11;0.00;650.96;car;;29;201.00
4749.00;23156390_0;1121.44;10.08;4502.00;16.54;-230845886_0;5.10;0.00;tripinfo_in_ba_to_br.5;247.00;in_ba_to_br.5;0;2198.00;0.96;0.00;38.22;car;;2;11.00
4750.00;972103805_0;116.86;8.19;3795.00;326.70;803785575#0_0;5.10;0.00;tripinfo_in_od_to_ko.70;955.00;in_od_to_ko.70;0;2307.67;0.83;0.00;692.41;car;;21;295.00
4750.00;23156390_0;1121.44;11.60;4473.00;0.93;-23142338#2_0;5.10;0.00;tripinfo_in_ns_to_br.8;277.00;in_ns_to_br.8;0;2792.05;1.16;0.00;59.20;car;;2;7.00
4752.00;972103805_0;116.86;10.16;4155.00;392.91;803785575#0_0;5.10;0.00;tripinfo_in_od_to_ko.90;597.00;in_od_to_ko.90;0;2307.67;0.94;0.00;363.17;car;;6;194.00
4753.00;41899283#1_0;148.70;9.64;4174.00;0.16;-45494495_0;5.10;0.00;tripinfo_in_os_to_as.28;579.00;in_os_to_as.28;0;1746.47;0.90;0.00;403.84;car;;16;106.00
4753.00;23156390_0;1121.44;11.94;4530.00;151.77;23687583_0;5.10;0.00;tripinfo_in_as_to_br.18;223.00;in_as_to_br.18;0;1694.48;1.16;0.00;89.76;car;;3;40.00
4753.00;45494495_0;58.90;9.75;4555.00;2.96;-230845886_0;5.10;0.00;tripinfo_in_ba_to_os.75;198.00;in_ba_to_os.75;0;1647.96;0.96;0.00;43.12;car;;1;6.00
4754.00;972103805_0;116.86;11.62;4520.00;6.17;-230845886_0;5.10;0.00;tripinfo_in_ba_to_ko.152;234.00;in_ba_to_ko.152;0;2114.29;1.07;0.00;52.78;car;;1;9.00
4756.00;972103805_0;116.86;11.05;4523.00;8.42;-230845886_0;5.10;0.00;tripinfo_in_ba_to_ko.153;233.00;in_ba_to_ko.153;0;2114.29;1.06;0.00;50.49;car;;1;8.00
4757.00;972103805_0;116.86;12.61;3815.00;337.19;803785575#0_0;5.10;0.00;tripinfo_in_od_to_ko.71;942.00;in_od_to_ko.71;0;2307.67;1.24;0.00;764.86;car;;18;324.00
4760.00;23156305_0;1264.14;11.22;4109.00;0.80;-45494495_0;5.10;0.00;tripinfo_in_os_to_gg.18;651.00;in_os_to_gg.18;0;3034.34;1.10;0.00;399.96;car;;14;126.00
4761.00;972103805_0;116.86;11.36;3825.00;335.32;803785575#0_0;5.10;0.00;tripinfo_in_od_to_ko.73;936.00;in_od_to_ko.73;0;2307.67;1.03;0.00;722.13;car;;22;333.00
4761.00;23142338#2_0;290.21;9.47;4460.00;0.88;-230845886_0;5.10;0.00;tripinfo_in_ba_to_ns.34;301.00;in_ba_to_ns.34;0;2346.36;0.88;0.00;58.89;car;;2;15.00
4763.00;45494495_0;58.90;11.50;4479.00;117.36;23687583_0;5.10;0.00;tripinfo_in_as_to_os.62;284.00;in_as_to_os.62;0;1689.77;1.14;0.00;150.22;car;;5;68.00
4764.00;972103805_0;116.86;10.71;3933.00;378.65;803785575#0_0;5.10;0.00;tripinfo_in_od_to_ko.79;831.00;in_od_to_ko.79;0;2307.67;1.06;0.00;623.78;car;;13;264.00
4765.00;41899283#1_0;148.70;10.95;4059.00;367.56;803785575#0_0;5.10;0.00;tripinfo_in_od_to_as.60;706.00;in_od_to_as.60;0;2382.09;1.02;0.00;495.49;car;;14;103.00
4767.00;23156030#6_0;109.07;11.60;4532.00;7.75;-230845886_0;5.10;0.00;tripinfo_in_ba_to_od.8;235.00;in_ba_to_od.8;0;2315.50;1.13;0.00;50.15;car;;0;0.00
4768.00;972103805_0;116.86;11.71;4535.00;7.96;-230845886_0;5.10;0.00;tripinfo_in_ba_to_ko.154;233.00;in_ba_to_ko.154;0;2114.29;1.11;0.00;60.37;car;;2;12.00
4774.00;41899283#1_0;148.70;9.58;4620.00;0.03;-230845886_0;5.10;0.00;tripinfo_in_ba_to_as.90;154.00;in_ba_to_as.90;0;1430.78;0.96;0.00;19.02;car;;0;0.00
4777.00;972103805_0;116.86;11.07;4086.00;369.59;803785575#0_0;5.10;0.00;tripinfo_in_od_to_ko.87;691.00;in_od_to_ko.87;0;2307.67;1.04;0.00;479.32;car;;13;236.00
4778.00;23527526_0;253.75;10.28;3961.00;382.14;803785575#0_0;5.10;0.00;tripinfo_in_od_to_gj.15;817.00;in_od_to_gj.15;0;2706.99;0.97;0.00;565.75;car;;25;146.00
4779.00;23142338#2_0;290.21;10.40;4459.00;116.58;23687583_0;5.10;0.00;tripinfo_in_as_to_ns.62;320.00;in_as_to_ns.62;0;1995.73;1.01;0.00;140.41;car;;4;80.00
4784.00;230845886_0;633.12;10.34;4610.00;195.13;23687583_0;5.10;0.00;tripinfo_in_as_to_ba.55;174.00;in_as_to_ba.55;0;1356.50;1.04;0.00;55.78;car;;2;22.00
4785.00;972103805_0;116.86;9.95;3822.00;343.43;803785575#0_0;5.10;0.00;tripinfo_in_od_to_ko.72;963.00;in_od_to_ko.72;0;2307.67;0.91;0.00;723.14;car;;26;327.00
4786.00;230845886_0;633.12;11.84;4430.00;0.97;-23142338#2_0;5.10;0.00;tripinfo_in_ns_to_ba.13;356.00;in_ns_to_ba.13;0;2340.42;1.14;0.00;171.43;car;;9;44.00
4787.00;23156390_0;1121.44;11.07;4598.00;202.35;23687583_0;5.10;0.00;tripinfo_in_as_to_br.19;189.00;in_as_to_br.19;0;1694.48;1.10;0.00;49.36;car;;3;12.00
4788.00;972103805_0;116.86;10.71;4612.00;1.34;-23142338#2_0;5.10;0.00;tripinfo_in_ns_to_ko.220;176.00;in_ns_to_ko.220;0;1398.55;0.98;0.00;46.82;car;;3;12.00
4790.00;45494495_0;58.90;9.67;4482.00;113.41;23687583_0;5.10;0.00;tripinfo_in_as_to_os.63;308.00;in_as_to_os.63;0;1689.77;0.95;0.00;147.76;car;;5;72.00
4791.00;23156390_0;1121.44;11.17;3846.00;340.56;803785575#0_0;5.10;0.00;tripinfo_in_od_to_br.46;945.00;in_od_to_br.46;0;3149.31;1.08;0.00;680.13;car;;39;227.00
4792.00;45494495_0;58.90;10.92;4502.00;133.36;23687583_0;5.10;0.00;tripinfo_in_as_to_os.64;290.00;in_as_to_os.64;0;1689.77;1.06;0.00;145.33;car;;4;65.00
4793.00;972103805_0;116.86;7.89;3826.00;331.82;803785575#0_0;5.10;0.00;tripinfo_in_od_to_ko.74;967.00;in_od_to_ko.74;0;2307.67;0.79;0.00;691.85;car;;20;307.00
4793.00;23156305_0;1264.14;9.36;4601.00;203.55;23687583_0;5.10;0.00;tripinfo_in_as_to_gg.22;192.00;in_as_to_gg.22;0;1600.87;0.93;0.00;35.93;car;;2;7.00
4794.00;45494495_0;58.90;10.97;4581.00;195.78;23687583_0;5.10;0.00;tripinfo_in_as_to_os.65;213.00;in_as_to_os.65;0;1689.77;1.08;0.00;70.69;car;;2;9.00
4795.00;972103805_0;116.86;10.49;3948.00;389.84;803785575#0_0;5.10;0.00;tripinfo_in_od_to_ko.80;847.00;in_od_to_ko.80;0;2307.67;1.05;0.00;637.23;car;;15;255.00
4795.00;45494495_0;58.90;12.93;4595.00;200.90;23687583_0;5.10;0.00;tripinfo_in_as_to_os.66;200.00;in_as_to_os.66;0;1689.77;1.22;0.00;74.95;car;;3;14.00
4796.00;23156305_0;1264.14;9.87;4499.00;16.42;-230845886_0;5.10;0.00;tripinfo_in_ba_to_gg.39;297.00;in_ba_to_gg.39;0;2718.65;0.95;0.00;37.73;car;;1;8.00
4797.00;972103805_0;116.86;8.47;3850.00;332.82;803785575#0_0;5.10;0.00;tripinfo_in_od_to_ko.75;947.00;in_od_to_ko.75;0;2307.67;0.85;0.00;690.66;car;;19;302.00
4798.00;23156305_0;1264.14;10.13;3765.00;328.30;803785575#0_0;5.10;0.00;tripinfo_in_od_to_gg.65;1033.00;in_od_to_gg.65;0;3669.96;1.00;0.00;699.01;car;;29;256.00
4799.00;972103805_0;116.86;9.56;4618.00;1.79;-23142338#2_0;5.10;0.00;tripinfo_in_ns_to_ko.221;181.00;in_ns_to_ko.221;0;1398.55;0.94;0.00;47.39;car;;1;10.00
4799.00;23156030#6_0;109.07;9.82;4707.00;1.34;-45494495_0;5.10;0.00;tripinfo_in_os_to_od.24;92.00;in_os_to_od.24;0;865.51;0.93;0.00;7.87;car;;0;0.00
4800.00;28706217_0;94.10;7.61;4249.00;356.88;803785575#0_0;5.10;0.00;tripinfo_in_od_to_sl.5;551.00;in_od_to_sl.5;0;747.33;0.96;0.00;475.22;car;;15;234.00
4802.00;28716808#1_0;754.74;8.78;4619.00;184.42;23687583_0;5.10;0.00;tripinfo_in_as_to_kl.21;183.00;in_as_to_kl.21;0;1207.92;0.88;0.00;58.86;car;;3;25.00
4803.00;23527526_0;253.75;10.35;4604.00;0.56;-230845886_0;5.10;0.00;tripinfo_in_ba_to_gj.92;199.00;in_ba_to_gj.92;0;1755.68;0.93;0.00;28.20;car;;1;8.00
4804.00;23527526_0;253.75;11.24;4077.00;368.88;803785575#0_0;5.10;0.00;tripinfo_in_od_to_gj.18;727.00;in_od_to_gj.18;0;2706.99;1.15;0.00;514.98;car;;15;97.00
4806.00;45494495_0;58.90;9.73;4626.00;0.07;-230845886_0;5.10;0.00;tripinfo_in_ba_to_os.76;180.00;in_ba_to_os.76;0;1647.96;0.93;0.00;20.38;car;;1;3.00
4808.00;972103805_0;116.86;10.93;4621.00;1.42;-23142338#2_0;5.10;0.00;tripinfo_in_ns_to_ko.222;187.00;in_ns_to_ko.222;0;1398.55;0.98;0.00;58.80;car;;2;18.00
4812.00;972103805_0;116.86;9.67;3860.00;340.13;803785575#0_0;5.10;0.00;tripinfo_in_od_to_ko.76;952.00;in_od_to_ko.76;0;2307.67;0.95;0.00;720.95;car;;16;318.00
4812.00;28716808#1_0;754.74;10.91;4418.00;0.13;-45494495_0;5.10;0.00;tripinfo_in_os_to_kl.13;394.00;in_os_to_kl.13;0;2042.78;1.06;0.00;218.56;car;;10;56.00
4813.00;23156305_0;1264.14;11.56;3801.00;329.07;803785575#0_0;5.10;0.00;tripinfo_in_od_to_gg.66;1012.00;in_od_to_gg.66;0;3669.96;1.07;0.00;702.94;car;;30;227.00
4813.00;23527526_0;253.75;8.92;4608.00;0.25;-230845886_0;5.10;0.00;tripinfo_in_ba_to_gj.93;205.00;in_ba_to_gj.93;0;1755.68;0.87;0.00;22.46;car;;1;3.00
4815.00;23527526_0;253.75;11.29;3988.00;391.78;803785575#0_0;5.10;0.00;tripinfo_in_od_to_gj.16;827.00;in_od_to_gj.16;0;2706.99;1.03;0.00;589.39;car;;19;154.00
4816.00;972103805_0;116.86;9.28;3867.00;337.08;803785575#0_0;5.10;0.00;tripinfo_in_od_to_ko.77;949.00;in_od_to_ko.77;0;2307.67;0.93;0.00;713.98;car;;19;310.00
4818.00;972103805_0;116.86;11.06;4632.00;0.64;-23142338#2_0;5.10;0.00;tripinfo_in_ns_to_ko.223;186.00;in_ns_to_ko.223;0;1398.55;1.03;0.00;63.10;car;;3;20.00
4819.00;23527526_0;253.75;11.46;3995.00;387.63;803785575#0_0;5.10;0.00;tripinfo_in_od_to_gj.17;824.00;in_od_to_gj.17;0;2706.99;1.06;0.00;594.14;car;;19;152.00
4819.00;28706217_0;94.10;7.49;4324.00;383.55;803785575#0_0;5.10;0.00;tripinfo_in_od_to_sl.6;495.00;in_od_to_sl.6;0;747.33;0.93;0.00;416.42;car;;9;179.00
4820.00;23156390_0;1121.44;9.64;4492.00;0.20;-23142338#2_0;5.10;0.00;tripinfo_in_ns_to_br.9;328.00;in_ns_to_br.9;0;2792.05;0.89;0.00;44.19;car;;2;10.00
4820.00;972103805_0;116.86;10.72;4635.00;2.56;-23142338#2_0;5.10;0.00;tripinfo_in_ns_to_ko.224;185.00;in_ns_to_ko.224;0;1398.55;1.03;0.00;61.46;car;;3;17.00
4821.00;972103805_0;116.86;11.86;3926.00;377.85;803785575#0_0;5.10;0.00;tripinfo_in_od_to_ko.78;895.00;in_od_to_ko.78;0;2307.67;1.07;0.00;690.48;car;;14;304.00
4821.00;28706217_0;94.10;8.47;4040.00;3.40;-23142338#2_0;5.10;0.00;tripinfo_in_ns_to_sl.9;781.00;in_ns_to_sl.9;0;1619.36;1.02;0.00;620.74;car;;5;566.00
4822.00;23156390_0;1121.44;10.38;3856.00;337.22;803785575#0_0;5.10;0.00;tripinfo_in_od_to_br.47;966.00;in_od_to_br.47;0;3149.31;1.01;0.00;684.65;car;;30;212.00
4823.00;23156030#6_0;109.07;10.19;4451.00;109.65;23687583_0;5.10;0.00;tripinfo_in_as_to_od.20;372.00;in_as_to_od.20;0;2357.31;0.93;0.00;142.73;car;;4;72.00
4823.00;230845886_0;633.12;12.24;4589.00;0.41;-23142338#2_0;5.10;0.00;tripinfo_in_ns_to_ba.17;234.00;in_ns_to_ba.17;0;2340.42;1.18;0.00;54.35;car;;2;10.00
4824.00;23156390_0;1121.44;11.76;3242.00;65.62;803785575#0_0;5.10;0.00;tripinfo_in_od_to_br.41;1582.00;in_od_to_br.41;0;3149.31;1.12;0.00;1326.85;car;;41;466.00
4824.00;972103805_0;116.86;10.83;3965.00;382.77;803785575#0_0;5.10;0.00;tripinfo_in_od_to_ko.81;859.00;in_od_to_ko.81;0;2307.67;1.00;0.00;638.51;car;;14;282.00
4825.00;28706217_0;94.10;8.36;4463.00;1.84;-230845886_0;5.10;0.00;tripinfo_in_ba_to_sl.53;362.00;in_ba_to_sl.53;0;1934.94;1.14;0.00;204.73;car;;2;154.00
4827.00;23142338#2_0;290.21;8.40;3996.00;382.94;803785575#0_0;5.10;0.00;tripinfo_in_od_to_ns.18;831.00;in_od_to_ns.18;0;1928.29;0.85;0.00;613.89;car;;11;289.00
4827.00;23527526_0;253.75;9.53;4692.00;184.67;23687583_0;5.10;0.00;tripinfo_in_as_to_gj.87;135.00;in_as_to_gj.87;0;649.06;0.97;0.00;73.68;car;;3;35.00
4827.00;45494495_0;58.90;9.02;4642.00;0.22;-230845886_0;5.10;0.00;tripinfo_in_ba_to_os.77;185.00;in_ba_to_os.77;0;1647.96;0.87;0.00;14.55;car;;0;0.00
4829.00;28706217_0;94.10;8.71;4487.00;13.97;-230845886_0;5.10;0.00;tripinfo_in_ba_to_sl.54;342.00;in_ba_to_sl.54;0;1934.94;1.11;0.00;178.87;car;;2;134.00
4831.00;23142338#2_0;290.21;10.43;4472.00;116.45;23687583_0;5.10;0.00;tripinfo_in_as_to_ns.63;359.00;in_as_to_ns.63;0;1995.73;0.98;0.00;172.46;car;;6;101.00
4834.00;41899283#1_0;148.70;11.30;4018.00;386.78;803785575#0_0;5.10;0.00;tripinfo_in_od_to_as.57;816.00;in_od_to_as.57;0;2382.09;1.05;0.00;610.85;car;;21;138.00
4834.00;972103805_0;116.86;8.08;4541.00;11.51;-230845886_0;5.10;0.00;tripinfo_in_ba_to_ko.155;293.00;in_ba_to_ko.155;0;2114.29;0.74;0.00;32.85;car;;1;1.00
4834.00;28706217_0;94.10;8.19;4656.00;3.96;-45494495_0;5.10;0.00;tripinfo_in_os_to_sl.23;178.00;in_os_to_sl.23;0;484.95;1.10;0.00;133.24;car;;2;112.00
4834.00;45494495_0;58.90;12.86;4681.00;6.12;-230845886_0;5.10;0.00;tripinfo_in_ba_to_os.78;153.00;in_ba_to_os.78;0;1647.96;1.25;0.00;33.61;car;;0;0.00
4836.00;972103805_0;116.86;9.19;4549.00;1.76;-230845886_0;5.10;0.00;tripinfo_in_ba_to_ko.156;287.00;in_ba_to_ko.156;0;2114.29;0.90;0.00;74.05;car;;2;16.00
4838.00;23527526_0;253.75;9.58;3400.00;183.82;803785575#0_0;5.10;0.00;tripinfo_in_od_to_gj.13;1438.00;in_od_to_gj.13;0;2706.99;0.98;0.00;1187.13;car;;33;347.00
4838.00;972103805_0;116.86;10.70;4552.00;3.34;-230845886_0;5.10;0.00;tripinfo_in_ba_to_ko.157;286.00;in_ba_to_ko.157;0;2114.29;1.06;0.00;103.94;car;;2;16.00
4838.00;41899283#1_0;148.70;10.77;4694.00;9.84;-230845886_0;5.10;0.00;tripinfo_in_ba_to_as.91;144.00;in_ba_to_as.91;0;1430.78;1.07;0.00;22.43;car;;0;0.00
4839.00;230845886_0;633.12;11.87;4167.00;384.91;803785575#0_0;5.10;0.00;tripinfo_in_od_to_ba.71;672.00;in_od_to_ba.71;0;2382.14;1.07;0.00;471.24;car;;12;207.00
4839.00;972103805_0;116.86;11.81;4584.00;0.60;-230845886_0;5.10;0.00;tripinfo_in_ba_to_ko.158;255.00;in_ba_to_ko.158;0;2114.29;1.13;0.00;85.24;car;;2;8.00
4841.00;230845886_0;633.12;12.22;4162.00;386.08;803785575#0_0;5.10;0.00;tripinfo_in_od_to_ba.70;679.00;in_od_to_ba.70;0;2382.14;1.13;0.00;487.93;car;;8;210.00
4841.00;28706217_0;94.10;6.63;4496.00;15.49;-230845886_0;5.10;0.00;tripinfo_in_ba_to_sl.55;345.00;in_ba_to_sl.55;0;1934.94;0.94;0.00;154.57;car;;2;110.00
4841.00;972103805_0;116.86;11.49;4640.00;0.95;-23142338#2_0;5.10;0.00;tripinfo_in_ns_to_ko.225;201.00;in_ns_to_ko.225;0;1398.55;1.10;0.00;86.03;car;;5;36.00
4841.00;23527526_0;253.75;11.04;4655.00;0.57;-230845886_0;5.10;0.00;tripinfo_in_ba_to_gj.94;186.00;in_ba_to_gj.94;0;1755.68;1.00;0.00;26.60;car;;1;6.00
4842.00;23156305_0;1264.14;10.84;3864.00;340.10;803785575#0_0;5.10;0.00;tripinfo_in_od_to_gg.69;978.00;in_od_to_gg.69;0;3669.96;1.00;0.00;644.34;car;;31;200.00
4843.00;972103805_0;116.86;10.80;4643.00;1.13;-23142338#2_0;5.10;0.00;tripinfo_in_ns_to_ko.226;200.00;in_ns_to_ko.226;0;1398.55;1.02;0.00;76.16;car;;5;30.00
4844.00;23156305_0;1264.14;11.19;3810.00;335.01;803785575#0_0;5.10;0.00;tripinfo_in_od_to_gg.67;1034.00;in_od_to_gg.67;0;3669.96;1.03;0.00;712.19;car;;27;226.00
4846.00;972103805_0;116.86;10.45;4647.00;1.03;-23142338#2_0;5.10;0.00;tripinfo_in_ns_to_ko.227;199.00;in_ns_to_ko.227;0;1398.55;0.95;0.00;65.96;car;;3;20.00
4847.00;28706217_0;94.10;8.19;4730.00;4.67;-45494495_0;5.10;0.00;tripinfo_in_os_to_sl.24;117.00;in_os_to_sl.24;0;484.95;1.01;0.00;68.07;car;;1;43.00
4848.00;230845886_0;633.12;11.82;3666.00;249.26;803785575#0_0;5.10;0.00;tripinfo_in_od_to_ba.56;1182.00;in_od_to_ba.56;0;2382.14;1.10;0.00;985.97;car;;35;376.00
4848.00;972103805_0;116.86;12.23;4636.00;0.66;-230845886_0;5.10;0.00;tripinfo_in_ba_to_ko.159;212.00;in_ba_to_ko.159;0;2114.29;1.20;0.00;51.82;car;;3;13.00
4851.00;41899283#1_0;148.70;11.20;4023.00;377.68;803785575#0_0;5.10;0.00;tripinfo_in_od_to_as.58;828.00;in_od_to_as.58;0;2382.09;1.11;0.00;633.30;car;;21;132.00
4851.00;23156305_0;1264.14;10.69;4508.00;0.86;-23142338#2_0;5.10;0.00;tripinfo_in_ns_to_gg.28;343.00;in_ns_to_gg.28;0;3297.24;1.05;0.00;55.96;car;;1;6.00
4851.00;23142338#2_0;290.21;9.82;4558.00;4.64;-230845886_0;5.10;0.00;tripinfo_in_ba_to_ns.35;293.00;in_ba_to_ns.35;0;2346.36;0.96;0.00;70.73;car;;2;22.00
4853.00;28716808#1_0;754.74;8.48;4011.00;380.74;803785575#0_0;5.10;0.00;tripinfo_in_od_to_kl.44;842.00;in_od_to_kl.44;0;2678.40;0.82;0.00;546.97;car;;18;137.00
4853.00;28706217_0;94.10;7.52;4476.00;118.04;23687583_0;5.10;0.00;tripinfo_in_as_to_sl.86;377.00;in_as_to_sl.86;0;1976.75;0.98;0.00;189.59;car;;5;108.00
4854.00;23156390_0;1121.44;10.68;4353.00;0.06;-45494495_0;5.10;0.00;tripinfo_in_os_to_br.13;501.00;in_os_to_br.13;0;2513.69;1.05;0.00;283.25;car;;12;93.00
4855.00;28716808#1_0;754.74;10.40;4010.00;380.64;803785575#0_0;5.10;0.00;tripinfo_in_od_to_kl.43;845.00;in_od_to_kl.43;0;2678.40;0.97;0.00;595.57;car;;17;135.00
4855.00;45494495_0;58.90;10.49;4684.00;5.05;-230845886_0;5.10;0.00;tripinfo_in_ba_to_os.79;171.00;in_ba_to_os.79;0;1647.96;0.95;0.00;14.57;car;;0;0.00
4856.00;23156030#6_0;109.07;11.63;4592.00;200.96;23687583_0;5.10;0.00;tripinfo_in_as_to_od.21;264.00;in_as_to_od.21;0;2357.31;1.08;0.00;66.33;car;;3;17.00
4856.00;28706217_0;94.10;7.71;4581.00;0.45;-230845886_0;5.10;0.00;tripinfo_in_ba_to_sl.56;275.00;in_ba_to_sl.56;0;1934.94;0.98;0.00;92.14;car;;3;40.00
4857.00;972103805_0;116.86;11.47;4650.00;1.60;-23142338#2_0;5.10;0.00;tripinfo_in_ns_to_ko.228;207.00;in_ns_to_ko.228;0;1398.55;1.05;0.00;86.77;car;;4;33.00
4858.00;23527526_0;253.75;10.01;4743.00;199.51;23687583_0;5.10;0.00;tripinfo_in_as_to_gj.88;115.00;in_as_to_gj.88;0;649.06;0.99;0.00;55.06;car;;3;11.00
4861.00;230845886_0;633.12;10.08;4570.00;0.59;-23142338#2_0;5.10;0.00;tripinfo_in_ns_to_ba.16;291.00;in_ns_to_ba.16;0;2340.42;0.96;0.00;72.05;car;;5;39.00
4861.00;972103805_0;116.86;9.92;4653.00;4.36;-23142338#2_0;5.10;0.00;tripinfo_in_ns_to_ko.229;208.00;in_ns_to_ko.229;0;1398.55;0.99;0.00;80.82;car;;5;35.00
4862.00;23142338#2_0;290.21;8.63;4561.00;0.92;-230845886_0;5.10;0.00;tripinfo_in_ba_to_ns.36;301.00;in_ba_to_ns.36;0;2346.36;0.86;0.00;54.04;car;;2;14.00
4865.00;230845886_0;633.12;10.26;4495.00;2.71;-23142338#2_0;5.10;0.00;tripinfo_in_ns_to_ba.14;370.00;in_ns_to_ba.14;0;2340.42;0.99;0.00;158.06;car;;9;41.00
4866.00;23142338#2_0;290.21;10.77;4573.00;0.74;-230845886_0;5.10;0.00;tripinfo_in_ba_to_ns.37;293.00;in_ba_to_ns.37;0;2346.36;1.05;0.00;91.77;car;;3;21.00
4866.00;972103805_0;116.86;10.22;4662.00;8.13;-23142338#2_0;5.10;0.00;tripinfo_in_ns_to_ko.230;204.00;in_ns_to_ko.230;0;1398.55;0.95;0.00;70.73;car;;4;30.00
4868.00;28706217_0;94.10;5.75;4587.00;2.85;-230845886_0;5.10;0.00;tripinfo_in_ba_to_sl.57;281.00;in_ba_to_sl.57;0;1934.94;0.81;0.00;59.14;car;;2;13.00
4870.00;28706217_0;94.10;7.90;4613.00;1.37;-230845886_0;5.10;0.00;tripinfo_in_ba_to_sl.58;257.00;in_ba_to_sl.58;0;1934.94;1.08;0.00;91.41;car;;2;13.00
4870.00;41899283#1_0;148.70;11.24;4627.00;1.75;-23142338#2_0;5.10;0.00;tripinfo_in_ns_to_as.38;243.00;in_ns_to_as.38;0;2009.37;1.03;0.00;65.73;car;;2;17.00
4872.00;28716808#1_0;754.74;9.73;4019.00;374.93;803785575#0_0;5.10;0.00;tripinfo_in_od_to_kl.45;853.00;in_od_to_kl.45;0;2678.40;0.92;0.00;590.95;car;;21;134.00
4873.00;28706217_0;94.10;6.85;4772.00;3.65;-45494495_0;5.10;0.00;tripinfo_in_os_to_sl.25;101.00;in_os_to_sl.25;0;484.95;0.90;0.00;46.18;car;;1;6.00
4874.00;230845886_0;633.12;12.04;4553.00;0.96;-23142338#2_0;5.10;0.00;tripinfo_in_ns_to_ba.15;321.00;in_ns_to_ba.15;0;2340.42;1.12;0.00;132.86;car;;8;31.00
4876.00;41899283#1_0;148.70;9.91;4065.00;369.29;803785575#0_0;5.10;0.00;tripinfo_in_od_to_as.61;811.00;in_od_to_as.61;0;2382.09;0.98;0.00;590.97;car;;18;121.00
4877.00;972103805_0;116.86;11.87;4665.00;6.04;-23142338#2_0;5.10;0.00;tripinfo_in_ns_to_ko.231;212.00;in_ns_to_ko.231;0;1398.55;1.10;0.00;96.96;car;;5;33.00
4880.00;23527526_0;253.75;10.09;4691.00;7.22;-230845886_0;5.10;0.00;tripinfo_in_ba_to_gj.95;189.00;in_ba_to_gj.95;0;1755.68;0.91;0.00;14.53;car;;0;0.00
4882.00;23156390_0;1121.44;11.41;4232.00;0.59;-45494495_0;5.10;0.00;tripinfo_in_os_to_br.12;650.00;in_os_to_br.12;0;2513.69;1.13;0.00;447.37;car;;14;97.00
4885.00;28706217_0;94.10;7.54;4804.00;7.37;-45494495_0;5.10;0.00;tripinfo_in_os_to_sl.26;81.00;in_os_to_sl.26;0;484.95;0.95;0.00;28.62;car;;0;0.00
4886.00;972103805_0;116.86;8.08;4669.00;0.06;-23142338#2_0;5.10;0.00;tripinfo_in_ns_to_ko.232;217.00;in_ns_to_ko.232;0;1398.55;0.77;0.00;52.62;car;;3;20.00
4886.00;23156030#6_0;109.07;10.84;4801.00;5.18;-45494495_0;5.10;0.00;tripinfo_in_os_to_od.25;85.00;in_os_to_od.25;0;865.51;1.00;0.00;6.66;car;;0;0.00
4887.00;28706217_0;94.10;7.11;4064.00;5.30;-23142338#2_0;5.10;0.00;tripinfo_in_ns_to_sl.10;823.00;in_ns_to_sl.10;0;1619.36;0.98;0.00;655.60;car;;7;601.00
4888.00;972103805_0;116.86;10.73;4675.00;0.65;-23142338#2_0;5.10;0.00;tripinfo_in_ns_to_ko.233;213.00;in_ns_to_ko.233;0;1398.55;1.04;0.00;91.16;car;;3;20.00
4889.00;972103805_0;116.86;10.48;4684.00;0.42;-23142338#2_0;5.10;0.00;tripinfo_in_ns_to_ko.234;205.00;in_ns_to_ko.234;0;1398.55;0.97;0.00;75.04;car;;3;17.00
4890.00;41899283#1_0;148.70;9.95;4319.00;0.76;-45494495_0;5.10;0.00;tripinfo_in_os_to_as.29;571.00;in_os_to_as.29;0;1746.47;0.96;0.00;407.16;car;;15;100.00
4890.00;23527526_0;253.75;9.77;4761.00;209.24;23687583_0;5.10;0.00;tripinfo_in_as_to_gj.89;129.00;in_as_to_gj.89;0;649.06;0.97;0.00;67.94;car;;2;27.00
4891.00;972103805_0;116.86;10.42;4003.00;376.57;803785575#0_0;5.10;0.00;tripinfo_in_od_to_ko.83;888.00;in_od_to_ko.83;0;2307.67;0.97;0.00;661.33;car;;15;285.00
4892.00;41899283#1_0;148.70;11.71;4409.00;0.61;-45494495_0;5.10;0.00;tripinfo_in_os_to_as.30;483.00;in_os_to_as.30;0;1746.47;1.10;0.00;338.61;car;;13;68.00
4894.00;972103805_0;116.86;10.18;4026.00;374.89;803785575#0_0;5.10;0.00;tripinfo_in_od_to_ko.84;868.00;in_od_to_ko.84;0;2307.67;0.95;0.00;636.64;car;;17;285.00
4894.00;28716808#1_0;754.74;9.60;4035.00;382.07;803785575#0_0;5.10;0.00;tripinfo_in_od_to_kl.46;859.00;in_od_to_kl.46;0;2678.40;0.95;0.00;604.26;car;;23;142.00
4894.00;23142338#2_0;290.21;11.52;4222.00;348.78;803785575#0_0;5.10;0.00;tripinfo_in_od_to_ns.19;672.00;in_od_to_ns.19;0;1928.29;1.08;0.00;499.63;car;;12;229.00
4896.00;23156305_0;1264.14;9.17;3843.00;339.16;803785575#0_0;5.10;0.00;tripinfo_in_od_to_gg.68;1053.00;in_od_to_gg.68;0;3669.96;0.91;0.00;687.22;car;;28;167.00
4896.00;28716808#1_0;754.74;12.31;4047.00;366.24;803785575#0_0;5.10;0.00;tripinfo_in_od_to_kl.47;849.00;in_od_to_kl.47;0;2678.40;1.13;0.00;634.44;car;;22;131.00
4896.00;972103805_0;116.86;9.06;4658.00;0.27;-230845886_0;5.10;0.00;tripinfo_in_ba_to_ko.160;238.00;in_ba_to_ko.160;0;2114.29;0.90;0.00;23.33;car;;0;0.00
4898.00;41899283#1_0;148.70;11.43;4146.00;394.95;803785575#0_0;5.10;0.00;tripinfo_in_od_to_as.63;752.00;in_od_to_as.63;0;2382.09;1.05;0.00;546.36;car;;14;229.00
4898.00;972103805_0;116.86;11.70;4669.00;5.85;-230845886_0;5.10;0.00;tripinfo_in_ba_to_ko.161;229.00;in_ba_to_ko.161;0;2114.29;1.15;0.00;61.10;car;;0;0.00
4898.00;23156390_0;1121.44;11.09;4678.00;8.10;-230845886_0;5.10;0.00;tripinfo_in_ba_to_br.6;220.00;in_ba_to_br.6;0;2198.00;1.10;0.00;38.56;car;;1;8.00
4900.00;972103805_0;116.86;12.02;4688.00;8.42;-230845886_0;5.10;0.00;tripinfo_in_ba_to_ko.162;212.00;in_ba_to_ko.162;0;2114.29;1.09;0.00;35.67;car;;1;3.00
4904.00;972103805_0;116.86;11.11;4038.00;382.51;803785575#0_0;5.10;0.00;tripinfo_in_od_to_ko.85;866.00;in_od_to_ko.85;0;2307.67;1.05;0.00;657.22;car;;18;286.00
4904.00;41899283#1_0;148.70;10.50;4459.00;0.45;-45494495_0;5.10;0.00;tripinfo_in_os_to_as.31;445.00;in_os_to_as.31;0;1746.47;0.96;0.00;280.67;car;;8;54.00
4906.00;23156305_0;1264.14;10.35;3974.00;385.18;803785575#0_0;5.10;0.00;tripinfo_in_od_to_gg.71;932.00;in_od_to_gg.71;0;3669.96;0.94;0.00;577.35;car;;22;146.00
4907.00;28716808#1_0;754.74;10.33;4698.00;179.80;23687583_0;5.10;0.00;tripinfo_in_as_to_kl.22;209.00;in_as_to_kl.22;0;1207.92;0.94;0.00;92.29;car;;4;41.00
4909.00;972103805_0;116.86;9.85;4690.00;4.60;-23142338#2_0;5.10;0.00;tripinfo_in_ns_to_ko.235;219.00;in_ns_to_ko.235;0;1398.55;0.97;0.00;88.92;car;;6;31.00
4911.00;972103805_0;116.86;10.41;4697.00;0.53;-23142338#2_0;5.10;0.00;tripinfo_in_ns_to_ko.236;214.00;in_ns_to_ko.236;0;1398.55;1.02;0.00;89.68;car;;5;27.00
4913.00;41899283#1_0;148.70;9.05;4164.00;387.78;803785575#0_0;5.10;0.00;tripinfo_in_od_to_as.64;749.00;in_od_to_as.64;0;2382.09;0.83;0.00;489.80;car;;12;213.00
4913.00;972103805_0;116.86;11.05;4712.00;0.15;-23142338#2_0;5.10;0.00;tripinfo_in_ns_to_ko.237;201.00;in_ns_to_ko.237;0;1398.55;1.08;0.00;83.64;car;;4;17.00
4916.00;23142338#2_0;290.21;9.49;4632.00;183.86;23687583_0;5.10;0.00;tripinfo_in_as_to_ns.64;284.00;in_as_to_ns.64;0;1995.73;0.92;0.00;86.06;car;;3;37.00
4916.00;972103805_0;116.86;10.52;4721.00;0.70;-23142338#2_0;5.10;0.00;tripinfo_in_ns_to_ko.238;195.00;in_ns_to_ko.238;0;1398.55;0.96;0.00;63.74;car;;3;11.00
4918.00;23142338#2_0;290.21;9.97;4231.00;351.21;803785575#0_0;5.10;0.00;tripinfo_in_od_to_ns.20;687.00;in_od_to_ns.20;0;1928.29;1.01;0.00;502.85;car;;15;234.00
4919.00;972103805_0;116.86;10.60;4733.00;0.89;-23142338#2_0;5.10;0.00;tripinfo_in_ns_to_ko.239;186.00;in_ns_to_ko.239;0;1398.55;0.99;0.00;58.27;car;;3;9.00
4920.00;23142338#2_0;290.21;11.90;4672.00;7.64;-230845886_0;5.10;0.00;tripinfo_in_ba_to_ns.38;248.00;in_ba_to_ns.38;0;2346.36;1.09;0.00;52.33;car;;1;8.00
4922.00;23156305_0;1264.14;10.60;4187.00;0.04;-45494495_0;5.10;0.00;tripinfo_in_os_to_gg.19;735.00;in_os_to_gg.19;0;3034.34;0.96;0.00;447.53;car;;14;119.00
4924.00;23156305_0;1264.14;10.99;4137.00;398.52;803785575#0_0;5.10;0.00;tripinfo_in_od_to_gg.78;787.00;in_od_to_gg.78;0;3669.96;1.05;0.00;470.26;car;;11;204.00
4925.00;23156305_0;1264.14;11.76;3397.00;182.36;803785575#0_0;5.10;0.00;tripinfo_in_od_to_gg.54;1528.00;in_od_to_gg.54;0;3669.96;1.10;0.00;1226.23;car;;41;352.00
4926.00;972103805_0;116.86;6.97;4194.00;378.25;803785575#0_0;5.10;0.00;tripinfo_in_od_to_ko.93;732.00;in_od_to_ko.93;0;2307.67;0.73;0.00;433.81;car;;13;219.00
4928.00;23142338#2_0;290.21;10.22;4638.00;184.16;23687583_0;5.10;0.00;tripinfo_in_as_to_ns.65;290.00;in_as_to_ns.65;0;1995.73;1.03;0.00;113.97;car;;4;56.00
4928.00;972103805_0;116.86;10.66;4739.00;1.63;-23142338#2_0;5.10;0.00;tripinfo_in_ns_to_ko.240;189.00;in_ns_to_ko.240;0;1398.55;1.07;0.00;70.68;car;;2;10.00
4930.00;23156305_0;1264.14;10.52;3999.00;384.08;803785575#0_0;5.10;0.00;tripinfo_in_od_to_gg.73;931.00;in_od_to_gg.73;0;3669.96;1.01;0.00;602.54;car;;22;148.00
4930.00;972103805_0;116.86;11.68;4742.00;1.99;-23142338#2_0;5.10;0.00;tripinfo_in_ns_to_ko.241;188.00;in_ns_to_ko.241;0;1398.55;1.06;0.00;68.13;car;;2;6.00
4932.00;23156305_0;1264.14;11.80;4663.00;0.96;-230845886_0;5.10;0.00;tripinfo_in_ba_to_gg.40;269.00;in_ba_to_gg.40;0;2718.65;1.16;0.00;56.52;car;;0;0.00
4934.00;23156305_0;1264.14;11.62;4666.00;3.61;-230845886_0;5.10;0.00;tripinfo_in_ba_to_gg.41;268.00;in_ba_to_gg.41;0;2718.65;1.11;0.00;45.38;car;;0;0.00
4934.00;41899283#1_0;148.70;10.29;4763.00;0.67;-230845886_0;5.10;0.00;tripinfo_in_ba_to_as.92;171.00;in_ba_to_as.92;0;1430.78;0.96;0.00;34.76;car;;1;3.00
4935.00;23142338#2_0;290.21;10.51;4675.00;8.19;-230845886_0;5.10;0.00;tripinfo_in_ba_to_ns.39;260.00;in_ba_to_ns.39;0;2346.36;0.96;0.00;39.16;car;;1;8.00
4936.00;23156305_0;1264.14;12.10;4615.00;2.37;-23142338#2_0;5.10;0.00;tripinfo_in_ns_to_gg.29;321.00;in_ns_to_gg.29;0;3297.24;1.20;0.00;69.80;car;;1;4.00
4936.00;41899283#1_0;148.70;11.47;4770.00;0.48;-230845886_0;5.10;0.00;tripinfo_in_ba_to_as.93;166.00;in_ba_to_as.93;0;1430.78;1.05;0.00;41.56;car;;1;4.00
4938.00;45494495_0;58.90;10.60;4421.00;373.79;803785575#0_0;5.10;0.00;tripinfo_in_od_to_os.106;517.00;in_od_to_os.106;0;969.96;1.04;0.00;431.90;car;;19;284.00
4938.00;972103805_0;116.86;10.72;4752.00;0.19;-23142338#2_0;5.10;0.00;tripinfo_in_ns_to_ko.242;186.00;in_ns_to_ko.242;0;1398.55;1.05;0.00;64.71;car;;2;12.00
4943.00;972103805_0;116.86;10.42;4068.00;368.72;803785575#0_0;5.10;0.00;tripinfo_in_od_to_ko.86;875.00;in_od_to_ko.86;0;2307.67;0.95;0.00;643.69;car;;18;279.00
4945.00;972103805_0;116.86;10.88;4142.00;397.47;803785575#0_0;5.10;0.00;tripinfo_in_od_to_ko.89;803.00;in_od_to_ko.89;0;2307.67;0.99;0.00;582.13;car;;15;235.00
4945.00;23527526_0;253.75;10.85;4818.00;235.10;23687583_0;5.10;0.00;tripinfo_in_as_to_gj.90;127.00;in_as_to_gj.90;0;649.06;1.03;0.00;69.71;car;;3;30.00
4946.00;45494495_0;58.90;9.79;4448.00;373.94;803785575#0_0;5.10;0.00;tripinfo_in_od_to_os.107;498.00;in_od_to_os.107;0;969.96;0.95;0.00;405.01;car;;18;222.00
4948.00;972103805_0;116.86;10.85;4185.00;382.36;803785575#0_0;5.10;0.00;tripinfo_in_od_to_ko.92;763.00;in_od_to_ko.92;0;2307.67;0.98;0.00;538.74;car;;16;234.00
4949.00;23142338#2_0;290.21;12.54;4288.00;382.67;803785575#0_0;5.10;0.00;tripinfo_in_od_to_ns.21;661.00;in_od_to_ns.21;0;1928.29;1.20;0.00;506.32;car;;15;218.00
4950.00;45494495_0;58.90;9.44;4665.00;168.93;23687583_0;5.10;0.00;tripinfo_in_as_to_os.68;285.00;in_as_to_os.68;0;1689.77;0.89;0.00;114.11;car;;5;57.00
4950.00;972103805_0;116.86;9.79;4764.00;2.15;-23142338#2_0;5.10;0.00;tripinfo_in_ns_to_ko.243;186.00;in_ns_to_ko.243;0;1398.55;0.99;0.00;59.13;car;;3;11.00
4952.00;972103805_0;116.86;10.72;4209.00;347.85;803785575#0_0;5.10;0.00;tripinfo_in_od_to_ko.94;743.00;in_od_to_ko.94;0;2307.67;1.04;0.00;532.25;car;;18;247.00
4952.00;23527526_0;253.75;11.08;4447.00;0.96;-45494495_0;5.10;0.00;tripinfo_in_os_to_gj.9;505.00;in_os_to_gj.9;0;2071.37;1.07;0.00;329.16;car;;12;77.00
4953.00;23156390_0;1121.44;10.97;4083.00;367.28;803785575#0_0;5.10;0.00;tripinfo_in_od_to_br.49;870.00;in_od_to_br.49;0;3149.31;1.04;0.00;595.11;car;;15;103.00
4953.00;41899283#1_0;148.70;11.20;4736.00;0.05;-23142338#2_0;5.10;0.00;tripinfo_in_ns_to_as.39;217.00;in_ns_to_as.39;0;2009.37;1.05;0.00;41.52;car;;2;12.00
4957.00;45494495_0;58.90;6.40;4700.00;5.38;-230845886_0;5.10;0.00;tripinfo_in_ba_to_os.80;257.00;in_ba_to_os.80;0;1647.96;0.66;0.00;31.20;car;;1;3.00
4959.00;45494495_0;58.90;10.09;4641.00;182.36;23687583_0;5.10;0.00;tripinfo_in_as_to_os.67;318.00;in_as_to_os.67;0;1689.77;0.96;0.00;159.17;car;;5;54.00
4961.00;45494495_0;58.90;10.86;4668.00;170.00;23687583_0;5.10;0.00;tripinfo_in_as_to_os.69;293.00;in_as_to_os.69;0;1689.77;0.98;0.00;137.04;car;;5;54.00
4963.00;45494495_0;58.90;11.05;4688.00;185.64;23687583_0;5.10;0.00;tripinfo_in_as_to_os.70;275.00;in_as_to_os.70;0;1689.77;1.02;0.00;124.40;car;;4;41.00
4964.00;45494495_0;58.90;11.66;4782.00;0.84;-230845886_0;5.10;0.00;tripinfo_in_ba_to_os.81;182.00;in_ba_to_os.81;0;1647.96;1.13;0.00;49.80;car;;1;3.00
4966.00;45494495_0;58.90;11.36;4544.00;388.19;803785575#0_0;5.10;0.00;tripinfo_in_od_to_os.108;422.00;in_od_to_os.108;0;969.96;1.06;0.00;339.58;car;;14;151.00
4966.00;230845886_0;633.12;10.67;4786.00;232.67;23687583_0;5.10;0.00;tripinfo_in_as_to_ba.56;180.00;in_as_to_ba.56;0;1356.50;0.97;0.00;52.97;car;;1;18.00
4967.00;972103805_0;116.86;11.29;4216.00;347.62;803785575#0_0;5.10;0.00;tripinfo_in_od_to_ko.95;751.00;in_od_to_ko.95;0;2307.67;1.07;0.00;545.75;car;;22;250.00
4970.00;23527526_0;253.75;9.53;4506.00;0.15;-45494495_0;5.10;0.00;tripinfo_in_os_to_gj.11;464.00;in_os_to_gj.11;0;2071.37;0.88;0.00;249.63;car;;9;52.00
4971.00;41899283#1_0;148.70;9.82;4809.00;9.17;-230845886_0;5.10;0.00;tripinfo_in_ba_to_as.94;162.00;in_ba_to_as.94;0;1430.78;0.97;0.00;28.72;car;;1;3.00
4971.00;972103805_0;116.86;10.72;4803.00;0.97;-23142338#2_0;5.10;0.00;tripinfo_in_ns_to_ko.244;168.00;in_ns_to_ko.244;0;1398.55;1.00;0.00;42.21;car;;2;10.00
4972.00;23527526_0;253.75;11.96;4773.00;3.12;-230845886_0;5.10;0.00;tripinfo_in_ba_to_gj.96;199.00;in_ba_to_gj.96;0;1755.68;1.16;0.00;61.21;car;;2;9.00
4973.00;972103805_0;116.86;11.36;4806.00;3.62;-23142338#2_0;5.10;0.00;tripinfo_in_ns_to_ko.245;167.00;in_ns_to_ko.245;0;1398.55;1.05;0.00;46.73;car;;2;8.00
4976.00;45494495_0;58.90;10.19;4746.00;199.14;23687583_0;5.10;0.00;tripinfo_in_as_to_os.71;230.00;in_as_to_os.71;0;1689.77;0.93;0.00;65.67;car;;2;10.00
4978.00;230845886_0;633.12;11.85;4800.00;236.48;23687583_0;5.10;0.00;tripinfo_in_as_to_ba.57;178.00;in_as_to_ba.57;0;1356.50;1.11;0.00;67.75;car;;2;24.00
4979.00;972103805_0;116.86;10.90;4715.00;0.23;-230845886_0;5.10;0.00;tripinfo_in_ba_to_ko.163;264.00;in_ba_to_ko.163;0;2114.29;1.06;0.00;82.62;car;;3;12.00
4980.00;45494495_0;58.90;9.51;4361.00;377.92;803785575#0_0;5.10;0.00;tripinfo_in_od_to_os.104;619.00;in_od_to_os.104;0;969.96;0.88;0.00;518.91;car;;16;257.00
4981.00;23156390_0;1121.44;10.05;4414.00;0.01;-45494495_0;5.10;0.00;tripinfo_in_os_to_br.14;567.00;in_os_to_br.14;0;2513.69;0.97;0.00;330.93;car;;10;69.00
4982.00;45494495_0;58.90;11.06;4562.00;388.65;803785575#0_0;5.10;0.00;tripinfo_in_od_to_os.109;420.00;in_od_to_os.109;0;969.96;1.06;0.00;337.01;car;;17;146.00
4983.00;45494495_0;58.90;11.73;4786.00;0.74;-230845886_0;5.10;0.00;tripinfo_in_ba_to_os.82;197.00;in_ba_to_os.82;0;1647.96;1.11;0.00;63.37;car;;3;8.00
4984.00;41899283#1_0;148.70;10.55;4818.00;14.48;-230845886_0;5.10;0.00;tripinfo_in_ba_to_as.95;166.00;in_ba_to_as.95;0;1430.78;1.04;0.00;41.07;car;;1;10.00
4987.00;972103805_0;116.86;11.13;4564.00;2.12;-45494495_0;5.10;0.00;tripinfo_in_os_to_ko.37;423.00;in_os_to_ko.37;0;2045.29;1.09;0.00;242.36;car;;10;155.00
4988.00;45494495_0;58.90;9.48;4565.00;381.96;803785575#0_0;5.10;0.00;tripinfo_in_od_to_os.110;423.00;in_od_to_os.110;0;969.96;0.93;0.00;328.80;car;;15;146.00
4989.00;23142338#2_0;290.21;9.99;4697.00;11.53;-230845886_0;5.10;0.00;tripinfo_in_ba_to_ns.40;292.00;in_ba_to_ns.40;0;2346.36;0.91;0.00;57.83;car;;3;25.00
4989.00;41899283#1_0;148.70;9.59;4826.00;15.59;-230845886_0;5.10;0.00;tripinfo_in_ba_to_as.96;163.00;in_ba_to_as.96;0;1430.78;0.97;0.00;29.16;car;;2;9.00
4990.00;972103805_0;116.86;11.72;4243.00;356.10;803785575#0_0;5.10;0.00;tripinfo_in_od_to_ko.96;747.00;in_od_to_ko.96;0;2307.67;1.13;0.00;552.76;car;;20;255.00
4990.00;45494495_0;58.90;12.50;4797.00;0.60;-230845886_0;5.10;0.00;tripinfo_in_ba_to_os.83;193.00;in_ba_to_os.83;0;1647.96;1.13;0.00;61.18;car;;2;5.00
4992.00;23142338#2_0;290.21;9.45;4318.00;381.57;803785575#0_0;5.10;0.00;tripinfo_in_od_to_ns.22;674.00;in_od_to_ns.22;0;1928.29;0.93;0.00;473.59;car;;15;210.00
4992.00;45494495_0;58.90;12.15;4753.00;202.52;23687583_0;5.10;0.00;tripinfo_in_as_to_os.72;239.00;in_as_to_os.72;0;1689.77;1.21;0.00;112.08;car;;4;20.00
4992.00;972103805_0;116.86;11.50;4823.00;4.92;-23142338#2_0;5.10;0.00;tripinfo_in_ns_to_ko.246;169.00;in_ns_to_ko.246;0;1398.55;1.05;0.00;48.55;car;;3;16.00
4993.00;23142338#2_0;290.21;11.87;4731.00;193.99;23687583_0;5.10;0.00;tripinfo_in_as_to_ns.66;262.00;in_as_to_ns.66;0;1995.73;1.16;0.00;105.99;car;;6;36.00
4994.00;23527526_0;253.75;11.88;4823.00;18.10;-230845886_0;5.10;0.00;tripinfo_in_ba_to_gj.97;171.00;in_ba_to_gj.97;0;1755.68;1.09;0.00;25.91;car;;0;0.00
4994.00;41899283#1_0;148.70;9.88;4832.00;11.64;-230845886_0;5.10;0.00;tripinfo_in_ba_to_as.97;162.00;in_ba_to_as.97;0;1430.78;0.90;0.00;18.40;car;;0;0.00
4997.00;45494495_0;58.90;10.26;4580.00;385.39;803785575#0_0;5.10;0.00;tripinfo_in_od_to_os.111;417.00;in_od_to_os.111;0;969.96;0.93;0.00;322.01;car;;12;141.00
4999.00;23156030#6_0;109.07;11.49;4707.00;7.33;-230845886_0;5.10;0.00;tripinfo_in_ba_to_od.9;292.00;in_ba_to_od.9;0;2315.50;1.13;0.00;107.11;car;;1;5.00
4999.00;972103805_0;116.86;10.60;4730.00;0.70;-230845886_0;5.10;0.00;tripinfo_in_ba_to_ko.164;269.00;in_ba_to_ko.164;0;2114.29;1.06;0.00;87.53;car;;4;28.00
4999.00;45494495_0;58.90;9.96;4815.00;12.07;-230845886_0;5.10;0.00;tripinfo_in_ba_to_os.84;184.00;in_ba_to_os.84;0;1647.96;0.98;0.00;31.86;car;;2;4.00
5000.00;45494495_0;58.90;12.00;4766.00;212.98;23687583_0;5.10;0.00;tripinfo_in_as_to_os.73;234.00;in_as_to_os.73;0;1689.77;1.12;0.00;97.79;car;;5;32.00
5001.00;41899283#1_0;148.70;9.50;4111.00;379.21;803785575#0_0;5.10;0.00;tripinfo_in_od_to_as.62;890.00;in_od_to_as.62;0;2382.09;0.90;0.00;650.34;car;;24;307.00
5003.00;41899283#1_0;148.70;9.74;3653.00;247.56;803785575#0_0;5.10;0.00;tripinfo_in_od_to_as.51;1350.00;in_od_to_as.51;0;2382.09;0.96;0.00;1124.74;car;;35;416.00
5003.00;23156390_0;1121.44;11.70;4705.00;0.51;-23142338#2_0;5.10;0.00;tripinfo_in_ns_to_br.10;298.00;in_ns_to_br.10;0;2792.05;1.09;0.00;64.41;car;;3;12.00
5003.00;972103805_0;116.86;10.74;4737.00;0.21;-230845886_0;5.10;0.00;tripinfo_in_ba_to_ko.165;266.00;in_ba_to_ko.165;0;2114.29;1.01;0.00;75.05;car;;3;19.00
5004.00;41899283#1_0;148.70;9.22;4176.00;380.37;803785575#0_0;5.10;0.00;tripinfo_in_od_to_as.65;828.00;in_od_to_as.65;0;2382.09;0.94;0.00;598.51;car;;15;238.00
5004.00;45494495_0;58.90;8.92;4376.00;378.53;803785575#0_0;5.10;0.00;tripinfo_in_od_to_os.105;628.00;in_od_to_os.105;0;969.96;0.89;0.00;529.36;car;;22;263.00
5005.00;972103805_0;116.86;12.07;4756.00;0.31;-230845886_0;5.10;0.00;tripinfo_in_ba_to_ko.166;249.00;in_ba_to_ko.166;0;2114.29;1.14;0.00;78.95;car;;4;14.00
5006.00;41899283#1_0;148.70;10.21;4851.00;0.69;-230845886_0;5.10;0.00;tripinfo_in_ba_to_as.98;155.00;in_ba_to_as.98;0;1430.78;0.98;0.00;22.81;car;;0;0.00
5008.00;972103805_0;116.86;10.91;4252.00;359.25;803785575#0_0;5.10;0.00;tripinfo_in_od_to_ko.97;756.00;in_od_to_ko.97;0;2307.67;1.05;0.00;546.55;car;;19;258.00
5008.00;41899283#1_0;148.70;11.35;4767.00;1.13;-23142338#2_0;5.10;0.00;tripinfo_in_ns_to_as.40;241.00;in_ns_to_as.40;0;2009.37;1.09;0.00;72.64;car;;4;24.00
5010.00;972103805_0;116.86;11.51;4264.00;365.46;803785575#0_0;5.10;0.00;tripinfo_in_od_to_ko.98;746.00;in_od_to_ko.98;0;2307.67;1.07;0.00;539.94;car;;18;253.00
5013.00;23527526_0;253.75;10.05;4859.00;252.48;23687583_0;5.10;0.00;tripinfo_in_as_to_gj.91;154.00;in_as_to_gj.91;0;649.06;0.95;0.00;91.82;car;;6;41.00
5013.00;972103805_0;116.86;11.15;4827.00;8.20;-23142338#2_0;5.10;0.00;tripinfo_in_ns_to_ko.247;186.00;in_ns_to_ko.247;0;1398.55;1.06;0.00;67.22;car;;3;25.00
5015.00;23527526_0;253.75;9.75;4863.00;254.12;23687583_0;5.10;0.00;tripinfo_in_as_to_gj.92;152.00;in_as_to_gj.92;0;649.06;0.96;0.00;90.24;car;;5;39.00
5016.00;23156305_0;1264.14;9.22;4015.00;384.35;803785575#0_0;5.10;0.00;tripinfo_in_od_to_gg.74;1001.00;in_od_to_gg.74;0;3669.96;0.86;0.00;613.49;car;;17;125.00
5018.00;23156305_0;1264.14;10.70;4624.00;0.62;-23142338#2_0;5.10;0.00;tripinfo_in_ns_to_gg.30;394.00;in_ns_to_gg.30;0;3297.24;0.97;0.00;83.77;car;;2;18.00
5019.00;45494495_0;58.90;10.25;4697.00;426.77;803785575#0_0;5.10;0.00;tripinfo_in_od_to_os.115;322.00;in_od_to_os.115;0;969.96;1.02;0.00;236.29;car;;9;80.00
5020.00;23156305_0;1264.14;10.02;4082.00;368.72;803785575#0_0;5.10;0.00;tripinfo_in_od_to_gg.75;938.00;in_od_to_gg.75;0;3669.96;1.01;0.00;608.82;car;;20;121.00
5020.00;972103805_0;116.86;10.49;4766.00;2.76;-230845886_0;5.10;0.00;tripinfo_in_ba_to_ko.167;254.00;in_ba_to_ko.167;0;2114.29;0.98;0.00;58.32;car;;2;13.00
5024.00;972103805_0;116.86;11.71;4800.00;1.52;-230845886_0;5.10;0.00;tripinfo_in_ba_to_ko.168;224.00;in_ba_to_ko.168;0;2114.29;1.07;0.00;43.55;car;;2;8.00
5025.00;972103805_0;116.86;11.93;4803.00;4.41;-230845886_0;5.10;0.00;tripinfo_in_ba_to_ko.169;222.00;in_ba_to_ko.169;0;2114.29;1.12;0.00;51.10;car;;3;11.00
5029.00;972103805_0;116.86;9.51;4267.00;367.93;803785575#0_0;5.10;0.00;tripinfo_in_od_to_ko.99;762.00;in_od_to_ko.99;0;2307.67;0.96;0.00;534.88;car;;18;244.00
5029.00;23156305_0;1264.14;9.21;4346.00;1.45;-45494495_0;5.10;0.00;tripinfo_in_os_to_gg.20;683.00;in_os_to_gg.20;0;3034.34;0.91;0.00;380.46;car;;14;99.00
5030.00;41899283#1_0;148.70;10.24;4549.00;1.40;-45494495_0;5.10;0.00;tripinfo_in_os_to_as.32;481.00;in_os_to_as.32;0;1746.47;0.94;0.00;313.63;car;;9;53.00
5031.00;23156305_0;1264.14;10.42;4105.00;379.14;803785575#0_0;5.10;0.00;tripinfo_in_od_to_gg.76;926.00;in_od_to_gg.76;0;3669.96;1.04;0.00;605.76;car;;11;229.00
5031.00;23527526_0;253.75;8.81;4200.00;346.31;803785575#0_0;5.10;0.00;tripinfo_in_od_to_gj.19;831.00;in_od_to_gj.19;0;2706.99;0.85;0.00;543.14;car;;16;316.00
5032.00;23156390_0;1121.44;9.73;4197.00;374.78;803785575#0_0;5.10;0.00;tripinfo_in_od_to_br.51;835.00;in_od_to_br.51;0;3149.31;0.92;0.00;525.00;car;;12;295.00
5032.00;972103805_0;116.86;11.59;4282.00;378.69;803785575#0_0;5.10;0.00;tripinfo_in_od_to_ko.100;750.00;in_od_to_ko.100;0;2307.67;1.09;0.00;547.77;car;;18;241.00
5033.00;23527526_0;253.75;10.61;4829.00;15.89;-230845886_0;5.10;0.00;tripinfo_in_ba_to_gj.98;204.00;in_ba_to_gj.98;0;1755.68;1.03;0.00;48.39;car;;2;7.00
5034.00;41899283#1_0;148.70;10.41;4191.00;378.14;803785575#0_0;5.10;0.00;tripinfo_in_od_to_as.66;843.00;in_od_to_as.66;0;2382.09;1.01;0.00;630.12;car;;11;289.00
5034.00;23156390_0;1121.44;11.18;4561.00;0.69;-45494495_0;5.10;0.00;tripinfo_in_os_to_br.15;473.00;in_os_to_br.15;0;2513.69;1.01;0.00;247.16;car;;7;46.00
5035.00;23156305_0;1264.14;9.85;4108.00;380.46;803785575#0_0;5.10;0.00;tripinfo_in_od_to_gg.77;927.00;in_od_to_gg.77;0;3669.96;0.93;0.00;569.41;car;;14;231.00
5036.00;23156390_0;1121.44;11.14;4589.00;0.08;-45494495_0;5.10;0.00;tripinfo_in_os_to_br.16;447.00;in_os_to_br.16;0;2513.69;1.09;0.00;237.92;car;;11;46.00
5037.00;28716808#1_0;754.74;11.66;4173.00;381.87;803785575#0_0;5.10;0.00;tripinfo_in_od_to_kl.49;864.00;in_od_to_kl.49;0;2678.40;1.07;0.00;638.23;car;;16;247.00
5037.00;972103805_0;116.86;10.34;4300.00;377.27;803785575#0_0;5.10;0.00;tripinfo_in_od_to_ko.101;737.00;in_od_to_ko.101;0;2307.67;0.96;0.00;509.41;car;;16;227.00
5037.00;23156030#6_0;109.07;9.96;4952.00;0.35;-45494495_0;5.10;0.00;tripinfo_in_os_to_od.26;85.00;in_os_to_od.26;0;865.51;1.01;0.00;7.34;car;;0;0.00
5040.00;972103805_0;116.86;9.70;4851.00;0.31;-23142338#2_0;5.10;0.00;tripinfo_in_ns_to_ko.248;189.00;in_ns_to_ko.248;0;1398.55;0.97;0.00;58.68;car;;3;17.00
5041.00;972103805_0;116.86;11.00;4869.00;6.87;-23142338#2_0;5.10;0.00;tripinfo_in_ns_to_ko.249;172.00;in_ns_to_ko.249;0;1398.55;1.09;0.00;56.78;car;;2;11.00
5042.00;28716808#1_0;754.74;11.33;4228.00;352.78;803785575#0_0;5.10;0.00;tripinfo_in_od_to_kl.51;814.00;in_od_to_kl.51;0;2678.40;1.04;0.00;581.77;car;;24;292.00
5044.00;23156305_0;1264.14;10.15;4719.00;0.00;-230845886_0;5.10;0.00;tripinfo_in_ba_to_gg.42;325.00;in_ba_to_gg.42;0;2718.65;0.97;0.00;68.36;car;;2;11.00
5045.00;45494495_0;58.90;8.58;4806.00;237.86;23687583_0;5.10;0.00;tripinfo_in_as_to_os.74;239.00;in_as_to_os.74;0;1689.77;0.85;0.00;60.27;car;;2;22.00
5045.00;972103805_0;116.86;10.72;4812.00;10.90;-230845886_0;5.10;0.00;tripinfo_in_ba_to_ko.170;233.00;in_ba_to_ko.170;0;2114.29;0.97;0.00;34.73;car;;1;1.00
5050.00;23156305_0;1264.14;9.90;4656.00;7.15;-23142338#2_0;5.10;0.00;tripinfo_in_ns_to_gg.31;394.00;in_ns_to_gg.31;0;3297.24;0.96;0.00;80.15;car;;3;21.00
5051.00;28706217_0;94.10;7.25;4897.00;0.84;-45494495_0;5.10;0.00;tripinfo_in_os_to_sl.27;154.00;in_os_to_sl.27;0;484.95;0.87;0.00;97.53;car;;2;81.00
5052.00;41899283#1_0;148.70;9.44;4879.00;0.46;-230845886_0;5.10;0.00;tripinfo_in_ba_to_as.99;173.00;in_ba_to_as.99;0;1430.78;0.87;0.00;24.49;car;;1;6.00
5053.00;230845886_0;633.12;10.36;4074.00;366.45;803785575#0_0;5.10;0.00;tripinfo_in_od_to_ba.68;979.00;in_od_to_ba.68;0;2382.14;0.93;0.00;747.82;car;;19;319.00
5053.00;28706217_0;94.10;7.57;4390.00;0.32;-23142338#2_0;5.10;0.00;tripinfo_in_ns_to_sl.11;663.00;in_ns_to_sl.11;0;1619.36;0.98;0.00;496.10;car;;5;452.00
5053.00;972103805_0;116.86;10.18;4875.00;11.65;-23142338#2_0;5.10;0.00;tripinfo_in_ns_to_ko.250;178.00;in_ns_to_ko.250;0;1398.55;1.03;0.00;55.07;car;;3;18.00
5054.00;230845886_0;633.12;11.13;4258.00;360.41;803785575#0_0;5.10;0.00;tripinfo_in_od_to_ba.73;796.00;in_od_to_ba.73;0;2382.14;1.07;0.00;594.33;car;;18;280.00
5054.00;41899283#1_0;148.70;10.08;4891.00;0.17;-230845886_0;5.10;0.00;tripinfo_in_ba_to_as.101;163.00;in_ba_to_as.101;0;1430.78;0.92;0.00;22.10;car;;1;2.00
5056.00;23527526_0;253.75;9.57;4486.00;0.29;-45494495_0;5.10;0.00;tripinfo_in_os_to_gj.10;570.00;in_os_to_gj.10;0;2071.37;0.88;0.00;357.66;car;;9;78.00
5056.00;230845886_0;633.12;10.81;4688.00;1.48;-45494495_0;5.10;0.00;tripinfo_in_os_to_ba.33;368.00;in_os_to_ba.33;0;1746.52;1.07;0.00;221.04;car;;6;26.00
5056.00;41899283#1_0;148.70;10.16;4886.00;3.15;-230845886_0;5.10;0.00;tripinfo_in_ba_to_as.100;170.00;in_ba_to_as.100;0;1430.78;0.97;0.00;36.37;car;;1;5.00
5057.00;972103805_0;116.86;10.03;4583.00;0.25;-45494495_0;5.10;0.00;tripinfo_in_os_to_ko.38;474.00;in_os_to_ko.38;0;2045.29;0.93;0.00;262.30;car;;7;201.00
5058.00;230845886_0;633.12;11.51;4291.00;383.97;803785575#0_0;5.10;0.00;tripinfo_in_od_to_ba.74;767.00;in_od_to_ba.74;0;2382.14;1.08;0.00;567.55;car;;20;242.00
5058.00;23142338#2_0;290.21;8.96;4790.00;231.83;23687583_0;5.10;0.00;tripinfo_in_as_to_ns.67;268.00;in_as_to_ns.67;0;1995.73;0.90;0.00;65.54;car;;2;22.00
5059.00;28706217_0;94.10;6.29;4647.00;178.45;23687583_0;5.10;0.00;tripinfo_in_as_to_sl.87;412.00;in_as_to_sl.87;0;1976.75;0.84;0.00;192.19;car;;6;129.00
5059.00;23156305_0;1264.14;9.25;4734.00;1.74;-230845886_0;5.10;0.00;tripinfo_in_ba_to_gg.43;325.00;in_ba_to_gg.43;0;2718.65;0.94;0.00;62.45;car;;2;16.00
5059.00;972103805_0;116.86;10.70;4878.00;3.28;-23142338#2_0;5.10;0.00;tripinfo_in_ns_to_ko.251;181.00;in_ns_to_ko.251;0;1398.55;0.97;0.00;50.90;car;;3;19.00
5059.00;41899283#1_0;148.70;10.24;4894.00;2.43;-230845886_0;5.10;0.00;tripinfo_in_ba_to_as.102;165.00;in_ba_to_as.102;0;1430.78;0.93;0.00;25.90;car;;1;2.00
5061.00;23156305_0;1264.14;11.50;3645.00;259.86;803785575#0_0;5.10;0.00;tripinfo_in_od_to_gg.62;1416.00;in_od_to_gg.62;0;3669.96;1.07;0.00;1102.62;car;;31;399.00
5061.00;28716808#1_0;754.74;8.90;4182.00;381.05;803785575#0_0;5.10;0.00;tripinfo_in_od_to_kl.50;879.00;in_od_to_kl.50;0;2678.40;0.86;0.00;596.91;car;;15;242.00
5062.00;972103805_0;116.86;10.02;4881.00;3.90;-23142338#2_0;5.10;0.00;tripinfo_in_ns_to_ko.252;181.00;in_ns_to_ko.252;0;1398.55;0.93;0.00;45.69;car;;3;12.00
5063.00;230845886_0;633.12;10.30;4327.00;379.63;803785575#0_0;5.10;0.00;tripinfo_in_od_to_ba.75;736.00;in_od_to_ba.75;0;2382.14;0.99;0.00;519.34;car;;15;249.00
5063.00;28706217_0;94.10;7.73;4659.00;178.95;23687583_0;5.10;0.00;tripinfo_in_as_to_sl.88;404.00;in_as_to_sl.88;0;1976.75;1.06;0.00;231.55;car;;7;112.00
5064.00;972103805_0;116.86;9.74;4835.00;13.34;-230845886_0;5.10;0.00;tripinfo_in_ba_to_ko.171;229.00;in_ba_to_ko.171;0;2114.29;0.98;0.00;33.66;car;;0;0.00
5065.00;230845886_0;633.12;10.27;4237.00;351.30;803785575#0_0;5.10;0.00;tripinfo_in_od_to_ba.72;828.00;in_od_to_ba.72;0;2382.14;1.00;0.00;613.84;car;;21;302.00
5066.00;41899283#1_0;148.70;11.09;4270.00;369.31;803785575#0_0;5.10;0.00;tripinfo_in_od_to_as.68;796.00;in_od_to_as.68;0;2382.09;1.07;0.00;594.03;car;;18;275.00
5066.00;972103805_0;116.86;10.97;4845.00;0.01;-230845886_0;5.10;0.00;tripinfo_in_ba_to_ko.172;221.00;in_ba_to_ko.172;0;2114.29;1.07;0.00;40.68;car;;0;0.00
5067.00;28706217_0;94.10;8.31;4703.00;7.75;-230845886_0;5.10;0.00;tripinfo_in_ba_to_sl.59;364.00;in_ba_to_sl.59;0;1934.94;1.06;0.00;194.17;car;;3;69.00
5067.00;23142338#2_0;290.21;8.94;4722.00;1.39;-230845886_0;5.10;0.00;tripinfo_in_ba_to_ns.41;345.00;in_ba_to_ns.41;0;2346.36;0.89;0.00;106.38;car;;4;34.00
5069.00;23142338#2_0;290.21;11.56;4740.00;2.34;-230845886_0;5.10;0.00;tripinfo_in_ba_to_ns.42;329.00;in_ba_to_ns.42;0;2346.36;1.15;0.00;144.36;car;;4;30.00
5070.00;41899283#1_0;148.70;10.02;4234.00;350.40;803785575#0_0;5.10;0.00;tripinfo_in_od_to_as.67;836.00;in_od_to_as.67;0;2382.09;1.01;0.00;622.00;car;;16;287.00
5070.00;23156305_0;1264.14;9.21;4743.00;1.47;-230845886_0;5.10;0.00;tripinfo_in_ba_to_gg.44;327.00;in_ba_to_gg.44;0;2718.65;0.92;0.00;57.12;car;;2;6.00
5071.00;23142338#2_0;290.21;10.92;4806.00;6.88;-230845886_0;5.10;0.00;tripinfo_in_ba_to_ns.43;265.00;in_ba_to_ns.43;0;2346.36;1.06;0.00;63.80;car;;3;12.00
5072.00;23156390_0;1121.44;10.06;4170.00;384.97;803785575#0_0;5.10;0.00;tripinfo_in_od_to_br.50;902.00;in_od_to_br.50;0;3149.31;0.99;0.00;612.54;car;;18;265.00
5072.00;23156305_0;1264.14;11.63;4179.00;379.62;803785575#0_0;5.10;0.00;tripinfo_in_od_to_gg.79;893.00;in_od_to_gg.79;0;3669.96;1.10;0.00;589.30;car;;12;230.00
5073.00;28706217_0;94.10;7.95;4705.00;174.25;23687583_0;5.10;0.00;tripinfo_in_as_to_sl.89;368.00;in_as_to_sl.89;0;1976.75;0.96;0.00;176.67;car;;7;99.00
5074.00;23527526_0;253.75;9.31;4203.00;346.46;803785575#0_0;5.10;0.00;tripinfo_in_od_to_gj.20;871.00;in_od_to_gj.20;0;2706.99;0.85;0.00;583.89;car;;15;286.00
5074.00;972103805_0;116.86;11.97;4898.00;3.17;-23142338#2_0;5.10;0.00;tripinfo_in_ns_to_ko.253;176.00;in_ns_to_ko.253;0;1398.55;1.09;0.00;59.66;car;;2;11.00
5077.00;23142338#2_0;290.21;9.15;4803.00;236.69;23687583_0;5.10;0.00;tripinfo_in_as_to_ns.68;274.00;in_as_to_ns.68;0;1995.73;0.90;0.00;72.76;car;;3;25.00
5079.00;23142338#2_0;290.21;11.67;4809.00;231.47;23687583_0;5.10;0.00;tripinfo_in_as_to_ns.69;270.00;in_as_to_ns.69;0;1995.73;1.14;0.00;109.47;car;;3;20.00
5079.00;972103805_0;116.86;8.61;4902.00;0.70;-23142338#2_0;5.10;0.00;tripinfo_in_ns_to_ko.254;177.00;in_ns_to_ko.254;0;1398.55;0.88;0.00;33.62;car;;2;7.00
5080.00;45494495_0;58.90;10.65;4908.00;0.18;-230845886_0;5.10;0.00;tripinfo_in_ba_to_os.85;172.00;in_ba_to_os.85;0;1647.96;1.02;0.00;25.46;car;;0;0.00
5081.00;972103805_0;116.86;9.69;4685.00;0.29;-45494495_0;5.10;0.00;tripinfo_in_os_to_ko.39;396.00;in_os_to_ko.39;0;2045.29;0.88;0.00;173.89;car;;4;117.00
5085.00;23156305_0;1264.14;10.68;4838.00;234.90;23687583_0;5.10;0.00;tripinfo_in_as_to_gg.23;247.00;in_as_to_gg.23;0;1600.87;1.00;0.00;102.83;car;;5;48.00
5085.00;972103805_0;116.86;8.75;4795.00;3.40;-45494495_0;5.10;0.00;tripinfo_in_os_to_ko.40;290.00;in_os_to_ko.40;0;2045.29;0.88;0.00;66.47;car;;2;8.00
5086.00;28706217_0;94.10;6.63;4734.00;194.56;23687583_0;5.10;0.00;tripinfo_in_as_to_sl.90;352.00;in_as_to_sl.90;0;1976.75;0.84;0.00;134.89;car;;6;63.00
5087.00;972103805_0;116.86;11.02;4798.00;3.93;-45494495_0;5.10;0.00;tripinfo_in_os_to_ko.41;289.00;in_os_to_ko.41;0;2045.29;1.00;0.00;93.25;car;;2;7.00
5088.00;972103805_0;116.86;12.34;4928.00;4.46;-23142338#2_0;5.10;0.00;tripinfo_in_ns_to_ko.255;160.00;in_ns_to_ko.255;0;1398.55;1.13;0.00;48.05;car;;1;1.00
5088.00;28706217_0;94.10;8.06;4983.00;2.15;-45494495_0;5.10;0.00;tripinfo_in_os_to_sl.28;105.00;in_os_to_sl.28;0;484.95;1.09;0.00;59.97;car;;2;20.00
5090.00;972103805_0;116.86;10.87;4935.00;1.40;-23142338#2_0;5.10;0.00;tripinfo_in_ns_to_ko.256;155.00;in_ns_to_ko.256;0;1398.55;1.09;0.00;39.81;car;;1;1.00
5093.00;972103805_0;116.86;12.44;4883.00;0.24;-230845886_0;5.10;0.00;tripinfo_in_ba_to_ko.173;210.00;in_ba_to_ko.173;0;2114.29;1.13;0.00;39.07;car;;0;0.00
5096.00;28716808#1_0;754.74;10.08;4062.00;368.80;803785575#0_0;5.10;0.00;tripinfo_in_od_to_kl.48;1034.00;in_od_to_kl.48;0;2678.40;0.96;0.00;781.87;car;;20;357.00
5098.00;28716808#1_0;754.74;10.61;3682.00;261.51;803785575#0_0;5.10;0.00;tripinfo_in_od_to_kl.39;1416.00;in_od_to_kl.39;0;2678.40;1.06;0.00;1186.41;car;;43;481.00
5098.00;23527526_0;253.75;10.19;4225.00;350.94;803785575#0_0;5.10;0.00;tripinfo_in_od_to_gj.21;873.00;in_od_to_gj.21;0;2706.99;0.99;0.00;624.67;car;;21;291.00
5099.00;23156305_0;1264.14;10.55;4576.00;0.74;-45494495_0;5.10;0.00;tripinfo_in_os_to_gg.23;523.00;in_os_to_gg.23;0;3034.34;0.97;0.00;238.98;car;;8;44.00
5099.00;28706217_0;94.10;7.13;4848.00;1.49;-230845886_0;5.10;0.00;tripinfo_in_ba_to_sl.60;251.00;in_ba_to_sl.60;0;1934.94;0.88;0.00;46.63;car;;1;1.00
5099.00;41899283#1_0;148.70;10.09;5025.00;1.66;-23527526_0;5.10;0.00;tripinfo_out_gj_to_as.0;74.00;out_gj_to_as.0;0;633.70;0.94;0.00;11.63;car;;0;0.00
5101.00;230845886_0;633.12;10.30;3899.00;358.17;803785575#0_0;5.10;0.00;tripinfo_in_od_to_ba.62;1202.00;in_od_to_ba.62;0;2382.14;1.00;0.00;986.15;car;;21;379.00
5101.00;28706217_0;94.10;7.53;4812.00;233.92;23687583_0;5.10;0.00;tripinfo_in_as_to_sl.91;289.00;in_as_to_sl.91;0;1976.75;0.93;0.00;92.55;car;;3;22.00
5103.00;23156390_0;1121.44;11.80;4866.00;253.93;23687583_0;5.10;0.00;tripinfo_in_as_to_br.20;237.00;in_as_to_br.20;0;1694.48;1.16;0.00;104.77;car;;5;33.00
5103.00;28706217_0;94.10;8.81;4730.00;0.03;-23142338#2_0;5.10;0.00;tripinfo_in_ns_to_sl.12;373.00;in_ns_to_sl.12;0;1619.36;1.21;0.00;237.33;car;;4;188.00
5104.00;972103805_0;116.86;9.78;4938.00;0.56;-23142338#2_0;5.10;0.00;tripinfo_in_ns_to_ko.257;166.00;in_ns_to_ko.257;0;1398.55;0.98;0.00;36.92;car;;1;9.00
5107.00;28716808#1_0;754.74;9.99;4246.00;354.97;803785575#0_0;5.10;0.00;tripinfo_in_od_to_kl.52;861.00;in_od_to_kl.52;0;2678.40;0.96;0.00;607.33;car;;19;313.00
5107.00;23142338#2_0;290.21;11.26;4824.00;237.06;23687583_0;5.10;0.00;tripinfo_in_as_to_ns.70;283.00;in_as_to_ns.70;0;1995.73;1.02;0.00;105.82;car;;6;44.00
5108.00;972103805_0;116.86;11.15;4947.00;0.98;-23142338#2_0;5.10;0.00;tripinfo_in_ns_to_ko.258;161.00;in_ns_to_ko.258;0;1398.55;1.05;0.00;40.37;car;;1;9.00
5110.00;23527526_0;253.75;11.69;4923.00;0.37;-230845886_0;5.10;0.00;tripinfo_in_ba_to_gj.99;187.00;in_ba_to_gj.99;0;1755.68;1.07;0.00;38.07;car;;0;0.00
5110.00;23156030#6_0;109.07;9.11;5015.00;4.84;-45494495_0;5.10;0.00;tripinfo_out_os_to_od.0;95.00;out_os_to_od.0;0;865.51;0.90;0.00;7.85;car;;0;0.00
5111.00;972103805_0;116.86;10.28;4837.00;5.31;-45494495_0;5.10;0.00;tripinfo_in_os_to_ko.42;274.00;in_os_to_ko.42;0;2045.29;1.03;0.00;82.79;car;;4;35.00
5115.00;23156030#6_0;109.07;11.52;5035.00;0.00;-45494495_0;5.10;0.00;tripinfo_out_os_to_od.1;80.00;out_os_to_od.1;0;865.51;1.08;0.00;7.05;car;;0;0.00
5116.00;972103805_0;116.86;9.52;4962.00;0.70;-23142338#2_0;5.10;0.00;tripinfo_in_ns_to_ko.259;154.00;in_ns_to_ko.259;0;1398.55;0.97;0.00;23.53;car;;1;2.00
5117.00;41899283#1_0;148.70;9.54;4938.00;10.66;-230845886_0;5.10;0.00;tripinfo_in_ba_to_as.103;179.00;in_ba_to_as.103;0;1430.78;0.94;0.00;40.60;car;;2;3.00
5119.00;28706217_0;94.10;6.31;4815.00;236.33;23687583_0;5.10;0.00;tripinfo_in_as_to_sl.92;304.00;in_as_to_sl.92;0;1976.75;0.82;0.00;80.19;car;;4;26.00
5119.00;28716808#1_0;754.74;10.58;4634.00;0.98;-45494495_0;5.10;0.00;tripinfo_in_os_to_kl.14;485.00;in_os_to_kl.14;0;2042.78;0.96;0.00;291.69;car;;10;71.00
5121.00;28706217_0;94.10;7.13;4821.00;237.44;23687583_0;5.10;0.00;tripinfo_in_as_to_sl.93;300.00;in_as_to_sl.93;0;1976.75;0.87;0.00;88.64;car;;4;30.00
5121.00;972103805_0;116.86;9.13;4965.00;0.94;-23142338#2_0;5.10;0.00;tripinfo_in_ns_to_ko.260;156.00;in_ns_to_ko.260;0;1398.55;0.94;0.00;20.93;car;;0;0.00
5123.00;23142338#2_0;290.21;10.58;4379.00;375.84;803785575#0_0;5.10;0.00;tripinfo_in_od_to_ns.23;744.00;in_od_to_ns.23;0;1928.29;0.97;0.00;551.60;car;;19;258.00
5124.00;28706217_0;94.10;6.34;4901.00;0.29;-230845886_0;5.10;0.00;tripinfo_in_ba_to_sl.61;223.00;in_ba_to_sl.61;0;1934.94;0.91;0.00;24.99;car;;0;0.00
5125.00;23156305_0;1264.14;9.85;4580.00;0.19;-45494495_0;5.10;0.00;tripinfo_in_os_to_gg.24;545.00;in_os_to_gg.24;0;3034.34;0.98;0.00;264.88;car;;8;57.00
5125.00;23142338#2_0;290.21;11.18;4875.00;0.84;-230845886_0;5.10;0.00;tripinfo_in_ba_to_ns.44;250.00;in_ba_to_ns.44;0;2346.36;1.01;0.00;38.78;car;;1;3.00
5127.00;23527526_0;253.75;9.57;4901.00;282.32;23687583_0;5.10;0.00;tripinfo_in_as_to_gj.93;226.00;in_as_to_gj.93;0;649.06;0.91;0.00;160.54;car;;7;78.00
5129.00;23527526_0;253.75;10.15;4919.00;264.56;23687583_0;5.10;0.00;tripinfo_in_as_to_gj.94;210.00;in_as_to_gj.94;0;649.06;0.98;0.00;149.20;car;;6;69.00
5131.00;23156390_0;1121.44;10.33;4206.00;345.67;803785575#0_0;5.10;0.00;tripinfo_in_od_to_br.52;925.00;in_od_to_br.52;0;3149.31;0.94;0.00;620.30;car;;21;297.00
5131.00;41899283#1_0;148.70;9.29;4961.00;0.36;-230845886_0;5.10;0.00;tripinfo_in_ba_to_as.104;170.00;in_ba_to_as.104;0;1430.78;0.90;0.00;26.03;car;;1;1.00
5132.00;972103805_0;116.86;11.21;4972.00;0.82;-23142338#2_0;5.10;0.00;tripinfo_in_ns_to_ko.261;160.00;in_ns_to_ko.261;0;1398.55;1.05;0.00;40.61;car;;1;9.00
5135.00;23527526_0;253.75;11.15;4935.00;10.28;-230845886_0;5.10;0.00;tripinfo_in_ba_to_gj.100;200.00;in_ba_to_gj.100;0;1755.68;1.07;0.00;51.53;car;;1;9.00
5136.00;23156390_0;1121.44;11.29;4873.00;258.73;23687583_0;5.10;0.00;tripinfo_in_as_to_br.21;263.00;in_as_to_br.21;0;1694.48;1.08;0.00;120.10;car;;5;49.00
5136.00;972103805_0;116.86;11.38;4993.00;2.30;-23142338#2_0;5.10;0.00;tripinfo_in_ns_to_ko.262;143.00;in_ns_to_ko.262;0;1398.55;1.04;0.00;21.72;car;;1;6.00
5138.00;230845886_0;633.12;9.88;3992.00;387.77;803785575#0_0;5.10;0.00;tripinfo_in_od_to_ba.66;1146.00;in_od_to_ba.66;0;2382.14;0.97;0.00;925.04;car;;20;363.00
5138.00;972103805_0;116.86;11.98;4996.00;0.41;-23142338#2_0;5.10;0.00;tripinfo_in_ns_to_ko.263;142.00;in_ns_to_ko.263;0;1398.55;1.10;0.00;27.65;car;;1;4.00
5138.00;23156030#6_0;109.07;8.28;5038.00;2.82;-45494495_0;5.10;0.00;tripinfo_out_os_to_od.2;100.00;out_os_to_od.2;0;865.51;0.85;0.00;8.20;car;;0;0.00
5140.00;230845886_0;633.12;11.31;4780.00;0.85;-45494495_0;5.10;0.00;tripinfo_in_os_to_ba.34;360.00;in_os_to_ba.34;0;1746.52;1.07;0.00;211.86;car;;7;69.00
5141.00;45494495_0;58.90;9.51;4765.00;401.47;803785575#0_0;5.10;0.00;tripinfo_in_od_to_os.116;376.00;in_od_to_os.116;0;969.96;0.96;0.00;283.76;car;;14;125.00
5148.00;23156030#6_0;109.07;10.14;5061.00;0.15;-45494495_0;5.10;0.00;tripinfo_out_os_to_od.3;87.00;out_os_to_od.3;0;865.51;0.99;0.00;7.51;car;;0;0.00
5150.00;230845886_0;633.12;9.72;4892.00;275.51;23687583_0;5.10;0.00;tripinfo_in_as_to_ba.58;258.00;in_as_to_ba.58;0;1356.50;0.97;0.00;131.33;car;;8;61.00
5152.00;23527526_0;253.75;11.59;4974.00;0.63;-230845886_0;5.10;0.00;tripinfo_in_ba_to_gj.101;178.00;in_ba_to_gj.101;0;1755.68;1.15;0.00;38.85;car;;1;3.00
5153.00;45494495_0;58.90;9.17;4956.00;3.99;-230845886_0;5.10;0.00;tripinfo_in_ba_to_os.86;197.00;in_ba_to_os.86;0;1647.96;0.84;0.00;19.02;car;;0;0.00
5154.00;972103805_0;116.86;10.36;4999.00;3.40;-23142338#2_0;5.10;0.00;tripinfo_in_ns_to_ko.264;155.00;in_ns_to_ko.264;0;1398.55;0.93;0.00;19.63;car;;1;5.00
5156.00;23142338#2_0;290.21;9.08;4417.00;372.49;803785575#0_0;5.10;0.00;tripinfo_in_od_to_ns.24;739.00;in_od_to_ns.24;0;1928.29;0.90;0.00;533.69;car;;8;200.00
5157.00;972103805_0;116.86;10.11;4348.00;374.29;803785575#0_0;5.10;0.00;tripinfo_in_od_to_ko.102;809.00;in_od_to_ko.102;0;2307.67;1.00;0.00;589.44;car;;18;323.00
5160.00;972103805_0;116.86;10.78;4382.00;378.36;803785575#0_0;5.10;0.00;tripinfo_in_od_to_ko.103;778.00;in_od_to_ko.103;0;2307.67;1.02;0.00;562.93;car;;19;251.00
5161.00;23156305_0;1264.14;9.15;4556.00;0.31;-45494495_0;5.10;0.00;tripinfo_in_os_to_gg.22;605.00;in_os_to_gg.22;0;3034.34;0.93;0.00;307.04;car;;9;50.00
5164.00;23156390_0;1121.44;9.85;4315.00;378.72;803785575#0_0;5.10;0.00;tripinfo_in_od_to_br.55;849.00;in_od_to_br.55;0;3149.31;0.97;0.00;555.18;car;;17;250.00
5165.00;23156305_0;1264.14;9.59;4546.00;0.18;-45494495_0;5.10;0.00;tripinfo_in_os_to_gg.21;619.00;in_os_to_gg.21;0;3034.34;0.92;0.00;319.70;car;;9;55.00
5167.00;23156305_0;1264.14;12.87;4188.00;378.89;803785575#0_0;5.10;0.00;tripinfo_in_od_to_gg.80;979.00;in_od_to_gg.80;0;3669.96;1.17;0.00;695.49;car;;16;294.00
5167.00;23156030#6_0;109.07;9.75;5071.00;0.96;-45494495_0;5.10;0.00;tripinfo_out_os_to_od.4;96.00;out_os_to_od.4;0;865.51;0.93;0.00;12.19;car;;1;1.00
5168.00;23527526_0;253.75;9.22;4967.00;263.60;23687583_0;5.10;0.00;tripinfo_in_as_to_gj.95;201.00;in_as_to_gj.95;0;649.06;0.94;0.00;137.52;car;;5;76.00
5169.00;23156305_0;1264.14;11.18;4213.00;349.64;803785575#0_0;5.10;0.00;tripinfo_in_od_to_gg.81;956.00;in_od_to_gg.81;0;3669.96;1.08;0.00;646.91;car;;17;276.00
5169.00;23142338#2_0;290.21;10.31;4427.00;378.02;803785575#0_0;5.10;0.00;tripinfo_in_od_to_ns.25;742.00;in_od_to_ns.25;0;1928.29;1.00;0.00;556.44;car;;14;202.00
5170.00;41899283#1_0;148.70;11.05;5068.00;0.44;-23527526_0;5.10;0.00;tripinfo_out_gj_to_as.1;102.00;out_gj_to_as.1;0;633.70;1.07;0.00;47.69;car;;3;14.00
5171.00;23142338#2_0;290.21;11.58;4855.00;0.30;-45494495_0;5.10;0.00;tripinfo_in_os_to_ns.10;316.00;in_os_to_ns.10;0;1665.91;1.05;0.00;160.86;car;;4;120.00
5172.00;230845886_0;633.12;11.31;4409.00;375.54;803785575#0_0;5.10;0.00;tripinfo_in_od_to_ba.79;763.00;in_od_to_ba.79;0;2382.14;1.06;0.00;559.20;car;;15;188.00
5182.00;23156390_0;1121.44;9.11;4866.00;4.50;-23142338#2_0;5.10;0.00;tripinfo_in_ns_to_br.11;316.00;in_ns_to_br.11;0;2792.05;0.93;0.00;41.57;car;;1;1.00
5182.00;41899283#1_0;148.70;9.94;5098.00;3.78;-23527526_0;5.10;0.00;tripinfo_out_gj_to_as.2;84.00;out_gj_to_as.2;0;633.70;0.97;0.00;23.68;car;;0;0.00
5183.00;23156390_0;1121.44;11.09;4895.00;0.90;-23142338#2_0;5.10;0.00;tripinfo_in_ns_to_br.12;288.00;in_ns_to_br.12;0;2792.05;1.23;0.00;82.63;car;;2;10.00
5189.00;28716808#1_0;754.74;9.81;4294.00;383.50;803785575#0_0;5.10;0.00;tripinfo_in_od_to_kl.54;895.00;in_od_to_kl.54;0;2678.40;0.92;0.00;631.18;car;;23;281.00
5190.00;23142338#2_0;290.21;11.26;4926.00;3.36;-230845886_0;5.10;0.00;tripinfo_in_ba_to_ns.45;264.00;in_ba_to_ns.45;0;2346.36;1.02;0.00;54.96;car;;1;6.00
5192.00;230845886_0;633.12;8.83;4430.00;377.20;803785575#0_0;5.10;0.00;tripinfo_in_od_to_ba.82;762.00;in_od_to_ba.82;0;2382.14;0.86;0.00;512.22;car;;16;157.00
5193.00;972103805_0;116.86;10.06;4388.00;382.04;803785575#0_0;5.10;0.00;tripinfo_in_od_to_ko.104;805.00;in_od_to_ko.104;0;2307.67;1.00;0.00;584.78;car;;22;260.00
5194.00;230845886_0;633.12;9.66;4415.00;376.28;803785575#0_0;5.10;0.00;tripinfo_in_od_to_ba.81;779.00;in_od_to_ba.81;0;2382.14;0.94;0.00;549.44;car;;21;183.00
5196.00;972103805_0;116.86;11.14;4390.00;378.73;803785575#0_0;5.10;0.00;tripinfo_in_od_to_ko.105;806.00;in_od_to_ko.105;0;2307.67;1.01;0.00;587.92;car;;16;251.00
5196.00;230845886_0;633.12;11.49;4481.00;352.41;803785575#0_0;5.10;0.00;tripinfo_in_od_to_ba.85;715.00;in_od_to_ba.85;0;2382.14;1.07;0.00;512.51;car;;15;214.00
5196.00;41899283#1_0;148.70;10.02;5022.00;0.74;-230845886_0;5.10;0.00;tripinfo_out_ba_to_as.0;174.00;out_ba_to_as.0;0;1430.78;0.99;0.00;43.42;car;;1;25.00
5197.00;230845886_0;633.12;11.29;5013.00;1.67;-23527526_0;5.10;0.00;tripinfo_out_gj_to_ba.0;184.00;out_gj_to_ba.0;0;1702.89;1.03;0.00;34.47;car;;1;1.00
5198.00;972103805_0;116.86;9.79;4396.00;371.23;803785575#0_0;5.10;0.00;tripinfo_in_od_to_ko.106;802.00;in_od_to_ko.106;0;2307.67;0.98;0.00;578.60;car;;16;238.00
5199.00;230845886_0;633.12;10.75;4904.00;281.52;23687583_0;5.10;0.00;tripinfo_in_as_to_ba.59;295.00;in_as_to_ba.59;0;1356.50;1.07;0.00;181.17;car;;7;77.00
5202.00;28716808#1_0;754.74;9.82;4653.00;0.99;-45494495_0;5.10;0.00;tripinfo_in_os_to_kl.15;549.00;in_os_to_kl.15;0;2042.78;0.97;0.00;358.22;car;;14;111.00
5202.00;45494495_0;58.90;9.47;5031.00;0.74;-230845886_0;5.10;0.00;tripinfo_out_ba_to_os.0;171.00;out_ba_to_os.0;0;1647.96;0.95;0.00;14.25;car;;0;0.00
5202.00;41899283#1_0;148.70;10.06;5050.00;0.15;-230845886_0;5.10;0.00;tripinfo_out_ba_to_as.1;152.00;out_ba_to_as.1;0;1430.78;0.99;0.00;21.04;car;;0;0.00
5204.00;28716808#1_0;754.74;11.15;4664.00;0.57;-45494495_0;5.10;0.00;tripinfo_in_os_to_kl.16;540.00;in_os_to_kl.16;0;2042.78;1.09;0.00;369.42;car;;12;102.00
5205.00;23527526_0;253.75;9.57;5004.00;2.08;-230845886_0;5.10;0.00;tripinfo_in_ba_to_gj.102;201.00;in_ba_to_gj.102;0;1755.68;0.86;0.00;17.05;car;;0;0.00
5207.00;23527526_0;253.75;9.69;4661.00;0.74;-45494495_0;5.10;0.00;tripinfo_in_os_to_gj.12;546.00;in_os_to_gj.12;0;2071.37;0.98;0.00;353.76;car;;12;99.00
5210.00;972103805_0;116.86;7.09;4915.00;0.64;-230845886_0;5.10;0.00;tripinfo_in_ba_to_ko.174;295.00;in_ba_to_ko.174;0;2114.29;0.75;0.00;39.63;car;;1;9.00
5211.00;23527526_0;253.75;10.98;5102.00;331.23;23687583_0;5.10;0.00;tripinfo_in_as_to_gj.96;109.00;in_as_to_gj.96;0;649.06;1.04;0.00;51.50;car;;2;29.00
5212.00;972103805_0;116.86;10.00;4929.00;5.46;-230845886_0;5.10;0.00;tripinfo_in_ba_to_ko.175;283.00;in_ba_to_ko.175;0;2114.29;0.97;0.00;84.73;car;;2;18.00
5214.00;972103805_0;116.86;10.12;4932.00;8.35;-230845886_0;5.10;0.00;tripinfo_in_ba_to_ko.176;282.00;in_ba_to_ko.176;0;2114.29;1.00;0.00;89.01;car;;2;19.00
5216.00;23156030#6_0;109.07;11.62;5134.00;0.35;-45494495_0;5.10;0.00;tripinfo_out_os_to_od.5;82.00;out_os_to_od.5;0;865.51;1.08;0.00;9.17;car;;0;0.00
5217.00;972103805_0;116.86;11.41;4929.00;0.43;-45494495_0;5.10;0.00;tripinfo_in_os_to_ko.43;288.00;in_os_to_ko.43;0;2045.29;1.12;0.00;112.70;car;;4;76.00
5218.00;230845886_0;633.12;8.87;4342.00;369.75;803785575#0_0;5.10;0.00;tripinfo_in_od_to_ba.77;876.00;in_od_to_ba.77;0;2382.14;0.83;0.00;617.14;car;;14;269.00
5218.00;45494495_0;58.90;11.95;4927.00;249.84;23687583_0;5.10;0.00;tripinfo_in_as_to_os.75;291.00;in_as_to_os.75;0;1689.77;1.11;0.00;154.32;car;;5;64.00
5220.00;230845886_0;633.12;9.45;4950.00;272.73;23687583_0;5.10;0.00;tripinfo_in_as_to_ba.60;270.00;in_as_to_ba.60;0;1356.50;0.90;0.00;134.13;car;;4;54.00
5222.00;23156390_0;1121.44;10.37;4637.00;2.99;-45494495_0;5.10;0.00;tripinfo_in_os_to_br.17;585.00;in_os_to_br.17;0;2513.69;1.01;0.00;357.65;car;;15;115.00
5222.00;23156030#6_0;109.07;9.87;4969.00;0.32;-230845886_0;5.10;0.00;tripinfo_in_ba_to_od.10;253.00;in_ba_to_od.10;0;2315.50;0.92;0.00;26.65;car;;0;0.00
5222.00;230845886_0;633.12;9.23;5033.00;3.05;-23527526_0;5.10;0.00;tripinfo_out_gj_to_ba.1;189.00;out_gj_to_ba.1;0;1702.89;0.94;0.00;24.95;car;;0;0.00
5224.00;230845886_0;633.12;12.21;4492.00;351.92;803785575#0_0;5.10;0.00;tripinfo_in_od_to_ba.86;732.00;in_od_to_ba.86;0;2382.14;1.10;0.00;536.54;car;;20;219.00
5224.00;45494495_0;58.90;8.88;5034.00;1.16;-230845886_0;5.10;0.00;tripinfo_out_ba_to_os.1;190.00;out_ba_to_os.1;0;1647.96;0.86;0.00;15.73;car;;0;0.00
5225.00;41899283#1_0;148.70;9.16;4760.00;0.10;-45494495_0;5.10;0.00;tripinfo_in_os_to_as.33;465.00;in_os_to_as.33;0;1746.47;0.90;0.00;289.12;car;;10;95.00
5225.00;23142338#2_0;290.21;9.88;4942.00;0.10;-45494495_0;5.10;0.00;tripinfo_in_os_to_ns.11;283.00;in_os_to_ns.11;0;1665.91;0.99;0.00;118.71;car;;3;74.00
5227.00;28716808#1_0;754.74;8.83;4255.00;359.36;803785575#0_0;5.10;0.00;tripinfo_in_od_to_kl.53;972.00;in_od_to_kl.53;0;2678.40;0.90;0.00;702.09;car;;26;342.00
5229.00;972103805_0;116.86;7.46;4947.00;2.65;-230845886_0;5.10;0.00;tripinfo_in_ba_to_ko.177;282.00;in_ba_to_ko.177;0;2114.29;0.78;0.00;36.02;car;;1;6.00
5230.00;23156390_0;1121.44;10.68;4640.00;3.46;-45494495_0;5.10;0.00;tripinfo_in_os_to_br.18;590.00;in_os_to_br.18;0;2513.69;1.02;0.00;364.80;car;;16;113.00
5230.00;972103805_0;116.86;10.09;4950.00;5.24;-230845886_0;5.10;0.00;tripinfo_in_ba_to_ko.178;280.00;in_ba_to_ko.178;0;2114.29;1.13;0.00;110.45;car;;1;5.00
5231.00;41899283#1_0;148.70;9.33;4860.00;0.47;-45494495_0;5.10;0.00;tripinfo_in_os_to_as.34;371.00;in_os_to_as.34;0;1746.47;0.92;0.00;199.45;car;;4;33.00
5232.00;972103805_0;116.86;12.49;4953.00;4.04;-230845886_0;5.10;0.00;tripinfo_in_ba_to_ko.179;279.00;in_ba_to_ko.179;0;2114.29;1.15;0.00;111.15;car;;1;4.00
5234.00;972103805_0;116.86;9.63;4986.00;0.14;-230845886_0;5.10;0.00;tripinfo_in_ba_to_ko.180;248.00;in_ba_to_ko.180;0;2114.29;0.95;0.00;46.20;car;;1;9.00
5235.00;41899283#1_0;148.70;8.38;4321.00;382.61;803785575#0_0;5.10;0.00;tripinfo_in_od_to_as.69;914.00;in_od_to_as.69;0;2382.09;0.85;0.00;660.40;car;;23;297.00
5237.00;41899283#1_0;148.70;10.19;4336.00;367.62;803785575#0_0;5.10;0.00;tripinfo_in_od_to_as.71;901.00;in_od_to_as.71;0;2382.09;0.93;0.00;668.02;car;;14;282.00
5239.00;41899283#1_0;148.70;10.11;4333.00;367.75;803785575#0_0;5.10;0.00;tripinfo_in_od_to_as.70;906.00;in_od_to_as.70;0;2382.09;0.97;0.00;682.70;car;;19;292.00
5241.00;23156305_0;1264.14;9.83;4872.00;9.18;-23142338#2_0;5.10;0.00;tripinfo_in_ns_to_gg.32;369.00;in_ns_to_gg.32;0;3297.24;0.96;0.00;57.59;car;;1;8.00
5243.00;23156305_0;1264.14;11.68;4941.00;12.46;-230845886_0;5.10;0.00;tripinfo_in_ba_to_gg.45;302.00;in_ba_to_gg.45;0;2718.65;1.10;0.00;78.48;car;;2;12.00
5245.00;23156305_0;1264.14;12.25;4261.00;362.68;803785575#0_0;5.10;0.00;tripinfo_in_od_to_gg.82;984.00;in_od_to_gg.82;0;3669.96;1.10;0.00;681.72;car;;25;340.00
5246.00;41899283#1_0;148.70;10.83;4364.00;379.84;803785575#0_0;5.10;0.00;tripinfo_in_od_to_as.73;882.00;in_od_to_as.73;0;2382.09;1.01;0.00;668.86;car;;20;275.00
5246.00;23527526_0;253.75;9.82;4724.00;1.65;-45494495_0;5.10;0.00;tripinfo_in_os_to_gj.13;522.00;in_os_to_gj.13;0;2071.37;0.96;0.00;326.83;car;;9;78.00
5249.00;972103805_0;116.86;8.46;5001.00;0.17;-230845886_0;5.10;0.00;tripinfo_in_ba_to_ko.181;248.00;in_ba_to_ko.181;0;2114.29;0.85;0.00;22.37;car;;0;0.00
5249.00;23156030#6_0;109.07;12.72;5015.00;0.29;-230845886_0;5.10;0.00;tripinfo_out_ba_to_od.1;234.00;out_ba_to_od.1;0;2315.50;1.22;0.00;62.09;car;;0;0.00
5252.00;41899283#1_0;148.70;9.09;4351.00;374.98;803785575#0_0;5.10;0.00;tripinfo_in_od_to_as.72;901.00;in_od_to_as.72;0;2382.09;0.87;0.00;652.84;car;;15;272.00
5252.00;28716808#1_0;754.74;8.56;4923.00;0.27;-23142338#2_0;5.10;0.00;tripinfo_in_ns_to_kl.13;329.00;in_ns_to_kl.13;0;2315.58;0.78;0.00;59.78;car;;4;21.00
5253.00;23156390_0;1121.44;9.33;4240.00;353.86;803785575#0_0;5.10;0.00;tripinfo_in_od_to_br.53;1013.00;in_od_to_br.53;0;3149.31;0.95;0.00;710.46;car;;23;359.00
5253.00;230845886_0;633.12;10.11;4475.00;357.65;803785575#0_0;5.10;0.00;tripinfo_in_od_to_ba.84;778.00;in_od_to_ba.84;0;2382.14;1.00;0.00;561.43;car;;12;241.00
5253.00;972103805_0;116.86;11.75;5000.00;1.95;-45494495_0;5.10;0.00;tripinfo_in_os_to_ko.44;253.00;in_os_to_ko.44;0;2045.29;1.12;0.00;76.52;car;;3;25.00
5253.00;45494495_0;58.90;9.72;5022.00;2.27;-23527526_0;5.10;0.00;tripinfo_out_gj_to_os.0;231.00;out_gj_to_os.0;0;2036.16;0.88;0.00;20.43;car;;0;0.00
5255.00;230845886_0;633.12;10.98;4451.00;372.06;803785575#0_0;5.10;0.00;tripinfo_in_od_to_ba.83;804.00;in_od_to_ba.83;0;2382.14;1.04;0.00;596.08;car;;16;237.00
5256.00;45494495_0;58.90;10.64;5036.00;5.97;-23527526_0;5.10;0.00;tripinfo_out_gj_to_os.1;220.00;out_gj_to_os.1;0;2036.16;1.01;0.00;38.33;car;;0;0.00
5257.00;230845886_0;633.12;10.58;4904.00;0.53;-45494495_0;5.10;0.00;tripinfo_in_os_to_ba.35;353.00;in_os_to_ba.35;0;1746.52;1.06;0.00;203.55;car;;3;32.00
5258.00;230845886_0;633.12;11.53;4412.00;377.13;803785575#0_0;5.10;0.00;tripinfo_in_od_to_ba.80;846.00;in_od_to_ba.80;0;2382.14;1.09;0.00;648.29;car;;23;319.00
5258.00;23527526_0;253.75;9.43;4727.00;4.49;-45494495_0;5.10;0.00;tripinfo_in_os_to_gj.14;531.00;in_os_to_gj.14;0;2071.37;0.88;0.00;317.66;car;;8;93.00
5258.00;45494495_0;58.90;9.88;5020.00;0.34;-23156390_0;5.10;0.00;tripinfo_out_br_to_os.0;238.00;out_br_to_os.0;0;2237.62;0.98;0.00;32.37;car;;1;2.00
5263.00;23156305_0;1264.14;10.37;4980.00;272.08;23687583_0;5.10;0.00;tripinfo_in_as_to_gg.24;283.00;in_as_to_gg.24;0;1600.87;0.99;0.00;136.73;car;;5;67.00
5263.00;23156030#6_0;109.07;8.89;5012.00;0.55;-230845886_0;5.10;0.00;tripinfo_out_ba_to_od.0;251.00;out_ba_to_od.0;0;2315.50;0.91;0.00;20.69;car;;0;0.00
5263.00;41899283#1_0;148.70;9.19;5187.00;0.04;-23527526_0;5.10;0.00;tripinfo_out_gj_to_as.3;76.00;out_gj_to_as.3;0;633.70;0.87;0.00;8.15;car;;0;0.00
5264.00;23142338#2_0;290.21;10.56;4924.00;251.81;23687583_0;5.10;0.00;tripinfo_in_as_to_ns.71;340.00;in_as_to_ns.71;0;1995.73;0.99;0.00;155.38;car;;5;68.00
5264.00;972103805_0;116.86;9.48;5012.00;0.43;-28716808#1_0;5.10;0.00;tripinfo_out_kl_to_ko.0;252.00;out_kl_to_ko.0;0;1927.03;0.89;0.00;55.76;car;;1;35.00
5264.00;45494495_0;58.90;9.15;5069.00;0.30;-230845886_0;5.10;0.00;tripinfo_out_ba_to_os.2;195.00;out_ba_to_os.2;0;1647.96;0.93;0.00;34.23;car;;1;8.00
5264.00;41899283#1_0;148.70;12.04;5193.00;4.16;-23527526_0;5.10;0.00;tripinfo_out_gj_to_as.4;71.00;out_gj_to_as.4;0;633.70;1.18;0.00;22.08;car;;0;0.00
5266.00;972103805_0;116.86;12.43;5038.00;0.78;-28716808#1_0;5.10;0.00;tripinfo_out_kl_to_ko.1;228.00;out_kl_to_ko.1;0;1927.03;1.36;0.00;88.21;car;;1;34.00
5267.00;41899283#1_0;148.70;11.73;4463.00;360.74;803785575#0_0;5.10;0.00;tripinfo_in_od_to_as.77;804.00;in_od_to_as.77;0;2382.09;1.07;0.00;603.56;car;;18;234.00
5270.00;41899283#1_0;148.70;9.97;5088.00;0.80;-23156305_0;5.10;0.00;tripinfo_out_gg_to_as.0;182.00;out_gg_to_as.0;0;1699.56;1.01;0.00;28.57;car;;2;5.00
5272.00;23156390_0;1121.44;10.96;4000.00;379.40;803785575#0_0;5.10;0.00;tripinfo_in_od_to_br.48;1272.00;in_od_to_br.48;0;3149.31;1.01;0.00;988.32;car;;22;362.00
5275.00;28716808#1_0;754.74;10.34;4312.00;376.39;803785575#0_0;5.10;0.00;tripinfo_in_od_to_kl.56;963.00;in_od_to_kl.56;0;2678.40;0.94;0.00;704.94;car;;32;347.00
5276.00;28716808#1_0;754.74;11.32;4303.00;378.76;803785575#0_0;5.10;0.00;tripinfo_in_od_to_kl.55;973.00;in_od_to_kl.55;0;2678.40;1.10;0.00;753.19;car;;28;320.00
5278.00;23156390_0;1121.44;11.54;4952.00;0.71;-23142338#2_0;5.10;0.00;tripinfo_in_ns_to_br.13;326.00;in_ns_to_br.13;0;2792.05;1.04;0.00;82.31;car;;3;11.00
5282.00;23527526_0;253.75;8.64;4788.00;0.63;-45494495_0;5.10;0.00;tripinfo_in_os_to_gj.15;494.00;in_os_to_gj.15;0;2071.37;0.85;0.00;272.74;car;;4;82.00
5285.00;23527526_0;253.75;10.19;4400.00;372.66;803785575#0_0;5.10;0.00;tripinfo_in_od_to_gj.22;885.00;in_od_to_gj.22;0;2706.99;0.96;0.00;630.96;car;;20;229.00
5285.00;45494495_0;58.90;8.95;4599.00;0.46;-23142338#2_0;5.10;0.00;tripinfo_in_ns_to_os.8;686.00;in_ns_to_os.8;0;1865.82;0.87;0.00;491.49;car;;3;463.00
5286.00;41899283#1_0;148.70;9.25;4926.00;0.73;-45494495_0;5.10;0.00;tripinfo_in_os_to_as.35;360.00;in_os_to_as.35;0;1746.47;0.90;0.00;184.33;car;;2;13.00
5287.00;45494495_0;58.90;9.30;4971.00;265.81;23687583_0;5.10;0.00;tripinfo_in_as_to_os.76;316.00;in_as_to_os.76;0;1689.77;0.91;0.00;147.79;car;;5;72.00
5288.00;41899283#1_0;148.70;13.03;4433.00;379.95;803785575#0_0;5.10;0.00;tripinfo_in_od_to_as.76;855.00;in_od_to_as.76;0;2382.09;1.19;0.00;673.39;car;;22;277.00
5288.00;23527526_0;253.75;11.34;4442.00;369.93;803785575#0_0;5.10;0.00;tripinfo_in_od_to_gj.23;846.00;in_od_to_gj.23;0;2706.99;1.03;0.00;607.81;car;;16;262.00
5289.00;230845886_0;633.12;8.36;5056.00;1.76;-23527526_0;5.10;0.00;tripinfo_out_gj_to_ba.2;233.00;out_gj_to_ba.2;0;1702.89;0.85;0.00;50.98;car;;2;17.00
5289.00;45494495_0;58.90;11.21;5065.00;0.47;-28716808#1_0;5.10;0.00;tripinfo_out_kl_to_os.0;224.00;out_kl_to_os.0;0;1989.49;1.02;0.00;47.79;car;;1;8.00
5291.00;23156030#6_0;109.07;10.13;5011.00;0.13;-23156390_0;5.10;0.00;tripinfo_out_br_to_od.0;280.00;out_br_to_od.0;0;2905.16;1.01;0.00;19.59;car;;0;0.00
5291.00;230845886_0;633.12;10.36;5064.00;0.40;-23527526_0;5.10;0.00;tripinfo_out_gj_to_ba.3;227.00;out_gj_to_ba.3;0;1702.89;1.02;0.00;75.60;car;;2;16.00
5291.00;45494495_0;58.90;13.01;5070.00;0.81;-28716808#1_0;5.10;0.00;tripinfo_out_kl_to_os.1;221.00;out_kl_to_os.1;0;1989.49;1.19;0.00;69.25;car;;1;8.00
5293.00;230845886_0;633.12;10.26;5094.00;0.78;-23527526_0;5.10;0.00;tripinfo_out_gj_to_ba.4;199.00;out_gj_to_ba.4;0;1702.89;1.04;0.00;50.12;car;;1;5.00
5295.00;45494495_0;58.90;11.89;4583.00;387.47;803785575#0_0;5.10;0.00;tripinfo_in_od_to_os.112;712.00;in_od_to_os.112;0;969.96;1.09;0.00;631.30;car;;21;212.00
5296.00;23156305_0;1264.14;9.72;3985.00;388.80;803785575#0_0;5.10;0.00;tripinfo_in_od_to_gg.72;1311.00;in_od_to_gg.72;0;3669.96;0.90;0.00;941.35;car;;23;361.00
5300.00;23156390_0;1121.44;10.64;5081.00;329.41;23687583_0;5.10;0.00;tripinfo_in_as_to_br.22;219.00;in_as_to_br.22;0;1694.48;0.96;0.00;58.92;car;;2;19.00
5304.00;28716808#1_0;754.74;8.56;4834.00;2.92;-45494495_0;5.10;0.00;tripinfo_in_os_to_kl.18;470.00;in_os_to_kl.18;0;2042.78;0.87;0.00;257.94;car;;9;89.00
5304.00;28706217_0;94.10;7.32;4911.00;2.41;-230845886_0;5.10;0.00;tripinfo_in_ba_to_sl.62;393.00;in_ba_to_sl.62;0;1934.94;0.91;0.00;195.47;car;;2;168.00
5305.00;230845886_0;633.12;8.68;4541.00;385.63;803785575#0_0;5.10;0.00;tripinfo_in_od_to_ba.87;764.00;in_od_to_ba.87;0;2382.14;0.83;0.00;504.97;car;;17;171.00
5305.00;23156390_0;1121.44;11.34;4694.00;0.00;-45494495_0;5.10;0.00;tripinfo_in_os_to_br.19;611.00;in_os_to_br.19;0;2513.69;1.03;0.00;388.46;car;;12;124.00
5306.00;45494495_0;58.90;10.57;5016.00;288.13;23687583_0;5.10;0.00;tripinfo_in_as_to_os.77;290.00;in_as_to_os.77;0;1689.77;1.04;0.00;142.77;car;;7;60.00
5307.00;23142338#2_0;290.21;11.34;5004.00;0.31;-23156305_0;5.10;0.00;tripinfo_out_gg_to_ns.0;303.00;out_gg_to_ns.0;0;2927.39;1.04;0.00;46.36;car;;3;11.00
5307.00;230845886_0;633.12;9.25;5102.00;0.20;-23527526_0;5.10;0.00;tripinfo_out_gj_to_ba.5;205.00;out_gj_to_ba.5;0;1702.89;0.95;0.00;41.67;car;;0;0.00
5309.00;23156030#6_0;109.07;11.05;5228.00;0.58;-45494495_0;5.10;0.00;tripinfo_out_os_to_od.6;81.00;out_os_to_od.6;0;865.51;1.05;0.00;6.70;car;;0;0.00
5311.00;28716808#1_0;754.74;9.14;4385.00;380.01;803785575#0_0;5.10;0.00;tripinfo_in_od_to_kl.60;926.00;in_od_to_kl.60;0;2678.40;0.91;0.00;660.52;car;;25;259.00
5311.00;23527526_0;253.75;8.92;5143.00;341.68;23687583_0;5.10;0.00;tripinfo_in_as_to_gj.97;168.00;in_as_to_gj.97;0;649.06;0.89;0.00;101.38;car;;3;72.00
5313.00;23527526_0;253.75;11.60;4900.00;1.63;-45494495_0;5.10;0.00;tripinfo_in_os_to_gj.16;413.00;in_os_to_gj.16;0;2071.37;1.08;0.00;238.69;car;;3;32.00
5314.00;28716808#1_0;754.74;9.81;4769.00;0.80;-45494495_0;5.10;0.00;tripinfo_in_os_to_kl.17;545.00;in_os_to_kl.17;0;2042.78;0.99;0.00;358.43;car;;15;125.00
5315.00;23156305_0;1264.14;10.87;4701.00;0.35;-45494495_0;5.10;0.00;tripinfo_in_os_to_gg.25;614.00;in_os_to_gg.25;0;3034.34;1.07;0.00;355.98;car;;13;89.00
5316.00;23156030#6_0;109.07;13.09;5023.00;0.53;-28716808#1_0;5.10;0.00;tripinfo_out_kl_to_od.0;293.00;out_kl_to_od.0;0;2657.03;1.26;0.00;100.20;car;;1;34.00
5317.00;23156305_0;1264.14;12.42;4297.00;384.86;803785575#0_0;5.10;0.00;tripinfo_in_od_to_gg.84;1020.00;in_od_to_gg.84;0;3669.96;1.20;0.00;741.15;car;;24;296.00
5317.00;41899283#1_0;148.70;9.09;5233.00;0.38;-23527526_0;5.10;0.00;tripinfo_out_gj_to_as.5;84.00;out_gj_to_as.5;0;633.70;0.84;0.00;14.59;car;;1;2.00
5319.00;41899283#1_0;148.70;12.16;5236.00;1.18;-23527526_0;5.10;0.00;tripinfo_out_gj_to_as.6;83.00;out_gj_to_as.6;0;633.70;1.15;0.00;31.87;car;;0;0.00
5320.00;28716808#1_0;754.74;9.44;4330.00;369.92;803785575#0_0;5.10;0.00;tripinfo_in_od_to_kl.57;990.00;in_od_to_kl.57;0;2678.40;0.94;0.00;733.11;car;;26;324.00
5321.00;41899283#1_0;148.70;9.04;4406.00;373.27;803785575#0_0;5.10;0.00;tripinfo_in_od_to_as.75;915.00;in_od_to_as.75;0;2382.09;0.89;0.00;674.61;car;;30;277.00
5323.00;28706217_0;94.10;7.97;4918.00;1.63;-230845886_0;5.10;0.00;tripinfo_in_ba_to_sl.63;405.00;in_ba_to_sl.63;0;1934.94;1.04;0.00;231.30;car;;2;174.00
5323.00;41899283#1_0;148.70;11.25;5154.00;0.14;-230845886_0;5.10;0.00;tripinfo_out_ba_to_as.2;169.00;out_ba_to_as.2;0;1430.78;1.05;0.00;45.97;car;;1;12.00
5324.00;23527526_0;253.75;9.42;4553.00;390.22;803785575#0_0;5.10;0.00;tripinfo_in_od_to_gj.24;771.00;in_od_to_gj.24;0;2706.99;0.95;0.00;512.50;car;;16;152.00
5324.00;45494495_0;58.90;9.29;4964.00;450.62;803785575#0_0;5.10;0.00;tripinfo_in_od_to_os.123;360.00;in_od_to_os.123;0;969.96;0.89;0.00;261.60;car;;14;130.00
5326.00;23527526_0;253.75;11.23;5152.00;331.49;23687583_0;5.10;0.00;tripinfo_in_as_to_gj.98;174.00;in_as_to_gj.98;0;649.06;1.02;0.00;115.87;car;;4;78.00
5327.00;41899283#1_0;148.70;8.49;5002.00;2.18;-23142338#2_0;5.10;0.00;tripinfo_in_ns_to_as.41;325.00;in_ns_to_as.41;0;2009.37;0.86;0.00;113.09;car;;4;74.00
5329.00;230845886_0;633.12;7.91;4339.00;370.28;803785575#0_0;5.10;0.00;tripinfo_in_od_to_ba.76;990.00;in_od_to_ba.76;0;2382.14;0.79;0.00;715.79;car;;25;291.00
5329.00;41899283#1_0;148.70;12.01;5117.00;0.73;-23142338#2_0;5.10;0.00;tripinfo_out_ns_to_as.1;212.00;out_ns_to_as.1;0;2009.37;1.10;0.00;44.47;car;;2;7.00
5330.00;23156030#6_1;109.07;11.33;4817.00;0.67;-23142338#2_0;5.10;0.00;tripinfo_in_ns_to_od.6;513.00;in_ns_to_od.6;0;2005.01;1.11;0.00;339.33;car;;6;298.00
5331.00;41899283#1_0;148.70;10.43;5058.00;2.87;-23142338#2_0;5.10;0.00;tripinfo_out_ns_to_as.0;273.00;out_ns_to_as.0;0;2009.37;0.97;0.00;83.70;car;;2;43.00
5332.00;45494495_0;58.90;8.89;4924.00;435.21;803785575#0_0;5.10;0.00;tripinfo_in_od_to_os.122;408.00;in_od_to_os.122;0;969.96;0.86;0.00;306.16;car;;19;140.00
5332.00;41899283#1_0;148.70;9.91;5163.00;0.58;-230845886_0;5.10;0.00;tripinfo_out_ba_to_as.3;169.00;out_ba_to_as.3;0;1430.78;0.98;0.00;36.96;car;;2;9.00
5333.00;23156030#6_1;109.07;11.15;5109.00;0.80;-230845886_0;5.10;0.00;tripinfo_out_ba_to_od.3;224.00;out_ba_to_od.3;0;2315.50;1.01;0.00;17.38;car;;0;0.00
5334.00;45494495_0;58.90;9.19;4969.00;452.97;803785575#0_0;5.10;0.00;tripinfo_in_od_to_os.124;365.00;in_od_to_os.124;0;969.96;0.94;0.00;270.88;car;;16;140.00
5334.00;41899283#1_0;148.70;10.11;5012.00;3.29;-45494495_0;5.10;0.00;tripinfo_out_os_to_as.0;322.00;out_os_to_as.0;0;1746.47;1.02;0.00;166.74;car;;1;1.00
5335.00;23156030#6_0;109.07;8.54;5065.00;1.04;-230845886_0;5.10;0.00;tripinfo_out_ba_to_od.2;270.00;out_ba_to_od.2;0;2315.50;0.85;0.00;23.63;car;;0;0.00
5336.00;45494495_0;58.90;11.50;4810.00;417.87;803785575#0_0;5.10;0.00;tripinfo_in_od_to_os.117;526.00;in_od_to_os.117;0;969.96;1.05;0.00;441.77;car;;19;221.00
5337.00;23156305_0;1264.14;10.64;4733.00;3.10;-45494495_0;5.10;0.00;tripinfo_in_os_to_gg.26;604.00;in_os_to_gg.26;0;3034.34;1.04;0.00;339.14;car;;10;108.00
5337.00;45494495_0;58.90;10.79;5050.00;0.94;-23156305_0;5.10;0.00;tripinfo_out_gg_to_os.0;287.00;out_gg_to_os.0;0;2621.43;1.09;0.00;69.28;car;;2;37.00
5341.00;23142338#2_0;290.21;11.22;5048.00;0.53;-23156390_0;5.10;0.00;tripinfo_out_br_to_ns.0;293.00;out_br_to_ns.0;0;2936.02;1.04;0.00;38.66;car;;1;11.00
5343.00;230845886_0;633.12;7.87;4370.00;384.07;803785575#0_0;5.10;0.00;tripinfo_in_od_to_ba.78;973.00;in_od_to_ba.78;0;2382.14;0.80;0.00;702.48;car;;22;260.00
5344.00;23156305_0;1264.14;11.69;4273.00;371.89;803785575#0_0;5.10;0.00;tripinfo_in_od_to_gg.83;1071.00;in_od_to_gg.83;0;3669.96;1.06;0.00;757.11;car;;22;339.00
5344.00;230845886_0;633.12;10.99;4574.00;386.45;803785575#0_0;5.10;0.00;tripinfo_in_od_to_ba.90;770.00;in_od_to_ba.90;0;2382.14;1.00;0.00;555.76;car;;18;150.00
5344.00;45494495_0;58.90;10.19;4816.00;422.35;803785575#0_0;5.10;0.00;tripinfo_in_od_to_os.118;528.00;in_od_to_os.118;0;969.96;0.98;0.00;438.18;car;;16;203.00
5345.00;41899283#1_0;148.70;9.27;4586.00;390.13;803785575#0_0;5.10;0.00;tripinfo_in_od_to_as.78;759.00;in_od_to_as.78;0;2382.09;0.85;0.00;506.43;car;;13;145.00
5346.00;230845886_0;633.12;12.01;5026.00;0.14;-45494495_0;5.10;0.00;tripinfo_out_os_to_ba.0;320.00;out_os_to_ba.0;0;1746.52;1.09;0.00;174.99;car;;0;0.00
5349.00;23156390_0;1121.44;9.72;5135.00;339.87;23687583_0;5.10;0.00;tripinfo_in_as_to_br.23;214.00;in_as_to_br.23;0;1694.48;0.96;0.00;53.61;car;;2;21.00
5351.00;45494495_0;58.90;9.61;4882.00;427.74;803785575#0_0;5.10;0.00;tripinfo_in_od_to_os.120;469.00;in_od_to_os.120;0;969.96;0.87;0.00;367.86;car;;22;153.00
5356.00;45494495_0;58.90;11.23;5140.00;340.64;23687583_0;5.10;0.00;tripinfo_in_as_to_os.78;216.00;in_as_to_os.78;0;1689.77;1.03;0.00;67.98;car;;2;20.00
5358.00;41899283#1_0;148.70;9.15;5190.00;0.26;-230845886_0;5.10;0.00;tripinfo_out_ba_to_as.4;168.00;out_ba_to_as.4;0;1430.78;0.91;0.00;25.34;car;;1;8.00
5359.00;23156030#6_0;109.07;7.79;5253.00;1.48;-45494495_0;5.10;0.00;tripinfo_out_os_to_od.7;106.00;out_os_to_od.7;0;865.51;0.81;0.00;9.72;car;;0;0.00
5360.00;41899283#1_0;148.70;10.27;4622.00;396.40;803785575#0_0;5.10;0.00;tripinfo_in_od_to_as.80;738.00;in_od_to_as.80;0;2382.09;0.99;0.00;520.19;car;;15;160.00
5360.00;230845886_0;633.12;10.70;4701.00;414.25;803785575#0_0;5.10;0.00;tripinfo_in_od_to_ba.97;659.00;in_od_to_ba.97;0;2382.14;0.97;0.00;436.22;car;;12;95.00
5363.00;41899283#1_0;148.70;10.08;4607.00;391.19;803785575#0_0;5.10;0.00;tripinfo_in_od_to_as.79;756.00;in_od_to_as.79;0;2382.09;0.94;0.00;526.40;car;;17;142.00
5363.00;23527526_0;253.75;10.31;5019.00;8.22;-45494495_0;5.10;0.00;tripinfo_in_os_to_gj.17;344.00;in_os_to_gj.17;0;2071.37;0.95;0.00;146.94;car;;0;0.00
5365.00;23156305_0;1264.14;10.92;4831.00;0.03;-45494495_0;5.10;0.00;tripinfo_in_os_to_gg.27;534.00;in_os_to_gg.27;0;3034.34;1.10;0.00;282.96;car;;6;64.00
5367.00;23156030#6_0;109.07;11.32;5042.00;311.25;23687583_0;5.10;0.00;tripinfo_in_as_to_od.22;325.00;in_as_to_od.22;0;2357.31;1.11;0.00;133.49;car;;5;51.00
5369.00;230845886_0;633.12;9.16;4687.00;2.10;-23142338#2_0;5.10;0.00;tripinfo_in_ns_to_ba.18;682.00;in_ns_to_ba.18;0;2340.42;0.94;0.00;458.60;car;;4;394.00
5371.00;28716808#1_0;754.74;10.46;4486.00;346.51;803785575#0_0;5.10;0.00;tripinfo_in_od_to_kl.61;885.00;in_od_to_kl.61;0;2678.40;1.04;0.00;652.45;car;;25;245.00
5371.00;41899283#1_0;148.70;9.79;5125.00;3.85;-23142338#2_0;5.10;0.00;tripinfo_out_ns_to_as.2;246.00;out_ns_to_as.2;0;2009.37;0.90;0.00;41.95;car;;2;11.00
5373.00;41899283#1_0;148.70;10.44;5159.00;0.71;-23142338#2_0;5.10;0.00;tripinfo_out_ns_to_as.3;214.00;out_ns_to_as.3;0;2009.37;1.04;0.00;37.91;car;;1;7.00
5374.00;230845886_0;633.12;9.18;4761.00;3.36;-23142338#2_0;5.10;0.00;tripinfo_in_ns_to_ba.19;613.00;in_ns_to_ba.19;0;2340.42;0.92;0.00;385.25;car;;2;335.00
5376.00;230845886_0;633.12;11.25;4780.00;0.88;-23142338#2_0;5.10;0.00;tripinfo_in_ns_to_ba.20;596.00;in_ns_to_ba.20;0;2340.42;1.08;0.00;401.20;car;;2;325.00
5379.00;972103805_0;116.86;8.04;4497.00;351.43;803785575#0_0;5.10;0.00;tripinfo_in_od_to_ko.112;882.00;in_od_to_ko.112;0;2307.67;0.76;0.00;595.48;car;;26;249.00
5379.00;41899283#1_0;148.70;9.36;5041.00;3.61;-45494495_0;5.10;0.00;tripinfo_out_os_to_as.1;338.00;out_os_to_as.1;0;1746.47;0.92;0.00;166.44;car;;5;14.00
5381.00;972103805_0;116.86;9.12;4454.00;373.08;803785575#0_0;5.10;0.00;tripinfo_in_od_to_ko.107;927.00;in_od_to_ko.107;0;2307.67;0.91;0.00;686.79;car;;25;271.00
5381.00;41899283#1_0;148.70;11.95;5074.00;3.31;-45494495_0;5.10;0.00;tripinfo_out_os_to_as.2;307.00;out_os_to_as.2;0;1746.47;1.17;0.00;171.13;car;;1;1.00
5383.00;972103805_0;116.86;12.09;4460.00;357.85;803785575#0_0;5.10;0.00;tripinfo_in_od_to_ko.108;923.00;in_od_to_ko.108;0;2307.67;1.21;0.00;741.17;car;;24;279.00
5384.00;41899283#1_0;148.70;10.22;4707.00;403.03;803785575#0_0;5.10;0.00;tripinfo_in_od_to_as.84;677.00;in_od_to_as.84;0;2382.09;0.95;0.00;449.12;car;;10;93.00
5386.00;28716808#1_0;754.74;9.23;4514.00;367.83;803785575#0_0;5.10;0.00;tripinfo_in_od_to_kl.62;872.00;in_od_to_kl.62;0;2678.40;0.88;0.00;596.88;car;;20;218.00
5386.00;45494495_0;58.90;9.80;5212.00;0.35;-230845886_0;5.10;0.00;tripinfo_out_ba_to_os.3;174.00;out_ba_to_os.3;0;1647.96;0.97;0.00;19.25;car;;1;2.00
5388.00;230845886_0;633.12;9.45;5082.00;0.45;-45494495_0;5.10;0.00;tripinfo_out_os_to_ba.1;306.00;out_os_to_ba.1;0;1746.52;0.87;0.00;123.01;car;;0;0.00
5388.00;41899283#1_0;148.70;9.89;5089.00;2.59;-45494495_0;5.10;0.00;tripinfo_out_os_to_as.3;299.00;out_os_to_as.3;0;1746.47;0.97;0.00;135.64;car;;2;5.00
5390.00;23156030#6_1;109.07;10.24;5116.00;0.20;-23527526_0;5.10;0.00;tripinfo_out_gj_to_od.0;274.00;out_gj_to_od.0;0;2703.70;1.01;0.00;32.74;car;;1;2.00
5390.00;230845886_0;633.12;9.43;5190.00;2.04;-23527526_0;5.10;0.00;tripinfo_out_gj_to_ba.6;200.00;out_gj_to_ba.6;0;1702.89;0.93;0.00;34.85;car;;1;8.00
5392.00;23156390_0;1121.44;9.03;4309.00;374.07;803785575#0_0;5.10;0.00;tripinfo_in_od_to_br.54;1083.00;in_od_to_br.54;0;3149.31;0.83;0.00;738.89;car;;21;345.00
5392.00;23156305_0;1264.14;11.23;4483.00;349.71;803785575#0_0;5.10;0.00;tripinfo_in_od_to_gg.89;909.00;in_od_to_gg.89;0;3669.96;1.06;0.00;594.63;car;;17;208.00
5392.00;230845886_0;633.12;10.14;5128.00;0.10;-45494495_0;5.10;0.00;tripinfo_out_os_to_ba.2;264.00;out_os_to_ba.2;0;1746.52;1.03;0.00;109.94;car;;1;5.00
5392.00;45494495_0;58.90;10.60;5224.00;0.45;-230845886_0;5.10;0.00;tripinfo_out_ba_to_os.4;168.00;out_ba_to_os.4;0;1647.96;0.98;0.00;14.41;car;;0;0.00
5393.00;23156030#6_0;109.07;8.91;5095.00;338.66;23687583_0;5.10;0.00;tripinfo_in_as_to_od.23;298.00;in_as_to_od.23;0;2357.31;0.89;0.00;58.20;car;;1;18.00
5393.00;23156030#6_1;109.07;13.62;5067.00;0.15;-23156305_0;5.10;0.00;tripinfo_out_gg_to_od.1;326.00;out_gg_to_od.1;0;3288.97;1.34;0.00;88.76;car;;1;9.00
5394.00;23156390_0;1121.44;11.23;4367.00;381.23;803785575#0_0;5.10;0.00;tripinfo_in_od_to_br.57;1027.00;in_od_to_br.57;0;3149.31;1.03;0.00;749.23;car;;18;276.00
5394.00;23156305_0;1264.14;11.88;4445.00;371.20;803785575#0_0;5.10;0.00;tripinfo_in_od_to_gg.86;949.00;in_od_to_gg.86;0;3669.96;1.16;0.00;662.82;car;;16;248.00
5394.00;972103805_0;116.86;9.76;4469.00;365.11;803785575#0_0;5.10;0.00;tripinfo_in_od_to_ko.109;925.00;in_od_to_ko.109;0;2307.67;0.89;0.00;678.61;car;;20;254.00
5394.00;230845886_0;633.12;12.12;4743.00;400.49;803785575#0_0;5.10;0.00;tripinfo_in_od_to_ba.98;651.00;in_od_to_ba.98;0;2382.14;1.13;0.00;460.39;car;;15;132.00
5394.00;45494495_0;58.90;8.91;5000.00;464.12;803785575#0_0;5.10;0.00;tripinfo_in_od_to_os.126;394.00;in_od_to_os.126;0;969.96;0.91;0.00;297.46;car;;21;132.00
5395.00;230845886_0;633.12;12.72;5137.00;0.22;-23156305_0;5.10;0.00;tripinfo_out_gg_to_ba.0;258.00;out_gg_to_ba.0;0;2288.16;1.24;0.00;91.42;car;;3;14.00
5396.00;23156390_0;1121.44;9.21;4355.00;378.66;803785575#0_0;5.10;0.00;tripinfo_in_od_to_br.56;1041.00;in_od_to_br.56;0;3149.31;0.88;0.00;715.61;car;;23;282.00
5396.00;972103805_0;116.86;10.37;4472.00;358.79;803785575#0_0;5.10;0.00;tripinfo_in_od_to_ko.110;924.00;in_od_to_ko.110;0;2307.67;0.96;0.00;696.15;car;;21;257.00
5396.00;45494495_0;58.90;12.38;4907.00;429.87;803785575#0_0;5.10;0.00;tripinfo_in_od_to_os.121;489.00;in_od_to_os.121;0;969.96;1.12;0.00;409.90;car;;24;202.00
5398.00;23156390_0;1121.44;11.07;4373.00;386.26;803785575#0_0;5.10;0.00;tripinfo_in_od_to_br.58;1025.00;in_od_to_br.58;0;3149.31;1.05;0.00;751.26;car;;23;260.00
5398.00;41899283#1_0;148.70;8.24;4403.00;370.67;803785575#0_0;5.10;0.00;tripinfo_in_od_to_as.74;995.00;in_od_to_as.74;0;2382.09;0.82;0.00;731.74;car;;16;292.00
5400.00;23156305_0;1264.14;10.45;4457.00;369.82;803785575#0_0;5.10;0.00;tripinfo_in_od_to_gg.87;943.00;in_od_to_gg.87;0;3669.96;1.03;0.00;621.86;car;;16;240.00
5400.00;41899283#1_0;148.70;10.25;4725.00;392.81;803785575#0_0;5.10;0.00;tripinfo_in_od_to_as.85;675.00;in_od_to_as.85;0;2382.09;0.94;0.00;445.53;car;;8;140.00
5402.00;45494495_0;58.90;10.74;4989.00;465.22;803785575#0_0;5.10;0.00;tripinfo_in_od_to_os.125;413.00;in_od_to_os.125;0;969.96;0.98;0.00;323.23;car;;16;133.00
5402.00;41899283#1_0;148.70;10.42;5125.00;3.09;-45494495_0;5.10;0.00;tripinfo_out_os_to_as.4;277.00;out_os_to_as.4;0;1746.47;0.98;0.00;115.67;car;;2;2.00
5403.00;23142338#2_0;290.21;9.98;4990.00;264.74;23687583_0;5.10;0.00;tripinfo_in_as_to_ns.72;413.00;in_as_to_ns.72;0;1995.73;1.00;0.00;232.09;car;;8;150.00
5404.00;23156030#6_0;109.07;10.79;5061.00;1.49;-23156305_0;5.10;0.00;tripinfo_out_gg_to_od.0;343.00;out_gg_to_od.0;0;3288.97;0.97;0.00;37.43;car;;1;10.00
5405.00;972103805_0;116.86;9.10;5078.00;0.71;-28716808#1_0;5.10;0.00;tripinfo_out_kl_to_ko.2;327.00;out_kl_to_ko.2;0;1927.03;0.91;0.00;135.61;car;;2;109.00
5410.00;230845886_0;633.12;10.11;4759.00;399.17;803785575#0_0;5.10;0.00;tripinfo_in_od_to_ba.100;651.00;in_od_to_ba.100;0;2382.14;0.96;0.00;426.13;car;;16;132.00
5411.00;45494495_0;58.90;9.84;5053.00;468.44;803785575#0_0;5.10;0.00;tripinfo_in_od_to_os.127;358.00;in_od_to_os.127;0;969.96;0.93;0.00;263.79;car;;17;126.00
5412.00;23156390_0;1121.44;9.55;4439.00;377.53;803785575#0_0;5.10;0.00;tripinfo_in_od_to_br.61;973.00;in_od_to_br.61;0;3149.31;0.94;0.00;667.71;car;;21;279.00
5412.00;230845886_0;633.12;11.18;5164.00;333.92;23687583_0;5.10;0.00;tripinfo_in_as_to_ba.61;248.00;in_as_to_ba.61;0;1356.50;1.03;0.00;129.41;car;;5;67.00
5413.00;45494495_0;58.90;8.98;4659.00;9.63;-23142338#2_0;5.10;0.00;tripinfo_in_ns_to_os.9;754.00;in_ns_to_os.9;0;1865.82;0.92;0.00;570.17;car;;6;524.00
5414.00;41899283#1_0;148.70;9.69;5155.00;0.43;-45494495_0;5.10;0.00;tripinfo_out_os_to_as.5;259.00;out_os_to_as.5;0;1746.47;0.96;0.00;92.78;car;;0;0.00
5415.00;23156030#6_0;109.07;12.63;5091.00;0.35;-23156390_0;5.10;0.00;tripinfo_out_br_to_od.1;324.00;out_br_to_od.1;0;2905.16;1.14;0.00;93.13;car;;1;36.00
5417.00;230845886_0;633.12;11.06;5223.00;2.52;-23527526_0;5.10;0.00;tripinfo_out_gj_to_ba.7;194.00;out_gj_to_ba.7;0;1702.89;1.10;0.00;53.15;car;;2;17.00
5419.00;23156305_0;1264.14;10.24;4494.00;348.78;803785575#0_0;5.10;0.00;tripinfo_in_od_to_gg.90;925.00;in_od_to_gg.90;0;3669.96;1.00;0.00;593.34;car;;17;220.00
5419.00;41899283#1_0;148.70;10.94;4734.00;398.39;803785575#0_0;5.10;0.00;tripinfo_in_od_to_as.86;685.00;in_od_to_as.86;0;2382.09;1.00;0.00;470.21;car;;12;141.00
5420.00;23156390_0;1121.44;11.06;4530.00;380.50;803785575#0_0;5.10;0.00;tripinfo_in_od_to_br.63;890.00;in_od_to_br.63;0;3149.31;1.11;0.00;630.90;car;;21;201.00
5422.00;23156030#6_0;109.07;11.56;5202.00;0.28;-230845886_0;5.10;0.00;tripinfo_out_ba_to_od.4;220.00;out_ba_to_od.4;0;2315.50;1.14;0.00;36.55;car;;1;1.00
5424.00;230845886_0;633.12;10.94;5140.00;2.61;-23156305_0;5.10;0.00;tripinfo_out_gg_to_ba.1;284.00;out_gg_to_ba.1;0;2288.16;1.01;0.00;79.29;car;;3;35.00
5425.00;23156305_0;1264.14;9.76;4537.00;386.74;803785575#0_0;5.10;0.00;tripinfo_in_od_to_gg.91;888.00;in_od_to_gg.91;0;3669.96;0.99;0.00;550.81;car;;18;176.00
5425.00;23156030#6_1;109.07;11.39;5339.00;0.04;-45494495_0;5.10;0.00;tripinfo_out_os_to_od.8;86.00;out_os_to_od.8;0;865.51;1.11;0.00;15.59;car;;0;0.00
5426.00;230845886_0;633.12;10.63;5152.00;0.87;-23156305_0;5.10;0.00;tripinfo_out_gg_to_ba.2;274.00;out_gg_to_ba.2;0;2288.16;1.04;0.00;76.18;car;;1;25.00
5429.00;23142338#2_0;290.21;9.59;5022.00;292.14;23687583_0;5.10;0.00;tripinfo_in_as_to_ns.73;407.00;in_as_to_ns.73;0;1995.73;0.93;0.00;213.10;car;;9;134.00
5430.00;23156030#6_0;109.07;10.07;5072.00;2.19;-23156305_0;5.10;0.00;tripinfo_out_gg_to_od.2;358.00;out_gg_to_od.2;0;3288.97;0.95;0.00;44.81;car;;1;5.00
5431.00;23142338#2_0;290.21;12.50;5045.00;312.49;23687583_0;5.10;0.00;tripinfo_in_as_to_ns.74;386.00;in_as_to_ns.74;0;1995.73;1.16;0.00;228.46;car;;5;123.00
5433.00;23142338#2_0;290.21;11.70;5098.00;3.79;-28716808#1_0;5.10;0.00;tripinfo_out_kl_to_ns.0;335.00;out_kl_to_ns.0;0;2305.34;1.09;0.00;142.97;car;;1;95.00
5433.00;45494495_0;58.90;8.09;5112.00;0.91;-23156305_0;5.10;0.00;tripinfo_out_gg_to_os.1;321.00;out_gg_to_os.1;0;2621.43;0.84;0.00;38.02;car;;1;11.00
5433.00;41899283#1_0;148.70;9.58;5187.00;0.93;-45494495_0;5.10;0.00;tripinfo_out_os_to_as.6;246.00;out_os_to_as.6;0;1746.47;0.89;0.00;68.26;car;;1;1.00
5439.00;23156030#6_0;109.07;9.84;5093.00;0.26;-23156305_0;5.10;0.00;tripinfo_out_gg_to_od.3;346.00;out_gg_to_od.3;0;3288.97;0.95;0.00;34.22;car;;1;5.00
5439.00;45494495_0;58.90;11.32;5264.00;1.35;-230845886_0;5.10;0.00;tripinfo_out_ba_to_os.5;175.00;out_ba_to_os.5;0;1647.96;1.08;0.00;36.89;car;;0;0.00
5442.00;230845886_0;633.12;12.51;4689.00;430.32;803785575#0_0;5.10;0.00;tripinfo_in_od_to_ba.96;753.00;in_od_to_ba.96;0;2382.14;1.23;0.00;577.74;car;;18;209.00
5442.00;41899283#1_0;148.70;9.42;5194.00;0.95;-45494495_0;5.10;0.00;tripinfo_out_os_to_as.7;248.00;out_os_to_as.7;0;1746.47;0.86;0.00;62.94;car;;0;0.00
5443.00;23156030#6_0;109.07;10.67;5178.00;0.69;-23527526_0;5.10;0.00;tripinfo_out_gj_to_od.1;265.00;out_gj_to_od.1;0;2703.70;1.02;0.00;24.38;car;;0;0.00
5445.00;41899283#1_0;148.70;10.01;4638.00;403.60;803785575#0_0;5.10;0.00;tripinfo_in_od_to_as.82;807.00;in_od_to_as.82;0;2382.09;0.97;0.00;586.03;car;;17;222.00
5446.00;28716808#1_0;754.74;8.26;4345.00;371.38;803785575#0_0;5.10;0.00;tripinfo_in_od_to_kl.58;1101.00;in_od_to_kl.58;0;2678.40;0.81;0.00;803.27;car;;34;327.00
5446.00;230845886_0;633.12;12.14;4664.00;410.26;803785575#0_0;5.10;0.00;tripinfo_in_od_to_ba.95;782.00;in_od_to_ba.95;0;2382.14;1.18;0.00;599.45;car;;18;216.00
5447.00;41899283#1_0;148.70;10.98;5218.00;1.33;-45494495_0;5.10;0.00;tripinfo_out_os_to_as.9;229.00;out_os_to_as.9;0;1746.47;1.08;0.00;82.42;car;;1;3.00
5448.00;28716808#1_0;754.74;9.70;4358.00;378.10;803785575#0_0;5.10;0.00;tripinfo_in_od_to_kl.59;1090.00;in_od_to_kl.59;0;2678.40;0.90;0.00;819.79;car;;27;323.00
5449.00;41899283#1_0;148.70;10.29;5214.00;0.16;-45494495_0;5.10;0.00;tripinfo_out_os_to_as.8;235.00;out_os_to_as.8;0;1746.47;0.97;0.00;71.69;car;;0;0.00
5450.00;23156390_0;1121.44;9.18;4393.00;373.12;803785575#0_0;5.10;0.00;tripinfo_in_od_to_br.59;1057.00;in_od_to_br.59;0;3149.31;0.91;0.00;741.71;car;;34;300.00
5451.00;45494495_0;58.90;10.18;5155.00;332.80;23687583_0;5.10;0.00;tripinfo_in_as_to_os.79;296.00;in_as_to_os.79;0;1689.77;1.00;0.00;142.99;car;;5;78.00
5451.00;41899283#1_0;148.70;12.46;5178.00;0.79;-23142338#2_0;5.10;0.00;tripinfo_out_ns_to_as.4;273.00;out_ns_to_as.4;0;2009.37;1.20;0.00;120.05;car;;2;85.00
5452.00;45494495_0;58.90;12.76;5158.00;335.73;23687583_0;5.10;0.00;tripinfo_in_as_to_os.80;294.00;in_as_to_os.80;0;1689.77;1.17;0.00;163.70;car;;5;75.00
5452.00;23156030#6_0;109.07;9.68;5360.00;0.88;-45494495_0;5.10;0.00;tripinfo_out_os_to_od.9;92.00;out_os_to_od.9;0;865.51;0.95;0.00;9.39;car;;0;0.00
5454.00;41899283#1_0;148.70;10.07;5230.00;0.69;-23142338#2_0;5.10;0.00;tripinfo_out_ns_to_as.5;224.00;out_ns_to_as.5;0;2009.37;1.01;0.00;41.79;car;;1;16.00
5456.00;41899283#1_0;148.70;11.06;5238.00;0.07;-23142338#2_0;5.10;0.00;tripinfo_out_ns_to_as.6;218.00;out_ns_to_as.6;0;2009.37;1.09;0.00;49.46;car;;2;18.00
5458.00;23156390_0;1121.44;12.27;4547.00;388.73;803785575#0_0;5.10;0.00;tripinfo_in_od_to_br.64;911.00;in_od_to_br.64;0;3149.31;1.14;0.00;661.47;car;;26;213.00
5462.00;230845886_0;633.12;10.92;5274.00;0.74;-23527526_0;5.10;0.00;tripinfo_out_gj_to_ba.9;188.00;out_gj_to_ba.9;0;1702.89;1.01;0.00;35.35;car;;1;2.00
5463.00;45494495_0;58.90;9.67;5146.00;0.65;-28716808#1_0;5.10;0.00;tripinfo_out_kl_to_os.2;317.00;out_kl_to_os.2;0;1989.49;0.88;0.00;111.29;car;;3;78.00
5467.00;41899283#1_0;148.70;11.83;4631.00;401.71;803785575#0_0;5.10;0.00;tripinfo_in_od_to_as.81;836.00;in_od_to_as.81;0;2382.09;1.09;0.00;638.31;car;;16;216.00
5469.00;28706217_0;94.10;7.47;5106.00;0.76;-45494495_0;5.10;0.00;tripinfo_out_os_to_sl.0;363.00;out_os_to_sl.0;0;484.95;0.92;0.00;310.32;car;;4;282.00
5469.00;41899283#1_0;148.70;11.54;5249.00;0.59;-45494495_0;5.10;0.00;tripinfo_out_os_to_as.10;220.00;out_os_to_as.10;0;1746.47;1.13;0.00;79.46;car;;1;1.00
5472.00;972103805_0;116.86;11.86;4478.00;354.84;803785575#0_0;5.10;0.00;tripinfo_in_od_to_ko.111;994.00;in_od_to_ko.111;0;2307.67;1.07;0.00;788.41;car;;21;328.00
5472.00;28706217_0;94.10;7.33;4944.00;13.91;-230845886_0;5.10;0.00;tripinfo_in_ba_to_sl.64;528.00;in_ba_to_sl.64;0;1934.94;0.93;0.00;335.08;car;;4;281.00
5473.00;23156305_0;1264.14;12.65;5064.00;3.08;-45494495_0;5.10;0.00;tripinfo_in_os_to_gg.28;409.00;in_os_to_gg.28;0;3034.34;1.15;0.00;167.81;car;;2;3.00
5473.00;230845886_0;633.12;9.84;5271.00;0.51;-23527526_0;5.10;0.00;tripinfo_out_gj_to_ba.8;202.00;out_gj_to_ba.8;0;1702.89;0.92;0.00;34.81;car;;3;9.00
5474.00;28706217_0;94.10;6.86;5122.00;0.56;-45494495_0;5.10;0.00;tripinfo_out_os_to_sl.1;352.00;out_os_to_sl.1;0;484.95;0.92;0.00;299.01;car;;4;273.00
5475.00;41899283#1_0;148.70;12.90;4813.00;420.21;803785575#0_0;5.10;0.00;tripinfo_in_od_to_as.90;662.00;in_od_to_as.90;0;2382.09;1.18;0.00;479.04;car;;12;142.00
5475.00;23156390_0;1121.44;10.68;5176.00;322.72;23687583_0;5.10;0.00;tripinfo_in_as_to_br.24;299.00;in_as_to_br.24;0;1694.48;1.07;0.00;155.37;car;;4;85.00
5476.00;972103805_0;116.86;9.61;4559.00;386.42;803785575#0_0;5.10;0.00;tripinfo_in_od_to_ko.113;917.00;in_od_to_ko.113;0;2307.67;0.97;0.00;691.22;car;;21;229.00
5476.00;28706217_0;94.10;8.35;4895.00;277.53;23687583_0;5.10;0.00;tripinfo_in_as_to_sl.94;581.00;in_as_to_sl.94;0;1976.75;1.10;0.00;414.12;car;;10;285.00
5476.00;230845886_0;633.12;9.56;5226.00;0.10;-23156305_0;5.10;0.00;tripinfo_out_gg_to_ba.3;250.00;out_gg_to_ba.3;0;2288.16;0.96;0.00;35.01;car;;1;10.00
5477.00;23156390_0;1121.44;11.54;4568.00;381.44;803785575#0_0;5.10;0.00;tripinfo_in_od_to_br.65;909.00;in_od_to_br.65;0;3149.31;1.10;0.00;648.10;car;;22;193.00
5477.00;23156305_0;1264.14;11.51;4700.00;424.64;803785575#0_0;5.10;0.00;tripinfo_in_od_to_gg.92;777.00;in_od_to_gg.92;0;3669.96;1.13;0.00;480.86;car;;15;104.00
5478.00;230845886_0;633.12;11.20;5229.00;1.67;-23156305_0;5.10;0.00;tripinfo_out_gg_to_ba.4;249.00;out_gg_to_ba.4;0;2288.16;1.01;0.00;44.26;car;;1;9.00
5479.00;972103805_0;116.86;11.01;4589.00;389.88;803785575#0_0;5.10;0.00;tripinfo_in_od_to_ko.114;890.00;in_od_to_ko.114;0;2307.67;1.03;0.00;676.26;car;;25;224.00
5480.00;45494495_0;58.90;9.54;5172.00;3.06;-23156305_0;5.10;0.00;tripinfo_out_gg_to_os.2;308.00;out_gg_to_os.2;0;2621.43;0.95;0.00;58.06;car;;1;10.00
5480.00;41899283#1_0;148.70;10.92;5266.00;0.10;-23156305_0;5.10;0.00;tripinfo_out_gg_to_as.1;214.00;out_gg_to_as.1;0;1699.56;1.00;0.00;59.08;car;;2;34.00
5482.00;972103805_0;116.86;10.32;5188.00;0.74;-23156305_0;5.10;0.00;tripinfo_out_gg_to_ko.0;294.00;out_gg_to_ko.0;0;2416.59;1.04;0.00;82.29;car;;2;26.00
5484.00;45494495_0;58.90;10.54;5170.00;326.66;23687583_0;5.10;0.00;tripinfo_in_as_to_os.81;314.00;in_as_to_os.81;0;1689.77;1.02;0.00;164.20;car;;4;91.00
5484.00;23156030#6_0;109.07;10.13;5396.00;0.29;-45494495_0;5.10;0.00;tripinfo_out_os_to_od.10;88.00;out_os_to_od.10;0;865.51;0.97;0.00;7.07;car;;0;0.00
5485.00;28716808#1_0;754.74;9.38;5009.00;0.73;-45494495_0;5.10;0.00;tripinfo_in_os_to_kl.19;476.00;in_os_to_kl.19;0;2042.78;0.87;0.00;262.98;car;;7;56.00
5486.00;28706217_0;94.10;5.91;5172.00;0.54;-45494495_0;5.10;0.00;tripinfo_out_os_to_sl.2;314.00;out_os_to_sl.2;0;484.95;0.79;0.00;251.92;car;;5;223.00
5488.00;28716808#1_0;754.74;9.19;4592.00;388.45;803785575#0_0;5.10;0.00;tripinfo_in_od_to_kl.63;896.00;in_od_to_kl.63;0;2678.40;0.86;0.00;614.29;car;;17;185.00
5488.00;230845886_0;633.12;9.39;4831.00;423.01;803785575#0_0;5.10;0.00;tripinfo_in_od_to_ba.103;657.00;in_od_to_ba.103;0;2382.14;0.90;0.00;416.96;car;;14;121.00
5488.00;28706217_0;94.10;7.36;5224.00;0.41;-45494495_0;5.10;0.00;tripinfo_out_os_to_sl.3;264.00;out_os_to_sl.3;0;484.95;1.04;0.00;216.92;car;;5;176.00
5489.00;23142338#2_0;290.21;9.06;5048.00;303.53;23687583_0;5.10;0.00;tripinfo_in_as_to_ns.75;441.00;in_as_to_ns.75;0;1995.73;0.92;0.00;242.70;car;;8;167.00
5490.00;28716808#1_0;754.74;10.23;4663.00;414.93;803785575#0_0;5.10;0.00;tripinfo_in_od_to_kl.65;827.00;in_od_to_kl.65;0;2678.40;1.03;0.00;591.82;car;;19;168.00
5490.00;230845886_0;633.12;10.25;4822.00;423.16;803785575#0_0;5.10;0.00;tripinfo_in_od_to_ba.101;668.00;in_od_to_ba.101;0;2382.14;1.02;0.00;456.49;car;;17;138.00
5490.00;23142338#2_0;290.21;11.34;5052.00;306.68;23687583_0;5.10;0.00;tripinfo_in_as_to_ns.76;438.00;in_as_to_ns.76;0;1995.73;1.10;0.00;273.37;car;;8;163.00
5491.00;28716808#1_0;754.74;12.63;4713.00;390.14;803785575#0_0;5.10;0.00;tripinfo_in_od_to_kl.66;778.00;in_od_to_kl.66;0;2678.40;1.18;0.00;573.23;car;;13;126.00
5491.00;230845886_0;633.12;11.06;4844.00;421.64;803785575#0_0;5.10;0.00;tripinfo_in_od_to_ba.104;647.00;in_od_to_ba.104;0;2382.14;1.05;0.00;442.39;car;;15;120.00
5491.00;28706217_0;94.10;6.47;5050.00;0.78;-28716808#1_0;5.10;0.00;tripinfo_out_kl_to_sl.0;441.00;out_kl_to_sl.0;0;2276.47;0.91;0.00;209.43;car;;7;149.00
5493.00;972103805_0;116.86;11.40;4595.00;387.71;803785575#0_0;5.10;0.00;tripinfo_in_od_to_ko.115;898.00;in_od_to_ko.115;0;2307.67;1.06;0.00;691.18;car;;23;238.00
5493.00;28706217_0;94.10;6.71;4984.00;275.03;23687583_0;5.10;0.00;tripinfo_in_as_to_sl.95;509.00;in_as_to_sl.95;0;1976.75;0.91;0.00;308.64;car;;11;207.00
5493.00;230845886_0;633.12;10.49;5249.00;0.71;-23156305_0;5.10;0.00;tripinfo_out_gg_to_ba.5;244.00;out_gg_to_ba.5;0;2288.16;1.04;0.00;45.68;car;;1;6.00
5495.00;972103805_0;116.86;12.23;4604.00;391.11;803785575#0_0;5.10;0.00;tripinfo_in_od_to_ko.116;891.00;in_od_to_ko.116;0;2307.67;1.17;0.00;703.31;car;;23;242.00
5495.00;28706217_0;94.10;8.89;5099.00;333.14;23687583_0;5.10;0.00;tripinfo_in_as_to_sl.96;396.00;in_as_to_sl.96;0;1976.75;1.15;0.00;235.98;car;;5;143.00
5495.00;45494495_0;58.90;9.11;5173.00;327.57;23687583_0;5.10;0.00;tripinfo_in_as_to_os.82;322.00;in_as_to_os.82;0;1689.77;0.88;0.00;148.30;car;;4;88.00
5495.00;41899283#1_0;148.70;9.29;5338.00;0.94;-230845886_0;5.10;0.00;tripinfo_out_ba_to_as.5;157.00;out_ba_to_as.5;0;1430.78;0.90;0.00;13.22;car;;0;0.00
5497.00;28706217_0;94.10;8.50;5075.00;0.46;-23527526_0;5.10;0.00;tripinfo_out_gj_to_sl.0;422.00;out_gj_to_sl.0;0;2323.14;1.13;0.00;231.30;car;;3;131.00
5497.00;45494495_0;58.90;9.57;5206.00;0.87;-23156390_0;5.10;0.00;tripinfo_out_br_to_os.1;291.00;out_br_to_os.1;0;2237.62;0.94;0.00;76.90;car;;1;47.00
5497.00;41899283#1_0;148.70;10.21;5241.00;1.95;-23142338#2_0;5.10;0.00;tripinfo_out_ns_to_as.7;256.00;out_ns_to_as.7;0;2009.37;0.94;0.00;62.52;car;;3;32.00
5499.00;41899283#1_0;148.70;10.91;5282.00;0.10;-23142338#2_0;5.10;0.00;tripinfo_out_ns_to_as.8;217.00;out_ns_to_as.8;0;2009.37;1.05;0.00;42.84;car;;2;11.00
5501.00;23156030#6_0;109.07;10.51;5115.00;3.11;-23156305_0;5.10;0.00;tripinfo_out_gg_to_od.4;386.00;out_gg_to_od.4;0;3288.97;0.96;0.00;77.40;car;;1;10.00
5502.00;41899283#1_0;148.70;11.43;5285.00;1.20;-23142338#2_0;5.10;0.00;tripinfo_out_ns_to_as.9;217.00;out_ns_to_as.9;0;2009.37;1.06;0.00;44.07;car;;1;7.00
5503.00;28706217_0;94.10;7.84;5174.00;0.90;-230845886_0;5.10;0.00;tripinfo_out_ba_to_sl.0;329.00;out_ba_to_sl.0;0;1934.94;0.99;0.00;147.25;car;;4;92.00
5504.00;23156030#6_1;109.07;10.81;5261.00;4.36;-230845886_0;5.10;0.00;tripinfo_out_ba_to_od.6;243.00;out_ba_to_od.6;0;2315.50;1.01;0.00;35.91;car;;0;0.00
5505.00;28716808#1_0;754.74;9.65;4719.00;390.18;803785575#0_0;5.10;0.00;tripinfo_in_od_to_kl.67;786.00;in_od_to_kl.67;0;2678.40;0.91;0.00;520.44;car;;14;184.00
5505.00;41899283#1_0;148.70;10.78;4846.00;423.22;803785575#0_0;5.10;0.00;tripinfo_in_od_to_as.91;659.00;in_od_to_as.91;0;2382.09;1.06;0.00;455.78;car;;17;128.00
5505.00;23156030#6_0;109.07;10.03;5118.00;3.50;-23156305_0;5.10;0.00;tripinfo_out_gg_to_od.5;387.00;out_gg_to_od.5;0;3288.97;0.96;0.00;76.70;car;;2;14.00
5505.00;28706217_0;94.10;9.04;5187.00;0.67;-230845886_0;5.10;0.00;tripinfo_out_ba_to_sl.1;318.00;out_ba_to_sl.1;0;1934.94;1.12;0.00;156.98;car;;4;89.00
5505.00;972103805_0;116.86;10.35;5215.00;1.96;-23156305_0;5.10;0.00;tripinfo_out_gg_to_ko.1;290.00;out_gg_to_ko.1;0;2416.59;1.01;0.00;71.82;car;;3;23.00
5507.00;41899283#1_0;148.70;11.51;4789.00;414.68;803785575#0_0;5.10;0.00;tripinfo_in_od_to_as.89;718.00;in_od_to_as.89;0;2382.09;1.12;0.00;525.49;car;;18;162.00
5507.00;23142338#2_0;290.21;9.50;5105.00;330.86;23687583_0;5.10;0.00;tripinfo_in_as_to_ns.77;402.00;in_as_to_ns.77;0;1995.73;0.96;0.00;212.59;car;;8;150.00
5509.00;23156030#6_0;109.07;10.68;5258.00;3.40;-230845886_0;5.10;0.00;tripinfo_out_ba_to_od.5;251.00;out_ba_to_od.5;0;2315.50;0.98;0.00;37.82;car;;2;2.00
5514.00;230845886_0;633.12;8.62;4849.00;425.47;803785575#0_0;5.10;0.00;tripinfo_in_od_to_ba.105;665.00;in_od_to_ba.105;0;2382.14;0.84;0.00;407.82;car;;17;126.00
5515.00;28706217_0;94.10;6.38;5070.00;0.38;-23156390_0;5.10;0.00;tripinfo_out_br_to_sl.0;445.00;out_br_to_sl.0;0;2524.60;0.91;0.00;187.79;car;;4;118.00
5516.00;23156305_0;1264.14;10.21;4716.00;392.20;803785575#0_0;5.10;0.00;tripinfo_in_od_to_gg.93;800.00;in_od_to_gg.93;0;3669.96;0.97;0.00;457.35;car;;10;85.00
5516.00;28716808#1_0;754.74;10.21;4737.00;401.11;803785575#0_0;5.10;0.00;tripinfo_in_od_to_kl.68;779.00;in_od_to_kl.68;0;2678.40;0.95;0.00;523.17;car;;19;172.00
5516.00;41899283#1_0;148.70;10.76;4858.00;414.36;803785575#0_0;5.10;0.00;tripinfo_in_od_to_as.92;658.00;in_od_to_as.92;0;2382.09;1.00;0.00;442.95;car;;15;137.00
5517.00;28706217_0;94.10;7.07;5105.00;0.07;-23156390_0;5.10;0.00;tripinfo_out_br_to_sl.1;412.00;out_br_to_sl.1;0;2524.60;0.97;0.00;171.82;car;;5;95.00
5517.00;41899283#1_0;148.70;12.17;5353.00;0.20;-23156305_0;5.10;0.00;tripinfo_out_gg_to_as.2;164.00;out_gg_to_as.2;0;1699.56;1.14;0.00;27.77;car;;0;0.00
5522.00;23156305_0;1264.14;11.50;4728.00;395.74;803785575#0_0;5.10;0.00;tripinfo_in_od_to_gg.94;794.00;in_od_to_gg.94;0;3669.96;1.09;0.00;489.53;car;;11;140.00
5523.00;23156390_0;1121.44;9.93;4571.00;383.49;803785575#0_0;5.10;0.00;tripinfo_in_od_to_br.66;952.00;in_od_to_br.66;0;3149.31;0.92;0.00;642.78;car;;20;204.00
5523.00;28706217_0;94.10;7.40;5120.00;0.03;-23156390_0;5.10;0.00;tripinfo_out_br_to_sl.2;403.00;out_br_to_sl.2;0;2524.60;0.94;0.00;154.54;car;;4;78.00
5524.00;45494495_0;58.90;9.10;4793.00;0.02;-23142338#2_0;5.10;0.00;tripinfo_in_ns_to_os.10;731.00;in_ns_to_os.10;0;1865.82;0.91;0.00;545.78;car;;5;508.00
5526.00;45494495_0;58.90;10.23;5236.00;0.44;-23156305_0;5.10;0.00;tripinfo_out_gg_to_os.3;290.00;out_gg_to_os.3;0;2621.43;0.93;0.00;35.53;car;;1;2.00
5527.00;230845886_0;633.12;9.30;4888.00;428.90;803785575#0_0;5.10;0.00;tripinfo_in_od_to_ba.106;639.00;in_od_to_ba.106;0;2382.14;0.85;0.00;385.73;car;;18;129.00
5527.00;23156030#6_0;109.07;9.23;5175.00;0.67;-23156390_0;5.10;0.00;tripinfo_out_br_to_od.2;352.00;out_br_to_od.2;0;2905.16;0.85;0.00;42.01;car;;2;5.00
5529.00;230845886_0;633.12;11.38;4577.00;382.92;803785575#0_0;5.10;0.00;tripinfo_in_od_to_ba.91;952.00;in_od_to_ba.91;0;2382.14;1.07;0.00;751.35;car;;19;203.00
5529.00;28706217_0;94.10;7.97;5146.00;343.38;23687583_0;5.10;0.00;tripinfo_in_as_to_sl.97;383.00;in_as_to_sl.97;0;1976.75;1.05;0.00;209.17;car;;6;98.00
5530.00;23142338#2_0;290.21;11.83;5241.00;0.01;-230845886_0;5.10;0.00;tripinfo_out_ba_to_ns.0;289.00;out_ba_to_ns.0;0;2346.36;1.07;0.00;90.57;car;;2;66.00
5531.00;230845886_0;633.12;11.40;4960.00;465.63;803785575#0_0;5.10;0.00;tripinfo_in_od_to_ba.107;571.00;in_od_to_ba.107;0;2382.14;1.04;0.00;363.89;car;;17;124.00
5535.00;23142338#2_0;290.21;11.57;4634.00;404.11;803785575#0_0;5.10;0.00;tripinfo_in_od_to_ns.26;901.00;in_od_to_ns.26;0;1928.29;1.07;0.00;726.29;car;;24;268.00
5535.00;28716808#1_0;754.74;7.69;4750.00;394.73;803785575#0_0;5.10;0.00;tripinfo_in_od_to_kl.69;785.00;in_od_to_kl.69;0;2678.40;0.79;0.00;478.23;car;;16;162.00
5536.00;23156390_0;1121.44;10.88;4722.00;390.89;803785575#0_0;5.10;0.00;tripinfo_in_od_to_br.71;814.00;in_od_to_br.71;0;3149.31;1.09;0.00;552.01;car;;13;182.00
5537.00;28716808#1_0;754.74;11.08;4762.00;399.33;803785575#0_0;5.10;0.00;tripinfo_in_od_to_kl.70;775.00;in_od_to_kl.70;0;2678.40;1.04;0.00;541.74;car;;19;155.00
5537.00;28706217_0;94.10;7.38;5149.00;344.15;23687583_0;5.10;0.00;tripinfo_in_as_to_sl.98;388.00;in_as_to_sl.98;0;1976.75;0.91;0.00;185.94;car;;6;81.00
5538.00;41899283#1_0;148.70;9.50;5365.00;2.84;-230845886_0;5.10;0.00;tripinfo_out_ba_to_as.6;173.00;out_ba_to_as.6;0;1430.78;0.87;0.00;24.52;car;;1;7.00
5539.00;28706217_0;94.10;7.47;5158.00;0.03;-28716808#1_0;5.10;0.00;tripinfo_out_kl_to_sl.1;381.00;out_kl_to_sl.1;0;2276.47;1.03;0.00;176.41;car;;2;75.00
5540.00;41899283#1_0;148.70;11.38;5377.00;0.59;-230845886_0;5.10;0.00;tripinfo_out_ba_to_as.7;163.00;out_ba_to_as.7;0;1430.78;1.03;0.00;36.40;car;;1;7.00
5542.00;28706217_0;94.10;7.99;5161.00;2.04;-28716808#1_0;5.10;0.00;tripinfo_out_kl_to_sl.2;381.00;out_kl_to_sl.2;0;2276.47;1.01;0.00;172.80;car;;2;74.00
5543.00;23156030#6_1;109.07;10.82;5169.00;0.55;-23156305_0;5.10;0.00;tripinfo_out_gg_to_od.8;374.00;out_gg_to_od.8;0;3288.97;1.05;0.00;89.53;car;;1;10.00
5544.00;23156030#6_1;109.07;12.23;5181.00;0.59;-23156305_0;5.10;0.00;tripinfo_out_gg_to_od.10;363.00;out_gg_to_od.10;0;3288.97;1.15;0.00;105.38;car;;1;7.00
5545.00;972103805_0;116.86;10.30;5245.00;4.23;-23156305_0;5.10;0.00;tripinfo_out_gg_to_ko.2;300.00;out_gg_to_ko.2;0;2416.59;0.98;0.00;75.36;car;;2;33.00
5546.00;23142338#2_0;290.21;9.52;5114.00;321.08;23687583_0;5.10;0.00;tripinfo_in_as_to_ns.78;432.00;in_as_to_ns.78;0;1995.73;0.97;0.00;244.08;car;;11;167.00
5546.00;41899283#1_0;148.70;10.77;5279.00;0.80;-23156390_0;5.10;0.00;tripinfo_out_br_to_as.0;267.00;out_br_to_as.0;0;2020.44;1.04;0.00;91.18;car;;2;23.00
5547.00;28716808#1_0;754.74;10.31;4655.00;407.02;803785575#0_0;5.10;0.00;tripinfo_in_od_to_kl.64;892.00;in_od_to_kl.64;0;2678.40;0.98;0.00;644.02;car;;14;147.00
5547.00;23156030#6_0;109.07;9.14;5143.00;3.78;-23156305_0;5.10;0.00;tripinfo_out_gg_to_od.6;404.00;out_gg_to_od.6;0;3288.97;0.88;0.00;67.70;car;;1;27.00
5547.00;23156030#6_1;109.07;11.07;5178.00;2.56;-23156305_0;5.10;0.00;tripinfo_out_gg_to_od.9;369.00;out_gg_to_od.9;0;3288.97;1.06;0.00;89.21;car;;1;8.00
5548.00;23142338#2_0;290.21;11.02;5175.00;2.71;-23156305_0;5.10;0.00;tripinfo_out_gg_to_ns.1;373.00;out_gg_to_ns.1;0;2927.39;1.10;0.00;131.89;car;;4;58.00
5548.00;23156030#6_1;109.07;11.43;5333.00;0.19;-230845886_0;5.10;0.00;tripinfo_out_ba_to_od.7;215.00;out_ba_to_od.7;0;2315.50;1.14;0.00;31.67;car;;0;0.00
5549.00;28716808#1_0;754.74;12.39;4777.00;408.90;803785575#0_0;5.10;0.00;tripinfo_in_od_to_kl.71;772.00;in_od_to_kl.71;0;2678.40;1.13;0.00;557.73;car;;16;163.00
5551.00;23156030#6_0;109.07;8.81;5165.00;0.99;-23156305_0;5.10;0.00;tripinfo_out_gg_to_od.7;386.00;out_gg_to_od.7;0;3288.97;0.88;0.00;50.15;car;;1;10.00
5552.00;41899283#1_0;148.70;11.66;5282.00;0.28;-23156390_0;5.10;0.00;tripinfo_out_br_to_as.1;270.00;out_br_to_as.1;0;2020.44;1.05;0.00;96.06;car;;3;23.00
5554.00;41899283#1_0;148.70;11.62;4746.00;397.66;803785575#0_0;5.10;0.00;tripinfo_in_od_to_as.88;808.00;in_od_to_as.88;0;2382.09;1.08;0.00;608.67;car;;24;222.00
5554.00;28716808#1_0;754.74;11.32;4807.00;415.08;803785575#0_0;5.10;0.00;tripinfo_in_od_to_kl.72;747.00;in_od_to_kl.72;0;2678.40;1.03;0.00;510.98;car;;14;148.00
5554.00;45494495_0;58.90;8.74;4858.00;0.28;-23142338#2_0;5.10;0.00;tripinfo_in_ns_to_os.11;696.00;in_ns_to_os.11;0;1865.82;0.84;0.00;496.26;car;;5;457.00
5555.00;28706217_0;94.10;8.17;5202.00;0.78;-23156305_0;5.10;0.00;tripinfo_out_gg_to_sl.0;353.00;out_gg_to_sl.0;0;2908.41;0.98;0.00;81.04;car;;3;20.00
5556.00;230845886_0;633.12;9.93;4550.00;389.73;803785575#0_0;5.10;0.00;tripinfo_in_od_to_ba.88;1006.00;in_od_to_ba.88;0;2382.14;0.97;0.00;784.76;car;;29;262.00
5556.00;28716808#1_0;754.74;11.52;4834.00;421.71;803785575#0_0;5.10;0.00;tripinfo_in_od_to_kl.73;722.00;in_od_to_kl.73;0;2678.40;1.12;0.00;505.60;car;;15;123.00
5556.00;45494495_0;58.90;9.47;5170.00;0.53;-28716808#1_0;5.10;0.00;tripinfo_out_kl_to_os.3;386.00;out_kl_to_os.3;0;1989.49;0.96;0.00;197.72;car;;5;143.00
5557.00;28716808#1_0;754.74;11.66;4852.00;413.13;803785575#0_0;5.10;0.00;tripinfo_in_od_to_kl.74;705.00;in_od_to_kl.74;0;2678.40;1.16;0.00;496.54;car;;18;140.00
5557.00;23142338#2_0;290.21;11.02;5179.00;311.96;23687583_0;5.10;0.00;tripinfo_in_as_to_ns.79;378.00;in_as_to_ns.79;0;1995.73;1.09;0.00;211.96;car;;7;127.00
5557.00;28706217_0;94.10;8.83;5218.00;0.64;-23156305_0;5.10;0.00;tripinfo_out_gg_to_sl.1;339.00;out_gg_to_sl.1;0;2908.41;1.17;0.00;110.73;car;;2;15.00
5558.00;230845886_0;633.12;11.39;4556.00;386.43;803785575#0_0;5.10;0.00;tripinfo_in_od_to_ba.89;1002.00;in_od_to_ba.89;0;2382.14;1.07;0.00;800.37;car;;30;258.00
5558.00;45494495_0;58.90;10.07;4920.00;2.34;-23142338#2_0;5.10;0.00;tripinfo_in_ns_to_os.12;638.00;in_ns_to_os.12;0;1865.82;0.95;0.00;460.57;car;;5;411.00
5559.00;28706217_0;94.10;8.96;5362.00;0.32;-230845886_0;5.10;0.00;tripinfo_out_ba_to_sl.2;197.00;out_ba_to_sl.2;0;1934.94;1.09;0.00;32.22;car;;0;0.00
5560.00;45494495_0;58.90;11.36;5040.00;0.77;-23142338#2_0;5.10;0.00;tripinfo_in_ns_to_os.13;520.00;in_ns_to_os.13;0;1865.82;1.12;0.00;368.81;car;;5;307.00
5561.00;41899283#1_0;148.70;10.77;4993.00;465.31;803785575#0_0;5.10;0.00;tripinfo_in_od_to_as.94;568.00;in_od_to_as.94;0;2382.09;1.00;0.00;351.83;car;;24;148.00
5561.00;28706217_0;94.10;8.85;4820.00;2.40;-23142338#2_0;5.10;0.00;tripinfo_in_ns_to_sl.13;741.00;in_ns_to_sl.13;0;1619.36;1.22;0.00;606.42;car;;8;533.00
5563.00;230845886_0;633.12;10.34;5326.00;1.64;-23156390_0;5.10;0.00;tripinfo_out_br_to_ba.0;237.00;out_br_to_ba.0;0;1904.35;1.01;0.00;66.18;car;;2;24.00
5564.00;41899283#1_0;148.70;10.64;5417.00;0.83;-230845886_0;5.10;0.00;tripinfo_out_ba_to_as.8;147.00;out_ba_to_as.8;0;1430.78;1.03;0.00;21.94;car;;1;7.00
5565.00;45494495_0;58.90;11.82;4613.00;392.98;803785575#0_0;5.10;0.00;tripinfo_in_od_to_os.113;952.00;in_od_to_os.113;0;969.96;1.10;0.00;871.78;car;;29;411.00
5567.00;41899283#1_0;148.70;12.07;4994.00;459.13;803785575#0_0;5.10;0.00;tripinfo_in_od_to_as.95;573.00;in_od_to_as.95;0;2382.09;1.09;0.00;375.13;car;;18;138.00
5568.00;23156305_0;1264.14;9.81;4436.00;378.72;803785575#0_0;5.10;0.00;tripinfo_in_od_to_gg.85;1132.00;in_od_to_gg.85;0;3669.96;0.95;0.00;782.53;car;;22;284.00
5568.00;23156390_0;1121.44;10.68;4688.00;433.56;803785575#0_0;5.10;0.00;tripinfo_in_od_to_br.70;880.00;in_od_to_br.70;0;3149.31;0.99;0.00;591.49;car;;15;216.00
5568.00;972103805_0;116.86;8.45;5215.00;0.26;-23156390_0;5.10;0.00;tripinfo_out_br_to_ko.0;353.00;out_br_to_ko.0;0;2703.95;0.86;0.00;66.68;car;;2;31.00
5570.00;23156390_0;1121.44;10.85;4424.00;376.40;803785575#0_0;5.10;0.00;tripinfo_in_od_to_br.60;1146.00;in_od_to_br.60;0;3149.31;1.09;0.00;884.63;car;;20;308.00
5570.00;23156305_0;1264.14;10.79;4774.00;406.68;803785575#0_0;5.10;0.00;tripinfo_in_od_to_gg.96;796.00;in_od_to_gg.96;0;3669.96;1.01;0.00;464.49;car;;12;126.00
5570.00;972103805_0;116.86;11.07;5265.00;0.02;-28716808#1_0;5.10;0.00;tripinfo_out_kl_to_ko.3;305.00;out_kl_to_ko.3;0;1927.03;1.03;0.00;135.07;car;;2;103.00
5571.00;45494495_0;58.90;9.51;5073.00;452.43;803785575#0_0;5.10;0.00;tripinfo_in_od_to_os.128;498.00;in_od_to_os.128;0;969.96;0.97;0.00;407.54;car;;18;239.00
5572.00;972103805_0;116.86;12.56;4628.00;400.08;803785575#0_0;5.10;0.00;tripinfo_in_od_to_ko.117;944.00;in_od_to_ko.117;0;2307.67;1.23;0.00;764.32;car;;27;275.00
5573.00;41899283#1_0;148.70;11.50;5022.00;465.27;803785575#0_0;5.10;0.00;tripinfo_in_od_to_as.96;551.00;in_od_to_as.96;0;2382.09;1.06;0.00;348.08;car;;20;139.00
5573.00;23156030#6_0;109.07;9.30;5481.00;0.02;-45494495_0;5.10;0.00;tripinfo_out_os_to_od.11;92.00;out_os_to_od.11;0;865.51;0.93;0.00;7.79;car;;0;0.00
5576.00;28716808#1_0;754.74;9.88;5277.00;393.73;23687583_0;5.10;0.00;tripinfo_in_as_to_kl.23;299.00;in_as_to_kl.23;0;1207.92;0.98;0.00;186.40;car;;5;123.00
5576.00;23156030#6_0;109.07;9.54;5212.00;0.64;-23156305_0;5.10;0.00;tripinfo_out_gg_to_od.11;364.00;out_gg_to_od.11;0;3288.97;0.94;0.00;47.04;car;;1;17.00
5577.00;45494495_0;58.90;8.24;5194.00;0.11;-28716808#1_0;5.10;0.00;tripinfo_out_kl_to_os.4;383.00;out_kl_to_os.4;0;1989.49;0.81;0.00;159.94;car;;3;115.00
5578.00;28716808#1_0;754.74;10.48;4867.00;417.84;803785575#0_0;5.10;0.00;tripinfo_in_od_to_kl.77;711.00;in_od_to_kl.77;0;2678.40;1.05;0.00;478.83;car;;20;151.00
5578.00;23142338#2_0;290.21;11.94;5357.00;0.06;-230845886_0;5.10;0.00;tripinfo_out_ba_to_ns.1;221.00;out_ba_to_ns.1;0;2346.36;1.14;0.00;34.03;car;;1;8.00
5579.00;45494495_0;58.90;9.90;5398.00;0.41;-230845886_0;5.10;0.00;tripinfo_out_ba_to_os.6;181.00;out_ba_to_os.6;0;1647.96;0.96;0.00;25.41;car;;0;0.00
5580.00;28716808#1_0;754.74;10.34;4855.00;415.18;803785575#0_0;5.10;0.00;tripinfo_in_od_to_kl.75;725.00;in_od_to_kl.75;0;2678.40;1.00;0.00;481.69;car;;24;145.00
5581.00;45494495_0;58.90;8.81;5094.00;465.04;803785575#0_0;5.10;0.00;tripinfo_in_od_to_os.130;487.00;in_od_to_os.130;0;969.96;0.89;0.00;388.40;car;;16;230.00
5583.00;28716808#1_0;754.74;10.55;4864.00;416.14;803785575#0_0;5.10;0.00;tripinfo_in_od_to_kl.76;719.00;in_od_to_kl.76;0;2678.40;0.95;0.00;464.40;car;;16;134.00
5583.00;45494495_0;58.90;11.60;5076.00;454.33;803785575#0_0;5.10;0.00;tripinfo_in_od_to_os.129;507.00;in_od_to_os.129;0;969.96;1.06;0.00;423.44;car;;20;232.00
5586.00;23156305_0;1264.14;11.01;4771.00;404.81;803785575#0_0;5.10;0.00;tripinfo_in_od_to_gg.95;815.00;in_od_to_gg.95;0;3669.96;1.02;0.00;488.71;car;;14;138.00
5586.00;230845886_0;633.12;7.98;4828.00;420.78;803785575#0_0;5.10;0.00;tripinfo_in_od_to_ba.102;758.00;in_od_to_ba.102;0;2382.14;0.83;0.00;498.35;car;;20;212.00
5587.00;23156390_0;1121.44;9.75;4615.00;394.51;803785575#0_0;5.10;0.00;tripinfo_in_od_to_br.67;972.00;in_od_to_br.67;0;3149.31;0.98;0.00;679.55;car;;18;235.00
5587.00;41899283#1_0;148.70;8.88;5291.00;0.12;-23142338#2_0;5.10;0.00;tripinfo_out_ns_to_as.10;296.00;out_ns_to_as.10;0;2009.37;0.87;0.00;86.29;car;;2;59.00
5588.00;230845886_0;633.12;11.65;4598.00;390.32;803785575#0_0;5.10;0.00;tripinfo_in_od_to_ba.92;990.00;in_od_to_ba.92;0;2382.14;1.08;0.00;789.63;car;;26;249.00
5588.00;23156305_0;1264.14;11.05;4798.00;411.42;803785575#0_0;5.10;0.00;tripinfo_in_od_to_gg.98;790.00;in_od_to_gg.98;0;3669.96;1.05;0.00;474.45;car;;14;154.00
5588.00;45494495_0;58.90;10.12;5307.00;0.13;-23156305_0;5.10;0.00;tripinfo_out_gg_to_os.4;281.00;out_gg_to_os.4;0;2621.43;1.02;0.00;48.19;car;;0;0.00
5589.00;23156390_0;1121.44;12.13;4768.00;403.77;803785575#0_0;5.10;0.00;tripinfo_in_od_to_br.72;821.00;in_od_to_br.72;0;3149.31;1.12;0.00;566.20;car;;20;150.00
5589.00;41899283#1_0;148.70;10.01;5351.00;0.19;-23142338#2_0;5.10;0.00;tripinfo_out_ns_to_as.11;238.00;out_ns_to_as.11;0;2009.37;1.01;0.00;57.35;car;;3;15.00
5590.00;230845886_0;633.12;10.56;5344.00;2.05;-45494495_0;5.10;0.00;tripinfo_out_os_to_ba.3;246.00;out_os_to_ba.3;0;1746.52;1.05;0.00;94.86;car;;2;10.00
5590.00;41899283#1_0;148.70;11.55;5374.00;0.94;-23142338#2_0;5.10;0.00;tripinfo_out_ns_to_as.12;216.00;out_ns_to_as.12;0;2009.37;1.27;0.00;70.21;car;;1;5.00
5591.00;23156390_0;1121.44;11.08;4652.00;409.47;803785575#0_0;5.10;0.00;tripinfo_in_od_to_br.69;939.00;in_od_to_br.69;0;3149.31;1.05;0.00;666.43;car;;20;226.00
5592.00;230845886_0;633.12;13.41;4610.00;391.80;803785575#0_0;5.10;0.00;tripinfo_in_od_to_ba.93;982.00;in_od_to_ba.93;0;2382.14;1.35;0.00;809.34;car;;32;276.00
5592.00;45494495_0;58.90;10.79;4625.00;397.71;803785575#0_0;5.10;0.00;tripinfo_in_od_to_os.114;967.00;in_od_to_os.114;0;969.96;1.02;0.00;880.45;car;;32;409.00
5593.00;23156390_0;1121.44;11.46;4783.00;409.93;803785575#0_0;5.10;0.00;tripinfo_in_od_to_br.73;810.00;in_od_to_br.73;0;3149.31;1.12;0.00;553.27;car;;12;145.00
5593.00;23142338#2_0;290.21;8.88;5086.00;0.38;-45494495_0;5.10;0.00;tripinfo_out_os_to_ns.0;507.00;out_os_to_ns.0;0;1665.91;0.89;0.00;324.58;car;;6;276.00
5599.00;41899283#1_0;148.70;8.98;5025.00;465.92;803785575#0_0;5.10;0.00;tripinfo_in_od_to_as.97;574.00;in_od_to_as.97;0;2382.09;0.83;0.00;316.04;car;;21;145.00
5599.00;230845886_0;633.12;11.14;4862.00;1.11;-23142338#2_0;5.10;0.00;tripinfo_in_ns_to_ba.21;737.00;in_ns_to_ba.21;0;2340.42;1.11;0.00;546.10;car;;5;441.00
5601.00;41899283#1_0;148.70;9.83;5034.00;465.91;803785575#0_0;5.10;0.00;tripinfo_in_od_to_as.98;567.00;in_od_to_as.98;0;2382.09;0.93;0.00;336.31;car;;22;138.00
5601.00;23156030#6_0;109.07;11.15;5507.00;0.33;-45494495_0;5.10;0.00;tripinfo_out_os_to_od.12;94.00;out_os_to_od.12;0;865.51;1.02;0.00;17.90;car;;1;5.00
5605.00;28716808#1_0;754.74;7.63;4931.00;437.13;803785575#0_0;5.10;0.00;tripinfo_in_od_to_kl.78;674.00;in_od_to_kl.78;0;2678.40;0.78;0.00;362.02;car;;16;148.00
5605.00;23156030#6_0;109.07;9.86;5511.00;0.46;-45494495_0;5.10;0.00;tripinfo_out_os_to_od.13;94.00;out_os_to_od.13;0;865.51;0.98;0.00;14.84;car;;1;4.00
5606.00;230845886_0;633.12;10.33;5061.00;465.77;803785575#0_0;5.10;0.00;tripinfo_in_od_to_ba.108;545.00;in_od_to_ba.108;0;2382.14;1.03;0.00;336.39;car;;19;120.00
5607.00;41899283#1_0;148.70;9.34;5348.00;0.83;-45494495_0;5.10;0.00;tripinfo_out_os_to_as.11;259.00;out_os_to_as.11;0;1746.47;0.91;0.00;84.29;car;;1;6.00
5608.00;23156030#6_0;109.07;10.67;5253.00;0.87;-23156305_0;5.10;0.00;tripinfo_out_gg_to_od.12;355.00;out_gg_to_od.12;0;3288.97;0.98;0.00;53.23;car;;2;9.00
5609.00;41899283#1_0;148.70;10.34;5048.00;470.32;803785575#0_0;5.10;0.00;tripinfo_in_od_to_as.99;561.00;in_od_to_as.99;0;2382.09;0.97;0.00;338.55;car;;19;137.00
5612.00;23156305_0;1264.14;9.23;4804.00;413.37;803785575#0_0;5.10;0.00;tripinfo_in_od_to_gg.99;808.00;in_od_to_gg.99;0;3669.96;0.93;0.00;449.13;car;;14;152.00
5613.00;230845886_0;633.12;9.63;4916.00;0.82;-23142338#2_0;5.10;0.00;tripinfo_in_ns_to_ba.22;697.00;in_ns_to_ba.22;0;2340.42;0.96;0.00;478.21;car;;5;417.00
5614.00;23156305_0;1264.14;12.04;4466.00;363.57;803785575#0_0;5.10;0.00;tripinfo_in_od_to_gg.88;1148.00;in_od_to_gg.88;0;3669.96;1.20;0.00;869.84;car;;24;266.00
5614.00;45494495_0;58.90;12.18;5097.00;466.50;803785575#0_0;5.10;0.00;tripinfo_in_od_to_os.131;517.00;in_od_to_os.131;0;969.96;1.13;0.00;439.17;car;;26;247.00
5614.00;41899283#1_0;148.70;10.32;5334.00;1.60;-28716808#1_0;5.10;0.00;tripinfo_out_kl_to_as.0;280.00;out_kl_to_as.0;0;1233.18;0.94;0.00;160.23;car;;5;122.00
5615.00;28706217_0;94.10;7.04;5173.00;3.20;-28716808#1_0;5.10;0.00;tripinfo_out_kl_to_sl.3;442.00;out_kl_to_sl.3;0;2276.47;0.99;0.00;229.30;car;;6;157.00
5615.00;230845886_0;633.12;10.60;5383.00;0.97;-45494495_0;5.10;0.00;tripinfo_out_os_to_ba.4;232.00;out_os_to_ba.4;0;1746.52;1.06;0.00;81.62;car;;1;11.00
5616.00;28716808#1_0;754.74;11.01;5296.00;402.50;23687583_0;5.10;0.00;tripinfo_in_as_to_kl.24;320.00;in_as_to_kl.24;0;1207.92;1.01;0.00;211.95;car;;7;142.00
5617.00;230845886_0;633.12;10.24;5387.00;0.24;-45494495_0;5.10;0.00;tripinfo_out_os_to_ba.5;230.00;out_os_to_ba.5;0;1746.52;1.01;0.00;73.38;car;;1;10.00
5622.00;45494495_0;58.90;11.24;5112.00;467.06;803785575#0_0;5.10;0.00;tripinfo_in_od_to_os.132;510.00;in_od_to_os.132;0;969.96;1.07;0.00;427.05;car;;31;240.00
5624.00;41899283#1_0;148.70;8.74;5357.00;0.17;-28716808#1_0;5.10;0.00;tripinfo_out_kl_to_as.1;267.00;out_kl_to_as.1;0;1233.18;0.83;0.00;131.94;car;;3;97.00
5626.00;41899283#1_0;148.70;11.61;5365.00;0.29;-28716808#1_0;5.10;0.00;tripinfo_out_kl_to_as.2;261.00;out_kl_to_as.2;0;1233.18;1.05;0.00;154.03;car;;3;95.00
5627.00;45494495_0;58.90;12.81;5446.00;0.86;-23142338#2_0;5.10;0.00;tripinfo_out_ns_to_os.0;181.00;out_ns_to_os.0;0;1865.82;1.19;0.00;38.53;car;;1;2.00
5627.00;23156030#6_0;109.07;10.08;5538.00;0.76;-45494495_0;5.10;0.00;tripinfo_out_os_to_od.14;89.00;out_os_to_od.14;0;865.51;0.95;0.00;6.63;car;;0;0.00
5629.00;41899283#1_0;148.70;9.80;5408.00;0.24;-45494495_0;5.10;0.00;tripinfo_out_os_to_as.13;221.00;out_os_to_as.13;0;1746.47;0.94;0.00;51.70;car;;1;8.00
5629.00;23156030#6_0;109.07;10.81;5544.00;0.27;-45494495_0;5.10;0.00;tripinfo_out_os_to_od.15;85.00;out_os_to_od.15;0;865.51;0.99;0.00;6.62;car;;0;0.00
5630.00;230845886_0;633.12;9.76;5205.00;0.69;-23142338#2_0;5.10;0.00;tripinfo_out_ns_to_ba.0;425.00;out_ns_to_ba.0;0;2340.42;0.94;0.00;201.30;car;;3;139.00
5631.00;41899283#1_0;148.70;12.24;5404.00;0.03;-45494495_0;5.10;0.00;tripinfo_out_os_to_as.12;227.00;out_os_to_as.12;0;1746.47;1.22;0.00;96.54;car;;2;11.00
5632.00;230845886_0;633.12;13.46;5448.00;0.86;-45494495_0;5.10;0.00;tripinfo_out_os_to_ba.6;184.00;out_os_to_ba.6;0;1746.52;1.25;0.00;56.67;car;;0;0.00
5633.00;41899283#1_0;148.70;10.83;5421.00;0.56;-45494495_0;5.10;0.00;tripinfo_out_os_to_as.14;212.00;out_os_to_as.14;0;1746.47;0.98;0.00;50.38;car;;1;1.00
5635.00;28716808#1_0;754.74;9.96;5042.00;470.59;803785575#0_0;5.10;0.00;tripinfo_in_od_to_kl.79;593.00;in_od_to_kl.79;0;2678.40;0.97;0.00;342.74;car;;23;137.00
5639.00;230845886_0;633.12;10.47;5300.00;393.59;23687583_0;5.10;0.00;tripinfo_in_as_to_ba.62;339.00;in_as_to_ba.62;0;1356.50;0.95;0.00;210.45;car;;7;141.00
5641.00;23156030#6_0;109.07;13.33;5277.00;0.18;-23156305_0;5.10;0.00;tripinfo_out_gg_to_od.13;364.00;out_gg_to_od.13;0;3288.97;1.30;0.00;126.78;car;;1;1.00
5643.00;23156390_0;1121.44;8.18;4819.00;420.57;803785575#0_0;5.10;0.00;tripinfo_in_od_to_br.74;824.00;in_od_to_br.74;0;3149.31;0.78;0.00;456.56;car;;15;144.00
5643.00;230845886_0;633.12;11.16;5437.00;0.90;-23156390_0;5.10;0.00;tripinfo_out_br_to_ba.1;206.00;out_br_to_ba.1;0;1904.35;1.03;0.00;38.88;car;;1;21.00
5645.00;23156390_0;1121.44;12.35;4840.00;425.11;803785575#0_0;5.10;0.00;tripinfo_in_od_to_br.75;805.00;in_od_to_br.75;0;3149.31;1.14;0.00;552.88;car;;17;122.00
5647.00;23156390_0;1121.44;12.05;4489.00;349.28;803785575#0_0;5.10;0.00;tripinfo_in_od_to_br.62;1158.00;in_od_to_br.62;0;3149.31;1.10;0.00;898.40;car;;25;278.00
5647.00;23156030#6_0;109.07;10.71;5054.00;0.70;-23142338#2_0;5.10;0.00;tripinfo_in_ns_to_od.7;593.00;in_ns_to_od.7;0;2005.01;1.04;0.00;407.15;car;;6;365.00
5649.00;972103805_0;116.86;8.38;5267.00;0.92;-23156390_0;5.10;0.00;tripinfo_out_br_to_ko.1;382.00;out_br_to_ko.1;0;2703.95;0.81;0.00;78.05;car;;3;28.00
5656.00;41899283#1_0;148.70;8.71;5476.00;1.64;-230845886_0;5.10;0.00;tripinfo_out_ba_to_as.9;180.00;out_ba_to_as.9;0;1430.78;0.79;0.00;15.64;car;;0;0.00
5658.00;23156305_0;1264.14;9.91;4879.00;424.89;803785575#0_0;5.10;0.00;tripinfo_in_od_to_gg.101;779.00;in_od_to_gg.101;0;3669.96;0.96;0.00;432.72;car;;20;159.00
5658.00;23142338#2_0;290.21;12.07;5248.00;0.71;-23156390_0;5.10;0.00;tripinfo_out_br_to_ns.1;410.00;out_br_to_ns.1;0;2936.02;1.14;0.00;176.31;car;;4;119.00
5658.00;41899283#1_0;148.70;8.83;5484.00;0.74;-230845886_0;5.10;0.00;tripinfo_out_ba_to_as.10;174.00;out_ba_to_as.10;0;1430.78;0.84;0.00;19.46;car;;0;0.00
5660.00;23156030#6_0;109.07;11.51;5407.00;0.19;-230845886_0;5.10;0.00;tripinfo_out_ba_to_od.8;253.00;out_ba_to_od.8;0;2315.50;1.10;0.00;63.50;car;;4;6.00
5660.00;41899283#1_0;148.70;10.53;5458.00;0.58;-28716808#1_0;5.10;0.00;tripinfo_out_kl_to_as.3;202.00;out_kl_to_as.3;0;1233.18;1.05;0.00;95.91;car;;4;48.00
5663.00;23156030#6_0;109.07;12.76;5410.00;0.91;-230845886_0;5.10;0.00;tripinfo_out_ba_to_od.9;253.00;out_ba_to_od.9;0;2315.50;1.15;0.00;71.72;car;;1;12.00
5664.00;972103805_0;116.86;11.52;5367.00;0.85;-23156390_0;5.10;0.00;tripinfo_out_br_to_ko.2;297.00;out_br_to_ko.2;0;2703.95;1.07;0.00;67.89;car;;3;17.00
5665.00;45494495_0;58.90;9.12;5124.00;469.55;803785575#0_0;5.10;0.00;tripinfo_in_od_to_os.133;541.00;in_od_to_os.133;0;969.96;0.86;0.00;439.52;car;;24;258.00
5666.00;23156305_0;1264.14;9.34;5304.00;393.63;23687583_0;5.10;0.00;tripinfo_in_as_to_gg.25;362.00;in_as_to_gg.25;0;1600.87;0.93;0.00;205.40;car;;6;133.00
5668.00;972103805_0;116.86;11.51;5371.00;0.46;-23156390_0;5.10;0.00;tripinfo_out_br_to_ko.3;297.00;out_br_to_ko.3;0;2703.95;1.05;0.00;61.72;car;;2;6.00
5669.00;23156390_0;1121.44;7.66;4873.00;420.40;803785575#0_0;5.10;0.00;tripinfo_in_od_to_br.76;796.00;in_od_to_br.76;0;3149.31;0.80;0.00;438.74;car;;20;156.00
5669.00;23156030#6_1;109.07;12.11;5240.00;0.81;-28716808#1_0;5.10;0.00;tripinfo_out_kl_to_od.1;429.00;out_kl_to_od.1;0;2657.03;1.10;0.00;209.78;car;;5;123.00
5670.00;45494495_0;58.90;9.09;5148.00;468.53;803785575#0_0;5.10;0.00;tripinfo_in_od_to_os.134;522.00;in_od_to_os.134;0;969.96;0.86;0.00;420.19;car;;22;237.00
5670.00;23142338#2_0;290.21;10.20;5354.00;0.64;-45494495_0;5.10;0.00;tripinfo_out_os_to_ns.1;316.00;out_os_to_ns.1;0;1665.91;0.93;0.00;141.10;car;;3;69.00
5672.00;23142338#2_0;290.21;11.73;5214.00;340.16;23687583_0;5.10;0.00;tripinfo_in_as_to_ns.80;458.00;in_as_to_ns.80;0;1995.73;1.10;0.00;292.41;car;;9;212.00
5672.00;41899283#1_0;148.70;10.08;5442.00;0.02;-23142338#2_0;5.10;0.00;tripinfo_out_ns_to_as.13;230.00;out_ns_to_as.13;0;2009.37;0.96;0.00;39.50;car;;3;5.00
5673.00;45494495_0;58.90;11.72;5231.00;525.23;803785575#0_0;5.10;0.00;tripinfo_in_od_to_os.135;442.00;in_od_to_os.135;0;969.96;1.07;0.00;359.97;car;;16;157.00
5674.00;41899283#1_0;148.70;11.60;5467.00;0.45;-23142338#2_0;5.10;0.00;tripinfo_out_ns_to_as.14;207.00;out_ns_to_as.14;0;2009.37;1.10;0.00;40.29;car;;2;3.00
5675.00;23156030#6_1;109.07;12.87;5361.00;0.95;-23156390_0;5.10;0.00;tripinfo_out_br_to_od.4;314.00;out_br_to_od.4;0;2905.16;1.17;0.00;88.51;car;;3;19.00
5679.00;45494495_0;58.90;9.40;5316.00;0.82;-28716808#1_0;5.10;0.00;tripinfo_out_kl_to_os.5;363.00;out_kl_to_os.5;0;1989.49;0.89;0.00;159.68;car;;4;117.00
5680.00;23156030#6_1;109.07;11.07;5318.00;0.07;-23156390_0;5.10;0.00;tripinfo_out_br_to_od.3;362.00;out_br_to_od.3;0;2905.16;1.04;0.00;109.38;car;;3;35.00
5681.00;45494495_0;58.90;9.50;5307.00;378.51;23687583_0;5.10;0.00;tripinfo_in_as_to_os.83;374.00;in_as_to_os.83;0;1689.77;0.92;0.00;208.85;car;;6;131.00
5681.00;41899283#1_0;148.70;8.86;5466.00;1.82;-28716808#1_0;5.10;0.00;tripinfo_out_kl_to_as.4;215.00;out_kl_to_as.4;0;1233.18;0.89;0.00;88.76;car;;5;36.00
5681.00;23156030#6_0;109.07;7.96;5558.00;0.48;-45494495_0;5.10;0.00;tripinfo_out_os_to_od.16;123.00;out_os_to_od.16;0;865.51;0.75;0.00;19.30;car;;2;3.00
5683.00;23156030#6_0;109.07;10.16;5421.00;0.28;-230845886_0;5.10;0.00;tripinfo_out_ba_to_od.10;262.00;out_ba_to_od.10;0;2315.50;0.95;0.00;42.07;car;;1;2.00
5685.00;23156030#6_0;109.07;11.53;5571.00;2.49;-45494495_0;5.10;0.00;tripinfo_out_os_to_od.17;114.00;out_os_to_od.17;0;865.51;1.13;0.00;44.21;car;;3;24.00
5687.00;23156030#6_1;109.07;12.08;5574.00;4.37;-45494495_0;5.10;0.00;tripinfo_out_os_to_od.18;113.00;out_os_to_od.18;0;865.51;1.11;0.00;42.09;car;;3;22.00
5688.00;23142338#2_0;290.21;11.18;5474.00;0.47;-45494495_0;5.10;0.00;tripinfo_out_os_to_ns.2;214.00;out_os_to_ns.2;0;1665.91;1.01;0.00;53.40;car;;2;16.00
5690.00;23142338#2_0;290.21;11.30;5396.00;0.65;-23156390_0;5.10;0.00;tripinfo_out_br_to_ns.2;294.00;out_br_to_ns.2;0;2936.02;1.03;0.00;36.26;car;;1;8.00
5691.00;23156390_0;1121.44;8.98;4894.00;432.99;803785575#0_0;5.10;0.00;tripinfo_in_od_to_br.77;797.00;in_od_to_br.77;0;3149.31;0.90;0.00;481.32;car;;26;174.00
5691.00;23156030#6_0;109.07;10.31;5378.00;0.88;-23156390_0;5.10;0.00;tripinfo_out_br_to_od.5;313.00;out_br_to_od.5;0;2905.16;0.96;0.00;39.72;car;;2;3.00
5693.00;45494495_0;58.90;11.27;5239.00;521.75;803785575#0_0;5.10;0.00;tripinfo_in_od_to_os.136;454.00;in_od_to_os.136;0;969.96;1.05;0.00;370.80;car;;18;159.00
5697.00;23156305_0;1264.14;10.69;4841.00;418.98;803785575#0_0;5.10;0.00;tripinfo_in_od_to_gg.100;856.00;in_od_to_gg.100;0;3669.96;1.00;0.00;524.41;car;;16;201.00
5697.00;41899283#1_0;148.70;10.40;5500.00;0.42;-28716808#1_0;5.10;0.00;tripinfo_out_kl_to_as.5;197.00;out_kl_to_as.5;0;1233.18;0.99;0.00;83.71;car;;5;28.00
5697.00;23156030#6_0;109.07;10.58;5598.00;0.80;-45494495_0;5.10;0.00;tripinfo_out_os_to_od.19;99.00;out_os_to_od.19;0;865.51;0.96;0.00;17.14;car;;2;2.00
5703.00;45494495_0;58.90;8.34;5241.00;523.08;803785575#0_0;5.10;0.00;tripinfo_in_od_to_os.137;462.00;in_od_to_os.137;0;969.96;0.85;0.00;358.68;car;;12;157.00
5704.00;23142338#2_0;290.21;8.88;5280.00;2.51;-23156305_0;5.10;0.00;tripinfo_out_gg_to_ns.2;424.00;out_gg_to_ns.2;0;2927.39;0.90;0.00;129.70;car;;3;78.00
5704.00;41899283#1_0;148.70;10.33;5492.00;0.89;-45494495_0;5.10;0.00;tripinfo_out_os_to_as.16;212.00;out_os_to_as.16;0;1746.47;0.94;0.00;43.73;car;;1;10.00
5708.00;230845886_0;633.12;11.86;5493.00;0.47;-23142338#2_0;5.10;0.00;tripinfo_out_ns_to_ba.1;215.00;out_ns_to_ba.1;0;2340.42;1.12;0.00;26.63;car;;0;0.00
5710.00;41899283#1_0;148.70;9.16;5468.00;0.57;-45494495_0;5.10;0.00;tripinfo_out_os_to_as.15;242.00;out_os_to_as.15;0;1746.47;0.83;0.00;51.24;car;;2;26.00
5712.00;41899283#1_0;148.70;11.56;5521.00;0.45;-45494495_0;5.10;0.00;tripinfo_out_os_to_as.17;191.00;out_os_to_as.17;0;1746.47;1.07;0.00;42.29;car;;1;7.00
5714.00;41899283#1_0;148.70;10.14;5503.00;0.51;-28716808#1_0;5.10;0.00;tripinfo_out_kl_to_as.6;211.00;out_kl_to_as.6;0;1233.18;1.01;0.00;100.02;car;;6;31.00
5715.00;45494495_0;58.90;11.00;5278.00;536.92;803785575#0_0;5.10;0.00;tripinfo_in_od_to_os.138;437.00;in_od_to_os.138;0;969.96;1.02;0.00;350.83;car;;19;157.00
5715.00;28716808#1_0;754.74;8.92;5434.00;464.66;23687583_0;5.10;0.00;tripinfo_in_as_to_kl.25;281.00;in_as_to_kl.25;0;1207.92;0.90;0.00;159.19;car;;5;89.00
5715.00;41899283#1_0;148.70;11.66;5507.00;1.76;-23142338#2_0;5.10;0.00;tripinfo_out_ns_to_as.15;208.00;out_ns_to_as.15;0;2009.37;1.06;0.00;36.06;car;;1;8.00
5717.00;23156390_0;1121.44;13.19;5355.00;397.28;23687583_0;5.10;0.00;tripinfo_in_as_to_br.25;362.00;in_as_to_br.25;0;1694.48;1.24;0.00;238.69;car;;8;138.00
5719.00;23142338#2_0;290.21;9.68;5293.00;0.57;-23156305_0;5.10;0.00;tripinfo_out_gg_to_ns.3;426.00;out_gg_to_ns.3;0;2927.39;0.98;0.00;155.42;car;;5;93.00
5720.00;45494495_0;58.90;11.01;5456.00;0.54;-23156305_0;5.10;0.00;tripinfo_out_gg_to_os.5;264.00;out_gg_to_os.5;0;2621.43;1.05;0.00;39.33;car;;1;4.00
5721.00;23142338#2_0;290.21;10.52;5329.00;0.28;-23156305_0;5.10;0.00;tripinfo_out_gg_to_ns.4;392.00;out_gg_to_ns.4;0;2927.39;1.05;0.00;139.39;car;;4;87.00
5722.00;23156305_0;1264.14;11.19;5035.00;464.05;803785575#0_0;5.10;0.00;tripinfo_in_od_to_gg.102;687.00;in_od_to_gg.102;0;3669.96;1.07;0.00;374.20;car;;23;137.00
5724.00;972103805_0;116.86;10.67;5415.00;2.57;-28716808#1_0;5.10;0.00;tripinfo_out_kl_to_ko.4;309.00;out_kl_to_ko.4;0;1927.03;1.02;0.00;136.84;car;;5;86.00
5724.00;23156030#6_0;109.07;10.83;5449.00;0.25;-230845886_0;5.10;0.00;tripinfo_out_ba_to_od.12;275.00;out_ba_to_od.12;0;2315.50;1.07;0.00;78.92;car;;0;0.00
5725.00;45494495_0;58.90;10.28;4825.00;419.35;803785575#0_0;5.10;0.00;tripinfo_in_od_to_os.119;900.00;in_od_to_os.119;0;969.96;1.02;0.00;813.60;car;;23;393.00
5725.00;972103805_0;116.86;13.32;5454.00;0.08;-28716808#1_0;5.10;0.00;tripinfo_out_kl_to_ko.5;271.00;out_kl_to_ko.5;0;1927.03;1.22;0.00;128.35;car;;5;60.00
5726.00;230845886_0;633.12;12.78;5495.00;524.51;23687583_0;5.10;0.00;tripinfo_in_as_to_ba.63;231.00;in_as_to_ba.63;0;1356.50;1.22;0.00;130.26;car;;4;86.00
5727.00;45494495_0;58.90;12.06;5461.00;0.96;-23156305_0;5.10;0.00;tripinfo_out_gg_to_os.6;266.00;out_gg_to_os.6;0;2621.43;1.15;0.00;60.24;car;;1;2.00
5730.00;23156030#6_0;109.07;10.91;5425.00;0.48;-23156390_0;5.10;0.00;tripinfo_out_br_to_od.6;305.00;out_br_to_od.6;0;2905.16;0.99;0.00;40.65;car;;0;0.00
5732.00;41899283#1_0;148.70;9.14;5564.00;0.49;-230845886_0;5.10;0.00;tripinfo_out_ba_to_as.11;168.00;out_ba_to_as.11;0;1430.78;0.88;0.00;21.14;car;;1;4.00
5734.00;41899283#1_0;148.70;9.93;5574.00;0.39;-230845886_0;5.10;0.00;tripinfo_out_ba_to_as.12;160.00;out_ba_to_as.12;0;1430.78;1.00;0.00;30.15;car;;1;3.00
5736.00;45494495_0;58.90;9.37;5346.00;405.10;23687583_0;5.10;0.00;tripinfo_in_as_to_os.85;390.00;in_as_to_os.85;0;1689.77;0.91;0.00;222.60;car;;6;142.00
5737.00;23142338#2_0;290.21;10.83;5350.00;0.46;-23156305_0;5.10;0.00;tripinfo_out_gg_to_ns.5;387.00;out_gg_to_ns.5;0;2927.39;1.04;0.00;130.65;car;;5;82.00
5739.00;45494495_0;58.90;10.15;5342.00;406.07;23687583_0;5.10;0.00;tripinfo_in_as_to_os.84;397.00;in_as_to_os.84;0;1689.77;0.95;0.00;236.83;car;;8;149.00
5739.00;23142338#2_0;290.21;12.37;5445.00;0.17;-23156305_0;5.10;0.00;tripinfo_out_gg_to_ns.6;294.00;out_gg_to_ns.6;0;2927.39;1.14;0.00;60.68;car;;1;5.00
5739.00;41899283#1_0;148.70;9.69;5510.00;0.69;-23142338#2_0;5.10;0.00;tripinfo_out_ns_to_as.16;229.00;out_ns_to_as.16;0;2009.37;0.93;0.00;32.34;car;;1;6.00
5739.00;23156030#6_1;109.07;12.53;5542.00;0.10;-230845886_0;5.10;0.00;tripinfo_out_ba_to_od.13;197.00;out_ba_to_od.13;0;2315.50;1.17;0.00;17.72;car;;0;0.00
5741.00;41899283#1_0;148.70;11.18;5525.00;0.72;-23142338#2_0;5.10;0.00;tripinfo_out_ns_to_as.17;216.00;out_ns_to_as.17;0;2009.37;1.02;0.00;35.80;car;;1;7.00
5742.00;45494495_0;58.90;10.13;5352.00;396.32;23687583_0;5.10;0.00;tripinfo_in_as_to_os.86;390.00;in_as_to_os.86;0;1689.77;0.97;0.00;231.69;car;;7;141.00
5742.00;23156030#6_1;109.07;10.64;5443.00;6.01;-23156390_0;5.10;0.00;tripinfo_out_br_to_od.7;299.00;out_br_to_od.7;0;2905.16;1.07;0.00;54.37;car;;1;11.00
5743.00;23156030#6_0;109.07;7.29;5442.00;0.91;-230845886_0;5.10;0.00;tripinfo_out_ba_to_od.11;301.00;out_ba_to_od.11;0;2315.50;0.76;0.00;25.83;car;;0;0.00
5744.00;23156305_0;1264.14;10.46;5064.00;465.25;803785575#0_0;5.10;0.00;tripinfo_in_od_to_gg.103;680.00;in_od_to_gg.103;0;3669.96;1.05;0.00;362.97;car;;18;128.00
5745.00;23156030#6_0;109.07;10.57;5425.00;1.91;-23156305_0;5.10;0.00;tripinfo_out_gg_to_od.14;320.00;out_gg_to_od.14;0;3288.97;1.05;0.00;36.26;car;;0;0.00
5745.00;972103805_0;116.86;10.49;5440.00;3.37;-23156390_0;5.10;0.00;tripinfo_out_br_to_ko.4;305.00;out_br_to_ko.4;0;2703.95;0.96;0.00;49.98;car;;2;16.00
5746.00;41899283#1_0;148.70;9.29;5584.00;1.33;-28716808#1_0;5.10;0.00;tripinfo_out_kl_to_as.7;162.00;out_kl_to_as.7;0;1233.18;0.91;0.00;39.07;car;;2;14.00
5747.00;28716808#1_0;754.74;8.70;5525.00;539.75;23687583_0;5.10;0.00;tripinfo_in_as_to_kl.26;222.00;in_as_to_kl.26;0;1207.92;0.84;0.00;90.42;car;;3;59.00
5748.00;41899283#1_0;148.70;12.02;4641.00;403.78;803785575#0_0;5.10;0.00;tripinfo_in_od_to_as.83;1107.00;in_od_to_as.83;0;2382.09;1.16;0.00;921.00;car;;29;399.00
5748.00;972103805_0;116.86;10.52;5464.00;3.17;-23156305_0;5.10;0.00;tripinfo_out_gg_to_ko.3;284.00;out_gg_to_ko.3;0;2416.59;1.03;0.00;70.59;car;;4;28.00
5750.00;28706217_0;94.10;8.01;5547.00;1.12;-45494495_0;5.10;0.00;tripinfo_out_os_to_sl.4;203.00;out_os_to_sl.4;0;484.95;0.99;0.00;153.34;car;;2;136.00
5752.00;972103805_0;116.86;10.92;5463.00;0.72;-28716808#1_0;5.10;0.00;tripinfo_out_kl_to_ko.6;289.00;out_kl_to_ko.6;0;1927.03;1.07;0.00;125.65;car;;5;53.00
5752.00;41899283#1_0;148.70;10.64;5562.00;0.86;-45494495_0;5.10;0.00;tripinfo_out_os_to_as.18;190.00;out_os_to_as.18;0;1746.47;1.07;0.00;41.90;car;;1;1.00
5761.00;230845886_0;633.12;10.40;5127.00;471.90;803785575#0_0;5.10;0.00;tripinfo_in_od_to_ba.110;634.00;in_od_to_ba.110;0;2382.14;1.01;0.00;421.16;car;;23;232.00
5764.00;972103805_0;116.86;9.58;5446.00;1.11;-23156390_0;5.10;0.00;tripinfo_out_br_to_ko.5;318.00;out_br_to_ko.5;0;2703.95;0.96;0.00;62.40;car;;3;26.00
5764.00;41899283#1_0;148.70;10.13;5544.00;0.39;-23142338#2_0;5.10;0.00;tripinfo_out_ns_to_as.18;220.00;out_ns_to_as.18;0;2009.37;0.96;0.00;29.06;car;;1;5.00
5766.00;230845886_0;633.12;10.02;5528.00;1.98;-23142338#2_0;5.10;0.00;tripinfo_out_ns_to_ba.2;238.00;out_ns_to_ba.2;0;2340.42;1.00;0.00;28.19;car;;1;3.00
5767.00;972103805_0;116.86;10.04;5459.00;0.07;-23156390_0;5.10;0.00;tripinfo_out_br_to_ko.6;308.00;out_br_to_ko.6;0;2703.95;0.98;0.00;57.28;car;;3;14.00
5769.00;28706217_0;94.10;6.46;5188.00;319.96;23687583_0;5.10;0.00;tripinfo_in_as_to_sl.99;581.00;in_as_to_sl.99;0;1976.75;0.86;0.00;367.76;car;;9;272.00
5769.00;23156030#6_0;109.07;11.53;5391.00;0.44;-28716808#1_0;5.10;0.00;tripinfo_out_kl_to_od.2;378.00;out_kl_to_od.2;0;2657.03;1.09;0.00;158.11;car;;4;98.00
5769.00;972103805_0;116.86;11.67;5488.00;1.99;-28716808#1_0;5.10;0.00;tripinfo_out_kl_to_ko.7;281.00;out_kl_to_ko.7;0;1927.03;1.13;0.00;125.63;car;;7;42.00
5771.00;28706217_0;94.10;8.88;5244.00;0.45;-23156390_0;5.10;0.00;tripinfo_out_br_to_sl.3;527.00;out_br_to_sl.3;0;2524.60;1.10;0.00;314.93;car;;9;222.00
5776.00;28706217_0;94.10;6.48;5272.00;0.74;-23156305_0;5.10;0.00;tripinfo_out_gg_to_sl.2;504.00;out_gg_to_sl.2;0;2908.41;0.86;0.00;191.63;car;;4;133.00
5776.00;23156030#6_0;109.07;9.90;5428.00;2.55;-23156305_0;5.10;0.00;tripinfo_out_gg_to_od.15;348.00;out_gg_to_od.15;0;3288.97;0.92;0.00;26.30;car;;0;0.00
5777.00;41899283#1_0;148.70;11.27;5562.00;2.17;-23142338#2_0;5.10;0.00;tripinfo_out_ns_to_as.19;215.00;out_ns_to_as.19;0;2009.37;1.02;0.00;36.17;car;;1;8.00
5778.00;23156390_0;1121.44;10.71;5055.00;466.85;803785575#0_0;5.10;0.00;tripinfo_in_od_to_br.78;723.00;in_od_to_br.78;0;3149.31;1.02;0.00;443.45;car;;18;280.00
5778.00;28706217_0;94.10;8.91;5276.00;1.85;-28716808#1_0;5.10;0.00;tripinfo_out_kl_to_sl.5;502.00;out_kl_to_sl.5;0;2276.47;1.11;0.00;312.23;car;;4;230.00
5781.00;230845886_0;633.12;8.91;5581.00;587.56;23687583_0;5.10;0.00;tripinfo_in_as_to_ba.64;200.00;in_as_to_ba.64;0;1356.50;0.89;0.00;62.65;car;;2;28.00
5782.00;28706217_0;94.10;7.83;5232.00;0.66;-28716808#1_0;5.10;0.00;tripinfo_out_kl_to_sl.4;550.00;out_kl_to_sl.4;0;2276.47;0.98;0.00;334.19;car;;6;249.00
5782.00;230845886_0;633.12;10.99;5603.00;0.92;-45494495_0;5.10;0.00;tripinfo_out_os_to_ba.7;179.00;out_os_to_ba.7;0;1746.52;1.13;0.00;39.66;car;;1;1.00
5785.00;28706217_0;94.10;7.51;5323.00;0.99;-23156390_0;5.10;0.00;tripinfo_out_br_to_sl.4;462.00;out_br_to_sl.4;0;2524.60;0.97;0.00;220.46;car;;5;142.00
5787.00;41899283#1_0;148.70;11.10;5565.00;0.37;-45494495_0;5.10;0.00;tripinfo_out_os_to_as.19;222.00;out_os_to_as.19;0;1746.47;1.02;0.00;67.27;car;;1;29.00
5788.00;45494495_0;58.90;11.23;5606.00;0.28;-230845886_0;5.10;0.00;tripinfo_out_ba_to_os.7;182.00;out_ba_to_os.7;0;1647.96;1.04;0.00;38.86;car;;1;2.00
5789.00;23156305_0;1264.14;10.28;5590.00;585.93;23687583_0;5.10;0.00;tripinfo_in_as_to_gg.26;199.00;in_as_to_gg.26;0;1600.87;1.02;0.00;56.87;car;;2;27.00
5790.00;28716808#1_0;754.74;9.12;5085.00;460.59;803785575#0_0;5.10;0.00;tripinfo_in_od_to_kl.80;705.00;in_od_to_kl.80;0;2678.40;0.91;0.00;438.90;car;;22;231.00
5790.00;45494495_0;58.90;11.49;5559.00;0.65;-23142338#2_0;5.10;0.00;tripinfo_out_ns_to_os.1;231.00;out_ns_to_os.1;0;1865.82;1.11;0.00;78.31;car;;1;45.00
5792.00;23156030#6_1;109.07;12.56;5716.00;2.74;-45494495_0;5.10;0.00;tripinfo_out_os_to_od.21;76.00;out_os_to_od.21;0;865.51;1.14;0.00;7.25;car;;0;0.00
5793.00;23156030#6_0;109.07;9.00;5412.00;0.14;-28716808#1_0;5.10;0.00;tripinfo_out_kl_to_od.3;381.00;out_kl_to_od.3;0;2657.03;0.90;0.00;114.63;car;;3;74.00
5794.00;23156030#6_1;109.07;13.42;5407.00;448.73;23687583_0;5.10;0.00;tripinfo_in_as_to_od.24;387.00;in_as_to_od.24;0;2357.31;1.23;0.00;213.12;car;;6;95.00
5795.00;23156030#6_0;109.07;11.57;5713.00;0.29;-45494495_0;5.10;0.00;tripinfo_out_os_to_od.20;82.00;out_os_to_od.20;0;865.51;1.11;0.00;11.19;car;;0;0.00
5798.00;28706217_0;94.10;6.94;5422.00;0.70;-23156390_0;5.10;0.00;tripinfo_out_br_to_sl.5;376.00;out_br_to_sl.5;0;2524.60;0.94;0.00;127.95;car;;4;78.00
5800.00;23156390_0;1121.44;8.47;5529.00;541.83;23687583_0;5.10;0.00;tripinfo_in_as_to_br.26;271.00;in_as_to_br.26;0;1694.48;0.87;0.00;95.45;car;;2;57.00
5800.00;28706217_0;94.10;8.82;5646.00;0.73;-45494495_0;5.10;0.00;tripinfo_out_os_to_sl.5;154.00;out_os_to_sl.5;0;484.95;1.17;0.00;111.52;car;;2;71.00
5801.00;972103805_0;116.86;9.41;4974.00;457.94;803785575#0_0;5.10;0.00;tripinfo_in_od_to_ko.132;827.00;in_od_to_ko.132;0;2307.67;0.86;0.00;570.82;car;;26;341.00
5802.00;23156390_0;1121.44;11.80;4619.00;398.25;803785575#0_0;5.10;0.00;tripinfo_in_od_to_br.68;1183.00;in_od_to_br.68;0;3149.31;1.06;0.00;913.92;car;;29;413.00
5802.00;28706217_0;94.10;8.33;5307.00;0.74;-28716808#1_0;5.10;0.00;tripinfo_out_kl_to_sl.6;495.00;out_kl_to_sl.6;0;2276.47;1.02;0.00;288.23;car;;7;213.00
5804.00;230845886_0;633.12;10.67;4644.00;401.94;803785575#0_0;5.10;0.00;tripinfo_in_od_to_ba.94;1160.00;in_od_to_ba.94;0;2382.14;0.98;0.00;940.48;car;;25;421.00
5808.00;28706217_0;94.10;7.58;5331.00;0.00;-28716808#1_0;5.10;0.00;tripinfo_out_kl_to_sl.7;477.00;out_kl_to_sl.7;0;2276.47;1.04;0.00;274.24;car;;7;179.00
5809.00;23142338#2_0;290.21;8.31;5415.00;454.37;23687583_0;5.10;0.00;tripinfo_in_as_to_ns.81;394.00;in_as_to_ns.81;0;1995.73;0.85;0.00;180.54;car;;7;98.00
5809.00;23156030#6_0;109.07;10.40;5473.00;0.60;-28716808#1_0;5.10;0.00;tripinfo_out_kl_to_od.4;336.00;out_kl_to_od.4;0;2657.03;1.03;0.00;101.90;car;;5;35.00
5810.00;41899283#1_0;148.70;9.09;5568.00;1.35;-23156390_0;5.10;0.00;tripinfo_out_br_to_as.2;242.00;out_br_to_as.2;0;2020.44;0.92;0.00;42.55;car;;2;16.00
5811.00;23142338#2_0;290.21;11.11;5430.00;466.98;23687583_0;5.10;0.00;tripinfo_in_as_to_ns.82;381.00;in_as_to_ns.82;0;1995.73;1.04;0.00;204.80;car;;7;90.00
5811.00;230845886_0;633.12;10.27;5614.00;599.00;23687583_0;5.10;0.00;tripinfo_out_as_to_ba.0;197.00;out_as_to_ba.0;0;1356.50;0.94;0.00;67.15;car;;4;24.00
5811.00;28706217_0;94.10;7.74;5408.00;0.37;-28716808#1_0;5.10;0.00;tripinfo_out_kl_to_sl.8;403.00;out_kl_to_sl.8;0;2276.47;1.05;0.00;201.35;car;;5;118.00
5812.00;972103805_0;116.86;10.72;4693.00;434.14;803785575#0_0;5.10;0.00;tripinfo_in_od_to_ko.118;1119.00;in_od_to_ko.118;0;2307.67;1.05;0.00;910.27;car;;23;427.00
5812.00;23142338#2_0;290.21;12.12;5497.00;0.80;-28716808#1_0;5.10;0.00;tripinfo_out_kl_to_ns.1;315.00;out_kl_to_ns.1;0;2305.34;1.10;0.00;124.59;car;;6;33.00
5813.00;230845886_0;633.12;9.49;5620.00;546.50;23687583_0;5.10;0.00;tripinfo_out_as_to_ba.1;193.00;out_as_to_ba.1;0;1356.50;0.96;0.00;65.81;car;;4;20.00
5814.00;23142338#2_0;290.21;10.86;5492.00;0.78;-23156390_0;5.10;0.00;tripinfo_out_br_to_ns.3;322.00;out_br_to_ns.3;0;2936.02;1.01;0.00;60.46;car;;2;20.00
5815.00;230845886_0;633.12;10.83;5615.00;0.06;-45494495_0;5.10;0.00;tripinfo_out_os_to_ba.8;200.00;out_os_to_ba.8;0;1746.52;1.05;0.00;49.62;car;;1;1.00
5818.00;28706217_0;94.10;6.92;5549.00;0.18;-230845886_0;5.10;0.00;tripinfo_out_ba_to_sl.3;269.00;out_ba_to_sl.3;0;1934.94;0.90;0.00;69.50;car;;2;19.00
5818.00;41899283#1_0;148.70;8.64;5630.00;0.13;-230845886_0;5.10;0.00;tripinfo_out_ba_to_as.13;188.00;out_ba_to_as.13;0;1430.78;0.80;0.00;26.02;car;;1;9.00
5819.00;23142338#2_0;290.21;10.59;5535.00;545.92;23687583_0;5.10;0.00;tripinfo_in_as_to_ns.83;284.00;in_as_to_ns.83;0;1995.73;1.01;0.00;103.14;car;;4;60.00
5820.00;972103805_0;116.86;7.45;4704.00;407.01;803785575#0_0;5.10;0.00;tripinfo_in_od_to_ko.119;1116.00;in_od_to_ko.119;0;2307.67;0.76;0.00;828.80;car;;18;409.00
5820.00;28706217_0;94.10;7.88;5349.00;394.49;23687583_0;5.10;0.00;tripinfo_in_as_to_sl.100;471.00;in_as_to_sl.100;0;1976.75;0.96;0.00;280.04;car;;8;154.00
5820.00;230845886_0;633.12;11.96;5664.00;484.21;23687583_0;5.10;0.00;tripinfo_out_as_to_ba.4;156.00;out_as_to_ba.4;0;1356.50;1.09;0.00;43.23;car;;3;9.00
5820.00;45494495_0;58.90;10.82;5569.00;0.24;-28716808#1_0;5.10;0.00;tripinfo_out_kl_to_os.6;251.00;out_kl_to_os.6;0;1989.49;1.05;0.00;79.23;car;;4;25.00
5820.00;41899283#1_0;148.70;9.93;5662.00;0.02;-230845886_0;5.10;0.00;tripinfo_out_ba_to_as.14;158.00;out_ba_to_as.14;0;1430.78;0.97;0.00;23.74;car;;1;3.00
5822.00;972103805_0;116.86;10.53;4710.00;401.81;803785575#0_0;5.10;0.00;tripinfo_in_od_to_ko.120;1112.00;in_od_to_ko.120;0;2307.67;0.96;0.00;882.53;car;;17;410.00
5822.00;28706217_0;94.10;8.06;5411.00;450.65;23687583_0;5.10;0.00;tripinfo_in_as_to_sl.101;411.00;in_as_to_sl.101;0;1976.75;0.99;0.00;225.27;car;;8;98.00
5824.00;972103805_0;116.86;10.05;4731.00;395.86;803785575#0_0;5.10;0.00;tripinfo_in_od_to_ko.121;1093.00;in_od_to_ko.121;0;2307.67;0.94;0.00;859.21;car;;17;397.00
5824.00;45494495_0;58.90;8.97;5512.00;0.39;-23156305_0;5.10;0.00;tripinfo_out_gg_to_os.7;312.00;out_gg_to_os.7;0;2621.43;0.85;0.00;33.37;car;;1;1.00
5824.00;230845886_0;633.12;11.76;5593.00;2.37;-23142338#2_0;5.10;0.00;tripinfo_out_ns_to_ba.3;231.00;out_ns_to_ba.3;0;2340.42;1.12;0.00;41.71;car;;1;7.00
5825.00;230845886_0;633.12;12.13;5596.00;3.68;-23142338#2_0;5.10;0.00;tripinfo_out_ns_to_ba.4;229.00;out_ns_to_ba.4;0;2340.42;1.14;0.00;45.08;car;;1;5.00
5826.00;45494495_0;58.90;10.10;5571.00;4.00;-23156390_0;5.10;0.00;tripinfo_out_br_to_os.2;255.00;out_br_to_os.2;0;2237.62;0.96;0.00;44.88;car;;1;12.00
5826.00;23156030#6_0;109.07;8.91;5728.00;0.03;-45494495_0;5.10;0.00;tripinfo_out_os_to_od.22;98.00;out_os_to_od.22;0;865.51;0.87;0.00;8.03;car;;0;0.00
5832.00;23156390_0;1121.44;10.07;5088.00;463.45;803785575#0_0;5.10;0.00;tripinfo_in_od_to_br.79;744.00;in_od_to_br.79;0;3149.31;0.99;0.00;455.09;car;;21;232.00
5834.00;972103805_0;116.86;10.35;4756.00;398.74;803785575#0_0;5.10;0.00;tripinfo_in_od_to_ko.122;1078.00;in_od_to_ko.122;0;2307.67;1.03;0.00;863.75;car;;18;416.00
5835.00;41899283#1_0;148.70;9.64;4740.00;397.87;803785575#0_0;5.10;0.00;tripinfo_in_od_to_as.87;1095.00;in_od_to_as.87;0;2382.09;0.90;0.00;856.57;car;;21;414.00
5835.00;230845886_0;633.12;10.96;5643.00;509.14;23687583_0;5.10;0.00;tripinfo_out_as_to_ba.2;192.00;out_as_to_ba.2;0;1356.50;1.02;0.00;71.73;car;;4;15.00
5836.00;972103805_0;116.86;10.70;4908.00;419.70;803785575#0_0;5.10;0.00;tripinfo_in_od_to_ko.130;928.00;in_od_to_ko.130;0;2307.67;0.96;0.00;700.93;car;;27;388.00
5837.00;41899283#1_0;148.70;12.38;5633.00;0.80;-23142338#2_0;5.10;0.00;tripinfo_out_ns_to_as.20;204.00;out_ns_to_as.20;0;2009.37;1.17;0.00;47.07;car;;2;17.00
5838.00;972103805_0;116.86;11.74;4927.00;437.74;803785575#0_0;5.10;0.00;tripinfo_in_od_to_ko.131;911.00;in_od_to_ko.131;0;2307.67;1.12;0.00;714.65;car;;24;366.00
5839.00;230845886_0;633.12;10.69;4753.00;396.56;803785575#0_0;5.10;0.00;tripinfo_in_od_to_ba.99;1086.00;in_od_to_ba.99;0;2382.14;1.04;0.00;877.71;car;;23;416.00
5840.00;28706217_0;94.10;6.58;5471.00;501.39;23687583_0;5.10;0.00;tripinfo_in_as_to_sl.102;369.00;in_as_to_sl.102;0;1976.75;0.80;0.00;139.07;car;;6;67.00
5841.00;23156390_0;1121.44;11.12;5091.00;463.37;803785575#0_0;5.10;0.00;tripinfo_in_od_to_br.80;750.00;in_od_to_br.80;0;3149.31;1.05;0.00;478.47;car;;26;274.00
5841.00;230845886_0;633.12;11.56;5646.00;510.05;23687583_0;5.10;0.00;tripinfo_out_as_to_ba.3;195.00;out_as_to_ba.3;0;1356.50;1.10;0.00;83.75;car;;5;16.00
5843.00;45494495_0;58.90;10.33;5618.00;0.70;-23156390_0;5.10;0.00;tripinfo_out_br_to_os.3;225.00;out_br_to_os.3;0;2237.62;1.01;0.00;25.37;car;;0;0.00
5851.00;23156305_0;1264.14;10.44;5067.00;468.18;803785575#0_0;5.10;0.00;tripinfo_in_od_to_gg.104;784.00;in_od_to_gg.104;0;3669.96;1.00;0.00;451.66;car;;17;249.00
5852.00;23156030#6_0;109.07;11.80;5104.00;0.53;-23142338#2_0;5.10;0.00;tripinfo_out_ns_to_od.0;748.00;out_ns_to_od.0;0;2005.01;1.07;0.00;567.75;car;;5;527.00
5853.00;972103805_0;116.86;9.88;4786.00;411.72;803785575#0_0;5.10;0.00;tripinfo_in_od_to_ko.123;1067.00;in_od_to_ko.123;0;2307.67;0.93;0.00;832.01;car;;23;419.00
5854.00;23142338#2_0;290.21;9.89;5541.00;550.21;23687583_0;5.10;0.00;tripinfo_in_as_to_ns.84;313.00;in_as_to_ns.84;0;1995.73;0.91;0.00;114.22;car;;4;66.00
5857.00;41899283#1_0;148.70;8.98;5641.00;0.47;-45494495_0;5.10;0.00;tripinfo_out_os_to_as.20;216.00;out_os_to_as.20;0;1746.47;0.87;0.00;33.36;car;;1;6.00
5860.00;45494495_0;58.90;11.80;5355.00;546.58;803785575#0_0;5.10;0.00;tripinfo_in_od_to_os.140;505.00;in_od_to_os.140;0;969.96;1.12;0.00;426.16;car;;12;263.00
5861.00;41899283#1_0;148.70;9.12;5211.00;522.01;803785575#0_0;5.10;0.00;tripinfo_in_od_to_as.102;650.00;in_od_to_as.102;0;2382.09;0.85;0.00;396.43;car;;19;168.00
5862.00;23156030#6_0;109.07;11.83;5516.00;0.48;-28716808#1_0;5.10;0.00;tripinfo_out_kl_to_od.5;346.00;out_kl_to_od.5;0;2657.03;1.07;0.00;121.25;car;;7;26.00
5864.00;23156030#6_1;109.07;11.16;5518.00;0.66;-23156390_0;5.10;0.00;tripinfo_out_br_to_od.9;346.00;out_br_to_od.9;0;2905.16;1.07;0.00;100.80;car;;3;29.00
5864.00;230845886_0;633.12;9.04;5655.00;0.13;-45494495_0;5.10;0.00;tripinfo_out_os_to_ba.9;209.00;out_os_to_ba.9;0;1746.52;0.89;0.00;31.20;car;;0;0.00
5865.00;41899283#1_0;148.70;11.01;5268.00;532.31;803785575#0_0;5.10;0.00;tripinfo_in_od_to_as.103;597.00;in_od_to_as.103;0;2382.09;1.06;0.00;393.32;car;;16;174.00
5866.00;230845886_0;633.12;10.11;5254.00;521.88;803785575#0_0;5.10;0.00;tripinfo_in_od_to_ba.112;612.00;in_od_to_ba.112;0;2382.14;0.94;0.00;383.31;car;;12;151.00
5867.00;23156305_0;1264.14;11.67;5103.00;467.18;803785575#0_0;5.10;0.00;tripinfo_in_od_to_gg.105;764.00;in_od_to_gg.105;0;3669.96;1.11;0.00;465.75;car;;22;241.00
5867.00;45494495_0;58.90;9.92;5337.00;532.14;803785575#0_0;5.10;0.00;tripinfo_in_od_to_os.139;530.00;in_od_to_os.139;0;969.96;0.94;0.00;436.32;car;;16;243.00
5868.00;230845886_0;633.12;11.34;5250.00;526.94;803785575#0_0;5.10;0.00;tripinfo_in_od_to_ba.111;618.00;in_od_to_ba.111;0;2382.14;1.04;0.00;410.60;car;;19;156.00
5868.00;23156030#6_1;109.07;11.05;5780.00;0.30;-45494495_0;5.10;0.00;tripinfo_out_os_to_od.23;88.00;out_os_to_od.23;0;865.51;1.07;0.00;14.43;car;;1;1.00
5869.00;45494495_0;58.90;11.01;5639.00;515.80;23687583_0;5.10;0.00;tripinfo_out_as_to_os.0;230.00;out_as_to_os.0;0;1689.77;1.06;0.00;85.61;car;;3;15.00
5872.00;23156030#6_1;109.07;10.01;5562.00;0.65;-28716808#1_0;5.10;0.00;tripinfo_out_kl_to_od.6;310.00;out_kl_to_od.6;0;2657.03;0.98;0.00;64.06;car;;3;13.00
5873.00;23156030#6_0;109.07;8.90;5495.00;0.53;-23156390_0;5.10;0.00;tripinfo_out_br_to_od.8;378.00;out_br_to_od.8;0;2905.16;0.86;0.00;72.28;car;;2;30.00
5873.00;45494495_0;58.90;9.70;5694.00;0.04;-230845886_0;5.10;0.00;tripinfo_out_ba_to_os.8;179.00;out_ba_to_os.8;0;1647.96;0.99;0.00;28.18;car;;1;3.00
5874.00;230845886_0;633.12;10.54;5668.00;488.21;23687583_0;5.10;0.00;tripinfo_out_as_to_ba.5;206.00;out_as_to_ba.5;0;1356.50;0.95;0.00;77.51;car;;3;16.00
5879.00;23142338#2_0;290.21;9.40;5525.00;0.18;-23156305_0;5.10;0.00;tripinfo_out_gg_to_ns.7;354.00;out_gg_to_ns.7;0;2927.39;0.90;0.00;58.66;car;;3;22.00
5880.00;23142338#2_0;290.21;12.70;5596.00;588.45;23687583_0;5.10;0.00;tripinfo_out_as_to_ns.0;284.00;out_as_to_ns.0;0;1995.73;1.20;0.00;133.02;car;;6;44.00
5883.00;23142338#2_0;290.21;10.69;5609.00;596.16;23687583_0;5.10;0.00;tripinfo_out_as_to_ns.1;274.00;out_as_to_ns.1;0;1995.73;0.99;0.00;89.31;car;;7;32.00
5884.00;23142338#2_0;290.21;11.33;5617.00;552.87;23687583_0;5.10;0.00;tripinfo_out_as_to_ns.2;267.00;out_as_to_ns.2;0;1995.73;1.24;0.00;120.91;car;;6;27.00
5885.00;23156305_0;1264.14;12.45;5109.00;466.40;803785575#0_0;5.10;0.00;tripinfo_in_od_to_gg.106;776.00;in_od_to_gg.106;0;3669.96;1.12;0.00;478.29;car;;28;249.00
5885.00;230845886_0;633.12;10.27;5715.00;469.13;23687583_0;5.10;0.00;tripinfo_out_as_to_ba.6;170.00;out_as_to_ba.6;0;1356.50;1.01;0.00;48.95;car;;2;8.00
5885.00;45494495_0;58.90;10.06;5716.00;2.06;-230845886_0;5.10;0.00;tripinfo_out_ba_to_os.9;169.00;out_ba_to_os.9;0;1647.96;1.02;0.00;22.37;car;;1;5.00
5887.00;230845886_0;633.12;12.47;5718.00;467.60;23687583_0;5.10;0.00;tripinfo_out_as_to_ba.7;169.00;out_as_to_ba.7;0;1356.50;1.14;0.00;61.41;car;;2;9.00
5893.00;41899283#1_0;148.70;9.48;5703.00;0.54;-45494495_0;5.10;0.00;tripinfo_out_os_to_as.21;190.00;out_os_to_as.21;0;1746.47;0.96;0.00;24.86;car;;0;0.00
5895.00;41899283#1_0;148.70;10.64;5304.00;534.35;803785575#0_0;5.10;0.00;tripinfo_in_od_to_as.104;591.00;in_od_to_as.104;0;2382.09;1.06;0.00;387.67;car;;15;149.00
5895.00;230845886_0;633.12;11.47;5764.00;392.68;23687583_0;5.10;0.00;tripinfo_out_as_to_ba.10;131.00;out_as_to_ba.10;0;1356.50;1.07;0.00;16.40;car;;0;0.00
5895.00;23156030#6_0;109.07;10.66;5581.00;0.40;-28716808#1_0;5.10;0.00;tripinfo_out_kl_to_od.7;314.00;out_kl_to_od.7;0;2657.03;1.04;0.00;84.11;car;;3;29.00
5896.00;972103805_0;116.86;10.78;4795.00;409.95;803785575#0_0;5.10;0.00;tripinfo_in_od_to_ko.124;1101.00;in_od_to_ko.124;0;2307.67;1.00;0.00;881.77;car;;22;436.00
5896.00;23156030#6_1;109.07;10.75;5593.00;0.87;-23156390_0;5.10;0.00;tripinfo_out_br_to_od.10;303.00;out_br_to_od.10;0;2905.16;1.07;0.00;57.38;car;;3;18.00
5897.00;230845886_0;633.12;12.57;5741.00;462.93;23687583_0;5.10;0.00;tripinfo_out_as_to_ba.9;156.00;out_as_to_ba.9;0;1356.50;1.17;0.00;51.52;car;;1;9.00
5898.00;23156305_0;1264.14;10.73;5133.00;470.82;803785575#0_0;5.10;0.00;tripinfo_in_od_to_gg.109;765.00;in_od_to_gg.109;0;3669.96;1.04;0.00;445.22;car;;22;225.00
5900.00;23142338#2_0;290.21;10.53;5672.00;490.92;23687583_0;5.10;0.00;tripinfo_out_as_to_ns.3;228.00;out_as_to_ns.3;0;1995.73;0.99;0.00;45.39;car;;2;6.00
5902.00;23142338#2_0;290.21;10.98;5678.00;473.01;23687583_0;5.10;0.00;tripinfo_out_as_to_ns.4;224.00;out_as_to_ns.4;0;1995.73;1.03;0.00;47.10;car;;1;4.00
5907.00;23156030#6_0;109.07;9.78;5806.00;0.45;-45494495_0;5.10;0.00;tripinfo_out_os_to_od.24;101.00;out_os_to_od.24;0;865.51;0.93;0.00;16.28;car;;1;4.00
5912.00;28716808#1_0;754.74;10.65;5232.00;525.02;803785575#0_0;5.10;0.00;tripinfo_in_od_to_kl.81;680.00;in_od_to_kl.81;0;2678.40;1.07;0.00;453.39;car;;23;197.00
5916.00;972103805_0;116.86;8.12;4801.00;413.39;803785575#0_0;5.10;0.00;tripinfo_in_od_to_ko.125;1115.00;in_od_to_ko.125;0;2307.67;0.84;0.00;854.12;car;;20;405.00
5918.00;972103805_0;116.86;10.90;4982.00;460.95;803785575#0_0;5.10;0.00;tripinfo_in_od_to_ko.133;936.00;in_od_to_ko.133;0;2307.67;1.02;0.00;721.40;car;;24;341.00
5919.00;23142338#2_0;290.21;11.21;5687.00;475.63;23687583_0;5.10;0.00;tripinfo_out_as_to_ns.5;232.00;out_as_to_ns.5;0;1995.73;1.02;0.00;54.39;car;;3;16.00
5919.00;41899283#1_0;148.70;9.42;5672.00;1.78;-23142338#2_0;5.10;0.00;tripinfo_out_ns_to_as.21;247.00;out_ns_to_as.21;0;2009.37;0.93;0.00;50.44;car;;1;26.00
5919.00;23156030#6_0;109.07;12.66;5838.00;0.77;-45494495_0;5.10;0.00;tripinfo_out_os_to_od.25;81.00;out_os_to_od.25;0;865.51;1.15;0.00;12.58;car;;0;0.00
5921.00;972103805_0;116.86;12.88;5565.00;1.22;-23156305_0;5.10;0.00;tripinfo_out_gg_to_ko.4;356.00;out_gg_to_ko.4;0;2416.59;1.28;0.00;180.69;car;;3;112.00
5921.00;41899283#1_0;148.70;11.97;5685.00;0.08;-23142338#2_0;5.10;0.00;tripinfo_out_ns_to_as.22;236.00;out_ns_to_as.22;0;2009.37;1.08;0.00;66.00;car;;1;25.00
5922.00;230845886_0;633.12;7.82;5734.00;462.40;23687583_0;5.10;0.00;tripinfo_out_as_to_ba.8;188.00;out_as_to_ba.8;0;1356.50;0.81;0.00;35.65;car;;1;9.00
5923.00;41899283#1_0;148.70;10.49;5694.00;0.74;-23142338#2_0;5.10;0.00;tripinfo_out_ns_to_as.23;229.00;out_ns_to_as.23;0;2009.37;0.97;0.00;40.71;car;;2;10.00
5924.00;230845886_0;633.12;12.00;5770.00;362.03;23687583_0;5.10;0.00;tripinfo_out_as_to_ba.11;154.00;out_as_to_ba.11;0;1356.50;1.17;0.00;48.31;car;;1;3.00
5925.00;23156390_0;1121.44;9.91;5147.00;469.09;803785575#0_0;5.10;0.00;tripinfo_in_od_to_br.83;778.00;in_od_to_br.83;0;3149.31;0.90;0.00;458.59;car;;27;239.00
5925.00;41899283#1_0;148.70;11.40;5747.00;1.70;-28716808#1_0;5.10;0.00;tripinfo_out_kl_to_as.8;178.00;out_kl_to_as.8;0;1233.18;1.12;0.00;77.83;car;;1;51.00
5926.00;45494495_0;58.90;10.57;5392.00;551.10;803785575#0_0;5.10;0.00;tripinfo_in_od_to_os.141;534.00;in_od_to_os.141;0;969.96;0.98;0.00;444.24;car;;19;240.00
5926.00;41899283#1_0;148.70;12.42;5758.00;0.99;-230845886_0;5.10;0.00;tripinfo_out_ba_to_as.15;168.00;out_ba_to_as.15;0;1430.78;1.20;0.00;60.50;car;;2;25.00
5927.00;23156390_0;1121.44;10.48;5144.00;470.77;803785575#0_0;5.10;0.00;tripinfo_in_od_to_br.81;783.00;in_od_to_br.81;0;3149.31;0.96;0.00;484.21;car;;22;229.00
5927.00;45494495_0;58.90;12.16;5442.00;540.79;803785575#0_0;5.10;0.00;tripinfo_in_od_to_os.142;485.00;in_od_to_os.142;0;969.96;1.18;0.00;411.15;car;;16;198.00
5929.00;23156030#6_0;109.07;9.22;5624.00;542.42;23687583_0;5.10;0.00;tripinfo_out_as_to_od.0;305.00;out_as_to_od.0;0;2357.31;0.92;0.00;73.20;car;;5;18.00
5932.00;230845886_0;633.12;9.66;5783.00;360.03;23687583_0;5.10;0.00;tripinfo_out_as_to_ba.12;149.00;out_as_to_ba.12;0;1356.50;0.91;0.00;14.30;car;;0;0.00
5935.00;972103805_0;116.86;9.47;5009.00;458.24;803785575#0_0;5.10;0.00;tripinfo_in_od_to_ko.135;926.00;in_od_to_ko.135;0;2307.67;0.90;0.00;683.25;car;;24;344.00
5935.00;23142338#2_0;290.21;10.51;5690.00;461.44;23687583_0;5.10;0.00;tripinfo_out_as_to_ns.6;245.00;out_as_to_ns.6;0;1995.73;1.05;0.00;71.69;car;;4;27.00
5936.00;41899283#1_0;148.70;9.57;5714.00;0.93;-23142338#2_0;5.10;0.00;tripinfo_out_ns_to_as.24;222.00;out_ns_to_as.24;0;2009.37;0.96;0.00;32.29;car;;1;6.00
5938.00;28716808#1_0;754.74;9.93;5273.00;536.63;803785575#0_0;5.10;0.00;tripinfo_in_od_to_kl.82;665.00;in_od_to_kl.82;0;2678.40;0.95;0.00;410.93;car;;17;183.00
5939.00;41899283#1_0;148.70;10.46;5724.00;3.60;-23142338#2_0;5.10;0.00;tripinfo_out_ns_to_as.25;215.00;out_ns_to_as.25;0;2009.37;0.97;0.00;27.24;car;;1;2.00
5941.00;23156305_0;1264.14;9.75;5121.00;467.34;803785575#0_0;5.10;0.00;tripinfo_in_od_to_gg.107;820.00;in_od_to_gg.107;0;3669.96;0.89;0.00;443.74;car;;28;249.00
5942.00;45494495_0;58.90;9.24;5481.00;558.52;803785575#0_0;5.10;0.00;tripinfo_in_od_to_os.143;461.00;in_od_to_os.143;0;969.96;0.92;0.00;365.20;car;;9;174.00
5943.00;23142338#2_0;290.21;10.64;4861.00;415.41;803785575#0_0;5.10;0.00;tripinfo_in_od_to_ns.27;1082.00;in_od_to_ns.27;0;1928.29;1.01;0.00;898.59;car;;28;427.00
5943.00;23156030#6_1;109.07;11.66;5645.00;0.00;-23156390_0;5.10;0.00;tripinfo_out_br_to_od.11;298.00;out_br_to_od.11;0;2905.16;1.09;0.00;56.40;car;;3;15.00
5944.00;23156030#6_0;109.07;10.28;5713.00;0.82;-230845886_0;5.10;0.00;tripinfo_out_ba_to_od.14;231.00;out_ba_to_od.14;0;2315.50;1.00;0.00;21.24;car;;0;0.00
5946.00;28716808#1_0;754.74;10.25;5298.00;529.70;803785575#0_0;5.10;0.00;tripinfo_in_od_to_kl.83;648.00;in_od_to_kl.83;0;2678.40;0.95;0.00;392.89;car;;12;151.00
5947.00;41899283#1_0;148.70;9.79;5770.00;0.38;-230845886_0;5.10;0.00;tripinfo_out_ba_to_as.16;177.00;out_ba_to_as.16;0;1430.78;0.96;0.00;42.75;car;;2;18.00
5949.00;45494495_0;58.90;10.85;5724.00;466.94;23687583_0;5.10;0.00;tripinfo_out_as_to_os.1;225.00;out_as_to_os.1;0;1689.77;1.02;0.00;75.86;car;;2;7.00
5951.00;41899283#1_0;148.70;9.67;5786.00;0.07;-230845886_0;5.10;0.00;tripinfo_out_ba_to_as.17;165.00;out_ba_to_as.17;0;1430.78;0.93;0.00;24.98;car;;2;4.00
5951.00;23156030#6_0;109.07;11.27;5873.00;0.52;-45494495_0;5.10;0.00;tripinfo_out_os_to_od.26;78.00;out_os_to_od.26;0;865.51;1.10;0.00;7.07;car;;0;0.00
5952.00;23142338#2_0;290.21;9.12;5631.00;0.20;-45494495_0;5.10;0.00;tripinfo_out_os_to_ns.3;321.00;out_os_to_ns.3;0;1665.91;0.90;0.00;139.93;car;;5;93.00
5952.00;41899283#1_0;148.70;11.23;5804.00;1.50;-230845886_0;5.10;0.00;tripinfo_out_ba_to_as.18;148.00;out_ba_to_as.18;0;1430.78;1.02;0.00;20.59;car;;0;0.00
5954.00;41899283#1_0;148.70;11.55;5784.00;0.73;-45494495_0;5.10;0.00;tripinfo_out_os_to_as.22;170.00;out_os_to_as.22;0;1746.47;1.07;0.00;22.70;car;;0;0.00
5956.00;972103805_0;116.86;9.33;4837.00;422.56;803785575#0_0;5.10;0.00;tripinfo_in_od_to_ko.126;1119.00;in_od_to_ko.126;0;2307.67;0.86;0.00;863.19;car;;30;397.00
5956.00;23142338#2_0;290.21;10.58;5721.00;468.38;23687583_0;5.10;0.00;tripinfo_out_as_to_ns.7;235.00;out_as_to_ns.7;0;1995.73;0.97;0.00;47.45;car;;3;17.00
5956.00;45494495_0;58.90;10.67;5763.00;0.99;-230845886_0;5.10;0.00;tripinfo_out_ba_to_os.10;193.00;out_ba_to_os.10;0;1647.96;0.98;0.00;41.30;car;;1;7.00
5956.00;41899283#1_0;148.70;12.07;5788.00;0.15;-45494495_0;5.10;0.00;tripinfo_out_os_to_as.23;168.00;out_os_to_as.23;0;1746.47;1.11;0.00;24.78;car;;0;0.00
5958.00;972103805_0;116.86;11.27;5008.00;470.10;803785575#0_0;5.10;0.00;tripinfo_in_od_to_ko.134;950.00;in_od_to_ko.134;0;2307.67;1.05;0.00;741.32;car;;30;339.00
5958.00;230845886_0;633.12;8.21;5670.00;0.41;-23156390_0;5.10;0.00;tripinfo_out_br_to_ba.2;288.00;out_br_to_ba.2;0;1904.35;0.75;0.00;59.06;car;;1;33.00
5959.00;45494495_0;58.90;9.89;5562.00;0.14;-23156305_0;5.10;0.00;tripinfo_out_gg_to_os.8;397.00;out_gg_to_os.8;0;2621.43;0.93;0.00;142.99;car;;2;89.00
5960.00;230845886_0;633.12;10.63;5796.00;348.32;23687583_0;5.10;0.00;tripinfo_out_as_to_ba.13;164.00;out_as_to_ba.13;0;1356.50;0.98;0.00;38.76;car;;0;0.00
5961.00;45494495_0;58.90;11.03;5744.00;440.07;23687583_0;5.10;0.00;tripinfo_out_as_to_os.2;217.00;out_as_to_os.2;0;1689.77;1.10;0.00;77.97;car;;1;6.00
5963.00;45494495_0;58.90;11.97;5748.00;441.42;23687583_0;5.10;0.00;tripinfo_out_as_to_os.3;215.00;out_as_to_os.3;0;1689.77;1.08;0.00;74.04;car;;1;6.00
5963.00;972103805_0;116.86;10.98;5570.00;3.22;-23156305_0;5.10;0.00;tripinfo_out_gg_to_ko.5;393.00;out_gg_to_ko.5;0;2416.59;1.05;0.00;184.18;car;;3;137.00
5963.00;230845886_0;633.12;8.54;5742.00;2.15;-45494495_0;5.10;0.00;tripinfo_out_os_to_ba.10;221.00;out_os_to_ba.10;0;1746.52;0.78;0.00;18.67;car;;0;0.00
5963.00;41899283#1_0;148.70;10.68;5748.00;0.02;-23142338#2_0;5.10;0.00;tripinfo_out_ns_to_as.26;215.00;out_ns_to_as.26;0;2009.37;1.06;0.00;42.68;car;;3;10.00
5965.00;230845886_0;633.12;12.02;5766.00;0.21;-45494495_0;5.10;0.00;tripinfo_out_os_to_ba.11;199.00;out_os_to_ba.11;0;1746.52;1.15;0.00;60.27;car;;1;2.00
5966.00;23156390_0;1121.44;8.87;5189.00;506.52;803785575#0_0;5.10;0.00;tripinfo_in_od_to_br.84;777.00;in_od_to_br.84;0;3149.31;0.91;0.00;462.63;car;;22;225.00
5966.00;230845886_0;633.12;12.06;5721.00;3.73;-23142338#2_0;5.10;0.00;tripinfo_out_ns_to_ba.5;245.00;out_ns_to_ba.5;0;2340.42;1.12;0.00;56.58;car;;1;1.00
5968.00;23156390_0;1121.44;10.26;5145.00;469.17;803785575#0_0;5.10;0.00;tripinfo_in_od_to_br.82;823.00;in_od_to_br.82;0;3149.31;1.01;0.00;540.48;car;;22;247.00
5969.00;230845886_0;633.12;8.79;5799.00;350.20;23687583_0;5.10;0.00;tripinfo_out_as_to_ba.14;170.00;out_as_to_ba.14;0;1356.50;0.86;0.00;27.61;car;;1;7.00
5970.00;23156390_0;1121.44;10.44;5194.00;508.97;803785575#0_0;5.10;0.00;tripinfo_in_od_to_br.85;776.00;in_od_to_br.85;0;3149.31;1.03;0.00;496.69;car;;26;226.00
5970.00;23142338#2_0;290.21;11.73;5761.00;411.22;23687583_0;5.10;0.00;tripinfo_out_as_to_ns.8;209.00;out_as_to_ns.8;0;1995.73;1.11;0.00;44.84;car;;2;9.00
5971.00;230845886_0;633.12;8.72;5813.00;308.60;23687583_0;5.10;0.00;tripinfo_out_as_to_ba.15;158.00;out_as_to_ba.15;0;1356.50;0.87;0.00;17.86;car;;0;0.00
5971.00;23156030#6_0;109.07;10.10;5879.00;4.42;-45494495_0;5.10;0.00;tripinfo_out_os_to_od.27;92.00;out_os_to_od.27;0;865.51;0.93;0.00;7.46;car;;0;0.00
5972.00;23156390_0;1121.44;10.89;5197.00;511.67;803785575#0_0;5.10;0.00;tripinfo_in_od_to_br.86;775.00;in_od_to_br.86;0;3149.31;1.01;0.00;490.81;car;;22;204.00
5973.00;45494495_0;58.90;10.19;5787.00;363.48;23687583_0;5.10;0.00;tripinfo_out_as_to_os.4;186.00;out_as_to_os.4;0;1689.77;0.93;0.00;22.65;car;;0;0.00
5973.00;230845886_0;633.12;11.18;5730.00;0.60;-23142338#2_0;5.10;0.00;tripinfo_out_ns_to_ba.6;243.00;out_ns_to_ba.6;0;2340.42;1.06;0.00;44.40;car;;1;9.00
5975.00;230845886_0;633.12;10.15;5820.00;314.49;23687583_0;5.10;0.00;tripinfo_out_as_to_ba.16;155.00;out_as_to_ba.16;0;1356.50;1.00;0.00;32.12;car;;2;9.00
5976.00;23156305_0;1264.14;9.06;5139.00;472.94;803785575#0_0;5.10;0.00;tripinfo_in_od_to_gg.110;837.00;in_od_to_gg.110;0;3669.96;0.86;0.00;452.31;car;;21;221.00
5976.00;45494495_0;58.90;10.85;5513.00;573.63;803785575#0_0;5.10;0.00;tripinfo_in_od_to_os.144;463.00;in_od_to_os.144;0;969.96;1.00;0.00;374.28;car;;19;187.00
5977.00;41899283#1_0;148.70;10.48;5323.00;528.72;803785575#0_0;5.10;0.00;tripinfo_in_od_to_as.106;654.00;in_od_to_as.106;0;2382.09;0.97;0.00;430.92;car;;14;231.00
5977.00;230845886_0;633.12;10.71;5823.00;315.22;23687583_0;5.10;0.00;tripinfo_out_as_to_ba.17;154.00;out_as_to_ba.17;0;1356.50;1.06;0.00;38.09;car;;1;6.00
5978.00;23156305_0;1264.14;11.84;5205.00;517.88;803785575#0_0;5.10;0.00;tripinfo_in_od_to_gg.112;773.00;in_od_to_gg.112;0;3669.96;1.14;0.00;480.78;car;;19;163.00
5979.00;41899283#1_0;148.70;10.05;5312.00;534.63;803785575#0_0;5.10;0.00;tripinfo_in_od_to_as.105;667.00;in_od_to_as.105;0;2382.09;0.98;0.00;448.19;car;;14;242.00
5979.00;230845886_0;633.12;10.44;5826.00;304.58;23687583_0;5.10;0.00;tripinfo_out_as_to_ba.18;153.00;out_as_to_ba.18;0;1356.50;1.00;0.00;31.09;car;;1;6.00
5981.00;41899283#1_0;148.70;11.68;5832.00;0.89;-230845886_0;5.10;0.00;tripinfo_out_ba_to_as.19;149.00;out_ba_to_as.19;0;1430.78;1.13;0.00;34.48;car;;1;3.00
5983.00;45494495_0;58.90;8.49;5534.00;584.60;803785575#0_0;5.10;0.00;tripinfo_in_od_to_os.145;449.00;in_od_to_os.145;0;969.96;0.84;0.00;344.29;car;;10;165.00
5985.00;45494495_0;58.90;11.09;5543.00;586.44;803785575#0_0;5.10;0.00;tripinfo_in_od_to_os.146;442.00;in_od_to_os.146;0;969.96;1.02;0.00;355.78;car;;11;173.00
5988.00;45494495_0;58.90;10.83;5808.00;0.53;-230845886_0;5.10;0.00;tripinfo_out_ba_to_os.11;180.00;out_ba_to_os.11;0;1647.96;0.98;0.00;27.39;car;;1;1.00
5992.00;45494495_0;58.90;10.32;5802.00;350.14;23687583_0;5.10;0.00;tripinfo_out_as_to_os.5;190.00;out_as_to_os.5;0;1689.77;0.96;0.00;31.11;car;;1;5.00
5994.00;41899283#1_0;148.70;10.16;5141.00;468.51;803785575#0_0;5.10;0.00;tripinfo_in_od_to_as.101;853.00;in_od_to_as.101;0;2382.09;1.02;0.00;642.03;car;;24;317.00
5994.00;230845886_0;633.12;9.01;5802.00;0.95;-45494495_0;5.10;0.00;tripinfo_out_os_to_ba.12;192.00;out_os_to_ba.12;0;1746.52;0.89;0.00;15.24;car;;0;0.00
5995.00;23156305_0;1264.14;10.40;5203.00;516.36;803785575#0_0;5.10;0.00;tripinfo_in_od_to_gg.111;792.00;in_od_to_gg.111;0;3669.96;0.94;0.00;438.97;car;;21;172.00
5996.00;23156305_0;1264.14;11.55;5297.00;536.63;803785575#0_0;5.10;0.00;tripinfo_in_od_to_gg.114;699.00;in_od_to_gg.114;0;3669.96;1.10;0.00;396.81;car;;13;144.00
5996.00;230845886_0;633.12;10.62;5791.00;1.81;-28716808#1_0;5.10;0.00;tripinfo_out_kl_to_ba.0;205.00;out_kl_to_ba.0;0;1656.22;0.96;0.00;48.59;car;;3;14.00
5997.00;41899283#1_0;148.70;10.11;5858.00;0.48;-230845886_0;5.10;0.00;tripinfo_out_ba_to_as.20;139.00;out_ba_to_as.20;0;1430.78;1.03;0.00;12.58;car;;0;0.00
5998.00;230845886_0;633.12;9.61;5832.00;303.28;23687583_0;5.10;0.00;tripinfo_out_as_to_ba.19;166.00;out_as_to_ba.19;0;1356.50;0.94;0.00;36.15;car;;2;10.00
6000.00;230845886_0;633.12;13.13;5835.00;279.87;23687583_0;5.10;0.00;tripinfo_out_as_to_ba.20;165.00;out_as_to_ba.20;0;1356.50;1.20;0.00;62.20;car;;1;9.00
6002.00;230845886_0;633.12;12.82;5844.00;257.28;23687583_0;5.10;0.00;tripinfo_out_as_to_ba.21;158.00;out_as_to_ba.21;0;1356.50;1.18;0.00;53.89;car;;1;6.00
6003.00;230845886_0;633.12;11.14;5817.00;0.02;-45494495_0;5.10;0.00;tripinfo_out_os_to_ba.13;186.00;out_os_to_ba.13;0;1746.52;1.10;0.00;43.00;car;;1;1.00
6003.00;23156030#6_0;109.07;7.94;5898.00;0.10;-45494495_0;5.10;0.00;tripinfo_out_os_to_od.28;105.00;out_os_to_od.28;0;865.51;0.81;0.00;8.80;car;;0;0.00
6004.00;28716808#1_0;754.74;11.68;5321.00;538.96;803785575#0_0;5.10;0.00;tripinfo_in_od_to_kl.84;683.00;in_od_to_kl.84;0;2678.40;1.06;0.00;455.52;car;;12;230.00
6006.00;41899283#1_0;148.70;10.62;5136.00;472.70;803785575#0_0;5.10;0.00;tripinfo_in_od_to_as.100;870.00;in_od_to_as.100;0;2382.09;0.96;0.00;644.45;car;;24;299.00
6008.00;230845886_0;633.12;11.01;5850.00;255.66;23687583_0;5.10;0.00;tripinfo_out_as_to_ba.22;158.00;out_as_to_ba.22;0;1356.50;1.01;0.00;37.03;car;;2;6.00
6011.00;23156390_0;1121.44;8.63;5301.00;532.46;803785575#0_0;5.10;0.00;tripinfo_in_od_to_br.88;710.00;in_od_to_br.88;0;3149.31;0.86;0.00;376.91;car;;14;142.00
6011.00;41899283#1_0;148.70;9.47;5809.00;1.23;-45494495_0;5.10;0.00;tripinfo_out_os_to_as.24;202.00;out_os_to_as.24;0;1746.47;0.88;0.00;22.94;car;;1;1.00
6012.00;230845886_0;633.12;10.64;5573.00;3.21;-23156305_0;5.10;0.00;tripinfo_out_gg_to_ba.6;439.00;out_gg_to_ba.6;0;2288.16;0.99;0.00;228.89;car;;5;179.00
6013.00;23156390_0;1121.44;10.42;5244.00;523.83;803785575#0_0;5.10;0.00;tripinfo_in_od_to_br.87;769.00;in_od_to_br.87;0;3149.31;1.01;0.00;484.63;car;;22;186.00
6013.00;41899283#1_0;148.70;9.95;5379.00;556.61;803785575#0_0;5.10;0.00;tripinfo_in_od_to_as.108;634.00;in_od_to_as.108;0;2382.09;0.96;0.00;409.42;car;;17;219.00
6015.00;23156030#6_0;109.07;9.78;5693.00;464.19;23687583_0;5.10;0.00;tripinfo_out_as_to_od.2;322.00;out_as_to_od.2;0;2357.31;0.93;0.00;93.90;car;;3;17.00
6015.00;23156030#6_1;109.07;12.11;5730.00;462.65;23687583_0;5.10;0.00;tripinfo_out_as_to_od.4;285.00;out_as_to_od.4;0;2357.31;1.19;0.00;106.58;car;;3;14.00
6019.00;230845886_0;633.12;10.22;5756.00;0.67;-23142338#2_0;5.10;0.00;tripinfo_out_ns_to_ba.7;263.00;out_ns_to_ba.7;0;2340.42;0.97;0.00;45.52;car;;2;11.00
6021.00;45494495_0;58.90;13.01;5844.00;6.98;-230845886_0;5.10;0.00;tripinfo_out_ba_to_os.12;177.00;out_ba_to_os.12;0;1647.96;1.19;0.00;51.05;car;;1;5.00
6022.00;23156030#6_1;109.07;11.09;5737.00;465.20;23687583_0;5.10;0.00;tripinfo_out_as_to_od.5;285.00;out_as_to_od.5;0;2357.31;1.05;0.00;82.46;car;;2;9.00
6024.00;23156030#6_0;109.07;8.98;5697.00;468.14;23687583_0;5.10;0.00;tripinfo_out_as_to_od.3;327.00;out_as_to_od.3;0;2357.31;0.84;0.00;74.85;car;;4;11.00
6025.00;230845886_0;633.12;9.20;5857.00;235.81;23687583_0;5.10;0.00;tripinfo_out_as_to_ba.23;168.00;out_as_to_ba.23;0;1356.50;0.93;0.00;36.17;car;;2;2.00
6026.00;41899283#1_0;148.70;11.29;5850.00;0.52;-45494495_0;5.10;0.00;tripinfo_out_os_to_as.25;176.00;out_os_to_as.25;0;1746.47;1.10;0.00;31.62;car;;0;0.00
6028.00;23142338#2_0;290.21;9.86;4870.00;420.58;803785575#0_0;5.10;0.00;tripinfo_in_od_to_ns.28;1158.00;in_od_to_ns.28;0;1928.29;0.96;0.00;964.43;car;;27;491.00
6028.00;972103805_0;116.86;7.68;5765.00;0.44;-28716808#1_0;5.10;0.00;tripinfo_out_kl_to_ko.8;263.00;out_kl_to_ko.8;0;1927.03;0.80;0.00;44.62;car;;2;14.00
6030.00;972103805_0;116.86;11.23;5788.00;0.81;-28716808#1_0;5.10;0.00;tripinfo_out_kl_to_ko.9;242.00;out_kl_to_ko.9;0;1927.03;1.04;0.00;74.14;car;;4;20.00
6031.00;23142338#2_0;290.21;9.96;4876.00;422.86;803785575#0_0;5.10;0.00;tripinfo_in_od_to_ns.29;1155.00;in_od_to_ns.29;0;1928.29;0.94;0.00;958.26;car;;30;479.00
6031.00;972103805_0;116.86;11.75;5828.00;0.22;-28716808#1_0;5.10;0.00;tripinfo_out_kl_to_ko.10;203.00;out_kl_to_ko.10;0;1927.03;1.10;0.00;43.97;car;;1;18.00
6032.00;23156030#6_0;109.07;7.60;5656.00;505.18;23687583_0;5.10;0.00;tripinfo_out_as_to_od.1;376.00;out_as_to_od.1;0;2357.31;0.72;0.00;81.03;car;;3;17.00
6033.00;45494495_0;58.90;10.78;5841.00;282.96;23687583_0;5.10;0.00;tripinfo_out_as_to_os.6;192.00;out_as_to_os.6;0;1689.77;1.03;0.00;44.09;car;;1;6.00
6034.00;23156030#6_0;109.07;10.25;5694.00;0.81;-28716808#1_0;5.10;0.00;tripinfo_out_kl_to_od.8;340.00;out_kl_to_od.8;0;2657.03;0.96;0.00;89.51;car;;1;20.00
6035.00;41899283#1_0;148.70;9.96;5400.00;546.94;803785575#0_0;5.10;0.00;tripinfo_in_od_to_as.109;635.00;in_od_to_as.109;0;2382.09;0.97;0.00;412.93;car;;18;209.00
6035.00;230845886_0;633.12;9.78;5865.00;226.94;23687583_0;5.10;0.00;tripinfo_out_as_to_ba.24;170.00;out_as_to_ba.24;0;1356.50;0.93;0.00;38.41;car;;1;7.00
6037.00;23156030#6_0;109.07;9.19;5918.00;2.94;-45494495_0;5.10;0.00;tripinfo_out_os_to_od.29;119.00;out_os_to_od.29;0;865.51;0.91;0.00;32.36;car;;1;10.00
6038.00;28706217_0;94.10;7.57;5532.00;543.35;23687583_0;5.10;0.00;tripinfo_in_as_to_sl.103;506.00;in_as_to_sl.103;0;1976.75;0.95;0.00;312.34;car;;7;250.00
6038.00;23156030#6_1;109.07;9.46;5752.00;442.75;23687583_0;5.10;0.00;tripinfo_out_as_to_od.6;286.00;out_as_to_od.6;0;2357.31;0.93;0.00;56.47;car;;1;6.00
6041.00;41899283#1_0;148.70;9.78;5401.00;544.92;803785575#0_0;5.10;0.00;tripinfo_in_od_to_as.110;640.00;in_od_to_as.110;0;2382.09;0.92;0.00;406.29;car;;18;206.00
6042.00;23156305_0;1264.14;9.24;5284.00;535.84;803785575#0_0;5.10;0.00;tripinfo_in_od_to_gg.113;758.00;in_od_to_gg.113;0;3669.96;0.84;0.00;362.93;car;;12;146.00
6042.00;23142338#2_0;290.21;9.45;5767.00;362.67;23687583_0;5.10;0.00;tripinfo_out_as_to_ns.9;275.00;out_as_to_ns.9;0;1995.73;0.88;0.00;68.52;car;;3;38.00
6042.00;230845886_0;633.12;8.56;5868.00;221.75;23687583_0;5.10;0.00;tripinfo_out_as_to_ba.25;174.00;out_as_to_ba.25;0;1356.50;0.87;0.00;33.56;car;;1;6.00
6044.00;23156305_0;1264.14;11.70;4792.00;408.83;803785575#0_0;5.10;0.00;tripinfo_in_od_to_gg.97;1252.00;in_od_to_gg.97;0;3669.96;1.07;0.00;941.87;car;;25;420.00
6044.00;28706217_0;94.10;6.87;5602.00;591.92;23687583_0;5.10;0.00;tripinfo_in_as_to_sl.104;442.00;in_as_to_sl.104;0;1976.75;0.85;0.00;226.61;car;;7;166.00
6044.00;23142338#2_0;290.21;10.05;5773.00;362.58;23687583_0;5.10;0.00;tripinfo_out_as_to_ns.10;271.00;out_as_to_ns.10;0;1995.73;1.02;0.00;92.07;car;;3;34.00
6044.00;230845886_0;633.12;11.00;5595.00;0.47;-23156305_0;5.10;0.00;tripinfo_out_gg_to_ba.7;449.00;out_gg_to_ba.7;0;2288.16;1.02;0.00;245.55;car;;7;187.00
6046.00;23156030#6_0;109.07;9.57;5758.00;424.33;23687583_0;5.10;0.00;tripinfo_out_as_to_od.8;288.00;out_as_to_od.8;0;2357.31;0.92;0.00;56.97;car;;1;5.00
6046.00;23142338#2_0;290.21;10.52;5777.00;365.21;23687583_0;5.10;0.00;tripinfo_out_as_to_ns.11;269.00;out_as_to_ns.11;0;1995.73;1.03;0.00;92.28;car;;3;44.00
6046.00;28706217_0;94.10;6.51;5642.00;0.39;-28716808#1_0;5.10;0.00;tripinfo_out_kl_to_sl.9;404.00;out_kl_to_sl.9;0;2276.47;0.93;0.00;177.10;car;;5;130.00
6049.00;972103805_0;116.86;12.42;5021.00;465.59;803785575#0_0;5.10;0.00;tripinfo_in_od_to_ko.137;1028.00;in_od_to_ko.137;0;2307.67;1.16;0.00;837.58;car;;26;461.00
6049.00;28706217_0;94.10;6.92;5645.00;3.32;-28716808#1_0;5.10;0.00;tripinfo_out_kl_to_sl.10;404.00;out_kl_to_sl.10;0;2276.47;0.86;0.00;159.39;car;;4;121.00
6050.00;23156030#6_0;109.07;8.40;5755.00;440.06;23687583_0;5.10;0.00;tripinfo_out_as_to_od.7;295.00;out_as_to_od.7;0;2357.31;0.83;0.00;37.91;car;;1;7.00
6051.00;28706217_0;94.10;8.44;5697.00;0.27;-230845886_0;5.10;0.00;tripinfo_out_ba_to_sl.4;354.00;out_ba_to_sl.4;0;1934.94;1.01;0.00;176.30;car;;5;126.00
6052.00;23142338#2_0;290.21;11.48;5255.00;521.97;803785575#0_0;5.10;0.00;tripinfo_in_od_to_ns.34;797.00;in_od_to_ns.34;0;1928.29;1.05;0.00;620.30;car;;25;317.00
6052.00;41899283#1_0;148.70;8.34;5620.00;0.54;-23156305_0;5.10;0.00;tripinfo_out_gg_to_as.3;432.00;out_gg_to_as.3;0;1699.56;0.86;0.00;252.34;car;;7;202.00
6052.00;23156030#6_0;109.07;9.74;5665.00;0.80;-23156390_0;5.10;0.00;tripinfo_out_br_to_od.12;387.00;out_br_to_od.12;0;2905.16;0.98;0.00;118.53;car;;2;82.00
6052.00;45494495_0;58.90;10.04;5871.00;0.68;-230845886_0;5.10;0.00;tripinfo_out_ba_to_os.13;181.00;out_ba_to_os.13;0;1647.96;0.91;0.00;17.58;car;;1;1.00
6053.00;28706217_0;94.10;9.18;5649.00;511.78;23687583_0;5.10;0.00;tripinfo_out_as_to_sl.0;404.00;out_as_to_sl.0;0;1976.75;1.11;0.00;237.96;car;;6;138.00
6055.00;28706217_0;94.10;8.42;5652.00;510.19;23687583_0;5.10;0.00;tripinfo_out_as_to_sl.1;403.00;out_as_to_sl.1;0;1976.75;1.14;0.00;241.70;car;;6;136.00
6056.00;23156030#6_1;109.07;11.20;5140.00;0.28;-23142338#2_0;5.10;0.00;tripinfo_out_ns_to_od.1;916.00;out_ns_to_od.1;0;2005.01;1.03;0.00;728.73;car;;6;663.00
6057.00;23156030#6_0;109.07;10.00;5795.00;0.80;-230845886_0;5.10;0.00;tripinfo_out_ba_to_od.15;262.00;out_ba_to_od.15;0;2315.50;0.93;0.00;38.79;car;;2;9.00
6059.00;28706217_0;94.10;7.94;5908.00;0.28;-45494495_0;5.10;0.00;tripinfo_out_os_to_sl.6;151.00;out_os_to_sl.6;0;484.95;1.08;0.00;105.18;car;;3;77.00
6060.00;41899283#1_0;148.70;10.19;5421.00;536.16;803785575#0_0;5.10;0.00;tripinfo_in_od_to_as.111;639.00;in_od_to_as.111;0;2382.09;0.94;0.00;408.78;car;;14;202.00
6060.00;23156030#6_0;109.07;10.14;5811.00;2.07;-230845886_0;5.10;0.00;tripinfo_out_ba_to_od.17;249.00;out_ba_to_od.17;0;2315.50;0.94;0.00;26.91;car;;0;0.00
6062.00;23156030#6_0;109.07;10.15;5798.00;1.29;-230845886_0;5.10;0.00;tripinfo_out_ba_to_od.16;264.00;out_ba_to_od.16;0;2315.50;0.94;0.00;40.68;car;;1;7.00
6062.00;23156030#6_1;109.07;9.78;5815.00;1.09;-230845886_0;5.10;0.00;tripinfo_out_ba_to_od.18;247.00;out_ba_to_od.18;0;2315.50;0.97;0.00;31.72;car;;1;4.00
6063.00;23156030#6_1;109.07;11.30;5841.00;4.42;-230845886_0;5.10;0.00;tripinfo_out_ba_to_od.19;222.00;out_ba_to_od.19;0;2315.50;1.09;0.00;30.96;car;;0;0.00
6064.00;23156030#6_0;109.07;11.35;5805.00;337.39;23687583_0;5.10;0.00;tripinfo_out_as_to_od.9;259.00;out_as_to_od.9;0;2357.31;1.08;0.00;61.95;car;;1;3.00
6065.00;28706217_0;94.10;8.66;5704.00;468.00;23687583_0;5.10;0.00;tripinfo_out_as_to_sl.4;361.00;out_as_to_sl.4;0;1976.75;1.06;0.00;187.47;car;;6;74.00
6065.00;23156030#6_1;109.07;11.95;5973.00;3.37;-45494495_0;5.10;0.00;tripinfo_out_os_to_od.31;92.00;out_os_to_od.31;0;865.51;1.10;0.00;20.78;car;;1;2.00
6066.00;41899283#1_0;148.70;10.32;5422.00;533.05;803785575#0_0;5.10;0.00;tripinfo_in_od_to_as.112;644.00;in_od_to_as.112;0;2382.09;0.98;0.00;423.03;car;;16;207.00
6066.00;23142338#2_0;290.21;9.32;5780.00;360.57;23687583_0;5.10;0.00;tripinfo_out_as_to_ns.12;286.00;out_as_to_ns.12;0;1995.73;0.90;0.00;83.62;car;;4;47.00
6066.00;972103805_0;116.86;8.79;5830.00;0.03;-28716808#1_0;5.10;0.00;tripinfo_out_kl_to_ko.11;236.00;out_kl_to_ko.11;0;1927.03;0.89;0.00;39.12;car;;2;11.00
6068.00;972103805_0;116.86;10.86;5843.00;0.42;-28716808#1_0;5.10;0.00;tripinfo_out_kl_to_ko.12;225.00;out_kl_to_ko.12;0;1927.03;1.09;0.00;65.26;car;;4;20.00
6068.00;23156030#6_0;109.07;9.91;5970.00;0.50;-45494495_0;5.10;0.00;tripinfo_out_os_to_od.30;98.00;out_os_to_od.30;0;865.51;0.97;0.00;16.99;car;;1;3.00
6069.00;23142338#2_0;290.21;10.43;5790.00;361.23;23687583_0;5.10;0.00;tripinfo_out_as_to_ns.13;279.00;out_as_to_ns.13;0;1995.73;0.99;0.00;94.28;car;;4;52.00
6071.00;23142338#2_0;290.21;11.25;5793.00;350.28;23687583_0;5.10;0.00;tripinfo_out_as_to_ns.14;278.00;out_as_to_ns.14;0;1995.73;1.10;0.00;112.88;car;;4;52.00
6071.00;230845886_0;633.12;7.46;5877.00;223.81;23687583_0;5.10;0.00;tripinfo_out_as_to_ba.26;194.00;out_as_to_ba.26;0;1356.50;0.75;0.00;31.03;car;;1;8.00
6072.00;972103805_0;116.86;9.63;5851.00;0.79;-28716808#1_0;5.10;0.00;tripinfo_out_kl_to_ko.13;221.00;out_kl_to_ko.13;0;1927.03;0.94;0.00;35.32;car;;2;7.00
6073.00;23142338#2_0;290.21;12.10;4903.00;426.63;803785575#0_0;5.10;0.00;tripinfo_in_od_to_ns.30;1170.00;in_od_to_ns.30;0;1928.29;1.15;0.00;1007.11;car;;30;480.00
6073.00;230845886_0;633.12;10.71;5883.00;210.15;23687583_0;5.10;0.00;tripinfo_out_as_to_ba.27;190.00;out_as_to_ba.27;0;1356.50;0.99;0.00;66.16;car;;1;8.00
6074.00;972103805_0;116.86;11.90;4891.00;430.93;803785575#0_0;5.10;0.00;tripinfo_in_od_to_ko.127;1183.00;in_od_to_ko.127;0;2307.67;1.16;0.00;992.48;car;;28;481.00
6074.00;28706217_0;94.10;6.51;5700.00;467.41;23687583_0;5.10;0.00;tripinfo_out_as_to_sl.3;374.00;out_as_to_sl.3;0;1976.75;0.85;0.00;158.01;car;;5;66.00
6074.00;230845886_0;633.12;9.82;5876.00;2.46;-45494495_0;5.10;0.00;tripinfo_out_os_to_ba.14;198.00;out_os_to_ba.14;0;1746.52;0.93;0.00;29.01;car;;0;0.00
6077.00;28706217_0;94.10;5.81;5706.00;464.04;23687583_0;5.10;0.00;tripinfo_out_as_to_sl.5;371.00;out_as_to_sl.5;0;1976.75;0.85;0.00;155.07;car;;4;66.00
6078.00;230845886_0;633.12;8.84;5882.00;2.78;-45494495_0;5.10;0.00;tripinfo_out_os_to_ba.15;196.00;out_os_to_ba.15;0;1746.52;0.89;0.00;17.34;car;;0;0.00
6079.00;28716808#1_0;754.74;11.75;5376.00;554.84;803785575#0_0;5.10;0.00;tripinfo_in_od_to_kl.85;703.00;in_od_to_kl.85;0;2678.40;1.07;0.00;475.44;car;;21;264.00
6079.00;23142338#2_0;290.21;11.26;5810.00;322.14;23687583_0;5.10;0.00;tripinfo_out_as_to_ns.15;269.00;out_as_to_ns.15;0;1995.73;1.13;0.00;107.64;car;;5;46.00
6080.00;28706217_0;94.10;7.40;5675.00;470.35;23687583_0;5.10;0.00;tripinfo_out_as_to_sl.2;405.00;out_as_to_sl.2;0;1976.75;0.93;0.00;207.95;car;;7;85.00
6080.00;41899283#1_0;148.70;12.18;5884.00;3.30;-23142338#2_0;5.10;0.00;tripinfo_out_ns_to_as.27;196.00;out_ns_to_as.27;0;2009.37;1.16;0.00;37.57;car;;1;12.00
6080.00;230845886_0;633.12;9.78;5885.00;0.82;-45494495_0;5.10;0.00;tripinfo_out_os_to_ba.16;195.00;out_os_to_ba.16;0;1746.52;0.96;0.00;29.55;car;;0;0.00
6080.00;23156030#6_0;109.07;8.61;5983.00;2.16;-45494495_0;5.10;0.00;tripinfo_out_os_to_od.32;97.00;out_os_to_od.32;0;865.51;0.89;0.00;8.29;car;;0;0.00
6082.00;230845886_0;633.12;11.61;5439.00;538.83;803785575#0_0;5.10;0.00;tripinfo_in_od_to_ba.113;643.00;in_od_to_ba.113;0;2382.14;1.06;0.00;440.47;car;;13;195.00
6082.00;28706217_0;94.10;8.22;5727.00;465.98;23687583_0;5.10;0.00;tripinfo_out_as_to_sl.7;355.00;out_as_to_sl.7;0;1976.75;1.10;0.00;187.78;car;;4;74.00
6082.00;45494495_0;58.90;11.10;5919.00;0.58;-230845886_0;5.10;0.00;tripinfo_out_ba_to_os.14;163.00;out_ba_to_os.14;0;1647.96;1.06;0.00;22.00;car;;0;0.00
6083.00;23156030#6_0;109.07;8.80;5673.00;2.51;-23156390_0;5.10;0.00;tripinfo_out_br_to_od.13;410.00;out_br_to_od.13;0;2905.16;0.90;0.00;118.48;car;;3;57.00
6083.00;230845886_0;633.12;10.25;5892.00;0.03;-45494495_0;5.10;0.00;tripinfo_out_os_to_ba.17;191.00;out_os_to_ba.17;0;1746.52;1.04;0.00;39.09;car;;0;0.00
6084.00;28706217_0;94.10;8.04;5710.00;465.18;23687583_0;5.10;0.00;tripinfo_out_as_to_sl.6;374.00;out_as_to_sl.6;0;1976.75;1.08;0.00;203.49;car;;7;66.00
6084.00;45494495_0;58.90;10.94;5849.00;0.54;-23142338#2_0;5.10;0.00;tripinfo_out_ns_to_os.2;235.00;out_ns_to_os.2;0;1865.82;1.06;0.00;75.61;car;;3;43.00
6086.00;41899283#1_0;148.70;11.43;5642.00;0.60;-23156305_0;5.10;0.00;tripinfo_out_gg_to_as.4;444.00;out_gg_to_as.4;0;1699.56;1.10;0.00;302.53;car;;8;222.00
6089.00;45494495_0;58.90;10.87;5896.00;187.91;23687583_0;5.10;0.00;tripinfo_out_as_to_os.7;193.00;out_as_to_os.7;0;1689.77;1.01;0.00;40.96;car;;1;3.00
6090.00;28716808#1_0;754.74;10.58;5415.00;546.71;803785575#0_0;5.10;0.00;tripinfo_in_od_to_kl.87;675.00;in_od_to_kl.87;0;2678.40;1.05;0.00;443.01;car;;19;218.00
6090.00;230845886_0;633.12;9.52;5909.00;174.84;23687583_0;5.10;0.00;tripinfo_out_as_to_ba.28;181.00;out_as_to_ba.28;0;1356.50;0.88;0.00;41.57;car;;1;12.00
6091.00;23142338#2_0;290.21;10.40;5816.00;310.50;23687583_0;5.10;0.00;tripinfo_out_as_to_ns.16;275.00;out_as_to_ns.16;0;1995.73;1.00;0.00;93.48;car;;6;37.00
6091.00;28706217_0;94.10;6.77;5838.00;280.70;23687583_0;5.10;0.00;tripinfo_out_as_to_sl.8;253.00;out_as_to_sl.8;0;1976.75;0.97;0.00;63.36;car;;2;9.00
6092.00;972103805_0;116.86;11.44;4897.00;422.98;803785575#0_0;5.10;0.00;tripinfo_in_od_to_ko.128;1195.00;in_od_to_ko.128;0;2307.67;1.06;0.00;988.04;car;;30;479.00
6092.00;23142338#2_0;290.21;11.49;5829.00;303.29;23687583_0;5.10;0.00;tripinfo_out_as_to_ns.17;263.00;out_as_to_ns.17;0;1995.73;1.12;0.00;100.88;car;;5;28.00
6093.00;23156030#6_1;109.07;11.75;5776.00;0.59;-28716808#1_0;5.10;0.00;tripinfo_out_kl_to_od.9;317.00;out_kl_to_od.9;0;2657.03;1.12;0.00;101.84;car;;2;18.00
6094.00;23156030#6_0;109.07;10.83;5735.00;0.33;-23156390_0;5.10;0.00;tripinfo_out_br_to_od.15;359.00;out_br_to_od.15;0;2905.16;1.02;0.00;102.24;car;;3;25.00
6096.00;972103805_0;116.86;11.40;4900.00;425.98;803785575#0_0;5.10;0.00;tripinfo_in_od_to_ko.129;1196.00;in_od_to_ko.129;0;2307.67;1.08;0.00;992.04;car;;31;479.00
6096.00;41899283#1_0;148.70;9.87;5445.00;539.89;803785575#0_0;5.10;0.00;tripinfo_in_od_to_as.113;651.00;in_od_to_as.113;0;2382.09;0.96;0.00;426.98;car;;18;193.00
6098.00;41899283#1_0;148.70;11.93;5502.00;571.80;803785575#0_0;5.10;0.00;tripinfo_in_od_to_as.115;596.00;in_od_to_as.115;0;2382.09;1.08;0.00;397.42;car;;13;181.00
6099.00;230845886_0;633.12;8.86;5487.00;561.28;803785575#0_0;5.10;0.00;tripinfo_in_od_to_ba.114;612.00;in_od_to_ba.114;0;2382.14;0.87;0.00;364.34;car;;9;171.00
6100.00;23142338#2_0;290.21;11.66;5031.00;467.22;803785575#0_0;5.10;0.00;tripinfo_in_od_to_ns.31;1069.00;in_od_to_ns.31;0;1928.29;1.07;0.00;894.60;car;;31;397.00
6101.00;23156390_0;1121.44;11.32;5371.00;556.31;803785575#0_0;5.10;0.00;tripinfo_in_od_to_br.91;730.00;in_od_to_br.91;0;3149.31;1.02;0.00;449.92;car;;22;270.00
6101.00;23156030#6_1;109.07;10.33;5847.00;258.68;23687583_0;5.10;0.00;tripinfo_out_as_to_od.10;254.00;out_as_to_od.10;0;2357.31;1.01;0.00;44.51;car;;2;7.00
6101.00;230845886_0;633.12;10.22;5915.00;172.41;23687583_0;5.10;0.00;tripinfo_out_as_to_ba.29;186.00;out_as_to_ba.29;0;1356.50;0.95;0.00;55.97;car;;3;15.00
6102.00;230845886_0;633.12;12.15;5932.00;168.50;23687583_0;5.10;0.00;tripinfo_out_as_to_ba.30;170.00;out_as_to_ba.30;0;1356.50;1.14;0.00;63.00;car;;2;13.00
6104.00;45494495_0;58.90;8.66;5672.00;677.89;803785575#0_0;5.10;0.00;tripinfo_in_od_to_os.147;432.00;in_od_to_os.147;0;969.96;0.85;0.00;328.06;car;;14;172.00
6104.00;230845886_0;633.12;11.63;5936.00;167.30;23687583_0;5.10;0.00;tripinfo_out_as_to_ba.31;168.00;out_as_to_ba.31;0;1356.50;1.11;0.00;57.65;car;;2;11.00
6104.00;41899283#1_0;148.70;9.35;5902.00;0.59;-45494495_0;5.10;0.00;tripinfo_out_os_to_as.26;202.00;out_os_to_as.26;0;1746.47;0.90;0.00;25.28;car;;0;0.00
6106.00;23156030#6_0;109.07;8.90;5712.00;0.00;-23156390_0;5.10;0.00;tripinfo_out_br_to_od.14;394.00;out_br_to_od.14;0;2905.16;0.81;0.00;70.13;car;;3;28.00
6106.00;230845886_0;633.12;11.96;5855.00;0.81;-23156390_0;5.10;0.00;tripinfo_out_br_to_ba.3;251.00;out_br_to_ba.3;0;1904.35;1.11;0.00;95.49;car;;3;45.00
6106.00;41899283#1_0;148.70;11.61;5969.00;0.70;-230845886_0;5.10;0.00;tripinfo_out_ba_to_as.21;137.00;out_ba_to_as.21;0;1430.78;1.16;0.00;24.15;car;;0;0.00
6108.00;23156390_0;1121.44;10.46;5333.00;536.99;803785575#0_0;5.10;0.00;tripinfo_in_od_to_br.90;775.00;in_od_to_br.90;0;3149.31;0.98;0.00;482.59;car;;19;259.00
6110.00;230845886_0;633.12;9.36;5854.00;1.52;-23142338#2_0;5.10;0.00;tripinfo_out_ns_to_ba.8;256.00;out_ns_to_ba.8;0;2340.42;0.91;0.00;24.80;car;;1;1.00
6111.00;972103805_0;116.86;10.59;5292.00;533.64;803785575#0_0;5.10;0.00;tripinfo_in_od_to_ko.155;819.00;in_od_to_ko.155;0;2307.67;1.04;0.00;607.30;car;;14;277.00
6113.00;45494495_0;58.90;10.38;5949.00;0.48;-230845886_0;5.10;0.00;tripinfo_out_ba_to_os.15;164.00;out_ba_to_os.15;0;1647.96;0.99;0.00;13.45;car;;0;0.00
6115.00;230845886_0;633.12;9.65;5490.00;563.05;803785575#0_0;5.10;0.00;tripinfo_in_od_to_ba.115;625.00;in_od_to_ba.115;0;2382.14;0.88;0.00;380.66;car;;12;173.00
6115.00;23156030#6_0;109.07;10.17;5808.00;0.90;-28716808#1_0;5.10;0.00;tripinfo_out_kl_to_od.10;307.00;out_kl_to_od.10;0;2657.03;1.02;0.00;71.40;car;;3;27.00
6116.00;41899283#1_0;148.70;9.93;5507.00;574.25;803785575#0_0;5.10;0.00;tripinfo_in_od_to_as.116;609.00;in_od_to_as.116;0;2382.09;0.98;0.00;388.24;car;;12;180.00
6117.00;230845886_0;633.12;10.36;5952.00;144.01;23687583_0;5.10;0.00;tripinfo_out_as_to_ba.32;165.00;out_as_to_ba.32;0;1356.50;1.01;0.00;43.65;car;;2;8.00
6118.00;41899283#1_0;148.70;10.58;5980.00;0.24;-230845886_0;5.10;0.00;tripinfo_out_ba_to_as.22;138.00;out_ba_to_as.22;0;1430.78;1.04;0.00;13.01;car;;0;0.00
6119.00;28716808#1_0;754.74;8.50;5425.00;528.48;803785575#0_0;5.10;0.00;tripinfo_in_od_to_kl.88;694.00;in_od_to_kl.88;0;2678.40;0.87;0.00;413.80;car;;12;201.00
6119.00;230845886_0;633.12;12.52;5956.00;141.19;23687583_0;5.10;0.00;tripinfo_out_as_to_ba.33;163.00;out_as_to_ba.33;0;1356.50;1.24;0.00;63.71;car;;2;7.00
6122.00;23142338#2_0;290.21;10.01;5038.00;466.69;803785575#0_0;5.10;0.00;tripinfo_in_od_to_ns.32;1084.00;in_od_to_ns.32;0;1928.29;0.94;0.00;887.15;car;;28;394.00
6125.00;972103805_0;116.86;11.31;5793.00;0.63;-23156390_0;5.10;0.00;tripinfo_out_br_to_ko.7;332.00;out_br_to_ko.7;0;2703.95;1.03;0.00;92.62;car;;3;46.00
6127.00;972103805_0;116.86;10.89;5851.00;0.93;-23156390_0;5.10;0.00;tripinfo_out_br_to_ko.8;276.00;out_br_to_ko.8;0;2703.95;1.08;0.00;48.61;car;;1;6.00
6128.00;23156030#6_0;109.07;10.56;5184.00;0.79;-23142338#2_0;5.10;0.00;tripinfo_out_ns_to_od.2;944.00;out_ns_to_od.2;0;2005.01;0.96;0.00;742.88;car;;6;680.00
6129.00;230845886_0;633.12;9.68;5966.00;104.51;23687583_0;5.10;0.00;tripinfo_out_as_to_ba.34;163.00;out_as_to_ba.34;0;1356.50;0.90;0.00;27.63;car;;1;2.00
6130.00;45494495_0;58.90;9.62;5730.00;350.63;803785575#0_0;5.10;0.00;tripinfo_out_od_to_os.3;400.00;out_od_to_os.3;0;969.96;0.89;0.00;301.97;car;;15;169.00
6131.00;23142338#2_0;290.21;10.01;5853.00;252.04;23687583_0;5.10;0.00;tripinfo_out_as_to_ns.18;278.00;out_as_to_ns.18;0;1995.73;0.96;0.00;88.90;car;;6;44.00
6131.00;230845886_0;633.12;10.81;5984.00;88.86;23687583_0;5.10;0.00;tripinfo_out_as_to_ba.35;147.00;out_as_to_ba.35;0;1356.50;1.04;0.00;29.31;car;;0;0.00
6132.00;23156030#6_0;109.07;11.04;5738.00;2.10;-23156390_0;5.10;0.00;tripinfo_out_br_to_od.16;394.00;out_br_to_od.16;0;2905.16;1.01;0.00;134.08;car;;4;70.00
6133.00;23142338#2_0;290.21;11.28;5871.00;220.14;23687583_0;5.10;0.00;tripinfo_out_as_to_ns.19;262.00;out_as_to_ns.19;0;1995.73;1.02;0.00;84.08;car;;4;33.00
6133.00;41899283#1_0;148.70;8.03;5915.00;0.11;-45494495_0;5.10;0.00;tripinfo_out_os_to_as.27;218.00;out_os_to_as.27;0;1746.47;0.80;0.00;20.66;car;;0;0.00
6135.00;41899283#1_0;148.70;11.77;4885.00;426.33;803785575#0_0;5.10;0.00;tripinfo_in_od_to_as.93;1250.00;in_od_to_as.93;0;2382.09;1.09;0.00;1051.53;car;;33;486.00
6135.00;23156390_0;1121.44;11.04;5389.00;551.22;803785575#0_0;5.10;0.00;tripinfo_in_od_to_br.92;746.00;in_od_to_br.92;0;3149.31;1.03;0.00;468.85;car;;17;243.00
6135.00;23156030#6_0;109.07;9.84;6037.00;0.16;-45494495_0;5.10;0.00;tripinfo_out_os_to_od.33;98.00;out_os_to_od.33;0;865.51;1.00;0.00;19.58;car;;1;1.00
6137.00;41899283#1_0;148.70;10.91;5496.00;568.18;803785575#0_0;5.10;0.00;tripinfo_in_od_to_as.114;641.00;in_od_to_as.114;0;2382.09;1.05;0.00;435.31;car;;9;179.00
6137.00;45494495_0;58.90;10.25;5701.00;541.61;803785575#0_0;5.10;0.00;tripinfo_out_od_to_os.1;436.00;out_od_to_os.1;0;969.96;0.96;0.00;344.60;car;;19;200.00
6139.00;41899283#1_0;148.70;11.09;5512.00;573.43;803785575#0_0;5.10;0.00;tripinfo_in_od_to_as.117;627.00;in_od_to_as.117;0;2382.09;1.04;0.00;419.07;car;;16;192.00
6140.00;23156030#6_0;109.07;10.10;5861.00;229.92;23687583_0;5.10;0.00;tripinfo_out_as_to_od.11;279.00;out_as_to_od.11;0;2357.31;0.95;0.00;54.38;car;;1;7.00
6143.00;23156030#6_0;109.07;12.71;5807.00;0.43;-23156390_0;5.10;0.00;tripinfo_out_br_to_od.17;336.00;out_br_to_od.17;0;2905.16;1.20;0.00;117.63;car;;3;43.00
6145.00;41899283#1_0;148.70;10.78;5529.00;581.94;803785575#0_0;5.10;0.00;tripinfo_in_od_to_as.118;616.00;in_od_to_as.118;0;2382.09;1.00;0.00;400.86;car;;14;168.00
6146.00;230845886_0;633.12;9.05;5987.00;86.21;23687583_0;5.10;0.00;tripinfo_out_as_to_ba.36;159.00;out_as_to_ba.36;0;1356.50;0.90;0.00;23.54;car;;1;7.00
6146.00;41899283#1_0;148.70;11.98;5935.00;0.86;-45494495_0;5.10;0.00;tripinfo_out_os_to_as.28;211.00;out_os_to_as.28;0;1746.47;1.19;0.00;78.26;car;;1;15.00
6147.00;45494495_0;58.90;7.81;5713.00;444.61;803785575#0_0;5.10;0.00;tripinfo_out_od_to_os.2;434.00;out_od_to_os.2;0;969.96;0.74;0.00;315.88;car;;18;187.00
6150.00;45494495_0;58.90;8.83;5735.00;348.35;803785575#0_0;5.10;0.00;tripinfo_out_od_to_os.4;415.00;out_od_to_os.4;0;969.96;0.84;0.00;309.65;car;;19;170.00
6151.00;28716808#1_0;754.74;12.97;5542.00;588.41;803785575#0_0;5.10;0.00;tripinfo_in_od_to_kl.89;609.00;in_od_to_kl.89;0;2678.40;1.20;0.00;407.80;car;;9;167.00
6153.00;45494495_0;58.90;10.75;5750.00;281.20;803785575#0_0;5.10;0.00;tripinfo_out_od_to_os.5;403.00;out_od_to_os.5;0;969.96;0.99;0.00;314.92;car;;14;159.00
6153.00;23156030#6_0;109.07;11.23;5824.00;0.71;-23156390_0;5.10;0.00;tripinfo_out_br_to_od.18;329.00;out_br_to_od.18;0;2905.16;1.03;0.00;73.56;car;;3;15.00
6153.00;41899283#1_0;148.70;8.65;5942.00;0.82;-45494495_0;5.10;0.00;tripinfo_out_os_to_as.30;211.00;out_os_to_as.30;0;1746.47;0.86;0.00;27.19;car;;0;0.00
6154.00;23156305_0;1264.14;10.33;5372.00;556.14;803785575#0_0;5.10;0.00;tripinfo_in_od_to_gg.116;782.00;in_od_to_gg.116;0;3669.96;0.93;0.00;424.55;car;;24;238.00
6154.00;23156030#6_1;109.07;11.02;5903.00;190.39;23687583_0;5.10;0.00;tripinfo_out_as_to_od.13;251.00;out_as_to_od.13;0;2357.31;1.05;0.00;48.25;car;;1;3.00
6156.00;972103805_0;116.86;8.77;5017.00;465.23;803785575#0_0;5.10;0.00;tripinfo_in_od_to_ko.136;1139.00;in_od_to_ko.136;0;2307.67;0.88;0.00;890.41;car;;29;410.00
6156.00;23156305_0;1264.14;11.55;5130.00;470.25;803785575#0_0;5.10;0.00;tripinfo_in_od_to_gg.108;1026.00;in_od_to_gg.108;0;3669.96;1.04;0.00;706.64;car;;24;329.00
6156.00;41899283#1_0;148.70;11.97;5920.00;0.19;-23142338#2_0;5.10;0.00;tripinfo_out_ns_to_as.28;236.00;out_ns_to_as.28;0;2009.37;1.11;0.00;70.58;car;;2;41.00
6157.00;230845886_0;633.12;9.40;5646.00;684.56;803785575#0_0;5.10;0.00;tripinfo_in_od_to_ba.116;511.00;in_od_to_ba.116;0;2382.14;0.89;0.00;267.93;car;;16;97.00
6158.00;972103805_0;116.86;11.10;5028.00;464.29;803785575#0_0;5.10;0.00;tripinfo_in_od_to_ko.138;1130.00;in_od_to_ko.138;0;2307.67;1.06;0.00;922.36;car;;30;398.00
6158.00;230845886_0;633.12;11.35;5660.00;673.23;803785575#0_0;5.10;0.00;tripinfo_in_od_to_ba.118;498.00;in_od_to_ba.118;0;2382.14;1.04;0.00;291.08;car;;14;81.00
6159.00;23142338#2_0;290.21;10.50;5756.00;0.30;-23156390_0;5.10;0.00;tripinfo_out_br_to_ns.4;403.00;out_br_to_ns.4;0;2936.02;0.99;0.00;133.42;car;;5;77.00
6160.00;972103805_0;116.86;10.97;5045.00;470.48;803785575#0_0;5.10;0.00;tripinfo_in_od_to_ko.139;1115.00;in_od_to_ko.139;0;2307.67;1.07;0.00;909.54;car;;31;408.00
6160.00;230845886_0;633.12;10.98;5979.00;0.91;-45494495_0;5.10;0.00;tripinfo_out_os_to_ba.18;181.00;out_os_to_ba.18;0;1746.52;1.08;0.00;35.03;car;;0;0.00
6162.00;972103805_0;116.86;10.96;5050.00;466.56;803785575#0_0;5.10;0.00;tripinfo_in_od_to_ko.140;1112.00;in_od_to_ko.140;0;2307.67;1.02;0.00;895.99;car;;25;411.00
6165.00;45494495_0;58.90;10.35;5783.00;291.76;803785575#0_0;5.10;0.00;tripinfo_out_od_to_os.7;382.00;out_od_to_os.7;0;969.96;0.96;0.00;289.74;car;;15;139.00
6169.00;230845886_0;633.12;11.86;6016.00;23.06;23687583_0;5.10;0.00;tripinfo_out_as_to_ba.37;153.00;out_as_to_ba.37;0;1356.50;1.07;0.00;38.74;car;;1;4.00
6170.00;45494495_0;58.90;10.11;5889.00;0.92;-28716808#1_0;5.10;0.00;tripinfo_out_kl_to_os.7;281.00;out_kl_to_os.7;0;1989.49;0.99;0.00;97.94;car;;1;74.00
6171.00;23156305_0;1264.14;9.34;5395.00;553.51;803785575#0_0;5.10;0.00;tripinfo_in_od_to_gg.117;776.00;in_od_to_gg.117;0;3669.96;0.93;0.00;417.39;car;;13;215.00
6172.00;45494495_0;58.90;10.67;5990.00;72.69;23687583_0;5.10;0.00;tripinfo_out_as_to_os.8;182.00;out_as_to_os.8;0;1689.77;1.04;0.00;34.28;car;;1;6.00
6173.00;972103805_0;116.86;10.27;5058.00;463.34;803785575#0_0;5.10;0.00;tripinfo_in_od_to_ko.141;1115.00;in_od_to_ko.141;0;2307.67;0.97;0.00;889.58;car;;29;415.00
6175.00;972103805_0;116.86;10.11;5070.00;457.00;803785575#0_0;5.10;0.00;tripinfo_in_od_to_ko.142;1105.00;in_od_to_ko.142;0;2307.67;1.02;0.00;889.90;car;;27;415.00
6177.00;23156030#6_0;109.07;9.99;5912.00;176.51;23687583_0;5.10;0.00;tripinfo_out_as_to_od.14;265.00;out_as_to_od.14;0;2357.31;1.01;0.00;53.77;car;;1;12.00
6178.00;972103805_0;116.86;10.58;5082.00;458.30;803785575#0_0;5.10;0.00;tripinfo_in_od_to_ko.143;1096.00;in_od_to_ko.143;0;2307.67;1.03;0.00;882.53;car;;26;390.00
6179.00;972103805_0;116.86;12.61;5100.00;468.86;803785575#0_0;5.10;0.00;tripinfo_in_od_to_ko.144;1079.00;in_od_to_ko.144;0;2307.67;1.19;0.00;895.10;car;;29;387.00
6181.00;41899283#1_0;148.70;8.90;5938.00;1.63;-45494495_0;5.10;0.00;tripinfo_out_os_to_as.29;243.00;out_os_to_as.29;0;1746.47;0.83;0.00;52.20;car;;2;22.00
6183.00;41899283#1_0;148.70;9.90;5976.00;0.81;-45494495_0;5.10;0.00;tripinfo_out_os_to_as.31;207.00;out_os_to_as.31;0;1746.47;0.95;0.00;39.98;car;;1;5.00
6188.00;972103805_0;116.86;9.17;5864.00;0.27;-28716808#1_0;5.10;0.00;tripinfo_out_kl_to_ko.14;324.00;out_kl_to_ko.14;0;1927.03;0.84;0.00;116.81;car;;2;85.00
6190.00;972103805_0;116.86;11.55;5892.00;3.77;-28716808#1_0;5.10;0.00;tripinfo_out_kl_to_ko.15;298.00;out_kl_to_ko.15;0;1927.03;1.08;0.00;136.41;car;;3;82.00
6193.00;23156305_0;1264.14;11.05;5327.00;532.45;803785575#0_0;5.10;0.00;tripinfo_in_od_to_gg.115;866.00;in_od_to_gg.115;0;3669.96;1.02;0.00;538.05;car;;18;270.00
6194.00;230845886_0;633.12;9.88;6054.00;0.78;23687583_0;5.10;0.00;tripinfo_out_as_to_ba.38;140.00;out_as_to_ba.38;0;1356.50;0.94;0.00;10.31;car;;0;0.00
6197.00;23142338#2_0;290.21;9.80;5880.00;209.78;23687583_0;5.10;0.00;tripinfo_out_as_to_ns.20;317.00;out_as_to_ns.20;0;1995.73;0.92;0.00;121.26;car;;5;71.00
6197.00;23156030#6_0;109.07;10.60;5886.00;200.16;23687583_0;5.10;0.00;tripinfo_out_as_to_od.12;311.00;out_as_to_od.12;0;2357.31;0.97;0.00;91.41;car;;4;35.00
6199.00;45494495_0;58.90;10.26;5997.00;61.66;23687583_0;5.10;0.00;tripinfo_out_as_to_os.9;202.00;out_as_to_os.9;0;1689.77;0.98;0.00;47.25;car;;2;12.00
6199.00;230845886_0;633.12;9.85;6063.00;8.02;23687583_0;5.10;0.00;tripinfo_out_as_to_ba.39;136.00;out_as_to_ba.39;0;1356.50;0.98;0.00;10.83;car;;0;0.00
6206.00;41899283#1_0;148.70;10.29;5984.00;0.30;-23142338#2_0;5.10;0.00;tripinfo_out_ns_to_as.29;222.00;out_ns_to_as.29;0;2009.37;0.98;0.00;34.96;car;;2;10.00
6211.00;972103805_0;116.86;10.45;5883.00;0.11;-23156390_0;5.10;0.00;tripinfo_out_br_to_ko.9;328.00;out_br_to_ko.9;0;2703.95;1.02;0.00;87.77;car;;2;50.00
6212.00;230845886_0;633.12;9.36;6021.00;2.81;-45494495_0;5.10;0.00;tripinfo_out_os_to_ba.19;191.00;out_os_to_ba.19;0;1746.52;0.90;0.00;15.94;car;;0;0.00
6212.00;41899283#1_0;148.70;10.69;6071.00;1.22;-230845886_0;5.10;0.00;tripinfo_out_ba_to_as.23;141.00;out_ba_to_as.23;0;1430.78;1.08;0.00;20.93;car;;1;2.00
6213.00;28706217_0;94.10;7.17;5747.00;333.71;803785575#0_0;5.10;0.00;tripinfo_out_od_to_sl.2;466.00;out_od_to_sl.2;0;747.33;0.87;0.00;383.00;car;;18;198.00
6214.00;28716808#1_0;754.74;8.88;5650.00;683.55;803785575#0_0;5.10;0.00;tripinfo_in_od_to_kl.90;564.00;in_od_to_kl.90;0;2678.40;0.90;0.00;295.45;car;;18;100.00
6214.00;230845886_0;633.12;9.84;5946.00;0.32;-23142338#2_0;5.10;0.00;tripinfo_out_ns_to_ba.9;268.00;out_ns_to_ba.9;0;2340.42;0.93;0.00;42.80;car;;2;10.00
6214.00;41899283#1_0;148.70;12.17;6083.00;2.00;-230845886_0;5.10;0.00;tripinfo_out_ba_to_as.24;131.00;out_ba_to_as.24;0;1430.78;1.10;0.00;13.00;car;;0;0.00
6215.00;28706217_0;94.10;7.74;5330.00;535.14;803785575#0_0;5.10;0.00;tripinfo_in_od_to_sl.7;885.00;in_od_to_sl.7;0;747.33;1.02;0.00;814.09;car;;19;365.00
6216.00;972103805_0;116.86;9.86;5106.00;465.92;803785575#0_0;5.10;0.00;tripinfo_in_od_to_ko.145;1110.00;in_od_to_ko.145;0;2307.67;0.89;0.00;864.03;car;;29;386.00
6216.00;230845886_0;633.12;13.02;5659.00;674.03;803785575#0_0;5.10;0.00;tripinfo_in_od_to_ba.117;557.00;in_od_to_ba.117;0;2382.14;1.18;0.00;375.07;car;;20;185.00
6218.00;972103805_0;116.86;11.60;5115.00;467.02;803785575#0_0;5.10;0.00;tripinfo_in_od_to_ko.146;1103.00;in_od_to_ko.146;0;2307.67;1.08;0.00;898.88;car;;27;377.00
6218.00;230845886_0;633.12;13.04;5669.00;677.81;803785575#0_0;5.10;0.00;tripinfo_in_od_to_ba.119;549.00;in_od_to_ba.119;0;2382.14;1.19;0.00;367.59;car;;13;174.00
6220.00;23156030#6_0;109.07;10.85;5945.00;164.30;23687583_0;5.10;0.00;tripinfo_out_as_to_od.15;275.00;out_as_to_od.15;0;2357.31;0.99;0.00;60.30;car;;2;11.00
6224.00;41899283#1_0;148.70;11.87;6102.00;0.95;-28716808#1_0;5.10;0.00;tripinfo_out_kl_to_as.9;122.00;out_kl_to_as.9;0;1233.18;1.07;0.00;17.12;car;;1;4.00
6225.00;28706217_0;94.10;6.45;5720.00;375.30;803785575#0_0;5.10;0.00;tripinfo_out_od_to_sl.0;505.00;out_od_to_sl.0;0;747.33;0.89;0.00;422.86;car;;16;181.00
6225.00;23156030#6_0;109.07;10.68;5868.00;0.57;-23156390_0;5.10;0.00;tripinfo_out_br_to_od.19;357.00;out_br_to_od.19;0;2905.16;1.03;0.00;101.48;car;;2;64.00
6226.00;23156030#6_1;109.07;11.43;5939.00;0.50;-23156390_0;5.10;0.00;tripinfo_out_br_to_od.20;287.00;out_br_to_od.20;0;2905.16;1.06;0.00;39.72;car;;1;4.00
6227.00;28706217_0;94.10;8.02;5800.00;44.67;803785575#0_0;5.10;0.00;tripinfo_out_od_to_sl.3;427.00;out_od_to_sl.3;0;747.33;1.08;0.00;359.70;car;;17;163.00
6227.00;23156030#6_0;109.07;9.91;5948.00;142.95;23687583_0;5.10;0.00;tripinfo_out_as_to_od.16;279.00;out_as_to_od.16;0;2357.31;0.94;0.00;51.84;car;;2;8.00
6228.00;23156390_0;1121.44;10.05;5314.00;532.23;803785575#0_0;5.10;0.00;tripinfo_in_od_to_br.89;914.00;in_od_to_br.89;0;3149.31;0.99;0.00;625.41;car;;27;252.00
6229.00;23156030#6_0;109.07;10.53;5963.00;111.10;23687583_0;5.10;0.00;tripinfo_out_as_to_od.17;266.00;out_as_to_od.17;0;2357.31;1.05;0.00;63.75;car;;2;6.00
6229.00;28706217_0;94.10;8.08;6012.00;0.14;803785575#0_0;5.10;0.00;tripinfo_out_od_to_sl.5;217.00;out_od_to_sl.5;0;747.33;1.01;0.00;144.83;car;;9;76.00
6230.00;41899283#1_0;148.70;11.18;6062.00;0.16;-45494495_0;5.10;0.00;tripinfo_out_os_to_as.33;168.00;out_os_to_as.33;0;1746.47;1.12;0.00;26.58;car;;0;0.00
6234.00;28706217_0;94.10;6.97;5806.00;4.41;803785575#0_0;5.10;0.00;tripinfo_out_od_to_sl.4;428.00;out_od_to_sl.4;0;747.33;0.98;0.00;353.66;car;;16;177.00
6235.00;28706217_0;94.10;9.54;5743.00;341.66;803785575#0_0;5.10;0.00;tripinfo_out_od_to_sl.1;492.00;out_od_to_sl.1;0;747.33;1.23;0.00;433.04;car;;13;221.00
6236.00;41899283#1_0;148.70;10.45;6050.00;0.17;-45494495_0;5.10;0.00;tripinfo_out_os_to_as.32;186.00;out_os_to_as.32;0;1746.47;0.99;0.00;25.89;car;;1;7.00
6238.00;28706217_0;94.10;8.87;5397.00;552.97;803785575#0_0;5.10;0.00;tripinfo_in_od_to_sl.8;841.00;in_od_to_sl.8;0;747.33;1.13;0.00;776.37;car;;16;355.00
6239.00;23156030#6_0;109.07;10.47;6138.00;0.29;-45494495_0;5.10;0.00;tripinfo_out_os_to_od.34;101.00;out_os_to_od.34;0;865.51;0.94;0.00;18.44;car;;1;3.00
6241.00;45494495_0;58.90;7.37;6000.00;53.73;23687583_0;5.10;0.00;tripinfo_out_as_to_os.10;241.00;out_as_to_os.10;0;1689.77;0.72;0.00;30.35;car;;1;6.00
6243.00;45494495_0;58.90;10.36;5656.00;0.02;-23156305_0;5.10;0.00;tripinfo_out_gg_to_os.9;587.00;out_gg_to_os.9;0;2621.43;1.03;0.00;356.71;car;;11;223.00
6249.00;23142338#2_0;290.21;6.78;5893.00;191.43;23687583_0;5.10;0.00;tripinfo_out_as_to_ns.21;356.00;out_as_to_ns.21;0;1995.73;0.70;0.00;96.45;car;;2;59.00
6249.00;28706217_0;94.10;6.68;6029.00;0.75;-45494495_0;5.10;0.00;tripinfo_out_os_to_sl.7;220.00;out_os_to_sl.7;0;484.95;0.89;0.00;164.67;car;;3;146.00
6250.00;230845886_0;633.12;10.68;6057.00;0.39;-28716808#1_0;5.10;0.00;tripinfo_out_kl_to_ba.1;193.00;out_kl_to_ba.1;0;1656.22;0.96;0.00;36.90;car;;1;21.00
6251.00;23142338#2_0;290.21;11.22;5899.00;187.43;23687583_0;5.10;0.00;tripinfo_out_as_to_ns.22;352.00;out_as_to_ns.22;0;1995.73;1.06;0.00;179.70;car;;3;60.00
6253.00;28706217_0;94.10;7.13;5712.00;479.26;803785575#0_0;5.10;0.00;tripinfo_in_od_to_sl.9;541.00;in_od_to_sl.9;0;747.33;0.95;0.00;464.24;car;;16;212.00
6253.00;23142338#2_0;290.21;11.21;5599.00;0.47;-23156305_0;5.10;0.00;tripinfo_out_gg_to_ns.8;654.00;out_gg_to_ns.8;0;2927.39;1.02;0.00;393.18;car;;9;256.00
6254.00;41899283#1_0;148.70;10.38;5368.00;554.01;803785575#0_0;5.10;0.00;tripinfo_in_od_to_as.107;886.00;in_od_to_as.107;0;2382.09;1.03;0.00;676.85;car;;23;342.00
6255.00;23142338#2_0;290.21;10.35;5870.00;0.40;-28716808#1_0;5.10;0.00;tripinfo_out_kl_to_ns.2;385.00;out_kl_to_ns.2;0;2305.34;0.98;0.00;170.68;car;;1;81.00
6256.00;23142338#2_0;290.21;11.12;5926.00;176.55;23687583_0;5.10;0.00;tripinfo_out_as_to_ns.23;330.00;out_as_to_ns.23;0;1995.73;1.03;0.00;153.62;car;;4;57.00
6258.00;23142338#2_0;290.21;10.84;5929.00;179.51;23687583_0;5.10;0.00;tripinfo_out_as_to_ns.24;329.00;out_as_to_ns.24;0;1995.73;1.03;0.00;152.69;car;;4;53.00
6258.00;45494495_0;58.90;9.88;6069.00;1.11;23687583_0;5.10;0.00;tripinfo_out_as_to_os.11;189.00;out_as_to_os.11;0;1689.77;0.90;0.00;19.93;car;;0;0.00
6258.00;230845886_0;633.12;9.80;6082.00;0.16;-28716808#1_0;5.10;0.00;tripinfo_out_kl_to_ba.2;176.00;out_kl_to_ba.2;0;1656.22;0.93;0.00;15.30;car;;0;0.00
6260.00;23142338#2_0;290.21;11.21;5895.00;3.63;-28716808#1_0;5.10;0.00;tripinfo_out_kl_to_ns.3;365.00;out_kl_to_ns.3;0;2305.34;1.02;0.00;158.74;car;;2;79.00
6263.00;23142338#2_0;290.21;9.95;5942.00;162.16;23687583_0;5.10;0.00;tripinfo_out_as_to_ns.25;321.00;out_as_to_ns.25;0;1995.73;0.94;0.00;128.46;car;;5;82.00
6264.00;41899283#1_0;148.70;9.76;6106.00;3.47;-230845886_0;5.10;0.00;tripinfo_out_ba_to_as.25;158.00;out_ba_to_as.25;0;1430.78;0.90;0.00;14.45;car;;0;0.00
6265.00;23142338#2_0;290.21;10.91;5959.00;117.07;23687583_0;5.10;0.00;tripinfo_out_as_to_ns.26;306.00;out_as_to_ns.26;0;1995.73;1.07;0.00;136.28;car;;5;68.00
6267.00;23142338#2_0;290.21;10.70;5969.00;106.48;23687583_0;5.10;0.00;tripinfo_out_as_to_ns.27;298.00;out_as_to_ns.27;0;1995.73;0.98;0.00;111.65;car;;5;55.00
6268.00;23156030#6_0;109.07;10.99;5942.00;3.39;-23156390_0;5.10;0.00;tripinfo_out_br_to_od.21;326.00;out_br_to_od.21;0;2905.16;1.00;0.00;62.55;car;;2;13.00
6273.00;23156305_0;1264.14;9.41;5493.00;565.59;803785575#0_0;5.10;0.00;tripinfo_in_od_to_gg.118;780.00;in_od_to_gg.118;0;3669.96;0.90;0.00;409.34;car;;12;172.00
6273.00;972103805_0;116.86;7.86;6022.00;0.26;-28716808#1_0;5.10;0.00;tripinfo_out_kl_to_ko.16;251.00;out_kl_to_ko.16;0;1927.03;0.76;0.00;22.56;car;;0;0.00
6275.00;23156305_0;1264.14;12.47;5516.00;572.81;803785575#0_0;5.10;0.00;tripinfo_in_od_to_gg.119;759.00;in_od_to_gg.119;0;3669.96;1.15;0.00;469.87;car;;11;176.00
6276.00;23156030#6_0;109.07;8.42;6003.00;0.26;-230845886_0;5.10;0.00;tripinfo_out_ba_to_od.20;273.00;out_ba_to_od.20;0;2315.50;0.84;0.00;22.59;car;;0;0.00
6278.00;23156030#6_0;109.07;12.43;6206.00;0.98;-45494495_0;5.10;0.00;tripinfo_out_os_to_od.36;72.00;out_os_to_od.36;0;865.51;1.26;0.00;9.22;car;;0;0.00
6280.00;41899283#1_0;148.70;11.04;6082.00;2.13;-45494495_0;5.10;0.00;tripinfo_out_os_to_as.34;198.00;out_os_to_as.34;0;1746.47;1.02;0.00;43.74;car;;1;1.00
6283.00;41899283#1_0;148.70;10.68;6084.00;0.53;-23142338#2_0;5.10;0.00;tripinfo_out_ns_to_as.30;199.00;out_ns_to_as.30;0;2009.37;1.06;0.00;26.85;car;;1;5.00
6284.00;28706217_0;94.10;6.12;5887.00;1.24;-230845886_0;5.10;0.00;tripinfo_out_ba_to_sl.5;397.00;out_ba_to_sl.5;0;1934.94;0.85;0.00;186.59;car;;3;154.00
6285.00;45494495_0;58.90;11.93;6133.00;1.94;23687583_0;5.10;0.00;tripinfo_out_as_to_os.12;152.00;out_as_to_os.12;0;1689.77;1.09;0.00;12.43;car;;0;0.00
6285.00;41899283#1_0;148.70;10.98;6155.00;2.48;-28716808#1_0;5.10;0.00;tripinfo_out_kl_to_as.10;130.00;out_kl_to_as.10;0;1233.18;1.07;0.00;25.99;car;;1;7.00
6286.00;28706217_0;94.10;8.76;5874.00;222.44;23687583_0;5.10;0.00;tripinfo_out_as_to_sl.9;412.00;out_as_to_sl.9;0;1976.75;1.05;0.00;237.64;car;;5;171.00
6286.00;23142338#2_0;290.21;9.20;5972.00;106.30;23687583_0;5.10;0.00;tripinfo_out_as_to_ns.28;314.00;out_as_to_ns.28;0;1995.73;0.88;0.00;107.39;car;;5;47.00
6288.00;28706217_0;94.10;9.04;5889.00;198.64;23687583_0;5.10;0.00;tripinfo_out_as_to_sl.10;399.00;out_as_to_sl.10;0;1976.75;1.11;0.00;234.22;car;;4;158.00
6291.00;28706217_0;94.10;7.67;5906.00;191.75;23687583_0;5.10;0.00;tripinfo_out_as_to_sl.11;385.00;out_as_to_sl.11;0;1976.75;1.05;0.00;210.04;car;;5;156.00
6292.00;23156030#6_0;109.07;9.62;6197.00;0.37;-45494495_0;5.10;0.00;tripinfo_out_os_to_od.35;95.00;out_os_to_od.35;0;865.51;0.90;0.00;7.61;car;;0;0.00
6293.00;41899283#1_0;148.70;11.62;6085.00;3.62;-45494495_0;5.10;0.00;tripinfo_out_os_to_as.35;208.00;out_os_to_as.35;0;1746.47;1.06;0.00;58.59;car;;1;9.00
6293.00;45494495_0;58.90;12.74;6118.00;0.77;-23142338#2_0;5.10;0.00;tripinfo_out_ns_to_os.3;175.00;out_ns_to_os.3;0;1865.82;1.15;0.00;28.40;car;;1;1.00
6297.00;230845886_0;633.12;8.64;5702.00;521.85;803785575#0_0;5.10;0.00;tripinfo_out_od_to_ba.0;595.00;out_od_to_ba.0;0;2382.14;0.80;0.00;324.97;car;;20;191.00
6298.00;28706217_0;94.10;6.90;5939.00;160.84;23687583_0;5.10;0.00;tripinfo_out_as_to_sl.12;359.00;out_as_to_sl.12;0;1976.75;0.92;0.00;158.67;car;;4;108.00
6299.00;230845886_0;633.12;8.83;5754.00;1.89;-23156305_0;5.10;0.00;tripinfo_out_gg_to_ba.8;545.00;out_gg_to_ba.8;0;2288.16;0.89;0.00;312.16;car;;10;190.00
6300.00;41899283#1_0;148.70;10.25;6140.00;0.36;-230845886_0;5.10;0.00;tripinfo_out_ba_to_as.26;160.00;out_ba_to_as.26;0;1430.78;0.96;0.00;24.14;car;;2;4.00
6301.00;28706217_0;94.10;8.21;5977.00;96.29;23687583_0;5.10;0.00;tripinfo_out_as_to_sl.13;324.00;out_as_to_sl.13;0;1976.75;1.01;0.00;142.01;car;;2;91.00
6301.00;230845886_0;633.12;10.68;6089.00;0.15;-45494495_0;5.10;0.00;tripinfo_out_os_to_ba.20;212.00;out_os_to_ba.20;0;1746.52;0.97;0.00;47.62;car;;0;0.00
6302.00;230845886_0;633.12;10.46;5769.00;0.62;-23156305_0;5.10;0.00;tripinfo_out_gg_to_ba.9;533.00;out_gg_to_ba.9;0;2288.16;0.97;0.00;319.34;car;;11;191.00
6303.00;28706217_0;94.10;8.41;5981.00;94.29;23687583_0;5.10;0.00;tripinfo_out_as_to_sl.14;322.00;out_as_to_sl.14;0;1976.75;1.12;0.00;157.96;car;;3;82.00
6304.00;230845886_0;633.12;10.50;5717.00;408.85;803785575#0_0;5.10;0.00;tripinfo_out_od_to_ba.1;587.00;out_od_to_ba.1;0;2382.14;1.01;0.00;373.18;car;;17;176.00
6306.00;230845886_0;633.12;11.06;5079.00;455.60;803785575#0_0;5.10;0.00;tripinfo_in_od_to_ba.109;1227.00;in_od_to_ba.109;0;2382.14;1.10;0.00;1032.14;car;;30;478.00
6306.00;972103805_0;116.86;10.86;5734.00;0.86;-23156305_0;5.10;0.00;tripinfo_out_gg_to_ko.6;572.00;out_gg_to_ko.6;0;2416.59;1.00;0.00;350.90;car;;13;230.00
6307.00;23142338#2_0;290.21;10.76;5635.00;0.01;-23156305_0;5.10;0.00;tripinfo_out_gg_to_ns.9;672.00;out_gg_to_ns.9;0;2927.39;0.97;0.00;397.30;car;;14;288.00
6308.00;972103805_0;116.86;11.10;5737.00;0.14;-23156305_0;5.10;0.00;tripinfo_out_gg_to_ko.7;571.00;out_gg_to_ko.7;0;2416.59;1.09;0.00;368.05;car;;14;230.00
6309.00;41899283#1_0;148.70;8.44;5855.00;0.53;-23156305_0;5.10;0.00;tripinfo_out_gg_to_as.5;454.00;out_gg_to_as.5;0;1699.56;0.85;0.00;271.45;car;;11;140.00
6309.00;23156030#6_1;109.07;9.55;6019.00;18.48;23687583_0;5.10;0.00;tripinfo_out_as_to_od.19;290.00;out_as_to_od.19;0;2357.31;0.97;0.00;70.17;car;;1;3.00
6311.00;41899283#1_0;148.70;10.82;5695.00;601.18;803785575#0_0;5.10;0.00;tripinfo_out_od_to_as.1;616.00;out_od_to_as.1;0;2382.09;1.01;0.00;401.68;car;;22;208.00
6311.00;23156030#6_0;109.07;9.20;6003.00;53.12;23687583_0;5.10;0.00;tripinfo_out_as_to_od.18;308.00;out_as_to_od.18;0;2357.31;0.90;0.00;71.71;car;;1;5.00
6312.00;23142338#2_0;290.21;9.91;6006.00;52.19;23687583_0;5.10;0.00;tripinfo_out_as_to_ns.29;306.00;out_as_to_ns.29;0;1995.73;0.91;0.00;106.83;car;;4;45.00
6312.00;23156030#6_1;109.07;11.21;6067.00;2.13;-230845886_0;5.10;0.00;tripinfo_out_ba_to_od.22;245.00;out_ba_to_od.22;0;2315.50;1.08;0.00;50.90;car;;1;1.00
6314.00;23142338#2_0;290.21;11.07;6013.00;20.28;23687583_0;5.10;0.00;tripinfo_out_as_to_ns.30;301.00;out_as_to_ns.30;0;1995.73;1.06;0.00;129.89;car;;4;41.00
6315.00;41899283#1_0;148.70;10.99;6095.00;0.38;-45494495_0;5.10;0.00;tripinfo_out_os_to_as.36;220.00;out_os_to_as.36;0;1746.47;1.01;0.00;64.15;car;;2;3.00
6316.00;23142338#2_0;290.21;10.53;5649.00;0.42;-23156305_0;5.10;0.00;tripinfo_out_gg_to_ns.10;667.00;out_gg_to_ns.10;0;2927.39;1.04;0.00;411.09;car;;13;269.00
6316.00;23156030#6_0;109.07;9.71;6048.00;0.07;-230845886_0;5.10;0.00;tripinfo_out_ba_to_od.21;268.00;out_ba_to_od.21;0;2315.50;0.96;0.00;51.14;car;;1;2.00
6317.00;41899283#1_0;148.70;10.77;5538.00;586.75;803785575#0_0;5.10;0.00;tripinfo_in_od_to_as.119;779.00;in_od_to_as.119;0;2382.09;1.07;0.00;577.88;car;;25;298.00
6318.00;28706217_0;94.10;6.58;5994.00;67.98;23687583_0;5.10;0.00;tripinfo_out_as_to_sl.15;324.00;out_as_to_sl.15;0;1976.75;0.87;0.00;112.70;car;;3;64.00
6318.00;23142338#2_0;290.21;10.31;6064.00;0.09;-230845886_0;5.10;0.00;tripinfo_out_ba_to_ns.2;254.00;out_ba_to_ns.2;0;2346.36;0.98;0.00;36.38;car;;1;5.00
6320.00;972103805_0;116.86;8.66;5118.00;467.40;803785575#0_0;5.10;0.00;tripinfo_in_od_to_ko.147;1202.00;in_od_to_ko.147;0;2307.67;0.87;0.00;948.90;car;;24;466.00
6321.00;23156030#6_0;109.07;10.99;5966.00;0.46;-28716808#1_0;5.10;0.00;tripinfo_out_kl_to_od.12;355.00;out_kl_to_od.12;0;2657.03;1.06;0.00;128.86;car;;5;65.00
6322.00;28706217_0;94.10;8.46;6009.00;21.47;23687583_0;5.10;0.00;tripinfo_out_as_to_sl.16;313.00;out_as_to_sl.16;0;1976.75;1.05;0.00;137.36;car;;3;27.00
6323.00;23156030#6_1;109.07;12.53;6072.00;3.33;23687583_0;5.10;0.00;tripinfo_out_as_to_od.20;251.00;out_as_to_od.20;0;2357.31;1.13;0.00;62.63;car;;0;0.00
6324.00;45494495_0;58.90;9.86;5744.00;2.73;-23156305_0;5.10;0.00;tripinfo_out_gg_to_os.10;580.00;out_gg_to_os.10;0;2621.43;0.91;0.00;318.42;car;;10;202.00
6325.00;41899283#1_0;148.70;9.91;5738.00;348.38;803785575#0_0;5.10;0.00;tripinfo_out_od_to_as.4;587.00;out_od_to_as.4;0;2382.09;0.89;0.00;345.31;car;;19;167.00
6325.00;23142338#2_0;290.21;9.93;5693.00;0.73;-23156305_0;5.10;0.00;tripinfo_out_gg_to_ns.11;632.00;out_gg_to_ns.11;0;2927.39;0.99;0.00;363.62;car;;12;245.00
6325.00;23156030#6_0;109.07;10.00;5940.00;0.81;-28716808#1_0;5.10;0.00;tripinfo_out_kl_to_od.11;385.00;out_kl_to_od.11;0;2657.03;0.96;0.00;134.05;car;;6;85.00
6327.00;28706217_0;94.10;7.46;5653.00;0.90;-23156305_0;5.10;0.00;tripinfo_out_gg_to_sl.3;674.00;out_gg_to_sl.3;0;2908.41;1.02;0.00;410.91;car;;12;246.00
6327.00;23142338#2_0;290.21;11.04;6035.00;1.94;23687583_0;5.10;0.00;tripinfo_out_as_to_ns.31;292.00;out_as_to_ns.31;0;1995.73;1.02;0.00;114.21;car;;4;41.00
6328.00;972103805_0;116.86;9.66;5757.00;1.46;-23156305_0;5.10;0.00;tripinfo_out_gg_to_ko.8;571.00;out_gg_to_ko.8;0;2416.59;0.88;0.00;322.14;car;;13;190.00
6328.00;230845886_0;633.12;7.83;6092.00;0.75;-45494495_0;5.10;0.00;tripinfo_out_os_to_ba.21;236.00;out_os_to_ba.21;0;1746.52;0.80;0.00;38.56;car;;0;0.00
6330.00;28706217_0;94.10;9.25;5680.00;0.56;-23156305_0;5.10;0.00;tripinfo_out_gg_to_sl.4;650.00;out_gg_to_sl.4;0;2908.41;1.15;0.00;418.09;car;;12;250.00
6330.00;230845886_0;633.12;10.30;6105.00;0.22;-45494495_0;5.10;0.00;tripinfo_out_os_to_ba.22;225.00;out_os_to_ba.22;0;1746.52;1.04;0.00;72.12;car;;0;0.00
6331.00;28716808#1_0;754.74;10.10;5382.00;554.48;803785575#0_0;5.10;0.00;tripinfo_in_od_to_kl.86;949.00;in_od_to_kl.86;0;2678.40;0.99;0.00;704.94;car;;31;328.00
6332.00;23142338#2_0;290.21;9.33;6043.00;0.94;23687583_0;5.10;0.00;tripinfo_out_as_to_ns.32;289.00;out_as_to_ns.32;0;1995.73;0.95;0.00;98.20;car;;4;41.00
6332.00;230845886_0;633.12;9.45;6109.00;0.76;-45494495_0;5.10;0.00;tripinfo_out_os_to_ba.23;223.00;out_os_to_ba.23;0;1746.52;0.94;0.00;54.99;car;;0;0.00
6334.00;41899283#1_0;148.70;11.21;5751.00;273.40;803785575#0_0;5.10;0.00;tripinfo_out_od_to_as.6;583.00;out_od_to_as.6;0;2382.09;1.03;0.00;374.00;car;;15;163.00
6334.00;28706217_0;94.10;8.90;6086.00;1.85;23687583_0;5.10;0.00;tripinfo_out_as_to_sl.17;248.00;out_as_to_sl.17;0;1976.75;1.13;0.00;85.51;car;;2;6.00
6334.00;230845886_0;633.12;11.14;6115.00;0.60;-45494495_0;5.10;0.00;tripinfo_out_os_to_ba.24;219.00;out_os_to_ba.24;0;1746.52;1.01;0.00;62.78;car;;0;0.00
6336.00;972103805_0;116.86;9.00;5200.00;513.72;803785575#0_0;5.10;0.00;tripinfo_in_od_to_ko.148;1136.00;in_od_to_ko.148;0;2307.67;0.82;0.00;869.60;car;;23;383.00
6336.00;230845886_0;633.12;9.62;6092.00;1.03;-23142338#2_0;5.10;0.00;tripinfo_out_ns_to_ba.10;244.00;out_ns_to_ba.10;0;2340.42;0.95;0.00;23.65;car;;0;0.00
6338.00;972103805_0;116.86;11.52;5365.00;552.15;803785575#0_0;5.10;0.00;tripinfo_in_od_to_ko.161;973.00;in_od_to_ko.161;0;2307.67;1.10;0.00;773.89;car;;24;380.00
6339.00;23156030#6_1;109.07;13.70;5709.00;0.64;-23156305_0;5.10;0.00;tripinfo_out_gg_to_od.17;630.00;out_gg_to_od.17;0;3288.97;1.24;0.00;391.09;car;;13;228.00
6339.00;23156030#6_0;109.07;10.46;6089.00;2.75;23687583_0;5.10;0.00;tripinfo_out_as_to_od.21;250.00;out_as_to_od.21;0;2357.31;0.97;0.00;31.77;car;;1;3.00
6340.00;972103805_0;116.86;11.16;5340.00;532.75;803785575#0_0;5.10;0.00;tripinfo_in_od_to_ko.157;1000.00;in_od_to_ko.157;0;2307.67;1.06;0.00;792.29;car;;22;370.00
6341.00;41899283#1_0;148.70;9.95;5780.00;292.56;803785575#0_0;5.10;0.00;tripinfo_out_od_to_as.8;561.00;out_od_to_as.8;0;2382.09;0.94;0.00;331.79;car;;14;137.00
6341.00;28706217_0;94.10;8.77;5994.00;0.48;-23156390_0;5.10;0.00;tripinfo_out_br_to_sl.6;347.00;out_br_to_sl.6;0;2524.60;1.06;0.00;125.77;car;;2;45.00
6342.00;23156030#6_1;109.07;11.17;6106.00;1.55;23687583_0;5.10;0.00;tripinfo_out_as_to_od.22;236.00;out_as_to_od.22;0;2357.31;1.08;0.00;39.07;car;;0;0.00
6342.00;23156030#6_0;109.07;9.77;6233.00;0.81;-45494495_0;5.10;0.00;tripinfo_out_os_to_od.37;109.00;out_os_to_od.37;0;865.51;0.88;0.00;20.04;car;;2;3.00
6343.00;41899283#1_0;148.70;10.97;5732.00;349.05;803785575#0_0;5.10;0.00;tripinfo_out_od_to_as.3;611.00;out_od_to_as.3;0;2382.09;0.99;0.00;393.50;car;;17;200.00
6343.00;23142338#2_0;290.21;8.58;6057.00;3.27;23687583_0;5.10;0.00;tripinfo_out_as_to_ns.33;286.00;out_as_to_ns.33;0;1995.73;0.82;0.00;63.38;car;;3;16.00
6344.00;972103805_0;116.86;9.48;5208.00;519.03;803785575#0_0;5.10;0.00;tripinfo_in_od_to_ko.149;1136.00;in_od_to_ko.149;0;2307.67;0.96;0.00;907.92;car;;23;394.00
6344.00;41899283#1_0;148.70;11.01;5741.00;341.08;803785575#0_0;5.10;0.00;tripinfo_out_od_to_as.5;603.00;out_od_to_as.5;0;2382.09;1.04;0.00;396.69;car;;19;186.00
6345.00;23142338#2_0;290.21;10.09;5236.00;519.03;803785575#0_0;5.10;0.00;tripinfo_in_od_to_ns.33;1109.00;in_od_to_ns.33;0;1928.29;1.01;0.00;925.00;car;;26;404.00
6345.00;28716808#1_0;754.74;11.80;5656.00;679.39;803785575#0_0;5.10;0.00;tripinfo_in_od_to_kl.91;689.00;in_od_to_kl.91;0;2678.40;1.10;0.00;468.55;car;;22;210.00
6345.00;23156030#6_0;109.07;9.18;6032.00;0.19;-23156390_0;5.10;0.00;tripinfo_out_br_to_od.22;313.00;out_br_to_od.22;0;2905.16;0.92;0.00;28.65;car;;0;0.00
6345.00;23156030#6_1;109.07;11.09;6112.00;0.93;-230845886_0;5.10;0.00;tripinfo_out_ba_to_od.23;233.00;out_ba_to_od.23;0;2315.50;1.04;0.00;31.36;car;;0;0.00
6346.00;972103805_0;116.86;9.38;5678.00;676.84;803785575#0_0;5.10;0.00;tripinfo_in_od_to_ko.171;668.00;in_od_to_ko.171;0;2307.67;0.96;0.00;438.25;car;;17;226.00
6346.00;28706217_0;94.10;7.82;6079.00;0.64;-28716808#1_0;5.10;0.00;tripinfo_out_kl_to_sl.11;267.00;out_kl_to_sl.11;0;2276.47;0.96;0.00;46.67;car;;1;1.00
6347.00;23142338#2_0;290.21;8.95;5687.00;621.77;803785575#0_0;5.10;0.00;tripinfo_out_od_to_ns.1;660.00;out_od_to_ns.1;0;1928.29;0.90;0.00;454.49;car;;17;227.00
6347.00;230845886_0;633.12;8.53;6131.00;0.89;-45494495_0;5.10;0.00;tripinfo_out_os_to_ba.25;216.00;out_os_to_ba.25;0;1746.52;0.86;0.00;33.01;car;;2;5.00
6348.00;23156030#6_0;109.07;11.12;5697.00;1.79;-23156305_0;5.10;0.00;tripinfo_out_gg_to_od.16;651.00;out_gg_to_od.16;0;3288.97;1.01;0.00;355.97;car;;13;230.00
6349.00;41899283#1_0;148.70;9.27;5758.00;270.91;803785575#0_0;5.10;0.00;tripinfo_out_od_to_as.7;591.00;out_od_to_as.7;0;2382.09;0.88;0.00;346.96;car;;17;145.00
6349.00;230845886_0;633.12;10.43;6148.00;0.10;-45494495_0;5.10;0.00;tripinfo_out_os_to_ba.26;201.00;out_os_to_ba.26;0;1746.52;0.99;0.00;40.50;car;;0;0.00
6351.00;230845886_0;633.12;11.59;6101.00;1.43;-23142338#2_0;5.10;0.00;tripinfo_out_ns_to_ba.11;250.00;out_ns_to_ba.11;0;2340.42;1.11;0.00;59.38;car;;1;2.00
6351.00;41899283#1_0;148.70;9.91;6222.00;0.67;-28716808#1_0;5.10;0.00;tripinfo_out_kl_to_as.11;129.00;out_kl_to_as.11;0;1233.18;0.99;0.00;15.82;car;;0;0.00
6353.00;972103805_0;116.86;8.58;6009.00;0.92;-23156390_0;5.10;0.00;tripinfo_out_br_to_ko.10;344.00;out_br_to_ko.10;0;2703.95;0.86;0.00;59.09;car;;4;13.00
6353.00;230845886_0;633.12;10.79;6172.00;0.44;-45494495_0;5.10;0.00;tripinfo_out_os_to_ba.27;181.00;out_os_to_ba.27;0;1746.52;1.01;0.00;24.19;car;;0;0.00
6353.00;41899283#1_0;148.70;11.62;6202.00;0.10;-230845886_0;5.10;0.00;tripinfo_out_ba_to_as.27;151.00;out_ba_to_as.27;0;1430.78;1.08;0.00;30.57;car;;1;1.00
6354.00;41899283#1_0;148.70;12.90;6222.00;0.38;-230845886_0;5.10;0.00;tripinfo_out_ba_to_as.28;132.00;out_ba_to_as.28;0;1430.78;1.24;0.00;27.69;car;;0;0.00
6355.00;28706217_0;94.10;6.73;5197.00;0.03;-23142338#2_0;5.10;0.00;tripinfo_out_ns_to_sl.0;1158.00;out_ns_to_sl.0;0;1619.36;0.96;0.00;988.04;car;;8;914.00
6355.00;972103805_0;116.86;11.60;6044.00;0.48;-23156390_0;5.10;0.00;tripinfo_out_br_to_ko.11;311.00;out_br_to_ko.11;0;2703.95;1.05;0.00;76.21;car;;2;32.00
6355.00;230845886_0;633.12;11.13;6152.00;0.91;-28716808#1_0;5.10;0.00;tripinfo_out_kl_to_ba.3;203.00;out_kl_to_ba.3;0;1656.22;1.03;0.00;56.72;car;;2;28.00
6356.00;972103805_0;116.86;12.03;5811.00;0.56;-23156305_0;5.10;0.00;tripinfo_out_gg_to_ko.9;545.00;out_gg_to_ko.9;0;2416.59;1.11;0.00;347.13;car;;12;173.00
6357.00;23142338#2_0;290.21;8.81;6060.00;6.08;23687583_0;5.10;0.00;tripinfo_out_as_to_ns.34;297.00;out_as_to_ns.34;0;1995.73;0.88;0.00;89.93;car;;5;29.00
6358.00;972103805_0;116.86;12.91;5213.00;516.22;803785575#0_0;5.10;0.00;tripinfo_in_od_to_ko.150;1145.00;in_od_to_ko.150;0;2307.67;1.16;0.00;955.92;car;;24;396.00
6358.00;45494495_0;58.90;10.61;5789.00;230.80;803785575#0_0;5.10;0.00;tripinfo_out_od_to_os.9;569.00;out_od_to_os.9;0;969.96;1.07;0.00;486.25;car;;12;307.00
6358.00;41899283#1_0;148.70;11.65;6185.00;0.86;-45494495_0;5.10;0.00;tripinfo_out_os_to_as.37;173.00;out_os_to_as.37;0;1746.47;1.07;0.00;24.17;car;;0;0.00
6359.00;23142338#2_0;290.21;12.81;6066.00;3.01;23687583_0;5.10;0.00;tripinfo_out_as_to_ns.35;293.00;out_as_to_ns.35;0;1995.73;1.18;0.00;138.26;car;;5;35.00
6361.00;23142338#2_0;290.21;10.81;5286.00;534.25;803785575#0_0;5.10;0.00;tripinfo_in_od_to_ns.35;1075.00;in_od_to_ns.35;0;1928.29;1.01;0.00;890.02;car;;27;394.00
6361.00;230845886_0;633.12;8.74;6167.00;1.89;23687583_0;5.10;0.00;tripinfo_out_as_to_ba.40;194.00;out_as_to_ba.40;0;1356.50;0.89;0.00;56.10;car;;3;31.00
6362.00;972103805_0;116.86;9.46;5217.00;512.77;803785575#0_0;5.10;0.00;tripinfo_in_od_to_ko.151;1145.00;in_od_to_ko.151;0;2307.67;0.94;0.00;910.84;car;;24;383.00
6362.00;230845886_0;633.12;10.04;6170.00;1.85;23687583_0;5.10;0.00;tripinfo_out_as_to_ba.41;192.00;out_as_to_ba.41;0;1356.50;0.93;0.00;60.87;car;;3;28.00
6363.00;23156030#6_1;109.07;11.84;5729.00;0.08;-23156305_0;5.10;0.00;tripinfo_out_gg_to_od.18;634.00;out_gg_to_od.18;0;3288.97;1.13;0.00;369.96;car;;11;243.00
6364.00;230845886_0;633.12;10.46;6132.00;0.05;-23156390_0;5.10;0.00;tripinfo_out_br_to_ba.4;232.00;out_br_to_ba.4;0;1904.35;1.04;0.00;67.23;car;;3;27.00
6365.00;972103805_0;116.86;9.21;5364.00;554.38;803785575#0_0;5.10;0.00;tripinfo_in_od_to_ko.160;1001.00;in_od_to_ko.160;0;2307.67;0.89;0.00;754.99;car;;16;359.00
6365.00;23156030#6_0;109.07;10.38;6131.00;1.87;-230845886_0;5.10;0.00;tripinfo_out_ba_to_od.24;234.00;out_ba_to_od.24;0;2315.50;1.02;0.00;29.88;car;;2;6.00
6372.00;972103805_0;116.86;10.61;6093.00;0.17;-23156390_0;5.10;0.00;tripinfo_out_br_to_ko.12;279.00;out_br_to_ko.12;0;2703.95;1.01;0.00;36.30;car;;1;6.00
6376.00;23142338#2_0;290.21;8.67;6080.00;0.09;23687583_0;5.10;0.00;tripinfo_out_as_to_ns.36;296.00;out_as_to_ns.36;0;1995.73;0.89;0.00;92.33;car;;5;39.00
6376.00;41899283#1_0;148.70;10.12;6111.00;0.50;-23156390_0;5.10;0.00;tripinfo_out_br_to_as.3;265.00;out_br_to_as.3;0;2020.44;0.96;0.00;74.23;car;;3;41.00
6376.00;45494495_0;58.90;9.49;6164.00;0.83;23687583_0;5.10;0.00;tripinfo_out_as_to_os.13;212.00;out_as_to_os.13;0;1689.77;0.93;0.00;48.60;car;;1;17.00
6378.00;23142338#2_0;290.21;10.41;6083.00;2.67;23687583_0;5.10;0.00;tripinfo_out_as_to_ns.37;295.00;out_as_to_ns.37;0;1995.73;1.00;0.00;113.31;car;;5;37.00
6380.00;972103805_0;116.86;10.97;5251.00;526.05;803785575#0_0;5.10;0.00;tripinfo_in_od_to_ko.152;1129.00;in_od_to_ko.152;0;2307.67;0.99;0.00;908.14;car;;25;406.00
6380.00;23142338#2_0;290.21;10.24;5723.00;0.52;-23156305_0;5.10;0.00;tripinfo_out_gg_to_ns.12;657.00;out_gg_to_ns.12;0;2927.39;1.02;0.00;396.67;car;;16;248.00
6380.00;230845886_0;633.12;10.21;6193.00;1.10;-45494495_0;5.10;0.00;tripinfo_out_os_to_ba.28;187.00;out_os_to_ba.28;0;1746.52;0.93;0.00;15.93;car;;0;0.00
6381.00;23142338#2_0;290.21;13.03;5723.00;350.40;803785575#0_0;5.10;0.00;tripinfo_out_od_to_ns.3;658.00;out_od_to_ns.3;0;1928.29;1.21;0.00;504.64;car;;14;194.00
6382.00;45494495_0;58.90;12.74;5786.00;284.18;803785575#0_0;5.10;0.00;tripinfo_out_od_to_os.8;596.00;out_od_to_os.8;0;969.96;1.25;0.00;525.51;car;;19;329.00
6382.00;41899283#1_0;148.70;9.45;6029.00;0.35;-23156305_0;5.10;0.00;tripinfo_out_gg_to_as.6;353.00;out_gg_to_as.6;0;1699.56;0.90;0.00;180.99;car;;7;99.00
6382.00;230845886_0;633.12;12.04;6141.00;0.16;-23142338#2_0;5.10;0.00;tripinfo_out_ns_to_ba.12;241.00;out_ns_to_ba.12;0;2340.42;1.16;0.00;58.09;car;;1;6.00
6386.00;41899283#1_0;148.70;11.09;6268.00;0.72;-28716808#1_0;5.10;0.00;tripinfo_out_kl_to_as.12;118.00;out_kl_to_as.12;0;1233.18;1.08;0.00;14.60;car;;0;0.00
6389.00;972103805_0;116.86;10.74;5919.00;0.98;-23156305_0;5.10;0.00;tripinfo_out_gg_to_ko.10;470.00;out_gg_to_ko.10;0;2416.59;1.07;0.00;264.55;car;;10;103.00
6390.00;230845886_0;633.12;9.43;5829.00;0.79;-23156305_0;5.10;0.00;tripinfo_out_gg_to_ba.10;561.00;out_gg_to_ba.10;0;2288.16;0.91;0.00;333.80;car;;13;165.00
6392.00;230845886_0;633.12;11.57;5869.00;0.34;-23156305_0;5.10;0.00;tripinfo_out_gg_to_ba.11;523.00;out_gg_to_ba.11;0;2288.16;1.06;0.00;327.94;car;;11;140.00
6393.00;45494495_0;58.90;10.13;5754.00;272.76;803785575#0_0;5.10;0.00;tripinfo_out_od_to_os.6;639.00;out_od_to_os.6;0;969.96;1.01;0.00;552.56;car;;21;349.00
6394.00;41899283#1_0;148.70;11.98;6046.00;0.65;-23156305_0;5.10;0.00;tripinfo_out_gg_to_as.7;348.00;out_gg_to_as.7;0;1699.56;1.13;0.00;210.13;car;;6;106.00
6394.00;23142338#2_0;290.21;10.03;6122.00;0.56;23687583_0;5.10;0.00;tripinfo_out_as_to_ns.38;272.00;out_as_to_ns.38;0;1995.73;0.92;0.00;74.15;car;;5;28.00
6396.00;23142338#2_0;290.21;10.28;5751.00;0.68;-23156305_0;5.10;0.00;tripinfo_out_gg_to_ns.13;645.00;out_gg_to_ns.13;0;2927.39;0.97;0.00;370.30;car;;14;214.00
6396.00;41899283#1_0;148.70;12.38;6050.00;0.19;-23156305_0;5.10;0.00;tripinfo_out_gg_to_as.8;346.00;out_gg_to_as.8;0;1699.56;1.22;0.00;218.80;car;;7;104.00
6397.00;972103805_0;116.86;11.49;5281.00;536.45;803785575#0_0;5.10;0.00;tripinfo_in_od_to_ko.153;1116.00;in_od_to_ko.153;0;2307.67;1.09;0.00;914.04;car;;28;405.00
6397.00;45494495_0;58.90;10.47;5948.00;2.09;803785575#0_0;5.10;0.00;tripinfo_out_od_to_os.10;449.00;out_od_to_os.10;0;969.96;0.96;0.00;358.11;car;;10;236.00
6399.00;972103805_0;116.86;11.20;5289.00;534.65;803785575#0_0;5.10;0.00;tripinfo_in_od_to_ko.154;1110.00;in_od_to_ko.154;0;2307.67;1.08;0.00;907.10;car;;28;395.00
6401.00;972103805_0;116.86;12.50;5307.00;530.17;803785575#0_0;5.10;0.00;tripinfo_in_od_to_ko.156;1094.00;in_od_to_ko.156;0;2307.67;1.18;0.00;907.60;car;;24;383.00
6401.00;23156030#6_0;109.07;9.88;6305.00;1.45;-45494495_0;5.10;0.00;tripinfo_out_os_to_od.39;96.00;out_os_to_od.39;0;865.51;0.91;0.00;9.72;car;;0;0.00
6402.00;230845886_0;633.12;9.51;5910.00;0.77;-23156305_0;5.10;0.00;tripinfo_out_gg_to_ba.12;492.00;out_gg_to_ba.12;0;2288.16;0.89;0.00;258.95;car;;9;104.00
6403.00;23156030#6_0;109.07;8.48;6302.00;0.59;-45494495_0;5.10;0.00;tripinfo_out_os_to_od.38;101.00;out_os_to_od.38;0;865.51;0.85;0.00;8.91;car;;0;0.00
6406.00;45494495_0;58.90;9.41;5951.00;5.04;803785575#0_0;5.10;0.00;tripinfo_out_od_to_os.11;455.00;out_od_to_os.11;0;969.96;0.90;0.00;357.26;car;;6;241.00
6414.00;23156030#6_0;109.07;10.29;6172.00;0.67;-230845886_0;5.10;0.00;tripinfo_out_ba_to_od.25;242.00;out_ba_to_od.25;0;2315.50;0.97;0.00;26.40;car;;1;2.00
6415.00;45494495_0;58.90;10.42;5675.00;675.91;803785575#0_0;5.10;0.00;tripinfo_in_od_to_os.148;740.00;in_od_to_os.148;0;969.96;1.01;0.00;653.06;car;;17;362.00
6415.00;230845886_0;633.12;9.35;6219.00;0.55;23687583_0;5.10;0.00;tripinfo_out_as_to_ba.42;196.00;out_as_to_ba.42;0;1356.50;0.85;0.00;51.48;car;;3;23.00
6416.00;23156030#6_0;109.07;10.45;6327.00;6.50;-45494495_0;5.10;0.00;tripinfo_out_os_to_od.40;89.00;out_os_to_od.40;0;865.51;0.98;0.00;9.17;car;;0;0.00
6417.00;230845886_0;633.12;11.92;6251.00;0.03;23687583_0;5.10;0.00;tripinfo_out_as_to_ba.43;166.00;out_as_to_ba.43;0;1356.50;1.08;0.00;52.55;car;;1;7.00
6419.00;230845886_0;633.12;9.66;6225.00;0.93;-45494495_0;5.10;0.00;tripinfo_out_os_to_ba.29;194.00;out_os_to_ba.29;0;1746.52;0.94;0.00;25.51;car;;0;0.00
6422.00;23142338#2_0;290.21;11.14;5418.00;547.99;803785575#0_0;5.10;0.00;tripinfo_in_od_to_ns.36;1004.00;in_od_to_ns.36;0;1928.29;1.03;0.00;823.65;car;;23;372.00
6423.00;972103805_0;116.86;10.08;5341.00;532.67;803785575#0_0;5.10;0.00;tripinfo_in_od_to_ko.158;1082.00;in_od_to_ko.158;0;2307.67;0.92;0.00;844.19;car;;24;377.00
6424.00;45494495_0;58.90;10.61;6033.00;0.44;803785575#0_0;5.10;0.00;tripinfo_out_od_to_os.12;391.00;out_od_to_os.12;0;969.96;0.97;0.00;300.64;car;;8;211.00
6430.00;230845886_0;633.12;8.38;6153.00;0.02;-23142338#2_0;5.10;0.00;tripinfo_out_ns_to_ba.13;277.00;out_ns_to_ba.13;0;2340.42;0.85;0.00;28.57;car;;1;1.00
6431.00;230845886_0;633.12;11.39;6189.00;0.53;-23142338#2_0;5.10;0.00;tripinfo_out_ns_to_ba.14;242.00;out_ns_to_ba.14;0;2340.42;1.15;0.00;58.92;car;;1;3.00
6431.00;41899283#1_0;148.70;8.94;6284.00;0.59;-28716808#1_0;5.10;0.00;tripinfo_out_kl_to_as.13;147.00;out_kl_to_as.13;0;1233.18;0.89;0.00;20.95;car;;1;5.00
6433.00;230845886_0;633.12;10.30;6257.00;4.83;23687583_0;5.10;0.00;tripinfo_out_as_to_ba.44;176.00;out_as_to_ba.44;0;1356.50;0.97;0.00;49.77;car;;2;15.00
6435.00;230845886_0;633.12;10.31;6264.00;5.39;23687583_0;5.10;0.00;tripinfo_out_as_to_ba.45;171.00;out_as_to_ba.45;0;1356.50;1.01;0.00;49.49;car;;3;13.00
6437.00;45494495_0;58.90;12.37;6165.00;0.93;803785575#0_0;5.10;0.00;tripinfo_out_od_to_os.15;272.00;out_od_to_os.15;0;969.96;1.18;0.00;197.29;car;;3;146.00
6437.00;230845886_0;633.12;12.24;6273.00;0.38;23687583_0;5.10;0.00;tripinfo_out_as_to_ba.46;164.00;out_as_to_ba.46;0;1356.50;1.11;0.00;53.49;car;;2;9.00
6437.00;23156030#6_0;109.07;10.57;6350.00;0.47;-45494495_0;5.10;0.00;tripinfo_out_os_to_od.41;87.00;out_os_to_od.41;0;865.51;0.98;0.00;7.04;car;;0;0.00
6439.00;230845886_0;633.12;11.65;6276.00;2.50;23687583_0;5.10;0.00;tripinfo_out_as_to_ba.47;163.00;out_as_to_ba.47;0;1356.50;1.07;0.00;48.52;car;;2;8.00
6440.00;23156030#6_0;109.07;9.21;5776.00;0.47;-23156305_0;5.10;0.00;tripinfo_out_gg_to_od.19;664.00;out_gg_to_od.19;0;3288.97;0.89;0.00;329.54;car;;11;190.00
6440.00;28706217_0;94.10;6.87;5783.00;0.55;-23156305_0;5.10;0.00;tripinfo_out_gg_to_sl.5;657.00;out_gg_to_sl.5;0;2908.41;0.85;0.00;341.38;car;;11;193.00
6441.00;972103805_0;116.86;9.35;5356.00;547.14;803785575#0_0;5.10;0.00;tripinfo_in_od_to_ko.159;1085.00;in_od_to_ko.159;0;2307.67;0.88;0.00;835.08;car;;27;378.00
6443.00;972103805_0;116.86;11.32;5636.00;678.87;803785575#0_0;5.10;0.00;tripinfo_in_od_to_ko.170;807.00;in_od_to_ko.170;0;2307.67;1.09;0.00;604.16;car;;24;262.00
6444.00;972103805_0;116.86;10.13;5385.00;557.15;803785575#0_0;5.10;0.00;tripinfo_in_od_to_ko.162;1059.00;in_od_to_ko.162;0;2307.67;1.03;0.00;845.16;car;;24;385.00
6444.00;230845886_0;633.12;11.18;6293.00;6.40;23687583_0;5.10;0.00;tripinfo_out_as_to_ba.48;151.00;out_as_to_ba.48;0;1356.50;1.02;0.00;31.35;car;;0;0.00
6445.00;23156030#6_0;109.07;11.24;5389.00;0.71;-23142338#2_0;5.10;0.00;tripinfo_out_ns_to_od.3;1056.00;out_ns_to_od.3;0;2005.01;1.06;0.00;873.35;car;;7;809.00
6445.00;41899283#1_0;148.70;11.06;6225.00;0.18;-23142338#2_0;5.10;0.00;tripinfo_out_ns_to_as.31;220.00;out_ns_to_as.31;0;2009.37;1.04;0.00;43.30;car;;2;12.00
6446.00;230845886_0;633.12;11.04;6295.00;7.19;23687583_0;5.10;0.00;tripinfo_out_as_to_ba.49;151.00;out_as_to_ba.49;0;1356.50;1.11;0.00;40.15;car;;0;0.00
6447.00;23142338#2_0;290.21;8.39;6146.00;2.19;23687583_0;5.10;0.00;tripinfo_out_as_to_ns.39;301.00;out_as_to_ns.39;0;1995.73;0.76;0.00;62.65;car;;5;14.00
6448.00;23142338#2_0;290.21;10.99;6158.00;0.33;23687583_0;5.10;0.00;tripinfo_out_as_to_ns.41;290.00;out_as_to_ns.41;0;1995.73;1.08;0.00;121.47;car;;5;12.00
6451.00;23142338#2_0;290.21;9.19;6153.00;1.16;23687583_0;5.10;0.00;tripinfo_out_as_to_ns.40;298.00;out_as_to_ns.40;0;1995.73;0.84;0.00;81.69;car;;6;19.00
6452.00;23142338#2_0;290.21;10.92;5686.00;629.73;803785575#0_0;5.10;0.00;tripinfo_out_od_to_ns.0;766.00;out_od_to_ns.0;0;1928.29;1.18;0.00;608.23;car;;21;237.00
6454.00;45494495_0;58.90;8.69;6065.00;0.28;803785575#0_0;5.10;0.00;tripinfo_out_od_to_os.13;389.00;out_od_to_os.13;0;969.96;0.82;0.00;281.22;car;;7;185.00
6456.00;972103805_0;116.86;13.04;5404.00;542.66;803785575#0_0;5.10;0.00;tripinfo_in_od_to_ko.163;1052.00;in_od_to_ko.163;0;2307.67;1.17;0.00;864.23;car;;27;389.00
6456.00;28706217_0;94.10;6.73;6176.00;1.99;23687583_0;5.10;0.00;tripinfo_out_as_to_sl.18;280.00;out_as_to_sl.18;0;1976.75;0.96;0.00;88.05;car;;4;30.00
6457.00;45494495_0;58.90;10.04;5679.00;669.66;803785575#0_0;5.10;0.00;tripinfo_out_od_to_os.0;778.00;out_od_to_os.0;0;969.96;0.91;0.00;681.39;car;;17;409.00
6458.00;28706217_0;94.10;7.47;5802.00;0.61;-23156305_0;5.10;0.00;tripinfo_out_gg_to_sl.7;656.00;out_gg_to_sl.7;0;2908.41;1.05;0.00;400.38;car;;15;199.00
6459.00;45494495_0;58.90;11.03;6242.00;0.21;803785575#0_0;5.10;0.00;tripinfo_out_od_to_os.16;217.00;out_od_to_os.16;0;969.96;1.09;0.00;136.87;car;;4;76.00
6462.00;972103805_0;116.86;10.44;5409.00;545.59;803785575#0_0;5.10;0.00;tripinfo_in_od_to_ko.164;1053.00;in_od_to_ko.164;0;2307.67;0.97;0.00;827.19;car;;22;373.00
6462.00;28706217_0;94.10;8.54;5791.00;0.16;-23156305_0;5.10;0.00;tripinfo_out_gg_to_sl.6;671.00;out_gg_to_sl.6;0;2908.41;1.05;0.00;416.03;car;;15;196.00
6464.00;230845886_0;633.12;8.92;6300.00;6.75;23687583_0;5.10;0.00;tripinfo_out_as_to_ba.50;164.00;out_as_to_ba.50;0;1356.50;0.82;0.00;15.44;car;;0;0.00
6465.00;972103805_0;116.86;11.97;5433.00;536.08;803785575#0_0;5.10;0.00;tripinfo_in_od_to_ko.165;1032.00;in_od_to_ko.165;0;2307.67;1.08;0.00;827.71;car;;21;377.00
6467.00;28706217_0;94.10;7.21;5490.00;1.37;-23142338#2_0;5.10;0.00;tripinfo_out_ns_to_sl.1;977.00;out_ns_to_sl.1;0;1619.36;1.02;0.00;815.97;car;;6;763.00
6467.00;45494495_0;58.90;9.01;6089.00;2.50;803785575#0_0;5.10;0.00;tripinfo_out_od_to_os.14;378.00;out_od_to_os.14;0;969.96;0.91;0.00;281.77;car;;7;187.00
6468.00;23142338#2_0;290.21;7.43;5818.00;0.10;-23156305_0;5.10;0.00;tripinfo_out_gg_to_ns.14;650.00;out_gg_to_ns.14;0;2927.39;0.74;0.00;291.39;car;;10;156.00
6470.00;23142338#2_0;290.21;12.02;6207.00;0.02;-28716808#1_0;5.10;0.00;tripinfo_out_kl_to_ns.4;263.00;out_kl_to_ns.4;0;2305.34;1.15;0.00;79.95;car;;1;3.00
6471.00;23142338#2_0;290.21;9.91;5509.00;570.54;803785575#0_0;5.10;0.00;tripinfo_in_od_to_ns.37;962.00;in_od_to_ns.37;0;1928.29;0.90;0.00;756.47;car;;21;350.00
6472.00;972103805_0;116.86;9.06;6096.00;1.49;-23156390_0;5.10;0.00;tripinfo_out_br_to_ko.13;376.00;out_br_to_ko.13;0;2703.95;0.88;0.00;97.90;car;;4;53.00
6474.00;28706217_0;94.10;7.73;5578.00;2.84;-23142338#2_0;5.10;0.00;tripinfo_out_ns_to_sl.2;896.00;out_ns_to_sl.2;0;1619.36;1.07;0.00;743.22;car;;6;689.00
6475.00;23156030#6_0;109.07;10.58;6173.00;1.45;23687583_0;5.10;0.00;tripinfo_out_as_to_od.23;302.00;out_as_to_od.23;0;2357.31;1.04;0.00;97.37;car;;3;26.00
6475.00;45494495_0;58.90;10.14;6257.00;0.78;-28716808#1_0;5.10;0.00;tripinfo_out_kl_to_os.8;218.00;out_kl_to_os.8;0;1989.49;0.91;0.00;20.84;car;;0;0.00
6478.00;23142338#2_0;290.21;10.24;5709.00;511.55;803785575#0_0;5.10;0.00;tripinfo_out_od_to_ns.2;769.00;out_od_to_ns.2;0;1928.29;1.00;0.00;584.13;car;;20;216.00
6478.00;41899283#1_0;148.70;10.38;6283.00;0.38;-45494495_0;5.10;0.00;tripinfo_out_os_to_as.38;195.00;out_os_to_as.38;0;1746.47;0.94;0.00;26.87;car;;1;5.00
6479.00;28706217_0;94.10;7.81;5581.00;5.79;-23142338#2_0;5.10;0.00;tripinfo_out_ns_to_sl.3;898.00;out_ns_to_sl.3;0;1619.36;0.95;0.00;725.71;car;;7;666.00
6479.00;972103805_0;116.86;7.56;5944.00;0.59;-23156305_0;5.10;0.00;tripinfo_out_gg_to_ko.11;535.00;out_gg_to_ko.11;0;2416.59;0.76;0.00;244.74;car;;9;118.00
6480.00;23142338#2_0;290.21;11.40;6192.00;0.01;803785575#0_0;5.10;0.00;tripinfo_out_od_to_ns.4;288.00;out_od_to_ns.4;0;1928.29;1.06;0.00;111.97;car;;5;30.00
6480.00;230845886_0;633.12;7.75;6255.00;0.10;-45494495_0;5.10;0.00;tripinfo_out_os_to_ba.30;225.00;out_os_to_ba.30;0;1746.52;0.80;0.00;26.38;car;;0;0.00
6481.00;972103805_0;116.86;10.45;5992.00;0.24;-23156305_0;5.10;0.00;tripinfo_out_gg_to_ko.12;489.00;out_gg_to_ko.12;0;2416.59;0.97;0.00;263.12;car;;8;111.00
6482.00;41899283#1_0;148.70;10.40;6148.00;2.87;-23156305_0;5.10;0.00;tripinfo_out_gg_to_as.9;334.00;out_gg_to_as.9;0;1699.56;1.00;0.00;178.35;car;;4;100.00
6482.00;230845886_0;633.12;9.57;6212.00;0.82;-23142338#2_0;5.10;0.00;tripinfo_out_ns_to_ba.15;270.00;out_ns_to_ba.15;0;2340.42;0.96;0.00;51.69;car;;2;11.00
6483.00;972103805_0;116.86;10.15;5457.00;540.43;803785575#0_0;5.10;0.00;tripinfo_in_od_to_ko.166;1026.00;in_od_to_ko.166;0;2307.67;0.95;0.00;794.10;car;;22;371.00
6484.00;230845886_0;633.12;12.46;6294.00;0.38;-45494495_0;5.10;0.00;tripinfo_out_os_to_ba.31;190.00;out_os_to_ba.31;0;1746.52;1.15;0.00;52.28;car;;0;0.00
6485.00;972103805_0;116.86;10.53;5484.00;561.01;803785575#0_0;5.10;0.00;tripinfo_in_od_to_ko.167;1001.00;in_od_to_ko.167;0;2307.67;0.97;0.00;774.81;car;;23;374.00
6486.00;230845886_0;633.12;10.06;6325.00;2.08;23687583_0;5.10;0.00;tripinfo_out_as_to_ba.51;161.00;out_as_to_ba.51;0;1356.50;1.01;0.00;39.35;car;;1;6.00
6488.00;23156030#6_0;109.07;10.00;6138.00;0.04;-28716808#1_0;5.10;0.00;tripinfo_out_kl_to_od.13;350.00;out_kl_to_od.13;0;2657.03;0.95;0.00;97.88;car;;2;30.00
6488.00;23156030#6_1;109.07;9.91;6184.00;0.73;23687583_0;5.10;0.00;tripinfo_out_as_to_od.24;304.00;out_as_to_od.24;0;2357.31;1.01;0.00;92.72;car;;5;24.00
6489.00;28706217_0;94.10;7.72;6250.00;3.58;-230845886_0;5.10;0.00;tripinfo_out_ba_to_sl.6;239.00;out_ba_to_sl.6;0;1934.94;1.00;0.00;58.88;car;;2;21.00
6491.00;230845886_0;633.12;9.63;6236.00;0.57;-23142338#2_0;5.10;0.00;tripinfo_out_ns_to_ba.16;255.00;out_ns_to_ba.16;0;2340.42;0.94;0.00;30.70;car;;2;5.00
6491.00;23156030#6_0;109.07;9.87;6246.00;0.59;-230845886_0;5.10;0.00;tripinfo_out_ba_to_od.27;245.00;out_ba_to_od.27;0;2315.50;1.00;0.00;34.61;car;;0;0.00
6492.00;23156030#6_1;109.07;10.76;5843.00;0.83;-23156305_0;5.10;0.00;tripinfo_out_gg_to_od.21;649.00;out_gg_to_od.21;0;3288.97;1.01;0.00;354.88;car;;13;159.00
6492.00;41899283#1_0;148.70;10.25;6362.00;0.16;-28716808#1_0;5.10;0.00;tripinfo_out_kl_to_as.14;130.00;out_kl_to_as.14;0;1233.18;0.95;0.00;11.38;car;;0;0.00
6492.00;28706217_0;94.10;8.12;6418.00;0.62;-45494495_0;5.10;0.00;tripinfo_out_os_to_sl.8;74.00;out_os_to_sl.8;0;484.95;1.02;0.00;25.47;car;;2;4.00
6493.00;230845886_0;633.12;10.32;6344.00;2.98;23687583_0;5.10;0.00;tripinfo_out_as_to_ba.52;149.00;out_as_to_ba.52;0;1356.50;1.03;0.00;29.62;car;;0;0.00
6495.00;23156030#6_0;109.07;10.31;6138.00;0.94;-23156390_0;5.10;0.00;tripinfo_out_br_to_od.23;357.00;out_br_to_od.23;0;2905.16;1.00;0.00;94.42;car;;3;19.00
6498.00;23142338#2_0;290.21;7.96;6033.00;4.38;-45494495_0;5.10;0.00;tripinfo_out_os_to_ns.4;465.00;out_os_to_ns.4;0;1665.91;0.78;0.00;258.60;car;;8;188.00
6500.00;23142338#2_0;290.21;9.16;6260.00;7.03;23687583_0;5.10;0.00;tripinfo_out_as_to_ns.42;240.00;out_as_to_ns.42;0;1995.73;0.94;0.00;46.51;car;;2;12.00
6501.00;230845886_0;633.12;10.97;6316.00;0.92;-45494495_0;5.10;0.00;tripinfo_out_os_to_ba.32;185.00;out_os_to_ba.32;0;1746.52;0.99;0.00;24.76;car;;0;0.00
6506.00;28706217_0;94.10;7.15;5821.00;0.71;-23142338#2_0;5.10;0.00;tripinfo_out_ns_to_sl.4;685.00;out_ns_to_sl.4;0;1619.36;0.93;0.00;507.96;car;;5;467.00
6507.00;23142338#2_0;290.21;8.62;6176.00;0.98;-230845886_0;5.10;0.00;tripinfo_out_ba_to_ns.3;331.00;out_ba_to_ns.3;0;2346.36;0.86;0.00;82.99;car;;5;33.00
6507.00;23156030#6_0;109.07;7.35;6179.00;2.37;-230845886_0;5.10;0.00;tripinfo_out_ba_to_od.26;328.00;out_ba_to_od.26;0;2315.50;0.70;0.00;29.31;car;;0;0.00
6509.00;23142338#2_0;290.21;9.64;6145.00;0.81;-45494495_0;5.10;0.00;tripinfo_out_os_to_ns.5;364.00;out_os_to_ns.5;0;1665.91;0.97;0.00;197.43;car;;8;108.00
6511.00;230845886_0;633.12;10.31;5757.00;275.30;803785575#0_0;5.10;0.00;tripinfo_out_od_to_ba.2;754.00;out_od_to_ba.2;0;2382.14;0.97;0.00;532.70;car;;22;344.00
6511.00;23156030#6_0;109.07;10.83;5825.00;0.53;-23156305_0;5.10;0.00;tripinfo_out_gg_to_od.20;686.00;out_gg_to_od.20;0;3288.97;1.01;0.00;390.87;car;;14;177.00
6511.00;23156030#6_1;109.07;11.77;6165.00;0.73;-23156390_0;5.10;0.00;tripinfo_out_br_to_od.24;346.00;out_br_to_od.24;0;2905.16;1.09;0.00;106.21;car;;2;48.00
6511.00;23142338#2_0;290.21;10.47;6190.00;0.38;-45494495_0;5.10;0.00;tripinfo_out_os_to_ns.6;321.00;out_os_to_ns.6;0;1665.91;1.04;0.00;164.40;car;;8;68.00
6512.00;28706217_0;94.10;7.84;6210.00;0.33;-23156390_0;5.10;0.00;tripinfo_out_br_to_sl.7;302.00;out_br_to_sl.7;0;2524.60;1.03;0.00;74.49;car;;1;32.00
6513.00;23156030#6_1;109.07;11.45;6187.00;0.55;-23156390_0;5.10;0.00;tripinfo_out_br_to_od.26;326.00;out_br_to_od.26;0;2905.16;1.12;0.00;91.26;car;;2;15.00
6513.00;23142338#2_0;290.21;10.10;6286.00;2.26;-45494495_0;5.10;0.00;tripinfo_out_os_to_ns.7;227.00;out_os_to_ns.7;0;1665.91;0.97;0.00;59.86;car;;3;16.00
6514.00;23156030#6_0;109.07;9.48;6389.00;0.16;-45494495_0;5.10;0.00;tripinfo_out_os_to_od.42;125.00;out_os_to_od.42;0;865.51;0.91;0.00;38.97;car;;2;19.00
6515.00;23142338#2_0;290.21;10.04;5978.00;0.16;-23156305_0;5.10;0.00;tripinfo_out_gg_to_ns.15;537.00;out_gg_to_ns.15;0;2927.39;1.00;0.00;270.41;car;;9;123.00
6515.00;23156030#6_1;109.07;12.56;6254.00;2.78;23687583_0;5.10;0.00;tripinfo_out_as_to_od.26;261.00;out_as_to_od.26;0;2357.31;1.15;0.00;76.56;car;;1;7.00
6517.00;23156030#6_1;109.07;12.91;5996.00;2.44;-23156305_0;5.10;0.00;tripinfo_out_gg_to_od.23;521.00;out_gg_to_od.23;0;3288.97;1.17;0.00;266.25;car;;9;108.00
6517.00;23142338#2_0;290.21;11.54;6015.00;0.74;-23156305_0;5.10;0.00;tripinfo_out_gg_to_ns.16;502.00;out_gg_to_ns.16;0;2927.39;1.05;0.00;246.91;car;;9;122.00
6521.00;972103805_0;116.86;8.46;5499.00;571.01;803785575#0_0;5.10;0.00;tripinfo_in_od_to_ko.168;1022.00;in_od_to_ko.168;0;2307.67;0.79;0.00;745.93;car;;22;366.00
6521.00;23156030#6_0;109.07;8.93;6208.00;0.76;23687583_0;5.10;0.00;tripinfo_out_as_to_od.25;313.00;out_as_to_od.25;0;2357.31;0.91;0.00;78.16;car;;5;24.00
6523.00;972103805_0;116.86;11.95;5504.00;571.89;803785575#0_0;5.10;0.00;tripinfo_in_od_to_ko.169;1019.00;in_od_to_ko.169;0;2307.67;1.16;0.00;829.44;car;;20;348.00
6523.00;23156030#6_0;109.07;9.63;5941.00;2.56;-23156305_0;5.10;0.00;tripinfo_out_gg_to_od.22;582.00;out_gg_to_od.22;0;3288.97;0.94;0.00;264.70;car;;9;95.00
6524.00;23156030#6_1;109.07;9.82;6182.00;0.00;-23156390_0;5.10;0.00;tripinfo_out_br_to_od.25;342.00;out_br_to_od.25;0;2905.16;0.95;0.00;66.10;car;;1;14.00
6524.00;230845886_0;633.12;9.03;6319.00;1.22;-45494495_0;5.10;0.00;tripinfo_out_os_to_ba.33;205.00;out_os_to_ba.33;0;1746.52;0.85;0.00;18.18;car;;0;0.00
6526.00;230845886_0;633.12;11.72;6324.00;3.89;-45494495_0;5.10;0.00;tripinfo_out_os_to_ba.34;202.00;out_os_to_ba.34;0;1746.52;1.10;0.00;58.32;car;;0;0.00
6528.00;230845886_0;633.12;9.94;5867.00;0.50;803785575#0_0;5.10;0.00;tripinfo_out_od_to_ba.3;661.00;out_od_to_ba.3;0;2382.14;0.98;0.00;441.06;car;;17;250.00
6528.00;41899283#1_0;148.70;8.26;6299.00;0.25;-45494495_0;5.10;0.00;tripinfo_out_os_to_as.39;229.00;out_os_to_as.39;0;1746.47;0.80;0.00;30.00;car;;1;6.00
6528.00;45494495_0;58.90;12.93;6400.00;0.22;803785575#0_0;5.10;0.00;tripinfo_out_od_to_os.17;128.00;out_od_to_os.17;0;969.96;1.18;0.00;53.20;car;;3;36.00
6530.00;41899283#1_0;148.70;9.49;5791.00;212.48;803785575#0_0;5.10;0.00;tripinfo_out_od_to_as.9;739.00;out_od_to_as.9;0;2382.09;0.94;0.00;510.30;car;;15;308.00
6530.00;230845886_0;633.12;10.54;6061.00;0.55;-23156305_0;5.10;0.00;tripinfo_out_gg_to_ba.13;469.00;out_gg_to_ba.13;0;2288.16;0.97;0.00;255.05;car;;8;134.00
6531.00;41899283#1_0;148.70;10.29;5794.00;94.12;803785575#0_0;5.10;0.00;tripinfo_out_od_to_as.10;737.00;out_od_to_as.10;0;2382.09;0.93;0.00;506.58;car;;17;320.00
6533.00;41899283#1_0;148.70;10.40;5797.00;59.61;803785575#0_0;5.10;0.00;tripinfo_out_od_to_as.11;736.00;out_od_to_as.11;0;2382.09;0.95;0.00;510.21;car;;11;294.00
6534.00;23156030#6_0;109.07;9.60;5617.00;0.61;-23142338#2_0;5.10;0.00;tripinfo_out_ns_to_od.4;917.00;out_ns_to_od.4;0;2005.01;0.96;0.00;716.47;car;;6;661.00
6535.00;41899283#1_0;148.70;10.98;6342.00;0.41;-45494495_0;5.10;0.00;tripinfo_out_os_to_as.40;193.00;out_os_to_as.40;0;1746.47;1.10;0.00;48.36;car;;0;0.00
6537.00;23156030#6_1;109.07;11.71;6220.00;0.51;-23156390_0;5.10;0.00;tripinfo_out_br_to_od.27;317.00;out_br_to_od.27;0;2905.16;1.08;0.00;73.04;car;;1;32.00
6538.00;23156030#6_0;109.07;11.00;5733.00;1.32;-23142338#2_0;5.10;0.00;tripinfo_out_ns_to_od.5;805.00;out_ns_to_od.5;0;2005.01;1.00;0.00;610.75;car;;7;554.00
6538.00;41899283#1_0;148.70;8.71;6265.00;1.17;-23142338#2_0;5.10;0.00;tripinfo_out_ns_to_as.32;273.00;out_ns_to_as.32;0;2009.37;0.83;0.00;54.12;car;;3;19.00
6539.00;23156030#6_1;109.07;12.61;6459.00;0.20;-45494495_0;5.10;0.00;tripinfo_out_os_to_od.43;80.00;out_os_to_od.43;0;865.51;1.15;0.00;11.75;car;;0;0.00
6540.00;41899283#1_0;148.70;11.33;6274.00;0.74;-23142338#2_0;5.10;0.00;tripinfo_out_ns_to_as.33;266.00;out_ns_to_as.33;0;2009.37;1.06;0.00;92.68;car;;3;15.00
6542.00;41899283#1_0;148.70;9.78;6292.00;1.09;-23142338#2_0;5.10;0.00;tripinfo_out_ns_to_as.34;250.00;out_ns_to_as.34;0;2009.37;0.97;0.00;60.82;car;;2;10.00
6543.00;45494495_0;58.90;10.05;6238.00;0.36;-23156390_0;5.10;0.00;tripinfo_out_br_to_os.4;305.00;out_br_to_os.4;0;2237.62;0.96;0.00;93.87;car;;3;45.00
6544.00;41899283#1_0;148.70;10.04;5819.00;0.31;803785575#0_0;5.10;0.00;tripinfo_out_od_to_as.13;725.00;out_od_to_as.13;0;2382.09;0.90;0.00;486.50;car;;15;290.00
6545.00;45494495_0;58.90;13.00;6262.00;1.63;-23156390_0;5.10;0.00;tripinfo_out_br_to_os.5;283.00;out_br_to_os.5;0;2237.62;1.22;0.00;116.49;car;;2;20.00
6545.00;23156030#6_0;109.07;10.68;6310.00;0.55;-230845886_0;5.10;0.00;tripinfo_out_ba_to_od.28;235.00;out_ba_to_od.28;0;2315.50;0.97;0.00;18.73;car;;0;0.00
6546.00;41899283#1_0;148.70;11.08;5683.00;644.33;803785575#0_0;5.10;0.00;tripinfo_out_od_to_as.0;863.00;out_od_to_as.0;0;2382.09;1.03;0.00;654.33;car;;18;356.00
6546.00;28706217_0;94.10;6.43;6454.00;0.84;803785575#0_0;5.10;0.00;tripinfo_out_od_to_sl.6;92.00;out_od_to_sl.6;0;747.33;0.87;0.00;8.68;car;;0;0.00
6547.00;45494495_0;58.90;11.96;6423.00;0.50;803785575#0_0;5.10;0.00;tripinfo_out_od_to_os.18;124.00;out_od_to_os.18;0;969.96;1.16;0.00;48.33;car;;4;16.00
6548.00;28706217_0;94.10;7.73;6098.00;2.88;-23142338#2_0;5.10;0.00;tripinfo_out_ns_to_sl.5;450.00;out_ns_to_sl.5;0;1619.36;1.03;0.00;290.69;car;;7;189.00
6548.00;41899283#1_0;148.70;10.63;6393.00;0.91;-230845886_0;5.10;0.00;tripinfo_out_ba_to_as.29;155.00;out_ba_to_as.29;0;1430.78;1.04;0.00;30.04;car;;0;0.00
6551.00;23142338#2_0;290.21;8.21;6288.00;4.17;23687583_0;5.10;0.00;tripinfo_out_as_to_ns.43;263.00;out_as_to_ns.43;0;1995.73;0.78;0.00;29.38;car;;0;0.00
6552.00;230845886_0;633.12;9.75;5900.00;0.72;803785575#0_0;5.10;0.00;tripinfo_out_od_to_ba.4;652.00;out_od_to_ba.4;0;2382.14;0.93;0.00;420.38;car;;14;258.00
6553.00;23156030#6_1;109.07;10.90;5904.00;0.79;-23142338#2_0;5.10;0.00;tripinfo_out_ns_to_od.8;649.00;out_ns_to_od.8;0;2005.01;1.09;0.00;471.87;car;;5;420.00
6553.00;41899283#1_0;148.70;9.23;6327.00;0.77;-23142338#2_0;5.10;0.00;tripinfo_out_ns_to_as.35;226.00;out_ns_to_as.35;0;2009.37;0.90;0.00;22.94;car;;0;0.00
6554.00;230845886_0;633.12;9.91;5945.00;0.84;803785575#0_0;5.10;0.00;tripinfo_out_od_to_ba.5;609.00;out_od_to_ba.5;0;2382.14;0.96;0.00;384.87;car;;11;252.00
6555.00;41899283#1_0;148.70;11.68;6275.00;0.58;-23156390_0;5.10;0.00;tripinfo_out_br_to_as.4;280.00;out_br_to_as.4;0;2020.44;1.09;0.00;112.50;car;;5;44.00
6555.00;230845886_0;633.12;11.33;6289.00;0.34;-23142338#2_0;5.10;0.00;tripinfo_out_ns_to_ba.17;266.00;out_ns_to_ba.17;0;2340.42;1.10;0.00;75.48;car;;3;24.00
6556.00;23156030#6_0;109.07;10.20;5764.00;0.80;-23142338#2_0;5.10;0.00;tripinfo_out_ns_to_od.6;792.00;out_ns_to_od.6;0;2005.01;0.94;0.00;586.15;car;;8;520.00
6557.00;45494495_0;58.90;11.05;6368.00;0.39;-23142338#2_0;5.10;0.00;tripinfo_out_ns_to_os.4;189.00;out_ns_to_os.4;0;1865.82;1.03;0.00;24.11;car;;0;0.00
6562.00;28706217_0;94.10;5.92;6285.00;1.94;23687583_0;5.10;0.00;tripinfo_out_as_to_sl.19;277.00;out_as_to_sl.19;0;1976.75;0.75;0.00;32.01;car;;1;2.00
6562.00;230845886_0;633.12;9.99;6379.00;2.68;23687583_0;5.10;0.00;tripinfo_out_as_to_ba.53;183.00;out_as_to_ba.53;0;1356.50;0.94;0.00;52.83;car;;3;13.00
6563.00;230845886_0;633.12;11.31;6183.00;0.43;-23156305_0;5.10;0.00;tripinfo_out_gg_to_ba.14;380.00;out_gg_to_ba.14;0;2288.16;1.19;0.00;207.22;car;;8;111.00
6563.00;23142338#2_0;290.21;10.16;6360.00;0.12;23687583_0;5.10;0.00;tripinfo_out_as_to_ns.44;203.00;out_as_to_ns.44;0;1995.73;1.01;0.00;23.54;car;;1;1.00
6564.00;28706217_0;94.10;8.17;6315.00;1.05;23687583_0;5.10;0.00;tripinfo_out_as_to_sl.20;249.00;out_as_to_sl.20;0;1976.75;1.09;0.00;81.15;car;;1;8.00
6565.00;41899283#1_0;148.70;8.31;5890.00;0.81;803785575#0_0;5.10;0.00;tripinfo_out_od_to_as.14;675.00;out_od_to_as.14;0;2382.09;0.86;0.00;425.47;car;;17;271.00
6567.00;41899283#1_0;148.70;10.12;6352.00;0.73;-23142338#2_0;5.10;0.00;tripinfo_out_ns_to_as.36;215.00;out_ns_to_as.36;0;2009.37;0.95;0.00;22.74;car;;1;1.00
6574.00;23142338#2_0;290.21;10.44;6125.00;0.44;-23156305_0;5.10;0.00;tripinfo_out_gg_to_ns.17;449.00;out_gg_to_ns.17;0;2927.39;0.95;0.00;167.79;car;;4;86.00
6575.00;41899283#1_0;148.70;10.33;5698.00;553.71;803785575#0_0;5.10;0.00;tripinfo_out_od_to_as.2;877.00;out_od_to_as.2;0;2382.09;0.97;0.00;654.47;car;;19;372.00
6575.00;23156030#6_0;109.07;9.53;6073.00;4.78;-23142338#2_0;5.10;0.00;tripinfo_out_ns_to_od.9;502.00;out_ns_to_od.9;0;2005.01;0.97;0.00;304.13;car;;8;243.00
6575.00;28706217_0;94.10;9.28;6349.00;6.24;23687583_0;5.10;0.00;tripinfo_out_as_to_sl.21;226.00;out_as_to_sl.21;0;1976.75;1.25;0.00;78.38;car;;1;10.00
6575.00;45494495_0;58.90;10.44;6441.00;0.20;803785575#0_0;5.10;0.00;tripinfo_out_od_to_os.19;134.00;out_od_to_os.19;0;969.96;0.95;0.00;41.81;car;;3;20.00
6576.00;23142338#2_0;290.21;10.61;6145.00;0.72;-23156305_0;5.10;0.00;tripinfo_out_gg_to_ns.18;431.00;out_gg_to_ns.18;0;2927.39;1.01;0.00;167.40;car;;3;76.00
6576.00;230845886_0;633.12;10.38;6433.00;0.76;23687583_0;5.10;0.00;tripinfo_out_as_to_ba.54;143.00;out_as_to_ba.54;0;1356.50;1.01;0.00;21.30;car;;1;5.00
6577.00;41899283#1_0;148.70;10.55;5994.00;0.21;803785575#0_0;5.10;0.00;tripinfo_out_od_to_as.15;583.00;out_od_to_as.15;0;2382.09;1.06;0.00;379.68;car;;8;254.00
6577.00;23142338#2_0;290.21;10.94;6334.00;0.50;-28716808#1_0;5.10;0.00;tripinfo_out_kl_to_ns.5;243.00;out_kl_to_ns.5;0;2305.34;1.02;0.00;38.16;car;;1;7.00
6578.00;23156030#6_0;109.07;9.32;5800.00;0.82;-23142338#2_0;5.10;0.00;tripinfo_out_ns_to_od.7;778.00;out_ns_to_od.7;0;2005.01;0.91;0.00;564.56;car;;7;516.00
6578.00;230845886_0;633.12;10.58;6436.00;0.64;23687583_0;5.10;0.00;tripinfo_out_as_to_ba.55;142.00;out_as_to_ba.55;0;1356.50;1.02;0.00;21.70;car;;1;4.00
6579.00;23142338#2_0;290.21;11.33;6349.00;0.63;-28716808#1_0;5.10;0.00;tripinfo_out_kl_to_ns.6;230.00;out_kl_to_ns.6;0;2305.34;1.03;0.00;27.21;car;;0;0.00
6580.00;23156030#6_0;109.07;10.47;6303.00;8.93;23687583_0;5.10;0.00;tripinfo_out_as_to_od.27;277.00;out_as_to_od.27;0;2357.31;1.06;0.00;75.87;car;;2;14.00
6582.00;41899283#1_0;148.70;8.90;5803.00;46.97;803785575#0_0;5.10;0.00;tripinfo_out_od_to_as.12;779.00;out_od_to_as.12;0;2382.09;0.90;0.00;540.58;car;;16;323.00
6582.00;28706217_0;94.10;8.36;6053.00;0.63;-23156305_0;5.10;0.00;tripinfo_out_gg_to_sl.8;529.00;out_gg_to_sl.8;0;2908.41;1.09;0.00;283.10;car;;7;133.00
6584.00;23156030#6_0;109.07;11.17;6308.00;0.98;-28716808#1_0;5.10;0.00;tripinfo_out_kl_to_od.14;276.00;out_kl_to_od.14;0;2657.03;1.03;0.00;42.31;car;;2;6.00
6584.00;41899283#1_0;148.70;9.80;6365.00;0.81;-45494495_0;5.10;0.00;tripinfo_out_os_to_as.41;219.00;out_os_to_as.41;0;1746.47;0.94;0.00;51.26;car;;3;7.00
6584.00;28706217_0;94.10;9.42;6403.00;0.41;-230845886_0;5.10;0.00;tripinfo_out_ba_to_sl.7;181.00;out_ba_to_sl.7;0;1934.94;1.17;0.00;26.99;car;;0;0.00
6586.00;41899283#1_0;148.70;10.36;6122.00;0.76;803785575#0_0;5.10;0.00;tripinfo_out_od_to_as.17;464.00;out_od_to_as.17;0;2382.09;0.96;0.00;239.04;car;;5;169.00
6589.00;41899283#1_0;148.70;9.46;6421.00;0.81;-230845886_0;5.10;0.00;tripinfo_out_ba_to_as.30;168.00;out_ba_to_as.30;0;1430.78;0.90;0.00;24.49;car;;0;0.00
6589.00;45494495_0;58.90;9.09;6479.00;0.58;803785575#0_0;5.10;0.00;tripinfo_out_od_to_os.20;110.00;out_od_to_os.20;0;969.96;0.88;0.00;10.50;car;;0;0.00
6590.00;23156030#6_1;109.07;10.73;6226.00;0.89;-23156390_0;5.10;0.00;tripinfo_out_br_to_od.28;364.00;out_br_to_od.28;0;2905.16;0.99;0.00;97.53;car;;2;50.00
6591.00;23156030#6_0;109.07;9.49;6040.00;0.69;-23156305_0;5.10;0.00;tripinfo_out_gg_to_od.24;551.00;out_gg_to_od.24;0;3288.97;0.94;0.00;235.94;car;;8;121.00
6591.00;230845886_0;633.12;9.85;6211.00;0.26;803785575#0_0;5.10;0.00;tripinfo_out_od_to_ba.6;380.00;out_od_to_ba.6;0;2382.14;0.93;0.00;149.36;car;;5;94.00
6591.00;41899283#1_0;148.70;9.22;6355.00;2.87;-23142338#2_0;5.10;0.00;tripinfo_out_ns_to_as.37;236.00;out_ns_to_as.37;0;2009.37;0.95;0.00;43.03;car;;2;11.00
6591.00;45494495_0;58.90;12.22;6500.00;0.20;803785575#0_0;5.10;0.00;tripinfo_out_od_to_os.21;91.00;out_od_to_os.21;0;969.96;1.12;0.00;12.57;car;;0;0.00
6593.00;45494495_0;58.90;11.89;6088.00;0.24;-23156305_0;5.10;0.00;tripinfo_out_gg_to_os.11;505.00;out_gg_to_os.11;0;2621.43;1.16;0.00;300.11;car;;7;111.00
6595.00;28716808#1_0;754.74;10.33;5665.00;675.22;803785575#0_0;5.10;0.00;tripinfo_in_od_to_kl.92;930.00;in_od_to_kl.92;0;2678.40;0.96;0.00;677.64;car;;22;381.00
6595.00;23156030#6_0;109.07;9.91;6328.00;3.47;23687583_0;5.10;0.00;tripinfo_out_as_to_od.28;267.00;out_as_to_od.28;0;2357.31;0.94;0.00;39.76;car;;1;9.00
6596.00;41899283#1_0;148.70;10.28;6086.00;0.25;803785575#0_0;5.10;0.00;tripinfo_out_od_to_as.16;510.00;out_od_to_as.16;0;2382.09;0.99;0.00;291.33;car;;7;188.00
6596.00;45494495_0;58.90;10.65;6370.00;0.57;-28716808#1_0;5.10;0.00;tripinfo_out_kl_to_os.9;226.00;out_kl_to_os.9;0;1989.49;1.07;0.00;56.65;car;;1;4.00
6597.00;28706217_0;94.10;9.36;6080.00;0.45;-23156305_0;5.10;0.00;tripinfo_out_gg_to_sl.9;517.00;out_gg_to_sl.9;0;2908.41;1.19;0.00;291.62;car;;8;135.00
6598.00;45494495_0;58.90;11.75;6099.00;0.35;-23156305_0;5.10;0.00;tripinfo_out_gg_to_os.12;499.00;out_gg_to_os.12;0;2621.43;1.09;0.00;281.04;car;;9;114.00
6599.00;23156030#6_0;109.07;11.55;6138.00;0.89;-23142338#2_0;5.10;0.00;tripinfo_out_ns_to_od.11;461.00;out_ns_to_od.11;0;2005.01;1.05;0.00;276.23;car;;10;199.00
6599.00;41899283#1_0;148.70;10.69;6214.00;0.46;803785575#0_0;5.10;0.00;tripinfo_out_od_to_as.19;385.00;out_od_to_as.19;0;2382.09;1.00;0.00;168.86;car;;6;95.00
6599.00;230845886_0;633.12;10.62;6222.00;0.82;-23156305_0;5.10;0.00;tripinfo_out_gg_to_ba.15;377.00;out_gg_to_ba.15;0;2288.16;1.01;0.00;171.82;car;;6;93.00
6601.00;230845886_0;633.12;10.09;6248.00;0.88;-23156305_0;5.10;0.00;tripinfo_out_gg_to_ba.16;353.00;out_gg_to_ba.16;0;2288.16;1.02;0.00;149.23;car;;5;79.00
6602.00;41899283#1_0;148.70;10.35;6262.00;0.86;803785575#0_0;5.10;0.00;tripinfo_out_od_to_as.21;340.00;out_od_to_as.21;0;2382.09;0.97;0.00;117.47;car;;6;55.00
6604.00;41899283#1_0;148.70;10.67;6304.00;0.74;-23156305_0;5.10;0.00;tripinfo_out_gg_to_as.10;300.00;out_gg_to_as.10;0;1699.56;1.04;0.00;151.00;car;;5;80.00
6607.00;45494495_0;58.90;11.70;6407.00;1.53;-28716808#1_0;5.10;0.00;tripinfo_out_kl_to_os.10;200.00;out_kl_to_os.10;0;1989.49;1.12;0.00;39.86;car;;0;0.00
6610.00;23156030#6_0;109.07;8.44;6095.00;0.39;-23142338#2_0;5.10;0.00;tripinfo_out_ns_to_od.10;515.00;out_ns_to_od.10;0;2005.01;0.82;0.00;280.92;car;;8;210.00
6610.00;23142338#2_0;290.21;8.93;6370.00;0.61;23687583_0;5.10;0.00;tripinfo_out_as_to_ns.45;240.00;out_as_to_ns.45;0;1995.73;0.86;0.00;29.12;car;;2;4.00
6611.00;972103805_0;116.86;8.89;6259.00;0.11;-23156390_0;5.10;0.00;tripinfo_out_br_to_ko.14;352.00;out_br_to_ko.14;0;2703.95;0.90;0.00;79.31;car;;4;33.00
6612.00;23142338#2_0;290.21;11.80;6376.00;0.82;23687583_0;5.10;0.00;tripinfo_out_as_to_ns.46;236.00;out_as_to_ns.46;0;1995.73;1.07;0.00;66.36;car;;1;2.00
6613.00;972103805_0;116.86;11.21;6404.00;0.64;-28716808#1_0;5.10;0.00;tripinfo_out_kl_to_ko.17;209.00;out_kl_to_ko.17;0;1927.03;1.02;0.00;38.62;car;;1;7.00
6613.00;45494495_0;58.90;10.76;6424.00;2.35;-230845886_0;5.10;0.00;tripinfo_out_ba_to_os.16;189.00;out_ba_to_os.16;0;1647.96;1.08;0.00;50.57;car;;1;13.00
6614.00;23142338#2_0;290.21;11.01;6176.00;0.44;-23156305_0;5.10;0.00;tripinfo_out_gg_to_ns.19;438.00;out_gg_to_ns.19;0;2927.39;1.09;0.00;194.25;car;;5;100.00
6614.00;41899283#1_0;148.70;11.30;6237.00;0.43;803785575#0_0;5.10;0.00;tripinfo_out_od_to_as.20;377.00;out_od_to_as.20;0;2382.09;1.02;0.00;165.26;car;;5;84.00
6615.00;972103805_0;116.86;11.08;6265.00;4.52;-23156390_0;5.10;0.00;tripinfo_out_br_to_ko.15;350.00;out_br_to_ko.15;0;2703.95;1.04;0.00;113.72;car;;5;50.00
6616.00;41899283#1_0;148.70;12.27;6366.00;0.04;-23156390_0;5.10;0.00;tripinfo_out_br_to_as.5;250.00;out_br_to_as.5;0;2020.44;1.15;0.00;90.91;car;;4;45.00
6618.00;41899283#1_0;148.70;12.54;6186.00;0.84;803785575#0_0;5.10;0.00;tripinfo_out_od_to_as.18;432.00;out_od_to_as.18;0;2382.09;1.13;0.00;241.89;car;;5;133.00
6620.00;23156030#6_0;109.07;8.42;6331.00;4.94;23687583_0;5.10;0.00;tripinfo_out_as_to_od.29;289.00;out_as_to_od.29;0;2357.31;0.84;0.00;36.00;car;;2;5.00
6623.00;41899283#1_0;148.70;10.65;6406.00;1.26;-45494495_0;5.10;0.00;tripinfo_out_os_to_as.42;217.00;out_os_to_as.42;0;1746.47;0.97;0.00;53.65;car;;2;6.00
6626.00;972103805_0;116.86;12.66;6271.00;0.11;-23156390_0;5.10;0.00;tripinfo_out_br_to_ko.16;355.00;out_br_to_ko.16;0;2703.95;1.19;0.00;149.19;car;;7;49.00
6628.00;41899283#1_0;148.70;9.59;6412.00;0.38;-23142338#2_0;5.10;0.00;tripinfo_out_ns_to_as.38;216.00;out_ns_to_as.38;0;2009.37;0.98;0.00;28.42;car;;1;2.00
6629.00;972103805_0;116.86;13.80;6450.00;0.73;-28716808#1_0;5.10;0.00;tripinfo_out_kl_to_ko.18;179.00;out_kl_to_ko.18;0;1927.03;1.26;0.00;39.41;car;;2;6.00
6630.00;23156030#6_0;109.07;7.64;6330.00;0.69;-230845886_0;5.10;0.00;tripinfo_out_ba_to_od.29;300.00;out_ba_to_od.29;0;2315.50;0.77;0.00;30.77;car;;1;6.00
6630.00;45494495_0;58.90;12.44;6540.00;0.12;803785575#0_0;5.10;0.00;tripinfo_out_od_to_os.22;90.00;out_od_to_os.22;0;969.96;1.17;0.00;14.31;car;;0;0.00
6631.00;230845886_0;633.12;10.21;6397.00;0.69;-45494495_0;5.10;0.00;tripinfo_out_os_to_ba.35;234.00;out_os_to_ba.35;0;1746.52;0.94;0.00;64.91;car;;1;32.00
6635.00;23156030#6_0;109.07;10.01;6268.00;5.56;-23156390_0;5.10;0.00;tripinfo_out_br_to_od.29;367.00;out_br_to_od.29;0;2905.16;0.94;0.00;88.95;car;;4;41.00
6636.00;28706217_0;94.10;7.97;6562.00;0.95;803785575#0_0;5.10;0.00;tripinfo_out_od_to_sl.7;74.00;out_od_to_sl.7;0;747.33;1.09;0.00;6.67;car;;0;0.00
6637.00;230845886_0;633.12;9.74;6438.00;0.04;-45494495_0;5.10;0.00;tripinfo_out_os_to_ba.36;199.00;out_os_to_ba.36;0;1746.52;0.91;0.00;24.82;car;;1;1.00
6638.00;23142338#2_0;290.21;11.34;6210.00;2.21;-23156305_0;5.10;0.00;tripinfo_out_gg_to_ns.20;428.00;out_gg_to_ns.20;0;2927.39;1.10;0.00;186.69;car;;6;95.00
6638.00;230845886_0;633.12;11.45;6464.00;0.37;-45494495_0;5.10;0.00;tripinfo_out_os_to_ba.37;174.00;out_os_to_ba.37;0;1746.52;1.11;0.00;32.43;car;;0;0.00
6639.00;41899283#1_0;148.70;8.99;6487.00;0.59;-28716808#1_0;5.10;0.00;tripinfo_out_kl_to_as.15;152.00;out_kl_to_as.15;0;1233.18;0.82;0.00;15.20;car;;0;0.00
6640.00;28706217_0;94.10;9.38;6433.00;0.82;-23142338#2_0;5.10;0.00;tripinfo_out_ns_to_sl.6;207.00;out_ns_to_sl.6;0;1619.36;1.13;0.00;62.27;car;;2;34.00
6641.00;41899283#1_0;148.70;9.62;6409.00;0.50;-45494495_0;5.10;0.00;tripinfo_out_os_to_as.43;232.00;out_os_to_as.43;0;1746.47;0.89;0.00;53.43;car;;4;7.00
6642.00;28706217_0;94.10;8.79;6564.00;0.91;-45494495_0;5.10;0.00;tripinfo_out_os_to_sl.9;78.00;out_os_to_sl.9;0;484.95;1.18;0.00;36.16;car;;2;21.00
6644.00;45494495_0;58.90;11.28;6269.00;0.18;-23156305_0;5.10;0.00;tripinfo_out_gg_to_os.13;375.00;out_gg_to_os.13;0;2621.43;1.09;0.00;156.46;car;;5;72.00
6644.00;41899283#1_0;148.70;9.09;6351.00;0.76;803785575#0_0;5.10;0.00;tripinfo_out_od_to_as.22;293.00;out_od_to_as.22;0;2382.09;0.88;0.00;47.53;car;;2;7.00
6646.00;41899283#1_0;148.70;10.85;6412.00;1.63;-45494495_0;5.10;0.00;tripinfo_out_os_to_as.44;234.00;out_os_to_as.44;0;1746.47;1.06;0.00;83.86;car;;1;18.00
6647.00;41899283#1_0;148.70;12.57;6450.00;0.52;-45494495_0;5.10;0.00;tripinfo_out_os_to_as.45;197.00;out_os_to_as.45;0;1746.47;1.17;0.00;62.00;car;;0;0.00
6648.00;972103805_0;116.86;11.85;6469.00;0.95;-28716808#1_0;5.10;0.00;tripinfo_out_kl_to_ko.19;179.00;out_kl_to_ko.19;0;1927.03;1.11;0.00;21.65;car;;0;0.00
6649.00;41899283#1_0;148.70;11.11;6438.00;0.97;-23142338#2_0;5.10;0.00;tripinfo_out_ns_to_as.39;211.00;out_ns_to_as.39;0;2009.37;1.06;0.00;38.93;car;;2;7.00
6656.00;23142338#2_0;290.21;11.85;6240.00;0.82;-23156305_0;5.10;0.00;tripinfo_out_gg_to_ns.21;416.00;out_gg_to_ns.21;0;2927.39;1.11;0.00;176.61;car;;7;94.00
6659.00;28706217_0;94.10;5.97;6084.00;0.12;-23156305_0;5.10;0.00;tripinfo_out_gg_to_sl.10;575.00;out_gg_to_sl.10;0;2908.41;0.77;0.00;225.71;car;;8;124.00
6659.00;41899283#1_0;148.70;8.74;6354.00;0.79;-23156305_0;5.10;0.00;tripinfo_out_gg_to_as.11;305.00;out_gg_to_as.11;0;1699.56;0.90;0.00;132.57;car;;5;70.00
6661.00;28706217_0;94.10;7.23;6329.00;1.19;-23156390_0;5.10;0.00;tripinfo_out_br_to_sl.8;332.00;out_br_to_sl.8;0;2524.60;0.93;0.00;81.81;car;;3;36.00
6662.00;23156030#6_0;109.07;10.91;6575.00;1.14;-45494495_0;5.10;0.00;tripinfo_out_os_to_od.44;87.00;out_os_to_od.44;0;865.51;0.99;0.00;7.68;car;;0;0.00
6663.00;23156030#6_1;109.07;11.17;6373.00;0.81;23687583_0;5.10;0.00;tripinfo_out_as_to_od.30;290.00;out_as_to_od.30;0;2357.31;1.04;0.00;85.13;car;;3;18.00
6664.00;230845886_0;633.12;7.88;6459.00;0.62;23687583_0;5.10;0.00;tripinfo_out_as_to_ba.56;205.00;out_as_to_ba.56;0;1356.50;0.78;0.00;47.26;car;;3;16.00
6664.00;23142338#2_0;290.21;11.03;6469.00;0.99;23687583_0;5.10;0.00;tripinfo_out_as_to_ns.47;195.00;out_as_to_ns.47;0;1995.73;1.08;0.00;26.45;car;;1;4.00
6665.00;230845886_0;633.12;10.62;6472.00;3.17;23687583_0;5.10;0.00;tripinfo_out_as_to_ba.57;193.00;out_as_to_ba.57;0;1356.50;0.97;0.00;66.87;car;;3;15.00
6667.00;230845886_0;633.12;10.21;6475.00;3.73;23687583_0;5.10;0.00;tripinfo_out_as_to_ba.58;192.00;out_as_to_ba.58;0;1356.50;1.03;0.00;72.87;car;;3;13.00
6668.00;23156030#6_0;109.07;10.94;6382.00;1.77;23687583_0;5.10;0.00;tripinfo_out_as_to_od.31;286.00;out_as_to_od.31;0;2357.31;0.99;0.00;70.30;car;;3;10.00
6669.00;230845886_0;633.12;10.19;6488.00;0.80;23687583_0;5.10;0.00;tripinfo_out_as_to_ba.59;181.00;out_as_to_ba.59;0;1356.50;1.00;0.00;58.84;car;;1;8.00
6669.00;41899283#1_0;148.70;9.07;6535.00;0.42;-28716808#1_0;5.10;0.00;tripinfo_out_kl_to_as.16;134.00;out_kl_to_as.16;0;1233.18;0.93;0.00;13.85;car;;0;0.00
6671.00;230845886_0;633.12;11.05;6284.00;2.03;-23156305_0;5.10;0.00;tripinfo_out_gg_to_ba.17;387.00;out_gg_to_ba.17;0;2288.16;1.00;0.00;180.09;car;;5;81.00
6672.00;41899283#1_0;148.70;11.35;6497.00;0.07;-45494495_0;5.10;0.00;tripinfo_out_os_to_as.46;175.00;out_os_to_as.46;0;1746.47;1.10;0.00;31.18;car;;1;1.00
6673.00;230845886_0;633.12;9.54;6499.00;0.74;23687583_0;5.10;0.00;tripinfo_out_as_to_ba.60;174.00;out_as_to_ba.60;0;1356.50;0.91;0.00;39.39;car;;2;13.00
6675.00;230845886_0;633.12;12.36;6502.00;1.81;23687583_0;5.10;0.00;tripinfo_out_as_to_ba.61;173.00;out_as_to_ba.61;0;1356.50;1.12;0.00;63.05;car;;2;11.00
6676.00;23156030#6_0;109.07;10.68;6408.00;0.30;23687583_0;5.10;0.00;tripinfo_out_as_to_od.33;268.00;out_as_to_od.33;0;2357.31;0.98;0.00;49.58;car;;1;8.00
6676.00;23156030#6_1;109.07;10.46;6449.00;0.75;-23142338#2_0;5.10;0.00;tripinfo_out_ns_to_od.12;227.00;out_ns_to_od.12;0;2005.01;1.02;0.00;38.90;car;;1;10.00
6677.00;28706217_0;94.10;7.63;6254.00;0.58;-23156305_0;5.10;0.00;tripinfo_out_gg_to_sl.11;423.00;out_gg_to_sl.11;0;2908.41;0.98;0.00;148.35;car;;5;69.00
6677.00;230845886_0;633.12;11.30;6512.00;3.14;23687583_0;5.10;0.00;tripinfo_out_as_to_ba.62;165.00;out_as_to_ba.62;0;1356.50;1.06;0.00;49.15;car;;1;6.00
6678.00;41899283#1_0;148.70;10.09;6403.00;0.46;803785575#0_0;5.10;0.00;tripinfo_out_od_to_as.23;275.00;out_od_to_as.23;0;2382.09;0.99;0.00;56.17;car;;4;19.00
6678.00;45494495_0;58.90;12.43;6437.00;0.94;-23156390_0;5.10;0.00;tripinfo_out_br_to_os.6;241.00;out_br_to_os.6;0;2237.62;1.22;0.00;75.06;car;;2;25.00
6679.00;230845886_0;633.12;10.24;6501.00;0.68;-45494495_0;5.10;0.00;tripinfo_out_os_to_ba.38;178.00;out_os_to_ba.38;0;1746.52;1.03;0.00;23.76;car;;0;0.00
6679.00;23156030#6_0;109.07;8.75;6582.00;0.92;-45494495_0;5.10;0.00;tripinfo_out_os_to_od.45;97.00;out_os_to_od.45;0;865.51;0.89;0.00;9.45;car;;0;0.00
6680.00;41899283#1_0;148.70;11.75;6538.00;0.20;-230845886_0;5.10;0.00;tripinfo_out_ba_to_as.31;142.00;out_ba_to_as.31;0;1430.78;1.07;0.00;20.16;car;;0;0.00
6683.00;45494495_0;58.90;12.24;6530.00;8.68;-230845886_0;5.10;0.00;tripinfo_out_ba_to_os.17;153.00;out_ba_to_os.17;0;1647.96;1.20;0.00;28.50;car;;0;0.00
6685.00;230845886_0;633.12;9.08;6300.00;0.25;-23156305_0;5.10;0.00;tripinfo_out_gg_to_ba.18;385.00;out_gg_to_ba.18;0;2288.16;0.90;0.00;155.70;car;;6;87.00
6685.00;41899283#1_0;148.70;10.05;6387.00;0.95;-23156305_0;5.10;0.00;tripinfo_out_gg_to_as.12;298.00;out_gg_to_as.12;0;1699.56;0.92;0.00;130.16;car;;5;54.00
6687.00;230845886_0;633.12;9.67;6443.00;0.22;-23142338#2_0;5.10;0.00;tripinfo_out_ns_to_ba.18;244.00;out_ns_to_ba.18;0;2340.42;0.96;0.00;25.02;car;;1;3.00
6689.00;23156030#6_0;109.07;10.88;6397.00;0.51;23687583_0;5.10;0.00;tripinfo_out_as_to_od.32;292.00;out_as_to_od.32;0;2357.31;0.99;0.00;75.94;car;;4;18.00
6690.00;23156030#6_1;109.07;11.01;6431.00;1.54;-230845886_0;5.10;0.00;tripinfo_out_ba_to_od.30;259.00;out_ba_to_od.30;0;2315.50;1.01;0.00;50.61;car;;2;15.00
6691.00;972103805_0;116.86;9.21;6326.00;0.33;-23156390_0;5.10;0.00;tripinfo_out_br_to_ko.17;365.00;out_br_to_ko.17;0;2703.95;0.85;0.00;77.01;car;;3;39.00
6691.00;41899283#1_0;148.70;11.64;6555.00;3.86;-230845886_0;5.10;0.00;tripinfo_out_ba_to_as.32;136.00;out_ba_to_as.32;0;1430.78;1.13;0.00;20.94;car;;1;5.00
6693.00;972103805_0;116.86;10.43;6376.00;0.39;-23156390_0;5.10;0.00;tripinfo_out_br_to_ko.18;317.00;out_br_to_ko.18;0;2703.95;1.03;0.00;78.96;car;;5;30.00
6695.00;972103805_0;116.86;9.93;6419.00;0.33;-23156390_0;5.10;0.00;tripinfo_out_br_to_ko.19;276.00;out_br_to_ko.19;0;2703.95;1.00;0.00;30.28;car;;0;0.00
6696.00;23156030#6_0;109.07;9.80;6207.00;0.72;-23156305_0;5.10;0.00;tripinfo_out_gg_to_od.25;489.00;out_gg_to_od.25;0;3288.97;0.96;0.00;178.21;car;;8;97.00
6696.00;23156030#6_1;109.07;9.85;6453.00;0.90;-230845886_0;5.10;0.00;tripinfo_out_ba_to_od.31;243.00;out_ba_to_od.31;0;2315.50;0.98;0.00;29.33;car;;1;1.00
6698.00;23156030#6_1;109.07;11.27;6213.00;0.76;-23156305_0;5.10;0.00;tripinfo_out_gg_to_od.26;485.00;out_gg_to_od.26;0;3288.97;1.10;0.00;215.16;car;;7;97.00
6700.00;23156030#6_0;109.07;10.38;6342.00;0.73;-23156390_0;5.10;0.00;tripinfo_out_br_to_od.30;358.00;out_br_to_od.30;0;2905.16;0.95;0.00;82.49;car;;3;39.00
6700.00;23156030#6_1;109.07;12.18;6453.00;2.02;-28716808#1_0;5.10;0.00;tripinfo_out_kl_to_od.15;247.00;out_kl_to_od.15;0;2657.03;1.12;0.00;32.85;car;;0;0.00
6702.00;23156030#6_0;109.07;10.39;6598.00;0.69;-45494495_0;5.10;0.00;tripinfo_out_os_to_od.46;104.00;out_os_to_od.46;0;865.51;0.95;0.00;21.39;car;;1;1.00
6705.00;230845886_0;633.12;10.50;6357.00;2.91;-23156305_0;5.10;0.00;tripinfo_out_gg_to_ba.19;348.00;out_gg_to_ba.19;0;2288.16;0.97;0.00;135.62;car;;4;57.00
6705.00;23156030#6_0;109.07;10.62;6388.00;0.08;-23156390_0;5.10;0.00;tripinfo_out_br_to_od.31;317.00;out_br_to_od.31;0;2905.16;0.97;0.00;45.54;car;;1;2.00
6705.00;45494495_0;58.90;8.58;6479.00;0.17;-28716808#1_0;5.10;0.00;tripinfo_out_kl_to_os.11;226.00;out_kl_to_os.11;0;1989.49;0.88;0.00;21.45;car;;0;0.00
6706.00;23156030#6_1;109.07;11.14;6276.00;0.10;-23156305_0;5.10;0.00;tripinfo_out_gg_to_od.27;430.00;out_gg_to_od.27;0;3288.97;1.07;0.00;150.99;car;;5;68.00
6707.00;45494495_0;58.90;10.99;6542.00;0.60;-230845886_0;5.10;0.00;tripinfo_out_ba_to_os.18;165.00;out_ba_to_os.18;0;1647.96;1.07;0.00;25.98;car;;1;5.00
6709.00;45494495_0;58.90;12.76;6327.00;0.17;-23156305_0;5.10;0.00;tripinfo_out_gg_to_os.14;382.00;out_gg_to_os.14;0;2621.43;1.18;0.00;180.43;car;;5;56.00
6710.00;23156030#6_0;109.07;12.28;6474.00;1.21;-23142338#2_0;5.10;0.00;tripinfo_out_ns_to_od.13;236.00;out_ns_to_od.13;0;2005.01;1.15;0.00;68.00;car;;4;28.00
6713.00;972103805_0;116.86;7.79;6312.00;0.44;-23156305_0;5.10;0.00;tripinfo_out_gg_to_ko.13;401.00;out_gg_to_ko.13;0;2416.59;0.79;0.00;122.89;car;;4;55.00
6716.00;23142338#2_0;290.21;10.36;6288.00;4.64;-23156305_0;5.10;0.00;tripinfo_out_gg_to_ns.22;428.00;out_gg_to_ns.22;0;2927.39;0.96;0.00;150.22;car;;5;75.00
6717.00;23156030#6_0;109.07;10.59;6486.00;0.07;-23142338#2_0;5.10;0.00;tripinfo_out_ns_to_od.14;231.00;out_ns_to_od.14;0;2005.01;1.05;0.00;46.33;car;;2;10.00
6719.00;41899283#1_0;148.70;9.36;6455.00;0.84;-23142338#2_0;5.10;0.00;tripinfo_out_ns_to_as.40;264.00;out_ns_to_as.40;0;2009.37;0.84;0.00;46.69;car;;2;16.00
6721.00;41899283#1_0;148.70;11.87;6471.00;1.40;-23142338#2_0;5.10;0.00;tripinfo_out_ns_to_as.41;250.00;out_ns_to_as.41;0;2009.37;1.07;0.00;79.42;car;;3;24.00
6722.00;45494495_0;58.90;11.71;6515.00;0.90;-28716808#1_0;5.10;0.00;tripinfo_out_kl_to_os.12;207.00;out_kl_to_os.12;0;1989.49;1.08;0.00;39.18;car;;1;8.00
6727.00;230845886_0;633.12;9.30;6524.00;0.24;-45494495_0;5.10;0.00;tripinfo_out_os_to_ba.39;203.00;out_os_to_ba.39;0;1746.52;0.86;0.00;19.50;car;;0;0.00
6729.00;230845886_0;633.12;9.90;6584.00;0.07;23687583_0;5.10;0.00;tripinfo_out_as_to_ba.63;145.00;out_as_to_ba.63;0;1356.50;0.99;0.00;21.33;car;;0;0.00
6731.00;230845886_0;633.12;10.91;6466.00;0.28;-23142338#2_0;5.10;0.00;tripinfo_out_ns_to_ba.19;265.00;out_ns_to_ba.19;0;2340.42;1.03;0.00;61.14;car;;2;16.00
6731.00;23156030#6_0;109.07;10.45;6489.00;0.48;-230845886_0;5.10;0.00;tripinfo_out_ba_to_od.32;242.00;out_ba_to_od.32;0;2315.50;0.95;0.00;22.17;car;;0;0.00
6732.00;23142338#2_0;290.21;9.70;6495.00;0.73;23687583_0;5.10;0.00;tripinfo_out_as_to_ns.48;237.00;out_as_to_ns.48;0;1995.73;0.89;0.00;32.99;car;;2;3.00
6732.00;230845886_0;633.12;13.25;6511.00;2.72;-23142338#2_0;5.10;0.00;tripinfo_out_ns_to_ba.20;221.00;out_ns_to_ba.20;0;2340.42;1.21;0.00;46.38;car;;1;2.00
6734.00;23142338#2_0;290.21;12.13;6354.00;0.85;803785575#0_0;5.10;0.00;tripinfo_out_od_to_ns.5;380.00;out_od_to_ns.5;0;1928.29;1.12;0.00;213.82;car;;1;185.00
6738.00;41899283#1_0;148.70;9.66;6557.00;0.65;-45494495_0;5.10;0.00;tripinfo_out_os_to_as.47;181.00;out_os_to_as.47;0;1746.47;0.96;0.00;15.65;car;;0;0.00
6743.00;23142338#2_0;290.21;8.98;6456.00;2.71;-230845886_0;5.10;0.00;tripinfo_out_ba_to_ns.4;287.00;out_ba_to_ns.4;0;2346.36;0.87;0.00;44.67;car;;3;16.00
6746.00;28706217_0;94.10;7.88;6490.00;0.46;-28716808#1_0;5.10;0.00;tripinfo_out_kl_to_sl.12;256.00;out_kl_to_sl.12;0;2276.47;1.10;0.00;64.03;car;;1;5.00
6747.00;41899283#1_0;148.70;8.77;6589.00;0.24;-230845886_0;5.10;0.00;tripinfo_out_ba_to_as.33;158.00;out_ba_to_as.33;0;1430.78;0.91;0.00;14.27;car;;0;0.00
6748.00;28706217_0;94.10;8.42;6291.00;2.38;-23156305_0;5.10;0.00;tripinfo_out_gg_to_sl.12;457.00;out_gg_to_sl.12;0;2908.41;1.15;0.00;224.66;car;;7;92.00
6749.00;23142338#2_0;290.21;9.96;6509.00;0.59;23687583_0;5.10;0.00;tripinfo_out_as_to_ns.49;240.00;out_as_to_ns.49;0;1995.73;0.90;0.00;38.45;car;;2;11.00
6749.00;23156030#6_1;109.07;10.94;6520.00;0.13;-230845886_0;5.10;0.00;tripinfo_out_ba_to_od.33;229.00;out_ba_to_od.33;0;2315.50;1.08;0.00;35.30;car;;0;0.00
6749.00;45494495_0;58.90;10.58;6568.00;0.39;23687583_0;5.10;0.00;tripinfo_out_as_to_os.14;181.00;out_as_to_os.14;0;1689.77;0.98;0.00;24.96;car;;0;0.00
6749.00;23156030#6_0;109.07;10.28;6660.00;0.21;-45494495_0;5.10;0.00;tripinfo_out_os_to_od.47;89.00;out_os_to_od.47;0;865.51;0.99;0.00;9.97;car;;0;0.00
6751.00;23156030#6_1;109.07;11.63;6524.00;3.48;-230845886_0;5.10;0.00;tripinfo_out_ba_to_od.34;227.00;out_ba_to_od.34;0;2315.50;1.09;0.00;35.38;car;;0;0.00
6751.00;23142338#2_0;290.21;11.15;6521.00;0.24;23687583_0;5.10;0.00;tripinfo_out_as_to_ns.50;230.00;out_as_to_ns.50;0;1995.73;1.01;0.00;50.28;car;;1;4.00
6752.00;230845886_0;633.12;9.48;6435.00;0.64;-23156305_0;5.10;0.00;tripinfo_out_gg_to_ba.20;317.00;out_gg_to_ba.20;0;2288.16;0.90;0.00;88.34;car;;3;25.00
6753.00;23156030#6_0;109.07;9.45;6282.00;0.60;-23156305_0;5.10;0.00;tripinfo_out_gg_to_od.28;471.00;out_gg_to_od.28;0;3288.97;0.90;0.00;141.92;car;;5;62.00
6754.00;23156030#6_1;109.07;10.27;6464.00;0.43;-28716808#1_0;5.10;0.00;tripinfo_out_kl_to_od.16;290.00;out_kl_to_od.16;0;2657.03;1.00;0.00;49.89;car;;1;7.00
6754.00;45494495_0;58.90;9.02;6480.00;0.80;-23156390_0;5.10;0.00;tripinfo_out_br_to_os.7;274.00;out_br_to_os.7;0;2237.62;0.91;0.00;51.22;car;;2;21.00
6756.00;23156030#6_0;109.07;10.82;6675.00;0.69;-45494495_0;5.10;0.00;tripinfo_out_os_to_od.48;81.00;out_os_to_od.48;0;865.51;1.05;0.00;6.23;car;;0;0.00
6757.00;41899283#1_0;148.70;9.10;6517.00;0.56;-23142338#2_0;5.10;0.00;tripinfo_out_ns_to_as.42;240.00;out_ns_to_as.42;0;2009.37;0.85;0.00;23.57;car;;0;0.00
6758.00;28706217_0;94.10;7.42;6450.00;0.50;-23156390_0;5.10;0.00;tripinfo_out_br_to_sl.9;308.00;out_br_to_sl.9;0;2524.60;1.04;0.00;83.36;car;;1;34.00
6759.00;41899283#1_0;148.70;10.41;6529.00;0.86;-23156390_0;5.10;0.00;tripinfo_out_br_to_as.6;230.00;out_br_to_as.6;0;2020.44;0.96;0.00;39.12;car;;2;5.00
6762.00;41899283#1_0;148.70;9.28;6569.00;0.91;-45494495_0;5.10;0.00;tripinfo_out_os_to_as.48;193.00;out_os_to_as.48;0;1746.47;0.90;0.00;16.54;car;;0;0.00
6763.00;230845886_0;633.12;10.90;6536.00;0.32;-23142338#2_0;5.10;0.00;tripinfo_out_ns_to_ba.21;227.00;out_ns_to_ba.21;0;2340.42;1.01;0.00;19.42;car;;0;0.00
6764.00;41899283#1_0;148.70;11.33;6522.00;0.63;803785575#0_0;5.10;0.00;tripinfo_out_od_to_as.24;242.00;out_od_to_as.24;0;2382.09;1.04;0.00;35.84;car;;0;0.00
6766.00;41899283#1_0;148.70;12.15;6544.00;0.62;803785575#0_0;5.10;0.00;tripinfo_out_od_to_as.25;222.00;out_od_to_as.25;0;2382.09;1.19;0.00;40.20;car;;0;0.00
6768.00;41899283#1_0;148.70;11.32;6563.00;1.57;-23142338#2_0;5.10;0.00;tripinfo_out_ns_to_as.43;205.00;out_ns_to_as.43;0;2009.37;1.09;0.00;36.41;car;;1;4.00
6770.00;23142338#2_0;290.21;9.95;6342.00;5.41;-23156305_0;5.10;0.00;tripinfo_out_gg_to_ns.23;428.00;out_gg_to_ns.23;0;2927.39;0.90;0.00;131.66;car;;7;49.00
6776.00;972103805_0;116.86;10.79;6448.00;5.26;-23156305_0;5.10;0.00;tripinfo_out_gg_to_ko.14;328.00;out_gg_to_ko.14;0;2416.59;1.01;0.00;110.15;car;;3;28.00
6779.00;45494495_0;58.90;11.14;6684.00;0.57;803785575#0_0;5.10;0.00;tripinfo_out_od_to_os.23;95.00;out_od_to_os.23;0;969.96;1.02;0.00;9.20;car;;0;0.00
6780.00;23156030#6_0;109.07;10.40;6500.00;0.89;-28716808#1_0;5.10;0.00;tripinfo_out_kl_to_od.17;280.00;out_kl_to_od.17;0;2657.03;1.02;0.00;43.37;car;;1;4.00
6781.00;23142338#2_0;290.21;8.06;6538.00;1.70;23687583_0;5.10;0.00;tripinfo_out_as_to_ns.51;243.00;out_as_to_ns.51;0;1995.73;0.84;0.00;27.42;car;;0;0.00
6782.00;23156030#6_1;109.07;10.35;6336.00;0.10;-23156305_0;5.10;0.00;tripinfo_out_gg_to_od.29;446.00;out_gg_to_od.29;0;3288.97;1.02;0.00;154.37;car;;5;54.00
6782.00;41899283#1_0;148.70;8.97;6544.00;0.20;-23156390_0;5.10;0.00;tripinfo_out_br_to_as.7;238.00;out_br_to_as.7;0;2020.44;0.88;0.00;29.30;car;;1;5.00
6783.00;230845886_0;633.12;9.89;6635.00;0.65;23687583_0;5.10;0.00;tripinfo_out_as_to_ba.64;148.00;out_as_to_ba.64;0;1356.50;0.97;0.00;21.78;car;;1;4.00
6784.00;23156030#6_1;109.07;10.34;6339.00;3.07;-23156305_0;5.10;0.00;tripinfo_out_gg_to_od.30;445.00;out_gg_to_od.30;0;3288.97;1.02;0.00;153.34;car;;4;50.00
6784.00;45494495_0;58.90;8.38;6511.00;0.10;-23156390_0;5.10;0.00;tripinfo_out_br_to_os.8;273.00;out_br_to_os.8;0;2237.62;0.86;0.00;36.19;car;;2;8.00
6784.00;41899283#1_0;148.70;9.47;6624.00;0.47;-230845886_0;5.10;0.00;tripinfo_out_ba_to_as.34;160.00;out_ba_to_as.34;0;1430.78;0.96;0.00;24.04;car;;1;4.00
6786.00;45494495_0;58.90;9.25;6372.00;0.61;-23156305_0;5.10;0.00;tripinfo_out_gg_to_os.15;414.00;out_gg_to_os.15;0;2621.43;0.88;0.00;143.64;car;;6;65.00
6788.00;28706217_0;94.10;6.02;6454.00;0.09;-23156390_0;5.10;0.00;tripinfo_out_br_to_sl.10;334.00;out_br_to_sl.10;0;2524.60;0.85;0.00;60.74;car;;1;28.00
6788.00;45494495_0;58.90;12.27;6614.00;0.34;23687583_0;5.10;0.00;tripinfo_out_as_to_os.15;174.00;out_as_to_os.15;0;1689.77;1.12;0.00;38.16;car;;0;0.00
6789.00;23156030#6_0;109.07;8.84;6440.00;2.15;-23156390_0;5.10;0.00;tripinfo_out_br_to_od.32;349.00;out_br_to_od.32;0;2905.16;0.84;0.00;37.01;car;;1;5.00
6798.00;41899283#1_0;148.70;8.31;6641.00;0.81;-28716808#1_0;5.10;0.00;tripinfo_out_kl_to_as.17;157.00;out_kl_to_as.17;0;1233.18;0.78;0.00;13.76;car;;0;0.00
6800.00;41899283#1_0;148.70;9.18;6591.00;0.86;-23156305_0;5.10;0.00;tripinfo_out_gg_to_as.13;209.00;out_gg_to_as.13;0;1699.56;0.93;0.00;42.16;car;;1;5.00
6801.00;230845886_0;633.12;8.97;6587.00;0.90;-45494495_0;5.10;0.00;tripinfo_out_os_to_ba.40;214.00;out_os_to_ba.40;0;1746.52;0.83;0.00;24.13;car;;1;2.00
6802.00;41899283#1_0;148.70;9.86;6593.00;5.77;-45494495_0;5.10;0.00;tripinfo_out_os_to_as.49;209.00;out_os_to_as.49;0;1746.47;1.00;0.00;50.84;car;;1;1.00
6803.00;230845886_0;633.12;10.03;6551.00;0.86;-23142338#2_0;5.10;0.00;tripinfo_out_ns_to_ba.22;252.00;out_ns_to_ba.22;0;2340.42;0.99;0.00;40.45;car;;0;0.00
6804.00;41899283#1_0;148.70;11.16;6627.00;0.84;-230845886_0;5.10;0.00;tripinfo_out_ba_to_as.35;177.00;out_ba_to_as.35;0;1430.78;1.04;0.00;52.19;car;;3;14.00
6805.00;230845886_0;633.12;10.36;6607.00;2.30;-45494495_0;5.10;0.00;tripinfo_out_os_to_ba.41;198.00;out_os_to_ba.41;0;1746.52;1.01;0.00;41.49;car;;0;0.00
6806.00;41899283#1_0;148.70;12.83;6566.00;0.05;803785575#0_0;5.10;0.00;tripinfo_out_od_to_as.26;240.00;out_od_to_as.26;0;2382.09;1.16;0.00;53.77;car;;0;0.00
6807.00;28706217_0;94.10;6.52;6572.00;0.91;-230845886_0;5.10;0.00;tripinfo_out_ba_to_sl.8;235.00;out_ba_to_sl.8;0;1934.94;0.90;0.00;34.56;car;;2;6.00
6807.00;230845886_0;633.12;11.37;6613.00;2.14;-45494495_0;5.10;0.00;tripinfo_out_os_to_ba.42;194.00;out_os_to_ba.42;0;1746.52;1.12;0.00;52.85;car;;0;0.00
6809.00;230845886_0;633.12;9.94;6568.00;0.35;-23142338#2_0;5.10;0.00;tripinfo_out_ns_to_ba.23;241.00;out_ns_to_ba.23;0;2340.42;0.98;0.00;25.75;car;;0;0.00
6810.00;28706217_0;94.10;7.62;6362.00;0.80;-23156305_0;5.10;0.00;tripinfo_out_gg_to_sl.13;448.00;out_gg_to_sl.13;0;2908.41;1.01;0.00;182.63;car;;7;76.00
6811.00;23156030#6_0;109.07;11.05;6556.00;0.78;23687583_0;5.10;0.00;tripinfo_out_as_to_od.34;255.00;out_as_to_od.34;0;2357.31;1.02;0.00;45.54;car;;1;3.00
6811.00;230845886_0;633.12;9.82;6571.00;1.47;-23142338#2_0;5.10;0.00;tripinfo_out_ns_to_ba.24;240.00;out_ns_to_ba.24;0;2340.42;0.99;0.00;26.45;car;;0;0.00
6812.00;23156030#6_1;109.07;10.72;6345.00;1.43;-23156305_0;5.10;0.00;tripinfo_out_gg_to_od.31;467.00;out_gg_to_od.31;0;3288.97;1.03;0.00;178.33;car;;5;63.00
6813.00;23142338#2_0;290.21;9.50;6375.00;2.53;-23156305_0;5.10;0.00;tripinfo_out_gg_to_ns.24;438.00;out_gg_to_ns.24;0;2927.39;0.96;0.00;159.55;car;;6;62.00
6814.00;41899283#1_0;148.70;10.83;6669.00;1.05;-230845886_0;5.10;0.00;tripinfo_out_ba_to_as.36;145.00;out_ba_to_as.36;0;1430.78;1.03;0.00;18.74;car;;1;1.00
6823.00;230845886_0;633.12;8.93;6487.00;0.20;-23156305_0;5.10;0.00;tripinfo_out_gg_to_ba.21;336.00;out_gg_to_ba.21;0;2288.16;0.88;0.00;100.84;car;;5;44.00
6823.00;23156030#6_0;109.07;11.01;6488.00;0.50;-23156390_0;5.10;0.00;tripinfo_out_br_to_od.33;335.00;out_br_to_od.33;0;2905.16;1.08;0.00;91.68;car;;3;27.00
6824.00;23156030#6_1;109.07;13.00;6563.00;3.07;-230845886_0;5.10;0.00;tripinfo_out_ba_to_od.35;261.00;out_ba_to_od.35;0;2315.50;1.18;0.00;84.03;car;;3;30.00
6825.00;28706217_0;94.10;8.55;6438.00;2.51;-23156305_0;5.10;0.00;tripinfo_out_gg_to_sl.14;387.00;out_gg_to_sl.14;0;2908.41;1.15;0.00;153.00;car;;4;38.00
6825.00;230845886_0;633.12;10.46;6490.00;0.39;-23156305_0;5.10;0.00;tripinfo_out_gg_to_ba.22;335.00;out_gg_to_ba.22;0;2288.16;0.95;0.00;116.65;car;;5;42.00
6826.00;41899283#1_0;148.70;10.57;6606.00;0.13;-23142338#2_0;5.10;0.00;tripinfo_out_ns_to_as.44;220.00;out_ns_to_as.44;0;2009.37;0.99;0.00;34.98;car;;1;7.00
6827.00;230845886_0;633.12;8.67;6518.00;0.88;-23156305_0;5.10;0.00;tripinfo_out_gg_to_ba.23;309.00;out_gg_to_ba.23;0;2288.16;0.90;0.00;77.74;car;;4;28.00
6829.00;230845886_0;633.12;11.62;6530.00;0.72;-23156305_0;5.10;0.00;tripinfo_out_gg_to_ba.24;299.00;out_gg_to_ba.24;0;2288.16;1.06;0.00;102.89;car;;4;24.00
6831.00;230845886_0;633.12;11.87;6544.00;0.13;-23156305_0;5.10;0.00;tripinfo_out_gg_to_ba.25;287.00;out_gg_to_ba.25;0;2288.16;1.09;0.00;95.67;car;;4;20.00
6832.00;28706217_0;94.10;8.23;6442.00;0.80;-23156305_0;5.10;0.00;tripinfo_out_gg_to_sl.15;390.00;out_gg_to_sl.15;0;2908.41;1.06;0.00;138.38;car;;4;35.00
6833.00;230845886_0;633.12;9.88;6577.00;0.90;-23142338#2_0;5.10;0.00;tripinfo_out_ns_to_ba.25;256.00;out_ns_to_ba.25;0;2340.42;0.94;0.00;32.29;car;;1;6.00
6834.00;41899283#1_0;148.70;11.28;6575.00;0.15;-23156390_0;5.10;0.00;tripinfo_out_br_to_as.8;259.00;out_br_to_as.8;0;2020.44;1.04;0.00;83.19;car;;3;53.00
6835.00;23156030#6_1;109.07;10.15;6579.00;0.87;23687583_0;5.10;0.00;tripinfo_out_as_to_od.35;256.00;out_as_to_od.35;0;2357.31;0.98;0.00;39.62;car;;2;4.00
6837.00;23156030#6_0;109.07;8.69;6727.00;0.29;-45494495_0;5.10;0.00;tripinfo_out_os_to_od.49;110.00;out_os_to_od.49;0;865.51;0.89;0.00;21.76;car;;2;7.00
6838.00;23142338#2_0;290.21;9.30;6600.00;0.12;23687583_0;5.10;0.00;tripinfo_out_as_to_ns.52;238.00;out_as_to_ns.52;0;1995.73;0.84;0.00;22.38;car;;0;0.00
6838.00;41899283#1_0;148.70;10.57;6651.00;0.86;-45494495_0;5.10;0.00;tripinfo_out_os_to_as.51;187.00;out_os_to_as.51;0;1746.47;0.98;0.00;24.87;car;;0;0.00
6841.00;23156030#6_0;109.07;10.84;6755.00;0.92;-45494495_0;5.10;0.00;tripinfo_out_os_to_od.50;86.00;out_os_to_od.50;0;865.51;0.99;0.00;6.79;car;;0;0.00
6843.00;230845886_0;633.12;9.16;6683.00;4.77;23687583_0;5.10;0.00;tripinfo_out_as_to_ba.65;160.00;out_as_to_ba.65;0;1356.50;0.88;0.00;20.76;car;;1;2.00
6847.00;41899283#1_0;148.70;9.02;6627.00;0.78;-45494495_0;5.10;0.00;tripinfo_out_os_to_as.50;220.00;out_os_to_as.50;0;1746.47;0.82;0.00;26.99;car;;0;0.00
6851.00;23156030#6_0;109.07;12.28;6518.00;0.83;-23156390_0;5.10;0.00;tripinfo_out_br_to_od.34;333.00;out_br_to_od.34;0;2905.16;1.12;0.00;99.24;car;;2;8.00
6851.00;45494495_0;58.90;10.98;6553.00;0.29;-23156390_0;5.10;0.00;tripinfo_out_br_to_os.9;298.00;out_br_to_os.9;0;2237.62;1.05;0.00;105.38;car;;2;48.00
6856.00;45494495_0;58.90;9.65;6609.00;1.48;-28716808#1_0;5.10;0.00;tripinfo_out_kl_to_os.13;247.00;out_kl_to_os.13;0;1989.49;0.87;0.00;39.46;car;;1;13.00
6857.00;230845886_0;633.12;9.12;6686.00;6.50;23687583_0;5.10;0.00;tripinfo_out_as_to_ba.66;171.00;out_as_to_ba.66;0;1356.50;0.82;0.00;21.70;car;;1;3.00
6859.00;230845886_0;633.12;12.49;6691.00;9.57;23687583_0;5.10;0.00;tripinfo_out_as_to_ba.67;168.00;out_as_to_ba.67;0;1356.50;1.14;0.00;59.51;car;;1;3.00
6861.00;23142338#2_0;290.21;8.19;6605.00;0.25;23687583_0;5.10;0.00;tripinfo_out_as_to_ns.53;256.00;out_as_to_ns.53;0;1995.73;0.80;0.00;29.50;car;;1;3.00
6861.00;45494495_0;58.90;10.97;6693.00;0.92;-230845886_0;5.10;0.00;tripinfo_out_ba_to_os.19;168.00;out_ba_to_os.19;0;1647.96;1.03;0.00;22.18;car;;0;0.00
6862.00;28706217_0;94.10;8.82;6482.00;0.36;-23156305_0;5.10;0.00;tripinfo_out_gg_to_sl.16;380.00;out_gg_to_sl.16;0;2908.41;1.08;0.00;131.07;car;;6;43.00
6862.00;230845886_0;633.12;12.04;6642.00;0.54;-23142338#2_0;5.10;0.00;tripinfo_out_ns_to_ba.26;220.00;out_ns_to_ba.26;0;2340.42;1.09;0.00;25.82;car;;0;0.00
6863.00;23142338#2_0;290.21;12.69;6630.00;0.63;23687583_0;5.10;0.00;tripinfo_out_as_to_ns.54;233.00;out_as_to_ns.54;0;1995.73;1.17;0.00;77.41;car;;0;0.00
6864.00;230845886_0;633.12;12.85;6580.00;0.98;-23156305_0;5.10;0.00;tripinfo_out_gg_to_ba.26;284.00;out_gg_to_ba.26;0;2288.16;1.18;0.00;107.22;car;;3;17.00
6864.00;23142338#2_0;290.21;13.20;6606.00;0.35;-28716808#1_0;5.10;0.00;tripinfo_out_kl_to_ns.7;258.00;out_kl_to_ns.7;0;2305.34;1.28;0.00;90.80;car;;0;0.00
6864.00;23156030#6_1;109.07;12.30;6620.00;0.10;-230845886_0;5.10;0.00;tripinfo_out_ba_to_od.36;244.00;out_ba_to_od.36;0;2315.50;1.12;0.00;57.16;car;;1;15.00
6866.00;23156030#6_0;109.07;9.41;6550.00;0.43;-23156390_0;5.10;0.00;tripinfo_out_br_to_od.35;316.00;out_br_to_od.35;0;2905.16;0.94;0.00;36.85;car;;0;0.00
6867.00;23142338#2_0;290.21;9.36;6451.00;4.21;-23156305_0;5.10;0.00;tripinfo_out_gg_to_ns.25;416.00;out_gg_to_ns.25;0;2927.39;0.93;0.00;130.97;car;;6;44.00
6869.00;23156030#6_1;109.07;10.74;6589.00;0.19;-28716808#1_0;5.10;0.00;tripinfo_out_kl_to_od.18;280.00;out_kl_to_od.18;0;2657.03;1.00;0.00;38.75;car;;0;0.00
6870.00;45494495_0;58.90;11.77;6781.00;0.78;803785575#0_0;5.10;0.00;tripinfo_out_od_to_os.24;89.00;out_od_to_os.24;0;969.96;1.16;0.00;13.32;car;;0;0.00
6871.00;23142338#2_0;290.21;10.68;6505.00;0.65;-23156305_0;5.10;0.00;tripinfo_out_gg_to_ns.26;366.00;out_gg_to_ns.26;0;2927.39;0.99;0.00;97.97;car;;5;35.00
6872.00;23156030#6_0;109.07;9.02;6423.00;0.06;-23156305_0;5.10;0.00;tripinfo_out_gg_to_od.32;449.00;out_gg_to_od.32;0;3288.97;0.84;0.00;93.85;car;;3;27.00
6874.00;23142338#2_0;290.21;10.97;6533.00;0.06;-23156305_0;5.10;0.00;tripinfo_out_gg_to_ns.27;341.00;out_gg_to_ns.27;0;2927.39;0.99;0.00;73.79;car;;4;14.00
6880.00;45494495_0;58.90;10.10;6647.00;3.89;-28716808#1_0;5.10;0.00;tripinfo_out_kl_to_os.14;233.00;out_kl_to_os.14;0;1989.49;0.92;0.00;36.47;car;;0;0.00
6880.00;230845886_0;633.12;10.13;6725.00;0.00;23687583_0;5.10;0.00;tripinfo_out_as_to_ba.68;155.00;out_as_to_ba.68;0;1356.50;0.91;0.00;20.55;car;;1;1.00
6882.00;230845886_0;633.12;11.36;6660.00;0.13;803785575#0_0;5.10;0.00;tripinfo_out_od_to_ba.7;222.00;out_od_to_ba.7;0;2382.14;1.08;0.00;22.53;car;;0;0.00
6891.00;230845886_0;633.12;9.53;6622.00;0.17;-23156305_0;5.10;0.00;tripinfo_out_gg_to_ba.27;269.00;out_gg_to_ba.27;0;2288.16;0.95;0.00;52.31;car;;1;6.00
6892.00;23142338#2_0;290.21;10.54;6673.00;0.81;23687583_0;5.10;0.00;tripinfo_out_as_to_ns.55;219.00;out_as_to_ns.55;0;1995.73;0.98;0.00;33.10;car;;2;8.00
6900.00;23142338#2_0;290.21;10.13;6680.00;4.65;23687583_0;5.10;0.00;tripinfo_out_as_to_ns.56;220.00;out_as_to_ns.56;0;1995.73;0.95;0.00;27.98;car;;1;2.00
6901.00;23156030#6_0;109.07;9.01;6445.00;2.58;-23156305_0;5.10;0.00;tripinfo_out_gg_to_od.33;456.00;out_gg_to_od.33;0;3288.97;0.88;0.00;119.34;car;;5;44.00
6901.00;23156030#6_1;109.07;10.78;6657.00;0.09;-230845886_0;5.10;0.00;tripinfo_out_ba_to_od.37;244.00;out_ba_to_od.37;0;2315.50;0.98;0.00;31.64;car;;1;5.00
6901.00;230845886_0;633.12;11.94;6734.00;0.52;-45494495_0;5.10;0.00;tripinfo_out_os_to_ba.43;167.00;out_os_to_ba.43;0;1746.52;1.19;0.00;34.04;car;;1;1.00
6903.00;23156030#6_0;109.07;9.53;6592.00;1.45;-28716808#1_0;5.10;0.00;tripinfo_out_kl_to_od.19;311.00;out_kl_to_od.19;0;2657.03;0.89;0.00;41.02;car;;1;10.00
6905.00;23156030#6_1;109.07;9.78;6625.00;0.43;23687583_0;5.10;0.00;tripinfo_out_as_to_od.36;280.00;out_as_to_od.36;0;2357.31;0.90;0.00;44.49;car;;2;17.00
6907.00;23156030#6_0;109.07;9.21;6816.00;2.76;-45494495_0;5.10;0.00;tripinfo_out_os_to_od.51;91.00;out_os_to_od.51;0;865.51;0.94;0.00;7.85;car;;0;0.00
6911.00;230845886_0;633.12;11.90;6747.00;0.28;-45494495_0;5.10;0.00;tripinfo_out_os_to_ba.45;164.00;out_os_to_ba.45;0;1746.52;1.15;0.00;26.78;car;;1;1.00
6913.00;41899283#1_0;148.70;10.70;6739.00;0.72;-45494495_0;5.10;0.00;tripinfo_out_os_to_as.53;174.00;out_os_to_as.53;0;1746.47;1.06;0.00;24.01;car;;1;4.00
6915.00;23156030#6_0;109.07;10.22;6831.00;0.51;-45494495_0;5.10;0.00;tripinfo_out_os_to_od.52;84.00;out_os_to_od.52;0;865.51;1.02;0.00;7.42;car;;0;0.00
6917.00;41899283#1_0;148.70;10.37;6732.00;0.67;-45494495_0;5.10;0.00;tripinfo_out_os_to_as.52;185.00;out_os_to_as.52;0;1746.47;1.04;0.00;31.40;car;;2;3.00
6918.00;230845886_0;633.12;11.53;6743.00;0.53;-45494495_0;5.10;0.00;tripinfo_out_os_to_ba.44;175.00;out_os_to_ba.44;0;1746.52;1.07;0.00;27.14;car;;2;2.00
6918.00;41899283#1_0;148.70;12.58;6756.00;0.03;-230845886_0;5.10;0.00;tripinfo_out_ba_to_as.37;162.00;out_ba_to_as.37;0;1430.78;1.15;0.00;49.94;car;;1;27.00
6922.00;23156030#6_1;109.07;11.86;6644.00;3.09;-28716808#1_0;5.10;0.00;tripinfo_out_kl_to_od.21;278.00;out_kl_to_od.21;0;2657.03;1.15;0.00;68.12;car;;1;1.00
6922.00;28706217_0;94.10;7.03;6851.00;1.69;-45494495_0;5.10;0.00;tripinfo_out_os_to_sl.10;71.00;out_os_to_sl.10;0;484.95;0.98;0.00;21.07;car;;1;5.00
6927.00;23156030#6_1;109.07;10.61;6552.00;0.87;-23156305_0;5.10;0.00;tripinfo_out_gg_to_od.34;375.00;out_gg_to_od.34;0;3288.97;1.02;0.00;83.00;car;;4;19.00
6928.00;23156030#6_0;109.07;10.31;6629.00;0.95;-28716808#1_0;5.10;0.00;tripinfo_out_kl_to_od.20;299.00;out_kl_to_od.20;0;2657.03;0.95;0.00;44.86;car;;2;13.00
6931.00;41899283#1_0;148.70;9.79;6788.00;0.15;-28716808#1_0;5.10;0.00;tripinfo_out_kl_to_as.18;143.00;out_kl_to_as.18;0;1233.18;0.96;0.00;27.05;car;;1;10.00
6933.00;972103805_0;116.86;8.26;6688.00;2.18;-28716808#1_0;5.10;0.00;tripinfo_out_kl_to_ko.20;245.00;out_kl_to_ko.20;0;1927.03;0.80;0.00;27.04;car;;1;2.00
6933.00;41899283#1_0;148.70;11.18;6717.00;0.67;-23156305_0;5.10;0.00;tripinfo_out_gg_to_as.14;216.00;out_gg_to_as.14;0;1699.56;1.03;0.00;65.81;car;;3;29.00
6933.00;45494495_0;58.90;9.26;6831.00;0.09;803785575#0_0;5.10;0.00;tripinfo_out_od_to_os.25;102.00;out_od_to_os.25;0;969.96;0.94;0.00;8.81;car;;0;0.00
6937.00;23142338#2_0;290.21;10.80;6558.00;3.99;-230845886_0;5.10;0.00;tripinfo_out_ba_to_ns.5;379.00;out_ba_to_ns.5;0;2346.36;1.03;0.00;172.76;car;;3;138.00
6938.00;28706217_0;94.10;6.91;6727.00;0.05;-23142338#2_0;5.10;0.00;tripinfo_out_ns_to_sl.7;211.00;out_ns_to_sl.7;0;1619.36;0.86;0.00;20.74;car;;0;0.00
6938.00;230845886_0;633.12;9.40;6734.00;1.04;-28716808#1_0;5.10;0.00;tripinfo_out_kl_to_ba.4;204.00;out_kl_to_ba.4;0;1656.22;0.87;0.00;32.00;car;;1;3.00
6938.00;45494495_0;58.90;11.75;6747.00;0.03;23687583_0;5.10;0.00;tripinfo_out_as_to_os.16;191.00;out_as_to_os.16;0;1689.77;1.12;0.00;54.98;car;;0;0.00
6939.00;23142338#2_0;290.21;12.01;6727.00;0.45;803785575#0_0;5.10;0.00;tripinfo_out_od_to_ns.6;212.00;out_od_to_ns.6;0;1928.29;1.08;0.00;40.44;car;;2;13.00
6939.00;230845886_0;633.12;12.21;6771.00;0.05;-45494495_0;5.10;0.00;tripinfo_out_os_to_ba.46;168.00;out_os_to_ba.46;0;1746.52;1.13;0.00;27.99;car;;1;1.00
6944.00;45494495_0;58.90;9.78;6622.00;0.10;-23156390_0;5.10;0.00;tripinfo_out_br_to_os.10;322.00;out_br_to_os.10;0;2237.62;0.99;0.00;116.62;car;;2;75.00
6949.00;45494495_0;58.90;10.13;6644.00;0.42;-23156305_0;5.10;0.00;tripinfo_out_gg_to_os.16;305.00;out_gg_to_os.16;0;2621.43;1.03;0.00;73.89;car;;1;28.00
6954.00;23156030#6_1;109.07;9.98;6694.00;1.59;23687583_0;5.10;0.00;tripinfo_out_as_to_od.37;260.00;out_as_to_od.37;0;2357.31;0.95;0.00;36.75;car;;1;2.00
6955.00;23156030#6_0;109.07;9.94;6599.00;0.07;-23156390_0;5.10;0.00;tripinfo_out_br_to_od.36;356.00;out_br_to_od.36;0;2905.16;0.91;0.00;67.42;car;;1;35.00
6955.00;41899283#1_0;148.70;9.01;6704.00;0.97;-23142338#2_0;5.10;0.00;tripinfo_out_ns_to_as.45;251.00;out_ns_to_as.45;0;2009.37;0.83;0.00;30.62;car;;1;5.00
6957.00;230845886_0;633.12;10.24;6717.00;0.17;-23142338#2_0;5.10;0.00;tripinfo_out_ns_to_ba.27;240.00;out_ns_to_ba.27;0;2340.42;1.00;0.00;30.04;car;;1;8.00
6959.00;230845886_0;633.12;11.80;6723.00;0.72;-23142338#2_0;5.10;0.00;tripinfo_out_ns_to_ba.28;236.00;out_ns_to_ba.28;0;2340.42;1.08;0.00;40.09;car;;1;7.00
6960.00;23142338#2_0;290.21;9.14;6633.00;0.97;-23156305_0;5.10;0.00;tripinfo_out_gg_to_ns.28;327.00;out_gg_to_ns.28;0;2927.39;0.93;0.00;39.31;car;;1;1.00
6961.00;23156030#6_0;109.07;10.25;6712.00;0.93;-230845886_0;5.10;0.00;tripinfo_out_ba_to_od.38;249.00;out_ba_to_od.38;0;2315.50;0.92;0.00;23.24;car;;0;0.00
6961.00;41899283#1_0;148.70;8.82;6758.00;0.58;-45494495_0;5.10;0.00;tripinfo_out_os_to_as.54;203.00;out_os_to_as.54;0;1746.47;0.90;0.00;26.59;car;;1;4.00
6963.00;41899283#1_0;148.70;11.67;6756.00;0.44;-23142338#2_0;5.10;0.00;tripinfo_out_ns_to_as.46;207.00;out_ns_to_as.46;0;2009.37;1.12;0.00;43.69;car;;2;11.00
6965.00;230845886_0;633.12;10.24;6806.00;2.23;23687583_0;5.10;0.00;tripinfo_out_as_to_ba.69;159.00;out_as_to_ba.69;0;1356.50;0.99;0.00;35.43;car;;2;13.00
6976.00;28706217_0;94.10;5.36;6566.00;0.91;-23156305_0;5.10;0.00;tripinfo_out_gg_to_sl.17;410.00;out_gg_to_sl.17;0;2908.41;0.78;0.00;67.73;car;;3;23.00
6978.00;28706217_0;94.10;8.07;6583.00;0.96;-23156305_0;5.10;0.00;tripinfo_out_gg_to_sl.18;395.00;out_gg_to_sl.18;0;2908.41;0.99;0.00;125.77;car;;5;17.00
6980.00;45494495_0;58.90;10.40;6654.00;0.68;-23156305_0;5.10;0.00;tripinfo_out_gg_to_os.17;326.00;out_gg_to_os.17;0;2621.43;1.04;0.00;97.95;car;;3;37.00
6980.00;23156030#6_0;109.07;11.36;6679.00;1.37;-28716808#1_0;5.10;0.00;tripinfo_out_kl_to_od.23;301.00;out_kl_to_od.23;0;2657.03;1.11;0.00;84.65;car;;1;10.00
6982.00;230845886_0;633.12;9.84;6689.00;1.74;-23156305_0;5.10;0.00;tripinfo_out_gg_to_ba.28;293.00;out_gg_to_ba.28;0;2288.16;0.97;0.00;80.55;car;;4;40.00
6982.00;28706217_0;94.10;8.19;6754.00;0.44;23687583_0;5.10;0.00;tripinfo_out_as_to_sl.22;228.00;out_as_to_sl.22;0;1976.75;0.99;0.00;42.04;car;;1;6.00
6982.00;45494495_0;58.90;10.97;6780.00;0.40;23687583_0;5.10;0.00;tripinfo_out_as_to_os.17;202.00;out_as_to_os.17;0;1689.77;1.09;0.00;61.70;car;;2;6.00
6983.00;41899283#1_0;148.70;7.43;6820.00;0.51;-28716808#1_0;5.10;0.00;tripinfo_out_kl_to_as.19;163.00;out_kl_to_as.19;0;1233.18;0.76;0.00;14.66;car;;0;0.00
6984.00;23156030#6_0;109.07;11.06;6685.00;6.64;-28716808#1_0;5.10;0.00;tripinfo_out_kl_to_od.25;299.00;out_kl_to_od.25;0;2657.03;1.06;0.00;73.06;car;;1;6.00
6984.00;23142338#2_0;290.21;9.73;6759.00;3.51;23687583_0;5.10;0.00;tripinfo_out_as_to_ns.57;225.00;out_as_to_ns.57;0;1995.73;0.89;0.00;22.43;car;;0;0.00
6984.00;28706217_0;94.10;9.01;6772.00;0.11;23687583_0;5.10;0.00;tripinfo_out_as_to_sl.23;212.00;out_as_to_sl.23;0;1976.75;1.20;0.00;59.51;car;;0;0.00
6985.00;41899283#1_0;148.70;9.40;6815.00;0.38;-230845886_0;5.10;0.00;tripinfo_out_ba_to_as.38;170.00;out_ba_to_as.38;0;1430.78;0.93;0.00;30.60;car;;1;3.00
6986.00;45494495_0;58.90;10.00;6739.00;0.44;-28716808#1_0;5.10;0.00;tripinfo_out_kl_to_os.15;247.00;out_kl_to_os.15;0;1989.49;0.94;0.00;55.73;car;;2;10.00
6989.00;45494495_0;58.90;9.62;6882.00;1.72;803785575#0_0;5.10;0.00;tripinfo_out_od_to_os.26;107.00;out_od_to_os.26;0;969.96;0.93;0.00;12.21;car;;0;0.00
6992.00;972103805_0;116.86;8.11;6754.00;0.74;-28716808#1_0;5.10;0.00;tripinfo_out_kl_to_ko.21;238.00;out_kl_to_ko.21;0;1927.03;0.83;0.00;28.14;car;;1;5.00
6993.00;23156030#6_0;109.07;8.46;6676.00;0.42;-28716808#1_0;5.10;0.00;tripinfo_out_kl_to_od.22;317.00;out_kl_to_od.22;0;2657.03;0.86;0.00;37.52;car;;1;11.00
6993.00;41899283#1_0;148.70;9.99;6864.00;0.51;-28716808#1_0;5.10;0.00;tripinfo_out_kl_to_as.20;129.00;out_kl_to_as.20;0;1233.18;0.97;0.00;13.62;car;;0;0.00
6994.00;23156030#6_1;109.07;10.57;6691.00;5.16;-28716808#1_0;5.10;0.00;tripinfo_out_kl_to_od.26;303.00;out_kl_to_od.26;0;2657.03;1.02;0.00;68.82;car;;1;1.00
6995.00;23156030#6_0;109.07;9.64;6682.00;4.28;-28716808#1_0;5.10;0.00;tripinfo_out_kl_to_od.24;313.00;out_kl_to_od.24;0;2657.03;0.97;0.00;65.77;car;;1;8.00
6995.00;41899283#1_0;148.70;11.71;6813.00;0.73;-45494495_0;5.10;0.00;tripinfo_out_os_to_as.55;182.00;out_os_to_as.55;0;1746.47;1.15;0.00;44.55;car;;1;1.00
6998.00;41899283#1_0;148.70;10.39;6819.00;4.70;-45494495_0;5.10;0.00;tripinfo_out_os_to_as.56;179.00;out_os_to_as.56;0;1746.47;1.04;0.00;27.15;car;;0;0.00
6999.00;45494495_0;58.90;8.71;6669.00;0.12;-23156305_0;5.10;0.00;tripinfo_out_gg_to_os.18;330.00;out_gg_to_os.18;0;2621.43;0.89;0.00;62.77;car;;2;22.00
6999.00;230845886_0;633.12;8.90;6815.00;0.97;23687583_0;5.10;0.00;tripinfo_out_as_to_ba.70;184.00;out_as_to_ba.70;0;1356.50;0.83;0.00;36.32;car;;2;10.00
7000.00;23156030#6_0;109.07;10.24;6907.00;0.06;-45494495_0;5.10;0.00;tripinfo_out_os_to_od.53;93.00;out_os_to_od.53;0;865.51;0.98;0.00;12.73;car;;0;0.00
7001.00;230845886_0;633.12;11.29;6844.00;0.69;23687583_0;5.10;0.00;tripinfo_out_as_to_ba.71;157.00;out_as_to_ba.71;0;1356.50;1.07;0.00;41.76;car;;1;1.00
7003.00;28706217_0;94.10;7.53;6784.00;0.21;-23142338#2_0;5.10;0.00;tripinfo_out_ns_to_sl.8;219.00;out_ns_to_sl.8;0;1619.36;0.97;0.00;50.47;car;;3;20.00
7006.00;230845886_0;633.12;8.39;6794.00;0.20;-45494495_0;5.10;0.00;tripinfo_out_os_to_ba.47;212.00;out_os_to_ba.47;0;1746.52;0.86;0.00;28.60;car;;1;3.00
7007.00;23142338#2_0;290.21;10.61;6802.00;3.68;23687583_0;5.10;0.00;tripinfo_out_as_to_ns.58;205.00;out_as_to_ns.58;0;1995.73;1.00;0.00;21.89;car;;0;0.00
7008.00;230845886_0;633.12;11.39;6803.00;0.93;-45494495_0;5.10;0.00;tripinfo_out_os_to_ba.48;205.00;out_os_to_ba.48;0;1746.52;1.13;0.00;64.30;car;;1;2.00
7010.00;41899283#1_0;148.70;8.27;6719.00;0.74;-23156390_0;5.10;0.00;tripinfo_out_br_to_as.9;291.00;out_br_to_as.9;0;2020.44;0.82;0.00;67.75;car;;2;27.00
7010.00;230845886_0;633.12;10.02;6745.00;0.67;-23142338#2_0;5.10;0.00;tripinfo_out_ns_to_ba.29;265.00;out_ns_to_ba.29;0;2340.42;1.00;0.00;54.63;car;;2;16.00
7012.00;972103805_0;116.86;8.67;6781.00;0.77;-28716808#1_0;5.10;0.00;tripinfo_out_kl_to_ko.22;231.00;out_kl_to_ko.22;0;1927.03;0.89;0.00;34.74;car;;1;11.00
7012.00;230845886_0;633.12;10.29;6826.00;0.81;-45494495_0;5.10;0.00;tripinfo_out_os_to_ba.49;186.00;out_os_to_ba.49;0;1746.52;0.96;0.00;20.38;car;;0;0.00
7013.00;41899283#1_0;148.70;9.28;6759.00;3.42;-23142338#2_0;5.10;0.00;tripinfo_out_ns_to_as.47;254.00;out_ns_to_as.47;0;2009.37;0.87;0.00;43.69;car;;2;17.00
7013.00;230845886_0;633.12;11.46;6774.00;1.14;803785575#0_0;5.10;0.00;tripinfo_out_od_to_ba.9;239.00;out_od_to_ba.9;0;2382.14;1.07;0.00;37.36;car;;0;0.00
7018.00;23156030#6_0;109.07;9.50;6740.00;0.10;23687583_0;5.10;0.00;tripinfo_out_as_to_od.38;278.00;out_as_to_od.38;0;2357.31;0.97;0.00;58.33;car;;2;2.00
7018.00;41899283#1_0;148.70;10.44;6822.00;2.34;-45494495_0;5.10;0.00;tripinfo_out_os_to_as.57;196.00;out_os_to_as.57;0;1746.47;0.96;0.00;30.06;car;;1;4.00
7018.00;23156030#6_1;109.07;10.84;6922.00;0.56;-45494495_0;5.10;0.00;tripinfo_out_os_to_od.54;96.00;out_os_to_od.54;0;865.51;1.02;0.00;19.74;car;;1;1.00
7021.00;230845886_0;633.12;9.64;6834.00;1.85;-45494495_0;5.10;0.00;tripinfo_out_os_to_ba.50;187.00;out_os_to_ba.50;0;1746.52;0.92;0.00;15.57;car;;0;0.00
7023.00;230845886_0;633.12;9.63;6771.00;0.84;803785575#0_0;5.10;0.00;tripinfo_out_od_to_ba.8;252.00;out_od_to_ba.8;0;2382.14;0.93;0.00;20.84;car;;0;0.00
7026.00;23156030#6_0;109.07;8.24;6609.00;0.95;-23156305_0;5.10;0.00;tripinfo_out_gg_to_od.35;417.00;out_gg_to_od.35;0;3288.97;0.82;0.00;55.44;car;;2;9.00
7026.00;41899283#1_0;148.70;12.05;6822.00;3.08;-23142338#2_0;5.10;0.00;tripinfo_out_ns_to_as.48;204.00;out_ns_to_as.48;0;2009.37;1.09;0.00;35.63;car;;1;7.00
7026.00;23156030#6_1;109.07;10.16;6925.00;0.49;-45494495_0;5.10;0.00;tripinfo_out_os_to_od.55;101.00;out_os_to_od.55;0;865.51;0.93;0.00;17.09;car;;1;1.00
7027.00;28706217_0;94.10;7.56;6819.00;0.57;-23142338#2_0;5.10;0.00;tripinfo_out_ns_to_sl.9;208.00;out_ns_to_sl.9;0;1619.36;1.01;0.00;45.58;car;;2;21.00
7029.00;23156030#6_1;109.07;9.22;6779.00;0.26;-230845886_0;5.10;0.00;tripinfo_out_ba_to_od.39;250.00;out_ba_to_od.39;0;2315.50;0.93;0.00;25.45;car;;0;0.00
7031.00;23156030#6_0;109.07;8.14;6694.00;6.95;-28716808#1_0;5.10;0.00;tripinfo_out_kl_to_od.27;337.00;out_kl_to_od.27;0;2657.03;0.84;0.00;50.42;car;;1;9.00
7031.00;28706217_0;94.10;7.89;6831.00;0.76;-23142338#2_0;5.10;0.00;tripinfo_out_ns_to_sl.10;200.00;out_ns_to_sl.10;0;1619.36;0.98;0.00;32.74;car;;1;5.00
7031.00;45494495_0;58.90;12.21;6840.00;0.38;-230845886_0;5.10;0.00;tripinfo_out_ba_to_os.20;191.00;out_ba_to_os.20;0;1647.96;1.10;0.00;55.04;car;;1;18.00
7031.00;23156030#6_1;109.07;10.09;6938.00;1.05;-45494495_0;5.10;0.00;tripinfo_out_os_to_od.56;93.00;out_os_to_od.56;0;865.51;0.93;0.00;9.01;car;;0;0.00
7032.00;23142338#2_0;290.21;10.03;6829.00;0.87;23687583_0;5.10;0.00;tripinfo_out_as_to_ns.59;203.00;out_as_to_ns.59;0;1995.73;0.99;0.00;18.59;car;;0;0.00
7037.00;45494495_0;58.90;8.00;6698.00;0.56;-23156390_0;5.10;0.00;tripinfo_out_br_to_os.11;339.00;out_br_to_os.11;0;2237.62;0.78;0.00;77.67;car;;2;44.00
7037.00;23156030#6_0;109.07;10.21;6790.00;0.42;-23142338#2_0;5.10;0.00;tripinfo_out_ns_to_od.15;247.00;out_ns_to_od.15;0;2005.01;0.99;0.00;50.97;car;;3;14.00
7043.00;23156030#6_0;109.07;10.40;6799.00;0.66;-23142338#2_0;5.10;0.00;tripinfo_out_ns_to_od.16;244.00;out_ns_to_od.16;0;2005.01;0.94;0.00;37.72;car;;1;4.00
7044.00;230845886_0;633.12;9.98;6864.00;3.29;-45494495_0;5.10;0.00;tripinfo_out_os_to_ba.51;180.00;out_os_to_ba.51;0;1746.52;0.96;0.00;14.81;car;;0;0.00
7046.00;230845886_0;633.12;10.85;6883.00;3.06;23687583_0;5.10;0.00;tripinfo_out_as_to_ba.72;163.00;out_as_to_ba.72;0;1356.50;1.05;0.00;46.78;car;;3;10.00
7047.00;23156030#6_1;109.07;12.06;6748.00;0.90;-28716808#1_0;5.10;0.00;tripinfo_out_kl_to_od.30;299.00;out_kl_to_od.30;0;2657.03;1.14;0.00;88.27;car;;2;9.00
7049.00;23142338#2_0;290.21;11.67;6733.00;0.39;-23156305_0;5.10;0.00;tripinfo_out_gg_to_ns.29;316.00;out_gg_to_ns.29;0;2927.39;1.14;0.00;82.36;car;;3;29.00
7049.00;41899283#1_0;148.70;7.77;6864.00;1.44;-230845886_0;5.10;0.00;tripinfo_out_ba_to_as.39;185.00;out_ba_to_as.39;0;1430.78;0.77;0.00;16.15;car;;0;0.00
7049.00;230845886_0;633.12;10.36;6886.00;3.12;23687583_0;5.10;0.00;tripinfo_out_as_to_ba.73;163.00;out_as_to_ba.73;0;1356.50;1.03;0.00;43.73;car;;2;8.00
7052.00;23156030#6_0;109.07;9.55;6783.00;2.29;-230845886_0;5.10;0.00;tripinfo_out_ba_to_od.40;269.00;out_ba_to_od.40;0;2315.50;0.94;0.00;46.15;car;;0;0.00
7054.00;23156030#6_0;109.07;13.26;6663.00;0.39;-23156305_0;5.10;0.00;tripinfo_out_gg_to_od.36;391.00;out_gg_to_od.36;0;3288.97;1.23;0.00;149.68;car;;3;34.00
7054.00;23156030#6_1;109.07;10.92;6731.00;0.85;-28716808#1_0;5.10;0.00;tripinfo_out_kl_to_od.29;323.00;out_kl_to_od.29;0;2657.03;1.00;0.00;82.35;car;;3;5.00
7059.00;230845886_0;633.12;10.32;6874.00;0.68;-45494495_0;5.10;0.00;tripinfo_out_os_to_ba.52;185.00;out_os_to_ba.52;0;1746.52;0.97;0.00;22.39;car;;0;0.00
7060.00;23142338#2_0;290.21;11.37;6643.00;0.57;-23156390_0;5.10;0.00;tripinfo_out_br_to_ns.5;417.00;out_br_to_ns.5;0;2936.02;1.08;0.00;171.96;car;;4;95.00
7060.00;45494495_0;58.90;11.22;6972.00;0.15;803785575#0_0;5.10;0.00;tripinfo_out_od_to_os.27;88.00;out_od_to_os.27;0;969.96;1.10;0.00;7.72;car;;0;0.00
7061.00;230845886_0;633.12;12.42;6778.00;0.09;-23156305_0;5.10;0.00;tripinfo_out_gg_to_ba.29;283.00;out_gg_to_ba.29;0;2288.16;1.13;0.00;100.34;car;;4;43.00
7061.00;41899283#1_0;148.70;9.64;6887.00;0.85;-230845886_0;5.10;0.00;tripinfo_out_ba_to_as.40;174.00;out_ba_to_as.40;0;1430.78;0.91;0.00;31.99;car;;1;17.00
7063.00;23156030#6_0;109.07;7.90;6717.00;0.92;-28716808#1_0;5.10;0.00;tripinfo_out_kl_to_od.28;346.00;out_kl_to_od.28;0;2657.03;0.77;0.00;34.13;car;;2;3.00
7063.00;41899283#1_0;148.70;11.21;6893.00;0.31;-45494495_0;5.10;0.00;tripinfo_out_os_to_as.59;170.00;out_os_to_as.59;0;1746.47;1.08;0.00;23.68;car;;0;0.00
7066.00;41899283#1_0;148.70;9.61;6867.00;6.25;-45494495_0;5.10;0.00;tripinfo_out_os_to_as.58;199.00;out_os_to_as.58;0;1746.47;0.92;0.00;26.65;car;;1;1.00
7069.00;972103805_0;116.86;9.70;6648.00;0.48;-23156390_0;5.10;0.00;tripinfo_out_br_to_ko.20;421.00;out_br_to_ko.20;0;2703.95;0.96;0.00;166.09;car;;4;114.00
7069.00;230845886_0;633.12;9.58;6906.00;0.23;23687583_0;5.10;0.00;tripinfo_out_as_to_ba.74;163.00;out_as_to_ba.74;0;1356.50;0.96;0.00;35.37;car;;1;5.00
7070.00;23142338#2_0;290.21;9.35;6836.00;0.12;803785575#0_0;5.10;0.00;tripinfo_out_od_to_ns.7;234.00;out_od_to_ns.7;0;1928.29;0.94;0.00;37.19;car;;2;7.00
7070.00;230845886_0;633.12;11.73;6913.00;1.01;23687583_0;5.10;0.00;tripinfo_out_as_to_ba.75;157.00;out_as_to_ba.75;0;1356.50;1.15;0.00;51.00;car;;2;14.00
7071.00;972103805_0;116.86;11.48;6722.00;1.33;-23156390_0;5.10;0.00;tripinfo_out_br_to_ko.21;349.00;out_br_to_ko.21;0;2703.95;1.12;0.00;129.73;car;;3;27.00
7071.00;23142338#2_0;290.21;11.34;6861.00;0.48;-45494495_0;5.10;0.00;tripinfo_out_os_to_ns.8;210.00;out_os_to_ns.8;0;1665.91;1.21;0.00;75.11;car;;2;5.00
7073.00;23156030#6_1;109.07;10.06;6792.00;0.38;23687583_0;5.10;0.00;tripinfo_out_as_to_od.40;281.00;out_as_to_od.40;0;2357.31;1.00;0.00;67.95;car;;3;9.00
7075.00;23156030#6_0;109.07;9.37;6640.00;0.52;-23156390_0;5.10;0.00;tripinfo_out_br_to_od.37;435.00;out_br_to_od.37;0;2905.16;0.90;0.00;142.66;car;;3;85.00
7075.00;23156030#6_1;109.07;11.56;6809.00;0.36;23687583_0;5.10;0.00;tripinfo_out_as_to_od.41;266.00;out_as_to_od.41;0;2357.31;1.13;0.00;78.13;car;;2;11.00
7077.00;23156030#6_1;109.07;12.23;6686.00;0.40;-23156305_0;5.10;0.00;tripinfo_out_gg_to_od.37;391.00;out_gg_to_od.37;0;3288.97;1.12;0.00;126.17;car;;4;34.00
7078.00;23156030#6_0;109.07;9.80;6787.00;0.03;23687583_0;5.10;0.00;tripinfo_out_as_to_od.39;291.00;out_as_to_od.39;0;2357.31;0.89;0.00;50.39;car;;2;9.00
7080.00;23156030#6_0;109.07;9.65;6982.00;1.06;-45494495_0;5.10;0.00;tripinfo_out_os_to_od.57;98.00;out_os_to_od.57;0;865.51;0.92;0.00;12.95;car;;0;0.00
7082.00;230845886_0;633.12;12.02;6855.00;0.33;-23156390_0;5.10;0.00;tripinfo_out_br_to_ba.5;227.00;out_br_to_ba.5;0;1904.35;1.14;0.00;75.50;car;;1;40.00
7083.00;41899283#1_0;148.70;11.57;6856.00;2.41;-23142338#2_0;5.10;0.00;tripinfo_out_ns_to_as.49;227.00;out_ns_to_as.49;0;2009.37;1.04;0.00;51.53;car;;2;13.00
7085.00;23156030#6_1;109.07;13.69;7013.00;0.64;-45494495_0;5.10;0.00;tripinfo_out_os_to_od.58;72.00;out_os_to_od.58;0;865.51;1.26;0.00;9.46;car;;0;0.00
7087.00;23156030#6_0;109.07;9.24;6765.00;0.67;-28716808#1_0;5.10;0.00;tripinfo_out_kl_to_od.31;322.00;out_kl_to_od.31;0;2657.03;0.89;0.00;53.35;car;;2;9.00
7088.00;972103805_0;116.86;11.30;6877.00;0.62;-28716808#1_0;5.10;0.00;tripinfo_out_kl_to_ko.23;211.00;out_kl_to_ko.23;0;1927.03;1.03;0.00;41.22;car;;2;9.00
7094.00;23156030#6_0;109.07;11.43;6693.00;0.16;-23156305_0;5.10;0.00;tripinfo_out_gg_to_od.38;401.00;out_gg_to_od.38;0;3288.97;1.09;0.00;128.44;car;;4;37.00
7094.00;972103805_0;116.86;10.12;6784.00;1.12;-23156305_0;5.10;0.00;tripinfo_out_gg_to_ko.15;310.00;out_gg_to_ko.15;0;2416.59;0.99;0.00;87.44;car;;2;51.00
7094.00;45494495_0;58.90;10.80;6996.00;0.60;803785575#0_0;5.10;0.00;tripinfo_out_od_to_os.28;98.00;out_od_to_os.28;0;969.96;0.98;0.00;8.23;car;;0;0.00
7097.00;45494495_0;58.90;9.92;6889.00;0.50;23687583_0;5.10;0.00;tripinfo_out_as_to_os.18;208.00;out_as_to_os.18;0;1689.77;0.96;0.00;48.66;car;;1;6.00
7098.00;41899283#1_0;148.70;9.81;6912.00;0.65;-45494495_0;5.10;0.00;tripinfo_out_os_to_as.60;186.00;out_os_to_as.60;0;1746.47;0.97;0.00;22.56;car;;1;3.00
7100.00;23142338#2_0;290.21;11.46;6896.00;0.25;23687583_0;5.10;0.00;tripinfo_out_as_to_ns.60;204.00;out_as_to_ns.60;0;1995.73;1.07;0.00;34.15;car;;2;10.00
7103.00;41899283#1_0;148.70;9.72;6848.00;0.02;-23156390_0;5.10;0.00;tripinfo_out_br_to_as.10;255.00;out_br_to_as.10;0;2020.44;0.95;0.00;61.49;car;;1;42.00
7105.00;23156030#6_0;109.07;10.49;7016.00;0.75;-45494495_0;5.10;0.00;tripinfo_out_os_to_od.59;89.00;out_os_to_od.59;0;865.51;0.96;0.00;7.20;car;;0;0.00
7108.00;230845886_0;633.12;9.47;6864.00;0.91;-23156305_0;5.10;0.00;tripinfo_out_gg_to_ba.30;244.00;out_gg_to_ba.30;0;2288.16;0.96;0.00;28.15;car;;0;0.00
7109.00;972103805_0;116.86;12.93;6858.00;0.49;-23156305_0;5.10;0.00;tripinfo_out_gg_to_ko.16;251.00;out_gg_to_ko.16;0;2416.59;1.16;0.00;61.72;car;;0;0.00
7113.00;28706217_0;94.10;7.21;7023.00;3.30;803785575#0_0;5.10;0.00;tripinfo_out_od_to_sl.8;90.00;out_od_to_sl.8;0;747.33;0.89;0.00;8.89;car;;0;0.00
7115.00;28706217_0;94.10;8.31;7031.00;0.30;803785575#0_0;5.10;0.00;tripinfo_out_od_to_sl.9;84.00;out_od_to_sl.9;0;747.33;1.05;0.00;14.81;car;;0;0.00
7117.00;230845886_0;633.12;8.69;6853.00;0.17;-23142338#2_0;5.10;0.00;tripinfo_out_ns_to_ba.30;264.00;out_ns_to_ba.30;0;2340.42;0.89;0.00;28.74;car;;1;6.00
7119.00;28706217_0;94.10;7.14;6736.00;2.93;-23156305_0;5.10;0.00;tripinfo_out_gg_to_sl.19;383.00;out_gg_to_sl.19;0;2908.41;0.95;0.00;100.54;car;;4;45.00
7119.00;23156030#6_0;109.07;9.38;6868.00;0.75;-23142338#2_0;5.10;0.00;tripinfo_out_ns_to_od.17;251.00;out_ns_to_od.17;0;2005.01;0.91;0.00;37.90;car;;2;8.00
7119.00;230845886_0;633.12;11.51;6928.00;0.54;-45494495_0;5.10;0.00;tripinfo_out_os_to_ba.53;191.00;out_os_to_ba.53;0;1746.52;1.05;0.00;40.20;car;;0;0.00
7123.00;230845886_0;633.12;9.13;6935.00;0.12;-45494495_0;5.10;0.00;tripinfo_out_os_to_ba.54;188.00;out_os_to_ba.54;0;1746.52;0.92;0.00;15.94;car;;0;0.00
7124.00;28706217_0;94.10;8.28;6864.00;0.93;23687583_0;5.10;0.00;tripinfo_out_as_to_sl.24;260.00;out_as_to_sl.24;0;1976.75;1.01;0.00;78.03;car;;4;22.00
7129.00;28706217_0;94.10;7.77;6867.00;1.47;23687583_0;5.10;0.00;tripinfo_out_as_to_sl.25;262.00;out_as_to_sl.25;0;1976.75;0.94;0.00;66.80;car;;2;14.00
7129.00;23142338#2_0;290.21;9.55;6884.00;0.48;-45494495_0;5.10;0.00;tripinfo_out_os_to_ns.9;245.00;out_os_to_ns.9;0;1665.91;0.92;0.00;68.01;car;;3;39.00
7131.00;23142338#2_0;290.21;10.91;6867.00;1.01;-230845886_0;5.10;0.00;tripinfo_out_ba_to_ns.6;264.00;out_ba_to_ns.6;0;2346.36;1.01;0.00;52.23;car;;1;5.00
7132.00;28706217_0;94.10;7.53;6880.00;0.90;23687583_0;5.10;0.00;tripinfo_out_as_to_sl.26;252.00;out_as_to_sl.26;0;1976.75;0.94;0.00;57.47;car;;3;9.00
7138.00;41899283#1_0;148.70;9.21;6904.00;0.38;-23156390_0;5.10;0.00;tripinfo_out_br_to_as.11;234.00;out_br_to_as.11;0;2020.44;0.95;0.00;40.44;car;;2;15.00
7142.00;23142338#2_0;290.21;9.62;6754.00;0.37;-23156305_0;5.10;0.00;tripinfo_out_gg_to_ns.30;388.00;out_gg_to_ns.30;0;2927.39;0.87;0.00;81.75;car;;4;41.00
7142.00;230845886_0;633.12;9.43;6949.00;1.31;-45494495_0;5.10;0.00;tripinfo_out_os_to_ba.55;193.00;out_os_to_ba.55;0;1746.52;0.95;0.00;26.59;car;;1;7.00
7143.00;230845886_0;633.12;11.83;6963.00;0.71;-45494495_0;5.10;0.00;tripinfo_out_os_to_ba.56;180.00;out_os_to_ba.56;0;1746.52;1.16;0.00;43.57;car;;1;6.00
7144.00;23142338#2_0;290.21;10.06;6781.00;2.53;-23156305_0;5.10;0.00;tripinfo_out_gg_to_ns.31;363.00;out_gg_to_ns.31;0;2927.39;1.01;0.00;99.40;car;;4;40.00
7146.00;23142338#2_0;290.21;11.36;6921.00;2.64;23687583_0;5.10;0.00;tripinfo_out_as_to_ns.61;225.00;out_as_to_ns.61;0;1995.73;1.13;0.00;64.44;car;;2;4.00
7146.00;45494495_0;58.90;11.86;6948.00;0.17;-230845886_0;5.10;0.00;tripinfo_out_ba_to_os.21;198.00;out_ba_to_os.21;0;1647.96;1.11;0.00;63.81;car;;3;23.00
7148.00;972103805_0;116.86;11.02;6947.00;0.34;-28716808#1_0;5.10;0.00;tripinfo_out_kl_to_ko.24;201.00;out_kl_to_ko.24;0;1927.03;1.06;0.00;36.58;car;;1;6.00
7149.00;23156030#6_0;109.07;10.12;6697.00;0.73;-23156305_0;5.10;0.00;tripinfo_out_gg_to_od.39;452.00;out_gg_to_od.39;0;3288.97;1.03;0.00;162.18;car;;7;84.00
7149.00;41899283#1_0;148.70;8.09;6959.00;4.53;-230845886_0;5.10;0.00;tripinfo_out_ba_to_as.41;190.00;out_ba_to_as.41;0;1430.78;0.75;0.00;17.41;car;;0;0.00
7150.00;28706217_0;94.10;6.67;6902.00;0.21;23687583_0;5.10;0.00;tripinfo_out_as_to_sl.27;248.00;out_as_to_sl.27;0;1976.75;0.88;0.00;39.42;car;;1;6.00
7151.00;23156030#6_1;109.07;10.84;6741.00;0.90;-23156305_0;5.10;0.00;tripinfo_out_gg_to_od.41;410.00;out_gg_to_od.41;0;3288.97;1.06;0.00;130.77;car;;4;45.00
7151.00;41899283#1_0;148.70;9.28;6879.00;0.72;803785575#0_0;5.10;0.00;tripinfo_out_od_to_as.27;272.00;out_od_to_as.27;0;2382.09;0.94;0.00;42.94;car;;1;10.00
7151.00;23142338#2_0;290.21;12.12;6963.00;2.27;23687583_0;5.10;0.00;tripinfo_out_as_to_ns.62;188.00;out_as_to_ns.62;0;1995.73;1.16;0.00;31.03;car;;2;5.00
7153.00;23156030#6_1;109.07;10.67;6750.00;0.32;-23156305_0;5.10;0.00;tripinfo_out_gg_to_od.42;403.00;out_gg_to_od.42;0;3288.97;1.06;0.00;123.46;car;;5;45.00
7153.00;41899283#1_0;148.70;9.61;6939.00;0.43;-23142338#2_0;5.10;0.00;tripinfo_out_ns_to_as.50;214.00;out_ns_to_as.50;0;2009.37;0.97;0.00;25.93;car;;0;0.00
7155.00;23156030#6_1;109.07;11.30;6876.00;0.49;23687583_0;5.10;0.00;tripinfo_out_as_to_od.42;279.00;out_as_to_od.42;0;2357.31;1.05;0.00;77.41;car;;3;18.00
7155.00;41899283#1_0;148.70;11.02;6980.00;0.33;-23156305_0;5.10;0.00;tripinfo_out_gg_to_as.15;175.00;out_gg_to_as.15;0;1699.56;1.02;0.00;22.46;car;;0;0.00
7157.00;23156030#6_0;109.07;9.14;6788.00;0.01;-23156390_0;5.10;0.00;tripinfo_out_br_to_od.38;369.00;out_br_to_od.38;0;2905.16;0.87;0.00;66.07;car;;2;34.00
7157.00;41899283#1_0;148.70;11.81;7013.00;5.69;-230845886_0;5.10;0.00;tripinfo_out_ba_to_as.42;144.00;out_ba_to_as.42;0;1430.78;1.07;0.00;22.55;car;;1;1.00
7158.00;23156030#6_0;109.07;10.61;6706.00;0.51;-23156305_0;5.10;0.00;tripinfo_out_gg_to_od.40;452.00;out_gg_to_od.40;0;3288.97;0.97;0.00;147.14;car;;6;72.00
7159.00;41899283#1_0;148.70;10.13;6944.00;0.00;-23156390_0;5.10;0.00;tripinfo_out_br_to_as.12;215.00;out_br_to_as.12;0;2020.44;1.00;0.00;31.29;car;;1;8.00
7159.00;230845886_0;633.12;9.27;6967.00;0.14;-45494495_0;5.10;0.00;tripinfo_out_os_to_ba.57;192.00;out_os_to_ba.57;0;1746.52;0.92;0.00;20.73;car;;0;0.00
7161.00;230845886_0;633.12;11.10;6883.00;0.81;-23156305_0;5.10;0.00;tripinfo_out_gg_to_ba.31;278.00;out_gg_to_ba.31;0;2288.16;1.02;0.00;75.58;car;;2;43.00
7161.00;41899283#1_0;148.70;11.36;7029.00;0.76;-230845886_0;5.10;0.00;tripinfo_out_ba_to_as.43;132.00;out_ba_to_as.43;0;1430.78;1.12;0.00;15.87;car;;0;0.00
7161.00;23156030#6_0;109.07;11.09;7065.00;0.34;-45494495_0;5.10;0.00;tripinfo_out_os_to_od.61;96.00;out_os_to_od.61;0;865.51;1.04;0.00;20.94;car;;0;0.00
7164.00;23156030#6_0;109.07;10.21;7068.00;1.55;-45494495_0;5.10;0.00;tripinfo_out_os_to_od.62;96.00;out_os_to_od.62;0;865.51;1.01;0.00;18.74;car;;1;1.00
7165.00;28706217_0;94.10;6.51;6918.00;1.10;23687583_0;5.10;0.00;tripinfo_out_as_to_sl.28;247.00;out_as_to_sl.28;0;1976.75;0.92;0.00;47.28;car;;3;12.00
7168.00;972103805_0;116.86;10.42;6851.00;1.21;-23156390_0;5.10;0.00;tripinfo_out_br_to_ko.22;317.00;out_br_to_ko.22;0;2703.95;1.05;0.00;82.76;car;;1;41.00
7168.00;28706217_0;94.10;7.73;6933.00;2.12;23687583_0;5.10;0.00;tripinfo_out_as_to_sl.30;235.00;out_as_to_sl.30;0;1976.75;1.00;0.00;50.34;car;;2;7.00
7169.00;23156030#6_1;109.07;10.18;6891.00;3.17;-230845886_0;5.10;0.00;tripinfo_out_ba_to_od.41;278.00;out_ba_to_od.41;0;2315.50;1.00;0.00;69.70;car;;2;21.00
7171.00;23156030#6_1;109.07;11.54;6901.00;2.58;-230845886_0;5.10;0.00;tripinfo_out_ba_to_od.42;270.00;out_ba_to_od.42;0;2315.50;1.05;0.00;69.73;car;;3;21.00
7172.00;23156030#6_0;109.07;8.91;7052.00;0.86;-45494495_0;5.10;0.00;tripinfo_out_os_to_od.60;120.00;out_os_to_od.60;0;865.51;0.83;0.00;26.30;car;;3;7.00
7173.00;23156030#6_1;109.07;11.27;6906.00;0.45;-28716808#1_0;5.10;0.00;tripinfo_out_kl_to_od.33;267.00;out_kl_to_od.33;0;2657.03;1.08;0.00;44.28;car;;0;0.00
7174.00;230845886_0;633.12;10.85;7022.00;1.73;23687583_0;5.10;0.00;tripinfo_out_as_to_ba.76;152.00;out_as_to_ba.76;0;1356.50;1.03;0.00;33.15;car;;1;11.00
7175.00;23156030#6_1;109.07;11.87;6928.00;0.91;-230845886_0;5.10;0.00;tripinfo_out_ba_to_od.43;247.00;out_ba_to_od.43;0;2315.50;1.08;0.00;52.24;car;;2;11.00
7176.00;23156030#6_0;109.07;8.44;6854.00;0.21;-28716808#1_0;5.10;0.00;tripinfo_out_kl_to_od.32;322.00;out_kl_to_od.32;0;2657.03;0.87;0.00;44.60;car;;1;4.00
7177.00;28706217_0;94.10;7.30;6924.00;3.38;23687583_0;5.10;0.00;tripinfo_out_as_to_sl.29;253.00;out_as_to_sl.29;0;1976.75;0.98;0.00;65.63;car;;4;9.00
7178.00;23156030#6_0;109.07;11.32;6774.00;0.09;-23156305_0;5.10;0.00;tripinfo_out_gg_to_od.43;404.00;out_gg_to_od.43;0;3288.97;1.02;0.00;112.41;car;;3;35.00
7182.00;23142338#2_0;290.21;12.05;6931.00;1.88;-230845886_0;5.10;0.00;tripinfo_out_ba_to_ns.7;251.00;out_ba_to_ns.7;0;2346.36;1.14;0.00;65.01;car;;3;21.00
7182.00;230845886_0;633.12;10.13;7030.00;0.51;23687583_0;5.10;0.00;tripinfo_out_as_to_ba.77;152.00;out_as_to_ba.77;0;1356.50;1.02;0.00;32.28;car;;1;7.00
7183.00;41899283#1_0;148.70;9.34;6966.00;0.99;-23156390_0;5.10;0.00;tripinfo_out_br_to_as.13;217.00;out_br_to_as.13;0;2020.44;0.92;0.00;18.89;car;;0;0.00
7183.00;45494495_0;58.90;9.57;7016.00;6.81;-230845886_0;5.10;0.00;tripinfo_out_ba_to_os.22;167.00;out_ba_to_os.22;0;1647.96;0.98;0.00;14.37;car;;0;0.00
7184.00;23142338#2_0;290.21;13.02;6858.00;2.87;-23156390_0;5.10;0.00;tripinfo_out_br_to_ns.6;326.00;out_br_to_ns.6;0;2936.02;1.19;0.00;102.18;car;;2;46.00
7184.00;230845886_0;633.12;12.50;7019.00;1.93;-45494495_0;5.10;0.00;tripinfo_out_os_to_ba.58;165.00;out_os_to_ba.58;0;1746.52;1.20;0.00;32.69;car;;0;0.00
7185.00;41899283#1_0;148.70;10.25;6975.00;0.18;-23156390_0;5.10;0.00;tripinfo_out_br_to_as.14;210.00;out_br_to_as.14;0;2020.44;1.04;0.00;33.99;car;;0;0.00
7190.00;23156030#6_0;109.07;10.87;6942.00;0.60;-230845886_0;5.10;0.00;tripinfo_out_ba_to_od.44;248.00;out_ba_to_od.44;0;2315.50;1.04;0.00;47.71;car;;2;17.00
7191.00;28706217_0;94.10;7.61;6971.00;0.41;23687583_0;5.10;0.00;tripinfo_out_as_to_sl.31;220.00;out_as_to_sl.31;0;1976.75;1.02;0.00;40.72;car;;2;10.00
7196.00;45494495_0;58.90;11.29;6890.00;0.83;-23156305_0;5.10;0.00;tripinfo_out_gg_to_os.19;306.00;out_gg_to_os.19;0;2621.43;1.04;0.00;78.13;car;;2;31.00
7201.00;41899283#1_0;148.70;9.19;7006.00;0.88;-45494495_0;5.10;0.00;tripinfo_out_os_to_as.62;195.00;out_os_to_as.62;0;1746.47;0.90;0.00;18.95;car;;0;0.00
7202.00;28706217_0;94.10;6.97;6974.00;2.76;23687583_0;5.10;0.00;tripinfo_out_as_to_sl.32;228.00;out_as_to_sl.32;0;1976.75;0.94;0.00;33.08;car;;2;6.00
7203.00;41899283#1_0;148.70;9.37;6986.00;2.88;-45494495_0;5.10;0.00;tripinfo_out_os_to_as.61;217.00;out_os_to_as.61;0;1746.47;0.91;0.00;42.40;car;;2;10.00
7204.00;28706217_0;94.10;9.88;7001.00;2.57;23687583_0;5.10;0.00;tripinfo_out_as_to_sl.33;203.00;out_as_to_sl.33;0;1976.75;1.21;0.00;51.12;car;;1;3.00
7205.00;41899283#1_0;148.70;11.23;7053.00;0.47;-230845886_0;5.10;0.00;tripinfo_out_ba_to_as.44;152.00;out_ba_to_as.44;0;1430.78;1.02;0.00;24.24;car;;1;1.00
7206.00;230845886_0;633.12;11.36;6983.00;3.32;-23156305_0;5.10;0.00;tripinfo_out_gg_to_ba.32;223.00;out_gg_to_ba.32;0;2288.16;1.13;0.00;40.41;car;;1;10.00
7207.00;23142338#2_0;290.21;9.32;6851.00;0.67;-23156305_0;5.10;0.00;tripinfo_out_gg_to_ns.32;356.00;out_gg_to_ns.32;0;2927.39;0.87;0.00;49.21;car;;2;11.00
7209.00;972103805_0;116.86;10.66;6998.00;0.06;-28716808#1_0;5.10;0.00;tripinfo_out_kl_to_ko.25;211.00;out_kl_to_ko.25;0;1927.03;0.99;0.00;34.23;car;;2;10.00
7222.00;23156030#6_1;109.07;12.76;6999.00;0.28;-230845886_0;5.10;0.00;tripinfo_out_ba_to_od.45;223.00;out_ba_to_od.45;0;2315.50;1.28;0.00;55.12;car;;2;9.00
7222.00;28706217_0;94.10;8.63;7043.00;0.57;-23142338#2_0;5.10;0.00;tripinfo_out_ns_to_sl.11;179.00;out_ns_to_sl.11;0;1619.36;1.04;0.00;21.62;car;;0;0.00
7225.00;23156030#6_0;109.07;10.82;6943.00;0.05;23687583_0;5.10;0.00;tripinfo_out_as_to_od.43;282.00;out_as_to_od.43;0;2357.31;1.01;0.00;71.46;car;;3;18.00
7227.00;23156030#6_1;109.07;11.73;6915.00;0.07;-23156390_0;5.10;0.00;tripinfo_out_br_to_od.39;312.00;out_br_to_od.39;0;2905.16;1.07;0.00;66.15;car;;3;21.00
7227.00;23142338#2_0;290.21;9.73;6998.00;1.37;23687583_0;5.10;0.00;tripinfo_out_as_to_ns.63;229.00;out_as_to_ns.63;0;1995.73;0.91;0.00;28.02;car;;1;4.00
7229.00;23142338#2_0;290.21;10.68;7004.00;1.76;23687583_0;5.10;0.00;tripinfo_out_as_to_ns.64;225.00;out_as_to_ns.64;0;1995.73;1.00;0.00;44.01;car;;1;3.00
7230.00;23156030#6_0;109.07;8.86;6787.00;4.03;-23156305_0;5.10;0.00;tripinfo_out_gg_to_od.44;443.00;out_gg_to_od.44;0;3288.97;0.90;0.00;111.82;car;;5;58.00
7230.00;23156030#6_1;109.07;11.24;7138.00;1.49;-45494495_0;5.10;0.00;tripinfo_out_os_to_od.64;92.00;out_os_to_od.64;0;865.51;1.09;0.00;19.94;car;;1;4.00
7231.00;230845886_0;633.12;9.51;6984.00;1.37;-23142338#2_0;5.10;0.00;tripinfo_out_ns_to_ba.31;247.00;out_ns_to_ba.31;0;2340.42;0.95;0.00;26.08;car;;1;5.00
7231.00;23142338#2_0;290.21;10.75;7007.00;3.66;23687583_0;5.10;0.00;tripinfo_out_as_to_ns.65;224.00;out_as_to_ns.65;0;1995.73;0.98;0.00;38.17;car;;2;7.00
7232.00;23156030#6_0;109.07;11.05;6826.00;0.90;-23156305_0;5.10;0.00;tripinfo_out_gg_to_od.45;406.00;out_gg_to_od.45;0;3288.97;1.11;0.00;137.76;car;;4;50.00
7233.00;230845886_0;633.12;11.60;7084.00;0.91;23687583_0;5.10;0.00;tripinfo_out_as_to_ba.78;149.00;out_as_to_ba.78;0;1356.50;1.08;0.00;35.32;car;;1;3.00
7234.00;23156030#6_0;109.07;10.72;7123.00;0.96;-45494495_0;5.10;0.00;tripinfo_out_os_to_od.63;111.00;out_os_to_od.63;0;865.51;0.98;0.00;31.19;car;;1;6.00
7236.00;45494495_0;58.90;9.88;7138.00;0.49;803785575#0_0;5.10;0.00;tripinfo_out_od_to_os.29;98.00;out_od_to_os.29;0;969.96;0.99;0.00;8.79;car;;0;0.00
7237.00;23142338#2_0;290.21;11.36;7013.00;0.18;23687583_0;5.10;0.00;tripinfo_out_as_to_ns.66;224.00;out_as_to_ns.66;0;1995.73;1.07;0.00;53.18;car;;3;15.00
7237.00;23156030#6_0;109.07;10.38;7141.00;1.33;-45494495_0;5.10;0.00;tripinfo_out_os_to_od.65;96.00;out_os_to_od.65;0;865.51;1.00;0.00;17.21;car;;1;4.00
7238.00;23156030#6_1;109.07;10.71;7006.00;0.00;-230845886_0;5.10;0.00;tripinfo_out_ba_to_od.46;232.00;out_ba_to_od.46;0;2315.50;1.07;0.00;36.36;car;;1;1.00
7239.00;23142338#2_0;290.21;11.63;6877.00;0.78;-23156305_0;5.10;0.00;tripinfo_out_gg_to_ns.33;362.00;out_gg_to_ns.33;0;2927.39;1.07;0.00;112.01;car;;3;51.00
7240.00;23156030#6_1;109.07;11.76;6947.00;1.73;-23156390_0;5.10;0.00;tripinfo_out_br_to_od.40;293.00;out_br_to_od.40;0;2905.16;1.11;0.00;56.37;car;;1;1.00
7243.00;23156030#6_1;109.07;11.13;7156.00;0.42;-45494495_0;5.10;0.00;tripinfo_out_os_to_od.66;87.00;out_os_to_od.66;0;865.51;1.04;0.00;11.71;car;;0;0.00
7246.00;23156030#6_0;109.07;9.61;6985.00;1.54;23687583_0;5.10;0.00;tripinfo_out_as_to_od.44;261.00;out_as_to_od.44;0;2357.31;0.89;0.00;23.34;car;;0;0.00
7252.00;972103805_0;116.86;11.02;7076.00;0.05;-28716808#1_0;5.10;0.00;tripinfo_out_kl_to_ko.26;176.00;out_kl_to_ko.26;0;1927.03;1.09;0.00;16.22;car;;0;0.00
7258.00;41899283#1_0;148.70;10.17;7055.00;1.70;-45494495_0;5.10;0.00;tripinfo_out_os_to_as.63;203.00;out_os_to_as.63;0;1746.47;0.94;0.00;34.20;car;;2;6.00
7258.00;45494495_0;58.90;9.28;7148.00;0.61;803785575#0_0;5.10;0.00;tripinfo_out_od_to_os.30;110.00;out_od_to_os.30;0;969.96;0.87;0.00;9.29;car;;0;0.00
7259.00;230845886_0;633.12;9.92;7123.00;1.99;23687583_0;5.10;0.00;tripinfo_out_as_to_ba.79;136.00;out_as_to_ba.79;0;1356.50;0.98;0.00;11.24;car;;0;0.00
7261.00;230845886_0;633.12;11.57;7018.00;0.05;-23156305_0;5.10;0.00;tripinfo_out_gg_to_ba.33;243.00;out_gg_to_ba.33;0;2288.16;1.05;0.00;47.13;car;;2;14.00
7266.00;41899283#1_0;148.70;7.93;7087.00;1.41;-230845886_0;5.10;0.00;tripinfo_out_ba_to_as.45;179.00;out_ba_to_as.45;0;1430.78;0.82;0.00;21.16;car;;1;2.00
7267.00;41899283#1_0;148.70;9.04;7063.00;5.14;-45494495_0;5.10;0.00;tripinfo_out_os_to_as.64;204.00;out_os_to_as.64;0;1746.47;0.94;0.00;35.56;car;;1;2.00
7268.00;23156030#6_1;109.07;10.46;6886.00;3.59;-23156305_0;5.10;0.00;tripinfo_out_gg_to_od.46;382.00;out_gg_to_od.46;0;3288.97;0.95;0.00;69.61;car;;2;32.00
7268.00;972103805_0;116.86;10.15;6986.00;5.88;-23156305_0;5.10;0.00;tripinfo_out_gg_to_ko.17;282.00;out_gg_to_ko.17;0;2416.59;0.97;0.00;57.12;car;;1;25.00
7268.00;23156030#6_0;109.07;9.57;7167.00;0.20;-45494495_0;5.10;0.00;tripinfo_out_os_to_od.67;101.00;out_os_to_od.67;0;865.51;0.92;0.00;15.83;car;;1;4.00
7269.00;41899283#1_0;148.70;10.93;7020.00;0.88;803785575#0_0;5.10;0.00;tripinfo_out_od_to_as.28;249.00;out_od_to_as.28;0;2382.09;1.00;0.00;34.22;car;;0;0.00
7269.00;23142338#2_0;290.21;9.91;7060.00;3.17;-45494495_0;5.10;0.00;tripinfo_out_os_to_ns.10;209.00;out_os_to_ns.10;0;1665.91;1.00;0.00;47.45;car;;1;7.00
7271.00;23142338#2_0;290.21;12.11;7070.00;1.68;803785575#0_0;5.10;0.00;tripinfo_out_od_to_ns.8;201.00;out_od_to_ns.8;0;1928.29;1.15;0.00;39.23;car;;1;6.00
7281.00;41899283#1_0;148.70;9.76;7075.00;3.11;-45494495_0;5.10;0.00;tripinfo_out_os_to_as.65;206.00;out_os_to_as.65;0;1746.47;0.90;0.00;30.61;car;;1;1.00
7281.00;28706217_0;94.10;8.70;7084.00;0.40;-230845886_0;5.10;0.00;tripinfo_out_ba_to_sl.9;197.00;out_ba_to_sl.9;0;1934.94;1.11;0.00;34.93;car;;0;0.00
7283.00;41899283#1_0;148.70;10.31;7109.00;2.43;-230845886_0;5.10;0.00;tripinfo_out_ba_to_as.46;174.00;out_ba_to_as.46;0;1430.78;0.98;0.00;41.05;car;;2;18.00
7290.00;41899283#1_0;148.70;11.78;7048.00;0.99;803785575#0_0;5.10;0.00;tripinfo_out_od_to_as.29;242.00;out_od_to_as.29;0;2382.09;1.12;0.00;49.85;car;;1;10.00
7292.00;41899283#1_0;148.70;12.46;7078.00;2.84;-45494495_0;5.10;0.00;tripinfo_out_os_to_as.66;214.00;out_os_to_as.66;0;1746.47;1.20;0.00;82.07;car;;3;21.00
7293.00;23142338#2_0;290.21;8.47;7020.00;0.48;23687583_0;5.10;0.00;tripinfo_out_as_to_ns.67;273.00;out_as_to_ns.67;0;1995.73;0.80;0.00;44.81;car;;3;14.00
7293.00;45494495_0;58.90;8.60;7069.00;0.15;23687583_0;5.10;0.00;tripinfo_out_as_to_os.19;224.00;out_as_to_os.19;0;1689.77;0.79;0.00;30.03;car;;2;5.00
7294.00;230845886_0;633.12;8.14;7072.00;2.63;-45494495_0;5.10;0.00;tripinfo_out_os_to_ba.59;222.00;out_os_to_ba.59;0;1746.52;0.85;0.00;35.74;car;;1;7.00
7295.00;45494495_0;58.90;9.10;7018.00;0.69;-23156390_0;5.10;0.00;tripinfo_out_br_to_os.12;277.00;out_br_to_os.12;0;2237.62;0.86;0.00;41.91;car;;2;4.00
7295.00;23142338#2_0;290.21;9.28;7043.00;1.37;23687583_0;5.10;0.00;tripinfo_out_as_to_ns.68;252.00;out_as_to_ns.68;0;1995.73;0.88;0.00;45.32;car;;2;18.00
7297.00;45494495_0;58.90;8.31;7093.00;0.34;23687583_0;5.10;0.00;tripinfo_out_as_to_os.20;204.00;out_as_to_os.20;0;1689.77;0.82;0.00;17.19;car;;0;0.00
7297.00;28706217_0;94.10;8.61;7225.00;0.49;803785575#0_0;5.10;0.00;tripinfo_out_od_to_sl.10;72.00;out_od_to_sl.10;0;747.33;1.11;0.00;6.49;car;;0;0.00
7298.00;41899283#1_0;148.70;10.64;7064.00;0.53;803785575#0_0;5.10;0.00;tripinfo_out_od_to_as.30;234.00;out_od_to_as.30;0;2382.09;1.03;0.00;23.67;car;;1;1.00
7299.00;45494495_0;58.90;9.56;7052.00;0.19;-23156390_0;5.10;0.00;tripinfo_out_br_to_os.13;247.00;out_br_to_os.13;0;2237.62;0.96;0.00;35.15;car;;0;0.00
7301.00;45494495_0;58.90;8.89;7090.00;3.65;-230845886_0;5.10;0.00;tripinfo_out_ba_to_os.23;211.00;out_ba_to_os.23;0;1647.96;0.90;0.00;46.49;car;;1;15.00
7303.00;45494495_0;58.90;10.55;7093.00;1.29;-230845886_0;5.10;0.00;tripinfo_out_ba_to_os.24;210.00;out_ba_to_os.24;0;1647.96;0.97;0.00;56.97;car;;1;15.00
7314.00;23156030#6_0;109.07;11.35;7062.00;0.77;-230845886_0;5.10;0.00;tripinfo_out_ba_to_od.47;252.00;out_ba_to_od.47;0;2315.50;1.02;0.00;47.84;car;;1;12.00
7315.00;23156030#6_1;109.07;11.63;6950.00;0.05;-23156305_0;5.10;0.00;tripinfo_out_gg_to_od.47;365.00;out_gg_to_od.47;0;3288.97;1.06;0.00;83.97;car;;3;29.00
7316.00;41899283#1_0;148.70;9.59;7180.00;0.67;-28716808#1_0;5.10;0.00;tripinfo_out_kl_to_as.21;136.00;out_kl_to_as.21;0;1233.18;0.90;0.00;11.46;car;;0;0.00
7318.00;41899283#1_0;148.70;10.08;7067.00;2.60;803785575#0_0;5.10;0.00;tripinfo_out_od_to_as.31;251.00;out_od_to_as.31;0;2382.09;0.97;0.00;28.03;car;;1;3.00
7318.00;230845886_0;633.12;9.38;7074.00;0.69;-23142338#2_0;5.10;0.00;tripinfo_out_ns_to_ba.32;244.00;out_ns_to_ba.32;0;2340.42;0.94;0.00;19.72;car;;0;0.00
7320.00;23156030#6_1;109.07;11.12;7013.00;0.25;-23156390_0;5.10;0.00;tripinfo_out_br_to_od.41;307.00;out_br_to_od.41;0;2905.16;1.00;0.00;44.81;car;;1;2.00
7320.00;230845886_0;633.12;11.38;7099.00;0.30;803785575#0_0;5.10;0.00;tripinfo_out_od_to_ba.10;221.00;out_od_to_ba.10;0;2382.14;1.14;0.00;31.29;car;;0;0.00
7322.00;230845886_0;633.12;11.11;7100.00;1.26;-23142338#2_0;5.10;0.00;tripinfo_out_ns_to_ba.33;222.00;out_ns_to_ba.33;0;2340.42;1.06;0.00;22.76;car;;0;0.00
7322.00;41899283#1_0;148.70;9.66;7135.00;0.59;-45494495_0;5.10;0.00;tripinfo_out_os_to_as.67;187.00;out_os_to_as.67;0;1746.47;0.93;0.00;17.10;car;;0;0.00
7323.00;23142338#2_0;290.21;10.17;6996.00;3.24;-23156305_0;5.10;0.00;tripinfo_out_gg_to_ns.34;327.00;out_gg_to_ns.34;0;2927.39;1.00;0.00;60.38;car;;2;28.00
7323.00;23156030#6_0;109.07;9.49;7026.00;3.40;23687583_0;5.10;0.00;tripinfo_out_as_to_od.45;297.00;out_as_to_od.45;0;2357.31;0.86;0.00;49.22;car;;2;20.00
7324.00;41899283#1_0;148.70;10.50;7180.00;0.13;-230845886_0;5.10;0.00;tripinfo_out_ba_to_as.47;144.00;out_ba_to_as.47;0;1430.78;1.03;0.00;17.38;car;;0;0.00
7325.00;41899283#1_0;148.70;11.40;7111.00;0.23;-23142338#2_0;5.10;0.00;tripinfo_out_ns_to_as.51;214.00;out_ns_to_as.51;0;2009.37;1.04;0.00;38.19;car;;2;12.00
7325.00;23142338#2_0;290.21;10.69;7120.00;0.21;23687583_0;5.10;0.00;tripinfo_out_as_to_ns.69;205.00;out_as_to_ns.69;0;1995.73;1.05;0.00;33.03;car;;1;4.00
7327.00;23142338#2_0;290.21;11.68;6999.00;1.24;-23156305_0;5.10;0.00;tripinfo_out_gg_to_ns.35;328.00;out_gg_to_ns.35;0;2927.39;1.05;0.00;74.99;car;;2;24.00
7329.00;23156030#6_0;109.07;9.78;7040.00;0.31;23687583_0;5.10;0.00;tripinfo_out_as_to_od.46;289.00;out_as_to_od.46;0;2357.31;0.88;0.00;48.05;car;;2;14.00
7336.00;45494495_0;58.90;11.79;7252.00;0.88;803785575#0_0;5.10;0.00;tripinfo_out_od_to_os.31;84.00;out_od_to_os.31;0;969.96;1.16;0.00;8.17;car;;0;0.00
7343.00;28706217_0;94.10;7.79;7113.00;0.27;-230845886_0;5.10;0.00;tripinfo_out_ba_to_sl.10;230.00;out_ba_to_sl.10;0;1934.94;1.04;0.00;56.54;car;;2;17.00
7345.00;23156030#6_0;109.07;9.96;7239.00;0.56;-45494495_0;5.10;0.00;tripinfo_out_os_to_od.68;106.00;out_os_to_od.68;0;865.51;0.90;0.00;18.90;car;;1;6.00
7348.00;230845886_0;633.12;11.42;7178.00;2.42;-45494495_0;5.10;0.00;tripinfo_out_os_to_ba.60;170.00;out_os_to_ba.60;0;1746.52;1.12;0.00;28.53;car;;0;0.00
7354.00;41899283#1_0;148.70;9.29;7117.00;0.14;-23142338#2_0;5.10;0.00;tripinfo_out_ns_to_as.52;237.00;out_ns_to_as.52;0;2009.37;0.92;0.00;38.70;car;;2;10.00
7357.00;23156030#6_0;109.07;10.65;7262.00;1.24;-45494495_0;5.10;0.00;tripinfo_out_os_to_od.69;95.00;out_os_to_od.69;0;865.51;1.01;0.00;17.45;car;;1;4.00
7358.00;45494495_0;58.90;9.85;7261.00;0.55;803785575#0_0;5.10;0.00;tripinfo_out_od_to_os.32;97.00;out_od_to_os.32;0;969.96;0.99;0.00;7.74;car;;0;0.00
7359.00;23156030#6_1;109.07;11.36;7107.00;0.56;23687583_0;5.10;0.00;tripinfo_out_as_to_od.47;252.00;out_as_to_od.47;0;2357.31;1.08;0.00;55.10;car;;0;0.00
7359.00;41899283#1_0;148.70;9.88;7164.00;0.04;-45494495_0;5.10;0.00;tripinfo_out_os_to_as.68;195.00;out_os_to_as.68;0;1746.47;0.91;0.00;20.32;car;;1;1.00
7360.00;28706217_0;94.10;6.83;7128.00;0.64;-230845886_0;5.10;0.00;tripinfo_out_ba_to_sl.11;232.00;out_ba_to_sl.11;0;1934.94;0.93;0.00;37.66;car;;2;8.00
7361.00;23142338#2_0;290.21;8.57;7131.00;0.92;23687583_0;5.10;0.00;tripinfo_out_as_to_ns.70;230.00;out_as_to_ns.70;0;1995.73;0.89;0.00;25.82;car;;1;2.00
7365.00;41899283#1_0;148.70;8.18;7184.00;3.23;-230845886_0;5.10;0.00;tripinfo_out_ba_to_as.48;181.00;out_ba_to_as.48;0;1430.78;0.85;0.00;27.79;car;;1;9.00
7366.00;23156030#6_1;109.07;10.84;6993.00;0.29;-23156305_0;5.10;0.00;tripinfo_out_gg_to_od.48;373.00;out_gg_to_od.48;0;3288.97;1.02;0.00;82.54;car;;2;31.00
7366.00;41899283#1_0;148.70;10.02;7175.00;0.97;-45494495_0;5.10;0.00;tripinfo_out_os_to_as.69;191.00;out_os_to_as.69;0;1746.47;0.96;0.00;25.63;car;;0;0.00
7368.00;23156030#6_1;109.07;10.39;7106.00;0.41;-230845886_0;5.10;0.00;tripinfo_out_ba_to_od.48;262.00;out_ba_to_od.48;0;2315.50;1.01;0.00;56.01;car;;1;15.00
7368.00;41899283#1_0;148.70;9.69;7123.00;0.72;-23142338#2_0;5.10;0.00;tripinfo_out_ns_to_as.53;245.00;out_ns_to_as.53;0;2009.37;0.96;0.00;54.88;car;;3;19.00
7370.00;41899283#1_0;148.70;10.87;7129.00;0.05;-23142338#2_0;5.10;0.00;tripinfo_out_ns_to_as.54;241.00;out_ns_to_as.54;0;2009.37;1.08;0.00;72.00;car;;2;15.00
7370.00;23156030#6_0;109.07;9.46;7265.00;1.63;-45494495_0;5.10;0.00;tripinfo_out_os_to_od.70;105.00;out_os_to_od.70;0;865.51;0.86;0.00;13.94;car;;1;2.00
7371.00;230845886_0;633.12;8.61;7205.00;1.32;23687583_0;5.10;0.00;tripinfo_out_as_to_ba.80;166.00;out_as_to_ba.80;0;1356.50;0.87;0.00;25.36;car;;1;9.00
7372.00;23156030#6_1;109.07;10.79;7096.00;0.23;-28716808#1_0;5.10;0.00;tripinfo_out_kl_to_od.34;276.00;out_kl_to_od.34;0;2657.03;1.03;0.00;43.01;car;;1;7.00
7372.00;230845886_0;633.12;9.96;7231.00;0.99;23687583_0;5.10;0.00;tripinfo_out_as_to_ba.81;141.00;out_as_to_ba.81;0;1356.50;1.27;0.00;43.32;car;;0;0.00
7373.00;23156030#6_0;109.07;8.97;7038.00;0.62;-23156390_0;5.10;0.00;tripinfo_out_br_to_od.42;335.00;out_br_to_od.42;0;2905.16;0.87;0.00;33.18;car;;1;1.00
7374.00;23156030#6_1;109.07;10.59;7127.00;0.70;23687583_0;5.10;0.00;tripinfo_out_as_to_od.48;247.00;out_as_to_od.48;0;2357.31;0.98;0.00;29.25;car;;0;0.00
7374.00;230845886_0;633.12;11.49;7141.00;1.21;803785575#0_0;5.10;0.00;tripinfo_out_od_to_ba.11;233.00;out_od_to_ba.11;0;2382.14;1.04;0.00;26.98;car;;0;0.00
7376.00;230845886_0;633.12;10.95;7234.00;0.33;23687583_0;5.10;0.00;tripinfo_out_as_to_ba.82;142.00;out_as_to_ba.82;0;1356.50;1.02;0.00;22.15;car;;1;5.00
7378.00;23142338#2_0;290.21;10.06;7055.00;0.76;-23156305_0;5.10;0.00;tripinfo_out_gg_to_ns.36;323.00;out_gg_to_ns.36;0;2927.39;0.93;0.00;38.61;car;;2;5.00
7379.00;230845886_0;633.12;9.71;7111.00;0.83;-23156305_0;5.10;0.00;tripinfo_out_gg_to_ba.34;268.00;out_gg_to_ba.34;0;2288.16;0.99;0.00;58.54;car;;2;36.00
7380.00;23142338#2_0;290.21;11.35;7167.00;0.02;23687583_0;5.10;0.00;tripinfo_out_as_to_ns.71;213.00;out_as_to_ns.71;0;1995.73;1.09;0.00;46.49;car;;1;1.00
7381.00;41899283#1_0;148.70;8.75;7152.00;0.12;-23156390_0;5.10;0.00;tripinfo_out_br_to_as.15;229.00;out_br_to_as.15;0;2020.44;0.89;0.00;22.40;car;;0;0.00
7387.00;28706217_0;94.10;6.74;7297.00;0.49;803785575#0_0;5.10;0.00;tripinfo_out_od_to_sl.11;90.00;out_od_to_sl.11;0;747.33;0.88;0.00;7.35;car;;0;0.00
7389.00;23156030#6_0;109.07;9.54;7131.00;0.06;-230845886_0;5.10;0.00;tripinfo_out_ba_to_od.49;258.00;out_ba_to_od.49;0;2315.50;0.97;0.00;41.51;car;;2;8.00
7389.00;230845886_0;633.12;10.14;7138.00;0.21;-23142338#2_0;5.10;0.00;tripinfo_out_ns_to_ba.34;251.00;out_ns_to_ba.34;0;2340.42;0.92;0.00;22.77;car;;0;0.00
7391.00;230845886_0;633.12;10.51;7207.00;0.41;-45494495_0;5.10;0.00;tripinfo_out_os_to_ba.61;184.00;out_os_to_ba.61;0;1746.52;0.99;0.00;24.73;car;;0;0.00
7392.00;23156030#6_0;109.07;10.02;7114.00;0.13;-28716808#1_0;5.10;0.00;tripinfo_out_kl_to_od.35;278.00;out_kl_to_od.35;0;2657.03;0.96;0.00;28.57;car;;1;3.00
7400.00;23142338#2_0;290.21;9.56;7004.00;0.91;-23156390_0;5.10;0.00;tripinfo_out_br_to_ns.7;396.00;out_br_to_ns.7;0;2936.02;0.97;0.00;123.09;car;;2;93.00
7402.00;23142338#2_0;290.21;11.02;7148.00;0.92;-230845886_0;5.10;0.00;tripinfo_out_ba_to_ns.8;254.00;out_ba_to_ns.8;0;2346.36;1.09;0.00;58.92;car;;3;19.00
7406.00;41899283#1_0;148.70;10.83;7208.00;0.21;-23142338#2_0;5.10;0.00;tripinfo_out_ns_to_as.55;198.00;out_ns_to_as.55;0;2009.37;1.07;0.00;25.74;car;;0;0.00
7407.00;23156030#6_0;109.07;10.12;7318.00;0.73;-45494495_0;5.10;0.00;tripinfo_out_os_to_od.71;89.00;out_os_to_od.71;0;865.51;0.99;0.00;9.63;car;;0;0.00
7409.00;972103805_0;116.86;10.46;7129.00;0.89;-23156305_0;5.10;0.00;tripinfo_out_gg_to_ko.18;280.00;out_gg_to_ko.18;0;2416.59;0.99;0.00;59.08;car;;3;24.00
7410.00;28706217_0;94.10;7.78;7331.00;3.02;803785575#0_0;5.10;0.00;tripinfo_out_od_to_sl.12;79.00;out_od_to_sl.12;0;747.33;1.07;0.00;11.16;car;;0;0.00
7414.00;23142338#2_0;290.21;9.65;7069.00;0.02;-23156305_0;5.10;0.00;tripinfo_out_gg_to_ns.37;345.00;out_gg_to_ns.37;0;2927.39;0.94;0.00;60.54;car;;3;20.00
7415.00;41899283#1_0;148.70;11.02;7209.00;0.16;-23156390_0;5.10;0.00;tripinfo_out_br_to_as.16;206.00;out_br_to_as.16;0;2020.44;1.01;0.00;25.41;car;;1;3.00
7417.00;41899283#1_0;148.70;12.15;7236.00;2.39;-45494495_0;5.10;0.00;tripinfo_out_os_to_as.71;181.00;out_os_to_as.71;0;1746.47;1.18;0.00;46.60;car;;0;0.00
7427.00;230845886_0;633.12;7.64;7252.00;3.88;23687583_0;5.10;0.00;tripinfo_out_as_to_ba.83;175.00;out_as_to_ba.83;0;1356.50;0.77;0.00;15.71;car;;0;0.00
7429.00;230845886_0;633.12;10.48;7141.00;1.39;-23156305_0;5.10;0.00;tripinfo_out_gg_to_ba.35;288.00;out_gg_to_ba.35;0;2288.16;0.95;0.00;69.20;car;;1;9.00
7431.00;230845886_0;633.12;11.28;7281.00;2.74;23687583_0;5.10;0.00;tripinfo_out_as_to_ba.84;150.00;out_as_to_ba.84;0;1356.50;1.06;0.00;33.99;car;;1;2.00
7433.00;230845886_0;633.12;9.91;7191.00;0.25;-23142338#2_0;5.10;0.00;tripinfo_out_ns_to_ba.35;242.00;out_ns_to_ba.35;0;2340.42;0.96;0.00;22.95;car;;0;0.00
7434.00;23142338#2_0;290.21;8.44;7198.00;0.52;23687583_0;5.10;0.00;tripinfo_out_as_to_ns.72;236.00;out_as_to_ns.72;0;1995.73;0.85;0.00;22.18;car;;0;0.00
7439.00;23156030#6_1;109.07;12.78;7088.00;0.59;-23156305_0;5.10;0.00;tripinfo_out_gg_to_od.49;351.00;out_gg_to_od.49;0;3288.97;1.16;0.00;95.78;car;;1;7.00
7440.00;41899283#1_0;148.70;9.33;7169.00;0.57;803785575#0_0;5.10;0.00;tripinfo_out_od_to_as.32;271.00;out_od_to_as.32;0;2382.09;0.92;0.00;37.83;car;;1;6.00
7446.00;23156030#6_1;109.07;10.54;7194.00;0.36;-230845886_0;5.10;0.00;tripinfo_out_ba_to_od.50;252.00;out_ba_to_od.50;0;2315.50;1.03;0.00;49.73;car;;1;7.00
7447.00;23156030#6_0;109.07;9.95;7090.00;0.76;-23156390_0;5.10;0.00;tripinfo_out_br_to_od.44;357.00;out_br_to_od.44;0;2905.16;0.91;0.00;70.07;car;;1;8.00
7450.00;23156030#6_1;109.07;10.75;7136.00;0.88;-23156390_0;5.10;0.00;tripinfo_out_br_to_od.45;314.00;out_br_to_od.45;0;2905.16;0.97;0.00;42.87;car;;1;7.00
7450.00;41899283#1_0;148.70;8.42;7213.00;0.54;-45494495_0;5.10;0.00;tripinfo_out_os_to_as.70;237.00;out_os_to_as.70;0;1746.47;0.77;0.00;29.95;car;;1;5.00
7451.00;28706217_0;94.10;7.29;7364.00;0.88;803785575#0_0;5.10;0.00;tripinfo_out_od_to_sl.13;87.00;out_od_to_sl.13;0;747.33;0.92;0.00;8.27;car;;0;0.00
7452.00;41899283#1_0;148.70;11.46;7192.00;0.56;803785575#0_0;5.10;0.00;tripinfo_out_od_to_as.33;260.00;out_od_to_as.33;0;2382.09;1.13;0.00;69.39;car;;1;6.00
7452.00;230845886_0;633.12;10.80;7277.00;0.33;-45494495_0;5.10;0.00;tripinfo_out_os_to_ba.62;175.00;out_os_to_ba.62;0;1746.52;1.02;0.00;19.24;car;;1;2.00
7453.00;41899283#1_0;148.70;11.71;7294.00;1.55;-230845886_0;5.10;0.00;tripinfo_out_ba_to_as.49;159.00;out_ba_to_as.49;0;1430.78;1.06;0.00;37.51;car;;1;2.00
7453.00;230845886_0;633.12;12.60;7330.00;0.92;23687583_0;5.10;0.00;tripinfo_out_as_to_ba.85;123.00;out_as_to_ba.85;0;1356.50;1.20;0.00;21.14;car;;0;0.00
7455.00;45494495_0;58.90;9.01;7246.00;0.56;23687583_0;5.10;0.00;tripinfo_out_as_to_os.21;209.00;out_as_to_os.21;0;1689.77;0.83;0.00;25.29;car;;1;5.00
7455.00;41899283#1_0;148.70;10.38;7324.00;0.38;-28716808#1_0;5.10;0.00;tripinfo_out_kl_to_as.22;131.00;out_kl_to_as.22;0;1233.18;1.02;0.00;21.14;car;;1;1.00
7457.00;23156030#6_0;109.07;7.61;7069.00;0.26;-23156390_0;5.10;0.00;tripinfo_out_br_to_od.43;388.00;out_br_to_od.43;0;2905.16;0.76;0.00;42.93;car;;1;10.00
7457.00;41899283#1_0;148.70;12.09;7272.00;0.26;-45494495_0;5.10;0.00;tripinfo_out_os_to_as.73;185.00;out_os_to_as.73;0;1746.47;1.17;0.00;49.11;car;;1;9.00
7457.00;45494495_0;58.90;9.69;7357.00;0.05;803785575#0_0;5.10;0.00;tripinfo_out_od_to_os.33;100.00;out_od_to_os.33;0;969.96;0.95;0.00;8.04;car;;0;0.00
7458.00;28706217_0;94.10;7.44;7251.00;0.62;-230845886_0;5.10;0.00;tripinfo_out_ba_to_sl.12;207.00;out_ba_to_sl.12;0;1934.94;0.98;0.00;23.75;car;;1;2.00
7460.00;23142338#2_0;290.21;8.94;7216.00;0.84;23687583_0;5.10;0.00;tripinfo_out_as_to_ns.73;244.00;out_as_to_ns.73;0;1995.73;0.83;0.00;25.93;car;;1;3.00
7461.00;41899283#1_0;148.70;9.33;7220.00;0.97;-23156390_0;5.10;0.00;tripinfo_out_br_to_as.17;241.00;out_br_to_as.17;0;2020.44;0.91;0.00;40.53;car;;2;15.00
7462.00;28706217_0;94.10;7.65;7254.00;1.93;-230845886_0;5.10;0.00;tripinfo_out_ba_to_sl.13;208.00;out_ba_to_sl.13;0;1934.94;0.96;0.00;21.17;car;;0;0.00
7464.00;41899283#1_0;148.70;9.70;7259.00;0.91;-45494495_0;5.10;0.00;tripinfo_out_os_to_as.72;205.00;out_os_to_as.72;0;1746.47;0.92;0.00;32.78;car;;1;9.00
7466.00;41899283#1_0;148.70;11.14;7223.00;1.98;-23156390_0;5.10;0.00;tripinfo_out_br_to_as.18;243.00;out_br_to_as.18;0;2020.44;1.01;0.00;62.26;car;;1;14.00
7468.00;45494495_0;58.90;9.53;7284.00;0.50;-230845886_0;5.10;0.00;tripinfo_out_ba_to_os.25;184.00;out_ba_to_os.25;0;1647.96;0.91;0.00;20.15;car;;1;2.00
7471.00;972103805_0;116.86;9.34;7258.00;0.65;-28716808#1_0;5.10;0.00;tripinfo_out_kl_to_ko.27;213.00;out_kl_to_ko.27;0;1927.03;0.92;0.00;22.58;car;;0;0.00
7472.00;23156030#6_0;109.07;10.09;7219.00;2.25;23687583_0;5.10;0.00;tripinfo_out_as_to_od.49;253.00;out_as_to_od.49;0;2357.31;0.97;0.00;33.25;car;;0;0.00
7473.00;41899283#1_0;148.70;9.48;7227.00;0.09;-23142338#2_0;5.10;0.00;tripinfo_out_ns_to_as.56;246.00;out_ns_to_as.56;0;2009.37;0.86;0.00;33.78;car;;1;7.00
7473.00;23142338#2_0;290.21;9.97;7249.00;2.84;23687583_0;5.10;0.00;tripinfo_out_as_to_ns.74;224.00;out_as_to_ns.74;0;1995.73;0.96;0.00;34.79;car;;2;7.00
7473.00;972103805_0;116.86;10.50;7277.00;0.98;-28716808#1_0;5.10;0.00;tripinfo_out_kl_to_ko.28;196.00;out_kl_to_ko.28;0;1927.03;1.05;0.00;28.54;car;;1;7.00
7474.00;45494495_0;58.90;9.74;7367.00;2.79;803785575#0_0;5.10;0.00;tripinfo_out_od_to_os.34;107.00;out_od_to_os.34;0;969.96;0.91;0.00;9.99;car;;0;0.00
7475.00;972103805_0;116.86;11.12;7280.00;3.32;-28716808#1_0;5.10;0.00;tripinfo_out_kl_to_ko.29;195.00;out_kl_to_ko.29;0;1927.03;1.09;0.00;34.84;car;;1;4.00
7476.00;23156030#6_1;109.07;9.29;7223.00;0.32;23687583_0;5.10;0.00;tripinfo_out_as_to_od.50;253.00;out_as_to_od.50;0;2357.31;0.95;0.00;29.27;car;;0;0.00
7477.00;41899283#1_0;148.70;10.63;7301.00;2.20;-230845886_0;5.10;0.00;tripinfo_out_ba_to_as.50;176.00;out_ba_to_as.50;0;1430.78;0.97;0.00;41.68;car;;2;22.00
7478.00;23156030#6_1;109.07;9.48;7189.00;0.62;-28716808#1_0;5.10;0.00;tripinfo_out_kl_to_od.36;289.00;out_kl_to_od.36;0;2657.03;0.94;0.00;34.60;car;;1;6.00
7478.00;23156030#6_0;109.07;8.37;7371.00;1.92;-45494495_0;5.10;0.00;tripinfo_out_os_to_od.72;107.00;out_os_to_od.72;0;865.51;0.80;0.00;9.43;car;;0;0.00
7485.00;23156030#6_0;109.07;7.93;7374.00;4.40;-45494495_0;5.10;0.00;tripinfo_out_os_to_od.73;111.00;out_os_to_od.73;0;865.51;0.78;0.00;10.16;car;;0;0.00
7487.00;23156030#6_0;109.07;10.71;7225.00;0.65;-28716808#1_0;5.10;0.00;tripinfo_out_kl_to_od.37;262.00;out_kl_to_od.37;0;2657.03;1.01;0.00;24.23;car;;0;0.00
7488.00;23156030#6_1;109.07;10.92;7155.00;2.54;-23156390_0;5.10;0.00;tripinfo_out_br_to_od.46;333.00;out_br_to_od.46;0;2905.16;1.03;0.00;78.64;car;;1;32.00
7490.00;23156030#6_0;109.07;10.31;7181.00;0.06;-23156390_0;5.10;0.00;tripinfo_out_br_to_od.47;309.00;out_br_to_od.47;0;2905.16;1.02;0.00;51.67;car;;1;24.00
7490.00;23156030#6_1;109.07;11.70;7269.00;0.53;-230845886_0;5.10;0.00;tripinfo_out_ba_to_od.51;221.00;out_ba_to_od.51;0;2315.50;1.11;0.00;32.50;car;;1;4.00
7491.00;45494495_0;58.90;10.77;7393.00;0.27;803785575#0_0;5.10;0.00;tripinfo_out_od_to_os.35;98.00;out_od_to_os.35;0;969.96;0.99;0.00;8.86;car;;0;0.00
7494.00;230845886_0;633.12;8.97;7342.00;5.70;23687583_0;5.10;0.00;tripinfo_out_as_to_ba.86;152.00;out_as_to_ba.86;0;1356.50;0.89;0.00;14.53;car;;0;0.00
7497.00;41899283#1_0;148.70;10.63;7336.00;0.17;-230845886_0;5.10;0.00;tripinfo_out_ba_to_as.51;161.00;out_ba_to_as.51;0;1430.78;0.97;0.00;27.95;car;;1;10.00
7498.00;45494495_0;58.90;11.19;7329.00;0.00;-230845886_0;5.10;0.00;tripinfo_out_ba_to_os.26;169.00;out_ba_to_os.26;0;1647.96;1.09;0.00;32.03;car;;2;3.00
7505.00;41899283#1_0;148.70;9.12;7286.00;0.98;-45494495_0;5.10;0.00;tripinfo_out_os_to_as.74;219.00;out_os_to_as.74;0;1746.47;0.83;0.00;27.52;car;;1;4.00
7509.00;41899283#1_0;148.70;9.52;7276.00;0.50;-23142338#2_0;5.10;0.00;tripinfo_out_ns_to_as.57;233.00;out_ns_to_as.57;0;2009.37;0.90;0.00;30.64;car;;1;4.00
7511.00;23156030#6_0;109.07;8.47;7242.00;0.21;-23142338#2_0;5.10;0.00;tripinfo_out_ns_to_od.18;269.00;out_ns_to_od.18;0;2005.01;0.81;0.00;31.87;car;;1;5.00
7511.00;41899283#1_0;148.70;9.22;7282.00;0.49;-23142338#2_0;5.10;0.00;tripinfo_out_ns_to_as.58;229.00;out_ns_to_as.58;0;2009.37;0.93;0.00;31.89;car;;1;1.00
7511.00;45494495_0;58.90;10.04;7291.00;7.20;-23142338#2_0;5.10;0.00;tripinfo_out_ns_to_os.5;220.00;out_ns_to_os.5;0;1865.82;0.91;0.00;35.43;car;;1;9.00
7515.00;41899283#1_0;148.70;10.01;7285.00;1.49;-23142338#2_0;5.10;0.00;tripinfo_out_ns_to_as.59;230.00;out_ns_to_as.59;0;2009.37;0.95;0.00;37.37;car;;1;1.00
7517.00;41899283#1_0;148.70;11.73;7300.00;2.47;803785575#0_0;5.10;0.00;tripinfo_out_od_to_as.34;217.00;out_od_to_as.34;0;2382.09;1.11;0.00;22.23;car;;0;0.00
7519.00;41899283#1_0;148.70;11.27;7303.00;4.57;803785575#0_0;5.10;0.00;tripinfo_out_od_to_as.35;216.00;out_od_to_as.35;0;2382.09;1.13;0.00;24.38;car;;0;0.00
7520.00;41899283#1_0;148.70;12.09;7377.00;0.21;-230845886_0;5.10;0.00;tripinfo_out_ba_to_as.52;143.00;out_ba_to_as.52;0;1430.78;1.20;0.00;35.48;car;;0;0.00
7522.00;41899283#1_0;148.70;11.63;7288.00;4.34;-23142338#2_0;5.10;0.00;tripinfo_out_ns_to_as.60;234.00;out_ns_to_as.60;0;2009.37;1.11;0.00;69.10;car;;2;17.00
7523.00;45494495_0;58.90;8.87;7333.00;2.13;23687583_0;5.10;0.00;tripinfo_out_as_to_os.22;190.00;out_as_to_os.22;0;1689.77;0.91;0.00;21.34;car;;1;2.00
7524.00;23142338#2_0;290.21;8.22;7135.00;0.85;-23156305_0;5.10;0.00;tripinfo_out_gg_to_ns.38;389.00;out_gg_to_ns.38;0;2927.39;0.77;0.00;42.87;car;;1;4.00
7524.00;41899283#1_0;148.70;12.79;7295.00;9.76;-23142338#2_0;5.10;0.00;tripinfo_out_ns_to_as.61;229.00;out_ns_to_as.61;0;2009.37;1.16;0.00;71.32;car;;2;13.00
7525.00;230845886_0;633.12;8.25;7312.00;0.74;-45494495_0;5.10;0.00;tripinfo_out_os_to_ba.63;213.00;out_os_to_ba.63;0;1746.52;0.81;0.00;17.96;car;;0;0.00
7526.00;23142338#2_0;290.21;9.92;7239.00;0.65;-28716808#1_0;5.10;0.00;tripinfo_out_kl_to_ns.8;287.00;out_kl_to_ns.8;0;2305.34;0.92;0.00;58.63;car;;2;3.00
7526.00;230845886_0;633.12;10.07;7328.00;0.25;-45494495_0;5.10;0.00;tripinfo_out_os_to_ba.64;198.00;out_os_to_ba.64;0;1746.52;1.05;0.00;47.60;car;;0;0.00
7528.00;28706217_0;94.10;6.63;7239.00;0.11;-23156390_0;5.10;0.00;tripinfo_out_br_to_sl.11;289.00;out_br_to_sl.11;0;2524.60;0.88;0.00;24.67;car;;0;0.00
7531.00;41899283#1_0;148.70;10.55;7311.00;0.25;-23142338#2_0;5.10;0.00;tripinfo_out_ns_to_as.62;220.00;out_ns_to_as.62;0;2009.37;0.99;0.00;35.00;car;;1;3.00
7534.00;23156030#6_1;109.07;13.13;7163.00;2.04;-23156305_0;5.10;0.00;tripinfo_out_gg_to_od.52;371.00;out_gg_to_od.52;0;3288.97;1.24;0.00;132.29;car;;3;7.00
7534.00;972103805_0;116.86;7.33;7283.00;0.70;-28716808#1_0;5.10;0.00;tripinfo_out_kl_to_ko.30;251.00;out_kl_to_ko.30;0;1927.03;0.77;0.00;25.83;car;;1;2.00
7536.00;23142338#2_0;290.21;8.85;7146.00;0.25;-23156305_0;5.10;0.00;tripinfo_out_gg_to_ns.39;390.00;out_gg_to_ns.39;0;2927.39;0.80;0.00;57.49;car;;2;9.00
7538.00;23142338#2_0;290.21;10.41;7160.00;0.18;-23156305_0;5.10;0.00;tripinfo_out_gg_to_ns.40;378.00;out_gg_to_ns.40;0;2927.39;0.99;0.00;109.99;car;;3;6.00
7538.00;23156030#6_0;109.07;10.98;7272.00;0.29;-230845886_0;5.10;0.00;tripinfo_out_ba_to_od.52;266.00;out_ba_to_od.52;0;2315.50;1.01;0.00;59.13;car;;2;13.00
7540.00;23156030#6_1;109.07;12.21;7266.00;0.11;-28716808#1_0;5.10;0.00;tripinfo_out_kl_to_od.39;274.00;out_kl_to_od.39;0;2657.03;1.14;0.00;62.84;car;;1;5.00
7540.00;23142338#2_0;290.21;9.65;7292.00;1.13;23687583_0;5.10;0.00;tripinfo_out_as_to_ns.75;248.00;out_as_to_ns.75;0;1995.73;0.96;0.00;58.09;car;;3;11.00
7541.00;41899283#1_0;148.70;11.67;7332.00;0.79;-23142338#2_0;5.10;0.00;tripinfo_out_ns_to_as.63;209.00;out_ns_to_as.63;0;2009.37;1.13;0.00;47.07;car;;1;9.00
7543.00;23156030#6_0;109.07;10.03;7138.00;2.99;-23156305_0;5.10;0.00;tripinfo_out_gg_to_od.50;405.00;out_gg_to_od.50;0;3288.97;0.95;0.00;91.81;car;;2;9.00
7544.00;23156030#6_1;109.07;12.16;7262.00;0.08;-28716808#1_0;5.10;0.00;tripinfo_out_kl_to_od.38;282.00;out_kl_to_od.38;0;2657.03;1.10;0.00;63.41;car;;1;5.00
7547.00;230845886_0;633.12;11.96;7364.00;0.70;-45494495_0;5.10;0.00;tripinfo_out_os_to_ba.65;183.00;out_os_to_ba.65;0;1746.52;1.13;0.00;43.23;car;;0;0.00
7549.00;23156030#6_0;109.07;9.22;7155.00;0.56;-23156305_0;5.10;0.00;tripinfo_out_gg_to_od.51;394.00;out_gg_to_od.51;0;3288.97;0.89;0.00;61.70;car;;2;9.00
7549.00;972103805_0;116.86;11.43;7280.00;0.68;-23156390_0;5.10;0.00;tripinfo_out_br_to_ko.23;269.00;out_br_to_ko.23;0;2703.95;1.06;0.00;36.36;car;;1;4.00
7552.00;28706217_0;94.10;7.50;7342.00;0.38;-230845886_0;5.10;0.00;tripinfo_out_ba_to_sl.14;210.00;out_ba_to_sl.14;0;1934.94;1.03;0.00;35.57;car;;2;8.00
7553.00;23156030#6_0;109.07;9.75;7213.00;0.00;-23156390_0;5.10;0.00;tripinfo_out_br_to_od.48;340.00;out_br_to_od.48;0;2905.16;0.96;0.00;67.82;car;;2;30.00
7555.00;23156030#6_1;109.07;12.08;7298.00;0.61;-230845886_0;5.10;0.00;tripinfo_out_ba_to_od.53;257.00;out_ba_to_od.53;0;2315.50;1.17;0.00;77.64;car;;3;17.00
7556.00;23156030#6_0;109.07;10.54;7465.00;0.64;-45494495_0;5.10;0.00;tripinfo_out_os_to_od.75;91.00;out_os_to_od.75;0;865.51;0.98;0.00;11.49;car;;0;0.00
7559.00;23156030#6_1;109.07;10.63;7318.00;2.64;23687583_0;5.10;0.00;tripinfo_out_as_to_od.51;241.00;out_as_to_od.51;0;2357.31;1.06;0.00;39.02;car;;1;4.00
7560.00;23156030#6_1;109.07;12.00;7325.00;5.26;23687583_0;5.10;0.00;tripinfo_out_as_to_od.52;235.00;out_as_to_od.52;0;2357.31;1.14;0.00;48.84;car;;1;1.00
7560.00;230845886_0;633.12;9.64;7368.00;0.89;-45494495_0;5.10;0.00;tripinfo_out_os_to_ba.66;192.00;out_os_to_ba.66;0;1746.52;0.96;0.00;27.51;car;;0;0.00
7561.00;23156030#6_0;109.07;9.15;7453.00;0.12;-45494495_0;5.10;0.00;tripinfo_out_os_to_od.74;108.00;out_os_to_od.74;0;865.51;0.88;0.00;19.25;car;;1;3.00
7562.00;230845886_0;633.12;10.88;7383.00;0.11;-45494495_0;5.10;0.00;tripinfo_out_os_to_ba.67;179.00;out_os_to_ba.67;0;1746.52;1.05;0.00;28.16;car;;0;0.00
7563.00;23156030#6_0;109.07;9.63;7311.00;0.87;-230845886_0;5.10;0.00;tripinfo_out_ba_to_od.54;252.00;out_ba_to_od.54;0;2315.50;0.96;0.00;33.67;car;;2;6.00
7564.00;230845886_0;633.12;12.88;7361.00;0.61;-23142338#2_0;5.10;0.00;tripinfo_out_ns_to_ba.36;203.00;out_ns_to_ba.36;0;2340.42;1.18;0.00;23.26;car;;0;0.00
7565.00;23156030#6_0;109.07;9.91;7322.00;3.30;-230845886_0;5.10;0.00;tripinfo_out_ba_to_od.55;243.00;out_ba_to_od.55;0;2315.50;0.96;0.00;25.62;car;;1;2.00
7566.00;41899283#1_0;148.70;8.65;7351.00;0.32;-45494495_0;5.10;0.00;tripinfo_out_os_to_as.75;215.00;out_os_to_as.75;0;1746.47;0.83;0.00;24.57;car;;0;0.00
7568.00;41899283#1_0;148.70;9.21;7358.00;0.58;-45494495_0;5.10;0.00;tripinfo_out_os_to_as.76;210.00;out_os_to_as.76;0;1746.47;0.91;0.00;35.26;car;;0;0.00
7570.00;41899283#1_0;148.70;9.27;7361.00;2.42;-45494495_0;5.10;0.00;tripinfo_out_os_to_as.77;209.00;out_os_to_as.77;0;1746.47;0.94;0.00;40.84;car;;0;0.00
7571.00;28706217_0;94.10;8.13;7339.00;4.26;23687583_0;5.10;0.00;tripinfo_out_as_to_sl.34;232.00;out_as_to_sl.34;0;1976.75;1.08;0.00;61.25;car;;1;5.00
7578.00;41899283#1_0;148.70;9.39;7377.00;4.80;-45494495_0;5.10;0.00;tripinfo_out_os_to_as.78;201.00;out_os_to_as.78;0;1746.47;0.94;0.00;33.20;car;;1;8.00
7580.00;23142338#2_0;290.21;9.18;7228.00;1.84;-23156305_0;5.10;0.00;tripinfo_out_gg_to_ns.41;352.00;out_gg_to_ns.41;0;2927.39;0.94;0.00;68.29;car;;3;16.00
7588.00;41899283#1_0;148.70;10.93;7388.00;0.75;-23142338#2_0;5.10;0.00;tripinfo_out_ns_to_as.64;200.00;out_ns_to_as.64;0;2009.37;1.03;0.00;22.66;car;;0;0.00
7593.00;23142338#2_0;290.21;12.20;7409.00;0.96;23687583_0;5.10;0.00;tripinfo_out_as_to_ns.76;184.00;out_as_to_ns.76;0;1995.73;1.11;0.00;20.49;car;;0;0.00
7594.00;972103805_0;116.86;8.48;7334.00;0.99;-28716808#1_0;5.10;0.00;tripinfo_out_kl_to_ko.31;260.00;out_kl_to_ko.31;0;1927.03;0.79;0.00;39.82;car;;2;11.00
7595.00;230845886_0;633.12;10.56;7453.00;0.13;23687583_0;5.10;0.00;tripinfo_out_as_to_ba.87;142.00;out_as_to_ba.87;0;1356.50;1.01;0.00;20.33;car;;1;6.00
7595.00;23156030#6_0;109.07;8.50;7482.00;0.37;-45494495_0;5.10;0.00;tripinfo_out_os_to_od.76;113.00;out_os_to_od.76;0;865.51;0.84;0.00;19.22;car;;1;6.00
7596.00;41899283#1_0;148.70;10.29;7391.00;0.24;-23156390_0;5.10;0.00;tripinfo_out_br_to_as.19;205.00;out_br_to_as.19;0;2020.44;0.99;0.00;20.76;car;;0;0.00
7600.00;28706217_0;94.10;6.79;7372.00;0.90;-230845886_0;5.10;0.00;tripinfo_out_ba_to_sl.15;228.00;out_ba_to_sl.15;0;1934.94;0.87;0.00;21.84;car;;0;0.00
7601.00;41899283#1_0;148.70;10.03;7448.00;0.57;-230845886_0;5.10;0.00;tripinfo_out_ba_to_as.53;153.00;out_ba_to_as.53;0;1430.78;0.97;0.00;19.24;car;;1;3.00
7611.00;23156030#6_0;109.07;8.59;7336.00;3.82;23687583_0;5.10;0.00;tripinfo_out_as_to_od.53;275.00;out_as_to_od.53;0;2357.31;0.88;0.00;32.51;car;;1;6.00
7612.00;23156030#6_1;109.07;8.76;7304.00;0.23;-28716808#1_0;5.10;0.00;tripinfo_out_kl_to_od.40;308.00;out_kl_to_od.40;0;2657.03;0.90;0.00;39.97;car;;1;8.00
7613.00;23156030#6_0;109.07;12.16;7404.00;0.43;-23142338#2_0;5.10;0.00;tripinfo_out_ns_to_od.19;209.00;out_ns_to_od.19;0;2005.01;1.11;0.00;34.09;car;;1;9.00
7615.00;23156030#6_0;109.07;9.25;7310.00;0.22;-28716808#1_0;5.10;0.00;tripinfo_out_kl_to_od.41;305.00;out_kl_to_od.41;0;2657.03;0.89;0.00;34.13;car;;1;3.00
7615.00;972103805_0;116.86;9.36;7388.00;0.66;-28716808#1_0;5.10;0.00;tripinfo_out_kl_to_ko.32;227.00;out_kl_to_ko.32;0;1927.03;0.87;0.00;25.41;car;;0;0.00
7617.00;972103805_0;116.86;11.43;7357.00;0.33;-23156390_0;5.10;0.00;tripinfo_out_br_to_ko.24;260.00;out_br_to_ko.24;0;2703.95;1.11;0.00;39.43;car;;2;6.00
7619.00;45494495_0;58.90;10.40;7426.00;0.44;23687583_0;5.10;0.00;tripinfo_out_as_to_os.23;193.00;out_as_to_os.23;0;1689.77;1.00;0.00;40.10;car;;0;0.00
7621.00;45494495_0;58.90;10.57;7432.00;3.80;23687583_0;5.10;0.00;tripinfo_out_as_to_os.24;189.00;out_as_to_os.24;0;1689.77;0.97;0.00;31.17;car;;1;6.00
7623.00;45494495_0;58.90;12.08;7397.00;4.14;-23156390_0;5.10;0.00;tripinfo_out_br_to_os.14;226.00;out_br_to_os.14;0;2237.62;1.12;0.00;44.51;car;;0;0.00
7624.00;41899283#1_0;148.70;8.24;7450.00;0.55;-28716808#1_0;5.10;0.00;tripinfo_out_kl_to_as.23;174.00;out_kl_to_as.23;0;1233.18;0.75;0.00;25.37;car;;1;6.00
7625.00;23142338#2_0;290.21;9.84;7328.00;0.77;803785575#0_0;5.10;0.00;tripinfo_out_od_to_ns.9;297.00;out_od_to_ns.9;0;1928.29;0.99;0.00;109.08;car;;2;82.00
7626.00;41899283#1_0;148.70;10.46;7424.00;0.65;-45494495_0;5.10;0.00;tripinfo_out_os_to_as.79;202.00;out_os_to_as.79;0;1746.47;0.95;0.00;35.06;car;;1;8.00
7628.00;41899283#1_0;148.70;10.53;7396.00;0.11;-23142338#2_0;5.10;0.00;tripinfo_out_ns_to_as.65;232.00;out_ns_to_as.65;0;2009.37;0.97;0.00;42.24;car;;2;16.00
7629.00;28706217_0;94.10;8.67;7240.00;0.56;-23156305_0;5.10;0.00;tripinfo_out_gg_to_sl.20;389.00;out_gg_to_sl.20;0;2908.41;1.09;0.00;143.03;car;;2;9.00
7629.00;23142338#2_0;290.21;10.29;7283.00;0.38;-23156390_0;5.10;0.00;tripinfo_out_br_to_ns.8;346.00;out_br_to_ns.8;0;2936.02;0.94;0.00;62.81;car;;3;29.00
7631.00;972103805_0;116.86;9.35;7336.00;0.82;-23156305_0;5.10;0.00;tripinfo_out_gg_to_ko.19;295.00;out_gg_to_ko.19;0;2416.59;0.85;0.00;36.47;car;;1;7.00
7634.00;230845886_0;633.12;11.17;7415.00;0.87;-23142338#2_0;5.10;0.00;tripinfo_out_ns_to_ba.37;219.00;out_ns_to_ba.37;0;2340.42;1.05;0.00;18.86;car;;0;0.00
7635.00;23142338#2_0;290.21;10.11;7412.00;1.41;23687583_0;5.10;0.00;tripinfo_out_as_to_ns.77;223.00;out_as_to_ns.77;0;1995.73;1.00;0.00;41.80;car;;2;10.00
7644.00;41899283#1_0;148.70;10.30;7454.00;0.94;-23156305_0;5.10;0.00;tripinfo_out_gg_to_as.16;190.00;out_gg_to_as.16;0;1699.56;0.98;0.00;30.64;car;;1;11.00
7648.00;28706217_0;94.10;6.70;7263.00;0.02;-23156305_0;5.10;0.00;tripinfo_out_gg_to_sl.21;385.00;out_gg_to_sl.21;0;2908.41;0.90;0.00;87.54;car;;0;0.00
7649.00;23156030#6_0;109.07;11.50;7445.00;0.26;-23142338#2_0;5.10;0.00;tripinfo_out_ns_to_od.20;204.00;out_ns_to_od.20;0;2005.01;1.09;0.00;26.53;car;;1;5.00
7651.00;28706217_0;94.10;6.34;7272.00;0.12;-23156305_0;5.10;0.00;tripinfo_out_gg_to_sl.22;379.00;out_gg_to_sl.22;0;2908.41;0.89;0.00;78.76;car;;0;0.00
7652.00;230845886_0;633.12;9.13;7391.00;0.41;-23156305_0;5.10;0.00;tripinfo_out_gg_to_ba.36;261.00;out_gg_to_ba.36;0;2288.16;0.88;0.00;26.99;car;;1;1.00
7653.00;28706217_0;94.10;6.82;7288.00;0.54;-23156305_0;5.10;0.00;tripinfo_out_gg_to_sl.23;365.00;out_gg_to_sl.23;0;2908.41;0.96;0.00;86.08;car;;1;1.00
7653.00;230845886_0;633.12;10.12;7468.00;1.35;-45494495_0;5.10;0.00;tripinfo_out_os_to_ba.68;185.00;out_os_to_ba.68;0;1746.52;0.97;0.00;22.36;car;;0;0.00
7655.00;28706217_0;94.10;7.99;7405.00;0.01;-230845886_0;5.10;0.00;tripinfo_out_ba_to_sl.17;250.00;out_ba_to_sl.17;0;1934.94;1.01;0.00;71.94;car;;1;5.00
7655.00;230845886_0;633.12;11.93;7474.00;2.52;-45494495_0;5.10;0.00;tripinfo_out_os_to_ba.69;181.00;out_os_to_ba.69;0;1746.52;1.08;0.00;34.09;car;;0;0.00
7657.00;28706217_0;94.10;8.33;7397.00;0.76;-230845886_0;5.10;0.00;tripinfo_out_ba_to_sl.16;260.00;out_ba_to_sl.16;0;1934.94;1.05;0.00;88.49;car;;2;15.00
7661.00;230845886_0;633.12;8.98;7453.00;2.99;-28716808#1_0;5.10;0.00;tripinfo_out_kl_to_ba.5;208.00;out_kl_to_ba.5;0;1656.22;0.91;0.00;43.75;car;;1;4.00
7662.00;28706217_0;94.10;9.07;7457.00;1.74;-230845886_0;5.10;0.00;tripinfo_out_ba_to_sl.18;205.00;out_ba_to_sl.18;0;1934.94;1.20;0.00;55.00;car;;0;0.00
7664.00;23142338#2_0;290.21;9.09;7429.00;3.23;23687583_0;5.10;0.00;tripinfo_out_as_to_ns.78;235.00;out_as_to_ns.78;0;1995.73;0.87;0.00;26.94;car;;1;4.00
7667.00;23156030#6_0;109.07;13.64;7275.00;1.94;-23156305_0;5.10;0.00;tripinfo_out_gg_to_od.55;392.00;out_gg_to_od.55;0;3288.97;1.26;0.00;154.27;car;;0;0.00
7668.00;41899283#1_0;148.70;10.93;7536.00;0.33;-28716808#1_0;5.10;0.00;tripinfo_out_kl_to_as.24;132.00;out_kl_to_as.24;0;1233.18;1.02;0.00;22.71;car;;1;2.00
7679.00;45494495_0;58.90;8.16;7474.00;0.16;-230845886_0;5.10;0.00;tripinfo_out_ba_to_os.27;205.00;out_ba_to_os.27;0;1647.96;0.81;0.00;21.19;car;;1;1.00
7680.00;23156030#6_1;109.07;11.71;7317.00;0.67;-23156305_0;5.10;0.00;tripinfo_out_gg_to_od.56;363.00;out_gg_to_od.56;0;3288.97;1.06;0.00;82.69;car;;3;4.00
7682.00;23156030#6_0;109.07;9.78;7225.00;0.14;-23156305_0;5.10;0.00;tripinfo_out_gg_to_od.54;457.00;out_gg_to_od.54;0;3288.97;0.95;0.00;143.86;car;;4;15.00
7682.00;23156030#6_1;109.07;12.74;7394.00;1.91;-23156390_0;5.10;0.00;tripinfo_out_br_to_od.49;288.00;out_br_to_od.49;0;2905.16;1.16;0.00;61.82;car;;1;2.00
7688.00;23156030#6_0;109.07;9.82;7437.00;0.97;-230845886_0;5.10;0.00;tripinfo_out_ba_to_od.57;251.00;out_ba_to_od.57;0;2315.50;1.00;0.00;41.30;car;;1;3.00
7689.00;23156030#6_1;109.07;10.41;7413.00;0.79;-230845886_0;5.10;0.00;tripinfo_out_ba_to_od.56;276.00;out_ba_to_od.56;0;2315.50;1.04;0.00;75.78;car;;2;2.00
7691.00;972103805_0;116.86;9.83;7421.00;2.27;-23156305_0;5.10;0.00;tripinfo_out_gg_to_ko.20;270.00;out_gg_to_ko.20;0;2416.59;0.94;0.00;35.18;car;;1;2.00
7692.00;23142338#2_0;290.21;8.91;7324.00;0.34;-23156305_0;5.10;0.00;tripinfo_out_gg_to_ns.42;368.00;out_gg_to_ns.42;0;2927.39;0.88;0.00;65.49;car;;3;29.00
7692.00;972103805_0;116.86;11.84;7512.00;0.82;-28716808#1_0;5.10;0.00;tripinfo_out_kl_to_ko.33;180.00;out_kl_to_ko.33;0;1927.03;1.21;0.00;36.08;car;;2;5.00
7695.00;41899283#1_0;148.70;11.25;7504.00;0.18;-45494495_0;5.10;0.00;tripinfo_out_os_to_as.80;191.00;out_os_to_as.80;0;1746.47;1.01;0.00;34.62;car;;2;9.00
7696.00;972103805_0;116.86;11.55;7426.00;0.28;-23156305_0;5.10;0.00;tripinfo_out_gg_to_ko.21;270.00;out_gg_to_ko.21;0;2416.59;1.05;0.00;60.95;car;;1;2.00
7696.00;23156030#6_1;109.07;10.18;7454.00;0.85;-230845886_0;5.10;0.00;tripinfo_out_ba_to_od.58;242.00;out_ba_to_od.58;0;2315.50;0.99;0.00;31.17;car;;3;3.00
7696.00;28706217_0;94.10;7.93;7488.00;0.31;23687583_0;5.10;0.00;tripinfo_out_as_to_sl.35;208.00;out_as_to_sl.35;0;1976.75;1.10;0.00;40.48;car;;0;0.00
7697.00;45494495_0;58.90;12.54;7429.00;0.82;-23156305_0;5.10;0.00;tripinfo_out_gg_to_os.20;268.00;out_gg_to_os.20;0;2621.43;1.15;0.00;61.92;car;;0;0.00
7697.00;41899283#1_0;148.70;11.47;7523.00;0.78;-45494495_0;5.10;0.00;tripinfo_out_os_to_as.81;174.00;out_os_to_as.81;0;1746.47;1.11;0.00;30.83;car;;1;7.00
7700.00;23156030#6_1;109.07;12.09;7587.00;0.44;-45494495_0;5.10;0.00;tripinfo_out_os_to_od.78;113.00;out_os_to_od.78;0;865.51;1.09;0.00;41.37;car;;1;22.00
7701.00;230845886_0;633.12;8.18;7531.00;1.02;23687583_0;5.10;0.00;tripinfo_out_as_to_ba.88;170.00;out_as_to_ba.88;0;1356.50;0.80;0.00;17.64;car;;1;1.00
7703.00;41899283#1_0;148.70;10.60;7526.00;1.90;-45494495_0;5.10;0.00;tripinfo_out_os_to_as.82;177.00;out_os_to_as.82;0;1746.47;0.98;0.00;15.49;car;;0;0.00
7703.00;230845886_0;633.12;11.19;7534.00;1.67;-45494495_0;5.10;0.00;tripinfo_out_os_to_ba.70;169.00;out_os_to_ba.70;0;1746.52;1.13;0.00;28.36;car;;0;0.00
7704.00;28706217_0;94.10;8.12;7500.00;0.58;-230845886_0;5.10;0.00;tripinfo_out_ba_to_sl.19;204.00;out_ba_to_sl.19;0;1934.94;1.12;0.00;42.78;car;;0;0.00
7704.00;45494495_0;58.90;9.93;7541.00;0.59;-230845886_0;5.10;0.00;tripinfo_out_ba_to_os.28;163.00;out_ba_to_os.28;0;1647.96;0.99;0.00;12.25;car;;0;0.00
7705.00;23156030#6_1;109.07;11.26;7464.00;0.11;23687583_0;5.10;0.00;tripinfo_out_as_to_od.54;241.00;out_as_to_od.54;0;2357.31;1.11;0.00;49.98;car;;0;0.00
7706.00;972103805_0;116.86;11.96;7440.00;0.98;-23156305_0;5.10;0.00;tripinfo_out_gg_to_ko.22;266.00;out_gg_to_ko.22;0;2416.59;1.12;0.00;70.24;car;;3;12.00
7707.00;23156030#6_0;109.07;6.53;7176.00;0.04;-23156305_0;5.10;0.00;tripinfo_out_gg_to_od.53;531.00;out_gg_to_od.53;0;3288.97;0.64;0.00;70.46;car;;3;16.00
7709.00;23156030#6_0;109.07;11.04;7590.00;2.62;-45494495_0;5.10;0.00;tripinfo_out_os_to_od.79;119.00;out_os_to_od.79;0;865.51;1.04;0.00;43.47;car;;1;20.00
7711.00;23156030#6_0;109.07;8.56;7581.00;0.41;-45494495_0;5.10;0.00;tripinfo_out_os_to_od.77;130.00;out_os_to_od.77;0;865.51;0.87;0.00;40.05;car;;1;25.00
7713.00;23156030#6_0;109.07;9.77;7339.00;1.36;-23156305_0;5.10;0.00;tripinfo_out_gg_to_od.57;374.00;out_gg_to_od.57;0;3288.97;0.92;0.00;52.34;car;;1;6.00
7713.00;41899283#1_0;148.70;11.16;7531.00;0.46;-45494495_0;5.10;0.00;tripinfo_out_os_to_as.83;182.00;out_os_to_as.83;0;1746.47;1.07;0.00;34.16;car;;1;9.00
7714.00;972103805_0;116.86;9.48;7407.00;0.39;-23156390_0;5.10;0.00;tripinfo_out_br_to_ko.25;307.00;out_br_to_ko.25;0;2703.95;0.96;0.00;50.45;car;;2;6.00
7714.00;230845886_0;633.12;12.07;7549.00;0.43;-45494495_0;5.10;0.00;tripinfo_out_os_to_ba.72;165.00;out_os_to_ba.72;0;1746.52;1.10;0.00;22.04;car;;0;0.00
7716.00;972103805_0;116.86;9.96;7451.00;0.19;-23156305_0;5.10;0.00;tripinfo_out_gg_to_ko.23;265.00;out_gg_to_ko.23;0;2416.59;1.01;0.00;47.56;car;;1;17.00
7719.00;28706217_0;94.10;6.52;7487.00;0.95;-23142338#2_0;5.10;0.00;tripinfo_out_ns_to_sl.12;232.00;out_ns_to_sl.12;0;1619.36;0.84;0.00;38.44;car;;2;9.00
7723.00;41899283#1_0;148.70;10.14;7475.00;0.25;803785575#0_0;5.10;0.00;tripinfo_out_od_to_as.36;248.00;out_od_to_as.36;0;2382.09;0.94;0.00;19.46;car;;0;0.00
7725.00;23142338#2_0;290.21;8.55;7461.00;0.71;23687583_0;5.10;0.00;tripinfo_out_as_to_ns.79;264.00;out_as_to_ns.79;0;1995.73;0.80;0.00;37.35;car;;2;9.00
7725.00;23156030#6_0;109.07;11.39;7477.00;1.64;23687583_0;5.10;0.00;tripinfo_out_as_to_od.55;248.00;out_as_to_od.55;0;2357.31;1.07;0.00;49.85;car;;1;5.00
7725.00;41899283#1_0;148.70;11.56;7490.00;0.28;803785575#0_0;5.10;0.00;tripinfo_out_od_to_as.37;235.00;out_od_to_as.37;0;2382.09;1.07;0.00;33.60;car;;0;0.00
7727.00;23142338#2_0;290.21;11.03;7387.00;0.13;-23156305_0;5.10;0.00;tripinfo_out_gg_to_ns.43;340.00;out_gg_to_ns.43;0;2927.39;1.09;0.00;94.58;car;;3;16.00
7728.00;41899283#1_0;148.70;10.40;7515.00;0.81;-23142338#2_0;5.10;0.00;tripinfo_out_ns_to_as.66;213.00;out_ns_to_as.66;0;2009.37;0.99;0.00;27.17;car;;0;0.00
7729.00;23156030#6_0;109.07;11.16;7343.00;0.84;-23156305_0;5.10;0.00;tripinfo_out_gg_to_od.58;386.00;out_gg_to_od.58;0;3288.97;1.03;0.00;99.41;car;;2;27.00
7729.00;972103805_0;116.86;11.85;7443.00;0.33;-23156390_0;5.10;0.00;tripinfo_out_br_to_ko.26;286.00;out_br_to_ko.26;0;2703.95;1.08;0.00;58.87;car;;2;17.00
7729.00;23142338#2_0;290.21;10.15;7497.00;1.01;23687583_0;5.10;0.00;tripinfo_out_as_to_ns.80;232.00;out_as_to_ns.80;0;1995.73;1.02;0.00;52.79;car;;2;8.00
7729.00;45494495_0;58.90;9.54;7629.00;0.96;803785575#0_0;5.10;0.00;tripinfo_out_od_to_os.36;100.00;out_od_to_os.36;0;969.96;0.96;0.00;8.61;car;;0;0.00
7730.00;23142338#2_0;290.21;10.92;7400.00;0.54;-23156305_0;5.10;0.00;tripinfo_out_gg_to_ns.44;330.00;out_gg_to_ns.44;0;2927.39;1.19;0.00;106.59;car;;4;16.00
7738.00;23156030#6_0;109.07;8.11;7400.00;4.26;-23156390_0;5.10;0.00;tripinfo_out_br_to_od.50;338.00;out_br_to_od.50;0;2905.16;0.84;0.00;26.77;car;;0;0.00
7740.00;28706217_0;94.10;6.28;7359.00;0.46;-23156305_0;5.10;0.00;tripinfo_out_gg_to_sl.24;381.00;out_gg_to_sl.24;0;2908.41;0.83;0.00;59.23;car;;3;19.00
7742.00;28706217_0;94.10;8.63;7415.00;0.71;-23156305_0;5.10;0.00;tripinfo_out_gg_to_sl.25;327.00;out_gg_to_sl.25;0;2908.41;1.17;0.00;97.86;car;;2;4.00
7744.00;28706217_0;94.10;8.43;7485.00;0.18;-28716808#1_0;5.10;0.00;tripinfo_out_kl_to_sl.13;259.00;out_kl_to_sl.13;0;2276.47;1.01;0.00;51.29;car;;1;6.00
7745.00;41899283#1_0;148.70;9.55;7582.00;0.58;-230845886_0;5.10;0.00;tripinfo_out_ba_to_as.54;163.00;out_ba_to_as.54;0;1430.78;0.87;0.00;14.15;car;;0;0.00
7747.00;41899283#1_0;148.70;11.56;7518.00;0.27;803785575#0_0;5.10;0.00;tripinfo_out_od_to_as.39;229.00;out_od_to_as.39;0;2382.09;1.11;0.00;35.16;car;;1;5.00
7747.00;45494495_0;58.90;9.08;7549.00;0.02;23687583_0;5.10;0.00;tripinfo_out_as_to_os.25;198.00;out_as_to_os.25;0;1689.77;0.87;0.00;22.77;car;;1;4.00
7751.00;23142338#2_0;290.21;11.02;7542.00;0.86;23687583_0;5.10;0.00;tripinfo_out_as_to_ns.81;209.00;out_as_to_ns.81;0;1995.73;1.00;0.00;27.17;car;;1;2.00
7752.00;230845886_0;633.12;9.78;7546.00;0.47;-45494495_0;5.10;0.00;tripinfo_out_os_to_ba.71;206.00;out_os_to_ba.71;0;1746.52;0.90;0.00;28.99;car;;1;5.00
7753.00;23142338#2_0;290.21;11.64;7560.00;0.62;23687583_0;5.10;0.00;tripinfo_out_as_to_ns.82;193.00;out_as_to_ns.82;0;1995.73;1.09;0.00;25.80;car;;1;3.00
7755.00;23156030#6_0;109.07;10.01;7503.00;0.46;-230845886_0;5.10;0.00;tripinfo_out_ba_to_od.59;252.00;out_ba_to_od.59;0;2315.50;1.02;0.00;45.97;car;;1;2.00
7755.00;45494495_0;58.90;9.10;7643.00;0.40;803785575#0_0;5.10;0.00;tripinfo_out_od_to_os.37;112.00;out_od_to_os.37;0;969.96;0.86;0.00;9.84;car;;0;0.00
7756.00;230845886_0;633.12;10.19;7490.00;1.46;-23142338#2_0;5.10;0.00;tripinfo_out_ns_to_ba.38;266.00;out_ns_to_ba.38;0;2340.42;0.93;0.00;40.02;car;;1;7.00
7757.00;41899283#1_0;148.70;10.71;7545.00;0.27;-23142338#2_0;5.10;0.00;tripinfo_out_ns_to_as.67;212.00;out_ns_to_as.67;0;2009.37;1.01;0.00;29.46;car;;1;7.00
7759.00;23156030#6_1;109.07;9.84;7507.00;4.25;-230845886_0;5.10;0.00;tripinfo_out_ba_to_od.60;252.00;out_ba_to_od.60;0;2315.50;0.98;0.00;38.86;car;;1;2.00
7759.00;41899283#1_0;148.70;10.41;7548.00;0.81;-23142338#2_0;5.10;0.00;tripinfo_out_ns_to_as.68;211.00;out_ns_to_as.68;0;2009.37;1.03;0.00;32.90;car;;1;6.00
7760.00;23156030#6_1;109.07;11.70;7418.00;2.67;-23156305_0;5.10;0.00;tripinfo_out_gg_to_od.60;342.00;out_gg_to_od.60;0;3288.97;1.07;0.00;64.27;car;;1;7.00
7762.00;23156030#6_0;109.07;8.81;7426.00;0.48;-23156390_0;5.10;0.00;tripinfo_out_br_to_od.51;336.00;out_br_to_od.51;0;2905.16;0.87;0.00;34.31;car;;1;3.00
7765.00;23156030#6_0;109.07;9.57;7394.00;2.94;-23156305_0;5.10;0.00;tripinfo_out_gg_to_od.59;371.00;out_gg_to_od.59;0;3288.97;0.90;0.00;40.82;car;;1;3.00
7765.00;23142338#2_0;290.21;10.43;7501.00;0.80;803785575#0_0;5.10;0.00;tripinfo_out_od_to_ns.10;264.00;out_od_to_ns.10;0;1928.29;0.96;0.00;71.73;car;;2;45.00
7765.00;41899283#1_0;148.70;10.15;7621.00;0.02;-230845886_0;5.10;0.00;tripinfo_out_ba_to_as.55;144.00;out_ba_to_as.55;0;1430.78;1.02;0.00;16.19;car;;0;0.00
7766.00;28706217_0;94.10;7.24;7432.00;0.78;-23156305_0;5.10;0.00;tripinfo_out_gg_to_sl.26;334.00;out_gg_to_sl.26;0;2908.41;0.94;0.00;49.47;car;;3;12.00
7766.00;230845886_0;633.12;11.23;7628.00;2.30;23687583_0;5.10;0.00;tripinfo_out_as_to_ba.89;138.00;out_as_to_ba.89;0;1356.50;1.03;0.00;18.46;car;;0;0.00
7767.00;23156030#6_0;109.07;9.68;7525.00;0.75;-230845886_0;5.10;0.00;tripinfo_out_ba_to_od.61;242.00;out_ba_to_od.61;0;2315.50;0.99;0.00;30.72;car;;1;4.00
7767.00;23142338#2_0;290.21;10.42;7542.00;0.84;803785575#0_0;5.10;0.00;tripinfo_out_od_to_ns.11;225.00;out_od_to_ns.11;0;1928.29;0.98;0.00;36.37;car;;2;9.00
7775.00;45494495_0;58.90;10.58;7679.00;0.67;803785575#0_0;5.10;0.00;tripinfo_out_od_to_os.38;96.00;out_od_to_os.38;0;969.96;0.99;0.00;7.73;car;;0;0.00
7783.00;41899283#1_0;148.70;9.65;7563.00;0.06;-23142338#2_0;5.10;0.00;tripinfo_out_ns_to_as.69;220.00;out_ns_to_as.69;0;2009.37;0.96;0.00;30.55;car;;1;7.00
7783.00;45494495_0;58.90;9.44;7588.00;2.67;23687583_0;5.10;0.00;tripinfo_out_as_to_os.26;195.00;out_as_to_os.26;0;1689.77;0.90;0.00;25.21;car;;1;5.00
7784.00;23156030#6_0;109.07;8.43;7679.00;0.86;-45494495_0;5.10;0.00;tripinfo_out_os_to_od.80;105.00;out_os_to_od.80;0;865.51;0.83;0.00;10.06;car;;0;0.00
7784.00;23156030#6_1;109.07;12.01;7701.00;0.98;-45494495_0;5.10;0.00;tripinfo_out_os_to_od.81;83.00;out_os_to_od.81;0;865.51;1.17;0.00;15.73;car;;0;0.00
7786.00;23156030#6_0;109.07;11.94;7557.00;0.27;-230845886_0;5.10;0.00;tripinfo_out_ba_to_od.62;229.00;out_ba_to_od.62;0;2315.50;1.08;0.00;34.33;car;;1;2.00
7786.00;23156030#6_1;109.07;12.85;7704.00;2.48;-45494495_0;5.10;0.00;tripinfo_out_os_to_od.82;82.00;out_os_to_od.82;0;865.51;1.17;0.00;14.91;car;;0;0.00
7787.00;23156030#6_0;109.07;11.39;7520.00;0.65;-28716808#1_0;5.10;0.00;tripinfo_out_kl_to_od.42;267.00;out_kl_to_od.42;0;2657.03;1.09;0.00;46.19;car;;1;5.00
7791.00;28706217_0;94.10;6.07;7698.00;0.55;803785575#0_0;5.10;0.00;tripinfo_out_od_to_sl.14;93.00;out_od_to_sl.14;0;747.33;0.87;0.00;9.48;car;;0;0.00
7793.00;230845886_0;633.12;10.42;7633.00;0.67;-28716808#1_0;5.10;0.00;tripinfo_out_kl_to_ba.6;160.00;out_kl_to_ba.6;0;1656.22;1.03;0.00;13.44;car;;0;0.00
7794.00;41899283#1_0;148.70;9.26;7512.00;0.26;803785575#0_0;5.10;0.00;tripinfo_out_od_to_as.38;282.00;out_od_to_as.38;0;2382.09;0.85;0.00;28.28;car;;1;2.00
7798.00;28706217_0;94.10;7.84;7579.00;0.09;23687583_0;5.10;0.00;tripinfo_out_as_to_sl.36;219.00;out_as_to_sl.36;0;1976.75;1.05;0.00;44.07;car;;1;2.00
7800.00;45494495_0;58.90;9.15;7601.00;1.16;23687583_0;5.10;0.00;tripinfo_out_as_to_os.27;199.00;out_as_to_os.27;0;1689.77;0.93;0.00;34.18;car;;2;10.00
7800.00;23156030#6_0;109.07;9.75;7709.00;0.53;-45494495_0;5.10;0.00;tripinfo_out_os_to_od.83;91.00;out_os_to_od.83;0;865.51;0.96;0.00;8.71;car;;0;0.00
7803.00;230845886_0;633.12;9.96;7619.00;1.41;-45494495_0;5.10;0.00;tripinfo_out_os_to_ba.74;184.00;out_os_to_ba.74;0;1746.52;0.97;0.00;19.81;car;;0;0.00
7808.00;972103805_0;116.86;11.29;7509.00;0.71;-23156390_0;5.10;0.00;tripinfo_out_br_to_ko.27;299.00;out_br_to_ko.27;0;2703.95;1.11;0.00;77.36;car;;2;43.00
7809.00;230845886_0;633.12;9.54;7604.00;0.80;-45494495_0;5.10;0.00;tripinfo_out_os_to_ba.73;205.00;out_os_to_ba.73;0;1746.52;0.94;0.00;36.96;car;;1;12.00
7809.00;41899283#1_0;148.70;9.74;7645.00;0.09;-230845886_0;5.10;0.00;tripinfo_out_ba_to_as.56;164.00;out_ba_to_as.56;0;1430.78;0.93;0.00;23.92;car;;1;7.00
7810.00;23142338#2_0;290.21;9.35;7563.00;2.55;23687583_0;5.10;0.00;tripinfo_out_as_to_ns.83;247.00;out_as_to_ns.83;0;1995.73;0.85;0.00;31.62;car;;1;8.00
7811.00;23156030#6_1;109.07;12.12;7582.00;0.67;23687583_0;5.10;0.00;tripinfo_out_as_to_od.57;229.00;out_as_to_od.57;0;2357.31;1.14;0.00;42.30;car;;1;1.00
7811.00;230845886_0;633.12;12.69;7623.00;3.27;-45494495_0;5.10;0.00;tripinfo_out_os_to_ba.75;188.00;out_os_to_ba.75;0;1746.52;1.14;0.00;49.38;car;;0;0.00
7812.00;972103805_0;116.86;10.54;7529.00;0.04;-23156390_0;5.10;0.00;tripinfo_out_br_to_ko.28;283.00;out_br_to_ko.28;0;2703.95;1.04;0.00;47.58;car;;2;12.00
7813.00;230845886_0;633.12;11.26;7626.00;1.34;-45494495_0;5.10;0.00;tripinfo_out_os_to_ba.76;187.00;out_os_to_ba.76;0;1746.52;1.02;0.00;31.61;car;;0;0.00
7815.00;230845886_0;633.12;10.38;7629.00;2.05;-45494495_0;5.10;0.00;tripinfo_out_os_to_ba.77;186.00;out_os_to_ba.77;0;1746.52;1.05;0.00;34.47;car;;1;1.00
7818.00;23142338#2_0;290.21;10.38;7604.00;1.56;23687583_0;5.10;0.00;tripinfo_out_as_to_ns.84;214.00;out_as_to_ns.84;0;1995.73;0.96;0.00;25.53;car;;1;2.00
7818.00;230845886_0;633.12;10.49;7668.00;0.32;23687583_0;5.10;0.00;tripinfo_out_as_to_ba.90;150.00;out_as_to_ba.90;0;1356.50;1.04;0.00;32.33;car;;2;10.00
7820.00;23156030#6_1;109.07;9.46;7553.00;0.18;23687583_0;5.10;0.00;tripinfo_out_as_to_od.56;267.00;out_as_to_od.56;0;2357.31;0.94;0.00;39.75;car;;2;5.00
7820.00;23156030#6_0;109.07;9.59;7566.00;0.88;-230845886_0;5.10;0.00;tripinfo_out_ba_to_od.63;254.00;out_ba_to_od.63;0;2315.50;0.89;0.00;19.19;car;;0;0.00
7820.00;23142338#2_0;290.21;11.14;7607.00;2.16;23687583_0;5.10;0.00;tripinfo_out_as_to_ns.85;213.00;out_as_to_ns.85;0;1995.73;1.10;0.00;47.64;car;;2;17.00
7821.00;23156030#6_0;109.07;10.61;7461.00;0.24;-23156305_0;5.10;0.00;tripinfo_out_gg_to_od.61;360.00;out_gg_to_od.61;0;3288.97;1.04;0.00;73.64;car;;2;12.00
7822.00;230845886_0;633.12;10.94;7523.00;0.58;-23156305_0;5.10;0.00;tripinfo_out_gg_to_ba.37;299.00;out_gg_to_ba.37;0;2288.16;1.07;0.00;104.78;car;;4;55.00
7823.00;23156030#6_0;109.07;11.42;7585.00;1.40;23687583_0;5.10;0.00;tripinfo_out_as_to_od.58;238.00;out_as_to_od.58;0;2357.31;1.10;0.00;45.43;car;;2;2.00
7826.00;45494495_0;58.90;10.31;7653.00;2.31;-230845886_0;5.10;0.00;tripinfo_out_ba_to_os.29;173.00;out_ba_to_os.29;0;1647.96;0.96;0.00;16.69;car;;0;0.00
7827.00;41899283#1_0;148.70;9.58;7632.00;2.58;-45494495_0;5.10;0.00;tripinfo_out_os_to_as.84;195.00;out_os_to_as.84;0;1746.47;0.95;0.00;29.01;car;;1;4.00
7829.00;41899283#1_0;148.70;10.72;7575.00;0.15;-23156390_0;5.10;0.00;tripinfo_out_br_to_as.20;254.00;out_br_to_as.20;0;2020.44;1.02;0.00;74.27;car;;2;48.00
7831.00;41899283#1_0;148.70;11.00;7585.00;3.08;-23156305_0;5.10;0.00;tripinfo_out_gg_to_as.17;246.00;out_gg_to_as.17;0;1699.56;1.05;0.00;98.97;car;;4;45.00
7832.00;23156030#6_0;109.07;8.95;7530.00;0.32;-28716808#1_0;5.10;0.00;tripinfo_out_kl_to_od.43;302.00;out_kl_to_od.43;0;2657.03;0.90;0.00;35.60;car;;1;3.00
7833.00;45494495_0;58.90;9.08;7721.00;0.73;803785575#0_0;5.10;0.00;tripinfo_out_od_to_os.39;112.00;out_od_to_os.39;0;969.96;0.86;0.00;10.06;car;;0;0.00
7834.00;23156030#6_0;109.07;10.29;7537.00;0.12;-23156390_0;5.10;0.00;tripinfo_out_br_to_od.52;297.00;out_br_to_od.52;0;2905.16;0.96;0.00;22.61;car;;0;0.00
7835.00;45494495_0;58.90;11.62;7743.00;0.93;803785575#0_0;5.10;0.00;tripinfo_out_od_to_os.40;92.00;out_od_to_os.40;0;969.96;1.09;0.00;10.57;car;;0;0.00
7836.00;230845886_0;633.12;10.11;7697.00;1.98;23687583_0;5.10;0.00;tripinfo_out_as_to_ba.91;139.00;out_as_to_ba.91;0;1356.50;0.95;0.00;10.68;car;;0;0.00
7838.00;28706217_0;94.10;7.86;7540.00;0.59;-23156390_0;5.10;0.00;tripinfo_out_br_to_sl.12;298.00;out_br_to_sl.12;0;2524.60;0.94;0.00;50.58;car;;2;19.00
7840.00;28706217_0;94.10;8.01;7616.00;0.79;23687583_0;5.10;0.00;tripinfo_out_as_to_sl.37;224.00;out_as_to_sl.37;0;1976.75;1.01;0.00;41.49;car;;2;5.00
7842.00;28706217_0;94.10;9.29;7631.00;2.70;23687583_0;5.10;0.00;tripinfo_out_as_to_sl.38;211.00;out_as_to_sl.38;0;1976.75;1.14;0.00;50.20;car;;0;0.00
7843.00;23142338#2_0;290.21;10.54;7610.00;3.83;23687583_0;5.10;0.00;tripinfo_out_as_to_ns.86;233.00;out_as_to_ns.86;0;1995.73;0.95;0.00;43.08;car;;2;12.00
7845.00;23142338#2_0;290.21;11.29;7464.00;0.30;-23156305_0;5.10;0.00;tripinfo_out_gg_to_ns.45;381.00;out_gg_to_ns.45;0;2927.39;1.08;0.00;135.77;car;;6;80.00
7849.00;41899283#1_0;148.70;9.31;7583.00;0.35;-23156390_0;5.10;0.00;tripinfo_out_br_to_as.21;266.00;out_br_to_as.21;0;2020.44;0.93;0.00;69.50;car;;3;38.00
7850.00;23156030#6_0;109.07;9.82;7602.00;0.23;-230845886_0;5.10;0.00;tripinfo_out_ba_to_od.64;248.00;out_ba_to_od.64;0;2315.50;0.95;0.00;27.64;car;;1;6.00
7851.00;28706217_0;94.10;7.85;7634.00;4.25;23687583_0;5.10;0.00;tripinfo_out_as_to_sl.39;217.00;out_as_to_sl.39;0;1976.75;0.95;0.00;23.97;car;;1;1.00
7852.00;23142338#2_0;290.21;10.32;7469.00;0.79;-23156305_0;5.10;0.00;tripinfo_out_gg_to_ns.46;383.00;out_gg_to_ns.46;0;2927.39;1.03;0.00;125.86;car;;6;72.00
7853.00;230845886_0;633.12;9.82;7700.00;1.17;23687583_0;5.10;0.00;tripinfo_out_as_to_ba.92;153.00;out_as_to_ba.92;0;1356.50;0.93;0.00;21.31;car;;1;6.00
7854.00;23142338#2_0;290.21;11.12;7637.00;5.59;23687583_0;5.10;0.00;tripinfo_out_as_to_ns.87;217.00;out_as_to_ns.87;0;1995.73;1.09;0.00;50.72;car;;2;10.00
7855.00;230845886_0;633.12;11.55;7708.00;0.40;23687583_0;5.10;0.00;tripinfo_out_as_to_ba.93;147.00;out_as_to_ba.93;0;1356.50;1.09;0.00;33.76;car;;1;6.00
7856.00;23142338#2_0;290.21;12.58;7475.00;6.60;-23156305_0;5.10;0.00;tripinfo_out_gg_to_ns.47;381.00;out_gg_to_ns.47;0;2927.39;1.19;0.00;157.73;car;;5;75.00
7856.00;23156030#6_1;109.07;11.84;7594.00;1.21;23687583_0;5.10;0.00;tripinfo_out_as_to_od.60;262.00;out_as_to_od.60;0;2357.31;1.07;0.00;63.11;car;;2;15.00
7857.00;230845886_0;633.12;10.59;7526.00;3.36;-23156305_0;5.10;0.00;tripinfo_out_gg_to_ba.38;331.00;out_gg_to_ba.38;0;2288.16;1.06;0.00;135.51;car;;4;81.00
7859.00;23156030#6_0;109.07;10.47;7591.00;1.21;23687583_0;5.10;0.00;tripinfo_out_as_to_od.59;268.00;out_as_to_od.59;0;2357.31;0.95;0.00;44.76;car;;2;15.00
7860.00;41899283#1_0;148.70;9.90;7625.00;0.29;-23142338#2_0;5.10;0.00;tripinfo_out_ns_to_as.70;235.00;out_ns_to_as.70;0;2009.37;0.89;0.00;29.99;car;;1;3.00
7862.00;41899283#1_0;148.70;11.27;7636.00;0.81;-23142338#2_0;5.10;0.00;tripinfo_out_ns_to_as.71;226.00;out_ns_to_as.71;0;2009.37;1.04;0.00;50.15;car;;1;2.00
7866.00;41899283#1_0;148.70;9.62;7669.00;1.25;-23156305_0;5.10;0.00;tripinfo_out_gg_to_as.18;197.00;out_gg_to_as.18;0;1699.56;0.91;0.00;26.54;car;;1;6.00
7869.00;230845886_0;633.12;9.24;7603.00;0.66;-23142338#2_0;5.10;0.00;tripinfo_out_ns_to_ba.39;266.00;out_ns_to_ba.39;0;2340.42;0.88;0.00;29.03;car;;1;6.00
7869.00;23156030#6_0;109.07;12.05;7613.00;0.85;-28716808#1_0;5.10;0.00;tripinfo_out_kl_to_od.44;256.00;out_kl_to_od.44;0;2657.03;1.11;0.00;38.64;car;;0;0.00
7872.00;972103805_0;116.86;10.42;7659.00;0.62;-28716808#1_0;5.10;0.00;tripinfo_out_kl_to_ko.34;213.00;out_kl_to_ko.34;0;1927.03;0.95;0.00;29.00;car;;1;7.00
7872.00;230845886_0;633.12;9.74;7682.00;3.55;-45494495_0;5.10;0.00;tripinfo_out_os_to_ba.78;190.00;out_os_to_ba.78;0;1746.52;0.93;0.00;18.90;car;;0;0.00
7873.00;230845886_0;633.12;12.45;7731.00;3.33;23687583_0;5.10;0.00;tripinfo_out_as_to_ba.94;142.00;out_as_to_ba.94;0;1356.50;1.19;0.00;39.49;car;;0;0.00
7874.00;972103805_0;116.86;10.79;7677.00;0.06;-28716808#1_0;5.10;0.00;tripinfo_out_kl_to_ko.35;197.00;out_kl_to_ko.35;0;1927.03;1.06;0.00;32.57;car;;1;1.00
7877.00;23156030#6_0;109.07;9.46;7472.00;3.76;-23156305_0;5.10;0.00;tripinfo_out_gg_to_od.62;405.00;out_gg_to_od.62;0;3288.97;0.92;0.00;82.01;car;;1;46.00
7877.00;23156030#6_1;109.07;11.59;7678.00;0.56;-23142338#2_0;5.10;0.00;tripinfo_out_ns_to_od.21;199.00;out_ns_to_od.21;0;2005.01;1.13;0.00;27.75;car;;1;4.00
7879.00;28706217_0;94.10;8.55;7496.00;0.35;-23156305_0;5.10;0.00;tripinfo_out_gg_to_sl.27;383.00;out_gg_to_sl.27;0;2908.41;1.11;0.00;140.61;car;;4;88.00
7883.00;230845886_0;633.12;11.91;7558.00;0.59;-23156305_0;5.10;0.00;tripinfo_out_gg_to_ba.39;325.00;out_gg_to_ba.39;0;2288.16;1.09;0.00;135.00;car;;6;77.00
7889.00;230845886_0;633.12;12.53;7707.00;0.84;-23156390_0;5.10;0.00;tripinfo_out_br_to_ba.6;182.00;out_br_to_ba.6;0;1904.35;1.13;0.00;28.99;car;;1;11.00
7893.00;41899283#1_0;148.70;10.21;7713.00;0.57;-45494495_0;5.10;0.00;tripinfo_out_os_to_as.85;180.00;out_os_to_as.85;0;1746.47;0.97;0.00;17.35;car;;0;0.00
7895.00;23156030#6_0;109.07;10.79;7651.00;0.44;23687583_0;5.10;0.00;tripinfo_out_as_to_od.61;244.00;out_as_to_od.61;0;2357.31;0.98;0.00;25.91;car;;1;3.00
7897.00;23142338#2_0;290.21;9.37;7640.00;0.38;23687583_0;5.10;0.00;tripinfo_out_as_to_ns.88;257.00;out_as_to_ns.88;0;1995.73;0.88;0.00;50.81;car;;3;14.00
7897.00;41899283#1_0;148.70;10.71;7759.00;0.53;-28716808#1_0;5.10;0.00;tripinfo_out_kl_to_as.25;138.00;out_kl_to_as.25;0;1233.18;0.99;0.00;24.38;car;;1;9.00
7898.00;23156030#6_0;109.07;10.10;7805.00;0.03;-45494495_0;5.10;0.00;tripinfo_out_os_to_od.84;93.00;out_os_to_od.84;0;865.51;0.96;0.00;11.74;car;;0;0.00
7899.00;23142338#2_0;290.21;10.52;7644.00;4.09;23687583_0;5.10;0.00;tripinfo_out_as_to_ns.89;255.00;out_as_to_ns.89;0;1995.73;1.02;0.00;75.68;car;;3;14.00
7901.00;23142338#2_0;290.21;10.85;7675.00;0.76;23687583_0;5.10;0.00;tripinfo_out_as_to_ns.90;226.00;out_as_to_ns.90;0;1995.73;1.04;0.00;51.46;car;;3;10.00
7902.00;41899283#1_0;148.70;9.12;7681.00;0.64;-23142338#2_0;5.10;0.00;tripinfo_out_ns_to_as.72;221.00;out_ns_to_as.72;0;2009.37;0.92;0.00;22.08;car;;0;0.00
7902.00;23142338#2_0;290.21;11.61;7693.00;0.69;23687583_0;5.10;0.00;tripinfo_out_as_to_ns.91;209.00;out_as_to_ns.91;0;1995.73;1.15;0.00;51.75;car;;1;4.00
7909.00;23142338#2_0;290.21;11.40;7542.00;0.76;-23156305_0;5.10;0.00;tripinfo_out_gg_to_ns.48;367.00;out_gg_to_ns.48;0;2927.39;1.06;0.00;116.55;car;;4;67.00
7911.00;23156030#6_0;109.07;10.50;7636.00;1.02;-28716808#1_0;5.10;0.00;tripinfo_out_kl_to_od.45;275.00;out_kl_to_od.45;0;2657.03;1.02;0.00;38.64;car;;1;12.00
7911.00;41899283#1_0;148.70;9.39;7636.00;0.12;-23156390_0;5.10;0.00;tripinfo_out_br_to_as.22;275.00;out_br_to_as.22;0;2020.44;0.89;0.00;68.95;car;;3;21.00
7912.00;41899283#1_0;148.70;11.76;7769.00;0.06;-230845886_0;5.10;0.00;tripinfo_out_ba_to_as.58;143.00;out_ba_to_as.58;0;1430.78;1.08;0.00;23.41;car;;0;0.00
7913.00;972103805_0;116.86;10.70;7588.00;1.10;-23156305_0;5.10;0.00;tripinfo_out_gg_to_ko.24;325.00;out_gg_to_ko.24;0;2416.59;0.97;0.00;98.56;car;;2;40.00
7913.00;230845886_0;633.12;9.72;7651.00;0.49;-23156305_0;5.10;0.00;tripinfo_out_gg_to_ba.40;262.00;out_gg_to_ba.40;0;2288.16;0.94;0.00;41.96;car;;2;9.00
7915.00;28706217_0;94.10;7.50;7679.00;0.36;23687583_0;5.10;0.00;tripinfo_out_as_to_sl.40;236.00;out_as_to_sl.40;0;1976.75;0.91;0.00;35.33;car;;1;6.00
7915.00;230845886_0;633.12;10.52;7765.00;1.76;23687583_0;5.10;0.00;tripinfo_out_as_to_ba.95;150.00;out_as_to_ba.95;0;1356.50;0.97;0.00;24.08;car;;1;4.00
7917.00;28706217_0;94.10;8.89;7714.00;1.93;-230845886_0;5.10;0.00;tripinfo_out_ba_to_sl.20;203.00;out_ba_to_sl.20;0;1934.94;1.17;0.00;49.35;car;;1;1.00
7926.00;41899283#1_0;148.70;8.44;7754.00;0.42;-230845886_0;5.10;0.00;tripinfo_out_ba_to_as.57;172.00;out_ba_to_as.57;0;1430.78;0.82;0.00;14.15;car;;0;0.00
7928.00;41899283#1_0;148.70;11.84;7803.00;0.94;-28716808#1_0;5.10;0.00;tripinfo_out_kl_to_as.26;125.00;out_kl_to_as.26;0;1233.18;1.19;0.00;31.13;car;;1;2.00
7930.00;41899283#1_0;148.70;9.81;7704.00;0.49;-23142338#2_0;5.10;0.00;tripinfo_out_ns_to_as.74;226.00;out_ns_to_as.74;0;2009.37;0.98;0.00;39.10;car;;1;5.00
7932.00;41899283#1_0;148.70;9.52;7695.00;0.78;-23142338#2_0;5.10;0.00;tripinfo_out_ns_to_as.73;237.00;out_ns_to_as.73;0;2009.37;0.93;0.00;41.25;car;;1;5.00
7932.00;28706217_0;94.10;6.81;7846.00;0.75;-45494495_0;5.10;0.00;tripinfo_out_os_to_sl.11;86.00;out_os_to_sl.11;0;484.95;0.85;0.00;27.77;car;;3;5.00
7934.00;41899283#1_0;148.70;11.78;7719.00;0.41;-23142338#2_0;5.10;0.00;tripinfo_out_ns_to_as.75;215.00;out_ns_to_as.75;0;2009.37;1.12;0.00;50.71;car;;2;6.00
7939.00;45494495_0;58.90;7.21;7586.00;3.14;-23156390_0;5.10;0.00;tripinfo_out_br_to_os.15;353.00;out_br_to_os.15;0;2237.62;0.73;0.00;75.42;car;;2;43.00
7941.00;45494495_0;58.90;8.35;7718.00;0.25;23687583_0;5.10;0.00;tripinfo_out_as_to_os.28;223.00;out_as_to_os.28;0;1689.77;0.85;0.00;44.47;car;;1;4.00
7942.00;23156030#6_1;109.07;13.03;7852.00;0.95;-45494495_0;5.10;0.00;tripinfo_out_os_to_od.85;90.00;out_os_to_od.85;0;865.51;1.26;0.00;27.18;car;;1;2.00
7943.00;23156030#6_0;109.07;11.71;7655.00;0.03;-28716808#1_0;5.10;0.00;tripinfo_out_kl_to_od.46;288.00;out_kl_to_od.46;0;2657.03;1.06;0.00;61.59;car;;2;15.00
7943.00;45494495_0;58.90;9.54;7728.00;1.18;23687583_0;5.10;0.00;tripinfo_out_as_to_os.29;215.00;out_as_to_os.29;0;1689.77;0.95;0.00;53.59;car;;0;0.00
7944.00;230845886_0;633.12;11.26;7750.00;0.49;-45494495_0;5.10;0.00;tripinfo_out_os_to_ba.79;194.00;out_os_to_ba.79;0;1746.52;1.03;0.00;40.84;car;;0;0.00
7944.00;23156030#6_1;109.07;13.15;7870.00;0.34;-45494495_0;5.10;0.00;tripinfo_out_os_to_od.86;74.00;out_os_to_od.86;0;865.51;1.23;0.00;10.00;car;;0;0.00
7945.00;45494495_0;58.90;9.00;7640.00;0.96;-23156305_0;5.10;0.00;tripinfo_out_gg_to_os.21;305.00;out_gg_to_os.21;0;2621.43;0.91;0.00;45.09;car;;1;6.00
7945.00;23142338#2_0;290.21;10.09;7738.00;0.94;23687583_0;5.10;0.00;tripinfo_out_as_to_ns.92;207.00;out_as_to_ns.92;0;1995.73;0.96;0.00;18.24;car;;0;0.00
7945.00;41899283#1_0;148.70;11.19;7772.00;0.63;-45494495_0;5.10;0.00;tripinfo_out_os_to_as.87;173.00;out_os_to_as.87;0;1746.47;1.07;0.00;25.97;car;;0;0.00
7947.00;23156030#6_0;109.07;10.36;7502.00;0.19;-23156305_0;5.10;0.00;tripinfo_out_gg_to_od.63;445.00;out_gg_to_od.63;0;3288.97;0.94;0.00;127.88;car;;5;73.00
7947.00;23156030#6_1;109.07;11.37;7670.00;0.53;-28716808#1_0;5.10;0.00;tripinfo_out_kl_to_od.47;277.00;out_kl_to_od.47;0;2657.03;1.12;0.00;61.33;car;;2;14.00
7947.00;45494495_0;58.90;10.42;7710.00;1.90;-23156390_0;5.10;0.00;tripinfo_out_br_to_os.16;237.00;out_br_to_os.16;0;2237.62;0.96;0.00;26.07;car;;0;0.00
7947.00;28706217_0;94.10;10.26;7778.00;0.98;-23142338#2_0;5.10;0.00;tripinfo_out_ns_to_sl.13;169.00;out_ns_to_sl.13;0;1619.36;1.24;0.00;37.55;car;;2;11.00
7949.00;23142338#2_0;290.21;10.37;7550.00;0.76;-23156305_0;5.10;0.00;tripinfo_out_gg_to_ns.49;399.00;out_gg_to_ns.49;0;2927.39;1.05;0.00;144.76;car;;5;83.00
7950.00;230845886_0;633.12;11.03;7716.00;0.46;803785575#0_0;5.10;0.00;tripinfo_out_od_to_ba.12;234.00;out_od_to_ba.12;0;2382.14;1.01;0.00;20.34;car;;0;0.00
7951.00;23156030#6_0;109.07;10.14;7713.00;0.06;23687583_0;5.10;0.00;tripinfo_out_as_to_od.62;238.00;out_as_to_od.62;0;2357.31;1.00;0.00;25.72;car;;0;0.00
7952.00;972103805_0;116.86;8.99;7675.00;0.85;-23156305_0;5.10;0.00;tripinfo_out_gg_to_ko.25;277.00;out_gg_to_ko.25;0;2416.59;0.89;0.00;29.74;car;;0;0.00
7960.00;230845886_0;633.12;10.48;7819.00;2.78;23687583_0;5.10;0.00;tripinfo_out_as_to_ba.96;141.00;out_as_to_ba.96;0;1356.50;0.96;0.00;13.02;car;;0;0.00
7965.00;23142338#2_0;290.21;10.48;7582.00;0.94;-23156305_0;5.10;0.00;tripinfo_out_gg_to_ns.50;383.00;out_gg_to_ns.50;0;2927.39;0.96;0.00;105.49;car;;4;50.00
7965.00;41899283#1_0;148.70;8.80;7736.00;0.66;-45494495_0;5.10;0.00;tripinfo_out_os_to_as.86;229.00;out_os_to_as.86;0;1746.47;0.80;0.00;29.47;car;;1;1.00
7966.00;23142338#2_0;290.21;10.26;7731.00;0.66;-28716808#1_0;5.10;0.00;tripinfo_out_kl_to_ns.9;235.00;out_kl_to_ns.9;0;2305.34;1.00;0.00;25.39;car;;0;0.00
7966.00;41899283#1_0;148.70;10.97;7771.00;0.38;-23156390_0;5.10;0.00;tripinfo_out_br_to_as.23;195.00;out_br_to_as.23;0;2020.44;1.10;0.00;28.84;car;;1;8.00
7967.00;45494495_0;58.90;10.98;7707.00;0.75;-23156305_0;5.10;0.00;tripinfo_out_gg_to_os.22;260.00;out_gg_to_os.22;0;2621.43;1.10;0.00;45.12;car;;1;3.00
7973.00;41899283#1_0;148.70;9.46;7818.00;2.93;-230845886_0;5.10;0.00;tripinfo_out_ba_to_as.59;155.00;out_ba_to_as.59;0;1430.78;0.94;0.00;17.70;car;;0;0.00
7977.00;23156030#6_0;109.07;9.30;7876.00;0.87;-45494495_0;5.10;0.00;tripinfo_out_os_to_od.87;101.00;out_os_to_od.87;0;865.51;0.93;0.00;16.98;car;;1;5.00
7986.00;230845886_0;633.12;8.50;7829.00;3.47;23687583_0;5.10;0.00;tripinfo_out_as_to_ba.97;157.00;out_as_to_ba.97;0;1356.50;0.86;0.00;13.49;car;;0;0.00
7988.00;230845886_0;633.12;11.19;7845.00;0.77;23687583_0;5.10;0.00;tripinfo_out_as_to_ba.98;143.00;out_as_to_ba.98;0;1356.50;1.03;0.00;23.58;car;;0;0.00
7992.00;230845886_0;633.12;10.42;7756.00;0.47;-23142338#2_0;5.10;0.00;tripinfo_out_ns_to_ba.40;236.00;out_ns_to_ba.40;0;2340.42;0.97;0.00;19.31;car;;0;0.00
7993.00;230845886_0;633.12;11.64;7773.00;0.91;-23142338#2_0;5.10;0.00;tripinfo_out_ns_to_ba.41;220.00;out_ns_to_ba.41;0;2340.42;1.14;0.00;35.84;car;;1;1.00
7994.00;23156030#6_0;109.07;11.17;7595.00;0.83;-23156390_0;5.10;0.00;tripinfo_out_br_to_od.53;399.00;out_br_to_od.53;0;2905.16;1.09;0.00;159.09;car;;2;41.00
7996.00;23142338#2_0;290.21;12.11;7599.00;0.12;-45494495_0;5.10;0.00;tripinfo_out_os_to_ns.11;397.00;out_os_to_ns.11;0;1665.91;1.17;0.00;258.16;car;;4;224.00
8000.00;41899283#1_0;148.70;11.27;7794.00;0.78;-23142338#2_0;5.10;0.00;tripinfo_out_ns_to_as.76;206.00;out_ns_to_as.76;0;2009.37;1.09;0.00;37.79;car;;1;1.00
8001.00;45494495_0;58.90;8.86;7790.00;0.60;-23142338#2_0;5.10;0.00;tripinfo_out_ns_to_os.6;211.00;out_ns_to_os.6;0;1865.82;0.90;0.00;23.83;car;;1;2.00
8002.00;45494495_0;58.90;11.41;7845.00;0.60;-230845886_0;5.10;0.00;tripinfo_out_ba_to_os.30;157.00;out_ba_to_os.30;0;1647.96;1.21;0.00;33.96;car;;1;2.00
8004.00;23142338#2_0;290.21;11.15;7633.00;2.68;-23156390_0;5.10;0.00;tripinfo_out_br_to_ns.9;371.00;out_br_to_ns.9;0;2936.02;1.03;0.00;113.63;car;;4;27.00
8006.00;28706217_0;94.10;7.99;7666.00;0.86;-23156305_0;5.10;0.00;tripinfo_out_gg_to_sl.28;340.00;out_gg_to_sl.28;0;2908.41;1.09;0.00;94.18;car;;3;26.00
8009.00;972103805_0;116.86;10.21;7718.00;0.88;-23156305_0;5.10;0.00;tripinfo_out_gg_to_ko.26;291.00;out_gg_to_ko.26;0;2416.59;0.93;0.00;55.35;car;;1;26.00
8009.00;45494495_0;58.90;10.81;7832.00;2.89;23687583_0;5.10;0.00;tripinfo_out_as_to_os.30;177.00;out_as_to_os.30;0;1689.77;1.01;0.00;25.15;car;;0;0.00
8012.00;23156030#6_0;109.07;9.60;7657.00;0.81;-23156390_0;5.10;0.00;tripinfo_out_br_to_od.55;355.00;out_br_to_od.55;0;2905.16;0.93;0.00;73.27;car;;2;13.00
8012.00;23156030#6_1;109.07;11.54;7783.00;0.85;-230845886_0;5.10;0.00;tripinfo_out_ba_to_od.65;229.00;out_ba_to_od.65;0;2315.50;1.04;0.00;28.45;car;;0;0.00
8014.00;23156030#6_1;109.07;11.68;7618.00;0.40;-23156305_0;5.10;0.00;tripinfo_out_gg_to_od.64;396.00;out_gg_to_od.64;0;3288.97;1.07;0.00;117.14;car;;2;35.00
8015.00;23156030#6_0;109.07;9.42;7630.00;0.24;-23156390_0;5.10;0.00;tripinfo_out_br_to_od.54;385.00;out_br_to_od.54;0;2905.16;0.86;0.00;79.75;car;;1;19.00
8016.00;41899283#1_0;148.70;9.09;7830.00;0.00;-45494495_0;5.10;0.00;tripinfo_out_os_to_as.88;186.00;out_os_to_as.88;0;1746.47;0.93;0.00;15.82;car;;0;0.00
8019.00;41899283#1_0;148.70;10.27;7810.00;1.12;-23142338#2_0;5.10;0.00;tripinfo_out_ns_to_as.77;209.00;out_ns_to_as.77;0;2009.37;1.02;0.00;29.55;car;;2;4.00
8025.00;45494495_0;58.90;9.55;7814.00;0.66;-23142338#2_0;5.10;0.00;tripinfo_out_ns_to_os.7;211.00;out_ns_to_os.7;0;1865.82;0.89;0.00;21.47;car;;1;1.00
8026.00;230845886_0;633.12;10.61;7893.00;1.28;23687583_0;5.10;0.00;tripinfo_out_as_to_ba.99;133.00;out_as_to_ba.99;0;1356.50;1.07;0.00;18.19;car;;1;3.00
8028.00;45494495_0;58.90;11.18;7744.00;0.42;-23156305_0;5.10;0.00;tripinfo_out_gg_to_os.23;284.00;out_gg_to_os.23;0;2621.43;1.05;0.00;59.20;car;;2;23.00
8028.00;230845886_0;633.12;11.27;7902.00;1.89;23687583_0;5.10;0.00;tripinfo_out_as_to_ba.100;126.00;out_as_to_ba.100;0;1356.50;1.07;0.00;11.03;car;;0;0.00
8032.00;41899283#1_0;148.70;8.98;7825.00;1.93;-23156305_0;5.10;0.00;tripinfo_out_gg_to_as.19;207.00;out_gg_to_as.19;0;1699.56;0.88;0.00;31.50;car;;1;5.00
8032.00;23156030#6_0;109.07;11.36;7937.00;0.21;-45494495_0;5.10;0.00;tripinfo_out_os_to_od.88;95.00;out_os_to_od.88;0;865.51;1.10;0.00;23.89;car;;1;12.00
8034.00;23142338#2_0;290.21;10.03;7816.00;0.92;23687583_0;5.10;0.00;tripinfo_out_as_to_ns.93;218.00;out_as_to_ns.93;0;1995.73;1.02;0.00;39.43;car;;0;0.00
8036.00;23156030#6_0;109.07;12.56;7746.00;0.74;-28716808#1_0;5.10;0.00;tripinfo_out_kl_to_od.49;290.00;out_kl_to_od.49;0;2657.03;1.14;0.00;79.03;car;;1;9.00
8036.00;41899283#1_0;148.70;9.71;7828.00;0.28;-23156390_0;5.10;0.00;tripinfo_out_br_to_as.24;208.00;out_br_to_as.24;0;2020.44;0.95;0.00;16.05;car;;0;0.00
8036.00;45494495_0;58.90;8.59;7923.00;0.53;803785575#0_0;5.10;0.00;tripinfo_out_od_to_os.41;113.00;out_od_to_os.41;0;969.96;0.85;0.00;9.95;car;;0;0.00
8037.00;972103805_0;116.86;6.82;7598.00;0.56;-23156390_0;5.10;0.00;tripinfo_out_br_to_ko.29;439.00;out_br_to_ko.29;0;2703.95;0.67;0.00;73.01;car;;3;24.00
8037.00;23142338#2_0;290.21;10.21;7822.00;4.95;23687583_0;5.10;0.00;tripinfo_out_as_to_ns.94;215.00;out_as_to_ns.94;0;1995.73;0.99;0.00;32.15;car;;1;1.00
8038.00;45494495_0;58.90;11.26;7756.00;0.82;-23156305_0;5.10;0.00;tripinfo_out_gg_to_os.24;282.00;out_gg_to_os.24;0;2621.43;1.05;0.00;56.14;car;;3;15.00
8039.00;972103805_0;116.86;10.63;7725.00;0.05;-23156305_0;5.10;0.00;tripinfo_out_gg_to_ko.27;314.00;out_gg_to_ko.27;0;2416.59;1.09;0.00;112.94;car;;2;28.00
8039.00;23142338#2_0;290.21;10.96;7825.00;4.25;23687583_0;5.10;0.00;tripinfo_out_as_to_ns.95;214.00;out_as_to_ns.95;0;1995.73;1.04;0.00;38.21;car;;1;11.00
8042.00;28706217_0;94.10;7.75;7981.00;1.75;-45494495_0;5.10;0.00;tripinfo_out_os_to_sl.12;61.00;out_os_to_sl.12;0;484.95;1.08;0.00;15.40;car;;1;4.00
8046.00;23156030#6_1;109.07;10.29;7690.00;0.74;-23156305_0;5.10;0.00;tripinfo_out_gg_to_od.65;356.00;out_gg_to_od.65;0;3288.97;1.02;0.00;66.14;car;;2;12.00
8047.00;23142338#2_0;290.21;9.65;7835.00;3.29;23687583_0;5.10;0.00;tripinfo_out_as_to_ns.96;212.00;out_as_to_ns.96;0;1995.73;0.96;0.00;22.87;car;;0;0.00
8048.00;23156030#6_1;109.07;11.30;7757.00;0.51;-23156390_0;5.10;0.00;tripinfo_out_br_to_od.56;291.00;out_br_to_od.56;0;2905.16;1.08;0.00;46.61;car;;1;1.00
8049.00;23156030#6_0;109.07;9.21;7771.00;0.84;23687583_0;5.10;0.00;tripinfo_out_as_to_od.63;278.00;out_as_to_od.63;0;2357.31;0.88;0.00;35.57;car;;1;10.00
8050.00;972103805_0;116.86;10.27;7780.00;0.87;-23156390_0;5.10;0.00;tripinfo_out_br_to_ko.30;270.00;out_br_to_ko.30;0;2703.95;1.03;0.00;32.32;car;;1;3.00
8052.00;23156030#6_0;109.07;8.61;7737.00;0.01;-28716808#1_0;5.10;0.00;tripinfo_out_kl_to_od.48;315.00;out_kl_to_od.48;0;2657.03;0.88;0.00;43.45;car;;1;9.00
8053.00;45494495_0;58.90;9.23;7872.00;1.58;23687583_0;5.10;0.00;tripinfo_out_as_to_os.31;181.00;out_as_to_os.31;0;1689.77;0.93;0.00;17.73;car;;0;0.00
8054.00;23156030#6_0;109.07;10.08;7791.00;0.30;23687583_0;5.10;0.00;tripinfo_out_as_to_od.64;263.00;out_as_to_od.64;0;2357.31;0.91;0.00;29.87;car;;1;1.00
8057.00;41899283#1_0;148.70;8.81;7856.00;0.49;-45494495_0;5.10;0.00;tripinfo_out_os_to_as.89;201.00;out_os_to_as.89;0;1746.47;0.89;0.00;22.22;car;;1;1.00
8058.00;23156030#6_0;109.07;10.09;7807.00;0.59;23687583_0;5.10;0.00;tripinfo_out_as_to_od.65;251.00;out_as_to_od.65;0;2357.31;0.96;0.00;29.20;car;;2;3.00
8060.00;230845886_0;633.12;10.47;7767.00;0.82;-23156305_0;5.10;0.00;tripinfo_out_gg_to_ba.41;293.00;out_gg_to_ba.41;0;2288.16;0.97;0.00;78.17;car;;1;47.00
8065.00;23142338#2_0;290.21;10.16;7721.00;1.96;-23156305_0;5.10;0.00;tripinfo_out_gg_to_ns.51;344.00;out_gg_to_ns.51;0;2927.39;0.98;0.00;73.51;car;;3;28.00
8066.00;28706217_0;94.10;9.41;7869.00;0.40;23687583_0;5.10;0.00;tripinfo_out_as_to_sl.41;197.00;out_as_to_sl.41;0;1976.75;1.15;0.00;37.30;car;;1;2.00
8068.00;972103805_0;116.86;10.48;7783.00;2.15;-23156390_0;5.10;0.00;tripinfo_out_br_to_ko.31;285.00;out_br_to_ko.31;0;2703.95;1.05;0.00;51.82;car;;2;21.00
8071.00;972103805_0;116.86;10.84;7796.00;0.65;-23156390_0;5.10;0.00;tripinfo_out_br_to_ko.32;275.00;out_br_to_ko.32;0;2703.95;1.06;0.00;43.59;car;;1;9.00
8072.00;230845886_0;633.12;9.52;7813.00;0.24;803785575#0_0;5.10;0.00;tripinfo_out_od_to_ba.13;259.00;out_od_to_ba.13;0;2382.14;0.90;0.00;21.25;car;;0;0.00
8079.00;23156030#6_0;109.07;10.18;7790.00;0.92;-23156390_0;5.10;0.00;tripinfo_out_br_to_od.57;289.00;out_br_to_od.57;0;2905.16;0.99;0.00;22.93;car;;0;0.00
8080.00;28706217_0;94.10;8.04;7850.00;1.37;-23142338#2_0;5.10;0.00;tripinfo_out_ns_to_sl.14;230.00;out_ns_to_sl.14;0;1619.36;1.12;0.00;83.76;car;;4;19.00
8081.00;230845886_0;633.12;9.83;7779.00;2.02;-23156305_0;5.10;0.00;tripinfo_out_gg_to_ba.42;302.00;out_gg_to_ba.42;0;2288.16;0.92;0.00;75.49;car;;2;45.00
8082.00;230845886_0;633.12;11.44;7848.00;0.30;803785575#0_0;5.10;0.00;tripinfo_out_od_to_ba.14;234.00;out_od_to_ba.14;0;2382.14;1.08;0.00;35.10;car;;1;1.00
8084.00;28706217_0;94.10;8.55;7876.00;0.52;-230845886_0;5.10;0.00;tripinfo_out_ba_to_sl.21;208.00;out_ba_to_sl.21;0;1934.94;1.12;0.00;47.22;car;;1;6.00
8095.00;41899283#1_0;148.70;9.69;7894.00;0.43;-45494495_0;5.10;0.00;tripinfo_out_os_to_as.90;201.00;out_os_to_as.90;0;1746.47;0.92;0.00;27.98;car;;1;6.00
8095.00;45494495_0;58.90;10.71;8001.00;0.46;803785575#0_0;5.10;0.00;tripinfo_out_od_to_os.42;94.00;out_od_to_os.42;0;969.96;1.03;0.00;8.46;car;;0;0.00
8096.00;23156030#6_0;109.07;10.19;7730.00;0.17;-23156305_0;5.10;0.00;tripinfo_out_gg_to_od.66;366.00;out_gg_to_od.66;0;3288.97;0.95;0.00;54.70;car;;1;23.00
8097.00;41899283#1_0;148.70;11.87;7899.00;0.21;-23156390_0;5.10;0.00;tripinfo_out_br_to_as.25;198.00;out_br_to_as.25;0;2020.44;1.07;0.00;26.77;car;;0;0.00
8101.00;23142338#2_0;290.21;10.52;7886.00;0.27;23687583_0;5.10;0.00;tripinfo_out_as_to_ns.97;215.00;out_as_to_ns.97;0;1995.73;1.01;0.00;35.99;car;;2;10.00
8101.00;230845886_0;633.12;10.62;7890.00;0.74;-23142338#2_0;5.10;0.00;tripinfo_out_ns_to_ba.42;211.00;out_ns_to_ba.42;0;2340.42;1.07;0.00;14.50;car;;0;0.00
8107.00;45494495_0;58.90;10.27;7868.00;0.70;-23156390_0;5.10;0.00;tripinfo_out_br_to_os.17;239.00;out_br_to_os.17;0;2237.62;0.94;0.00;22.49;car;;0;0.00
8109.00;45494495_0;58.90;10.89;7872.00;0.10;-23156390_0;5.10;0.00;tripinfo_out_br_to_os.18;237.00;out_br_to_os.18;0;2237.62;1.02;0.00;38.48;car;;0;0.00
8111.00;45494495_0;58.90;11.47;8026.00;3.73;803785575#0_0;5.10;0.00;tripinfo_out_od_to_os.43;85.00;out_od_to_os.43;0;969.96;1.13;0.00;7.66;car;;0;0.00
8115.00;230845886_0;633.12;10.87;7941.00;0.94;-45494495_0;5.10;0.00;tripinfo_out_os_to_ba.80;174.00;out_os_to_ba.80;0;1746.52;1.04;0.00;21.70;car;;0;0.00
8115.00;23156030#6_0;109.07;8.51;8004.00;0.35;-45494495_0;5.10;0.00;tripinfo_out_os_to_od.89;111.00;out_os_to_od.89;0;865.51;0.79;0.00;12.02;car;;0;0.00
8116.00;23142338#2_0;290.21;10.00;7849.00;0.67;-230845886_0;5.10;0.00;tripinfo_out_ba_to_ns.9;267.00;out_ba_to_ns.9;0;2346.36;0.94;0.00;42.94;car;;3;14.00
8118.00;23156030#6_0;109.07;8.11;7847.00;0.91;-23142338#2_0;5.10;0.00;tripinfo_out_ns_to_od.22;271.00;out_ns_to_od.22;0;2005.01;0.84;0.00;40.70;car;;2;11.00
8120.00;23142338#2_0;290.21;9.10;7897.00;1.74;-45494495_0;5.10;0.00;tripinfo_out_os_to_ns.12;223.00;out_os_to_ns.12;0;1665.91;0.93;0.00;49.72;car;;3;17.00
8124.00;23156030#6_0;109.07;9.29;7826.00;0.59;-28716808#1_0;5.10;0.00;tripinfo_out_kl_to_od.50;298.00;out_kl_to_od.50;0;2657.03;0.91;0.00;33.35;car;;2;3.00
8127.00;41899283#1_0;148.70;9.06;7898.00;0.33;-23156305_0;5.10;0.00;tripinfo_out_gg_to_as.20;229.00;out_gg_to_as.20;0;1699.56;0.88;0.00;51.83;car;;1;21.00
8129.00;41899283#1_0;148.70;9.97;7911.00;0.11;-23142338#2_0;5.10;0.00;tripinfo_out_ns_to_as.78;218.00;out_ns_to_as.78;0;2009.37;0.99;0.00;33.16;car;;1;2.00
8129.00;45494495_0;58.90;10.36;7957.00;0.89;-230845886_0;5.10;0.00;tripinfo_out_ba_to_os.31;172.00;out_ba_to_os.31;0;1647.96;0.95;0.00;14.60;car;;0;0.00
8130.00;23156030#6_0;109.07;8.15;8025.00;1.86;-45494495_0;5.10;0.00;tripinfo_out_os_to_od.90;105.00;out_os_to_od.90;0;865.51;0.85;0.00;13.34;car;;0;0.00
8131.00;41899283#1_0;148.70;11.93;7910.00;0.99;803785575#0_0;5.10;0.00;tripinfo_out_od_to_as.40;221.00;out_od_to_as.40;0;2382.09;1.18;0.00;37.12;car;;0;0.00
8132.00;23142338#2_0;290.21;10.04;7918.00;0.57;23687583_0;5.10;0.00;tripinfo_out_as_to_ns.98;214.00;out_as_to_ns.98;0;1995.73;0.94;0.00;20.70;car;;0;0.00
8132.00;230845886_0;633.12;8.97;7966.00;4.39;23687583_0;5.10;0.00;tripinfo_out_as_to_ba.101;166.00;out_as_to_ba.101;0;1356.50;0.87;0.00;25.12;car;;2;6.00
8133.00;972103805_0;116.86;11.03;7834.00;9.90;-23156305_0;5.10;0.00;tripinfo_out_gg_to_ko.28;299.00;out_gg_to_ko.28;0;2416.59;1.04;0.00;87.31;car;;2;27.00
8133.00;41899283#1_0;148.70;12.12;7986.00;0.27;-230845886_0;5.10;0.00;tripinfo_out_ba_to_as.60;147.00;out_ba_to_as.60;0;1430.78;1.12;0.00;31.15;car;;1;1.00
8134.00;23142338#2_0;290.21;13.46;7921.00;0.04;23687583_0;5.10;0.00;tripinfo_out_as_to_ns.99;213.00;out_as_to_ns.99;0;1995.73;1.26;0.00;67.32;car;;0;0.00
8134.00;230845886_0;633.12;9.85;7945.00;0.66;-45494495_0;5.10;0.00;tripinfo_out_os_to_ba.81;189.00;out_os_to_ba.81;0;1746.52;0.95;0.00;21.90;car;;0;0.00
8135.00;41899283#1_0;148.70;10.66;7921.00;0.03;-23156305_0;5.10;0.00;tripinfo_out_gg_to_as.21;214.00;out_gg_to_as.21;0;1699.56;1.02;0.00;62.10;car;;1;5.00
8136.00;230845886_0;633.12;11.10;7961.00;0.71;-45494495_0;5.10;0.00;tripinfo_out_os_to_ba.82;175.00;out_os_to_ba.82;0;1746.52;1.01;0.00;17.25;car;;0;0.00
8137.00;23156030#6_0;109.07;10.54;7905.00;1.46;23687583_0;5.10;0.00;tripinfo_out_as_to_od.66;232.00;out_as_to_od.66;0;2357.31;0.99;0.00;16.92;car;;0;0.00
8137.00;23156030#6_1;109.07;11.09;8051.00;0.37;-45494495_0;5.10;0.00;tripinfo_out_os_to_od.91;86.00;out_os_to_od.91;0;865.51;1.03;0.00;9.29;car;;0;0.00
8138.00;28706217_0;94.10;6.67;7760.00;0.58;-23156305_0;5.10;0.00;tripinfo_out_gg_to_sl.29;378.00;out_gg_to_sl.29;0;2908.41;0.92;0.00;86.09;car;;2;48.00
8140.00;45494495_0;58.90;10.30;8041.00;0.78;803785575#0_0;5.10;0.00;tripinfo_out_od_to_os.44;99.00;out_od_to_os.44;0;969.96;1.04;0.00;14.46;car;;0;0.00
8145.00;230845886_0;633.12;9.37;7964.00;2.62;-45494495_0;5.10;0.00;tripinfo_out_os_to_ba.83;181.00;out_os_to_ba.83;0;1746.52;0.95;0.00;15.14;car;;0;0.00
8147.00;28706217_0;94.10;7.13;7776.00;0.02;-23156305_0;5.10;0.00;tripinfo_out_gg_to_sl.30;371.00;out_gg_to_sl.30;0;2908.41;0.95;0.00;88.15;car;;2;52.00
8151.00;41899283#1_0;148.70;10.19;8000.00;0.26;-230845886_0;5.10;0.00;tripinfo_out_ba_to_as.61;151.00;out_ba_to_as.61;0;1430.78;1.02;0.00;22.90;car;;1;7.00
8152.00;41899283#1_0;148.70;11.59;8017.00;0.34;-230845886_0;5.10;0.00;tripinfo_out_ba_to_as.63;135.00;out_ba_to_as.63;0;1430.78;1.09;0.00;16.73;car;;0;0.00
8155.00;230845886_0;633.12;8.46;7828.00;4.29;-23156305_0;5.10;0.00;tripinfo_out_gg_to_ba.43;327.00;out_gg_to_ba.43;0;2288.16;0.88;0.00;90.86;car;;4;43.00
8156.00;972103805_0;116.86;10.11;7843.00;0.25;-23156305_0;5.10;0.00;tripinfo_out_gg_to_ko.29;313.00;out_gg_to_ko.29;0;2416.59;0.98;0.00;88.93;car;;2;25.00
8156.00;45494495_0;58.90;12.59;7993.00;3.55;-230845886_0;5.10;0.00;tripinfo_out_ba_to_os.32;163.00;out_ba_to_os.32;0;1647.96;1.19;0.00;37.41;car;;0;0.00
8157.00;230845886_0;633.12;10.29;7902.00;3.68;-23142338#2_0;5.10;0.00;tripinfo_out_ns_to_ba.43;255.00;out_ns_to_ba.43;0;2340.42;0.98;0.00;40.01;car;;2;8.00
8159.00;230845886_0;633.12;12.63;7914.00;3.11;-23142338#2_0;5.10;0.00;tripinfo_out_ns_to_ba.44;245.00;out_ns_to_ba.44;0;2340.42;1.14;0.00;59.73;car;;1;6.00
8159.00;23156030#6_1;109.07;12.18;7921.00;2.82;-230845886_0;5.10;0.00;tripinfo_out_ba_to_od.67;238.00;out_ba_to_od.67;0;2315.50;1.13;0.00;52.41;car;;0;0.00
8161.00;23156030#6_0;109.07;9.72;7908.00;2.57;23687583_0;5.10;0.00;tripinfo_out_as_to_od.67;253.00;out_as_to_od.67;0;2357.31;0.96;0.00;30.56;car;;1;4.00
8161.00;45494495_0;58.90;10.52;7969.00;5.90;23687583_0;5.10;0.00;tripinfo_out_as_to_os.32;192.00;out_as_to_os.32;0;1689.77;1.02;0.00;42.25;car;;2;3.00
8164.00;28706217_0;94.10;7.67;7808.00;0.38;-23156305_0;5.10;0.00;tripinfo_out_gg_to_sl.31;356.00;out_gg_to_sl.31;0;2908.41;0.97;0.00;80.03;car;;3;28.00
8164.00;41899283#1_0;148.70;9.11;7935.00;0.91;-23142338#2_0;5.10;0.00;tripinfo_out_ns_to_as.79;229.00;out_ns_to_as.79;0;2009.37;0.93;0.00;32.25;car;;1;4.00
8167.00;972103805_0;116.86;11.77;7970.00;0.00;-28716808#1_0;5.10;0.00;tripinfo_out_kl_to_ko.36;197.00;out_kl_to_ko.36;0;1927.03;1.15;0.00;44.70;car;;2;10.00
8168.00;230845886_0;633.12;10.90;7978.00;0.90;-45494495_0;5.10;0.00;tripinfo_out_os_to_ba.84;190.00;out_os_to_ba.84;0;1746.52;0.99;0.00;30.34;car;;2;7.00
8170.00;230845886_0;633.12;11.97;8009.00;1.46;-45494495_0;5.10;0.00;tripinfo_out_os_to_ba.85;161.00;out_os_to_ba.85;0;1746.52;1.09;0.00;15.21;car;;0;0.00
8174.00;23142338#2_0;290.21;9.62;7943.00;0.51;23687583_0;5.10;0.00;tripinfo_out_as_to_ns.100;231.00;out_as_to_ns.100;0;1995.73;0.92;0.00;32.87;car;;1;7.00
8174.00;23156030#6_1;109.07;12.30;7966.00;0.12;-23142338#2_0;5.10;0.00;tripinfo_out_ns_to_od.23;208.00;out_ns_to_od.23;0;2005.01;1.14;0.00;38.21;car;;3;10.00
8176.00;23142338#2_0;290.21;12.86;7957.00;0.86;23687583_0;5.10;0.00;tripinfo_out_as_to_ns.101;219.00;out_as_to_ns.101;0;1995.73;1.21;0.00;67.95;car;;1;5.00
8176.00;41899283#1_0;148.70;9.78;8003.00;0.05;-230845886_0;5.10;0.00;tripinfo_out_ba_to_as.62;173.00;out_ba_to_as.62;0;1430.78;0.89;0.00;27.10;car;;1;10.00
8177.00;230845886_0;633.12;10.37;7850.00;0.15;-23156305_0;5.10;0.00;tripinfo_out_gg_to_ba.44;327.00;out_gg_to_ba.44;0;2288.16;1.02;0.00;124.34;car;;4;39.00
8179.00;23142338#2_0;290.21;10.07;7831.00;6.95;-23156305_0;5.10;0.00;tripinfo_out_gg_to_ns.52;348.00;out_gg_to_ns.52;0;2927.39;1.00;0.00;82.44;car;;2;26.00
8180.00;23156030#6_0;109.07;9.72;7918.00;0.57;-230845886_0;5.10;0.00;tripinfo_out_ba_to_od.66;262.00;out_ba_to_od.66;0;2315.50;0.88;0.00;24.69;car;;0;0.00
8188.00;45494495_0;58.90;10.96;7964.00;0.22;-28716808#1_0;5.10;0.00;tripinfo_out_kl_to_os.16;224.00;out_kl_to_os.16;0;1989.49;1.00;0.00;43.77;car;;2;15.00
8190.00;23156030#6_0;109.07;12.23;7822.00;0.85;-23156305_0;5.10;0.00;tripinfo_out_gg_to_od.67;368.00;out_gg_to_od.67;0;3288.97;1.12;0.00;101.74;car;;4;25.00
8190.00;41899283#1_0;148.70;9.37;7939.00;0.71;-23142338#2_0;5.10;0.00;tripinfo_out_ns_to_as.80;251.00;out_ns_to_as.80;0;2009.37;0.87;0.00;41.05;car;;2;13.00
8190.00;23156030#6_1;109.07;12.24;7952.00;0.52;-28716808#1_0;5.10;0.00;tripinfo_out_kl_to_od.51;238.00;out_kl_to_od.51;0;2657.03;1.18;0.00;34.86;car;;1;1.00
8196.00;230845886_0;633.12;8.64;8003.00;3.50;23687583_0;5.10;0.00;tripinfo_out_as_to_ba.102;193.00;out_as_to_ba.102;0;1356.50;0.82;0.00;44.02;car;;2;9.00
8198.00;230845886_0;633.12;9.33;8016.00;1.52;23687583_0;5.10;0.00;tripinfo_out_as_to_ba.103;182.00;out_as_to_ba.103;0;1356.50;0.94;0.00;50.97;car;;2;7.00
8200.00;230845886_0;633.12;9.78;8019.00;0.89;23687583_0;5.10;0.00;tripinfo_out_as_to_ba.104;181.00;out_as_to_ba.104;0;1356.50;0.96;0.00;52.87;car;;2;12.00
8201.00;23156030#6_0;109.07;9.14;7939.00;0.96;-230845886_0;5.10;0.00;tripinfo_out_ba_to_od.68;262.00;out_ba_to_od.68;0;2315.50;0.89;0.00;27.39;car;;1;4.00
8202.00;230845886_0;633.12;9.30;8028.00;0.45;23687583_0;5.10;0.00;tripinfo_out_as_to_ba.105;174.00;out_as_to_ba.105;0;1356.50;0.94;0.00;43.61;car;;2;9.00
8204.00;230845886_0;633.12;10.70;7877.00;0.07;-23156305_0;5.10;0.00;tripinfo_out_gg_to_ba.45;327.00;out_gg_to_ba.45;0;2288.16;1.02;0.00;123.08;car;;6;60.00
8206.00;972103805_0;116.86;12.29;7924.00;1.69;-23156305_0;5.10;0.00;tripinfo_out_gg_to_ko.30;282.00;out_gg_to_ko.30;0;2416.59;1.22;0.00;101.32;car;;2;8.00
8206.00;230845886_0;633.12;11.84;7977.00;0.25;-23142338#2_0;5.10;0.00;tripinfo_out_ns_to_ba.45;229.00;out_ns_to_ba.45;0;2340.42;1.13;0.00;41.79;car;;1;11.00
8208.00;45494495_0;58.90;9.89;8028.00;2.10;-230845886_0;5.10;0.00;tripinfo_out_ba_to_os.33;180.00;out_ba_to_os.33;0;1647.96;0.97;0.00;26.14;car;;0;0.00
8209.00;23156030#6_0;109.07;12.26;8135.00;0.84;-45494495_0;5.10;0.00;tripinfo_out_os_to_od.92;74.00;out_os_to_od.92;0;865.51;1.16;0.00;6.72;car;;0;0.00
8210.00;45494495_0;58.90;12.53;7984.00;0.33;-28716808#1_0;5.10;0.00;tripinfo_out_kl_to_os.17;226.00;out_kl_to_os.17;0;1989.49;1.16;0.00;70.77;car;;4;15.00
8210.00;230845886_0;633.12;11.30;8071.00;0.33;23687583_0;5.10;0.00;tripinfo_out_as_to_ba.106;139.00;out_as_to_ba.106;0;1356.50;1.11;0.00;28.26;car;;0;0.00
8213.00;972103805_0;116.86;9.98;8017.00;0.58;-28716808#1_0;5.10;0.00;tripinfo_out_kl_to_ko.37;196.00;out_kl_to_ko.37;0;1927.03;0.97;0.00;16.02;car;;0;0.00
8214.00;28706217_0;94.10;7.33;8020.00;0.83;-230845886_0;5.10;0.00;tripinfo_out_ba_to_sl.22;194.00;out_ba_to_sl.22;0;1934.94;1.01;0.00;15.51;car;;0;0.00
8214.00;230845886_0;633.12;10.90;8074.00;3.11;23687583_0;5.10;0.00;tripinfo_out_as_to_ba.107;140.00;out_as_to_ba.107;0;1356.50;1.06;0.00;24.94;car;;0;0.00
8215.00;23142338#2_0;290.21;10.91;7990.00;0.64;23687583_0;5.10;0.00;tripinfo_out_as_to_ns.102;225.00;out_as_to_ns.102;0;1995.73;1.00;0.00;42.84;car;;2;10.00
8217.00;23142338#2_0;290.21;11.69;7840.00;4.30;-23156305_0;5.10;0.00;tripinfo_out_gg_to_ns.53;377.00;out_gg_to_ns.53;0;2927.39;1.05;0.00;124.08;car;;4;33.00
8221.00;45494495_0;58.90;10.73;7995.00;0.41;-28716808#1_0;5.10;0.00;tripinfo_out_kl_to_os.18;226.00;out_kl_to_os.18;0;1989.49;0.99;0.00;43.95;car;;1;4.00
8222.00;41899283#1_0;148.70;10.60;8007.00;0.54;-23142338#2_0;5.10;0.00;tripinfo_out_ns_to_as.81;215.00;out_ns_to_as.81;0;2009.37;0.95;0.00;23.99;car;;0;0.00
8225.00;41899283#1_0;148.70;9.96;8099.00;0.00;-28716808#1_0;5.10;0.00;tripinfo_out_kl_to_as.27;126.00;out_kl_to_as.27;0;1233.18;1.01;0.00;15.29;car;;0;0.00
8236.00;41899283#1_0;148.70;9.29;8057.00;0.17;-230845886_0;5.10;0.00;tripinfo_out_ba_to_as.64;179.00;out_ba_to_as.64;0;1430.78;0.90;0.00;34.07;car;;2;13.00
8236.00;230845886_0;633.12;10.66;8087.00;0.63;23687583_0;5.10;0.00;tripinfo_out_as_to_ba.108;149.00;out_as_to_ba.108;0;1356.50;0.96;0.00;21.49;car;;1;4.00
8240.00;23142338#2_0;290.21;9.31;7846.00;1.66;-23156305_0;5.10;0.00;tripinfo_out_gg_to_ns.54;394.00;out_gg_to_ns.54;0;2927.39;0.90;0.00;97.73;car;;4;31.00
8242.00;41899283#1_0;148.70;10.64;8014.00;0.63;-23142338#2_0;5.10;0.00;tripinfo_out_ns_to_as.82;228.00;out_ns_to_as.82;0;2009.37;0.97;0.00;38.77;car;;2;8.00
8244.00;23142338#2_0;290.21;8.44;8000.00;0.68;23687583_0;5.10;0.00;tripinfo_out_as_to_ns.103;244.00;out_as_to_ns.103;0;1995.73;0.87;0.00;35.60;car;;2;5.00
8244.00;41899283#1_0;148.70;12.33;8138.00;0.25;-28716808#1_0;5.10;0.00;tripinfo_out_kl_to_as.28;106.00;out_kl_to_as.28;0;1233.18;1.23;0.00;14.98;car;;0;0.00
8244.00;45494495_0;58.90;11.50;8153.00;0.92;803785575#0_0;5.10;0.00;tripinfo_out_od_to_os.45;91.00;out_od_to_os.45;0;969.96;1.06;0.00;7.26;car;;0;0.00
8246.00;23142338#2_0;290.21;10.24;8009.00;3.39;23687583_0;5.10;0.00;tripinfo_out_as_to_ns.104;237.00;out_as_to_ns.104;0;1995.73;1.02;0.00;58.52;car;;1;2.00
8249.00;23156030#6_1;109.07;11.60;8161.00;0.10;-45494495_0;5.10;0.00;tripinfo_out_os_to_od.93;88.00;out_os_to_od.93;0;865.51;1.05;0.00;13.32;car;;0;0.00
8250.00;23156030#6_0;109.07;9.31;7962.00;0.98;23687583_0;5.10;0.00;tripinfo_out_as_to_od.68;288.00;out_as_to_od.68;0;2357.31;0.93;0.00;59.10;car;;2;19.00
8252.00;41899283#1_0;148.70;9.68;7986.00;0.59;-23156390_0;5.10;0.00;tripinfo_out_br_to_as.26;266.00;out_br_to_as.26;0;2020.44;0.97;0.00;77.95;car;;2;52.00
8252.00;230845886_0;633.12;9.29;8048.00;0.26;-45494495_0;5.10;0.00;tripinfo_out_os_to_ba.86;204.00;out_os_to_ba.86;0;1746.52;0.88;0.00;23.27;car;;0;0.00
8253.00;23156030#6_0;109.07;8.27;7968.00;0.98;-230845886_0;5.10;0.00;tripinfo_out_ba_to_od.69;285.00;out_ba_to_od.69;0;2315.50;0.85;0.00;38.79;car;;1;12.00
8254.00;41899283#1_0;148.70;11.87;8023.00;0.76;803785575#0_0;5.10;0.00;tripinfo_out_od_to_as.41;231.00;out_od_to_as.41;0;2382.09;1.12;0.00;37.89;car;;1;2.00
8257.00;230845886_0;633.12;9.45;7983.00;0.86;803785575#0_0;5.10;0.00;tripinfo_out_od_to_ba.15;274.00;out_od_to_ba.15;0;2382.14;0.86;0.00;22.09;car;;0;0.00
8258.00;972103805_0;116.86;8.48;7919.00;0.76;-23156390_0;5.10;0.00;tripinfo_out_br_to_ko.33;339.00;out_br_to_ko.33;0;2703.95;0.88;0.00;59.24;car;;2;18.00
8259.00;28706217_0;94.10;6.76;7980.00;0.95;23687583_0;5.10;0.00;tripinfo_out_as_to_sl.42;279.00;out_as_to_sl.42;0;1976.75;0.83;0.00;56.63;car;;4;21.00
8259.00;230845886_0;633.12;11.31;8080.00;0.17;-45494495_0;5.10;0.00;tripinfo_out_os_to_ba.87;179.00;out_os_to_ba.87;0;1746.52;1.06;0.00;29.31;car;;1;1.00
8261.00;23142338#2_0;290.21;9.68;7886.00;0.57;-23156305_0;5.10;0.00;tripinfo_out_gg_to_ns.55;375.00;out_gg_to_ns.55;0;2927.39;0.89;0.00;76.05;car;;2;22.00
8261.00;28706217_0;94.10;8.93;7956.00;0.41;-23156390_0;5.10;0.00;tripinfo_out_br_to_sl.13;305.00;out_br_to_sl.13;0;2524.60;1.10;0.00;92.14;car;;3;35.00
8261.00;41899283#1_0;148.70;9.66;8060.00;0.46;-230845886_0;5.10;0.00;tripinfo_out_ba_to_as.65;201.00;out_ba_to_as.65;0;1430.78;0.91;0.00;59.36;car;;2;38.00
8263.00;23142338#2_0;290.21;10.86;7905.00;0.62;-23156305_0;5.10;0.00;tripinfo_out_gg_to_ns.56;358.00;out_gg_to_ns.56;0;2927.39;1.09;0.00;113.47;car;;3;34.00
8263.00;41899283#1_0;148.70;12.21;8062.00;0.21;-23142338#2_0;5.10;0.00;tripinfo_out_ns_to_as.83;201.00;out_ns_to_as.83;0;2009.37;1.14;0.00;39.59;car;;1;7.00
8266.00;45494495_0;58.90;9.67;8046.00;2.97;-28716808#1_0;5.10;0.00;tripinfo_out_kl_to_os.19;220.00;out_kl_to_os.19;0;1989.49;0.98;0.00;35.11;car;;1;8.00
8267.00;230845886_0;633.12;11.25;8099.00;0.84;-45494495_0;5.10;0.00;tripinfo_out_os_to_ba.88;168.00;out_os_to_ba.88;0;1746.52;1.08;0.00;22.19;car;;1;1.00
8267.00;41899283#1_0;148.70;11.15;8129.00;0.95;-230845886_0;5.10;0.00;tripinfo_out_ba_to_as.66;138.00;out_ba_to_as.66;0;1430.78;1.07;0.00;17.38;car;;1;1.00
8268.00;23156030#6_0;109.07;8.03;7992.00;0.62;-23142338#2_0;5.10;0.00;tripinfo_out_ns_to_od.24;276.00;out_ns_to_od.24;0;2005.01;0.79;0.00;31.76;car;;1;4.00
8268.00;972103805_0;116.86;13.46;8059.00;3.27;-28716808#1_0;5.10;0.00;tripinfo_out_kl_to_ko.38;209.00;out_kl_to_ko.38;0;1927.03;1.23;0.00;67.09;car;;2;14.00
8270.00;230845886_0;633.12;11.19;8135.00;2.15;23687583_0;5.10;0.00;tripinfo_out_as_to_ba.109;135.00;out_as_to_ba.109;0;1356.50;1.09;0.00;22.93;car;;1;2.00
8273.00;28706217_0;94.10;7.91;7911.00;4.52;-23156305_0;5.10;0.00;tripinfo_out_gg_to_sl.32;362.00;out_gg_to_sl.32;0;2908.41;1.05;0.00;106.91;car;;3;16.00
8273.00;972103805_0;116.86;10.64;7945.00;0.53;-23156305_0;5.10;0.00;tripinfo_out_gg_to_ko.31;328.00;out_gg_to_ko.31;0;2416.59;0.96;0.00;99.03;car;;4;44.00
8275.00;972103805_0;116.86;10.60;7980.00;2.17;-23156305_0;5.10;0.00;tripinfo_out_gg_to_ko.32;295.00;out_gg_to_ko.32;0;2416.59;1.06;0.00;87.57;car;;2;34.00
8275.00;45494495_0;58.90;9.02;8028.00;0.59;-23142338#2_0;5.10;0.00;tripinfo_out_ns_to_os.8;247.00;out_ns_to_os.8;0;1865.82;0.85;0.00;49.86;car;;3;22.00
8277.00;45494495_0;58.90;11.10;8090.00;0.51;-23142338#2_0;5.10;0.00;tripinfo_out_ns_to_os.9;187.00;out_ns_to_os.9;0;1865.82;1.09;0.00;31.72;car;;0;0.00
8279.00;45494495_0;58.90;13.19;7937.00;0.25;-23156305_0;5.10;0.00;tripinfo_out_gg_to_os.25;342.00;out_gg_to_os.25;0;2621.43;1.23;0.00;148.38;car;;3;41.00
8281.00;23156030#6_0;109.07;10.55;8188.00;2.91;-45494495_0;5.10;0.00;tripinfo_out_os_to_od.94;93.00;out_os_to_od.94;0;865.51;1.03;0.00;17.10;car;;1;4.00
8281.00;28706217_0;94.10;7.68;8200.00;0.33;803785575#0_0;5.10;0.00;tripinfo_out_od_to_sl.15;81.00;out_od_to_sl.15;0;747.33;0.99;0.00;7.97;car;;0;0.00
8283.00;23156030#6_1;109.07;10.82;8006.00;6.41;23687583_0;5.10;0.00;tripinfo_out_as_to_od.69;277.00;out_as_to_od.69;0;2357.31;1.08;0.00;81.22;car;;3;10.00
8285.00;23156030#6_1;109.07;12.01;8050.00;0.44;-230845886_0;5.10;0.00;tripinfo_out_ba_to_od.70;235.00;out_ba_to_od.70;0;2315.50;1.13;0.00;49.94;car;;1;2.00
8288.00;41899283#1_0;148.70;11.71;8063.00;0.22;-23156390_0;5.10;0.00;tripinfo_out_br_to_as.27;225.00;out_br_to_as.27;0;2020.44;1.06;0.00;52.67;car;;2;23.00
8288.00;45494495_0;58.90;9.48;8106.00;0.53;-230845886_0;5.10;0.00;tripinfo_out_ba_to_os.34;182.00;out_ba_to_os.34;0;1647.96;0.92;0.00;19.65;car;;0;0.00
8289.00;23156030#6_1;109.07;10.91;8022.00;0.05;23687583_0;5.10;0.00;tripinfo_out_as_to_od.70;267.00;out_as_to_od.70;0;2357.31;1.05;0.00;65.06;car;;2;9.00
8290.00;23156030#6_0;109.07;10.00;7837.00;4.55;-23156305_0;5.10;0.00;tripinfo_out_gg_to_od.68;453.00;out_gg_to_od.68;0;3288.97;0.92;0.00;131.25;car;;6;43.00
8290.00;972103805_0;116.86;10.43;7959.00;1.88;-23156390_0;5.10;0.00;tripinfo_out_br_to_ko.34;331.00;out_br_to_ko.34;0;2703.95;0.94;0.00;71.26;car;;3;16.00
8290.00;45494495_0;58.90;11.55;8115.00;1.90;-230845886_0;5.10;0.00;tripinfo_out_ba_to_os.35;175.00;out_ba_to_os.35;0;1647.96;1.04;0.00;31.39;car;;0;0.00
8292.00;23156030#6_0;109.07;11.13;7863.00;0.25;-23156305_0;5.10;0.00;tripinfo_out_gg_to_od.69;429.00;out_gg_to_od.69;0;3288.97;1.06;0.00;150.29;car;;6;65.00
8294.00;23156030#6_1;109.07;12.19;8020.00;2.19;-28716808#1_0;5.10;0.00;tripinfo_out_kl_to_od.52;274.00;out_kl_to_od.52;0;2657.03;1.10;0.00;54.94;car;;2;9.00
8296.00;23156030#6_0;109.07;11.10;8210.00;4.56;-45494495_0;5.10;0.00;tripinfo_out_os_to_od.95;86.00;out_os_to_od.95;0;865.51;1.09;0.00;14.22;car;;1;2.00
8297.00;45494495_0;58.90;10.29;8196.00;0.13;803785575#0_0;5.10;0.00;tripinfo_out_od_to_os.46;101.00;out_od_to_os.46;0;969.96;0.94;0.00;8.05;car;;0;0.00
8298.00;28706217_0;94.10;8.21;8083.00;0.76;23687583_0;5.10;0.00;tripinfo_out_as_to_sl.43;215.00;out_as_to_sl.43;0;1976.75;1.06;0.00;41.62;car;;0;0.00
8304.00;41899283#1_0;148.70;10.18;8086.00;0.29;-23142338#2_0;5.10;0.00;tripinfo_out_ns_to_as.84;218.00;out_ns_to_as.84;0;2009.37;0.94;0.00;23.89;car;;1;1.00
8305.00;230845886_0;633.12;9.39;8032.00;0.06;803785575#0_0;5.10;0.00;tripinfo_out_od_to_ba.16;273.00;out_od_to_ba.16;0;2382.14;0.85;0.00;21.24;car;;0;0.00
8307.00;230845886_0;633.12;8.67;8102.00;3.52;-45494495_0;5.10;0.00;tripinfo_out_os_to_ba.89;205.00;out_os_to_ba.89;0;1746.52;0.90;0.00;29.23;car;;0;0.00
8309.00;23156030#6_0;109.07;10.13;8053.00;2.16;-230845886_0;5.10;0.00;tripinfo_out_ba_to_od.71;256.00;out_ba_to_od.71;0;2315.50;0.98;0.00;43.12;car;;2;19.00
8309.00;230845886_0;633.12;12.11;8105.00;2.99;-45494495_0;5.10;0.00;tripinfo_out_os_to_ba.90;204.00;out_os_to_ba.90;0;1746.52;1.12;0.00;62.65;car;;0;0.00
8310.00;23142338#2_0;290.21;8.07;7908.00;3.00;-23156305_0;5.10;0.00;tripinfo_out_gg_to_ns.57;402.00;out_gg_to_ns.57;0;2927.39;0.78;0.00;62.11;car;;3;14.00
8311.00;230845886_0;633.12;9.53;8115.00;2.04;-45494495_0;5.10;0.00;tripinfo_out_os_to_ba.93;196.00;out_os_to_ba.93;0;1746.52;0.92;0.00;23.52;car;;0;0.00
8312.00;23156030#6_0;109.07;10.62;8043.00;0.43;-28716808#1_0;5.10;0.00;tripinfo_out_kl_to_od.53;269.00;out_kl_to_od.53;0;2657.03;1.04;0.00;37.32;car;;1;1.00
8312.00;23142338#2_0;290.21;10.28;8057.00;1.08;23687583_0;5.10;0.00;tripinfo_out_as_to_ns.105;255.00;out_as_to_ns.105;0;1995.73;0.94;0.00;60.24;car;;3;9.00
8312.00;41899283#1_0;148.70;10.13;8155.00;0.66;-230845886_0;5.10;0.00;tripinfo_out_ba_to_as.67;157.00;out_ba_to_as.67;0;1430.78;0.97;0.00;22.91;car;;1;5.00
8313.00;23142338#2_0;290.21;10.59;8098.00;2.36;23687583_0;5.10;0.00;tripinfo_out_as_to_ns.106;215.00;out_as_to_ns.106;0;1995.73;1.04;0.00;40.16;car;;0;0.00
8313.00;230845886_0;633.12;11.14;8109.00;3.15;-45494495_0;5.10;0.00;tripinfo_out_os_to_ba.91;204.00;out_os_to_ba.91;0;1746.52;1.07;0.00;55.72;car;;1;1.00
8314.00;41899283#1_0;148.70;10.57;8051.00;0.36;803785575#0_0;5.10;0.00;tripinfo_out_od_to_as.42;263.00;out_od_to_as.42;0;2382.09;0.97;0.00;40.29;car;;1;3.00
8315.00;23142338#2_0;290.21;13.00;7956.00;0.89;-23156305_0;5.10;0.00;tripinfo_out_gg_to_ns.58;359.00;out_gg_to_ns.58;0;2927.39;1.30;0.00;146.07;car;;2;38.00
8315.00;230845886_0;633.12;11.01;8112.00;4.39;-45494495_0;5.10;0.00;tripinfo_out_os_to_ba.92;203.00;out_os_to_ba.92;0;1746.52;1.03;0.00;50.08;car;;0;0.00
8315.00;45494495_0;58.90;9.81;8115.00;0.69;23687583_0;5.10;0.00;tripinfo_out_as_to_os.33;200.00;out_as_to_os.33;0;1689.77;0.89;0.00;29.07;car;;0;0.00
8316.00;23156030#6_0;109.07;9.18;8224.00;1.52;-45494495_0;5.10;0.00;tripinfo_out_os_to_od.96;92.00;out_os_to_od.96;0;865.51;0.92;0.00;7.41;car;;0;0.00
8317.00;230845886_0;633.12;9.29;8129.00;0.55;-45494495_0;5.10;0.00;tripinfo_out_os_to_ba.94;188.00;out_os_to_ba.94;0;1746.52;0.95;0.00;21.16;car;;0;0.00
8319.00;230845886_0;633.12;10.49;8146.00;0.08;23687583_0;5.10;0.00;tripinfo_out_as_to_ba.110;173.00;out_as_to_ba.110;0;1356.50;0.97;0.00;46.78;car;;2;27.00
8321.00;41899283#1_0;148.70;9.46;8043.00;5.16;-23156305_0;5.10;0.00;tripinfo_out_gg_to_as.22;278.00;out_gg_to_as.22;0;1699.56;0.90;0.00;104.33;car;;3;49.00
8323.00;41899283#1_0;148.70;10.76;8046.00;2.46;-23156305_0;5.10;0.00;tripinfo_out_gg_to_as.23;277.00;out_gg_to_as.23;0;1699.56;1.04;0.00;126.85;car;;3;48.00
8327.00;23156030#6_0;109.07;12.16;8244.00;2.30;-45494495_0;5.10;0.00;tripinfo_out_os_to_od.97;83.00;out_os_to_od.97;0;865.51;1.13;0.00;13.60;car;;0;0.00
8328.00;28706217_0;94.10;6.87;8011.00;0.57;-23156390_0;5.10;0.00;tripinfo_out_br_to_sl.14;317.00;out_br_to_sl.14;0;2524.60;0.96;0.00;74.99;car;;3;35.00
8330.00;972103805_0;116.86;10.87;7978.00;0.63;-23156390_0;5.10;0.00;tripinfo_out_br_to_ko.35;352.00;out_br_to_ko.35;0;2703.95;0.98;0.00;102.37;car;;3;62.00
8330.00;230845886_0;633.12;9.41;8021.00;0.72;-23156305_0;5.10;0.00;tripinfo_out_gg_to_ba.46;309.00;out_gg_to_ba.46;0;2288.16;0.95;0.00;91.14;car;;4;44.00
8332.00;972103805_0;116.86;11.70;8014.00;0.24;-23156305_0;5.10;0.00;tripinfo_out_gg_to_ko.33;318.00;out_gg_to_ko.33;0;2416.59;1.09;0.00;115.37;car;;4;62.00
8334.00;972103805_0;116.86;11.69;8044.00;0.64;-23156390_0;5.10;0.00;tripinfo_out_br_to_ko.36;290.00;out_br_to_ko.36;0;2703.95;1.15;0.00;75.78;car;;4;24.00
8334.00;41899283#1_0;148.70;10.06;8065.00;0.93;803785575#0_0;5.10;0.00;tripinfo_out_od_to_as.43;269.00;out_od_to_as.43;0;2382.09;0.93;0.00;37.31;car;;1;9.00
8336.00;230845886_0;633.12;10.58;8099.00;0.76;803785575#0_0;5.10;0.00;tripinfo_out_od_to_ba.17;237.00;out_od_to_ba.17;0;2382.14;0.98;0.00;16.66;car;;0;0.00
8338.00;23142338#2_0;290.21;10.13;8138.00;0.49;23687583_0;5.10;0.00;tripinfo_out_as_to_ns.107;200.00;out_as_to_ns.107;0;1995.73;1.02;0.00;21.37;car;;0;0.00
8341.00;230845886_0;633.12;10.32;8040.00;2.74;-23156305_0;5.10;0.00;tripinfo_out_gg_to_ba.47;301.00;out_gg_to_ba.47;0;2288.16;0.95;0.00;83.69;car;;3;19.00
8341.00;23156030#6_0;109.07;9.32;8066.00;0.50;23687583_0;5.10;0.00;tripinfo_out_as_to_od.71;275.00;out_as_to_od.71;0;2357.31;0.85;0.00;25.50;car;;0;0.00
8342.00;41899283#1_0;148.70;8.72;8052.00;0.09;-23156305_0;5.10;0.00;tripinfo_out_gg_to_as.24;290.00;out_gg_to_as.24;0;1699.56;0.84;0.00;105.98;car;;4;58.00
8343.00;230845886_0;633.12;10.79;8192.00;0.68;23687583_0;5.10;0.00;tripinfo_out_as_to_ba.111;151.00;out_as_to_ba.111;0;1356.50;1.02;0.00;30.62;car;;2;6.00
8344.00;41899283#1_0;148.70;10.07;8113.00;0.66;-23142338#2_0;5.10;0.00;tripinfo_out_ns_to_as.85;231.00;out_ns_to_as.85;0;2009.37;0.96;0.00;40.34;car;;2;9.00
8345.00;41899283#1_0;148.70;11.56;8055.00;2.91;-23156305_0;5.10;0.00;tripinfo_out_gg_to_as.25;290.00;out_gg_to_as.25;0;1699.56;1.10;0.00;149.20;car;;5;56.00
8345.00;230845886_0;633.12;10.80;8200.00;0.46;23687583_0;5.10;0.00;tripinfo_out_as_to_ba.112;145.00;out_as_to_ba.112;0;1356.50;1.05;0.00;27.87;car;;0;0.00
8348.00;972103805_0;116.86;11.74;8037.00;1.87;-23156305_0;5.10;0.00;tripinfo_out_gg_to_ko.34;311.00;out_gg_to_ko.34;0;2416.59;1.17;0.00;123.56;car;;3;22.00
8348.00;45494495_0;58.90;10.33;8173.00;0.43;-230845886_0;5.10;0.00;tripinfo_out_ba_to_os.36;175.00;out_ba_to_os.36;0;1647.96;0.93;0.00;14.96;car;;0;0.00
8350.00;45494495_0;58.90;10.36;8156.00;0.35;23687583_0;5.10;0.00;tripinfo_out_as_to_os.34;194.00;out_as_to_os.34;0;1689.77;1.05;0.00;47.78;car;;1;19.00
8353.00;972103805_0;116.86;10.73;8055.00;0.24;-23156390_0;5.10;0.00;tripinfo_out_br_to_ko.37;298.00;out_br_to_ko.37;0;2703.95;1.02;0.00;57.42;car;;3;13.00
8353.00;23156030#6_0;109.07;12.37;8095.00;2.96;23687583_0;5.10;0.00;tripinfo_out_as_to_od.72;258.00;out_as_to_od.72;0;2357.31;1.15;0.00;73.32;car;;2;16.00
8357.00;28706217_0;94.10;6.77;7948.00;2.95;-23156305_0;5.10;0.00;tripinfo_out_gg_to_sl.33;409.00;out_gg_to_sl.33;0;2908.41;0.85;0.00;95.08;car;;4;43.00
8358.00;45494495_0;58.90;9.33;7983.00;4.22;-23156305_0;5.10;0.00;tripinfo_out_gg_to_os.26;375.00;out_gg_to_os.26;0;2621.43;0.95;0.00;126.86;car;;3;87.00
8359.00;28706217_0;94.10;7.65;7977.00;0.19;-23156305_0;5.10;0.00;tripinfo_out_gg_to_sl.34;382.00;out_gg_to_sl.34;0;2908.41;0.97;0.00;105.59;car;;3;37.00
8361.00;45494495_0;58.90;10.74;8115.00;0.55;-23156390_0;5.10;0.00;tripinfo_out_br_to_os.19;246.00;out_br_to_os.19;0;2237.62;0.99;0.00;40.83;car;;1;13.00
8361.00;28706217_0;94.10;8.49;8137.00;0.81;-230845886_0;5.10;0.00;tripinfo_out_ba_to_sl.23;224.00;out_ba_to_sl.23;0;1934.94;1.15;0.00;67.33;car;;1;8.00
8364.00;23156030#6_1;109.07;11.27;8020.00;0.03;-23156390_0;5.10;0.00;tripinfo_out_br_to_od.58;344.00;out_br_to_od.58;0;2905.16;1.02;0.00;86.83;car;;4;35.00
8366.00;23156030#6_0;109.07;8.97;8056.00;0.42;-28716808#1_0;5.10;0.00;tripinfo_out_kl_to_od.54;310.00;out_kl_to_od.54;0;2657.03;0.89;0.00;39.06;car;;1;12.00
8366.00;230845886_0;633.12;9.15;8203.00;0.01;23687583_0;5.10;0.00;tripinfo_out_as_to_ba.113;163.00;out_as_to_ba.113;0;1356.50;0.86;0.00;19.87;car;;1;4.00
8368.00;23156030#6_0;109.07;10.48;7927.00;1.52;-23156305_0;5.10;0.00;tripinfo_out_gg_to_od.70;441.00;out_gg_to_od.70;0;3288.97;0.95;0.00;126.95;car;;4;53.00
8368.00;230845886_0;633.12;11.53;8203.00;0.42;-28716808#1_0;5.10;0.00;tripinfo_out_kl_to_ba.7;165.00;out_kl_to_ba.7;0;1656.22;1.09;0.00;27.46;car;;0;0.00
8370.00;972103805_0;116.86;10.87;8167.00;1.02;-28716808#1_0;5.10;0.00;tripinfo_out_kl_to_ko.39;203.00;out_kl_to_ko.39;0;1927.03;1.06;0.00;38.15;car;;1;5.00
8371.00;23142338#2_0;290.21;7.34;8082.00;0.96;803785575#0_0;5.10;0.00;tripinfo_out_od_to_ns.12;289.00;out_od_to_ns.12;0;1928.29;0.75;0.00;43.22;car;;2;12.00
8373.00;23142338#2_0;290.21;10.29;8111.00;0.36;803785575#0_0;5.10;0.00;tripinfo_out_od_to_ns.13;262.00;out_od_to_ns.13;0;1928.29;1.02;0.00;78.98;car;;2;9.00
8373.00;41899283#1_0;148.70;9.98;8114.00;2.63;803785575#0_0;5.10;0.00;tripinfo_out_od_to_as.45;259.00;out_od_to_as.45;0;2382.09;1.01;0.00;45.96;car;;0;0.00
8375.00;23142338#2_0;290.21;10.13;7990.00;0.30;-23156305_0;5.10;0.00;tripinfo_out_gg_to_ns.59;385.00;out_gg_to_ns.59;0;2927.39;1.00;0.00;117.71;car;;3;69.00
8379.00;23156030#6_0;109.07;11.87;8096.00;0.48;-28716808#1_0;5.10;0.00;tripinfo_out_kl_to_od.55;283.00;out_kl_to_od.55;0;2657.03;1.08;0.00;61.35;car;;1;5.00
8380.00;230845886_0;633.12;11.05;8122.00;0.03;803785575#0_0;5.10;0.00;tripinfo_out_od_to_ba.18;258.00;out_od_to_ba.18;0;2382.14;1.00;0.00;41.35;car;;1;3.00
8381.00;23142338#2_0;290.21;11.35;8010.00;0.70;-23156305_0;5.10;0.00;tripinfo_out_gg_to_ns.60;371.00;out_gg_to_ns.60;0;2927.39;1.07;0.00;122.83;car;;5;72.00
8382.00;41899283#1_0;148.70;9.07;8107.00;0.03;803785575#0_0;5.10;0.00;tripinfo_out_od_to_as.44;275.00;out_od_to_as.44;0;2382.09;0.85;0.00;22.96;car;;0;0.00
8384.00;23156030#6_1;109.07;11.15;8143.00;0.27;23687583_0;5.10;0.00;tripinfo_out_as_to_od.73;241.00;out_as_to_od.73;0;2357.31;1.06;0.00;40.90;car;;0;0.00
8384.00;41899283#1_0;148.70;9.52;8230.00;0.41;-230845886_0;5.10;0.00;tripinfo_out_ba_to_as.68;154.00;out_ba_to_as.68;0;1430.78;0.96;0.00;19.44;car;;0;0.00
8385.00;23156030#6_1;109.07;11.83;8305.00;0.89;-45494495_0;5.10;0.00;tripinfo_out_os_to_od.98;80.00;out_os_to_od.98;0;865.51;1.08;0.00;7.80;car;;0;0.00
8386.00;23156030#6_0;109.07;10.53;8145.00;0.74;-230845886_0;5.10;0.00;tripinfo_out_ba_to_od.72;241.00;out_ba_to_od.72;0;2315.50;0.98;0.00;28.21;car;;0;0.00
8388.00;972103805_0;116.86;11.34;8206.00;1.98;-28716808#1_0;5.10;0.00;tripinfo_out_kl_to_ko.40;182.00;out_kl_to_ko.40;0;1927.03;1.10;0.00;22.83;car;;0;0.00
8393.00;45494495_0;58.90;9.91;8208.00;0.26;23687583_0;5.10;0.00;tripinfo_out_as_to_os.35;185.00;out_as_to_os.35;0;1689.77;0.97;0.00;27.16;car;;1;3.00
8394.00;41899283#1_0;148.70;9.47;8162.00;2.25;-23142338#2_0;5.10;0.00;tripinfo_out_ns_to_as.86;232.00;out_ns_to_as.86;0;2009.37;0.87;0.00;21.23;car;;0;0.00
8396.00;41899283#1_0;148.70;11.43;8233.00;1.11;-230845886_0;5.10;0.00;tripinfo_out_ba_to_as.69;163.00;out_ba_to_as.69;0;1430.78;1.06;0.00;41.05;car;;1;9.00
8398.00;41899283#1_0;148.70;11.94;8182.00;1.05;-23142338#2_0;5.10;0.00;tripinfo_out_ns_to_as.87;216.00;out_ns_to_as.87;0;2009.37;1.08;0.00;46.90;car;;1;3.00
