tripinfo_arrival;tripinfo_arrivalLane;tripinfo_arrivalPos;tripinfo_arrivalSpeed;tripinfo_depart;tripinfo_departDelay;tripinfo_departLane;tripinfo_departPos;tripinfo_departSpeed;tripinfo_devices;tripinfo_duration;tripinfo_id;tripinfo_rerouteNo;tripinfo_routeLength;tripinfo_speedFactor;tripinfo_stopTime;tripinfo_timeLoss;tripinfo_vType;tripinfo_vaporized;tripinfo_waitingCount;tripinfo_waitingTime
91.00;23156030#6_0;109.07;10.96;10.00;0.26;-45494495_0;5.10;0.00;tripinfo_wu_os_to_od.0;81.00;wu_os_to_od.0;0;865.51;1.06;0.00;7.41;car;;0;0.00
108.00;28706217_0;94.10;9.04;22.00;3.61;-45494495_0;5.10;0.00;tripinfo_wu_os_to_sl.0;86.00;wu_os_to_sl.0;0;484.95;1.14;0.00;42.47;car;;2;26.00
111.00;45494495_0;58.90;9.64;10.00;2.62;803785575#0_0;5.10;0.00;tripinfo_wu_od_to_os.0;101.00;wu_od_to_os.0;0;969.96;0.97;0.00;10.31;car;;0;0.00
134.00;45494495_0;58.90;11.28;46.00;4.45;803785575#0_0;5.10;0.00;tripinfo_wu_od_to_os.1;88.00;wu_od_to_os.1;0;969.96;1.10;0.00;8.61;car;;0;0.00
146.00;28716808#1_0;754.74;8.86;10.00;1.45;23687583_0;5.10;0.00;tripinfo_wu_as_to_kl.0;136.00;wu_as_to_kl.0;0;1207.92;0.89;0.00;13.15;car;;0;0.00
146.00;23156030#6_0;109.07;11.52;56.00;0.35;-45494495_0;5.10;0.00;tripinfo_wu_os_to_od.1;90.00;wu_os_to_od.1;0;865.51;1.14;0.00;20.69;car;;1;9.00
157.00;972103805_0;116.86;9.83;44.00;2.41;23687583_0;5.10;0.00;tripinfo_wu_as_to_ko.0;113.00;wu_as_to_ko.0;0;1102.39;0.97;0.00;10.36;car;;0;0.00
160.00;230845886_0;633.12;9.89;13.00;0.07;23687583_0;5.10;0.00;tripinfo_wu_as_to_ba.0;147.00;wu_as_to_ba.0;0;1356.50;0.92;0.00;14.30;car;;0;0.00
162.00;230845886_0;633.12;11.60;27.00;0.49;23687583_0;5.10;0.00;tripinfo_wu_as_to_ba.1;135.00;wu_as_to_ba.1;0;1356.50;1.10;0.00;23.47;car;;0;0.00
162.00;45494495_0;58.90;10.05;58.00;0.15;803785575#0_0;5.10;0.00;tripinfo_wu_od_to_os.2;104.00;wu_od_to_os.2;0;969.96;0.93;0.00;9.37;car;;0;0.00
164.00;972103805_0;116.86;11.22;14.00;0.95;-23142338#2_0;5.10;0.00;tripinfo_wu_ns_to_ko.0;150.00;wu_ns_to_ko.0;0;1398.55;1.12;0.00;36.95;car;;2;4.00
167.00;41899283#1_0;148.70;9.69;9.00;0.19;-230845886_0;5.10;0.00;tripinfo_wu_ba_to_as.0;158.00;wu_ba_to_as.0;0;1430.78;0.90;0.00;14.37;car;;0;0.00
171.00;45494495_0;58.90;11.07;3.00;0.17;23687583_0;5.10;0.00;tripinfo_wu_as_to_os.0;168.00;wu_as_to_os.0;0;1689.77;1.04;0.00;21.11;car;;1;2.00
190.00;41899283#1_0;148.70;10.55;19.00;0.87;-45494495_0;5.10;0.00;tripinfo_wu_os_to_as.0;171.00;wu_os_to_as.0;0;1746.47;1.02;0.00;16.51;car;;0;0.00
195.00;23527526_0;253.75;10.79;12.00;0.88;-230845886_0;5.10;0.00;tripinfo_wu_ba_to_gj.0;183.00;wu_ba_to_gj.0;0;1755.68;0.98;0.00;19.84;car;;0;0.00
195.00;45494495_0;58.90;11.65;104.00;2.33;803785575#0_0;5.10;0.00;tripinfo_wu_od_to_os.3;91.00;wu_od_to_os.3;0;969.96;1.08;0.00;10.02;car;;0;0.00
198.00;23142338#2_0;290.21;12.25;7.00;0.86;23687583_0;5.10;0.00;tripinfo_wu_as_to_ns.0;191.00;wu_as_to_ns.0;0;1995.73;1.15;0.00;32.49;car;;2;2.00
201.00;45494495_0;58.90;10.36;41.00;1.57;23687583_0;5.10;0.00;tripinfo_wu_as_to_os.1;160.00;wu_as_to_os.1;0;1689.77;1.04;0.00;12.85;car;;0;0.00
206.00;41899283#1_0;148.70;10.69;25.00;5.40;-45494495_0;5.10;0.00;tripinfo_wu_os_to_as.1;181.00;wu_os_to_as.1;0;1746.47;0.97;0.00;17.41;car;;0;0.00
219.00;230845886_0;633.12;9.75;80.00;0.16;23687583_0;5.10;0.00;tripinfo_wu_as_to_ba.2;139.00;wu_as_to_ba.2;0;1356.50;0.96;0.00;11.13;car;;0;0.00
221.00;230845886_0;633.12;11.35;1.00;0.21;803785575#0_0;5.10;0.00;tripinfo_wu_od_to_ba.0;220.00;wu_od_to_ba.0;0;2382.14;1.08;0.00;19.97;car;;0;0.00
223.00;972103805_0;116.86;10.51;66.00;0.28;-23142338#2_0;5.10;0.00;tripinfo_wu_ns_to_ko.1;157.00;wu_ns_to_ko.1;0;1398.55;1.01;0.00;32.38;car;;2;11.00
224.00;23142338#2_0;290.21;11.34;28.00;0.52;803785575#0_0;5.10;0.00;tripinfo_wu_od_to_ns.0;196.00;wu_od_to_ns.0;0;1928.29;1.04;0.00;17.98;car;;0;0.00
225.00;972103805_0;116.86;13.69;95.00;0.16;-23142338#2_0;5.10;0.00;tripinfo_wu_ns_to_ko.2;130.00;wu_ns_to_ko.2;0;1398.55;1.25;0.00;28.29;car;;1;12.00
225.00;45494495_0;58.90;8.51;111.00;2.48;803785575#0_0;5.10;0.00;tripinfo_wu_od_to_os.4;114.00;wu_od_to_os.4;0;969.96;0.85;0.00;10.33;car;;0;0.00
230.00;23142338#2_0;290.21;11.13;38.00;0.89;23687583_0;5.10;0.00;tripinfo_wu_as_to_ns.1;192.00;wu_as_to_ns.1;0;1995.73;1.11;0.00;28.49;car;;0;0.00
231.00;230845886_0;633.12;10.78;14.00;0.44;803785575#0_0;5.10;0.00;tripinfo_wu_od_to_ba.1;217.00;wu_od_to_ba.1;0;2382.14;1.08;0.00;17.20;car;;0;0.00
233.00;23527526_0;253.75;10.44;5.00;2.64;-23142338#2_0;5.10;0.00;tripinfo_wu_ns_to_gj.0;228.00;wu_ns_to_gj.0;0;2084.96;0.97;0.00;33.35;car;;2;8.00
240.00;28716808#1_0;754.74;11.81;7.00;3.16;803785575#0_0;5.10;0.00;tripinfo_wu_od_to_kl.0;233.00;wu_od_to_kl.0;0;2678.40;1.18;0.00;26.98;car;;0;0.00
244.00;45494495_0;58.90;11.50;89.00;0.40;-230845886_0;5.10;0.00;tripinfo_wu_ba_to_os.0;155.00;wu_ba_to_os.0;0;1647.96;1.06;0.00;13.89;car;;0;0.00
244.00;972103805_0;116.86;10.35;131.00;0.89;23687583_0;5.10;0.00;tripinfo_wu_as_to_ko.1;113.00;wu_as_to_ko.1;0;1102.39;1.03;0.00;16.18;car;;0;0.00
251.00;23142338#2_0;290.21;11.18;53.00;0.64;-45494495_0;5.10;0.00;tripinfo_wu_os_to_ns.0;198.00;wu_os_to_ns.0;0;1665.91;1.07;0.00;45.77;car;;2;19.00
258.00;45494495_0;58.90;11.17;89.00;0.55;23687583_0;5.10;0.00;tripinfo_wu_as_to_os.2;169.00;wu_as_to_os.2;0;1689.77;1.07;0.00;26.77;car;;1;7.00
262.00;41899283#1_0;148.70;10.40;116.00;0.33;-230845886_0;5.10;0.00;tripinfo_wu_ba_to_as.1;146.00;wu_ba_to_as.1;0;1430.78;0.98;0.00;13.07;car;;0;0.00
264.00;972103805_0;116.86;9.69;4.00;2.17;803785575#0_0;5.10;0.00;tripinfo_wu_od_to_ko.0;260.00;wu_od_to_ko.0;0;2307.67;0.96;0.00;30.26;car;;1;4.00
266.00;972103805_0;116.86;12.32;146.00;0.60;-23142338#2_0;5.10;0.00;tripinfo_wu_ns_to_ko.3;120.00;wu_ns_to_ko.3;0;1398.55;1.21;0.00;14.74;car;;0;0.00
270.00;23156030#6_0;109.07;10.26;37.00;0.14;-230845886_0;5.10;0.00;tripinfo_wu_ba_to_od.0;233.00;wu_ba_to_od.0;0;2315.50;1.03;0.00;29.44;car;;0;0.00
273.00;23527526_0;253.75;10.14;199.00;9.66;23687583_0;5.10;0.00;tripinfo_wu_as_to_gj.0;74.00;wu_as_to_gj.0;0;649.06;1.03;0.00;15.79;car;;0;0.00
275.00;23156305_0;1264.14;10.36;111.00;0.90;23687583_0;5.10;0.00;tripinfo_wu_as_to_gg.0;164.00;wu_as_to_gg.0;0;1600.87;0.97;0.00;14.06;car;;0;0.00
275.00;23527526_0;253.75;11.21;202.00;10.76;23687583_0;5.10;0.00;tripinfo_wu_as_to_gj.1;73.00;wu_as_to_gj.1;0;649.06;1.09;0.00;18.30;car;;0;0.00
276.00;28716808#1_0;754.74;12.31;17.00;0.28;803785575#0_0;5.10;0.00;tripinfo_wu_od_to_kl.1;259.00;wu_od_to_kl.1;0;2678.40;1.14;0.00;45.48;car;;2;13.00
277.00;23156390_0;1121.44;10.45;28.00;2.33;-45494495_0;5.10;0.00;tripinfo_wu_os_to_br.0;249.00;wu_os_to_br.0;0;2513.69;1.03;0.00;26.31;car;;0;0.00
278.00;23527526_0;253.75;10.91;73.00;0.40;-45494495_0;5.10;0.00;tripinfo_wu_os_to_gj.0;205.00;wu_os_to_gj.0;0;2071.37;1.08;0.00;29.90;car;;1;4.00
280.00;972103805_0;116.86;9.43;32.00;0.31;-230845886_0;5.10;0.00;tripinfo_wu_ba_to_ko.0;248.00;wu_ba_to_ko.0;0;2114.29;0.87;0.00;27.91;car;;1;1.00
284.00;23142338#2_0;290.21;10.81;64.00;0.42;803785575#0_0;5.10;0.00;tripinfo_wu_od_to_ns.1;220.00;wu_od_to_ns.1;0;1928.29;0.98;0.00;30.20;car;;1;6.00
286.00;23527526_0;253.75;10.96;53.00;2.40;-23142338#2_0;5.10;0.00;tripinfo_wu_ns_to_gj.1;233.00;wu_ns_to_gj.1;0;2084.96;1.04;0.00;51.92;car;;2;21.00
286.00;28706217_0;94.10;7.50;202.00;0.33;803785575#0_0;5.10;0.00;tripinfo_wu_od_to_sl.0;84.00;wu_od_to_sl.0;0;747.33;1.00;0.00;10.69;car;;0;0.00
291.00;972103805_0;116.86;10.26;40.00;0.97;803785575#0_0;5.10;0.00;tripinfo_wu_od_to_ko.1;251.00;wu_od_to_ko.1;0;2307.67;0.97;0.00;25.54;car;;0;0.00
291.00;230845886_0;633.12;9.37;43.00;2.76;803785575#0_0;5.10;0.00;tripinfo_wu_od_to_ba.2;248.00;wu_od_to_ba.2;0;2382.14;0.94;0.00;19.51;car;;0;0.00
292.00;23527526_0;253.75;10.74;23.00;0.29;803785575#0_0;5.10;0.00;tripinfo_wu_od_to_gj.0;269.00;wu_od_to_gj.0;0;2706.99;1.04;0.00;32.82;car;;1;9.00
293.00;230845886_0;633.12;11.15;153.00;2.60;23687583_0;5.10;0.00;tripinfo_wu_as_to_ba.3;140.00;wu_as_to_ba.3;0;1356.50;1.10;0.00;27.96;car;;1;5.00
298.00;28716808#1_0;754.74;11.96;182.00;0.40;23687583_0;5.10;0.00;tripinfo_wu_as_to_kl.1;116.00;wu_as_to_kl.1;0;1207.92;1.14;0.00;19.86;car;;1;8.00
299.00;28706217_0;94.10;8.18;40.00;2.88;-230845886_0;5.10;0.00;tripinfo_wu_ba_to_sl.0;259.00;wu_ba_to_sl.0;0;1934.94;1.02;0.00;82.63;car;;2;35.00
300.00;45494495_0;58.90;9.04;190.00;1.87;803785575#0_0;5.10;0.00;tripinfo_wu_od_to_os.5;110.00;wu_od_to_os.5;0;969.96;0.88;0.00;9.43;car;;0;0.00
301.00;28706217_0;94.10;8.23;53.00;0.53;23687583_0;5.10;0.00;tripinfo_wu_as_to_sl.0;248.00;wu_as_to_sl.0;0;1976.75;1.06;0.00;74.70;car;;2;41.00
302.00;23156030#6_0;109.07;10.54;56.00;2.77;23687583_0;5.10;0.00;tripinfo_wu_as_to_od.0;246.00;wu_as_to_od.0;0;2357.31;1.01;0.00;34.96;car;;1;9.00
307.00;972103805_0;116.86;9.12;171.00;0.44;23687583_0;5.10;0.00;tripinfo_wu_as_to_ko.2;136.00;wu_as_to_ko.2;0;1102.39;0.93;0.00;28.22;car;;1;10.00
309.00;972103805_0;116.86;11.26;174.00;2.82;23687583_0;5.10;0.00;tripinfo_wu_as_to_ko.3;135.00;wu_as_to_ko.3;0;1102.39;1.02;0.00;37.12;car;;1;10.00
311.00;41899283#1_0;148.70;12.47;172.00;1.95;-230845886_0;5.10;0.00;tripinfo_wu_ba_to_as.2;139.00;wu_ba_to_as.2;0;1430.78;1.13;0.00;23.94;car;;0;0.00
311.00;972103805_0;116.86;10.05;190.00;1.82;23687583_0;5.10;0.00;tripinfo_wu_as_to_ko.4;121.00;wu_as_to_ko.4;0;1102.39;0.95;0.00;15.82;car;;0;0.00
320.00;23156390_0;1121.44;12.11;20.00;1.32;803785575#0_0;5.10;0.00;tripinfo_wu_od_to_br.0;300.00;wu_od_to_br.0;0;3149.31;1.13;0.00;46.57;car;;2;8.00
320.00;23156305_0;1264.14;10.56;43.00;3.70;-230845886_0;5.10;0.00;tripinfo_wu_ba_to_gg.0;277.00;wu_ba_to_gg.0;0;2718.65;1.02;0.00;35.21;car;;1;1.00
322.00;230845886_0;633.12;12.08;152.00;0.82;-45494495_0;5.10;0.00;tripinfo_wu_os_to_ba.0;170.00;wu_os_to_ba.0;0;1746.52;1.11;0.00;27.40;car;;0;0.00
330.00;45494495_0;58.90;9.30;140.00;0.82;-230845886_0;5.10;0.00;tripinfo_wu_ba_to_os.1;190.00;wu_ba_to_os.1;0;1647.96;0.89;0.00;23.00;car;;0;0.00
332.00;23156305_0;1264.14;11.52;2.00;0.85;-23142338#2_0;5.10;0.00;tripinfo_wu_ns_to_gg.0;330.00;wu_ns_to_gg.0;0;3297.24;1.05;0.00;42.92;car;;1;8.00
334.00;23527526_0;253.75;10.14;266.00;0.72;23687583_0;5.10;0.00;tripinfo_wu_as_to_gj.2;68.00;wu_as_to_gj.2;0;649.06;0.99;0.00;7.84;car;;0;0.00
335.00;972103805_0;116.86;10.04;107.00;0.17;-230845886_0;5.10;0.00;tripinfo_wu_ba_to_ko.1;228.00;wu_ba_to_ko.1;0;2114.29;0.98;0.00;32.01;car;;1;4.00
336.00;28706217_0;94.10;6.74;99.00;0.74;-230845886_0;5.10;0.00;tripinfo_wu_ba_to_sl.1;237.00;wu_ba_to_sl.1;0;1934.94;0.88;0.00;33.93;car;;1;10.00
337.00;23142338#2_0;290.21;8.48;108.00;0.47;23687583_0;5.10;0.00;tripinfo_wu_as_to_ns.2;229.00;wu_as_to_ns.2;0;1995.73;0.88;0.00;21.90;car;;0;0.00
343.00;23142338#2_0;290.21;11.01;122.00;0.22;803785575#0_0;5.10;0.00;tripinfo_wu_od_to_ns.2;221.00;wu_od_to_ns.2;0;1928.29;1.00;0.00;34.66;car;;1;12.00
343.00;230845886_0;633.12;12.79;143.00;0.05;803785575#0_0;5.10;0.00;tripinfo_wu_od_to_ba.3;200.00;wu_od_to_ba.3;0;2382.14;1.17;0.00;15.07;car;;0;0.00
343.00;23527526_0;253.75;10.13;154.00;0.81;-230845886_0;5.10;0.00;tripinfo_wu_ba_to_gj.1;189.00;wu_ba_to_gj.1;0;1755.68;0.99;0.00;28.06;car;;1;10.00
344.00;41899283#1_0;148.70;9.42;82.00;0.37;803785575#0_0;5.10;0.00;tripinfo_wu_od_to_as.0;262.00;wu_od_to_as.0;0;2382.09;0.94;0.00;32.50;car;;1;7.00
346.00;972103805_0;116.86;10.89;108.00;0.21;803785575#0_0;5.10;0.00;tripinfo_wu_od_to_ko.2;238.00;wu_od_to_ko.2;0;2307.67;1.03;0.00;25.55;car;;1;2.00
348.00;972103805_0;116.86;11.00;117.00;0.41;803785575#0_0;5.10;0.00;tripinfo_wu_od_to_ko.3;231.00;wu_od_to_ko.3;0;2307.67;1.10;0.00;31.58;car;;0;0.00
352.00;45494495_0;58.90;11.06;199.00;0.69;-230845886_0;5.10;0.00;tripinfo_wu_ba_to_os.2;153.00;wu_ba_to_os.2;0;1647.96;1.06;0.00;12.33;car;;0;0.00
357.00;23527526_0;253.75;9.16;169.00;0.62;-230845886_0;5.10;0.00;tripinfo_wu_ba_to_gj.2;188.00;wu_ba_to_gj.2;0;1755.68;0.92;0.00;15.25;car;;0;0.00
359.00;23527526_0;253.75;12.79;182.00;2.01;-230845886_0;5.10;0.00;tripinfo_wu_ba_to_gj.3;177.00;wu_ba_to_gj.3;0;1755.68;1.18;0.00;41.56;car;;0;0.00
361.00;23527526_0;253.75;10.31;276.00;0.39;23687583_0;5.10;0.00;tripinfo_wu_as_to_gj.3;85.00;wu_as_to_gj.3;0;649.06;0.99;0.00;25.23;car;;1;12.00
366.00;972103805_0;116.86;10.14;206.00;5.02;23687583_0;5.10;0.00;tripinfo_wu_as_to_ko.5;160.00;wu_as_to_ko.5;0;1102.39;0.95;0.00;55.27;car;;2;32.00
367.00;28706217_0;94.10;8.13;150.00;0.37;23687583_0;5.10;0.00;tripinfo_wu_as_to_sl.1;217.00;wu_as_to_sl.1;0;1976.75;1.08;0.00;47.48;car;;1;7.00
367.00;45494495_0;58.90;10.15;193.00;4.79;23687583_0;5.10;0.00;tripinfo_wu_as_to_os.3;174.00;wu_as_to_os.3;0;1689.77;0.98;0.00;18.68;car;;0;0.00
375.00;972103805_0;116.86;10.01;198.00;1.12;-23142338#2_0;5.10;0.00;tripinfo_wu_ns_to_ko.4;177.00;wu_ns_to_ko.4;0;1398.55;0.91;0.00;38.63;car;;1;18.00
375.00;41899283#1_0;148.70;12.01;217.00;0.89;-45494495_0;5.10;0.00;tripinfo_wu_os_to_as.2;158.00;wu_os_to_as.2;0;1746.47;1.13;0.00;17.43;car;;0;0.00
379.00;23156305_0;1264.14;10.67;102.00;0.57;-230845886_0;5.10;0.00;tripinfo_wu_ba_to_gg.1;277.00;wu_ba_to_gg.1;0;2718.65;1.01;0.00;31.42;car;;0;0.00
381.00;23156305_0;1264.14;13.11;215.00;6.96;23687583_0;5.10;0.00;tripinfo_wu_as_to_gg.1;166.00;wu_as_to_gg.1;0;1600.87;1.22;0.00;47.11;car;;1;12.00
384.00;972103805_0;116.86;8.38;201.00;0.12;-23142338#2_0;5.10;0.00;tripinfo_wu_ns_to_ko.5;183.00;wu_ns_to_ko.5;0;1398.55;0.82;0.00;28.09;car;;1;9.00
386.00;972103805_0;116.86;11.87;129.00;0.46;803785575#0_0;5.10;0.00;tripinfo_wu_od_to_ko.4;257.00;wu_od_to_ko.4;0;2307.67;1.17;0.00;68.21;car;;1;12.00
386.00;23527526_0;253.75;12.97;328.00;0.14;23687583_0;5.10;0.00;tripinfo_wu_as_to_gj.4;58.00;wu_as_to_gj.4;0;649.06;1.22;0.00;9.39;car;;0;0.00
387.00;972103805_0;116.86;11.03;126.00;0.54;-45494495_0;5.10;0.00;tripinfo_wu_os_to_ko.0;261.00;wu_os_to_ko.0;0;2045.29;1.01;0.00;66.72;car;;2;32.00
389.00;972103805_0;116.86;11.43;210.00;0.23;-23142338#2_0;5.10;0.00;tripinfo_wu_ns_to_ko.6;179.00;wu_ns_to_ko.6;0;1398.55;1.07;0.00;61.21;car;;2;26.00
391.00;28706217_0;94.10;8.58;157.00;0.67;23687583_0;5.10;0.00;tripinfo_wu_as_to_sl.2;234.00;wu_as_to_sl.2;0;1976.75;1.03;0.00;56.67;car;;3;21.00
391.00;972103805_0;116.86;12.11;213.00;1.95;-23142338#2_0;5.10;0.00;tripinfo_wu_ns_to_ko.7;178.00;wu_ns_to_ko.7;0;1398.55;1.13;0.00;66.29;car;;3;27.00
398.00;230845886_0;633.12;8.39;224.00;0.68;23687583_0;5.10;0.00;tripinfo_wu_as_to_ba.4;174.00;wu_as_to_ba.4;0;1356.50;0.87;0.00;32.63;car;;2;10.00
398.00;23156030#6_0;109.07;9.23;300.00;2.51;-45494495_0;5.10;0.00;tripinfo_wu_os_to_od.2;98.00;wu_os_to_od.2;0;865.51;0.92;0.00;13.40;car;;1;2.00
400.00;230845886_0;633.12;10.97;170.00;0.53;803785575#0_0;5.10;0.00;tripinfo_wu_od_to_ba.4;230.00;wu_od_to_ba.4;0;2382.14;1.09;0.00;32.77;car;;0;0.00
401.00;23156030#6_0;109.07;10.05;137.00;0.34;-230845886_0;5.10;0.00;tripinfo_wu_ba_to_od.2;264.00;wu_ba_to_od.2;0;2315.50;0.99;0.00;52.26;car;;0;0.00
401.00;972103805_0;116.86;8.24;230.00;5.93;23687583_0;5.10;0.00;tripinfo_wu_as_to_ko.6;171.00;wu_as_to_ko.6;0;1102.39;0.78;0.00;43.02;car;;2;21.00
403.00;972103805_0;116.86;9.89;233.00;1.99;23687583_0;5.10;0.00;tripinfo_wu_as_to_ko.7;170.00;wu_as_to_ko.7;0;1102.39;0.92;0.00;61.98;car;;2;17.00
404.00;23142338#2_0;290.21;10.14;156.00;0.35;803785575#0_0;5.10;0.00;tripinfo_wu_od_to_ns.3;248.00;wu_od_to_ns.3;0;1928.29;0.99;0.00;61.04;car;;3;23.00
404.00;41899283#1_0;148.70;11.14;176.00;4.19;803785575#0_0;5.10;0.00;tripinfo_wu_od_to_as.1;228.00;wu_od_to_as.1;0;2382.09;1.06;0.00;24.17;car;;0;0.00
405.00;23156390_0;1121.44;10.54;143.00;0.61;-45494495_0;5.10;0.00;tripinfo_wu_os_to_br.1;262.00;wu_os_to_br.1;0;2513.69;1.02;0.00;36.86;car;;1;7.00
405.00;972103805_0;116.86;10.28;248.00;3.46;23687583_0;5.10;0.00;tripinfo_wu_as_to_ko.8;157.00;wu_as_to_ko.8;0;1102.39;0.98;0.00;54.69;car;;1;14.00
406.00;23142338#2_0;290.21;10.98;163.00;0.94;-45494495_0;5.10;0.00;tripinfo_wu_os_to_ns.1;243.00;wu_os_to_ns.1;0;1665.91;1.03;0.00;85.08;car;;3;49.00
407.00;972103805_0;116.86;11.76;157.00;1.41;-230845886_0;5.10;0.00;tripinfo_wu_ba_to_ko.2;250.00;wu_ba_to_ko.2;0;2114.29;1.11;0.00;76.86;car;;3;35.00
408.00;972103805_0;116.86;11.90;203.00;0.05;-230845886_0;5.10;0.00;tripinfo_wu_ba_to_ko.3;205.00;wu_ba_to_ko.3;0;2114.29;1.16;0.00;38.92;car;;2;3.00
411.00;23527526_0;253.75;10.11;211.00;0.24;-230845886_0;5.10;0.00;tripinfo_wu_ba_to_gj.4;200.00;wu_ba_to_gj.4;0;1755.68;0.93;0.00;28.37;car;;0;0.00
415.00;23156030#6_0;109.07;8.41;119.00;2.43;-230845886_0;5.10;0.00;tripinfo_wu_ba_to_od.1;296.00;wu_ba_to_od.1;0;2315.50;0.77;0.00;25.27;car;;0;0.00
416.00;23156305_0;1264.14;11.16;48.00;0.99;803785575#0_0;5.10;0.00;tripinfo_wu_od_to_gg.0;368.00;wu_od_to_gg.0;0;3669.96;1.01;0.00;38.25;car;;0;0.00
420.00;45494495_0;58.90;8.85;311.00;5.21;803785575#0_0;5.10;0.00;tripinfo_wu_od_to_os.6;109.00;wu_od_to_os.6;0;969.96;0.88;0.00;9.51;car;;0;0.00
421.00;23156030#6_0;109.07;11.25;151.00;0.33;-230845886_0;5.10;0.00;tripinfo_wu_ba_to_od.3;270.00;wu_ba_to_od.3;0;2315.50;1.05;0.00;70.70;car;;1;18.00
424.00;41899283#1_0;148.70;12.65;241.00;0.24;-230845886_0;5.10;0.00;tripinfo_wu_ba_to_as.3;183.00;wu_ba_to_as.3;0;1430.78;1.17;0.00;71.71;car;;2;22.00
424.00;972103805_0;116.86;11.78;281.00;0.47;23687583_0;5.10;0.00;tripinfo_wu_as_to_ko.9;143.00;wu_as_to_ko.9;0;1102.39;1.06;0.00;48.98;car;;2;26.00
429.00;972103805_0;116.86;9.69;290.00;0.83;23687583_0;5.10;0.00;tripinfo_wu_as_to_ko.10;139.00;wu_as_to_ko.10;0;1102.39;0.93;0.00;31.15;car;;1;9.00
429.00;28716808#1_0;754.74;9.72;293.00;0.68;23687583_0;5.10;0.00;tripinfo_wu_as_to_kl.2;136.00;wu_as_to_kl.2;0;1207.92;0.98;0.00;23.70;car;;1;5.00
430.00;41899283#1_0;148.70;10.19;255.00;0.91;-230845886_0;5.10;0.00;tripinfo_wu_ba_to_as.4;175.00;wu_ba_to_as.4;0;1430.78;1.03;0.00;49.66;car;;2;17.00
431.00;23156390_0;1121.44;9.89;258.00;0.27;23687583_0;5.10;0.00;tripinfo_wu_as_to_br.0;173.00;wu_as_to_br.0;0;1694.48;0.97;0.00;14.41;car;;0;0.00
431.00;28706217_0;94.10;8.14;319.00;0.01;-45494495_0;5.10;0.00;tripinfo_wu_os_to_sl.1;112.00;wu_os_to_sl.1;0;484.95;1.02;0.00;63.43;car;;2;45.00
436.00;972103805_0;116.86;8.63;133.00;0.26;803785575#0_0;5.10;0.00;tripinfo_wu_od_to_ko.5;303.00;wu_od_to_ko.5;0;2307.67;0.84;0.00;44.06;car;;2;12.00
436.00;23156390_0;1121.44;10.33;166.00;2.98;-45494495_0;5.10;0.00;tripinfo_wu_os_to_br.2;270.00;wu_os_to_br.2;0;2513.69;0.96;0.00;30.85;car;;0;0.00
436.00;23142338#2_0;290.21;11.06;180.00;0.88;-230845886_0;5.10;0.00;tripinfo_wu_ba_to_ns.0;256.00;wu_ba_to_ns.0;0;2346.36;1.03;0.00;49.62;car;;2;16.00
438.00;972103805_0;116.86;9.37;139.00;0.91;803785575#0_0;5.10;0.00;tripinfo_wu_od_to_ko.6;299.00;wu_od_to_ko.6;0;2307.67;0.95;0.00;68.27;car;;2;9.00
440.00;972103805_0;116.86;9.56;148.00;0.59;803785575#0_0;5.10;0.00;tripinfo_wu_od_to_ko.7;292.00;wu_od_to_ko.7;0;2307.67;0.96;0.00;62.81;car;;2;7.00
442.00;972103805_0;116.86;10.19;227.00;0.33;-23142338#2_0;5.10;0.00;tripinfo_wu_ns_to_ko.8;215.00;wu_ns_to_ko.8;0;1398.55;1.01;0.00;89.42;car;;4;45.00
443.00;41899283#1_0;148.70;11.25;197.00;0.59;803785575#0_0;5.10;0.00;tripinfo_wu_od_to_as.2;246.00;wu_od_to_as.2;0;2382.09;1.01;0.00;33.45;car;;1;2.00
444.00;972103805_0;116.86;12.20;159.00;0.31;-45494495_0;5.10;0.00;tripinfo_wu_os_to_ko.1;285.00;wu_os_to_ko.1;0;2045.29;1.10;0.00;106.52;car;;3;45.00
446.00;972103805_0;116.86;10.95;169.00;1.76;-45494495_0;5.10;0.00;tripinfo_wu_os_to_ko.2;277.00;wu_os_to_ko.2;0;2045.29;1.02;0.00;85.35;car;;4;39.00
448.00;23156305_0;1264.14;9.91;50.00;0.87;-23142338#2_0;5.10;0.00;tripinfo_wu_ns_to_gg.1;398.00;wu_ns_to_gg.1;0;3297.24;0.90;0.00;64.21;car;;2;21.00
450.00;45494495_0;58.90;10.38;356.00;2.91;803785575#0_0;5.10;0.00;tripinfo_wu_od_to_os.7;94.00;wu_od_to_os.7;0;969.96;1.02;0.00;8.56;car;;0;0.00
455.00;45494495_0;58.90;10.78;364.00;0.71;803785575#0_0;5.10;0.00;tripinfo_wu_od_to_os.8;91.00;wu_od_to_os.8;0;969.96;1.06;0.00;7.81;car;;0;0.00
457.00;972103805_0;116.86;9.04;318.00;0.22;23687583_0;5.10;0.00;tripinfo_wu_as_to_ko.11;139.00;wu_as_to_ko.11;0;1102.39;0.89;0.00;27.52;car;;1;15.00
458.00;28706217_0;94.10;6.27;382.00;0.08;-45494495_0;5.10;0.00;tripinfo_wu_os_to_sl.2;76.00;wu_os_to_sl.2;0;484.95;0.87;0.00;19.31;car;;1;6.00
459.00;972103805_0;116.86;11.57;338.00;0.90;23687583_0;5.10;0.00;tripinfo_wu_as_to_ko.12;121.00;wu_as_to_ko.12;0;1102.39;1.04;0.00;24.99;car;;2;5.00
460.00;28706217_0;94.10;7.70;209.00;2.33;23687583_0;5.10;0.00;tripinfo_wu_as_to_sl.3;251.00;wu_as_to_sl.3;0;1976.75;1.07;0.00;78.65;car;;1;13.00
462.00;23142338#2_0;290.21;11.09;204.00;0.69;-45494495_0;5.10;0.00;tripinfo_wu_os_to_ns.2;258.00;wu_os_to_ns.2;0;1665.91;1.06;0.00;104.55;car;;4;60.00
465.00;23156390_0;1121.44;9.67;216.00;0.14;-230845886_0;5.10;0.00;tripinfo_wu_ba_to_br.0;249.00;wu_ba_to_br.0;0;2198.00;0.92;0.00;30.94;car;;0;0.00
472.00;230845886_0;633.12;11.76;335.00;0.81;23687583_0;5.10;0.00;tripinfo_wu_as_to_ba.5;137.00;wu_as_to_ba.5;0;1356.50;1.11;0.00;26.18;car;;1;3.00
474.00;230845886_0;633.12;11.82;208.00;0.28;803785575#0_0;5.10;0.00;tripinfo_wu_od_to_ba.5;266.00;wu_od_to_ba.5;0;2382.14;1.17;0.00;81.70;car;;1;13.00
474.00;972103805_0;116.86;8.06;290.00;0.55;-23142338#2_0;5.10;0.00;tripinfo_wu_ns_to_ko.9;184.00;wu_ns_to_ko.9;0;1398.55;0.79;0.00;24.97;car;;1;6.00
476.00;23527526_0;253.75;9.12;244.00;2.18;-230845886_0;5.10;0.00;tripinfo_wu_ba_to_gj.5;232.00;wu_ba_to_gj.5;0;1755.68;0.89;0.00;53.68;car;;1;15.00
476.00;972103805_0;116.86;10.68;298.00;0.99;-23142338#2_0;5.10;0.00;tripinfo_wu_ns_to_ko.10;178.00;wu_ns_to_ko.10;0;1398.55;0.97;0.00;47.55;car;;1;6.00
479.00;972103805_0;116.86;9.31;180.00;0.48;803785575#0_0;5.10;0.00;tripinfo_wu_od_to_ko.8;299.00;wu_od_to_ko.8;0;2307.67;0.91;0.00;58.81;car;;2;25.00
479.00;23527526_0;253.75;10.08;291.00;1.84;-230845886_0;5.10;0.00;tripinfo_wu_ba_to_gj.6;188.00;wu_ba_to_gj.6;0;1755.68;0.93;0.00;17.32;car;;0;0.00
480.00;23156305_0;1264.14;10.30;101.00;0.37;803785575#0_0;5.10;0.00;tripinfo_wu_od_to_gg.2;379.00;wu_od_to_gg.2;0;3669.96;0.98;0.00;40.78;car;;0;0.00
481.00;972103805_0;116.86;10.31;180.00;0.26;-45494495_0;5.10;0.00;tripinfo_wu_os_to_ko.3;301.00;wu_os_to_ko.3;0;2045.29;0.99;0.00;102.24;car;;4;49.00
481.00;28716808#1_0;754.74;10.37;206.00;0.53;-23142338#2_0;5.10;0.00;tripinfo_wu_ns_to_kl.0;275.00;wu_ns_to_kl.0;0;2315.58;0.97;0.00;57.76;car;;2;18.00
481.00;23527526_0;253.75;10.35;386.00;3.33;23687583_0;5.10;0.00;tripinfo_wu_as_to_gj.5;95.00;wu_as_to_gj.5;0;649.06;0.98;0.00;33.99;car;;1;21.00
485.00;28706217_0;94.10;7.78;404.00;2.51;-45494495_0;5.10;0.00;tripinfo_wu_os_to_sl.3;81.00;wu_os_to_sl.3;0;484.95;0.95;0.00;28.89;car;;1;17.00
487.00;230845886_0;633.12;11.03;214.00;1.43;803785575#0_0;5.10;0.00;tripinfo_wu_od_to_ba.6;273.00;wu_od_to_ba.6;0;2382.14;1.01;0.00;58.92;car;;1;13.00
488.00;45494495_0;58.90;6.24;196.00;6.80;23687583_0;5.10;0.00;tripinfo_wu_as_to_os.4;292.00;wu_as_to_os.4;0;1689.77;0.58;0.00;29.68;car;;0;0.00
488.00;230845886_0;633.12;11.06;244.00;0.02;803785575#0_0;5.10;0.00;tripinfo_wu_od_to_ba.7;244.00;wu_od_to_ba.7;0;2382.14;1.04;0.00;36.81;car;;1;12.00
488.00;972103805_0;116.86;9.28;344.00;0.65;23687583_0;5.10;0.00;tripinfo_wu_as_to_ko.13;144.00;wu_as_to_ko.13;0;1102.39;0.89;0.00;30.99;car;;1;14.00
489.00;23156030#6_1;109.07;9.71;391.00;0.07;-45494495_0;5.10;0.00;tripinfo_wu_os_to_od.3;98.00;wu_os_to_od.3;0;865.51;0.94;0.00;14.61;car;;1;2.00
490.00;45494495_0;58.90;9.15;227.00;2.98;23687583_0;5.10;0.00;tripinfo_wu_as_to_os.5;263.00;wu_as_to_os.5;0;1689.77;0.90;0.00;92.85;car;;2;8.00
490.00;230845886_0;633.12;12.23;352.00;1.21;23687583_0;5.10;0.00;tripinfo_wu_as_to_ba.6;138.00;wu_as_to_ba.6;0;1356.50;1.13;0.00;29.87;car;;1;7.00
491.00;23156030#6_0;109.07;8.91;226.00;0.02;-230845886_0;5.10;0.00;tripinfo_wu_ba_to_od.4;265.00;wu_ba_to_od.4;0;2315.50;0.89;0.00;29.80;car;;1;3.00
491.00;23156030#6_1;109.07;11.96;401.00;0.20;-45494495_0;5.10;0.00;tripinfo_wu_os_to_od.4;90.00;wu_os_to_od.4;0;865.51;1.18;0.00;23.68;car;;0;0.00
492.00;972103805_0;116.86;8.60;208.00;0.42;-230845886_0;5.10;0.00;tripinfo_wu_ba_to_ko.4;284.00;wu_ba_to_ko.4;0;2114.29;0.79;0.00;41.54;car;;1;8.00
492.00;45494495_0;58.90;9.28;245.00;0.84;23687583_0;5.10;0.00;tripinfo_wu_as_to_os.6;247.00;wu_as_to_os.6;0;1689.77;0.86;0.00;68.93;car;;1;1.00
494.00;972103805_0;116.86;10.71;219.00;1.02;-230845886_0;5.10;0.00;tripinfo_wu_ba_to_ko.5;275.00;wu_ba_to_ko.5;0;2114.29;0.97;0.00;77.15;car;;1;7.00
494.00;45494495_0;58.90;11.41;283.00;0.29;-230845886_0;5.10;0.00;tripinfo_wu_ba_to_os.3;211.00;wu_ba_to_os.3;0;1647.96;1.05;0.00;69.06;car;;0;0.00
496.00;972103805_0;116.86;12.71;223.00;0.64;-230845886_0;5.10;0.00;tripinfo_wu_ba_to_ko.6;273.00;wu_ba_to_ko.6;0;2114.29;1.20;0.00;111.41;car;;1;11.00
498.00;45494495_0;58.90;9.85;320.00;0.29;-230845886_0;5.10;0.00;tripinfo_wu_ba_to_os.4;178.00;wu_ba_to_os.4;0;1647.96;0.91;0.00;14.88;car;;0;0.00
498.00;972103805_0;116.86;12.10;334.00;0.10;-23142338#2_0;5.10;0.00;tripinfo_wu_ns_to_ko.11;164.00;wu_ns_to_ko.11;0;1398.55;1.16;0.00;55.00;car;;2;13.00
501.00;972103805_0;116.86;10.09;183.00;0.41;-45494495_0;5.10;0.00;tripinfo_wu_os_to_ko.4;318.00;wu_os_to_ko.4;0;2045.29;0.97;0.00;117.42;car;;5;74.00
502.00;23156305_0;1264.14;8.75;90.00;0.40;803785575#0_0;5.10;0.00;tripinfo_wu_od_to_gg.1;412.00;wu_od_to_gg.1;0;3669.96;0.88;0.00;34.50;car;;0;0.00
503.00;972103805_0;116.86;12.41;263.00;0.90;-45494495_0;5.10;0.00;tripinfo_wu_os_to_ko.5;240.00;wu_os_to_ko.5;0;2045.29;1.12;0.00;64.54;car;;2;19.00
504.00;23156305_0;1264.14;12.67;173.00;3.25;803785575#0_0;5.10;0.00;tripinfo_wu_od_to_gg.4;331.00;wu_od_to_gg.4;0;3669.96;1.17;0.00;46.55;car;;2;3.00
506.00;972103805_0;116.86;10.52;268.00;0.38;803785575#0_0;5.10;0.00;tripinfo_wu_od_to_ko.9;238.00;wu_od_to_ko.9;0;2307.67;1.04;0.00;26.95;car;;0;0.00
506.00;45494495_0;58.90;9.51;329.00;2.73;-230845886_0;5.10;0.00;tripinfo_wu_ba_to_os.5;177.00;wu_ba_to_os.5;0;1647.96;0.92;0.00;15.43;car;;0;0.00
508.00;45494495_0;58.90;11.24;411.00;0.32;803785575#0_0;5.10;0.00;tripinfo_wu_od_to_os.9;97.00;wu_od_to_os.9;0;969.96;1.09;0.00;16.50;car;;0;0.00
511.00;230845886_0;633.12;9.85;216.00;1.84;-23142338#2_0;5.10;0.00;tripinfo_wu_ns_to_ba.0;295.00;wu_ns_to_ba.0;0;2340.42;0.91;0.00;62.92;car;;3;27.00
514.00;28716808#1_0;754.74;11.12;211.00;1.49;803785575#0_0;5.10;0.00;tripinfo_wu_od_to_kl.2;303.00;wu_od_to_kl.2;0;2678.40;1.05;0.00;71.79;car;;2;15.00
515.00;23156390_0;1121.44;10.02;321.00;0.34;23687583_0;5.10;0.00;tripinfo_wu_as_to_br.1;194.00;wu_as_to_br.1;0;1694.48;0.92;0.00;27.18;car;;1;8.00
520.00;45494495_0;58.90;10.09;324.00;2.61;23687583_0;5.10;0.00;tripinfo_wu_as_to_os.7;196.00;wu_as_to_os.7;0;1689.77;0.91;0.00;27.46;car;;1;4.00
523.00;45494495_0;58.90;11.06;350.00;0.33;-230845886_0;5.10;0.00;tripinfo_wu_ba_to_os.6;173.00;wu_ba_to_os.6;0;1647.96;1.02;0.00;25.88;car;;0;0.00
525.00;972103805_0;116.86;8.47;383.00;0.93;23687583_0;5.10;0.00;tripinfo_wu_as_to_ko.14;142.00;wu_as_to_ko.14;0;1102.39;0.77;0.00;12.19;car;;0;0.00
527.00;972103805_0;116.86;10.04;362.00;0.33;-23142338#2_0;5.10;0.00;tripinfo_wu_ns_to_ko.12;165.00;wu_ns_to_ko.12;0;1398.55;0.95;0.00;32.25;car;;2;11.00
527.00;23156030#6_0;109.07;8.91;411.00;0.55;-45494495_0;5.10;0.00;tripinfo_wu_os_to_od.5;116.00;wu_os_to_od.5;0;865.51;0.81;0.00;19.07;car;;1;7.00
528.00;23156305_0;1264.14;10.64;159.00;2.95;803785575#0_0;5.10;0.00;tripinfo_wu_od_to_gg.3;369.00;wu_od_to_gg.3;0;3669.96;1.00;0.00;37.46;car;;1;4.00
537.00;28706217_0;94.10;7.49;251.00;5.90;23687583_0;5.10;0.00;tripinfo_wu_as_to_sl.5;286.00;wu_as_to_sl.5;0;1976.75;0.95;0.00;92.03;car;;2;14.00
540.00;45494495_0;58.90;10.95;372.00;0.75;23687583_0;5.10;0.00;tripinfo_wu_as_to_os.8;168.00;wu_as_to_os.8;0;1689.77;1.04;0.00;21.64;car;;0;0.00
543.00;28716808#1_0;754.74;9.04;340.00;2.37;-230845886_0;5.10;0.00;tripinfo_wu_ba_to_kl.0;203.00;wu_ba_to_kl.0;0;1727.09;0.85;0.00;19.74;car;;0;0.00
544.00;45494495_0;58.90;9.96;444.00;4.75;803785575#0_0;5.10;0.00;tripinfo_wu_od_to_os.10;100.00;wu_od_to_os.10;0;969.96;0.97;0.00;9.18;car;;0;0.00
546.00;45494495_0;58.90;11.00;453.00;4.75;803785575#0_0;5.10;0.00;tripinfo_wu_od_to_os.11;93.00;wu_od_to_os.11;0;969.96;1.06;0.00;9.95;car;;0;0.00
548.00;28706217_0;94.10;8.19;212.00;5.20;23687583_0;5.10;0.00;tripinfo_wu_as_to_sl.4;336.00;wu_as_to_sl.4;0;1976.75;0.99;0.00;150.74;car;;3;39.00
550.00;972103805_0;116.86;7.80;231.00;1.39;-230845886_0;5.10;0.00;tripinfo_wu_ba_to_ko.7;319.00;wu_ba_to_ko.7;0;2114.29;0.73;0.00;57.54;car;;3;19.00
550.00;28706217_0;94.10;8.26;258.00;3.35;-230845886_0;5.10;0.00;tripinfo_wu_ba_to_sl.2;292.00;wu_ba_to_sl.2;0;1934.94;1.06;0.00;122.48;car;;2;31.00
550.00;23527526_0;253.75;9.34;343.00;4.83;-230845886_0;5.10;0.00;tripinfo_wu_ba_to_gj.7;207.00;wu_ba_to_gj.7;0;1755.68;0.84;0.00;18.35;car;;0;0.00
552.00;972103805_0;116.86;10.56;236.00;0.32;-230845886_0;5.10;0.00;tripinfo_wu_ba_to_ko.8;316.00;wu_ba_to_ko.8;0;2114.29;1.05;0.00;133.49;car;;3;17.00
553.00;23527526_0;253.75;11.40;487.00;0.46;23687583_0;5.10;0.00;tripinfo_wu_as_to_gj.6;66.00;wu_as_to_gj.6;0;649.06;1.12;0.00;12.67;car;;0;0.00
554.00;972103805_0;116.86;8.98;272.00;0.24;-230845886_0;5.10;0.00;tripinfo_wu_ba_to_ko.9;282.00;wu_ba_to_ko.9;0;2114.29;0.83;0.00;52.21;car;;1;4.00
556.00;28716808#1_0;754.74;10.46;340.00;0.83;-45494495_0;5.10;0.00;tripinfo_wu_os_to_kl.0;216.00;wu_os_to_kl.0;0;2042.78;1.04;0.00;38.01;car;;2;15.00
558.00;28716808#1_0;754.74;12.18;346.00;0.34;-45494495_0;5.10;0.00;tripinfo_wu_os_to_kl.1;212.00;wu_os_to_kl.1;0;2042.78;1.12;0.00;46.41;car;;1;3.00
559.00;23142338#2_0;290.21;9.19;280.00;0.43;-230845886_0;5.10;0.00;tripinfo_wu_ba_to_ns.1;279.00;wu_ba_to_ns.1;0;2346.36;0.91;0.00;44.25;car;;1;15.00
560.00;23142338#2_0;290.21;10.32;301.00;0.62;-230845886_0;5.10;0.00;tripinfo_wu_ba_to_ns.2;259.00;wu_ba_to_ns.2;0;2346.36;1.10;0.00;66.93;car;;1;14.00
560.00;972103805_0;116.86;12.25;427.00;0.08;-23142338#2_0;5.10;0.00;tripinfo_wu_ns_to_ko.13;133.00;wu_ns_to_ko.13;0;1398.55;1.16;0.00;23.67;car;;1;8.00
571.00;28716808#1_0;754.74;9.83;353.00;0.68;-45494495_0;5.10;0.00;tripinfo_wu_os_to_kl.2;218.00;wu_os_to_kl.2;0;2042.78;0.95;0.00;22.84;car;;0;0.00
573.00;972103805_0;116.86;11.43;463.00;0.28;23687583_0;5.10;0.00;tripinfo_wu_as_to_ko.15;110.00;wu_as_to_ko.15;0;1102.39;1.11;0.00;19.63;car;;1;6.00
574.00;230845886_0;633.12;9.30;317.00;8.84;803785575#0_0;5.10;0.00;tripinfo_wu_od_to_ba.8;257.00;wu_od_to_ba.8;0;2382.14;0.91;0.00;20.73;car;;0;0.00
576.00;230845886_0;633.12;11.51;421.00;0.32;23687583_0;5.10;0.00;tripinfo_wu_as_to_ba.7;155.00;wu_as_to_ba.7;0;1356.50;1.07;0.00;39.78;car;;1;5.00
576.00;23156030#6_0;109.07;10.26;477.00;0.06;-45494495_0;5.10;0.00;tripinfo_wu_os_to_od.6;99.00;wu_os_to_od.6;0;865.51;1.01;0.00;21.83;car;;1;8.00
577.00;972103805_0;116.86;10.99;306.00;0.85;-230845886_0;5.10;0.00;tripinfo_wu_ba_to_ko.10;271.00;wu_ba_to_ko.10;0;2114.29;1.09;0.00;94.37;car;;3;30.00
579.00;23156305_0;1264.14;9.74;239.00;0.62;-45494495_0;5.10;0.00;tripinfo_wu_os_to_gg.0;340.00;wu_os_to_gg.0;0;3034.34;0.92;0.00;40.75;car;;1;9.00
580.00;972103805_0;116.86;9.02;309.00;2.68;-230845886_0;5.10;0.00;tripinfo_wu_ba_to_ko.11;271.00;wu_ba_to_ko.11;0;2114.29;0.93;0.00;63.90;car;;3;21.00
581.00;23156390_0;1121.44;8.11;187.00;0.99;803785575#0_0;5.10;0.00;tripinfo_wu_od_to_br.1;394.00;wu_od_to_br.1;0;3149.31;0.81;0.00;40.42;car;;0;0.00
581.00;28716808#1_0;754.74;11.20;305.00;0.76;803785575#0_0;5.10;0.00;tripinfo_wu_od_to_kl.3;276.00;wu_od_to_kl.3;0;2678.40;1.02;0.00;38.36;car;;2;8.00
581.00;23156305_0;1264.14;12.82;323.00;0.02;-230845886_0;5.10;0.00;tripinfo_wu_ba_to_gg.2;258.00;wu_ba_to_gg.2;0;2718.65;1.18;0.00;47.97;car;;0;0.00
581.00;230845886_0;633.12;10.36;335.00;9.31;803785575#0_0;5.10;0.00;tripinfo_wu_od_to_ba.9;246.00;wu_od_to_ba.9;0;2382.14;0.99;0.00;29.42;car;;0;0.00
581.00;28706217_0;94.10;7.15;358.00;0.87;-230845886_0;5.10;0.00;tripinfo_wu_ba_to_sl.3;223.00;wu_ba_to_sl.3;0;1934.94;0.88;0.00;18.73;car;;0;0.00
582.00;23156030#6_0;109.07;8.98;294.00;1.79;-230845886_0;5.10;0.00;tripinfo_wu_ba_to_od.5;288.00;wu_ba_to_od.5;0;2315.50;0.87;0.00;47.02;car;;1;15.00
582.00;45494495_0;58.90;12.61;497.00;2.26;803785575#0_0;5.10;0.00;tripinfo_wu_od_to_os.12;85.00;wu_od_to_os.12;0;969.96;1.23;0.00;13.81;car;;1;1.00
583.00;230845886_0;633.12;11.85;347.00;1.55;803785575#0_0;5.10;0.00;tripinfo_wu_od_to_ba.10;236.00;wu_od_to_ba.10;0;2382.14;1.10;0.00;39.36;car;;0;0.00
584.00;23156030#6_0;109.07;8.84;303.00;0.98;23687583_0;5.10;0.00;tripinfo_wu_as_to_od.1;281.00;wu_as_to_od.1;0;2357.31;0.87;0.00;36.43;car;;1;10.00
585.00;41899283#1_0;148.70;8.68;322.00;0.93;-23142338#2_0;5.10;0.00;tripinfo_wu_ns_to_as.0;263.00;wu_ns_to_as.0;0;2009.37;0.81;0.00;38.43;car;;2;6.00
587.00;41899283#1_0;148.70;11.60;323.00;7.69;803785575#0_0;5.10;0.00;tripinfo_wu_od_to_as.3;264.00;wu_od_to_as.3;0;2382.09;1.07;0.00;61.92;car;;1;7.00
589.00;41899283#1_0;148.70;10.95;326.00;6.54;803785575#0_0;5.10;0.00;tripinfo_wu_od_to_as.4;263.00;wu_od_to_as.4;0;2382.09;1.02;0.00;51.86;car;;1;7.00
593.00;23156390_0;1121.44;10.97;404.00;3.47;23687583_0;5.10;0.00;tripinfo_wu_as_to_br.2;189.00;wu_as_to_br.2;0;1694.48;1.06;0.00;43.98;car;;2;16.00
600.00;41899283#1_0;148.70;9.22;444.00;0.51;-230845886_0;5.10;0.00;tripinfo_wu_ba_to_as.5;156.00;wu_ba_to_as.5;0;1430.78;0.92;0.00;14.45;car;;0;0.00
601.00;972103805_0;116.86;9.69;320.00;8.42;803785575#0_0;5.10;0.00;tripinfo_wu_od_to_ko.10;281.00;wu_od_to_ko.10;0;2307.67;0.93;0.00;45.75;car;;1;14.00
601.00;23156030#6_0;109.07;10.38;349.00;0.89;23687583_0;5.10;0.00;tripinfo_wu_as_to_od.2;252.00;wu_as_to_od.2;0;2357.31;1.04;0.00;47.18;car;;1;16.00
602.00;23156305_0;1264.14;9.87;326.00;1.95;-230845886_0;5.10;0.00;tripinfo_wu_ba_to_gg.3;276.00;wu_ba_to_gg.3;0;2718.65;0.99;0.00;25.63;car;;0;0.00
603.00;41899283#1_0;148.70;10.92;399.00;0.56;-23142338#2_0;5.10;0.00;tripinfo_wu_ns_to_as.1;204.00;wu_ns_to_as.1;0;2009.37;1.03;0.00;26.57;car;;1;1.00
606.00;23142338#2_0;290.21;13.42;404.00;2.84;803785575#0_0;5.10;0.00;tripinfo_wu_od_to_ns.4;202.00;wu_od_to_ns.4;0;1928.29;1.22;0.00;48.97;car;;0;0.00
607.00;28706217_0;94.10;6.76;375.00;2.16;23687583_0;5.10;0.00;tripinfo_wu_as_to_sl.6;232.00;wu_as_to_sl.6;0;1976.75;0.86;0.00;19.78;car;;0;0.00
608.00;972103805_0;116.86;8.75;478.00;0.86;23687583_0;5.10;0.00;tripinfo_wu_as_to_ko.16;130.00;wu_as_to_ko.16;0;1102.39;0.84;0.00;11.72;car;;0;0.00
610.00;972103805_0;116.86;10.49;484.00;4.12;23687583_0;5.10;0.00;tripinfo_wu_as_to_ko.17;126.00;wu_as_to_ko.17;0;1102.39;1.06;0.00;31.76;car;;0;0.00
612.00;972103805_0;116.86;11.39;499.00;1.28;23687583_0;5.10;0.00;tripinfo_wu_as_to_ko.18;113.00;wu_as_to_ko.18;0;1102.39;1.07;0.00;19.78;car;;0;0.00
614.00;972103805_0;116.86;10.17;313.00;0.02;-230845886_0;5.10;0.00;tripinfo_wu_ba_to_ko.12;301.00;wu_ba_to_ko.12;0;2114.29;1.02;0.00;112.90;car;;5;50.00
615.00;23156305_0;1264.14;12.03;346.00;3.13;-230845886_0;5.10;0.00;tripinfo_wu_ba_to_gg.4;269.00;wu_ba_to_gg.4;0;2718.65;1.10;0.00;44.12;car;;0;0.00
617.00;972103805_0;116.86;10.58;334.00;0.37;-230845886_0;5.10;0.00;tripinfo_wu_ba_to_ko.13;283.00;wu_ba_to_ko.13;0;2114.29;0.96;0.00;81.48;car;;4;43.00
617.00;23527526_0;253.75;9.84;433.00;2.60;-230845886_0;5.10;0.00;tripinfo_wu_ba_to_gj.8;184.00;wu_ba_to_gj.8;0;1755.68;0.98;0.00;20.43;car;;1;1.00
617.00;41899283#1_0;148.70;10.13;434.00;0.13;-45494495_0;5.10;0.00;tripinfo_wu_os_to_as.3;183.00;wu_os_to_as.3;0;1746.47;0.95;0.00;17.42;car;;0;0.00
617.00;45494495_0;58.90;10.09;436.00;0.33;-230845886_0;5.10;0.00;tripinfo_wu_ba_to_os.7;181.00;wu_ba_to_os.7;0;1647.96;0.94;0.00;22.13;car;;1;4.00
618.00;972103805_0;116.86;11.32;337.00;0.40;-230845886_0;5.10;0.00;tripinfo_wu_ba_to_ko.14;281.00;wu_ba_to_ko.14;0;2114.29;1.04;0.00;96.08;car;;4;42.00
618.00;23527526_0;253.75;11.53;424.00;0.32;-45494495_0;5.10;0.00;tripinfo_wu_os_to_gj.1;194.00;wu_os_to_gj.1;0;2071.37;1.21;0.00;38.51;car;;0;0.00
621.00;972103805_0;116.86;9.03;338.00;3.77;803785575#0_0;5.10;0.00;tripinfo_wu_od_to_ko.11;283.00;wu_od_to_ko.11;0;2307.67;0.93;0.00;46.96;car;;2;9.00
623.00;972103805_0;116.86;10.83;447.00;0.50;-23142338#2_0;5.10;0.00;tripinfo_wu_ns_to_ko.14;176.00;wu_ns_to_ko.14;0;1398.55;1.08;0.00;58.78;car;;2;21.00
626.00;972103805_0;116.86;10.22;353.00;0.78;803785575#0_0;5.10;0.00;tripinfo_wu_od_to_ko.12;273.00;wu_od_to_ko.12;0;2307.67;0.98;0.00;49.42;car;;1;18.00
626.00;23527526_0;253.75;10.16;447.00;0.82;-230845886_0;5.10;0.00;tripinfo_wu_ba_to_gj.9;179.00;wu_ba_to_gj.9;0;1755.68;1.00;0.00;20.32;car;;0;0.00
634.00;23527526_0;253.75;12.23;373.00;2.21;803785575#0_0;5.10;0.00;tripinfo_wu_od_to_gj.1;261.00;wu_od_to_gj.1;0;2706.99;1.11;0.00;40.88;car;;2;14.00
634.00;23156030#6_0;109.07;11.04;409.00;0.33;-230845886_0;5.10;0.00;tripinfo_wu_ba_to_od.6;225.00;wu_ba_to_od.6;0;2315.50;1.02;0.00;20.10;car;;0;0.00
635.00;28706217_0;94.10;7.58;399.00;0.43;23687583_0;5.10;0.00;tripinfo_wu_as_to_sl.7;236.00;wu_as_to_sl.7;0;1976.75;1.03;0.00;58.28;car;;3;21.00
635.00;972103805_0;116.86;10.64;522.00;0.30;23687583_0;5.10;0.00;tripinfo_wu_as_to_ko.19;113.00;wu_as_to_ko.19;0;1102.39;0.97;0.00;10.08;car;;0;0.00
636.00;45494495_0;58.90;9.91;449.00;0.43;23687583_0;5.10;0.00;tripinfo_wu_as_to_os.9;187.00;wu_as_to_os.9;0;1689.77;0.93;0.00;22.43;car;;1;4.00
637.00;28716808#1_0;754.74;10.65;370.00;1.22;803785575#0_0;5.10;0.00;tripinfo_wu_od_to_kl.5;267.00;wu_od_to_kl.5;0;2678.40;1.04;0.00;34.79;car;;1;5.00
638.00;45494495_0;58.90;10.89;463.00;0.48;-230845886_0;5.10;0.00;tripinfo_wu_ba_to_os.8;175.00;wu_ba_to_os.8;0;1647.96;1.00;0.00;26.12;car;;1;1.00
640.00;972103805_0;116.86;9.16;398.00;0.88;-230845886_0;5.10;0.00;tripinfo_wu_ba_to_ko.15;242.00;wu_ba_to_ko.15;0;2114.29;0.90;0.00;27.75;car;;1;1.00
642.00;972103805_0;116.86;11.09;423.00;0.04;-230845886_0;5.10;0.00;tripinfo_wu_ba_to_ko.16;219.00;wu_ba_to_ko.16;0;2114.29;1.09;0.00;42.78;car;;0;0.00
646.00;23156305_0;1264.14;9.62;481.00;1.21;23687583_0;5.10;0.00;tripinfo_wu_as_to_gg.2;165.00;wu_as_to_gg.2;0;1600.87;0.96;0.00;14.50;car;;0;0.00
648.00;23156305_0;1264.14;11.55;379.00;0.39;-230845886_0;5.10;0.00;tripinfo_wu_ba_to_gg.5;269.00;wu_ba_to_gg.5;0;2718.65;1.05;0.00;34.41;car;;1;1.00
650.00;41899283#1_0;148.70;9.30;475.00;0.76;-230845886_0;5.10;0.00;tripinfo_wu_ba_to_as.6;175.00;wu_ba_to_as.6;0;1430.78;0.93;0.00;35.66;car;;1;4.00
651.00;23156390_0;1121.44;9.55;314.00;6.91;803785575#0_0;5.10;0.00;tripinfo_wu_od_to_br.2;337.00;wu_od_to_br.2;0;3149.31;0.93;0.00;30.40;car;;0;0.00
651.00;23527526_0;253.75;10.35;548.00;1.39;23687583_0;5.10;0.00;tripinfo_wu_as_to_gj.7;103.00;wu_as_to_gj.7;0;649.06;1.02;0.00;44.99;car;;1;34.00
653.00;23156390_0;1121.44;11.44;329.00;9.39;803785575#0_0;5.10;0.00;tripinfo_wu_od_to_br.3;324.00;wu_od_to_br.3;0;3149.31;1.10;0.00;65.20;car;;1;4.00
653.00;230845886_0;633.12;10.78;387.00;0.83;803785575#0_0;5.10;0.00;tripinfo_wu_od_to_ba.11;266.00;wu_od_to_ba.11;0;2382.14;1.07;0.00;64.22;car;;1;3.00
655.00;41899283#1_0;148.70;8.92;490.00;0.39;-230845886_0;5.10;0.00;tripinfo_wu_ba_to_as.7;165.00;wu_ba_to_as.7;0;1430.78;0.86;0.00;14.61;car;;0;0.00
657.00;41899283#1_0;148.70;9.35;500.00;0.90;-230845886_0;5.10;0.00;tripinfo_wu_ba_to_as.8;157.00;wu_ba_to_as.8;0;1430.78;0.94;0.00;19.64;car;;0;0.00
658.00;972103805_0;116.86;9.38;390.00;1.30;803785575#0_0;5.10;0.00;tripinfo_wu_od_to_ko.13;268.00;wu_od_to_ko.13;0;2307.67;0.91;0.00;28.20;car;;1;1.00
660.00;28706217_0;94.10;8.61;424.00;1.62;23687583_0;5.10;0.00;tripinfo_wu_as_to_sl.8;236.00;wu_as_to_sl.8;0;1976.75;1.09;0.00;67.14;car;;2;22.00
660.00;972103805_0;116.86;10.87;506.00;0.49;-23142338#2_0;5.10;0.00;tripinfo_wu_ns_to_ko.15;154.00;wu_ns_to_ko.15;0;1398.55;1.04;0.00;31.90;car;;1;14.00
660.00;45494495_0;58.90;9.03;556.00;0.41;803785575#0_0;5.10;0.00;tripinfo_wu_od_to_os.13;104.00;wu_od_to_os.13;0;969.96;0.92;0.00;8.61;car;;0;0.00
662.00;28706217_0;94.10;8.06;445.00;0.49;23687583_0;5.10;0.00;tripinfo_wu_as_to_sl.9;217.00;wu_as_to_sl.9;0;1976.75;1.09;0.00;49.39;car;;2;20.00
663.00;41899283#1_0;148.70;12.96;401.00;2.52;803785575#0_0;5.10;0.00;tripinfo_wu_od_to_as.6;262.00;wu_od_to_as.6;0;2382.09;1.22;0.00;85.60;car;;3;7.00
664.00;23156305_0;1264.14;9.98;277.00;0.74;803785575#0_0;5.10;0.00;tripinfo_wu_od_to_gg.5;387.00;wu_od_to_gg.5;0;3669.96;0.95;0.00;35.55;car;;0;0.00
666.00;23156305_0;1264.14;12.74;308.00;3.42;803785575#0_0;5.10;0.00;tripinfo_wu_od_to_gg.6;358.00;wu_od_to_gg.6;0;3669.96;1.15;0.00;68.36;car;;0;0.00
668.00;23156030#6_0;109.07;9.27;390.00;0.23;23687583_0;5.10;0.00;tripinfo_wu_as_to_od.3;278.00;wu_as_to_od.3;0;2357.31;0.95;0.00;54.33;car;;2;27.00
668.00;41899283#1_0;148.70;11.20;395.00;0.96;803785575#0_0;5.10;0.00;tripinfo_wu_od_to_as.5;273.00;wu_od_to_as.5;0;2382.09;1.11;0.00;78.50;car;;3;9.00
669.00;23527526_0;253.75;9.15;575.00;1.57;23687583_0;5.10;0.00;tripinfo_wu_as_to_gj.8;94.00;wu_as_to_gj.8;0;649.06;0.94;0.00;29.97;car;;1;12.00
670.00;23142338#2_0;290.21;11.04;430.00;0.33;-230845886_0;5.10;0.00;tripinfo_wu_ba_to_ns.3;240.00;wu_ba_to_ns.3;0;2346.36;1.06;0.00;39.68;car;;1;19.00
671.00;23156390_0;1121.44;9.52;344.00;0.35;803785575#0_0;5.10;0.00;tripinfo_wu_od_to_br.4;327.00;wu_od_to_br.4;0;3149.31;0.95;0.00;27.13;car;;0;0.00
671.00;230845886_0;633.12;11.14;442.00;0.03;-23142338#2_0;5.10;0.00;tripinfo_wu_ns_to_ba.1;229.00;wu_ns_to_ba.1;0;2340.42;1.03;0.00;24.11;car;;0;0.00
674.00;972103805_0;116.86;9.23;521.00;0.73;-23142338#2_0;5.10;0.00;tripinfo_wu_ns_to_ko.16;153.00;wu_ns_to_ko.16;0;1398.55;0.89;0.00;11.60;car;;0;0.00
677.00;972103805_0;116.86;10.50;425.00;0.16;803785575#0_0;5.10;0.00;tripinfo_wu_od_to_ko.14;252.00;wu_od_to_ko.14;0;2307.67;1.01;0.00;34.97;car;;1;11.00
677.00;230845886_0;633.12;10.22;435.00;1.14;803785575#0_0;5.10;0.00;tripinfo_wu_od_to_ba.12;242.00;wu_od_to_ba.12;0;2382.14;0.98;0.00;21.23;car;;0;0.00
678.00;23527526_0;253.75;8.85;605.00;0.62;23687583_0;5.10;0.00;tripinfo_wu_as_to_gj.9;73.00;wu_as_to_gj.9;0;649.06;0.91;0.00;7.94;car;;0;0.00
679.00;230845886_0;633.12;12.26;447.00;6.65;803785575#0_0;5.10;0.00;tripinfo_wu_od_to_ba.13;232.00;wu_od_to_ba.13;0;2382.14;1.13;0.00;40.87;car;;0;0.00
680.00;230845886_0;633.12;11.25;450.00;2.81;803785575#0_0;5.10;0.00;tripinfo_wu_od_to_ba.14;230.00;wu_od_to_ba.14;0;2382.14;1.12;0.00;37.85;car;;0;0.00
684.00;230845886_0;633.12;9.55;541.00;0.64;23687583_0;5.10;0.00;tripinfo_wu_as_to_ba.8;143.00;wu_as_to_ba.8;0;1356.50;0.97;0.00;16.41;car;;1;1.00
685.00;41899283#1_0;148.70;10.30;428.00;2.04;803785575#0_0;5.10;0.00;tripinfo_wu_od_to_as.7;257.00;wu_od_to_as.7;0;2382.09;1.01;0.00;43.39;car;;1;1.00
688.00;23142338#2_0;290.21;11.07;496.00;0.27;23687583_0;5.10;0.00;tripinfo_wu_as_to_ns.3;192.00;wu_as_to_ns.3;0;1995.73;1.05;0.00;19.57;car;;0;0.00
692.00;45494495_0;58.90;9.31;488.00;0.84;-23142338#2_0;5.10;0.00;tripinfo_wu_ns_to_os.0;204.00;wu_ns_to_os.0;0;1865.82;0.94;0.00;23.49;car;;0;0.00
692.00;972103805_0;116.86;12.10;551.00;2.96;23687583_0;5.10;0.00;tripinfo_wu_as_to_ko.20;141.00;wu_as_to_ko.20;0;1102.39;1.14;0.00;53.76;car;;1;31.00
695.00;45494495_0;58.90;9.47;591.00;3.01;803785575#0_0;5.10;0.00;tripinfo_wu_od_to_os.14;104.00;wu_od_to_os.14;0;969.96;0.96;0.00;11.98;car;;0;0.00
697.00;972103805_0;116.86;10.28;567.00;2.60;23687583_0;5.10;0.00;tripinfo_wu_as_to_ko.21;130.00;wu_as_to_ko.21;0;1102.39;1.04;0.00;34.12;car;;1;20.00
698.00;45494495_0;58.90;9.47;509.00;0.48;23687583_0;5.10;0.00;tripinfo_wu_as_to_os.10;189.00;wu_as_to_os.10;0;1689.77;0.91;0.00;19.99;car;;1;2.00
703.00;972103805_0;116.86;8.62;450.00;3.11;-230845886_0;5.10;0.00;tripinfo_wu_ba_to_ko.17;253.00;wu_ba_to_ko.17;0;2114.29;0.88;0.00;34.83;car;;1;2.00
705.00;972103805_0;116.86;9.98;560.00;0.84;-23142338#2_0;5.10;0.00;tripinfo_wu_ns_to_ko.17;145.00;wu_ns_to_ko.17;0;1398.55;1.02;0.00;20.67;car;;1;4.00
706.00;45494495_0;58.90;9.02;598.00;0.05;803785575#0_0;5.10;0.00;tripinfo_wu_od_to_os.15;108.00;wu_od_to_os.15;0;969.96;0.89;0.00;9.39;car;;0;0.00
709.00;45494495_0;58.90;9.52;526.00;0.44;-230845886_0;5.10;0.00;tripinfo_wu_ba_to_os.9;183.00;wu_ba_to_os.9;0;1647.96;0.92;0.00;20.49;car;;1;1.00
711.00;45494495_0;58.90;13.48;545.00;0.98;23687583_0;5.10;0.00;tripinfo_wu_as_to_os.11;166.00;wu_as_to_os.11;0;1689.77;1.25;0.00;43.56;car;;2;2.00
712.00;23142338#2_0;290.21;12.37;519.00;0.99;23687583_0;5.10;0.00;tripinfo_wu_as_to_ns.4;193.00;wu_as_to_ns.4;0;1995.73;1.14;0.00;34.23;car;;1;4.00
712.00;23527526_0;253.75;9.24;639.00;0.11;23687583_0;5.10;0.00;tripinfo_wu_as_to_gj.10;73.00;wu_as_to_gj.10;0;649.06;0.91;0.00;7.59;car;;0;0.00
718.00;28716808#1_0;754.74;7.96;367.00;3.47;803785575#0_0;5.10;0.00;tripinfo_wu_od_to_kl.4;351.00;wu_od_to_kl.4;0;2678.40;0.79;0.00;45.61;car;;2;12.00
719.00;230845886_0;633.12;10.65;478.00;1.96;803785575#0_0;5.10;0.00;tripinfo_wu_od_to_ba.15;241.00;wu_od_to_ba.15;0;2382.14;1.07;0.00;40.15;car;;1;8.00
720.00;28716808#1_0;754.74;10.48;441.00;2.58;803785575#0_0;5.10;0.00;tripinfo_wu_od_to_kl.6;279.00;wu_od_to_kl.6;0;2678.40;0.98;0.00;31.54;car;;0;0.00
724.00;23527526_0;253.75;11.74;544.00;2.71;-230845886_0;5.10;0.00;tripinfo_wu_ba_to_gj.10;180.00;wu_ba_to_gj.10;0;1755.68;1.11;0.00;36.54;car;;1;3.00
725.00;23156305_0;1264.14;10.06;332.00;9.18;803785575#0_0;5.10;0.00;tripinfo_wu_od_to_gg.7;393.00;wu_od_to_gg.7;0;3669.96;0.94;0.00;40.17;car;;0;0.00
726.00;23527526_0;253.75;12.66;563.00;2.90;-230845886_0;5.10;0.00;tripinfo_wu_ba_to_gj.11;163.00;wu_ba_to_gj.11;0;1755.68;1.27;0.00;35.45;car;;0;0.00
728.00;45494495_0;58.90;10.05;547.00;0.39;-230845886_0;5.10;0.00;tripinfo_wu_ba_to_os.10;181.00;wu_ba_to_os.10;0;1647.96;0.91;0.00;17.06;car;;0;0.00
728.00;972103805_0;116.86;8.67;572.00;0.43;23687583_0;5.10;0.00;tripinfo_wu_as_to_ko.22;156.00;wu_as_to_ko.22;0;1102.39;0.85;0.00;38.95;car;;2;18.00
730.00;972103805_0;116.86;10.28;493.00;2.56;-230845886_0;5.10;0.00;tripinfo_wu_ba_to_ko.18;237.00;wu_ba_to_ko.18;0;2114.29;0.97;0.00;38.75;car;;2;3.00
730.00;23142338#2_0;290.21;11.81;527.00;0.12;803785575#0_0;5.10;0.00;tripinfo_wu_od_to_ns.5;203.00;wu_od_to_ns.5;0;1928.29;1.11;0.00;35.00;car;;1;12.00
734.00;28706217_0;94.10;5.93;466.00;1.84;-230845886_0;5.10;0.00;tripinfo_wu_ba_to_sl.4;268.00;wu_ba_to_sl.4;0;1934.94;0.78;0.00;35.99;car;;1;8.00
735.00;972103805_0;116.86;8.89;432.00;0.35;803785575#0_0;5.10;0.00;tripinfo_wu_od_to_ko.15;303.00;wu_od_to_ko.15;0;2307.67;0.90;0.00;59.68;car;;2;25.00
737.00;972103805_0;116.86;12.54;438.00;2.07;803785575#0_0;5.10;0.00;tripinfo_wu_od_to_ko.16;299.00;wu_od_to_ko.16;0;2307.67;1.19;0.00;113.10;car;;2;25.00
737.00;45494495_0;58.90;11.44;583.00;0.53;-230845886_0;5.10;0.00;tripinfo_wu_ba_to_os.11;154.00;wu_ba_to_os.11;0;1647.96;1.09;0.00;16.65;car;;0;0.00
737.00;23527526_0;253.75;11.37;674.00;1.30;23687583_0;5.10;0.00;tripinfo_wu_as_to_gj.11;63.00;wu_as_to_gj.11;0;649.06;1.06;0.00;6.79;car;;0;0.00
739.00;972103805_0;116.86;11.46;575.00;0.85;-23142338#2_0;5.10;0.00;tripinfo_wu_ns_to_ko.18;164.00;wu_ns_to_ko.18;0;1398.55;1.13;0.00;52.20;car;;2;16.00
743.00;972103805_0;116.86;10.64;488.00;3.26;803785575#0_0;5.10;0.00;tripinfo_wu_od_to_ko.17;255.00;wu_od_to_ko.17;0;2307.67;1.03;0.00;41.94;car;;2;14.00
743.00;230845886_0;633.12;10.17;594.00;0.95;23687583_0;5.10;0.00;tripinfo_wu_as_to_ba.9;149.00;wu_as_to_ba.9;0;1356.50;0.98;0.00;23.36;car;;1;5.00
746.00;972103805_0;116.86;12.01;491.00;2.40;803785575#0_0;5.10;0.00;tripinfo_wu_od_to_ko.18;255.00;wu_od_to_ko.18;0;2307.67;1.11;0.00;56.33;car;;1;11.00
747.00;23156030#6_0;109.07;11.97;509.00;0.92;-230845886_0;5.10;0.00;tripinfo_wu_ba_to_od.9;238.00;wu_ba_to_od.9;0;2315.50;1.12;0.00;50.33;car;;1;8.00
751.00;23156390_0;1121.44;10.14;383.00;0.24;803785575#0_0;5.10;0.00;tripinfo_wu_od_to_br.5;368.00;wu_od_to_br.5;0;3149.31;0.98;0.00;76.55;car;;3;9.00
754.00;23156390_0;1121.44;9.60;408.00;0.42;803785575#0_0;5.10;0.00;tripinfo_wu_od_to_br.6;346.00;wu_od_to_br.6;0;3149.31;0.98;0.00;53.31;car;;2;5.00
754.00;23156030#6_0;109.07;11.06;479.00;0.07;-230845886_0;5.10;0.00;tripinfo_wu_ba_to_od.7;275.00;wu_ba_to_od.7;0;2315.50;1.02;0.00;70.40;car;;1;7.00
754.00;28706217_0;94.10;8.67;529.00;2.70;-230845886_0;5.10;0.00;tripinfo_wu_ba_to_sl.5;225.00;wu_ba_to_sl.5;0;1934.94;1.13;0.00;65.90;car;;2;8.00
754.00;972103805_0;116.86;10.31;608.00;2.37;23687583_0;5.10;0.00;tripinfo_wu_as_to_ko.23;146.00;wu_as_to_ko.23;0;1102.39;1.01;0.00;47.86;car;;2;29.00
758.00;23156390_0;1121.44;10.90;418.00;0.71;803785575#0_0;5.10;0.00;tripinfo_wu_od_to_br.7;340.00;wu_od_to_br.7;0;3149.31;1.00;0.00;52.69;car;;1;1.00
758.00;972103805_0;116.86;8.77;497.00;0.02;-230845886_0;5.10;0.00;tripinfo_wu_ba_to_ko.19;261.00;wu_ba_to_ko.19;0;2114.29;0.89;0.00;44.27;car;;1;15.00
759.00;23156390_0;1121.44;11.41;456.00;7.34;803785575#0_0;5.10;0.00;tripinfo_wu_od_to_br.8;303.00;wu_od_to_br.8;0;3149.31;1.07;0.00;35.77;car;;0;0.00
760.00;23142338#2_0;290.21;12.38;541.00;3.43;-230845886_0;5.10;0.00;tripinfo_wu_ba_to_ns.4;219.00;wu_ba_to_ns.4;0;2346.36;1.12;0.00;28.91;car;;0;0.00
762.00;41899283#1_0;148.70;10.37;596.00;0.21;-230845886_0;5.10;0.00;tripinfo_wu_ba_to_as.10;166.00;wu_ba_to_as.10;0;1430.78;0.97;0.00;32.89;car;;1;4.00
764.00;972103805_0;116.86;9.96;606.00;1.47;-23142338#2_0;5.10;0.00;tripinfo_wu_ns_to_ko.19;158.00;wu_ns_to_ko.19;0;1398.55;0.95;0.00;24.00;car;;2;5.00
765.00;45494495_0;58.90;11.62;593.00;0.90;-23142338#2_0;5.10;0.00;tripinfo_wu_ns_to_os.1;172.00;wu_ns_to_os.1;0;1865.82;1.09;0.00;17.39;car;;0;0.00
768.00;28706217_0;94.10;7.46;533.00;0.45;-23142338#2_0;5.10;0.00;tripinfo_wu_ns_to_sl.0;235.00;wu_ns_to_sl.0;0;1619.36;0.97;0.00;67.61;car;;3;35.00
770.00;41899283#1_0;148.70;8.24;591.00;1.92;-230845886_0;5.10;0.00;tripinfo_wu_ba_to_as.9;179.00;wu_ba_to_as.9;0;1430.78;0.83;0.00;23.03;car;;1;3.00
772.00;41899283#1_0;148.70;9.15;599.00;3.00;-230845886_0;5.10;0.00;tripinfo_wu_ba_to_as.11;173.00;wu_ba_to_as.11;0;1430.78;0.92;0.00;31.36;car;;1;4.00
772.00;23156030#6_0;109.07;8.29;655.00;0.71;-45494495_0;5.10;0.00;tripinfo_wu_os_to_od.7;117.00;wu_os_to_od.7;0;865.51;0.81;0.00;20.25;car;;1;5.00
774.00;28716808#1_0;754.74;10.71;494.00;2.41;803785575#0_0;5.10;0.00;tripinfo_wu_od_to_kl.7;280.00;wu_od_to_kl.7;0;2678.40;0.98;0.00;31.84;car;;1;2.00
777.00;41899283#1_0;148.70;8.81;507.00;0.86;803785575#0_0;5.10;0.00;tripinfo_wu_od_to_as.8;270.00;wu_od_to_as.8;0;2382.09;0.86;0.00;20.71;car;;0;0.00
779.00;41899283#1_0;148.70;10.24;550.00;0.47;-23142338#2_0;5.10;0.00;tripinfo_wu_ns_to_as.2;229.00;wu_ns_to_as.2;0;2009.37;1.02;0.00;50.73;car;;2;17.00
785.00;972103805_0;116.86;9.12;538.00;0.89;-230845886_0;5.10;0.00;tripinfo_wu_ba_to_ko.20;247.00;wu_ba_to_ko.20;0;2114.29;0.90;0.00;33.79;car;;1;6.00
786.00;23156030#6_0;109.07;9.80;503.00;0.88;-230845886_0;5.10;0.00;tripinfo_wu_ba_to_od.8;283.00;wu_ba_to_od.8;0;2315.50;0.97;0.00;66.58;car;;3;23.00
790.00;28706217_0;94.10;7.05;557.00;2.94;-230845886_0;5.10;0.00;tripinfo_wu_ba_to_sl.6;233.00;wu_ba_to_sl.6;0;1934.94;0.88;0.00;29.11;car;;1;4.00
791.00;972103805_0;116.86;9.59;566.00;4.21;-230845886_0;5.10;0.00;tripinfo_wu_ba_to_ko.21;225.00;wu_ba_to_ko.21;0;2114.29;0.96;0.00;23.51;car;;0;0.00
792.00;23527526_0;253.75;11.57;624.00;0.58;-230845886_0;5.10;0.00;tripinfo_wu_ba_to_gj.12;168.00;wu_ba_to_gj.12;0;1755.68;1.06;0.00;18.47;car;;0;0.00
792.00;23156030#6_0;109.07;9.14;665.00;0.13;-45494495_0;5.10;0.00;tripinfo_wu_os_to_od.8;127.00;wu_os_to_od.8;0;865.51;0.90;0.00;40.09;car;;2;21.00
793.00;28706217_0;94.10;7.84;564.00;0.89;23687583_0;5.10;0.00;tripinfo_wu_as_to_sl.10;229.00;wu_as_to_sl.10;0;1976.75;1.07;0.00;57.99;car;;2;23.00
795.00;972103805_0;116.86;9.02;490.00;0.15;-45494495_0;5.10;0.00;tripinfo_wu_os_to_ko.6;305.00;wu_os_to_ko.6;0;2045.29;0.87;0.00;80.98;car;;3;44.00
796.00;23142338#2_0;290.21;9.82;588.00;0.09;803785575#0_0;5.10;0.00;tripinfo_wu_od_to_ns.6;208.00;wu_od_to_ns.6;0;1928.29;0.98;0.00;19.45;car;;0;0.00
800.00;23156305_0;1264.14;8.34;437.00;0.57;-45494495_0;5.10;0.00;tripinfo_wu_os_to_gg.1;363.00;wu_os_to_gg.1;0;3034.34;0.84;0.00;35.73;car;;1;1.00
802.00;972103805_0;116.86;8.23;609.00;1.79;-23142338#2_0;5.10;0.00;tripinfo_wu_ns_to_ko.20;193.00;wu_ns_to_ko.20;0;1398.55;0.80;0.00;35.14;car;;1;17.00
803.00;972103805_0;116.86;9.67;558.00;0.91;-45494495_0;5.10;0.00;tripinfo_wu_os_to_ko.7;245.00;wu_os_to_ko.7;0;2045.29;0.99;0.00;46.94;car;;1;14.00
804.00;41899283#1_0;148.70;10.21;559.00;0.02;803785575#0_0;5.10;0.00;tripinfo_wu_od_to_as.9;245.00;wu_od_to_as.9;0;2382.09;0.96;0.00;20.29;car;;0;0.00
804.00;28716808#1_0;754.74;11.54;569.00;0.68;-23142338#2_0;5.10;0.00;tripinfo_wu_ns_to_kl.1;235.00;wu_ns_to_kl.1;0;2315.58;1.11;0.00;45.71;car;;1;19.00
808.00;45494495_0;58.90;10.51;711.00;0.69;803785575#0_0;5.10;0.00;tripinfo_wu_od_to_os.16;97.00;wu_od_to_os.16;0;969.96;1.00;0.00;8.68;car;;0;0.00
813.00;45494495_0;58.90;9.57;611.00;1.21;23687583_0;5.10;0.00;tripinfo_wu_as_to_os.12;202.00;wu_as_to_os.12;0;1689.77;0.93;0.00;37.90;car;;2;16.00
813.00;28706217_0;94.10;8.05;758.00;2.62;-45494495_0;5.10;0.00;tripinfo_wu_os_to_sl.4;55.00;wu_os_to_sl.4;0;484.95;1.02;0.00;7.01;car;;0;0.00
814.00;972103805_0;116.86;10.34;569.00;7.05;-230845886_0;5.10;0.00;tripinfo_wu_ba_to_ko.22;245.00;wu_ba_to_ko.22;0;2114.29;1.01;0.00;54.84;car;;2;18.00
816.00;23156030#6_0;109.07;9.76;554.00;0.75;-230845886_0;5.10;0.00;tripinfo_wu_ba_to_od.10;262.00;wu_ba_to_od.10;0;2315.50;0.95;0.00;41.78;car;;1;14.00
818.00;972103805_0;116.86;10.27;576.00;1.73;-230845886_0;5.10;0.00;tripinfo_wu_ba_to_ko.23;242.00;wu_ba_to_ko.23;0;2114.29;0.99;0.00;47.70;car;;2;18.00
824.00;23156390_0;1121.44;8.69;475.00;0.56;803785575#0_0;5.10;0.00;tripinfo_wu_od_to_br.9;349.00;wu_od_to_br.9;0;3149.31;0.89;0.00;29.89;car;;0;0.00
825.00;28716808#1_0;754.74;10.06;597.00;0.03;-45494495_0;5.10;0.00;tripinfo_wu_os_to_kl.3;228.00;wu_os_to_kl.3;0;2042.78;0.92;0.00;26.57;car;;1;4.00
825.00;972103805_0;116.86;9.78;659.00;0.71;-23142338#2_0;5.10;0.00;tripinfo_wu_ns_to_ko.21;166.00;wu_ns_to_ko.21;0;1398.55;0.95;0.00;33.03;car;;2;11.00
826.00;23156390_0;1121.44;11.89;485.00;0.57;803785575#0_0;5.10;0.00;tripinfo_wu_od_to_br.10;341.00;wu_od_to_br.10;0;3149.31;1.14;0.00;90.88;car;;1;1.00
829.00;972103805_0;116.86;10.54;677.00;0.53;-23142338#2_0;5.10;0.00;tripinfo_wu_ns_to_ko.22;152.00;wu_ns_to_ko.22;0;1398.55;0.98;0.00;23.09;car;;2;5.00
830.00;41899283#1_0;148.70;9.97;673.00;0.94;-230845886_0;5.10;0.00;tripinfo_wu_ba_to_as.12;157.00;wu_ba_to_as.12;0;1430.78;0.92;0.00;15.86;car;;0;0.00
831.00;45494495_0;58.90;9.36;649.00;0.24;-230845886_0;5.10;0.00;tripinfo_wu_ba_to_os.12;182.00;wu_ba_to_os.12;0;1647.96;0.91;0.00;18.28;car;;0;0.00
835.00;23142338#2_0;290.21;10.62;600.00;3.98;23687583_0;5.10;0.00;tripinfo_wu_as_to_ns.5;235.00;wu_as_to_ns.5;0;1995.73;0.99;0.00;51.54;car;;3;20.00
836.00;972103805_0;116.86;9.36;573.00;0.77;803785575#0_0;5.10;0.00;tripinfo_wu_od_to_ko.19;263.00;wu_od_to_ko.19;0;2307.67;0.93;0.00;28.05;car;;1;1.00
839.00;23156305_0;1264.14;8.37;398.00;0.05;803785575#0_0;5.10;0.00;tripinfo_wu_od_to_gg.8;441.00;wu_od_to_gg.8;0;3669.96;0.82;0.00;37.59;car;;0;0.00
839.00;45494495_0;58.90;9.93;738.00;0.58;803785575#0_0;5.10;0.00;tripinfo_wu_od_to_os.17;101.00;wu_od_to_os.17;0;969.96;0.95;0.00;9.13;car;;0;0.00
840.00;23156030#6_0;109.07;11.25;755.00;0.31;-45494495_0;5.10;0.00;tripinfo_wu_os_to_od.9;85.00;wu_os_to_od.9;0;865.51;1.02;0.00;8.03;car;;0;0.00
841.00;45494495_0;58.90;10.45;671.00;4.03;23687583_0;5.10;0.00;tripinfo_wu_as_to_os.13;170.00;wu_as_to_os.13;0;1689.77;0.98;0.00;15.23;car;;0;0.00
841.00;23156305_0;1264.14;11.69;677.00;1.39;23687583_0;5.10;0.00;tripinfo_wu_as_to_gg.3;164.00;wu_as_to_gg.3;0;1600.87;1.18;0.00;41.35;car;;0;0.00
843.00;23156305_0;1264.14;11.40;560.00;4.31;-230845886_0;5.10;0.00;tripinfo_wu_ba_to_gg.6;283.00;wu_ba_to_gg.6;0;2718.65;1.03;0.00;43.29;car;;0;0.00
847.00;972103805_0;116.86;8.70;588.00;0.92;-230845886_0;5.10;0.00;tripinfo_wu_ba_to_ko.24;259.00;wu_ba_to_ko.24;0;2114.29;0.86;0.00;35.63;car;;1;9.00
848.00;41899283#1_0;148.70;11.40;697.00;3.43;-230845886_0;5.10;0.00;tripinfo_wu_ba_to_as.14;151.00;wu_ba_to_as.14;0;1430.78;1.09;0.00;32.14;car;;0;0.00
851.00;23156305_0;1264.14;10.64;476.00;0.09;-23142338#2_0;5.10;0.00;tripinfo_wu_ns_to_gg.2;375.00;wu_ns_to_gg.2;0;3297.24;0.98;0.00;69.12;car;;2;29.00
851.00;28706217_0;94.10;6.76;602.00;1.60;-230845886_0;5.10;0.00;tripinfo_wu_ba_to_sl.7;249.00;wu_ba_to_sl.7;0;1934.94;0.88;0.00;43.47;car;;1;14.00
855.00;230845886_0;633.12;11.20;668.00;1.33;-45494495_0;5.10;0.00;tripinfo_wu_os_to_ba.1;187.00;wu_os_to_ba.1;0;1746.52;1.03;0.00;34.42;car;;1;1.00
856.00;23527526_0;253.75;9.67;668.00;0.59;-230845886_0;5.10;0.00;tripinfo_wu_ba_to_gj.13;188.00;wu_ba_to_gj.13;0;1755.68;0.98;0.00;24.89;car;;1;7.00
861.00;28716808#1_0;754.74;9.01;629.00;0.21;-45494495_0;5.10;0.00;tripinfo_wu_os_to_kl.4;232.00;wu_os_to_kl.4;0;2042.78;0.89;0.00;24.38;car;;0;0.00
864.00;41899283#1_0;148.70;8.05;694.00;0.72;-230845886_0;5.10;0.00;tripinfo_wu_ba_to_as.13;170.00;wu_ba_to_as.13;0;1430.78;0.84;0.00;15.19;car;;0;0.00
865.00;230845886_0;633.12;10.20;602.00;0.89;803785575#0_0;5.10;0.00;tripinfo_wu_od_to_ba.16;263.00;wu_od_to_ba.16;0;2382.14;0.94;0.00;32.80;car;;0;0.00
875.00;23156305_0;1264.14;9.96;459.00;9.81;803785575#0_0;5.10;0.00;tripinfo_wu_od_to_gg.9;416.00;wu_od_to_gg.9;0;3669.96;0.91;0.00;49.68;car;;2;10.00
875.00;23142338#2_0;290.21;9.18;614.00;3.01;23687583_0;5.10;0.00;tripinfo_wu_as_to_ns.6;261.00;wu_as_to_ns.6;0;1995.73;0.89;0.00;58.58;car;;2;23.00
876.00;230845886_0;633.12;9.03;675.00;0.58;-45494495_0;5.10;0.00;tripinfo_wu_os_to_ba.2;201.00;wu_os_to_ba.2;0;1746.52;0.89;0.00;23.44;car;;0;0.00
876.00;972103805_0;116.86;7.09;680.00;3.08;-23142338#2_0;5.10;0.00;tripinfo_wu_ns_to_ko.23;196.00;wu_ns_to_ko.23;0;1398.55;0.73;0.00;21.98;car;;1;1.00
877.00;23156305_0;1264.14;10.33;544.00;1.70;-45494495_0;5.10;0.00;tripinfo_wu_os_to_gg.2;333.00;wu_os_to_gg.2;0;3034.34;0.95;0.00;44.41;car;;0;0.00
877.00;28706217_0;94.10;8.47;664.00;0.54;23687583_0;5.10;0.00;tripinfo_wu_as_to_sl.11;213.00;wu_as_to_sl.11;0;1976.75;1.13;0.00;51.01;car;;2;14.00
878.00;972103805_0;116.86;11.33;757.00;0.28;23687583_0;5.10;0.00;tripinfo_wu_as_to_ko.24;121.00;wu_as_to_ko.24;0;1102.39;1.06;0.00;26.53;car;;1;9.00
880.00;972103805_0;116.86;10.35;642.00;1.45;-230845886_0;5.10;0.00;tripinfo_wu_ba_to_ko.25;238.00;wu_ba_to_ko.25;0;2114.29;0.99;0.00;43.65;car;;2;6.00
881.00;23156030#6_0;109.07;9.55;597.00;2.39;23687583_0;5.10;0.00;tripinfo_wu_as_to_od.4;284.00;wu_as_to_od.4;0;2357.31;0.88;0.00;43.88;car;;2;13.00
882.00;45494495_0;58.90;11.72;791.00;0.11;803785575#0_0;5.10;0.00;tripinfo_wu_od_to_os.18;91.00;wu_od_to_os.18;0;969.96;1.07;0.00;8.90;car;;0;0.00
883.00;230845886_0;633.12;8.31;716.00;0.06;23687583_0;5.10;0.00;tripinfo_wu_as_to_ba.10;167.00;wu_as_to_ba.10;0;1356.50;0.85;0.00;21.93;car;;2;3.00
884.00;41899283#1_0;148.70;10.94;628.00;0.52;803785575#0_0;5.10;0.00;tripinfo_wu_od_to_as.10;256.00;wu_od_to_as.10;0;2382.09;1.05;0.00;50.91;car;;1;3.00
884.00;972103805_0;116.86;9.62;710.00;0.73;-23142338#2_0;5.10;0.00;tripinfo_wu_ns_to_ko.24;174.00;wu_ns_to_ko.24;0;1398.55;0.95;0.00;41.47;car;;2;23.00
885.00;230845886_0;633.12;9.20;732.00;0.94;23687583_0;5.10;0.00;tripinfo_wu_as_to_ba.11;153.00;wu_as_to_ba.11;0;1356.50;0.92;0.00;19.42;car;;0;0.00
886.00;230845886_0;633.12;11.44;751.00;2.45;23687583_0;5.10;0.00;tripinfo_wu_as_to_ba.12;135.00;wu_as_to_ba.12;0;1356.50;1.07;0.00;20.26;car;;1;2.00
890.00;23142338#2_0;290.21;9.37;605.00;0.84;-230845886_0;5.10;0.00;tripinfo_wu_ba_to_ns.5;285.00;wu_ba_to_ns.5;0;2346.36;0.89;0.00;45.79;car;;1;19.00
894.00;23527526_0;253.75;9.04;690.00;0.63;-230845886_0;5.10;0.00;tripinfo_wu_ba_to_gj.14;204.00;wu_ba_to_gj.14;0;1755.68;0.86;0.00;19.97;car;;0;0.00
896.00;23527526_0;253.75;10.85;707.00;0.35;-230845886_0;5.10;0.00;tripinfo_wu_ba_to_gj.15;189.00;wu_ba_to_gj.15;0;1755.68;1.00;0.00;28.87;car;;0;0.00
897.00;41899283#1_0;148.70;9.39;736.00;0.89;-230845886_0;5.10;0.00;tripinfo_wu_ba_to_as.15;161.00;wu_ba_to_as.15;0;1430.78;0.96;0.00;25.20;car;;1;2.00
898.00;23527526_0;253.75;10.31;611.00;0.72;803785575#0_0;5.10;0.00;tripinfo_wu_od_to_gj.2;287.00;wu_od_to_gj.2;0;2706.99;1.04;0.00;52.13;car;;0;0.00
899.00;972103805_0;116.86;9.70;635.00;0.22;803785575#0_0;5.10;0.00;tripinfo_wu_od_to_ko.20;264.00;wu_od_to_ko.20;0;2307.67;0.91;0.00;22.03;car;;0;0.00
899.00;230845886_0;633.12;9.92;725.00;0.05;-45494495_0;5.10;0.00;tripinfo_wu_os_to_ba.3;174.00;wu_os_to_ba.3;0;1746.52;0.99;0.00;13.50;car;;0;0.00
901.00;972103805_0;116.86;9.78;641.00;0.61;803785575#0_0;5.10;0.00;tripinfo_wu_od_to_ko.21;260.00;wu_od_to_ko.21;0;2307.67;0.93;0.00;25.18;car;;0;0.00
902.00;28706217_0;94.10;8.36;668.00;2.23;23687583_0;5.10;0.00;tripinfo_wu_as_to_sl.12;234.00;wu_as_to_sl.12;0;1976.75;1.09;0.00;65.91;car;;3;26.00
905.00;23527526_0;253.75;12.21;638.00;1.10;803785575#0_0;5.10;0.00;tripinfo_wu_od_to_gj.3;267.00;wu_od_to_gj.3;0;2706.99;1.13;0.00;50.49;car;;1;4.00
907.00;28706217_0;94.10;7.98;820.00;0.12;-45494495_0;5.10;0.00;tripinfo_wu_os_to_sl.5;87.00;wu_os_to_sl.5;0;484.95;0.98;0.00;36.70;car;;1;20.00
908.00;23156030#6_0;109.07;10.07;642.00;1.14;23687583_0;5.10;0.00;tripinfo_wu_as_to_od.5;266.00;wu_as_to_od.5;0;2357.31;0.92;0.00;34.90;car;;1;13.00
909.00;23156030#6_1;109.07;9.69;645.00;0.30;23687583_0;5.10;0.00;tripinfo_wu_as_to_od.6;264.00;wu_as_to_od.6;0;2357.31;0.94;0.00;38.13;car;;1;10.00
914.00;972103805_0;116.86;10.56;742.00;0.04;-23142338#2_0;5.10;0.00;tripinfo_wu_ns_to_ko.25;172.00;wu_ns_to_ko.25;0;1398.55;1.00;0.00;46.02;car;;2;25.00
914.00;23156030#6_0;109.07;9.58;803.00;1.17;-45494495_0;5.10;0.00;tripinfo_wu_os_to_od.10;111.00;wu_os_to_od.10;0;865.51;0.90;0.00;23.70;car;;1;9.00
915.00;23527526_0;253.75;12.03;830.00;3.30;23687583_0;5.10;0.00;tripinfo_wu_as_to_gj.12;85.00;wu_as_to_gj.12;0;649.06;1.16;0.00;33.74;car;;2;14.00
920.00;23156390_0;1121.44;8.97;564.00;0.67;803785575#0_0;5.10;0.00;tripinfo_wu_od_to_br.11;356.00;wu_od_to_br.11;0;3149.31;0.90;0.00;36.68;car;;1;2.00
921.00;230845886_0;633.12;11.55;784.00;0.17;23687583_0;5.10;0.00;tripinfo_wu_as_to_ba.13;137.00;wu_as_to_ba.13;0;1356.50;1.08;0.00;23.97;car;;0;0.00
923.00;972103805_0;116.86;10.12;653.00;0.46;803785575#0_0;5.10;0.00;tripinfo_wu_od_to_ko.22;270.00;wu_od_to_ko.22;0;2307.67;0.98;0.00;45.37;car;;1;18.00
925.00;972103805_0;116.86;10.68;657.00;0.84;803785575#0_0;5.10;0.00;tripinfo_wu_od_to_ko.23;268.00;wu_od_to_ko.23;0;2307.67;1.00;0.00;49.27;car;;1;17.00
925.00;23156390_0;1121.44;12.03;765.00;1.92;23687583_0;5.10;0.00;tripinfo_wu_as_to_br.3;160.00;wu_as_to_br.3;0;1694.48;1.14;0.00;25.02;car;;0;0.00
926.00;23156305_0;1264.14;8.97;745.00;0.38;23687583_0;5.10;0.00;tripinfo_wu_as_to_gg.4;181.00;wu_as_to_gg.4;0;1600.87;0.87;0.00;14.31;car;;0;0.00
928.00;23142338#2_0;290.21;9.58;701.00;0.71;23687583_0;5.10;0.00;tripinfo_wu_as_to_ns.7;227.00;wu_as_to_ns.7;0;1995.73;0.94;0.00;34.05;car;;2;9.00
931.00;23156305_0;1264.14;9.61;639.00;0.19;-230845886_0;5.10;0.00;tripinfo_wu_ba_to_gg.7;292.00;wu_ba_to_gg.7;0;2718.65;0.94;0.00;27.85;car;;0;0.00
934.00;230845886_0;633.12;10.26;761.00;1.59;-45494495_0;5.10;0.00;tripinfo_wu_os_to_ba.4;173.00;wu_os_to_ba.4;0;1746.52;1.00;0.00;14.93;car;;0;0.00
937.00;230845886_0;633.12;10.90;703.00;0.98;803785575#0_0;5.10;0.00;tripinfo_wu_od_to_ba.17;234.00;wu_od_to_ba.17;0;2382.14;1.00;0.00;18.97;car;;0;0.00
938.00;23527526_0;253.75;11.51;698.00;0.21;803785575#0_0;5.10;0.00;tripinfo_wu_od_to_gj.4;240.00;wu_od_to_gj.4;0;2706.99;1.12;0.00;21.65;car;;0;0.00
939.00;23156390_0;1121.44;10.85;618.00;0.43;803785575#0_0;5.10;0.00;tripinfo_wu_od_to_br.12;321.00;wu_od_to_br.12;0;3149.31;1.02;0.00;42.18;car;;0;0.00
939.00;28706217_0;94.10;7.08;680.00;0.78;23687583_0;5.10;0.00;tripinfo_wu_as_to_sl.13;259.00;wu_as_to_sl.13;0;1976.75;0.91;0.00;57.82;car;;2;27.00
939.00;23142338#2_0;290.21;11.35;710.00;0.56;-230845886_0;5.10;0.00;tripinfo_wu_ba_to_ns.6;229.00;wu_ba_to_ns.6;0;2346.36;1.07;0.00;29.94;car;;1;1.00
945.00;972103805_0;116.86;9.13;781.00;0.64;-23142338#2_0;5.10;0.00;tripinfo_wu_ns_to_ko.26;164.00;wu_ns_to_ko.26;0;1398.55;0.91;0.00;25.08;car;;2;7.00
947.00;230845886_0;633.12;10.38;765.00;0.72;-45494495_0;5.10;0.00;tripinfo_wu_os_to_ba.5;182.00;wu_os_to_ba.5;0;1746.52;0.95;0.00;15.41;car;;0;0.00
947.00;972103805_0;116.86;13.25;784.00;0.00;-23142338#2_0;5.10;0.00;tripinfo_wu_ns_to_ko.27;163.00;wu_ns_to_ko.27;0;1398.55;1.20;0.00;57.62;car;;1;4.00
949.00;972103805_0;116.86;11.51;660.00;1.53;803785575#0_0;5.10;0.00;tripinfo_wu_od_to_ko.24;289.00;wu_od_to_ko.24;0;2307.67;1.07;0.00;82.71;car;;2;36.00
949.00;28716808#1_0;754.74;10.21;670.00;0.45;803785575#0_0;5.10;0.00;tripinfo_wu_od_to_kl.8;279.00;wu_od_to_kl.8;0;2678.40;0.94;0.00;21.00;car;;0;0.00
953.00;23142338#2_0;290.21;11.22;722.00;0.57;23687583_0;5.10;0.00;tripinfo_wu_as_to_ns.8;231.00;wu_as_to_ns.8;0;1995.73;1.02;0.00;53.53;car;;3;23.00
953.00;23527526_0;253.75;9.37;833.00;3.41;23687583_0;5.10;0.00;tripinfo_wu_as_to_gj.13;120.00;wu_as_to_gj.13;0;649.06;0.88;0.00;52.07;car;;3;31.00
956.00;23156305_0;1264.14;11.30;579.00;0.37;803785575#0_0;5.10;0.00;tripinfo_wu_od_to_gg.10;377.00;wu_od_to_gg.10;0;3669.96;1.02;0.00;49.92;car;;2;6.00
956.00;45494495_0;58.90;8.54;762.00;0.03;23687583_0;5.10;0.00;tripinfo_wu_as_to_os.14;194.00;wu_as_to_os.14;0;1689.77;0.85;0.00;15.89;car;;0;0.00
960.00;23156030#6_0;109.07;11.47;721.00;0.23;-230845886_0;5.10;0.00;tripinfo_wu_ba_to_od.11;239.00;wu_ba_to_od.11;0;2315.50;1.04;0.00;38.41;car;;1;19.00
965.00;23527526_0;253.75;10.89;888.00;0.06;23687583_0;5.10;0.00;tripinfo_wu_as_to_gj.14;77.00;wu_as_to_gj.14;0;649.06;1.00;0.00;17.33;car;;0;0.00
966.00;23142338#2_0;290.21;12.36;743.00;5.28;-230845886_0;5.10;0.00;tripinfo_wu_ba_to_ns.7;223.00;wu_ba_to_ns.7;0;2346.36;1.15;0.00;37.84;car;;0;0.00
968.00;23156390_0;1121.44;10.21;621.00;0.70;803785575#0_0;5.10;0.00;tripinfo_wu_od_to_br.13;347.00;wu_od_to_br.13;0;3149.31;0.93;0.00;40.94;car;;1;4.00
969.00;972103805_0;116.86;8.79;810.00;0.90;23687583_0;5.10;0.00;tripinfo_wu_as_to_ko.25;159.00;wu_as_to_ko.25;0;1102.39;0.83;0.00;39.12;car;;2;20.00
970.00;230845886_0;633.12;12.66;808.00;3.53;-45494495_0;5.10;0.00;tripinfo_wu_os_to_ba.6;162.00;wu_os_to_ba.6;0;1746.52;1.19;0.00;28.04;car;;1;8.00
971.00;45494495_0;58.90;8.80;779.00;1.78;23687583_0;5.10;0.00;tripinfo_wu_as_to_os.15;192.00;wu_as_to_os.15;0;1689.77;0.88;0.00;18.71;car;;1;1.00
972.00;28706217_0;94.10;8.88;739.00;3.29;-230845886_0;5.10;0.00;tripinfo_wu_ba_to_sl.8;233.00;wu_ba_to_sl.8;0;1934.94;1.09;0.00;66.84;car;;3;17.00
974.00;28706217_0;94.10;8.00;772.00;0.88;-230845886_0;5.10;0.00;tripinfo_wu_ba_to_sl.9;202.00;wu_ba_to_sl.9;0;1934.94;1.09;0.00;36.14;car;;2;9.00
974.00;23156030#6_0;109.07;9.68;854.00;0.99;-45494495_0;5.10;0.00;tripinfo_wu_os_to_od.11;120.00;wu_os_to_od.11;0;865.51;0.88;0.00;30.80;car;;1;17.00
974.00;23527526_0;253.75;11.76;914.00;0.17;23687583_0;5.10;0.00;tripinfo_wu_as_to_gj.15;60.00;wu_as_to_gj.15;0;649.06;1.12;0.00;6.53;car;;0;0.00
976.00;972103805_0;116.86;9.12;698.00;1.89;-45494495_0;5.10;0.00;tripinfo_wu_os_to_ko.8;278.00;wu_os_to_ko.8;0;2045.29;0.88;0.00;56.10;car;;3;19.00
981.00;41899283#1_0;148.70;9.64;830.00;3.30;-230845886_0;5.10;0.00;tripinfo_wu_ba_to_as.16;151.00;wu_ba_to_as.16;0;1430.78;0.94;0.00;12.24;car;;0;0.00
984.00;23142338#2_0;290.21;10.83;748.00;1.95;23687583_0;5.10;0.00;tripinfo_wu_as_to_ns.9;236.00;wu_as_to_ns.9;0;1995.73;1.04;0.00;60.47;car;;3;28.00
986.00;23142338#2_0;290.21;12.03;754.00;0.48;23687583_0;5.10;0.00;tripinfo_wu_as_to_ns.10;232.00;wu_as_to_ns.10;0;1995.73;1.15;0.00;74.44;car;;3;25.00
991.00;972103805_0;116.86;12.91;859.00;0.62;23687583_0;5.10;0.00;tripinfo_wu_as_to_ko.26;132.00;wu_as_to_ko.26;0;1102.39;1.18;0.00;47.46;car;;4;20.00
992.00;230845886_0;633.12;10.38;758.00;1.53;803785575#0_0;5.10;0.00;tripinfo_wu_od_to_ba.18;234.00;wu_od_to_ba.18;0;2382.14;0.99;0.00;17.31;car;;0;0.00
997.00;23156030#6_0;109.07;10.33;740.00;0.10;23687583_0;5.10;0.00;tripinfo_wu_as_to_od.7;257.00;wu_as_to_od.7;0;2357.31;0.94;0.00;31.33;car;;1;10.00
998.00;972103805_0;116.86;7.77;725.00;0.79;-230845886_0;5.10;0.00;tripinfo_wu_ba_to_ko.26;273.00;wu_ba_to_ko.26;0;2114.29;0.80;0.00;32.07;car;;1;5.00
1000.00;972103805_0;116.86;12.74;729.00;0.98;-230845886_0;5.10;0.00;tripinfo_wu_ba_to_ko.27;271.00;wu_ba_to_ko.27;0;2114.29;1.23;0.00;114.56;car;;1;4.00
1001.00;972103805_0;116.86;11.87;779.00;0.87;-230845886_0;5.10;0.00;tripinfo_wu_ba_to_ko.28;222.00;wu_ba_to_ko.28;0;2114.29;1.14;0.00;52.72;car;;1;4.00
1001.00;23142338#2_0;290.21;10.56;783.00;0.02;803785575#0_0;5.10;0.00;tripinfo_wu_od_to_ns.7;218.00;wu_od_to_ns.7;0;1928.29;1.03;0.00;37.73;car;;1;16.00
1004.00;41899283#1_0;148.70;7.84;750.00;0.17;-23142338#2_0;5.10;0.00;tripinfo_wu_ns_to_as.3;254.00;wu_ns_to_as.3;0;2009.37;0.82;0.00;31.28;car;;2;2.00
1005.00;972103805_0;116.86;8.67;835.00;2.44;-23142338#2_0;5.10;0.00;tripinfo_wu_ns_to_ko.28;170.00;wu_ns_to_ko.28;0;1398.55;0.88;0.00;26.72;car;;1;8.00
1007.00;972103805_0;116.86;9.22;846.00;0.23;-23142338#2_0;5.10;0.00;tripinfo_wu_ns_to_ko.29;161.00;wu_ns_to_ko.29;0;1398.55;0.88;0.00;17.59;car;;0;0.00
1009.00;28706217_0;94.10;7.48;789.00;0.05;-230845886_0;5.10;0.00;tripinfo_wu_ba_to_sl.10;220.00;wu_ba_to_sl.10;0;1934.94;1.00;0.00;40.00;car;;2;9.00
1009.00;41899283#1_0;148.70;10.89;861.00;8.11;-230845886_0;5.10;0.00;tripinfo_wu_ba_to_as.18;148.00;wu_ba_to_as.18;0;1430.78;1.04;0.00;22.69;car;;0;0.00
1012.00;23527526_0;253.75;8.84;813.00;0.69;-230845886_0;5.10;0.00;tripinfo_wu_ba_to_gj.16;199.00;wu_ba_to_gj.16;0;1755.68;0.89;0.00;19.60;car;;0;0.00
1014.00;972103805_0;116.86;10.28;772.00;4.11;803785575#0_0;5.10;0.00;tripinfo_wu_od_to_ko.25;242.00;wu_od_to_ko.25;0;2307.67;1.00;0.00;21.57;car;;0;0.00
1014.00;45494495_0;58.90;10.40;814.00;0.50;23687583_0;5.10;0.00;tripinfo_wu_as_to_os.16;200.00;wu_as_to_os.16;0;1689.77;1.01;0.00;48.20;car;;2;24.00
1021.00;41899283#1_0;148.70;9.29;855.00;6.57;-230845886_0;5.10;0.00;tripinfo_wu_ba_to_as.17;166.00;wu_ba_to_as.17;0;1430.78;0.85;0.00;13.80;car;;0;0.00
1026.00;23156305_0;1264.14;9.14;582.00;0.44;803785575#0_0;5.10;0.00;tripinfo_wu_od_to_gg.11;444.00;wu_od_to_gg.11;0;3669.96;0.83;0.00;44.05;car;;1;1.00
1029.00;23156305_0;1264.14;7.95;826.00;0.16;23687583_0;5.10;0.00;tripinfo_wu_as_to_gg.5;203.00;wu_as_to_gg.5;0;1600.87;0.83;0.00;27.86;car;;1;6.00
1031.00;23156305_0;1264.14;12.03;689.00;0.52;803785575#0_0;5.10;0.00;tripinfo_wu_od_to_gg.12;342.00;wu_od_to_gg.12;0;3669.96;1.17;0.00;56.32;car;;0;0.00
1033.00;972103805_0;116.86;9.31;875.00;1.10;-23142338#2_0;5.10;0.00;tripinfo_wu_ns_to_ko.30;158.00;wu_ns_to_ko.30;0;1398.55;0.94;0.00;23.80;car;;2;5.00
1037.00;972103805_0;116.86;9.28;878.00;1.79;-23142338#2_0;5.10;0.00;tripinfo_wu_ns_to_ko.31;159.00;wu_ns_to_ko.31;0;1398.55;0.93;0.00;23.32;car;;1;1.00
1037.00;23527526_0;253.75;7.56;942.00;0.40;23687583_0;5.10;0.00;tripinfo_wu_as_to_gj.16;95.00;wu_as_to_gj.16;0;649.06;0.70;0.00;9.76;car;;0;0.00
1039.00;23527526_0;253.75;10.44;813.00;3.62;-23142338#2_0;5.10;0.00;tripinfo_wu_ns_to_gj.2;226.00;wu_ns_to_gj.2;0;2084.96;1.16;0.00;63.10;car;;1;6.00
1045.00;45494495_0;58.90;11.02;951.00;0.95;803785575#0_0;5.10;0.00;tripinfo_wu_od_to_os.19;94.00;wu_od_to_os.19;0;969.96;1.05;0.00;10.24;car;;0;0.00
1048.00;230845886_0;633.12;11.92;870.00;0.40;-45494495_0;5.10;0.00;tripinfo_wu_os_to_ba.7;178.00;wu_os_to_ba.7;0;1746.52;1.10;0.00;33.37;car;;2;8.00
1049.00;45494495_0;58.90;10.20;865.00;11.23;-230845886_0;5.10;0.00;tripinfo_wu_ba_to_os.13;184.00;wu_ba_to_os.13;0;1647.96;0.93;0.00;24.59;car;;1;2.00
1051.00;45494495_0;58.90;11.49;868.00;3.34;-230845886_0;5.10;0.00;tripinfo_wu_ba_to_os.14;183.00;wu_ba_to_os.14;0;1647.96;1.08;0.00;44.94;car;;1;2.00
1052.00;23156305_0;1264.14;11.59;786.00;0.73;-45494495_0;5.10;0.00;tripinfo_wu_os_to_gg.3;266.00;wu_os_to_gg.3;0;3034.34;1.15;0.00;27.12;car;;0;0.00
1057.00;45494495_0;58.90;10.29;842.00;3.88;23687583_0;5.10;0.00;tripinfo_wu_as_to_os.17;215.00;wu_as_to_os.17;0;1689.77;0.97;0.00;57.50;car;;4;24.00
1062.00;972103805_0;116.86;8.47;818.00;0.39;-230845886_0;5.10;0.00;tripinfo_wu_ba_to_ko.29;244.00;wu_ba_to_ko.29;0;2114.29;0.86;0.00;21.02;car;;0;0.00
1063.00;41899283#1_0;148.70;9.99;810.00;0.67;803785575#0_0;5.10;0.00;tripinfo_wu_od_to_as.12;253.00;wu_od_to_as.12;0;2382.09;0.98;0.00;33.25;car;;2;7.00
1065.00;23527526_0;253.75;8.70;969.00;0.89;23687583_0;5.10;0.00;tripinfo_wu_as_to_gj.17;96.00;wu_as_to_gj.17;0;649.06;0.82;0.00;24.01;car;;1;12.00
1066.00;41899283#1_0;148.70;9.75;788.00;0.92;803785575#0_0;5.10;0.00;tripinfo_wu_od_to_as.11;278.00;wu_od_to_as.11;0;2382.09;0.97;0.00;55.01;car;;3;16.00
1067.00;23142338#2_0;290.21;9.47;807.00;0.09;-230845886_0;5.10;0.00;tripinfo_wu_ba_to_ns.8;260.00;wu_ba_to_ns.8;0;2346.36;0.93;0.00;33.05;car;;1;9.00
1067.00;23527526_0;253.75;10.17;992.00;0.82;23687583_0;5.10;0.00;tripinfo_wu_as_to_gj.18;75.00;wu_as_to_gj.18;0;649.06;1.02;0.00;16.96;car;;0;0.00
1068.00;28716808#1_0;754.74;9.32;755.00;0.40;803785575#0_0;5.10;0.00;tripinfo_wu_od_to_kl.9;313.00;wu_od_to_kl.9;0;2678.40;0.90;0.00;42.28;car;;2;9.00
1069.00;41899283#1_0;148.70;11.75;905.00;0.78;-45494495_0;5.10;0.00;tripinfo_wu_os_to_as.4;164.00;wu_os_to_as.4;0;1746.47;1.16;0.00;27.51;car;;0;0.00
1070.00;28716808#1_0;754.74;11.27;766.00;0.60;803785575#0_0;5.10;0.00;tripinfo_wu_od_to_kl.10;304.00;wu_od_to_kl.10;0;2678.40;1.07;0.00;78.27;car;;4;17.00
1073.00;23156030#6_0;109.07;12.56;846.00;0.31;-230845886_0;5.10;0.00;tripinfo_wu_ba_to_od.12;227.00;wu_ba_to_od.12;0;2315.50;1.19;0.00;51.52;car;;1;8.00
1073.00;23527526_0;253.75;10.33;891.00;0.90;-230845886_0;5.10;0.00;tripinfo_wu_ba_to_gj.17;182.00;wu_ba_to_gj.17;0;1755.68;0.97;0.00;17.13;car;;0;0.00
1075.00;23527526_0;253.75;12.27;914.00;2.94;-230845886_0;5.10;0.00;tripinfo_wu_ba_to_gj.18;161.00;wu_ba_to_gj.18;0;1755.68;1.18;0.00;25.59;car;;0;0.00
1084.00;972103805_0;116.86;11.37;840.00;0.41;-230845886_0;5.10;0.00;tripinfo_wu_ba_to_ko.30;244.00;wu_ba_to_ko.30;0;2114.29;1.10;0.00;68.63;car;;1;19.00
1087.00;28706217_0;94.10;6.06;804.00;1.40;23687583_0;5.10;0.00;tripinfo_wu_as_to_sl.14;283.00;wu_as_to_sl.14;0;1976.75;0.86;0.00;69.05;car;;4;37.00
1089.00;28706217_0;94.10;7.83;827.00;0.65;-230845886_0;5.10;0.00;tripinfo_wu_ba_to_sl.11;262.00;wu_ba_to_sl.11;0;1934.94;0.99;0.00;80.52;car;;3;32.00
1089.00;23527526_0;253.75;10.90;846.00;0.58;-45494495_0;5.10;0.00;tripinfo_wu_os_to_gj.2;243.00;wu_os_to_gj.2;0;2071.37;1.04;0.00;61.92;car;;3;20.00
1089.00;972103805_0;116.86;9.57;852.00;5.86;-230845886_0;5.10;0.00;tripinfo_wu_ba_to_ko.31;237.00;wu_ba_to_ko.31;0;2114.29;0.95;0.00;33.95;car;;1;6.00
1089.00;41899283#1_0;148.70;11.42;937.00;3.64;-230845886_0;5.10;0.00;tripinfo_wu_ba_to_as.19;152.00;wu_ba_to_as.19;0;1430.78;1.04;0.00;27.33;car;;1;5.00
1091.00;28706217_0;94.10;7.99;822.00;0.07;23687583_0;5.10;0.00;tripinfo_wu_as_to_sl.15;269.00;wu_as_to_sl.15;0;1976.75;0.99;0.00;83.66;car;;5;41.00
1093.00;28716808#1_0;754.74;9.10;955.00;0.84;23687583_0;5.10;0.00;tripinfo_wu_as_to_kl.3;138.00;wu_as_to_kl.3;0;1207.92;0.93;0.00;19.66;car;;1;5.00
1097.00;972103805_0;116.86;8.23;791.00;0.49;-45494495_0;5.10;0.00;tripinfo_wu_os_to_ko.9;306.00;wu_os_to_ko.9;0;2045.29;0.81;0.00;66.03;car;;3;28.00
1099.00;972103805_0;116.86;9.80;800.00;0.46;-45494495_0;5.10;0.00;tripinfo_wu_os_to_ko.10;299.00;wu_os_to_ko.10;0;2045.29;0.94;0.00;89.75;car;;3;24.00
1101.00;972103805_0;116.86;11.81;836.00;0.01;803785575#0_0;5.10;0.00;tripinfo_wu_od_to_ko.26;265.00;wu_od_to_ko.26;0;2307.67;1.09;0.00;62.97;car;;2;5.00
1101.00;23156305_0;1264.14;11.39;849.00;2.88;-230845886_0;5.10;0.00;tripinfo_wu_ba_to_gg.8;252.00;wu_ba_to_gg.8;0;2718.65;1.07;0.00;20.53;car;;0;0.00
1103.00;230845886_0;633.12;7.84;810.00;0.94;-23142338#2_0;5.10;0.00;tripinfo_wu_ns_to_ba.2;293.00;wu_ns_to_ba.2;0;2340.42;0.79;0.00;26.42;car;;0;0.00
1104.00;972103805_0;116.86;9.48;917.00;3.47;-23142338#2_0;5.10;0.00;tripinfo_wu_ns_to_ko.32;187.00;wu_ns_to_ko.32;0;1398.55;0.91;0.00;48.56;car;;2;18.00
1105.00;230845886_0;633.12;10.67;913.00;0.98;-45494495_0;5.10;0.00;tripinfo_wu_os_to_ba.8;192.00;wu_os_to_ba.8;0;1746.52;1.03;0.00;39.03;car;;1;2.00
1106.00;972103805_0;116.86;9.85;839.00;2.35;803785575#0_0;5.10;0.00;tripinfo_wu_od_to_ko.27;267.00;wu_od_to_ko.27;0;2307.67;0.95;0.00;37.15;car;;1;9.00
1107.00;23142338#2_0;290.21;10.07;836.00;1.01;23687583_0;5.10;0.00;tripinfo_wu_as_to_ns.11;271.00;wu_as_to_ns.11;0;1995.73;0.96;0.00;82.11;car;;5;39.00
1108.00;972103805_0;116.86;11.70;855.00;0.55;803785575#0_0;5.10;0.00;tripinfo_wu_od_to_ko.28;253.00;wu_od_to_ko.28;0;2307.67;1.07;0.00;48.40;car;;1;9.00
1110.00;23156390_0;1121.44;9.54;760.00;0.64;-23142338#2_0;5.10;0.00;tripinfo_wu_ns_to_br.0;350.00;wu_ns_to_br.0;0;2792.05;0.90;0.00;67.24;car;;2;26.00
1110.00;23142338#2_0;290.21;9.77;839.00;1.70;23687583_0;5.10;0.00;tripinfo_wu_as_to_ns.12;271.00;wu_as_to_ns.12;0;1995.73;0.94;0.00;78.49;car;;4;31.00
1112.00;23156390_0;1121.44;11.46;769.00;2.33;803785575#0_0;5.10;0.00;tripinfo_wu_od_to_br.14;343.00;wu_od_to_br.14;0;3149.31;1.11;0.00;85.60;car;;3;14.00
1114.00;972103805_0;116.86;10.36;874.00;4.27;-230845886_0;5.10;0.00;tripinfo_wu_ba_to_ko.32;240.00;wu_ba_to_ko.32;0;2114.29;1.03;0.00;52.07;car;;2;19.00
1117.00;23156390_0;1121.44;11.31;775.00;2.59;803785575#0_0;5.10;0.00;tripinfo_wu_od_to_br.15;342.00;wu_od_to_br.15;0;3149.31;1.06;0.00;72.13;car;;3;13.00
1118.00;972103805_0;116.86;11.28;877.00;6.65;-230845886_0;5.10;0.00;tripinfo_wu_ba_to_ko.33;241.00;wu_ba_to_ko.33;0;2114.29;1.04;0.00;54.68;car;;2;16.00
1120.00;972103805_0;116.86;10.94;880.00;6.15;-230845886_0;5.10;0.00;tripinfo_wu_ba_to_ko.34;240.00;wu_ba_to_ko.34;0;2114.29;1.07;0.00;60.86;car;;2;12.00
1122.00;28706217_0;94.10;8.51;875.00;0.23;23687583_0;5.10;0.00;tripinfo_wu_as_to_sl.16;247.00;wu_as_to_sl.16;0;1976.75;1.10;0.00;79.93;car;;3;40.00
1122.00;23156030#6_0;109.07;8.93;1007.00;0.84;-45494495_0;5.10;0.00;tripinfo_wu_os_to_od.12;115.00;wu_os_to_od.12;0;865.51;0.87;0.00;24.61;car;;1;13.00
1124.00;23142338#2_0;290.21;10.66;858.00;5.14;-230845886_0;5.10;0.00;tripinfo_wu_ba_to_ns.9;266.00;wu_ba_to_ns.9;0;2346.36;1.01;0.00;55.82;car;;1;17.00
1125.00;972103805_0;116.86;10.77;834.00;0.66;-45494495_0;5.10;0.00;tripinfo_wu_os_to_ko.11;291.00;wu_os_to_ko.11;0;2045.29;1.04;0.00;103.21;car;;4;59.00
1126.00;45494495_0;58.90;11.69;1035.00;0.46;803785575#0_0;5.10;0.00;tripinfo_wu_od_to_os.21;91.00;wu_od_to_os.21;0;969.96;1.10;0.00;11.44;car;;0;0.00
1127.00;972103805_0;116.86;12.19;874.00;0.95;803785575#0_0;5.10;0.00;tripinfo_wu_od_to_ko.29;253.00;wu_od_to_ko.29;0;2307.67;1.15;0.00;61.07;car;;2;22.00
1129.00;230845886_0;633.12;13.43;978.00;0.27;-45494495_0;5.10;0.00;tripinfo_wu_os_to_ba.9;151.00;wu_os_to_ba.9;0;1746.52;1.22;0.00;20.58;car;;0;0.00
1130.00;972103805_0;116.86;11.64;887.00;2.10;803785575#0_0;5.10;0.00;tripinfo_wu_od_to_ko.30;243.00;wu_od_to_ko.30;0;2307.67;1.09;0.00;41.02;car;;1;9.00
1130.00;45494495_0;58.90;13.04;956.00;9.18;-230845886_0;5.10;0.00;tripinfo_wu_ba_to_os.15;174.00;wu_ba_to_os.15;0;1647.96;1.21;0.00;50.91;car;;1;1.00
1133.00;23527526_0;253.75;11.79;1063.00;1.02;23687583_0;5.10;0.00;tripinfo_wu_as_to_gj.19;70.00;wu_as_to_gj.19;0;649.06;1.07;0.00;14.77;car;;0;0.00
1134.00;23142338#2_0;290.21;8.81;893.00;1.10;803785575#0_0;5.10;0.00;tripinfo_wu_od_to_ns.8;241.00;wu_od_to_ns.8;0;1928.29;0.88;0.00;30.60;car;;1;5.00
1136.00;23142338#2_0;290.21;10.43;864.00;2.77;23687583_0;5.10;0.00;tripinfo_wu_as_to_ns.13;272.00;wu_as_to_ns.13;0;1995.73;1.02;0.00;93.77;car;;5;43.00
1137.00;23156390_0;1121.44;10.83;958.00;2.02;23687583_0;5.10;0.00;tripinfo_wu_as_to_br.4;179.00;wu_as_to_br.4;0;1694.48;1.00;0.00;25.73;car;;1;4.00
1138.00;23527526_0;253.75;9.81;950.00;5.69;-230845886_0;5.10;0.00;tripinfo_wu_ba_to_gj.19;188.00;wu_ba_to_gj.19;0;1755.68;0.97;0.00;23.87;car;;0;0.00
1140.00;45494495_0;58.90;9.21;1024.00;0.59;803785575#0_0;5.10;0.00;tripinfo_wu_od_to_os.20;116.00;wu_od_to_os.20;0;969.96;0.83;0.00;10.81;car;;0;0.00
1144.00;41899283#1_0;148.70;9.27;914.00;0.55;-23142338#2_0;5.10;0.00;tripinfo_wu_ns_to_as.4;230.00;wu_ns_to_as.4;0;2009.37;0.95;0.00;37.03;car;;0;0.00
1150.00;972103805_0;116.86;8.43;1004.00;1.38;23687583_0;5.10;0.00;tripinfo_wu_as_to_ko.27;146.00;wu_as_to_ko.27;0;1102.39;0.80;0.00;22.09;car;;1;6.00
1151.00;23156305_0;1264.14;11.21;871.00;4.84;-230845886_0;5.10;0.00;tripinfo_wu_ba_to_gg.9;280.00;wu_ba_to_gg.9;0;2718.65;1.05;0.00;45.83;car;;1;6.00
1152.00;972103805_0;116.86;8.86;1009.00;4.03;23687583_0;5.10;0.00;tripinfo_wu_as_to_ko.28;143.00;wu_as_to_ko.28;0;1102.39;0.91;0.00;33.26;car;;1;4.00
1153.00;45494495_0;58.90;9.33;963.00;0.08;23687583_0;5.10;0.00;tripinfo_wu_as_to_os.18;190.00;wu_as_to_os.18;0;1689.77;0.90;0.00;19.28;car;;0;0.00
1154.00;972103805_0;116.86;11.27;896.00;0.63;-230845886_0;5.10;0.00;tripinfo_wu_ba_to_ko.35;258.00;wu_ba_to_ko.35;0;2114.29;1.03;0.00;70.75;car;;3;31.00
1156.00;972103805_0;116.86;13.04;911.00;0.05;-230845886_0;5.10;0.00;tripinfo_wu_ba_to_ko.36;245.00;wu_ba_to_ko.36;0;2114.29;1.19;0.00;83.13;car;;3;27.00
1157.00;41899283#1_0;148.70;9.73;884.00;0.33;803785575#0_0;5.10;0.00;tripinfo_wu_od_to_as.13;273.00;wu_od_to_as.13;0;2382.09;0.89;0.00;31.07;car;;1;4.00
1158.00;972103805_0;116.86;9.90;917.00;1.83;-230845886_0;5.10;0.00;tripinfo_wu_ba_to_ko.37;241.00;wu_ba_to_ko.37;0;2114.29;0.92;0.00;31.11;car;;1;2.00
1159.00;23527526_0;253.75;9.17;1085.00;0.34;23687583_0;5.10;0.00;tripinfo_wu_as_to_gj.20;74.00;wu_as_to_gj.20;0;649.06;0.91;0.00;9.13;car;;0;0.00
1160.00;972103805_0;116.86;11.62;890.00;0.86;803785575#0_0;5.10;0.00;tripinfo_wu_od_to_ko.31;270.00;wu_od_to_ko.31;0;2307.67;1.09;0.00;67.07;car;;2;27.00
1160.00;41899283#1_0;148.70;11.38;1020.00;0.20;-230845886_0;5.10;0.00;tripinfo_wu_ba_to_as.20;140.00;wu_ba_to_as.20;0;1430.78;1.13;0.00;24.68;car;;0;0.00
1163.00;23142338#2_0;290.21;10.99;938.00;0.27;23687583_0;5.10;0.00;tripinfo_wu_as_to_ns.14;225.00;wu_as_to_ns.14;0;1995.73;1.04;0.00;50.45;car;;2;24.00
1165.00;28716808#1_0;754.74;12.17;958.00;0.74;-23142338#2_0;5.10;0.00;tripinfo_wu_ns_to_kl.2;207.00;wu_ns_to_kl.2;0;2315.58;1.12;0.00;19.46;car;;0;0.00
1166.00;972103805_0;116.86;10.33;928.00;0.09;-45494495_0;5.10;0.00;tripinfo_wu_os_to_ko.12;238.00;wu_os_to_ko.12;0;2045.29;1.01;0.00;43.15;car;;2;10.00
1168.00;23527526_0;253.75;9.64;1098.00;5.59;23687583_0;5.10;0.00;tripinfo_wu_as_to_gj.21;70.00;wu_as_to_gj.21;0;649.06;0.96;0.00;7.93;car;;0;0.00
1169.00;28706217_0;94.10;6.72;885.00;0.12;23687583_0;5.10;0.00;tripinfo_wu_as_to_sl.17;284.00;wu_as_to_sl.17;0;1976.75;0.84;0.00;65.54;car;;4;25.00
1175.00;972103805_0;116.86;9.84;932.00;0.24;-230845886_0;5.10;0.00;tripinfo_wu_ba_to_ko.38;243.00;wu_ba_to_ko.38;0;2114.29;0.92;0.00;33.01;car;;1;6.00
1175.00;28706217_0;94.10;7.92;945.00;0.75;23687583_0;5.10;0.00;tripinfo_wu_as_to_sl.18;230.00;wu_as_to_sl.18;0;1976.75;0.99;0.00;45.20;car;;2;6.00
1178.00;972103805_0;116.86;10.88;953.00;6.94;-230845886_0;5.10;0.00;tripinfo_wu_ba_to_ko.39;225.00;wu_ba_to_ko.39;0;2114.29;1.07;0.00;45.39;car;;0;0.00
1179.00;41899283#1_0;148.70;10.57;919.00;0.40;803785575#0_0;5.10;0.00;tripinfo_wu_od_to_as.14;260.00;wu_od_to_as.14;0;2382.09;1.01;0.00;46.75;car;;0;0.00
1180.00;45494495_0;58.90;11.17;1012.00;5.30;23687583_0;5.10;0.00;tripinfo_wu_as_to_os.19;168.00;wu_as_to_os.19;0;1689.77;1.03;0.00;19.22;car;;0;0.00
1181.00;23156305_0;1264.14;9.45;1000.00;0.48;23687583_0;5.10;0.00;tripinfo_wu_as_to_gg.6;181.00;wu_as_to_gg.6;0;1600.87;0.87;0.00;15.27;car;;0;0.00
1182.00;41899283#1_0;148.70;12.05;985.00;0.61;-45494495_0;5.10;0.00;tripinfo_wu_os_to_as.6;197.00;wu_os_to_as.6;0;1746.47;1.10;0.00;53.36;car;;0;0.00
1183.00;23142338#2_0;290.21;10.54;940.00;2.62;-230845886_0;5.10;0.00;tripinfo_wu_ba_to_ns.10;243.00;wu_ba_to_ns.10;0;2346.36;1.01;0.00;32.04;car;;1;6.00
1186.00;23156305_0;1264.14;10.90;843.00;0.48;-45494495_0;5.10;0.00;tripinfo_wu_os_to_gg.4;343.00;wu_os_to_gg.4;0;3034.34;1.02;0.00;73.18;car;;3;24.00
1188.00;23156305_0;1264.14;11.43;817.00;0.59;803785575#0_0;5.10;0.00;tripinfo_wu_od_to_gg.13;371.00;wu_od_to_gg.13;0;3669.96;1.06;0.00;56.81;car;;2;5.00
1191.00;972103805_0;116.86;10.36;924.00;0.77;803785575#0_0;5.10;0.00;tripinfo_wu_od_to_ko.32;267.00;wu_od_to_ko.32;0;2307.67;0.97;0.00;41.45;car;;1;16.00
1193.00;23527526_0;253.75;10.85;1011.00;2.97;-230845886_0;5.10;0.00;tripinfo_wu_ba_to_gj.20;182.00;wu_ba_to_gj.20;0;1755.68;1.02;0.00;27.04;car;;0;0.00
1194.00;972103805_0;116.86;10.82;947.00;0.57;803785575#0_0;5.10;0.00;tripinfo_wu_od_to_ko.33;247.00;wu_od_to_ko.33;0;2307.67;0.99;0.00;26.17;car;;0;0.00
1194.00;45494495_0;58.90;10.24;1014.00;2.19;-230845886_0;5.10;0.00;tripinfo_wu_ba_to_os.16;180.00;wu_ba_to_os.16;0;1647.96;0.93;0.00;19.54;car;;0;0.00
1195.00;23156030#6_0;109.07;8.61;891.00;0.90;23687583_0;5.10;0.00;tripinfo_wu_as_to_od.8;304.00;wu_as_to_od.8;0;2357.31;0.78;0.00;31.46;car;;1;1.00
1196.00;41899283#1_0;148.70;8.02;973.00;0.97;-45494495_0;5.10;0.00;tripinfo_wu_os_to_as.5;223.00;wu_os_to_as.5;0;1746.47;0.79;0.00;22.59;car;;0;0.00
1198.00;41899283#1_0;148.70;10.21;954.00;2.71;803785575#0_0;5.10;0.00;tripinfo_wu_od_to_as.15;244.00;wu_od_to_as.15;0;2382.09;0.99;0.00;25.69;car;;0;0.00
1200.00;23142338#2_0;290.21;9.89;947.00;2.74;23687583_0;5.10;0.00;tripinfo_wu_as_to_ns.15;253.00;wu_as_to_ns.15;0;1995.73;0.92;0.00;55.19;car;;3;19.00
1204.00;28716808#1_0;754.74;11.52;929.00;0.10;803785575#0_0;5.10;0.00;tripinfo_wu_od_to_kl.11;275.00;wu_od_to_kl.11;0;2678.40;1.14;0.00;62.04;car;;0;0.00
1205.00;972103805_0;116.86;9.35;959.00;9.82;-230845886_0;5.10;0.00;tripinfo_wu_ba_to_ko.40;246.00;wu_ba_to_ko.40;0;2114.29;0.92;0.00;36.96;car;;2;6.00
1209.00;23156030#6_0;109.07;9.26;908.00;0.52;23687583_0;5.10;0.00;tripinfo_wu_as_to_od.9;301.00;wu_as_to_od.9;0;2357.31;0.92;0.00;69.27;car;;2;19.00
1210.00;972103805_0;116.86;8.21;1056.00;0.94;23687583_0;5.10;0.00;tripinfo_wu_as_to_ko.29;154.00;wu_as_to_ko.29;0;1102.39;0.80;0.00;29.56;car;;1;15.00
1212.00;972103805_0;116.86;10.53;1069.00;0.68;23687583_0;5.10;0.00;tripinfo_wu_as_to_ko.30;143.00;wu_as_to_ko.30;0;1102.39;1.00;0.00;42.68;car;;1;14.00
1213.00;45494495_0;58.90;8.72;1021.00;1.98;23687583_0;5.10;0.00;tripinfo_wu_as_to_os.20;192.00;wu_as_to_os.20;0;1689.77;0.86;0.00;15.90;car;;0;0.00
1213.00;972103805_0;116.86;10.97;1067.00;0.61;-23142338#2_0;5.10;0.00;tripinfo_wu_ns_to_ko.33;146.00;wu_ns_to_ko.33;0;1398.55;1.03;0.00;24.37;car;;1;9.00
1215.00;45494495_0;58.90;10.65;1024.00;3.43;23687583_0;5.10;0.00;tripinfo_wu_as_to_os.21;191.00;wu_as_to_os.21;0;1689.77;0.97;0.00;34.26;car;;0;0.00
1217.00;45494495_0;58.90;13.47;1050.00;0.62;-230845886_0;5.10;0.00;tripinfo_wu_ba_to_os.17;167.00;wu_ba_to_os.17;0;1647.96;1.23;0.00;45.68;car;;1;2.00
1221.00;23142338#2_0;290.21;9.46;943.00;5.42;-230845886_0;5.10;0.00;tripinfo_wu_ba_to_ns.11;278.00;wu_ba_to_ns.11;0;2346.36;0.87;0.00;33.38;car;;1;8.00
1221.00;972103805_0;116.86;10.86;976.00;0.73;803785575#0_0;5.10;0.00;tripinfo_wu_od_to_ko.34;245.00;wu_od_to_ko.34;0;2307.67;1.01;0.00;26.97;car;;1;3.00
1222.00;23527526_0;253.75;11.06;973.00;0.60;803785575#0_0;5.10;0.00;tripinfo_wu_od_to_gj.5;249.00;wu_od_to_gj.5;0;2706.99;1.06;0.00;18.17;car;;0;0.00
1223.00;23142338#2_0;290.21;9.05;947.00;6.59;-230845886_0;5.10;0.00;tripinfo_wu_ba_to_ns.12;276.00;wu_ba_to_ns.12;0;2346.36;0.93;0.00;47.84;car;;1;7.00
1223.00;972103805_0;116.86;11.43;982.00;2.49;803785575#0_0;5.10;0.00;tripinfo_wu_od_to_ko.35;241.00;wu_od_to_ko.35;0;2307.67;1.12;0.00;44.05;car;;0;0.00
1225.00;23142338#2_0;290.21;12.35;976.00;2.90;-230845886_0;5.10;0.00;tripinfo_wu_ba_to_ns.13;249.00;wu_ba_to_ns.13;0;2346.36;1.22;0.00;74.48;car;;1;7.00
1226.00;28716808#1_0;754.74;8.92;1095.00;4.80;23687583_0;5.10;0.00;tripinfo_wu_as_to_kl.4;131.00;wu_as_to_kl.4;0;1207.92;0.91;0.00;11.36;car;;0;0.00
1227.00;23142338#2_0;290.21;11.02;973.00;0.90;23687583_0;5.10;0.00;tripinfo_wu_as_to_ns.16;254.00;wu_as_to_ns.16;0;1995.73;1.07;0.00;84.11;car;;4;42.00
1228.00;28716808#1_0;754.74;10.91;933.00;0.45;803785575#0_0;5.10;0.00;tripinfo_wu_od_to_kl.12;295.00;wu_od_to_kl.12;0;2678.40;1.01;0.00;54.64;car;;1;2.00
1229.00;230845886_0;633.12;10.48;998.00;0.23;803785575#0_0;5.10;0.00;tripinfo_wu_od_to_ba.19;231.00;wu_od_to_ba.19;0;2382.14;1.03;0.00;21.36;car;;0;0.00
1230.00;28716808#1_0;754.74;11.58;958.00;0.75;803785575#0_0;5.10;0.00;tripinfo_wu_od_to_kl.13;272.00;wu_od_to_kl.13;0;2678.40;1.07;0.00;44.47;car;;0;0.00
1235.00;972103805_0;116.86;11.49;1116.00;0.01;23687583_0;5.10;0.00;tripinfo_wu_as_to_ko.31;119.00;wu_as_to_ko.31;0;1102.39;1.06;0.00;24.99;car;;1;12.00
1236.00;28716808#1_0;754.74;12.24;985.00;2.59;803785575#0_0;5.10;0.00;tripinfo_wu_od_to_kl.14;251.00;wu_od_to_kl.14;0;2678.40;1.10;0.00;30.73;car;;0;0.00
1236.00;41899283#1_0;148.70;11.63;1011.00;0.95;-23142338#2_0;5.10;0.00;tripinfo_wu_ns_to_as.5;225.00;wu_ns_to_as.5;0;2009.37;1.12;0.00;61.03;car;;1;15.00
1241.00;972103805_0;116.86;9.21;984.00;0.54;-230845886_0;5.10;0.00;tripinfo_wu_ba_to_ko.41;257.00;wu_ba_to_ko.41;0;2114.29;0.86;0.00;34.22;car;;1;5.00
1243.00;23156390_0;1121.44;8.21;897.00;0.39;-23142338#2_0;5.10;0.00;tripinfo_wu_ns_to_br.1;346.00;wu_ns_to_br.1;0;2792.05;0.82;0.00;36.06;car;;1;3.00
1248.00;23527526_0;253.75;10.09;1029.00;0.89;-45494495_0;5.10;0.00;tripinfo_wu_os_to_gj.3;219.00;wu_os_to_gj.3;0;2071.37;0.93;0.00;18.20;car;;0;0.00
1249.00;23156305_0;1264.14;8.36;921.00;2.96;-230845886_0;5.10;0.00;tripinfo_wu_ba_to_gg.10;328.00;wu_ba_to_gg.10;0;2718.65;0.85;0.00;36.85;car;;1;6.00
1250.00;45494495_0;58.90;9.91;1132.00;1.23;803785575#0_0;5.10;0.00;tripinfo_wu_od_to_os.22;118.00;wu_od_to_os.22;0;969.96;0.91;0.00;21.89;car;;1;6.00
1252.00;23156305_0;1264.14;9.87;973.00;0.51;-230845886_0;5.10;0.00;tripinfo_wu_ba_to_gg.11;279.00;wu_ba_to_gg.11;0;2718.65;0.97;0.00;25.07;car;;0;0.00
1252.00;45494495_0;58.90;11.07;1081.00;0.08;23687583_0;5.10;0.00;tripinfo_wu_as_to_os.22;171.00;wu_as_to_os.22;0;1689.77;1.05;0.00;26.05;car;;1;6.00
1253.00;23527526_0;253.75;10.04;1185.00;7.23;23687583_0;5.10;0.00;tripinfo_wu_as_to_gj.22;68.00;wu_as_to_gj.22;0;649.06;1.00;0.00;8.71;car;;0;0.00
1254.00;28716808#1_0;754.74;11.29;1017.00;1.17;-23142338#2_0;5.10;0.00;tripinfo_wu_ns_to_kl.3;237.00;wu_ns_to_kl.3;0;2315.58;1.13;0.00;50.45;car;;1;15.00
1255.00;45494495_0;58.90;9.24;1067.00;0.60;-230845886_0;5.10;0.00;tripinfo_wu_ba_to_os.18;188.00;wu_ba_to_os.18;0;1647.96;0.88;0.00;17.59;car;;0;0.00
1259.00;23156030#6_0;109.07;11.82;1030.00;0.40;-230845886_0;5.10;0.00;tripinfo_wu_ba_to_od.13;229.00;wu_ba_to_od.13;0;2315.50;1.13;0.00;43.69;car;;1;5.00
1261.00;45494495_0;58.90;10.18;1159.00;2.59;803785575#0_0;5.10;0.00;tripinfo_wu_od_to_os.23;102.00;wu_od_to_os.23;0;969.96;0.95;0.00;8.78;car;;0;0.00
1264.00;230845886_0;633.12;9.20;1109.00;0.46;23687583_0;5.10;0.00;tripinfo_wu_as_to_ba.14;155.00;wu_as_to_ba.14;0;1356.50;0.88;0.00;14.84;car;;0;0.00
1265.00;972103805_0;116.86;9.66;1123.00;3.85;23687583_0;5.10;0.00;tripinfo_wu_as_to_ko.32;142.00;wu_as_to_ko.32;0;1102.39;0.98;0.00;40.62;car;;2;24.00
1266.00;230845886_0;633.12;11.50;1112.00;1.18;23687583_0;5.10;0.00;tripinfo_wu_as_to_ba.15;154.00;wu_as_to_ba.15;0;1356.50;1.16;0.00;47.71;car;;0;0.00
1270.00;23156030#6_0;109.07;8.62;995.00;1.79;23687583_0;5.10;0.00;tripinfo_wu_as_to_od.10;275.00;wu_as_to_od.10;0;2357.31;0.88;0.00;34.63;car;;1;11.00
1270.00;972103805_0;116.86;8.67;1008.00;0.84;-230845886_0;5.10;0.00;tripinfo_wu_ba_to_ko.42;262.00;wu_ba_to_ko.42;0;2114.29;0.85;0.00;36.88;car;;1;7.00
1274.00;230845886_0;633.12;11.10;1050.00;0.86;803785575#0_0;5.10;0.00;tripinfo_wu_od_to_ba.20;224.00;wu_od_to_ba.20;0;2382.14;1.04;0.00;17.25;car;;0;0.00
1274.00;28706217_0;94.10;6.87;1165.00;0.84;-45494495_0;5.10;0.00;tripinfo_wu_os_to_sl.6;109.00;wu_os_to_sl.6;0;484.95;0.94;0.00;57.01;car;;2;42.00
1275.00;23156305_0;1264.14;9.67;860.00;0.40;803785575#0_0;5.10;0.00;tripinfo_wu_od_to_gg.14;415.00;wu_od_to_gg.14;0;3669.96;0.88;0.00;38.87;car;;0;0.00
1276.00;23527526_0;253.75;10.12;988.00;3.11;803785575#0_0;5.10;0.00;tripinfo_wu_od_to_gj.6;288.00;wu_od_to_gj.6;0;2706.99;0.95;0.00;30.82;car;;1;5.00
1280.00;230845886_0;633.12;10.90;1062.00;0.25;-23142338#2_0;5.10;0.00;tripinfo_wu_ns_to_ba.3;218.00;wu_ns_to_ba.3;0;2340.42;1.09;0.00;23.70;car;;1;1.00
1281.00;230845886_0;633.12;12.35;1148.00;2.64;23687583_0;5.10;0.00;tripinfo_wu_as_to_ba.16;133.00;wu_as_to_ba.16;0;1356.50;1.18;0.00;29.51;car;;2;5.00
1282.00;23142338#2_0;290.21;11.50;1072.00;0.39;23687583_0;5.10;0.00;tripinfo_wu_as_to_ns.17;210.00;wu_as_to_ns.17;0;1995.73;1.07;0.00;39.62;car;;2;5.00
1282.00;45494495_0;58.90;10.76;1103.00;0.94;-230845886_0;5.10;0.00;tripinfo_wu_ba_to_os.19;179.00;wu_ba_to_os.19;0;1647.96;0.97;0.00;25.56;car;;0;0.00
1283.00;23156390_0;1121.44;11.37;979.00;3.51;803785575#0_0;5.10;0.00;tripinfo_wu_od_to_br.16;304.00;wu_od_to_br.16;0;3149.31;1.06;0.00;33.36;car;;0;0.00
1284.00;23156030#6_0;109.07;12.51;1027.00;5.05;23687583_0;5.10;0.00;tripinfo_wu_as_to_od.11;257.00;wu_as_to_od.11;0;2357.31;1.20;0.00;79.35;car;;1;14.00
1294.00;972103805_0;116.86;11.19;1165.00;0.81;23687583_0;5.10;0.00;tripinfo_wu_as_to_ko.33;129.00;wu_as_to_ko.33;0;1102.39;1.01;0.00;30.74;car;;1;17.00
1295.00;23156030#6_0;109.07;11.01;1045.00;0.27;23687583_0;5.10;0.00;tripinfo_wu_as_to_od.12;250.00;wu_as_to_od.12;0;2357.31;1.00;0.00;38.01;car;;2;12.00
1296.00;972103805_0;116.86;11.10;1170.00;0.91;23687583_0;5.10;0.00;tripinfo_wu_as_to_ko.34;126.00;wu_as_to_ko.34;0;1102.39;1.01;0.00;27.36;car;;1;13.00
1297.00;28716808#1_0;754.74;11.11;1086.00;1.56;-45494495_0;5.10;0.00;tripinfo_wu_os_to_kl.5;211.00;wu_os_to_kl.5;0;2042.78;1.01;0.00;27.57;car;;1;7.00
1298.00;972103805_0;116.86;12.32;1173.00;3.91;23687583_0;5.10;0.00;tripinfo_wu_as_to_ko.35;125.00;wu_as_to_ko.35;0;1102.39;1.12;0.00;36.05;car;;1;12.00
1300.00;41899283#1_0;148.70;11.29;1119.00;0.94;-45494495_0;5.10;0.00;tripinfo_wu_os_to_as.7;181.00;wu_os_to_as.7;0;1746.47;1.03;0.00;27.24;car;;1;6.00
1301.00;23142338#2_0;290.21;12.55;1089.00;2.73;-45494495_0;5.10;0.00;tripinfo_wu_os_to_ns.3;212.00;wu_os_to_ns.3;0;1665.91;1.15;0.00;70.36;car;;1;18.00
1304.00;23527526_0;253.75;10.58;1030.00;1.15;803785575#0_0;5.10;0.00;tripinfo_wu_od_to_gj.7;274.00;wu_od_to_gj.7;0;2706.99;1.00;0.00;29.71;car;;1;3.00
1304.00;28706217_0;94.10;7.99;1089.00;3.15;23687583_0;5.10;0.00;tripinfo_wu_as_to_sl.19;215.00;wu_as_to_sl.19;0;1976.75;1.07;0.00;43.37;car;;2;10.00
1309.00;23156030#6_0;109.07;10.06;1014.00;3.70;-23142338#2_0;5.10;0.00;tripinfo_wu_ns_to_od.0;295.00;wu_ns_to_od.0;0;2005.01;0.97;0.00;95.83;car;;3;65.00
1310.00;23156390_0;1121.44;12.10;1155.00;0.40;23687583_0;5.10;0.00;tripinfo_wu_as_to_br.5;155.00;wu_as_to_br.5;0;1694.48;1.13;0.00;18.14;car;;0;0.00
1313.00;23142338#2_0;290.21;11.18;1092.00;4.40;23687583_0;5.10;0.00;tripinfo_wu_as_to_ns.18;221.00;wu_as_to_ns.18;0;1995.73;1.05;0.00;47.60;car;;2;20.00
1315.00;45494495_0;58.90;10.88;1139.00;0.58;23687583_0;5.10;0.00;tripinfo_wu_as_to_os.23;176.00;wu_as_to_os.23;0;1689.77;1.01;0.00;24.46;car;;1;6.00
1316.00;972103805_0;116.86;7.59;966.00;0.44;-45494495_0;5.10;0.00;tripinfo_wu_os_to_ko.13;350.00;wu_os_to_ko.13;0;2045.29;0.72;0.00;80.04;car;;3;41.00
1316.00;28716808#1_0;754.74;9.56;1182.00;4.39;23687583_0;5.10;0.00;tripinfo_wu_as_to_kl.5;134.00;wu_as_to_kl.5;0;1207.92;0.95;0.00;17.67;car;;0;0.00
1318.00;972103805_0;116.86;10.92;1001.00;1.44;803785575#0_0;5.10;0.00;tripinfo_wu_od_to_ko.36;317.00;wu_od_to_ko.36;0;2307.67;1.04;0.00;106.28;car;;1;12.00
1320.00;972103805_0;116.86;9.05;1027.00;1.24;803785575#0_0;5.10;0.00;tripinfo_wu_od_to_ko.37;293.00;wu_od_to_ko.37;0;2307.67;0.92;0.00;55.21;car;;0;0.00
1320.00;28716808#1_0;754.74;11.87;1188.00;8.80;23687583_0;5.10;0.00;tripinfo_wu_as_to_kl.6;132.00;wu_as_to_kl.6;0;1207.92;1.12;0.00;33.44;car;;1;10.00
1324.00;23156390_0;1121.44;11.08;1083.00;0.78;-45494495_0;5.10;0.00;tripinfo_wu_os_to_br.3;241.00;wu_os_to_br.3;0;2513.69;1.07;0.00;27.10;car;;1;3.00
1330.00;972103805_0;116.86;12.34;1086.00;0.74;-230845886_0;5.10;0.00;tripinfo_wu_ba_to_ko.43;244.00;wu_ba_to_ko.43;0;2114.29;1.14;0.00;75.41;car;;1;4.00
1332.00;23527526_0;253.75;8.08;1083.00;0.94;-230845886_0;5.10;0.00;tripinfo_wu_ba_to_gj.21;249.00;wu_ba_to_gj.21;0;1755.68;0.73;0.00;31.45;car;;1;5.00
1332.00;41899283#1_0;148.70;10.68;1186.00;0.09;-230845886_0;5.10;0.00;tripinfo_wu_ba_to_as.21;146.00;wu_ba_to_as.21;0;1430.78;1.01;0.00;17.19;car;;0;0.00
1333.00;972103805_0;116.86;11.98;1058.00;1.53;803785575#0_0;5.10;0.00;tripinfo_wu_od_to_ko.38;275.00;wu_od_to_ko.38;0;2307.67;1.09;0.00;72.49;car;;2;23.00
1334.00;23527526_0;253.75;10.85;1133.00;0.82;-45494495_0;5.10;0.00;tripinfo_wu_os_to_gj.4;201.00;wu_os_to_gj.4;0;2071.37;1.19;0.00;42.53;car;;1;8.00
1335.00;972103805_0;116.86;10.90;1062.00;0.52;803785575#0_0;5.10;0.00;tripinfo_wu_od_to_ko.39;273.00;wu_od_to_ko.39;0;2307.67;1.04;0.00;61.42;car;;2;14.00
1336.00;23142338#2_0;290.21;12.67;1160.00;3.31;23687583_0;5.10;0.00;tripinfo_wu_as_to_ns.19;176.00;wu_as_to_ns.19;0;1995.73;1.20;0.00;25.30;car;;1;5.00
1339.00;23156030#6_0;109.07;8.84;1082.00;0.20;-23142338#2_0;5.10;0.00;tripinfo_wu_ns_to_od.1;257.00;wu_ns_to_od.1;0;2005.01;0.90;0.00;42.01;car;;2;9.00
1344.00;28706217_0;94.10;8.06;1089.00;0.72;-230845886_0;5.10;0.00;tripinfo_wu_ba_to_sl.12;255.00;wu_ba_to_sl.12;0;1934.94;0.99;0.00;73.19;car;;2;26.00
1345.00;41899283#1_0;148.70;9.34;1068.00;1.92;803785575#0_0;5.10;0.00;tripinfo_wu_od_to_as.16;277.00;wu_od_to_as.16;0;2382.09;0.88;0.00;31.47;car;;1;1.00
1346.00;28706217_0;94.10;8.84;1120.00;0.87;23687583_0;5.10;0.00;tripinfo_wu_as_to_sl.20;226.00;wu_as_to_sl.20;0;1976.75;1.10;0.00;58.52;car;;2;24.00
1349.00;230845886_0;633.12;8.45;1055.00;0.06;803785575#0_0;5.10;0.00;tripinfo_wu_od_to_ba.21;294.00;wu_od_to_ba.21;0;2382.14;0.81;0.00;29.05;car;;1;1.00
1349.00;972103805_0;116.86;8.81;1065.00;0.70;803785575#0_0;5.10;0.00;tripinfo_wu_od_to_ko.40;284.00;wu_od_to_ko.40;0;2307.67;0.90;0.00;41.17;car;;1;14.00
1349.00;28706217_0;94.10;9.43;1286.00;2.18;-45494495_0;5.10;0.00;tripinfo_wu_os_to_sl.7;63.00;wu_os_to_sl.7;0;484.95;1.21;0.00;22.46;car;;1;8.00
1361.00;28716808#1_0;754.74;10.38;1080.00;0.56;803785575#0_0;5.10;0.00;tripinfo_wu_od_to_kl.15;281.00;wu_od_to_kl.15;0;2678.40;1.05;0.00;50.56;car;;0;0.00
1363.00;28716808#1_0;754.74;13.09;1090.00;1.44;803785575#0_0;5.10;0.00;tripinfo_wu_od_to_kl.16;273.00;wu_od_to_kl.16;0;2678.40;1.23;0.00;76.49;car;;0;0.00
1365.00;972103805_0;116.86;9.38;1039.00;0.16;-45494495_0;5.10;0.00;tripinfo_wu_os_to_ko.14;326.00;wu_os_to_ko.14;0;2045.29;0.88;0.00;104.05;car;;5;63.00
1368.00;972103805_0;116.86;9.43;1200.00;0.47;-23142338#2_0;5.10;0.00;tripinfo_wu_ns_to_ko.34;168.00;wu_ns_to_ko.34;0;1398.55;0.88;0.00;24.55;car;;2;3.00
1370.00;23156305_0;1264.14;8.89;1190.00;10.55;23687583_0;5.10;0.00;tripinfo_wu_as_to_gg.7;180.00;wu_as_to_gg.7;0;1600.87;0.88;0.00;14.99;car;;0;0.00
1370.00;972103805_0;116.86;10.21;1203.00;2.75;-23142338#2_0;5.10;0.00;tripinfo_wu_ns_to_ko.35;167.00;wu_ns_to_ko.35;0;1398.55;0.97;0.00;37.65;car;;0;0.00
1371.00;41899283#1_0;148.70;10.35;1114.00;0.37;803785575#0_0;5.10;0.00;tripinfo_wu_od_to_as.17;257.00;wu_od_to_as.17;0;2382.09;0.93;0.00;25.97;car;;0;0.00
1372.00;972103805_0;116.86;10.49;1221.00;1.30;-23142338#2_0;5.10;0.00;tripinfo_wu_ns_to_ko.36;151.00;wu_ns_to_ko.36;0;1398.55;1.04;0.00;29.16;car;;0;0.00
1379.00;23156030#6_0;109.07;11.29;1152.00;0.70;23687583_0;5.10;0.00;tripinfo_wu_as_to_od.13;227.00;wu_as_to_od.13;0;2357.31;1.09;0.00;32.65;car;;0;0.00
1382.00;23156305_0;1264.14;9.46;1070.00;2.75;-230845886_0;5.10;0.00;tripinfo_wu_ba_to_gg.12;312.00;wu_ba_to_gg.12;0;2718.65;0.88;0.00;29.02;car;;0;0.00
1383.00;28706217_0;94.10;9.05;1145.00;0.56;23687583_0;5.10;0.00;tripinfo_wu_as_to_sl.21;238.00;wu_as_to_sl.21;0;1976.75;1.13;0.00;74.56;car;;4;32.00
1383.00;230845886_0;633.12;9.08;1230.00;0.09;23687583_0;5.10;0.00;tripinfo_wu_as_to_ba.17;153.00;wu_as_to_ba.17;0;1356.50;0.88;0.00;13.73;car;;0;0.00
1384.00;23156305_0;1264.14;10.33;1001.00;2.38;-23142338#2_0;5.10;0.00;tripinfo_wu_ns_to_gg.3;383.00;wu_ns_to_gg.3;0;3297.24;1.00;0.00;83.16;car;;2;20.00
1384.00;45494495_0;58.90;9.39;1283.00;0.60;803785575#0_0;5.10;0.00;tripinfo_wu_od_to_os.24;101.00;wu_od_to_os.24;0;969.96;0.96;0.00;9.36;car;;0;0.00
1385.00;23156305_0;1264.14;11.88;1219.00;0.63;23687583_0;5.10;0.00;tripinfo_wu_as_to_gg.8;166.00;wu_as_to_gg.8;0;1600.87;1.08;0.00;31.52;car;;0;0.00
1386.00;45494495_0;58.90;10.77;1176.00;0.66;-23142338#2_0;5.10;0.00;tripinfo_wu_ns_to_os.2;210.00;wu_ns_to_os.2;0;1865.82;1.02;0.00;44.69;car;;1;6.00
1386.00;28706217_0;94.10;7.43;1177.00;0.67;-230845886_0;5.10;0.00;tripinfo_wu_ba_to_sl.13;209.00;wu_ba_to_sl.13;0;1934.94;1.03;0.00;34.60;car;;1;4.00
1386.00;23142338#2_0;290.21;12.24;1187.00;2.29;803785575#0_0;5.10;0.00;tripinfo_wu_od_to_ns.9;199.00;wu_od_to_ns.9;0;1928.29;1.15;0.00;35.86;car;;1;15.00
1387.00;23156030#6_0;109.07;9.05;1138.00;0.52;-230845886_0;5.10;0.00;tripinfo_wu_ba_to_od.14;249.00;wu_ba_to_od.14;0;2315.50;0.92;0.00;21.72;car;;0;0.00
1387.00;23156390_0;1121.44;8.54;1179.00;2.33;23687583_0;5.10;0.00;tripinfo_wu_as_to_br.6;208.00;wu_as_to_br.6;0;1694.48;0.81;0.00;18.28;car;;0;0.00
1391.00;41899283#1_0;148.70;10.87;1237.00;0.64;-230845886_0;5.10;0.00;tripinfo_wu_ba_to_as.22;154.00;wu_ba_to_as.22;0;1430.78;1.00;0.00;24.18;car;;1;7.00
1392.00;23527526_0;253.75;10.33;1178.00;0.69;-45494495_0;5.10;0.00;tripinfo_wu_os_to_gj.5;214.00;wu_os_to_gj.5;0;2071.37;1.02;0.00;29.46;car;;1;6.00
1395.00;45494495_0;58.90;9.14;1286.00;2.50;803785575#0_0;5.10;0.00;tripinfo_wu_od_to_os.25;109.00;wu_od_to_os.25;0;969.96;0.88;0.00;9.13;car;;0;0.00
1396.00;23156030#6_0;109.07;10.03;1104.00;0.73;-23142338#2_0;5.10;0.00;tripinfo_wu_ns_to_od.2;292.00;wu_ns_to_od.2;0;2005.01;0.94;0.00;85.57;car;;3;57.00
1407.00;23142338#2_0;290.21;9.47;1176.00;6.54;23687583_0;5.10;0.00;tripinfo_wu_as_to_ns.20;231.00;wu_as_to_ns.20;0;1995.73;0.96;0.00;40.71;car;;2;15.00
1408.00;972103805_0;116.86;9.23;1139.00;0.49;803785575#0_0;5.10;0.00;tripinfo_wu_od_to_ko.41;269.00;wu_od_to_ko.41;0;2307.67;0.91;0.00;28.68;car;;1;1.00
1410.00;972103805_0;116.86;11.95;1276.00;0.30;-23142338#2_0;5.10;0.00;tripinfo_wu_ns_to_ko.37;134.00;wu_ns_to_ko.37;0;1398.55;1.08;0.00;16.58;car;;0;0.00
1411.00;45494495_0;58.90;10.89;1243.00;0.72;-230845886_0;5.10;0.00;tripinfo_wu_ba_to_os.20;168.00;wu_ba_to_os.20;0;1647.96;0.99;0.00;16.68;car;;0;0.00
1414.00;230845886_0;633.12;9.14;1129.00;0.17;803785575#0_0;5.10;0.00;tripinfo_wu_od_to_ba.22;285.00;wu_od_to_ba.22;0;2382.14;0.87;0.00;36.05;car;;1;6.00
1414.00;28716808#1_0;754.74;8.76;1147.00;0.29;-45494495_0;5.10;0.00;tripinfo_wu_os_to_kl.6;267.00;wu_os_to_kl.6;0;2042.78;0.82;0.00;40.79;car;;2;11.00
1414.00;972103805_0;116.86;10.78;1293.00;0.91;23687583_0;5.10;0.00;tripinfo_wu_as_to_ko.36;121.00;wu_as_to_ko.36;0;1102.39;1.04;0.00;25.63;car;;2;7.00
1416.00;28716808#1_0;754.74;11.97;1117.00;0.75;803785575#0_0;5.10;0.00;tripinfo_wu_od_to_kl.17;299.00;wu_od_to_kl.17;0;2678.40;1.11;0.00;79.64;car;;2;11.00
1416.00;41899283#1_0;148.70;11.96;1162.00;4.79;803785575#0_0;5.10;0.00;tripinfo_wu_od_to_as.18;254.00;wu_od_to_as.18;0;2382.09;1.14;0.00;64.92;car;;1;9.00
1416.00;23527526_0;253.75;12.04;1248.00;0.91;-230845886_0;5.10;0.00;tripinfo_wu_ba_to_gj.22;168.00;wu_ba_to_gj.22;0;1755.68;1.11;0.00;25.02;car;;1;2.00
1419.00;972103805_0;116.86;9.13;1166.00;0.39;-230845886_0;5.10;0.00;tripinfo_wu_ba_to_ko.44;253.00;wu_ba_to_ko.44;0;2114.29;0.90;0.00;38.70;car;;1;9.00
1420.00;41899283#1_0;148.70;11.39;1171.00;5.15;803785575#0_0;5.10;0.00;tripinfo_wu_od_to_as.20;249.00;wu_od_to_as.20;0;2382.09;1.09;0.00;50.29;car;;1;2.00
1420.00;230845886_0;633.12;8.34;1255.00;3.00;23687583_0;5.10;0.00;tripinfo_wu_as_to_ba.18;165.00;wu_as_to_ba.18;0;1356.50;0.85;0.00;20.50;car;;1;3.00
1421.00;23156305_0;1264.14;9.15;1122.00;0.12;-230845886_0;5.10;0.00;tripinfo_wu_ba_to_gg.13;299.00;wu_ba_to_gg.13;0;2718.65;0.90;0.00;24.82;car;;0;0.00
1423.00;23156305_0;1264.14;11.68;1261.00;7.13;23687583_0;5.10;0.00;tripinfo_wu_as_to_gg.9;162.00;wu_as_to_gg.9;0;1600.87;1.16;0.00;37.04;car;;0;0.00
1424.00;41899283#1_0;148.70;10.20;1168.00;3.46;803785575#0_0;5.10;0.00;tripinfo_wu_od_to_as.19;256.00;wu_od_to_as.19;0;2382.09;0.96;0.00;31.67;car;;0;0.00
1424.00;23156390_0;1121.44;9.04;1169.00;0.88;-230845886_0;5.10;0.00;tripinfo_wu_ba_to_br.1;255.00;wu_ba_to_br.1;0;2198.00;0.88;0.00;27.12;car;;1;2.00
1426.00;23156390_0;1121.44;11.34;1093.00;2.27;803785575#0_0;5.10;0.00;tripinfo_wu_od_to_br.17;333.00;wu_od_to_br.17;0;3149.31;1.09;0.00;71.60;car;;0;0.00
1427.00;972103805_0;116.86;10.53;1190.00;4.47;803785575#0_0;5.10;0.00;tripinfo_wu_od_to_ko.42;237.00;wu_od_to_ko.42;0;2307.67;1.05;0.00;27.08;car;;1;2.00
1429.00;28706217_0;94.10;6.44;1180.00;1.15;-230845886_0;5.10;0.00;tripinfo_wu_ba_to_sl.14;249.00;wu_ba_to_sl.14;0;1934.94;0.92;0.00;53.40;car;;2;30.00
1429.00;972103805_0;116.86;11.96;1193.00;0.59;803785575#0_0;5.10;0.00;tripinfo_wu_od_to_ko.43;236.00;wu_od_to_ko.43;0;2307.67;1.08;0.00;33.15;car;;1;1.00
1431.00;45494495_0;58.90;9.68;1328.00;0.06;803785575#0_0;5.10;0.00;tripinfo_wu_od_to_os.26;103.00;wu_od_to_os.26;0;969.96;0.93;0.00;8.77;car;;0;0.00
1437.00;23527526_0;253.75;10.19;1371.00;0.00;23687583_0;5.10;0.00;tripinfo_wu_as_to_gj.23;66.00;wu_as_to_gj.23;0;649.06;1.01;0.00;7.19;car;;0;0.00
1444.00;23156030#6_0;109.07;10.02;1198.00;0.49;-230845886_0;5.10;0.00;tripinfo_wu_ba_to_od.15;246.00;wu_ba_to_od.15;0;2315.50;0.98;0.00;31.73;car;;1;8.00
1448.00;28716808#1_0;754.74;11.30;1332.00;0.87;23687583_0;5.10;0.00;tripinfo_wu_as_to_kl.7;116.00;wu_as_to_kl.7;0;1207.92;1.03;0.00;9.31;car;;0;0.00
1449.00;28706217_0;94.10;9.14;1216.00;0.25;-230845886_0;5.10;0.00;tripinfo_wu_ba_to_sl.15;233.00;wu_ba_to_sl.15;0;1934.94;1.13;0.00;74.16;car;;3;38.00
1451.00;23156390_0;1121.44;9.37;1252.00;0.11;23687583_0;5.10;0.00;tripinfo_wu_as_to_br.7;199.00;wu_as_to_br.7;0;1694.48;0.88;0.00;25.09;car;;1;6.00
1451.00;45494495_0;58.90;10.02;1281.00;3.82;-230845886_0;5.10;0.00;tripinfo_wu_ba_to_os.21;170.00;wu_ba_to_os.21;0;1647.96;0.95;0.00;13.34;car;;0;0.00
1453.00;45494495_0;58.90;10.67;1284.00;6.16;-230845886_0;5.10;0.00;tripinfo_wu_ba_to_os.22;169.00;wu_ba_to_os.22;0;1647.96;0.99;0.00;17.16;car;;0;0.00
1454.00;23156390_0;1121.44;10.14;1268.00;0.76;23687583_0;5.10;0.00;tripinfo_wu_as_to_br.8;186.00;wu_as_to_br.8;0;1694.48;0.91;0.00;17.92;car;;0;0.00
1454.00;972103805_0;116.86;10.26;1284.00;0.94;-23142338#2_0;5.10;0.00;tripinfo_wu_ns_to_ko.38;170.00;wu_ns_to_ko.38;0;1398.55;0.94;0.00;35.73;car;;2;14.00
1455.00;23142338#2_0;290.21;9.51;1195.00;0.53;-230845886_0;5.10;0.00;tripinfo_wu_ba_to_ns.14;260.00;wu_ba_to_ns.14;0;2346.36;0.96;0.00;39.28;car;;1;16.00
1455.00;41899283#1_0;148.70;10.02;1267.00;0.70;-45494495_0;5.10;0.00;tripinfo_wu_os_to_as.8;188.00;wu_os_to_as.8;0;1746.47;0.99;0.00;27.93;car;;2;2.00
1457.00;41899283#1_0;148.70;11.25;1308.00;8.76;-230845886_0;5.10;0.00;tripinfo_wu_ba_to_as.23;149.00;wu_ba_to_as.23;0;1430.78;1.09;0.00;30.21;car;;0;0.00
1461.00;230845886_0;633.12;8.07;1163.00;1.08;-23142338#2_0;5.10;0.00;tripinfo_wu_ns_to_ba.4;298.00;wu_ns_to_ba.4;0;2340.42;0.82;0.00;43.70;car;;3;12.00
1461.00;41899283#1_0;148.70;9.63;1271.00;0.98;-45494495_0;5.10;0.00;tripinfo_wu_os_to_as.9;190.00;wu_os_to_as.9;0;1746.47;0.96;0.00;25.40;car;;1;3.00
1463.00;972103805_0;116.86;9.82;1171.00;0.27;-45494495_0;5.10;0.00;tripinfo_wu_os_to_ko.15;292.00;wu_os_to_ko.15;0;2045.29;0.97;0.00;89.13;car;;4;52.00
1465.00;972103805_0;116.86;9.91;1201.00;0.97;803785575#0_0;5.10;0.00;tripinfo_wu_od_to_ko.44;264.00;wu_od_to_ko.44;0;2307.67;0.96;0.00;35.78;car;;1;9.00
1466.00;23527526_0;253.75;9.72;1239.00;0.38;-23142338#2_0;5.10;0.00;tripinfo_wu_ns_to_gj.3;227.00;wu_ns_to_gj.3;0;2084.96;0.95;0.00;27.82;car;;1;4.00
1468.00;41899283#1_0;148.70;10.04;1209.00;2.09;803785575#0_0;5.10;0.00;tripinfo_wu_od_to_as.21;259.00;wu_od_to_as.21;0;2382.09;0.91;0.00;22.69;car;;0;0.00
1470.00;23156390_0;1121.44;11.82;1156.00;0.61;803785575#0_0;5.10;0.00;tripinfo_wu_od_to_br.18;314.00;wu_od_to_br.18;0;3149.31;1.11;0.00;55.12;car;;0;0.00
1475.00;23156030#6_0;109.07;10.95;1216.00;0.14;23687583_0;5.10;0.00;tripinfo_wu_as_to_od.14;259.00;wu_as_to_od.14;0;2357.31;1.03;0.00;52.92;car;;0;0.00
1476.00;972103805_0;116.86;9.73;1337.00;1.87;23687583_0;5.10;0.00;tripinfo_wu_as_to_ko.37;139.00;wu_as_to_ko.37;0;1102.39;0.94;0.00;32.84;car;;1;18.00
1478.00;972103805_0;116.86;9.99;1348.00;0.08;23687583_0;5.10;0.00;tripinfo_wu_as_to_ko.38;130.00;wu_as_to_ko.38;0;1102.39;0.99;0.00;29.09;car;;1;3.00
1481.00;23142338#2_0;290.21;10.62;1227.00;0.21;-230845886_0;5.10;0.00;tripinfo_wu_ba_to_ns.15;254.00;wu_ba_to_ns.15;0;2346.36;1.02;0.00;46.20;car;;1;12.00
1481.00;972103805_0;116.86;9.86;1356.00;0.70;23687583_0;5.10;0.00;tripinfo_wu_as_to_ko.39;125.00;wu_as_to_ko.39;0;1102.39;0.91;0.00;15.78;car;;0;0.00
1482.00;41899283#1_0;148.70;9.66;1216.00;0.40;803785575#0_0;5.10;0.00;tripinfo_wu_od_to_as.22;266.00;wu_od_to_as.22;0;2382.09;0.97;0.00;44.56;car;;2;8.00
1483.00;23142338#2_0;290.21;11.24;1230.00;0.48;-230845886_0;5.10;0.00;tripinfo_wu_ba_to_ns.16;253.00;wu_ba_to_ns.16;0;2346.36;1.10;0.00;59.83;car;;1;12.00
1483.00;41899283#1_0;148.70;11.16;1283.00;0.58;-45494495_0;5.10;0.00;tripinfo_wu_os_to_as.10;200.00;wu_os_to_as.10;0;1746.47;1.07;0.00;52.53;car;;3;13.00
1492.00;41899283#1_0;148.70;11.52;1289.00;4.46;-45494495_0;5.10;0.00;tripinfo_wu_os_to_as.11;203.00;wu_os_to_as.11;0;1746.47;1.06;0.00;54.12;car;;3;10.00
1495.00;23142338#2_0;290.21;11.03;1258.00;4.47;23687583_0;5.10;0.00;tripinfo_wu_as_to_ns.21;237.00;wu_as_to_ns.21;0;1995.73;1.00;0.00;54.58;car;;3;24.00
1495.00;28716808#1_0;754.74;8.91;1340.00;4.31;23687583_0;5.10;0.00;tripinfo_wu_as_to_kl.8;155.00;wu_as_to_kl.8;0;1207.92;0.82;0.00;20.76;car;;2;3.00
1496.00;23156305_0;1264.14;10.52;1087.00;0.38;803785575#0_0;5.10;0.00;tripinfo_wu_od_to_gg.15;409.00;wu_od_to_gg.15;0;3669.96;0.95;0.00;59.74;car;;1;8.00
1498.00;23527526_0;253.75;8.70;1165.00;2.10;803785575#0_0;5.10;0.00;tripinfo_wu_od_to_gj.8;333.00;wu_od_to_gj.8;0;2706.99;0.84;0.00;39.73;car;;1;8.00
1500.00;23156305_0;1264.14;13.15;1150.00;0.71;803785575#0_0;5.10;0.00;tripinfo_wu_od_to_gg.16;350.00;wu_od_to_gg.16;0;3669.96;1.22;0.00;76.38;car;;1;6.00
1500.00;41899283#1_0;148.70;10.34;1233.00;3.07;803785575#0_0;5.10;0.00;tripinfo_wu_od_to_as.23;267.00;wu_od_to_as.23;0;2382.09;0.99;0.00;49.81;car;;1;3.00
1500.00;23527526_0;253.75;9.84;1305.00;6.26;-230845886_0;5.10;0.00;tripinfo_wu_ba_to_gj.23;195.00;wu_ba_to_gj.23;0;1755.68;0.97;0.00;30.79;car;;0;0.00
1501.00;230845886_0;633.12;9.71;1236.00;5.71;803785575#0_0;5.10;0.00;tripinfo_wu_od_to_ba.23;265.00;wu_od_to_ba.23;0;2382.14;0.97;0.00;44.12;car;;1;1.00
1501.00;23156030#6_0;109.07;11.36;1264.00;7.43;23687583_0;5.10;0.00;tripinfo_wu_as_to_od.15;237.00;wu_as_to_od.15;0;2357.31;1.02;0.00;29.52;car;;1;2.00
1501.00;23527526_0;253.75;11.65;1314.00;4.34;-230845886_0;5.10;0.00;tripinfo_wu_ba_to_gj.24;187.00;wu_ba_to_gj.24;0;1755.68;1.19;0.00;53.52;car;;0;0.00
1503.00;972103805_0;116.86;11.73;1378.00;0.75;23687583_0;5.10;0.00;tripinfo_wu_as_to_ko.40;125.00;wu_as_to_ko.40;0;1102.39;1.09;0.00;33.71;car;;1;21.00
1506.00;45494495_0;58.90;11.93;1330.00;0.87;-230845886_0;5.10;0.00;tripinfo_wu_ba_to_os.23;176.00;wu_ba_to_os.23;0;1647.96;1.10;0.00;40.53;car;;0;0.00
1507.00;972103805_0;116.86;10.43;1394.00;0.34;23687583_0;5.10;0.00;tripinfo_wu_as_to_ko.41;113.00;wu_as_to_ko.41;0;1102.39;1.03;0.00;16.09;car;;1;1.00
1512.00;972103805_0;116.86;8.88;1252.00;0.27;-230845886_0;5.10;0.00;tripinfo_wu_ba_to_ko.45;260.00;wu_ba_to_ko.45;0;2114.29;0.90;0.00;47.24;car;;2;20.00
1513.00;28706217_0;94.10;6.24;1194.00;8.04;23687583_0;5.10;0.00;tripinfo_wu_as_to_sl.22;319.00;wu_as_to_sl.22;0;1976.75;0.77;0.00;81.36;car;;3;51.00
1514.00;972103805_0;116.86;10.85;1287.00;8.21;-230845886_0;5.10;0.00;tripinfo_wu_ba_to_ko.46;227.00;wu_ba_to_ko.46;0;2114.29;1.02;0.00;38.88;car;;2;7.00
1514.00;41899283#1_0;148.70;11.95;1378.00;0.12;-230845886_0;5.10;0.00;tripinfo_wu_ba_to_as.24;136.00;wu_ba_to_as.24;0;1430.78;1.10;0.00;17.99;car;;0;0.00
1515.00;28706217_0;94.10;8.31;1264.00;2.17;-230845886_0;5.10;0.00;tripinfo_wu_ba_to_sl.16;251.00;wu_ba_to_sl.16;0;1934.94;1.03;0.00;75.75;car;;2;43.00
1520.00;23156390_0;1121.44;11.53;1206.00;0.49;803785575#0_0;5.10;0.00;tripinfo_wu_od_to_br.19;314.00;wu_od_to_br.19;0;3149.31;1.08;0.00;48.29;car;;1;3.00
1521.00;23527526_0;253.75;10.01;1317.00;4.38;-230845886_0;5.10;0.00;tripinfo_wu_ba_to_gj.25;204.00;wu_ba_to_gj.25;0;1755.68;0.90;0.00;28.55;car;;1;1.00
1526.00;23156030#6_0;109.07;11.73;1296.00;4.95;-230845886_0;5.10;0.00;tripinfo_wu_ba_to_od.16;230.00;wu_ba_to_od.16;0;2315.50;1.14;0.00;45.77;car;;1;11.00
1527.00;230845886_0;633.12;9.49;1242.00;3.10;803785575#0_0;5.10;0.00;tripinfo_wu_od_to_ba.24;285.00;wu_od_to_ba.24;0;2382.14;0.88;0.00;39.90;car;;1;13.00
1527.00;23142338#2_0;290.21;10.17;1308.00;0.58;23687583_0;5.10;0.00;tripinfo_wu_as_to_ns.22;219.00;wu_as_to_ns.22;0;1995.73;0.95;0.00;28.49;car;;1;1.00
1529.00;230845886_0;633.12;10.47;1257.00;0.88;803785575#0_0;5.10;0.00;tripinfo_wu_od_to_ba.25;272.00;wu_od_to_ba.25;0;2382.14;0.96;0.00;48.38;car;;1;8.00
1536.00;28716808#1_0;754.74;12.10;1248.00;0.38;803785575#0_0;5.10;0.00;tripinfo_wu_od_to_kl.18;288.00;wu_od_to_kl.18;0;2678.40;1.10;0.00;67.46;car;;2;8.00
1537.00;972103805_0;116.86;8.77;1290.00;9.25;-230845886_0;5.10;0.00;tripinfo_wu_ba_to_ko.47;247.00;wu_ba_to_ko.47;0;2114.29;0.90;0.00;32.05;car;;1;5.00
1539.00;41899283#1_0;148.70;10.77;1292.00;4.86;803785575#0_0;5.10;0.00;tripinfo_wu_od_to_as.24;247.00;wu_od_to_as.24;0;2382.09;1.05;0.00;40.97;car;;1;9.00
1539.00;972103805_0;116.86;12.24;1320.00;6.21;-230845886_0;5.10;0.00;tripinfo_wu_ba_to_ko.48;219.00;wu_ba_to_ko.48;0;2114.29;1.15;0.00;51.42;car;;0;0.00
1540.00;23527526_0;253.75;10.63;1303.00;0.79;-45494495_0;5.10;0.00;tripinfo_wu_os_to_gj.6;237.00;wu_os_to_gj.6;0;2071.37;1.04;0.00;55.45;car;;1;3.00
1544.00;972103805_0;116.86;10.82;1393.00;0.24;-23142338#2_0;5.10;0.00;tripinfo_wu_ns_to_ko.39;151.00;wu_ns_to_ko.39;0;1398.55;0.98;0.00;21.60;car;;1;7.00
1548.00;23156390_0;1121.44;13.18;1230.00;0.87;803785575#0_0;5.10;0.00;tripinfo_wu_od_to_br.20;318.00;wu_od_to_br.20;0;3149.31;1.20;0.00;78.48;car;;3;13.00
1553.00;45494495_0;58.90;9.71;1452.00;3.58;803785575#0_0;5.10;0.00;tripinfo_wu_od_to_os.27;101.00;wu_od_to_os.27;0;969.96;0.96;0.00;8.80;car;;0;0.00
1555.00;28706217_0;94.10;8.43;1469.00;0.36;-45494495_0;5.10;0.00;tripinfo_wu_os_to_sl.8;86.00;wu_os_to_sl.8;0;484.95;1.01;0.00;37.02;car;;2;23.00
1556.00;41899283#1_0;148.70;9.88;1295.00;7.58;803785575#0_0;5.10;0.00;tripinfo_wu_od_to_as.25;261.00;wu_od_to_as.25;0;2382.09;0.90;0.00;21.81;car;;0;0.00
1558.00;28716808#1_0;754.74;10.45;1273.00;3.79;803785575#0_0;5.10;0.00;tripinfo_wu_od_to_kl.19;285.00;wu_od_to_kl.19;0;2678.40;0.95;0.00;30.39;car;;0;0.00
1559.00;23527526_0;253.75;9.00;1477.00;0.07;23687583_0;5.10;0.00;tripinfo_wu_as_to_gj.24;82.00;wu_as_to_gj.24;0;649.06;0.92;0.00;17.52;car;;1;5.00
1561.00;23156030#6_0;109.07;11.69;1301.00;2.76;-230845886_0;5.10;0.00;tripinfo_wu_ba_to_od.18;260.00;wu_ba_to_od.18;0;2315.50;1.09;0.00;68.05;car;;1;13.00
1562.00;23156030#6_1;109.07;12.41;1334.00;1.15;23687583_0;5.10;0.00;tripinfo_wu_as_to_od.16;228.00;wu_as_to_od.16;0;2357.31;1.17;0.00;45.21;car;;0;0.00
1567.00;972103805_0;116.86;9.68;1323.00;1.27;-230845886_0;5.10;0.00;tripinfo_wu_ba_to_ko.49;244.00;wu_ba_to_ko.49;0;2114.29;0.91;0.00;32.16;car;;0;0.00
1567.00;41899283#1_0;148.70;10.74;1403.00;1.67;-230845886_0;5.10;0.00;tripinfo_wu_ba_to_as.25;164.00;wu_ba_to_as.25;0;1430.78;1.07;0.00;42.30;car;;1;3.00
1570.00;23156030#6_0;109.07;9.57;1299.00;5.82;-230845886_0;5.10;0.00;tripinfo_wu_ba_to_od.17;271.00;wu_ba_to_od.17;0;2315.50;0.89;0.00;36.45;car;;1;13.00
1570.00;23156030#6_1;109.07;10.50;1480.00;0.05;-45494495_0;5.10;0.00;tripinfo_wu_os_to_od.13;90.00;wu_os_to_od.13;0;865.51;0.96;0.00;7.91;car;;0;0.00
1576.00;972103805_0;116.86;9.37;1280.00;0.92;803785575#0_0;5.10;0.00;tripinfo_wu_od_to_ko.45;296.00;wu_od_to_ko.45;0;2307.67;0.87;0.00;43.93;car;;2;11.00
1576.00;230845886_0;633.12;9.59;1373.00;0.32;-45494495_0;5.10;0.00;tripinfo_wu_os_to_ba.10;203.00;wu_os_to_ba.10;0;1746.52;0.88;0.00;23.84;car;;1;3.00
1578.00;23527526_0;253.75;9.43;1298.00;4.38;803785575#0_0;5.10;0.00;tripinfo_wu_od_to_gj.9;280.00;wu_od_to_gj.9;0;2706.99;0.95;0.00;22.83;car;;0;0.00
1578.00;230845886_0;633.12;10.62;1333.00;0.53;-23142338#2_0;5.10;0.00;tripinfo_wu_ns_to_ba.5;245.00;wu_ns_to_ba.5;0;2340.42;0.98;0.00;30.88;car;;1;6.00
1579.00;23156305_0;1264.14;9.32;1218.00;0.65;-45494495_0;5.10;0.00;tripinfo_wu_os_to_gg.5;361.00;wu_os_to_gg.5;0;3034.34;0.86;0.00;42.15;car;;1;2.00
1580.00;45494495_0;58.90;10.16;1482.00;5.82;803785575#0_0;5.10;0.00;tripinfo_wu_od_to_os.28;98.00;wu_od_to_os.28;0;969.96;0.99;0.00;9.10;car;;0;0.00
1581.00;23156305_0;1264.14;10.66;1184.00;0.51;803785575#0_0;5.10;0.00;tripinfo_wu_od_to_gg.17;397.00;wu_od_to_gg.17;0;3669.96;1.02;0.00;71.84;car;;0;0.00
1583.00;23156305_0;1264.14;10.69;1293.00;4.28;-230845886_0;5.10;0.00;tripinfo_wu_ba_to_gg.14;290.00;wu_ba_to_gg.14;0;2718.65;1.01;0.00;45.70;car;;1;3.00
1585.00;23156305_0;1264.14;11.75;1223.00;0.95;803785575#0_0;5.10;0.00;tripinfo_wu_od_to_gg.18;362.00;wu_od_to_gg.18;0;3669.96;1.12;0.00;65.39;car;;1;3.00
1586.00;28716808#1_0;754.74;9.77;1457.00;2.80;23687583_0;5.10;0.00;tripinfo_wu_as_to_kl.9;129.00;wu_as_to_kl.9;0;1207.92;0.93;0.00;10.66;car;;0;0.00
1587.00;23156390_0;1121.44;9.23;1255.00;0.93;-23142338#2_0;5.10;0.00;tripinfo_wu_ns_to_br.2;332.00;wu_ns_to_br.2;0;2792.05;0.93;0.00;60.49;car;;2;24.00
1587.00;41899283#1_0;148.70;8.47;1410.00;0.57;-230845886_0;5.10;0.00;tripinfo_wu_ba_to_as.26;177.00;wu_ba_to_as.26;0;1430.78;0.84;0.00;22.08;car;;1;3.00
1589.00;23156390_0;1121.44;11.62;1239.00;1.07;803785575#0_0;5.10;0.00;tripinfo_wu_od_to_br.21;350.00;wu_od_to_br.21;0;3149.31;1.08;0.00;86.27;car;;2;10.00
1590.00;23527526_0;253.75;9.72;1520.00;0.32;23687583_0;5.10;0.00;tripinfo_wu_as_to_gj.25;70.00;wu_as_to_gj.25;0;649.06;0.99;0.00;9.89;car;;0;0.00
1593.00;972103805_0;116.86;10.20;1474.00;0.93;23687583_0;5.10;0.00;tripinfo_wu_as_to_ko.42;119.00;wu_as_to_ko.42;0;1102.39;1.03;0.00;21.55;car;;1;8.00
1596.00;23156030#6_0;109.07;9.78;1357.00;0.68;-230845886_0;5.10;0.00;tripinfo_wu_ba_to_od.20;239.00;wu_ba_to_od.20;0;2315.50;1.00;0.00;29.00;car;;1;7.00
1597.00;23527526_0;253.75;10.97;1400.00;3.67;-230845886_0;5.10;0.00;tripinfo_wu_ba_to_gj.26;197.00;wu_ba_to_gj.26;0;1755.68;1.09;0.00;50.76;car;;1;6.00
1599.00;41899283#1_0;148.70;8.52;1337.00;0.07;-23142338#2_0;5.10;0.00;tripinfo_wu_ns_to_as.6;262.00;wu_ns_to_as.6;0;2009.37;0.83;0.00;42.62;car;;1;13.00
1600.00;23156030#6_0;109.07;9.77;1372.00;0.90;-230845886_0;5.10;0.00;tripinfo_wu_ba_to_od.21;228.00;wu_ba_to_od.21;0;2315.50;0.99;0.00;17.27;car;;0;0.00
1605.00;23156030#6_0;109.07;8.32;1311.00;2.67;-230845886_0;5.10;0.00;tripinfo_wu_ba_to_od.19;294.00;wu_ba_to_od.19;0;2315.50;0.83;0.00;41.72;car;;1;17.00
1606.00;972103805_0;116.86;9.37;1304.00;0.85;803785575#0_0;5.10;0.00;tripinfo_wu_od_to_ko.46;302.00;wu_od_to_ko.46;0;2307.67;0.87;0.00;49.03;car;;2;15.00
1608.00;972103805_0;116.86;12.32;1447.00;0.64;-23142338#2_0;5.10;0.00;tripinfo_wu_ns_to_ko.40;161.00;wu_ns_to_ko.40;0;1398.55;1.23;0.00;57.67;car;;2;18.00
1608.00;23527526_0;253.75;10.15;1536.00;0.24;23687583_0;5.10;0.00;tripinfo_wu_as_to_gj.26;72.00;wu_as_to_gj.26;0;649.06;1.00;0.00;12.47;car;;0;0.00
1610.00;23156390_0;1121.44;10.71;1438.00;0.73;23687583_0;5.10;0.00;tripinfo_wu_as_to_br.9;172.00;wu_as_to_br.9;0;1694.48;1.03;0.00;23.89;car;;1;9.00
1610.00;972103805_0;116.86;10.59;1457.00;0.06;-23142338#2_0;5.10;0.00;tripinfo_wu_ns_to_ko.41;153.00;wu_ns_to_ko.41;0;1398.55;1.00;0.00;25.88;car;;1;6.00
1612.00;23156390_0;1121.44;10.75;1354.00;0.07;-45494495_0;5.10;0.00;tripinfo_wu_os_to_br.4;258.00;wu_os_to_br.4;0;2513.69;1.04;0.00;38.76;car;;1;5.00
1612.00;972103805_0;116.86;10.12;1362.00;2.09;803785575#0_0;5.10;0.00;tripinfo_wu_od_to_ko.47;250.00;wu_od_to_ko.47;0;2307.67;1.02;0.00;35.31;car;;1;5.00
1614.00;972103805_0;116.86;10.31;1366.00;1.90;803785575#0_0;5.10;0.00;tripinfo_wu_od_to_ko.48;248.00;wu_od_to_ko.48;0;2307.67;0.97;0.00;23.18;car;;0;0.00
1616.00;23142338#2_0;290.21;9.35;1383.00;0.13;23687583_0;5.10;0.00;tripinfo_wu_as_to_ns.23;233.00;wu_as_to_ns.23;0;1995.73;0.95;0.00;41.41;car;;1;16.00
1623.00;972103805_0;116.86;12.08;1397.00;0.80;-230845886_0;5.10;0.00;tripinfo_wu_ba_to_ko.50;226.00;wu_ba_to_ko.50;0;2114.29;1.14;0.00;58.01;car;;1;5.00
1623.00;23156030#6_0;109.07;10.94;1527.00;0.80;-45494495_0;5.10;0.00;tripinfo_wu_os_to_od.15;96.00;wu_os_to_od.15;0;865.51;1.06;0.00;21.48;car;;1;7.00
1626.00;23156305_0;1264.14;9.59;1337.00;0.13;-230845886_0;5.10;0.00;tripinfo_wu_ba_to_gg.15;289.00;wu_ba_to_gg.15;0;2718.65;0.95;0.00;28.20;car;;0;0.00
1626.00;45494495_0;58.90;7.35;1383.00;0.40;-230845886_0;5.10;0.00;tripinfo_wu_ba_to_os.24;243.00;wu_ba_to_os.24;0;1647.96;0.68;0.00;22.22;car;;0;0.00
1627.00;23156030#6_1;109.07;12.10;1412.00;0.16;-23142338#2_0;5.10;0.00;tripinfo_wu_ns_to_od.3;215.00;wu_ns_to_od.3;0;2005.01;1.09;0.00;37.90;car;;1;9.00
1628.00;28716808#1_0;754.74;8.91;1313.00;0.53;803785575#0_0;5.10;0.00;tripinfo_wu_od_to_kl.20;315.00;wu_od_to_kl.20;0;2678.40;0.84;0.00;25.50;car;;0;0.00
1628.00;41899283#1_0;148.70;11.49;1404.00;0.56;803785575#0_0;5.10;0.00;tripinfo_wu_od_to_as.26;224.00;wu_od_to_as.26;0;2382.09;1.11;0.00;29.27;car;;1;3.00
1628.00;45494495_0;58.90;10.55;1411.00;0.27;23687583_0;5.10;0.00;tripinfo_wu_as_to_os.24;217.00;wu_as_to_os.24;0;1689.77;0.97;0.00;59.32;car;;1;2.00
1630.00;23156390_0;1121.44;10.15;1289.00;4.54;803785575#0_0;5.10;0.00;tripinfo_wu_od_to_br.22;341.00;wu_od_to_br.22;0;3149.31;0.93;0.00;32.54;car;;0;0.00
1630.00;41899283#1_0;148.70;11.95;1495.00;0.89;-230845886_0;5.10;0.00;tripinfo_wu_ba_to_as.27;135.00;wu_ba_to_as.27;0;1430.78;1.10;0.00;17.10;car;;0;0.00
1633.00;23156305_0;1264.14;9.90;1226.00;3.00;803785575#0_0;5.10;0.00;tripinfo_wu_od_to_gg.19;407.00;wu_od_to_gg.19;0;3669.96;0.95;0.00;55.32;car;;2;5.00
1635.00;23156305_0;1264.14;12.72;1267.00;0.14;803785575#0_0;5.10;0.00;tripinfo_wu_od_to_gg.20;368.00;wu_od_to_gg.20;0;3669.96;1.22;0.00;93.99;car;;1;11.00
1636.00;23156030#6_0;109.07;8.27;1518.00;0.35;-45494495_0;5.10;0.00;tripinfo_wu_os_to_od.14;118.00;wu_os_to_od.14;0;865.51;0.82;0.00;22.44;car;;1;10.00
1637.00;230845886_0;633.12;9.68;1373.00;0.18;-23142338#2_0;5.10;0.00;tripinfo_wu_ns_to_ba.6;264.00;wu_ns_to_ba.6;0;2340.42;0.92;0.00;35.92;car;;1;15.00
1640.00;230845886_0;633.12;12.57;1497.00;0.06;23687583_0;5.10;0.00;tripinfo_wu_as_to_ba.19;143.00;wu_as_to_ba.19;0;1356.50;1.14;0.00;35.49;car;;1;4.00
1642.00;972103805_0;116.86;9.92;1367.00;0.32;-45494495_0;5.10;0.00;tripinfo_wu_os_to_ko.16;275.00;wu_os_to_ko.16;0;2045.29;0.96;0.00;71.92;car;;3;40.00
1646.00;23156030#6_0;109.07;7.99;1537.00;0.87;-45494495_0;5.10;0.00;tripinfo_wu_os_to_od.16;109.00;wu_os_to_od.16;0;865.51;0.79;0.00;9.87;car;;0;0.00
1648.00;972103805_0;116.86;9.97;1375.00;0.30;803785575#0_0;5.10;0.00;tripinfo_wu_od_to_ko.49;273.00;wu_od_to_ko.49;0;2307.67;0.93;0.00;36.08;car;;1;10.00
1649.00;28716808#1_0;754.74;12.85;1359.00;0.18;803785575#0_0;5.10;0.00;tripinfo_wu_od_to_kl.21;290.00;wu_od_to_kl.21;0;2678.40;1.24;0.00;94.10;car;;4;17.00
1651.00;972103805_0;116.86;9.59;1378.00;3.19;803785575#0_0;5.10;0.00;tripinfo_wu_od_to_ko.50;273.00;wu_od_to_ko.50;0;2307.67;0.93;0.00;38.56;car;;1;8.00
1652.00;41899283#1_0;148.70;10.48;1407.00;1.05;-23142338#2_0;5.10;0.00;tripinfo_wu_ns_to_as.7;245.00;wu_ns_to_as.7;0;2009.37;0.97;0.00;57.29;car;;2;30.00
1655.00;23527526_0;253.75;8.58;1428.00;0.68;-230845886_0;5.10;0.00;tripinfo_wu_ba_to_gj.27;227.00;wu_ba_to_gj.27;0;1755.68;0.78;0.00;22.45;car;;0;0.00
1657.00;23156305_0;1264.14;10.10;1270.00;1.79;803785575#0_0;5.10;0.00;tripinfo_wu_od_to_gg.21;387.00;wu_od_to_gg.21;0;3669.96;0.98;0.00;47.33;car;;0;0.00
1657.00;23527526_0;253.75;9.23;1437.00;0.72;-230845886_0;5.10;0.00;tripinfo_wu_ba_to_gj.28;220.00;wu_ba_to_gj.28;0;1755.68;0.88;0.00;38.93;car;;1;1.00
1658.00;972103805_0;116.86;8.92;1524.00;0.19;23687583_0;5.10;0.00;tripinfo_wu_as_to_ko.43;134.00;wu_as_to_ko.43;0;1102.39;0.86;0.00;18.70;car;;1;3.00
1659.00;23527526_0;253.75;7.69;1571.00;0.73;23687583_0;5.10;0.00;tripinfo_wu_as_to_gj.27;88.00;wu_as_to_gj.27;0;649.06;0.80;0.00;14.07;car;;0;0.00
1660.00;972103805_0;116.86;9.79;1532.00;0.55;23687583_0;5.10;0.00;tripinfo_wu_as_to_ko.44;128.00;wu_as_to_ko.44;0;1102.39;0.88;0.00;15.24;car;;0;0.00
1661.00;23527526_0;253.75;11.52;1584.00;0.10;23687583_0;5.10;0.00;tripinfo_wu_as_to_gj.28;77.00;wu_as_to_gj.28;0;649.06;1.13;0.00;24.29;car;;0;0.00
1662.00;972103805_0;116.86;10.83;1542.00;2.50;23687583_0;5.10;0.00;tripinfo_wu_as_to_ko.45;120.00;wu_as_to_ko.45;0;1102.39;1.05;0.00;24.99;car;;0;0.00
1664.00;972103805_0;116.86;11.09;1414.00;2.16;-230845886_0;5.10;0.00;tripinfo_wu_ba_to_ko.51;250.00;wu_ba_to_ko.51;0;2114.29;1.02;0.00;61.32;car;;3;13.00
1664.00;41899283#1_0;148.70;9.78;1413.00;0.84;803785575#0_0;5.10;0.00;tripinfo_wu_od_to_as.27;251.00;wu_od_to_as.27;0;2382.09;0.99;0.00;33.73;car;;1;7.00
1666.00;972103805_0;116.86;10.00;1392.00;0.10;803785575#0_0;5.10;0.00;tripinfo_wu_od_to_ko.51;274.00;wu_od_to_ko.51;0;2307.67;0.95;0.00;44.21;car;;1;7.00
1666.00;45494495_0;58.90;11.80;1577.00;0.61;803785575#0_0;5.10;0.00;tripinfo_wu_od_to_os.29;89.00;wu_od_to_os.29;0;969.96;1.10;0.00;8.95;car;;0;0.00
1667.00;23527526_0;253.75;11.14;1593.00;0.22;23687583_0;5.10;0.00;tripinfo_wu_as_to_gj.29;74.00;wu_as_to_gj.29;0;649.06;1.00;0.00;14.35;car;;1;2.00
1668.00;28706217_0;94.10;6.27;1581.00;0.23;-45494495_0;5.10;0.00;tripinfo_wu_os_to_sl.9;87.00;wu_os_to_sl.9;0;484.95;0.88;0.00;31.16;car;;2;17.00
1669.00;230845886_0;633.12;10.76;1527.00;0.81;23687583_0;5.10;0.00;tripinfo_wu_as_to_ba.20;142.00;wu_as_to_ba.20;0;1356.50;1.03;0.00;22.61;car;;1;6.00
1670.00;28706217_0;94.10;7.36;1397.00;2.35;23687583_0;5.10;0.00;tripinfo_wu_as_to_sl.24;273.00;wu_as_to_sl.24;0;1976.75;0.98;0.00;85.67;car;;2;12.00
1672.00;28706217_0;94.10;8.01;1465.00;0.26;-23142338#2_0;5.10;0.00;tripinfo_wu_ns_to_sl.1;207.00;wu_ns_to_sl.1;0;1619.36;1.11;0.00;59.25;car;;3;30.00
1677.00;972103805_0;116.86;9.47;1400.00;0.86;803785575#0_0;5.10;0.00;tripinfo_wu_od_to_ko.52;277.00;wu_od_to_ko.52;0;2307.67;0.92;0.00;39.01;car;;1;13.00
1680.00;972103805_0;116.86;9.40;1408.00;0.21;803785575#0_0;5.10;0.00;tripinfo_wu_od_to_ko.53;272.00;wu_od_to_ko.53;0;2307.67;0.94;0.00;39.54;car;;1;9.00
1682.00;972103805_0;116.86;10.50;1439.00;0.16;803785575#0_0;5.10;0.00;tripinfo_wu_od_to_ko.54;243.00;wu_od_to_ko.54;0;2307.67;1.04;0.00;31.49;car;;0;0.00
1685.00;972103805_0;116.86;10.12;1545.00;0.97;23687583_0;5.10;0.00;tripinfo_wu_as_to_ko.46;140.00;wu_as_to_ko.46;0;1102.39;0.98;0.00;38.00;car;;2;22.00
1686.00;23527526_0;253.75;8.33;1596.00;0.32;23687583_0;5.10;0.00;tripinfo_wu_as_to_gj.30;90.00;wu_as_to_gj.30;0;649.06;0.76;0.00;11.30;car;;0;0.00
1687.00;23156390_0;1121.44;9.96;1321.00;0.46;803785575#0_0;5.10;0.00;tripinfo_wu_od_to_br.23;366.00;wu_od_to_br.23;0;3149.31;1.00;0.00;81.01;car;;2;16.00
1687.00;23527526_0;253.75;9.30;1621.00;0.99;23687583_0;5.10;0.00;tripinfo_wu_as_to_gj.31;66.00;wu_as_to_gj.31;0;649.06;1.09;0.00;11.66;car;;0;0.00
1689.00;23156390_0;1121.44;10.56;1337.00;0.57;803785575#0_0;5.10;0.00;tripinfo_wu_od_to_br.24;352.00;wu_od_to_br.24;0;3149.31;1.05;0.00;78.82;car;;2;14.00
1690.00;23527526_0;253.75;11.40;1427.00;0.45;803785575#0_0;5.10;0.00;tripinfo_wu_od_to_gj.10;263.00;wu_od_to_gj.10;0;2706.99;1.11;0.00;41.34;car;;1;2.00
1691.00;28706217_0;94.10;5.18;1345.00;5.15;23687583_0;5.10;0.00;tripinfo_wu_as_to_sl.23;346.00;wu_as_to_sl.23;0;1976.75;0.64;0.00;57.66;car;;3;17.00
1692.00;972103805_0;116.86;10.56;1538.00;0.42;-23142338#2_0;5.10;0.00;tripinfo_wu_ns_to_ko.42;154.00;wu_ns_to_ko.42;0;1398.55;1.06;0.00;34.73;car;;2;12.00
1693.00;28706217_0;94.10;8.88;1400.00;3.91;23687583_0;5.10;0.00;tripinfo_wu_as_to_sl.25;293.00;wu_as_to_sl.25;0;1976.75;1.11;0.00;127.58;car;;2;20.00
1695.00;28706217_0;94.10;8.24;1455.00;0.38;-230845886_0;5.10;0.00;tripinfo_wu_ba_to_sl.17;240.00;wu_ba_to_sl.17;0;1934.94;1.10;0.00;76.44;car;;1;18.00
1697.00;28706217_0;94.10;7.76;1416.00;3.95;23687583_0;5.10;0.00;tripinfo_wu_as_to_sl.26;281.00;wu_as_to_sl.26;0;1976.75;1.09;0.00;112.21;car;;5;23.00
1698.00;23156390_0;1121.44;9.70;1340.00;1.88;803785575#0_0;5.10;0.00;tripinfo_wu_od_to_br.25;358.00;wu_od_to_br.25;0;3149.31;0.95;0.00;57.11;car;;2;12.00
1702.00;45494495_0;58.90;10.18;1500.00;1.16;23687583_0;5.10;0.00;tripinfo_wu_as_to_os.26;202.00;wu_as_to_os.26;0;1689.77;0.93;0.00;38.46;car;;1;5.00
1707.00;45494495_0;58.90;8.83;1483.00;0.79;23687583_0;5.10;0.00;tripinfo_wu_as_to_os.25;224.00;wu_as_to_os.25;0;1689.77;0.80;0.00;32.80;car;;1;6.00
1708.00;230845886_0;633.12;10.85;1581.00;0.86;23687583_0;5.10;0.00;tripinfo_wu_as_to_ba.21;127.00;wu_as_to_ba.21;0;1356.50;1.06;0.00;11.55;car;;0;0.00
1709.00;45494495_0;58.90;10.84;1511.00;0.19;23687583_0;5.10;0.00;tripinfo_wu_as_to_os.27;198.00;wu_as_to_os.27;0;1689.77;1.07;0.00;55.55;car;;0;0.00
1710.00;45494495_0;58.90;11.99;1517.00;0.88;23687583_0;5.10;0.00;tripinfo_wu_as_to_os.28;193.00;wu_as_to_os.28;0;1689.77;1.09;0.00;53.55;car;;0;0.00
1712.00;45494495_0;58.90;11.01;1521.00;0.22;-230845886_0;5.10;0.00;tripinfo_wu_ba_to_os.25;191.00;wu_ba_to_os.25;0;1647.96;1.09;0.00;54.11;car;;1;8.00
1716.00;23142338#2_0;290.21;8.75;1448.00;0.82;23687583_0;5.10;0.00;tripinfo_wu_as_to_ns.24;268.00;wu_as_to_ns.24;0;1995.73;0.82;0.00;46.64;car;;2;17.00
1716.00;972103805_0;116.86;11.37;1501.00;1.90;-230845886_0;5.10;0.00;tripinfo_wu_ba_to_ko.52;215.00;wu_ba_to_ko.52;0;2114.29;1.11;0.00;42.16;car;;1;16.00
1718.00;23142338#2_0;290.21;11.51;1461.00;4.72;23687583_0;5.10;0.00;tripinfo_wu_as_to_ns.25;257.00;wu_as_to_ns.25;0;1995.73;1.07;0.00;86.15;car;;2;15.00
1718.00;45494495_0;58.90;10.14;1537.00;0.41;-230845886_0;5.10;0.00;tripinfo_wu_ba_to_os.26;181.00;wu_ba_to_os.26;0;1647.96;0.93;0.00;19.91;car;;1;2.00
1730.00;972103805_0;116.86;10.42;1465.00;0.12;803785575#0_0;5.10;0.00;tripinfo_wu_od_to_ko.55;265.00;wu_od_to_ko.55;0;2307.67;0.99;0.00;42.04;car;;1;17.00
1730.00;45494495_0;58.90;10.34;1567.00;1.58;23687583_0;5.10;0.00;tripinfo_wu_as_to_os.29;163.00;wu_as_to_os.29;0;1689.77;1.03;0.00;14.22;car;;0;0.00
1732.00;972103805_0;116.86;12.02;1470.00;0.18;803785575#0_0;5.10;0.00;tripinfo_wu_od_to_ko.56;262.00;wu_od_to_ko.56;0;2307.67;1.08;0.00;59.07;car;;2;17.00
1732.00;23527526_0;253.75;8.68;1532.00;0.98;-230845886_0;5.10;0.00;tripinfo_wu_ba_to_gj.29;200.00;wu_ba_to_gj.29;0;1755.68;0.89;0.00;20.68;car;;0;0.00
1732.00;45494495_0;58.90;11.65;1579.00;0.65;-230845886_0;5.10;0.00;tripinfo_wu_ba_to_os.27;153.00;wu_ba_to_os.27;0;1647.96;1.16;0.00;24.21;car;;0;0.00
1733.00;41899283#1_0;148.70;11.57;1473.00;2.90;803785575#0_0;5.10;0.00;tripinfo_wu_od_to_as.29;260.00;wu_od_to_as.29;0;2382.09;1.08;0.00;60.27;car;;0;0.00
1734.00;23156305_0;1264.14;10.90;1343.00;4.42;803785575#0_0;5.10;0.00;tripinfo_wu_od_to_gg.22;391.00;wu_od_to_gg.22;0;3669.96;1.01;0.00;61.01;car;;2;5.00
1734.00;972103805_0;116.86;11.66;1476.00;3.83;803785575#0_0;5.10;0.00;tripinfo_wu_od_to_ko.57;258.00;wu_od_to_ko.57;0;2307.67;1.14;0.00;64.92;car;;1;16.00
1736.00;23156305_0;1264.14;12.24;1447.00;0.45;-45494495_0;5.10;0.00;tripinfo_wu_os_to_gg.6;289.00;wu_os_to_gg.6;0;3034.34;1.21;0.00;61.50;car;;0;0.00
1743.00;972103805_0;116.86;12.10;1630.00;1.02;23687583_0;5.10;0.00;tripinfo_wu_as_to_ko.47;113.00;wu_as_to_ko.47;0;1102.39;1.11;0.00;23.12;car;;2;8.00
1744.00;41899283#1_0;148.70;12.26;1594.00;0.86;-230845886_0;5.10;0.00;tripinfo_wu_ba_to_as.28;150.00;wu_ba_to_as.28;0;1430.78;1.18;0.00;39.77;car;;1;1.00
1746.00;28706217_0;94.10;7.60;1464.00;6.34;23687583_0;5.10;0.00;tripinfo_wu_as_to_sl.27;282.00;wu_as_to_sl.27;0;1976.75;0.98;0.00;95.46;car;;4;60.00
1748.00;28706217_0;94.10;8.60;1470.00;0.25;23687583_0;5.10;0.00;tripinfo_wu_as_to_sl.28;278.00;wu_as_to_sl.28;0;1976.75;1.09;0.00;110.09;car;;4;52.00
1748.00;972103805_0;116.86;9.29;1504.00;4.36;-230845886_0;5.10;0.00;tripinfo_wu_ba_to_ko.53;244.00;wu_ba_to_ko.53;0;2114.29;0.92;0.00;36.13;car;;2;5.00
1750.00;972103805_0;116.86;10.06;1515.00;0.86;-230845886_0;5.10;0.00;tripinfo_wu_ba_to_ko.54;235.00;wu_ba_to_ko.54;0;2114.29;0.98;0.00;39.23;car;;1;9.00
1751.00;23156030#6_0;109.07;9.84;1649.00;0.95;-45494495_0;5.10;0.00;tripinfo_wu_os_to_od.17;102.00;wu_os_to_od.17;0;865.51;0.89;0.00;13.68;car;;1;2.00
1752.00;45494495_0;58.90;12.67;1671.00;1.44;803785575#0_0;5.10;0.00;tripinfo_wu_od_to_os.30;81.00;wu_od_to_os.30;0;969.96;1.21;0.00;7.84;car;;0;0.00
1755.00;23527526_0;253.75;8.74;1678.00;0.89;23687583_0;5.10;0.00;tripinfo_wu_as_to_gj.32;77.00;wu_as_to_gj.32;0;649.06;0.88;0.00;9.32;car;;0;0.00
1756.00;23527526_0;253.75;11.07;1561.00;0.30;-230845886_0;5.10;0.00;tripinfo_wu_ba_to_gj.30;195.00;wu_ba_to_gj.30;0;1755.68;1.14;0.00;56.09;car;;1;1.00
1759.00;28706217_0;94.10;6.61;1510.00;0.78;-23142338#2_0;5.10;0.00;tripinfo_wu_ns_to_sl.2;249.00;wu_ns_to_sl.2;0;1619.36;0.91;0.00;69.90;car;;2;44.00
1764.00;972103805_0;116.86;9.81;1479.00;3.06;803785575#0_0;5.10;0.00;tripinfo_wu_od_to_ko.58;285.00;wu_od_to_ko.58;0;2307.67;0.95;0.00;54.77;car;;2;24.00
1765.00;41899283#1_0;148.70;7.62;1449.00;0.67;803785575#0_0;5.10;0.00;tripinfo_wu_od_to_as.28;316.00;wu_od_to_as.28;0;2382.09;0.77;0.00;34.97;car;;1;5.00
1765.00;972103805_0;116.86;10.95;1498.00;0.51;803785575#0_0;5.10;0.00;tripinfo_wu_od_to_ko.59;267.00;wu_od_to_ko.59;0;2307.67;1.04;0.00;56.38;car;;1;19.00
1767.00;230845886_0;633.12;9.55;1519.00;1.04;803785575#0_0;5.10;0.00;tripinfo_wu_od_to_ba.26;248.00;wu_od_to_ba.26;0;2382.14;0.96;0.00;22.50;car;;0;0.00
1769.00;28706217_0;94.10;9.49;1673.00;0.50;-45494495_0;5.10;0.00;tripinfo_wu_os_to_sl.10;96.00;wu_os_to_sl.10;0;484.95;1.14;0.00;53.21;car;;1;41.00
1771.00;23156030#6_0;109.07;9.88;1539.00;3.16;23687583_0;5.10;0.00;tripinfo_wu_as_to_od.17;232.00;wu_as_to_od.17;0;2357.31;1.00;0.00;19.61;car;;0;0.00
1777.00;23527526_0;253.75;11.29;1711.00;5.19;23687583_0;5.10;0.00;tripinfo_wu_as_to_gj.33;66.00;wu_as_to_gj.33;0;649.06;1.11;0.00;12.75;car;;0;0.00
1781.00;972103805_0;116.86;9.53;1654.00;0.77;23687583_0;5.10;0.00;tripinfo_wu_as_to_ko.48;127.00;wu_as_to_ko.48;0;1102.39;0.91;0.00;18.14;car;;1;1.00
1783.00;230845886_0;633.12;9.96;1542.00;0.60;803785575#0_0;5.10;0.00;tripinfo_wu_od_to_ba.27;241.00;wu_od_to_ba.27;0;2382.14;1.01;0.00;26.93;car;;0;0.00
1784.00;230845886_0;633.12;12.48;1562.00;1.81;803785575#0_0;5.10;0.00;tripinfo_wu_od_to_ba.28;222.00;wu_od_to_ba.28;0;2382.14;1.29;0.00;49.98;car;;0;0.00
1787.00;45494495_0;58.90;9.36;1599.00;1.21;23687583_0;5.10;0.00;tripinfo_wu_as_to_os.30;188.00;wu_as_to_os.30;0;1689.77;0.91;0.00;20.44;car;;0;0.00
1788.00;23156305_0;1264.14;10.64;1418.00;0.69;803785575#0_0;5.10;0.00;tripinfo_wu_od_to_gg.23;370.00;wu_od_to_gg.23;0;3669.96;0.99;0.00;34.25;car;;1;1.00
1789.00;41899283#1_0;148.70;11.22;1559.00;0.76;803785575#0_0;5.10;0.00;tripinfo_wu_od_to_as.30;230.00;wu_od_to_as.30;0;2382.09;1.12;0.00;37.32;car;;1;1.00
1790.00;23156305_0;1264.14;12.48;1424.00;0.84;803785575#0_0;5.10;0.00;tripinfo_wu_od_to_gg.24;366.00;wu_od_to_gg.24;0;3669.96;1.13;0.00;72.31;car;;0;0.00
1791.00;28716808#1_0;754.74;10.42;1516.00;3.21;803785575#0_0;5.10;0.00;tripinfo_wu_od_to_kl.22;275.00;wu_od_to_kl.22;0;2678.40;0.95;0.00;20.93;car;;0;0.00
1792.00;23156305_0;1264.14;12.95;1432.00;0.57;803785575#0_0;5.10;0.00;tripinfo_wu_od_to_gg.25;360.00;wu_od_to_gg.25;0;3669.96;1.18;0.00;76.99;car;;0;0.00
1792.00;23527526_0;253.75;9.43;1715.00;5.43;23687583_0;5.10;0.00;tripinfo_wu_as_to_gj.34;77.00;wu_as_to_gj.34;0;649.06;0.87;0.00;8.43;car;;0;0.00
1796.00;230845886_0;633.12;12.34;1642.00;0.65;-45494495_0;5.10;0.00;tripinfo_wu_os_to_ba.11;154.00;wu_os_to_ba.11;0;1746.52;1.16;0.00;18.33;car;;1;1.00
1799.00;972103805_0;116.86;9.66;1513.00;0.82;803785575#0_0;5.10;0.00;tripinfo_wu_od_to_ko.60;286.00;wu_od_to_ko.60;0;2307.67;0.91;0.00;44.74;car;;1;15.00
1799.00;23527526_0;253.75;9.28;1599.00;0.35;-230845886_0;5.10;0.00;tripinfo_wu_ba_to_gj.31;200.00;wu_ba_to_gj.31;0;1755.68;0.90;0.00;21.99;car;;0;0.00
1807.00;28706217_0;94.10;7.68;1582.00;3.16;-230845886_0;5.10;0.00;tripinfo_wu_ba_to_sl.18;225.00;wu_ba_to_sl.18;0;1934.94;0.98;0.00;41.56;car;;1;18.00
1808.00;972103805_0;116.86;8.95;1661.00;0.85;23687583_0;5.10;0.00;tripinfo_wu_as_to_ko.49;147.00;wu_as_to_ko.49;0;1102.39;0.87;0.00;32.06;car;;1;13.00
1811.00;41899283#1_0;148.70;10.94;1656.00;1.05;-230845886_0;5.10;0.00;tripinfo_wu_ba_to_as.29;155.00;wu_ba_to_as.29;0;1430.78;1.02;0.00;27.40;car;;1;8.00
1811.00;23527526_0;253.75;10.62;1747.00;3.86;23687583_0;5.10;0.00;tripinfo_wu_as_to_gj.35;64.00;wu_as_to_gj.35;0;649.06;1.05;0.00;7.96;car;;0;0.00
1814.00;972103805_0;116.86;11.11;1522.00;3.33;803785575#0_0;5.10;0.00;tripinfo_wu_od_to_ko.61;292.00;wu_od_to_ko.61;0;2307.67;1.00;0.00;72.83;car;;2;22.00
1817.00;23527526_0;253.75;10.20;1594.00;0.38;-23142338#2_0;5.10;0.00;tripinfo_wu_ns_to_gj.4;223.00;wu_ns_to_gj.4;0;2084.96;1.02;0.00;38.41;car;;2;13.00
1821.00;28716808#1_0;754.74;10.75;1601.00;0.77;-45494495_0;5.10;0.00;tripinfo_wu_os_to_kl.7;220.00;wu_os_to_kl.7;0;2042.78;0.97;0.00;29.26;car;;1;4.00
1821.00;23527526_0;253.75;11.22;1610.00;0.67;-23142338#2_0;5.10;0.00;tripinfo_wu_ns_to_gj.5;211.00;wu_ns_to_gj.5;0;2084.96;1.01;0.00;24.22;car;;1;2.00
1823.00;28706217_0;94.10;8.16;1747.00;0.44;803785575#0_0;5.10;0.00;tripinfo_wu_od_to_sl.1;76.00;wu_od_to_sl.1;0;747.33;1.04;0.00;6.52;car;;0;0.00
1826.00;23142338#2_0;290.21;10.40;1602.00;2.66;23687583_0;5.10;0.00;tripinfo_wu_as_to_ns.26;224.00;wu_as_to_ns.26;0;1995.73;0.97;0.00;36.63;car;;1;11.00
1829.00;41899283#1_0;148.70;10.47;1605.00;0.34;-23142338#2_0;5.10;0.00;tripinfo_wu_ns_to_as.8;224.00;wu_ns_to_as.8;0;2009.37;1.00;0.00;42.14;car;;1;17.00
1836.00;23156390_0;1121.44;11.57;1587.00;0.11;-23142338#2_0;5.10;0.00;tripinfo_wu_ns_to_br.3;249.00;wu_ns_to_br.3;0;2792.05;1.12;0.00;21.81;car;;0;0.00
1839.00;972103805_0;116.86;8.48;1540.00;0.58;-230845886_0;5.10;0.00;tripinfo_wu_ba_to_ko.55;299.00;wu_ba_to_ko.55;0;2114.29;0.77;0.00;48.34;car;;2;15.00
1840.00;230845886_0;633.12;9.12;1573.00;0.87;803785575#0_0;5.10;0.00;tripinfo_wu_od_to_ba.29;267.00;wu_od_to_ba.29;0;2382.14;0.89;0.00;23.88;car;;0;0.00
1844.00;41899283#1_0;148.70;11.61;1691.00;0.98;-230845886_0;5.10;0.00;tripinfo_wu_ba_to_as.30;153.00;wu_ba_to_as.30;0;1430.78;1.09;0.00;33.78;car;;1;4.00
1847.00;41899283#1_0;148.70;12.35;1701.00;0.97;-230845886_0;5.10;0.00;tripinfo_wu_ba_to_as.31;146.00;wu_ba_to_as.31;0;1430.78;1.12;0.00;29.85;car;;1;3.00
1848.00;45494495_0;58.90;9.67;1735.00;0.64;803785575#0_0;5.10;0.00;tripinfo_wu_od_to_os.31;113.00;wu_od_to_os.31;0;969.96;0.94;0.00;19.04;car;;1;6.00
1850.00;23156305_0;1264.14;10.22;1547.00;0.17;-230845886_0;5.10;0.00;tripinfo_wu_ba_to_gg.17;303.00;wu_ba_to_gg.17;0;2718.65;0.98;0.00;50.82;car;;1;6.00
1853.00;23527526_0;253.75;10.19;1784.00;1.85;23687583_0;5.10;0.00;tripinfo_wu_as_to_gj.36;69.00;wu_as_to_gj.36;0;649.06;0.96;0.00;6.94;car;;0;0.00
1854.00;28706217_0;94.10;6.46;1621.00;0.34;-23142338#2_0;5.10;0.00;tripinfo_wu_ns_to_sl.3;233.00;wu_ns_to_sl.3;0;1619.36;0.90;0.00;50.40;car;;3;17.00
1854.00;41899283#1_0;148.70;11.49;1712.00;0.90;-230845886_0;5.10;0.00;tripinfo_wu_ba_to_as.32;142.00;wu_ba_to_as.32;0;1430.78;1.08;0.00;21.36;car;;0;0.00
1856.00;45494495_0;58.90;10.96;1764.00;1.19;803785575#0_0;5.10;0.00;tripinfo_wu_od_to_os.32;92.00;wu_od_to_os.32;0;969.96;1.05;0.00;8.38;car;;0;0.00
1859.00;23156305_0;1264.14;10.01;1543.00;1.24;-230845886_0;5.10;0.00;tripinfo_wu_ba_to_gg.16;316.00;wu_ba_to_gg.16;0;2718.65;0.95;0.00;56.37;car;;1;8.00
1859.00;41899283#1_0;148.70;10.14;1624.00;0.51;-23142338#2_0;5.10;0.00;tripinfo_wu_ns_to_as.9;235.00;wu_ns_to_as.9;0;2009.37;1.02;0.00;55.54;car;;2;17.00
1859.00;45494495_0;58.90;11.52;1768.00;0.65;803785575#0_0;5.10;0.00;tripinfo_wu_od_to_os.33;91.00;wu_od_to_os.33;0;969.96;1.04;0.00;7.04;car;;0;0.00
1865.00;23156305_0;1264.14;12.08;1584.00;0.83;-45494495_0;5.10;0.00;tripinfo_wu_os_to_gg.7;281.00;wu_os_to_gg.7;0;3034.34;1.20;0.00;50.19;car;;0;0.00
1866.00;28706217_0;94.10;7.58;1633.00;3.13;23687583_0;5.10;0.00;tripinfo_wu_as_to_sl.29;233.00;wu_as_to_sl.29;0;1976.75;0.92;0.00;32.68;car;;1;10.00
1868.00;972103805_0;116.86;8.36;1585.00;0.87;-230845886_0;5.10;0.00;tripinfo_wu_ba_to_ko.56;283.00;wu_ba_to_ko.56;0;2114.29;0.82;0.00;47.20;car;;1;16.00
1868.00;28706217_0;94.10;8.06;1636.00;0.89;23687583_0;5.10;0.00;tripinfo_wu_as_to_sl.30;232.00;wu_as_to_sl.30;0;1976.75;0.97;0.00;43.56;car;;1;10.00
1868.00;23142338#2_0;290.21;12.88;1653.00;0.43;-230845886_0;5.10;0.00;tripinfo_wu_ba_to_ns.17;215.00;wu_ba_to_ns.17;0;2346.36;1.20;0.00;37.57;car;;1;3.00
1868.00;23527526_0;253.75;9.77;1795.00;3.52;23687583_0;5.10;0.00;tripinfo_wu_as_to_gj.37;73.00;wu_as_to_gj.37;0;649.06;0.92;0.00;9.10;car;;0;0.00
1870.00;972103805_0;116.86;9.24;1589.00;0.26;-230845886_0;5.10;0.00;tripinfo_wu_ba_to_ko.57;281.00;wu_ba_to_ko.57;0;2114.29;0.94;0.00;76.32;car;;1;15.00
1872.00;972103805_0;116.86;11.68;1633.00;0.36;-230845886_0;5.10;0.00;tripinfo_wu_ba_to_ko.58;239.00;wu_ba_to_ko.58;0;2114.29;1.07;0.00;57.80;car;;2;25.00
1873.00;41899283#1_0;148.70;9.55;1632.00;0.04;803785575#0_0;5.10;0.00;tripinfo_wu_od_to_as.31;241.00;wu_od_to_as.31;0;2382.09;0.97;0.00;18.81;car;;0;0.00
1876.00;972103805_0;116.86;9.26;1567.00;0.97;803785575#0_0;5.10;0.00;tripinfo_wu_od_to_ko.62;309.00;wu_od_to_ko.62;0;2307.67;0.84;0.00;48.94;car;;2;17.00
1876.00;28706217_0;94.10;8.28;1796.00;0.22;-45494495_0;5.10;0.00;tripinfo_wu_os_to_sl.11;80.00;wu_os_to_sl.11;0;484.95;1.06;0.00;33.41;car;;2;9.00
1878.00;972103805_0;116.86;10.70;1603.00;1.44;803785575#0_0;5.10;0.00;tripinfo_wu_od_to_ko.63;275.00;wu_od_to_ko.63;0;2307.67;1.03;0.00;62.46;car;;2;10.00
1882.00;23527526_0;253.75;8.73;1679.00;0.46;-230845886_0;5.10;0.00;tripinfo_wu_ba_to_gj.32;203.00;wu_ba_to_gj.32;0;1755.68;0.90;0.00;25.30;car;;1;5.00
1884.00;23156390_0;1121.44;11.13;1645.00;2.65;-45494495_0;5.10;0.00;tripinfo_wu_os_to_br.5;239.00;wu_os_to_br.5;0;2513.69;1.07;0.00;25.03;car;;1;1.00
1884.00;23527526_0;253.75;10.62;1682.00;2.17;-230845886_0;5.10;0.00;tripinfo_wu_ba_to_gj.33;202.00;wu_ba_to_gj.33;0;1755.68;1.07;0.00;52.69;car;;1;9.00
1885.00;23527526_0;253.75;11.01;1704.00;1.71;-230845886_0;5.10;0.00;tripinfo_wu_ba_to_gj.34;181.00;wu_ba_to_gj.34;0;1755.68;1.06;0.00;31.46;car;;1;3.00
1891.00;45494495_0;58.90;11.37;1740.00;0.86;-230845886_0;5.10;0.00;tripinfo_wu_ba_to_os.28;151.00;wu_ba_to_os.28;0;1647.96;1.13;0.00;19.26;car;;0;0.00
1893.00;41899283#1_0;148.70;9.77;1664.00;0.38;-23142338#2_0;5.10;0.00;tripinfo_wu_ns_to_as.10;229.00;wu_ns_to_as.10;0;2009.37;0.96;0.00;37.19;car;;1;13.00
1895.00;28706217_0;94.10;7.14;1637.00;0.44;-230845886_0;5.10;0.00;tripinfo_wu_ba_to_sl.19;258.00;wu_ba_to_sl.19;0;1934.94;0.93;0.00;64.12;car;;3;28.00
1895.00;972103805_0;116.86;9.85;1641.00;0.74;-230845886_0;5.10;0.00;tripinfo_wu_ba_to_ko.59;254.00;wu_ba_to_ko.59;0;2114.29;0.98;0.00;57.28;car;;2;22.00
1897.00;28706217_0;94.10;8.59;1657.00;1.83;23687583_0;5.10;0.00;tripinfo_wu_as_to_sl.31;240.00;wu_as_to_sl.31;0;1976.75;1.04;0.00;64.35;car;;3;25.00
1897.00;972103805_0;116.86;11.27;1662.00;0.04;-230845886_0;5.10;0.00;tripinfo_wu_ba_to_ko.60;235.00;wu_ba_to_ko.60;0;2114.29;1.09;0.00;58.02;car;;2;24.00
1898.00;230845886_0;633.12;11.28;1721.00;0.23;-45494495_0;5.10;0.00;tripinfo_wu_os_to_ba.12;177.00;wu_os_to_ba.12;0;1746.52;1.03;0.00;22.58;car;;1;1.00
1899.00;972103805_0;116.86;10.73;1665.00;0.98;-230845886_0;5.10;0.00;tripinfo_wu_ba_to_ko.61;234.00;wu_ba_to_ko.61;0;2114.29;1.06;0.00;53.03;car;;2;23.00
1899.00;45494495_0;58.90;10.00;1734.00;0.51;23687583_0;5.10;0.00;tripinfo_wu_as_to_os.31;165.00;wu_as_to_os.31;0;1689.77;1.00;0.00;12.01;car;;0;0.00
1903.00;23527526_0;253.75;10.14;1708.00;1.92;-230845886_0;5.10;0.00;tripinfo_wu_ba_to_gj.35;195.00;wu_ba_to_gj.35;0;1755.68;0.98;0.00;32.56;car;;1;10.00
1906.00;28716808#1_0;754.74;8.86;1655.00;3.58;-45494495_0;5.10;0.00;tripinfo_wu_os_to_kl.8;251.00;wu_os_to_kl.8;0;2042.78;0.90;0.00;44.87;car;;2;21.00
1909.00;23156305_0;1264.14;9.52;1525.00;0.74;-23142338#2_0;5.10;0.00;tripinfo_wu_ns_to_gg.4;384.00;wu_ns_to_gg.4;0;3297.24;0.94;0.00;66.44;car;;2;27.00
1911.00;23527526_0;253.75;10.23;1683.00;0.48;-23142338#2_0;5.10;0.00;tripinfo_wu_ns_to_gj.6;228.00;wu_ns_to_gj.6;0;2084.96;1.01;0.00;40.93;car;;2;13.00
1911.00;23142338#2_0;290.21;10.26;1685.00;0.80;803785575#0_0;5.10;0.00;tripinfo_wu_od_to_ns.10;226.00;wu_od_to_ns.10;0;1928.29;0.93;0.00;26.49;car;;1;1.00
1912.00;972103805_0;116.86;10.43;1649.00;0.40;803785575#0_0;5.10;0.00;tripinfo_wu_od_to_ko.64;263.00;wu_od_to_ko.64;0;2307.67;0.96;0.00;35.53;car;;1;10.00
1914.00;972103805_0;116.86;10.96;1662.00;0.86;803785575#0_0;5.10;0.00;tripinfo_wu_od_to_ko.65;252.00;wu_od_to_ko.65;0;2307.67;1.02;0.00;36.56;car;;1;7.00
1914.00;41899283#1_0;148.70;10.67;1776.00;0.87;-230845886_0;5.10;0.00;tripinfo_wu_ba_to_as.33;138.00;wu_ba_to_as.33;0;1430.78;1.05;0.00;13.89;car;;0;0.00
1917.00;23156305_0;1264.14;9.88;1535.00;0.70;803785575#0_0;5.10;0.00;tripinfo_wu_od_to_gg.26;382.00;wu_od_to_gg.26;0;3669.96;0.95;0.00;32.02;car;;0;0.00
1920.00;45494495_0;58.90;10.88;1823.00;0.93;803785575#0_0;5.10;0.00;tripinfo_wu_od_to_os.34;97.00;wu_od_to_os.34;0;969.96;1.00;0.00;8.78;car;;0;0.00
1922.00;28706217_0;94.10;7.78;1818.00;0.67;-45494495_0;5.10;0.00;tripinfo_wu_os_to_sl.12;104.00;wu_os_to_sl.12;0;484.95;1.04;0.00;56.72;car;;2;40.00
1924.00;972103805_0;116.86;10.69;1688.00;3.88;-230845886_0;5.10;0.00;tripinfo_wu_ba_to_ko.62;236.00;wu_ba_to_ko.62;0;2114.29;1.07;0.00;56.47;car;;2;14.00
1925.00;23156390_0;1121.44;9.84;1652.00;1.27;-45494495_0;5.10;0.00;tripinfo_wu_os_to_br.6;273.00;wu_os_to_br.6;0;2513.69;0.98;0.00;39.74;car;;2;5.00
1930.00;23156305_0;1264.14;9.26;1587.00;1.35;-45494495_0;5.10;0.00;tripinfo_wu_os_to_gg.8;343.00;wu_os_to_gg.8;0;3034.34;0.90;0.00;37.71;car;;1;1.00
1930.00;41899283#1_0;148.70;11.61;1787.00;0.91;-230845886_0;5.10;0.00;tripinfo_wu_ba_to_as.34;143.00;wu_ba_to_as.34;0;1430.78;1.11;0.00;26.21;car;;1;5.00
1932.00;28706217_0;94.10;7.73;1681.00;3.38;23687583_0;5.10;0.00;tripinfo_wu_as_to_sl.32;251.00;wu_as_to_sl.32;0;1976.75;1.05;0.00;75.47;car;;4;38.00
1932.00;41899283#1_0;148.70;10.89;1753.00;0.35;-45494495_0;5.10;0.00;tripinfo_wu_os_to_as.12;179.00;wu_os_to_as.12;0;1746.47;1.07;0.00;31.89;car;;2;5.00
1934.00;41899283#1_0;148.70;12.79;1764.00;0.79;-45494495_0;5.10;0.00;tripinfo_wu_os_to_as.13;170.00;wu_os_to_as.13;0;1746.47;1.19;0.00;36.94;car;;0;0.00
1935.00;28706217_0;94.10;7.26;1684.00;4.79;23687583_0;5.10;0.00;tripinfo_wu_as_to_sl.33;251.00;wu_as_to_sl.33;0;1976.75;1.00;0.00;67.60;car;;2;23.00
1941.00;23527526_0;253.75;8.90;1743.00;3.74;-230845886_0;5.10;0.00;tripinfo_wu_ba_to_gj.36;198.00;wu_ba_to_gj.36;0;1755.68;0.89;0.00;19.83;car;;0;0.00
1944.00;230845886_0;633.12;10.43;1701.00;0.15;803785575#0_0;5.10;0.00;tripinfo_wu_od_to_ba.30;243.00;wu_od_to_ba.30;0;2382.14;0.96;0.00;18.48;car;;0;0.00
1944.00;23527526_0;253.75;10.54;1767.00;0.68;-230845886_0;5.10;0.00;tripinfo_wu_ba_to_gj.37;177.00;wu_ba_to_gj.37;0;1755.68;1.02;0.00;20.24;car;;0;0.00
1946.00;23527526_0;253.75;11.10;1779.00;1.49;-230845886_0;5.10;0.00;tripinfo_wu_ba_to_gj.38;167.00;wu_ba_to_gj.38;0;1755.68;1.11;0.00;23.13;car;;0;0.00
1949.00;45494495_0;58.90;9.37;1759.00;0.48;-230845886_0;5.10;0.00;tripinfo_wu_ba_to_os.29;190.00;wu_ba_to_os.29;0;1647.96;0.86;0.00;15.24;car;;0;0.00
1950.00;23142338#2_0;290.21;9.21;1708.00;3.71;23687583_0;5.10;0.00;tripinfo_wu_as_to_ns.27;242.00;wu_as_to_ns.27;0;1995.73;0.90;0.00;40.96;car;;3;10.00
1953.00;45494495_0;58.90;11.17;1781.00;0.80;-23142338#2_0;5.10;0.00;tripinfo_wu_ns_to_os.3;172.00;wu_ns_to_os.3;0;1865.82;1.12;0.00;21.40;car;;0;0.00
1953.00;41899283#1_0;148.70;12.37;1816.00;3.79;-230845886_0;5.10;0.00;tripinfo_wu_ba_to_as.35;137.00;wu_ba_to_as.35;0;1430.78;1.16;0.00;24.87;car;;0;0.00
1954.00;23142338#2_0;290.21;12.76;1784.00;0.97;-45494495_0;5.10;0.00;tripinfo_wu_os_to_ns.4;170.00;wu_os_to_ns.4;0;1665.91;1.27;0.00;40.03;car;;2;15.00
1957.00;972103805_0;116.86;9.68;1817.00;0.07;23687583_0;5.10;0.00;tripinfo_wu_as_to_ko.50;140.00;wu_as_to_ko.50;0;1102.39;0.91;0.00;30.24;car;;2;12.00
1959.00;28706217_0;94.10;9.26;1702.00;0.68;23687583_0;5.10;0.00;tripinfo_wu_as_to_sl.34;257.00;wu_as_to_sl.34;0;1976.75;1.17;0.00;100.58;car;;4;47.00
1961.00;23156030#6_1;109.07;10.87;1715.00;1.84;-230845886_0;5.10;0.00;tripinfo_wu_ba_to_od.23;246.00;wu_ba_to_od.23;0;2315.50;1.01;0.00;37.63;car;;1;6.00
1964.00;23156030#6_0;109.07;9.60;1685.00;2.70;-230845886_0;5.10;0.00;tripinfo_wu_ba_to_od.22;279.00;wu_ba_to_od.22;0;2315.50;0.89;0.00;43.47;car;;2;11.00
1966.00;972103805_0;116.86;9.52;1658.00;3.44;-45494495_0;5.10;0.00;tripinfo_wu_os_to_ko.17;308.00;wu_os_to_ko.17;0;2045.29;0.86;0.00;81.34;car;;3;47.00
1967.00;972103805_0;116.86;10.02;1668.00;0.63;803785575#0_0;5.10;0.00;tripinfo_wu_od_to_ko.66;299.00;wu_od_to_ko.66;0;2307.67;0.91;0.00;57.50;car;;2;16.00
1971.00;972103805_0;116.86;7.83;1787.00;0.46;-23142338#2_0;5.10;0.00;tripinfo_wu_ns_to_ko.43;184.00;wu_ns_to_ko.43;0;1398.55;0.82;0.00;29.36;car;;1;11.00
1972.00;972103805_0;116.86;10.90;1801.00;0.74;-23142338#2_0;5.10;0.00;tripinfo_wu_ns_to_ko.44;171.00;wu_ns_to_ko.44;0;1398.55;1.21;0.00;66.77;car;;1;10.00
1973.00;23156030#6_0;109.07;7.89;1848.00;0.30;-45494495_0;5.10;0.00;tripinfo_wu_os_to_od.18;125.00;wu_os_to_od.18;0;865.51;0.75;0.00;20.14;car;;1;7.00
1974.00;972103805_0;116.86;10.48;1725.00;0.43;-45494495_0;5.10;0.00;tripinfo_wu_os_to_ko.18;249.00;wu_os_to_ko.18;0;2045.29;1.00;0.00;52.72;car;;2;18.00
1975.00;28706217_0;94.10;8.04;1705.00;0.97;23687583_0;5.10;0.00;tripinfo_wu_as_to_sl.35;270.00;wu_as_to_sl.35;0;1976.75;1.00;0.00;86.40;car;;4;42.00
1976.00;23142338#2_0;290.21;9.51;1763.00;0.79;23687583_0;5.10;0.00;tripinfo_wu_as_to_ns.28;213.00;wu_as_to_ns.28;0;1995.73;0.97;0.00;25.35;car;;0;0.00
1976.00;23527526_0;253.75;10.82;1907.00;0.56;23687583_0;5.10;0.00;tripinfo_wu_as_to_gj.38;69.00;wu_as_to_gj.38;0;649.06;0.98;0.00;8.39;car;;0;0.00
1978.00;41899283#1_0;148.70;12.63;1743.00;0.39;-23142338#2_0;5.10;0.00;tripinfo_wu_ns_to_as.11;235.00;wu_ns_to_as.11;0;2009.37;1.17;0.00;78.30;car;;2;30.00
1978.00;23142338#2_0;290.21;11.41;1789.00;4.55;23687583_0;5.10;0.00;tripinfo_wu_as_to_ns.29;189.00;wu_as_to_ns.29;0;1995.73;1.07;0.00;18.13;car;;0;0.00
1978.00;45494495_0;58.90;9.05;1873.00;0.84;803785575#0_0;5.10;0.00;tripinfo_wu_od_to_os.35;105.00;wu_od_to_os.35;0;969.96;0.91;0.00;7.95;car;;0;0.00
1983.00;230845886_0;633.12;11.48;1831.00;0.20;23687583_0;5.10;0.00;tripinfo_wu_as_to_ba.22;152.00;wu_as_to_ba.22;0;1356.50;1.05;0.00;36.18;car;;2;7.00
1984.00;45494495_0;58.90;11.34;1829.00;0.72;-230845886_0;5.10;0.00;tripinfo_wu_ba_to_os.30;155.00;wu_ba_to_os.30;0;1647.96;1.11;0.00;20.84;car;;0;0.00
1985.00;23156030#6_0;109.07;9.54;1723.00;0.26;23687583_0;5.10;0.00;tripinfo_wu_as_to_od.18;262.00;wu_as_to_od.18;0;2357.31;0.97;0.00;43.33;car;;1;19.00
1987.00;28706217_0;94.10;7.30;1737.00;2.39;23687583_0;5.10;0.00;tripinfo_wu_as_to_sl.36;250.00;wu_as_to_sl.36;0;1976.75;0.90;0.00;45.56;car;;2;17.00
1988.00;972103805_0;116.86;8.91;1820.00;3.04;23687583_0;5.10;0.00;tripinfo_wu_as_to_ko.51;168.00;wu_as_to_ko.51;0;1102.39;0.88;0.00;53.82;car;;3;33.00
1993.00;972103805_0;116.86;7.48;1826.00;3.81;23687583_0;5.10;0.00;tripinfo_wu_as_to_ko.52;167.00;wu_as_to_ko.52;0;1102.39;0.77;0.00;38.02;car;;3;13.00
1995.00;972103805_0;116.86;10.70;1839.00;2.87;23687583_0;5.10;0.00;tripinfo_wu_as_to_ko.53;156.00;wu_as_to_ko.53;0;1102.39;0.99;0.00;55.06;car;;3;12.00
1995.00;28716808#1_0;754.74;10.10;1842.00;1.25;23687583_0;5.10;0.00;tripinfo_wu_as_to_kl.10;153.00;wu_as_to_kl.10;0;1207.92;0.93;0.00;35.01;car;;2;6.00
1996.00;41899283#1_0;148.70;10.22;1850.00;0.45;-230845886_0;5.10;0.00;tripinfo_wu_ba_to_as.36;146.00;wu_ba_to_as.36;0;1430.78;1.01;0.00;17.20;car;;0;0.00
2000.00;972103805_0;116.86;10.25;1740.00;0.04;803785575#0_0;5.10;0.00;tripinfo_wu_od_to_ko.67;260.00;wu_od_to_ko.67;0;2307.67;0.99;0.00;37.52;car;;1;13.00
2000.00;41899283#1_0;148.70;9.77;1812.00;0.39;-45494495_0;5.10;0.00;tripinfo_wu_os_to_as.14;188.00;wu_os_to_as.14;0;1746.47;0.95;0.00;21.52;car;;1;1.00
2003.00;230845886_0;633.12;9.49;1750.00;0.93;803785575#0_0;5.10;0.00;tripinfo_wu_od_to_ba.31;253.00;wu_od_to_ba.31;0;2382.14;0.92;0.00;19.94;car;;0;0.00
2013.00;23156030#6_1;109.07;10.96;1744.00;0.96;23687583_0;5.10;0.00;tripinfo_wu_as_to_od.20;269.00;wu_as_to_od.20;0;2357.31;1.02;0.00;60.99;car;;1;15.00
2014.00;23156030#6_0;109.07;10.65;1740.00;2.40;23687583_0;5.10;0.00;tripinfo_wu_as_to_od.19;274.00;wu_as_to_od.19;0;2357.31;0.98;0.00;55.65;car;;2;17.00
2015.00;23156305_0;1264.14;9.96;1600.00;0.47;803785575#0_0;5.10;0.00;tripinfo_wu_od_to_gg.27;415.00;wu_od_to_gg.27;0;3669.96;0.92;0.00;53.80;car;;2;14.00
2016.00;23156030#6_1;109.07;10.61;1792.00;6.29;23687583_0;5.10;0.00;tripinfo_wu_as_to_od.22;224.00;wu_as_to_od.22;0;2357.31;1.05;0.00;20.65;car;;0;0.00
2017.00;23156030#6_0;109.07;10.88;1781.00;0.42;23687583_0;5.10;0.00;tripinfo_wu_as_to_od.21;236.00;wu_as_to_od.21;0;2357.31;0.98;0.00;19.96;car;;0;0.00
2017.00;230845886_0;633.12;9.10;1836.00;0.90;23687583_0;5.10;0.00;tripinfo_wu_as_to_ba.23;181.00;wu_as_to_ba.23;0;1356.50;0.85;0.00;36.50;car;;2;12.00
2019.00;28706217_0;94.10;9.51;1813.00;2.48;-230845886_0;5.10;0.00;tripinfo_wu_ba_to_sl.20;206.00;wu_ba_to_sl.20;0;1934.94;1.20;0.00;56.60;car;;0;0.00
2019.00;230845886_0;633.12;9.50;1850.00;8.44;23687583_0;5.10;0.00;tripinfo_wu_as_to_ba.24;169.00;wu_as_to_ba.24;0;1356.50;0.93;0.00;36.73;car;;2;2.00
2019.00;41899283#1_0;148.70;11.41;1844.00;1.79;-45494495_0;5.10;0.00;tripinfo_wu_os_to_as.15;175.00;wu_os_to_as.15;0;1746.47;1.05;0.00;24.38;car;;1;1.00
2021.00;230845886_0;633.12;11.44;1876.00;0.57;23687583_0;5.10;0.00;tripinfo_wu_as_to_ba.25;145.00;wu_as_to_ba.25;0;1356.50;1.06;0.00;29.41;car;;0;0.00
2021.00;41899283#1_0;148.70;11.32;1880.00;1.91;-230845886_0;5.10;0.00;tripinfo_wu_ba_to_as.37;141.00;wu_ba_to_as.37;0;1430.78;1.11;0.00;24.39;car;;1;1.00
2025.00;45494495_0;58.90;9.92;1823.00;2.40;23687583_0;5.10;0.00;tripinfo_wu_as_to_os.32;202.00;wu_as_to_os.32;0;1689.77;0.94;0.00;39.92;car;;2;13.00
2034.00;23156305_0;1264.14;9.67;1652.00;0.39;803785575#0_0;5.10;0.00;tripinfo_wu_od_to_gg.28;382.00;wu_od_to_gg.28;0;3669.96;0.96;0.00;35.84;car;;1;1.00
2034.00;45494495_0;58.90;10.26;1865.00;0.32;-230845886_0;5.10;0.00;tripinfo_wu_ba_to_os.31;169.00;wu_ba_to_os.31;0;1647.96;0.97;0.00;14.22;car;;0;0.00
2035.00;23527526_0;253.75;9.64;1841.00;0.19;-230845886_0;5.10;0.00;tripinfo_wu_ba_to_gj.39;194.00;wu_ba_to_gj.39;0;1755.68;0.89;0.00;15.65;car;;0;0.00
2037.00;45494495_0;58.90;9.85;1928.00;4.49;803785575#0_0;5.10;0.00;tripinfo_wu_od_to_os.36;109.00;wu_od_to_os.36;0;969.96;0.89;0.00;9.55;car;;0;0.00
2041.00;230845886_0;633.12;11.86;1812.00;0.20;803785575#0_0;5.10;0.00;tripinfo_wu_od_to_ba.32;229.00;wu_od_to_ba.32;0;2382.14;1.07;0.00;27.50;car;;0;0.00
2041.00;23156305_0;1264.14;10.36;1868.00;0.99;23687583_0;5.10;0.00;tripinfo_wu_as_to_gg.10;173.00;wu_as_to_gg.10;0;1600.87;0.94;0.00;19.52;car;;0;0.00
2044.00;41899283#1_0;148.70;12.79;1871.00;0.67;-45494495_0;5.10;0.00;tripinfo_wu_os_to_as.16;173.00;wu_os_to_as.16;0;1746.47;1.16;0.00;35.90;car;;0;0.00
2045.00;972103805_0;116.86;9.15;1810.00;0.23;-230845886_0;5.10;0.00;tripinfo_wu_ba_to_ko.63;235.00;wu_ba_to_ko.63;0;2114.29;0.90;0.00;20.51;car;;0;0.00
2051.00;23156305_0;1264.14;10.25;1689.00;0.23;-23142338#2_0;5.10;0.00;tripinfo_wu_ns_to_gg.5;362.00;wu_ns_to_gg.5;0;3297.24;0.98;0.00;56.36;car;;2;18.00
2052.00;23156030#6_0;109.07;8.52;1939.00;0.00;-45494495_0;5.10;0.00;tripinfo_wu_os_to_od.19;113.00;wu_os_to_od.19;0;865.51;0.88;0.00;23.72;car;;1;11.00
2053.00;23156305_0;1264.14;11.55;1760.00;0.58;-45494495_0;5.10;0.00;tripinfo_wu_os_to_gg.9;293.00;wu_os_to_gg.9;0;3034.34;1.09;0.00;39.10;car;;0;0.00
2054.00;23156305_0;1264.14;12.10;1709.00;0.42;803785575#0_0;5.10;0.00;tripinfo_wu_od_to_gg.29;345.00;wu_od_to_gg.29;0;3669.96;1.17;0.00;60.30;car;;0;0.00
2057.00;23156390_0;1121.44;10.21;1821.00;0.37;-230845886_0;5.10;0.00;tripinfo_wu_ba_to_br.2;236.00;wu_ba_to_br.2;0;2198.00;0.92;0.00;19.25;car;;0;0.00
2062.00;28706217_0;94.10;6.33;1973.00;0.05;803785575#0_0;5.10;0.00;tripinfo_wu_od_to_sl.2;89.00;wu_od_to_sl.2;0;747.33;0.89;0.00;7.40;car;;0;0.00
2063.00;45494495_0;58.90;10.78;1898.00;0.42;23687583_0;5.10;0.00;tripinfo_wu_as_to_os.33;165.00;wu_as_to_os.33;0;1689.77;1.03;0.00;16.56;car;;0;0.00
2064.00;23527526_0;253.75;9.99;1996.00;0.43;23687583_0;5.10;0.00;tripinfo_wu_as_to_gj.39;68.00;wu_as_to_gj.39;0;649.06;0.97;0.00;7.15;car;;0;0.00
2066.00;23142338#2_0;290.21;11.73;1847.00;5.53;23687583_0;5.10;0.00;tripinfo_wu_as_to_ns.30;219.00;wu_as_to_ns.30;0;1995.73;1.08;0.00;50.96;car;;3;6.00
2066.00;45494495_0;58.90;10.77;1904.00;0.11;-230845886_0;5.10;0.00;tripinfo_wu_ba_to_os.32;162.00;wu_ba_to_os.32;0;1647.96;1.06;0.00;21.05;car;;1;3.00
2073.00;45494495_0;58.90;9.84;1966.00;0.01;803785575#0_0;5.10;0.00;tripinfo_wu_od_to_os.37;107.00;wu_od_to_os.37;0;969.96;0.90;0.00;9.29;car;;0;0.00
2075.00;45494495_0;58.90;12.30;1989.00;4.30;803785575#0_0;5.10;0.00;tripinfo_wu_od_to_os.38;86.00;wu_od_to_os.38;0;969.96;1.15;0.00;9.60;car;;0;0.00
2077.00;972103805_0;116.86;10.44;1968.00;0.10;23687583_0;5.10;0.00;tripinfo_wu_as_to_ko.54;109.00;wu_as_to_ko.54;0;1102.39;1.00;0.00;9.70;car;;0;0.00
2080.00;23156030#6_0;109.07;9.30;1804.00;0.02;-230845886_0;5.10;0.00;tripinfo_wu_ba_to_od.24;276.00;wu_ba_to_od.24;0;2315.50;0.90;0.00;41.99;car;;1;20.00
2084.00;41899283#1_0;148.70;9.94;1826.00;1.87;803785575#0_0;5.10;0.00;tripinfo_wu_od_to_as.32;258.00;wu_od_to_as.32;0;2382.09;0.92;0.00;23.21;car;;0;0.00
2085.00;972103805_0;116.86;11.39;1835.00;0.54;803785575#0_0;5.10;0.00;tripinfo_wu_od_to_ko.68;250.00;wu_od_to_ko.68;0;2307.67;1.04;0.00;39.55;car;;1;15.00
2086.00;23156390_0;1121.44;11.85;1925.00;0.92;23687583_0;5.10;0.00;tripinfo_wu_as_to_br.10;161.00;wu_as_to_br.10;0;1694.48;1.08;0.00;18.68;car;;1;1.00
2088.00;23156390_0;1121.44;11.31;1851.00;2.52;-45494495_0;5.10;0.00;tripinfo_wu_os_to_br.7;237.00;wu_os_to_br.7;0;2513.69;1.10;0.00;27.72;car;;0;0.00
2088.00;23527526_0;253.75;10.01;2021.00;3.53;23687583_0;5.10;0.00;tripinfo_in_as_to_gj.0;67.00;in_as_to_gj.0;0;649.06;0.99;0.00;7.13;car;;0;0.00
2089.00;972103805_0;116.86;11.06;1850.00;0.33;803785575#0_0;5.10;0.00;tripinfo_wu_od_to_ko.69;239.00;wu_od_to_ko.69;0;2307.67;1.03;0.00;24.58;car;;0;0.00
2091.00;41899283#1_0;148.70;10.77;1932.00;0.98;-230845886_0;5.10;0.00;tripinfo_wu_ba_to_as.38;159.00;wu_ba_to_as.38;0;1430.78;1.05;0.00;35.18;car;;0;0.00
2093.00;28716808#1_0;754.74;8.37;1785.00;0.83;803785575#0_0;5.10;0.00;tripinfo_wu_od_to_kl.23;308.00;wu_od_to_kl.23;0;2678.40;0.86;0.00;27.48;car;;1;1.00
2094.00;23527526_0;253.75;12.16;2030.00;3.62;23687583_0;5.10;0.00;tripinfo_in_as_to_gj.1;64.00;in_as_to_gj.1;0;649.06;1.10;0.00;9.27;car;;0;0.00
2095.00;23142338#2_0;290.21;10.19;1862.00;3.34;23687583_0;5.10;0.00;tripinfo_wu_as_to_ns.31;233.00;wu_as_to_ns.31;0;1995.73;1.01;0.00;53.41;car;;1;13.00
2103.00;23527526_0;253.75;12.00;1911.00;0.30;-45494495_0;5.10;0.00;tripinfo_wu_os_to_gj.7;192.00;wu_os_to_gj.7;0;2071.37;1.13;0.00;26.05;car;;1;2.00
2103.00;972103805_0;116.86;11.45;1990.00;0.87;23687583_0;5.10;0.00;tripinfo_wu_as_to_ko.55;113.00;wu_as_to_ko.55;0;1102.39;1.10;0.00;21.98;car;;1;5.00
2104.00;28706217_0;94.10;7.41;1878.00;0.36;-230845886_0;5.10;0.00;tripinfo_wu_ba_to_sl.21;226.00;wu_ba_to_sl.21;0;1934.94;1.02;0.00;50.37;car;;1;30.00
2109.00;972103805_0;116.86;8.50;1853.00;0.53;-230845886_0;5.10;0.00;tripinfo_wu_ba_to_ko.64;256.00;wu_ba_to_ko.64;0;2114.29;0.87;0.00;36.00;car;;1;7.00
2112.00;45494495_0;58.90;9.64;2009.00;4.23;803785575#0_0;5.10;0.00;tripinfo_in_od_to_os.0;103.00;in_od_to_os.0;0;969.96;0.95;0.00;10.57;car;;0;0.00
2113.00;41899283#1_0;148.70;10.26;1967.00;0.15;-230845886_0;5.10;0.00;tripinfo_wu_ba_to_as.39;146.00;wu_ba_to_as.39;0;1430.78;1.03;0.00;19.89;car;;0;0.00
2129.00;45494495_0;58.90;7.65;1999.00;0.49;803785575#0_0;5.10;0.00;tripinfo_wu_od_to_os.39;130.00;wu_od_to_os.39;0;969.96;0.74;0.00;11.68;car;;0;0.00
2131.00;23156030#6_0;109.07;10.81;1900.00;0.55;-230845886_0;5.10;0.00;tripinfo_wu_ba_to_od.25;231.00;wu_ba_to_od.25;0;2315.50;1.05;0.00;31.01;car;;1;8.00
2132.00;28716808#1_0;754.74;11.44;2015.00;0.93;23687583_0;5.10;0.00;tripinfo_in_as_to_kl.0;117.00;in_as_to_kl.0;0;1207.92;1.12;0.00;18.39;car;;1;3.00
2135.00;972103805_0;116.86;9.78;2005.00;0.67;23687583_0;5.10;0.00;tripinfo_in_as_to_ko.0;130.00;in_as_to_ko.0;0;1102.39;0.96;0.00;26.27;car;;1;13.00
2139.00;45494495_0;58.90;8.31;2012.00;3.09;803785575#0_0;5.10;0.00;tripinfo_in_od_to_os.1;127.00;in_od_to_os.1;0;969.96;0.77;0.00;13.09;car;;0;0.00
2141.00;45494495_0;58.90;11.89;2046.00;8.30;803785575#0_0;5.10;0.00;tripinfo_in_od_to_os.2;95.00;in_od_to_os.2;0;969.96;1.08;0.00;13.08;car;;0;0.00
2142.00;45494495_0;58.90;10.68;1955.00;0.05;23687583_0;5.10;0.00;tripinfo_wu_as_to_os.34;187.00;wu_as_to_os.34;0;1689.77;1.05;0.00;42.01;car;;0;0.00
2143.00;972103805_0;116.86;10.49;1990.00;0.44;-23142338#2_0;5.10;0.00;tripinfo_wu_ns_to_ko.45;153.00;wu_ns_to_ko.45;0;1398.55;0.99;0.00;25.06;car;;1;8.00
2150.00;45494495_0;58.90;6.68;1912.00;2.98;-230845886_0;5.10;0.00;tripinfo_wu_ba_to_os.33;238.00;wu_ba_to_os.33;0;1647.96;0.70;0.00;23.18;car;;0;0.00
2152.00;45494495_0;58.90;8.73;1963.00;0.33;-230845886_0;5.10;0.00;tripinfo_wu_ba_to_os.34;189.00;wu_ba_to_os.34;0;1647.96;0.90;0.00;22.10;car;;0;0.00
2153.00;23527526_0;253.75;10.51;1942.00;2.42;-45494495_0;5.10;0.00;tripinfo_wu_os_to_gj.8;211.00;wu_os_to_gj.8;0;2071.37;0.98;0.00;20.26;car;;0;0.00
2154.00;45494495_0;58.90;10.24;2049.00;11.26;803785575#0_0;5.10;0.00;tripinfo_in_od_to_os.3;105.00;in_od_to_os.3;0;969.96;0.93;0.00;10.47;car;;0;0.00
2158.00;23527526_0;253.75;9.24;2079.00;2.32;23687583_0;5.10;0.00;tripinfo_in_as_to_gj.2;79.00;in_as_to_gj.2;0;649.06;0.93;0.00;14.97;car;;1;6.00
2159.00;28706217_0;94.10;7.39;1859.00;1.02;23687583_0;5.10;0.00;tripinfo_wu_as_to_sl.37;300.00;wu_as_to_sl.37;0;1976.75;1.03;0.00;121.31;car;;2;78.00
2162.00;45494495_0;58.90;11.15;2067.00;12.53;803785575#0_0;5.10;0.00;tripinfo_in_od_to_os.4;95.00;in_od_to_os.4;0;969.96;1.05;0.00;11.67;car;;0;0.00
2163.00;972103805_0;116.86;11.73;1919.00;0.85;-230845886_0;5.10;0.00;tripinfo_wu_ba_to_ko.65;244.00;wu_ba_to_ko.65;0;2114.29;1.08;0.00;64.84;car;;1;8.00
2167.00;23142338#2_0;290.21;8.46;1879.00;2.19;23687583_0;5.10;0.00;tripinfo_wu_as_to_ns.32;288.00;wu_as_to_ns.32;0;1995.73;0.80;0.00;62.20;car;;3;32.00
2168.00;23156030#6_0;109.07;9.87;1909.00;0.10;-230845886_0;5.10;0.00;tripinfo_wu_ba_to_od.26;259.00;wu_ba_to_od.26;0;2315.50;0.92;0.00;31.66;car;;1;8.00
2169.00;23142338#2_0;290.21;10.86;1918.00;2.38;23687583_0;5.10;0.00;tripinfo_wu_as_to_ns.33;251.00;wu_as_to_ns.33;0;1995.73;1.04;0.00;75.37;car;;3;21.00
2170.00;23156305_0;1264.14;8.05;1709.00;0.94;-23142338#2_0;5.10;0.00;tripinfo_wu_ns_to_gg.6;461.00;wu_ns_to_gg.6;0;3297.24;0.75;0.00;59.76;car;;1;15.00
2171.00;23156305_0;1264.14;10.06;1761.00;0.66;803785575#0_0;5.10;0.00;tripinfo_wu_od_to_gg.30;410.00;wu_od_to_gg.30;0;3669.96;1.06;0.00;97.19;car;;0;0.00
2171.00;972103805_0;116.86;10.31;1922.00;1.99;-230845886_0;5.10;0.00;tripinfo_wu_ba_to_ko.66;249.00;wu_ba_to_ko.66;0;2114.29;0.94;0.00;44.57;car;;0;0.00
2174.00;28716808#1_0;754.74;11.26;1890.00;0.66;803785575#0_0;5.10;0.00;tripinfo_wu_od_to_kl.24;284.00;wu_od_to_kl.24;0;2678.40;1.02;0.00;46.22;car;;1;3.00
2176.00;23527526_0;253.75;12.08;2106.00;2.17;23687583_0;5.10;0.00;tripinfo_in_as_to_gj.3;70.00;in_as_to_gj.3;0;649.06;1.13;0.00;17.40;car;;0;0.00
2177.00;972103805_0;116.86;8.52;1853.00;1.93;803785575#0_0;5.10;0.00;tripinfo_wu_od_to_ko.70;324.00;wu_od_to_ko.70;0;2307.67;0.82;0.00;55.68;car;;2;21.00
2179.00;972103805_0;116.86;10.47;2007.00;0.67;-23142338#2_0;5.10;0.00;tripinfo_wu_ns_to_ko.46;172.00;wu_ns_to_ko.46;0;1398.55;0.95;0.00;38.92;car;;2;11.00
2180.00;41899283#1_0;148.70;10.84;2030.00;3.02;-230845886_0;5.10;0.00;tripinfo_in_ba_to_as.0;150.00;in_ba_to_as.0;0;1430.78;1.08;0.00;30.45;car;;0;0.00
2181.00;45494495_0;58.90;10.28;2012.00;0.02;23687583_0;5.10;0.00;tripinfo_in_as_to_os.0;169.00;in_as_to_os.0;0;1689.77;1.03;0.00;20.64;car;;1;3.00
2185.00;23156030#6_0;109.07;11.90;2091.00;0.44;-45494495_0;5.10;0.00;tripinfo_in_os_to_od.0;94.00;in_os_to_od.0;0;865.51;1.16;0.00;26.34;car;;1;13.00
2189.00;45494495_0;58.90;10.21;2082.00;17.10;803785575#0_0;5.10;0.00;tripinfo_in_od_to_os.5;107.00;in_od_to_os.5;0;969.96;0.93;0.00;12.71;car;;0;0.00
2192.00;230845886_0;633.12;9.71;2034.00;0.04;23687583_0;5.10;0.00;tripinfo_in_as_to_ba.0;158.00;in_as_to_ba.0;0;1356.50;0.88;0.00;19.17;car;;1;5.00
2192.00;41899283#1_0;148.70;12.37;2050.00;5.20;-230845886_0;5.10;0.00;tripinfo_in_ba_to_as.2;142.00;in_ba_to_as.2;0;1430.78;1.21;0.00;34.68;car;;1;2.00
2196.00;972103805_0;116.86;10.11;2061.00;7.06;23687583_0;5.10;0.00;tripinfo_in_as_to_ko.1;135.00;in_as_to_ko.1;0;1102.39;0.98;0.00;32.58;car;;1;17.00
2198.00;972103805_0;116.86;10.40;2070.00;7.56;23687583_0;5.10;0.00;tripinfo_in_as_to_ko.2;128.00;in_as_to_ko.2;0;1102.39;1.00;0.00;28.20;car;;1;13.00
2199.00;28706217_0;94.10;8.07;1883.00;1.15;-230845886_0;5.10;0.00;tripinfo_wu_ba_to_sl.22;316.00;wu_ba_to_sl.22;0;1934.94;1.06;0.00;145.99;car;;4;113.00
2199.00;972103805_0;116.86;11.99;1979.00;0.47;-230845886_0;5.10;0.00;tripinfo_wu_ba_to_ko.67;220.00;wu_ba_to_ko.67;0;2114.29;1.14;0.00;52.41;car;;2;21.00
2199.00;23156305_0;1264.14;9.02;2024.00;2.24;23687583_0;5.10;0.00;tripinfo_in_as_to_gg.0;175.00;in_as_to_gg.0;0;1600.87;0.90;0.00;13.82;car;;0;0.00
2199.00;45494495_0;58.90;11.47;2027.00;3.11;-230845886_0;5.10;0.00;tripinfo_in_ba_to_os.0;172.00;in_ba_to_os.0;0;1647.96;1.09;0.00;35.29;car;;0;0.00
2201.00;23156030#6_0;109.07;9.30;2110.00;2.07;-45494495_0;5.10;0.00;tripinfo_in_os_to_od.1;91.00;in_os_to_od.1;0;865.51;0.95;0.00;8.00;car;;0;0.00
2203.00;230845886_0;633.12;9.81;1936.00;0.08;803785575#0_0;5.10;0.00;tripinfo_wu_od_to_ba.33;267.00;wu_od_to_ba.33;0;2382.14;0.93;0.00;36.91;car;;1;15.00
2205.00;45494495_0;58.90;10.16;2027.00;2.56;23687583_0;5.10;0.00;tripinfo_in_as_to_os.1;178.00;in_as_to_os.1;0;1689.77;0.96;0.00;18.29;car;;0;0.00
2205.00;41899283#1_0;148.70;10.06;2041.00;5.44;-230845886_0;5.10;0.00;tripinfo_in_ba_to_as.1;164.00;in_ba_to_as.1;0;1430.78;0.91;0.00;21.72;car;;1;3.00
2210.00;972103805_0;116.86;8.24;1841.00;0.59;-45494495_0;5.10;0.00;tripinfo_wu_os_to_ko.19;369.00;wu_os_to_ko.19;0;2045.29;0.76;0.00;112.42;car;;5;61.00
2211.00;28706217_0;94.10;9.38;1887.00;0.74;-230845886_0;5.10;0.00;tripinfo_wu_ba_to_sl.23;324.00;wu_ba_to_sl.23;0;1934.94;1.15;0.00;166.64;car;;4;120.00
2211.00;45494495_0;58.90;9.38;2097.00;20.24;803785575#0_0;5.10;0.00;tripinfo_in_od_to_os.6;114.00;in_od_to_os.6;0;969.96;0.85;0.00;10.46;car;;0;0.00
2212.00;972103805_0;116.86;11.11;1925.00;3.41;803785575#0_0;5.10;0.00;tripinfo_wu_od_to_ko.72;287.00;wu_od_to_ko.72;0;2307.67;1.00;0.00;67.61;car;;1;6.00
2212.00;41899283#1_0;148.70;9.65;2053.00;3.95;-230845886_0;5.10;0.00;tripinfo_in_ba_to_as.3;159.00;in_ba_to_as.3;0;1430.78;0.93;0.00;19.31;car;;1;2.00
2214.00;972103805_0;116.86;9.89;1922.00;0.70;803785575#0_0;5.10;0.00;tripinfo_wu_od_to_ko.71;292.00;wu_od_to_ko.71;0;2307.67;0.94;0.00;58.44;car;;1;7.00
2214.00;230845886_0;633.12;9.82;2010.00;0.68;-45494495_0;5.10;0.00;tripinfo_wu_os_to_ba.13;204.00;wu_os_to_ba.13;0;1746.52;0.99;0.00;44.19;car;;2;22.00
2216.00;972103805_0;116.86;8.42;2023.00;0.72;-23142338#2_0;5.10;0.00;tripinfo_in_ns_to_ko.0;193.00;in_ns_to_ko.0;0;1398.55;0.85;0.00;44.71;car;;1;18.00
2216.00;230845886_0;633.12;11.78;2073.00;6.27;23687583_0;5.10;0.00;tripinfo_in_as_to_ba.1;143.00;in_as_to_ba.1;0;1356.50;1.12;0.00;33.79;car;;1;3.00
2216.00;45494495_0;58.90;9.04;2100.00;19.89;803785575#0_0;5.10;0.00;tripinfo_in_od_to_os.7;116.00;in_od_to_os.7;0;969.96;0.84;0.00;11.18;car;;0;0.00
2218.00;972103805_0;116.86;9.85;2040.00;0.71;-23142338#2_0;5.10;0.00;tripinfo_in_ns_to_ko.1;178.00;in_ns_to_ko.1;0;1398.55;0.92;0.00;40.35;car;;1;9.00
2218.00;45494495_0;58.90;9.13;2112.00;22.09;803785575#0_0;5.10;0.00;tripinfo_in_od_to_os.8;106.00;in_od_to_os.8;0;969.96;0.91;0.00;9.42;car;;0;0.00
2220.00;972103805_0;116.86;10.47;1933.00;0.25;803785575#0_0;5.10;0.00;tripinfo_wu_od_to_ko.73;287.00;wu_od_to_ko.73;0;2307.67;0.99;0.00;65.43;car;;2;24.00
2220.00;45494495_0;58.90;11.42;2045.00;0.01;23687583_0;5.10;0.00;tripinfo_in_as_to_os.2;175.00;in_as_to_os.2;0;1689.77;1.07;0.00;31.71;car;;1;4.00
2221.00;972103805_0;116.86;10.87;1946.00;0.77;803785575#0_0;5.10;0.00;tripinfo_wu_od_to_ko.74;275.00;wu_od_to_ko.74;0;2307.67;1.01;0.00;58.36;car;;1;21.00
2222.00;23156030#6_0;109.07;11.26;1938.00;0.14;-230845886_0;5.10;0.00;tripinfo_wu_ba_to_od.27;284.00;wu_ba_to_od.27;0;2315.50;1.06;0.00;86.61;car;;1;9.00
2225.00;230845886_0;633.12;10.56;2082.00;0.48;23687583_0;5.10;0.00;tripinfo_in_as_to_ba.2;143.00;in_as_to_ba.2;0;1356.50;0.98;0.00;18.23;car;;1;4.00
2225.00;45494495_0;58.90;9.59;2118.00;26.61;803785575#0_0;5.10;0.00;tripinfo_in_od_to_os.9;107.00;in_od_to_os.9;0;969.96;0.90;0.00;9.35;car;;0;0.00
2228.00;23156030#6_0;109.07;9.96;2119.00;4.11;-45494495_0;5.10;0.00;tripinfo_in_os_to_od.2;109.00;in_os_to_od.2;0;865.51;0.93;0.00;24.49;car;;1;12.00
2229.00;972103805_0;116.86;8.79;2094.00;3.03;23687583_0;5.10;0.00;tripinfo_in_as_to_ko.3;135.00;in_as_to_ko.3;0;1102.39;0.85;0.00;17.16;car;;1;2.00
2232.00;23142338#2_0;290.21;10.11;2003.00;0.25;803785575#0_0;5.10;0.00;tripinfo_in_od_to_ns.0;229.00;in_od_to_ns.0;0;1928.29;1.02;0.00;46.08;car;;1;18.00
2234.00;45494495_0;58.90;10.61;2064.00;4.15;23687583_0;5.10;0.00;tripinfo_in_as_to_os.3;170.00;in_as_to_os.3;0;1689.77;1.01;0.00;19.46;car;;1;2.00
2234.00;972103805_0;116.86;8.46;2103.00;1.13;23687583_0;5.10;0.00;tripinfo_in_as_to_ko.4;131.00;in_as_to_ko.4;0;1102.39;0.84;0.00;12.05;car;;0;0.00
2236.00;972103805_0;116.86;11.45;1951.00;0.09;803785575#0_0;5.10;0.00;tripinfo_wu_od_to_ko.75;285.00;wu_od_to_ko.75;0;2307.67;1.12;0.00;87.76;car;;2;26.00
2237.00;41899283#1_0;148.70;12.15;2098.00;0.41;-230845886_0;5.10;0.00;tripinfo_in_ba_to_as.4;139.00;in_ba_to_as.4;0;1430.78;1.09;0.00;20.67;car;;0;0.00
2238.00;972103805_0;116.86;9.74;2061.00;1.93;-23142338#2_0;5.10;0.00;tripinfo_in_ns_to_ko.2;177.00;in_ns_to_ko.2;0;1398.55;0.94;0.00;42.89;car;;2;17.00
2239.00;23156305_0;1264.14;9.94;1876.00;0.01;803785575#0_0;5.10;0.00;tripinfo_wu_od_to_gg.31;363.00;wu_od_to_gg.31;0;3669.96;1.00;0.00;30.46;car;;0;0.00
2240.00;972103805_0;116.86;10.59;2069.00;6.74;-23142338#2_0;5.10;0.00;tripinfo_in_ns_to_ko.3;171.00;in_ns_to_ko.3;0;1398.55;0.97;0.00;40.40;car;;2;15.00
2242.00;972103805_0;116.86;11.13;2072.00;9.63;-23142338#2_0;5.10;0.00;tripinfo_in_ns_to_ko.4;170.00;in_ns_to_ko.4;0;1398.55;1.05;0.00;50.06;car;;2;14.00
2243.00;23527526_0;253.75;9.87;2044.00;7.65;-230845886_0;5.10;0.00;tripinfo_in_ba_to_gj.0;199.00;in_ba_to_gj.0;0;1755.68;0.91;0.00;23.01;car;;1;2.00
2244.00;972103805_0;116.86;12.48;1983.00;0.78;803785575#0_0;5.10;0.00;tripinfo_wu_od_to_ko.76;261.00;wu_od_to_ko.76;0;2307.67;1.17;0.00;72.73;car;;3;21.00
2246.00;23156390_0;1121.44;11.25;1998.00;0.64;-45494495_0;5.10;0.00;tripinfo_wu_os_to_br.8;248.00;wu_os_to_br.8;0;2513.69;1.06;0.00;31.81;car;;0;0.00
2249.00;23156305_0;1264.14;11.08;1887.00;0.15;803785575#0_0;5.10;0.00;tripinfo_wu_od_to_gg.32;362.00;wu_od_to_gg.32;0;3669.96;1.01;0.00;30.52;car;;0;0.00
2251.00;45494495_0;58.90;8.99;2136.00;30.82;803785575#0_0;5.10;0.00;tripinfo_in_od_to_os.10;115.00;in_od_to_os.10;0;969.96;0.85;0.00;11.43;car;;0;0.00
2253.00;41899283#1_0;148.70;10.71;2030.00;0.85;-23142338#2_0;5.10;0.00;tripinfo_in_ns_to_as.0;223.00;in_ns_to_as.0;0;2009.37;1.08;0.00;53.23;car;;1;16.00
2256.00;23156030#6_0;109.07;10.14;1971.00;1.40;23687583_0;5.10;0.00;tripinfo_wu_as_to_od.23;285.00;wu_as_to_od.23;0;2357.31;0.94;0.00;58.43;car;;3;29.00
2257.00;41899283#1_0;148.70;10.94;2107.00;5.92;-230845886_0;5.10;0.00;tripinfo_in_ba_to_as.5;150.00;in_ba_to_as.5;0;1430.78;1.09;0.00;30.73;car;;1;6.00
2257.00;972103805_0;116.86;8.72;2114.00;0.78;23687583_0;5.10;0.00;tripinfo_in_as_to_ko.5;143.00;in_as_to_ko.5;0;1102.39;0.89;0.00;31.06;car;;1;17.00
2258.00;23527526_0;253.75;10.20;2184.00;2.03;23687583_0;5.10;0.00;tripinfo_in_as_to_gj.4;74.00;in_as_to_gj.4;0;649.06;0.97;0.00;13.13;car;;0;0.00
2259.00;230845886_0;633.12;11.26;2083.00;0.70;-45494495_0;5.10;0.00;tripinfo_in_os_to_ba.0;176.00;in_os_to_ba.0;0;1746.52;1.06;0.00;27.23;car;;0;0.00
2259.00;972103805_0;116.86;8.96;2132.00;3.49;23687583_0;5.10;0.00;tripinfo_in_as_to_ko.6;127.00;in_as_to_ko.6;0;1102.39;0.90;0.00;16.52;car;;1;1.00
2261.00;28716808#1_0;754.74;10.15;2129.00;0.85;23687583_0;5.10;0.00;tripinfo_in_as_to_kl.1;132.00;in_as_to_kl.1;0;1207.92;0.99;0.00;21.27;car;;1;2.00
2261.00;972103805_0;116.86;9.55;2138.00;1.98;23687583_0;5.10;0.00;tripinfo_in_as_to_ko.7;123.00;in_as_to_ko.7;0;1102.39;0.91;0.00;13.13;car;;0;0.00
2263.00;28716808#1_0;754.74;12.10;2147.00;0.57;23687583_0;5.10;0.00;tripinfo_in_as_to_kl.2;116.00;in_as_to_kl.2;0;1207.92;1.13;0.00;17.71;car;;0;0.00
2264.00;972103805_0;116.86;9.43;1999.00;0.18;-230845886_0;5.10;0.00;tripinfo_wu_ba_to_ko.68;265.00;wu_ba_to_ko.68;0;2114.29;0.88;0.00;45.80;car;;2;17.00
2266.00;23156305_0;1264.14;10.06;1899.00;0.35;-23142338#2_0;5.10;0.00;tripinfo_wu_ns_to_gg.7;367.00;wu_ns_to_gg.7;0;3297.24;0.95;0.00;50.41;car;;1;14.00
2266.00;972103805_0;116.86;10.74;2017.00;0.92;-230845886_0;5.10;0.00;tripinfo_in_ba_to_ko.0;249.00;in_ba_to_ko.0;0;2114.29;1.07;0.00;68.66;car;;3;24.00
2266.00;28706217_0;94.10;9.14;2043.00;2.03;-23142338#2_0;5.10;0.00;tripinfo_in_ns_to_sl.0;223.00;in_ns_to_sl.0;0;1619.36;1.14;0.00;79.21;car;;2;40.00
2268.00;45494495_0;58.90;10.90;2169.00;15.72;803785575#0_0;5.10;0.00;tripinfo_in_od_to_os.11;99.00;in_od_to_os.11;0;969.96;0.99;0.00;9.65;car;;0;0.00
2269.00;41899283#1_0;148.70;9.15;1986.00;3.05;803785575#0_0;5.10;0.00;tripinfo_wu_od_to_as.33;283.00;wu_od_to_as.33;0;2382.09;0.89;0.00;39.60;car;;2;10.00
2269.00;23527526_0;253.75;10.05;2062.00;4.58;-230845886_0;5.10;0.00;tripinfo_in_ba_to_gj.1;207.00;in_ba_to_gj.1;0;1755.68;0.92;0.00;34.91;car;;2;9.00
2269.00;972103805_0;116.86;9.40;2075.00;2.14;-23142338#2_0;5.10;0.00;tripinfo_in_ns_to_ko.5;194.00;in_ns_to_ko.5;0;1398.55;0.95;0.00;60.68;car;;3;29.00
2271.00;28706217_0;94.10;8.05;1890.00;0.34;23687583_0;5.10;0.00;tripinfo_wu_as_to_sl.38;381.00;wu_as_to_sl.38;0;1976.75;1.04;0.00;204.23;car;;5;161.00
2271.00;972103805_0;116.86;11.23;2078.00;2.84;-23142338#2_0;5.10;0.00;tripinfo_in_ns_to_ko.6;193.00;in_ns_to_ko.6;0;1398.55;1.07;0.00;74.42;car;;3;27.00
2273.00;23142338#2_0;290.21;8.39;2018.00;0.85;803785575#0_0;5.10;0.00;tripinfo_in_od_to_ns.1;255.00;in_od_to_ns.1;0;1928.29;0.86;0.00;38.52;car;;1;12.00
2273.00;972103805_0;116.86;11.38;2081.00;4.03;-23142338#2_0;5.10;0.00;tripinfo_in_ns_to_ko.7;192.00;in_ns_to_ko.7;0;1398.55;1.06;0.00;72.84;car;;3;26.00
2274.00;41899283#1_0;148.70;8.52;2059.00;0.77;-45494495_0;5.10;0.00;tripinfo_in_os_to_as.0;215.00;in_os_to_as.0;0;1746.47;0.84;0.00;25.22;car;;0;0.00
2276.00;41899283#1_0;148.70;9.82;2006.00;2.92;803785575#0_0;5.10;0.00;tripinfo_in_od_to_as.0;270.00;in_od_to_as.0;0;2382.09;0.99;0.00;51.79;car;;0;0.00
2277.00;23142338#2_0;290.21;9.71;2055.00;3.32;23687583_0;5.10;0.00;tripinfo_in_as_to_ns.0;222.00;in_as_to_ns.0;0;1995.73;0.96;0.00;32.47;car;;1;8.00
2279.00;41899283#1_0;148.70;10.97;2049.00;0.63;-23142338#2_0;5.10;0.00;tripinfo_in_ns_to_as.1;230.00;in_ns_to_as.1;0;2009.37;1.03;0.00;52.38;car;;2;20.00
2279.00;23142338#2_0;290.21;10.64;2058.00;6.13;23687583_0;5.10;0.00;tripinfo_in_as_to_ns.1;221.00;in_as_to_ns.1;0;1995.73;1.05;0.00;47.54;car;;2;9.00
2282.00;972103805_0;116.86;11.81;2159.00;0.89;23687583_0;5.10;0.00;tripinfo_in_as_to_ko.8;123.00;in_as_to_ko.8;0;1102.39;1.16;0.00;37.03;car;;2;18.00
2284.00;230845886_0;633.12;10.91;2025.00;0.02;803785575#0_0;5.10;0.00;tripinfo_in_od_to_ba.0;259.00;in_od_to_ba.0;0;2382.14;1.00;0.00;43.58;car;;1;5.00
2285.00;972103805_0;116.86;11.12;2172.00;2.63;23687583_0;5.10;0.00;tripinfo_in_as_to_ko.9;113.00;in_as_to_ko.9;0;1102.39;1.09;0.00;21.13;car;;1;7.00
2286.00;45494495_0;58.90;12.10;2201.00;0.57;803785575#0_0;5.10;0.00;tripinfo_in_od_to_os.12;85.00;in_od_to_os.12;0;969.96;1.14;0.00;7.98;car;;0;0.00
2289.00;972103805_0;116.86;10.87;2175.00;4.61;23687583_0;5.10;0.00;tripinfo_in_as_to_ko.10;114.00;in_as_to_ko.10;0;1102.39;1.04;0.00;17.50;car;;1;4.00
2290.00;23527526_0;253.75;10.83;2104.00;3.55;-230845886_0;5.10;0.00;tripinfo_in_ba_to_gj.2;186.00;in_ba_to_gj.2;0;1755.68;1.03;0.00;31.71;car;;1;9.00
2290.00;972103805_0;116.86;11.29;2178.00;2.60;23687583_0;5.10;0.00;tripinfo_in_as_to_ko.11;112.00;in_as_to_ko.11;0;1102.39;1.09;0.00;21.03;car;;1;3.00
2293.00;972103805_0;116.86;12.44;2024.00;1.18;-230845886_0;5.10;0.00;tripinfo_in_ba_to_ko.1;269.00;in_ba_to_ko.1;0;2114.29;1.18;0.00;105.63;car;;3;39.00
2296.00;972103805_0;116.86;11.37;2036.00;3.86;-230845886_0;5.10;0.00;tripinfo_in_ba_to_ko.2;260.00;in_ba_to_ko.2;0;2114.29;1.14;0.00;90.72;car;;3;37.00
2296.00;45494495_0;58.90;11.31;2207.00;2.70;803785575#0_0;5.10;0.00;tripinfo_in_od_to_os.13;89.00;in_od_to_os.13;0;969.96;1.09;0.00;8.17;car;;0;0.00
2300.00;972103805_0;116.86;9.53;2047.00;10.42;-230845886_0;5.10;0.00;tripinfo_in_ba_to_ko.3;253.00;in_ba_to_ko.3;0;2114.29;0.91;0.00;40.84;car;;2;3.00
2300.00;23142338#2_0;290.21;9.58;2055.00;8.10;803785575#0_0;5.10;0.00;tripinfo_in_od_to_ns.2;245.00;in_od_to_ns.2;0;1928.29;0.91;0.00;41.74;car;;1;15.00
2301.00;23156305_0;1264.14;8.50;1945.00;1.37;-45494495_0;5.10;0.00;tripinfo_wu_os_to_gg.10;356.00;wu_os_to_gg.10;0;3034.34;0.85;0.00;31.16;car;;0;0.00
2302.00;41899283#1_0;148.70;9.89;2136.00;0.05;-230845886_0;5.10;0.00;tripinfo_in_ba_to_as.7;166.00;in_ba_to_as.7;0;1430.78;0.96;0.00;31.18;car;;0;0.00
2303.00;28706217_0;94.10;8.15;1915.00;0.92;23687583_0;5.10;0.00;tripinfo_wu_as_to_sl.39;388.00;wu_as_to_sl.39;0;1976.75;1.06;0.00;215.12;car;;6;158.00
2303.00;23156305_0;1264.14;9.83;1965.00;0.05;-45494495_0;5.10;0.00;tripinfo_wu_os_to_gg.12;338.00;wu_os_to_gg.12;0;3034.34;0.97;0.00;52.26;car;;0;0.00
2303.00;972103805_0;116.86;9.50;2084.00;4.53;-23142338#2_0;5.10;0.00;tripinfo_in_ns_to_ko.8;219.00;in_ns_to_ko.8;0;1398.55;0.94;0.00;85.04;car;;4;45.00
2304.00;41899283#1_0;148.70;10.84;2122.00;7.68;-230845886_0;5.10;0.00;tripinfo_in_ba_to_as.6;182.00;in_ba_to_as.6;0;1430.78;1.06;0.00;59.79;car;;2;8.00
2305.00;23156305_0;1264.14;10.22;1955.00;0.77;-45494495_0;5.10;0.00;tripinfo_wu_os_to_gg.11;350.00;wu_os_to_gg.11;0;3034.34;0.96;0.00;62.75;car;;0;0.00
2306.00;972103805_0;116.86;9.25;2090.00;0.86;-23142338#2_0;5.10;0.00;tripinfo_in_ns_to_ko.9;216.00;in_ns_to_ko.9;0;1398.55;0.88;0.00;72.20;car;;2;33.00
2307.00;23156305_0;1264.14;9.69;1917.00;0.32;-23142338#2_0;5.10;0.00;tripinfo_wu_ns_to_gg.8;390.00;wu_ns_to_gg.8;0;3297.24;0.93;0.00;68.03;car;;2;23.00
2307.00;28706217_0;94.10;8.08;2113.00;3.73;-45494495_0;5.10;0.00;tripinfo_in_os_to_sl.0;194.00;in_os_to_sl.0;0;484.95;1.01;0.00;145.21;car;;4;114.00
2308.00;23156030#6_0;109.07;11.82;2052.00;0.67;23687583_0;5.10;0.00;tripinfo_in_as_to_od.0;256.00;in_as_to_od.0;0;2357.31;1.08;0.00;59.74;car;;3;23.00
2308.00;972103805_0;116.86;11.24;2102.00;5.16;-23142338#2_0;5.10;0.00;tripinfo_in_ns_to_ko.10;206.00;in_ns_to_ko.10;0;1398.55;1.09;0.00;89.53;car;;3;52.00
2309.00;972103805_0;116.86;11.13;2124.00;3.30;-23142338#2_0;5.10;0.00;tripinfo_in_ns_to_ko.11;185.00;in_ns_to_ko.11;0;1398.55;1.11;0.00;71.47;car;;2;36.00
2313.00;28706217_0;94.10;7.98;1915.00;0.10;-230845886_0;5.10;0.00;tripinfo_wu_ba_to_sl.24;398.00;wu_ba_to_sl.24;0;1934.94;1.07;0.00;229.63;car;;4;112.00
2313.00;972103805_0;116.86;11.01;2056.00;3.51;-230845886_0;5.10;0.00;tripinfo_in_ba_to_ko.4;257.00;in_ba_to_ko.4;0;2114.29;1.09;0.00;79.91;car;;3;20.00
2314.00;41899283#1_0;148.70;9.85;2154.00;2.36;-230845886_0;5.10;0.00;tripinfo_in_ba_to_as.8;160.00;in_ba_to_as.8;0;1430.78;0.93;0.00;20.30;car;;0;0.00
2314.00;45494495_0;58.90;10.88;2218.00;0.02;803785575#0_0;5.10;0.00;tripinfo_in_od_to_os.14;96.00;in_od_to_os.14;0;969.96;1.00;0.00;8.43;car;;0;0.00
2315.00;28706217_0;94.10;9.58;2003.00;1.16;-230845886_0;5.10;0.00;tripinfo_in_ba_to_sl.0;312.00;in_ba_to_sl.0;0;1934.94;1.15;0.00;155.90;car;;3;97.00
2316.00;41899283#1_0;148.70;11.75;2058.00;10.84;803785575#0_0;5.10;0.00;tripinfo_in_od_to_as.1;258.00;in_od_to_as.1;0;2382.09;1.15;0.00;70.13;car;;2;7.00
2317.00;972103805_0;116.86;10.72;2059.00;3.61;-230845886_0;5.10;0.00;tripinfo_in_ba_to_ko.5;258.00;in_ba_to_ko.5;0;2114.29;0.99;0.00;63.67;car;;3;19.00
2319.00;230845886_0;633.12;8.86;2155.00;0.12;23687583_0;5.10;0.00;tripinfo_in_as_to_ba.3;164.00;in_as_to_ba.3;0;1356.50;0.85;0.00;18.63;car;;0;0.00
2320.00;23156390_0;1121.44;9.28;2020.00;0.39;-45494495_0;5.10;0.00;tripinfo_in_os_to_br.0;300.00;in_os_to_br.0;0;2513.69;0.91;0.00;46.58;car;;3;10.00
2320.00;230845886_0;633.12;10.80;2107.00;0.06;-45494495_0;5.10;0.00;tripinfo_in_os_to_ba.1;213.00;in_os_to_ba.1;0;1746.52;0.97;0.00;50.92;car;;3;11.00
2321.00;972103805_0;116.86;9.27;2095.00;0.84;-230845886_0;5.10;0.00;tripinfo_in_ba_to_ko.6;226.00;in_ba_to_ko.6;0;2114.29;0.94;0.00;20.90;car;;0;0.00
2322.00;230845886_0;633.12;10.47;2116.00;4.35;-45494495_0;5.10;0.00;tripinfo_in_os_to_ba.2;206.00;in_os_to_ba.2;0;1746.52;0.98;0.00;44.65;car;;1;6.00
2324.00;23527526_0;253.75;9.10;2110.00;7.09;-230845886_0;5.10;0.00;tripinfo_in_ba_to_gj.3;214.00;in_ba_to_gj.3;0;1755.68;0.83;0.00;22.68;car;;1;1.00
2325.00;23156305_0;1264.14;9.45;1911.00;0.36;803785575#0_0;5.10;0.00;tripinfo_wu_od_to_gg.33;414.00;wu_od_to_gg.33;0;3669.96;0.88;0.00;36.09;car;;0;0.00
2326.00;23527526_0;253.75;11.29;2217.00;0.95;23687583_0;5.10;0.00;tripinfo_in_as_to_gj.5;109.00;in_as_to_gj.5;0;649.06;1.04;0.00;51.35;car;;1;30.00
2327.00;230845886_0;633.12;10.65;2064.00;10.31;803785575#0_0;5.10;0.00;tripinfo_in_od_to_ba.1;263.00;in_od_to_ba.1;0;2382.14;1.02;0.00;52.62;car;;2;3.00
2327.00;45494495_0;58.90;11.65;2099.00;3.10;-23142338#2_0;5.10;0.00;tripinfo_in_ns_to_os.0;228.00;in_ns_to_os.0;0;1865.82;1.05;0.00;67.14;car;;2;34.00
2327.00;28716808#1_0;754.74;9.81;2116.00;11.44;-230845886_0;5.10;0.00;tripinfo_in_ba_to_kl.0;211.00;in_ba_to_kl.0;0;1727.09;0.93;0.00;41.75;car;;1;8.00
2328.00;23527526_0;253.75;11.05;2043.00;6.36;803785575#0_0;5.10;0.00;tripinfo_in_od_to_gj.0;285.00;in_od_to_gj.0;0;2706.99;1.04;0.00;49.37;car;;2;3.00
2329.00;28716808#1_0;754.74;10.76;2034.00;0.78;803785575#0_0;5.10;0.00;tripinfo_wu_od_to_kl.25;295.00;wu_od_to_kl.25;0;2678.40;0.98;0.00;46.74;car;;2;7.00
2329.00;230845886_0;633.12;12.26;2181.00;3.64;23687583_0;5.10;0.00;tripinfo_in_as_to_ba.4;148.00;in_as_to_ba.4;0;1356.50;1.11;0.00;37.43;car;;2;11.00
2330.00;41899283#1_0;148.70;10.46;2061.00;13.05;803785575#0_0;5.10;0.00;tripinfo_in_od_to_as.2;269.00;in_od_to_as.2;0;2382.09;0.95;0.00;43.01;car;;2;7.00
2337.00;230845886_0;633.12;11.06;2070.00;13.49;803785575#0_0;5.10;0.00;tripinfo_in_od_to_ba.2;267.00;in_od_to_ba.2;0;2382.14;1.02;0.00;56.31;car;;2;5.00
2338.00;28706217_0;94.10;6.78;2021.00;4.46;-230845886_0;5.10;0.00;tripinfo_wu_ba_to_sl.25;317.00;wu_ba_to_sl.25;0;1934.94;0.90;0.00;117.10;car;;4;75.00
2339.00;972103805_0;116.86;9.43;2052.00;13.03;803785575#0_0;5.10;0.00;tripinfo_in_od_to_ko.0;287.00;in_od_to_ko.0;0;2307.67;0.90;0.00;45.13;car;;1;16.00
2339.00;23142338#2_0;290.21;9.88;2097.00;3.30;23687583_0;5.10;0.00;tripinfo_in_as_to_ns.2;242.00;in_as_to_ns.2;0;1995.73;0.93;0.00;47.13;car;;3;16.00
2339.00;23527526_0;253.75;9.87;2160.00;4.17;-230845886_0;5.10;0.00;tripinfo_in_ba_to_gj.4;179.00;in_ba_to_gj.4;0;1755.68;0.99;0.00;18.08;car;;0;0.00
2340.00;23156390_0;1121.44;10.59;2071.00;0.75;-45494495_0;5.10;0.00;tripinfo_in_os_to_br.1;269.00;in_os_to_br.1;0;2513.69;1.03;0.00;46.35;car;;0;0.00
2341.00;23156390_0;1121.44;11.78;2078.00;0.11;-45494495_0;5.10;0.00;tripinfo_in_os_to_br.2;263.00;in_os_to_br.2;0;2513.69;1.15;0.00;64.43;car;;0;0.00
2341.00;972103805_0;116.86;11.06;2127.00;5.14;-23142338#2_0;5.10;0.00;tripinfo_in_ns_to_ko.12;214.00;in_ns_to_ko.12;0;1398.55;1.05;0.00;94.02;car;;3;53.00
2342.00;41899283#1_0;148.70;10.60;2096.00;0.81;-23142338#2_0;5.10;0.00;tripinfo_in_ns_to_as.2;246.00;in_ns_to_as.2;0;2009.37;1.07;0.00;74.59;car;;2;31.00
2343.00;45494495_0;58.90;9.69;2241.00;0.20;803785575#0_0;5.10;0.00;tripinfo_in_od_to_os.15;102.00;in_od_to_os.15;0;969.96;0.95;0.00;9.15;car;;0;0.00
2344.00;972103805_0;116.86;10.32;2101.00;0.73;-230845886_0;5.10;0.00;tripinfo_in_ba_to_ko.7;243.00;in_ba_to_ko.7;0;2114.29;1.03;0.00;55.83;car;;1;20.00
2345.00;45494495_0;58.90;9.78;2244.00;0.06;803785575#0_0;5.10;0.00;tripinfo_in_od_to_os.16;101.00;in_od_to_os.16;0;969.96;0.98;0.00;11.49;car;;0;0.00
2347.00;45494495_0;58.90;11.72;2162.00;3.77;23687583_0;5.10;0.00;tripinfo_in_as_to_os.4;185.00;in_as_to_os.4;0;1689.77;1.06;0.00;41.05;car;;1;2.00
2352.00;972103805_0;116.86;12.78;2133.00;8.00;-23142338#2_0;5.10;0.00;tripinfo_in_ns_to_ko.13;219.00;in_ns_to_ko.13;0;1398.55;1.16;0.00;109.81;car;;4;56.00
2354.00;230845886_0;633.12;9.41;2205.00;0.17;23687583_0;5.10;0.00;tripinfo_in_as_to_ba.5;149.00;in_as_to_ba.5;0;1356.50;0.89;0.00;11.78;car;;0;0.00
2356.00;230845886_0;633.12;10.34;2088.00;17.28;803785575#0_0;5.10;0.00;tripinfo_in_od_to_ba.3;268.00;in_od_to_ba.3;0;2382.14;1.04;0.00;61.21;car;;0;0.00
2358.00;230845886_0;633.12;11.08;2147.00;0.06;-45494495_0;5.10;0.00;tripinfo_in_os_to_ba.3;211.00;in_os_to_ba.3;0;1746.52;1.05;0.00;59.36;car;;0;0.00
2360.00;45494495_0;58.90;12.31;2269.00;3.23;803785575#0_0;5.10;0.00;tripinfo_in_od_to_os.17;91.00;in_od_to_os.17;0;969.96;1.15;0.00;14.33;car;;0;0.00
2361.00;41899283#1_0;148.70;8.01;2175.00;2.33;-230845886_0;5.10;0.00;tripinfo_in_ba_to_as.9;186.00;in_ba_to_as.9;0;1430.78;0.81;0.00;26.59;car;;1;6.00
2363.00;45494495_0;58.90;10.65;2187.00;0.51;-230845886_0;5.10;0.00;tripinfo_in_ba_to_os.1;176.00;in_ba_to_os.1;0;1647.96;1.00;0.00;27.57;car;;0;0.00
2365.00;230845886_0;633.12;8.65;2091.00;17.02;803785575#0_0;5.10;0.00;tripinfo_in_od_to_ba.4;274.00;in_od_to_ba.4;0;2382.14;0.89;0.00;33.61;car;;0;0.00
2366.00;41899283#1_0;148.70;10.96;2144.00;0.88;-45494495_0;5.10;0.00;tripinfo_in_os_to_as.1;222.00;in_os_to_as.1;0;1746.47;1.04;0.00;69.99;car;;2;2.00
2367.00;28716808#1_0;754.74;7.96;2037.00;3.46;803785575#0_0;5.10;0.00;tripinfo_in_od_to_kl.0;330.00;in_od_to_kl.0;0;2678.40;0.83;0.00;39.50;car;;2;9.00
2367.00;230845886_0;633.12;10.76;2172.00;0.56;-45494495_0;5.10;0.00;tripinfo_in_os_to_ba.4;195.00;in_os_to_ba.4;0;1746.52;1.05;0.00;44.90;car;;0;0.00
2368.00;23527526_0;253.75;9.75;2169.00;6.88;-230845886_0;5.10;0.00;tripinfo_in_ba_to_gj.5;199.00;in_ba_to_gj.5;0;1755.68;0.89;0.00;19.99;car;;0;0.00
2369.00;23142338#2_0;290.21;10.16;2135.00;6.39;23687583_0;5.10;0.00;tripinfo_in_as_to_ns.3;234.00;in_as_to_ns.3;0;1995.73;0.92;0.00;37.57;car;;1;14.00
2369.00;230845886_0;633.12;10.39;2212.00;0.34;23687583_0;5.10;0.00;tripinfo_in_as_to_ba.6;157.00;in_as_to_ba.6;0;1356.50;0.99;0.00;32.88;car;;1;13.00
2373.00;23527526_0;253.75;9.58;2243.00;0.15;23687583_0;5.10;0.00;tripinfo_in_as_to_gj.6;130.00;in_as_to_gj.6;0;649.06;0.90;0.00;63.73;car;;3;45.00
2374.00;972103805_0;116.86;11.04;2113.00;8.86;-230845886_0;5.10;0.00;tripinfo_in_ba_to_ko.8;261.00;in_ba_to_ko.8;0;2114.29;1.02;0.00;72.34;car;;3;22.00
2375.00;28716808#1_0;754.74;12.02;2109.00;19.68;803785575#0_0;5.10;0.00;tripinfo_in_od_to_kl.1;266.00;in_od_to_kl.1;0;2678.40;1.16;0.00;56.74;car;;0;0.00
2376.00;41899283#1_0;148.70;13.17;2115.00;25.04;803785575#0_0;5.10;0.00;tripinfo_in_od_to_as.3;261.00;in_od_to_as.3;0;2382.09;1.19;0.00;79.21;car;;1;5.00
2376.00;972103805_0;116.86;13.02;2119.00;10.24;-230845886_0;5.10;0.00;tripinfo_in_ba_to_ko.9;257.00;in_ba_to_ko.9;0;2114.29;1.20;0.00;96.34;car;;3;20.00
2377.00;23156305_0;1264.14;10.71;2020.00;0.23;-23142338#2_0;5.10;0.00;tripinfo_in_ns_to_gg.0;357.00;in_ns_to_gg.0;0;3297.24;1.00;0.00;57.08;car;;2;17.00
2377.00;23142338#2_0;290.21;12.06;2025.00;4.76;-45494495_0;5.10;0.00;tripinfo_in_os_to_ns.0;352.00;in_os_to_ns.0;0;1665.91;1.11;0.00;205.33;car;;6;151.00
2379.00;972103805_0;116.86;12.00;2157.00;4.20;-230845886_0;5.10;0.00;tripinfo_in_ba_to_ko.10;222.00;in_ba_to_ko.10;0;2114.29;1.12;0.00;50.65;car;;1;13.00
2385.00;45494495_0;58.90;8.64;2275.00;2.08;803785575#0_0;5.10;0.00;tripinfo_in_od_to_os.18;110.00;in_od_to_os.18;0;969.96;0.87;0.00;9.17;car;;0;0.00
2386.00;972103805_0;116.86;8.95;2085.00;17.70;803785575#0_0;5.10;0.00;tripinfo_in_od_to_ko.1;301.00;in_od_to_ko.1;0;2307.67;0.85;0.00;43.36;car;;2;10.00
2387.00;45494495_0;58.90;11.84;2287.00;8.36;803785575#0_0;5.10;0.00;tripinfo_in_od_to_os.19;100.00;in_od_to_os.19;0;969.96;1.07;0.00;17.21;car;;0;0.00
2388.00;972103805_0;116.86;11.02;2150.00;0.31;-23142338#2_0;5.10;0.00;tripinfo_in_ns_to_ko.14;238.00;in_ns_to_ko.14;0;1398.55;1.05;0.00;117.83;car;;5;66.00
2388.00;45494495_0;58.90;11.84;2206.00;0.27;-230845886_0;5.10;0.00;tripinfo_in_ba_to_os.3;182.00;in_ba_to_os.3;0;1647.96;1.12;0.00;49.86;car;;0;0.00
2391.00;972103805_0;116.86;9.07;2162.00;0.40;-23142338#2_0;5.10;0.00;tripinfo_in_ns_to_ko.15;229.00;in_ns_to_ko.15;0;1398.55;0.87;0.00;84.17;car;;4;48.00
2391.00;45494495_0;58.90;10.70;2195.00;7.05;-230845886_0;5.10;0.00;tripinfo_in_ba_to_os.2;196.00;in_ba_to_os.2;0;1647.96;1.01;0.00;48.58;car;;0;0.00
2393.00;972103805_0;116.86;11.14;2180.00;0.72;-23142338#2_0;5.10;0.00;tripinfo_in_ns_to_ko.16;213.00;in_ns_to_ko.16;0;1398.55;1.09;0.00;96.37;car;;3;40.00
2393.00;28706217_0;94.10;7.68;2189.00;1.47;-45494495_0;5.10;0.00;tripinfo_in_os_to_sl.1;204.00;in_os_to_sl.1;0;484.95;0.94;0.00;152.14;car;;4;125.00
2394.00;41899283#1_0;148.70;9.06;2234.00;0.93;-230845886_0;5.10;0.00;tripinfo_in_ba_to_as.10;160.00;in_ba_to_as.10;0;1430.78;0.90;0.00;14.88;car;;0;0.00
2395.00;28706217_0;94.10;8.03;2033.00;3.50;-230845886_0;5.10;0.00;tripinfo_in_ba_to_sl.1;362.00;in_ba_to_sl.1;0;1934.94;0.98;0.00;178.64;car;;6;127.00
2395.00;23527526_0;253.75;8.91;2076.00;13.77;803785575#0_0;5.10;0.00;tripinfo_in_od_to_gj.1;319.00;in_od_to_gj.1;0;2706.99;0.91;0.00;49.79;car;;1;1.00
2397.00;45494495_0;58.90;9.88;2209.00;2.14;-230845886_0;5.10;0.00;tripinfo_in_ba_to_os.4;188.00;in_ba_to_os.4;0;1647.96;0.98;0.00;35.32;car;;0;0.00
2398.00;23156305_0;1264.14;11.06;2015.00;2.68;803785575#0_0;5.10;0.00;tripinfo_in_od_to_gg.0;383.00;in_od_to_gg.0;0;3669.96;1.02;0.00;59.18;car;;0;0.00
2398.00;41899283#1_0;148.70;9.32;2183.00;0.58;-45494495_0;5.10;0.00;tripinfo_in_os_to_as.2;215.00;in_os_to_as.2;0;1746.47;0.93;0.00;44.65;car;;2;11.00
2399.00;23156030#6_0;109.07;10.89;2307.00;0.64;-45494495_0;5.10;0.00;tripinfo_in_os_to_od.3;92.00;in_os_to_od.3;0;865.51;1.07;0.00;18.14;car;;1;2.00
2400.00;23156305_0;1264.14;12.52;2058.00;0.99;-23142338#2_0;5.10;0.00;tripinfo_in_ns_to_gg.1;342.00;in_ns_to_gg.1;0;3297.24;1.18;0.00;87.78;car;;3;24.00
2402.00;23156305_0;1264.14;12.98;2220.00;2.78;23687583_0;5.10;0.00;tripinfo_in_as_to_gg.1;182.00;in_as_to_gg.1;0;1600.87;1.26;0.00;65.72;car;;1;29.00
2405.00;972103805_0;116.86;9.47;2229.00;4.02;23687583_0;5.10;0.00;tripinfo_in_as_to_ko.12;176.00;in_as_to_ko.12;0;1102.39;0.93;0.00;68.66;car;;2;49.00
2406.00;23156390_0;1121.44;10.73;2123.00;0.32;-45494495_0;5.10;0.00;tripinfo_in_os_to_br.3;283.00;in_os_to_br.3;0;2513.69;1.00;0.00;53.41;car;;2;5.00
2406.00;230845886_0;633.12;12.06;2163.00;14.02;803785575#0_0;5.10;0.00;tripinfo_in_od_to_ba.5;243.00;in_od_to_ba.5;0;2382.14;1.11;0.00;49.46;car;;2;4.00
2408.00;230845886_0;633.12;11.30;2166.00;16.98;803785575#0_0;5.10;0.00;tripinfo_in_od_to_ba.6;242.00;in_od_to_ba.6;0;2382.14;1.12;0.00;50.25;car;;2;3.00
2408.00;972103805_0;116.86;10.97;2163.00;7.01;-230845886_0;5.10;0.00;tripinfo_in_ba_to_ko.11;245.00;in_ba_to_ko.11;0;2114.29;0.99;0.00;50.49;car;;3;19.00
2410.00;972103805_0;116.86;10.50;2182.00;0.30;-230845886_0;5.10;0.00;tripinfo_in_ba_to_ko.12;228.00;in_ba_to_ko.12;0;2114.29;1.01;0.00;36.19;car;;0;0.00
2413.00;23142338#2_0;290.21;10.75;2154.00;21.66;803785575#0_0;5.10;0.00;tripinfo_in_od_to_ns.3;259.00;in_od_to_ns.3;0;1928.29;1.03;0.00;78.99;car;;3;25.00
2414.00;23527526_0;253.75;9.48;2201.00;0.97;-230845886_0;5.10;0.00;tripinfo_in_ba_to_gj.6;213.00;in_ba_to_gj.6;0;1755.68;0.97;0.00;49.18;car;;1;6.00
2416.00;23156305_0;1264.14;10.34;2066.00;5.81;-23142338#2_0;5.10;0.00;tripinfo_in_ns_to_gg.2;350.00;in_ns_to_gg.2;0;3297.24;1.02;0.00;56.79;car;;1;12.00
2416.00;972103805_0;116.86;8.46;2103.00;14.69;803785575#0_0;5.10;0.00;tripinfo_in_od_to_ko.2;313.00;in_od_to_ko.2;0;2307.67;0.85;0.00;56.60;car;;2;22.00
2417.00;23527526_0;253.75;9.89;2106.00;17.12;803785575#0_0;5.10;0.00;tripinfo_in_od_to_gj.2;311.00;in_od_to_gj.2;0;2706.99;0.96;0.00;57.69;car;;2;10.00
2418.00;972103805_0;116.86;9.90;2121.00;28.49;803785575#0_0;5.10;0.00;tripinfo_in_od_to_ko.3;297.00;in_od_to_ko.3;0;2307.67;0.96;0.00;67.85;car;;2;18.00
2418.00;41899283#1_0;148.70;9.80;2151.00;27.96;803785575#0_0;5.10;0.00;tripinfo_in_od_to_as.4;267.00;in_od_to_as.4;0;2382.09;0.94;0.00;37.05;car;;2;7.00
2420.00;972103805_0;116.86;11.14;2127.00;28.20;803785575#0_0;5.10;0.00;tripinfo_in_od_to_ko.4;293.00;in_od_to_ko.4;0;2307.67;1.03;0.00;80.07;car;;2;18.00
2420.00;23142338#2_0;290.21;10.36;2157.00;14.15;803785575#0_0;5.10;0.00;tripinfo_in_od_to_ns.4;263.00;in_od_to_ns.4;0;1928.29;0.96;0.00;68.87;car;;2;22.00
2423.00;972103805_0;116.86;10.99;2186.00;0.73;-23142338#2_0;5.10;0.00;tripinfo_in_ns_to_ko.17;237.00;in_ns_to_ko.17;0;1398.55;1.00;0.00;110.48;car;;5;58.00
2425.00;45494495_0;58.90;10.07;2321.00;18.03;803785575#0_0;5.10;0.00;tripinfo_in_od_to_os.20;104.00;in_od_to_os.20;0;969.96;0.94;0.00;10.58;car;;0;0.00
2433.00;972103805_0;116.86;7.98;2197.00;0.22;-23142338#2_0;5.10;0.00;tripinfo_in_ns_to_ko.18;236.00;in_ns_to_ko.18;0;1398.55;0.76;0.00;70.43;car;;3;38.00
2435.00;230845886_0;633.12;9.86;2221.00;0.73;-45494495_0;5.10;0.00;tripinfo_in_os_to_ba.5;214.00;in_os_to_ba.5;0;1746.52;0.91;0.00;39.55;car;;2;7.00
2435.00;972103805_0;116.86;10.41;2269.00;2.56;23687583_0;5.10;0.00;tripinfo_in_as_to_ko.13;166.00;in_as_to_ko.13;0;1102.39;1.01;0.00;67.12;car;;3;27.00
2436.00;23142338#2_0;290.21;12.35;2172.00;18.38;803785575#0_0;5.10;0.00;tripinfo_in_od_to_ns.5;264.00;in_od_to_ns.5;0;1928.29;1.14;0.00;100.21;car;;3;40.00
2437.00;972103805_0;116.86;11.36;2200.00;0.86;-23142338#2_0;5.10;0.00;tripinfo_in_ns_to_ko.19;237.00;in_ns_to_ko.19;0;1398.55;1.09;0.00;121.04;car;;5;38.00
2437.00;230845886_0;633.12;10.07;2225.00;4.35;-45494495_0;5.10;0.00;tripinfo_in_os_to_ba.6;212.00;in_os_to_ba.6;0;1746.52;0.97;0.00;48.11;car;;1;6.00
2438.00;23156305_0;1264.14;9.80;2021.00;2.03;803785575#0_0;5.10;0.00;tripinfo_in_od_to_gg.1;417.00;in_od_to_gg.1;0;3669.96;0.92;0.00;53.72;car;;2;10.00
2440.00;23156305_0;1264.14;10.74;2040.00;4.30;803785575#0_0;5.10;0.00;tripinfo_in_od_to_gg.2;400.00;in_od_to_gg.2;0;3669.96;1.08;0.00;91.83;car;;2;5.00
2440.00;41899283#1_0;148.70;11.29;2228.00;5.59;-45494495_0;5.10;0.00;tripinfo_in_os_to_as.3;212.00;in_os_to_as.3;0;1746.47;1.02;0.00;57.41;car;;2;8.00
2441.00;23156390_0;1121.44;9.86;2226.00;2.48;23687583_0;5.10;0.00;tripinfo_in_as_to_br.0;215.00;in_as_to_br.0;0;1694.48;0.94;0.00;51.26;car;;1;24.00
2442.00;23156305_0;1264.14;10.25;2139.00;0.15;-230845886_0;5.10;0.00;tripinfo_in_ba_to_gg.0;303.00;in_ba_to_gg.0;0;2718.65;0.99;0.00;53.51;car;;0;0.00
2442.00;41899283#1_0;148.70;11.14;2178.00;16.24;803785575#0_0;5.10;0.00;tripinfo_in_od_to_as.5;264.00;in_od_to_as.5;0;2382.09;1.04;0.00;56.49;car;;1;2.00
2445.00;28716808#1_0;754.74;6.77;2192.00;4.37;-230845886_0;5.10;0.00;tripinfo_wu_ba_to_kl.1;253.00;wu_ba_to_kl.1;0;1727.09;0.69;0.00;26.80;car;;0;0.00
2446.00;972103805_0;116.86;8.11;2133.00;28.35;803785575#0_0;5.10;0.00;tripinfo_in_od_to_ko.5;313.00;in_od_to_ko.5;0;2307.67;0.83;0.00;48.30;car;;2;13.00
2447.00;45494495_0;58.90;9.00;2333.00;25.77;803785575#0_0;5.10;0.00;tripinfo_in_od_to_os.21;114.00;in_od_to_os.21;0;969.96;0.90;0.00;16.42;car;;0;0.00
2448.00;972103805_0;116.86;9.95;2142.00;33.14;803785575#0_0;5.10;0.00;tripinfo_in_od_to_ko.6;306.00;in_od_to_ko.6;0;2307.67;1.00;0.00;87.01;car;;2;13.00
2448.00;41899283#1_0;148.70;10.69;2212.00;0.42;803785575#0_0;5.10;0.00;tripinfo_in_od_to_as.6;236.00;in_od_to_as.6;0;2382.09;1.03;0.00;26.31;car;;0;0.00
2449.00;45494495_0;58.90;10.63;2348.00;32.79;803785575#0_0;5.10;0.00;tripinfo_in_od_to_os.22;101.00;in_od_to_os.22;0;969.96;0.97;0.00;10.22;car;;0;0.00
2450.00;972103805_0;116.86;9.61;2145.00;34.91;803785575#0_0;5.10;0.00;tripinfo_in_od_to_ko.7;305.00;in_od_to_ko.7;0;2307.67;0.94;0.00;71.91;car;;2;11.00
2450.00;23142338#2_0;290.21;9.32;2128.00;1.49;-230845886_0;5.10;0.00;tripinfo_in_ba_to_ns.0;322.00;in_ba_to_ns.0;0;2346.36;0.92;0.00;90.76;car;;3;38.00
2452.00;23142338#2_0;290.21;11.32;2031.00;7.95;-45494495_0;5.10;0.00;tripinfo_in_os_to_ns.1;421.00;in_os_to_ns.1;0;1665.91;1.11;0.00;274.35;car;;7;199.00
2452.00;972103805_0;116.86;10.06;2203.00;2.60;-23142338#2_0;5.10;0.00;tripinfo_in_ns_to_ko.20;249.00;in_ns_to_ko.20;0;1398.55;0.94;0.00;115.07;car;;5;64.00
2454.00;972103805_0;116.86;12.83;2212.00;0.31;-23142338#2_0;5.10;0.00;tripinfo_in_ns_to_ko.21;242.00;in_ns_to_ko.21;0;1398.55;1.20;0.00;136.62;car;;4;61.00
2454.00;23527526_0;253.75;10.58;2280.00;4.39;-230845886_0;5.10;0.00;tripinfo_in_ba_to_gj.7;174.00;in_ba_to_gj.7;0;1755.68;0.99;0.00;13.71;car;;0;0.00
2456.00;972103805_0;116.86;12.30;2148.00;25.51;803785575#0_0;5.10;0.00;tripinfo_in_od_to_ko.8;308.00;in_od_to_ko.8;0;2307.67;1.12;0.00;110.89;car;;2;26.00
2456.00;45494495_0;58.90;10.81;2274.00;3.06;-230845886_0;5.10;0.00;tripinfo_in_ba_to_os.5;182.00;in_ba_to_os.5;0;1647.96;0.98;0.00;29.37;car;;0;0.00
2458.00;45494495_0;58.90;12.95;2369.00;24.91;803785575#0_0;5.10;0.00;tripinfo_in_od_to_os.23;89.00;in_od_to_os.23;0;969.96;1.28;0.00;18.83;car;;1;5.00
2460.00;23527526_0;253.75;11.01;2387.00;2.74;23687583_0;5.10;0.00;tripinfo_in_as_to_gj.7;73.00;in_as_to_gj.7;0;649.06;1.06;0.00;17.67;car;;1;4.00
2461.00;45494495_0;58.90;10.52;2295.00;0.50;-230845886_0;5.10;0.00;tripinfo_in_ba_to_os.6;166.00;in_ba_to_os.6;0;1647.96;1.03;0.00;21.48;car;;1;1.00
2462.00;28716808#1_0;754.74;9.63;2124.00;29.56;803785575#0_0;5.10;0.00;tripinfo_in_od_to_kl.2;338.00;in_od_to_kl.2;0;2678.40;0.93;0.00;77.00;car;;5;33.00
2463.00;230845886_0;633.12;9.24;2277.00;0.73;-45494495_0;5.10;0.00;tripinfo_in_os_to_ba.7;186.00;in_os_to_ba.7;0;1746.52;0.94;0.00;17.82;car;;0;0.00
2464.00;28716808#1_0;754.74;11.28;2130.00;27.42;803785575#0_0;5.10;0.00;tripinfo_in_od_to_kl.3;334.00;in_od_to_kl.3;0;2678.40;1.04;0.00;100.13;car;;6;34.00
2465.00;230845886_0;633.12;11.27;2224.00;1.51;803785575#0_0;5.10;0.00;tripinfo_in_od_to_ba.7;241.00;in_od_to_ba.7;0;2382.14;1.04;0.00;34.19;car;;0;0.00
2465.00;972103805_0;116.86;11.04;2330.00;0.90;23687583_0;5.10;0.00;tripinfo_in_as_to_ko.14;135.00;in_as_to_ko.14;0;1102.39;1.01;0.00;35.72;car;;2;19.00
2465.00;23156030#6_0;109.07;10.44;2347.00;6.27;-45494495_0;5.10;0.00;tripinfo_in_os_to_od.4;118.00;in_os_to_od.4;0;865.51;0.96;0.00;35.98;car;;1;17.00
2466.00;28716808#1_0;754.74;10.11;2130.00;7.11;-23142338#2_0;5.10;0.00;tripinfo_in_ns_to_kl.0;336.00;in_ns_to_kl.0;0;2315.58;0.99;0.00;123.45;car;;5;68.00
2466.00;972103805_0;116.86;11.40;2358.00;0.20;23687583_0;5.10;0.00;tripinfo_in_as_to_ko.15;108.00;in_as_to_ko.15;0;1102.39;1.18;0.00;23.83;car;;1;6.00
2467.00;28706217_0;94.10;7.35;2065.00;1.82;-230845886_0;5.10;0.00;tripinfo_in_ba_to_sl.2;402.00;in_ba_to_sl.2;0;1934.94;0.98;0.00;218.54;car;;8;150.00
2468.00;41899283#1_0;148.70;11.88;2323.00;3.26;-230845886_0;5.10;0.00;tripinfo_in_ba_to_as.11;145.00;in_ba_to_as.11;0;1430.78;1.10;0.00;27.51;car;;1;2.00
2469.00;28716808#1_0;754.74;10.41;2136.00;8.72;-23142338#2_0;5.10;0.00;tripinfo_in_ns_to_kl.1;333.00;in_ns_to_kl.1;0;2315.58;0.94;0.00;109.68;car;;5;63.00
2469.00;972103805_0;116.86;11.52;2259.00;1.13;-230845886_0;5.10;0.00;tripinfo_in_ba_to_ko.13;210.00;in_ba_to_ko.13;0;2114.29;1.13;0.00;39.60;car;;2;7.00
2472.00;230845886_0;633.12;11.23;2296.00;1.99;-45494495_0;5.10;0.00;tripinfo_in_os_to_ba.8;176.00;in_os_to_ba.8;0;1746.52;1.06;0.00;26.12;car;;1;1.00
2475.00;972103805_0;116.86;9.65;2222.00;1.47;-23142338#2_0;5.10;0.00;tripinfo_in_ns_to_ko.22;253.00;in_ns_to_ko.22;0;1398.55;0.91;0.00;114.14;car;;6;73.00
2477.00;972103805_0;116.86;11.18;2028.00;7.02;-45494495_0;5.10;0.00;tripinfo_in_os_to_ko.0;449.00;in_os_to_ko.0;0;2045.29;1.08;0.00;267.11;car;;7;203.00
2477.00;23142338#2_0;290.21;10.20;2181.00;13.24;803785575#0_0;5.10;0.00;tripinfo_in_od_to_ns.6;296.00;in_od_to_ns.6;0;1928.29;0.92;0.00;94.31;car;;4;48.00
2477.00;23527526_0;253.75;10.54;2246.00;0.12;-45494495_0;5.10;0.00;tripinfo_in_os_to_gj.0;231.00;in_os_to_gj.0;0;2071.37;0.98;0.00;38.96;car;;1;1.00
2477.00;45494495_0;58.90;11.17;2372.00;21.69;803785575#0_0;5.10;0.00;tripinfo_in_od_to_os.24;105.00;in_od_to_os.24;0;969.96;1.01;0.00;17.96;car;;0;0.00
2479.00;28716808#1_0;754.74;8.99;2139.00;30.75;803785575#0_0;5.10;0.00;tripinfo_in_od_to_kl.4;340.00;in_od_to_kl.4;0;2678.40;0.90;0.00;69.82;car;;5;25.00
2481.00;23156305_0;1264.14;9.63;2073.00;14.98;803785575#0_0;5.10;0.00;tripinfo_in_od_to_gg.3;408.00;in_od_to_gg.3;0;3669.96;0.98;0.00;68.42;car;;3;6.00
2481.00;230845886_0;633.12;10.41;2250.00;4.25;803785575#0_0;5.10;0.00;tripinfo_in_od_to_ba.8;231.00;in_od_to_ba.8;0;2382.14;1.01;0.00;18.38;car;;0;0.00
2483.00;28716808#1_0;754.74;9.83;2261.00;0.03;-45494495_0;5.10;0.00;tripinfo_in_os_to_kl.0;222.00;in_os_to_kl.0;0;2042.78;0.99;0.00;34.59;car;;1;1.00
2491.00;28706217_0;94.10;7.43;2067.00;5.33;23687583_0;5.10;0.00;tripinfo_in_as_to_sl.0;424.00;in_as_to_sl.0;0;1976.75;0.95;0.00;230.57;car;;9;163.00
2494.00;972103805_0;116.86;10.96;2277.00;5.75;-230845886_0;5.10;0.00;tripinfo_in_ba_to_ko.14;217.00;in_ba_to_ko.14;0;2114.29;1.03;0.00;31.16;car;;1;4.00
2497.00;23142338#2_0;290.21;11.82;2212.00;4.44;-230845886_0;5.10;0.00;tripinfo_in_ba_to_ns.1;285.00;in_ba_to_ns.1;0;2346.36;1.11;0.00;93.14;car;;2;34.00
2499.00;972103805_0;116.86;10.96;2284.00;2.05;-230845886_0;5.10;0.00;tripinfo_in_ba_to_ko.15;215.00;in_ba_to_ko.15;0;2114.29;1.01;0.00;24.74;car;;0;0.00
2502.00;23156030#6_0;109.07;10.81;2139.00;0.26;-23142338#2_0;5.10;0.00;tripinfo_in_ns_to_od.0;363.00;in_ns_to_od.0;0;2005.01;1.01;0.00;171.17;car;;6;119.00
2502.00;23142338#2_0;290.21;11.01;2237.00;2.15;-230845886_0;5.10;0.00;tripinfo_in_ba_to_ns.2;265.00;in_ba_to_ns.2;0;2346.36;1.06;0.00;64.12;car;;2;23.00
2504.00;972103805_0;116.86;10.20;2233.00;0.63;-23142338#2_0;5.10;0.00;tripinfo_in_ns_to_ko.23;271.00;in_ns_to_ko.23;0;1398.55;1.00;0.00;145.29;car;;7;96.00
2504.00;23527526_0;253.75;10.17;2308.00;0.64;-230845886_0;5.10;0.00;tripinfo_in_ba_to_gj.8;196.00;in_ba_to_gj.8;0;1755.68;1.00;0.00;37.09;car;;1;7.00
2505.00;23156305_0;1264.14;9.32;2129.00;0.66;-45494495_0;5.10;0.00;tripinfo_in_os_to_gg.0;376.00;in_os_to_gg.0;0;3034.34;0.89;0.00;66.83;car;;3;7.00
2506.00;972103805_0;116.86;12.16;2236.00;3.61;-23142338#2_0;5.10;0.00;tripinfo_in_ns_to_ko.24;270.00;in_ns_to_ko.24;0;1398.55;1.16;0.00;161.63;car;;8;91.00
2507.00;23156305_0;1264.14;11.32;2079.00;15.68;803785575#0_0;5.10;0.00;tripinfo_in_od_to_gg.4;428.00;in_od_to_gg.4;0;3669.96;1.06;0.00;113.89;car;;2;3.00
2507.00;23527526_0;253.75;10.91;2320.00;4.04;-230845886_0;5.10;0.00;tripinfo_in_ba_to_gj.9;187.00;in_ba_to_gj.9;0;1755.68;1.00;0.00;27.72;car;;1;2.00
2509.00;23156305_0;1264.14;9.91;2094.00;17.95;803785575#0_0;5.10;0.00;tripinfo_in_od_to_gg.5;415.00;in_od_to_gg.5;0;3669.96;0.98;0.00;76.85;car;;0;0.00
2509.00;23527526_0;253.75;10.81;2247.00;2.29;803785575#0_0;5.10;0.00;tripinfo_in_od_to_gj.3;262.00;in_od_to_gj.3;0;2706.99;1.02;0.00;23.13;car;;0;0.00
2509.00;45494495_0;58.90;8.66;2387.00;19.70;803785575#0_0;5.10;0.00;tripinfo_in_od_to_os.25;122.00;in_od_to_os.25;0;969.96;0.84;0.00;17.53;car;;1;2.00
2510.00;972103805_0;116.86;11.11;2246.00;0.75;-23142338#2_0;5.10;0.00;tripinfo_in_ns_to_ko.25;264.00;in_ns_to_ko.25;0;1398.55;1.07;0.00;146.12;car;;6;87.00
2511.00;45494495_0;58.90;9.13;2219.00;0.77;-23142338#2_0;5.10;0.00;tripinfo_in_ns_to_os.1;292.00;in_ns_to_os.1;0;1865.82;0.85;0.00;93.26;car;;4;47.00
2511.00;23156305_0;1264.14;11.75;2349.00;0.19;23687583_0;5.10;0.00;tripinfo_in_as_to_gg.2;162.00;in_as_to_gg.2;0;1600.87;1.06;0.00;24.55;car;;0;0.00
2525.00;28706217_0;94.10;7.07;2076.00;2.56;23687583_0;5.10;0.00;tripinfo_in_as_to_sl.1;449.00;in_as_to_sl.1;0;1976.75;0.89;0.00;242.55;car;;8;175.00
2525.00;972103805_0;116.86;9.98;2384.00;0.71;23687583_0;5.10;0.00;tripinfo_in_as_to_ko.16;141.00;in_as_to_ko.16;0;1102.39;1.00;0.00;40.92;car;;2;25.00
2527.00;28706217_0;94.10;8.20;2087.00;0.65;23687583_0;5.10;0.00;tripinfo_in_as_to_sl.2;440.00;in_as_to_sl.2;0;1976.75;1.04;0.00;262.42;car;;10;180.00
2527.00;23142338#2_0;290.21;11.30;2263.00;0.62;803785575#0_0;5.10;0.00;tripinfo_in_od_to_ns.7;264.00;in_od_to_ns.7;0;1928.29;1.12;0.00;97.87;car;;2;36.00
2528.00;23527526_0;253.75;10.94;2332.00;3.32;-230845886_0;5.10;0.00;tripinfo_in_ba_to_gj.10;196.00;in_ba_to_gj.10;0;1755.68;1.08;0.00;47.88;car;;3;22.00
2530.00;23156305_0;1264.14;8.90;2220.00;0.97;-230845886_0;5.10;0.00;tripinfo_in_ba_to_gg.1;310.00;in_ba_to_gg.1;0;2718.65;0.91;0.00;37.91;car;;0;0.00
2531.00;28716808#1_0;754.74;9.79;2394.00;3.19;23687583_0;5.10;0.00;tripinfo_in_as_to_kl.3;137.00;in_as_to_kl.3;0;1207.92;0.98;0.00;24.64;car;;1;3.00
2532.00;23156305_0;1264.14;12.87;2192.00;3.76;-45494495_0;5.10;0.00;tripinfo_in_os_to_gg.1;340.00;in_os_to_gg.1;0;3034.34;1.32;0.00;119.68;car;;2;11.00
2534.00;230845886_0;633.12;11.54;2332.00;0.77;-45494495_0;5.10;0.00;tripinfo_in_os_to_ba.9;202.00;in_os_to_ba.9;0;1746.52;1.07;0.00;53.80;car;;1;20.00
2534.00;23527526_0;253.75;11.46;2361.00;4.43;-230845886_0;5.10;0.00;tripinfo_in_ba_to_gj.11;173.00;in_ba_to_gj.11;0;1755.68;1.07;0.00;24.73;car;;0;0.00
2535.00;972103805_0;116.86;8.80;2187.00;0.93;803785575#0_0;5.10;0.00;tripinfo_in_od_to_ko.9;348.00;in_od_to_ko.9;0;2307.67;0.89;0.00;102.50;car;;4;58.00
2537.00;972103805_0;116.86;11.56;2221.00;0.84;803785575#0_0;5.10;0.00;tripinfo_in_od_to_ko.10;316.00;in_od_to_ko.10;0;2307.67;1.05;0.00;106.30;car;;4;47.00
2539.00;972103805_0;116.86;9.86;2252.00;0.20;-23142338#2_0;5.10;0.00;tripinfo_in_ns_to_ko.26;287.00;in_ns_to_ko.26;0;1398.55;0.92;0.00;150.42;car;;7;98.00
2540.00;23156390_0;1121.44;8.76;2160.00;14.14;803785575#0_0;5.10;0.00;tripinfo_in_od_to_br.0;380.00;in_od_to_br.0;0;3149.31;0.86;0.00;49.54;car;;1;4.00
2541.00;972103805_0;116.86;10.06;2255.00;1.50;-23142338#2_0;5.10;0.00;tripinfo_in_ns_to_ko.27;286.00;in_ns_to_ko.27;0;1398.55;1.01;0.00;161.07;car;;7;99.00
2543.00;23156305_0;1264.14;9.28;2246.00;2.82;-230845886_0;5.10;0.00;tripinfo_in_ba_to_gg.2;297.00;in_ba_to_gg.2;0;2718.65;0.91;0.00;24.76;car;;0;0.00
2544.00;23156390_0;1121.44;9.42;2352.00;1.36;23687583_0;5.10;0.00;tripinfo_in_as_to_br.1;192.00;in_as_to_br.1;0;1694.48;0.87;0.00;15.33;car;;0;0.00
2546.00;23156305_0;1264.14;9.11;2121.00;0.65;-23142338#2_0;5.10;0.00;tripinfo_in_ns_to_gg.3;425.00;in_ns_to_gg.3;0;3297.24;0.91;0.00;94.39;car;;3;34.00
2546.00;23156390_0;1121.44;11.39;2175.00;15.46;803785575#0_0;5.10;0.00;tripinfo_in_od_to_br.1;371.00;in_od_to_br.1;0;3149.31;1.05;0.00;99.50;car;;2;4.00
2546.00;23527526_0;253.75;10.37;2479.00;0.25;23687583_0;5.10;0.00;tripinfo_in_as_to_gj.8;67.00;in_as_to_gj.8;0;649.06;1.01;0.00;8.31;car;;0;0.00
2548.00;23156390_0;1121.44;11.01;2204.00;1.33;803785575#0_0;5.10;0.00;tripinfo_in_od_to_br.2;344.00;in_od_to_br.2;0;3149.31;1.01;0.00;61.87;car;;1;12.00
2548.00;23142338#2_0;290.21;10.01;2249.00;3.09;23687583_0;5.10;0.00;tripinfo_in_as_to_ns.4;299.00;in_as_to_ns.4;0;1995.73;0.94;0.00;104.17;car;;5;61.00
2548.00;23156305_0;1264.14;12.00;2271.00;0.12;-230845886_0;5.10;0.00;tripinfo_in_ba_to_gg.3;277.00;in_ba_to_gg.3;0;2718.65;1.11;0.00;53.57;car;;1;1.00
2550.00;41899283#1_0;148.70;10.76;2228.00;0.50;-23142338#2_0;5.10;0.00;tripinfo_in_ns_to_as.3;322.00;in_ns_to_as.3;0;2009.37;1.04;0.00;145.82;car;;6;87.00
2550.00;23142338#2_0;290.21;10.78;2257.00;2.58;23687583_0;5.10;0.00;tripinfo_in_as_to_ns.5;293.00;in_as_to_ns.5;0;1995.73;1.02;0.00;113.82;car;;5;50.00
2550.00;28716808#1_0;754.74;9.61;2354.00;1.16;-230845886_0;5.10;0.00;tripinfo_in_ba_to_kl.1;196.00;in_ba_to_kl.1;0;1727.09;0.94;0.00;29.39;car;;1;9.00
2554.00;972103805_0;116.86;11.20;2425.00;3.63;23687583_0;5.10;0.00;tripinfo_in_as_to_ko.17;129.00;in_as_to_ko.17;0;1102.39;1.04;0.00;32.48;car;;1;17.00
2558.00;23527526_0;253.75;11.79;2375.00;4.57;-230845886_0;5.10;0.00;tripinfo_in_ba_to_gj.12;183.00;in_ba_to_gj.12;0;1755.68;1.08;0.00;35.68;car;;1;5.00
2559.00;972103805_0;116.86;9.22;2305.00;3.36;-230845886_0;5.10;0.00;tripinfo_in_ba_to_ko.16;254.00;in_ba_to_ko.16;0;2114.29;0.90;0.00;41.65;car;;3;11.00
2561.00;972103805_0;116.86;11.47;2329.00;0.54;-230845886_0;5.10;0.00;tripinfo_in_ba_to_ko.17;232.00;in_ba_to_ko.17;0;2114.29;1.10;0.00;56.58;car;;3;13.00
2561.00;23527526_0;253.75;12.72;2393.00;2.45;-230845886_0;5.10;0.00;tripinfo_in_ba_to_gj.13;168.00;in_ba_to_gj.13;0;1755.68;1.16;0.00;31.31;car;;0;0.00
2562.00;23142338#2_0;290.21;10.94;2312.00;11.53;803785575#0_0;5.10;0.00;tripinfo_in_od_to_ns.8;250.00;in_od_to_ns.8;0;1928.29;1.09;0.00;78.32;car;;1;16.00
2564.00;41899283#1_0;148.70;10.10;2266.00;2.20;803785575#0_0;5.10;0.00;tripinfo_in_od_to_as.7;298.00;in_od_to_as.7;0;2382.09;0.93;0.00;66.29;car;;3;28.00
2566.00;28706217_0;94.10;6.99;2091.00;1.03;23687583_0;5.10;0.00;tripinfo_in_as_to_sl.3;475.00;in_as_to_sl.3;0;1976.75;0.97;0.00;286.43;car;;11;210.00
2566.00;972103805_0;116.86;8.38;2253.00;1.11;803785575#0_0;5.10;0.00;tripinfo_in_od_to_ko.11;313.00;in_od_to_ko.11;0;2307.67;0.86;0.00;59.45;car;;2;22.00
2566.00;230845886_0;633.12;9.60;2284.00;5.55;803785575#0_0;5.10;0.00;tripinfo_in_od_to_ba.9;282.00;in_od_to_ba.9;0;2382.14;0.87;0.00;36.04;car;;0;0.00
2566.00;41899283#1_0;148.70;11.10;2340.00;0.24;-45494495_0;5.10;0.00;tripinfo_in_os_to_as.4;226.00;in_os_to_as.4;0;1746.47;1.07;0.00;77.22;car;;3;23.00
2568.00;972103805_0;116.86;11.50;2273.00;4.92;-23142338#2_0;5.10;0.00;tripinfo_in_ns_to_ko.28;295.00;in_ns_to_ko.28;0;1398.55;1.08;0.00;177.35;car;;7;101.00
2568.00;41899283#1_0;148.70;12.29;2290.00;11.27;803785575#0_0;5.10;0.00;tripinfo_in_od_to_as.8;278.00;in_od_to_as.8;0;2382.09;1.12;0.00;84.49;car;;3;21.00
2568.00;230845886_0;633.12;10.93;2297.00;12.82;803785575#0_0;5.10;0.00;tripinfo_in_od_to_ba.10;271.00;in_od_to_ba.10;0;2382.14;1.00;0.00;55.96;car;;1;3.00
2569.00;23156305_0;1264.14;11.42;2243.00;0.07;-45494495_0;5.10;0.00;tripinfo_in_os_to_gg.2;326.00;in_os_to_gg.2;0;3034.34;1.05;0.00;63.26;car;;1;1.00
2569.00;23142338#2_0;290.21;11.37;2265.00;0.57;23687583_0;5.10;0.00;tripinfo_in_as_to_ns.6;304.00;in_as_to_ns.6;0;1995.73;1.13;0.00;143.00;car;;8;76.00
2570.00;972103805_0;116.86;11.75;2285.00;0.65;-23142338#2_0;5.10;0.00;tripinfo_in_ns_to_ko.29;285.00;in_ns_to_ko.29;0;1398.55;1.08;0.00;167.38;car;;7;95.00
2571.00;972103805_0;116.86;11.78;2278.00;2.78;803785575#0_0;5.10;0.00;tripinfo_in_od_to_ko.12;293.00;in_od_to_ko.12;0;2307.67;1.13;0.00;98.57;car;;2;34.00
2573.00;972103805_0;116.86;12.30;2281.00;4.87;803785575#0_0;5.10;0.00;tripinfo_in_od_to_ko.13;292.00;in_od_to_ko.13;0;2307.67;1.16;0.00;101.76;car;;2;32.00
2576.00;23142338#2_0;290.21;10.19;2333.00;0.94;23687583_0;5.10;0.00;tripinfo_in_as_to_ns.7;243.00;in_as_to_ns.7;0;1995.73;1.02;0.00;65.18;car;;4;22.00
2577.00;972103805_0;116.86;11.14;2300.00;15.32;803785575#0_0;5.10;0.00;tripinfo_in_od_to_ko.14;277.00;in_od_to_ko.14;0;2307.67;1.02;0.00;61.71;car;;2;21.00
2577.00;23527526_0;253.75;10.10;2497.00;3.12;23687583_0;5.10;0.00;tripinfo_in_as_to_gj.9;80.00;in_as_to_gj.9;0;649.06;0.91;0.00;14.96;car;;1;4.00
2578.00;230845886_0;633.12;11.05;2438.00;3.60;23687583_0;5.10;0.00;tripinfo_in_as_to_ba.7;140.00;in_as_to_ba.7;0;1356.50;1.02;0.00;20.04;car;;1;2.00
2580.00;28706217_0;94.10;8.20;2225.00;1.58;-23142338#2_0;5.10;0.00;tripinfo_in_ns_to_sl.1;355.00;in_ns_to_sl.1;0;1619.36;1.06;0.00;201.09;car;;8;132.00
2584.00;41899283#1_0;148.70;8.46;2294.00;13.29;803785575#0_0;5.10;0.00;tripinfo_in_od_to_as.9;290.00;in_od_to_as.9;0;2382.09;0.82;0.00;27.58;car;;1;1.00
2586.00;28716808#1_0;754.74;9.64;2448.00;3.09;23687583_0;5.10;0.00;tripinfo_in_as_to_kl.4;138.00;in_as_to_kl.4;0;1207.92;0.87;0.00;12.00;car;;0;0.00
2587.00;23156305_0;1264.14;11.06;2142.00;0.60;-23142338#2_0;5.10;0.00;tripinfo_in_ns_to_gg.4;445.00;in_ns_to_gg.4;0;3297.24;1.00;0.00;146.15;car;;6;85.00
2588.00;28716808#1_0;754.74;8.97;2260.00;0.01;803785575#0_0;5.10;0.00;tripinfo_in_od_to_kl.5;328.00;in_od_to_kl.5;0;2678.40;0.92;0.00;64.01;car;;4;24.00
2588.00;972103805_0;116.86;9.04;2445.00;6.42;23687583_0;5.10;0.00;tripinfo_in_as_to_ko.18;143.00;in_as_to_ko.18;0;1102.39;0.85;0.00;26.14;car;;1;10.00
2590.00;972103805_0;116.86;10.38;2337.00;0.86;-230845886_0;5.10;0.00;tripinfo_in_ba_to_ko.18;253.00;in_ba_to_ko.18;0;2114.29;1.03;0.00;66.64;car;;4;25.00
2590.00;28716808#1_0;754.74;10.49;2382.00;0.99;-230845886_0;5.10;0.00;tripinfo_wu_ba_to_kl.2;208.00;wu_ba_to_kl.2;0;1727.09;1.04;0.00;57.68;car;;2;17.00
2592.00;972103805_0;116.86;10.72;2340.00;2.19;-230845886_0;5.10;0.00;tripinfo_in_ba_to_ko.19;252.00;in_ba_to_ko.19;0;2114.29;1.00;0.00;59.55;car;;3;20.00
2593.00;23142338#2_0;290.21;10.81;2311.00;0.83;-230845886_0;5.10;0.00;tripinfo_in_ba_to_ns.3;282.00;in_ba_to_ns.3;0;2346.36;1.02;0.00;73.85;car;;2;37.00
2594.00;28716808#1_0;754.74;10.78;2303.00;14.05;803785575#0_0;5.10;0.00;tripinfo_in_od_to_kl.6;291.00;in_od_to_kl.6;0;2678.40;1.01;0.00;49.99;car;;1;2.00
2594.00;41899283#1_0;148.70;9.90;2424.00;2.55;-230845886_0;5.10;0.00;tripinfo_in_ba_to_as.12;170.00;in_ba_to_as.12;0;1430.78;0.92;0.00;29.79;car;;2;11.00
2595.00;23156390_0;1121.44;10.81;2315.00;0.62;-45494495_0;5.10;0.00;tripinfo_in_os_to_br.4;280.00;in_os_to_br.4;0;2513.69;1.00;0.00;50.27;car;;3;21.00
2596.00;972103805_0;116.86;8.58;2300.00;1.39;-23142338#2_0;5.10;0.00;tripinfo_in_ns_to_ko.30;296.00;in_ns_to_ko.30;0;1398.55;0.87;0.00;150.97;car;;7;100.00
2596.00;41899283#1_0;148.70;11.92;2433.00;0.21;-230845886_0;5.10;0.00;tripinfo_in_ba_to_as.13;163.00;in_ba_to_as.13;0;1430.78;1.18;0.00;52.28;car;;1;5.00
2598.00;972103805_0;116.86;12.30;2303.00;0.48;-23142338#2_0;5.10;0.00;tripinfo_in_ns_to_ko.31;295.00;in_ns_to_ko.31;0;1398.55;1.23;0.00;191.76;car;;7;94.00
2601.00;23142338#2_0;290.21;11.23;2378.00;0.71;23687583_0;5.10;0.00;tripinfo_in_as_to_ns.8;223.00;in_as_to_ns.8;0;1995.73;1.09;0.00;56.74;car;;2;28.00
2604.00;23156305_0;1264.14;9.77;2231.00;0.08;803785575#0_0;5.10;0.00;tripinfo_in_od_to_gg.6;373.00;in_od_to_gg.6;0;3669.96;0.99;0.00;35.07;car;;1;4.00
2604.00;230845886_0;633.12;12.06;2342.00;29.01;803785575#0_0;5.10;0.00;tripinfo_in_od_to_ba.11;262.00;in_od_to_ba.11;0;2382.14;1.09;0.00;65.23;car;;1;10.00
2607.00;41899283#1_0;148.70;9.64;2392.00;0.20;-45494495_0;5.10;0.00;tripinfo_in_os_to_as.5;215.00;in_os_to_as.5;0;1746.47;0.89;0.00;36.80;car;;2;4.00
2607.00;23527526_0;253.75;10.07;2523.00;0.51;23687583_0;5.10;0.00;tripinfo_in_as_to_gj.10;84.00;in_as_to_gj.10;0;649.06;0.95;0.00;20.67;car;;1;9.00
2610.00;972103805_0;116.86;7.71;2309.00;1.96;-23142338#2_0;5.10;0.00;tripinfo_in_ns_to_ko.32;301.00;in_ns_to_ko.32;0;1398.55;0.79;0.00;142.25;car;;6;93.00
2612.00;28716808#1_0;754.74;10.16;2239.00;2.80;-23142338#2_0;5.10;0.00;tripinfo_in_ns_to_kl.2;373.00;in_ns_to_kl.2;0;2315.58;0.96;0.00;153.85;car;;7;93.00
2615.00;28716808#1_0;754.74;12.02;2324.00;19.13;803785575#0_0;5.10;0.00;tripinfo_in_od_to_kl.7;291.00;in_od_to_kl.7;0;2678.40;1.11;0.00;72.08;car;;2;5.00
2615.00;972103805_0;116.86;10.32;2372.00;6.73;-230845886_0;5.10;0.00;tripinfo_in_ba_to_ko.20;243.00;in_ba_to_ko.20;0;2114.29;0.95;0.00;40.81;car;;2;10.00
2618.00;28706217_0;94.10;7.22;2100.00;3.53;23687583_0;5.10;0.00;tripinfo_in_as_to_sl.4;518.00;in_as_to_sl.4;0;1976.75;0.88;0.00;310.63;car;;11;229.00
2618.00;972103805_0;116.86;10.32;2387.00;0.34;-230845886_0;5.10;0.00;tripinfo_in_ba_to_ko.21;231.00;in_ba_to_ko.21;0;2114.29;0.98;0.00;33.40;car;;1;6.00
2620.00;28706217_0;94.10;8.77;2120.00;0.46;23687583_0;5.10;0.00;tripinfo_in_as_to_sl.5;500.00;in_as_to_sl.5;0;1976.75;1.07;0.00;328.58;car;;10;221.00
2621.00;23142338#2_0;290.21;11.09;2366.00;23.34;803785575#0_0;5.10;0.00;tripinfo_in_od_to_ns.9;255.00;in_od_to_ns.9;0;1928.29;1.08;0.00;82.26;car;;2;38.00
2621.00;23527526_0;253.75;10.31;2550.00;2.95;23687583_0;5.10;0.00;tripinfo_in_as_to_gj.11;71.00;in_as_to_gj.11;0;649.06;0.95;0.00;8.43;car;;0;0.00
2622.00;972103805_0;116.86;9.99;2390.00;1.83;-230845886_0;5.10;0.00;tripinfo_in_ba_to_ko.22;232.00;in_ba_to_ko.22;0;2114.29;0.97;0.00;33.66;car;;1;5.00
2622.00;23156390_0;1121.44;8.95;2422.00;1.65;23687583_0;5.10;0.00;tripinfo_in_as_to_br.2;200.00;in_as_to_br.2;0;1694.48;0.88;0.00;24.96;car;;1;7.00
2623.00;23142338#2_0;290.21;10.93;2378.00;16.40;803785575#0_0;5.10;0.00;tripinfo_in_od_to_ns.10;245.00;in_od_to_ns.10;0;1928.29;1.09;0.00;74.66;car;;2;36.00
2625.00;23527526_0;253.75;11.69;2269.00;3.65;-23142338#2_0;5.10;0.00;tripinfo_in_ns_to_gj.0;356.00;in_ns_to_gj.0;0;2084.96;1.09;0.00;182.12;car;;7;105.00
2625.00;972103805_0;116.86;8.87;2309.00;10.11;803785575#0_0;5.10;0.00;tripinfo_in_od_to_ko.15;316.00;in_od_to_ko.15;0;2307.67;0.88;0.00;67.89;car;;3;30.00
2625.00;41899283#1_0;148.70;9.84;2330.00;23.26;803785575#0_0;5.10;0.00;tripinfo_in_od_to_as.10;295.00;in_od_to_as.10;0;2382.09;0.99;0.00;76.70;car;;0;0.00
2627.00;972103805_0;116.86;11.66;2336.00;26.46;803785575#0_0;5.10;0.00;tripinfo_in_od_to_ko.16;291.00;in_od_to_ko.16;0;2307.67;1.12;0.00;94.39;car;;2;25.00
2630.00;972103805_0;116.86;9.30;2318.00;0.98;-23142338#2_0;5.10;0.00;tripinfo_in_ns_to_ko.33;312.00;in_ns_to_ko.33;0;1398.55;0.94;0.00;178.15;car;;8;110.00
2630.00;41899283#1_0;148.70;10.72;2481.00;5.54;-230845886_0;5.10;0.00;tripinfo_in_ba_to_as.14;149.00;in_ba_to_as.14;0;1430.78;1.01;0.00;20.39;car;;0;0.00
2631.00;23156305_0;1264.14;9.58;2310.00;0.83;-45494495_0;5.10;0.00;tripinfo_in_os_to_gg.3;321.00;in_os_to_gg.3;0;3034.34;0.98;0.00;38.38;car;;1;8.00
2632.00;972103805_0;116.86;10.75;2321.00;2.94;-23142338#2_0;5.10;0.00;tripinfo_in_ns_to_ko.34;311.00;in_ns_to_ko.34;0;1398.55;1.05;0.00;190.33;car;;8;111.00
2632.00;23527526_0;253.75;9.74;2427.00;1.89;-230845886_0;5.10;0.00;tripinfo_in_ba_to_gj.14;205.00;in_ba_to_gj.14;0;1755.68;0.91;0.00;30.63;car;;1;7.00
2634.00;972103805_0;116.86;10.89;2324.00;4.34;-23142338#2_0;5.10;0.00;tripinfo_in_ns_to_ko.35;310.00;in_ns_to_ko.35;0;1398.55;1.06;0.00;190.98;car;;8;110.00
2634.00;23527526_0;253.75;12.94;2437.00;1.11;-230845886_0;5.10;0.00;tripinfo_in_ba_to_gj.15;197.00;in_ba_to_gj.15;0;1755.68;1.18;0.00;61.69;car;;1;6.00
2636.00;23527526_0;253.75;9.91;2445.00;0.69;-230845886_0;5.10;0.00;tripinfo_in_ba_to_gj.16;191.00;in_ba_to_gj.16;0;1755.68;1.00;0.00;32.00;car;;1;6.00
2637.00;972103805_0;116.86;10.54;2333.00;0.31;-23142338#2_0;5.10;0.00;tripinfo_in_ns_to_ko.36;304.00;in_ns_to_ko.36;0;1398.55;1.04;0.00;182.00;car;;8;102.00
2638.00;23156390_0;1121.44;10.12;2272.00;5.95;803785575#0_0;5.10;0.00;tripinfo_in_od_to_br.3;366.00;in_od_to_br.3;0;3149.31;0.98;0.00;74.07;car;;3;26.00
2639.00;230845886_0;633.12;10.65;2345.00;31.69;803785575#0_0;5.10;0.00;tripinfo_in_od_to_ba.12;294.00;in_od_to_ba.12;0;2382.14;0.97;0.00;72.83;car;;1;12.00
2640.00;230845886_0;633.12;11.88;2262.00;0.97;-23142338#2_0;5.10;0.00;tripinfo_in_ns_to_ba.0;378.00;in_ns_to_ba.0;0;2340.42;1.08;0.00;182.67;car;;7;104.00
2641.00;972103805_0;116.86;9.39;2351.00;32.63;803785575#0_0;5.10;0.00;tripinfo_in_od_to_ko.17;290.00;in_od_to_ko.17;0;2307.67;0.93;0.00;54.69;car;;2;21.00
2642.00;230845886_0;633.12;11.45;2360.00;24.97;803785575#0_0;5.10;0.00;tripinfo_in_od_to_ba.13;282.00;in_od_to_ba.13;0;2382.14;1.06;0.00;79.37;car;;1;11.00
2643.00;972103805_0;116.86;10.19;2357.00;29.06;803785575#0_0;5.10;0.00;tripinfo_in_od_to_ko.18;286.00;in_od_to_ko.18;0;2307.67;0.98;0.00;60.68;car;;2;21.00
2643.00;23527526_0;253.75;10.04;2557.00;0.16;23687583_0;5.10;0.00;tripinfo_in_as_to_gj.12;86.00;in_as_to_gj.12;0;649.06;1.00;0.00;26.14;car;;1;14.00
2644.00;23527526_0;253.75;11.88;2472.00;7.69;-230845886_0;5.10;0.00;tripinfo_in_ba_to_gj.17;172.00;in_ba_to_gj.17;0;1755.68;1.14;0.00;32.89;car;;0;0.00
2646.00;41899283#1_0;148.70;10.81;2496.00;5.77;-230845886_0;5.10;0.00;tripinfo_in_ba_to_as.15;150.00;in_ba_to_as.15;0;1430.78;1.05;0.00;26.99;car;;0;0.00
2647.00;972103805_0;116.86;9.23;2514.00;0.21;23687583_0;5.10;0.00;tripinfo_in_as_to_ko.19;133.00;in_as_to_ko.19;0;1102.39;0.91;0.00;23.66;car;;1;6.00
2650.00;972103805_0;116.86;10.41;2398.00;0.05;-230845886_0;5.10;0.00;tripinfo_in_ba_to_ko.23;252.00;in_ba_to_ko.23;0;2114.29;0.94;0.00;46.90;car;;1;14.00
2652.00;23142338#2_0;290.21;11.14;2343.00;0.43;-230845886_0;5.10;0.00;tripinfo_in_ba_to_ns.4;309.00;in_ba_to_ns.4;0;2346.36;1.01;0.00;97.93;car;;4;55.00
2652.00;972103805_0;116.86;11.87;2418.00;0.09;-230845886_0;5.10;0.00;tripinfo_in_ba_to_ko.24;234.00;in_ba_to_ko.24;0;2114.29;1.08;0.00;55.17;car;;2;16.00
2654.00;23156030#6_0;109.07;9.44;2266.00;0.73;-23142338#2_0;5.10;0.00;tripinfo_in_ns_to_od.1;388.00;in_ns_to_od.1;0;2005.01;0.94;0.00;181.96;car;;7;121.00
2654.00;972103805_0;116.86;10.37;2359.00;0.69;-23142338#2_0;5.10;0.00;tripinfo_in_ns_to_ko.37;295.00;in_ns_to_ko.37;0;1398.55;1.01;0.00;169.82;car;;8;104.00
2655.00;972103805_0;116.86;12.69;2362.00;2.54;-23142338#2_0;5.10;0.00;tripinfo_in_ns_to_ko.38;293.00;in_ns_to_ko.38;0;1398.55;1.23;0.00;190.85;car;;8;102.00
2657.00;23156390_0;1121.44;11.82;2327.00;20.70;803785575#0_0;5.10;0.00;tripinfo_in_od_to_br.5;330.00;in_od_to_br.5;0;3149.31;1.14;0.00;79.78;car;;2;4.00
2658.00;972103805_0;116.86;11.76;2392.00;0.42;-23142338#2_0;5.10;0.00;tripinfo_in_ns_to_ko.39;266.00;in_ns_to_ko.39;0;1398.55;1.11;0.00;151.77;car;;7;81.00
2659.00;230845886_0;633.12;9.08;2363.00;22.20;803785575#0_0;5.10;0.00;tripinfo_in_od_to_ba.14;296.00;in_od_to_ba.14;0;2382.14;0.83;0.00;36.65;car;;2;7.00
2660.00;972103805_0;116.86;12.15;2202.00;0.51;-45494495_0;5.10;0.00;tripinfo_in_os_to_ko.1;458.00;in_os_to_ko.1;0;2045.29;1.18;0.00;291.61;car;;10;198.00
2660.00;45494495_0;58.90;10.22;2423.00;15.78;803785575#0_0;5.10;0.00;tripinfo_in_od_to_os.26;237.00;in_od_to_os.26;0;969.96;0.92;0.00;141.53;car;;8;90.00
2662.00;28706217_0;94.10;5.83;2125.00;1.70;-230845886_0;5.10;0.00;tripinfo_in_ba_to_sl.3;537.00;in_ba_to_sl.3;0;1934.94;0.85;0.00;326.70;car;;10;236.00
2662.00;45494495_0;58.90;8.91;2358.00;2.98;-230845886_0;5.10;0.00;tripinfo_in_ba_to_os.7;304.00;in_ba_to_os.7;0;1647.96;0.91;0.00;140.21;car;;6;84.00
2663.00;23527526_0;253.75;11.65;2574.00;2.36;23687583_0;5.10;0.00;tripinfo_in_as_to_gj.13;89.00;in_as_to_gj.13;0;649.06;1.06;0.00;32.95;car;;2;16.00
2664.00;28706217_0;94.10;8.20;2297.00;0.05;-23142338#2_0;5.10;0.00;tripinfo_in_ns_to_sl.2;367.00;in_ns_to_sl.2;0;1619.36;1.01;0.00;205.91;car;;10;129.00
2664.00;45494495_0;58.90;11.96;2429.00;12.43;803785575#0_0;5.10;0.00;tripinfo_in_od_to_os.27;235.00;in_od_to_os.27;0;969.96;1.13;0.00;157.01;car;;3;125.00
2666.00;45494495_0;58.90;12.42;2249.00;0.81;-23142338#2_0;5.10;0.00;tripinfo_in_ns_to_os.2;417.00;in_ns_to_os.2;0;1865.82;1.13;0.00;266.36;car;;13;150.00
2666.00;23142338#2_0;290.21;10.26;2435.00;5.36;23687583_0;5.10;0.00;tripinfo_in_as_to_ns.9;231.00;in_as_to_ns.9;0;1995.73;0.97;0.00;42.41;car;;1;16.00
2669.00;41899283#1_0;148.70;11.87;2290.00;0.47;-23142338#2_0;5.10;0.00;tripinfo_in_ns_to_as.4;379.00;in_ns_to_as.4;0;2009.37;1.13;0.00;216.41;car;;8;112.00
2669.00;45494495_0;58.90;10.39;2365.00;7.86;-230845886_0;5.10;0.00;tripinfo_in_ba_to_os.8;304.00;in_ba_to_os.8;0;1647.96;0.95;0.00;146.14;car;;4;116.00
2672.00;45494495_0;58.90;10.85;2491.00;8.32;803785575#0_0;5.10;0.00;tripinfo_in_od_to_os.29;181.00;in_od_to_os.29;0;969.96;0.99;0.00;92.03;car;;4;41.00
2673.00;972103805_0;116.86;11.27;2454.00;0.90;-230845886_0;5.10;0.00;tripinfo_in_ba_to_ko.25;219.00;in_ba_to_ko.25;0;2114.29;1.07;0.00;40.05;car;;2;9.00
2676.00;45494495_0;58.90;9.40;2446.00;4.16;803785575#0_0;5.10;0.00;tripinfo_in_od_to_os.28;230.00;in_od_to_os.28;0;969.96;0.90;0.00;131.68;car;;3;105.00
2676.00;972103805_0;116.86;12.50;2457.00;2.06;-230845886_0;5.10;0.00;tripinfo_in_ba_to_ko.26;219.00;in_ba_to_ko.26;0;2114.29;1.13;0.00;47.51;car;;2;10.00
2677.00;23142338#2_0;290.21;11.94;2421.00;2.88;-230845886_0;5.10;0.00;tripinfo_in_ba_to_ns.5;256.00;in_ba_to_ns.5;0;2346.36;1.17;0.00;74.92;car;;4;27.00
2679.00;972103805_0;116.86;11.86;2460.00;4.99;-230845886_0;5.10;0.00;tripinfo_in_ba_to_ko.27;219.00;in_ba_to_ko.27;0;2114.29;1.13;0.00;48.46;car;;2;16.00
2679.00;45494495_0;58.90;9.71;2498.00;13.38;803785575#0_0;5.10;0.00;tripinfo_in_od_to_os.30;181.00;in_od_to_os.30;0;969.96;0.90;0.00;84.11;car;;4;35.00
2681.00;45494495_0;58.90;12.37;2519.00;15.63;803785575#0_0;5.10;0.00;tripinfo_in_od_to_os.31;162.00;in_od_to_os.31;0;969.96;1.17;0.00;87.04;car;;4;43.00
2683.00;45494495_0;58.90;11.39;2402.00;0.66;-230845886_0;5.10;0.00;tripinfo_in_ba_to_os.9;281.00;in_ba_to_os.9;0;1647.96;1.05;0.00;139.67;car;;3;102.00
2685.00;23156305_0;1264.14;11.12;2315.00;13.39;803785575#0_0;5.10;0.00;tripinfo_in_od_to_gg.8;370.00;in_od_to_gg.8;0;3669.96;1.10;0.00;67.63;car;;0;0.00
2685.00;972103805_0;116.86;9.02;2396.00;0.46;-23142338#2_0;5.10;0.00;tripinfo_in_ns_to_ko.40;289.00;in_ns_to_ko.40;0;1398.55;0.87;0.00;144.10;car;;7;93.00
2688.00;45494495_0;58.90;9.92;2573.00;14.33;803785575#0_0;5.10;0.00;tripinfo_in_od_to_os.33;115.00;in_od_to_os.33;0;969.96;0.97;0.00;23.99;car;;4;7.00
2689.00;41899283#1_0;148.70;9.88;2306.00;3.37;-23142338#2_0;5.10;0.00;tripinfo_in_ns_to_as.5;383.00;in_ns_to_as.5;0;2009.37;0.94;0.00;188.00;car;;8;96.00
2689.00;45494495_0;58.90;11.24;2567.00;12.11;803785575#0_0;5.10;0.00;tripinfo_in_od_to_os.32;122.00;in_od_to_os.32;0;969.96;1.10;0.00;42.58;car;;1;1.00
2690.00;23142338#2_0;290.21;12.26;2459.00;2.00;23687583_0;5.10;0.00;tripinfo_in_as_to_ns.10;231.00;in_as_to_ns.10;0;1995.73;1.12;0.00;68.55;car;;3;35.00
2694.00;23527526_0;253.75;9.70;2610.00;4.88;23687583_0;5.10;0.00;tripinfo_in_as_to_gj.14;84.00;in_as_to_gj.14;0;649.06;0.91;0.00;18.40;car;;1;1.00
2696.00;230845886_0;633.12;11.52;2399.00;19.73;803785575#0_0;5.10;0.00;tripinfo_in_od_to_ba.15;297.00;in_od_to_ba.15;0;2382.14;1.09;0.00;99.74;car;;5;23.00
2696.00;972103805_0;116.86;9.04;2407.00;0.78;-23142338#2_0;5.10;0.00;tripinfo_in_ns_to_ko.41;289.00;in_ns_to_ko.41;0;1398.55;0.82;0.00;134.67;car;;6;74.00
2696.00;45494495_0;58.90;11.41;2415.00;0.71;-230845886_0;5.10;0.00;tripinfo_in_ba_to_os.10;281.00;in_ba_to_os.10;0;1647.96;1.12;0.00;147.16;car;;2;108.00
2699.00;41899283#1_0;148.70;10.41;2526.00;2.66;-230845886_0;5.10;0.00;tripinfo_in_ba_to_as.16;173.00;in_ba_to_as.16;0;1430.78;0.97;0.00;38.83;car;;1;1.00
2700.00;45494495_0;58.90;8.76;2401.00;0.75;23687583_0;5.10;0.00;tripinfo_in_as_to_os.5;299.00;in_as_to_os.5;0;1689.77;0.88;0.00;124.94;car;;1;85.00
2703.00;45494495_0;58.90;8.94;2411.00;0.78;23687583_0;5.10;0.00;tripinfo_in_as_to_os.6;292.00;in_as_to_os.6;0;1689.77;0.84;0.00;110.71;car;;1;75.00
2705.00;45494495_0;58.90;10.73;2430.00;4.62;-230845886_0;5.10;0.00;tripinfo_in_ba_to_os.11;275.00;in_ba_to_os.11;0;1647.96;0.99;0.00;123.62;car;;2;70.00
2707.00;45494495_0;58.90;10.92;2428.00;6.28;23687583_0;5.10;0.00;tripinfo_in_as_to_os.8;279.00;in_as_to_os.8;0;1689.77;1.05;0.00;133.09;car;;6;75.00
2707.00;23527526_0;253.75;10.93;2511.00;6.24;-230845886_0;5.10;0.00;tripinfo_in_ba_to_gj.18;196.00;in_ba_to_gj.18;0;1755.68;1.09;0.00;49.62;car;;2;10.00
2708.00;41899283#1_0;148.70;11.12;2543.00;0.78;-230845886_0;5.10;0.00;tripinfo_in_ba_to_as.17;165.00;in_ba_to_as.17;0;1430.78;1.05;0.00;41.59;car;;1;8.00
2711.00;41899283#1_0;148.70;11.87;2410.00;0.21;-45494495_0;5.10;0.00;tripinfo_in_os_to_as.7;301.00;in_os_to_as.7;0;1746.47;1.07;0.00;152.70;car;;8;69.00
2712.00;23156390_0;1121.44;8.97;2509.00;5.35;23687583_0;5.10;0.00;tripinfo_in_as_to_br.3;203.00;in_as_to_br.3;0;1694.48;0.89;0.00;30.56;car;;1;7.00
2713.00;23156390_0;1121.44;9.98;2339.00;26.37;803785575#0_0;5.10;0.00;tripinfo_in_od_to_br.6;374.00;in_od_to_br.6;0;3149.31;1.00;0.00;89.05;car;;4;20.00
2713.00;41899283#1_0;148.70;11.26;2405.00;23.54;803785575#0_0;5.10;0.00;tripinfo_in_od_to_as.11;308.00;in_od_to_as.11;0;2382.09;1.02;0.00;96.37;car;;6;24.00
2717.00;972103805_0;116.86;8.41;2384.00;21.40;803785575#0_0;5.10;0.00;tripinfo_in_od_to_ko.19;333.00;in_od_to_ko.19;0;2307.67;0.81;0.00;63.92;car;;2;23.00
2717.00;41899283#1_0;148.70;10.23;2562.00;0.22;-230845886_0;5.10;0.00;tripinfo_in_ba_to_as.18;155.00;in_ba_to_as.18;0;1430.78;1.00;0.00;25.52;car;;1;3.00
2718.00;972103805_0;116.86;10.24;2393.00;20.90;803785575#0_0;5.10;0.00;tripinfo_in_od_to_ko.20;325.00;in_od_to_ko.20;0;2307.67;1.00;0.00;105.39;car;;3;21.00
2720.00;972103805_0;116.86;10.31;2420.00;17.93;803785575#0_0;5.10;0.00;tripinfo_in_od_to_ko.21;300.00;in_od_to_ko.21;0;2307.67;1.04;0.00;90.03;car;;2;20.00
2722.00;230845886_0;633.12;8.96;2395.00;1.27;-45494495_0;5.10;0.00;tripinfo_in_os_to_ba.10;327.00;in_os_to_ba.10;0;1746.52;0.84;0.00;138.69;car;;7;78.00
2722.00;972103805_0;116.86;12.70;2424.00;0.95;-23142338#2_0;5.10;0.00;tripinfo_in_ns_to_ko.42;298.00;in_ns_to_ko.42;0;1398.55;1.17;0.00;190.47;car;;7;90.00
2723.00;41899283#1_0;148.70;10.83;2568.00;0.58;-230845886_0;5.10;0.00;tripinfo_in_ba_to_as.19;155.00;in_ba_to_as.19;0;1430.78;0.99;0.00;24.17;car;;1;3.00
2724.00;23527526_0;253.75;10.74;2402.00;20.68;803785575#0_0;5.10;0.00;tripinfo_in_od_to_gj.4;322.00;in_od_to_gj.4;0;2706.99;0.99;0.00;74.82;car;;4;22.00
2726.00;23142338#2_0;290.21;10.23;2500.00;3.04;23687583_0;5.10;0.00;tripinfo_in_as_to_ns.11;226.00;in_as_to_ns.11;0;1995.73;0.97;0.00;39.14;car;;3;7.00
2727.00;28716808#1_0;754.74;10.29;2313.00;2.65;-23142338#2_0;5.10;0.00;tripinfo_in_ns_to_kl.3;414.00;in_ns_to_kl.3;0;2315.58;1.03;0.00;208.95;car;;9;105.00
2727.00;230845886_0;633.12;10.64;2417.00;17.97;803785575#0_0;5.10;0.00;tripinfo_in_od_to_ba.16;310.00;in_od_to_ba.16;0;2382.14;0.96;0.00;86.00;car;;4;11.00
2729.00;972103805_0;116.86;9.36;2427.00;0.80;-23142338#2_0;5.10;0.00;tripinfo_in_ns_to_ko.43;302.00;in_ns_to_ko.43;0;1398.55;0.87;0.00;156.05;car;;7;89.00
2729.00;230845886_0;633.12;10.67;2568.00;3.95;23687583_0;5.10;0.00;tripinfo_in_as_to_ba.8;161.00;in_as_to_ba.8;0;1356.50;0.98;0.00;35.11;car;;3;11.00
2729.00;23527526_0;253.75;11.22;2628.00;0.05;23687583_0;5.10;0.00;tripinfo_in_as_to_gj.15;101.00;in_as_to_gj.15;0;649.06;1.10;0.00;47.25;car;;1;32.00
2731.00;230845886_0;633.12;11.53;2571.00;6.85;23687583_0;5.10;0.00;tripinfo_in_as_to_ba.9;160.00;in_as_to_ba.9;0;1356.50;1.14;0.00;51.60;car;;2;8.00
2735.00;972103805_0;116.86;10.08;2581.00;0.25;23687583_0;5.10;0.00;tripinfo_in_as_to_ko.20;154.00;in_as_to_ko.20;0;1102.39;0.97;0.00;51.43;car;;2;32.00
2737.00;972103805_0;116.86;11.58;2584.00;1.22;23687583_0;5.10;0.00;tripinfo_in_as_to_ko.21;153.00;in_as_to_ko.21;0;1102.39;1.12;0.00;63.58;car;;2;31.00
2739.00;23142338#2_0;290.21;11.63;2493.00;3.21;-230845886_0;5.10;0.00;tripinfo_in_ba_to_ns.6;246.00;in_ba_to_ns.6;0;2346.36;1.08;0.00;48.55;car;;1;1.00
2741.00;972103805_0;116.86;9.45;2599.00;0.35;23687583_0;5.10;0.00;tripinfo_in_as_to_ko.22;142.00;in_as_to_ko.22;0;1102.39;0.95;0.00;36.77;car;;3;12.00
2745.00;972103805_0;116.86;9.41;2475.00;9.43;-230845886_0;5.10;0.00;tripinfo_in_ba_to_ko.28;270.00;in_ba_to_ko.28;0;2114.29;0.89;0.00;54.14;car;;2;25.00
2746.00;28706217_0;94.10;7.23;2126.00;0.80;23687583_0;5.10;0.00;tripinfo_in_as_to_sl.6;620.00;in_as_to_sl.6;0;1976.75;0.96;0.00;428.46;car;;13;312.00
2747.00;972103805_0;116.86;10.91;2484.00;2.20;-230845886_0;5.10;0.00;tripinfo_in_ba_to_ko.29;263.00;in_ba_to_ko.29;0;2114.29;1.04;0.00;78.39;car;;2;21.00
2749.00;972103805_0;116.86;10.52;2499.00;6.77;-230845886_0;5.10;0.00;tripinfo_in_ba_to_ko.30;250.00;in_ba_to_ko.30;0;2114.29;0.99;0.00;56.24;car;;3;15.00
2750.00;28706217_0;94.10;7.20;2131.00;3.36;-230845886_0;5.10;0.00;tripinfo_in_ba_to_sl.4;619.00;in_ba_to_sl.4;0;1934.94;0.90;0.00;419.78;car;;11;307.00
2750.00;972103805_0;116.86;12.00;2433.00;4.16;-23142338#2_0;5.10;0.00;tripinfo_in_ns_to_ko.44;317.00;in_ns_to_ko.44;0;1398.55;1.13;0.00;205.99;car;;9;93.00
2751.00;23156390_0;1121.44;7.24;2318.00;15.08;803785575#0_0;5.10;0.00;tripinfo_in_od_to_br.4;433.00;in_od_to_br.4;0;3149.31;0.73;0.00;42.40;car;;0;0.00
2753.00;230845886_0;633.12;10.55;2339.00;0.55;-23142338#2_0;5.10;0.00;tripinfo_in_ns_to_ba.1;414.00;in_ns_to_ba.1;0;2340.42;0.97;0.00;198.24;car;;9;93.00
2753.00;972103805_0;116.86;10.63;2440.00;0.98;803785575#0_0;5.10;0.00;tripinfo_in_od_to_ko.22;313.00;in_od_to_ko.22;0;2307.67;1.02;0.00;98.32;car;;3;43.00
2755.00;230845886_0;633.12;10.29;2482.00;6.26;803785575#0_0;5.10;0.00;tripinfo_in_od_to_ba.17;273.00;in_od_to_ba.17;0;2382.14;1.04;0.00;66.54;car;;1;2.00
2757.00;972103805_0;116.86;9.87;2470.00;0.69;803785575#0_0;5.10;0.00;tripinfo_in_od_to_ko.23;287.00;in_od_to_ko.23;0;2307.67;0.90;0.00;44.56;car;;1;8.00
2759.00;28716808#1_0;754.74;10.24;2414.00;18.77;803785575#0_0;5.10;0.00;tripinfo_in_od_to_kl.8;345.00;in_od_to_kl.8;0;2678.40;0.94;0.00;87.61;car;;4;12.00
2759.00;972103805_0;116.86;8.70;2445.00;2.36;-23142338#2_0;5.10;0.00;tripinfo_in_ns_to_ko.45;314.00;in_ns_to_ko.45;0;1398.55;0.90;0.00;173.41;car;;9;101.00
2761.00;41899283#1_0;148.70;9.62;2398.00;1.58;-45494495_0;5.10;0.00;tripinfo_in_os_to_as.6;363.00;in_os_to_as.6;0;1746.47;0.93;0.00;191.98;car;;5;111.00
2761.00;28716808#1_0;754.74;11.16;2401.00;0.79;-23142338#2_0;5.10;0.00;tripinfo_in_ns_to_kl.4;360.00;in_ns_to_kl.4;0;2315.58;1.06;0.00;161.93;car;;7;87.00
2761.00;972103805_0;116.86;10.89;2448.00;2.10;-23142338#2_0;5.10;0.00;tripinfo_in_ns_to_ko.46;313.00;in_ns_to_ko.46;0;1398.55;1.00;0.00;187.25;car;;9;93.00
2763.00;972103805_0;116.86;11.42;2616.00;4.61;23687583_0;5.10;0.00;tripinfo_in_as_to_ko.23;147.00;in_as_to_ko.23;0;1102.39;1.12;0.00;58.39;car;;2;25.00
2764.00;230845886_0;633.12;10.33;2488.00;5.96;803785575#0_0;5.10;0.00;tripinfo_in_od_to_ba.18;276.00;in_od_to_ba.18;0;2382.14;0.97;0.00;54.33;car;;1;4.00
2765.00;23156390_0;1121.44;10.93;2390.00;22.08;803785575#0_0;5.10;0.00;tripinfo_in_od_to_br.7;375.00;in_od_to_br.7;0;3149.31;0.99;0.00;86.41;car;;4;29.00
2765.00;28706217_0;94.10;7.27;2678.00;26.61;803785575#0_0;5.10;0.00;tripinfo_in_od_to_sl.0;87.00;in_od_to_sl.0;0;747.33;0.97;0.00;11.71;car;;0;0.00
2765.00;23527526_0;253.75;11.00;2661.00;7.23;23687583_0;5.10;0.00;tripinfo_in_as_to_gj.16;104.00;in_as_to_gj.16;0;649.06;1.09;0.00;49.65;car;;2;28.00
2766.00;23156305_0;1264.14;8.08;2306.00;14.40;803785575#0_0;5.10;0.00;tripinfo_in_od_to_gg.7;460.00;in_od_to_gg.7;0;3669.96;0.80;0.00;44.86;car;;0;0.00
2766.00;41899283#1_0;148.70;12.47;2485.00;5.52;803785575#0_0;5.10;0.00;tripinfo_in_od_to_as.12;281.00;in_od_to_as.12;0;2382.09;1.16;0.00;95.86;car;;1;4.00
2767.00;972103805_0;116.86;10.87;2453.00;0.60;-23142338#2_0;5.10;0.00;tripinfo_in_ns_to_ko.47;314.00;in_ns_to_ko.47;0;1398.55;1.04;0.00;192.64;car;;10;107.00
2768.00;23156305_0;1264.14;12.58;2468.00;6.65;-230845886_0;5.10;0.00;tripinfo_in_ba_to_gg.4;300.00;in_ba_to_gg.4;0;2718.65;1.14;0.00;82.24;car;;0;0.00
2769.00;972103805_0;116.86;11.51;2505.00;9.90;-230845886_0;5.10;0.00;tripinfo_in_ba_to_ko.31;264.00;in_ba_to_ko.31;0;2114.29;1.09;0.00;87.36;car;;2;30.00
2770.00;23156305_0;1264.14;11.52;2354.00;31.74;803785575#0_0;5.10;0.00;tripinfo_in_od_to_gg.9;416.00;in_od_to_gg.9;0;3669.96;1.11;0.00;115.94;car;;1;12.00
2771.00;23156305_0;1264.14;11.51;2502.00;7.67;-230845886_0;5.10;0.00;tripinfo_in_ba_to_gg.5;269.00;in_ba_to_gg.5;0;2718.65;1.12;0.00;49.06;car;;1;1.00
2772.00;972103805_0;116.86;10.31;2508.00;12.01;-230845886_0;5.10;0.00;tripinfo_in_ba_to_ko.32;264.00;in_ba_to_ko.32;0;2114.29;1.01;0.00;74.20;car;;3;22.00
2773.00;23156305_0;1264.14;12.53;2625.00;2.97;23687583_0;5.10;0.00;tripinfo_in_as_to_gg.3;148.00;in_as_to_gg.3;0;1600.87;1.24;0.00;31.26;car;;0;0.00
2774.00;972103805_0;116.86;11.12;2523.00;2.71;-230845886_0;5.10;0.00;tripinfo_in_ba_to_ko.33;251.00;in_ba_to_ko.33;0;2114.29;1.11;0.00;78.11;car;;2;18.00
2774.00;230845886_0;633.12;9.75;2589.00;0.02;23687583_0;5.10;0.00;tripinfo_in_as_to_ba.10;185.00;in_as_to_ba.10;0;1356.50;0.89;0.00;48.14;car;;4;16.00
2774.00;41899283#1_0;148.70;11.43;2622.00;1.77;-230845886_0;5.10;0.00;tripinfo_in_ba_to_as.20;152.00;in_ba_to_as.20;0;1430.78;1.08;0.00;31.71;car;;0;0.00
2776.00;45494495_0;58.90;9.04;2465.00;6.63;-230845886_0;5.10;0.00;tripinfo_in_ba_to_os.12;311.00;in_ba_to_os.12;0;1647.96;0.88;0.00;141.62;car;;2;98.00
2777.00;972103805_0;116.86;11.62;2469.00;0.96;-23142338#2_0;5.10;0.00;tripinfo_in_ns_to_ko.48;308.00;in_ns_to_ko.48;0;1398.55;1.12;0.00;194.89;car;;10;104.00
2778.00;45494495_0;58.90;9.81;2456.00;0.94;23687583_0;5.10;0.00;tripinfo_in_as_to_os.9;322.00;in_as_to_os.9;0;1689.77;0.90;0.00;152.84;car;;3;104.00
2780.00;45494495_0;58.90;10.14;2494.00;1.00;23687583_0;5.10;0.00;tripinfo_in_as_to_os.10;286.00;in_as_to_os.10;0;1689.77;1.00;0.00;133.90;car;;6;86.00
2780.00;23142338#2_0;290.21;8.90;2537.00;9.71;803785575#0_0;5.10;0.00;tripinfo_in_od_to_ns.11;243.00;in_od_to_ns.11;0;1928.29;0.90;0.00;36.35;car;;1;12.00
2781.00;23142338#2_0;290.21;10.45;2520.00;1.98;-230845886_0;5.10;0.00;tripinfo_in_ba_to_ns.7;261.00;in_ba_to_ns.7;0;2346.36;0.97;0.00;40.95;car;;1;6.00
2782.00;45494495_0;58.90;9.66;2419.00;0.14;23687583_0;5.10;0.00;tripinfo_in_as_to_os.7;363.00;in_as_to_os.7;0;1689.77;0.92;0.00;197.42;car;;5;153.00
2782.00;41899283#1_0;148.70;11.21;2625.00;2.42;-230845886_0;5.10;0.00;tripinfo_in_ba_to_as.21;157.00;in_ba_to_as.21;0;1430.78;1.01;0.00;28.19;car;;0;0.00
2788.00;28706217_0;94.10;9.06;2151.00;0.09;-230845886_0;5.10;0.00;tripinfo_in_ba_to_sl.5;637.00;in_ba_to_sl.5;0;1934.94;1.11;0.00;473.69;car;;14;343.00
2788.00;45494495_0;58.90;11.69;2630.00;5.25;803785575#0_0;5.10;0.00;tripinfo_in_od_to_os.34;158.00;in_od_to_os.34;0;969.96;1.05;0.00;73.94;car;;1;58.00
2792.00;41899283#1_0;148.70;9.41;2507.00;15.37;803785575#0_0;5.10;0.00;tripinfo_in_od_to_as.13;285.00;in_od_to_as.13;0;2382.09;0.90;0.00;44.24;car;;1;6.00
2793.00;23142338#2_0;290.21;9.32;2506.00;5.23;23687583_0;5.10;0.00;tripinfo_in_as_to_ns.12;287.00;in_as_to_ns.12;0;1995.73;0.88;0.00;79.44;car;;4;38.00
2794.00;972103805_0;116.86;11.50;2646.00;1.41;23687583_0;5.10;0.00;tripinfo_in_as_to_ko.24;148.00;in_as_to_ko.24;0;1102.39;1.06;0.00;54.03;car;;2;35.00
2795.00;41899283#1_0;148.70;10.33;2436.00;5.17;-23142338#2_0;5.10;0.00;tripinfo_in_ns_to_as.6;359.00;in_ns_to_as.6;0;2009.37;1.03;0.00;181.02;car;;8;93.00
2795.00;23142338#2_0;290.21;11.16;2517.00;3.05;23687583_0;5.10;0.00;tripinfo_in_as_to_ns.13;278.00;in_as_to_ns.13;0;1995.73;1.06;0.00;106.26;car;;4;33.00
2797.00;23142338#2_0;290.21;9.02;2526.00;1.94;23687583_0;5.10;0.00;tripinfo_in_as_to_ns.14;271.00;in_as_to_ns.14;0;1995.73;0.92;0.00;74.82;car;;4;30.00
2799.00;972103805_0;116.86;10.44;2529.00;5.06;-230845886_0;5.10;0.00;tripinfo_in_ba_to_ko.34;270.00;in_ba_to_ko.34;0;2114.29;1.03;0.00;82.52;car;;3;35.00
2800.00;23156390_0;1121.44;10.43;2411.00;15.83;803785575#0_0;5.10;0.00;tripinfo_in_od_to_br.9;389.00;in_od_to_br.9;0;3149.31;0.98;0.00;95.95;car;;6;19.00
2802.00;23156390_0;1121.44;11.47;2416.00;4.27;-45494495_0;5.10;0.00;tripinfo_in_os_to_br.5;386.00;in_os_to_br.5;0;2513.69;1.07;0.00;171.37;car;;7;69.00
2803.00;972103805_0;116.86;10.75;2478.00;0.46;-23142338#2_0;5.10;0.00;tripinfo_in_ns_to_ko.49;325.00;in_ns_to_ko.49;0;1398.55;1.00;0.00;198.89;car;;10;125.00
2805.00;972103805_0;116.86;9.86;2482.00;0.69;-23142338#2_0;5.10;0.00;tripinfo_in_ns_to_ko.50;323.00;in_ns_to_ko.50;0;1398.55;0.96;0.00;192.24;car;;9;117.00
2807.00;23142338#2_0;290.21;10.91;2270.00;0.85;-45494495_0;5.10;0.00;tripinfo_in_os_to_ns.2;537.00;in_os_to_ns.2;0;1665.91;1.01;0.00;375.72;car;;13;268.00
2807.00;45494495_0;58.90;11.52;2514.00;4.50;-230845886_0;5.10;0.00;tripinfo_in_ba_to_os.13;293.00;in_ba_to_os.13;0;1647.96;1.10;0.00;157.00;car;;6;88.00
2809.00;41899283#1_0;148.70;8.90;2640.00;2.98;-230845886_0;5.10;0.00;tripinfo_in_ba_to_as.22;169.00;in_ba_to_as.22;0;1430.78;0.88;0.00;21.80;car;;1;1.00
2811.00;41899283#1_0;148.70;10.56;2522.00;16.86;803785575#0_0;5.10;0.00;tripinfo_in_od_to_as.14;289.00;in_od_to_as.14;0;2382.09;1.03;0.00;79.83;car;;3;8.00
2813.00;41899283#1_0;148.70;10.91;2649.00;4.73;-230845886_0;5.10;0.00;tripinfo_in_ba_to_as.23;164.00;in_ba_to_as.23;0;1430.78;1.10;0.00;45.45;car;;1;2.00
2814.00;23156305_0;1264.14;8.74;2375.00;15.16;803785575#0_0;5.10;0.00;tripinfo_in_od_to_gg.10;439.00;in_od_to_gg.10;0;3669.96;0.89;0.00;64.33;car;;2;15.00
2816.00;23142338#2_0;290.21;10.40;2540.00;0.44;23687583_0;5.10;0.00;tripinfo_in_as_to_ns.15;276.00;in_as_to_ns.15;0;1995.73;0.98;0.00;89.93;car;;4;38.00
2817.00;28706217_0;94.10;7.35;2166.00;4.86;-230845886_0;5.10;0.00;tripinfo_in_ba_to_sl.6;651.00;in_ba_to_sl.6;0;1934.94;0.92;0.00;454.57;car;;13;344.00
2817.00;28716808#1_0;754.74;8.76;2479.00;7.25;803785575#0_0;5.10;0.00;tripinfo_in_od_to_kl.9;338.00;in_od_to_kl.9;0;2678.40;0.85;0.00;54.15;car;;2;10.00
2817.00;41899283#1_0;148.70;10.88;2673.00;2.71;-230845886_0;5.10;0.00;tripinfo_in_ba_to_as.24;144.00;in_ba_to_as.24;0;1430.78;1.08;0.00;22.93;car;;0;0.00
2818.00;41899283#1_0;148.70;11.41;2458.00;0.38;-23142338#2_0;5.10;0.00;tripinfo_in_ns_to_as.7;360.00;in_ns_to_as.7;0;2009.37;1.12;0.00;196.53;car;;9;95.00
2820.00;23527526_0;253.75;9.35;2612.00;0.83;-230845886_0;5.10;0.00;tripinfo_in_ba_to_gj.19;208.00;in_ba_to_gj.19;0;1755.68;0.84;0.00;18.99;car;;0;0.00
2824.00;972103805_0;116.86;10.53;2658.00;6.19;23687583_0;5.10;0.00;tripinfo_in_as_to_ko.25;166.00;in_as_to_ko.25;0;1102.39;1.04;0.00;69.83;car;;3;43.00
2826.00;972103805_0;116.86;10.84;2672.00;11.55;23687583_0;5.10;0.00;tripinfo_in_as_to_ko.26;154.00;in_as_to_ko.26;0;1102.39;1.07;0.00;61.03;car;;3;29.00
2827.00;23156030#6_0;109.07;10.78;2297.00;0.56;23687583_0;5.10;0.00;tripinfo_in_as_to_od.2;530.00;in_as_to_od.2;0;2357.31;0.97;0.00;311.18;car;;10;194.00
2827.00;230845886_0;633.12;8.76;2631.00;0.96;23687583_0;5.10;0.00;tripinfo_in_as_to_ba.11;196.00;in_as_to_ba.11;0;1356.50;0.84;0.00;49.29;car;;1;30.00
2829.00;41899283#1_0;148.70;10.64;2682.00;6.00;-230845886_0;5.10;0.00;tripinfo_in_ba_to_as.25;147.00;in_ba_to_as.25;0;1430.78;1.04;0.00;22.59;car;;0;0.00
2831.00;41899283#1_0;148.70;12.38;2531.00;12.74;803785575#0_0;5.10;0.00;tripinfo_in_od_to_as.15;300.00;in_od_to_as.15;0;2382.09;1.13;0.00;109.64;car;;4;26.00
2831.00;972103805_0;116.86;10.32;2601.00;0.79;-230845886_0;5.10;0.00;tripinfo_in_ba_to_ko.35;230.00;in_ba_to_ko.35;0;2114.29;0.95;0.00;26.86;car;;1;1.00
2832.00;23527526_0;253.75;10.77;2699.00;1.43;23687583_0;5.10;0.00;tripinfo_in_as_to_gj.17;133.00;in_as_to_gj.17;0;649.06;0.99;0.00;72.67;car;;2;46.00
2833.00;230845886_0;633.12;8.97;2510.00;11.59;803785575#0_0;5.10;0.00;tripinfo_in_od_to_ba.19;323.00;in_od_to_ba.19;0;2382.14;0.85;0.00;68.54;car;;4;16.00
2833.00;28716808#1_0;754.74;10.41;2675.00;10.45;23687583_0;5.10;0.00;tripinfo_in_as_to_kl.5;158.00;in_as_to_kl.5;0;1207.92;0.98;0.00;46.07;car;;2;18.00
2836.00;23527526_0;253.75;11.31;2439.00;7.18;-23142338#2_0;5.10;0.00;tripinfo_in_ns_to_gj.1;397.00;in_ns_to_gj.1;0;2084.96;1.04;0.00;214.94;car;;10;120.00
2836.00;972103805_0;116.86;8.89;2540.00;11.32;803785575#0_0;5.10;0.00;tripinfo_in_od_to_ko.24;296.00;in_od_to_ko.24;0;2307.67;0.86;0.00;41.72;car;;2;8.00
2838.00;972103805_0;116.86;11.27;2517.00;0.53;-23142338#2_0;5.10;0.00;tripinfo_in_ns_to_ko.51;321.00;in_ns_to_ko.51;0;1398.55;1.05;0.00;199.87;car;;9;113.00
2839.00;972103805_0;116.86;11.76;2522.00;0.68;-23142338#2_0;5.10;0.00;tripinfo_in_ns_to_ko.52;317.00;in_ns_to_ko.52;0;1398.55;1.13;0.00;205.39;car;;9;112.00
2841.00;23142338#2_0;290.21;11.12;2602.00;2.29;23687583_0;5.10;0.00;tripinfo_in_as_to_ns.16;239.00;in_as_to_ns.16;0;1995.73;1.08;0.00;70.97;car;;3;28.00
2842.00;23156390_0;1121.44;8.14;2408.00;18.92;803785575#0_0;5.10;0.00;tripinfo_in_od_to_br.8;434.00;in_od_to_br.8;0;3149.31;0.83;0.00;88.18;car;;4;12.00
2844.00;23156390_0;1121.44;9.97;2432.00;14.27;803785575#0_0;5.10;0.00;tripinfo_in_od_to_br.10;412.00;in_od_to_br.10;0;3149.31;0.99;0.00;121.89;car;;4;7.00
2844.00;23142338#2_0;290.21;11.23;2619.00;0.11;23687583_0;5.10;0.00;tripinfo_in_as_to_ns.17;225.00;in_as_to_ns.17;0;1995.73;1.06;0.00;53.64;car;;2;16.00
2845.00;23527526_0;253.75;10.47;2442.00;0.60;-23142338#2_0;5.10;0.00;tripinfo_in_ns_to_gj.2;403.00;in_ns_to_gj.2;0;2084.96;0.96;0.00;205.71;car;;11;117.00
2846.00;23156390_0;1121.44;11.27;2435.00;0.61;803785575#0_0;5.10;0.00;tripinfo_in_od_to_br.11;411.00;in_od_to_br.11;0;3149.31;1.06;0.00;141.53;car;;3;4.00
2847.00;230845886_0;633.12;10.28;2652.00;5.13;23687583_0;5.10;0.00;tripinfo_in_as_to_ba.12;195.00;in_as_to_ba.12;0;1356.50;0.93;0.00;63.25;car;;3;38.00
2848.00;23156390_0;1121.44;9.35;2443.00;1.30;803785575#0_0;5.10;0.00;tripinfo_in_od_to_br.12;405.00;in_od_to_br.12;0;3149.31;0.88;0.00;78.96;car;;1;1.00
2850.00;23156390_0;1121.44;9.78;2449.00;6.19;803785575#0_0;5.10;0.00;tripinfo_in_od_to_br.13;401.00;in_od_to_br.13;0;3149.31;0.98;0.00;109.75;car;;0;0.00
2850.00;972103805_0;116.86;9.56;2546.00;14.60;803785575#0_0;5.10;0.00;tripinfo_in_od_to_ko.25;304.00;in_od_to_ko.25;0;2307.67;0.89;0.00;58.55;car;;2;22.00
2851.00;23527526_0;253.75;8.08;2504.00;14.18;803785575#0_0;5.10;0.00;tripinfo_in_od_to_gj.5;347.00;in_od_to_gj.5;0;2706.99;0.82;0.00;49.39;car;;2;8.00
2852.00;23156390_0;1121.44;9.91;2453.00;2.41;803785575#0_0;5.10;0.00;tripinfo_in_od_to_br.14;399.00;in_od_to_br.14;0;3149.31;0.98;0.00;107.67;car;;0;0.00
2854.00;23156390_0;1121.44;11.83;2467.00;0.21;803785575#0_0;5.10;0.00;tripinfo_in_od_to_br.15;387.00;in_od_to_br.15;0;3149.31;1.10;0.00;126.77;car;;1;10.00
2856.00;23156390_0;1121.44;11.16;2473.00;3.54;803785575#0_0;5.10;0.00;tripinfo_in_od_to_br.16;383.00;in_od_to_br.16;0;3149.31;1.09;0.00;120.59;car;;1;10.00
2857.00;23156390_0;1121.44;11.67;2501.00;11.40;803785575#0_0;5.10;0.00;tripinfo_in_od_to_br.17;356.00;in_od_to_br.17;0;3149.31;1.10;0.00;97.46;car;;3;9.00
2858.00;41899283#1_0;148.70;11.05;2705.00;0.17;-230845886_0;5.10;0.00;tripinfo_in_ba_to_as.26;153.00;in_ba_to_as.26;0;1430.78;1.06;0.00;30.65;car;;1;7.00
2859.00;23156390_0;1121.44;13.41;2516.00;13.73;803785575#0_0;5.10;0.00;tripinfo_in_od_to_br.18;343.00;in_od_to_br.18;0;3149.31;1.24;0.00;111.85;car;;2;13.00
2860.00;23156030#6_0;109.07;10.21;2261.00;0.17;23687583_0;5.10;0.00;tripinfo_in_as_to_od.1;599.00;in_as_to_od.1;0;2357.31;0.96;0.00;377.57;car;;14;294.00
2865.00;972103805_0;116.86;8.85;2549.00;17.47;803785575#0_0;5.10;0.00;tripinfo_in_od_to_ko.26;316.00;in_od_to_ko.26;0;2307.67;0.90;0.00;73.54;car;;3;29.00
2865.00;23142338#2_0;290.21;9.96;2604.00;3.35;-230845886_0;5.10;0.00;tripinfo_in_ba_to_ns.8;261.00;in_ba_to_ns.8;0;2346.36;0.96;0.00;41.02;car;;1;8.00
2867.00;972103805_0;116.86;9.52;2582.00;16.93;803785575#0_0;5.10;0.00;tripinfo_in_od_to_ko.27;285.00;in_od_to_ko.27;0;2307.67;0.95;0.00;53.68;car;;1;9.00
2873.00;972103805_0;116.86;8.40;2551.00;0.11;-23142338#2_0;5.10;0.00;tripinfo_in_ns_to_ko.53;322.00;in_ns_to_ko.53;0;1398.55;0.80;0.00;164.15;car;;7;101.00
2874.00;23527526_0;253.75;9.70;2685.00;0.15;-230845886_0;5.10;0.00;tripinfo_in_ba_to_gj.20;189.00;in_ba_to_gj.20;0;1755.68;0.92;0.00;15.36;car;;0;0.00
2875.00;972103805_0;116.86;9.90;2554.00;2.18;-23142338#2_0;5.10;0.00;tripinfo_in_ns_to_ko.54;321.00;in_ns_to_ko.54;0;1398.55;1.00;0.00;194.66;car;;7;94.00
2876.00;230845886_0;633.12;10.90;2561.00;19.34;803785575#0_0;5.10;0.00;tripinfo_in_od_to_ba.20;315.00;in_od_to_ba.20;0;2382.14;1.07;0.00;113.89;car;;4;15.00
2876.00;972103805_0;116.86;10.86;2585.00;17.64;803785575#0_0;5.10;0.00;tripinfo_in_od_to_ko.28;291.00;in_od_to_ko.28;0;2307.67;1.00;0.00;71.38;car;;1;17.00
2876.00;23156390_0;1121.44;11.02;2678.00;12.81;23687583_0;5.10;0.00;tripinfo_in_as_to_br.4;198.00;in_as_to_br.4;0;1694.48;1.05;0.00;51.77;car;;2;16.00
2878.00;23156305_0;1264.14;7.48;2277.00;8.25;-23142338#2_0;5.10;0.00;tripinfo_in_ns_to_gg.5;601.00;in_ns_to_gg.5;0;3297.24;0.70;0.00;169.78;car;;7;98.00
2878.00;972103805_0;116.86;10.40;2597.00;18.60;803785575#0_0;5.10;0.00;tripinfo_in_od_to_ko.29;281.00;in_od_to_ko.29;0;2307.67;1.03;0.00;68.09;car;;1;16.00
2879.00;28706217_0;94.10;7.00;2172.00;1.64;-230845886_0;5.10;0.00;tripinfo_in_ba_to_sl.7;707.00;in_ba_to_sl.7;0;1934.94;0.85;0.00;494.01;car;;12;385.00
2880.00;23156030#6_0;109.07;10.41;2342.00;1.66;23687583_0;5.10;0.00;tripinfo_in_as_to_od.3;538.00;in_as_to_od.3;0;2357.31;1.02;0.00;329.00;car;;12;226.00
2880.00;23156305_0;1264.14;10.27;2381.00;19.23;803785575#0_0;5.10;0.00;tripinfo_in_od_to_gg.11;499.00;in_od_to_gg.11;0;3669.96;1.03;0.00;176.87;car;;4;23.00
2882.00;23156305_0;1264.14;9.69;2517.00;1.05;-230845886_0;5.10;0.00;tripinfo_in_ba_to_gg.6;365.00;in_ba_to_gg.6;0;2718.65;0.89;0.00;87.45;car;;1;5.00
2884.00;23156305_0;1264.14;11.87;2396.00;21.30;803785575#0_0;5.10;0.00;tripinfo_in_od_to_gg.12;488.00;in_od_to_gg.12;0;3669.96;1.08;0.00;179.90;car;;4;25.00
2884.00;972103805_0;116.86;10.65;2652.00;1.42;-230845886_0;5.10;0.00;tripinfo_in_ba_to_ko.36;232.00;in_ba_to_ko.36;0;2114.29;1.07;0.00;52.83;car;;1;13.00
2886.00;23156305_0;1264.14;10.62;2537.00;2.24;-230845886_0;5.10;0.00;tripinfo_in_ba_to_gg.7;349.00;in_ba_to_gg.7;0;2718.65;1.01;0.00;105.13;car;;0;0.00
2888.00;23156305_0;1264.14;10.32;2426.00;17.99;803785575#0_0;5.10;0.00;tripinfo_in_od_to_gg.13;462.00;in_od_to_gg.13;0;3669.96;1.02;0.00;135.27;car;;4;10.00
2888.00;23527526_0;253.75;8.98;2691.00;0.77;-230845886_0;5.10;0.00;tripinfo_in_ba_to_gj.21;197.00;in_ba_to_gj.21;0;1755.68;0.88;0.00;15.75;car;;0;0.00
2889.00;972103805_0;116.86;10.40;2664.00;0.65;-230845886_0;5.10;0.00;tripinfo_in_ba_to_ko.37;225.00;in_ba_to_ko.37;0;2114.29;0.94;0.00;20.73;car;;0;0.00
2890.00;23142338#2_0;290.21;11.49;2645.00;10.35;803785575#0_0;5.10;0.00;tripinfo_in_od_to_ns.12;245.00;in_od_to_ns.12;0;1928.29;1.04;0.00;66.55;car;;2;27.00
2890.00;23156305_0;1264.14;9.95;2681.00;1.53;23687583_0;5.10;0.00;tripinfo_in_as_to_gg.4;209.00;in_as_to_gg.4;0;1600.87;0.95;0.00;56.85;car;;2;16.00
2892.00;23156305_0;1264.14;10.50;2476.00;5.44;803785575#0_0;5.10;0.00;tripinfo_in_od_to_gg.14;416.00;in_od_to_gg.14;0;3669.96;1.03;0.00;92.26;car;;0;0.00
2893.00;23156305_0;1264.14;10.57;2410.00;1.60;-23142338#2_0;5.10;0.00;tripinfo_in_ns_to_gg.6;483.00;in_ns_to_gg.6;0;3297.24;1.03;0.00;191.06;car;;7;93.00
2893.00;972103805_0;116.86;12.55;2670.00;3.82;-230845886_0;5.10;0.00;tripinfo_in_ba_to_ko.38;223.00;in_ba_to_ko.38;0;2114.29;1.20;0.00;62.73;car;;0;0.00
2895.00;23156305_0;1264.14;11.52;2421.00;0.08;-23142338#2_0;5.10;0.00;tripinfo_in_ns_to_gg.7;474.00;in_ns_to_gg.7;0;3297.24;1.15;0.00;212.29;car;;7;90.00
2896.00;41899283#1_0;148.70;12.33;2570.00;11.44;803785575#0_0;5.10;0.00;tripinfo_in_od_to_as.16;326.00;in_od_to_as.16;0;2382.09;1.19;0.00;145.24;car;;7;17.00
2896.00;23142338#2_0;290.21;10.81;2643.00;4.43;-230845886_0;5.10;0.00;tripinfo_in_ba_to_ns.9;253.00;in_ba_to_ns.9;0;2346.36;1.01;0.00;43.24;car;;1;2.00
2899.00;972103805_0;116.86;9.10;2600.00;20.19;803785575#0_0;5.10;0.00;tripinfo_in_od_to_ko.30;299.00;in_od_to_ko.30;0;2307.67;0.82;0.00;33.40;car;;0;0.00
2900.00;23527526_0;253.75;9.66;2699.00;2.83;-230845886_0;5.10;0.00;tripinfo_in_ba_to_gj.22;201.00;in_ba_to_gj.22;0;1755.68;0.90;0.00;24.49;car;;1;5.00
2902.00;23142338#2_0;290.21;10.84;2649.00;3.23;23687583_0;5.10;0.00;tripinfo_in_as_to_ns.18;253.00;in_as_to_ns.18;0;1995.73;1.06;0.00;81.43;car;;4;46.00
2902.00;23527526_0;253.75;11.70;2719.00;0.89;-230845886_0;5.10;0.00;tripinfo_in_ba_to_gj.23;183.00;in_ba_to_gj.23;0;1755.68;1.13;0.00;42.06;car;;0;0.00
2903.00;23156305_0;1264.14;10.02;2495.00;11.50;803785575#0_0;5.10;0.00;tripinfo_in_od_to_gg.15;408.00;in_od_to_gg.15;0;3669.96;1.02;0.00;80.34;car;;2;5.00
2904.00;23156305_0;1264.14;10.52;2619.00;0.29;-230845886_0;5.10;0.00;tripinfo_in_ba_to_gg.8;285.00;in_ba_to_gg.8;0;2718.65;1.05;0.00;50.25;car;;1;1.00
2904.00;23527526_0;253.75;10.74;2734.00;6.92;-230845886_0;5.10;0.00;tripinfo_in_ba_to_gj.24;170.00;in_ba_to_gj.24;0;1755.68;1.04;0.00;16.76;car;;0;0.00
2906.00;23156305_0;1264.14;12.06;2513.00;11.40;803785575#0_0;5.10;0.00;tripinfo_in_od_to_gg.16;393.00;in_od_to_gg.16;0;3669.96;1.18;0.00;110.51;car;;1;6.00
2907.00;45494495_0;58.90;10.34;2344.00;0.61;-23142338#2_0;5.10;0.00;tripinfo_in_ns_to_os.3;563.00;in_ns_to_os.3;0;1865.82;0.96;0.00;387.51;car;;21;260.00
2909.00;45494495_0;58.90;9.69;2534.00;0.81;23687583_0;5.10;0.00;tripinfo_in_as_to_os.11;375.00;in_as_to_os.11;0;1689.77;0.92;0.00;208.42;car;;8;138.00
2911.00;23527526_0;253.75;10.51;2742.00;4.57;23687583_0;5.10;0.00;tripinfo_in_as_to_gj.18;169.00;in_as_to_gj.18;0;649.06;0.96;0.00;107.34;car;;4;78.00
2912.00;45494495_0;58.90;10.59;2651.00;13.98;803785575#0_0;5.10;0.00;tripinfo_in_od_to_os.36;261.00;in_od_to_os.36;0;969.96;0.95;0.00;168.81;car;;6;136.00
2914.00;41899283#1_0;148.70;10.13;2527.00;3.44;-23142338#2_0;5.10;0.00;tripinfo_in_ns_to_as.8;387.00;in_ns_to_as.8;0;2009.37;0.93;0.00;190.81;car;;9;112.00
2914.00;45494495_0;58.90;10.53;2711.00;31.42;803785575#0_0;5.10;0.00;tripinfo_in_od_to_os.37;203.00;in_od_to_os.37;0;969.96;1.05;0.00;119.20;car;;4;73.00
2915.00;23527526_0;253.75;10.90;2754.00;6.01;23687583_0;5.10;0.00;tripinfo_in_as_to_gj.19;161.00;in_as_to_gj.19;0;649.06;1.05;0.00;104.47;car;;4;65.00
2916.00;972103805_0;116.86;6.95;2590.00;0.05;-23142338#2_0;5.10;0.00;tripinfo_in_ns_to_ko.55;326.00;in_ns_to_ko.55;0;1398.55;0.72;0.00;151.80;car;;7;106.00
2916.00;45494495_0;58.90;10.28;2648.00;11.74;803785575#0_0;5.10;0.00;tripinfo_in_od_to_os.35;268.00;in_od_to_os.35;0;969.96;0.95;0.00;176.25;car;;5;141.00
2918.00;23156305_0;1264.14;10.41;2430.00;2.19;-23142338#2_0;5.10;0.00;tripinfo_in_ns_to_gg.8;488.00;in_ns_to_gg.8;0;3297.24;1.01;0.00;188.72;car;;8;103.00
2918.00;972103805_0;116.86;9.85;2711.00;1.97;23687583_0;5.10;0.00;tripinfo_in_as_to_ko.27;207.00;in_as_to_ko.27;0;1102.39;1.00;0.00;106.73;car;;4;66.00
2919.00;972103805_0;116.86;11.55;2739.00;2.83;23687583_0;5.10;0.00;tripinfo_in_as_to_ko.28;180.00;in_as_to_ko.28;0;1102.39;1.06;0.00;86.15;car;;3;51.00
2920.00;230845886_0;633.12;11.21;2606.00;20.33;803785575#0_0;5.10;0.00;tripinfo_in_od_to_ba.21;314.00;in_od_to_ba.21;0;2382.14;1.04;0.00;107.08;car;;1;5.00
2920.00;23156305_0;1264.14;11.96;2708.00;0.51;23687583_0;5.10;0.00;tripinfo_in_as_to_gg.5;212.00;in_as_to_gg.5;0;1600.87;1.08;0.00;77.83;car;;2;42.00
2921.00;28706217_0;94.10;7.65;2169.00;0.31;23687583_0;5.10;0.00;tripinfo_in_as_to_sl.7;752.00;in_as_to_sl.7;0;1976.75;0.98;0.00;565.53;car;;15;424.00
2921.00;28716808#1_0;754.74;11.49;2588.00;19.49;803785575#0_0;5.10;0.00;tripinfo_in_od_to_kl.10;333.00;in_od_to_kl.10;0;2678.40;1.10;0.00;113.29;car;;4;11.00
2922.00;972103805_0;116.86;9.39;2679.00;4.21;-230845886_0;5.10;0.00;tripinfo_in_ba_to_ko.39;243.00;in_ba_to_ko.39;0;2114.29;0.94;0.00;38.30;car;;2;7.00
2922.00;230845886_0;633.12;12.01;2725.00;0.46;23687583_0;5.10;0.00;tripinfo_in_as_to_ba.13;197.00;in_as_to_ba.13;0;1356.50;1.11;0.00;87.02;car;;3;53.00
2924.00;45494495_0;58.90;10.31;2738.00;36.78;803785575#0_0;5.10;0.00;tripinfo_in_od_to_os.38;186.00;in_od_to_os.38;0;969.96;0.98;0.00;96.26;car;;1;74.00
2925.00;972103805_0;116.86;9.70;2593.00;2.31;-23142338#2_0;5.10;0.00;tripinfo_in_ns_to_ko.56;332.00;in_ns_to_ko.56;0;1398.55;0.90;0.00;191.73;car;;8;110.00
2926.00;41899283#1_0;148.70;9.32;2594.00;20.05;803785575#0_0;5.10;0.00;tripinfo_in_od_to_as.17;332.00;in_od_to_as.17;0;2382.09;0.95;0.00;104.37;car;;2;8.00
2927.00;45494495_0;58.90;10.00;2777.00;32.54;803785575#0_0;5.10;0.00;tripinfo_in_od_to_os.39;150.00;in_od_to_os.39;0;969.96;0.97;0.00;59.71;car;;1;42.00
2928.00;972103805_0;116.86;8.53;2596.00;0.04;-23142338#2_0;5.10;0.00;tripinfo_in_ns_to_ko.57;332.00;in_ns_to_ko.57;0;1398.55;0.84;0.00;181.18;car;;8;111.00
2928.00;28706217_0;94.10;6.11;2837.00;36.16;803785575#0_0;5.10;0.00;tripinfo_in_od_to_sl.1;91.00;in_od_to_sl.1;0;747.33;0.89;0.00;9.04;car;;0;0.00
2929.00;45494495_0;58.90;10.97;2816.00;32.58;803785575#0_0;5.10;0.00;tripinfo_in_od_to_os.43;113.00;in_od_to_os.43;0;969.96;1.05;0.00;28.97;car;;1;13.00
2931.00;23527526_0;253.75;9.15;2552.00;19.72;803785575#0_0;5.10;0.00;tripinfo_in_od_to_gj.6;379.00;in_od_to_gj.6;0;2706.99;0.90;0.00;106.39;car;;6;22.00
2931.00;972103805_0;116.86;8.84;2621.00;15.49;803785575#0_0;5.10;0.00;tripinfo_in_od_to_ko.31;310.00;in_od_to_ko.31;0;2307.67;0.85;0.00;53.15;car;;2;13.00
2933.00;972103805_0;116.86;12.49;2642.00;9.13;803785575#0_0;5.10;0.00;tripinfo_in_od_to_ko.32;291.00;in_od_to_ko.32;0;2307.67;1.13;0.00;95.96;car;;2;13.00
2933.00;23142338#2_0;290.21;8.63;2672.00;24.55;803785575#0_0;5.10;0.00;tripinfo_in_od_to_ns.13;261.00;in_od_to_ns.13;0;1928.29;0.85;0.00;44.50;car;;1;18.00
2934.00;972103805_0;116.86;11.58;2607.00;0.02;-23142338#2_0;5.10;0.00;tripinfo_in_ns_to_ko.58;327.00;in_ns_to_ko.58;0;1398.55;1.13;0.00;215.37;car;;9;126.00
2934.00;23527526_0;253.75;8.80;2737.00;5.64;-230845886_0;5.10;0.00;tripinfo_in_ba_to_gj.25;197.00;in_ba_to_gj.25;0;1755.68;0.90;0.00;20.29;car;;0;0.00
2936.00;23142338#2_0;290.21;9.92;2655.00;4.88;23687583_0;5.10;0.00;tripinfo_in_as_to_ns.19;281.00;in_as_to_ns.19;0;1995.73;0.98;0.00;96.27;car;;5;52.00
2937.00;972103805_0;116.86;10.49;2610.00;2.80;-23142338#2_0;5.10;0.00;tripinfo_in_ns_to_ko.59;327.00;in_ns_to_ko.59;0;1398.55;0.95;0.00;194.09;car;;9;114.00
2938.00;23156305_0;1264.14;10.53;2528.00;17.33;803785575#0_0;5.10;0.00;tripinfo_in_od_to_gg.18;410.00;in_od_to_gg.18;0;3669.96;1.02;0.00;84.41;car;;3;6.00
2938.00;23142338#2_0;290.21;10.88;2664.00;9.37;23687583_0;5.10;0.00;tripinfo_in_as_to_ns.20;274.00;in_as_to_ns.20;0;1995.73;1.00;0.00;92.07;car;;3;38.00
2939.00;972103805_0;116.86;10.20;2669.00;26.30;803785575#0_0;5.10;0.00;tripinfo_in_od_to_ko.33;270.00;in_od_to_ko.33;0;2307.67;0.95;0.00;38.94;car;;1;11.00
2939.00;23156305_0;1264.14;11.15;2714.00;0.74;23687583_0;5.10;0.00;tripinfo_in_as_to_gg.6;225.00;in_as_to_gg.6;0;1600.87;1.16;0.00;99.88;car;;3;56.00
2940.00;972103805_0;116.86;11.67;2643.00;0.41;-23142338#2_0;5.10;0.00;tripinfo_in_ns_to_ko.60;297.00;in_ns_to_ko.60;0;1398.55;1.16;0.00;188.21;car;;7;119.00
2947.00;28706217_0;94.10;6.34;2488.00;0.57;-23142338#2_0;5.10;0.00;tripinfo_in_ns_to_sl.3;459.00;in_ns_to_sl.3;0;1619.36;0.84;0.00;264.05;car;;11;178.00
2948.00;972103805_0;116.86;9.47;2708.00;2.57;-230845886_0;5.10;0.00;tripinfo_in_ba_to_ko.40;240.00;in_ba_to_ko.40;0;2114.29;0.89;0.00;23.32;car;;0;0.00
2949.00;23527526_0;253.75;9.60;2750.00;0.32;-230845886_0;5.10;0.00;tripinfo_in_ba_to_gj.26;199.00;in_ba_to_gj.26;0;1755.68;0.88;0.00;16.83;car;;0;0.00
2950.00;972103805_0;116.86;12.75;2743.00;0.25;-230845886_0;5.10;0.00;tripinfo_in_ba_to_ko.41;207.00;in_ba_to_ko.41;0;2114.29;1.30;0.00;53.22;car;;0;0.00
2951.00;23527526_0;253.75;10.79;2767.00;4.93;-230845886_0;5.10;0.00;tripinfo_in_ba_to_gj.27;184.00;in_ba_to_gj.27;0;1755.68;1.05;0.00;31.66;car;;1;6.00
2953.00;972103805_0;116.86;9.75;2650.00;0.39;-23142338#2_0;5.10;0.00;tripinfo_in_ns_to_ko.61;303.00;in_ns_to_ko.61;0;1398.55;0.98;0.00;173.67;car;;8;119.00
2955.00;972103805_0;116.86;12.36;2659.00;0.45;-23142338#2_0;5.10;0.00;tripinfo_in_ns_to_ko.62;296.00;in_ns_to_ko.62;0;1398.55;1.18;0.00;188.33;car;;8;112.00
2956.00;23156030#6_0;109.07;10.46;2543.00;0.48;-23142338#2_0;5.10;0.00;tripinfo_in_ns_to_od.2;413.00;in_ns_to_od.2;0;2005.01;0.98;0.00;216.11;car;;10;125.00
2961.00;972103805_0;116.86;11.29;2687.00;25.12;803785575#0_0;5.10;0.00;tripinfo_in_od_to_ko.34;274.00;in_od_to_ko.34;0;2307.67;1.02;0.00;57.97;car;;1;18.00
2963.00;23156305_0;1264.14;11.09;2534.00;10.76;803785575#0_0;5.10;0.00;tripinfo_in_od_to_gg.19;429.00;in_od_to_gg.19;0;3669.96;1.05;0.00;110.66;car;;5;25.00
2963.00;972103805_0;116.86;10.84;2705.00;30.90;803785575#0_0;5.10;0.00;tripinfo_in_od_to_ko.35;258.00;in_od_to_ko.35;0;2307.67;1.08;0.00;55.18;car;;1;16.00
2964.00;230845886_0;633.12;8.13;2624.00;15.30;803785575#0_0;5.10;0.00;tripinfo_in_od_to_ba.22;340.00;in_od_to_ba.22;0;2382.14;0.84;0.00;84.91;car;;3;8.00
2964.00;23142338#2_0;290.21;11.41;2684.00;4.02;23687583_0;5.10;0.00;tripinfo_in_as_to_ns.21;280.00;in_as_to_ns.21;0;1995.73;1.03;0.00;104.14;car;;6;48.00
2966.00;230845886_0;633.12;8.92;2627.00;14.93;803785575#0_0;5.10;0.00;tripinfo_in_od_to_ba.23;339.00;in_od_to_ba.23;0;2382.14;0.87;0.00;90.99;car;;2;6.00
2972.00;230845886_0;633.12;11.96;2666.00;25.30;803785575#0_0;5.10;0.00;tripinfo_in_od_to_ba.24;306.00;in_od_to_ba.24;0;2382.14;1.12;0.00;113.18;car;;1;1.00
2972.00;28716808#1_0;754.74;11.14;2766.00;3.78;23687583_0;5.10;0.00;tripinfo_in_as_to_kl.6;206.00;in_as_to_kl.6;0;1207.92;1.11;0.00;107.46;car;;5;59.00
2974.00;972103805_0;116.86;10.42;2745.00;4.36;23687583_0;5.10;0.00;tripinfo_in_as_to_ko.29;229.00;in_as_to_ko.29;0;1102.39;1.04;0.00;133.67;car;;5;91.00
2976.00;972103805_0;116.86;10.81;2777.00;7.29;23687583_0;5.10;0.00;tripinfo_in_as_to_ko.30;199.00;in_as_to_ko.30;0;1102.39;1.05;0.00;104.62;car;;4;49.00
2981.00;230845886_0;633.12;10.26;2504.00;0.52;-23142338#2_0;5.10;0.00;tripinfo_in_ns_to_ba.2;477.00;in_ns_to_ba.2;0;2340.42;1.01;0.00;268.39;car;;9;113.00
2982.00;41899283#1_0;148.70;11.17;2824.00;0.91;-230845886_0;5.10;0.00;tripinfo_in_ba_to_as.27;158.00;in_ba_to_as.27;0;1430.78;1.01;0.00;29.43;car;;1;6.00
2983.00;972103805_0;116.86;10.37;2662.00;2.82;-23142338#2_0;5.10;0.00;tripinfo_in_ns_to_ko.63;321.00;in_ns_to_ko.63;0;1398.55;0.98;0.00;192.46;car;;9;129.00
2986.00;41899283#1_0;148.70;10.63;2654.00;16.40;803785575#0_0;5.10;0.00;tripinfo_in_od_to_as.18;332.00;in_od_to_as.18;0;2382.09;1.00;0.00;117.05;car;;4;13.00
2986.00;972103805_0;116.86;10.57;2667.00;0.34;-23142338#2_0;5.10;0.00;tripinfo_in_ns_to_ko.64;319.00;in_ns_to_ko.64;0;1398.55;1.01;0.00;194.18;car;;9;122.00
2986.00;23156390_0;1121.44;9.43;2733.00;0.88;23687583_0;5.10;0.00;tripinfo_in_as_to_br.5;253.00;in_as_to_br.5;0;1694.48;0.87;0.00;76.80;car;;2;48.00
2988.00;23156390_0;1121.44;10.17;2564.00;12.69;803785575#0_0;5.10;0.00;tripinfo_in_od_to_br.19;424.00;in_od_to_br.19;0;3149.31;0.95;0.00;122.75;car;;5;15.00
2988.00;41899283#1_0;148.70;12.69;2660.00;20.56;803785575#0_0;5.10;0.00;tripinfo_in_od_to_as.19;328.00;in_od_to_as.19;0;2382.09;1.22;0.00;150.85;car;;4;11.00
2989.00;23156390_0;1121.44;11.92;2591.00;21.10;803785575#0_0;5.10;0.00;tripinfo_in_od_to_br.20;398.00;in_od_to_br.20;0;3149.31;1.07;0.00;131.97;car;;4;9.00
2989.00;972103805_0;116.86;10.92;2670.00;0.59;-23142338#2_0;5.10;0.00;tripinfo_in_ns_to_ko.65;319.00;in_ns_to_ko.65;0;1398.55;1.03;0.00;196.47;car;;9;119.00
2991.00;23527526_0;253.75;9.27;2891.00;49.88;23687583_0;5.10;0.00;tripinfo_in_as_to_gj.20;100.00;in_as_to_gj.20;0;649.06;0.84;0.00;29.23;car;;1;3.00
2993.00;972103805_0;116.86;9.45;2673.00;0.01;-23142338#2_0;5.10;0.00;tripinfo_in_ns_to_ko.66;320.00;in_ns_to_ko.66;0;1398.55;0.88;0.00;176.41;car;;7;116.00
2993.00;23527526_0;253.75;11.22;2908.00;58.80;23687583_0;5.10;0.00;tripinfo_in_as_to_gj.21;85.00;in_as_to_gj.21;0;649.06;1.12;0.00;31.75;car;;1;3.00
2995.00;972103805_0;116.86;10.97;2714.00;29.63;803785575#0_0;5.10;0.00;tripinfo_in_od_to_ko.36;281.00;in_od_to_ko.36;0;2307.67;1.06;0.00;74.14;car;;2;32.00
2997.00;972103805_0;116.86;10.76;2720.00;26.20;803785575#0_0;5.10;0.00;tripinfo_in_od_to_ko.37;277.00;in_od_to_ko.37;0;2307.67;0.99;0.00;55.78;car;;1;18.00
2999.00;28716808#1_0;754.74;8.77;2609.00;19.95;803785575#0_0;5.10;0.00;tripinfo_in_od_to_kl.11;390.00;in_od_to_kl.11;0;2678.40;0.86;0.00;108.94;car;;4;22.00
2999.00;972103805_0;116.86;10.19;2726.00;30.73;803785575#0_0;5.10;0.00;tripinfo_in_od_to_ko.38;273.00;in_od_to_ko.38;0;2307.67;1.00;0.00;53.73;car;;1;18.00
3001.00;41899283#1_0;148.70;8.64;2836.00;0.31;-230845886_0;5.10;0.00;tripinfo_in_ba_to_as.28;165.00;in_ba_to_as.28;0;1430.78;0.86;0.00;13.82;car;;0;0.00
3002.00;28716808#1_0;754.74;11.25;2639.00;8.31;803785575#0_0;5.10;0.00;tripinfo_in_od_to_kl.13;363.00;in_od_to_kl.13;0;2678.40;1.12;0.00;146.18;car;;4;20.00
3002.00;972103805_0;116.86;11.09;2744.00;28.27;803785575#0_0;5.10;0.00;tripinfo_in_od_to_ko.39;258.00;in_od_to_ko.39;0;2307.67;1.04;0.00;46.18;car;;1;7.00
3006.00;972103805_0;116.86;10.54;2809.00;23.39;23687583_0;5.10;0.00;tripinfo_in_as_to_ko.31;197.00;in_as_to_ko.31;0;1102.39;0.95;0.00;92.46;car;;5;45.00
3009.00;23156305_0;1264.14;9.31;2525.00;15.80;803785575#0_0;5.10;0.00;tripinfo_in_od_to_gg.17;484.00;in_od_to_gg.17;0;3669.96;0.90;0.00;115.02;car;;5;26.00
3009.00;23156390_0;1121.44;10.10;2603.00;17.33;803785575#0_0;5.10;0.00;tripinfo_in_od_to_br.21;406.00;in_od_to_br.21;0;3149.31;0.94;0.00;101.66;car;;1;6.00
3009.00;972103805_0;116.86;10.79;2764.00;3.91;-230845886_0;5.10;0.00;tripinfo_in_ba_to_ko.42;245.00;in_ba_to_ko.42;0;2114.29;1.06;0.00;63.01;car;;2;26.00
3011.00;23156305_0;1264.14;10.03;2543.00;12.34;803785575#0_0;5.10;0.00;tripinfo_in_od_to_gg.20;468.00;in_od_to_gg.20;0;3669.96;1.01;0.00;139.02;car;;7;36.00
3012.00;23156305_0;1264.14;12.18;2555.00;21.58;803785575#0_0;5.10;0.00;tripinfo_in_od_to_gg.21;457.00;in_od_to_gg.21;0;3669.96;1.18;0.00;175.54;car;;8;33.00
3012.00;972103805_0;116.86;10.33;2770.00;4.61;-230845886_0;5.10;0.00;tripinfo_in_ba_to_ko.43;242.00;in_ba_to_ko.43;0;2114.29;0.98;0.00;45.75;car;;2;13.00
3013.00;972103805_0;116.86;11.25;2677.00;3.31;-23142338#2_0;5.10;0.00;tripinfo_in_ns_to_ko.67;336.00;in_ns_to_ko.67;0;1398.55;1.12;0.00;223.22;car;;9;141.00
3015.00;23156305_0;1264.14;10.10;2558.00;16.36;803785575#0_0;5.10;0.00;tripinfo_in_od_to_gg.22;457.00;in_od_to_gg.22;0;3669.96;0.99;0.00;122.05;car;;7;19.00
3018.00;28716808#1_0;754.74;9.04;2633.00;6.19;803785575#0_0;5.10;0.00;tripinfo_in_od_to_kl.12;385.00;in_od_to_kl.12;0;2678.40;0.91;0.00;119.21;car;;4;14.00
3021.00;41899283#1_0;148.70;10.28;2699.00;25.97;803785575#0_0;5.10;0.00;tripinfo_in_od_to_as.20;322.00;in_od_to_as.20;0;2382.09;0.98;0.00;103.56;car;;1;5.00
3027.00;972103805_0;116.86;8.33;2684.00;0.46;-23142338#2_0;5.10;0.00;tripinfo_in_ns_to_ko.68;343.00;in_ns_to_ko.68;0;1398.55;0.81;0.00;185.85;car;;8;133.00
3028.00;972103805_0;116.86;10.63;2706.00;0.67;-23142338#2_0;5.10;0.00;tripinfo_in_ns_to_ko.69;322.00;in_ns_to_ko.69;0;1398.55;1.05;0.00;202.43;car;;8;138.00
3032.00;230845886_0;633.12;9.89;2723.00;28.85;803785575#0_0;5.10;0.00;tripinfo_in_od_to_ba.25;309.00;in_od_to_ba.25;0;2382.14;0.95;0.00;81.23;car;;2;7.00
3034.00;230845886_0;633.12;9.80;2834.00;47.95;23687583_0;5.10;0.00;tripinfo_in_as_to_ba.14;200.00;in_as_to_ba.14;0;1356.50;0.97;0.00;73.97;car;;2;28.00
3034.00;972103805_0;116.86;11.05;2881.00;47.52;23687583_0;5.10;0.00;tripinfo_in_as_to_ko.32;153.00;in_as_to_ko.32;0;1102.39;1.03;0.00;56.00;car;;2;20.00
3036.00;972103805_0;116.86;10.58;2902.00;54.03;23687583_0;5.10;0.00;tripinfo_in_as_to_ko.33;134.00;in_as_to_ko.33;0;1102.39;1.04;0.00;38.41;car;;2;5.00
3039.00;23527526_0;253.75;9.94;2954.00;59.40;23687583_0;5.10;0.00;tripinfo_in_as_to_gj.22;85.00;in_as_to_gj.22;0;649.06;0.96;0.00;23.12;car;;1;6.00
3041.00;230845886_0;633.12;10.97;2759.00;27.76;803785575#0_0;5.10;0.00;tripinfo_in_od_to_ba.26;282.00;in_od_to_ba.26;0;2382.14;1.06;0.00;79.32;car;;0;0.00
3042.00;972103805_0;116.86;9.16;2774.00;6.13;-230845886_0;5.10;0.00;tripinfo_in_ba_to_ko.44;268.00;in_ba_to_ko.44;0;2114.29;0.87;0.00;46.78;car;;2;15.00
3044.00;972103805_0;116.86;9.38;2780.00;5.52;-230845886_0;5.10;0.00;tripinfo_in_ba_to_ko.45;264.00;in_ba_to_ko.45;0;2114.29;0.91;0.00;51.85;car;;1;13.00
3045.00;972103805_0;116.86;10.66;2787.00;0.39;-230845886_0;5.10;0.00;tripinfo_in_ba_to_ko.46;258.00;in_ba_to_ko.46;0;2114.29;1.07;0.00;78.95;car;;2;27.00
3046.00;23156390_0;1121.44;9.91;2615.00;23.65;803785575#0_0;5.10;0.00;tripinfo_in_od_to_br.22;431.00;in_od_to_br.22;0;3149.31;0.97;0.00;137.39;car;;5;20.00
3048.00;45494495_0;58.90;7.64;2534.00;5.88;-230845886_0;5.10;0.00;tripinfo_in_ba_to_os.14;514.00;in_ba_to_os.14;0;1647.96;0.80;0.00;327.69;car;;6;285.00
3048.00;972103805_0;116.86;9.25;2714.00;0.22;-23142338#2_0;5.10;0.00;tripinfo_in_ns_to_ko.70;334.00;in_ns_to_ko.70;0;1398.55;0.92;0.00;196.76;car;;8;132.00
3048.00;23527526_0;253.75;12.25;2879.00;0.58;-230845886_0;5.10;0.00;tripinfo_in_ba_to_gj.28;169.00;in_ba_to_gj.28;0;1755.68;1.12;0.00;26.53;car;;1;5.00
3050.00;45494495_0;58.90;11.35;2858.00;45.02;803785575#0_0;5.10;0.00;tripinfo_in_od_to_os.44;192.00;in_od_to_os.44;0;969.96;1.10;0.00;111.66;car;;2;84.00
3051.00;23156305_0;1264.14;9.00;2502.00;0.43;-23142338#2_0;5.10;0.00;tripinfo_in_ns_to_gg.9;549.00;in_ns_to_gg.9;0;3297.24;0.82;0.00;184.20;car;;8;102.00
3051.00;41899283#1_0;148.70;12.18;2756.00;32.78;803785575#0_0;5.10;0.00;tripinfo_in_od_to_as.21;295.00;in_od_to_as.21;0;2382.09;1.17;0.00;110.14;car;;1;1.00
3051.00;45494495_0;58.90;11.60;2861.00;47.35;803785575#0_0;5.10;0.00;tripinfo_in_od_to_os.45;190.00;in_od_to_os.45;0;969.96;1.05;0.00;106.41;car;;2;83.00
3053.00;23156305_0;1264.14;13.06;2576.00;16.07;803785575#0_0;5.10;0.00;tripinfo_in_od_to_gg.23;477.00;in_od_to_gg.23;0;3669.96;1.20;0.00;199.56;car;;6;29.00
3054.00;972103805_0;116.86;10.96;2717.00;0.82;-23142338#2_0;5.10;0.00;tripinfo_in_ns_to_ko.71;337.00;in_ns_to_ko.71;0;1398.55;1.09;0.00;221.69;car;;9;156.00
3054.00;45494495_0;58.90;9.54;2864.00;48.48;803785575#0_0;5.10;0.00;tripinfo_in_od_to_os.46;190.00;in_od_to_os.46;0;969.96;0.97;0.00;99.30;car;;3;77.00
3056.00;972103805_0;116.86;11.37;2720.00;2.65;-23142338#2_0;5.10;0.00;tripinfo_in_ns_to_ko.72;336.00;in_ns_to_ko.72;0;1398.55;1.12;0.00;222.92;car;;9;152.00
3057.00;28716808#1_0;754.74;9.93;2681.00;28.64;803785575#0_0;5.10;0.00;tripinfo_in_od_to_kl.14;376.00;in_od_to_kl.14;0;2678.40;0.93;0.00;115.22;car;;3;20.00
3059.00;28716808#1_0;754.74;9.71;2684.00;23.60;803785575#0_0;5.10;0.00;tripinfo_in_od_to_kl.15;375.00;in_od_to_kl.15;0;2678.40;0.94;0.00;118.57;car;;3;15.00
3059.00;45494495_0;58.90;10.14;2879.00;46.98;803785575#0_0;5.10;0.00;tripinfo_in_od_to_os.48;180.00;in_od_to_os.48;0;969.96;0.93;0.00;85.56;car;;3;63.00
3063.00;45494495_0;58.90;9.66;2867.00;49.58;803785575#0_0;5.10;0.00;tripinfo_in_od_to_os.47;196.00;in_od_to_os.47;0;969.96;0.88;0.00;97.01;car;;2;60.00
3063.00;23527526_0;253.75;10.01;2982.00;52.07;23687583_0;5.10;0.00;tripinfo_in_as_to_gj.23;81.00;in_as_to_gj.23;0;649.06;0.92;0.00;16.54;car;;0;0.00
3064.00;972103805_0;116.86;11.12;2932.00;73.19;23687583_0;5.10;0.00;tripinfo_in_as_to_ko.34;132.00;in_as_to_ko.34;0;1102.39;1.03;0.00;35.43;car;;1;19.00
3065.00;45494495_0;58.90;11.35;2945.00;40.14;803785575#0_0;5.10;0.00;tripinfo_in_od_to_os.50;120.00;in_od_to_os.50;0;969.96;1.08;0.00;39.26;car;;1;16.00
3066.00;230845886_0;633.12;9.70;2768.00;29.99;803785575#0_0;5.10;0.00;tripinfo_in_od_to_ba.27;298.00;in_od_to_ba.27;0;2382.14;0.93;0.00;66.78;car;;2;7.00
3068.00;230845886_0;633.12;10.48;2774.00;33.11;803785575#0_0;5.10;0.00;tripinfo_in_od_to_ba.28;294.00;in_od_to_ba.28;0;2382.14;1.04;0.00;87.61;car;;2;4.00
3068.00;972103805_0;116.86;9.31;2790.00;1.73;-230845886_0;5.10;0.00;tripinfo_in_ba_to_ko.47;278.00;in_ba_to_ko.47;0;2114.29;0.85;0.00;50.84;car;;1;16.00
3068.00;23527526_0;253.75;10.60;2998.00;49.88;23687583_0;5.10;0.00;tripinfo_in_as_to_gj.24;70.00;in_as_to_gj.24;0;649.06;1.02;0.00;12.05;car;;0;0.00
3070.00;972103805_0;116.86;9.51;2808.00;0.81;-230845886_0;5.10;0.00;tripinfo_in_ba_to_ko.48;262.00;in_ba_to_ko.48;0;2114.29;0.88;0.00;43.54;car;;1;15.00
3071.00;45494495_0;58.90;8.69;2537.00;0.28;23687583_0;5.10;0.00;tripinfo_in_as_to_os.12;534.00;in_as_to_os.12;0;1689.77;0.87;0.00;359.30;car;;14;285.00
3072.00;972103805_0;116.86;11.03;2811.00;0.55;-230845886_0;5.10;0.00;tripinfo_in_ba_to_ko.49;261.00;in_ba_to_ko.49;0;2114.29;1.01;0.00;71.11;car;;1;19.00
3073.00;45494495_0;58.90;11.49;2969.00;22.69;803785575#0_0;5.10;0.00;tripinfo_in_od_to_os.52;104.00;in_od_to_os.52;0;969.96;1.07;0.00;21.66;car;;0;0.00
3074.00;28716808#1_0;754.74;11.01;2690.00;26.31;803785575#0_0;5.10;0.00;tripinfo_in_od_to_kl.16;384.00;in_od_to_kl.16;0;2678.40;1.04;0.00;151.48;car;;5;30.00
3074.00;972103805_0;116.86;10.51;2729.00;3.45;-23142338#2_0;5.10;0.00;tripinfo_in_ns_to_ko.73;345.00;in_ns_to_ko.73;0;1398.55;1.04;0.00;223.26;car;;10;151.00
3075.00;45494495_0;58.90;11.12;2783.00;32.54;803785575#0_0;5.10;0.00;tripinfo_in_od_to_os.40;292.00;in_od_to_os.40;0;969.96;1.04;0.00;207.50;car;;5;168.00
3076.00;41899283#1_0;148.70;9.55;2771.00;31.34;803785575#0_0;5.10;0.00;tripinfo_in_od_to_as.22;305.00;in_od_to_as.22;0;2382.09;0.93;0.00;72.40;car;;1;2.00
3076.00;972103805_0;116.86;11.32;2822.00;35.96;803785575#0_0;5.10;0.00;tripinfo_in_od_to_ko.40;254.00;in_od_to_ko.40;0;2307.67;1.06;0.00;45.81;car;;1;15.00
3078.00;972103805_0;116.86;11.43;2834.00;40.52;803785575#0_0;5.10;0.00;tripinfo_in_od_to_ko.41;244.00;in_od_to_ko.41;0;2307.67;1.05;0.00;36.07;car;;1;7.00
3078.00;41899283#1_0;148.70;13.09;2900.00;0.10;-230845886_0;5.10;0.00;tripinfo_in_ba_to_as.29;178.00;in_ba_to_as.29;0;1430.78;1.22;0.00;70.81;car;;2;14.00
3078.00;23527526_0;253.75;8.70;3001.00;45.86;23687583_0;5.10;0.00;tripinfo_in_as_to_gj.25;77.00;in_as_to_gj.25;0;649.06;0.89;0.00;10.36;car;;0;0.00
3081.00;28716808#1_0;754.74;9.58;2693.00;27.23;803785575#0_0;5.10;0.00;tripinfo_in_od_to_kl.17;388.00;in_od_to_kl.17;0;2678.40;0.98;0.00;139.95;car;;5;27.00
3082.00;45494495_0;58.90;10.34;2975.00;22.88;803785575#0_0;5.10;0.00;tripinfo_in_od_to_os.53;107.00;in_od_to_os.53;0;969.96;1.05;0.00;23.30;car;;2;4.00
3083.00;23142338#2_0;290.21;8.68;2818.00;0.49;-230845886_0;5.10;0.00;tripinfo_in_ba_to_ns.10;265.00;in_ba_to_ns.10;0;2346.36;0.88;0.00;22.77;car;;0;0.00
3085.00;28716808#1_0;754.74;10.06;2702.00;28.58;803785575#0_0;5.10;0.00;tripinfo_in_od_to_kl.18;383.00;in_od_to_kl.18;0;2678.40;1.02;0.00;145.51;car;;6;24.00
3085.00;230845886_0;633.12;9.88;2789.00;31.95;803785575#0_0;5.10;0.00;tripinfo_in_od_to_ba.29;296.00;in_od_to_ba.29;0;2382.14;0.96;0.00;70.64;car;;2;6.00
3087.00;23142338#2_0;290.21;10.07;2748.00;4.08;23687583_0;5.10;0.00;tripinfo_in_as_to_ns.22;339.00;in_as_to_ns.22;0;1995.73;0.98;0.00;152.29;car;;7;97.00
3089.00;230845886_0;633.12;9.57;2914.00;57.25;23687583_0;5.10;0.00;tripinfo_in_as_to_ba.15;175.00;in_as_to_ba.15;0;1356.50;0.93;0.00;43.09;car;;2;9.00
3091.00;230845886_0;633.12;9.57;2917.00;59.78;23687583_0;5.10;0.00;tripinfo_in_as_to_ba.16;174.00;in_as_to_ba.16;0;1356.50;0.94;0.00;44.00;car;;2;7.00
3092.00;41899283#1_0;148.70;9.69;2680.00;4.93;-23142338#2_0;5.10;0.00;tripinfo_in_ns_to_as.9;412.00;in_ns_to_as.9;0;2009.37;0.98;0.00;224.73;car;;9;147.00
3092.00;23142338#2_0;290.21;10.14;2761.00;1.94;23687583_0;5.10;0.00;tripinfo_in_as_to_ns.23;331.00;in_as_to_ns.23;0;1995.73;0.95;0.00;140.30;car;;6;73.00
3097.00;972103805_0;116.86;9.04;2942.00;64.06;23687583_0;5.10;0.00;tripinfo_in_as_to_ko.35;155.00;in_as_to_ko.35;0;1102.39;0.90;0.00;44.82;car;;2;26.00
3099.00;972103805_0;116.86;10.07;2948.00;57.92;23687583_0;5.10;0.00;tripinfo_in_as_to_ko.36;151.00;in_as_to_ko.36;0;1102.39;0.94;0.00;45.50;car;;2;21.00
3100.00;230845886_0;633.12;8.89;2938.00;61.48;23687583_0;5.10;0.00;tripinfo_in_as_to_ba.17;162.00;in_as_to_ba.17;0;1356.50;0.88;0.00;22.32;car;;1;4.00
3102.00;23527526_0;253.75;8.84;2753.00;33.94;803785575#0_0;5.10;0.00;tripinfo_in_od_to_gj.7;349.00;in_od_to_gj.7;0;2706.99;0.83;0.00;54.60;car;;0;0.00
3102.00;972103805_0;116.86;10.27;2839.00;1.54;-230845886_0;5.10;0.00;tripinfo_in_ba_to_ko.50;263.00;in_ba_to_ko.50;0;2114.29;0.95;0.00;59.77;car;;3;23.00
3104.00;972103805_0;116.86;10.25;2854.00;0.26;-230845886_0;5.10;0.00;tripinfo_in_ba_to_ko.51;250.00;in_ba_to_ko.51;0;2114.29;1.02;0.00;60.70;car;;3;19.00
3104.00;23527526_0;253.75;11.84;2892.00;0.80;-230845886_0;5.10;0.00;tripinfo_in_ba_to_gj.29;212.00;in_ba_to_gj.29;0;1755.68;1.12;0.00;69.82;car;;1;2.00
3105.00;23156305_0;1264.14;8.23;2579.00;18.89;803785575#0_0;5.10;0.00;tripinfo_in_od_to_gg.24;526.00;in_od_to_gg.24;0;3669.96;0.78;0.00;96.43;car;;3;9.00
3106.00;972103805_0;116.86;10.31;2869.00;0.65;-230845886_0;5.10;0.00;tripinfo_in_ba_to_ko.52;237.00;in_ba_to_ko.52;0;2114.29;0.99;0.00;42.47;car;;3;9.00
3106.00;230845886_0;633.12;9.54;2945.00;64.12;23687583_0;5.10;0.00;tripinfo_in_as_to_ba.18;161.00;in_as_to_ba.18;0;1356.50;0.91;0.00;26.96;car;;1;10.00
3106.00;23527526_0;253.75;10.78;2895.00;2.62;-230845886_0;5.10;0.00;tripinfo_in_ba_to_gj.30;211.00;in_ba_to_gj.30;0;1755.68;0.99;0.00;49.88;car;;2;9.00
3107.00;28706217_0;94.10;8.28;2243.00;0.85;-230845886_0;5.10;0.00;tripinfo_in_ba_to_sl.8;864.00;in_ba_to_sl.8;0;1934.94;1.10;0.00;700.33;car;;16;544.00
3107.00;23156305_0;1264.14;11.25;2777.00;7.13;-230845886_0;5.10;0.00;tripinfo_in_ba_to_gg.9;330.00;in_ba_to_gg.9;0;2718.65;1.02;0.00;88.63;car;;0;0.00
3108.00;41899283#1_0;148.70;10.97;2926.00;0.46;-230845886_0;5.10;0.00;tripinfo_in_ba_to_as.30;182.00;in_ba_to_as.30;0;1430.78;1.03;0.00;55.89;car;;1;7.00
3109.00;23156305_0;1264.14;10.39;2558.00;0.14;-23142338#2_0;5.10;0.00;tripinfo_in_ns_to_gg.10;551.00;in_ns_to_gg.10;0;3297.24;0.99;0.00;248.18;car;;8;117.00
3109.00;23142338#2_0;290.21;9.23;2861.00;0.35;-230845886_0;5.10;0.00;tripinfo_in_ba_to_ns.11;248.00;in_ba_to_ns.11;0;2346.36;0.94;0.00;22.13;car;;0;0.00
3110.00;972103805_0;116.86;10.27;2735.00;0.05;-23142338#2_0;5.10;0.00;tripinfo_in_ns_to_ko.74;375.00;in_ns_to_ko.74;0;1398.55;0.94;0.00;239.80;car;;11;159.00
3111.00;23156305_0;1264.14;11.31;2612.00;22.24;803785575#0_0;5.10;0.00;tripinfo_in_od_to_gg.25;499.00;in_od_to_gg.25;0;3669.96;1.03;0.00;176.24;car;;2;12.00
3112.00;972103805_0;116.86;11.00;2739.00;1.91;-23142338#2_0;5.10;0.00;tripinfo_in_ns_to_ko.75;373.00;in_ns_to_ko.75;0;1398.55;1.02;0.00;248.90;car;;10;153.00
3113.00;23156305_0;1264.14;10.49;2618.00;20.28;803785575#0_0;5.10;0.00;tripinfo_in_od_to_gg.26;495.00;in_od_to_gg.26;0;3669.96;0.95;0.00;144.26;car;;3;10.00
3113.00;41899283#1_0;148.70;9.74;2932.00;5.28;-230845886_0;5.10;0.00;tripinfo_in_ba_to_as.31;181.00;in_ba_to_as.31;0;1430.78;0.92;0.00;39.27;car;;1;3.00
3114.00;28716808#1_0;754.74;11.74;2709.00;2.12;-23142338#2_0;5.10;0.00;tripinfo_in_ns_to_kl.5;405.00;in_ns_to_kl.5;0;2315.58;1.08;0.00;211.05;car;;8;131.00
3114.00;972103805_0;116.86;10.26;2846.00;43.23;803785575#0_0;5.10;0.00;tripinfo_in_od_to_ko.42;268.00;in_od_to_ko.42;0;2307.67;0.97;0.00;42.65;car;;1;14.00
3115.00;23156305_0;1264.14;10.66;2636.00;6.94;803785575#0_0;5.10;0.00;tripinfo_in_od_to_gg.27;479.00;in_od_to_gg.27;0;3669.96;1.04;0.00;160.13;car;;5;12.00
3115.00;23142338#2_0;290.21;11.01;2843.00;30.39;23687583_0;5.10;0.00;tripinfo_in_as_to_ns.24;272.00;in_as_to_ns.24;0;1995.73;1.00;0.00;91.20;car;;3;29.00
3116.00;41899283#1_0;148.70;11.56;2726.00;0.61;-23142338#2_0;5.10;0.00;tripinfo_in_ns_to_as.10;390.00;in_ns_to_as.10;0;2009.37;1.13;0.00;228.57;car;;9;149.00
3119.00;23527526_0;253.75;9.31;2906.00;0.57;-230845886_0;5.10;0.00;tripinfo_in_ba_to_gj.31;213.00;in_ba_to_gj.31;0;1755.68;0.90;0.00;36.62;car;;3;12.00
3121.00;23527526_0;253.75;9.58;3016.00;48.42;23687583_0;5.10;0.00;tripinfo_in_as_to_gj.26;105.00;in_as_to_gj.26;0;649.06;0.92;0.00;40.80;car;;1;30.00
3122.00;28706217_0;94.10;8.28;2263.00;0.71;-230845886_0;5.10;0.00;tripinfo_in_ba_to_sl.9;859.00;in_ba_to_sl.9;0;1934.94;1.04;0.00;685.09;car;;17;560.00
3123.00;23156305_0;1264.14;10.58;2657.00;19.10;803785575#0_0;5.10;0.00;tripinfo_in_od_to_gg.28;466.00;in_od_to_gg.28;0;3669.96;0.96;0.00;120.01;car;;3;4.00
3125.00;230845886_0;633.12;10.44;2963.00;56.05;23687583_0;5.10;0.00;tripinfo_in_as_to_ba.19;162.00;in_as_to_ba.19;0;1356.50;0.94;0.00;31.46;car;;1;4.00
3127.00;972103805_0;116.86;9.22;2978.00;52.00;23687583_0;5.10;0.00;tripinfo_in_as_to_ko.37;149.00;in_as_to_ko.37;0;1102.39;0.87;0.00;35.48;car;;1;13.00
3129.00;230845886_0;633.12;9.48;2969.00;50.94;23687583_0;5.10;0.00;tripinfo_in_as_to_ba.20;160.00;in_as_to_ba.20;0;1356.50;0.90;0.00;24.32;car;;1;1.00
3129.00;972103805_0;116.86;11.15;2992.00;47.61;23687583_0;5.10;0.00;tripinfo_in_as_to_ko.38;137.00;in_as_to_ko.38;0;1102.39;1.07;0.00;43.63;car;;1;11.00
3129.00;23527526_0;253.75;10.20;3034.00;41.42;23687583_0;5.10;0.00;tripinfo_in_as_to_gj.27;95.00;in_as_to_gj.27;0;649.06;1.03;0.00;36.76;car;;1;22.00
3131.00;230845886_0;633.12;11.30;2813.00;39.57;803785575#0_0;5.10;0.00;tripinfo_in_od_to_ba.30;318.00;in_od_to_ba.30;0;2382.14;1.12;0.00;125.36;car;;3;30.00
3131.00;972103805_0;116.86;10.52;2995.00;47.94;23687583_0;5.10;0.00;tripinfo_in_as_to_ko.39;136.00;in_as_to_ko.39;0;1102.39;1.05;0.00;40.62;car;;1;11.00
3132.00;23156305_0;1264.14;11.00;2675.00;26.10;803785575#0_0;5.10;0.00;tripinfo_in_od_to_gg.30;457.00;in_od_to_gg.30;0;3669.96;1.04;0.00;136.41;car;;2;14.00
3133.00;230845886_0;633.12;13.55;2989.00;49.68;23687583_0;5.10;0.00;tripinfo_in_as_to_ba.21;144.00;in_as_to_ba.21;0;1356.50;1.23;0.00;43.71;car;;1;8.00
3135.00;45494495_0;58.90;11.60;2786.00;30.08;803785575#0_0;5.10;0.00;tripinfo_in_od_to_os.41;349.00;in_od_to_os.41;0;969.96;1.06;0.00;266.08;car;;6;212.00
3136.00;972103805_0;116.86;9.36;2745.00;5.94;-23142338#2_0;5.10;0.00;tripinfo_in_ns_to_ko.76;391.00;in_ns_to_ko.76;0;1398.55;0.85;0.00;242.93;car;;11;159.00
3137.00;23156390_0;1121.44;12.16;2960.00;57.61;23687583_0;5.10;0.00;tripinfo_in_as_to_br.6;177.00;in_as_to_br.6;0;1694.48;1.12;0.00;40.72;car;;1;4.00
3138.00;972103805_0;116.86;9.98;2754.00;2.01;-23142338#2_0;5.10;0.00;tripinfo_in_ns_to_ko.77;384.00;in_ns_to_ko.77;0;1398.55;1.01;0.00;258.64;car;;10;157.00
3138.00;41899283#1_0;148.70;9.02;2792.00;34.81;803785575#0_0;5.10;0.00;tripinfo_in_od_to_as.23;346.00;in_od_to_as.23;0;2382.09;0.90;0.00;104.95;car;;3;40.00
3139.00;45494495_0;58.90;9.82;2607.00;3.46;-230845886_0;5.10;0.00;tripinfo_in_ba_to_os.17;532.00;in_ba_to_os.17;0;1647.96;0.93;0.00;370.69;car;;10;298.00
3139.00;972103805_0;116.86;12.11;2897.00;40.41;803785575#0_0;5.10;0.00;tripinfo_in_od_to_ko.43;242.00;in_od_to_ko.43;0;2307.67;1.09;0.00;40.82;car;;1;6.00
3140.00;45494495_0;58.90;11.62;2807.00;38.35;803785575#0_0;5.10;0.00;tripinfo_in_od_to_os.42;333.00;in_od_to_os.42;0;969.96;1.16;0.00;257.72;car;;6;211.00
3141.00;972103805_0;116.86;10.86;2906.00;42.22;803785575#0_0;5.10;0.00;tripinfo_in_od_to_ko.44;235.00;in_od_to_ko.44;0;2307.67;1.04;0.00;25.01;car;;0;0.00
3141.00;23156305_0;1264.14;10.29;2972.00;51.03;23687583_0;5.10;0.00;tripinfo_in_as_to_gg.7;169.00;in_as_to_gg.7;0;1600.87;1.02;0.00;26.16;car;;0;0.00
3144.00;41899283#1_0;148.70;9.17;2804.00;37.04;803785575#0_0;5.10;0.00;tripinfo_in_od_to_as.24;340.00;in_od_to_as.24;0;2382.09;0.87;0.00;93.42;car;;3;31.00
3145.00;45494495_0;58.90;9.56;2942.00;39.99;803785575#0_0;5.10;0.00;tripinfo_in_od_to_os.49;203.00;in_od_to_os.49;0;969.96;0.97;0.00;112.43;car;;4;72.00
3145.00;23527526_0;253.75;10.49;2944.00;13.55;-230845886_0;5.10;0.00;tripinfo_in_ba_to_gj.32;201.00;in_ba_to_gj.32;0;1755.68;0.97;0.00;35.45;car;;0;0.00
3146.00;23527526_0;253.75;12.27;2950.00;18.93;-230845886_0;5.10;0.00;tripinfo_in_ba_to_gj.33;196.00;in_ba_to_gj.33;0;1755.68;1.17;0.00;59.64;car;;0;0.00
3147.00;23142338#2_0;290.21;9.41;2896.00;52.51;23687583_0;5.10;0.00;tripinfo_in_as_to_ns.25;251.00;in_as_to_ns.25;0;1995.73;0.93;0.00;55.96;car;;2;14.00
3148.00;45494495_0;58.90;10.18;2573.00;0.56;-230845886_0;5.10;0.00;tripinfo_in_ba_to_os.15;575.00;in_ba_to_os.15;0;1647.96;0.94;0.00;416.56;car;;10;346.00
3149.00;28716808#1_0;754.74;8.61;2732.00;35.99;803785575#0_0;5.10;0.00;tripinfo_in_od_to_kl.19;417.00;in_od_to_kl.19;0;2678.40;0.89;0.00;145.11;car;;7;38.00
3149.00;230845886_0;633.12;10.09;2825.00;36.95;803785575#0_0;5.10;0.00;tripinfo_in_od_to_ba.32;324.00;in_od_to_ba.32;0;2382.14;0.92;0.00;90.08;car;;4;33.00
3151.00;28716808#1_0;754.74;11.88;2741.00;27.00;803785575#0_0;5.10;0.00;tripinfo_in_od_to_kl.20;410.00;in_od_to_kl.20;0;2678.40;1.11;0.00;192.64;car;;6;30.00
3151.00;45494495_0;58.90;11.84;2960.00;31.11;803785575#0_0;5.10;0.00;tripinfo_in_od_to_os.51;191.00;in_od_to_os.51;0;969.96;1.11;0.00;111.62;car;;4;69.00
3154.00;972103805_0;116.86;12.06;2911.00;0.31;-230845886_0;5.10;0.00;tripinfo_in_ba_to_ko.53;243.00;in_ba_to_ko.53;0;2114.29;1.13;0.00;72.86;car;;3;21.00
3156.00;45494495_0;58.90;8.02;2582.00;0.38;-230845886_0;5.10;0.00;tripinfo_in_ba_to_os.16;574.00;in_ba_to_os.16;0;1647.96;0.76;0.00;378.95;car;;7;312.00
3156.00;23527526_0;253.75;9.62;3043.00;37.51;23687583_0;5.10;0.00;tripinfo_in_as_to_gj.28;113.00;in_as_to_gj.28;0;649.06;0.96;0.00;50.74;car;;2;31.00
3157.00;972103805_0;116.86;12.21;3031.00;38.96;23687583_0;5.10;0.00;tripinfo_in_as_to_ko.40;126.00;in_as_to_ko.40;0;1102.39;1.16;0.00;40.03;car;;1;23.00
3157.00;23527526_0;253.75;12.66;3046.00;37.87;23687583_0;5.10;0.00;tripinfo_in_as_to_gj.29;111.00;in_as_to_gj.29;0;649.06;1.18;0.00;61.07;car;;2;29.00
3158.00;28706217_0;94.10;6.59;2223.00;5.12;23687583_0;5.10;0.00;tripinfo_in_as_to_sl.8;935.00;in_as_to_sl.8;0;1976.75;0.82;0.00;711.54;car;;19;576.00
3158.00;230845886_0;633.12;9.24;2819.00;34.87;803785575#0_0;5.10;0.00;tripinfo_in_od_to_ba.31;339.00;in_od_to_ba.31;0;2382.14;0.84;0.00;83.02;car;;3;31.00
3159.00;45494495_0;58.90;9.22;2615.00;1.80;-230845886_0;5.10;0.00;tripinfo_in_ba_to_os.18;544.00;in_ba_to_os.18;0;1647.96;0.91;0.00;379.91;car;;7;304.00
3160.00;23142338#2_0;290.21;12.26;2369.00;0.69;-45494495_0;5.10;0.00;tripinfo_in_os_to_ns.3;791.00;in_os_to_ns.3;0;1665.91;1.11;0.00;644.24;car;;15;510.00
3160.00;230845886_0;633.12;11.97;2840.00;38.89;803785575#0_0;5.10;0.00;tripinfo_in_od_to_ba.33;320.00;in_od_to_ba.33;0;2382.14;1.15;0.00;132.47;car;;3;28.00
3162.00;41899283#1_0;148.70;9.56;2828.00;38.04;803785575#0_0;5.10;0.00;tripinfo_in_od_to_as.25;334.00;in_od_to_as.25;0;2382.09;0.96;0.00;110.38;car;;3;34.00
3162.00;230845886_0;633.12;12.63;2843.00;40.51;803785575#0_0;5.10;0.00;tripinfo_in_od_to_ba.34;319.00;in_od_to_ba.34;0;2382.14;1.25;0.00;146.30;car;;3;28.00
3163.00;972103805_0;116.86;11.01;2758.00;0.97;-23142338#2_0;5.10;0.00;tripinfo_in_ns_to_ko.78;405.00;in_ns_to_ko.78;0;1398.55;1.01;0.00;280.03;car;;12;186.00
3163.00;45494495_0;58.90;10.23;2993.00;27.32;803785575#0_0;5.10;0.00;tripinfo_in_od_to_os.54;170.00;in_od_to_os.54;0;969.96;0.96;0.00;78.18;car;;2;59.00
3164.00;230845886_0;633.12;10.66;2849.00;38.60;803785575#0_0;5.10;0.00;tripinfo_in_od_to_ba.35;315.00;in_od_to_ba.35;0;2382.14;0.98;0.00;95.61;car;;3;26.00
3165.00;23527526_0;253.75;10.48;2732.00;1.20;-23142338#2_0;5.10;0.00;tripinfo_in_ns_to_gj.3;433.00;in_ns_to_gj.3;0;2084.96;1.05;0.00;253.69;car;;11;168.00
3165.00;45494495_0;58.90;11.54;3060.00;4.45;803785575#0_0;5.10;0.00;tripinfo_in_od_to_os.57;105.00;in_od_to_os.57;0;969.96;1.04;0.00;19.99;car;;0;0.00
3166.00;972103805_0;116.86;10.47;2768.00;0.15;-23142338#2_0;5.10;0.00;tripinfo_in_ns_to_ko.79;398.00;in_ns_to_ko.79;0;1398.55;0.99;0.00;270.73;car;;12;176.00
3167.00;45494495_0;58.90;9.77;3063.00;7.13;803785575#0_0;5.10;0.00;tripinfo_in_od_to_os.58;104.00;in_od_to_os.58;0;969.96;0.99;0.00;14.58;car;;0;0.00
3168.00;41899283#1_0;148.70;9.40;2870.00;46.84;803785575#0_0;5.10;0.00;tripinfo_in_od_to_as.27;298.00;in_od_to_as.27;0;2382.09;0.92;0.00;63.31;car;;1;23.00
3168.00;28716808#1_0;754.74;10.34;2935.00;6.81;-230845886_0;5.10;0.00;tripinfo_in_ba_to_kl.2;233.00;in_ba_to_kl.2;0;1727.09;0.99;0.00;74.36;car;;3;17.00
3169.00;45494495_0;58.90;10.39;3066.00;4.45;803785575#0_0;5.10;0.00;tripinfo_in_od_to_os.59;103.00;in_od_to_os.59;0;969.96;1.02;0.00;15.96;car;;0;0.00
3171.00;45494495_0;58.90;9.54;3020.00;9.06;803785575#0_0;5.10;0.00;tripinfo_in_od_to_os.55;151.00;in_od_to_os.55;0;969.96;0.95;0.00;58.32;car;;5;29.00
3171.00;23527526_0;253.75;9.08;3057.00;40.12;23687583_0;5.10;0.00;tripinfo_in_as_to_gj.30;114.00;in_as_to_gj.30;0;649.06;0.93;0.00;49.56;car;;3;24.00
3172.00;41899283#1_0;148.70;11.37;2876.00;44.52;803785575#0_0;5.10;0.00;tripinfo_in_od_to_as.28;296.00;in_od_to_as.28;0;2382.09;1.08;0.00;96.85;car;;1;23.00
3173.00;23142338#2_0;290.21;11.34;2920.00;62.23;23687583_0;5.10;0.00;tripinfo_in_as_to_ns.26;253.00;in_as_to_ns.26;0;1995.73;1.03;0.00;76.98;car;;4;34.00
3177.00;45494495_0;58.90;9.51;2628.00;5.26;-230845886_0;5.10;0.00;tripinfo_in_ba_to_os.19;549.00;in_ba_to_os.19;0;1647.96;0.95;0.00;392.14;car;;9;308.00
3178.00;23156305_0;1264.14;8.60;2663.00;23.38;803785575#0_0;5.10;0.00;tripinfo_in_od_to_gg.29;515.00;in_od_to_gg.29;0;3669.96;0.82;0.00;108.19;car;;2;13.00
3178.00;972103805_0;116.86;9.33;2912.00;46.63;803785575#0_0;5.10;0.00;tripinfo_in_od_to_ko.45;266.00;in_od_to_ko.45;0;2307.67;0.91;0.00;24.82;car;;0;0.00
3179.00;45494495_0;58.90;12.50;3084.00;4.54;803785575#0_0;5.10;0.00;tripinfo_in_od_to_os.61;95.00;in_od_to_os.61;0;969.96;1.13;0.00;17.78;car;;0;0.00
3180.00;972103805_0;116.86;11.22;2356.00;0.64;-45494495_0;5.10;0.00;tripinfo_in_os_to_ko.2;824.00;in_os_to_ko.2;0;2045.29;1.05;0.00;636.32;car;;17;489.00
3180.00;23156305_0;1264.14;10.87;3004.00;45.77;23687583_0;5.10;0.00;tripinfo_in_as_to_gg.8;176.00;in_as_to_gg.8;0;1600.87;1.09;0.00;42.15;car;;0;0.00
3182.00;23156305_0;1264.14;10.02;2717.00;28.88;803785575#0_0;5.10;0.00;tripinfo_in_od_to_gg.31;465.00;in_od_to_gg.31;0;3669.96;0.96;0.00;119.05;car;;3;17.00
3182.00;23527526_0;253.75;12.31;3076.00;40.68;23687583_0;5.10;0.00;tripinfo_in_as_to_gj.31;106.00;in_as_to_gj.31;0;649.06;1.19;0.00;55.77;car;;3;15.00
3184.00;972103805_0;116.86;11.20;2938.00;8.56;-230845886_0;5.10;0.00;tripinfo_in_ba_to_ko.54;246.00;in_ba_to_ko.54;0;2114.29;1.11;0.00;73.64;car;;2;17.00
3185.00;45494495_0;58.90;10.45;3081.00;7.62;803785575#0_0;5.10;0.00;tripinfo_in_od_to_os.60;104.00;in_od_to_os.60;0;969.96;0.97;0.00;13.22;car;;0;0.00
3187.00;45494495_0;58.90;11.82;2631.00;0.04;-230845886_0;5.10;0.00;tripinfo_in_ba_to_os.20;556.00;in_ba_to_os.20;0;1647.96;1.16;0.00;427.61;car;;10;303.00
3188.00;972103805_0;116.86;9.85;2947.00;16.20;-230845886_0;5.10;0.00;tripinfo_in_ba_to_ko.55;241.00;in_ba_to_ko.55;0;2114.29;0.97;0.00;42.30;car;;0;0.00
3192.00;45494495_0;58.90;11.22;2656.00;0.78;-230845886_0;5.10;0.00;tripinfo_in_ba_to_os.22;536.00;in_ba_to_os.22;0;1647.96;1.04;0.00;393.16;car;;10;293.00
3193.00;41899283#1_0;148.70;10.20;3042.00;2.51;-230845886_0;5.10;0.00;tripinfo_in_ba_to_as.32;151.00;in_ba_to_as.32;0;1430.78;1.00;0.00;21.03;car;;1;4.00
3194.00;972103805_0;116.86;10.71;2856.00;0.57;-23142338#2_0;5.10;0.00;tripinfo_in_ns_to_ko.80;338.00;in_ns_to_ko.80;0;1398.55;1.02;0.00;214.70;car;;10;138.00
3195.00;23142338#2_0;290.21;11.77;2956.00;0.63;-230845886_0;5.10;0.00;tripinfo_in_ba_to_ns.12;239.00;in_ba_to_ns.12;0;2346.36;1.06;0.00;38.14;car;;0;0.00
3195.00;41899283#1_0;148.70;11.83;3048.00;0.85;-230845886_0;5.10;0.00;tripinfo_in_ba_to_as.33;147.00;in_ba_to_as.33;0;1430.78;1.08;0.00;27.20;car;;1;1.00
3196.00;45494495_0;58.90;9.90;3039.00;0.86;803785575#0_0;5.10;0.00;tripinfo_in_od_to_os.56;157.00;in_od_to_os.56;0;969.96;0.97;0.00;66.41;car;;4;36.00
3197.00;972103805_0;116.86;10.27;2878.00;0.57;-23142338#2_0;5.10;0.00;tripinfo_in_ns_to_ko.81;319.00;in_ns_to_ko.81;0;1398.55;1.00;0.00;193.10;car;;9;121.00
3203.00;28706217_0;94.10;8.46;2291.00;0.55;-230845886_0;5.10;0.00;tripinfo_in_ba_to_sl.10;912.00;in_ba_to_sl.10;0;1934.94;1.05;0.00;740.45;car;;17;586.00
3205.00;23156390_0;1121.44;8.03;2696.00;27.20;803785575#0_0;5.10;0.00;tripinfo_in_od_to_br.23;509.00;in_od_to_br.23;0;3149.31;0.72;0.00;114.00;car;;6;40.00
3205.00;23156305_0;1264.14;9.08;2729.00;33.07;803785575#0_0;5.10;0.00;tripinfo_in_od_to_gg.32;476.00;in_od_to_gg.32;0;3669.96;0.84;0.00;79.58;car;;2;3.00
3207.00;23156390_0;1121.44;9.76;2708.00;33.36;803785575#0_0;5.10;0.00;tripinfo_in_od_to_br.24;499.00;in_od_to_br.24;0;3149.31;0.94;0.00;194.37;car;;7;36.00
3207.00;23156305_0;1264.14;11.34;2750.00;31.59;803785575#0_0;5.10;0.00;tripinfo_in_od_to_gg.33;457.00;in_od_to_gg.33;0;3669.96;1.07;0.00;145.62;car;;1;2.00
3207.00;230845886_0;633.12;10.42;2909.00;45.11;803785575#0_0;5.10;0.00;tripinfo_in_od_to_ba.36;298.00;in_od_to_ba.36;0;2382.14;0.99;0.00;80.76;car;;1;7.00
3208.00;28716808#1_0;754.74;9.83;2852.00;41.07;803785575#0_0;5.10;0.00;tripinfo_in_od_to_kl.21;356.00;in_od_to_kl.21;0;2678.40;0.96;0.00;102.49;car;;3;30.00
3209.00;23527526_0;253.75;9.25;2742.00;4.77;-23142338#2_0;5.10;0.00;tripinfo_in_ns_to_gj.4;467.00;in_ns_to_gj.4;0;2084.96;0.89;0.00;253.50;car;;10;169.00
3209.00;230845886_0;633.12;11.16;2918.00;43.58;803785575#0_0;5.10;0.00;tripinfo_in_od_to_ba.37;291.00;in_od_to_ba.37;0;2382.14;1.05;0.00;85.27;car;;2;6.00
3209.00;23156390_0;1121.44;10.43;3010.00;49.27;23687583_0;5.10;0.00;tripinfo_in_as_to_br.7;199.00;in_as_to_br.7;0;1694.48;0.98;0.00;42.37;car;;0;0.00
3209.00;23156305_0;1264.14;10.45;3019.00;51.29;23687583_0;5.10;0.00;tripinfo_in_as_to_gg.9;190.00;in_as_to_gg.9;0;1600.87;1.03;0.00;49.18;car;;1;28.00
3211.00;23156390_0;1121.44;11.22;2735.00;38.60;803785575#0_0;5.10;0.00;tripinfo_in_od_to_br.25;476.00;in_od_to_br.25;0;3149.31;1.10;0.00;216.32;car;;8;44.00
3211.00;23142338#2_0;290.21;9.91;2966.00;57.45;23687583_0;5.10;0.00;tripinfo_in_as_to_ns.27;245.00;in_as_to_ns.27;0;1995.73;0.90;0.00;43.82;car;;2;11.00
3213.00;23156390_0;1121.44;8.94;2747.00;28.96;803785575#0_0;5.10;0.00;tripinfo_in_od_to_br.26;466.00;in_od_to_br.26;0;3149.31;0.86;0.00;133.03;car;;5;25.00
3215.00;23156390_0;1121.44;10.21;2762.00;29.42;803785575#0_0;5.10;0.00;tripinfo_in_od_to_br.27;453.00;in_od_to_br.27;0;3149.31;0.95;0.00;151.14;car;;5;35.00
3215.00;41899283#1_0;148.70;6.66;2855.00;43.88;803785575#0_0;5.10;0.00;tripinfo_in_od_to_as.26;360.00;in_od_to_as.26;0;2382.09;0.68;0.00;44.04;car;;1;4.00
3215.00;972103805_0;116.86;11.14;2988.00;0.81;-230845886_0;5.10;0.00;tripinfo_in_ba_to_ko.56;227.00;in_ba_to_ko.56;0;2114.29;1.04;0.00;41.45;car;;2;7.00
3217.00;41899283#1_0;148.70;10.76;2751.00;0.02;-23142338#2_0;5.10;0.00;tripinfo_in_ns_to_as.11;466.00;in_ns_to_as.11;0;2009.37;1.01;0.00;284.49;car;;11;174.00
3218.00;23142338#2_0;290.21;11.05;2991.00;0.15;-230845886_0;5.10;0.00;tripinfo_in_ba_to_ns.13;227.00;in_ba_to_ns.13;0;2346.36;1.10;0.00;33.98;car;;1;2.00
3218.00;28716808#1_0;754.74;10.48;3054.00;38.15;23687583_0;5.10;0.00;tripinfo_in_as_to_kl.7;164.00;in_as_to_kl.7;0;1207.92;0.99;0.00;53.46;car;;3;24.00
3219.00;28706217_0;94.10;7.36;2302.00;0.50;-230845886_0;5.10;0.00;tripinfo_in_ba_to_sl.11;917.00;in_ba_to_sl.11;0;1934.94;0.93;0.00;724.00;car;;22;567.00
3220.00;28716808#1_0;754.74;11.51;2873.00;43.77;803785575#0_0;5.10;0.00;tripinfo_in_od_to_kl.22;347.00;in_od_to_kl.22;0;2678.40;1.13;0.00;131.73;car;;4;36.00
3221.00;28706217_0;94.10;8.23;2316.00;0.34;-230845886_0;5.10;0.00;tripinfo_in_ba_to_sl.12;905.00;in_ba_to_sl.12;0;1934.94;1.02;0.00;728.75;car;;20;559.00
3221.00;972103805_0;116.86;10.46;3063.00;39.51;23687583_0;5.10;0.00;tripinfo_in_as_to_ko.41;158.00;in_as_to_ko.41;0;1102.39;0.98;0.00;56.06;car;;3;24.00
3224.00;230845886_0;633.12;10.33;2924.00;41.90;803785575#0_0;5.10;0.00;tripinfo_in_od_to_ba.38;300.00;in_od_to_ba.38;0;2382.14;0.98;0.00;81.78;car;;2;8.00
3226.00;972103805_0;116.86;9.20;2921.00;45.30;803785575#0_0;5.10;0.00;tripinfo_in_od_to_ko.46;305.00;in_od_to_ko.46;0;2307.67;0.87;0.00;53.45;car;;2;21.00
3228.00;972103805_0;116.86;11.10;2898.00;0.56;-23142338#2_0;5.10;0.00;tripinfo_in_ns_to_ko.82;330.00;in_ns_to_ko.82;0;1398.55;1.01;0.00;204.35;car;;9;131.00
3229.00;23156390_0;1121.44;8.92;2765.00;28.06;803785575#0_0;5.10;0.00;tripinfo_in_od_to_br.28;464.00;in_od_to_br.28;0;3149.31;0.86;0.00;130.60;car;;6;34.00
3229.00;972103805_0;116.86;12.13;2919.00;0.40;-23142338#2_0;5.10;0.00;tripinfo_in_ns_to_ko.83;310.00;in_ns_to_ko.83;0;1398.55;1.21;0.00;205.60;car;;9;114.00
3231.00;23156390_0;1121.44;8.87;2780.00;31.83;803785575#0_0;5.10;0.00;tripinfo_in_od_to_br.29;451.00;in_od_to_br.29;0;3149.31;0.91;0.00;138.64;car;;5;26.00
3232.00;41899283#1_0;148.70;9.77;2930.00;43.43;803785575#0_0;5.10;0.00;tripinfo_in_od_to_as.29;302.00;in_od_to_as.29;0;2382.09;0.95;0.00;74.22;car;;2;7.00
3232.00;23156390_0;1121.44;11.73;2953.00;14.40;-230845886_0;5.10;0.00;tripinfo_in_ba_to_br.0;279.00;in_ba_to_br.0;0;2198.00;1.12;0.00;99.38;car;;1;7.00
3233.00;23527526_0;253.75;10.25;2888.00;48.16;803785575#0_0;5.10;0.00;tripinfo_in_od_to_gj.8;345.00;in_od_to_gj.8;0;2706.99;0.99;0.00;96.73;car;;2;13.00
3234.00;23156390_0;1121.44;9.14;2798.00;33.15;803785575#0_0;5.10;0.00;tripinfo_in_od_to_br.30;436.00;in_od_to_br.30;0;3149.31;0.93;0.00;129.69;car;;3;40.00
3238.00;45494495_0;58.90;10.13;3090.00;7.63;803785575#0_0;5.10;0.00;tripinfo_in_od_to_os.62;148.00;in_od_to_os.62;0;969.96;0.92;0.00;52.03;car;;1;39.00
3240.00;45494495_0;58.90;11.32;2669.00;9.53;23687583_0;5.10;0.00;tripinfo_in_as_to_os.13;571.00;in_as_to_os.13;0;1689.77;1.04;0.00;422.97;car;;16;319.00
3243.00;45494495_0;58.90;9.61;2711.00;4.85;-230845886_0;5.10;0.00;tripinfo_in_ba_to_os.25;532.00;in_ba_to_os.25;0;1647.96;0.87;0.00;361.54;car;;9;282.00
3244.00;972103805_0;116.86;11.35;3072.00;36.69;23687583_0;5.10;0.00;tripinfo_in_as_to_ko.42;172.00;in_as_to_ko.42;0;1102.39;1.04;0.00;75.46;car;;4;36.00
3245.00;23156390_0;1121.44;10.78;2810.00;40.74;803785575#0_0;5.10;0.00;tripinfo_in_od_to_br.31;435.00;in_od_to_br.31;0;3149.31;0.99;0.00;145.92;car;;5;50.00
3247.00;230845886_0;633.12;11.59;2954.00;44.16;803785575#0_0;5.10;0.00;tripinfo_in_od_to_ba.39;293.00;in_od_to_ba.39;0;2382.14;1.06;0.00;90.25;car;;2;13.00
3247.00;45494495_0;58.90;9.64;3141.00;3.11;803785575#0_0;5.10;0.00;tripinfo_in_od_to_os.65;106.00;in_od_to_os.65;0;969.96;0.91;0.00;9.10;car;;0;0.00
3248.00;23156390_0;1121.44;10.17;2998.00;0.91;-230845886_0;5.10;0.00;tripinfo_in_ba_to_br.1;250.00;in_ba_to_br.1;0;2198.00;1.00;0.00;48.32;car;;2;13.00
3250.00;28706217_0;94.10;9.53;2246.00;1.78;23687583_0;5.10;0.00;tripinfo_in_as_to_sl.9;1004.00;in_as_to_sl.9;0;1976.75;1.21;0.00;852.42;car;;24;674.00
3250.00;45494495_0;58.90;11.24;2731.00;6.16;-230845886_0;5.10;0.00;tripinfo_in_ba_to_os.27;519.00;in_ba_to_os.27;0;1647.96;1.05;0.00;377.06;car;;9;272.00
3250.00;23527526_0;253.75;11.08;2915.00;42.46;803785575#0_0;5.10;0.00;tripinfo_in_od_to_gj.9;335.00;in_od_to_gj.9;0;2706.99;1.01;0.00;93.69;car;;2;13.00
3253.00;23156305_0;1264.14;8.75;2917.00;0.25;-230845886_0;5.10;0.00;tripinfo_in_ba_to_gg.10;336.00;in_ba_to_gg.10;0;2718.65;0.87;0.00;51.55;car;;3;17.00
3253.00;972103805_0;116.86;9.89;2924.00;0.97;-23142338#2_0;5.10;0.00;tripinfo_in_ns_to_ko.84;329.00;in_ns_to_ko.84;0;1398.55;0.99;0.00;200.97;car;;9;128.00
3255.00;45494495_0;58.90;10.65;2715.00;0.82;-230845886_0;5.10;0.00;tripinfo_in_ba_to_os.26;540.00;in_ba_to_os.26;0;1647.96;1.00;0.00;390.08;car;;14;299.00
3255.00;23156305_0;1264.14;10.26;2941.00;10.99;-230845886_0;5.10;0.00;tripinfo_in_ba_to_gg.11;314.00;in_ba_to_gg.11;0;2718.65;0.93;0.00;48.40;car;;0;0.00
3256.00;41899283#1_0;148.70;9.64;2939.00;48.97;803785575#0_0;5.10;0.00;tripinfo_in_od_to_as.30;317.00;in_od_to_as.30;0;2382.09;0.88;0.00;70.89;car;;4;17.00
3256.00;972103805_0;116.86;10.37;2933.00;1.50;-23142338#2_0;5.10;0.00;tripinfo_in_ns_to_ko.85;323.00;in_ns_to_ko.85;0;1398.55;1.03;0.00;200.02;car;;9;125.00
3257.00;23156305_0;1264.14;12.35;2795.00;30.63;803785575#0_0;5.10;0.00;tripinfo_in_od_to_gg.34;462.00;in_od_to_gg.34;0;3669.96;1.14;0.00;169.08;car;;3;43.00
3257.00;23156390_0;1121.44;10.40;2831.00;41.03;803785575#0_0;5.10;0.00;tripinfo_in_od_to_br.32;426.00;in_od_to_br.32;0;3149.31;0.94;0.00;121.95;car;;4;38.00
3258.00;28716808#1_0;754.74;9.97;2903.00;42.32;803785575#0_0;5.10;0.00;tripinfo_in_od_to_kl.23;355.00;in_od_to_kl.23;0;2678.40;1.00;0.00;114.43;car;;4;21.00
3259.00;972103805_0;116.86;10.65;2380.00;0.33;-45494495_0;5.10;0.00;tripinfo_in_os_to_ko.3;879.00;in_os_to_ko.3;0;2045.29;1.04;0.00;689.20;car;;16;553.00
3259.00;23156390_0;1121.44;11.59;2885.00;50.03;803785575#0_0;5.10;0.00;tripinfo_in_od_to_br.33;374.00;in_od_to_br.33;0;3149.31;1.11;0.00;116.24;car;;2;12.00
3260.00;28716808#1_0;754.74;11.52;2927.00;44.35;803785575#0_0;5.10;0.00;tripinfo_in_od_to_kl.24;333.00;in_od_to_kl.24;0;2678.40;1.14;0.00;120.52;car;;4;15.00
3262.00;41899283#1_0;148.70;7.85;3082.00;0.84;-230845886_0;5.10;0.00;tripinfo_in_ba_to_as.34;180.00;in_ba_to_as.34;0;1430.78;0.81;0.00;20.57;car;;1;1.00
3263.00;45494495_0;58.90;9.90;2799.00;0.30;-230845886_0;5.10;0.00;tripinfo_in_ba_to_os.29;464.00;in_ba_to_os.29;0;1647.96;0.95;0.00;306.48;car;;15;246.00
3264.00;45494495_0;58.90;11.22;2623.00;0.07;-23142338#2_0;5.10;0.00;tripinfo_in_ns_to_os.4;641.00;in_ns_to_os.4;0;1865.82;1.04;0.00;479.46;car;;18;334.00
3264.00;23527526_0;253.75;10.55;2866.00;0.56;-23142338#2_0;5.10;0.00;tripinfo_in_ns_to_gj.5;398.00;in_ns_to_gj.5;0;2084.96;0.98;0.00;204.28;car;;9;135.00
3264.00;41899283#1_0;148.70;12.58;3117.00;0.85;-230845886_0;5.10;0.00;tripinfo_in_ba_to_as.36;147.00;in_ba_to_as.36;0;1430.78;1.14;0.00;32.90;car;;0;0.00
3266.00;41899283#1_0;148.70;9.90;3107.00;0.95;-230845886_0;5.10;0.00;tripinfo_in_ba_to_as.35;159.00;in_ba_to_as.35;0;1430.78;0.90;0.00;16.03;car;;0;0.00
3266.00;23527526_0;253.75;12.64;3149.00;38.43;23687583_0;5.10;0.00;tripinfo_in_as_to_gj.32;117.00;in_as_to_gj.32;0;649.06;1.17;0.00;66.00;car;;3;27.00
3271.00;45494495_0;58.90;11.01;2696.00;1.93;-230845886_0;5.10;0.00;tripinfo_in_ba_to_os.24;575.00;in_ba_to_os.24;0;1647.96;1.05;0.00;433.02;car;;15;344.00
3274.00;28706217_0;94.10;7.44;2272.00;2.29;23687583_0;5.10;0.00;tripinfo_in_as_to_sl.11;1002.00;in_as_to_sl.11;0;1976.75;0.98;0.00;815.22;car;;25;608.00
3275.00;45494495_0;58.90;10.33;2736.00;3.55;23687583_0;5.10;0.00;tripinfo_in_as_to_os.14;539.00;in_as_to_os.14;0;1689.77;1.03;0.00;390.15;car;;19;278.00
3277.00;41899283#1_0;148.70;10.16;2816.00;1.30;-23142338#2_0;5.10;0.00;tripinfo_in_ns_to_as.12;461.00;in_ns_to_as.12;0;2009.37;0.92;0.00;261.39;car;;11;173.00
3278.00;45494495_0;58.90;11.52;2803.00;18.91;23687583_0;5.10;0.00;tripinfo_in_as_to_os.18;475.00;in_as_to_os.18;0;1689.77;1.09;0.00;334.92;car;;25;209.00
3278.00;23527526_0;253.75;10.82;3156.00;42.00;23687583_0;5.10;0.00;tripinfo_in_as_to_gj.33;122.00;in_as_to_gj.33;0;649.06;0.98;0.00;61.68;car;;3;23.00
3279.00;41899283#1_0;148.70;10.64;2902.00;0.96;-23142338#2_0;5.10;0.00;tripinfo_in_ns_to_as.13;377.00;in_ns_to_as.13;0;2009.37;1.03;0.00;199.27;car;;8;122.00
3279.00;230845886_0;633.12;11.41;2984.00;28.78;803785575#0_0;5.10;0.00;tripinfo_in_od_to_ba.41;295.00;in_od_to_ba.41;0;2382.14;1.07;0.00;94.19;car;;5;23.00
3279.00;972103805_0;116.86;8.21;3101.00;45.75;23687583_0;5.10;0.00;tripinfo_in_as_to_ko.43;178.00;in_as_to_ko.43;0;1102.39;0.85;0.00;60.53;car;;3;22.00
3281.00;45494495_0;58.90;10.17;2769.00;4.77;23687583_0;5.10;0.00;tripinfo_in_as_to_os.15;512.00;in_as_to_os.15;0;1689.77;0.96;0.00;352.56;car;;16;229.00
3282.00;972103805_0;116.86;9.59;3020.00;0.17;-230845886_0;5.10;0.00;tripinfo_in_ba_to_ko.57;262.00;in_ba_to_ko.57;0;2114.29;0.90;0.00;48.77;car;;2;18.00
3284.00;972103805_0;116.86;11.40;3023.00;1.38;-230845886_0;5.10;0.00;tripinfo_in_ba_to_ko.58;261.00;in_ba_to_ko.58;0;2114.29;1.04;0.00;76.51;car;;3;26.00
3286.00;972103805_0;116.86;10.96;3039.00;0.36;-230845886_0;5.10;0.00;tripinfo_in_ba_to_ko.59;247.00;in_ba_to_ko.59;0;2114.29;1.00;0.00;55.34;car;;2;15.00
3287.00;23527526_0;253.75;10.64;2891.00;0.42;-23142338#2_0;5.10;0.00;tripinfo_in_ns_to_gj.6;396.00;in_ns_to_gj.6;0;2084.96;1.01;0.00;208.88;car;;9;131.00
3288.00;23156305_0;1264.14;8.75;3060.00;40.84;23687583_0;5.10;0.00;tripinfo_in_as_to_gg.10;228.00;in_as_to_gg.10;0;1600.87;0.82;0.00;51.54;car;;2;19.00
3290.00;23156305_0;1264.14;10.32;2801.00;34.28;803785575#0_0;5.10;0.00;tripinfo_in_od_to_gg.35;489.00;in_od_to_gg.35;0;3669.96;0.94;0.00;133.82;car;;3;36.00
3290.00;972103805_0;116.86;9.16;2936.00;3.83;-23142338#2_0;5.10;0.00;tripinfo_in_ns_to_ko.86;354.00;in_ns_to_ko.86;0;1398.55;0.82;0.00;201.23;car;;9;134.00
3290.00;230845886_0;633.12;9.57;2978.00;24.75;803785575#0_0;5.10;0.00;tripinfo_in_od_to_ba.40;312.00;in_od_to_ba.40;0;2382.14;0.93;0.00;81.94;car;;4;16.00
3292.00;23527526_0;253.75;9.86;2957.00;28.19;803785575#0_0;5.10;0.00;tripinfo_in_od_to_gj.10;335.00;in_od_to_gj.10;0;2706.99;0.99;0.00;87.05;car;;2;12.00
3292.00;972103805_0;116.86;9.43;2939.00;1.15;-23142338#2_0;5.10;0.00;tripinfo_in_ns_to_ko.87;353.00;in_ns_to_ko.87;0;1398.55;0.96;0.00;221.10;car;;10;133.00
3292.00;23156305_0;1264.14;11.21;3095.00;45.40;23687583_0;5.10;0.00;tripinfo_in_as_to_gg.11;197.00;in_as_to_gg.11;0;1600.87;1.02;0.00;53.89;car;;2;8.00
3293.00;23156305_0;1264.14;12.09;2882.00;47.46;803785575#0_0;5.10;0.00;tripinfo_in_od_to_gg.36;411.00;in_od_to_gg.36;0;3669.96;1.09;0.00;105.10;car;;1;21.00
3294.00;972103805_0;116.86;11.79;2388.00;2.82;-45494495_0;5.10;0.00;tripinfo_in_os_to_ko.4;906.00;in_os_to_ko.4;0;2045.29;1.06;0.00;721.07;car;;17;564.00
3296.00;230845886_0;633.12;10.23;3116.00;38.96;23687583_0;5.10;0.00;tripinfo_in_as_to_ba.22;180.00;in_as_to_ba.22;0;1356.50;1.03;0.00;61.07;car;;3;9.00
3303.00;23156390_0;1121.44;9.15;2891.00;44.39;803785575#0_0;5.10;0.00;tripinfo_in_od_to_br.34;412.00;in_od_to_br.34;0;3149.31;0.85;0.00;77.36;car;;2;12.00
3303.00;28716808#1_0;754.74;12.02;3133.00;2.81;-230845886_0;5.10;0.00;tripinfo_in_ba_to_kl.3;170.00;in_ba_to_kl.3;0;1727.09;1.14;0.00;33.24;car;;2;5.00
3304.00;972103805_0;116.86;10.52;3141.00;39.53;23687583_0;5.10;0.00;tripinfo_in_as_to_ko.44;163.00;in_as_to_ko.44;0;1102.39;1.05;0.00;67.47;car;;3;33.00
3305.00;28716808#1_0;754.74;11.64;2972.00;22.84;803785575#0_0;5.10;0.00;tripinfo_in_od_to_kl.25;333.00;in_od_to_kl.25;0;2678.40;1.15;0.00;123.30;car;;5;28.00
3307.00;972103805_0;116.86;10.20;3051.00;2.44;-230845886_0;5.10;0.00;tripinfo_in_ba_to_ko.60;256.00;in_ba_to_ko.60;0;2114.29;1.02;0.00;67.49;car;;2;30.00
3308.00;230845886_0;633.12;10.16;2987.00;31.18;803785575#0_0;5.10;0.00;tripinfo_in_od_to_ba.42;321.00;in_od_to_ba.42;0;2382.14;0.94;0.00;91.66;car;;4;20.00
3310.00;230845886_0;633.12;10.96;2771.00;0.26;-23142338#2_0;5.10;0.00;tripinfo_in_ns_to_ba.3;539.00;in_ns_to_ba.3;0;2340.42;1.03;0.00;335.10;car;;15;182.00
3310.00;972103805_0;116.86;9.84;3069.00;0.88;-230845886_0;5.10;0.00;tripinfo_in_ba_to_ko.61;241.00;in_ba_to_ko.61;0;2114.29;0.92;0.00;32.37;car;;1;2.00
3310.00;41899283#1_0;148.70;11.17;3145.00;6.52;-230845886_0;5.10;0.00;tripinfo_in_ba_to_as.37;165.00;in_ba_to_as.37;0;1430.78;1.01;0.00;36.69;car;;1;8.00
3311.00;23142338#2_0;290.21;10.55;3066.00;2.20;-230845886_0;5.10;0.00;tripinfo_in_ba_to_ns.14;245.00;in_ba_to_ns.14;0;2346.36;1.02;0.00;37.49;car;;1;17.00
3314.00;972103805_0;116.86;10.10;2947.00;0.56;-23142338#2_0;5.10;0.00;tripinfo_in_ns_to_ko.88;367.00;in_ns_to_ko.88;0;1398.55;0.94;0.00;232.72;car;;11;151.00
3315.00;45494495_0;58.90;10.15;2864.00;1.99;-230845886_0;5.10;0.00;tripinfo_in_ba_to_os.30;451.00;in_ba_to_os.30;0;1647.96;0.98;0.00;298.16;car;;14;204.00
3316.00;972103805_0;116.86;9.70;2950.00;2.19;-23142338#2_0;5.10;0.00;tripinfo_in_ns_to_ko.89;366.00;in_ns_to_ko.89;0;1398.55;0.98;0.00;237.58;car;;11;143.00
3317.00;45494495_0;58.90;10.20;2757.00;0.44;-230845886_0;5.10;0.00;tripinfo_in_ba_to_os.28;560.00;in_ba_to_os.28;0;1647.96;1.02;0.00;413.83;car;;12;312.00
3318.00;28706217_0;94.10;6.92;2253.00;0.95;23687583_0;5.10;0.00;tripinfo_in_as_to_sl.10;1065.00;in_as_to_sl.10;0;1976.75;0.98;0.00;878.00;car;;26;699.00
3318.00;23156390_0;1121.44;8.61;3066.00;37.68;23687583_0;5.10;0.00;tripinfo_in_as_to_br.8;252.00;in_as_to_br.8;0;1694.48;0.84;0.00;70.21;car;;4;30.00
3319.00;972103805_0;116.86;10.07;2953.00;4.17;-23142338#2_0;5.10;0.00;tripinfo_in_ns_to_ko.90;366.00;in_ns_to_ko.90;0;1398.55;0.93;0.00;230.68;car;;11;139.00
3319.00;45494495_0;58.90;11.90;3201.00;8.15;803785575#0_0;5.10;0.00;tripinfo_in_od_to_os.67;118.00;in_od_to_os.67;0;969.96;1.08;0.00;36.24;car;;1;20.00
3320.00;23156390_0;1121.44;10.06;2900.00;43.17;803785575#0_0;5.10;0.00;tripinfo_in_od_to_br.35;420.00;in_od_to_br.35;0;3149.31;0.98;0.00;129.35;car;;4;23.00
3321.00;45494495_0;58.90;10.73;2785.00;4.64;23687583_0;5.10;0.00;tripinfo_in_as_to_os.17;536.00;in_as_to_os.17;0;1689.77;1.02;0.00;385.88;car;;16;223.00
3321.00;41899283#1_0;148.70;10.56;3149.00;8.74;-230845886_0;5.10;0.00;tripinfo_in_ba_to_as.38;172.00;in_ba_to_as.38;0;1430.78;0.97;0.00;38.02;car;;1;7.00
3323.00;41899283#1_0;148.70;10.26;2999.00;27.28;803785575#0_0;5.10;0.00;tripinfo_in_od_to_as.31;324.00;in_od_to_as.31;0;2382.09;1.00;0.00;109.87;car;;6;20.00
3323.00;23142338#2_0;290.21;10.53;3051.00;37.04;23687583_0;5.10;0.00;tripinfo_in_as_to_ns.28;272.00;in_as_to_ns.28;0;1995.73;1.04;0.00;97.74;car;;5;51.00
3324.00;23156390_0;1121.44;9.70;2785.00;0.15;-23142338#2_0;5.10;0.00;tripinfo_in_ns_to_br.0;539.00;in_ns_to_br.0;0;2792.05;0.95;0.00;273.64;car;;11;168.00
3325.00;23527526_0;253.75;8.96;3120.00;2.02;-230845886_0;5.10;0.00;tripinfo_in_ba_to_gj.34;205.00;in_ba_to_gj.34;0;1755.68;0.86;0.00;20.74;car;;0;0.00
3326.00;23156390_0;1121.44;10.53;2948.00;41.25;803785575#0_0;5.10;0.00;tripinfo_in_od_to_br.36;378.00;in_od_to_br.36;0;3149.31;0.99;0.00;87.82;car;;4;8.00
3327.00;23527526_0;253.75;10.90;2966.00;24.68;803785575#0_0;5.10;0.00;tripinfo_in_od_to_gj.11;361.00;in_od_to_gj.11;0;2706.99;0.98;0.00;112.03;car;;4;22.00
3327.00;972103805_0;116.86;10.19;3057.00;2.06;803785575#0_0;5.10;0.00;tripinfo_in_od_to_ko.47;270.00;in_od_to_ko.47;0;2307.67;0.93;0.00;34.57;car;;1;7.00
3329.00;972103805_0;116.86;12.18;2957.00;0.68;-23142338#2_0;5.10;0.00;tripinfo_in_ns_to_ko.91;372.00;in_ns_to_ko.91;0;1398.55;1.11;0.00;257.63;car;;11;157.00
3330.00;972103805_0;116.86;12.04;2960.00;0.75;-23142338#2_0;5.10;0.00;tripinfo_in_ns_to_ko.92;370.00;in_ns_to_ko.92;0;1398.55;1.14;0.00;259.80;car;;11;149.00
3334.00;230845886_0;633.12;9.17;2990.00;24.65;803785575#0_0;5.10;0.00;tripinfo_in_od_to_ba.43;344.00;in_od_to_ba.43;0;2382.14;0.83;0.00;86.46;car;;5;23.00
3334.00;28716808#1_0;754.74;10.97;3159.00;35.02;23687583_0;5.10;0.00;tripinfo_in_as_to_kl.8;175.00;in_as_to_kl.8;0;1207.92;1.04;0.00;69.97;car;;5;27.00
3334.00;23527526_0;253.75;12.72;3152.00;10.22;-230845886_0;5.10;0.00;tripinfo_in_ba_to_gj.35;182.00;in_ba_to_gj.35;0;1755.68;1.22;0.00;51.38;car;;1;7.00
3335.00;23156305_0;1264.14;10.35;2894.00;41.00;803785575#0_0;5.10;0.00;tripinfo_in_od_to_gg.37;441.00;in_od_to_gg.37;0;3669.96;1.01;0.00;110.24;car;;2;12.00
3338.00;28706217_0;94.10;8.71;2291.00;3.47;23687583_0;5.10;0.00;tripinfo_in_as_to_sl.13;1047.00;in_as_to_sl.13;0;1976.75;1.15;0.00;886.41;car;;27;639.00
3339.00;972103805_0;116.86;7.99;3153.00;39.62;23687583_0;5.10;0.00;tripinfo_in_as_to_ko.45;186.00;in_as_to_ko.45;0;1102.39;0.78;0.00;59.01;car;;3;26.00
3340.00;23156390_0;1121.44;10.45;2793.00;1.43;-23142338#2_0;5.10;0.00;tripinfo_in_ns_to_br.1;547.00;in_ns_to_br.1;0;2792.05;1.05;0.00;304.85;car;;12;196.00
3340.00;41899283#1_0;148.70;11.46;3008.00;11.32;803785575#0_0;5.10;0.00;tripinfo_in_od_to_as.32;332.00;in_od_to_as.32;0;2382.09;1.08;0.00;133.11;car;;4;23.00
3341.00;972103805_0;116.86;10.51;3085.00;3.08;-230845886_0;5.10;0.00;tripinfo_in_ba_to_ko.62;256.00;in_ba_to_ko.62;0;2114.29;1.03;0.00;68.74;car;;2;18.00
3343.00;972103805_0;116.86;11.07;2964.00;3.30;-23142338#2_0;5.10;0.00;tripinfo_in_ns_to_ko.93;379.00;in_ns_to_ko.93;0;1398.55;1.04;0.00;257.20;car;;12;151.00
3346.00;41899283#1_0;148.70;9.93;3011.00;10.68;803785575#0_0;5.10;0.00;tripinfo_in_od_to_as.33;335.00;in_od_to_as.33;0;2382.09;1.01;0.00;121.66;car;;6;16.00
3347.00;23156305_0;1264.14;10.19;3076.00;0.79;-230845886_0;5.10;0.00;tripinfo_in_ba_to_gg.12;271.00;in_ba_to_gg.12;0;2718.65;1.03;0.00;30.98;car;;1;2.00
3348.00;28716808#1_0;754.74;10.73;2996.00;26.88;803785575#0_0;5.10;0.00;tripinfo_in_od_to_kl.26;352.00;in_od_to_kl.26;0;2678.40;0.99;0.00;105.80;car;;5;22.00
3349.00;972103805_0;116.86;10.59;3093.00;9.50;803785575#0_0;5.10;0.00;tripinfo_in_od_to_ko.48;256.00;in_od_to_ko.48;0;2307.67;1.02;0.00;40.32;car;;1;16.00
3355.00;23142338#2_0;290.21;10.44;3092.00;47.09;23687583_0;5.10;0.00;tripinfo_in_as_to_ns.29;263.00;in_as_to_ns.29;0;1995.73;1.01;0.00;82.93;car;;4;27.00
3367.00;230845886_0;633.12;8.68;3032.00;0.84;803785575#0_0;5.10;0.00;tripinfo_in_od_to_ba.44;335.00;in_od_to_ba.44;0;2382.14;0.90;0.00;94.95;car;;4;17.00
3367.00;972103805_0;116.86;9.83;3172.00;34.83;23687583_0;5.10;0.00;tripinfo_in_as_to_ko.46;195.00;in_as_to_ko.46;0;1102.39;0.93;0.00;87.08;car;;4;44.00
3369.00;230845886_0;633.12;10.37;3051.00;0.18;803785575#0_0;5.10;0.00;tripinfo_in_od_to_ba.45;318.00;in_od_to_ba.45;0;2382.14;0.99;0.00;99.93;car;;3;12.00
3369.00;972103805_0;116.86;11.32;3182.00;36.14;23687583_0;5.10;0.00;tripinfo_in_as_to_ko.47;187.00;in_as_to_ko.47;0;1102.39;1.06;0.00;92.24;car;;3;46.00
3371.00;230845886_0;633.12;11.27;3069.00;3.50;803785575#0_0;5.10;0.00;tripinfo_in_od_to_ba.46;302.00;in_od_to_ba.46;0;2382.14;1.12;0.00;109.68;car;;4;15.00
3371.00;23527526_0;253.75;8.82;3232.00;65.25;23687583_0;5.10;0.00;tripinfo_in_as_to_gj.34;139.00;in_as_to_gj.34;0;649.06;0.83;0.00;67.69;car;;3;30.00
3373.00;23156390_0;1121.44;8.54;2951.00;44.03;803785575#0_0;5.10;0.00;tripinfo_in_od_to_br.37;422.00;in_od_to_br.37;0;3149.31;0.88;0.00;98.12;car;;4;23.00
3373.00;972103805_0;116.86;9.11;3089.00;2.26;-230845886_0;5.10;0.00;tripinfo_in_ba_to_ko.63;284.00;in_ba_to_ko.63;0;2114.29;0.84;0.00;56.07;car;;3;24.00
3374.00;23156305_0;1264.14;9.31;2933.00;44.23;803785575#0_0;5.10;0.00;tripinfo_in_od_to_gg.38;441.00;in_od_to_gg.38;0;3669.96;0.92;0.00;78.67;car;;2;6.00
3375.00;28716808#1_0;754.74;10.15;3002.00;28.57;803785575#0_0;5.10;0.00;tripinfo_in_od_to_kl.27;373.00;in_od_to_kl.27;0;2678.40;0.95;0.00;117.43;car;;6;25.00
3376.00;45494495_0;58.90;10.72;2782.00;8.54;23687583_0;5.10;0.00;tripinfo_in_as_to_os.16;594.00;in_as_to_os.16;0;1689.77;1.06;0.00;450.31;car;;18;279.00
3376.00;23156305_0;1264.14;12.01;2936.00;47.18;803785575#0_0;5.10;0.00;tripinfo_in_od_to_gg.39;440.00;in_od_to_gg.39;0;3669.96;1.15;0.00;150.84;car;;3;10.00
3376.00;972103805_0;116.86;7.89;3092.00;3.66;-230845886_0;5.10;0.00;tripinfo_in_ba_to_ko.64;284.00;in_ba_to_ko.64;0;2114.29;0.81;0.00;47.15;car;;2;17.00
3377.00;41899283#1_0;148.70;9.26;3028.00;0.82;803785575#0_0;5.10;0.00;tripinfo_in_od_to_as.34;349.00;in_od_to_as.34;0;2382.09;0.88;0.00;104.45;car;;5;24.00
3377.00;23142338#2_0;290.21;9.86;3097.00;5.09;-230845886_0;5.10;0.00;tripinfo_in_ba_to_ns.15;280.00;in_ba_to_ns.15;0;2346.36;0.94;0.00;52.93;car;;1;18.00
3378.00;972103805_0;116.86;11.61;3142.00;5.77;-230845886_0;5.10;0.00;tripinfo_in_ba_to_ko.65;236.00;in_ba_to_ko.65;0;2114.29;1.10;0.00;61.48;car;;1;9.00
3379.00;23142338#2_0;290.21;10.83;3110.00;1.57;-230845886_0;5.10;0.00;tripinfo_in_ba_to_ns.16;269.00;in_ba_to_ns.16;0;2346.36;1.08;0.00;71.11;car;;1;17.00
3380.00;972103805_0;116.86;10.42;2973.00;0.20;-23142338#2_0;5.10;0.00;tripinfo_in_ns_to_ko.94;407.00;in_ns_to_ko.94;0;1398.55;0.94;0.00;272.38;car;;12;156.00
3380.00;45494495_0;58.90;8.30;3195.00;10.07;803785575#0_0;5.10;0.00;tripinfo_in_od_to_os.66;185.00;in_od_to_os.66;0;969.96;0.86;0.00;83.13;car;;4;58.00
3381.00;23156030#6_0;109.07;9.72;2927.00;2.55;-23142338#2_0;5.10;0.00;tripinfo_in_ns_to_od.3;454.00;in_ns_to_od.3;0;2005.01;0.91;0.00;240.76;car;;12;148.00
3381.00;23527526_0;253.75;10.54;2942.00;2.84;-23142338#2_0;5.10;0.00;tripinfo_in_ns_to_gj.7;439.00;in_ns_to_gj.7;0;2084.96;0.97;0.00;245.18;car;;11;144.00
3382.00;972103805_0;116.86;10.23;2985.00;5.10;-23142338#2_0;5.10;0.00;tripinfo_in_ns_to_ko.95;397.00;in_ns_to_ko.95;0;1398.55;1.02;0.00;272.61;car;;13;151.00
3382.00;45494495_0;58.90;9.91;3209.00;13.25;803785575#0_0;5.10;0.00;tripinfo_in_od_to_os.68;173.00;in_od_to_os.68;0;969.96;0.91;0.00;76.42;car;;4;47.00
3383.00;972103805_0;116.86;10.24;3121.00;0.15;803785575#0_0;5.10;0.00;tripinfo_in_od_to_ko.49;262.00;in_od_to_ko.49;0;2307.67;1.00;0.00;41.96;car;;1;13.00
3383.00;41899283#1_0;148.70;11.41;3220.00;0.68;-230845886_0;5.10;0.00;tripinfo_in_ba_to_as.39;163.00;in_ba_to_as.39;0;1430.78;1.13;0.00;47.84;car;;2;9.00
3384.00;45494495_0;58.90;11.16;2885.00;51.09;23687583_0;5.10;0.00;tripinfo_in_as_to_os.19;499.00;in_as_to_os.19;0;1689.77;1.09;0.00;358.65;car;;19;193.00
3384.00;28716808#1_0;754.74;9.37;3005.00;16.42;803785575#0_0;5.10;0.00;tripinfo_in_od_to_kl.28;379.00;in_od_to_kl.28;0;2678.40;0.89;0.00;106.42;car;;4;13.00
3385.00;230845886_0;633.12;12.06;3186.00;39.18;23687583_0;5.10;0.00;tripinfo_in_as_to_ba.23;199.00;in_as_to_ba.23;0;1356.50;1.10;0.00;87.30;car;;3;44.00
3386.00;28716808#1_0;754.74;10.96;3014.00;13.42;803785575#0_0;5.10;0.00;tripinfo_in_od_to_kl.29;372.00;in_od_to_kl.29;0;2678.40;1.02;0.00;134.06;car;;4;23.00
3386.00;972103805_0;116.86;11.55;3014.00;2.51;-23142338#2_0;5.10;0.00;tripinfo_in_ns_to_ko.96;372.00;in_ns_to_ko.96;0;1398.55;1.06;0.00;252.84;car;;12;148.00
3386.00;45494495_0;58.90;10.32;3215.00;16.57;803785575#0_0;5.10;0.00;tripinfo_in_od_to_os.69;171.00;in_od_to_os.69;0;969.96;0.98;0.00;81.33;car;;5;43.00
3388.00;230845886_0;633.12;11.74;3195.00;43.96;23687583_0;5.10;0.00;tripinfo_in_as_to_ba.24;193.00;in_as_to_ba.24;0;1356.50;1.13;0.00;84.32;car;;3;40.00
3388.00;45494495_0;58.90;11.33;3258.00;30.34;803785575#0_0;5.10;0.00;tripinfo_in_od_to_os.71;130.00;in_od_to_os.71;0;969.96;1.03;0.00;43.86;car;;3;12.00
3388.00;28706217_0;94.10;8.36;3311.00;14.09;803785575#0_0;5.10;0.00;tripinfo_in_od_to_sl.2;77.00;in_od_to_sl.2;0;747.33;1.15;0.00;13.29;car;;0;0.00
3390.00;972103805_0;116.86;11.35;3017.00;4.07;-23142338#2_0;5.10;0.00;tripinfo_in_ns_to_ko.97;373.00;in_ns_to_ko.97;0;1398.55;1.05;0.00;252.49;car;;11;146.00
3390.00;23156390_0;1121.44;10.99;3168.00;36.67;23687583_0;5.10;0.00;tripinfo_in_as_to_br.9;222.00;in_as_to_br.9;0;1694.48;1.01;0.00;70.03;car;;3;19.00
3390.00;23527526_0;253.75;9.44;3182.00;14.78;-230845886_0;5.10;0.00;tripinfo_in_ba_to_gj.36;208.00;in_ba_to_gj.36;0;1755.68;0.91;0.00;32.33;car;;1;6.00
3390.00;45494495_0;58.90;10.85;3267.00;29.50;803785575#0_0;5.10;0.00;tripinfo_in_od_to_os.72;123.00;in_od_to_os.72;0;969.96;1.08;0.00;41.03;car;;4;8.00
3393.00;45494495_0;58.90;12.69;3294.00;17.06;803785575#0_0;5.10;0.00;tripinfo_in_od_to_os.74;99.00;in_od_to_os.74;0;969.96;1.15;0.00;22.43;car;;0;0.00
3394.00;28706217_0;94.10;8.46;2908.00;0.94;-23142338#2_0;5.10;0.00;tripinfo_in_ns_to_sl.4;486.00;in_ns_to_sl.4;0;1619.36;1.05;0.00;331.00;car;;12;243.00
3396.00;23527526_0;253.75;9.51;3247.00;54.19;23687583_0;5.10;0.00;tripinfo_in_as_to_gj.35;149.00;in_as_to_gj.35;0;649.06;0.91;0.00;84.03;car;;4;44.00
3398.00;972103805_0;116.86;10.06;3158.00;11.76;-230845886_0;5.10;0.00;tripinfo_in_ba_to_ko.66;240.00;in_ba_to_ko.66;0;2114.29;0.92;0.00;31.05;car;;1;4.00
3398.00;23527526_0;253.75;13.22;3230.00;0.27;-230845886_0;5.10;0.00;tripinfo_in_ba_to_gj.37;168.00;in_ba_to_gj.37;0;1755.68;1.23;0.00;38.45;car;;1;3.00
3400.00;972103805_0;116.86;12.70;3164.00;16.57;-230845886_0;5.10;0.00;tripinfo_in_ba_to_ko.67;236.00;in_ba_to_ko.67;0;2114.29;1.16;0.00;69.80;car;;1;7.00
3402.00;972103805_0;116.86;11.96;3167.00;13.83;-230845886_0;5.10;0.00;tripinfo_in_ba_to_ko.68;235.00;in_ba_to_ko.68;0;2114.29;1.14;0.00;66.75;car;;3;22.00
3406.00;41899283#1_0;148.70;9.63;3247.00;8.45;-230845886_0;5.10;0.00;tripinfo_in_ba_to_as.40;159.00;in_ba_to_as.40;0;1430.78;0.93;0.00;19.37;car;;0;0.00
3408.00;41899283#1_0;148.70;11.67;3108.00;1.13;803785575#0_0;5.10;0.00;tripinfo_in_od_to_as.35;300.00;in_od_to_as.35;0;2382.09;1.13;0.00;109.43;car;;4;18.00
3410.00;28716808#1_0;754.74;9.93;3017.00;7.30;803785575#0_0;5.10;0.00;tripinfo_in_od_to_kl.30;393.00;in_od_to_kl.30;0;2678.40;1.00;0.00;151.10;car;;6;39.00
3413.00;41899283#1_0;148.70;10.07;3259.00;4.54;-230845886_0;5.10;0.00;tripinfo_in_ba_to_as.41;154.00;in_ba_to_as.41;0;1430.78;0.94;0.00;15.67;car;;0;0.00
3414.00;41899283#1_0;148.70;11.79;3266.00;0.03;-230845886_0;5.10;0.00;tripinfo_in_ba_to_as.42;148.00;in_ba_to_as.42;0;1430.78;1.16;0.00;36.63;car;;0;0.00
3418.00;23527526_0;253.75;10.31;3075.00;2.92;803785575#0_0;5.10;0.00;tripinfo_in_od_to_gj.12;343.00;in_od_to_gj.12;0;2706.99;0.95;0.00;86.17;car;;3;9.00
3420.00;23156390_0;1121.44;11.20;3179.00;15.52;-230845886_0;5.10;0.00;tripinfo_in_ba_to_br.2;241.00;in_ba_to_br.2;0;2198.00;1.06;0.00;52.83;car;;2;8.00
3420.00;23527526_0;253.75;11.61;3304.00;70.49;23687583_0;5.10;0.00;tripinfo_in_as_to_gj.36;116.00;in_as_to_gj.36;0;649.06;1.05;0.00;59.94;car;;3;24.00
3423.00;28716808#1_0;754.74;12.16;3087.00;5.18;803785575#0_0;5.10;0.00;tripinfo_in_od_to_kl.31;336.00;in_od_to_kl.31;0;2678.40;1.15;0.00;125.27;car;;5;20.00
3426.00;23142338#2_0;290.21;11.74;3204.00;10.93;803785575#0_0;5.10;0.00;tripinfo_in_od_to_ns.14;222.00;in_od_to_ns.14;0;1928.29;1.14;0.00;59.01;car;;2;24.00
3427.00;23156305_0;1264.14;9.77;2963.00;25.81;803785575#0_0;5.10;0.00;tripinfo_in_od_to_gg.40;464.00;in_od_to_gg.40;0;3669.96;0.92;0.00;102.78;car;;4;21.00
3428.00;28706217_0;94.10;8.94;2288.00;0.97;23687583_0;5.10;0.00;tripinfo_in_as_to_sl.12;1140.00;in_as_to_sl.12;0;1976.75;1.17;0.00;982.47;car;;30;762.00
3428.00;23156305_0;1264.14;10.45;2981.00;26.24;803785575#0_0;5.10;0.00;tripinfo_in_od_to_gg.41;447.00;in_od_to_gg.41;0;3669.96;0.96;0.00;101.13;car;;4;14.00
3428.00;230845886_0;633.12;9.71;3099.00;10.16;803785575#0_0;5.10;0.00;tripinfo_in_od_to_ba.47;329.00;in_od_to_ba.47;0;2382.14;0.91;0.00;92.09;car;;3;31.00
3429.00;230845886_0;633.12;10.75;3210.00;43.62;23687583_0;5.10;0.00;tripinfo_in_as_to_ba.25;219.00;in_as_to_ba.25;0;1356.50;1.04;0.00;101.55;car;;4;34.00
3429.00;972103805_0;116.86;8.70;3227.00;60.36;23687583_0;5.10;0.00;tripinfo_in_as_to_ko.48;202.00;in_as_to_ko.48;0;1102.39;0.85;0.00;84.25;car;;4;37.00
3429.00;23527526_0;253.75;10.53;3313.00;66.53;23687583_0;5.10;0.00;tripinfo_in_as_to_gj.37;116.00;in_as_to_gj.37;0;649.06;1.01;0.00;57.25;car;;3;21.00
3430.00;972103805_0;116.86;10.98;3173.00;16.01;-230845886_0;5.10;0.00;tripinfo_in_ba_to_ko.69;257.00;in_ba_to_ko.69;0;2114.29;1.14;0.00;88.76;car;;6;28.00
3431.00;230845886_0;633.12;12.83;3138.00;2.40;803785575#0_0;5.10;0.00;tripinfo_in_od_to_ba.48;293.00;in_od_to_ba.48;0;2382.14;1.20;0.00;114.38;car;;3;27.00
3432.00;972103805_0;116.86;10.86;3176.00;13.09;-230845886_0;5.10;0.00;tripinfo_in_ba_to_ko.70;256.00;in_ba_to_ko.70;0;2114.29;1.00;0.00;62.79;car;;3;14.00
3434.00;972103805_0;116.86;11.43;3185.00;12.27;-230845886_0;5.10;0.00;tripinfo_in_ba_to_ko.71;249.00;in_ba_to_ko.71;0;2114.29;1.05;0.00;65.34;car;;2;10.00
3438.00;972103805_0;116.86;9.80;3147.00;5.72;803785575#0_0;5.10;0.00;tripinfo_in_od_to_ko.50;291.00;in_od_to_ko.50;0;2307.67;0.91;0.00;49.58;car;;2;13.00
3439.00;23527526_0;253.75;9.50;3240.00;3.31;-230845886_0;5.10;0.00;tripinfo_in_ba_to_gj.38;199.00;in_ba_to_gj.38;0;1755.68;0.92;0.00;26.02;car;;1;4.00
3440.00;972103805_0;116.86;9.56;3023.00;9.57;-23142338#2_0;5.10;0.00;tripinfo_in_ns_to_ko.98;417.00;in_ns_to_ko.98;0;1398.55;0.90;0.00;276.56;car;;13;160.00
3442.00;972103805_0;116.86;12.99;3028.00;0.71;-23142338#2_0;5.10;0.00;tripinfo_in_ns_to_ko.99;414.00;in_ns_to_ko.99;0;1398.55;1.18;0.00;307.00;car;;13;156.00
3442.00;41899283#1_0;148.70;10.20;3111.00;0.93;803785575#0_0;5.10;0.00;tripinfo_in_od_to_as.36;331.00;in_od_to_as.36;0;2382.09;0.95;0.00;104.02;car;;3;26.00
3444.00;972103805_0;116.86;11.66;3032.00;0.86;-23142338#2_0;5.10;0.00;tripinfo_in_ns_to_ko.100;412.00;in_ns_to_ko.100;0;1398.55;1.09;0.00;295.90;car;;13;150.00
3444.00;41899283#1_0;148.70;10.94;3285.00;6.06;-230845886_0;5.10;0.00;tripinfo_in_ba_to_as.43;159.00;in_ba_to_as.43;0;1430.78;1.10;0.00;40.88;car;;1;2.00
3446.00;972103805_0;116.86;12.80;3048.00;0.41;-23142338#2_0;5.10;0.00;tripinfo_in_ns_to_ko.101;398.00;in_ns_to_ko.101;0;1398.55;1.16;0.00;288.28;car;;11;145.00
3446.00;23527526_0;253.75;8.67;3250.00;11.38;-230845886_0;5.10;0.00;tripinfo_in_ba_to_gj.39;196.00;in_ba_to_gj.39;0;1755.68;0.89;0.00;16.85;car;;0;0.00
3448.00;28716808#1_0;754.74;8.56;3096.00;11.58;803785575#0_0;5.10;0.00;tripinfo_in_od_to_kl.32;352.00;in_od_to_kl.32;0;2678.40;0.88;0.00;76.43;car;;4;13.00
3448.00;972103805_0;116.86;10.78;3159.00;12.81;803785575#0_0;5.10;0.00;tripinfo_in_od_to_ko.51;289.00;in_od_to_ko.51;0;2307.67;1.06;0.00;81.84;car;;2;25.00
3452.00;41899283#1_0;148.70;10.20;2979.00;0.45;-23142338#2_0;5.10;0.00;tripinfo_in_ns_to_as.14;473.00;in_ns_to_as.14;0;2009.37;0.99;0.00;287.64;car;;12;169.00
3452.00;23156390_0;1121.44;10.09;3204.00;38.92;23687583_0;5.10;0.00;tripinfo_in_as_to_br.10;248.00;in_as_to_br.10;0;1694.48;0.98;0.00;92.07;car;;4;36.00
3453.00;28716808#1_0;754.74;10.69;2970.00;4.21;-23142338#2_0;5.10;0.00;tripinfo_in_ns_to_kl.6;483.00;in_ns_to_kl.6;0;2315.58;1.01;0.00;275.59;car;;11;158.00
3453.00;972103805_0;116.86;11.86;3253.00;43.46;23687583_0;5.10;0.00;tripinfo_in_as_to_ko.49;200.00;in_as_to_ko.49;0;1102.39;1.10;0.00;109.85;car;;6;55.00
3457.00;23156390_0;1121.44;10.71;3078.00;5.72;803785575#0_0;5.10;0.00;tripinfo_in_od_to_br.38;379.00;in_od_to_br.38;0;3149.31;1.04;0.00;104.80;car;;5;12.00
3458.00;972103805_0;116.86;11.03;3162.00;15.37;803785575#0_0;5.10;0.00;tripinfo_in_od_to_ko.52;296.00;in_od_to_ko.52;0;2307.67;1.01;0.00;78.32;car;;3;25.00
3459.00;972103805_0;116.86;12.44;3253.00;12.98;-230845886_0;5.10;0.00;tripinfo_in_ba_to_ko.72;206.00;in_ba_to_ko.72;0;2114.29;1.20;0.00;45.98;car;;0;0.00
3460.00;45494495_0;58.90;10.69;2929.00;2.61;-230845886_0;5.10;0.00;tripinfo_in_ba_to_os.33;531.00;in_ba_to_os.33;0;1647.96;1.05;0.00;387.79;car;;18;225.00
3461.00;28706217_0;94.10;6.24;2320.00;0.14;23687583_0;5.10;0.00;tripinfo_in_as_to_sl.14;1141.00;in_as_to_sl.14;0;1976.75;0.90;0.00;936.76;car;;27;764.00
3461.00;45494495_0;58.90;11.29;2899.00;52.57;23687583_0;5.10;0.00;tripinfo_in_as_to_os.20;562.00;in_as_to_os.20;0;1689.77;1.07;0.00;419.11;car;;24;240.00
3463.00;28706217_0;94.10;7.60;2369.00;8.55;-230845886_0;5.10;0.00;tripinfo_in_ba_to_sl.13;1094.00;in_ba_to_sl.13;0;1934.94;0.92;0.00;897.83;car;;24;737.00
3463.00;972103805_0;116.86;11.18;3186.00;12.86;803785575#0_0;5.10;0.00;tripinfo_in_od_to_ko.53;277.00;in_od_to_ko.53;0;2307.67;1.07;0.00;72.51;car;;2;24.00
3466.00;972103805_0;116.86;11.73;3065.00;0.68;-23142338#2_0;5.10;0.00;tripinfo_in_ns_to_ko.102;401.00;in_ns_to_ko.102;0;1398.55;1.14;0.00;290.77;car;;14;159.00
3468.00;45494495_0;58.90;7.69;2887.00;0.07;-230845886_0;5.10;0.00;tripinfo_in_ba_to_os.31;581.00;in_ba_to_os.31;0;1647.96;0.79;0.00;390.77;car;;19;240.00
3469.00;45494495_0;58.90;10.25;2646.00;6.67;-230845886_0;5.10;0.00;tripinfo_in_ba_to_os.21;823.00;in_ba_to_os.21;0;1647.96;0.96;0.00;667.93;car;;21;544.00
3469.00;23156305_0;1264.14;8.69;3139.00;7.23;-230845886_0;5.10;0.00;tripinfo_in_ba_to_gg.13;330.00;in_ba_to_gg.13;0;2718.65;0.85;0.00;39.77;car;;1;9.00
3470.00;41899283#1_0;148.70;11.71;3150.00;8.07;803785575#0_0;5.10;0.00;tripinfo_in_od_to_as.37;320.00;in_od_to_as.37;0;2382.09;1.10;0.00;123.52;car;;3;31.00
3471.00;45494495_0;58.90;10.93;2676.00;5.51;-230845886_0;5.10;0.00;tripinfo_in_ba_to_os.23;795.00;in_ba_to_os.23;0;1647.96;1.04;0.00;651.19;car;;20;529.00
3473.00;45494495_0;58.90;11.55;3124.00;2.33;803785575#0_0;5.10;0.00;tripinfo_in_od_to_os.64;349.00;in_od_to_os.64;0;969.96;1.11;0.00;270.11;car;;8;218.00
3474.00;972103805_0;116.86;9.37;3083.00;0.93;-23142338#2_0;5.10;0.00;tripinfo_in_ns_to_ko.103;391.00;in_ns_to_ko.103;0;1398.55;0.94;0.00;256.53;car;;13;130.00
3474.00;41899283#1_0;148.70;10.49;3156.00;12.57;803785575#0_0;5.10;0.00;tripinfo_in_od_to_as.38;318.00;in_od_to_as.38;0;2382.09;0.97;0.00;96.45;car;;2;30.00
3476.00;23527526_0;253.75;10.05;3020.00;7.03;-23142338#2_0;5.10;0.00;tripinfo_in_ns_to_gj.8;456.00;in_ns_to_gj.8;0;2084.96;0.94;0.00;255.62;car;;12;142.00
3476.00;41899283#1_0;148.70;11.60;3168.00;14.22;803785575#0_0;5.10;0.00;tripinfo_in_od_to_as.39;308.00;in_od_to_as.39;0;2382.09;1.09;0.00;110.51;car;;3;29.00
3476.00;972103805_0;116.86;11.57;3212.00;15.20;803785575#0_0;5.10;0.00;tripinfo_in_od_to_ko.54;264.00;in_od_to_ko.54;0;2307.67;1.13;0.00;69.05;car;;2;21.00
3479.00;45494495_0;58.90;9.48;3102.00;7.17;803785575#0_0;5.10;0.00;tripinfo_in_od_to_os.63;377.00;in_od_to_os.63;0;969.96;0.88;0.00;277.20;car;;9;224.00
3481.00;41899283#1_0;148.70;10.76;3011.00;0.06;-23142338#2_0;5.10;0.00;tripinfo_in_ns_to_as.15;470.00;in_ns_to_as.15;0;2009.37;0.98;0.00;282.49;car;;12;167.00
3481.00;45494495_0;58.90;10.57;3255.00;29.97;803785575#0_0;5.10;0.00;tripinfo_in_od_to_os.70;226.00;in_od_to_os.70;0;969.96;1.02;0.00;140.20;car;;9;106.00
3483.00;45494495_0;58.90;10.90;3342.00;3.86;803785575#0_0;5.10;0.00;tripinfo_in_od_to_os.75;141.00;in_od_to_os.75;0;969.96;1.05;0.00;57.54;car;;4;32.00
3485.00;45494495_0;58.90;11.48;3361.00;11.42;803785575#0_0;5.10;0.00;tripinfo_in_od_to_os.76;124.00;in_od_to_os.76;0;969.96;1.08;0.00;42.92;car;;3;18.00
3486.00;972103805_0;116.86;10.14;3269.00;2.33;-230845886_0;5.10;0.00;tripinfo_in_ba_to_ko.73;217.00;in_ba_to_ko.73;0;2114.29;1.00;0.00;24.06;car;;0;0.00
3486.00;23527526_0;253.75;10.99;3390.00;66.68;23687583_0;5.10;0.00;tripinfo_in_as_to_gj.38;96.00;in_as_to_gj.38;0;649.06;1.05;0.00;39.21;car;;1;12.00
3488.00;972103805_0;116.86;12.99;3272.00;4.97;-230845886_0;5.10;0.00;tripinfo_in_ba_to_ko.74;216.00;in_ba_to_ko.74;0;2114.29;1.24;0.00;60.04;car;;1;9.00
3490.00;45494495_0;58.90;10.27;3285.00;10.96;803785575#0_0;5.10;0.00;tripinfo_in_od_to_os.73;205.00;in_od_to_os.73;0;969.96;1.01;0.00;117.52;car;;5;83.00
3491.00;230845886_0;633.12;9.09;3301.00;74.56;23687583_0;5.10;0.00;tripinfo_in_as_to_ba.26;190.00;in_as_to_ba.26;0;1356.50;0.93;0.00;57.77;car;;2;16.00
3492.00;45494495_0;58.90;10.40;3364.00;11.45;803785575#0_0;5.10;0.00;tripinfo_in_od_to_os.77;128.00;in_od_to_os.77;0;969.96;1.00;0.00;39.78;car;;4;14.00
3493.00;972103805_0;116.86;10.04;3122.00;0.59;-23142338#2_0;5.10;0.00;tripinfo_in_ns_to_ko.104;371.00;in_ns_to_ko.104;0;1398.55;1.01;0.00;245.80;car;;13;127.00
3494.00;28706217_0;94.10;7.12;2378.00;6.58;-230845886_0;5.10;0.00;tripinfo_in_ba_to_sl.14;1116.00;in_ba_to_sl.14;0;1934.94;0.99;0.00;934.88;car;;23;760.00
3494.00;45494495_0;58.90;12.56;2911.00;56.50;23687583_0;5.10;0.00;tripinfo_in_as_to_os.21;583.00;in_as_to_os.21;0;1689.77;1.20;0.00;455.43;car;;15;251.00
3494.00;41899283#1_0;148.70;9.89;3332.00;0.71;-230845886_0;5.10;0.00;tripinfo_in_ba_to_as.44;162.00;in_ba_to_as.44;0;1430.78;0.96;0.00;26.22;car;;1;8.00
3495.00;972103805_0;116.86;11.81;3125.00;2.81;-23142338#2_0;5.10;0.00;tripinfo_in_ns_to_ko.105;370.00;in_ns_to_ko.105;0;1398.55;1.14;0.00;258.97;car;;13;123.00
3497.00;28716808#1_0;754.74;10.15;3324.00;60.22;23687583_0;5.10;0.00;tripinfo_in_as_to_kl.9;173.00;in_as_to_kl.9;0;1207.92;1.00;0.00;63.10;car;;2;14.00
3499.00;972103805_0;116.86;9.98;3142.00;0.84;-23142338#2_0;5.10;0.00;tripinfo_in_ns_to_ko.106;357.00;in_ns_to_ko.106;0;1398.55;0.95;0.00;224.24;car;;11;112.00
3499.00;45494495_0;58.90;10.36;3392.00;13.84;803785575#0_0;5.10;0.00;tripinfo_in_od_to_os.79;107.00;in_od_to_os.79;0;969.96;0.99;0.00;18.73;car;;1;1.00
3501.00;23142338#2_0;290.21;9.83;3243.00;6.08;-230845886_0;5.10;0.00;tripinfo_in_ba_to_ns.17;258.00;in_ba_to_ns.17;0;2346.36;0.90;0.00;22.63;car;;0;0.00
3502.00;23156390_0;1121.44;9.54;2967.00;2.28;-23142338#2_0;5.10;0.00;tripinfo_in_ns_to_br.2;535.00;in_ns_to_br.2;0;2792.05;0.95;0.00;268.63;car;;12;154.00
3504.00;45494495_0;58.90;9.06;3389.00;17.99;803785575#0_0;5.10;0.00;tripinfo_in_od_to_os.78;115.00;in_od_to_os.78;0;969.96;0.85;0.00;11.33;car;;0;0.00
3508.00;41899283#1_0;148.70;9.75;3338.00;3.80;-230845886_0;5.10;0.00;tripinfo_in_ba_to_as.45;170.00;in_ba_to_as.45;0;1430.78;0.90;0.00;24.92;car;;1;2.00
3509.00;23156030#6_0;109.07;11.64;2491.00;0.76;23687583_0;5.10;0.00;tripinfo_in_as_to_od.4;1018.00;in_as_to_od.4;0;2357.31;1.05;0.00;815.62;car;;25;691.00
3509.00;41899283#1_0;148.70;11.22;3054.00;1.55;-23142338#2_0;5.10;0.00;tripinfo_in_ns_to_as.16;455.00;in_ns_to_as.16;0;2009.37;1.14;0.00;294.46;car;;12;155.00
3510.00;230845886_0;633.12;10.06;3165.00;15.20;803785575#0_0;5.10;0.00;tripinfo_in_od_to_ba.49;345.00;in_od_to_ba.49;0;2382.14;0.93;0.00;114.50;car;;5;48.00
3512.00;23142338#2_0;290.21;9.14;3189.00;37.99;23687583_0;5.10;0.00;tripinfo_in_as_to_ns.30;323.00;in_as_to_ns.30;0;1995.73;0.93;0.00;126.92;car;;6;67.00
3512.00;230845886_0;633.12;9.35;3310.00;68.61;23687583_0;5.10;0.00;tripinfo_in_as_to_ba.27;202.00;in_as_to_ba.27;0;1356.50;0.95;0.00;73.49;car;;5;28.00
3516.00;230845886_0;633.12;10.38;3174.00;16.41;803785575#0_0;5.10;0.00;tripinfo_in_od_to_ba.50;342.00;in_od_to_ba.50;0;2382.14;0.96;0.00;118.90;car;;5;48.00
3517.00;972103805_0;116.86;9.37;3340.00;72.36;23687583_0;5.10;0.00;tripinfo_in_as_to_ko.50;177.00;in_as_to_ko.50;0;1102.39;0.88;0.00;63.23;car;;4;22.00
3518.00;230845886_0;633.12;12.22;3316.00;56.12;23687583_0;5.10;0.00;tripinfo_in_as_to_ba.28;202.00;in_as_to_ba.28;0;1356.50;1.20;0.00;99.33;car;;6;27.00
3519.00;23156305_0;1264.14;9.71;3054.00;2.28;803785575#0_0;5.10;0.00;tripinfo_in_od_to_gg.42;465.00;in_od_to_gg.42;0;3669.96;0.91;0.00;100.02;car;;4;13.00
3519.00;972103805_0;116.86;9.38;3343.00;71.66;23687583_0;5.10;0.00;tripinfo_in_as_to_ko.51;176.00;in_as_to_ko.51;0;1102.39;0.87;0.00;61.93;car;;4;21.00
3520.00;28706217_0;94.10;6.82;2391.00;0.61;23687583_0;5.10;0.00;tripinfo_in_as_to_sl.15;1129.00;in_as_to_sl.15;0;1976.75;0.94;0.00;933.06;car;;26;768.00
3520.00;230845886_0;633.12;10.78;3189.00;14.33;803785575#0_0;5.10;0.00;tripinfo_in_od_to_ba.51;331.00;in_od_to_ba.51;0;2382.14;1.04;0.00;124.68;car;;4;35.00
3521.00;23156305_0;1264.14;11.64;3072.00;2.95;803785575#0_0;5.10;0.00;tripinfo_in_od_to_gg.43;449.00;in_od_to_gg.43;0;3669.96;1.05;0.00;131.83;car;;5;15.00
3521.00;972103805_0;116.86;12.52;3370.00;86.84;23687583_0;5.10;0.00;tripinfo_in_as_to_ko.52;151.00;in_as_to_ko.52;0;1102.39;1.19;0.00;66.99;car;;2;7.00
3523.00;972103805_0;116.86;12.09;3377.00;74.34;23687583_0;5.10;0.00;tripinfo_in_as_to_ko.53;146.00;in_as_to_ko.53;0;1102.39;1.11;0.00;56.20;car;;1;5.00
3524.00;23142338#2_0;290.21;10.59;3262.00;0.65;-230845886_0;5.10;0.00;tripinfo_in_ba_to_ns.18;262.00;in_ba_to_ns.18;0;2346.36;0.98;0.00;45.37;car;;1;18.00
3526.00;230845886_0;633.12;13.18;3219.00;17.29;803785575#0_0;5.10;0.00;tripinfo_in_od_to_ba.52;307.00;in_od_to_ba.52;0;2382.14;1.20;0.00;126.84;car;;4;32.00
3526.00;972103805_0;116.86;9.80;3288.00;6.51;-230845886_0;5.10;0.00;tripinfo_in_ba_to_ko.75;238.00;in_ba_to_ko.75;0;2114.29;0.97;0.00;38.79;car;;2;4.00
3528.00;972103805_0;116.86;9.40;3153.00;0.99;-23142338#2_0;5.10;0.00;tripinfo_in_ns_to_ko.107;375.00;in_ns_to_ko.107;0;1398.55;0.93;0.00;239.14;car;;11;123.00
3529.00;23527526_0;253.75;8.23;3305.00;0.66;-230845886_0;5.10;0.00;tripinfo_in_ba_to_gj.40;224.00;in_ba_to_gj.40;0;1755.68;0.78;0.00;19.84;car;;0;0.00
3530.00;972103805_0;116.86;10.12;3160.00;0.99;-23142338#2_0;5.10;0.00;tripinfo_in_ns_to_ko.108;370.00;in_ns_to_ko.108;0;1398.55;0.99;0.00;243.00;car;;11;117.00
3531.00;23142338#2_0;290.21;11.07;3250.00;47.76;23687583_0;5.10;0.00;tripinfo_in_as_to_ns.31;281.00;in_as_to_ns.31;0;1995.73;1.08;0.00;112.58;car;;5;55.00
3531.00;23527526_0;253.75;10.76;3409.00;72.03;23687583_0;5.10;0.00;tripinfo_in_as_to_gj.39;122.00;in_as_to_gj.39;0;649.06;1.06;0.00;65.56;car;;2;36.00
3532.00;972103805_0;116.86;12.03;3270.00;22.94;803785575#0_0;5.10;0.00;tripinfo_in_od_to_ko.55;262.00;in_od_to_ko.55;0;2307.67;1.11;0.00;63.45;car;;2;10.00
3533.00;23156030#6_0;109.07;12.70;2552.00;2.55;-230845886_0;5.10;0.00;tripinfo_in_ba_to_od.0;981.00;in_ba_to_od.0;0;2315.50;1.21;0.00;807.20;car;;27;647.00
3535.00;972103805_0;116.86;11.59;3276.00;23.07;803785575#0_0;5.10;0.00;tripinfo_in_od_to_ko.56;259.00;in_od_to_ko.56;0;2307.67;1.05;0.00;50.02;car;;0;0.00
3536.00;23527526_0;253.75;10.51;3358.00;0.24;-230845886_0;5.10;0.00;tripinfo_in_ba_to_gj.41;178.00;in_ba_to_gj.41;0;1755.68;0.98;0.00;16.36;car;;0;0.00
3538.00;23156305_0;1264.14;12.45;3118.00;0.37;803785575#0_0;5.10;0.00;tripinfo_in_od_to_gg.45;420.00;in_od_to_gg.45;0;3669.96;1.14;0.00;127.78;car;;3;27.00
3542.00;41899283#1_0;148.70;8.82;3177.00;9.51;803785575#0_0;5.10;0.00;tripinfo_in_od_to_as.40;365.00;in_od_to_as.40;0;2382.09;0.87;0.00;118.25;car;;4;36.00
3543.00;23527526_0;253.75;11.15;3420.00;66.95;23687583_0;5.10;0.00;tripinfo_in_as_to_gj.40;123.00;in_as_to_gj.40;0;649.06;1.04;0.00;65.54;car;;3;37.00
3545.00;972103805_0;116.86;10.29;3399.00;71.26;23687583_0;5.10;0.00;tripinfo_in_as_to_ko.54;146.00;in_as_to_ko.54;0;1102.39;0.96;0.00;42.03;car;;2;14.00
3546.00;28706217_0;94.10;6.40;3451.00;12.31;803785575#0_0;5.10;0.00;tripinfo_in_od_to_sl.3;95.00;in_od_to_sl.3;0;747.33;0.83;0.00;7.71;car;;0;0.00
3547.00;972103805_0;116.86;11.23;3406.00;71.79;23687583_0;5.10;0.00;tripinfo_in_as_to_ko.55;141.00;in_as_to_ko.55;0;1102.39;1.11;0.00;50.65;car;;2;13.00
3547.00;23527526_0;253.75;11.00;3426.00;66.92;23687583_0;5.10;0.00;tripinfo_in_as_to_gj.41;121.00;in_as_to_gj.41;0;649.06;1.04;0.00;63.84;car;;3;36.00
3549.00;23527526_0;253.75;11.55;3071.00;4.96;-23142338#2_0;5.10;0.00;tripinfo_in_ns_to_gj.9;478.00;in_ns_to_gj.9;0;2084.96;1.16;0.00;314.64;car;;14;159.00
3551.00;972103805_0;116.86;10.18;3296.00;8.70;-230845886_0;5.10;0.00;tripinfo_in_ba_to_ko.76;255.00;in_ba_to_ko.76;0;2114.29;1.03;0.00;67.07;car;;4;23.00
3551.00;23142338#2_0;290.21;11.90;3323.00;2.63;803785575#0_0;5.10;0.00;tripinfo_in_od_to_ns.15;228.00;in_od_to_ns.15;0;1928.29;1.19;0.00;70.49;car;;2;25.00
3552.00;972103805_0;116.86;11.13;3325.00;0.83;-230845886_0;5.10;0.00;tripinfo_in_ba_to_ko.77;227.00;in_ba_to_ko.77;0;2114.29;1.10;0.00;52.94;car;;2;5.00
3552.00;28706217_0;94.10;7.61;3466.00;10.75;803785575#0_0;5.10;0.00;tripinfo_in_od_to_sl.4;86.00;in_od_to_sl.4;0;747.33;0.93;0.00;8.47;car;;0;0.00
3553.00;230845886_0;633.12;11.08;3395.00;71.08;23687583_0;5.10;0.00;tripinfo_in_as_to_ba.29;158.00;in_as_to_ba.29;0;1356.50;1.11;0.00;47.47;car;;2;15.00
3554.00;41899283#1_0;148.70;10.07;3222.00;20.11;803785575#0_0;5.10;0.00;tripinfo_in_od_to_as.41;332.00;in_od_to_as.41;0;2382.09;0.94;0.00;102.19;car;;5;18.00
3557.00;28706217_0;94.10;8.30;3051.00;1.15;-23142338#2_0;5.10;0.00;tripinfo_in_ns_to_sl.5;506.00;in_ns_to_sl.5;0;1619.36;1.13;0.00;361.86;car;;15;223.00
3561.00;28716808#1_0;754.74;9.73;3171.00;16.86;803785575#0_0;5.10;0.00;tripinfo_in_od_to_kl.33;390.00;in_od_to_kl.33;0;2678.40;0.89;0.00;118.13;car;;5;46.00
3562.00;23527526_0;253.75;10.01;3438.00;50.53;23687583_0;5.10;0.00;tripinfo_in_as_to_gj.42;124.00;in_as_to_gj.42;0;649.06;0.97;0.00;62.53;car;;3;25.00
3565.00;23142338#2_0;290.21;11.21;3256.00;43.59;23687583_0;5.10;0.00;tripinfo_in_as_to_ns.32;309.00;in_as_to_ns.32;0;1995.73;1.02;0.00;129.69;car;;8;57.00
3569.00;28716808#1_0;754.74;12.05;3231.00;24.78;803785575#0_0;5.10;0.00;tripinfo_in_od_to_kl.35;338.00;in_od_to_kl.35;0;2678.40;1.13;0.00;123.69;car;;6;29.00
3569.00;23527526_0;253.75;9.82;3378.00;0.42;-230845886_0;5.10;0.00;tripinfo_in_ba_to_gj.42;191.00;in_ba_to_gj.42;0;1755.68;0.90;0.00;15.04;car;;0;0.00
3570.00;23156030#6_0;109.07;10.92;2596.00;5.43;23687583_0;5.10;0.00;tripinfo_in_as_to_od.5;974.00;in_as_to_od.5;0;2357.31;1.03;0.00;766.37;car;;23;638.00
3571.00;23142338#2_0;290.21;10.22;3273.00;55.16;23687583_0;5.10;0.00;tripinfo_in_as_to_ns.33;298.00;in_as_to_ns.33;0;1995.73;0.94;0.00;105.30;car;;5;43.00
3572.00;23156305_0;1264.14;9.36;3105.00;9.88;803785575#0_0;5.10;0.00;tripinfo_in_od_to_gg.44;467.00;in_od_to_gg.44;0;3669.96;0.94;0.00;113.88;car;;3;31.00
3574.00;23156305_0;1264.14;11.15;3279.00;9.66;-230845886_0;5.10;0.00;tripinfo_in_ba_to_gg.14;295.00;in_ba_to_gg.14;0;2718.65;1.10;0.00;69.78;car;;1;1.00
3575.00;23156390_0;1121.44;8.49;3321.00;60.80;23687583_0;5.10;0.00;tripinfo_in_as_to_br.11;254.00;in_as_to_br.11;0;1694.48;0.79;0.00;59.79;car;;2;14.00
3575.00;972103805_0;116.86;10.72;3335.00;1.69;-230845886_0;5.10;0.00;tripinfo_in_ba_to_ko.78;240.00;in_ba_to_ko.78;0;2114.29;0.98;0.00;43.06;car;;2;13.00
3576.00;23527526_0;253.75;11.30;3444.00;51.94;23687583_0;5.10;0.00;tripinfo_in_as_to_gj.43;132.00;in_as_to_gj.43;0;649.06;1.03;0.00;74.20;car;;3;33.00
3579.00;972103805_0;116.86;9.35;3341.00;3.21;-230845886_0;5.10;0.00;tripinfo_in_ba_to_ko.79;238.00;in_ba_to_ko.79;0;2114.29;0.96;0.00;37.01;car;;1;6.00
3580.00;23527526_0;253.75;10.94;3246.00;29.82;803785575#0_0;5.10;0.00;tripinfo_in_od_to_gj.13;334.00;in_od_to_gj.13;0;2706.99;1.08;0.00;107.32;car;;1;10.00
3580.00;23156305_0;1264.14;10.62;3291.00;5.53;-230845886_0;5.10;0.00;tripinfo_in_ba_to_gg.15;289.00;in_ba_to_gg.15;0;2718.65;0.97;0.00;32.49;car;;1;2.00
3580.00;28716808#1_0;754.74;12.05;3417.00;64.22;23687583_0;5.10;0.00;tripinfo_in_as_to_kl.10;163.00;in_as_to_kl.10;0;1207.92;1.09;0.00;61.95;car;;2;33.00
3584.00;23142338#2_0;290.21;10.40;3346.00;7.84;803785575#0_0;5.10;0.00;tripinfo_in_od_to_ns.16;238.00;in_od_to_ns.16;0;1928.29;0.98;0.00;48.58;car;;2;21.00
3585.00;23527526_0;253.75;10.80;3149.00;0.66;-23142338#2_0;5.10;0.00;tripinfo_in_ns_to_gj.10;436.00;in_ns_to_gj.10;0;2084.96;1.06;0.00;257.42;car;;12;142.00
3586.00;41899283#1_0;148.70;9.75;3400.00;0.48;-230845886_0;5.10;0.00;tripinfo_in_ba_to_as.46;186.00;in_ba_to_as.46;0;1430.78;0.94;0.00;48.36;car;;2;23.00
3586.00;23527526_0;253.75;12.87;3454.00;41.15;23687583_0;5.10;0.00;tripinfo_in_as_to_gj.44;132.00;in_as_to_gj.44;0;649.06;1.16;0.00;80.93;car;;4;32.00
3590.00;972103805_0;116.86;6.82;3167.00;0.61;-23142338#2_0;5.10;0.00;tripinfo_in_ns_to_ko.109;423.00;in_ns_to_ko.109;0;1398.55;0.72;0.00;247.46;car;;12;139.00
3591.00;23156305_0;1264.14;9.87;2982.00;3.33;-23142338#2_0;5.10;0.00;tripinfo_in_ns_to_gg.11;609.00;in_ns_to_gg.11;0;3297.24;0.94;0.00;290.75;car;;12;162.00
3591.00;41899283#1_0;148.70;11.87;3433.00;0.07;-230845886_0;5.10;0.00;tripinfo_in_ba_to_as.47;158.00;in_ba_to_as.47;0;1430.78;1.13;0.00;42.34;car;;0;0.00
3592.00;972103805_0;116.86;9.97;3180.00;0.99;-23142338#2_0;5.10;0.00;tripinfo_in_ns_to_ko.110;412.00;in_ns_to_ko.110;0;1398.55;0.99;0.00;284.71;car;;13;133.00
3593.00;23156305_0;1264.14;11.36;3135.00;0.73;803785575#0_0;5.10;0.00;tripinfo_in_od_to_gg.46;458.00;in_od_to_gg.46;0;3669.96;1.03;0.00;135.17;car;;5;41.00
3593.00;972103805_0;116.86;11.11;3183.00;3.83;-23142338#2_0;5.10;0.00;tripinfo_in_ns_to_ko.111;410.00;in_ns_to_ko.111;0;1398.55;1.04;0.00;288.79;car;;12;126.00
3595.00;972103805_0;116.86;10.99;3188.00;0.67;-23142338#2_0;5.10;0.00;tripinfo_in_ns_to_ko.112;407.00;in_ns_to_ko.112;0;1398.55;1.04;0.00;286.07;car;;12;120.00
3596.00;28716808#1_0;754.74;9.30;3225.00;21.87;803785575#0_0;5.10;0.00;tripinfo_in_od_to_kl.34;371.00;in_od_to_kl.34;0;2678.40;0.90;0.00;101.33;car;;3;17.00
3597.00;972103805_0;116.86;11.62;3279.00;22.32;803785575#0_0;5.10;0.00;tripinfo_in_od_to_ko.57;318.00;in_od_to_ko.57;0;2307.67;1.07;0.00;112.55;car;;3;25.00
3598.00;23142338#2_0;290.21;10.08;3279.00;54.88;23687583_0;5.10;0.00;tripinfo_in_as_to_ns.34;319.00;in_as_to_ns.34;0;1995.73;0.93;0.00;123.60;car;;6;55.00
3599.00;972103805_0;116.86;11.93;3288.00;12.33;803785575#0_0;5.10;0.00;tripinfo_in_od_to_ko.58;311.00;in_od_to_ko.58;0;2307.67;1.08;0.00;107.49;car;;2;20.00
3600.00;23527526_0;253.75;8.01;3457.00;39.16;23687583_0;5.10;0.00;tripinfo_in_as_to_gj.45;143.00;in_as_to_gj.45;0;649.06;0.83;0.00;71.53;car;;2;28.00
3601.00;972103805_0;116.86;10.57;3192.00;0.87;-23142338#2_0;5.10;0.00;tripinfo_in_ns_to_ko.113;409.00;in_ns_to_ko.113;0;1398.55;1.04;0.00;288.34;car;;13;135.00
3602.00;23156390_0;1121.44;8.51;3153.00;11.00;803785575#0_0;5.10;0.00;tripinfo_in_od_to_br.39;449.00;in_od_to_br.39;0;3149.31;0.83;0.00;104.53;car;;6;41.00
3603.00;972103805_0;116.86;10.48;3196.00;0.90;-23142338#2_0;5.10;0.00;tripinfo_in_ns_to_ko.114;407.00;in_ns_to_ko.114;0;1398.55;1.05;0.00;286.96;car;;12;135.00
3603.00;23527526_0;253.75;9.66;3466.00;26.42;23687583_0;5.10;0.00;tripinfo_in_as_to_gj.46;137.00;in_as_to_gj.46;0;649.06;0.91;0.00;71.30;car;;2;24.00
3604.00;23156390_0;1121.44;10.60;3183.00;12.14;803785575#0_0;5.10;0.00;tripinfo_in_od_to_br.40;421.00;in_od_to_br.40;0;3149.31;1.03;0.00;142.53;car;;5;39.00
3604.00;230845886_0;633.12;11.97;3282.00;14.61;803785575#0_0;5.10;0.00;tripinfo_in_od_to_ba.53;322.00;in_od_to_ba.53;0;2382.14;1.13;0.00;132.12;car;;4;16.00
3604.00;23156305_0;1264.14;10.24;3302.00;10.23;-230845886_0;5.10;0.00;tripinfo_in_ba_to_gg.16;302.00;in_ba_to_gg.16;0;2718.65;0.92;0.00;34.19;car;;1;3.00
3605.00;28716808#1_0;754.74;9.70;3097.00;0.61;-23142338#2_0;5.10;0.00;tripinfo_in_ns_to_kl.7;508.00;in_ns_to_kl.7;0;2315.58;0.91;0.00;276.94;car;;15;145.00
3606.00;23156305_0;1264.14;10.39;3144.00;5.31;803785575#0_0;5.10;0.00;tripinfo_in_od_to_gg.47;462.00;in_od_to_gg.47;0;3669.96;0.94;0.00;109.41;car;;3;35.00
3606.00;23156390_0;1121.44;11.46;3192.00;15.62;803785575#0_0;5.10;0.00;tripinfo_in_od_to_br.41;414.00;in_od_to_br.41;0;3149.31;1.07;0.00;147.18;car;;4;35.00
3607.00;972103805_0;116.86;10.48;3344.00;4.66;-230845886_0;5.10;0.00;tripinfo_in_ba_to_ko.80;263.00;in_ba_to_ko.80;0;2114.29;0.96;0.00;62.36;car;;2;26.00
3608.00;972103805_0;116.86;11.52;3353.00;0.01;-230845886_0;5.10;0.00;tripinfo_in_ba_to_ko.81;255.00;in_ba_to_ko.81;0;2114.29;1.09;0.00;78.51;car;;3;26.00
3609.00;23156305_0;1264.14;12.65;3088.00;0.89;-23142338#2_0;5.10;0.00;tripinfo_in_ns_to_gg.12;521.00;in_ns_to_gg.12;0;3297.24;1.24;0.00;278.93;car;;12;123.00
3611.00;23527526_0;253.75;10.63;3517.00;41.95;23687583_0;5.10;0.00;tripinfo_in_as_to_gj.47;94.00;in_as_to_gj.47;0;649.06;0.99;0.00;33.78;car;;1;3.00
3612.00;972103805_0;116.86;9.61;3361.00;0.51;-230845886_0;5.10;0.00;tripinfo_in_ba_to_ko.82;251.00;in_ba_to_ko.82;0;2114.29;0.92;0.00;41.08;car;;2;10.00
3614.00;972103805_0;116.86;10.82;3199.00;0.79;-23142338#2_0;5.10;0.00;tripinfo_in_ns_to_ko.115;415.00;in_ns_to_ko.115;0;1398.55;1.06;0.00;295.67;car;;13;137.00
3616.00;41899283#1_0;148.70;9.49;3264.00;33.36;803785575#0_0;5.10;0.00;tripinfo_in_od_to_as.42;352.00;in_od_to_as.42;0;2382.09;0.89;0.00;110.51;car;;7;41.00
3617.00;972103805_0;116.86;9.24;3300.00;15.25;803785575#0_0;5.10;0.00;tripinfo_in_od_to_ko.59;317.00;in_od_to_ko.59;0;2307.67;0.94;0.00;84.94;car;;4;43.00
3618.00;28706217_0;94.10;8.54;2478.00;9.00;-230845886_0;5.10;0.00;tripinfo_in_ba_to_sl.15;1140.00;in_ba_to_sl.15;0;1934.94;1.05;0.00;968.49;car;;29;751.00
3619.00;972103805_0;116.86;11.14;3303.00;14.78;803785575#0_0;5.10;0.00;tripinfo_in_od_to_ko.60;316.00;in_od_to_ko.60;0;2307.67;1.07;0.00;111.04;car;;4;39.00
3621.00;972103805_0;116.86;11.56;3308.00;11.11;803785575#0_0;5.10;0.00;tripinfo_in_od_to_ko.61;313.00;in_od_to_ko.61;0;2307.67;1.10;0.00;113.39;car;;4;35.00
3623.00;41899283#1_0;148.70;8.27;3273.00;24.14;803785575#0_0;5.10;0.00;tripinfo_in_od_to_as.43;350.00;in_od_to_as.43;0;2382.09;0.83;0.00;90.56;car;;5;28.00
3625.00;41899283#1_0;148.70;13.01;3297.00;19.77;803785575#0_0;5.10;0.00;tripinfo_in_od_to_as.44;328.00;in_od_to_as.44;0;2382.09;1.27;0.00;155.29;car;;4;20.00
3628.00;972103805_0;116.86;9.20;3202.00;1.96;-23142338#2_0;5.10;0.00;tripinfo_in_ns_to_ko.116;426.00;in_ns_to_ko.116;0;1398.55;0.88;0.00;282.18;car;;13;151.00
3630.00;972103805_0;116.86;11.15;3208.00;0.79;-23142338#2_0;5.10;0.00;tripinfo_in_ns_to_ko.117;422.00;in_ns_to_ko.117;0;1398.55;1.10;0.00;307.02;car;;15;143.00
3632.00;23527526_0;253.75;9.73;3529.00;48.31;23687583_0;5.10;0.00;tripinfo_in_as_to_gj.48;103.00;in_as_to_gj.48;0;649.06;0.92;0.00;37.76;car;;2;7.00
3634.00;23142338#2_0;290.21;9.11;3307.00;70.81;23687583_0;5.10;0.00;tripinfo_in_as_to_ns.35;327.00;in_as_to_ns.35;0;1995.73;0.86;0.00;115.36;car;;6;56.00
3636.00;23156390_0;1121.44;10.72;3240.00;27.02;803785575#0_0;5.10;0.00;tripinfo_in_od_to_br.42;396.00;in_od_to_br.42;0;3149.31;1.00;0.00;110.49;car;;3;15.00
3636.00;23142338#2_0;290.21;10.54;3335.00;69.49;23687583_0;5.10;0.00;tripinfo_in_as_to_ns.36;301.00;in_as_to_ns.36;0;1995.73;0.97;0.00;113.63;car;;6;45.00
3639.00;972103805_0;116.86;9.03;3432.00;63.05;23687583_0;5.10;0.00;tripinfo_in_as_to_ko.56;207.00;in_as_to_ko.56;0;1102.39;0.82;0.00;85.60;car;;4;46.00
3641.00;972103805_0;116.86;10.17;3447.00;46.57;23687583_0;5.10;0.00;tripinfo_in_as_to_ko.57;194.00;in_as_to_ko.57;0;1102.39;1.00;0.00;93.74;car;;4;41.00
3642.00;28716808#1_0;754.74;7.43;3429.00;69.49;23687583_0;5.10;0.00;tripinfo_in_as_to_kl.11;213.00;in_as_to_kl.11;0;1207.92;0.75;0.00;66.66;car;;3;30.00
3642.00;23142338#2_0;290.21;10.72;3429.00;1.63;803785575#0_0;5.10;0.00;tripinfo_in_od_to_ns.17;213.00;in_od_to_ns.17;0;1928.29;1.02;0.00;31.08;car;;1;9.00
3643.00;45494495_0;58.90;11.17;2920.00;2.29;-230845886_0;5.10;0.00;tripinfo_in_ba_to_os.32;723.00;in_ba_to_os.32;0;1647.96;1.04;0.00;580.02;car;;19;376.00
3643.00;972103805_0;116.86;11.94;3460.00;27.04;23687583_0;5.10;0.00;tripinfo_in_as_to_ko.58;183.00;in_as_to_ko.58;0;1102.39;1.15;0.00;95.61;car;;3;26.00
3644.00;28716808#1_0;754.74;8.56;3136.00;0.45;-23142338#2_0;5.10;0.00;tripinfo_in_ns_to_kl.8;508.00;in_ns_to_kl.8;0;2315.58;0.85;0.00;260.07;car;;13;138.00
3644.00;972103805_0;116.86;11.11;3219.00;0.73;-23142338#2_0;5.10;0.00;tripinfo_in_ns_to_ko.118;425.00;in_ns_to_ko.118;0;1398.55;1.09;0.00;309.38;car;;15;149.00
3646.00;45494495_0;58.90;9.09;2957.00;59.19;23687583_0;5.10;0.00;tripinfo_in_as_to_os.22;689.00;in_as_to_os.22;0;1689.77;0.89;0.00;518.33;car;;16;316.00
3646.00;972103805_0;116.86;11.16;3228.00;0.53;-23142338#2_0;5.10;0.00;tripinfo_in_ns_to_ko.119;418.00;in_ns_to_ko.119;0;1398.55;1.02;0.00;294.84;car;;14;139.00
3646.00;28716808#1_0;754.74;12.42;3291.00;15.14;803785575#0_0;5.10;0.00;tripinfo_in_od_to_kl.36;355.00;in_od_to_kl.36;0;2678.40;1.12;0.00;138.63;car;;5;29.00
3647.00;23156305_0;1264.14;11.24;3365.00;0.82;-230845886_0;5.10;0.00;tripinfo_in_ba_to_gg.17;282.00;in_ba_to_gg.17;0;2718.65;1.03;0.00;40.93;car;;1;4.00
3649.00;41899283#1_0;148.70;9.95;3336.00;2.11;803785575#0_0;5.10;0.00;tripinfo_in_od_to_as.45;313.00;in_od_to_as.45;0;2382.09;0.95;0.00;85.26;car;;2;8.00
3650.00;972103805_0;116.86;10.53;3352.00;7.21;803785575#0_0;5.10;0.00;tripinfo_in_od_to_ko.62;298.00;in_od_to_ko.62;0;2307.67;0.98;0.00;73.25;car;;2;24.00
3651.00;230845886_0;633.12;10.30;3104.00;0.33;-23142338#2_0;5.10;0.00;tripinfo_in_ns_to_ba.4;547.00;in_ns_to_ba.4;0;2340.42;1.00;0.00;337.40;car;;15;152.00
3652.00;28716808#1_0;754.74;10.50;3314.00;8.18;803785575#0_0;5.10;0.00;tripinfo_in_od_to_kl.37;338.00;in_od_to_kl.37;0;2678.40;1.02;0.00;100.17;car;;4;18.00
3652.00;972103805_0;116.86;9.79;3358.00;10.31;803785575#0_0;5.10;0.00;tripinfo_in_od_to_ko.63;294.00;in_od_to_ko.63;0;2307.67;0.96;0.00;66.61;car;;2;22.00
3652.00;23527526_0;253.75;10.17;3475.00;0.08;-230845886_0;5.10;0.00;tripinfo_in_ba_to_gj.43;177.00;in_ba_to_gj.43;0;1755.68;1.01;0.00;18.61;car;;0;0.00
3653.00;230845886_0;633.12;11.30;3452.00;51.14;23687583_0;5.10;0.00;tripinfo_in_as_to_ba.30;201.00;in_as_to_ba.30;0;1356.50;1.02;0.00;80.79;car;;3;30.00
3655.00;972103805_0;116.86;9.84;3235.00;0.95;-23142338#2_0;5.10;0.00;tripinfo_in_ns_to_ko.120;420.00;in_ns_to_ko.120;0;1398.55;0.95;0.00;287.88;car;;15;145.00
3655.00;41899283#1_0;148.70;10.21;3339.00;2.84;803785575#0_0;5.10;0.00;tripinfo_in_od_to_as.46;316.00;in_od_to_as.46;0;2382.09;0.99;0.00;97.26;car;;4;12.00
3656.00;28706217_0;94.10;6.84;2490.00;5.98;-230845886_0;5.10;0.00;tripinfo_in_ba_to_sl.17;1166.00;in_ba_to_sl.17;0;1934.94;0.86;0.00;957.44;car;;27;759.00
3656.00;41899283#1_0;148.70;12.06;3495.00;3.54;-230845886_0;5.10;0.00;tripinfo_in_ba_to_as.48;161.00;in_ba_to_as.48;0;1430.78;1.10;0.00;43.59;car;;2;3.00
3658.00;972103805_0;116.86;10.44;3238.00;0.13;-23142338#2_0;5.10;0.00;tripinfo_in_ns_to_ko.121;420.00;in_ns_to_ko.121;0;1398.55;1.03;0.00;297.31;car;;15;146.00
3659.00;23156305_0;1264.14;9.88;3180.00;12.28;803785575#0_0;5.10;0.00;tripinfo_in_od_to_gg.48;479.00;in_od_to_gg.48;0;3669.96;0.97;0.00;133.68;car;;5;43.00
3660.00;972103805_0;116.86;10.78;3269.00;0.76;-23142338#2_0;5.10;0.00;tripinfo_in_ns_to_ko.122;391.00;in_ns_to_ko.122;0;1398.55;0.98;0.00;262.59;car;;13;131.00
3660.00;23527526_0;253.75;11.19;3570.00;52.51;23687583_0;5.10;0.00;tripinfo_in_as_to_gj.49;90.00;in_as_to_gj.49;0;649.06;1.05;0.00;33.80;car;;1;11.00
3661.00;23156305_0;1264.14;10.59;3198.00;8.17;803785575#0_0;5.10;0.00;tripinfo_in_od_to_gg.49;463.00;in_od_to_gg.49;0;3669.96;1.03;0.00;138.09;car;;4;34.00
3662.00;23156305_0;1264.14;11.68;3206.00;11.48;803785575#0_0;5.10;0.00;tripinfo_in_od_to_gg.50;456.00;in_od_to_gg.50;0;3669.96;1.17;0.00;171.01;car;;4;34.00
3664.00;28716808#1_0;754.74;10.99;3520.00;43.03;23687583_0;5.10;0.00;tripinfo_in_as_to_kl.12;144.00;in_as_to_kl.12;0;1207.92;1.08;0.00;42.64;car;;1;2.00
3665.00;230845886_0;633.12;11.27;3470.00;14.10;23687583_0;5.10;0.00;tripinfo_in_as_to_ba.31;195.00;in_as_to_ba.31;0;1356.50;1.03;0.00;75.62;car;;2;23.00
3668.00;972103805_0;116.86;8.40;3474.00;15.19;23687583_0;5.10;0.00;tripinfo_in_as_to_ko.59;194.00;in_as_to_ko.59;0;1102.39;0.85;0.00;76.51;car;;3;22.00
3670.00;972103805_0;116.86;9.81;3509.00;39.39;23687583_0;5.10;0.00;tripinfo_in_as_to_ko.60;161.00;in_as_to_ko.60;0;1102.39;0.98;0.00;59.16;car;;2;5.00
3672.00;23156390_0;1121.44;10.07;3252.00;28.25;803785575#0_0;5.10;0.00;tripinfo_in_od_to_br.43;420.00;in_od_to_br.43;0;3149.31;0.93;0.00;112.18;car;;6;36.00
3672.00;972103805_0;116.86;11.54;3535.00;40.84;23687583_0;5.10;0.00;tripinfo_in_as_to_ko.61;137.00;in_as_to_ko.61;0;1102.39;1.10;0.00;45.75;car;;3;8.00
3672.00;41899283#1_0;148.70;10.26;3510.00;4.31;-230845886_0;5.10;0.00;tripinfo_in_ba_to_as.49;162.00;in_ba_to_as.49;0;1430.78;0.96;0.00;27.61;car;;1;6.00
3674.00;23156305_0;1264.14;11.29;3243.00;28.36;803785575#0_0;5.10;0.00;tripinfo_in_od_to_gg.54;431.00;in_od_to_gg.54;0;3669.96;1.06;0.00;116.03;car;;4;14.00
3676.00;972103805_0;116.86;9.51;3383.00;20.78;803785575#0_0;5.10;0.00;tripinfo_in_od_to_ko.64;293.00;in_od_to_ko.64;0;2307.67;0.87;0.00;41.23;car;;1;8.00
3678.00;230845886_0;633.12;10.29;3367.00;10.06;803785575#0_0;5.10;0.00;tripinfo_in_od_to_ba.54;311.00;in_od_to_ba.54;0;2382.14;1.00;0.00;96.42;car;;3;27.00
3678.00;972103805_0;116.86;10.01;3409.00;1.62;803785575#0_0;5.10;0.00;tripinfo_in_od_to_ko.65;269.00;in_od_to_ko.65;0;2307.67;1.01;0.00;50.43;car;;1;7.00
3678.00;23527526_0;253.75;10.77;3492.00;0.58;-230845886_0;5.10;0.00;tripinfo_in_ba_to_gj.44;186.00;in_ba_to_gj.44;0;1755.68;0.98;0.00;23.54;car;;0;0.00
3680.00;972103805_0;116.86;9.19;3292.00;0.13;-23142338#2_0;5.10;0.00;tripinfo_in_ns_to_ko.123;388.00;in_ns_to_ko.123;0;1398.55;0.91;0.00;249.08;car;;12;139.00
3680.00;230845886_0;633.12;11.58;3373.00;14.76;803785575#0_0;5.10;0.00;tripinfo_in_od_to_ba.55;307.00;in_od_to_ba.55;0;2382.14;1.08;0.00;107.29;car;;3;27.00
3681.00;41899283#1_0;148.70;9.18;3513.00;4.50;-230845886_0;5.10;0.00;tripinfo_in_ba_to_as.50;168.00;in_ba_to_as.50;0;1430.78;0.86;0.00;16.46;car;;0;0.00
3682.00;972103805_0;116.86;12.02;3300.00;0.30;-23142338#2_0;5.10;0.00;tripinfo_in_ns_to_ko.124;382.00;in_ns_to_ko.124;0;1398.55;1.15;0.00;272.07;car;;12;137.00
3683.00;41899283#1_0;148.70;10.54;3355.00;10.18;803785575#0_0;5.10;0.00;tripinfo_in_od_to_as.47;328.00;in_od_to_as.47;0;2382.09;0.98;0.00;108.35;car;;3;28.00
3684.00;41899283#1_0;148.70;11.33;3380.00;19.78;803785575#0_0;5.10;0.00;tripinfo_in_od_to_as.49;304.00;in_od_to_as.49;0;2382.09;1.11;0.00;109.71;car;;3;25.00
3687.00;23156030#6_0;109.07;11.33;2613.00;6.02;23687583_0;5.10;0.00;tripinfo_in_as_to_od.6;1074.00;in_as_to_od.6;0;2357.31;1.07;0.00;875.03;car;;23;692.00
3689.00;41899283#1_0;148.70;11.87;3249.00;0.64;-23142338#2_0;5.10;0.00;tripinfo_in_ns_to_as.17;440.00;in_ns_to_as.17;0;2009.37;1.09;0.00;272.12;car;;12;137.00
3696.00;972103805_0;116.86;10.14;3557.00;50.37;23687583_0;5.10;0.00;tripinfo_in_as_to_ko.62;139.00;in_as_to_ko.62;0;1102.39;0.96;0.00;34.59;car;;2;9.00
3699.00;41899283#1_0;148.70;11.33;3386.00;21.78;803785575#0_0;5.10;0.00;tripinfo_in_od_to_as.50;313.00;in_od_to_as.50;0;2382.09;1.04;0.00;104.96;car;;4;32.00
3702.00;972103805_0;116.86;8.48;3383.00;0.88;-230845886_0;5.10;0.00;tripinfo_in_ba_to_ko.83;319.00;in_ba_to_ko.83;0;2114.29;0.78;0.00;71.16;car;;4;37.00
3703.00;230845886_0;633.12;9.71;3417.00;0.26;803785575#0_0;5.10;0.00;tripinfo_in_od_to_ba.56;286.00;in_od_to_ba.56;0;2382.14;0.99;0.00;68.73;car;;2;10.00
3704.00;972103805_0;116.86;9.66;3442.00;0.96;-230845886_0;5.10;0.00;tripinfo_in_ba_to_ko.84;262.00;in_ba_to_ko.84;0;2114.29;0.89;0.00;46.72;car;;1;12.00
3705.00;972103805_0;116.86;10.40;3454.00;7.31;-230845886_0;5.10;0.00;tripinfo_in_ba_to_ko.85;251.00;in_ba_to_ko.85;0;2114.29;1.12;0.00;79.43;car;;2;20.00
3711.00;41899283#1_0;148.70;9.03;3376.00;16.85;803785575#0_0;5.10;0.00;tripinfo_in_od_to_as.48;335.00;in_od_to_as.48;0;2382.09;0.84;0.00;79.02;car;;3;22.00
3711.00;23527526_0;253.75;8.88;3507.00;2.26;-230845886_0;5.10;0.00;tripinfo_in_ba_to_gj.45;204.00;in_ba_to_gj.45;0;1755.68;0.90;0.00;26.69;car;;1;6.00
3712.00;23142338#2_0;290.21;9.49;3445.00;3.03;-230845886_0;5.10;0.00;tripinfo_in_ba_to_ns.19;267.00;in_ba_to_ns.19;0;2346.36;0.91;0.00;33.95;car;;1;8.00
3713.00;972103805_0;116.86;8.37;3320.00;0.93;-23142338#2_0;5.10;0.00;tripinfo_in_ns_to_ko.125;393.00;in_ns_to_ko.125;0;1398.55;0.80;0.00;235.55;car;;11;142.00
3713.00;41899283#1_0;148.70;11.13;3420.00;0.65;803785575#0_0;5.10;0.00;tripinfo_in_od_to_as.53;293.00;in_od_to_as.53;0;2382.09;1.09;0.00;94.78;car;;2;13.00
3713.00;230845886_0;633.12;10.90;3426.00;2.99;803785575#0_0;5.10;0.00;tripinfo_in_od_to_ba.57;287.00;in_od_to_ba.57;0;2382.14;1.09;0.00;89.54;car;;2;7.00
3713.00;23527526_0;253.75;12.74;3538.00;0.38;-230845886_0;5.10;0.00;tripinfo_in_ba_to_gj.46;175.00;in_ba_to_gj.46;0;1755.68;1.15;0.00;36.35;car;;0;0.00
3715.00;972103805_0;116.86;10.42;3326.00;5.67;-23142338#2_0;5.10;0.00;tripinfo_in_ns_to_ko.126;389.00;in_ns_to_ko.126;0;1398.55;1.03;0.00;265.73;car;;11;134.00
3715.00;230845886_0;633.12;11.97;3448.00;9.73;803785575#0_0;5.10;0.00;tripinfo_in_od_to_ba.58;267.00;in_od_to_ba.58;0;2382.14;1.15;0.00;79.32;car;;1;5.00
3716.00;23156305_0;1264.14;9.19;3228.00;22.25;803785575#0_0;5.10;0.00;tripinfo_in_od_to_gg.51;488.00;in_od_to_gg.51;0;3669.96;0.86;0.00;99.11;car;;2;17.00
3716.00;23156390_0;1121.44;11.48;3333.00;0.36;803785575#0_0;5.10;0.00;tripinfo_in_od_to_br.44;383.00;in_od_to_br.44;0;3149.31;1.06;0.00;114.41;car;;5;18.00
3718.00;23156305_0;1264.14;11.74;3237.00;24.24;803785575#0_0;5.10;0.00;tripinfo_in_od_to_gg.53;481.00;in_od_to_gg.53;0;3669.96;1.10;0.00;178.72;car;;3;16.00
3719.00;23142338#2_0;290.21;9.41;3435.00;59.23;23687583_0;5.10;0.00;tripinfo_in_as_to_ns.37;284.00;in_as_to_ns.37;0;1995.73;0.93;0.00;88.40;car;;4;34.00
3720.00;41899283#1_0;148.70;9.82;3406.00;0.56;803785575#0_0;5.10;0.00;tripinfo_in_od_to_as.51;314.00;in_od_to_as.51;0;2382.09;0.95;0.00;86.61;car;;3;24.00
3722.00;972103805_0;116.86;9.38;3436.00;0.67;803785575#0_0;5.10;0.00;tripinfo_in_od_to_ko.66;286.00;in_od_to_ko.66;0;2307.67;0.88;0.00;36.99;car;;1;10.00
3725.00;972103805_0;116.86;10.02;3471.00;0.83;-230845886_0;5.10;0.00;tripinfo_in_ba_to_ko.86;254.00;in_ba_to_ko.86;0;2114.29;0.94;0.00;50.84;car;;2;22.00
3728.00;972103805_0;116.86;11.35;3498.00;1.17;-230845886_0;5.10;0.00;tripinfo_in_ba_to_ko.87;230.00;in_ba_to_ko.87;0;2114.29;1.03;0.00;41.69;car;;1;8.00
3730.00;972103805_0;116.86;11.01;3504.00;1.03;-230845886_0;5.10;0.00;tripinfo_in_ba_to_ko.88;226.00;in_ba_to_ko.88;0;2114.29;1.07;0.00;45.51;car;;1;9.00
3734.00;28706217_0;94.10;6.25;2503.00;5.19;23687583_0;5.10;0.00;tripinfo_in_as_to_sl.19;1231.00;in_as_to_sl.19;0;1976.75;0.86;0.00;1018.38;car;;30;805.00
3735.00;972103805_0;116.86;8.87;3439.00;3.04;803785575#0_0;5.10;0.00;tripinfo_in_od_to_ko.67;296.00;in_od_to_ko.67;0;2307.67;0.90;0.00;54.14;car;;2;17.00
3736.00;28706217_0;94.10;7.00;2431.00;1.93;23687583_0;5.10;0.00;tripinfo_in_as_to_sl.17;1305.00;in_as_to_sl.17;0;1976.75;0.97;0.00;1116.18;car;;26;918.00
3736.00;23156305_0;1264.14;8.77;3234.00;25.92;803785575#0_0;5.10;0.00;tripinfo_in_od_to_gg.52;502.00;in_od_to_gg.52;0;3669.96;0.81;0.00;91.13;car;;1;7.00
3736.00;23527526_0;253.75;10.79;3560.00;3.52;-230845886_0;5.10;0.00;tripinfo_in_ba_to_gj.47;176.00;in_ba_to_gj.47;0;1755.68;1.07;0.00;27.96;car;;1;5.00
3737.00;28716808#1_0;754.74;10.86;3591.00;37.42;23687583_0;5.10;0.00;tripinfo_in_as_to_kl.13;146.00;in_as_to_kl.13;0;1207.92;0.99;0.00;35.98;car;;1;8.00
3738.00;28706217_0;94.10;8.52;2398.00;0.19;23687583_0;5.10;0.00;tripinfo_in_as_to_sl.16;1340.00;in_as_to_sl.16;0;1976.75;1.13;0.00;1177.05;car;;27;975.00
3738.00;23156305_0;1264.14;10.99;3112.00;0.82;-23142338#2_0;5.10;0.00;tripinfo_in_ns_to_gg.13;626.00;in_ns_to_gg.13;0;3297.24;1.06;0.00;343.50;car;;13;139.00
3738.00;972103805_0;116.86;9.42;3454.00;15.23;803785575#0_0;5.10;0.00;tripinfo_in_od_to_ko.68;284.00;in_od_to_ko.68;0;2307.67;0.93;0.00;46.93;car;;1;7.00
3739.00;23156305_0;1264.14;10.16;3391.00;0.09;-230845886_0;5.10;0.00;tripinfo_in_ba_to_gg.18;348.00;in_ba_to_gg.18;0;2718.65;0.96;0.00;90.87;car;;2;24.00
3739.00;972103805_0;116.86;12.79;3460.00;13.63;803785575#0_0;5.10;0.00;tripinfo_in_od_to_ko.69;279.00;in_od_to_ko.69;0;2307.67;1.23;0.00;99.42;car;;1;5.00
3740.00;28716808#1_0;754.74;11.30;3401.00;13.85;803785575#0_0;5.10;0.00;tripinfo_in_od_to_kl.38;339.00;in_od_to_kl.38;0;2678.40;1.09;0.00;116.64;car;;4;37.00
3741.00;972103805_0;116.86;12.16;3329.00;0.47;-23142338#2_0;5.10;0.00;tripinfo_in_ns_to_ko.127;412.00;in_ns_to_ko.127;0;1398.55;1.11;0.00;298.57;car;;13;156.00
3741.00;23156305_0;1264.14;10.21;3417.00;0.77;-230845886_0;5.10;0.00;tripinfo_in_ba_to_gg.19;324.00;in_ba_to_gg.19;0;2718.65;0.92;0.00;55.96;car;;2;7.00
3742.00;23142338#2_0;290.21;8.80;3463.00;0.90;-230845886_0;5.10;0.00;tripinfo_in_ba_to_ns.20;279.00;in_ba_to_ns.20;0;2346.36;0.89;0.00;40.23;car;;1;15.00
3742.00;230845886_0;633.12;9.70;3573.00;53.57;23687583_0;5.10;0.00;tripinfo_in_as_to_ba.32;169.00;in_as_to_ba.32;0;1356.50;0.99;0.00;44.67;car;;2;12.00
3743.00;23156305_0;1264.14;10.46;3249.00;31.60;803785575#0_0;5.10;0.00;tripinfo_in_od_to_gg.55;494.00;in_od_to_gg.55;0;3669.96;0.99;0.00;157.74;car;;6;35.00
3743.00;230845886_0;633.12;11.67;3582.00;42.68;23687583_0;5.10;0.00;tripinfo_in_as_to_ba.33;161.00;in_as_to_ba.33;0;1356.50;1.15;0.00;55.14;car;;1;9.00
3744.00;41899283#1_0;148.70;7.75;3414.00;0.78;803785575#0_0;5.10;0.00;tripinfo_in_od_to_as.52;330.00;in_od_to_as.52;0;2382.09;0.77;0.00;48.68;car;;3;10.00
3745.00;972103805_0;116.86;9.68;3332.00;3.41;-23142338#2_0;5.10;0.00;tripinfo_in_ns_to_ko.128;413.00;in_ns_to_ko.128;0;1398.55;0.89;0.00;271.11;car;;13;150.00
3746.00;23156305_0;1264.14;9.43;3436.00;0.14;-230845886_0;5.10;0.00;tripinfo_in_ba_to_gg.20;310.00;in_ba_to_gg.20;0;2718.65;0.88;0.00;28.67;car;;0;0.00
3746.00;41899283#1_0;148.70;9.88;3583.00;0.70;-230845886_0;5.10;0.00;tripinfo_in_ba_to_as.51;163.00;in_ba_to_as.51;0;1430.78;0.97;0.00;28.96;car;;0;0.00
3747.00;972103805_0;116.86;10.10;3335.00;4.00;-23142338#2_0;5.10;0.00;tripinfo_in_ns_to_ko.129;412.00;in_ns_to_ko.129;0;1398.55;1.01;0.00;287.27;car;;13;145.00
3748.00;23156305_0;1264.14;12.32;3567.00;53.94;23687583_0;5.10;0.00;tripinfo_in_as_to_gg.12;181.00;in_as_to_gg.12;0;1600.87;1.20;0.00;59.36;car;;0;0.00
3748.00;41899283#1_0;148.70;13.00;3592.00;1.46;-230845886_0;5.10;0.00;tripinfo_in_ba_to_as.52;156.00;in_ba_to_as.52;0;1430.78;1.33;0.00;52.22;car;;1;2.00
3749.00;972103805_0;116.86;12.08;3472.00;3.70;803785575#0_0;5.10;0.00;tripinfo_in_od_to_ko.70;277.00;in_od_to_ko.70;0;2307.67;1.14;0.00;84.47;car;;2;19.00
3750.00;23156305_0;1264.14;10.25;3451.00;6.26;-230845886_0;5.10;0.00;tripinfo_in_ba_to_gg.21;299.00;in_ba_to_gg.21;0;2718.65;1.04;0.00;60.52;car;;1;8.00
3752.00;23527526_0;253.75;10.51;3564.00;0.62;-230845886_0;5.10;0.00;tripinfo_in_ba_to_gj.48;188.00;in_ba_to_gj.48;0;1755.68;0.95;0.00;20.41;car;;0;0.00
3753.00;230845886_0;633.12;10.36;3594.00;26.36;23687583_0;5.10;0.00;tripinfo_in_as_to_ba.34;159.00;in_as_to_ba.34;0;1356.50;1.01;0.00;37.04;car;;1;7.00
3755.00;23156390_0;1121.44;11.57;3370.00;12.08;803785575#0_0;5.10;0.00;tripinfo_in_od_to_br.45;385.00;in_od_to_br.45;0;3149.31;1.04;0.00;109.96;car;;3;29.00
3755.00;972103805_0;116.86;10.68;3603.00;2.00;23687583_0;5.10;0.00;tripinfo_in_as_to_ko.63;152.00;in_as_to_ko.63;0;1102.39;0.97;0.00;49.67;car;;3;24.00
3756.00;41899283#1_0;148.70;12.80;3304.00;0.37;-23142338#2_0;5.10;0.00;tripinfo_in_ns_to_as.18;452.00;in_ns_to_as.18;0;2009.37;1.16;0.00;294.61;car;;12;144.00
3757.00;28716808#1_0;754.74;10.26;3610.00;2.50;23687583_0;5.10;0.00;tripinfo_in_as_to_kl.14;147.00;in_as_to_kl.14;0;1207.92;1.03;0.00;40.42;car;;2;7.00
3758.00;972103805_0;116.86;11.73;3529.00;0.91;-230845886_0;5.10;0.00;tripinfo_in_ba_to_ko.89;229.00;in_ba_to_ko.89;0;2114.29;1.06;0.00;46.97;car;;1;15.00
3759.00;28706217_0;94.10;6.66;2549.00;2.98;-230845886_0;5.10;0.00;tripinfo_in_ba_to_sl.19;1210.00;in_ba_to_sl.19;0;1934.94;0.89;0.00;1007.04;car;;29;797.00
3759.00;28716808#1_0;754.74;11.87;3423.00;2.51;803785575#0_0;5.10;0.00;tripinfo_in_od_to_kl.39;336.00;in_od_to_kl.39;0;2678.40;1.09;0.00;112.64;car;;5;25.00
3759.00;972103805_0;116.86;12.85;3534.00;0.37;-230845886_0;5.10;0.00;tripinfo_in_ba_to_ko.90;225.00;in_ba_to_ko.90;0;2114.29;1.17;0.00;60.58;car;;1;13.00
3760.00;28706217_0;94.10;9.02;2553.00;0.29;23687583_0;5.10;0.00;tripinfo_in_as_to_sl.20;1207.00;in_as_to_sl.20;0;1976.75;1.09;0.00;1038.62;car;;29;807.00
3761.00;23527526_0;253.75;9.48;3620.00;0.00;23687583_0;5.10;0.00;tripinfo_in_as_to_gj.50;141.00;in_as_to_gj.50;0;649.06;0.96;0.00;79.95;car;;2;50.00
3763.00;972103805_0;116.86;11.36;3490.00;12.19;803785575#0_0;5.10;0.00;tripinfo_in_od_to_ko.71;273.00;in_od_to_ko.71;0;2307.67;1.14;0.00;79.54;car;;2;23.00
3764.00;45494495_0;58.90;13.26;3432.00;0.25;803785575#0_0;5.10;0.00;tripinfo_in_od_to_os.80;332.00;in_od_to_os.80;0;969.96;1.20;0.00;258.11;car;;4;227.00
3766.00;41899283#1_0;148.70;10.10;3469.00;5.99;803785575#0_0;5.10;0.00;tripinfo_in_od_to_as.54;297.00;in_od_to_as.54;0;2382.09;0.97;0.00;74.78;car;;3;19.00
3767.00;45494495_0;58.90;11.63;3502.00;2.11;803785575#0_0;5.10;0.00;tripinfo_in_od_to_os.83;265.00;in_od_to_os.83;0;969.96;1.08;0.00;182.74;car;;6;157.00
3768.00;972103805_0;116.86;9.41;3341.00;5.38;-23142338#2_0;5.10;0.00;tripinfo_in_ns_to_ko.130;427.00;in_ns_to_ko.130;0;1398.55;0.85;0.00;278.63;car;;13;158.00
3769.00;45494495_0;58.90;10.44;3554.00;2.46;803785575#0_0;5.10;0.00;tripinfo_in_od_to_os.85;215.00;in_od_to_os.85;0;969.96;1.02;0.00;128.88;car;;3;97.00
3770.00;972103805_0;116.86;11.17;3344.00;0.77;-23142338#2_0;5.10;0.00;tripinfo_in_ns_to_ko.131;426.00;in_ns_to_ko.131;0;1398.55;1.02;0.00;302.67;car;;13;147.00
3771.00;23156305_0;1264.14;9.57;3261.00;31.26;803785575#0_0;5.10;0.00;tripinfo_in_od_to_gg.56;510.00;in_od_to_gg.56;0;3669.96;0.87;0.00;128.05;car;;6;28.00
3772.00;972103805_0;116.86;12.67;3358.00;0.36;-23142338#2_0;5.10;0.00;tripinfo_in_ns_to_ko.132;414.00;in_ns_to_ko.132;0;1398.55;1.18;0.00;307.11;car;;12;146.00
3772.00;45494495_0;58.90;11.47;3475.00;5.08;803785575#0_0;5.10;0.00;tripinfo_in_od_to_os.82;297.00;in_od_to_os.82;0;969.96;1.10;0.00;217.67;car;;3;177.00
3772.00;23527526_0;253.75;9.98;3589.00;4.83;-230845886_0;5.10;0.00;tripinfo_in_ba_to_gj.49;183.00;in_ba_to_gj.49;0;1755.68;0.95;0.00;15.62;car;;0;0.00
3773.00;23156305_0;1264.14;10.13;3305.00;10.04;803785575#0_0;5.10;0.00;tripinfo_in_od_to_gg.57;468.00;in_od_to_gg.57;0;3669.96;1.01;0.00;137.33;car;;4;18.00
3773.00;41899283#1_0;148.70;12.62;3629.00;5.17;-230845886_0;5.10;0.00;tripinfo_in_ba_to_as.53;144.00;in_ba_to_as.53;0;1430.78;1.29;0.00;39.90;car;;0;0.00
3774.00;23156305_0;1264.14;12.21;3317.00;9.97;803785575#0_0;5.10;0.00;tripinfo_in_od_to_gg.58;457.00;in_od_to_gg.58;0;3669.96;1.10;0.00;155.51;car;;4;18.00
3775.00;23142338#2_0;290.21;8.78;3489.00;0.64;-230845886_0;5.10;0.00;tripinfo_in_ba_to_ns.21;286.00;in_ba_to_ns.21;0;2346.36;0.90;0.00;51.47;car;;2;18.00
3776.00;972103805_0;116.86;9.60;3361.00;1.12;-23142338#2_0;5.10;0.00;tripinfo_in_ns_to_ko.133;415.00;in_ns_to_ko.133;0;1398.55;0.87;0.00;270.21;car;;12;140.00
3776.00;45494495_0;58.90;10.07;3463.00;11.54;803785575#0_0;5.10;0.00;tripinfo_in_od_to_os.81;313.00;in_od_to_os.81;0;969.96;0.94;0.00;219.56;car;;3;184.00
3777.00;23142338#2_0;290.21;9.75;3526.00;45.57;23687583_0;5.10;0.00;tripinfo_in_as_to_ns.38;251.00;in_as_to_ns.38;0;1995.73;0.98;0.00;66.19;car;;3;14.00
3778.00;972103805_0;116.86;9.64;3493.00;14.43;803785575#0_0;5.10;0.00;tripinfo_in_od_to_ko.72;285.00;in_od_to_ko.72;0;2307.67;0.91;0.00;44.20;car;;1;18.00
3778.00;45494495_0;58.90;11.31;3539.00;7.55;803785575#0_0;5.10;0.00;tripinfo_in_od_to_os.84;239.00;in_od_to_os.84;0;969.96;1.08;0.00;157.67;car;;3;118.00
3783.00;230845886_0;633.12;11.50;3505.00;1.54;803785575#0_0;5.10;0.00;tripinfo_in_od_to_ba.59;278.00;in_od_to_ba.59;0;2382.14;1.06;0.00;73.93;car;;4;20.00
3784.00;45494495_0;58.90;8.09;3655.00;3.02;803785575#0_0;5.10;0.00;tripinfo_in_od_to_os.87;129.00;in_od_to_os.87;0;969.96;0.83;0.00;23.34;car;;1;6.00
3786.00;45494495_0;58.90;11.03;3560.00;4.94;803785575#0_0;5.10;0.00;tripinfo_in_od_to_os.86;226.00;in_od_to_os.86;0;969.96;1.09;0.00;144.73;car;;5;107.00
3787.00;45494495_0;58.90;13.36;3062.00;0.47;-230845886_0;5.10;0.00;tripinfo_in_ba_to_os.34;725.00;in_ba_to_os.34;0;1647.96;1.31;0.00;605.77;car;;13;399.00
3788.00;28706217_0;94.10;7.60;2442.00;6.97;23687583_0;5.10;0.00;tripinfo_in_as_to_sl.18;1346.00;in_as_to_sl.18;0;1976.75;1.00;0.00;1161.86;car;;30;962.00
3789.00;45494495_0;58.90;12.11;3688.00;0.74;803785575#0_0;5.10;0.00;tripinfo_in_od_to_os.89;101.00;in_od_to_os.89;0;969.96;1.09;0.00;20.57;car;;0;0.00
3790.00;23156305_0;1264.14;9.19;3320.00;4.87;803785575#0_0;5.10;0.00;tripinfo_in_od_to_gg.59;470.00;in_od_to_gg.59;0;3669.96;0.89;0.00;96.99;car;;4;15.00
3791.00;45494495_0;58.90;11.32;3691.00;0.73;803785575#0_0;5.10;0.00;tripinfo_in_od_to_os.90;100.00;in_od_to_os.90;0;969.96;1.05;0.00;16.31;car;;0;0.00
3792.00;23156305_0;1264.14;10.31;3330.00;0.09;803785575#0_0;5.10;0.00;tripinfo_in_od_to_gg.60;462.00;in_od_to_gg.60;0;3669.96;0.98;0.00;121.46;car;;4;14.00
3792.00;23527526_0;253.75;10.59;3595.00;2.09;-230845886_0;5.10;0.00;tripinfo_in_ba_to_gj.50;197.00;in_ba_to_gj.50;0;1755.68;1.00;0.00;38.15;car;;2;11.00
3793.00;23156305_0;1264.14;12.08;3349.00;7.37;803785575#0_0;5.10;0.00;tripinfo_in_od_to_gg.61;444.00;in_od_to_gg.61;0;3669.96;1.18;0.00;162.53;car;;3;31.00
3794.00;45494495_0;58.90;10.58;3022.00;54.18;23687583_0;5.10;0.00;tripinfo_in_as_to_os.23;772.00;in_as_to_os.23;0;1689.77;0.99;0.00;617.93;car;;18;431.00
3794.00;28716808#1_0;754.74;10.44;3457.00;12.36;803785575#0_0;5.10;0.00;tripinfo_in_od_to_kl.40;337.00;in_od_to_kl.40;0;2678.40;0.96;0.00;83.51;car;;3;22.00
3794.00;41899283#1_0;148.70;9.66;3487.00;10.26;803785575#0_0;5.10;0.00;tripinfo_in_od_to_as.55;307.00;in_od_to_as.55;0;2382.09;0.98;0.00;87.34;car;;5;23.00
3794.00;23527526_0;253.75;12.99;3598.00;5.07;-230845886_0;5.10;0.00;tripinfo_in_ba_to_gj.51;196.00;in_ba_to_gj.51;0;1755.68;1.25;0.00;68.26;car;;2;10.00
3796.00;972103805_0;116.86;8.92;3496.00;6.32;803785575#0_0;5.10;0.00;tripinfo_in_od_to_ko.73;300.00;in_od_to_ko.73;0;2307.67;0.85;0.00;43.32;car;;2;12.00
3797.00;45494495_0;58.90;10.45;3028.00;36.48;23687583_0;5.10;0.00;tripinfo_in_as_to_os.24;769.00;in_as_to_os.24;0;1689.77;0.98;0.00;612.41;car;;19;417.00
3798.00;972103805_0;116.86;12.66;3370.00;0.03;-23142338#2_0;5.10;0.00;tripinfo_in_ns_to_ko.134;428.00;in_ns_to_ko.134;0;1398.55;1.18;0.00;320.19;car;;15;159.00
3800.00;45494495_0;58.90;10.50;3094.00;2.83;-230845886_0;5.10;0.00;tripinfo_in_ba_to_os.35;706.00;in_ba_to_os.35;0;1647.96;0.96;0.00;549.84;car;;15;405.00
3802.00;45494495_0;58.90;12.73;3037.00;39.53;23687583_0;5.10;0.00;tripinfo_in_as_to_os.25;765.00;in_as_to_os.25;0;1689.77;1.18;0.00;635.20;car;;18;404.00
3803.00;972103805_0;116.86;8.66;3379.00;0.04;-23142338#2_0;5.10;0.00;tripinfo_in_ns_to_ko.135;424.00;in_ns_to_ko.135;0;1398.55;0.87;0.00;279.81;car;;12;144.00
3804.00;230845886_0;633.12;11.11;3514.00;4.51;803785575#0_0;5.10;0.00;tripinfo_in_od_to_ba.60;290.00;in_od_to_ba.60;0;2382.14;1.03;0.00;80.04;car;;4;21.00
3805.00;972103805_0;116.86;9.75;3499.00;4.82;803785575#0_0;5.10;0.00;tripinfo_in_od_to_ko.74;306.00;in_od_to_ko.74;0;2307.67;0.96;0.00;77.29;car;;2;28.00
3807.00;972103805_0;116.86;10.15;3518.00;0.82;803785575#0_0;5.10;0.00;tripinfo_in_od_to_ko.75;289.00;in_od_to_ko.75;0;2307.67;0.95;0.00;57.69;car;;2;26.00
3808.00;28706217_0;94.10;7.90;2546.00;3.55;-230845886_0;5.10;0.00;tripinfo_in_ba_to_sl.18;1262.00;in_ba_to_sl.18;0;1934.94;1.00;0.00;1082.08;car;;27;856.00
3808.00;23142338#2_0;290.21;9.36;3549.00;51.12;23687583_0;5.10;0.00;tripinfo_in_as_to_ns.39;259.00;in_as_to_ns.39;0;1995.73;0.93;0.00;62.22;car;;3;20.00
3808.00;45494495_0;58.90;8.71;3684.00;1.50;803785575#0_0;5.10;0.00;tripinfo_in_od_to_os.88;124.00;in_od_to_os.88;0;969.96;0.80;0.00;14.80;car;;0;0.00
3809.00;972103805_0;116.86;13.03;3524.00;4.13;803785575#0_0;5.10;0.00;tripinfo_in_od_to_ko.76;285.00;in_od_to_ko.76;0;2307.67;1.18;0.00;98.00;car;;2;25.00
3810.00;28706217_0;94.10;8.98;2487.00;4.44;-230845886_0;5.10;0.00;tripinfo_in_ba_to_sl.16;1323.00;in_ba_to_sl.16;0;1934.94;1.18;0.00;1170.66;car;;32;945.00
3810.00;45494495_0;58.90;11.49;3069.00;38.46;23687583_0;5.10;0.00;tripinfo_in_as_to_os.26;741.00;in_as_to_os.26;0;1689.77;1.08;0.00;599.82;car;;18;375.00
3810.00;28716808#1_0;754.74;10.79;3323.00;3.85;-23142338#2_0;5.10;0.00;tripinfo_in_ns_to_kl.9;487.00;in_ns_to_kl.9;0;2315.58;0.97;0.00;271.52;car;;12;150.00
3811.00;972103805_0;116.86;10.91;3409.00;2.42;-23142338#2_0;5.10;0.00;tripinfo_in_ns_to_ko.136;402.00;in_ns_to_ko.136;0;1398.55;1.03;0.00;278.84;car;;12;150.00
3812.00;45494495_0;58.90;13.02;3136.00;5.65;-230845886_0;5.10;0.00;tripinfo_in_ba_to_os.36;676.00;in_ba_to_os.36;0;1647.96;1.19;0.00;549.83;car;;13;339.00
3813.00;972103805_0;116.86;11.25;3613.00;1.38;23687583_0;5.10;0.00;tripinfo_in_as_to_ko.64;200.00;in_as_to_ko.64;0;1102.39;1.09;0.00;108.76;car;;4;75.00
3816.00;23527526_0;253.75;10.31;3649.00;6.57;23687583_0;5.10;0.00;tripinfo_in_as_to_gj.51;167.00;in_as_to_gj.51;0;649.06;0.93;0.00;103.18;car;;4;67.00
3817.00;23156030#6_0;109.07;11.53;2425.00;4.98;-45494495_0;5.10;0.00;tripinfo_in_os_to_od.5;1392.00;in_os_to_od.5;0;865.51;1.05;0.00;1317.37;car;;13;1254.00
3818.00;972103805_0;116.86;9.24;3576.00;0.41;-230845886_0;5.10;0.00;tripinfo_in_ba_to_ko.91;242.00;in_ba_to_ko.91;0;2114.29;0.90;0.00;28.37;car;;0;0.00
3818.00;23527526_0;253.75;11.25;3652.00;8.97;23687583_0;5.10;0.00;tripinfo_in_as_to_gj.52;166.00;in_as_to_gj.52;0;649.06;1.06;0.00;109.43;car;;4;62.00
3821.00;23527526_0;253.75;11.35;3338.00;2.57;-23142338#2_0;5.10;0.00;tripinfo_in_ns_to_gj.11;483.00;in_ns_to_gj.11;0;2084.96;1.10;0.00;311.31;car;;15;158.00
3821.00;41899283#1_0;148.70;9.80;3527.00;5.19;803785575#0_0;5.10;0.00;tripinfo_in_od_to_as.56;294.00;in_od_to_as.56;0;2382.09;0.99;0.00;75.73;car;;4;22.00
3825.00;972103805_0;116.86;10.27;3413.00;0.85;-23142338#2_0;5.10;0.00;tripinfo_in_ns_to_ko.137;412.00;in_ns_to_ko.137;0;1398.55;0.96;0.00;279.93;car;;12;155.00
3826.00;23527526_0;253.75;10.35;3626.00;4.11;-230845886_0;5.10;0.00;tripinfo_in_ba_to_gj.52;200.00;in_ba_to_gj.52;0;1755.68;1.00;0.00;41.11;car;;2;10.00
3827.00;23156030#6_0;109.07;9.01;2774.00;6.79;23687583_0;5.10;0.00;tripinfo_in_as_to_od.7;1053.00;in_as_to_od.7;0;2357.31;0.86;0.00;804.72;car;;28;664.00
3827.00;41899283#1_0;148.70;10.48;3668.00;15.72;-230845886_0;5.10;0.00;tripinfo_in_ba_to_as.54;159.00;in_ba_to_as.54;0;1430.78;0.96;0.00;24.89;car;;0;0.00
3828.00;23527526_0;253.75;11.25;3673.00;0.66;23687583_0;5.10;0.00;tripinfo_in_as_to_gj.53;155.00;in_as_to_gj.53;0;649.06;1.06;0.00;99.02;car;;4;50.00
3829.00;972103805_0;116.86;9.03;3417.00;0.66;-23142338#2_0;5.10;0.00;tripinfo_in_ns_to_ko.138;412.00;in_ns_to_ko.138;0;1398.55;0.89;0.00;269.54;car;;14;151.00
3831.00;972103805_0;116.86;11.08;3420.00;2.67;-23142338#2_0;5.10;0.00;tripinfo_in_ns_to_ko.139;411.00;in_ns_to_ko.139;0;1398.55;1.00;0.00;283.93;car;;12;151.00
3831.00;45494495_0;58.90;10.03;3716.00;3.97;803785575#0_0;5.10;0.00;tripinfo_in_od_to_os.92;115.00;in_od_to_os.92;0;969.96;1.01;0.00;28.06;car;;1;4.00
3832.00;23142338#2_0;290.21;11.08;3579.00;49.68;23687583_0;5.10;0.00;tripinfo_in_as_to_ns.40;253.00;in_as_to_ns.40;0;1995.73;1.07;0.00;83.15;car;;3;34.00
3832.00;972103805_0;116.86;11.20;3533.00;3.08;803785575#0_0;5.10;0.00;tripinfo_in_od_to_ko.77;299.00;in_od_to_ko.77;0;2307.67;1.02;0.00;83.39;car;;4;37.00
3833.00;28716808#1_0;754.74;9.58;3481.00;6.34;803785575#0_0;5.10;0.00;tripinfo_in_od_to_kl.41;352.00;in_od_to_kl.41;0;2678.40;0.90;0.00;81.01;car;;6;28.00
3834.00;28716808#1_0;754.74;10.38;3644.00;7.85;-230845886_0;5.10;0.00;tripinfo_in_ba_to_kl.4;190.00;in_ba_to_kl.4;0;1727.09;1.01;0.00;36.09;car;;0;0.00
3836.00;28716808#1_0;754.74;13.28;3638.00;2.90;23687583_0;5.10;0.00;tripinfo_in_as_to_kl.15;198.00;in_as_to_kl.15;0;1207.92;1.24;0.00;109.85;car;;2;61.00
3837.00;230845886_0;633.12;8.97;3536.00;4.92;803785575#0_0;5.10;0.00;tripinfo_in_od_to_ba.61;301.00;in_od_to_ba.61;0;2382.14;0.89;0.00;57.64;car;;2;15.00
3838.00;23527526_0;253.75;10.63;3684.00;3.76;23687583_0;5.10;0.00;tripinfo_in_as_to_gj.54;154.00;in_as_to_gj.54;0;649.06;0.99;0.00;93.95;car;;2;45.00
3839.00;230845886_0;633.12;10.97;3631.00;0.06;23687583_0;5.10;0.00;tripinfo_in_as_to_ba.35;208.00;in_as_to_ba.35;0;1356.50;1.07;0.00;93.11;car;;1;46.00
3841.00;28706217_0;94.10;5.65;2592.00;2.60;23687583_0;5.10;0.00;tripinfo_in_as_to_sl.21;1249.00;in_as_to_sl.21;0;1976.75;0.78;0.00;1013.94;car;;33;789.00
3841.00;23156030#6_0;109.07;10.96;2850.00;27.26;23687583_0;5.10;0.00;tripinfo_in_as_to_od.8;991.00;in_as_to_od.8;0;2357.31;1.02;0.00;782.68;car;;30;599.00
3842.00;23527526_0;253.75;9.45;3687.00;4.23;23687583_0;5.10;0.00;tripinfo_in_as_to_gj.55;155.00;in_as_to_gj.55;0;649.06;0.94;0.00;91.85;car;;2;44.00
3847.00;230845886_0;633.12;9.39;3545.00;4.17;803785575#0_0;5.10;0.00;tripinfo_in_od_to_ba.62;302.00;in_od_to_ba.62;0;2382.14;0.96;0.00;78.42;car;;3;22.00
3847.00;972103805_0;116.86;9.58;3635.00;0.86;23687583_0;5.10;0.00;tripinfo_in_as_to_ko.65;212.00;in_as_to_ko.65;0;1102.39;0.91;0.00;102.25;car;;4;67.00
3849.00;23142338#2_0;290.21;10.94;3614.00;0.94;803785575#0_0;5.10;0.00;tripinfo_in_od_to_ns.18;235.00;in_od_to_ns.18;0;1928.29;1.07;0.00;60.69;car;;2;27.00
3849.00;972103805_0;116.86;11.84;3644.00;2.39;23687583_0;5.10;0.00;tripinfo_in_as_to_ko.66;205.00;in_as_to_ko.66;0;1102.39;1.12;0.00;115.21;car;;4;65.00
3849.00;23527526_0;253.75;10.45;3738.00;34.04;23687583_0;5.10;0.00;tripinfo_in_as_to_gj.56;111.00;in_as_to_gj.56;0;649.06;0.96;0.00;48.80;car;;1;10.00
3851.00;23156030#6_0;109.07;9.42;2888.00;47.88;23687583_0;5.10;0.00;tripinfo_in_as_to_od.9;963.00;in_as_to_od.9;0;2357.31;0.91;0.00;728.90;car;;22;554.00
3851.00;23527526_0;253.75;11.72;3665.00;16.21;-230845886_0;5.10;0.00;tripinfo_in_ba_to_gj.53;186.00;in_ba_to_gj.53;0;1755.68;1.11;0.00;42.21;car;;0;0.00
3852.00;972103805_0;116.86;8.93;3614.00;2.88;-230845886_0;5.10;0.00;tripinfo_in_ba_to_ko.92;238.00;in_ba_to_ko.92;0;2114.29;0.91;0.00;27.61;car;;0;0.00
3853.00;45494495_0;58.90;9.77;3138.00;37.84;23687583_0;5.10;0.00;tripinfo_in_as_to_os.29;715.00;in_as_to_os.29;0;1689.77;0.93;0.00;550.22;car;;16;361.00
3854.00;972103805_0;116.86;10.05;3617.00;5.04;-230845886_0;5.10;0.00;tripinfo_in_ba_to_ko.93;237.00;in_ba_to_ko.93;0;2114.29;0.93;0.00;30.09;car;;0;0.00
3856.00;45494495_0;58.90;9.79;3707.00;0.34;803785575#0_0;5.10;0.00;tripinfo_in_od_to_os.91;149.00;in_od_to_os.91;0;969.96;0.91;0.00;51.90;car;;3;34.00
3857.00;45494495_0;58.90;10.66;3133.00;34.30;23687583_0;5.10;0.00;tripinfo_in_as_to_os.28;724.00;in_as_to_os.28;0;1689.77;1.03;0.00;575.64;car;;22;319.00
3858.00;972103805_0;116.86;9.58;3551.00;2.85;803785575#0_0;5.10;0.00;tripinfo_in_od_to_ko.78;307.00;in_od_to_ko.78;0;2307.67;0.86;0.00;53.55;car;;2;18.00
3859.00;45494495_0;58.90;10.54;3731.00;11.38;803785575#0_0;5.10;0.00;tripinfo_in_od_to_os.93;128.00;in_od_to_os.93;0;969.96;1.04;0.00;43.39;car;;4;15.00
3860.00;972103805_0;116.86;10.76;3557.00;2.65;803785575#0_0;5.10;0.00;tripinfo_in_od_to_ko.79;303.00;in_od_to_ko.79;0;2307.67;1.04;0.00;91.64;car;;2;16.00
3861.00;45494495_0;58.90;10.19;3743.00;10.83;803785575#0_0;5.10;0.00;tripinfo_in_od_to_os.94;118.00;in_od_to_os.94;0;969.96;0.99;0.00;29.47;car;;4;7.00
3862.00;972103805_0;116.86;11.18;3423.00;0.81;-23142338#2_0;5.10;0.00;tripinfo_in_ns_to_ko.140;439.00;in_ns_to_ko.140;0;1398.55;1.03;0.00;315.89;car;;14;164.00
3862.00;41899283#1_0;148.70;9.09;3681.00;6.36;-230845886_0;5.10;0.00;tripinfo_in_ba_to_as.55;181.00;in_ba_to_as.55;0;1430.78;0.93;0.00;41.70;car;;2;8.00
3864.00;972103805_0;116.86;11.96;3563.00;4.84;803785575#0_0;5.10;0.00;tripinfo_in_od_to_ko.80;301.00;in_od_to_ko.80;0;2307.67;1.09;0.00;99.47;car;;2;27.00
3865.00;45494495_0;58.90;9.92;3170.00;16.54;-230845886_0;5.10;0.00;tripinfo_in_ba_to_os.37;695.00;in_ba_to_os.37;0;1647.96;0.94;0.00;536.76;car;;20;332.00
3865.00;23527526_0;253.75;9.83;3792.00;58.55;23687583_0;5.10;0.00;tripinfo_in_as_to_gj.57;73.00;in_as_to_gj.57;0;649.06;0.95;0.00;10.80;car;;0;0.00
3866.00;23156305_0;1264.14;8.71;3395.00;9.86;803785575#0_0;5.10;0.00;tripinfo_in_od_to_gg.62;471.00;in_od_to_gg.62;0;3669.96;0.85;0.00;78.07;car;;2;14.00
3867.00;28706217_0;94.10;6.58;2691.00;0.23;23687583_0;5.10;0.00;tripinfo_in_as_to_sl.23;1176.00;in_as_to_sl.23;0;1976.75;0.91;0.00;975.70;car;;31;759.00
3867.00;972103805_0;116.86;10.34;3583.00;0.77;803785575#0_0;5.10;0.00;tripinfo_in_od_to_ko.81;284.00;in_od_to_ko.81;0;2307.67;1.00;0.00;64.65;car;;2;26.00
3867.00;23527526_0;253.75;10.76;3798.00;62.61;23687583_0;5.10;0.00;tripinfo_in_as_to_gj.58;69.00;in_as_to_gj.58;0;649.06;1.04;0.00;11.95;car;;0;0.00
3867.00;45494495_0;58.90;10.94;3761.00;6.87;803785575#0_0;5.10;0.00;tripinfo_in_od_to_os.96;106.00;in_od_to_os.96;0;969.96;0.99;0.00;17.36;car;;1;1.00
3868.00;23156305_0;1264.14;10.33;3557.00;0.53;-230845886_0;5.10;0.00;tripinfo_in_ba_to_gg.22;311.00;in_ba_to_gg.22;0;2718.65;0.96;0.00;54.72;car;;1;5.00
3870.00;45494495_0;58.90;11.55;3126.00;40.21;23687583_0;5.10;0.00;tripinfo_in_as_to_os.27;744.00;in_as_to_os.27;0;1689.77;1.10;0.00;604.78;car;;17;391.00
3870.00;23156305_0;1264.14;8.89;3398.00;12.56;803785575#0_0;5.10;0.00;tripinfo_in_od_to_gg.63;472.00;in_od_to_gg.63;0;3669.96;0.91;0.00;106.81;car;;5;34.00
3870.00;972103805_0;116.86;11.01;3589.00;0.19;803785575#0_0;5.10;0.00;tripinfo_in_od_to_ko.82;281.00;in_od_to_ko.82;0;2307.67;1.00;0.00;60.36;car;;2;19.00
3871.00;23156390_0;1121.44;9.92;3625.00;0.79;23687583_0;5.10;0.00;tripinfo_in_as_to_br.12;246.00;in_as_to_br.12;0;1694.48;0.97;0.00;88.03;car;;1;47.00
3872.00;45494495_0;58.90;11.25;3195.00;0.78;-230845886_0;5.10;0.00;tripinfo_in_ba_to_os.38;677.00;in_ba_to_os.38;0;1647.96;1.10;0.00;540.93;car;;17;325.00
3872.00;23156305_0;1264.14;11.09;3295.00;1.95;-23142338#2_0;5.10;0.00;tripinfo_in_ns_to_gg.14;577.00;in_ns_to_gg.14;0;3297.24;1.02;0.00;282.62;car;;12;131.00
3872.00;23142338#2_0;290.21;9.70;3597.00;12.24;23687583_0;5.10;0.00;tripinfo_in_as_to_ns.41;275.00;in_as_to_ns.41;0;1995.73;0.89;0.00;69.30;car;;3;33.00
3872.00;972103805_0;116.86;11.17;3620.00;4.70;-230845886_0;5.10;0.00;tripinfo_in_ba_to_ko.94;252.00;in_ba_to_ko.94;0;2114.29;1.07;0.00;73.55;car;;1;18.00
3873.00;23156305_0;1264.14;11.58;3586.00;3.24;-230845886_0;5.10;0.00;tripinfo_in_ba_to_gg.23;287.00;in_ba_to_gg.23;0;2718.65;1.14;0.00;70.20;car;;0;0.00
3874.00;45494495_0;58.90;12.93;3749.00;15.41;803785575#0_0;5.10;0.00;tripinfo_in_od_to_os.95;125.00;in_od_to_os.95;0;969.96;1.17;0.00;49.72;car;;3;12.00
3877.00;23156390_0;1121.44;9.71;3511.00;5.56;803785575#0_0;5.10;0.00;tripinfo_in_od_to_br.46;366.00;in_od_to_br.46;0;3149.31;0.98;0.00;75.91;car;;4;17.00
3877.00;972103805_0;116.86;10.77;3623.00;4.06;-230845886_0;5.10;0.00;tripinfo_in_ba_to_ko.95;254.00;in_ba_to_ko.95;0;2114.29;1.03;0.00;66.53;car;;2;19.00
3879.00;23527526_0;253.75;11.07;3816.00;61.21;23687583_0;5.10;0.00;tripinfo_in_as_to_gj.59;63.00;in_as_to_gj.59;0;649.06;1.09;0.00;8.04;car;;0;0.00
3879.00;45494495_0;58.90;11.53;3764.00;8.11;803785575#0_0;5.10;0.00;tripinfo_in_od_to_os.97;115.00;in_od_to_os.97;0;969.96;1.08;0.00;33.35;car;;0;0.00
3880.00;972103805_0;116.86;11.06;3647.00;6.24;-230845886_0;5.10;0.00;tripinfo_in_ba_to_ko.96;233.00;in_ba_to_ko.96;0;2114.29;1.02;0.00;44.45;car;;1;9.00
3882.00;45494495_0;58.90;10.37;3204.00;2.27;-230845886_0;5.10;0.00;tripinfo_in_ba_to_os.39;678.00;in_ba_to_os.39;0;1647.96;1.01;0.00;529.96;car;;17;314.00
3884.00;45494495_0;58.90;10.17;3224.00;3.41;-230845886_0;5.10;0.00;tripinfo_in_ba_to_os.40;660.00;in_ba_to_os.40;0;1647.96;1.01;0.00;511.92;car;;19;303.00
3887.00;230845886_0;633.12;9.30;3586.00;2.90;803785575#0_0;5.10;0.00;tripinfo_in_od_to_ba.63;301.00;in_od_to_ba.63;0;2382.14;0.88;0.00;56.23;car;;3;21.00
3887.00;41899283#1_0;148.70;9.61;3704.00;0.49;-230845886_0;5.10;0.00;tripinfo_in_ba_to_as.56;183.00;in_ba_to_as.56;0;1430.78;0.89;0.00;37.40;car;;1;4.00
3889.00;23156390_0;1121.44;11.23;3521.00;2.22;803785575#0_0;5.10;0.00;tripinfo_in_od_to_br.47;368.00;in_od_to_br.47;0;3149.31;1.05;0.00;95.76;car;;5;26.00
3889.00;41899283#1_0;148.70;11.13;3707.00;1.27;-230845886_0;5.10;0.00;tripinfo_in_ba_to_as.57;182.00;in_ba_to_as.57;0;1430.78;1.05;0.00;57.84;car;;1;3.00
3890.00;972103805_0;116.86;8.06;3450.00;0.31;-23142338#2_0;5.10;0.00;tripinfo_in_ns_to_ko.141;440.00;in_ns_to_ko.141;0;1398.55;0.83;0.00;287.56;car;;14;174.00
3891.00;41899283#1_0;148.70;10.50;3715.00;2.45;-230845886_0;5.10;0.00;tripinfo_in_ba_to_as.58;176.00;in_ba_to_as.58;0;1430.78;1.01;0.00;46.82;car;;1;3.00
3892.00;972103805_0;116.86;10.38;3473.00;0.49;-23142338#2_0;5.10;0.00;tripinfo_in_ns_to_ko.142;419.00;in_ns_to_ko.142;0;1398.55;0.96;0.00;286.52;car;;12;166.00
3894.00;28716808#1_0;754.74;10.42;3548.00;6.17;803785575#0_0;5.10;0.00;tripinfo_in_od_to_kl.42;346.00;in_od_to_kl.42;0;2678.40;1.02;0.00;108.54;car;;6;30.00
3895.00;230845886_0;633.12;10.06;3596.00;0.24;803785575#0_0;5.10;0.00;tripinfo_in_od_to_ba.64;299.00;in_od_to_ba.64;0;2382.14;1.01;0.00;85.16;car;;3;27.00
3895.00;972103805_0;116.86;10.07;3627.00;0.57;803785575#0_0;5.10;0.00;tripinfo_in_od_to_ko.83;268.00;in_od_to_ko.83;0;2307.67;0.94;0.00;35.70;car;;1;8.00
3896.00;23156305_0;1264.14;8.64;3445.00;8.30;803785575#0_0;5.10;0.00;tripinfo_in_od_to_gg.65;451.00;in_od_to_gg.65;0;3669.96;0.88;0.00;75.13;car;;2;13.00
3896.00;230845886_0;633.12;12.27;3605.00;2.16;803785575#0_0;5.10;0.00;tripinfo_in_od_to_ba.65;291.00;in_od_to_ba.65;0;2382.14;1.14;0.00;102.93;car;;3;27.00
3897.00;28706217_0;94.10;8.53;2760.00;1.10;-230845886_0;5.10;0.00;tripinfo_in_ba_to_sl.21;1137.00;in_ba_to_sl.21;0;1934.94;1.18;0.00;984.15;car;;28;769.00
3897.00;972103805_0;116.86;11.99;3652.00;0.89;803785575#0_0;5.10;0.00;tripinfo_in_od_to_ko.84;245.00;in_od_to_ko.84;0;2307.67;1.16;0.00;54.78;car;;1;8.00
3900.00;972103805_0;116.86;10.09;3486.00;3.57;-23142338#2_0;5.10;0.00;tripinfo_in_ns_to_ko.143;414.00;in_ns_to_ko.143;0;1398.55;1.02;0.00;290.36;car;;13;175.00
3902.00;28716808#1_0;754.74;9.44;3687.00;6.51;-230845886_0;5.10;0.00;tripinfo_in_ba_to_kl.5;215.00;in_ba_to_kl.5;0;1727.09;0.95;0.00;50.36;car;;4;9.00
3903.00;23527526_0;253.75;8.83;3542.00;7.06;803785575#0_0;5.10;0.00;tripinfo_in_od_to_gj.14;361.00;in_od_to_gj.14;0;2706.99;0.86;0.00;76.63;car;;4;22.00
3904.00;28706217_0;94.10;8.09;2751.00;3.76;23687583_0;5.10;0.00;tripinfo_in_as_to_sl.24;1153.00;in_as_to_sl.24;0;1976.75;1.08;0.00;983.63;car;;36;754.00
3905.00;23527526_0;253.75;10.71;3579.00;0.14;803785575#0_0;5.10;0.00;tripinfo_in_od_to_gj.15;326.00;in_od_to_gj.15;0;2706.99;1.06;0.00;93.80;car;;4;19.00
3906.00;41899283#1_0;148.70;9.53;3398.00;0.70;-23142338#2_0;5.10;0.00;tripinfo_in_ns_to_as.19;508.00;in_ns_to_as.19;0;2009.37;0.90;0.00;304.05;car;;13;166.00
3907.00;23527526_0;253.75;8.95;3828.00;36.58;23687583_0;5.10;0.00;tripinfo_in_as_to_gj.60;79.00;in_as_to_gj.60;0;649.06;0.91;0.00;14.01;car;;0;0.00
3909.00;28706217_0;94.10;7.82;3406.00;0.98;-23142338#2_0;5.10;0.00;tripinfo_in_ns_to_sl.6;503.00;in_ns_to_sl.6;0;1619.36;0.97;0.00;333.76;car;;13;195.00
3909.00;972103805_0;116.86;8.97;3676.00;3.59;23687583_0;5.10;0.00;tripinfo_in_as_to_ko.67;233.00;in_as_to_ko.67;0;1102.39;0.84;0.00;113.91;car;;4;60.00
3910.00;972103805_0;116.86;10.15;3654.00;12.89;-230845886_0;5.10;0.00;tripinfo_in_ba_to_ko.97;256.00;in_ba_to_ko.97;0;2114.29;1.01;0.00;65.64;car;;3;25.00
3911.00;28706217_0;94.10;8.41;2837.00;43.93;23687583_0;5.10;0.00;tripinfo_in_as_to_sl.26;1074.00;in_as_to_sl.26;0;1976.75;1.07;0.00;902.00;car;;32;665.00
3913.00;23156305_0;1264.14;8.49;3442.00;5.36;803785575#0_0;5.10;0.00;tripinfo_in_od_to_gg.64;471.00;in_od_to_gg.64;0;3669.96;0.83;0.00;68.57;car;;2;13.00
3915.00;28706217_0;94.10;8.30;2905.00;56.78;23687583_0;5.10;0.00;tripinfo_in_as_to_sl.28;1010.00;in_as_to_sl.28;0;1976.75;1.05;0.00;835.29;car;;33;577.00
3915.00;23156305_0;1264.14;11.50;3604.00;5.21;-230845886_0;5.10;0.00;tripinfo_in_ba_to_gg.24;311.00;in_ba_to_gg.24;0;2718.65;1.04;0.00;74.65;car;;2;5.00
3917.00;23156305_0;1264.14;12.09;3478.00;6.07;803785575#0_0;5.10;0.00;tripinfo_in_od_to_gg.66;439.00;in_od_to_gg.66;0;3669.96;1.15;0.00;149.06;car;;3;18.00
3917.00;41899283#1_0;148.70;11.55;3772.00;0.52;-230845886_0;5.10;0.00;tripinfo_in_ba_to_as.59;145.00;in_ba_to_as.59;0;1430.78;1.09;0.00;25.64;car;;0;0.00
3919.00;23156305_0;1264.14;10.36;3484.00;9.01;803785575#0_0;5.10;0.00;tripinfo_in_od_to_gg.67;435.00;in_od_to_gg.67;0;3669.96;1.02;0.00;108.18;car;;4;25.00
3919.00;230845886_0;633.12;8.19;3666.00;0.58;23687583_0;5.10;0.00;tripinfo_in_as_to_ba.36;253.00;in_as_to_ba.36;0;1356.50;0.79;0.00;98.83;car;;3;55.00
3920.00;28716808#1_0;754.74;8.63;3394.00;0.26;-23142338#2_0;5.10;0.00;tripinfo_in_ns_to_kl.10;526.00;in_ns_to_kl.10;0;2315.58;0.81;0.00;266.66;car;;11;141.00
3921.00;230845886_0;633.12;9.27;3608.00;3.77;803785575#0_0;5.10;0.00;tripinfo_in_od_to_ba.66;313.00;in_od_to_ba.66;0;2382.14;0.90;0.00;72.54;car;;2;18.00
3922.00;28716808#1_0;754.74;10.34;3785.00;55.72;23687583_0;5.10;0.00;tripinfo_in_as_to_kl.16;137.00;in_as_to_kl.16;0;1207.92;0.98;0.00;25.58;car;;0;0.00
3923.00;23156305_0;1264.14;10.99;3508.00;4.16;803785575#0_0;5.10;0.00;tripinfo_in_od_to_gg.68;415.00;in_od_to_gg.68;0;3669.96;1.03;0.00;89.90;car;;4;19.00
3923.00;972103805_0;116.86;9.91;3661.00;5.51;803785575#0_0;5.10;0.00;tripinfo_in_od_to_ko.85;262.00;in_od_to_ko.85;0;2307.67;0.95;0.00;31.20;car;;1;1.00
3925.00;23156305_0;1264.14;11.22;3727.00;34.98;23687583_0;5.10;0.00;tripinfo_in_as_to_gg.13;198.00;in_as_to_gg.13;0;1600.87;1.05;0.00;60.48;car;;2;11.00
3929.00;41899283#1_0;148.70;10.39;3436.00;0.27;-23142338#2_0;5.10;0.00;tripinfo_in_ns_to_as.20;493.00;in_ns_to_as.20;0;2009.37;1.03;0.00;315.68;car;;15;178.00
3929.00;23156390_0;1121.44;10.27;3678.00;6.31;-230845886_0;5.10;0.00;tripinfo_in_ba_to_br.3;251.00;in_ba_to_br.3;0;2198.00;1.04;0.00;59.10;car;;2;13.00
3931.00;41899283#1_0;148.70;11.94;3444.00;0.83;-23142338#2_0;5.10;0.00;tripinfo_in_ns_to_as.21;487.00;in_ns_to_as.21;0;2009.37;1.09;0.00;318.92;car;;16;175.00
3931.00;23527526_0;253.75;8.23;3699.00;0.82;-230845886_0;5.10;0.00;tripinfo_in_ba_to_gj.54;232.00;in_ba_to_gj.54;0;1755.68;0.83;0.00;39.88;car;;1;3.00
3933.00;23527526_0;253.75;12.23;3711.00;0.20;-230845886_0;5.10;0.00;tripinfo_in_ba_to_gj.55;222.00;in_ba_to_gj.55;0;1755.68;1.17;0.00;85.33;car;;1;3.00
3934.00;972103805_0;116.86;11.02;3804.00;65.44;23687583_0;5.10;0.00;tripinfo_in_as_to_ko.68;130.00;in_as_to_ko.68;0;1102.39;1.04;0.00;34.53;car;;1;17.00
3935.00;23527526_0;253.75;10.21;3846.00;36.53;23687583_0;5.10;0.00;tripinfo_in_as_to_gj.61;89.00;in_as_to_gj.61;0;649.06;1.04;0.00;31.59;car;;1;11.00
3937.00;972103805_0;116.86;11.15;3807.00;67.35;23687583_0;5.10;0.00;tripinfo_in_as_to_ko.69;130.00;in_as_to_ko.69;0;1102.39;1.03;0.00;32.71;car;;1;17.00
3938.00;972103805_0;116.86;12.30;3810.00;60.51;23687583_0;5.10;0.00;tripinfo_in_as_to_ko.70;128.00;in_as_to_ko.70;0;1102.39;1.22;0.00;46.31;car;;1;17.00
3941.00;41899283#1_0;148.70;10.68;3639.00;7.78;803785575#0_0;5.10;0.00;tripinfo_in_od_to_as.57;302.00;in_od_to_as.57;0;2382.09;1.04;0.00;95.95;car;;5;28.00
3942.00;230845886_0;633.12;8.48;3760.00;38.91;23687583_0;5.10;0.00;tripinfo_in_as_to_ba.37;182.00;in_as_to_ba.37;0;1356.50;0.85;0.00;37.58;car;;0;0.00
3944.00;230845886_0;633.12;11.21;3789.00;56.78;23687583_0;5.10;0.00;tripinfo_in_as_to_ba.38;155.00;in_as_to_ba.38;0;1356.50;1.08;0.00;41.75;car;;1;5.00
3945.00;972103805_0;116.86;7.72;3657.00;15.00;-230845886_0;5.10;0.00;tripinfo_in_ba_to_ko.98;288.00;in_ba_to_ko.98;0;2114.29;0.79;0.00;44.85;car;;2;15.00
3946.00;230845886_0;633.12;11.33;3672.00;0.63;803785575#0_0;5.10;0.00;tripinfo_in_od_to_ba.67;274.00;in_od_to_ba.67;0;2382.14;1.04;0.00;66.79;car;;2;17.00
3947.00;972103805_0;116.86;10.55;3671.00;17.52;-230845886_0;5.10;0.00;tripinfo_in_ba_to_ko.99;276.00;in_ba_to_ko.99;0;2114.29;1.04;0.00;90.93;car;;2;13.00
3949.00;972103805_0;116.86;8.96;3512.00;1.55;-23142338#2_0;5.10;0.00;tripinfo_in_ns_to_ko.144;437.00;in_ns_to_ko.144;0;1398.55;0.83;0.00;284.82;car;;15;171.00
3951.00;972103805_0;116.86;10.40;3517.00;0.32;-23142338#2_0;5.10;0.00;tripinfo_in_ns_to_ko.145;434.00;in_ns_to_ko.145;0;1398.55;0.99;0.00;305.79;car;;13;161.00
3951.00;41899283#1_0;148.70;10.27;3648.00;2.68;803785575#0_0;5.10;0.00;tripinfo_in_od_to_as.58;303.00;in_od_to_as.58;0;2382.09;1.03;0.00;93.71;car;;3;26.00
3953.00;972103805_0;116.86;10.05;3520.00;2.12;-23142338#2_0;5.10;0.00;tripinfo_in_ns_to_ko.146;433.00;in_ns_to_ko.146;0;1398.55;0.96;0.00;301.25;car;;15;158.00
3953.00;23527526_0;253.75;9.78;3602.00;5.78;803785575#0_0;5.10;0.00;tripinfo_in_od_to_gj.16;351.00;in_od_to_gj.16;0;2706.99;0.90;0.00;79.22;car;;2;20.00
3954.00;23156305_0;1264.14;9.43;3641.00;5.05;-230845886_0;5.10;0.00;tripinfo_in_ba_to_gg.25;313.00;in_ba_to_gg.25;0;2718.65;0.87;0.00;27.52;car;;0;0.00
3954.00;23142338#2_0;290.21;11.21;3641.00;0.17;23687583_0;5.10;0.00;tripinfo_in_as_to_ns.42;313.00;in_as_to_ns.42;0;1995.73;1.03;0.00;136.41;car;;4;78.00
3955.00;23156305_0;1264.14;11.88;3651.00;9.89;-230845886_0;5.10;0.00;tripinfo_in_ba_to_gg.26;304.00;in_ba_to_gg.26;0;2718.65;1.11;0.00;80.62;car;;0;0.00
3955.00;41899283#1_0;148.70;10.24;3675.00;2.78;803785575#0_0;5.10;0.00;tripinfo_in_od_to_as.59;280.00;in_od_to_as.59;0;2382.09;1.01;0.00;66.30;car;;3;19.00
3955.00;972103805_0;116.86;11.24;3703.00;3.72;803785575#0_0;5.10;0.00;tripinfo_in_od_to_ko.86;252.00;in_od_to_ko.86;0;2307.67;1.05;0.00;42.89;car;;1;8.00
3957.00;23156305_0;1264.14;10.88;3530.00;6.10;803785575#0_0;5.10;0.00;tripinfo_in_od_to_gg.69;427.00;in_od_to_gg.69;0;3669.96;1.03;0.00;103.66;car;;4;20.00
3959.00;23527526_0;253.75;9.34;3611.00;3.63;803785575#0_0;5.10;0.00;tripinfo_in_od_to_gj.17;348.00;in_od_to_gj.17;0;2706.99;0.85;0.00;62.09;car;;2;17.00
3961.00;23527526_0;253.75;10.65;3765.00;5.14;-230845886_0;5.10;0.00;tripinfo_in_ba_to_gj.56;196.00;in_ba_to_gj.56;0;1755.68;1.04;0.00;43.59;car;;0;0.00
3962.00;972103805_0;116.86;12.71;3831.00;37.79;23687583_0;5.10;0.00;tripinfo_in_as_to_ko.71;131.00;in_as_to_ko.71;0;1102.39;1.19;0.00;46.88;car;;1;20.00
3964.00;23527526_0;253.75;11.83;3779.00;3.08;-230845886_0;5.10;0.00;tripinfo_in_ba_to_gj.57;185.00;in_ba_to_gj.57;0;1755.68;1.11;0.00;41.25;car;;1;11.00
3965.00;972103805_0;116.86;12.15;3843.00;34.81;23687583_0;5.10;0.00;tripinfo_in_as_to_ko.72;122.00;in_as_to_ko.72;0;1102.39;1.10;0.00;30.99;car;;1;16.00
3971.00;28706217_0;94.10;7.30;2607.00;5.95;23687583_0;5.10;0.00;tripinfo_in_as_to_sl.22;1364.00;in_as_to_sl.22;0;1976.75;0.89;0.00;1156.79;car;;32;940.00
3972.00;41899283#1_0;148.70;9.83;3804.00;0.88;-230845886_0;5.10;0.00;tripinfo_in_ba_to_as.60;168.00;in_ba_to_as.60;0;1430.78;0.96;0.00;32.56;car;;2;9.00
3973.00;28706217_0;94.10;6.87;2831.00;45.08;23687583_0;5.10;0.00;tripinfo_in_as_to_sl.25;1142.00;in_as_to_sl.25;0;1976.75;0.96;0.00;950.77;car;;34;685.00
3973.00;972103805_0;116.86;8.59;3674.00;9.50;-230845886_0;5.10;0.00;tripinfo_in_ba_to_ko.100;299.00;in_ba_to_ko.100;0;2114.29;0.79;0.00;54.48;car;;3;18.00
3973.00;28716808#1_0;754.74;10.42;3840.00;33.42;23687583_0;5.10;0.00;tripinfo_in_as_to_kl.17;133.00;in_as_to_kl.17;0;1207.92;0.98;0.00;21.63;car;;1;3.00
3974.00;41899283#1_0;148.70;11.17;3700.00;4.29;803785575#0_0;5.10;0.00;tripinfo_in_od_to_as.61;274.00;in_od_to_as.61;0;2382.09;1.11;0.00;79.36;car;;4;16.00
3975.00;28716808#1_0;754.74;11.34;3630.00;0.64;803785575#0_0;5.10;0.00;tripinfo_in_od_to_kl.43;345.00;in_od_to_kl.43;0;2678.40;1.07;0.00;118.64;car;;5;35.00
3975.00;972103805_0;116.86;8.39;3690.00;7.48;-230845886_0;5.10;0.00;tripinfo_in_ba_to_ko.101;285.00;in_ba_to_ko.101;0;2114.29;0.86;0.00;61.08;car;;2;14.00
3977.00;972103805_0;116.86;10.54;3531.00;2.91;-23142338#2_0;5.10;0.00;tripinfo_in_ns_to_ko.147;446.00;in_ns_to_ko.147;0;1398.55;1.01;0.00;320.76;car;;14;182.00
3977.00;28716808#1_0;754.74;10.37;3633.00;2.74;803785575#0_0;5.10;0.00;tripinfo_in_od_to_kl.44;344.00;in_od_to_kl.44;0;2678.40;1.01;0.00;105.67;car;;4;32.00
3978.00;230845886_0;633.12;9.91;3710.00;2.45;803785575#0_0;5.10;0.00;tripinfo_in_od_to_ba.68;268.00;in_od_to_ba.68;0;2382.14;0.90;0.00;27.39;car;;1;1.00
3979.00;972103805_0;116.86;10.65;3540.00;2.92;-23142338#2_0;5.10;0.00;tripinfo_in_ns_to_ko.148;439.00;in_ns_to_ko.148;0;1398.55;1.00;0.00;311.83;car;;15;172.00
3979.00;28716808#1_0;754.74;10.38;3645.00;0.93;803785575#0_0;5.10;0.00;tripinfo_in_od_to_kl.45;334.00;in_od_to_kl.45;0;2678.40;1.03;0.00;98.23;car;;3;24.00
3980.00;23156390_0;1121.44;9.34;3795.00;61.32;23687583_0;5.10;0.00;tripinfo_in_as_to_br.13;185.00;in_as_to_br.13;0;1694.48;0.91;0.00;17.18;car;;0;0.00
3981.00;230845886_0;633.12;10.72;3837.00;38.07;23687583_0;5.10;0.00;tripinfo_in_as_to_ba.39;144.00;in_as_to_ba.39;0;1356.50;1.03;0.00;24.90;car;;1;5.00
3982.00;41899283#1_0;148.70;8.74;3694.00;2.56;803785575#0_0;5.10;0.00;tripinfo_in_od_to_as.60;288.00;in_od_to_as.60;0;2382.09;0.86;0.00;37.49;car;;1;2.00
3984.00;23142338#2_0;290.21;10.87;3679.00;4.21;23687583_0;5.10;0.00;tripinfo_in_as_to_ns.43;305.00;in_as_to_ns.43;0;1995.73;1.02;0.00;127.50;car;;4;61.00
3984.00;28706217_0;94.10;7.90;3903.00;10.88;803785575#0_0;5.10;0.00;tripinfo_in_od_to_sl.5;81.00;in_od_to_sl.5;0;747.33;1.01;0.00;8.63;car;;0;0.00
3994.00;23156305_0;1264.14;10.52;3566.00;6.81;803785575#0_0;5.10;0.00;tripinfo_in_od_to_gg.70;428.00;in_od_to_gg.70;0;3669.96;0.99;0.00;90.90;car;;5;21.00
3994.00;28716808#1_0;754.74;9.56;3658.00;5.07;803785575#0_0;5.10;0.00;tripinfo_in_od_to_kl.46;336.00;in_od_to_kl.46;0;2678.40;0.90;0.00;66.41;car;;3;18.00
3996.00;23156305_0;1264.14;12.69;3599.00;2.80;803785575#0_0;5.10;0.00;tripinfo_in_od_to_gg.72;397.00;in_od_to_gg.72;0;3669.96;1.28;0.00;130.48;car;;4;22.00
3997.00;28716808#1_0;754.74;10.00;3852.00;25.35;23687583_0;5.10;0.00;tripinfo_in_as_to_kl.18;145.00;in_as_to_kl.18;0;1207.92;0.98;0.00;34.20;car;;2;16.00
3999.00;28706217_0;94.10;7.96;2667.00;2.81;-230845886_0;5.10;0.00;tripinfo_in_ba_to_sl.20;1332.00;in_ba_to_sl.20;0;1934.94;0.97;0.00;1145.20;car;;33;945.00
4001.00;28706217_0;94.10;7.98;2413.00;1.78;-45494495_0;5.10;0.00;tripinfo_in_os_to_sl.2;1588.00;in_os_to_sl.2;0;484.95;0.97;0.00;1536.94;car;;20;1419.00
4001.00;972103805_0;116.86;6.78;3693.00;8.84;-230845886_0;5.10;0.00;tripinfo_in_ba_to_ko.102;308.00;in_ba_to_ko.102;0;2114.29;0.72;0.00;39.62;car;;2;5.00
4003.00;972103805_0;116.86;9.99;3736.00;0.61;-230845886_0;5.10;0.00;tripinfo_in_ba_to_ko.103;267.00;in_ba_to_ko.103;0;2114.29;0.91;0.00;55.52;car;;1;2.00
4004.00;41899283#1_0;148.70;11.00;3850.00;3.38;-230845886_0;5.10;0.00;tripinfo_in_ba_to_as.61;154.00;in_ba_to_as.61;0;1430.78;1.06;0.00;30.92;car;;0;0.00
4005.00;972103805_0;116.86;10.90;3748.00;0.32;-230845886_0;5.10;0.00;tripinfo_in_ba_to_ko.104;257.00;in_ba_to_ko.104;0;2114.29;1.08;0.00;78.64;car;;1;2.00
4007.00;45494495_0;58.90;12.03;2999.00;0.31;-23142338#2_0;5.10;0.00;tripinfo_in_ns_to_os.5;1008.00;in_ns_to_os.5;0;1865.82;1.16;0.00;862.08;car;;31;525.00
4007.00;972103805_0;116.86;10.20;3560.00;0.13;-23142338#2_0;5.10;0.00;tripinfo_in_ns_to_ko.149;447.00;in_ns_to_ko.149;0;1398.55;0.97;0.00;315.98;car;;15;173.00
4007.00;41899283#1_0;148.70;12.84;3872.00;0.88;-230845886_0;5.10;0.00;tripinfo_in_ba_to_as.62;135.00;in_ba_to_as.62;0;1430.78;1.23;0.00;30.29;car;;0;0.00
4008.00;230845886_0;633.12;11.60;3855.00;27.76;23687583_0;5.10;0.00;tripinfo_in_as_to_ba.40;153.00;in_as_to_ba.40;0;1356.50;1.07;0.00;37.82;car;;2;14.00
4009.00;972103805_0;116.86;9.83;3565.00;3.11;-23142338#2_0;5.10;0.00;tripinfo_in_ns_to_ko.150;444.00;in_ns_to_ko.150;0;1398.55;0.99;0.00;315.65;car;;14;163.00
4009.00;45494495_0;58.90;11.67;3873.00;2.31;803785575#0_0;5.10;0.00;tripinfo_in_od_to_os.99;136.00;in_od_to_os.99;0;969.96;1.13;0.00;57.91;car;;1;34.00
4010.00;28716808#1_0;754.74;10.35;3681.00;0.24;803785575#0_0;5.10;0.00;tripinfo_in_od_to_kl.47;329.00;in_od_to_kl.47;0;2678.40;0.98;0.00;83.15;car;;6;32.00
4011.00;972103805_0;116.86;10.41;3568.00;2.06;-23142338#2_0;5.10;0.00;tripinfo_in_ns_to_ko.151;443.00;in_ns_to_ko.151;0;1398.55;0.98;0.00;314.38;car;;14;156.00
4011.00;230845886_0;633.12;10.84;3865.00;31.66;23687583_0;5.10;0.00;tripinfo_in_as_to_ba.41;146.00;in_as_to_ba.41;0;1356.50;1.08;0.00;32.14;car;;2;6.00
4012.00;23156390_0;1121.44;11.29;3621.00;0.40;803785575#0_0;5.10;0.00;tripinfo_in_od_to_br.48;391.00;in_od_to_br.48;0;3149.31;1.05;0.00;118.49;car;;4;38.00
4012.00;28716808#1_0;754.74;12.78;3697.00;3.80;803785575#0_0;5.10;0.00;tripinfo_in_od_to_kl.48;315.00;in_od_to_kl.48;0;2678.40;1.19;0.00;111.35;car;;5;29.00
4019.00;41899283#1_0;148.70;11.49;3501.00;8.18;-23142338#2_0;5.10;0.00;tripinfo_in_ns_to_as.22;518.00;in_ns_to_as.22;0;2009.37;1.04;0.00;343.19;car;;16;189.00
4023.00;28716808#1_0;754.74;10.23;3497.00;5.28;-23142338#2_0;5.10;0.00;tripinfo_in_ns_to_kl.11;526.00;in_ns_to_kl.11;0;2315.58;0.97;0.00;309.08;car;;14;165.00
4024.00;972103805_0;116.86;11.42;3753.00;0.29;-230845886_0;5.10;0.00;tripinfo_in_ba_to_ko.105;271.00;in_ba_to_ko.105;0;2114.29;1.03;0.00;83.68;car;;2;23.00
4026.00;41899283#1_0;148.70;12.99;3881.00;1.79;-230845886_0;5.10;0.00;tripinfo_in_ba_to_as.63;145.00;in_ba_to_as.63;0;1430.78;1.18;0.00;35.18;car;;0;0.00
4027.00;23527526_0;253.75;9.58;3906.00;17.95;23687583_0;5.10;0.00;tripinfo_in_as_to_gj.62;121.00;in_as_to_gj.62;0;649.06;0.93;0.00;57.21;car;;2;36.00
4029.00;23527526_0;253.75;13.02;3537.00;5.36;-23142338#2_0;5.10;0.00;tripinfo_in_ns_to_gj.12;492.00;in_ns_to_gj.12;0;2084.96;1.19;0.00;333.26;car;;15;176.00
4029.00;23156305_0;1264.14;10.84;3617.00;2.08;803785575#0_0;5.10;0.00;tripinfo_in_od_to_gg.73;412.00;in_od_to_gg.73;0;3669.96;1.08;0.00;105.11;car;;3;23.00
4032.00;972103805_0;116.86;8.26;3759.00;4.90;-230845886_0;5.10;0.00;tripinfo_in_ba_to_ko.106;273.00;in_ba_to_ko.106;0;2114.29;0.85;0.00;46.76;car;;1;18.00
4032.00;41899283#1_0;148.70;12.88;3887.00;6.44;-230845886_0;5.10;0.00;tripinfo_in_ba_to_as.64;145.00;in_ba_to_as.64;0;1430.78;1.19;0.00;35.22;car;;0;0.00
4034.00;230845886_0;633.12;9.12;3728.00;10.38;803785575#0_0;5.10;0.00;tripinfo_in_od_to_ba.69;306.00;in_od_to_ba.69;0;2382.14;0.86;0.00;56.34;car;;1;23.00
4034.00;972103805_0;116.86;10.45;3776.00;0.62;-230845886_0;5.10;0.00;tripinfo_in_ba_to_ko.107;258.00;in_ba_to_ko.107;0;2114.29;1.04;0.00;71.82;car;;1;18.00
4036.00;230845886_0;633.12;8.88;3868.00;30.30;23687583_0;5.10;0.00;tripinfo_in_as_to_ba.42;168.00;in_as_to_ba.42;0;1356.50;0.87;0.00;27.96;car;;1;2.00
4037.00;972103805_0;116.86;8.79;3725.00;8.59;803785575#0_0;5.10;0.00;tripinfo_in_od_to_ko.87;312.00;in_od_to_ko.87;0;2307.67;0.85;0.00;54.72;car;;2;21.00
4039.00;972103805_0;116.86;10.34;3746.00;13.47;803785575#0_0;5.10;0.00;tripinfo_in_od_to_ko.88;293.00;in_od_to_ko.88;0;2307.67;1.03;0.00;79.80;car;;2;18.00
4040.00;23527526_0;253.75;9.18;3833.00;2.29;-230845886_0;5.10;0.00;tripinfo_in_ba_to_gj.58;207.00;in_ba_to_gj.58;0;1755.68;0.91;0.00;31.52;car;;1;6.00
4041.00;972103805_0;116.86;10.52;2403.00;0.57;-45494495_0;5.10;0.00;tripinfo_in_os_to_ko.5;1638.00;in_os_to_ko.5;0;2045.29;1.02;0.00;1446.03;car;;23;1258.00
4044.00;972103805_0;116.86;9.00;3755.00;10.47;803785575#0_0;5.10;0.00;tripinfo_in_od_to_ko.89;289.00;in_od_to_ko.89;0;2307.67;0.91;0.00;47.55;car;;2;6.00
4046.00;972103805_0;116.86;12.39;3586.00;0.47;-23142338#2_0;5.10;0.00;tripinfo_in_ns_to_ko.152;460.00;in_ns_to_ko.152;0;1398.55;1.19;0.00;353.68;car;;16;167.00
4048.00;972103805_0;116.86;11.45;3596.00;0.14;-23142338#2_0;5.10;0.00;tripinfo_in_ns_to_ko.153;452.00;in_ns_to_ko.153;0;1398.55;1.06;0.00;331.90;car;;14;158.00
4050.00;972103805_0;116.86;11.06;3623.00;0.37;-23142338#2_0;5.10;0.00;tripinfo_in_ns_to_ko.154;427.00;in_ns_to_ko.154;0;1398.55;1.01;0.00;302.21;car;;14;152.00
4050.00;23527526_0;253.75;8.35;3713.00;4.88;803785575#0_0;5.10;0.00;tripinfo_in_od_to_gj.18;337.00;in_od_to_gj.18;0;2706.99;0.84;0.00;47.34;car;;2;12.00
4052.00;972103805_0;116.86;11.41;3628.00;0.85;-23142338#2_0;5.10;0.00;tripinfo_in_ns_to_ko.155;424.00;in_ns_to_ko.155;0;1398.55;1.09;0.00;307.88;car;;14;152.00
4052.00;23527526_0;253.75;10.61;3856.00;5.22;-230845886_0;5.10;0.00;tripinfo_in_ba_to_gj.59;196.00;in_ba_to_gj.59;0;1755.68;1.06;0.00;46.41;car;;0;0.00
4054.00;41899283#1_0;148.70;10.23;3554.00;0.74;-23142338#2_0;5.10;0.00;tripinfo_in_ns_to_as.23;500.00;in_ns_to_as.23;0;2009.37;0.93;0.00;301.90;car;;14;163.00
4054.00;23527526_0;253.75;11.10;3859.00;5.77;-230845886_0;5.10;0.00;tripinfo_in_ba_to_gj.60;195.00;in_ba_to_gj.60;0;1755.68;1.01;0.00;36.91;car;;0;0.00
4056.00;23142338#2_0;290.21;8.90;3763.00;40.34;23687583_0;5.10;0.00;tripinfo_in_as_to_ns.44;293.00;in_as_to_ns.44;0;1995.73;0.82;0.00;71.67;car;;2;22.00
4056.00;23527526_0;253.75;12.12;3865.00;6.98;-230845886_0;5.10;0.00;tripinfo_in_ba_to_gj.61;191.00;in_ba_to_gj.61;0;1755.68;1.09;0.00;44.88;car;;0;0.00
4057.00;28706217_0;94.10;7.95;3978.00;37.55;803785575#0_0;5.10;0.00;tripinfo_in_od_to_sl.6;79.00;in_od_to_sl.6;0;747.33;1.01;0.00;7.15;car;;0;0.00
4058.00;23142338#2_0;290.21;9.82;3819.00;58.94;23687583_0;5.10;0.00;tripinfo_in_as_to_ns.45;239.00;in_as_to_ns.45;0;1995.73;0.98;0.00;54.15;car;;2;18.00
4059.00;972103805_0;116.86;8.59;3871.00;29.43;23687583_0;5.10;0.00;tripinfo_in_as_to_ko.73;188.00;in_as_to_ko.73;0;1102.39;0.82;0.00;66.54;car;;2;42.00
4060.00;23142338#2_0;290.21;10.52;3825.00;35.46;23687583_0;5.10;0.00;tripinfo_in_as_to_ns.46;235.00;in_as_to_ns.46;0;1995.73;0.98;0.00;50.86;car;;2;9.00
4060.00;41899283#1_0;148.70;10.07;3896.00;2.32;-230845886_0;5.10;0.00;tripinfo_in_ba_to_as.65;164.00;in_ba_to_as.65;0;1430.78;1.01;0.00;35.65;car;;1;9.00
4061.00;972103805_0;116.86;12.58;3897.00;18.51;23687583_0;5.10;0.00;tripinfo_in_as_to_ko.74;164.00;in_as_to_ko.74;0;1102.39;1.15;0.00;77.48;car;;3;43.00
4063.00;972103805_0;116.86;12.90;3909.00;8.38;23687583_0;5.10;0.00;tripinfo_in_as_to_ko.75;154.00;in_as_to_ko.75;0;1102.39;1.24;0.00;73.43;car;;2;35.00
4065.00;23156305_0;1264.14;9.61;3592.00;3.18;803785575#0_0;5.10;0.00;tripinfo_in_od_to_gg.71;473.00;in_od_to_gg.71;0;3669.96;0.87;0.00;90.67;car;;3;23.00
4065.00;972103805_0;116.86;10.47;3794.00;0.23;-230845886_0;5.10;0.00;tripinfo_in_ba_to_ko.108;271.00;in_ba_to_ko.108;0;2114.29;1.01;0.00;79.27;car;;4;43.00
4066.00;23156305_0;1264.14;11.46;3483.00;0.64;-23142338#2_0;5.10;0.00;tripinfo_in_ns_to_gg.15;583.00;in_ns_to_gg.15;0;3297.24;1.08;0.00;303.94;car;;12;155.00
4067.00;972103805_0;116.86;10.23;3815.00;0.30;-230845886_0;5.10;0.00;tripinfo_in_ba_to_ko.109;252.00;in_ba_to_ko.109;0;2114.29;0.98;0.00;55.17;car;;3;15.00
4069.00;972103805_0;116.86;10.14;3818.00;2.81;-230845886_0;5.10;0.00;tripinfo_in_ba_to_ko.110;251.00;in_ba_to_ko.110;0;2114.29;0.98;0.00;55.47;car;;3;13.00
4070.00;28706217_0;94.10;6.97;2935.00;61.30;23687583_0;5.10;0.00;tripinfo_in_as_to_sl.29;1135.00;in_as_to_sl.29;0;1976.75;0.98;0.00;946.83;car;;32;696.00
4070.00;23527526_0;253.75;10.25;3884.00;3.76;-230845886_0;5.10;0.00;tripinfo_in_ba_to_gj.62;186.00;in_ba_to_gj.62;0;1755.68;0.97;0.00;22.54;car;;0;0.00
4071.00;41899283#1_0;148.70;9.45;3740.00;8.21;803785575#0_0;5.10;0.00;tripinfo_in_od_to_as.62;331.00;in_od_to_as.62;0;2382.09;0.91;0.00;95.21;car;;4;38.00
4071.00;972103805_0;116.86;12.13;3767.00;4.91;803785575#0_0;5.10;0.00;tripinfo_in_od_to_ko.90;304.00;in_od_to_ko.90;0;2307.67;1.11;0.00;105.19;car;;4;29.00
4071.00;23527526_0;253.75;11.98;3941.00;2.48;23687583_0;5.10;0.00;tripinfo_in_as_to_gj.63;130.00;in_as_to_gj.63;0;649.06;1.09;0.00;76.05;car;;2;42.00
4072.00;28716808#1_0;754.74;10.73;3903.00;16.70;23687583_0;5.10;0.00;tripinfo_in_as_to_kl.19;169.00;in_as_to_kl.19;0;1207.92;1.02;0.00;61.86;car;;2;40.00
4073.00;230845886_0;633.12;8.35;3491.00;0.07;-23142338#2_0;5.10;0.00;tripinfo_in_ns_to_ba.5;582.00;in_ns_to_ba.5;0;2340.42;0.78;0.00;313.81;car;;16;180.00
4073.00;23527526_0;253.75;11.26;3951.00;2.73;23687583_0;5.10;0.00;tripinfo_in_as_to_gj.64;122.00;in_as_to_gj.64;0;649.06;1.09;0.00;67.99;car;;2;34.00
4074.00;972103805_0;116.86;10.32;3770.00;5.42;803785575#0_0;5.10;0.00;tripinfo_in_od_to_ko.91;304.00;in_od_to_ko.91;0;2307.67;0.98;0.00;79.46;car;;4;27.00
4075.00;230845886_0;633.12;11.02;3777.00;1.08;803785575#0_0;5.10;0.00;tripinfo_in_od_to_ba.70;298.00;in_od_to_ba.70;0;2382.14;1.04;0.00;90.77;car;;1;6.00
4077.00;230845886_0;633.12;11.15;3887.00;16.28;23687583_0;5.10;0.00;tripinfo_in_as_to_ba.43;190.00;in_as_to_ba.43;0;1356.50;1.10;0.00;78.11;car;;1;38.00
4077.00;23527526_0;253.75;11.23;3955.00;5.61;23687583_0;5.10;0.00;tripinfo_in_as_to_gj.65;122.00;in_as_to_gj.65;0;649.06;1.03;0.00;64.63;car;;2;32.00
4078.00;972103805_0;116.86;9.84;3634.00;0.63;-23142338#2_0;5.10;0.00;tripinfo_in_ns_to_ko.156;444.00;in_ns_to_ko.156;0;1398.55;0.91;0.00;305.29;car;;15;161.00
4080.00;972103805_0;116.86;9.84;3638.00;0.15;-23142338#2_0;5.10;0.00;tripinfo_in_ns_to_ko.157;442.00;in_ns_to_ko.157;0;1398.55;0.94;0.00;308.05;car;;15;158.00
4080.00;41899283#1_0;148.70;8.43;3758.00;6.95;803785575#0_0;5.10;0.00;tripinfo_in_od_to_as.63;322.00;in_od_to_as.63;0;2382.09;0.76;0.00;38.60;car;;1;7.00
4082.00;41899283#1_0;148.70;11.34;3780.00;3.78;803785575#0_0;5.10;0.00;tripinfo_in_od_to_as.64;302.00;in_od_to_as.64;0;2382.09;1.10;0.00;106.05;car;;2;16.00
4082.00;972103805_0;116.86;10.56;3806.00;3.36;803785575#0_0;5.10;0.00;tripinfo_in_od_to_ko.92;276.00;in_od_to_ko.92;0;2307.67;0.97;0.00;49.45;car;;2;15.00
4085.00;972103805_0;116.86;10.88;3912.00;4.28;23687583_0;5.10;0.00;tripinfo_in_as_to_ko.76;173.00;in_as_to_ko.76;0;1102.39;1.00;0.00;73.37;car;;3;42.00
4086.00;23156305_0;1264.14;10.10;3636.00;5.35;803785575#0_0;5.10;0.00;tripinfo_in_od_to_gg.74;450.00;in_od_to_gg.74;0;3669.96;0.93;0.00;90.55;car;;3;26.00
4089.00;972103805_0;116.86;9.86;3823.00;0.68;-230845886_0;5.10;0.00;tripinfo_in_ba_to_ko.111;266.00;in_ba_to_ko.111;0;2114.29;0.95;0.00;63.76;car;;2;22.00
4090.00;972103805_0;116.86;12.59;3839.00;7.25;-230845886_0;5.10;0.00;tripinfo_in_ba_to_ko.112;251.00;in_ba_to_ko.112;0;2114.29;1.20;0.00;90.22;car;;2;20.00
4092.00;972103805_0;116.86;11.71;3862.00;6.20;-230845886_0;5.10;0.00;tripinfo_in_ba_to_ko.113;230.00;in_ba_to_ko.113;0;2114.29;1.17;0.00;65.16;car;;1;13.00
4094.00;230845886_0;633.12;9.49;3783.00;0.91;803785575#0_0;5.10;0.00;tripinfo_in_od_to_ba.71;311.00;in_od_to_ba.71;0;2382.14;0.88;0.00;67.47;car;;2;17.00
4094.00;972103805_0;116.86;11.51;3816.00;0.25;803785575#0_0;5.10;0.00;tripinfo_in_od_to_ko.93;278.00;in_od_to_ko.93;0;2307.67;1.11;0.00;80.34;car;;2;24.00
4095.00;23142338#2_0;290.21;11.02;3876.00;2.78;803785575#0_0;5.10;0.00;tripinfo_in_od_to_ns.19;219.00;in_od_to_ns.19;0;1928.29;1.02;0.00;37.79;car;;1;11.00
4096.00;230845886_0;633.12;13.14;3900.00;14.39;23687583_0;5.10;0.00;tripinfo_in_as_to_ba.44;196.00;in_as_to_ba.44;0;1356.50;1.26;0.00;97.83;car;;3;40.00
4099.00;972103805_0;116.86;8.73;3648.00;3.10;-23142338#2_0;5.10;0.00;tripinfo_in_ns_to_ko.158;451.00;in_ns_to_ko.158;0;1398.55;0.86;0.00;304.38;car;;15;165.00
4100.00;23142338#2_0;290.21;11.89;3858.00;30.33;23687583_0;5.10;0.00;tripinfo_in_as_to_ns.47;242.00;in_as_to_ns.47;0;1995.73;1.11;0.00;77.68;car;;4;39.00
4101.00;230845886_0;633.12;11.32;3934.00;0.90;23687583_0;5.10;0.00;tripinfo_in_as_to_ba.45;167.00;in_as_to_ba.45;0;1356.50;1.02;0.00;47.79;car;;2;14.00
4104.00;972103805_0;116.86;7.86;3651.00;4.95;-23142338#2_0;5.10;0.00;tripinfo_in_ns_to_ko.159;453.00;in_ns_to_ko.159;0;1398.55;0.81;0.00;297.71;car;;13;166.00
4107.00;23156390_0;1121.44;8.40;3722.00;6.28;803785575#0_0;5.10;0.00;tripinfo_in_od_to_br.49;385.00;in_od_to_br.49;0;3149.31;0.82;0.00;36.82;car;;0;0.00
4107.00;23527526_0;253.75;9.59;3913.00;0.04;-230845886_0;5.10;0.00;tripinfo_in_ba_to_gj.63;194.00;in_ba_to_gj.63;0;1755.68;0.92;0.00;20.36;car;;0;0.00
4109.00;23527526_0;253.75;10.79;3917.00;0.23;-230845886_0;5.10;0.00;tripinfo_in_ba_to_gj.64;192.00;in_ba_to_gj.64;0;1755.68;0.98;0.00;29.28;car;;0;0.00
4110.00;28706217_0;94.10;7.71;2840.00;46.53;23687583_0;5.10;0.00;tripinfo_in_as_to_sl.27;1270.00;in_as_to_sl.27;0;1976.75;0.94;0.00;1074.92;car;;35;815.00
4111.00;23156305_0;1264.14;9.30;3874.00;29.92;23687583_0;5.10;0.00;tripinfo_in_as_to_gg.14;237.00;in_as_to_gg.14;0;1600.87;0.84;0.00;65.31;car;;1;41.00
4111.00;23527526_0;253.75;10.49;3921.00;1.39;-230845886_0;5.10;0.00;tripinfo_in_ba_to_gj.65;190.00;in_ba_to_gj.65;0;1755.68;1.00;0.00;30.49;car;;0;0.00
4113.00;23527526_0;253.75;10.03;3927.00;3.87;-230845886_0;5.10;0.00;tripinfo_in_ba_to_gj.66;186.00;in_ba_to_gj.66;0;1755.68;1.00;0.00;26.70;car;;0;0.00
4115.00;972103805_0;116.86;9.41;3878.00;1.68;-230845886_0;5.10;0.00;tripinfo_in_ba_to_ko.114;237.00;in_ba_to_ko.114;0;2114.29;0.96;0.00;37.00;car;;1;5.00
4119.00;23156305_0;1264.14;10.50;3719.00;5.72;803785575#0_0;5.10;0.00;tripinfo_in_od_to_gg.75;400.00;in_od_to_gg.75;0;3669.96;0.97;0.00;56.00;car;;2;8.00
4121.00;23156305_0;1264.14;11.13;3494.00;2.51;-23142338#2_0;5.10;0.00;tripinfo_in_ns_to_gg.16;627.00;in_ns_to_gg.16;0;3297.24;1.04;0.00;337.22;car;;14;167.00
4121.00;972103805_0;116.86;10.87;3962.00;3.43;23687583_0;5.10;0.00;tripinfo_in_as_to_ko.77;159.00;in_as_to_ko.77;0;1102.39;1.03;0.00;62.02;car;;1;29.00
4122.00;28716808#1_0;754.74;9.93;3792.00;0.87;803785575#0_0;5.10;0.00;tripinfo_in_od_to_kl.49;330.00;in_od_to_kl.49;0;2678.40;1.01;0.00;89.05;car;;3;15.00
4122.00;23156305_0;1264.14;12.12;3830.00;0.38;-230845886_0;5.10;0.00;tripinfo_in_ba_to_gg.27;292.00;in_ba_to_gg.27;0;2718.65;1.15;0.00;76.75;car;;3;18.00
4123.00;23527526_0;253.75;9.84;3933.00;4.23;-230845886_0;5.10;0.00;tripinfo_in_ba_to_gj.67;190.00;in_ba_to_gj.67;0;1755.68;1.00;0.00;29.74;car;;1;9.00
4124.00;972103805_0;116.86;10.13;3685.00;7.67;-23142338#2_0;5.10;0.00;tripinfo_in_ns_to_ko.160;439.00;in_ns_to_ko.160;0;1398.55;0.99;0.00;311.31;car;;15;167.00
4124.00;28716808#1_0;754.74;11.24;3803.00;2.05;803785575#0_0;5.10;0.00;tripinfo_in_od_to_kl.50;321.00;in_od_to_kl.50;0;2678.40;1.09;0.00;98.46;car;;3;14.00
4125.00;45494495_0;58.90;9.12;3275.00;6.48;-230845886_0;5.10;0.00;tripinfo_in_ba_to_os.41;850.00;in_ba_to_os.41;0;1647.96;0.89;0.00;682.63;car;;19;467.00
4126.00;972103805_0;116.86;12.16;3688.00;1.26;-23142338#2_0;5.10;0.00;tripinfo_in_ns_to_ko.161;438.00;in_ns_to_ko.161;0;1398.55;1.13;0.00;325.68;car;;14;163.00
4127.00;23527526_0;253.75;10.19;3936.00;6.94;-230845886_0;5.10;0.00;tripinfo_in_ba_to_gj.68;191.00;in_ba_to_gj.68;0;1755.68;0.97;0.00;26.58;car;;1;6.00
4129.00;972103805_0;116.86;10.64;3691.00;1.45;-23142338#2_0;5.10;0.00;tripinfo_in_ns_to_ko.162;438.00;in_ns_to_ko.162;0;1398.55;1.05;0.00;317.33;car;;15;158.00
4129.00;23142338#2_0;290.21;9.50;3800.00;4.93;-230845886_0;5.10;0.00;tripinfo_in_ba_to_ns.22;329.00;in_ba_to_ns.22;0;2346.36;0.90;0.00;92.80;car;;3;28.00
4129.00;23527526_0;253.75;10.83;3955.00;3.15;-230845886_0;5.10;0.00;tripinfo_in_ba_to_gj.69;174.00;in_ba_to_gj.69;0;1755.68;1.08;0.00;26.44;car;;1;1.00
4132.00;41899283#1_0;148.70;7.88;3796.00;0.37;803785575#0_0;5.10;0.00;tripinfo_in_od_to_as.65;336.00;in_od_to_as.65;0;2382.09;0.80;0.00;67.40;car;;4;19.00
4132.00;23527526_0;253.75;10.27;3958.00;4.25;-230845886_0;5.10;0.00;tripinfo_in_ba_to_gj.70;174.00;in_ba_to_gj.70;0;1755.68;1.04;0.00;20.74;car;;0;0.00
4133.00;972103805_0;116.86;10.54;3864.00;2.85;803785575#0_0;5.10;0.00;tripinfo_in_od_to_ko.94;269.00;in_od_to_ko.94;0;2307.67;0.95;0.00;39.28;car;;1;14.00
4134.00;28706217_0;94.10;7.47;2959.00;0.86;-230845886_0;5.10;0.00;tripinfo_in_ba_to_sl.22;1175.00;in_ba_to_sl.22;0;1934.94;0.95;0.00;986.24;car;;33;710.00
4134.00;23156305_0;1264.14;10.83;3734.00;8.14;803785575#0_0;5.10;0.00;tripinfo_in_od_to_gg.76;400.00;in_od_to_gg.76;0;3669.96;1.00;0.00;68.11;car;;1;1.00
4135.00;972103805_0;116.86;11.85;3870.00;1.62;803785575#0_0;5.10;0.00;tripinfo_in_od_to_ko.95;265.00;in_od_to_ko.95;0;2307.67;1.11;0.00;66.25;car;;1;12.00
4136.00;28706217_0;94.10;8.43;2975.00;50.03;23687583_0;5.10;0.00;tripinfo_in_as_to_sl.31;1161.00;in_as_to_sl.31;0;1976.75;1.12;0.00;997.53;car;;31;674.00
4136.00;23156305_0;1264.14;12.12;3505.00;0.73;-23142338#2_0;5.10;0.00;tripinfo_in_ns_to_gg.17;631.00;in_ns_to_gg.17;0;3297.24;1.14;0.00;366.35;car;;15;190.00
4136.00;41899283#1_0;148.70;10.22;3813.00;0.14;803785575#0_0;5.10;0.00;tripinfo_in_od_to_as.66;323.00;in_od_to_as.66;0;2382.09;0.92;0.00;89.33;car;;5;22.00
4136.00;23142338#2_0;290.21;9.10;3885.00;5.21;803785575#0_0;5.10;0.00;tripinfo_in_od_to_ns.20;251.00;in_od_to_ns.20;0;1928.29;0.84;0.00;30.43;car;;1;5.00
4141.00;28716808#1_0;754.74;11.26;3645.00;0.50;-23142338#2_0;5.10;0.00;tripinfo_in_ns_to_kl.12;496.00;in_ns_to_kl.12;0;2315.58;1.03;0.00;292.68;car;;12;148.00
4141.00;23527526_0;253.75;9.29;3985.00;0.56;23687583_0;5.10;0.00;tripinfo_in_as_to_gj.66;156.00;in_as_to_gj.66;0;649.06;0.92;0.00;91.40;car;;3;64.00
4142.00;230845886_0;633.12;9.35;3891.00;5.30;803785575#0_0;5.10;0.00;tripinfo_in_od_to_ba.72;251.00;in_od_to_ba.72;0;2382.14;0.95;0.00;24.17;car;;1;2.00
4145.00;972103805_0;116.86;11.40;3902.00;0.45;-230845886_0;5.10;0.00;tripinfo_in_ba_to_ko.115;243.00;in_ba_to_ko.115;0;2114.29;1.03;0.00;56.45;car;;2;16.00
4146.00;23156305_0;1264.14;11.06;3534.00;4.00;-23142338#2_0;5.10;0.00;tripinfo_in_ns_to_gg.18;612.00;in_ns_to_gg.18;0;3297.24;1.04;0.00;323.04;car;;13;168.00
4146.00;23142338#2_0;290.21;12.56;3847.00;2.85;-230845886_0;5.10;0.00;tripinfo_in_ba_to_ns.23;299.00;in_ba_to_ns.23;0;2346.36;1.24;0.00;127.43;car;;1;16.00
4146.00;972103805_0;116.86;12.12;3924.00;3.86;-230845886_0;5.10;0.00;tripinfo_in_ba_to_ko.116;222.00;in_ba_to_ko.116;0;2114.29;1.10;0.00;46.76;car;;1;6.00
4148.00;23156305_0;1264.14;11.95;3737.00;9.46;803785575#0_0;5.10;0.00;tripinfo_in_od_to_gg.77;411.00;in_od_to_gg.77;0;3669.96;1.10;0.00;108.18;car;;2;24.00
4153.00;23156305_0;1264.14;11.18;3752.00;13.52;803785575#0_0;5.10;0.00;tripinfo_in_od_to_gg.78;401.00;in_od_to_gg.78;0;3669.96;1.07;0.00;90.55;car;;2;29.00
4154.00;45494495_0;58.90;11.80;3774.00;0.08;803785575#0_0;5.10;0.00;tripinfo_in_od_to_os.98;380.00;in_od_to_os.98;0;969.96;1.15;0.00;303.53;car;;9;238.00
4155.00;972103805_0;116.86;9.31;3704.00;0.67;-23142338#2_0;5.10;0.00;tripinfo_in_ns_to_ko.163;451.00;in_ns_to_ko.163;0;1398.55;0.95;0.00;317.56;car;;17;169.00
4157.00;972103805_0;116.86;9.55;3740.00;0.17;-23142338#2_0;5.10;0.00;tripinfo_in_ns_to_ko.164;417.00;in_ns_to_ko.164;0;1398.55;0.96;0.00;284.80;car;;13;149.00
4158.00;972103805_0;116.86;11.72;3897.00;10.10;803785575#0_0;5.10;0.00;tripinfo_in_od_to_ko.96;261.00;in_od_to_ko.96;0;2307.67;1.14;0.00;68.67;car;;1;4.00
4160.00;45494495_0;58.90;11.05;3933.00;30.37;803785575#0_0;5.10;0.00;tripinfo_in_od_to_os.101;227.00;in_od_to_os.101;0;969.96;1.02;0.00;141.63;car;;1;126.00
4163.00;23527526_0;253.75;10.62;3857.00;0.46;803785575#0_0;5.10;0.00;tripinfo_in_od_to_gj.20;306.00;in_od_to_gj.20;0;2706.99;1.02;0.00;67.11;car;;3;12.00
4163.00;23142338#2_0;290.21;10.31;3894.00;18.74;23687583_0;5.10;0.00;tripinfo_in_as_to_ns.48;269.00;in_as_to_ns.48;0;1995.73;1.03;0.00;91.95;car;;3;58.00
4163.00;45494495_0;58.90;10.49;3939.00;35.21;803785575#0_0;5.10;0.00;tripinfo_in_od_to_os.102;224.00;in_od_to_os.102;0;969.96;0.98;0.00;134.05;car;;2;107.00
4167.00;28706217_0;94.10;8.77;3013.00;45.67;23687583_0;5.10;0.00;tripinfo_in_as_to_sl.34;1154.00;in_as_to_sl.34;0;1976.75;1.13;0.00;991.51;car;;31;689.00
4168.00;41899283#1_0;148.70;9.27;3888.00;4.40;803785575#0_0;5.10;0.00;tripinfo_in_od_to_as.67;280.00;in_od_to_as.67;0;2382.09;0.84;0.00;24.30;car;;0;0.00
4174.00;23156390_0;1121.44;9.18;3571.00;1.58;-23142338#2_0;5.10;0.00;tripinfo_in_ns_to_br.3;603.00;in_ns_to_br.3;0;2792.05;0.87;0.00;312.21;car;;14;152.00
4174.00;23527526_0;253.75;9.47;3854.00;0.31;803785575#0_0;5.10;0.00;tripinfo_in_od_to_gj.19;320.00;in_od_to_gj.19;0;2706.99;0.88;0.00;41.96;car;;2;6.00
4174.00;972103805_0;116.86;10.11;3966.00;5.94;23687583_0;5.10;0.00;tripinfo_in_as_to_ko.78;208.00;in_as_to_ko.78;0;1102.39;1.02;0.00;110.48;car;;3;68.00
4176.00;23527526_0;253.75;10.77;3879.00;4.94;803785575#0_0;5.10;0.00;tripinfo_in_od_to_gj.21;297.00;in_od_to_gj.21;0;2706.99;1.01;0.00;55.01;car;;1;4.00
4178.00;230845886_0;633.12;10.66;3912.00;14.41;803785575#0_0;5.10;0.00;tripinfo_in_od_to_ba.73;266.00;in_od_to_ba.73;0;2382.14;1.01;0.00;52.78;car;;2;16.00
4178.00;972103805_0;116.86;10.26;3952.00;0.23;-230845886_0;5.10;0.00;tripinfo_in_ba_to_ko.117;226.00;in_ba_to_ko.117;0;2114.29;1.00;0.00;33.60;car;;2;2.00
4179.00;23156390_0;1121.44;9.30;3786.00;0.97;803785575#0_0;5.10;0.00;tripinfo_in_od_to_br.50;393.00;in_od_to_br.50;0;3149.31;0.91;0.00;79.15;car;;2;15.00
4179.00;23527526_0;253.75;9.31;4027.00;0.75;23687583_0;5.10;0.00;tripinfo_in_as_to_gj.67;152.00;in_as_to_gj.67;0;649.06;0.94;0.00;88.55;car;;5;49.00
4181.00;41899283#1_0;148.70;12.98;4030.00;2.14;-230845886_0;5.10;0.00;tripinfo_in_ba_to_as.66;151.00;in_ba_to_as.66;0;1430.78;1.23;0.00;45.63;car;;0;0.00
4187.00;28716808#1_0;754.74;10.57;3882.00;6.78;803785575#0_0;5.10;0.00;tripinfo_in_od_to_kl.51;305.00;in_od_to_kl.51;0;2678.40;0.96;0.00;52.03;car;;3;13.00
4187.00;23527526_0;253.75;8.44;4042.00;12.70;23687583_0;5.10;0.00;tripinfo_in_as_to_gj.68;145.00;in_as_to_gj.68;0;649.06;0.85;0.00;74.92;car;;3;36.00
4188.00;972103805_0;116.86;9.20;3788.00;1.29;-23142338#2_0;5.10;0.00;tripinfo_in_ns_to_ko.165;400.00;in_ns_to_ko.165;0;1398.55;0.83;0.00;248.72;car;;12;143.00
4188.00;23142338#2_0;290.21;9.98;3942.00;36.67;803785575#0_0;5.10;0.00;tripinfo_in_od_to_ns.21;246.00;in_od_to_ns.21;0;1928.29;0.95;0.00;49.40;car;;2;19.00
4190.00;972103805_0;116.86;11.24;3906.00;13.25;803785575#0_0;5.10;0.00;tripinfo_in_od_to_ko.97;284.00;in_od_to_ko.97;0;2307.67;1.07;0.00;78.75;car;;2;21.00
4190.00;23142338#2_0;290.21;13.27;3972.00;35.57;803785575#0_0;5.10;0.00;tripinfo_in_od_to_ns.22;218.00;in_od_to_ns.22;0;1928.29;1.30;0.00;69.82;car;;1;10.00
4192.00;972103805_0;116.86;11.36;3918.00;19.46;803785575#0_0;5.10;0.00;tripinfo_in_od_to_ko.98;274.00;in_od_to_ko.98;0;2307.67;1.10;0.00;73.43;car;;2;19.00
4192.00;23527526_0;253.75;8.27;4046.00;9.68;23687583_0;5.10;0.00;tripinfo_in_as_to_gj.69;146.00;in_as_to_gj.69;0;649.06;0.81;0.00;72.85;car;;3;34.00
4194.00;45494495_0;58.90;10.16;3960.00;33.75;803785575#0_0;5.10;0.00;tripinfo_in_od_to_os.103;234.00;in_od_to_os.103;0;969.96;1.01;0.00;146.81;car;;2;115.00
4194.00;23527526_0;253.75;11.95;4049.00;12.58;23687583_0;5.10;0.00;tripinfo_in_as_to_gj.70;145.00;in_as_to_gj.70;0;649.06;1.08;0.00;89.42;car;;3;34.00
4195.00;23156390_0;1121.44;11.70;3823.00;0.78;803785575#0_0;5.10;0.00;tripinfo_in_od_to_br.51;372.00;in_od_to_br.51;0;3149.31;1.05;0.00;100.61;car;;5;24.00
4196.00;28706217_0;94.10;8.51;3007.00;46.79;23687583_0;5.10;0.00;tripinfo_in_as_to_sl.33;1189.00;in_as_to_sl.33;0;1976.75;1.04;0.00;1012.00;car;;30;708.00
4196.00;45494495_0;58.90;9.38;3930.00;28.36;803785575#0_0;5.10;0.00;tripinfo_in_od_to_os.100;266.00;in_od_to_os.100;0;969.96;0.93;0.00;172.24;car;;4;139.00
4196.00;23527526_0;253.75;11.24;4022.00;0.57;-230845886_0;5.10;0.00;tripinfo_in_ba_to_gj.71;174.00;in_ba_to_gj.71;0;1755.68;1.11;0.00;30.91;car;;0;0.00
4198.00;28706217_0;94.10;7.96;2951.00;57.32;23687583_0;5.10;0.00;tripinfo_in_as_to_sl.30;1247.00;in_as_to_sl.30;0;1976.75;1.10;0.00;1080.69;car;;37;774.00
4198.00;23156390_0;1121.44;11.65;3861.00;0.67;803785575#0_0;5.10;0.00;tripinfo_in_od_to_br.52;337.00;in_od_to_br.52;0;3149.31;1.07;0.00;70.08;car;;1;5.00
4198.00;23527526_0;253.75;11.56;4087.00;21.84;23687583_0;5.10;0.00;tripinfo_in_as_to_gj.71;111.00;in_as_to_gj.71;0;649.06;1.11;0.00;57.16;car;;3;21.00
4200.00;41899283#1_0;148.70;10.36;4034.00;3.73;-230845886_0;5.10;0.00;tripinfo_in_ba_to_as.67;166.00;in_ba_to_as.67;0;1430.78;1.02;0.00;38.76;car;;0;0.00
4207.00;972103805_0;116.86;9.58;3988.00;1.95;23687583_0;5.10;0.00;tripinfo_in_as_to_ko.79;219.00;in_as_to_ko.79;0;1102.39;0.90;0.00;108.43;car;;4;72.00
4208.00;41899283#1_0;148.70;8.89;3679.00;3.19;-23142338#2_0;5.10;0.00;tripinfo_in_ns_to_as.24;529.00;in_ns_to_as.24;0;2009.37;0.87;0.00;319.95;car;;14;172.00
4209.00;23156030#6_0;109.07;9.17;3233.00;2.37;-230845886_0;5.10;0.00;tripinfo_in_ba_to_od.2;976.00;in_ba_to_od.2;0;2315.50;0.89;0.00;741.61;car;;24;468.00
4209.00;972103805_0;116.86;9.77;3991.00;1.94;23687583_0;5.10;0.00;tripinfo_in_as_to_ko.80;218.00;in_as_to_ko.80;0;1102.39;0.92;0.00;108.90;car;;4;70.00
4211.00;972103805_0;116.86;11.52;3970.00;2.96;-230845886_0;5.10;0.00;tripinfo_in_ba_to_ko.118;241.00;in_ba_to_ko.118;0;2114.29;1.10;0.00;65.45;car;;2;16.00
4215.00;972103805_0;116.86;9.03;3921.00;21.93;803785575#0_0;5.10;0.00;tripinfo_in_od_to_ko.99;294.00;in_od_to_ko.99;0;2307.67;0.90;0.00;51.89;car;;2;20.00
4217.00;972103805_0;116.86;10.40;3811.00;1.29;-23142338#2_0;5.10;0.00;tripinfo_in_ns_to_ko.166;406.00;in_ns_to_ko.166;0;1398.55;0.96;0.00;274.39;car;;13;158.00
4218.00;23156305_0;1264.14;8.37;3890.00;9.25;-230845886_0;5.10;0.00;tripinfo_in_ba_to_gg.28;328.00;in_ba_to_gg.28;0;2718.65;0.85;0.00;39.02;car;;1;7.00
4218.00;45494495_0;58.90;11.96;4028.00;30.53;803785575#0_0;5.10;0.00;tripinfo_in_od_to_os.105;190.00;in_od_to_os.105;0;969.96;1.15;0.00;113.18;car;;8;62.00
4219.00;972103805_0;116.86;11.95;3814.00;2.85;-23142338#2_0;5.10;0.00;tripinfo_in_ns_to_ko.167;405.00;in_ns_to_ko.167;0;1398.55;1.13;0.00;292.93;car;;14;149.00
4219.00;28716808#1_0;754.74;9.94;3900.00;8.97;803785575#0_0;5.10;0.00;tripinfo_in_od_to_kl.52;319.00;in_od_to_kl.52;0;2678.40;0.93;0.00;59.38;car;;2;14.00
4220.00;23156305_0;1264.14;10.29;3800.00;0.62;803785575#0_0;5.10;0.00;tripinfo_in_od_to_gg.79;420.00;in_od_to_gg.79;0;3669.96;1.02;0.00;92.59;car;;2;11.00
4221.00;28716808#1_0;754.74;11.70;3909.00;13.36;803785575#0_0;5.10;0.00;tripinfo_in_od_to_kl.53;312.00;in_od_to_kl.53;0;2678.40;1.06;0.00;84.02;car;;3;23.00
4221.00;45494495_0;58.90;10.26;4013.00;29.92;803785575#0_0;5.10;0.00;tripinfo_in_od_to_os.104;208.00;in_od_to_os.104;0;969.96;0.99;0.00;119.24;car;;6;85.00
4221.00;23156305_0;1264.14;12.01;3994.00;1.60;23687583_0;5.10;0.00;tripinfo_in_as_to_gg.15;227.00;in_as_to_gg.15;0;1600.87;1.16;0.00;102.08;car;;3;58.00
4221.00;41899283#1_0;148.70;9.91;4068.00;0.71;-230845886_0;5.10;0.00;tripinfo_in_ba_to_as.68;153.00;in_ba_to_as.68;0;1430.78;0.98;0.00;20.52;car;;1;3.00
4222.00;23142338#2_0;290.21;9.19;3868.00;5.12;-230845886_0;5.10;0.00;tripinfo_in_ba_to_ns.24;354.00;in_ba_to_ns.24;0;2346.36;0.87;0.00;108.87;car;;3;36.00
4223.00;23527526_0;253.75;10.29;4037.00;5.64;-230845886_0;5.10;0.00;tripinfo_in_ba_to_gj.72;186.00;in_ba_to_gj.72;0;1755.68;1.02;0.00;29.60;car;;0;0.00
4223.00;45494495_0;58.90;12.94;4100.00;25.94;803785575#0_0;5.10;0.00;tripinfo_in_od_to_os.107;123.00;in_od_to_os.107;0;969.96;1.26;0.00;52.64;car;;3;20.00
4224.00;972103805_0;116.86;8.80;3827.00;0.08;-23142338#2_0;5.10;0.00;tripinfo_in_ns_to_ko.168;397.00;in_ns_to_ko.168;0;1398.55;0.85;0.00;248.25;car;;11;144.00
4224.00;23142338#2_0;290.21;10.96;3875.00;2.70;-230845886_0;5.10;0.00;tripinfo_in_ba_to_ns.25;349.00;in_ba_to_ns.25;0;2346.36;1.03;0.00;141.44;car;;3;32.00
4226.00;28706217_0;94.10;8.80;3025.00;43.21;23687583_0;5.10;0.00;tripinfo_in_as_to_sl.35;1201.00;in_as_to_sl.35;0;1976.75;1.08;0.00;1030.46;car;;33;748.00
4226.00;972103805_0;116.86;8.90;3846.00;0.02;-23142338#2_0;5.10;0.00;tripinfo_in_ns_to_ko.169;380.00;in_ns_to_ko.169;0;1398.55;0.91;0.00;242.04;car;;10;136.00
4228.00;972103805_0;116.86;9.81;3936.00;32.69;803785575#0_0;5.10;0.00;tripinfo_in_od_to_ko.100;292.00;in_od_to_ko.100;0;2307.67;0.94;0.00;57.60;car;;2;24.00
4230.00;28706217_0;94.10;7.27;3045.00;5.29;-230845886_0;5.10;0.00;tripinfo_in_ba_to_sl.23;1185.00;in_ba_to_sl.23;0;1934.94;0.98;0.00;1000.51;car;;31;749.00
4231.00;45494495_0;58.90;10.70;4073.00;25.79;803785575#0_0;5.10;0.00;tripinfo_in_od_to_os.106;158.00;in_od_to_os.106;0;969.96;0.99;0.00;69.39;car;;3;40.00
4232.00;230845886_0;633.12;9.46;3945.00;37.97;803785575#0_0;5.10;0.00;tripinfo_in_od_to_ba.74;287.00;in_od_to_ba.74;0;2382.14;0.93;0.00;54.96;car;;2;16.00
4234.00;45494495_0;58.90;9.06;3068.00;2.29;-23142338#2_0;5.10;0.00;tripinfo_in_ns_to_os.6;1166.00;in_ns_to_os.6;0;1865.82;0.92;0.00;981.15;car;;36;648.00
4235.00;972103805_0;116.86;10.88;3990.00;0.09;-230845886_0;5.10;0.00;tripinfo_in_ba_to_ko.119;245.00;in_ba_to_ko.119;0;2114.29;0.98;0.00;49.28;car;;2;12.00
4236.00;41899283#1_0;148.70;9.18;3785.00;0.64;-23142338#2_0;5.10;0.00;tripinfo_in_ns_to_as.25;451.00;in_ns_to_as.25;0;2009.37;0.90;0.00;248.30;car;;11;135.00
4237.00;45494495_0;58.90;9.21;3297.00;72.06;23687583_0;5.10;0.00;tripinfo_in_as_to_os.30;940.00;in_as_to_os.30;0;1689.77;0.84;0.00;757.71;car;;28;521.00
4239.00;45494495_0;58.90;10.06;3371.00;1.33;-230845886_0;5.10;0.00;tripinfo_in_ba_to_os.42;868.00;in_ba_to_os.42;0;1647.96;0.98;0.00;715.84;car;;24;496.00
4241.00;45494495_0;58.90;9.55;3367.00;86.14;23687583_0;5.10;0.00;tripinfo_in_as_to_os.31;874.00;in_as_to_os.31;0;1689.77;0.97;0.00;715.57;car;;21;461.00
4243.00;45494495_0;58.90;9.21;3373.00;78.13;23687583_0;5.10;0.00;tripinfo_in_as_to_os.32;870.00;in_as_to_os.32;0;1689.77;0.94;0.00;707.37;car;;19;447.00
4243.00;972103805_0;116.86;7.29;4017.00;2.26;23687583_0;5.10;0.00;tripinfo_in_as_to_ko.81;226.00;in_as_to_ko.81;0;1102.39;0.71;0.00;85.91;car;;4;44.00
4244.00;28716808#1_0;754.74;11.75;3948.00;37.50;803785575#0_0;5.10;0.00;tripinfo_in_od_to_kl.54;296.00;in_od_to_kl.54;0;2678.40;1.12;0.00;80.34;car;;2;18.00
4244.00;23142338#2_0;290.21;10.67;4031.00;27.84;803785575#0_0;5.10;0.00;tripinfo_in_od_to_ns.23;213.00;in_od_to_ns.23;0;1928.29;0.98;0.00;22.58;car;;1;2.00
4245.00;45494495_0;58.90;11.37;3386.00;65.31;23687583_0;5.10;0.00;tripinfo_in_as_to_os.33;859.00;in_as_to_os.33;0;1689.77;1.12;0.00;722.11;car;;17;440.00
4245.00;972103805_0;116.86;10.39;4052.00;14.32;23687583_0;5.10;0.00;tripinfo_in_as_to_ko.82;193.00;in_as_to_ko.82;0;1102.39;0.95;0.00;88.25;car;;3;31.00
4247.00;972103805_0;116.86;9.82;3954.00;31.27;803785575#0_0;5.10;0.00;tripinfo_in_od_to_ko.101;293.00;in_od_to_ko.101;0;2307.67;0.91;0.00;52.56;car;;2;19.00
4249.00;972103805_0;116.86;9.74;3849.00;2.32;-23142338#2_0;5.10;0.00;tripinfo_in_ns_to_ko.170;400.00;in_ns_to_ko.170;0;1398.55;0.96;0.00;267.90;car;;12;152.00
4250.00;41899283#1_0;148.70;8.54;3924.00;23.31;803785575#0_0;5.10;0.00;tripinfo_in_od_to_as.68;326.00;in_od_to_as.68;0;2382.09;0.83;0.00;65.62;car;;3;27.00
4251.00;972103805_0;116.86;12.04;4002.00;28.29;803785575#0_0;5.10;0.00;tripinfo_in_od_to_ko.102;249.00;in_od_to_ko.102;0;2307.67;1.16;0.00;59.23;car;;2;16.00
4252.00;41899283#1_0;148.70;8.60;4079.00;0.30;-230845886_0;5.10;0.00;tripinfo_in_ba_to_as.69;173.00;in_ba_to_as.69;0;1430.78;0.89;0.00;26.64;car;;1;5.00
4255.00;972103805_0;116.86;11.25;3869.00;0.91;-23142338#2_0;5.10;0.00;tripinfo_in_ns_to_ko.171;386.00;in_ns_to_ko.171;0;1398.55;1.07;0.00;268.56;car;;12;158.00
4255.00;41899283#1_0;148.70;10.33;3975.00;36.61;803785575#0_0;5.10;0.00;tripinfo_in_od_to_as.69;280.00;in_od_to_as.69;0;2382.09;0.99;0.00;61.68;car;;3;12.00
4256.00;23527526_0;253.75;11.08;4133.00;27.46;23687583_0;5.10;0.00;tripinfo_in_as_to_gj.72;123.00;in_as_to_gj.72;0;649.06;1.05;0.00;65.99;car;;3;27.00
4257.00;972103805_0;116.86;11.54;3888.00;0.52;-23142338#2_0;5.10;0.00;tripinfo_in_ns_to_ko.172;369.00;in_ns_to_ko.172;0;1398.55;1.11;0.00;255.29;car;;12;151.00
4257.00;41899283#1_0;148.70;11.46;4083.00;0.56;-230845886_0;5.10;0.00;tripinfo_in_ba_to_as.70;174.00;in_ba_to_as.70;0;1430.78;1.08;0.00;53.56;car;;2;6.00
4257.00;23527526_0;253.75;12.57;4136.00;26.83;23687583_0;5.10;0.00;tripinfo_in_as_to_gj.73;121.00;in_as_to_gj.73;0;649.06;1.17;0.00;70.39;car;;3;25.00
4261.00;230845886_0;633.12;8.80;3682.00;5.97;-23142338#2_0;5.10;0.00;tripinfo_in_ns_to_ba.6;579.00;in_ns_to_ba.6;0;2340.42;0.88;0.00;340.69;car;;16;167.00
4263.00;230845886_0;633.12;10.29;3981.00;33.63;803785575#0_0;5.10;0.00;tripinfo_in_od_to_ba.75;282.00;in_od_to_ba.75;0;2382.14;0.97;0.00;60.71;car;;2;5.00
4264.00;230845886_0;633.12;12.13;3745.00;0.84;-23142338#2_0;5.10;0.00;tripinfo_in_ns_to_ba.7;519.00;in_ns_to_ba.7;0;2340.42;1.11;0.00;328.78;car;;15;148.00
4264.00;23156305_0;1264.14;9.82;3810.00;0.89;803785575#0_0;5.10;0.00;tripinfo_in_od_to_gg.80;454.00;in_od_to_gg.80;0;3669.96;0.91;0.00;89.09;car;;5;20.00
4265.00;23156390_0;1121.44;9.91;3894.00;7.86;803785575#0_0;5.10;0.00;tripinfo_in_od_to_br.53;371.00;in_od_to_br.53;0;3149.31;0.94;0.00;67.97;car;;4;17.00
4266.00;23156030#6_0;109.07;10.25;3698.00;0.50;-23142338#2_0;5.10;0.00;tripinfo_in_ns_to_od.4;568.00;in_ns_to_od.4;0;2005.01;0.95;0.00;364.61;car;;15;201.00
4266.00;972103805_0;116.86;9.94;4112.00;31.07;23687583_0;5.10;0.00;tripinfo_in_as_to_ko.83;154.00;in_as_to_ko.83;0;1102.39;0.92;0.00;46.43;car;;3;14.00
4268.00;972103805_0;116.86;11.09;4040.00;1.67;-230845886_0;5.10;0.00;tripinfo_in_ba_to_ko.120;228.00;in_ba_to_ko.120;0;2114.29;1.09;0.00;50.94;car;;2;3.00
4271.00;972103805_0;116.86;10.20;4043.00;4.39;-230845886_0;5.10;0.00;tripinfo_in_ba_to_ko.121;228.00;in_ba_to_ko.121;0;2114.29;0.97;0.00;30.63;car;;0;0.00
4272.00;41899283#1_0;148.70;10.83;3990.00;21.62;803785575#0_0;5.10;0.00;tripinfo_in_od_to_as.71;282.00;in_od_to_as.71;0;2382.09;0.98;0.00;61.17;car;;4;5.00
4278.00;28716808#1_0;754.74;9.98;3957.00;32.76;803785575#0_0;5.10;0.00;tripinfo_in_od_to_kl.55;321.00;in_od_to_kl.55;0;2678.40;0.98;0.00;72.72;car;;4;18.00
4278.00;23156305_0;1264.14;9.57;3964.00;1.70;-230845886_0;5.10;0.00;tripinfo_in_ba_to_gg.29;314.00;in_ba_to_gg.29;0;2718.65;0.88;0.00;33.65;car;;0;0.00
4282.00;23156305_0;1264.14;9.96;3867.00;3.64;803785575#0_0;5.10;0.00;tripinfo_in_od_to_gg.81;415.00;in_od_to_gg.81;0;3669.96;0.91;0.00;47.51;car;;1;4.00
4282.00;972103805_0;116.86;10.73;4034.00;30.36;803785575#0_0;5.10;0.00;tripinfo_in_od_to_ko.103;248.00;in_od_to_ko.103;0;2307.67;0.99;0.00;26.51;car;;0;0.00
4282.00;41899283#1_0;148.70;12.10;4142.00;2.01;-230845886_0;5.10;0.00;tripinfo_in_ba_to_as.71;140.00;in_ba_to_as.71;0;1430.78;1.13;0.00;24.82;car;;0;0.00
4284.00;23156305_0;1264.14;11.11;3676.00;0.23;-23142338#2_0;5.10;0.00;tripinfo_in_ns_to_gg.19;608.00;in_ns_to_gg.19;0;3297.24;1.03;0.00;316.26;car;;12;147.00
4287.00;972103805_0;116.86;10.74;3901.00;0.19;-23142338#2_0;5.10;0.00;tripinfo_in_ns_to_ko.173;386.00;in_ns_to_ko.173;0;1398.55;1.04;0.00;264.67;car;;13;166.00
4287.00;23142338#2_0;290.21;10.56;3974.00;0.82;23687583_0;5.10;0.00;tripinfo_in_as_to_ns.49;313.00;in_as_to_ns.49;0;1995.73;0.96;0.00;122.66;car;;5;68.00
4292.00;23156030#6_1;109.07;11.79;3162.00;35.00;23687583_0;5.10;0.00;tripinfo_in_as_to_od.10;1130.00;in_as_to_od.10;0;2357.31;1.13;0.00;941.15;car;;29;651.00
4292.00;23156030#6_0;109.07;11.75;3165.00;35.90;23687583_0;5.10;0.00;tripinfo_in_as_to_od.11;1127.00;in_as_to_od.11;0;2357.31;1.08;0.00;929.71;car;;32;652.00
4295.00;972103805_0;116.86;10.08;4121.00;30.88;23687583_0;5.10;0.00;tripinfo_in_as_to_ko.84;174.00;in_as_to_ko.84;0;1102.39;1.00;0.00;73.70;car;;4;36.00
4298.00;972103805_0;116.86;10.65;4049.00;4.99;-230845886_0;5.10;0.00;tripinfo_in_ba_to_ko.122;249.00;in_ba_to_ko.122;0;2114.29;0.99;0.00;55.53;car;;2;14.00
4300.00;28706217_0;94.10;8.46;3040.00;35.09;23687583_0;5.10;0.00;tripinfo_in_as_to_sl.36;1260.00;in_as_to_sl.36;0;1976.75;1.10;0.00;1093.51;car;;36;806.00
4300.00;972103805_0;116.86;11.70;4057.00;2.66;-230845886_0;5.10;0.00;tripinfo_in_ba_to_ko.123;243.00;in_ba_to_ko.123;0;2114.29;1.08;0.00;64.42;car;;2;14.00
4300.00;41899283#1_0;148.70;9.95;4145.00;1.28;-230845886_0;5.10;0.00;tripinfo_in_ba_to_as.72;155.00;in_ba_to_as.72;0;1430.78;1.01;0.00;27.08;car;;2;3.00
4303.00;23142338#2_0;290.21;9.84;4070.00;25.49;803785575#0_0;5.10;0.00;tripinfo_in_od_to_ns.24;233.00;in_od_to_ns.24;0;1928.29;1.00;0.00;47.58;car;;1;19.00
4304.00;28706217_0;94.10;7.44;2986.00;53.96;23687583_0;5.10;0.00;tripinfo_in_as_to_sl.32;1318.00;in_as_to_sl.32;0;1976.75;1.01;0.00;1136.68;car;;35;793.00
4304.00;28716808#1_0;754.74;9.89;3966.00;30.39;803785575#0_0;5.10;0.00;tripinfo_in_od_to_kl.56;338.00;in_od_to_kl.56;0;2678.40;0.93;0.00;76.62;car;;4;22.00
4304.00;972103805_0;116.86;10.14;4060.00;2.13;-230845886_0;5.10;0.00;tripinfo_in_ba_to_ko.124;244.00;in_ba_to_ko.124;0;2114.29;0.91;0.00;33.30;car;;1;2.00
4305.00;23156030#6_0;109.07;8.14;3201.00;0.63;-230845886_0;5.10;0.00;tripinfo_in_ba_to_od.1;1104.00;in_ba_to_od.1;0;2315.50;0.83;0.00;851.29;car;;28;639.00
4305.00;23142338#2_0;290.21;11.24;4079.00;30.02;803785575#0_0;5.10;0.00;tripinfo_in_od_to_ns.25;226.00;in_od_to_ns.25;0;1928.29;1.04;0.00;47.07;car;;1;19.00
4306.00;28716808#1_0;754.74;9.81;3984.00;23.92;803785575#0_0;5.10;0.00;tripinfo_in_od_to_kl.57;322.00;in_od_to_kl.57;0;2678.40;0.96;0.00;69.29;car;;3;10.00
4307.00;972103805_0;116.86;9.56;3909.00;0.75;-23142338#2_0;5.10;0.00;tripinfo_in_ns_to_ko.174;398.00;in_ns_to_ko.174;0;1398.55;0.92;0.00;261.48;car;;11;153.00
4308.00;230845886_0;633.12;11.48;3996.00;23.75;803785575#0_0;5.10;0.00;tripinfo_in_od_to_ba.77;312.00;in_od_to_ba.77;0;2382.14;1.05;0.00;106.43;car;;2;35.00
4309.00;972103805_0;116.86;11.85;3915.00;0.98;-23142338#2_0;5.10;0.00;tripinfo_in_ns_to_ko.175;394.00;in_ns_to_ko.175;0;1398.55;1.10;0.00;278.66;car;;11;153.00
4309.00;41899283#1_0;148.70;9.68;3987.00;21.75;803785575#0_0;5.10;0.00;tripinfo_in_od_to_as.70;322.00;in_od_to_as.70;0;2382.09;0.89;0.00;78.74;car;;2;27.00
4315.00;230845886_0;633.12;10.70;3993.00;24.28;803785575#0_0;5.10;0.00;tripinfo_in_od_to_ba.76;322.00;in_od_to_ba.76;0;2382.14;0.97;0.00;99.47;car;;2;34.00
4318.00;972103805_0;116.86;10.21;4040.00;34.04;803785575#0_0;5.10;0.00;tripinfo_in_od_to_ko.104;278.00;in_od_to_ko.104;0;2307.67;0.92;0.00;40.12;car;;1;13.00
4320.00;23156390_0;1121.44;10.65;3963.00;28.07;803785575#0_0;5.10;0.00;tripinfo_in_od_to_br.54;357.00;in_od_to_br.54;0;3149.31;1.03;0.00;79.59;car;;4;17.00
4320.00;972103805_0;116.86;12.70;4043.00;31.73;803785575#0_0;5.10;0.00;tripinfo_in_od_to_ko.105;277.00;in_od_to_ko.105;0;2307.67;1.17;0.00;87.94;car;;1;11.00
4322.00;23156390_0;1121.44;11.83;3969.00;32.72;803785575#0_0;5.10;0.00;tripinfo_in_od_to_br.55;353.00;in_od_to_br.55;0;3149.31;1.08;0.00;89.15;car;;3;14.00
4324.00;23156030#6_0;109.07;10.16;3175.00;30.26;23687583_0;5.10;0.00;tripinfo_in_as_to_od.12;1149.00;in_as_to_od.12;0;2357.31;0.98;0.00;932.43;car;;31;662.00
4326.00;23156030#6_0;109.07;10.55;3299.00;11.60;-230845886_0;5.10;0.00;tripinfo_in_ba_to_od.3;1027.00;in_ba_to_od.3;0;2315.50;0.97;0.00;811.44;car;;30;518.00
4327.00;972103805_0;116.86;9.80;4152.00;30.85;23687583_0;5.10;0.00;tripinfo_in_as_to_ko.85;175.00;in_as_to_ko.85;0;1102.39;0.90;0.00;63.17;car;;3;23.00
4328.00;972103805_0;116.86;11.64;4161.00;29.40;23687583_0;5.10;0.00;tripinfo_in_as_to_ko.86;167.00;in_as_to_ko.86;0;1102.39;1.16;0.00;81.06;car;;4;31.00
4329.00;23156305_0;1264.14;9.09;4093.00;18.94;23687583_0;5.10;0.00;tripinfo_in_as_to_gg.16;236.00;in_as_to_gg.16;0;1600.87;0.82;0.00;59.23;car;;3;18.00
4331.00;972103805_0;116.86;12.62;4048.00;23.23;803785575#0_0;5.10;0.00;tripinfo_in_od_to_ko.106;283.00;in_od_to_ko.106;0;2307.67;1.22;0.00;102.70;car;;2;18.00
4333.00;41899283#1_0;148.70;10.28;4005.00;28.98;803785575#0_0;5.10;0.00;tripinfo_in_od_to_as.72;328.00;in_od_to_as.72;0;2382.09;0.97;0.00;105.42;car;;3;37.00
4334.00;23156030#6_0;109.07;9.05;3201.00;41.26;23687583_0;5.10;0.00;tripinfo_in_as_to_od.13;1133.00;in_as_to_od.13;0;2357.31;0.90;0.00;896.14;car;;35;629.00
4335.00;41899283#1_0;148.70;11.54;4190.00;0.88;-230845886_0;5.10;0.00;tripinfo_in_ba_to_as.73;145.00;in_ba_to_as.73;0;1430.78;1.05;0.00;21.41;car;;0;0.00
4337.00;972103805_0;116.86;9.04;3966.00;0.10;-23142338#2_0;5.10;0.00;tripinfo_in_ns_to_ko.176;371.00;in_ns_to_ko.176;0;1398.55;0.91;0.00;232.61;car;;11;154.00
4338.00;230845886_0;633.12;11.02;4022.00;36.07;803785575#0_0;5.10;0.00;tripinfo_in_od_to_ba.78;316.00;in_od_to_ba.78;0;2382.14;1.01;0.00;102.14;car;;3;28.00
4338.00;23527526_0;253.75;6.73;4090.00;0.55;-230845886_0;5.10;0.00;tripinfo_in_ba_to_gj.73;248.00;in_ba_to_gj.73;0;1755.68;0.71;0.00;24.16;car;;0;0.00
4339.00;972103805_0;116.86;11.63;3974.00;0.00;-23142338#2_0;5.10;0.00;tripinfo_in_ns_to_ko.177;365.00;in_ns_to_ko.177;0;1398.55;1.15;0.00;255.46;car;;11;149.00
4340.00;41899283#1_0;148.70;10.58;4016.00;31.84;803785575#0_0;5.10;0.00;tripinfo_in_od_to_as.73;324.00;in_od_to_as.73;0;2382.09;0.95;0.00;98.24;car;;3;29.00
4340.00;23527526_0;253.75;10.68;4101.00;6.79;-230845886_0;5.10;0.00;tripinfo_in_ba_to_gj.74;239.00;in_ba_to_gj.74;0;1755.68;1.25;0.00;111.51;car;;0;0.00
4341.00;972103805_0;116.86;12.18;3978.00;0.56;-23142338#2_0;5.10;0.00;tripinfo_in_ns_to_ko.178;363.00;in_ns_to_ko.178;0;1398.55;1.20;0.00;257.85;car;;12;141.00
4341.00;23527526_0;253.75;10.14;4126.00;0.06;-230845886_0;5.10;0.00;tripinfo_in_ba_to_gj.75;215.00;in_ba_to_gj.75;0;1755.68;1.11;0.00;72.39;car;;0;0.00
4342.00;230845886_0;633.12;10.94;3808.00;0.91;-23142338#2_0;5.10;0.00;tripinfo_in_ns_to_ba.8;534.00;in_ns_to_ba.8;0;2340.42;1.01;0.00;325.06;car;;14;165.00
4343.00;23156030#6_0;109.07;10.04;3795.00;0.58;-23142338#2_0;5.10;0.00;tripinfo_in_ns_to_od.5;548.00;in_ns_to_od.5;0;2005.01;0.91;0.00;335.51;car;;13;213.00
4343.00;28716808#1_0;754.74;10.43;3999.00;25.38;803785575#0_0;5.10;0.00;tripinfo_in_od_to_kl.58;344.00;in_od_to_kl.58;0;2678.40;1.01;0.00;104.98;car;;2;33.00
4343.00;23527526_0;253.75;10.11;4193.00;30.25;23687583_0;5.10;0.00;tripinfo_in_as_to_gj.74;150.00;in_as_to_gj.74;0;649.06;0.92;0.00;85.83;car;;2;21.00
4345.00;972103805_0;116.86;10.29;4106.00;25.08;803785575#0_0;5.10;0.00;tripinfo_in_od_to_ko.107;239.00;in_od_to_ko.107;0;2307.67;1.04;0.00;27.08;car;;0;0.00
4345.00;23527526_0;253.75;9.80;4139.00;0.18;-230845886_0;5.10;0.00;tripinfo_in_ba_to_gj.76;206.00;in_ba_to_gj.76;0;1755.68;0.95;0.00;38.65;car;;1;7.00
4353.00;23527526_0;253.75;9.02;4236.00;61.81;23687583_0;5.10;0.00;tripinfo_in_as_to_gj.75;117.00;in_as_to_gj.75;0;649.06;0.88;0.00;49.88;car;;2;7.00
4355.00;972103805_0;116.86;9.66;4113.00;0.92;-230845886_0;5.10;0.00;tripinfo_in_ba_to_ko.125;242.00;in_ba_to_ko.125;0;2114.29;0.94;0.00;37.61;car;;0;0.00
4355.00;23527526_0;253.75;11.32;4250.00;64.53;23687583_0;5.10;0.00;tripinfo_in_as_to_gj.76;105.00;in_as_to_gj.76;0;649.06;1.08;0.00;50.16;car;;2;6.00
4356.00;23142338#2_0;290.21;7.90;3997.00;4.29;23687583_0;5.10;0.00;tripinfo_in_as_to_ns.50;359.00;in_as_to_ns.50;0;1995.73;0.83;0.00;139.74;car;;5;82.00
4356.00;972103805_0;116.86;10.92;4129.00;3.03;-230845886_0;5.10;0.00;tripinfo_in_ba_to_ko.126;227.00;in_ba_to_ko.126;0;2114.29;1.24;0.00;71.31;car;;0;0.00
4357.00;41899283#1_0;148.70;10.39;3866.00;0.36;-23142338#2_0;5.10;0.00;tripinfo_in_ns_to_as.26;491.00;in_ns_to_as.26;0;2009.37;0.97;0.00;302.63;car;;13;166.00
4357.00;23156305_0;1264.14;8.36;4027.00;0.08;-230845886_0;5.10;0.00;tripinfo_in_ba_to_gg.30;330.00;in_ba_to_gg.30;0;2718.65;0.82;0.00;29.74;car;;0;0.00
4358.00;23142338#2_0;290.21;9.80;4007.00;0.11;23687583_0;5.10;0.00;tripinfo_in_as_to_ns.51;351.00;in_as_to_ns.51;0;1995.73;0.89;0.00;147.24;car;;5;73.00
4359.00;23156305_0;1264.14;9.40;4124.00;31.75;23687583_0;5.10;0.00;tripinfo_in_as_to_gg.17;235.00;in_as_to_gg.17;0;1600.87;0.94;0.00;81.51;car;;3;27.00
4360.00;23142338#2_0;290.21;11.07;4023.00;4.96;23687583_0;5.10;0.00;tripinfo_in_as_to_ns.52;337.00;in_as_to_ns.52;0;1995.73;1.05;0.00;163.59;car;;7;76.00
4361.00;23156305_0;1264.14;10.91;4054.00;0.71;-230845886_0;5.10;0.00;tripinfo_in_ba_to_gg.31;307.00;in_ba_to_gg.31;0;2718.65;1.06;0.00;73.78;car;;1;6.00
4361.00;972103805_0;116.86;9.26;4173.00;29.31;23687583_0;5.10;0.00;tripinfo_in_as_to_ko.87;188.00;in_as_to_ko.87;0;1102.39;0.91;0.00;78.39;car;;3;28.00
4362.00;23142338#2_0;290.21;10.86;4056.00;15.64;23687583_0;5.10;0.00;tripinfo_in_as_to_ns.53;306.00;in_as_to_ns.53;0;1995.73;1.01;0.00;126.68;car;;6;51.00
4363.00;23156305_0;1264.14;10.09;3915.00;16.68;803785575#0_0;5.10;0.00;tripinfo_in_od_to_gg.82;448.00;in_od_to_gg.82;0;3669.96;1.02;0.00;123.42;car;;4;37.00
4363.00;972103805_0;116.86;13.26;4135.00;0.14;-230845886_0;5.10;0.00;tripinfo_in_ba_to_ko.127;228.00;in_ba_to_ko.127;0;2114.29;1.20;0.00;66.73;car;;1;1.00
4365.00;23156305_0;1264.14;9.03;3927.00;25.89;803785575#0_0;5.10;0.00;tripinfo_in_od_to_gg.83;438.00;in_od_to_gg.83;0;3669.96;0.93;0.00;78.86;car;;2;24.00
4365.00;230845886_0;633.12;10.40;4061.00;27.54;803785575#0_0;5.10;0.00;tripinfo_in_od_to_ba.79;304.00;in_od_to_ba.79;0;2382.14;0.96;0.00;79.62;car;;2;22.00
4366.00;23527526_0;253.75;8.06;4267.00;80.70;23687583_0;5.10;0.00;tripinfo_in_as_to_gj.77;99.00;in_as_to_gj.77;0;649.06;0.83;0.00;27.19;car;;0;0.00
4367.00;230845886_0;633.12;10.66;4064.00;29.13;803785575#0_0;5.10;0.00;tripinfo_in_od_to_ba.80;303.00;in_od_to_ba.80;0;2382.14;1.00;0.00;87.42;car;;2;19.00
4368.00;972103805_0;116.86;8.47;4006.00;3.40;-23142338#2_0;5.10;0.00;tripinfo_in_ns_to_ko.179;362.00;in_ns_to_ko.179;0;1398.55;0.87;0.00;216.23;car;;10;136.00
4368.00;23142338#2_0;290.21;12.52;4090.00;16.97;23687583_0;5.10;0.00;tripinfo_in_as_to_ns.54;278.00;in_as_to_ns.54;0;1995.73;1.16;0.00;120.91;car;;6;54.00
4369.00;41899283#1_0;148.70;10.49;4058.00;25.27;803785575#0_0;5.10;0.00;tripinfo_in_od_to_as.75;311.00;in_od_to_as.75;0;2382.09;0.96;0.00;87.00;car;;2;21.00
4369.00;230845886_0;633.12;10.64;4067.00;28.28;803785575#0_0;5.10;0.00;tripinfo_in_od_to_ba.81;302.00;in_od_to_ba.81;0;2382.14;1.04;0.00;94.04;car;;4;22.00
4371.00;972103805_0;116.86;8.71;4009.00;6.09;-23142338#2_0;5.10;0.00;tripinfo_in_ns_to_ko.180;362.00;in_ns_to_ko.180;0;1398.55;0.87;0.00;216.20;car;;11;130.00
4371.00;41899283#1_0;148.70;10.24;4229.00;0.17;-230845886_0;5.10;0.00;tripinfo_in_ba_to_as.74;142.00;in_ba_to_as.74;0;1430.78;1.01;0.00;13.62;car;;0;0.00
4372.00;28716808#1_0;754.74;10.10;4011.00;31.10;803785575#0_0;5.10;0.00;tripinfo_in_od_to_kl.59;361.00;in_od_to_kl.59;0;2678.40;0.96;0.00;107.84;car;;3;33.00
4372.00;41899283#1_0;148.70;12.03;4055.00;22.67;803785575#0_0;5.10;0.00;tripinfo_in_od_to_as.74;317.00;in_od_to_as.74;0;2382.09;1.19;0.00;136.23;car;;4;26.00
4372.00;972103805_0;116.86;10.91;4112.00;9.85;803785575#0_0;5.10;0.00;tripinfo_in_od_to_ko.108;260.00;in_od_to_ko.108;0;2307.67;1.12;0.00;64.13;car;;1;16.00
4372.00;23156305_0;1264.14;9.78;4148.00;35.74;23687583_0;5.10;0.00;tripinfo_in_as_to_gg.18;224.00;in_as_to_gg.18;0;1600.87;0.89;0.00;60.12;car;;2;19.00
4374.00;23156305_0;1264.14;10.52;3951.00;38.86;803785575#0_0;5.10;0.00;tripinfo_in_od_to_gg.84;423.00;in_od_to_gg.84;0;3669.96;0.98;0.00;84.72;car;;3;22.00
4375.00;28706217_0;94.10;8.41;3104.00;47.36;23687583_0;5.10;0.00;tripinfo_in_as_to_sl.39;1271.00;in_as_to_sl.39;0;1976.75;1.09;0.00;1102.08;car;;31;756.00
4376.00;23156305_0;1264.14;12.53;4086.00;2.47;-230845886_0;5.10;0.00;tripinfo_in_ba_to_gg.32;290.00;in_ba_to_gg.32;0;2718.65;1.17;0.00;78.92;car;;1;3.00
4379.00;230845886_0;633.12;10.33;4164.00;27.96;23687583_0;5.10;0.00;tripinfo_in_as_to_ba.46;215.00;in_as_to_ba.46;0;1356.50;0.93;0.00;83.00;car;;3;29.00
4381.00;230845886_0;633.12;10.30;4082.00;29.20;803785575#0_0;5.10;0.00;tripinfo_in_od_to_ba.82;299.00;in_od_to_ba.82;0;2382.14;0.99;0.00;82.17;car;;2;24.00
4382.00;972103805_0;116.86;12.24;4230.00;57.85;23687583_0;5.10;0.00;tripinfo_in_as_to_ko.88;152.00;in_as_to_ko.88;0;1102.39;1.13;0.00;64.31;car;;3;15.00
4383.00;230845886_0;633.12;11.42;4103.00;24.06;803785575#0_0;5.10;0.00;tripinfo_in_od_to_ba.83;280.00;in_od_to_ba.83;0;2382.14;1.09;0.00;81.70;car;;2;3.00
4384.00;41899283#1_0;148.70;10.23;3872.00;1.36;-23142338#2_0;5.10;0.00;tripinfo_in_ns_to_as.27;512.00;in_ns_to_as.27;0;2009.37;0.95;0.00;319.60;car;;14;179.00
4384.00;28716808#1_0;754.74;12.19;4217.00;50.03;23687583_0;5.10;0.00;tripinfo_in_as_to_kl.20;167.00;in_as_to_kl.20;0;1207.92;1.11;0.00;67.68;car;;2;15.00
4386.00;23527526_0;253.75;11.87;4052.00;24.66;803785575#0_0;5.10;0.00;tripinfo_in_od_to_gj.22;334.00;in_od_to_gj.22;0;2706.99;1.14;0.00;120.35;car;;4;27.00
4387.00;972103805_0;116.86;10.20;4150.00;0.10;-230845886_0;5.10;0.00;tripinfo_in_ba_to_ko.128;237.00;in_ba_to_ko.128;0;2114.29;1.03;0.00;49.82;car;;3;12.00
4389.00;972103805_0;116.86;12.15;4153.00;0.17;-230845886_0;5.10;0.00;tripinfo_in_ba_to_ko.129;236.00;in_ba_to_ko.129;0;2114.29;1.11;0.00;62.41;car;;2;10.00
4392.00;41899283#1_0;148.70;9.76;4085.00;31.95;803785575#0_0;5.10;0.00;tripinfo_in_od_to_as.76;307.00;in_od_to_as.76;0;2382.09;0.98;0.00;87.24;car;;3;25.00
4392.00;972103805_0;116.86;11.29;4156.00;1.33;-230845886_0;5.10;0.00;tripinfo_in_ba_to_ko.130;236.00;in_ba_to_ko.130;0;2114.29;1.08;0.00;56.66;car;;1;9.00
4396.00;972103805_0;116.86;9.50;4012.00;1.64;-23142338#2_0;5.10;0.00;tripinfo_in_ns_to_ko.181;384.00;in_ns_to_ko.181;0;1398.55;0.97;0.00;252.89;car;;12;158.00
4396.00;41899283#1_0;148.70;13.68;4115.00;12.74;803785575#0_0;5.10;0.00;tripinfo_in_od_to_as.77;281.00;in_od_to_as.77;0;2382.09;1.23;0.00;106.10;car;;1;2.00
4397.00;972103805_0;116.86;11.03;4032.00;0.41;-23142338#2_0;5.10;0.00;tripinfo_in_ns_to_ko.182;365.00;in_ns_to_ko.182;0;1398.55;1.09;0.00;249.98;car;;11;144.00
4397.00;230845886_0;633.12;9.38;4184.00;33.51;23687583_0;5.10;0.00;tripinfo_in_as_to_ba.47;213.00;in_as_to_ba.47;0;1356.50;0.93;0.00;80.79;car;;4;26.00
4400.00;45494495_0;58.90;11.34;4185.00;11.65;803785575#0_0;5.10;0.00;tripinfo_in_od_to_os.109;215.00;in_od_to_os.109;0;969.96;1.03;0.00;129.18;car;;4;90.00
4401.00;28706217_0;94.10;8.99;3100.00;4.46;-230845886_0;5.10;0.00;tripinfo_in_ba_to_sl.24;1301.00;in_ba_to_sl.24;0;1934.94;1.22;0.00;1152.91;car;;32;848.00
4401.00;23156305_0;1264.14;10.73;4132.00;5.68;-230845886_0;5.10;0.00;tripinfo_in_ba_to_gg.33;269.00;in_ba_to_gg.33;0;2718.65;1.08;0.00;40.09;car;;0;0.00
4402.00;45494495_0;58.90;10.84;4203.00;8.39;803785575#0_0;5.10;0.00;tripinfo_in_od_to_os.111;199.00;in_od_to_os.111;0;969.96;1.02;0.00;113.19;car;;5;75.00
4403.00;230845886_0;633.12;10.35;4127.00;9.65;803785575#0_0;5.10;0.00;tripinfo_in_od_to_ba.84;276.00;in_od_to_ba.84;0;2382.14;1.04;0.00;68.24;car;;0;0.00
4404.00;23142338#2_0;290.21;10.66;4130.00;28.30;23687583_0;5.10;0.00;tripinfo_in_as_to_ns.55;274.00;in_as_to_ns.55;0;1995.73;1.03;0.00;95.97;car;;4;39.00
4404.00;45494495_0;58.90;12.81;4236.00;15.98;803785575#0_0;5.10;0.00;tripinfo_in_od_to_os.113;168.00;in_od_to_os.113;0;969.96;1.17;0.00;92.62;car;;4;52.00
4405.00;230845886_0;633.12;10.71;4134.00;5.41;803785575#0_0;5.10;0.00;tripinfo_in_od_to_ba.85;271.00;in_od_to_ba.85;0;2382.14;1.05;0.00;65.01;car;;0;0.00
4408.00;45494495_0;58.90;10.16;4248.00;20.71;803785575#0_0;5.10;0.00;tripinfo_in_od_to_os.114;160.00;in_od_to_os.114;0;969.96;0.92;0.00;64.70;car;;1;30.00
4409.00;28716808#1_0;754.74;9.51;4037.00;32.01;803785575#0_0;5.10;0.00;tripinfo_in_od_to_kl.60;372.00;in_od_to_kl.60;0;2678.40;0.95;0.00;117.04;car;;6;41.00
4410.00;28706217_0;94.10;6.97;3113.00;44.93;23687583_0;5.10;0.00;tripinfo_in_as_to_sl.41;1297.00;in_as_to_sl.41;0;1976.75;0.90;0.00;1092.17;car;;37;738.00
4410.00;45494495_0;58.90;9.97;4296.00;25.77;803785575#0_0;5.10;0.00;tripinfo_in_od_to_os.115;114.00;in_od_to_os.115;0;969.96;0.94;0.00;21.07;car;;1;1.00
4411.00;972103805_0;116.86;9.08;4121.00;17.11;803785575#0_0;5.10;0.00;tripinfo_in_od_to_ko.109;290.00;in_od_to_ko.109;0;2307.67;0.89;0.00;43.44;car;;1;14.00
4412.00;23527526_0;253.75;9.83;4297.00;85.74;23687583_0;5.10;0.00;tripinfo_in_as_to_gj.78;115.00;in_as_to_gj.78;0;649.06;0.96;0.00;52.73;car;;2;27.00
4413.00;230845886_0;633.12;12.26;4146.00;5.92;803785575#0_0;5.10;0.00;tripinfo_in_od_to_ba.86;267.00;in_od_to_ba.86;0;2382.14;1.19;0.00;86.45;car;;1;9.00
4413.00;972103805_0;116.86;11.30;4275.00;86.45;23687583_0;5.10;0.00;tripinfo_in_as_to_ko.89;138.00;in_as_to_ko.89;0;1102.39;1.06;0.00;43.85;car;;1;8.00
4414.00;23156390_0;1121.44;10.30;4008.00;31.66;803785575#0_0;5.10;0.00;tripinfo_in_od_to_br.56;406.00;in_od_to_br.56;0;3149.31;0.96;0.00;109.71;car;;3;34.00
4414.00;41899283#1_0;148.70;10.30;3992.00;0.12;-23142338#2_0;5.10;0.00;tripinfo_in_ns_to_as.28;422.00;in_ns_to_as.28;0;2009.37;1.01;0.00;240.69;car;;11;139.00
4416.00;23156390_0;1121.44;11.24;4019.00;33.23;803785575#0_0;5.10;0.00;tripinfo_in_od_to_br.57;397.00;in_od_to_br.57;0;3149.31;1.09;0.00;134.38;car;;5;35.00
4416.00;972103805_0;116.86;10.90;4161.00;0.05;-230845886_0;5.10;0.00;tripinfo_in_ba_to_ko.131;255.00;in_ba_to_ko.131;0;2114.29;1.04;0.00;70.22;car;;3;27.00
4416.00;41899283#1_0;148.70;12.43;4258.00;1.21;-230845886_0;5.10;0.00;tripinfo_in_ba_to_as.75;158.00;in_ba_to_as.75;0;1430.78;1.13;0.00;42.71;car;;1;10.00
4418.00;23527526_0;253.75;12.92;4003.00;0.57;-23142338#2_0;5.10;0.00;tripinfo_in_ns_to_gj.13;415.00;in_ns_to_gj.13;0;2084.96;1.17;0.00;253.47;car;;11;151.00
4421.00;972103805_0;116.86;10.07;4285.00;85.33;23687583_0;5.10;0.00;tripinfo_in_as_to_ko.90;136.00;in_as_to_ko.90;0;1102.39;0.98;0.00;33.78;car;;1;9.00
4423.00;972103805_0;116.86;11.83;4175.00;1.24;-230845886_0;5.10;0.00;tripinfo_in_ba_to_ko.132;248.00;in_ba_to_ko.132;0;2114.29;1.14;0.00;79.57;car;;3;25.00
4424.00;45494495_0;58.90;10.76;3457.00;0.61;-230845886_0;5.10;0.00;tripinfo_in_ba_to_os.43;967.00;in_ba_to_os.43;0;1647.96;1.03;0.00;821.39;car;;18;572.00
4426.00;45494495_0;58.90;11.25;3501.00;0.47;-230845886_0;5.10;0.00;tripinfo_in_ba_to_os.44;925.00;in_ba_to_os.44;0;1647.96;1.08;0.00;786.35;car;;17;555.00
4426.00;23156305_0;1264.14;9.37;4213.00;50.16;23687583_0;5.10;0.00;tripinfo_in_as_to_gg.19;213.00;in_as_to_gg.19;0;1600.87;0.94;0.00;58.48;car;;1;9.00
4428.00;972103805_0;116.86;9.72;4124.00;10.79;803785575#0_0;5.10;0.00;tripinfo_in_od_to_ko.110;304.00;in_od_to_ko.110;0;2307.67;0.88;0.00;55.16;car;;2;20.00
4429.00;28716808#1_0;754.74;9.95;2453.00;0.69;-45494495_0;5.10;0.00;tripinfo_in_os_to_kl.1;1976.00;in_os_to_kl.1;0;2042.78;0.95;0.00;1780.55;car;;23;1635.00
4430.00;972103805_0;116.86;10.32;4131.00;7.84;803785575#0_0;5.10;0.00;tripinfo_in_od_to_ko.111;299.00;in_od_to_ko.111;0;2307.67;1.03;0.00;85.94;car;;2;16.00
4431.00;972103805_0;116.86;12.78;4152.00;6.43;803785575#0_0;5.10;0.00;tripinfo_in_od_to_ko.112;279.00;in_od_to_ko.112;0;2307.67;1.24;0.00;101.29;car;;3;33.00
4432.00;23527526_0;253.75;9.41;4094.00;21.93;803785575#0_0;5.10;0.00;tripinfo_in_od_to_gj.23;338.00;in_od_to_gj.23;0;2706.99;0.94;0.00;76.81;car;;2;5.00
4433.00;23527526_0;253.75;11.03;4255.00;0.25;-230845886_0;5.10;0.00;tripinfo_in_ba_to_gj.77;178.00;in_ba_to_gj.77;0;1755.68;0.99;0.00;18.26;car;;0;0.00
4434.00;28706217_0;94.10;7.57;3088.00;46.14;23687583_0;5.10;0.00;tripinfo_in_as_to_sl.37;1346.00;in_as_to_sl.37;0;1976.75;0.94;0.00;1150.02;car;;33;868.00
4434.00;972103805_0;116.86;10.32;4182.00;9.42;803785575#0_0;5.10;0.00;tripinfo_in_od_to_ko.113;252.00;in_od_to_ko.113;0;2307.67;1.03;0.00;37.92;car;;1;9.00
4438.00;230845886_0;633.12;9.82;3951.00;0.59;-23142338#2_0;5.10;0.00;tripinfo_in_ns_to_ba.9;487.00;in_ns_to_ba.9;0;2340.42;0.94;0.00;264.51;car;;11;150.00
4440.00;230845886_0;633.12;10.46;4272.00;83.79;23687583_0;5.10;0.00;tripinfo_in_as_to_ba.48;168.00;in_as_to_ba.48;0;1356.50;0.98;0.00;43.11;car;;2;4.00
4446.00;972103805_0;116.86;9.46;4200.00;0.37;-230845886_0;5.10;0.00;tripinfo_in_ba_to_ko.133;246.00;in_ba_to_ko.133;0;2114.29;0.94;0.00;40.74;car;;2;11.00
4446.00;23527526_0;253.75;11.39;4270.00;0.98;-230845886_0;5.10;0.00;tripinfo_in_ba_to_gj.78;176.00;in_ba_to_gj.78;0;1755.68;1.12;0.00;34.34;car;;1;4.00
4448.00;972103805_0;116.86;11.18;4203.00;2.21;-230845886_0;5.10;0.00;tripinfo_in_ba_to_ko.134;245.00;in_ba_to_ko.134;0;2114.29;1.03;0.00;58.53;car;;2;12.00
4451.00;230845886_0;633.12;10.10;4288.00;81.90;23687583_0;5.10;0.00;tripinfo_in_as_to_ba.49;163.00;in_as_to_ba.49;0;1356.50;0.95;0.00;33.77;car;;1;7.00
4453.00;23142338#2_0;290.21;10.35;4063.00;2.10;-230845886_0;5.10;0.00;tripinfo_in_ba_to_ns.26;390.00;in_ba_to_ns.26;0;2346.36;0.98;0.00;174.45;car;;5;67.00
4455.00;972103805_0;116.86;9.66;4058.00;0.45;-23142338#2_0;5.10;0.00;tripinfo_in_ns_to_ko.183;397.00;in_ns_to_ko.183;0;1398.55;0.95;0.00;263.87;car;;13;155.00
4457.00;972103805_0;116.86;12.26;4212.00;12.88;803785575#0_0;5.10;0.00;tripinfo_in_od_to_ko.114;245.00;in_od_to_ko.114;0;2307.67;1.12;0.00;47.85;car;;1;18.00
4459.00;23142338#2_0;290.21;9.76;4075.00;1.30;-230845886_0;5.10;0.00;tripinfo_in_ba_to_ns.27;384.00;in_ba_to_ns.27;0;2346.36;0.93;0.00;156.66;car;;4;57.00
4459.00;972103805_0;116.86;10.46;4218.00;10.71;803785575#0_0;5.10;0.00;tripinfo_in_od_to_ko.115;241.00;in_od_to_ko.115;0;2307.67;1.03;0.00;26.99;car;;1;3.00
4463.00;28706217_0;94.10;8.31;3155.00;12.69;-230845886_0;5.10;0.00;tripinfo_in_ba_to_sl.25;1308.00;in_ba_to_sl.25;0;1934.94;1.07;0.00;1139.19;car;;42;767.00
4463.00;23527526_0;253.75;9.69;4273.00;2.35;-230845886_0;5.10;0.00;tripinfo_in_ba_to_gj.79;190.00;in_ba_to_gj.79;0;1755.68;0.93;0.00;18.28;car;;0;0.00
4466.00;972103805_0;116.86;11.34;4067.00;3.82;-23142338#2_0;5.10;0.00;tripinfo_in_ns_to_ko.184;399.00;in_ns_to_ko.184;0;1398.55;1.06;0.00;279.97;car;;12;169.00
4471.00;41899283#1_0;148.70;7.61;4283.00;2.87;-230845886_0;5.10;0.00;tripinfo_in_ba_to_as.76;188.00;in_ba_to_as.76;0;1430.78;0.77;0.00;19.68;car;;0;0.00
4473.00;230845886_0;633.12;9.05;4294.00;82.93;23687583_0;5.10;0.00;tripinfo_in_as_to_ba.50;179.00;in_as_to_ba.50;0;1356.50;0.90;0.00;42.84;car;;2;11.00
4475.00;23156305_0;1264.14;10.98;3858.00;1.84;-23142338#2_0;5.10;0.00;tripinfo_in_ns_to_gg.20;617.00;in_ns_to_gg.20;0;3297.24;1.03;0.00;324.39;car;;12;146.00
4476.00;23527526_0;253.75;9.81;4327.00;95.67;23687583_0;5.10;0.00;tripinfo_in_as_to_gj.79;149.00;in_as_to_gj.79;0;649.06;0.94;0.00;85.39;car;;4;39.00
4477.00;23156390_0;1121.44;7.03;3855.00;0.61;-23142338#2_0;5.10;0.00;tripinfo_in_ns_to_br.4;622.00;in_ns_to_br.4;0;2792.05;0.72;0.00;270.29;car;;12;154.00
4477.00;23527526_0;253.75;11.66;4340.00;101.75;23687583_0;5.10;0.00;tripinfo_in_as_to_gj.80;137.00;in_as_to_gj.80;0;649.06;1.09;0.00;83.00;car;;3;35.00
4478.00;23142338#2_0;290.21;11.68;4257.00;27.11;803785575#0_0;5.10;0.00;tripinfo_in_od_to_ns.26;221.00;in_od_to_ns.26;0;1928.29;1.14;0.00;57.34;car;;1;14.00
4479.00;23156390_0;1121.44;10.97;4187.00;29.67;23687583_0;5.10;0.00;tripinfo_in_as_to_br.14;292.00;in_as_to_br.14;0;1694.48;1.02;0.00;140.23;car;;3;31.00
4480.00;41899283#1_0;148.70;10.76;4308.00;7.15;-230845886_0;5.10;0.00;tripinfo_in_ba_to_as.77;172.00;in_ba_to_as.77;0;1430.78;1.00;0.00;42.19;car;;1;9.00
4481.00;23156390_0;1121.44;10.85;4025.00;38.26;803785575#0_0;5.10;0.00;tripinfo_in_od_to_br.58;456.00;in_od_to_br.58;0;3149.31;1.04;0.00;179.79;car;;5;38.00
4481.00;972103805_0;116.86;12.86;4092.00;0.09;-23142338#2_0;5.10;0.00;tripinfo_in_ns_to_ko.185;389.00;in_ns_to_ko.185;0;1398.55;1.18;0.00;282.63;car;;12;159.00
4482.00;23156390_0;1121.44;9.82;4221.00;51.49;23687583_0;5.10;0.00;tripinfo_in_as_to_br.15;261.00;in_as_to_br.15;0;1694.48;0.96;0.00;101.90;car;;2;11.00
4483.00;230845886_0;633.12;10.09;4164.00;8.63;803785575#0_0;5.10;0.00;tripinfo_in_od_to_ba.87;319.00;in_od_to_ba.87;0;2382.14;0.97;0.00;96.47;car;;4;26.00
4484.00;23156390_0;1121.44;11.98;4045.00;25.12;803785575#0_0;5.10;0.00;tripinfo_in_od_to_br.59;439.00;in_od_to_br.59;0;3149.31;1.08;0.00;175.09;car;;6;37.00
4484.00;230845886_0;633.12;10.33;4173.00;12.73;803785575#0_0;5.10;0.00;tripinfo_in_od_to_ba.88;311.00;in_od_to_ba.88;0;2382.14;1.03;0.00;102.38;car;;4;24.00
4484.00;23527526_0;253.75;10.61;4286.00;3.00;-230845886_0;5.10;0.00;tripinfo_in_ba_to_gj.80;198.00;in_ba_to_gj.80;0;1755.68;1.00;0.00;37.42;car;;0;0.00
4485.00;23527526_0;253.75;12.47;4036.00;0.56;-23142338#2_0;5.10;0.00;tripinfo_in_ns_to_gj.14;449.00;in_ns_to_gj.14;0;2084.96;1.14;0.00;283.99;car;;12;158.00
4486.00;23156390_0;1121.44;11.11;4076.00;28.40;803785575#0_0;5.10;0.00;tripinfo_in_od_to_br.60;410.00;in_od_to_br.60;0;3149.31;1.00;0.00;125.11;car;;3;27.00
4486.00;230845886_0;633.12;11.09;4303.00;86.63;23687583_0;5.10;0.00;tripinfo_in_as_to_ba.51;183.00;in_as_to_ba.51;0;1356.50;1.11;0.00;73.09;car;;3;33.00
4488.00;23527526_0;253.75;11.77;4289.00;1.88;-230845886_0;5.10;0.00;tripinfo_in_ba_to_gj.81;199.00;in_ba_to_gj.81;0;1755.68;1.09;0.00;51.91;car;;1;1.00
4488.00;41899283#1_0;148.70;11.73;4318.00;6.45;-230845886_0;5.10;0.00;tripinfo_in_ba_to_as.78;170.00;in_ba_to_as.78;0;1430.78;1.08;0.00;50.16;car;;1;5.00
4489.00;23156390_0;1121.44;10.11;4091.00;29.53;803785575#0_0;5.10;0.00;tripinfo_in_od_to_br.61;398.00;in_od_to_br.61;0;3149.31;0.98;0.00;104.14;car;;4;11.00
4497.00;23156030#6_0;109.07;10.97;3402.00;69.27;23687583_0;5.10;0.00;tripinfo_in_as_to_od.14;1095.00;in_as_to_od.14;0;2357.31;1.09;0.00;900.57;car;;28;598.00
4498.00;23156390_0;1121.44;10.49;4143.00;3.28;803785575#0_0;5.10;0.00;tripinfo_in_od_to_br.62;355.00;in_od_to_br.62;0;3149.31;1.04;0.00;80.83;car;;1;7.00
4499.00;41899283#1_0;148.70;8.59;2458.00;1.39;-45494495_0;5.10;0.00;tripinfo_in_os_to_as.8;2041.00;in_os_to_as.8;0;1746.47;0.85;0.00;1855.59;car;;21;1721.00
4499.00;28716808#1_0;754.74;8.27;4140.00;0.51;803785575#0_0;5.10;0.00;tripinfo_in_od_to_kl.61;359.00;in_od_to_kl.61;0;2678.40;0.81;0.00;59.48;car;;3;11.00
4501.00;28716808#1_0;754.74;8.87;4155.00;8.83;803785575#0_0;5.10;0.00;tripinfo_in_od_to_kl.62;346.00;in_od_to_kl.62;0;2678.40;0.88;0.00;71.24;car;;2;15.00
4501.00;23142338#2_0;290.21;9.91;4224.00;53.63;23687583_0;5.10;0.00;tripinfo_in_as_to_ns.56;277.00;in_as_to_ns.56;0;1995.73;0.90;0.00;75.65;car;;2;21.00
4501.00;41899283#1_0;148.70;13.32;4355.00;0.07;-230845886_0;5.10;0.00;tripinfo_in_ba_to_as.79;146.00;in_ba_to_as.79;0;1430.78;1.21;0.00;38.16;car;;0;0.00
4503.00;28706217_0;94.10;8.51;3984.00;0.52;-23142338#2_0;5.10;0.00;tripinfo_in_ns_to_sl.7;519.00;in_ns_to_sl.7;0;1619.36;1.03;0.00;360.04;car;;14;254.00
4503.00;23142338#2_0;290.21;13.09;4243.00;63.08;23687583_0;5.10;0.00;tripinfo_in_as_to_ns.57;260.00;in_as_to_ns.57;0;1995.73;1.21;0.00;110.49;car;;3;11.00
4509.00;972103805_0;116.86;9.24;4306.00;87.47;23687583_0;5.10;0.00;tripinfo_in_as_to_ko.91;203.00;in_as_to_ko.91;0;1102.39;0.86;0.00;87.40;car;;4;50.00
4511.00;972103805_0;116.86;10.36;4312.00;92.42;23687583_0;5.10;0.00;tripinfo_in_as_to_ko.92;199.00;in_as_to_ko.92;0;1102.39;1.02;0.00;100.50;car;;4;53.00
4514.00;972103805_0;116.86;8.68;4261.00;4.00;-230845886_0;5.10;0.00;tripinfo_in_ba_to_ko.135;253.00;in_ba_to_ko.135;0;2114.29;0.87;0.00;31.69;car;;1;1.00
4516.00;972103805_0;116.86;11.84;4280.00;0.80;-230845886_0;5.10;0.00;tripinfo_in_ba_to_ko.136;236.00;in_ba_to_ko.136;0;2114.29;1.09;0.00;58.66;car;;1;6.00
4517.00;41899283#1_0;148.70;10.40;4372.00;2.83;-230845886_0;5.10;0.00;tripinfo_in_ba_to_as.81;145.00;in_ba_to_as.81;0;1430.78;1.00;0.00;14.91;car;;0;0.00
4518.00;230845886_0;633.12;11.04;4179.00;9.43;803785575#0_0;5.10;0.00;tripinfo_in_od_to_ba.89;339.00;in_od_to_ba.89;0;2382.14;1.07;0.00;137.18;car;;6;40.00
4518.00;972103805_0;116.86;9.06;4227.00;14.11;803785575#0_0;5.10;0.00;tripinfo_in_od_to_ko.116;291.00;in_od_to_ko.116;0;2307.67;0.92;0.00;53.42;car;;2;16.00
4519.00;41899283#1_0;148.70;11.61;4358.00;0.92;-230845886_0;5.10;0.00;tripinfo_in_ba_to_as.80;161.00;in_ba_to_as.80;0;1430.78;1.10;0.00;42.97;car;;2;8.00
4520.00;23527526_0;253.75;10.25;4176.00;13.22;803785575#0_0;5.10;0.00;tripinfo_in_od_to_gj.24;344.00;in_od_to_gj.24;0;2706.99;1.00;0.00;99.01;car;;4;21.00
4520.00;230845886_0;633.12;11.33;4200.00;5.92;803785575#0_0;5.10;0.00;tripinfo_in_od_to_ba.91;320.00;in_od_to_ba.91;0;2382.14;1.13;0.00;129.80;car;;5;30.00
4526.00;972103805_0;116.86;8.28;4113.00;0.58;-23142338#2_0;5.10;0.00;tripinfo_in_ns_to_ko.186;413.00;in_ns_to_ko.186;0;1398.55;0.78;0.00;250.96;car;;12;151.00
4527.00;972103805_0;116.86;9.46;4133.00;0.10;-23142338#2_0;5.10;0.00;tripinfo_in_ns_to_ko.187;394.00;in_ns_to_ko.187;0;1398.55;0.91;0.00;256.11;car;;11;138.00
4530.00;972103805_0;116.86;10.33;4251.00;23.08;803785575#0_0;5.10;0.00;tripinfo_in_od_to_ko.117;279.00;in_od_to_ko.117;0;2307.67;0.95;0.00;46.94;car;;1;16.00
4531.00;23156390_0;1121.44;10.33;4158.00;8.50;803785575#0_0;5.10;0.00;tripinfo_in_od_to_br.63;373.00;in_od_to_br.63;0;3149.31;0.99;0.00;84.73;car;;3;8.00
4535.00;972103805_0;116.86;9.37;4292.00;1.65;-230845886_0;5.10;0.00;tripinfo_in_ba_to_ko.137;243.00;in_ba_to_ko.137;0;2114.29;0.95;0.00;40.42;car;;0;0.00
4536.00;23156305_0;1264.14;9.10;4088.00;30.72;803785575#0_0;5.10;0.00;tripinfo_in_od_to_gg.85;448.00;in_od_to_gg.85;0;3669.96;0.91;0.00;83.65;car;;3;10.00
4536.00;230845886_0;633.12;9.42;4197.00;9.45;803785575#0_0;5.10;0.00;tripinfo_in_od_to_ba.90;339.00;in_od_to_ba.90;0;2382.14;0.94;0.00;110.08;car;;6;24.00
4538.00;23156305_0;1264.14;11.09;4109.00;21.82;803785575#0_0;5.10;0.00;tripinfo_in_od_to_gg.87;429.00;in_od_to_gg.87;0;3669.96;1.07;0.00;117.92;car;;3;3.00
4538.00;230845886_0;633.12;11.59;4318.00;93.14;23687583_0;5.10;0.00;tripinfo_in_as_to_ba.52;220.00;in_as_to_ba.52;0;1356.50;1.11;0.00;109.95;car;;4;47.00
4539.00;28706217_0;94.10;8.50;3098.00;46.67;23687583_0;5.10;0.00;tripinfo_in_as_to_sl.38;1441.00;in_as_to_sl.38;0;1976.75;1.05;0.00;1266.09;car;;40;942.00
4541.00;23527526_0;253.75;11.72;4076.00;0.02;-23142338#2_0;5.10;0.00;tripinfo_in_ns_to_gj.15;465.00;in_ns_to_gj.15;0;2084.96;1.11;0.00;294.68;car;;13;169.00
4544.00;972103805_0;116.86;9.86;4136.00;0.73;-23142338#2_0;5.10;0.00;tripinfo_in_ns_to_ko.188;408.00;in_ns_to_ko.188;0;1398.55;0.99;0.00;280.57;car;;13;166.00
4546.00;972103805_0;116.86;12.36;4148.00;0.89;-23142338#2_0;5.10;0.00;tripinfo_in_ns_to_ko.189;398.00;in_ns_to_ko.189;0;1398.55;1.12;0.00;284.91;car;;12;152.00
4546.00;41899283#1_0;148.70;11.30;4209.00;13.13;803785575#0_0;5.10;0.00;tripinfo_in_od_to_as.78;337.00;in_od_to_as.78;0;2382.09;1.07;0.00;134.51;car;;6;25.00
4546.00;230845886_0;633.12;10.95;4221.00;13.32;803785575#0_0;5.10;0.00;tripinfo_in_od_to_ba.92;325.00;in_od_to_ba.92;0;2382.14;1.06;0.00;121.17;car;;5;27.00
4548.00;23156390_0;1121.44;12.02;4339.00;3.37;-230845886_0;5.10;0.00;tripinfo_in_ba_to_br.4;209.00;in_ba_to_br.4;0;2198.00;1.17;0.00;37.36;car;;0;0.00
4548.00;41899283#1_0;148.70;12.24;4386.00;0.68;-230845886_0;5.10;0.00;tripinfo_in_ba_to_as.82;162.00;in_ba_to_as.82;0;1430.78;1.13;0.00;47.70;car;;0;0.00
4551.00;972103805_0;116.86;9.85;4290.00;31.14;803785575#0_0;5.10;0.00;tripinfo_in_od_to_ko.118;261.00;in_od_to_ko.118;0;2307.67;0.97;0.00;33.95;car;;1;11.00
4553.00;230845886_0;633.12;10.29;4233.00;14.80;803785575#0_0;5.10;0.00;tripinfo_in_od_to_ba.93;320.00;in_od_to_ba.93;0;2382.14;1.00;0.00;104.47;car;;5;22.00
4555.00;972103805_0;116.86;10.57;4305.00;8.01;803785575#0_0;5.10;0.00;tripinfo_in_od_to_ko.119;250.00;in_od_to_ko.119;0;2307.67;0.97;0.00;22.89;car;;0;0.00
4556.00;41899283#1_0;148.70;10.46;4230.00;14.19;803785575#0_0;5.10;0.00;tripinfo_in_od_to_as.79;326.00;in_od_to_as.79;0;2382.09;0.99;0.00;107.55;car;;5;25.00
4557.00;23527526_0;253.75;10.44;4375.00;3.95;-230845886_0;5.10;0.00;tripinfo_in_ba_to_gj.82;182.00;in_ba_to_gj.82;0;1755.68;0.95;0.00;14.02;car;;0;0.00
4558.00;23156305_0;1264.14;9.69;4097.00;23.20;803785575#0_0;5.10;0.00;tripinfo_in_od_to_gg.86;461.00;in_od_to_gg.86;0;3669.96;0.88;0.00;82.39;car;;2;5.00
4559.00;23156305_0;1264.14;10.75;4118.00;15.57;803785575#0_0;5.10;0.00;tripinfo_in_od_to_gg.88;441.00;in_od_to_gg.88;0;3669.96;1.11;0.00;142.45;car;;2;10.00
4561.00;23156305_0;1264.14;9.52;4137.00;3.71;803785575#0_0;5.10;0.00;tripinfo_in_od_to_gg.89;424.00;in_od_to_gg.89;0;3669.96;0.97;0.00;81.55;car;;1;9.00
4562.00;28716808#1_0;754.74;9.26;4343.00;0.38;-230845886_0;5.10;0.00;tripinfo_in_ba_to_kl.6;219.00;in_ba_to_kl.6;0;1727.09;0.90;0.00;44.39;car;;2;20.00
4564.00;23527526_0;253.75;12.51;4451.00;145.61;23687583_0;5.10;0.00;tripinfo_in_as_to_gj.81;113.00;in_as_to_gj.81;0;649.06;1.17;0.00;62.24;car;;2;22.00
4566.00;41899283#1_0;148.70;9.07;4061.00;2.49;-23142338#2_0;5.10;0.00;tripinfo_in_ns_to_as.29;505.00;in_ns_to_as.29;0;2009.37;0.88;0.00;297.83;car;;13;177.00
4568.00;41899283#1_0;148.70;11.53;4100.00;3.97;-23142338#2_0;5.10;0.00;tripinfo_in_ns_to_as.30;468.00;in_ns_to_as.30;0;2009.37;1.04;0.00;292.48;car;;12;167.00
4569.00;972103805_0;116.86;8.85;4343.00;104.07;23687583_0;5.10;0.00;tripinfo_in_as_to_ko.93;226.00;in_as_to_ko.93;0;1102.39;0.81;0.00;103.71;car;;5;50.00
4569.00;230845886_0;633.12;10.46;4353.00;107.02;23687583_0;5.10;0.00;tripinfo_in_as_to_ba.53;216.00;in_as_to_ba.53;0;1356.50;0.96;0.00;88.27;car;;5;34.00
4571.00;28716808#1_0;754.74;11.35;4215.00;11.45;803785575#0_0;5.10;0.00;tripinfo_in_od_to_kl.63;356.00;in_od_to_kl.63;0;2678.40;1.09;0.00;133.47;car;;6;25.00
4571.00;972103805_0;116.86;9.84;4357.00;109.93;23687583_0;5.10;0.00;tripinfo_in_as_to_ko.94;214.00;in_as_to_ko.94;0;1102.39;0.99;0.00;113.18;car;;5;43.00
4573.00;23156305_0;1264.14;10.42;4149.00;3.78;803785575#0_0;5.10;0.00;tripinfo_in_od_to_gg.90;424.00;in_od_to_gg.90;0;3669.96;1.03;0.00;100.30;car;;2;10.00
4573.00;972103805_0;116.86;10.93;4360.00;111.40;23687583_0;5.10;0.00;tripinfo_in_as_to_ko.95;213.00;in_as_to_ko.95;0;1102.39;1.03;0.00;115.82;car;;5;41.00
4575.00;972103805_0;116.86;8.43;4298.00;2.16;-230845886_0;5.10;0.00;tripinfo_in_ba_to_ko.138;277.00;in_ba_to_ko.138;0;2114.29;0.87;0.00;56.06;car;;2;14.00
4577.00;972103805_0;116.86;11.92;4301.00;2.88;-230845886_0;5.10;0.00;tripinfo_in_ba_to_ko.139;276.00;in_ba_to_ko.139;0;2114.29;1.08;0.00;98.42;car;;3;22.00
4579.00;972103805_0;116.86;11.68;4304.00;5.65;-230845886_0;5.10;0.00;tripinfo_in_ba_to_ko.140;275.00;in_ba_to_ko.140;0;2114.29;1.06;0.00;92.78;car;;3;20.00
4580.00;41899283#1_0;148.70;8.43;4405.00;6.74;-230845886_0;5.10;0.00;tripinfo_in_ba_to_as.83;175.00;in_ba_to_as.83;0;1430.78;0.84;0.00;20.56;car;;1;2.00
4581.00;972103805_0;116.86;10.46;4157.00;7.59;-23142338#2_0;5.10;0.00;tripinfo_in_ns_to_ko.190;424.00;in_ns_to_ko.190;0;1398.55;1.02;0.00;299.94;car;;15;170.00
4582.00;41899283#1_0;148.70;10.43;4245.00;19.40;803785575#0_0;5.10;0.00;tripinfo_in_od_to_as.80;337.00;in_od_to_as.80;0;2382.09;1.03;0.00;128.10;car;;2;9.00
4583.00;972103805_0;116.86;10.29;4160.00;1.57;-23142338#2_0;5.10;0.00;tripinfo_in_ns_to_ko.191;423.00;in_ns_to_ko.191;0;1398.55;0.98;0.00;294.06;car;;14;152.00
4584.00;41899283#1_0;148.70;10.03;4254.00;24.71;803785575#0_0;5.10;0.00;tripinfo_in_od_to_as.81;330.00;in_od_to_as.81;0;2382.09;0.93;0.00;98.01;car;;3;9.00
4586.00;972103805_0;116.86;9.60;4168.00;0.27;-23142338#2_0;5.10;0.00;tripinfo_in_ns_to_ko.192;418.00;in_ns_to_ko.192;0;1398.55;0.95;0.00;285.15;car;;15;152.00
4586.00;41899283#1_0;148.70;10.62;4263.00;28.60;803785575#0_0;5.10;0.00;tripinfo_in_od_to_as.82;323.00;in_od_to_as.82;0;2382.09;1.02;0.00;110.63;car;;2;8.00
4588.00;972103805_0;116.86;9.84;4311.00;2.81;803785575#0_0;5.10;0.00;tripinfo_in_od_to_ko.120;277.00;in_od_to_ko.120;0;2307.67;0.91;0.00;37.22;car;;1;9.00
4592.00;41899283#1_0;148.70;11.51;4151.00;3.06;-23142338#2_0;5.10;0.00;tripinfo_in_ns_to_as.31;441.00;in_ns_to_as.31;0;2009.37;1.10;0.00;274.80;car;;12;137.00
4593.00;23156390_0;1121.44;8.47;4315.00;93.25;23687583_0;5.10;0.00;tripinfo_in_as_to_br.16;278.00;in_as_to_br.16;0;1694.48;0.84;0.00;95.30;car;;4;50.00
4594.00;972103805_0;116.86;11.60;4389.00;113.84;23687583_0;5.10;0.00;tripinfo_in_as_to_ko.96;205.00;in_as_to_ko.96;0;1102.39;1.07;0.00;111.49;car;;4;55.00
4598.00;23527526_0;253.75;7.99;4379.00;6.42;-230845886_0;5.10;0.00;tripinfo_in_ba_to_gj.83;219.00;in_ba_to_gj.83;0;1755.68;0.80;0.00;19.06;car;;0;0.00
4600.00;28706217_0;94.10;7.90;4025.00;0.79;-23142338#2_0;5.10;0.00;tripinfo_in_ns_to_sl.8;575.00;in_ns_to_sl.8;0;1619.36;1.07;0.00;421.51;car;;16;300.00
4601.00;972103805_0;116.86;8.71;4406.00;130.33;23687583_0;5.10;0.00;tripinfo_in_as_to_ko.97;195.00;in_as_to_ko.97;0;1102.39;0.86;0.00;78.69;car;;4;34.00
4602.00;972103805_0;116.86;10.47;4433.00;153.43;23687583_0;5.10;0.00;tripinfo_in_as_to_ko.98;169.00;in_as_to_ko.98;0;1102.39;1.15;0.00;82.23;car;;2;21.00
4602.00;41899283#1_0;148.70;10.84;4441.00;3.03;-230845886_0;5.10;0.00;tripinfo_in_ba_to_as.84;161.00;in_ba_to_as.84;0;1430.78;1.04;0.00;36.30;car;;1;5.00
4603.00;23142338#2_0;290.21;11.01;4164.00;2.25;-230845886_0;5.10;0.00;tripinfo_in_ba_to_ns.28;439.00;in_ba_to_ns.28;0;2346.36;1.06;0.00;237.60;car;;4;131.00
4605.00;23142338#2_0;290.21;12.16;4183.00;0.49;-230845886_0;5.10;0.00;tripinfo_in_ba_to_ns.29;422.00;in_ba_to_ns.29;0;2346.36;1.16;0.00;238.92;car;;2;123.00
4605.00;972103805_0;116.86;10.19;4315.00;5.74;-230845886_0;5.10;0.00;tripinfo_in_ba_to_ko.141;290.00;in_ba_to_ko.141;0;2114.29;1.00;0.00;97.60;car;;4;43.00
4606.00;972103805_0;116.86;11.63;4321.00;3.46;-230845886_0;5.10;0.00;tripinfo_in_ba_to_ko.142;285.00;in_ba_to_ko.142;0;2114.29;1.13;0.00;114.40;car;;4;42.00
4608.00;972103805_0;116.86;11.82;4362.00;0.60;-230845886_0;5.10;0.00;tripinfo_in_ba_to_ko.143;246.00;in_ba_to_ko.143;0;2114.29;1.11;0.00;72.52;car;;4;28.00
4611.00;23527526_0;253.75;9.92;4408.00;7.17;-230845886_0;5.10;0.00;tripinfo_in_ba_to_gj.84;203.00;in_ba_to_gj.84;0;1755.68;0.90;0.00;26.26;car;;0;0.00
4613.00;972103805_0;116.86;10.22;4172.00;0.94;-23142338#2_0;5.10;0.00;tripinfo_in_ns_to_ko.193;441.00;in_ns_to_ko.193;0;1398.55;0.96;0.00;309.53;car;;17;167.00
4613.00;23156305_0;1264.14;9.01;4385.00;113.01;23687583_0;5.10;0.00;tripinfo_in_as_to_gg.20;228.00;in_as_to_gg.20;0;1600.87;0.91;0.00;69.29;car;;2;19.00
4613.00;23527526_0;253.75;12.41;4458.00;149.86;23687583_0;5.10;0.00;tripinfo_in_as_to_gj.82;155.00;in_as_to_gj.82;0;649.06;1.19;0.00;105.00;car;;3;63.00
4614.00;230845886_0;633.12;10.51;4269.00;26.94;803785575#0_0;5.10;0.00;tripinfo_in_od_to_ba.94;345.00;in_od_to_ba.94;0;2382.14;0.98;0.00;124.19;car;;3;38.00
4615.00;972103805_0;116.86;10.47;4175.00;3.64;-23142338#2_0;5.10;0.00;tripinfo_in_ns_to_ko.194;440.00;in_ns_to_ko.194;0;1398.55;1.02;0.00;316.58;car;;15;171.00
4618.00;230845886_0;633.12;9.98;4437.00;153.06;23687583_0;5.10;0.00;tripinfo_in_as_to_ba.54;181.00;in_as_to_ba.54;0;1356.50;0.98;0.00;56.20;car;;2;19.00
4619.00;972103805_0;116.86;9.31;4341.00;5.86;803785575#0_0;5.10;0.00;tripinfo_in_od_to_ko.121;278.00;in_od_to_ko.121;0;2307.67;0.90;0.00;34.38;car;;1;6.00
4623.00;972103805_0;116.86;11.60;4440.00;154.12;23687583_0;5.10;0.00;tripinfo_in_as_to_ko.99;183.00;in_as_to_ko.99;0;1102.39;1.11;0.00;92.94;car;;3;47.00
4625.00;23156305_0;1264.14;10.13;4161.00;10.74;803785575#0_0;5.10;0.00;tripinfo_in_od_to_gg.91;464.00;in_od_to_gg.91;0;3669.96;0.92;0.00;101.82;car;;4;29.00
4627.00;23156390_0;1121.44;8.44;4170.00;11.73;803785575#0_0;5.10;0.00;tripinfo_in_od_to_br.64;457.00;in_od_to_br.64;0;3149.31;0.84;0.00;117.62;car;;6;36.00
4628.00;23156390_0;1121.44;11.21;4191.00;4.44;803785575#0_0;5.10;0.00;tripinfo_in_od_to_br.65;437.00;in_od_to_br.65;0;3149.31;1.05;0.00;165.59;car;;7;46.00
4628.00;972103805_0;116.86;9.67;4449.00;146.15;23687583_0;5.10;0.00;tripinfo_in_as_to_ko.100;179.00;in_as_to_ko.100;0;1102.39;0.98;0.00;76.45;car;;3;37.00
4630.00;23156390_0;1121.44;12.77;4194.00;6.49;803785575#0_0;5.10;0.00;tripinfo_in_od_to_br.66;436.00;in_od_to_br.66;0;3149.31;1.19;0.00;195.90;car;;7;43.00
4632.00;972103805_0;116.86;11.04;4181.00;0.68;-23142338#2_0;5.10;0.00;tripinfo_in_ns_to_ko.195;451.00;in_ns_to_ko.195;0;1398.55;1.02;0.00;327.89;car;;17;182.00
4632.00;23156390_0;1121.44;10.88;4239.00;18.51;803785575#0_0;5.10;0.00;tripinfo_in_od_to_br.67;393.00;in_od_to_br.67;0;3149.31;1.03;0.00;114.51;car;;5;22.00
4632.00;28716808#1_0;754.74;11.37;4275.00;27.02;803785575#0_0;5.10;0.00;tripinfo_in_od_to_kl.64;357.00;in_od_to_kl.64;0;2678.40;1.12;0.00;141.80;car;;4;37.00
4634.00;23156390_0;1121.44;12.57;4242.00;21.25;803785575#0_0;5.10;0.00;tripinfo_in_od_to_br.68;392.00;in_od_to_br.68;0;3149.31;1.14;0.00;140.65;car;;3;12.00
4636.00;972103805_0;116.86;10.45;4184.00;0.55;-23142338#2_0;5.10;0.00;tripinfo_in_ns_to_ko.196;452.00;in_ns_to_ko.196;0;1398.55;1.05;0.00;331.36;car;;16;183.00
4637.00;972103805_0;116.86;12.49;4203.00;0.07;-23142338#2_0;5.10;0.00;tripinfo_in_ns_to_ko.197;434.00;in_ns_to_ko.197;0;1398.55;1.14;0.00;323.00;car;;15;172.00
4637.00;41899283#1_0;148.70;9.63;4266.00;28.78;803785575#0_0;5.10;0.00;tripinfo_in_od_to_as.83;371.00;in_od_to_as.83;0;2382.09;0.88;0.00;125.37;car;;3;39.00
4641.00;41899283#1_0;148.70;11.19;4493.00;16.02;-230845886_0;5.10;0.00;tripinfo_in_ba_to_as.85;148.00;in_ba_to_as.85;0;1430.78;1.03;0.00;21.80;car;;0;0.00
4645.00;23527526_0;253.75;7.52;4224.00;16.16;803785575#0_0;5.10;0.00;tripinfo_in_od_to_gj.25;421.00;in_od_to_gj.25;0;2706.99;0.70;0.00;69.76;car;;3;14.00
4645.00;23156305_0;1264.14;9.51;4365.00;0.76;-230845886_0;5.10;0.00;tripinfo_in_ba_to_gg.34;280.00;in_ba_to_gg.34;0;2718.65;0.96;0.00;23.69;car;;0;0.00
4647.00;23527526_0;253.75;9.25;4260.00;29.95;803785575#0_0;5.10;0.00;tripinfo_in_od_to_gj.26;387.00;in_od_to_gj.26;0;2706.99;0.93;0.00;123.02;car;;3;8.00
4649.00;23527526_0;253.75;10.01;4432.00;8.75;-230845886_0;5.10;0.00;tripinfo_in_ba_to_gj.85;217.00;in_ba_to_gj.85;0;1755.68;0.90;0.00;40.89;car;;1;7.00
4650.00;972103805_0;116.86;9.92;4365.00;7.74;803785575#0_0;5.10;0.00;tripinfo_in_od_to_ko.122;285.00;in_od_to_ko.122;0;2307.67;0.91;0.00;43.64;car;;1;14.00
4650.00;23156305_0;1264.14;10.34;4369.00;2.65;-230845886_0;5.10;0.00;tripinfo_in_ba_to_gg.35;281.00;in_ba_to_gg.35;0;2718.65;0.99;0.00;30.44;car;;0;0.00
4652.00;28706217_0;94.10;8.28;3108.00;50.49;23687583_0;5.10;0.00;tripinfo_in_as_to_sl.40;1544.00;in_as_to_sl.40;0;1976.75;1.00;0.00;1359.88;car;;41;1053.00
4653.00;23142338#2_0;290.21;8.80;4349.00;107.28;23687583_0;5.10;0.00;tripinfo_in_as_to_ns.58;304.00;in_as_to_ns.58;0;1995.73;0.88;0.00;98.99;car;;4;36.00
4654.00;23527526_0;253.75;10.81;4477.00;147.14;23687583_0;5.10;0.00;tripinfo_in_as_to_gj.83;177.00;in_as_to_gj.83;0;649.06;1.08;0.00;121.90;car;;5;66.00
4654.00;972103805_0;116.86;10.90;4417.00;7.49;-230845886_0;5.10;0.00;tripinfo_in_ba_to_ko.144;237.00;in_ba_to_ko.144;0;2114.29;1.05;0.00;53.70;car;;2;12.00
4657.00;28706217_0;94.10;6.45;4039.00;2.40;-23142338#2_0;5.10;0.00;tripinfo_in_ns_to_sl.9;618.00;in_ns_to_sl.9;0;1619.36;0.89;0.00;433.38;car;;15;324.00
4659.00;23527526_0;253.75;10.92;4510.00;167.39;23687583_0;5.10;0.00;tripinfo_in_as_to_gj.84;149.00;in_as_to_gj.84;0;649.06;1.02;0.00;91.05;car;;4;52.00
4663.00;972103805_0;116.86;9.96;4206.00;0.56;-23142338#2_0;5.10;0.00;tripinfo_in_ns_to_ko.198;457.00;in_ns_to_ko.198;0;1398.55;1.01;0.00;331.52;car;;16;188.00
4664.00;23142338#2_0;290.21;10.74;4237.00;0.02;-230845886_0;5.10;0.00;tripinfo_in_ba_to_ns.30;427.00;in_ba_to_ns.30;0;2346.36;0.97;0.00;207.47;car;;4;135.00
4665.00;41899283#1_0;148.70;9.42;4508.00;21.80;-230845886_0;5.10;0.00;tripinfo_in_ba_to_as.86;157.00;in_ba_to_as.86;0;1430.78;0.95;0.00;19.35;car;;1;1.00
4667.00;972103805_0;116.86;9.68;4209.00;1.72;-23142338#2_0;5.10;0.00;tripinfo_in_ns_to_ko.199;458.00;in_ns_to_ko.199;0;1398.55;0.90;0.00;318.16;car;;17;178.00
4667.00;230845886_0;633.12;10.56;4287.00;28.32;803785575#0_0;5.10;0.00;tripinfo_in_od_to_ba.96;380.00;in_od_to_ba.96;0;2382.14;1.01;0.00;167.04;car;;5;68.00
4669.00;23527526_0;253.75;9.48;4473.00;6.89;-230845886_0;5.10;0.00;tripinfo_in_ba_to_gj.87;196.00;in_ba_to_gj.87;0;1755.68;0.97;0.00;31.37;car;;0;0.00
4670.00;23142338#2_0;290.21;9.18;4324.00;2.25;-230845886_0;5.10;0.00;tripinfo_in_ba_to_ns.32;346.00;in_ba_to_ns.32;0;2346.36;0.92;0.00;115.28;car;;3;68.00
4672.00;23142338#2_0;290.21;10.96;4295.00;1.37;-230845886_0;5.10;0.00;tripinfo_in_ba_to_ns.31;377.00;in_ba_to_ns.31;0;2346.36;1.00;0.00;163.42;car;;4;88.00
4673.00;41899283#1_0;148.70;10.98;4308.00;4.03;803785575#0_0;5.10;0.00;tripinfo_in_od_to_as.84;365.00;in_od_to_as.84;0;2382.09;1.09;0.00;167.27;car;;5;56.00
4675.00;972103805_0;116.86;9.77;4396.00;21.72;803785575#0_0;5.10;0.00;tripinfo_in_od_to_ko.123;279.00;in_od_to_ko.123;0;2307.67;0.95;0.00;47.68;car;;1;16.00
4676.00;230845886_0;633.12;10.29;4281.00;27.26;803785575#0_0;5.10;0.00;tripinfo_in_od_to_ba.95;395.00;in_od_to_ba.95;0;2382.14;0.93;0.00;163.80;car;;5;64.00
4677.00;23142338#2_0;290.21;10.40;4381.00;122.50;23687583_0;5.10;0.00;tripinfo_in_as_to_ns.59;296.00;in_as_to_ns.59;0;1995.73;0.96;0.00;107.07;car;;5;34.00
4677.00;972103805_0;116.86;11.00;4405.00;19.95;803785575#0_0;5.10;0.00;tripinfo_in_od_to_ko.124;272.00;in_od_to_ko.124;0;2307.67;1.02;0.00;56.00;car;;1;15.00
4678.00;230845886_0;633.12;10.57;4095.00;2.07;-23142338#2_0;5.10;0.00;tripinfo_in_ns_to_ba.10;583.00;in_ns_to_ba.10;0;2340.42;1.05;0.00;382.81;car;;16;206.00
4683.00;23527526_0;253.75;8.24;4467.00;5.61;-230845886_0;5.10;0.00;tripinfo_in_ba_to_gj.86;216.00;in_ba_to_gj.86;0;1755.68;0.82;0.00;21.99;car;;0;0.00
4685.00;23527526_0;253.75;10.16;4479.00;12.26;-230845886_0;5.10;0.00;tripinfo_in_ba_to_gj.88;206.00;in_ba_to_gj.88;0;1755.68;1.02;0.00;48.98;car;;0;0.00
4687.00;972103805_0;116.86;9.49;4426.00;11.25;-230845886_0;5.10;0.00;tripinfo_in_ba_to_ko.145;261.00;in_ba_to_ko.145;0;2114.29;0.91;0.00;49.66;car;;3;16.00
4687.00;23527526_0;253.75;9.15;4487.00;16.84;-230845886_0;5.10;0.00;tripinfo_in_ba_to_gj.89;200.00;in_ba_to_gj.89;0;1755.68;0.90;0.00;22.88;car;;0;0.00
4689.00;23156305_0;1264.14;8.48;4455.00;147.32;23687583_0;5.10;0.00;tripinfo_in_as_to_gg.21;234.00;in_as_to_gg.21;0;1600.87;0.85;0.00;62.75;car;;2;22.00
4689.00;23527526_0;253.75;10.34;4517.00;162.33;23687583_0;5.10;0.00;tripinfo_in_as_to_gj.85;172.00;in_as_to_gj.85;0;649.06;0.95;0.00;109.28;car;;4;64.00
4689.00;972103805_0;116.86;9.70;4435.00;9.31;-230845886_0;5.10;0.00;tripinfo_in_ba_to_ko.146;254.00;in_ba_to_ko.146;0;2114.29;0.97;0.00;55.69;car;;2;8.00
4690.00;23142338#2_0;290.21;10.74;4474.00;28.41;803785575#0_0;5.10;0.00;tripinfo_in_od_to_ns.27;216.00;in_od_to_ns.27;0;1928.29;1.05;0.00;38.13;car;;1;18.00
4691.00;28716808#1_0;754.74;10.28;4278.00;29.93;803785575#0_0;5.10;0.00;tripinfo_in_od_to_kl.65;413.00;in_od_to_kl.65;0;2678.40;0.96;0.00;160.26;car;;4;67.00
4691.00;23142338#2_0;290.21;12.24;4483.00;33.58;803785575#0_0;5.10;0.00;tripinfo_in_od_to_ns.28;208.00;in_od_to_ns.28;0;1928.29;1.10;0.00;39.66;car;;1;15.00
4692.00;972103805_0;116.86;10.16;4464.00;148.27;23687583_0;5.10;0.00;tripinfo_in_as_to_ko.101;228.00;in_as_to_ko.101;0;1102.39;0.93;0.00;119.85;car;;4;75.00
4693.00;23142338#2_0;290.21;11.02;4489.00;35.86;803785575#0_0;5.10;0.00;tripinfo_in_od_to_ns.29;204.00;in_od_to_ns.29;0;1928.29;1.09;0.00;32.69;car;;1;8.00
4694.00;23156305_0;1264.14;8.67;4042.00;1.43;-23142338#2_0;5.10;0.00;tripinfo_in_ns_to_gg.21;652.00;in_ns_to_gg.21;0;3297.24;0.84;0.00;294.57;car;;12;169.00
4695.00;972103805_0;116.86;9.63;4451.00;1.80;-230845886_0;5.10;0.00;tripinfo_in_ba_to_ko.147;244.00;in_ba_to_ko.147;0;2114.29;0.92;0.00;35.53;car;;0;0.00
4695.00;23527526_0;253.75;10.18;4514.00;10.42;-230845886_0;5.10;0.00;tripinfo_in_ba_to_gj.90;181.00;in_ba_to_gj.90;0;1755.68;1.01;0.00;23.91;car;;0;0.00
4696.00;23156305_0;1264.14;9.24;4047.00;0.82;-23142338#2_0;5.10;0.00;tripinfo_in_ns_to_gg.22;649.00;in_ns_to_gg.22;0;3297.24;0.87;0.00;304.85;car;;12;177.00
4696.00;230845886_0;633.12;8.73;4302.00;15.25;803785575#0_0;5.10;0.00;tripinfo_in_od_to_ba.97;394.00;in_od_to_ba.97;0;2382.14;0.83;0.00;134.26;car;;4;55.00
4697.00;23156305_0;1264.14;11.60;4053.00;0.44;-23142338#2_0;5.10;0.00;tripinfo_in_ns_to_gg.23;644.00;in_ns_to_gg.23;0;3297.24;1.10;0.00;370.98;car;;12;165.00
4698.00;972103805_0;116.86;8.55;4411.00;23.39;803785575#0_0;5.10;0.00;tripinfo_in_od_to_ko.125;287.00;in_od_to_ko.125;0;2307.67;0.88;0.00;38.94;car;;1;5.00
4699.00;23156305_0;1264.14;10.96;4399.00;0.96;-230845886_0;5.10;0.00;tripinfo_in_ba_to_gg.36;300.00;in_ba_to_gg.36;0;2718.65;1.00;0.00;53.38;car;;0;0.00
4700.00;972103805_0;116.86;10.92;4227.00;0.52;-23142338#2_0;5.10;0.00;tripinfo_in_ns_to_ko.200;473.00;in_ns_to_ko.200;0;1398.55;1.02;0.00;348.81;car;;17;183.00
4701.00;23156305_0;1264.14;11.75;4423.00;8.50;-230845886_0;5.10;0.00;tripinfo_in_ba_to_gg.37;278.00;in_ba_to_gg.37;0;2718.65;1.10;0.00;53.45;car;;1;11.00
4704.00;23527526_0;253.75;10.66;4293.00;27.80;803785575#0_0;5.10;0.00;tripinfo_in_od_to_gj.27;411.00;in_od_to_gj.27;0;2706.99;1.00;0.00;167.51;car;;5;62.00
4704.00;41899283#1_0;148.70;9.80;4532.00;17.05;-230845886_0;5.10;0.00;tripinfo_in_ba_to_as.88;172.00;in_ba_to_as.88;0;1430.78;0.96;0.00;36.23;car;;1;2.00
4705.00;23142338#2_0;290.21;10.64;4416.00;138.41;23687583_0;5.10;0.00;tripinfo_in_as_to_ns.60;289.00;in_as_to_ns.60;0;1995.73;0.99;0.00;106.55;car;;5;54.00
4707.00;23142338#2_0;290.21;12.14;4443.00;156.87;23687583_0;5.10;0.00;tripinfo_in_as_to_ns.61;264.00;in_as_to_ns.61;0;1995.73;1.13;0.00;102.90;car;;4;31.00
4709.00;45494495_0;58.90;11.30;3553.00;2.70;-230845886_0;5.10;0.00;tripinfo_in_ba_to_os.45;1156.00;in_ba_to_os.45;0;1647.96;1.02;0.00;1009.30;car;;25;776.00
4711.00;45494495_0;58.90;10.43;3576.00;49.24;23687583_0;5.10;0.00;tripinfo_in_as_to_os.36;1135.00;in_as_to_os.36;0;1689.77;1.04;0.00;988.40;car;;24;698.00
4712.00;23527526_0;253.75;11.93;4523.00;11.99;-230845886_0;5.10;0.00;tripinfo_in_ba_to_gj.91;189.00;in_ba_to_gj.91;0;1755.68;1.11;0.00;45.13;car;;0;0.00
4714.00;28706217_0;94.10;6.15;3191.00;0.27;-230845886_0;5.10;0.00;tripinfo_in_ba_to_sl.27;1523.00;in_ba_to_sl.27;0;1934.94;0.79;0.00;1295.60;car;;35;1007.00
4714.00;45494495_0;58.90;11.01;4167.00;11.19;803785575#0_0;5.10;0.00;tripinfo_in_od_to_os.108;547.00;in_od_to_os.108;0;969.96;1.09;0.00;466.63;car;;12;418.00
4715.00;41899283#1_0;148.70;7.01;4520.00;10.36;-230845886_0;5.10;0.00;tripinfo_in_ba_to_as.87;195.00;in_ba_to_as.87;0;1430.78;0.73;0.00;18.09;car;;0;0.00
4716.00;28706217_0;94.10;6.53;4064.00;5.30;-23142338#2_0;5.10;0.00;tripinfo_in_ns_to_sl.10;652.00;in_ns_to_sl.10;0;1619.36;0.94;0.00;477.56;car;;17;342.00
4717.00;41899283#1_0;148.70;8.65;4178.00;5.12;-23142338#2_0;5.10;0.00;tripinfo_in_ns_to_as.32;539.00;in_ns_to_as.32;0;2009.37;0.86;0.00;327.39;car;;15;190.00
4718.00;45494495_0;58.90;9.97;4188.00;4.96;803785575#0_0;5.10;0.00;tripinfo_in_od_to_os.110;530.00;in_od_to_os.110;0;969.96;0.93;0.00;435.41;car;;10;386.00
4719.00;23156390_0;1121.44;8.78;4272.00;29.47;803785575#0_0;5.10;0.00;tripinfo_in_od_to_br.69;447.00;in_od_to_br.69;0;3149.31;0.90;0.00;129.45;car;;3;38.00
4719.00;41899283#1_0;148.70;13.01;4335.00;2.81;803785575#0_0;5.10;0.00;tripinfo_in_od_to_as.85;384.00;in_od_to_as.85;0;2382.09;1.19;0.00;202.81;car;;5;69.00
4720.00;23156305_0;1264.14;10.62;4122.00;0.26;-23142338#2_0;5.10;0.00;tripinfo_in_ns_to_gg.24;598.00;in_ns_to_gg.24;0;3297.24;0.98;0.00;291.90;car;;12;155.00
4720.00;45494495_0;58.90;9.73;4206.00;10.47;803785575#0_0;5.10;0.00;tripinfo_in_od_to_os.112;514.00;in_od_to_os.112;0;969.96;0.95;0.00;421.45;car;;7;375.00
4720.00;972103805_0;116.86;8.20;4474.00;147.57;23687583_0;5.10;0.00;tripinfo_in_as_to_ko.102;246.00;in_as_to_ko.102;0;1102.39;0.79;0.00;119.73;car;;5;71.00
4721.00;28716808#1_0;754.74;11.34;4323.00;0.14;803785575#0_0;5.10;0.00;tripinfo_in_od_to_kl.66;398.00;in_od_to_kl.66;0;2678.40;1.03;0.00;161.18;car;;6;52.00
4721.00;230845886_0;633.12;12.06;4456.00;33.64;803785575#0_0;5.10;0.00;tripinfo_in_od_to_ba.104;265.00;in_od_to_ba.104;0;2382.14;1.15;0.00;79.02;car;;3;13.00
4722.00;45494495_0;58.90;9.54;4374.00;10.47;803785575#0_0;5.10;0.00;tripinfo_in_od_to_os.116;348.00;in_od_to_os.116;0;969.96;0.95;0.00;255.90;car;;2;238.00
4722.00;23156305_0;1264.14;11.20;4429.00;7.65;-230845886_0;5.10;0.00;tripinfo_in_ba_to_gg.38;293.00;in_ba_to_gg.38;0;2718.65;1.05;0.00;57.35;car;;2;14.00
4722.00;972103805_0;116.86;11.79;4454.00;1.83;-230845886_0;5.10;0.00;tripinfo_in_ba_to_ko.148;268.00;in_ba_to_ko.148;0;2114.29;1.10;0.00;92.92;car;;2;19.00
4723.00;972103805_0;116.86;11.26;4457.00;2.73;-230845886_0;5.10;0.00;tripinfo_in_ba_to_ko.149;266.00;in_ba_to_ko.149;0;2114.29;1.08;0.00;88.64;car;;1;17.00
4725.00;972103805_0;116.86;10.56;4470.00;7.65;-230845886_0;5.10;0.00;tripinfo_in_ba_to_ko.150;255.00;in_ba_to_ko.150;0;2114.29;1.06;0.00;74.01;car;;1;17.00
4725.00;23142338#2_0;290.21;11.40;4516.00;39.63;803785575#0_0;5.10;0.00;tripinfo_in_od_to_ns.30;209.00;in_od_to_ns.30;0;1928.29;1.03;0.00;28.78;car;;0;0.00
4728.00;972103805_0;116.86;9.20;4447.00;32.56;803785575#0_0;5.10;0.00;tripinfo_in_od_to_ko.126;281.00;in_od_to_ko.126;0;2307.67;0.94;0.00;47.08;car;;2;10.00
4729.00;45494495_0;58.90;8.41;4435.00;29.35;803785575#0_0;5.10;0.00;tripinfo_in_od_to_os.119;294.00;in_od_to_os.119;0;969.96;0.85;0.00;190.37;car;;2;169.00
4730.00;972103805_0;116.86;10.73;4260.00;0.72;-23142338#2_0;5.10;0.00;tripinfo_in_ns_to_ko.201;470.00;in_ns_to_ko.201;0;1398.55;1.01;0.00;344.15;car;;18;193.00
4731.00;23156390_0;1121.44;10.80;4284.00;29.56;803785575#0_0;5.10;0.00;tripinfo_in_od_to_br.70;447.00;in_od_to_br.70;0;3149.31;1.05;0.00;175.17;car;;5;64.00
4732.00;972103805_0;116.86;11.73;4504.00;43.93;803785575#0_0;5.10;0.00;tripinfo_in_od_to_ko.127;228.00;in_od_to_ko.127;0;2307.67;1.15;0.00;35.88;car;;1;1.00
4733.00;23156390_0;1121.44;12.08;4505.00;19.54;-230845886_0;5.10;0.00;tripinfo_in_ba_to_br.5;228.00;in_ba_to_br.5;0;2198.00;1.17;0.00;55.76;car;;2;4.00
4733.00;41899283#1_0;148.70;8.34;4553.00;14.49;-230845886_0;5.10;0.00;tripinfo_in_ba_to_as.89;180.00;in_ba_to_as.89;0;1430.78;0.80;0.00;18.26;car;;0;0.00
4735.00;45494495_0;58.90;9.87;4420.00;27.87;803785575#0_0;5.10;0.00;tripinfo_in_od_to_os.117;315.00;in_od_to_os.117;0;969.96;0.91;0.00;217.98;car;;2;201.00
4735.00;41899283#1_0;148.70;9.65;4423.00;30.21;803785575#0_0;5.10;0.00;tripinfo_in_od_to_as.90;312.00;in_od_to_as.90;0;2382.09;0.96;0.00;88.19;car;;4;26.00
4735.00;230845886_0;633.12;10.96;4438.00;30.78;803785575#0_0;5.10;0.00;tripinfo_in_od_to_ba.102;297.00;in_od_to_ba.102;0;2382.14;0.99;0.00;79.01;car;;3;7.00
4737.00;28716808#1_0;754.74;10.02;4329.00;0.18;803785575#0_0;5.10;0.00;tripinfo_in_od_to_kl.67;408.00;in_od_to_kl.67;0;2678.40;0.95;0.00;151.84;car;;4;56.00
4737.00;45494495_0;58.90;10.91;4495.00;40.74;803785575#0_0;5.10;0.00;tripinfo_in_od_to_os.120;242.00;in_od_to_os.120;0;969.96;0.99;0.00;153.44;car;;4;120.00
4745.00;41899283#1_0;148.70;11.82;4254.00;0.54;-23142338#2_0;5.10;0.00;tripinfo_in_ns_to_as.33;491.00;in_ns_to_as.33;0;2009.37;1.10;0.00;324.19;car;;13;174.00
4746.00;45494495_0;58.90;8.72;4426.00;32.35;803785575#0_0;5.10;0.00;tripinfo_in_od_to_os.118;320.00;in_od_to_os.118;0;969.96;0.90;0.00;221.95;car;;3;195.00
4746.00;972103805_0;116.86;9.76;4476.00;9.35;-230845886_0;5.10;0.00;tripinfo_in_ba_to_ko.151;270.00;in_ba_to_ko.151;0;2114.29;0.90;0.00;54.84;car;;2;19.00
4748.00;45494495_0;58.90;11.24;4540.00;23.97;803785575#0_0;5.10;0.00;tripinfo_in_od_to_os.124;208.00;in_od_to_os.124;0;969.96;1.12;0.00;129.32;car;;3;99.00
4749.00;41899283#1_0;148.70;10.42;4344.00;8.39;803785575#0_0;5.10;0.00;tripinfo_in_od_to_as.86;405.00;in_od_to_as.86;0;2382.09;1.01;0.00;192.22;car;;9;77.00
4749.00;45494495_0;58.90;11.30;4537.00;23.62;803785575#0_0;5.10;0.00;tripinfo_in_od_to_os.123;212.00;in_od_to_os.123;0;969.96;1.11;0.00;133.54;car;;2;95.00
4751.00;41899283#1_0;148.70;12.35;4350.00;7.87;803785575#0_0;5.10;0.00;tripinfo_in_od_to_as.87;401.00;in_od_to_as.87;0;2382.09;1.12;0.00;209.17;car;;8;71.00
4752.00;45494495_0;58.90;9.12;4549.00;25.22;803785575#0_0;5.10;0.00;tripinfo_in_od_to_os.125;203.00;in_od_to_os.125;0;969.96;0.93;0.00;108.61;car;;1;82.00
4754.00;23156305_0;1264.14;10.47;4154.00;4.88;-23142338#2_0;5.10;0.00;tripinfo_in_ns_to_gg.25;600.00;in_ns_to_gg.25;0;3297.24;0.98;0.00;292.20;car;;14;144.00
4754.00;230845886_0;633.12;10.52;4353.00;10.49;803785575#0_0;5.10;0.00;tripinfo_in_od_to_ba.98;401.00;in_od_to_ba.98;0;2382.14;0.95;0.00;174.57;car;;7;61.00
4755.00;23156390_0;1121.44;11.31;4513.00;166.62;23687583_0;5.10;0.00;tripinfo_in_as_to_br.17;242.00;in_as_to_br.17;0;1694.48;1.13;0.00;105.37;car;;3;52.00
4755.00;45494495_0;58.90;10.13;4606.00;21.44;803785575#0_0;5.10;0.00;tripinfo_in_od_to_os.127;149.00;in_od_to_os.127;0;969.96;0.97;0.00;57.54;car;;1;32.00
4760.00;45494495_0;58.90;8.17;4627.00;6.43;803785575#0_0;5.10;0.00;tripinfo_in_od_to_os.128;133.00;in_od_to_os.128;0;969.96;0.74;0.00;14.43;car;;0;0.00
4761.00;230845886_0;633.12;10.88;4362.00;5.56;803785575#0_0;5.10;0.00;tripinfo_in_od_to_ba.99;399.00;in_od_to_ba.99;0;2382.14;1.00;0.00;183.14;car;;8;57.00
4765.00;23527526_0;253.75;10.51;4220.00;0.56;-23142338#2_0;5.10;0.00;tripinfo_in_ns_to_gj.16;545.00;in_ns_to_gj.16;0;2084.96;0.97;0.00;350.67;car;;16;196.00
4766.00;230845886_0;633.12;11.86;4432.00;33.16;803785575#0_0;5.10;0.00;tripinfo_in_od_to_ba.101;334.00;in_od_to_ba.101;0;2382.14;1.07;0.00;133.23;car;;7;27.00
4769.00;45494495_0;58.90;9.75;3523.00;44.25;23687583_0;5.10;0.00;tripinfo_in_as_to_os.34;1246.00;in_as_to_os.34;0;1689.77;0.96;0.00;1087.03;car;;19;827.00
4771.00;230845886_0;633.12;10.72;4368.00;8.17;803785575#0_0;5.10;0.00;tripinfo_in_od_to_ba.100;403.00;in_od_to_ba.100;0;2382.14;1.02;0.00;191.23;car;;7;51.00
4774.00;23527526_0;253.75;8.41;4627.00;217.17;23687583_0;5.10;0.00;tripinfo_in_as_to_gj.86;147.00;in_as_to_gj.86;0;649.06;0.82;0.00;74.75;car;;4;44.00
4774.00;45494495_0;58.90;7.85;4648.00;19.04;803785575#0_0;5.10;0.00;tripinfo_in_od_to_os.130;126.00;in_od_to_os.130;0;969.96;0.78;0.00;13.56;car;;0;0.00
4776.00;45494495_0;58.90;11.94;4519.00;41.87;803785575#0_0;5.10;0.00;tripinfo_in_od_to_os.121;257.00;in_od_to_os.121;0;969.96;1.08;0.00;175.28;car;;6;144.00
4777.00;41899283#1_0;148.70;10.63;4267.00;0.36;-23142338#2_0;5.10;0.00;tripinfo_in_ns_to_as.34;510.00;in_ns_to_as.34;0;2009.37;1.01;0.00;329.48;car;;15;179.00
4777.00;972103805_0;116.86;9.08;4546.00;168.55;23687583_0;5.10;0.00;tripinfo_in_as_to_ko.103;231.00;in_as_to_ko.103;0;1102.39;0.91;0.00;121.50;car;;4;73.00
4777.00;230845886_0;633.12;9.73;4462.00;38.47;803785575#0_0;5.10;0.00;tripinfo_in_od_to_ba.105;315.00;in_od_to_ba.105;0;2382.14;0.99;0.00;96.93;car;;3;19.00
4779.00;972103805_0;116.86;9.85;4595.00;208.77;23687583_0;5.10;0.00;tripinfo_in_as_to_ko.104;184.00;in_as_to_ko.104;0;1102.39;0.90;0.00;74.13;car;;3;36.00
4779.00;41899283#1_0;148.70;11.89;4620.00;0.03;-230845886_0;5.10;0.00;tripinfo_in_ba_to_as.90;159.00;in_ba_to_as.90;0;1430.78;1.12;0.00;42.57;car;;2;8.00
4781.00;45494495_0;58.90;12.82;4666.00;21.06;803785575#0_0;5.10;0.00;tripinfo_in_od_to_os.132;115.00;in_od_to_os.132;0;969.96;1.21;0.00;42.03;car;;2;5.00
4782.00;972103805_0;116.86;10.95;4526.00;12.17;-230845886_0;5.10;0.00;tripinfo_in_ba_to_ko.152;256.00;in_ba_to_ko.152;0;2114.29;0.99;0.00;62.19;car;;2;12.00
4784.00;972103805_0;116.86;10.91;4529.00;14.42;-230845886_0;5.10;0.00;tripinfo_in_ba_to_ko.153;255.00;in_ba_to_ko.153;0;2114.29;1.00;0.00;63.20;car;;2;9.00
4785.00;23156305_0;1264.14;10.89;4502.00;19.42;-230845886_0;5.10;0.00;tripinfo_in_ba_to_gg.39;283.00;in_ba_to_gg.39;0;2718.65;1.02;0.00;39.12;car;;1;6.00
4786.00;972103805_0;116.86;11.16;4542.00;14.96;-230845886_0;5.10;0.00;tripinfo_in_ba_to_ko.154;244.00;in_ba_to_ko.154;0;2114.29;1.04;0.00;58.51;car;;1;3.00
4787.00;45494495_0;58.90;9.36;4525.00;36.21;803785575#0_0;5.10;0.00;tripinfo_in_od_to_os.122;262.00;in_od_to_os.122;0;969.96;0.89;0.00;163.03;car;;5;135.00
4788.00;45494495_0;58.90;11.33;4630.00;8.33;803785575#0_0;5.10;0.00;tripinfo_in_od_to_os.129;158.00;in_od_to_os.129;0;969.96;1.14;0.00;81.43;car;;3;43.00
4790.00;41899283#1_0;148.70;8.41;4356.00;7.66;803785575#0_0;5.10;0.00;tripinfo_in_od_to_as.88;434.00;in_od_to_as.88;0;2382.09;0.86;0.00;183.31;car;;9;63.00
4792.00;45494495_0;58.90;9.59;4558.00;22.12;803785575#0_0;5.10;0.00;tripinfo_in_od_to_os.126;234.00;in_od_to_os.126;0;969.96;0.91;0.00;137.39;car;;4;106.00
4793.00;972103805_0;116.86;6.82;4278.00;1.29;-23142338#2_0;5.10;0.00;tripinfo_in_ns_to_ko.202;515.00;in_ns_to_ko.202;0;1398.55;0.69;0.00;332.19;car;;17;196.00
4793.00;41899283#1_0;148.70;9.35;4459.00;36.22;803785575#0_0;5.10;0.00;tripinfo_in_od_to_as.91;334.00;in_od_to_as.91;0;2382.09;0.93;0.00;102.84;car;;3;24.00
4794.00;45494495_0;58.90;11.11;4651.00;20.50;803785575#0_0;5.10;0.00;tripinfo_in_od_to_os.131;143.00;in_od_to_os.131;0;969.96;1.07;0.00;60.27;car;;2;25.00
4795.00;28706217_0;94.10;8.61;3130.00;32.93;23687583_0;5.10;0.00;tripinfo_in_as_to_sl.42;1665.00;in_as_to_sl.42;0;1976.75;1.09;0.00;1497.23;car;;41;1154.00
4795.00;972103805_0;116.86;10.39;4290.00;0.24;-23142338#2_0;5.10;0.00;tripinfo_in_ns_to_ko.203;505.00;in_ns_to_ko.203;0;1398.55;0.97;0.00;375.35;car;;16;180.00
4797.00;972103805_0;116.86;10.95;4510.00;35.98;803785575#0_0;5.10;0.00;tripinfo_in_od_to_ko.128;287.00;in_od_to_ko.128;0;2307.67;1.07;0.00;81.22;car;;2;13.00
4798.00;45494495_0;58.90;8.34;4678.00;23.55;803785575#0_0;5.10;0.00;tripinfo_in_od_to_os.133;120.00;in_od_to_os.133;0;969.96;0.81;0.00;12.23;car;;0;0.00
4799.00;972103805_0;116.86;10.26;4513.00;38.98;803785575#0_0;5.10;0.00;tripinfo_in_od_to_ko.129;286.00;in_od_to_ko.129;0;2307.67;0.95;0.00;55.26;car;;1;2.00
4799.00;23527526_0;253.75;9.00;4604.00;0.56;-230845886_0;5.10;0.00;tripinfo_in_ba_to_gj.92;195.00;in_ba_to_gj.92;0;1755.68;0.89;0.00;15.59;car;;0;0.00
4801.00;28706217_0;94.10;7.65;3237.00;0.58;-230845886_0;5.10;0.00;tripinfo_in_ba_to_sl.29;1564.00;in_ba_to_sl.29;0;1934.94;0.95;0.00;1375.00;car;;34;1056.00
4801.00;972103805_0;116.86;10.52;4352.00;0.07;-23142338#2_0;5.10;0.00;tripinfo_in_ns_to_ko.204;449.00;in_ns_to_ko.204;0;1398.55;1.01;0.00;323.34;car;;14;174.00
4801.00;230845886_0;633.12;8.95;4501.00;41.90;803785575#0_0;5.10;0.00;tripinfo_in_od_to_ba.106;300.00;in_od_to_ba.106;0;2382.14;0.89;0.00;58.63;car;;2;11.00
4801.00;23527526_0;253.75;10.16;4608.00;0.25;-230845886_0;5.10;0.00;tripinfo_in_ba_to_gj.93;193.00;in_ba_to_gj.93;0;1755.68;1.00;0.00;33.98;car;;0;0.00
4802.00;28716808#1_0;754.74;9.28;4347.00;11.11;803785575#0_0;5.10;0.00;tripinfo_in_od_to_kl.68;455.00;in_od_to_kl.68;0;2678.40;0.88;0.00;178.73;car;;9;74.00
4803.00;28706217_0;94.10;8.10;3188.00;14.26;-230845886_0;5.10;0.00;tripinfo_in_ba_to_sl.26;1615.00;in_ba_to_sl.26;0;1934.94;1.11;0.00;1452.64;car;;41;1153.00
4803.00;28716808#1_0;754.74;10.36;4480.00;30.84;803785575#0_0;5.10;0.00;tripinfo_in_od_to_kl.77;323.00;in_od_to_kl.77;0;2678.40;1.06;0.00;95.85;car;;3;8.00
4803.00;972103805_0;116.86;9.26;4522.00;33.70;803785575#0_0;5.10;0.00;tripinfo_in_od_to_ko.130;281.00;in_od_to_ko.130;0;2307.67;0.93;0.00;45.89;car;;1;13.00
4803.00;230845886_0;633.12;9.74;4534.00;39.63;803785575#0_0;5.10;0.00;tripinfo_in_od_to_ba.107;269.00;in_od_to_ba.107;0;2382.14;0.95;0.00;41.43;car;;1;1.00
4806.00;28706217_0;94.10;8.46;3144.00;35.99;23687583_0;5.10;0.00;tripinfo_in_as_to_sl.43;1662.00;in_as_to_sl.43;0;1976.75;1.04;0.00;1486.11;car;;42;1166.00
4806.00;972103805_0;116.86;9.96;4528.00;38.74;803785575#0_0;5.10;0.00;tripinfo_in_od_to_ko.131;278.00;in_od_to_ko.131;0;2307.67;0.96;0.00;50.04;car;;1;12.00
4808.00;230845886_0;633.12;9.02;4163.00;4.51;-23142338#2_0;5.10;0.00;tripinfo_in_ns_to_ba.11;645.00;in_ns_to_ba.11;0;2340.42;0.87;0.00;403.01;car;;18;179.00
4808.00;28716808#1_0;754.74;10.88;4359.00;3.73;803785575#0_0;5.10;0.00;tripinfo_in_od_to_kl.69;449.00;in_od_to_kl.69;0;2678.40;1.00;0.00;206.23;car;;12;75.00
4808.00;41899283#1_0;148.70;11.59;4399.00;24.68;803785575#0_0;5.10;0.00;tripinfo_in_od_to_as.89;409.00;in_od_to_as.89;0;2382.09;1.08;0.00;210.43;car;;6;48.00
4808.00;972103805_0;116.86;11.26;4549.00;19.51;-230845886_0;5.10;0.00;tripinfo_in_ba_to_ko.155;259.00;in_ba_to_ko.155;0;2114.29;1.03;0.00;71.39;car;;2;19.00
4810.00;28716808#1_0;754.74;10.79;4371.00;8.33;803785575#0_0;5.10;0.00;tripinfo_in_od_to_kl.70;439.00;in_od_to_kl.70;0;2678.40;1.04;0.00;205.72;car;;8;57.00
4810.00;230845886_0;633.12;11.00;4441.00;33.01;803785575#0_0;5.10;0.00;tripinfo_in_od_to_ba.103;369.00;in_od_to_ba.103;0;2382.14;1.10;0.00;173.06;car;;4;20.00
4810.00;972103805_0;116.86;10.44;4555.00;7.76;-230845886_0;5.10;0.00;tripinfo_in_ba_to_ko.156;255.00;in_ba_to_ko.156;0;2114.29;1.02;0.00;66.81;car;;2;16.00
4811.00;23156390_0;1121.44;8.39;4191.00;0.92;-23142338#2_0;5.10;0.00;tripinfo_in_ns_to_br.5;620.00;in_ns_to_br.5;0;2792.05;0.85;0.00;321.56;car;;15;166.00
4812.00;972103805_0;116.86;10.71;4559.00;10.34;-230845886_0;5.10;0.00;tripinfo_in_ba_to_ko.157;253.00;in_ba_to_ko.157;0;2114.29;1.06;0.00;70.10;car;;1;15.00
4813.00;23156305_0;1264.14;10.02;4299.00;23.64;803785575#0_0;5.10;0.00;tripinfo_in_od_to_gg.92;514.00;in_od_to_gg.92;0;3669.96;0.95;0.00;164.29;car;;5;59.00
4813.00;23156390_0;1121.44;9.33;4332.00;0.89;803785575#0_0;5.10;0.00;tripinfo_in_od_to_br.71;481.00;in_od_to_br.71;0;3149.31;0.94;0.00;177.49;car;;5;67.00
4815.00;23156390_0;1121.44;11.89;4230.00;3.35;-23142338#2_0;5.10;0.00;tripinfo_in_ns_to_br.6;585.00;in_ns_to_br.6;0;2792.05;1.09;0.00;351.39;car;;17;183.00
4815.00;972103805_0;116.86;9.93;4543.00;26.94;803785575#0_0;5.10;0.00;tripinfo_in_od_to_ko.132;272.00;in_od_to_ko.132;0;2307.67;1.00;0.00;51.87;car;;2;11.00
4817.00;972103805_0;116.86;11.07;4368.00;1.28;-23142338#2_0;5.10;0.00;tripinfo_in_ns_to_ko.205;449.00;in_ns_to_ko.205;0;1398.55;1.05;0.00;329.07;car;;15;183.00
4817.00;23156305_0;1264.14;11.24;4624.00;226.55;23687583_0;5.10;0.00;tripinfo_in_as_to_gg.22;193.00;in_as_to_gg.22;0;1600.87;1.08;0.00;58.83;car;;2;25.00
4819.00;972103805_0;116.86;12.25;4371.00;3.29;-23142338#2_0;5.10;0.00;tripinfo_in_ns_to_ko.206;448.00;in_ns_to_ko.206;0;1398.55;1.12;0.00;335.59;car;;16;175.00
4819.00;23156390_0;1121.44;10.33;4549.00;170.77;23687583_0;5.10;0.00;tripinfo_in_as_to_br.18;270.00;in_as_to_br.18;0;1694.48;1.03;0.00;121.30;car;;5;73.00
4819.00;45494495_0;58.90;10.89;4708.00;28.53;803785575#0_0;5.10;0.00;tripinfo_in_od_to_os.134;111.00;in_od_to_os.134;0;969.96;1.02;0.00;24.51;car;;2;4.00
4821.00;45494495_0;58.90;10.19;3554.00;49.76;23687583_0;5.10;0.00;tripinfo_in_as_to_os.35;1267.00;in_as_to_os.35;0;1689.77;1.02;0.00;1117.43;car;;20;840.00
4822.00;45494495_0;58.90;11.98;3684.00;8.97;-230845886_0;5.10;0.00;tripinfo_in_ba_to_os.50;1138.00;in_ba_to_os.50;0;1647.96;1.08;0.00;1000.36;car;;21;687.00
4822.00;23142338#2_0;290.21;9.61;4582.00;18.22;803785575#0_0;5.10;0.00;tripinfo_in_od_to_ns.31;240.00;in_od_to_ns.31;0;1928.29;0.94;0.00;41.43;car;;1;11.00
4823.00;972103805_0;116.86;10.78;4546.00;24.95;803785575#0_0;5.10;0.00;tripinfo_in_od_to_ko.133;277.00;in_od_to_ko.133;0;2307.67;1.05;0.00;66.84;car;;2;20.00
4825.00;28716808#1_0;754.74;9.76;4386.00;17.90;803785575#0_0;5.10;0.00;tripinfo_in_od_to_kl.71;439.00;in_od_to_kl.71;0;2678.40;0.99;0.00;194.41;car;;7;40.00
4825.00;41899283#1_0;148.70;12.07;4471.00;27.36;803785575#0_0;5.10;0.00;tripinfo_in_od_to_as.92;354.00;in_od_to_as.92;0;2382.09;1.11;0.00;160.01;car;;3;17.00
4825.00;972103805_0;116.86;10.62;4561.00;23.10;803785575#0_0;5.10;0.00;tripinfo_in_od_to_ko.134;264.00;in_od_to_ko.134;0;2307.67;1.03;0.00;50.96;car;;1;18.00
4828.00;972103805_0;116.86;10.30;4564.00;13.24;803785575#0_0;5.10;0.00;tripinfo_in_od_to_ko.135;264.00;in_od_to_ko.135;0;2307.67;0.99;0.00;43.37;car;;1;11.00
4830.00;972103805_0;116.86;11.36;4567.00;15.23;803785575#0_0;5.10;0.00;tripinfo_in_od_to_ko.136;263.00;in_od_to_ko.136;0;2307.67;1.03;0.00;49.07;car;;1;10.00
4832.00;23142338#2_0;290.21;8.99;4506.00;163.58;23687583_0;5.10;0.00;tripinfo_in_as_to_ns.62;326.00;in_as_to_ns.62;0;1995.73;0.90;0.00;124.28;car;;6;68.00
4834.00;41899283#1_0;148.70;10.08;4281.00;0.04;-23142338#2_0;5.10;0.00;tripinfo_in_ns_to_as.35;553.00;in_ns_to_as.35;0;2009.37;0.95;0.00;360.93;car;;18;197.00
4836.00;41899283#1_0;148.70;11.08;4314.00;0.43;-23142338#2_0;5.10;0.00;tripinfo_in_ns_to_as.36;522.00;in_ns_to_as.36;0;2009.37;1.09;0.00;353.82;car;;14;187.00
4836.00;28716808#1_0;754.74;11.53;4417.00;25.08;803785575#0_0;5.10;0.00;tripinfo_in_od_to_kl.72;419.00;in_od_to_kl.72;0;2678.40;1.10;0.00;198.65;car;;5;35.00
4837.00;230845886_0;633.12;10.55;4275.00;0.97;-23142338#2_0;5.10;0.00;tripinfo_in_ns_to_ba.12;562.00;in_ns_to_ba.12;0;2340.42;1.00;0.00;352.37;car;;16;178.00
4837.00;972103805_0;116.86;9.41;4630.00;218.31;23687583_0;5.10;0.00;tripinfo_in_as_to_ko.105;207.00;in_as_to_ko.105;0;1102.39;0.89;0.00;94.97;car;;5;55.00
4839.00;23156390_0;1121.44;10.67;4621.00;225.35;23687583_0;5.10;0.00;tripinfo_in_as_to_br.19;218.00;in_as_to_br.19;0;1694.48;0.97;0.00;59.61;car;;2;25.00
4839.00;972103805_0;116.86;11.73;4637.00;214.06;23687583_0;5.10;0.00;tripinfo_in_as_to_ko.106;202.00;in_as_to_ko.106;0;1102.39;1.06;0.00;108.24;car;;6;57.00
4840.00;23527526_0;253.75;11.20;4389.00;18.04;803785575#0_0;5.10;0.00;tripinfo_in_od_to_gj.28;451.00;in_od_to_gj.28;0;2706.99;1.02;0.00;210.80;car;;9;44.00
4841.00;972103805_0;116.86;11.63;4641.00;213.53;23687583_0;5.10;0.00;tripinfo_in_as_to_ko.107;200.00;in_as_to_ko.107;0;1102.39;1.06;0.00;105.97;car;;6;54.00
4845.00;972103805_0;116.86;9.15;4584.00;0.60;-230845886_0;5.10;0.00;tripinfo_in_ba_to_ko.158;261.00;in_ba_to_ko.158;0;2114.29;0.86;0.00;37.85;car;;1;3.00
4847.00;972103805_0;116.86;9.69;4417.00;0.77;-23142338#2_0;5.10;0.00;tripinfo_in_ns_to_ko.207;430.00;in_ns_to_ko.207;0;1398.55;0.92;0.00;293.22;car;;14;165.00
4848.00;28716808#1_0;754.74;10.92;4444.00;31.71;803785575#0_0;5.10;0.00;tripinfo_in_od_to_kl.73;404.00;in_od_to_kl.73;0;2678.40;1.01;0.00;164.08;car;;4;17.00
4849.00;972103805_0;116.86;12.35;4420.00;3.46;-23142338#2_0;5.10;0.00;tripinfo_in_ns_to_ko.208;429.00;in_ns_to_ko.208;0;1398.55;1.15;0.00;318.97;car;;14;164.00
4849.00;41899283#1_0;148.70;9.14;4498.00;39.33;803785575#0_0;5.10;0.00;tripinfo_in_od_to_as.93;351.00;in_od_to_as.93;0;2382.09;0.91;0.00;114.98;car;;2;11.00
4850.00;23156305_0;1264.14;11.08;4338.00;5.74;803785575#0_0;5.10;0.00;tripinfo_in_od_to_gg.94;512.00;in_od_to_gg.94;0;3669.96;1.08;0.00;204.04;car;;8;71.00
4850.00;28716808#1_0;754.74;12.74;4644.00;209.42;23687583_0;5.10;0.00;tripinfo_in_as_to_kl.21;206.00;in_as_to_kl.21;0;1207.92;1.16;0.00;111.12;car;;6;50.00
4851.00;41899283#1_0;148.70;10.95;4552.00;24.31;803785575#0_0;5.10;0.00;tripinfo_in_od_to_as.94;299.00;in_od_to_as.94;0;2382.09;0.99;0.00;80.98;car;;0;0.00
4851.00;23142338#2_0;290.21;8.50;4591.00;19.69;803785575#0_0;5.10;0.00;tripinfo_in_od_to_ns.32;260.00;in_od_to_ns.32;0;1928.29;0.88;0.00;48.74;car;;1;20.00
4853.00;41899283#1_0;148.70;11.51;4573.00;16.27;803785575#0_0;5.10;0.00;tripinfo_in_od_to_as.96;280.00;in_od_to_as.96;0;2382.09;1.09;0.00;82.36;car;;0;0.00
4854.00;23142338#2_0;290.21;10.47;4520.00;164.45;23687583_0;5.10;0.00;tripinfo_in_as_to_ns.63;334.00;in_as_to_ns.63;0;1995.73;1.01;0.00;154.22;car;;7;88.00
4857.00;230845886_0;633.12;11.84;4615.00;19.77;803785575#0_0;5.10;0.00;tripinfo_in_od_to_ba.108;242.00;in_od_to_ba.108;0;2382.14;1.07;0.00;39.50;car;;0;0.00
4859.00;41899283#1_0;148.70;10.41;4576.00;16.92;803785575#0_0;5.10;0.00;tripinfo_in_od_to_as.97;283.00;in_od_to_as.97;0;2382.09;0.94;0.00;53.82;car;;0;0.00
4861.00;41899283#1_0;148.70;10.02;4555.00;20.13;803785575#0_0;5.10;0.00;tripinfo_in_od_to_as.95;306.00;in_od_to_as.95;0;2382.09;0.96;0.00;81.12;car;;0;0.00
4863.00;41899283#1_0;148.70;11.07;4585.00;16.91;803785575#0_0;5.10;0.00;tripinfo_in_od_to_as.98;278.00;in_od_to_as.98;0;2382.09;1.01;0.00;65.06;car;;0;0.00
4864.00;23156390_0;1121.44;10.82;4377.00;12.77;803785575#0_0;5.10;0.00;tripinfo_in_od_to_br.72;487.00;in_od_to_br.72;0;3149.31;1.00;0.00;200.59;car;;7;45.00
4865.00;28706217_0;94.10;8.92;3227.00;4.12;-230845886_0;5.10;0.00;tripinfo_in_ba_to_sl.28;1638.00;in_ba_to_sl.28;0;1934.94;1.20;0.00;1487.65;car;;39;1119.00
4866.00;41899283#1_0;148.70;10.58;4363.00;0.51;-23142338#2_0;5.10;0.00;tripinfo_in_ns_to_as.37;503.00;in_ns_to_as.37;0;2009.37;1.01;0.00;321.08;car;;14;176.00
4871.00;23527526_0;253.75;11.89;4328.00;0.40;-23142338#2_0;5.10;0.00;tripinfo_in_ns_to_gj.17;543.00;in_ns_to_gj.17;0;2084.96;1.11;0.00;372.56;car;;17;209.00
4871.00;41899283#1_0;148.70;10.06;4600.00;22.32;803785575#0_0;5.10;0.00;tripinfo_in_od_to_as.99;271.00;in_od_to_as.99;0;2382.09;0.98;0.00;51.01;car;;1;7.00
4873.00;28716808#1_0;754.74;9.91;4467.00;27.18;803785575#0_0;5.10;0.00;tripinfo_in_od_to_kl.75;406.00;in_od_to_kl.75;0;2678.40;0.93;0.00;146.99;car;;5;20.00
4875.00;28716808#1_0;754.74;10.76;4465.00;26.13;803785575#0_0;5.10;0.00;tripinfo_in_od_to_kl.74;410.00;in_od_to_kl.74;0;2678.40;1.00;0.00;167.95;car;;6;28.00
4876.00;972103805_0;116.86;9.54;4570.00;14.59;803785575#0_0;5.10;0.00;tripinfo_in_od_to_ko.137;306.00;in_od_to_ko.137;0;2307.67;0.87;0.00;53.03;car;;2;21.00
4877.00;28716808#1_0;754.74;10.30;4477.00;29.14;803785575#0_0;5.10;0.00;tripinfo_in_od_to_kl.76;400.00;in_od_to_kl.76;0;2678.40;1.03;0.00;164.28;car;;6;21.00
4877.00;23156390_0;1121.44;9.98;4486.00;33.40;803785575#0_0;5.10;0.00;tripinfo_in_od_to_br.76;391.00;in_od_to_br.76;0;3149.31;0.94;0.00;86.42;car;;2;4.00
4878.00;972103805_0;116.86;9.24;4579.00;15.29;803785575#0_0;5.10;0.00;tripinfo_in_od_to_ko.138;299.00;in_od_to_ko.138;0;2307.67;0.91;0.00;57.92;car;;2;21.00
4890.00;230845886_0;633.12;9.76;4633.00;9.60;803785575#0_0;5.10;0.00;tripinfo_in_od_to_ba.109;257.00;in_od_to_ba.109;0;2382.14;0.91;0.00;19.16;car;;0;0.00
4894.00;23156390_0;1121.44;9.92;4392.00;18.93;803785575#0_0;5.10;0.00;tripinfo_in_od_to_br.73;502.00;in_od_to_br.73;0;3149.31;0.94;0.00;197.99;car;;8;41.00
4895.00;28716808#1_0;754.74;8.61;4531.00;37.13;803785575#0_0;5.10;0.00;tripinfo_in_od_to_kl.78;364.00;in_od_to_kl.78;0;2678.40;0.83;0.00;73.52;car;;0;0.00
4896.00;23156390_0;1121.44;11.17;4429.00;30.57;803785575#0_0;5.10;0.00;tripinfo_in_od_to_br.74;467.00;in_od_to_br.74;0;3149.31;1.04;0.00;191.63;car;;5;29.00
4896.00;972103805_0;116.86;9.89;4655.00;212.39;23687583_0;5.10;0.00;tripinfo_in_as_to_ko.108;241.00;in_as_to_ko.108;0;1102.39;0.93;0.00;133.46;car;;7;71.00
4897.00;23156305_0;1264.14;9.14;4326.00;2.20;803785575#0_0;5.10;0.00;tripinfo_in_od_to_gg.93;571.00;in_od_to_gg.93;0;3669.96;0.83;0.00;171.76;car;;5;65.00
4897.00;28716808#1_0;754.74;10.59;4594.00;22.59;803785575#0_0;5.10;0.00;tripinfo_in_od_to_kl.79;303.00;in_od_to_kl.79;0;2678.40;1.03;0.00;66.56;car;;1;8.00
4898.00;972103805_0;116.86;10.37;4658.00;214.86;23687583_0;5.10;0.00;tripinfo_in_as_to_ko.109;240.00;in_as_to_ko.109;0;1102.39;1.00;0.00;139.76;car;;7;67.00
4899.00;23156305_0;1264.14;9.94;4212.00;4.24;-23142338#2_0;5.10;0.00;tripinfo_in_ns_to_gg.26;687.00;in_ns_to_gg.26;0;3297.24;0.95;0.00;369.47;car;;17;187.00
4899.00;23156390_0;1121.44;9.99;4450.00;35.11;803785575#0_0;5.10;0.00;tripinfo_in_od_to_br.75;449.00;in_od_to_br.75;0;3149.31;1.00;0.00;162.02;car;;3;17.00
4900.00;23156305_0;1264.14;11.60;4380.00;13.81;803785575#0_0;5.10;0.00;tripinfo_in_od_to_gg.95;520.00;in_od_to_gg.95;0;3669.96;1.13;0.00;226.82;car;;8;55.00
4900.00;972103805_0;116.86;10.38;4661.00;215.03;23687583_0;5.10;0.00;tripinfo_in_as_to_ko.110;239.00;in_as_to_ko.110;0;1102.39;0.95;0.00;134.15;car;;7;66.00
4902.00;972103805_0;116.86;9.94;4668.00;217.26;23687583_0;5.10;0.00;tripinfo_in_as_to_ko.111;234.00;in_as_to_ko.111;0;1102.39;1.01;0.00;135.49;car;;7;57.00
4904.00;972103805_0;116.86;10.69;4438.00;0.96;-23142338#2_0;5.10;0.00;tripinfo_in_ns_to_ko.209;466.00;in_ns_to_ko.209;0;1398.55;1.06;0.00;346.88;car;;14;174.00
4905.00;23527526_0;253.75;10.83;4742.00;234.67;23687583_0;5.10;0.00;tripinfo_in_as_to_gj.87;163.00;in_as_to_gj.87;0;649.06;1.01;0.00;104.29;car;;4;46.00
4907.00;23156305_0;1264.14;12.19;4383.00;15.68;803785575#0_0;5.10;0.00;tripinfo_in_od_to_gg.96;524.00;in_od_to_gg.96;0;3669.96;1.10;0.00;223.25;car;;7;42.00
4908.00;23156390_0;1121.44;10.34;4340.00;0.96;-23142338#2_0;5.10;0.00;tripinfo_in_ns_to_br.7;568.00;in_ns_to_br.7;0;2792.05;1.03;0.00;320.61;car;;13;178.00
4909.00;28706217_0;94.10;8.21;4829.00;34.14;803785575#0_0;5.10;0.00;tripinfo_in_od_to_sl.7;80.00;in_od_to_sl.7;0;747.33;1.01;0.00;7.70;car;;0;0.00
4910.00;972103805_0;116.86;10.09;4441.00;2.02;-23142338#2_0;5.10;0.00;tripinfo_in_ns_to_ko.210;469.00;in_ns_to_ko.210;0;1398.55;0.99;0.00;341.80;car;;16;172.00
4911.00;28706217_0;94.10;8.05;3256.00;7.21;-230845886_0;5.10;0.00;tripinfo_in_ba_to_sl.30;1655.00;in_ba_to_sl.30;0;1934.94;1.00;0.00;1474.37;car;;38;1123.00
4912.00;972103805_0;116.86;10.26;4597.00;22.48;803785575#0_0;5.10;0.00;tripinfo_in_od_to_ko.139;315.00;in_od_to_ko.139;0;2307.67;0.99;0.00;93.03;car;;2;25.00
4913.00;230845886_0;633.12;12.91;4430.00;0.97;-23142338#2_0;5.10;0.00;tripinfo_in_ns_to_ba.13;483.00;in_ns_to_ba.13;0;2340.42;1.17;0.00;302.09;car;;13;156.00
4916.00;28706217_0;94.10;7.27;3240.00;66.11;23687583_0;5.10;0.00;tripinfo_in_as_to_sl.46;1676.00;in_as_to_sl.46;0;1976.75;0.91;0.00;1474.71;car;;42;1111.00
4917.00;972103805_0;116.86;9.23;4603.00;19.56;803785575#0_0;5.10;0.00;tripinfo_in_od_to_ko.140;314.00;in_od_to_ko.140;0;2307.67;0.84;0.00;53.99;car;;2;15.00
4919.00;972103805_0;116.86;11.14;4612.00;17.34;803785575#0_0;5.10;0.00;tripinfo_in_od_to_ko.141;307.00;in_od_to_ko.141;0;2307.67;1.03;0.00;94.73;car;;2;12.00
4921.00;972103805_0;116.86;9.64;4450.00;0.83;-23142338#2_0;5.10;0.00;tripinfo_in_ns_to_ko.211;471.00;in_ns_to_ko.211;0;1398.55;0.98;0.00;342.57;car;;16;191.00
4924.00;23156390_0;1121.44;10.30;4507.00;45.99;803785575#0_0;5.10;0.00;tripinfo_in_od_to_br.77;417.00;in_od_to_br.77;0;3149.31;0.99;0.00;129.62;car;;4;12.00
4924.00;230845886_0;633.12;11.00;4681.00;25.90;803785575#0_0;5.10;0.00;tripinfo_in_od_to_ba.110;243.00;in_od_to_ba.110;0;2382.14;0.99;0.00;27.13;car;;0;0.00
4927.00;972103805_0;116.86;9.77;4696.00;236.42;23687583_0;5.10;0.00;tripinfo_in_as_to_ko.112;231.00;in_as_to_ko.112;0;1102.39;0.92;0.00;122.63;car;;7;51.00
4928.00;28706217_0;94.10;9.10;3259.00;43.63;23687583_0;5.10;0.00;tripinfo_in_as_to_sl.48;1669.00;in_as_to_sl.48;0;1976.75;1.13;0.00;1507.07;car;;45;1143.00
4930.00;28706217_0;94.10;9.42;4390.00;0.32;-23142338#2_0;5.10;0.00;tripinfo_in_ns_to_sl.11;540.00;in_ns_to_sl.11;0;1619.36;1.14;0.00;396.81;car;;16;255.00
4930.00;972103805_0;116.86;9.35;4704.00;226.13;23687583_0;5.10;0.00;tripinfo_in_as_to_ko.113;226.00;in_as_to_ko.113;0;1102.39;0.88;0.00;112.73;car;;5;40.00
4932.00;972103805_0;116.86;10.71;4710.00;222.24;23687583_0;5.10;0.00;tripinfo_in_as_to_ko.114;222.00;in_as_to_ko.114;0;1102.39;0.96;0.00;118.58;car;;5;43.00
4934.00;23156305_0;1264.14;11.20;4402.00;18.83;803785575#0_0;5.10;0.00;tripinfo_in_od_to_gg.97;532.00;in_od_to_gg.97;0;3669.96;1.06;0.00;218.35;car;;6;41.00
4934.00;972103805_0;116.86;10.26;4453.00;2.95;-23142338#2_0;5.10;0.00;tripinfo_in_ns_to_ko.212;481.00;in_ns_to_ko.212;0;1398.55;1.03;0.00;358.04;car;;16;197.00
4934.00;23527526_0;253.75;10.13;4815.00;271.51;23687583_0;5.10;0.00;tripinfo_in_as_to_gj.88;119.00;in_as_to_gj.88;0;649.06;0.91;0.00;53.49;car;;2;25.00
4937.00;45494495_0;58.90;9.55;3762.00;4.20;-230845886_0;5.10;0.00;tripinfo_in_ba_to_os.52;1175.00;in_ba_to_os.52;0;1647.96;0.92;0.00;1013.60;car;;34;668.00
4938.00;972103805_0;116.86;9.92;4459.00;1.32;-23142338#2_0;5.10;0.00;tripinfo_in_ns_to_ko.213;479.00;in_ns_to_ko.213;0;1398.55;1.00;0.00;352.51;car;;19;196.00
4940.00;23156305_0;1264.14;10.59;4408.00;21.42;803785575#0_0;5.10;0.00;tripinfo_in_od_to_gg.98;532.00;in_od_to_gg.98;0;3669.96;1.05;0.00;213.94;car;;5;39.00
4941.00;41899283#1_0;148.70;9.93;4690.00;26.70;803785575#0_0;5.10;0.00;tripinfo_in_od_to_as.100;251.00;in_od_to_as.100;0;2382.09;0.96;0.00;25.63;car;;0;0.00
4942.00;28716808#1_0;754.74;10.25;4639.00;14.59;803785575#0_0;5.10;0.00;tripinfo_in_od_to_kl.80;303.00;in_od_to_kl.80;0;2678.40;0.95;0.00;46.69;car;;2;14.00
4943.00;972103805_0;116.86;9.33;4624.00;11.00;803785575#0_0;5.10;0.00;tripinfo_in_od_to_ko.142;319.00;in_od_to_ko.142;0;2307.67;0.86;0.00;64.63;car;;2;25.00
4944.00;23156305_0;1264.14;11.38;4414.00;23.37;803785575#0_0;5.10;0.00;tripinfo_in_od_to_gg.99;530.00;in_od_to_gg.99;0;3669.96;1.03;0.00;207.91;car;;6;41.00
4944.00;23527526_0;253.75;9.67;4828.00;276.24;23687583_0;5.10;0.00;tripinfo_in_as_to_gj.89;116.00;in_as_to_gj.89;0;649.06;0.89;0.00;49.17;car;;2;20.00
4946.00;972103805_0;116.86;9.41;4636.00;12.30;803785575#0_0;5.10;0.00;tripinfo_in_od_to_ko.143;310.00;in_od_to_ko.143;0;2307.67;0.93;0.00;73.88;car;;2;23.00
4948.00;972103805_0;116.86;11.26;4654.00;22.86;803785575#0_0;5.10;0.00;tripinfo_in_od_to_ko.144;294.00;in_od_to_ko.144;0;2307.67;1.03;0.00;80.61;car;;2;21.00
4950.00;23156390_0;1121.44;11.65;4609.00;20.85;803785575#0_0;5.10;0.00;tripinfo_in_od_to_br.78;341.00;in_od_to_br.78;0;3149.31;1.07;0.00;72.69;car;;2;11.00
4950.00;972103805_0;116.86;10.32;4660.00;19.92;803785575#0_0;5.10;0.00;tripinfo_in_od_to_ko.145;290.00;in_od_to_ko.145;0;2307.67;1.02;0.00;74.24;car;;2;18.00
4950.00;41899283#1_0;148.70;9.35;4696.00;23.51;803785575#0_0;5.10;0.00;tripinfo_in_od_to_as.101;254.00;in_od_to_as.101;0;2382.09;0.95;0.00;26.41;car;;0;0.00
4955.00;230845886_0;633.12;10.29;4633.00;218.13;23687583_0;5.10;0.00;tripinfo_in_as_to_ba.55;322.00;in_as_to_ba.55;0;1356.50;0.96;0.00;194.69;car;;7;119.00
4956.00;23156305_0;1264.14;9.84;4453.00;30.98;803785575#0_0;5.10;0.00;tripinfo_in_od_to_gg.100;503.00;in_od_to_gg.100;0;3669.96;0.97;0.00;157.67;car;;3;16.00
4959.00;972103805_0;116.86;10.13;4746.00;232.71;23687583_0;5.10;0.00;tripinfo_in_as_to_ko.115;213.00;in_as_to_ko.115;0;1102.39;0.92;0.00;104.27;car;;4;44.00
4960.00;23142338#2_0;290.21;11.41;4336.00;0.77;-230845886_0;5.10;0.00;tripinfo_in_ba_to_ns.33;624.00;in_ba_to_ns.33;0;2346.36;1.05;0.00;421.95;car;;6;361.00
4961.00;972103805_0;116.86;10.74;4773.00;250.50;23687583_0;5.10;0.00;tripinfo_in_as_to_ko.116;188.00;in_as_to_ko.116;0;1102.39;0.97;0.00;85.28;car;;4;38.00
4963.00;972103805_0;116.86;11.46;4479.00;0.53;-23142338#2_0;5.10;0.00;tripinfo_in_ns_to_ko.214;484.00;in_ns_to_ko.214;0;1398.55;1.14;0.00;373.07;car;;16;189.00
4964.00;28716808#1_0;754.74;10.02;4761.00;242.80;23687583_0;5.10;0.00;tripinfo_in_as_to_kl.22;203.00;in_as_to_kl.22;0;1207.92;0.99;0.00;93.02;car;;3;39.00
4965.00;28706217_0;94.10;7.76;3198.00;41.39;23687583_0;5.10;0.00;tripinfo_in_as_to_sl.44;1767.00;in_as_to_sl.44;0;1976.75;1.05;0.00;1591.84;car;;48;1228.00
4968.00;972103805_0;116.86;8.72;4669.00;21.02;803785575#0_0;5.10;0.00;tripinfo_in_od_to_ko.146;299.00;in_od_to_ko.146;0;2307.67;0.86;0.00;45.21;car;;2;9.00
4970.00;28706217_0;94.10;7.15;3319.00;0.19;-230845886_0;5.10;0.00;tripinfo_in_ba_to_sl.32;1651.00;in_ba_to_sl.32;0;1934.94;0.95;0.00;1461.19;car;;38;1114.00
4970.00;972103805_0;116.86;10.25;4672.00;21.40;803785575#0_0;5.10;0.00;tripinfo_in_od_to_ko.147;298.00;in_od_to_ko.147;0;2307.67;1.02;0.00;83.33;car;;2;9.00
4972.00;972103805_0;116.86;10.07;4503.00;1.29;-23142338#2_0;5.10;0.00;tripinfo_in_ns_to_ko.215;469.00;in_ns_to_ko.215;0;1398.55;0.95;0.00;335.27;car;;15;193.00
4972.00;28706217_0;94.10;7.67;4891.00;46.97;803785575#0_0;5.10;0.00;tripinfo_in_od_to_sl.8;81.00;in_od_to_sl.8;0;747.33;1.05;0.00;11.87;car;;0;0.00
4975.00;972103805_0;116.86;9.13;4511.00;3.02;-23142338#2_0;5.10;0.00;tripinfo_in_ns_to_ko.216;464.00;in_ns_to_ko.216;0;1398.55;0.84;0.00;314.19;car;;16;173.00
4977.00;972103805_0;116.86;11.32;4517.00;0.95;-23142338#2_0;5.10;0.00;tripinfo_in_ns_to_ko.217;460.00;in_ns_to_ko.217;0;1398.55;1.03;0.00;337.71;car;;15;190.00
4983.00;23527526_0;253.75;10.20;4897.00;314.10;23687583_0;5.10;0.00;tripinfo_in_as_to_gj.90;86.00;in_as_to_gj.90;0;649.06;1.01;0.00;27.25;car;;1;16.00
4985.00;972103805_0;116.86;10.97;4799.00;265.73;23687583_0;5.10;0.00;tripinfo_in_as_to_ko.117;186.00;in_as_to_ko.117;0;1102.39;0.99;0.00;85.26;car;;3;46.00
4986.00;972103805_0;116.86;11.77;4809.00;267.67;23687583_0;5.10;0.00;tripinfo_in_as_to_ko.118;177.00;in_as_to_ko.118;0;1102.39;1.12;0.00;88.42;car;;3;44.00
4989.00;23156305_0;1264.14;8.64;4492.00;37.89;803785575#0_0;5.10;0.00;tripinfo_in_od_to_gg.101;497.00;in_od_to_gg.101;0;3669.96;0.89;0.00;123.66;car;;4;13.00
4989.00;972103805_0;116.86;10.75;4812.00;270.22;23687583_0;5.10;0.00;tripinfo_in_as_to_ko.119;177.00;in_as_to_ko.119;0;1102.39;0.99;0.00;76.76;car;;3;38.00
4991.00;972103805_0;116.86;10.40;4821.00;271.65;23687583_0;5.10;0.00;tripinfo_in_as_to_ko.120;170.00;in_as_to_ko.120;0;1102.39;1.01;0.00;71.31;car;;3;33.00
4991.00;23156305_0;1264.14;9.49;4588.00;17.05;803785575#0_0;5.10;0.00;tripinfo_in_od_to_gg.102;403.00;in_od_to_gg.102;0;3669.96;0.95;0.00;53.04;car;;0;0.00
4992.00;45494495_0;58.90;11.35;4753.00;35.08;803785575#0_0;5.10;0.00;tripinfo_in_od_to_os.137;239.00;in_od_to_os.137;0;969.96;1.08;0.00;157.73;car;;9;111.00
4993.00;972103805_0;116.86;11.44;4520.00;2.76;-23142338#2_0;5.10;0.00;tripinfo_in_ns_to_ko.218;473.00;in_ns_to_ko.218;0;1398.55;1.14;0.00;361.67;car;;15;193.00
4994.00;45494495_0;58.90;13.13;4780.00;38.92;803785575#0_0;5.10;0.00;tripinfo_in_od_to_os.138;214.00;in_od_to_os.138;0;969.96;1.21;0.00;140.82;car;;6;91.00
4996.00;23156390_0;1121.44;9.44;4642.00;17.45;803785575#0_0;5.10;0.00;tripinfo_in_od_to_br.79;354.00;in_od_to_br.79;0;3149.31;0.94;0.00;48.67;car;;2;9.00
4998.00;45494495_0;58.90;9.71;3635.00;1.01;-230845886_0;5.10;0.00;tripinfo_in_ba_to_os.48;1363.00;in_ba_to_os.48;0;1647.96;0.94;0.00;1204.38;car;;36;871.00
4998.00;23156390_0;1121.44;10.47;4645.00;17.37;803785575#0_0;5.10;0.00;tripinfo_in_od_to_br.80;353.00;in_od_to_br.80;0;3149.31;0.96;0.00;54.59;car;;2;8.00
4998.00;230845886_0;633.12;9.91;4762.00;38.94;803785575#0_0;5.10;0.00;tripinfo_in_od_to_ba.111;236.00;in_od_to_ba.111;0;2382.14;0.99;0.00;18.75;car;;0;0.00
4999.00;45494495_0;58.90;11.84;3662.00;0.86;23687583_0;5.10;0.00;tripinfo_in_as_to_os.38;1337.00;in_as_to_os.38;0;1689.77;1.08;0.00;1195.55;car;;42;792.00
5002.00;41899283#1_0;148.70;9.13;4732.00;43.01;803785575#0_0;5.10;0.00;tripinfo_in_od_to_as.102;270.00;in_od_to_as.102;0;2382.09;0.89;0.00;27.51;car;;0;0.00
5003.00;45494495_0;58.90;10.82;4741.00;35.23;803785575#0_0;5.10;0.00;tripinfo_in_od_to_os.135;262.00;in_od_to_os.135;0;969.96;1.01;0.00;175.04;car;;8;136.00
5004.00;972103805_0;116.86;11.32;4578.00;0.26;-23142338#2_0;5.10;0.00;tripinfo_in_ns_to_ko.219;426.00;in_ns_to_ko.219;0;1398.55;1.10;0.00;311.22;car;;13;173.00
5005.00;23142338#2_0;290.21;10.41;4665.00;216.86;23687583_0;5.10;0.00;tripinfo_in_as_to_ns.64;340.00;in_as_to_ns.64;0;1995.73;0.98;0.00;155.09;car;;9;72.00
5005.00;45494495_0;58.90;11.64;4838.00;33.14;803785575#0_0;5.10;0.00;tripinfo_in_od_to_os.139;167.00;in_od_to_os.139;0;969.96;1.06;0.00;83.71;car;;4;41.00
5007.00;23142338#2_0;290.21;11.09;4673.00;219.16;23687583_0;5.10;0.00;tripinfo_in_as_to_ns.65;334.00;in_as_to_ns.65;0;1995.73;1.03;0.00;157.53;car;;10;61.00
5008.00;23527526_0;253.75;7.61;4433.00;1.43;-23142338#2_0;5.10;0.00;tripinfo_in_ns_to_gj.18;575.00;in_ns_to_gj.18;0;2084.96;0.71;0.00;308.95;car;;14;182.00
5009.00;45494495_0;58.90;9.19;4750.00;32.75;803785575#0_0;5.10;0.00;tripinfo_in_od_to_os.136;259.00;in_od_to_os.136;0;969.96;0.91;0.00;162.44;car;;8;121.00
5010.00;23527526_0;253.75;11.33;4921.00;314.48;23687583_0;5.10;0.00;tripinfo_in_as_to_gj.91;89.00;in_as_to_gj.91;0;649.06;1.22;0.00;39.78;car;;1;5.00
5011.00;23527526_0;253.75;10.04;4924.00;315.12;23687583_0;5.10;0.00;tripinfo_in_as_to_gj.92;87.00;in_as_to_gj.92;0;649.06;1.01;0.00;28.96;car;;1;5.00
5012.00;23156390_0;1121.44;10.76;4699.00;25.77;803785575#0_0;5.10;0.00;tripinfo_in_od_to_br.81;313.00;in_od_to_br.81;0;3149.31;1.00;0.00;26.80;car;;0;0.00
5014.00;23156305_0;1264.14;9.22;4618.00;19.25;803785575#0_0;5.10;0.00;tripinfo_in_od_to_gg.103;396.00;in_od_to_gg.103;0;3669.96;0.93;0.00;36.00;car;;0;0.00
5015.00;972103805_0;116.86;9.63;4853.00;293.94;23687583_0;5.10;0.00;tripinfo_in_as_to_ko.121;162.00;in_as_to_ko.121;0;1102.39;0.96;0.00;58.34;car;;2;32.00
5015.00;23156305_0;1264.14;11.88;4621.00;22.18;803785575#0_0;5.10;0.00;tripinfo_in_od_to_gg.104;394.00;in_od_to_gg.104;0;3669.96;1.14;0.00;101.67;car;;1;5.00
5015.00;45494495_0;58.90;7.74;4886.00;45.10;803785575#0_0;5.10;0.00;tripinfo_in_od_to_os.141;129.00;in_od_to_os.141;0;969.96;0.79;0.00;17.02;car;;1;3.00
5016.00;45494495_0;58.90;10.42;3732.00;34.78;23687583_0;5.10;0.00;tripinfo_in_as_to_os.40;1284.00;in_as_to_os.40;0;1689.77;0.98;0.00;1127.86;car;;31;767.00
5017.00;230845886_0;633.12;10.54;4495.00;2.71;-23142338#2_0;5.10;0.00;tripinfo_in_ns_to_ba.14;522.00;in_ns_to_ba.14;0;2340.42;1.03;0.00;317.37;car;;13;175.00
5018.00;45494495_0;58.90;9.60;4847.00;38.58;803785575#0_0;5.10;0.00;tripinfo_in_od_to_os.140;171.00;in_od_to_os.140;0;969.96;0.98;0.00;81.38;car;;5;39.00
5019.00;972103805_0;116.86;9.80;4856.00;294.80;23687583_0;5.10;0.00;tripinfo_in_as_to_ko.122;163.00;in_as_to_ko.122;0;1102.39;0.92;0.00;55.18;car;;2;28.00
5021.00;28706217_0;94.10;6.66;3207.00;40.62;23687583_0;5.10;0.00;tripinfo_in_as_to_sl.45;1814.00;in_as_to_sl.45;0;1976.75;0.84;0.00;1596.65;car;;48;1227.00
5023.00;28706217_0;94.10;8.15;3282.00;3.14;-230845886_0;5.10;0.00;tripinfo_in_ba_to_sl.31;1741.00;in_ba_to_sl.31;0;1934.94;0.99;0.00;1558.75;car;;45;1196.00
5023.00;28716808#1_0;754.74;10.48;4744.00;37.02;803785575#0_0;5.10;0.00;tripinfo_in_od_to_kl.81;279.00;in_od_to_kl.81;0;2678.40;1.05;0.00;48.23;car;;1;4.00
5025.00;23156390_0;1121.44;10.68;4702.00;26.17;803785575#0_0;5.10;0.00;tripinfo_in_od_to_br.82;323.00;in_od_to_br.82;0;3149.31;0.99;0.00;33.50;car;;0;0.00
5026.00;23156390_0;1121.44;11.43;4473.00;0.93;-23142338#2_0;5.10;0.00;tripinfo_in_ns_to_br.8;553.00;in_ns_to_br.8;0;2792.05;1.08;0.00;317.99;car;;13;171.00
5031.00;230845886_0;633.12;11.07;4843.00;289.67;23687583_0;5.10;0.00;tripinfo_in_as_to_ba.56;188.00;in_as_to_ba.56;0;1356.50;1.02;0.00;67.87;car;;2;15.00
5031.00;23527526_0;253.75;10.86;4953.00;334.32;23687583_0;5.10;0.00;tripinfo_in_as_to_gj.93;78.00;in_as_to_gj.93;0;649.06;1.09;0.00;23.80;car;;1;4.00
5031.00;23142338#2_0;290.21;9.95;4747.00;30.03;803785575#0_0;5.10;0.00;tripinfo_in_od_to_ns.33;284.00;in_od_to_ns.33;0;1928.29;0.90;0.00;78.25;car;;2;32.00
5033.00;23142338#2_0;290.21;10.84;4771.00;37.97;803785575#0_0;5.10;0.00;tripinfo_in_od_to_ns.34;262.00;in_od_to_ns.34;0;1928.29;1.00;0.00;76.25;car;;2;30.00
5034.00;23527526_0;253.75;11.21;4959.00;304.56;23687583_0;5.10;0.00;tripinfo_in_as_to_gj.94;75.00;in_as_to_gj.94;0;649.06;1.11;0.00;21.78;car;;1;2.00
5040.00;230845886_0;633.12;9.74;4878.00;314.48;23687583_0;5.10;0.00;tripinfo_in_as_to_ba.57;162.00;in_as_to_ba.57;0;1356.50;0.93;0.00;29.45;car;;1;7.00
5041.00;230845886_0;633.12;11.70;4768.00;35.88;803785575#0_0;5.10;0.00;tripinfo_in_od_to_ba.112;273.00;in_od_to_ba.112;0;2382.14;1.06;0.00;70.32;car;;2;16.00
5044.00;23156390_0;1121.44;9.76;4705.00;27.09;803785575#0_0;5.10;0.00;tripinfo_in_od_to_br.83;339.00;in_od_to_br.83;0;3149.31;0.95;0.00;38.46;car;;1;5.00
5046.00;23156390_0;1121.44;11.85;4711.00;28.52;803785575#0_0;5.10;0.00;tripinfo_in_od_to_br.84;335.00;in_od_to_br.84;0;3149.31;1.08;0.00;69.48;car;;2;9.00
5047.00;972103805_0;116.86;8.92;4906.00;313.11;23687583_0;5.10;0.00;tripinfo_in_as_to_ko.123;141.00;in_as_to_ko.123;0;1102.39;0.90;0.00;30.44;car;;1;12.00
5048.00;23156390_0;1121.44;11.72;4714.00;28.97;803785575#0_0;5.10;0.00;tripinfo_in_od_to_br.85;334.00;in_od_to_br.85;0;3149.31;1.06;0.00;63.17;car;;2;7.00
5049.00;972103805_0;116.86;10.40;4909.00;313.84;23687583_0;5.10;0.00;tripinfo_in_as_to_ko.124;140.00;in_as_to_ko.124;0;1102.39;0.98;0.00;37.96;car;;1;11.00
5050.00;23156305_0;1264.14;8.25;4395.00;0.76;-23142338#2_0;5.10;0.00;tripinfo_in_ns_to_gg.27;655.00;in_ns_to_gg.27;0;3297.24;0.85;0.00;300.55;car;;12;160.00
5050.00;230845886_0;633.12;12.17;4553.00;0.96;-23142338#2_0;5.10;0.00;tripinfo_in_ns_to_ba.15;497.00;in_ns_to_ba.15;0;2340.42;1.17;0.00;316.27;car;;14;176.00
5050.00;972103805_0;116.86;11.23;4912.00;315.89;23687583_0;5.10;0.00;tripinfo_in_as_to_ko.125;138.00;in_as_to_ko.125;0;1102.39;1.07;0.00;44.67;car;;1;9.00
5050.00;23156390_0;1121.44;11.48;4717.00;31.67;803785575#0_0;5.10;0.00;tripinfo_in_od_to_br.86;333.00;in_od_to_br.86;0;3149.31;1.09;0.00;68.72;car;;2;4.00
5052.00;23156305_0;1264.14;11.00;4657.00;21.18;803785575#0_0;5.10;0.00;tripinfo_in_od_to_gg.105;395.00;in_od_to_gg.105;0;3669.96;1.05;0.00;78.70;car;;0;0.00
5052.00;41899283#1_0;148.70;9.63;4774.00;38.31;803785575#0_0;5.10;0.00;tripinfo_in_od_to_as.103;278.00;in_od_to_as.103;0;2382.09;0.96;0.00;53.33;car;;3;18.00
5054.00;23156305_0;1264.14;10.93;4675.00;21.34;803785575#0_0;5.10;0.00;tripinfo_in_od_to_gg.107;379.00;in_od_to_gg.107;0;3669.96;1.07;0.00;68.03;car;;1;6.00
5055.00;45494495_0;58.90;9.94;3611.00;0.61;-230845886_0;5.10;0.00;tripinfo_in_ba_to_os.46;1444.00;in_ba_to_os.46;0;1647.96;0.95;0.00;1286.36;car;;23;954.00
5055.00;23156390_0;1121.44;11.42;4492.00;0.20;-23142338#2_0;5.10;0.00;tripinfo_in_ns_to_br.9;563.00;in_ns_to_br.9;0;2792.05;1.03;0.00;316.77;car;;13;171.00
5056.00;23142338#2_0;290.21;9.91;4790.00;38.25;803785575#0_0;5.10;0.00;tripinfo_in_od_to_ns.35;266.00;in_od_to_ns.35;0;1928.29;0.97;0.00;74.59;car;;3;39.00
5057.00;45494495_0;58.90;9.10;3632.00;7.64;-230845886_0;5.10;0.00;tripinfo_in_ba_to_os.47;1425.00;in_ba_to_os.47;0;1647.96;0.91;0.00;1260.77;car;;22;930.00
5058.00;23527526_0;253.75;9.83;4974.00;270.60;23687583_0;5.10;0.00;tripinfo_in_as_to_gj.95;84.00;in_as_to_gj.95;0;649.06;0.90;0.00;17.63;car;;1;1.00
5058.00;41899283#1_0;148.70;10.75;4808.00;38.35;803785575#0_0;5.10;0.00;tripinfo_in_od_to_as.104;250.00;in_od_to_as.104;0;2382.09;0.98;0.00;29.84;car;;0;0.00
5059.00;45494495_0;58.90;10.60;3807.00;0.86;-230845886_0;5.10;0.00;tripinfo_in_ba_to_os.54;1252.00;in_ba_to_os.54;0;1647.96;1.07;0.00;1112.43;car;;30;745.00
5060.00;972103805_0;116.86;8.22;4720.00;33.72;803785575#0_0;5.10;0.00;tripinfo_in_od_to_ko.148;340.00;in_od_to_ko.148;0;2307.67;0.76;0.00;52.37;car;;1;18.00
5061.00;23527526_0;253.75;10.97;4532.00;0.68;-23142338#2_0;5.10;0.00;tripinfo_in_ns_to_gj.19;529.00;in_ns_to_gj.19;0;2084.96;1.02;0.00;343.67;car;;15;194.00
5061.00;23156305_0;1264.14;9.95;4684.00;24.25;803785575#0_0;5.10;0.00;tripinfo_in_od_to_gg.108;377.00;in_od_to_gg.108;0;3669.96;0.99;0.00;39.71;car;;0;0.00
5061.00;45494495_0;58.90;10.53;4931.00;29.79;803785575#0_0;5.10;0.00;tripinfo_in_od_to_os.142;130.00;in_od_to_os.142;0;969.96;1.02;0.00;43.52;car;;1;20.00
5062.00;972103805_0;116.86;11.38;4735.00;38.22;803785575#0_0;5.10;0.00;tripinfo_in_od_to_ko.150;327.00;in_od_to_ko.150;0;2307.67;1.20;0.00;142.49;car;;1;16.00
5064.00;972103805_0;116.86;11.54;4729.00;40.03;803785575#0_0;5.10;0.00;tripinfo_in_od_to_ko.149;335.00;in_od_to_ko.149;0;2307.67;1.09;0.00;132.18;car;;1;18.00
5065.00;45494495_0;58.90;8.08;3660.00;17.12;-230845886_0;5.10;0.00;tripinfo_in_ba_to_os.49;1405.00;in_ba_to_os.49;0;1647.96;0.83;0.00;1225.59;car;;30;882.00
5065.00;972103805_0;116.86;11.29;4611.00;0.34;-23142338#2_0;5.10;0.00;tripinfo_in_ns_to_ko.220;454.00;in_ns_to_ko.220;0;1398.55;1.11;0.00;340.94;car;;14;186.00
5066.00;23156390_0;1121.44;11.25;4756.00;35.83;803785575#0_0;5.10;0.00;tripinfo_in_od_to_br.87;310.00;in_od_to_br.87;0;3149.31;1.09;0.00;48.65;car;;1;2.00
5066.00;41899283#1_0;148.70;11.31;4814.00;36.63;803785575#0_0;5.10;0.00;tripinfo_in_od_to_as.105;252.00;in_od_to_as.105;0;2382.09;1.02;0.00;40.45;car;;0;0.00
5067.00;972103805_0;116.86;10.22;4617.00;0.79;-23142338#2_0;5.10;0.00;tripinfo_in_ns_to_ko.221;450.00;in_ns_to_ko.221;0;1398.55;1.01;0.00;324.84;car;;16;175.00
5069.00;230845886_0;633.12;11.22;4570.00;0.59;-23142338#2_0;5.10;0.00;tripinfo_in_ns_to_ba.16;499.00;in_ns_to_ba.16;0;2340.42;1.12;0.00;311.58;car;;12;167.00
5069.00;972103805_0;116.86;10.26;4620.00;0.42;-23142338#2_0;5.10;0.00;tripinfo_in_ns_to_ko.222;449.00;in_ns_to_ko.222;0;1398.55;0.96;0.00;318.07;car;;13;178.00
5071.00;28706217_0;94.10;7.48;3244.00;57.93;23687583_0;5.10;0.00;tripinfo_in_as_to_sl.47;1827.00;in_as_to_sl.47;0;1976.75;1.03;0.00;1649.76;car;;45;1246.00
5071.00;972103805_0;116.86;10.11;4738.00;33.77;803785575#0_0;5.10;0.00;tripinfo_in_od_to_ko.151;333.00;in_od_to_ko.151;0;2307.67;1.02;0.00;117.21;car;;2;33.00
5073.00;972103805_0;116.86;11.85;4918.00;313.84;23687583_0;5.10;0.00;tripinfo_in_as_to_ko.126;155.00;in_as_to_ko.126;0;1102.39;1.15;0.00;68.27;car;;2;27.00
5076.00;972103805_0;116.86;11.09;4930.00;317.64;23687583_0;5.10;0.00;tripinfo_in_as_to_ko.127;146.00;in_as_to_ko.127;0;1102.39;1.06;0.00;52.45;car;;2;23.00
5078.00;28706217_0;94.10;6.98;3383.00;68.53;23687583_0;5.10;0.00;tripinfo_in_as_to_sl.52;1695.00;in_as_to_sl.52;0;1976.75;0.89;0.00;1489.46;car;;44;1114.00
5079.00;41899283#1_0;148.70;11.10;4822.00;27.72;803785575#0_0;5.10;0.00;tripinfo_in_od_to_as.106;257.00;in_od_to_as.106;0;2382.09;1.05;0.00;51.67;car;;0;0.00
5080.00;28706217_0;94.10;9.12;3429.00;3.26;-230845886_0;5.10;0.00;tripinfo_in_ba_to_sl.35;1651.00;in_ba_to_sl.35;0;1934.94;1.17;0.00;1496.40;car;;39;1080.00
5081.00;28716808#1_0;754.74;10.92;4777.00;40.63;803785575#0_0;5.10;0.00;tripinfo_in_od_to_kl.82;304.00;in_od_to_kl.82;0;2678.40;1.00;0.00;61.14;car;;3;16.00
5082.00;972103805_0;116.86;9.11;4936.00;321.27;23687583_0;5.10;0.00;tripinfo_in_as_to_ko.128;146.00;in_as_to_ko.128;0;1102.39;0.87;0.00;31.19;car;;1;5.00
5083.00;28716808#1_0;754.74;10.81;4802.00;33.70;803785575#0_0;5.10;0.00;tripinfo_in_od_to_kl.83;281.00;in_od_to_kl.83;0;2678.40;1.06;0.00;51.84;car;;2;11.00
5084.00;972103805_0;116.86;9.85;4765.00;40.05;803785575#0_0;5.10;0.00;tripinfo_in_od_to_ko.152;319.00;in_od_to_ko.152;0;2307.67;0.99;0.00;97.04;car;;3;42.00
5085.00;23156305_0;1264.14;8.48;4663.00;20.40;803785575#0_0;5.10;0.00;tripinfo_in_od_to_gg.106;422.00;in_od_to_gg.106;0;3669.96;0.88;0.00;43.43;car;;1;3.00
5086.00;972103805_0;116.86;11.99;4632.00;0.64;-23142338#2_0;5.10;0.00;tripinfo_in_ns_to_ko.223;454.00;in_ns_to_ko.223;0;1398.55;1.11;0.00;339.65;car;;15;185.00
5086.00;23156305_0;1264.14;10.54;4687.00;24.82;803785575#0_0;5.10;0.00;tripinfo_in_od_to_gg.109;399.00;in_od_to_gg.109;0;3669.96;1.01;0.00;68.82;car;;0;0.00
5088.00;972103805_0;116.86;11.21;4635.00;2.56;-23142338#2_0;5.10;0.00;tripinfo_in_ns_to_ko.224;453.00;in_ns_to_ko.224;0;1398.55;1.03;0.00;330.23;car;;16;182.00
5088.00;23156305_0;1264.14;11.54;4693.00;26.94;803785575#0_0;5.10;0.00;tripinfo_in_od_to_gg.110;395.00;in_od_to_gg.110;0;3669.96;1.11;0.00;94.81;car;;0;0.00
5090.00;972103805_0;116.86;11.11;4640.00;0.95;-23142338#2_0;5.10;0.00;tripinfo_in_ns_to_ko.225;450.00;in_ns_to_ko.225;0;1398.55;1.07;0.00;332.24;car;;15;174.00
5091.00;23527526_0;253.75;9.00;4759.00;35.99;803785575#0_0;5.10;0.00;tripinfo_in_od_to_gj.29;332.00;in_od_to_gj.29;0;2706.99;0.90;0.00;59.59;car;;3;25.00
5092.00;23142338#2_0;290.21;9.23;4460.00;0.88;-230845886_0;5.10;0.00;tripinfo_in_ba_to_ns.34;632.00;in_ba_to_ns.34;0;2346.36;0.90;0.00;394.52;car;;7;330.00
5093.00;972103805_0;116.86;9.72;4784.00;39.45;803785575#0_0;5.10;0.00;tripinfo_in_od_to_ko.153;309.00;in_od_to_ko.153;0;2307.67;0.98;0.00;84.33;car;;3;43.00
5095.00;972103805_0;116.86;10.59;4793.00;38.65;803785575#0_0;5.10;0.00;tripinfo_in_od_to_ko.154;302.00;in_od_to_ko.154;0;2307.67;1.05;0.00;93.21;car;;3;38.00
5096.00;230845886_0;633.12;9.91;4944.00;327.51;23687583_0;5.10;0.00;tripinfo_in_as_to_ba.58;152.00;in_as_to_ba.58;0;1356.50;0.94;0.00;21.13;car;;0;0.00
5098.00;23142338#2_0;290.21;8.79;4565.00;11.64;-230845886_0;5.10;0.00;tripinfo_in_ba_to_ns.35;533.00;in_ba_to_ns.35;0;2346.36;0.85;0.00;281.94;car;;7;224.00
5098.00;23156305_0;1264.14;10.23;4915.00;311.90;23687583_0;5.10;0.00;tripinfo_in_as_to_gg.23;183.00;in_as_to_gg.23;0;1600.87;0.94;0.00;28.89;car;;1;7.00
5098.00;41899283#1_0;148.70;9.66;5025.00;1.66;-23527526_0;5.10;0.00;tripinfo_out_gj_to_as.0;73.00;out_gj_to_as.0;0;633.70;0.93;0.00;9.14;car;;0;0.00
5099.00;23156390_0;1121.44;10.85;4927.00;314.93;23687583_0;5.10;0.00;tripinfo_in_as_to_br.20;172.00;in_as_to_br.20;0;1694.48;1.06;0.00;27.60;car;;1;3.00
5100.00;23527526_0;253.75;11.11;5020.00;249.23;23687583_0;5.10;0.00;tripinfo_in_as_to_gj.96;80.00;in_as_to_gj.96;0;649.06;1.08;0.00;24.56;car;;1;11.00
5103.00;23142338#2_0;290.21;8.41;4803.00;265.99;23687583_0;5.10;0.00;tripinfo_in_as_to_ns.66;300.00;in_as_to_ns.66;0;1995.73;0.87;0.00;90.89;car;;4;42.00
5103.00;230845886_0;633.12;10.99;4589.00;0.41;-23142338#2_0;5.10;0.00;tripinfo_in_ns_to_ba.17;514.00;in_ns_to_ba.17;0;2340.42;1.00;0.00;302.93;car;;14;177.00
5103.00;23156390_0;1121.44;10.88;4933.00;318.73;23687583_0;5.10;0.00;tripinfo_in_as_to_br.21;170.00;in_as_to_br.21;0;1694.48;1.06;0.00;25.42;car;;1;2.00
5104.00;23142338#2_0;290.21;10.84;4847.00;288.83;23687583_0;5.10;0.00;tripinfo_in_as_to_ns.67;257.00;in_as_to_ns.67;0;1995.73;0.99;0.00;74.52;car;;2;20.00
5104.00;972103805_0;116.86;11.89;4941.00;325.73;23687583_0;5.10;0.00;tripinfo_in_as_to_ko.129;163.00;in_as_to_ko.129;0;1102.39;1.08;0.00;69.96;car;;2;25.00
5105.00;972103805_0;116.86;13.40;4950.00;331.61;23687583_0;5.10;0.00;tripinfo_in_as_to_ko.130;155.00;in_as_to_ko.130;0;1102.39;1.23;0.00;74.23;car;;2;22.00
5108.00;972103805_0;116.86;10.73;4971.00;289.15;23687583_0;5.10;0.00;tripinfo_in_as_to_ko.131;137.00;in_as_to_ko.131;0;1102.39;1.07;0.00;43.83;car;;2;18.00
5114.00;28706217_0;94.10;7.85;3331.00;65.80;23687583_0;5.10;0.00;tripinfo_in_as_to_sl.49;1783.00;in_as_to_sl.49;0;1976.75;1.01;0.00;1601.48;car;;48;1232.00
5115.00;23156305_0;1264.14;10.74;4726.00;38.88;803785575#0_0;5.10;0.00;tripinfo_in_od_to_gg.112;389.00;in_od_to_gg.112;0;3669.96;1.02;0.00;61.57;car;;1;3.00
5115.00;972103805_0;116.86;9.23;4796.00;37.64;803785575#0_0;5.10;0.00;tripinfo_in_od_to_ko.155;319.00;in_od_to_ko.155;0;2307.67;0.94;0.00;86.58;car;;3;42.00
5117.00;28706217_0;94.10;7.51;3322.00;1.26;-230845886_0;5.10;0.00;tripinfo_in_ba_to_sl.33;1795.00;in_ba_to_sl.33;0;1934.94;0.98;0.00;1611.31;car;;48;1255.00
5117.00;972103805_0;116.86;9.76;4643.00;1.13;-23142338#2_0;5.10;0.00;tripinfo_in_ns_to_ko.226;474.00;in_ns_to_ko.226;0;1398.55;0.99;0.00;346.80;car;;16;196.00
5119.00;972103805_0;116.86;10.89;4646.00;0.03;-23142338#2_0;5.10;0.00;tripinfo_in_ns_to_ko.227;473.00;in_ns_to_ko.227;0;1398.55;0.99;0.00;345.55;car;;16;191.00
5120.00;23142338#2_0;290.21;9.03;4573.00;0.74;-230845886_0;5.10;0.00;tripinfo_in_ba_to_ns.37;547.00;in_ba_to_ns.37;0;2346.36;0.89;0.00;307.87;car;;10;243.00
5121.00;23527526_0;253.75;9.98;4835.00;37.97;803785575#0_0;5.10;0.00;tripinfo_in_od_to_gj.30;286.00;in_od_to_gj.30;0;2706.99;0.96;0.00;32.16;car;;0;0.00
5122.00;23142338#2_0;290.21;9.58;4569.00;8.92;-230845886_0;5.10;0.00;tripinfo_in_ba_to_ns.36;553.00;in_ba_to_ns.36;0;2346.36;0.94;0.00;325.95;car;;8;249.00
5122.00;972103805_0;116.86;12.17;4649.00;0.60;-23142338#2_0;5.10;0.00;tripinfo_in_ns_to_ko.228;473.00;in_ns_to_ko.228;0;1398.55;1.10;0.00;357.37;car;;15;183.00
5122.00;45494495_0;58.90;10.97;4978.00;38.63;803785575#0_0;5.10;0.00;tripinfo_in_od_to_os.144;144.00;in_od_to_os.144;0;969.96;1.04;0.00;59.94;car;;3;38.00
5123.00;28706217_0;94.10;7.84;3448.00;5.88;-230845886_0;5.10;0.00;tripinfo_in_ba_to_sl.36;1675.00;in_ba_to_sl.36;0;1934.94;0.99;0.00;1493.95;car;;43;1098.00
5124.00;45494495_0;58.90;11.70;4988.00;38.60;803785575#0_0;5.10;0.00;tripinfo_in_od_to_os.145;136.00;in_od_to_os.145;0;969.96;1.16;0.00;60.02;car;;3;36.00
5125.00;23142338#2_0;290.21;10.39;4882.00;315.69;23687583_0;5.10;0.00;tripinfo_in_as_to_ns.68;243.00;in_as_to_ns.68;0;1995.73;1.01;0.00;62.09;car;;3;27.00
5125.00;972103805_0;116.86;10.19;4653.00;4.36;-23142338#2_0;5.10;0.00;tripinfo_in_ns_to_ko.229;472.00;in_ns_to_ko.229;0;1398.55;1.00;0.00;345.96;car;;16;184.00
5127.00;45494495_0;58.90;10.35;3730.00;0.06;-230845886_0;5.10;0.00;tripinfo_in_ba_to_os.51;1397.00;in_ba_to_os.51;0;1647.96;0.97;0.00;1242.25;car;;36;864.00
5127.00;972103805_0;116.86;10.59;4811.00;34.17;803785575#0_0;5.10;0.00;tripinfo_in_od_to_ko.156;316.00;in_od_to_ko.156;0;2307.67;0.98;0.00;92.46;car;;3;47.00
5129.00;45494495_0;58.90;10.11;3813.00;58.42;23687583_0;5.10;0.00;tripinfo_in_as_to_os.42;1316.00;in_as_to_os.42;0;1689.77;1.01;0.00;1164.87;car;;31;786.00
5129.00;972103805_0;116.86;11.74;4662.00;8.13;-23142338#2_0;5.10;0.00;tripinfo_in_ns_to_ko.230;467.00;in_ns_to_ko.230;0;1398.55;1.13;0.00;355.10;car;;16;180.00
5133.00;45494495_0;58.90;9.99;4943.00;20.52;803785575#0_0;5.10;0.00;tripinfo_in_od_to_os.143;190.00;in_od_to_os.143;0;969.96;0.99;0.00;101.05;car;;3;63.00
5134.00;972103805_0;116.86;10.81;4986.00;275.29;23687583_0;5.10;0.00;tripinfo_in_as_to_ko.132;148.00;in_as_to_ko.132;0;1102.39;1.02;0.00;50.52;car;;2;24.00
5134.00;28716808#1_0;754.74;9.24;4819.00;36.96;803785575#0_0;5.10;0.00;tripinfo_in_od_to_kl.84;315.00;in_od_to_kl.84;0;2678.40;0.87;0.00;37.80;car;;1;4.00
5135.00;45494495_0;58.90;12.56;3656.00;7.08;23687583_0;5.10;0.00;tripinfo_in_as_to_os.37;1479.00;in_as_to_os.37;0;1689.77;1.18;0.00;1349.03;car;;38;909.00
5137.00;972103805_0;116.86;10.51;4636.00;0.66;-230845886_0;5.10;0.00;tripinfo_in_ba_to_ko.159;501.00;in_ba_to_ko.159;0;2114.29;1.03;0.00;314.46;car;;3;280.00
5138.00;23527526_0;253.75;10.18;5042.00;240.68;23687583_0;5.10;0.00;tripinfo_in_as_to_gj.97;96.00;in_as_to_gj.97;0;649.06;0.97;0.00;34.98;car;;3;12.00
5140.00;45494495_0;58.90;10.20;4997.00;40.44;803785575#0_0;5.10;0.00;tripinfo_in_od_to_os.146;143.00;in_od_to_os.146;0;969.96;0.94;0.00;49.37;car;;3;14.00
5142.00;45494495_0;58.90;9.24;3822.00;52.38;23687583_0;5.10;0.00;tripinfo_in_as_to_os.43;1320.00;in_as_to_os.43;0;1689.77;0.91;0.00;1151.18;car;;35;743.00
5144.00;45494495_0;58.90;11.91;3853.00;5.84;-230845886_0;5.10;0.00;tripinfo_in_ba_to_os.56;1291.00;in_ba_to_os.56;0;1647.96;1.12;0.00;1157.42;car;;30;789.00
5144.00;972103805_0;116.86;9.14;4664.00;5.04;-23142338#2_0;5.10;0.00;tripinfo_in_ns_to_ko.231;480.00;in_ns_to_ko.231;0;1398.55;0.91;0.00;342.05;car;;17;176.00
5145.00;23156305_0;1264.14;8.81;4723.00;36.36;803785575#0_0;5.10;0.00;tripinfo_in_od_to_gg.111;422.00;in_od_to_gg.111;0;3669.96;0.88;0.00;41.45;car;;1;3.00
5145.00;23527526_0;253.75;9.84;4880.00;47.32;803785575#0_0;5.10;0.00;tripinfo_in_od_to_gj.31;265.00;in_od_to_gj.31;0;2706.99;1.00;0.00;20.63;car;;0;0.00
5145.00;45494495_0;58.90;12.48;5036.00;26.66;803785575#0_0;5.10;0.00;tripinfo_out_od_to_os.0;109.00;out_od_to_os.0;0;969.96;1.22;0.00;37.35;car;;2;6.00
5146.00;972103805_0;116.86;10.75;4672.00;3.06;-23142338#2_0;5.10;0.00;tripinfo_in_ns_to_ko.232;474.00;in_ns_to_ko.232;0;1398.55;0.97;0.00;343.98;car;;17;174.00
5147.00;28706217_0;94.10;7.56;3363.00;84.70;23687583_0;5.10;0.00;tripinfo_in_as_to_sl.50;1784.00;in_as_to_sl.50;0;1976.75;0.92;0.00;1585.20;car;;51;1230.00
5147.00;23156305_0;1264.14;12.18;4508.00;0.86;-23142338#2_0;5.10;0.00;tripinfo_in_ns_to_gg.28;639.00;in_ns_to_gg.28;0;3297.24;1.16;0.00;378.36;car;;17;178.00
5148.00;45494495_0;58.90;12.47;3862.00;30.63;23687583_0;5.10;0.00;tripinfo_in_as_to_os.45;1286.00;in_as_to_os.45;0;1689.77;1.20;0.00;1159.18;car;;26;813.00
5148.00;972103805_0;116.86;10.95;4675.00;0.65;-23142338#2_0;5.10;0.00;tripinfo_in_ns_to_ko.233;473.00;in_ns_to_ko.233;0;1398.55;1.03;0.00;351.07;car;;17;167.00
5148.00;23156305_0;1264.14;10.96;4980.00;272.08;23687583_0;5.10;0.00;tripinfo_in_as_to_gg.24;168.00;in_as_to_gg.24;0;1600.87;1.08;0.00;33.88;car;;0;0.00
5149.00;28706217_0;94.10;7.90;3414.00;64.18;23687583_0;5.10;0.00;tripinfo_in_as_to_sl.53;1735.00;in_as_to_sl.53;0;1976.75;0.99;0.00;1549.20;car;;41;1176.00
5149.00;28716808#1_0;754.74;10.84;4868.00;46.84;803785575#0_0;5.10;0.00;tripinfo_in_od_to_kl.85;281.00;in_od_to_kl.85;0;2678.40;1.01;0.00;42.16;car;;2;12.00
5150.00;41899283#1_0;148.70;10.25;5068.00;0.44;-23527526_0;5.10;0.00;tripinfo_out_gj_to_as.1;82.00;out_gj_to_as.1;0;633.70;0.98;0.00;22.45;car;;1;10.00
5151.00;972103805_0;116.86;10.54;4841.00;33.75;803785575#0_0;5.10;0.00;tripinfo_in_od_to_ko.157;310.00;in_od_to_ko.157;0;2307.67;1.05;0.00;101.35;car;;4;51.00
5151.00;45494495_0;58.90;10.85;5027.00;32.89;803785575#0_0;5.10;0.00;tripinfo_in_od_to_os.147;124.00;in_od_to_os.147;0;969.96;1.08;0.00;42.19;car;;4;18.00
5153.00;23527526_0;253.75;9.55;5052.00;231.49;23687583_0;5.10;0.00;tripinfo_in_as_to_gj.98;101.00;in_as_to_gj.98;0;649.06;0.89;0.00;34.29;car;;1;5.00
5153.00;28716808#1_0;754.74;10.46;4874.00;46.48;803785575#0_0;5.10;0.00;tripinfo_in_od_to_kl.86;279.00;in_od_to_kl.86;0;2678.40;0.99;0.00;33.74;car;;2;5.00
5155.00;45494495_0;58.90;10.17;3848.00;31.93;23687583_0;5.10;0.00;tripinfo_in_as_to_os.44;1307.00;in_as_to_os.44;0;1689.77;1.03;0.00;1157.89;car;;31;811.00
5156.00;41899283#1_0;148.70;10.87;4871.00;48.61;803785575#0_0;5.10;0.00;tripinfo_in_od_to_as.108;285.00;in_od_to_as.108;0;2382.09;0.99;0.00;66.65;car;;2;38.00
5158.00;41899283#1_0;148.70;10.62;4859.00;45.01;803785575#0_0;5.10;0.00;tripinfo_in_od_to_as.107;299.00;in_od_to_as.107;0;2382.09;1.00;0.00;84.69;car;;3;34.00
5159.00;972103805_0;116.86;10.61;4684.00;0.42;-23142338#2_0;5.10;0.00;tripinfo_in_ns_to_ko.234;475.00;in_ns_to_ko.234;0;1398.55;1.04;0.00;352.92;car;;16;174.00
5162.00;41899283#1_0;148.70;10.10;4627.00;1.75;-23142338#2_0;5.10;0.00;tripinfo_in_ns_to_as.38;535.00;in_ns_to_as.38;0;2009.37;1.03;0.00;356.67;car;;16;205.00
5163.00;23156030#6_0;109.07;10.90;3547.00;0.40;-230845886_0;5.10;0.00;tripinfo_in_ba_to_od.4;1616.00;in_ba_to_od.4;0;2315.50;0.99;0.00;1404.77;car;;35;1147.00
5163.00;45494495_0;58.90;6.78;3669.00;1.74;23687583_0;5.10;0.00;tripinfo_in_as_to_os.39;1494.00;in_as_to_os.39;0;1689.77;0.68;0.00;1268.44;car;;34;874.00
5164.00;972103805_0;116.86;10.29;5026.00;249.55;23687583_0;5.10;0.00;tripinfo_in_as_to_ko.133;138.00;in_as_to_ko.133;0;1102.39;0.95;0.00;33.21;car;;2;15.00
5165.00;28706217_0;94.10;6.96;3463.00;24.25;23687583_0;5.10;0.00;tripinfo_in_as_to_sl.55;1702.00;in_as_to_sl.55;0;1976.75;0.94;0.00;1506.05;car;;38;1125.00
5165.00;23156030#6_1;109.07;10.60;3601.00;4.11;-230845886_0;5.10;0.00;tripinfo_in_ba_to_od.5;1564.00;in_ba_to_od.5;0;2315.50;0.99;0.00;1353.49;car;;39;1046.00
5165.00;45494495_0;58.90;10.66;3767.00;42.07;23687583_0;5.10;0.00;tripinfo_in_as_to_os.41;1398.00;in_as_to_os.41;0;1689.77;0.97;0.00;1239.50;car;;31;802.00
5166.00;23156305_0;1264.14;12.03;4787.00;38.84;803785575#0_0;5.10;0.00;tripinfo_in_od_to_gg.113;379.00;in_od_to_gg.113;0;3669.96;1.12;0.00;82.33;car;;4;13.00
5167.00;28706217_0;94.10;8.61;3388.00;2.18;-230845886_0;5.10;0.00;tripinfo_in_ba_to_sl.34;1779.00;in_ba_to_sl.34;0;1934.94;1.06;0.00;1609.23;car;;45;1217.00
5167.00;41899283#1_0;148.70;9.41;4894.00;40.94;803785575#0_0;5.10;0.00;tripinfo_in_od_to_as.109;273.00;in_od_to_as.109;0;2382.09;0.95;0.00;44.73;car;;2;9.00
5167.00;45494495_0;58.90;6.89;5030.00;30.91;803785575#0_0;5.10;0.00;tripinfo_in_od_to_os.148;137.00;in_od_to_os.148;0;969.96;0.71;0.00;13.80;car;;0;0.00
5168.00;41899283#1_0;148.70;9.87;4898.00;41.92;803785575#0_0;5.10;0.00;tripinfo_in_od_to_as.110;270.00;in_od_to_as.110;0;2382.09;1.00;0.00;55.89;car;;2;9.00
5169.00;45494495_0;58.90;10.59;3797.00;2.37;-230845886_0;5.10;0.00;tripinfo_in_ba_to_os.53;1372.00;in_ba_to_os.53;0;1647.96;1.06;0.00;1230.25;car;;32;800.00
5169.00;23142338#2_0;290.21;8.33;4888.00;310.47;23687583_0;5.10;0.00;tripinfo_in_as_to_ns.69;281.00;in_as_to_ns.69;0;1995.73;0.79;0.00;49.29;car;;2;18.00
5170.00;972103805_0;116.86;10.25;5029.00;236.53;23687583_0;5.10;0.00;tripinfo_in_as_to_ko.134;141.00;in_as_to_ko.134;0;1102.39;1.02;0.00;42.81;car;;3;19.00
5170.00;41899283#1_0;148.70;11.58;4913.00;28.16;803785575#0_0;5.10;0.00;tripinfo_in_od_to_as.111;257.00;in_od_to_as.111;0;2382.09;1.11;0.00;61.96;car;;2;8.00
5171.00;45494495_0;58.90;9.07;3842.00;2.97;-230845886_0;5.10;0.00;tripinfo_in_ba_to_os.55;1329.00;in_ba_to_os.55;0;1647.96;0.85;0.00;1153.75;car;;36;749.00
5171.00;23142338#2_0;290.21;10.04;4903.00;316.06;23687583_0;5.10;0.00;tripinfo_in_as_to_ns.70;268.00;in_as_to_ns.70;0;1995.73;0.99;0.00;84.45;car;;3;28.00
5172.00;28706217_0;94.10;6.60;3380.00;73.58;23687583_0;5.10;0.00;tripinfo_in_as_to_sl.51;1792.00;in_as_to_sl.51;0;1976.75;0.90;0.00;1589.07;car;;43;1231.00
5172.00;972103805_0;116.86;11.06;4693.00;7.60;-23142338#2_0;5.10;0.00;tripinfo_in_ns_to_ko.235;479.00;in_ns_to_ko.235;0;1398.55;1.11;0.00;364.99;car;;16;175.00
5173.00;45494495_0;58.90;9.78;3930.00;1.32;-230845886_0;5.10;0.00;tripinfo_in_ba_to_os.57;1243.00;in_ba_to_os.57;0;1647.96;0.95;0.00;1085.91;car;;30;766.00
5174.00;972103805_0;116.86;12.78;4700.00;3.53;-23142338#2_0;5.10;0.00;tripinfo_in_ns_to_ko.236;474.00;in_ns_to_ko.236;0;1398.55;1.17;0.00;366.00;car;;17;171.00
5175.00;45494495_0;58.90;10.41;3891.00;16.00;23687583_0;5.10;0.00;tripinfo_in_as_to_os.46;1284.00;in_as_to_os.46;0;1689.77;1.00;0.00;1130.63;car;;25;780.00
5181.00;23142338#2_0;290.21;11.74;4962.00;289.81;23687583_0;5.10;0.00;tripinfo_in_as_to_ns.71;219.00;in_as_to_ns.71;0;1995.73;1.09;0.00;51.85;car;;2;17.00
5185.00;230845886_0;633.12;10.31;4956.00;333.52;23687583_0;5.10;0.00;tripinfo_in_as_to_ba.59;229.00;in_as_to_ba.59;0;1356.50;1.03;0.00;110.89;car;;2;76.00
5187.00;230845886_0;633.12;11.65;4968.00;290.73;23687583_0;5.10;0.00;tripinfo_in_as_to_ba.60;219.00;in_as_to_ba.60;0;1356.50;1.07;0.00;104.54;car;;3;65.00
5193.00;23156390_0;1121.44;9.06;4805.00;36.46;803785575#0_0;5.10;0.00;tripinfo_in_od_to_br.88;388.00;in_od_to_br.88;0;3149.31;0.83;0.00;41.76;car;;1;8.00
5193.00;230845886_0;633.12;11.29;4928.00;27.83;803785575#0_0;5.10;0.00;tripinfo_in_od_to_ba.113;265.00;in_od_to_ba.113;0;2382.14;1.03;0.00;55.25;car;;0;0.00
5195.00;23156390_0;1121.44;10.96;4816.00;34.23;803785575#0_0;5.10;0.00;tripinfo_in_od_to_br.89;379.00;in_od_to_br.89;0;3149.31;1.03;0.00;101.55;car;;1;7.00
5196.00;23156390_0;1121.44;11.42;5011.00;259.41;23687583_0;5.10;0.00;tripinfo_in_as_to_br.22;185.00;in_as_to_br.22;0;1694.48;1.11;0.00;47.54;car;;1;5.00
5196.00;23142338#2_0;290.21;12.16;4910.00;39.99;803785575#0_0;5.10;0.00;tripinfo_in_od_to_ns.36;286.00;in_od_to_ns.36;0;1928.29;1.12;0.00;120.01;car;;4;67.00
5196.00;230845886_0;633.12;10.65;4949.00;23.28;803785575#0_0;5.10;0.00;tripinfo_in_od_to_ba.114;247.00;in_od_to_ba.114;0;2382.14;1.07;0.00;45.27;car;;0;0.00
5197.00;28706217_0;94.10;6.43;3564.00;51.16;23687583_0;5.10;0.00;tripinfo_in_as_to_sl.60;1633.00;in_as_to_sl.60;0;1976.75;0.86;0.00;1419.91;car;;38;1056.00
5197.00;972103805_0;116.86;10.28;5059.00;0.29;-23527526_0;5.10;0.00;tripinfo_out_gj_to_ko.0;138.00;out_gj_to_ko.0;0;971.70;0.94;0.00;43.24;car;;2;24.00
5198.00;972103805_0;116.86;12.79;5061.00;230.96;23687583_0;5.10;0.00;tripinfo_in_as_to_ko.135;137.00;in_as_to_ko.135;0;1102.39;1.17;0.00;51.77;car;;2;9.00
5199.00;28706217_0;94.10;7.85;3505.00;38.57;23687583_0;5.10;0.00;tripinfo_in_as_to_sl.57;1694.00;in_as_to_sl.57;0;1976.75;0.96;0.00;1503.80;car;;35;1115.00
5201.00;41899283#1_0;148.70;9.13;5097.00;2.78;-23527526_0;5.10;0.00;tripinfo_out_gj_to_as.2;104.00;out_gj_to_as.2;0;633.70;0.91;0.00;40.03;car;;2;24.00
5207.00;23156305_0;1264.14;9.10;4799.00;38.63;803785575#0_0;5.10;0.00;tripinfo_in_od_to_gg.114;408.00;in_od_to_gg.114;0;3669.96;0.90;0.00;36.27;car;;0;0.00
5207.00;23156390_0;1121.44;9.52;4832.00;35.99;803785575#0_0;5.10;0.00;tripinfo_in_od_to_br.90;375.00;in_od_to_br.90;0;3149.31;0.90;0.00;57.58;car;;3;18.00
5207.00;972103805_0;116.86;8.33;4844.00;35.67;803785575#0_0;5.10;0.00;tripinfo_in_od_to_ko.158;363.00;in_od_to_ko.158;0;2307.67;0.78;0.00;81.50;car;;2;36.00
5209.00;23156305_0;1264.14;10.34;4826.00;31.45;803785575#0_0;5.10;0.00;tripinfo_in_od_to_gg.115;383.00;in_od_to_gg.115;0;3669.96;1.00;0.00;49.47;car;;0;0.00
5209.00;972103805_0;116.86;9.75;4850.00;41.14;803785575#0_0;5.10;0.00;tripinfo_in_od_to_ko.159;359.00;in_od_to_ko.159;0;2307.67;0.92;0.00;120.92;car;;2;35.00
5209.00;23156390_0;1121.44;11.83;4862.00;47.31;803785575#0_0;5.10;0.00;tripinfo_in_od_to_br.91;347.00;in_od_to_br.91;0;3149.31;1.11;0.00;88.24;car;;3;13.00
5209.00;23527526_0;253.75;11.28;5091.00;221.47;23687583_0;5.10;0.00;tripinfo_in_as_to_gj.99;118.00;in_as_to_gj.99;0;649.06;1.10;0.00;64.35;car;;1;31.00
5209.00;41899283#1_0;148.70;10.09;4916.00;27.05;803785575#0_0;5.10;0.00;tripinfo_in_od_to_as.112;293.00;in_od_to_as.112;0;2382.09;0.92;0.00;57.77;car;;1;2.00
5211.00;972103805_0;116.86;11.00;4853.00;43.38;803785575#0_0;5.10;0.00;tripinfo_in_od_to_ko.160;358.00;in_od_to_ko.160;0;2307.67;1.03;0.00;143.60;car;;2;33.00
5211.00;23156390_0;1121.44;11.73;4883.00;45.22;803785575#0_0;5.10;0.00;tripinfo_in_od_to_br.92;328.00;in_od_to_br.92;0;3149.31;1.08;0.00;63.20;car;;1;8.00
5211.00;41899283#1_0;148.70;10.82;4934.00;28.89;803785575#0_0;5.10;0.00;tripinfo_in_od_to_as.113;277.00;in_od_to_as.113;0;2382.09;1.02;0.00;65.12;car;;0;0.00
5213.00;972103805_0;116.86;9.31;4722.00;10.15;-23142338#2_0;5.10;0.00;tripinfo_in_ns_to_ko.237;491.00;in_ns_to_ko.237;0;1398.55;0.88;0.00;347.43;car;;16;168.00
5215.00;972103805_0;116.86;11.52;4727.00;6.70;-23142338#2_0;5.10;0.00;tripinfo_in_ns_to_ko.238;488.00;in_ns_to_ko.238;0;1398.55;1.05;0.00;366.75;car;;15;165.00
5215.00;23527526_0;253.75;11.17;5111.00;228.47;23687583_0;5.10;0.00;tripinfo_in_as_to_gj.100;104.00;in_as_to_gj.100;0;649.06;1.12;0.00;51.43;car;;1;29.00
5215.00;230845886_0;633.12;11.19;5012.00;0.67;-23527526_0;5.10;0.00;tripinfo_out_gj_to_ba.0;203.00;out_gj_to_ba.0;0;1702.89;1.04;0.00;54.59;car;;2;17.00
5217.00;972103805_0;116.86;10.26;4856.00;43.15;803785575#0_0;5.10;0.00;tripinfo_in_od_to_ko.161;361.00;in_od_to_ko.161;0;2307.67;0.95;0.00;130.93;car;;3;53.00
5219.00;23156030#6_0;109.07;11.46;3776.00;47.86;23687583_0;5.10;0.00;tripinfo_in_as_to_od.15;1443.00;in_as_to_od.15;0;2357.31;1.11;0.00;1252.08;car;;34;827.00
5219.00;972103805_0;116.86;10.47;4877.00;49.15;803785575#0_0;5.10;0.00;tripinfo_in_od_to_ko.162;342.00;in_od_to_ko.162;0;2307.67;0.99;0.00;118.88;car;;3;52.00
5221.00;23156390_0;1121.44;11.25;5036.00;240.87;23687583_0;5.10;0.00;tripinfo_in_as_to_br.23;185.00;in_as_to_br.23;0;1694.48;1.09;0.00;43.73;car;;3;14.00
5221.00;972103805_0;116.86;11.10;4901.00;39.66;803785575#0_0;5.10;0.00;tripinfo_in_od_to_ko.163;320.00;in_od_to_ko.163;0;2307.67;1.05;0.00;110.62;car;;3;55.00
5226.00;972103805_0;116.86;9.16;5069.00;238.04;23687583_0;5.10;0.00;tripinfo_in_as_to_ko.136;157.00;in_as_to_ko.136;0;1102.39;0.92;0.00;48.93;car;;2;15.00
5227.00;23527526_0;253.75;10.62;5120.00;229.50;23687583_0;5.10;0.00;tripinfo_in_as_to_gj.101;107.00;in_as_to_gj.101;0;649.06;1.03;0.00;49.43;car;;1;26.00
5228.00;28706217_0;94.10;6.38;3600.00;12.65;23687583_0;5.10;0.00;tripinfo_in_as_to_sl.62;1628.00;in_as_to_sl.62;0;1976.75;0.85;0.00;1412.00;car;;35;1050.00
5228.00;972103805_0;116.86;10.95;5126.00;0.51;-23527526_0;5.10;0.00;tripinfo_out_gj_to_ko.1;102.00;out_gj_to_ko.1;0;971.70;1.01;0.00;14.14;car;;0;0.00
5229.00;41899283#1_0;148.70;11.10;4964.00;33.80;803785575#0_0;5.10;0.00;tripinfo_in_od_to_as.115;265.00;in_od_to_as.115;0;2382.09;1.08;0.00;65.14;car;;1;5.00
5230.00;28706217_0;94.10;7.70;3423.00;64.35;23687583_0;5.10;0.00;tripinfo_in_as_to_sl.54;1807.00;in_as_to_sl.54;0;1976.75;0.93;0.00;1609.29;car;;53;1254.00
5232.00;972103805_0;116.86;10.49;4904.00;40.59;803785575#0_0;5.10;0.00;tripinfo_in_od_to_ko.164;328.00;in_od_to_ko.164;0;2307.67;1.06;0.00;120.23;car;;4;60.00
5233.00;41899283#1_0;148.70;10.74;4970.00;37.25;803785575#0_0;5.10;0.00;tripinfo_in_od_to_as.116;263.00;in_od_to_as.116;0;2382.09;0.99;0.00;45.20;car;;0;0.00
5233.00;23142338#2_0;290.21;11.90;4973.00;34.54;803785575#0_0;5.10;0.00;tripinfo_in_od_to_ns.37;260.00;in_od_to_ns.37;0;1928.29;1.09;0.00;88.32;car;;3;36.00
5234.00;230845886_0;633.12;9.21;4952.00;25.05;803785575#0_0;5.10;0.00;tripinfo_in_od_to_ba.115;282.00;in_od_to_ba.115;0;2382.14;0.83;0.00;23.28;car;;0;0.00
5235.00;28706217_0;94.10;6.59;3607.00;5.05;23687583_0;5.10;0.00;tripinfo_in_as_to_sl.63;1628.00;in_as_to_sl.63;0;1976.75;0.87;0.00;1418.06;car;;38;1039.00
5235.00;972103805_0;116.86;10.94;4750.00;17.89;-23142338#2_0;5.10;0.00;tripinfo_in_ns_to_ko.239;485.00;in_ns_to_ko.239;0;1398.55;1.06;0.00;366.67;car;;16;187.00
5236.00;230845886_0;633.12;11.65;5031.00;1.05;-23527526_0;5.10;0.00;tripinfo_out_gj_to_ba.1;205.00;out_gj_to_ba.1;0;1702.89;1.06;0.00;59.83;car;;2;7.00
5238.00;972103805_0;116.86;10.70;4775.00;37.63;-23142338#2_0;5.10;0.00;tripinfo_in_ns_to_ko.240;463.00;in_ns_to_ko.240;0;1398.55;1.02;0.00;338.69;car;;16;162.00
5239.00;45494495_0;58.90;12.62;3942.00;1.95;-230845886_0;5.10;0.00;tripinfo_in_ba_to_os.58;1297.00;in_ba_to_os.58;0;1647.96;1.16;0.00;1168.32;car;;28;801.00
5240.00;972103805_0;116.86;10.83;4922.00;25.08;803785575#0_0;5.10;0.00;tripinfo_in_od_to_ko.165;318.00;in_od_to_ko.165;0;2307.67;1.08;0.00;113.95;car;;4;63.00
5240.00;41899283#1_0;148.70;8.73;4958.00;30.18;803785575#0_0;5.10;0.00;tripinfo_in_od_to_as.114;282.00;in_od_to_as.114;0;2382.09;0.88;0.00;36.87;car;;0;0.00
5241.00;23527526_0;253.75;9.30;4925.00;27.01;803785575#0_0;5.10;0.00;tripinfo_in_od_to_gj.32;316.00;in_od_to_gj.32;0;2706.99;0.92;0.00;49.41;car;;0;0.00
5243.00;41899283#1_0;148.70;10.11;4985.00;37.94;803785575#0_0;5.10;0.00;tripinfo_in_od_to_as.118;258.00;in_od_to_as.118;0;2382.09;0.99;0.00;40.45;car;;0;0.00
5244.00;45494495_0;58.90;8.76;3967.00;4.39;-230845886_0;5.10;0.00;tripinfo_in_ba_to_os.59;1277.00;in_ba_to_os.59;0;1647.96;0.88;0.00;1107.41;car;;26;794.00
5246.00;23156305_0;1264.14;11.37;4865.00;49.14;803785575#0_0;5.10;0.00;tripinfo_in_od_to_gg.116;381.00;in_od_to_gg.116;0;3669.96;1.13;0.00;86.54;car;;1;43.00
5247.00;41899283#1_0;148.70;8.51;4976.00;37.43;803785575#0_0;5.10;0.00;tripinfo_in_od_to_as.117;271.00;in_od_to_as.117;0;2382.09;0.87;0.00;25.07;car;;0;0.00
5249.00;41899283#1_0;148.70;10.90;4991.00;39.75;803785575#0_0;5.10;0.00;tripinfo_in_od_to_as.119;258.00;in_od_to_as.119;0;2382.09;1.02;0.00;46.07;car;;0;0.00
5251.00;28706217_0;94.10;8.15;3616.00;3.85;23687583_0;5.10;0.00;tripinfo_in_as_to_sl.64;1635.00;in_as_to_sl.64;0;1976.75;1.09;0.00;1467.08;car;;43;1026.00
5252.00;230845886_0;633.12;9.51;5003.00;41.56;803785575#0_0;5.10;0.00;tripinfo_in_od_to_ba.116;249.00;in_od_to_ba.116;0;2382.14;0.94;0.00;19.53;car;;0;0.00
5254.00;23156305_0;1264.14;11.59;4614.00;1.37;-23142338#2_0;5.10;0.00;tripinfo_in_ns_to_gg.29;640.00;in_ns_to_gg.29;0;3297.24;1.07;0.00;360.86;car;;14;221.00
5254.00;230845886_0;633.12;10.63;5012.00;27.03;803785575#0_0;5.10;0.00;tripinfo_in_od_to_ba.117;242.00;in_od_to_ba.117;0;2382.14;1.02;0.00;31.47;car;;0;0.00
5256.00;23142338#2_0;290.21;8.90;4989.00;263.74;23687583_0;5.10;0.00;tripinfo_in_as_to_ns.72;267.00;in_as_to_ns.72;0;1995.73;0.83;0.00;46.87;car;;1;16.00
5256.00;23527526_0;253.75;8.34;4937.00;20.54;803785575#0_0;5.10;0.00;tripinfo_in_od_to_gj.33;319.00;in_od_to_gj.33;0;2706.99;0.84;0.00;26.26;car;;0;0.00
5256.00;230845886_0;633.12;11.39;5015.00;28.23;803785575#0_0;5.10;0.00;tripinfo_in_od_to_ba.118;241.00;in_od_to_ba.118;0;2382.14;1.06;0.00;37.78;car;;0;0.00
5256.00;972103805_0;116.86;9.81;5012.00;0.43;-28716808#1_0;5.10;0.00;tripinfo_out_kl_to_ko.0;244.00;out_kl_to_ko.0;0;1927.03;0.90;0.00;50.74;car;;2;26.00
5258.00;28706217_0;94.10;8.41;3500.00;38.56;23687583_0;5.10;0.00;tripinfo_in_as_to_sl.56;1758.00;in_as_to_sl.56;0;1976.75;1.02;0.00;1577.93;car;;47;1201.00
5258.00;23156305_0;1264.14;11.34;4624.00;0.62;-23142338#2_0;5.10;0.00;tripinfo_in_ns_to_gg.30;634.00;in_ns_to_gg.30;0;3297.24;1.06;0.00;350.33;car;;14;201.00
5258.00;23527526_0;253.75;11.95;4655.00;0.57;-230845886_0;5.10;0.00;tripinfo_in_ba_to_gj.94;603.00;in_ba_to_gj.94;0;1755.68;1.15;0.00;464.55;car;;2;411.00
5258.00;23142338#2_0;290.21;10.75;4995.00;265.14;23687583_0;5.10;0.00;tripinfo_in_as_to_ns.73;263.00;in_as_to_ns.73;0;1995.73;1.03;0.00;86.47;car;;3;33.00
5259.00;972103805_0;116.86;9.18;5085.00;217.48;23687583_0;5.10;0.00;tripinfo_in_as_to_ko.137;174.00;in_as_to_ko.137;0;1102.39;0.91;0.00;64.05;car;;1;33.00
5260.00;23527526_0;253.75;12.45;5136.00;201.53;23687583_0;5.10;0.00;tripinfo_in_as_to_gj.102;124.00;in_as_to_gj.102;0;649.06;1.14;0.00;71.24;car;;2;36.00
5260.00;23142338#2_0;290.21;10.27;5016.00;0.10;-23527526_0;5.10;0.00;tripinfo_out_gj_to_ns.0;244.00;out_gj_to_ns.0;0;2043.79;0.98;0.00;54.97;car;;2;18.00
5261.00;972103805_0;116.86;11.05;5101.00;229.02;23687583_0;5.10;0.00;tripinfo_in_as_to_ko.138;160.00;in_as_to_ko.138;0;1102.39;1.01;0.00;61.49;car;;1;30.00
5261.00;41899283#1_0;148.70;12.08;5187.00;0.04;-23527526_0;5.10;0.00;tripinfo_out_gj_to_as.3;74.00;out_gj_to_as.3;0;633.70;1.18;0.00;24.58;car;;1;1.00
5265.00;972103805_0;116.86;9.81;4940.00;23.43;803785575#0_0;5.10;0.00;tripinfo_in_od_to_ko.166;325.00;in_od_to_ko.166;0;2307.67;0.91;0.00;83.73;car;;3;39.00
5266.00;28706217_0;94.10;7.65;4746.00;16.03;-23142338#2_0;5.10;0.00;tripinfo_in_ns_to_sl.12;520.00;in_ns_to_sl.12;0;1619.36;0.98;0.00;353.71;car;;16;167.00
5267.00;972103805_0;116.86;9.40;4946.00;23.01;803785575#0_0;5.10;0.00;tripinfo_in_od_to_ko.167;321.00;in_od_to_ko.167;0;2307.67;0.91;0.00;80.56;car;;3;35.00
5267.00;23142338#2_0;290.21;10.35;5057.00;0.73;803785575#0_0;5.10;0.00;tripinfo_out_od_to_ns.0;210.00;out_od_to_ns.0;0;1928.29;1.02;0.00;27.14;car;;1;4.00
5268.00;28716808#1_0;754.74;8.28;4907.00;38.71;803785575#0_0;5.10;0.00;tripinfo_in_od_to_kl.87;361.00;in_od_to_kl.87;0;2678.40;0.77;0.00;47.39;car;;2;14.00
5269.00;972103805_0;116.86;11.79;4779.00;38.99;-23142338#2_0;5.10;0.00;tripinfo_in_ns_to_ko.241;490.00;in_ns_to_ko.241;0;1398.55;1.15;0.00;380.23;car;;16;179.00
5269.00;23156305_0;1264.14;12.09;4889.00;47.51;803785575#0_0;5.10;0.00;tripinfo_in_od_to_gg.117;380.00;in_od_to_gg.117;0;3669.96;1.14;0.00;87.91;car;;2;30.00
5269.00;28716808#1_0;754.74;10.28;4919.00;22.48;803785575#0_0;5.10;0.00;tripinfo_in_od_to_kl.88;350.00;in_od_to_kl.88;0;2678.40;0.94;0.00;91.42;car;;1;12.00
5269.00;23142338#2_0;290.21;11.97;5019.00;0.15;-23527526_0;5.10;0.00;tripinfo_out_gj_to_ns.1;250.00;out_gj_to_ns.1;0;2043.79;1.17;0.00;91.01;car;;3;35.00
5270.00;41899283#1_0;148.70;10.63;5193.00;4.16;-23527526_0;5.10;0.00;tripinfo_out_gj_to_as.4;77.00;out_gj_to_as.4;0;633.70;0.98;0.00;16.99;car;;0;0.00
5271.00;972103805_0;116.86;11.91;4782.00;30.19;-23142338#2_0;5.10;0.00;tripinfo_in_ns_to_ko.242;489.00;in_ns_to_ko.242;0;1398.55;1.10;0.00;374.25;car;;16;177.00
5274.00;972103805_0;116.86;10.20;4961.00;33.01;803785575#0_0;5.10;0.00;tripinfo_in_od_to_ko.168;313.00;in_od_to_ko.168;0;2307.67;1.01;0.00;94.89;car;;3;48.00
5275.00;23142338#2_0;290.21;11.42;5040.00;0.86;-23527526_0;5.10;0.00;tripinfo_out_gj_to_ns.2;235.00;out_gj_to_ns.2;0;2043.79;1.05;0.00;57.82;car;;2;21.00
5277.00;972103805_0;116.86;10.09;4967.00;34.89;803785575#0_0;5.10;0.00;tripinfo_in_od_to_ko.169;310.00;in_od_to_ko.169;0;2307.67;0.95;0.00;78.51;car;;3;37.00
5279.00;972103805_0;116.86;11.37;4811.00;49.15;-23142338#2_0;5.10;0.00;tripinfo_in_ns_to_ko.243;468.00;in_ns_to_ko.243;0;1398.55;1.08;0.00;350.83;car;;16;173.00
5279.00;28716808#1_0;754.74;9.50;4994.00;40.41;803785575#0_0;5.10;0.00;tripinfo_in_od_to_kl.89;285.00;in_od_to_kl.89;0;2678.40;0.92;0.00;22.34;car;;0;0.00
5280.00;230845886_0;633.12;9.15;4687.00;2.10;-23142338#2_0;5.10;0.00;tripinfo_in_ns_to_ba.18;593.00;in_ns_to_ba.18;0;2340.42;0.87;0.00;351.63;car;;16;168.00
5281.00;23142338#2_0;290.21;10.22;5002.00;269.49;23687583_0;5.10;0.00;tripinfo_in_as_to_ns.74;279.00;in_as_to_ns.74;0;1995.73;0.96;0.00;90.36;car;;5;47.00
5281.00;230845886_0;633.12;10.74;5024.00;32.81;803785575#0_0;5.10;0.00;tripinfo_in_od_to_ba.119;257.00;in_od_to_ba.119;0;2382.14;0.98;0.00;37.39;car;;0;0.00
5282.00;28706217_0;94.10;7.83;3532.00;47.82;23687583_0;5.10;0.00;tripinfo_in_as_to_sl.58;1750.00;in_as_to_sl.58;0;1976.75;1.06;0.00;1576.89;car;;41;1212.00
5283.00;972103805_0;116.86;11.92;5108.00;225.86;23687583_0;5.10;0.00;tripinfo_in_as_to_ko.139;175.00;in_as_to_ko.139;0;1102.39;1.09;0.00;83.44;car;;2;50.00
5285.00;972103805_0;116.86;12.21;5117.00;233.46;23687583_0;5.10;0.00;tripinfo_in_as_to_ko.140;168.00;in_as_to_ko.140;0;1102.39;1.19;0.00;83.91;car;;2;45.00
5287.00;28706217_0;94.10;8.16;3638.00;2.53;-230845886_0;5.10;0.00;tripinfo_in_ba_to_sl.37;1649.00;in_ba_to_sl.37;0;1934.94;1.09;0.00;1483.41;car;;43;1067.00
5287.00;23527526_0;253.75;9.18;5197.00;226.70;23687583_0;5.10;0.00;tripinfo_in_as_to_gj.103;90.00;in_as_to_gj.103;0;649.06;0.93;0.00;25.93;car;;1;5.00
5288.00;28716808#1_0;754.74;10.57;5114.00;230.73;23687583_0;5.10;0.00;tripinfo_in_as_to_kl.23;174.00;in_as_to_kl.23;0;1207.92;0.99;0.00;63.47;car;;2;36.00
5288.00;23142338#2_0;290.21;11.59;5066.00;0.77;803785575#0_0;5.10;0.00;tripinfo_out_od_to_ns.1;222.00;out_od_to_ns.1;0;1928.29;1.08;0.00;50.10;car;;2;21.00
5289.00;23156390_0;1121.44;10.29;5079.00;225.72;23687583_0;5.10;0.00;tripinfo_in_as_to_br.24;210.00;in_as_to_br.24;0;1694.48;1.00;0.00;56.60;car;;2;4.00
5289.00;28716808#1_0;754.74;11.03;5123.00;229.50;23687583_0;5.10;0.00;tripinfo_in_as_to_kl.24;166.00;in_as_to_kl.24;0;1207.92;1.06;0.00;62.95;car;;3;30.00
5290.00;972103805_0;116.86;10.58;5151.00;0.12;-23527526_0;5.10;0.00;tripinfo_out_gj_to_ko.2;139.00;out_gj_to_ko.2;0;971.70;0.97;0.00;48.03;car;;2;30.00
5294.00;23527526_0;253.75;10.87;5018.00;29.37;803785575#0_0;5.10;0.00;tripinfo_in_od_to_gj.34;276.00;in_od_to_gj.34;0;2706.99;1.00;0.00;32.17;car;;0;0.00
5296.00;23527526_0;253.75;13.00;5039.00;21.20;803785575#0_0;5.10;0.00;tripinfo_in_od_to_gj.35;257.00;in_od_to_gj.35;0;2706.99;1.19;0.00;49.95;car;;0;0.00
5296.00;972103805_0;116.86;8.47;5038.00;0.78;-28716808#1_0;5.10;0.00;tripinfo_out_kl_to_ko.1;258.00;out_kl_to_ko.1;0;1927.03;0.82;0.00;43.65;car;;2;16.00
5297.00;45494495_0;58.90;9.96;4104.00;3.93;-230845886_0;5.10;0.00;tripinfo_in_ba_to_os.62;1193.00;in_ba_to_os.62;0;1647.96;0.99;0.00;1042.77;car;;21;701.00
5297.00;41899283#1_0;148.70;10.94;5233.00;0.38;-23527526_0;5.10;0.00;tripinfo_out_gj_to_as.5;64.00;out_gj_to_as.5;0;633.70;1.06;0.00;8.85;car;;0;0.00
5298.00;23142338#2_0;290.21;12.00;5043.00;0.32;-23527526_0;5.10;0.00;tripinfo_out_gj_to_ns.3;255.00;out_gj_to_ns.3;0;2043.79;1.12;0.00;90.68;car;;3;53.00
5300.00;41899283#1_0;148.70;10.93;5236.00;1.18;-23527526_0;5.10;0.00;tripinfo_out_gj_to_as.6;64.00;out_gj_to_as.6;0;633.70;1.03;0.00;7.62;car;;0;0.00
5301.00;23156030#6_0;109.07;8.43;2462.00;0.41;-45494495_0;5.10;0.00;tripinfo_in_os_to_od.6;2839.00;in_os_to_od.6;0;865.51;0.84;0.00;2746.35;car;;19;2637.00
5301.00;45494495_0;58.90;9.24;4001.00;0.28;-230845886_0;5.10;0.00;tripinfo_in_ba_to_os.60;1300.00;in_ba_to_os.60;0;1647.96;0.95;0.00;1142.21;car;;31;814.00
5301.00;23142338#2_0;290.21;11.68;5051.00;0.18;-23527526_0;5.10;0.00;tripinfo_out_gj_to_ns.4;250.00;out_gj_to_ns.4;0;2043.79;1.10;0.00;82.69;car;;3;49.00
5304.00;45494495_0;58.90;9.69;4115.00;32.69;23687583_0;5.10;0.00;tripinfo_in_as_to_os.50;1189.00;in_as_to_os.50;0;1689.77;0.93;0.00;1025.17;car;;24;694.00
5305.00;28716808#1_0;754.74;9.85;5009.00;32.39;803785575#0_0;5.10;0.00;tripinfo_in_od_to_kl.91;296.00;in_od_to_kl.91;0;2678.40;0.99;0.00;50.69;car;;2;19.00
5306.00;45494495_0;58.90;10.42;4046.00;4.53;-230845886_0;5.10;0.00;tripinfo_in_ba_to_os.61;1260.00;in_ba_to_os.61;0;1647.96;1.04;0.00;1116.56;car;;21;751.00
5308.00;45494495_0;58.90;10.94;3982.00;0.97;23687583_0;5.10;0.00;tripinfo_in_as_to_os.47;1326.00;in_as_to_os.47;0;1689.77;1.01;0.00;1174.50;car;;27;788.00
5310.00;28706217_0;94.10;7.71;5233.00;0.26;803785575#0_0;5.10;0.00;tripinfo_in_od_to_sl.9;77.00;in_od_to_sl.9;0;747.33;1.05;0.00;7.70;car;;0;0.00
5312.00;28706217_0;94.10;8.78;3768.00;3.12;-230845886_0;5.10;0.00;tripinfo_in_ba_to_sl.39;1544.00;in_ba_to_sl.39;0;1934.94;1.14;0.00;1385.82;car;;42;912.00
5312.00;41899283#1_0;148.70;10.42;4756.00;20.05;-23142338#2_0;5.10;0.00;tripinfo_in_ns_to_as.39;556.00;in_ns_to_as.39;0;2009.37;0.97;0.00;367.76;car;;16;181.00
5312.00;972103805_0;116.86;12.64;5220.00;0.46;-23527526_0;5.10;0.00;tripinfo_out_gj_to_ko.3;92.00;out_gj_to_ko.3;0;971.70;1.18;0.00;16.93;car;;1;3.00
5314.00;23527526_0;253.75;9.36;5240.00;233.64;23687583_0;5.10;0.00;tripinfo_in_as_to_gj.104;74.00;in_as_to_gj.104;0;649.06;0.96;0.00;11.73;car;;0;0.00
5315.00;28716808#1_0;754.74;9.75;5006.00;39.55;803785575#0_0;5.10;0.00;tripinfo_in_od_to_kl.90;309.00;in_od_to_kl.90;0;2678.40;0.90;0.00;38.94;car;;1;11.00
5316.00;230845886_0;633.12;11.52;5066.00;235.92;23687583_0;5.10;0.00;tripinfo_in_as_to_ba.61;250.00;in_as_to_ba.61;0;1356.50;1.07;0.00;135.48;car;;3;53.00
5317.00;23156305_0;1264.14;11.34;5129.00;218.63;23687583_0;5.10;0.00;tripinfo_in_as_to_gg.25;188.00;in_as_to_gg.25;0;1600.87;1.06;0.00;51.05;car;;1;26.00
5318.00;28706217_0;94.10;6.82;3756.00;2.18;-230845886_0;5.10;0.00;tripinfo_in_ba_to_sl.38;1562.00;in_ba_to_sl.38;0;1934.94;0.95;0.00;1372.09;car;;47;951.00
5318.00;23142338#2_0;290.21;8.87;5005.00;260.53;23687583_0;5.10;0.00;tripinfo_in_as_to_ns.75;313.00;in_as_to_ns.75;0;1995.73;0.85;0.00;97.92;car;;6;53.00
5319.00;23142338#2_0;290.21;11.14;5008.00;262.68;23687583_0;5.10;0.00;tripinfo_in_as_to_ns.76;311.00;in_as_to_ns.76;0;1995.73;1.05;0.00;138.16;car;;6;47.00
5319.00;972103805_0;116.86;8.67;5078.00;0.71;-28716808#1_0;5.10;0.00;tripinfo_out_kl_to_ko.2;241.00;out_kl_to_ko.2;0;1927.03;0.87;0.00;39.78;car;;2;11.00
5325.00;45494495_0;58.90;10.99;4083.00;37.85;23687583_0;5.10;0.00;tripinfo_in_as_to_os.48;1242.00;in_as_to_os.48;0;1689.77;1.01;0.00;1091.10;car;;19;731.00
5326.00;972103805_0;116.86;9.15;5000.00;42.87;803785575#0_0;5.10;0.00;tripinfo_in_od_to_ko.170;326.00;in_od_to_ko.170;0;2307.67;0.87;0.00;74.33;car;;3;37.00
5326.00;41899283#1_0;148.70;9.84;5042.00;3.33;803785575#0_0;5.10;0.00;tripinfo_out_od_to_as.0;284.00;out_od_to_as.0;0;2382.09;0.89;0.00;41.08;car;;1;8.00
5328.00;972103805_0;116.86;11.74;5033.00;31.84;803785575#0_0;5.10;0.00;tripinfo_in_od_to_ko.171;295.00;in_od_to_ko.171;0;2307.67;1.10;0.00;94.94;car;;3;33.00
5328.00;230845886_0;633.12;12.16;5055.00;0.76;-23527526_0;5.10;0.00;tripinfo_out_gj_to_ba.2;273.00;out_gj_to_ba.2;0;1702.89;1.14;0.00;136.81;car;;3;61.00
5330.00;972103805_0;116.86;10.24;4865.00;62.97;-23142338#2_0;5.10;0.00;tripinfo_in_ns_to_ko.244;465.00;in_ns_to_ko.244;0;1398.55;0.97;0.00;334.00;car;;17;165.00
5331.00;28706217_0;94.10;5.24;3560.00;52.96;23687583_0;5.10;0.00;tripinfo_in_as_to_sl.59;1771.00;in_as_to_sl.59;0;1976.75;0.73;0.00;1521.76;car;;44;1128.00
5331.00;972103805_0;116.86;12.12;4870.00;67.62;-23142338#2_0;5.10;0.00;tripinfo_in_ns_to_ko.245;461.00;in_ns_to_ko.245;0;1398.55;1.13;0.00;349.38;car;;17;158.00
5332.00;28716808#1_0;754.74;10.44;5021.00;31.22;803785575#0_0;5.10;0.00;tripinfo_in_od_to_kl.92;311.00;in_od_to_kl.92;0;2678.40;1.04;0.00;77.26;car;;3;31.00
5333.00;230845886_0;633.12;11.41;5064.00;0.40;-23527526_0;5.10;0.00;tripinfo_out_gj_to_ba.3;269.00;out_gj_to_ba.3;0;1702.89;1.14;0.00;133.90;car;;2;63.00
5336.00;45494495_0;58.90;12.22;4109.00;34.14;23687583_0;5.10;0.00;tripinfo_in_as_to_os.49;1227.00;in_as_to_os.49;0;1689.77;1.16;0.00;1095.58;car;;24;726.00
5336.00;23142338#2_0;290.21;10.07;5023.00;248.86;23687583_0;5.10;0.00;tripinfo_in_as_to_ns.77;313.00;in_as_to_ns.77;0;1995.73;0.98;0.00;127.87;car;;6;57.00
5340.00;45494495_0;58.90;8.61;4167.00;1.98;-230845886_0;5.10;0.00;tripinfo_in_ba_to_os.63;1173.00;in_ba_to_os.63;0;1647.96;0.87;0.00;1001.49;car;;14;691.00
5342.00;45494495_0;58.90;10.94;5160.00;0.61;803785575#0_0;5.10;0.00;tripinfo_out_od_to_os.1;182.00;out_od_to_os.1;0;969.96;1.03;0.00;96.52;car;;5;60.00
5344.00;45494495_0;58.90;10.71;4208.00;0.54;-230845886_0;5.10;0.00;tripinfo_in_ba_to_os.64;1136.00;in_ba_to_os.64;0;1647.96;1.02;0.00;989.18;car;;13;677.00
5344.00;23527526_0;253.75;12.62;4788.00;31.29;-23142338#2_0;5.10;0.00;tripinfo_in_ns_to_gj.20;556.00;in_ns_to_gj.20;0;2084.96;1.25;0.00;404.43;car;;19;181.00
5344.00;23142338#2_0;290.21;8.96;5032.00;239.08;23687583_0;5.10;0.00;tripinfo_in_as_to_ns.78;312.00;in_as_to_ns.78;0;1995.73;0.89;0.00;105.94;car;;6;55.00
5344.00;23156305_0;1264.14;10.97;4955.00;27.59;803785575#0_0;5.10;0.00;tripinfo_in_od_to_gg.118;389.00;in_od_to_gg.118;0;3669.96;0.99;0.00;51.28;car;;1;3.00
5346.00;28706217_0;94.10;7.63;3735.00;34.06;23687583_0;5.10;0.00;tripinfo_in_as_to_sl.65;1611.00;in_as_to_sl.65;0;1976.75;0.94;0.00;1415.31;car;;43;976.00
5346.00;23142338#2_0;290.21;10.81;5004.00;0.31;-23156305_0;5.10;0.00;tripinfo_out_gg_to_ns.0;342.00;out_gg_to_ns.0;0;2927.39;1.03;0.00;84.58;car;;2;31.00
5349.00;45494495_0;58.90;8.35;4103.00;5.59;-23142338#2_0;5.10;0.00;tripinfo_in_ns_to_os.7;1246.00;in_ns_to_os.7;0;1865.82;0.79;0.00;1032.01;car;;22;731.00
5349.00;28716808#1_0;754.74;11.39;5191.00;221.66;23687583_0;5.10;0.00;tripinfo_in_as_to_kl.25;158.00;in_as_to_kl.25;0;1207.92;1.13;0.00;60.63;car;;3;16.00
5349.00;972103805_0;116.86;9.24;5217.00;226.40;23687583_0;5.10;0.00;tripinfo_in_as_to_ko.141;132.00;in_as_to_ko.141;0;1102.39;0.93;0.00;25.06;car;;1;1.00
5350.00;28706217_0;94.10;6.57;3741.00;35.94;23687583_0;5.10;0.00;tripinfo_in_as_to_sl.66;1609.00;in_as_to_sl.66;0;1976.75;0.90;0.00;1406.07;car;;36;952.00
5350.00;230845886_0;633.12;12.71;5126.00;219.59;23687583_0;5.10;0.00;tripinfo_in_as_to_ba.62;224.00;in_as_to_ba.62;0;1356.50;1.20;0.00;121.78;car;;5;41.00
5351.00;45494495_0;58.90;10.23;4158.00;29.15;23687583_0;5.10;0.00;tripinfo_in_as_to_os.51;1193.00;in_as_to_os.51;0;1689.77;1.02;0.00;1043.03;car;;13;697.00
5351.00;972103805_0;116.86;10.01;5233.00;234.23;23687583_0;5.10;0.00;tripinfo_in_as_to_ko.142;118.00;in_as_to_ko.142;0;1102.39;1.01;0.00;19.00;car;;0;0.00
5352.00;45494495_0;58.90;11.63;4244.00;0.97;-230845886_0;5.10;0.00;tripinfo_in_ba_to_os.65;1108.00;in_ba_to_os.65;0;1647.96;1.39;0.00;989.00;car;;9;672.00
5354.00;28706217_0;94.10;8.72;3586.00;39.55;23687583_0;5.10;0.00;tripinfo_in_as_to_sl.61;1768.00;in_as_to_sl.61;0;1976.75;1.12;0.00;1603.53;car;;43;1156.00
5354.00;45494495_0;58.90;10.27;4190.00;31.74;23687583_0;5.10;0.00;tripinfo_in_as_to_os.52;1164.00;in_as_to_os.52;0;1689.77;0.97;0.00;1006.79;car;;14;684.00
5356.00;45494495_0;58.90;10.38;4246.00;64.82;23687583_0;5.10;0.00;tripinfo_in_as_to_os.53;1110.00;in_as_to_os.53;0;1689.77;1.05;0.00;964.53;car;;15;653.00
5357.00;972103805_0;116.86;8.23;4658.00;0.27;-230845886_0;5.10;0.00;tripinfo_in_ba_to_ko.160;699.00;in_ba_to_ko.160;0;2114.29;0.78;0.00;452.68;car;;5;405.00
5357.00;23527526_0;253.75;10.89;4835.00;68.15;-23142338#2_0;5.10;0.00;tripinfo_in_ns_to_gj.21;522.00;in_ns_to_gj.21;0;2084.96;1.06;0.00;343.51;car;;16;165.00
5357.00;41899283#1_0;148.70;8.98;5094.00;0.18;803785575#0_0;5.10;0.00;tripinfo_out_od_to_as.1;263.00;out_od_to_as.1;0;2382.09;0.89;0.00;20.64;car;;0;0.00
5358.00;972103805_0;116.86;9.41;4896.00;77.92;-23142338#2_0;5.10;0.00;tripinfo_in_ns_to_ko.246;462.00;in_ns_to_ko.246;0;1398.55;0.88;0.00;318.86;car;;16;153.00
5360.00;972103805_0;116.86;12.49;4902.00;83.20;-23142338#2_0;5.10;0.00;tripinfo_in_ns_to_ko.247;458.00;in_ns_to_ko.247;0;1398.55;1.16;0.00;349.49;car;;14;152.00
5362.00;972103805_0;116.86;11.70;4905.00;54.31;-23142338#2_0;5.10;0.00;tripinfo_in_ns_to_ko.248;457.00;in_ns_to_ko.248;0;1398.55;1.06;0.00;337.30;car;;15;152.00
5364.00;23142338#2_0;290.21;11.24;5082.00;214.96;23687583_0;5.10;0.00;tripinfo_in_as_to_ns.79;282.00;in_as_to_ns.79;0;1995.73;1.02;0.00;103.65;car;;5;47.00
5366.00;972103805_0;116.86;11.78;4938.00;75.87;-23142338#2_0;5.10;0.00;tripinfo_in_ns_to_ko.249;428.00;in_ns_to_ko.249;0;1398.55;1.07;0.00;308.99;car;;16;145.00
5366.00;23142338#2_0;290.21;11.56;5095.00;0.79;-28716808#1_0;5.10;0.00;tripinfo_out_kl_to_ns.0;271.00;out_kl_to_ns.0;0;2305.34;1.09;0.00;78.35;car;;3;32.00
5368.00;230845886_0;633.12;10.00;5094.00;0.78;-23527526_0;5.10;0.00;tripinfo_out_gj_to_ba.4;274.00;out_gj_to_ba.4;0;1702.89;0.93;0.00;108.79;car;;3;36.00
5370.00;230845886_0;633.12;10.06;5102.00;0.20;-23527526_0;5.10;0.00;tripinfo_out_gj_to_ba.5;268.00;out_gj_to_ba.5;0;1702.89;0.97;0.00;108.62;car;;3;32.00
5371.00;28706217_0;94.10;8.66;3810.00;0.88;-230845886_0;5.10;0.00;tripinfo_in_ba_to_sl.41;1561.00;in_ba_to_sl.41;0;1934.94;1.08;0.00;1395.01;car;;39;928.00
5372.00;41899283#1_0;148.70;10.71;4816.00;50.13;-23142338#2_0;5.10;0.00;tripinfo_in_ns_to_as.40;556.00;in_ns_to_as.40;0;2009.37;0.97;0.00;367.21;car;;17;177.00
5374.00;23156390_0;1121.44;10.39;4717.00;12.51;-23142338#2_0;5.10;0.00;tripinfo_in_ns_to_br.10;657.00;in_ns_to_br.10;0;2792.05;0.97;0.00;396.27;car;;19;192.00
5374.00;972103805_0;116.86;10.43;5247.00;237.60;23687583_0;5.10;0.00;tripinfo_in_as_to_ko.143;127.00;in_as_to_ko.143;0;1102.39;1.00;0.00;27.48;car;;1;12.00
5377.00;23142338#2_0;290.21;9.03;5081.00;0.82;-23527526_0;5.10;0.00;tripinfo_out_gj_to_ns.5;296.00;out_gj_to_ns.5;0;2043.79;0.87;0.00;83.02;car;;3;44.00
5378.00;23156305_0;1264.14;8.72;4656.00;7.15;-23142338#2_0;5.10;0.00;tripinfo_in_ns_to_gg.31;722.00;in_ns_to_gg.31;0;3297.24;0.85;0.00;370.30;car;;18;191.00
5379.00;23156030#6_0;109.07;9.18;3973.00;2.60;-230845886_0;5.10;0.00;tripinfo_in_ba_to_od.6;1406.00;in_ba_to_od.6;0;2315.50;0.89;0.00;1171.39;car;;24;845.00
5379.00;28716808#1_0;754.74;10.03;5204.00;218.75;23687583_0;5.10;0.00;tripinfo_in_as_to_kl.26;175.00;in_as_to_kl.26;0;1207.92;0.97;0.00;62.16;car;;3;21.00
5379.00;23142338#2_0;290.21;10.28;5129.00;1.89;-23527526_0;5.10;0.00;tripinfo_out_gj_to_ns.7;250.00;out_gj_to_ns.7;0;2043.79;1.02;0.00;68.37;car;;1;19.00
5380.00;28706217_0;94.10;6.96;3801.00;65.21;23687583_0;5.10;0.00;tripinfo_in_as_to_sl.67;1579.00;in_as_to_sl.67;0;1976.75;0.89;0.00;1371.85;car;;38;925.00
5380.00;23156305_0;1264.14;11.61;4982.00;38.81;803785575#0_0;5.10;0.00;tripinfo_in_od_to_gg.119;398.00;in_od_to_gg.119;0;3669.96;1.06;0.00;84.79;car;;0;0.00
5383.00;972103805_0;116.86;10.21;4963.00;99.65;-23142338#2_0;5.10;0.00;tripinfo_in_ns_to_ko.250;420.00;in_ns_to_ko.250;0;1398.55;1.02;0.00;296.60;car;;14;141.00
5385.00;23156030#6_0;109.07;9.77;3970.00;2.66;23687583_0;5.10;0.00;tripinfo_in_as_to_od.16;1415.00;in_as_to_od.16;0;2357.31;0.90;0.00;1179.04;car;;21;816.00
5386.00;28706217_0;94.10;8.18;4878.00;60.40;-23142338#2_0;5.10;0.00;tripinfo_in_ns_to_sl.13;508.00;in_ns_to_sl.13;0;1619.36;1.01;0.00;345.99;car;;15;166.00
5392.00;972103805_0;116.86;9.06;4966.00;91.28;-23142338#2_0;5.10;0.00;tripinfo_in_ns_to_ko.251;426.00;in_ns_to_ko.251;0;1398.55;0.86;0.00;278.91;car;;13;133.00
5393.00;23142338#2_0;290.21;10.46;5091.00;0.34;-23527526_0;5.10;0.00;tripinfo_out_gj_to_ns.6;302.00;out_gj_to_ns.6;0;2043.79;1.03;0.00;122.33;car;;4;58.00
5394.00;972103805_0;116.86;11.23;4970.00;92.90;-23142338#2_0;5.10;0.00;tripinfo_in_ns_to_ko.252;424.00;in_ns_to_ko.252;0;1398.55;1.10;0.00;308.88;car;;14;143.00
5398.00;230845886_0;633.12;7.91;4805.00;47.36;-23142338#2_0;5.10;0.00;tripinfo_in_ns_to_ba.19;593.00;in_ns_to_ba.19;0;2340.42;0.79;0.00;328.22;car;;16;155.00
5399.00;23142338#2_0;290.21;9.82;5105.00;231.16;23687583_0;5.10;0.00;tripinfo_in_as_to_ns.80;294.00;in_as_to_ns.80;0;1995.73;0.97;0.00;107.22;car;;3;58.00
5400.00;972103805_0;116.86;11.37;4991.00;96.17;-23142338#2_0;5.10;0.00;tripinfo_in_ns_to_ko.253;409.00;in_ns_to_ko.253;0;1398.55;1.08;0.00;292.06;car;;14;142.00
5400.00;230845886_0;633.12;11.18;5201.00;230.51;23687583_0;5.10;0.00;tripinfo_in_as_to_ba.63;199.00;in_as_to_ba.63;0;1356.50;1.03;0.00;79.58;car;;2;13.00
5401.00;28706217_0;94.10;8.31;3834.00;38.25;23687583_0;5.10;0.00;tripinfo_in_as_to_sl.68;1567.00;in_as_to_sl.68;0;1976.75;1.11;0.00;1401.50;car;;45;913.00
5401.00;23142338#2_0;290.21;10.72;5135.00;0.61;-23527526_0;5.10;0.00;tripinfo_out_gj_to_ns.8;266.00;out_gj_to_ns.8;0;2043.79;0.97;0.00;76.59;car;;3;40.00
5407.00;28706217_0;94.10;8.06;3877.00;19.42;23687583_0;5.10;0.00;tripinfo_in_as_to_sl.69;1530.00;in_as_to_sl.69;0;1976.75;0.97;0.00;1340.15;car;;32;980.00
5408.00;23156390_0;1121.44;9.91;5153.00;195.28;23687583_0;5.10;0.00;tripinfo_in_as_to_br.25;255.00;in_as_to_br.25;0;1694.48;0.99;0.00;100.45;car;;2;27.00
5409.00;28706217_0;94.10;8.24;2465.00;2.65;-45494495_0;5.10;0.00;tripinfo_in_os_to_sl.3;2944.00;in_os_to_sl.3;0;484.95;1.14;0.00;2901.12;car;;25;2737.00
5413.00;41899283#1_0;148.70;10.02;5145.00;0.71;803785575#0_0;5.10;0.00;tripinfo_out_od_to_as.2;268.00;out_od_to_as.2;0;2382.09;0.94;0.00;39.37;car;;1;15.00
5414.00;23142338#2_0;290.21;9.74;5198.00;0.55;803785575#0_0;5.10;0.00;tripinfo_out_od_to_ns.2;216.00;out_od_to_ns.2;0;1928.29;0.97;0.00;24.90;car;;1;3.00
5415.00;45494495_0;58.90;12.12;4411.00;8.47;-230845886_0;5.10;0.00;tripinfo_in_ba_to_os.67;1004.00;in_ba_to_os.67;0;1647.96;1.15;0.00;873.64;car;;13;559.00
5416.00;23156030#6_0;109.07;10.38;4874.00;57.67;-23142338#2_0;5.10;0.00;tripinfo_in_ns_to_od.6;542.00;in_ns_to_od.6;0;2005.01;0.94;0.00;336.78;car;;16;157.00
5417.00;23142338#2_0;290.21;12.36;5142.00;0.54;-23527526_0;5.10;0.00;tripinfo_out_gj_to_ns.9;275.00;out_gj_to_ns.9;0;2043.79;1.21;0.00;121.84;car;;4;58.00
5419.00;45494495_0;58.90;9.43;4309.00;89.77;23687583_0;5.10;0.00;tripinfo_in_as_to_os.54;1110.00;in_as_to_os.54;0;1689.77;0.91;0.00;942.04;car;;22;620.00
5420.00;45494495_0;58.90;12.24;4324.00;93.06;23687583_0;5.10;0.00;tripinfo_in_as_to_os.55;1096.00;in_as_to_os.55;0;1689.77;1.15;0.00;963.13;car;;21;611.00
5421.00;23156305_0;1264.14;9.25;5236.00;231.93;23687583_0;5.10;0.00;tripinfo_in_as_to_gg.26;185.00;in_as_to_gg.26;0;1600.87;0.92;0.00;27.62;car;;1;4.00
5423.00;23142338#2_0;290.21;11.26;5185.00;224.37;23687583_0;5.10;0.00;tripinfo_in_as_to_ns.81;238.00;in_as_to_ns.81;0;1995.73;1.09;0.00;71.00;car;;3;30.00
5424.00;45494495_0;58.90;8.61;4599.00;0.46;-23142338#2_0;5.10;0.00;tripinfo_in_ns_to_os.8;825.00;in_ns_to_os.8;0;1865.82;0.85;0.00;626.62;car;;26;335.00
5426.00;45494495_0;58.90;9.76;4330.00;98.04;23687583_0;5.10;0.00;tripinfo_in_as_to_os.56;1096.00;in_as_to_os.56;0;1689.77;0.94;0.00;934.62;car;;15;591.00
5428.00;45494495_0;58.90;8.72;4383.00;8.70;-230845886_0;5.10;0.00;tripinfo_in_ba_to_os.66;1045.00;in_ba_to_os.66;0;1647.96;0.89;0.00;877.19;car;;20;577.00
5429.00;23142338#2_0;290.21;9.97;5188.00;224.98;23687583_0;5.10;0.00;tripinfo_in_as_to_ns.82;241.00;in_as_to_ns.82;0;1995.73;0.99;0.00;58.58;car;;4;18.00
5429.00;28706217_0;94.10;7.50;5345.00;0.30;803785575#0_0;5.10;0.00;tripinfo_out_od_to_sl.0;84.00;out_od_to_sl.0;0;747.33;0.95;0.00;7.65;car;;0;0.00
5429.00;41899283#1_0;148.70;9.62;5359.00;0.19;-23527526_0;5.10;0.00;tripinfo_out_gj_to_as.7;70.00;out_gj_to_as.7;0;633.70;0.94;0.00;8.14;car;;0;0.00
5430.00;45494495_0;58.90;13.06;4336.00;97.81;23687583_0;5.10;0.00;tripinfo_in_as_to_os.57;1094.00;in_as_to_os.57;0;1689.77;1.21;0.00;967.37;car;;17;587.00
5431.00;28706217_0;94.10;8.16;3882.00;14.75;23687583_0;5.10;0.00;tripinfo_in_as_to_sl.71;1549.00;in_as_to_sl.71;0;1976.75;1.05;0.00;1374.13;car;;30;984.00
5431.00;230845886_0;633.12;9.78;4841.00;61.88;-23142338#2_0;5.10;0.00;tripinfo_in_ns_to_ba.20;590.00;in_ns_to_ba.20;0;2340.42;0.94;0.00;365.59;car;;17;178.00
5433.00;230845886_0;633.12;9.85;5181.00;0.85;803785575#0_0;5.10;0.00;tripinfo_out_od_to_ba.0;252.00;out_od_to_ba.0;0;2382.14;0.97;0.00;31.10;car;;1;1.00
5435.00;23156390_0;1121.44;9.75;5207.00;219.83;23687583_0;5.10;0.00;tripinfo_in_as_to_br.26;228.00;in_as_to_br.26;0;1694.48;0.98;0.00;71.17;car;;3;21.00
5435.00;230845886_0;633.12;11.40;5223.00;2.52;-23527526_0;5.10;0.00;tripinfo_out_gj_to_ba.7;212.00;out_gj_to_ba.7;0;1702.89;1.06;0.00;66.50;car;;3;14.00
5436.00;28706217_0;94.10;8.07;3880.00;14.82;23687583_0;5.10;0.00;tripinfo_in_as_to_sl.70;1556.00;in_as_to_sl.70;0;1976.75;1.12;0.00;1392.17;car;;31;997.00
5440.00;28706217_0;94.10;8.25;3961.00;1.56;-230845886_0;5.10;0.00;tripinfo_in_ba_to_sl.42;1479.00;in_ba_to_sl.42;0;1934.94;1.04;0.00;1306.18;car;;28;928.00
5444.00;972103805_0;116.86;9.91;4997.00;95.70;-23142338#2_0;5.10;0.00;tripinfo_in_ns_to_ko.254;447.00;in_ns_to_ko.254;0;1398.55;0.93;0.00;311.11;car;;15;155.00
5451.00;45494495_0;58.90;11.59;4420.00;7.56;-230845886_0;5.10;0.00;tripinfo_in_ba_to_os.68;1031.00;in_ba_to_os.68;0;1647.96;1.09;0.00;894.45;car;;19;552.00
5453.00;45494495_0;58.90;11.32;4438.00;10.84;-230845886_0;5.10;0.00;tripinfo_in_ba_to_os.69;1015.00;in_ba_to_os.69;0;1647.96;1.09;0.00;877.95;car;;19;536.00
5453.00;230845886_0;633.12;11.79;5190.00;2.04;-23527526_0;5.10;0.00;tripinfo_out_gj_to_ba.6;263.00;out_gj_to_ba.6;0;1702.89;1.10;0.00;123.22;car;;5;22.00
5456.00;45494495_0;58.90;10.47;4484.00;16.28;-230845886_0;5.10;0.00;tripinfo_in_ba_to_os.70;972.00;in_ba_to_os.70;0;1647.96;0.99;0.00;820.52;car;;15;517.00
5456.00;23142338#2_0;290.21;10.24;5164.00;0.30;-23527526_0;5.10;0.00;tripinfo_out_gj_to_ns.10;292.00;out_gj_to_ns.10;0;2043.79;0.98;0.00;103.29;car;;5;60.00
5457.00;23142338#2_0;290.21;11.50;5175.00;0.30;-23527526_0;5.10;0.00;tripinfo_out_gj_to_ns.11;282.00;out_gj_to_ns.11;0;2043.79;1.05;0.00;106.75;car;;6;48.00
5459.00;23142338#2_0;290.21;12.97;5214.00;224.92;23687583_0;5.10;0.00;tripinfo_in_as_to_ns.83;245.00;in_as_to_ns.83;0;1995.73;1.25;0.00;99.39;car;;5;25.00
5460.00;45494495_0;58.90;10.26;4659.00;9.63;-23142338#2_0;5.10;0.00;tripinfo_in_ns_to_os.9;801.00;in_ns_to_os.9;0;1865.82;0.94;0.00;621.73;car;;29;263.00
5463.00;28706217_0;94.10;7.85;3929.00;2.03;23687583_0;5.10;0.00;tripinfo_in_as_to_sl.72;1534.00;in_as_to_sl.72;0;1976.75;0.99;0.00;1348.72;car;;30;954.00
5463.00;230845886_0;633.12;9.89;5229.00;235.56;23687583_0;5.10;0.00;tripinfo_in_as_to_ba.64;234.00;in_as_to_ba.64;0;1356.50;0.97;0.00;108.12;car;;3;20.00
5464.00;45494495_0;58.90;10.27;4511.00;9.06;-230845886_0;5.10;0.00;tripinfo_in_ba_to_os.72;953.00;in_ba_to_os.72;0;1647.96;0.95;0.00;796.35;car;;15;497.00
5465.00;230845886_0;633.12;11.55;4928.00;67.11;-23142338#2_0;5.10;0.00;tripinfo_in_ns_to_ba.21;537.00;in_ns_to_ba.21;0;2340.42;1.06;0.00;337.72;car;;15;161.00
5466.00;45494495_0;58.90;11.82;4496.00;16.02;-230845886_0;5.10;0.00;tripinfo_in_ba_to_os.71;970.00;in_ba_to_os.71;0;1647.96;1.16;0.00;841.26;car;;14;528.00
5469.00;972103805_0;116.86;11.08;5265.00;0.02;-28716808#1_0;5.10;0.00;tripinfo_out_kl_to_ko.3;204.00;out_kl_to_ko.3;0;1927.03;1.02;0.00;32.13;car;;1;10.00
5470.00;45494495_0;58.90;10.88;4546.00;18.89;-230845886_0;5.10;0.00;tripinfo_in_ba_to_os.74;924.00;in_ba_to_os.74;0;1647.96;1.08;0.00;786.31;car;;19;450.00
5474.00;972103805_0;116.86;9.63;5026.00;102.46;-23142338#2_0;5.10;0.00;tripinfo_in_ns_to_ko.255;448.00;in_ns_to_ko.255;0;1398.55;0.98;0.00;318.83;car;;17;162.00
5475.00;45494495_0;58.90;10.71;4536.00;20.08;-230845886_0;5.10;0.00;tripinfo_in_ba_to_os.73;939.00;in_ba_to_os.73;0;1647.96;1.02;0.00;793.90;car;;19;472.00
5477.00;972103805_0;116.86;11.22;5029.00;95.40;-23142338#2_0;5.10;0.00;tripinfo_in_ns_to_ko.256;448.00;in_ns_to_ko.256;0;1398.55;1.04;0.00;326.04;car;;16;160.00
5479.00;972103805_0;116.86;9.91;5034.00;96.56;-23142338#2_0;5.10;0.00;tripinfo_in_ns_to_ko.257;445.00;in_ns_to_ko.257;0;1398.55;0.98;0.00;316.31;car;;15;159.00
5480.00;45494495_0;58.90;9.81;5269.00;0.61;803785575#0_0;5.10;0.00;tripinfo_out_od_to_os.2;211.00;out_od_to_os.2;0;969.96;0.94;0.00;117.12;car;;6;83.00
5482.00;28706217_0;94.10;8.32;5403.00;1.66;803785575#0_0;5.10;0.00;tripinfo_out_od_to_sl.1;79.00;out_od_to_sl.1;0;747.33;1.08;0.00;11.45;car;;0;0.00
5483.00;972103805_0;116.86;9.74;5047.00;100.98;-23142338#2_0;5.10;0.00;tripinfo_in_ns_to_ko.258;436.00;in_ns_to_ko.258;0;1398.55;0.94;0.00;301.36;car;;15;150.00
5486.00;23142338#2_0;290.21;10.69;5220.00;229.21;23687583_0;5.10;0.00;tripinfo_in_as_to_ns.84;266.00;in_as_to_ns.84;0;1995.73;0.98;0.00;80.08;car;;3;33.00
5487.00;45494495_0;58.90;10.78;4562.00;9.96;-230845886_0;5.10;0.00;tripinfo_in_ba_to_os.75;925.00;in_ba_to_os.75;0;1647.96;1.01;0.00;776.87;car;;17;438.00
5491.00;23142338#2_0;290.21;9.17;5243.00;235.45;23687583_0;5.10;0.00;tripinfo_out_as_to_ns.0;248.00;out_as_to_ns.0;0;1995.73;0.92;0.00;51.87;car;;3;18.00
5492.00;28706217_0;94.10;8.09;5414.00;0.71;803785575#0_0;5.10;0.00;tripinfo_out_od_to_sl.2;78.00;out_od_to_sl.2;0;747.33;1.03;0.00;7.19;car;;0;0.00
5493.00;23142338#2_0;290.21;11.67;5253.00;240.16;23687583_0;5.10;0.00;tripinfo_out_as_to_ns.1;240.00;out_as_to_ns.1;0;1995.73;1.15;0.00;82.49;car;;3;14.00
5493.00;45494495_0;58.90;10.15;5380.00;0.63;803785575#0_0;5.10;0.00;tripinfo_out_od_to_os.3;113.00;out_od_to_os.3;0;969.96;0.98;0.00;22.81;car;;1;9.00
5495.00;28706217_0;94.10;7.32;3784.00;0.03;-230845886_0;5.10;0.00;tripinfo_in_ba_to_sl.40;1711.00;in_ba_to_sl.40;0;1934.94;1.02;0.00;1533.96;car;;48;1019.00
5495.00;45494495_0;58.90;10.52;5387.00;0.35;803785575#0_0;5.10;0.00;tripinfo_out_od_to_os.4;108.00;out_od_to_os.4;0;969.96;0.99;0.00;18.50;car;;1;5.00
5496.00;45494495_0;58.90;11.17;4471.00;150.43;23687583_0;5.10;0.00;tripinfo_in_as_to_os.60;1025.00;in_as_to_os.60;0;1689.77;1.05;0.00;879.46;car;;22;511.00
5498.00;45494495_0;58.90;11.59;4480.00;145.33;23687583_0;5.10;0.00;tripinfo_in_as_to_os.61;1018.00;in_as_to_os.61;0;1689.77;1.14;0.00;883.97;car;;18;495.00
5499.00;41899283#1_0;148.70;9.70;5432.00;0.93;-23527526_0;5.10;0.00;tripinfo_out_gj_to_as.8;67.00;out_gj_to_as.8;0;633.70;0.99;0.00;8.40;car;;0;0.00
5500.00;45494495_0;58.90;11.47;4461.00;146.58;23687583_0;5.10;0.00;tripinfo_in_as_to_os.58;1039.00;in_as_to_os.58;0;1689.77;1.08;0.00;897.91;car;;25;563.00
5501.00;28706217_0;94.10;6.48;3944.00;2.99;23687583_0;5.10;0.00;tripinfo_in_as_to_sl.73;1557.00;in_as_to_sl.73;0;1976.75;0.87;0.00;1345.29;car;;26;945.00
5501.00;230845886_0;633.12;10.14;5256.00;241.00;23687583_0;5.10;0.00;tripinfo_out_as_to_ba.0;245.00;out_as_to_ba.0;0;1356.50;1.01;0.00;122.99;car;;5;34.00
5502.00;972103805_0;116.86;9.52;5393.00;0.90;-23527526_0;5.10;0.00;tripinfo_out_gj_to_ko.4;109.00;out_gj_to_ko.4;0;971.70;0.92;0.00;13.40;car;;0;0.00
5503.00;28706217_0;94.10;9.02;4014.00;0.28;23687583_0;5.10;0.00;tripinfo_in_as_to_sl.74;1489.00;in_as_to_sl.74;0;1976.75;1.11;0.00;1323.21;car;;33;862.00
5503.00;230845886_0;633.12;11.49;5322.00;0.97;-23527526_0;5.10;0.00;tripinfo_out_gj_to_ba.11;181.00;out_gj_to_ba.11;0;1702.89;1.10;0.00;39.92;car;;0;0.00
5504.00;230845886_0;633.12;12.56;5264.00;190.50;23687583_0;5.10;0.00;tripinfo_out_as_to_ba.1;240.00;out_as_to_ba.1;0;1356.50;1.19;0.00;137.15;car;;4;31.00
5505.00;972103805_0;116.86;10.18;5056.00;94.70;-23142338#2_0;5.10;0.00;tripinfo_in_ns_to_ko.259;449.00;in_ns_to_ko.259;0;1398.55;0.93;0.00;313.10;car;;15;154.00
5506.00;45494495_0;58.90;10.29;4467.00;150.84;23687583_0;5.10;0.00;tripinfo_in_as_to_os.59;1039.00;in_as_to_os.59;0;1689.77;0.99;0.00;884.12;car;;26;531.00
5506.00;230845886_0;633.12;12.74;5271.00;0.51;-23527526_0;5.10;0.00;tripinfo_out_gj_to_ba.8;235.00;out_gj_to_ba.8;0;1702.89;1.20;0.00;106.94;car;;4;15.00
5507.00;972103805_0;116.86;12.07;5076.00;111.94;-23142338#2_0;5.10;0.00;tripinfo_in_ns_to_ko.260;431.00;in_ns_to_ko.260;0;1398.55;1.12;0.00;317.96;car;;13;146.00
5509.00;23156030#6_0;109.07;8.31;4127.00;27.99;23687583_0;5.10;0.00;tripinfo_in_as_to_od.17;1382.00;in_as_to_od.17;0;2357.31;0.83;0.00;1125.56;car;;25;758.00
5509.00;972103805_0;116.86;11.75;5081.00;109.82;-23142338#2_0;5.10;0.00;tripinfo_in_ns_to_ko.261;428.00;in_ns_to_ko.261;0;1398.55;1.06;0.00;308.49;car;;12;133.00
5511.00;972103805_0;116.86;11.37;5084.00;93.30;-23142338#2_0;5.10;0.00;tripinfo_in_ns_to_ko.262;427.00;in_ns_to_ko.262;0;1398.55;1.12;0.00;313.95;car;;12;142.00
5512.00;23142338#2_0;290.21;10.64;5247.00;0.64;-23527526_0;5.10;0.00;tripinfo_out_gj_to_ns.12;265.00;out_gj_to_ns.12;0;2043.79;1.07;0.00;91.59;car;;4;55.00
5513.00;972103805_0;116.86;12.23;5087.00;91.41;-23142338#2_0;5.10;0.00;tripinfo_in_ns_to_ko.263;426.00;in_ns_to_ko.263;0;1398.55;1.15;0.00;315.93;car;;13;154.00
5513.00;230845886_0;633.12;10.37;5273.00;139.14;23687583_0;5.10;0.00;tripinfo_out_as_to_ba.2;240.00;out_as_to_ba.2;0;1356.50;1.05;0.00;122.90;car;;6;35.00
5514.00;23142338#2_0;290.21;10.74;5254.00;0.33;-23527526_0;5.10;0.00;tripinfo_out_gj_to_ns.13;260.00;out_gj_to_ns.13;0;2043.79;1.06;0.00;85.43;car;;4;44.00
5515.00;230845886_0;633.12;11.76;5276.00;140.05;23687583_0;5.10;0.00;tripinfo_out_as_to_ba.3;239.00;out_as_to_ba.3;0;1356.50;1.11;0.00;128.43;car;;6;35.00
5517.00;41899283#1_0;148.70;11.28;5335.00;2.60;-28716808#1_0;5.10;0.00;tripinfo_out_kl_to_as.0;182.00;out_kl_to_as.0;0;1233.18;1.05;0.00;75.36;car;;4;39.00
5520.00;230845886_0;633.12;11.19;5015.00;99.82;-23142338#2_0;5.10;0.00;tripinfo_in_ns_to_ba.22;505.00;in_ns_to_ba.22;0;2340.42;1.09;0.00;312.42;car;;16;153.00
5521.00;23142338#2_0;290.21;10.60;5277.00;1.44;-23527526_0;5.10;0.00;tripinfo_out_gj_to_ns.14;244.00;out_gj_to_ns.14;0;2043.79;0.97;0.00;53.73;car;;2;22.00
5528.00;28706217_0;94.10;6.61;3986.00;0.26;-230845886_0;5.10;0.00;tripinfo_in_ba_to_sl.44;1542.00;in_ba_to_sl.44;0;1934.94;0.84;0.00;1327.87;car;;31;960.00
5529.00;41899283#1_0;148.70;11.58;5357.00;0.17;-28716808#1_0;5.10;0.00;tripinfo_out_kl_to_as.1;172.00;out_kl_to_as.1;0;1233.18;1.05;0.00;64.82;car;;4;31.00
5529.00;972103805_0;116.86;10.69;5427.00;0.98;-23527526_0;5.10;0.00;tripinfo_out_gj_to_ko.5;102.00;out_gj_to_ko.5;0;971.70;1.07;0.00;19.71;car;;1;7.00
5531.00;28706217_0;94.10;6.10;3983.00;0.04;-230845886_0;5.10;0.00;tripinfo_in_ba_to_sl.43;1548.00;in_ba_to_sl.43;0;1934.94;0.84;0.00;1332.96;car;;32;953.00
5533.00;28706217_0;94.10;7.84;4020.00;4.72;23687583_0;5.10;0.00;tripinfo_in_as_to_sl.75;1513.00;in_as_to_sl.75;0;1976.75;1.06;0.00;1340.00;car;;32;879.00
5533.00;972103805_0;116.86;10.13;5090.00;94.40;-23142338#2_0;5.10;0.00;tripinfo_in_ns_to_ko.264;443.00;in_ns_to_ko.264;0;1398.55;1.02;0.00;318.97;car;;15;156.00
5534.00;230845886_0;633.12;11.46;5288.00;108.21;23687583_0;5.10;0.00;tripinfo_out_as_to_ba.4;246.00;out_as_to_ba.4;0;1356.50;1.05;0.00;129.11;car;;7;49.00
5536.00;230845886_0;633.12;11.99;5291.00;111.21;23687583_0;5.10;0.00;tripinfo_out_as_to_ba.5;245.00;out_as_to_ba.5;0;1356.50;1.15;0.00;138.20;car;;8;48.00
5541.00;41899283#1_0;148.70;9.03;5365.00;0.29;-28716808#1_0;5.10;0.00;tripinfo_out_kl_to_as.2;176.00;out_kl_to_as.2;0;1233.18;0.82;0.00;40.01;car;;2;10.00
5542.00;23142338#2_0;290.21;11.39;5261.00;196.87;23687583_0;5.10;0.00;tripinfo_out_as_to_ns.2;281.00;out_as_to_ns.2;0;1995.73;1.04;0.00;107.37;car;;4;51.00
5544.00;23142338#2_0;290.21;10.96;5294.00;112.92;23687583_0;5.10;0.00;tripinfo_out_as_to_ns.3;250.00;out_as_to_ns.3;0;1995.73;1.07;0.00;79.80;car;;4;40.00
5546.00;23142338#2_0;290.21;12.38;5300.00;95.01;23687583_0;5.10;0.00;tripinfo_out_as_to_ns.4;246.00;out_as_to_ns.4;0;1995.73;1.21;0.00;95.44;car;;3;34.00
5546.00;41899283#1_0;148.70;11.42;5483.00;0.14;-23527526_0;5.10;0.00;tripinfo_out_gj_to_as.9;63.00;out_gj_to_as.9;0;633.70;1.05;0.00;7.25;car;;0;0.00
5548.00;23142338#2_0;290.21;12.18;5306.00;77.44;23687583_0;5.10;0.00;tripinfo_out_as_to_ns.6;242.00;out_as_to_ns.6;0;1995.73;1.18;0.00;88.24;car;;2;33.00
5552.00;230845886_0;633.12;9.42;5309.00;0.85;803785575#0_0;5.10;0.00;tripinfo_out_od_to_ba.1;243.00;out_od_to_ba.1;0;2382.14;0.96;0.00;18.36;car;;0;0.00
5556.00;23142338#2_0;290.21;11.88;5048.00;0.53;-23156390_0;5.10;0.00;tripinfo_out_br_to_ns.0;508.00;out_br_to_ns.0;0;2936.02;1.14;0.00;275.38;car;;7;126.00
5558.00;23142338#2_0;290.21;11.79;5373.00;0.40;803785575#0_0;5.10;0.00;tripinfo_out_od_to_ns.3;185.00;out_od_to_ns.3;0;1928.29;1.15;0.00;23.06;car;;0;0.00
5560.00;41899283#1_0;148.70;11.66;5500.00;0.55;-23527526_0;5.10;0.00;tripinfo_out_gj_to_as.10;60.00;out_gj_to_as.10;0;633.70;1.14;0.00;8.58;car;;0;0.00
5561.00;230845886_0;633.12;10.14;5274.00;0.74;-23527526_0;5.10;0.00;tripinfo_out_gj_to_ba.9;287.00;out_gj_to_ba.9;0;1702.89;0.94;0.00;123.01;car;;7;40.00
5569.00;41899283#1_0;148.70;10.13;5503.00;2.83;-23527526_0;5.10;0.00;tripinfo_out_gj_to_as.11;66.00;out_gj_to_as.11;0;633.70;1.00;0.00;7.57;car;;0;0.00
5575.00;28716808#1_0;754.74;11.43;5023.00;100.27;-23142338#2_0;5.10;0.00;tripinfo_in_ns_to_kl.13;552.00;in_ns_to_kl.13;0;2315.58;1.04;0.00;350.51;car;;18;186.00
5581.00;28706217_0;94.10;7.72;4094.00;4.14;-230845886_0;5.10;0.00;tripinfo_in_ba_to_sl.46;1487.00;in_ba_to_sl.46;0;1934.94;1.05;0.00;1315.26;car;;33;860.00
5584.00;23156030#6_0;109.07;9.72;4177.00;29.40;23687583_0;5.10;0.00;tripinfo_in_as_to_od.18;1407.00;in_as_to_od.18;0;2357.31;0.95;0.00;1184.39;car;;28;779.00
5586.00;28706217_0;94.10;7.51;4011.00;0.01;-230845886_0;5.10;0.00;tripinfo_in_ba_to_sl.45;1575.00;in_ba_to_sl.45;0;1934.94;0.93;0.00;1380.90;car;;39;952.00
5586.00;23142338#2_0;290.21;8.44;5283.00;0.68;-23527526_0;5.10;0.00;tripinfo_out_gj_to_ns.15;303.00;out_gj_to_ns.15;0;2043.79;0.84;0.00;82.10;car;;4;42.00
5587.00;23142338#2_0;290.21;11.06;5299.00;0.79;-23527526_0;5.10;0.00;tripinfo_out_gj_to_ns.17;288.00;out_gj_to_ns.17;0;2043.79;1.03;0.00;109.10;car;;3;37.00
5588.00;28706217_0;94.10;8.37;4118.00;33.03;23687583_0;5.10;0.00;tripinfo_in_as_to_sl.76;1470.00;in_as_to_sl.76;0;1976.75;1.15;0.00;1309.59;car;;31;848.00
5589.00;23142338#2_0;290.21;9.77;5294.00;0.72;-23527526_0;5.10;0.00;tripinfo_out_gj_to_ns.16;295.00;out_gj_to_ns.16;0;2043.79;0.97;0.00;105.80;car;;3;37.00
5593.00;230845886_0;633.12;12.11;5329.00;83.13;23687583_0;5.10;0.00;tripinfo_out_as_to_ba.6;264.00;out_as_to_ba.6;0;1356.50;1.10;0.00;152.28;car;;5;79.00
5595.00;23142338#2_0;290.21;13.48;5314.00;1.28;-23527526_0;5.10;0.00;tripinfo_out_gj_to_ns.18;281.00;out_gj_to_ns.18;0;2043.79;1.29;0.00;133.30;car;;4;51.00
5598.00;23156390_0;1121.44;8.62;4932.00;70.50;-23142338#2_0;5.10;0.00;tripinfo_in_ns_to_br.11;666.00;in_ns_to_br.11;0;2792.05;0.81;0.00;351.43;car;;17;163.00
5602.00;230845886_0;633.12;10.37;5332.00;81.60;23687583_0;5.10;0.00;tripinfo_out_as_to_ba.7;270.00;out_as_to_ba.7;0;1356.50;0.99;0.00;145.79;car;;5;79.00
5605.00;23156305_0;1264.14;10.11;4663.00;0.96;-230845886_0;5.10;0.00;tripinfo_in_ba_to_gg.40;942.00;in_ba_to_gg.40;0;2718.65;0.96;0.00;685.57;car;;8;600.00
5610.00;41899283#1_0;148.70;11.58;5383.00;0.05;803785575#0_0;5.10;0.00;tripinfo_out_od_to_as.3;227.00;out_od_to_as.3;0;2382.09;1.06;0.00;23.79;car;;1;3.00
5614.00;28706217_0;94.10;7.93;4097.00;6.64;-230845886_0;5.10;0.00;tripinfo_in_ba_to_sl.47;1517.00;in_ba_to_sl.47;0;1934.94;0.97;0.00;1330.52;car;;31;881.00
5614.00;41899283#1_0;148.70;9.68;5093.00;93.18;-23142338#2_0;5.10;0.00;tripinfo_in_ns_to_as.41;521.00;in_ns_to_as.41;0;2009.37;0.97;0.00;332.25;car;;17;166.00
5614.00;23142338#2_0;290.21;9.36;5303.00;91.63;23687583_0;5.10;0.00;tripinfo_out_as_to_ns.5;311.00;out_as_to_ns.5;0;1995.73;0.88;0.00;104.60;car;;5;52.00
5615.00;972103805_0;116.86;10.26;4670.00;6.85;-230845886_0;5.10;0.00;tripinfo_in_ba_to_ko.161;945.00;in_ba_to_ko.161;0;2114.29;0.97;0.00;746.73;car;;6;682.00
5615.00;23156305_0;1264.14;10.54;4960.00;97.18;-23142338#2_0;5.10;0.00;tripinfo_in_ns_to_gg.32;655.00;in_ns_to_gg.32;0;3297.24;1.01;0.00;357.48;car;;15;143.00
5617.00;23142338#2_0;290.21;8.69;5325.00;0.32;-23527526_0;5.10;0.00;tripinfo_out_gj_to_ns.19;292.00;out_gj_to_ns.19;0;2043.79;0.88;0.00;82.09;car;;3;36.00
5619.00;28706217_0;94.10;8.25;4155.00;31.32;23687583_0;5.10;0.00;tripinfo_in_as_to_sl.77;1464.00;in_as_to_sl.77;0;1976.75;1.02;0.00;1284.12;car;;33;839.00
5624.00;23527526_0;253.75;11.55;5098.00;91.77;-23142338#2_0;5.10;0.00;tripinfo_in_ns_to_gj.22;526.00;in_ns_to_gj.22;0;2084.96;1.06;0.00;348.89;car;;15;177.00
5625.00;41899283#1_0;148.70;11.28;5466.00;1.82;-28716808#1_0;5.10;0.00;tripinfo_out_kl_to_as.4;159.00;out_kl_to_as.4;0;1233.18;1.10;0.00;57.91;car;;1;8.00
5626.00;23156390_0;1121.44;8.29;4986.00;91.90;-23142338#2_0;5.10;0.00;tripinfo_in_ns_to_br.12;640.00;in_ns_to_br.12;0;2792.05;0.83;0.00;335.25;car;;16;160.00
5626.00;230845886_0;633.12;10.34;5309.00;0.99;-23527526_0;5.10;0.00;tripinfo_out_gj_to_ba.10;317.00;out_gj_to_ba.10;0;1702.89;0.97;0.00;157.85;car;;6;69.00
5629.00;23142338#2_0;290.21;12.01;5338.00;0.92;-23527526_0;5.10;0.00;tripinfo_out_gj_to_ns.21;291.00;out_gj_to_ns.21;0;2043.79;1.14;0.00;127.75;car;;4;54.00
5635.00;41899283#1_0;148.70;7.57;5458.00;0.58;-28716808#1_0;5.10;0.00;tripinfo_out_kl_to_as.3;177.00;out_kl_to_as.3;0;1233.18;0.74;0.00;26.13;car;;2;6.00
5637.00;41899283#1_0;148.70;10.09;5390.00;0.38;803785575#0_0;5.10;0.00;tripinfo_out_od_to_as.4;247.00;out_od_to_as.4;0;2382.09;1.00;0.00;32.13;car;;1;4.00
5638.00;23142338#2_0;290.21;10.53;5333.00;3.12;-23527526_0;5.10;0.00;tripinfo_out_gj_to_ns.20;305.00;out_gj_to_ns.20;0;2043.79;0.98;0.00;116.89;car;;4;54.00
5639.00;41899283#1_0;148.70;10.72;5088.00;0.80;-23156305_0;5.10;0.00;tripinfo_out_gg_to_as.0;551.00;out_gg_to_as.0;0;1699.56;1.04;0.00;401.70;car;;6;354.00
5641.00;23142338#2_0;290.21;10.60;5335.00;82.38;23687583_0;5.10;0.00;tripinfo_out_as_to_ns.7;306.00;out_as_to_ns.7;0;1995.73;0.99;0.00;121.64;car;;5;71.00
5642.00;41899283#1_0;148.70;12.82;5580.00;0.42;-23527526_0;5.10;0.00;tripinfo_out_gj_to_as.12;62.00;out_gj_to_as.12;0;633.70;1.17;0.00;11.82;car;;0;0.00
5643.00;23156390_0;1121.44;11.10;5051.00;99.71;-23142338#2_0;5.10;0.00;tripinfo_in_ns_to_br.13;592.00;in_ns_to_br.13;0;2792.05;1.02;0.00;344.25;car;;14;154.00
5643.00;230845886_0;633.12;8.59;5347.00;75.40;23687583_0;5.10;0.00;tripinfo_out_as_to_ba.8;296.00;out_as_to_ba.8;0;1356.50;0.89;0.00;158.54;car;;5;54.00
5644.00;45494495_0;58.90;10.03;4538.00;169.41;23687583_0;5.10;0.00;tripinfo_in_as_to_os.63;1106.00;in_as_to_os.63;0;1689.77;1.01;0.00;954.34;car;;23;514.00
5645.00;230845886_0;633.12;11.95;5408.00;0.03;23687583_0;5.10;0.00;tripinfo_out_as_to_ba.11;237.00;out_as_to_ba.11;0;1356.50;1.10;0.00;125.36;car;;6;28.00
5645.00;41899283#1_0;148.70;12.55;5500.00;0.42;-28716808#1_0;5.10;0.00;tripinfo_out_kl_to_as.5;145.00;out_kl_to_as.5;0;1233.18;1.22;0.00;52.90;car;;2;7.00
5646.00;45494495_0;58.90;9.85;4541.00;172.36;23687583_0;5.10;0.00;tripinfo_in_as_to_os.64;1105.00;in_as_to_os.64;0;1689.77;0.97;0.00;947.24;car;;21;511.00
5648.00;28706217_0;94.10;7.20;4172.00;0.61;-230845886_0;5.10;0.00;tripinfo_in_ba_to_sl.48;1476.00;in_ba_to_sl.48;0;1934.94;0.88;0.00;1271.29;car;;30;867.00
5648.00;23156030#6_0;109.07;11.95;5112.00;58.70;-23142338#2_0;5.10;0.00;tripinfo_in_ns_to_od.7;536.00;in_ns_to_od.7;0;2005.01;1.09;0.00;358.40;car;;15;177.00
5649.00;45494495_0;58.90;10.23;4693.00;234.36;23687583_0;5.10;0.00;tripinfo_in_as_to_os.67;956.00;in_as_to_os.67;0;1689.77;0.93;0.00;791.21;car;;28;308.00
5650.00;28706217_0;94.10;8.29;4311.00;7.86;-230845886_0;5.10;0.00;tripinfo_in_ba_to_sl.51;1339.00;in_ba_to_sl.51;0;1934.94;1.03;0.00;1164.74;car;;33;766.00
5654.00;45494495_0;58.90;11.27;5469.00;0.20;803785575#0_0;5.10;0.00;tripinfo_out_od_to_os.5;185.00;out_od_to_os.5;0;969.96;1.03;0.00;99.06;car;;8;53.00
5657.00;45494495_0;58.90;8.54;4713.00;216.93;23687583_0;5.10;0.00;tripinfo_in_as_to_os.68;944.00;in_as_to_os.68;0;1689.77;0.87;0.00;767.93;car;;16;338.00
5657.00;230845886_0;633.12;9.17;5353.00;74.93;23687583_0;5.10;0.00;tripinfo_out_as_to_ba.9;304.00;out_as_to_ba.9;0;1356.50;0.90;0.00;167.06;car;;6;68.00
5659.00;230845886_0;633.12;9.82;5375.00;3.68;23687583_0;5.10;0.00;tripinfo_out_as_to_ba.10;284.00;out_as_to_ba.10;0;1356.50;0.92;0.00;151.13;car;;7;49.00
5659.00;23142338#2_0;290.21;11.98;5413.00;0.16;-23527526_0;5.10;0.00;tripinfo_out_gj_to_ns.28;246.00;out_gj_to_ns.28;0;2043.79;1.13;0.00;82.67;car;;3;31.00
5659.00;45494495_0;58.90;12.62;5502.00;0.18;803785575#0_0;5.10;0.00;tripinfo_out_od_to_os.8;157.00;out_od_to_os.8;0;969.96;1.25;0.00;86.33;car;;5;29.00
5661.00;230845886_0;633.12;11.20;5438.00;0.07;-23527526_0;5.10;0.00;tripinfo_out_gj_to_ba.12;223.00;out_gj_to_ba.12;0;1702.89;1.03;0.00;72.27;car;;1;3.00
5662.00;45494495_0;58.90;9.97;5482.00;0.76;803785575#0_0;5.10;0.00;tripinfo_out_od_to_os.6;180.00;out_od_to_os.6;0;969.96;0.98;0.00;90.30;car;;4;51.00
5665.00;45494495_0;58.90;10.78;5494.00;2.76;803785575#0_0;5.10;0.00;tripinfo_out_od_to_os.7;171.00;out_od_to_os.7;0;969.96;1.07;0.00;88.53;car;;4;48.00
5667.00;45494495_0;58.90;10.40;4626.00;0.07;-230845886_0;5.10;0.00;tripinfo_in_ba_to_os.76;1041.00;in_ba_to_os.76;0;1647.96;1.01;0.00;892.69;car;;23;487.00
5669.00;45494495_0;58.90;11.95;5559.00;0.80;803785575#0_0;5.10;0.00;tripinfo_out_od_to_os.9;110.00;out_od_to_os.9;0;969.96;1.09;0.00;28.89;car;;2;3.00
5670.00;28706217_0;94.10;8.54;4213.00;0.58;-230845886_0;5.10;0.00;tripinfo_in_ba_to_sl.49;1457.00;in_ba_to_sl.49;0;1934.94;1.17;0.00;1303.32;car;;34;880.00
5672.00;45494495_0;58.90;10.67;4535.00;173.36;23687583_0;5.10;0.00;tripinfo_in_as_to_os.62;1137.00;in_as_to_os.62;0;1689.77;1.01;0.00;986.40;car;;24;518.00
5674.00;23156030#6_1;109.07;11.61;2480.00;0.69;-45494495_0;5.10;0.00;tripinfo_in_os_to_od.7;3194.00;in_os_to_od.7;0;865.51;1.12;0.00;3123.27;car;;18;3010.00
5674.00;23142338#2_0;290.21;9.12;5344.00;1.25;-23527526_0;5.10;0.00;tripinfo_out_gj_to_ns.22;330.00;out_gj_to_ns.22;0;2043.79;0.88;0.00;121.34;car;;6;70.00
5674.00;41899283#1_0;148.70;11.07;5606.00;3.12;-23527526_0;5.10;0.00;tripinfo_out_gj_to_as.13;68.00;out_gj_to_as.13;0;633.70;1.11;0.00;15.16;car;;0;0.00
5676.00;23142338#2_0;290.21;10.00;5372.00;22.22;23687583_0;5.10;0.00;tripinfo_out_as_to_ns.8;304.00;out_as_to_ns.8;0;1995.73;0.92;0.00;106.91;car;;4;50.00
5676.00;972103805_0;116.86;10.31;5415.00;2.57;-28716808#1_0;5.10;0.00;tripinfo_out_kl_to_ko.4;261.00;out_kl_to_ko.4;0;1927.03;0.95;0.00;76.96;car;;3;39.00
5677.00;45494495_0;58.90;10.65;4728.00;225.64;23687583_0;5.10;0.00;tripinfo_in_as_to_os.70;949.00;in_as_to_os.70;0;1689.77;0.99;0.00;794.83;car;;17;328.00
5677.00;972103805_0;116.86;11.60;5454.00;0.08;-28716808#1_0;5.10;0.00;tripinfo_out_kl_to_ko.5;223.00;out_kl_to_ko.5;0;1927.03;1.18;0.00;75.24;car;;2;26.00
5678.00;28706217_0;94.10;7.10;4168.00;31.23;23687583_0;5.10;0.00;tripinfo_in_as_to_sl.78;1510.00;in_as_to_sl.78;0;1976.75;0.93;0.00;1311.38;car;;32;873.00
5678.00;23156030#6_0;109.07;10.04;4321.00;95.60;23687583_0;5.10;0.00;tripinfo_in_as_to_od.19;1357.00;in_as_to_od.19;0;2357.31;0.95;0.00;1133.24;car;;33;756.00
5679.00;23156030#6_1;109.07;10.65;4414.00;10.72;-230845886_0;5.10;0.00;tripinfo_in_ba_to_od.7;1265.00;in_ba_to_od.7;0;2315.50;1.00;0.00;1055.07;car;;24;678.00
5679.00;45494495_0;58.90;11.83;4825.00;274.52;23687583_0;5.10;0.00;tripinfo_in_as_to_os.72;854.00;in_as_to_os.72;0;1689.77;1.07;0.00;711.41;car;;15;347.00
5681.00;972103805_0;116.86;10.45;5463.00;0.72;-28716808#1_0;5.10;0.00;tripinfo_out_kl_to_ko.6;218.00;out_kl_to_ko.6;0;1927.03;1.03;0.00;48.20;car;;1;1.00
5683.00;28706217_0;94.10;7.64;4248.00;0.52;-230845886_0;5.10;0.00;tripinfo_in_ba_to_sl.50;1435.00;in_ba_to_sl.50;0;1934.94;0.93;0.00;1242.57;car;;34;836.00
5683.00;45494495_0;58.90;9.08;4592.00;206.78;23687583_0;5.10;0.00;tripinfo_in_as_to_os.65;1091.00;in_as_to_os.65;0;1689.77;0.93;0.00;927.32;car;;20;481.00
5683.00;23156030#6_0;109.07;10.48;5122.00;18.53;-23142338#2_0;5.10;0.00;tripinfo_out_ns_to_od.0;561.00;out_ns_to_od.0;0;2005.01;1.03;0.00;373.69;car;;16;184.00
5683.00;41899283#1_0;148.70;9.16;5400.00;0.08;803785575#0_0;5.10;0.00;tripinfo_out_od_to_as.5;283.00;out_od_to_as.5;0;2382.09;0.86;0.00;31.37;car;;1;6.00
5684.00;230845886_0;633.12;9.35;5423.00;0.03;23687583_0;5.10;0.00;tripinfo_out_as_to_ba.12;261.00;out_as_to_ba.12;0;1356.50;0.92;0.00;128.00;car;;5;25.00
5685.00;41899283#1_0;148.70;11.31;5115.00;59.87;-23142338#2_0;5.10;0.00;tripinfo_out_ns_to_as.0;570.00;out_ns_to_as.0;0;2009.37;1.02;0.00;389.63;car;;19;188.00
5687.00;45494495_0;58.90;10.12;4845.00;52.02;-23142338#2_0;5.10;0.00;tripinfo_in_ns_to_os.10;842.00;in_ns_to_os.10;0;1865.82;0.92;0.00;658.93;car;;25;302.00
5690.00;45494495_0;58.90;9.83;4818.00;271.14;23687583_0;5.10;0.00;tripinfo_in_as_to_os.71;872.00;in_as_to_os.71;0;1689.77;0.97;0.00;715.26;car;;14;347.00
5690.00;41899283#1_0;148.70;8.59;5614.00;0.71;-23527526_0;5.10;0.00;tripinfo_out_gj_to_as.14;76.00;out_gj_to_as.14;0;633.70;0.87;0.00;8.13;car;;0;0.00
5691.00;23156305_0;1264.14;8.90;4667.00;4.61;-230845886_0;5.10;0.00;tripinfo_in_ba_to_gg.41;1024.00;in_ba_to_gg.41;0;2718.65;0.87;0.00;738.07;car;;5;677.00
5691.00;230845886_0;633.12;9.67;5448.00;0.32;23687583_0;5.10;0.00;tripinfo_out_as_to_ba.13;243.00;out_as_to_ba.13;0;1356.50;0.91;0.00;108.65;car;;4;26.00
5692.00;41899283#1_0;148.70;9.17;5503.00;0.51;-28716808#1_0;5.10;0.00;tripinfo_out_kl_to_as.6;189.00;out_kl_to_as.6;0;1233.18;0.92;0.00;67.09;car;;4;28.00
5693.00;230845886_0;633.12;10.18;5451.00;2.20;23687583_0;5.10;0.00;tripinfo_out_as_to_ba.14;242.00;out_as_to_ba.14;0;1356.50;0.96;0.00;114.41;car;;4;24.00
5695.00;230845886_0;633.12;10.82;5491.00;0.21;-23527526_0;5.10;0.00;tripinfo_out_gj_to_ba.14;204.00;out_gj_to_ba.14;0;1702.89;1.01;0.00;50.94;car;;1;3.00
5696.00;45494495_0;58.90;7.59;4885.00;316.86;23687583_0;5.10;0.00;tripinfo_in_as_to_os.74;811.00;in_as_to_os.74;0;1689.77;0.79;0.00;617.19;car;;11;323.00
5697.00;23142338#2_0;290.21;10.34;5371.00;0.13;-23527526_0;5.10;0.00;tripinfo_out_gj_to_ns.23;326.00;out_gj_to_ns.23;0;2043.79;0.95;0.00;132.61;car;;5;80.00
5697.00;230845886_0;633.12;12.13;5461.00;2.79;-23527526_0;5.10;0.00;tripinfo_out_gj_to_ba.13;236.00;out_gj_to_ba.13;0;1702.89;1.12;0.00;97.61;car;;5;15.00
5698.00;45494495_0;58.90;9.55;4617.00;222.90;23687583_0;5.10;0.00;tripinfo_in_as_to_os.66;1081.00;in_as_to_os.66;0;1689.77;0.96;0.00;920.77;car;;23;464.00
5700.00;45494495_0;58.90;8.82;4717.00;219.00;23687583_0;5.10;0.00;tripinfo_in_as_to_os.69;983.00;in_as_to_os.69;0;1689.77;0.90;0.00;813.89;car;;20;330.00
5700.00;230845886_0;633.12;10.86;5505.00;0.60;23687583_0;5.10;0.00;tripinfo_out_as_to_ba.15;195.00;out_as_to_ba.15;0;1356.50;1.03;0.00;76.01;car;;3;21.00
5701.00;28706217_0;94.10;9.17;4291.00;82.10;23687583_0;5.10;0.00;tripinfo_in_as_to_sl.82;1410.00;in_as_to_sl.82;0;1976.75;1.12;0.00;1246.15;car;;30;839.00
5702.00;45494495_0;58.90;9.61;4909.00;51.28;-23142338#2_0;5.10;0.00;tripinfo_in_ns_to_os.11;793.00;in_ns_to_os.11;0;1865.82;0.95;0.00;615.22;car;;23;260.00
5702.00;230845886_0;633.12;11.61;5485.00;3.30;803785575#0_0;5.10;0.00;tripinfo_out_od_to_ba.2;217.00;out_od_to_ba.2;0;2382.14;1.13;0.00;25.62;car;;0;0.00
5703.00;45494495_0;58.90;11.15;4831.00;277.98;23687583_0;5.10;0.00;tripinfo_in_as_to_os.73;872.00;in_as_to_os.73;0;1689.77;1.06;0.00;728.45;car;;13;335.00
5703.00;23142338#2_0;290.21;9.25;5379.00;0.32;-23527526_0;5.10;0.00;tripinfo_out_gj_to_ns.24;324.00;out_gj_to_ns.24;0;2043.79;0.89;0.00;116.60;car;;5;64.00
5705.00;23142338#2_0;290.21;11.93;5382.00;0.43;-23527526_0;5.10;0.00;tripinfo_out_gj_to_ns.25;323.00;out_gj_to_ns.25;0;2043.79;1.14;0.00;160.91;car;;5;64.00
5707.00;28706217_0;94.10;6.48;4330.00;0.77;-230845886_0;5.10;0.00;tripinfo_in_ba_to_sl.52;1377.00;in_ba_to_sl.52;0;1934.94;0.92;0.00;1182.27;car;;35;767.00
5708.00;23156030#6_0;109.07;9.42;4539.00;14.75;-230845886_0;5.10;0.00;tripinfo_in_ba_to_od.8;1169.00;in_ba_to_od.8;0;2315.50;0.95;0.00;949.89;car;;32;583.00
5709.00;230845886_0;633.12;10.82;5511.00;5.49;23687583_0;5.10;0.00;tripinfo_out_as_to_ba.16;198.00;out_as_to_ba.16;0;1356.50;1.04;0.00;80.50;car;;5;20.00
5711.00;28706217_0;94.10;8.16;4464.00;2.84;-230845886_0;5.10;0.00;tripinfo_in_ba_to_sl.53;1247.00;in_ba_to_sl.53;0;1934.94;1.02;0.00;1070.39;car;;28;695.00
5711.00;230845886_0;633.12;11.58;5514.00;6.22;23687583_0;5.10;0.00;tripinfo_out_as_to_ba.17;197.00;out_as_to_ba.17;0;1356.50;1.12;0.00;87.50;car;;4;15.00
5713.00;230845886_0;633.12;12.25;5522.00;0.58;23687583_0;5.10;0.00;tripinfo_out_as_to_ba.18;191.00;out_as_to_ba.18;0;1356.50;1.14;0.00;83.34;car;;3;15.00
5715.00;230845886_0;633.12;10.29;5529.00;0.28;23687583_0;5.10;0.00;tripinfo_out_as_to_ba.19;186.00;out_as_to_ba.19;0;1356.50;1.04;0.00;68.54;car;;2;18.00
5717.00;23156030#6_1;109.07;10.18;5184.00;0.79;-23142338#2_0;5.10;0.00;tripinfo_out_ns_to_od.2;533.00;out_ns_to_od.2;0;2005.01;1.03;0.00;345.23;car;;17;168.00
5717.00;28706217_0;94.10;7.51;5197.00;0.03;-23142338#2_0;5.10;0.00;tripinfo_out_ns_to_sl.0;520.00;out_ns_to_sl.0;0;1619.36;0.91;0.00;341.09;car;;19;165.00
5717.00;230845886_0;633.12;12.46;5506.00;4.10;-23527526_0;5.10;0.00;tripinfo_out_gj_to_ba.15;211.00;out_gj_to_ba.15;0;1702.89;1.19;0.00;81.39;car;;2;10.00
5718.00;23156030#6_0;109.07;9.72;5146.00;6.28;-23142338#2_0;5.10;0.00;tripinfo_out_ns_to_od.1;572.00;out_ns_to_od.1;0;2005.01;0.98;0.00;374.47;car;;20;183.00
5719.00;230845886_0;633.12;10.90;5512.00;0.77;-23527526_0;5.10;0.00;tripinfo_out_gj_to_ba.17;207.00;out_gj_to_ba.17;0;1702.89;1.06;0.00;60.71;car;;0;0.00
5723.00;41899283#1_0;148.70;8.10;5139.00;22.73;-23142338#2_0;5.10;0.00;tripinfo_out_ns_to_as.1;584.00;out_ns_to_as.1;0;2009.37;0.77;0.00;346.98;car;;16;178.00
5724.00;41899283#1_0;148.70;10.46;5478.00;0.40;803785575#0_0;5.10;0.00;tripinfo_out_od_to_as.6;246.00;out_od_to_as.6;0;2382.09;1.03;0.00;37.05;car;;1;1.00
5732.00;41899283#1_0;148.70;9.44;5143.00;21.85;-23142338#2_0;5.10;0.00;tripinfo_out_ns_to_as.2;589.00;out_ns_to_as.2;0;2009.37;0.96;0.00;399.02;car;;19;198.00
5734.00;41899283#1_0;148.70;11.06;5159.00;0.71;-23142338#2_0;5.10;0.00;tripinfo_out_ns_to_as.3;575.00;out_ns_to_as.3;0;2009.37;1.03;0.00;396.52;car;;18;183.00
5735.00;23142338#2_0;290.21;9.33;5405.00;0.67;23687583_0;5.10;0.00;tripinfo_out_as_to_ns.9;330.00;out_as_to_ns.9;0;1995.73;0.85;0.00;115.39;car;;4;65.00
5736.00;41899283#1_0;148.70;11.18;5584.00;1.33;-28716808#1_0;5.10;0.00;tripinfo_out_kl_to_as.7;152.00;out_kl_to_as.7;0;1233.18;1.08;0.00;48.67;car;;1;18.00
5737.00;23142338#2_0;290.21;10.94;5413.00;2.58;23687583_0;5.10;0.00;tripinfo_out_as_to_ns.10;324.00;out_as_to_ns.10;0;1995.73;1.07;0.00;153.10;car;;4;61.00
5737.00;972103805_0;116.86;9.48;5487.00;0.99;-28716808#1_0;5.10;0.00;tripinfo_out_kl_to_ko.7;250.00;out_kl_to_ko.7;0;1927.03;0.93;0.00;61.90;car;;2;28.00
5739.00;23156030#6_0;109.07;9.96;4614.00;222.96;23687583_0;5.10;0.00;tripinfo_in_as_to_od.21;1125.00;in_as_to_od.21;0;2357.31;0.97;0.00;906.87;car;;23;456.00
5740.00;28706217_0;94.10;5.86;4181.00;31.48;23687583_0;5.10;0.00;tripinfo_in_as_to_sl.79;1559.00;in_as_to_sl.79;0;1976.75;0.81;0.00;1333.61;car;;39;888.00
5740.00;23142338#2_0;290.21;8.91;5396.00;2.14;-23527526_0;5.10;0.00;tripinfo_out_gj_to_ns.26;344.00;out_gj_to_ns.26;0;2043.79;0.84;0.00;123.57;car;;5;67.00
5741.00;41899283#1_0;148.70;9.80;5178.00;0.79;-23142338#2_0;5.10;0.00;tripinfo_out_ns_to_as.4;563.00;out_ns_to_as.4;0;2009.37;0.96;0.00;371.30;car;;18;189.00
5741.00;23142338#2_0;290.21;11.56;5407.00;0.56;-23527526_0;5.10;0.00;tripinfo_out_gj_to_ns.27;334.00;out_gj_to_ns.27;0;2043.79;1.15;0.00;173.24;car;;5;67.00
5742.00;28706217_0;94.10;7.92;4233.00;60.35;23687583_0;5.10;0.00;tripinfo_in_as_to_sl.80;1509.00;in_as_to_sl.80;0;1976.75;0.98;0.00;1320.59;car;;38;862.00
5743.00;41899283#1_0;148.70;11.30;4694.00;9.84;-230845886_0;5.10;0.00;tripinfo_in_ba_to_as.91;1049.00;in_ba_to_as.91;0;1430.78;1.06;0.00;925.49;car;;9;827.00
5745.00;41899283#1_0;148.70;10.57;5488.00;0.91;803785575#0_0;5.10;0.00;tripinfo_out_od_to_as.7;257.00;out_od_to_as.7;0;2382.09;0.97;0.00;35.29;car;;2;6.00
5748.00;45494495_0;58.90;11.81;4642.00;0.22;-230845886_0;5.10;0.00;tripinfo_in_ba_to_os.77;1106.00;in_ba_to_os.77;0;1647.96;1.09;0.00;968.95;car;;17;597.00
5748.00;23142338#2_0;290.21;12.17;5458.00;0.42;-23527526_0;5.10;0.00;tripinfo_out_gj_to_ns.29;290.00;out_gj_to_ns.29;0;2043.79;1.16;0.00;129.91;car;;5;65.00
5748.00;230845886_0;633.12;7.86;5509.00;6.46;-23527526_0;5.10;0.00;tripinfo_out_gj_to_ba.16;239.00;out_gj_to_ba.16;0;1702.89;0.75;0.00;34.34;car;;0;0.00
5750.00;230845886_0;633.12;9.63;5556.00;0.87;23687583_0;5.10;0.00;tripinfo_out_as_to_ba.20;194.00;out_as_to_ba.20;0;1356.50;0.95;0.00;64.59;car;;2;13.00
5752.00;230845886_0;633.12;11.10;5205.00;0.69;-23142338#2_0;5.10;0.00;tripinfo_out_ns_to_ba.0;547.00;out_ns_to_ba.0;0;2340.42;1.04;0.00;344.35;car;;15;158.00
5753.00;45494495_0;58.90;8.54;4965.00;287.84;23687583_0;5.10;0.00;tripinfo_in_as_to_os.75;788.00;in_as_to_os.75;0;1689.77;0.82;0.00;601.93;car;;18;238.00
5754.00;230845886_0;633.12;10.55;5555.00;3.12;-23527526_0;5.10;0.00;tripinfo_out_gj_to_ba.19;199.00;out_gj_to_ba.19;0;1702.89;1.00;0.00;44.24;car;;1;2.00
5755.00;45494495_0;58.90;10.19;4977.00;271.81;23687583_0;5.10;0.00;tripinfo_in_as_to_os.76;778.00;in_as_to_os.76;0;1689.77;0.97;0.00;620.59;car;;16;238.00
5756.00;23142338#2_0;290.21;10.13;5416.00;4.21;23687583_0;5.10;0.00;tripinfo_out_as_to_ns.11;340.00;out_as_to_ns.11;0;1995.73;1.03;0.00;162.62;car;;5;82.00
5758.00;23142338#2_0;290.21;10.99;5420.00;0.57;23687583_0;5.10;0.00;tripinfo_out_as_to_ns.12;338.00;out_as_to_ns.12;0;1995.73;1.02;0.00;159.66;car;;7;97.00
5758.00;41899283#1_0;148.70;9.12;5491.00;3.56;803785575#0_0;5.10;0.00;tripinfo_out_od_to_as.8;267.00;out_od_to_as.8;0;2382.09;0.88;0.00;21.27;car;;0;0.00
5760.00;45494495_0;58.90;9.58;5034.00;3.97;-23527526_0;5.10;0.00;tripinfo_out_gj_to_os.1;726.00;out_gj_to_os.1;0;2036.16;0.94;0.00;530.43;car;;13;165.00
5760.00;41899283#1_0;148.70;12.09;5230.00;0.69;-23142338#2_0;5.10;0.00;tripinfo_out_ns_to_as.5;530.00;out_ns_to_as.5;0;2009.37;1.16;0.00;372.83;car;;18;188.00
5762.00;28706217_0;94.10;8.17;4333.00;97.37;23687583_0;5.10;0.00;tripinfo_in_as_to_sl.84;1429.00;in_as_to_sl.84;0;1976.75;1.06;0.00;1254.89;car;;30;761.00
5763.00;45494495_0;58.90;10.09;5022.00;2.27;-23527526_0;5.10;0.00;tripinfo_out_gj_to_os.0;741.00;out_gj_to_os.0;0;2036.16;0.98;0.00;552.72;car;;14;212.00
5765.00;45494495_0;58.90;12.35;4992.00;264.13;23687583_0;5.10;0.00;tripinfo_in_as_to_os.77;773.00;in_as_to_os.77;0;1689.77;1.23;0.00;647.77;car;;17;234.00
5766.00;41899283#1_0;148.70;9.61;5238.00;0.07;-23142338#2_0;5.10;0.00;tripinfo_out_ns_to_as.6;528.00;out_ns_to_as.6;0;2009.37;0.96;0.00;336.53;car;;18;163.00
5766.00;23142338#2_0;290.21;9.87;5429.00;0.23;23687583_0;5.10;0.00;tripinfo_out_as_to_ns.13;337.00;out_as_to_ns.13;0;1995.73;0.91;0.00;137.39;car;;6;75.00
5768.00;45494495_0;58.90;11.45;5055.00;232.80;23687583_0;5.10;0.00;tripinfo_in_as_to_os.79;713.00;in_as_to_os.79;0;1689.77;1.06;0.00;568.47;car;;15;184.00
5768.00;41899283#1_0;148.70;9.30;5241.00;1.95;-23142338#2_0;5.10;0.00;tripinfo_out_ns_to_as.7;527.00;out_ns_to_as.7;0;2009.37;0.95;0.00;334.44;car;;17;157.00
5769.00;23527526_0;253.75;11.47;4691.00;7.22;-230845886_0;5.10;0.00;tripinfo_in_ba_to_gj.95;1078.00;in_ba_to_gj.95;0;1755.68;1.06;0.00;927.62;car;;9;831.00
5770.00;45494495_0;58.90;9.79;5020.00;102.34;-23142338#2_0;5.10;0.00;tripinfo_in_ns_to_os.12;750.00;in_ns_to_os.12;0;1865.82;0.97;0.00;576.16;car;;23;242.00
5772.00;23156030#6_0;109.07;8.98;4483.00;141.65;23687583_0;5.10;0.00;tripinfo_in_as_to_od.20;1289.00;in_as_to_od.20;0;2357.31;0.90;0.00;1052.95;car;;29;612.00
5772.00;45494495_0;58.90;10.26;5039.00;239.64;23687583_0;5.10;0.00;tripinfo_in_as_to_os.78;733.00;in_as_to_os.78;0;1689.77;1.00;0.00;580.25;car;;16;179.00
5774.00;45494495_0;58.90;11.25;5058.00;235.73;23687583_0;5.10;0.00;tripinfo_in_as_to_os.80;716.00;in_as_to_os.80;0;1689.77;1.10;0.00;576.53;car;;9;160.00
5774.00;41899283#1_0;148.70;10.72;5708.00;0.08;-23527526_0;5.10;0.00;tripinfo_out_gj_to_as.15;66.00;out_gj_to_as.15;0;633.70;1.01;0.00;7.97;car;;0;0.00
5776.00;28706217_0;94.10;6.33;4282.00;87.45;23687583_0;5.10;0.00;tripinfo_in_as_to_sl.81;1494.00;in_as_to_sl.81;0;1976.75;0.80;0.00;1264.26;car;;40;838.00
5776.00;45494495_0;58.90;10.81;5072.00;228.66;23687583_0;5.10;0.00;tripinfo_in_as_to_os.81;704.00;in_as_to_os.81;0;1689.77;1.05;0.00;558.68;car;;9;159.00
5778.00;45494495_0;58.90;13.53;5050.00;0.94;-23156305_0;5.10;0.00;tripinfo_out_gg_to_os.0;728.00;out_gg_to_os.0;0;2621.43;1.25;0.00;537.94;car;;10;167.00
5780.00;45494495_0;58.90;11.93;5020.00;0.34;-23156390_0;5.10;0.00;tripinfo_out_br_to_os.0;760.00;out_br_to_os.0;0;2237.62;1.15;0.00;584.12;car;;13;224.00
5785.00;45494495_0;58.90;9.51;5075.00;229.57;23687583_0;5.10;0.00;tripinfo_in_as_to_os.82;710.00;in_as_to_os.82;0;1689.77;0.87;0.00;534.55;car;;14;184.00
5786.00;23142338#2_0;290.21;9.84;5494.00;2.09;-23527526_0;5.10;0.00;tripinfo_out_gj_to_ns.30;292.00;out_gj_to_ns.30;0;2043.79;0.97;0.00;102.18;car;;4;61.00
5787.00;45494495_0;58.90;9.26;5132.00;203.51;23687583_0;5.10;0.00;tripinfo_in_as_to_os.83;655.00;in_as_to_os.83;0;1689.77;0.87;0.00;480.32;car;;11;136.00
5789.00;45494495_0;58.90;11.68;5070.00;0.81;-28716808#1_0;5.10;0.00;tripinfo_out_kl_to_os.1;719.00;out_kl_to_os.1;0;1989.49;1.06;0.00;549.01;car;;12;186.00
5791.00;45494495_0;58.90;10.59;5146.00;0.65;-28716808#1_0;5.10;0.00;tripinfo_out_kl_to_os.2;645.00;out_kl_to_os.2;0;1989.49;1.01;0.00;465.95;car;;11;114.00
5793.00;28706217_0;94.10;7.17;4446.00;156.51;23687583_0;5.10;0.00;tripinfo_in_as_to_sl.85;1347.00;in_as_to_sl.85;0;1976.75;0.99;0.00;1162.12;car;;32;731.00
5793.00;45494495_0;58.90;11.68;5139.00;203.07;23687583_0;5.10;0.00;tripinfo_in_as_to_os.84;654.00;in_as_to_os.84;0;1689.77;1.09;0.00;513.70;car;;13;140.00
5795.00;28706217_0;94.10;8.51;4300.00;86.13;23687583_0;5.10;0.00;tripinfo_in_as_to_sl.83;1495.00;in_as_to_sl.83;0;1976.75;1.15;0.00;1335.64;car;;43;902.00
5798.00;28706217_0;94.10;8.82;5489.00;0.37;-23142338#2_0;5.10;0.00;tripinfo_out_ns_to_sl.1;309.00;out_ns_to_sl.1;0;1619.36;1.16;0.00;167.95;car;;9;83.00
5802.00;23142338#2_0;290.21;8.01;5443.00;0.28;23687583_0;5.10;0.00;tripinfo_out_as_to_ns.14;359.00;out_as_to_ns.14;0;1995.73;0.78;0.00;125.21;car;;6;71.00
5804.00;23142338#2_0;290.21;9.24;5488.00;0.14;23687583_0;5.10;0.00;tripinfo_out_as_to_ns.15;316.00;out_as_to_ns.15;0;1995.73;0.84;0.00;99.19;car;;5;41.00
5805.00;23156030#6_0;109.07;11.25;5389.00;0.71;-23142338#2_0;5.10;0.00;tripinfo_out_ns_to_od.3;416.00;out_ns_to_od.3;0;2005.01;1.05;0.00;231.51;car;;12;111.00
5807.00;23156390_0;1121.44;10.82;4679.00;9.10;-230845886_0;5.10;0.00;tripinfo_in_ba_to_br.6;1128.00;in_ba_to_br.6;0;2198.00;1.03;0.00;934.80;car;;9;850.00
5808.00;230845886_0;633.12;10.63;5521.00;0.65;-23527526_0;5.10;0.00;tripinfo_out_gj_to_ba.18;287.00;out_gj_to_ba.18;0;1702.89;0.99;0.00;131.93;car;;2;52.00
5810.00;41899283#1_0;148.70;11.72;5745.00;5.33;-23527526_0;5.10;0.00;tripinfo_out_gj_to_as.16;65.00;out_gj_to_as.16;0;633.70;1.13;0.00;12.91;car;;0;0.00
5817.00;23142338#2_0;290.21;9.91;5540.00;3.47;-23527526_0;5.10;0.00;tripinfo_out_gj_to_ns.31;277.00;out_gj_to_ns.31;0;2043.79;0.97;0.00;86.08;car;;5;47.00
5819.00;23142338#2_0;290.21;12.45;5546.00;6.69;-23527526_0;5.10;0.00;tripinfo_out_gj_to_ns.33;273.00;out_gj_to_ns.33;0;2043.79;1.22;0.00;120.41;car;;3;44.00
5820.00;23142338#2_0;290.21;11.96;5543.00;5.56;-23527526_0;5.10;0.00;tripinfo_out_gj_to_ns.32;277.00;out_gj_to_ns.32;0;2043.79;1.11;0.00;110.37;car;;4;41.00
5823.00;23142338#2_0;290.21;9.81;5508.00;2.50;23687583_0;5.10;0.00;tripinfo_out_as_to_ns.16;315.00;out_as_to_ns.16;0;1995.73;0.96;0.00;125.72;car;;6;68.00
5824.00;28706217_0;94.10;6.99;4490.00;16.97;-230845886_0;5.10;0.00;tripinfo_in_ba_to_sl.54;1334.00;in_ba_to_sl.54;0;1934.94;0.97;0.00;1148.89;car;;30;764.00
5826.00;972103805_0;116.86;8.54;5215.00;0.26;-23156390_0;5.10;0.00;tripinfo_out_br_to_ko.0;611.00;out_br_to_ko.0;0;2703.95;0.88;0.00;330.23;car;;8;234.00
5827.00;28706217_0;94.10;7.95;4499.00;18.49;-230845886_0;5.10;0.00;tripinfo_in_ba_to_sl.55;1328.00;in_ba_to_sl.55;0;1934.94;0.98;0.00;1143.78;car;;30;744.00
5827.00;972103805_0;116.86;10.45;4688.00;8.42;-230845886_0;5.10;0.00;tripinfo_in_ba_to_ko.162;1139.00;in_ba_to_ko.162;0;2114.29;0.98;0.00;944.35;car;;10;843.00
5829.00;41899283#1_0;148.70;7.19;5282.00;0.10;-23142338#2_0;5.10;0.00;tripinfo_out_ns_to_as.8;547.00;out_ns_to_as.8;0;2009.37;0.76;0.00;307.21;car;;16;162.00
5830.00;41899283#1_0;148.70;10.01;3187.00;680.56;-45494495_0;5.10;0.00;tripinfo_in_os_to_as.9;2643.00;in_os_to_as.9;0;1746.47;0.94;0.00;2474.39;car;;23;2348.00
5830.00;28706217_0;94.10;9.18;4587.00;2.85;-230845886_0;5.10;0.00;tripinfo_in_ba_to_sl.57;1243.00;in_ba_to_sl.57;0;1934.94;1.11;0.00;1080.44;car;;26;623.00
5832.00;41899283#1_0;148.70;10.57;5285.00;1.20;-23142338#2_0;5.10;0.00;tripinfo_out_ns_to_as.9;547.00;out_ns_to_as.9;0;2009.37;1.07;0.00;375.99;car;;18;166.00
5834.00;41899283#1_0;148.70;10.28;5291.00;0.12;-23142338#2_0;5.10;0.00;tripinfo_out_ns_to_as.10;543.00;out_ns_to_as.10;0;2009.37;0.98;0.00;355.84;car;;16;156.00
5836.00;41899283#1_0;148.70;8.94;5351.00;0.19;-23142338#2_0;5.10;0.00;tripinfo_out_ns_to_as.11;485.00;out_ns_to_as.11;0;2009.37;0.90;0.00;280.89;car;;13;140.00
5838.00;41899283#1_0;148.70;10.85;5579.00;0.48;803785575#0_0;5.10;0.00;tripinfo_out_od_to_as.9;259.00;out_od_to_as.9;0;2382.09;1.04;0.00;52.27;car;;2;18.00
5844.00;23142338#2_0;290.21;10.77;5526.00;0.29;23687583_0;5.10;0.00;tripinfo_out_as_to_ns.17;318.00;out_as_to_ns.17;0;1995.73;1.02;0.00;139.74;car;;6;82.00
5846.00;45494495_0;58.90;12.41;5142.00;201.10;23687583_0;5.10;0.00;tripinfo_in_as_to_os.85;704.00;in_as_to_os.85;0;1689.77;1.13;0.00;569.54;car;;13;155.00
5849.00;45494495_0;58.90;11.37;5065.00;0.47;-28716808#1_0;5.10;0.00;tripinfo_out_kl_to_os.0;784.00;out_kl_to_os.0;0;1989.49;1.14;0.00;625.83;car;;17;222.00
5850.00;28706217_0;94.10;6.91;5756.00;0.67;803785575#0_0;5.10;0.00;tripinfo_out_od_to_sl.3;94.00;out_od_to_sl.3;0;747.33;0.85;0.00;8.64;car;;0;0.00
5852.00;45494495_0;58.90;11.87;5150.00;194.32;23687583_0;5.10;0.00;tripinfo_in_as_to_os.86;702.00;in_as_to_os.86;0;1689.77;1.10;0.00;563.15;car;;8;135.00
5853.00;41899283#1_0;148.70;9.87;5786.00;0.64;-23527526_0;5.10;0.00;tripinfo_out_gj_to_as.17;67.00;out_gj_to_as.17;0;633.70;0.98;0.00;7.66;car;;0;0.00
5854.00;28706217_0;94.10;7.22;4531.00;173.04;23687583_0;5.10;0.00;tripinfo_in_as_to_sl.86;1323.00;in_as_to_sl.86;0;1976.75;0.95;0.00;1130.41;car;;36;634.00
5854.00;972103805_0;116.86;11.61;5188.00;0.74;-23156305_0;5.10;0.00;tripinfo_out_gg_to_ko.0;666.00;out_gg_to_ko.0;0;2416.59;1.05;0.00;457.14;car;;7;339.00
5857.00;28706217_0;94.10;7.83;4581.00;0.45;-230845886_0;5.10;0.00;tripinfo_in_ba_to_sl.56;1276.00;in_ba_to_sl.56;0;1934.94;0.98;0.00;1091.52;car;;30;654.00
5859.00;23142338#2_0;290.21;8.13;5497.00;0.80;-28716808#1_0;5.10;0.00;tripinfo_out_kl_to_ns.1;362.00;out_kl_to_ns.1;0;2305.34;0.82;0.00;105.39;car;;5;53.00
5860.00;41899283#1_0;148.70;8.97;5374.00;0.94;-23142338#2_0;5.10;0.00;tripinfo_out_ns_to_as.12;486.00;out_ns_to_as.12;0;2009.37;0.84;0.00;268.18;car;;15;144.00
5861.00;45494495_0;58.90;10.37;5107.00;67.77;-23142338#2_0;5.10;0.00;tripinfo_in_ns_to_os.13;754.00;in_ns_to_os.13;0;1865.82;1.05;0.00;592.85;car;;22;258.00
5861.00;23142338#2_0;290.21;9.70;5552.00;5.57;-23527526_0;5.10;0.00;tripinfo_out_gj_to_ns.34;309.00;out_gj_to_ns.34;0;2043.79;0.89;0.00;100.00;car;;4;50.00
5862.00;41899283#1_0;148.70;9.77;5442.00;0.02;-23142338#2_0;5.10;0.00;tripinfo_out_ns_to_as.13;420.00;out_ns_to_as.13;0;2009.37;0.92;0.00;221.66;car;;11;96.00
5863.00;23142338#2_0;290.21;10.12;5561.00;0.78;-23527526_0;5.10;0.00;tripinfo_out_gj_to_ns.35;302.00;out_gj_to_ns.35;0;2043.79;0.92;0.00;100.98;car;;4;45.00
5864.00;41899283#1_0;148.70;8.96;5467.00;0.45;-23142338#2_0;5.10;0.00;tripinfo_out_ns_to_as.14;397.00;out_ns_to_as.14;0;2009.37;0.89;0.00;190.93;car;;11;104.00
5865.00;23142338#2_0;290.21;10.25;4673.00;8.64;-230845886_0;5.10;0.00;tripinfo_in_ba_to_ns.38;1192.00;in_ba_to_ns.38;0;2346.36;1.02;0.00;984.07;car;;10;898.00
5867.00;28706217_0;94.10;6.09;4700.00;231.45;23687583_0;5.10;0.00;tripinfo_in_as_to_sl.87;1167.00;in_as_to_sl.87;0;1976.75;0.83;0.00;946.47;car;;34;428.00
5869.00;230845886_0;633.12;8.55;5587.00;0.28;23687583_0;5.10;0.00;tripinfo_out_as_to_ba.21;282.00;out_as_to_ba.21;0;1356.50;0.85;0.00;138.09;car;;5;70.00
5871.00;230845886_0;633.12;9.72;5493.00;0.47;-23142338#2_0;5.10;0.00;tripinfo_out_ns_to_ba.1;378.00;out_ns_to_ba.1;0;2340.42;0.96;0.00;159.75;car;;8;78.00
5873.00;230845886_0;633.12;10.99;5595.00;0.66;23687583_0;5.10;0.00;tripinfo_out_as_to_ba.22;278.00;out_as_to_ba.22;0;1356.50;1.02;0.00;157.93;car;;6;73.00
5874.00;230845886_0;633.12;12.84;5137.00;0.22;-23156305_0;5.10;0.00;tripinfo_out_gg_to_ba.0;737.00;out_gg_to_ba.0;0;2288.16;1.18;0.00;562.25;car;;10;406.00
5874.00;28706217_0;94.10;9.30;5802.00;0.41;803785575#0_0;5.10;0.00;tripinfo_out_od_to_sl.4;72.00;out_od_to_sl.4;0;747.33;1.12;0.00;6.54;car;;0;0.00
5882.00;23142338#2_0;290.21;9.75;5576.00;0.00;-23527526_0;5.10;0.00;tripinfo_out_gj_to_ns.36;306.00;out_gj_to_ns.36;0;2043.79;0.88;0.00;95.46;car;;4;56.00
5883.00;23156030#6_0;109.07;12.65;5023.00;0.53;-28716808#1_0;5.10;0.00;tripinfo_out_kl_to_od.0;860.00;out_kl_to_od.0;0;2657.03;1.15;0.00;650.46;car;;18;253.00
5884.00;41899283#1_0;148.70;10.59;5506.00;0.76;-23142338#2_0;5.10;0.00;tripinfo_out_ns_to_as.15;378.00;out_ns_to_as.15;0;2009.37;1.00;0.00;194.69;car;;10;108.00
5884.00;23142338#2_0;290.21;9.99;5596.00;0.02;-23527526_0;5.10;0.00;tripinfo_out_gj_to_ns.37;288.00;out_gj_to_ns.37;0;2043.79;0.97;0.00;97.86;car;;4;44.00
5885.00;972103805_0;116.86;9.65;5764.00;2.05;-23527526_0;5.10;0.00;tripinfo_out_gj_to_ko.6;121.00;out_gj_to_ko.6;0;971.70;0.96;0.00;29.59;car;;1;16.00
5886.00;28706217_0;94.10;7.19;4614.00;2.37;-230845886_0;5.10;0.00;tripinfo_in_ba_to_sl.58;1272.00;in_ba_to_sl.58;0;1934.94;0.89;0.00;1070.26;car;;28;621.00
5886.00;230845886_0;633.12;10.51;5140.00;2.61;-23156305_0;5.10;0.00;tripinfo_out_gg_to_ba.1;746.00;out_gg_to_ba.1;0;2288.16;1.03;0.00;545.01;car;;12;421.00
5886.00;23142338#2_0;290.21;10.48;5610.00;0.96;-23527526_0;5.10;0.00;tripinfo_out_gj_to_ns.38;276.00;out_gj_to_ns.38;0;2043.79;0.98;0.00;87.86;car;;3;34.00
5886.00;41899283#1_0;148.70;11.33;5746.00;0.70;-28716808#1_0;5.10;0.00;tripinfo_out_kl_to_as.8;140.00;out_kl_to_as.8;0;1233.18;1.12;0.00;39.46;car;;1;18.00
5887.00;230845886_0;633.12;11.45;5152.00;0.87;-23156305_0;5.10;0.00;tripinfo_out_gg_to_ba.2;735.00;out_gg_to_ba.2;0;2288.16;1.06;0.00;540.90;car;;12;402.00
5888.00;28706217_0;94.10;8.70;4707.00;226.95;23687583_0;5.10;0.00;tripinfo_in_as_to_sl.88;1181.00;in_as_to_sl.88;0;1976.75;1.06;0.00;1008.48;car;;27;463.00
5888.00;23142338#2_0;290.21;11.31;4676.00;9.19;-230845886_0;5.10;0.00;tripinfo_in_ba_to_ns.39;1212.00;in_ba_to_ns.39;0;2346.36;1.11;0.00;1019.83;car;;9;908.00
5888.00;41899283#1_0;148.70;11.04;5512.00;2.69;-23142338#2_0;5.10;0.00;tripinfo_out_ns_to_as.16;376.00;out_ns_to_as.16;0;2009.37;1.07;0.00;204.31;car;;10;101.00
5893.00;28706217_0;94.10;7.63;5576.00;0.84;-23142338#2_0;5.10;0.00;tripinfo_out_ns_to_sl.2;317.00;out_ns_to_sl.2;0;1619.36;0.99;0.00;151.78;car;;9;70.00
5895.00;41899283#1_0;148.70;9.38;5525.00;0.72;-23142338#2_0;5.10;0.00;tripinfo_out_ns_to_as.17;370.00;out_ns_to_as.17;0;2009.37;0.85;0.00;154.93;car;;9;78.00
5895.00;28706217_0;94.10;8.45;5579.00;3.79;-23142338#2_0;5.10;0.00;tripinfo_out_ns_to_sl.3;316.00;out_ns_to_sl.3;0;1619.36;1.06;0.00;161.12;car;;10;75.00
5897.00;230845886_0;633.12;9.70;5528.00;1.98;-23142338#2_0;5.10;0.00;tripinfo_out_ns_to_ba.2;369.00;out_ns_to_ba.2;0;2340.42;0.98;0.00;155.67;car;;7;72.00
5899.00;23156030#6_0;109.07;8.36;4998.00;267.25;23687583_0;5.10;0.00;tripinfo_in_as_to_od.22;901.00;in_as_to_od.22;0;2357.31;0.84;0.00;646.80;car;;19;303.00
5900.00;23142338#2_0;290.21;11.57;5624.00;0.08;-23527526_0;5.10;0.00;tripinfo_out_gj_to_ns.39;276.00;out_gj_to_ns.39;0;2043.79;1.11;0.00;110.27;car;;4;64.00
5901.00;45494495_0;58.90;10.37;5170.00;0.53;-28716808#1_0;5.10;0.00;tripinfo_out_kl_to_os.3;731.00;out_kl_to_os.3;0;1989.49;0.99;0.00;549.70;car;;11;156.00
5903.00;45494495_0;58.90;12.33;5194.00;0.11;-28716808#1_0;5.10;0.00;tripinfo_out_kl_to_os.4;709.00;out_kl_to_os.4;0;1989.49;1.14;0.00;550.21;car;;10;129.00
5907.00;23142338#2_0;290.21;10.74;5631.00;0.71;-23527526_0;5.10;0.00;tripinfo_out_gj_to_ns.40;276.00;out_gj_to_ns.40;0;2043.79;1.01;0.00;92.82;car;;4;50.00
5912.00;23156030#6_0;109.07;9.93;5014.00;257.66;23687583_0;5.10;0.00;tripinfo_in_as_to_od.23;898.00;in_as_to_od.23;0;2357.31;1.01;0.00;686.37;car;;17;318.00
5914.00;28706217_0;94.10;7.42;3229.00;719.47;-45494495_0;5.10;0.00;tripinfo_in_os_to_sl.4;2685.00;in_os_to_sl.4;0;484.95;0.99;0.00;2634.94;car;;26;2476.00
5914.00;230845886_0;633.12;8.31;5622.00;0.81;23687583_0;5.10;0.00;tripinfo_out_as_to_ba.23;292.00;out_as_to_ba.23;0;1356.50;0.84;0.00;146.98;car;;8;79.00
5915.00;23142338#2_0;290.21;9.31;5601.00;0.04;23687583_0;5.10;0.00;tripinfo_out_as_to_ns.18;314.00;out_as_to_ns.18;0;1995.73;0.91;0.00;113.98;car;;5;64.00
5916.00;28706217_0;94.10;8.00;4779.00;248.25;23687583_0;5.10;0.00;tripinfo_in_as_to_sl.89;1137.00;in_as_to_sl.89;0;1976.75;1.05;0.00;961.19;car;;28;481.00
5916.00;230845886_0;633.12;13.17;5639.00;0.94;23687583_0;5.10;0.00;tripinfo_out_as_to_ba.24;277.00;out_as_to_ba.24;0;1356.50;1.23;0.00;176.80;car;;7;75.00
5918.00;230845886_0;633.12;10.65;5647.00;0.75;23687583_0;5.10;0.00;tripinfo_out_as_to_ba.25;271.00;out_as_to_ba.25;0;1356.50;0.98;0.00;146.01;car;;6;67.00
5920.00;230845886_0;633.12;9.93;5657.00;3.81;23687583_0;5.10;0.00;tripinfo_out_as_to_ba.26;263.00;out_as_to_ba.26;0;1356.50;0.93;0.00;131.47;car;;5;62.00
5920.00;41899283#1_0;148.70;12.47;5863.00;0.30;-23527526_0;5.10;0.00;tripinfo_out_gj_to_as.18;57.00;out_gj_to_as.18;0;633.70;1.20;0.00;8.48;car;;0;0.00
5923.00;23156305_0;1264.14;11.70;2477.00;0.44;-45494495_0;5.10;0.00;tripinfo_in_os_to_gg.5;3446.00;in_os_to_gg.5;0;3034.34;1.12;0.00;3198.41;car;;21;3044.00
5925.00;41899283#1_0;148.70;11.54;5544.00;0.39;-23142338#2_0;5.10;0.00;tripinfo_out_ns_to_as.18;381.00;out_ns_to_as.18;0;2009.37;1.08;0.00;211.33;car;;10;124.00
5930.00;41899283#1_0;148.70;10.04;5562.00;2.17;-23142338#2_0;5.10;0.00;tripinfo_out_ns_to_as.19;368.00;out_ns_to_as.19;0;2009.37;0.93;0.00;171.46;car;;10;79.00
5931.00;41899283#1_0;148.70;10.75;5279.00;0.80;-23156390_0;5.10;0.00;tripinfo_out_br_to_as.0;652.00;out_br_to_as.0;0;2020.44;1.00;0.00;468.89;car;;13;351.00
5932.00;23142338#2_0;290.21;8.48;4697.00;11.53;-230845886_0;5.10;0.00;tripinfo_in_ba_to_ns.40;1235.00;in_ba_to_ns.40;0;2346.36;0.87;0.00;990.32;car;;11;878.00
5934.00;23142338#2_0;290.21;10.44;5651.00;0.14;23687583_0;5.10;0.00;tripinfo_out_as_to_ns.19;283.00;out_as_to_ns.19;0;1995.73;1.01;0.00;103.02;car;;4;58.00
5934.00;230845886_0;633.12;9.90;5674.00;1.15;23687583_0;5.10;0.00;tripinfo_out_as_to_ba.27;260.00;out_as_to_ba.27;0;1356.50;0.91;0.00;125.10;car;;7;71.00
5935.00;28716808#1_0;754.74;10.19;3240.00;726.50;-45494495_0;5.10;0.00;tripinfo_in_os_to_kl.2;2695.00;in_os_to_kl.2;0;2042.78;1.00;0.00;2510.21;car;;23;2387.00
5936.00;230845886_0;633.12;11.52;5591.00;0.37;-23142338#2_0;5.10;0.00;tripinfo_out_ns_to_ba.3;345.00;out_ns_to_ba.3;0;2340.42;1.13;0.00;158.54;car;;10;70.00
5936.00;23142338#2_0;290.21;11.05;5669.00;0.18;-23527526_0;5.10;0.00;tripinfo_out_gj_to_ns.41;267.00;out_gj_to_ns.41;0;2043.79;1.03;0.00;87.77;car;;3;46.00
5936.00;41899283#1_0;148.70;10.63;5700.00;0.12;803785575#0_0;5.10;0.00;tripinfo_out_od_to_as.10;236.00;out_od_to_as.10;0;2382.09;1.04;0.00;28.59;car;;1;4.00
5940.00;23142338#2_0;290.21;10.80;5175.00;2.71;-23156305_0;5.10;0.00;tripinfo_out_gg_to_ns.1;765.00;out_gg_to_ns.1;0;2927.39;0.98;0.00;493.27;car;;10;375.00
5941.00;972103805_0;116.86;13.13;4715.00;0.23;-230845886_0;5.10;0.00;tripinfo_in_ba_to_ko.163;1226.00;in_ba_to_ko.163;0;2114.29;1.20;0.00;1065.83;car;;11;926.00
5942.00;23156030#6_0;109.07;10.25;5012.00;1.13;-23156390_0;5.10;0.00;tripinfo_out_br_to_od.0;930.00;out_br_to_od.0;0;2905.16;1.03;0.00;673.71;car;;18;279.00
5945.00;28706217_0;94.10;6.81;4806.00;266.56;23687583_0;5.10;0.00;tripinfo_in_as_to_sl.90;1139.00;in_as_to_sl.90;0;1976.75;0.95;0.00;945.09;car;;27;492.00
5946.00;23142338#2_0;290.21;9.62;5671.00;0.78;23687583_0;5.10;0.00;tripinfo_out_as_to_ns.20;275.00;out_as_to_ns.20;0;1995.73;0.91;0.00;74.08;car;;2;31.00
5949.00;230845886_0;633.12;8.77;5640.00;0.29;-23527526_0;5.10;0.00;tripinfo_out_gj_to_ba.20;309.00;out_gj_to_ba.20;0;1702.89;0.85;0.00;127.53;car;;6;63.00
5951.00;28706217_0;94.10;6.80;4894.00;315.33;23687583_0;5.10;0.00;tripinfo_in_as_to_sl.92;1057.00;in_as_to_sl.92;0;1976.75;0.97;0.00;868.37;car;;23;434.00
5951.00;230845886_0;633.12;10.86;5595.00;2.68;-23142338#2_0;5.10;0.00;tripinfo_out_ns_to_ba.4;356.00;out_ns_to_ba.4;0;2340.42;1.01;0.00;147.35;car;;9;68.00
5953.00;28706217_0;94.10;7.15;4891.00;312.92;23687583_0;5.10;0.00;tripinfo_in_as_to_sl.91;1062.00;in_as_to_sl.91;0;1976.75;1.01;0.00;880.89;car;;24;457.00
5957.00;23156030#6_0;109.07;9.38;5617.00;0.61;-23142338#2_0;5.10;0.00;tripinfo_out_ns_to_od.4;340.00;out_ns_to_od.4;0;2005.01;0.92;0.00;130.16;car;;8;59.00
5964.00;23142338#2_0;290.21;10.28;5688.00;0.54;-23527526_0;5.10;0.00;tripinfo_out_gj_to_ns.42;276.00;out_gj_to_ns.42;0;2043.79;1.01;0.00;93.57;car;;4;50.00
5965.00;230845886_0;633.12;10.08;5736.00;1.84;23687583_0;5.10;0.00;tripinfo_out_as_to_ba.28;229.00;out_as_to_ba.28;0;1356.50;1.01;0.00;107.78;car;;7;45.00
5965.00;41899283#1_0;148.70;11.00;5898.00;2.74;-23527526_0;5.10;0.00;tripinfo_out_gj_to_as.19;67.00;out_gj_to_as.19;0;633.70;0.99;0.00;7.96;car;;0;0.00
5967.00;230845886_0;633.12;10.61;5736.00;3.67;-23527526_0;5.10;0.00;tripinfo_out_gj_to_ba.21;231.00;out_gj_to_ba.21;0;1702.89;1.07;0.00;86.78;car;;4;20.00
5969.00;23142338#2_0;290.21;9.48;5691.00;1.36;-23527526_0;5.10;0.00;tripinfo_out_gj_to_ns.43;278.00;out_gj_to_ns.43;0;2043.79;0.96;0.00;86.10;car;;4;42.00
5971.00;23142338#2_0;290.21;10.53;5702.00;0.43;23687583_0;5.10;0.00;tripinfo_out_as_to_ns.21;269.00;out_as_to_ns.21;0;1995.73;0.97;0.00;81.16;car;;4;37.00
5972.00;41899283#1_0;148.70;10.05;5905.00;3.83;-23527526_0;5.10;0.00;tripinfo_out_gj_to_as.20;67.00;out_gj_to_as.20;0;633.70;0.98;0.00;7.48;car;;0;0.00
5973.00;972103805_0;116.86;12.62;5215.00;1.96;-23156305_0;5.10;0.00;tripinfo_out_gg_to_ko.1;758.00;out_gg_to_ko.1;0;2416.59;1.14;0.00;565.47;car;;12;439.00
5975.00;28706217_0;94.10;8.34;4900.00;316.44;23687583_0;5.10;0.00;tripinfo_in_as_to_sl.93;1075.00;in_as_to_sl.93;0;1976.75;1.03;0.00;896.93;car;;23;470.00
5976.00;41899283#1_0;148.70;9.97;5633.00;0.80;-23142338#2_0;5.10;0.00;tripinfo_out_ns_to_as.20;343.00;out_ns_to_as.20;0;2009.37;0.97;0.00;154.35;car;;8;82.00
5977.00;28706217_0;94.10;8.02;4983.00;274.03;23687583_0;5.10;0.00;tripinfo_in_as_to_sl.95;994.00;in_as_to_sl.95;0;1976.75;1.01;0.00;812.80;car;;23;389.00
5978.00;972103805_0;116.86;10.06;5267.00;0.92;-23156390_0;5.10;0.00;tripinfo_out_br_to_ko.1;711.00;out_br_to_ko.1;0;2703.95;1.00;0.00;465.30;car;;11;350.00
5978.00;41899283#1_0;148.70;11.84;5671.00;0.78;-23142338#2_0;5.10;0.00;tripinfo_out_ns_to_as.21;307.00;out_ns_to_as.21;0;2009.37;1.15;0.00;147.61;car;;6;59.00
5978.00;230845886_0;633.12;10.20;5751.00;11.01;-23527526_0;5.10;0.00;tripinfo_out_gj_to_ba.22;227.00;out_gj_to_ba.22;0;1702.89;0.94;0.00;63.48;car;;3;15.00
5980.00;41899283#1_0;148.70;10.81;5685.00;0.08;-23142338#2_0;5.10;0.00;tripinfo_out_ns_to_as.22;295.00;out_ns_to_as.22;0;2009.37;1.03;0.00;117.75;car;;5;52.00
5983.00;28706217_0;94.10;8.05;4947.00;329.53;23687583_0;5.10;0.00;tripinfo_in_as_to_sl.94;1036.00;in_as_to_sl.94;0;1976.75;0.97;0.00;846.73;car;;26;389.00
5983.00;45494495_0;58.90;12.33;5270.00;146.80;23687583_0;5.10;0.00;tripinfo_out_as_to_os.0;713.00;out_as_to_os.0;0;1689.77;1.17;0.00;581.85;car;;21;166.00
5983.00;230845886_0;633.12;10.02;5745.00;2.41;23687583_0;5.10;0.00;tripinfo_out_as_to_ba.29;238.00;out_as_to_ba.29;0;1356.50;1.02;0.00;116.93;car;;6;38.00
5984.00;230845886_0;633.12;11.67;5764.00;0.50;23687583_0;5.10;0.00;tripinfo_out_as_to_ba.30;220.00;out_as_to_ba.30;0;1356.50;1.09;0.00;107.85;car;;6;34.00
5984.00;972103805_0;116.86;8.69;5874.00;4.93;-23527526_0;5.10;0.00;tripinfo_out_gj_to_ko.7;110.00;out_gj_to_ko.7;0;971.70;0.88;0.00;10.24;car;;0;0.00
5986.00;41899283#1_0;148.70;9.21;5282.00;0.28;-23156390_0;5.10;0.00;tripinfo_out_br_to_as.1;704.00;out_br_to_as.1;0;2020.44;0.89;0.00;499.16;car;;13;392.00
5988.00;41899283#1_0;148.70;10.33;5738.00;0.61;803785575#0_0;5.10;0.00;tripinfo_out_od_to_as.11;250.00;out_od_to_as.11;0;2382.09;0.94;0.00;19.36;car;;0;0.00
5989.00;230845886_0;633.12;9.64;5769.00;0.30;23687583_0;5.10;0.00;tripinfo_out_as_to_ba.31;220.00;out_as_to_ba.31;0;1356.50;0.97;0.00;94.64;car;;4;23.00
5991.00;230845886_0;633.12;9.93;5791.00;1.81;-28716808#1_0;5.10;0.00;tripinfo_out_kl_to_ba.0;200.00;out_kl_to_ba.0;0;1656.22;1.01;0.00;51.14;car;;1;20.00
5993.00;230845886_0;633.12;12.40;5810.00;2.01;23687583_0;5.10;0.00;tripinfo_out_as_to_ba.32;183.00;out_as_to_ba.32;0;1356.50;1.15;0.00;76.48;car;;2;17.00
5995.00;230845886_0;633.12;12.11;5815.00;0.19;23687583_0;5.10;0.00;tripinfo_out_as_to_ba.33;180.00;out_as_to_ba.33;0;1356.50;1.11;0.00;69.15;car;;2;16.00
5996.00;23142338#2_0;290.21;9.98;5712.00;0.43;23687583_0;5.10;0.00;tripinfo_out_as_to_ns.22;284.00;out_as_to_ns.22;0;1995.73;0.98;0.00;97.93;car;;4;48.00
5998.00;23156030#6_0;109.07;11.51;5116.00;0.20;-23527526_0;5.10;0.00;tripinfo_out_gj_to_od.0;882.00;out_gj_to_od.0;0;2703.70;1.13;0.00;664.85;car;;22;222.00
5998.00;23142338#2_0;290.21;11.20;5716.00;0.94;-23527526_0;5.10;0.00;tripinfo_out_gj_to_ns.44;282.00;out_gj_to_ns.44;0;2043.79;1.04;0.00;104.98;car;;5;50.00
6000.00;23142338#2_0;290.21;10.82;5733.00;3.48;-23527526_0;5.10;0.00;tripinfo_out_gj_to_ns.45;267.00;out_gj_to_ns.45;0;2043.79;1.02;0.00;85.65;car;;3;45.00
6006.00;28706217_0;94.10;6.27;5017.00;251.14;23687583_0;5.10;0.00;tripinfo_in_as_to_sl.96;989.00;in_as_to_sl.96;0;1976.75;0.89;0.00;782.94;car;;21;377.00
6006.00;972103805_0;116.86;9.99;5765.00;0.44;-28716808#1_0;5.10;0.00;tripinfo_out_kl_to_ko.8;241.00;out_kl_to_ko.8;0;1927.03;0.93;0.00;52.80;car;;3;22.00
6008.00;28706217_0;94.10;8.04;5045.00;242.38;23687583_0;5.10;0.00;tripinfo_in_as_to_sl.97;963.00;in_as_to_sl.97;0;1976.75;1.07;0.00;791.77;car;;26;337.00
6009.00;972103805_0;116.86;10.48;4730.00;0.70;-230845886_0;5.10;0.00;tripinfo_in_ba_to_ko.164;1279.00;in_ba_to_ko.164;0;2114.29;0.98;0.00;1081.34;car;;14;942.00
6009.00;23156030#6_0;109.07;9.78;5178.00;219.73;23687583_0;5.10;0.00;tripinfo_in_as_to_od.24;831.00;in_as_to_od.24;0;2357.31;0.88;0.00;589.93;car;;14;182.00
6009.00;41899283#1_0;148.70;8.99;5694.00;0.74;-23142338#2_0;5.10;0.00;tripinfo_out_ns_to_as.23;315.00;out_ns_to_as.23;0;2009.37;0.86;0.00;101.22;car;;5;55.00
6011.00;230845886_0;633.12;9.47;5226.00;0.10;-23156305_0;5.10;0.00;tripinfo_out_gg_to_ba.3;785.00;out_gg_to_ba.3;0;2288.16;0.90;0.00;554.62;car;;13;418.00
6011.00;41899283#1_0;148.70;12.41;5714.00;0.93;-23142338#2_0;5.10;0.00;tripinfo_out_ns_to_as.24;297.00;out_ns_to_as.24;0;2009.37;1.21;0.00;145.05;car;;8;70.00
6012.00;41899283#1_0;148.70;12.21;5721.00;0.60;-23142338#2_0;5.10;0.00;tripinfo_out_ns_to_as.25;291.00;out_ns_to_as.25;0;2009.37;1.10;0.00;124.85;car;;6;51.00
6013.00;23156305_0;1264.14;12.36;4719.00;0.00;-230845886_0;5.10;0.00;tripinfo_in_ba_to_gg.42;1294.00;in_ba_to_gg.42;0;2718.65;1.14;0.00;1076.54;car;;12;940.00
6015.00;41899283#1_0;148.70;9.42;4763.00;0.67;-230845886_0;5.10;0.00;tripinfo_in_ba_to_as.92;1252.00;in_ba_to_as.92;0;1430.78;0.96;0.00;1116.59;car;;15;947.00
6017.00;230845886_0;633.12;9.56;2420.00;0.98;-45494495_0;5.10;0.00;tripinfo_in_os_to_ba.11;3597.00;in_os_to_ba.11;0;1746.52;0.88;0.00;3417.09;car;;6;3385.00
6019.00;23142338#2_0;290.21;11.69;5742.00;4.10;-23527526_0;5.10;0.00;tripinfo_out_gj_to_ns.46;277.00;out_gj_to_ns.46;0;2043.79;1.13;0.00;113.36;car;;4;65.00
6019.00;230845886_0;633.12;10.80;5862.00;0.51;23687583_0;5.10;0.00;tripinfo_out_as_to_ba.34;157.00;out_as_to_ba.34;0;1356.50;1.06;0.00;41.36;car;;2;7.00
6019.00;41899283#1_0;148.70;9.31;5948.00;1.41;-23527526_0;5.10;0.00;tripinfo_out_gj_to_as.21;71.00;out_gj_to_as.21;0;633.70;0.92;0.00;7.81;car;;0;0.00
6021.00;230845886_0;633.12;10.04;5229.00;1.67;-23156305_0;5.10;0.00;tripinfo_out_gg_to_ba.4;792.00;out_gg_to_ba.4;0;2288.16;0.95;0.00;575.03;car;;12;430.00
6023.00;230845886_0;633.12;10.46;5718.00;0.73;-23142338#2_0;5.10;0.00;tripinfo_out_ns_to_ba.5;305.00;out_ns_to_ba.5;0;2340.42;1.00;0.00;94.60;car;;6;42.00
6025.00;230845886_0;633.12;11.67;5326.00;1.64;-23156390_0;5.10;0.00;tripinfo_out_br_to_ba.0;699.00;out_br_to_ba.0;0;1904.35;1.14;0.00;547.78;car;;13;407.00
6025.00;23142338#2_0;290.21;10.43;5748.00;8.15;-23527526_0;5.10;0.00;tripinfo_out_gj_to_ns.47;277.00;out_gj_to_ns.47;0;2043.79;1.05;0.00;100.59;car;;4;58.00
6026.00;23142338#2_0;290.21;11.37;5754.00;6.88;-23527526_0;5.10;0.00;tripinfo_out_gj_to_ns.48;272.00;out_gj_to_ns.48;0;2043.79;1.10;0.00;104.08;car;;4;51.00
6026.00;230845886_0;633.12;10.96;5847.00;1.68;-23527526_0;5.10;0.00;tripinfo_out_gj_to_ba.23;179.00;out_gj_to_ba.23;0;1702.89;1.08;0.00;35.71;car;;1;4.00
6026.00;41899283#1_0;148.70;10.92;5960.00;0.10;-23527526_0;5.10;0.00;tripinfo_out_gj_to_as.22;66.00;out_gj_to_as.22;0;633.70;1.06;0.00;10.11;car;;0;0.00
6028.00;41899283#1_0;148.70;11.48;4771.00;1.48;-230845886_0;5.10;0.00;tripinfo_in_ba_to_as.93;1257.00;in_ba_to_as.93;0;1430.78;1.05;0.00;1132.68;car;;14;950.00
6031.00;41899283#1_0;148.70;10.51;5759.00;2.97;803785575#0_0;5.10;0.00;tripinfo_out_od_to_as.12;272.00;out_od_to_as.12;0;2382.09;1.03;0.00;62.71;car;;3;17.00
6032.00;230845886_0;633.12;11.19;5730.00;0.60;-23142338#2_0;5.10;0.00;tripinfo_out_ns_to_ba.6;302.00;out_ns_to_ba.6;0;2340.42;1.01;0.00;93.72;car;;5;47.00
6032.00;23142338#2_0;290.21;10.53;5761.00;0.94;-23527526_0;5.10;0.00;tripinfo_out_gj_to_ns.49;271.00;out_gj_to_ns.49;0;2043.79;0.98;0.00;82.64;car;;3;43.00
6034.00;230845886_0;633.12;11.47;5896.00;0.86;23687583_0;5.10;0.00;tripinfo_out_as_to_ba.35;138.00;out_as_to_ba.35;0;1356.50;1.14;0.00;30.23;car;;0;0.00
6036.00;28706217_0;94.10;7.75;5145.00;190.49;23687583_0;5.10;0.00;tripinfo_in_as_to_sl.100;891.00;in_as_to_sl.100;0;1976.75;1.01;0.00;710.09;car;;21;261.00
6037.00;41899283#1_0;148.70;9.78;5748.00;0.02;-23142338#2_0;5.10;0.00;tripinfo_out_ns_to_as.26;289.00;out_ns_to_as.26;0;2009.37;0.90;0.00;86.29;car;;5;35.00
6038.00;23527526_0;253.75;11.53;4774.00;4.12;-230845886_0;5.10;0.00;tripinfo_in_ba_to_gj.96;1264.00;in_ba_to_gj.96;0;1755.68;1.13;0.00;1122.93;car;;13;935.00
6038.00;972103805_0;116.86;9.49;5912.00;0.36;-23527526_0;5.10;0.00;tripinfo_out_gj_to_ko.8;126.00;out_gj_to_ko.8;0;971.70;0.86;0.00;23.28;car;;1;10.00
6040.00;972103805_0;116.86;10.75;5788.00;0.81;-28716808#1_0;5.10;0.00;tripinfo_out_kl_to_ko.9;252.00;out_kl_to_ko.9;0;1927.03;0.98;0.00;74.21;car;;3;40.00
6042.00;28706217_0;94.10;6.06;5048.00;243.15;23687583_0;5.10;0.00;tripinfo_in_as_to_sl.98;994.00;in_as_to_sl.98;0;1976.75;0.86;0.00;781.44;car;;22;323.00
6042.00;230845886_0;633.12;10.03;5249.00;0.71;-23156305_0;5.10;0.00;tripinfo_out_gg_to_ba.5;793.00;out_gg_to_ba.5;0;2288.16;0.99;0.00;585.22;car;;11;438.00
6042.00;41899283#1_0;148.70;9.49;5266.00;0.10;-23156305_0;5.10;0.00;tripinfo_out_gg_to_as.1;776.00;out_gg_to_as.1;0;1699.56;0.87;0.00;595.73;car;;12;452.00
6045.00;23156030#6_0;109.07;9.91;5061.00;1.49;-23156305_0;5.10;0.00;tripinfo_out_gg_to_od.0;984.00;out_gg_to_od.0;0;3288.97;0.90;0.00;654.55;car;;18;249.00
6046.00;23156030#6_1;109.07;9.30;5732.00;0.32;-23142338#2_0;5.10;0.00;tripinfo_out_ns_to_od.5;314.00;out_ns_to_od.5;0;2005.01;0.95;0.00;109.96;car;;6;56.00
6046.00;28706217_0;94.10;8.57;5821.00;0.71;-23142338#2_0;5.10;0.00;tripinfo_out_ns_to_sl.4;225.00;out_ns_to_sl.4;0;1619.36;1.07;0.00;71.34;car;;2;26.00
6052.00;41899283#1_0;148.70;10.48;5983.00;0.50;-23527526_0;5.10;0.00;tripinfo_out_gj_to_as.23;69.00;out_gj_to_as.23;0;633.70;0.96;0.00;7.85;car;;0;0.00
6054.00;45494495_0;58.90;13.79;5446.00;0.86;-23142338#2_0;5.10;0.00;tripinfo_out_ns_to_os.0;608.00;out_ns_to_os.0;0;1865.82;1.24;0.00;472.07;car;;20;147.00
6056.00;23156305_0;1264.14;10.46;4735.00;2.74;-230845886_0;5.10;0.00;tripinfo_in_ba_to_gg.43;1321.00;in_ba_to_gg.43;0;2718.65;1.03;0.00;1080.84;car;;11;939.00
6059.00;230845886_0;633.12;9.71;5756.00;0.67;-23142338#2_0;5.10;0.00;tripinfo_out_ns_to_ba.7;303.00;out_ns_to_ba.7;0;2340.42;0.89;0.00;68.26;car;;3;25.00
6064.00;28706217_0;94.10;7.50;5050.00;0.78;-28716808#1_0;5.10;0.00;tripinfo_out_kl_to_sl.0;1014.00;out_kl_to_sl.0;0;2276.47;0.99;0.00;801.31;car;;25;340.00
6064.00;972103805_0;116.86;10.06;5930.00;0.02;-23527526_0;5.10;0.00;tripinfo_out_gj_to_ko.9;134.00;out_gj_to_ko.9;0;971.70;1.01;0.00;46.61;car;;2;26.00
6064.00;41899283#1_0;148.70;9.93;5998.00;0.99;-23527526_0;5.10;0.00;tripinfo_out_gj_to_as.24;66.00;out_gj_to_as.24;0;633.70;1.00;0.00;7.71;car;;0;0.00
6066.00;28706217_0;94.10;8.59;5161.00;2.04;-28716808#1_0;5.10;0.00;tripinfo_out_kl_to_sl.2;905.00;out_kl_to_sl.2;0;2276.47;1.06;0.00;705.20;car;;23;259.00
6066.00;23142338#2_0;290.21;8.01;5750.00;0.55;23687583_0;5.10;0.00;tripinfo_out_as_to_ns.23;316.00;out_as_to_ns.23;0;1995.73;0.83;0.00;97.30;car;;4;55.00
6066.00;972103805_0;116.86;10.23;5954.00;0.91;-23527526_0;5.10;0.00;tripinfo_out_gj_to_ko.10;112.00;out_gj_to_ko.10;0;971.70;1.01;0.00;24.45;car;;1;11.00
6068.00;23142338#2_0;290.21;10.52;5793.00;0.64;-23527526_0;5.10;0.00;tripinfo_out_gj_to_ns.50;275.00;out_gj_to_ns.50;0;2043.79;1.04;0.00;97.38;car;;3;47.00
6069.00;23156030#6_1;109.07;10.59;5240.00;0.81;-28716808#1_0;5.10;0.00;tripinfo_out_kl_to_od.1;829.00;out_kl_to_od.1;0;2657.03;0.97;0.00;581.00;car;;15;143.00
6069.00;23142338#2_0;290.21;10.58;5753.00;3.51;23687583_0;5.10;0.00;tripinfo_out_as_to_ns.24;316.00;out_as_to_ns.24;0;1995.73;1.02;0.00;138.80;car;;4;50.00
6070.00;23156030#6_0;109.07;10.01;5091.00;0.35;-23156390_0;5.10;0.00;tripinfo_out_br_to_od.1;979.00;out_br_to_od.1;0;2905.16;0.92;0.00;693.90;car;;16;327.00
6070.00;230845886_0;633.12;9.05;5901.00;0.21;23687583_0;5.10;0.00;tripinfo_out_as_to_ba.36;169.00;out_as_to_ba.36;0;1356.50;0.90;0.00;33.78;car;;1;8.00
6071.00;23142338#2_0;290.21;12.09;5248.00;0.71;-23156390_0;5.10;0.00;tripinfo_out_br_to_ns.1;823.00;out_br_to_ns.1;0;2936.02;1.12;0.00;586.07;car;;11;382.00
6072.00;972103805_0;116.86;8.61;4738.00;1.21;-230845886_0;5.10;0.00;tripinfo_in_ba_to_ko.165;1334.00;in_ba_to_ko.165;0;2114.29;0.82;0.00;1101.35;car;;14;956.00
6072.00;23156030#6_0;109.07;11.59;5267.00;185.42;23687583_0;5.10;0.00;tripinfo_out_as_to_od.0;805.00;out_as_to_od.0;0;2357.31;1.08;0.00;607.07;car;;15;203.00
6072.00;230845886_0;633.12;11.29;5437.00;0.90;-23156390_0;5.10;0.00;tripinfo_out_br_to_ba.1;635.00;out_br_to_ba.1;0;1904.35;1.02;0.00;466.18;car;;10;342.00
6074.00;41899283#1_0;148.70;9.75;4813.00;13.17;-230845886_0;5.10;0.00;tripinfo_in_ba_to_as.94;1261.00;in_ba_to_as.94;0;1430.78;0.92;0.00;1119.88;car;;15;901.00
6074.00;972103805_0;116.86;10.49;5828.00;0.22;-28716808#1_0;5.10;0.00;tripinfo_out_kl_to_ko.10;246.00;out_kl_to_ko.10;0;1927.03;0.95;0.00;61.91;car;;2;26.00
6076.00;972103805_0;116.86;10.16;5831.00;1.03;-28716808#1_0;5.10;0.00;tripinfo_out_kl_to_ko.11;245.00;out_kl_to_ko.11;0;1927.03;0.92;0.00;55.27;car;;2;25.00
6077.00;23156030#6_0;109.07;9.74;5800.00;0.82;-23142338#2_0;5.10;0.00;tripinfo_out_ns_to_od.7;277.00;out_ns_to_od.7;0;2005.01;0.97;0.00;78.51;car;;3;31.00
6079.00;23142338#2_0;290.21;9.83;4722.00;1.39;-230845886_0;5.10;0.00;tripinfo_in_ba_to_ns.41;1357.00;in_ba_to_ns.41;0;2346.36;0.93;0.00;1129.27;car;;14;939.00
6079.00;230845886_0;633.12;12.41;5853.00;0.52;-23142338#2_0;5.10;0.00;tripinfo_out_ns_to_ba.8;226.00;out_ns_to_ba.8;0;2340.42;1.15;0.00;42.18;car;;1;16.00
6080.00;23156030#6_0;109.07;8.76;5766.00;2.80;-23142338#2_0;5.10;0.00;tripinfo_out_ns_to_od.6;314.00;out_ns_to_od.6;0;2005.01;0.89;0.00;98.25;car;;5;47.00
6086.00;23142338#2_0;290.21;9.97;5796.00;2.33;-23527526_0;5.10;0.00;tripinfo_out_gj_to_ns.51;290.00;out_gj_to_ns.51;0;2043.79;0.98;0.00;101.90;car;;4;63.00
6088.00;41899283#1_0;148.70;12.37;6029.00;0.05;-23527526_0;5.10;0.00;tripinfo_out_gj_to_as.25;59.00;out_gj_to_as.25;0;633.70;1.18;0.00;9.11;car;;0;0.00
6089.00;23142338#2_0;290.21;9.64;5805.00;0.96;-23527526_0;5.10;0.00;tripinfo_out_gj_to_ns.52;284.00;out_gj_to_ns.52;0;2043.79;0.97;0.00;92.91;car;;4;51.00
6089.00;230845886_0;633.12;11.83;5936.00;2.60;-23527526_0;5.10;0.00;tripinfo_out_gj_to_ba.24;153.00;out_gj_to_ba.24;0;1702.89;1.16;0.00;19.79;car;;0;0.00
6090.00;23142338#2_0;290.21;11.39;5807.00;1.98;-23527526_0;5.10;0.00;tripinfo_out_gj_to_ns.53;283.00;out_gj_to_ns.53;0;2043.79;1.03;0.00;103.55;car;;4;50.00
6093.00;28706217_0;94.10;8.00;5075.00;0.46;-23527526_0;5.10;0.00;tripinfo_out_gj_to_sl.0;1018.00;out_gj_to_sl.0;0;2323.14;0.99;0.00;801.48;car;;26;361.00
6093.00;41899283#1_0;148.70;10.33;5819.00;0.31;803785575#0_0;5.10;0.00;tripinfo_out_od_to_as.13;274.00;out_od_to_as.13;0;2382.09;0.99;0.00;56.38;car;;3;21.00
6095.00;28706217_0;94.10;8.61;5158.00;0.03;-28716808#1_0;5.10;0.00;tripinfo_out_kl_to_sl.1;937.00;out_kl_to_sl.1;0;2276.47;1.15;0.00;754.09;car;;18;286.00
6095.00;45494495_0;58.90;11.95;5357.00;53.07;23687583_0;5.10;0.00;tripinfo_out_as_to_os.2;738.00;out_as_to_os.2;0;1689.77;1.08;0.00;596.01;car;;18;184.00
6095.00;41899283#1_0;148.70;11.19;5882.00;1.30;-23142338#2_0;5.10;0.00;tripinfo_out_ns_to_as.27;213.00;out_ns_to_as.27;0;2009.37;1.05;0.00;39.49;car;;1;11.00
6095.00;23156030#6_1;109.07;11.39;5904.00;0.79;-23142338#2_0;5.10;0.00;tripinfo_out_ns_to_od.8;191.00;out_ns_to_od.8;0;2005.01;1.12;0.00;18.70;car;;0;0.00
6097.00;45494495_0;58.90;11.54;5951.00;5.04;803785575#0_0;5.10;0.00;tripinfo_out_od_to_os.11;146.00;out_od_to_os.11;0;969.96;1.09;0.00;65.09;car;;4;13.00
6098.00;23156305_0;1264.14;9.73;4744.00;2.47;-230845886_0;5.10;0.00;tripinfo_in_ba_to_gg.44;1354.00;in_ba_to_gg.44;0;2718.65;0.95;0.00;1093.04;car;;13;935.00
6098.00;972103805_0;116.86;9.11;5977.00;0.35;-23527526_0;5.10;0.00;tripinfo_out_gj_to_ko.11;121.00;out_gj_to_ko.11;0;971.70;0.87;0.00;18.79;car;;1;3.00
6100.00;28706217_0;94.10;8.25;5088.00;219.96;23687583_0;5.10;0.00;tripinfo_in_as_to_sl.99;1012.00;in_as_to_sl.99;0;1976.75;1.06;0.00;838.17;car;;25;357.00
6100.00;972103805_0;116.86;9.59;5843.00;0.42;-28716808#1_0;5.10;0.00;tripinfo_out_kl_to_ko.12;257.00;out_kl_to_ko.12;0;1927.03;0.96;0.00;75.37;car;;4;37.00
6100.00;45494495_0;58.90;9.26;5948.00;2.09;803785575#0_0;5.10;0.00;tripinfo_out_od_to_os.10;152.00;out_od_to_os.10;0;969.96;0.92;0.00;56.52;car;;4;11.00
6101.00;23142338#2_0;290.21;8.82;5782.00;2.16;23687583_0;5.10;0.00;tripinfo_out_as_to_ns.25;319.00;out_as_to_ns.25;0;1995.73;0.84;0.00;103.43;car;;5;55.00
6103.00;23156030#6_0;109.07;9.53;5178.00;0.69;-23527526_0;5.10;0.00;tripinfo_out_gj_to_od.1;925.00;out_gj_to_od.1;0;2703.70;0.90;0.00;653.30;car;;21;205.00
6103.00;972103805_0;116.86;10.01;5851.00;0.79;-28716808#1_0;5.10;0.00;tripinfo_out_kl_to_ko.13;252.00;out_kl_to_ko.13;0;1927.03;0.94;0.00;66.14;car;;2;32.00
6103.00;230845886_0;633.12;10.22;5867.00;0.50;803785575#0_0;5.10;0.00;tripinfo_out_od_to_ba.3;236.00;out_od_to_ba.3;0;2382.14;0.99;0.00;17.55;car;;0;0.00
6105.00;972103805_0;116.86;9.37;5241.00;0.23;-23156305_0;5.10;0.00;tripinfo_out_gg_to_ko.2;864.00;out_gg_to_ko.2;0;2416.59;0.96;0.00;633.70;car;;15;471.00
6109.00;28706217_0;94.10;6.53;6012.00;0.14;803785575#0_0;5.10;0.00;tripinfo_out_od_to_sl.5;97.00;out_od_to_sl.5;0;747.33;0.82;0.00;9.09;car;;0;0.00
6112.00;23156030#6_0;109.07;12.73;5309.00;80.19;23687583_0;5.10;0.00;tripinfo_out_as_to_od.2;803.00;out_as_to_od.2;0;2357.31;1.21;0.00;627.11;car;;22;251.00
6113.00;41899283#1_0;148.70;10.73;4822.00;18.48;-230845886_0;5.10;0.00;tripinfo_in_ba_to_as.95;1291.00;in_ba_to_as.95;0;1430.78;0.99;0.00;1159.27;car;;14;921.00
6113.00;230845886_0;633.12;11.64;5900.00;0.72;803785575#0_0;5.10;0.00;tripinfo_out_od_to_ba.4;213.00;out_od_to_ba.4;0;2382.14;1.16;0.00;27.77;car;;0;0.00
6114.00;45494495_0;58.90;10.93;5316.00;0.82;-28716808#1_0;5.10;0.00;tripinfo_out_kl_to_os.5;798.00;out_kl_to_os.5;0;1989.49;1.01;0.00;618.94;car;;12;240.00
6115.00;41899283#1_0;148.70;10.92;5353.00;0.20;-23156305_0;5.10;0.00;tripinfo_out_gg_to_as.2;762.00;out_gg_to_as.2;0;1699.56;1.06;0.00;615.28;car;;15;421.00
6115.00;23142338#2_0;290.21;10.93;5842.00;0.07;23687583_0;5.10;0.00;tripinfo_out_as_to_ns.26;273.00;out_as_to_ns.26;0;1995.73;1.00;0.00;91.09;car;;3;49.00
6119.00;23142338#2_0;290.21;9.66;5844.00;0.30;-23527526_0;5.10;0.00;tripinfo_out_gj_to_ns.54;275.00;out_gj_to_ns.54;0;2043.79;0.98;0.00;85.09;car;;3;46.00
6120.00;23142338#2_0;290.21;11.26;5850.00;0.17;-23527526_0;5.10;0.00;tripinfo_out_gj_to_ns.55;270.00;out_gj_to_ns.55;0;2043.79;1.05;0.00;94.74;car;;4;45.00
6122.00;28706217_0;94.10;8.28;5194.00;224.39;23687583_0;5.10;0.00;tripinfo_in_as_to_sl.102;928.00;in_as_to_sl.102;0;1976.75;1.03;0.00;750.39;car;;18;277.00
6125.00;972103805_0;116.86;9.47;5864.00;0.27;-28716808#1_0;5.10;0.00;tripinfo_out_kl_to_ko.14;261.00;out_kl_to_ko.14;0;1927.03;0.97;0.00;80.25;car;;3;45.00
6128.00;28706217_0;94.10;6.82;5070.00;0.38;-23156390_0;5.10;0.00;tripinfo_out_br_to_sl.0;1058.00;out_br_to_sl.0;0;2524.60;0.94;0.00;810.84;car;;22;372.00
6131.00;972103805_0;116.86;8.50;4756.00;0.31;-230845886_0;5.10;0.00;tripinfo_in_ba_to_ko.166;1375.00;in_ba_to_ko.166;0;2114.29;0.80;0.00;1132.93;car;;18;968.00
6132.00;972103805_0;116.86;10.79;4766.00;2.76;-230845886_0;5.10;0.00;tripinfo_in_ba_to_ko.167;1366.00;in_ba_to_ko.167;0;2114.29;1.11;0.00;1192.05;car;;13;952.00
6133.00;28706217_0;94.10;7.30;5173.00;3.20;-28716808#1_0;5.10;0.00;tripinfo_out_kl_to_sl.3;960.00;out_kl_to_sl.3;0;2276.47;0.96;0.00;741.00;car;;23;293.00
6136.00;45494495_0;58.90;8.91;5399.00;0.75;-23527526_0;5.10;0.00;tripinfo_out_gj_to_os.2;737.00;out_gj_to_os.2;0;2036.16;0.92;0.00;535.64;car;;19;177.00
6137.00;45494495_0;58.90;11.31;5338.00;80.94;23687583_0;5.10;0.00;tripinfo_out_as_to_os.1;799.00;out_as_to_os.1;0;1689.77;1.08;0.00;658.55;car;;19;266.00
6137.00;41899283#1_0;148.70;10.06;5890.00;0.81;803785575#0_0;5.10;0.00;tripinfo_out_od_to_as.14;247.00;out_od_to_as.14;0;2382.09;1.01;0.00;33.75;car;;2;8.00
6139.00;41899283#1_0;148.70;11.65;4828.00;17.59;-230845886_0;5.10;0.00;tripinfo_in_ba_to_as.96;1311.00;in_ba_to_as.96;0;1430.78;1.11;0.00;1194.17;car;;19;925.00
6141.00;45494495_0;58.90;8.69;5360.00;53.42;23687583_0;5.10;0.00;tripinfo_out_as_to_os.3;781.00;out_as_to_os.3;0;1689.77;0.82;0.00;595.69;car;;26;248.00
6143.00;41899283#1_0;148.70;9.48;4834.00;13.64;-230845886_0;5.10;0.00;tripinfo_in_ba_to_as.97;1309.00;in_ba_to_as.97;0;1430.78;0.93;0.00;1169.42;car;;19;913.00
6145.00;23527526_0;253.75;11.02;4825.00;20.10;-230845886_0;5.10;0.00;tripinfo_in_ba_to_gj.97;1320.00;in_ba_to_gj.97;0;1755.68;1.01;0.00;1161.46;car;;15;921.00
6146.00;23142338#2_0;290.21;10.77;5853.00;1.11;-23527526_0;5.10;0.00;tripinfo_out_gj_to_ns.56;293.00;out_gj_to_ns.56;0;2043.79;0.99;0.00;104.97;car;;4;63.00
6152.00;23142338#2_0;290.21;9.00;5865.00;2.48;23687583_0;5.10;0.00;tripinfo_out_as_to_ns.27;287.00;out_as_to_ns.27;0;1995.73;0.91;0.00;87.43;car;;3;50.00
6153.00;28706217_0;94.10;8.18;5211.00;222.35;23687583_0;5.10;0.00;tripinfo_in_as_to_sl.103;942.00;in_as_to_sl.103;0;1976.75;0.99;0.00;757.55;car;;24;288.00
6153.00;41899283#1_0;148.70;11.45;5920.00;0.19;-23142338#2_0;5.10;0.00;tripinfo_out_ns_to_as.28;233.00;out_ns_to_as.28;0;2009.37;1.05;0.00;58.25;car;;3;24.00
6154.00;23142338#2_0;290.21;9.59;5858.00;0.69;-23527526_0;5.10;0.00;tripinfo_out_gj_to_ns.57;296.00;out_gj_to_ns.57;0;2043.79;0.98;0.00;106.68;car;;4;60.00
6155.00;972103805_0;116.86;10.81;5892.00;3.77;-28716808#1_0;5.10;0.00;tripinfo_out_kl_to_ko.15;263.00;out_kl_to_ko.15;0;1927.03;0.98;0.00;84.63;car;;3;49.00
6156.00;23142338#2_0;290.21;11.50;5868.00;0.72;-23527526_0;5.10;0.00;tripinfo_out_gj_to_ns.58;288.00;out_gj_to_ns.58;0;2043.79;1.07;0.00;115.22;car;;4;56.00
6157.00;23156030#6_0;109.07;9.89;5330.00;0.24;-23527526_0;5.10;0.00;tripinfo_out_gj_to_od.3;827.00;out_gj_to_od.3;0;2703.70;0.92;0.00;560.06;car;;18;236.00
6158.00;972103805_0;116.86;11.09;4803.00;4.52;-230845886_0;5.10;0.00;tripinfo_in_ba_to_ko.168;1355.00;in_ba_to_ko.168;0;2114.29;1.01;0.00;1164.24;car;;15;943.00
6160.00;972103805_0;116.86;12.11;4806.00;7.41;-230845886_0;5.10;0.00;tripinfo_in_ba_to_ko.169;1354.00;in_ba_to_ko.169;0;2114.29;1.14;0.00;1183.94;car;;15;942.00
6163.00;23156030#6_0;109.07;9.25;5312.00;83.14;23687583_0;5.10;0.00;tripinfo_out_as_to_od.3;851.00;out_as_to_od.3;0;2357.31;0.86;0.00;605.14;car;;21;256.00
6164.00;45494495_0;58.90;9.18;5454.00;2.14;23687583_0;5.10;0.00;tripinfo_out_as_to_os.5;710.00;out_as_to_os.5;0;1689.77;0.88;0.00;536.49;car;;20;183.00
6165.00;230845886_0;633.12;8.16;5996.00;3.06;23687583_0;5.10;0.00;tripinfo_out_as_to_ba.37;169.00;out_as_to_ba.37;0;1356.50;0.81;0.00;16.78;car;;1;1.00
6168.00;28706217_0;94.10;7.11;5182.00;221.65;23687583_0;5.10;0.00;tripinfo_in_as_to_sl.101;986.00;in_as_to_sl.101;0;1976.75;0.95;0.00;793.71;car;;23;302.00
6168.00;45494495_0;58.90;8.60;6033.00;0.44;803785575#0_0;5.10;0.00;tripinfo_out_od_to_os.12;135.00;out_od_to_os.12;0;969.96;0.88;0.00;34.97;car;;2;12.00
6170.00;45494495_0;58.90;11.34;4682.00;7.12;-230845886_0;5.10;0.00;tripinfo_in_ba_to_os.78;1488.00;in_ba_to_os.78;0;1647.96;1.03;0.00;1342.52;car;;27;979.00
6172.00;23142338#2_0;290.21;8.94;4741.00;3.34;-230845886_0;5.10;0.00;tripinfo_in_ba_to_ns.42;1431.00;in_ba_to_ns.42;0;2346.36;0.87;0.00;1186.19;car;;17;954.00
6174.00;23527526_0;253.75;9.86;4831.00;17.89;-230845886_0;5.10;0.00;tripinfo_in_ba_to_gj.98;1343.00;in_ba_to_gj.98;0;1755.68;0.91;0.00;1167.52;car;;18;919.00
6174.00;23142338#2_0;290.21;11.55;5871.00;2.00;-23527526_0;5.10;0.00;tripinfo_out_gj_to_ns.59;303.00;out_gj_to_ns.59;0;2043.79;1.05;0.00;125.85;car;;5;66.00
6175.00;45494495_0;58.90;9.65;4700.00;5.38;-230845886_0;5.10;0.00;tripinfo_in_ba_to_os.80;1475.00;in_ba_to_os.80;0;1647.96;0.96;0.00;1319.77;car;;28;935.00
6176.00;23142338#2_0;290.21;11.89;5868.00;2.30;23687583_0;5.10;0.00;tripinfo_out_as_to_ns.28;308.00;out_as_to_ns.28;0;1995.73;1.13;0.00;145.94;car;;4;68.00
6178.00;28706217_0;94.10;6.24;5250.00;239.92;23687583_0;5.10;0.00;tripinfo_in_as_to_sl.104;928.00;in_as_to_sl.104;0;1976.75;0.88;0.00;719.50;car;;24;278.00
6180.00;28706217_0;94.10;10.17;5279.00;141.78;23687583_0;5.10;0.00;tripinfo_out_as_to_sl.0;901.00;out_as_to_sl.0;0;1976.75;1.24;0.00;752.82;car;;21;296.00
6186.00;23156030#6_0;109.07;9.82;5285.00;134.18;23687583_0;5.10;0.00;tripinfo_out_as_to_od.1;901.00;out_as_to_od.1;0;2357.31;0.96;0.00;680.39;car;;28;221.00
6186.00;23142338#2_0;290.21;9.60;5870.00;0.40;-28716808#1_0;5.10;0.00;tripinfo_out_kl_to_ns.2;316.00;out_kl_to_ns.2;0;2305.34;0.89;0.00;80.49;car;;3;38.00
6187.00;28706217_0;94.10;8.53;5232.00;0.66;-28716808#1_0;5.10;0.00;tripinfo_out_kl_to_sl.4;955.00;out_kl_to_sl.4;0;2276.47;1.11;0.00;765.41;car;;23;301.00
6188.00;972103805_0;116.86;8.89;6053.00;3.53;-23527526_0;5.10;0.00;tripinfo_out_gj_to_ko.12;135.00;out_gj_to_ko.12;0;971.70;0.88;0.00;33.94;car;;1;9.00
6192.00;972103805_0;116.86;7.82;6065.00;0.43;-23527526_0;5.10;0.00;tripinfo_out_gj_to_ko.13;127.00;out_gj_to_ko.13;0;971.70;0.79;0.00;15.08;car;;0;0.00
6194.00;972103805_0;116.86;12.12;5367.00;0.85;-23156390_0;5.10;0.00;tripinfo_out_br_to_ko.2;827.00;out_br_to_ko.2;0;2703.95;1.22;0.00;626.25;car;;13;460.00
6195.00;41899283#1_0;148.70;10.44;6127.00;0.36;-23527526_0;5.10;0.00;tripinfo_out_gj_to_as.26;68.00;out_gj_to_as.26;0;633.70;0.99;0.00;8.60;car;;0;0.00
6196.00;972103805_0;116.86;10.41;4816.00;14.90;-230845886_0;5.10;0.00;tripinfo_in_ba_to_ko.170;1380.00;in_ba_to_ko.170;0;2114.29;1.04;0.00;1195.17;car;;19;930.00
6198.00;45494495_0;58.90;7.66;5207.00;1.87;-23156390_0;5.10;0.00;tripinfo_out_br_to_os.1;991.00;out_br_to_os.1;0;2237.62;0.78;0.00;730.60;car;;17;369.00
6198.00;972103805_0;116.86;11.05;5371.00;0.46;-23156390_0;5.10;0.00;tripinfo_out_br_to_ko.3;827.00;out_br_to_ko.3;0;2703.95;1.10;0.00;602.58;car;;13;434.00
6199.00;230845886_0;633.12;10.36;5945.00;0.84;803785575#0_0;5.10;0.00;tripinfo_out_od_to_ba.5;254.00;out_od_to_ba.5;0;2382.14;0.94;0.00;26.32;car;;0;0.00
6201.00;45494495_0;58.90;8.90;6065.00;0.28;803785575#0_0;5.10;0.00;tripinfo_out_od_to_os.13;136.00;out_od_to_os.13;0;969.96;0.82;0.00;28.32;car;;0;0.00
6202.00;230845886_0;633.12;9.36;5946.00;0.32;-23142338#2_0;5.10;0.00;tripinfo_out_ns_to_ba.9;256.00;out_ns_to_ba.9;0;2340.42;0.93;0.00;31.27;car;;1;4.00
6202.00;45494495_0;58.90;10.58;6089.00;2.50;803785575#0_0;5.10;0.00;tripinfo_out_od_to_os.14;113.00;out_od_to_os.14;0;969.96;0.96;0.00;22.23;car;;0;0.00
6203.00;41899283#1_0;148.70;9.95;6136.00;3.50;-23527526_0;5.10;0.00;tripinfo_out_gj_to_as.27;67.00;out_gj_to_as.27;0;633.70;1.00;0.00;8.94;car;;0;0.00
6204.00;45494495_0;58.90;9.78;5559.00;0.65;-23142338#2_0;5.10;0.00;tripinfo_out_ns_to_os.1;645.00;out_ns_to_os.1;0;1865.82;0.96;0.00;469.11;car;;27;182.00
6204.00;230845886_0;633.12;10.22;6007.00;4.88;-23527526_0;5.10;0.00;tripinfo_out_gj_to_ba.25;197.00;out_gj_to_ba.25;0;1702.89;0.94;0.00;33.72;car;;1;9.00
6206.00;45494495_0;58.90;9.19;5563.00;4.96;23687583_0;5.10;0.00;tripinfo_out_as_to_os.6;643.00;out_as_to_os.6;0;1689.77;0.93;0.00;478.85;car;;15;113.00
6208.00;45494495_0;58.90;10.16;5426.00;2.48;23687583_0;5.10;0.00;tripinfo_out_as_to_os.4;782.00;out_as_to_os.4;0;1689.77;1.01;0.00;631.46;car;;24;223.00
6210.00;45494495_0;58.90;11.43;5112.00;0.91;-23156305_0;5.10;0.00;tripinfo_out_gg_to_os.1;1098.00;out_gg_to_os.1;0;2621.43;1.06;0.00;873.40;car;;23;477.00
6210.00;23156030#6_0;109.07;11.87;5319.00;0.89;-23527526_0;5.10;0.00;tripinfo_out_gj_to_od.2;891.00;out_gj_to_od.2;0;2703.70;1.11;0.00;670.94;car;;21;223.00
6210.00;41899283#1_0;148.70;10.30;5567.00;0.35;-23156390_0;5.10;0.00;tripinfo_out_br_to_as.2;643.00;out_br_to_as.2;0;2020.44;0.96;0.00;451.44;car;;10;316.00
6212.00;41899283#1_0;148.70;12.77;5620.00;0.54;-23156305_0;5.10;0.00;tripinfo_out_gg_to_as.3;592.00;out_gg_to_as.3;0;1699.56;1.19;0.00;461.79;car;;14;248.00
6212.00;230845886_0;633.12;11.01;5670.00;0.41;-23156390_0;5.10;0.00;tripinfo_out_br_to_ba.2;542.00;out_br_to_ba.2;0;1904.35;1.08;0.00;382.16;car;;11;219.00
6213.00;41899283#1_0;148.70;11.04;5984.00;0.30;-23142338#2_0;5.10;0.00;tripinfo_out_ns_to_as.29;229.00;out_ns_to_as.29;0;2009.37;1.07;0.00;58.82;car;;2;26.00
6215.00;972103805_0;116.86;9.02;5440.00;3.37;-23156390_0;5.10;0.00;tripinfo_out_br_to_ko.4;775.00;out_br_to_ko.4;0;2703.95;0.92;0.00;506.87;car;;11;365.00
6216.00;28706217_0;94.10;6.96;5105.00;0.07;-23156390_0;5.10;0.00;tripinfo_out_br_to_sl.1;1111.00;out_br_to_sl.1;0;2524.60;0.90;0.00;852.12;car;;23;472.00
6217.00;230845886_0;633.12;10.87;3532.00;985.56;-45494495_0;5.10;0.00;tripinfo_in_os_to_ba.13;2685.00;in_os_to_ba.13;0;1746.52;1.04;0.00;2532.50;car;;16;2442.00
6218.00;28706217_0;94.10;8.58;5297.00;92.35;23687583_0;5.10;0.00;tripinfo_out_as_to_sl.2;921.00;out_as_to_sl.2;0;1976.75;1.06;0.00;748.37;car;;26;351.00
6218.00;972103805_0;116.86;10.26;5446.00;1.11;-23156390_0;5.10;0.00;tripinfo_out_br_to_ko.5;772.00;out_br_to_ko.5;0;2703.95;0.96;0.00;516.80;car;;12;371.00
6220.00;23142338#2_0;290.21;8.09;5880.00;0.11;-23527526_0;5.10;0.00;tripinfo_out_gj_to_ns.60;340.00;out_gj_to_ns.60;0;2043.79;0.78;0.00;103.90;car;;5;54.00
6220.00;41899283#1_0;148.70;10.86;6145.00;1.34;-23527526_0;5.10;0.00;tripinfo_out_gj_to_as.28;75.00;out_gj_to_as.28;0;633.70;1.08;0.00;21.28;car;;0;0.00
6221.00;23156030#6_0;109.07;8.88;5350.00;78.20;23687583_0;5.10;0.00;tripinfo_out_as_to_od.5;871.00;out_as_to_od.5;0;2357.31;0.89;0.00;631.13;car;;20;278.00
6221.00;28706217_0;94.10;6.62;5275.00;0.85;-28716808#1_0;5.10;0.00;tripinfo_out_kl_to_sl.5;946.00;out_kl_to_sl.5;0;2276.47;0.93;0.00;718.13;car;;28;291.00
6222.00;23142338#2_0;290.21;10.03;5895.00;0.14;-23527526_0;5.10;0.00;tripinfo_out_gj_to_ns.61;327.00;out_gj_to_ns.61;0;2043.79;1.01;0.00;142.89;car;;5;52.00
6223.00;230845886_0;633.12;9.78;6021.00;0.48;-23527526_0;5.10;0.00;tripinfo_out_gj_to_ba.26;202.00;out_gj_to_ba.26;0;1702.89;0.99;0.00;47.13;car;;3;15.00
6224.00;23142338#2_0;290.21;12.01;5902.00;0.86;-23527526_0;5.10;0.00;tripinfo_out_gj_to_ns.62;322.00;out_gj_to_ns.62;0;2043.79;1.12;0.00;156.22;car;;4;48.00
6225.00;23156030#6_0;109.07;9.62;5366.00;51.06;23687583_0;5.10;0.00;tripinfo_out_as_to_od.7;859.00;out_as_to_od.7;0;2357.31;0.88;0.00;618.02;car;;22;254.00
6227.00;41899283#1_0;148.70;8.18;6148.00;3.06;-23527526_0;5.10;0.00;tripinfo_out_gj_to_as.29;79.00;out_gj_to_as.29;0;633.70;0.85;0.00;10.24;car;;0;0.00
6228.00;23142338#2_0;290.21;11.85;5954.00;0.19;23687583_0;5.10;0.00;tripinfo_out_as_to_ns.29;274.00;out_as_to_ns.29;0;1995.73;1.16;0.00;116.75;car;;4;65.00
6229.00;41899283#1_0;148.70;10.02;6159.00;2.29;-23527526_0;5.10;0.00;tripinfo_out_gj_to_as.30;70.00;out_gj_to_as.30;0;633.70;1.00;0.00;11.47;car;;0;0.00
6230.00;45494495_0;58.90;8.72;4685.00;6.05;-230845886_0;5.10;0.00;tripinfo_in_ba_to_os.79;1545.00;in_ba_to_os.79;0;1647.96;0.79;0.00;1356.71;car;;25;997.00
6231.00;41899283#1_0;148.70;10.85;5642.00;0.60;-23156305_0;5.10;0.00;tripinfo_out_gg_to_as.4;589.00;out_gg_to_as.4;0;1699.56;1.07;0.00;444.01;car;;14;248.00
6232.00;45494495_0;58.90;12.13;5518.00;0.53;-23527526_0;5.10;0.00;tripinfo_out_gj_to_os.3;714.00;out_gj_to_os.3;0;2036.16;1.13;0.00;551.34;car;;15;154.00
6233.00;23156030#6_0;109.07;12.75;5175.00;0.67;-23156390_0;5.10;0.00;tripinfo_out_br_to_od.2;1058.00;out_br_to_od.2;0;2905.16;1.20;0.00;838.88;car;;21;444.00
6234.00;45494495_0;58.90;12.03;5537.00;0.63;-23527526_0;5.10;0.00;tripinfo_out_gj_to_os.4;697.00;out_gj_to_os.4;0;2036.16;1.12;0.00;532.09;car;;19;137.00
6235.00;230845886_0;633.12;9.51;6054.00;0.78;23687583_0;5.10;0.00;tripinfo_out_as_to_ba.38;181.00;out_as_to_ba.38;0;1356.50;0.87;0.00;39.43;car;;3;12.00
6236.00;45494495_0;58.90;11.09;5569.00;0.24;-28716808#1_0;5.10;0.00;tripinfo_out_kl_to_os.6;667.00;out_kl_to_os.6;0;1989.49;1.09;0.00;501.25;car;;16;120.00
6237.00;230845886_0;633.12;9.83;6064.00;9.02;23687583_0;5.10;0.00;tripinfo_out_as_to_ba.39;173.00;out_as_to_ba.39;0;1356.50;0.96;0.00;44.62;car;;3;5.00
6238.00;45494495_0;58.90;10.14;5549.00;4.54;-23527526_0;5.10;0.00;tripinfo_out_gj_to_os.5;689.00;out_gj_to_os.5;0;2036.16;0.94;0.00;492.86;car;;13;118.00
6240.00;41899283#1_0;148.70;8.92;6165.00;5.77;-23527526_0;5.10;0.00;tripinfo_out_gj_to_as.31;75.00;out_gj_to_as.31;0;633.70;0.89;0.00;8.64;car;;0;0.00
6244.00;28706217_0;94.10;7.12;5282.00;140.19;23687583_0;5.10;0.00;tripinfo_out_as_to_sl.1;962.00;out_as_to_sl.1;0;1976.75;0.98;0.00;774.69;car;;28;303.00
6244.00;230845886_0;633.12;12.41;6057.00;0.39;-28716808#1_0;5.10;0.00;tripinfo_out_kl_to_ba.1;187.00;out_kl_to_ba.1;0;1656.22;1.16;0.00;57.01;car;;2;15.00
6244.00;41899283#1_0;148.70;9.65;6171.00;6.46;-23527526_0;5.10;0.00;tripinfo_out_gj_to_as.32;73.00;out_gj_to_as.32;0;633.70;0.93;0.00;9.78;car;;0;0.00
6246.00;23142338#2_0;290.21;8.83;5908.00;6.82;-23527526_0;5.10;0.00;tripinfo_out_gj_to_ns.63;338.00;out_gj_to_ns.63;0;2043.79;0.85;0.00;121.78;car;;5;72.00
6246.00;41899283#1_0;148.70;10.40;6181.00;0.62;-23527526_0;5.10;0.00;tripinfo_out_gj_to_as.33;65.00;out_gj_to_as.33;0;633.70;1.04;0.00;8.23;car;;0;0.00
6247.00;972103805_0;116.86;8.63;5464.00;3.17;-23156305_0;5.10;0.00;tripinfo_out_gg_to_ko.3;783.00;out_gg_to_ko.3;0;2416.59;0.86;0.00;529.41;car;;18;305.00
6248.00;28716808#1_0;754.74;8.16;3501.00;975.92;-45494495_0;5.10;0.00;tripinfo_in_os_to_kl.3;2747.00;in_os_to_kl.3;0;2042.78;0.85;0.00;2528.29;car;;22;2414.00
6248.00;23142338#2_0;290.21;11.27;5919.00;0.34;-23527526_0;5.10;0.00;tripinfo_out_gj_to_ns.64;329.00;out_gj_to_ns.64;0;2043.79;1.10;0.00;160.64;car;;5;65.00
6250.00;23156030#6_0;109.07;10.64;5369.00;35.33;23687583_0;5.10;0.00;tripinfo_out_as_to_od.8;881.00;out_as_to_od.8;0;2357.31;0.96;0.00;660.42;car;;27;252.00
6250.00;972103805_0;116.86;9.23;6022.00;0.26;-28716808#1_0;5.10;0.00;tripinfo_out_kl_to_ko.16;228.00;out_kl_to_ko.16;0;1927.03;0.88;0.00;29.14;car;;1;6.00
6252.00;972103805_0;116.86;9.28;5459.00;0.07;-23156390_0;5.10;0.00;tripinfo_out_br_to_ko.6;793.00;out_br_to_ko.6;0;2703.95;0.92;0.00;526.07;car;;14;383.00
6252.00;41899283#1_0;148.70;10.41;6102.00;0.95;-28716808#1_0;5.10;0.00;tripinfo_out_kl_to_as.9;150.00;out_kl_to_as.9;0;1233.18;0.96;0.00;32.48;car;;2;15.00
6254.00;41899283#1_0;148.70;9.30;5994.00;0.21;803785575#0_0;5.10;0.00;tripinfo_out_od_to_as.15;260.00;out_od_to_as.15;0;2382.09;0.92;0.00;26.57;car;;1;3.00
6255.00;23156030#6_0;109.07;9.07;5412.00;0.14;-28716808#1_0;5.10;0.00;tripinfo_out_kl_to_od.3;843.00;out_kl_to_od.3;0;2657.03;0.87;0.00;566.08;car;;18;219.00
6257.00;28706217_0;94.10;7.08;5315.00;82.41;23687583_0;5.10;0.00;tripinfo_out_as_to_sl.3;942.00;out_as_to_sl.3;0;1976.75;0.98;0.00;755.10;car;;26;341.00
6263.00;28706217_0;94.10;6.15;5318.00;82.00;23687583_0;5.10;0.00;tripinfo_out_as_to_sl.4;945.00;out_as_to_sl.4;0;1976.75;0.86;0.00;731.03;car;;24;337.00
6266.00;23142338#2_0;290.21;10.79;5927.00;0.14;-23527526_0;5.10;0.00;tripinfo_out_gj_to_ns.65;339.00;out_gj_to_ns.65;0;2043.79;0.97;0.00;149.07;car;;6;82.00
6267.00;28706217_0;94.10;10.81;5120.00;0.03;-23156390_0;5.10;0.00;tripinfo_out_br_to_sl.2;1147.00;out_br_to_sl.2;0;2524.60;1.39;0.00;962.01;car;;34;488.00
6268.00;23142338#2_0;290.21;11.95;5933.00;1.13;-23527526_0;5.10;0.00;tripinfo_out_gj_to_ns.66;335.00;out_gj_to_ns.66;0;2043.79;1.11;0.00;168.75;car;;8;84.00
6269.00;23156030#6_0;109.07;10.65;5468.00;0.39;23687583_0;5.10;0.00;tripinfo_out_as_to_od.9;801.00;out_as_to_od.9;0;2357.31;1.06;0.00;600.30;car;;20;221.00
6269.00;23142338#2_0;290.21;11.97;5945.00;0.03;-23527526_0;5.10;0.00;tripinfo_out_gj_to_ns.67;324.00;out_gj_to_ns.67;0;2043.79;1.14;0.00;161.63;car;;7;87.00
6274.00;28706217_0;94.10;7.52;5332.00;1.00;-28716808#1_0;5.10;0.00;tripinfo_out_kl_to_sl.7;942.00;out_kl_to_sl.7;0;2276.47;1.03;0.00;737.77;car;;23;322.00
6275.00;972103805_0;116.86;10.42;4837.00;15.34;-230845886_0;5.10;0.00;tripinfo_in_ba_to_ko.171;1438.00;in_ba_to_ko.171;0;2114.29;1.03;0.00;1251.01;car;;20;957.00
6275.00;23142338#2_0;290.21;9.73;5957.00;0.91;-23527526_0;5.10;0.00;tripinfo_out_gj_to_ns.68;318.00;out_gj_to_ns.68;0;2043.79;0.91;0.00;115.30;car;;6;62.00
6278.00;972103805_0;116.86;10.33;4845.00;0.01;-230845886_0;5.10;0.00;tripinfo_in_ba_to_ko.172;1433.00;in_ba_to_ko.172;0;2114.29;0.97;0.00;1235.03;car;;22;947.00
6281.00;28706217_0;94.10;7.24;5341.00;79.98;23687583_0;5.10;0.00;tripinfo_out_as_to_sl.7;940.00;out_as_to_sl.7;0;1976.75;0.90;0.00;735.31;car;;23;328.00
6282.00;23156030#6_0;109.07;8.83;5070.00;0.19;-23156305_0;5.10;0.00;tripinfo_out_gg_to_od.2;1212.00;out_gg_to_od.2;0;3288.97;0.90;0.00;882.61;car;;20;505.00
6282.00;23156030#6_1;109.07;9.33;5473.00;0.60;-28716808#1_0;5.10;0.00;tripinfo_out_kl_to_od.4;809.00;out_kl_to_od.4;0;2657.03;0.95;0.00;557.17;car;;22;179.00
6282.00;972103805_0;116.86;9.84;5565.00;1.22;-23156305_0;5.10;0.00;tripinfo_out_gg_to_ko.4;717.00;out_gg_to_ko.4;0;2416.59;0.95;0.00;486.04;car;;15;273.00
6283.00;28706217_0;94.10;8.27;5307.00;0.74;-28716808#1_0;5.10;0.00;tripinfo_out_kl_to_sl.6;976.00;out_kl_to_sl.6;0;2276.47;1.11;0.00;786.74;car;;25;319.00
6285.00;41899283#1_0;148.70;6.61;6186.00;0.25;-23527526_0;5.10;0.00;tripinfo_out_gj_to_as.34;99.00;out_gj_to_as.34;0;633.70;0.67;0.00;12.01;car;;0;0.00
6286.00;23156030#6_0;109.07;8.93;5391.00;0.44;-28716808#1_0;5.10;0.00;tripinfo_out_kl_to_od.2;895.00;out_kl_to_od.2;0;2657.03;0.87;0.00;618.18;car;;17;247.00
6286.00;45494495_0;58.90;9.70;6165.00;0.93;803785575#0_0;5.10;0.00;tripinfo_out_od_to_os.15;121.00;out_od_to_os.15;0;969.96;0.98;0.00;31.45;car;;3;9.00
6288.00;45494495_0;58.90;11.47;5849.00;0.54;-23142338#2_0;5.10;0.00;tripinfo_out_ns_to_os.2;439.00;out_ns_to_os.2;0;1865.82;1.11;0.00;286.20;car;;8;46.00
6288.00;23156030#6_0;109.07;12.02;6069.00;0.78;-23142338#2_0;5.10;0.00;tripinfo_out_ns_to_od.9;219.00;out_ns_to_od.9;0;2005.01;1.11;0.00;45.42;car;;3;9.00
6291.00;45494495_0;58.90;9.56;5172.00;3.06;-23156305_0;5.10;0.00;tripinfo_out_gg_to_os.2;1119.00;out_gg_to_os.2;0;2621.43;0.93;0.00;865.15;car;;20;442.00
6294.00;41899283#1_0;148.70;12.13;6234.00;0.39;-23527526_0;5.10;0.00;tripinfo_out_gj_to_as.35;60.00;out_gj_to_as.35;0;633.70;1.20;0.00;11.57;car;;0;0.00
6295.00;45494495_0;58.90;9.49;5709.00;0.91;23687583_0;5.10;0.00;tripinfo_out_as_to_os.7;586.00;out_as_to_os.7;0;1689.77;0.91;0.00;417.77;car;;14;86.00
6298.00;230845886_0;633.12;8.88;6062.00;0.94;-23527526_0;5.10;0.00;tripinfo_out_gj_to_ba.27;236.00;out_gj_to_ba.27;0;1702.89;0.89;0.00;63.81;car;;1;1.00
6300.00;23156030#6_0;109.07;11.06;5093.00;0.26;-23156305_0;5.10;0.00;tripinfo_out_gg_to_od.3;1207.00;out_gg_to_od.3;0;3288.97;1.06;0.00;927.77;car;;26;504.00
6300.00;230845886_0;633.12;10.90;5571.00;1.21;-23156305_0;5.10;0.00;tripinfo_out_gg_to_ba.6;729.00;out_gg_to_ba.6;0;2288.16;1.10;0.00;540.44;car;;16;257.00
6301.00;41899283#1_0;148.70;11.55;6155.00;2.48;-28716808#1_0;5.10;0.00;tripinfo_out_kl_to_as.10;146.00;out_kl_to_as.10;0;1233.18;1.08;0.00;42.21;car;;1;23.00
6302.00;230845886_0;633.12;11.24;5595.00;0.47;-23156305_0;5.10;0.00;tripinfo_out_gg_to_ba.7;707.00;out_gg_to_ba.7;0;2288.16;1.09;0.00;517.09;car;;15;251.00
6304.00;230845886_0;633.12;11.48;6082.00;0.16;-28716808#1_0;5.10;0.00;tripinfo_out_kl_to_ba.2;222.00;out_kl_to_ba.2;0;1656.22;1.12;0.00;88.17;car;;1;18.00
6305.00;28706217_0;94.10;7.06;5349.00;0.88;-23527526_0;5.10;0.00;tripinfo_out_gj_to_sl.1;956.00;out_gj_to_sl.1;0;2323.14;0.94;0.00;727.83;car;;25;295.00
6305.00;972103805_0;116.86;11.05;5567.00;0.22;-23156305_0;5.10;0.00;tripinfo_out_gg_to_ko.5;738.00;out_gg_to_ko.5;0;2416.59;1.03;0.00;523.94;car;;14;290.00
6308.00;28706217_0;94.10;6.82;5326.00;81.18;23687583_0;5.10;0.00;tripinfo_out_as_to_sl.6;982.00;out_as_to_sl.6;0;1976.75;0.93;0.00;785.44;car;;23;361.00
6309.00;23156030#6_0;109.07;9.71;5344.00;76.65;23687583_0;5.10;0.00;tripinfo_out_as_to_od.4;965.00;out_as_to_od.4;0;2357.31;0.95;0.00;740.16;car;;27;307.00
6316.00;23156030#6_0;109.07;8.82;5516.00;0.48;-28716808#1_0;5.10;0.00;tripinfo_out_kl_to_od.5;800.00;out_kl_to_od.5;0;2657.03;0.88;0.00;526.77;car;;19;169.00
6317.00;28706217_0;94.10;6.12;5321.00;79.04;23687583_0;5.10;0.00;tripinfo_out_as_to_sl.5;996.00;out_as_to_sl.5;0;1976.75;0.87;0.00;785.94;car;;22;323.00
6319.00;23142338#2_0;290.21;6.98;5895.00;3.63;-28716808#1_0;5.10;0.00;tripinfo_out_kl_to_ns.3;424.00;out_kl_to_ns.3;0;2305.34;0.69;0.00;121.83;car;;5;61.00
6319.00;41899283#1_0;148.70;9.87;6248.00;0.01;-23527526_0;5.10;0.00;tripinfo_out_gj_to_as.36;71.00;out_gj_to_as.36;0;633.70;0.93;0.00;7.95;car;;0;0.00
6321.00;23142338#2_0;290.21;7.15;5964.00;0.46;-23527526_0;5.10;0.00;tripinfo_out_gj_to_ns.69;357.00;out_gj_to_ns.69;0;2043.79;0.76;0.00;112.69;car;;5;52.00
6323.00;23142338#2_0;290.21;9.39;6004.00;4.38;-23527526_0;5.10;0.00;tripinfo_out_gj_to_ns.70;319.00;out_gj_to_ns.70;0;2043.79;0.90;0.00;113.81;car;;4;51.00
6325.00;23142338#2_0;290.21;8.84;4810.00;10.88;-230845886_0;5.10;0.00;tripinfo_in_ba_to_ns.43;1515.00;in_ba_to_ns.43;0;2346.36;0.89;0.00;1276.52;car;;20;934.00
6327.00;23142338#2_0;290.21;12.39;5280.00;2.51;-23156305_0;5.10;0.00;tripinfo_out_gg_to_ns.2;1047.00;out_gg_to_ns.2;0;2927.39;1.12;0.00;809.26;car;;19;551.00
6327.00;41899283#1_0;148.70;11.07;6262.00;0.46;-23527526_0;5.10;0.00;tripinfo_out_gj_to_as.37;65.00;out_gj_to_as.37;0;633.70;1.07;0.00;9.71;car;;0;0.00
6328.00;45494495_0;58.90;12.32;5739.00;4.50;-23527526_0;5.10;0.00;tripinfo_out_gj_to_os.7;589.00;out_gj_to_os.7;0;2036.16;1.16;0.00;430.23;car;;13;41.00
6328.00;230845886_0;633.12;9.42;6167.00;1.89;23687583_0;5.10;0.00;tripinfo_out_as_to_ba.40;161.00;out_as_to_ba.40;0;1356.50;0.86;0.00;19.09;car;;0;0.00
6329.00;41899283#1_0;148.70;10.92;6086.00;0.25;803785575#0_0;5.10;0.00;tripinfo_out_od_to_as.16;243.00;out_od_to_as.16;0;2382.09;1.06;0.00;40.48;car;;1;18.00
6330.00;23142338#2_0;290.21;9.94;6038.00;2.55;-23527526_0;5.10;0.00;tripinfo_out_gj_to_ns.71;292.00;out_gj_to_ns.71;0;2043.79;0.95;0.00;97.54;car;;4;57.00
6330.00;230845886_0;633.12;10.78;6152.00;0.91;-28716808#1_0;5.10;0.00;tripinfo_out_kl_to_ba.3;178.00;out_kl_to_ba.3;0;1656.22;1.01;0.00;29.35;car;;0;0.00
6331.00;45494495_0;58.90;9.64;5730.00;0.89;-23527526_0;5.10;0.00;tripinfo_out_gj_to_os.6;601.00;out_gj_to_os.6;0;2036.16;0.94;0.00;405.37;car;;11;35.00
6332.00;23156030#6_0;109.07;10.42;5067.00;0.15;-23156305_0;5.10;0.00;tripinfo_out_gg_to_od.1;1265.00;out_gg_to_od.1;0;3288.97;1.02;0.00;974.09;car;;22;516.00
6332.00;23142338#2_0;290.21;10.14;5293.00;0.57;-23156305_0;5.10;0.00;tripinfo_out_gg_to_ns.3;1039.00;out_gg_to_ns.3;0;2927.39;1.02;0.00;777.79;car;;19;550.00
6332.00;41899283#1_0;148.70;10.61;6086.00;2.53;-23142338#2_0;5.10;0.00;tripinfo_out_ns_to_as.30;246.00;out_ns_to_as.30;0;2009.37;1.00;0.00;62.44;car;;2;35.00
6332.00;230845886_0;633.12;10.18;6170.00;1.85;23687583_0;5.10;0.00;tripinfo_out_as_to_ba.41;162.00;out_as_to_ba.41;0;1356.50;0.94;0.00;31.33;car;;1;9.00
6334.00;45494495_0;58.90;9.63;4786.00;0.74;-230845886_0;5.10;0.00;tripinfo_in_ba_to_os.82;1548.00;in_ba_to_os.82;0;1647.96;0.91;0.00;1383.70;car;;19;965.00
6336.00;23156030#6_0;109.07;10.76;5562.00;0.65;-28716808#1_0;5.10;0.00;tripinfo_out_kl_to_od.6;774.00;out_kl_to_od.6;0;2657.03;0.97;0.00;527.57;car;;16;160.00
6337.00;972103805_0;116.86;9.56;6216.00;1.28;-23527526_0;5.10;0.00;tripinfo_out_gj_to_ko.14;121.00;out_gj_to_ko.14;0;971.70;0.88;0.00;20.57;car;;1;6.00
6339.00;23142338#2_0;290.21;9.55;5993.00;0.28;23687583_0;5.10;0.00;tripinfo_out_as_to_ns.30;346.00;out_as_to_ns.30;0;1995.73;0.86;0.00;136.21;car;;6;84.00
6340.00;28706217_0;94.10;7.93;5471.00;0.31;-23527526_0;5.10;0.00;tripinfo_out_gj_to_sl.2;869.00;out_gj_to_sl.2;0;2323.14;1.06;0.00;665.94;car;;29;238.00
6342.00;28716808#1_0;754.74;12.79;5158.00;2570.64;-45494495_0;5.10;0.00;tripinfo_in_os_to_kl.4;1184.00;in_os_to_kl.4;0;2042.78;1.18;0.00;1026.65;car;;15;921.00
6344.00;23142338#2_0;290.21;9.63;5396.00;0.65;-23156390_0;5.10;0.00;tripinfo_out_br_to_ns.2;948.00;out_br_to_ns.2;0;2936.02;0.98;0.00;676.71;car;;13;411.00
6346.00;28706217_0;94.10;7.28;5528.00;0.33;-23527526_0;5.10;0.00;tripinfo_out_gj_to_sl.4;818.00;out_gj_to_sl.4;0;2323.14;0.92;0.00;585.02;car;;20;191.00
6347.00;23156030#6_0;109.07;9.26;5363.00;53.75;23687583_0;5.10;0.00;tripinfo_out_as_to_od.6;984.00;out_as_to_od.6;0;2357.31;0.89;0.00;746.48;car;;26;293.00
6348.00;28706217_0;94.10;7.01;6098.00;2.88;-23142338#2_0;5.10;0.00;tripinfo_out_ns_to_sl.5;250.00;out_ns_to_sl.5;0;1619.36;0.97;0.00;80.74;car;;4;31.00
6355.00;230845886_0;633.12;8.00;6142.00;0.74;-23527526_0;5.10;0.00;tripinfo_out_gj_to_ba.28;213.00;out_gj_to_ba.28;0;1702.89;0.82;0.00;25.07;car;;1;2.00
6356.00;23142338#2_0;290.21;10.43;5329.00;0.28;-23156305_0;5.10;0.00;tripinfo_out_gg_to_ns.4;1027.00;out_gg_to_ns.4;0;2927.39;0.99;0.00;759.45;car;;21;513.00
6357.00;23156030#6_1;109.07;12.64;5486.00;1.80;-23527526_0;5.10;0.00;tripinfo_out_gj_to_od.4;871.00;out_gj_to_od.4;0;2703.70;1.24;0.00;673.68;car;;29;243.00
6357.00;230845886_0;633.12;9.35;6091.00;0.03;-23142338#2_0;5.10;0.00;tripinfo_out_ns_to_ba.10;266.00;out_ns_to_ba.10;0;2340.42;0.93;0.00;41.44;car;;2;8.00
6357.00;41899283#1_0;148.70;7.68;6276.00;2.34;-23527526_0;5.10;0.00;tripinfo_out_gj_to_as.38;81.00;out_gj_to_as.38;0;633.70;0.80;0.00;8.61;car;;0;0.00
6358.00;23156030#6_0;109.07;7.10;4706.00;6.33;-230845886_0;5.10;0.00;tripinfo_in_ba_to_od.9;1652.00;in_ba_to_od.9;0;2315.50;0.75;0.00;1372.61;car;;21;1002.00
6358.00;23142338#2_0;290.21;10.95;5350.00;0.46;-23156305_0;5.10;0.00;tripinfo_out_gg_to_ns.5;1008.00;out_gg_to_ns.5;0;2927.39;1.00;0.00;740.49;car;;20;495.00
6361.00;230845886_0;633.12;9.49;6168.00;6.38;-23527526_0;5.10;0.00;tripinfo_out_gj_to_ba.29;193.00;out_gj_to_ba.29;0;1702.89;0.94;0.00;28.31;car;;1;5.00
6362.00;23142338#2_0;290.21;9.70;5445.00;0.17;-23156305_0;5.10;0.00;tripinfo_out_gg_to_ns.6;917.00;out_gg_to_ns.6;0;2927.39;0.95;0.00;637.88;car;;19;394.00
6363.00;230845886_0;633.12;10.10;6220.00;1.55;23687583_0;5.10;0.00;tripinfo_out_as_to_ba.42;143.00;out_as_to_ba.42;0;1356.50;1.00;0.00;19.56;car;;0;0.00
6365.00;28706217_0;94.10;7.07;4703.00;7.75;-230845886_0;5.10;0.00;tripinfo_in_ba_to_sl.59;1662.00;in_ba_to_sl.59;0;1934.94;0.96;0.00;1474.33;car;;29;1020.00
6365.00;972103805_0;116.86;10.36;6256.00;0.57;-23527526_0;5.10;0.00;tripinfo_out_gj_to_ko.15;109.00;out_gj_to_ko.15;0;971.70;0.96;0.00;16.86;car;;1;4.00
6366.00;23156030#6_0;109.07;10.04;5590.00;1.68;23687583_0;5.10;0.00;tripinfo_out_as_to_od.10;776.00;out_as_to_od.10;0;2357.31;0.95;0.00;552.96;car;;18;165.00
6368.00;41899283#1_0;148.70;12.07;6308.00;0.42;-23527526_0;5.10;0.00;tripinfo_out_gj_to_as.39;60.00;out_gj_to_as.39;0;633.70;1.11;0.00;7.50;car;;0;0.00
6369.00;23156030#6_0;109.07;10.35;5581.00;0.40;-28716808#1_0;5.10;0.00;tripinfo_out_kl_to_od.7;788.00;out_kl_to_od.7;0;2657.03;0.93;0.00;531.08;car;;15;150.00
6372.00;28706217_0;94.10;6.92;5560.00;2.70;23687583_0;5.10;0.00;tripinfo_out_as_to_sl.8;812.00;out_as_to_sl.8;0;1976.75;0.85;0.00;595.95;car;;24;204.00
6372.00;45494495_0;58.90;12.29;5819.00;0.63;-23527526_0;5.10;0.00;tripinfo_out_gj_to_os.8;553.00;out_gj_to_os.8;0;2036.16;1.13;0.00;389.78;car;;7;55.00
6373.00;41899283#1_0;148.70;11.41;6122.00;0.76;803785575#0_0;5.10;0.00;tripinfo_out_od_to_as.17;251.00;out_od_to_as.17;0;2382.09;1.03;0.00;42.05;car;;1;21.00
6374.00;230845886_0;633.12;10.53;5855.00;0.81;-23156390_0;5.10;0.00;tripinfo_out_br_to_ba.3;519.00;out_br_to_ba.3;0;1904.35;0.99;0.00;345.19;car;;11;200.00
6376.00;45494495_0;58.90;10.20;4782.00;0.84;-230845886_0;5.10;0.00;tripinfo_in_ba_to_os.81;1594.00;in_ba_to_os.81;0;1647.96;0.95;0.00;1436.30;car;;19;975.00
6376.00;41899283#1_0;148.70;10.09;4851.00;0.69;-230845886_0;5.10;0.00;tripinfo_in_ba_to_as.98;1525.00;in_ba_to_as.98;0;1430.78;0.98;0.00;1392.42;car;;20;1112.00
6377.00;45494495_0;58.90;10.90;4797.00;0.60;-230845886_0;5.10;0.00;tripinfo_in_ba_to_os.83;1580.00;in_ba_to_os.83;0;1647.96;1.07;0.00;1440.74;car;;18;953.00
6377.00;41899283#1_0;148.70;11.67;6222.00;0.67;-28716808#1_0;5.10;0.00;tripinfo_out_kl_to_as.11;155.00;out_kl_to_as.11;0;1233.18;1.08;0.00;51.75;car;;2;29.00
6379.00;41899283#1_0;148.70;12.98;4886.00;3.15;-230845886_0;5.10;0.00;tripinfo_in_ba_to_as.100;1493.00;in_ba_to_as.100;0;1430.78;1.20;0.00;1385.38;car;;24;1064.00
6379.00;23156030#6_0;109.07;10.33;6095.00;0.39;-23142338#2_0;5.10;0.00;tripinfo_out_ns_to_od.10;284.00;out_ns_to_od.10;0;2005.01;0.93;0.00;76.43;car;;4;39.00
6379.00;45494495_0;58.90;11.12;6242.00;0.21;803785575#0_0;5.10;0.00;tripinfo_out_od_to_os.16;137.00;out_od_to_os.16;0;969.96;1.06;0.00;54.47;car;;2;19.00
6382.00;41899283#1_0;148.70;11.36;4879.00;0.46;-230845886_0;5.10;0.00;tripinfo_in_ba_to_as.99;1503.00;in_ba_to_as.99;0;1430.78;1.02;0.00;1376.57;car;;23;1073.00
6385.00;41899283#1_0;148.70;10.76;4891.00;0.17;-230845886_0;5.10;0.00;tripinfo_in_ba_to_as.101;1494.00;in_ba_to_as.101;0;1430.78;1.06;0.00;1371.33;car;;24;1052.00
6385.00;23142338#2_0;290.21;8.60;5492.00;0.78;-23156390_0;5.10;0.00;tripinfo_out_br_to_ns.3;893.00;out_br_to_ns.3;0;2936.02;0.84;0.00;576.18;car;;11;375.00
6386.00;45494495_0;58.90;9.86;5889.00;0.92;-28716808#1_0;5.10;0.00;tripinfo_out_kl_to_os.7;497.00;out_kl_to_os.7;0;1989.49;0.98;0.00;313.54;car;;7;50.00
6388.00;45494495_0;58.90;9.88;5236.00;0.44;-23156305_0;5.10;0.00;tripinfo_out_gg_to_os.3;1152.00;out_gg_to_os.3;0;2621.43;0.90;0.00;890.41;car;;21;495.00
6390.00;45494495_0;58.90;11.74;5918.00;0.69;23687583_0;5.10;0.00;tripinfo_out_as_to_os.8;472.00;out_as_to_os.8;0;1689.77;1.13;0.00;336.42;car;;10;39.00
6391.00;972103805_0;116.86;13.29;6280.00;0.12;-23527526_0;5.10;0.00;tripinfo_out_gj_to_ko.16;111.00;out_gj_to_ko.16;0;971.70;1.22;0.00;39.00;car;;1;18.00
6392.00;23142338#2_0;290.21;9.10;6034.00;0.94;23687583_0;5.10;0.00;tripinfo_out_as_to_ns.31;358.00;out_as_to_ns.31;0;1995.73;0.88;0.00;151.20;car;;7;87.00
6393.00;41899283#1_0;148.70;11.54;6334.00;0.65;-23527526_0;5.10;0.00;tripinfo_out_gj_to_as.40;59.00;out_gj_to_as.40;0;633.70;1.13;0.00;7.33;car;;0;0.00
6394.00;28706217_0;94.10;7.17;5408.00;0.37;-28716808#1_0;5.10;0.00;tripinfo_out_kl_to_sl.8;986.00;out_kl_to_sl.8;0;2276.47;0.98;0.00;769.97;car;;30;329.00
6396.00;28706217_0;94.10;7.52;5524.00;3.49;-23527526_0;5.10;0.00;tripinfo_out_gj_to_sl.3;872.00;out_gj_to_sl.3;0;2323.14;1.05;0.00;665.92;car;;22;208.00
6396.00;23156030#6_0;109.07;9.61;5603.00;0.28;-23527526_0;5.10;0.00;tripinfo_out_gj_to_od.5;793.00;out_gj_to_od.5;0;2703.70;0.95;0.00;534.43;car;;16;154.00
6397.00;230845886_0;633.12;9.54;6101.00;1.43;-23142338#2_0;5.10;0.00;tripinfo_out_ns_to_ba.11;296.00;out_ns_to_ba.11;0;2340.42;0.86;0.00;52.16;car;;1;16.00
6398.00;28706217_0;94.10;9.33;5692.00;1.64;23687583_0;5.10;0.00;tripinfo_out_as_to_sl.10;706.00;out_as_to_sl.10;0;1976.75;1.23;0.00;556.97;car;;16;149.00
6399.00;23156030#6_0;109.07;9.79;5145.00;5.78;-23156305_0;5.10;0.00;tripinfo_out_gg_to_od.6;1254.00;out_gg_to_od.6;0;3288.97;0.93;0.00;936.42;car;;24;490.00
6399.00;972103805_0;116.86;9.57;5734.00;0.86;-23156305_0;5.10;0.00;tripinfo_out_gg_to_ko.6;665.00;out_gg_to_ko.6;0;2416.59;0.93;0.00;428.21;car;;15;219.00
6399.00;230845886_0;633.12;10.67;6192.00;2.85;-23527526_0;5.10;0.00;tripinfo_out_gj_to_ba.30;207.00;out_gj_to_ba.30;0;1702.89;1.02;0.00;55.93;car;;0;0.00
6400.00;972103805_0;116.86;12.49;5737.00;0.14;-23156305_0;5.10;0.00;tripinfo_out_gg_to_ko.7;663.00;out_gg_to_ko.7;0;2416.59;1.27;0.00;487.60;car;;15;219.00
6401.00;230845886_0;633.12;10.98;6206.00;0.66;-23527526_0;5.10;0.00;tripinfo_out_gj_to_ba.31;195.00;out_gj_to_ba.31;0;1702.89;1.01;0.00;41.98;car;;0;0.00
6403.00;23142338#2_0;290.21;7.62;6050.00;0.63;-23527526_0;5.10;0.00;tripinfo_out_gj_to_ns.72;353.00;out_gj_to_ns.72;0;2043.79;0.77;0.00;111.83;car;;5;66.00
6403.00;230845886_0;633.12;10.44;6141.00;0.16;-23142338#2_0;5.10;0.00;tripinfo_out_ns_to_ba.12;262.00;out_ns_to_ba.12;0;2340.42;1.00;0.00;51.32;car;;1;17.00
6404.00;45494495_0;58.90;11.04;5936.00;0.66;23687583_0;5.10;0.00;tripinfo_out_as_to_os.9;468.00;out_as_to_os.9;0;1689.77;1.01;0.00;317.15;car;;13;40.00
6405.00;23142338#2_0;290.21;11.07;6115.00;0.06;-23527526_0;5.10;0.00;tripinfo_out_gj_to_ns.73;290.00;out_gj_to_ns.73;0;2043.79;1.07;0.00;116.39;car;;4;52.00
6405.00;23156030#6_0;109.07;10.65;6138.00;0.89;-23142338#2_0;5.10;0.00;tripinfo_out_ns_to_od.11;267.00;out_ns_to_od.11;0;2005.01;0.96;0.00;66.16;car;;2;35.00
6405.00;230845886_0;633.12;10.18;6252.00;1.03;23687583_0;5.10;0.00;tripinfo_out_as_to_ba.43;153.00;out_as_to_ba.43;0;1356.50;0.96;0.00;25.56;car;;0;0.00
6406.00;23156030#6_0;109.07;9.40;5115.00;3.11;-23156305_0;5.10;0.00;tripinfo_out_gg_to_od.4;1291.00;out_gg_to_od.4;0;3288.97;0.88;0.00;954.51;car;;27;533.00
6406.00;23142338#2_0;290.21;11.60;6043.00;0.94;23687583_0;5.10;0.00;tripinfo_out_as_to_ns.32;363.00;out_as_to_ns.32;0;1995.73;1.07;0.00;192.96;car;;8;92.00
6406.00;41899283#1_0;148.70;10.09;6340.00;0.50;-23527526_0;5.10;0.00;tripinfo_out_gj_to_as.41;66.00;out_gj_to_as.41;0;633.70;1.01;0.00;8.07;car;;0;0.00
6407.00;230845886_0;633.12;10.99;6223.00;0.71;-23527526_0;5.10;0.00;tripinfo_out_gj_to_ba.32;184.00;out_gj_to_ba.32;0;1702.89;1.03;0.00;34.43;car;;0;0.00
6408.00;45494495_0;58.90;9.16;4819.00;16.07;-230845886_0;5.10;0.00;tripinfo_in_ba_to_os.84;1589.00;in_ba_to_os.84;0;1647.96;0.85;0.00;1412.74;car;;22;950.00
6408.00;23142338#2_0;290.21;10.26;6192.00;0.01;803785575#0_0;5.10;0.00;tripinfo_out_od_to_ns.4;216.00;out_od_to_ns.4;0;1928.29;1.02;0.00;34.51;car;;1;5.00
6411.00;45494495_0;58.90;11.69;5947.00;0.73;23687583_0;5.10;0.00;tripinfo_out_as_to_os.10;464.00;out_as_to_os.10;0;1689.77;1.10;0.00;324.61;car;;9;43.00
6411.00;23142338#2_0;290.21;11.12;6133.00;2.06;-23527526_0;5.10;0.00;tripinfo_out_gj_to_ns.74;278.00;out_gj_to_ns.74;0;2043.79;1.08;0.00;106.93;car;;4;60.00
6412.00;41899283#1_0;148.70;10.83;6268.00;0.72;-28716808#1_0;5.10;0.00;tripinfo_out_kl_to_as.12;144.00;out_kl_to_as.12;0;1233.18;1.01;0.00;33.23;car;;1;14.00
6413.00;23142338#2_0;290.21;11.66;6139.00;3.44;-23527526_0;5.10;0.00;tripinfo_out_gj_to_ns.75;274.00;out_gj_to_ns.75;0;2043.79;1.07;0.00;101.42;car;;4;56.00
6418.00;41899283#1_0;148.70;8.55;4894.00;2.43;-230845886_0;5.10;0.00;tripinfo_in_ba_to_as.102;1524.00;in_ba_to_as.102;0;1430.78;0.84;0.00;1369.62;car;;21;1049.00
6418.00;23142338#2_0;290.21;10.54;6057.00;3.27;23687583_0;5.10;0.00;tripinfo_out_as_to_ns.33;361.00;out_as_to_ns.33;0;1995.73;1.01;0.00;182.04;car;;8;114.00
6418.00;230845886_0;633.12;11.15;6156.00;3.02;-23142338#2_0;5.10;0.00;tripinfo_out_ns_to_ba.13;262.00;out_ns_to_ba.13;0;2340.42;1.03;0.00;56.52;car;;3;28.00
6419.00;23156030#6_0;109.07;11.74;5632.00;0.92;23687583_0;5.10;0.00;tripinfo_out_as_to_od.11;787.00;out_as_to_od.11;0;2357.31;1.08;0.00;590.19;car;;21;177.00
6421.00;28706217_0;94.10;8.96;5654.00;2.44;23687583_0;5.10;0.00;tripinfo_out_as_to_sl.9;767.00;out_as_to_sl.9;0;1976.75;1.08;0.00;597.85;car;;21;172.00
6425.00;41899283#1_0;148.70;10.00;6284.00;0.59;-28716808#1_0;5.10;0.00;tripinfo_out_kl_to_as.13;141.00;out_kl_to_as.13;0;1233.18;0.93;0.00;20.22;car;;1;5.00
6426.00;23156030#6_0;109.07;9.77;5166.00;1.99;-23156305_0;5.10;0.00;tripinfo_out_gg_to_od.7;1260.00;out_gg_to_od.7;0;3288.97;0.98;0.00;957.89;car;;25;512.00
6431.00;28706217_0;94.10;6.98;5244.00;0.45;-23156390_0;5.10;0.00;tripinfo_out_br_to_sl.3;1187.00;out_br_to_sl.3;0;2524.60;0.99;0.00;950.95;car;;29;472.00
6434.00;28706217_0;94.10;7.00;5645.00;3.32;-28716808#1_0;5.10;0.00;tripinfo_out_kl_to_sl.10;789.00;out_kl_to_sl.10;0;2276.47;0.94;0.00;564.14;car;;21;176.00
6434.00;23156030#6_0;109.07;9.23;5694.00;0.81;-28716808#1_0;5.10;0.00;tripinfo_out_kl_to_od.8;740.00;out_kl_to_od.8;0;2657.03;0.90;0.00;473.36;car;;16;118.00
6434.00;230845886_0;633.12;8.27;6258.00;5.83;23687583_0;5.10;0.00;tripinfo_out_as_to_ba.44;176.00;out_as_to_ba.44;0;1356.50;0.86;0.00;33.97;car;;2;13.00
6436.00;230845886_0;633.12;10.65;6264.00;5.39;23687583_0;5.10;0.00;tripinfo_out_as_to_ba.45;172.00;out_as_to_ba.45;0;1356.50;1.02;0.00;51.38;car;;2;10.00
6438.00;230845886_0;633.12;11.00;6273.00;0.38;23687583_0;5.10;0.00;tripinfo_out_as_to_ba.46;165.00;out_as_to_ba.46;0;1356.50;1.00;0.00;42.94;car;;2;7.00
6443.00;23142338#2_0;290.21;11.35;6060.00;6.08;23687583_0;5.10;0.00;tripinfo_out_as_to_ns.34;383.00;out_as_to_ns.34;0;1995.73;1.04;0.00;208.92;car;;10;127.00
6443.00;230845886_0;633.12;9.69;6276.00;2.50;23687583_0;5.10;0.00;tripinfo_out_as_to_ba.47;167.00;out_as_to_ba.47;0;1356.50;0.89;0.00;29.11;car;;1;2.00
6444.00;41899283#1_0;148.70;11.82;6381.00;1.43;-23527526_0;5.10;0.00;tripinfo_out_gj_to_as.42;63.00;out_gj_to_as.42;0;633.70;1.12;0.00;11.00;car;;0;0.00
6445.00;23142338#2_0;290.21;10.81;6067.00;4.01;23687583_0;5.10;0.00;tripinfo_out_as_to_ns.35;378.00;out_as_to_ns.35;0;1995.73;1.04;0.00;203.52;car;;8;120.00
6445.00;230845886_0;633.12;10.94;6189.00;0.53;-23142338#2_0;5.10;0.00;tripinfo_out_ns_to_ba.14;256.00;out_ns_to_ba.14;0;2340.42;1.04;0.00;52.42;car;;3;17.00
6447.00;23142338#2_0;290.21;10.94;6080.00;0.09;23687583_0;5.10;0.00;tripinfo_out_as_to_ns.36;367.00;out_as_to_ns.36;0;1995.73;1.06;0.00;196.01;car;;8;119.00
6447.00;230845886_0;633.12;11.11;6211.00;0.26;803785575#0_0;5.10;0.00;tripinfo_out_od_to_ba.6;236.00;out_od_to_ba.6;0;2382.14;1.04;0.00;28.38;car;;0;0.00
6448.00;230845886_0;633.12;11.85;6291.00;4.40;23687583_0;5.10;0.00;tripinfo_out_as_to_ba.48;157.00;out_as_to_ba.48;0;1356.50;1.08;0.00;44.35;car;;2;13.00
6452.00;41899283#1_0;148.70;9.72;6186.00;0.84;803785575#0_0;5.10;0.00;tripinfo_out_od_to_as.18;266.00;out_od_to_as.18;0;2382.09;0.92;0.00;32.21;car;;2;6.00
6454.00;23156030#6_0;109.07;10.63;5686.00;0.16;23687583_0;5.10;0.00;tripinfo_out_as_to_od.12;768.00;out_as_to_od.12;0;2357.31;1.02;0.00;559.78;car;;21;174.00
6454.00;230845886_0;633.12;10.48;6294.00;6.19;23687583_0;5.10;0.00;tripinfo_out_as_to_ba.49;160.00;out_as_to_ba.49;0;1356.50;1.03;0.00;40.99;car;;3;10.00
6455.00;972103805_0;116.86;9.35;5793.00;0.63;-23156390_0;5.10;0.00;tripinfo_out_br_to_ko.7;662.00;out_br_to_ko.7;0;2703.95;0.93;0.00;397.91;car;;17;238.00
6456.00;23156030#6_1;109.07;11.30;5169.00;0.55;-23156305_0;5.10;0.00;tripinfo_out_gg_to_od.8;1287.00;out_gg_to_od.8;0;3288.97;1.03;0.00;998.63;car;;25;525.00
6456.00;28706217_0;94.10;6.80;5718.00;3.75;23687583_0;5.10;0.00;tripinfo_out_as_to_sl.11;738.00;out_as_to_sl.11;0;1976.75;0.90;0.00;534.16;car;;18;166.00
6457.00;972103805_0;116.86;10.11;4883.00;0.24;-230845886_0;5.10;0.00;tripinfo_in_ba_to_ko.173;1574.00;in_ba_to_ko.173;0;2114.29;0.96;0.00;1374.70;car;;24;1059.00
6458.00;23156030#6_0;109.07;10.01;5118.00;3.50;-23156305_0;5.10;0.00;tripinfo_out_gg_to_od.5;1340.00;out_gg_to_od.5;0;3288.97;0.92;0.00;1015.28;car;;28;540.00
6458.00;28706217_0;94.10;7.34;5779.00;0.84;23687583_0;5.10;0.00;tripinfo_out_as_to_sl.12;679.00;out_as_to_sl.12;0;1976.75;0.98;0.00;491.27;car;;13;118.00
6459.00;972103805_0;116.86;10.67;5851.00;0.93;-23156390_0;5.10;0.00;tripinfo_out_br_to_ko.8;608.00;out_br_to_ko.8;0;2703.95;0.99;0.00;360.42;car;;11;208.00
6460.00;23527526_0;253.75;11.72;4924.00;1.37;-230845886_0;5.10;0.00;tripinfo_in_ba_to_gj.99;1536.00;in_ba_to_gj.99;0;1755.68;1.05;0.00;1384.94;car;;24;1016.00
6461.00;45494495_0;58.90;10.06;5307.00;0.13;-23156305_0;5.10;0.00;tripinfo_out_gg_to_os.4;1154.00;out_gg_to_os.4;0;2621.43;0.97;0.00;909.34;car;;30;494.00
6463.00;28706217_0;94.10;7.76;5642.00;0.39;-28716808#1_0;5.10;0.00;tripinfo_out_kl_to_sl.9;821.00;out_kl_to_sl.9;0;2276.47;0.95;0.00;600.05;car;;21;168.00
6467.00;230845886_0;633.12;9.54;5754.00;1.89;-23156305_0;5.10;0.00;tripinfo_out_gg_to_ba.8;713.00;out_gg_to_ba.8;0;2288.16;0.90;0.00;482.41;car;;17;241.00
6469.00;23156030#6_0;109.07;9.45;5178.00;2.56;-23156305_0;5.10;0.00;tripinfo_out_gg_to_od.9;1291.00;out_gg_to_od.9;0;3288.97;0.86;0.00;945.05;car;;25;511.00
6469.00;230845886_0;633.12;10.23;6297.00;3.75;23687583_0;5.10;0.00;tripinfo_out_as_to_ba.50;172.00;out_as_to_ba.50;0;1356.50;0.93;0.00;40.29;car;;2;7.00
6471.00;23142338#2_0;290.21;10.96;6083.00;2.67;23687583_0;5.10;0.00;tripinfo_out_as_to_ns.37;388.00;out_as_to_ns.37;0;1995.73;1.09;0.00;220.01;car;;9;134.00
6471.00;230845886_0;633.12;10.94;6323.00;0.08;23687583_0;5.10;0.00;tripinfo_out_as_to_ba.51;148.00;out_as_to_ba.51;0;1356.50;1.07;0.00;32.77;car;;0;0.00
6472.00;41899283#1_0;148.70;11.37;6225.00;0.18;-23142338#2_0;5.10;0.00;tripinfo_out_ns_to_as.31;247.00;out_ns_to_as.31;0;2009.37;1.09;0.00;78.56;car;;3;37.00
6477.00;230845886_0;633.12;10.07;6290.00;3.88;-23527526_0;5.10;0.00;tripinfo_out_gj_to_ba.33;187.00;out_gj_to_ba.33;0;1702.89;0.98;0.00;29.86;car;;1;4.00
6479.00;41899283#1_0;148.70;9.65;4939.00;11.66;-230845886_0;5.10;0.00;tripinfo_in_ba_to_as.103;1540.00;in_ba_to_as.103;0;1430.78;0.94;0.00;1402.76;car;;25;1010.00
6479.00;230845886_0;633.12;11.20;6301.00;0.33;-23527526_0;5.10;0.00;tripinfo_out_gj_to_ba.34;178.00;out_gj_to_ba.34;0;1702.89;1.08;0.00;34.94;car;;1;4.00
6480.00;28706217_0;94.10;8.77;5218.00;0.64;-23156305_0;5.10;0.00;tripinfo_out_gg_to_sl.1;1262.00;out_gg_to_sl.1;0;2908.41;1.18;0.00;1035.59;car;;25;555.00
6480.00;23156030#6_0;109.07;11.13;5776.00;0.59;-28716808#1_0;5.10;0.00;tripinfo_out_kl_to_od.9;704.00;out_kl_to_od.9;0;2657.03;1.05;0.00;474.39;car;;15;110.00
6481.00;230845886_0;633.12;11.57;5769.00;0.62;-23156305_0;5.10;0.00;tripinfo_out_gg_to_ba.9;712.00;out_gg_to_ba.9;0;2288.16;1.10;0.00;523.38;car;;19;264.00
6481.00;23156030#6_1;109.07;11.73;5785.00;4.30;23687583_0;5.10;0.00;tripinfo_out_as_to_od.15;696.00;out_as_to_od.15;0;2357.31;1.14;0.00;509.58;car;;11;114.00
6483.00;23142338#2_0;290.21;9.08;6151.00;1.18;-23527526_0;5.10;0.00;tripinfo_out_gj_to_ns.76;332.00;out_gj_to_ns.76;0;2043.79;0.91;0.00;127.84;car;;5;77.00
6483.00;41899283#1_0;148.70;11.24;6417.00;0.62;-23527526_0;5.10;0.00;tripinfo_out_gj_to_as.43;66.00;out_gj_to_as.43;0;633.70;1.10;0.00;13.53;car;;0;0.00
6485.00;23527526_0;253.75;12.06;4936.00;11.28;-230845886_0;5.10;0.00;tripinfo_in_ba_to_gj.100;1549.00;in_ba_to_gj.100;0;1755.68;1.10;0.00;1405.06;car;;22;1011.00
6485.00;23156030#6_0;109.07;11.67;5181.00;0.59;-23156305_0;5.10;0.00;tripinfo_out_gg_to_od.10;1304.00;out_gg_to_od.10;0;3288.97;1.08;0.00;1028.70;car;;29;497.00
6485.00;972103805_0;116.86;9.77;5883.00;0.11;-23156390_0;5.10;0.00;tripinfo_out_br_to_ko.9;602.00;out_br_to_ko.9;0;2703.95;0.91;0.00;332.41;car;;11;167.00
6485.00;23142338#2_0;290.21;11.00;6156.00;0.63;-23527526_0;5.10;0.00;tripinfo_out_gj_to_ns.77;329.00;out_gj_to_ns.77;0;2043.79;1.03;0.00;148.98;car;;5;73.00
6486.00;28706217_0;94.10;7.23;5202.00;0.78;-23156305_0;5.10;0.00;tripinfo_out_gg_to_sl.0;1284.00;out_gg_to_sl.0;0;2908.41;1.01;0.00;1017.62;car;;29;502.00
6487.00;972103805_0;116.86;10.65;4916.00;1.64;-230845886_0;5.10;0.00;tripinfo_in_ba_to_ko.174;1571.00;in_ba_to_ko.174;0;2114.29;1.07;0.00;1391.23;car;;22;1022.00
6488.00;41899283#1_0;148.70;11.34;6214.00;0.46;803785575#0_0;5.10;0.00;tripinfo_out_od_to_as.19;274.00;out_od_to_as.19;0;2382.09;1.10;0.00;77.75;car;;4;28.00
6493.00;23142338#2_0;290.21;10.92;4875.00;0.84;-230845886_0;5.10;0.00;tripinfo_in_ba_to_ns.44;1618.00;in_ba_to_ns.44;0;2346.36;1.01;0.00;1407.86;car;;22;1084.00
6493.00;230845886_0;633.12;9.25;6342.00;0.98;23687583_0;5.10;0.00;tripinfo_out_as_to_ba.52;151.00;out_as_to_ba.52;0;1356.50;0.91;0.00;16.71;car;;0;0.00
6495.00;45494495_0;58.90;10.40;5461.00;0.96;-23156305_0;5.10;0.00;tripinfo_out_gg_to_os.6;1034.00;out_gg_to_os.6;0;2621.43;1.02;0.00;801.14;car;;27;338.00
6497.00;45494495_0;58.90;11.14;5618.00;0.70;-23156390_0;5.10;0.00;tripinfo_out_br_to_os.3;879.00;out_br_to_os.3;0;2237.62;1.11;0.00;696.62;car;;19;325.00
6497.00;230845886_0;633.12;9.28;6212.00;0.82;-23142338#2_0;5.10;0.00;tripinfo_out_ns_to_ba.15;285.00;out_ns_to_ba.15;0;2340.42;0.95;0.00;63.19;car;;4;29.00
6498.00;45494495_0;58.90;12.44;5512.00;0.39;-23156305_0;5.10;0.00;tripinfo_out_gg_to_os.7;986.00;out_gg_to_os.7;0;2621.43;1.14;0.00;778.40;car;;25;353.00
6499.00;230845886_0;633.12;13.06;6236.00;0.57;-23142338#2_0;5.10;0.00;tripinfo_out_ns_to_ba.16;263.00;out_ns_to_ba.16;0;2340.42;1.27;0.00;93.78;car;;3;22.00
6500.00;23156030#6_0;109.07;8.43;5722.00;0.87;-23527526_0;5.10;0.00;tripinfo_out_gj_to_od.6;778.00;out_gj_to_od.6;0;2703.70;0.80;0.00;471.06;car;;15;116.00
6502.00;972103805_0;116.86;10.65;3657.00;1101.21;-45494495_0;5.10;0.00;tripinfo_in_os_to_ko.6;2845.00;in_os_to_ko.6;0;2045.29;0.97;0.00;2643.56;car;;20;2484.00
6505.00;45494495_0;58.90;11.98;6120.00;2.77;-23142338#2_0;5.10;0.00;tripinfo_out_ns_to_os.3;385.00;out_ns_to_os.3;0;1865.82;1.10;0.00;231.19;car;;12;52.00
6505.00;41899283#1_0;148.70;11.08;6237.00;0.43;803785575#0_0;5.10;0.00;tripinfo_out_od_to_as.20;268.00;out_od_to_as.20;0;2382.09;1.10;0.00;71.96;car;;4;39.00
6506.00;23142338#2_0;290.21;10.33;6162.00;5.21;-23527526_0;5.10;0.00;tripinfo_out_gj_to_ns.78;344.00;out_gj_to_ns.78;0;2043.79;0.98;0.00;156.26;car;;6;94.00
6507.00;23156030#6_0;109.07;12.41;5853.00;1.10;23687583_0;5.10;0.00;tripinfo_out_as_to_od.17;654.00;out_as_to_od.17;0;2357.31;1.16;0.00;471.20;car;;15;120.00
6507.00;41899283#1_0;148.70;12.05;6262.00;0.86;803785575#0_0;5.10;0.00;tripinfo_out_od_to_as.21;245.00;out_od_to_as.21;0;2382.09;1.09;0.00;47.49;car;;2;20.00
6508.00;23142338#2_0;290.21;11.74;6189.00;2.76;-23527526_0;5.10;0.00;tripinfo_out_gj_to_ns.79;319.00;out_gj_to_ns.79;0;2043.79;1.11;0.00;151.67;car;;6;74.00
6509.00;23156030#6_1;109.07;12.17;5212.00;0.64;-23156305_0;5.10;0.00;tripinfo_out_gg_to_od.11;1297.00;out_gg_to_od.11;0;3288.97;1.16;0.00;1041.27;car;;32;496.00
6509.00;23142338#2_0;290.21;11.51;5525.00;0.18;-23156305_0;5.10;0.00;tripinfo_out_gg_to_ns.7;984.00;out_gg_to_ns.7;0;2927.39;1.09;0.00;740.42;car;;23;460.00
6509.00;45494495_0;58.90;8.56;5570.00;3.00;-23156390_0;5.10;0.00;tripinfo_out_br_to_os.2;939.00;out_br_to_os.2;0;2237.62;0.86;0.00;704.53;car;;17;336.00
6512.00;45494495_0;58.90;9.03;5456.00;0.54;-23156305_0;5.10;0.00;tripinfo_out_gg_to_os.5;1056.00;out_gg_to_os.5;0;2621.43;0.89;0.00;788.88;car;;21;341.00
6513.00;230845886_0;633.12;12.51;6380.00;3.68;23687583_0;5.10;0.00;tripinfo_out_as_to_ba.53;133.00;out_as_to_ba.53;0;1356.50;1.15;0.00;26.76;car;;0;0.00
6514.00;45494495_0;58.90;10.82;6400.00;0.22;803785575#0_0;5.10;0.00;tripinfo_out_od_to_os.17;114.00;out_od_to_os.17;0;969.96;1.06;0.00;31.11;car;;2;11.00
6515.00;28706217_0;94.10;7.70;5881.00;0.29;23687583_0;5.10;0.00;tripinfo_out_as_to_sl.13;634.00;out_as_to_sl.13;0;1976.75;1.07;0.00;463.07;car;;17;138.00
6515.00;41899283#1_0;148.70;10.23;6362.00;0.16;-28716808#1_0;5.10;0.00;tripinfo_out_kl_to_as.14;153.00;out_kl_to_as.14;0;1233.18;0.93;0.00;32.67;car;;1;18.00
6516.00;972103805_0;116.86;10.00;5757.00;1.46;-23156305_0;5.10;0.00;tripinfo_out_gg_to_ko.8;759.00;out_gg_to_ko.8;0;2416.59;0.95;0.00;528.38;car;;16;281.00
6516.00;45494495_0;58.90;11.43;6423.00;0.50;803785575#0_0;5.10;0.00;tripinfo_out_od_to_os.18;93.00;out_od_to_os.18;0;969.96;1.05;0.00;8.75;car;;0;0.00
6517.00;23156030#6_0;109.07;10.46;5806.00;0.95;23687583_0;5.10;0.00;tripinfo_out_as_to_od.16;711.00;out_as_to_od.16;0;2357.31;0.94;0.00;485.29;car;;16;139.00
6519.00;972103805_0;116.86;9.18;6009.00;0.92;-23156390_0;5.10;0.00;tripinfo_out_br_to_ko.10;510.00;out_br_to_ko.10;0;2703.95;0.94;0.00;248.35;car;;8;130.00
6521.00;972103805_0;116.86;10.26;4930.00;6.46;-230845886_0;5.10;0.00;tripinfo_in_ba_to_ko.175;1591.00;in_ba_to_ko.175;0;2114.29;1.01;0.00;1399.49;car;;19;1009.00
6521.00;41899283#1_0;148.70;9.81;4961.00;0.36;-230845886_0;5.10;0.00;tripinfo_in_ba_to_as.104;1560.00;in_ba_to_as.104;0;1430.78;0.99;0.00;1429.15;car;;24;995.00
6525.00;41899283#1_0;148.70;9.90;6111.00;0.50;-23156390_0;5.10;0.00;tripinfo_out_br_to_as.3;414.00;out_br_to_as.3;0;2020.44;0.95;0.00;222.33;car;;8;138.00
6529.00;41899283#1_0;148.70;10.97;5855.00;0.53;-23156305_0;5.10;0.00;tripinfo_out_gg_to_as.5;674.00;out_gg_to_as.5;0;1699.56;0.99;0.00;517.52;car;;18;260.00
6529.00;28706217_0;94.10;7.87;6454.00;0.84;803785575#0_0;5.10;0.00;tripinfo_out_od_to_sl.6;75.00;out_od_to_sl.6;0;747.33;1.08;0.00;7.26;car;;0;0.00
6530.00;45494495_0;58.90;11.66;6070.00;2.11;23687583_0;5.10;0.00;tripinfo_out_as_to_os.11;460.00;out_as_to_os.11;0;1689.77;1.08;0.00;317.67;car;;13;43.00
6531.00;230845886_0;633.12;9.56;6132.00;0.05;-23156390_0;5.10;0.00;tripinfo_out_br_to_ba.4;399.00;out_br_to_ba.4;0;1904.35;0.90;0.00;208.02;car;;7;131.00
6533.00;230845886_0;633.12;12.49;5829.00;0.79;-23156305_0;5.10;0.00;tripinfo_out_gg_to_ba.10;704.00;out_gg_to_ba.10;0;2288.16;1.13;0.00;520.86;car;;21;234.00
6534.00;45494495_0;58.90;8.96;5562.00;0.14;-23156305_0;5.10;0.00;tripinfo_out_gg_to_os.8;972.00;out_gg_to_os.8;0;2621.43;0.90;0.00;708.69;car;;19;284.00
6538.00;23156030#6_1;109.07;13.01;5741.00;5.51;23687583_0;5.10;0.00;tripinfo_out_as_to_od.14;797.00;out_as_to_od.14;0;2357.31;1.20;0.00;619.16;car;;21;148.00
6543.00;23156030#6_0;109.07;10.34;5318.00;0.07;-23156390_0;5.10;0.00;tripinfo_out_br_to_od.3;1225.00;out_br_to_od.3;0;2905.16;1.00;0.00;962.41;car;;30;559.00
6543.00;972103805_0;116.86;11.64;5811.00;0.56;-23156305_0;5.10;0.00;tripinfo_out_gg_to_ko.9;732.00;out_gg_to_ko.9;0;2416.59;1.06;0.00;525.85;car;;19;244.00
6544.00;28706217_0;94.10;8.15;5888.00;1.29;23687583_0;5.10;0.00;tripinfo_out_as_to_sl.14;656.00;out_as_to_sl.14;0;1976.75;0.98;0.00;468.80;car;;16;152.00
6545.00;41899283#1_0;148.70;9.57;6264.00;0.17;-23142338#2_0;5.10;0.00;tripinfo_out_ns_to_as.32;281.00;out_ns_to_as.32;0;2009.37;0.90;0.00;78.13;car;;4;43.00
6546.00;28706217_0;94.10;8.77;5422.00;0.70;-23156390_0;5.10;0.00;tripinfo_out_br_to_sl.5;1124.00;out_br_to_sl.5;0;2524.60;1.16;0.00;922.52;car;;24;493.00
6547.00;23156030#6_0;109.07;10.66;5715.00;2.39;23687583_0;5.10;0.00;tripinfo_out_as_to_od.13;832.00;out_as_to_od.13;0;2357.31;0.97;0.00;612.51;car;;24;181.00
6548.00;972103805_0;116.86;10.31;4933.00;9.35;-230845886_0;5.10;0.00;tripinfo_in_ba_to_ko.176;1615.00;in_ba_to_ko.176;0;2114.29;0.97;0.00;1416.95;car;;24;1026.00
6550.00;23527526_0;253.75;11.79;4974.00;0.63;-230845886_0;5.10;0.00;tripinfo_in_ba_to_gj.101;1576.00;in_ba_to_gj.101;0;1755.68;1.14;0.00;1435.92;car;;27;991.00
6551.00;41899283#1_0;148.70;9.41;6479.00;0.22;-23527526_0;5.10;0.00;tripinfo_out_gj_to_as.44;72.00;out_gj_to_as.44;0;633.70;0.92;0.00;8.61;car;;0;0.00
6553.00;41899283#1_0;148.70;10.40;6482.00;2.26;-23527526_0;5.10;0.00;tripinfo_out_gj_to_as.45;71.00;out_gj_to_as.45;0;633.70;1.03;0.00;13.81;car;;0;0.00
6554.00;28706217_0;94.10;6.60;5323.00;0.99;-23156390_0;5.10;0.00;tripinfo_out_br_to_sl.4;1231.00;out_br_to_sl.4;0;2524.60;0.91;0.00;973.64;car;;32;540.00
6554.00;23142338#2_0;290.21;7.12;5756.00;0.30;-23156390_0;5.10;0.00;tripinfo_out_br_to_ns.4;798.00;out_br_to_ns.4;0;2936.02;0.66;0.00;397.06;car;;14;203.00
6554.00;41899283#1_0;148.70;11.49;6485.00;3.56;-23527526_0;5.10;0.00;tripinfo_out_gj_to_as.46;69.00;out_gj_to_as.46;0;633.70;1.05;0.00;13.31;car;;0;0.00
6556.00;23142338#2_0;290.21;11.15;6199.00;0.14;-23527526_0;5.10;0.00;tripinfo_out_gj_to_ns.80;357.00;out_gj_to_ns.80;0;2043.79;1.06;0.00;182.79;car;;7;88.00
6557.00;23142338#2_0;290.21;11.42;6245.00;2.49;-23527526_0;5.10;0.00;tripinfo_out_gj_to_ns.81;312.00;out_gj_to_ns.81;0;2043.79;1.15;0.00;151.48;car;;5;65.00
6560.00;23142338#2_0;290.21;10.86;6273.00;0.65;-23527526_0;5.10;0.00;tripinfo_out_gj_to_ns.82;287.00;out_gj_to_ns.82;0;2043.79;1.04;0.00;109.50;car;;3;47.00
6561.00;41899283#1_0;148.70;9.82;6275.00;1.74;-23142338#2_0;5.10;0.00;tripinfo_out_ns_to_as.33;286.00;out_ns_to_as.33;0;2009.37;0.92;0.00;87.59;car;;7;40.00
6562.00;23142338#2_0;290.21;10.26;5599.00;0.47;-23156305_0;5.10;0.00;tripinfo_out_gg_to_ns.8;963.00;out_gg_to_ns.8;0;2927.39;0.99;0.00;693.68;car;;25;409.00
6564.00;45494495_0;58.90;8.80;6132.00;0.94;23687583_0;5.10;0.00;tripinfo_out_as_to_os.12;432.00;out_as_to_os.12;0;1689.77;0.87;0.00;257.05;car;;8;48.00
6564.00;23142338#2_0;290.21;13.01;6354.00;0.85;803785575#0_0;5.10;0.00;tripinfo_out_od_to_ns.5;210.00;out_od_to_ns.5;0;1928.29;1.17;0.00;50.27;car;;1;11.00
6565.00;23142338#2_0;290.21;11.05;4927.00;4.36;-230845886_0;5.10;0.00;tripinfo_in_ba_to_ns.45;1638.00;in_ba_to_ns.45;0;2346.36;1.07;0.00;1440.66;car;;22;1017.00
6565.00;41899283#1_0;148.70;8.49;6292.00;1.09;-23142338#2_0;5.10;0.00;tripinfo_out_ns_to_as.34;273.00;out_ns_to_as.34;0;2009.37;0.83;0.00;53.71;car;;3;16.00
6566.00;45494495_0;58.90;10.90;6164.00;0.83;23687583_0;5.10;0.00;tripinfo_out_as_to_os.13;402.00;out_as_to_os.13;0;1689.77;1.01;0.00;251.45;car;;6;24.00
6568.00;23142338#2_0;290.21;10.80;6122.00;0.56;23687583_0;5.10;0.00;tripinfo_out_as_to_ns.38;446.00;out_as_to_ns.38;0;1995.73;1.00;0.00;263.65;car;;10;177.00
6568.00;45494495_0;58.90;12.15;6130.00;3.28;-23527526_0;5.10;0.00;tripinfo_out_gj_to_os.9;438.00;out_gj_to_os.9;0;2036.16;1.12;0.00;273.54;car;;4;26.00
6569.00;23142338#2_0;290.21;11.31;6284.00;0.01;-23527526_0;5.10;0.00;tripinfo_out_gj_to_ns.83;285.00;out_gj_to_ns.83;0;2043.79;1.05;0.00;109.06;car;;4;56.00
6571.00;23142338#2_0;290.21;11.43;6287.00;2.28;-23527526_0;5.10;0.00;tripinfo_out_gj_to_ns.84;284.00;out_gj_to_ns.84;0;2043.79;1.08;0.00;112.93;car;;4;52.00
6572.00;230845886_0;633.12;9.71;6289.00;0.34;-23142338#2_0;5.10;0.00;tripinfo_out_ns_to_ba.17;283.00;out_ns_to_ba.17;0;2340.42;0.90;0.00;50.88;car;;2;18.00
6574.00;230845886_0;633.12;9.14;6384.00;1.27;-23527526_0;5.10;0.00;tripinfo_out_gj_to_ba.35;190.00;out_gj_to_ba.35;0;1702.89;0.92;0.00;22.10;car;;0;0.00
6574.00;41899283#1_0;148.70;9.37;6499.00;0.26;-23527526_0;5.10;0.00;tripinfo_out_gj_to_as.47;75.00;out_gj_to_as.47;0;633.70;0.91;0.00;11.54;car;;0;0.00
6575.00;23156030#6_1;109.07;10.59;5378.00;0.88;-23156390_0;5.10;0.00;tripinfo_out_br_to_od.5;1197.00;out_br_to_od.5;0;2905.16;1.04;0.00;943.38;car;;23;525.00
6576.00;23156030#6_0;109.07;10.51;5361.00;0.95;-23156390_0;5.10;0.00;tripinfo_out_br_to_od.4;1215.00;out_br_to_od.4;0;2905.16;0.95;0.00;939.54;car;;27;540.00
6576.00;230845886_0;633.12;11.00;6396.00;1.85;-23527526_0;5.10;0.00;tripinfo_out_gj_to_ba.36;180.00;out_gj_to_ba.36;0;1702.89;1.00;0.00;25.28;car;;0;0.00
6577.00;23156305_0;1264.14;12.37;4942.00;13.46;-230845886_0;5.10;0.00;tripinfo_in_ba_to_gg.45;1635.00;in_ba_to_gg.45;0;2718.65;1.19;0.00;1427.45;car;;23;1013.00
6577.00;28706217_0;94.10;7.88;5927.00;0.98;23687583_0;5.10;0.00;tripinfo_out_as_to_sl.15;650.00;out_as_to_sl.15;0;1976.75;1.05;0.00;476.09;car;;17;120.00
6577.00;41899283#1_0;148.70;10.81;6327.00;0.77;-23142338#2_0;5.10;0.00;tripinfo_out_ns_to_as.35;250.00;out_ns_to_as.35;0;2009.37;1.06;0.00;76.41;car;;3;42.00
6578.00;230845886_0;633.12;11.08;6433.00;0.76;23687583_0;5.10;0.00;tripinfo_out_as_to_ba.54;145.00;out_as_to_ba.54;0;1356.50;1.02;0.00;24.35;car;;0;0.00
6579.00;28706217_0;94.10;9.04;5272.00;0.74;-23156305_0;5.10;0.00;tripinfo_out_gg_to_sl.2;1307.00;out_gg_to_sl.2;0;2908.41;1.09;0.00;1061.83;car;;26;575.00
6579.00;23156030#6_0;109.07;9.81;5808.00;0.90;-28716808#1_0;5.10;0.00;tripinfo_out_kl_to_od.10;771.00;out_kl_to_od.10;0;2657.03;0.93;0.00;512.36;car;;15;137.00
6579.00;41899283#1_0;148.70;13.12;6352.00;0.73;-23142338#2_0;5.10;0.00;tripinfo_out_ns_to_as.36;227.00;out_ns_to_as.36;0;2009.37;1.20;0.00;73.55;car;;3;26.00
6580.00;230845886_0;633.12;11.18;6436.00;0.64;23687583_0;5.10;0.00;tripinfo_out_as_to_ba.55;144.00;out_as_to_ba.55;0;1356.50;1.05;0.00;26.91;car;;0;0.00
6582.00;41899283#1_0;148.70;10.53;5022.00;0.74;-230845886_0;5.10;0.00;tripinfo_out_ba_to_as.0;1560.00;out_ba_to_as.0;0;1430.78;1.03;0.00;1434.48;car;;30;948.00
6582.00;230845886_0;633.12;12.10;5869.00;0.34;-23156305_0;5.10;0.00;tripinfo_out_gg_to_ba.11;713.00;out_gg_to_ba.11;0;2288.16;1.10;0.00;524.13;car;;19;252.00
6583.00;230845886_0;633.12;11.27;5910.00;0.77;-23156305_0;5.10;0.00;tripinfo_out_gg_to_ba.12;673.00;out_gg_to_ba.12;0;2288.16;1.07;0.00;480.95;car;;17;230.00
6584.00;41899283#1_0;148.70;11.74;6351.00;0.76;803785575#0_0;5.10;0.00;tripinfo_out_od_to_as.22;233.00;out_od_to_as.22;0;2382.09;1.08;0.00;33.93;car;;1;2.00
6586.00;41899283#1_0;148.70;12.19;5050.00;0.15;-230845886_0;5.10;0.00;tripinfo_out_ba_to_as.1;1536.00;out_ba_to_as.1;0;1430.78;1.14;0.00;1422.60;car;;31;905.00
6586.00;28706217_0;94.10;7.63;5988.00;0.47;23687583_0;5.10;0.00;tripinfo_out_as_to_sl.16;598.00;out_as_to_sl.16;0;1976.75;0.99;0.00;413.12;car;;18;125.00
6588.00;23527526_0;253.75;10.62;5004.00;2.08;-230845886_0;5.10;0.00;tripinfo_in_ba_to_gj.102;1584.00;in_ba_to_gj.102;0;1755.68;1.07;0.00;1434.94;car;;28;964.00
6593.00;230845886_0;633.12;10.36;6414.00;2.03;-23527526_0;5.10;0.00;tripinfo_out_gj_to_ba.37;179.00;out_gj_to_ba.37;0;1702.89;0.99;0.00;22.02;car;;1;2.00
6594.00;23156030#6_0;109.07;13.72;5950.00;0.12;23687583_0;5.10;0.00;tripinfo_out_as_to_od.18;644.00;out_as_to_od.18;0;2357.31;1.26;0.00;473.71;car;;12;129.00
6594.00;23142338#2_0;290.21;10.21;6298.00;0.93;-23527526_0;5.10;0.00;tripinfo_out_gj_to_ns.85;296.00;out_gj_to_ns.85;0;2043.79;1.01;0.00;113.04;car;;4;62.00
6596.00;23142338#2_0;290.21;10.48;6144.00;0.19;23687583_0;5.10;0.00;tripinfo_out_as_to_ns.39;452.00;out_as_to_ns.39;0;1995.73;1.03;0.00;275.73;car;;10;196.00
6598.00;23142338#2_0;290.21;10.75;6320.00;0.19;-23527526_0;5.10;0.00;tripinfo_out_gj_to_ns.86;278.00;out_gj_to_ns.86;0;2043.79;1.02;0.00;97.41;car;;4;48.00
6600.00;23142338#2_0;290.21;12.46;6324.00;0.66;-23527526_0;5.10;0.00;tripinfo_out_gj_to_ns.87;276.00;out_gj_to_ns.87;0;2043.79;1.18;0.00;119.26;car;;4;47.00
6601.00;41899283#1_0;148.70;10.50;6356.00;3.87;-23142338#2_0;5.10;0.00;tripinfo_out_ns_to_as.37;245.00;out_ns_to_as.37;0;2009.37;1.00;0.00;61.57;car;;2;34.00
6603.00;41899283#1_0;148.70;11.22;6413.00;1.38;-23142338#2_0;5.10;0.00;tripinfo_out_ns_to_as.38;190.00;out_ns_to_as.38;0;2009.37;1.11;0.00;24.42;car;;0;0.00
6604.00;230845886_0;633.12;9.90;6459.00;0.62;23687583_0;5.10;0.00;tripinfo_out_as_to_ba.56;145.00;out_as_to_ba.56;0;1356.50;0.92;0.00;11.24;car;;0;0.00
6605.00;23156030#6_0;109.07;10.51;5425.00;0.48;-23156390_0;5.10;0.00;tripinfo_out_br_to_od.6;1180.00;out_br_to_od.6;0;2905.16;0.96;0.00;906.34;car;;27;483.00
6605.00;230845886_0;633.12;12.02;6472.00;3.17;23687583_0;5.10;0.00;tripinfo_out_as_to_ba.57;133.00;out_as_to_ba.57;0;1356.50;1.09;0.00;21.40;car;;0;0.00
6606.00;28706217_0;94.10;6.81;5922.00;0.79;-23527526_0;5.10;0.00;tripinfo_out_gj_to_sl.5;684.00;out_gj_to_sl.5;0;2323.14;0.91;0.00;446.30;car;;15;153.00
6608.00;23156030#6_0;109.07;10.60;5443.00;6.01;-23156390_0;5.10;0.00;tripinfo_out_br_to_od.7;1165.00;out_br_to_od.7;0;2905.16;0.98;0.00;896.26;car;;25;466.00
6608.00;45494495_0;58.90;10.64;6441.00;0.20;803785575#0_0;5.10;0.00;tripinfo_out_od_to_os.19;167.00;out_od_to_os.19;0;969.96;1.02;0.00;81.05;car;;5;43.00
6609.00;972103805_0;116.86;8.63;6494.00;0.54;-23527526_0;5.10;0.00;tripinfo_out_gj_to_ko.17;115.00;out_gj_to_ko.17;0;971.70;0.88;0.00;14.72;car;;1;1.00
6610.00;45494495_0;58.90;11.64;6500.00;0.20;803785575#0_0;5.10;0.00;tripinfo_out_od_to_os.21;110.00;out_od_to_os.21;0;969.96;1.12;0.00;31.57;car;;2;12.00
6611.00;972103805_0;116.86;12.24;6502.00;0.19;-23527526_0;5.10;0.00;tripinfo_out_gj_to_ko.18;109.00;out_gj_to_ko.18;0;971.70;1.15;0.00;31.61;car;;0;0.00
6613.00;45494495_0;58.90;9.61;6479.00;0.58;803785575#0_0;5.10;0.00;tripinfo_out_od_to_os.20;134.00;out_od_to_os.20;0;969.96;0.96;0.00;42.34;car;;2;21.00
6613.00;972103805_0;116.86;10.73;6511.00;0.88;-23527526_0;5.10;0.00;tripinfo_out_gj_to_ko.19;102.00;out_gj_to_ko.19;0;971.70;1.02;0.00;14.75;car;;0;0.00
6615.00;45494495_0;58.90;11.07;5656.00;0.02;-23156305_0;5.10;0.00;tripinfo_out_gg_to_os.9;959.00;out_gg_to_os.9;0;2621.43;1.05;0.00;733.68;car;;21;320.00
6617.00;972103805_0;116.86;8.56;4948.00;3.65;-230845886_0;5.10;0.00;tripinfo_in_ba_to_ko.177;1669.00;in_ba_to_ko.177;0;2114.29;0.79;0.00;1425.96;car;;27;1017.00
6617.00;41899283#1_0;148.70;11.80;5244.00;81.58;-230845886_0;5.10;0.00;tripinfo_out_ba_to_as.3;1373.00;out_ba_to_as.3;0;1430.78;1.14;0.00;1259.62;car;;25;739.00
6619.00;972103805_0;116.86;10.65;4951.00;6.24;-230845886_0;5.10;0.00;tripinfo_in_ba_to_ko.178;1668.00;in_ba_to_ko.178;0;2114.29;1.04;0.00;1483.81;car;;26;1015.00
6620.00;230845886_0;633.12;8.09;6420.00;3.10;-23527526_0;5.10;0.00;tripinfo_out_gj_to_ba.38;200.00;out_gj_to_ba.38;0;1702.89;0.84;0.00;16.75;car;;0;0.00
6621.00;972103805_0;116.86;9.53;4955.00;6.04;-230845886_0;5.10;0.00;tripinfo_in_ba_to_ko.179;1666.00;in_ba_to_ko.179;0;2114.29;0.97;0.00;1468.41;car;;28;1021.00
6621.00;23142338#2_0;290.21;11.66;6327.00;3.65;-23527526_0;5.10;0.00;tripinfo_out_gj_to_ns.88;294.00;out_gj_to_ns.88;0;2043.79;1.07;0.00;121.70;car;;5;66.00
6622.00;230845886_0;633.12;9.58;6435.00;1.10;-23527526_0;5.10;0.00;tripinfo_out_gj_to_ba.39;187.00;out_gj_to_ba.39;0;1702.89;0.94;0.00;21.89;car;;0;0.00
6623.00;41899283#1_0;148.70;9.92;6029.00;0.35;-23156305_0;5.10;0.00;tripinfo_out_gg_to_as.6;594.00;out_gg_to_as.6;0;1699.56;0.93;0.00;425.47;car;;15;213.00
6623.00;23142338#2_0;290.21;11.38;6337.00;0.54;-23527526_0;5.10;0.00;tripinfo_out_gj_to_ns.89;286.00;out_gj_to_ns.89;0;2043.79;1.07;0.00;113.21;car;;4;61.00
6623.00;230845886_0;633.12;10.26;6475.00;3.73;23687583_0;5.10;0.00;tripinfo_out_as_to_ba.58;148.00;out_as_to_ba.58;0;1356.50;0.99;0.00;24.54;car;;1;8.00
6626.00;230845886_0;633.12;10.15;6488.00;0.80;23687583_0;5.10;0.00;tripinfo_out_as_to_ba.59;138.00;out_as_to_ba.59;0;1356.50;1.01;0.00;16.90;car;;0;0.00
6628.00;23142338#2_0;290.21;10.57;6343.00;2.53;-23527526_0;5.10;0.00;tripinfo_out_gj_to_ns.90;285.00;out_gj_to_ns.90;0;2043.79;1.01;0.00;102.80;car;;4;54.00
6630.00;41899283#1_0;148.70;8.44;6553.00;3.15;-23527526_0;5.10;0.00;tripinfo_out_gj_to_as.48;77.00;out_gj_to_as.48;0;633.70;0.85;0.00;8.09;car;;0;0.00
6631.00;23142338#2_0;290.21;10.57;5635.00;0.01;-23156305_0;5.10;0.00;tripinfo_out_gg_to_ns.9;996.00;out_gg_to_ns.9;0;2927.39;1.00;0.00;728.62;car;;24;466.00
6631.00;972103805_0;116.86;11.23;6044.00;0.48;-23156390_0;5.10;0.00;tripinfo_out_br_to_ko.11;587.00;out_br_to_ko.11;0;2703.95;1.12;0.00;368.25;car;;12;230.00
6631.00;230845886_0;633.12;10.73;6499.00;0.74;23687583_0;5.10;0.00;tripinfo_out_as_to_ba.60;132.00;out_as_to_ba.60;0;1356.50;1.00;0.00;9.67;car;;0;0.00
6633.00;230845886_0;633.12;10.64;6502.00;1.81;23687583_0;5.10;0.00;tripinfo_out_as_to_ba.61;131.00;out_as_to_ba.61;0;1356.50;1.01;0.00;9.55;car;;0;0.00
6635.00;41899283#1_0;148.70;10.98;5553.00;363.26;-230845886_0;5.10;0.00;tripinfo_out_ba_to_as.4;1082.00;out_ba_to_as.4;0;1430.78;1.07;0.00;961.10;car;;25;476.00
6637.00;23142338#2_0;290.21;11.13;5192.00;2580.59;-45494495_0;5.10;0.00;tripinfo_in_os_to_ns.4;1445.00;in_os_to_ns.4;0;1665.91;1.12;0.00;1299.73;car;;19;1157.00
6637.00;23156030#6_0;109.07;10.80;5277.00;0.18;-23156305_0;5.10;0.00;tripinfo_out_gg_to_od.13;1360.00;out_gg_to_od.13;0;3288.97;0.97;0.00;1055.30;car;;28;590.00
6637.00;28706217_0;94.10;6.84;6088.00;3.85;23687583_0;5.10;0.00;tripinfo_out_as_to_sl.17;549.00;out_as_to_sl.17;0;1976.75;0.88;0.00;339.82;car;;11;102.00
6637.00;41899283#1_0;148.70;12.40;6403.00;0.46;803785575#0_0;5.10;0.00;tripinfo_out_od_to_as.23;234.00;out_od_to_as.23;0;2382.09;1.12;0.00;40.57;car;;2;9.00
6639.00;972103805_0;116.86;10.24;6093.00;0.17;-23156390_0;5.10;0.00;tripinfo_out_br_to_ko.12;546.00;out_br_to_ko.12;0;2703.95;0.95;0.00;285.46;car;;10;185.00
6640.00;23156030#6_1;109.07;10.54;5940.00;0.81;-28716808#1_0;5.10;0.00;tripinfo_out_kl_to_od.11;700.00;out_kl_to_od.11;0;2657.03;0.96;0.00;450.90;car;;18;125.00
6640.00;972103805_0;116.86;11.66;6096.00;1.49;-23156390_0;5.10;0.00;tripinfo_out_br_to_ko.13;544.00;out_br_to_ko.13;0;2703.95;1.11;0.00;323.69;car;;11;180.00
6641.00;28706217_0;94.10;6.84;4848.00;1.49;-230845886_0;5.10;0.00;tripinfo_in_ba_to_sl.60;1793.00;in_ba_to_sl.60;0;1934.94;0.93;0.00;1599.64;car;;28;1153.00
6643.00;23156030#6_0;109.07;9.26;5254.00;1.87;-23156305_0;5.10;0.00;tripinfo_out_gg_to_od.12;1389.00;out_gg_to_od.12;0;3288.97;0.86;0.00;1044.48;car;;28;604.00
6643.00;23156030#6_1;109.07;10.45;6001.00;0.48;23687583_0;5.10;0.00;tripinfo_out_as_to_od.19;642.00;out_as_to_od.19;0;2357.31;0.95;0.00;417.05;car;;17;112.00
6646.00;28706217_0;94.10;7.32;6562.00;0.95;803785575#0_0;5.10;0.00;tripinfo_out_od_to_sl.7;84.00;out_od_to_sl.7;0;747.33;0.95;0.00;7.13;car;;0;0.00
6647.00;41899283#1_0;148.70;7.86;5236.00;82.14;-230845886_0;5.10;0.00;tripinfo_out_ba_to_as.2;1411.00;out_ba_to_as.2;0;1430.78;0.72;0.00;1230.82;car;;27;745.00
6648.00;28706217_0;94.10;7.96;6433.00;0.82;-23142338#2_0;5.10;0.00;tripinfo_out_ns_to_sl.6;215.00;out_ns_to_sl.6;0;1619.36;1.04;0.00;57.90;car;;3;29.00
6649.00;41899283#1_0;148.70;9.91;6046.00;0.65;-23156305_0;5.10;0.00;tripinfo_out_gg_to_as.7;603.00;out_gg_to_as.7;0;1699.56;1.09;0.00;460.24;car;;16;218.00
6651.00;41899283#1_0;148.70;11.09;6050.00;0.19;-23156305_0;5.10;0.00;tripinfo_out_gg_to_as.8;601.00;out_gg_to_as.8;0;1699.56;1.10;0.00;460.25;car;;17;211.00
6652.00;23142338#2_0;290.21;11.53;5649.00;0.42;-23156305_0;5.10;0.00;tripinfo_out_gg_to_ns.10;1003.00;out_gg_to_ns.10;0;2927.39;1.07;0.00;753.51;car;;25;476.00
6653.00;41899283#1_0;148.70;9.36;6487.00;0.59;-28716808#1_0;5.10;0.00;tripinfo_out_kl_to_as.15;166.00;out_kl_to_as.15;0;1233.18;0.86;0.00;36.77;car;;2;9.00
6655.00;41899283#1_0;148.70;12.47;5766.00;428.94;-230845886_0;5.10;0.00;tripinfo_out_ba_to_as.5;889.00;out_ba_to_as.5;0;1430.78;1.21;0.00;781.65;car;;13;310.00
6656.00;230845886_0;633.12;10.40;6512.00;3.14;23687583_0;5.10;0.00;tripinfo_out_as_to_ba.62;144.00;out_as_to_ba.62;0;1356.50;0.95;0.00;14.60;car;;0;0.00
6660.00;23156030#6_1;109.07;11.47;5495.00;0.53;-23156390_0;5.10;0.00;tripinfo_out_br_to_od.8;1165.00;out_br_to_od.8;0;2905.16;1.11;0.00;928.90;car;;27;498.00
6660.00;23142338#2_0;290.21;10.41;6153.00;1.16;23687583_0;5.10;0.00;tripinfo_out_as_to_ns.40;507.00;out_as_to_ns.40;0;1995.73;0.95;0.00;315.28;car;;11;225.00
6662.00;23156030#6_0;109.07;10.77;5966.00;0.46;-28716808#1_0;5.10;0.00;tripinfo_out_kl_to_od.12;696.00;out_kl_to_od.12;0;2657.03;1.03;0.00;463.45;car;;23;144.00
6662.00;23142338#2_0;290.21;9.45;6158.00;0.33;23687583_0;5.10;0.00;tripinfo_out_as_to_ns.41;504.00;out_as_to_ns.41;0;1995.73;0.96;0.00;314.34;car;;10;215.00
6663.00;41899283#1_0;148.70;11.61;6438.00;0.97;-23142338#2_0;5.10;0.00;tripinfo_out_ns_to_as.39;225.00;out_ns_to_as.39;0;2009.37;1.06;0.00;52.12;car;;2;24.00
6663.00;972103805_0;116.86;11.82;6556.00;4.82;-23527526_0;5.10;0.00;tripinfo_out_gj_to_ko.20;107.00;out_gj_to_ko.20;0;971.70;1.09;0.00;25.87;car;;1;6.00
6665.00;28706217_0;94.10;7.34;5653.00;0.90;-23156305_0;5.10;0.00;tripinfo_out_gg_to_sl.3;1012.00;out_gg_to_sl.3;0;2908.41;0.98;0.00;739.20;car;;21;326.00
6666.00;972103805_0;116.86;10.46;4986.00;0.14;-230845886_0;5.10;0.00;tripinfo_in_ba_to_ko.180;1680.00;in_ba_to_ko.180;0;2114.29;1.04;0.00;1495.36;car;;29;1016.00
6667.00;23156030#6_0;109.07;10.64;5427.00;1.55;-23156305_0;5.10;0.00;tripinfo_out_gg_to_od.15;1240.00;out_gg_to_od.15;0;3288.97;1.01;0.00;944.67;car;;31;452.00
6669.00;972103805_0;116.86;10.34;5919.00;0.98;-23156305_0;5.10;0.00;tripinfo_out_gg_to_ko.10;750.00;out_gg_to_ko.10;0;2416.59;1.01;0.00;532.32;car;;21;273.00
6676.00;230845886_0;633.12;11.00;6504.00;0.44;-23527526_0;5.10;0.00;tripinfo_out_gj_to_ba.40;172.00;out_gj_to_ba.40;0;1702.89;1.07;0.00;28.23;car;;1;1.00
6680.00;45494495_0;58.90;9.66;6540.00;0.12;803785575#0_0;5.10;0.00;tripinfo_out_od_to_os.22;140.00;out_od_to_os.22;0;969.96;0.98;0.00;50.30;car;;3;17.00
6682.00;41899283#1_0;148.70;10.65;6535.00;0.42;-28716808#1_0;5.10;0.00;tripinfo_out_kl_to_as.16;147.00;out_kl_to_as.16;0;1233.18;0.99;0.00;34.04;car;;2;14.00
6686.00;41899283#1_0;148.70;8.80;5786.00;423.84;-230845886_0;5.10;0.00;tripinfo_out_ba_to_as.6;900.00;out_ba_to_as.6;0;1430.78;0.91;0.00;756.84;car;;12;313.00
6689.00;45494495_0;58.90;12.13;4908.00;0.18;-230845886_0;5.10;0.00;tripinfo_in_ba_to_os.85;1781.00;in_ba_to_os.85;0;1647.96;1.12;0.00;1648.05;car;;38;1100.00
6690.00;41899283#1_0;148.70;9.10;5907.00;530.59;-230845886_0;5.10;0.00;tripinfo_out_ba_to_as.7;783.00;out_ba_to_as.7;0;1430.78;0.82;0.00;624.98;car;;12;210.00
6690.00;23156030#6_0;109.07;10.91;5518.00;0.66;-23156390_0;5.10;0.00;tripinfo_out_br_to_od.9;1172.00;out_br_to_od.9;0;2905.16;1.04;0.00;918.77;car;;25;504.00
6690.00;23142338#2_0;290.21;8.94;6367.00;0.81;-23527526_0;5.10;0.00;tripinfo_out_gj_to_ns.91;323.00;out_gj_to_ns.91;0;2043.79;0.90;0.00;118.50;car;;6;69.00
6691.00;23156030#6_1;109.07;11.12;5593.00;0.87;-23156390_0;5.10;0.00;tripinfo_out_br_to_od.10;1098.00;out_br_to_od.10;0;2905.16;1.11;0.00;861.38;car;;27;429.00
6691.00;45494495_0;58.90;13.04;6213.00;0.99;-23527526_0;5.10;0.00;tripinfo_out_gj_to_os.10;478.00;out_gj_to_os.10;0;2036.16;1.22;0.00;326.38;car;;13;68.00
6692.00;41899283#1_0;148.70;11.78;6455.00;0.84;-23142338#2_0;5.10;0.00;tripinfo_out_ns_to_as.40;237.00;out_ns_to_as.40;0;2009.37;1.08;0.00;67.71;car;;3;30.00
6694.00;23156030#6_0;109.07;10.86;5645.00;0.00;-23156390_0;5.10;0.00;tripinfo_out_br_to_od.11;1049.00;out_br_to_od.11;0;2905.16;1.02;0.00;791.47;car;;26;376.00
6695.00;23156030#6_0;109.07;11.68;6001.00;3.29;-23527526_0;5.10;0.00;tripinfo_out_gj_to_od.7;694.00;out_gj_to_od.7;0;2703.70;1.06;0.00;463.60;car;;18;125.00
6695.00;23142338#2_0;290.21;9.58;6373.00;3.57;-23527526_0;5.10;0.00;tripinfo_out_gj_to_ns.92;322.00;out_gj_to_ns.92;0;2043.79;0.86;0.00;108.33;car;;6;59.00
6695.00;972103805_0;116.86;10.15;6404.00;0.64;-28716808#1_0;5.10;0.00;tripinfo_out_kl_to_ko.17;291.00;out_kl_to_ko.17;0;1927.03;0.95;0.00;107.82;car;;5;71.00
6696.00;972103805_0;116.86;11.77;5001.00;0.17;-230845886_0;5.10;0.00;tripinfo_in_ba_to_ko.181;1695.00;in_ba_to_ko.181;0;2114.29;1.08;0.00;1516.56;car;;30;1026.00
6697.00;23142338#2_0;290.21;9.90;6378.00;0.50;-23527526_0;5.10;0.00;tripinfo_out_gj_to_ns.93;319.00;out_gj_to_ns.93;0;2043.79;0.97;0.00;129.39;car;;4;55.00
6698.00;45494495_0;58.90;8.65;5742.00;0.73;-23156305_0;5.10;0.00;tripinfo_out_gg_to_os.10;956.00;out_gg_to_os.10;0;2621.43;0.79;0.00;657.19;car;;22;259.00
6698.00;28706217_0;94.10;6.01;6079.00;0.64;-28716808#1_0;5.10;0.00;tripinfo_out_kl_to_sl.11;619.00;out_kl_to_sl.11;0;2276.47;0.83;0.00;365.17;car;;14;107.00
6698.00;23156030#6_0;109.07;10.62;6449.00;0.75;-23142338#2_0;5.10;0.00;tripinfo_out_ns_to_od.12;249.00;out_ns_to_od.12;0;2005.01;1.06;0.00;67.05;car;;2;38.00
6699.00;972103805_0;116.86;11.27;5944.00;0.59;-23156305_0;5.10;0.00;tripinfo_out_gg_to_ko.11;755.00;out_gg_to_ko.11;0;2416.59;1.06;0.00;548.30;car;;21;274.00
6700.00;28706217_0;94.10;7.67;6175.00;0.99;23687583_0;5.10;0.00;tripinfo_out_as_to_sl.18;525.00;out_as_to_sl.18;0;1976.75;1.06;0.00;351.46;car;;15;99.00
6703.00;28706217_0;94.10;7.88;5680.00;0.56;-23156305_0;5.10;0.00;tripinfo_out_gg_to_sl.4;1023.00;out_gg_to_sl.4;0;2908.41;0.98;0.00;750.08;car;;24;339.00
6704.00;41899283#1_0;148.70;8.71;6626.00;1.77;-23527526_0;5.10;0.00;tripinfo_out_gj_to_as.49;78.00;out_gj_to_as.49;0;633.70;0.86;0.00;9.87;car;;0;0.00
6706.00;230845886_0;633.12;9.84;6443.00;0.22;-23142338#2_0;5.10;0.00;tripinfo_out_ns_to_ba.18;263.00;out_ns_to_ba.18;0;2340.42;0.98;0.00;48.37;car;;2;19.00
6706.00;41899283#1_0;148.70;11.55;6633.00;1.19;-23527526_0;5.10;0.00;tripinfo_out_gj_to_as.50;73.00;out_gj_to_as.50;0;633.70;1.06;0.00;18.15;car;;0;0.00
6708.00;41899283#1_0;148.70;12.04;6636.00;1.06;-23527526_0;5.10;0.00;tripinfo_out_gj_to_as.51;72.00;out_gj_to_as.51;0;633.70;1.15;0.00;20.52;car;;0;0.00
6710.00;41899283#1_0;148.70;10.83;6639.00;3.02;-23527526_0;5.10;0.00;tripinfo_out_gj_to_as.52;71.00;out_gj_to_as.52;0;633.70;1.06;0.00;15.19;car;;0;0.00
6711.00;23142338#2_0;290.21;11.95;6408.00;0.68;-23527526_0;5.10;0.00;tripinfo_out_gj_to_ns.94;303.00;out_gj_to_ns.94;0;2043.79;1.10;0.00;134.52;car;;8;71.00
6713.00;230845886_0;633.12;10.31;6061.00;0.55;-23156305_0;5.10;0.00;tripinfo_out_gg_to_ba.13;652.00;out_gg_to_ba.13;0;2288.16;1.00;0.00;445.63;car;;15;229.00
6715.00;230845886_0;633.12;12.12;6466.00;0.28;-23142338#2_0;5.10;0.00;tripinfo_out_ns_to_ba.19;249.00;out_ns_to_ba.19;0;2340.42;1.15;0.00;64.68;car;;3;22.00
6718.00;41899283#1_0;148.70;10.19;5947.00;530.83;-230845886_0;5.10;0.00;tripinfo_out_ba_to_as.8;771.00;out_ba_to_as.8;0;1430.78;0.97;0.00;637.25;car;;15;229.00
6718.00;230845886_0;633.12;11.72;6544.00;2.92;-23527526_0;5.10;0.00;tripinfo_out_gj_to_ba.41;174.00;out_gj_to_ba.41;0;1702.89;1.12;0.00;36.42;car;;1;1.00
6720.00;23156030#6_1;109.07;10.90;5712.00;0.00;-23156390_0;5.10;0.00;tripinfo_out_br_to_od.14;1008.00;out_br_to_od.14;0;2905.16;1.10;0.00;768.52;car;;23;348.00
6720.00;23142338#2_0;290.21;10.15;6411.00;0.67;-23527526_0;5.10;0.00;tripinfo_out_gj_to_ns.95;309.00;out_gj_to_ns.95;0;2043.79;0.94;0.00;112.91;car;;4;58.00
6721.00;28706217_0;94.10;8.59;4901.00;0.29;-230845886_0;5.10;0.00;tripinfo_in_ba_to_sl.61;1820.00;in_ba_to_sl.61;0;1934.94;1.15;0.00;1662.86;car;;36;1115.00
6722.00;23156030#6_0;109.07;10.35;5665.00;0.80;-23156390_0;5.10;0.00;tripinfo_out_br_to_od.12;1057.00;out_br_to_od.12;0;2905.16;1.02;0.00;798.69;car;;28;378.00
6724.00;23156030#6_0;109.07;10.87;5424.00;0.91;-23156305_0;5.10;0.00;tripinfo_out_gg_to_od.14;1300.00;out_gg_to_od.14;0;3288.97;1.04;0.00;1014.83;car;;38;486.00
6725.00;972103805_0;116.86;10.91;6615.00;3.84;-23527526_0;5.10;0.00;tripinfo_out_gj_to_ko.21;110.00;out_gj_to_ko.21;0;971.70;0.99;0.00;21.37;car;;1;8.00
6727.00;41899283#1_0;148.70;9.69;6660.00;0.77;-23527526_0;5.10;0.00;tripinfo_out_gj_to_as.53;67.00;out_gj_to_as.53;0;633.70;0.99;0.00;8.21;car;;0;0.00
6728.00;972103805_0;116.86;10.89;6450.00;0.73;-28716808#1_0;5.10;0.00;tripinfo_out_kl_to_ko.18;278.00;out_kl_to_ko.18;0;1927.03;0.99;0.00;101.45;car;;5;61.00
6730.00;28706217_0;94.10;7.45;4913.00;4.41;-230845886_0;5.10;0.00;tripinfo_in_ba_to_sl.62;1817.00;in_ba_to_sl.62;0;1934.94;0.94;0.00;1625.79;car;;34;1081.00
6730.00;972103805_0;116.86;10.67;5992.00;0.24;-23156305_0;5.10;0.00;tripinfo_out_gg_to_ko.12;738.00;out_gg_to_ko.12;0;2416.59;0.99;0.00;516.28;car;;19;269.00
6731.00;230845886_0;633.12;9.81;6584.00;0.07;23687583_0;5.10;0.00;tripinfo_out_as_to_ba.63;147.00;out_as_to_ba.63;0;1356.50;0.96;0.00;19.52;car;;0;0.00
6732.00;23142338#2_0;290.21;7.84;5693.00;0.73;-23156305_0;5.10;0.00;tripinfo_out_gg_to_ns.11;1039.00;out_gg_to_ns.11;0;2927.39;0.81;0.00;710.93;car;;22;475.00
6733.00;230845886_0;633.12;12.51;6566.00;0.74;-23527526_0;5.10;0.00;tripinfo_out_gj_to_ba.42;167.00;out_gj_to_ba.42;0;1702.89;1.13;0.00;29.67;car;;1;7.00
6734.00;972103805_0;116.86;9.14;6469.00;0.95;-28716808#1_0;5.10;0.00;tripinfo_out_kl_to_ko.19;265.00;out_kl_to_ko.19;0;1927.03;0.83;0.00;54.88;car;;2;24.00
6734.00;230845886_0;633.12;13.85;6570.00;0.81;-23527526_0;5.10;0.00;tripinfo_out_gj_to_ba.43;164.00;out_gj_to_ba.43;0;1702.89;1.26;0.00;40.79;car;;1;6.00
6739.00;23142338#2_0;290.21;12.48;5723.00;0.52;-23156305_0;5.10;0.00;tripinfo_out_gg_to_ns.12;1016.00;out_gg_to_ns.12;0;2927.39;1.13;0.00;779.51;car;;25;473.00
6750.00;41899283#1_0;148.70;10.14;6148.00;2.87;-23156305_0;5.10;0.00;tripinfo_out_gg_to_as.9;602.00;out_gg_to_as.9;0;1699.56;1.00;0.00;447.90;car;;13;240.00
6752.00;23156030#6_0;109.07;11.17;5673.00;2.51;-23156390_0;5.10;0.00;tripinfo_out_br_to_od.13;1079.00;out_br_to_od.13;0;2905.16;1.02;0.00;821.73;car;;27;399.00
6753.00;23156030#6_1;109.07;10.67;6017.00;0.43;-23527526_0;5.10;0.00;tripinfo_out_gj_to_od.8;736.00;out_gj_to_od.8;0;2703.70;1.04;0.00;500.32;car;;24;167.00
6755.00;41899283#1_0;148.70;8.07;5996.00;521.64;-230845886_0;5.10;0.00;tripinfo_out_ba_to_as.9;759.00;out_ba_to_as.9;0;1430.78;0.83;0.00;603.03;car;;15;232.00
6755.00;23142338#2_0;290.21;8.50;5751.00;0.68;-23156305_0;5.10;0.00;tripinfo_out_gg_to_ns.13;1004.00;out_gg_to_ns.13;0;2927.39;0.87;0.00;697.11;car;;21;413.00
6757.00;23142338#2_0;290.21;8.88;6423.00;2.34;-23527526_0;5.10;0.00;tripinfo_out_gj_to_ns.96;334.00;out_gj_to_ns.96;0;2043.79;0.88;0.00;124.92;car;;5;69.00
6757.00;41899283#1_0;148.70;10.18;6471.00;1.40;-23142338#2_0;5.10;0.00;tripinfo_out_ns_to_as.41;286.00;out_ns_to_as.41;0;2009.37;1.00;0.00;103.76;car;;3;58.00
6759.00;230845886_0;633.12;10.26;5487.00;2869.27;-45494495_0;5.10;0.00;tripinfo_in_os_to_ba.14;1272.00;in_os_to_ba.14;0;1746.52;0.93;0.00;1101.37;car;;20;972.00
6759.00;28706217_0;94.10;7.70;5994.00;0.48;-23156390_0;5.10;0.00;tripinfo_out_br_to_sl.6;765.00;out_br_to_sl.6;0;2524.60;0.97;0.00;523.84;car;;22;214.00
6760.00;23142338#2_0;290.21;9.22;6438.00;0.43;-23527526_0;5.10;0.00;tripinfo_out_gj_to_ns.97;322.00;out_gj_to_ns.97;0;2043.79;0.88;0.00;112.59;car;;4;59.00
6761.00;23142338#2_0;290.21;11.94;5748.00;507.01;-230845886_0;5.10;0.00;tripinfo_out_ba_to_ns.0;1013.00;out_ba_to_ns.0;0;2346.36;1.12;0.00;823.76;car;;12;316.00
6761.00;23156030#6_0;109.07;10.13;6074.00;5.33;23687583_0;5.10;0.00;tripinfo_out_as_to_od.20;687.00;out_as_to_od.20;0;2357.31;0.94;0.00;460.51;car;;17;173.00
6761.00;23156030#6_1;109.07;11.60;6486.00;0.07;-23142338#2_0;5.10;0.00;tripinfo_out_ns_to_od.14;275.00;out_ns_to_od.14;0;2005.01;1.08;0.00;97.01;car;;4;39.00
6767.00;23156030#6_0;109.07;9.75;6474.00;1.21;-23142338#2_0;5.10;0.00;tripinfo_out_ns_to_od.13;293.00;out_ns_to_od.13;0;2005.01;0.94;0.00;86.49;car;;3;45.00
6773.00;45494495_0;58.90;9.81;6226.00;0.02;-23527526_0;5.10;0.00;tripinfo_out_gj_to_os.11;547.00;out_gj_to_os.11;0;2036.16;0.94;0.00;351.47;car;;16;75.00
6775.00;45494495_0;58.90;9.99;6242.00;2.12;-23527526_0;5.10;0.00;tripinfo_out_gj_to_os.12;533.00;out_gj_to_os.12;0;2036.16;1.02;0.00;350.71;car;;14;75.00
6776.00;41899283#1_0;148.70;9.89;6517.00;0.56;-23142338#2_0;5.10;0.00;tripinfo_out_ns_to_as.42;259.00;out_ns_to_as.42;0;2009.37;1.00;0.00;75.93;car;;4;41.00
6776.00;230845886_0;633.12;9.54;6592.00;0.25;-23527526_0;5.10;0.00;tripinfo_out_gj_to_ba.44;184.00;out_gj_to_ba.44;0;1702.89;0.95;0.00;21.62;car;;1;3.00
6777.00;45494495_0;58.90;11.27;6257.00;0.78;-28716808#1_0;5.10;0.00;tripinfo_out_kl_to_os.8;520.00;out_kl_to_os.8;0;1989.49;1.04;0.00;346.12;car;;13;70.00
6778.00;41899283#1_0;148.70;10.31;6028.00;544.74;-230845886_0;5.10;0.00;tripinfo_out_ba_to_as.10;750.00;out_ba_to_as.10;0;1430.78;1.03;0.00;624.37;car;;14;240.00
6779.00;23156030#6_0;109.07;11.68;5735.00;0.33;-23156390_0;5.10;0.00;tripinfo_out_br_to_od.15;1044.00;out_br_to_od.15;0;2905.16;1.06;0.00;797.72;car;;26;375.00
6779.00;23142338#2_0;290.21;9.57;6452.00;0.48;-23527526_0;5.10;0.00;tripinfo_out_gj_to_ns.98;327.00;out_gj_to_ns.98;0;2043.79;0.93;0.00;127.66;car;;5;76.00
6779.00;230845886_0;633.12;9.19;6637.00;2.65;23687583_0;5.10;0.00;tripinfo_out_as_to_ba.64;142.00;out_as_to_ba.64;0;1356.50;0.94;0.00;11.27;car;;0;0.00
6780.00;41899283#1_0;148.70;12.06;6275.00;0.58;-23156390_0;5.10;0.00;tripinfo_out_br_to_as.4;505.00;out_br_to_as.4;0;2020.44;1.12;0.00;340.99;car;;9;227.00
6781.00;23156030#6_0;109.07;11.89;6105.00;0.55;23687583_0;5.10;0.00;tripinfo_out_as_to_od.22;676.00;out_as_to_od.22;0;2357.31;1.07;0.00;478.27;car;;15;159.00
6782.00;41899283#1_0;148.70;10.87;6565.00;3.57;-23142338#2_0;5.10;0.00;tripinfo_out_ns_to_as.43;217.00;out_ns_to_as.43;0;2009.37;1.06;0.00;44.67;car;;1;20.00
6783.00;28706217_0;94.10;8.18;6285.00;1.94;23687583_0;5.10;0.00;tripinfo_out_as_to_sl.19;498.00;out_as_to_sl.19;0;1976.75;1.02;0.00;316.95;car;;11;96.00
6783.00;230845886_0;633.12;9.07;6599.00;3.49;-23527526_0;5.10;0.00;tripinfo_out_gj_to_ba.45;184.00;out_gj_to_ba.45;0;1702.89;0.92;0.00;17.59;car;;0;0.00
6784.00;23142338#2_0;290.21;9.91;6207.00;0.02;-28716808#1_0;5.10;0.00;tripinfo_out_kl_to_ns.4;577.00;out_kl_to_ns.4;0;2305.34;0.89;0.00;341.89;car;;10;255.00
6785.00;28706217_0;94.10;8.53;6259.00;1.08;-23527526_0;5.10;0.00;tripinfo_out_gj_to_sl.6;526.00;out_gj_to_sl.6;0;2323.14;1.08;0.00;326.92;car;;14;87.00
6785.00;972103805_0;116.86;11.19;6259.00;0.11;-23156390_0;5.10;0.00;tripinfo_out_br_to_ko.14;526.00;out_br_to_ko.14;0;2703.95;1.03;0.00;287.23;car;;7;211.00
6785.00;230845886_0;633.12;10.76;6606.00;3.48;-23527526_0;5.10;0.00;tripinfo_out_gj_to_ba.46;179.00;out_gj_to_ba.46;0;1702.89;0.98;0.00;20.88;car;;0;0.00
6787.00;23142338#2_0;290.21;8.95;6261.00;8.03;23687583_0;5.10;0.00;tripinfo_out_as_to_ns.42;526.00;out_as_to_ns.42;0;1995.73;0.87;0.00;316.74;car;;10;234.00
6787.00;230845886_0;633.12;10.97;6612.00;1.86;-23527526_0;5.10;0.00;tripinfo_out_gj_to_ba.47;175.00;out_gj_to_ba.47;0;1702.89;1.03;0.00;25.16;car;;0;0.00
6788.00;23156030#6_0;109.07;10.09;6091.00;4.75;23687583_0;5.10;0.00;tripinfo_out_as_to_od.21;697.00;out_as_to_od.21;0;2357.31;0.98;0.00;479.71;car;;18;131.00
6788.00;23142338#2_0;290.21;10.89;6288.00;4.17;23687583_0;5.10;0.00;tripinfo_out_as_to_ns.43;500.00;out_as_to_ns.43;0;1995.73;1.02;0.00;322.20;car;;11;227.00
6795.00;41899283#1_0;148.70;11.72;6641.00;0.81;-28716808#1_0;5.10;0.00;tripinfo_out_kl_to_as.17;154.00;out_kl_to_as.17;0;1233.18;1.11;0.00;53.73;car;;2;26.00
6798.00;41899283#1_0;148.70;11.82;6045.00;471.39;-230845886_0;5.10;0.00;tripinfo_out_ba_to_as.12;753.00;out_ba_to_as.12;0;1430.78;1.08;0.00;632.85;car;;14;219.00
6798.00;23142338#2_0;290.21;12.76;6334.00;0.50;-28716808#1_0;5.10;0.00;tripinfo_out_kl_to_ns.5;464.00;out_kl_to_ns.5;0;2305.34;1.18;0.00;287.41;car;;9;200.00
6803.00;45494495_0;58.90;10.76;4958.00;5.99;-230845886_0;5.10;0.00;tripinfo_in_ba_to_os.86;1845.00;in_ba_to_os.86;0;1647.96;1.02;0.00;1698.48;car;;38;1044.00
6805.00;230845886_0;633.12;9.10;6509.00;0.72;-23142338#2_0;5.10;0.00;tripinfo_out_ns_to_ba.20;296.00;out_ns_to_ba.20;0;2340.42;0.87;0.00;55.62;car;;3;21.00
6805.00;45494495_0;58.90;9.63;6684.00;0.57;803785575#0_0;5.10;0.00;tripinfo_out_od_to_os.23;121.00;out_od_to_os.23;0;969.96;0.97;0.00;30.53;car;;2;8.00
6806.00;23142338#2_0;290.21;10.95;6360.00;0.12;23687583_0;5.10;0.00;tripinfo_out_as_to_ns.44;446.00;out_as_to_ns.44;0;1995.73;1.03;0.00;269.39;car;;10;183.00
6807.00;41899283#1_0;148.70;8.13;6042.00;478.49;-230845886_0;5.10;0.00;tripinfo_out_ba_to_as.11;765.00;out_ba_to_as.11;0;1430.78;0.75;0.00;593.44;car;;12;215.00
6807.00;230845886_0;633.12;9.94;6536.00;0.32;-23142338#2_0;5.10;0.00;tripinfo_out_ns_to_ba.21;271.00;out_ns_to_ba.21;0;2340.42;0.95;0.00;48.83;car;;2;17.00
6808.00;230845886_0;633.12;11.40;6551.00;0.86;-23142338#2_0;5.10;0.00;tripinfo_out_ns_to_ba.22;257.00;out_ns_to_ba.22;0;2340.42;1.11;0.00;67.39;car;;3;9.00
6809.00;41899283#1_0;148.70;10.15;6055.00;425.13;-230845886_0;5.10;0.00;tripinfo_out_ba_to_as.13;754.00;out_ba_to_as.13;0;1430.78;1.03;0.00;627.96;car;;11;205.00
6810.00;230845886_0;633.12;10.62;6183.00;0.43;-23156305_0;5.10;0.00;tripinfo_out_gg_to_ba.14;627.00;out_gg_to_ba.14;0;2288.16;1.06;0.00;432.03;car;;15;223.00
6811.00;41899283#1_0;148.70;10.14;6061.00;399.02;-230845886_0;5.10;0.00;tripinfo_out_ba_to_as.14;750.00;out_ba_to_as.14;0;1430.78;0.98;0.00;617.62;car;;12;203.00
6812.00;23142338#2_0;290.21;10.42;6370.00;0.61;23687583_0;5.10;0.00;tripinfo_out_as_to_ns.45;442.00;out_as_to_ns.45;0;1995.73;0.95;0.00;251.68;car;;9;171.00
6812.00;230845886_0;633.12;11.07;6569.00;1.35;-23142338#2_0;5.10;0.00;tripinfo_out_ns_to_ba.23;243.00;out_ns_to_ba.23;0;2340.42;1.05;0.00;43.12;car;;2;19.00
6813.00;23156030#6_0;109.07;10.75;6173.00;1.45;23687583_0;5.10;0.00;tripinfo_out_as_to_od.23;640.00;out_as_to_od.23;0;2357.31;1.04;0.00;435.31;car;;17;142.00
6814.00;41899283#1_0;148.70;8.94;6741.00;0.34;-23527526_0;5.10;0.00;tripinfo_out_gj_to_as.54;73.00;out_gj_to_as.54;0;633.70;0.91;0.00;8.82;car;;0;0.00
6815.00;28706217_0;94.10;7.09;4919.00;2.63;-230845886_0;5.10;0.00;tripinfo_in_ba_to_sl.63;1896.00;in_ba_to_sl.63;0;1934.94;0.93;0.00;1702.67;car;;37;1115.00
6815.00;23156030#6_1;109.07;11.63;6138.00;0.04;-28716808#1_0;5.10;0.00;tripinfo_out_kl_to_od.13;677.00;out_kl_to_od.13;0;2657.03;1.09;0.00;455.40;car;;18;161.00
6816.00;972103805_0;116.86;13.12;6714.00;0.84;-23527526_0;5.10;0.00;tripinfo_out_gj_to_ko.22;102.00;out_gj_to_ko.22;0;971.70;1.20;0.00;27.99;car;;0;0.00
6816.00;41899283#1_0;148.70;11.11;6746.00;0.13;-23527526_0;5.10;0.00;tripinfo_out_gj_to_as.55;70.00;out_gj_to_as.55;0;633.70;1.01;0.00;11.63;car;;0;0.00
6817.00;23156030#6_0;109.07;9.43;5738.00;2.10;-23156390_0;5.10;0.00;tripinfo_out_br_to_od.16;1079.00;out_br_to_od.16;0;2905.16;0.94;0.00;799.09;car;;26;401.00
6817.00;23156030#6_1;109.07;11.43;6184.00;0.73;23687583_0;5.10;0.00;tripinfo_out_as_to_od.24;633.00;out_as_to_od.24;0;2357.31;1.04;0.00;429.54;car;;19;145.00
6820.00;230845886_0;633.12;10.39;6572.00;2.47;-23142338#2_0;5.10;0.00;tripinfo_out_ns_to_ba.24;248.00;out_ns_to_ba.24;0;2340.42;0.99;0.00;36.06;car;;2;10.00
6821.00;23142338#2_0;290.21;11.51;5769.00;412.06;-230845886_0;5.10;0.00;tripinfo_out_ba_to_ns.1;1052.00;out_ba_to_ns.1;0;2346.36;1.05;0.00;849.41;car;;16;328.00
6822.00;28706217_0;94.10;6.53;4945.00;14.91;-230845886_0;5.10;0.00;tripinfo_in_ba_to_sl.64;1877.00;in_ba_to_sl.64;0;1934.94;0.90;0.00;1676.88;car;;33;1079.00
6822.00;230845886_0;633.12;11.69;6222.00;0.82;-23156305_0;5.10;0.00;tripinfo_out_gg_to_ba.15;600.00;out_gg_to_ba.15;0;2288.16;1.10;0.00;411.59;car;;14;202.00
6825.00;41899283#1_0;148.70;11.08;6760.00;0.16;-23527526_0;5.10;0.00;tripinfo_out_gj_to_as.56;65.00;out_gj_to_as.56;0;633.70;1.03;0.00;7.89;car;;0;0.00
6827.00;41899283#1_0;148.70;11.28;6544.00;0.62;803785575#0_0;5.10;0.00;tripinfo_out_od_to_as.25;283.00;out_od_to_as.25;0;2382.09;1.07;0.00;81.11;car;;2;18.00
6828.00;230845886_0;633.12;11.98;6577.00;0.90;-23142338#2_0;5.10;0.00;tripinfo_out_ns_to_ba.25;251.00;out_ns_to_ba.25;0;2340.42;1.09;0.00;57.57;car;;3;27.00
6833.00;41899283#1_0;148.70;8.66;6522.00;0.63;803785575#0_0;5.10;0.00;tripinfo_out_od_to_as.24;311.00;out_od_to_as.24;0;2382.09;0.84;0.00;53.78;car;;2;18.00
6833.00;23142338#2_0;290.21;10.77;6547.00;4.14;-23527526_0;5.10;0.00;tripinfo_out_gj_to_ns.99;286.00;out_gj_to_ns.99;0;2043.79;1.05;0.00;110.01;car;;4;65.00
6835.00;23142338#2_0;290.21;11.00;6550.00;5.79;-23527526_0;5.10;0.00;tripinfo_out_gj_to_ns.100;285.00;out_gj_to_ns.100;0;2043.79;1.10;0.00;115.90;car;;4;63.00
6835.00;41899283#1_0;148.70;10.71;6566.00;0.05;803785575#0_0;5.10;0.00;tripinfo_out_od_to_as.26;269.00;out_od_to_as.26;0;2382.09;1.06;0.00;64.90;car;;2;15.00
6838.00;41899283#1_0;148.70;9.88;6104.00;346.99;-230845886_0;5.10;0.00;tripinfo_out_ba_to_as.15;734.00;out_ba_to_as.15;0;1430.78;0.91;0.00;591.22;car;;14;201.00
6839.00;41899283#1_0;148.70;10.63;6153.00;367.07;-230845886_0;5.10;0.00;tripinfo_out_ba_to_as.17;686.00;out_ba_to_as.17;0;1430.78;1.06;0.00;564.67;car;;13;183.00
6839.00;23156030#6_0;109.07;11.55;6210.00;2.76;23687583_0;5.10;0.00;tripinfo_out_as_to_od.25;629.00;out_as_to_od.25;0;2357.31;1.14;0.00;442.31;car;;20;174.00
6839.00;23142338#2_0;290.21;10.24;6559.00;2.22;-23527526_0;5.10;0.00;tripinfo_out_gj_to_ns.101;280.00;out_gj_to_ns.101;0;2043.79;1.00;0.00;95.19;car;;4;50.00
6842.00;23156030#6_1;109.07;11.84;5824.00;0.71;-23156390_0;5.10;0.00;tripinfo_out_br_to_od.18;1018.00;out_br_to_od.18;0;2905.16;1.11;0.00;781.69;car;;31;352.00
6843.00;41899283#1_0;148.70;9.59;6146.00;376.38;-230845886_0;5.10;0.00;tripinfo_out_ba_to_as.16;697.00;out_ba_to_as.16;0;1430.78;0.89;0.00;550.76;car;;12;183.00
6843.00;28706217_0;94.10;7.84;6345.00;2.24;23687583_0;5.10;0.00;tripinfo_out_as_to_sl.21;498.00;out_as_to_sl.21;0;1976.75;1.01;0.00;316.02;car;;10;79.00
6846.00;972103805_0;116.86;8.86;6265.00;4.52;-23156390_0;5.10;0.00;tripinfo_out_br_to_ko.15;581.00;out_br_to_ko.15;0;2703.95;0.87;0.00;298.26;car;;8;212.00
6846.00;41899283#1_0;148.70;9.62;6606.00;0.13;-23142338#2_0;5.10;0.00;tripinfo_out_ns_to_as.44;240.00;out_ns_to_as.44;0;2009.37;0.87;0.00;30.59;car;;1;4.00
6847.00;972103805_0;116.86;9.97;6271.00;0.11;-23156390_0;5.10;0.00;tripinfo_out_br_to_ko.16;576.00;out_br_to_ko.16;0;2703.95;1.01;0.00;332.78;car;;8;208.00
6850.00;23156030#6_0;109.07;9.50;5709.00;0.64;-23156305_0;5.10;0.00;tripinfo_out_gg_to_od.17;1141.00;out_gg_to_od.17;0;3288.97;0.90;0.00;810.26;car;;30;396.00
6850.00;28706217_0;94.10;7.73;5791.00;0.16;-23156305_0;5.10;0.00;tripinfo_out_gg_to_sl.6;1059.00;out_gg_to_sl.6;0;2908.41;0.96;0.00;780.22;car;;26;306.00
6854.00;41899283#1_0;148.70;10.09;6782.00;1.98;-23527526_0;5.10;0.00;tripinfo_out_gj_to_as.57;72.00;out_gj_to_as.57;0;633.70;0.93;0.00;8.57;car;;0;0.00
6858.00;230845886_0;633.12;8.96;6679.00;0.77;23687583_0;5.10;0.00;tripinfo_out_as_to_ba.65;179.00;out_as_to_ba.65;0;1356.50;0.82;0.00;29.02;car;;1;7.00
6860.00;45494495_0;58.90;9.37;6368.00;0.39;-23142338#2_0;5.10;0.00;tripinfo_out_ns_to_os.4;492.00;out_ns_to_os.4;0;1865.82;0.88;0.00;300.66;car;;9;50.00
6860.00;230845886_0;633.12;9.65;6682.00;2.50;23687583_0;5.10;0.00;tripinfo_out_as_to_ba.66;178.00;out_as_to_ba.66;0;1356.50;0.90;0.00;40.85;car;;1;5.00
6861.00;230845886_0;633.12;11.88;6686.00;4.57;23687583_0;5.10;0.00;tripinfo_out_as_to_ba.67;175.00;out_as_to_ba.67;0;1356.50;1.14;0.00;67.28;car;;1;5.00
6862.00;23142338#2_0;290.21;11.03;6377.00;1.82;23687583_0;5.10;0.00;tripinfo_out_as_to_ns.46;485.00;out_as_to_ns.46;0;1995.73;1.06;0.00;313.80;car;;10;216.00
6863.00;230845886_0;633.12;9.83;6248.00;0.88;-23156305_0;5.10;0.00;tripinfo_out_gg_to_ba.16;615.00;out_gg_to_ba.16;0;2288.16;0.95;0.00;397.03;car;;10;206.00
6863.00;41899283#1_0;148.70;10.36;6366.00;0.04;-23156390_0;5.10;0.00;tripinfo_out_br_to_as.5;497.00;out_br_to_as.5;0;2020.44;0.95;0.00;304.22;car;;10;213.00
6863.00;23142338#2_0;290.21;11.30;6584.00;0.90;-23527526_0;5.10;0.00;tripinfo_out_gj_to_ns.102;279.00;out_gj_to_ns.102;0;2043.79;1.08;0.00;108.17;car;;4;64.00
6865.00;41899283#1_0;148.70;10.95;6174.00;371.50;-230845886_0;5.10;0.00;tripinfo_out_ba_to_as.18;691.00;out_ba_to_as.18;0;1430.78;1.06;0.00;568.79;car;;15;193.00
6865.00;230845886_0;633.12;11.38;6669.00;0.64;-23527526_0;5.10;0.00;tripinfo_out_gj_to_ba.49;196.00;out_gj_to_ba.49;0;1702.89;1.04;0.00;47.44;car;;0;0.00
6866.00;23142338#2_0;290.21;11.13;6596.00;0.50;-23527526_0;5.10;0.00;tripinfo_out_gj_to_ns.103;270.00;out_gj_to_ns.103;0;2043.79;1.06;0.00;95.19;car;;3;48.00
6868.00;23142338#2_0;290.21;10.73;6603.00;0.71;-23527526_0;5.10;0.00;tripinfo_out_gj_to_ns.104;265.00;out_gj_to_ns.104;0;2043.79;1.07;0.00;92.91;car;;3;47.00
6872.00;230845886_0;633.12;9.17;6663.00;0.59;-23527526_0;5.10;0.00;tripinfo_out_gj_to_ba.48;209.00;out_gj_to_ba.48;0;1702.89;0.83;0.00;22.73;car;;0;0.00
6873.00;23156030#6_0;109.07;11.31;5939.00;0.50;-23156390_0;5.10;0.00;tripinfo_out_br_to_od.20;934.00;out_br_to_od.20;0;2905.16;1.09;0.00;693.46;car;;28;310.00
6874.00;230845886_0;633.12;10.64;6681.00;0.92;-23527526_0;5.10;0.00;tripinfo_out_gj_to_ba.50;193.00;out_gj_to_ba.50;0;1702.89;1.07;0.00;48.87;car;;1;8.00
6874.00;41899283#1_0;148.70;8.95;6797.00;4.78;-23527526_0;5.10;0.00;tripinfo_out_gj_to_as.58;77.00;out_gj_to_as.58;0;633.70;0.86;0.00;8.83;car;;0;0.00
6875.00;972103805_0;116.86;9.83;6326.00;0.33;-23156390_0;5.10;0.00;tripinfo_out_br_to_ko.17;549.00;out_br_to_ko.17;0;2703.95;0.99;0.00;299.54;car;;9;201.00
6875.00;230845886_0;633.12;13.51;6725.00;0.00;23687583_0;5.10;0.00;tripinfo_out_as_to_ba.68;150.00;out_as_to_ba.68;0;1356.50;1.23;0.00;50.13;car;;1;6.00
6877.00;230845886_0;633.12;11.90;6700.00;0.76;-23527526_0;5.10;0.00;tripinfo_out_gj_to_ba.51;177.00;out_gj_to_ba.51;0;1702.89;1.11;0.00;38.37;car;;0;0.00
6877.00;41899283#1_0;148.70;9.23;6802.00;0.41;-23527526_0;5.10;0.00;tripinfo_out_gj_to_as.59;75.00;out_gj_to_as.59;0;633.70;0.88;0.00;8.56;car;;0;0.00
6882.00;45494495_0;58.90;11.23;6407.00;1.53;-28716808#1_0;5.10;0.00;tripinfo_out_kl_to_os.10;475.00;out_kl_to_os.10;0;1989.49;1.11;0.00;312.20;car;;10;58.00
6883.00;41899283#1_0;148.70;8.99;6808.00;0.51;-23527526_0;5.10;0.00;tripinfo_out_gj_to_as.60;75.00;out_gj_to_as.60;0;633.70;0.88;0.00;8.60;car;;0;0.00
6884.00;23156030#6_0;109.07;8.64;5729.00;0.08;-23156305_0;5.10;0.00;tripinfo_out_gg_to_od.18;1155.00;out_gg_to_od.18;0;3288.97;0.84;0.00;800.72;car;;33;379.00
6885.00;230845886_0;633.12;9.53;6703.00;3.42;-23527526_0;5.10;0.00;tripinfo_out_gj_to_ba.52;182.00;out_gj_to_ba.52;0;1702.89;0.94;0.00;17.83;car;;0;0.00
6889.00;23156030#6_0;109.07;9.04;5807.00;0.43;-23156390_0;5.10;0.00;tripinfo_out_br_to_od.17;1082.00;out_br_to_od.17;0;2905.16;0.82;0.00;761.01;car;;40;384.00
6889.00;41899283#1_0;148.70;9.55;6818.00;1.55;-23527526_0;5.10;0.00;tripinfo_out_gj_to_as.61;71.00;out_gj_to_as.61;0;633.70;0.92;0.00;7.86;car;;0;0.00
6891.00;41899283#1_0;148.70;11.91;6387.00;555.89;-230845886_0;5.10;0.00;tripinfo_out_ba_to_as.19;504.00;out_ba_to_as.19;0;1430.78;1.18;0.00;394.56;car;;10;62.00
6893.00;230845886_0;633.12;10.35;5547.00;2911.82;-45494495_0;5.10;0.00;tripinfo_in_os_to_ba.15;1346.00;in_os_to_ba.15;0;1746.52;0.94;0.00;1177.14;car;;19;1071.00
6894.00;23156030#6_0;109.07;8.33;5696.00;0.79;-23156305_0;5.10;0.00;tripinfo_out_gg_to_od.16;1198.00;out_gg_to_od.16;0;3288.97;0.80;0.00;828.40;car;;37;403.00
6895.00;23142338#2_0;290.21;10.64;6349.00;0.63;-28716808#1_0;5.10;0.00;tripinfo_out_kl_to_ns.6;546.00;out_kl_to_ns.6;0;2305.34;1.01;0.00;339.30;car;;11;243.00
6895.00;230845886_0;633.12;11.99;6660.00;0.13;803785575#0_0;5.10;0.00;tripinfo_out_od_to_ba.7;235.00;out_od_to_ba.7;0;2382.14;1.11;0.00;40.95;car;;0;0.00
6897.00;230845886_0;633.12;10.39;6642.00;0.54;-23142338#2_0;5.10;0.00;tripinfo_out_ns_to_ba.26;255.00;out_ns_to_ba.26;0;2340.42;1.04;0.00;52.58;car;;2;25.00
6901.00;23156030#6_0;109.07;11.39;5868.00;0.57;-23156390_0;5.10;0.00;tripinfo_out_br_to_od.19;1033.00;out_br_to_od.19;0;2905.16;1.09;0.00;791.88;car;;35;354.00
6901.00;23142338#2_0;290.21;9.76;6609.00;0.26;-23527526_0;5.10;0.00;tripinfo_out_gj_to_ns.105;292.00;out_gj_to_ns.105;0;2043.79;0.95;0.00;97.36;car;;4;56.00
6903.00;23156030#6_1;109.07;10.87;6301.00;6.93;23687583_0;5.10;0.00;tripinfo_out_as_to_od.27;602.00;out_as_to_od.27;0;2357.31;1.09;0.00;406.84;car;;14;123.00
6903.00;23142338#2_0;290.21;9.98;6618.00;3.44;-23527526_0;5.10;0.00;tripinfo_out_gj_to_ns.106;285.00;out_gj_to_ns.106;0;2043.79;0.98;0.00;95.32;car;;4;49.00
6905.00;23156030#6_0;109.07;10.11;6239.00;0.14;-23527526_0;5.10;0.00;tripinfo_out_gj_to_od.9;666.00;out_gj_to_od.9;0;2703.70;0.97;0.00;413.02;car;;15;148.00
6905.00;41899283#1_0;148.70;12.38;6304.00;0.74;-23156305_0;5.10;0.00;tripinfo_out_gg_to_as.10;601.00;out_gg_to_as.10;0;1699.56;1.16;0.00;467.47;car;;14;231.00
6907.00;28706217_0;94.10;7.10;6314.00;0.05;23687583_0;5.10;0.00;tripinfo_out_as_to_sl.20;593.00;out_as_to_sl.20;0;1976.75;0.94;0.00;398.84;car;;20;112.00
6907.00;230845886_0;633.12;9.97;6720.00;0.81;-23527526_0;5.10;0.00;tripinfo_out_gj_to_ba.53;187.00;out_gj_to_ba.53;0;1702.89;0.98;0.00;30.68;car;;1;2.00
6909.00;230845886_0;633.12;10.64;6728.00;0.72;-23527526_0;5.10;0.00;tripinfo_out_gj_to_ba.54;181.00;out_gj_to_ba.54;0;1702.89;1.07;0.00;36.61;car;;1;2.00
6912.00;23142338#2_0;290.21;11.10;6727.00;0.45;803785575#0_0;5.10;0.00;tripinfo_out_od_to_ns.6;185.00;out_od_to_ns.6;0;1928.29;1.11;0.00;16.32;car;;0;0.00
6915.00;41899283#1_0;148.70;8.98;6407.00;549.48;-230845886_0;5.10;0.00;tripinfo_out_ba_to_as.20;508.00;out_ba_to_as.20;0;1430.78;0.90;0.00;364.82;car;;9;49.00
6918.00;45494495_0;58.90;10.58;6370.00;0.57;-28716808#1_0;5.10;0.00;tripinfo_out_kl_to_os.9;548.00;out_kl_to_os.9;0;1989.49;1.00;0.00;368.09;car;;20;89.00
6920.00;41899283#1_0;148.70;9.25;6847.00;0.28;-23527526_0;5.10;0.00;tripinfo_out_gj_to_as.62;73.00;out_gj_to_as.62;0;633.70;0.90;0.00;8.53;car;;0;0.00
6924.00;230845886_0;633.12;9.82;6285.00;3.03;-23156305_0;5.10;0.00;tripinfo_out_gg_to_ba.17;639.00;out_gg_to_ba.17;0;2288.16;0.91;0.00;413.40;car;;12;207.00
6924.00;23142338#2_0;290.21;11.19;6623.00;0.81;-23527526_0;5.10;0.00;tripinfo_out_gj_to_ns.107;301.00;out_gj_to_ns.107;0;2043.79;1.02;0.00;119.52;car;;5;63.00
6924.00;45494495_0;58.90;11.23;6781.00;0.78;803785575#0_0;5.10;0.00;tripinfo_out_od_to_os.24;143.00;out_od_to_os.24;0;969.96;1.03;0.00;57.79;car;;4;29.00
6927.00;45494495_0;58.90;9.79;5031.00;0.74;-230845886_0;5.10;0.00;tripinfo_out_ba_to_os.0;1896.00;out_ba_to_os.0;0;1647.96;0.97;0.00;1741.74;car;;45;1005.00
6929.00;23156030#6_0;109.07;11.65;6308.00;0.98;-28716808#1_0;5.10;0.00;tripinfo_out_kl_to_od.14;621.00;out_kl_to_od.14;0;2657.03;1.08;0.00;398.26;car;;13;121.00
6929.00;230845886_0;633.12;13.19;6734.00;1.04;-28716808#1_0;5.10;0.00;tripinfo_out_kl_to_ba.4;195.00;out_kl_to_ba.4;0;1656.22;1.20;0.00;69.44;car;;3;38.00
6929.00;41899283#1_0;148.70;11.07;6864.00;0.50;-23527526_0;5.10;0.00;tripinfo_out_gj_to_as.63;65.00;out_gj_to_as.63;0;633.70;1.03;0.00;7.95;car;;0;0.00
6930.00;45494495_0;58.90;8.41;5034.00;1.16;-230845886_0;5.10;0.00;tripinfo_out_ba_to_os.1;1896.00;out_ba_to_os.1;0;1647.96;0.86;0.00;1722.47;car;;46;985.00
6930.00;23156030#6_1;109.07;11.44;5776.00;0.47;-23156305_0;5.10;0.00;tripinfo_out_gg_to_od.19;1154.00;out_gg_to_od.19;0;3288.97;1.10;0.00;884.41;car;;29;378.00
6931.00;41899283#1_0;148.70;11.20;6354.00;0.79;-23156305_0;5.10;0.00;tripinfo_out_gg_to_as.11;577.00;out_gg_to_as.11;0;1699.56;1.08;0.00;433.48;car;;15;190.00
6933.00;28706217_0;94.10;8.22;5783.00;0.55;-23156305_0;5.10;0.00;tripinfo_out_gg_to_sl.5;1150.00;out_gg_to_sl.5;0;2908.41;1.05;0.00;895.38;car;;34;367.00
6933.00;23142338#2_0;290.21;9.72;5818.00;0.10;-23156305_0;5.10;0.00;tripinfo_out_gg_to_ns.14;1115.00;out_gg_to_ns.14;0;2927.39;0.91;0.00;821.41;car;;28;503.00
6934.00;23142338#2_0;290.21;11.19;6469.00;0.99;23687583_0;5.10;0.00;tripinfo_out_as_to_ns.47;465.00;out_as_to_ns.47;0;1995.73;1.11;0.00;301.02;car;;11;208.00
6935.00;23156030#6_0;109.07;11.92;6327.00;2.47;23687583_0;5.10;0.00;tripinfo_out_as_to_od.28;608.00;out_as_to_od.28;0;2357.31;1.09;0.00;412.88;car;;15;126.00
6935.00;972103805_0;116.86;9.97;6815.00;3.16;-23527526_0;5.10;0.00;tripinfo_out_gj_to_ko.23;120.00;out_gj_to_ko.23;0;971.70;1.01;0.00;31.94;car;;1;17.00
6936.00;28706217_0;94.10;8.05;6393.00;0.85;-23527526_0;5.10;0.00;tripinfo_out_gj_to_sl.7;543.00;out_gj_to_sl.7;0;2323.14;1.07;0.00;340.95;car;;10;77.00
6937.00;41899283#1_0;148.70;9.75;6704.00;0.97;-23142338#2_0;5.10;0.00;tripinfo_out_ns_to_as.45;233.00;out_ns_to_as.45;0;2009.37;0.88;0.00;25.19;car;;0;0.00
6938.00;972103805_0;116.86;9.97;6688.00;2.18;-28716808#1_0;5.10;0.00;tripinfo_out_kl_to_ko.20;250.00;out_kl_to_ko.20;0;1927.03;0.99;0.00;74.12;car;;2;31.00
6944.00;972103805_0;116.86;9.04;6376.00;0.39;-23156390_0;5.10;0.00;tripinfo_out_br_to_ko.18;568.00;out_br_to_ko.18;0;2703.95;0.83;0.00;273.28;car;;8;178.00
6946.00;23156030#6_0;109.07;9.70;6032.00;0.19;-23156390_0;5.10;0.00;tripinfo_out_br_to_od.22;914.00;out_br_to_od.22;0;2905.16;0.88;0.00;614.97;car;;21;283.00
6949.00;23142338#2_0;290.21;11.28;5978.00;0.16;-23156305_0;5.10;0.00;tripinfo_out_gg_to_ns.15;971.00;out_gg_to_ns.15;0;2927.39;1.13;0.00;736.48;car;;27;418.00
6953.00;45494495_0;58.90;8.45;5069.00;0.30;-230845886_0;5.10;0.00;tripinfo_out_ba_to_os.2;1884.00;out_ba_to_os.2;0;1647.96;0.85;0.00;1707.29;car;;47;954.00
6955.00;230845886_0;633.12;9.83;6804.00;0.23;23687583_0;5.10;0.00;tripinfo_out_as_to_ba.69;151.00;out_as_to_ba.69;0;1356.50;0.97;0.00;24.48;car;;1;9.00
6956.00;230845886_0;633.12;11.17;6816.00;1.97;23687583_0;5.10;0.00;tripinfo_out_as_to_ba.70;140.00;out_as_to_ba.70;0;1356.50;1.01;0.00;19.12;car;;1;2.00
6960.00;23156030#6_1;109.07;12.74;4969.00;0.32;-230845886_0;5.10;0.00;tripinfo_in_ba_to_od.10;1991.00;in_ba_to_od.10;0;2315.50;1.17;0.00;1812.49;car;;42;1113.00
6964.00;23142338#2_0;290.21;9.52;6630.00;1.42;-23527526_0;5.10;0.00;tripinfo_out_gj_to_ns.108;334.00;out_gj_to_ns.108;0;2043.79;0.88;0.00;123.36;car;;5;73.00
6965.00;23156030#6_0;109.07;10.46;6255.00;3.78;23687583_0;5.10;0.00;tripinfo_out_as_to_od.26;710.00;out_as_to_od.26;0;2357.31;0.97;0.00;490.72;car;;24;171.00
6966.00;23142338#2_0;290.21;10.44;6642.00;2.01;-23527526_0;5.10;0.00;tripinfo_out_gj_to_ns.109;324.00;out_gj_to_ns.109;0;2043.79;0.95;0.00;129.56;car;;5;71.00
6967.00;28706217_0;94.10;7.47;5802.00;0.61;-23156305_0;5.10;0.00;tripinfo_out_gg_to_sl.7;1165.00;out_gg_to_sl.7;0;2908.41;0.90;0.00;868.41;car;;35;337.00
6967.00;41899283#1_0;148.70;9.79;6788.00;0.15;-28716808#1_0;5.10;0.00;tripinfo_out_kl_to_as.18;179.00;out_kl_to_as.18;0;1233.18;0.95;0.00;60.41;car;;2;30.00
6968.00;41899283#1_0;148.70;10.33;6820.00;0.51;-28716808#1_0;5.10;0.00;tripinfo_out_kl_to_as.19;148.00;out_kl_to_as.19;0;1233.18;0.99;0.00;34.97;car;;1;17.00
6970.00;41899283#1_0;148.70;11.54;6438.00;469.70;-230845886_0;5.10;0.00;tripinfo_out_ba_to_as.21;532.00;out_ba_to_as.21;0;1430.78;1.14;0.00;418.16;car;;9;73.00
6971.00;230845886_0;633.12;8.46;6300.00;0.25;-23156305_0;5.10;0.00;tripinfo_out_gg_to_ba.18;671.00;out_gg_to_ba.18;0;2288.16;0.87;0.00;434.70;car;;12;229.00
6973.00;230845886_0;633.12;9.95;6717.00;0.17;-23142338#2_0;5.10;0.00;tripinfo_out_ns_to_ba.27;256.00;out_ns_to_ba.27;0;2340.42;0.96;0.00;38.19;car;;1;13.00
6976.00;23156030#6_0;109.07;8.84;5942.00;3.39;-23156390_0;5.10;0.00;tripinfo_out_br_to_od.21;1034.00;out_br_to_od.21;0;2905.16;0.84;0.00;721.95;car;;29;309.00
6977.00;41899283#1_0;148.70;9.95;6908.00;0.32;-23527526_0;5.10;0.00;tripinfo_out_gj_to_as.64;69.00;out_gj_to_as.64;0;633.70;0.94;0.00;7.66;car;;0;0.00
6979.00;23142338#2_0;290.21;11.72;6649.00;0.37;-23527526_0;5.10;0.00;tripinfo_out_gj_to_ns.110;330.00;out_gj_to_ns.110;0;2043.79;1.13;0.00;167.01;car;;6;90.00
6980.00;28706217_0;94.10;7.03;6727.00;0.05;-23142338#2_0;5.10;0.00;tripinfo_out_ns_to_sl.7;253.00;out_ns_to_sl.7;0;1619.36;0.89;0.00;68.56;car;;4;32.00
6986.00;23142338#2_0;290.21;11.47;6495.00;0.73;23687583_0;5.10;0.00;tripinfo_out_as_to_ns.48;491.00;out_as_to_ns.48;0;1995.73;1.04;0.00;316.46;car;;10;232.00
6987.00;23142338#2_0;290.21;11.34;6509.00;0.59;23687583_0;5.10;0.00;tripinfo_out_as_to_ns.49;478.00;out_as_to_ns.49;0;1995.73;1.09;0.00;311.80;car;;12;216.00
6990.00;23156030#6_0;109.07;12.46;6346.00;2.15;-23527526_0;5.10;0.00;tripinfo_out_gj_to_od.10;644.00;out_gj_to_od.10;0;2703.70;1.13;0.00;427.77;car;;17;126.00
6993.00;230845886_0;633.12;9.61;6723.00;0.72;-23142338#2_0;5.10;0.00;tripinfo_out_ns_to_ba.28;270.00;out_ns_to_ba.28;0;2340.42;0.88;0.00;30.19;car;;1;4.00
6994.00;230845886_0;633.12;11.13;6771.00;0.84;803785575#0_0;5.10;0.00;tripinfo_out_od_to_ba.8;223.00;out_od_to_ba.8;0;2382.14;1.08;0.00;24.58;car;;0;0.00
6995.00;972103805_0;116.86;10.06;6419.00;0.33;-23156390_0;5.10;0.00;tripinfo_out_br_to_ko.19;576.00;out_br_to_ko.19;0;2703.95;1.02;0.00;335.33;car;;11;233.00
6998.00;45494495_0;58.90;9.56;5702.00;490.35;-230845886_0;5.10;0.00;tripinfo_out_ba_to_os.3;1296.00;out_ba_to_os.3;0;1647.96;0.96;0.00;1141.08;car;;27;411.00
6999.00;28706217_0;94.10;7.95;5250.00;76.90;-230845886_0;5.10;0.00;tripinfo_out_ba_to_sl.0;1749.00;out_ba_to_sl.0;0;1934.94;0.97;0.00;1563.45;car;;45;818.00
6999.00;45494495_0;58.90;11.89;5741.00;517.45;-230845886_0;5.10;0.00;tripinfo_out_ba_to_os.4;1258.00;out_ba_to_os.4;0;1647.96;1.08;0.00;1119.50;car;;24;398.00
6999.00;972103805_0;116.86;9.83;6312.00;0.44;-23156305_0;5.10;0.00;tripinfo_out_gg_to_ko.13;687.00;out_gg_to_ko.13;0;2416.59;0.94;0.00;453.18;car;;14;231.00
7001.00;230845886_0;633.12;10.58;6812.00;0.38;-23527526_0;5.10;0.00;tripinfo_out_gj_to_ba.55;189.00;out_gj_to_ba.55;0;1702.89;1.04;0.00;40.77;car;;1;5.00
7002.00;28706217_0;94.10;7.22;6784.00;0.21;-23142338#2_0;5.10;0.00;tripinfo_out_ns_to_sl.8;218.00;out_ns_to_sl.8;0;1619.36;0.95;0.00;46.13;car;;3;15.00
7003.00;45494495_0;58.90;8.23;6831.00;0.09;803785575#0_0;5.10;0.00;tripinfo_out_od_to_os.25;172.00;out_od_to_os.25;0;969.96;0.85;0.00;68.30;car;;4;41.00
7004.00;41899283#1_0;148.70;8.48;6864.00;0.51;-28716808#1_0;5.10;0.00;tripinfo_out_kl_to_as.20;140.00;out_kl_to_as.20;0;1233.18;0.88;0.00;12.45;car;;0;0.00
7005.00;45494495_0;58.90;11.08;5760.00;497.35;-230845886_0;5.10;0.00;tripinfo_out_ba_to_os.5;1245.00;out_ba_to_os.5;0;1647.96;1.00;0.00;1095.10;car;;29;381.00
7005.00;23156030#6_0;109.07;9.17;6373.00;0.81;23687583_0;5.10;0.00;tripinfo_out_as_to_od.30;632.00;out_as_to_od.30;0;2357.31;0.83;0.00;376.76;car;;14;125.00
7007.00;23156030#6_0;109.07;9.50;6165.00;0.73;-23156390_0;5.10;0.00;tripinfo_out_br_to_od.24;842.00;out_br_to_od.24;0;2905.16;0.87;0.00;539.07;car;;22;217.00
7009.00;23142338#2_0;290.21;12.25;6521.00;0.24;23687583_0;5.10;0.00;tripinfo_out_as_to_ns.50;488.00;out_as_to_ns.50;0;1995.73;1.12;0.00;325.43;car;;13;219.00
7015.00;41899283#1_0;148.70;8.23;6448.00;468.24;-230845886_0;5.10;0.00;tripinfo_out_ba_to_as.22;567.00;out_ba_to_as.22;0;1430.78;0.78;0.00;399.95;car;;10;77.00
7017.00;41899283#1_0;148.70;10.65;6950.00;0.40;-23527526_0;5.10;0.00;tripinfo_out_gj_to_as.65;67.00;out_gj_to_as.65;0;633.70;1.00;0.00;7.71;car;;0;0.00
7020.00;230845886_0;633.12;8.51;6844.00;0.69;23687583_0;5.10;0.00;tripinfo_out_as_to_ba.71;176.00;out_as_to_ba.71;0;1356.50;0.82;0.00;27.10;car;;1;4.00
7022.00;23142338#2_0;290.21;9.96;6015.00;0.74;-23156305_0;5.10;0.00;tripinfo_out_gg_to_ns.16;1007.00;out_gg_to_ns.16;0;2927.39;0.91;0.00;714.87;car;;24;426.00
7025.00;23156030#6_0;109.07;9.81;6138.00;0.94;-23156390_0;5.10;0.00;tripinfo_out_br_to_od.23;887.00;out_br_to_od.23;0;2905.16;0.97;0.00;616.68;car;;26;270.00
7025.00;23156030#6_1;109.07;10.66;6370.00;3.21;-23527526_0;5.10;0.00;tripinfo_out_gj_to_od.11;655.00;out_gj_to_od.11;0;2703.70;1.04;0.00;421.20;car;;13;128.00
7025.00;972103805_0;116.86;10.27;6754.00;0.74;-28716808#1_0;5.10;0.00;tripinfo_out_kl_to_ko.21;271.00;out_kl_to_ko.21;0;1927.03;1.01;0.00;98.16;car;;4;58.00
7028.00;41899283#1_0;148.70;8.81;6474.00;404.22;-230845886_0;5.10;0.00;tripinfo_out_ba_to_as.23;554.00;out_ba_to_as.23;0;1430.78;0.87;0.00;405.19;car;;10;69.00
7029.00;230845886_0;633.12;9.28;6774.00;1.14;803785575#0_0;5.10;0.00;tripinfo_out_od_to_ba.9;255.00;out_od_to_ba.9;0;2382.14;0.93;0.00;23.63;car;;0;0.00
7030.00;41899283#1_0;148.70;9.75;6387.00;0.95;-23156305_0;5.10;0.00;tripinfo_out_gg_to_as.12;643.00;out_gg_to_as.12;0;1699.56;0.92;0.00;474.29;car;;16;240.00
7030.00;23142338#2_0;290.21;9.07;6706.00;1.78;-23527526_0;5.10;0.00;tripinfo_out_gj_to_ns.111;324.00;out_gj_to_ns.111;0;2043.79;0.83;0.00;101.49;car;;4;58.00
7032.00;23156030#6_0;109.07;9.40;6383.00;2.77;23687583_0;5.10;0.00;tripinfo_out_as_to_od.31;649.00;out_as_to_od.31;0;2357.31;0.89;0.00;411.09;car;;17;143.00
7032.00;41899283#1_0;148.70;10.21;6757.00;1.44;-23142338#2_0;5.10;0.00;tripinfo_out_ns_to_as.46;275.00;out_ns_to_as.46;0;2009.37;0.99;0.00;90.52;car;;5;45.00
7032.00;23142338#2_0;290.21;10.89;6836.00;0.12;803785575#0_0;5.10;0.00;tripinfo_out_od_to_ns.7;196.00;out_od_to_ns.7;0;1928.29;1.09;0.00;24.83;car;;0;0.00
7038.00;41899283#1_0;148.70;8.87;6761.00;5.42;-23142338#2_0;5.10;0.00;tripinfo_out_ns_to_as.47;277.00;out_ns_to_as.47;0;2009.37;0.81;0.00;51.67;car;;1;15.00
7038.00;28706217_0;94.10;7.20;6821.00;2.57;-23142338#2_0;5.10;0.00;tripinfo_out_ns_to_sl.9;217.00;out_ns_to_sl.9;0;1619.36;0.96;0.00;46.46;car;;3;13.00
7041.00;23142338#2_0;290.21;11.82;6735.00;0.78;-23527526_0;5.10;0.00;tripinfo_out_gj_to_ns.112;306.00;out_gj_to_ns.112;0;2043.79;1.08;0.00;135.34;car;;6;84.00
7043.00;23142338#2_0;290.21;11.19;6537.00;0.70;23687583_0;5.10;0.00;tripinfo_out_as_to_ns.51;506.00;out_as_to_ns.51;0;1995.73;1.10;0.00;340.38;car;;12;238.00
7048.00;45494495_0;58.90;9.13;6882.00;1.72;803785575#0_0;5.10;0.00;tripinfo_out_od_to_os.26;166.00;out_od_to_os.26;0;969.96;0.84;0.00;61.17;car;;6;32.00
7049.00;23156030#6_1;109.07;12.59;5012.00;0.55;-230845886_0;5.10;0.00;tripinfo_out_ba_to_od.0;2037.00;out_ba_to_od.0;0;2315.50;1.18;0.00;1859.24;car;;45;1093.00
7051.00;23142338#2_0;290.21;9.86;6601.00;1.12;23687583_0;5.10;0.00;tripinfo_out_as_to_ns.52;450.00;out_as_to_ns.52;0;1995.73;0.97;0.00;262.70;car;;11;188.00
7051.00;230845886_0;633.12;9.66;6745.00;0.67;-23142338#2_0;5.10;0.00;tripinfo_out_ns_to_ba.29;306.00;out_ns_to_ba.29;0;2340.42;0.87;0.00;64.60;car;;3;31.00
7053.00;230845886_0;633.12;10.96;6357.00;2.91;-23156305_0;5.10;0.00;tripinfo_out_gg_to_ba.19;696.00;out_gg_to_ba.19;0;2288.16;1.01;0.00;490.15;car;;17;213.00
7054.00;23156030#6_0;109.07;9.97;6332.00;5.94;23687583_0;5.10;0.00;tripinfo_out_as_to_od.29;722.00;out_as_to_od.29;0;2357.31;0.98;0.00;504.68;car;;20;175.00
7054.00;41899283#1_0;148.70;10.83;6990.00;0.14;-23527526_0;5.10;0.00;tripinfo_out_gj_to_as.66;64.00;out_gj_to_as.66;0;633.70;1.04;0.00;8.01;car;;0;0.00
7055.00;23156030#6_1;109.07;11.00;6408.00;0.30;23687583_0;5.10;0.00;tripinfo_out_as_to_od.33;647.00;out_as_to_od.33;0;2357.31;1.00;0.00;433.86;car;;14;145.00
7057.00;972103805_0;116.86;8.97;6781.00;0.77;-28716808#1_0;5.10;0.00;tripinfo_out_kl_to_ko.22;276.00;out_kl_to_ko.22;0;1927.03;0.83;0.00;65.96;car;;3;35.00
7060.00;28706217_0;94.10;8.19;6210.00;0.33;-23156390_0;5.10;0.00;tripinfo_out_br_to_sl.7;850.00;out_br_to_sl.7;0;2524.60;1.09;0.00;635.31;car;;20;284.00
7063.00;45494495_0;58.90;11.58;6568.00;0.39;23687583_0;5.10;0.00;tripinfo_out_as_to_os.14;495.00;out_as_to_os.14;0;1689.77;1.10;0.00;356.22;car;;16;72.00
7064.00;28706217_0;94.10;7.63;6835.00;4.76;-23142338#2_0;5.10;0.00;tripinfo_out_ns_to_sl.10;229.00;out_ns_to_sl.10;0;1619.36;0.98;0.00;62.09;car;;2;36.00
7066.00;45494495_0;58.90;9.89;5920.00;522.41;-230845886_0;5.10;0.00;tripinfo_out_ba_to_os.6;1146.00;out_ba_to_os.6;0;1647.96;0.96;0.00;991.28;car;;23;317.00
7069.00;23156030#6_0;109.07;9.36;6790.00;0.42;-23142338#2_0;5.10;0.00;tripinfo_out_ns_to_od.15;279.00;out_ns_to_od.15;0;2005.01;0.91;0.00;66.93;car;;3;31.00
7069.00;23156030#6_1;109.07;10.03;6799.00;0.66;-23142338#2_0;5.10;0.00;tripinfo_out_ns_to_od.16;270.00;out_ns_to_od.16;0;2005.01;0.94;0.00;63.74;car;;2;28.00
7070.00;45494495_0;58.90;8.67;6479.00;0.17;-28716808#1_0;5.10;0.00;tripinfo_out_kl_to_os.11;591.00;out_kl_to_os.11;0;1989.49;0.81;0.00;367.88;car;;14;97.00
7077.00;23142338#2_0;290.21;10.62;6605.00;0.25;23687583_0;5.10;0.00;tripinfo_out_as_to_ns.53;472.00;out_as_to_ns.53;0;1995.73;0.96;0.00;282.45;car;;10;201.00
7079.00;23142338#2_0;290.21;11.01;6630.00;0.63;23687583_0;5.10;0.00;tripinfo_out_as_to_ns.54;449.00;out_as_to_ns.54;0;1995.73;1.10;0.00;283.15;car;;10;195.00
7082.00;23142338#2_0;290.21;9.96;6779.00;0.07;-23527526_0;5.10;0.00;tripinfo_out_gj_to_ns.113;303.00;out_gj_to_ns.113;0;2043.79;0.96;0.00;109.49;car;;4;67.00
7083.00;28706217_0;94.10;8.30;6400.00;0.88;-23527526_0;5.10;0.00;tripinfo_out_gj_to_sl.8;683.00;out_gj_to_sl.8;0;2323.14;1.00;0.00;466.82;car;;24;134.00
7083.00;41899283#1_0;148.70;9.81;6824.00;5.08;-23142338#2_0;5.10;0.00;tripinfo_out_ns_to_as.48;259.00;out_ns_to_as.48;0;2009.37;0.95;0.00;66.41;car;;3;35.00
7085.00;23156030#6_1;109.07;11.25;6182.00;0.00;-23156390_0;5.10;0.00;tripinfo_out_br_to_od.25;903.00;out_br_to_od.25;0;2905.16;1.07;0.00;658.45;car;;23;273.00
7085.00;23156030#6_0;109.07;11.03;6187.00;0.55;-23156390_0;5.10;0.00;tripinfo_out_br_to_od.26;898.00;out_br_to_od.26;0;2905.16;1.02;0.00;638.90;car;;21;274.00
7087.00;28706217_0;94.10;7.08;5777.00;415.32;-230845886_0;5.10;0.00;tripinfo_out_ba_to_sl.2;1310.00;out_ba_to_sl.2;0;1934.94;0.97;0.00;1125.33;car;;28;419.00
7087.00;23156030#6_1;109.07;13.16;6397.00;0.51;23687583_0;5.10;0.00;tripinfo_out_as_to_od.32;690.00;out_as_to_od.32;0;2357.31;1.21;0.00;513.76;car;;21;150.00
7089.00;28706217_0;94.10;9.22;5413.00;226.67;-230845886_0;5.10;0.00;tripinfo_out_ba_to_sl.1;1676.00;out_ba_to_sl.1;0;1934.94;1.13;0.00;1516.63;car;;50;705.00
7089.00;45494495_0;58.90;12.46;6262.00;1.63;-23156390_0;5.10;0.00;tripinfo_out_br_to_os.5;827.00;out_br_to_os.5;0;2237.62;1.14;0.00;648.69;car;;23;285.00
7089.00;23156030#6_1;109.07;12.07;6868.00;0.75;-23142338#2_0;5.10;0.00;tripinfo_out_ns_to_od.17;221.00;out_ns_to_od.17;0;2005.01;1.13;0.00;49.93;car;;2;21.00
7090.00;23156030#6_0;109.07;9.42;5064.00;0.04;-230845886_0;5.10;0.00;tripinfo_out_ba_to_od.2;2026.00;out_ba_to_od.2;0;2315.50;0.89;0.00;1791.01;car;;46;1035.00
7090.00;41899283#1_0;148.70;8.58;7009.00;0.15;-23527526_0;5.10;0.00;tripinfo_out_gj_to_as.67;81.00;out_gj_to_as.67;0;633.70;0.82;0.00;9.40;car;;0;0.00
7097.00;230845886_0;633.12;9.43;6883.00;3.06;23687583_0;5.10;0.00;tripinfo_out_as_to_ba.72;214.00;out_as_to_ba.72;0;1356.50;0.89;0.00;76.49;car;;1;10.00
7098.00;45494495_0;58.90;11.46;6238.00;0.36;-23156390_0;5.10;0.00;tripinfo_out_br_to_os.4;860.00;out_br_to_os.4;0;2237.62;1.08;0.00;672.22;car;;20;297.00
7098.00;230845886_0;633.12;9.98;6886.00;3.12;23687583_0;5.10;0.00;tripinfo_out_as_to_ba.73;212.00;out_as_to_ba.73;0;1356.50;0.93;0.00;80.47;car;;1;9.00
7099.00;41899283#1_0;148.70;11.36;7030.00;8.92;-23527526_0;5.10;0.00;tripinfo_out_gj_to_as.68;69.00;out_gj_to_as.68;0;633.70;1.07;0.00;14.41;car;;0;0.00
7100.00;230845886_0;633.12;10.20;6853.00;0.17;-23142338#2_0;5.10;0.00;tripinfo_out_ns_to_ba.30;247.00;out_ns_to_ba.30;0;2340.42;0.94;0.00;24.66;car;;0;0.00
7101.00;45494495_0;58.90;11.46;6088.00;0.24;-23156305_0;5.10;0.00;tripinfo_out_gg_to_os.11;1013.00;out_gg_to_os.11;0;2621.43;1.12;0.00;801.02;car;;30;296.00
7101.00;28706217_0;94.10;8.28;7023.00;3.30;803785575#0_0;5.10;0.00;tripinfo_out_od_to_sl.8;78.00;out_od_to_sl.8;0;747.33;1.03;0.00;7.21;car;;0;0.00
7101.00;41899283#1_0;148.70;11.88;7033.00;6.08;-23527526_0;5.10;0.00;tripinfo_out_gj_to_as.69;68.00;out_gj_to_as.69;0;633.70;1.16;0.00;16.89;car;;0;0.00
7104.00;45494495_0;58.90;9.39;6972.00;0.15;803785575#0_0;5.10;0.00;tripinfo_out_od_to_os.27;132.00;out_od_to_os.27;0;969.96;0.92;0.00;36.90;car;;2;11.00
7106.00;45494495_0;58.90;11.95;6515.00;0.90;-28716808#1_0;5.10;0.00;tripinfo_out_kl_to_os.12;591.00;out_kl_to_os.12;0;1989.49;1.12;0.00;430.38;car;;20;105.00
7107.00;230845886_0;633.12;10.24;6906.00;0.23;23687583_0;5.10;0.00;tripinfo_out_as_to_ba.74;201.00;out_as_to_ba.74;0;1356.50;1.00;0.00;78.09;car;;2;5.00
7108.00;23142338#2_0;290.21;10.13;6785.00;2.63;-23527526_0;5.10;0.00;tripinfo_out_gj_to_ns.114;323.00;out_gj_to_ns.114;0;2043.79;0.93;0.00;125.49;car;;5;77.00
7109.00;28706217_0;94.10;8.61;6490.00;0.46;-28716808#1_0;5.10;0.00;tripinfo_out_kl_to_sl.12;619.00;out_kl_to_sl.12;0;2276.47;1.10;0.00;426.43;car;;16;84.00
7109.00;230845886_0;633.12;10.11;6912.00;0.01;23687583_0;5.10;0.00;tripinfo_out_as_to_ba.75;197.00;out_as_to_ba.75;0;1356.50;1.00;0.00;74.11;car;;1;5.00
7110.00;45494495_0;58.90;10.27;6099.00;0.35;-23156305_0;5.10;0.00;tripinfo_out_gg_to_os.12;1011.00;out_gg_to_os.12;0;2621.43;1.01;0.00;777.23;car;;24;287.00
7110.00;23156030#6_1;109.07;11.80;6432.00;0.50;-23527526_0;5.10;0.00;tripinfo_out_gj_to_od.12;678.00;out_gj_to_od.12;0;2703.70;1.10;0.00;454.99;car;;16;131.00
7110.00;23142338#2_0;290.21;13.70;6791.00;5.64;-23527526_0;5.10;0.00;tripinfo_out_gj_to_ns.115;319.00;out_gj_to_ns.115;0;2043.79;1.28;0.00;170.95;car;;6;74.00
7112.00;23156030#6_0;109.07;10.90;5109.00;0.80;-230845886_0;5.10;0.00;tripinfo_out_ba_to_od.3;2003.00;out_ba_to_od.3;0;2315.50;1.02;0.00;1797.69;car;;42;991.00
7112.00;23156030#6_1;109.07;13.11;6453.00;2.02;-28716808#1_0;5.10;0.00;tripinfo_out_kl_to_od.15;659.00;out_kl_to_od.15;0;2657.03;1.22;0.00;461.06;car;;14;123.00
7112.00;23142338#2_0;290.21;11.74;6794.00;2.35;-23527526_0;5.10;0.00;tripinfo_out_gj_to_ns.116;318.00;out_gj_to_ns.116;0;2043.79;1.07;0.00;145.58;car;;5;75.00
7113.00;45494495_0;58.90;10.92;6996.00;0.60;803785575#0_0;5.10;0.00;tripinfo_out_od_to_os.28;117.00;out_od_to_os.28;0;969.96;1.01;0.00;29.81;car;;2;7.00
7113.00;41899283#1_0;148.70;10.07;7046.00;0.82;-23527526_0;5.10;0.00;tripinfo_out_gj_to_as.70;67.00;out_gj_to_as.70;0;633.70;1.00;0.00;7.84;car;;0;0.00
7114.00;23156030#6_0;109.07;12.02;5825.00;0.53;-23156305_0;5.10;0.00;tripinfo_out_gg_to_od.20;1289.00;out_gg_to_od.20;0;3288.97;1.09;0.00;1015.63;car;;38;384.00
7114.00;23142338#2_0;290.21;10.91;6821.00;2.59;-23527526_0;5.10;0.00;tripinfo_out_gj_to_ns.117;293.00;out_gj_to_ns.117;0;2043.79;1.01;0.00;109.01;car;;4;58.00
7115.00;230845886_0;633.12;10.61;6879.00;1.63;-23527526_0;5.10;0.00;tripinfo_out_gj_to_ba.56;236.00;out_gj_to_ba.56;0;1702.89;0.96;0.00;76.05;car;;1;3.00
7116.00;972103805_0;116.86;9.27;6993.00;1.96;-23527526_0;5.10;0.00;tripinfo_out_gj_to_ko.24;123.00;out_gj_to_ko.24;0;971.70;0.93;0.00;28.58;car;;1;15.00
7118.00;41899283#1_0;148.70;9.82;6856.00;2.41;-23142338#2_0;5.10;0.00;tripinfo_out_ns_to_as.49;262.00;out_ns_to_as.49;0;2009.37;0.99;0.00;77.11;car;;2;42.00
7118.00;972103805_0;116.86;9.90;6996.00;4.55;-23527526_0;5.10;0.00;tripinfo_out_gj_to_ko.25;122.00;out_gj_to_ko.25;0;971.70;0.98;0.00;31.61;car;;1;14.00
7118.00;28706217_0;94.10;7.22;7031.00;0.30;803785575#0_0;5.10;0.00;tripinfo_out_od_to_sl.9;87.00;out_od_to_sl.9;0;747.33;0.92;0.00;7.97;car;;0;0.00
7120.00;41899283#1_0;148.70;11.29;6477.00;396.00;-230845886_0;5.10;0.00;tripinfo_out_ba_to_as.24;643.00;out_ba_to_as.24;0;1430.78;1.13;0.00;527.99;car;;11;166.00
7123.00;972103805_0;116.86;9.94;6877.00;0.62;-28716808#1_0;5.10;0.00;tripinfo_out_kl_to_ko.23;246.00;out_kl_to_ko.23;0;1927.03;0.90;0.00;51.05;car;;3;23.00
7123.00;41899283#1_0;148.70;10.63;6879.00;0.72;803785575#0_0;5.10;0.00;tripinfo_out_od_to_as.27;244.00;out_od_to_as.27;0;2382.09;0.97;0.00;21.98;car;;0;0.00
7128.00;23142338#2_0;290.21;11.57;6844.00;2.04;-23527526_0;5.10;0.00;tripinfo_out_gj_to_ns.118;284.00;out_gj_to_ns.118;0;2043.79;1.15;0.00;123.22;car;;4;62.00
7136.00;23142338#2_0;290.21;10.67;6125.00;0.44;-23156305_0;5.10;0.00;tripinfo_out_gg_to_ns.17;1011.00;out_gg_to_ns.17;0;2927.39;1.03;0.00;751.91;car;;25;476.00
7138.00;23142338#2_0;290.21;10.84;6606.00;0.35;-28716808#1_0;5.10;0.00;tripinfo_out_kl_to_ns.7;532.00;out_kl_to_ns.7;0;2305.34;1.05;0.00;331.59;car;;10;233.00
7140.00;45494495_0;58.90;10.04;6068.00;374.04;-230845886_0;5.10;0.00;tripinfo_out_ba_to_os.8;1072.00;out_ba_to_os.8;0;1647.96;1.00;0.00;922.23;car;;27;245.00
7143.00;230845886_0;633.12;9.68;6435.00;0.64;-23156305_0;5.10;0.00;tripinfo_out_gg_to_ba.20;708.00;out_gg_to_ba.20;0;2288.16;0.95;0.00;489.55;car;;20;229.00
7143.00;972103805_0;116.86;12.61;6448.00;5.26;-23156305_0;5.10;0.00;tripinfo_out_gg_to_ko.14;695.00;out_gg_to_ko.14;0;2416.59;1.14;0.00;502.84;car;;17;233.00
7144.00;23156030#6_0;109.07;9.76;5843.00;0.83;-23156305_0;5.10;0.00;tripinfo_out_gg_to_od.21;1301.00;out_gg_to_od.21;0;3288.97;0.98;0.00;996.51;car;;37;405.00
7145.00;23156030#6_1;109.07;10.38;5566.00;364.28;-230845886_0;5.10;0.00;tripinfo_out_ba_to_od.4;1579.00;out_ba_to_od.4;0;2315.50;1.00;0.00;1370.49;car;;38;607.00
7148.00;972103805_0;116.86;11.15;6947.00;0.34;-28716808#1_0;5.10;0.00;tripinfo_out_kl_to_ko.24;201.00;out_kl_to_ko.24;0;1927.03;1.07;0.00;37.43;car;;1;11.00
7149.00;28706217_0;94.10;7.69;6080.00;0.45;-23156305_0;5.10;0.00;tripinfo_out_gg_to_sl.9;1069.00;out_gg_to_sl.9;0;2908.41;1.04;0.00;811.94;car;;32;297.00
7151.00;23156030#6_1;109.07;9.62;5754.00;499.40;-230845886_0;5.10;0.00;tripinfo_out_ba_to_od.5;1397.00;out_ba_to_od.5;0;2315.50;0.96;0.00;1179.90;car;;32;458.00
7151.00;23156030#6_0;109.07;9.52;5939.00;0.56;-23156305_0;5.10;0.00;tripinfo_out_gg_to_od.22;1212.00;out_gg_to_od.22;0;3288.97;0.93;0.00;894.07;car;;32;376.00
7151.00;28706217_0;94.10;8.09;6084.00;0.12;-23156305_0;5.10;0.00;tripinfo_out_gg_to_sl.10;1067.00;out_gg_to_sl.10;0;2908.41;1.02;0.00;803.20;car;;26;302.00
7155.00;45494495_0;58.90;9.89;6135.00;372.99;-230845886_0;5.10;0.00;tripinfo_out_ba_to_os.10;1020.00;out_ba_to_os.10;0;1647.96;0.95;0.00;863.09;car;;17;213.00
7156.00;41899283#1_0;148.70;8.94;6544.00;0.20;-23156390_0;5.10;0.00;tripinfo_out_br_to_as.7;612.00;out_br_to_as.7;0;2020.44;0.89;0.00;406.11;car;;11;269.00
7157.00;45494495_0;58.90;10.43;6614.00;0.34;23687583_0;5.10;0.00;tripinfo_out_as_to_os.15;543.00;out_as_to_os.15;0;1689.77;0.95;0.00;382.91;car;;15;51.00
7162.00;41899283#1_0;148.70;8.44;6529.00;0.86;-23156390_0;5.10;0.00;tripinfo_out_br_to_as.6;633.00;out_br_to_as.6;0;2020.44;0.82;0.00;410.03;car;;10;270.00
7164.00;45494495_0;58.90;10.56;6049.00;443.28;-230845886_0;5.10;0.00;tripinfo_out_ba_to_os.7;1115.00;out_ba_to_os.7;0;1647.96;1.02;0.00;969.51;car;;29;255.00
7164.00;41899283#1_0;148.70;12.51;7107.00;3.76;-23527526_0;5.10;0.00;tripinfo_out_gj_to_as.71;57.00;out_gj_to_as.71;0;633.70;1.23;0.00;9.42;car;;0;0.00
7166.00;23142338#2_0;290.21;10.58;6145.00;0.72;-23156305_0;5.10;0.00;tripinfo_out_gg_to_ns.18;1021.00;out_gg_to_ns.18;0;2927.39;0.99;0.00;751.09;car;;25;479.00
7167.00;23142338#2_0;290.21;10.19;6176.00;0.44;-23156305_0;5.10;0.00;tripinfo_out_gg_to_ns.19;991.00;out_gg_to_ns.19;0;2927.39;1.00;0.00;725.09;car;;25;454.00
7169.00;23142338#2_0;290.21;10.95;6210.00;2.21;-23156305_0;5.10;0.00;tripinfo_out_gg_to_ns.20;959.00;out_gg_to_ns.20;0;2927.39;1.00;0.00;693.34;car;;22;427.00
7171.00;23156030#6_0;109.07;10.71;5015.00;0.29;-230845886_0;5.10;0.00;tripinfo_out_ba_to_od.1;2156.00;out_ba_to_od.1;0;2315.50;1.03;0.00;1953.56;car;;52;1140.00
7171.00;41899283#1_0;148.70;9.82;6939.00;0.43;-23142338#2_0;5.10;0.00;tripinfo_out_ns_to_as.50;232.00;out_ns_to_as.50;0;2009.37;0.98;0.00;45.39;car;;2;14.00
7172.00;23156030#6_1;109.07;11.02;6040.00;0.69;-23156305_0;5.10;0.00;tripinfo_out_gg_to_od.24;1132.00;out_gg_to_od.24;0;3288.97;1.10;0.00;861.67;car;;29;340.00
7173.00;23156030#6_0;109.07;11.75;5757.00;500.36;-230845886_0;5.10;0.00;tripinfo_out_ba_to_od.6;1416.00;out_ba_to_od.6;0;2315.50;1.08;0.00;1221.93;car;;37;473.00
7177.00;23142338#2_0;290.21;9.36;6673.00;0.81;23687583_0;5.10;0.00;tripinfo_out_as_to_ns.55;504.00;out_as_to_ns.55;0;1995.73;0.90;0.00;302.64;car;;11;212.00
7179.00;28706217_0;94.10;6.83;6329.00;1.19;-23156390_0;5.10;0.00;tripinfo_out_br_to_sl.8;850.00;out_br_to_sl.8;0;2524.60;0.94;0.00;601.37;car;;14;236.00
7179.00;972103805_0;116.86;7.90;7057.00;0.05;-23527526_0;5.10;0.00;tripinfo_out_gj_to_ko.26;122.00;out_gj_to_ko.26;0;971.70;0.79;0.00;10.35;car;;0;0.00
7195.00;45494495_0;58.90;9.48;6094.00;380.06;-230845886_0;5.10;0.00;tripinfo_out_ba_to_os.9;1101.00;out_ba_to_os.9;0;1647.96;0.92;0.00;939.19;car;;24;223.00
7197.00;45494495_0;58.90;10.11;6609.00;1.48;-28716808#1_0;5.10;0.00;tripinfo_out_kl_to_os.13;588.00;out_kl_to_os.13;0;1989.49;0.93;0.00;394.12;car;;11;39.00
7198.00;23142338#2_0;290.21;9.21;6896.00;0.86;-23527526_0;5.10;0.00;tripinfo_out_gj_to_ns.119;302.00;out_gj_to_ns.119;0;2043.79;0.94;0.00;105.04;car;;4;64.00
7200.00;23142338#2_0;290.21;10.61;6899.00;1.13;-23527526_0;5.10;0.00;tripinfo_out_gj_to_ns.120;301.00;out_gj_to_ns.120;0;2043.79;1.06;0.00;126.56;car;;4;61.00
7202.00;23142338#2_0;290.21;10.91;6676.00;0.65;23687583_0;5.10;0.00;tripinfo_out_as_to_ns.56;526.00;out_as_to_ns.56;0;1995.73;1.07;0.00;355.70;car;;14;238.00
7205.00;230845886_0;633.12;10.25;6487.00;0.20;-23156305_0;5.10;0.00;tripinfo_out_gg_to_ba.21;718.00;out_gg_to_ba.21;0;2288.16;0.98;0.00;506.41;car;;18;216.00
7205.00;972103805_0;116.86;11.42;6998.00;0.06;-28716808#1_0;5.10;0.00;tripinfo_out_kl_to_ko.25;207.00;out_kl_to_ko.25;0;1927.03;1.04;0.00;38.79;car;;1;18.00
7206.00;28706217_0;94.10;7.45;6541.00;0.98;-23527526_0;5.10;0.00;tripinfo_out_gj_to_sl.9;665.00;out_gj_to_sl.9;0;2323.14;0.97;0.00;442.69;car;;19;102.00
7207.00;23156030#6_1;109.07;11.74;5763.00;430.19;-230845886_0;5.10;0.00;tripinfo_out_ba_to_od.7;1444.00;out_ba_to_od.7;0;2315.50;1.11;0.00;1254.34;car;;37;483.00
7207.00;230845886_0;633.12;10.97;6490.00;0.39;-23156305_0;5.10;0.00;tripinfo_out_gg_to_ba.22;717.00;out_gg_to_ba.22;0;2288.16;1.03;0.00;516.89;car;;18;206.00
7208.00;28706217_0;94.10;9.01;6053.00;0.63;-23156305_0;5.10;0.00;tripinfo_out_gg_to_sl.8;1155.00;out_gg_to_sl.8;0;2908.41;1.09;0.00;908.46;car;;36;325.00
7209.00;230845886_0;633.12;11.05;6983.00;0.37;-23142338#2_0;5.10;0.00;tripinfo_out_ns_to_ba.31;226.00;out_ns_to_ba.31;0;2340.42;1.01;0.00;17.23;car;;0;0.00
7210.00;23156030#6_0;109.07;10.07;5940.00;530.91;-230845886_0;5.10;0.00;tripinfo_out_ba_to_od.9;1270.00;out_ba_to_od.9;0;2315.50;0.94;0.00;1047.65;car;;31;350.00
7216.00;28706217_0;94.10;7.63;7043.00;0.57;-23142338#2_0;5.10;0.00;tripinfo_out_ns_to_sl.11;173.00;out_ns_to_sl.11;0;1619.36;1.05;0.00;16.97;car;;0;0.00
7217.00;23156030#6_0;109.07;7.80;5995.00;1.44;-23156305_0;5.10;0.00;tripinfo_out_gg_to_od.23;1222.00;out_gg_to_od.23;0;3288.97;0.82;0.00;859.20;car;;33;367.00
7218.00;41899283#1_0;148.70;9.06;7146.00;0.57;-23527526_0;5.10;0.00;tripinfo_out_gj_to_as.72;72.00;out_gj_to_as.72;0;633.70;0.92;0.00;8.99;car;;0;0.00
7219.00;230845886_0;633.12;10.03;7023.00;2.73;23687583_0;5.10;0.00;tripinfo_out_as_to_ba.76;196.00;out_as_to_ba.76;0;1356.50;0.92;0.00;62.80;car;;2;2.00
7220.00;230845886_0;633.12;11.38;6999.00;6.79;-23527526_0;5.10;0.00;tripinfo_out_gj_to_ba.57;221.00;out_gj_to_ba.57;0;1702.89;1.09;0.00;80.26;car;;1;1.00
7222.00;230845886_0;633.12;11.41;7030.00;0.51;23687583_0;5.10;0.00;tripinfo_out_as_to_ba.77;192.00;out_as_to_ba.77;0;1356.50;1.12;0.00;82.47;car;;0;0.00
7225.00;230845886_0;633.12;10.60;7018.00;6.68;-23527526_0;5.10;0.00;tripinfo_out_gj_to_ba.58;207.00;out_gj_to_ba.58;0;1702.89;1.01;0.00;54.10;car;;0;0.00
7225.00;41899283#1_0;148.70;10.38;7155.00;3.79;-23527526_0;5.10;0.00;tripinfo_out_gj_to_as.73;70.00;out_gj_to_as.73;0;633.70;1.03;0.00;13.72;car;;0;0.00
7227.00;23156030#6_0;109.07;12.12;5934.00;527.19;-230845886_0;5.10;0.00;tripinfo_out_ba_to_od.8;1293.00;out_ba_to_od.8;0;2315.50;1.12;0.00;1106.06;car;;30;372.00
7228.00;23142338#2_0;290.21;10.27;6240.00;0.82;-23156305_0;5.10;0.00;tripinfo_out_gg_to_ns.21;988.00;out_gg_to_ns.21;0;2927.39;0.94;0.00;704.82;car;;24;453.00
7230.00;23156030#6_0;109.07;12.03;5956.00;535.28;-230845886_0;5.10;0.00;tripinfo_out_ba_to_od.10;1274.00;out_ba_to_od.10;0;2315.50;1.09;0.00;1081.33;car;;37;361.00
7231.00;230845886_0;633.12;10.18;7021.00;9.25;-23527526_0;5.10;0.00;tripinfo_out_gj_to_ba.59;210.00;out_gj_to_ba.59;0;1702.89;0.97;0.00;51.74;car;;0;0.00
7233.00;23156030#6_0;109.07;10.97;6464.00;0.43;-28716808#1_0;5.10;0.00;tripinfo_out_kl_to_od.16;769.00;out_kl_to_od.16;0;2657.03;1.06;0.00;542.13;car;;18;190.00
7237.00;41899283#1_0;148.70;10.92;6481.00;378.47;-230845886_0;5.10;0.00;tripinfo_out_ba_to_as.25;756.00;out_ba_to_as.25;0;1430.78;1.03;0.00;629.77;car;;12;275.00
7237.00;230845886_0;633.12;9.90;7024.00;8.41;-23527526_0;5.10;0.00;tripinfo_out_gj_to_ba.60;213.00;out_gj_to_ba.60;0;1702.89;0.95;0.00;50.49;car;;1;5.00
7240.00;23142338#2_0;290.21;8.82;6911.00;0.88;-23527526_0;5.10;0.00;tripinfo_out_gj_to_ns.121;329.00;out_gj_to_ns.121;0;2043.79;0.80;0.00;97.64;car;;4;52.00
7240.00;230845886_0;633.12;10.44;7027.00;9.16;-23527526_0;5.10;0.00;tripinfo_out_gj_to_ba.61;213.00;out_gj_to_ba.61;0;1702.89;0.99;0.00;56.92;car;;2;11.00
7242.00;23142338#2_0;290.21;9.69;6943.00;0.60;-23527526_0;5.10;0.00;tripinfo_out_gj_to_ns.122;299.00;out_gj_to_ns.122;0;2043.79;0.97;0.00;108.44;car;;5;52.00
7242.00;230845886_0;633.12;11.78;7036.00;7.51;-23527526_0;5.10;0.00;tripinfo_out_gj_to_ba.62;206.00;out_gj_to_ba.62;0;1702.89;1.16;0.00;72.66;car;;2;9.00
7243.00;230845886_0;633.12;12.09;6518.00;0.88;-23156305_0;5.10;0.00;tripinfo_out_gg_to_ba.23;725.00;out_gg_to_ba.23;0;2288.16;1.12;0.00;540.18;car;;19;269.00
7244.00;23142338#2_0;290.21;11.19;6758.00;2.51;23687583_0;5.10;0.00;tripinfo_out_as_to_ns.57;486.00;out_as_to_ns.57;0;1995.73;1.09;0.00;318.50;car;;10;215.00
7246.00;230845886_0;633.12;10.22;6530.00;0.72;-23156305_0;5.10;0.00;tripinfo_out_gg_to_ba.24;716.00;out_gg_to_ba.24;0;2288.16;1.02;0.00;512.12;car;;17;255.00
7252.00;41899283#1_0;148.70;8.98;7180.00;0.29;-23527526_0;5.10;0.00;tripinfo_out_gj_to_as.74;72.00;out_gj_to_as.74;0;633.70;0.91;0.00;7.48;car;;0;0.00
7254.00;41899283#1_0;148.70;10.29;6591.00;0.86;-23156305_0;5.10;0.00;tripinfo_out_gg_to_as.13;663.00;out_gg_to_as.13;0;1699.56;0.98;0.00;504.62;car;;16;256.00
7256.00;41899283#1_0;148.70;11.61;7020.00;0.88;803785575#0_0;5.10;0.00;tripinfo_out_od_to_as.28;236.00;out_od_to_as.28;0;2382.09;1.13;0.00;45.85;car;;2;11.00
7257.00;23142338#2_0;290.21;10.35;6288.00;4.64;-23156305_0;5.10;0.00;tripinfo_out_gg_to_ns.22;969.00;out_gg_to_ns.22;0;2927.39;0.96;0.00;691.64;car;;21;419.00
7258.00;41899283#1_0;148.70;9.66;6575.00;0.15;-23156390_0;5.10;0.00;tripinfo_out_br_to_as.8;683.00;out_br_to_as.8;0;2020.44;0.97;0.00;493.79;car;;14;349.00
7259.00;23156030#6_0;109.07;10.76;5978.00;536.91;-230845886_0;5.10;0.00;tripinfo_out_ba_to_od.11;1281.00;out_ba_to_od.11;0;2315.50;1.07;0.00;1086.02;car;;34;374.00
7259.00;23142338#2_0;290.21;9.88;6799.00;0.68;23687583_0;5.10;0.00;tripinfo_out_as_to_ns.58;460.00;out_as_to_ns.58;0;1995.73;0.96;0.00;269.61;car;;8;197.00
7261.00;230845886_0;633.12;9.16;7084.00;0.91;23687583_0;5.10;0.00;tripinfo_out_as_to_ba.78;177.00;out_as_to_ba.78;0;1356.50;0.86;0.00;33.62;car;;1;11.00
7262.00;28706217_0;94.10;9.71;6038.00;489.18;-230845886_0;5.10;0.00;tripinfo_out_ba_to_sl.3;1224.00;out_ba_to_sl.3;0;1934.94;1.19;0.00;1072.36;car;;31;298.00
7262.00;230845886_0;633.12;11.33;7067.00;2.36;-23527526_0;5.10;0.00;tripinfo_out_gj_to_ba.63;195.00;out_gj_to_ba.63;0;1702.89;1.02;0.00;44.40;car;;1;8.00
7264.00;23156030#6_0;109.07;10.42;5985.00;536.25;-230845886_0;5.10;0.00;tripinfo_out_ba_to_od.12;1279.00;out_ba_to_od.12;0;2315.50;1.03;0.00;1075.79;car;;40;365.00
7264.00;23142338#2_0;290.21;8.85;6829.00;0.87;23687583_0;5.10;0.00;tripinfo_out_as_to_ns.59;435.00;out_as_to_ns.59;0;1995.73;0.91;0.00;234.64;car;;8;161.00
7264.00;230845886_0;633.12;11.36;7075.00;0.11;-23527526_0;5.10;0.00;tripinfo_out_gj_to_ba.64;189.00;out_gj_to_ba.64;0;1702.89;1.14;0.00;53.98;car;;1;6.00
7266.00;23142338#2_0;290.21;10.86;6342.00;5.41;-23156305_0;5.10;0.00;tripinfo_out_gg_to_ns.23;924.00;out_gg_to_ns.23;0;2927.39;1.03;0.00;664.85;car;;23;344.00
7266.00;41899283#1_0;148.70;12.74;7205.00;0.54;-23527526_0;5.10;0.00;tripinfo_out_gj_to_as.75;61.00;out_gj_to_as.75;0;633.70;1.17;0.00;10.79;car;;0;0.00
7267.00;230845886_0;633.12;9.50;6544.00;0.13;-23156305_0;5.10;0.00;tripinfo_out_gg_to_ba.25;723.00;out_gg_to_ba.25;0;2288.16;0.95;0.00;504.01;car;;14;257.00
7268.00;230845886_0;633.12;11.00;7123.00;1.99;23687583_0;5.10;0.00;tripinfo_out_as_to_ba.79;145.00;out_as_to_ba.79;0;1356.50;1.02;0.00;24.71;car;;0;0.00
7271.00;23156030#6_0;109.07;9.95;6220.00;0.51;-23156390_0;5.10;0.00;tripinfo_out_br_to_od.27;1051.00;out_br_to_od.27;0;2905.16;0.94;0.00;771.47;car;;25;367.00
7272.00;41899283#1_0;148.70;9.32;6717.00;0.67;-23156305_0;5.10;0.00;tripinfo_out_gg_to_as.14;555.00;out_gg_to_as.14;0;1699.56;0.87;0.00;376.20;car;;15;157.00
7274.00;41899283#1_0;148.70;10.74;7048.00;0.99;803785575#0_0;5.10;0.00;tripinfo_out_od_to_as.29;226.00;out_od_to_as.29;0;2382.09;1.08;0.00;26.98;car;;1;2.00
7276.00;41899283#1_0;148.70;11.65;7064.00;0.53;803785575#0_0;5.10;0.00;tripinfo_out_od_to_as.30;212.00;out_od_to_as.30;0;2382.09;1.14;0.00;23.23;car;;0;0.00
7281.00;45494495_0;58.90;10.24;6190.00;382.53;-230845886_0;5.10;0.00;tripinfo_out_ba_to_os.11;1091.00;out_ba_to_os.11;0;1647.96;0.94;0.00;931.77;car;;27;242.00
7282.00;230845886_0;633.12;11.86;6580.00;0.98;-23156305_0;5.10;0.00;tripinfo_out_gg_to_ba.26;702.00;out_gg_to_ba.26;0;2288.16;1.10;0.00;513.94;car;;17;261.00
7283.00;23142338#2_0;290.21;9.20;6462.00;398.09;-230845886_0;5.10;0.00;tripinfo_out_ba_to_ns.2;821.00;out_ba_to_ns.2;0;2346.36;0.85;0.00;570.35;car;;12;77.00
7283.00;45494495_0;58.90;10.35;6647.00;3.89;-28716808#1_0;5.10;0.00;tripinfo_out_kl_to_os.14;636.00;out_kl_to_os.14;0;1989.49;1.04;0.00;462.21;car;;16;90.00
7284.00;45494495_0;58.90;10.84;7138.00;0.49;803785575#0_0;5.10;0.00;tripinfo_out_od_to_os.29;146.00;out_od_to_os.29;0;969.96;1.09;0.00;65.53;car;;4;36.00
7285.00;23142338#2_0;290.21;11.06;7070.00;1.68;803785575#0_0;5.10;0.00;tripinfo_out_od_to_ns.8;215.00;out_od_to_ns.8;0;1928.29;1.10;0.00;45.01;car;;1;5.00
7286.00;45494495_0;58.90;10.26;7148.00;0.61;803785575#0_0;5.10;0.00;tripinfo_out_od_to_os.30;138.00;out_od_to_os.30;0;969.96;1.03;0.00;53.44;car;;6;11.00
7289.00;41899283#1_0;148.70;9.00;6503.00;363.36;-230845886_0;5.10;0.00;tripinfo_out_ba_to_as.26;786.00;out_ba_to_as.26;0;1430.78;0.87;0.00;636.69;car;;10;287.00
7290.00;23156030#6_0;109.07;11.53;6034.00;492.10;-230845886_0;5.10;0.00;tripinfo_out_ba_to_od.13;1256.00;out_ba_to_od.13;0;2315.50;1.06;0.00;1057.84;car;;31;358.00
7293.00;41899283#1_0;148.70;11.54;7180.00;0.67;-28716808#1_0;5.10;0.00;tripinfo_out_kl_to_as.21;113.00;out_kl_to_as.21;0;1233.18;1.09;0.00;10.44;car;;0;0.00
7294.00;230845886_0;633.12;10.61;6622.00;0.17;-23156305_0;5.10;0.00;tripinfo_out_gg_to_ba.27;672.00;out_gg_to_ba.27;0;2288.16;1.01;0.00;466.50;car;;15;223.00
7296.00;23156030#6_1;109.07;10.35;6500.00;0.89;-28716808#1_0;5.10;0.00;tripinfo_out_kl_to_od.17;796.00;out_kl_to_od.17;0;2657.03;1.04;0.00;565.33;car;;26;195.00
7296.00;972103805_0;116.86;10.03;7165.00;0.91;-23527526_0;5.10;0.00;tripinfo_out_gj_to_ko.27;131.00;out_gj_to_ko.27;0;971.70;0.95;0.00;37.61;car;;1;11.00
7297.00;23142338#2_0;290.21;8.29;6956.00;1.79;-23527526_0;5.10;0.00;tripinfo_out_gj_to_ns.123;341.00;out_gj_to_ns.123;0;2043.79;0.81;0.00;113.34;car;;5;65.00
7298.00;23156030#6_0;109.07;10.41;6226.00;0.89;-23156390_0;5.10;0.00;tripinfo_out_br_to_od.28;1072.00;out_br_to_od.28;0;2905.16;0.96;0.00;798.43;car;;28;397.00
7298.00;28706217_0;94.10;6.81;6652.00;1.89;-23527526_0;5.10;0.00;tripinfo_out_gj_to_sl.10;646.00;out_gj_to_sl.10;0;2323.14;0.92;0.00;413.11;car;;9;90.00
7299.00;23142338#2_0;290.21;11.60;6966.00;0.77;-23527526_0;5.10;0.00;tripinfo_out_gj_to_ns.124;333.00;out_gj_to_ns.124;0;2043.79;1.10;0.00;165.09;car;;5;62.00
7299.00;41899283#1_0;148.70;10.82;7067.00;2.60;803785575#0_0;5.10;0.00;tripinfo_out_od_to_as.31;232.00;out_od_to_as.31;0;2382.09;1.04;0.00;25.43;car;;1;2.00
7300.00;972103805_0;116.86;8.88;7076.00;0.05;-28716808#1_0;5.10;0.00;tripinfo_out_kl_to_ko.26;224.00;out_kl_to_ko.26;0;1927.03;0.89;0.00;28.24;car;;1;2.00
7300.00;28706217_0;94.10;8.06;7225.00;0.49;803785575#0_0;5.10;0.00;tripinfo_out_od_to_sl.10;75.00;out_od_to_sl.10;0;747.33;1.11;0.00;9.66;car;;0;0.00
7301.00;23142338#2_0;290.21;8.93;6970.00;0.01;-23527526_0;5.10;0.00;tripinfo_out_gj_to_ns.125;331.00;out_gj_to_ns.125;0;2043.79;0.91;0.00;127.51;car;;5;61.00
7303.00;23142338#2_0;290.21;10.08;6896.00;0.25;23687583_0;5.10;0.00;tripinfo_out_as_to_ns.60;407.00;out_as_to_ns.60;0;1995.73;0.95;0.00;216.07;car;;8;127.00
7304.00;230845886_0;633.12;11.48;7099.00;0.30;803785575#0_0;5.10;0.00;tripinfo_out_od_to_ba.10;205.00;out_od_to_ba.10;0;2382.14;1.13;0.00;14.82;car;;0;0.00
7306.00;45494495_0;58.90;11.59;6269.00;0.18;-23156305_0;5.10;0.00;tripinfo_out_gg_to_os.13;1037.00;out_gg_to_os.13;0;2621.43;1.12;0.00;825.10;car;;31;307.00
7308.00;23142338#2_0;290.21;12.21;7015.00;4.88;-23527526_0;5.10;0.00;tripinfo_out_gj_to_ns.126;293.00;out_gj_to_ns.126;0;2043.79;1.16;0.00;133.17;car;;6;65.00
7316.00;23156030#6_0;109.07;12.53;6625.00;0.43;23687583_0;5.10;0.00;tripinfo_out_as_to_od.36;691.00;out_as_to_od.36;0;2357.31;1.13;0.00;502.73;car;;17;137.00
7318.00;23142338#2_0;290.21;10.38;7039.00;9.86;-23527526_0;5.10;0.00;tripinfo_out_gj_to_ns.127;279.00;out_gj_to_ns.127;0;2043.79;0.99;0.00;91.39;car;;4;41.00
7319.00;230845886_0;633.12;12.44;6689.00;1.74;-23156305_0;5.10;0.00;tripinfo_out_gg_to_ba.28;630.00;out_gg_to_ba.28;0;2288.16;1.13;0.00;446.79;car;;13;183.00
7319.00;23142338#2_0;290.21;13.01;6920.00;1.64;23687583_0;5.10;0.00;tripinfo_out_as_to_ns.61;399.00;out_as_to_ns.61;0;1995.73;1.18;0.00;245.11;car;;8;145.00
7321.00;23156030#6_0;109.07;11.79;6556.00;0.78;23687583_0;5.10;0.00;tripinfo_out_as_to_od.34;765.00;out_as_to_od.34;0;2357.31;1.07;0.00;566.54;car;;23;194.00
7324.00;28706217_0;94.10;7.48;6074.00;377.27;-230845886_0;5.10;0.00;tripinfo_out_ba_to_sl.4;1250.00;out_ba_to_sl.4;0;1934.94;0.94;0.00;1059.38;car;;31;298.00
7331.00;23156030#6_0;109.07;9.80;6589.00;0.19;-28716808#1_0;5.10;0.00;tripinfo_out_kl_to_od.18;742.00;out_kl_to_od.18;0;2657.03;0.93;0.00;484.66;car;;22;134.00
7344.00;23142338#2_0;290.21;11.33;6375.00;2.53;-23156305_0;5.10;0.00;tripinfo_out_gg_to_ns.24;969.00;out_gg_to_ns.24;0;2927.39;1.03;0.00;709.86;car;;26;394.00
7345.00;45494495_0;58.90;11.83;6401.00;563.98;-230845886_0;5.10;0.00;tripinfo_out_ba_to_os.12;944.00;out_ba_to_os.12;0;1647.96;1.07;0.00;804.84;car;;21;150.00
7348.00;45494495_0;58.90;9.39;6410.00;539.68;-230845886_0;5.10;0.00;tripinfo_out_ba_to_os.13;938.00;out_ba_to_os.13;0;1647.96;0.95;0.00;780.86;car;;22;144.00
7349.00;23156030#6_0;109.07;10.83;6342.00;0.73;-23156390_0;5.10;0.00;tripinfo_out_br_to_od.30;1007.00;out_br_to_od.30;0;2905.16;1.07;0.00;761.95;car;;18;327.00
7349.00;45494495_0;58.90;11.59;6747.00;0.03;23687583_0;5.10;0.00;tripinfo_out_as_to_os.16;602.00;out_as_to_os.16;0;1689.77;1.07;0.00;459.67;car;;14;103.00
7352.00;23156030#6_0;109.07;10.56;6082.00;369.82;-230845886_0;5.10;0.00;tripinfo_out_ba_to_od.14;1270.00;out_ba_to_od.14;0;2315.50;1.04;0.00;1069.17;car;;25;341.00
7352.00;23142338#2_0;290.21;9.25;6961.00;0.27;23687583_0;5.10;0.00;tripinfo_out_as_to_ns.62;391.00;out_as_to_ns.62;0;1995.73;0.93;0.00;195.58;car;;8;117.00
7354.00;23142338#2_0;290.21;9.65;7053.00;0.71;-23527526_0;5.10;0.00;tripinfo_out_gj_to_ns.128;301.00;out_gj_to_ns.128;0;2043.79;0.95;0.00;106.56;car;;5;61.00
7356.00;23156030#6_0;109.07;11.25;6161.00;366.80;-230845886_0;5.10;0.00;tripinfo_out_ba_to_od.15;1195.00;out_ba_to_od.15;0;2315.50;1.09;0.00;1002.62;car;;22;297.00
7359.00;230845886_0;633.12;8.70;7074.00;0.69;-23142338#2_0;5.10;0.00;tripinfo_out_ns_to_ba.32;285.00;out_ns_to_ba.32;0;2340.42;0.88;0.00;46.74;car;;2;13.00
7361.00;230845886_0;633.12;12.30;7204.00;0.32;23687583_0;5.10;0.00;tripinfo_out_as_to_ba.80;157.00;out_as_to_ba.80;0;1356.50;1.11;0.00;46.23;car;;2;10.00
7363.00;45494495_0;58.90;10.76;6430.00;511.58;-230845886_0;5.10;0.00;tripinfo_out_ba_to_os.14;933.00;out_ba_to_os.14;0;1647.96;1.06;0.00;792.16;car;;21;123.00
7365.00;28706217_0;94.10;9.08;7297.00;0.49;803785575#0_0;5.10;0.00;tripinfo_out_od_to_sl.11;68.00;out_od_to_sl.11;0;747.33;1.17;0.00;5.81;car;;0;0.00
7368.00;41899283#1_0;148.70;9.91;7301.00;0.79;-23527526_0;5.10;0.00;tripinfo_out_gj_to_as.76;67.00;out_gj_to_as.76;0;633.70;0.99;0.00;8.00;car;;0;0.00
7371.00;23142338#2_0;290.21;11.39;7061.00;0.40;-23527526_0;5.10;0.00;tripinfo_out_gj_to_ns.129;310.00;out_gj_to_ns.129;0;2043.79;1.07;0.00;137.29;car;;4;61.00
7371.00;230845886_0;633.12;9.36;7171.00;0.00;-23527526_0;5.10;0.00;tripinfo_out_gj_to_ba.65;200.00;out_gj_to_ba.65;0;1702.89;0.93;0.00;35.28;car;;1;1.00
7374.00;23156030#6_0;109.07;8.61;6592.00;1.45;-28716808#1_0;5.10;0.00;tripinfo_out_kl_to_od.19;782.00;out_kl_to_od.19;0;2657.03;0.78;0.00;475.92;car;;14;142.00
7374.00;23142338#2_0;290.21;11.45;7064.00;0.24;-23527526_0;5.10;0.00;tripinfo_out_gj_to_ns.130;310.00;out_gj_to_ns.130;0;2043.79;1.06;0.00;135.81;car;;4;63.00
7374.00;45494495_0;58.90;10.15;7252.00;0.88;803785575#0_0;5.10;0.00;tripinfo_out_od_to_os.31;122.00;out_od_to_os.31;0;969.96;0.96;0.00;30.55;car;;1;18.00
7376.00;23142338#2_0;290.21;11.59;7070.00;0.29;-23527526_0;5.10;0.00;tripinfo_out_gj_to_ns.131;306.00;out_gj_to_ns.131;0;2043.79;1.10;0.00;137.31;car;;4;60.00
7377.00;45494495_0;58.90;12.85;6751.00;0.31;-23527526_0;5.10;0.00;tripinfo_out_gj_to_os.13;626.00;out_gj_to_os.13;0;2036.16;1.16;0.00;467.23;car;;11;105.00
7377.00;230845886_0;633.12;9.50;7099.00;0.26;-23142338#2_0;5.10;0.00;tripinfo_out_ns_to_ba.33;278.00;out_ns_to_ba.33;0;2340.42;0.93;0.00;52.01;car;;2;27.00
7377.00;23142338#2_0;290.21;11.63;7101.00;0.39;-23527526_0;5.10;0.00;tripinfo_out_gj_to_ns.132;276.00;out_gj_to_ns.132;0;2043.79;1.11;0.00;109.48;car;;5;55.00
7379.00;230845886_0;633.12;12.23;6855.00;0.33;-23156390_0;5.10;0.00;tripinfo_out_br_to_ba.5;524.00;out_br_to_ba.5;0;1904.35;1.12;0.00;369.67;car;;10;216.00
7380.00;23156030#6_0;109.07;10.76;6579.00;0.87;23687583_0;5.10;0.00;tripinfo_out_as_to_od.35;801.00;out_as_to_od.35;0;2357.31;1.05;0.00;598.27;car;;28;168.00
7382.00;28706217_0;94.10;7.73;6254.00;0.58;-23156305_0;5.10;0.00;tripinfo_out_gg_to_sl.11;1128.00;out_gg_to_sl.11;0;2908.41;1.02;0.00;864.91;car;;30;350.00
7382.00;45494495_0;58.90;10.10;6782.00;2.40;23687583_0;5.10;0.00;tripinfo_out_as_to_os.17;600.00;out_as_to_os.17;0;1689.77;0.95;0.00;439.28;car;;13;103.00
7387.00;23156030#6_0;109.07;9.84;6166.00;369.29;-230845886_0;5.10;0.00;tripinfo_out_ba_to_od.16;1221.00;out_ba_to_od.16;0;2315.50;0.96;0.00;1004.53;car;;26;323.00
7387.00;41899283#1_0;148.70;10.55;7322.00;0.83;-23527526_0;5.10;0.00;tripinfo_out_gj_to_as.77;65.00;out_gj_to_as.77;0;633.70;1.03;0.00;8.26;car;;0;0.00
7389.00;23156030#6_0;109.07;10.22;6268.00;5.56;-23156390_0;5.10;0.00;tripinfo_out_br_to_od.29;1121.00;out_br_to_od.29;0;2905.16;0.97;0.00;850.44;car;;34;362.00
7389.00;972103805_0;116.86;10.22;7291.00;0.85;-23527526_0;5.10;0.00;tripinfo_out_gj_to_ko.28;98.00;out_gj_to_ko.28;0;971.70;0.99;0.00;8.87;car;;0;0.00
7392.00;41899283#1_0;148.70;9.85;6719.00;0.74;-23156390_0;5.10;0.00;tripinfo_out_br_to_as.9;673.00;out_br_to_as.9;0;2020.44;0.89;0.00;467.99;car;;15;317.00
7394.00;41899283#1_0;148.70;10.82;6848.00;0.02;-23156390_0;5.10;0.00;tripinfo_out_br_to_as.10;546.00;out_br_to_as.10;0;2020.44;1.02;0.00;365.82;car;;12;223.00
7397.00;41899283#1_0;148.70;8.59;7114.00;3.23;-23142338#2_0;5.10;0.00;tripinfo_out_ns_to_as.51;283.00;out_ns_to_as.51;0;2009.37;0.88;0.00;76.17;car;;4;40.00
7399.00;23142338#2_0;290.21;11.98;7104.00;2.72;-23527526_0;5.10;0.00;tripinfo_out_gj_to_ns.133;295.00;out_gj_to_ns.133;0;2043.79;1.12;0.00;130.41;car;;5;68.00
7399.00;41899283#1_0;148.70;9.52;7117.00;0.14;-23142338#2_0;5.10;0.00;tripinfo_out_ns_to_as.52;282.00;out_ns_to_as.52;0;2009.37;0.95;0.00;88.97;car;;4;37.00
7399.00;230845886_0;633.12;9.35;7231.00;0.99;23687583_0;5.10;0.00;tripinfo_out_as_to_ba.81;168.00;out_as_to_ba.81;0;1356.50;0.93;0.00;36.67;car;;1;3.00
7401.00;230845886_0;633.12;11.98;7234.00;0.33;23687583_0;5.10;0.00;tripinfo_out_as_to_ba.82;167.00;out_as_to_ba.82;0;1356.50;1.12;0.00;57.11;car;;1;3.00
7403.00;41899283#1_0;148.70;9.57;7123.00;0.72;-23142338#2_0;5.10;0.00;tripinfo_out_ns_to_as.53;280.00;out_ns_to_as.53;0;2009.37;0.88;0.00;71.33;car;;4;29.00
7403.00;230845886_0;633.12;11.69;7138.00;0.21;-23142338#2_0;5.10;0.00;tripinfo_out_ns_to_ba.34;265.00;out_ns_to_ba.34;0;2340.42;1.13;0.00;77.65;car;;3;32.00
7403.00;28706217_0;94.10;9.11;7331.00;3.02;803785575#0_0;5.10;0.00;tripinfo_out_od_to_sl.12;72.00;out_od_to_sl.12;0;747.33;1.17;0.00;10.05;car;;0;0.00
7404.00;23142338#2_0;290.21;11.04;6451.00;4.21;-23156305_0;5.10;0.00;tripinfo_out_gg_to_ns.25;953.00;out_gg_to_ns.25;0;2927.39;1.06;0.00;701.81;car;;26;379.00
7405.00;41899283#1_0;148.70;11.99;6541.00;339.10;-230845886_0;5.10;0.00;tripinfo_out_ba_to_as.27;864.00;out_ba_to_as.27;0;1430.78;1.09;0.00;744.28;car;;12;376.00
7405.00;230845886_0;633.12;12.43;7191.00;0.25;-23142338#2_0;5.10;0.00;tripinfo_out_ns_to_ba.35;214.00;out_ns_to_ba.35;0;2340.42;1.18;0.00;34.69;car;;1;4.00
7406.00;23142338#2_0;290.21;10.55;7115.00;0.30;-23527526_0;5.10;0.00;tripinfo_out_gj_to_ns.134;291.00;out_gj_to_ns.134;0;2043.79;1.05;0.00;115.17;car;;4;64.00
7408.00;28706217_0;94.10;8.95;6755.00;1.44;23687583_0;5.10;0.00;tripinfo_out_as_to_sl.22;653.00;out_as_to_sl.22;0;1976.75;1.08;0.00;482.72;car;;17;130.00
7409.00;23142338#2_0;290.21;11.34;7119.00;0.69;-23527526_0;5.10;0.00;tripinfo_out_gj_to_ns.135;290.00;out_gj_to_ns.135;0;2043.79;1.05;0.00;113.36;car;;4;62.00
7411.00;41899283#1_0;148.70;12.55;7129.00;0.05;-23142338#2_0;5.10;0.00;tripinfo_out_ns_to_as.54;282.00;out_ns_to_as.54;0;2009.37;1.17;0.00;124.98;car;;4;43.00
7412.00;28706217_0;94.10;7.86;6418.00;532.24;-230845886_0;5.10;0.00;tripinfo_out_ba_to_sl.5;994.00;out_ba_to_sl.5;0;1934.94;0.99;0.00;811.21;car;;27;175.00
7412.00;230845886_0;633.12;9.39;7213.00;0.42;-23527526_0;5.10;0.00;tripinfo_out_gj_to_ba.66;199.00;out_gj_to_ba.66;0;1702.89;0.94;0.00;35.35;car;;1;5.00
7414.00;41899283#1_0;148.70;11.85;7208.00;0.21;-23142338#2_0;5.10;0.00;tripinfo_out_ns_to_as.55;206.00;out_ns_to_as.55;0;2009.37;1.08;0.00;36.48;car;;2;8.00
7415.00;972103805_0;116.86;10.35;6648.00;0.48;-23156390_0;5.10;0.00;tripinfo_out_br_to_ko.20;767.00;out_br_to_ko.20;0;2703.95;1.00;0.00;520.62;car;;14;372.00
7416.00;23156030#6_1;109.07;10.77;6202.00;393.07;-230845886_0;5.10;0.00;tripinfo_out_ba_to_od.17;1214.00;out_ba_to_od.17;0;2315.50;1.03;0.00;1010.94;car;;21;334.00
7417.00;28706217_0;94.10;7.77;6291.00;2.38;-23156305_0;5.10;0.00;tripinfo_out_gg_to_sl.12;1126.00;out_gg_to_sl.12;0;2908.41;0.96;0.00;847.21;car;;27;282.00
7418.00;23156030#6_0;109.07;9.85;6388.00;0.08;-23156390_0;5.10;0.00;tripinfo_out_br_to_od.31;1030.00;out_br_to_od.31;0;2905.16;0.91;0.00;742.15;car;;20;323.00
7421.00;23156030#6_0;109.07;9.06;6629.00;0.95;-28716808#1_0;5.10;0.00;tripinfo_out_kl_to_od.20;792.00;out_kl_to_od.20;0;2657.03;0.92;0.00;530.79;car;;15;179.00
7424.00;41899283#1_0;148.70;10.21;6548.00;326.38;-230845886_0;5.10;0.00;tripinfo_out_ba_to_as.28;876.00;out_ba_to_as.28;0;1430.78;0.94;0.00;737.55;car;;11;388.00
7424.00;230845886_0;633.12;8.55;7252.00;3.88;23687583_0;5.10;0.00;tripinfo_out_as_to_ba.83;172.00;out_as_to_ba.83;0;1356.50;0.88;0.00;32.53;car;;2;9.00
7426.00;45494495_0;58.90;10.46;6434.00;485.48;-230845886_0;5.10;0.00;tripinfo_out_ba_to_os.15;992.00;out_ba_to_os.15;0;1647.96;0.98;0.00;838.82;car;;22;182.00
7426.00;230845886_0;633.12;11.74;6778.00;0.09;-23156305_0;5.10;0.00;tripinfo_out_gg_to_ba.29;648.00;out_gg_to_ba.29;0;2288.16;1.07;0.00;454.43;car;;16;192.00
7426.00;41899283#1_0;148.70;12.17;6904.00;0.38;-23156390_0;5.10;0.00;tripinfo_out_br_to_as.11;522.00;out_br_to_as.11;0;2020.44;1.18;0.00;366.87;car;;12;223.00
7427.00;41899283#1_0;148.70;11.81;7169.00;0.57;803785575#0_0;5.10;0.00;tripinfo_out_od_to_as.32;258.00;out_od_to_as.32;0;2382.09;1.10;0.00;62.59;car;;1;2.00
7429.00;45494495_0;58.90;9.00;6437.00;0.94;-23156390_0;5.10;0.00;tripinfo_out_br_to_os.6;992.00;out_br_to_os.6;0;2237.62;0.93;0.00;773.17;car;;21;353.00
7429.00;41899283#1_0;148.70;13.38;7192.00;0.56;803785575#0_0;5.10;0.00;tripinfo_out_od_to_as.33;237.00;out_od_to_as.33;0;2382.09;1.25;0.00;64.24;car;;1;2.00
7432.00;23142338#2_0;290.21;11.06;6997.00;0.37;23687583_0;5.10;0.00;tripinfo_out_as_to_ns.63;435.00;out_as_to_ns.63;0;1995.73;1.06;0.00;263.37;car;;10;184.00
7435.00;41899283#1_0;148.70;11.70;7228.00;1.09;-23142338#2_0;5.10;0.00;tripinfo_out_ns_to_as.56;207.00;out_ns_to_as.56;0;2009.37;1.14;0.00;46.91;car;;1;19.00
7435.00;45494495_0;58.90;13.09;7261.00;0.55;803785575#0_0;5.10;0.00;tripinfo_out_od_to_os.32;174.00;out_od_to_os.32;0;969.96;1.19;0.00;100.02;car;;5;54.00
7436.00;23156030#6_0;109.07;13.07;6341.00;527.09;-230845886_0;5.10;0.00;tripinfo_out_ba_to_od.18;1095.00;out_ba_to_od.18;0;2315.50;1.24;0.00;927.19;car;;25;223.00
7438.00;45494495_0;58.90;11.62;6739.00;0.44;-28716808#1_0;5.10;0.00;tripinfo_out_kl_to_os.15;699.00;out_kl_to_os.15;0;1989.49;1.05;0.00;526.78;car;;15;150.00
7438.00;23142338#2_0;290.21;10.52;7004.00;1.76;23687583_0;5.10;0.00;tripinfo_out_as_to_ns.64;434.00;out_as_to_ns.64;0;1995.73;1.00;0.00;252.08;car;;8;171.00
7438.00;28706217_0;94.10;8.87;7364.00;0.88;803785575#0_0;5.10;0.00;tripinfo_out_od_to_sl.13;74.00;out_od_to_sl.13;0;747.33;1.09;0.00;7.18;car;;0;0.00
7440.00;45494495_0;58.90;10.80;6327.00;0.17;-23156305_0;5.10;0.00;tripinfo_out_gg_to_os.14;1113.00;out_gg_to_os.14;0;2621.43;1.08;0.00;893.13;car;;29;310.00
7441.00;23142338#2_0;290.21;10.60;7007.00;3.66;23687583_0;5.10;0.00;tripinfo_out_as_to_ns.65;434.00;out_as_to_ns.65;0;1995.73;0.97;0.00;245.95;car;;8;168.00
7445.00;41899283#1_0;148.70;10.49;6980.00;0.33;-23156305_0;5.10;0.00;tripinfo_out_gg_to_as.15;465.00;out_gg_to_as.15;0;1699.56;0.97;0.00;305.91;car;;9;139.00
7445.00;230845886_0;633.12;7.79;7141.00;1.21;803785575#0_0;5.10;0.00;tripinfo_out_od_to_ba.11;304.00;out_od_to_ba.11;0;2382.14;0.78;0.00;27.28;car;;0;0.00
7446.00;28706217_0;94.10;7.60;6772.00;0.11;23687583_0;5.10;0.00;tripinfo_out_as_to_sl.23;674.00;out_as_to_sl.23;0;1976.75;1.07;0.00;501.91;car;;15;109.00
7447.00;230845886_0;633.12;9.26;7279.00;0.74;23687583_0;5.10;0.00;tripinfo_out_as_to_ba.84;168.00;out_as_to_ba.84;0;1356.50;0.92;0.00;34.36;car;;0;0.00
7448.00;972103805_0;116.86;8.33;6784.00;1.12;-23156305_0;5.10;0.00;tripinfo_out_gg_to_ko.15;664.00;out_gg_to_ko.15;0;2416.59;0.87;0.00;410.67;car;;13;186.00
7450.00;972103805_0;116.86;9.71;6722.00;1.33;-23156390_0;5.10;0.00;tripinfo_out_br_to_ko.21;728.00;out_br_to_ko.21;0;2703.95;0.93;0.00;462.28;car;;13;294.00
7455.00;23156030#6_1;109.07;8.98;6679.00;1.37;-28716808#1_0;5.10;0.00;tripinfo_out_kl_to_od.23;776.00;out_kl_to_od.23;0;2657.03;0.89;0.00;506.54;car;;16;150.00
7456.00;41899283#1_0;148.70;10.09;6944.00;0.00;-23156390_0;5.10;0.00;tripinfo_out_br_to_as.12;512.00;out_br_to_as.12;0;2020.44;0.96;0.00;322.14;car;;11;192.00
7458.00;23156030#6_0;109.07;7.96;6693.00;0.59;23687583_0;5.10;0.00;tripinfo_out_as_to_od.37;765.00;out_as_to_od.37;0;2357.31;0.81;0.00;502.92;car;;14;158.00
7458.00;41899283#1_0;148.70;10.89;6966.00;0.99;-23156390_0;5.10;0.00;tripinfo_out_br_to_as.13;492.00;out_br_to_as.13;0;2020.44;1.05;0.00;316.90;car;;10;185.00
7463.00;41899283#1_0;148.70;11.00;7382.00;3.42;-23527526_0;5.10;0.00;tripinfo_out_gj_to_as.78;81.00;out_gj_to_as.78;0;633.70;1.01;0.00;23.04;car;;0;0.00
7469.00;23156030#6_0;109.07;11.73;6207.00;0.72;-23156305_0;5.10;0.00;tripinfo_out_gg_to_od.25;1262.00;out_gg_to_od.25;0;3288.97;1.06;0.00;982.64;car;;37;371.00
7470.00;23156030#6_1;109.07;12.64;6397.00;560.42;-230845886_0;5.10;0.00;tripinfo_out_ba_to_od.19;1073.00;out_ba_to_od.19;0;2315.50;1.14;0.00;889.39;car;;28;208.00
7472.00;23156030#6_0;109.07;11.18;6673.00;0.24;-23527526_0;5.10;0.00;tripinfo_out_gj_to_od.13;799.00;out_gj_to_od.13;0;2703.70;1.05;0.00;566.71;car;;19;184.00
7474.00;972103805_0;116.86;10.61;7258.00;0.65;-28716808#1_0;5.10;0.00;tripinfo_out_kl_to_ko.27;216.00;out_kl_to_ko.27;0;1927.03;1.02;0.00;43.71;car;;1;14.00
7477.00;41899283#1_0;148.70;10.24;7324.00;0.38;-28716808#1_0;5.10;0.00;tripinfo_out_kl_to_as.22;153.00;out_kl_to_as.22;0;1233.18;0.94;0.00;33.91;car;;1;18.00
7478.00;972103805_0;116.86;10.36;6851.00;1.21;-23156390_0;5.10;0.00;tripinfo_out_br_to_ko.22;627.00;out_br_to_ko.22;0;2703.95;0.95;0.00;368.29;car;;12;219.00
7480.00;41899283#1_0;148.70;10.31;6975.00;0.18;-23156390_0;5.10;0.00;tripinfo_out_br_to_as.14;505.00;out_br_to_as.14;0;2020.44;1.02;0.00;325.53;car;;11;185.00
7481.00;23142338#2_0;290.21;7.56;7149.00;0.70;-23527526_0;5.10;0.00;tripinfo_out_gj_to_ns.136;332.00;out_gj_to_ns.136;0;2043.79;0.76;0.00;90.02;car;;3;49.00
7482.00;23156030#6_0;109.07;10.25;6213.00;0.76;-23156305_0;5.10;0.00;tripinfo_out_gg_to_od.26;1269.00;out_gg_to_od.26;0;3288.97;0.95;0.00;954.92;car;;40;347.00
7483.00;23142338#2_0;290.21;10.61;7152.00;1.35;-23527526_0;5.10;0.00;tripinfo_out_gj_to_ns.137;331.00;out_gj_to_ns.137;0;2043.79;1.01;0.00;148.41;car;;4;66.00
7485.00;23142338#2_0;290.21;11.92;7162.00;0.02;-23527526_0;5.10;0.00;tripinfo_out_gj_to_ns.138;323.00;out_gj_to_ns.138;0;2043.79;1.12;0.00;158.46;car;;4;60.00
7486.00;45494495_0;58.90;11.20;6480.00;0.80;-23156390_0;5.10;0.00;tripinfo_out_br_to_os.7;1006.00;out_br_to_os.7;0;2237.62;1.01;0.00;805.33;car;;23;334.00
7486.00;23156030#6_0;109.07;10.08;7242.00;0.21;-23142338#2_0;5.10;0.00;tripinfo_out_ns_to_od.18;244.00;out_ns_to_od.18;0;2005.01;0.94;0.00;37.60;car;;2;11.00
7487.00;23142338#2_0;290.21;9.86;7168.00;3.57;-23527526_0;5.10;0.00;tripinfo_out_gj_to_ns.139;319.00;out_gj_to_ns.139;0;2043.79;0.98;0.00;130.91;car;;4;55.00
7489.00;23142338#2_0;290.21;12.54;7198.00;0.80;-23527526_0;5.10;0.00;tripinfo_out_gj_to_ns.140;291.00;out_gj_to_ns.140;0;2043.79;1.16;0.00;131.94;car;;5;77.00
7490.00;230845886_0;633.12;9.72;7330.00;0.92;23687583_0;5.10;0.00;tripinfo_out_as_to_ba.85;160.00;out_as_to_ba.85;0;1356.50;0.99;0.00;36.24;car;;0;0.00
7490.00;41899283#1_0;148.70;12.20;7421.00;0.90;-23527526_0;5.10;0.00;tripinfo_out_gj_to_as.79;69.00;out_gj_to_as.79;0;633.70;1.10;0.00;16.02;car;;0;0.00
7492.00;230845886_0;633.12;11.98;7304.00;0.25;-23527526_0;5.10;0.00;tripinfo_out_gj_to_ba.67;188.00;out_gj_to_ba.67;0;1702.89;1.10;0.00;46.99;car;;0;0.00
7493.00;230845886_0;633.12;12.29;7342.00;5.70;23687583_0;5.10;0.00;tripinfo_out_as_to_ba.86;151.00;out_as_to_ba.86;0;1356.50;1.24;0.00;52.31;car;;1;11.00
7496.00;23156030#6_0;109.07;12.19;6644.00;3.09;-28716808#1_0;5.10;0.00;tripinfo_out_kl_to_od.21;852.00;out_kl_to_od.21;0;2657.03;1.18;0.00;647.44;car;;30;181.00
7496.00;23142338#2_0;290.21;10.09;7013.00;0.18;23687583_0;5.10;0.00;tripinfo_out_as_to_ns.66;483.00;out_as_to_ns.66;0;1995.73;1.02;0.00;304.55;car;;9;218.00
7498.00;45494495_0;58.90;9.82;7357.00;0.05;803785575#0_0;5.10;0.00;tripinfo_out_od_to_os.33;141.00;out_od_to_os.33;0;969.96;0.95;0.00;47.68;car;;5;19.00
7499.00;230845886_0;633.12;11.68;7310.00;0.45;-23527526_0;5.10;0.00;tripinfo_out_gj_to_ba.68;189.00;out_gj_to_ba.68;0;1702.89;1.07;0.00;44.16;car;;1;9.00
7500.00;23142338#2_0;290.21;10.89;7020.00;0.48;23687583_0;5.10;0.00;tripinfo_out_as_to_ns.67;480.00;out_as_to_ns.67;0;1995.73;0.99;0.00;296.11;car;;11;206.00
7506.00;23156030#6_0;109.07;9.90;6740.00;0.10;23687583_0;5.10;0.00;tripinfo_out_as_to_od.38;766.00;out_as_to_od.38;0;2357.31;0.94;0.00;539.45;car;;17;178.00
7506.00;972103805_0;116.86;9.56;6858.00;0.49;-23156305_0;5.10;0.00;tripinfo_out_gg_to_ko.16;648.00;out_gg_to_ko.16;0;2416.59;0.90;0.00;404.62;car;;12;198.00
7506.00;230845886_0;633.12;10.10;6864.00;0.91;-23156305_0;5.10;0.00;tripinfo_out_gg_to_ba.30;642.00;out_gg_to_ba.30;0;2288.16;0.99;0.00;433.74;car;;14;209.00
7507.00;230845886_0;633.12;12.76;6883.00;0.81;-23156305_0;5.10;0.00;tripinfo_out_gg_to_ba.31;624.00;out_gg_to_ba.31;0;2288.16;1.22;0.00;454.69;car;;13;198.00
7509.00;23156030#6_0;109.07;10.66;6685.00;6.64;-28716808#1_0;5.10;0.00;tripinfo_out_kl_to_od.25;824.00;out_kl_to_od.25;0;2657.03;0.97;0.00;575.66;car;;18;194.00
7509.00;972103805_0;116.86;9.22;7277.00;0.98;-28716808#1_0;5.10;0.00;tripinfo_out_kl_to_ko.28;232.00;out_kl_to_ko.28;0;1927.03;0.93;0.00;43.48;car;;2;17.00
7510.00;230845886_0;633.12;10.21;7317.00;0.25;-23527526_0;5.10;0.00;tripinfo_out_gj_to_ba.69;193.00;out_gj_to_ba.69;0;1702.89;1.00;0.00;38.24;car;;1;6.00
7511.00;23142338#2_0;290.21;10.81;6527.00;351.98;-230845886_0;5.10;0.00;tripinfo_out_ba_to_ns.3;984.00;out_ba_to_ns.3;0;2346.36;1.03;0.00;777.67;car;;10;295.00
7511.00;972103805_0;116.86;10.80;7280.00;3.32;-28716808#1_0;5.10;0.00;tripinfo_out_kl_to_ko.29;231.00;out_kl_to_ko.29;0;1927.03;1.07;0.00;67.52;car;;3;25.00
7514.00;41899283#1_0;148.70;11.22;7300.00;2.47;803785575#0_0;5.10;0.00;tripinfo_out_od_to_as.34;214.00;out_od_to_as.34;0;2382.09;1.09;0.00;15.72;car;;0;0.00
7518.00;23156030#6_0;109.07;9.35;6676.00;0.42;-28716808#1_0;5.10;0.00;tripinfo_out_kl_to_od.22;842.00;out_kl_to_od.22;0;2657.03;0.88;0.00;567.77;car;;20;191.00
7527.00;23142338#2_0;290.21;10.49;7201.00;2.09;-23527526_0;5.10;0.00;tripinfo_out_gj_to_ns.141;326.00;out_gj_to_ns.141;0;2043.79;0.96;0.00;133.19;car;;5;80.00
7529.00;23142338#2_0;290.21;9.41;7228.00;0.04;-23527526_0;5.10;0.00;tripinfo_out_gj_to_ns.142;301.00;out_gj_to_ns.142;0;2043.79;0.96;0.00;108.39;car;;4;63.00
7532.00;23142338#2_0;290.21;9.96;6505.00;0.65;-23156305_0;5.10;0.00;tripinfo_out_gg_to_ns.26;1027.00;out_gg_to_ns.26;0;2927.39;0.95;0.00;747.41;car;;24;455.00
7533.00;23142338#2_0;290.21;12.05;7043.00;1.37;23687583_0;5.10;0.00;tripinfo_out_as_to_ns.68;490.00;out_as_to_ns.68;0;1995.73;1.10;0.00;325.61;car;;9;220.00
7533.00;41899283#1_0;148.70;10.05;7464.00;1.40;-23527526_0;5.10;0.00;tripinfo_out_gj_to_as.80;69.00;out_gj_to_as.80;0;633.70;0.96;0.00;8.97;car;;0;0.00
7534.00;972103805_0;116.86;11.09;6986.00;5.88;-23156305_0;5.10;0.00;tripinfo_out_gg_to_ko.17;548.00;out_gg_to_ko.17;0;2416.59;1.11;0.00;350.27;car;;9;145.00
7536.00;45494495_0;58.90;12.54;6841.00;0.92;-23527526_0;5.10;0.00;tripinfo_out_gj_to_os.14;695.00;out_gj_to_os.14;0;2036.16;1.22;0.00;543.19;car;;14;78.00
7538.00;28706217_0;94.10;7.55;6788.00;5.24;-23527526_0;5.10;0.00;tripinfo_out_gj_to_sl.11;750.00;out_gj_to_sl.11;0;2323.14;0.96;0.00;525.46;car;;18;133.00
7539.00;45494495_0;58.90;10.39;6889.00;0.50;23687583_0;5.10;0.00;tripinfo_out_as_to_os.18;650.00;out_as_to_os.18;0;1689.77;1.04;0.00;503.40;car;;12;43.00
7540.00;23142338#2_0;290.21;11.35;7328.00;0.77;803785575#0_0;5.10;0.00;tripinfo_out_od_to_ns.9;212.00;out_od_to_ns.9;0;1928.29;1.07;0.00;38.30;car;;1;17.00
7543.00;23156030#6_1;109.07;9.02;6276.00;0.10;-23156305_0;5.10;0.00;tripinfo_out_gg_to_od.27;1267.00;out_gg_to_od.27;0;3288.97;0.91;0.00;940.82;car;;33;377.00
7544.00;23156030#6_0;109.07;8.63;6282.00;0.60;-23156305_0;5.10;0.00;tripinfo_out_gg_to_od.28;1262.00;out_gg_to_od.28;0;3288.97;0.84;0.00;910.21;car;;35;373.00
7544.00;972103805_0;116.86;7.04;7404.00;1.83;-23527526_0;5.10;0.00;tripinfo_out_gj_to_ko.29;140.00;out_gj_to_ko.29;0;971.70;0.72;0.00;17.16;car;;1;2.00
7545.00;972103805_0;116.86;9.22;7283.00;0.70;-28716808#1_0;5.10;0.00;tripinfo_out_kl_to_ko.30;262.00;out_kl_to_ko.30;0;1927.03;0.84;0.00;53.65;car;;3;23.00
7546.00;23156030#6_0;109.07;9.06;6687.00;0.63;-23527526_0;5.10;0.00;tripinfo_out_gj_to_od.14;859.00;out_gj_to_od.14;0;2703.70;0.87;0.00;578.08;car;;19;193.00
7547.00;41899283#1_0;148.70;10.89;7276.00;0.50;-23142338#2_0;5.10;0.00;tripinfo_out_ns_to_as.57;271.00;out_ns_to_as.57;0;2009.37;1.02;0.00;90.97;car;;5;54.00
7547.00;972103805_0;116.86;11.67;7334.00;0.99;-28716808#1_0;5.10;0.00;tripinfo_out_kl_to_ko.31;213.00;out_kl_to_ko.31;0;1927.03;1.16;0.00;62.10;car;;2;19.00
7549.00;41899283#1_0;148.70;11.08;7283.00;1.49;-23142338#2_0;5.10;0.00;tripinfo_out_ns_to_as.58;266.00;out_ns_to_as.58;0;2009.37;1.03;0.00;88.64;car;;3;47.00
7549.00;45494495_0;58.90;11.66;7393.00;0.27;803785575#0_0;5.10;0.00;tripinfo_out_od_to_os.35;156.00;out_od_to_os.35;0;969.96;1.11;0.00;77.21;car;;7;33.00
7551.00;230845886_0;633.12;8.99;6983.00;3.32;-23156305_0;5.10;0.00;tripinfo_out_gg_to_ba.32;568.00;out_gg_to_ba.32;0;2288.16;0.86;0.00;328.32;car;;9;145.00
7553.00;230845886_0;633.12;10.66;7342.00;0.21;-23527526_0;5.10;0.00;tripinfo_out_gj_to_ba.70;211.00;out_gj_to_ba.70;0;1702.89;0.98;0.00;53.54;car;;2;12.00
7555.00;230845886_0;633.12;9.64;7018.00;0.05;-23156305_0;5.10;0.00;tripinfo_out_gg_to_ba.33;537.00;out_gg_to_ba.33;0;2288.16;0.96;0.00;320.41;car;;11;134.00
7556.00;45494495_0;58.90;8.38;7367.00;2.79;803785575#0_0;5.10;0.00;tripinfo_out_od_to_os.34;189.00;out_od_to_os.34;0;969.96;0.83;0.00;82.66;car;;7;42.00
7558.00;45494495_0;58.90;12.99;6511.00;0.10;-23156390_0;5.10;0.00;tripinfo_out_br_to_os.8;1047.00;out_br_to_os.8;0;2237.62;1.20;0.00;877.42;car;;32;354.00
7560.00;23156030#6_1;109.07;12.05;6717.00;0.92;-28716808#1_0;5.10;0.00;tripinfo_out_kl_to_od.28;843.00;out_kl_to_od.28;0;2657.03;1.15;0.00;633.68;car;;23;189.00
7561.00;23156030#6_0;109.07;10.75;6682.00;4.28;-28716808#1_0;5.10;0.00;tripinfo_out_kl_to_od.24;879.00;out_kl_to_od.24;0;2657.03;1.01;0.00;642.61;car;;24;216.00
7565.00;972103805_0;116.86;10.28;7410.00;3.01;-23527526_0;5.10;0.00;tripinfo_out_gj_to_ko.30;155.00;out_gj_to_ko.30;0;971.70;1.01;0.00;67.25;car;;1;20.00
7565.00;41899283#1_0;148.70;9.64;7492.00;0.51;-23527526_0;5.10;0.00;tripinfo_out_gj_to_as.81;73.00;out_gj_to_as.81;0;633.70;0.91;0.00;8.21;car;;0;0.00
7566.00;23142338#2_0;290.21;9.12;7231.00;2.80;-23527526_0;5.10;0.00;tripinfo_out_gj_to_ns.143;335.00;out_gj_to_ns.143;0;2043.79;0.83;0.00;112.51;car;;5;64.00
7566.00;972103805_0;116.86;11.80;7388.00;0.66;-28716808#1_0;5.10;0.00;tripinfo_out_kl_to_ko.32;178.00;out_kl_to_ko.32;0;1927.03;1.10;0.00;18.96;car;;0;0.00
7567.00;23156030#6_0;109.07;10.52;6787.00;0.03;23687583_0;5.10;0.00;tripinfo_out_as_to_od.39;780.00;out_as_to_od.39;0;2357.31;1.05;0.00;576.90;car;;18;162.00
7568.00;23142338#2_0;290.21;12.23;7268.00;0.41;-23527526_0;5.10;0.00;tripinfo_out_gj_to_ns.144;300.00;out_gj_to_ns.144;0;2043.79;1.12;0.00;134.30;car;;4;53.00
7568.00;41899283#1_0;148.70;8.48;7286.00;2.49;-23142338#2_0;5.10;0.00;tripinfo_out_ns_to_as.59;282.00;out_ns_to_as.59;0;2009.37;0.85;0.00;66.83;car;;4;30.00
7569.00;23142338#2_0;290.21;11.49;7274.00;0.99;-23527526_0;5.10;0.00;tripinfo_out_gj_to_ns.145;295.00;out_gj_to_ns.145;0;2043.79;1.07;0.00;121.88;car;;5;55.00
7570.00;41899283#1_0;148.70;9.94;7289.00;5.34;-23142338#2_0;5.10;0.00;tripinfo_out_ns_to_as.60;281.00;out_ns_to_as.60;0;2009.37;0.96;0.00;89.63;car;;4;27.00
7571.00;23142338#2_0;290.21;11.87;6858.00;2.87;-23156390_0;5.10;0.00;tripinfo_out_br_to_ns.6;713.00;out_br_to_ns.6;0;2936.02;1.11;0.00;473.95;car;;15;234.00
7572.00;41899283#1_0;148.70;12.28;7511.00;0.98;-23527526_0;5.10;0.00;tripinfo_out_gj_to_as.82;61.00;out_gj_to_as.82;0;633.70;1.12;0.00;8.29;car;;0;0.00
7573.00;23142338#2_0;290.21;11.56;6643.00;0.57;-23156390_0;5.10;0.00;tripinfo_out_br_to_ns.5;930.00;out_br_to_ns.5;0;2936.02;1.10;0.00;687.92;car;;15;373.00
7573.00;972103805_0;116.86;9.62;7448.00;0.97;-23527526_0;5.10;0.00;tripinfo_out_gj_to_ko.31;125.00;out_gj_to_ko.31;0;971.70;0.90;0.00;26.84;car;;1;11.00
7574.00;23156030#6_0;109.07;8.75;6694.00;6.95;-28716808#1_0;5.10;0.00;tripinfo_out_kl_to_od.27;880.00;out_kl_to_od.27;0;2657.03;0.87;0.00;602.99;car;;21;195.00
7575.00;41899283#1_0;148.70;9.38;7303.00;4.57;803785575#0_0;5.10;0.00;tripinfo_out_od_to_as.35;272.00;out_od_to_as.35;0;2382.09;0.92;0.00;39.09;car;;3;6.00
7577.00;28706217_0;94.10;9.28;6868.00;2.47;23687583_0;5.10;0.00;tripinfo_out_as_to_sl.25;709.00;out_as_to_sl.25;0;1976.75;1.15;0.00;550.01;car;;18;121.00
7577.00;230845886_0;633.12;9.62;7364.00;0.97;-23527526_0;5.10;0.00;tripinfo_out_gj_to_ba.71;213.00;out_gj_to_ba.71;0;1702.89;0.92;0.00;45.23;car;;1;8.00
7578.00;41899283#1_0;148.70;11.52;7152.00;0.12;-23156390_0;5.10;0.00;tripinfo_out_br_to_as.15;426.00;out_br_to_as.15;0;2020.44;1.10;0.00;259.49;car;;9;133.00
7579.00;230845886_0;633.12;10.37;7111.00;0.83;-23156305_0;5.10;0.00;tripinfo_out_gg_to_ba.34;468.00;out_gg_to_ba.34;0;2288.16;1.05;0.00;270.60;car;;8;101.00
7583.00;23156030#6_0;109.07;13.50;6731.00;0.85;-28716808#1_0;5.10;0.00;tripinfo_out_kl_to_od.29;852.00;out_kl_to_od.29;0;2657.03;1.25;0.00;659.65;car;;22;204.00
7583.00;28706217_0;94.10;8.07;6880.00;0.90;23687583_0;5.10;0.00;tripinfo_out_as_to_sl.26;703.00;out_as_to_sl.26;0;1976.75;0.98;0.00;516.60;car;;17;99.00
7591.00;23142338#2_0;290.21;9.61;6533.00;0.06;-23156305_0;5.10;0.00;tripinfo_out_gg_to_ns.27;1058.00;out_gg_to_ns.27;0;2927.39;0.90;0.00;762.53;car;;24;458.00
7591.00;23156030#6_0;109.07;11.01;6691.00;5.16;-28716808#1_0;5.10;0.00;tripinfo_out_kl_to_od.26;900.00;out_kl_to_od.26;0;2657.03;1.02;0.00;665.09;car;;26;231.00
7592.00;28706217_0;94.10;8.73;6450.00;0.50;-23156390_0;5.10;0.00;tripinfo_out_br_to_sl.9;1142.00;out_br_to_sl.9;0;2524.60;1.12;0.00;933.75;car;;27;387.00
7593.00;23142338#2_0;290.21;11.39;7298.00;0.07;-23527526_0;5.10;0.00;tripinfo_out_gj_to_ns.146;295.00;out_gj_to_ns.146;0;2043.79;1.03;0.00;115.68;car;;4;64.00
7594.00;45494495_0;58.90;9.11;6372.00;0.61;-23156305_0;5.10;0.00;tripinfo_out_gg_to_os.15;1222.00;out_gg_to_os.15;0;2621.43;0.84;0.00;938.12;car;;33;326.00
7595.00;23142338#2_0;290.21;11.34;7120.00;0.21;23687583_0;5.10;0.00;tripinfo_out_as_to_ns.69;475.00;out_as_to_ns.69;0;1995.73;1.06;0.00;303.22;car;;8;204.00
7596.00;972103805_0;116.86;9.27;7461.00;0.12;-23527526_0;5.10;0.00;tripinfo_out_gj_to_ko.32;135.00;out_gj_to_ko.32;0;971.70;0.95;0.00;41.87;car;;2;24.00
7600.00;41899283#1_0;148.70;9.13;7295.00;9.76;-23142338#2_0;5.10;0.00;tripinfo_out_ns_to_as.61;305.00;out_ns_to_as.61;0;2009.37;0.83;0.00;83.29;car;;3;38.00
7602.00;23156030#6_1;109.07;9.87;6792.00;0.38;23687583_0;5.10;0.00;tripinfo_out_as_to_od.40;810.00;out_as_to_od.40;0;2357.31;0.95;0.00;585.74;car;;18;162.00
7602.00;41899283#1_0;148.70;9.29;7311.00;0.25;-23142338#2_0;5.10;0.00;tripinfo_out_ns_to_as.62;291.00;out_ns_to_as.62;0;2009.37;0.93;0.00;94.19;car;;4;35.00
7602.00;230845886_0;633.12;8.80;7392.00;0.46;-23527526_0;5.10;0.00;tripinfo_out_gj_to_ba.73;210.00;out_gj_to_ba.73;0;1702.89;0.90;0.00;38.42;car;;1;6.00
7604.00;23156030#6_0;109.07;9.46;6451.00;448.26;-230845886_0;5.10;0.00;tripinfo_out_ba_to_od.20;1153.00;out_ba_to_od.20;0;2315.50;0.90;0.00;919.52;car;;31;215.00
7604.00;41899283#1_0;148.70;9.02;7450.00;0.55;-28716808#1_0;5.10;0.00;tripinfo_out_kl_to_as.23;154.00;out_kl_to_as.23;0;1233.18;0.86;0.00;24.36;car;;1;3.00
7606.00;41899283#1_0;148.70;11.32;7332.00;0.79;-23142338#2_0;5.10;0.00;tripinfo_out_ns_to_as.63;274.00;out_ns_to_as.63;0;2009.37;1.03;0.00;96.08;car;;2;21.00
7608.00;41899283#1_0;148.70;12.58;7209.00;0.16;-23156390_0;5.10;0.00;tripinfo_out_br_to_as.16;399.00;out_br_to_as.16;0;2020.44;1.16;0.00;240.43;car;;7;123.00
7611.00;45494495_0;58.90;9.48;6916.00;0.89;-23527526_0;5.10;0.00;tripinfo_out_gj_to_os.15;695.00;out_gj_to_os.15;0;2036.16;0.94;0.00;498.45;car;;7;31.00
7615.00;23142338#2_0;290.21;10.49;7131.00;0.92;23687583_0;5.10;0.00;tripinfo_out_as_to_ns.70;484.00;out_as_to_ns.70;0;1995.73;1.00;0.00;302.48;car;;9;221.00
7617.00;28706217_0;94.10;8.08;6902.00;0.21;23687583_0;5.10;0.00;tripinfo_out_as_to_sl.27;715.00;out_as_to_sl.27;0;1976.75;1.04;0.00;539.63;car;;20;106.00
7617.00;23142338#2_0;290.21;12.02;7351.00;0.87;-23527526_0;5.10;0.00;tripinfo_out_gj_to_ns.147;266.00;out_gj_to_ns.147;0;2043.79;1.12;0.00;100.36;car;;3;50.00
7621.00;28706217_0;94.10;7.99;6454.00;0.09;-23156390_0;5.10;0.00;tripinfo_out_br_to_sl.10;1167.00;out_br_to_sl.10;0;2524.60;1.11;0.00;957.49;car;;30;391.00
7621.00;45494495_0;58.90;11.90;6553.00;0.29;-23156390_0;5.10;0.00;tripinfo_out_br_to_os.9;1068.00;out_br_to_os.9;0;2237.62;1.09;0.00;881.50;car;;25;381.00
7622.00;23142338#2_0;290.21;10.47;6633.00;0.97;-23156305_0;5.10;0.00;tripinfo_out_gg_to_ns.28;989.00;out_gg_to_ns.28;0;2927.39;0.95;0.00;708.22;car;;22;410.00
7622.00;41899283#1_0;148.70;10.25;7388.00;0.75;-23142338#2_0;5.10;0.00;tripinfo_out_ns_to_as.64;234.00;out_ns_to_as.64;0;2009.37;0.95;0.00;41.03;car;;2;10.00
7624.00;23156030#6_0;109.07;9.86;6748.00;0.90;-28716808#1_0;5.10;0.00;tripinfo_out_kl_to_od.30;876.00;out_kl_to_od.30;0;2657.03;0.99;0.00;633.25;car;;24;202.00
7624.00;41899283#1_0;148.70;13.04;7223.00;1.98;-23156390_0;5.10;0.00;tripinfo_out_br_to_as.18;401.00;out_br_to_as.18;0;2020.44;1.19;0.00;246.69;car;;7;126.00
7625.00;23142338#2_0;290.21;9.05;7167.00;0.02;23687583_0;5.10;0.00;tripinfo_out_as_to_ns.71;458.00;out_as_to_ns.71;0;1995.73;0.93;0.00;261.74;car;;9;177.00
7625.00;230845886_0;633.12;7.67;7376.00;0.26;-23527526_0;5.10;0.00;tripinfo_out_gj_to_ba.72;249.00;out_gj_to_ba.72;0;1702.89;0.71;0.00;32.95;car;;1;4.00
7626.00;972103805_0;116.86;10.94;7129.00;0.89;-23156305_0;5.10;0.00;tripinfo_out_gg_to_ko.18;497.00;out_gg_to_ko.18;0;2416.59;1.01;0.00;279.14;car;;8;129.00
7627.00;28706217_0;94.10;6.53;6865.00;1.93;23687583_0;5.10;0.00;tripinfo_out_as_to_sl.24;762.00;out_as_to_sl.24;0;1976.75;0.92;0.00;562.24;car;;18;105.00
7627.00;230845886_0;633.12;9.40;7453.00;0.13;23687583_0;5.10;0.00;tripinfo_out_as_to_ba.87;174.00;out_as_to_ba.87;0;1356.50;0.92;0.00;41.13;car;;0;0.00
7629.00;230845886_0;633.12;10.39;7416.00;0.56;-23527526_0;5.10;0.00;tripinfo_out_gj_to_ba.74;213.00;out_gj_to_ba.74;0;1702.89;1.03;0.00;63.92;car;;0;0.00
7631.00;41899283#1_0;148.70;10.24;7220.00;0.97;-23156390_0;5.10;0.00;tripinfo_out_br_to_as.17;411.00;out_br_to_as.17;0;2020.44;1.03;0.00;232.38;car;;7;129.00
7631.00;230845886_0;633.12;10.93;7433.00;0.22;-23527526_0;5.10;0.00;tripinfo_out_gj_to_ba.75;198.00;out_gj_to_ba.75;0;1702.89;1.01;0.00;44.76;car;;1;6.00
7632.00;23156030#6_0;109.07;9.51;6809.00;0.36;23687583_0;5.10;0.00;tripinfo_out_as_to_od.41;823.00;out_as_to_od.41;0;2357.31;0.94;0.00;596.07;car;;20;170.00
7633.00;230845886_0;633.12;10.69;7445.00;0.94;-23527526_0;5.10;0.00;tripinfo_out_gj_to_ba.76;188.00;out_gj_to_ba.76;0;1702.89;1.04;0.00;39.52;car;;0;0.00
7634.00;41899283#1_0;148.70;10.52;6593.00;200.91;-230845886_0;5.10;0.00;tripinfo_out_ba_to_as.29;1041.00;out_ba_to_as.29;0;1430.78;1.02;0.00;914.18;car;;13;566.00
7634.00;23142338#2_0;290.21;10.90;7004.00;0.91;-23156390_0;5.10;0.00;tripinfo_out_br_to_ns.7;630.00;out_br_to_ns.7;0;2936.02;1.02;0.00;370.94;car;;13;164.00
7635.00;230845886_0;633.12;11.09;7361.00;0.61;-23142338#2_0;5.10;0.00;tripinfo_out_ns_to_ba.36;274.00;out_ns_to_ba.36;0;2340.42;1.03;0.00;68.81;car;;3;33.00
7637.00;230845886_0;633.12;9.91;7453.00;2.99;-28716808#1_0;5.10;0.00;tripinfo_out_kl_to_ba.5;184.00;out_kl_to_ba.5;0;1656.22;0.99;0.00;32.89;car;;1;3.00
7638.00;23156030#6_0;109.07;8.27;6455.00;407.07;-230845886_0;5.10;0.00;tripinfo_out_ba_to_od.21;1183.00;out_ba_to_od.21;0;2315.50;0.83;0.00;930.55;car;;29;226.00
7644.00;23142338#2_0;290.21;11.07;6733.00;0.39;-23156305_0;5.10;0.00;tripinfo_out_gg_to_ns.29;911.00;out_gg_to_ns.29;0;2927.39;1.03;0.00;653.02;car;;23;346.00
7648.00;23156030#6_0;109.07;7.34;6765.00;0.67;-28716808#1_0;5.10;0.00;tripinfo_out_kl_to_od.31;883.00;out_kl_to_od.31;0;2657.03;0.77;0.00;571.98;car;;22;191.00
7648.00;23142338#2_0;290.21;10.75;7367.00;1.86;-23527526_0;5.10;0.00;tripinfo_out_gj_to_ns.148;281.00;out_gj_to_ns.148;0;2043.79;1.00;0.00;95.95;car;;4;51.00
7649.00;41899283#1_0;148.70;9.89;7578.00;0.50;-23527526_0;5.10;0.00;tripinfo_out_gj_to_as.83;71.00;out_gj_to_as.83;0;633.70;0.93;0.00;7.77;car;;0;0.00
7650.00;41899283#1_0;148.70;10.96;7581.00;1.06;-23527526_0;5.10;0.00;tripinfo_out_gj_to_as.84;69.00;out_gj_to_as.84;0;633.70;1.00;0.00;10.80;car;;0;0.00
7651.00;23142338#2_0;290.21;10.30;7198.00;0.52;23687583_0;5.10;0.00;tripinfo_out_as_to_ns.72;453.00;out_as_to_ns.72;0;1995.73;0.98;0.00;267.07;car;;11;187.00
7654.00;41899283#1_0;148.70;11.96;7593.00;2.35;-23527526_0;5.10;0.00;tripinfo_out_gj_to_as.85;61.00;out_gj_to_as.85;0;633.70;1.13;0.00;8.62;car;;0;0.00
7655.00;23156030#6_1;109.07;11.07;6488.00;0.50;-23156390_0;5.10;0.00;tripinfo_out_br_to_od.33;1167.00;out_br_to_od.33;0;2905.16;1.04;0.00;915.90;car;;28;396.00
7657.00;23156030#6_1;109.07;12.48;6471.00;406.13;-230845886_0;5.10;0.00;tripinfo_out_ba_to_od.22;1186.00;out_ba_to_od.22;0;2315.50;1.15;0.00;1003.90;car;;32;237.00
7658.00;23156030#6_0;109.07;9.54;6339.00;3.07;-23156305_0;5.10;0.00;tripinfo_out_gg_to_od.30;1319.00;out_gg_to_od.30;0;3288.97;0.93;0.00;998.19;car;;38;351.00
7659.00;28706217_0;94.10;6.52;6876.00;0.09;-23527526_0;5.10;0.00;tripinfo_out_gj_to_sl.12;783.00;out_gj_to_sl.12;0;2323.14;0.88;0.00;537.85;car;;17;88.00
7659.00;23156030#6_1;109.07;10.63;7404.00;0.43;-23142338#2_0;5.10;0.00;tripinfo_out_ns_to_od.19;255.00;out_ns_to_od.19;0;2005.01;1.05;0.00;71.17;car;;3;38.00
7660.00;23156030#6_0;109.07;10.30;6440.00;2.15;-23156390_0;5.10;0.00;tripinfo_out_br_to_od.32;1220.00;out_br_to_od.32;0;2905.16;0.93;0.00;937.33;car;;31;456.00
7661.00;28706217_0;94.10;9.09;6362.00;0.80;-23156305_0;5.10;0.00;tripinfo_out_gg_to_sl.13;1299.00;out_gg_to_sl.13;0;2908.41;1.20;0.00;1076.15;car;;34;314.00
7662.00;41899283#1_0;148.70;9.99;6599.00;178.81;-230845886_0;5.10;0.00;tripinfo_out_ba_to_as.30;1063.00;out_ba_to_as.30;0;1430.78;0.90;0.00;918.92;car;;13;572.00
7668.00;45494495_0;58.90;9.18;6622.00;0.10;-23156390_0;5.10;0.00;tripinfo_out_br_to_os.10;1046.00;out_br_to_os.10;0;2237.62;0.83;0.00;802.94;car;;17;372.00
7670.00;45494495_0;58.90;9.48;7012.00;2.28;-23527526_0;5.10;0.00;tripinfo_out_gj_to_os.16;658.00;out_gj_to_os.16;0;2036.16;0.86;0.00;443.17;car;;10;35.00
7671.00;230845886_0;633.12;8.02;7141.00;1.39;-23156305_0;5.10;0.00;tripinfo_out_gg_to_ba.35;530.00;out_gg_to_ba.35;0;2288.16;0.77;0.00;261.44;car;;11;137.00
7672.00;45494495_0;58.90;12.18;7069.00;0.15;23687583_0;5.10;0.00;tripinfo_out_as_to_os.19;603.00;out_as_to_os.19;0;1689.77;1.16;0.00;471.25;car;;15;48.00
7672.00;41899283#1_0;148.70;10.12;7396.00;0.11;-23142338#2_0;5.10;0.00;tripinfo_out_ns_to_as.65;276.00;out_ns_to_as.65;0;2009.37;0.98;0.00;88.70;car;;5;50.00
7672.00;230845886_0;633.12;9.76;7476.00;0.59;-23527526_0;5.10;0.00;tripinfo_out_gj_to_ba.77;196.00;out_gj_to_ba.77;0;1702.89;1.06;0.00;50.38;car;;0;0.00
7673.00;23142338#2_0;290.21;10.70;7216.00;0.84;23687583_0;5.10;0.00;tripinfo_out_as_to_ns.73;457.00;out_as_to_ns.73;0;1995.73;1.03;0.00;280.68;car;;10;192.00
7673.00;41899283#1_0;148.70;11.09;7391.00;0.24;-23156390_0;5.10;0.00;tripinfo_out_br_to_as.19;282.00;out_br_to_as.19;0;2020.44;1.04;0.00;106.47;car;;6;49.00
7674.00;230845886_0;633.12;11.59;7481.00;0.46;-23527526_0;5.10;0.00;tripinfo_out_gj_to_ba.78;193.00;out_gj_to_ba.78;0;1702.89;1.13;0.00;56.80;car;;0;0.00
7675.00;23142338#2_0;290.21;10.70;7379.00;2.39;-23527526_0;5.10;0.00;tripinfo_out_gj_to_ns.149;296.00;out_gj_to_ns.149;0;2043.79;1.04;0.00;117.32;car;;4;64.00
7676.00;45494495_0;58.90;9.86;7093.00;0.34;23687583_0;5.10;0.00;tripinfo_out_as_to_os.20;583.00;out_as_to_os.20;0;1689.77;0.93;0.00;418.86;car;;9;40.00
7676.00;230845886_0;633.12;11.36;7415.00;0.87;-23142338#2_0;5.10;0.00;tripinfo_out_ns_to_ba.37;261.00;out_ns_to_ba.37;0;2340.42;1.10;0.00;69.51;car;;3;32.00
7682.00;23156030#6_0;109.07;10.66;6336.00;0.10;-23156305_0;5.10;0.00;tripinfo_out_gg_to_od.29;1346.00;out_gg_to_od.29;0;3288.97;1.00;0.00;1049.83;car;;41;391.00
7682.00;28706217_0;94.10;8.97;6917.00;0.10;23687583_0;5.10;0.00;tripinfo_out_as_to_sl.28;765.00;out_as_to_sl.28;0;1976.75;1.09;0.00;596.82;car;;20;80.00
7682.00;41899283#1_0;148.70;10.12;7614.00;5.32;-23527526_0;5.10;0.00;tripinfo_out_gj_to_as.86;68.00;out_gj_to_as.86;0;633.70;1.02;0.00;10.29;car;;0;0.00
7684.00;23142338#2_0;290.21;10.11;7386.00;0.77;-23527526_0;5.10;0.00;tripinfo_out_gj_to_ns.150;298.00;out_gj_to_ns.150;0;2043.79;0.92;0.00;96.08;car;;4;48.00
7684.00;972103805_0;116.86;10.04;7569.00;0.53;-23527526_0;5.10;0.00;tripinfo_out_gj_to_ko.33;115.00;out_gj_to_ko.33;0;971.70;1.01;0.00;27.96;car;;1;15.00
7685.00;23142338#2_0;290.21;11.29;7395.00;2.44;-23527526_0;5.10;0.00;tripinfo_out_gj_to_ns.151;290.00;out_gj_to_ns.151;0;2043.79;1.12;0.00;125.24;car;;4;44.00
7686.00;972103805_0;116.86;13.61;7512.00;0.82;-28716808#1_0;5.10;0.00;tripinfo_out_kl_to_ko.33;174.00;out_kl_to_ko.33;0;1927.03;1.24;0.00;33.21;car;;1;2.00
7687.00;28706217_0;94.10;6.68;6442.00;0.80;-23156305_0;5.10;0.00;tripinfo_out_gg_to_sl.15;1245.00;out_gg_to_sl.15;0;2908.41;0.95;0.00;962.43;car;;31;302.00
7688.00;23156030#6_0;109.07;10.51;6853.00;0.95;-23527526_0;5.10;0.00;tripinfo_out_gj_to_od.15;835.00;out_gj_to_od.15;0;2703.70;0.95;0.00;577.99;car;;24;145.00
7689.00;23156030#6_1;109.07;10.16;6345.00;1.43;-23156305_0;5.10;0.00;tripinfo_out_gg_to_od.31;1344.00;out_gg_to_od.31;0;3288.97;0.98;0.00;1041.38;car;;36;348.00
7693.00;28706217_0;94.10;7.82;6438.00;2.51;-23156305_0;5.10;0.00;tripinfo_out_gg_to_sl.14;1255.00;out_gg_to_sl.14;0;2908.41;0.96;0.00;975.54;car;;31;304.00
7693.00;230845886_0;633.12;8.45;7530.00;0.02;23687583_0;5.10;0.00;tripinfo_out_as_to_ba.88;163.00;out_as_to_ba.88;0;1356.50;0.86;0.00;20.76;car;;1;2.00
7694.00;23142338#2_0;290.21;11.12;7501.00;0.80;803785575#0_0;5.10;0.00;tripinfo_out_od_to_ns.10;193.00;out_od_to_ns.10;0;1928.29;1.06;0.00;16.48;car;;0;0.00
7695.00;41899283#1_0;148.70;10.54;7626.00;3.75;-23527526_0;5.10;0.00;tripinfo_out_gj_to_as.87;69.00;out_gj_to_as.87;0;633.70;0.96;0.00;8.30;car;;0;0.00
7696.00;23156030#6_0;109.07;9.72;7445.00;0.26;-23142338#2_0;5.10;0.00;tripinfo_out_ns_to_od.20;251.00;out_ns_to_od.20;0;2005.01;0.94;0.00;46.73;car;;3;14.00
7696.00;28706217_0;94.10;8.09;7489.00;2.95;-23142338#2_0;5.10;0.00;tripinfo_out_ns_to_sl.12;207.00;out_ns_to_sl.12;0;1619.36;1.00;0.00;44.22;car;;2;19.00
7697.00;972103805_0;116.86;8.74;5582.00;2938.80;-45494495_0;5.10;0.00;tripinfo_in_os_to_ko.7;2115.00;in_os_to_ko.7;0;2045.29;0.86;0.00;1886.98;car;;20;1758.00
7700.00;23142338#2_0;290.21;11.39;7398.00;3.14;-23527526_0;5.10;0.00;tripinfo_out_gj_to_ns.152;302.00;out_gj_to_ns.152;0;2043.79;1.12;0.00;136.45;car;;5;74.00
7700.00;230845886_0;633.12;11.44;7525.00;0.74;-23527526_0;5.10;0.00;tripinfo_out_gj_to_ba.79;175.00;out_gj_to_ba.79;0;1702.89;1.05;0.00;27.08;car;;1;5.00
7703.00;41899283#1_0;148.70;10.87;7536.00;0.33;-28716808#1_0;5.10;0.00;tripinfo_out_kl_to_as.24;167.00;out_kl_to_as.24;0;1233.18;1.00;0.00;55.27;car;;2;27.00
7705.00;41899283#1_0;148.70;10.29;7475.00;0.25;803785575#0_0;5.10;0.00;tripinfo_out_od_to_as.36;230.00;out_od_to_as.36;0;2382.09;1.01;0.00;17.36;car;;0;0.00
7707.00;41899283#1_0;148.70;11.30;7490.00;0.28;803785575#0_0;5.10;0.00;tripinfo_out_od_to_as.37;217.00;out_od_to_as.37;0;2382.09;1.12;0.00;24.31;car;;0;0.00
7709.00;41899283#1_0;148.70;11.69;7515.00;0.81;-23142338#2_0;5.10;0.00;tripinfo_out_ns_to_as.66;194.00;out_ns_to_as.66;0;2009.37;1.14;0.00;33.56;car;;1;5.00
7711.00;28706217_0;94.10;9.35;6923.00;2.38;23687583_0;5.10;0.00;tripinfo_out_as_to_sl.29;788.00;out_as_to_sl.29;0;1976.75;1.13;0.00;624.97;car;;18;102.00
7712.00;23142338#2_0;290.21;9.86;6754.00;0.37;-23156305_0;5.10;0.00;tripinfo_out_gg_to_ns.30;958.00;out_gg_to_ns.30;0;2927.39;0.90;0.00;664.09;car;;24;366.00
7714.00;23142338#2_0;290.21;12.78;7249.00;2.84;23687583_0;5.10;0.00;tripinfo_out_as_to_ns.74;465.00;out_as_to_ns.74;0;1995.73;1.18;0.00;310.30;car;;9;198.00
7715.00;23156030#6_1;109.07;9.95;6518.00;0.83;-23156390_0;5.10;0.00;tripinfo_out_br_to_od.34;1197.00;out_br_to_od.34;0;2905.16;1.00;0.00;935.49;car;;33;383.00
7716.00;972103805_0;116.86;9.26;7280.00;0.68;-23156390_0;5.10;0.00;tripinfo_out_br_to_ko.23;436.00;out_br_to_ko.23;0;2703.95;0.93;0.00;169.95;car;;5;90.00
7717.00;23156030#6_1;109.07;10.44;6854.00;0.21;-28716808#1_0;5.10;0.00;tripinfo_out_kl_to_od.32;863.00;out_kl_to_od.32;0;2657.03;1.01;0.00;625.30;car;;24;154.00
7717.00;23156030#6_0;109.07;9.64;6877.00;1.49;23687583_0;5.10;0.00;tripinfo_out_as_to_od.42;840.00;out_as_to_od.42;0;2357.31;0.94;0.00;612.36;car;;25;166.00
7717.00;28706217_0;94.10;6.86;6971.00;0.41;23687583_0;5.10;0.00;tripinfo_out_as_to_sl.31;746.00;out_as_to_sl.31;0;1976.75;0.98;0.00;558.18;car;;15;88.00
7721.00;23156030#6_0;109.07;10.48;6882.00;2.59;-23527526_0;5.10;0.00;tripinfo_out_gj_to_od.16;839.00;out_gj_to_od.16;0;2703.70;0.97;0.00;586.68;car;;21;126.00
7722.00;23142338#2_0;290.21;11.63;7542.00;0.84;803785575#0_0;5.10;0.00;tripinfo_out_od_to_ns.11;180.00;out_od_to_ns.11;0;1928.29;1.13;0.00;14.80;car;;0;0.00
7734.00;45494495_0;58.90;9.82;6644.00;0.42;-23156305_0;5.10;0.00;tripinfo_out_gg_to_os.16;1090.00;out_gg_to_os.16;0;2621.43;0.90;0.00;827.51;car;;24;241.00
7736.00;45494495_0;58.90;10.08;6698.00;0.56;-23156390_0;5.10;0.00;tripinfo_out_br_to_os.11;1038.00;out_br_to_os.11;0;2237.62;0.96;0.00;827.09;car;;21;352.00
7737.00;23156030#6_0;109.07;11.83;6943.00;0.05;23687583_0;5.10;0.00;tripinfo_out_as_to_od.43;794.00;out_as_to_od.43;0;2357.31;1.10;0.00;600.15;car;;18;110.00
7738.00;23142338#2_0;290.21;9.33;6781.00;2.53;-23156305_0;5.10;0.00;tripinfo_out_gg_to_ns.31;957.00;out_gg_to_ns.31;0;2927.39;0.94;0.00;674.85;car;;21;374.00
7739.00;45494495_0;58.90;9.20;6669.00;0.12;-23156305_0;5.10;0.00;tripinfo_out_gg_to_os.18;1070.00;out_gg_to_os.18;0;2621.43;0.92;0.00;814.06;car;;20;238.00
7740.00;23142338#2_0;290.21;9.56;7401.00;5.51;-23527526_0;5.10;0.00;tripinfo_out_gj_to_ns.153;339.00;out_gj_to_ns.153;0;2043.79;0.96;0.00;146.70;car;;6;84.00
7742.00;23156030#6_1;109.07;11.12;6423.00;0.06;-23156305_0;5.10;0.00;tripinfo_out_gg_to_od.32;1319.00;out_gg_to_od.32;0;3288.97;1.09;0.00;1047.93;car;;25;306.00
7742.00;28706217_0;94.10;8.13;6482.00;0.36;-23156305_0;5.10;0.00;tripinfo_out_gg_to_sl.16;1260.00;out_gg_to_sl.16;0;2908.41;1.05;0.00;1004.33;car;;28;326.00
7742.00;45494495_0;58.90;9.42;6654.00;0.68;-23156305_0;5.10;0.00;tripinfo_out_gg_to_os.17;1088.00;out_gg_to_os.17;0;2621.43;0.85;0.00;809.21;car;;21;231.00
7742.00;23142338#2_0;290.21;11.40;7407.00;1.55;-23527526_0;5.10;0.00;tripinfo_out_gj_to_ns.154;335.00;out_gj_to_ns.154;0;2043.79;1.06;0.00;160.55;car;;5;61.00
7744.00;23156030#6_0;109.07;9.91;6906.00;0.45;-28716808#1_0;5.10;0.00;tripinfo_out_kl_to_od.33;838.00;out_kl_to_od.33;0;2657.03;1.00;0.00;598.52;car;;19;129.00
7744.00;45494495_0;58.90;12.00;7292.00;8.20;-23142338#2_0;5.10;0.00;tripinfo_out_ns_to_os.5;452.00;out_ns_to_os.5;0;1865.82;1.11;0.00;299.90;car;;5;41.00
7744.00;23142338#2_0;290.21;11.32;7413.00;0.36;-23527526_0;5.10;0.00;tripinfo_out_gj_to_ns.155;331.00;out_gj_to_ns.155;0;2043.79;1.08;0.00;159.29;car;;5;60.00
7745.00;972103805_0;116.86;9.04;7357.00;0.33;-23156390_0;5.10;0.00;tripinfo_out_br_to_ko.24;388.00;out_br_to_ko.24;0;2703.95;0.93;0.00;123.84;car;;6;59.00
7746.00;45494495_0;58.90;11.19;7643.00;0.40;803785575#0_0;5.10;0.00;tripinfo_out_od_to_os.37;103.00;out_od_to_os.37;0;969.96;1.01;0.00;16.04;car;;0;0.00
7748.00;45494495_0;58.90;10.30;7629.00;0.96;803785575#0_0;5.10;0.00;tripinfo_out_od_to_os.36;119.00;out_od_to_os.36;0;969.96;1.01;0.00;32.17;car;;2;8.00
7749.00;230845886_0;633.12;9.70;7492.00;3.46;-23142338#2_0;5.10;0.00;tripinfo_out_ns_to_ba.38;257.00;out_ns_to_ba.38;0;2340.42;0.96;0.00;38.48;car;;1;17.00
7749.00;41899283#1_0;148.70;10.79;7512.00;0.26;803785575#0_0;5.10;0.00;tripinfo_out_od_to_as.38;237.00;out_od_to_as.38;0;2382.09;1.01;0.00;24.60;car;;1;3.00
7751.00;28706217_0;94.10;6.67;6931.00;0.12;23687583_0;5.10;0.00;tripinfo_out_as_to_sl.30;820.00;out_as_to_sl.30;0;1976.75;0.82;0.00;597.54;car;;22;111.00
7751.00;972103805_0;116.86;11.14;7336.00;0.82;-23156305_0;5.10;0.00;tripinfo_out_gg_to_ko.19;415.00;out_gg_to_ko.19;0;2416.59;1.04;0.00;203.71;car;;6;95.00
7753.00;28706217_0;94.10;7.05;6974.00;2.76;23687583_0;5.10;0.00;tripinfo_out_as_to_sl.32;779.00;out_as_to_sl.32;0;1976.75;0.94;0.00;584.16;car;;11;87.00
7759.00;23142338#2_0;290.21;12.06;7436.00;0.01;-23527526_0;5.10;0.00;tripinfo_out_gj_to_ns.156;323.00;out_gj_to_ns.156;0;2043.79;1.12;0.00;158.43;car;;5;81.00
7760.00;23156030#6_0;109.07;8.31;7026.00;3.40;23687583_0;5.10;0.00;tripinfo_out_as_to_od.45;734.00;out_as_to_od.45;0;2357.31;0.84;0.00;482.54;car;;12;71.00
7760.00;230845886_0;633.12;9.55;7541.00;0.75;-23527526_0;5.10;0.00;tripinfo_out_gj_to_ba.80;219.00;out_gj_to_ba.80;0;1702.89;0.88;0.00;43.59;car;;2;13.00
7761.00;41899283#1_0;148.70;8.72;7687.00;0.43;-23527526_0;5.10;0.00;tripinfo_out_gj_to_as.88;74.00;out_gj_to_as.88;0;633.70;0.89;0.00;8.50;car;;0;0.00
7773.00;23156030#6_0;109.07;11.17;6488.00;376.93;-230845886_0;5.10;0.00;tripinfo_out_ba_to_od.23;1285.00;out_ba_to_od.23;0;2315.50;1.05;0.00;1085.08;car;;21;358.00
7773.00;23142338#2_0;290.21;9.58;7440.00;0.94;-23527526_0;5.10;0.00;tripinfo_out_gj_to_ns.157;333.00;out_gj_to_ns.157;0;2043.79;0.90;0.00;127.98;car;;5;75.00
7775.00;23156030#6_0;109.07;10.60;6953.00;1.57;-23527526_0;5.10;0.00;tripinfo_out_gj_to_od.17;822.00;out_gj_to_od.17;0;2703.70;0.96;0.00;568.49;car;;12;86.00
7775.00;23142338#2_0;290.21;9.55;7239.00;0.65;-28716808#1_0;5.10;0.00;tripinfo_out_kl_to_ns.8;536.00;out_kl_to_ns.8;0;2305.34;0.90;0.00;302.90;car;;11;218.00
7778.00;23156030#6_0;109.07;10.96;6495.00;365.87;-230845886_0;5.10;0.00;tripinfo_out_ba_to_od.24;1283.00;out_ba_to_od.24;0;2315.50;0.99;0.00;1072.20;car;;19;347.00
7779.00;28706217_0;94.10;6.62;7000.00;1.57;23687583_0;5.10;0.00;tripinfo_out_as_to_sl.33;779.00;out_as_to_sl.33;0;1976.75;0.82;0.00;556.69;car;;12;101.00
7779.00;41899283#1_0;148.70;11.05;7712.00;3.82;-23527526_0;5.10;0.00;tripinfo_out_gj_to_as.89;67.00;out_gj_to_as.89;0;633.70;1.01;0.00;8.72;car;;0;0.00
7781.00;28706217_0;94.10;7.74;7698.00;0.55;803785575#0_0;5.10;0.00;tripinfo_out_od_to_sl.14;83.00;out_od_to_sl.14;0;747.33;0.97;0.00;8.14;car;;0;0.00
7784.00;23142338#2_0;290.21;10.85;6617.00;163.71;-230845886_0;5.10;0.00;tripinfo_out_ba_to_ns.4;1167.00;out_ba_to_ns.4;0;2346.36;1.01;0.00;956.51;car;;16;563.00
7786.00;28706217_0;94.10;6.48;7110.00;5.97;-23527526_0;5.10;0.00;tripinfo_out_gj_to_sl.14;676.00;out_gj_to_sl.14;0;2323.14;0.91;0.00;438.22;car;;13;78.00
7788.00;28706217_0;94.10;9.29;7049.00;1.85;-23527526_0;5.10;0.00;tripinfo_out_gj_to_sl.13;739.00;out_gj_to_sl.13;0;2323.14;1.16;0.00;552.49;car;;14;83.00
7793.00;230845886_0;633.12;8.89;7391.00;0.41;-23156305_0;5.10;0.00;tripinfo_out_gg_to_ba.36;402.00;out_gg_to_ba.36;0;2288.16;0.90;0.00;172.56;car;;6;74.00
7794.00;23142338#2_0;290.21;10.87;6851.00;0.67;-23156305_0;5.10;0.00;tripinfo_out_gg_to_ns.32;943.00;out_gg_to_ns.32;0;2927.39;1.01;0.00;680.59;car;;25;385.00
7795.00;41899283#1_0;148.70;9.92;7545.00;0.27;-23142338#2_0;5.10;0.00;tripinfo_out_ns_to_as.67;250.00;out_ns_to_as.67;0;2009.37;0.96;0.00;59.55;car;;2;31.00
7797.00;230845886_0;633.12;9.24;7626.00;0.30;23687583_0;5.10;0.00;tripinfo_out_as_to_ba.89;171.00;out_as_to_ba.89;0;1356.50;0.89;0.00;33.64;car;;0;0.00
7799.00;230845886_0;633.12;12.92;7617.00;7.67;-23527526_0;5.10;0.00;tripinfo_out_gj_to_ba.81;182.00;out_gj_to_ba.81;0;1702.89;1.21;0.00;54.95;car;;1;5.00
7801.00;28706217_0;94.10;8.69;6583.00;0.96;-23156305_0;5.10;0.00;tripinfo_out_gg_to_sl.18;1218.00;out_gg_to_sl.18;0;2908.41;1.06;0.00;965.50;car;;28;343.00
7801.00;230845886_0;633.12;10.85;7620.00;3.89;-23527526_0;5.10;0.00;tripinfo_out_gj_to_ba.82;181.00;out_gj_to_ba.82;0;1702.89;1.04;0.00;32.14;car;;1;1.00
7801.00;41899283#1_0;148.70;9.75;7730.00;0.10;-23527526_0;5.10;0.00;tripinfo_out_gj_to_as.90;71.00;out_gj_to_as.90;0;633.70;0.94;0.00;8.56;car;;0;0.00
7802.00;23156030#6_0;109.07;10.86;7107.00;0.56;23687583_0;5.10;0.00;tripinfo_out_as_to_od.47;695.00;out_as_to_od.47;0;2357.31;1.02;0.00;487.05;car;;8;86.00
7804.00;23142338#2_0;290.21;8.80;7471.00;0.20;-23527526_0;5.10;0.00;tripinfo_out_gj_to_ns.158;333.00;out_gj_to_ns.158;0;2043.79;0.90;0.00;126.54;car;;5;78.00
7805.00;230845886_0;633.12;9.46;7623.00;1.13;-23527526_0;5.10;0.00;tripinfo_out_gj_to_ba.83;182.00;out_gj_to_ba.83;0;1702.89;0.94;0.00;18.67;car;;0;0.00
7805.00;41899283#1_0;148.70;10.41;7736.00;0.81;-23527526_0;5.10;0.00;tripinfo_out_gj_to_as.91;69.00;out_gj_to_as.91;0;633.70;1.01;0.00;10.76;car;;0;0.00
7806.00;23156030#6_0;109.07;9.90;6445.00;2.58;-23156305_0;5.10;0.00;tripinfo_out_gg_to_od.33;1361.00;out_gg_to_od.33;0;3288.97;0.99;0.00;1059.52;car;;32;319.00
7806.00;23142338#2_0;290.21;9.60;7515.00;0.85;-23527526_0;5.10;0.00;tripinfo_out_gj_to_ns.159;291.00;out_gj_to_ns.159;0;2043.79;0.91;0.00;86.85;car;;4;45.00
7807.00;23156030#6_1;109.07;9.88;7127.00;0.70;23687583_0;5.10;0.00;tripinfo_out_as_to_od.48;680.00;out_as_to_od.48;0;2357.31;1.00;0.00;467.07;car;;8;77.00
7807.00;230845886_0;633.12;10.33;7629.00;2.53;-23527526_0;5.10;0.00;tripinfo_out_gj_to_ba.84;178.00;out_gj_to_ba.84;0;1702.89;1.01;0.00;24.98;car;;0;0.00
7808.00;28706217_0;94.10;7.40;6566.00;0.91;-23156305_0;5.10;0.00;tripinfo_out_gg_to_sl.17;1242.00;out_gg_to_sl.17;0;2908.41;0.92;0.00;950.57;car;;27;325.00
7809.00;230845886_0;633.12;12.61;7668.00;0.32;23687583_0;5.10;0.00;tripinfo_out_as_to_ba.90;141.00;out_as_to_ba.90;0;1356.50;1.32;0.00;42.82;car;;0;0.00
7810.00;41899283#1_0;148.70;10.28;7518.00;0.27;803785575#0_0;5.10;0.00;tripinfo_out_od_to_as.39;292.00;out_od_to_as.39;0;2382.09;0.99;0.00;75.23;car;;4;39.00
7811.00;23156030#6_0;109.07;10.07;6599.00;0.07;-23156390_0;5.10;0.00;tripinfo_out_br_to_od.36;1212.00;out_br_to_od.36;0;2905.16;0.97;0.00;940.60;car;;19;447.00
7811.00;230845886_0;633.12;11.35;7635.00;5.18;-23527526_0;5.10;0.00;tripinfo_out_gj_to_ba.85;176.00;out_gj_to_ba.85;0;1702.89;1.10;0.00;35.86;car;;0;0.00
7812.00;23142338#2_0;290.21;11.14;7283.00;0.38;-23156390_0;5.10;0.00;tripinfo_out_br_to_ns.8;529.00;out_br_to_ns.8;0;2936.02;1.03;0.00;270.78;car;;4;86.00
7813.00;41899283#1_0;148.70;10.08;7548.00;0.81;-23142338#2_0;5.10;0.00;tripinfo_out_ns_to_as.68;265.00;out_ns_to_as.68;0;2009.37;0.97;0.00;75.43;car;;3;39.00
7814.00;972103805_0;116.86;9.42;5687.00;3024.39;-45494495_0;5.10;0.00;tripinfo_in_os_to_ko.8;2127.00;in_os_to_ko.8;0;2045.29;0.93;0.00;1916.35;car;;24;1797.00
7816.00;972103805_0;116.86;11.80;5691.00;3003.21;-45494495_0;5.10;0.00;tripinfo_in_os_to_ko.9;2125.00;in_os_to_ko.9;0;2045.29;1.10;0.00;1946.22;car;;20;1824.00
7818.00;23142338#2_0;290.21;12.68;7522.00;0.78;-23527526_0;5.10;0.00;tripinfo_out_gj_to_ns.160;296.00;out_gj_to_ns.160;0;2043.79;1.15;0.00;135.03;car;;5;64.00
7821.00;230845886_0;633.12;10.21;7633.00;0.67;-28716808#1_0;5.10;0.00;tripinfo_out_kl_to_ba.6;188.00;out_kl_to_ba.6;0;1656.22;0.94;0.00;28.97;car;;1;9.00
7822.00;45494495_0;58.90;10.91;7679.00;0.67;803785575#0_0;5.10;0.00;tripinfo_out_od_to_os.38;143.00;out_od_to_os.38;0;969.96;1.07;0.00;60.36;car;;3;28.00
7823.00;230845886_0;633.12;11.96;7603.00;0.66;-23142338#2_0;5.10;0.00;tripinfo_out_ns_to_ba.39;220.00;out_ns_to_ba.39;0;2340.42;1.12;0.00;32.52;car;;1;3.00
7825.00;41899283#1_0;148.70;9.90;7754.00;0.81;-23527526_0;5.10;0.00;tripinfo_out_gj_to_as.92;71.00;out_gj_to_as.92;0;633.70;0.96;0.00;10.35;car;;0;0.00
7826.00;230845886_0;633.12;11.77;7696.00;0.98;23687583_0;5.10;0.00;tripinfo_out_as_to_ba.91;130.00;out_as_to_ba.91;0;1356.50;1.17;0.00;25.79;car;;0;0.00
7827.00;23142338#2_0;290.21;10.85;7528.00;0.60;-23527526_0;5.10;0.00;tripinfo_out_gj_to_ns.161;299.00;out_gj_to_ns.161;0;2043.79;1.00;0.00;113.72;car;;4;63.00
7827.00;41899283#1_0;148.70;12.12;7757.00;2.83;-23527526_0;5.10;0.00;tripinfo_out_gj_to_as.93;70.00;out_gj_to_as.93;0;633.70;1.16;0.00;19.42;car;;0;0.00
7829.00;23142338#2_0;290.21;11.90;7293.00;2.13;23687583_0;5.10;0.00;tripinfo_out_as_to_ns.75;536.00;out_as_to_ns.75;0;1995.73;1.11;0.00;372.42;car;;11;262.00
7830.00;23156030#6_0;109.07;11.16;6984.00;0.54;23687583_0;5.10;0.00;tripinfo_out_as_to_od.44;846.00;out_as_to_od.44;0;2357.31;1.07;0.00;645.89;car;;11;119.00
7833.00;23156030#6_0;109.07;10.92;7096.00;0.23;-28716808#1_0;5.10;0.00;tripinfo_out_kl_to_od.34;737.00;out_kl_to_od.34;0;2657.03;1.04;0.00;507.17;car;;9;105.00
7833.00;23142338#2_0;290.21;10.10;7556.00;0.84;-23527526_0;5.10;0.00;tripinfo_out_gj_to_ns.162;277.00;out_gj_to_ns.162;0;2043.79;0.96;0.00;84.46;car;;3;47.00
7833.00;230845886_0;633.12;11.44;7699.00;0.17;23687583_0;5.10;0.00;tripinfo_out_as_to_ba.92;134.00;out_as_to_ba.92;0;1356.50;1.09;0.00;21.56;car;;0;0.00
7835.00;972103805_0;116.86;11.53;7421.00;2.27;-23156305_0;5.10;0.00;tripinfo_out_gg_to_ko.20;414.00;out_gg_to_ko.20;0;2416.59;1.09;0.00;213.08;car;;7;87.00
7836.00;230845886_0;633.12;11.16;7709.00;1.40;23687583_0;5.10;0.00;tripinfo_out_as_to_ba.93;127.00;out_as_to_ba.93;0;1356.50;1.10;0.00;15.24;car;;0;0.00
7837.00;41899283#1_0;148.70;10.01;7766.00;8.33;-23527526_0;5.10;0.00;tripinfo_out_gj_to_as.94;71.00;out_gj_to_as.94;0;633.70;0.96;0.00;10.02;car;;0;0.00
7839.00;28706217_0;94.10;6.41;7158.00;2.11;-23527526_0;5.10;0.00;tripinfo_out_gj_to_sl.15;681.00;out_gj_to_sl.15;0;2323.14;0.92;0.00;445.90;car;;11;89.00
7840.00;23156030#6_0;109.07;9.98;7040.00;0.31;23687583_0;5.10;0.00;tripinfo_out_as_to_od.46;800.00;out_as_to_od.46;0;2357.31;0.94;0.00;575.17;car;;13;114.00
7841.00;41899283#1_0;148.70;10.29;7563.00;0.06;-23142338#2_0;5.10;0.00;tripinfo_out_ns_to_as.69;278.00;out_ns_to_as.69;0;2009.37;0.93;0.00;79.86;car;;5;41.00
7842.00;41899283#1_0;148.70;11.21;6643.00;105.20;-230845886_0;5.10;0.00;tripinfo_out_ba_to_as.31;1199.00;out_ba_to_as.31;0;1430.78;1.05;0.00;1075.79;car;;20;679.00
7852.00;230845886_0;633.12;10.74;7676.00;1.11;-23527526_0;5.10;0.00;tripinfo_out_gj_to_ba.86;176.00;out_gj_to_ba.86;0;1702.89;0.99;0.00;21.56;car;;1;2.00
7854.00;23156030#6_0;109.07;12.92;6640.00;0.52;-23156390_0;5.10;0.00;tripinfo_out_br_to_od.37;1214.00;out_br_to_od.37;0;2905.16;1.17;0.00;989.45;car;;21;457.00
7856.00;23156030#6_0;109.07;12.85;6609.00;0.95;-23156305_0;5.10;0.00;tripinfo_out_gg_to_od.35;1247.00;out_gg_to_od.35;0;3288.97;1.16;0.00;990.85;car;;27;347.00
7860.00;23142338#2_0;290.21;9.25;6877.00;0.78;-23156305_0;5.10;0.00;tripinfo_out_gg_to_ns.33;983.00;out_gg_to_ns.33;0;2927.39;0.91;0.00;692.22;car;;22;427.00
7862.00;23142338#2_0;290.21;11.58;7573.00;0.51;-23527526_0;5.10;0.00;tripinfo_out_gj_to_ns.163;289.00;out_gj_to_ns.163;0;2043.79;1.05;0.00;112.53;car;;4;57.00
7863.00;23156030#6_0;109.07;10.80;6550.00;0.43;-23156390_0;5.10;0.00;tripinfo_out_br_to_od.35;1313.00;out_br_to_od.35;0;2905.16;1.06;0.00;1066.63;car;;31;467.00
7863.00;972103805_0;116.86;11.43;7407.00;0.39;-23156390_0;5.10;0.00;tripinfo_out_br_to_ko.25;456.00;out_br_to_ko.25;0;2703.95;1.04;0.00;219.96;car;;8;129.00
7864.00;23142338#2_0;290.21;10.82;7590.00;0.35;-23527526_0;5.10;0.00;tripinfo_out_gj_to_ns.164;274.00;out_gj_to_ns.164;0;2043.79;1.01;0.00;90.40;car;;3;42.00
7865.00;41899283#1_0;148.70;9.96;7454.00;0.94;-23156305_0;5.10;0.00;tripinfo_out_gg_to_as.16;411.00;out_gg_to_as.16;0;1699.56;0.95;0.00;247.92;car;;6;141.00
7866.00;230845886_0;633.12;9.61;7730.00;2.33;23687583_0;5.10;0.00;tripinfo_out_as_to_ba.94;136.00;out_as_to_ba.94;0;1356.50;0.97;0.00;10.10;car;;0;0.00
7869.00;23142338#2_0;290.21;8.93;6996.00;3.24;-23156305_0;5.10;0.00;tripinfo_out_gg_to_ns.34;873.00;out_gg_to_ns.34;0;2927.39;0.87;0.00;565.84;car;;18;346.00
7871.00;23156030#6_0;109.07;10.56;7114.00;0.13;-28716808#1_0;5.10;0.00;tripinfo_out_kl_to_od.35;757.00;out_kl_to_od.35;0;2657.03;0.98;0.00;511.13;car;;12;125.00
7873.00;41899283#1_0;148.70;9.55;6650.00;98.86;-230845886_0;5.10;0.00;tripinfo_out_ba_to_as.32;1223.00;out_ba_to_as.32;0;1430.78;0.96;0.00;1086.97;car;;19;690.00
7877.00;230845886_0;633.12;8.75;7690.00;3.37;-23527526_0;5.10;0.00;tripinfo_out_gj_to_ba.87;187.00;out_gj_to_ba.87;0;1702.89;0.90;0.00;15.44;car;;0;0.00
7878.00;45494495_0;58.90;9.53;7246.00;0.56;23687583_0;5.10;0.00;tripinfo_out_as_to_os.21;632.00;out_as_to_os.21;0;1689.77;0.92;0.00;466.90;car;;12;82.00
7880.00;41899283#1_0;148.70;10.99;6663.00;74.24;-230845886_0;5.10;0.00;tripinfo_out_ba_to_as.33;1217.00;out_ba_to_as.33;0;1430.78;1.09;0.00;1098.26;car;;21;673.00
7882.00;45494495_0;58.90;11.99;7721.00;0.73;803785575#0_0;5.10;0.00;tripinfo_out_od_to_os.39;161.00;out_od_to_os.39;0;969.96;1.08;0.00;79.56;car;;4;50.00
7886.00;23142338#2_0;290.21;10.16;7599.00;4.16;-23527526_0;5.10;0.00;tripinfo_out_gj_to_ns.165;287.00;out_gj_to_ns.165;0;2043.79;0.97;0.00;96.46;car;;4;56.00
7888.00;23142338#2_0;290.21;11.88;6999.00;1.24;-23156305_0;5.10;0.00;tripinfo_out_gg_to_ns.35;889.00;out_gg_to_ns.35;0;2927.39;1.10;0.00;647.28;car;;18;366.00
7889.00;41899283#1_0;148.70;10.12;7625.00;0.29;-23142338#2_0;5.10;0.00;tripinfo_out_ns_to_as.70;264.00;out_ns_to_as.70;0;2009.37;1.02;0.00;85.39;car;;4;46.00
7891.00;45494495_0;58.90;10.25;7255.00;0.89;-23527526_0;5.10;0.00;tripinfo_out_gj_to_os.17;636.00;out_gj_to_os.17;0;2036.16;0.94;0.00;440.67;car;;11;67.00
7894.00;23156030#6_1;109.07;10.86;6535.00;358.37;-230845886_0;5.10;0.00;tripinfo_out_ba_to_od.26;1359.00;out_ba_to_od.26;0;2315.50;1.06;0.00;1161.24;car;;22;436.00
7895.00;23156030#6_0;109.07;10.59;6513.00;341.67;-230845886_0;5.10;0.00;tripinfo_out_ba_to_od.25;1382.00;out_ba_to_od.25;0;2315.50;0.96;0.00;1163.89;car;;26;407.00
7895.00;972103805_0;116.86;9.59;7443.00;0.33;-23156390_0;5.10;0.00;tripinfo_out_br_to_ko.26;452.00;out_br_to_ko.26;0;2703.95;0.92;0.00;185.41;car;;5;111.00
7895.00;45494495_0;58.90;9.01;7743.00;0.93;803785575#0_0;5.10;0.00;tripinfo_out_od_to_os.40;152.00;out_od_to_os.40;0;969.96;0.91;0.00;55.67;car;;4;33.00
7896.00;23142338#2_0;290.21;9.31;7608.00;0.24;-23527526_0;5.10;0.00;tripinfo_out_gj_to_ns.166;288.00;out_gj_to_ns.166;0;2043.79;0.88;0.00;76.95;car;;3;37.00
7897.00;28706217_0;94.10;6.49;6566.00;319.58;-230845886_0;5.10;0.00;tripinfo_out_ba_to_sl.6;1331.00;out_ba_to_sl.6;0;1934.94;0.88;0.00;1126.58;car;;29;491.00
7897.00;45494495_0;58.90;13.17;7018.00;0.69;-23156390_0;5.10;0.00;tripinfo_out_br_to_os.12;879.00;out_br_to_os.12;0;2237.62;1.21;0.00;711.26;car;;19;200.00
7897.00;972103805_0;116.86;10.75;7659.00;0.62;-28716808#1_0;5.10;0.00;tripinfo_out_kl_to_ko.34;238.00;out_kl_to_ko.34;0;1927.03;1.03;0.00;68.53;car;;2;39.00
7898.00;23142338#2_0;290.21;10.84;7055.00;0.76;-23156305_0;5.10;0.00;tripinfo_out_gg_to_ns.36;843.00;out_gg_to_ns.36;0;2927.39;1.01;0.00;578.85;car;;17;335.00
7899.00;972103805_0;116.86;11.04;7509.00;0.71;-23156390_0;5.10;0.00;tripinfo_out_br_to_ko.27;390.00;out_br_to_ko.27;0;2703.95;1.10;0.00;166.41;car;;5;113.00
7899.00;41899283#1_0;148.70;8.22;7818.00;1.10;-23527526_0;5.10;0.00;tripinfo_out_gj_to_as.95;81.00;out_gj_to_as.95;0;633.70;0.80;0.00;8.10;car;;0;0.00
7901.00;41899283#1_0;148.70;11.39;7824.00;0.87;-23527526_0;5.10;0.00;tripinfo_out_gj_to_as.96;77.00;out_gj_to_as.96;0;633.70;1.03;0.00;20.54;car;;0;0.00
7903.00;28706217_0;94.10;5.77;6736.00;2.93;-23156305_0;5.10;0.00;tripinfo_out_gg_to_sl.19;1167.00;out_gg_to_sl.19;0;2908.41;0.84;0.00;848.39;car;;29;242.00
7904.00;23156030#6_0;109.07;8.70;6552.00;0.87;-23156305_0;5.10;0.00;tripinfo_out_gg_to_od.34;1352.00;out_gg_to_od.34;0;3288.97;0.87;0.00;1010.51;car;;27;374.00
7904.00;972103805_0;116.86;9.81;7426.00;0.28;-23156305_0;5.10;0.00;tripinfo_out_gg_to_ko.21;478.00;out_gg_to_ko.21;0;2416.59;0.97;0.00;252.67;car;;9;129.00
7909.00;41899283#1_0;148.70;10.63;7759.00;0.53;-28716808#1_0;5.10;0.00;tripinfo_out_kl_to_as.25;150.00;out_kl_to_as.25;0;1233.18;0.98;0.00;35.68;car;;2;18.00
7913.00;23142338#2_0;290.21;10.35;7611.00;2.85;-23527526_0;5.10;0.00;tripinfo_out_gj_to_ns.167;302.00;out_gj_to_ns.167;0;2043.79;1.04;0.00;124.55;car;;4;57.00
7915.00;41899283#1_0;148.70;10.60;7848.00;0.33;-23527526_0;5.10;0.00;tripinfo_out_gj_to_as.97;67.00;out_gj_to_as.97;0;633.70;1.01;0.00;8.47;car;;0;0.00
7917.00;23142338#2_0;290.21;10.81;7632.00;4.93;-23527526_0;5.10;0.00;tripinfo_out_gj_to_ns.168;285.00;out_gj_to_ns.168;0;2043.79;0.99;0.00;97.89;car;;4;52.00
7918.00;23156030#6_1;109.07;12.12;6686.00;0.40;-23156305_0;5.10;0.00;tripinfo_out_gg_to_od.37;1232.00;out_gg_to_od.37;0;3288.97;1.14;0.00;971.15;car;;23;309.00
7919.00;23142338#2_0;290.21;12.40;7638.00;3.26;-23527526_0;5.10;0.00;tripinfo_out_gj_to_ns.169;281.00;out_gj_to_ns.169;0;2043.79;1.15;0.00;120.40;car;;4;50.00
7921.00;23156030#6_0;109.07;11.15;6663.00;0.39;-23156305_0;5.10;0.00;tripinfo_out_gg_to_od.36;1258.00;out_gg_to_od.36;0;3288.97;1.04;0.00;972.25;car;;25;321.00
7921.00;23142338#2_0;290.21;11.67;7641.00;1.50;-23527526_0;5.10;0.00;tripinfo_out_gj_to_ns.170;280.00;out_gj_to_ns.170;0;2043.79;1.09;0.00;109.45;car;;4;55.00
7924.00;41899283#1_0;148.70;9.89;7636.00;0.81;-23142338#2_0;5.10;0.00;tripinfo_out_ns_to_as.71;288.00;out_ns_to_as.71;0;2009.37;0.93;0.00;90.60;car;;5;51.00
7924.00;972103805_0;116.86;10.60;7677.00;0.06;-28716808#1_0;5.10;0.00;tripinfo_out_kl_to_ko.35;247.00;out_kl_to_ko.35;0;1927.03;1.01;0.00;74.62;car;;2;37.00
7925.00;23156030#6_0;109.07;11.13;6693.00;0.16;-23156305_0;5.10;0.00;tripinfo_out_gg_to_od.38;1232.00;out_gg_to_od.38;0;3288.97;1.03;0.00;944.04;car;;30;298.00
7926.00;41899283#1_0;148.70;10.47;7583.00;0.35;-23156390_0;5.10;0.00;tripinfo_out_br_to_as.21;343.00;out_br_to_as.21;0;2020.44;1.02;0.00;163.26;car;;6;107.00
7927.00;41899283#1_0;148.70;11.93;7575.00;0.15;-23156390_0;5.10;0.00;tripinfo_out_br_to_as.20;352.00;out_br_to_as.20;0;2020.44;1.14;0.00;191.59;car;;6;111.00
7929.00;41899283#1_0;148.70;11.36;6669.00;45.47;-230845886_0;5.10;0.00;tripinfo_out_ba_to_as.34;1260.00;out_ba_to_as.34;0;1430.78;1.04;0.00;1135.43;car;;20;688.00
7930.00;230845886_0;633.12;9.15;7764.00;0.76;23687583_0;5.10;0.00;tripinfo_out_as_to_ba.95;166.00;out_as_to_ba.95;0;1356.50;0.85;0.00;21.18;car;;1;3.00
7932.00;41899283#1_0;148.70;11.37;6672.00;45.84;-230845886_0;5.10;0.00;tripinfo_out_ba_to_as.35;1260.00;out_ba_to_as.35;0;1430.78;1.04;0.00;1135.71;car;;22;683.00
7932.00;45494495_0;58.90;11.26;7333.00;2.13;23687583_0;5.10;0.00;tripinfo_out_as_to_os.22;599.00;out_as_to_os.22;0;1689.77;1.09;0.00;459.58;car;;13;69.00
7936.00;23156030#6_0;109.07;10.13;7678.00;0.56;-23142338#2_0;5.10;0.00;tripinfo_out_ns_to_od.21;258.00;out_ns_to_od.21;0;2005.01;0.94;0.00;51.86;car;;3;20.00
7942.00;41899283#1_0;148.70;11.76;5709.00;3010.68;-45494495_0;5.10;0.00;tripinfo_in_os_to_as.10;2233.00;in_os_to_as.10;0;1746.47;1.06;0.00;2083.96;car;;19;1950.00
7945.00;23142338#2_0;290.21;9.90;7069.00;0.02;-23156305_0;5.10;0.00;tripinfo_out_gg_to_ns.37;876.00;out_gg_to_ns.37;0;2927.39;1.00;0.00;608.70;car;;17;367.00
7947.00;23142338#2_0;290.21;10.36;7411.00;2.96;23687583_0;5.10;0.00;tripinfo_out_as_to_ns.76;536.00;out_as_to_ns.76;0;1995.73;1.02;0.00;357.79;car;;11;264.00
7949.00;23142338#2_0;290.21;12.33;7414.00;3.41;23687583_0;5.10;0.00;tripinfo_out_as_to_ns.77;535.00;out_as_to_ns.77;0;1995.73;1.17;0.00;380.04;car;;10;254.00
7951.00;230845886_0;633.12;10.33;7760.00;4.17;-23527526_0;5.10;0.00;tripinfo_out_gj_to_ba.88;191.00;out_gj_to_ba.88;0;1702.89;0.99;0.00;35.21;car;;1;5.00
7953.00;23156030#6_0;109.07;10.33;6697.00;0.73;-23156305_0;5.10;0.00;tripinfo_out_gg_to_od.39;1256.00;out_gg_to_od.39;0;3288.97;0.99;0.00;954.80;car;;33;328.00
7953.00;23156030#6_1;109.07;11.18;6741.00;0.90;-23156305_0;5.10;0.00;tripinfo_out_gg_to_od.41;1212.00;out_gg_to_od.41;0;3288.97;1.09;0.00;938.22;car;;29;289.00
7953.00;972103805_0;116.86;11.05;7803.00;0.49;-23527526_0;5.10;0.00;tripinfo_out_gj_to_ko.34;150.00;out_gj_to_ko.34;0;971.70;1.09;0.00;68.53;car;;3;28.00
7954.00;230845886_0;633.12;11.97;7523.00;0.58;-23156305_0;5.10;0.00;tripinfo_out_gg_to_ba.37;431.00;out_gg_to_ba.37;0;2288.16;1.16;0.00;251.73;car;;8;126.00
7957.00;972103805_0;116.86;10.30;7440.00;0.98;-23156305_0;5.10;0.00;tripinfo_out_gg_to_ko.22;517.00;out_gg_to_ko.22;0;2416.59;0.96;0.00;288.91;car;;8;161.00
7958.00;23156030#6_0;109.07;9.63;6560.00;314.59;-230845886_0;5.10;0.00;tripinfo_out_ba_to_od.27;1398.00;out_ba_to_od.27;0;2315.50;0.95;0.00;1177.42;car;;23;506.00
7959.00;23156030#6_1;109.07;10.72;6750.00;0.32;-23156305_0;5.10;0.00;tripinfo_out_gg_to_od.42;1209.00;out_gg_to_od.42;0;3288.97;1.01;0.00;914.57;car;;29;315.00
7960.00;972103805_0;116.86;10.02;7451.00;0.19;-23156305_0;5.10;0.00;tripinfo_out_gg_to_ko.23;509.00;out_gg_to_ko.23;0;2416.59;0.90;0.00;265.75;car;;8;149.00
7963.00;972103805_0;116.86;8.97;7529.00;0.04;-23156390_0;5.10;0.00;tripinfo_out_br_to_ko.28;434.00;out_br_to_ko.28;0;2703.95;0.92;0.00;167.50;car;;6;107.00
7967.00;41899283#1_0;148.70;11.08;7906.00;0.90;-23527526_0;5.10;0.00;tripinfo_out_gj_to_as.98;61.00;out_gj_to_as.98;0;633.70;1.10;0.00;8.47;car;;0;0.00
7971.00;45494495_0;58.90;9.77;6890.00;0.83;-23156305_0;5.10;0.00;tripinfo_out_gg_to_os.19;1081.00;out_gg_to_os.19;0;2621.43;0.89;0.00;815.33;car;;27;258.00
7971.00;23142338#2_0;290.21;11.82;7430.00;4.23;23687583_0;5.10;0.00;tripinfo_out_as_to_ns.78;541.00;out_as_to_ns.78;0;1995.73;1.07;0.00;370.99;car;;10;281.00
7971.00;230845886_0;633.12;12.61;7756.00;0.47;-23142338#2_0;5.10;0.00;tripinfo_out_ns_to_ba.40;215.00;out_ns_to_ba.40;0;2340.42;1.18;0.00;34.98;car;;1;5.00
7974.00;23156030#6_0;109.07;13.74;7189.00;0.62;-28716808#1_0;5.10;0.00;tripinfo_out_kl_to_od.36;785.00;out_kl_to_od.36;0;2657.03;1.29;0.00;592.44;car;;15;168.00
7975.00;41899283#1_0;148.70;8.42;6681.00;13.05;-230845886_0;5.10;0.00;tripinfo_out_ba_to_as.36;1294.00;out_ba_to_as.36;0;1430.78;0.83;0.00;1137.43;car;;22;685.00
7977.00;41899283#1_0;148.70;9.53;7681.00;0.64;-23142338#2_0;5.10;0.00;tripinfo_out_ns_to_as.72;296.00;out_ns_to_as.72;0;2009.37;0.88;0.00;87.94;car;;5;47.00
7978.00;230845886_0;633.12;11.50;7707.00;0.84;-23156390_0;5.10;0.00;tripinfo_out_br_to_ba.6;271.00;out_br_to_ba.6;0;1904.35;1.07;0.00;110.45;car;;3;55.00
7979.00;41899283#1_0;148.70;11.10;7695.00;0.78;-23142338#2_0;5.10;0.00;tripinfo_out_ns_to_as.73;284.00;out_ns_to_as.73;0;2009.37;1.06;0.00;111.45;car;;4;40.00
7981.00;41899283#1_0;148.70;10.20;7803.00;0.94;-28716808#1_0;5.10;0.00;tripinfo_out_kl_to_as.26;178.00;out_kl_to_as.26;0;1233.18;0.94;0.00;58.26;car;;2;31.00
7982.00;23156030#6_0;109.07;10.15;6706.00;0.51;-23156305_0;5.10;0.00;tripinfo_out_gg_to_od.40;1276.00;out_gg_to_od.40;0;3288.97;1.00;0.00;980.18;car;;37;338.00
7983.00;41899283#1_0;148.70;11.15;7704.00;0.49;-23142338#2_0;5.10;0.00;tripinfo_out_ns_to_as.74;279.00;out_ns_to_as.74;0;2009.37;1.02;0.00;98.39;car;;3;34.00
7987.00;28706217_0;94.10;6.71;5990.00;3291.23;-45494495_0;5.10;0.00;tripinfo_in_os_to_sl.5;1997.00;in_os_to_sl.5;0;484.95;0.89;0.00;1941.43;car;;16;1848.00
7987.00;23142338#2_0;290.21;8.91;7461.00;0.71;23687583_0;5.10;0.00;tripinfo_out_as_to_ns.79;526.00;out_as_to_ns.79;0;1995.73;0.84;0.00;309.71;car;;10;218.00
7989.00;23142338#2_0;290.21;8.59;7135.00;0.85;-23156305_0;5.10;0.00;tripinfo_out_gg_to_ns.38;854.00;out_gg_to_ns.38;0;2927.39;0.89;0.00;554.09;car;;17;346.00
7990.00;28706217_0;94.10;7.78;7339.00;4.26;23687583_0;5.10;0.00;tripinfo_out_as_to_sl.34;651.00;out_as_to_sl.34;0;1976.75;1.02;0.00;471.65;car;;14;130.00
7991.00;23156030#6_0;109.07;9.86;7225.00;0.65;-28716808#1_0;5.10;0.00;tripinfo_out_kl_to_od.37;766.00;out_kl_to_od.37;0;2657.03;0.94;0.00;510.26;car;;15;156.00
7992.00;28706217_0;94.10;9.74;7778.00;0.98;-23142338#2_0;5.10;0.00;tripinfo_out_ns_to_sl.13;214.00;out_ns_to_sl.13;0;1619.36;1.21;0.00;79.19;car;;3;25.00
8001.00;41899283#1_0;148.70;10.35;7585.00;3.08;-23156305_0;5.10;0.00;tripinfo_out_gg_to_as.17;416.00;out_gg_to_as.17;0;1699.56;1.04;0.00;267.39;car;;10;145.00
8001.00;230845886_0;633.12;8.46;7819.00;2.78;23687583_0;5.10;0.00;tripinfo_out_as_to_ba.96;182.00;out_as_to_ba.96;0;1356.50;0.85;0.00;38.08;car;;2;8.00
8002.00;230845886_0;633.12;9.82;7828.00;2.47;23687583_0;5.10;0.00;tripinfo_out_as_to_ba.97;174.00;out_as_to_ba.97;0;1356.50;0.95;0.00;45.58;car;;2;7.00
8004.00;45494495_0;58.90;8.71;7052.00;0.19;-23156390_0;5.10;0.00;tripinfo_out_br_to_os.13;952.00;out_br_to_os.13;0;2237.62;0.90;0.00;726.89;car;;22;290.00
8004.00;41899283#1_0;148.70;10.52;7719.00;0.41;-23142338#2_0;5.10;0.00;tripinfo_out_ns_to_as.75;285.00;out_ns_to_as.75;0;2009.37;0.99;0.00;100.63;car;;4;55.00
8006.00;41899283#1_0;148.70;11.48;7636.00;0.12;-23156390_0;5.10;0.00;tripinfo_out_br_to_as.22;370.00;out_br_to_as.22;0;2020.44;1.09;0.00;202.03;car;;6;108.00
8007.00;41899283#1_0;148.70;11.14;6756.00;0.03;-230845886_0;5.10;0.00;tripinfo_out_ba_to_as.37;1251.00;out_ba_to_as.37;0;1430.78;1.10;0.00;1134.12;car;;18;715.00
8007.00;23142338#2_0;290.21;10.38;7706.00;1.46;-23527526_0;5.10;0.00;tripinfo_out_gj_to_ns.171;301.00;out_gj_to_ns.171;0;2043.79;0.96;0.00;108.27;car;;4;66.00
8009.00;23142338#2_0;290.21;9.70;7709.00;2.80;-23527526_0;5.10;0.00;tripinfo_out_gj_to_ns.172;300.00;out_gj_to_ns.172;0;2043.79;0.95;0.00;106.69;car;;4;67.00
8010.00;23156030#6_0;109.07;11.95;6788.00;0.01;-23156390_0;5.10;0.00;tripinfo_out_br_to_od.38;1222.00;out_br_to_od.38;0;2905.16;1.11;0.00;985.24;car;;32;427.00
8011.00;23156030#6_1;109.07;11.81;6947.00;1.73;-23156390_0;5.10;0.00;tripinfo_out_br_to_od.40;1064.00;out_br_to_od.40;0;2905.16;1.17;0.00;839.99;car;;25;330.00
8011.00;23142338#2_0;290.21;11.70;7496.00;0.01;23687583_0;5.10;0.00;tripinfo_out_as_to_ns.80;515.00;out_as_to_ns.80;0;1995.73;1.12;0.00;352.33;car;;10;249.00
8012.00;230845886_0;633.12;8.01;7716.00;0.46;803785575#0_0;5.10;0.00;tripinfo_out_od_to_ba.12;296.00;out_od_to_ba.12;0;2382.14;0.80;0.00;27.04;car;;0;0.00
8013.00;23142338#2_0;290.21;11.84;7146.00;0.25;-23156305_0;5.10;0.00;tripinfo_out_gg_to_ns.39;867.00;out_gg_to_ns.39;0;2927.39;1.14;0.00;632.58;car;;21;369.00
8014.00;230845886_0;633.12;10.54;7793.00;0.22;-23527526_0;5.10;0.00;tripinfo_out_gj_to_ba.89;221.00;out_gj_to_ba.89;0;1702.89;1.01;0.00;67.13;car;;3;8.00
8016.00;230845886_0;633.12;9.79;7526.00;3.36;-23156305_0;5.10;0.00;tripinfo_out_gg_to_ba.38;490.00;out_gg_to_ba.38;0;2288.16;0.98;0.00;277.99;car;;10;127.00
8017.00;23156030#6_0;109.07;9.78;6915.00;0.07;-23156390_0;5.10;0.00;tripinfo_out_br_to_od.39;1102.00;out_br_to_od.39;0;2905.16;0.93;0.00;819.17;car;;29;356.00
8017.00;230845886_0;633.12;11.84;7815.00;0.21;-23527526_0;5.10;0.00;tripinfo_out_gj_to_ba.90;202.00;out_gj_to_ba.90;0;1702.89;1.12;0.00;64.44;car;;0;0.00
8031.00;230845886_0;633.12;8.25;7845.00;0.77;23687583_0;5.10;0.00;tripinfo_out_as_to_ba.98;186.00;out_as_to_ba.98;0;1356.50;0.80;0.00;32.77;car;;1;8.00
8033.00;230845886_0;633.12;11.17;7558.00;0.59;-23156305_0;5.10;0.00;tripinfo_out_gg_to_ba.39;475.00;out_gg_to_ba.39;0;2288.16;1.07;0.00;281.41;car;;8;121.00
8035.00;23142338#2_0;290.21;9.84;7160.00;0.18;-23156305_0;5.10;0.00;tripinfo_out_gg_to_ns.40;875.00;out_gg_to_ns.40;0;2927.39;1.00;0.00;608.41;car;;21;374.00
8035.00;230845886_0;633.12;11.37;7821.00;3.31;-23527526_0;5.10;0.00;tripinfo_out_gj_to_ba.91;214.00;out_gj_to_ba.91;0;1702.89;1.08;0.00;70.91;car;;1;2.00
8037.00;23142338#2_0;290.21;11.26;7228.00;1.84;-23156305_0;5.10;0.00;tripinfo_out_gg_to_ns.41;809.00;out_gg_to_ns.41;0;2927.39;1.02;0.00;548.67;car;;19;321.00
8037.00;230845886_0;633.12;11.33;7829.00;0.07;-23527526_0;5.10;0.00;tripinfo_out_gj_to_ba.92;208.00;out_gj_to_ba.92;0;1702.89;1.05;0.00;60.98;car;;0;0.00
8039.00;230845886_0;633.12;11.31;7813.00;0.24;803785575#0_0;5.10;0.00;tripinfo_out_od_to_ba.13;226.00;out_od_to_ba.13;0;2382.14;1.05;0.00;20.21;car;;0;0.00
8041.00;41899283#1_0;148.70;11.21;7771.00;0.38;-23156390_0;5.10;0.00;tripinfo_out_br_to_as.23;270.00;out_br_to_as.23;0;2020.44;1.03;0.00;93.07;car;;3;45.00
8042.00;23156030#6_0;109.07;10.44;6787.00;4.03;-23156305_0;5.10;0.00;tripinfo_out_gg_to_od.44;1255.00;out_gg_to_od.44;0;3288.97;1.01;0.00;960.13;car;;30;358.00
8042.00;23156030#6_1;109.07;11.47;7219.00;2.25;23687583_0;5.10;0.00;tripinfo_out_as_to_od.49;823.00;out_as_to_od.49;0;2357.31;1.10;0.00;629.10;car;;20;159.00
8042.00;23142338#2_0;290.21;9.88;7542.00;0.86;23687583_0;5.10;0.00;tripinfo_out_as_to_ns.81;500.00;out_as_to_ns.81;0;1995.73;0.94;0.00;307.67;car;;10;217.00
8043.00;23156030#6_1;109.07;12.27;7225.00;2.32;23687583_0;5.10;0.00;tripinfo_out_as_to_od.50;818.00;out_as_to_od.50;0;2357.31;1.11;0.00;627.21;car;;19;160.00
8044.00;23156030#6_0;109.07;11.41;7013.00;0.25;-23156390_0;5.10;0.00;tripinfo_out_br_to_od.41;1031.00;out_br_to_od.41;0;2905.16;1.04;0.00;779.46;car;;24;297.00
8045.00;41899283#1_0;148.70;10.35;6815.00;0.38;-230845886_0;5.10;0.00;tripinfo_out_ba_to_as.38;1230.00;out_ba_to_as.38;0;1430.78;0.94;0.00;1092.28;car;;19;713.00
8049.00;972103805_0;116.86;8.57;7936.00;6.17;-23527526_0;5.10;0.00;tripinfo_out_gj_to_ko.35;113.00;out_gj_to_ko.35;0;971.70;0.86;0.00;10.44;car;;0;0.00
8049.00;41899283#1_0;148.70;9.91;7983.00;2.89;-23527526_0;5.10;0.00;tripinfo_out_gj_to_as.99;66.00;out_gj_to_as.99;0;633.70;1.00;0.00;7.59;car;;0;0.00
8052.00;972103805_0;116.86;9.25;7598.00;0.56;-23156390_0;5.10;0.00;tripinfo_out_br_to_ko.29;454.00;out_br_to_ko.29;0;2703.95;0.87;0.00;169.70;car;;4;107.00
8053.00;45494495_0;58.90;10.49;7427.00;1.44;23687583_0;5.10;0.00;tripinfo_out_as_to_os.23;626.00;out_as_to_os.23;0;1689.77;0.99;0.00;472.23;car;;20;71.00
8054.00;28706217_0;94.10;8.79;7850.00;1.37;-23142338#2_0;5.10;0.00;tripinfo_out_ns_to_sl.14;204.00;out_ns_to_sl.14;0;1619.36;1.06;0.00;49.34;car;;1;20.00
8054.00;230845886_0;633.12;8.75;7892.00;0.28;23687583_0;5.10;0.00;tripinfo_out_as_to_ba.99;162.00;out_as_to_ba.99;0;1356.50;0.84;0.00;16.94;car;;0;0.00
8055.00;45494495_0;58.90;10.78;7433.00;4.80;23687583_0;5.10;0.00;tripinfo_out_as_to_os.24;622.00;out_as_to_os.24;0;1689.77;1.08;0.00;479.66;car;;15;69.00
8055.00;41899283#1_0;148.70;9.77;7986.00;2.85;-23527526_0;5.10;0.00;tripinfo_out_gj_to_as.100;69.00;out_gj_to_as.100;0;633.70;0.97;0.00;8.24;car;;0;0.00
8056.00;230845886_0;633.12;10.53;7901.00;0.89;23687583_0;5.10;0.00;tripinfo_out_as_to_ba.100;155.00;out_as_to_ba.100;0;1356.50;0.95;0.00;26.19;car;;0;0.00
8058.00;45494495_0;58.90;11.11;6605.00;183.35;-230845886_0;5.10;0.00;tripinfo_out_ba_to_os.16;1453.00;out_ba_to_os.16;0;1647.96;1.04;0.00;1309.61;car;;29;661.00
8058.00;230845886_0;633.12;12.32;7877.00;1.13;-23527526_0;5.10;0.00;tripinfo_out_gj_to_ba.93;181.00;out_gj_to_ba.93;0;1702.89;1.18;0.00;49.53;car;;0;0.00
8060.00;41899283#1_0;148.70;9.94;7794.00;0.78;-23142338#2_0;5.10;0.00;tripinfo_out_ns_to_as.76;266.00;out_ns_to_as.76;0;2009.37;0.98;0.00;78.93;car;;4;33.00
8061.00;23142338#2_0;290.21;11.99;7560.00;0.62;23687583_0;5.10;0.00;tripinfo_out_as_to_ns.82;501.00;out_as_to_ns.82;0;1995.73;1.09;0.00;333.15;car;;13;231.00
8062.00;230845886_0;633.12;8.82;7773.00;0.91;-23142338#2_0;5.10;0.00;tripinfo_out_ns_to_ba.41;289.00;out_ns_to_ba.41;0;2340.42;0.89;0.00;53.68;car;;2;23.00
8062.00;41899283#1_0;148.70;11.57;7809.00;0.12;-23142338#2_0;5.10;0.00;tripinfo_out_ns_to_as.77;253.00;out_ns_to_as.77;0;2009.37;1.05;0.00;78.48;car;;4;33.00
8063.00;23142338#2_0;290.21;11.80;7565.00;4.55;23687583_0;5.10;0.00;tripinfo_out_as_to_ns.83;498.00;out_as_to_ns.83;0;1995.73;1.09;0.00;331.53;car;;12;224.00
8064.00;41899283#1_0;148.70;11.59;7669.00;1.25;-23156305_0;5.10;0.00;tripinfo_out_gg_to_as.18;395.00;out_gg_to_as.18;0;1699.56;1.13;0.00;257.79;car;;8;138.00
8071.00;23156030#6_0;109.07;10.72;7282.00;0.06;-23527526_0;5.10;0.00;tripinfo_out_gj_to_od.19;789.00;out_gj_to_od.19;0;2703.70;1.03;0.00;550.40;car;;18;182.00
8071.00;23142338#2_0;290.21;10.22;7324.00;0.34;-23156305_0;5.10;0.00;tripinfo_out_gg_to_ns.42;747.00;out_gg_to_ns.42;0;2927.39;0.95;0.00;467.21;car;;15;283.00
8073.00;23156030#6_1;109.07;11.32;7241.00;0.54;-23527526_0;5.10;0.00;tripinfo_out_gj_to_od.18;832.00;out_gj_to_od.18;0;2703.70;1.07;0.00;602.99;car;;22;186.00
8073.00;23142338#2_0;290.21;12.21;7604.00;1.56;23687583_0;5.10;0.00;tripinfo_out_as_to_ns.84;469.00;out_as_to_ns.84;0;1995.73;1.14;0.00;308.95;car;;11;198.00
8075.00;23156030#6_0;109.07;10.34;7316.00;0.64;23687583_0;5.10;0.00;tripinfo_out_as_to_od.51;759.00;out_as_to_od.51;0;2357.31;0.99;0.00;544.95;car;;18;179.00
8077.00;972103805_0;116.86;9.39;7951.00;0.58;-23527526_0;5.10;0.00;tripinfo_out_gj_to_ko.36;126.00;out_gj_to_ko.36;0;971.70;0.91;0.00;28.93;car;;1;16.00
8078.00;230845886_0;633.12;11.43;7884.00;0.04;-23527526_0;5.10;0.00;tripinfo_out_gj_to_ba.94;194.00;out_gj_to_ba.94;0;1702.89;1.10;0.00;54.20;car;;1;8.00
8078.00;41899283#1_0;148.70;8.40;8001.00;0.91;-23527526_0;5.10;0.00;tripinfo_out_gj_to_as.101;77.00;out_gj_to_as.101;0;633.70;0.85;0.00;8.59;car;;0;0.00
8080.00;230845886_0;633.12;11.11;7887.00;1.08;-23527526_0;5.10;0.00;tripinfo_out_gj_to_ba.95;193.00;out_gj_to_ba.95;0;1702.89;1.11;0.00;54.80;car;;1;6.00
8080.00;972103805_0;116.86;10.84;7980.00;0.85;-23527526_0;5.10;0.00;tripinfo_out_gj_to_ko.37;100.00;out_gj_to_ko.37;0;971.70;0.98;0.00;9.45;car;;0;0.00
8081.00;23156030#6_1;109.07;11.14;7847.00;0.91;-23142338#2_0;5.10;0.00;tripinfo_out_ns_to_od.22;234.00;out_ns_to_od.22;0;2005.01;1.03;0.00;46.49;car;;2;19.00
8083.00;972103805_0;116.86;10.42;7588.00;1.10;-23156305_0;5.10;0.00;tripinfo_out_gg_to_ko.24;495.00;out_gg_to_ko.24;0;2416.59;1.02;0.00;280.10;car;;9;159.00
8084.00;23156030#6_0;109.07;9.55;6774.00;0.09;-23156305_0;5.10;0.00;tripinfo_out_gg_to_od.43;1310.00;out_gg_to_od.43;0;3288.97;0.92;0.00;986.31;car;;28;332.00
8089.00;230845886_0;633.12;10.84;7848.00;0.30;803785575#0_0;5.10;0.00;tripinfo_out_od_to_ba.14;241.00;out_od_to_ba.14;0;2382.14;1.00;0.00;24.62;car;;0;0.00
8094.00;230845886_0;633.12;10.95;7651.00;0.49;-23156305_0;5.10;0.00;tripinfo_out_gg_to_ba.40;443.00;out_gg_to_ba.40;0;2288.16;1.03;0.00;242.69;car;;8;114.00
8094.00;23142338#2_0;290.21;10.55;7743.00;0.52;-23527526_0;5.10;0.00;tripinfo_out_gj_to_ns.174;351.00;out_gj_to_ns.174;0;2043.79;0.99;0.00;165.41;car;;4;60.00
8095.00;45494495_0;58.90;10.81;7923.00;0.53;803785575#0_0;5.10;0.00;tripinfo_out_od_to_os.41;172.00;out_od_to_os.41;0;969.96;0.99;0.00;82.62;car;;5;41.00
8106.00;23156030#6_1;109.07;11.51;6574.00;264.55;-230845886_0;5.10;0.00;tripinfo_out_ba_to_od.28;1532.00;out_ba_to_od.28;0;2315.50;1.07;0.00;1336.75;car;;30;652.00
8108.00;23156030#6_0;109.07;9.54;6826.00;0.90;-23156305_0;5.10;0.00;tripinfo_out_gg_to_od.45;1282.00;out_gg_to_od.45;0;3288.97;0.97;0.00;973.99;car;;33;343.00
8111.00;230845886_0;633.12;9.13;7893.00;0.70;-23527526_0;5.10;0.00;tripinfo_out_gj_to_ba.96;218.00;out_gj_to_ba.96;0;1702.89;0.87;0.00;40.19;car;;0;0.00
8112.00;23156030#6_1;109.07;9.99;7262.00;0.08;-28716808#1_0;5.10;0.00;tripinfo_out_kl_to_od.38;850.00;out_kl_to_od.38;0;2657.03;0.95;0.00;597.31;car;;14;154.00
8113.00;23156030#6_0;109.07;9.57;7320.00;0.26;23687583_0;5.10;0.00;tripinfo_out_as_to_od.52;793.00;out_as_to_od.52;0;2357.31;0.86;0.00;546.15;car;;20;196.00
8113.00;230845886_0;633.12;9.49;7919.00;0.60;-23527526_0;5.10;0.00;tripinfo_out_gj_to_ba.97;194.00;out_gj_to_ba.97;0;1702.89;0.95;0.00;31.18;car;;0;0.00
8113.00;41899283#1_0;148.70;10.26;8044.00;0.99;-23527526_0;5.10;0.00;tripinfo_out_gj_to_as.102;69.00;out_gj_to_as.102;0;633.70;0.96;0.00;8.84;car;;0;0.00
8114.00;230845886_0;633.12;11.15;7933.00;3.60;-23527526_0;5.10;0.00;tripinfo_out_gj_to_ba.98;181.00;out_gj_to_ba.98;0;1702.89;1.07;0.00;37.18;car;;0;0.00
8118.00;230845886_0;633.12;10.66;7965.00;3.39;23687583_0;5.10;0.00;tripinfo_out_as_to_ba.101;153.00;out_as_to_ba.101;0;1356.50;0.96;0.00;25.45;car;;0;0.00
8120.00;230845886_0;633.12;12.13;7890.00;0.74;-23142338#2_0;5.10;0.00;tripinfo_out_ns_to_ba.42;230.00;out_ns_to_ba.42;0;2340.42;1.11;0.00;40.45;car;;1;17.00
8124.00;23142338#2_0;290.21;6.80;7740.00;2.45;-23527526_0;5.10;0.00;tripinfo_out_gj_to_ns.173;384.00;out_gj_to_ns.173;0;2043.79;0.67;0.00;108.83;car;;4;58.00
8125.00;230845886_0;633.12;12.63;7958.00;0.94;-23527526_0;5.10;0.00;tripinfo_out_gj_to_ba.99;167.00;out_gj_to_ba.99;0;1702.89;1.14;0.00;31.95;car;;0;0.00
8126.00;45494495_0;58.90;10.93;7549.00;0.02;23687583_0;5.10;0.00;tripinfo_out_as_to_os.25;577.00;out_as_to_os.25;0;1689.77;1.00;0.00;424.81;car;;14;83.00
8126.00;23142338#2_0;290.21;9.51;7769.00;5.54;-23527526_0;5.10;0.00;tripinfo_out_gj_to_ns.176;357.00;out_gj_to_ns.176;0;2043.79;0.92;0.00;156.33;car;;4;52.00
8127.00;41899283#1_0;148.70;9.13;7828.00;0.28;-23156390_0;5.10;0.00;tripinfo_out_br_to_as.24;299.00;out_br_to_as.24;0;2020.44;0.82;0.00;76.64;car;;2;18.00
8128.00;23142338#2_0;290.21;9.87;6653.00;98.99;-230845886_0;5.10;0.00;tripinfo_out_ba_to_ns.5;1475.00;out_ba_to_ns.5;0;2346.36;0.90;0.00;1239.83;car;;22;701.00
8130.00;23142338#2_0;290.21;10.36;7763.00;7.08;-23527526_0;5.10;0.00;tripinfo_out_gj_to_ns.175;367.00;out_gj_to_ns.175;0;2043.79;1.00;0.00;181.18;car;;5;74.00
8132.00;23156030#6_0;109.07;10.23;7266.00;0.11;-28716808#1_0;5.10;0.00;tripinfo_out_kl_to_od.39;866.00;out_kl_to_od.39;0;2657.03;1.03;0.00;631.19;car;;20;175.00
8132.00;23142338#2_0;290.21;11.27;7779.00;0.53;-23527526_0;5.10;0.00;tripinfo_out_gj_to_ns.177;353.00;out_gj_to_ns.177;0;2043.79;1.09;0.00;182.73;car;;6;92.00
8134.00;23142338#2_0;290.21;9.89;7783.00;0.62;-23527526_0;5.10;0.00;tripinfo_out_gj_to_ns.178;351.00;out_gj_to_ns.178;0;2043.79;0.97;0.00;160.40;car;;6;84.00
8136.00;23142338#2_0;290.21;10.96;7786.00;2.97;-23527526_0;5.10;0.00;tripinfo_out_gj_to_ns.179;350.00;out_gj_to_ns.179;0;2043.79;1.09;0.00;180.21;car;;6;86.00
8136.00;972103805_0;116.86;9.19;8012.00;0.58;-23527526_0;5.10;0.00;tripinfo_out_gj_to_ko.38;124.00;out_gj_to_ko.38;0;971.70;0.93;0.00;29.09;car;;1;16.00
8137.00;230845886_0;633.12;11.03;7964.00;0.18;-23527526_0;5.10;0.00;tripinfo_out_gj_to_ba.100;173.00;out_gj_to_ba.100;0;1702.89;1.06;0.00;26.66;car;;0;0.00
8138.00;972103805_0;116.86;11.00;7780.00;0.87;-23156390_0;5.10;0.00;tripinfo_out_br_to_ko.30;358.00;out_br_to_ko.30;0;2703.95;1.10;0.00;133.58;car;;4;68.00
8139.00;23156030#6_0;109.07;10.50;7038.00;0.62;-23156390_0;5.10;0.00;tripinfo_out_br_to_od.42;1101.00;out_br_to_od.42;0;2905.16;0.99;0.00;836.47;car;;26;328.00
8139.00;41899283#1_0;148.70;11.58;7910.00;0.99;803785575#0_0;5.10;0.00;tripinfo_out_od_to_as.40;229.00;out_od_to_as.40;0;2382.09;1.06;0.00;26.05;car;;1;3.00
8140.00;972103805_0;116.86;11.11;7675.00;0.85;-23156305_0;5.10;0.00;tripinfo_out_gg_to_ko.25;465.00;out_gg_to_ko.25;0;2416.59;1.05;0.00;256.16;car;;8;135.00
8141.00;23156030#6_1;109.07;10.60;6886.00;3.59;-23156305_0;5.10;0.00;tripinfo_out_gg_to_od.46;1255.00;out_gg_to_od.46;0;3288.97;1.00;0.00;957.49;car;;29;367.00
8142.00;28706217_0;94.10;7.35;7488.00;0.31;23687583_0;5.10;0.00;tripinfo_out_as_to_sl.35;654.00;out_as_to_sl.35;0;1976.75;0.88;0.00;446.42;car;;19;116.00
8148.00;45494495_0;58.90;11.66;8001.00;0.46;803785575#0_0;5.10;0.00;tripinfo_out_od_to_os.42;147.00;out_od_to_os.42;0;969.96;1.11;0.00;68.05;car;;6;29.00
8150.00;41899283#1_0;148.70;8.67;6863.00;0.44;-230845886_0;5.10;0.00;tripinfo_out_ba_to_as.39;1287.00;out_ba_to_as.39;0;1430.78;0.83;0.00;1131.07;car;;21;791.00
8151.00;23142338#2_0;290.21;10.93;7789.00;2.89;-23527526_0;5.10;0.00;tripinfo_out_gj_to_ns.180;362.00;out_gj_to_ns.180;0;2043.79;1.07;0.00;190.30;car;;7;111.00
8152.00;230845886_0;633.12;11.15;8007.00;7.50;23687583_0;5.10;0.00;tripinfo_out_as_to_ba.102;145.00;out_as_to_ba.102;0;1356.50;1.03;0.00;25.61;car;;1;9.00
8153.00;23156030#6_0;109.07;7.89;6588.00;258.69;-230845886_0;5.10;0.00;tripinfo_out_ba_to_od.29;1565.00;out_ba_to_od.29;0;2315.50;0.78;0.00;1297.35;car;;32;648.00
8158.00;45494495_0;58.90;10.63;8026.00;3.73;803785575#0_0;5.10;0.00;tripinfo_out_od_to_os.43;132.00;out_od_to_os.43;0;969.96;1.01;0.00;44.67;car;;4;25.00
8159.00;23156030#6_1;109.07;11.43;7336.00;3.82;23687583_0;5.10;0.00;tripinfo_out_as_to_od.53;823.00;out_as_to_od.53;0;2357.31;1.11;0.00;631.64;car;;26;171.00
8159.00;23142338#2_0;290.21;10.49;7800.00;0.51;-23527526_0;5.10;0.00;tripinfo_out_gj_to_ns.181;359.00;out_gj_to_ns.181;0;2043.79;0.95;0.00;163.77;car;;8;100.00
8159.00;230845886_0;633.12;9.32;7968.00;0.68;-23527526_0;5.10;0.00;tripinfo_out_gj_to_ba.101;191.00;out_gj_to_ba.101;0;1702.89;0.95;0.00;29.00;car;;1;7.00
8161.00;23156030#6_0;109.07;11.33;6993.00;0.29;-23156305_0;5.10;0.00;tripinfo_out_gg_to_od.48;1168.00;out_gg_to_od.48;0;3288.97;1.05;0.00;884.02;car;;27;319.00
8161.00;23142338#2_0;290.21;12.66;7806.00;1.88;-23527526_0;5.10;0.00;tripinfo_out_gj_to_ns.182;355.00;out_gj_to_ns.182;0;2043.79;1.17;0.00;196.96;car;;6;90.00
8161.00;230845886_0;633.12;11.59;8016.00;1.52;23687583_0;5.10;0.00;tripinfo_out_as_to_ba.103;145.00;out_as_to_ba.103;0;1356.50;1.06;0.00;29.46;car;;1;2.00
8163.00;28706217_0;94.10;8.08;7239.00;0.11;-23156390_0;5.10;0.00;tripinfo_out_br_to_sl.11;924.00;out_br_to_sl.11;0;2524.60;1.06;0.00;704.08;car;;30;211.00
8163.00;23142338#2_0;290.21;10.96;7836.00;0.31;-23527526_0;5.10;0.00;tripinfo_out_gj_to_ns.183;327.00;out_gj_to_ns.183;0;2043.79;1.09;0.00;157.71;car;;6;80.00
8163.00;230845886_0;633.12;10.40;8019.00;0.89;23687583_0;5.10;0.00;tripinfo_out_as_to_ba.104;144.00;out_as_to_ba.104;0;1356.50;1.00;0.00;21.64;car;;1;3.00
8165.00;230845886_0;633.12;11.16;8028.00;0.45;23687583_0;5.10;0.00;tripinfo_out_as_to_ba.105;137.00;out_as_to_ba.105;0;1356.50;1.02;0.00;16.25;car;;0;0.00
8165.00;972103805_0;116.86;10.77;8053.00;7.30;-23527526_0;5.10;0.00;tripinfo_out_gj_to_ko.39;112.00;out_gj_to_ko.39;0;971.70;0.97;0.00;21.16;car;;1;7.00
8166.00;41899283#1_0;148.70;8.78;7911.00;0.11;-23142338#2_0;5.10;0.00;tripinfo_out_ns_to_as.78;255.00;out_ns_to_as.78;0;2009.37;0.90;0.00;51.54;car;;2;21.00
8167.00;23156030#6_0;109.07;10.91;7069.00;0.26;-23156390_0;5.10;0.00;tripinfo_out_br_to_od.43;1098.00;out_br_to_od.43;0;2905.16;1.00;0.00;835.58;car;;32;337.00
8167.00;23156030#6_1;109.07;10.72;7136.00;0.88;-23156390_0;5.10;0.00;tripinfo_out_br_to_od.45;1031.00;out_br_to_od.45;0;2905.16;1.03;0.00;775.82;car;;28;294.00
8168.00;41899283#1_0;148.70;10.84;7935.00;0.91;-23142338#2_0;5.10;0.00;tripinfo_out_ns_to_as.79;233.00;out_ns_to_as.79;0;2009.37;0.99;0.00;47.03;car;;2;5.00
8168.00;972103805_0;116.86;9.41;8059.00;9.81;-23527526_0;5.10;0.00;tripinfo_out_gj_to_ko.40;109.00;out_gj_to_ko.40;0;971.70;0.91;0.00;12.54;car;;0;0.00
8171.00;972103805_0;116.86;9.81;7783.00;2.15;-23156390_0;5.10;0.00;tripinfo_out_br_to_ko.31;388.00;out_br_to_ko.31;0;2703.95;0.91;0.00;118.72;car;;5;64.00
8172.00;28706217_0;94.10;6.63;7485.00;0.18;-28716808#1_0;5.10;0.00;tripinfo_out_kl_to_sl.13;687.00;out_kl_to_sl.13;0;2276.47;0.95;0.00;465.16;car;;16;99.00
8174.00;230845886_0;633.12;9.63;7899.00;0.68;-23142338#2_0;5.10;0.00;tripinfo_out_ns_to_ba.43;275.00;out_ns_to_ba.43;0;2340.42;0.94;0.00;50.88;car;;2;23.00
8176.00;230845886_0;633.12;10.36;7914.00;3.11;-23142338#2_0;5.10;0.00;tripinfo_out_ns_to_ba.44;262.00;out_ns_to_ba.44;0;2340.42;1.04;0.00;59.71;car;;1;16.00
8178.00;23142338#2_0;290.21;12.12;7859.00;1.22;-23527526_0;5.10;0.00;tripinfo_out_gj_to_ns.185;319.00;out_gj_to_ns.185;0;2043.79;1.17;0.00;160.69;car;;5;80.00
8180.00;45494495_0;58.90;8.55;8041.00;0.78;803785575#0_0;5.10;0.00;tripinfo_out_od_to_os.44;139.00;out_od_to_os.44;0;969.96;0.81;0.00;30.25;car;;1;4.00
8182.00;45494495_0;58.90;11.75;7588.00;2.67;23687583_0;5.10;0.00;tripinfo_out_as_to_os.26;594.00;out_as_to_os.26;0;1689.77;1.08;0.00;452.90;car;;17;85.00
8192.00;23156030#6_1;109.07;10.80;6950.00;0.05;-23156305_0;5.10;0.00;tripinfo_out_gg_to_od.47;1242.00;out_gg_to_od.47;0;3288.97;1.04;0.00;956.48;car;;33;355.00
8192.00;23142338#2_0;290.21;10.08;7856.00;0.93;-23527526_0;5.10;0.00;tripinfo_out_gj_to_ns.184;336.00;out_gj_to_ns.184;0;2043.79;0.91;0.00;132.40;car;;5;75.00
8194.00;23156030#6_0;109.07;9.50;7304.00;0.23;-28716808#1_0;5.10;0.00;tripinfo_out_kl_to_od.40;890.00;out_kl_to_od.40;0;2657.03;0.96;0.00;640.77;car;;26;189.00
8194.00;23142338#2_0;290.21;11.47;7862.00;0.39;-23527526_0;5.10;0.00;tripinfo_out_gj_to_ns.186;332.00;out_gj_to_ns.186;0;2043.79;1.09;0.00;161.71;car;;5;77.00
8194.00;41899283#1_0;148.70;9.12;8118.00;2.23;-23527526_0;5.10;0.00;tripinfo_out_gj_to_as.103;76.00;out_gj_to_as.103;0;633.70;0.87;0.00;8.61;car;;0;0.00
8195.00;972103805_0;116.86;10.60;7970.00;0.00;-28716808#1_0;5.10;0.00;tripinfo_out_kl_to_ko.36;225.00;out_kl_to_ko.36;0;1927.03;0.99;0.00;48.41;car;;2;21.00
8196.00;41899283#1_0;148.70;10.01;8125.00;0.57;-23527526_0;5.10;0.00;tripinfo_out_gj_to_as.104;71.00;out_gj_to_as.104;0;633.70;1.00;0.00;12.52;car;;0;0.00
8198.00;23156030#6_0;109.07;9.82;7155.00;2.54;-23156390_0;5.10;0.00;tripinfo_out_br_to_od.46;1043.00;out_br_to_od.46;0;2905.16;0.98;0.00;775.14;car;;27;310.00
8198.00;972103805_0;116.86;11.30;7796.00;0.65;-23156390_0;5.10;0.00;tripinfo_out_br_to_ko.32;402.00;out_br_to_ko.32;0;2703.95;1.05;0.00;167.89;car;;6;76.00
8200.00;23156030#6_0;109.07;9.54;7088.00;0.59;-23156305_0;5.10;0.00;tripinfo_out_gg_to_od.49;1112.00;out_gg_to_od.49;0;3288.97;0.97;0.00;806.97;car;;28;284.00
8200.00;28706217_0;94.10;8.16;7288.00;0.54;-23156305_0;5.10;0.00;tripinfo_out_gg_to_sl.23;912.00;out_gg_to_sl.23;0;2908.41;1.01;0.00;645.31;car;;20;179.00
8201.00;41899283#1_0;148.70;10.62;8131.00;0.35;-23527526_0;5.10;0.00;tripinfo_out_gj_to_as.105;70.00;out_gj_to_as.105;0;633.70;0.96;0.00;8.72;car;;0;0.00
8202.00;28706217_0;94.10;8.53;6596.00;193.41;-230845886_0;5.10;0.00;tripinfo_out_ba_to_sl.7;1606.00;out_ba_to_sl.7;0;1934.94;1.12;0.00;1444.57;car;;37;654.00
8202.00;230845886_0;633.12;10.63;7767.00;0.82;-23156305_0;5.10;0.00;tripinfo_out_gg_to_ba.41;435.00;out_gg_to_ba.41;0;2288.16;0.99;0.00;225.56;car;;5;104.00
8204.00;230845886_0;633.12;11.43;8025.00;0.95;-23527526_0;5.10;0.00;tripinfo_out_gj_to_ba.102;179.00;out_gj_to_ba.102;0;1702.89;1.13;0.00;41.85;car;;0;0.00
8205.00;41899283#1_0;148.70;10.28;7825.00;1.93;-23156305_0;5.10;0.00;tripinfo_out_gg_to_as.19;380.00;out_gg_to_as.19;0;1699.56;1.03;0.00;228.97;car;;6;146.00
8209.00;45494495_0;58.90;11.15;7397.00;4.14;-23156390_0;5.10;0.00;tripinfo_out_br_to_os.14;812.00;out_br_to_os.14;0;2237.62;1.05;0.00;619.93;car;;14;154.00
8214.00;41899283#1_0;148.70;10.54;8144.00;0.73;-23527526_0;5.10;0.00;tripinfo_out_gj_to_as.106;70.00;out_gj_to_as.106;0;633.70;0.96;0.00;8.62;car;;0;0.00
8218.00;41899283#1_0;148.70;11.08;8154.00;0.90;-23527526_0;5.10;0.00;tripinfo_out_gj_to_as.107;64.00;out_gj_to_as.107;0;633.70;1.04;0.00;7.88;car;;0;0.00
8221.00;230845886_0;633.12;10.00;8071.00;0.33;23687583_0;5.10;0.00;tripinfo_out_as_to_ba.106;150.00;out_as_to_ba.106;0;1356.50;1.00;0.00;27.83;car;;1;5.00
8222.00;28706217_0;94.10;8.08;7579.00;0.09;23687583_0;5.10;0.00;tripinfo_out_as_to_sl.36;643.00;out_as_to_sl.36;0;1976.75;1.06;0.00;469.31;car;;18;98.00
8223.00;230845886_0;633.12;10.84;8074.00;3.11;23687583_0;5.10;0.00;tripinfo_out_as_to_ba.107;149.00;out_as_to_ba.107;0;1356.50;1.08;0.00;35.23;car;;1;5.00
8224.00;23142338#2_0;290.21;8.64;7608.00;3.16;23687583_0;5.10;0.00;tripinfo_out_as_to_ns.85;616.00;out_as_to_ns.85;0;1995.73;0.86;0.00;405.05;car;;11;304.00
8225.00;23142338#2_0;290.21;10.43;7865.00;2.19;-23527526_0;5.10;0.00;tripinfo_out_gj_to_ns.187;360.00;out_gj_to_ns.187;0;2043.79;1.02;0.00;179.76;car;;6;98.00
8225.00;230845886_0;633.12;10.49;8047.00;2.52;-23527526_0;5.10;0.00;tripinfo_out_gj_to_ba.103;178.00;out_gj_to_ba.103;0;1702.89;1.03;0.00;27.50;car;;0;0.00
8226.00;23156030#6_0;109.07;10.87;7310.00;0.22;-28716808#1_0;5.10;0.00;tripinfo_out_kl_to_od.41;916.00;out_kl_to_od.41;0;2657.03;1.01;0.00;676.92;car;;29;189.00
8227.00;28706217_0;94.10;7.69;7548.00;0.68;-23527526_0;5.10;0.00;tripinfo_out_gj_to_sl.16;679.00;out_gj_to_sl.16;0;2323.14;0.94;0.00;451.48;car;;19;83.00
8227.00;972103805_0;116.86;9.25;7718.00;0.88;-23156305_0;5.10;0.00;tripinfo_out_gg_to_ko.26;509.00;out_gg_to_ko.26;0;2416.59;0.85;0.00;252.22;car;;8;144.00
8227.00;23142338#2_0;290.21;10.55;7868.00;0.39;-23527526_0;5.10;0.00;tripinfo_out_gj_to_ns.188;359.00;out_gj_to_ns.188;0;2043.79;0.97;0.00;168.28;car;;6;96.00
8227.00;230845886_0;633.12;11.23;8087.00;0.63;23687583_0;5.10;0.00;tripinfo_out_as_to_ba.108;140.00;out_as_to_ba.108;0;1356.50;1.09;0.00;26.72;car;;0;0.00
8229.00;23156030#6_1;109.07;10.25;7477.00;1.64;23687583_0;5.10;0.00;tripinfo_out_as_to_od.55;752.00;out_as_to_od.55;0;2357.31;0.98;0.00;534.36;car;;22;167.00
8229.00;972103805_0;116.86;10.66;7725.00;0.05;-23156305_0;5.10;0.00;tripinfo_out_gg_to_ko.27;504.00;out_gg_to_ko.27;0;2416.59;0.99;0.00;282.33;car;;7;138.00
8230.00;23156030#6_0;109.07;9.11;7181.00;0.06;-23156390_0;5.10;0.00;tripinfo_out_br_to_od.47;1049.00;out_br_to_od.47;0;2905.16;0.89;0.00;752.70;car;;29;296.00
8231.00;41899283#1_0;148.70;8.89;7939.00;0.71;-23142338#2_0;5.10;0.00;tripinfo_out_ns_to_as.80;292.00;out_ns_to_as.80;0;2009.37;0.89;0.00;87.09;car;;5;52.00
8232.00;28706217_0;94.10;8.36;7263.00;0.02;-23156305_0;5.10;0.00;tripinfo_out_gg_to_sl.21;969.00;out_gg_to_sl.21;0;2908.41;1.12;0.00;729.69;car;;23;166.00
8233.00;23156305_0;1264.14;9.88;2428.00;2.90;-45494495_0;5.10;0.00;tripinfo_in_os_to_gg.4;5805.00;in_os_to_gg.4;0;3034.34;0.92;0.00;5504.34;car;;8;5449.00
8233.00;230845886_0;633.12;10.26;8050.00;4.56;-23527526_0;5.10;0.00;tripinfo_out_gj_to_ba.104;183.00;out_gj_to_ba.104;0;1702.89;0.96;0.00;22.75;car;;0;0.00
8235.00;23156030#6_0;109.07;9.58;7966.00;0.12;-23142338#2_0;5.10;0.00;tripinfo_out_ns_to_od.23;269.00;out_ns_to_od.23;0;2005.01;0.96;0.00;66.92;car;;3;35.00
8235.00;230845886_0;633.12;12.99;8056.00;8.58;-23527526_0;5.10;0.00;tripinfo_out_gj_to_ba.105;179.00;out_gj_to_ba.105;0;1702.89;1.24;0.00;54.18;car;;0;0.00
8236.00;41899283#1_0;148.70;9.20;8161.00;0.26;-23527526_0;5.10;0.00;tripinfo_out_gj_to_as.108;75.00;out_gj_to_as.108;0;633.70;0.89;0.00;8.72;car;;0;0.00
8240.00;41899283#1_0;148.70;11.84;8172.00;0.82;-23527526_0;5.10;0.00;tripinfo_out_gj_to_as.109;68.00;out_gj_to_as.109;0;633.70;1.11;0.00;15.84;car;;0;0.00
8242.00;45494495_0;58.90;9.67;7600.00;0.16;23687583_0;5.10;0.00;tripinfo_out_as_to_os.27;642.00;out_as_to_os.27;0;1689.77;0.88;0.00;468.67;car;;12;53.00
8245.00;23142338#2_0;290.21;10.74;7874.00;0.54;-23527526_0;5.10;0.00;tripinfo_out_gj_to_ns.189;371.00;out_gj_to_ns.189;0;2043.79;1.00;0.00;186.31;car;;7;117.00
8245.00;230845886_0;633.12;9.58;7983.00;0.86;803785575#0_0;5.10;0.00;tripinfo_out_od_to_ba.15;262.00;out_od_to_ba.15;0;2382.14;0.89;0.00;21.52;car;;0;0.00
8248.00;23142338#2_0;290.21;9.99;7881.00;0.80;-23527526_0;5.10;0.00;tripinfo_out_gj_to_ns.190;367.00;out_gj_to_ns.190;0;2043.79;0.98;0.00;177.79;car;;7;111.00
8251.00;41899283#1_0;148.70;10.04;8183.00;0.77;-23527526_0;5.10;0.00;tripinfo_out_gj_to_as.110;68.00;out_gj_to_as.110;0;633.70;0.97;0.00;8.17;car;;0;0.00
8252.00;23156030#6_0;109.07;10.27;7213.00;0.00;-23156390_0;5.10;0.00;tripinfo_out_br_to_od.48;1039.00;out_br_to_od.48;0;2905.16;1.01;0.00;779.99;car;;26;301.00
8252.00;28706217_0;94.10;7.88;7272.00;0.12;-23156305_0;5.10;0.00;tripinfo_out_gg_to_sl.22;980.00;out_gg_to_sl.22;0;2908.41;1.06;0.00;726.94;car;;25;171.00
8256.00;23156030#6_0;109.07;10.92;7090.00;0.76;-23156390_0;5.10;0.00;tripinfo_out_br_to_od.44;1166.00;out_br_to_od.44;0;2905.16;0.99;0.00;899.33;car;;36;337.00
8256.00;28706217_0;94.10;8.21;7240.00;0.56;-23156305_0;5.10;0.00;tripinfo_out_gg_to_sl.20;1016.00;out_gg_to_sl.20;0;2908.41;1.06;0.00;763.03;car;;27;202.00
8256.00;23142338#2_0;290.21;9.49;7898.00;0.20;-23527526_0;5.10;0.00;tripinfo_out_gj_to_ns.191;358.00;out_gj_to_ns.191;0;2043.79;0.87;0.00;146.32;car;;6;92.00
8256.00;972103805_0;116.86;9.01;8017.00;0.58;-28716808#1_0;5.10;0.00;tripinfo_out_kl_to_ko.37;239.00;out_kl_to_ko.37;0;1927.03;0.92;0.00;49.46;car;;2;23.00
8257.00;41899283#1_0;148.70;10.45;8186.00;0.30;-23527526_0;5.10;0.00;tripinfo_out_gj_to_as.111;71.00;out_gj_to_as.111;0;633.70;0.95;0.00;9.26;car;;0;0.00
8258.00;23142338#2_0;290.21;11.48;7911.00;0.28;-23527526_0;5.10;0.00;tripinfo_out_gj_to_ns.192;347.00;out_gj_to_ns.192;0;2043.79;1.09;0.00;177.83;car;;7;96.00
8259.00;230845886_0;633.12;11.29;7779.00;2.02;-23156305_0;5.10;0.00;tripinfo_out_gg_to_ba.42;480.00;out_gg_to_ba.42;0;2288.16;1.03;0.00;278.11;car;;6;143.00
8261.00;41899283#1_0;148.70;8.71;7899.00;0.21;-23156390_0;5.10;0.00;tripinfo_out_br_to_as.25;362.00;out_br_to_as.25;0;2020.44;0.88;0.00;154.73;car;;4;114.00
8262.00;23156030#6_0;109.07;9.98;6612.00;159.90;-230845886_0;5.10;0.00;tripinfo_out_ba_to_od.31;1650.00;out_ba_to_od.31;0;2315.50;0.92;0.00;1422.74;car;;34;687.00
8262.00;28706217_0;94.10;8.80;7616.00;0.79;23687583_0;5.10;0.00;tripinfo_out_as_to_sl.37;646.00;out_as_to_sl.37;0;1976.75;1.08;0.00;475.66;car;;11;76.00
8263.00;41899283#1_0;148.70;10.02;6887.00;0.85;-230845886_0;5.10;0.00;tripinfo_out_ba_to_as.40;1376.00;out_ba_to_as.40;0;1430.78;0.96;0.00;1240.04;car;;24;875.00
8264.00;23156030#6_0;109.07;10.66;7992.00;0.62;-23142338#2_0;5.10;0.00;tripinfo_out_ns_to_od.24;272.00;out_ns_to_od.24;0;2005.01;0.97;0.00;72.95;car;;3;33.00
8265.00;41899283#1_0;148.70;10.49;8099.00;0.00;-28716808#1_0;5.10;0.00;tripinfo_out_kl_to_as.27;166.00;out_kl_to_as.27;0;1233.18;0.97;0.00;49.90;car;;2;26.00
8267.00;41899283#1_0;148.70;10.50;8007.00;0.54;-23142338#2_0;5.10;0.00;tripinfo_out_ns_to_as.81;260.00;out_ns_to_as.81;0;2009.37;1.02;0.00;79.71;car;;4;39.00
8269.00;230845886_0;633.12;8.90;7977.00;0.25;-23142338#2_0;5.10;0.00;tripinfo_out_ns_to_ba.45;292.00;out_ns_to_ba.45;0;2340.42;0.91;0.00;60.65;car;;3;31.00
8269.00;41899283#1_0;148.70;10.46;8014.00;0.63;-23142338#2_0;5.10;0.00;tripinfo_out_ns_to_as.82;255.00;out_ns_to_as.82;0;2009.37;1.02;0.00;75.49;car;;4;35.00
8271.00;230845886_0;633.12;11.86;7828.00;4.29;-23156305_0;5.10;0.00;tripinfo_out_gg_to_ba.43;443.00;out_gg_to_ba.43;0;2288.16;1.16;0.00;264.73;car;;7;135.00
8272.00;23142338#2_0;290.21;11.31;7930.00;1.32;-23527526_0;5.10;0.00;tripinfo_out_gj_to_ns.193;342.00;out_gj_to_ns.193;0;2043.79;1.06;0.00;167.37;car;;7;101.00
8277.00;23142338#2_0;290.21;10.30;7944.00;0.72;-23527526_0;5.10;0.00;tripinfo_out_gj_to_ns.194;333.00;out_gj_to_ns.194;0;2043.79;1.00;0.00;148.76;car;;6;85.00
8279.00;23156030#6_0;109.07;12.05;7163.00;2.04;-23156305_0;5.10;0.00;tripinfo_out_gg_to_od.52;1116.00;out_gg_to_od.52;0;3288.97;1.13;0.00;853.01;car;;28;275.00
8279.00;23142338#2_0;290.21;12.69;7947.00;3.63;-23527526_0;5.10;0.00;tripinfo_out_gj_to_ns.195;332.00;out_gj_to_ns.195;0;2043.79;1.26;0.00;184.04;car;;6;82.00
8286.00;972103805_0;116.86;9.04;7834.00;9.90;-23156305_0;5.10;0.00;tripinfo_out_gg_to_ko.28;452.00;out_gg_to_ko.28;0;2416.59;0.93;0.00;215.65;car;;5;131.00
8286.00;28706217_0;94.10;7.20;8200.00;0.33;803785575#0_0;5.10;0.00;tripinfo_out_od_to_sl.15;86.00;out_od_to_sl.15;0;747.33;0.94;0.00;8.36;car;;0;0.00
8287.00;23156030#6_0;109.07;9.23;6608.00;178.54;-230845886_0;5.10;0.00;tripinfo_out_ba_to_od.30;1679.00;out_ba_to_od.30;0;2315.50;0.93;0.00;1455.44;car;;34;734.00
8288.00;28706217_0;94.10;7.62;7359.00;0.46;-23156305_0;5.10;0.00;tripinfo_out_gg_to_sl.24;929.00;out_gg_to_sl.24;0;2908.41;1.05;0.00;674.43;car;;20;176.00
8289.00;972103805_0;116.86;10.00;7919.00;0.76;-23156390_0;5.10;0.00;tripinfo_out_br_to_ko.33;370.00;out_br_to_ko.33;0;2703.95;0.91;0.00;100.49;car;;2;57.00
8291.00;972103805_0;116.86;11.81;8059.00;3.27;-28716808#1_0;5.10;0.00;tripinfo_out_kl_to_ko.38;232.00;out_kl_to_ko.38;0;1927.03;1.12;0.00;75.82;car;;3;28.00
8291.00;41899283#1_0;148.70;8.68;8138.00;0.25;-28716808#1_0;5.10;0.00;tripinfo_out_kl_to_as.28;153.00;out_kl_to_as.28;0;1233.18;0.84;0.00;19.46;car;;1;2.00
8293.00;23142338#2_0;290.21;9.98;7633.00;2.68;-23156390_0;5.10;0.00;tripinfo_out_br_to_ns.9;660.00;out_br_to_ns.9;0;2936.02;1.01;0.00;396.22;car;;9;111.00
8293.00;230845886_0;633.12;10.88;8032.00;0.06;803785575#0_0;5.10;0.00;tripinfo_out_od_to_ba.16;261.00;out_od_to_ba.16;0;2382.14;0.98;0.00;41.81;car;;0;0.00
8293.00;41899283#1_0;148.70;11.01;8051.00;0.36;803785575#0_0;5.10;0.00;tripinfo_out_od_to_as.42;242.00;out_od_to_as.42;0;2382.09;1.04;0.00;34.45;car;;0;0.00
8295.00;230845886_0;633.12;10.92;8133.00;0.15;23687583_0;5.10;0.00;tripinfo_out_as_to_ba.109;162.00;out_as_to_ba.109;0;1356.50;0.99;0.00;37.73;car;;2;6.00
8296.00;41899283#1_0;148.70;9.10;8023.00;0.76;803785575#0_0;5.10;0.00;tripinfo_out_od_to_as.41;273.00;out_od_to_as.41;0;2382.09;0.89;0.00;30.01;car;;1;2.00
8297.00;230845886_0;633.12;11.24;8146.00;0.08;23687583_0;5.10;0.00;tripinfo_out_as_to_ba.110;151.00;out_as_to_ba.110;0;1356.50;1.04;0.00;32.75;car;;1;3.00
8298.00;23156030#6_0;109.07;8.72;7225.00;0.14;-23156305_0;5.10;0.00;tripinfo_out_gg_to_od.54;1073.00;out_gg_to_od.54;0;3288.97;0.86;0.00;726.06;car;;22;241.00
8303.00;45494495_0;58.90;12.38;6640.00;118.68;-230845886_0;5.10;0.00;tripinfo_out_ba_to_os.17;1663.00;out_ba_to_os.17;0;1647.96;1.15;0.00;1533.07;car;;25;721.00
8303.00;23142338#2_0;290.21;11.15;7997.00;0.85;-23527526_0;5.10;0.00;tripinfo_out_gj_to_ns.196;306.00;out_gj_to_ns.196;0;2043.79;1.04;0.00;128.02;car;;5;73.00
8304.00;45494495_0;58.90;13.32;7790.00;0.60;-23142338#2_0;5.10;0.00;tripinfo_out_ns_to_os.6;514.00;out_ns_to_os.6;0;1865.82;1.25;0.00;378.98;car;;14;75.00
8308.00;45494495_0;58.90;11.14;8153.00;0.92;803785575#0_0;5.10;0.00;tripinfo_out_od_to_os.45;155.00;out_od_to_os.45;0;969.96;1.04;0.00;70.35;car;;6;28.00
8308.00;41899283#1_0;148.70;10.59;8242.00;2.03;-23527526_0;5.10;0.00;tripinfo_out_gj_to_as.112;66.00;out_gj_to_as.112;0;633.70;1.01;0.00;7.69;car;;0;0.00
8311.00;23142338#2_0;290.21;10.00;7611.00;4.83;23687583_0;5.10;0.00;tripinfo_out_as_to_ns.86;700.00;out_as_to_ns.86;0;1995.73;0.93;0.00;504.89;car;;12;400.00
8312.00;45494495_0;58.90;10.16;6647.00;105.60;-230845886_0;5.10;0.00;tripinfo_out_ba_to_os.18;1665.00;out_ba_to_os.18;0;1647.96;0.98;0.00;1512.48;car;;38;741.00
8314.00;972103805_0;116.86;10.19;7843.00;0.25;-23156305_0;5.10;0.00;tripinfo_out_gg_to_ko.29;471.00;out_gg_to_ko.29;0;2416.59;0.94;0.00;235.39;car;;5;145.00
8315.00;23142338#2_0;290.21;9.97;7387.00;0.13;-23156305_0;5.10;0.00;tripinfo_out_gg_to_ns.43;928.00;out_gg_to_ns.43;0;2927.39;0.90;0.00;632.21;car;;16;462.00
8316.00;23156030#6_1;109.07;10.92;7464.00;0.11;23687583_0;5.10;0.00;tripinfo_out_as_to_od.54;852.00;out_as_to_od.54;0;2357.31;0.99;0.00;637.98;car;;30;174.00
8317.00;23156030#6_0;109.07;10.17;7520.00;0.65;-28716808#1_0;5.10;0.00;tripinfo_out_kl_to_od.42;797.00;out_kl_to_od.42;0;2657.03;0.93;0.00;538.84;car;;18;154.00
8317.00;41899283#1_0;148.70;9.89;8248.00;6.93;-23527526_0;5.10;0.00;tripinfo_out_gj_to_as.113;69.00;out_gj_to_as.113;0;633.70;0.95;0.00;8.08;car;;0;0.00
8318.00;23156030#6_1;109.07;9.97;7155.00;0.56;-23156305_0;5.10;0.00;tripinfo_out_gg_to_od.51;1163.00;out_gg_to_od.51;0;3288.97;1.00;0.00;866.63;car;;34;284.00
8323.00;41899283#1_0;148.70;10.12;8251.00;9.14;-23527526_0;5.10;0.00;tripinfo_out_gj_to_as.114;72.00;out_gj_to_as.114;0;633.70;0.92;0.00;8.32;car;;0;0.00
8325.00;41899283#1_0;148.70;10.14;7898.00;0.33;-23156305_0;5.10;0.00;tripinfo_out_gg_to_as.20;427.00;out_gg_to_as.20;0;1699.56;0.94;0.00;262.07;car;;7;177.00
8327.00;41899283#1_0;148.70;11.09;8065.00;0.93;803785575#0_0;5.10;0.00;tripinfo_out_od_to_as.43;262.00;out_od_to_as.43;0;2382.09;1.00;0.00;46.84;car;;1;17.00
8328.00;45494495_0;58.90;9.73;8196.00;0.13;803785575#0_0;5.10;0.00;tripinfo_out_od_to_os.46;132.00;out_od_to_os.46;0;969.96;0.91;0.00;35.64;car;;3;11.00
8329.00;28706217_0;94.10;7.78;7634.00;4.25;23687583_0;5.10;0.00;tripinfo_out_as_to_sl.39;695.00;out_as_to_sl.39;0;1976.75;1.03;0.00;516.03;car;;11;95.00
8329.00;23142338#2_0;290.21;9.21;8082.00;0.96;803785575#0_0;5.10;0.00;tripinfo_out_od_to_ns.12;247.00;out_od_to_ns.12;0;1928.29;0.91;0.00;43.23;car;;1;18.00
8330.00;23142338#2_0;290.21;10.16;8111.00;0.36;803785575#0_0;5.10;0.00;tripinfo_out_od_to_ns.13;219.00;out_od_to_ns.13;0;1928.29;0.97;0.00;27.58;car;;1;1.00
8333.00;41899283#1_0;148.70;10.88;8063.00;1.21;-23142338#2_0;5.10;0.00;tripinfo_out_ns_to_as.83;270.00;out_ns_to_as.83;0;2009.37;1.02;0.00;90.42;car;;3;44.00
8335.00;41899283#1_0;148.70;9.75;7986.00;0.59;-23156390_0;5.10;0.00;tripinfo_out_br_to_as.26;349.00;out_br_to_as.26;0;2020.44;0.99;0.00;164.67;car;;4;98.00
8336.00;230845886_0;633.12;9.96;7850.00;0.15;-23156305_0;5.10;0.00;tripinfo_out_gg_to_ba.44;486.00;out_gg_to_ba.44;0;2288.16;0.93;0.00;262.94;car;;7;153.00
8337.00;23142338#2_0;290.21;10.33;8021.00;0.28;-23527526_0;5.10;0.00;tripinfo_out_gj_to_ns.197;316.00;out_gj_to_ns.197;0;2043.79;0.97;0.00;125.45;car;;5;73.00
8338.00;23156030#6_0;109.07;11.46;7553.00;0.18;23687583_0;5.10;0.00;tripinfo_out_as_to_od.56;785.00;out_as_to_od.56;0;2357.31;1.09;0.00;589.86;car;;20;166.00
8338.00;45494495_0;58.90;10.39;7718.00;0.25;23687583_0;5.10;0.00;tripinfo_out_as_to_os.28;620.00;out_as_to_os.28;0;1689.77;1.02;0.00;469.68;car;;19;65.00
8338.00;23142338#2_0;290.21;11.98;8032.00;0.56;-23527526_0;5.10;0.00;tripinfo_out_gj_to_ns.198;306.00;out_gj_to_ns.198;0;2043.79;1.15;0.00;145.18;car;;5;75.00
8340.00;23142338#2_0;290.21;10.88;8061.00;5.83;-23527526_0;5.10;0.00;tripinfo_out_gj_to_ns.199;279.00;out_gj_to_ns.199;0;2043.79;1.02;0.00;98.26;car;;3;45.00
8342.00;23142338#2_0;290.21;11.61;7640.00;0.38;23687583_0;5.10;0.00;tripinfo_out_as_to_ns.88;702.00;out_as_to_ns.88;0;1995.73;1.08;0.00;532.89;car;;13;412.00
8342.00;230845886_0;633.12;10.75;7877.00;0.07;-23156305_0;5.10;0.00;tripinfo_out_gg_to_ba.45;465.00;out_gg_to_ba.45;0;2288.16;1.02;0.00;261.16;car;;7;139.00
8344.00;972103805_0;116.86;10.35;8208.00;0.78;-23527526_0;5.10;0.00;tripinfo_out_gj_to_ko.41;136.00;out_gj_to_ko.41;0;971.70;1.04;0.00;51.68;car;;2;9.00
8346.00;41899283#1_0;148.70;10.27;7921.00;0.03;-23156305_0;5.10;0.00;tripinfo_out_gg_to_as.21;425.00;out_gg_to_as.21;0;1699.56;1.04;0.00;275.06;car;;8;161.00
8347.00;23156030#6_0;109.07;10.20;7582.00;0.67;23687583_0;5.10;0.00;tripinfo_out_as_to_od.57;765.00;out_as_to_od.57;0;2357.31;1.01;0.00;554.65;car;;22;141.00
8349.00;23156030#6_1;109.07;10.69;7176.00;0.04;-23156305_0;5.10;0.00;tripinfo_out_gg_to_od.53;1173.00;out_gg_to_od.53;0;3288.97;1.01;0.00;879.93;car;;33;265.00
8353.00;23156030#6_0;109.07;8.66;7138.00;2.99;-23156305_0;5.10;0.00;tripinfo_out_gg_to_od.50;1215.00;out_gg_to_od.50;0;3288.97;0.88;0.00;877.36;car;;37;313.00
8353.00;41899283#1_0;148.70;7.99;8086.00;0.29;-23142338#2_0;5.10;0.00;tripinfo_out_ns_to_as.84;267.00;out_ns_to_as.84;0;2009.37;0.80;0.00;38.50;car;;1;12.00
8358.00;45494495_0;58.90;12.10;7673.00;0.93;-23527526_0;5.10;0.00;tripinfo_out_gj_to_os.18;685.00;out_gj_to_os.18;0;2036.16;1.09;0.00;515.68;car;;14;77.00
8360.00;23142338#2_0;290.21;11.48;7637.00;5.59;23687583_0;5.10;0.00;tripinfo_out_as_to_ns.87;723.00;out_as_to_ns.87;0;1995.73;1.09;0.00;556.22;car;;14;423.00
8360.00;230845886_0;633.12;8.49;8137.00;0.04;-23527526_0;5.10;0.00;tripinfo_out_gj_to_ba.106;223.00;out_gj_to_ba.106;0;1702.89;0.87;0.00;44.73;car;;1;10.00
8361.00;41899283#1_0;148.70;11.34;8292.00;3.52;-23527526_0;5.10;0.00;tripinfo_out_gj_to_as.115;69.00;out_gj_to_as.115;0;633.70;1.05;0.00;13.81;car;;0;0.00
8362.00;230845886_0;633.12;11.99;8192.00;0.68;23687583_0;5.10;0.00;tripinfo_out_as_to_ba.111;170.00;out_as_to_ba.111;0;1356.50;1.12;0.00;60.17;car;;1;8.00
8363.00;23142338#2_0;290.21;11.50;7643.00;3.09;23687583_0;5.10;0.00;tripinfo_out_as_to_ns.89;720.00;out_as_to_ns.89;0;1995.73;1.07;0.00;551.48;car;;14;425.00
8364.00;230845886_0;633.12;9.22;8099.00;0.76;803785575#0_0;5.10;0.00;tripinfo_out_od_to_ba.17;265.00;out_od_to_ba.17;0;2382.14;0.89;0.00;23.31;car;;0;0.00
8365.00;41899283#1_0;148.70;10.63;8063.00;0.22;-23156390_0;5.10;0.00;tripinfo_out_br_to_as.27;302.00;out_br_to_as.27;0;2020.44;0.98;0.00;115.14;car;;4;42.00
8366.00;23142338#2_0;290.21;11.38;7675.00;0.76;23687583_0;5.10;0.00;tripinfo_out_as_to_ns.90;691.00;out_as_to_ns.90;0;1995.73;1.08;0.00;522.50;car;;12;401.00
8366.00;230845886_0;633.12;10.75;8158.00;0.29;-23527526_0;5.10;0.00;tripinfo_out_gj_to_ba.107;208.00;out_gj_to_ba.107;0;1702.89;1.03;0.00;58.09;car;;2;7.00
8367.00;41899283#1_0;148.70;10.32;8107.00;0.03;803785575#0_0;5.10;0.00;tripinfo_out_od_to_as.44;260.00;out_od_to_as.44;0;2382.09;1.02;0.00;49.06;car;;2;3.00
8368.00;230845886_0;633.12;9.97;8201.00;1.46;23687583_0;5.10;0.00;tripinfo_out_as_to_ba.112;167.00;out_as_to_ba.112;0;1356.50;0.98;0.00;42.13;car;;1;1.00
8369.00;23156030#6_0;109.07;11.83;7594.00;1.21;23687583_0;5.10;0.00;tripinfo_out_as_to_od.60;775.00;out_as_to_od.60;0;2357.31;1.12;0.00;585.90;car;;16;149.00
8369.00;230845886_0;633.12;11.56;8205.00;2.01;23687583_0;5.10;0.00;tripinfo_out_as_to_ba.113;164.00;out_as_to_ba.113;0;1356.50;1.05;0.00;47.68;car;;0;0.00
8370.00;41899283#1_0;148.70;9.86;8114.00;2.63;803785575#0_0;5.10;0.00;tripinfo_out_od_to_as.45;256.00;out_od_to_as.45;0;2382.09;0.97;0.00;33.07;car;;1;2.00
8371.00;230845886_0;633.12;11.83;8122.00;0.03;803785575#0_0;5.10;0.00;tripinfo_out_od_to_ba.18;249.00;out_od_to_ba.18;0;2382.14;1.13;0.00;58.59;car;;1;1.00
8373.00;23156030#6_1;109.07;11.46;7394.00;1.91;-23156390_0;5.10;0.00;tripinfo_out_br_to_od.49;979.00;out_br_to_od.49;0;2905.16;1.07;0.00;734.19;car;;24;207.00
8373.00;972103805_0;116.86;11.17;7959.00;1.88;-23156390_0;5.10;0.00;tripinfo_out_br_to_ko.34;414.00;out_br_to_ko.34;0;2703.95;1.06;0.00;182.44;car;;4;100.00
8373.00;230845886_0;633.12;12.57;8159.00;0.04;-23142338#2_0;5.10;0.00;tripinfo_out_ns_to_ba.46;214.00;out_ns_to_ba.46;0;2340.42;1.15;0.00;31.16;car;;0;0.00
8374.00;28706217_0;94.10;7.73;7415.00;0.71;-23156305_0;5.10;0.00;tripinfo_out_gg_to_sl.25;959.00;out_gg_to_sl.25;0;2908.41;0.95;0.00;677.52;car;;20;195.00
8374.00;41899283#1_0;148.70;9.94;8113.00;0.66;-23142338#2_0;5.10;0.00;tripinfo_out_ns_to_as.85;261.00;out_ns_to_as.85;0;2009.37;0.94;0.00;66.77;car;;3;33.00
8375.00;23156030#6_0;109.07;10.24;7591.00;1.21;23687583_0;5.10;0.00;tripinfo_out_as_to_od.59;784.00;out_as_to_od.59;0;2357.31;0.96;0.00;562.50;car;;20;156.00
8375.00;230845886_0;633.12;11.37;8164.00;3.13;-23527526_0;5.10;0.00;tripinfo_out_gj_to_ba.108;211.00;out_gj_to_ba.108;0;1702.89;1.06;0.00;65.40;car;;1;5.00
8376.00;28706217_0;94.10;8.35;7631.00;2.70;23687583_0;5.10;0.00;tripinfo_out_as_to_sl.38;745.00;out_as_to_sl.38;0;1976.75;1.03;0.00;566.72;car;;13;72.00
8383.00;45494495_0;58.90;8.78;7429.00;0.82;-23156305_0;5.10;0.00;tripinfo_out_gg_to_os.20;954.00;out_gg_to_os.20;0;2621.43;0.88;0.00;684.14;car;;28;195.00
8386.00;45494495_0;58.90;8.35;7814.00;0.66;-23142338#2_0;5.10;0.00;tripinfo_out_ns_to_os.7;572.00;out_ns_to_os.7;0;1865.82;0.83;0.00;369.44;car;;10;79.00
8387.00;230845886_0;633.12;8.35;8167.00;1.09;-23527526_0;5.10;0.00;tripinfo_out_gj_to_ba.109;220.00;out_gj_to_ba.109;0;1702.89;0.86;0.00;41.19;car;;1;3.00
8388.00;45494495_0;58.90;11.17;7727.00;0.18;23687583_0;5.10;0.00;tripinfo_out_as_to_os.29;661.00;out_as_to_os.29;0;1689.77;1.06;0.00;516.10;car;;7;64.00
8390.00;23142338#2_0;290.21;11.78;7400.00;0.54;-23156305_0;5.10;0.00;tripinfo_out_gg_to_ns.44;990.00;out_gg_to_ns.44;0;2927.39;1.08;0.00;744.29;car;;21;520.00
8391.00;230845886_0;633.12;11.74;8211.00;0.43;-23527526_0;5.10;0.00;tripinfo_out_gj_to_ba.110;180.00;out_gj_to_ba.110;0;1702.89;1.07;0.00;36.46;car;;0;0.00
8395.00;41899283#1_0;148.70;9.43;6956.00;1.53;-230845886_0;5.10;0.00;tripinfo_out_ba_to_as.41;1439.00;out_ba_to_as.41;0;1430.78;0.89;0.00;1293.33;car;;23;932.00
8399.00;23156030#6_0;109.07;11.75;7343.00;0.84;-23156305_0;5.10;0.00;tripinfo_out_gg_to_od.58;1056.00;out_gg_to_od.58;0;3288.97;1.13;0.00;792.56;car;;25;247.00
8399.00;41899283#1_0;148.70;11.36;8163.00;3.25;-23142338#2_0;5.10;0.00;tripinfo_out_ns_to_as.86;236.00;out_ns_to_as.86;0;2009.37;1.02;0.00;57.84;car;;3;22.00
