tripinfo_arrival;tripinfo_arrivalLane;tripinfo_arrivalPos;tripinfo_arrivalSpeed;tripinfo_depart;tripinfo_departDelay;tripinfo_departLane;tripinfo_departPos;tripinfo_departSpeed;tripinfo_devices;tripinfo_duration;tripinfo_id;tripinfo_rerouteNo;tripinfo_routeLength;tripinfo_speedFactor;tripinfo_stopTime;tripinfo_timeLoss;tripinfo_vType;tripinfo_vaporized;tripinfo_waitingCount;tripinfo_waitingTime
94.00;28706217_0;94.10;6.84;22.00;3.61;-45494495_0;5.10;0.00;tripinfo_wu_os_to_sl.0;72.00;wu_os_to_sl.0;0;484.95;0.97;0.00;21.28;car;;1;8.00
100.00;23156030#6_0;109.07;9.48;10.00;0.26;-45494495_0;5.10;0.00;tripinfo_wu_os_to_od.0;90.00;wu_os_to_od.0;0;865.51;0.97;0.00;8.89;car;;0;0.00
120.00;45494495_0;58.90;9.29;10.00;2.62;803785575#0_0;5.10;0.00;tripinfo_wu_od_to_os.0;110.00;wu_od_to_os.0;0;969.96;0.87;0.00;9.15;car;;0;0.00
136.00;28716808#1_0;754.74;9.53;10.00;1.45;23687583_0;5.10;0.00;tripinfo_wu_as_to_kl.0;126.00;wu_as_to_kl.0;0;1207.92;0.95;0.00;11.00;car;;0;0.00
138.00;45494495_0;58.90;11.10;46.00;4.45;803785575#0_0;5.10;0.00;tripinfo_wu_od_to_os.1;92.00;wu_od_to_os.1;0;969.96;1.05;0.00;7.89;car;;0;0.00
151.00;23156030#6_0;109.07;10.93;56.00;0.35;-45494495_0;5.10;0.00;tripinfo_wu_os_to_od.1;95.00;wu_os_to_od.1;0;865.51;1.02;0.00;18.71;car;;1;8.00
151.00;45494495_0;58.90;11.04;58.00;0.15;803785575#0_0;5.10;0.00;tripinfo_wu_od_to_os.2;93.00;wu_od_to_os.2;0;969.96;1.04;0.00;8.70;car;;0;0.00
161.00;972103805_0;116.86;9.52;44.00;2.41;23687583_0;5.10;0.00;tripinfo_wu_as_to_ko.0;117.00;wu_as_to_ko.0;0;1102.39;0.93;0.00;10.20;car;;0;0.00
166.00;972103805_0;116.86;9.73;14.00;0.95;-23142338#2_0;5.10;0.00;tripinfo_wu_ns_to_ko.0;152.00;wu_ns_to_ko.0;0;1398.55;0.96;0.00;20.34;car;;0;0.00
168.00;230845886_0;633.12;8.97;13.00;0.07;23687583_0;5.10;0.00;tripinfo_wu_as_to_ba.0;155.00;wu_as_to_ba.0;0;1356.50;0.85;0.00;11.79;car;;0;0.00
172.00;41899283#1_0;148.70;8.58;9.00;0.19;-230845886_0;5.10;0.00;tripinfo_wu_ba_to_as.0;163.00;wu_ba_to_as.0;0;1430.78;0.87;0.00;14.75;car;;0;0.00
175.00;230845886_0;633.12;10.13;27.00;0.49;23687583_0;5.10;0.00;tripinfo_wu_as_to_ba.1;148.00;wu_as_to_ba.1;0;1356.50;0.96;0.00;20.22;car;;1;6.00
179.00;45494495_0;58.90;10.37;3.00;0.17;23687583_0;5.10;0.00;tripinfo_wu_as_to_os.0;176.00;wu_as_to_os.0;0;1689.77;0.96;0.00;16.67;car;;0;0.00
183.00;23527526_0;253.75;12.43;12.00;0.88;-230845886_0;5.10;0.00;tripinfo_wu_ba_to_gj.0;171.00;wu_ba_to_gj.0;0;1755.68;1.15;0.00;32.59;car;;0;0.00
187.00;41899283#1_0;148.70;12.08;19.00;0.87;-45494495_0;5.10;0.00;tripinfo_wu_os_to_as.0;168.00;wu_os_to_as.0;0;1746.47;1.10;0.00;24.12;car;;1;5.00
200.00;23142338#2_0;290.21;11.86;7.00;0.86;23687583_0;5.10;0.00;tripinfo_wu_as_to_ns.0;193.00;wu_as_to_ns.0;0;1995.73;1.07;0.00;23.66;car;;0;0.00
207.00;230845886_0;633.12;11.05;80.00;0.16;23687583_0;5.10;0.00;tripinfo_wu_as_to_ba.2;127.00;wu_as_to_ba.2;0;1356.50;1.04;0.00;9.72;car;;0;0.00
209.00;230845886_0;633.12;13.04;1.00;0.21;803785575#0_0;5.10;0.00;tripinfo_wu_od_to_ba.0;208.00;wu_od_to_ba.0;0;2382.14;1.18;0.00;26.00;car;;0;0.00
209.00;45494495_0;58.90;10.10;104.00;2.33;803785575#0_0;5.10;0.00;tripinfo_wu_od_to_os.3;105.00;wu_od_to_os.3;0;969.96;0.91;0.00;9.26;car;;0;0.00
211.00;45494495_0;58.90;10.99;111.00;2.48;803785575#0_0;5.10;0.00;tripinfo_wu_od_to_os.4;100.00;wu_od_to_os.4;0;969.96;0.99;0.00;11.63;car;;0;0.00
213.00;45494495_0;58.90;9.86;41.00;1.57;23687583_0;5.10;0.00;tripinfo_wu_as_to_os.1;172.00;wu_as_to_os.1;0;1689.77;0.99;0.00;18.61;car;;0;0.00
224.00;972103805_0;116.86;11.23;66.00;0.28;-23142338#2_0;5.10;0.00;tripinfo_wu_ns_to_ko.1;158.00;wu_ns_to_ko.1;0;1398.55;1.04;0.00;37.35;car;;1;8.00
228.00;41899283#1_0;148.70;8.79;25.00;5.40;-45494495_0;5.10;0.00;tripinfo_wu_os_to_as.1;203.00;wu_os_to_as.1;0;1746.47;0.88;0.00;23.81;car;;1;3.00
230.00;230845886_0;633.12;13.08;14.00;0.44;803785575#0_0;5.10;0.00;tripinfo_wu_od_to_ba.1;216.00;wu_od_to_ba.1;0;2382.14;1.26;0.00;43.92;car;;0;0.00
234.00;972103805_0;116.86;11.73;95.00;0.16;-23142338#2_0;5.10;0.00;tripinfo_wu_ns_to_ko.2;139.00;wu_ns_to_ko.2;0;1398.55;1.10;0.00;23.84;car;;1;9.00
242.00;45494495_0;58.90;12.00;89.00;0.40;-230845886_0;5.10;0.00;tripinfo_wu_ba_to_os.0;153.00;wu_ba_to_os.0;0;1647.96;1.16;0.00;23.78;car;;0;0.00
243.00;972103805_0;116.86;11.62;131.00;0.89;23687583_0;5.10;0.00;tripinfo_wu_as_to_ko.1;112.00;wu_as_to_ko.1;0;1102.39;1.11;0.00;22.26;car;;1;9.00
246.00;972103805_0;116.86;10.31;32.00;0.31;-230845886_0;5.10;0.00;tripinfo_wu_ba_to_ko.0;214.00;wu_ba_to_ko.0;0;2114.29;1.04;0.00;28.97;car;;1;3.00
247.00;23527526_0;253.75;8.94;5.00;2.64;-23142338#2_0;5.10;0.00;tripinfo_wu_ns_to_gj.0;242.00;wu_ns_to_gj.0;0;2084.96;0.85;0.00;20.74;car;;0;0.00
254.00;23142338#2_0;290.21;9.92;28.00;0.52;803785575#0_0;5.10;0.00;tripinfo_wu_od_to_ns.0;226.00;wu_od_to_ns.0;0;1928.29;0.98;0.00;36.63;car;;1;14.00
258.00;45494495_0;58.90;11.73;89.00;0.55;23687583_0;5.10;0.00;tripinfo_wu_as_to_os.2;169.00;wu_as_to_os.2;0;1689.77;1.07;0.00;25.62;car;;1;6.00
263.00;972103805_0;116.86;10.50;4.00;2.17;803785575#0_0;5.10;0.00;tripinfo_wu_od_to_ko.0;259.00;wu_od_to_ko.0;0;2307.67;0.96;0.00;31.23;car;;1;6.00
265.00;23142338#2_0;290.21;10.73;38.00;0.89;23687583_0;5.10;0.00;tripinfo_wu_as_to_ns.1;227.00;wu_as_to_ns.1;0;1995.73;1.01;0.00;46.38;car;;2;18.00
265.00;41899283#1_0;148.70;10.50;116.00;0.33;-230845886_0;5.10;0.00;tripinfo_wu_ba_to_as.1;149.00;wu_ba_to_as.1;0;1430.78;1.05;0.00;25.38;car;;0;0.00
267.00;23527526_0;253.75;11.45;198.00;8.66;23687583_0;5.10;0.00;tripinfo_wu_as_to_gj.0;69.00;wu_as_to_gj.0;0;649.06;1.06;0.00;12.82;car;;0;0.00
270.00;23156030#6_0;109.07;10.93;37.00;0.14;-230845886_0;5.10;0.00;tripinfo_wu_ba_to_od.0;233.00;wu_ba_to_od.0;0;2315.50;1.05;0.00;33.13;car;;1;11.00
274.00;230845886_0;633.12;11.14;43.00;2.76;803785575#0_0;5.10;0.00;tripinfo_wu_od_to_ba.2;231.00;wu_od_to_ba.2;0;2382.14;1.09;0.00;33.99;car;;0;0.00
274.00;23527526_0;253.75;9.77;201.00;9.76;23687583_0;5.10;0.00;tripinfo_wu_as_to_gj.1;73.00;wu_as_to_gj.1;0;649.06;0.95;0.00;10.84;car;;0;0.00
275.00;23156305_0;1264.14;10.61;111.00;0.90;23687583_0;5.10;0.00;tripinfo_wu_as_to_gg.0;164.00;wu_as_to_gg.0;0;1600.87;0.96;0.00;12.97;car;;0;0.00
276.00;28706217_0;94.10;7.70;40.00;2.88;-230845886_0;5.10;0.00;tripinfo_wu_ba_to_sl.0;236.00;wu_ba_to_sl.0;0;1934.94;1.03;0.00;60.65;car;;2;33.00
276.00;23527526_0;253.75;11.70;73.00;0.40;-45494495_0;5.10;0.00;tripinfo_wu_os_to_gj.0;203.00;wu_os_to_gj.0;0;2071.37;1.14;0.00;37.46;car;;1;1.00
284.00;23142338#2_0;290.21;10.88;64.00;0.42;803785575#0_0;5.10;0.00;tripinfo_wu_od_to_ns.1;220.00;wu_od_to_ns.1;0;1928.29;1.03;0.00;39.58;car;;1;9.00
286.00;28716808#1_0;754.74;10.68;7.00;3.16;803785575#0_0;5.10;0.00;tripinfo_wu_od_to_kl.0;279.00;wu_od_to_kl.0;0;2678.40;0.98;0.00;31.94;car;;2;6.00
286.00;23142338#2_0;290.21;10.97;53.00;0.64;-45494495_0;5.10;0.00;tripinfo_wu_os_to_ns.0;233.00;wu_os_to_ns.0;0;1665.91;1.04;0.00;77.81;car;;3;39.00
286.00;28706217_0;94.10;7.38;202.00;0.33;803785575#0_0;5.10;0.00;tripinfo_wu_od_to_sl.0;84.00;wu_od_to_sl.0;0;747.33;0.97;0.00;8.70;car;;0;0.00
288.00;28716808#1_0;754.74;11.25;17.00;0.28;803785575#0_0;5.10;0.00;tripinfo_wu_od_to_kl.1;271.00;wu_od_to_kl.1;0;2678.40;1.04;0.00;37.06;car;;1;3.00
290.00;28716808#1_0;754.74;13.42;182.00;0.40;23687583_0;5.10;0.00;tripinfo_wu_as_to_kl.1;108.00;wu_as_to_kl.1;0;1207.92;1.21;0.00;16.27;car;;0;0.00
292.00;45494495_0;58.90;9.54;190.00;1.87;803785575#0_0;5.10;0.00;tripinfo_wu_od_to_os.5;102.00;wu_od_to_os.5;0;969.96;0.94;0.00;8.74;car;;0;0.00
293.00;23156390_0;1121.44;11.11;28.00;2.33;-45494495_0;5.10;0.00;tripinfo_wu_os_to_br.0;265.00;wu_os_to_br.0;0;2513.69;1.02;0.00;40.21;car;;1;1.00
297.00;972103805_0;116.86;11.55;146.00;0.60;-23142338#2_0;5.10;0.00;tripinfo_wu_ns_to_ko.3;151.00;wu_ns_to_ko.3;0;1398.55;1.04;0.00;30.38;car;;1;16.00
298.00;45494495_0;58.90;10.56;140.00;0.82;-230845886_0;5.10;0.00;tripinfo_wu_ba_to_os.1;158.00;wu_ba_to_os.1;0;1647.96;1.03;0.00;12.70;car;;0;0.00
302.00;23527526_0;253.75;8.77;53.00;2.40;-23142338#2_0;5.10;0.00;tripinfo_wu_ns_to_gj.1;249.00;wu_ns_to_gj.1;0;2084.96;0.89;0.00;36.94;car;;1;10.00
305.00;972103805_0;116.86;10.47;172.00;1.44;23687583_0;5.10;0.00;tripinfo_wu_as_to_ko.2;133.00;wu_as_to_ko.2;0;1102.39;1.00;0.00;32.82;car;;1;18.00
306.00;41899283#1_0;148.70;11.74;82.00;0.37;803785575#0_0;5.10;0.00;tripinfo_wu_od_to_as.0;224.00;wu_od_to_as.0;0;2382.09;1.10;0.00;28.83;car;;1;7.00
308.00;230845886_0;633.12;8.61;153.00;2.60;23687583_0;5.10;0.00;tripinfo_wu_as_to_ba.3;155.00;wu_as_to_ba.3;0;1356.50;0.86;0.00;13.24;car;;0;0.00
310.00;28706217_0;94.10;7.76;53.00;0.53;23687583_0;5.10;0.00;tripinfo_wu_as_to_sl.0;257.00;wu_as_to_sl.0;0;1976.75;0.97;0.00;68.08;car;;2;38.00
311.00;972103805_0;116.86;9.40;175.00;3.82;23687583_0;5.10;0.00;tripinfo_wu_as_to_ko.3;136.00;wu_as_to_ko.3;0;1102.39;0.86;0.00;19.03;car;;1;4.00
313.00;972103805_0;116.86;10.77;189.00;0.82;23687583_0;5.10;0.00;tripinfo_wu_as_to_ko.4;124.00;wu_as_to_ko.4;0;1102.39;1.04;0.00;28.01;car;;2;6.00
324.00;41899283#1_0;148.70;10.30;172.00;1.95;-230845886_0;5.10;0.00;tripinfo_wu_ba_to_as.2;152.00;wu_ba_to_as.2;0;1430.78;0.98;0.00;19.20;car;;1;1.00
325.00;23527526_0;253.75;9.12;23.00;0.29;803785575#0_0;5.10;0.00;tripinfo_wu_od_to_gj.0;302.00;wu_od_to_gj.0;0;2706.99;0.88;0.00;24.23;car;;0;0.00
329.00;23142338#2_0;290.21;9.36;108.00;0.47;23687583_0;5.10;0.00;tripinfo_wu_as_to_ns.2;221.00;wu_as_to_ns.2;0;1995.73;0.91;0.00;20.92;car;;0;0.00
331.00;23156390_0;1121.44;10.77;20.00;1.32;803785575#0_0;5.10;0.00;tripinfo_wu_od_to_br.0;311.00;wu_od_to_br.0;0;3149.31;1.08;0.00;46.18;car;;1;5.00
331.00;23156305_0;1264.14;9.13;43.00;3.70;-230845886_0;5.10;0.00;tripinfo_wu_ba_to_gg.0;288.00;wu_ba_to_gg.0;0;2718.65;0.93;0.00;23.13;car;;0;0.00
332.00;972103805_0;116.86;12.78;204.00;3.02;23687583_0;5.10;0.00;tripinfo_wu_as_to_ko.5;128.00;wu_as_to_ko.5;0;1102.39;1.15;0.00;41.23;car;;1;19.00
333.00;23156305_0;1264.14;11.09;2.00;0.85;-23142338#2_0;5.10;0.00;tripinfo_wu_ns_to_gg.0;331.00;wu_ns_to_gg.0;0;3297.24;1.07;0.00;50.62;car;;1;12.00
336.00;972103805_0;116.86;11.45;231.00;6.93;23687583_0;5.10;0.00;tripinfo_wu_as_to_ko.6;105.00;wu_as_to_ko.6;0;1102.39;1.11;0.00;14.50;car;;0;0.00
337.00;28706217_0;94.10;8.14;99.00;0.74;-230845886_0;5.10;0.00;tripinfo_wu_ba_to_sl.1;238.00;wu_ba_to_sl.1;0;1934.94;1.08;0.00;71.50;car;;2;39.00
337.00;23527526_0;253.75;9.45;266.00;0.72;23687583_0;5.10;0.00;tripinfo_wu_as_to_gj.2;71.00;wu_as_to_gj.2;0;649.06;0.96;0.00;8.75;car;;0;0.00
339.00;23156030#6_0;109.07;9.15;56.00;2.77;23687583_0;5.10;0.00;tripinfo_wu_as_to_od.0;283.00;wu_as_to_od.0;0;2357.31;0.92;0.00;50.58;car;;2;23.00
339.00;23527526_0;253.75;12.25;154.00;0.81;-230845886_0;5.10;0.00;tripinfo_wu_ba_to_gj.1;185.00;wu_ba_to_gj.1;0;1755.68;1.19;0.00;50.34;car;;1;1.00
341.00;972103805_0;116.86;11.07;107.00;0.17;-230845886_0;5.10;0.00;tripinfo_wu_ba_to_ko.1;234.00;wu_ba_to_ko.1;0;2114.29;1.02;0.00;44.64;car;;2;10.00
341.00;23527526_0;253.75;11.25;276.00;0.39;23687583_0;5.10;0.00;tripinfo_wu_as_to_gj.3;65.00;wu_as_to_gj.3;0;649.06;1.04;0.00;8.09;car;;0;0.00
342.00;230845886_0;633.12;9.20;152.00;0.82;-45494495_0;5.10;0.00;tripinfo_wu_os_to_ba.0;190.00;wu_os_to_ba.0;0;1746.52;0.92;0.00;17.37;car;;0;0.00
346.00;972103805_0;116.86;8.34;40.00;0.97;803785575#0_0;5.10;0.00;tripinfo_wu_od_to_ko.1;306.00;wu_od_to_ko.1;0;2307.67;0.85;0.00;49.85;car;;2;17.00
347.00;23142338#2_0;290.21;11.61;122.00;0.22;803785575#0_0;5.10;0.00;tripinfo_wu_od_to_ns.2;225.00;wu_od_to_ns.2;0;1928.29;1.07;0.00;50.83;car;;0;0.00
347.00;45494495_0;58.90;11.74;199.00;0.69;-230845886_0;5.10;0.00;tripinfo_wu_ba_to_os.2;148.00;wu_ba_to_os.2;0;1647.96;1.15;0.00;18.43;car;;0;0.00
348.00;23527526_0;253.75;10.12;169.00;0.62;-230845886_0;5.10;0.00;tripinfo_wu_ba_to_gj.2;179.00;wu_ba_to_gj.2;0;1755.68;1.03;0.00;23.81;car;;0;0.00
348.00;972103805_0;116.86;11.85;197.00;0.12;-23142338#2_0;5.10;0.00;tripinfo_wu_ns_to_ko.4;151.00;wu_ns_to_ko.4;0;1398.55;1.10;0.00;35.68;car;;1;7.00
350.00;972103805_0;116.86;11.90;201.00;0.12;-23142338#2_0;5.10;0.00;tripinfo_wu_ns_to_ko.5;149.00;wu_ns_to_ko.5;0;1398.55;1.13;0.00;36.51;car;;1;6.00
353.00;972103805_0;116.86;11.54;210.00;0.23;-23142338#2_0;5.10;0.00;tripinfo_wu_ns_to_ko.6;143.00;wu_ns_to_ko.6;0;1398.55;1.10;0.00;28.46;car;;1;12.00
359.00;230845886_0;633.12;10.13;224.00;0.68;23687583_0;5.10;0.00;tripinfo_wu_as_to_ba.4;135.00;wu_as_to_ba.4;0;1356.50;0.99;0.00;11.64;car;;0;0.00
364.00;23156030#6_1;109.07;11.22;137.00;0.34;-230845886_0;5.10;0.00;tripinfo_wu_ba_to_od.2;227.00;wu_ba_to_od.2;0;2315.50;1.02;0.00;22.81;car;;1;1.00
365.00;23156030#6_0;109.07;10.75;119.00;2.43;-230845886_0;5.10;0.00;tripinfo_wu_ba_to_od.1;246.00;wu_ba_to_od.1;0;2315.50;0.97;0.00;30.77;car;;1;9.00
366.00;23527526_0;253.75;11.72;183.00;3.01;-230845886_0;5.10;0.00;tripinfo_wu_ba_to_gj.3;183.00;wu_ba_to_gj.3;0;1755.68;1.09;0.00;36.23;car;;1;8.00
368.00;972103805_0;116.86;8.72;234.00;2.99;23687583_0;5.10;0.00;tripinfo_wu_as_to_ko.7;134.00;wu_as_to_ko.7;0;1102.39;0.86;0.00;18.03;car;;1;2.00
371.00;28706217_0;94.10;7.37;150.00;0.37;23687583_0;5.10;0.00;tripinfo_wu_as_to_sl.1;221.00;wu_as_to_sl.1;0;1976.75;0.93;0.00;22.67;car;;0;0.00
372.00;972103805_0;116.86;10.47;248.00;3.46;23687583_0;5.10;0.00;tripinfo_wu_as_to_ko.8;124.00;wu_as_to_ko.8;0;1102.39;0.98;0.00;21.65;car;;1;8.00
374.00;972103805_0;116.86;11.07;213.00;1.95;-23142338#2_0;5.10;0.00;tripinfo_wu_ns_to_ko.7;161.00;wu_ns_to_ko.7;0;1398.55;1.00;0.00;34.68;car;;2;14.00
375.00;45494495_0;58.90;9.87;192.00;3.79;23687583_0;5.10;0.00;tripinfo_wu_as_to_os.3;183.00;wu_as_to_os.3;0;1689.77;0.96;0.00;24.85;car;;2;2.00
377.00;45494495_0;58.90;11.01;195.00;5.80;23687583_0;5.10;0.00;tripinfo_wu_as_to_os.4;182.00;wu_as_to_os.4;0;1689.77;0.99;0.00;28.39;car;;0;0.00
379.00;41899283#1_0;148.70;13.08;241.00;0.24;-230845886_0;5.10;0.00;tripinfo_wu_ba_to_as.3;138.00;wu_ba_to_as.3;0;1430.78;1.21;0.00;30.38;car;;1;4.00
384.00;23156305_0;1264.14;9.72;213.00;4.96;23687583_0;5.10;0.00;tripinfo_wu_as_to_gg.1;171.00;wu_as_to_gg.1;0;1600.87;0.93;0.00;15.08;car;;0;0.00
388.00;23156030#6_0;109.07;11.62;298.00;0.51;-45494495_0;5.10;0.00;tripinfo_wu_os_to_od.2;90.00;wu_os_to_od.2;0;865.51;1.08;0.00;17.96;car;;1;7.00
390.00;972103805_0;116.86;9.71;126.00;0.54;-45494495_0;5.10;0.00;tripinfo_wu_os_to_ko.0;264.00;wu_os_to_ko.0;0;2045.29;0.89;0.00;43.88;car;;1;18.00
390.00;230845886_0;633.12;10.83;143.00;0.05;803785575#0_0;5.10;0.00;tripinfo_wu_od_to_ba.3;247.00;wu_od_to_ba.3;0;2382.14;1.02;0.00;36.59;car;;1;16.00
391.00;23527526_0;253.75;11.91;328.00;0.14;23687583_0;5.10;0.00;tripinfo_wu_as_to_gj.4;63.00;wu_as_to_gj.4;0;649.06;1.08;0.00;8.17;car;;0;0.00
392.00;972103805_0;116.86;12.36;157.00;1.41;-230845886_0;5.10;0.00;tripinfo_wu_ba_to_ko.2;235.00;wu_ba_to_ko.2;0;2114.29;1.13;0.00;65.38;car;;2;20.00
392.00;28706217_0;94.10;7.55;319.00;0.01;-45494495_0;5.10;0.00;tripinfo_wu_os_to_sl.1;73.00;wu_os_to_sl.1;0;484.95;1.05;0.00;26.14;car;;1;14.00
396.00;28706217_0;94.10;8.34;157.00;0.67;23687583_0;5.10;0.00;tripinfo_wu_as_to_sl.2;239.00;wu_as_to_sl.2;0;1976.75;1.01;0.00;56.40;car;;1;4.00
397.00;41899283#1_0;148.70;12.03;255.00;0.91;-230845886_0;5.10;0.00;tripinfo_wu_ba_to_as.4;142.00;wu_ba_to_as.4;0;1430.78;1.09;0.00;22.96;car;;0;0.00
399.00;41899283#1_0;148.70;11.90;217.00;0.89;-45494495_0;5.10;0.00;tripinfo_wu_os_to_as.2;182.00;wu_os_to_as.2;0;1746.47;1.12;0.00;40.90;car;;2;14.00
400.00;23142338#2_0;290.21;11.18;156.00;0.35;803785575#0_0;5.10;0.00;tripinfo_wu_od_to_ns.3;244.00;wu_od_to_ns.3;0;1928.29;1.09;0.00;73.94;car;;2;35.00
401.00;230845886_0;633.12;12.30;170.00;0.53;803785575#0_0;5.10;0.00;tripinfo_wu_od_to_ba.4;231.00;wu_od_to_ba.4;0;2382.14;1.19;0.00;50.17;car;;1;1.00
401.00;45494495_0;58.90;10.66;228.00;3.98;23687583_0;5.10;0.00;tripinfo_wu_as_to_os.5;173.00;wu_as_to_os.5;0;1689.77;1.03;0.00;24.58;car;;0;0.00
406.00;23156305_0;1264.14;9.73;102.00;0.57;-230845886_0;5.10;0.00;tripinfo_wu_ba_to_gg.1;304.00;wu_ba_to_gg.1;0;2718.65;0.89;0.00;27.49;car;;0;0.00
406.00;972103805_0;116.86;9.20;108.00;0.21;803785575#0_0;5.10;0.00;tripinfo_wu_od_to_ko.2;298.00;wu_od_to_ko.2;0;2307.67;0.83;0.00;35.04;car;;2;3.00
407.00;45494495_0;58.90;11.05;311.00;5.21;803785575#0_0;5.10;0.00;tripinfo_wu_od_to_os.6;96.00;wu_od_to_os.6;0;969.96;1.03;0.00;10.80;car;;0;0.00
408.00;23156305_0;1264.14;10.10;50.00;0.87;-23142338#2_0;5.10;0.00;tripinfo_wu_ns_to_gg.1;358.00;wu_ns_to_gg.1;0;3297.24;0.99;0.00;55.37;car;;1;13.00
408.00;972103805_0;116.86;11.96;117.00;0.41;803785575#0_0;5.10;0.00;tripinfo_wu_od_to_ko.3;291.00;wu_od_to_ko.3;0;2307.67;1.18;0.00;103.98;car;;1;1.00
410.00;972103805_0;116.86;10.73;227.00;0.33;-23142338#2_0;5.10;0.00;tripinfo_wu_ns_to_ko.8;183.00;wu_ns_to_ko.8;0;1398.55;1.00;0.00;56.27;car;;2;22.00
412.00;972103805_0;116.86;9.95;129.00;0.46;803785575#0_0;5.10;0.00;tripinfo_wu_od_to_ko.4;283.00;wu_od_to_ko.4;0;2307.67;0.97;0.00;56.77;car;;1;19.00
413.00;45494495_0;58.90;10.10;245.00;0.84;23687583_0;5.10;0.00;tripinfo_wu_as_to_os.6;168.00;wu_as_to_os.6;0;1689.77;1.00;0.00;15.62;car;;0;0.00
414.00;972103805_0;116.86;10.38;133.00;0.26;803785575#0_0;5.10;0.00;tripinfo_wu_od_to_ko.5;281.00;wu_od_to_ko.5;0;2307.67;1.01;0.00;64.34;car;;1;18.00
417.00;972103805_0;116.86;10.60;139.00;0.91;803785575#0_0;5.10;0.00;tripinfo_wu_od_to_ko.6;278.00;wu_od_to_ko.6;0;2307.67;0.99;0.00;56.97;car;;1;18.00
417.00;23156390_0;1121.44;10.59;143.00;0.61;-45494495_0;5.10;0.00;tripinfo_wu_os_to_br.1;274.00;wu_os_to_br.1;0;2513.69;0.99;0.00;43.32;car;;2;15.00
419.00;28716808#1_0;754.74;11.24;206.00;0.53;-23142338#2_0;5.10;0.00;tripinfo_wu_ns_to_kl.0;213.00;wu_ns_to_kl.0;0;2315.58;1.08;0.00;18.08;car;;0;0.00
419.00;23527526_0;253.75;8.44;212.00;1.24;-230845886_0;5.10;0.00;tripinfo_wu_ba_to_gj.4;207.00;wu_ba_to_gj.4;0;1755.68;0.86;0.00;22.28;car;;0;0.00
419.00;972103805_0;116.86;12.11;290.00;0.55;-23142338#2_0;5.10;0.00;tripinfo_wu_ns_to_ko.9;129.00;wu_ns_to_ko.9;0;1398.55;1.09;0.00;13.19;car;;0;0.00
420.00;41899283#1_0;148.70;11.24;177.00;5.19;803785575#0_0;5.10;0.00;tripinfo_wu_od_to_as.1;243.00;wu_od_to_as.1;0;2382.09;1.07;0.00;42.11;car;;0;0.00
421.00;28716808#1_0;754.74;11.27;293.00;0.68;23687583_0;5.10;0.00;tripinfo_wu_as_to_kl.2;128.00;wu_as_to_kl.2;0;1207.92;1.10;0.00;28.04;car;;2;9.00
423.00;28706217_0;94.10;7.32;207.00;0.33;23687583_0;5.10;0.00;tripinfo_wu_as_to_sl.3;216.00;wu_as_to_sl.3;0;1976.75;1.00;0.00;32.41;car;;2;4.00
424.00;972103805_0;116.86;10.11;281.00;0.47;23687583_0;5.10;0.00;tripinfo_wu_as_to_ko.9;143.00;wu_as_to_ko.9;0;1102.39;1.02;0.00;45.62;car;;2;26.00
426.00;23527526_0;253.75;11.92;244.00;2.18;-230845886_0;5.10;0.00;tripinfo_wu_ba_to_gj.5;182.00;wu_ba_to_gj.5;0;1755.68;1.11;0.00;38.62;car;;2;7.00
427.00;972103805_0;116.86;11.06;290.00;0.83;23687583_0;5.10;0.00;tripinfo_wu_as_to_ko.10;137.00;wu_as_to_ko.10;0;1102.39;1.04;0.00;40.31;car;;2;19.00
428.00;972103805_0;116.86;12.90;318.00;0.22;23687583_0;5.10;0.00;tripinfo_wu_as_to_ko.11;110.00;wu_as_to_ko.11;0;1102.39;1.23;0.00;28.86;car;;1;11.00
429.00;23156390_0;1121.44;9.79;166.00;2.98;-45494495_0;5.10;0.00;tripinfo_wu_os_to_br.2;263.00;wu_os_to_br.2;0;2513.69;0.95;0.00;22.24;car;;0;0.00
435.00;972103805_0;116.86;11.38;148.00;0.59;803785575#0_0;5.10;0.00;tripinfo_wu_od_to_ko.7;287.00;wu_od_to_ko.7;0;2307.67;1.06;0.00;79.67;car;;2;36.00
436.00;23156305_0;1264.14;9.41;49.00;1.99;803785575#0_0;5.10;0.00;tripinfo_wu_od_to_gg.0;387.00;wu_od_to_gg.0;0;3669.96;0.94;0.00;31.30;car;;0;0.00
436.00;23156030#6_0;109.07;8.63;151.00;0.33;-230845886_0;5.10;0.00;tripinfo_wu_ba_to_od.3;285.00;wu_ba_to_od.3;0;2315.50;0.83;0.00;31.61;car;;1;4.00
438.00;23142338#2_0;290.21;9.38;163.00;0.94;-45494495_0;5.10;0.00;tripinfo_wu_os_to_ns.1;275.00;wu_os_to_ns.1;0;1665.91;0.92;0.00;99.44;car;;4;66.00
443.00;23142338#2_0;290.21;9.86;180.00;0.88;-230845886_0;5.10;0.00;tripinfo_wu_ba_to_ns.0;263.00;wu_ba_to_ns.0;0;2346.36;0.91;0.00;28.82;car;;1;5.00
448.00;45494495_0;58.90;10.74;283.00;0.29;-230845886_0;5.10;0.00;tripinfo_wu_ba_to_os.3;165.00;wu_ba_to_os.3;0;1647.96;1.06;0.00;23.72;car;;0;0.00
455.00;972103805_0;116.86;10.58;338.00;0.90;23687583_0;5.10;0.00;tripinfo_wu_as_to_ko.12;117.00;wu_as_to_ko.12;0;1102.39;1.00;0.00;16.94;car;;1;3.00
457.00;972103805_0;116.86;11.00;344.00;0.65;23687583_0;5.10;0.00;tripinfo_wu_as_to_ko.13;113.00;wu_as_to_ko.13;0;1102.39;1.08;0.00;20.06;car;;1;5.00
459.00;28706217_0;94.10;7.27;210.00;3.20;23687583_0;5.10;0.00;tripinfo_wu_as_to_sl.4;249.00;wu_as_to_sl.4;0;1976.75;0.87;0.00;38.72;car;;1;11.00
460.00;23156390_0;1121.44;9.35;258.00;0.27;23687583_0;5.10;0.00;tripinfo_wu_as_to_br.0;202.00;wu_as_to_br.0;0;1694.48;0.89;0.00;29.59;car;;2;6.00
461.00;972103805_0;116.86;8.92;203.00;0.05;-230845886_0;5.10;0.00;tripinfo_wu_ba_to_ko.3;258.00;wu_ba_to_ko.3;0;2114.29;0.84;0.00;29.16;car;;1;3.00
461.00;23156390_0;1121.44;11.29;216.00;0.14;-230845886_0;5.10;0.00;tripinfo_wu_ba_to_br.0;245.00;wu_ba_to_br.0;0;2198.00;1.11;0.00;65.86;car;;1;5.00
461.00;28706217_0;94.10;8.31;382.00;0.08;-45494495_0;5.10;0.00;tripinfo_wu_os_to_sl.2;79.00;wu_os_to_sl.2;0;484.95;1.06;0.00;32.26;car;;1;9.00
464.00;23156305_0;1264.14;10.71;90.00;0.40;803785575#0_0;5.10;0.00;tripinfo_wu_od_to_gg.1;374.00;wu_od_to_gg.1;0;3669.96;1.02;0.00;48.94;car;;3;8.00
464.00;972103805_0;116.86;8.78;209.00;1.42;-230845886_0;5.10;0.00;tripinfo_wu_ba_to_ko.4;255.00;wu_ba_to_ko.4;0;2114.29;0.88;0.00;37.46;car;;1;3.00
464.00;28706217_0;94.10;7.90;258.00;3.35;-230845886_0;5.10;0.00;tripinfo_wu_ba_to_sl.2;206.00;wu_ba_to_sl.2;0;1934.94;1.03;0.00;30.72;car;;1;2.00
464.00;45494495_0;58.90;8.72;356.00;2.91;803785575#0_0;5.10;0.00;tripinfo_wu_od_to_os.7;108.00;wu_od_to_os.7;0;969.96;0.89;0.00;9.82;car;;0;0.00
466.00;972103805_0;116.86;8.76;159.00;0.31;-45494495_0;5.10;0.00;tripinfo_wu_os_to_ko.1;307.00;wu_os_to_ko.1;0;2045.29;0.86;0.00;81.32;car;;4;37.00
467.00;23527526_0;253.75;10.51;290.00;0.84;-230845886_0;5.10;0.00;tripinfo_wu_ba_to_gj.6;177.00;wu_ba_to_gj.6;0;1755.68;0.98;0.00;14.04;car;;0;0.00
468.00;972103805_0;116.86;10.53;298.00;0.99;-23142338#2_0;5.10;0.00;tripinfo_wu_ns_to_ko.10;170.00;wu_ns_to_ko.10;0;1398.55;1.05;0.00;49.54;car;;2;15.00
469.00;23527526_0;253.75;11.97;386.00;3.33;23687583_0;5.10;0.00;tripinfo_wu_as_to_gj.5;83.00;wu_as_to_gj.5;0;649.06;1.10;0.00;28.90;car;;2;10.00
470.00;972103805_0;116.86;11.01;169.00;1.76;-45494495_0;5.10;0.00;tripinfo_wu_os_to_ko.2;301.00;wu_os_to_ko.2;0;2045.29;1.05;0.00;113.58;car;;5;56.00
473.00;972103805_0;116.86;11.28;334.00;0.10;-23142338#2_0;5.10;0.00;tripinfo_wu_ns_to_ko.11;139.00;wu_ns_to_ko.11;0;1398.55;1.12;0.00;26.32;car;;1;9.00
474.00;23156305_0;1264.14;10.84;101.00;0.37;803785575#0_0;5.10;0.00;tripinfo_wu_od_to_gg.2;373.00;wu_od_to_gg.2;0;3669.96;1.01;0.00;42.17;car;;0;0.00
474.00;45494495_0;58.90;9.70;364.00;0.71;803785575#0_0;5.10;0.00;tripinfo_wu_od_to_os.8;110.00;wu_od_to_os.8;0;969.96;0.88;0.00;10.06;car;;0;0.00
476.00;230845886_0;633.12;9.79;208.00;0.28;803785575#0_0;5.10;0.00;tripinfo_wu_od_to_ba.5;268.00;wu_od_to_ba.5;0;2382.14;0.92;0.00;33.61;car;;1;6.00
476.00;45494495_0;58.90;12.24;320.00;0.29;-230845886_0;5.10;0.00;tripinfo_wu_ba_to_os.4;156.00;wu_ba_to_os.4;0;1647.96;1.17;0.00;28.90;car;;0;0.00
478.00;41899283#1_0;148.70;9.53;197.00;0.59;803785575#0_0;5.10;0.00;tripinfo_wu_od_to_as.2;281.00;wu_od_to_as.2;0;2382.09;0.87;0.00;32.95;car;;1;7.00
479.00;230845886_0;633.12;9.21;214.00;1.43;803785575#0_0;5.10;0.00;tripinfo_wu_od_to_ba.6;265.00;wu_od_to_ba.6;0;2382.14;0.92;0.00;30.29;car;;1;4.00
479.00;23156030#6_1;109.07;12.32;391.00;0.07;-45494495_0;5.10;0.00;tripinfo_wu_os_to_od.3;88.00;wu_os_to_od.3;0;865.51;1.11;0.00;18.01;car;;1;4.00
482.00;23156030#6_0;109.07;10.42;226.00;0.02;-230845886_0;5.10;0.00;tripinfo_wu_ba_to_od.4;256.00;wu_ba_to_od.4;0;2315.50;1.01;0.00;49.55;car;;2;11.00
483.00;23156030#6_1;109.07;11.96;401.00;0.20;-45494495_0;5.10;0.00;tripinfo_wu_os_to_od.4;82.00;wu_os_to_od.4;0;865.51;1.08;0.00;9.50;car;;0;0.00
486.00;972103805_0;116.86;9.88;219.00;1.02;-230845886_0;5.10;0.00;tripinfo_wu_ba_to_ko.5;267.00;wu_ba_to_ko.5;0;2114.29;0.94;0.00;62.32;car;;2;24.00
488.00;972103805_0;116.86;10.20;223.00;0.64;-230845886_0;5.10;0.00;tripinfo_wu_ba_to_ko.6;265.00;wu_ba_to_ko.6;0;2114.29;1.03;0.00;76.95;car;;2;21.00
489.00;230845886_0;633.12;9.36;216.00;1.84;-23142338#2_0;5.10;0.00;tripinfo_wu_ns_to_ba.0;273.00;wu_ns_to_ba.0;0;2340.42;0.84;0.00;24.27;car;;0;0.00
489.00;23156390_0;1121.44;11.41;321.00;0.34;23687583_0;5.10;0.00;tripinfo_wu_as_to_br.1;168.00;wu_as_to_br.1;0;1694.48;1.05;0.00;22.15;car;;0;0.00
491.00;972103805_0;116.86;9.72;230.00;0.39;-230845886_0;5.10;0.00;tripinfo_wu_ba_to_ko.7;261.00;wu_ba_to_ko.7;0;2114.29;0.97;0.00;63.19;car;;2;27.00
491.00;230845886_0;633.12;10.90;335.00;0.81;23687583_0;5.10;0.00;tripinfo_wu_as_to_ba.5;156.00;wu_as_to_ba.5;0;1356.50;1.04;0.00;37.94;car;;2;5.00
496.00;23142338#2_0;290.21;9.41;204.00;0.69;-45494495_0;5.10;0.00;tripinfo_wu_os_to_ns.2;292.00;wu_os_to_ns.2;0;1665.91;0.96;0.00;123.30;car;;5;75.00
500.00;28716808#1_0;754.74;11.07;211.00;1.49;803785575#0_0;5.10;0.00;tripinfo_wu_od_to_kl.2;289.00;wu_od_to_kl.2;0;2678.40;1.02;0.00;51.10;car;;2;9.00
503.00;230845886_0;633.12;11.21;352.00;1.21;23687583_0;5.10;0.00;tripinfo_wu_as_to_ba.6;151.00;wu_as_to_ba.6;0;1356.50;1.01;0.00;30.00;car;;1;7.00
504.00;28706217_0;94.10;6.13;404.00;2.51;-45494495_0;5.10;0.00;tripinfo_wu_os_to_sl.3;100.00;wu_os_to_sl.3;0;484.95;0.84;0.00;41.74;car;;2;29.00
506.00;28706217_0;94.10;7.76;251.00;5.90;23687583_0;5.10;0.00;tripinfo_wu_as_to_sl.5;255.00;wu_as_to_sl.5;0;1976.75;0.97;0.00;66.78;car;;3;30.00
512.00;23156030#6_0;109.07;11.41;293.00;0.79;-230845886_0;5.10;0.00;tripinfo_wu_ba_to_od.5;219.00;wu_ba_to_od.5;0;2315.50;1.11;0.00;30.37;car;;0;0.00
514.00;45494495_0;58.90;9.64;411.00;0.32;803785575#0_0;5.10;0.00;tripinfo_wu_od_to_os.9;103.00;wu_od_to_os.9;0;969.96;0.95;0.00;10.75;car;;0;0.00
515.00;23156390_0;1121.44;10.90;187.00;0.99;803785575#0_0;5.10;0.00;tripinfo_wu_od_to_br.1;328.00;wu_od_to_br.1;0;3149.31;0.99;0.00;38.28;car;;2;4.00
516.00;972103805_0;116.86;9.47;383.00;0.93;23687583_0;5.10;0.00;tripinfo_wu_as_to_ko.14;133.00;wu_as_to_ko.14;0;1102.39;0.93;0.00;25.46;car;;2;8.00
518.00;972103805_0;116.86;11.16;236.00;0.32;-230845886_0;5.10;0.00;tripinfo_wu_ba_to_ko.8;282.00;wu_ba_to_ko.8;0;2114.29;1.06;0.00;100.92;car;;5;47.00
519.00;230845886_0;633.12;9.38;244.00;0.02;803785575#0_0;5.10;0.00;tripinfo_wu_od_to_ba.7;275.00;wu_od_to_ba.7;0;2382.14;0.86;0.00;25.59;car;;1;1.00
522.00;972103805_0;116.86;8.83;274.00;2.24;-230845886_0;5.10;0.00;tripinfo_wu_ba_to_ko.9;248.00;wu_ba_to_ko.9;0;2114.29;0.89;0.00;30.90;car;;1;4.00
524.00;23142338#2_0;290.21;10.54;280.00;0.43;-230845886_0;5.10;0.00;tripinfo_wu_ba_to_ns.1;244.00;wu_ba_to_ns.1;0;2346.36;0.97;0.00;25.93;car;;0;0.00
525.00;23527526_0;253.75;11.62;345.00;6.83;-230845886_0;5.10;0.00;tripinfo_wu_ba_to_gj.7;180.00;wu_ba_to_gj.7;0;1755.68;1.16;0.00;42.41;car;;0;0.00
528.00;23156305_0;1264.14;11.99;173.00;3.25;803785575#0_0;5.10;0.00;tripinfo_wu_od_to_gg.4;355.00;wu_od_to_gg.4;0;3669.96;1.08;0.00;46.85;car;;0;0.00
531.00;28716808#1_0;754.74;10.57;342.00;4.37;-230845886_0;5.10;0.00;tripinfo_wu_ba_to_kl.0;189.00;wu_ba_to_kl.0;0;1727.09;0.98;0.00;29.52;car;;0;0.00
535.00;972103805_0;116.86;7.93;180.00;0.48;803785575#0_0;5.10;0.00;tripinfo_wu_od_to_ko.8;355.00;wu_od_to_ko.8;0;2307.67;0.72;0.00;54.03;car;;1;21.00
535.00;45494495_0;58.90;9.82;324.00;2.61;23687583_0;5.10;0.00;tripinfo_wu_as_to_os.7;211.00;wu_as_to_os.7;0;1689.77;0.96;0.00;52.04;car;;2;12.00
537.00;972103805_0;116.86;10.49;180.00;0.26;-45494495_0;5.10;0.00;tripinfo_wu_os_to_ko.3;357.00;wu_os_to_ko.3;0;2045.29;1.04;0.00;168.62;car;;4;63.00
537.00;45494495_0;58.90;11.32;351.00;1.33;-230845886_0;5.10;0.00;tripinfo_wu_ba_to_os.6;186.00;wu_ba_to_os.6;0;1647.96;1.08;0.00;47.56;car;;0;0.00
539.00;972103805_0;116.86;11.80;183.00;0.41;-45494495_0;5.10;0.00;tripinfo_wu_os_to_ko.4;356.00;wu_os_to_ko.4;0;2045.29;1.16;0.00;186.11;car;;5;69.00
541.00;972103805_0;116.86;10.41;362.00;0.33;-23142338#2_0;5.10;0.00;tripinfo_wu_ns_to_ko.12;179.00;wu_ns_to_ko.12;0;1398.55;1.02;0.00;55.50;car;;1;8.00
542.00;45494495_0;58.90;7.62;329.00;2.73;-230845886_0;5.10;0.00;tripinfo_wu_ba_to_os.5;213.00;wu_ba_to_os.5;0;1647.96;0.77;0.00;20.33;car;;0;0.00
544.00;45494495_0;58.90;9.93;444.00;4.75;803785575#0_0;5.10;0.00;tripinfo_wu_od_to_os.10;100.00;wu_od_to_os.10;0;969.96;0.98;0.00;9.94;car;;0;0.00
545.00;972103805_0;116.86;10.50;306.00;0.85;-230845886_0;5.10;0.00;tripinfo_wu_ba_to_ko.10;239.00;wu_ba_to_ko.10;0;2114.29;0.95;0.00;36.95;car;;2;9.00
547.00;972103805_0;116.86;11.14;309.00;2.68;-230845886_0;5.10;0.00;tripinfo_wu_ba_to_ko.11;238.00;wu_ba_to_ko.11;0;2114.29;1.04;0.00;53.30;car;;2;8.00
547.00;23156030#6_0;109.07;6.23;411.00;0.55;-45494495_0;5.10;0.00;tripinfo_wu_os_to_od.5;136.00;wu_os_to_od.5;0;865.51;0.65;0.00;15.12;car;;0;0.00
551.00;972103805_0;116.86;10.35;313.00;0.02;-230845886_0;5.10;0.00;tripinfo_wu_ba_to_ko.12;238.00;wu_ba_to_ko.12;0;2114.29;1.00;0.00;44.73;car;;2;9.00
553.00;972103805_0;116.86;11.59;263.00;0.90;-45494495_0;5.10;0.00;tripinfo_wu_os_to_ko.5;290.00;wu_os_to_ko.5;0;2045.29;1.07;0.00;106.47;car;;4;40.00
554.00;45494495_0;58.90;10.54;453.00;4.75;803785575#0_0;5.10;0.00;tripinfo_wu_od_to_os.11;101.00;wu_od_to_os.11;0;969.96;0.96;0.00;9.11;car;;0;0.00
556.00;972103805_0;116.86;10.00;268.00;0.38;803785575#0_0;5.10;0.00;tripinfo_wu_od_to_ko.9;288.00;wu_od_to_ko.9;0;2307.67;0.99;0.00;66.70;car;;2;23.00
556.00;45494495_0;58.90;10.06;372.00;0.75;23687583_0;5.10;0.00;tripinfo_wu_as_to_os.8;184.00;wu_as_to_os.8;0;1689.77;0.91;0.00;15.96;car;;0;0.00
559.00;230845886_0;633.12;11.14;421.00;0.32;23687583_0;5.10;0.00;tripinfo_wu_as_to_ba.7;138.00;wu_as_to_ba.7;0;1356.50;1.03;0.00;18.74;car;;1;5.00
560.00;23527526_0;253.75;9.45;487.00;0.46;23687583_0;5.10;0.00;tripinfo_wu_as_to_gj.6;73.00;wu_as_to_gj.6;0;649.06;0.91;0.00;8.27;car;;0;0.00
563.00;23156305_0;1264.14;9.83;159.00;2.95;803785575#0_0;5.10;0.00;tripinfo_wu_od_to_gg.3;404.00;wu_od_to_gg.3;0;3669.96;0.90;0.00;33.23;car;;0;0.00
564.00;23142338#2_0;290.21;8.99;301.00;0.62;-230845886_0;5.10;0.00;tripinfo_wu_ba_to_ns.2;263.00;wu_ba_to_ns.2;0;2346.36;0.90;0.00;26.26;car;;0;0.00
565.00;23156305_0;1264.14;10.57;239.00;0.62;-45494495_0;5.10;0.00;tripinfo_wu_os_to_gg.0;326.00;wu_os_to_gg.0;0;3034.34;0.97;0.00;40.18;car;;1;2.00
567.00;23156390_0;1121.44;11.12;402.00;1.47;23687583_0;5.10;0.00;tripinfo_wu_as_to_br.2;165.00;wu_as_to_br.2;0;1694.48;1.06;0.00;20.90;car;;1;2.00
569.00;28716808#1_0;754.74;10.47;340.00;0.83;-45494495_0;5.10;0.00;tripinfo_wu_os_to_kl.0;229.00;wu_os_to_kl.0;0;2042.78;0.96;0.00;35.68;car;;1;16.00
571.00;28716808#1_0;754.74;10.87;347.00;1.34;-45494495_0;5.10;0.00;tripinfo_wu_os_to_kl.1;224.00;wu_os_to_kl.1;0;2042.78;1.03;0.00;43.33;car;;1;15.00
573.00;28716808#1_0;754.74;12.01;353.00;0.68;-45494495_0;5.10;0.00;tripinfo_wu_os_to_kl.2;220.00;wu_os_to_kl.2;0;2042.78;1.14;0.00;57.39;car;;2;17.00
574.00;972103805_0;116.86;11.55;463.00;0.28;23687583_0;5.10;0.00;tripinfo_wu_as_to_ko.15;111.00;wu_as_to_ko.15;0;1102.39;1.04;0.00;15.02;car;;1;3.00
577.00;41899283#1_0;148.70;9.28;322.00;0.93;-23142338#2_0;5.10;0.00;tripinfo_wu_ns_to_as.0;255.00;wu_ns_to_as.0;0;2009.37;0.89;0.00;50.50;car;;2;22.00
579.00;972103805_0;116.86;9.26;334.00;0.37;-230845886_0;5.10;0.00;tripinfo_wu_ba_to_ko.13;245.00;wu_ba_to_ko.13;0;2114.29;0.91;0.00;34.36;car;;0;0.00
579.00;23156030#6_0;109.07;8.94;477.00;0.06;-45494495_0;5.10;0.00;tripinfo_wu_os_to_od.6;102.00;wu_os_to_od.6;0;865.51;0.91;0.00;15.36;car;;1;3.00
581.00;41899283#1_0;148.70;10.50;323.00;7.69;803785575#0_0;5.10;0.00;tripinfo_wu_od_to_as.3;258.00;wu_od_to_as.3;0;2382.09;1.00;0.00;42.28;car;;2;9.00
582.00;28716808#1_0;754.74;10.63;305.00;0.76;803785575#0_0;5.10;0.00;tripinfo_wu_od_to_kl.3;277.00;wu_od_to_kl.3;0;2678.40;0.98;0.00;29.45;car;;1;3.00
584.00;972103805_0;116.86;8.57;427.00;0.08;-23142338#2_0;5.10;0.00;tripinfo_wu_ns_to_ko.13;157.00;wu_ns_to_ko.13;0;1398.55;0.89;0.00;14.77;car;;0;0.00
587.00;23156305_0;1264.14;10.60;323.00;0.02;-230845886_0;5.10;0.00;tripinfo_wu_ba_to_gg.2;264.00;wu_ba_to_gg.2;0;2718.65;1.03;0.00;24.04;car;;0;0.00
588.00;28706217_0;94.10;7.34;359.00;1.87;-230845886_0;5.10;0.00;tripinfo_wu_ba_to_sl.3;229.00;wu_ba_to_sl.3;0;1934.94;1.00;0.00;49.76;car;;1;11.00
592.00;41899283#1_0;148.70;9.82;327.00;7.54;803785575#0_0;5.10;0.00;tripinfo_wu_od_to_as.4;265.00;wu_od_to_as.4;0;2382.09;0.91;0.00;28.50;car;;0;0.00
593.00;45494495_0;58.90;11.89;497.00;2.26;803785575#0_0;5.10;0.00;tripinfo_wu_od_to_os.12;96.00;wu_od_to_os.12;0;969.96;1.08;0.00;14.48;car;;0;0.00
594.00;972103805_0;116.86;9.38;320.00;8.42;803785575#0_0;5.10;0.00;tripinfo_wu_od_to_ko.10;274.00;wu_od_to_ko.10;0;2307.67;0.95;0.00;43.64;car;;1;10.00
596.00;230845886_0;633.12;8.93;317.00;8.84;803785575#0_0;5.10;0.00;tripinfo_wu_od_to_ba.8;279.00;wu_od_to_ba.8;0;2382.14;0.84;0.00;22.66;car;;0;0.00
596.00;972103805_0;116.86;10.17;339.00;4.77;803785575#0_0;5.10;0.00;tripinfo_wu_od_to_ko.11;257.00;wu_od_to_ko.11;0;2307.67;1.00;0.00;37.90;car;;1;7.00
596.00;41899283#1_0;148.70;11.67;400.00;1.56;-23142338#2_0;5.10;0.00;tripinfo_wu_ns_to_as.1;196.00;wu_ns_to_as.1;0;2009.37;1.08;0.00;27.32;car;;1;3.00
598.00;972103805_0;116.86;10.39;353.00;0.78;803785575#0_0;5.10;0.00;tripinfo_wu_od_to_ko.12;245.00;wu_od_to_ko.12;0;2307.67;0.99;0.00;23.08;car;;0;0.00
600.00;972103805_0;116.86;11.84;447.00;0.50;-23142338#2_0;5.10;0.00;tripinfo_wu_ns_to_ko.14;153.00;wu_ns_to_ko.14;0;1398.55;1.11;0.00;39.47;car;;1;12.00
604.00;28706217_0;94.10;7.57;375.00;2.16;23687583_0;5.10;0.00;tripinfo_wu_as_to_sl.6;229.00;wu_as_to_sl.6;0;1976.75;0.95;0.00;36.80;car;;1;9.00
604.00;972103805_0;116.86;10.96;478.00;0.86;23687583_0;5.10;0.00;tripinfo_wu_as_to_ko.16;126.00;wu_as_to_ko.16;0;1102.39;1.07;0.00;32.35;car;;1;18.00
606.00;972103805_0;116.86;11.08;484.00;4.12;23687583_0;5.10;0.00;tripinfo_wu_as_to_ko.17;122.00;wu_as_to_ko.17;0;1102.39;1.01;0.00;23.37;car;;1;9.00
607.00;28706217_0;94.10;7.40;399.00;0.43;23687583_0;5.10;0.00;tripinfo_wu_as_to_sl.7;208.00;wu_as_to_sl.7;0;1976.75;1.02;0.00;27.42;car;;1;3.00
609.00;972103805_0;116.86;10.22;499.00;1.28;23687583_0;5.10;0.00;tripinfo_wu_as_to_ko.18;110.00;wu_as_to_ko.18;0;1102.39;1.00;0.00;10.09;car;;0;0.00
610.00;23156030#6_0;109.07;10.72;349.00;0.89;23687583_0;5.10;0.00;tripinfo_wu_as_to_od.2;261.00;wu_as_to_od.2;0;2357.31;0.98;0.00;44.98;car;;2;9.00
612.00;41899283#1_0;148.70;9.73;444.00;0.51;-230845886_0;5.10;0.00;tripinfo_wu_ba_to_as.5;168.00;wu_ba_to_as.5;0;1430.78;0.98;0.00;36.09;car;;2;9.00
613.00;230845886_0;633.12;10.36;336.00;10.31;803785575#0_0;5.10;0.00;tripinfo_wu_od_to_ba.9;277.00;wu_od_to_ba.9;0;2382.14;0.94;0.00;49.53;car;;1;14.00
613.00;972103805_0;116.86;9.16;337.00;0.40;-230845886_0;5.10;0.00;tripinfo_wu_ba_to_ko.14;276.00;wu_ba_to_ko.14;0;2114.29;0.90;0.00;61.34;car;;2;19.00
614.00;23142338#2_0;290.21;11.16;404.00;2.84;803785575#0_0;5.10;0.00;tripinfo_wu_od_to_ns.4;210.00;wu_od_to_ns.4;0;1928.29;1.02;0.00;27.50;car;;1;2.00
615.00;230845886_0;633.12;10.78;347.00;1.55;803785575#0_0;5.10;0.00;tripinfo_wu_od_to_ba.10;268.00;wu_od_to_ba.10;0;2382.14;0.99;0.00;49.77;car;;1;14.00
617.00;23527526_0;253.75;10.70;548.00;1.39;23687583_0;5.10;0.00;tripinfo_wu_as_to_gj.7;69.00;wu_as_to_gj.7;0;649.06;0.96;0.00;7.76;car;;0;0.00
620.00;45494495_0;58.90;11.91;449.00;0.43;23687583_0;5.10;0.00;tripinfo_wu_as_to_os.9;171.00;wu_as_to_os.9;0;1689.77;1.13;0.00;35.78;car;;0;0.00
622.00;41899283#1_0;148.70;11.72;491.00;1.39;-230845886_0;5.10;0.00;tripinfo_wu_ba_to_as.7;131.00;wu_ba_to_as.7;0;1430.78;1.12;0.00;15.49;car;;0;0.00
623.00;45494495_0;58.90;10.95;436.00;0.33;-230845886_0;5.10;0.00;tripinfo_wu_ba_to_os.7;187.00;wu_ba_to_os.7;0;1647.96;1.06;0.00;46.13;car;;1;5.00
626.00;23156030#6_1;109.07;12.65;409.00;0.33;-230845886_0;5.10;0.00;tripinfo_wu_ba_to_od.6;217.00;wu_ba_to_od.6;0;2315.50;1.14;0.00;33.44;car;;1;9.00
630.00;23156030#6_0;109.07;7.50;303.00;0.98;23687583_0;5.10;0.00;tripinfo_wu_as_to_od.1;327.00;wu_as_to_od.1;0;2357.31;0.71;0.00;28.88;car;;0;0.00
632.00;972103805_0;116.86;11.80;522.00;0.30;23687583_0;5.10;0.00;tripinfo_wu_as_to_ko.19;110.00;wu_as_to_ko.19;0;1102.39;1.11;0.00;20.29;car;;1;5.00
633.00;23156030#6_0;109.07;11.17;390.00;0.23;23687583_0;5.10;0.00;tripinfo_wu_as_to_od.3;243.00;wu_as_to_od.3;0;2357.31;1.04;0.00;39.20;car;;3;8.00
637.00;972103805_0;116.86;10.18;398.00;0.88;-230845886_0;5.10;0.00;tripinfo_wu_ba_to_ko.15;239.00;wu_ba_to_ko.15;0;2114.29;0.99;0.00;43.22;car;;2;14.00
638.00;23156305_0;1264.14;9.59;326.00;1.95;-230845886_0;5.10;0.00;tripinfo_wu_ba_to_gg.3;312.00;wu_ba_to_gg.3;0;2718.65;0.90;0.00;35.95;car;;2;5.00
638.00;41899283#1_0;148.70;11.65;434.00;0.13;-45494495_0;5.10;0.00;tripinfo_wu_os_to_as.3;204.00;wu_os_to_as.3;0;1746.47;1.10;0.00;59.19;car;;3;19.00
638.00;23527526_0;253.75;11.69;447.00;0.82;-230845886_0;5.10;0.00;tripinfo_wu_ba_to_gj.9;191.00;wu_ba_to_gj.9;0;1755.68;1.10;0.00;46.51;car;;2;5.00
640.00;23156305_0;1264.14;10.22;348.00;5.13;-230845886_0;5.10;0.00;tripinfo_wu_ba_to_gg.4;292.00;wu_ba_to_gg.4;0;2718.65;0.99;0.00;40.68;car;;0;0.00
641.00;23156305_0;1264.14;11.66;481.00;1.21;23687583_0;5.10;0.00;tripinfo_wu_as_to_gg.2;160.00;wu_as_to_gg.2;0;1600.87;1.09;0.00;27.06;car;;0;0.00
643.00;28716808#1_0;754.74;11.93;367.00;3.47;803785575#0_0;5.10;0.00;tripinfo_wu_od_to_kl.4;276.00;wu_od_to_kl.4;0;2678.40;1.09;0.00;53.82;car;;1;11.00
643.00;41899283#1_0;148.70;10.50;476.00;1.76;-230845886_0;5.10;0.00;tripinfo_wu_ba_to_as.6;167.00;wu_ba_to_as.6;0;1430.78;0.96;0.00;31.71;car;;1;9.00
645.00;28716808#1_0;754.74;12.87;369.00;0.22;803785575#0_0;5.10;0.00;tripinfo_wu_od_to_kl.5;276.00;wu_od_to_kl.5;0;2678.40;1.17;0.00;68.57;car;;1;10.00
648.00;23156305_0;1264.14;10.17;277.00;0.74;803785575#0_0;5.10;0.00;tripinfo_wu_od_to_gg.5;371.00;wu_od_to_gg.5;0;3669.96;1.00;0.00;37.62;car;;1;5.00
649.00;972103805_0;116.86;10.86;390.00;1.30;803785575#0_0;5.10;0.00;tripinfo_wu_od_to_ko.13;259.00;wu_od_to_ko.13;0;2307.67;1.01;0.00;41.32;car;;1;15.00
651.00;41899283#1_0;148.70;10.61;395.00;0.96;803785575#0_0;5.10;0.00;tripinfo_wu_od_to_as.5;256.00;wu_od_to_as.5;0;2382.09;1.05;0.00;51.20;car;;1;10.00
660.00;41899283#1_0;148.70;9.40;500.00;0.90;-230845886_0;5.10;0.00;tripinfo_wu_ba_to_as.8;160.00;wu_ba_to_as.8;0;1430.78;0.88;0.00;13.51;car;;0;0.00
661.00;23527526_0;253.75;8.12;433.00;2.60;-230845886_0;5.10;0.00;tripinfo_wu_ba_to_gj.8;228.00;wu_ba_to_gj.8;0;1755.68;0.83;0.00;36.77;car;;2;8.00
663.00;23527526_0;253.75;11.38;424.00;0.32;-45494495_0;5.10;0.00;tripinfo_wu_os_to_gj.1;239.00;wu_os_to_gj.1;0;2071.37;1.04;0.00;57.08;car;;1;12.00
664.00;23527526_0;253.75;11.06;372.00;1.21;803785575#0_0;5.10;0.00;tripinfo_wu_od_to_gj.1;292.00;wu_od_to_gj.1;0;2706.99;1.06;0.00;62.11;car;;2;11.00
665.00;45494495_0;58.90;8.41;463.00;0.48;-230845886_0;5.10;0.00;tripinfo_wu_ba_to_os.8;202.00;wu_ba_to_os.8;0;1647.96;0.80;0.00;16.83;car;;0;0.00
666.00;23527526_0;253.75;11.03;577.00;3.57;23687583_0;5.10;0.00;tripinfo_wu_as_to_gj.8;89.00;wu_as_to_gj.8;0;649.06;0.99;0.00;29.60;car;;1;14.00
668.00;23156390_0;1121.44;10.01;314.00;6.91;803785575#0_0;5.10;0.00;tripinfo_wu_od_to_br.2;354.00;wu_od_to_br.2;0;3149.31;0.91;0.00;39.79;car;;1;10.00
672.00;41899283#1_0;148.70;10.53;401.00;2.52;803785575#0_0;5.10;0.00;tripinfo_wu_od_to_as.6;271.00;wu_od_to_as.6;0;2382.09;0.96;0.00;45.20;car;;0;0.00
673.00;45494495_0;58.90;9.17;556.00;0.41;803785575#0_0;5.10;0.00;tripinfo_wu_od_to_os.13;117.00;wu_od_to_os.13;0;969.96;0.83;0.00;10.30;car;;0;0.00
677.00;23156390_0;1121.44;10.35;330.00;10.39;803785575#0_0;5.10;0.00;tripinfo_wu_od_to_br.3;347.00;wu_od_to_br.3;0;3149.31;0.93;0.00;40.71;car;;0;0.00
678.00;41899283#1_0;148.70;10.64;428.00;2.04;803785575#0_0;5.10;0.00;tripinfo_wu_od_to_as.7;250.00;wu_od_to_as.7;0;2382.09;1.01;0.00;36.53;car;;0;0.00
678.00;972103805_0;116.86;8.39;506.00;0.49;-23142338#2_0;5.10;0.00;tripinfo_wu_ns_to_ko.15;172.00;wu_ns_to_ko.15;0;1398.55;0.83;0.00;20.51;car;;1;3.00
680.00;23156305_0;1264.14;9.32;379.00;0.39;-230845886_0;5.10;0.00;tripinfo_wu_ba_to_gg.5;301.00;wu_ba_to_gg.5;0;2718.65;0.90;0.00;26.80;car;;0;0.00
680.00;28706217_0;94.10;5.83;424.00;1.62;23687583_0;5.10;0.00;tripinfo_wu_as_to_sl.8;256.00;wu_as_to_sl.8;0;1976.75;0.83;0.00;34.13;car;;1;7.00
680.00;972103805_0;116.86;11.02;521.00;0.73;-23142338#2_0;5.10;0.00;tripinfo_wu_ns_to_ko.16;159.00;wu_ns_to_ko.16;0;1398.55;1.07;0.00;41.44;car;;1;1.00
682.00;28706217_0;94.10;9.02;445.00;0.49;23687583_0;5.10;0.00;tripinfo_wu_as_to_sl.9;237.00;wu_as_to_sl.9;0;1976.75;1.17;0.00;79.64;car;;2;5.00
683.00;23156305_0;1264.14;10.81;308.00;3.42;803785575#0_0;5.10;0.00;tripinfo_wu_od_to_gg.6;375.00;wu_od_to_gg.6;0;3669.96;0.98;0.00;34.95;car;;0;0.00
683.00;230845886_0;633.12;8.19;387.00;0.83;803785575#0_0;5.10;0.00;tripinfo_wu_od_to_ba.11;296.00;wu_od_to_ba.11;0;2382.14;0.79;0.00;24.55;car;;0;0.00
684.00;45494495_0;58.90;11.52;591.00;3.01;803785575#0_0;5.10;0.00;tripinfo_wu_od_to_os.14;93.00;wu_od_to_os.14;0;969.96;1.04;0.00;8.38;car;;0;0.00
685.00;230845886_0;633.12;11.35;435.00;1.14;803785575#0_0;5.10;0.00;tripinfo_wu_od_to_ba.12;250.00;wu_od_to_ba.12;0;2382.14;1.04;0.00;42.89;car;;0;0.00
686.00;972103805_0;116.86;10.33;425.00;0.16;803785575#0_0;5.10;0.00;tripinfo_wu_od_to_ko.14;261.00;wu_od_to_ko.14;0;2307.67;0.93;0.00;25.92;car;;0;0.00
686.00;45494495_0;58.90;10.68;488.00;0.84;-23142338#2_0;5.10;0.00;tripinfo_wu_ns_to_os.0;198.00;wu_ns_to_os.0;0;1865.82;0.99;0.00;27.03;car;;1;1.00
687.00;230845886_0;633.12;12.60;447.00;6.65;803785575#0_0;5.10;0.00;tripinfo_wu_od_to_ba.13;240.00;wu_od_to_ba.13;0;2382.14;1.14;0.00;50.83;car;;1;2.00
688.00;972103805_0;116.86;10.30;432.00;0.35;803785575#0_0;5.10;0.00;tripinfo_wu_od_to_ko.15;256.00;wu_od_to_ko.15;0;2307.67;1.01;0.00;39.28;car;;0;0.00
689.00;230845886_0;633.12;11.62;541.00;0.64;23687583_0;5.10;0.00;tripinfo_wu_as_to_ba.8;148.00;wu_as_to_ba.8;0;1356.50;1.10;0.00;35.99;car;;1;8.00
693.00;28706217_0;94.10;9.05;466.00;1.84;-230845886_0;5.10;0.00;tripinfo_wu_ba_to_sl.4;227.00;wu_ba_to_sl.4;0;1934.94;1.13;0.00;67.09;car;;0;0.00
694.00;972103805_0;116.86;10.95;551.00;2.96;23687583_0;5.10;0.00;tripinfo_wu_as_to_ko.20;143.00;wu_as_to_ko.20;0;1102.39;0.99;0.00;42.58;car;;2;26.00
696.00;972103805_0;116.86;11.18;567.00;2.60;23687583_0;5.10;0.00;tripinfo_wu_as_to_ko.21;129.00;wu_as_to_ko.21;0;1102.39;1.07;0.00;35.89;car;;2;12.00
699.00;972103805_0;116.86;12.00;572.00;0.43;23687583_0;5.10;0.00;tripinfo_wu_as_to_ko.22;127.00;wu_as_to_ko.22;0;1102.39;1.11;0.00;37.06;car;;1;15.00
701.00;45494495_0;58.90;8.85;509.00;0.48;23687583_0;5.10;0.00;tripinfo_wu_as_to_os.10;192.00;wu_as_to_os.10;0;1689.77;0.91;0.00;23.44;car;;1;2.00
702.00;230845886_0;633.12;9.90;443.00;1.03;-23142338#2_0;5.10;0.00;tripinfo_wu_ns_to_ba.1;259.00;wu_ns_to_ba.1;0;2340.42;0.95;0.00;37.06;car;;1;16.00
703.00;23142338#2_0;290.21;9.84;430.00;0.33;-230845886_0;5.10;0.00;tripinfo_wu_ba_to_ns.3;273.00;wu_ba_to_ns.3;0;2346.36;1.00;0.00;60.60;car;;2;14.00
703.00;45494495_0;58.90;9.12;598.00;0.05;803785575#0_0;5.10;0.00;tripinfo_wu_od_to_os.15;105.00;wu_od_to_os.15;0;969.96;0.93;0.00;10.36;car;;0;0.00
704.00;972103805_0;116.86;10.89;560.00;0.84;-23142338#2_0;5.10;0.00;tripinfo_wu_ns_to_ko.17;144.00;wu_ns_to_ko.17;0;1398.55;1.03;0.00;21.41;car;;1;5.00
705.00;23156390_0;1121.44;9.34;344.00;0.35;803785575#0_0;5.10;0.00;tripinfo_wu_od_to_br.4;361.00;wu_od_to_br.4;0;3149.31;0.91;0.00;47.67;car;;1;13.00
705.00;23527526_0;253.75;8.76;605.00;0.62;23687583_0;5.10;0.00;tripinfo_wu_as_to_gj.9;100.00;wu_as_to_gj.9;0;649.06;0.84;0.00;29.14;car;;1;18.00
706.00;45494495_0;58.90;8.97;526.00;0.44;-230845886_0;5.10;0.00;tripinfo_wu_ba_to_os.9;180.00;wu_ba_to_os.9;0;1647.96;0.91;0.00;15.50;car;;0;0.00
716.00;972103805_0;116.86;9.86;438.00;2.07;803785575#0_0;5.10;0.00;tripinfo_wu_od_to_ko.16;278.00;wu_od_to_ko.16;0;2307.67;0.94;0.00;43.63;car;;1;19.00
716.00;28716808#1_0;754.74;10.45;441.00;2.58;803785575#0_0;5.10;0.00;tripinfo_wu_od_to_kl.6;275.00;wu_od_to_kl.6;0;2678.40;0.95;0.00;21.47;car;;0;0.00
717.00;23142338#2_0;290.21;10.48;496.00;0.27;23687583_0;5.10;0.00;tripinfo_wu_as_to_ns.3;221.00;wu_as_to_ns.3;0;1995.73;0.96;0.00;32.00;car;;1;7.00
719.00;23156030#6_0;109.07;12.35;479.00;0.07;-230845886_0;5.10;0.00;tripinfo_wu_ba_to_od.7;240.00;wu_ba_to_od.7;0;2315.50;1.14;0.00;57.60;car;;0;0.00
720.00;23156305_0;1264.14;10.60;333.00;10.18;803785575#0_0;5.10;0.00;tripinfo_wu_od_to_gg.7;387.00;wu_od_to_gg.7;0;3669.96;1.00;0.00;53.33;car;;0;0.00
721.00;23527526_0;253.75;10.45;639.00;0.11;23687583_0;5.10;0.00;tripinfo_wu_as_to_gj.10;82.00;wu_as_to_gj.10;0;649.06;0.98;0.00;21.51;car;;1;8.00
723.00;41899283#1_0;148.70;12.74;591.00;1.92;-230845886_0;5.10;0.00;tripinfo_wu_ba_to_as.9;132.00;wu_ba_to_as.9;0;1430.78;1.17;0.00;21.24;car;;0;0.00
727.00;45494495_0;58.90;9.66;545.00;0.98;23687583_0;5.10;0.00;tripinfo_wu_as_to_os.11;182.00;wu_as_to_os.11;0;1689.77;0.93;0.00;17.50;car;;0;0.00
729.00;972103805_0;116.86;7.52;423.00;0.04;-230845886_0;5.10;0.00;tripinfo_wu_ba_to_ko.16;306.00;wu_ba_to_ko.16;0;2114.29;0.77;0.00;57.59;car;;3;21.00
729.00;45494495_0;58.90;10.44;547.00;0.39;-230845886_0;5.10;0.00;tripinfo_wu_ba_to_os.10;182.00;wu_ba_to_os.10;0;1647.96;1.04;0.00;38.21;car;;1;1.00
730.00;23527526_0;253.75;11.04;544.00;2.71;-230845886_0;5.10;0.00;tripinfo_wu_ba_to_gj.10;186.00;wu_ba_to_gj.10;0;1755.68;1.09;0.00;39.78;car;;1;2.00
730.00;41899283#1_0;148.70;11.08;596.00;0.21;-230845886_0;5.10;0.00;tripinfo_wu_ba_to_as.10;134.00;wu_ba_to_as.10;0;1430.78;1.08;0.00;14.56;car;;0;0.00
731.00;972103805_0;116.86;10.59;450.00;3.11;-230845886_0;5.10;0.00;tripinfo_wu_ba_to_ko.17;281.00;wu_ba_to_ko.17;0;2114.29;1.05;0.00;97.49;car;;3;15.00
733.00;972103805_0;116.86;10.05;494.00;3.56;-230845886_0;5.10;0.00;tripinfo_wu_ba_to_ko.18;239.00;wu_ba_to_ko.18;0;2114.29;0.91;0.00;26.87;car;;1;2.00
735.00;23156390_0;1121.44;9.15;383.00;0.24;803785575#0_0;5.10;0.00;tripinfo_wu_od_to_br.5;352.00;wu_od_to_br.5;0;3149.31;0.88;0.00;29.31;car;;0;0.00
735.00;972103805_0;116.86;9.19;575.00;0.85;-23142338#2_0;5.10;0.00;tripinfo_wu_ns_to_ko.18;160.00;wu_ns_to_ko.18;0;1398.55;0.94;0.00;26.10;car;;2;6.00
738.00;23142338#2_0;290.21;11.96;519.00;0.99;23687583_0;5.10;0.00;tripinfo_wu_as_to_ns.4;219.00;wu_as_to_ns.4;0;1995.73;1.17;0.00;63.23;car;;3;33.00
738.00;28706217_0;94.10;7.74;533.00;0.45;-23142338#2_0;5.10;0.00;tripinfo_wu_ns_to_sl.0;205.00;wu_ns_to_sl.0;0;1619.36;0.99;0.00;39.93;car;;1;17.00
742.00;972103805_0;116.86;9.88;488.00;3.26;803785575#0_0;5.10;0.00;tripinfo_wu_od_to_ko.17;254.00;wu_od_to_ko.17;0;2307.67;0.98;0.00;30.65;car;;1;7.00
744.00;972103805_0;116.86;11.97;491.00;2.40;803785575#0_0;5.10;0.00;tripinfo_wu_od_to_ko.18;253.00;wu_od_to_ko.18;0;2307.67;1.10;0.00;53.04;car;;1;6.00
746.00;23527526_0;253.75;9.44;675.00;2.30;23687583_0;5.10;0.00;tripinfo_wu_as_to_gj.11;71.00;wu_as_to_gj.11;0;649.06;0.94;0.00;8.44;car;;0;0.00
747.00;41899283#1_0;148.70;10.32;599.00;3.00;-230845886_0;5.10;0.00;tripinfo_wu_ba_to_as.11;148.00;wu_ba_to_as.11;0;1430.78;0.96;0.00;12.91;car;;0;0.00
751.00;23156390_0;1121.44;9.93;408.00;0.42;803785575#0_0;5.10;0.00;tripinfo_wu_od_to_br.6;343.00;wu_od_to_br.6;0;3149.31;0.98;0.00;50.23;car;;0;0.00
752.00;23156390_0;1121.44;11.90;418.00;0.71;803785575#0_0;5.10;0.00;tripinfo_wu_od_to_br.7;334.00;wu_od_to_br.7;0;3149.31;1.08;0.00;69.46;car;;0;0.00
752.00;23156030#6_0;109.07;10.71;503.00;0.88;-230845886_0;5.10;0.00;tripinfo_wu_ba_to_od.8;249.00;wu_ba_to_od.8;0;2315.50;1.03;0.00;45.50;car;;1;14.00
754.00;972103805_0;116.86;11.03;608.00;2.37;23687583_0;5.10;0.00;tripinfo_wu_as_to_ko.23;146.00;wu_as_to_ko.23;0;1102.39;1.02;0.00;48.31;car;;2;30.00
756.00;45494495_0;58.90;10.03;583.00;0.53;-230845886_0;5.10;0.00;tripinfo_wu_ba_to_os.11;173.00;wu_ba_to_os.11;0;1647.96;1.01;0.00;24.91;car;;0;0.00
757.00;972103805_0;116.86;10.32;497.00;0.02;-230845886_0;5.10;0.00;tripinfo_wu_ba_to_ko.19;260.00;wu_ba_to_ko.19;0;2114.29;1.04;0.00;75.53;car;;2;17.00
758.00;23156030#6_0;109.07;10.56;665.00;0.13;-45494495_0;5.10;0.00;tripinfo_wu_os_to_od.8;93.00;wu_os_to_od.8;0;865.51;1.00;0.00;14.43;car;;1;1.00
759.00;230845886_0;633.12;7.90;450.00;2.81;803785575#0_0;5.10;0.00;tripinfo_wu_od_to_ba.14;309.00;wu_od_to_ba.14;0;2382.14;0.79;0.00;35.97;car;;1;6.00
760.00;41899283#1_0;148.70;11.78;507.00;0.86;803785575#0_0;5.10;0.00;tripinfo_wu_od_to_as.8;253.00;wu_od_to_as.8;0;2382.09;1.10;0.00;56.92;car;;1;1.00
761.00;230845886_0;633.12;10.68;594.00;0.95;23687583_0;5.10;0.00;tripinfo_wu_as_to_ba.9;167.00;wu_as_to_ba.9;0;1356.50;0.98;0.00;42.57;car;;1;6.00
763.00;230845886_0;633.12;9.26;478.00;1.96;803785575#0_0;5.10;0.00;tripinfo_wu_od_to_ba.15;285.00;wu_od_to_ba.15;0;2382.14;0.95;0.00;57.35;car;;2;8.00
763.00;23156030#6_0;109.07;8.60;655.00;0.71;-45494495_0;5.10;0.00;tripinfo_wu_os_to_od.7;108.00;wu_os_to_od.7;0;865.51;0.88;0.00;19.16;car;;1;6.00
764.00;972103805_0;116.86;9.77;605.00;0.47;-23142338#2_0;5.10;0.00;tripinfo_wu_ns_to_ko.19;159.00;wu_ns_to_ko.19;0;1398.55;0.95;0.00;25.95;car;;2;3.00
765.00;23527526_0;253.75;9.82;563.00;2.90;-230845886_0;5.10;0.00;tripinfo_wu_ba_to_gj.11;202.00;wu_ba_to_gj.11;0;1755.68;0.96;0.00;36.97;car;;1;9.00
766.00;23142338#2_0;290.21;9.63;527.00;0.12;803785575#0_0;5.10;0.00;tripinfo_wu_od_to_ns.5;239.00;wu_od_to_ns.5;0;1928.29;0.94;0.00;41.92;car;;1;17.00
767.00;972103805_0;116.86;10.25;608.00;0.79;-23142338#2_0;5.10;0.00;tripinfo_wu_ns_to_ko.20;159.00;wu_ns_to_ko.20;0;1398.55;0.96;0.00;26.32;car;;1;2.00
769.00;972103805_0;116.86;10.77;490.00;0.15;-45494495_0;5.10;0.00;tripinfo_wu_os_to_ko.6;279.00;wu_os_to_ko.6;0;2045.29;1.07;0.00;94.86;car;;3;59.00
783.00;23156305_0;1264.14;10.01;437.00;0.57;-45494495_0;5.10;0.00;tripinfo_wu_os_to_gg.1;346.00;wu_os_to_gg.1;0;3034.34;0.93;0.00;50.71;car;;3;8.00
783.00;41899283#1_0;148.70;10.14;550.00;0.47;-23142338#2_0;5.10;0.00;tripinfo_wu_ns_to_as.2;233.00;wu_ns_to_as.2;0;2009.37;0.95;0.00;40.80;car;;2;13.00
786.00;23142338#2_0;290.21;11.95;541.00;3.43;-230845886_0;5.10;0.00;tripinfo_wu_ba_to_ns.4;245.00;wu_ba_to_ns.4;0;2346.36;1.15;0.00;59.39;car;;2;7.00
788.00;41899283#1_0;148.70;11.17;559.00;0.02;803785575#0_0;5.10;0.00;tripinfo_wu_od_to_as.9;229.00;wu_od_to_as.9;0;2382.09;1.03;0.00;19.01;car;;0;0.00
790.00;28706217_0;94.10;6.68;529.00;2.70;-230845886_0;5.10;0.00;tripinfo_wu_ba_to_sl.5;261.00;wu_ba_to_sl.5;0;1934.94;0.83;0.00;43.95;car;;1;18.00
792.00;28706217_0;94.10;8.38;557.00;2.94;-230845886_0;5.10;0.00;tripinfo_wu_ba_to_sl.6;235.00;wu_ba_to_sl.6;0;1934.94;1.03;0.00;59.89;car;;2;18.00
793.00;28716808#1_0;754.74;12.64;494.00;2.41;803785575#0_0;5.10;0.00;tripinfo_wu_od_to_kl.7;299.00;wu_od_to_kl.7;0;2678.40;1.17;0.00;91.86;car;;4;20.00
795.00;23156390_0;1121.44;10.20;456.00;7.34;803785575#0_0;5.10;0.00;tripinfo_wu_od_to_br.8;339.00;wu_od_to_br.8;0;3149.31;0.94;0.00;33.72;car;;1;3.00
795.00;23156030#6_0;109.07;9.05;509.00;0.92;-230845886_0;5.10;0.00;tripinfo_wu_ba_to_od.9;286.00;wu_ba_to_od.9;0;2315.50;0.85;0.00;38.65;car;;2;10.00
802.00;972103805_0;116.86;10.65;558.00;0.91;-45494495_0;5.10;0.00;tripinfo_wu_os_to_ko.7;244.00;wu_os_to_ko.7;0;2045.29;0.99;0.00;47.11;car;;2;17.00
808.00;23527526_0;253.75;10.44;624.00;0.58;-230845886_0;5.10;0.00;tripinfo_wu_ba_to_gj.12;184.00;wu_ba_to_gj.12;0;1755.68;0.94;0.00;15.60;car;;0;0.00
810.00;45494495_0;58.90;10.94;593.00;0.90;-23142338#2_0;5.10;0.00;tripinfo_wu_ns_to_os.1;217.00;wu_ns_to_os.1;0;1865.82;1.00;0.00;47.70;car;;2;18.00
813.00;23156030#6_0;109.07;9.95;554.00;0.75;-230845886_0;5.10;0.00;tripinfo_wu_ba_to_od.10;259.00;wu_ba_to_od.10;0;2315.50;0.99;0.00;48.34;car;;2;18.00
814.00;23527526_0;253.75;12.97;668.00;0.59;-230845886_0;5.10;0.00;tripinfo_wu_ba_to_gj.13;146.00;wu_ba_to_gj.13;0;1755.68;1.26;0.00;18.53;car;;0;0.00
814.00;45494495_0;58.90;9.59;711.00;0.69;803785575#0_0;5.10;0.00;tripinfo_wu_od_to_os.16;103.00;wu_od_to_os.16;0;969.96;0.97;0.00;12.13;car;;0;0.00
815.00;28706217_0;94.10;7.25;564.00;0.89;23687583_0;5.10;0.00;tripinfo_wu_as_to_sl.10;251.00;wu_as_to_sl.10;0;1976.75;0.91;0.00;49.75;car;;3;22.00
817.00;972103805_0;116.86;9.00;538.00;0.89;-230845886_0;5.10;0.00;tripinfo_wu_ba_to_ko.20;279.00;wu_ba_to_ko.20;0;2114.29;0.83;0.00;45.97;car;;1;20.00
817.00;41899283#1_0;148.70;11.74;673.00;0.94;-230845886_0;5.10;0.00;tripinfo_wu_ba_to_as.12;144.00;wu_ba_to_as.12;0;1430.78;1.08;0.00;23.87;car;;1;4.00
819.00;972103805_0;116.86;11.28;566.00;4.21;-230845886_0;5.10;0.00;tripinfo_wu_ba_to_ko.21;253.00;wu_ba_to_ko.21;0;2114.29;1.02;0.00;65.22;car;;2;21.00
820.00;28706217_0;94.10;8.09;602.00;1.60;-230845886_0;5.10;0.00;tripinfo_wu_ba_to_sl.7;218.00;wu_ba_to_sl.7;0;1934.94;1.08;0.00;52.08;car;;2;18.00
821.00;972103805_0;116.86;10.45;569.00;7.05;-230845886_0;5.10;0.00;tripinfo_wu_ba_to_ko.22;252.00;wu_ba_to_ko.22;0;2114.29;1.03;0.00;64.55;car;;2;17.00
822.00;45494495_0;58.90;9.97;649.00;0.24;-230845886_0;5.10;0.00;tripinfo_wu_ba_to_os.12;173.00;wu_ba_to_os.12;0;1647.96;0.94;0.00;14.75;car;;0;0.00
823.00;972103805_0;116.86;9.87;659.00;0.71;-23142338#2_0;5.10;0.00;tripinfo_wu_ns_to_ko.21;164.00;wu_ns_to_ko.21;0;1398.55;1.00;0.00;37.80;car;;2;18.00
823.00;28706217_0;94.10;8.52;759.00;3.62;-45494495_0;5.10;0.00;tripinfo_wu_os_to_sl.4;64.00;wu_os_to_sl.4;0;484.95;1.03;0.00;16.10;car;;0;0.00
825.00;972103805_0;116.86;11.80;677.00;0.53;-23142338#2_0;5.10;0.00;tripinfo_wu_ns_to_ko.22;148.00;wu_ns_to_ko.22;0;1398.55;1.07;0.00;30.25;car;;1;7.00
827.00;972103805_0;116.86;10.95;680.00;3.08;-23142338#2_0;5.10;0.00;tripinfo_wu_ns_to_ko.23;147.00;wu_ns_to_ko.23;0;1398.55;1.08;0.00;30.33;car;;1;7.00
828.00;23142338#2_0;290.21;9.97;588.00;0.09;803785575#0_0;5.10;0.00;tripinfo_wu_od_to_ns.6;240.00;wu_od_to_ns.6;0;1928.29;0.96;0.00;45.93;car;;1;10.00
829.00;28716808#1_0;754.74;9.33;597.00;0.03;-45494495_0;5.10;0.00;tripinfo_wu_os_to_kl.3;232.00;wu_os_to_kl.3;0;2042.78;0.91;0.00;28.87;car;;1;5.00
833.00;45494495_0;58.90;10.46;738.00;0.58;803785575#0_0;5.10;0.00;tripinfo_wu_od_to_os.17;95.00;wu_od_to_os.17;0;969.96;1.00;0.00;7.67;car;;0;0.00
837.00;23142338#2_0;290.21;10.63;600.00;3.98;23687583_0;5.10;0.00;tripinfo_wu_as_to_ns.5;237.00;wu_as_to_ns.5;0;1995.73;0.96;0.00;48.36;car;;1;14.00
838.00;230845886_0;633.12;10.61;602.00;0.89;803785575#0_0;5.10;0.00;tripinfo_wu_od_to_ba.16;236.00;wu_od_to_ba.16;0;2382.14;0.99;0.00;19.22;car;;0;0.00
838.00;23156030#6_0;109.07;10.62;756.00;1.31;-45494495_0;5.10;0.00;tripinfo_wu_os_to_od.9;82.00;wu_os_to_od.9;0;865.51;1.05;0.00;7.91;car;;0;0.00
843.00;972103805_0;116.86;11.93;575.00;0.73;-230845886_0;5.10;0.00;tripinfo_wu_ba_to_ko.23;268.00;wu_ba_to_ko.23;0;2114.29;1.11;0.00;95.75;car;;3;35.00
843.00;230845886_0;633.12;10.76;668.00;1.33;-45494495_0;5.10;0.00;tripinfo_wu_os_to_ba.1;175.00;wu_os_to_ba.1;0;1746.52;0.99;0.00;16.31;car;;0;0.00
845.00;230845886_0;633.12;10.11;675.00;0.58;-45494495_0;5.10;0.00;tripinfo_wu_os_to_ba.2;170.00;wu_os_to_ba.2;0;1746.52;1.02;0.00;15.93;car;;0;0.00
847.00;41899283#1_0;148.70;12.12;694.00;0.72;-230845886_0;5.10;0.00;tripinfo_wu_ba_to_as.13;153.00;wu_ba_to_as.13;0;1430.78;1.11;0.00;35.77;car;;0;0.00
848.00;28716808#1_0;754.74;9.39;569.00;0.68;-23142338#2_0;5.10;0.00;tripinfo_wu_ns_to_kl.1;279.00;wu_ns_to_kl.1;0;2315.58;0.88;0.00;41.80;car;;2;12.00
848.00;972103805_0;116.86;10.10;588.00;0.92;-230845886_0;5.10;0.00;tripinfo_wu_ba_to_ko.24;260.00;wu_ba_to_ko.24;0;2114.29;0.98;0.00;62.54;car;;2;27.00
850.00;41899283#1_0;148.70;11.40;697.00;3.43;-230845886_0;5.10;0.00;tripinfo_wu_ba_to_as.14;153.00;wu_ba_to_as.14;0;1430.78;1.11;0.00;35.72;car;;0;0.00
851.00;23156305_0;1264.14;8.04;398.00;0.05;803785575#0_0;5.10;0.00;tripinfo_wu_od_to_gg.8;453.00;wu_od_to_gg.8;0;3669.96;0.80;0.00;38.66;car;;0;0.00
852.00;23156305_0;1264.14;11.26;459.00;9.81;803785575#0_0;5.10;0.00;tripinfo_wu_od_to_gg.9;393.00;wu_od_to_gg.9;0;3669.96;1.20;0.00;116.19;car;;0;0.00
854.00;23156305_0;1264.14;11.18;476.00;0.09;-23142338#2_0;5.10;0.00;tripinfo_wu_ns_to_gg.2;378.00;wu_ns_to_gg.2;0;3297.24;1.03;0.00;86.46;car;;1;16.00
856.00;23156390_0;1121.44;10.28;475.00;0.56;803785575#0_0;5.10;0.00;tripinfo_wu_od_to_br.9;381.00;wu_od_to_br.9;0;3149.31;0.94;0.00;75.83;car;;4;23.00
856.00;23156305_0;1264.14;13.20;678.00;2.39;23687583_0;5.10;0.00;tripinfo_wu_as_to_gg.3;178.00;wu_as_to_gg.3;0;1600.87;1.26;0.00;61.88;car;;0;0.00
858.00;23156305_0;1264.14;10.31;560.00;4.31;-230845886_0;5.10;0.00;tripinfo_wu_ba_to_gg.6;298.00;wu_ba_to_gg.6;0;2718.65;0.95;0.00;38.12;car;;1;1.00
859.00;23142338#2_0;290.21;9.07;605.00;0.84;-230845886_0;5.10;0.00;tripinfo_wu_ba_to_ns.5;254.00;wu_ba_to_ns.5;0;2346.36;0.91;0.00;19.37;car;;0;0.00
860.00;28716808#1_0;754.74;8.88;629.00;0.21;-45494495_0;5.10;0.00;tripinfo_wu_os_to_kl.4;231.00;wu_os_to_kl.4;0;2042.78;0.90;0.00;24.58;car;;0;0.00
861.00;23142338#2_0;290.21;11.09;615.00;4.01;23687583_0;5.10;0.00;tripinfo_wu_as_to_ns.6;246.00;wu_as_to_ns.6;0;1995.73;1.11;0.00;81.42;car;;3;40.00
863.00;45494495_0;58.90;8.24;612.00;2.21;23687583_0;5.10;0.00;tripinfo_wu_as_to_os.12;251.00;wu_as_to_os.12;0;1689.77;0.81;0.00;62.37;car;;3;33.00
865.00;45494495_0;58.90;11.11;672.00;5.03;23687583_0;5.10;0.00;tripinfo_wu_as_to_os.13;193.00;wu_as_to_os.13;0;1689.77;1.17;0.00;62.15;car;;0;0.00
866.00;230845886_0;633.12;9.87;716.00;0.06;23687583_0;5.10;0.00;tripinfo_wu_as_to_ba.10;150.00;wu_as_to_ba.10;0;1356.50;0.94;0.00;20.40;car;;1;7.00
873.00;972103805_0;116.86;11.27;757.00;0.28;23687583_0;5.10;0.00;tripinfo_wu_as_to_ko.24;116.00;wu_as_to_ko.24;0;1102.39;1.08;0.00;23.25;car;;1;6.00
876.00;23156305_0;1264.14;10.71;544.00;1.70;-45494495_0;5.10;0.00;tripinfo_wu_os_to_gg.2;332.00;wu_os_to_gg.2;0;3034.34;1.07;0.00;74.36;car;;3;13.00
877.00;23156305_0;1264.14;13.60;639.00;0.19;-230845886_0;5.10;0.00;tripinfo_wu_ba_to_gg.7;238.00;wu_ba_to_gg.7;0;2718.65;1.26;0.00;40.45;car;;1;2.00
879.00;972103805_0;116.86;8.73;642.00;1.45;-230845886_0;5.10;0.00;tripinfo_wu_ba_to_ko.25;237.00;wu_ba_to_ko.25;0;2114.29;0.89;0.00;21.49;car;;0;0.00
879.00;28706217_0;94.10;7.53;820.00;0.12;-45494495_0;5.10;0.00;tripinfo_wu_os_to_sl.5;59.00;wu_os_to_sl.5;0;484.95;1.02;0.00;10.27;car;;0;0.00
882.00;41899283#1_0;148.70;9.76;628.00;0.52;803785575#0_0;5.10;0.00;tripinfo_wu_od_to_as.10;254.00;wu_od_to_as.10;0;2382.09;1.00;0.00;37.82;car;;1;4.00
883.00;230845886_0;633.12;9.36;732.00;0.94;23687583_0;5.10;0.00;tripinfo_wu_as_to_ba.11;151.00;wu_as_to_ba.11;0;1356.50;0.88;0.00;11.97;car;;0;0.00
886.00;972103805_0;116.86;9.07;573.00;0.77;803785575#0_0;5.10;0.00;tripinfo_wu_od_to_ko.19;313.00;wu_od_to_ko.19;0;2307.67;0.83;0.00;49.40;car;;2;15.00
886.00;45494495_0;58.90;10.90;791.00;0.11;803785575#0_0;5.10;0.00;tripinfo_wu_od_to_os.18;95.00;wu_od_to_os.18;0;969.96;1.02;0.00;8.98;car;;0;0.00
888.00;972103805_0;116.86;9.60;710.00;0.73;-23142338#2_0;5.10;0.00;tripinfo_wu_ns_to_ko.24;178.00;wu_ns_to_ko.24;0;1398.55;0.90;0.00;38.07;car;;2;15.00
889.00;41899283#1_0;148.70;9.41;736.00;0.89;-230845886_0;5.10;0.00;tripinfo_wu_ba_to_as.15;153.00;wu_ba_to_as.15;0;1430.78;0.96;0.00;17.88;car;;0;0.00
891.00;23156390_0;1121.44;8.29;485.00;0.57;803785575#0_0;5.10;0.00;tripinfo_wu_od_to_br.10;406.00;wu_od_to_br.10;0;3149.31;0.84;0.00;65.41;car;;3;18.00
892.00;23156390_0;1121.44;10.47;564.00;0.67;803785575#0_0;5.10;0.00;tripinfo_wu_od_to_br.11;328.00;wu_od_to_br.11;0;3149.31;1.04;0.00;53.29;car;;1;4.00
893.00;23156305_0;1264.14;11.30;745.00;0.38;23687583_0;5.10;0.00;tripinfo_wu_as_to_gg.4;148.00;wu_as_to_gg.4;0;1600.87;1.07;0.00;13.20;car;;0;0.00
894.00;23156390_0;1121.44;12.86;618.00;0.43;803785575#0_0;5.10;0.00;tripinfo_wu_od_to_br.12;276.00;wu_od_to_br.12;0;3149.31;1.23;0.00;43.32;car;;0;0.00
900.00;23156030#6_0;109.07;11.31;646.00;1.30;23687583_0;5.10;0.00;tripinfo_wu_as_to_od.6;254.00;wu_as_to_od.6;0;2357.31;1.12;0.00;64.86;car;;3;22.00
902.00;23156030#6_1;109.07;11.34;803.00;1.17;-45494495_0;5.10;0.00;tripinfo_wu_os_to_od.10;99.00;wu_os_to_od.10;0;865.51;1.13;0.00;29.35;car;;1;13.00
904.00;230845886_0;633.12;9.49;751.00;2.45;23687583_0;5.10;0.00;tripinfo_wu_as_to_ba.12;153.00;wu_as_to_ba.12;0;1356.50;0.87;0.00;12.30;car;;0;0.00
905.00;28706217_0;94.10;8.46;664.00;0.54;23687583_0;5.10;0.00;tripinfo_wu_as_to_sl.11;241.00;wu_as_to_sl.11;0;1976.75;1.09;0.00;72.89;car;;1;2.00
911.00;23156305_0;1264.14;12.12;579.00;0.37;803785575#0_0;5.10;0.00;tripinfo_wu_od_to_gg.10;332.00;wu_od_to_gg.10;0;3669.96;1.15;0.00;41.20;car;;1;4.00
911.00;28706217_0;94.10;7.89;681.00;1.78;23687583_0;5.10;0.00;tripinfo_wu_as_to_sl.13;230.00;wu_as_to_sl.13;0;1976.75;1.07;0.00;57.71;car;;2;2.00
912.00;23527526_0;253.75;8.28;690.00;0.63;-230845886_0;5.10;0.00;tripinfo_wu_ba_to_gj.14;222.00;wu_ba_to_gj.14;0;1755.68;0.78;0.00;19.00;car;;0;0.00
914.00;23527526_0;253.75;9.14;707.00;0.35;-230845886_0;5.10;0.00;tripinfo_wu_ba_to_gj.15;207.00;wu_ba_to_gj.15;0;1755.68;0.88;0.00;26.01;car;;0;0.00
915.00;972103805_0;116.86;8.61;635.00;0.22;803785575#0_0;5.10;0.00;tripinfo_wu_od_to_ko.20;280.00;wu_od_to_ko.20;0;2307.67;0.88;0.00;31.83;car;;1;4.00
916.00;230845886_0;633.12;9.21;725.00;0.05;-45494495_0;5.10;0.00;tripinfo_wu_os_to_ba.3;191.00;wu_os_to_ba.3;0;1746.52;0.91;0.00;15.98;car;;0;0.00
916.00;23527526_0;253.75;11.68;829.00;2.30;23687583_0;5.10;0.00;tripinfo_wu_as_to_gj.12;87.00;wu_as_to_gj.12;0;649.06;1.12;0.00;33.82;car;;1;7.00
918.00;972103805_0;116.86;10.04;742.00;0.04;-23142338#2_0;5.10;0.00;tripinfo_wu_ns_to_ko.25;176.00;wu_ns_to_ko.25;0;1398.55;0.95;0.00;43.14;car;;2;19.00
922.00;23156030#6_0;109.07;8.05;597.00;2.39;23687583_0;5.10;0.00;tripinfo_wu_as_to_od.4;325.00;wu_as_to_od.4;0;2357.31;0.76;0.00;45.92;car;;1;16.00
922.00;23527526_0;253.75;9.66;611.00;0.72;803785575#0_0;5.10;0.00;tripinfo_wu_od_to_gj.2;311.00;wu_od_to_gj.2;0;2706.99;0.89;0.00;35.56;car;;1;6.00
924.00;23527526_0;253.75;11.51;638.00;1.10;803785575#0_0;5.10;0.00;tripinfo_wu_od_to_gj.3;286.00;wu_od_to_gj.3;0;2706.99;1.09;0.00;61.02;car;;1;4.00
925.00;23142338#2_0;290.21;10.19;701.00;0.71;23687583_0;5.10;0.00;tripinfo_wu_as_to_ns.7;224.00;wu_as_to_ns.7;0;1995.73;1.01;0.00;44.04;car;;2;17.00
926.00;23142338#2_0;290.21;11.53;723.00;1.57;23687583_0;5.10;0.00;tripinfo_wu_as_to_ns.8;203.00;wu_as_to_ns.8;0;1995.73;1.06;0.00;32.31;car;;1;5.00
926.00;23527526_0;253.75;10.38;832.00;2.41;23687583_0;5.10;0.00;tripinfo_wu_as_to_gj.13;94.00;wu_as_to_gj.13;0;649.06;0.96;0.00;32.60;car;;2;13.00
934.00;972103805_0;116.86;10.76;725.00;0.79;-230845886_0;5.10;0.00;tripinfo_wu_ba_to_ko.26;209.00;wu_ba_to_ko.26;0;2114.29;1.04;0.00;24.40;car;;0;0.00
936.00;28706217_0;94.10;7.48;667.00;1.23;23687583_0;5.10;0.00;tripinfo_wu_as_to_sl.12;269.00;wu_as_to_sl.12;0;1976.75;0.92;0.00;70.44;car;;1;19.00
936.00;23156390_0;1121.44;9.99;765.00;1.92;23687583_0;5.10;0.00;tripinfo_wu_as_to_br.3;171.00;wu_as_to_br.3;0;1694.48;1.01;0.00;20.16;car;;0;0.00
937.00;23156030#6_0;109.07;10.26;643.00;2.14;23687583_0;5.10;0.00;tripinfo_wu_as_to_od.5;294.00;wu_as_to_od.5;0;2357.31;0.95;0.00;69.47;car;;3;17.00
937.00;23156030#6_1;109.07;11.04;854.00;0.99;-45494495_0;5.10;0.00;tripinfo_wu_os_to_od.11;83.00;wu_os_to_od.11;0;865.51;1.04;0.00;7.52;car;;0;0.00
939.00;972103805_0;116.86;9.60;810.00;0.90;23687583_0;5.10;0.00;tripinfo_wu_as_to_ko.25;129.00;wu_as_to_ko.25;0;1102.39;0.93;0.00;21.12;car;;1;7.00
942.00;28716808#1_0;754.74;9.82;670.00;0.45;803785575#0_0;5.10;0.00;tripinfo_wu_od_to_kl.8;272.00;wu_od_to_kl.8;0;2678.40;0.97;0.00;22.41;car;;0;0.00
946.00;972103805_0;116.86;8.91;641.00;0.61;803785575#0_0;5.10;0.00;tripinfo_wu_od_to_ko.21;305.00;wu_od_to_ko.21;0;2307.67;0.86;0.00;49.01;car;;2;18.00
948.00;972103805_0;116.86;10.06;653.00;0.46;803785575#0_0;5.10;0.00;tripinfo_wu_od_to_ko.22;295.00;wu_od_to_ko.22;0;2307.67;0.97;0.00;69.60;car;;2;14.00
949.00;23142338#2_0;290.21;11.90;748.00;1.95;23687583_0;5.10;0.00;tripinfo_wu_as_to_ns.9;201.00;wu_as_to_ns.9;0;1995.73;1.12;0.00;38.58;car;;1;18.00
950.00;45494495_0;58.90;10.47;778.00;0.78;23687583_0;5.10;0.00;tripinfo_wu_as_to_os.15;172.00;wu_as_to_os.15;0;1689.77;1.04;0.00;24.90;car;;1;7.00
951.00;972103805_0;116.86;8.40;657.00;0.84;803785575#0_0;5.10;0.00;tripinfo_wu_od_to_ko.23;294.00;wu_od_to_ko.23;0;2307.67;0.87;0.00;42.90;car;;1;5.00
953.00;972103805_0;116.86;10.18;660.00;1.53;803785575#0_0;5.10;0.00;tripinfo_wu_od_to_ko.24;293.00;wu_od_to_ko.24;0;2307.67;0.93;0.00;56.85;car;;1;5.00
953.00;230845886_0;633.12;8.37;784.00;0.17;23687583_0;5.10;0.00;tripinfo_wu_as_to_ba.13;169.00;wu_as_to_ba.13;0;1356.50;0.79;0.00;14.31;car;;0;0.00
955.00;230845886_0;633.12;12.17;703.00;0.98;803785575#0_0;5.10;0.00;tripinfo_wu_od_to_ba.17;252.00;wu_od_to_ba.17;0;2382.14;1.10;0.00;55.64;car;;1;3.00
955.00;45494495_0;58.90;8.63;762.00;0.03;23687583_0;5.10;0.00;tripinfo_wu_as_to_os.14;193.00;wu_as_to_os.14;0;1689.77;0.88;0.00;19.84;car;;0;0.00
955.00;972103805_0;116.86;11.92;781.00;0.64;-23142338#2_0;5.10;0.00;tripinfo_wu_ns_to_ko.26;174.00;wu_ns_to_ko.26;0;1398.55;1.13;0.00;61.33;car;;2;18.00
956.00;23527526_0;253.75;10.13;889.00;1.06;23687583_0;5.10;0.00;tripinfo_wu_as_to_gj.14;67.00;wu_as_to_gj.14;0;649.06;0.99;0.00;7.46;car;;0;0.00
957.00;972103805_0;116.86;10.83;786.00;2.00;-23142338#2_0;5.10;0.00;tripinfo_wu_ns_to_ko.27;171.00;wu_ns_to_ko.27;0;1398.55;1.02;0.00;46.64;car;;2;11.00
959.00;972103805_0;116.86;11.00;697.00;0.89;-45494495_0;5.10;0.00;tripinfo_wu_os_to_ko.8;262.00;wu_os_to_ko.8;0;2045.29;1.03;0.00;71.83;car;;2;17.00
962.00;23156030#6_0;109.07;10.20;721.00;0.23;-230845886_0;5.10;0.00;tripinfo_wu_ba_to_od.11;241.00;wu_ba_to_od.11;0;2315.50;1.02;0.00;35.17;car;;1;7.00
965.00;23156390_0;1121.44;9.96;621.00;0.70;803785575#0_0;5.10;0.00;tripinfo_wu_od_to_br.13;344.00;wu_od_to_br.13;0;3149.31;0.94;0.00;40.04;car;;1;5.00
967.00;23156305_0;1264.14;9.54;582.00;0.44;803785575#0_0;5.10;0.00;tripinfo_wu_od_to_gg.11;385.00;wu_od_to_gg.11;0;3669.96;0.94;0.00;31.50;car;;0;0.00
967.00;41899283#1_0;148.70;10.93;830.00;3.30;-230845886_0;5.10;0.00;tripinfo_wu_ba_to_as.16;137.00;wu_ba_to_as.16;0;1430.78;1.07;0.00;16.32;car;;0;0.00
969.00;230845886_0;633.12;8.19;762.00;2.59;-45494495_0;5.10;0.00;tripinfo_wu_os_to_ba.4;207.00;wu_os_to_ba.4;0;1746.52;0.85;0.00;20.32;car;;0;0.00
971.00;230845886_0;633.12;9.56;765.00;0.72;-45494495_0;5.10;0.00;tripinfo_wu_os_to_ba.5;206.00;wu_os_to_ba.5;0;1746.52;0.94;0.00;38.23;car;;0;0.00
973.00;230845886_0;633.12;10.93;806.00;1.53;-45494495_0;5.10;0.00;tripinfo_wu_os_to_ba.6;167.00;wu_os_to_ba.6;0;1746.52;1.06;0.00;17.91;car;;0;0.00
974.00;23527526_0;253.75;10.18;698.00;0.21;803785575#0_0;5.10;0.00;tripinfo_wu_od_to_gj.4;276.00;wu_od_to_gj.4;0;2706.99;1.00;0.00;31.92;car;;1;1.00
976.00;23142338#2_0;290.21;9.65;710.00;0.56;-230845886_0;5.10;0.00;tripinfo_wu_ba_to_ns.6;266.00;wu_ba_to_ns.6;0;2346.36;0.94;0.00;39.60;car;;1;13.00
977.00;23527526_0;253.75;10.86;813.00;0.69;-230845886_0;5.10;0.00;tripinfo_wu_ba_to_gj.16;164.00;wu_ba_to_gj.16;0;1755.68;1.08;0.00;16.54;car;;0;0.00
981.00;28706217_0;94.10;7.40;739.00;3.29;-230845886_0;5.10;0.00;tripinfo_wu_ba_to_sl.8;242.00;wu_ba_to_sl.8;0;1934.94;0.98;0.00;57.93;car;;2;29.00
981.00;23142338#2_0;290.21;11.89;754.00;0.48;23687583_0;5.10;0.00;tripinfo_wu_as_to_ns.10;227.00;wu_as_to_ns.10;0;1995.73;1.09;0.00;60.04;car;;3;27.00
981.00;230845886_0;633.12;11.27;758.00;1.53;803785575#0_0;5.10;0.00;tripinfo_wu_od_to_ba.18;223.00;wu_od_to_ba.18;0;2382.14;1.06;0.00;19.68;car;;0;0.00
983.00;28706217_0;94.10;9.14;772.00;0.88;-230845886_0;5.10;0.00;tripinfo_wu_ba_to_sl.9;211.00;wu_ba_to_sl.9;0;1934.94;1.13;0.00;50.67;car;;2;22.00
984.00;23527526_0;253.75;10.12;914.00;0.17;23687583_0;5.10;0.00;tripinfo_wu_as_to_gj.15;70.00;wu_as_to_gj.15;0;649.06;0.98;0.00;9.81;car;;0;0.00
990.00;45494495_0;58.90;11.47;814.00;0.50;23687583_0;5.10;0.00;tripinfo_wu_as_to_os.16;176.00;wu_as_to_os.16;0;1689.77;1.06;0.00;31.77;car;;2;8.00
994.00;972103805_0;116.86;10.06;859.00;0.62;23687583_0;5.10;0.00;tripinfo_wu_as_to_ko.26;135.00;wu_as_to_ko.26;0;1102.39;1.00;0.00;36.15;car;;1;15.00
996.00;23156030#6_0;109.07;9.99;740.00;0.10;23687583_0;5.10;0.00;tripinfo_wu_as_to_od.7;256.00;wu_as_to_od.7;0;2357.31;0.94;0.00;30.24;car;;1;9.00
999.00;972103805_0;116.86;8.57;729.00;0.98;-230845886_0;5.10;0.00;tripinfo_wu_ba_to_ko.27;270.00;wu_ba_to_ko.27;0;2114.29;0.85;0.00;44.73;car;;1;15.00
1000.00;41899283#1_0;148.70;8.44;750.00;0.17;-23142338#2_0;5.10;0.00;tripinfo_wu_ns_to_as.3;250.00;wu_ns_to_as.3;0;2009.37;0.84;0.00;31.87;car;;1;3.00
1002.00;41899283#1_0;148.70;11.35;856.00;7.57;-230845886_0;5.10;0.00;tripinfo_wu_ba_to_as.17;146.00;wu_ba_to_as.17;0;1430.78;1.09;0.00;27.42;car;;0;0.00
1002.00;23527526_0;253.75;11.46;942.00;0.40;23687583_0;5.10;0.00;tripinfo_wu_as_to_gj.16;60.00;wu_as_to_gj.16;0;649.06;1.14;0.00;8.36;car;;0;0.00
1003.00;23142338#2_0;290.21;10.87;742.00;4.28;-230845886_0;5.10;0.00;tripinfo_wu_ba_to_ns.7;261.00;wu_ba_to_ns.7;0;2346.36;0.99;0.00;47.59;car;;1;15.00
1004.00;972103805_0;116.86;9.42;833.00;0.44;-23142338#2_0;5.10;0.00;tripinfo_wu_ns_to_ko.28;171.00;wu_ns_to_ko.28;0;1398.55;0.93;0.00;36.07;car;;2;14.00
1006.00;972103805_0;116.86;11.05;846.00;0.23;-23142338#2_0;5.10;0.00;tripinfo_wu_ns_to_ko.29;160.00;wu_ns_to_ko.29;0;1398.55;1.05;0.00;39.45;car;;2;9.00
1007.00;23142338#2_0;290.21;10.49;783.00;0.02;803785575#0_0;5.10;0.00;tripinfo_wu_od_to_ns.7;224.00;wu_od_to_ns.7;0;1928.29;0.97;0.00;32.69;car;;1;8.00
1008.00;972103805_0;116.86;11.46;772.00;4.11;803785575#0_0;5.10;0.00;tripinfo_wu_od_to_ko.25;236.00;wu_od_to_ko.25;0;2307.67;1.10;0.00;37.05;car;;1;4.00
1009.00;41899283#1_0;148.70;11.46;862.00;9.11;-230845886_0;5.10;0.00;tripinfo_wu_ba_to_as.18;147.00;wu_ba_to_as.18;0;1430.78;1.13;0.00;32.05;car;;1;1.00
1013.00;28716808#1_0;754.74;10.52;755.00;0.40;803785575#0_0;5.10;0.00;tripinfo_wu_od_to_kl.9;258.00;wu_od_to_kl.9;0;2678.40;1.03;0.00;22.33;car;;0;0.00
1019.00;23156305_0;1264.14;8.05;826.00;0.16;23687583_0;5.10;0.00;tripinfo_wu_as_to_gg.5;193.00;wu_as_to_gg.5;0;1600.87;0.82;0.00;16.59;car;;0;0.00
1025.00;972103805_0;116.86;9.70;779.00;0.87;-230845886_0;5.10;0.00;tripinfo_wu_ba_to_ko.28;246.00;wu_ba_to_ko.28;0;2114.29;0.89;0.00;30.56;car;;1;2.00
1026.00;28706217_0;94.10;6.30;789.00;0.05;-230845886_0;5.10;0.00;tripinfo_wu_ba_to_sl.10;237.00;wu_ba_to_sl.10;0;1934.94;0.91;0.00;39.55;car;;1;17.00
1027.00;972103805_0;116.86;11.79;818.00;0.39;-230845886_0;5.10;0.00;tripinfo_wu_ba_to_ko.29;209.00;wu_ba_to_ko.29;0;2114.29;1.17;0.00;44.81;car;;0;0.00
1027.00;45494495_0;58.90;10.69;841.00;2.88;23687583_0;5.10;0.00;tripinfo_wu_as_to_os.17;186.00;wu_as_to_os.17;0;1689.77;1.02;0.00;35.43;car;;2;10.00
1033.00;972103805_0;116.86;10.78;874.00;0.10;-23142338#2_0;5.10;0.00;tripinfo_wu_ns_to_ko.30;159.00;wu_ns_to_ko.30;0;1398.55;1.02;0.00;34.88;car;;2;15.00
1035.00;972103805_0;116.86;12.08;877.00;0.79;-23142338#2_0;5.10;0.00;tripinfo_wu_ns_to_ko.31;158.00;wu_ns_to_ko.31;0;1398.55;1.11;0.00;44.21;car;;2;14.00
1038.00;45494495_0;58.90;12.16;951.00;0.95;803785575#0_0;5.10;0.00;tripinfo_wu_od_to_os.19;87.00;wu_od_to_os.19;0;969.96;1.11;0.00;8.50;car;;0;0.00
1041.00;28706217_0;94.10;8.73;827.00;0.65;-230845886_0;5.10;0.00;tripinfo_wu_ba_to_sl.11;214.00;wu_ba_to_sl.11;0;1934.94;1.12;0.00;53.46;car;;2;29.00
1047.00;45494495_0;58.90;9.32;866.00;12.23;-230845886_0;5.10;0.00;tripinfo_wu_ba_to_os.13;181.00;wu_ba_to_os.13;0;1647.96;0.91;0.00;16.55;car;;0;0.00
1053.00;45494495_0;58.90;9.36;869.00;4.34;-230845886_0;5.10;0.00;tripinfo_wu_ba_to_os.14;184.00;wu_ba_to_os.14;0;1647.96;0.89;0.00;15.40;car;;0;0.00
1054.00;972103805_0;116.86;10.97;840.00;0.41;-230845886_0;5.10;0.00;tripinfo_wu_ba_to_ko.30;214.00;wu_ba_to_ko.30;0;2114.29;1.03;0.00;27.52;car;;1;3.00
1055.00;23527526_0;253.75;9.55;813.00;3.62;-23142338#2_0;5.10;0.00;tripinfo_wu_ns_to_gj.2;242.00;wu_ns_to_gj.2;0;2084.96;0.87;0.00;24.67;car;;1;1.00
1056.00;23527526_0;253.75;10.14;969.00;0.89;23687583_0;5.10;0.00;tripinfo_wu_as_to_gj.17;87.00;wu_as_to_gj.17;0;649.06;0.97;0.00;25.98;car;;2;8.00
1058.00;23156390_0;1121.44;11.12;760.00;0.64;-23142338#2_0;5.10;0.00;tripinfo_wu_ns_to_br.0;298.00;wu_ns_to_br.0;0;2792.05;1.09;0.00;65.16;car;;1;3.00
1058.00;23527526_0;253.75;10.90;992.00;0.82;23687583_0;5.10;0.00;tripinfo_wu_as_to_gj.18;66.00;wu_as_to_gj.18;0;649.06;1.07;0.00;10.83;car;;0;0.00
1059.00;28716808#1_0;754.74;12.64;955.00;0.84;23687583_0;5.10;0.00;tripinfo_wu_as_to_kl.3;104.00;wu_as_to_kl.3;0;1207.92;1.15;0.00;8.72;car;;0;0.00
1065.00;23142338#2_0;290.21;9.97;807.00;0.09;-230845886_0;5.10;0.00;tripinfo_wu_ba_to_ns.8;258.00;wu_ba_to_ns.8;0;2346.36;0.96;0.00;37.39;car;;1;14.00
1066.00;972103805_0;116.86;8.99;791.00;0.49;-45494495_0;5.10;0.00;tripinfo_wu_os_to_ko.9;275.00;wu_os_to_ko.9;0;2045.29;0.90;0.00;57.31;car;;2;25.00
1066.00;230845886_0;633.12;11.19;870.00;0.40;-45494495_0;5.10;0.00;tripinfo_wu_os_to_ba.7;196.00;wu_os_to_ba.7;0;1746.52;1.05;0.00;45.62;car;;2;17.00
1067.00;972103805_0;116.86;11.10;800.00;0.46;-45494495_0;5.10;0.00;tripinfo_wu_os_to_ko.10;267.00;wu_os_to_ko.10;0;2045.29;1.22;0.00;105.68;car;;3;37.00
1069.00;28706217_0;94.10;6.57;803.00;0.40;23687583_0;5.10;0.00;tripinfo_wu_as_to_sl.14;266.00;wu_as_to_sl.14;0;1976.75;0.94;0.00;70.49;car;;3;39.00
1069.00;972103805_0;116.86;10.95;834.00;0.66;-45494495_0;5.10;0.00;tripinfo_wu_os_to_ko.11;235.00;wu_os_to_ko.11;0;2045.29;1.06;0.00;50.52;car;;2;18.00
1071.00;28706217_0;94.10;6.60;822.00;0.07;23687583_0;5.10;0.00;tripinfo_wu_as_to_sl.15;249.00;wu_as_to_sl.15;0;1976.75;0.93;0.00;52.75;car;;2;22.00
1071.00;23142338#2_0;290.21;11.59;835.00;0.01;23687583_0;5.10;0.00;tripinfo_wu_as_to_ns.11;236.00;wu_as_to_ns.11;0;1995.73;1.08;0.00;67.25;car;;4;29.00
1072.00;41899283#1_0;148.70;11.88;788.00;0.92;803785575#0_0;5.10;0.00;tripinfo_wu_od_to_as.11;284.00;wu_od_to_as.11;0;2382.09;1.12;0.00;91.83;car;;3;21.00
1075.00;23156030#6_0;109.07;12.24;846.00;0.31;-230845886_0;5.10;0.00;tripinfo_wu_ba_to_od.12;229.00;wu_ba_to_od.12;0;2315.50;1.16;0.00;48.03;car;;1;10.00
1076.00;41899283#1_0;148.70;9.57;810.00;0.67;803785575#0_0;5.10;0.00;tripinfo_wu_od_to_as.12;266.00;wu_od_to_as.12;0;2382.09;0.97;0.00;44.63;car;;2;11.00
1082.00;23142338#2_0;290.21;9.38;838.00;0.70;23687583_0;5.10;0.00;tripinfo_wu_as_to_ns.12;244.00;wu_as_to_ns.12;0;1995.73;0.92;0.00;45.67;car;;3;13.00
1083.00;23527526_0;253.75;9.32;891.00;0.90;-230845886_0;5.10;0.00;tripinfo_wu_ba_to_gj.17;192.00;wu_ba_to_gj.17;0;1755.68;0.94;0.00;22.32;car;;1;1.00
1084.00;230845886_0;633.12;9.43;810.00;0.94;-23142338#2_0;5.10;0.00;tripinfo_wu_ns_to_ba.2;274.00;wu_ns_to_ba.2;0;2340.42;0.91;0.00;42.44;car;;3;10.00
1088.00;23156390_0;1121.44;10.26;769.00;2.33;803785575#0_0;5.10;0.00;tripinfo_wu_od_to_br.14;319.00;wu_od_to_br.14;0;3149.31;0.99;0.00;31.49;car;;1;3.00
1089.00;23156305_0;1264.14;9.04;689.00;0.52;803785575#0_0;5.10;0.00;tripinfo_wu_od_to_gg.12;400.00;wu_od_to_gg.12;0;3669.96;0.90;0.00;31.54;car;;0;0.00
1090.00;23156305_0;1264.14;11.02;786.00;0.73;-45494495_0;5.10;0.00;tripinfo_wu_os_to_gg.3;304.00;wu_os_to_gg.3;0;3034.34;1.26;0.00;83.54;car;;0;0.00
1091.00;23142338#2_0;290.21;12.61;859.00;6.14;-230845886_0;5.10;0.00;tripinfo_wu_ba_to_ns.9;232.00;wu_ba_to_ns.9;0;2346.36;1.19;0.00;52.95;car;;2;7.00
1092.00;41899283#1_0;148.70;10.18;935.00;1.64;-230845886_0;5.10;0.00;tripinfo_wu_ba_to_as.19;157.00;wu_ba_to_as.19;0;1430.78;0.97;0.00;23.16;car;;1;1.00
1095.00;972103805_0;116.86;8.53;917.00;3.47;-23142338#2_0;5.10;0.00;tripinfo_wu_ns_to_ko.32;178.00;wu_ns_to_ko.32;0;1398.55;0.87;0.00;32.45;car;;1;16.00
1098.00;23527526_0;253.75;9.72;846.00;0.58;-45494495_0;5.10;0.00;tripinfo_wu_os_to_gj.2;252.00;wu_os_to_gj.2;0;2071.37;0.97;0.00;57.17;car;;3;19.00
1098.00;41899283#1_0;148.70;9.72;905.00;0.78;-45494495_0;5.10;0.00;tripinfo_wu_os_to_as.4;193.00;wu_os_to_as.4;0;1746.47;0.97;0.00;28.67;car;;2;3.00
1099.00;23527526_0;253.75;11.81;916.00;4.94;-230845886_0;5.10;0.00;tripinfo_wu_ba_to_gj.18;183.00;wu_ba_to_gj.18;0;1755.68;1.11;0.00;40.07;car;;0;0.00
1103.00;41899283#1_0;148.70;13.11;914.00;0.55;-23142338#2_0;5.10;0.00;tripinfo_wu_ns_to_as.4;189.00;wu_ns_to_as.4;0;2009.37;1.22;0.00;38.16;car;;2;7.00
1105.00;28716808#1_0;754.74;9.46;766.00;0.60;803785575#0_0;5.10;0.00;tripinfo_wu_od_to_kl.10;339.00;wu_od_to_kl.10;0;2678.40;0.85;0.00;55.61;car;;3;21.00
1105.00;23142338#2_0;290.21;10.72;862.00;0.77;23687583_0;5.10;0.00;tripinfo_wu_as_to_ns.13;243.00;wu_as_to_ns.13;0;1995.73;0.98;0.00;58.47;car;;3;21.00
1107.00;972103805_0;116.86;9.87;836.00;0.01;803785575#0_0;5.10;0.00;tripinfo_wu_od_to_ko.26;271.00;wu_od_to_ko.26;0;2307.67;0.95;0.00;40.22;car;;1;13.00
1108.00;972103805_0;116.86;11.29;839.00;2.35;803785575#0_0;5.10;0.00;tripinfo_wu_od_to_ko.27;269.00;wu_od_to_ko.27;0;2307.67;1.14;0.00;76.13;car;;1;11.00
1108.00;23156030#6_0;109.07;12.06;1007.00;0.84;-45494495_0;5.10;0.00;tripinfo_wu_os_to_od.12;101.00;wu_os_to_od.12;0;865.51;1.09;0.00;28.87;car;;1;18.00
1111.00;28706217_0;94.10;8.33;885.00;0.12;23687583_0;5.10;0.00;tripinfo_wu_as_to_sl.17;226.00;wu_as_to_sl.17;0;1976.75;1.04;0.00;49.90;car;;1;21.00
1112.00;230845886_0;633.12;8.72;913.00;0.98;-45494495_0;5.10;0.00;tripinfo_wu_os_to_ba.8;199.00;wu_os_to_ba.8;0;1746.52;0.87;0.00;16.22;car;;0;0.00
1117.00;972103805_0;116.86;9.55;853.00;6.86;-230845886_0;5.10;0.00;tripinfo_wu_ba_to_ko.31;264.00;wu_ba_to_ko.31;0;2114.29;0.88;0.00;45.85;car;;1;19.00
1117.00;23527526_0;253.75;11.68;947.00;2.69;-230845886_0;5.10;0.00;tripinfo_wu_ba_to_gj.19;170.00;wu_ba_to_gj.19;0;1755.68;1.12;0.00;27.18;car;;0;0.00
1117.00;45494495_0;58.90;10.70;1024.00;0.59;803785575#0_0;5.10;0.00;tripinfo_wu_od_to_os.20;93.00;wu_od_to_os.20;0;969.96;1.04;0.00;8.20;car;;0;0.00
1124.00;28706217_0;94.10;7.80;875.00;0.23;23687583_0;5.10;0.00;tripinfo_wu_as_to_sl.16;249.00;wu_as_to_sl.16;0;1976.75;1.06;0.00;76.67;car;;4;30.00
1131.00;23142338#2_0;290.21;8.99;893.00;1.10;803785575#0_0;5.10;0.00;tripinfo_wu_od_to_ns.8;238.00;wu_od_to_ns.8;0;1928.29;0.92;0.00;35.86;car;;1;11.00
1134.00;45494495_0;58.90;10.12;1035.00;0.46;803785575#0_0;5.10;0.00;tripinfo_wu_od_to_os.21;99.00;wu_od_to_os.21;0;969.96;0.97;0.00;8.86;car;;0;0.00
1141.00;45494495_0;58.90;9.30;953.00;6.18;-230845886_0;5.10;0.00;tripinfo_wu_ba_to_os.15;188.00;wu_ba_to_os.15;0;1647.96;0.92;0.00;25.61;car;;0;0.00
1142.00;972103805_0;116.86;8.77;855.00;0.55;803785575#0_0;5.10;0.00;tripinfo_wu_od_to_ko.28;287.00;wu_od_to_ko.28;0;2307.67;0.89;0.00;40.19;car;;1;12.00
1142.00;23527526_0;253.75;10.97;1062.00;0.02;23687583_0;5.10;0.00;tripinfo_wu_as_to_gj.19;80.00;wu_as_to_gj.19;0;649.06;1.02;0.00;21.87;car;;1;10.00
1144.00;23156030#6_0;109.07;10.76;892.00;1.90;23687583_0;5.10;0.00;tripinfo_wu_as_to_od.8;252.00;wu_as_to_od.8;0;2357.31;0.99;0.00;36.44;car;;1;15.00
1146.00;23156030#6_0;109.07;10.60;908.00;0.52;23687583_0;5.10;0.00;tripinfo_wu_as_to_od.9;238.00;wu_as_to_od.9;0;2357.31;0.98;0.00;20.61;car;;0;0.00
1147.00;972103805_0;116.86;9.76;1003.00;0.38;23687583_0;5.10;0.00;tripinfo_wu_as_to_ko.27;144.00;wu_as_to_ko.27;0;1102.39;0.90;0.00;33.03;car;;1;19.00
1148.00;23527526_0;253.75;11.60;1085.00;0.34;23687583_0;5.10;0.00;tripinfo_wu_as_to_gj.20;63.00;wu_as_to_gj.20;0;649.06;1.11;0.00;9.57;car;;0;0.00
1149.00;972103805_0;116.86;9.94;1005.00;0.03;23687583_0;5.10;0.00;tripinfo_wu_as_to_ko.28;144.00;wu_as_to_ko.28;0;1102.39;0.97;0.00;41.25;car;;1;19.00
1151.00;45494495_0;58.90;9.68;963.00;0.08;23687583_0;5.10;0.00;tripinfo_wu_as_to_os.18;188.00;wu_as_to_os.18;0;1689.77;0.90;0.00;17.67;car;;0;0.00
1153.00;23156305_0;1264.14;9.45;849.00;2.88;-230845886_0;5.10;0.00;tripinfo_wu_ba_to_gg.8;304.00;wu_ba_to_gg.8;0;2718.65;0.89;0.00;25.39;car;;0;0.00
1153.00;972103805_0;116.86;8.14;875.00;5.27;-230845886_0;5.10;0.00;tripinfo_wu_ba_to_ko.32;278.00;wu_ba_to_ko.32;0;2114.29;0.83;0.00;45.35;car;;2;16.00
1155.00;972103805_0;116.86;11.04;878.00;7.65;-230845886_0;5.10;0.00;tripinfo_wu_ba_to_ko.33;277.00;wu_ba_to_ko.33;0;2114.29;1.02;0.00;87.74;car;;2;15.00
1155.00;41899283#1_0;148.70;10.00;884.00;0.33;803785575#0_0;5.10;0.00;tripinfo_wu_od_to_as.13;271.00;wu_od_to_as.13;0;2382.09;0.91;0.00;33.82;car;;1;9.00
1155.00;23156305_0;1264.14;11.63;1000.00;0.48;23687583_0;5.10;0.00;tripinfo_wu_as_to_gg.6;155.00;wu_as_to_gg.6;0;1600.87;1.14;0.00;27.44;car;;0;0.00
1156.00;23156390_0;1121.44;9.28;958.00;2.02;23687583_0;5.10;0.00;tripinfo_wu_as_to_br.4;198.00;wu_as_to_br.4;0;1694.48;0.85;0.00;17.02;car;;0;0.00
1156.00;23527526_0;253.75;12.71;1098.00;5.59;23687583_0;5.10;0.00;tripinfo_wu_as_to_gj.21;58.00;wu_as_to_gj.21;0;649.06;1.19;0.00;8.39;car;;0;0.00
1157.00;972103805_0;116.86;11.53;881.00;7.15;-230845886_0;5.10;0.00;tripinfo_wu_ba_to_ko.34;276.00;wu_ba_to_ko.34;0;2114.29;1.13;0.00;105.67;car;;1;15.00
1158.00;23156390_0;1121.44;9.45;775.00;2.59;803785575#0_0;5.10;0.00;tripinfo_wu_od_to_br.15;383.00;wu_od_to_br.15;0;3149.31;0.88;0.00;59.30;car;;2;18.00
1159.00;972103805_0;116.86;10.00;874.00;0.95;803785575#0_0;5.10;0.00;tripinfo_wu_od_to_ko.29;285.00;wu_od_to_ko.29;0;2307.67;0.98;0.00;61.83;car;;2;18.00
1160.00;23156390_0;1121.44;11.08;897.00;0.39;-23142338#2_0;5.10;0.00;tripinfo_wu_ns_to_br.1;263.00;wu_ns_to_br.1;0;2792.05;1.10;0.00;30.62;car;;0;0.00
1161.00;972103805_0;116.86;12.67;887.00;2.10;803785575#0_0;5.10;0.00;tripinfo_wu_od_to_ko.30;274.00;wu_od_to_ko.30;0;2307.67;1.14;0.00;80.93;car;;2;15.00
1161.00;41899283#1_0;148.70;11.25;1020.00;0.20;-230845886_0;5.10;0.00;tripinfo_wu_ba_to_as.20;141.00;wu_ba_to_as.20;0;1430.78;1.03;0.00;14.62;car;;0;0.00
1164.00;23142338#2_0;290.21;10.17;938.00;0.27;23687583_0;5.10;0.00;tripinfo_wu_as_to_ns.14;226.00;wu_as_to_ns.14;0;1995.73;1.03;0.00;48.83;car;;2;19.00
1165.00;230845886_0;633.12;11.06;978.00;0.27;-45494495_0;5.10;0.00;tripinfo_wu_os_to_ba.9;187.00;wu_os_to_ba.9;0;1746.52;1.05;0.00;36.04;car;;1;13.00
1167.00;972103805_0;116.86;9.63;890.00;0.86;803785575#0_0;5.10;0.00;tripinfo_wu_od_to_ko.31;277.00;wu_od_to_ko.31;0;2307.67;0.92;0.00;40.06;car;;1;14.00
1169.00;972103805_0;116.86;10.92;928.00;0.09;-45494495_0;5.10;0.00;tripinfo_wu_os_to_ko.12;241.00;wu_os_to_ko.12;0;2045.29;1.10;0.00;62.05;car;;2;16.00
1170.00;23142338#2_0;290.21;9.69;948.00;3.74;23687583_0;5.10;0.00;tripinfo_wu_as_to_ns.15;222.00;wu_as_to_ns.15;0;1995.73;0.96;0.00;32.22;car;;2;6.00
1174.00;28706217_0;94.10;7.80;945.00;0.75;23687583_0;5.10;0.00;tripinfo_wu_as_to_sl.18;229.00;wu_as_to_sl.18;0;1976.75;0.97;0.00;40.49;car;;2;14.00
1175.00;972103805_0;116.86;10.32;896.00;0.63;-230845886_0;5.10;0.00;tripinfo_wu_ba_to_ko.35;279.00;wu_ba_to_ko.35;0;2114.29;1.03;0.00;91.02;car;;3;42.00
1177.00;972103805_0;116.86;10.37;911.00;0.05;-230845886_0;5.10;0.00;tripinfo_wu_ba_to_ko.36;266.00;wu_ba_to_ko.36;0;2114.29;0.95;0.00;62.64;car;;2;26.00
1180.00;45494495_0;58.90;10.44;1009.00;2.30;23687583_0;5.10;0.00;tripinfo_wu_as_to_os.19;171.00;wu_as_to_os.19;0;1689.77;1.04;0.00;24.10;car;;0;0.00
1180.00;972103805_0;116.86;11.18;1056.00;0.94;23687583_0;5.10;0.00;tripinfo_wu_as_to_ko.29;124.00;wu_as_to_ko.29;0;1102.39;1.04;0.00;27.51;car;;1;14.00
1181.00;23142338#2_0;290.21;10.80;938.00;0.62;-230845886_0;5.10;0.00;tripinfo_wu_ba_to_ns.10;243.00;wu_ba_to_ns.10;0;2346.36;1.03;0.00;37.23;car;;1;7.00
1181.00;41899283#1_0;148.70;10.32;985.00;0.61;-45494495_0;5.10;0.00;tripinfo_wu_os_to_as.6;196.00;wu_os_to_as.6;0;1746.47;1.00;0.00;38.09;car;;1;9.00
1183.00;972103805_0;116.86;10.53;919.00;3.83;-230845886_0;5.10;0.00;tripinfo_wu_ba_to_ko.37;264.00;wu_ba_to_ko.37;0;2114.29;1.03;0.00;76.87;car;;2;27.00
1183.00;45494495_0;58.90;10.94;1014.00;2.19;-230845886_0;5.10;0.00;tripinfo_wu_ba_to_os.16;169.00;wu_ba_to_os.16;0;1647.96;1.02;0.00;21.92;car;;0;0.00
1185.00;41899283#1_0;148.70;10.33;973.00;0.97;-45494495_0;5.10;0.00;tripinfo_wu_os_to_as.5;212.00;wu_os_to_as.5;0;1746.47;0.97;0.00;48.47;car;;2;23.00
1187.00;23156305_0;1264.14;8.58;872.00;5.84;-230845886_0;5.10;0.00;tripinfo_wu_ba_to_gg.9;315.00;wu_ba_to_gg.9;0;2718.65;0.86;0.00;26.11;car;;0;0.00
1187.00;41899283#1_0;148.70;9.75;919.00;0.40;803785575#0_0;5.10;0.00;tripinfo_wu_od_to_as.14;268.00;wu_od_to_as.14;0;2382.09;0.94;0.00;39.24;car;;2;11.00
1188.00;23142338#2_0;290.21;10.44;941.00;3.42;-230845886_0;5.10;0.00;tripinfo_wu_ba_to_ns.11;247.00;wu_ba_to_ns.11;0;2346.36;0.99;0.00;31.79;car;;1;3.00
1189.00;23156305_0;1264.14;11.60;922.00;3.96;-230845886_0;5.10;0.00;tripinfo_wu_ba_to_gg.10;267.00;wu_ba_to_gg.10;0;2718.65;1.08;0.00;36.48;car;;0;0.00
1189.00;41899283#1_0;148.70;10.91;954.00;2.71;803785575#0_0;5.10;0.00;tripinfo_wu_od_to_as.15;235.00;wu_od_to_as.15;0;2382.09;1.08;0.00;35.33;car;;0;0.00
1192.00;28716808#1_0;754.74;11.89;958.00;0.74;-23142338#2_0;5.10;0.00;tripinfo_wu_ns_to_kl.2;234.00;wu_ns_to_kl.2;0;2315.58;1.08;0.00;39.56;car;;1;17.00
1195.00;972103805_0;116.86;9.82;924.00;0.77;803785575#0_0;5.10;0.00;tripinfo_wu_od_to_ko.32;271.00;wu_od_to_ko.32;0;2307.67;0.94;0.00;37.90;car;;1;12.00
1195.00;45494495_0;58.90;10.76;1020.00;0.98;23687583_0;5.10;0.00;tripinfo_wu_as_to_os.20;175.00;wu_as_to_os.20;0;1689.77;1.00;0.00;21.41;car;;1;4.00
1196.00;23142338#2_0;290.21;10.33;973.00;0.90;23687583_0;5.10;0.00;tripinfo_wu_as_to_ns.16;223.00;wu_as_to_ns.16;0;1995.73;0.98;0.00;36.62;car;;3;6.00
1197.00;23156305_0;1264.14;10.73;843.00;0.48;-45494495_0;5.10;0.00;tripinfo_wu_os_to_gg.4;354.00;wu_os_to_gg.4;0;3034.34;1.00;0.00;78.48;car;;3;21.00
1200.00;23527526_0;253.75;9.35;1011.00;2.97;-230845886_0;5.10;0.00;tripinfo_wu_ba_to_gj.20;189.00;wu_ba_to_gj.20;0;1755.68;0.92;0.00;16.11;car;;0;0.00
1203.00;972103805_0;116.86;11.29;1069.00;0.68;23687583_0;5.10;0.00;tripinfo_wu_as_to_ko.30;134.00;wu_as_to_ko.30;0;1102.39;1.09;0.00;42.44;car;;2;22.00
1204.00;23156305_0;1264.14;10.21;817.00;0.59;803785575#0_0;5.10;0.00;tripinfo_wu_od_to_gg.13;387.00;wu_od_to_gg.13;0;3669.96;1.00;0.00;55.55;car;;2;11.00
1208.00;972103805_0;116.86;9.84;932.00;0.24;-230845886_0;5.10;0.00;tripinfo_wu_ba_to_ko.38;276.00;wu_ba_to_ko.38;0;2114.29;0.90;0.00;63.37;car;;3;30.00
1210.00;23156305_0;1264.14;10.77;860.00;0.40;803785575#0_0;5.10;0.00;tripinfo_wu_od_to_gg.14;350.00;wu_od_to_gg.14;0;3669.96;1.08;0.00;41.29;car;;0;0.00
1212.00;23142338#2_0;290.21;11.19;944.00;3.59;-230845886_0;5.10;0.00;tripinfo_wu_ba_to_ns.12;268.00;wu_ba_to_ns.12;0;2346.36;1.01;0.00;57.81;car;;2;23.00
1213.00;972103805_0;116.86;9.67;1067.00;0.61;-23142338#2_0;5.10;0.00;tripinfo_wu_ns_to_ko.33;146.00;wu_ns_to_ko.33;0;1398.55;0.98;0.00;16.95;car;;1;1.00
1214.00;28716808#1_0;754.74;10.41;933.00;0.45;803785575#0_0;5.10;0.00;tripinfo_wu_od_to_kl.12;281.00;wu_od_to_kl.12;0;2678.40;0.98;0.00;33.45;car;;1;4.00
1222.00;28716808#1_0;754.74;10.07;1095.00;4.80;23687583_0;5.10;0.00;tripinfo_wu_as_to_kl.4;127.00;wu_as_to_kl.4;0;1207.92;0.95;0.00;10.76;car;;0;0.00
1222.00;230845886_0;633.12;12.38;1109.00;0.46;23687583_0;5.10;0.00;tripinfo_wu_as_to_ba.14;113.00;wu_as_to_ba.14;0;1356.50;1.19;0.00;10.07;car;;0;0.00
1224.00;45494495_0;58.90;9.05;1023.00;2.43;23687583_0;5.10;0.00;tripinfo_wu_as_to_os.21;201.00;wu_as_to_os.21;0;1689.77;0.82;0.00;16.30;car;;0;0.00
1226.00;45494495_0;58.90;10.23;1050.00;0.62;-230845886_0;5.10;0.00;tripinfo_wu_ba_to_os.17;176.00;wu_ba_to_os.17;0;1647.96;0.98;0.00;23.97;car;;0;0.00
1228.00;45494495_0;58.90;11.19;1067.00;0.60;-230845886_0;5.10;0.00;tripinfo_wu_ba_to_os.18;161.00;wu_ba_to_os.18;0;1647.96;1.09;0.00;24.08;car;;0;0.00
1236.00;28716808#1_0;754.74;9.07;929.00;0.10;803785575#0_0;5.10;0.00;tripinfo_wu_od_to_kl.11;307.00;wu_od_to_kl.11;0;2678.40;0.89;0.00;33.79;car;;1;7.00
1238.00;972103805_0;116.86;8.73;950.00;3.94;-230845886_0;5.10;0.00;tripinfo_wu_ba_to_ko.39;288.00;wu_ba_to_ko.39;0;2114.29;0.79;0.00;45.44;car;;2;16.00
1238.00;23142338#2_0;290.21;11.51;976.00;2.90;-230845886_0;5.10;0.00;tripinfo_wu_ba_to_ns.13;262.00;wu_ba_to_ns.13;0;2346.36;1.10;0.00;68.51;car;;2;24.00
1239.00;23527526_0;253.75;11.02;1029.00;0.89;-45494495_0;5.10;0.00;tripinfo_wu_os_to_gj.3;210.00;wu_os_to_gj.3;0;2071.37;1.04;0.00;30.04;car;;2;5.00
1240.00;972103805_0;116.86;10.50;956.00;6.82;-230845886_0;5.10;0.00;tripinfo_wu_ba_to_ko.40;284.00;wu_ba_to_ko.40;0;2114.29;1.06;0.00;101.31;car;;1;15.00
1242.00;972103805_0;116.86;9.24;984.00;0.54;-230845886_0;5.10;0.00;tripinfo_wu_ba_to_ko.41;258.00;wu_ba_to_ko.41;0;2114.29;0.90;0.00;45.46;car;;1;17.00
1243.00;28716808#1_0;754.74;10.56;958.00;0.75;803785575#0_0;5.10;0.00;tripinfo_wu_od_to_kl.13;285.00;wu_od_to_kl.13;0;2678.40;0.96;0.00;33.00;car;;1;6.00
1244.00;230845886_0;633.12;9.89;998.00;0.23;803785575#0_0;5.10;0.00;tripinfo_wu_od_to_ba.19;246.00;wu_od_to_ba.19;0;2382.14;1.01;0.00;31.52;car;;0;0.00
1245.00;28716808#1_0;754.74;11.07;985.00;2.59;803785575#0_0;5.10;0.00;tripinfo_wu_od_to_kl.14;260.00;wu_od_to_kl.14;0;2678.40;1.03;0.00;24.73;car;;0;0.00
1246.00;972103805_0;116.86;9.12;947.00;0.57;803785575#0_0;5.10;0.00;tripinfo_wu_od_to_ko.33;299.00;wu_od_to_ko.33;0;2307.67;0.86;0.00;44.31;car;;2;12.00
1246.00;23527526_0;253.75;10.20;973.00;0.60;803785575#0_0;5.10;0.00;tripinfo_wu_od_to_gj.5;273.00;wu_od_to_gj.5;0;2706.99;0.98;0.00;22.55;car;;0;0.00
1248.00;23527526_0;253.75;11.23;1084.00;1.94;-230845886_0;5.10;0.00;tripinfo_wu_ba_to_gj.21;164.00;wu_ba_to_gj.21;0;1755.68;1.09;0.00;17.73;car;;0;0.00
1248.00;230845886_0;633.12;11.31;1112.00;1.18;23687583_0;5.10;0.00;tripinfo_wu_as_to_ba.15;136.00;wu_as_to_ba.15;0;1356.50;1.04;0.00;18.17;car;;1;2.00
1250.00;45494495_0;58.90;10.08;1132.00;1.23;803785575#0_0;5.10;0.00;tripinfo_wu_od_to_os.22;118.00;wu_od_to_os.22;0;969.96;0.92;0.00;22.95;car;;1;10.00
1252.00;45494495_0;58.90;11.87;1159.00;2.59;803785575#0_0;5.10;0.00;tripinfo_wu_od_to_os.23;93.00;wu_od_to_os.23;0;969.96;1.14;0.00;15.81;car;;0;0.00
1259.00;45494495_0;58.90;9.60;1081.00;0.08;23687583_0;5.10;0.00;tripinfo_wu_as_to_os.22;178.00;wu_as_to_os.22;0;1689.77;0.96;0.00;19.11;car;;0;0.00
1259.00;28706217_0;94.10;7.97;1165.00;0.84;-45494495_0;5.10;0.00;tripinfo_wu_os_to_sl.6;94.00;wu_os_to_sl.6;0;484.95;0.97;0.00;43.49;car;;2;31.00
1260.00;972103805_0;116.86;8.91;966.00;0.44;-45494495_0;5.10;0.00;tripinfo_wu_os_to_ko.13;294.00;wu_os_to_ko.13;0;2045.29;0.92;0.00;80.30;car;;4;33.00
1262.00;972103805_0;116.86;11.18;976.00;0.73;803785575#0_0;5.10;0.00;tripinfo_wu_od_to_ko.34;286.00;wu_od_to_ko.34;0;2307.67;1.03;0.00;72.81;car;;2;21.00
1263.00;23527526_0;253.75;9.80;1185.00;7.23;23687583_0;5.10;0.00;tripinfo_wu_as_to_gj.22;78.00;wu_as_to_gj.22;0;649.06;0.97;0.00;17.46;car;;1;1.00
1266.00;972103805_0;116.86;9.98;1116.00;0.01;23687583_0;5.10;0.00;tripinfo_wu_as_to_ko.31;150.00;wu_as_to_ko.31;0;1102.39;0.97;0.00;46.77;car;;2;28.00
1267.00;41899283#1_0;148.70;9.34;1011.00;0.95;-23142338#2_0;5.10;0.00;tripinfo_wu_ns_to_as.5;256.00;wu_ns_to_as.5;0;2009.37;0.88;0.00;47.75;car;;2;20.00
1268.00;972103805_0;116.86;11.08;1123.00;3.85;23687583_0;5.10;0.00;tripinfo_wu_as_to_ko.32;145.00;wu_as_to_ko.32;0;1102.39;1.06;0.00;51.04;car;;2;22.00
1270.00;972103805_0;116.86;11.88;1165.00;0.81;23687583_0;5.10;0.00;tripinfo_wu_as_to_ko.33;105.00;wu_as_to_ko.33;0;1102.39;1.17;0.00;19.58;car;;1;1.00
1271.00;23156030#6_0;109.07;9.30;995.00;1.79;23687583_0;5.10;0.00;tripinfo_wu_as_to_od.10;276.00;wu_as_to_od.10;0;2357.31;0.88;0.00;33.72;car;;1;10.00
1273.00;23156030#6_0;109.07;9.50;1030.00;0.40;-230845886_0;5.10;0.00;tripinfo_wu_ba_to_od.13;243.00;wu_ba_to_od.13;0;2315.50;0.93;0.00;19.01;car;;0;0.00
1273.00;230845886_0;633.12;10.99;1055.00;0.06;803785575#0_0;5.10;0.00;tripinfo_wu_od_to_ba.21;218.00;wu_od_to_ba.21;0;2382.14;1.07;0.00;17.34;car;;0;0.00
1274.00;972103805_0;116.86;10.26;1008.00;0.84;-230845886_0;5.10;0.00;tripinfo_wu_ba_to_ko.42;266.00;wu_ba_to_ko.42;0;2114.29;0.97;0.00;66.49;car;;3;34.00
1275.00;972103805_0;116.86;12.35;982.00;2.49;803785575#0_0;5.10;0.00;tripinfo_wu_od_to_ko.35;293.00;wu_od_to_ko.35;0;2307.67;1.18;0.00;106.20;car;;3;25.00
1275.00;45494495_0;58.90;9.29;1103.00;0.94;-230845886_0;5.10;0.00;tripinfo_wu_ba_to_os.19;172.00;wu_ba_to_os.19;0;1647.96;0.94;0.00;13.85;car;;0;0.00
1285.00;28716808#1_0;754.74;11.59;1017.00;1.17;-23142338#2_0;5.10;0.00;tripinfo_wu_ns_to_kl.3;268.00;wu_ns_to_kl.3;0;2315.58;1.08;0.00;74.32;car;;2;17.00
1287.00;23156305_0;1264.14;8.66;973.00;0.51;-230845886_0;5.10;0.00;tripinfo_wu_ba_to_gg.11;314.00;wu_ba_to_gg.11;0;2718.65;0.86;0.00;27.37;car;;0;0.00
1287.00;23527526_0;253.75;8.82;988.00;3.11;803785575#0_0;5.10;0.00;tripinfo_wu_od_to_gj.6;299.00;wu_od_to_gj.6;0;2706.99;0.89;0.00;24.38;car;;0;0.00
1288.00;23156390_0;1121.44;11.11;979.00;3.51;803785575#0_0;5.10;0.00;tripinfo_wu_od_to_br.16;309.00;wu_od_to_br.16;0;3149.31;1.01;0.00;26.19;car;;0;0.00
1288.00;23156030#6_0;109.07;11.54;1026.00;4.05;23687583_0;5.10;0.00;tripinfo_wu_as_to_od.11;262.00;wu_as_to_od.11;0;2357.31;1.08;0.00;66.18;car;;1;1.00
1291.00;23156030#6_1;109.07;11.12;1014.00;3.70;-23142338#2_0;5.10;0.00;tripinfo_wu_ns_to_od.0;277.00;wu_ns_to_od.0;0;2005.01;1.05;0.00;93.70;car;;4;44.00
1293.00;972103805_0;116.86;11.67;1087.00;1.74;-230845886_0;5.10;0.00;tripinfo_wu_ba_to_ko.43;206.00;wu_ba_to_ko.43;0;2114.29;1.08;0.00;28.36;car;;1;5.00
1293.00;230845886_0;633.12;9.28;1148.00;2.64;23687583_0;5.10;0.00;tripinfo_wu_as_to_ba.16;145.00;wu_as_to_ba.16;0;1356.50;0.94;0.00;14.46;car;;0;0.00
1295.00;230845886_0;633.12;10.76;1062.00;0.25;-23142338#2_0;5.10;0.00;tripinfo_wu_ns_to_ba.3;233.00;wu_ns_to_ba.3;0;2340.42;1.01;0.00;24.67;car;;1;4.00
1299.00;23527526_0;253.75;10.37;1030.00;1.15;803785575#0_0;5.10;0.00;tripinfo_wu_od_to_gj.7;269.00;wu_od_to_gj.7;0;2706.99;1.02;0.00;29.21;car;;0;0.00
1300.00;23142338#2_0;290.21;10.84;1089.00;2.73;-45494495_0;5.10;0.00;tripinfo_wu_os_to_ns.3;211.00;wu_os_to_ns.3;0;1665.91;1.04;0.00;55.38;car;;2;21.00
1301.00;23156030#6_0;109.07;10.92;1082.00;0.20;-23142338#2_0;5.10;0.00;tripinfo_wu_ns_to_od.1;219.00;wu_ns_to_od.1;0;2005.01;1.05;0.00;34.89;car;;1;10.00
1303.00;41899283#1_0;148.70;10.57;1068.00;1.92;803785575#0_0;5.10;0.00;tripinfo_wu_od_to_as.16;235.00;wu_od_to_as.16;0;2382.09;1.04;0.00;28.12;car;;0;0.00
1305.00;28716808#1_0;754.74;9.74;1086.00;1.56;-45494495_0;5.10;0.00;tripinfo_wu_os_to_kl.5;219.00;wu_os_to_kl.5;0;2042.78;0.95;0.00;23.34;car;;1;1.00
1306.00;972103805_0;116.86;8.28;1001.00;1.44;803785575#0_0;5.10;0.00;tripinfo_wu_od_to_ko.36;305.00;wu_od_to_ko.36;0;2307.67;0.85;0.00;48.19;car;;2;17.00
1307.00;230845886_0;633.12;9.27;1050.00;0.86;803785575#0_0;5.10;0.00;tripinfo_wu_od_to_ba.20;257.00;wu_od_to_ba.20;0;2382.14;0.91;0.00;20.12;car;;0;0.00
1309.00;23156305_0;1264.14;12.04;999.00;0.38;-23142338#2_0;5.10;0.00;tripinfo_wu_ns_to_gg.3;310.00;wu_ns_to_gg.3;0;3297.24;1.12;0.00;42.07;car;;2;5.00
1309.00;972103805_0;116.86;10.09;1027.00;1.24;803785575#0_0;5.10;0.00;tripinfo_wu_od_to_ko.37;282.00;wu_od_to_ko.37;0;2307.67;0.97;0.00;56.91;car;;3;11.00
1310.00;41899283#1_0;148.70;9.37;1119.00;0.94;-45494495_0;5.10;0.00;tripinfo_wu_os_to_as.7;191.00;wu_os_to_as.7;0;1746.47;0.91;0.00;17.23;car;;0;0.00
1315.00;972103805_0;116.86;10.41;1039.00;0.16;-45494495_0;5.10;0.00;tripinfo_wu_os_to_ko.14;276.00;wu_os_to_ko.14;0;2045.29;0.94;0.00;67.37;car;;4;27.00
1316.00;972103805_0;116.86;10.95;1058.00;1.53;803785575#0_0;5.10;0.00;tripinfo_wu_od_to_ko.38;258.00;wu_od_to_ko.38;0;2307.67;1.05;0.00;49.16;car;;1;8.00
1317.00;23142338#2_0;290.21;10.01;1072.00;0.39;23687583_0;5.10;0.00;tripinfo_wu_as_to_ns.17;245.00;wu_as_to_ns.17;0;1995.73;0.96;0.00;54.99;car;;3;20.00
1318.00;972103805_0;116.86;12.62;1062.00;0.52;803785575#0_0;5.10;0.00;tripinfo_wu_od_to_ko.39;256.00;wu_od_to_ko.39;0;2307.67;1.19;0.00;71.48;car;;1;7.00
1319.00;23142338#2_0;290.21;11.77;1092.00;4.40;23687583_0;5.10;0.00;tripinfo_wu_as_to_ns.18;227.00;wu_as_to_ns.18;0;1995.73;1.09;0.00;59.96;car;;1;14.00
1326.00;45494495_0;58.90;9.44;1139.00;0.58;23687583_0;5.10;0.00;tripinfo_wu_as_to_os.23;187.00;wu_as_to_os.23;0;1689.77;0.93;0.00;22.06;car;;1;3.00
1328.00;41899283#1_0;148.70;13.11;1114.00;0.37;803785575#0_0;5.10;0.00;tripinfo_wu_od_to_as.17;214.00;wu_od_to_as.17;0;2382.09;1.20;0.00;34.18;car;;0;0.00
1329.00;972103805_0;116.86;8.93;1170.00;0.91;23687583_0;5.10;0.00;tripinfo_wu_as_to_ko.34;159.00;wu_as_to_ko.34;0;1102.39;0.83;0.00;38.74;car;;2;19.00
1330.00;972103805_0;116.86;10.92;1173.00;3.91;23687583_0;5.10;0.00;tripinfo_wu_as_to_ko.35;157.00;wu_as_to_ko.35;0;1102.39;1.01;0.00;58.76;car;;2;19.00
1333.00;23156030#6_0;109.07;9.34;1045.00;0.27;23687583_0;5.10;0.00;tripinfo_wu_as_to_od.12;288.00;wu_as_to_od.12;0;2357.31;0.85;0.00;38.00;car;;2;8.00
1333.00;972103805_0;116.86;9.71;1065.00;0.70;803785575#0_0;5.10;0.00;tripinfo_wu_od_to_ko.40;268.00;wu_od_to_ko.40;0;2307.67;0.99;0.00;45.23;car;;2;10.00
1333.00;28716808#1_0;754.74;9.16;1182.00;4.39;23687583_0;5.10;0.00;tripinfo_wu_as_to_kl.5;151.00;wu_as_to_kl.5;0;1207.92;0.93;0.00;33.42;car;;2;7.00
1335.00;23527526_0;253.75;12.30;1134.00;1.82;-45494495_0;5.10;0.00;tripinfo_wu_os_to_gj.4;201.00;wu_os_to_gj.4;0;2071.37;1.17;0.00;40.48;car;;1;2.00
1335.00;28716808#1_0;754.74;11.04;1189.00;9.80;23687583_0;5.10;0.00;tripinfo_wu_as_to_kl.6;146.00;wu_as_to_kl.6;0;1207.92;1.08;0.00;43.75;car;;1;4.00
1337.00;28716808#1_0;754.74;11.31;1080.00;0.56;803785575#0_0;5.10;0.00;tripinfo_wu_od_to_kl.15;257.00;wu_od_to_kl.15;0;2678.40;1.12;0.00;40.13;car;;0;0.00
1337.00;28706217_0;94.10;8.20;1090.00;1.72;-230845886_0;5.10;0.00;tripinfo_wu_ba_to_sl.12;247.00;wu_ba_to_sl.12;0;1934.94;1.07;0.00;78.38;car;;2;49.00
1337.00;41899283#1_0;148.70;10.05;1186.00;0.09;-230845886_0;5.10;0.00;tripinfo_wu_ba_to_as.21;151.00;wu_ba_to_as.21;0;1430.78;0.99;0.00;19.70;car;;0;0.00
1340.00;23156390_0;1121.44;9.97;1155.00;0.40;23687583_0;5.10;0.00;tripinfo_wu_as_to_br.5;185.00;wu_as_to_br.5;0;1694.48;0.90;0.00;14.76;car;;0;0.00
1345.00;23156390_0;1121.44;10.60;1083.00;0.78;-45494495_0;5.10;0.00;tripinfo_wu_os_to_br.3;262.00;wu_os_to_br.3;0;2513.69;1.00;0.00;33.02;car;;1;6.00
1346.00;28716808#1_0;754.74;12.89;1147.00;0.29;-45494495_0;5.10;0.00;tripinfo_wu_os_to_kl.6;199.00;wu_os_to_kl.6;0;2042.78;1.29;0.00;50.67;car;;2;5.00
1346.00;230845886_0;633.12;13.56;1164.00;2.08;-23142338#2_0;5.10;0.00;tripinfo_wu_ns_to_ba.4;182.00;wu_ns_to_ba.4;0;2340.42;1.27;0.00;13.23;car;;0;0.00
1353.00;23156390_0;1121.44;11.47;1179.00;2.33;23687583_0;5.10;0.00;tripinfo_wu_as_to_br.6;174.00;wu_as_to_br.6;0;1694.48;1.04;0.00;26.36;car;;1;3.00
1360.00;28706217_0;94.10;7.05;1088.00;2.15;23687583_0;5.10;0.00;tripinfo_wu_as_to_sl.19;272.00;wu_as_to_sl.19;0;1976.75;0.98;0.00;84.72;car;;2;59.00
1362.00;28716808#1_0;754.74;10.81;1090.00;1.44;803785575#0_0;5.10;0.00;tripinfo_wu_od_to_kl.16;272.00;wu_od_to_kl.16;0;2678.40;1.01;0.00;31.36;car;;1;3.00
1363.00;230845886_0;633.12;11.60;1230.00;0.09;23687583_0;5.10;0.00;tripinfo_wu_as_to_ba.17;133.00;wu_as_to_ba.17;0;1356.50;1.11;0.00;22.37;car;;1;8.00
1364.00;23156305_0;1264.14;9.52;1070.00;2.75;-230845886_0;5.10;0.00;tripinfo_wu_ba_to_gg.12;294.00;wu_ba_to_gg.12;0;2718.65;0.92;0.00;25.20;car;;0;0.00
1364.00;28716808#1_0;754.74;11.81;1117.00;0.75;803785575#0_0;5.10;0.00;tripinfo_wu_od_to_kl.17;247.00;wu_od_to_kl.17;0;2678.40;1.13;0.00;31.69;car;;1;1.00
1365.00;972103805_0;116.86;9.47;1200.00;0.47;-23142338#2_0;5.10;0.00;tripinfo_wu_ns_to_ko.34;165.00;wu_ns_to_ko.34;0;1398.55;0.90;0.00;24.79;car;;1;4.00
1367.00;972103805_0;116.86;11.57;1203.00;2.75;-23142338#2_0;5.10;0.00;tripinfo_wu_ns_to_ko.35;164.00;wu_ns_to_ko.35;0;1398.55;1.09;0.00;47.82;car;;1;4.00
1368.00;45494495_0;58.90;10.78;1176.00;0.66;-23142338#2_0;5.10;0.00;tripinfo_wu_ns_to_os.2;192.00;wu_ns_to_os.2;0;1865.82;1.02;0.00;26.32;car;;1;3.00
1369.00;972103805_0;116.86;11.29;1220.00;0.30;-23142338#2_0;5.10;0.00;tripinfo_wu_ns_to_ko.36;149.00;wu_ns_to_ko.36;0;1398.55;1.09;0.00;33.03;car;;0;0.00
1370.00;41899283#1_0;148.70;12.35;1237.00;0.64;-230845886_0;5.10;0.00;tripinfo_wu_ba_to_as.22;133.00;wu_ba_to_as.22;0;1430.78;1.11;0.00;16.28;car;;0;0.00
1371.00;23156030#6_0;109.07;10.55;1105.00;1.73;-23142338#2_0;5.10;0.00;tripinfo_wu_ns_to_od.2;266.00;wu_ns_to_od.2;0;2005.01;1.03;0.00;79.68;car;;2;54.00
1371.00;23527526_0;253.75;10.50;1178.00;0.69;-45494495_0;5.10;0.00;tripinfo_wu_os_to_gj.5;193.00;wu_os_to_gj.5;0;2071.37;1.06;0.00;16.11;car;;0;0.00
1374.00;972103805_0;116.86;10.99;1139.00;0.49;803785575#0_0;5.10;0.00;tripinfo_wu_od_to_ko.41;235.00;wu_od_to_ko.41;0;2307.67;1.02;0.00;20.07;car;;0;0.00
1381.00;45494495_0;58.90;10.81;1283.00;0.60;803785575#0_0;5.10;0.00;tripinfo_wu_od_to_os.24;98.00;wu_od_to_os.24;0;969.96;1.05;0.00;14.43;car;;0;0.00
1382.00;23156030#6_0;109.07;10.66;1138.00;0.52;-230845886_0;5.10;0.00;tripinfo_wu_ba_to_od.14;244.00;wu_ba_to_od.14;0;2315.50;1.01;0.00;36.65;car;;1;15.00
1385.00;45494495_0;58.90;10.76;1286.00;2.50;803785575#0_0;5.10;0.00;tripinfo_wu_od_to_os.25;99.00;wu_od_to_os.25;0;969.96;1.03;0.00;13.88;car;;0;0.00
1388.00;23142338#2_0;290.21;8.33;1158.00;1.31;23687583_0;5.10;0.00;tripinfo_wu_as_to_ns.19;230.00;wu_as_to_ns.19;0;1995.73;0.87;0.00;20.37;car;;0;0.00
1388.00;972103805_0;116.86;9.56;1166.00;0.39;-230845886_0;5.10;0.00;tripinfo_wu_ba_to_ko.44;222.00;wu_ba_to_ko.44;0;2114.29;0.95;0.00;19.46;car;;0;0.00
1392.00;28706217_0;94.10;6.49;1286.00;2.18;-45494495_0;5.10;0.00;tripinfo_wu_os_to_sl.7;106.00;wu_os_to_sl.7;0;484.95;0.89;0.00;50.89;car;;3;33.00
1393.00;23142338#2_0;290.21;11.29;1187.00;2.29;803785575#0_0;5.10;0.00;tripinfo_wu_od_to_ns.9;206.00;wu_od_to_ns.9;0;1928.29;1.04;0.00;26.36;car;;0;0.00
1394.00;28706217_0;94.10;7.79;1120.00;0.87;23687583_0;5.10;0.00;tripinfo_wu_as_to_sl.20;274.00;wu_as_to_sl.20;0;1976.75;0.95;0.00;81.58;car;;4;43.00
1395.00;230845886_0;633.12;9.34;1129.00;0.17;803785575#0_0;5.10;0.00;tripinfo_wu_od_to_ba.22;266.00;wu_od_to_ba.22;0;2382.14;0.93;0.00;35.57;car;;1;13.00
1407.00;41899283#1_0;148.70;10.56;1162.00;4.79;803785575#0_0;5.10;0.00;tripinfo_wu_od_to_as.18;245.00;wu_od_to_as.18;0;2382.09;0.99;0.00;26.50;car;;1;2.00
1410.00;230845886_0;633.12;9.66;1255.00;3.00;23687583_0;5.10;0.00;tripinfo_wu_as_to_ba.18;155.00;wu_as_to_ba.18;0;1356.50;0.94;0.00;24.44;car;;1;4.00
1412.00;23156030#6_0;109.07;11.01;1152.00;0.70;23687583_0;5.10;0.00;tripinfo_wu_as_to_od.13;260.00;wu_as_to_od.13;0;2357.31;1.03;0.00;53.02;car;;2;17.00
1413.00;28706217_0;94.10;6.80;1145.00;0.56;23687583_0;5.10;0.00;tripinfo_wu_as_to_sl.21;268.00;wu_as_to_sl.21;0;1976.75;0.94;0.00;73.09;car;;3;37.00
1415.00;23156305_0;1264.14;7.97;1192.00;12.55;23687583_0;5.10;0.00;tripinfo_wu_as_to_gg.7;223.00;wu_as_to_gg.7;0;1600.87;0.72;0.00;23.10;car;;0;0.00
1416.00;23156390_0;1121.44;9.12;1169.00;0.88;-230845886_0;5.10;0.00;tripinfo_wu_ba_to_br.1;247.00;wu_ba_to_br.1;0;2198.00;0.93;0.00;30.85;car;;1;6.00
1416.00;972103805_0;116.86;11.18;1293.00;0.91;23687583_0;5.10;0.00;tripinfo_wu_as_to_ko.36;123.00;wu_as_to_ko.36;0;1102.39;1.05;0.00;27.88;car;;1;15.00
1417.00;23156305_0;1264.14;10.12;1219.00;0.63;23687583_0;5.10;0.00;tripinfo_wu_as_to_gg.8;198.00;wu_as_to_gg.8;0;1600.87;1.00;0.00;52.94;car;;0;0.00
1418.00;23156390_0;1121.44;10.88;1093.00;2.27;803785575#0_0;5.10;0.00;tripinfo_wu_od_to_br.17;325.00;wu_od_to_br.17;0;3149.31;1.06;0.00;54.18;car;;1;2.00
1418.00;45494495_0;58.90;9.28;1244.00;1.72;-230845886_0;5.10;0.00;tripinfo_wu_ba_to_os.20;174.00;wu_ba_to_os.20;0;1647.96;0.94;0.00;14.12;car;;0;0.00
1419.00;28706217_0;94.10;5.78;1177.00;0.67;-230845886_0;5.10;0.00;tripinfo_wu_ba_to_sl.13;242.00;wu_ba_to_sl.13;0;1934.94;0.84;0.00;28.24;car;;1;4.00
1421.00;45494495_0;58.90;11.05;1328.00;0.06;803785575#0_0;5.10;0.00;tripinfo_wu_od_to_os.26;93.00;wu_od_to_os.26;0;969.96;1.03;0.00;8.40;car;;0;0.00
1422.00;23142338#2_0;290.21;12.55;1195.00;0.53;-230845886_0;5.10;0.00;tripinfo_wu_ba_to_ns.14;227.00;wu_ba_to_ns.14;0;2346.36;1.17;0.00;45.36;car;;1;2.00
1423.00;41899283#1_0;148.70;10.04;1171.00;5.15;803785575#0_0;5.10;0.00;tripinfo_wu_od_to_as.20;252.00;wu_od_to_as.20;0;2382.09;0.97;0.00;29.14;car;;1;5.00
1424.00;972103805_0;116.86;9.86;1276.00;0.30;-23142338#2_0;5.10;0.00;tripinfo_wu_ns_to_ko.37;148.00;wu_ns_to_ko.37;0;1398.55;0.97;0.00;18.86;car;;1;1.00
1425.00;41899283#1_0;148.70;10.94;1168.00;3.46;803785575#0_0;5.10;0.00;tripinfo_wu_od_to_as.19;257.00;wu_od_to_as.19;0;2382.09;1.04;0.00;49.72;car;;2;9.00
1426.00;972103805_0;116.86;12.08;1171.00;0.27;-45494495_0;5.10;0.00;tripinfo_wu_os_to_ko.15;255.00;wu_os_to_ko.15;0;2045.29;1.16;0.00;85.92;car;;3;43.00
1432.00;28706217_0;94.10;6.77;1180.00;1.15;-230845886_0;5.10;0.00;tripinfo_wu_ba_to_sl.14;252.00;wu_ba_to_sl.14;0;1934.94;0.88;0.00;48.15;car;;3;10.00
1436.00;23156305_0;1264.14;8.93;1122.00;0.12;-230845886_0;5.10;0.00;tripinfo_wu_ba_to_gg.13;314.00;wu_ba_to_gg.13;0;2718.65;0.86;0.00;27.44;car;;0;0.00
1438.00;28706217_0;94.10;9.67;1195.00;9.04;23687583_0;5.10;0.00;tripinfo_wu_as_to_sl.22;243.00;wu_as_to_sl.22;0;1976.75;1.21;0.00;90.56;car;;3;24.00
1438.00;23156305_0;1264.14;10.85;1261.00;7.13;23687583_0;5.10;0.00;tripinfo_wu_as_to_gg.9;177.00;wu_as_to_gg.9;0;1600.87;1.08;0.00;42.47;car;;0;0.00
1440.00;23156305_0;1264.14;12.00;1087.00;0.38;803785575#0_0;5.10;0.00;tripinfo_wu_od_to_gg.15;353.00;wu_od_to_gg.15;0;3669.96;1.10;0.00;51.72;car;;3;7.00
1442.00;972103805_0;116.86;11.63;1340.00;4.87;23687583_0;5.10;0.00;tripinfo_wu_as_to_ko.37;102.00;wu_as_to_ko.37;0;1102.39;1.08;0.00;10.17;car;;0;0.00
1445.00;23156390_0;1121.44;9.34;1252.00;0.11;23687583_0;5.10;0.00;tripinfo_wu_as_to_br.7;193.00;wu_as_to_br.7;0;1694.48;0.93;0.00;27.37;car;;1;8.00
1446.00;28706217_0;94.10;6.97;1216.00;0.25;-230845886_0;5.10;0.00;tripinfo_wu_ba_to_sl.15;230.00;wu_ba_to_sl.15;0;1934.94;0.96;0.00;41.89;car;;2;14.00
1447.00;23142338#2_0;290.21;8.13;1176.00;6.54;23687583_0;5.10;0.00;tripinfo_wu_as_to_ns.20;271.00;wu_as_to_ns.20;0;1995.73;0.81;0.00;46.09;car;;2;13.00
1449.00;23527526_0;253.75;9.04;1248.00;0.91;-230845886_0;5.10;0.00;tripinfo_wu_ba_to_gj.22;201.00;wu_ba_to_gj.22;0;1755.68;0.87;0.00;17.64;car;;0;0.00
1450.00;45494495_0;58.90;10.30;1278.00;0.82;-230845886_0;5.10;0.00;tripinfo_wu_ba_to_os.21;172.00;wu_ba_to_os.21;0;1647.96;0.95;0.00;14.38;car;;0;0.00
1450.00;23527526_0;253.75;11.16;1371.00;0.00;23687583_0;5.10;0.00;tripinfo_wu_as_to_gj.23;79.00;wu_as_to_gj.23;0;649.06;1.08;0.00;24.61;car;;1;5.00
1452.00;45494495_0;58.90;10.73;1281.00;3.16;-230845886_0;5.10;0.00;tripinfo_wu_ba_to_os.22;171.00;wu_ba_to_os.22;0;1647.96;1.01;0.00;22.43;car;;0;0.00
1453.00;972103805_0;116.86;10.02;1284.00;0.94;-23142338#2_0;5.10;0.00;tripinfo_wu_ns_to_ko.38;169.00;wu_ns_to_ko.38;0;1398.55;0.97;0.00;38.69;car;;2;17.00
1454.00;41899283#1_0;148.70;12.89;1307.00;7.76;-230845886_0;5.10;0.00;tripinfo_wu_ba_to_as.23;147.00;wu_ba_to_as.23;0;1430.78;1.19;0.00;37.38;car;;0;0.00
1459.00;23156390_0;1121.44;8.70;1268.00;0.76;23687583_0;5.10;0.00;tripinfo_wu_as_to_br.8;191.00;wu_as_to_br.8;0;1694.48;0.88;0.00;17.09;car;;0;0.00
1460.00;23142338#2_0;290.21;10.72;1227.00;0.21;-230845886_0;5.10;0.00;tripinfo_wu_ba_to_ns.15;233.00;wu_ba_to_ns.15;0;2346.36;0.99;0.00;17.94;car;;0;0.00
1461.00;23156390_0;1121.44;12.09;1156.00;0.61;803785575#0_0;5.10;0.00;tripinfo_wu_od_to_br.18;305.00;wu_od_to_br.18;0;3149.31;1.14;0.00;52.74;car;;0;0.00
1466.00;23142338#2_0;290.21;10.24;1258.00;4.47;23687583_0;5.10;0.00;tripinfo_wu_as_to_ns.21;208.00;wu_as_to_ns.21;0;1995.73;1.02;0.00;29.32;car;;1;7.00
1467.00;41899283#1_0;148.70;11.82;1267.00;0.70;-45494495_0;5.10;0.00;tripinfo_wu_os_to_as.8;200.00;wu_os_to_as.8;0;1746.47;1.15;0.00;62.88;car;;2;14.00
1467.00;28716808#1_0;754.74;9.69;1332.00;0.87;23687583_0;5.10;0.00;tripinfo_wu_as_to_kl.7;135.00;wu_as_to_kl.7;0;1207.92;0.89;0.00;11.15;car;;0;0.00
1468.00;972103805_0;116.86;8.89;1190.00;4.47;803785575#0_0;5.10;0.00;tripinfo_wu_od_to_ko.42;278.00;wu_od_to_ko.42;0;2307.67;0.92;0.00;38.60;car;;1;8.00
1469.00;23527526_0;253.75;9.94;1239.00;0.38;-23142338#2_0;5.10;0.00;tripinfo_wu_ns_to_gj.3;230.00;wu_ns_to_gj.3;0;2084.96;0.90;0.00;21.08;car;;0;0.00
1469.00;28716808#1_0;754.74;11.84;1343.00;7.31;23687583_0;5.10;0.00;tripinfo_wu_as_to_kl.8;126.00;wu_as_to_kl.8;0;1207.92;1.12;0.00;28.00;car;;1;10.00
1470.00;972103805_0;116.86;9.64;1193.00;0.59;803785575#0_0;5.10;0.00;tripinfo_wu_od_to_ko.43;277.00;wu_od_to_ko.43;0;2307.67;0.94;0.00;44.25;car;;1;7.00
1475.00;972103805_0;116.86;10.45;1349.00;1.08;23687583_0;5.10;0.00;tripinfo_wu_as_to_ko.38;126.00;wu_as_to_ko.38;0;1102.39;0.98;0.00;24.12;car;;1;11.00
1476.00;23156030#6_0;109.07;9.63;1216.00;0.14;23687583_0;5.10;0.00;tripinfo_wu_as_to_od.14;260.00;wu_as_to_od.14;0;2357.31;0.98;0.00;43.95;car;;2;13.00
1477.00;23527526_0;253.75;8.56;1165.00;2.10;803785575#0_0;5.10;0.00;tripinfo_wu_od_to_gj.8;312.00;wu_od_to_gj.8;0;2706.99;0.86;0.00;28.84;car;;0;0.00
1478.00;972103805_0;116.86;10.11;1356.00;0.70;23687583_0;5.10;0.00;tripinfo_wu_as_to_ko.39;122.00;wu_as_to_ko.39;0;1102.39;0.95;0.00;17.48;car;;1;1.00
1480.00;972103805_0;116.86;11.91;1252.00;0.27;-230845886_0;5.10;0.00;tripinfo_wu_ba_to_ko.45;228.00;wu_ba_to_ko.45;0;2114.29;1.12;0.00;57.24;car;;2;7.00
1481.00;23156030#6_0;109.07;8.63;1198.00;0.49;-230845886_0;5.10;0.00;tripinfo_wu_ba_to_od.15;283.00;wu_ba_to_od.15;0;2315.50;0.88;0.00;44.73;car;;2;18.00
1484.00;972103805_0;116.86;11.05;1201.00;0.97;803785575#0_0;5.10;0.00;tripinfo_wu_od_to_ko.44;283.00;wu_od_to_ko.44;0;2307.67;1.06;0.00;74.70;car;;2;17.00
1485.00;23142338#2_0;290.21;10.22;1230.00;0.48;-230845886_0;5.10;0.00;tripinfo_wu_ba_to_ns.16;255.00;wu_ba_to_ns.16;0;2346.36;0.96;0.00;33.87;car;;1;12.00
1485.00;41899283#1_0;148.70;9.59;1271.00;0.98;-45494495_0;5.10;0.00;tripinfo_wu_os_to_as.9;214.00;wu_os_to_as.9;0;1746.47;0.97;0.00;50.74;car;;3;21.00
1492.00;41899283#1_0;148.70;9.63;1209.00;2.09;803785575#0_0;5.10;0.00;tripinfo_wu_od_to_as.21;283.00;wu_od_to_as.21;0;2382.09;0.91;0.00;46.18;car;;2;15.00
1494.00;41899283#1_0;148.70;10.25;1216.00;0.40;803785575#0_0;5.10;0.00;tripinfo_wu_od_to_as.22;278.00;wu_od_to_as.22;0;2382.09;0.97;0.00;56.39;car;;2;8.00
1495.00;23527526_0;253.75;9.89;1302.00;3.26;-230845886_0;5.10;0.00;tripinfo_wu_ba_to_gj.23;193.00;wu_ba_to_gj.23;0;1755.68;0.96;0.00;27.01;car;;0;0.00
1496.00;41899283#1_0;148.70;10.14;1283.00;0.58;-45494495_0;5.10;0.00;tripinfo_wu_os_to_as.10;213.00;wu_os_to_as.10;0;1746.47;1.02;0.00;57.64;car;;2;10.00
1497.00;230845886_0;633.12;11.39;1236.00;5.71;803785575#0_0;5.10;0.00;tripinfo_wu_od_to_ba.23;261.00;wu_od_to_ba.23;0;2382.14;1.05;0.00;56.04;car;;1;4.00
1497.00;23527526_0;253.75;11.42;1313.00;3.34;-230845886_0;5.10;0.00;tripinfo_wu_ba_to_gj.24;184.00;wu_ba_to_gj.24;0;1755.68;1.03;0.00;29.67;car;;0;0.00
1499.00;230845886_0;633.12;11.85;1257.00;0.88;803785575#0_0;5.10;0.00;tripinfo_wu_od_to_ba.25;242.00;wu_od_to_ba.25;0;2382.14;1.16;0.00;55.69;car;;1;2.00
1499.00;41899283#1_0;148.70;10.07;1289.00;4.46;-45494495_0;5.10;0.00;tripinfo_wu_os_to_as.11;210.00;wu_os_to_as.11;0;1746.47;1.00;0.00;51.30;car;;1;5.00
1499.00;23527526_0;253.75;10.82;1316.00;3.38;-230845886_0;5.10;0.00;tripinfo_wu_ba_to_gj.25;183.00;wu_ba_to_gj.25;0;1755.68;1.04;0.00;29.57;car;;0;0.00
1500.00;45494495_0;58.90;9.93;1330.00;0.87;-230845886_0;5.10;0.00;tripinfo_wu_ba_to_os.23;170.00;wu_ba_to_os.23;0;1647.96;0.98;0.00;17.69;car;;0;0.00
1503.00;28706217_0;94.10;7.97;1262.00;0.17;-230845886_0;5.10;0.00;tripinfo_wu_ba_to_sl.16;241.00;wu_ba_to_sl.16;0;1934.94;1.00;0.00;60.28;car;;2;37.00
1505.00;972103805_0;116.86;9.68;1378.00;0.75;23687583_0;5.10;0.00;tripinfo_wu_as_to_ko.40;127.00;wu_as_to_ko.40;0;1102.39;0.99;0.00;26.37;car;;1;9.00
1513.00;972103805_0;116.86;12.05;1280.00;0.92;803785575#0_0;5.10;0.00;tripinfo_wu_od_to_ko.45;233.00;wu_od_to_ko.45;0;2307.67;1.11;0.00;34.44;car;;1;9.00
1518.00;23156305_0;1264.14;10.93;1218.00;0.65;-45494495_0;5.10;0.00;tripinfo_wu_os_to_gg.5;300.00;wu_os_to_gg.5;0;3034.34;1.04;0.00;33.46;car;;0;0.00
1521.00;41899283#1_0;148.70;9.81;1233.00;3.07;803785575#0_0;5.10;0.00;tripinfo_wu_od_to_as.23;288.00;wu_od_to_as.23;0;2382.09;0.91;0.00;50.73;car;;2;4.00
1525.00;41899283#1_0;148.70;10.27;1378.00;0.12;-230845886_0;5.10;0.00;tripinfo_wu_ba_to_as.24;147.00;wu_ba_to_as.24;0;1430.78;0.99;0.00;16.50;car;;0;0.00
1525.00;972103805_0;116.86;10.87;1393.00;0.24;-23142338#2_0;5.10;0.00;tripinfo_wu_ns_to_ko.39;132.00;wu_ns_to_ko.39;0;1398.55;1.07;0.00;13.92;car;;0;0.00
1526.00;230845886_0;633.12;8.44;1242.00;3.10;803785575#0_0;5.10;0.00;tripinfo_wu_od_to_ba.24;284.00;wu_od_to_ba.24;0;2382.14;0.84;0.00;27.85;car;;0;0.00
1534.00;23156305_0;1264.14;10.12;1150.00;0.71;803785575#0_0;5.10;0.00;tripinfo_wu_od_to_gg.16;384.00;wu_od_to_gg.16;0;3669.96;0.95;0.00;32.95;car;;0;0.00
1536.00;23156030#6_0;109.07;9.40;1264.00;7.43;23687583_0;5.10;0.00;tripinfo_wu_as_to_od.15;272.00;wu_as_to_od.15;0;2357.31;0.95;0.00;47.57;car;;2;20.00
1536.00;972103805_0;116.86;9.90;1394.00;0.34;23687583_0;5.10;0.00;tripinfo_wu_as_to_ko.41;142.00;wu_as_to_ko.41;0;1102.39;0.92;0.00;34.06;car;;2;13.00
1536.00;28706217_0;94.10;6.28;1469.00;0.36;-45494495_0;5.10;0.00;tripinfo_wu_os_to_sl.8;67.00;wu_os_to_sl.8;0;484.95;0.89;0.00;11.82;car;;1;1.00
1537.00;23156030#6_1;109.07;10.72;1296.00;2.82;-230845886_0;5.10;0.00;tripinfo_wu_ba_to_od.17;241.00;wu_ba_to_od.17;0;2315.50;1.02;0.00;35.68;car;;0;0.00
1538.00;23156030#6_0;109.07;9.92;1293.00;1.95;-230845886_0;5.10;0.00;tripinfo_wu_ba_to_od.16;245.00;wu_ba_to_od.16;0;2315.50;0.98;0.00;30.73;car;;0;0.00
1541.00;41899283#1_0;148.70;12.32;1295.00;7.58;803785575#0_0;5.10;0.00;tripinfo_wu_od_to_as.25;246.00;wu_od_to_as.25;0;2382.09;1.14;0.00;56.03;car;;1;3.00
1541.00;45494495_0;58.90;11.96;1452.00;3.58;803785575#0_0;5.10;0.00;tripinfo_wu_od_to_os.27;89.00;wu_od_to_os.27;0;969.96;1.08;0.00;7.82;car;;0;0.00
1542.00;23527526_0;253.75;10.52;1303.00;0.79;-45494495_0;5.10;0.00;tripinfo_wu_os_to_gj.6;239.00;wu_os_to_gj.6;0;2071.37;1.02;0.00;55.12;car;;2;3.00
1544.00;23156390_0;1121.44;10.63;1255.00;0.93;-23142338#2_0;5.10;0.00;tripinfo_wu_ns_to_br.2;289.00;wu_ns_to_br.2;0;2792.05;1.04;0.00;46.01;car;;1;18.00
1545.00;972103805_0;116.86;8.88;1284.00;5.21;-230845886_0;5.10;0.00;tripinfo_wu_ba_to_ko.46;261.00;wu_ba_to_ko.46;0;2114.29;0.81;0.00;23.83;car;;0;0.00
1547.00;972103805_0;116.86;11.70;1304.00;0.85;803785575#0_0;5.10;0.00;tripinfo_wu_od_to_ko.46;243.00;wu_od_to_ko.46;0;2307.67;1.06;0.00;34.85;car;;1;7.00
1551.00;41899283#1_0;148.70;9.54;1292.00;4.86;803785575#0_0;5.10;0.00;tripinfo_wu_od_to_as.24;259.00;wu_od_to_as.24;0;2382.09;0.97;0.00;36.47;car;;0;0.00
1552.00;28716808#1_0;754.74;10.70;1248.00;0.38;803785575#0_0;5.10;0.00;tripinfo_wu_od_to_kl.18;304.00;wu_od_to_kl.18;0;2678.40;1.00;0.00;61.20;car;;0;0.00
1557.00;230845886_0;633.12;9.74;1373.00;0.32;-45494495_0;5.10;0.00;tripinfo_wu_os_to_ba.10;184.00;wu_os_to_ba.10;0;1746.52;0.97;0.00;20.09;car;;0;0.00
1558.00;23142338#2_0;290.21;9.50;1308.00;0.58;23687583_0;5.10;0.00;tripinfo_wu_as_to_ns.22;250.00;wu_as_to_ns.22;0;1995.73;0.94;0.00;56.85;car;;2;23.00
1559.00;230845886_0;633.12;12.15;1333.00;0.53;-23142338#2_0;5.10;0.00;tripinfo_wu_ns_to_ba.5;226.00;wu_ns_to_ba.5;0;2340.42;1.20;0.00;49.74;car;;1;5.00
1560.00;45494495_0;58.90;9.86;1383.00;0.40;-230845886_0;5.10;0.00;tripinfo_wu_ba_to_os.24;177.00;wu_ba_to_os.24;0;1647.96;1.00;0.00;27.34;car;;0;0.00
1564.00;23156030#6_0;109.07;10.77;1310.00;1.67;-230845886_0;5.10;0.00;tripinfo_wu_ba_to_od.19;254.00;wu_ba_to_od.19;0;2315.50;1.01;0.00;47.29;car;;1;9.00
1565.00;41899283#1_0;148.70;9.88;1337.00;0.07;-23142338#2_0;5.10;0.00;tripinfo_wu_ns_to_as.6;228.00;wu_ns_to_as.6;0;2009.37;0.93;0.00;32.05;car;;1;9.00
1567.00;972103805_0;116.86;10.30;1286.00;5.25;-230845886_0;5.10;0.00;tripinfo_wu_ba_to_ko.47;281.00;wu_ba_to_ko.47;0;2114.29;0.93;0.00;74.65;car;;1;19.00
1568.00;23527526_0;253.75;9.14;1477.00;0.07;23687583_0;5.10;0.00;tripinfo_wu_as_to_gj.24;91.00;wu_as_to_gj.24;0;649.06;0.92;0.00;26.40;car;;1;15.00
1569.00;23156030#6_0;109.07;8.99;1299.00;0.76;-230845886_0;5.10;0.00;tripinfo_wu_ba_to_od.18;270.00;wu_ba_to_od.18;0;2315.50;0.91;0.00;39.28;car;;1;10.00
1569.00;23527526_0;253.75;11.56;1400.00;3.67;-230845886_0;5.10;0.00;tripinfo_wu_ba_to_gj.26;169.00;wu_ba_to_gj.26;0;1755.68;1.14;0.00;29.68;car;;0;0.00
1571.00;972103805_0;116.86;8.72;1319.00;5.21;-230845886_0;5.10;0.00;tripinfo_wu_ba_to_ko.48;252.00;wu_ba_to_ko.48;0;2114.29;0.85;0.00;25.05;car;;0;0.00
1573.00;972103805_0;116.86;10.76;1322.00;0.27;-230845886_0;5.10;0.00;tripinfo_wu_ba_to_ko.49;251.00;wu_ba_to_ko.49;0;2114.29;0.97;0.00;52.69;car;;0;0.00
1576.00;23156030#6_0;109.07;9.07;1480.00;0.05;-45494495_0;5.10;0.00;tripinfo_wu_os_to_od.13;96.00;wu_os_to_od.13;0;865.51;0.90;0.00;8.17;car;;0;0.00
1577.00;41899283#1_0;148.70;8.67;1410.00;0.57;-230845886_0;5.10;0.00;tripinfo_wu_ba_to_as.26;167.00;wu_ba_to_as.26;0;1430.78;0.89;0.00;21.09;car;;1;1.00
1582.00;28716808#1_0;754.74;8.78;1273.00;3.79;803785575#0_0;5.10;0.00;tripinfo_wu_od_to_kl.19;309.00;wu_od_to_kl.19;0;2678.40;0.86;0.00;26.06;car;;0;0.00
1582.00;23142338#2_0;290.21;12.44;1383.00;0.13;23687583_0;5.10;0.00;tripinfo_wu_as_to_ns.23;199.00;wu_as_to_ns.23;0;1995.73;1.16;0.00;41.66;car;;1;8.00
1582.00;41899283#1_0;148.70;8.97;1403.00;1.67;-230845886_0;5.10;0.00;tripinfo_wu_ba_to_as.25;179.00;wu_ba_to_as.25;0;1430.78;0.81;0.00;19.63;car;;0;0.00
1586.00;23156390_0;1121.44;9.56;1206.00;0.49;803785575#0_0;5.10;0.00;tripinfo_wu_od_to_br.19;380.00;wu_od_to_br.19;0;3149.31;0.87;0.00;52.04;car;;2;11.00
1587.00;41899283#1_0;148.70;12.52;1406.00;0.05;-23142338#2_0;5.10;0.00;tripinfo_wu_ns_to_as.7;181.00;wu_ns_to_as.7;0;2009.37;1.17;0.00;24.63;car;;0;0.00
1590.00;28716808#1_0;754.74;9.85;1455.00;0.80;23687583_0;5.10;0.00;tripinfo_wu_as_to_kl.9;135.00;wu_as_to_kl.9;0;1207.92;0.90;0.00;12.24;car;;0;0.00
1590.00;45494495_0;58.90;9.51;1482.00;5.82;803785575#0_0;5.10;0.00;tripinfo_wu_od_to_os.28;108.00;wu_od_to_os.28;0;969.96;0.90;0.00;9.85;car;;0;0.00
1593.00;23156305_0;1264.14;8.86;1289.00;0.28;-230845886_0;5.10;0.00;tripinfo_wu_ba_to_gg.14;304.00;wu_ba_to_gg.14;0;2718.65;0.91;0.00;33.37;car;;1;1.00
1594.00;45494495_0;58.90;10.91;1411.00;0.27;23687583_0;5.10;0.00;tripinfo_wu_as_to_os.24;183.00;wu_as_to_os.24;0;1689.77;1.01;0.00;31.18;car;;2;2.00
1597.00;28706217_0;94.10;7.13;1346.00;6.15;23687583_0;5.10;0.00;tripinfo_wu_as_to_sl.23;251.00;wu_as_to_sl.23;0;1976.75;0.88;0.00;41.78;car;;2;10.00
1598.00;972103805_0;116.86;11.31;1474.00;0.93;23687583_0;5.10;0.00;tripinfo_wu_as_to_ko.42;124.00;wu_as_to_ko.42;0;1102.39;1.08;0.00;30.87;car;;1;16.00
1599.00;23156390_0;1121.44;9.98;1230.00;0.87;803785575#0_0;5.10;0.00;tripinfo_wu_od_to_br.20;369.00;wu_od_to_br.20;0;3149.31;0.96;0.00;70.39;car;;3;13.00
1599.00;23527526_0;253.75;9.03;1298.00;4.38;803785575#0_0;5.10;0.00;tripinfo_wu_od_to_gj.9;301.00;wu_od_to_gj.9;0;2706.99;0.88;0.00;22.96;car;;0;0.00
1602.00;23156030#6_0;109.07;8.46;1337.00;4.15;23687583_0;5.10;0.00;tripinfo_wu_as_to_od.16;265.00;wu_as_to_od.16;0;2357.31;0.87;0.00;19.57;car;;0;0.00
1602.00;23527526_0;253.75;11.92;1428.00;0.68;-230845886_0;5.10;0.00;tripinfo_wu_ba_to_gj.27;174.00;wu_ba_to_gj.27;0;1755.68;1.09;0.00;28.22;car;;1;3.00
1605.00;972103805_0;116.86;9.15;1447.00;0.64;-23142338#2_0;5.10;0.00;tripinfo_wu_ns_to_ko.40;158.00;wu_ns_to_ko.40;0;1398.55;0.92;0.00;20.61;car;;1;3.00
1607.00;972103805_0;116.86;11.56;1457.00;0.06;-23142338#2_0;5.10;0.00;tripinfo_wu_ns_to_ko.41;150.00;wu_ns_to_ko.41;0;1398.55;1.06;0.00;31.27;car;;2;2.00
1609.00;23156390_0;1121.44;10.03;1239.00;1.07;803785575#0_0;5.10;0.00;tripinfo_wu_od_to_br.21;370.00;wu_od_to_br.21;0;3149.31;0.91;0.00;56.08;car;;1;2.00
1615.00;28716808#1_0;754.74;9.42;1313.00;0.53;803785575#0_0;5.10;0.00;tripinfo_wu_od_to_kl.20;302.00;wu_od_to_kl.20;0;2678.40;0.89;0.00;30.12;car;;1;3.00
1622.00;23156305_0;1264.14;8.74;1184.00;0.51;803785575#0_0;5.10;0.00;tripinfo_wu_od_to_gg.17;438.00;wu_od_to_gg.17;0;3669.96;0.83;0.00;35.63;car;;0;0.00
1624.00;23156305_0;1264.14;11.02;1337.00;0.13;-230845886_0;5.10;0.00;tripinfo_wu_ba_to_gg.15;287.00;wu_ba_to_gg.15;0;2718.65;1.09;0.00;60.23;car;;0;0.00
1624.00;972103805_0;116.86;10.21;1397.00;0.80;-230845886_0;5.10;0.00;tripinfo_wu_ba_to_ko.50;227.00;wu_ba_to_ko.50;0;2114.29;0.98;0.00;31.79;car;;1;8.00
1624.00;23527526_0;253.75;8.94;1521.00;1.32;23687583_0;5.10;0.00;tripinfo_wu_as_to_gj.25;103.00;wu_as_to_gj.25;0;649.06;0.85;0.00;33.17;car;;1;22.00
1625.00;23156030#6_0;109.07;10.40;1527.00;0.80;-45494495_0;5.10;0.00;tripinfo_wu_os_to_od.15;98.00;wu_os_to_od.15;0;865.51;1.01;0.00;20.32;car;;1;6.00
1625.00;23156030#6_1;109.07;12.11;1537.00;0.87;-45494495_0;5.10;0.00;tripinfo_wu_os_to_od.16;88.00;wu_os_to_od.16;0;865.51;1.17;0.00;21.33;car;;1;2.00
1626.00;23527526_0;253.75;10.18;1437.00;0.72;-230845886_0;5.10;0.00;tripinfo_wu_ba_to_gj.28;189.00;wu_ba_to_gj.28;0;1755.68;0.93;0.00;17.46;car;;0;0.00
1627.00;23156030#6_1;109.07;12.15;1412.00;0.16;-23142338#2_0;5.10;0.00;tripinfo_wu_ns_to_od.3;215.00;wu_ns_to_od.3;0;2005.01;1.12;0.00;42.29;car;;1;15.00
1627.00;23156030#6_0;109.07;10.11;1518.00;0.35;-45494495_0;5.10;0.00;tripinfo_wu_os_to_od.14;109.00;wu_os_to_od.14;0;865.51;0.95;0.00;26.19;car;;1;13.00
1628.00;28706217_0;94.10;8.63;1397.00;2.35;23687583_0;5.10;0.00;tripinfo_wu_as_to_sl.24;231.00;wu_as_to_sl.24;0;1976.75;1.06;0.00;57.33;car;;4;18.00
1631.00;28706217_0;94.10;7.98;1400.00;3.91;23687583_0;5.10;0.00;tripinfo_wu_as_to_sl.25;231.00;wu_as_to_sl.25;0;1976.75;1.02;0.00;52.27;car;;3;9.00
1633.00;23142338#2_0;290.21;13.70;1448.00;0.82;23687583_0;5.10;0.00;tripinfo_wu_as_to_ns.24;185.00;wu_as_to_ns.24;0;1995.73;1.24;0.00;38.66;car;;2;12.00
1635.00;23156305_0;1264.14;9.91;1223.00;0.95;803785575#0_0;5.10;0.00;tripinfo_wu_od_to_gg.18;412.00;wu_od_to_gg.18;0;3669.96;0.95;0.00;62.04;car;;2;6.00
1635.00;230845886_0;633.12;10.15;1373.00;0.18;-23142338#2_0;5.10;0.00;tripinfo_wu_ns_to_ba.6;262.00;wu_ns_to_ba.6;0;2340.42;0.94;0.00;37.32;car;;1;15.00
1637.00;230845886_0;633.12;11.96;1499.00;2.06;23687583_0;5.10;0.00;tripinfo_wu_as_to_ba.19;138.00;wu_as_to_ba.19;0;1356.50;1.16;0.00;32.00;car;;1;7.00
1638.00;28716808#1_0;754.74;11.72;1359.00;0.18;803785575#0_0;5.10;0.00;tripinfo_wu_od_to_kl.21;279.00;wu_od_to_kl.21;0;2678.40;1.08;0.00;54.35;car;;2;7.00
1639.00;23156390_0;1121.44;9.12;1438.00;0.73;23687583_0;5.10;0.00;tripinfo_wu_as_to_br.9;201.00;wu_as_to_br.9;0;1694.48;0.83;0.00;16.92;car;;0;0.00
1639.00;23527526_0;253.75;9.90;1536.00;0.24;23687583_0;5.10;0.00;tripinfo_wu_as_to_gj.26;103.00;wu_as_to_gj.26;0;649.06;0.89;0.00;36.47;car;;2;16.00
1640.00;23156390_0;1121.44;11.68;1289.00;4.54;803785575#0_0;5.10;0.00;tripinfo_wu_od_to_br.22;351.00;wu_od_to_br.22;0;3149.31;1.22;0.00;116.31;car;;0;0.00
1642.00;23156390_0;1121.44;10.57;1354.00;0.07;-45494495_0;5.10;0.00;tripinfo_wu_os_to_br.4;288.00;wu_os_to_br.4;0;2513.69;1.01;0.00;60.86;car;;1;2.00
1644.00;23156305_0;1264.14;10.62;1226.00;3.00;803785575#0_0;5.10;0.00;tripinfo_wu_od_to_gg.19;418.00;wu_od_to_gg.19;0;3669.96;0.97;0.00;73.95;car;;3;13.00
1644.00;23156390_0;1121.44;11.49;1321.00;0.46;803785575#0_0;5.10;0.00;tripinfo_wu_od_to_br.23;323.00;wu_od_to_br.23;0;3149.31;1.14;0.00;71.40;car;;1;2.00
1644.00;23156030#6_0;109.07;8.04;1357.00;0.68;-230845886_0;5.10;0.00;tripinfo_wu_ba_to_od.20;287.00;wu_ba_to_od.20;0;2315.50;0.80;0.00;25.02;car;;0;0.00
1645.00;23156305_0;1264.14;11.60;1267.00;0.14;803785575#0_0;5.10;0.00;tripinfo_wu_od_to_gg.20;378.00;wu_od_to_gg.20;0;3669.96;1.08;0.00;71.24;car;;0;0.00
1645.00;41899283#1_0;148.70;10.20;1495.00;0.89;-230845886_0;5.10;0.00;tripinfo_wu_ba_to_as.27;150.00;wu_ba_to_as.27;0;1430.78;0.96;0.00;14.24;car;;0;0.00
1647.00;23156305_0;1264.14;11.71;1270.00;1.79;803785575#0_0;5.10;0.00;tripinfo_wu_od_to_gg.21;377.00;wu_od_to_gg.21;0;3669.96;1.13;0.00;82.72;car;;1;2.00
1649.00;23527526_0;253.75;10.06;1571.00;0.73;23687583_0;5.10;0.00;tripinfo_wu_as_to_gj.27;78.00;wu_as_to_gj.27;0;649.06;0.94;0.00;14.47;car;;0;0.00
1652.00;28706217_0;94.10;9.44;1466.00;1.26;-23142338#2_0;5.10;0.00;tripinfo_wu_ns_to_sl.1;186.00;wu_ns_to_sl.1;0;1619.36;1.15;0.00;44.54;car;;3;19.00
1654.00;972103805_0;116.86;10.77;1413.00;1.16;-230845886_0;5.10;0.00;tripinfo_wu_ba_to_ko.51;241.00;wu_ba_to_ko.51;0;2114.29;1.05;0.00;58.12;car;;2;15.00
1655.00;23156030#6_0;109.07;9.59;1372.00;0.90;-230845886_0;5.10;0.00;tripinfo_wu_ba_to_od.21;283.00;wu_ba_to_od.21;0;2315.50;0.96;0.00;66.12;car;;1;18.00
1657.00;23527526_0;253.75;9.49;1585.00;1.10;23687583_0;5.10;0.00;tripinfo_wu_as_to_gj.28;72.00;wu_as_to_gj.28;0;649.06;0.93;0.00;7.55;car;;0;0.00
1659.00;23156390_0;1121.44;10.49;1340.00;1.88;803785575#0_0;5.10;0.00;tripinfo_wu_od_to_br.25;319.00;wu_od_to_br.25;0;3149.31;1.02;0.00;39.51;car;;2;8.00
1659.00;28706217_0;94.10;7.53;1414.00;1.95;23687583_0;5.10;0.00;tripinfo_wu_as_to_sl.26;245.00;wu_as_to_sl.26;0;1976.75;0.95;0.00;52.43;car;;3;16.00
1662.00;23527526_0;253.75;9.99;1593.00;0.22;23687583_0;5.10;0.00;tripinfo_wu_as_to_gj.29;69.00;wu_as_to_gj.29;0;649.06;0.97;0.00;7.82;car;;0;0.00
1664.00;972103805_0;116.86;9.36;1362.00;2.09;803785575#0_0;5.10;0.00;tripinfo_wu_od_to_ko.47;302.00;wu_od_to_ko.47;0;2307.67;0.88;0.00;53.53;car;;2;25.00
1664.00;41899283#1_0;148.70;9.94;1404.00;0.56;803785575#0_0;5.10;0.00;tripinfo_wu_od_to_as.26;260.00;wu_od_to_as.26;0;2382.09;0.93;0.00;29.27;car;;1;4.00
1664.00;45494495_0;58.90;11.54;1483.00;0.79;23687583_0;5.10;0.00;tripinfo_wu_as_to_os.25;181.00;wu_as_to_os.25;0;1689.77;1.15;0.00;48.16;car;;2;23.00
1664.00;23527526_0;253.75;12.73;1596.00;0.32;23687583_0;5.10;0.00;tripinfo_wu_as_to_gj.30;68.00;wu_as_to_gj.30;0;649.06;1.23;0.00;19.53;car;;0;0.00
1666.00;972103805_0;116.86;10.29;1365.00;0.90;803785575#0_0;5.10;0.00;tripinfo_wu_od_to_ko.48;301.00;wu_od_to_ko.48;0;2307.67;0.95;0.00;71.50;car;;2;21.00
1666.00;41899283#1_0;148.70;10.95;1413.00;0.84;803785575#0_0;5.10;0.00;tripinfo_wu_od_to_as.27;253.00;wu_od_to_as.27;0;2382.09;1.00;0.00;36.81;car;;2;3.00
1668.00;972103805_0;116.86;10.50;1375.00;0.30;803785575#0_0;5.10;0.00;tripinfo_wu_od_to_ko.49;293.00;wu_od_to_ko.49;0;2307.67;1.04;0.00;81.54;car;;2;20.00
1670.00;972103805_0;116.86;10.73;1378.00;3.19;803785575#0_0;5.10;0.00;tripinfo_wu_od_to_ko.50;292.00;wu_od_to_ko.50;0;2307.67;1.01;0.00;74.92;car;;2;30.00
1672.00;972103805_0;116.86;13.08;1368.00;1.32;-45494495_0;5.10;0.00;tripinfo_wu_os_to_ko.16;304.00;wu_os_to_ko.16;0;2045.29;1.25;0.00;146.01;car;;5;49.00
1676.00;23142338#2_0;290.21;10.66;1458.00;1.72;23687583_0;5.10;0.00;tripinfo_wu_as_to_ns.25;218.00;wu_as_to_ns.25;0;1995.73;0.99;0.00;34.07;car;;2;3.00
1677.00;45494495_0;58.90;10.33;1502.00;3.16;23687583_0;5.10;0.00;tripinfo_wu_as_to_os.26;175.00;wu_as_to_os.26;0;1689.77;1.03;0.00;26.28;car;;1;5.00
1678.00;972103805_0;116.86;9.53;1392.00;0.10;803785575#0_0;5.10;0.00;tripinfo_wu_od_to_ko.51;286.00;wu_od_to_ko.51;0;2307.67;0.96;0.00;55.99;car;;2;21.00
1680.00;972103805_0;116.86;10.18;1400.00;0.86;803785575#0_0;5.10;0.00;tripinfo_wu_od_to_ko.52;280.00;wu_od_to_ko.52;0;2307.67;0.98;0.00;56.16;car;;3;19.00
1682.00;45494495_0;58.90;9.99;1511.00;0.19;23687583_0;5.10;0.00;tripinfo_wu_as_to_os.27;171.00;wu_as_to_os.27;0;1689.77;0.98;0.00;15.45;car;;0;0.00
1684.00;972103805_0;116.86;11.07;1525.00;1.19;23687583_0;5.10;0.00;tripinfo_wu_as_to_ko.43;159.00;wu_as_to_ko.43;0;1102.39;1.02;0.00;61.39;car;;3;37.00
1685.00;41899283#1_0;148.70;11.62;1449.00;0.67;803785575#0_0;5.10;0.00;tripinfo_wu_od_to_as.28;236.00;wu_od_to_as.28;0;2382.09;1.07;0.00;35.15;car;;1;2.00
1686.00;28706217_0;94.10;7.82;1581.00;0.23;-45494495_0;5.10;0.00;tripinfo_wu_os_to_sl.9;105.00;wu_os_to_sl.9;0;484.95;0.94;0.00;53.29;car;;3;35.00
1687.00;972103805_0;116.86;10.87;1532.00;0.55;23687583_0;5.10;0.00;tripinfo_wu_as_to_ko.44;155.00;wu_as_to_ko.44;0;1102.39;1.01;0.00;55.42;car;;3;30.00
1687.00;45494495_0;58.90;8.83;1577.00;0.61;803785575#0_0;5.10;0.00;tripinfo_wu_od_to_os.29;110.00;wu_od_to_os.29;0;969.96;0.87;0.00;9.63;car;;0;0.00
1688.00;972103805_0;116.86;12.13;1544.00;4.50;23687583_0;5.10;0.00;tripinfo_wu_as_to_ko.45;144.00;wu_as_to_ko.45;0;1102.39;1.13;0.00;55.72;car;;2;20.00
1690.00;28706217_0;94.10;6.67;1455.00;0.38;-230845886_0;5.10;0.00;tripinfo_wu_ba_to_sl.17;235.00;wu_ba_to_sl.17;0;1934.94;0.89;0.00;32.83;car;;2;7.00
1694.00;28706217_0;94.10;7.47;1461.00;3.34;23687583_0;5.10;0.00;tripinfo_wu_as_to_sl.27;233.00;wu_as_to_sl.27;0;1976.75;0.95;0.00;38.71;car;;2;8.00
1694.00;972103805_0;116.86;9.68;1538.00;0.42;-23142338#2_0;5.10;0.00;tripinfo_wu_ns_to_ko.42;156.00;wu_ns_to_ko.42;0;1398.55;0.96;0.00;25.21;car;;1;5.00
1695.00;23156390_0;1121.44;10.06;1337.00;0.57;803785575#0_0;5.10;0.00;tripinfo_wu_od_to_br.24;358.00;wu_od_to_br.24;0;3149.31;0.92;0.00;46.54;car;;3;9.00
1695.00;45494495_0;58.90;11.58;1521.00;0.22;-230845886_0;5.10;0.00;tripinfo_wu_ba_to_os.25;174.00;wu_ba_to_os.25;0;1647.96;1.07;0.00;34.35;car;;1;2.00
1696.00;972103805_0;116.86;10.79;1408.00;0.21;803785575#0_0;5.10;0.00;tripinfo_wu_od_to_ko.53;288.00;wu_od_to_ko.53;0;2307.67;1.05;0.00;79.20;car;;3;35.00
1696.00;28706217_0;94.10;8.22;1510.00;0.78;-23142338#2_0;5.10;0.00;tripinfo_wu_ns_to_sl.2;186.00;wu_ns_to_sl.2;0;1619.36;1.08;0.00;34.14;car;;1;2.00
1697.00;23527526_0;253.75;11.83;1532.00;0.98;-230845886_0;5.10;0.00;tripinfo_wu_ba_to_gj.29;165.00;wu_ba_to_gj.29;0;1755.68;1.08;0.00;17.62;car;;0;0.00
1698.00;45494495_0;58.90;9.09;1517.00;0.88;23687583_0;5.10;0.00;tripinfo_wu_as_to_os.28;181.00;wu_as_to_os.28;0;1689.77;0.92;0.00;15.08;car;;0;0.00
1703.00;972103805_0;116.86;10.23;1439.00;0.16;803785575#0_0;5.10;0.00;tripinfo_wu_od_to_ko.54;264.00;wu_od_to_ko.54;0;2307.67;0.98;0.00;39.38;car;;1;14.00
1703.00;45494495_0;58.90;9.73;1537.00;0.41;-230845886_0;5.10;0.00;tripinfo_wu_ba_to_os.26;166.00;wu_ba_to_os.26;0;1647.96;0.98;0.00;13.59;car;;0;0.00
1706.00;23527526_0;253.75;10.33;1427.00;0.45;803785575#0_0;5.10;0.00;tripinfo_wu_od_to_gj.10;279.00;wu_od_to_gj.10;0;2706.99;1.02;0.00;39.36;car;;2;6.00
1707.00;23156305_0;1264.14;12.38;1343.00;4.42;803785575#0_0;5.10;0.00;tripinfo_wu_od_to_gg.22;364.00;wu_od_to_gg.22;0;3669.96;1.13;0.00;70.13;car;;2;13.00
1708.00;230845886_0;633.12;9.10;1528.00;1.81;23687583_0;5.10;0.00;tripinfo_wu_as_to_ba.20;180.00;wu_as_to_ba.20;0;1356.50;0.93;0.00;48.28;car;;3;26.00
1710.00;230845886_0;633.12;10.85;1582.00;1.86;23687583_0;5.10;0.00;tripinfo_wu_as_to_ba.21;128.00;wu_as_to_ba.21;0;1356.50;1.07;0.00;13.45;car;;0;0.00
1718.00;972103805_0;116.86;8.82;1547.00;2.97;23687583_0;5.10;0.00;tripinfo_wu_as_to_ko.46;171.00;wu_as_to_ko.46;0;1102.39;0.86;0.00;55.60;car;;2;24.00
1719.00;28706217_0;94.10;6.41;1470.00;0.25;23687583_0;5.10;0.00;tripinfo_wu_as_to_sl.28;249.00;wu_as_to_sl.28;0;1976.75;0.83;0.00;27.71;car;;1;2.00
1722.00;41899283#1_0;148.70;10.62;1473.00;2.90;803785575#0_0;5.10;0.00;tripinfo_wu_od_to_as.29;249.00;wu_od_to_as.29;0;2382.09;0.98;0.00;28.64;car;;1;4.00
1723.00;23527526_0;253.75;8.70;1621.00;0.99;23687583_0;5.10;0.00;tripinfo_wu_as_to_gj.31;102.00;wu_as_to_gj.31;0;649.06;0.84;0.00;31.29;car;;1;21.00
1733.00;972103805_0;116.86;9.62;1465.00;0.12;803785575#0_0;5.10;0.00;tripinfo_wu_od_to_ko.55;268.00;wu_od_to_ko.55;0;2307.67;0.95;0.00;38.23;car;;1;13.00
1734.00;23527526_0;253.75;10.95;1561.00;0.30;-230845886_0;5.10;0.00;tripinfo_wu_ba_to_gj.30;173.00;wu_ba_to_gj.30;0;1755.68;1.00;0.00;13.33;car;;0;0.00
1736.00;45494495_0;58.90;11.67;1566.00;0.58;23687583_0;5.10;0.00;tripinfo_wu_as_to_os.29;170.00;wu_as_to_os.29;0;1689.77;1.11;0.00;33.27;car;;0;0.00
1740.00;45494495_0;58.90;10.62;1579.00;0.65;-230845886_0;5.10;0.00;tripinfo_wu_ba_to_os.27;161.00;wu_ba_to_os.27;0;1647.96;1.05;0.00;18.00;car;;1;2.00
1744.00;28706217_0;94.10;7.56;1673.00;0.50;-45494495_0;5.10;0.00;tripinfo_wu_os_to_sl.10;71.00;wu_os_to_sl.10;0;484.95;1.00;0.00;21.92;car;;1;10.00
1745.00;23156030#6_0;109.07;9.69;1649.00;0.95;-45494495_0;5.10;0.00;tripinfo_wu_os_to_od.17;96.00;wu_os_to_od.17;0;865.51;0.97;0.00;15.21;car;;1;2.00
1746.00;972103805_0;116.86;10.12;1500.00;0.90;-230845886_0;5.10;0.00;tripinfo_wu_ba_to_ko.52;246.00;wu_ba_to_ko.52;0;2114.29;0.92;0.00;35.83;car;;2;7.00
1748.00;972103805_0;116.86;12.04;1503.00;3.36;-230845886_0;5.10;0.00;tripinfo_wu_ba_to_ko.53;245.00;wu_ba_to_ko.53;0;2114.29;1.13;0.00;74.89;car;;1;4.00
1752.00;972103805_0;116.86;9.83;1515.00;0.86;-230845886_0;5.10;0.00;tripinfo_wu_ba_to_ko.54;237.00;wu_ba_to_ko.54;0;2114.29;0.90;0.00;24.08;car;;0;0.00
1752.00;41899283#1_0;148.70;10.15;1594.00;0.86;-230845886_0;5.10;0.00;tripinfo_wu_ba_to_as.28;158.00;wu_ba_to_as.28;0;1430.78;0.95;0.00;20.96;car;;1;5.00
1752.00;23527526_0;253.75;9.67;1678.00;0.89;23687583_0;5.10;0.00;tripinfo_wu_as_to_gj.32;74.00;wu_as_to_gj.32;0;649.06;0.90;0.00;7.69;car;;0;0.00
1756.00;23156305_0;1264.14;10.78;1447.00;0.45;-45494495_0;5.10;0.00;tripinfo_wu_os_to_gg.6;309.00;wu_os_to_gg.6;0;3034.34;1.01;0.00;34.70;car;;1;5.00
1756.00;972103805_0;116.86;8.72;1470.00;0.18;803785575#0_0;5.10;0.00;tripinfo_wu_od_to_ko.56;286.00;wu_od_to_ko.56;0;2307.67;0.88;0.00;35.49;car;;1;8.00
1758.00;972103805_0;116.86;10.30;1476.00;3.83;803785575#0_0;5.10;0.00;tripinfo_wu_od_to_ko.57;282.00;wu_od_to_ko.57;0;2307.67;1.03;0.00;68.87;car;;1;6.00
1762.00;230845886_0;633.12;10.36;1519.00;1.04;803785575#0_0;5.10;0.00;tripinfo_wu_od_to_ba.26;243.00;wu_od_to_ba.26;0;2382.14;0.95;0.00;17.70;car;;0;0.00
1763.00;45494495_0;58.90;11.10;1671.00;1.44;803785575#0_0;5.10;0.00;tripinfo_wu_od_to_os.30;92.00;wu_od_to_os.30;0;969.96;1.06;0.00;9.08;car;;0;0.00
1768.00;28706217_0;94.10;8.54;1582.00;3.16;-230845886_0;5.10;0.00;tripinfo_wu_ba_to_sl.18;186.00;wu_ba_to_sl.18;0;1934.94;1.15;0.00;29.17;car;;1;1.00
1773.00;45494495_0;58.90;10.24;1599.00;1.21;23687583_0;5.10;0.00;tripinfo_wu_as_to_os.30;174.00;wu_as_to_os.30;0;1689.77;0.98;0.00;17.65;car;;0;0.00
1776.00;972103805_0;116.86;10.25;1629.00;0.02;23687583_0;5.10;0.00;tripinfo_wu_as_to_ko.47;147.00;wu_as_to_ko.47;0;1102.39;0.96;0.00;43.01;car;;3;22.00
1776.00;23527526_0;253.75;11.12;1711.00;5.19;23687583_0;5.10;0.00;tripinfo_wu_as_to_gj.33;65.00;wu_as_to_gj.33;0;649.06;1.05;0.00;8.46;car;;0;0.00
1778.00;972103805_0;116.86;10.58;1654.00;0.77;23687583_0;5.10;0.00;tripinfo_wu_as_to_ko.48;124.00;wu_as_to_ko.48;0;1102.39;0.99;0.00;22.66;car;;1;2.00
1779.00;972103805_0;116.86;10.61;1661.00;0.85;23687583_0;5.10;0.00;tripinfo_wu_as_to_ko.49;118.00;wu_as_to_ko.49;0;1102.39;1.03;0.00;21.89;car;;0;0.00
1781.00;23156305_0;1264.14;11.24;1418.00;0.69;803785575#0_0;5.10;0.00;tripinfo_wu_od_to_gg.23;363.00;wu_od_to_gg.23;0;3669.96;1.10;0.00;60.93;car;;2;8.00
1782.00;972103805_0;116.86;11.59;1540.00;0.58;-230845886_0;5.10;0.00;tripinfo_wu_ba_to_ko.55;242.00;wu_ba_to_ko.55;0;2114.29;1.05;0.00;57.89;car;;3;21.00
1782.00;230845886_0;633.12;10.55;1542.00;0.60;803785575#0_0;5.10;0.00;tripinfo_wu_od_to_ba.27;240.00;wu_od_to_ba.27;0;2382.14;0.97;0.00;19.20;car;;0;0.00
1783.00;23156305_0;1264.14;11.26;1424.00;0.84;803785575#0_0;5.10;0.00;tripinfo_wu_od_to_gg.24;359.00;wu_od_to_gg.24;0;3669.96;1.10;0.00;57.46;car;;3;10.00
1786.00;972103805_0;116.86;8.56;1479.00;3.06;803785575#0_0;5.10;0.00;tripinfo_wu_od_to_ko.58;307.00;wu_od_to_ko.58;0;2307.67;0.84;0.00;46.19;car;;2;13.00
1788.00;972103805_0;116.86;12.22;1498.00;0.51;803785575#0_0;5.10;0.00;tripinfo_wu_od_to_ko.59;290.00;wu_od_to_ko.59;0;2307.67;1.12;0.00;92.74;car;;2;11.00
1791.00;41899283#1_0;148.70;11.32;1559.00;0.76;803785575#0_0;5.10;0.00;tripinfo_wu_od_to_as.30;232.00;wu_od_to_as.30;0;2382.09;1.03;0.00;23.39;car;;1;2.00
1791.00;23527526_0;253.75;8.90;1599.00;0.35;-230845886_0;5.10;0.00;tripinfo_wu_ba_to_gj.31;192.00;wu_ba_to_gj.31;0;1755.68;0.91;0.00;17.73;car;;0;0.00
1792.00;23142338#2_0;290.21;10.80;1602.00;2.66;23687583_0;5.10;0.00;tripinfo_wu_as_to_ns.26;190.00;wu_as_to_ns.26;0;1995.73;1.08;0.00;21.71;car;;0;0.00
1793.00;23527526_0;253.75;10.63;1714.00;4.43;23687583_0;5.10;0.00;tripinfo_wu_as_to_gj.34;79.00;wu_as_to_gj.34;0;649.06;1.01;0.00;20.55;car;;1;5.00
1794.00;230845886_0;633.12;10.40;1562.00;1.81;803785575#0_0;5.10;0.00;tripinfo_wu_od_to_ba.28;232.00;wu_od_to_ba.28;0;2382.14;1.00;0.00;16.57;car;;0;0.00
1796.00;28716808#1_0;754.74;10.28;1516.00;3.21;803785575#0_0;5.10;0.00;tripinfo_wu_od_to_kl.22;280.00;wu_od_to_kl.22;0;2678.40;0.96;0.00;28.30;car;;1;6.00
1801.00;23156030#6_0;109.07;11.22;1541.00;5.16;23687583_0;5.10;0.00;tripinfo_wu_as_to_od.17;260.00;wu_as_to_od.17;0;2357.31;1.02;0.00;50.20;car;;1;13.00
1803.00;972103805_0;116.86;10.71;1585.00;0.87;-230845886_0;5.10;0.00;tripinfo_wu_ba_to_ko.56;218.00;wu_ba_to_ko.56;0;2114.29;1.08;0.00;39.63;car;;2;12.00
1807.00;972103805_0;116.86;11.01;1589.00;0.26;-230845886_0;5.10;0.00;tripinfo_wu_ba_to_ko.57;218.00;wu_ba_to_ko.57;0;2114.29;1.05;0.00;34.03;car;;1;8.00
1808.00;28716808#1_0;754.74;10.39;1601.00;0.77;-45494495_0;5.10;0.00;tripinfo_wu_os_to_kl.7;207.00;wu_os_to_kl.7;0;2042.78;1.03;0.00;28.19;car;;1;1.00
1813.00;230845886_0;633.12;11.02;1573.00;0.87;803785575#0_0;5.10;0.00;tripinfo_wu_od_to_ba.29;240.00;wu_od_to_ba.29;0;2382.14;1.02;0.00;29.68;car;;1;9.00
1814.00;41899283#1_0;148.70;9.07;1656.00;1.05;-230845886_0;5.10;0.00;tripinfo_wu_ba_to_as.29;158.00;wu_ba_to_as.29;0;1430.78;0.91;0.00;15.20;car;;0;0.00
1815.00;230845886_0;633.12;11.51;1642.00;0.65;-45494495_0;5.10;0.00;tripinfo_wu_os_to_ba.11;173.00;wu_os_to_ba.11;0;1746.52;1.12;0.00;32.07;car;;1;8.00
1816.00;972103805_0;116.86;8.50;1513.00;0.82;803785575#0_0;5.10;0.00;tripinfo_wu_od_to_ko.60;303.00;wu_od_to_ko.60;0;2307.67;0.87;0.00;50.24;car;;2;16.00
1817.00;972103805_0;116.86;11.66;1522.00;3.33;803785575#0_0;5.10;0.00;tripinfo_wu_od_to_ko.61;295.00;wu_od_to_ko.61;0;2307.67;1.07;0.00;89.56;car;;2;14.00
1823.00;23527526_0;253.75;10.83;1594.00;0.38;-23142338#2_0;5.10;0.00;tripinfo_wu_ns_to_gj.4;229.00;wu_ns_to_gj.4;0;2084.96;1.01;0.00;42.57;car;;2;11.00
1825.00;45494495_0;58.90;11.78;1735.00;0.64;803785575#0_0;5.10;0.00;tripinfo_wu_od_to_os.31;90.00;wu_od_to_os.31;0;969.96;1.06;0.00;7.49;car;;0;0.00
1826.00;972103805_0;116.86;9.20;1567.00;0.97;803785575#0_0;5.10;0.00;tripinfo_wu_od_to_ko.62;259.00;wu_od_to_ko.62;0;2307.67;0.94;0.00;24.53;car;;0;0.00
1829.00;41899283#1_0;148.70;10.43;1605.00;0.34;-23142338#2_0;5.10;0.00;tripinfo_wu_ns_to_as.8;224.00;wu_ns_to_as.8;0;2009.37;1.02;0.00;45.38;car;;1;17.00
1831.00;41899283#1_0;148.70;12.17;1624.00;0.51;-23142338#2_0;5.10;0.00;tripinfo_wu_ns_to_as.9;207.00;wu_ns_to_as.9;0;2009.37;1.20;0.00;54.30;car;;1;15.00
1833.00;23156305_0;1264.14;10.18;1432.00;0.57;803785575#0_0;5.10;0.00;tripinfo_wu_od_to_gg.25;401.00;wu_od_to_gg.25;0;3669.96;0.93;0.00;43.34;car;;1;2.00
1833.00;23527526_0;253.75;7.84;1747.00;3.86;23687583_0;5.10;0.00;tripinfo_wu_as_to_gj.35;86.00;wu_as_to_gj.35;0;649.06;0.78;0.00;9.81;car;;0;0.00
1833.00;28706217_0;94.10;7.15;1747.00;0.44;803785575#0_0;5.10;0.00;tripinfo_wu_od_to_sl.1;86.00;wu_od_to_sl.1;0;747.33;0.92;0.00;6.96;car;;0;0.00
1835.00;23156305_0;1264.14;9.96;1547.00;0.17;-230845886_0;5.10;0.00;tripinfo_wu_ba_to_gg.17;288.00;wu_ba_to_gg.17;0;2718.65;0.99;0.00;37.49;car;;0;0.00
1838.00;28706217_0;94.10;8.82;1621.00;0.34;-23142338#2_0;5.10;0.00;tripinfo_wu_ns_to_sl.3;217.00;wu_ns_to_sl.3;0;1619.36;1.14;0.00;73.92;car;;2;43.00
1846.00;41899283#1_0;148.70;11.47;1691.00;0.98;-230845886_0;5.10;0.00;tripinfo_wu_ba_to_as.30;155.00;wu_ba_to_as.30;0;1430.78;1.12;0.00;39.39;car;;1;7.00
1848.00;972103805_0;116.86;11.21;1603.00;1.44;803785575#0_0;5.10;0.00;tripinfo_wu_od_to_ko.63;245.00;wu_od_to_ko.63;0;2307.67;1.01;0.00;27.67;car;;1;4.00
1848.00;23527526_0;253.75;10.83;1610.00;0.67;-23142338#2_0;5.10;0.00;tripinfo_wu_ns_to_gj.5;238.00;wu_ns_to_gj.5;0;2084.96;1.02;0.00;53.02;car;;2;23.00
1848.00;28716808#1_0;754.74;10.85;1655.00;3.58;-45494495_0;5.10;0.00;tripinfo_wu_os_to_kl.8;193.00;wu_os_to_kl.8;0;2042.78;1.07;0.00;19.83;car;;0;0.00
1849.00;28706217_0;94.10;7.46;1637.00;0.44;-230845886_0;5.10;0.00;tripinfo_wu_ba_to_sl.19;212.00;wu_ba_to_sl.19;0;1934.94;1.01;0.00;32.74;car;;2;10.00
1854.00;23156305_0;1264.14;9.51;1543.00;1.24;-230845886_0;5.10;0.00;tripinfo_wu_ba_to_gg.16;311.00;wu_ba_to_gg.16;0;2718.65;0.87;0.00;27.02;car;;0;0.00
1854.00;41899283#1_0;148.70;11.93;1664.00;0.38;-23142338#2_0;5.10;0.00;tripinfo_wu_ns_to_as.10;190.00;wu_ns_to_as.10;0;2009.37;1.19;0.00;36.20;car;;2;5.00
1856.00;23156305_0;1264.14;11.73;1525.00;0.74;-23142338#2_0;5.10;0.00;tripinfo_wu_ns_to_gg.4;331.00;wu_ns_to_gg.4;0;3297.24;1.10;0.00;58.07;car;;0;0.00
1858.00;23527526_0;253.75;8.86;1784.00;1.85;23687583_0;5.10;0.00;tripinfo_wu_as_to_gj.36;74.00;wu_as_to_gj.36;0;649.06;0.90;0.00;7.72;car;;0;0.00
1860.00;45494495_0;58.90;10.34;1764.00;1.19;803785575#0_0;5.10;0.00;tripinfo_wu_od_to_os.32;96.00;wu_od_to_os.32;0;969.96;1.02;0.00;9.98;car;;0;0.00
1861.00;28706217_0;94.10;8.93;1796.00;0.22;-45494495_0;5.10;0.00;tripinfo_wu_os_to_sl.11;65.00;wu_os_to_sl.11;0;484.95;1.13;0.00;21.16;car;;1;8.00
1862.00;45494495_0;58.90;12.04;1768.00;0.65;803785575#0_0;5.10;0.00;tripinfo_wu_od_to_os.33;94.00;wu_od_to_os.33;0;969.96;1.09;0.00;13.05;car;;0;0.00
1865.00;28706217_0;94.10;7.95;1632.00;2.13;23687583_0;5.10;0.00;tripinfo_wu_as_to_sl.29;233.00;wu_as_to_sl.29;0;1976.75;1.04;0.00;57.16;car;;3;23.00
1865.00;972103805_0;116.86;11.77;1633.00;0.36;-230845886_0;5.10;0.00;tripinfo_wu_ba_to_ko.58;232.00;wu_ba_to_ko.58;0;2114.29;1.09;0.00;55.58;car;;2;26.00
1870.00;972103805_0;116.86;9.02;1641.00;0.74;-230845886_0;5.10;0.00;tripinfo_wu_ba_to_ko.59;229.00;wu_ba_to_ko.59;0;2114.29;0.92;0.00;20.44;car;;0;0.00
1871.00;41899283#1_0;148.70;9.89;1712.00;0.90;-230845886_0;5.10;0.00;tripinfo_wu_ba_to_as.32;159.00;wu_ba_to_as.32;0;1430.78;1.00;0.00;28.85;car;;1;3.00
1872.00;972103805_0;116.86;11.33;1658.00;3.44;-45494495_0;5.10;0.00;tripinfo_wu_os_to_ko.17;214.00;wu_os_to_ko.17;0;2045.29;1.11;0.00;36.31;car;;1;3.00
1875.00;41899283#1_0;148.70;9.67;1701.00;0.97;-230845886_0;5.10;0.00;tripinfo_wu_ba_to_as.31;174.00;wu_ba_to_as.31;0;1430.78;0.95;0.00;37.36;car;;2;11.00
1876.00;23156390_0;1121.44;11.36;1587.00;0.11;-23142338#2_0;5.10;0.00;tripinfo_wu_ns_to_br.3;289.00;wu_ns_to_br.3;0;2792.05;1.04;0.00;44.17;car;;1;17.00
1886.00;23527526_0;253.75;8.10;1679.00;0.46;-230845886_0;5.10;0.00;tripinfo_wu_ba_to_gj.32;207.00;wu_ba_to_gj.32;0;1755.68;0.84;0.00;18.15;car;;0;0.00
1887.00;23156305_0;1264.14;11.15;1584.00;0.83;-45494495_0;5.10;0.00;tripinfo_wu_os_to_gg.7;303.00;wu_os_to_gg.7;0;3034.34;1.01;0.00;28.49;car;;0;0.00
1892.00;28706217_0;94.10;8.35;1818.00;0.67;-45494495_0;5.10;0.00;tripinfo_wu_os_to_sl.12;74.00;wu_os_to_sl.12;0;484.95;1.06;0.00;27.61;car;;1;16.00
1893.00;23527526_0;253.75;9.43;1682.00;2.17;-230845886_0;5.10;0.00;tripinfo_wu_ba_to_gj.33;211.00;wu_ba_to_gj.33;0;1755.68;0.87;0.00;27.31;car;;1;6.00
1894.00;23156305_0;1264.14;11.02;1535.00;0.70;803785575#0_0;5.10;0.00;tripinfo_wu_od_to_gg.26;359.00;wu_od_to_gg.26;0;3669.96;1.08;0.00;52.11;car;;1;3.00
1894.00;23156390_0;1121.44;11.16;1645.00;2.65;-45494495_0;5.10;0.00;tripinfo_wu_os_to_br.5;249.00;wu_os_to_br.5;0;2513.69;1.03;0.00;27.04;car;;0;0.00
1894.00;972103805_0;116.86;9.46;1662.00;0.04;-230845886_0;5.10;0.00;tripinfo_wu_ba_to_ko.60;232.00;wu_ba_to_ko.60;0;2114.29;0.92;0.00;21.39;car;;0;0.00
1894.00;23527526_0;253.75;10.55;1704.00;1.71;-230845886_0;5.10;0.00;tripinfo_wu_ba_to_gj.34;190.00;wu_ba_to_gj.34;0;1755.68;1.15;0.00;52.35;car;;1;1.00
1896.00;23156390_0;1121.44;12.59;1652.00;1.27;-45494495_0;5.10;0.00;tripinfo_wu_os_to_br.6;244.00;wu_os_to_br.6;0;2513.69;1.15;0.00;45.03;car;;0;0.00
1896.00;972103805_0;116.86;11.14;1665.00;0.98;-230845886_0;5.10;0.00;tripinfo_wu_ba_to_ko.61;231.00;wu_ba_to_ko.61;0;2114.29;1.06;0.00;49.34;car;;0;0.00
1901.00;23527526_0;253.75;9.02;1794.00;2.52;23687583_0;5.10;0.00;tripinfo_wu_as_to_gj.37;107.00;wu_as_to_gj.37;0;649.06;0.84;0.00;35.91;car;;1;26.00
1903.00;23142338#2_0;290.21;11.11;1653.00;0.43;-230845886_0;5.10;0.00;tripinfo_wu_ba_to_ns.17;250.00;wu_ba_to_ns.17;0;2346.36;1.00;0.00;37.57;car;;1;15.00
1905.00;23142338#2_0;290.21;11.74;1685.00;0.80;803785575#0_0;5.10;0.00;tripinfo_wu_od_to_ns.10;220.00;wu_od_to_ns.10;0;1928.29;1.06;0.00;44.31;car;;2;16.00
1905.00;230845886_0;633.12;10.61;1721.00;0.23;-45494495_0;5.10;0.00;tripinfo_wu_os_to_ba.12;184.00;wu_os_to_ba.12;0;1746.52;1.00;0.00;25.37;car;;0;0.00
1913.00;23527526_0;253.75;8.71;1708.00;1.92;-230845886_0;5.10;0.00;tripinfo_wu_ba_to_gj.35;205.00;wu_ba_to_gj.35;0;1755.68;0.90;0.00;28.25;car;;1;5.00
1917.00;45494495_0;58.90;9.98;1734.00;0.51;23687583_0;5.10;0.00;tripinfo_wu_as_to_os.31;183.00;wu_as_to_os.31;0;1689.77;0.98;0.00;26.67;car;;1;10.00
1918.00;41899283#1_0;148.70;8.76;1632.00;0.04;803785575#0_0;5.10;0.00;tripinfo_wu_od_to_as.31;286.00;wu_od_to_as.31;0;2382.09;0.82;0.00;24.20;car;;0;0.00
1919.00;23527526_0;253.75;9.58;1683.00;0.48;-23142338#2_0;5.10;0.00;tripinfo_wu_ns_to_gj.6;236.00;wu_ns_to_gj.6;0;2084.96;0.90;0.00;26.69;car;;0;0.00
1921.00;972103805_0;116.86;9.34;1649.00;0.40;803785575#0_0;5.10;0.00;tripinfo_wu_od_to_ko.64;272.00;wu_od_to_ko.64;0;2307.67;0.89;0.00;25.24;car;;0;0.00
1922.00;28706217_0;94.10;6.76;1636.00;0.89;23687583_0;5.10;0.00;tripinfo_wu_as_to_sl.30;286.00;wu_as_to_sl.30;0;1976.75;0.87;0.00;75.89;car;;4;38.00
1923.00;972103805_0;116.86;12.22;1688.00;3.88;-230845886_0;5.10;0.00;tripinfo_wu_ba_to_ko.62;235.00;wu_ba_to_ko.62;0;2114.29;1.10;0.00;60.33;car;;2;13.00
1924.00;28706217_0;94.10;7.88;1657.00;1.83;23687583_0;5.10;0.00;tripinfo_wu_as_to_sl.31;267.00;wu_as_to_sl.31;0;1976.75;0.98;0.00;78.84;car;;3;28.00
1928.00;45494495_0;58.90;9.85;1823.00;0.93;803785575#0_0;5.10;0.00;tripinfo_wu_od_to_os.34;105.00;wu_od_to_os.34;0;969.96;0.91;0.00;9.07;car;;0;0.00
1929.00;23156305_0;1264.14;10.04;1587.00;1.35;-45494495_0;5.10;0.00;tripinfo_wu_os_to_gg.8;342.00;wu_os_to_gg.8;0;3034.34;0.91;0.00;36.81;car;;1;4.00
1932.00;972103805_0;116.86;10.63;1662.00;0.86;803785575#0_0;5.10;0.00;tripinfo_wu_od_to_ko.65;270.00;wu_od_to_ko.65;0;2307.67;1.03;0.00;57.34;car;;1;8.00
1933.00;41899283#1_0;148.70;10.02;1776.00;0.87;-230845886_0;5.10;0.00;tripinfo_wu_ba_to_as.33;157.00;wu_ba_to_as.33;0;1430.78;0.90;0.00;13.89;car;;0;0.00
1934.00;972103805_0;116.86;12.17;1668.00;0.63;803785575#0_0;5.10;0.00;tripinfo_wu_od_to_ko.66;266.00;wu_od_to_ko.66;0;2307.67;1.14;0.00;73.60;car;;1;7.00
1935.00;41899283#1_0;148.70;10.55;1787.00;0.91;-230845886_0;5.10;0.00;tripinfo_wu_ba_to_as.34;148.00;wu_ba_to_as.34;0;1430.78;1.01;0.00;20.29;car;;0;0.00
1936.00;28706217_0;94.10;7.29;1681.00;3.38;23687583_0;5.10;0.00;tripinfo_wu_as_to_sl.32;255.00;wu_as_to_sl.32;0;1976.75;0.88;0.00;45.69;car;;1;17.00
1938.00;41899283#1_0;148.70;11.08;1753.00;0.35;-45494495_0;5.10;0.00;tripinfo_wu_os_to_as.12;185.00;wu_os_to_as.12;0;1746.47;1.01;0.00;28.51;car;;1;3.00
1943.00;23142338#2_0;290.21;11.44;1708.00;3.71;23687583_0;5.10;0.00;tripinfo_wu_as_to_ns.27;235.00;wu_as_to_ns.27;0;1995.73;1.05;0.00;62.09;car;;3;31.00
1944.00;41899283#1_0;148.70;11.30;1764.00;0.79;-45494495_0;5.10;0.00;tripinfo_wu_os_to_as.13;180.00;wu_os_to_as.13;0;1746.47;1.03;0.00;26.23;car;;0;0.00
1945.00;45494495_0;58.90;10.13;1759.00;0.48;-230845886_0;5.10;0.00;tripinfo_wu_ba_to_os.29;186.00;wu_ba_to_os.29;0;1647.96;1.01;0.00;38.71;car;;0;0.00
1945.00;23142338#2_0;290.21;12.34;1763.00;0.79;23687583_0;5.10;0.00;tripinfo_wu_as_to_ns.28;182.00;wu_as_to_ns.28;0;1995.73;1.22;0.00;32.12;car;;1;7.00
1949.00;23156030#6_0;109.07;11.26;1848.00;0.30;-45494495_0;5.10;0.00;tripinfo_wu_os_to_od.18;101.00;wu_os_to_od.18;0;865.51;1.06;0.00;27.32;car;;2;10.00
1951.00;28706217_0;94.10;8.50;1702.00;0.68;23687583_0;5.10;0.00;tripinfo_wu_as_to_sl.34;249.00;wu_as_to_sl.34;0;1976.75;1.11;0.00;83.64;car;;2;34.00
1951.00;45494495_0;58.90;8.02;1740.00;0.86;-230845886_0;5.10;0.00;tripinfo_wu_ba_to_os.28;211.00;wu_ba_to_os.28;0;1647.96;0.79;0.00;21.44;car;;1;1.00
1953.00;41899283#1_0;148.70;11.49;1743.00;0.39;-23142338#2_0;5.10;0.00;tripinfo_wu_ns_to_as.11;210.00;wu_ns_to_as.11;0;2009.37;1.09;0.00;43.28;car;;1;13.00
1955.00;972103805_0;116.86;9.98;1817.00;0.07;23687583_0;5.10;0.00;tripinfo_wu_as_to_ko.50;138.00;wu_as_to_ko.50;0;1102.39;0.96;0.00;34.17;car;;2;12.00
1956.00;23142338#2_0;290.21;12.58;1784.00;0.97;-45494495_0;5.10;0.00;tripinfo_wu_os_to_ns.4;172.00;wu_os_to_ns.4;0;1665.91;1.21;0.00;36.52;car;;2;8.00
1957.00;23156030#6_0;109.07;10.10;1685.00;2.70;-230845886_0;5.10;0.00;tripinfo_wu_ba_to_od.22;272.00;wu_ba_to_od.22;0;2315.50;0.97;0.00;56.86;car;;2;11.00
1957.00;230845886_0;633.12;9.39;1701.00;0.15;803785575#0_0;5.10;0.00;tripinfo_wu_od_to_ba.30;256.00;wu_od_to_ba.30;0;2382.14;0.92;0.00;20.75;car;;0;0.00
1959.00;972103805_0;116.86;9.09;1820.00;3.04;23687583_0;5.10;0.00;tripinfo_wu_as_to_ko.51;139.00;wu_as_to_ko.51;0;1102.39;0.91;0.00;28.75;car;;2;7.00
1961.00;28706217_0;94.10;7.82;1685.00;5.79;23687583_0;5.10;0.00;tripinfo_wu_as_to_sl.33;276.00;wu_as_to_sl.33;0;1976.75;0.95;0.00;83.48;car;;4;36.00
1963.00;28706217_0;94.10;7.90;1705.00;0.97;23687583_0;5.10;0.00;tripinfo_wu_as_to_sl.35;258.00;wu_as_to_sl.35;0;1976.75;1.02;0.00;78.35;car;;3;30.00
1965.00;972103805_0;116.86;9.83;1787.00;0.46;-23142338#2_0;5.10;0.00;tripinfo_wu_ns_to_ko.43;178.00;wu_ns_to_ko.43;0;1398.55;0.94;0.00;43.05;car;;2;22.00
1966.00;23527526_0;253.75;9.91;1767.00;0.68;-230845886_0;5.10;0.00;tripinfo_wu_ba_to_gj.37;199.00;wu_ba_to_gj.37;0;1755.68;0.96;0.00;32.74;car;;1;3.00
1966.00;972103805_0;116.86;11.55;1801.00;0.74;-23142338#2_0;5.10;0.00;tripinfo_wu_ns_to_ko.44;165.00;wu_ns_to_ko.44;0;1398.55;1.27;0.00;64.16;car;;2;20.00
1970.00;23156305_0;1264.14;10.75;1600.00;0.47;803785575#0_0;5.10;0.00;tripinfo_wu_od_to_gg.27;370.00;wu_od_to_gg.27;0;3669.96;0.98;0.00;31.77;car;;0;0.00
1973.00;23142338#2_0;290.21;11.11;1787.00;2.55;23687583_0;5.10;0.00;tripinfo_wu_as_to_ns.29;186.00;wu_as_to_ns.29;0;1995.73;1.09;0.00;18.79;car;;0;0.00
1976.00;45494495_0;58.90;10.26;1873.00;0.84;803785575#0_0;5.10;0.00;tripinfo_wu_od_to_os.35;103.00;wu_od_to_os.35;0;969.96;0.93;0.00;8.74;car;;0;0.00
1977.00;230845886_0;633.12;10.51;1750.00;0.93;803785575#0_0;5.10;0.00;tripinfo_wu_od_to_ba.31;227.00;wu_od_to_ba.31;0;2382.14;1.03;0.00;17.43;car;;0;0.00
1978.00;28716808#1_0;754.74;9.34;1842.00;1.25;23687583_0;5.10;0.00;tripinfo_wu_as_to_kl.10;136.00;wu_as_to_kl.10;0;1207.92;0.95;0.00;21.01;car;;1;3.00
1979.00;230845886_0;633.12;10.98;1831.00;0.20;23687583_0;5.10;0.00;tripinfo_wu_as_to_ba.22;148.00;wu_as_to_ba.22;0;1356.50;1.06;0.00;32.24;car;;2;6.00
1981.00;230845886_0;633.12;11.13;1836.00;0.90;23687583_0;5.10;0.00;tripinfo_wu_as_to_ba.23;145.00;wu_as_to_ba.23;0;1356.50;1.05;0.00;28.67;car;;2;6.00
1982.00;28706217_0;94.10;8.24;1737.00;2.39;23687583_0;5.10;0.00;tripinfo_wu_as_to_sl.36;245.00;wu_as_to_sl.36;0;1976.75;1.02;0.00;65.13;car;;3;32.00
1983.00;41899283#1_0;148.70;9.04;1818.00;5.79;-230845886_0;5.10;0.00;tripinfo_wu_ba_to_as.35;165.00;wu_ba_to_as.35;0;1430.78;0.85;0.00;12.56;car;;0;0.00
1985.00;23156030#6_0;109.07;11.04;1740.00;2.40;23687583_0;5.10;0.00;tripinfo_wu_as_to_od.19;245.00;wu_as_to_od.19;0;2357.31;1.05;0.00;42.18;car;;1;5.00
1987.00;972103805_0;116.86;8.91;1826.00;3.81;23687583_0;5.10;0.00;tripinfo_wu_as_to_ko.52;161.00;wu_as_to_ko.52;0;1102.39;0.88;0.00;48.43;car;;3;28.00
1989.00;972103805_0;116.86;9.30;1839.00;2.87;23687583_0;5.10;0.00;tripinfo_wu_as_to_ko.53;150.00;wu_as_to_ko.53;0;1102.39;0.94;0.00;44.66;car;;2;21.00
1990.00;23156030#6_1;109.07;10.01;1744.00;0.96;23687583_0;5.10;0.00;tripinfo_wu_as_to_od.20;246.00;wu_as_to_od.20;0;2357.31;0.98;0.00;29.90;car;;1;2.00
1991.00;23156030#6_0;109.07;9.34;1715.00;1.84;-230845886_0;5.10;0.00;tripinfo_wu_ba_to_od.23;276.00;wu_ba_to_od.23;0;2315.50;0.88;0.00;39.23;car;;1;15.00
1992.00;41899283#1_0;148.70;11.00;1850.00;0.45;-230845886_0;5.10;0.00;tripinfo_wu_ba_to_as.36;142.00;wu_ba_to_as.36;0;1430.78;1.01;0.00;13.29;car;;0;0.00
1993.00;23156030#6_0;109.07;9.68;1723.00;0.26;23687583_0;5.10;0.00;tripinfo_wu_as_to_od.18;270.00;wu_as_to_od.18;0;2357.31;0.91;0.00;35.96;car;;1;11.00
1994.00;972103805_0;116.86;9.11;1725.00;0.43;-45494495_0;5.10;0.00;tripinfo_wu_os_to_ko.18;269.00;wu_os_to_ko.18;0;2045.29;0.91;0.00;54.51;car;;2;25.00
2001.00;23527526_0;253.75;7.49;1743.00;3.74;-230845886_0;5.10;0.00;tripinfo_wu_ba_to_gj.36;258.00;wu_ba_to_gj.36;0;1755.68;0.69;0.00;27.35;car;;1;1.00
2001.00;45494495_0;58.90;9.42;1781.00;0.80;-23142338#2_0;5.10;0.00;tripinfo_wu_ns_to_os.3;220.00;wu_ns_to_os.3;0;1865.82;0.87;0.00;25.50;car;;1;3.00
2002.00;230845886_0;633.12;9.79;1849.00;7.44;23687583_0;5.10;0.00;tripinfo_wu_as_to_ba.24;153.00;wu_as_to_ba.24;0;1356.50;1.00;0.00;29.74;car;;1;7.00
2003.00;23527526_0;253.75;10.43;1779.00;1.49;-230845886_0;5.10;0.00;tripinfo_wu_ba_to_gj.38;224.00;wu_ba_to_gj.38;0;1755.68;1.02;0.00;68.64;car;;0;0.00
2003.00;41899283#1_0;148.70;9.60;1812.00;0.39;-45494495_0;5.10;0.00;tripinfo_wu_os_to_as.14;191.00;wu_os_to_as.14;0;1746.47;0.97;0.00;27.73;car;;1;8.00
2003.00;230845886_0;633.12;12.33;1876.00;0.57;23687583_0;5.10;0.00;tripinfo_wu_as_to_ba.25;127.00;wu_as_to_ba.25;0;1356.50;1.14;0.00;20.25;car;;0;0.00
2005.00;23527526_0;253.75;10.06;1907.00;0.56;23687583_0;5.10;0.00;tripinfo_wu_as_to_gj.38;98.00;wu_as_to_gj.38;0;649.06;0.95;0.00;35.54;car;;1;12.00
2007.00;972103805_0;116.86;10.13;1740.00;0.04;803785575#0_0;5.10;0.00;tripinfo_wu_od_to_ko.67;267.00;wu_od_to_ko.67;0;2307.67;0.93;0.00;31.76;car;;1;6.00
2009.00;23156030#6_0;109.07;11.30;1781.00;0.42;23687583_0;5.10;0.00;tripinfo_wu_as_to_od.21;228.00;wu_as_to_od.21;0;2357.31;1.03;0.00;22.50;car;;0;0.00
2010.00;45494495_0;58.90;10.07;1823.00;2.40;23687583_0;5.10;0.00;tripinfo_wu_as_to_os.32;187.00;wu_as_to_os.32;0;1689.77;0.96;0.00;26.88;car;;2;4.00
2020.00;41899283#1_0;148.70;10.42;1844.00;1.79;-45494495_0;5.10;0.00;tripinfo_wu_os_to_as.15;176.00;wu_os_to_as.15;0;1746.47;0.99;0.00;15.97;car;;0;0.00
2024.00;23527526_0;253.75;9.87;1841.00;0.19;-230845886_0;5.10;0.00;tripinfo_wu_ba_to_gj.39;183.00;wu_ba_to_gj.39;0;1755.68;0.98;0.00;20.63;car;;0;0.00
2024.00;45494495_0;58.90;11.41;1865.00;0.32;-230845886_0;5.10;0.00;tripinfo_wu_ba_to_os.31;159.00;wu_ba_to_os.31;0;1647.96;1.09;0.00;21.73;car;;0;0.00
2026.00;230845886_0;633.12;11.94;1812.00;0.20;803785575#0_0;5.10;0.00;tripinfo_wu_od_to_ba.32;214.00;wu_od_to_ba.32;0;2382.14;1.15;0.00;27.23;car;;0;0.00
2026.00;23156305_0;1264.14;10.61;1868.00;0.99;23687583_0;5.10;0.00;tripinfo_wu_as_to_gg.10;158.00;wu_as_to_gg.10;0;1600.87;1.00;0.00;12.72;car;;0;0.00
2027.00;23156390_0;1121.44;12.69;1821.00;0.37;-230845886_0;5.10;0.00;tripinfo_wu_ba_to_br.2;206.00;wu_ba_to_br.2;0;2198.00;1.21;0.00;40.99;car;;0;0.00
2030.00;45494495_0;58.90;8.05;1829.00;0.72;-230845886_0;5.10;0.00;tripinfo_wu_ba_to_os.30;201.00;wu_ba_to_os.30;0;1647.96;0.82;0.00;19.63;car;;0;0.00
2041.00;23156305_0;1264.14;9.62;1652.00;0.39;803785575#0_0;5.10;0.00;tripinfo_wu_od_to_gg.28;389.00;wu_od_to_gg.28;0;3669.96;0.95;0.00;39.92;car;;0;0.00
2041.00;41899283#1_0;148.70;9.35;1881.00;2.91;-230845886_0;5.10;0.00;tripinfo_wu_ba_to_as.37;160.00;wu_ba_to_as.37;0;1430.78;0.89;0.00;13.69;car;;0;0.00
2042.00;972103805_0;116.86;11.26;1810.00;0.23;-230845886_0;5.10;0.00;tripinfo_wu_ba_to_ko.63;232.00;wu_ba_to_ko.63;0;2114.29;1.10;0.00;56.46;car;;1;16.00
2044.00;23156030#6_0;109.07;10.78;1939.00;0.00;-45494495_0;5.10;0.00;tripinfo_wu_os_to_od.19;105.00;wu_os_to_od.19;0;865.51;0.97;0.00;25.03;car;;1;13.00
2045.00;45494495_0;58.90;9.06;1928.00;4.49;803785575#0_0;5.10;0.00;tripinfo_wu_od_to_os.36;117.00;wu_od_to_os.36;0;969.96;0.83;0.00;10.72;car;;0;0.00
2047.00;28706217_0;94.10;7.42;1815.00;4.48;-230845886_0;5.10;0.00;tripinfo_wu_ba_to_sl.20;232.00;wu_ba_to_sl.20;0;1934.94;0.91;0.00;34.29;car;;0;0.00
2052.00;41899283#1_0;148.70;9.59;1871.00;0.67;-45494495_0;5.10;0.00;tripinfo_wu_os_to_as.16;181.00;wu_os_to_as.16;0;1746.47;0.96;0.00;16.43;car;;0;0.00
2054.00;41899283#1_0;148.70;11.38;1826.00;1.87;803785575#0_0;5.10;0.00;tripinfo_wu_od_to_as.32;228.00;wu_od_to_as.32;0;2382.09;1.09;0.00;31.47;car;;0;0.00
2055.00;23156305_0;1264.14;9.88;1689.00;0.23;-23142338#2_0;5.10;0.00;tripinfo_wu_ns_to_gg.5;366.00;wu_ns_to_gg.5;0;3297.24;0.97;0.00;55.28;car;;1;15.00
2056.00;28706217_0;94.10;7.67;1973.00;0.05;803785575#0_0;5.10;0.00;tripinfo_wu_od_to_sl.2;83.00;wu_od_to_sl.2;0;747.33;0.96;0.00;7.58;car;;0;0.00
2064.00;23527526_0;253.75;10.53;1996.00;0.43;23687583_0;5.10;0.00;tripinfo_wu_as_to_gj.39;68.00;wu_as_to_gj.39;0;649.06;1.00;0.00;8.38;car;;0;0.00
2066.00;45494495_0;58.90;9.91;1966.00;0.01;803785575#0_0;5.10;0.00;tripinfo_wu_od_to_os.37;100.00;wu_od_to_os.37;0;969.96;0.96;0.00;8.53;car;;0;0.00
2068.00;45494495_0;58.90;12.58;1905.00;1.11;-230845886_0;5.10;0.00;tripinfo_wu_ba_to_os.32;163.00;wu_ba_to_os.32;0;1647.96;1.14;0.00;31.62;car;;1;1.00
2073.00;28706217_0;94.10;8.05;1858.00;0.02;23687583_0;5.10;0.00;tripinfo_wu_as_to_sl.37;215.00;wu_as_to_sl.37;0;1976.75;1.00;0.00;31.10;car;;1;6.00
2074.00;972103805_0;116.86;10.41;1853.00;0.53;-230845886_0;5.10;0.00;tripinfo_wu_ba_to_ko.64;221.00;wu_ba_to_ko.64;0;2114.29;0.98;0.00;25.54;car;;1;2.00
2075.00;23156305_0;1264.14;9.71;1760.00;0.58;-45494495_0;5.10;0.00;tripinfo_wu_os_to_gg.9;315.00;wu_os_to_gg.9;0;3034.34;0.96;0.00;26.76;car;;0;0.00
2079.00;23156305_0;1264.14;10.48;1709.00;0.94;-23142338#2_0;5.10;0.00;tripinfo_wu_ns_to_gg.6;370.00;wu_ns_to_gg.6;0;3297.24;0.99;0.00;66.27;car;;2;28.00
2081.00;23156305_0;1264.14;11.91;1709.00;0.42;803785575#0_0;5.10;0.00;tripinfo_wu_od_to_gg.29;372.00;wu_od_to_gg.29;0;3669.96;1.11;0.00;71.43;car;;1;5.00
2081.00;41899283#1_0;148.70;9.85;1932.00;0.98;-230845886_0;5.10;0.00;tripinfo_wu_ba_to_as.38;149.00;wu_ba_to_as.38;0;1430.78;0.99;0.00;17.28;car;;1;1.00
2084.00;28716808#1_0;754.74;9.97;1785.00;0.83;803785575#0_0;5.10;0.00;tripinfo_wu_od_to_kl.23;299.00;wu_od_to_kl.23;0;2678.40;0.93;0.00;38.37;car;;1;9.00
2084.00;45494495_0;58.90;11.28;1912.00;2.98;-230845886_0;5.10;0.00;tripinfo_wu_ba_to_os.33;172.00;wu_ba_to_os.33;0;1647.96;1.11;0.00;37.93;car;;1;1.00
2086.00;23156030#6_0;109.07;8.41;1791.00;5.29;23687583_0;5.10;0.00;tripinfo_wu_as_to_od.22;295.00;wu_as_to_od.22;0;2357.31;0.82;0.00;36.55;car;;2;6.00
2087.00;45494495_0;58.90;9.85;1988.00;3.30;803785575#0_0;5.10;0.00;tripinfo_wu_od_to_os.38;99.00;wu_od_to_os.38;0;969.96;0.98;0.00;10.01;car;;0;0.00
2089.00;23156030#6_0;109.07;7.83;1804.00;0.02;-230845886_0;5.10;0.00;tripinfo_wu_ba_to_od.24;285.00;wu_ba_to_od.24;0;2315.50;0.81;0.00;27.64;car;;0;0.00
2089.00;972103805_0;116.86;10.74;1835.00;0.54;803785575#0_0;5.10;0.00;tripinfo_wu_od_to_ko.68;254.00;wu_od_to_ko.68;0;2307.67;1.01;0.00;36.42;car;;1;13.00
2091.00;45494495_0;58.90;9.56;1898.00;0.42;23687583_0;5.10;0.00;tripinfo_wu_as_to_os.33;193.00;wu_as_to_os.33;0;1689.77;0.87;0.00;16.84;car;;0;0.00
2093.00;45494495_0;58.90;11.83;1999.00;0.49;803785575#0_0;5.10;0.00;tripinfo_wu_od_to_os.39;94.00;wu_od_to_os.39;0;969.96;1.10;0.00;14.31;car;;0;0.00
2093.00;23527526_0;253.75;9.98;2020.00;2.53;23687583_0;5.10;0.00;tripinfo_in_as_to_gj.0;73.00;in_as_to_gj.0;0;649.06;0.92;0.00;8.66;car;;0;0.00
2098.00;23527526_0;253.75;9.63;2029.00;2.62;23687583_0;5.10;0.00;tripinfo_in_as_to_gj.1;69.00;in_as_to_gj.1;0;649.06;0.95;0.00;6.55;car;;0;0.00
2100.00;23142338#2_0;290.21;9.97;1846.00;4.53;23687583_0;5.10;0.00;tripinfo_wu_as_to_ns.30;254.00;wu_as_to_ns.30;0;1995.73;0.90;0.00;52.91;car;;3;16.00
2104.00;28706217_0;94.10;7.50;1878.00;0.36;-230845886_0;5.10;0.00;tripinfo_wu_ba_to_sl.21;226.00;wu_ba_to_sl.21;0;1934.94;1.02;0.00;50.07;car;;2;24.00
2107.00;972103805_0;116.86;9.46;1968.00;0.10;23687583_0;5.10;0.00;tripinfo_wu_as_to_ko.54;139.00;wu_as_to_ko.54;0;1102.39;0.91;0.00;28.87;car;;1;12.00
2109.00;972103805_0;116.86;10.23;1992.00;2.87;23687583_0;5.10;0.00;tripinfo_wu_as_to_ko.55;117.00;wu_as_to_ko.55;0;1102.39;1.02;0.00;18.35;car;;1;3.00
2109.00;45494495_0;58.90;10.82;2009.00;4.23;803785575#0_0;5.10;0.00;tripinfo_in_od_to_os.0;100.00;in_od_to_os.0;0;969.96;0.98;0.00;9.63;car;;0;0.00
2114.00;23156305_0;1264.14;10.95;1761.00;0.66;803785575#0_0;5.10;0.00;tripinfo_wu_od_to_gg.30;353.00;wu_od_to_gg.30;0;3669.96;1.09;0.00;46.77;car;;1;7.00
2114.00;972103805_0;116.86;9.90;1841.00;0.59;-45494495_0;5.10;0.00;tripinfo_wu_os_to_ko.19;273.00;wu_os_to_ko.19;0;2045.29;0.93;0.00;61.91;car;;2;29.00
2115.00;41899283#1_0;148.70;11.12;1967.00;0.15;-230845886_0;5.10;0.00;tripinfo_wu_ba_to_as.39;148.00;wu_ba_to_as.39;0;1430.78;1.11;0.00;31.41;car;;0;0.00
2117.00;23156390_0;1121.44;8.62;1925.00;0.92;23687583_0;5.10;0.00;tripinfo_wu_as_to_br.10;192.00;wu_as_to_br.10;0;1694.48;0.88;0.00;17.14;car;;0;0.00
2118.00;23527526_0;253.75;10.35;1911.00;0.30;-45494495_0;5.10;0.00;tripinfo_wu_os_to_gj.7;207.00;wu_os_to_gj.7;0;2071.37;1.00;0.00;18.05;car;;0;0.00
2119.00;972103805_0;116.86;11.01;1850.00;0.33;803785575#0_0;5.10;0.00;tripinfo_wu_od_to_ko.69;269.00;wu_od_to_ko.69;0;2307.67;1.01;0.00;50.75;car;;1;19.00
2121.00;45494495_0;58.90;9.27;2012.00;3.09;803785575#0_0;5.10;0.00;tripinfo_in_od_to_os.1;109.00;in_od_to_os.1;0;969.96;0.88;0.00;9.34;car;;0;0.00
2122.00;23156030#6_0;109.07;11.82;1900.00;0.55;-230845886_0;5.10;0.00;tripinfo_wu_ba_to_od.25;222.00;wu_ba_to_od.25;0;2315.50;1.18;0.00;44.67;car;;1;2.00
2124.00;23156390_0;1121.44;10.41;1850.00;1.52;-45494495_0;5.10;0.00;tripinfo_wu_os_to_br.7;274.00;wu_os_to_br.7;0;2513.69;1.04;0.00;52.53;car;;3;9.00
2126.00;972103805_0;116.86;10.46;1853.00;1.93;803785575#0_0;5.10;0.00;tripinfo_wu_od_to_ko.70;273.00;wu_od_to_ko.70;0;2307.67;0.95;0.00;42.92;car;;1;18.00
2126.00;45494495_0;58.90;9.84;1955.00;0.05;23687583_0;5.10;0.00;tripinfo_wu_as_to_os.34;171.00;wu_as_to_os.34;0;1689.77;0.97;0.00;14.61;car;;0;0.00
2128.00;972103805_0;116.86;11.99;1990.00;0.44;-23142338#2_0;5.10;0.00;tripinfo_wu_ns_to_ko.45;138.00;wu_ns_to_ko.45;0;1398.55;1.16;0.00;29.20;car;;1;6.00
2134.00;28716808#1_0;754.74;11.09;2015.00;0.93;23687583_0;5.10;0.00;tripinfo_in_as_to_kl.0;119.00;in_as_to_kl.0;0;1207.92;1.07;0.00;16.89;car;;0;0.00
2136.00;972103805_0;116.86;9.39;2005.00;0.67;23687583_0;5.10;0.00;tripinfo_in_as_to_ko.0;131.00;in_as_to_ko.0;0;1102.39;0.93;0.00;23.59;car;;1;9.00
2137.00;23156030#6_0;109.07;10.56;1909.00;0.10;-230845886_0;5.10;0.00;tripinfo_wu_ba_to_od.26;228.00;wu_ba_to_od.26;0;2315.50;0.99;0.00;17.60;car;;0;0.00
2138.00;972103805_0;116.86;9.87;1919.00;0.85;-230845886_0;5.10;0.00;tripinfo_wu_ba_to_ko.65;219.00;wu_ba_to_ko.65;0;2114.29;0.98;0.00;22.23;car;;0;0.00
2138.00;23527526_0;253.75;12.67;1942.00;2.42;-45494495_0;5.10;0.00;tripinfo_wu_os_to_gj.8;196.00;wu_os_to_gj.8;0;2071.37;1.15;0.00;32.44;car;;0;0.00
2140.00;23142338#2_0;290.21;8.41;1860.00;1.34;23687583_0;5.10;0.00;tripinfo_wu_as_to_ns.31;280.00;wu_as_to_ns.31;0;1995.73;0.78;0.00;46.98;car;;2;17.00
2140.00;972103805_0;116.86;12.17;1922.00;0.70;803785575#0_0;5.10;0.00;tripinfo_wu_od_to_ko.71;218.00;wu_od_to_ko.71;0;2307.67;1.16;0.00;28.48;car;;1;2.00
2141.00;45494495_0;58.90;9.18;1963.00;0.33;-230845886_0;5.10;0.00;tripinfo_wu_ba_to_os.34;178.00;wu_ba_to_os.34;0;1647.96;0.91;0.00;14.64;car;;0;0.00
2142.00;23142338#2_0;290.21;10.78;1879.00;2.19;23687583_0;5.10;0.00;tripinfo_wu_as_to_ns.32;263.00;wu_as_to_ns.32;0;1995.73;1.05;0.00;90.51;car;;2;15.00
2142.00;230845886_0;633.12;12.61;1936.00;0.08;803785575#0_0;5.10;0.00;tripinfo_wu_od_to_ba.33;206.00;wu_od_to_ba.33;0;2382.14;1.16;0.00;20.34;car;;0;0.00
2144.00;23142338#2_0;290.21;11.61;1918.00;2.38;23687583_0;5.10;0.00;tripinfo_wu_as_to_ns.33;226.00;wu_as_to_ns.33;0;1995.73;1.06;0.00;54.68;car;;2;4.00
2145.00;45494495_0;58.90;10.32;2046.00;8.30;803785575#0_0;5.10;0.00;tripinfo_in_od_to_os.2;99.00;in_od_to_os.2;0;969.96;0.99;0.00;10.34;car;;0;0.00
2149.00;972103805_0;116.86;10.90;1925.00;3.41;803785575#0_0;5.10;0.00;tripinfo_wu_od_to_ko.72;224.00;wu_od_to_ko.72;0;2307.67;1.06;0.00;17.44;car;;0;0.00
2153.00;45494495_0;58.90;9.57;2049.00;11.26;803785575#0_0;5.10;0.00;tripinfo_in_od_to_os.3;104.00;in_od_to_os.3;0;969.96;0.94;0.00;10.12;car;;0;0.00
2156.00;23156030#6_0;109.07;11.53;1938.00;0.14;-230845886_0;5.10;0.00;tripinfo_wu_ba_to_od.27;218.00;wu_ba_to_od.27;0;2315.50;1.11;0.00;29.51;car;;0;0.00
2157.00;972103805_0;116.86;11.70;2007.00;0.67;-23142338#2_0;5.10;0.00;tripinfo_wu_ns_to_ko.46;150.00;wu_ns_to_ko.46;0;1398.55;1.06;0.00;30.72;car;;1;15.00
2159.00;23527526_0;253.75;9.49;2081.00;4.32;23687583_0;5.10;0.00;tripinfo_in_as_to_gj.2;78.00;in_as_to_gj.2;0;649.06;0.86;0.00;9.12;car;;0;0.00
2165.00;972103805_0;116.86;10.14;1922.00;1.99;-230845886_0;5.10;0.00;tripinfo_wu_ba_to_ko.66;243.00;wu_ba_to_ko.66;0;2114.29;0.97;0.00;43.97;car;;2;17.00
2171.00;23156305_0;1264.14;11.48;2023.00;1.24;23687583_0;5.10;0.00;tripinfo_in_as_to_gg.0;148.00;in_as_to_gg.0;0;1600.87;1.07;0.00;12.84;car;;0;0.00
2177.00;28716808#1_0;754.74;10.77;1890.00;0.66;803785575#0_0;5.10;0.00;tripinfo_wu_od_to_kl.24;287.00;wu_od_to_kl.24;0;2678.40;0.97;0.00;38.15;car;;2;7.00
2179.00;972103805_0;116.86;8.64;2023.00;0.72;-23142338#2_0;5.10;0.00;tripinfo_in_ns_to_ko.0;156.00;in_ns_to_ko.0;0;1398.55;0.88;0.00;12.26;car;;0;0.00
2179.00;41899283#1_0;148.70;11.45;2038.00;2.44;-230845886_0;5.10;0.00;tripinfo_in_ba_to_as.1;141.00;in_ba_to_as.1;0;1430.78;1.13;0.00;25.98;car;;0;0.00
2181.00;972103805_0;116.86;10.23;1933.00;0.25;803785575#0_0;5.10;0.00;tripinfo_wu_od_to_ko.73;248.00;wu_od_to_ko.73;0;2307.67;1.03;0.00;35.00;car;;1;4.00
2181.00;45494495_0;58.90;8.52;2067.00;12.53;803785575#0_0;5.10;0.00;tripinfo_in_od_to_os.4;114.00;in_od_to_os.4;0;969.96;0.83;0.00;8.85;car;;0;0.00
2182.00;972103805_0;116.86;11.81;1946.00;0.77;803785575#0_0;5.10;0.00;tripinfo_wu_od_to_ko.74;236.00;wu_od_to_ko.74;0;2307.67;1.19;0.00;51.40;car;;1;2.00
2185.00;45494495_0;58.90;9.80;2082.00;17.10;803785575#0_0;5.10;0.00;tripinfo_in_od_to_os.5;103.00;in_od_to_os.5;0;969.96;0.99;0.00;13.74;car;;0;0.00
2187.00;45494495_0;58.90;10.51;2012.00;0.02;23687583_0;5.10;0.00;tripinfo_in_as_to_os.0;175.00;in_as_to_os.0;0;1689.77;1.00;0.00;22.19;car;;1;2.00
2189.00;45494495_0;58.90;10.62;2026.00;1.56;23687583_0;5.10;0.00;tripinfo_in_as_to_os.1;163.00;in_as_to_os.1;0;1689.77;1.06;0.00;19.15;car;;0;0.00
2189.00;230845886_0;633.12;9.62;2034.00;0.04;23687583_0;5.10;0.00;tripinfo_in_as_to_ba.0;155.00;in_as_to_ba.0;0;1356.50;0.92;0.00;21.92;car;;1;7.00
2191.00;230845886_0;633.12;12.00;2010.00;0.68;-45494495_0;5.10;0.00;tripinfo_wu_os_to_ba.13;181.00;wu_os_to_ba.13;0;1746.52;1.12;0.00;39.69;car;;1;15.00
2191.00;45494495_0;58.90;11.67;2026.00;2.11;-230845886_0;5.10;0.00;tripinfo_in_ba_to_os.0;165.00;in_ba_to_os.0;0;1647.96;1.13;0.00;33.03;car;;1;3.00
2191.00;41899283#1_0;148.70;8.51;2029.00;2.02;-230845886_0;5.10;0.00;tripinfo_in_ba_to_as.0;162.00;in_ba_to_as.0;0;1430.78;0.88;0.00;15.21;car;;0;0.00
2193.00;45494495_0;58.90;11.25;2100.00;19.89;803785575#0_0;5.10;0.00;tripinfo_in_od_to_os.7;93.00;in_od_to_os.7;0;969.96;1.03;0.00;8.16;car;;0;0.00
2194.00;23156030#6_0;109.07;10.47;2112.00;4.07;-45494495_0;5.10;0.00;tripinfo_in_os_to_od.1;82.00;in_os_to_od.1;0;865.51;1.05;0.00;7.36;car;;0;0.00
2196.00;972103805_0;116.86;9.32;2061.00;7.06;23687583_0;5.10;0.00;tripinfo_in_as_to_ko.1;135.00;in_as_to_ko.1;0;1102.39;0.93;0.00;27.52;car;;1;14.00
2198.00;972103805_0;116.86;10.22;2070.00;7.56;23687583_0;5.10;0.00;tripinfo_in_as_to_ko.2;128.00;in_as_to_ko.2;0;1102.39;1.00;0.00;28.09;car;;1;10.00
2199.00;23142338#2_0;290.21;11.69;2003.00;0.25;803785575#0_0;5.10;0.00;tripinfo_in_od_to_ns.0;196.00;in_od_to_ns.0;0;1928.29;1.07;0.00;22.56;car;;1;1.00
2201.00;23156030#6_0;109.07;8.91;2091.00;0.44;-45494495_0;5.10;0.00;tripinfo_in_os_to_od.0;110.00;in_os_to_od.0;0;865.51;0.88;0.00;21.24;car;;1;8.00
2203.00;972103805_0;116.86;10.33;2040.00;0.71;-23142338#2_0;5.10;0.00;tripinfo_in_ns_to_ko.1;163.00;in_ns_to_ko.1;0;1398.55;1.02;0.00;38.25;car;;2;18.00
2206.00;45494495_0;58.90;9.63;2097.00;20.24;803785575#0_0;5.10;0.00;tripinfo_in_od_to_os.6;109.00;in_od_to_os.6;0;969.96;0.89;0.00;9.96;car;;0;0.00
2210.00;45494495_0;58.90;9.95;2112.00;22.09;803785575#0_0;5.10;0.00;tripinfo_in_od_to_os.8;98.00;in_od_to_os.8;0;969.96;0.97;0.00;8.18;car;;0;0.00
2214.00;41899283#1_0;148.70;8.66;2047.00;2.20;-230845886_0;5.10;0.00;tripinfo_in_ba_to_as.2;167.00;in_ba_to_as.2;0;1430.78;0.87;0.00;17.55;car;;1;1.00
2214.00;45494495_0;58.90;10.35;2045.00;0.01;23687583_0;5.10;0.00;tripinfo_in_as_to_os.2;169.00;in_as_to_os.2;0;1689.77;1.05;0.00;23.08;car;;1;2.00
2214.00;23527526_0;253.75;5.63;2105.00;1.17;23687583_0;5.10;0.00;tripinfo_in_as_to_gj.3;109.00;in_as_to_gj.3;0;649.06;0.61;0.00;12.74;car;;0;0.00
2217.00;45494495_0;58.90;10.93;2118.00;26.61;803785575#0_0;5.10;0.00;tripinfo_in_od_to_os.9;99.00;in_od_to_os.9;0;969.96;1.01;0.00;11.62;car;;0;0.00
2218.00;23156030#6_1;109.07;11.61;1971.00;1.40;23687583_0;5.10;0.00;tripinfo_wu_as_to_od.23;247.00;wu_as_to_od.23;0;2357.31;1.14;0.00;59.43;car;;2;8.00
2220.00;230845886_0;633.12;10.53;2073.00;6.27;23687583_0;5.10;0.00;tripinfo_in_as_to_ba.1;147.00;in_as_to_ba.1;0;1356.50;0.99;0.00;22.90;car;;0;0.00
2220.00;23156030#6_0;109.07;11.51;2121.00;6.11;-45494495_0;5.10;0.00;tripinfo_in_os_to_od.2;99.00;in_os_to_od.2;0;865.51;1.04;0.00;23.62;car;;1;11.00
2225.00;972103805_0;116.86;10.59;2093.00;2.03;23687583_0;5.10;0.00;tripinfo_in_as_to_ko.3;132.00;in_as_to_ko.3;0;1102.39;0.97;0.00;29.53;car;;1;15.00
2226.00;23156305_0;1264.14;11.38;1899.00;0.35;-23142338#2_0;5.10;0.00;tripinfo_wu_ns_to_gg.7;327.00;wu_ns_to_gg.7;0;3297.24;1.04;0.00;39.16;car;;1;2.00
2226.00;41899283#1_0;148.70;8.90;2050.00;0.95;-230845886_0;5.10;0.00;tripinfo_in_ba_to_as.3;176.00;in_ba_to_as.3;0;1430.78;0.81;0.00;15.73;car;;0;0.00
2229.00;28706217_0;94.10;7.13;1884.00;2.15;-230845886_0;5.10;0.00;tripinfo_wu_ba_to_sl.22;345.00;wu_ba_to_sl.22;0;1934.94;0.95;0.00;155.06;car;;4;117.00
2229.00;972103805_0;116.86;8.95;2102.00;0.13;23687583_0;5.10;0.00;tripinfo_in_as_to_ko.4;127.00;in_as_to_ko.4;0;1102.39;0.90;0.00;16.01;car;;1;1.00
2230.00;45494495_0;58.90;11.49;2136.00;30.82;803785575#0_0;5.10;0.00;tripinfo_in_od_to_os.10;94.00;in_od_to_os.10;0;969.96;1.04;0.00;9.43;car;;0;0.00
2231.00;23142338#2_0;290.21;11.32;2018.00;0.85;803785575#0_0;5.10;0.00;tripinfo_in_od_to_ns.1;213.00;in_od_to_ns.1;0;1928.29;1.03;0.00;32.92;car;;1;9.00
2233.00;972103805_0;116.86;9.25;1981.00;2.47;-230845886_0;5.10;0.00;tripinfo_wu_ba_to_ko.67;252.00;wu_ba_to_ko.67;0;2114.29;0.90;0.00;38.09;car;;2;8.00
2233.00;23142338#2_0;290.21;12.69;2024.00;3.76;-45494495_0;5.10;0.00;tripinfo_in_os_to_ns.0;209.00;in_os_to_ns.0;0;1665.91;1.28;0.00;79.37;car;;2;32.00
2235.00;972103805_0;116.86;11.18;1999.00;0.18;-230845886_0;5.10;0.00;tripinfo_wu_ba_to_ko.68;236.00;wu_ba_to_ko.68;0;2114.29;1.02;0.00;46.53;car;;1;2.00
2236.00;28706217_0;94.10;7.18;1887.00;0.74;-230845886_0;5.10;0.00;tripinfo_wu_ba_to_sl.23;349.00;wu_ba_to_sl.23;0;1934.94;0.98;0.00;164.84;car;;5;119.00
2236.00;230845886_0;633.12;8.65;2084.00;2.48;23687583_0;5.10;0.00;tripinfo_in_as_to_ba.2;152.00;in_as_to_ba.2;0;1356.50;0.88;0.00;12.59;car;;0;0.00
2237.00;972103805_0;116.86;9.47;1951.00;0.09;803785575#0_0;5.10;0.00;tripinfo_wu_od_to_ko.75;286.00;wu_od_to_ko.75;0;2307.67;0.88;0.00;36.73;car;;1;7.00
2238.00;23527526_0;253.75;9.60;2041.00;4.65;-230845886_0;5.10;0.00;tripinfo_in_ba_to_gj.0;197.00;in_ba_to_gj.0;0;1755.68;0.93;0.00;24.95;car;;1;4.00
2238.00;28706217_0;94.10;8.33;2043.00;2.03;-23142338#2_0;5.10;0.00;tripinfo_in_ns_to_sl.0;195.00;in_ns_to_sl.0;0;1619.36;1.09;0.00;45.53;car;;2;11.00
2239.00;972103805_0;116.86;12.36;1983.00;0.78;803785575#0_0;5.10;0.00;tripinfo_wu_od_to_ko.76;256.00;wu_od_to_ko.76;0;2307.67;1.15;0.00;64.67;car;;1;5.00
2240.00;23156305_0;1264.14;10.46;1876.00;0.01;803785575#0_0;5.10;0.00;tripinfo_wu_od_to_gg.31;364.00;wu_od_to_gg.31;0;3669.96;1.00;0.00;31.05;car;;0;0.00
2241.00;972103805_0;116.86;11.39;2061.00;1.93;-23142338#2_0;5.10;0.00;tripinfo_in_ns_to_ko.2;180.00;in_ns_to_ko.2;0;1398.55;1.14;0.00;68.53;car;;2;22.00
2243.00;972103805_0;116.86;11.43;2067.00;4.74;-23142338#2_0;5.10;0.00;tripinfo_in_ns_to_ko.3;176.00;in_ns_to_ko.3;0;1398.55;1.12;0.00;63.10;car;;2;20.00
2247.00;972103805_0;116.86;10.57;2070.00;7.63;-23142338#2_0;5.10;0.00;tripinfo_in_ns_to_ko.4;177.00;in_ns_to_ko.4;0;1398.55;1.07;0.00;58.36;car;;2;35.00
2248.00;41899283#1_0;148.70;9.98;2098.00;0.41;-230845886_0;5.10;0.00;tripinfo_in_ba_to_as.4;150.00;in_ba_to_as.4;0;1430.78;0.95;0.00;14.49;car;;0;0.00
2253.00;23156390_0;1121.44;10.14;1998.00;0.64;-45494495_0;5.10;0.00;tripinfo_wu_os_to_br.8;255.00;wu_os_to_br.8;0;2513.69;1.01;0.00;28.73;car;;1;2.00
2254.00;41899283#1_0;148.70;12.04;2006.00;2.92;803785575#0_0;5.10;0.00;tripinfo_in_od_to_as.0;248.00;in_od_to_as.0;0;2382.09;1.14;0.00;58.31;car;;0;0.00
2254.00;28716808#1_0;754.74;11.19;2129.00;0.85;23687583_0;5.10;0.00;tripinfo_in_as_to_kl.1;125.00;in_as_to_kl.1;0;1207.92;1.08;0.00;23.30;car;;1;4.00
2255.00;23156305_0;1264.14;10.73;1917.00;0.32;-23142338#2_0;5.10;0.00;tripinfo_wu_ns_to_gg.8;338.00;wu_ns_to_gg.8;0;3297.24;1.05;0.00;52.79;car;;1;18.00
2256.00;972103805_0;116.86;9.64;2115.00;1.78;23687583_0;5.10;0.00;tripinfo_in_as_to_ko.5;141.00;in_as_to_ko.5;0;1102.39;0.96;0.00;36.99;car;;1;5.00
2257.00;972103805_0;116.86;11.79;2132.00;3.49;23687583_0;5.10;0.00;tripinfo_in_as_to_ko.6;125.00;in_as_to_ko.6;0;1102.39;1.19;0.00;41.14;car;;1;4.00
2261.00;23527526_0;253.75;10.09;2059.00;1.58;-230845886_0;5.10;0.00;tripinfo_in_ba_to_gj.1;202.00;in_ba_to_gj.1;0;1755.68;0.99;0.00;42.05;car;;1;9.00
2261.00;972103805_0;116.86;9.13;2138.00;1.98;23687583_0;5.10;0.00;tripinfo_in_as_to_ko.7;123.00;in_as_to_ko.7;0;1102.39;0.91;0.00;14.06;car;;0;0.00
2264.00;972103805_0;116.86;10.25;2017.00;0.92;-230845886_0;5.10;0.00;tripinfo_in_ba_to_ko.0;247.00;in_ba_to_ko.0;0;2114.29;0.96;0.00;46.54;car;;3;17.00
2266.00;972103805_0;116.86;10.11;2023.00;0.18;-230845886_0;5.10;0.00;tripinfo_in_ba_to_ko.1;243.00;in_ba_to_ko.1;0;2114.29;0.97;0.00;43.96;car;;3;13.00
2267.00;45494495_0;58.90;8.55;2064.00;4.15;23687583_0;5.10;0.00;tripinfo_in_as_to_os.3;203.00;in_as_to_os.3;0;1689.77;0.84;0.00;21.42;car;;1;4.00
2268.00;972103805_0;116.86;10.52;2035.00;2.86;-230845886_0;5.10;0.00;tripinfo_in_ba_to_ko.2;233.00;in_ba_to_ko.2;0;2114.29;1.04;0.00;47.49;car;;2;5.00
2268.00;28716808#1_0;754.74;10.09;2147.00;0.57;23687583_0;5.10;0.00;tripinfo_in_as_to_kl.2;121.00;in_as_to_kl.2;0;1207.92;0.98;0.00;9.48;car;;0;0.00
2269.00;23156305_0;1264.14;10.19;1887.00;0.15;803785575#0_0;5.10;0.00;tripinfo_wu_od_to_gg.32;382.00;wu_od_to_gg.32;0;3669.96;0.99;0.00;45.12;car;;2;5.00
2269.00;28706217_0;94.10;7.10;1890.00;0.34;23687583_0;5.10;0.00;tripinfo_wu_as_to_sl.38;379.00;wu_as_to_sl.38;0;1976.75;0.96;0.00;187.51;car;;6;136.00
2269.00;41899283#1_0;148.70;8.05;1985.00;2.05;803785575#0_0;5.10;0.00;tripinfo_wu_od_to_as.33;284.00;wu_od_to_as.33;0;2382.09;0.84;0.00;27.53;car;;0;0.00
2271.00;972103805_0;116.86;10.87;2073.00;0.14;-23142338#2_0;5.10;0.00;tripinfo_in_ns_to_ko.5;198.00;in_ns_to_ko.5;0;1398.55;1.02;0.00;74.13;car;;4;41.00
2271.00;41899283#1_0;148.70;11.73;2107.00;5.92;-230845886_0;5.10;0.00;tripinfo_in_ba_to_as.5;164.00;in_ba_to_as.5;0;1430.78;1.12;0.00;48.55;car;;1;1.00
2272.00;23156390_0;1121.44;11.23;2020.00;0.39;-45494495_0;5.10;0.00;tripinfo_in_os_to_br.0;252.00;in_os_to_br.0;0;2513.69;1.05;0.00;33.00;car;;1;4.00
2274.00;23156030#6_0;109.07;12.73;2052.00;0.67;23687583_0;5.10;0.00;tripinfo_in_as_to_od.0;222.00;in_as_to_od.0;0;2357.31;1.16;0.00;38.50;car;;0;0.00
2274.00;972103805_0;116.86;9.64;2076.00;0.84;-23142338#2_0;5.10;0.00;tripinfo_in_ns_to_ko.6;198.00;in_ns_to_ko.6;0;1398.55;0.95;0.00;64.85;car;;3;27.00
2276.00;41899283#1_0;148.70;8.80;2059.00;0.77;-45494495_0;5.10;0.00;tripinfo_in_os_to_as.0;217.00;in_os_to_as.0;0;1746.47;0.80;0.00;18.84;car;;0;0.00
2276.00;972103805_0;116.86;12.81;2079.00;2.03;-23142338#2_0;5.10;0.00;tripinfo_in_ns_to_ko.7;197.00;in_ns_to_ko.7;0;1398.55;1.17;0.00;89.00;car;;2;27.00
2277.00;23527526_0;253.75;9.89;2185.00;3.03;23687583_0;5.10;0.00;tripinfo_in_as_to_gj.4;92.00;in_as_to_gj.4;0;649.06;0.89;0.00;25.64;car;;1;8.00
2278.00;45494495_0;58.90;8.67;2169.00;15.72;803785575#0_0;5.10;0.00;tripinfo_in_od_to_os.11;109.00;in_od_to_os.11;0;969.96;0.88;0.00;9.44;car;;0;0.00
2279.00;28706217_0;94.10;7.52;1915.00;0.10;-230845886_0;5.10;0.00;tripinfo_wu_ba_to_sl.24;364.00;wu_ba_to_sl.24;0;1934.94;1.01;0.00;185.89;car;;5;134.00
2279.00;23142338#2_0;290.21;9.61;2055.00;3.32;23687583_0;5.10;0.00;tripinfo_in_as_to_ns.0;224.00;in_as_to_ns.0;0;1995.73;0.91;0.00;23.60;car;;0;0.00
2281.00;28706217_0;94.10;8.30;1915.00;0.92;23687583_0;5.10;0.00;tripinfo_wu_as_to_sl.39;366.00;wu_as_to_sl.39;0;1976.75;1.00;0.00;182.94;car;;6;125.00
2281.00;23156305_0;1264.14;9.90;1945.00;1.37;-45494495_0;5.10;0.00;tripinfo_wu_os_to_gg.10;336.00;wu_os_to_gg.10;0;3034.34;0.94;0.00;42.75;car;;1;10.00
2281.00;972103805_0;116.86;12.21;2159.00;0.89;23687583_0;5.10;0.00;tripinfo_in_as_to_ko.8;122.00;in_as_to_ko.8;0;1102.39;1.19;0.00;38.61;car;;1;20.00
2283.00;28706217_0;94.10;8.14;2115.00;5.73;-45494495_0;5.10;0.00;tripinfo_in_os_to_sl.0;168.00;in_os_to_sl.0;0;484.95;1.07;0.00;121.91;car;;2;102.00
2284.00;41899283#1_0;148.70;10.05;2030.00;0.85;-23142338#2_0;5.10;0.00;tripinfo_in_ns_to_as.0;254.00;in_ns_to_as.0;0;2009.37;0.92;0.00;56.64;car;;2;28.00
2286.00;972103805_0;116.86;11.59;2044.00;7.42;-230845886_0;5.10;0.00;tripinfo_in_ba_to_ko.3;242.00;in_ba_to_ko.3;0;2114.29;1.08;0.00;63.02;car;;2;18.00
2286.00;41899283#1_0;148.70;10.37;2049.00;0.63;-23142338#2_0;5.10;0.00;tripinfo_in_ns_to_as.1;237.00;in_ns_to_as.1;0;2009.37;0.98;0.00;50.99;car;;2;13.00
2287.00;45494495_0;58.90;11.13;2201.00;0.57;803785575#0_0;5.10;0.00;tripinfo_in_od_to_os.12;86.00;in_od_to_os.12;0;969.96;1.12;0.00;7.92;car;;0;0.00
2289.00;28706217_0;94.10;8.20;2003.00;1.16;-230845886_0;5.10;0.00;tripinfo_in_ba_to_sl.0;286.00;in_ba_to_sl.0;0;1934.94;1.04;0.00;112.97;car;;3;83.00
2289.00;972103805_0;116.86;9.68;2053.00;0.51;-230845886_0;5.10;0.00;tripinfo_in_ba_to_ko.4;236.00;in_ba_to_ko.4;0;2114.29;0.96;0.00;35.27;car;;0;0.00
2291.00;972103805_0;116.86;10.19;2056.00;0.61;-230845886_0;5.10;0.00;tripinfo_in_ba_to_ko.5;235.00;in_ba_to_ko.5;0;2114.29;1.00;0.00;41.66;car;;0;0.00
2293.00;23142338#2_0;290.21;10.89;2030.00;6.95;-45494495_0;5.10;0.00;tripinfo_in_os_to_ns.1;263.00;in_os_to_ns.1;0;1665.91;1.06;0.00;109.20;car;;3;53.00
2293.00;23527526_0;253.75;10.94;2217.00;0.95;23687583_0;5.10;0.00;tripinfo_in_as_to_gj.5;76.00;in_as_to_gj.5;0;649.06;0.99;0.00;16.63;car;;1;6.00
2295.00;972103805_0;116.86;9.56;2082.00;2.53;-23142338#2_0;5.10;0.00;tripinfo_in_ns_to_ko.8;213.00;in_ns_to_ko.8;0;1398.55;0.92;0.00;75.42;car;;4;41.00
2296.00;23156305_0;1264.14;8.96;1955.00;0.77;-45494495_0;5.10;0.00;tripinfo_wu_os_to_gg.11;341.00;wu_os_to_gg.11;0;3034.34;0.90;0.00;34.23;car;;1;2.00
2297.00;972103805_0;116.86;10.76;2090.00;0.86;-23142338#2_0;5.10;0.00;tripinfo_in_ns_to_ko.9;207.00;in_ns_to_ko.9;0;1398.55;1.05;0.00;86.25;car;;4;38.00
2298.00;23156305_0;1264.14;10.54;1965.00;0.05;-45494495_0;5.10;0.00;tripinfo_wu_os_to_gg.12;333.00;wu_os_to_gg.12;0;3034.34;1.02;0.00;64.04;car;;1;1.00
2298.00;28716808#1_0;754.74;11.35;2116.00;11.44;-230845886_0;5.10;0.00;tripinfo_in_ba_to_kl.0;182.00;in_ba_to_kl.0;0;1727.09;1.06;0.00;34.04;car;;0;0.00
2300.00;23156305_0;1264.14;10.20;1911.00;0.36;803785575#0_0;5.10;0.00;tripinfo_wu_od_to_gg.33;389.00;wu_od_to_gg.33;0;3669.96;0.97;0.00;45.20;car;;0;0.00
2302.00;41899283#1_0;148.70;9.33;2122.00;7.68;-230845886_0;5.10;0.00;tripinfo_in_ba_to_as.6;180.00;in_ba_to_as.6;0;1430.78;0.87;0.00;29.70;car;;1;5.00
2304.00;41899283#1_0;148.70;9.87;2136.00;0.05;-230845886_0;5.10;0.00;tripinfo_in_ba_to_as.7;168.00;in_ba_to_as.7;0;1430.78;0.90;0.00;23.79;car;;0;0.00
2305.00;45494495_0;58.90;10.76;2207.00;2.70;803785575#0_0;5.10;0.00;tripinfo_in_od_to_os.13;98.00;in_od_to_os.13;0;969.96;0.98;0.00;8.25;car;;0;0.00
2306.00;972103805_0;116.86;9.67;2027.00;6.02;-45494495_0;5.10;0.00;tripinfo_in_os_to_ko.0;279.00;in_os_to_ko.0;0;2045.29;0.93;0.00;68.15;car;;4;33.00
2307.00;972103805_0;116.86;12.77;2103.00;6.16;-23142338#2_0;5.10;0.00;tripinfo_in_ns_to_ko.10;204.00;in_ns_to_ko.10;0;1398.55;1.15;0.00;94.43;car;;3;50.00
2312.00;23527526_0;253.75;9.43;2104.00;3.55;-230845886_0;5.10;0.00;tripinfo_in_ba_to_gj.2;208.00;in_ba_to_gj.2;0;1755.68;0.92;0.00;34.77;car;;1;2.00
2313.00;28706217_0;94.10;8.04;2020.00;3.46;-230845886_0;5.10;0.00;tripinfo_wu_ba_to_sl.25;293.00;wu_ba_to_sl.25;0;1934.94;1.03;0.00;117.45;car;;4;81.00
2313.00;23527526_0;253.75;10.79;2110.00;7.09;-230845886_0;5.10;0.00;tripinfo_in_ba_to_gj.3;203.00;in_ba_to_gj.3;0;1755.68;1.04;0.00;50.38;car;;1;2.00
2314.00;23142338#2_0;290.21;8.44;2058.00;6.13;23687583_0;5.10;0.00;tripinfo_in_as_to_ns.1;256.00;in_as_to_ns.1;0;1995.73;0.87;0.00;46.21;car;;1;16.00
2315.00;972103805_0;116.86;9.92;2172.00;2.63;23687583_0;5.10;0.00;tripinfo_in_as_to_ko.9;143.00;in_as_to_ko.9;0;1102.39;0.97;0.00;40.40;car;;2;24.00
2315.00;45494495_0;58.90;11.17;2218.00;0.02;803785575#0_0;5.10;0.00;tripinfo_in_od_to_os.14;97.00;in_od_to_os.14;0;969.96;1.01;0.00;9.46;car;;0;0.00
2317.00;28706217_0;94.10;7.94;2032.00;2.50;-230845886_0;5.10;0.00;tripinfo_in_ba_to_sl.1;285.00;in_ba_to_sl.1;0;1934.94;0.96;0.00;98.22;car;;3;57.00
2317.00;972103805_0;116.86;11.70;2175.00;4.61;23687583_0;5.10;0.00;tripinfo_in_as_to_ko.10;142.00;in_as_to_ko.10;0;1102.39;1.09;0.00;49.72;car;;3;26.00
2318.00;972103805_0;116.86;11.79;2179.00;3.60;23687583_0;5.10;0.00;tripinfo_in_as_to_ko.11;139.00;in_as_to_ko.11;0;1102.39;1.20;0.00;56.03;car;;4;23.00
2321.00;41899283#1_0;148.70;10.92;2154.00;2.36;-230845886_0;5.10;0.00;tripinfo_in_ba_to_as.8;167.00;in_ba_to_as.8;0;1430.78;1.04;0.00;41.96;car;;2;13.00
2322.00;972103805_0;116.86;10.55;2095.00;0.84;-230845886_0;5.10;0.00;tripinfo_in_ba_to_ko.6;227.00;in_ba_to_ko.6;0;2114.29;1.05;0.00;43.43;car;;2;12.00
2325.00;972103805_0;116.86;10.15;2124.00;3.30;-23142338#2_0;5.10;0.00;tripinfo_in_ns_to_ko.11;201.00;in_ns_to_ko.11;0;1398.55;0.92;0.00;64.22;car;;2;33.00
2327.00;972103805_0;116.86;10.45;2127.00;5.14;-23142338#2_0;5.10;0.00;tripinfo_in_ns_to_ko.12;200.00;in_ns_to_ko.12;0;1398.55;1.02;0.00;76.09;car;;2;32.00
2327.00;41899283#1_0;148.70;12.30;2175.00;2.33;-230845886_0;5.10;0.00;tripinfo_in_ba_to_as.9;152.00;in_ba_to_as.9;0;1430.78;1.11;0.00;35.08;car;;1;3.00
2331.00;230845886_0;633.12;8.32;2155.00;0.12;23687583_0;5.10;0.00;tripinfo_in_as_to_ba.3;176.00;in_as_to_ba.3;0;1356.50;0.76;0.00;14.98;car;;0;0.00
2331.00;23527526_0;253.75;8.53;2243.00;0.15;23687583_0;5.10;0.00;tripinfo_in_as_to_gj.6;88.00;in_as_to_gj.6;0;649.06;0.84;0.00;18.15;car;;1;5.00
2333.00;230845886_0;633.12;10.20;2084.00;1.70;-45494495_0;5.10;0.00;tripinfo_in_os_to_ba.0;249.00;in_os_to_ba.0;0;1746.52;0.97;0.00;85.29;car;;2;39.00
2335.00;230845886_0;633.12;9.08;2025.00;0.02;803785575#0_0;5.10;0.00;tripinfo_in_od_to_ba.0;310.00;in_od_to_ba.0;0;2382.14;0.87;0.00;62.90;car;;2;29.00
2335.00;23527526_0;253.75;11.31;2160.00;4.17;-230845886_0;5.10;0.00;tripinfo_in_ba_to_gj.4;175.00;in_ba_to_gj.4;0;1755.68;1.03;0.00;20.43;car;;0;0.00
2337.00;230845886_0;633.12;11.43;2182.00;4.64;23687583_0;5.10;0.00;tripinfo_in_as_to_ba.4;155.00;in_as_to_ba.4;0;1356.50;1.06;0.00;38.68;car;;2;10.00
2341.00;28706217_0;94.10;5.52;2194.00;6.47;-45494495_0;5.10;0.00;tripinfo_in_os_to_sl.1;147.00;in_os_to_sl.1;0;484.95;0.78;0.00;84.39;car;;4;50.00
2344.00;23142338#2_0;290.21;7.39;2055.00;8.10;803785575#0_0;5.10;0.00;tripinfo_in_od_to_ns.2;289.00;in_od_to_ns.2;0;1928.29;0.73;0.00;36.47;car;;1;4.00
2344.00;45494495_0;58.90;10.72;2241.00;0.20;803785575#0_0;5.10;0.00;tripinfo_in_od_to_os.15;103.00;in_od_to_os.15;0;969.96;1.01;0.00;16.19;car;;0;0.00
2346.00;23142338#2_0;290.21;10.46;2096.00;2.30;23687583_0;5.10;0.00;tripinfo_in_as_to_ns.2;250.00;in_as_to_ns.2;0;1995.73;1.00;0.00;68.41;car;;3;26.00
2349.00;45494495_0;58.90;10.06;2100.00;4.10;-23142338#2_0;5.10;0.00;tripinfo_in_ns_to_os.0;249.00;in_ns_to_os.0;0;1865.82;0.95;0.00;71.66;car;;3;37.00
2352.00;45494495_0;58.90;9.14;2244.00;0.06;803785575#0_0;5.10;0.00;tripinfo_in_od_to_os.16;108.00;in_od_to_os.16;0;969.96;0.92;0.00;12.39;car;;0;0.00
2353.00;45494495_0;58.90;10.90;2162.00;3.77;23687583_0;5.10;0.00;tripinfo_in_as_to_os.4;191.00;in_as_to_os.4;0;1689.77;1.09;0.00;51.24;car;;0;0.00
2354.00;41899283#1_0;148.70;10.61;2058.00;10.84;803785575#0_0;5.10;0.00;tripinfo_in_od_to_as.1;296.00;in_od_to_as.1;0;2382.09;1.07;0.00;94.35;car;;3;21.00
2355.00;45494495_0;58.90;11.72;2187.00;0.51;-230845886_0;5.10;0.00;tripinfo_in_ba_to_os.1;168.00;in_ba_to_os.1;0;1647.96;1.08;0.00;30.01;car;;1;2.00
2357.00;972103805_0;116.86;8.44;2052.00;13.03;803785575#0_0;5.10;0.00;tripinfo_in_od_to_ko.0;305.00;in_od_to_ko.0;0;2307.67;0.83;0.00;40.88;car;;2;4.00
2357.00;230845886_0;633.12;7.56;2109.00;2.06;-45494495_0;5.10;0.00;tripinfo_in_os_to_ba.1;248.00;in_os_to_ba.1;0;1746.52;0.80;0.00;48.72;car;;2;21.00
2357.00;23527526_0;253.75;10.05;2169.00;6.88;-230845886_0;5.10;0.00;tripinfo_in_ba_to_gj.5;188.00;in_ba_to_gj.5;0;1755.68;1.00;0.00;27.91;car;;1;3.00
2359.00;41899283#1_0;148.70;11.01;2061.00;13.05;803785575#0_0;5.10;0.00;tripinfo_in_od_to_as.2;298.00;in_od_to_as.2;0;2382.09;1.07;0.00;96.01;car;;2;19.00
2359.00;972103805_0;116.86;11.46;2133.00;8.00;-23142338#2_0;5.10;0.00;tripinfo_in_ns_to_ko.13;226.00;in_ns_to_ko.13;0;1398.55;1.11;0.00;111.96;car;;4;49.00
2359.00;230845886_0;633.12;11.46;2205.00;0.17;23687583_0;5.10;0.00;tripinfo_in_as_to_ba.5;154.00;in_as_to_ba.5;0;1356.50;1.06;0.00;37.88;car;;0;0.00
2360.00;230845886_0;633.12;11.14;2212.00;0.34;23687583_0;5.10;0.00;tripinfo_in_as_to_ba.6;148.00;in_as_to_ba.6;0;1356.50;1.21;0.00;46.89;car;;0;0.00
2361.00;972103805_0;116.86;11.37;2084.00;16.70;803785575#0_0;5.10;0.00;tripinfo_in_od_to_ko.1;277.00;in_od_to_ko.1;0;2307.67;1.04;0.00;65.24;car;;1;3.00
2362.00;28716808#1_0;754.74;10.35;2034.00;0.78;803785575#0_0;5.10;0.00;tripinfo_wu_od_to_kl.25;328.00;wu_od_to_kl.25;0;2678.40;0.94;0.00;70.97;car;;2;26.00
2362.00;230845886_0;633.12;10.78;2118.00;6.35;-45494495_0;5.10;0.00;tripinfo_in_os_to_ba.2;244.00;in_os_to_ba.2;0;1746.52;1.04;0.00;92.35;car;;3;25.00
2364.00;230845886_0;633.12;12.34;2064.00;10.31;803785575#0_0;5.10;0.00;tripinfo_in_od_to_ba.1;300.00;in_od_to_ba.1;0;2382.14;1.11;0.00;106.33;car;;3;15.00
2366.00;28706217_0;94.10;7.24;2064.00;0.82;-230845886_0;5.10;0.00;tripinfo_in_ba_to_sl.2;302.00;in_ba_to_sl.2;0;1934.94;1.01;0.00;124.08;car;;4;71.00
2369.00;45494495_0;58.90;9.88;2269.00;3.23;803785575#0_0;5.10;0.00;tripinfo_in_od_to_os.17;100.00;in_od_to_os.17;0;969.96;0.99;0.00;11.38;car;;0;0.00
2370.00;23142338#2_0;290.21;8.91;2135.00;6.39;23687583_0;5.10;0.00;tripinfo_in_as_to_ns.3;235.00;in_as_to_ns.3;0;1995.73;0.91;0.00;35.39;car;;2;8.00
2371.00;45494495_0;58.90;13.45;2209.00;2.14;-230845886_0;5.10;0.00;tripinfo_in_ba_to_os.4;162.00;in_ba_to_os.4;0;1647.96;1.22;0.00;39.35;car;;0;0.00
2372.00;23527526_0;253.75;9.63;2043.00;6.36;803785575#0_0;5.10;0.00;tripinfo_in_od_to_gj.0;329.00;in_od_to_gj.0;0;2706.99;0.95;0.00;71.96;car;;3;27.00
2372.00;230845886_0;633.12;10.27;2070.00;13.49;803785575#0_0;5.10;0.00;tripinfo_in_od_to_ba.2;302.00;in_od_to_ba.2;0;2382.14;1.00;0.00;87.87;car;;2;16.00
2373.00;23156390_0;1121.44;11.27;2071.00;0.75;-45494495_0;5.10;0.00;tripinfo_in_os_to_br.1;302.00;in_os_to_br.1;0;2513.69;1.02;0.00;76.99;car;;3;28.00
2374.00;23527526_0;253.75;11.94;2201.00;0.97;-230845886_0;5.10;0.00;tripinfo_in_ba_to_gj.6;173.00;in_ba_to_gj.6;0;1755.68;1.19;0.00;39.38;car;;1;4.00
2375.00;23156390_0;1121.44;10.94;2078.00;0.11;-45494495_0;5.10;0.00;tripinfo_in_os_to_br.2;297.00;in_os_to_br.2;0;2513.69;1.07;0.00;83.08;car;;3;27.00
2375.00;41899283#1_0;148.70;9.05;2096.00;0.81;-23142338#2_0;5.10;0.00;tripinfo_in_ns_to_as.2;279.00;in_ns_to_as.2;0;2009.37;0.90;0.00;76.00;car;;3;42.00
2375.00;45494495_0;58.90;9.86;2192.00;4.05;-230845886_0;5.10;0.00;tripinfo_in_ba_to_os.2;183.00;in_ba_to_os.2;0;1647.96;0.98;0.00;30.26;car;;1;1.00
2377.00;45494495_0;58.90;10.39;2206.00;0.27;-230845886_0;5.10;0.00;tripinfo_in_ba_to_os.3;171.00;in_ba_to_os.3;0;1647.96;1.00;0.00;21.38;car;;0;0.00
2377.00;972103805_0;116.86;9.44;2229.00;4.02;23687583_0;5.10;0.00;tripinfo_in_as_to_ko.12;148.00;in_as_to_ko.12;0;1102.39;0.93;0.00;40.44;car;;2;17.00
2378.00;23142338#2_0;290.21;12.49;2128.00;1.49;-230845886_0;5.10;0.00;tripinfo_in_ba_to_ns.0;250.00;in_ba_to_ns.0;0;2346.36;1.13;0.00;62.83;car;;1;13.00
2378.00;41899283#1_0;148.70;10.89;2234.00;0.93;-230845886_0;5.10;0.00;tripinfo_in_ba_to_as.10;144.00;in_ba_to_as.10;0;1430.78;1.09;0.00;25.09;car;;1;5.00
2381.00;972103805_0;116.86;8.69;2101.00;0.73;-230845886_0;5.10;0.00;tripinfo_in_ba_to_ko.7;280.00;in_ba_to_ko.7;0;2114.29;0.81;0.00;43.65;car;;2;11.00
2382.00;23156305_0;1264.14;10.04;2020.00;0.23;-23142338#2_0;5.10;0.00;tripinfo_in_ns_to_gg.0;362.00;in_ns_to_gg.0;0;3297.24;0.97;0.00;52.16;car;;2;14.00
2382.00;230845886_0;633.12;10.59;2148.00;1.06;-45494495_0;5.10;0.00;tripinfo_in_os_to_ba.3;234.00;in_os_to_ba.3;0;1746.52;0.99;0.00;74.32;car;;2;13.00
2383.00;972103805_0;116.86;9.27;2113.00;8.86;-230845886_0;5.10;0.00;tripinfo_in_ba_to_ko.8;270.00;in_ba_to_ko.8;0;2114.29;0.92;0.00;61.65;car;;3;16.00
2384.00;230845886_0;633.12;12.81;2088.00;17.28;803785575#0_0;5.10;0.00;tripinfo_in_od_to_ba.3;296.00;in_od_to_ba.3;0;2382.14;1.16;0.00;110.37;car;;1;11.00
2384.00;972103805_0;116.86;11.17;2119.00;10.24;-230845886_0;5.10;0.00;tripinfo_in_ba_to_ko.9;265.00;in_ba_to_ko.9;0;2114.29;1.09;0.00;88.16;car;;2;14.00
2384.00;23156305_0;1264.14;13.68;2220.00;2.78;23687583_0;5.10;0.00;tripinfo_in_as_to_gg.1;164.00;in_as_to_gg.1;0;1600.87;1.25;0.00;47.52;car;;1;5.00
2385.00;23156305_0;1264.14;13.53;2058.00;0.99;-23142338#2_0;5.10;0.00;tripinfo_in_ns_to_gg.1;327.00;in_ns_to_gg.1;0;3297.24;1.29;0.00;87.15;car;;2;12.00
2385.00;230845886_0;633.12;11.75;2091.00;17.02;803785575#0_0;5.10;0.00;tripinfo_in_od_to_ba.4;294.00;in_od_to_ba.4;0;2382.14;1.15;0.00;107.01;car;;2;15.00
2387.00;972103805_0;116.86;9.89;2103.00;14.69;803785575#0_0;5.10;0.00;tripinfo_in_od_to_ko.2;284.00;in_od_to_ko.2;0;2307.67;0.93;0.00;48.52;car;;2;10.00
2387.00;230845886_0;633.12;13.20;2172.00;0.56;-45494495_0;5.10;0.00;tripinfo_in_os_to_ba.4;215.00;in_os_to_ba.4;0;1746.52;1.23;0.00;86.87;car;;2;14.00
2388.00;41899283#1_0;148.70;12.04;2145.00;1.88;-45494495_0;5.10;0.00;tripinfo_in_os_to_as.1;243.00;in_os_to_as.1;0;1746.47;1.12;0.00;101.59;car;;1;12.00
2388.00;972103805_0;116.86;10.69;2150.00;0.31;-23142338#2_0;5.10;0.00;tripinfo_in_ns_to_ko.14;238.00;in_ns_to_ko.14;0;1398.55;1.00;0.00;111.56;car;;5;64.00
2390.00;28706217_0;94.10;7.83;2067.00;5.33;23687583_0;5.10;0.00;tripinfo_in_as_to_sl.0;323.00;in_as_to_sl.0;0;1976.75;1.07;0.00;151.52;car;;5;71.00
2390.00;972103805_0;116.86;11.41;2162.00;0.40;-23142338#2_0;5.10;0.00;tripinfo_in_ns_to_ko.15;228.00;in_ns_to_ko.15;0;1398.55;1.07;0.00;110.54;car;;5;55.00
2392.00;28716808#1_0;754.74;8.42;2189.00;1.37;-230845886_0;5.10;0.00;tripinfo_wu_ba_to_kl.1;203.00;wu_ba_to_kl.1;0;1727.09;0.86;0.00;20.53;car;;0;0.00
2393.00;972103805_0;116.86;10.01;2180.00;0.72;-23142338#2_0;5.10;0.00;tripinfo_in_ns_to_ko.16;213.00;in_ns_to_ko.16;0;1398.55;0.98;0.00;85.07;car;;4;44.00
2395.00;972103805_0;116.86;10.83;2121.00;28.49;803785575#0_0;5.10;0.00;tripinfo_in_od_to_ko.3;274.00;in_od_to_ko.3;0;2307.67;1.00;0.00;54.58;car;;1;19.00
2396.00;45494495_0;58.90;8.09;2275.00;2.08;803785575#0_0;5.10;0.00;tripinfo_in_od_to_os.18;121.00;in_od_to_os.18;0;969.96;0.81;0.00;12.05;car;;0;0.00
2398.00;45494495_0;58.90;10.99;2287.00;8.36;803785575#0_0;5.10;0.00;tripinfo_in_od_to_os.19;111.00;in_od_to_os.19;0;969.96;1.01;0.00;23.97;car;;0;0.00
2400.00;23156390_0;1121.44;11.23;2226.00;2.48;23687583_0;5.10;0.00;tripinfo_in_as_to_br.0;174.00;in_as_to_br.0;0;1694.48;1.01;0.00;22.20;car;;1;2.00
2401.00;972103805_0;116.86;9.59;2127.00;28.20;803785575#0_0;5.10;0.00;tripinfo_in_od_to_ko.4;274.00;in_od_to_ko.4;0;2307.67;0.91;0.00;33.21;car;;1;4.00
2407.00;972103805_0;116.86;9.94;2269.00;2.56;23687583_0;5.10;0.00;tripinfo_in_as_to_ko.13;138.00;in_as_to_ko.13;0;1102.39;0.91;0.00;27.91;car;;1;11.00
2407.00;23156030#6_0;109.07;10.14;2307.00;0.64;-45494495_0;5.10;0.00;tripinfo_in_os_to_od.3;100.00;in_os_to_od.3;0;865.51;0.94;0.00;16.19;car;;1;1.00
2409.00;972103805_0;116.86;11.38;2157.00;4.20;-230845886_0;5.10;0.00;tripinfo_in_ba_to_ko.10;252.00;in_ba_to_ko.10;0;2114.29;1.03;0.00;64.34;car;;3;27.00
2411.00;28706217_0;94.10;8.23;2087.00;0.65;23687583_0;5.10;0.00;tripinfo_in_as_to_sl.2;324.00;in_as_to_sl.2;0;1976.75;1.05;0.00;148.79;car;;5;86.00
2412.00;972103805_0;116.86;9.43;2163.00;7.01;-230845886_0;5.10;0.00;tripinfo_in_ba_to_ko.11;249.00;in_ba_to_ko.11;0;2114.29;0.90;0.00;35.85;car;;2;5.00
2412.00;45494495_0;58.90;11.57;2320.00;17.03;803785575#0_0;5.10;0.00;tripinfo_in_od_to_os.20;92.00;in_od_to_os.20;0;969.96;1.05;0.00;8.08;car;;0;0.00
2414.00;28716808#1_0;754.74;8.04;2037.00;3.46;803785575#0_0;5.10;0.00;tripinfo_in_od_to_kl.0;377.00;in_od_to_kl.0;0;2678.40;0.80;0.00;76.00;car;;4;34.00
2414.00;972103805_0;116.86;10.91;2182.00;0.30;-230845886_0;5.10;0.00;tripinfo_in_ba_to_ko.12;232.00;in_ba_to_ko.12;0;2114.29;1.01;0.00;41.49;car;;1;3.00
2415.00;23142338#2_0;290.21;10.80;2154.00;21.66;803785575#0_0;5.10;0.00;tripinfo_in_od_to_ns.3;261.00;in_od_to_ns.3;0;1928.29;1.02;0.00;78.70;car;;1;7.00
2416.00;41899283#1_0;148.70;9.53;2115.00;25.04;803785575#0_0;5.10;0.00;tripinfo_in_od_to_as.3;301.00;in_od_to_as.3;0;2382.09;0.88;0.00;56.65;car;;0;0.00
2416.00;972103805_0;116.86;12.21;2133.00;28.35;803785575#0_0;5.10;0.00;tripinfo_in_od_to_ko.5;283.00;in_od_to_ko.5;0;2307.67;1.18;0.00;95.70;car;;2;11.00
2416.00;28716808#1_0;754.74;10.59;2130.00;7.11;-23142338#2_0;5.10;0.00;tripinfo_in_ns_to_kl.0;286.00;in_ns_to_kl.0;0;2315.58;1.06;0.00;88.25;car;;2;31.00
2418.00;23527526_0;253.75;10.59;2076.00;13.77;803785575#0_0;5.10;0.00;tripinfo_in_od_to_gj.1;342.00;in_od_to_gj.1;0;2706.99;1.00;0.00;95.79;car;;1;11.00
2418.00;28716808#1_0;754.74;11.17;2109.00;19.68;803785575#0_0;5.10;0.00;tripinfo_in_od_to_kl.1;309.00;in_od_to_kl.1;0;2678.40;1.09;0.00;86.55;car;;3;16.00
2419.00;972103805_0;116.86;11.55;2142.00;33.14;803785575#0_0;5.10;0.00;tripinfo_in_od_to_ko.6;277.00;in_od_to_ko.6;0;2307.67;1.05;0.00;66.60;car;;2;9.00
2420.00;28716808#1_0;754.74;12.44;2136.00;8.72;-23142338#2_0;5.10;0.00;tripinfo_in_ns_to_kl.1;284.00;in_ns_to_kl.1;0;2315.58;1.21;0.00;109.44;car;;3;46.00
2420.00;23142338#2_0;290.21;10.26;2157.00;14.15;803785575#0_0;5.10;0.00;tripinfo_in_od_to_ns.4;263.00;in_od_to_ns.4;0;1928.29;0.98;0.00;73.48;car;;1;4.00
2420.00;45494495_0;58.90;12.21;2332.00;24.77;803785575#0_0;5.10;0.00;tripinfo_in_od_to_os.21;88.00;in_od_to_os.21;0;969.96;1.19;0.00;13.96;car;;0;0.00
2421.00;972103805_0;116.86;10.72;2186.00;0.73;-23142338#2_0;5.10;0.00;tripinfo_in_ns_to_ko.17;235.00;in_ns_to_ko.17;0;1398.55;1.02;0.00;110.69;car;;5;62.00
2424.00;41899283#1_0;148.70;9.70;2191.00;8.58;-45494495_0;5.10;0.00;tripinfo_in_os_to_as.2;233.00;in_os_to_as.2;0;1746.47;0.89;0.00;54.11;car;;0;0.00
2424.00;972103805_0;116.86;10.43;2199.00;2.22;-23142338#2_0;5.10;0.00;tripinfo_in_ns_to_ko.18;225.00;in_ns_to_ko.18;0;1398.55;1.01;0.00;99.63;car;;4;51.00
2425.00;972103805_0;116.86;10.85;2202.00;2.86;-23142338#2_0;5.10;0.00;tripinfo_in_ns_to_ko.19;223.00;in_ns_to_ko.19;0;1398.55;1.04;0.00;102.36;car;;4;50.00
2427.00;972103805_0;116.86;11.22;2205.00;4.60;-23142338#2_0;5.10;0.00;tripinfo_in_ns_to_ko.20;222.00;in_ns_to_ko.20;0;1398.55;1.10;0.00;107.71;car;;4;52.00
2431.00;45494495_0;58.90;12.45;2347.00;31.79;803785575#0_0;5.10;0.00;tripinfo_in_od_to_os.22;84.00;in_od_to_os.22;0;969.96;1.16;0.00;8.23;car;;0;0.00
2432.00;972103805_0;116.86;9.95;2145.00;34.91;803785575#0_0;5.10;0.00;tripinfo_in_od_to_ko.7;287.00;in_od_to_ko.7;0;2307.67;0.90;0.00;43.59;car;;1;15.00
2435.00;28716808#1_0;754.74;11.10;2124.00;29.56;803785575#0_0;5.10;0.00;tripinfo_in_od_to_kl.2;311.00;in_od_to_kl.2;0;2678.40;1.06;0.00;82.67;car;;0;0.00
2435.00;230845886_0;633.12;10.37;2221.00;0.73;-45494495_0;5.10;0.00;tripinfo_in_os_to_ba.5;214.00;in_os_to_ba.5;0;1746.52;0.96;0.00;48.43;car;;1;5.00
2436.00;41899283#1_0;148.70;12.33;2151.00;27.96;803785575#0_0;5.10;0.00;tripinfo_in_od_to_as.4;285.00;in_od_to_as.4;0;2382.09;1.15;0.00;96.90;car;;2;12.00
2437.00;28706217_0;94.10;7.20;2076.00;2.56;23687583_0;5.10;0.00;tripinfo_in_as_to_sl.1;361.00;in_as_to_sl.1;0;1976.75;1.01;0.00;179.77;car;;6;105.00
2437.00;28716808#1_0;754.74;11.25;2130.00;27.42;803785575#0_0;5.10;0.00;tripinfo_in_od_to_kl.3;307.00;in_od_to_kl.3;0;2678.40;1.09;0.00;84.70;car;;0;0.00
2437.00;230845886_0;633.12;9.86;2224.00;3.35;-45494495_0;5.10;0.00;tripinfo_in_os_to_ba.6;213.00;in_os_to_ba.6;0;1746.52;0.99;0.00;53.77;car;;1;4.00
2438.00;23156390_0;1121.44;11.21;2124.00;1.32;-45494495_0;5.10;0.00;tripinfo_in_os_to_br.3;314.00;in_os_to_br.3;0;2513.69;1.05;0.00;96.22;car;;3;27.00
2438.00;23156030#6_0;109.07;9.49;2344.00;3.27;-45494495_0;5.10;0.00;tripinfo_in_os_to_od.4;94.00;in_os_to_od.4;0;865.51;0.91;0.00;8.05;car;;0;0.00
2441.00;28716808#1_0;754.74;11.63;2139.00;30.75;803785575#0_0;5.10;0.00;tripinfo_in_od_to_kl.4;302.00;in_od_to_kl.4;0;2678.40;1.07;0.00;75.09;car;;0;0.00
2442.00;972103805_0;116.86;10.90;2212.00;0.31;-23142338#2_0;5.10;0.00;tripinfo_in_ns_to_ko.21;230.00;in_ns_to_ko.21;0;1398.55;1.02;0.00;107.06;car;;5;68.00
2442.00;41899283#1_0;148.70;10.81;2227.00;4.59;-45494495_0;5.10;0.00;tripinfo_in_os_to_as.3;215.00;in_os_to_as.3;0;1746.47;1.01;0.00;59.10;car;;2;6.00
2443.00;230845886_0;633.12;10.47;2166.00;16.98;803785575#0_0;5.10;0.00;tripinfo_in_od_to_ba.6;277.00;in_od_to_ba.6;0;2382.14;0.97;0.00;54.32;car;;1;2.00
2444.00;972103805_0;116.86;11.23;2222.00;1.47;-23142338#2_0;5.10;0.00;tripinfo_in_ns_to_ko.22;222.00;in_ns_to_ko.22;0;1398.55;1.09;0.00;105.70;car;;5;66.00
2445.00;23142338#2_0;290.21;10.62;2172.00;18.38;803785575#0_0;5.10;0.00;tripinfo_in_od_to_ns.5;273.00;in_od_to_ns.5;0;1928.29;0.96;0.00;78.89;car;;2;22.00
2448.00;23156030#6_0;109.07;10.54;2140.00;1.26;-23142338#2_0;5.10;0.00;tripinfo_in_ns_to_od.0;308.00;in_ns_to_od.0;0;2005.01;1.02;0.00;117.68;car;;4;70.00
2449.00;45494495_0;58.90;10.94;2274.00;3.06;-230845886_0;5.10;0.00;tripinfo_in_ba_to_os.5;175.00;in_ba_to_os.5;0;1647.96;0.99;0.00;25.12;car;;0;0.00
2453.00;23527526_0;253.75;8.40;2106.00;17.12;803785575#0_0;5.10;0.00;tripinfo_in_od_to_gj.2;347.00;in_od_to_gj.2;0;2706.99;0.87;0.00;65.60;car;;0;0.00
2454.00;230845886_0;633.12;9.24;2163.00;14.02;803785575#0_0;5.10;0.00;tripinfo_in_od_to_ba.5;291.00;in_od_to_ba.5;0;2382.14;0.89;0.00;48.55;car;;1;1.00
2457.00;41899283#1_0;148.70;8.99;2178.00;16.24;803785575#0_0;5.10;0.00;tripinfo_in_od_to_as.5;279.00;in_od_to_as.5;0;2382.09;0.89;0.00;35.54;car;;0;0.00
2457.00;23142338#2_0;290.21;9.19;2181.00;13.24;803785575#0_0;5.10;0.00;tripinfo_in_od_to_ns.6;276.00;in_od_to_ns.6;0;1928.29;0.83;0.00;53.13;car;;2;21.00
2459.00;23527526_0;253.75;10.11;2280.00;4.39;-230845886_0;5.10;0.00;tripinfo_in_ba_to_gj.7;179.00;in_ba_to_gj.7;0;1755.68;0.97;0.00;15.34;car;;0;0.00
2462.00;23156305_0;1264.14;9.09;2139.00;0.15;-230845886_0;5.10;0.00;tripinfo_in_ba_to_gg.0;323.00;in_ba_to_gg.0;0;2718.65;0.84;0.00;28.19;car;;0;0.00
2462.00;230845886_0;633.12;11.38;2278.00;1.73;-45494495_0;5.10;0.00;tripinfo_in_os_to_ba.7;184.00;in_os_to_ba.7;0;1746.52;1.09;0.00;38.68;car;;1;2.00
2464.00;23156305_0;1264.14;11.14;2015.00;2.68;803785575#0_0;5.10;0.00;tripinfo_in_od_to_gg.0;449.00;in_od_to_gg.0;0;3669.96;1.07;0.00;136.73;car;;3;28.00
2466.00;23156305_0;1264.14;11.73;2064.00;3.81;-23142338#2_0;5.10;0.00;tripinfo_in_ns_to_gg.2;402.00;in_ns_to_gg.2;0;3297.24;1.07;0.00;120.93;car;;2;35.00
2467.00;23156305_0;1264.14;11.49;2021.00;2.03;803785575#0_0;5.10;0.00;tripinfo_in_od_to_gg.1;446.00;in_od_to_gg.1;0;3669.96;1.08;0.00;137.18;car;;3;31.00
2467.00;972103805_0;116.86;10.00;2330.00;0.90;23687583_0;5.10;0.00;tripinfo_in_as_to_ko.14;137.00;in_as_to_ko.14;0;1102.39;0.91;0.00;27.04;car;;1;13.00
2468.00;23142338#2_0;290.21;11.79;2212.00;4.44;-230845886_0;5.10;0.00;tripinfo_in_ba_to_ns.1;256.00;in_ba_to_ns.1;0;2346.36;1.08;0.00;60.04;car;;2;26.00
2468.00;972103805_0;116.86;10.94;2359.00;1.20;23687583_0;5.10;0.00;tripinfo_in_as_to_ko.15;109.00;in_as_to_ko.15;0;1102.39;1.02;0.00;12.12;car;;0;0.00
2469.00;23156305_0;1264.14;12.14;2040.00;4.30;803785575#0_0;5.10;0.00;tripinfo_in_od_to_gg.2;429.00;in_od_to_gg.2;0;3669.96;1.10;0.00;126.34;car;;3;28.00
2470.00;972103805_0;116.86;11.53;2258.00;0.13;-230845886_0;5.10;0.00;tripinfo_in_ba_to_ko.13;212.00;in_ba_to_ko.13;0;2114.29;1.11;0.00;39.26;car;;2;10.00
2471.00;23156305_0;1264.14;13.17;2129.00;0.66;-45494495_0;5.10;0.00;tripinfo_in_os_to_gg.0;342.00;in_os_to_gg.0;0;3034.34;1.19;0.00;109.58;car;;2;20.00
2474.00;41899283#1_0;148.70;9.79;2212.00;0.42;803785575#0_0;5.10;0.00;tripinfo_in_od_to_as.6;262.00;in_od_to_as.6;0;2382.09;0.96;0.00;38.36;car;;1;2.00
2478.00;23527526_0;253.75;10.61;2388.00;3.74;23687583_0;5.10;0.00;tripinfo_in_as_to_gj.7;90.00;in_as_to_gj.7;0;649.06;1.03;0.00;32.25;car;;2;18.00
2482.00;972103805_0;116.86;8.02;2148.00;25.51;803785575#0_0;5.10;0.00;tripinfo_in_od_to_ko.8;334.00;in_od_to_ko.8;0;2307.67;0.75;0.00;41.18;car;;1;7.00
2482.00;23142338#2_0;290.21;11.02;2249.00;3.09;23687583_0;5.10;0.00;tripinfo_in_as_to_ns.4;233.00;in_as_to_ns.4;0;1995.73;1.06;0.00;62.58;car;;3;28.00
2484.00;972103805_0;116.86;9.62;2233.00;0.63;-23142338#2_0;5.10;0.00;tripinfo_in_ns_to_ko.23;251.00;in_ns_to_ko.23;0;1398.55;0.98;0.00;122.09;car;;4;61.00
2484.00;23142338#2_0;290.21;11.88;2257.00;2.58;23687583_0;5.10;0.00;tripinfo_in_as_to_ns.5;227.00;in_as_to_ns.5;0;1995.73;1.08;0.00;58.29;car;;2;18.00
2486.00;972103805_0;116.86;9.22;2236.00;3.61;-23142338#2_0;5.10;0.00;tripinfo_in_ns_to_ko.24;250.00;in_ns_to_ko.24;0;1398.55;0.88;0.00;107.09;car;;4;61.00
2486.00;41899283#1_0;148.70;10.06;2322.00;2.26;-230845886_0;5.10;0.00;tripinfo_in_ba_to_as.11;164.00;in_ba_to_as.11;0;1430.78;1.01;0.00;35.90;car;;0;0.00
2487.00;23527526_0;253.75;10.41;2246.00;0.12;-45494495_0;5.10;0.00;tripinfo_in_os_to_gj.0;241.00;in_os_to_gj.0;0;2071.37;0.99;0.00;52.51;car;;2;3.00
2488.00;972103805_0;116.86;11.79;2187.00;0.93;803785575#0_0;5.10;0.00;tripinfo_in_od_to_ko.9;301.00;in_od_to_ko.9;0;2307.67;1.08;0.00;96.42;car;;2;20.00
2490.00;972103805_0;116.86;10.47;2221.00;0.84;803785575#0_0;5.10;0.00;tripinfo_in_od_to_ko.10;269.00;in_od_to_ko.10;0;2307.67;0.97;0.00;42.74;car;;1;14.00
2492.00;972103805_0;116.86;11.67;2277.00;5.75;-230845886_0;5.10;0.00;tripinfo_in_ba_to_ko.14;215.00;in_ba_to_ko.14;0;2114.29;1.05;0.00;32.50;car;;1;3.00
2493.00;230845886_0;633.12;9.17;2295.00;0.99;-45494495_0;5.10;0.00;tripinfo_in_os_to_ba.8;198.00;in_os_to_ba.8;0;1746.52;0.92;0.00;26.02;car;;1;4.00
2496.00;28716808#1_0;754.74;11.27;2261.00;0.03;-45494495_0;5.10;0.00;tripinfo_in_os_to_kl.0;235.00;in_os_to_kl.0;0;2042.78;1.02;0.00;54.29;car;;2;4.00
2497.00;28706217_0;94.10;9.52;2090.00;0.03;23687583_0;5.10;0.00;tripinfo_in_as_to_sl.3;407.00;in_as_to_sl.3;0;1976.75;1.23;0.00;257.77;car;;7;156.00
2497.00;23156305_0;1264.14;10.55;2220.00;0.97;-230845886_0;5.10;0.00;tripinfo_in_ba_to_gg.1;277.00;in_ba_to_gg.1;0;2718.65;0.97;0.00;22.45;car;;0;0.00
2501.00;23156305_0;1264.14;10.98;2121.00;0.65;-23142338#2_0;5.10;0.00;tripinfo_in_ns_to_gg.3;380.00;in_ns_to_gg.3;0;3297.24;1.07;0.00;99.85;car;;3;37.00
2502.00;972103805_0;116.86;10.86;2246.00;0.75;-23142338#2_0;5.10;0.00;tripinfo_in_ns_to_ko.25;256.00;in_ns_to_ko.25;0;1398.55;1.05;0.00;135.53;car;;6;85.00
2502.00;23156305_0;1264.14;11.89;2349.00;0.19;23687583_0;5.10;0.00;tripinfo_in_as_to_gg.2;153.00;in_as_to_gg.2;0;1600.87;1.11;0.00;22.81;car;;0;0.00
2510.00;972103805_0;116.86;9.52;2252.00;0.20;-23142338#2_0;5.10;0.00;tripinfo_in_ns_to_ko.26;258.00;in_ns_to_ko.26;0;1398.55;0.86;0.00;111.42;car;;5;62.00
2513.00;23142338#2_0;290.21;8.78;2263.00;0.62;803785575#0_0;5.10;0.00;tripinfo_in_od_to_ns.7;250.00;in_od_to_ns.7;0;1928.29;0.89;0.00;42.09;car;;1;14.00
2513.00;23527526_0;253.75;8.83;2308.00;0.64;-230845886_0;5.10;0.00;tripinfo_in_ba_to_gj.8;205.00;in_ba_to_gj.8;0;1755.68;0.88;0.00;23.77;car;;1;4.00
2516.00;23142338#2_0;290.21;10.49;2265.00;0.57;23687583_0;5.10;0.00;tripinfo_in_as_to_ns.6;251.00;in_as_to_ns.6;0;1995.73;0.95;0.00;58.68;car;;3;26.00
2520.00;23156305_0;1264.14;10.45;2073.00;14.98;803785575#0_0;5.10;0.00;tripinfo_in_od_to_gg.3;447.00;in_od_to_gg.3;0;3669.96;0.96;0.00;100.52;car;;2;15.00
2522.00;23156305_0;1264.14;10.86;2079.00;15.68;803785575#0_0;5.10;0.00;tripinfo_in_od_to_gg.4;443.00;in_od_to_gg.4;0;3669.96;1.03;0.00;120.70;car;;1;14.00
2524.00;23156305_0;1264.14;11.33;2094.00;17.95;803785575#0_0;5.10;0.00;tripinfo_in_od_to_gg.5;430.00;in_od_to_gg.5;0;3669.96;1.03;0.00;106.50;car;;1;13.00
2524.00;972103805_0;116.86;10.59;2384.00;0.71;23687583_0;5.10;0.00;tripinfo_in_as_to_ko.16;140.00;in_as_to_ko.16;0;1102.39;1.03;0.00;43.10;car;;2;27.00
2528.00;972103805_0;116.86;11.55;2283.00;1.05;-230845886_0;5.10;0.00;tripinfo_in_ba_to_ko.15;245.00;in_ba_to_ko.15;0;2114.29;1.04;0.00;60.85;car;;3;25.00
2531.00;972103805_0;116.86;10.33;2305.00;3.36;-230845886_0;5.10;0.00;tripinfo_in_ba_to_ko.16;226.00;in_ba_to_ko.16;0;2114.29;0.94;0.00;20.94;car;;0;0.00
2532.00;23156305_0;1264.14;10.22;2246.00;2.82;-230845886_0;5.10;0.00;tripinfo_in_ba_to_gg.2;286.00;in_ba_to_gg.2;0;2718.65;0.95;0.00;24.55;car;;0;0.00
2533.00;23156305_0;1264.14;12.89;2271.00;0.12;-230845886_0;5.10;0.00;tripinfo_in_ba_to_gg.3;262.00;in_ba_to_gg.3;0;2718.65;1.17;0.00;51.67;car;;0;0.00
2534.00;23156390_0;1121.44;9.30;2160.00;14.14;803785575#0_0;5.10;0.00;tripinfo_in_od_to_br.0;374.00;in_od_to_br.0;0;3149.31;0.92;0.00;64.48;car;;1;3.00
2534.00;972103805_0;116.86;10.46;2255.00;1.50;-23142338#2_0;5.10;0.00;tripinfo_in_ns_to_ko.27;279.00;in_ns_to_ko.27;0;1398.55;1.01;0.00;153.30;car;;7;96.00
2535.00;23156390_0;1121.44;10.58;2354.00;3.36;23687583_0;5.10;0.00;tripinfo_in_as_to_br.1;181.00;in_as_to_br.1;0;1694.48;1.02;0.00;31.19;car;;0;0.00
2535.00;28716808#1_0;754.74;10.34;2353.00;0.16;-230845886_0;5.10;0.00;tripinfo_in_ba_to_kl.1;182.00;in_ba_to_kl.1;0;1727.09;0.94;0.00;16.27;car;;0;0.00
2536.00;28706217_0;94.10;8.90;2225.00;1.58;-23142338#2_0;5.10;0.00;tripinfo_in_ns_to_sl.1;311.00;in_ns_to_sl.1;0;1619.36;1.11;0.00;163.41;car;;6;111.00
2536.00;23527526_0;253.75;7.64;2319.00;3.04;-230845886_0;5.10;0.00;tripinfo_in_ba_to_gj.9;217.00;in_ba_to_gj.9;0;1755.68;0.80;0.00;19.46;car;;0;0.00
2537.00;23156390_0;1121.44;11.40;2175.00;15.46;803785575#0_0;5.10;0.00;tripinfo_in_od_to_br.1;362.00;in_od_to_br.1;0;3149.31;1.08;0.00;96.71;car;;1;2.00
2538.00;23527526_0;253.75;11.46;2333.00;4.32;-230845886_0;5.10;0.00;tripinfo_in_ba_to_gj.10;205.00;in_ba_to_gj.10;0;1755.68;1.07;0.00;56.18;car;;1;8.00
2540.00;23527526_0;253.75;11.26;2360.00;3.43;-230845886_0;5.10;0.00;tripinfo_in_ba_to_gj.11;180.00;in_ba_to_gj.11;0;1755.68;1.04;0.00;25.99;car;;0;0.00
2541.00;23142338#2_0;290.21;8.59;2237.00;2.15;-230845886_0;5.10;0.00;tripinfo_in_ba_to_ns.2;304.00;in_ba_to_ns.2;0;2346.36;0.87;0.00;60.91;car;;2;32.00
2542.00;230845886_0;633.12;7.82;2224.00;1.51;803785575#0_0;5.10;0.00;tripinfo_in_od_to_ba.7;318.00;in_od_to_ba.7;0;2382.14;0.74;0.00;26.91;car;;0;0.00
2543.00;23142338#2_0;290.21;11.17;2333.00;0.94;23687583_0;5.10;0.00;tripinfo_in_as_to_ns.7;210.00;in_as_to_ns.7;0;1995.73;1.11;0.00;46.54;car;;2;14.00
2544.00;28706217_0;94.10;6.33;2099.00;2.53;23687583_0;5.10;0.00;tripinfo_in_as_to_sl.4;445.00;in_as_to_sl.4;0;1976.75;0.88;0.00;237.34;car;;8;168.00
2547.00;23156305_0;1264.14;11.19;2197.00;8.76;-45494495_0;5.10;0.00;tripinfo_in_os_to_gg.1;350.00;in_os_to_gg.1;0;3034.34;1.02;0.00;78.95;car;;0;0.00
2551.00;28716808#1_0;754.74;9.73;2394.00;3.19;23687583_0;5.10;0.00;tripinfo_in_as_to_kl.3;157.00;in_as_to_kl.3;0;1207.92;0.89;0.00;33.11;car;;2;11.00
2552.00;28706217_0;94.10;8.78;2120.00;0.46;23687583_0;5.10;0.00;tripinfo_in_as_to_sl.5;432.00;in_as_to_sl.5;0;1976.75;1.15;0.00;272.87;car;;6;183.00
2553.00;23156305_0;1264.14;11.04;2144.00;2.60;-23142338#2_0;5.10;0.00;tripinfo_in_ns_to_gg.4;409.00;in_ns_to_gg.4;0;3297.24;1.01;0.00;113.93;car;;4;64.00
2553.00;972103805_0;116.86;10.98;2425.00;3.63;23687583_0;5.10;0.00;tripinfo_in_as_to_ko.17;128.00;in_as_to_ko.17;0;1102.39;1.09;0.00;36.54;car;;1;17.00
2553.00;23527526_0;253.75;9.90;2479.00;0.25;23687583_0;5.10;0.00;tripinfo_in_as_to_gj.8;74.00;in_as_to_gj.8;0;649.06;0.97;0.00;12.84;car;;0;0.00
2554.00;41899283#1_0;148.70;10.34;2228.00;0.50;-23142338#2_0;5.10;0.00;tripinfo_in_ns_to_as.3;326.00;in_ns_to_as.3;0;2009.37;0.94;0.00;130.72;car;;6;76.00
2557.00;972103805_0;116.86;10.34;2329.00;0.54;-230845886_0;5.10;0.00;tripinfo_in_ba_to_ko.17;228.00;in_ba_to_ko.17;0;2114.29;1.04;0.00;43.47;car;;0;0.00
2562.00;23527526_0;253.75;10.55;2247.00;2.29;803785575#0_0;5.10;0.00;tripinfo_in_od_to_gj.3;315.00;in_od_to_gj.3;0;2706.99;1.00;0.00;69.32;car;;1;7.00
2563.00;45494495_0;58.90;11.71;2295.00;0.50;-230845886_0;5.10;0.00;tripinfo_in_ba_to_os.6;268.00;in_ba_to_os.6;0;1647.96;1.09;0.00;130.99;car;;2;104.00
2563.00;41899283#1_0;148.70;10.63;2340.00;0.24;-45494495_0;5.10;0.00;tripinfo_in_os_to_as.4;223.00;in_os_to_as.4;0;1746.47;1.02;0.00;66.95;car;;1;22.00
2564.00;23527526_0;253.75;11.75;2373.00;2.57;-230845886_0;5.10;0.00;tripinfo_in_ba_to_gj.12;191.00;in_ba_to_gj.12;0;1755.68;1.08;0.00;42.43;car;;1;2.00
2565.00;41899283#1_0;148.70;10.99;2266.00;2.20;803785575#0_0;5.10;0.00;tripinfo_in_od_to_as.7;299.00;in_od_to_as.7;0;2382.09;1.06;0.00;96.00;car;;1;22.00
2566.00;972103805_0;116.86;8.28;2253.00;1.11;803785575#0_0;5.10;0.00;tripinfo_in_od_to_ko.11;313.00;in_od_to_ko.11;0;2307.67;0.85;0.00;54.53;car;;2;19.00
2566.00;41899283#1_0;148.70;12.47;2424.00;2.55;-230845886_0;5.10;0.00;tripinfo_in_ba_to_as.12;142.00;in_ba_to_as.12;0;1430.78;1.20;0.00;33.67;car;;0;0.00
2566.00;23527526_0;253.75;10.54;2497.00;3.12;23687583_0;5.10;0.00;tripinfo_in_as_to_gj.9;69.00;in_as_to_gj.9;0;649.06;1.04;0.00;11.54;car;;0;0.00
2568.00;972103805_0;116.86;11.36;2278.00;2.78;803785575#0_0;5.10;0.00;tripinfo_in_od_to_ko.12;290.00;in_od_to_ko.12;0;2307.67;1.08;0.00;85.69;car;;2;18.00
2570.00;230845886_0;633.12;8.53;2250.00;4.25;803785575#0_0;5.10;0.00;tripinfo_in_od_to_ba.8;320.00;in_od_to_ba.8;0;2382.14;0.80;0.00;51.64;car;;1;24.00
2570.00;23142338#2_0;290.21;10.28;2311.00;0.83;-230845886_0;5.10;0.00;tripinfo_in_ba_to_ns.3;259.00;in_ba_to_ns.3;0;2346.36;0.97;0.00;40.84;car;;1;8.00
2572.00;230845886_0;633.12;10.92;2332.00;0.77;-45494495_0;5.10;0.00;tripinfo_in_os_to_ba.9;240.00;in_os_to_ba.9;0;1746.52;1.03;0.00;86.38;car;;1;24.00
2572.00;28716808#1_0;754.74;11.26;2385.00;3.99;-230845886_0;5.10;0.00;tripinfo_wu_ba_to_kl.2;187.00;wu_ba_to_kl.2;0;1727.09;1.07;0.00;40.25;car;;1;16.00
2573.00;23156390_0;1121.44;9.51;2204.00;1.33;803785575#0_0;5.10;0.00;tripinfo_in_od_to_br.2;369.00;in_od_to_br.2;0;3149.31;0.86;0.00;34.74;car;;0;0.00
2573.00;45494495_0;58.90;9.23;2368.00;23.91;803785575#0_0;5.10;0.00;tripinfo_in_od_to_os.23;205.00;in_od_to_os.23;0;969.96;0.94;0.00;111.28;car;;2;94.00
2574.00;230845886_0;633.12;11.52;2284.00;5.55;803785575#0_0;5.10;0.00;tripinfo_in_od_to_ba.9;290.00;in_od_to_ba.9;0;2382.14;1.07;0.00;87.47;car;;2;27.00
2575.00;45494495_0;58.90;11.71;2371.00;20.69;803785575#0_0;5.10;0.00;tripinfo_in_od_to_os.24;204.00;in_od_to_os.24;0;969.96;1.13;0.00;125.44;car;;2;97.00
2576.00;45494495_0;58.90;11.81;2219.00;0.77;-23142338#2_0;5.10;0.00;tripinfo_in_ns_to_os.1;357.00;in_ns_to_os.1;0;1865.82;1.10;0.00;203.59;car;;7;147.00
2578.00;45494495_0;58.90;10.77;2357.00;1.98;-230845886_0;5.10;0.00;tripinfo_in_ba_to_os.7;221.00;in_ba_to_os.7;0;1647.96;1.02;0.00;74.50;car;;1;45.00
2578.00;23527526_0;253.75;9.92;2394.00;3.45;-230845886_0;5.10;0.00;tripinfo_in_ba_to_gj.13;184.00;in_ba_to_gj.13;0;1755.68;0.94;0.00;14.98;car;;0;0.00
2581.00;45494495_0;58.90;10.13;2423.00;15.78;803785575#0_0;5.10;0.00;tripinfo_in_od_to_os.26;158.00;in_od_to_os.26;0;969.96;0.94;0.00;64.72;car;;1;44.00
2583.00;972103805_0;116.86;8.26;2272.00;3.92;-23142338#2_0;5.10;0.00;tripinfo_in_ns_to_ko.28;311.00;in_ns_to_ko.28;0;1398.55;0.75;0.00;141.91;car;;6;97.00
2583.00;45494495_0;58.90;11.31;2364.00;6.86;-230845886_0;5.10;0.00;tripinfo_in_ba_to_os.8;219.00;in_ba_to_os.8;0;1647.96;1.07;0.00;79.25;car;;1;33.00
2585.00;23156030#6_0;109.07;11.78;2266.00;0.73;-23142338#2_0;5.10;0.00;tripinfo_in_ns_to_od.1;319.00;in_ns_to_od.1;0;2005.01;1.12;0.00;146.50;car;;7;84.00
2585.00;972103805_0;116.86;12.08;2445.00;6.42;23687583_0;5.10;0.00;tripinfo_in_as_to_ko.18;140.00;in_as_to_ko.18;0;1102.39;1.16;0.00;53.70;car;;2;31.00
2587.00;230845886_0;633.12;9.52;2296.00;11.82;803785575#0_0;5.10;0.00;tripinfo_in_od_to_ba.10;291.00;in_od_to_ba.10;0;2382.14;0.93;0.00;59.74;car;;2;23.00
2589.00;28706217_0;94.10;8.15;2126.00;0.80;23687583_0;5.10;0.00;tripinfo_in_as_to_sl.6;463.00;in_as_to_sl.6;0;1976.75;1.11;0.00;297.95;car;;8;221.00
2589.00;230845886_0;633.12;12.45;2439.00;4.60;23687583_0;5.10;0.00;tripinfo_in_as_to_ba.7;150.00;in_as_to_ba.7;0;1356.50;1.19;0.00;46.43;car;;0;0.00
2591.00;41899283#1_0;148.70;10.79;2293.00;12.29;803785575#0_0;5.10;0.00;tripinfo_in_od_to_as.9;298.00;in_od_to_as.9;0;2382.09;0.99;0.00;79.90;car;;3;30.00
2592.00;28716808#1_0;754.74;9.46;2239.00;2.80;-23142338#2_0;5.10;0.00;tripinfo_in_ns_to_kl.2;353.00;in_ns_to_kl.2;0;2315.58;0.87;0.00;111.72;car;;5;59.00
2593.00;28706217_0;94.10;7.88;2125.00;1.70;-230845886_0;5.10;0.00;tripinfo_in_ba_to_sl.3;468.00;in_ba_to_sl.3;0;1934.94;1.03;0.00;293.90;car;;10;205.00
2594.00;28716808#1_0;754.74;9.97;2260.00;0.01;803785575#0_0;5.10;0.00;tripinfo_in_od_to_kl.5;334.00;in_od_to_kl.5;0;2678.40;0.97;0.00;84.10;car;;2;24.00
2595.00;41899283#1_0;148.70;10.43;2290.00;11.27;803785575#0_0;5.10;0.00;tripinfo_in_od_to_as.8;305.00;in_od_to_as.8;0;2382.09;0.95;0.00;78.37;car;;3;34.00
2596.00;972103805_0;116.86;9.01;2202.00;0.51;-45494495_0;5.10;0.00;tripinfo_in_os_to_ko.1;394.00;in_os_to_ko.1;0;2045.29;0.85;0.00;165.34;car;;7;102.00
2596.00;23156305_0;1264.14;10.71;2231.00;0.08;803785575#0_0;5.10;0.00;tripinfo_in_od_to_gg.6;365.00;in_od_to_gg.6;0;3669.96;1.06;0.00;48.71;car;;0;0.00
2596.00;41899283#1_0;148.70;11.85;2433.00;0.21;-230845886_0;5.10;0.00;tripinfo_in_ba_to_as.13;163.00;in_ba_to_as.13;0;1430.78;1.07;0.00;42.10;car;;2;4.00
2599.00;23527526_0;253.75;11.19;2427.00;1.89;-230845886_0;5.10;0.00;tripinfo_in_ba_to_gj.14;172.00;in_ba_to_gj.14;0;1755.68;1.05;0.00;20.80;car;;0;0.00
2600.00;45494495_0;58.90;10.38;2386.00;18.70;803785575#0_0;5.10;0.00;tripinfo_in_od_to_os.25;214.00;in_od_to_os.25;0;969.96;0.97;0.00;123.36;car;;3;88.00
2601.00;972103805_0;116.86;8.98;2281.00;4.87;803785575#0_0;5.10;0.00;tripinfo_in_od_to_ko.13;320.00;in_od_to_ko.13;0;2307.67;0.88;0.00;70.87;car;;4;25.00
2602.00;45494495_0;58.90;10.14;2446.00;4.16;803785575#0_0;5.10;0.00;tripinfo_in_od_to_os.28;156.00;in_od_to_os.28;0;969.96;1.01;0.00;68.98;car;;2;38.00
2603.00;972103805_0;116.86;10.71;2285.00;0.65;-23142338#2_0;5.10;0.00;tripinfo_in_ns_to_ko.29;318.00;in_ns_to_ko.29;0;1398.55;1.03;0.00;194.96;car;;8;125.00
2604.00;972103805_0;116.86;12.51;2299.00;14.32;803785575#0_0;5.10;0.00;tripinfo_in_od_to_ko.14;305.00;in_od_to_ko.14;0;2307.67;1.15;0.00;113.67;car;;5;42.00
2604.00;23142338#2_0;290.21;9.31;2311.00;10.53;803785575#0_0;5.10;0.00;tripinfo_in_od_to_ns.8;293.00;in_od_to_ns.8;0;1928.29;0.85;0.00;75.09;car;;3;25.00
2605.00;41899283#1_0;148.70;11.13;2329.00;22.26;803785575#0_0;5.10;0.00;tripinfo_in_od_to_as.10;276.00;in_od_to_as.10;0;2382.09;1.03;0.00;67.21;car;;2;20.00
2606.00;23142338#2_0;290.21;10.53;2378.00;0.71;23687583_0;5.10;0.00;tripinfo_in_as_to_ns.8;228.00;in_as_to_ns.8;0;1995.73;1.04;0.00;53.35;car;;2;22.00
2607.00;45494495_0;58.90;8.41;2429.00;12.43;803785575#0_0;5.10;0.00;tripinfo_in_od_to_os.27;178.00;in_od_to_os.27;0;969.96;0.84;0.00;73.88;car;;2;44.00
2611.00;23527526_0;253.75;10.13;2523.00;0.51;23687583_0;5.10;0.00;tripinfo_in_as_to_gj.10;88.00;in_as_to_gj.10;0;649.06;0.96;0.00;26.01;car;;1;14.00
2617.00;28716808#1_0;754.74;9.12;2448.00;3.09;23687583_0;5.10;0.00;tripinfo_in_as_to_kl.4;169.00;in_as_to_kl.4;0;1207.92;0.85;0.00;39.91;car;;1;22.00
2617.00;45494495_0;58.90;11.92;2491.00;8.32;803785575#0_0;5.10;0.00;tripinfo_in_od_to_os.29;126.00;in_od_to_os.29;0;969.96;1.15;0.00;48.89;car;;2;22.00
2618.00;972103805_0;116.86;7.90;2337.00;0.86;-230845886_0;5.10;0.00;tripinfo_in_ba_to_ko.18;281.00;in_ba_to_ko.18;0;2114.29;0.82;0.00;46.03;car;;1;15.00
2619.00;45494495_0;58.90;11.23;2497.00;12.38;803785575#0_0;5.10;0.00;tripinfo_in_od_to_os.30;122.00;in_od_to_os.30;0;969.96;1.05;0.00;38.55;car;;2;14.00
2620.00;972103805_0;116.86;10.61;2340.00;2.19;-230845886_0;5.10;0.00;tripinfo_in_ba_to_ko.19;280.00;in_ba_to_ko.19;0;2114.29;1.02;0.00;90.87;car;;1;14.00
2622.00;23142338#2_0;290.21;11.13;2365.00;22.34;803785575#0_0;5.10;0.00;tripinfo_in_od_to_ns.9;257.00;in_od_to_ns.9;0;1928.29;1.08;0.00;83.94;car;;2;35.00
2622.00;972103805_0;116.86;10.48;2370.00;4.73;-230845886_0;5.10;0.00;tripinfo_in_ba_to_ko.20;252.00;in_ba_to_ko.20;0;2114.29;0.98;0.00;56.33;car;;2;14.00
2625.00;45494495_0;58.90;7.81;2249.00;0.81;-23142338#2_0;5.10;0.00;tripinfo_in_ns_to_os.2;376.00;in_ns_to_os.2;0;1865.82;0.79;0.00;163.00;car;;7;102.00
2625.00;23142338#2_0;290.21;10.80;2343.00;0.43;-230845886_0;5.10;0.00;tripinfo_in_ba_to_ns.4;282.00;in_ba_to_ns.4;0;2346.36;1.05;0.00;79.52;car;;2;31.00
2626.00;23527526_0;253.75;12.30;2269.00;3.65;-23142338#2_0;5.10;0.00;tripinfo_in_ns_to_gj.0;357.00;in_ns_to_gj.0;0;2084.96;1.11;0.00;187.43;car;;8;111.00
2627.00;972103805_0;116.86;8.42;2308.00;9.11;803785575#0_0;5.10;0.00;tripinfo_in_od_to_ko.15;319.00;in_od_to_ko.15;0;2307.67;0.79;0.00;42.73;car;;1;11.00
2629.00;972103805_0;116.86;10.62;2300.00;1.39;-23142338#2_0;5.10;0.00;tripinfo_in_ns_to_ko.30;329.00;in_ns_to_ko.30;0;1398.55;0.97;0.00;198.76;car;;8;127.00
2632.00;45494495_0;58.90;8.91;2402.00;0.66;-230845886_0;5.10;0.00;tripinfo_in_ba_to_os.9;230.00;in_ba_to_os.9;0;1647.96;0.91;0.00;65.60;car;;4;29.00
2633.00;972103805_0;116.86;9.03;2303.00;0.48;-23142338#2_0;5.10;0.00;tripinfo_in_ns_to_ko.31;330.00;in_ns_to_ko.31;0;1398.55;0.83;0.00;176.50;car;;8;117.00
2634.00;972103805_0;116.86;11.17;2309.00;1.96;-23142338#2_0;5.10;0.00;tripinfo_in_ns_to_ko.32;325.00;in_ns_to_ko.32;0;1398.55;1.26;0.00;224.15;car;;7;120.00
2634.00;45494495_0;58.90;9.33;2430.00;4.62;-230845886_0;5.10;0.00;tripinfo_in_ba_to_os.11;204.00;in_ba_to_os.11;0;1647.96;0.88;0.00;34.50;car;;1;7.00
2635.00;41899283#1_0;148.70;10.08;2480.00;4.54;-230845886_0;5.10;0.00;tripinfo_in_ba_to_as.14;155.00;in_ba_to_as.14;0;1430.78;0.93;0.00;15.79;car;;0;0.00
2637.00;28716808#1_0;754.74;10.48;2302.00;13.05;803785575#0_0;5.10;0.00;tripinfo_in_od_to_kl.6;335.00;in_od_to_kl.6;0;2678.40;0.97;0.00;84.66;car;;4;31.00
2637.00;45494495_0;58.90;9.83;2415.00;0.71;-230845886_0;5.10;0.00;tripinfo_in_ba_to_os.10;222.00;in_ba_to_os.10;0;1647.96;0.90;0.00;55.64;car;;6;16.00
2638.00;45494495_0;58.90;11.15;2401.00;0.75;23687583_0;5.10;0.00;tripinfo_in_as_to_os.5;237.00;in_as_to_os.5;0;1689.77;1.06;0.00;92.47;car;;5;23.00
2639.00;230845886_0;633.12;10.57;2396.00;2.27;-45494495_0;5.10;0.00;tripinfo_in_os_to_ba.10;243.00;in_os_to_ba.10;0;1746.52;1.01;0.00;86.44;car;;4;30.00
2639.00;23527526_0;253.75;8.68;2437.00;1.11;-230845886_0;5.10;0.00;tripinfo_in_ba_to_gj.15;202.00;in_ba_to_gj.15;0;1755.68;0.87;0.00;18.16;car;;0;0.00
2640.00;45494495_0;58.90;10.91;2411.00;0.78;23687583_0;5.10;0.00;tripinfo_in_as_to_os.6;229.00;in_as_to_os.6;0;1689.77;1.02;0.00;80.16;car;;5;22.00
2641.00;230845886_0;633.12;11.46;2341.00;28.01;803785575#0_0;5.10;0.00;tripinfo_in_od_to_ba.11;300.00;in_od_to_ba.11;0;2382.14;1.05;0.00;94.95;car;;3;23.00
2641.00;23527526_0;253.75;10.58;2445.00;0.69;-230845886_0;5.10;0.00;tripinfo_in_ba_to_gj.16;196.00;in_ba_to_gj.16;0;1755.68;1.01;0.00;38.51;car;;0;0.00
2643.00;23527526_0;253.75;10.03;2548.00;0.95;23687583_0;5.10;0.00;tripinfo_in_as_to_gj.11;95.00;in_as_to_gj.11;0;649.06;1.01;0.00;35.95;car;;1;18.00
2644.00;972103805_0;116.86;10.87;2388.00;1.34;-230845886_0;5.10;0.00;tripinfo_in_ba_to_ko.21;256.00;in_ba_to_ko.21;0;2114.29;1.08;0.00;76.99;car;;2;28.00
2644.00;23156390_0;1121.44;8.79;2422.00;1.65;23687583_0;5.10;0.00;tripinfo_in_as_to_br.2;222.00;in_as_to_br.2;0;1694.48;0.79;0.00;28.43;car;;1;3.00
2644.00;45494495_0;58.90;8.98;2519.00;15.63;803785575#0_0;5.10;0.00;tripinfo_in_od_to_os.31;125.00;in_od_to_os.31;0;969.96;0.87;0.00;23.95;car;;0;0.00
2645.00;230845886_0;633.12;11.06;2344.00;30.69;803785575#0_0;5.10;0.00;tripinfo_in_od_to_ba.12;301.00;in_od_to_ba.12;0;2382.14;1.06;0.00;97.27;car;;2;17.00
2646.00;28716808#1_0;754.74;10.61;2323.00;18.13;803785575#0_0;5.10;0.00;tripinfo_in_od_to_kl.7;323.00;in_od_to_kl.7;0;2678.40;1.04;0.00;89.40;car;;5;30.00
2646.00;23156390_0;1121.44;10.49;2315.00;0.62;-45494495_0;5.10;0.00;tripinfo_in_os_to_br.4;331.00;in_os_to_br.4;0;2513.69;1.03;0.00;109.19;car;;2;33.00
2646.00;45494495_0;58.90;10.37;2419.00;0.14;23687583_0;5.10;0.00;tripinfo_in_as_to_os.7;227.00;in_as_to_os.7;0;1689.77;0.97;0.00;68.79;car;;4;15.00
2647.00;41899283#1_0;148.70;10.93;2290.00;0.47;-23142338#2_0;5.10;0.00;tripinfo_in_ns_to_as.4;357.00;in_ns_to_as.4;0;2009.37;1.05;0.00;182.73;car;;7;114.00
2647.00;230845886_0;633.12;12.81;2359.00;23.97;803785575#0_0;5.10;0.00;tripinfo_in_od_to_ba.13;288.00;in_od_to_ba.13;0;2382.14;1.16;0.00;102.00;car;;1;15.00
2647.00;45494495_0;58.90;12.47;2465.00;6.63;-230845886_0;5.10;0.00;tripinfo_in_ba_to_os.12;182.00;in_ba_to_os.12;0;1647.96;1.14;0.00;51.31;car;;1;4.00
2648.00;972103805_0;116.86;10.31;2391.00;2.83;-230845886_0;5.10;0.00;tripinfo_in_ba_to_ko.22;257.00;in_ba_to_ko.22;0;2114.29;0.96;0.00;56.11;car;;2;23.00
2649.00;23156305_0;1264.14;8.58;2243.00;0.07;-45494495_0;5.10;0.00;tripinfo_in_os_to_gg.2;406.00;in_os_to_gg.2;0;3034.34;0.79;0.00;56.53;car;;3;5.00
2650.00;230845886_0;633.12;11.23;2262.00;0.97;-23142338#2_0;5.10;0.00;tripinfo_in_ns_to_ba.0;388.00;in_ns_to_ba.0;0;2340.42;1.03;0.00;183.77;car;;7;102.00
2650.00;41899283#1_0;148.70;10.85;2392.00;0.20;-45494495_0;5.10;0.00;tripinfo_in_os_to_as.5;258.00;in_os_to_as.5;0;1746.47;1.07;0.00;109.82;car;;4;43.00
2650.00;23527526_0;253.75;9.77;2557.00;0.16;23687583_0;5.10;0.00;tripinfo_in_as_to_gj.12;93.00;in_as_to_gj.12;0;649.06;0.92;0.00;28.76;car;;1;15.00
2651.00;23156305_0;1264.14;9.68;2310.00;0.83;-45494495_0;5.10;0.00;tripinfo_in_os_to_gg.3;341.00;in_os_to_gg.3;0;3034.34;1.09;0.00;88.88;car;;2;13.00
2652.00;972103805_0;116.86;8.94;2398.00;0.05;-230845886_0;5.10;0.00;tripinfo_in_ba_to_ko.23;254.00;in_ba_to_ko.23;0;2114.29;0.91;0.00;41.70;car;;2;10.00
2652.00;23527526_0;253.75;11.92;2572.00;0.36;23687583_0;5.10;0.00;tripinfo_in_as_to_gj.13;80.00;in_as_to_gj.13;0;649.06;1.10;0.00;25.81;car;;2;6.00
2657.00;972103805_0;116.86;9.18;2335.00;25.46;803785575#0_0;5.10;0.00;tripinfo_in_od_to_ko.16;322.00;in_od_to_ko.16;0;2307.67;0.83;0.00;59.80;car;;2;20.00
2658.00;41899283#1_0;148.70;8.76;2399.00;2.58;-45494495_0;5.10;0.00;tripinfo_in_os_to_as.6;259.00;in_os_to_as.6;0;1746.47;0.88;0.00;79.74;car;;2;20.00
2659.00;23156390_0;1121.44;9.43;2272.00;5.95;803785575#0_0;5.10;0.00;tripinfo_in_od_to_br.3;387.00;in_od_to_br.3;0;3149.31;0.89;0.00;64.14;car;;1;20.00
2659.00;972103805_0;116.86;9.25;2350.00;31.63;803785575#0_0;5.10;0.00;tripinfo_in_od_to_ko.17;309.00;in_od_to_ko.17;0;2307.67;0.94;0.00;75.31;car;;1;17.00
2660.00;28706217_0;94.10;6.88;2131.00;3.36;-230845886_0;5.10;0.00;tripinfo_in_ba_to_sl.4;529.00;in_ba_to_sl.4;0;1934.94;0.86;0.00;318.96;car;;8;246.00
2661.00;972103805_0;116.86;11.09;2318.00;0.98;-23142338#2_0;5.10;0.00;tripinfo_in_ns_to_ko.33;343.00;in_ns_to_ko.33;0;1398.55;1.07;0.00;224.49;car;;8;130.00
2661.00;23527526_0;253.75;9.23;2471.00;6.69;-230845886_0;5.10;0.00;tripinfo_in_ba_to_gj.17;190.00;in_ba_to_gj.17;0;1755.68;0.94;0.00;20.31;car;;0;0.00
2664.00;972103805_0;116.86;8.68;2321.00;2.94;-23142338#2_0;5.10;0.00;tripinfo_in_ns_to_ko.34;343.00;in_ns_to_ko.34;0;1398.55;0.89;0.00;200.64;car;;8;132.00
2664.00;23142338#2_0;290.21;8.73;2377.00;15.40;803785575#0_0;5.10;0.00;tripinfo_in_od_to_ns.10;287.00;in_od_to_ns.10;0;1928.29;0.83;0.00;65.14;car;;2;34.00
2666.00;972103805_0;116.86;9.74;2324.00;4.34;-23142338#2_0;5.10;0.00;tripinfo_in_ns_to_ko.35;342.00;in_ns_to_ko.35;0;1398.55;0.99;0.00;214.27;car;;8;128.00
2666.00;230845886_0;633.12;9.31;2362.00;21.20;803785575#0_0;5.10;0.00;tripinfo_in_od_to_ba.14;304.00;in_od_to_ba.14;0;2382.14;0.87;0.00;57.47;car;;1;14.00
2668.00;28706217_0;94.10;7.70;2151.00;0.09;-230845886_0;5.10;0.00;tripinfo_in_ba_to_sl.5;517.00;in_ba_to_sl.5;0;1934.94;1.05;0.00;346.27;car;;9;251.00
2669.00;972103805_0;116.86;9.91;2356.00;28.06;803785575#0_0;5.10;0.00;tripinfo_in_od_to_ko.18;313.00;in_od_to_ko.18;0;2307.67;0.90;0.00;71.53;car;;2;38.00
2669.00;41899283#1_0;148.70;9.39;2496.00;5.77;-230845886_0;5.10;0.00;tripinfo_in_ba_to_as.15;173.00;in_ba_to_as.15;0;1430.78;0.91;0.00;30.79;car;;0;0.00
2671.00;972103805_0;116.86;10.04;2333.00;0.31;-23142338#2_0;5.10;0.00;tripinfo_in_ns_to_ko.36;338.00;in_ns_to_ko.36;0;1398.55;1.01;0.00;213.48;car;;9;144.00
2671.00;23142338#2_0;290.21;9.42;2436.00;6.36;23687583_0;5.10;0.00;tripinfo_in_as_to_ns.9;235.00;in_as_to_ns.9;0;1995.73;0.92;0.00;37.39;car;;1;13.00
2672.00;23156030#6_0;109.07;10.78;2261.00;0.17;23687583_0;5.10;0.00;tripinfo_in_as_to_od.1;411.00;in_as_to_od.1;0;2357.31;1.01;0.00;199.14;car;;5;132.00
2672.00;23142338#2_0;290.21;11.84;2460.00;3.00;23687583_0;5.10;0.00;tripinfo_in_as_to_ns.10;212.00;in_as_to_ns.10;0;1995.73;1.17;0.00;56.22;car;;1;17.00
2677.00;972103805_0;116.86;9.77;2514.00;0.21;23687583_0;5.10;0.00;tripinfo_in_as_to_ko.19;163.00;in_as_to_ko.19;0;1102.39;0.91;0.00;53.36;car;;2;37.00
2680.00;972103805_0;116.86;10.63;2418.00;0.09;-230845886_0;5.10;0.00;tripinfo_in_ba_to_ko.24;262.00;in_ba_to_ko.24;0;2114.29;0.98;0.00;64.89;car;;3;22.00
2682.00;23142338#2_0;290.21;11.28;2270.00;0.85;-45494495_0;5.10;0.00;tripinfo_in_os_to_ns.2;412.00;in_os_to_ns.2;0;1665.91;1.12;0.00;266.88;car;;9;195.00
2682.00;972103805_0;116.86;11.43;2454.00;0.90;-230845886_0;5.10;0.00;tripinfo_in_ba_to_ko.25;228.00;in_ba_to_ko.25;0;2114.29;1.08;0.00;49.26;car;;1;12.00
2684.00;972103805_0;116.86;11.92;2383.00;20.40;803785575#0_0;5.10;0.00;tripinfo_in_od_to_ko.19;301.00;in_od_to_ko.19;0;2307.67;1.18;0.00;113.94;car;;2;31.00
2686.00;23156390_0;1121.44;9.88;2509.00;5.35;23687583_0;5.10;0.00;tripinfo_in_as_to_br.3;177.00;in_as_to_br.3;0;1694.48;0.94;0.00;13.82;car;;0;0.00
2688.00;23156390_0;1121.44;10.39;2317.00;14.08;803785575#0_0;5.10;0.00;tripinfo_in_od_to_br.4;371.00;in_od_to_br.4;0;3149.31;1.04;0.00;94.88;car;;5;26.00
2693.00;41899283#1_0;148.70;10.14;2526.00;2.66;-230845886_0;5.10;0.00;tripinfo_in_ba_to_as.16;167.00;in_ba_to_as.16;0;1430.78;0.98;0.00;35.33;car;;0;0.00
2698.00;41899283#1_0;148.70;11.09;2543.00;0.78;-230845886_0;5.10;0.00;tripinfo_in_ba_to_as.17;155.00;in_ba_to_as.17;0;1430.78;1.05;0.00;30.97;car;;0;0.00
2700.00;45494495_0;58.90;11.62;2567.00;12.11;803785575#0_0;5.10;0.00;tripinfo_in_od_to_os.32;133.00;in_od_to_os.32;0;969.96;1.08;0.00;50.99;car;;1;35.00
2702.00;41899283#1_0;148.70;10.13;2306.00;3.37;-23142338#2_0;5.10;0.00;tripinfo_in_ns_to_as.5;396.00;in_ns_to_as.5;0;2009.37;0.96;0.00;204.40;car;;8;127.00
2703.00;45494495_0;58.90;11.54;2457.00;1.94;23687583_0;5.10;0.00;tripinfo_in_as_to_os.9;246.00;in_as_to_os.9;0;1689.77;1.06;0.00;101.02;car;;3;69.00
2705.00;972103805_0;116.86;10.15;2457.00;2.06;-230845886_0;5.10;0.00;tripinfo_in_ba_to_ko.26;248.00;in_ba_to_ko.26;0;2114.29;0.96;0.00;48.82;car;;3;18.00
2708.00;972103805_0;116.86;9.90;2462.00;6.99;-230845886_0;5.10;0.00;tripinfo_in_ba_to_ko.27;246.00;in_ba_to_ko.27;0;2114.29;0.98;0.00;48.46;car;;3;14.00
2710.00;23156305_0;1264.14;11.83;2305.00;13.40;803785575#0_0;5.10;0.00;tripinfo_in_od_to_gg.7;405.00;in_od_to_gg.7;0;3669.96;1.12;0.00;106.76;car;;4;32.00
2712.00;23156305_0;1264.14;12.50;2314.00;12.39;803785575#0_0;5.10;0.00;tripinfo_in_od_to_gg.8;398.00;in_od_to_gg.8;0;3669.96;1.14;0.00;106.37;car;;3;27.00
2712.00;23142338#2_0;290.21;10.63;2421.00;2.88;-230845886_0;5.10;0.00;tripinfo_in_ba_to_ns.5;291.00;in_ba_to_ns.5;0;2346.36;1.02;0.00;81.65;car;;2;37.00
2713.00;972103805_0;116.86;10.04;2474.00;8.43;-230845886_0;5.10;0.00;tripinfo_in_ba_to_ko.28;239.00;in_ba_to_ko.28;0;2114.29;0.91;0.00;27.60;car;;0;0.00
2715.00;41899283#1_0;148.70;10.34;2412.00;2.21;-45494495_0;5.10;0.00;tripinfo_in_os_to_as.7;303.00;in_os_to_as.7;0;1746.47;1.01;0.00;146.11;car;;4;79.00
2716.00;972103805_0;116.86;9.56;2392.00;19.90;803785575#0_0;5.10;0.00;tripinfo_in_od_to_ko.20;324.00;in_od_to_ko.20;0;2307.67;0.91;0.00;83.20;car;;3;37.00
2716.00;230845886_0;633.12;9.28;2399.00;19.73;803785575#0_0;5.10;0.00;tripinfo_in_od_to_ba.15;317.00;in_od_to_ba.15;0;2382.14;0.90;0.00;78.18;car;;2;45.00
2718.00;972103805_0;116.86;12.67;2359.00;0.69;-23142338#2_0;5.10;0.00;tripinfo_in_ns_to_ko.37;359.00;in_ns_to_ko.37;0;1398.55;1.17;0.00;250.50;car;;10;157.00
2718.00;230845886_0;633.12;11.75;2566.00;1.95;23687583_0;5.10;0.00;tripinfo_in_as_to_ba.8;152.00;in_as_to_ba.8;0;1356.50;1.14;0.00;44.77;car;;2;17.00
2718.00;23527526_0;253.75;8.71;2611.00;5.88;23687583_0;5.10;0.00;tripinfo_in_as_to_gj.14;107.00;in_as_to_gj.14;0;649.06;0.87;0.00;38.19;car;;2;13.00
2719.00;23156390_0;1121.44;10.30;2326.00;19.70;803785575#0_0;5.10;0.00;tripinfo_in_od_to_br.5;393.00;in_od_to_br.5;0;3149.31;0.96;0.00;94.19;car;;3;34.00
2719.00;41899283#1_0;148.70;11.94;2405.00;23.54;803785575#0_0;5.10;0.00;tripinfo_in_od_to_as.11;314.00;in_od_to_as.11;0;2382.09;1.09;0.00;115.35;car;;3;48.00
2722.00;972103805_0;116.86;9.83;2362.00;2.54;-23142338#2_0;5.10;0.00;tripinfo_in_ns_to_ko.38;360.00;in_ns_to_ko.38;0;1398.55;0.92;0.00;222.94;car;;10;149.00
2722.00;23142338#2_0;290.21;11.88;2500.00;3.04;23687583_0;5.10;0.00;tripinfo_in_as_to_ns.11;222.00;in_as_to_ns.11;0;1995.73;1.08;0.00;52.54;car;;2;22.00
2722.00;41899283#1_0;148.70;10.38;2568.00;0.58;-230845886_0;5.10;0.00;tripinfo_in_ba_to_as.19;154.00;in_ba_to_as.19;0;1430.78;1.02;0.00;26.77;car;;1;1.00
2723.00;23156390_0;1121.44;11.11;2338.00;25.37;803785575#0_0;5.10;0.00;tripinfo_in_od_to_br.6;385.00;in_od_to_br.6;0;3149.31;1.04;0.00;110.74;car;;5;39.00
2723.00;972103805_0;116.86;12.22;2392.00;0.42;-23142338#2_0;5.10;0.00;tripinfo_in_ns_to_ko.39;331.00;in_ns_to_ko.39;0;1398.55;1.20;0.00;225.76;car;;9;127.00
2723.00;23142338#2_0;290.21;11.82;2506.00;5.23;23687583_0;5.10;0.00;tripinfo_in_as_to_ns.12;217.00;in_as_to_ns.12;0;1995.73;1.09;0.00;49.97;car;;2;18.00
2724.00;23527526_0;253.75;9.95;2511.00;6.24;-230845886_0;5.10;0.00;tripinfo_in_ba_to_gj.18;213.00;in_ba_to_gj.18;0;1755.68;0.92;0.00;38.78;car;;1;3.00
2724.00;41899283#1_0;148.70;10.52;2562.00;0.22;-230845886_0;5.10;0.00;tripinfo_in_ba_to_as.18;162.00;in_ba_to_as.18;0;1430.78;1.02;0.00;35.20;car;;0;0.00
2725.00;972103805_0;116.86;10.95;2396.00;0.46;-23142338#2_0;5.10;0.00;tripinfo_in_ns_to_ko.40;329.00;in_ns_to_ko.40;0;1398.55;1.09;0.00;213.42;car;;8;126.00
2728.00;230845886_0;633.12;9.76;2417.00;17.97;803785575#0_0;5.10;0.00;tripinfo_in_od_to_ba.16;311.00;in_od_to_ba.16;0;2382.14;0.97;0.00;90.20;car;;2;33.00
2729.00;972103805_0;116.86;9.43;2420.00;17.93;803785575#0_0;5.10;0.00;tripinfo_in_od_to_ko.21;309.00;in_od_to_ko.21;0;2307.67;0.92;0.00;71.55;car;;2;38.00
2729.00;23156305_0;1264.14;12.20;2467.00;5.65;-230845886_0;5.10;0.00;tripinfo_in_ba_to_gg.4;262.00;in_ba_to_gg.4;0;2718.65;1.13;0.00;43.57;car;;2;6.00
2730.00;230845886_0;633.12;10.33;2569.00;4.85;23687583_0;5.10;0.00;tripinfo_in_as_to_ba.9;161.00;in_as_to_ba.9;0;1356.50;1.00;0.00;38.54;car;;2;11.00
2731.00;28716808#1_0;754.74;10.82;2311.00;0.65;-23142338#2_0;5.10;0.00;tripinfo_in_ns_to_kl.3;420.00;in_ns_to_kl.3;0;2315.58;0.98;0.00;206.95;car;;8;125.00
2731.00;972103805_0;116.86;10.94;2440.00;0.98;803785575#0_0;5.10;0.00;tripinfo_in_od_to_ko.22;291.00;in_od_to_ko.22;0;2307.67;1.03;0.00;78.09;car;;2;31.00
2734.00;28706217_0;94.10;7.06;2297.00;0.05;-23142338#2_0;5.10;0.00;tripinfo_in_ns_to_sl.2;437.00;in_ns_to_sl.2;0;1619.36;1.00;0.00;274.20;car;;11;201.00
2736.00;972103805_0;116.86;9.20;2581.00;0.25;23687583_0;5.10;0.00;tripinfo_in_as_to_ko.20;155.00;in_as_to_ko.20;0;1102.39;0.92;0.00;47.09;car;;2;23.00
2738.00;23142338#2_0;290.21;11.92;2537.00;9.71;803785575#0_0;5.10;0.00;tripinfo_in_od_to_ns.11;201.00;in_od_to_ns.11;0;1928.29;1.10;0.00;30.96;car;;0;0.00
2738.00;972103805_0;116.86;10.68;2584.00;1.22;23687583_0;5.10;0.00;tripinfo_in_as_to_ko.21;154.00;in_as_to_ko.21;0;1102.39;1.07;0.00;60.62;car;;3;30.00
2739.00;972103805_0;116.86;12.28;2602.00;3.35;23687583_0;5.10;0.00;tripinfo_in_as_to_ko.22;137.00;in_as_to_ko.22;0;1102.39;1.19;0.00;53.76;car;;2;19.00
2739.00;23527526_0;253.75;10.36;2628.00;0.05;23687583_0;5.10;0.00;tripinfo_in_as_to_gj.15;111.00;in_as_to_gj.15;0;649.06;0.98;0.00;50.64;car;;2;22.00
2742.00;972103805_0;116.86;11.40;2483.00;1.20;-230845886_0;5.10;0.00;tripinfo_in_ba_to_ko.29;259.00;in_ba_to_ko.29;0;2114.29;1.06;0.00;76.76;car;;2;21.00
2743.00;230845886_0;633.12;10.71;2482.00;6.26;803785575#0_0;5.10;0.00;tripinfo_in_od_to_ba.17;261.00;in_od_to_ba.17;0;2382.14;1.03;0.00;52.17;car;;1;3.00
2744.00;972103805_0;116.86;10.78;2499.00;6.77;-230845886_0;5.10;0.00;tripinfo_in_ba_to_ko.30;245.00;in_ba_to_ko.30;0;2114.29;1.04;0.00;60.29;car;;2;3.00
2745.00;41899283#1_0;148.70;11.12;2485.00;5.52;803785575#0_0;5.10;0.00;tripinfo_in_od_to_as.12;260.00;in_od_to_as.12;0;2382.09;1.09;0.00;63.20;car;;1;5.00
2748.00;28706217_0;94.10;8.71;2166.00;4.86;-230845886_0;5.10;0.00;tripinfo_in_ba_to_sl.6;582.00;in_ba_to_sl.6;0;1934.94;1.09;0.00;416.19;car;;11;318.00
2748.00;23527526_0;253.75;10.38;2402.00;20.68;803785575#0_0;5.10;0.00;tripinfo_in_od_to_gj.4;346.00;in_od_to_gj.4;0;2706.99;0.97;0.00;93.30;car;;2;43.00
2749.00;972103805_0;116.86;8.70;2407.00;0.78;-23142338#2_0;5.10;0.00;tripinfo_in_ns_to_ko.41;342.00;in_ns_to_ko.41;0;1398.55;0.84;0.00;191.36;car;;8;130.00
2752.00;28706217_0;94.10;7.56;2172.00;1.64;-230845886_0;5.10;0.00;tripinfo_in_ba_to_sl.7;580.00;in_ba_to_sl.7;0;1934.94;1.00;0.00;400.67;car;;11;312.00
2752.00;230845886_0;633.12;11.27;2488.00;5.96;803785575#0_0;5.10;0.00;tripinfo_in_od_to_ba.18;264.00;in_od_to_ba.18;0;2382.14;1.02;0.00;52.86;car;;1;2.00
2753.00;230845886_0;633.12;11.33;2591.00;2.02;23687583_0;5.10;0.00;tripinfo_in_as_to_ba.10;162.00;in_as_to_ba.10;0;1356.50;1.13;0.00;53.47;car;;2;26.00
2758.00;23142338#2_0;290.21;9.56;2517.00;3.05;23687583_0;5.10;0.00;tripinfo_in_as_to_ns.13;241.00;in_as_to_ns.13;0;1995.73;0.94;0.00;48.51;car;;2;18.00
2765.00;972103805_0;116.86;9.10;2617.00;5.61;23687583_0;5.10;0.00;tripinfo_in_as_to_ko.23;148.00;in_as_to_ko.23;0;1102.39;0.92;0.00;40.17;car;;3;13.00
2767.00;972103805_0;116.86;10.49;2505.00;9.90;-230845886_0;5.10;0.00;tripinfo_in_ba_to_ko.31;262.00;in_ba_to_ko.31;0;2114.29;1.04;0.00;77.31;car;;2;19.00
2768.00;23527526_0;253.75;11.67;2664.00;10.23;23687583_0;5.10;0.00;tripinfo_in_as_to_gj.16;104.00;in_as_to_gj.16;0;649.06;1.12;0.00;50.62;car;;2;20.00
2769.00;972103805_0;116.86;10.94;2508.00;12.01;-230845886_0;5.10;0.00;tripinfo_in_ba_to_ko.32;261.00;in_ba_to_ko.32;0;2114.29;1.10;0.00;85.68;car;;2;16.00
2770.00;28706217_0;94.10;6.13;2678.00;26.61;803785575#0_0;5.10;0.00;tripinfo_in_od_to_sl.0;92.00;in_od_to_sl.0;0;747.33;0.87;0.00;8.54;car;;0;0.00
2771.00;972103805_0;116.86;9.85;2523.00;2.71;-230845886_0;5.10;0.00;tripinfo_in_ba_to_ko.33;248.00;in_ba_to_ko.33;0;2114.29;0.99;0.00;53.85;car;;1;6.00
2772.00;23142338#2_0;290.21;11.48;2493.00;3.21;-230845886_0;5.10;0.00;tripinfo_in_ba_to_ns.6;279.00;in_ba_to_ns.6;0;2346.36;1.05;0.00;76.67;car;;1;14.00
2773.00;28716808#1_0;754.74;10.47;2414.00;18.77;803785575#0_0;5.10;0.00;tripinfo_in_od_to_kl.8;359.00;in_od_to_kl.8;0;2678.40;1.00;0.00;116.30;car;;5;60.00
2775.00;23156390_0;1121.44;11.91;2389.00;21.08;803785575#0_0;5.10;0.00;tripinfo_in_od_to_br.7;386.00;in_od_to_br.7;0;3149.31;1.08;0.00;122.70;car;;3;55.00
2776.00;972103805_0;116.86;9.36;2470.00;0.69;803785575#0_0;5.10;0.00;tripinfo_in_od_to_ko.23;306.00;in_od_to_ko.23;0;2307.67;0.88;0.00;56.25;car;;2;23.00
2777.00;972103805_0;116.86;10.65;2424.00;0.95;-23142338#2_0;5.10;0.00;tripinfo_in_ns_to_ko.42;353.00;in_ns_to_ko.42;0;1398.55;1.03;0.00;230.31;car;;10;148.00
2779.00;972103805_0;116.86;10.95;2427.00;0.80;-23142338#2_0;5.10;0.00;tripinfo_in_ns_to_ko.43;352.00;in_ns_to_ko.43;0;1398.55;1.06;0.00;232.93;car;;10;142.00
2779.00;23142338#2_0;290.21;9.47;2520.00;1.98;-230845886_0;5.10;0.00;tripinfo_in_ba_to_ns.7;259.00;in_ba_to_ns.7;0;2346.36;0.97;0.00;39.76;car;;0;0.00
2779.00;45494495_0;58.90;8.65;2630.00;5.25;803785575#0_0;5.10;0.00;tripinfo_in_od_to_os.34;149.00;in_od_to_os.34;0;969.96;0.83;0.00;43.77;car;;2;24.00
2781.00;230845886_0;633.12;11.68;2339.00;0.55;-23142338#2_0;5.10;0.00;tripinfo_in_ns_to_ba.1;442.00;in_ns_to_ba.1;0;2340.42;1.06;0.00;243.73;car;;10;150.00
2781.00;972103805_0;116.86;13.30;2540.00;11.32;803785575#0_0;5.10;0.00;tripinfo_in_od_to_ko.24;241.00;in_od_to_ko.24;0;2307.67;1.20;0.00;57.83;car;;1;3.00
2781.00;45494495_0;58.90;10.34;2648.00;11.74;803785575#0_0;5.10;0.00;tripinfo_in_od_to_os.35;133.00;in_od_to_os.35;0;969.96;1.02;0.00;46.78;car;;2;23.00
2783.00;45494495_0;58.90;11.55;2651.00;13.98;803785575#0_0;5.10;0.00;tripinfo_in_od_to_os.36;132.00;in_od_to_os.36;0;969.96;1.04;0.00;47.05;car;;2;22.00
2785.00;45494495_0;58.90;10.59;2428.00;6.28;23687583_0;5.10;0.00;tripinfo_in_as_to_os.8;357.00;in_as_to_os.8;0;1689.77;0.96;0.00;197.93;car;;7;127.00
2786.00;41899283#1_0;148.70;9.99;2625.00;2.42;-230845886_0;5.10;0.00;tripinfo_in_ba_to_as.21;161.00;in_ba_to_as.21;0;1430.78;0.97;0.00;27.10;car;;1;1.00
2787.00;23142338#2_0;290.21;9.88;2526.00;1.94;23687583_0;5.10;0.00;tripinfo_in_as_to_ns.14;261.00;in_as_to_ns.14;0;1995.73;0.97;0.00;72.63;car;;4;33.00
2787.00;45494495_0;58.90;11.16;2573.00;14.33;803785575#0_0;5.10;0.00;tripinfo_in_od_to_os.33;214.00;in_od_to_os.33;0;969.96;1.08;0.00;132.68;car;;4;91.00
2789.00;23156305_0;1264.14;9.17;2275.00;6.25;-23142338#2_0;5.10;0.00;tripinfo_in_ns_to_gg.5;514.00;in_ns_to_gg.5;0;3297.24;0.90;0.00;179.76;car;;7;103.00
2790.00;23156305_0;1264.14;10.74;2353.00;30.74;803785575#0_0;5.10;0.00;tripinfo_in_od_to_gg.9;437.00;in_od_to_gg.9;0;3669.96;1.10;0.00;134.56;car;;3;20.00
2792.00;23156305_0;1264.14;11.03;2374.00;14.16;803785575#0_0;5.10;0.00;tripinfo_in_od_to_gg.10;418.00;in_od_to_gg.10;0;3669.96;1.09;0.00;114.04;car;;1;15.00
2793.00;230845886_0;633.12;11.02;2423.00;3.98;-45494495_0;5.10;0.00;tripinfo_in_os_to_ba.11;370.00;in_os_to_ba.11;0;1746.52;1.03;0.00;217.25;car;;12;135.00
2794.00;28706217_0;94.10;8.25;2169.00;0.31;23687583_0;5.10;0.00;tripinfo_in_as_to_sl.7;625.00;in_as_to_sl.7;0;1976.75;1.00;0.00;441.39;car;;11;340.00
2794.00;972103805_0;116.86;12.67;2529.00;5.06;-230845886_0;5.10;0.00;tripinfo_in_ba_to_ko.34;265.00;in_ba_to_ko.34;0;2114.29;1.16;0.00;98.85;car;;2;26.00
2794.00;41899283#1_0;148.70;12.53;2622.00;1.77;-230845886_0;5.10;0.00;tripinfo_in_ba_to_as.20;172.00;in_ba_to_as.20;0;1430.78;1.14;0.00;58.54;car;;3;13.00
2794.00;23527526_0;253.75;10.20;2698.00;0.43;23687583_0;5.10;0.00;tripinfo_in_as_to_gj.17;96.00;in_as_to_gj.17;0;649.06;1.02;0.00;37.68;car;;1;7.00
2798.00;23156390_0;1121.44;10.46;2411.00;15.83;803785575#0_0;5.10;0.00;tripinfo_in_od_to_br.9;387.00;in_od_to_br.9;0;3149.31;1.02;0.00;107.52;car;;4;45.00
2803.00;972103805_0;116.86;9.93;2433.00;4.16;-23142338#2_0;5.10;0.00;tripinfo_in_ns_to_ko.44;370.00;in_ns_to_ko.44;0;1398.55;1.01;0.00;244.25;car;;11;163.00
2804.00;41899283#1_0;148.70;10.77;2507.00;15.37;803785575#0_0;5.10;0.00;tripinfo_in_od_to_as.13;297.00;in_od_to_as.13;0;2382.09;0.99;0.00;78.36;car;;3;18.00
2805.00;23527526_0;253.75;10.25;2612.00;0.83;-230845886_0;5.10;0.00;tripinfo_in_ba_to_gj.19;193.00;in_ba_to_gj.19;0;1755.68;0.99;0.00;32.98;car;;1;2.00
2806.00;41899283#1_0;148.70;10.57;2639.00;1.98;-230845886_0;5.10;0.00;tripinfo_in_ba_to_as.22;167.00;in_ba_to_as.22;0;1430.78;1.02;0.00;39.43;car;;2;11.00
2807.00;23527526_0;253.75;10.60;2503.00;13.18;803785575#0_0;5.10;0.00;tripinfo_in_od_to_gj.5;304.00;in_od_to_gj.5;0;2706.99;1.06;0.00;73.50;car;;1;2.00
2808.00;23156305_0;1264.14;10.20;2623.00;0.97;23687583_0;5.10;0.00;tripinfo_in_as_to_gg.3;185.00;in_as_to_gg.3;0;1600.87;1.01;0.00;40.84;car;;1;11.00
2808.00;41899283#1_0;148.70;10.18;2648.00;3.73;-230845886_0;5.10;0.00;tripinfo_in_ba_to_as.23;160.00;in_ba_to_as.23;0;1430.78;1.01;0.00;30.62;car;;2;3.00
2811.00;972103805_0;116.86;10.62;2546.00;14.60;803785575#0_0;5.10;0.00;tripinfo_in_od_to_ko.25;265.00;in_od_to_ko.25;0;2307.67;1.00;0.00;45.85;car;;1;17.00
2812.00;230845886_0;633.12;8.49;2510.00;11.59;803785575#0_0;5.10;0.00;tripinfo_in_od_to_ba.19;302.00;in_od_to_ba.19;0;2382.14;0.84;0.00;44.52;car;;1;8.00
2816.00;230845886_0;633.12;9.79;2631.00;0.96;23687583_0;5.10;0.00;tripinfo_in_as_to_ba.11;185.00;in_as_to_ba.11;0;1356.50;0.94;0.00;53.97;car;;2;21.00
2825.00;23142338#2_0;290.21;8.97;2540.00;0.44;23687583_0;5.10;0.00;tripinfo_in_as_to_ns.15;285.00;in_as_to_ns.15;0;1995.73;0.83;0.00;66.87;car;;3;25.00
2827.00;972103805_0;116.86;9.22;2647.00;2.41;23687583_0;5.10;0.00;tripinfo_in_as_to_ko.24;180.00;in_as_to_ko.24;0;1102.39;0.92;0.00;71.66;car;;3;38.00
2828.00;972103805_0;116.86;11.02;2661.00;9.19;23687583_0;5.10;0.00;tripinfo_in_as_to_ko.25;167.00;in_as_to_ko.25;0;1102.39;1.00;0.00;67.37;car;;3;32.00
2834.00;23156030#6_0;109.07;10.05;2297.00;0.56;23687583_0;5.10;0.00;tripinfo_in_as_to_od.2;537.00;in_as_to_od.2;0;2357.31;0.91;0.00;304.56;car;;6;255.00
2834.00;28716808#1_0;754.74;8.28;2479.00;7.25;803785575#0_0;5.10;0.00;tripinfo_in_od_to_kl.9;355.00;in_od_to_kl.9;0;2678.40;0.79;0.00;49.44;car;;2;7.00
2835.00;23156305_0;1264.14;9.57;2502.00;7.67;-230845886_0;5.10;0.00;tripinfo_in_ba_to_gg.5;333.00;in_ba_to_gg.5;0;2718.65;0.87;0.00;48.23;car;;1;5.00
2835.00;972103805_0;116.86;9.24;2549.00;17.47;803785575#0_0;5.10;0.00;tripinfo_in_od_to_ko.26;286.00;in_od_to_ko.26;0;2307.67;0.89;0.00;39.80;car;;2;5.00
2836.00;28716808#1_0;754.74;11.63;2401.00;0.79;-23142338#2_0;5.10;0.00;tripinfo_in_ns_to_kl.4;435.00;in_ns_to_kl.4;0;2315.58;1.06;0.00;236.76;car;;9;136.00
2836.00;41899283#1_0;148.70;9.24;2673.00;2.71;-230845886_0;5.10;0.00;tripinfo_in_ba_to_as.24;163.00;in_ba_to_as.24;0;1430.78;0.88;0.00;14.91;car;;0;0.00
2837.00;972103805_0;116.86;10.87;2446.00;3.36;-23142338#2_0;5.10;0.00;tripinfo_in_ns_to_ko.45;391.00;in_ns_to_ko.45;0;1398.55;1.08;0.00;274.59;car;;11;156.00
2837.00;23156305_0;1264.14;10.56;2517.00;1.05;-230845886_0;5.10;0.00;tripinfo_in_ba_to_gg.6;320.00;in_ba_to_gg.6;0;2718.65;1.05;0.00;85.57;car;;0;0.00
2838.00;28716808#1_0;754.74;11.69;2676.00;11.45;23687583_0;5.10;0.00;tripinfo_in_as_to_kl.5;162.00;in_as_to_kl.5;0;1207.92;1.12;0.00;63.64;car;;2;16.00
2839.00;23156305_0;1264.14;10.88;2535.00;0.24;-230845886_0;5.10;0.00;tripinfo_in_ba_to_gg.7;304.00;in_ba_to_gg.7;0;2718.65;1.05;0.00;67.84;car;;0;0.00
2840.00;23156390_0;1121.44;8.65;2408.00;18.92;803785575#0_0;5.10;0.00;tripinfo_in_od_to_br.8;432.00;in_od_to_br.8;0;3149.31;0.87;0.00;104.93;car;;5;49.00
2841.00;23156305_0;1264.14;10.40;2380.00;18.23;803785575#0_0;5.10;0.00;tripinfo_in_od_to_gg.11;461.00;in_od_to_gg.11;0;3669.96;0.99;0.00;123.06;car;;3;55.00
2841.00;972103805_0;116.86;8.76;2449.00;3.10;-23142338#2_0;5.10;0.00;tripinfo_in_ns_to_ko.46;392.00;in_ns_to_ko.46;0;1398.55;0.90;0.00;251.81;car;;11;156.00
2842.00;23156390_0;1121.44;10.74;2432.00;14.27;803785575#0_0;5.10;0.00;tripinfo_in_od_to_br.10;410.00;in_od_to_br.10;0;3149.31;0.98;0.00;118.38;car;;4;39.00
2843.00;23156305_0;1264.14;11.01;2396.00;21.30;803785575#0_0;5.10;0.00;tripinfo_in_od_to_gg.12;447.00;in_od_to_gg.12;0;3669.96;1.05;0.00;130.66;car;;3;48.00
2843.00;972103805_0;116.86;9.74;2582.00;16.93;803785575#0_0;5.10;0.00;tripinfo_in_od_to_ko.27;261.00;in_od_to_ko.27;0;2307.67;0.99;0.00;38.80;car;;1;11.00
2844.00;23156390_0;1121.44;10.77;2435.00;0.61;803785575#0_0;5.10;0.00;tripinfo_in_od_to_br.11;409.00;in_od_to_br.11;0;3149.31;1.02;0.00;130.14;car;;3;36.00
2845.00;972103805_0;116.86;11.56;2585.00;17.64;803785575#0_0;5.10;0.00;tripinfo_in_od_to_ko.28;260.00;in_od_to_ko.28;0;2307.67;1.06;0.00;52.64;car;;1;10.00
2846.00;23156390_0;1121.44;10.67;2443.00;1.30;803785575#0_0;5.10;0.00;tripinfo_in_od_to_br.12;403.00;in_od_to_br.12;0;3149.31;1.00;0.00;117.05;car;;3;33.00
2846.00;41899283#1_0;148.70;8.49;2522.00;16.86;803785575#0_0;5.10;0.00;tripinfo_in_od_to_as.14;324.00;in_od_to_as.14;0;2382.09;0.87;0.00;76.26;car;;2;11.00
2848.00;23156390_0;1121.44;10.68;2449.00;6.19;803785575#0_0;5.10;0.00;tripinfo_in_od_to_br.13;399.00;in_od_to_br.13;0;3149.31;1.00;0.00;113.33;car;;3;39.00
2848.00;972103805_0;116.86;9.93;2597.00;18.60;803785575#0_0;5.10;0.00;tripinfo_in_od_to_ko.29;251.00;in_od_to_ko.29;0;2307.67;0.96;0.00;23.10;car;;0;0.00
2849.00;972103805_0;116.86;12.38;2600.00;20.19;803785575#0_0;5.10;0.00;tripinfo_in_od_to_ko.30;249.00;in_od_to_ko.30;0;2307.67;1.19;0.00;64.52;car;;0;0.00
2849.00;41899283#1_0;148.70;8.49;2682.00;6.00;-230845886_0;5.10;0.00;tripinfo_in_ba_to_as.25;167.00;in_ba_to_as.25;0;1430.78;0.86;0.00;15.90;car;;0;0.00
2849.00;23527526_0;253.75;8.76;2742.00;4.57;23687583_0;5.10;0.00;tripinfo_in_as_to_gj.18;107.00;in_as_to_gj.18;0;649.06;0.88;0.00;39.58;car;;2;17.00
2851.00;23527526_0;253.75;10.25;2754.00;6.01;23687583_0;5.10;0.00;tripinfo_in_as_to_gj.19;97.00;in_as_to_gj.19;0;649.06;1.03;0.00;38.88;car;;2;12.00
2852.00;972103805_0;116.86;12.03;2453.00;0.60;-23142338#2_0;5.10;0.00;tripinfo_in_ns_to_ko.47;399.00;in_ns_to_ko.47;0;1398.55;1.16;0.00;289.73;car;;11;178.00
2856.00;23156390_0;1121.44;10.09;2452.00;1.41;803785575#0_0;5.10;0.00;tripinfo_in_od_to_br.14;404.00;in_od_to_br.14;0;3149.31;0.94;0.00;100.17;car;;3;38.00
2858.00;972103805_0;116.86;8.28;2673.00;12.55;23687583_0;5.10;0.00;tripinfo_in_as_to_ko.26;185.00;in_as_to_ko.26;0;1102.39;0.84;0.00;67.37;car;;3;28.00
2859.00;230845886_0;633.12;8.22;2653.00;6.13;23687583_0;5.10;0.00;tripinfo_in_as_to_ba.12;206.00;in_as_to_ba.12;0;1356.50;0.84;0.00;59.04;car;;3;25.00
2860.00;23156305_0;1264.14;10.73;2426.00;17.99;803785575#0_0;5.10;0.00;tripinfo_in_od_to_gg.13;434.00;in_od_to_gg.13;0;3669.96;1.05;0.00;116.87;car;;3;41.00
2860.00;972103805_0;116.86;10.42;2711.00;1.97;23687583_0;5.10;0.00;tripinfo_in_as_to_ko.27;149.00;in_as_to_ko.27;0;1102.39;1.04;0.00;53.54;car;;3;14.00
2861.00;41899283#1_0;148.70;9.80;2705.00;0.17;-230845886_0;5.10;0.00;tripinfo_in_ba_to_as.26;156.00;in_ba_to_as.26;0;1430.78;0.98;0.00;24.07;car;;1;7.00
2862.00;972103805_0;116.86;11.86;2739.00;2.83;23687583_0;5.10;0.00;tripinfo_in_as_to_ko.28;123.00;in_as_to_ko.28;0;1102.39;1.10;0.00;31.61;car;;1;4.00
2863.00;23156390_0;1121.44;8.92;2467.00;0.21;803785575#0_0;5.10;0.00;tripinfo_in_od_to_br.15;396.00;in_od_to_br.15;0;3149.31;0.92;0.00;84.20;car;;3;20.00
2864.00;972103805_0;116.86;10.75;2469.00;0.96;-23142338#2_0;5.10;0.00;tripinfo_in_ns_to_ko.48;395.00;in_ns_to_ko.48;0;1398.55;0.98;0.00;265.84;car;;12;168.00
2865.00;23142338#2_0;290.21;9.96;2604.00;3.35;-230845886_0;5.10;0.00;tripinfo_in_ba_to_ns.8;261.00;in_ba_to_ns.8;0;2346.36;0.97;0.00;42.37;car;;1;8.00
2866.00;972103805_0;116.86;10.90;2621.00;15.49;803785575#0_0;5.10;0.00;tripinfo_in_od_to_ko.31;245.00;in_od_to_ko.31;0;2307.67;1.06;0.00;37.00;car;;1;11.00
2867.00;972103805_0;116.86;12.24;2642.00;9.13;803785575#0_0;5.10;0.00;tripinfo_in_od_to_ko.32;225.00;in_od_to_ko.32;0;2307.67;1.17;0.00;36.61;car;;0;0.00
2870.00;23156390_0;1121.44;9.64;2473.00;3.54;803785575#0_0;5.10;0.00;tripinfo_in_od_to_br.16;397.00;in_od_to_br.16;0;3149.31;0.90;0.00;79.75;car;;3;14.00
2871.00;23156390_0;1121.44;11.07;2420.00;8.27;-45494495_0;5.10;0.00;tripinfo_in_os_to_br.5;451.00;in_os_to_br.5;0;2513.69;1.05;0.00;233.50;car;;7;116.00
2871.00;41899283#1_0;148.70;9.59;2531.00;12.74;803785575#0_0;5.10;0.00;tripinfo_in_od_to_as.15;340.00;in_od_to_as.15;0;2382.09;0.89;0.00;97.70;car;;3;31.00
2872.00;23156305_0;1264.14;10.44;2682.00;2.53;23687583_0;5.10;0.00;tripinfo_in_as_to_gg.4;190.00;in_as_to_gg.4;0;1600.87;1.06;0.00;52.41;car;;2;15.00
2873.00;23142338#2_0;290.21;8.72;2645.00;10.35;803785575#0_0;5.10;0.00;tripinfo_in_od_to_ns.12;228.00;in_od_to_ns.12;0;1928.29;0.90;0.00;20.91;car;;0;0.00
2874.00;23142338#2_0;290.21;10.42;2605.00;5.29;23687583_0;5.10;0.00;tripinfo_in_as_to_ns.16;269.00;in_as_to_ns.16;0;1995.73;1.05;0.00;96.28;car;;5;48.00
2876.00;23142338#2_0;290.21;12.54;2620.00;1.11;23687583_0;5.10;0.00;tripinfo_in_as_to_ns.17;256.00;in_as_to_ns.17;0;1995.73;1.15;0.00;98.48;car;;3;34.00
2882.00;23527526_0;253.75;9.70;2685.00;0.15;-230845886_0;5.10;0.00;tripinfo_in_ba_to_gj.20;197.00;in_ba_to_gj.20;0;1755.68;0.91;0.00;21.91;car;;0;0.00
2887.00;41899283#1_0;148.70;9.28;2436.00;5.17;-23142338#2_0;5.10;0.00;tripinfo_in_ns_to_as.6;451.00;in_ns_to_as.6;0;2009.37;0.90;0.00;248.06;car;;11;156.00
2888.00;972103805_0;116.86;8.24;2601.00;0.79;-230845886_0;5.10;0.00;tripinfo_in_ba_to_ko.35;287.00;in_ba_to_ko.35;0;2114.29;0.82;0.00;52.57;car;;2;22.00
2890.00;23527526_0;253.75;8.73;2691.00;0.77;-230845886_0;5.10;0.00;tripinfo_in_ba_to_gj.21;199.00;in_ba_to_gj.21;0;1755.68;0.88;0.00;17.80;car;;0;0.00
2894.00;972103805_0;116.86;10.56;2478.00;0.46;-23142338#2_0;5.10;0.00;tripinfo_in_ns_to_ko.49;416.00;in_ns_to_ko.49;0;1398.55;0.99;0.00;289.08;car;;13;188.00
2895.00;23142338#2_0;290.21;9.33;2642.00;3.43;-230845886_0;5.10;0.00;tripinfo_in_ba_to_ns.9;253.00;in_ba_to_ns.9;0;2346.36;0.96;0.00;31.09;car;;1;1.00
2895.00;23527526_0;253.75;9.95;2698.00;1.83;-230845886_0;5.10;0.00;tripinfo_in_ba_to_gj.22;197.00;in_ba_to_gj.22;0;1755.68;0.96;0.00;32.10;car;;1;7.00
2896.00;23156390_0;1121.44;9.40;2500.00;10.40;803785575#0_0;5.10;0.00;tripinfo_in_od_to_br.17;396.00;in_od_to_br.17;0;3149.31;0.88;0.00;71.85;car;;4;13.00
2896.00;230845886_0;633.12;9.13;2561.00;19.34;803785575#0_0;5.10;0.00;tripinfo_in_od_to_ba.20;335.00;in_od_to_ba.20;0;2382.14;0.88;0.00;91.74;car;;3;32.00
2897.00;23156390_0;1121.44;10.94;2679.00;13.81;23687583_0;5.10;0.00;tripinfo_in_as_to_br.4;218.00;in_as_to_br.4;0;1694.48;1.02;0.00;67.85;car;;2;16.00
2900.00;23156305_0;1264.14;9.70;2476.00;5.44;803785575#0_0;5.10;0.00;tripinfo_in_od_to_gg.14;424.00;in_od_to_gg.14;0;3669.96;0.90;0.00;53.53;car;;1;3.00
2900.00;45494495_0;58.90;8.64;2494.00;1.00;23687583_0;5.10;0.00;tripinfo_in_as_to_os.10;406.00;in_as_to_os.10;0;1689.77;0.89;0.00;234.02;car;;9;188.00
2900.00;41899283#1_0;148.70;10.93;2570.00;11.44;803785575#0_0;5.10;0.00;tripinfo_in_od_to_as.16;330.00;in_od_to_as.16;0;2382.09;0.99;0.00;111.75;car;;4;32.00
2900.00;23142338#2_0;290.21;10.89;2672.00;24.55;803785575#0_0;5.10;0.00;tripinfo_in_od_to_ns.13;228.00;in_od_to_ns.13;0;1928.29;0.99;0.00;40.95;car;;0;0.00
2902.00;45494495_0;58.90;10.72;2514.00;4.50;-230845886_0;5.10;0.00;tripinfo_in_ba_to_os.13;388.00;in_ba_to_os.13;0;1647.96;0.99;0.00;237.31;car;;9;148.00
2903.00;230845886_0;633.12;10.90;2725.00;0.46;23687583_0;5.10;0.00;tripinfo_in_as_to_ba.13;178.00;in_as_to_ba.13;0;1356.50;1.01;0.00;56.95;car;;3;16.00
2904.00;45494495_0;58.90;10.31;2534.00;0.81;23687583_0;5.10;0.00;tripinfo_in_as_to_os.11;370.00;in_as_to_os.11;0;1689.77;0.94;0.00;207.85;car;;10;137.00
2905.00;45494495_0;58.90;11.15;2574.00;1.56;-230845886_0;5.10;0.00;tripinfo_in_ba_to_os.15;331.00;in_ba_to_os.15;0;1647.96;1.09;0.00;194.53;car;;6;99.00
2905.00;41899283#1_0;148.70;10.28;2594.00;20.05;803785575#0_0;5.10;0.00;tripinfo_in_od_to_as.17;311.00;in_od_to_as.17;0;2382.09;1.01;0.00;97.56;car;;4;25.00
2909.00;45494495_0;58.90;8.71;2711.00;31.42;803785575#0_0;5.10;0.00;tripinfo_in_od_to_os.37;198.00;in_od_to_os.37;0;969.96;0.89;0.00;99.14;car;;1;85.00
2910.00;972103805_0;116.86;8.10;2482.00;0.69;-23142338#2_0;5.10;0.00;tripinfo_in_ns_to_ko.50;428.00;in_ns_to_ko.50;0;1398.55;0.77;0.00;264.69;car;;12;174.00
2911.00;45494495_0;58.90;10.70;2777.00;32.54;803785575#0_0;5.10;0.00;tripinfo_in_od_to_os.39;134.00;in_od_to_os.39;0;969.96;1.03;0.00;48.37;car;;1;31.00
2912.00;23527526_0;253.75;8.35;2440.00;8.18;-23142338#2_0;5.10;0.00;tripinfo_in_ns_to_gj.1;472.00;in_ns_to_gj.1;0;2084.96;0.86;0.00;252.13;car;;10;166.00
2913.00;28716808#1_0;754.74;10.76;2763.00;0.78;23687583_0;5.10;0.00;tripinfo_in_as_to_kl.6;150.00;in_as_to_kl.6;0;1207.92;1.05;0.00;45.72;car;;2;16.00
2913.00;45494495_0;58.90;13.34;2807.00;38.35;803785575#0_0;5.10;0.00;tripinfo_in_od_to_os.42;106.00;in_od_to_os.42;0;969.96;1.24;0.00;34.57;car;;2;8.00
2914.00;23527526_0;253.75;11.44;2443.00;1.60;-23142338#2_0;5.10;0.00;tripinfo_in_ns_to_gj.2;471.00;in_ns_to_gj.2;0;2084.96;1.06;0.00;292.83;car;;11;169.00
2915.00;45494495_0;58.90;11.54;2816.00;32.58;803785575#0_0;5.10;0.00;tripinfo_in_od_to_os.43;99.00;in_od_to_os.43;0;969.96;1.06;0.00;15.38;car;;0;0.00
2915.00;28706217_0;94.10;8.44;2837.00;36.16;803785575#0_0;5.10;0.00;tripinfo_in_od_to_sl.1;78.00;in_od_to_sl.1;0;747.33;1.02;0.00;6.71;car;;0;0.00
2916.00;23156390_0;1121.44;8.02;2516.00;13.73;803785575#0_0;5.10;0.00;tripinfo_in_od_to_br.18;400.00;in_od_to_br.18;0;3149.31;0.83;0.00;56.33;car;;2;11.00
2916.00;23527526_0;253.75;8.79;2552.00;19.72;803785575#0_0;5.10;0.00;tripinfo_in_od_to_gj.6;364.00;in_od_to_gj.6;0;2706.99;0.89;0.00;89.62;car;;2;22.00
2917.00;972103805_0;116.86;8.98;2745.00;4.36;23687583_0;5.10;0.00;tripinfo_in_as_to_ko.29;172.00;in_as_to_ko.29;0;1102.39;0.88;0.00;59.16;car;;3;29.00
2918.00;23527526_0;253.75;10.40;2719.00;0.89;-230845886_0;5.10;0.00;tripinfo_in_ba_to_gj.23;199.00;in_ba_to_gj.23;0;1755.68;1.05;0.00;47.12;car;;0;0.00
2919.00;23156305_0;1264.14;8.83;2708.00;0.51;23687583_0;5.10;0.00;tripinfo_in_as_to_gg.5;211.00;in_as_to_gg.5;0;1600.87;0.83;0.00;36.75;car;;1;7.00
2921.00;972103805_0;116.86;9.87;2651.00;0.42;-230845886_0;5.10;0.00;tripinfo_in_ba_to_ko.36;270.00;in_ba_to_ko.36;0;2114.29;0.89;0.00;53.51;car;;3;17.00
2921.00;23156305_0;1264.14;10.33;2715.00;1.74;23687583_0;5.10;0.00;tripinfo_in_as_to_gg.6;206.00;in_as_to_gg.6;0;1600.87;0.98;0.00;58.16;car;;2;10.00
2922.00;23527526_0;253.75;9.92;2728.00;0.92;-230845886_0;5.10;0.00;tripinfo_in_ba_to_gj.24;194.00;in_ba_to_gj.24;0;1755.68;1.00;0.00;34.33;car;;1;7.00
2923.00;23156305_0;1264.14;9.96;2494.00;10.50;803785575#0_0;5.10;0.00;tripinfo_in_od_to_gg.15;429.00;in_od_to_gg.15;0;3669.96;0.95;0.00;79.18;car;;2;4.00
2924.00;972103805_0;116.86;9.36;2664.00;0.65;-230845886_0;5.10;0.00;tripinfo_in_ba_to_ko.37;260.00;in_ba_to_ko.37;0;2114.29;0.84;0.00;31.84;car;;1;4.00
2924.00;23527526_0;253.75;11.41;2732.00;0.64;-230845886_0;5.10;0.00;tripinfo_in_ba_to_gj.25;192.00;in_ba_to_gj.25;0;1755.68;1.06;0.00;41.98;car;;1;7.00
2925.00;23156305_0;1264.14;11.65;2619.00;0.29;-230845886_0;5.10;0.00;tripinfo_in_ba_to_gg.8;306.00;in_ba_to_gg.8;0;2718.65;1.06;0.00;73.67;car;;1;2.00
2925.00;23527526_0;253.75;10.61;2753.00;3.32;-230845886_0;5.10;0.00;tripinfo_in_ba_to_gj.26;172.00;in_ba_to_gj.26;0;1755.68;1.03;0.00;18.79;car;;0;0.00
2926.00;972103805_0;116.86;9.72;2517.00;0.53;-23142338#2_0;5.10;0.00;tripinfo_in_ns_to_ko.51;409.00;in_ns_to_ko.51;0;1398.55;0.90;0.00;269.33;car;;12;168.00
2927.00;23156305_0;1264.14;11.66;2525.00;15.80;803785575#0_0;5.10;0.00;tripinfo_in_od_to_gg.17;402.00;in_od_to_gg.17;0;3669.96;1.17;0.00;116.00;car;;1;4.00
2928.00;972103805_0;116.86;12.00;2522.00;0.68;-23142338#2_0;5.10;0.00;tripinfo_in_ns_to_ko.52;406.00;in_ns_to_ko.52;0;1398.55;1.13;0.00;293.99;car;;11;174.00
2929.00;45494495_0;58.90;9.15;2582.00;0.38;-230845886_0;5.10;0.00;tripinfo_in_ba_to_os.16;347.00;in_ba_to_os.16;0;1647.96;0.89;0.00;179.27;car;;7;120.00
2931.00;45494495_0;58.90;10.58;2607.00;3.46;-230845886_0;5.10;0.00;tripinfo_in_ba_to_os.17;324.00;in_ba_to_os.17;0;1647.96;0.99;0.00;173.39;car;;5;111.00
2932.00;23156390_0;1121.44;11.15;2733.00;0.88;23687583_0;5.10;0.00;tripinfo_in_as_to_br.5;199.00;in_as_to_br.5;0;1694.48;1.02;0.00;49.59;car;;2;12.00
2933.00;45494495_0;58.90;10.59;2615.00;1.80;-230845886_0;5.10;0.00;tripinfo_in_ba_to_os.18;318.00;in_ba_to_os.18;0;1647.96;0.99;0.00;166.51;car;;7;108.00
2934.00;28706217_0;94.10;7.52;2223.00;5.12;23687583_0;5.10;0.00;tripinfo_in_as_to_sl.8;711.00;in_as_to_sl.8;0;1976.75;0.95;0.00;517.91;car;;13;418.00
2935.00;28706217_0;94.10;9.79;2243.00;0.85;-230845886_0;5.10;0.00;tripinfo_in_ba_to_sl.8;692.00;in_ba_to_sl.8;0;1934.94;1.28;0.00;548.64;car;;12;410.00
2935.00;45494495_0;58.90;12.81;2628.00;5.26;-230845886_0;5.10;0.00;tripinfo_in_ba_to_os.19;307.00;in_ba_to_os.19;0;1647.96;1.16;0.00;178.13;car;;5;106.00
2943.00;972103805_0;116.86;11.42;2670.00;3.82;-230845886_0;5.10;0.00;tripinfo_in_ba_to_ko.38;273.00;in_ba_to_ko.38;0;2114.29;1.08;0.00;95.13;car;;2;22.00
2944.00;41899283#1_0;148.70;9.18;2458.00;0.38;-23142338#2_0;5.10;0.00;tripinfo_in_ns_to_as.7;486.00;in_ns_to_as.7;0;2009.37;0.91;0.00;285.41;car;;13;186.00
2944.00;23142338#2_0;290.21;8.89;2650.00;4.23;23687583_0;5.10;0.00;tripinfo_in_as_to_ns.18;294.00;in_as_to_ns.18;0;1995.73;0.91;0.00;94.08;car;;4;45.00
2946.00;230845886_0;633.12;9.71;2606.00;20.33;803785575#0_0;5.10;0.00;tripinfo_in_od_to_ba.21;340.00;in_od_to_ba.21;0;2382.14;0.93;0.00;108.45;car;;4;33.00
2947.00;230845886_0;633.12;11.64;2627.00;14.93;803785575#0_0;5.10;0.00;tripinfo_in_od_to_ba.23;320.00;in_od_to_ba.23;0;2382.14;1.12;0.00;128.61;car;;4;30.00
2950.00;230845886_0;633.12;10.52;2624.00;15.30;803785575#0_0;5.10;0.00;tripinfo_in_od_to_ba.22;326.00;in_od_to_ba.22;0;2382.14;1.00;0.00;110.49;car;;4;27.00
2951.00;972103805_0;116.86;8.44;2679.00;4.21;-230845886_0;5.10;0.00;tripinfo_in_ba_to_ko.39;272.00;in_ba_to_ko.39;0;2114.29;0.83;0.00;41.96;car;;1;16.00
2953.00;45494495_0;58.90;10.50;2344.00;0.61;-23142338#2_0;5.10;0.00;tripinfo_in_ns_to_os.3;609.00;in_ns_to_os.3;0;1865.82;0.98;0.00;436.47;car;;19;308.00
2953.00;972103805_0;116.86;11.37;2708.00;2.57;-230845886_0;5.10;0.00;tripinfo_in_ba_to_ko.40;245.00;in_ba_to_ko.40;0;2114.29;1.06;0.00;62.24;car;;2;20.00
2955.00;45494495_0;58.90;9.69;2631.00;0.04;-230845886_0;5.10;0.00;tripinfo_in_ba_to_os.20;324.00;in_ba_to_os.20;0;1647.96;0.90;0.00;159.31;car;;6;109.00
2956.00;972103805_0;116.86;9.57;2669.00;26.30;803785575#0_0;5.10;0.00;tripinfo_in_od_to_ko.33;287.00;in_od_to_ko.33;0;2307.67;0.86;0.00;33.40;car;;1;4.00
2957.00;23156305_0;1264.14;9.40;2410.00;1.60;-23142338#2_0;5.10;0.00;tripinfo_in_ns_to_gg.6;547.00;in_ns_to_gg.6;0;3297.24;0.94;0.00;228.78;car;;9;152.00
2958.00;972103805_0;116.86;12.38;2551.00;0.11;-23142338#2_0;5.10;0.00;tripinfo_in_ns_to_ko.53;407.00;in_ns_to_ko.53;0;1398.55;1.13;0.00;295.06;car;;13;164.00
2958.00;23527526_0;253.75;10.07;2766.00;3.93;-230845886_0;5.10;0.00;tripinfo_in_ba_to_gj.27;192.00;in_ba_to_gj.27;0;1755.68;0.95;0.00;24.91;car;;1;4.00
2960.00;972103805_0;116.86;9.45;2554.00;2.18;-23142338#2_0;5.10;0.00;tripinfo_in_ns_to_ko.54;406.00;in_ns_to_ko.54;0;1398.55;0.94;0.00;272.08;car;;13;161.00
2960.00;45494495_0;58.90;10.68;2645.00;5.67;-230845886_0;5.10;0.00;tripinfo_in_ba_to_os.21;315.00;in_ba_to_os.21;0;1647.96;1.00;0.00;164.70;car;;8;92.00
2962.00;972103805_0;116.86;12.09;2687.00;25.12;803785575#0_0;5.10;0.00;tripinfo_in_od_to_ko.34;275.00;in_od_to_ko.34;0;2307.67;1.10;0.00;73.94;car;;2;18.00
2964.00;972103805_0;116.86;10.84;2705.00;30.90;803785575#0_0;5.10;0.00;tripinfo_in_od_to_ko.35;259.00;in_od_to_ko.35;0;2307.67;1.04;0.00;47.74;car;;1;13.00
2965.00;45494495_0;58.90;12.35;2532.00;3.88;-230845886_0;5.10;0.00;tripinfo_in_ba_to_os.14;433.00;in_ba_to_os.14;0;1647.96;1.13;0.00;300.72;car;;12;197.00
2965.00;41899283#1_0;148.70;9.26;2654.00;16.40;803785575#0_0;5.10;0.00;tripinfo_in_od_to_as.18;311.00;in_od_to_as.18;0;2382.09;0.93;0.00;80.17;car;;3;8.00
2966.00;23527526_0;253.75;10.22;2844.00;2.88;23687583_0;5.10;0.00;tripinfo_in_as_to_gj.20;122.00;in_as_to_gj.20;0;649.06;1.01;0.00;62.67;car;;2;32.00
2967.00;972103805_0;116.86;10.35;2714.00;29.63;803785575#0_0;5.10;0.00;tripinfo_in_od_to_ko.36;253.00;in_od_to_ko.36;0;2307.67;0.98;0.00;29.47;car;;0;0.00
2968.00;23156305_0;1264.14;10.14;2421.00;0.08;-23142338#2_0;5.10;0.00;tripinfo_in_ns_to_gg.7;547.00;in_ns_to_gg.7;0;3297.24;0.92;0.00;218.83;car;;9;129.00
2968.00;45494495_0;58.90;10.19;2858.00;45.02;803785575#0_0;5.10;0.00;tripinfo_in_od_to_os.44;110.00;in_od_to_os.44;0;969.96;0.93;0.00;16.21;car;;1;1.00
2969.00;41899283#1_0;148.70;11.33;2525.00;1.44;-23142338#2_0;5.10;0.00;tripinfo_in_ns_to_as.8;444.00;in_ns_to_as.8;0;2009.37;1.12;0.00;280.50;car;;11;169.00
2969.00;23142338#2_0;290.21;9.76;2658.00;7.88;23687583_0;5.10;0.00;tripinfo_in_as_to_ns.19;311.00;in_as_to_ns.19;0;1995.73;0.93;0.00;115.62;car;;5;59.00
2969.00;972103805_0;116.86;11.35;2720.00;26.20;803785575#0_0;5.10;0.00;tripinfo_in_od_to_ko.37;249.00;in_od_to_ko.37;0;2307.67;1.03;0.00;35.04;car;;0;0.00
2970.00;45494495_0;58.90;13.57;2537.00;0.28;23687583_0;5.10;0.00;tripinfo_in_as_to_os.12;433.00;in_as_to_os.12;0;1689.77;1.24;0.00;310.24;car;;14;178.00
2970.00;23156390_0;1121.44;10.00;2564.00;12.69;803785575#0_0;5.10;0.00;tripinfo_in_od_to_br.19;406.00;in_od_to_br.19;0;3149.31;1.00;0.00;118.70;car;;5;35.00
2971.00;23142338#2_0;290.21;9.54;2667.00;12.37;23687583_0;5.10;0.00;tripinfo_in_as_to_ns.20;304.00;in_as_to_ns.20;0;1995.73;0.93;0.00;108.33;car;;5;51.00
2972.00;45494495_0;58.90;11.61;2861.00;47.35;803785575#0_0;5.10;0.00;tripinfo_in_od_to_os.45;111.00;in_od_to_os.45;0;969.96;1.14;0.00;34.24;car;;0;0.00
2973.00;23142338#2_0;290.21;9.90;2685.00;5.02;23687583_0;5.10;0.00;tripinfo_in_as_to_ns.21;288.00;in_as_to_ns.21;0;1995.73;1.00;0.00;107.46;car;;6;39.00
2975.00;972103805_0;116.86;10.27;2773.00;3.29;23687583_0;5.10;0.00;tripinfo_in_as_to_ko.30;202.00;in_as_to_ko.30;0;1102.39;0.95;0.00;97.25;car;;3;60.00
2975.00;45494495_0;58.90;9.60;2864.00;48.48;803785575#0_0;5.10;0.00;tripinfo_in_od_to_os.46;111.00;in_od_to_os.46;0;969.96;0.97;0.00;20.42;car;;0;0.00
2976.00;41899283#1_0;148.70;11.42;2824.00;0.91;-230845886_0;5.10;0.00;tripinfo_in_ba_to_as.27;152.00;in_ba_to_as.27;0;1430.78;1.11;0.00;35.08;car;;1;7.00
2977.00;972103805_0;116.86;12.50;2789.00;3.39;23687583_0;5.10;0.00;tripinfo_in_as_to_ko.31;188.00;in_as_to_ko.31;0;1102.39;1.13;0.00;100.00;car;;3;64.00
2978.00;28716808#1_0;754.74;8.30;2588.00;19.49;803785575#0_0;5.10;0.00;tripinfo_in_od_to_kl.10;390.00;in_od_to_kl.10;0;2678.40;0.80;0.00;87.44;car;;3;31.00
2978.00;41899283#1_0;148.70;12.22;2836.00;0.31;-230845886_0;5.10;0.00;tripinfo_in_ba_to_as.28;142.00;in_ba_to_as.28;0;1430.78;1.13;0.00;26.40;car;;1;6.00
2979.00;972103805_0;116.86;11.31;2743.00;0.25;-230845886_0;5.10;0.00;tripinfo_in_ba_to_ko.41;236.00;in_ba_to_ko.41;0;2114.29;1.10;0.00;61.62;car;;3;23.00
2979.00;45494495_0;58.90;9.32;2867.00;49.58;803785575#0_0;5.10;0.00;tripinfo_in_od_to_os.47;112.00;in_od_to_os.47;0;969.96;0.94;0.00;18.69;car;;0;0.00
2980.00;28716808#1_0;754.74;11.66;2609.00;19.95;803785575#0_0;5.10;0.00;tripinfo_in_od_to_kl.11;371.00;in_od_to_kl.11;0;2678.40;1.23;0.00;174.43;car;;3;31.00
2981.00;28716808#1_0;754.74;11.78;2633.00;6.19;803785575#0_0;5.10;0.00;tripinfo_in_od_to_kl.12;348.00;in_od_to_kl.12;0;2678.40;1.07;0.00;122.75;car;;5;24.00
2981.00;45494495_0;58.90;11.54;2676.00;5.51;-230845886_0;5.10;0.00;tripinfo_in_ba_to_os.23;305.00;in_ba_to_os.23;0;1647.96;1.07;0.00;165.47;car;;7;96.00
2983.00;28716808#1_0;754.74;10.93;2639.00;8.31;803785575#0_0;5.10;0.00;tripinfo_in_od_to_kl.13;344.00;in_od_to_kl.13;0;2678.40;1.08;0.00;119.62;car;;5;21.00
2983.00;41899283#1_0;148.70;10.62;2660.00;20.56;803785575#0_0;5.10;0.00;tripinfo_in_od_to_as.19;323.00;in_od_to_as.19;0;2382.09;1.01;0.00;110.76;car;;4;23.00
2984.00;972103805_0;116.86;9.85;2590.00;0.05;-23142338#2_0;5.10;0.00;tripinfo_in_ns_to_ko.55;394.00;in_ns_to_ko.55;0;1398.55;0.96;0.00;262.94;car;;12;176.00
2984.00;230845886_0;633.12;10.39;2666.00;25.30;803785575#0_0;5.10;0.00;tripinfo_in_od_to_ba.24;318.00;in_od_to_ba.24;0;2382.14;1.02;0.00;105.95;car;;3;22.00
2986.00;23156390_0;1121.44;9.86;2591.00;21.10;803785575#0_0;5.10;0.00;tripinfo_in_od_to_br.20;395.00;in_od_to_br.20;0;3149.31;0.96;0.00;96.13;car;;4;28.00
2988.00;23142338#2_0;290.21;10.44;2369.00;0.69;-45494495_0;5.10;0.00;tripinfo_in_os_to_ns.3;619.00;in_os_to_ns.3;0;1665.91;0.99;0.00;454.97;car;;10;374.00
2989.00;23156030#6_0;109.07;8.72;2341.00;0.66;23687583_0;5.10;0.00;tripinfo_in_as_to_od.3;648.00;in_as_to_od.3;0;2357.31;0.79;0.00;379.34;car;;12;305.00
2989.00;972103805_0;116.86;8.22;2593.00;2.31;-23142338#2_0;5.10;0.00;tripinfo_in_ns_to_ko.56;396.00;in_ns_to_ko.56;0;1398.55;0.84;0.00;246.06;car;;11;157.00
2991.00;972103805_0;116.86;11.81;2596.00;0.04;-23142338#2_0;5.10;0.00;tripinfo_in_ns_to_ko.57;395.00;in_ns_to_ko.57;0;1398.55;1.14;0.00;284.33;car;;11;155.00
2992.00;23527526_0;253.75;9.21;2859.00;9.80;23687583_0;5.10;0.00;tripinfo_in_as_to_gj.21;133.00;in_as_to_gj.21;0;649.06;0.84;0.00;62.03;car;;2;25.00
2993.00;23156390_0;1121.44;10.12;2603.00;17.33;803785575#0_0;5.10;0.00;tripinfo_in_od_to_br.21;390.00;in_od_to_br.21;0;3149.31;1.02;0.00;109.55;car;;5;33.00
2995.00;23142338#2_0;290.21;10.75;2748.00;4.08;23687583_0;5.10;0.00;tripinfo_in_as_to_ns.22;247.00;in_as_to_ns.22;0;1995.73;1.00;0.00;65.51;car;;3;22.00
2997.00;23142338#2_0;290.21;12.60;2760.00;0.94;23687583_0;5.10;0.00;tripinfo_in_as_to_ns.23;237.00;in_as_to_ns.23;0;1995.73;1.28;0.00;91.14;car;;2;18.00
3001.00;972103805_0;116.86;9.13;2726.00;30.73;803785575#0_0;5.10;0.00;tripinfo_in_od_to_ko.38;275.00;in_od_to_ko.38;0;2307.67;0.88;0.00;25.77;car;;0;0.00
3007.00;230845886_0;633.12;10.87;2723.00;28.85;803785575#0_0;5.10;0.00;tripinfo_in_od_to_ba.25;284.00;in_od_to_ba.25;0;2382.14;1.01;0.00;71.41;car;;2;11.00
3007.00;972103805_0;116.86;9.83;2763.00;2.91;-230845886_0;5.10;0.00;tripinfo_in_ba_to_ko.42;244.00;in_ba_to_ko.42;0;2114.29;0.93;0.00;37.36;car;;2;9.00
3009.00;972103805_0;116.86;10.03;2769.00;3.61;-230845886_0;5.10;0.00;tripinfo_in_ba_to_ko.43;240.00;in_ba_to_ko.43;0;2114.29;1.00;0.00;47.07;car;;2;8.00
3011.00;23156030#6_0;109.07;8.82;2426.00;5.98;-45494495_0;5.10;0.00;tripinfo_in_os_to_od.5;585.00;in_os_to_od.5;0;865.51;0.85;0.00;493.80;car;;9;437.00
3011.00;972103805_0;116.86;9.92;2772.00;4.13;-230845886_0;5.10;0.00;tripinfo_in_ba_to_ko.44;239.00;in_ba_to_ko.44;0;2114.29;0.94;0.00;34.60;car;;1;4.00
3012.00;23156305_0;1264.14;8.16;2513.00;11.40;803785575#0_0;5.10;0.00;tripinfo_in_od_to_gg.16;499.00;in_od_to_gg.16;0;3669.96;0.77;0.00;67.87;car;;2;13.00
3014.00;23156305_0;1264.14;9.87;2430.00;2.19;-23142338#2_0;5.10;0.00;tripinfo_in_ns_to_gg.8;584.00;in_ns_to_gg.8;0;3297.24;0.99;0.00;280.57;car;;10;150.00
3014.00;972103805_0;116.86;9.85;2744.00;28.27;803785575#0_0;5.10;0.00;tripinfo_in_od_to_ko.39;270.00;in_od_to_ko.39;0;2307.67;0.99;0.00;48.78;car;;1;9.00
3015.00;41899283#1_0;148.70;9.46;2699.00;25.97;803785575#0_0;5.10;0.00;tripinfo_in_od_to_as.20;316.00;in_od_to_as.20;0;2382.09;0.91;0.00;78.47;car;;3;17.00
3016.00;23156305_0;1264.14;10.05;2534.00;10.76;803785575#0_0;5.10;0.00;tripinfo_in_od_to_gg.19;482.00;in_od_to_gg.19;0;3669.96;0.92;0.00;121.38;car;;3;29.00
3017.00;972103805_0;116.86;10.27;2356.00;0.64;-45494495_0;5.10;0.00;tripinfo_in_os_to_ko.2;661.00;in_os_to_ko.2;0;2045.29;1.03;0.00;471.38;car;;11;369.00
3018.00;23156305_0;1264.14;9.88;2543.00;12.34;803785575#0_0;5.10;0.00;tripinfo_in_od_to_gg.20;475.00;in_od_to_gg.20;0;3669.96;0.94;0.00;120.56;car;;2;25.00
3021.00;972103805_0;116.86;9.39;2607.00;0.02;-23142338#2_0;5.10;0.00;tripinfo_in_ns_to_ko.58;414.00;in_ns_to_ko.58;0;1398.55;0.96;0.00;281.79;car;;12;176.00
3022.00;230845886_0;633.12;10.99;2795.00;8.95;23687583_0;5.10;0.00;tripinfo_in_as_to_ba.14;227.00;in_as_to_ba.14;0;1356.50;1.02;0.00;106.70;car;;4;64.00
3023.00;972103805_0;116.86;11.69;2610.00;2.80;-23142338#2_0;5.10;0.00;tripinfo_in_ns_to_ko.59;413.00;in_ns_to_ko.59;0;1398.55;1.07;0.00;294.28;car;;12;170.00
3024.00;28716808#1_0;754.74;10.32;2681.00;28.64;803785575#0_0;5.10;0.00;tripinfo_in_od_to_kl.14;343.00;in_od_to_kl.14;0;2678.40;1.01;0.00;104.54;car;;4;22.00
3025.00;972103805_0;116.86;10.35;2643.00;0.41;-23142338#2_0;5.10;0.00;tripinfo_in_ns_to_ko.60;382.00;in_ns_to_ko.60;0;1398.55;1.01;0.00;257.54;car;;11;158.00
3026.00;28716808#1_0;754.74;10.29;2684.00;23.60;803785575#0_0;5.10;0.00;tripinfo_in_od_to_kl.15;342.00;in_od_to_kl.15;0;2678.40;1.03;0.00;106.87;car;;4;18.00
3029.00;972103805_0;116.86;11.27;2650.00;0.39;-23142338#2_0;5.10;0.00;tripinfo_in_ns_to_ko.61;379.00;in_ns_to_ko.61;0;1398.55;1.03;0.00;256.89;car;;11;165.00
3031.00;23156390_0;1121.44;10.81;2615.00;23.65;803785575#0_0;5.10;0.00;tripinfo_in_od_to_br.22;416.00;in_od_to_br.22;0;3149.31;0.99;0.00;127.11;car;;6;32.00
3033.00;23156305_0;1264.14;9.14;2528.00;17.33;803785575#0_0;5.10;0.00;tripinfo_in_od_to_gg.18;505.00;in_od_to_gg.18;0;3669.96;0.82;0.00;101.26;car;;4;30.00
3035.00;23156305_0;1264.14;10.75;2558.00;16.36;803785575#0_0;5.10;0.00;tripinfo_in_od_to_gg.22;477.00;in_od_to_gg.22;0;3669.96;1.00;0.00;144.62;car;;2;22.00
3035.00;23527526_0;253.75;10.24;2935.00;40.40;23687583_0;5.10;0.00;tripinfo_in_as_to_gj.22;100.00;in_as_to_gj.22;0;649.06;0.99;0.00;39.83;car;;1;16.00
3037.00;23156305_0;1264.14;11.30;2555.00;21.58;803785575#0_0;5.10;0.00;tripinfo_in_od_to_gg.21;482.00;in_od_to_gg.21;0;3669.96;1.05;0.00;165.17;car;;2;24.00
3038.00;23156305_0;1264.14;10.73;2576.00;16.07;803785575#0_0;5.10;0.00;tripinfo_in_od_to_gg.23;462.00;in_od_to_gg.23;0;3669.96;1.08;0.00;152.56;car;;4;33.00
3039.00;972103805_0;116.86;7.90;2834.00;0.52;23687583_0;5.10;0.00;tripinfo_in_as_to_ko.32;205.00;in_as_to_ko.32;0;1102.39;0.81;0.00;83.06;car;;3;50.00
3040.00;23156305_0;1264.14;10.42;2579.00;18.89;803785575#0_0;5.10;0.00;tripinfo_in_od_to_gg.24;461.00;in_od_to_gg.24;0;3669.96;1.00;0.00;128.79;car;;4;31.00
3041.00;972103805_0;116.86;10.47;2853.00;5.03;23687583_0;5.10;0.00;tripinfo_in_as_to_ko.33;188.00;in_as_to_ko.33;0;1102.39;1.00;0.00;88.45;car;;4;40.00
3042.00;23156305_0;1264.14;11.39;2775.00;5.13;-230845886_0;5.10;0.00;tripinfo_in_ba_to_gg.9;267.00;in_ba_to_gg.9;0;2718.65;1.09;0.00;40.41;car;;0;0.00
3043.00;972103805_0;116.86;11.24;2778.00;3.52;-230845886_0;5.10;0.00;tripinfo_in_ba_to_ko.45;265.00;in_ba_to_ko.45;0;2114.29;1.11;0.00;91.66;car;;4;27.00
3045.00;28706217_0;94.10;9.17;2246.00;1.78;23687583_0;5.10;0.00;tripinfo_in_as_to_sl.9;799.00;in_as_to_sl.9;0;1976.75;1.12;0.00;635.28;car;;16;508.00
3045.00;972103805_0;116.86;10.17;2787.00;0.39;-230845886_0;5.10;0.00;tripinfo_in_ba_to_ko.46;258.00;in_ba_to_ko.46;0;2114.29;0.93;0.00;52.22;car;;2;20.00
3048.00;972103805_0;116.86;9.39;2790.00;1.73;-230845886_0;5.10;0.00;tripinfo_in_ba_to_ko.47;258.00;in_ba_to_ko.47;0;2114.29;0.92;0.00;48.65;car;;3;15.00
3049.00;41899283#1_0;148.70;11.46;2756.00;32.78;803785575#0_0;5.10;0.00;tripinfo_in_od_to_as.21;293.00;in_od_to_as.21;0;2382.09;1.11;0.00;99.02;car;;2;19.00
3049.00;230845886_0;633.12;10.69;2759.00;27.76;803785575#0_0;5.10;0.00;tripinfo_in_od_to_ba.26;290.00;in_od_to_ba.26;0;2382.14;0.99;0.00;72.03;car;;2;17.00
3049.00;23527526_0;253.75;12.09;2879.00;0.58;-230845886_0;5.10;0.00;tripinfo_in_ba_to_gj.28;170.00;in_ba_to_gj.28;0;1755.68;1.09;0.00;24.21;car;;0;0.00
3050.00;972103805_0;116.86;11.00;2659.00;0.45;-23142338#2_0;5.10;0.00;tripinfo_in_ns_to_ko.62;391.00;in_ns_to_ko.62;0;1398.55;1.07;0.00;272.48;car;;11;162.00
3052.00;972103805_0;116.86;9.52;2664.00;4.82;-23142338#2_0;5.10;0.00;tripinfo_in_ns_to_ko.63;388.00;in_ns_to_ko.63;0;1398.55;0.93;0.00;251.97;car;;11;161.00
3053.00;28716808#1_0;754.74;9.62;2690.00;26.31;803785575#0_0;5.10;0.00;tripinfo_in_od_to_kl.16;363.00;in_od_to_kl.16;0;2678.40;0.91;0.00;97.41;car;;3;22.00
3054.00;972103805_0;116.86;11.62;2380.00;0.33;-45494495_0;5.10;0.00;tripinfo_in_os_to_ko.3;674.00;in_os_to_ko.3;0;2045.29;1.08;0.00;491.50;car;;13;388.00
3055.00;28716808#1_0;754.74;9.25;2693.00;27.23;803785575#0_0;5.10;0.00;tripinfo_in_od_to_kl.17;362.00;in_od_to_kl.17;0;2678.40;0.95;0.00;106.48;car;;4;21.00
3056.00;23527526_0;253.75;13.57;2892.00;0.80;-230845886_0;5.10;0.00;tripinfo_in_ba_to_gj.29;164.00;in_ba_to_gj.29;0;1755.68;1.27;0.00;37.09;car;;1;9.00
3057.00;230845886_0;633.12;10.20;2887.00;30.25;23687583_0;5.10;0.00;tripinfo_in_as_to_ba.15;170.00;in_as_to_ba.15;0;1356.50;0.99;0.00;46.35;car;;1;9.00
3058.00;230845886_0;633.12;12.33;2890.00;32.78;23687583_0;5.10;0.00;tripinfo_in_as_to_ba.16;168.00;in_as_to_ba.16;0;1356.50;1.13;0.00;59.90;car;;1;8.00
3060.00;230845886_0;633.12;11.05;2768.00;29.99;803785575#0_0;5.10;0.00;tripinfo_in_od_to_ba.27;292.00;in_od_to_ba.27;0;2382.14;1.10;0.00;96.65;car;;3;23.00
3063.00;23156305_0;1264.14;11.12;2618.00;20.28;803785575#0_0;5.10;0.00;tripinfo_in_od_to_gg.26;445.00;in_od_to_gg.26;0;3669.96;1.10;0.00;142.52;car;;5;37.00
3063.00;972103805_0;116.86;11.58;2913.00;54.19;23687583_0;5.10;0.00;tripinfo_in_as_to_ko.34;150.00;in_as_to_ko.34;0;1102.39;1.06;0.00;56.39;car;;2;25.00
3065.00;230845886_0;633.12;10.40;2505.00;1.52;-23142338#2_0;5.10;0.00;tripinfo_in_ns_to_ba.2;560.00;in_ns_to_ba.2;0;2340.42;1.02;0.00;354.02;car;;15;200.00
3066.00;23527526_0;253.75;11.17;2896.00;3.62;-230845886_0;5.10;0.00;tripinfo_in_ba_to_gj.30;170.00;in_ba_to_gj.30;0;1755.68;1.10;0.00;25.96;car;;1;6.00
3067.00;972103805_0;116.86;10.44;2923.00;45.06;23687583_0;5.10;0.00;tripinfo_in_as_to_ko.35;144.00;in_as_to_ko.35;0;1102.39;1.01;0.00;45.12;car;;1;19.00
3070.00;972103805_0;116.86;11.21;2929.00;38.92;23687583_0;5.10;0.00;tripinfo_in_as_to_ko.36;141.00;in_as_to_ko.36;0;1102.39;1.02;0.00;43.07;car;;1;18.00
3074.00;41899283#1_0;148.70;9.20;2900.00;0.10;-230845886_0;5.10;0.00;tripinfo_in_ba_to_as.29;174.00;in_ba_to_as.29;0;1430.78;0.94;0.00;36.57;car;;2;11.00
3075.00;972103805_0;116.86;8.13;2808.00;0.81;-230845886_0;5.10;0.00;tripinfo_in_ba_to_ko.48;267.00;in_ba_to_ko.48;0;2114.29;0.83;0.00;36.47;car;;1;7.00
3075.00;23142338#2_0;290.21;9.60;2818.00;0.49;-230845886_0;5.10;0.00;tripinfo_in_ba_to_ns.10;257.00;in_ba_to_ns.10;0;2346.36;0.97;0.00;37.54;car;;1;8.00
3077.00;972103805_0;116.86;8.74;2667.00;0.34;-23142338#2_0;5.10;0.00;tripinfo_in_ns_to_ko.64;410.00;in_ns_to_ko.64;0;1398.55;0.90;0.00;268.93;car;;12;178.00
3077.00;23527526_0;253.75;10.28;2753.00;33.94;803785575#0_0;5.10;0.00;tripinfo_in_od_to_gj.7;324.00;in_od_to_gj.7;0;2706.99;1.04;0.00;87.00;car;;2;18.00
3077.00;41899283#1_0;148.70;9.71;2926.00;0.46;-230845886_0;5.10;0.00;tripinfo_in_ba_to_as.30;151.00;in_ba_to_as.30;0;1430.78;0.94;0.00;12.90;car;;0;0.00
3079.00;972103805_0;116.86;10.47;2672.00;2.59;-23142338#2_0;5.10;0.00;tripinfo_in_ns_to_ko.65;407.00;in_ns_to_ko.65;0;1398.55;0.97;0.00;277.10;car;;12;172.00
3079.00;28716808#1_0;754.74;8.89;2702.00;28.58;803785575#0_0;5.10;0.00;tripinfo_in_od_to_kl.18;377.00;in_od_to_kl.18;0;2678.40;0.88;0.00;103.17;car;;5;26.00
3081.00;972103805_0;116.86;9.83;2675.00;2.01;-23142338#2_0;5.10;0.00;tripinfo_in_ns_to_ko.66;406.00;in_ns_to_ko.66;0;1398.55;0.92;0.00;269.39;car;;11;173.00
3081.00;28716808#1_0;754.74;13.47;2732.00;35.99;803785575#0_0;5.10;0.00;tripinfo_in_od_to_kl.19;349.00;in_od_to_kl.19;0;2678.40;1.26;0.00;154.67;car;;5;24.00
3082.00;28706217_0;94.10;7.21;2488.00;0.57;-23142338#2_0;5.10;0.00;tripinfo_in_ns_to_sl.3;594.00;in_ns_to_sl.3;0;1619.36;0.90;0.00;411.96;car;;15;286.00
3082.00;23156030#6_0;109.07;10.54;2543.00;0.48;-23142338#2_0;5.10;0.00;tripinfo_in_ns_to_od.2;539.00;in_ns_to_od.2;0;2005.01;1.01;0.00;348.95;car;;14;231.00
3083.00;972103805_0;116.86;10.98;2678.00;4.31;-23142338#2_0;5.10;0.00;tripinfo_in_ns_to_ko.67;405.00;in_ns_to_ko.67;0;1398.55;1.01;0.00;279.25;car;;11;169.00
3083.00;23527526_0;253.75;11.13;2906.00;0.57;-230845886_0;5.10;0.00;tripinfo_in_ba_to_gj.31;177.00;in_ba_to_gj.31;0;1755.68;1.05;0.00;24.87;car;;1;5.00
3085.00;28716808#1_0;754.74;10.71;2741.00;27.00;803785575#0_0;5.10;0.00;tripinfo_in_od_to_kl.20;344.00;in_od_to_kl.20;0;2678.40;0.98;0.00;98.13;car;;4;28.00
3085.00;972103805_0;116.86;9.65;2822.00;35.96;803785575#0_0;5.10;0.00;tripinfo_in_od_to_ko.40;263.00;in_od_to_ko.40;0;2307.67;0.97;0.00;37.69;car;;1;10.00
3085.00;41899283#1_0;148.70;9.63;2932.00;5.28;-230845886_0;5.10;0.00;tripinfo_in_ba_to_as.31;153.00;in_ba_to_as.31;0;1430.78;0.93;0.00;12.69;car;;0;0.00
3087.00;41899283#1_0;148.70;11.00;2771.00;31.34;803785575#0_0;5.10;0.00;tripinfo_in_od_to_as.22;316.00;in_od_to_as.22;0;2382.09;0.99;0.00;98.42;car;;4;26.00
3087.00;972103805_0;116.86;11.89;2834.00;40.52;803785575#0_0;5.10;0.00;tripinfo_in_od_to_ko.41;253.00;in_od_to_ko.41;0;2307.67;1.07;0.00;47.61;car;;1;7.00
3089.00;972103805_0;116.86;12.20;2846.00;43.23;803785575#0_0;5.10;0.00;tripinfo_in_od_to_ko.42;243.00;in_od_to_ko.42;0;2307.67;1.14;0.00;49.61;car;;1;3.00
3092.00;23527526_0;253.75;10.25;2962.00;32.07;23687583_0;5.10;0.00;tripinfo_in_as_to_gj.23;130.00;in_as_to_gj.23;0;649.06;0.97;0.00;69.27;car;;2;47.00
3098.00;23156305_0;1264.14;9.33;2612.00;22.24;803785575#0_0;5.10;0.00;tripinfo_in_od_to_gg.25;486.00;in_od_to_gg.25;0;3669.96;0.91;0.00;121.97;car;;4;33.00
3098.00;972103805_0;116.86;8.84;2812.00;1.55;-230845886_0;5.10;0.00;tripinfo_in_ba_to_ko.49;286.00;in_ba_to_ko.49;0;2114.29;0.86;0.00;61.13;car;;2;24.00
3099.00;230845886_0;633.12;9.52;2920.00;43.48;23687583_0;5.10;0.00;tripinfo_in_as_to_ba.17;179.00;in_as_to_ba.17;0;1356.50;0.94;0.00;49.47;car;;1;19.00
3100.00;23156305_0;1264.14;10.34;2636.00;6.94;803785575#0_0;5.10;0.00;tripinfo_in_od_to_gg.27;464.00;in_od_to_gg.27;0;3669.96;1.04;0.00;144.68;car;;4;24.00
3100.00;972103805_0;116.86;11.27;2839.00;1.54;-230845886_0;5.10;0.00;tripinfo_in_ba_to_ko.50;261.00;in_ba_to_ko.50;0;2114.29;1.12;0.00;88.86;car;;2;21.00
3101.00;23156390_0;1121.44;10.46;2696.00;27.20;803785575#0_0;5.10;0.00;tripinfo_in_od_to_br.23;405.00;in_od_to_br.23;0;3149.31;0.98;0.00;112.29;car;;4;21.00
3102.00;23156305_0;1264.14;11.42;2502.00;0.43;-23142338#2_0;5.10;0.00;tripinfo_in_ns_to_gg.9;600.00;in_ns_to_gg.9;0;3297.24;1.10;0.00;327.83;car;;12;183.00
3103.00;23156390_0;1121.44;10.22;2708.00;33.36;803785575#0_0;5.10;0.00;tripinfo_in_od_to_br.24;395.00;in_od_to_br.24;0;3149.31;0.99;0.00;107.34;car;;4;20.00
3104.00;972103805_0;116.86;9.86;2685.00;1.46;-23142338#2_0;5.10;0.00;tripinfo_in_ns_to_ko.68;419.00;in_ns_to_ko.68;0;1398.55;0.94;0.00;284.44;car;;13;183.00
3107.00;972103805_0;116.86;10.00;2706.00;0.67;-23142338#2_0;5.10;0.00;tripinfo_in_ns_to_ko.69;401.00;in_ns_to_ko.69;0;1398.55;0.95;0.00;268.46;car;;14;169.00
3108.00;28706217_0;94.10;8.15;2263.00;0.71;-230845886_0;5.10;0.00;tripinfo_in_ba_to_sl.9;845.00;in_ba_to_sl.9;0;1934.94;0.98;0.00;661.96;car;;14;554.00
3109.00;972103805_0;116.86;10.24;2714.00;0.22;-23142338#2_0;5.10;0.00;tripinfo_in_ns_to_ko.70;395.00;in_ns_to_ko.70;0;1398.55;0.99;0.00;266.82;car;;12;163.00
3114.00;23156305_0;1264.14;10.92;2657.00;19.10;803785575#0_0;5.10;0.00;tripinfo_in_od_to_gg.28;457.00;in_od_to_gg.28;0;3669.96;1.00;0.00;125.62;car;;4;27.00
3116.00;23156305_0;1264.14;10.85;2663.00;23.38;803785575#0_0;5.10;0.00;tripinfo_in_od_to_gg.29;453.00;in_od_to_gg.29;0;3669.96;1.06;0.00;139.74;car;;4;25.00
3122.00;23142338#2_0;290.21;9.18;2813.00;0.39;23687583_0;5.10;0.00;tripinfo_in_as_to_ns.24;309.00;in_as_to_ns.24;0;1995.73;0.91;0.00;109.30;car;;3;67.00
3123.00;28706217_0;94.10;8.10;2415.00;3.78;-45494495_0;5.10;0.00;tripinfo_in_os_to_sl.2;708.00;in_os_to_sl.2;0;484.95;1.11;0.00;664.02;car;;15;553.00
3124.00;23156390_0;1121.44;10.55;2735.00;38.60;803785575#0_0;5.10;0.00;tripinfo_in_od_to_br.25;389.00;in_od_to_br.25;0;3149.31;1.05;0.00;116.74;car;;5;33.00
3126.00;41899283#1_0;148.70;12.70;2792.00;34.81;803785575#0_0;5.10;0.00;tripinfo_in_od_to_as.23;334.00;in_od_to_as.23;0;2382.09;1.15;0.00;146.27;car;;5;53.00
3126.00;23527526_0;253.75;10.48;2994.00;45.88;23687583_0;5.10;0.00;tripinfo_in_as_to_gj.24;132.00;in_as_to_gj.24;0;649.06;1.04;0.00;74.96;car;;3;48.00
3127.00;972103805_0;116.86;8.95;2854.00;0.26;-230845886_0;5.10;0.00;tripinfo_in_ba_to_ko.51;273.00;in_ba_to_ko.51;0;2114.29;0.86;0.00;49.65;car;;2;19.00
3128.00;230845886_0;633.12;9.07;2774.00;33.11;803785575#0_0;5.10;0.00;tripinfo_in_od_to_ba.28;354.00;in_od_to_ba.28;0;2382.14;0.84;0.00;96.69;car;;4;42.00
3128.00;23527526_0;253.75;12.04;2997.00;41.86;23687583_0;5.10;0.00;tripinfo_in_as_to_gj.25;131.00;in_as_to_gj.25;0;649.06;1.15;0.00;79.18;car;;2;47.00
3129.00;972103805_0;116.86;9.30;2869.00;0.65;-230845886_0;5.10;0.00;tripinfo_in_ba_to_ko.52;260.00;in_ba_to_ko.52;0;2114.29;0.91;0.00;48.75;car;;1;18.00
3130.00;28706217_0;94.10;6.85;2254.00;1.95;23687583_0;5.10;0.00;tripinfo_in_as_to_sl.10;876.00;in_as_to_sl.10;0;1976.75;0.90;0.00;673.25;car;;17;552.00
3131.00;972103805_0;116.86;10.86;2911.00;0.31;-230845886_0;5.10;0.00;tripinfo_in_ba_to_ko.53;220.00;in_ba_to_ko.53;0;2114.29;1.09;0.00;42.14;car;;2;8.00
3133.00;28706217_0;94.10;8.31;2272.00;2.29;23687583_0;5.10;0.00;tripinfo_in_as_to_sl.11;861.00;in_as_to_sl.11;0;1976.75;1.04;0.00;683.90;car;;17;550.00
3134.00;972103805_0;116.86;9.99;2717.00;0.82;-23142338#2_0;5.10;0.00;tripinfo_in_ns_to_ko.71;417.00;in_ns_to_ko.71;0;1398.55;0.94;0.00;283.02;car;;13;174.00
3134.00;23527526_0;253.75;12.39;3012.00;44.42;23687583_0;5.10;0.00;tripinfo_in_as_to_gj.26;122.00;in_as_to_gj.26;0;649.06;1.12;0.00;69.10;car;;2;39.00
3136.00;23156305_0;1264.14;10.01;2675.00;26.10;803785575#0_0;5.10;0.00;tripinfo_in_od_to_gg.30;461.00;in_od_to_gg.30;0;3669.96;0.93;0.00;101.39;car;;3;21.00
3136.00;972103805_0;116.86;9.92;2723.00;5.65;-23142338#2_0;5.10;0.00;tripinfo_in_ns_to_ko.72;413.00;in_ns_to_ko.72;0;1398.55;0.99;0.00;285.91;car;;13;165.00
3138.00;972103805_0;116.86;12.02;2897.00;40.41;803785575#0_0;5.10;0.00;tripinfo_in_od_to_ko.43;241.00;in_od_to_ko.43;0;2307.67;1.14;0.00;47.32;car;;2;12.00
3138.00;230845886_0;633.12;8.44;2926.00;45.12;23687583_0;5.10;0.00;tripinfo_in_as_to_ba.18;212.00;in_as_to_ba.18;0;1356.50;0.77;0.00;53.59;car;;2;24.00
3138.00;23156305_0;1264.14;10.74;2953.00;32.03;23687583_0;5.10;0.00;tripinfo_in_as_to_gg.7;185.00;in_as_to_gg.7;0;1600.87;1.06;0.00;47.60;car;;1;15.00
3139.00;45494495_0;58.90;10.80;2738.00;36.78;803785575#0_0;5.10;0.00;tripinfo_in_od_to_os.38;401.00;in_od_to_os.38;0;969.96;0.99;0.00;311.68;car;;11;255.00
3139.00;41899283#1_0;148.70;11.38;2803.00;36.04;803785575#0_0;5.10;0.00;tripinfo_in_od_to_as.24;336.00;in_od_to_as.24;0;2382.09;1.04;0.00;128.22;car;;4;33.00
3139.00;23142338#2_0;290.21;9.32;2861.00;0.35;-230845886_0;5.10;0.00;tripinfo_in_ba_to_ns.11;278.00;in_ba_to_ns.11;0;2346.36;0.91;0.00;43.68;car;;2;17.00
3140.00;45494495_0;58.90;10.91;2783.00;32.54;803785575#0_0;5.10;0.00;tripinfo_in_od_to_os.40;357.00;in_od_to_os.40;0;969.96;1.09;0.00;276.64;car;;10;215.00
3140.00;230845886_0;633.12;11.40;2789.00;31.95;803785575#0_0;5.10;0.00;tripinfo_in_od_to_ba.29;351.00;in_od_to_ba.29;0;2382.14;1.05;0.00;145.15;car;;5;34.00
3141.00;41899283#1_0;148.70;11.09;2828.00;38.04;803785575#0_0;5.10;0.00;tripinfo_in_od_to_as.25;313.00;in_od_to_as.25;0;2382.09;1.06;0.00;109.80;car;;4;27.00
3142.00;45494495_0;58.90;11.25;2786.00;30.08;803785575#0_0;5.10;0.00;tripinfo_in_od_to_os.41;356.00;in_od_to_os.41;0;969.96;1.02;0.00;269.71;car;;9;212.00
3142.00;230845886_0;633.12;11.52;2813.00;39.57;803785575#0_0;5.10;0.00;tripinfo_in_od_to_ba.30;329.00;in_od_to_ba.30;0;2382.14;1.06;0.00;125.57;car;;4;37.00
3143.00;972103805_0;116.86;12.21;2729.00;3.45;-23142338#2_0;5.10;0.00;tripinfo_in_ns_to_ko.73;414.00;in_ns_to_ko.73;0;1398.55;1.11;0.00;299.41;car;;13;176.00
3144.00;230845886_0;633.12;9.51;2819.00;34.87;803785575#0_0;5.10;0.00;tripinfo_in_od_to_ba.31;325.00;in_od_to_ba.31;0;2382.14;0.97;0.00;102.34;car;;3;30.00
3144.00;23156390_0;1121.44;12.06;2941.00;38.61;23687583_0;5.10;0.00;tripinfo_in_as_to_br.6;203.00;in_as_to_br.6;0;1694.48;1.09;0.00;62.47;car;;2;18.00
3145.00;45494495_0;58.90;11.84;2946.00;41.14;803785575#0_0;5.10;0.00;tripinfo_in_od_to_os.50;199.00;in_od_to_os.50;0;969.96;1.13;0.00;121.08;car;;1;97.00
3145.00;230845886_0;633.12;10.69;2944.00;37.05;23687583_0;5.10;0.00;tripinfo_in_as_to_ba.19;201.00;in_as_to_ba.19;0;1356.50;1.01;0.00;80.29;car;;3;22.00
3146.00;28716808#1_0;754.74;9.09;2935.00;6.81;-230845886_0;5.10;0.00;tripinfo_in_ba_to_kl.2;211.00;in_ba_to_kl.2;0;1727.09;0.84;0.00;25.35;car;;1;3.00
3147.00;23156305_0;1264.14;10.14;2717.00;28.88;803785575#0_0;5.10;0.00;tripinfo_in_od_to_gg.31;430.00;in_od_to_gg.31;0;3669.96;0.98;0.00;90.15;car;;2;13.00
3147.00;230845886_0;633.12;11.05;2950.00;31.94;23687583_0;5.10;0.00;tripinfo_in_as_to_ba.20;197.00;in_as_to_ba.20;0;1356.50;1.02;0.00;77.21;car;;2;20.00
3148.00;45494495_0;58.90;10.48;2961.00;32.11;803785575#0_0;5.10;0.00;tripinfo_in_od_to_os.51;187.00;in_od_to_os.51;0;969.96;1.05;0.00;102.41;car;;1;85.00
3149.00;45494495_0;58.90;11.74;2879.00;46.98;803785575#0_0;5.10;0.00;tripinfo_in_od_to_os.48;270.00;in_od_to_os.48;0;969.96;1.06;0.00;187.55;car;;1;160.00
3150.00;41899283#1_0;148.70;10.92;2682.00;6.93;-23142338#2_0;5.10;0.00;tripinfo_in_ns_to_as.9;468.00;in_ns_to_as.9;0;2009.37;1.00;0.00;285.86;car;;12;177.00
3153.00;23527526_0;253.75;9.34;2947.00;16.55;-230845886_0;5.10;0.00;tripinfo_in_ba_to_gj.32;206.00;in_ba_to_gj.32;0;1755.68;0.85;0.00;17.28;car;;0;0.00
3153.00;45494495_0;58.90;11.87;2970.00;23.69;803785575#0_0;5.10;0.00;tripinfo_in_od_to_os.52;183.00;in_od_to_os.52;0;969.96;1.12;0.00;103.95;car;;1;84.00
3155.00;23142338#2_0;290.21;9.69;2847.00;3.51;23687583_0;5.10;0.00;tripinfo_in_as_to_ns.25;308.00;in_as_to_ns.25;0;1995.73;0.89;0.00;102.83;car;;4;53.00
3155.00;972103805_0;116.86;10.64;2959.00;33.00;23687583_0;5.10;0.00;tripinfo_in_as_to_ko.37;196.00;in_as_to_ko.37;0;1102.39;0.98;0.00;94.23;car;;3;67.00
3156.00;23527526_0;253.75;8.69;2953.00;21.93;-230845886_0;5.10;0.00;tripinfo_in_ba_to_gj.33;203.00;in_ba_to_gj.33;0;1755.68;0.88;0.00;20.84;car;;0;0.00
3156.00;972103805_0;116.86;10.49;2972.00;27.61;23687583_0;5.10;0.00;tripinfo_in_as_to_ko.38;184.00;in_as_to_ko.38;0;1102.39;1.02;0.00;87.07;car;;3;55.00
3157.00;45494495_0;58.90;11.86;2943.00;40.99;803785575#0_0;5.10;0.00;tripinfo_in_od_to_os.49;214.00;in_od_to_os.49;0;969.96;1.08;0.00;132.29;car;;2;111.00
3158.00;230845886_0;633.12;9.82;2825.00;36.95;803785575#0_0;5.10;0.00;tripinfo_in_od_to_ba.32;333.00;in_od_to_ba.32;0;2382.14;0.90;0.00;93.35;car;;4;27.00
3160.00;23156390_0;1121.44;10.88;2747.00;28.96;803785575#0_0;5.10;0.00;tripinfo_in_od_to_br.26;413.00;in_od_to_br.26;0;3149.31;1.02;0.00;132.57;car;;7;45.00
3160.00;230845886_0;633.12;11.56;2843.00;40.51;803785575#0_0;5.10;0.00;tripinfo_in_od_to_ba.34;317.00;in_od_to_ba.34;0;2382.14;1.09;0.00;118.52;car;;4;25.00
3162.00;23156390_0;1121.44;11.49;2765.00;28.06;803785575#0_0;5.10;0.00;tripinfo_in_od_to_br.28;397.00;in_od_to_br.28;0;3149.31;1.12;0.00;142.50;car;;6;36.00
3162.00;230845886_0;633.12;10.06;2840.00;38.89;803785575#0_0;5.10;0.00;tripinfo_in_od_to_ba.33;322.00;in_od_to_ba.33;0;2382.14;0.95;0.00;95.90;car;;3;23.00
3162.00;45494495_0;58.90;11.30;2976.00;23.88;803785575#0_0;5.10;0.00;tripinfo_in_od_to_os.53;186.00;in_od_to_os.53;0;969.96;1.02;0.00;99.22;car;;2;79.00
3163.00;45494495_0;58.90;11.77;2995.00;29.32;803785575#0_0;5.10;0.00;tripinfo_in_od_to_os.54;168.00;in_od_to_os.54;0;969.96;1.12;0.00;90.11;car;;3;61.00
3163.00;23527526_0;253.75;11.26;3030.00;37.42;23687583_0;5.10;0.00;tripinfo_in_as_to_gj.27;133.00;in_as_to_gj.27;0;649.06;1.02;0.00;75.18;car;;4;37.00
3164.00;230845886_0;633.12;9.84;2849.00;38.60;803785575#0_0;5.10;0.00;tripinfo_in_od_to_ba.35;315.00;in_od_to_ba.35;0;2382.14;1.00;0.00;98.82;car;;2;20.00
3165.00;972103805_0;116.86;10.43;2735.00;0.05;-23142338#2_0;5.10;0.00;tripinfo_in_ns_to_ko.74;430.00;in_ns_to_ko.74;0;1398.55;0.96;0.00;298.15;car;;14;168.00
3167.00;45494495_0;58.90;9.70;3039.00;0.86;803785575#0_0;5.10;0.00;tripinfo_in_od_to_os.56;128.00;in_od_to_os.56;0;969.96;0.99;0.00;39.11;car;;2;18.00
3169.00;230845886_0;633.12;10.28;2969.00;29.68;23687583_0;5.10;0.00;tripinfo_in_as_to_ba.21;200.00;in_as_to_ba.21;0;1356.50;1.02;0.00;80.25;car;;3;49.00
3171.00;45494495_0;58.90;11.04;3022.00;11.06;803785575#0_0;5.10;0.00;tripinfo_in_od_to_os.55;149.00;in_od_to_os.55;0;969.96;1.03;0.00;63.15;car;;1;33.00
3173.00;28706217_0;94.10;8.32;2291.00;0.55;-230845886_0;5.10;0.00;tripinfo_in_ba_to_sl.10;882.00;in_ba_to_sl.10;0;1934.94;1.02;0.00;704.96;car;;18;573.00
3173.00;45494495_0;58.90;11.08;3060.00;4.45;803785575#0_0;5.10;0.00;tripinfo_in_od_to_os.57;113.00;in_od_to_os.57;0;969.96;1.05;0.00;28.76;car;;1;1.00
3175.00;28706217_0;94.10;9.24;2291.00;3.47;23687583_0;5.10;0.00;tripinfo_in_as_to_sl.13;884.00;in_as_to_sl.13;0;1976.75;1.14;0.00;722.59;car;;18;572.00
3175.00;45494495_0;58.90;10.47;3066.00;4.45;803785575#0_0;5.10;0.00;tripinfo_in_od_to_os.59;109.00;in_od_to_os.59;0;969.96;1.00;0.00;21.23;car;;0;0.00
3179.00;28716808#1_0;754.74;10.27;2709.00;2.12;-23142338#2_0;5.10;0.00;tripinfo_in_ns_to_kl.5;470.00;in_ns_to_kl.5;0;2315.58;1.04;0.00;268.63;car;;12;162.00
3180.00;45494495_0;58.90;8.74;3063.00;7.13;803785575#0_0;5.10;0.00;tripinfo_in_od_to_os.58;117.00;in_od_to_os.58;0;969.96;0.84;0.00;12.60;car;;0;0.00
3181.00;41899283#1_0;148.70;8.43;2855.00;43.88;803785575#0_0;5.10;0.00;tripinfo_in_od_to_as.26;326.00;in_od_to_as.26;0;2382.09;0.86;0.00;74.98;car;;4;22.00
3182.00;45494495_0;58.90;11.26;3081.00;7.62;803785575#0_0;5.10;0.00;tripinfo_in_od_to_os.60;101.00;in_od_to_os.60;0;969.96;1.12;0.00;22.17;car;;0;0.00
3183.00;41899283#1_0;148.70;11.76;2726.00;0.61;-23142338#2_0;5.10;0.00;tripinfo_in_ns_to_as.10;457.00;in_ns_to_as.10;0;2009.37;1.14;0.00;295.43;car;;12;165.00
3183.00;23142338#2_0;290.21;8.56;2893.00;35.23;23687583_0;5.10;0.00;tripinfo_in_as_to_ns.26;290.00;in_as_to_ns.26;0;1995.73;0.88;0.00;83.17;car;;3;30.00
3184.00;45494495_0;58.90;9.64;2656.00;0.78;-230845886_0;5.10;0.00;tripinfo_in_ba_to_os.22;528.00;in_ba_to_os.22;0;1647.96;0.93;0.00;368.46;car;;12;300.00
3185.00;28706217_0;94.10;8.35;2288.00;0.97;23687583_0;5.10;0.00;tripinfo_in_as_to_sl.12;897.00;in_as_to_sl.12;0;1976.75;1.03;0.00;718.59;car;;15;573.00
3186.00;23527526_0;253.75;10.36;3065.00;59.51;23687583_0;5.10;0.00;tripinfo_in_as_to_gj.28;121.00;in_as_to_gj.28;0;649.06;0.96;0.00;59.65;car;;3;24.00
3186.00;45494495_0;58.90;12.11;3090.00;7.63;803785575#0_0;5.10;0.00;tripinfo_in_od_to_os.62;96.00;in_od_to_os.62;0;969.96;1.21;0.00;22.75;car;;0;0.00
3187.00;28706217_0;94.10;8.32;2302.00;0.50;-230845886_0;5.10;0.00;tripinfo_in_ba_to_sl.11;885.00;in_ba_to_sl.11;0;1934.94;1.05;0.00;714.03;car;;17;559.00
3187.00;972103805_0;116.86;9.46;2990.00;42.94;23687583_0;5.10;0.00;tripinfo_in_as_to_ko.39;197.00;in_as_to_ko.39;0;1102.39;0.88;0.00;83.51;car;;4;56.00
3188.00;45494495_0;58.90;10.80;2695.00;0.93;-230845886_0;5.10;0.00;tripinfo_in_ba_to_os.24;493.00;in_ba_to_os.24;0;1647.96;1.01;0.00;345.42;car;;11;277.00
3188.00;23527526_0;253.75;11.73;3068.00;59.87;23687583_0;5.10;0.00;tripinfo_in_as_to_gj.29;120.00;in_as_to_gj.29;0;649.06;1.06;0.00;64.30;car;;3;20.00
3189.00;972103805_0;116.86;11.43;2938.00;8.56;-230845886_0;5.10;0.00;tripinfo_in_ba_to_ko.54;251.00;in_ba_to_ko.54;0;2114.29;1.03;0.00;64.24;car;;3;17.00
3191.00;972103805_0;116.86;9.90;2950.00;19.20;-230845886_0;5.10;0.00;tripinfo_in_ba_to_ko.55;241.00;in_ba_to_ko.55;0;2114.29;1.00;0.00;48.37;car;;2;5.00
3192.00;23142338#2_0;290.21;11.45;2959.00;3.63;-230845886_0;5.10;0.00;tripinfo_in_ba_to_ns.12;233.00;in_ba_to_ns.12;0;2346.36;1.06;0.00;32.40;car;;1;1.00
3193.00;28706217_0;94.10;6.65;2376.00;4.58;-230845886_0;5.10;0.00;tripinfo_in_ba_to_sl.14;817.00;in_ba_to_sl.14;0;1934.94;0.95;0.00;628.45;car;;19;480.00
3193.00;23156305_0;1264.14;8.46;2558.00;0.14;-23142338#2_0;5.10;0.00;tripinfo_in_ns_to_gg.10;635.00;in_ns_to_gg.10;0;3297.24;0.85;0.00;279.95;car;;11;157.00
3193.00;45494495_0;58.90;9.60;3084.00;4.54;803785575#0_0;5.10;0.00;tripinfo_in_od_to_os.61;109.00;in_od_to_os.61;0;969.96;0.95;0.00;16.21;car;;0;0.00
3194.00;41899283#1_0;148.70;9.60;2876.00;44.52;803785575#0_0;5.10;0.00;tripinfo_in_od_to_as.28;318.00;in_od_to_as.28;0;2382.09;0.93;0.00;85.45;car;;4;25.00
3195.00;23156305_0;1264.14;10.93;2729.00;33.07;803785575#0_0;5.10;0.00;tripinfo_in_od_to_gg.32;466.00;in_od_to_gg.32;0;3669.96;1.02;0.00;138.27;car;;4;29.00
3195.00;45494495_0;58.90;10.96;3102.00;7.17;803785575#0_0;5.10;0.00;tripinfo_in_od_to_os.63;93.00;in_od_to_os.63;0;969.96;1.03;0.00;7.74;car;;0;0.00
3196.00;23527526_0;253.75;10.05;3095.00;78.12;23687583_0;5.10;0.00;tripinfo_in_as_to_gj.30;101.00;in_as_to_gj.30;0;649.06;0.94;0.00;38.14;car;;1;7.00
3196.00;41899283#1_0;148.70;11.35;3042.00;2.51;-230845886_0;5.10;0.00;tripinfo_in_ba_to_as.32;154.00;in_ba_to_as.32;0;1430.78;1.11;0.00;36.68;car;;1;5.00
3197.00;972103805_0;116.86;8.96;2386.00;0.82;-45494495_0;5.10;0.00;tripinfo_in_os_to_ko.4;811.00;in_os_to_ko.4;0;2045.29;0.81;0.00;571.02;car;;14;456.00
3197.00;23156305_0;1264.14;10.00;2750.00;31.59;803785575#0_0;5.10;0.00;tripinfo_in_od_to_gg.33;447.00;in_od_to_gg.33;0;3669.96;0.99;0.00;110.47;car;;3;17.00
3198.00;972103805_0;116.86;10.11;2738.00;0.91;-23142338#2_0;5.10;0.00;tripinfo_in_ns_to_ko.75;460.00;in_ns_to_ko.75;0;1398.55;1.06;0.00;341.32;car;;14;187.00
3198.00;23156305_0;1264.14;11.11;2917.00;0.25;-230845886_0;5.10;0.00;tripinfo_in_ba_to_gg.10;281.00;in_ba_to_gg.10;0;2718.65;1.09;0.00;54.59;car;;3;13.00
3199.00;23156390_0;1121.44;8.41;2762.00;29.42;803785575#0_0;5.10;0.00;tripinfo_in_od_to_br.27;437.00;in_od_to_br.27;0;3149.31;0.85;0.00;100.40;car;;5;30.00
3200.00;972103805_0;116.86;11.38;2744.00;4.94;-23142338#2_0;5.10;0.00;tripinfo_in_ns_to_ko.76;456.00;in_ns_to_ko.76;0;1398.55;1.03;0.00;332.97;car;;14;176.00
3201.00;45494495_0;58.90;8.69;2711.00;4.85;-230845886_0;5.10;0.00;tripinfo_in_ba_to_os.25;490.00;in_ba_to_os.25;0;1647.96;0.85;0.00;314.12;car;;7;232.00
3201.00;23156390_0;1121.44;10.84;2956.00;17.40;-230845886_0;5.10;0.00;tripinfo_in_ba_to_br.0;245.00;in_ba_to_br.0;0;2198.00;1.01;0.00;47.46;car;;0;0.00
3203.00;41899283#1_0;148.70;8.89;2870.00;46.84;803785575#0_0;5.10;0.00;tripinfo_in_od_to_as.27;333.00;in_od_to_as.27;0;2382.09;0.82;0.00;71.11;car;;3;18.00
3206.00;45494495_0;58.90;11.87;2757.00;0.44;-230845886_0;5.10;0.00;tripinfo_in_ba_to_os.28;449.00;in_ba_to_os.28;0;1647.96;1.18;0.00;322.54;car;;12;246.00
3206.00;41899283#1_0;148.70;10.78;3049.00;1.85;-230845886_0;5.10;0.00;tripinfo_in_ba_to_as.33;157.00;in_ba_to_as.33;0;1430.78;1.01;0.00;27.80;car;;0;0.00
3207.00;23142338#2_0;290.21;10.15;2947.00;38.45;23687583_0;5.10;0.00;tripinfo_in_as_to_ns.27;260.00;in_as_to_ns.27;0;1995.73;0.96;0.00;71.91;car;;2;29.00
3210.00;45494495_0;58.90;10.79;2725.00;0.16;-230845886_0;5.10;0.00;tripinfo_in_ba_to_os.27;485.00;in_ba_to_os.27;0;1647.96;1.07;0.00;346.04;car;;10;267.00
3211.00;28706217_0;94.10;8.96;2321.00;1.14;23687583_0;5.10;0.00;tripinfo_in_as_to_sl.14;890.00;in_as_to_sl.14;0;1976.75;1.09;0.00;722.07;car;;19;571.00
3212.00;45494495_0;58.90;11.67;2736.00;3.55;23687583_0;5.10;0.00;tripinfo_in_as_to_os.14;476.00;in_as_to_os.14;0;1689.77;1.13;0.00;340.47;car;;7;235.00
3212.00;230845886_0;633.12;9.99;2910.00;46.11;803785575#0_0;5.10;0.00;tripinfo_in_od_to_ba.36;302.00;in_od_to_ba.36;0;2382.14;0.96;0.00;77.72;car;;3;5.00
3213.00;28706217_0;94.10;8.68;2316.00;0.34;-230845886_0;5.10;0.00;tripinfo_in_ba_to_sl.12;897.00;in_ba_to_sl.12;0;1934.94;1.08;0.00;731.45;car;;18;577.00
3213.00;23156305_0;1264.14;11.53;3000.00;41.77;23687583_0;5.10;0.00;tripinfo_in_as_to_gg.8;213.00;in_as_to_gg.8;0;1600.87;1.05;0.00;74.85;car;;2;46.00
3214.00;972103805_0;116.86;10.47;3027.00;34.96;23687583_0;5.10;0.00;tripinfo_in_as_to_ko.40;187.00;in_as_to_ko.40;0;1102.39;1.04;0.00;91.07;car;;4;51.00
3215.00;45494495_0;58.90;10.08;2670.00;10.53;23687583_0;5.10;0.00;tripinfo_in_as_to_os.13;545.00;in_as_to_os.13;0;1689.77;0.97;0.00;388.44;car;;15;290.00
3217.00;45494495_0;58.90;11.29;2766.00;1.77;23687583_0;5.10;0.00;tripinfo_in_as_to_os.15;451.00;in_as_to_os.15;0;1689.77;1.08;0.00;309.66;car;;5;202.00
3217.00;23527526_0;253.75;10.36;3114.00;78.68;23687583_0;5.10;0.00;tripinfo_in_as_to_gj.31;103.00;in_as_to_gj.31;0;649.06;1.02;0.00;44.66;car;;2;9.00
3218.00;28716808#1_0;754.74;9.28;2852.00;41.07;803785575#0_0;5.10;0.00;tripinfo_in_od_to_kl.21;366.00;in_od_to_kl.21;0;2678.40;0.85;0.00;81.66;car;;3;28.00
3219.00;23527526_0;253.75;11.90;2732.00;1.20;-23142338#2_0;5.10;0.00;tripinfo_in_ns_to_gj.3;487.00;in_ns_to_gj.3;0;2084.96;1.15;0.00;323.33;car;;14;185.00
3220.00;45494495_0;58.90;12.10;2716.00;1.82;-230845886_0;5.10;0.00;tripinfo_in_ba_to_os.26;504.00;in_ba_to_os.26;0;1647.96;1.11;0.00;369.49;car;;12;251.00
3220.00;28716808#1_0;754.74;11.58;2873.00;43.77;803785575#0_0;5.10;0.00;tripinfo_in_od_to_kl.22;347.00;in_od_to_kl.22;0;2678.40;1.05;0.00;115.97;car;;4;26.00
3226.00;45494495_0;58.90;9.41;2799.00;0.30;-230845886_0;5.10;0.00;tripinfo_in_ba_to_os.29;427.00;in_ba_to_os.29;0;1647.96;0.95;0.00;270.94;car;;4;198.00
3227.00;972103805_0;116.86;8.06;2907.00;43.22;803785575#0_0;5.10;0.00;tripinfo_in_od_to_ko.44;320.00;in_od_to_ko.44;0;2307.67;0.80;0.00;47.80;car;;2;12.00
3228.00;230845886_0;633.12;10.18;2919.00;44.58;803785575#0_0;5.10;0.00;tripinfo_in_od_to_ba.37;309.00;in_od_to_ba.37;0;2382.14;0.96;0.00;85.21;car;;2;11.00
3228.00;23156305_0;1264.14;10.23;2941.00;10.99;-230845886_0;5.10;0.00;tripinfo_in_ba_to_gg.11;287.00;in_ba_to_gg.11;0;2718.65;1.00;0.00;41.62;car;;1;3.00
3229.00;45494495_0;58.90;9.23;2786.00;1.91;23687583_0;5.10;0.00;tripinfo_in_as_to_os.18;443.00;in_as_to_os.18;0;1689.77;0.93;0.00;278.21;car;;8;196.00
3229.00;972103805_0;116.86;11.71;2913.00;47.63;803785575#0_0;5.10;0.00;tripinfo_in_od_to_ko.45;316.00;in_od_to_ko.45;0;2307.67;1.10;0.00;115.14;car;;2;11.00
3229.00;41899283#1_0;148.70;12.57;3082.00;0.84;-230845886_0;5.10;0.00;tripinfo_in_ba_to_as.34;147.00;in_ba_to_as.34;0;1430.78;1.13;0.00;32.06;car;;0;0.00
3230.00;230845886_0;633.12;11.14;2925.00;42.90;803785575#0_0;5.10;0.00;tripinfo_in_od_to_ba.38;305.00;in_od_to_ba.38;0;2382.14;1.00;0.00;90.69;car;;2;9.00
3230.00;23156305_0;1264.14;11.37;3015.00;47.29;23687583_0;5.10;0.00;tripinfo_in_as_to_gg.9;215.00;in_as_to_gg.9;0;1600.87;1.10;0.00;82.58;car;;2;40.00
3231.00;45494495_0;58.90;10.77;2781.00;0.64;23687583_0;5.10;0.00;tripinfo_in_as_to_os.17;450.00;in_as_to_os.17;0;1689.77;0.98;0.00;294.21;car;;10;203.00
3231.00;972103805_0;116.86;11.31;2922.00;46.30;803785575#0_0;5.10;0.00;tripinfo_in_od_to_ko.46;309.00;in_od_to_ko.46;0;2307.67;1.13;0.00;114.26;car;;1;9.00
3232.00;23156390_0;1121.44;9.21;2780.00;31.83;803785575#0_0;5.10;0.00;tripinfo_in_od_to_br.29;452.00;in_od_to_br.29;0;3149.31;0.84;0.00;110.80;car;;6;38.00
3233.00;972103805_0;116.86;10.51;2754.00;2.01;-23142338#2_0;5.10;0.00;tripinfo_in_ns_to_ko.77;479.00;in_ns_to_ko.77;0;1398.55;1.02;0.00;355.56;car;;16;190.00
3233.00;45494495_0;58.90;10.05;2776.00;2.54;23687583_0;5.10;0.00;tripinfo_in_as_to_os.16;457.00;in_as_to_os.16;0;1689.77;0.97;0.00;299.30;car;;10;197.00
3234.00;23156390_0;1121.44;10.72;2798.00;33.15;803785575#0_0;5.10;0.00;tripinfo_in_od_to_br.30;436.00;in_od_to_br.30;0;3149.31;1.04;0.00;160.80;car;;5;35.00
3235.00;23156030#6_0;109.07;13.25;2491.00;0.76;23687583_0;5.10;0.00;tripinfo_in_as_to_od.4;744.00;in_as_to_od.4;0;2357.31;1.20;0.00;566.13;car;;17;472.00
3235.00;972103805_0;116.86;11.48;2758.00;0.97;-23142338#2_0;5.10;0.00;tripinfo_in_ns_to_ko.78;477.00;in_ns_to_ko.78;0;1398.55;1.06;0.00;357.10;car;;14;184.00
3236.00;972103805_0;116.86;11.51;2768.00;0.15;-23142338#2_0;5.10;0.00;tripinfo_in_ns_to_ko.79;468.00;in_ns_to_ko.79;0;1398.55;1.15;0.00;358.12;car;;14;182.00
3236.00;23156390_0;1121.44;9.59;2810.00;40.74;803785575#0_0;5.10;0.00;tripinfo_in_od_to_br.31;426.00;in_od_to_br.31;0;3149.31;0.89;0.00;104.89;car;;3;32.00
3236.00;45494495_0;58.90;11.90;3124.00;2.33;803785575#0_0;5.10;0.00;tripinfo_in_od_to_os.64;112.00;in_od_to_os.64;0;969.96;1.07;0.00;29.64;car;;2;2.00
3238.00;28706217_0;94.10;8.27;2391.00;0.61;23687583_0;5.10;0.00;tripinfo_in_as_to_sl.15;847.00;in_as_to_sl.15;0;1976.75;1.04;0.00;669.75;car;;22;497.00
3238.00;45494495_0;58.90;11.41;2864.00;1.99;-230845886_0;5.10;0.00;tripinfo_in_ba_to_os.30;374.00;in_ba_to_os.30;0;1647.96;1.06;0.00;233.39;car;;7;137.00
3238.00;23156390_0;1121.44;12.51;2998.00;0.91;-230845886_0;5.10;0.00;tripinfo_in_ba_to_br.1;240.00;in_ba_to_br.1;0;2198.00;1.18;0.00;69.89;car;;0;0.00
3239.00;972103805_0;116.86;11.00;2856.00;0.57;-23142338#2_0;5.10;0.00;tripinfo_in_ns_to_ko.80;383.00;in_ns_to_ko.80;0;1398.55;1.09;0.00;267.28;car;;11;151.00
3241.00;45494495_0;58.90;11.32;2883.00;28.50;23687583_0;5.10;0.00;tripinfo_in_as_to_os.21;358.00;in_as_to_os.21;0;1689.77;1.04;0.00;210.94;car;;9;105.00
3242.00;28716808#1_0;754.74;10.77;3074.00;58.15;23687583_0;5.10;0.00;tripinfo_in_as_to_kl.7;168.00;in_as_to_kl.7;0;1207.92;1.07;0.00;65.68;car;;3;18.00
3243.00;23156390_0;1121.44;9.52;3006.00;45.27;23687583_0;5.10;0.00;tripinfo_in_as_to_br.7;237.00;in_as_to_br.7;0;1694.48;0.94;0.00;73.84;car;;2;45.00
3243.00;972103805_0;116.86;11.51;3101.00;77.51;23687583_0;5.10;0.00;tripinfo_in_as_to_ko.41;142.00;in_as_to_ko.41;0;1102.39;1.08;0.00;50.02;car;;2;10.00
3244.00;23156390_0;1121.44;11.22;2831.00;41.03;803785575#0_0;5.10;0.00;tripinfo_in_od_to_br.32;413.00;in_od_to_br.32;0;3149.31;1.11;0.00;156.47;car;;6;38.00
3245.00;28706217_0;94.10;7.13;2477.00;8.00;-230845886_0;5.10;0.00;tripinfo_in_ba_to_sl.15;768.00;in_ba_to_sl.15;0;1934.94;0.92;0.00;572.67;car;;17;442.00
3245.00;41899283#1_0;148.70;10.42;2751.00;0.02;-23142338#2_0;5.10;0.00;tripinfo_in_ns_to_as.11;494.00;in_ns_to_as.11;0;2009.37;1.05;0.00;319.74;car;;13;182.00
3245.00;45494495_0;58.90;10.24;2929.00;2.61;-230845886_0;5.10;0.00;tripinfo_in_ba_to_os.33;316.00;in_ba_to_os.33;0;1647.96;0.95;0.00;158.36;car;;6;77.00
3247.00;23156030#6_0;109.07;11.24;2462.00;0.41;-45494495_0;5.10;0.00;tripinfo_in_os_to_od.6;785.00;in_os_to_od.6;0;865.51;1.02;0.00;707.43;car;;12;645.00
3247.00;45494495_0;58.90;10.84;2887.00;0.07;-230845886_0;5.10;0.00;tripinfo_in_ba_to_os.31;360.00;in_ba_to_os.31;0;1647.96;1.07;0.00;219.57;car;;7;136.00
3249.00;28716808#1_0;754.74;10.56;2904.00;43.32;803785575#0_0;5.10;0.00;tripinfo_in_od_to_kl.23;345.00;in_od_to_kl.23;0;2678.40;1.05;0.00;113.46;car;;3;14.00
3249.00;972103805_0;116.86;9.17;2988.00;0.81;-230845886_0;5.10;0.00;tripinfo_in_ba_to_ko.56;261.00;in_ba_to_ko.56;0;2114.29;0.89;0.00;44.63;car;;3;13.00
3250.00;28716808#1_0;754.74;12.58;2928.00;45.35;803785575#0_0;5.10;0.00;tripinfo_in_od_to_kl.24;322.00;in_od_to_kl.24;0;2678.40;1.24;0.00;126.56;car;;3;10.00
3251.00;41899283#1_0;148.70;10.19;2931.00;44.43;803785575#0_0;5.10;0.00;tripinfo_in_od_to_as.29;320.00;in_od_to_as.29;0;2382.09;1.01;0.00;107.22;car;;3;15.00
3251.00;972103805_0;116.86;10.94;3022.00;2.17;-230845886_0;5.10;0.00;tripinfo_in_ba_to_ko.57;229.00;in_ba_to_ko.57;0;2114.29;0.99;0.00;35.02;car;;1;8.00
3252.00;45494495_0;58.90;9.47;3141.00;3.11;803785575#0_0;5.10;0.00;tripinfo_in_od_to_os.65;111.00;in_od_to_os.65;0;969.96;0.91;0.00;14.35;car;;0;0.00
3253.00;972103805_0;116.86;11.66;3025.00;3.38;-230845886_0;5.10;0.00;tripinfo_in_ba_to_ko.58;228.00;in_ba_to_ko.58;0;2114.29;1.05;0.00;45.51;car;;1;7.00
3254.00;45494495_0;58.90;10.72;2837.00;3.09;23687583_0;5.10;0.00;tripinfo_in_as_to_os.19;417.00;in_as_to_os.19;0;1689.77;1.06;0.00;273.32;car;;8;145.00
3255.00;23527526_0;253.75;12.29;2741.00;3.77;-23142338#2_0;5.10;0.00;tripinfo_in_ns_to_gj.4;514.00;in_ns_to_gj.4;0;2084.96;1.13;0.00;346.44;car;;14;180.00
3255.00;23142338#2_0;290.21;10.56;2991.00;0.15;-230845886_0;5.10;0.00;tripinfo_in_ba_to_ns.13;264.00;in_ba_to_ns.13;0;2346.36;0.96;0.00;41.98;car;;2;13.00
3256.00;45494495_0;58.90;11.76;2850.00;3.57;23687583_0;5.10;0.00;tripinfo_in_as_to_os.20;406.00;in_as_to_os.20;0;1689.77;1.06;0.00;262.05;car;;9;127.00
3256.00;972103805_0;116.86;9.91;2878.00;0.57;-23142338#2_0;5.10;0.00;tripinfo_in_ns_to_ko.81;378.00;in_ns_to_ko.81;0;1398.55;1.00;0.00;251.31;car;;12;137.00
3258.00;972103805_0;116.86;11.21;2403.00;0.57;-45494495_0;5.10;0.00;tripinfo_in_os_to_ko.5;855.00;in_os_to_ko.5;0;2045.29;1.08;0.00;673.89;car;;17;529.00
3262.00;45494495_0;58.90;7.44;2623.00;0.07;-23142338#2_0;5.10;0.00;tripinfo_in_ns_to_os.4;639.00;in_ns_to_os.4;0;1865.82;0.75;0.00;413.66;car;;16;255.00
3263.00;23156030#6_0;109.07;12.99;2599.00;8.43;23687583_0;5.10;0.00;tripinfo_in_as_to_od.5;664.00;in_as_to_od.5;0;2357.31;1.26;0.00;493.94;car;;16;375.00
3263.00;23156305_0;1264.14;10.29;2795.00;30.63;803785575#0_0;5.10;0.00;tripinfo_in_od_to_gg.34;468.00;in_od_to_gg.34;0;3669.96;0.98;0.00;129.53;car;;6;40.00
3269.00;23156305_0;1264.14;9.89;2801.00;34.28;803785575#0_0;5.10;0.00;tripinfo_in_od_to_gg.35;468.00;in_od_to_gg.35;0;3669.96;0.97;0.00;124.25;car;;5;35.00
3269.00;230845886_0;633.12;9.77;2955.00;45.16;803785575#0_0;5.10;0.00;tripinfo_in_od_to_ba.39;314.00;in_od_to_ba.39;0;2382.14;0.96;0.00;89.00;car;;2;12.00
3270.00;23527526_0;253.75;8.28;2888.00;48.16;803785575#0_0;5.10;0.00;tripinfo_in_od_to_gj.8;382.00;in_od_to_gj.8;0;2706.99;0.82;0.00;83.31;car;;3;14.00
3270.00;41899283#1_0;148.70;8.48;2940.00;49.97;803785575#0_0;5.10;0.00;tripinfo_in_od_to_as.30;330.00;in_od_to_as.30;0;2382.09;0.81;0.00;62.63;car;;1;4.00
3272.00;23527526_0;253.75;12.29;2916.00;43.46;803785575#0_0;5.10;0.00;tripinfo_in_od_to_gj.9;356.00;in_od_to_gj.9;0;2706.99;1.13;0.00;138.61;car;;2;9.00
3272.00;41899283#1_0;148.70;8.96;3107.00;0.95;-230845886_0;5.10;0.00;tripinfo_in_ba_to_as.35;165.00;in_ba_to_as.35;0;1430.78;0.89;0.00;19.50;car;;0;0.00
3273.00;23156030#6_0;109.07;9.51;2552.00;2.55;-230845886_0;5.10;0.00;tripinfo_in_ba_to_od.0;721.00;in_ba_to_od.0;0;2315.50;0.97;0.00;506.09;car;;16;376.00
3273.00;23156390_0;1121.44;10.47;2885.00;50.03;803785575#0_0;5.10;0.00;tripinfo_in_od_to_br.33;388.00;in_od_to_br.33;0;3149.31;1.02;0.00;108.30;car;;3;19.00
3274.00;41899283#1_0;148.70;9.66;3117.00;0.85;-230845886_0;5.10;0.00;tripinfo_in_ba_to_as.36;157.00;in_ba_to_as.36;0;1430.78;0.97;0.00;22.61;car;;0;0.00
3275.00;23156390_0;1121.44;10.33;2891.00;44.39;803785575#0_0;5.10;0.00;tripinfo_in_od_to_br.34;384.00;in_od_to_br.34;0;3149.31;1.04;0.00;108.15;car;;3;17.00
3278.00;972103805_0;116.86;8.63;3111.00;75.69;23687583_0;5.10;0.00;tripinfo_in_as_to_ko.42;167.00;in_as_to_ko.42;0;1102.39;0.87;0.00;51.79;car;;2;15.00
3279.00;972103805_0;116.86;10.43;3039.00;0.36;-230845886_0;5.10;0.00;tripinfo_in_ba_to_ko.59;240.00;in_ba_to_ko.59;0;2114.29;1.03;0.00;54.52;car;;3;24.00
3279.00;23142338#2_0;290.21;11.58;3065.00;1.20;-230845886_0;5.10;0.00;tripinfo_in_ba_to_ns.14;214.00;in_ba_to_ns.14;0;2346.36;1.15;0.00;29.57;car;;0;0.00
3280.00;23527526_0;253.75;12.31;2958.00;29.19;803785575#0_0;5.10;0.00;tripinfo_in_od_to_gj.10;322.00;in_od_to_gj.10;0;2706.99;1.13;0.00;106.08;car;;3;7.00
3281.00;972103805_0;116.86;10.75;3052.00;3.44;-230845886_0;5.10;0.00;tripinfo_in_ba_to_ko.60;229.00;in_ba_to_ko.60;0;2114.29;1.06;0.00;47.67;car;;1;11.00
3287.00;972103805_0;116.86;9.93;2900.00;2.56;-23142338#2_0;5.10;0.00;tripinfo_in_ns_to_ko.82;387.00;in_ns_to_ko.82;0;1398.55;1.00;0.00;259.92;car;;11;150.00
3288.00;23527526_0;253.75;10.44;3176.00;65.43;23687583_0;5.10;0.00;tripinfo_in_as_to_gj.32;112.00;in_as_to_gj.32;0;649.06;1.04;0.00;55.47;car;;3;22.00
3290.00;23156390_0;1121.44;11.43;2900.00;43.17;803785575#0_0;5.10;0.00;tripinfo_in_od_to_br.35;390.00;in_od_to_br.35;0;3149.31;1.04;0.00;116.44;car;;4;28.00
3293.00;230845886_0;633.12;9.64;2979.00;25.75;803785575#0_0;5.10;0.00;tripinfo_in_od_to_ba.40;314.00;in_od_to_ba.40;0;2382.14;0.94;0.00;84.90;car;;3;12.00
3295.00;230845886_0;633.12;11.46;2989.00;33.18;803785575#0_0;5.10;0.00;tripinfo_in_od_to_ba.42;306.00;in_od_to_ba.42;0;2382.14;1.06;0.00;101.60;car;;3;16.00
3297.00;23527526_0;253.75;10.67;3120.00;2.02;-230845886_0;5.10;0.00;tripinfo_in_ba_to_gj.34;177.00;in_ba_to_gj.34;0;1755.68;0.99;0.00;16.50;car;;0;0.00
3298.00;28706217_0;94.10;6.38;2367.00;6.55;-230845886_0;5.10;0.00;tripinfo_in_ba_to_sl.13;931.00;in_ba_to_sl.13;0;1934.94;0.84;0.00;717.77;car;;21;590.00
3300.00;230845886_0;633.12;10.18;2992.00;26.65;803785575#0_0;5.10;0.00;tripinfo_in_od_to_ba.43;308.00;in_od_to_ba.43;0;2382.14;0.99;0.00;90.74;car;;3;14.00
3304.00;28706217_0;94.10;5.44;2486.00;3.44;-230845886_0;5.10;0.00;tripinfo_in_ba_to_sl.16;818.00;in_ba_to_sl.16;0;1934.94;0.77;0.00;585.05;car;;21;445.00
3306.00;972103805_0;116.86;9.66;3129.00;73.75;23687583_0;5.10;0.00;tripinfo_in_as_to_ko.43;177.00;in_as_to_ko.43;0;1102.39;0.91;0.00;67.33;car;;4;26.00
3307.00;23156305_0;1264.14;9.00;3098.00;78.84;23687583_0;5.10;0.00;tripinfo_in_as_to_gg.10;209.00;in_as_to_gg.10;0;1600.87;0.88;0.00;43.88;car;;2;8.00
3309.00;23156305_0;1264.14;10.76;3123.00;73.40;23687583_0;5.10;0.00;tripinfo_in_as_to_gg.11;186.00;in_as_to_gg.11;0;1600.87;1.08;0.00;51.76;car;;2;8.00
3309.00;972103805_0;116.86;9.89;3069.00;0.88;-230845886_0;5.10;0.00;tripinfo_in_ba_to_ko.61;240.00;in_ba_to_ko.61;0;2114.29;0.94;0.00;34.33;car;;2;2.00
3309.00;23527526_0;253.75;10.53;3183.00;69.00;23687583_0;5.10;0.00;tripinfo_in_as_to_gj.33;126.00;in_as_to_gj.33;0;649.06;1.06;0.00;70.02;car;;4;26.00
3309.00;41899283#1_0;148.70;11.82;3148.00;9.52;-230845886_0;5.10;0.00;tripinfo_in_ba_to_as.37;161.00;in_ba_to_as.37;0;1430.78;1.07;0.00;39.97;car;;2;11.00
3310.00;23156030#6_1;109.07;10.83;2769.00;1.79;23687583_0;5.10;0.00;tripinfo_in_as_to_od.7;541.00;in_as_to_od.7;0;2357.31;0.99;0.00;325.80;car;;9;230.00
3311.00;972103805_0;116.86;12.15;3085.00;3.08;-230845886_0;5.10;0.00;tripinfo_in_ba_to_ko.62;226.00;in_ba_to_ko.62;0;2114.29;1.15;0.00;58.60;car;;0;0.00
3312.00;23156030#6_0;109.07;8.98;2614.00;7.02;23687583_0;5.10;0.00;tripinfo_in_as_to_od.6;698.00;in_as_to_od.6;0;2357.31;0.91;0.00;464.69;car;;20;361.00
3312.00;230845886_0;633.12;8.75;2986.00;30.78;803785575#0_0;5.10;0.00;tripinfo_in_od_to_ba.41;326.00;in_od_to_ba.41;0;2382.14;0.88;0.00;80.92;car;;3;15.00
3313.00;972103805_0;116.86;10.71;3088.00;1.26;-230845886_0;5.10;0.00;tripinfo_in_ba_to_ko.63;225.00;in_ba_to_ko.63;0;2114.29;0.98;0.00;28.27;car;;0;0.00
3314.00;41899283#1_0;148.70;10.68;3001.00;29.28;803785575#0_0;5.10;0.00;tripinfo_in_od_to_as.31;313.00;in_od_to_as.31;0;2382.09;0.97;0.00;91.84;car;;4;16.00
3316.00;972103805_0;116.86;9.73;2919.00;0.40;-23142338#2_0;5.10;0.00;tripinfo_in_ns_to_ko.83;397.00;in_ns_to_ko.83;0;1398.55;0.95;0.00;263.11;car;;13;161.00
3316.00;41899283#1_0;148.70;11.03;3151.00;10.74;-230845886_0;5.10;0.00;tripinfo_in_ba_to_as.38;165.00;in_ba_to_as.38;0;1430.78;1.06;0.00;42.98;car;;3;6.00
3318.00;972103805_0;116.86;10.23;2924.00;0.97;-23142338#2_0;5.10;0.00;tripinfo_in_ns_to_ko.84;394.00;in_ns_to_ko.84;0;1398.55;1.01;0.00;268.89;car;;13;152.00
3319.00;972103805_0;116.86;12.31;2932.00;0.50;-23142338#2_0;5.10;0.00;tripinfo_in_ns_to_ko.85;387.00;in_ns_to_ko.85;0;1398.55;1.13;0.00;275.26;car;;13;143.00
3322.00;23527526_0;253.75;10.04;2967.00;25.68;803785575#0_0;5.10;0.00;tripinfo_in_od_to_gj.11;355.00;in_od_to_gj.11;0;2706.99;0.91;0.00;84.91;car;;3;9.00
3324.00;28716808#1_0;754.74;10.68;2973.00;23.84;803785575#0_0;5.10;0.00;tripinfo_in_od_to_kl.25;351.00;in_od_to_kl.25;0;2678.40;1.05;0.00;120.54;car;;4;32.00
3324.00;230845886_0;633.12;11.01;3144.00;66.96;23687583_0;5.10;0.00;tripinfo_in_as_to_ba.22;180.00;in_as_to_ba.22;0;1356.50;1.05;0.00;63.15;car;;4;15.00
3325.00;23156390_0;1121.44;9.41;3104.00;75.68;23687583_0;5.10;0.00;tripinfo_in_as_to_br.8;221.00;in_as_to_br.8;0;1694.48;0.87;0.00;43.30;car;;1;4.00
3328.00;45494495_0;58.90;9.61;2920.00;2.29;-230845886_0;5.10;0.00;tripinfo_in_ba_to_os.32;408.00;in_ba_to_os.32;0;1647.96;0.97;0.00;254.35;car;;13;132.00
3328.00;972103805_0;116.86;9.51;3057.00;2.06;803785575#0_0;5.10;0.00;tripinfo_in_od_to_ko.47;271.00;in_od_to_ko.47;0;2307.67;0.91;0.00;30.97;car;;1;2.00
3329.00;23156305_0;1264.14;10.26;2882.00;47.46;803785575#0_0;5.10;0.00;tripinfo_in_od_to_gg.36;447.00;in_od_to_gg.36;0;3669.96;1.00;0.00;114.82;car;;3;18.00
3330.00;23156390_0;1121.44;10.42;2949.00;42.25;803785575#0_0;5.10;0.00;tripinfo_in_od_to_br.36;381.00;in_od_to_br.36;0;3149.31;1.00;0.00;93.97;car;;3;7.00
3330.00;45494495_0;58.90;9.31;3196.00;11.07;803785575#0_0;5.10;0.00;tripinfo_in_od_to_os.66;134.00;in_od_to_os.66;0;969.96;0.92;0.00;39.00;car;;2;13.00
3332.00;41899283#1_0;148.70;10.75;2815.00;0.30;-23142338#2_0;5.10;0.00;tripinfo_in_ns_to_as.12;517.00;in_ns_to_as.12;0;2009.37;1.07;0.00;345.10;car;;13;172.00
3332.00;45494495_0;58.90;11.81;2938.00;40.19;23687583_0;5.10;0.00;tripinfo_in_as_to_os.22;394.00;in_as_to_os.22;0;1689.77;1.14;0.00;259.97;car;;14;70.00
3332.00;23156390_0;1121.44;10.67;2952.00;45.03;803785575#0_0;5.10;0.00;tripinfo_in_od_to_br.37;380.00;in_od_to_br.37;0;3149.31;1.07;0.00;113.04;car;;2;5.00
3335.00;972103805_0;116.86;9.78;3170.00;68.53;23687583_0;5.10;0.00;tripinfo_in_as_to_ko.44;165.00;in_as_to_ko.44;0;1102.39;0.97;0.00;62.67;car;;3;27.00
3335.00;45494495_0;58.90;10.17;3202.00;9.15;803785575#0_0;5.10;0.00;tripinfo_in_od_to_os.67;133.00;in_od_to_os.67;0;969.96;0.94;0.00;39.58;car;;3;11.00
3336.00;23527526_0;253.75;9.15;2866.00;0.56;-23142338#2_0;5.10;0.00;tripinfo_in_ns_to_gj.5;470.00;in_ns_to_gj.5;0;2084.96;0.87;0.00;251.70;car;;11;147.00
3336.00;41899283#1_0;148.70;11.15;2903.00;1.96;-23142338#2_0;5.10;0.00;tripinfo_in_ns_to_as.13;433.00;in_ns_to_as.13;0;2009.37;1.03;0.00;255.05;car;;11;147.00
3337.00;28706217_0;94.10;8.47;2489.00;4.98;-230845886_0;5.10;0.00;tripinfo_in_ba_to_sl.17;848.00;in_ba_to_sl.17;0;1934.94;1.02;0.00;671.51;car;;24;469.00
3337.00;45494495_0;58.90;9.87;3018.00;50.18;23687583_0;5.10;0.00;tripinfo_in_as_to_os.23;319.00;in_as_to_os.23;0;1689.77;0.99;0.00;164.78;car;;8;68.00
3338.00;41899283#1_0;148.70;11.76;3013.00;12.68;803785575#0_0;5.10;0.00;tripinfo_in_od_to_as.33;325.00;in_od_to_as.33;0;2382.09;1.09;0.00;126.97;car;;4;24.00
3338.00;972103805_0;116.86;10.65;3091.00;2.66;-230845886_0;5.10;0.00;tripinfo_in_ba_to_ko.64;247.00;in_ba_to_ko.64;0;2114.29;1.03;0.00;59.92;car;;3;25.00
3339.00;28706217_0;94.10;8.71;2398.00;0.19;23687583_0;5.10;0.00;tripinfo_in_as_to_sl.16;941.00;in_as_to_sl.16;0;1976.75;1.10;0.00;774.77;car;;24;584.00
3339.00;28716808#1_0;754.74;9.95;3131.00;0.81;-230845886_0;5.10;0.00;tripinfo_in_ba_to_kl.3;208.00;in_ba_to_kl.3;0;1727.09;0.90;0.00;32.91;car;;2;5.00
3344.00;972103805_0;116.86;9.22;2935.00;2.83;-23142338#2_0;5.10;0.00;tripinfo_in_ns_to_ko.86;409.00;in_ns_to_ko.86;0;1398.55;0.92;0.00;271.60;car;;13;159.00
3344.00;41899283#1_0;148.70;10.25;3010.00;13.32;803785575#0_0;5.10;0.00;tripinfo_in_od_to_as.32;334.00;in_od_to_as.32;0;2382.09;0.94;0.00;105.41;car;;4;21.00
3345.00;28716808#1_0;754.74;9.71;3004.00;30.57;803785575#0_0;5.10;0.00;tripinfo_in_od_to_kl.27;341.00;in_od_to_kl.27;0;2678.40;0.95;0.00;85.48;car;;3;10.00
3346.00;972103805_0;116.86;11.01;2938.00;0.15;-23142338#2_0;5.10;0.00;tripinfo_in_ns_to_ko.87;408.00;in_ns_to_ko.87;0;1398.55;1.03;0.00;285.30;car;;13;152.00
3346.00;23142338#2_0;290.21;9.71;3097.00;5.09;-230845886_0;5.10;0.00;tripinfo_in_ba_to_ns.15;249.00;in_ba_to_ns.15;0;2346.36;0.93;0.00;21.88;car;;0;0.00
3348.00;23142338#2_0;290.21;11.68;3110.00;1.57;-230845886_0;5.10;0.00;tripinfo_in_ba_to_ns.16;238.00;in_ba_to_ns.16;0;2346.36;1.10;0.00;45.52;car;;0;0.00
3352.00;230845886_0;633.12;9.08;3032.00;0.84;803785575#0_0;5.10;0.00;tripinfo_in_od_to_ba.44;320.00;in_od_to_ba.44;0;2382.14;0.93;0.00;88.60;car;;2;15.00
3353.00;23142338#2_0;290.21;10.93;3071.00;57.04;23687583_0;5.10;0.00;tripinfo_in_as_to_ns.28;282.00;in_as_to_ns.28;0;1995.73;1.05;0.00;108.57;car;;6;38.00
3354.00;230845886_0;633.12;12.51;3051.00;0.18;803785575#0_0;5.10;0.00;tripinfo_in_od_to_ba.45;303.00;in_od_to_ba.45;0;2382.14;1.24;0.00;128.53;car;;3;15.00
3355.00;41899283#1_0;148.70;9.41;3028.00;0.82;803785575#0_0;5.10;0.00;tripinfo_in_od_to_as.34;327.00;in_od_to_as.34;0;2382.09;0.89;0.00;83.63;car;;2;15.00
3355.00;28716808#1_0;754.74;12.60;3186.00;62.02;23687583_0;5.10;0.00;tripinfo_in_as_to_kl.8;169.00;in_as_to_kl.8;0;1207.92;1.19;0.00;76.67;car;;5;27.00
3356.00;230845886_0;633.12;11.23;2772.00;1.26;-23142338#2_0;5.10;0.00;tripinfo_in_ns_to_ba.3;584.00;in_ns_to_ba.3;0;2340.42;1.09;0.00;391.10;car;;17;180.00
3357.00;23156305_0;1264.14;9.74;2894.00;41.00;803785575#0_0;5.10;0.00;tripinfo_in_od_to_gg.37;463.00;in_od_to_gg.37;0;3669.96;0.97;0.00;117.82;car;;3;16.00
3359.00;23156305_0;1264.14;10.75;3076.00;0.79;-230845886_0;5.10;0.00;tripinfo_in_ba_to_gg.12;283.00;in_ba_to_gg.12;0;2718.65;0.99;0.00;34.12;car;;1;2.00
3360.00;23156030#6_0;109.07;12.15;2841.00;0.88;23687583_0;5.10;0.00;tripinfo_in_as_to_od.9;519.00;in_as_to_od.9;0;2357.31;1.11;0.00;327.32;car;;10;195.00
3360.00;972103805_0;116.86;9.38;3093.00;9.50;803785575#0_0;5.10;0.00;tripinfo_in_od_to_ko.48;267.00;in_od_to_ko.48;0;2307.67;0.90;0.00;23.41;car;;0;0.00
3360.00;23527526_0;253.75;9.38;3154.00;12.22;-230845886_0;5.10;0.00;tripinfo_in_ba_to_gj.35;206.00;in_ba_to_gj.35;0;1755.68;0.86;0.00;21.08;car;;1;1.00
3361.00;23527526_0;253.75;11.62;3248.00;81.25;23687583_0;5.10;0.00;tripinfo_in_as_to_gj.34;113.00;in_as_to_gj.34;0;649.06;1.13;0.00;60.58;car;;3;16.00
3365.00;972103805_0;116.86;9.56;3179.00;65.62;23687583_0;5.10;0.00;tripinfo_in_as_to_ko.45;186.00;in_as_to_ko.45;0;1102.39;0.97;0.00;83.01;car;;5;39.00
3370.00;23527526_0;253.75;8.29;2891.00;0.42;-23142338#2_0;5.10;0.00;tripinfo_in_ns_to_gj.6;479.00;in_ns_to_gj.6;0;2084.96;0.83;0.00;252.69;car;;12;155.00
3371.00;23156390_0;1121.44;10.48;2787.00;2.15;-23142338#2_0;5.10;0.00;tripinfo_in_ns_to_br.0;584.00;in_ns_to_br.0;0;2792.05;1.04;0.00;339.72;car;;15;178.00
3372.00;45494495_0;58.90;10.27;3062.00;0.47;-230845886_0;5.10;0.00;tripinfo_in_ba_to_os.34;310.00;in_ba_to_os.34;0;1647.96;1.00;0.00;161.59;car;;3;70.00
3372.00;972103805_0;116.86;10.08;3200.00;62.83;23687583_0;5.10;0.00;tripinfo_in_as_to_ko.46;172.00;in_as_to_ko.46;0;1102.39;0.92;0.00;63.08;car;;2;15.00
3373.00;230845886_0;633.12;8.87;3069.00;3.50;803785575#0_0;5.10;0.00;tripinfo_in_od_to_ba.46;304.00;in_od_to_ba.46;0;2382.14;0.91;0.00;66.84;car;;2;12.00
3374.00;972103805_0;116.86;10.48;3145.00;8.77;-230845886_0;5.10;0.00;tripinfo_in_ba_to_ko.65;229.00;in_ba_to_ko.65;0;2114.29;1.02;0.00;39.95;car;;2;9.00
3374.00;45494495_0;58.90;11.01;3211.00;15.25;803785575#0_0;5.10;0.00;tripinfo_in_od_to_os.68;163.00;in_od_to_os.68;0;969.96;1.10;0.00;83.26;car;;4;45.00
3375.00;23156305_0;1264.14;10.21;2937.00;48.18;803785575#0_0;5.10;0.00;tripinfo_in_od_to_gg.39;438.00;in_od_to_gg.39;0;3669.96;1.03;0.00;115.89;car;;3;16.00
3376.00;972103805_0;116.86;12.58;2947.00;0.56;-23142338#2_0;5.10;0.00;tripinfo_in_ns_to_ko.88;429.00;in_ns_to_ko.88;0;1398.55;1.15;0.00;318.82;car;;14;171.00
3377.00;45494495_0;58.90;11.73;3217.00;18.57;803785575#0_0;5.10;0.00;tripinfo_in_od_to_os.69;160.00;in_od_to_os.69;0;969.96;1.15;0.00;83.65;car;;4;41.00
3378.00;28706217_0;94.10;6.34;2503.00;5.19;23687583_0;5.10;0.00;tripinfo_in_as_to_sl.19;875.00;in_as_to_sl.19;0;1976.75;0.89;0.00;669.43;car;;25;488.00
3379.00;972103805_0;116.86;10.98;2950.00;2.19;-23142338#2_0;5.10;0.00;tripinfo_in_ns_to_ko.89;429.00;in_ns_to_ko.89;0;1398.55;1.04;0.00;307.39;car;;14;163.00
3381.00;972103805_0;116.86;10.39;2953.00;4.17;-23142338#2_0;5.10;0.00;tripinfo_in_ns_to_ko.90;428.00;in_ns_to_ko.90;0;1398.55;1.05;0.00;307.89;car;;15;153.00
3382.00;45494495_0;58.90;10.46;3024.00;32.48;23687583_0;5.10;0.00;tripinfo_in_as_to_os.24;358.00;in_as_to_os.24;0;1689.77;0.96;0.00;198.49;car;;8;118.00
3383.00;23527526_0;253.75;11.59;3185.00;17.78;-230845886_0;5.10;0.00;tripinfo_in_ba_to_gj.36;198.00;in_ba_to_gj.36;0;1755.68;1.04;0.00;46.13;car;;1;22.00
3384.00;45494495_0;58.90;12.01;3259.00;31.34;803785575#0_0;5.10;0.00;tripinfo_in_od_to_os.71;125.00;in_od_to_os.71;0;969.96;1.18;0.00;50.26;car;;3;24.00
3385.00;972103805_0;116.86;10.33;2957.00;0.68;-23142338#2_0;5.10;0.00;tripinfo_in_ns_to_ko.91;428.00;in_ns_to_ko.91;0;1398.55;0.93;0.00;292.10;car;;14;152.00
3385.00;23142338#2_0;290.21;10.47;3120.00;75.09;23687583_0;5.10;0.00;tripinfo_in_as_to_ns.29;265.00;in_as_to_ns.29;0;1995.73;1.02;0.00;85.78;car;;4;31.00
3385.00;41899283#1_0;148.70;9.43;3220.00;0.68;-230845886_0;5.10;0.00;tripinfo_in_ba_to_as.39;165.00;in_ba_to_as.39;0;1430.78;0.96;0.00;29.11;car;;1;1.00
3386.00;45494495_0;58.90;10.65;3094.00;2.83;-230845886_0;5.10;0.00;tripinfo_in_ba_to_os.35;292.00;in_ba_to_os.35;0;1647.96;1.00;0.00;142.76;car;;5;79.00
3387.00;972103805_0;116.86;11.16;2960.00;0.75;-23142338#2_0;5.10;0.00;tripinfo_in_ns_to_ko.92;427.00;in_ns_to_ko.92;0;1398.55;1.08;0.00;309.23;car;;14;167.00
3388.00;45494495_0;58.90;10.95;3256.00;30.97;803785575#0_0;5.10;0.00;tripinfo_in_od_to_os.70;132.00;in_od_to_os.70;0;969.96;1.04;0.00;47.57;car;;1;21.00
3389.00;972103805_0;116.86;10.98;2963.00;2.30;-23142338#2_0;5.10;0.00;tripinfo_in_ns_to_ko.93;426.00;in_ns_to_ko.93;0;1398.55;1.08;0.00;308.98;car;;14;156.00
3391.00;45494495_0;58.90;9.84;3033.00;35.53;23687583_0;5.10;0.00;tripinfo_in_as_to_os.25;358.00;in_as_to_os.25;0;1689.77;0.93;0.00;194.33;car;;8;114.00
3393.00;23527526_0;253.75;9.85;3284.00;91.19;23687583_0;5.10;0.00;tripinfo_in_as_to_gj.35;109.00;in_as_to_gj.35;0;649.06;0.91;0.00;44.12;car;;2;23.00
3393.00;45494495_0;58.90;10.32;3268.00;30.50;803785575#0_0;5.10;0.00;tripinfo_in_od_to_os.72;125.00;in_od_to_os.72;0;969.96;0.95;0.00;32.73;car;;2;9.00
3395.00;972103805_0;116.86;10.29;3213.00;67.14;23687583_0;5.10;0.00;tripinfo_in_as_to_ko.47;182.00;in_as_to_ko.47;0;1102.39;0.96;0.00;78.90;car;;3;30.00
3395.00;45494495_0;58.90;10.58;3286.00;11.96;803785575#0_0;5.10;0.00;tripinfo_in_od_to_os.73;109.00;in_od_to_os.73;0;969.96;1.00;0.00;21.35;car;;0;0.00
3396.00;28706217_0;94.10;7.51;3313.00;16.09;803785575#0_0;5.10;0.00;tripinfo_in_od_to_sl.2;83.00;in_od_to_sl.2;0;747.33;0.98;0.00;8.46;car;;0;0.00
3397.00;230845886_0;633.12;10.05;3099.00;10.16;803785575#0_0;5.10;0.00;tripinfo_in_od_to_ba.47;298.00;in_od_to_ba.47;0;2382.14;0.97;0.00;76.45;car;;2;12.00
3397.00;972103805_0;116.86;10.73;3245.00;78.36;23687583_0;5.10;0.00;tripinfo_in_as_to_ko.48;152.00;in_as_to_ko.48;0;1102.39;1.07;0.00;58.85;car;;3;16.00
3398.00;23156030#6_0;109.07;9.87;2480.00;0.69;-45494495_0;5.10;0.00;tripinfo_in_os_to_od.7;918.00;in_os_to_od.7;0;865.51;0.91;0.00;832.32;car;;18;743.00
3398.00;23156030#6_1;109.07;10.05;2823.00;0.26;23687583_0;5.10;0.00;tripinfo_in_as_to_od.8;575.00;in_as_to_od.8;0;2357.31;0.96;0.00;352.84;car;;12;243.00
3400.00;972103805_0;116.86;11.95;3164.00;17.76;-230845886_0;5.10;0.00;tripinfo_in_ba_to_ko.66;236.00;in_ba_to_ko.66;0;2114.29;1.13;0.00;66.72;car;;2;14.00
3402.00;45494495_0;58.90;10.70;3295.00;18.06;803785575#0_0;5.10;0.00;tripinfo_in_od_to_os.74;107.00;in_od_to_os.74;0;969.96;0.96;0.00;16.09;car;;0;0.00
3403.00;972103805_0;116.86;10.70;3167.00;19.57;-230845886_0;5.10;0.00;tripinfo_in_ba_to_ko.67;236.00;in_ba_to_ko.67;0;2114.29;1.00;0.00;43.46;car;;1;6.00
3405.00;972103805_0;116.86;10.90;3170.00;16.83;-230845886_0;5.10;0.00;tripinfo_in_ba_to_ko.68;235.00;in_ba_to_ko.68;0;2114.29;1.07;0.00;55.01;car;;1;5.00
3406.00;28706217_0;94.10;6.55;2549.00;2.98;-230845886_0;5.10;0.00;tripinfo_in_ba_to_sl.19;857.00;in_ba_to_sl.19;0;1934.94;0.81;0.00;636.19;car;;18;483.00
3407.00;45494495_0;58.90;12.04;3134.00;3.65;-230845886_0;5.10;0.00;tripinfo_in_ba_to_os.36;273.00;in_ba_to_os.36;0;1647.96;1.12;0.00;139.37;car;;3;78.00
3408.00;28706217_0;94.10;6.51;2908.00;0.94;-23142338#2_0;5.10;0.00;tripinfo_in_ns_to_sl.4;500.00;in_ns_to_sl.4;0;1619.36;0.86;0.00;309.99;car;;15;191.00
3408.00;23527526_0;253.75;11.75;2941.00;1.84;-23142338#2_0;5.10;0.00;tripinfo_in_ns_to_gj.7;467.00;in_ns_to_gj.7;0;2084.96;1.07;0.00;290.53;car;;13;150.00
3409.00;23156305_0;1264.14;9.55;2934.00;45.23;803785575#0_0;5.10;0.00;tripinfo_in_od_to_gg.38;475.00;in_od_to_gg.38;0;3669.96;0.86;0.00;90.22;car;;3;8.00
3409.00;45494495_0;58.90;11.31;3108.00;77.46;23687583_0;5.10;0.00;tripinfo_in_as_to_os.26;301.00;in_as_to_os.26;0;1689.77;1.08;0.00;160.12;car;;4;73.00
3409.00;41899283#1_0;148.70;9.78;3111.00;0.93;803785575#0_0;5.10;0.00;tripinfo_in_od_to_as.36;298.00;in_od_to_as.36;0;2382.09;0.93;0.00;65.75;car;;1;9.00
3410.00;28706217_0;94.10;8.42;2596.00;6.60;23687583_0;5.10;0.00;tripinfo_in_as_to_sl.21;814.00;in_as_to_sl.21;0;1976.75;1.04;0.00;637.78;car;;22;450.00
3411.00;23156305_0;1264.14;11.41;2964.00;26.81;803785575#0_0;5.10;0.00;tripinfo_in_od_to_gg.40;447.00;in_od_to_gg.40;0;3669.96;1.06;0.00;132.40;car;;3;21.00
3412.00;23156305_0;1264.14;11.88;3138.00;6.23;-230845886_0;5.10;0.00;tripinfo_in_ba_to_gg.13;274.00;in_ba_to_gg.13;0;2718.65;1.20;0.00;68.68;car;;0;0.00
3413.00;23527526_0;253.75;10.21;3075.00;2.92;803785575#0_0;5.10;0.00;tripinfo_in_od_to_gj.12;338.00;in_od_to_gj.12;0;2706.99;1.02;0.00;98.57;car;;5;22.00
3414.00;23156305_0;1264.14;11.90;2983.00;28.24;803785575#0_0;5.10;0.00;tripinfo_in_od_to_gg.41;431.00;in_od_to_gg.41;0;3669.96;1.10;0.00;127.66;car;;4;20.00
3414.00;41899283#1_0;148.70;9.69;3246.00;7.45;-230845886_0;5.10;0.00;tripinfo_in_ba_to_as.40;168.00;in_ba_to_as.40;0;1430.78;0.94;0.00;29.75;car;;2;3.00
3415.00;23527526_0;253.75;10.37;3230.00;0.27;-230845886_0;5.10;0.00;tripinfo_in_ba_to_gj.37;185.00;in_ba_to_gj.37;0;1755.68;1.00;0.00;25.92;car;;0;0.00
3417.00;23527526_0;253.75;11.43;3312.00;78.49;23687583_0;5.10;0.00;tripinfo_in_as_to_gj.36;105.00;in_as_to_gj.36;0;649.06;1.14;0.00;52.98;car;;2;21.00
3419.00;972103805_0;116.86;11.26;2973.00;0.20;-23142338#2_0;5.10;0.00;tripinfo_in_ns_to_ko.94;446.00;in_ns_to_ko.94;0;1398.55;1.02;0.00;321.61;car;;14;171.00
3422.00;41899283#1_0;148.70;8.59;3108.00;1.13;803785575#0_0;5.10;0.00;tripinfo_in_od_to_as.35;314.00;in_od_to_as.35;0;2382.09;0.85;0.00;60.56;car;;1;5.00
3423.00;972103805_0;116.86;12.73;3176.00;19.01;-230845886_0;5.10;0.00;tripinfo_in_ba_to_ko.69;247.00;in_ba_to_ko.69;0;2114.29;1.16;0.00;80.28;car;;2;22.00
3425.00;28716808#1_0;754.74;9.55;2998.00;28.88;803785575#0_0;5.10;0.00;tripinfo_in_od_to_kl.26;427.00;in_od_to_kl.26;0;2678.40;0.88;0.00;151.31;car;;7;64.00
3426.00;972103805_0;116.86;12.14;3290.00;80.46;23687583_0;5.10;0.00;tripinfo_in_as_to_ko.49;136.00;in_as_to_ko.49;0;1102.39;1.16;0.00;50.21;car;;2;22.00
3426.00;23527526_0;253.75;11.62;3240.00;3.31;-230845886_0;5.10;0.00;tripinfo_in_ba_to_gj.38;186.00;in_ba_to_gj.38;0;1755.68;1.08;0.00;38.47;car;;1;10.00
3427.00;28716808#1_0;754.74;10.99;3007.00;18.42;803785575#0_0;5.10;0.00;tripinfo_in_od_to_kl.28;420.00;in_od_to_kl.28;0;2678.40;1.03;0.00;184.53;car;;6;62.00
3428.00;41899283#1_0;148.70;11.85;3258.00;3.54;-230845886_0;5.10;0.00;tripinfo_in_ba_to_as.41;170.00;in_ba_to_as.41;0;1430.78;1.12;0.00;54.83;car;;1;9.00
3429.00;28716808#1_0;754.74;11.25;3019.00;9.30;803785575#0_0;5.10;0.00;tripinfo_in_od_to_kl.30;410.00;in_od_to_kl.30;0;2678.40;1.07;0.00;183.34;car;;8;59.00
3431.00;972103805_0;116.86;11.64;3179.00;16.09;-230845886_0;5.10;0.00;tripinfo_in_ba_to_ko.70;252.00;in_ba_to_ko.70;0;2114.29;1.06;0.00;70.26;car;;3;21.00
3432.00;230845886_0;633.12;8.15;3217.00;70.18;23687583_0;5.10;0.00;tripinfo_in_as_to_ba.23;215.00;in_as_to_ba.23;0;1356.50;0.82;0.00;64.40;car;;3;19.00
3433.00;230845886_0;633.12;9.83;3241.00;74.62;23687583_0;5.10;0.00;tripinfo_in_as_to_ba.25;192.00;in_as_to_ba.25;0;1356.50;0.99;0.00;68.30;car;;3;9.00
3433.00;972103805_0;116.86;11.06;3188.00;15.27;-230845886_0;5.10;0.00;tripinfo_in_ba_to_ko.71;245.00;in_ba_to_ko.71;0;2114.29;1.10;0.00;70.72;car;;2;31.00
3434.00;23527526_0;253.75;11.53;3249.00;10.38;-230845886_0;5.10;0.00;tripinfo_in_ba_to_gj.39;185.00;in_ba_to_gj.39;0;1755.68;1.05;0.00;34.16;car;;1;2.00
3435.00;230845886_0;633.12;11.10;3224.00;72.96;23687583_0;5.10;0.00;tripinfo_in_as_to_ba.24;211.00;in_as_to_ba.24;0;1356.50;1.02;0.00;90.81;car;;4;21.00
3436.00;23156030#6_0;109.07;10.50;2927.00;2.55;-23142338#2_0;5.10;0.00;tripinfo_in_ns_to_od.3;509.00;in_ns_to_od.3;0;2005.01;1.00;0.00;316.00;car;;17;186.00
3437.00;230845886_0;633.12;10.08;3138.00;2.40;803785575#0_0;5.10;0.00;tripinfo_in_od_to_ba.48;299.00;in_od_to_ba.48;0;2382.14;0.98;0.00;78.88;car;;2;22.00
3440.00;41899283#1_0;148.70;8.68;3266.00;0.03;-230845886_0;5.10;0.00;tripinfo_in_ba_to_as.42;174.00;in_ba_to_as.42;0;1430.78;0.89;0.00;28.37;car;;1;7.00
3441.00;23156390_0;1121.44;8.21;2792.00;0.43;-23142338#2_0;5.10;0.00;tripinfo_in_ns_to_br.1;649.00;in_ns_to_br.1;0;2792.05;0.79;0.00;327.68;car;;15;177.00
3443.00;23156390_0;1121.44;10.30;3197.00;65.67;23687583_0;5.10;0.00;tripinfo_in_as_to_br.9;246.00;in_as_to_br.9;0;1694.48;1.02;0.00;95.97;car;;2;15.00
3444.00;28716808#1_0;754.74;9.18;3016.00;15.42;803785575#0_0;5.10;0.00;tripinfo_in_od_to_kl.29;428.00;in_od_to_kl.29;0;2678.40;0.91;0.00;161.79;car;;9;58.00
3444.00;23156390_0;1121.44;10.44;3182.00;18.52;-230845886_0;5.10;0.00;tripinfo_in_ba_to_br.2;262.00;in_ba_to_br.2;0;2198.00;1.03;0.00;67.69;car;;2;21.00
3446.00;28716808#1_0;754.74;10.59;2453.00;0.69;-45494495_0;5.10;0.00;tripinfo_in_os_to_kl.1;993.00;in_os_to_kl.1;0;2042.78;0.99;0.00;805.80;car;;16;680.00
3446.00;23156390_0;1121.44;11.58;3235.00;69.92;23687583_0;5.10;0.00;tripinfo_in_as_to_br.10;211.00;in_as_to_br.10;0;1694.48;1.11;0.00;73.46;car;;3;12.00
3447.00;28716808#1_0;754.74;11.32;3087.00;5.18;803785575#0_0;5.10;0.00;tripinfo_in_od_to_kl.31;360.00;in_od_to_kl.31;0;2678.40;1.13;0.00;146.49;car;;6;30.00
3449.00;28716808#1_0;754.74;11.56;3096.00;11.58;803785575#0_0;5.10;0.00;tripinfo_in_od_to_kl.32;353.00;in_od_to_kl.32;0;2678.40;1.13;0.00;139.05;car;;7;30.00
3450.00;41899283#1_0;148.70;10.83;3284.00;5.06;-230845886_0;5.10;0.00;tripinfo_in_ba_to_as.43;166.00;in_ba_to_as.43;0;1430.78;1.03;0.00;40.18;car;;1;4.00
3452.00;23527526_0;253.75;11.72;3321.00;74.53;23687583_0;5.10;0.00;tripinfo_in_as_to_gj.37;131.00;in_as_to_gj.37;0;649.06;1.10;0.00;77.21;car;;3;46.00
3454.00;28706217_0;94.10;7.48;2667.00;2.81;-230845886_0;5.10;0.00;tripinfo_in_ba_to_sl.20;787.00;in_ba_to_sl.20;0;1934.94;1.04;0.00;613.88;car;;18;435.00
3456.00;28706217_0;94.10;8.40;2431.00;1.93;23687583_0;5.10;0.00;tripinfo_in_as_to_sl.17;1025.00;in_as_to_sl.17;0;1976.75;1.11;0.00;859.42;car;;24;672.00
3468.00;41899283#1_0;148.70;12.89;3156.00;12.57;803785575#0_0;5.10;0.00;tripinfo_in_od_to_as.38;312.00;in_od_to_as.38;0;2382.09;1.26;0.00;139.63;car;;3;30.00
3471.00;230845886_0;633.12;11.57;3175.00;17.41;803785575#0_0;5.10;0.00;tripinfo_in_od_to_ba.50;296.00;in_od_to_ba.50;0;2382.14;1.10;0.00;101.19;car;;5;22.00
3474.00;28716808#1_0;754.74;12.41;2969.00;3.21;-23142338#2_0;5.10;0.00;tripinfo_in_ns_to_kl.6;505.00;in_ns_to_kl.6;0;2315.58;1.16;0.00;322.95;car;;14;156.00
3479.00;41899283#1_0;148.70;10.21;3150.00;8.07;803785575#0_0;5.10;0.00;tripinfo_in_od_to_as.37;329.00;in_od_to_as.37;0;2382.09;0.93;0.00;96.73;car;;4;30.00
3482.00;28706217_0;94.10;8.08;2442.00;6.97;23687583_0;5.10;0.00;tripinfo_in_as_to_sl.18;1040.00;in_as_to_sl.18;0;1976.75;0.98;0.00;852.91;car;;27;697.00
3482.00;41899283#1_0;148.70;11.39;2979.00;0.45;-23142338#2_0;5.10;0.00;tripinfo_in_ns_to_as.14;503.00;in_ns_to_as.14;0;2009.37;1.06;0.00;328.99;car;;14;174.00
3482.00;972103805_0;116.86;7.20;3121.00;0.15;803785575#0_0;5.10;0.00;tripinfo_in_od_to_ko.49;361.00;in_od_to_ko.49;0;2307.67;0.70;0.00;47.56;car;;1;9.00
3484.00;28706217_0;94.10;8.97;2546.00;3.55;-230845886_0;5.10;0.00;tripinfo_in_ba_to_sl.18;938.00;in_ba_to_sl.18;0;1934.94;1.18;0.00;785.04;car;;24;610.00
3484.00;972103805_0;116.86;8.92;2985.00;5.10;-23142338#2_0;5.10;0.00;tripinfo_in_ns_to_ko.95;499.00;in_ns_to_ko.95;0;1398.55;0.86;0.00;351.41;car;;15;176.00
3484.00;41899283#1_0;148.70;11.78;3169.00;15.22;803785575#0_0;5.10;0.00;tripinfo_in_od_to_as.39;315.00;in_od_to_as.39;0;2382.09;1.15;0.00;127.90;car;;5;32.00
3484.00;23142338#2_0;290.21;8.47;3205.00;11.93;803785575#0_0;5.10;0.00;tripinfo_in_od_to_ns.14;279.00;in_od_to_ns.14;0;1928.29;0.78;0.00;40.83;car;;1;9.00
3486.00;230845886_0;633.12;10.75;3309.00;82.56;23687583_0;5.10;0.00;tripinfo_in_as_to_ba.26;177.00;in_as_to_ba.26;0;1356.50;1.03;0.00;57.58;car;;1;13.00
3486.00;972103805_0;116.86;11.24;3252.00;11.98;-230845886_0;5.10;0.00;tripinfo_in_ba_to_ko.72;234.00;in_ba_to_ko.72;0;2114.29;1.06;0.00;52.35;car;;1;5.00
3494.00;45494495_0;58.90;9.46;3173.00;19.54;-230845886_0;5.10;0.00;tripinfo_in_ba_to_os.37;321.00;in_ba_to_os.37;0;1647.96;0.97;0.00;165.99;car;;5;117.00
3494.00;41899283#1_0;148.70;9.51;3338.00;3.80;-230845886_0;5.10;0.00;tripinfo_in_ba_to_as.45;156.00;in_ba_to_as.45;0;1430.78;0.97;0.00;22.31;car;;0;0.00
3499.00;23142338#2_0;290.21;10.29;3243.00;6.08;-230845886_0;5.10;0.00;tripinfo_in_ba_to_ns.17;256.00;in_ba_to_ns.17;0;2346.36;0.97;0.00;38.21;car;;1;4.00
3501.00;45494495_0;58.90;10.89;3157.00;71.21;23687583_0;5.10;0.00;tripinfo_in_as_to_os.27;344.00;in_as_to_os.27;0;1689.77;1.03;0.00;196.10;car;;11;110.00
3502.00;23142338#2_0;290.21;11.42;3221.00;69.99;23687583_0;5.10;0.00;tripinfo_in_as_to_ns.30;281.00;in_as_to_ns.30;0;1995.73;1.06;0.00;109.60;car;;5;42.00
3502.00;41899283#1_0;148.70;9.09;3332.00;0.71;-230845886_0;5.10;0.00;tripinfo_in_ba_to_as.44;170.00;in_ba_to_as.44;0;1430.78;0.90;0.00;25.13;car;;1;5.00
3503.00;41899283#1_0;148.70;11.39;3178.00;10.51;803785575#0_0;5.10;0.00;tripinfo_in_od_to_as.40;325.00;in_od_to_as.40;0;2382.09;1.06;0.00;121.16;car;;5;32.00
3503.00;45494495_0;58.90;11.71;3342.00;3.86;803785575#0_0;5.10;0.00;tripinfo_in_od_to_os.75;161.00;in_od_to_os.75;0;969.96;1.07;0.00;78.75;car;;2;45.00
3505.00;28706217_0;94.10;7.65;2554.00;1.29;23687583_0;5.10;0.00;tripinfo_in_as_to_sl.20;951.00;in_as_to_sl.20;0;1976.75;0.99;0.00;765.81;car;;22;614.00
3506.00;45494495_0;58.90;10.00;3363.00;10.45;803785575#0_0;5.10;0.00;tripinfo_in_od_to_os.77;143.00;in_od_to_os.77;0;969.96;0.98;0.00;53.24;car;;1;36.00
3508.00;45494495_0;58.90;9.43;3390.00;11.84;803785575#0_0;5.10;0.00;tripinfo_in_od_to_os.79;118.00;in_od_to_os.79;0;969.96;0.92;0.00;23.41;car;;1;9.00
3509.00;23156390_0;1121.44;9.36;3078.00;5.72;803785575#0_0;5.10;0.00;tripinfo_in_od_to_br.38;431.00;in_od_to_br.38;0;3149.31;0.88;0.00;104.09;car;;5;23.00
3510.00;23527526_0;253.75;8.90;3305.00;0.66;-230845886_0;5.10;0.00;tripinfo_in_ba_to_gj.40;205.00;in_ba_to_gj.40;0;1755.68;0.86;0.00;20.75;car;;1;1.00
3517.00;23156390_0;1121.44;11.04;2966.00;1.28;-23142338#2_0;5.10;0.00;tripinfo_in_ns_to_br.2;551.00;in_ns_to_br.2;0;2792.05;1.10;0.00;321.91;car;;15;161.00
3518.00;972103805_0;116.86;7.48;3147.00;5.72;803785575#0_0;5.10;0.00;tripinfo_in_od_to_ko.50;371.00;in_od_to_ko.50;0;2307.67;0.68;0.00;48.30;car;;1;6.00
3519.00;28716808#1_0;754.74;11.48;3332.00;68.22;23687583_0;5.10;0.00;tripinfo_in_as_to_kl.9;187.00;in_as_to_kl.9;0;1207.92;1.04;0.00;81.87;car;;4;43.00
3520.00;972103805_0;116.86;10.62;3344.00;76.36;23687583_0;5.10;0.00;tripinfo_in_as_to_ko.50;176.00;in_as_to_ko.50;0;1102.39;1.02;0.00;78.40;car;;4;35.00
3522.00;972103805_0;116.86;11.19;3269.00;2.33;-230845886_0;5.10;0.00;tripinfo_in_ba_to_ko.73;253.00;in_ba_to_ko.73;0;2114.29;1.09;0.00;76.48;car;;2;25.00
3523.00;230845886_0;633.12;7.70;3319.00;77.61;23687583_0;5.10;0.00;tripinfo_in_as_to_ba.27;204.00;in_as_to_ba.27;0;1356.50;0.81;0.00;52.17;car;;2;20.00
3523.00;972103805_0;116.86;10.97;3272.00;4.97;-230845886_0;5.10;0.00;tripinfo_in_ba_to_ko.74;251.00;in_ba_to_ko.74;0;2114.29;1.09;0.00;75.22;car;;2;20.00
3525.00;972103805_0;116.86;10.66;3287.00;5.51;-230845886_0;5.10;0.00;tripinfo_in_ba_to_ko.75;238.00;in_ba_to_ko.75;0;2114.29;1.02;0.00;50.56;car;;2;11.00
3526.00;45494495_0;58.90;9.14;3204.00;2.27;-230845886_0;5.10;0.00;tripinfo_in_ba_to_os.39;322.00;in_ba_to_os.39;0;1647.96;0.89;0.00;154.27;car;;6;101.00
3528.00;28706217_0;94.10;9.52;3450.00;11.31;803785575#0_0;5.10;0.00;tripinfo_in_od_to_sl.3;78.00;in_od_to_sl.3;0;747.33;1.16;0.00;14.99;car;;0;0.00
3529.00;972103805_0;116.86;7.95;3160.00;13.81;803785575#0_0;5.10;0.00;tripinfo_in_od_to_ko.51;369.00;in_od_to_ko.51;0;2307.67;0.79;0.00;92.64;car;;2;13.00
3529.00;23142338#2_0;290.21;10.26;3262.00;0.65;-230845886_0;5.10;0.00;tripinfo_in_ba_to_ns.18;267.00;in_ba_to_ns.18;0;2346.36;0.99;0.00;52.58;car;;2;17.00
3531.00;972103805_0;116.86;10.47;3014.00;2.51;-23142338#2_0;5.10;0.00;tripinfo_in_ns_to_ko.96;517.00;in_ns_to_ko.96;0;1398.55;0.97;0.00;386.64;car;;17;190.00
3531.00;23156305_0;1264.14;9.29;3054.00;2.28;803785575#0_0;5.10;0.00;tripinfo_in_od_to_gg.42;477.00;in_od_to_gg.42;0;3669.96;0.85;0.00;86.07;car;;2;20.00
3531.00;23527526_0;253.75;11.23;3359.00;1.24;-230845886_0;5.10;0.00;tripinfo_in_ba_to_gj.41;172.00;in_ba_to_gj.41;0;1755.68;1.06;0.00;22.08;car;;0;0.00
3532.00;28706217_0;94.10;8.81;2691.00;0.23;23687583_0;5.10;0.00;tripinfo_in_as_to_sl.23;841.00;in_as_to_sl.23;0;1976.75;1.18;0.00;684.51;car;;27;497.00
3532.00;230845886_0;633.12;8.64;3166.00;16.20;803785575#0_0;5.10;0.00;tripinfo_in_od_to_ba.49;366.00;in_od_to_ba.49;0;2382.14;0.79;0.00;94.66;car;;4;26.00
3533.00;23156305_0;1264.14;10.26;3072.00;2.95;803785575#0_0;5.10;0.00;tripinfo_in_od_to_gg.43;461.00;in_od_to_gg.43;0;3669.96;0.94;0.00;107.71;car;;3;16.00
3534.00;972103805_0;116.86;8.96;3017.00;4.07;-23142338#2_0;5.10;0.00;tripinfo_in_ns_to_ko.97;517.00;in_ns_to_ko.97;0;1398.55;0.82;0.00;362.34;car;;16;196.00
3534.00;230845886_0;633.12;10.89;3324.00;64.12;23687583_0;5.10;0.00;tripinfo_in_as_to_ba.28;210.00;in_as_to_ba.28;0;1356.50;1.07;0.00;95.39;car;;4;45.00
3535.00;23156305_0;1264.14;12.93;3105.00;9.88;803785575#0_0;5.10;0.00;tripinfo_in_od_to_gg.44;430.00;in_od_to_gg.44;0;3669.96;1.18;0.00;145.76;car;;5;19.00
3537.00;41899283#1_0;148.70;11.64;3011.00;0.06;-23142338#2_0;5.10;0.00;tripinfo_in_ns_to_as.15;526.00;in_ns_to_as.15;0;2009.37;1.10;0.00;359.75;car;;17;184.00
3537.00;972103805_0;116.86;9.71;3163.00;16.37;803785575#0_0;5.10;0.00;tripinfo_in_od_to_ko.52;374.00;in_od_to_ko.52;0;2307.67;0.88;0.00;125.03;car;;3;31.00
3539.00;972103805_0;116.86;9.95;3187.00;13.86;803785575#0_0;5.10;0.00;tripinfo_in_od_to_ko.53;352.00;in_od_to_ko.53;0;2307.67;0.99;0.00;130.27;car;;3;30.00
3542.00;23527526_0;253.75;11.24;3385.00;61.68;23687583_0;5.10;0.00;tripinfo_in_as_to_gj.38;157.00;in_as_to_gj.38;0;649.06;1.12;0.00;103.82;car;;3;53.00
3543.00;230845886_0;633.12;9.27;3190.00;15.33;803785575#0_0;5.10;0.00;tripinfo_in_od_to_ba.51;353.00;in_od_to_ba.51;0;2382.14;0.88;0.00;108.82;car;;6;26.00
3544.00;972103805_0;116.86;10.50;3347.00;75.66;23687583_0;5.10;0.00;tripinfo_in_as_to_ko.51;197.00;in_as_to_ko.51;0;1102.39;1.04;0.00;101.40;car;;6;56.00
3548.00;28706217_0;94.10;8.16;3465.00;9.75;803785575#0_0;5.10;0.00;tripinfo_in_od_to_sl.4;83.00;in_od_to_sl.4;0;747.33;1.01;0.00;10.87;car;;0;0.00
3549.00;972103805_0;116.86;9.65;3367.00;83.84;23687583_0;5.10;0.00;tripinfo_in_as_to_ko.52;182.00;in_as_to_ko.52;0;1102.39;0.89;0.00;69.86;car;;3;28.00
3551.00;972103805_0;116.86;9.61;3295.00;7.70;-230845886_0;5.10;0.00;tripinfo_in_ba_to_ko.76;256.00;in_ba_to_ko.76;0;2114.29;0.95;0.00;52.92;car;;4;15.00
3552.00;23156390_0;1121.44;12.43;3327.00;66.80;23687583_0;5.10;0.00;tripinfo_in_as_to_br.11;225.00;in_as_to_br.11;0;1694.48;1.15;0.00;91.12;car;;4;43.00
3553.00;230845886_0;633.12;9.76;3220.00;18.29;803785575#0_0;5.10;0.00;tripinfo_in_od_to_ba.52;333.00;in_od_to_ba.52;0;2382.14;0.89;0.00;91.83;car;;4;13.00
3553.00;972103805_0;116.86;10.13;3327.00;2.83;-230845886_0;5.10;0.00;tripinfo_in_ba_to_ko.77;226.00;in_ba_to_ko.77;0;2114.29;1.00;0.00;33.42;car;;2;6.00
3556.00;972103805_0;116.86;9.72;3023.00;9.57;-23142338#2_0;5.10;0.00;tripinfo_in_ns_to_ko.98;533.00;in_ns_to_ko.98;0;1398.55;0.90;0.00;392.22;car;;20;211.00
3557.00;41899283#1_0;148.70;10.76;3223.00;21.11;803785575#0_0;5.10;0.00;tripinfo_in_od_to_as.41;334.00;in_od_to_as.41;0;2382.09;0.98;0.00;113.53;car;;6;23.00
3558.00;972103805_0;116.86;10.48;3038.00;10.71;-23142338#2_0;5.10;0.00;tripinfo_in_ns_to_ko.99;520.00;in_ns_to_ko.99;0;1398.55;0.95;0.00;386.00;car;;18;200.00
3558.00;41899283#1_0;148.70;11.69;3400.00;0.48;-230845886_0;5.10;0.00;tripinfo_in_ba_to_as.46;158.00;in_ba_to_as.46;0;1430.78;1.22;0.00;51.90;car;;0;0.00
3561.00;972103805_0;116.86;9.08;3043.00;11.86;-23142338#2_0;5.10;0.00;tripinfo_in_ns_to_ko.100;518.00;in_ns_to_ko.100;0;1398.55;0.90;0.00;377.65;car;;17;189.00
3563.00;972103805_0;116.86;11.35;3214.00;17.20;803785575#0_0;5.10;0.00;tripinfo_in_od_to_ko.54;349.00;in_od_to_ko.54;0;2307.67;1.04;0.00;138.49;car;;5;41.00
3563.00;23142338#2_0;290.21;10.01;3325.00;4.63;803785575#0_0;5.10;0.00;tripinfo_in_od_to_ns.15;238.00;in_od_to_ns.15;0;1928.29;0.95;0.00;42.86;car;;1;14.00
3565.00;28706217_0;94.10;8.51;2608.00;6.95;23687583_0;5.10;0.00;tripinfo_in_as_to_sl.22;957.00;in_as_to_sl.22;0;1976.75;1.06;0.00;784.70;car;;26;608.00
3565.00;972103805_0;116.86;12.17;3271.00;23.94;803785575#0_0;5.10;0.00;tripinfo_in_od_to_ko.55;294.00;in_od_to_ko.55;0;2307.67;1.11;0.00;95.72;car;;3;32.00
3567.00;23527526_0;253.75;8.70;3432.00;95.03;23687583_0;5.10;0.00;tripinfo_in_as_to_gj.39;135.00;in_as_to_gj.39;0;649.06;0.85;0.00;65.32;car;;2;30.00
3569.00;28706217_0;94.10;7.46;2760.00;1.10;-230845886_0;5.10;0.00;tripinfo_in_ba_to_sl.21;809.00;in_ba_to_sl.21;0;1934.94;1.02;0.00;632.85;car;;21;485.00
3569.00;972103805_0;116.86;9.26;3277.00;24.07;803785575#0_0;5.10;0.00;tripinfo_in_od_to_ko.56;292.00;in_od_to_ko.56;0;2307.67;0.94;0.00;59.28;car;;2;8.00
3569.00;23527526_0;253.75;9.99;3443.00;89.95;23687583_0;5.10;0.00;tripinfo_in_as_to_gj.40;126.00;in_as_to_gj.40;0;649.06;0.92;0.00;61.21;car;;2;29.00
3571.00;972103805_0;116.86;11.43;3373.00;70.34;23687583_0;5.10;0.00;tripinfo_in_as_to_ko.53;198.00;in_as_to_ko.53;0;1102.39;1.13;0.00;109.30;car;;4;59.00
3573.00;28716808#1_0;754.74;8.25;3172.00;17.86;803785575#0_0;5.10;0.00;tripinfo_in_od_to_kl.33;401.00;in_od_to_kl.33;0;2678.40;0.85;0.00;114.65;car;;8;50.00
3573.00;41899283#1_0;148.70;11.13;3433.00;0.07;-230845886_0;5.10;0.00;tripinfo_in_ba_to_as.47;140.00;in_ba_to_as.47;0;1430.78;1.10;0.00;22.45;car;;0;0.00
3575.00;23527526_0;253.75;9.09;3378.00;0.42;-230845886_0;5.10;0.00;tripinfo_in_ba_to_gj.42;197.00;in_ba_to_gj.42;0;1755.68;0.88;0.00;16.54;car;;0;0.00
3576.00;972103805_0;116.86;10.57;3048.00;0.41;-23142338#2_0;5.10;0.00;tripinfo_in_ns_to_ko.101;528.00;in_ns_to_ko.101;0;1398.55;1.01;0.00;402.38;car;;20;205.00
3577.00;23527526_0;253.75;11.74;3450.00;90.92;23687583_0;5.10;0.00;tripinfo_in_as_to_gj.41;127.00;in_as_to_gj.41;0;649.06;1.15;0.00;75.31;car;;2;28.00
3578.00;972103805_0;116.86;10.13;3335.00;1.69;-230845886_0;5.10;0.00;tripinfo_in_ba_to_ko.78;243.00;in_ba_to_ko.78;0;2114.29;1.02;0.00;53.44;car;;2;13.00
3579.00;28716808#1_0;754.74;10.69;3226.00;22.87;803785575#0_0;5.10;0.00;tripinfo_in_od_to_kl.34;353.00;in_od_to_kl.34;0;2678.40;1.02;0.00;115.45;car;;6;26.00
3580.00;972103805_0;116.86;10.42;3341.00;3.21;-230845886_0;5.10;0.00;tripinfo_in_ba_to_ko.79;239.00;in_ba_to_ko.79;0;2114.29;0.95;0.00;36.56;car;;1;3.00
3580.00;23142338#2_0;290.21;11.61;3345.00;6.84;803785575#0_0;5.10;0.00;tripinfo_in_od_to_ns.16;235.00;in_od_to_ns.16;0;1928.29;1.08;0.00;62.87;car;;2;27.00
3583.00;972103805_0;116.86;9.21;3344.00;4.66;-230845886_0;5.10;0.00;tripinfo_in_ba_to_ko.80;239.00;in_ba_to_ko.80;0;2114.29;0.90;0.00;26.66;car;;0;0.00
3583.00;23527526_0;253.75;10.23;3471.00;83.53;23687583_0;5.10;0.00;tripinfo_in_as_to_gj.42;112.00;in_as_to_gj.42;0;649.06;1.00;0.00;52.39;car;;1;27.00
3586.00;972103805_0;116.86;9.36;3280.00;23.32;803785575#0_0;5.10;0.00;tripinfo_in_od_to_ko.57;306.00;in_od_to_ko.57;0;2307.67;0.90;0.00;63.50;car;;2;27.00
3587.00;23156305_0;1264.14;9.13;3278.00;8.66;-230845886_0;5.10;0.00;tripinfo_in_ba_to_gg.14;309.00;in_ba_to_gg.14;0;2718.65;0.89;0.00;30.92;car;;0;0.00
3588.00;28716808#1_0;754.74;11.90;3232.00;25.78;803785575#0_0;5.10;0.00;tripinfo_in_od_to_kl.35;356.00;in_od_to_kl.35;0;2678.40;1.10;0.00;135.66;car;;6;23.00
3588.00;972103805_0;116.86;10.08;3289.00;13.33;803785575#0_0;5.10;0.00;tripinfo_in_od_to_ko.58;299.00;in_od_to_ko.58;0;2307.67;0.98;0.00;75.11;car;;2;25.00
3589.00;23156305_0;1264.14;10.08;3118.00;0.37;803785575#0_0;5.10;0.00;tripinfo_in_od_to_gg.45;471.00;in_od_to_gg.45;0;3669.96;0.99;0.00;135.69;car;;2;24.00
3590.00;23156305_0;1264.14;11.80;2431.00;5.90;-45494495_0;5.10;0.00;tripinfo_in_os_to_gg.4;1159.00;in_os_to_gg.4;0;3034.34;1.10;0.00;907.72;car;;4;777.00
3590.00;28706217_0;94.10;8.04;2751.00;3.76;23687583_0;5.10;0.00;tripinfo_in_as_to_sl.24;839.00;in_as_to_sl.24;0;1976.75;1.07;0.00;667.91;car;;21;509.00
3590.00;972103805_0;116.86;11.20;3068.00;3.68;-23142338#2_0;5.10;0.00;tripinfo_in_ns_to_ko.102;522.00;in_ns_to_ko.102;0;1398.55;1.08;0.00;404.84;car;;17;213.00
3590.00;45494495_0;58.90;10.55;3164.00;65.30;23687583_0;5.10;0.00;tripinfo_in_as_to_os.28;426.00;in_as_to_os.28;0;1689.77;1.01;0.00;274.18;car;;11;166.00
3592.00;972103805_0;116.86;11.24;3095.00;12.93;-23142338#2_0;5.10;0.00;tripinfo_in_ns_to_ko.103;497.00;in_ns_to_ko.103;0;1398.55;1.12;0.00;383.49;car;;18;197.00
3592.00;45494495_0;58.90;11.43;3167.00;66.84;23687583_0;5.10;0.00;tripinfo_in_as_to_os.29;425.00;in_as_to_os.29;0;1689.77;1.03;0.00;276.90;car;;8;156.00
3592.00;23156305_0;1264.14;12.55;3290.00;4.53;-230845886_0;5.10;0.00;tripinfo_in_ba_to_gg.15;302.00;in_ba_to_gg.15;0;2718.65;1.15;0.00;87.82;car;;1;4.00
3594.00;23156305_0;1264.14;10.08;3144.00;5.31;803785575#0_0;5.10;0.00;tripinfo_in_od_to_gg.47;450.00;in_od_to_gg.47;0;3669.96;1.02;0.00;124.55;car;;4;32.00
3595.00;45494495_0;58.90;10.21;3197.00;2.78;-230845886_0;5.10;0.00;tripinfo_in_ba_to_os.38;398.00;in_ba_to_os.38;0;1647.96;0.99;0.00;247.44;car;;9;160.00
3595.00;972103805_0;116.86;10.80;3301.00;16.25;803785575#0_0;5.10;0.00;tripinfo_in_od_to_ko.59;294.00;in_od_to_ko.59;0;2307.67;0.98;0.00;69.68;car;;2;32.00
3596.00;23156305_0;1264.14;12.25;3302.00;10.23;-230845886_0;5.10;0.00;tripinfo_in_ba_to_gg.16;294.00;in_ba_to_gg.16;0;2718.65;1.11;0.00;72.24;car;;3;4.00
3597.00;45494495_0;58.90;10.15;3432.00;0.25;803785575#0_0;5.10;0.00;tripinfo_in_od_to_os.80;165.00;in_od_to_os.80;0;969.96;0.99;0.00;76.19;car;;2;46.00
3598.00;41899283#1_0;148.70;12.01;3054.00;1.55;-23142338#2_0;5.10;0.00;tripinfo_in_ns_to_as.16;544.00;in_ns_to_as.16;0;2009.37;1.12;0.00;381.07;car;;17;185.00
3598.00;972103805_0;116.86;9.93;3304.00;15.78;803785575#0_0;5.10;0.00;tripinfo_in_od_to_ko.60;294.00;in_od_to_ko.60;0;2307.67;1.01;0.00;76.23;car;;2;27.00
3599.00;23156390_0;1121.44;8.24;3153.00;11.00;803785575#0_0;5.10;0.00;tripinfo_in_od_to_br.39;446.00;in_od_to_br.39;0;3149.31;0.81;0.00;92.58;car;;5;32.00
3599.00;45494495_0;58.90;10.34;3223.00;2.41;-230845886_0;5.10;0.00;tripinfo_in_ba_to_os.40;376.00;in_ba_to_os.40;0;1647.96;1.05;0.00;233.29;car;;7;131.00
3601.00;23156390_0;1121.44;11.41;3184.00;13.14;803785575#0_0;5.10;0.00;tripinfo_in_od_to_br.40;417.00;in_od_to_br.40;0;3149.31;1.08;0.00;152.12;car;;7;44.00
3601.00;972103805_0;116.86;9.42;3310.00;13.11;803785575#0_0;5.10;0.00;tripinfo_in_od_to_ko.61;291.00;in_od_to_ko.61;0;2307.67;0.95;0.00;59.13;car;;3;21.00
3601.00;23527526_0;253.75;8.98;3474.00;81.94;23687583_0;5.10;0.00;tripinfo_in_as_to_gj.43;127.00;in_as_to_gj.43;0;649.06;0.90;0.00;60.96;car;;2;34.00
3603.00;23156390_0;1121.44;11.08;3193.00;16.62;803785575#0_0;5.10;0.00;tripinfo_in_od_to_br.41;410.00;in_od_to_br.41;0;3149.31;1.10;0.00;149.51;car;;6;29.00
3603.00;972103805_0;116.86;11.42;3397.00;69.26;23687583_0;5.10;0.00;tripinfo_in_as_to_ko.54;206.00;in_as_to_ko.54;0;1102.39;1.07;0.00;113.07;car;;4;62.00
3607.00;972103805_0;116.86;10.87;3428.00;93.79;23687583_0;5.10;0.00;tripinfo_in_as_to_ko.55;179.00;in_as_to_ko.55;0;1102.39;1.06;0.00;84.22;car;;3;38.00
3608.00;23142338#2_0;290.21;8.86;3287.00;84.76;23687583_0;5.10;0.00;tripinfo_in_as_to_ns.31;321.00;in_as_to_ns.31;0;1995.73;0.81;0.00;95.73;car;;5;50.00
3609.00;23156305_0;1264.14;10.07;3135.00;0.73;803785575#0_0;5.10;0.00;tripinfo_in_od_to_gg.46;474.00;in_od_to_gg.46;0;3669.96;0.91;0.00;108.46;car;;3;28.00
3610.00;23142338#2_0;290.21;9.72;3293.00;80.59;23687583_0;5.10;0.00;tripinfo_in_as_to_ns.32;317.00;in_as_to_ns.32;0;1995.73;0.93;0.00;122.39;car;;5;46.00
3610.00;972103805_0;116.86;10.38;3356.00;3.01;-230845886_0;5.10;0.00;tripinfo_in_ba_to_ko.81;254.00;in_ba_to_ko.81;0;2114.29;1.01;0.00;64.57;car;;2;18.00
3611.00;23527526_0;253.75;10.17;3518.00;105.15;23687583_0;5.10;0.00;tripinfo_in_as_to_gj.44;93.00;in_as_to_gj.44;0;649.06;0.97;0.00;32.58;car;;2;6.00
3612.00;23142338#2_0;290.21;10.81;3299.00;81.16;23687583_0;5.10;0.00;tripinfo_in_as_to_ns.33;313.00;in_as_to_ns.33;0;1995.73;0.98;0.00;127.57;car;;6;56.00
3613.00;972103805_0;116.86;10.09;3362.00;1.51;-230845886_0;5.10;0.00;tripinfo_in_ba_to_ko.82;251.00;in_ba_to_ko.82;0;2114.29;1.01;0.00;59.37;car;;1;16.00
3613.00;23527526_0;253.75;11.38;3521.00;103.16;23687583_0;5.10;0.00;tripinfo_in_as_to_gj.45;92.00;in_as_to_gj.45;0;649.06;1.05;0.00;35.48;car;;2;6.00
3615.00;972103805_0;116.86;10.77;3383.00;0.88;-230845886_0;5.10;0.00;tripinfo_in_ba_to_ko.83;232.00;in_ba_to_ko.83;0;2114.29;1.06;0.00;50.68;car;;1;6.00
3616.00;28716808#1_0;754.74;10.90;3440.00;87.22;23687583_0;5.10;0.00;tripinfo_in_as_to_kl.10;176.00;in_as_to_kl.10;0;1207.92;1.01;0.00;67.68;car;;2;29.00
3618.00;23527526_0;253.75;10.13;3020.00;7.03;-23142338#2_0;5.10;0.00;tripinfo_in_ns_to_gj.8;598.00;in_ns_to_gj.8;0;2084.96;1.01;0.00;411.46;car;;18;199.00
3618.00;41899283#1_0;148.70;10.39;3274.00;25.14;803785575#0_0;5.10;0.00;tripinfo_in_od_to_as.43;344.00;in_od_to_as.43;0;2382.09;1.00;0.00;129.36;car;;6;15.00
3618.00;230845886_0;633.12;9.36;3283.00;15.61;803785575#0_0;5.10;0.00;tripinfo_in_od_to_ba.53;335.00;in_od_to_ba.53;0;2382.14;0.89;0.00;93.82;car;;2;8.00
3619.00;972103805_0;116.86;8.85;3133.00;11.59;-23142338#2_0;5.10;0.00;tripinfo_in_ns_to_ko.104;486.00;in_ns_to_ko.104;0;1398.55;0.90;0.00;344.75;car;;16;183.00
3620.00;41899283#1_0;148.70;10.51;3298.00;20.77;803785575#0_0;5.10;0.00;tripinfo_in_od_to_as.44;322.00;in_od_to_as.44;0;2382.09;1.04;0.00;114.51;car;;2;9.00
3620.00;230845886_0;633.12;12.09;3392.00;68.08;23687583_0;5.10;0.00;tripinfo_in_as_to_ba.29;228.00;in_as_to_ba.29;0;1356.50;1.17;0.00;123.35;car;;4;55.00
3620.00;23527526_0;253.75;10.55;3530.00;90.42;23687583_0;5.10;0.00;tripinfo_in_as_to_gj.46;90.00;in_as_to_gj.46;0;649.06;1.06;0.00;34.36;car;;1;1.00
3622.00;972103805_0;116.86;8.64;3139.00;16.81;-23142338#2_0;5.10;0.00;tripinfo_in_ns_to_ko.105;483.00;in_ns_to_ko.105;0;1398.55;0.86;0.00;336.73;car;;15;183.00
3625.00;41899283#1_0;148.70;8.83;3265.00;34.36;803785575#0_0;5.10;0.00;tripinfo_in_od_to_as.42;360.00;in_od_to_as.42;0;2382.09;0.91;0.00;122.79;car;;7;27.00
3627.00;972103805_0;116.86;9.60;3351.00;6.21;803785575#0_0;5.10;0.00;tripinfo_in_od_to_ko.62;276.00;in_od_to_ko.62;0;2307.67;0.94;0.00;43.72;car;;1;15.00
3632.00;23142338#2_0;290.21;9.01;3302.00;77.88;23687583_0;5.10;0.00;tripinfo_in_as_to_ns.34;330.00;in_as_to_ns.34;0;1995.73;0.88;0.00;123.44;car;;5;57.00
3634.00;23142338#2_0;290.21;10.29;3316.00;79.81;23687583_0;5.10;0.00;tripinfo_in_as_to_ns.35;318.00;in_as_to_ns.35;0;1995.73;0.98;0.00;132.01;car;;8;61.00
3634.00;972103805_0;116.86;10.45;3464.00;95.05;23687583_0;5.10;0.00;tripinfo_in_as_to_ko.56;170.00;in_as_to_ko.56;0;1102.39;0.98;0.00;68.89;car;;2;37.00
3637.00;28716808#1_0;754.74;10.15;3460.00;100.49;23687583_0;5.10;0.00;tripinfo_in_as_to_kl.11;177.00;in_as_to_kl.11;0;1207.92;0.99;0.00;66.59;car;;3;32.00
3638.00;972103805_0;116.86;11.75;3511.00;110.57;23687583_0;5.10;0.00;tripinfo_in_as_to_ko.57;127.00;in_as_to_ko.57;0;1102.39;1.06;0.00;33.49;car;;2;7.00
3645.00;23527526_0;253.75;8.70;3549.00;73.95;23687583_0;5.10;0.00;tripinfo_in_as_to_gj.47;96.00;in_as_to_gj.47;0;649.06;0.89;0.00;29.14;car;;1;1.00
3646.00;972103805_0;116.86;8.64;3357.00;9.31;803785575#0_0;5.10;0.00;tripinfo_in_od_to_ko.63;289.00;in_od_to_ko.63;0;2307.67;0.84;0.00;28.19;car;;0;0.00
3648.00;972103805_0;116.86;10.52;3162.00;20.84;-23142338#2_0;5.10;0.00;tripinfo_in_ns_to_ko.106;486.00;in_ns_to_ko.106;0;1398.55;0.98;0.00;356.22;car;;14;183.00
3650.00;28706217_0;94.10;7.06;2465.00;2.65;-45494495_0;5.10;0.00;tripinfo_in_os_to_sl.3;1185.00;in_os_to_sl.3;0;484.95;0.89;0.00;1130.08;car;;25;984.00
3650.00;23156305_0;1264.14;9.30;2982.00;3.33;-23142338#2_0;5.10;0.00;tripinfo_in_ns_to_gg.11;668.00;in_ns_to_gg.11;0;3297.24;0.94;0.00;346.89;car;;17;171.00
3650.00;23527526_0;253.75;9.75;3247.00;30.82;803785575#0_0;5.10;0.00;tripinfo_in_od_to_gj.13;403.00;in_od_to_gj.13;0;2706.99;0.93;0.00;138.67;car;;5;19.00
3650.00;23142338#2_0;290.21;9.73;3429.00;1.63;803785575#0_0;5.10;0.00;tripinfo_in_od_to_ns.17;221.00;in_od_to_ns.17;0;1928.29;0.92;0.00;19.24;car;;0;0.00
3651.00;972103805_0;116.86;9.75;3170.00;17.99;-23142338#2_0;5.10;0.00;tripinfo_in_ns_to_ko.107;481.00;in_ns_to_ko.107;0;1398.55;0.90;0.00;341.16;car;;16;175.00
3651.00;23156305_0;1264.14;10.88;3181.00;13.28;803785575#0_0;5.10;0.00;tripinfo_in_od_to_gg.48;470.00;in_od_to_gg.48;0;3669.96;1.02;0.00;143.89;car;;4;24.00
3652.00;28706217_0;94.10;9.46;3051.00;1.15;-23142338#2_0;5.10;0.00;tripinfo_in_ns_to_sl.5;601.00;in_ns_to_sl.5;0;1619.36;1.15;0.00;459.11;car;;19;257.00
3655.00;972103805_0;116.86;9.23;3381.00;18.78;803785575#0_0;5.10;0.00;tripinfo_in_od_to_ko.64;274.00;in_od_to_ko.64;0;2307.67;0.95;0.00;42.23;car;;1;10.00
3656.00;28706217_0;94.10;7.91;2798.00;4.93;23687583_0;5.10;0.00;tripinfo_in_as_to_sl.26;858.00;in_as_to_sl.26;0;1976.75;0.99;0.00;671.94;car;;23;502.00
3657.00;41899283#1_0;148.70;9.87;3336.00;2.11;803785575#0_0;5.10;0.00;tripinfo_in_od_to_as.45;321.00;in_od_to_as.45;0;2382.09;0.96;0.00;96.19;car;;1;3.00
3661.00;41899283#1_0;148.70;8.61;3339.00;2.84;803785575#0_0;5.10;0.00;tripinfo_in_od_to_as.46;322.00;in_od_to_as.46;0;2382.09;0.87;0.00;74.83;car;;1;3.00
3662.00;28716808#1_0;754.74;9.31;3292.00;16.14;803785575#0_0;5.10;0.00;tripinfo_in_od_to_kl.36;370.00;in_od_to_kl.36;0;2678.40;0.84;0.00;82.11;car;;2;8.00
3664.00;23142338#2_0;290.21;8.16;3339.00;73.49;23687583_0;5.10;0.00;tripinfo_in_as_to_ns.36;325.00;in_as_to_ns.36;0;1995.73;0.85;0.00;111.61;car;;5;57.00
3664.00;972103805_0;116.86;10.75;3524.00;91.04;23687583_0;5.10;0.00;tripinfo_in_as_to_ko.58;140.00;in_as_to_ko.58;0;1102.39;1.05;0.00;45.38;car;;2;6.00
3664.00;23527526_0;253.75;9.12;3475.00;0.08;-230845886_0;5.10;0.00;tripinfo_in_ba_to_gj.43;189.00;in_ba_to_gj.43;0;1755.68;0.92;0.00;15.49;car;;0;0.00
3666.00;23156390_0;1121.44;9.77;3241.00;28.02;803785575#0_0;5.10;0.00;tripinfo_in_od_to_br.42;425.00;in_od_to_br.42;0;3149.31;0.98;0.00;133.97;car;;3;11.00
3666.00;23527526_0;253.75;11.48;3564.00;83.31;23687583_0;5.10;0.00;tripinfo_in_as_to_gj.48;102.00;in_as_to_gj.48;0;649.06;1.07;0.00;46.16;car;;1;13.00
3667.00;972103805_0;116.86;11.91;3442.00;0.96;-230845886_0;5.10;0.00;tripinfo_in_ba_to_ko.84;225.00;in_ba_to_ko.84;0;2114.29;1.16;0.00;58.29;car;;2;18.00
3667.00;41899283#1_0;148.70;12.88;3495.00;3.54;-230845886_0;5.10;0.00;tripinfo_in_ba_to_as.48;172.00;in_ba_to_as.48;0;1430.78;1.27;0.00;68.77;car;;1;2.00
3668.00;23156390_0;1121.44;11.57;3253.00;29.25;803785575#0_0;5.10;0.00;tripinfo_in_od_to_br.43;415.00;in_od_to_br.43;0;3149.31;1.13;0.00;162.78;car;;4;12.00
3673.00;972103805_0;116.86;10.80;3188.00;28.99;-23142338#2_0;5.10;0.00;tripinfo_in_ns_to_ko.108;485.00;in_ns_to_ko.108;0;1398.55;1.01;0.00;360.26;car;;15;196.00
3673.00;41899283#1_0;148.70;10.41;3354.00;9.18;803785575#0_0;5.10;0.00;tripinfo_in_od_to_as.47;319.00;in_od_to_as.47;0;2382.09;0.96;0.00;94.41;car;;3;17.00
3675.00;972103805_0;116.86;12.45;3192.00;25.61;-23142338#2_0;5.10;0.00;tripinfo_in_ns_to_ko.109;483.00;in_ns_to_ko.109;0;1398.55;1.16;0.00;373.66;car;;15;193.00
3675.00;41899283#1_0;148.70;10.40;3510.00;4.31;-230845886_0;5.10;0.00;tripinfo_in_ba_to_as.49;165.00;in_ba_to_as.49;0;1430.78;1.02;0.00;38.19;car;;0;0.00
3676.00;45494495_0;58.90;10.95;3360.00;10.42;803785575#0_0;5.10;0.00;tripinfo_in_od_to_os.76;316.00;in_od_to_os.76;0;969.96;1.08;0.00;234.31;car;;7;175.00
3677.00;28716808#1_0;754.74;10.63;3316.00;10.18;803785575#0_0;5.10;0.00;tripinfo_in_od_to_kl.37;361.00;in_od_to_kl.37;0;2678.40;1.00;0.00;117.65;car;;5;18.00
3677.00;41899283#1_0;148.70;10.52;3513.00;4.50;-230845886_0;5.10;0.00;tripinfo_in_ba_to_as.50;164.00;in_ba_to_as.50;0;1430.78;0.96;0.00;29.02;car;;0;0.00
3678.00;45494495_0;58.90;13.27;3387.00;15.99;803785575#0_0;5.10;0.00;tripinfo_in_od_to_os.78;291.00;in_od_to_os.78;0;969.96;1.20;0.00;217.11;car;;7;155.00
3679.00;23527526_0;253.75;10.95;3079.00;12.96;-23142338#2_0;5.10;0.00;tripinfo_in_ns_to_gj.9;600.00;in_ns_to_gj.9;0;2084.96;0.99;0.00;410.03;car;;18;214.00
3680.00;972103805_0;116.86;10.85;3195.00;15.99;-23142338#2_0;5.10;0.00;tripinfo_in_ns_to_ko.110;485.00;in_ns_to_ko.110;0;1398.55;1.03;0.00;361.58;car;;17;183.00
3681.00;230845886_0;633.12;9.60;3366.00;9.06;803785575#0_0;5.10;0.00;tripinfo_in_od_to_ba.54;315.00;in_od_to_ba.54;0;2382.14;0.97;0.00;93.02;car;;3;26.00
3681.00;23527526_0;253.75;10.35;3492.00;0.58;-230845886_0;5.10;0.00;tripinfo_in_ba_to_gj.44;189.00;in_ba_to_gj.44;0;1755.68;1.02;0.00;32.61;car;;0;0.00
3682.00;45494495_0;58.90;9.16;3462.00;10.54;803785575#0_0;5.10;0.00;tripinfo_in_od_to_os.81;220.00;in_od_to_os.81;0;969.96;0.92;0.00;124.77;car;;1;106.00
3683.00;972103805_0;116.86;10.95;3199.00;19.83;-23142338#2_0;5.10;0.00;tripinfo_in_ns_to_ko.111;484.00;in_ns_to_ko.111;0;1398.55;1.01;0.00;358.38;car;;15;178.00
3683.00;230845886_0;633.12;12.17;3372.00;13.76;803785575#0_0;5.10;0.00;tripinfo_in_od_to_ba.55;311.00;in_od_to_ba.55;0;2382.14;1.12;0.00;118.01;car;;2;22.00
3684.00;45494495_0;58.90;13.38;3501.00;1.11;803785575#0_0;5.10;0.00;tripinfo_in_od_to_os.83;183.00;in_od_to_os.83;0;969.96;1.22;0.00;111.06;car;;1;84.00
3685.00;230845886_0;633.12;11.40;3515.00;114.14;23687583_0;5.10;0.00;tripinfo_in_as_to_ba.30;170.00;in_as_to_ba.30;0;1356.50;1.03;0.00;50.55;car;;3;16.00
3685.00;972103805_0;116.86;9.55;3409.00;1.62;803785575#0_0;5.10;0.00;tripinfo_in_od_to_ko.65;276.00;in_od_to_ko.65;0;2307.67;0.96;0.00;48.77;car;;1;20.00
3686.00;45494495_0;58.90;10.46;3559.00;3.94;803785575#0_0;5.10;0.00;tripinfo_in_od_to_os.86;127.00;in_od_to_os.86;0;969.96;0.97;0.00;36.58;car;;1;23.00
3687.00;972103805_0;116.86;13.48;3202.00;14.67;-23142338#2_0;5.10;0.00;tripinfo_in_ns_to_ko.112;485.00;in_ns_to_ko.112;0;1398.55;1.22;0.00;381.28;car;;15;185.00
3689.00;45494495_0;58.90;10.60;3275.00;6.48;-230845886_0;5.10;0.00;tripinfo_in_ba_to_os.41;414.00;in_ba_to_os.41;0;1647.96;1.06;0.00;273.78;car;;5;199.00
3692.00;23156305_0;1264.14;8.32;3365.00;0.82;-230845886_0;5.10;0.00;tripinfo_in_ba_to_gg.17;327.00;in_ba_to_gg.17;0;2718.65;0.83;0.00;27.71;car;;0;0.00
3692.00;972103805_0;116.86;10.41;3454.00;7.31;-230845886_0;5.10;0.00;tripinfo_in_ba_to_ko.85;238.00;in_ba_to_ko.85;0;2114.29;1.04;0.00;53.41;car;;2;23.00
3693.00;23156305_0;1264.14;11.38;3208.00;13.48;803785575#0_0;5.10;0.00;tripinfo_in_od_to_gg.50;485.00;in_od_to_gg.50;0;3669.96;1.07;0.00;173.56;car;;6;30.00
3695.00;23156305_0;1264.14;10.06;3199.00;9.17;803785575#0_0;5.10;0.00;tripinfo_in_od_to_gg.49;496.00;in_od_to_gg.49;0;3669.96;0.93;0.00;139.80;car;;7;31.00
3697.00;28706217_0;94.10;7.94;2792.00;6.08;23687583_0;5.10;0.00;tripinfo_in_as_to_sl.25;905.00;in_as_to_sl.25;0;1976.75;1.00;0.00;721.11;car;;26;532.00
3698.00;28716808#1_0;754.74;10.96;3552.00;75.03;23687583_0;5.10;0.00;tripinfo_in_as_to_kl.12;146.00;in_as_to_kl.12;0;1207.92;1.06;0.00;42.29;car;;2;2.00
3700.00;972103805_0;116.86;8.07;3537.00;78.19;23687583_0;5.10;0.00;tripinfo_in_as_to_ko.59;163.00;in_as_to_ko.59;0;1102.39;0.79;0.00;37.56;car;;1;4.00
3702.00;972103805_0;116.86;10.76;3546.00;76.39;23687583_0;5.10;0.00;tripinfo_in_as_to_ko.60;156.00;in_as_to_ko.60;0;1102.39;1.09;0.00;64.88;car;;2;7.00
3703.00;41899283#1_0;148.70;9.77;3378.00;17.78;803785575#0_0;5.10;0.00;tripinfo_in_od_to_as.49;325.00;in_od_to_as.49;0;2382.09;0.96;0.00;98.82;car;;5;28.00
3704.00;23142338#2_0;290.21;10.24;3445.00;3.03;-230845886_0;5.10;0.00;tripinfo_in_ba_to_ns.19;259.00;in_ba_to_ns.19;0;2346.36;1.02;0.00;50.01;car;;2;18.00
3704.00;972103805_0;116.86;9.64;3471.00;0.83;-230845886_0;5.10;0.00;tripinfo_in_ba_to_ko.86;233.00;in_ba_to_ko.86;0;2114.29;0.93;0.00;25.86;car;;1;2.00
3706.00;972103805_0;116.86;10.89;3205.00;13.87;-23142338#2_0;5.10;0.00;tripinfo_in_ns_to_ko.113;501.00;in_ns_to_ko.113;0;1398.55;1.04;0.00;378.94;car;;18;189.00
3706.00;41899283#1_0;148.70;9.91;3384.00;19.78;803785575#0_0;5.10;0.00;tripinfo_in_od_to_as.50;322.00;in_od_to_as.50;0;2382.09;0.97;0.00;98.53;car;;3;19.00
3708.00;972103805_0;116.86;12.97;3208.00;12.90;-23142338#2_0;5.10;0.00;tripinfo_in_ns_to_ko.114;500.00;in_ns_to_ko.114;0;1398.55;1.18;0.00;392.71;car;;18;195.00
3711.00;41899283#1_0;148.70;9.42;3375.00;15.85;803785575#0_0;5.10;0.00;tripinfo_in_od_to_as.48;336.00;in_od_to_as.48;0;2382.09;0.85;0.00;82.96;car;;3;21.00
3711.00;23142338#2_0;290.21;10.19;3463.00;0.90;-230845886_0;5.10;0.00;tripinfo_in_ba_to_ns.20;248.00;in_ba_to_ns.20;0;2346.36;0.97;0.00;29.52;car;;1;5.00
3716.00;972103805_0;116.86;9.06;3436.00;0.67;803785575#0_0;5.10;0.00;tripinfo_in_od_to_ko.66;280.00;in_od_to_ko.66;0;2307.67;0.93;0.00;44.10;car;;1;20.00
3718.00;972103805_0;116.86;11.37;3439.00;3.04;803785575#0_0;5.10;0.00;tripinfo_in_od_to_ko.67;279.00;in_od_to_ko.67;0;2307.67;1.11;0.00;80.75;car;;1;17.00
3719.00;41899283#1_0;148.70;10.33;3406.00;0.56;803785575#0_0;5.10;0.00;tripinfo_in_od_to_as.51;313.00;in_od_to_as.51;0;2382.09;0.94;0.00;83.81;car;;2;15.00
3720.00;972103805_0;116.86;10.27;3453.00;14.23;803785575#0_0;5.10;0.00;tripinfo_in_od_to_ko.68;267.00;in_od_to_ko.68;0;2307.67;0.95;0.00;35.36;car;;1;5.00
3721.00;41899283#1_0;148.70;11.20;3414.00;0.78;803785575#0_0;5.10;0.00;tripinfo_in_od_to_as.52;307.00;in_od_to_as.52;0;2382.09;1.03;0.00;97.75;car;;2;13.00
3722.00;230845886_0;633.12;8.08;3533.00;77.10;23687583_0;5.10;0.00;tripinfo_in_as_to_ba.31;189.00;in_as_to_ba.31;0;1356.50;0.78;0.00;32.40;car;;1;1.00
3723.00;972103805_0;116.86;11.26;3570.00;75.84;23687583_0;5.10;0.00;tripinfo_in_as_to_ko.61;153.00;in_as_to_ko.61;0;1102.39;1.10;0.00;62.20;car;;2;26.00
3724.00;28716808#1_0;754.74;9.82;3103.00;6.61;-23142338#2_0;5.10;0.00;tripinfo_in_ns_to_kl.7;621.00;in_ns_to_kl.7;0;2315.58;0.93;0.00;395.72;car;;17;213.00
3724.00;230845886_0;633.12;9.62;3417.00;0.26;803785575#0_0;5.10;0.00;tripinfo_in_od_to_ba.56;307.00;in_od_to_ba.56;0;2382.14;0.97;0.00;84.66;car;;2;13.00
3725.00;23527526_0;253.75;9.85;3165.00;16.66;-23142338#2_0;5.10;0.00;tripinfo_in_ns_to_gj.10;560.00;in_ns_to_gj.10;0;2084.96;0.90;0.00;349.31;car;;14;180.00
3726.00;972103805_0;116.86;11.56;3498.00;1.17;-230845886_0;5.10;0.00;tripinfo_in_ba_to_ko.87;228.00;in_ba_to_ko.87;0;2114.29;1.04;0.00;43.02;car;;1;1.00
3727.00;230845886_0;633.12;9.52;3426.00;2.99;803785575#0_0;5.10;0.00;tripinfo_in_od_to_ba.57;301.00;in_od_to_ba.57;0;2382.14;0.96;0.00;76.86;car;;3;19.00
3728.00;230845886_0;633.12;11.43;3447.00;8.73;803785575#0_0;5.10;0.00;tripinfo_in_od_to_ba.58;281.00;in_od_to_ba.58;0;2382.14;1.03;0.00;72.57;car;;3;16.00
3729.00;23156390_0;1121.44;9.88;3333.00;0.36;803785575#0_0;5.10;0.00;tripinfo_in_od_to_br.44;396.00;in_od_to_br.44;0;3149.31;0.97;0.00;101.08;car;;2;10.00
3730.00;23156305_0;1264.14;8.60;3391.00;0.09;-230845886_0;5.10;0.00;tripinfo_in_ba_to_gg.18;339.00;in_ba_to_gg.18;0;2718.65;0.80;0.00;29.10;car;;0;0.00
3731.00;41899283#1_0;148.70;9.95;3420.00;0.65;803785575#0_0;5.10;0.00;tripinfo_in_od_to_as.53;311.00;in_od_to_as.53;0;2382.09;0.99;0.00;92.38;car;;4;25.00
3732.00;972103805_0;116.86;11.66;3218.00;19.79;-23142338#2_0;5.10;0.00;tripinfo_in_ns_to_ko.115;514.00;in_ns_to_ko.115;0;1398.55;1.08;0.00;397.07;car;;18;205.00
3732.00;23156305_0;1264.14;10.86;3417.00;0.77;-230845886_0;5.10;0.00;tripinfo_in_ba_to_gg.19;315.00;in_ba_to_gg.19;0;2718.65;0.99;0.00;66.59;car;;0;0.00
3732.00;23527526_0;253.75;8.22;3507.00;2.26;-230845886_0;5.10;0.00;tripinfo_in_ba_to_gj.45;225.00;in_ba_to_gj.45;0;1755.68;0.80;0.00;24.11;car;;1;2.00
3734.00;28706217_0;94.10;7.23;2801.00;7.53;23687583_0;5.10;0.00;tripinfo_in_as_to_sl.27;933.00;in_as_to_sl.27;0;1976.75;0.89;0.00;726.99;car;;21;534.00
3734.00;28716808#1_0;754.74;8.75;3158.00;22.45;-23142338#2_0;5.10;0.00;tripinfo_in_ns_to_kl.8;576.00;in_ns_to_kl.8;0;2315.58;0.87;0.00;334.63;car;;13;168.00
3734.00;23156305_0;1264.14;11.49;3229.00;23.25;803785575#0_0;5.10;0.00;tripinfo_in_od_to_gg.51;505.00;in_od_to_gg.51;0;3669.96;1.05;0.00;186.83;car;;5;26.00
3734.00;23527526_0;253.75;10.54;3592.00;74.51;23687583_0;5.10;0.00;tripinfo_in_as_to_gj.49;142.00;in_as_to_gj.49;0;649.06;0.98;0.00;80.69;car;;4;33.00
3735.00;28716808#1_0;754.74;10.43;3400.00;12.85;803785575#0_0;5.10;0.00;tripinfo_in_od_to_kl.38;335.00;in_od_to_kl.38;0;2678.40;1.05;0.00;104.02;car;;2;16.00
3736.00;972103805_0;116.86;11.64;3223.00;22.96;-23142338#2_0;5.10;0.00;tripinfo_in_ns_to_ko.116;513.00;in_ns_to_ko.116;0;1398.55;1.06;0.00;393.87;car;;18;201.00
3736.00;23156305_0;1264.14;10.12;3238.00;25.24;803785575#0_0;5.10;0.00;tripinfo_in_od_to_gg.53;498.00;in_od_to_gg.53;0;3669.96;1.03;0.00;173.75;car;;8;27.00
3736.00;41899283#1_0;148.70;10.03;3583.00;0.70;-230845886_0;5.10;0.00;tripinfo_in_ba_to_as.51;153.00;in_ba_to_as.51;0;1430.78;0.99;0.00;22.99;car;;1;1.00
3737.00;28716808#1_0;754.74;12.73;3422.00;1.51;803785575#0_0;5.10;0.00;tripinfo_in_od_to_kl.39;315.00;in_od_to_kl.39;0;2678.40;1.16;0.00;107.24;car;;2;12.00
3738.00;23156305_0;1264.14;9.66;3235.00;26.92;803785575#0_0;5.10;0.00;tripinfo_in_od_to_gg.52;503.00;in_od_to_gg.52;0;3669.96;0.93;0.00;145.34;car;;5;18.00
3739.00;972103805_0;116.86;9.82;3228.00;20.79;-23142338#2_0;5.10;0.00;tripinfo_in_ns_to_ko.117;511.00;in_ns_to_ko.117;0;1398.55;0.97;0.00;380.89;car;;19;190.00
3740.00;23156305_0;1264.14;11.84;3244.00;29.36;803785575#0_0;5.10;0.00;tripinfo_in_od_to_gg.54;496.00;in_od_to_gg.54;0;3669.96;1.08;0.00;185.58;car;;4;16.00
3740.00;23527526_0;253.75;8.97;3538.00;0.38;-230845886_0;5.10;0.00;tripinfo_in_ba_to_gj.46;202.00;in_ba_to_gj.46;0;1755.68;0.90;0.00;25.65;car;;1;5.00
3742.00;23156305_0;1264.14;10.07;3437.00;1.14;-230845886_0;5.10;0.00;tripinfo_in_ba_to_gg.20;305.00;in_ba_to_gg.20;0;2718.65;0.95;0.00;43.74;car;;0;0.00
3744.00;23156305_0;1264.14;11.65;3451.00;6.26;-230845886_0;5.10;0.00;tripinfo_in_ba_to_gg.21;293.00;in_ba_to_gg.21;0;2718.65;1.11;0.00;69.81;car;;0;0.00
3745.00;23156305_0;1264.14;11.07;3250.00;32.60;803785575#0_0;5.10;0.00;tripinfo_in_od_to_gg.55;495.00;in_od_to_gg.55;0;3669.96;1.04;0.00;174.78;car;;3;11.00
3748.00;28706217_0;94.10;6.67;2916.00;42.30;23687583_0;5.10;0.00;tripinfo_in_as_to_sl.29;832.00;in_as_to_sl.29;0;1976.75;0.93;0.00;634.81;car;;23;460.00
3748.00;972103805_0;116.86;10.12;3459.00;12.63;803785575#0_0;5.10;0.00;tripinfo_in_od_to_ko.69;289.00;in_od_to_ko.69;0;2307.67;0.91;0.00;48.78;car;;1;21.00
3748.00;41899283#1_0;148.70;10.65;3592.00;1.46;-230845886_0;5.10;0.00;tripinfo_in_ba_to_as.52;156.00;in_ba_to_as.52;0;1430.78;1.02;0.00;28.73;car;;0;0.00
3750.00;23142338#2_0;290.21;8.91;3468.00;92.23;23687583_0;5.10;0.00;tripinfo_in_as_to_ns.37;282.00;in_as_to_ns.37;0;1995.73;0.92;0.00;84.54;car;;2;44.00
3751.00;28706217_0;94.10;6.64;2932.00;38.32;23687583_0;5.10;0.00;tripinfo_in_as_to_sl.30;819.00;in_as_to_sl.30;0;1976.75;0.91;0.00;616.30;car;;25;412.00
3751.00;23156390_0;1121.44;10.82;3369.00;11.08;803785575#0_0;5.10;0.00;tripinfo_in_od_to_br.45;382.00;in_od_to_br.45;0;3149.31;1.05;0.00;110.14;car;;3;25.00
3753.00;28706217_0;94.10;9.40;2956.00;31.03;23687583_0;5.10;0.00;tripinfo_in_as_to_sl.31;797.00;in_as_to_sl.31;0;1976.75;1.21;0.00;644.72;car;;23;413.00
3753.00;230845886_0;633.12;10.72;3107.00;3.33;-23142338#2_0;5.10;0.00;tripinfo_in_ns_to_ba.4;646.00;in_ns_to_ba.4;0;2340.42;1.06;0.00;447.54;car;;21;230.00
3753.00;972103805_0;116.86;11.59;3579.00;72.37;23687583_0;5.10;0.00;tripinfo_in_as_to_ko.62;174.00;in_as_to_ko.62;0;1102.39;1.06;0.00;80.41;car;;3;41.00
3758.00;23156305_0;1264.14;9.76;3262.00;32.26;803785575#0_0;5.10;0.00;tripinfo_in_od_to_gg.56;496.00;in_od_to_gg.56;0;3669.96;0.90;0.00;127.67;car;;4;28.00
3758.00;972103805_0;116.86;9.39;3504.00;1.03;-230845886_0;5.10;0.00;tripinfo_in_ba_to_ko.88;254.00;in_ba_to_ko.88;0;2114.29;0.95;0.00;50.90;car;;3;11.00
3759.00;23156305_0;1264.14;10.70;3307.00;12.04;803785575#0_0;5.10;0.00;tripinfo_in_od_to_gg.57;452.00;in_od_to_gg.57;0;3669.96;1.01;0.00;122.14;car;;3;11.00
3760.00;972103805_0;116.86;12.32;3529.00;0.91;-230845886_0;5.10;0.00;tripinfo_in_ba_to_ko.89;231.00;in_ba_to_ko.89;0;2114.29;1.14;0.00;61.42;car;;1;6.00
3761.00;23156305_0;1264.14;11.58;3100.00;12.89;-23142338#2_0;5.10;0.00;tripinfo_in_ns_to_gg.12;661.00;in_ns_to_gg.12;0;3297.24;1.10;0.00;388.06;car;;15;190.00
3761.00;972103805_0;116.86;13.10;3534.00;0.37;-230845886_0;5.10;0.00;tripinfo_in_ba_to_ko.90;227.00;in_ba_to_ko.90;0;2114.29;1.19;0.00;65.34;car;;1;6.00
3763.00;23156305_0;1264.14;12.39;3319.00;11.97;803785575#0_0;5.10;0.00;tripinfo_in_od_to_gg.58;444.00;in_od_to_gg.58;0;3669.96;1.18;0.00;160.49;car;;3;18.00
3766.00;972103805_0;116.86;8.66;3471.00;2.70;803785575#0_0;5.10;0.00;tripinfo_in_od_to_ko.70;295.00;in_od_to_ko.70;0;2307.67;0.88;0.00;46.47;car;;2;15.00
3768.00;972103805_0;116.86;9.55;3250.00;31.73;-23142338#2_0;5.10;0.00;tripinfo_in_ns_to_ko.118;518.00;in_ns_to_ko.118;0;1398.55;0.87;0.00;372.99;car;;17;195.00
3769.00;23527526_0;253.75;8.95;3560.00;3.52;-230845886_0;5.10;0.00;tripinfo_in_ba_to_gj.47;209.00;in_ba_to_gj.47;0;1755.68;0.92;0.00;35.34;car;;1;7.00
3770.00;972103805_0;116.86;11.46;3255.00;27.53;-23142338#2_0;5.10;0.00;tripinfo_in_ns_to_ko.119;515.00;in_ns_to_ko.119;0;1398.55;1.13;0.00;403.30;car;;17;194.00
3771.00;23527526_0;253.75;9.49;3564.00;0.62;-230845886_0;5.10;0.00;tripinfo_in_ba_to_gj.48;207.00;in_ba_to_gj.48;0;1755.68;0.96;0.00;40.97;car;;1;7.00
3772.00;972103805_0;116.86;10.11;3258.00;23.95;-23142338#2_0;5.10;0.00;tripinfo_in_ns_to_ko.120;514.00;in_ns_to_ko.120;0;1398.55;0.97;0.00;384.24;car;;17;191.00
3775.00;45494495_0;58.90;12.00;3474.00;4.08;803785575#0_0;5.10;0.00;tripinfo_in_od_to_os.82;301.00;in_od_to_os.82;0;969.96;1.14;0.00;223.81;car;;7;164.00
3775.00;23527526_0;253.75;10.42;3589.00;4.83;-230845886_0;5.10;0.00;tripinfo_in_ba_to_gj.49;186.00;in_ba_to_gj.49;0;1755.68;0.97;0.00;22.65;car;;0;0.00
3777.00;45494495_0;58.90;11.35;3539.00;7.55;803785575#0_0;5.10;0.00;tripinfo_in_od_to_os.84;238.00;in_od_to_os.84;0;969.96;1.13;0.00;159.92;car;;5;113.00
3777.00;23527526_0;253.75;11.63;3595.00;2.09;-230845886_0;5.10;0.00;tripinfo_in_ba_to_gj.50;182.00;in_ba_to_gj.50;0;1755.68;1.07;0.00;33.53;car;;0;0.00
3778.00;28706217_0;94.10;7.87;3045.00;5.29;-230845886_0;5.10;0.00;tripinfo_in_ba_to_sl.23;733.00;in_ba_to_sl.23;0;1934.94;0.99;0.00;550.74;car;;19;388.00
3778.00;23142338#2_0;290.21;9.41;3489.00;0.64;-230845886_0;5.10;0.00;tripinfo_in_ba_to_ns.21;289.00;in_ba_to_ns.21;0;2346.36;0.85;0.00;39.28;car;;1;10.00
3779.00;23527526_0;253.75;11.75;3598.00;5.07;-230845886_0;5.10;0.00;tripinfo_in_ba_to_gj.51;181.00;in_ba_to_gj.51;0;1755.68;1.08;0.00;34.16;car;;0;0.00
3780.00;972103805_0;116.86;8.87;3489.00;11.19;803785575#0_0;5.10;0.00;tripinfo_in_od_to_ko.71;291.00;in_od_to_ko.71;0;2307.67;0.90;0.00;47.00;car;;1;19.00
3780.00;45494495_0;58.90;10.66;3554.00;2.46;803785575#0_0;5.10;0.00;tripinfo_in_od_to_os.85;226.00;in_od_to_os.85;0;969.96;1.06;0.00;143.19;car;;7;100.00
3784.00;41899283#1_0;148.70;13.16;3630.00;6.17;-230845886_0;5.10;0.00;tripinfo_in_ba_to_as.53;154.00;in_ba_to_as.53;0;1430.78;1.22;0.00;47.05;car;;1;8.00
3784.00;45494495_0;58.90;10.07;3684.00;1.50;803785575#0_0;5.10;0.00;tripinfo_in_od_to_os.88;100.00;in_od_to_os.88;0;969.96;1.00;0.00;11.92;car;;0;0.00
3785.00;28716808#1_0;754.74;11.96;3610.00;56.42;23687583_0;5.10;0.00;tripinfo_in_as_to_kl.13;175.00;in_as_to_kl.13;0;1207.92;1.13;0.00;77.73;car;;4;25.00
3786.00;28706217_0;94.10;7.52;2856.00;7.78;23687583_0;5.10;0.00;tripinfo_in_as_to_sl.28;930.00;in_as_to_sl.28;0;1976.75;0.91;0.00;727.44;car;;27;506.00
3787.00;28716808#1_0;754.74;13.79;3456.00;11.36;803785575#0_0;5.10;0.00;tripinfo_in_od_to_kl.40;331.00;in_od_to_kl.40;0;2678.40;1.25;0.00;136.47;car;;6;48.00
3787.00;45494495_0;58.90;10.26;3688.00;0.74;803785575#0_0;5.10;0.00;tripinfo_in_od_to_os.89;99.00;in_od_to_os.89;0;969.96;0.97;0.00;8.30;car;;0;0.00
3792.00;972103805_0;116.86;12.01;3492.00;13.43;803785575#0_0;5.10;0.00;tripinfo_in_od_to_ko.72;300.00;in_od_to_ko.72;0;2307.67;1.12;0.00;102.39;car;;2;26.00
3795.00;972103805_0;116.86;11.77;3495.00;5.32;803785575#0_0;5.10;0.00;tripinfo_in_od_to_ko.73;300.00;in_od_to_ko.73;0;2307.67;1.06;0.00;93.39;car;;2;23.00
3796.00;28706217_0;94.10;8.41;2966.00;33.96;23687583_0;5.10;0.00;tripinfo_in_as_to_sl.32;830.00;in_as_to_sl.32;0;1976.75;1.14;0.00;669.16;car;;27;453.00
3797.00;972103805_0;116.86;11.56;3498.00;3.82;803785575#0_0;5.10;0.00;tripinfo_in_od_to_ko.74;299.00;in_od_to_ko.74;0;2307.67;1.10;0.00;99.15;car;;2;23.00
3798.00;41899283#1_0;148.70;9.39;3468.00;4.99;803785575#0_0;5.10;0.00;tripinfo_in_od_to_as.54;330.00;in_od_to_as.54;0;2382.09;0.91;0.00;91.60;car;;3;18.00
3799.00;23527526_0;253.75;10.46;3651.00;31.00;23687583_0;5.10;0.00;tripinfo_in_as_to_gj.50;148.00;in_as_to_gj.50;0;649.06;1.03;0.00;90.05;car;;3;44.00
3802.00;28706217_0;94.10;7.95;3021.00;39.21;23687583_0;5.10;0.00;tripinfo_in_as_to_sl.35;781.00;in_as_to_sl.35;0;1976.75;0.98;0.00;592.56;car;;26;424.00
3803.00;230845886_0;633.12;9.70;3595.00;75.57;23687583_0;5.10;0.00;tripinfo_in_as_to_ba.32;208.00;in_as_to_ba.32;0;1356.50;0.97;0.00;81.83;car;;4;37.00
3804.00;23142338#2_0;290.21;10.72;3561.00;80.57;23687583_0;5.10;0.00;tripinfo_in_as_to_ns.38;243.00;in_as_to_ns.38;0;1995.73;1.02;0.00;65.02;car;;2;20.00
3805.00;972103805_0;116.86;8.01;3261.00;23.13;-23142338#2_0;5.10;0.00;tripinfo_in_ns_to_ko.121;544.00;in_ns_to_ko.121;0;1398.55;0.82;0.00;390.38;car;;17;208.00
3805.00;230845886_0;633.12;11.11;3604.00;64.68;23687583_0;5.10;0.00;tripinfo_in_as_to_ba.33;201.00;in_as_to_ba.33;0;1356.50;1.10;0.00;89.46;car;;4;29.00
3806.00;972103805_0;116.86;10.51;3279.00;10.76;-23142338#2_0;5.10;0.00;tripinfo_in_ns_to_ko.122;527.00;in_ns_to_ko.122;0;1398.55;1.11;0.00;413.70;car;;19;193.00
3807.00;41899283#1_0;148.70;10.92;3486.00;9.26;803785575#0_0;5.10;0.00;tripinfo_in_od_to_as.55;321.00;in_od_to_as.55;0;2382.09;1.06;0.00;118.66;car;;3;15.00
3807.00;230845886_0;633.12;11.66;3504.00;0.54;803785575#0_0;5.10;0.00;tripinfo_in_od_to_ba.59;303.00;in_od_to_ba.59;0;2382.14;1.08;0.00;103.79;car;;3;27.00
3807.00;23527526_0;253.75;12.76;3699.00;56.57;23687583_0;5.10;0.00;tripinfo_in_as_to_gj.51;108.00;in_as_to_gj.51;0;649.06;1.16;0.00;56.48;car;;1;29.00
3808.00;972103805_0;116.86;11.44;3518.00;0.82;803785575#0_0;5.10;0.00;tripinfo_in_od_to_ko.75;290.00;in_od_to_ko.75;0;2307.67;1.06;0.00;82.98;car;;2;32.00
3813.00;23527526_0;253.75;10.25;3703.00;59.97;23687583_0;5.10;0.00;tripinfo_in_as_to_gj.52;110.00;in_as_to_gj.52;0;649.06;1.00;0.00;50.51;car;;1;29.00
3819.00;23527526_0;253.75;10.96;3719.00;46.66;23687583_0;5.10;0.00;tripinfo_in_as_to_gj.53;100.00;in_as_to_gj.53;0;649.06;1.05;0.00;43.36;car;;1;26.00
3820.00;28716808#1_0;754.74;11.13;3480.00;5.34;803785575#0_0;5.10;0.00;tripinfo_in_od_to_kl.41;340.00;in_od_to_kl.41;0;2678.40;1.03;0.00;105.11;car;;4;19.00
3820.00;230845886_0;633.12;9.96;3513.00;3.51;803785575#0_0;5.10;0.00;tripinfo_in_od_to_ba.60;307.00;in_od_to_ba.60;0;2382.14;0.95;0.00;81.28;car;;2;24.00
3822.00;230845886_0;633.12;9.75;3613.00;45.36;23687583_0;5.10;0.00;tripinfo_in_as_to_ba.34;209.00;in_as_to_ba.34;0;1356.50;0.97;0.00;83.21;car;;4;30.00
3823.00;23156305_0;1264.14;7.59;3322.00;6.87;803785575#0_0;5.10;0.00;tripinfo_in_od_to_gg.59;501.00;in_od_to_gg.59;0;3669.96;0.77;0.00;69.64;car;;1;6.00
3823.00;45494495_0;58.90;9.42;3691.00;0.73;803785575#0_0;5.10;0.00;tripinfo_in_od_to_os.90;132.00;in_od_to_os.90;0;969.96;0.96;0.00;40.18;car;;1;19.00
3824.00;972103805_0;116.86;9.43;3524.00;4.13;803785575#0_0;5.10;0.00;tripinfo_in_od_to_ko.76;300.00;in_od_to_ko.76;0;2307.67;0.89;0.00;54.44;car;;2;23.00
3824.00;28716808#1_0;754.74;12.04;3645.00;8.85;-230845886_0;5.10;0.00;tripinfo_in_ba_to_kl.4;179.00;in_ba_to_kl.4;0;1727.09;1.10;0.00;37.08;car;;1;2.00
3825.00;45494495_0;58.90;10.01;2999.00;0.31;-23142338#2_0;5.10;0.00;tripinfo_in_ns_to_os.5;826.00;in_ns_to_os.5;0;1865.82;0.90;0.00;638.86;car;;24;416.00
3825.00;23156305_0;1264.14;8.09;3330.00;0.09;803785575#0_0;5.10;0.00;tripinfo_in_od_to_gg.60;495.00;in_od_to_gg.60;0;3669.96;0.83;0.00;93.45;car;;2;6.00
3827.00;972103805_0;116.86;9.14;3292.00;0.13;-23142338#2_0;5.10;0.00;tripinfo_in_ns_to_ko.123;535.00;in_ns_to_ko.123;0;1398.55;0.91;0.00;395.80;car;;21;224.00
3827.00;23156305_0;1264.14;10.35;3348.00;6.37;803785575#0_0;5.10;0.00;tripinfo_in_od_to_gg.61;479.00;in_od_to_gg.61;0;3669.96;0.96;0.00;133.34;car;;1;2.00
3827.00;45494495_0;58.90;11.68;3655.00;3.02;803785575#0_0;5.10;0.00;tripinfo_in_od_to_os.87;172.00;in_od_to_os.87;0;969.96;1.05;0.00;88.90;car;;5;47.00
3827.00;41899283#1_0;148.70;11.81;3666.00;13.72;-230845886_0;5.10;0.00;tripinfo_in_ba_to_as.54;161.00;in_ba_to_as.54;0;1430.78;1.10;0.00;43.48;car;;1;1.00
3828.00;23142338#2_0;290.21;11.89;3573.00;75.12;23687583_0;5.10;0.00;tripinfo_in_as_to_ns.39;255.00;in_as_to_ns.39;0;1995.73;1.13;0.00;95.27;car;;3;41.00
3828.00;23156305_0;1264.14;11.89;3589.00;75.94;23687583_0;5.10;0.00;tripinfo_in_as_to_gg.12;239.00;in_as_to_gg.12;0;1600.87;1.18;0.00;116.24;car;;2;24.00
3829.00;45494495_0;58.90;10.86;3707.00;0.34;803785575#0_0;5.10;0.00;tripinfo_in_od_to_os.91;122.00;in_od_to_os.91;0;969.96;1.03;0.00;36.99;car;;3;16.00
3830.00;23156305_0;1264.14;9.99;3129.00;17.82;-23142338#2_0;5.10;0.00;tripinfo_in_ns_to_gg.13;701.00;in_ns_to_gg.13;0;3297.24;0.95;0.00;385.86;car;;15;196.00
3833.00;972103805_0;116.86;9.20;3307.00;7.30;-23142338#2_0;5.10;0.00;tripinfo_in_ns_to_ko.124;526.00;in_ns_to_ko.124;0;1398.55;0.83;0.00;373.99;car;;20;203.00
3835.00;972103805_0;116.86;9.53;3533.00;3.08;803785575#0_0;5.10;0.00;tripinfo_in_od_to_ko.77;302.00;in_od_to_ko.77;0;2307.67;0.95;0.00;71.26;car;;3;33.00
3836.00;972103805_0;116.86;10.79;3551.00;2.85;803785575#0_0;5.10;0.00;tripinfo_in_od_to_ko.78;285.00;in_od_to_ko.78;0;2307.67;1.07;0.00;79.72;car;;3;27.00
3837.00;23527526_0;253.75;9.21;3627.00;5.11;-230845886_0;5.10;0.00;tripinfo_in_ba_to_gj.52;210.00;in_ba_to_gj.52;0;1755.68;0.94;0.00;41.04;car;;1;6.00
3838.00;972103805_0;116.86;10.64;3557.00;2.65;803785575#0_0;5.10;0.00;tripinfo_in_od_to_ko.79;281.00;in_od_to_ko.79;0;2307.67;1.01;0.00;63.72;car;;2;25.00
3838.00;41899283#1_0;148.70;9.92;3678.00;3.36;-230845886_0;5.10;0.00;tripinfo_in_ba_to_as.55;160.00;in_ba_to_as.55;0;1430.78;0.94;0.00;22.74;car;;0;0.00
3841.00;45494495_0;58.90;10.29;3305.00;80.06;23687583_0;5.10;0.00;tripinfo_in_as_to_os.30;536.00;in_as_to_os.30;0;1689.77;0.95;0.00;375.92;car;;10;224.00
3842.00;41899283#1_0;148.70;10.78;3264.00;15.64;-23142338#2_0;5.10;0.00;tripinfo_in_ns_to_as.17;578.00;in_ns_to_as.17;0;2009.37;1.04;0.00;402.41;car;;18;201.00
3843.00;45494495_0;58.90;11.75;3370.00;0.33;-230845886_0;5.10;0.00;tripinfo_in_ba_to_os.42;473.00;in_ba_to_os.42;0;1647.96;1.08;0.00;334.66;car;;10;204.00
3845.00;23156305_0;1264.14;9.61;3393.00;7.86;803785575#0_0;5.10;0.00;tripinfo_in_od_to_gg.62;452.00;in_od_to_gg.62;0;3669.96;0.96;0.00;103.86;car;;2;16.00
3845.00;23527526_0;253.75;11.39;3759.00;78.76;23687583_0;5.10;0.00;tripinfo_in_as_to_gj.54;86.00;in_as_to_gj.54;0;649.06;1.07;0.00;30.56;car;;1;13.00
3846.00;28706217_0;94.10;7.74;3003.00;42.79;23687583_0;5.10;0.00;tripinfo_in_as_to_sl.33;843.00;in_as_to_sl.33;0;1976.75;0.96;0.00;650.98;car;;25;474.00
3846.00;45494495_0;58.90;10.00;3731.00;11.38;803785575#0_0;5.10;0.00;tripinfo_in_od_to_os.93;115.00;in_od_to_os.93;0;969.96;0.93;0.00;20.48;car;;0;0.00
3847.00;23156305_0;1264.14;11.81;3397.00;11.56;803785575#0_0;5.10;0.00;tripinfo_in_od_to_gg.63;450.00;in_od_to_gg.63;0;3669.96;1.16;0.00;161.01;car;;2;16.00
3848.00;23156305_0;1264.14;12.03;3557.00;0.53;-230845886_0;5.10;0.00;tripinfo_in_ba_to_gg.22;291.00;in_ba_to_gg.22;0;2718.65;1.11;0.00;68.90;car;;0;0.00
3848.00;972103805_0;116.86;8.95;3576.00;0.41;-230845886_0;5.10;0.00;tripinfo_in_ba_to_ko.91;272.00;in_ba_to_ko.91;0;2114.29;0.86;0.00;48.47;car;;2;17.00
3848.00;45494495_0;58.90;11.38;3716.00;3.97;803785575#0_0;5.10;0.00;tripinfo_in_od_to_os.92;132.00;in_od_to_os.92;0;969.96;1.12;0.00;53.33;car;;3;10.00
3850.00;23156305_0;1264.14;12.16;3445.00;8.30;803785575#0_0;5.10;0.00;tripinfo_in_od_to_gg.65;405.00;in_od_to_gg.65;0;3669.96;1.12;0.00;109.00;car;;5;20.00
3850.00;972103805_0;116.86;9.95;3614.00;2.88;-230845886_0;5.10;0.00;tripinfo_in_ba_to_ko.92;236.00;in_ba_to_ko.92;0;2114.29;0.97;0.00;38.93;car;;2;8.00
3851.00;41899283#1_0;148.70;10.11;3527.00;5.19;803785575#0_0;5.10;0.00;tripinfo_in_od_to_as.56;324.00;in_od_to_as.56;0;2382.09;0.98;0.00;103.23;car;;4;33.00
3851.00;23527526_0;253.75;11.11;3762.00;79.23;23687583_0;5.10;0.00;tripinfo_in_as_to_gj.55;89.00;in_as_to_gj.55;0;649.06;1.04;0.00;31.54;car;;1;12.00
3855.00;972103805_0;116.86;9.23;3320.00;0.93;-23142338#2_0;5.10;0.00;tripinfo_in_ns_to_ko.125;535.00;in_ns_to_ko.125;0;1398.55;0.90;0.00;394.07;car;;17;211.00
3857.00;972103805_0;116.86;9.93;3343.00;22.67;-23142338#2_0;5.10;0.00;tripinfo_in_ns_to_ko.126;514.00;in_ns_to_ko.126;0;1398.55;1.00;0.00;387.51;car;;16;199.00
3858.00;23527526_0;253.75;10.05;3663.00;14.21;-230845886_0;5.10;0.00;tripinfo_in_ba_to_gj.53;195.00;in_ba_to_gj.53;0;1755.68;0.98;0.00;32.54;car;;1;2.00
3859.00;23142338#2_0;290.21;9.26;3614.00;0.94;803785575#0_0;5.10;0.00;tripinfo_in_od_to_ns.18;245.00;in_od_to_ns.18;0;1928.29;0.91;0.00;40.90;car;;1;17.00
3862.00;972103805_0;116.86;9.85;3562.00;3.84;803785575#0_0;5.10;0.00;tripinfo_in_od_to_ko.80;300.00;in_od_to_ko.80;0;2307.67;0.98;0.00;75.84;car;;2;37.00
3862.00;28716808#1_0;754.74;8.95;3642.00;34.50;23687583_0;5.10;0.00;tripinfo_in_as_to_kl.14;220.00;in_as_to_kl.14;0;1207.92;0.87;0.00;94.05;car;;4;48.00
3864.00;972103805_0;116.86;10.51;3583.00;0.77;803785575#0_0;5.10;0.00;tripinfo_in_od_to_ko.81;281.00;in_od_to_ko.81;0;2307.67;1.02;0.00;66.03;car;;2;31.00
3864.00;28716808#1_0;754.74;10.73;3684.00;48.90;23687583_0;5.10;0.00;tripinfo_in_as_to_kl.15;180.00;in_as_to_kl.15;0;1207.92;1.01;0.00;71.55;car;;1;30.00
3866.00;972103805_0;116.86;12.85;3589.00;0.19;803785575#0_0;5.10;0.00;tripinfo_in_od_to_ko.82;277.00;in_od_to_ko.82;0;2307.67;1.22;0.00;95.98;car;;2;29.00
3868.00;972103805_0;116.86;11.66;3346.00;17.47;-23142338#2_0;5.10;0.00;tripinfo_in_ns_to_ko.127;522.00;in_ns_to_ko.127;0;1398.55;1.11;0.00;408.22;car;;18;219.00
3869.00;28706217_0;94.10;7.54;3008.00;40.67;23687583_0;5.10;0.00;tripinfo_in_as_to_sl.34;861.00;in_as_to_sl.34;0;1976.75;0.95;0.00;669.15;car;;28;479.00
3869.00;230845886_0;633.12;10.75;3536.00;4.92;803785575#0_0;5.10;0.00;tripinfo_in_od_to_ba.61;333.00;in_od_to_ba.61;0;2382.14;1.00;0.00;117.33;car;;4;41.00
3870.00;41899283#1_0;148.70;8.75;3707.00;1.27;-230845886_0;5.10;0.00;tripinfo_in_ba_to_as.57;163.00;in_ba_to_as.57;0;1430.78;0.88;0.00;14.68;car;;0;0.00
3871.00;972103805_0;116.86;12.46;3366.00;37.41;-23142338#2_0;5.10;0.00;tripinfo_in_ns_to_ko.128;505.00;in_ns_to_ko.128;0;1398.55;1.23;0.00;402.18;car;;17;211.00
3871.00;230845886_0;633.12;10.57;3545.00;4.17;803785575#0_0;5.10;0.00;tripinfo_in_od_to_ba.62;326.00;in_od_to_ba.62;0;2382.14;1.03;0.00;117.08;car;;4;43.00
3872.00;41899283#1_0;148.70;9.41;3704.00;0.49;-230845886_0;5.10;0.00;tripinfo_in_ba_to_as.56;168.00;in_ba_to_as.56;0;1430.78;0.93;0.00;28.28;car;;0;0.00
3873.00;23156030#6_0;109.07;9.86;3201.00;0.63;-230845886_0;5.10;0.00;tripinfo_in_ba_to_od.1;672.00;in_ba_to_od.1;0;2315.50;0.98;0.00;459.51;car;;19;328.00
3874.00;41899283#1_0;148.70;12.03;3714.00;1.45;-230845886_0;5.10;0.00;tripinfo_in_ba_to_as.58;160.00;in_ba_to_as.58;0;1430.78;1.13;0.00;45.08;car;;0;0.00
3875.00;23156030#6_1;109.07;9.69;3233.00;2.37;-230845886_0;5.10;0.00;tripinfo_in_ba_to_od.2;642.00;in_ba_to_od.2;0;2315.50;0.99;0.00;430.31;car;;14;284.00
3880.00;23156030#6_0;109.07;10.05;3194.00;64.90;23687583_0;5.10;0.00;tripinfo_in_as_to_od.11;686.00;in_as_to_od.11;0;2357.31;0.97;0.00;466.27;car;;17;323.00
3880.00;230845886_0;633.12;10.05;3678.00;47.06;23687583_0;5.10;0.00;tripinfo_in_as_to_ba.35;202.00;in_as_to_ba.35;0;1356.50;0.94;0.00;72.80;car;;1;31.00
3881.00;28716808#1_0;754.74;12.14;3688.00;7.51;-230845886_0;5.10;0.00;tripinfo_in_ba_to_kl.5;193.00;in_ba_to_kl.5;0;1727.09;1.11;0.00;52.36;car;;3;11.00
3882.00;23527526_0;253.75;11.60;3699.00;0.82;-230845886_0;5.10;0.00;tripinfo_in_ba_to_gj.54;183.00;in_ba_to_gj.54;0;1755.68;1.08;0.00;35.17;car;;1;3.00
3885.00;972103805_0;116.86;6.48;3623.00;22.00;23687583_0;5.10;0.00;tripinfo_in_as_to_ko.63;262.00;in_as_to_ko.63;0;1102.39;0.65;0.00;110.03;car;;5;59.00
3885.00;45494495_0;58.90;10.59;3743.00;10.83;803785575#0_0;5.10;0.00;tripinfo_in_od_to_os.94;142.00;in_od_to_os.94;0;969.96;0.96;0.00;49.73;car;;1;26.00
3887.00;972103805_0;116.86;11.23;3645.00;33.38;23687583_0;5.10;0.00;tripinfo_in_as_to_ko.64;242.00;in_as_to_ko.64;0;1102.39;1.06;0.00;147.69;car;;4;51.00
3887.00;45494495_0;58.90;10.99;3749.00;15.41;803785575#0_0;5.10;0.00;tripinfo_in_od_to_os.95;138.00;in_od_to_os.95;0;969.96;0.99;0.00;49.05;car;;1;26.00
3888.00;230845886_0;633.12;9.76;3586.00;2.90;803785575#0_0;5.10;0.00;tripinfo_in_od_to_ba.63;302.00;in_od_to_ba.63;0;2382.14;0.91;0.00;64.56;car;;2;21.00
3889.00;23156305_0;1264.14;9.09;3586.00;3.24;-230845886_0;5.10;0.00;tripinfo_in_ba_to_gg.23;303.00;in_ba_to_gg.23;0;2718.65;0.90;0.00;27.66;car;;0;0.00
3889.00;972103805_0;116.86;8.76;3681.00;46.86;23687583_0;5.10;0.00;tripinfo_in_as_to_ko.65;208.00;in_as_to_ko.65;0;1102.39;0.91;0.00;97.87;car;;2;33.00
3889.00;45494495_0;58.90;12.36;3764.00;8.11;803785575#0_0;5.10;0.00;tripinfo_in_od_to_os.97;125.00;in_od_to_os.97;0;969.96;1.18;0.00;49.93;car;;1;25.00
3890.00;230845886_0;633.12;11.99;3712.00;46.58;23687583_0;5.10;0.00;tripinfo_in_as_to_ba.36;178.00;in_as_to_ba.36;0;1356.50;1.10;0.00;66.93;car;;2;32.00
3891.00;972103805_0;116.86;9.23;3618.00;6.04;-230845886_0;5.10;0.00;tripinfo_in_ba_to_ko.93;273.00;in_ba_to_ko.93;0;2114.29;0.85;0.00;46.92;car;;2;11.00
3892.00;230845886_0;633.12;11.50;3596.00;0.24;803785575#0_0;5.10;0.00;tripinfo_in_od_to_ba.64;296.00;in_od_to_ba.64;0;2382.14;1.11;0.00;101.88;car;;3;34.00
3893.00;972103805_0;116.86;11.47;3370.00;39.00;-23142338#2_0;5.10;0.00;tripinfo_in_ns_to_ko.129;523.00;in_ns_to_ko.129;0;1398.55;1.04;0.00;401.42;car;;21;209.00
3893.00;23527526_0;253.75;9.84;3711.00;0.20;-230845886_0;5.10;0.00;tripinfo_in_ba_to_gj.55;182.00;in_ba_to_gj.55;0;1755.68;1.00;0.00;22.58;car;;0;0.00
3894.00;23527526_0;253.75;11.74;3542.00;7.06;803785575#0_0;5.10;0.00;tripinfo_in_od_to_gj.14;352.00;in_od_to_gj.14;0;2706.99;1.16;0.00;141.76;car;;5;48.00
3896.00;41899283#1_0;148.70;11.66;3314.00;10.37;-23142338#2_0;5.10;0.00;tripinfo_in_ns_to_as.18;582.00;in_ns_to_as.18;0;2009.37;1.10;0.00;415.64;car;;20;224.00
3898.00;23142338#2_0;290.21;9.81;3601.00;71.68;23687583_0;5.10;0.00;tripinfo_in_as_to_ns.40;297.00;in_as_to_ns.40;0;1995.73;0.92;0.00;99.98;car;;5;42.00
3900.00;23142338#2_0;290.21;12.09;3616.00;31.24;23687583_0;5.10;0.00;tripinfo_in_as_to_ns.41;284.00;in_as_to_ns.41;0;1995.73;1.13;0.00;123.18;car;;5;30.00
3901.00;972103805_0;116.86;10.08;3627.00;0.57;803785575#0_0;5.10;0.00;tripinfo_in_od_to_ko.83;274.00;in_od_to_ko.83;0;2307.67;0.91;0.00;34.09;car;;1;5.00
3902.00;23156305_0;1264.14;9.71;3604.00;5.21;-230845886_0;5.10;0.00;tripinfo_in_ba_to_gg.24;298.00;in_ba_to_gg.24;0;2718.65;0.94;0.00;33.71;car;;1;1.00
3902.00;45494495_0;58.90;9.03;3761.00;6.87;803785575#0_0;5.10;0.00;tripinfo_in_od_to_os.96;141.00;in_od_to_os.96;0;969.96;0.85;0.00;37.42;car;;1;22.00
3904.00;230845886_0;633.12;10.87;3605.00;2.16;803785575#0_0;5.10;0.00;tripinfo_in_od_to_ba.65;299.00;in_od_to_ba.65;0;2382.14;1.01;0.00;85.63;car;;3;27.00
3905.00;972103805_0;116.86;10.69;3696.00;54.39;23687583_0;5.10;0.00;tripinfo_in_as_to_ko.66;209.00;in_as_to_ko.66;0;1102.39;1.01;0.00;109.73;car;;3;54.00
3906.00;28706217_0;94.10;8.30;2962.00;3.86;-230845886_0;5.10;0.00;tripinfo_in_ba_to_sl.22;944.00;in_ba_to_sl.22;0;1934.94;1.04;0.00;769.93;car;;27;508.00
3906.00;23527526_0;253.75;10.46;3774.00;70.04;23687583_0;5.10;0.00;tripinfo_in_as_to_gj.56;132.00;in_as_to_gj.56;0;649.06;1.02;0.00;73.78;car;;2;51.00
3908.00;972103805_0;116.86;9.76;3722.00;49.59;23687583_0;5.10;0.00;tripinfo_in_as_to_ko.67;186.00;in_as_to_ko.67;0;1102.39;0.97;0.00;82.89;car;;3;54.00
3910.00;28706217_0;94.10;7.10;3100.00;4.46;-230845886_0;5.10;0.00;tripinfo_in_ba_to_sl.24;810.00;in_ba_to_sl.24;0;1934.94;0.94;0.00;618.83;car;;17;454.00
3911.00;972103805_0;116.86;10.34;3621.00;5.70;-230845886_0;5.10;0.00;tripinfo_in_ba_to_ko.94;290.00;in_ba_to_ko.94;0;2114.29;0.96;0.00;89.56;car;;3;28.00
3912.00;28706217_0;94.10;8.65;3061.00;56.09;23687583_0;5.10;0.00;tripinfo_in_as_to_sl.36;851.00;in_as_to_sl.36;0;1976.75;1.12;0.00;687.42;car;;24;475.00
3914.00;230845886_0;633.12;10.82;3608.00;3.77;803785575#0_0;5.10;0.00;tripinfo_in_od_to_ba.66;306.00;in_od_to_ba.66;0;2382.14;1.08;0.00;107.20;car;;3;20.00
3915.00;972103805_0;116.86;8.30;3624.00;5.06;-230845886_0;5.10;0.00;tripinfo_in_ba_to_ko.95;291.00;in_ba_to_ko.95;0;2114.29;0.85;0.00;63.94;car;;2;24.00
3916.00;972103805_0;116.86;12.04;3648.00;7.24;-230845886_0;5.10;0.00;tripinfo_in_ba_to_ko.96;268.00;in_ba_to_ko.96;0;2114.29;1.11;0.00;94.66;car;;1;17.00
3918.00;972103805_0;116.86;10.78;3376.00;40.38;-23142338#2_0;5.10;0.00;tripinfo_in_ns_to_ko.130;542.00;in_ns_to_ko.130;0;1398.55;0.99;0.00;414.37;car;;18;223.00
3919.00;23527526_0;253.75;9.16;3579.00;0.14;803785575#0_0;5.10;0.00;tripinfo_in_od_to_gj.15;340.00;in_od_to_gj.15;0;2706.99;0.94;0.00;78.89;car;;4;26.00
3920.00;28716808#1_0;754.74;9.42;3548.00;6.17;803785575#0_0;5.10;0.00;tripinfo_in_od_to_kl.42;372.00;in_od_to_kl.42;0;2678.40;0.86;0.00;90.81;car;;4;33.00
3921.00;23156030#6_0;109.07;13.11;3190.00;63.00;23687583_0;5.10;0.00;tripinfo_in_as_to_od.10;731.00;in_as_to_od.10;0;2357.31;1.25;0.00;559.77;car;;19;350.00
3921.00;972103805_0;116.86;9.60;3381.00;37.77;-23142338#2_0;5.10;0.00;tripinfo_in_ns_to_ko.131;540.00;in_ns_to_ko.131;0;1398.55;0.97;0.00;409.18;car;;18;207.00
3922.00;23527526_0;253.75;11.20;3801.00;67.55;23687583_0;5.10;0.00;tripinfo_in_as_to_gj.57;121.00;in_as_to_gj.57;0;649.06;1.09;0.00;66.09;car;;1;38.00
3923.00;23156390_0;1121.44;9.35;3675.00;50.79;23687583_0;5.10;0.00;tripinfo_in_as_to_br.12;248.00;in_as_to_br.12;0;1694.48;0.86;0.00;70.23;car;;1;33.00
3923.00;972103805_0;116.86;9.67;3652.00;0.89;803785575#0_0;5.10;0.00;tripinfo_in_od_to_ko.84;271.00;in_od_to_ko.84;0;2307.67;0.96;0.00;43.28;car;;1;14.00
3925.00;972103805_0;116.86;10.93;3661.00;5.51;803785575#0_0;5.10;0.00;tripinfo_in_od_to_ko.85;264.00;in_od_to_ko.85;0;2307.67;1.04;0.00;52.79;car;;1;14.00
3925.00;23156390_0;1121.44;10.52;3675.00;3.31;-230845886_0;5.10;0.00;tripinfo_in_ba_to_br.3;250.00;in_ba_to_br.3;0;2198.00;1.05;0.00;58.75;car;;0;0.00
3925.00;41899283#1_0;148.70;11.89;3772.00;0.52;-230845886_0;5.10;0.00;tripinfo_in_ba_to_as.59;153.00;in_ba_to_as.59;0;1430.78;1.16;0.00;40.94;car;;1;2.00
3933.00;28706217_0;94.10;7.46;3126.00;74.67;23687583_0;5.10;0.00;tripinfo_in_as_to_sl.38;807.00;in_as_to_sl.38;0;1976.75;0.98;0.00;620.10;car;;19;429.00
3933.00;23527526_0;253.75;11.56;3602.00;5.78;803785575#0_0;5.10;0.00;tripinfo_in_od_to_gj.16;331.00;in_od_to_gj.16;0;2706.99;1.13;0.00;112.75;car;;4;34.00
3934.00;23527526_0;253.75;12.86;3611.00;3.63;803785575#0_0;5.10;0.00;tripinfo_in_od_to_gj.17;323.00;in_od_to_gj.17;0;2706.99;1.25;0.00;127.42;car;;5;28.00
3934.00;972103805_0;116.86;10.93;3654.00;12.89;-230845886_0;5.10;0.00;tripinfo_in_ba_to_ko.97;280.00;in_ba_to_ko.97;0;2114.29;1.04;0.00;95.29;car;;4;45.00
3938.00;972103805_0;116.86;10.29;3657.00;15.00;-230845886_0;5.10;0.00;tripinfo_in_ba_to_ko.98;281.00;in_ba_to_ko.98;0;2114.29;0.95;0.00;78.61;car;;3;36.00
3939.00;23156030#6_0;109.07;9.49;3203.00;58.26;23687583_0;5.10;0.00;tripinfo_in_as_to_od.12;736.00;in_as_to_od.12;0;2357.31;0.94;0.00;510.36;car;;15;338.00
3941.00;972103805_0;116.86;9.99;3669.00;15.52;-230845886_0;5.10;0.00;tripinfo_in_ba_to_ko.99;272.00;in_ba_to_ko.99;0;2114.29;0.95;0.00;69.29;car;;2;28.00
3943.00;23527526_0;253.75;11.55;3807.00;71.61;23687583_0;5.10;0.00;tripinfo_in_as_to_gj.58;136.00;in_as_to_gj.58;0;649.06;1.06;0.00;79.99;car;;3;49.00
3945.00;972103805_0;116.86;9.73;3398.00;40.36;-23142338#2_0;5.10;0.00;tripinfo_in_ns_to_ko.132;547.00;in_ns_to_ko.132;0;1398.55;0.95;0.00;413.35;car;;19;222.00
3945.00;23156390_0;1121.44;8.94;3510.00;4.56;803785575#0_0;5.10;0.00;tripinfo_in_od_to_br.46;435.00;in_od_to_br.46;0;3149.31;0.90;0.00;118.51;car;;5;44.00
3946.00;28706217_0;94.10;8.75;3117.00;75.14;23687583_0;5.10;0.00;tripinfo_in_as_to_sl.37;829.00;in_as_to_sl.37;0;1976.75;1.14;0.00;667.81;car;;27;453.00
3946.00;972103805_0;116.86;11.92;3403.00;43.12;-23142338#2_0;5.10;0.00;tripinfo_in_ns_to_ko.133;543.00;in_ns_to_ko.133;0;1398.55;1.09;0.00;427.92;car;;19;219.00
3947.00;23156390_0;1121.44;11.27;3521.00;2.22;803785575#0_0;5.10;0.00;tripinfo_in_od_to_br.47;426.00;in_od_to_br.47;0;3149.31;1.07;0.00;157.30;car;;5;38.00
3952.00;23142338#2_0;290.21;11.75;3693.00;52.17;23687583_0;5.10;0.00;tripinfo_in_as_to_ns.42;259.00;in_as_to_ns.42;0;1995.73;1.07;0.00;88.39;car;;3;45.00
3953.00;972103805_0;116.86;8.35;3408.00;38.03;-23142338#2_0;5.10;0.00;tripinfo_in_ns_to_ko.134;545.00;in_ns_to_ko.134;0;1398.55;0.84;0.00;394.07;car;;17;212.00
3955.00;972103805_0;116.86;9.81;3702.00;2.72;803785575#0_0;5.10;0.00;tripinfo_in_od_to_ko.86;253.00;in_od_to_ko.86;0;2307.67;0.95;0.00;22.16;car;;0;0.00
3958.00;972103805_0;116.86;11.53;3429.00;50.04;-23142338#2_0;5.10;0.00;tripinfo_in_ns_to_ko.135;529.00;in_ns_to_ko.135;0;1398.55;1.06;0.00;409.47;car;;16;224.00
3958.00;41899283#1_0;148.70;9.38;3639.00;7.78;803785575#0_0;5.10;0.00;tripinfo_in_od_to_as.57;319.00;in_od_to_as.57;0;2382.09;0.89;0.00;76.18;car;;3;23.00
3960.00;23527526_0;253.75;8.70;3765.00;5.14;-230845886_0;5.10;0.00;tripinfo_in_ba_to_gj.56;195.00;in_ba_to_gj.56;0;1755.68;0.89;0.00;16.94;car;;0;0.00
3962.00;41899283#1_0;148.70;9.50;3648.00;2.68;803785575#0_0;5.10;0.00;tripinfo_in_od_to_as.58;314.00;in_od_to_as.58;0;2382.09;0.89;0.00;71.90;car;;3;16.00
3964.00;972103805_0;116.86;10.68;3672.00;7.50;-230845886_0;5.10;0.00;tripinfo_in_ba_to_ko.100;292.00;in_ba_to_ko.100;0;2114.29;0.97;0.00;93.29;car;;3;45.00
3969.00;28716808#1_0;754.74;8.38;3338.00;18.85;-23142338#2_0;5.10;0.00;tripinfo_in_ns_to_kl.9;631.00;in_ns_to_kl.9;0;2315.58;0.86;0.00;388.39;car;;17;209.00
3969.00;972103805_0;116.86;10.21;3691.00;8.48;-230845886_0;5.10;0.00;tripinfo_in_ba_to_ko.101;278.00;in_ba_to_ko.101;0;2114.29;1.01;0.00;88.30;car;;4;42.00
3970.00;28716808#1_0;754.74;11.23;3793.00;63.72;23687583_0;5.10;0.00;tripinfo_in_as_to_kl.16;177.00;in_as_to_kl.16;0;1207.92;1.12;0.00;79.52;car;;2;43.00
3971.00;23527526_0;253.75;11.93;3373.00;37.57;-23142338#2_0;5.10;0.00;tripinfo_in_ns_to_gj.11;598.00;in_ns_to_gj.11;0;2084.96;1.12;0.00;429.73;car;;18;229.00
3971.00;972103805_0;116.86;11.37;3694.00;9.84;-230845886_0;5.10;0.00;tripinfo_in_ba_to_ko.102;277.00;in_ba_to_ko.102;0;2114.29;1.14;0.00;107.50;car;;4;43.00
3971.00;41899283#1_0;148.70;10.24;3807.00;3.88;-230845886_0;5.10;0.00;tripinfo_in_ba_to_as.60;164.00;in_ba_to_as.60;0;1430.78;1.01;0.00;35.96;car;;2;7.00
3974.00;230845886_0;633.12;9.32;3672.00;0.63;803785575#0_0;5.10;0.00;tripinfo_in_od_to_ba.67;302.00;in_od_to_ba.67;0;2382.14;0.88;0.00;57.52;car;;3;10.00
3976.00;230845886_0;633.12;11.53;3780.00;58.91;23687583_0;5.10;0.00;tripinfo_in_as_to_ba.37;196.00;in_as_to_ba.37;0;1356.50;1.14;0.00;87.85;car;;4;49.00
3978.00;23527526_0;253.75;10.17;3825.00;70.21;23687583_0;5.10;0.00;tripinfo_in_as_to_gj.59;153.00;in_as_to_gj.59;0;649.06;0.96;0.00;91.11;car;;4;51.00
3979.00;41899283#1_0;148.70;9.07;3675.00;2.78;803785575#0_0;5.10;0.00;tripinfo_in_od_to_as.59;304.00;in_od_to_as.59;0;2382.09;0.92;0.00;69.24;car;;2;9.00
3980.00;230845886_0;633.12;11.79;3710.00;2.45;803785575#0_0;5.10;0.00;tripinfo_in_od_to_ba.68;270.00;in_od_to_ba.68;0;2382.14;1.17;0.00;86.42;car;;2;14.00
3980.00;23527526_0;253.75;10.11;3779.00;3.08;-230845886_0;5.10;0.00;tripinfo_in_ba_to_gj.57;201.00;in_ba_to_gj.57;0;1755.68;0.95;0.00;33.41;car;;1;6.00
3981.00;45494495_0;58.90;9.98;3364.00;83.14;23687583_0;5.10;0.00;tripinfo_in_as_to_os.31;617.00;in_as_to_os.31;0;1689.77;0.91;0.00;448.58;car;;19;278.00
3983.00;23527526_0;253.75;9.24;3879.00;87.58;23687583_0;5.10;0.00;tripinfo_in_as_to_gj.60;104.00;in_as_to_gj.60;0;649.06;0.95;0.00;41.77;car;;2;9.00
3984.00;23156030#6_0;109.07;12.67;3298.00;10.60;-230845886_0;5.10;0.00;tripinfo_in_ba_to_od.3;686.00;in_ba_to_od.3;0;2315.50;1.17;0.00;507.37;car;;17;355.00
3984.00;45494495_0;58.90;11.32;3774.00;0.08;803785575#0_0;5.10;0.00;tripinfo_in_od_to_os.98;210.00;in_od_to_os.98;0;969.96;1.05;0.00;126.85;car;;7;79.00
3988.00;28706217_0;94.10;6.85;3904.00;11.88;803785575#0_0;5.10;0.00;tripinfo_in_od_to_sl.5;84.00;in_od_to_sl.5;0;747.33;0.96;0.00;7.95;car;;0;0.00
3991.00;28716808#1_0;754.74;10.42;3630.00;0.64;803785575#0_0;5.10;0.00;tripinfo_in_od_to_kl.43;361.00;in_od_to_kl.43;0;2678.40;0.96;0.00;109.28;car;;4;40.00
3993.00;23156030#6_0;109.07;10.64;3232.00;72.26;23687583_0;5.10;0.00;tripinfo_in_as_to_od.13;761.00;in_as_to_od.13;0;2357.31;1.04;0.00;555.95;car;;16;387.00
3994.00;972103805_0;116.86;10.46;3813.00;74.44;23687583_0;5.10;0.00;tripinfo_in_as_to_ko.68;181.00;in_as_to_ko.68;0;1102.39;1.00;0.00;81.31;car;;2;48.00
3996.00;972103805_0;116.86;11.88;3736.00;0.61;-230845886_0;5.10;0.00;tripinfo_in_ba_to_ko.103;260.00;in_ba_to_ko.103;0;2114.29;1.08;0.00;81.81;car;;2;37.00
3998.00;23156305_0;1264.14;7.19;3442.00;5.36;803785575#0_0;5.10;0.00;tripinfo_in_od_to_gg.64;556.00;in_od_to_gg.64;0;3669.96;0.70;0.00;77.09;car;;3;15.00
3999.00;41899283#1_0;148.70;11.11;3694.00;2.56;803785575#0_0;5.10;0.00;tripinfo_in_od_to_as.60;305.00;in_od_to_as.60;0;2382.09;1.03;0.00;96.75;car;;5;27.00
3999.00;972103805_0;116.86;10.93;3748.00;0.32;-230845886_0;5.10;0.00;tripinfo_in_ba_to_ko.104;251.00;in_ba_to_ko.104;0;2114.29;0.99;0.00;56.72;car;;2;25.00
4000.00;23156305_0;1264.14;8.41;3483.00;8.01;803785575#0_0;5.10;0.00;tripinfo_in_od_to_gg.67;517.00;in_od_to_gg.67;0;3669.96;0.86;0.00;128.24;car;;2;14.00
4001.00;972103805_0;116.86;12.28;3753.00;0.29;-230845886_0;5.10;0.00;tripinfo_in_ba_to_ko.105;248.00;in_ba_to_ko.105;0;2114.29;1.11;0.00;73.60;car;;2;26.00
4002.00;23156305_0;1264.14;11.83;3642.00;6.05;-230845886_0;5.10;0.00;tripinfo_in_ba_to_gg.25;360.00;in_ba_to_gg.25;0;2718.65;1.07;0.00;129.97;car;;1;2.00
4002.00;230845886_0;633.12;8.93;3798.00;65.78;23687583_0;5.10;0.00;tripinfo_in_as_to_ba.38;204.00;in_as_to_ba.38;0;1356.50;0.91;0.00;68.77;car;;1;39.00
4003.00;41899283#1_0;148.70;10.36;3700.00;4.29;803785575#0_0;5.10;0.00;tripinfo_in_od_to_as.61;303.00;in_od_to_as.61;0;2382.09;0.98;0.00;83.77;car;;4;22.00
4004.00;23156305_0;1264.14;9.94;3765.00;72.98;23687583_0;5.10;0.00;tripinfo_in_as_to_gg.13;239.00;in_as_to_gg.13;0;1600.87;0.99;0.00;91.68;car;;1;11.00
4005.00;972103805_0;116.86;9.52;3725.00;8.59;803785575#0_0;5.10;0.00;tripinfo_in_od_to_ko.87;280.00;in_od_to_ko.87;0;2307.67;0.89;0.00;34.45;car;;1;7.00
4006.00;23156305_0;1264.14;7.30;3477.00;5.07;803785575#0_0;5.10;0.00;tripinfo_in_od_to_gg.66;529.00;in_od_to_gg.66;0;3669.96;0.77;0.00;94.88;car;;2;13.00
4007.00;972103805_0;116.86;11.28;3746.00;13.47;803785575#0_0;5.10;0.00;tripinfo_in_od_to_ko.88;261.00;in_od_to_ko.88;0;2307.67;1.04;0.00;50.33;car;;1;6.00
4008.00;28716808#1_0;754.74;10.27;3633.00;2.74;803785575#0_0;5.10;0.00;tripinfo_in_od_to_kl.44;375.00;in_od_to_kl.44;0;2678.40;0.95;0.00;120.79;car;;7;47.00
4008.00;23156305_0;1264.14;11.19;3651.00;9.89;-230845886_0;5.10;0.00;tripinfo_in_ba_to_gg.26;357.00;in_ba_to_gg.26;0;2718.65;1.12;0.00;135.40;car;;1;2.00
4010.00;972103805_0;116.86;10.77;3463.00;56.42;-23142338#2_0;5.10;0.00;tripinfo_in_ns_to_ko.136;547.00;in_ns_to_ko.136;0;1398.55;0.97;0.00;416.91;car;;18;228.00
4010.00;23156305_0;1264.14;10.57;3507.00;3.16;803785575#0_0;5.10;0.00;tripinfo_in_od_to_gg.68;503.00;in_od_to_gg.68;0;3669.96;0.98;0.00;164.39;car;;3;26.00
4010.00;28716808#1_0;754.74;11.05;3645.00;0.93;803785575#0_0;5.10;0.00;tripinfo_in_od_to_kl.45;365.00;in_od_to_kl.45;0;2678.40;1.02;0.00;126.54;car;;6;43.00
4012.00;23156305_0;1264.14;11.25;3295.00;1.95;-23142338#2_0;5.10;0.00;tripinfo_in_ns_to_gg.14;717.00;in_ns_to_gg.14;0;3297.24;1.11;0.00;446.92;car;;21;221.00
4012.00;972103805_0;116.86;12.01;3468.00;55.85;-23142338#2_0;5.10;0.00;tripinfo_in_ns_to_ko.137;544.00;in_ns_to_ko.137;0;1398.55;1.13;0.00;431.67;car;;18;220.00
4014.00;28706217_0;94.10;8.63;3158.00;15.69;-230845886_0;5.10;0.00;tripinfo_in_ba_to_sl.25;856.00;in_ba_to_sl.25;0;1934.94;1.12;0.00;695.63;car;;24;499.00
4014.00;23156305_0;1264.14;10.89;3530.00;6.10;803785575#0_0;5.10;0.00;tripinfo_in_od_to_gg.69;484.00;in_od_to_gg.69;0;3669.96;1.05;0.00;167.78;car;;6;60.00
4014.00;28716808#1_0;754.74;9.57;3658.00;5.07;803785575#0_0;5.10;0.00;tripinfo_in_od_to_kl.46;356.00;in_od_to_kl.46;0;2678.40;0.93;0.00;96.57;car;;4;21.00
4014.00;23142338#2_0;290.21;10.78;3755.00;80.21;23687583_0;5.10;0.00;tripinfo_in_as_to_ns.43;259.00;in_as_to_ns.43;0;1995.73;1.03;0.00;81.59;car;;4;42.00
4014.00;41899283#1_0;148.70;9.50;3848.00;1.38;-230845886_0;5.10;0.00;tripinfo_in_ba_to_as.61;166.00;in_ba_to_as.61;0;1430.78;0.91;0.00;23.62;car;;0;0.00
4015.00;23156305_0;1264.14;11.50;3566.00;6.81;803785575#0_0;5.10;0.00;tripinfo_in_od_to_gg.70;449.00;in_od_to_gg.70;0;3669.96;1.05;0.00;131.95;car;;3;29.00
4015.00;28716808#1_0;754.74;11.84;3681.00;0.24;803785575#0_0;5.10;0.00;tripinfo_in_od_to_kl.47;334.00;in_od_to_kl.47;0;2678.40;1.09;0.00;111.43;car;;3;20.00
4016.00;972103805_0;116.86;9.68;3487.00;70.66;-23142338#2_0;5.10;0.00;tripinfo_in_ns_to_ko.138;529.00;in_ns_to_ko.138;0;1398.55;0.94;0.00;394.18;car;;17;221.00
4018.00;972103805_0;116.86;10.02;3493.00;75.67;-23142338#2_0;5.10;0.00;tripinfo_in_ns_to_ko.139;525.00;in_ns_to_ko.139;0;1398.55;0.98;0.00;395.42;car;;16;209.00
4019.00;23527526_0;253.75;10.13;3833.00;2.29;-230845886_0;5.10;0.00;tripinfo_in_ba_to_gj.58;186.00;in_ba_to_gj.58;0;1755.68;0.93;0.00;14.05;car;;0;0.00
4020.00;972103805_0;116.86;12.40;3755.00;10.47;803785575#0_0;5.10;0.00;tripinfo_in_od_to_ko.89;265.00;in_od_to_ko.89;0;2307.67;1.12;0.00;68.23;car;;2;21.00
4021.00;23156390_0;1121.44;11.15;3804.00;70.32;23687583_0;5.10;0.00;tripinfo_in_as_to_br.13;217.00;in_as_to_br.13;0;1694.48;1.08;0.00;74.73;car;;2;37.00
4021.00;23527526_0;253.75;10.97;3899.00;89.53;23687583_0;5.10;0.00;tripinfo_in_as_to_gj.61;122.00;in_as_to_gj.61;0;649.06;1.01;0.00;62.67;car;;3;22.00
4022.00;972103805_0;116.86;10.38;3767.00;4.91;803785575#0_0;5.10;0.00;tripinfo_in_od_to_ko.90;255.00;in_od_to_ko.90;0;2307.67;0.97;0.00;28.29;car;;0;0.00
4024.00;972103805_0;116.86;10.96;3759.00;4.90;-230845886_0;5.10;0.00;tripinfo_in_ba_to_ko.106;265.00;in_ba_to_ko.106;0;2114.29;1.09;0.00;88.82;car;;3;45.00
4028.00;23156390_0;1121.44;11.08;3621.00;0.40;803785575#0_0;5.10;0.00;tripinfo_in_od_to_br.48;407.00;in_od_to_br.48;0;3149.31;1.03;0.00;129.97;car;;4;43.00
4028.00;972103805_0;116.86;8.54;3816.00;76.35;23687583_0;5.10;0.00;tripinfo_in_as_to_ko.69;212.00;in_as_to_ko.69;0;1102.39;0.87;0.00;98.18;car;;4;55.00
4030.00;972103805_0;116.86;9.84;3819.00;69.51;23687583_0;5.10;0.00;tripinfo_in_as_to_ko.70;211.00;in_as_to_ko.70;0;1102.39;0.99;0.00;110.44;car;;5;52.00
4030.00;28716808#1_0;754.74;12.79;3892.00;85.42;23687583_0;5.10;0.00;tripinfo_in_as_to_kl.17;138.00;in_as_to_kl.17;0;1207.92;1.16;0.00;43.63;car;;2;4.00
4032.00;972103805_0;116.86;10.89;3882.00;88.79;23687583_0;5.10;0.00;tripinfo_in_as_to_ko.71;150.00;in_as_to_ko.71;0;1102.39;1.04;0.00;54.08;car;;2;9.00
4032.00;41899283#1_0;148.70;10.64;3872.00;0.88;-230845886_0;5.10;0.00;tripinfo_in_ba_to_as.62;160.00;in_ba_to_as.62;0;1430.78;0.99;0.00;28.57;car;;1;1.00
4034.00;972103805_0;116.86;11.06;3776.00;0.62;-230845886_0;5.10;0.00;tripinfo_in_ba_to_ko.107;258.00;in_ba_to_ko.107;0;2114.29;1.08;0.00;80.01;car;;4;35.00
4035.00;23527526_0;253.75;10.41;3713.00;4.88;803785575#0_0;5.10;0.00;tripinfo_in_od_to_gj.18;322.00;in_od_to_gj.18;0;2706.99;0.99;0.00;75.86;car;;3;18.00
4036.00;972103805_0;116.86;11.57;3794.00;0.23;-230845886_0;5.10;0.00;tripinfo_in_ba_to_ko.108;242.00;in_ba_to_ko.108;0;2114.29;1.08;0.00;63.89;car;;2;22.00
4036.00;41899283#1_0;148.70;11.79;3881.00;1.79;-230845886_0;5.10;0.00;tripinfo_in_ba_to_as.63;155.00;in_ba_to_as.63;0;1430.78;1.08;0.00;35.11;car;;0;0.00
4039.00;972103805_0;116.86;10.88;3497.00;74.81;-23142338#2_0;5.10;0.00;tripinfo_in_ns_to_ko.140;542.00;in_ns_to_ko.140;0;1398.55;1.02;0.00;418.23;car;;17;238.00
4041.00;41899283#1_0;148.70;11.14;3888.00;7.44;-230845886_0;5.10;0.00;tripinfo_in_ba_to_as.64;153.00;in_ba_to_as.64;0;1430.78;1.02;0.00;26.69;car;;0;0.00
4044.00;972103805_0;116.86;10.28;3770.00;5.42;803785575#0_0;5.10;0.00;tripinfo_in_od_to_ko.91;274.00;in_od_to_ko.91;0;2307.67;0.94;0.00;41.88;car;;1;15.00
4046.00;972103805_0;116.86;10.21;3806.00;3.36;803785575#0_0;5.10;0.00;tripinfo_in_od_to_ko.92;240.00;in_od_to_ko.92;0;2307.67;1.01;0.00;23.67;car;;0;0.00
4048.00;45494495_0;58.90;8.56;3370.00;75.13;23687583_0;5.10;0.00;tripinfo_in_as_to_os.32;678.00;in_as_to_os.32;0;1689.77;0.85;0.00;497.75;car;;21;309.00
4049.00;28716808#1_0;754.74;10.58;3435.00;41.26;-23142338#2_0;5.10;0.00;tripinfo_in_ns_to_kl.10;614.00;in_ns_to_kl.10;0;2315.58;1.04;0.00;412.52;car;;17;221.00
4050.00;45494495_0;58.90;10.99;3457.00;0.61;-230845886_0;5.10;0.00;tripinfo_in_ba_to_os.43;593.00;in_ba_to_os.43;0;1647.96;1.03;0.00;447.97;car;;14;262.00
4050.00;41899283#1_0;148.70;10.67;3895.00;1.32;-230845886_0;5.10;0.00;tripinfo_in_ba_to_as.65;155.00;in_ba_to_as.65;0;1430.78;1.05;0.00;31.53;car;;0;0.00
4052.00;45494495_0;58.90;9.86;3075.00;9.29;-23142338#2_0;5.10;0.00;tripinfo_in_ns_to_os.6;977.00;in_ns_to_os.6;0;1865.82;0.97;0.00;803.76;car;;33;462.00
4053.00;41899283#1_0;148.70;11.36;3440.00;42.70;-23142338#2_0;5.10;0.00;tripinfo_in_ns_to_as.19;613.00;in_ns_to_as.19;0;2009.37;1.03;0.00;434.27;car;;18;233.00
4053.00;230845886_0;633.12;10.84;3728.00;10.38;803785575#0_0;5.10;0.00;tripinfo_in_od_to_ba.69;325.00;in_od_to_ba.69;0;2382.14;0.99;0.00;108.04;car;;3;27.00
4053.00;972103805_0;116.86;10.65;3896.00;87.81;23687583_0;5.10;0.00;tripinfo_in_as_to_ko.72;157.00;in_as_to_ko.72;0;1102.39;1.06;0.00;63.29;car;;3;23.00
4054.00;23156305_0;1264.14;8.98;3592.00;3.18;803785575#0_0;5.10;0.00;tripinfo_in_od_to_gg.71;462.00;in_od_to_gg.71;0;3669.96;0.91;0.00;98.40;car;;4;30.00
4056.00;23156305_0;1264.14;11.99;3617.00;2.08;803785575#0_0;5.10;0.00;tripinfo_in_od_to_gg.73;439.00;in_od_to_gg.73;0;3669.96;1.09;0.00;132.86;car;;3;22.00
4056.00;23527526_0;253.75;9.35;3854.00;3.22;-230845886_0;5.10;0.00;tripinfo_in_ba_to_gj.59;202.00;in_ba_to_gj.59;0;1755.68;0.89;0.00;23.14;car;;0;0.00
4056.00;45494495_0;58.90;8.17;3873.00;2.31;803785575#0_0;5.10;0.00;tripinfo_in_od_to_os.99;183.00;in_od_to_os.99;0;969.96;0.79;0.00;71.68;car;;2;40.00
4057.00;972103805_0;116.86;10.29;3816.00;1.30;-230845886_0;5.10;0.00;tripinfo_in_ba_to_ko.109;241.00;in_ba_to_ko.109;0;2114.29;0.96;0.00;39.35;car;;2;6.00
4058.00;45494495_0;58.90;12.05;3382.00;61.31;23687583_0;5.10;0.00;tripinfo_in_as_to_os.33;676.00;in_as_to_os.33;0;1689.77;1.17;0.00;545.27;car;;25;307.00
4058.00;23142338#2_0;290.21;11.89;3800.00;4.93;-230845886_0;5.10;0.00;tripinfo_in_ba_to_ns.22;258.00;in_ba_to_ns.22;0;2346.36;1.10;0.00;64.38;car;;1;18.00
4060.00;230845886_0;633.12;10.86;3889.00;90.07;23687583_0;5.10;0.00;tripinfo_in_as_to_ba.39;171.00;in_as_to_ba.39;0;1356.50;1.01;0.00;49.27;car;;3;5.00
4060.00;972103805_0;116.86;9.59;3822.00;6.81;-230845886_0;5.10;0.00;tripinfo_in_ba_to_ko.110;238.00;in_ba_to_ko.110;0;2114.29;0.93;0.00;31.30;car;;0;0.00
4062.00;972103805_0;116.86;13.70;3825.00;2.68;-230845886_0;5.10;0.00;tripinfo_in_ba_to_ko.111;237.00;in_ba_to_ko.111;0;2114.29;1.24;0.00;80.93;car;;1;1.00
4062.00;23527526_0;253.75;9.90;3857.00;3.77;-230845886_0;5.10;0.00;tripinfo_in_ba_to_gj.60;205.00;in_ba_to_gj.60;0;1755.68;1.00;0.00;46.08;car;;1;9.00
4063.00;28706217_0;94.10;7.76;3979.00;38.55;803785575#0_0;5.10;0.00;tripinfo_in_od_to_sl.6;84.00;in_od_to_sl.6;0;747.33;1.01;0.00;12.03;car;;0;0.00
4065.00;28706217_0;94.10;8.09;3173.00;64.99;23687583_0;5.10;0.00;tripinfo_in_as_to_sl.43;892.00;in_as_to_sl.43;0;1976.75;1.12;0.00;727.88;car;;24;493.00
4066.00;972103805_0;116.86;10.10;3529.00;79.31;-23142338#2_0;5.10;0.00;tripinfo_in_ns_to_ko.141;537.00;in_ns_to_ko.141;0;1398.55;0.92;0.00;399.57;car;;17;227.00
4068.00;972103805_0;116.86;10.53;3549.00;76.49;-23142338#2_0;5.10;0.00;tripinfo_in_ns_to_ko.142;519.00;in_ns_to_ko.142;0;1398.55;0.96;0.00;387.64;car;;16;215.00
4070.00;972103805_0;116.86;10.10;3557.00;74.57;-23142338#2_0;5.10;0.00;tripinfo_in_ns_to_ko.143;513.00;in_ns_to_ko.143;0;1398.55;0.99;0.00;386.15;car;;16;205.00
4072.00;972103805_0;116.86;11.35;3816.00;0.25;803785575#0_0;5.10;0.00;tripinfo_in_od_to_ko.93;256.00;in_od_to_ko.93;0;2307.67;1.10;0.00;55.24;car;;1;16.00
4073.00;23142338#2_0;290.21;11.11;3784.00;61.34;23687583_0;5.10;0.00;tripinfo_in_as_to_ns.44;289.00;in_as_to_ns.44;0;1995.73;1.03;0.00;113.13;car;;4;67.00
4076.00;41899283#1_0;148.70;10.25;3740.00;8.21;803785575#0_0;5.10;0.00;tripinfo_in_od_to_as.62;336.00;in_od_to_as.62;0;2382.09;0.98;0.00;117.22;car;;3;27.00
4078.00;41899283#1_0;148.70;12.25;3518.00;82.27;-23142338#2_0;5.10;0.00;tripinfo_in_ns_to_as.20;560.00;in_ns_to_as.20;0;2009.37;1.13;0.00;397.74;car;;17;218.00
4080.00;41899283#1_0;148.70;13.74;3523.00;79.83;-23142338#2_0;5.10;0.00;tripinfo_in_ns_to_as.21;557.00;in_ns_to_as.21;0;2009.37;1.24;0.00;408.61;car;;17;214.00
4081.00;23156305_0;1264.14;8.20;3599.00;2.80;803785575#0_0;5.10;0.00;tripinfo_in_od_to_gg.72;482.00;in_od_to_gg.72;0;3669.96;0.83;0.00;81.00;car;;2;22.00
4083.00;23156305_0;1264.14;10.65;3636.00;5.35;803785575#0_0;5.10;0.00;tripinfo_in_od_to_gg.74;447.00;in_od_to_gg.74;0;3669.96;1.06;0.00;133.58;car;;3;27.00
4083.00;23527526_0;253.75;8.76;3863.00;4.98;-230845886_0;5.10;0.00;tripinfo_in_ba_to_gj.61;220.00;in_ba_to_gj.61;0;1755.68;0.84;0.00;29.49;car;;1;2.00
4085.00;23527526_0;253.75;10.50;3884.00;3.76;-230845886_0;5.10;0.00;tripinfo_in_ba_to_gj.62;201.00;in_ba_to_gj.62;0;1755.68;0.97;0.00;37.03;car;;0;0.00
4088.00;972103805_0;116.86;10.17;3940.00;98.43;23687583_0;5.10;0.00;tripinfo_in_as_to_ko.73;148.00;in_as_to_ko.73;0;1102.39;0.92;0.00;39.92;car;;1;10.00
4089.00;230845886_0;633.12;11.44;3783.00;0.91;803785575#0_0;5.10;0.00;tripinfo_in_od_to_ba.71;306.00;in_od_to_ba.71;0;2382.14;1.09;0.00;109.11;car;;4;32.00
4091.00;972103805_0;116.86;9.98;3836.00;4.25;-230845886_0;5.10;0.00;tripinfo_in_ba_to_ko.112;255.00;in_ba_to_ko.112;0;2114.29;0.98;0.00;58.61;car;;3;21.00
4092.00;41899283#1_0;148.70;9.87;3758.00;6.95;803785575#0_0;5.10;0.00;tripinfo_in_od_to_as.63;334.00;in_od_to_as.63;0;2382.09;1.00;0.00;117.57;car;;4;36.00
4094.00;972103805_0;116.86;8.84;3578.00;67.55;-23142338#2_0;5.10;0.00;tripinfo_in_ns_to_ko.144;516.00;in_ns_to_ko.144;0;1398.55;0.91;0.00;376.69;car;;17;192.00
4094.00;41899283#1_0;148.70;11.23;3780.00;3.78;803785575#0_0;5.10;0.00;tripinfo_in_od_to_as.64;314.00;in_od_to_as.64;0;2382.09;1.12;0.00;121.73;car;;4;34.00
4094.00;23527526_0;253.75;8.62;3974.00;85.95;23687583_0;5.10;0.00;tripinfo_in_as_to_gj.62;120.00;in_as_to_gj.62;0;649.06;0.89;0.00;53.31;car;;2;31.00
4096.00;23142338#2_0;290.21;10.25;3876.00;2.78;803785575#0_0;5.10;0.00;tripinfo_in_od_to_ns.19;220.00;in_od_to_ns.19;0;1928.29;0.93;0.00;20.91;car;;0;0.00
4097.00;972103805_0;116.86;9.35;3581.00;64.32;-23142338#2_0;5.10;0.00;tripinfo_in_ns_to_ko.145;516.00;in_ns_to_ko.145;0;1398.55;0.93;0.00;380.62;car;;17;183.00
4098.00;23142338#2_0;290.21;11.57;3885.00;5.21;803785575#0_0;5.10;0.00;tripinfo_in_od_to_ns.20;213.00;in_od_to_ns.20;0;1928.29;1.08;0.00;40.37;car;;0;0.00
4098.00;23527526_0;253.75;10.40;3914.00;1.04;-230845886_0;5.10;0.00;tripinfo_in_ba_to_gj.63;184.00;in_ba_to_gj.63;0;1755.68;0.98;0.00;20.81;car;;0;0.00
4100.00;972103805_0;116.86;9.42;3586.00;68.12;-23142338#2_0;5.10;0.00;tripinfo_in_ns_to_ko.146;514.00;in_ns_to_ko.146;0;1398.55;0.88;0.00;370.69;car;;16;185.00
4100.00;41899283#1_0;148.70;10.68;3796.00;0.37;803785575#0_0;5.10;0.00;tripinfo_in_od_to_as.65;304.00;in_od_to_as.65;0;2382.09;1.07;0.00;101.28;car;;4;27.00
4100.00;23527526_0;253.75;10.91;3917.00;0.23;-230845886_0;5.10;0.00;tripinfo_in_ba_to_gj.64;183.00;in_ba_to_gj.64;0;1755.68;1.05;0.00;31.62;car;;0;0.00
4102.00;230845886_0;633.12;10.13;3777.00;1.08;803785575#0_0;5.10;0.00;tripinfo_in_od_to_ba.70;325.00;in_od_to_ba.70;0;2382.14;0.93;0.00;93.16;car;;4;31.00
4102.00;972103805_0;116.86;11.63;3864.00;2.85;803785575#0_0;5.10;0.00;tripinfo_in_od_to_ko.94;238.00;in_od_to_ko.94;0;2307.67;1.10;0.00;39.01;car;;1;4.00
4102.00;23527526_0;253.75;11.45;3920.00;0.39;-230845886_0;5.10;0.00;tripinfo_in_ba_to_gj.65;182.00;in_ba_to_gj.65;0;1755.68;1.08;0.00;34.16;car;;1;4.00
4103.00;28716808#1_0;754.74;6.65;3697.00;3.80;803785575#0_0;5.10;0.00;tripinfo_in_od_to_kl.48;406.00;in_od_to_kl.48;0;2678.40;0.68;0.00;48.74;car;;1;10.00
4103.00;23156305_0;1264.14;10.41;3830.00;0.38;-230845886_0;5.10;0.00;tripinfo_in_ba_to_gg.27;273.00;in_ba_to_gg.27;0;2718.65;1.04;0.00;34.45;car;;0;0.00
4104.00;972103805_0;116.86;12.84;3870.00;1.62;803785575#0_0;5.10;0.00;tripinfo_in_od_to_ko.95;234.00;in_od_to_ko.95;0;2307.67;1.26;0.00;57.67;car;;1;4.00
4105.00;28716808#1_0;754.74;9.30;3905.00;78.35;23687583_0;5.10;0.00;tripinfo_in_as_to_kl.18;200.00;in_as_to_kl.18;0;1207.92;0.93;0.00;81.68;car;;4;25.00
4110.00;230845886_0;633.12;9.55;3908.00;80.76;23687583_0;5.10;0.00;tripinfo_in_as_to_ba.40;202.00;in_as_to_ba.40;0;1356.50;0.96;0.00;74.30;car;;4;21.00
4112.00;230845886_0;633.12;9.90;3925.00;91.66;23687583_0;5.10;0.00;tripinfo_in_as_to_ba.41;187.00;in_as_to_ba.41;0;1356.50;1.00;0.00;63.93;car;;2;14.00
4116.00;23527526_0;253.75;11.01;4003.00;64.48;23687583_0;5.10;0.00;tripinfo_in_as_to_gj.63;113.00;in_as_to_gj.63;0;649.06;1.05;0.00;56.99;car;;2;34.00
4119.00;972103805_0;116.86;8.23;3965.00;86.51;23687583_0;5.10;0.00;tripinfo_in_as_to_ko.74;154.00;in_as_to_ko.74;0;1102.39;0.81;0.00;30.97;car;;1;9.00
4121.00;972103805_0;116.86;9.44;3860.00;4.20;-230845886_0;5.10;0.00;tripinfo_in_ba_to_ko.113;261.00;in_ba_to_ko.113;0;2114.29;0.88;0.00;41.81;car;;2;5.00
4123.00;972103805_0;116.86;9.45;3878.00;1.68;-230845886_0;5.10;0.00;tripinfo_in_ba_to_ko.114;245.00;in_ba_to_ko.114;0;2114.29;0.88;0.00;27.43;car;;0;0.00
4123.00;28716808#1_0;754.74;10.61;3971.00;84.70;23687583_0;5.10;0.00;tripinfo_in_as_to_kl.19;152.00;in_as_to_kl.19;0;1207.92;1.06;0.00;48.34;car;;2;13.00
4125.00;972103805_0;116.86;10.92;3608.00;79.91;-23142338#2_0;5.10;0.00;tripinfo_in_ns_to_ko.147;517.00;in_ns_to_ko.147;0;1398.55;1.02;0.00;392.71;car;;18;198.00
4125.00;23527526_0;253.75;10.56;3926.00;2.87;-230845886_0;5.10;0.00;tripinfo_in_ba_to_gj.66;199.00;in_ba_to_gj.66;0;1755.68;0.96;0.00;32.67;car;;2;9.00
4127.00;972103805_0;116.86;13.35;3640.00;102.92;-23142338#2_0;5.10;0.00;tripinfo_in_ns_to_ko.148;487.00;in_ns_to_ko.148;0;1398.55;1.24;0.00;384.64;car;;17;191.00
4127.00;23527526_0;253.75;11.08;3932.00;3.23;-230845886_0;5.10;0.00;tripinfo_in_ba_to_gj.67;195.00;in_ba_to_gj.67;0;1755.68;1.03;0.00;40.18;car;;1;3.00
4129.00;230845886_0;633.12;8.82;2436.00;0.82;-45494495_0;5.10;0.00;tripinfo_in_os_to_ba.12;1693.00;in_os_to_ba.12;0;1746.52;0.89;0.00;1515.17;car;;9;1432.00
4129.00;23527526_0;253.75;11.70;3935.00;5.94;-230845886_0;5.10;0.00;tripinfo_in_ba_to_gj.68;194.00;in_ba_to_gj.68;0;1755.68;1.07;0.00;45.12;car;;1;2.00
4130.00;23156305_0;1264.14;11.09;3943.00;98.92;23687583_0;5.10;0.00;tripinfo_in_as_to_gg.14;187.00;in_as_to_gg.14;0;1600.87;1.00;0.00;43.03;car;;1;10.00
4135.00;23527526_0;253.75;10.14;4009.00;60.73;23687583_0;5.10;0.00;tripinfo_in_as_to_gj.64;126.00;in_as_to_gj.64;0;649.06;1.02;0.00;67.53;car;;3;43.00
4136.00;23142338#2_0;290.21;9.60;3845.00;0.85;-230845886_0;5.10;0.00;tripinfo_in_ba_to_ns.23;291.00;in_ba_to_ns.23;0;2346.36;0.87;0.00;45.66;car;;1;10.00
4136.00;23527526_0;253.75;12.38;4012.00;62.61;23687583_0;5.10;0.00;tripinfo_in_as_to_gj.65;124.00;in_as_to_gj.65;0;649.06;1.18;0.00;74.11;car;;3;39.00
4137.00;28716808#1_0;754.74;10.11;3792.00;0.87;803785575#0_0;5.10;0.00;tripinfo_in_od_to_kl.49;345.00;in_od_to_kl.49;0;2678.40;0.96;0.00;91.27;car;;5;25.00
4138.00;23142338#2_0;290.21;11.38;3866.00;3.12;-230845886_0;5.10;0.00;tripinfo_in_ba_to_ns.24;272.00;in_ba_to_ns.24;0;2346.36;1.03;0.00;65.11;car;;1;9.00
4139.00;28706217_0;94.10;6.89;3191.00;17.26;-230845886_0;5.10;0.00;tripinfo_in_ba_to_sl.26;948.00;in_ba_to_sl.26;0;1934.94;0.93;0.00;754.23;car;;23;587.00
4139.00;23142338#2_0;290.21;11.45;3827.00;66.94;23687583_0;5.10;0.00;tripinfo_in_as_to_ns.45;312.00;in_as_to_ns.45;0;1995.73;1.11;0.00;148.76;car;;5;72.00
4141.00;230845886_0;633.12;7.85;3935.00;97.30;23687583_0;5.10;0.00;tripinfo_in_as_to_ba.42;206.00;in_as_to_ba.42;0;1356.50;0.80;0.00;52.79;car;;4;15.00
4142.00;23156390_0;1121.44;10.42;3722.00;6.28;803785575#0_0;5.10;0.00;tripinfo_in_od_to_br.49;420.00;in_od_to_br.49;0;3149.31;0.95;0.00;120.52;car;;3;31.00
4142.00;23142338#2_0;290.21;9.31;3834.00;44.46;23687583_0;5.10;0.00;tripinfo_in_as_to_ns.46;308.00;in_as_to_ns.46;0;1995.73;0.94;0.00;113.59;car;;4;55.00
4143.00;230845886_0;633.12;10.71;3955.00;84.28;23687583_0;5.10;0.00;tripinfo_in_as_to_ba.43;188.00;in_as_to_ba.43;0;1356.50;0.97;0.00;61.24;car;;2;17.00
4144.00;972103805_0;116.86;10.50;3990.00;89.38;23687583_0;5.10;0.00;tripinfo_in_as_to_ko.75;154.00;in_as_to_ko.75;0;1102.39;1.02;0.00;56.56;car;;2;30.00
4145.00;28716808#1_0;754.74;10.19;3803.00;2.05;803785575#0_0;5.10;0.00;tripinfo_in_od_to_kl.50;342.00;in_od_to_kl.50;0;2678.40;1.03;0.00;106.72;car;;5;31.00
4145.00;230845886_0;633.12;10.63;3968.00;82.39;23687583_0;5.10;0.00;tripinfo_in_as_to_ba.44;177.00;in_as_to_ba.44;0;1356.50;1.00;0.00;54.16;car;;2;14.00
4146.00;972103805_0;116.86;11.61;3994.00;86.28;23687583_0;5.10;0.00;tripinfo_in_as_to_ko.76;152.00;in_as_to_ko.76;0;1102.39;1.05;0.00;57.58;car;;2;27.00
4151.00;28706217_0;94.10;8.75;3137.00;79.49;23687583_0;5.10;0.00;tripinfo_in_as_to_sl.40;1014.00;in_as_to_sl.40;0;1976.75;1.17;0.00;857.97;car;;32;635.00
4154.00;23142338#2_0;290.21;9.91;3875.00;2.70;-230845886_0;5.10;0.00;tripinfo_in_ba_to_ns.25;279.00;in_ba_to_ns.25;0;2346.36;0.98;0.00;61.60;car;;2;21.00
4155.00;972103805_0;116.86;8.98;3650.00;90.13;-23142338#2_0;5.10;0.00;tripinfo_in_ns_to_ko.149;505.00;in_ns_to_ko.149;0;1398.55;0.91;0.00;365.66;car;;17;180.00
4155.00;23527526_0;253.75;10.40;3955.00;3.15;-230845886_0;5.10;0.00;tripinfo_in_ba_to_gj.69;200.00;in_ba_to_gj.69;0;1755.68;0.97;0.00;35.86;car;;1;1.00
4157.00;972103805_0;116.86;11.66;3898.00;11.10;803785575#0_0;5.10;0.00;tripinfo_in_od_to_ko.96;259.00;in_od_to_ko.96;0;2307.67;1.06;0.00;50.63;car;;1;19.00
4158.00;41899283#1_0;148.70;9.59;2507.00;0.56;-45494495_0;5.10;0.00;tripinfo_in_os_to_as.9;1651.00;in_os_to_as.9;0;1746.47;0.88;0.00;1471.77;car;;21;1329.00
4159.00;972103805_0;116.86;12.17;3907.00;14.25;803785575#0_0;5.10;0.00;tripinfo_in_od_to_ko.97;252.00;in_od_to_ko.97;0;2307.67;1.15;0.00;60.42;car;;1;17.00
4162.00;41899283#1_0;148.70;10.81;3813.00;0.14;803785575#0_0;5.10;0.00;tripinfo_in_od_to_as.66;349.00;in_od_to_as.66;0;2382.09;0.98;0.00;130.03;car;;5;35.00
4162.00;23527526_0;253.75;10.55;3958.00;4.25;-230845886_0;5.10;0.00;tripinfo_in_ba_to_gj.70;204.00;in_ba_to_gj.70;0;1755.68;0.95;0.00;36.96;car;;2;3.00
4163.00;28706217_0;94.10;5.57;3458.00;52.98;-23142338#2_0;5.10;0.00;tripinfo_in_ns_to_sl.6;705.00;in_ns_to_sl.6;0;1619.36;0.82;0.00;504.26;car;;19;318.00
4164.00;230845886_0;633.12;11.31;3892.00;6.30;803785575#0_0;5.10;0.00;tripinfo_in_od_to_ba.72;272.00;in_od_to_ba.72;0;2382.14;1.03;0.00;63.42;car;;3;16.00
4164.00;23527526_0;253.75;11.71;4032.00;47.56;23687583_0;5.10;0.00;tripinfo_in_as_to_gj.66;132.00;in_as_to_gj.66;0;649.06;1.10;0.00;77.49;car;;4;34.00
4165.00;28706217_0;94.10;7.46;3141.00;72.93;23687583_0;5.10;0.00;tripinfo_in_as_to_sl.41;1024.00;in_as_to_sl.41;0;1976.75;1.01;0.00;842.57;car;;28;623.00
4166.00;23156390_0;1121.44;11.17;3786.00;0.97;803785575#0_0;5.10;0.00;tripinfo_in_od_to_br.50;380.00;in_od_to_br.50;0;3149.31;1.08;0.00;115.61;car;;4;28.00
4166.00;41899283#1_0;148.70;11.84;3889.00;5.40;803785575#0_0;5.10;0.00;tripinfo_in_od_to_as.67;277.00;in_od_to_as.67;0;2382.09;1.10;0.00;81.19;car;;3;16.00
4166.00;230845886_0;633.12;12.19;4000.00;66.90;23687583_0;5.10;0.00;tripinfo_in_as_to_ba.45;166.00;in_as_to_ba.45;0;1356.50;1.10;0.00;54.07;car;;1;20.00
4168.00;230845886_0;633.12;12.62;3560.00;69.07;-23142338#2_0;5.10;0.00;tripinfo_in_ns_to_ba.5;608.00;in_ns_to_ba.5;0;2340.42;1.30;0.00;438.69;car;;20;214.00
4172.00;45494495_0;58.90;11.35;3934.00;31.37;803785575#0_0;5.10;0.00;tripinfo_in_od_to_os.101;238.00;in_od_to_os.101;0;969.96;1.05;0.00;154.14;car;;1;141.00
4174.00;45494495_0;58.90;11.06;3961.00;34.75;803785575#0_0;5.10;0.00;tripinfo_in_od_to_os.103;213.00;in_od_to_os.103;0;969.96;1.05;0.00;129.59;car;;1;116.00
4176.00;41899283#1_0;148.70;9.80;3569.00;76.18;-23142338#2_0;5.10;0.00;tripinfo_in_ns_to_as.22;607.00;in_ns_to_as.22;0;2009.37;0.96;0.00;416.43;car;;17;207.00
4177.00;45494495_0;58.90;11.14;3501.00;0.47;-230845886_0;5.10;0.00;tripinfo_in_ba_to_os.44;676.00;in_ba_to_os.44;0;1647.96;1.11;0.00;541.30;car;;19;342.00
4178.00;972103805_0;116.86;8.34;3902.00;0.45;-230845886_0;5.10;0.00;tripinfo_in_ba_to_ko.115;276.00;in_ba_to_ko.115;0;2114.29;0.80;0.00;34.26;car;;1;6.00
4180.00;972103805_0;116.86;11.56;3923.00;2.86;-230845886_0;5.10;0.00;tripinfo_in_ba_to_ko.116;257.00;in_ba_to_ko.116;0;2114.29;1.08;0.00;78.32;car;;2;9.00
4180.00;45494495_0;58.90;10.74;4030.00;32.53;803785575#0_0;5.10;0.00;tripinfo_in_od_to_os.105;150.00;in_od_to_os.105;0;969.96;0.99;0.00;61.32;car;;1;40.00
4181.00;23527526_0;253.75;11.72;3854.00;0.31;803785575#0_0;5.10;0.00;tripinfo_in_od_to_gj.19;327.00;in_od_to_gj.19;0;2706.99;1.09;0.00;103.26;car;;6;30.00
4181.00;23156305_0;1264.14;10.33;3892.00;11.25;-230845886_0;5.10;0.00;tripinfo_in_ba_to_gg.28;289.00;in_ba_to_gg.28;0;2718.65;0.95;0.00;29.18;car;;0;0.00
4182.00;41899283#1_0;148.70;10.87;4030.00;2.14;-230845886_0;5.10;0.00;tripinfo_in_ba_to_as.66;152.00;in_ba_to_as.66;0;1430.78;1.03;0.00;25.90;car;;1;2.00
4183.00;28706217_0;94.10;8.46;3132.00;75.36;23687583_0;5.10;0.00;tripinfo_in_as_to_sl.39;1051.00;in_as_to_sl.39;0;1976.75;1.07;0.00;879.76;car;;31;660.00
4183.00;972103805_0;116.86;10.71;3665.00;103.11;-23142338#2_0;5.10;0.00;tripinfo_in_ns_to_ko.150;518.00;in_ns_to_ko.150;0;1398.55;0.97;0.00;388.50;car;;19;200.00
4183.00;23142338#2_0;290.21;11.47;3943.00;37.67;803785575#0_0;5.10;0.00;tripinfo_in_od_to_ns.21;240.00;in_od_to_ns.21;0;1928.29;1.07;0.00;66.00;car;;0;0.00
4184.00;23142338#2_0;290.21;11.56;3973.00;36.57;803785575#0_0;5.10;0.00;tripinfo_in_od_to_ns.22;211.00;in_od_to_ns.22;0;1928.29;1.12;0.00;45.54;car;;0;0.00
4186.00;45494495_0;58.90;8.40;3553.00;2.70;-230845886_0;5.10;0.00;tripinfo_in_ba_to_os.45;633.00;in_ba_to_os.45;0;1647.96;0.81;0.00;447.71;car;;12;305.00
4186.00;972103805_0;116.86;10.71;3671.00;105.06;-23142338#2_0;5.10;0.00;tripinfo_in_ns_to_ko.151;515.00;in_ns_to_ko.151;0;1398.55;1.04;0.00;393.62;car;;17;196.00
4188.00;972103805_0;116.86;10.55;3695.00;109.47;-23142338#2_0;5.10;0.00;tripinfo_in_ns_to_ko.152;493.00;in_ns_to_ko.152;0;1398.55;1.00;0.00;366.83;car;;18;182.00
4189.00;28706217_0;94.10;7.22;3160.00;62.93;23687583_0;5.10;0.00;tripinfo_in_as_to_sl.42;1029.00;in_as_to_sl.42;0;1976.75;0.90;0.00;823.97;car;;28;622.00
4189.00;23142338#2_0;290.21;12.19;3917.00;89.33;23687583_0;5.10;0.00;tripinfo_in_as_to_ns.47;272.00;in_as_to_ns.47;0;1995.73;1.12;0.00;110.30;car;;5;43.00
4189.00;45494495_0;58.90;8.83;4075.00;27.79;803785575#0_0;5.10;0.00;tripinfo_in_od_to_os.106;114.00;in_od_to_os.106;0;969.96;0.88;0.00;14.43;car;;0;0.00
4191.00;45494495_0;58.90;12.40;3558.00;79.25;23687583_0;5.10;0.00;tripinfo_in_as_to_os.34;633.00;in_as_to_os.34;0;1689.77;1.22;0.00;507.95;car;;18;284.00
4191.00;28716808#1_0;754.74;11.07;3882.00;6.78;803785575#0_0;5.10;0.00;tripinfo_in_od_to_kl.51;309.00;in_od_to_kl.51;0;2678.40;1.00;0.00;67.73;car;;5;18.00
4193.00;45494495_0;58.90;10.81;3576.00;71.76;23687583_0;5.10;0.00;tripinfo_in_as_to_os.35;617.00;in_as_to_os.35;0;1689.77;1.04;0.00;469.75;car;;13;273.00
4193.00;23527526_0;253.75;10.87;3636.00;104.36;-23142338#2_0;5.10;0.00;tripinfo_in_ns_to_gj.12;557.00;in_ns_to_gj.12;0;2084.96;1.00;0.00;367.21;car;;17;180.00
4193.00;230845886_0;633.12;10.28;3913.00;15.41;803785575#0_0;5.10;0.00;tripinfo_in_od_to_ba.73;280.00;in_od_to_ba.73;0;2382.14;1.03;0.00;71.55;car;;4;12.00
4197.00;45494495_0;58.90;9.05;3660.00;17.12;-230845886_0;5.10;0.00;tripinfo_in_ba_to_os.49;537.00;in_ba_to_os.49;0;1647.96;0.84;0.00;360.05;car;;13;202.00
4197.00;23527526_0;253.75;9.86;3857.00;0.46;803785575#0_0;5.10;0.00;tripinfo_in_od_to_gj.20;340.00;in_od_to_gj.20;0;2706.99;0.96;0.00;84.21;car;;4;19.00
4198.00;230845886_0;633.12;12.05;3946.00;38.97;803785575#0_0;5.10;0.00;tripinfo_in_od_to_ba.74;252.00;in_od_to_ba.74;0;2382.14;1.10;0.00;56.01;car;;2;2.00
4199.00;45494495_0;58.90;9.97;3633.00;8.64;-230845886_0;5.10;0.00;tripinfo_in_ba_to_os.47;566.00;in_ba_to_os.47;0;1647.96;0.98;0.00;413.68;car;;13;245.00
4199.00;23527526_0;253.75;10.80;3879.00;4.94;803785575#0_0;5.10;0.00;tripinfo_in_od_to_gj.21;320.00;in_od_to_gj.21;0;2706.99;1.07;0.00;91.49;car;;5;19.00
4200.00;972103805_0;116.86;8.84;3919.00;20.46;803785575#0_0;5.10;0.00;tripinfo_in_od_to_ko.98;281.00;in_od_to_ko.98;0;2307.67;0.91;0.00;40.74;car;;1;13.00
4201.00;45494495_0;58.90;10.58;3685.00;9.97;-230845886_0;5.10;0.00;tripinfo_in_ba_to_os.50;516.00;in_ba_to_os.50;0;1647.96;0.96;0.00;361.01;car;;12;234.00
4203.00;45494495_0;58.90;10.69;4102.00;27.94;803785575#0_0;5.10;0.00;tripinfo_in_od_to_os.107;101.00;in_od_to_os.107;0;969.96;1.07;0.00;18.57;car;;1;1.00
4207.00;45494495_0;58.90;10.91;3611.00;0.61;-230845886_0;5.10;0.00;tripinfo_in_ba_to_os.46;596.00;in_ba_to_os.46;0;1647.96;1.04;0.00;452.36;car;;23;294.00
4209.00;972103805_0;116.86;8.15;4015.00;56.43;23687583_0;5.10;0.00;tripinfo_in_as_to_ko.77;194.00;in_as_to_ko.77;0;1102.39;0.84;0.00;75.36;car;;4;41.00
4210.00;28706217_0;94.10;8.26;3194.00;3.27;-230845886_0;5.10;0.00;tripinfo_in_ba_to_sl.27;1016.00;in_ba_to_sl.27;0;1934.94;1.06;0.00;846.03;car;;29;635.00
4210.00;28716808#1_0;754.74;8.51;3566.00;74.28;-23142338#2_0;5.10;0.00;tripinfo_in_ns_to_kl.11;644.00;in_ns_to_kl.11;0;2315.58;0.88;0.00;404.81;car;;18;220.00
4211.00;972103805_0;116.86;9.38;4018.00;57.94;23687583_0;5.10;0.00;tripinfo_in_as_to_ko.78;193.00;in_as_to_ko.78;0;1102.39;0.94;0.00;86.17;car;;5;40.00
4212.00;28716808#1_0;754.74;12.06;3901.00;9.97;803785575#0_0;5.10;0.00;tripinfo_in_od_to_kl.52;311.00;in_od_to_kl.52;0;2678.40;1.09;0.00;88.07;car;;5;22.00
4212.00;972103805_0;116.86;12.17;3922.00;22.93;803785575#0_0;5.10;0.00;tripinfo_in_od_to_ko.99;290.00;in_od_to_ko.99;0;2307.67;1.11;0.00;91.57;car;;2;19.00
4215.00;972103805_0;116.86;10.42;3700.00;104.14;-23142338#2_0;5.10;0.00;tripinfo_in_ns_to_ko.153;515.00;in_ns_to_ko.153;0;1398.55;1.00;0.00;388.75;car;;19;190.00
4217.00;972103805_0;116.86;12.61;3705.00;82.37;-23142338#2_0;5.10;0.00;tripinfo_in_ns_to_ko.154;512.00;in_ns_to_ko.154;0;1398.55;1.19;0.00;405.61;car;;17;187.00
4219.00;23156305_0;1264.14;8.70;3719.00;5.72;803785575#0_0;5.10;0.00;tripinfo_in_od_to_gg.75;500.00;in_od_to_gg.75;0;3669.96;0.86;0.00;110.22;car;;3;31.00
4220.00;972103805_0;116.86;11.32;3726.00;98.85;-23142338#2_0;5.10;0.00;tripinfo_in_ns_to_ko.155;494.00;in_ns_to_ko.155;0;1398.55;1.10;0.00;379.40;car;;18;184.00
4221.00;23156305_0;1264.14;10.20;3734.00;8.14;803785575#0_0;5.10;0.00;tripinfo_in_od_to_gg.76;487.00;in_od_to_gg.76;0;3669.96;1.01;0.00;156.38;car;;3;25.00
4222.00;23156305_0;1264.14;11.06;3737.00;9.46;803785575#0_0;5.10;0.00;tripinfo_in_od_to_gg.77;485.00;in_od_to_gg.77;0;3669.96;1.01;0.00;155.48;car;;2;21.00
4222.00;41899283#1_0;148.70;8.54;4033.00;2.73;-230845886_0;5.10;0.00;tripinfo_in_ba_to_as.67;189.00;in_ba_to_as.67;0;1430.78;0.80;0.00;26.95;car;;1;8.00
4223.00;23527526_0;253.75;9.32;4022.00;0.57;-230845886_0;5.10;0.00;tripinfo_in_ba_to_gj.71;201.00;in_ba_to_gj.71;0;1755.68;0.88;0.00;20.02;car;;0;0.00
4225.00;23527526_0;253.75;9.92;4073.00;46.75;23687583_0;5.10;0.00;tripinfo_in_as_to_gj.67;152.00;in_as_to_gj.67;0;649.06;1.00;0.00;92.80;car;;4;40.00
4226.00;41899283#1_0;148.70;11.29;3925.00;24.31;803785575#0_0;5.10;0.00;tripinfo_in_od_to_as.68;301.00;in_od_to_as.68;0;2382.09;1.03;0.00;91.37;car;;3;6.00
4227.00;23142338#2_0;290.21;9.94;3962.00;86.74;23687583_0;5.10;0.00;tripinfo_in_as_to_ns.48;265.00;in_as_to_ns.48;0;1995.73;0.96;0.00;74.50;car;;3;32.00
4227.00;23527526_0;253.75;11.48;4090.00;60.70;23687583_0;5.10;0.00;tripinfo_in_as_to_gj.68;137.00;in_as_to_gj.68;0;649.06;1.08;0.00;81.82;car;;3;35.00
4228.00;23156305_0;1264.14;9.46;3752.00;13.52;803785575#0_0;5.10;0.00;tripinfo_in_od_to_gg.78;476.00;in_od_to_gg.78;0;3669.96;0.97;0.00;132.74;car;;5;41.00
4229.00;23156390_0;1121.44;10.76;3823.00;0.78;803785575#0_0;5.10;0.00;tripinfo_in_od_to_br.51;406.00;in_od_to_br.51;0;3149.31;1.02;0.00;124.83;car;;5;31.00
4233.00;23527526_0;253.75;8.61;4094.00;57.68;23687583_0;5.10;0.00;tripinfo_in_as_to_gj.69;139.00;in_as_to_gj.69;0;649.06;0.85;0.00;68.54;car;;4;31.00
4234.00;41899283#1_0;148.70;10.09;3643.00;89.74;-23142338#2_0;5.10;0.00;tripinfo_in_ns_to_as.23;591.00;in_ns_to_as.23;0;2009.37;0.96;0.00;400.03;car;;17;197.00
4234.00;23156390_0;1121.44;10.75;3861.00;0.67;803785575#0_0;5.10;0.00;tripinfo_in_od_to_br.52;373.00;in_od_to_br.52;0;3149.31;1.00;0.00;87.30;car;;5;16.00
4234.00;23156305_0;1264.14;12.14;3964.00;1.70;-230845886_0;5.10;0.00;tripinfo_in_ba_to_gg.29;270.00;in_ba_to_gg.29;0;2718.65;1.11;0.00;47.78;car;;1;2.00
4234.00;23142338#2_0;290.21;12.45;4033.00;29.84;803785575#0_0;5.10;0.00;tripinfo_in_od_to_ns.23;201.00;in_od_to_ns.23;0;1928.29;1.19;0.00;44.19;car;;1;14.00
4235.00;23527526_0;253.75;9.18;4108.00;71.58;23687583_0;5.10;0.00;tripinfo_in_as_to_gj.70;127.00;in_as_to_gj.70;0;649.06;0.87;0.00;58.69;car;;3;28.00
4237.00;972103805_0;116.86;8.86;4036.00;49.95;23687583_0;5.10;0.00;tripinfo_in_as_to_ko.79;201.00;in_as_to_ko.79;0;1102.39;0.90;0.00;89.86;car;;5;43.00
4237.00;23527526_0;253.75;10.46;4121.00;55.84;23687583_0;5.10;0.00;tripinfo_in_as_to_gj.71;116.00;in_as_to_gj.71;0;649.06;1.00;0.00;56.86;car;;3;27.00
4239.00;972103805_0;116.86;9.57;4039.00;49.94;23687583_0;5.10;0.00;tripinfo_in_as_to_ko.80;200.00;in_as_to_ko.80;0;1102.39;0.91;0.00;90.64;car;;5;40.00
4241.00;972103805_0;116.86;10.64;4063.00;48.26;23687583_0;5.10;0.00;tripinfo_in_as_to_ko.81;178.00;in_as_to_ko.81;0;1102.39;1.07;0.00;84.78;car;;4;25.00
4242.00;28706217_0;94.10;6.95;3281.00;2.14;-230845886_0;5.10;0.00;tripinfo_in_ba_to_sl.31;961.00;in_ba_to_sl.31;0;1934.94;0.98;0.00;776.84;car;;24;603.00
4246.00;972103805_0;116.86;7.88;3952.00;0.23;-230845886_0;5.10;0.00;tripinfo_in_ba_to_ko.117;294.00;in_ba_to_ko.117;0;2114.29;0.80;0.00;54.31;car;;2;20.00
4247.00;28716808#1_0;754.74;9.96;3910.00;14.36;803785575#0_0;5.10;0.00;tripinfo_in_od_to_kl.53;337.00;in_od_to_kl.53;0;2678.40;0.95;0.00;81.82;car;;6;19.00
4248.00;28706217_0;94.10;6.94;3226.00;3.12;-230845886_0;5.10;0.00;tripinfo_in_ba_to_sl.28;1022.00;in_ba_to_sl.28;0;1934.94;0.85;0.00;811.03;car;;29;632.00
4248.00;972103805_0;116.86;10.34;3970.00;2.96;-230845886_0;5.10;0.00;tripinfo_in_ba_to_ko.118;278.00;in_ba_to_ko.118;0;2114.29;0.95;0.00;75.40;car;;2;19.00
4249.00;28716808#1_0;754.74;10.25;3949.00;38.50;803785575#0_0;5.10;0.00;tripinfo_in_od_to_kl.54;300.00;in_od_to_kl.54;0;2678.40;1.04;0.00;66.56;car;;1;4.00
4250.00;28706217_0;94.10;9.66;3254.00;5.21;-230845886_0;5.10;0.00;tripinfo_in_ba_to_sl.30;996.00;in_ba_to_sl.30;0;1934.94;1.21;0.00;847.02;car;;30;615.00
4250.00;972103805_0;116.86;12.06;3990.00;0.09;-230845886_0;5.10;0.00;tripinfo_in_ba_to_ko.119;260.00;in_ba_to_ko.119;0;2114.29;1.09;0.00;83.12;car;;3;29.00
4252.00;41899283#1_0;148.70;9.59;4068.00;0.71;-230845886_0;5.10;0.00;tripinfo_in_ba_to_as.68;184.00;in_ba_to_as.68;0;1430.78;0.93;0.00;44.82;car;;0;0.00
4254.00;972103805_0;116.86;8.25;3937.00;33.69;803785575#0_0;5.10;0.00;tripinfo_in_od_to_ko.100;317.00;in_od_to_ko.100;0;2307.67;0.78;0.00;36.39;car;;1;1.00
4254.00;41899283#1_0;148.70;10.24;4079.00;0.30;-230845886_0;5.10;0.00;tripinfo_in_ba_to_as.69;175.00;in_ba_to_as.69;0;1430.78;1.01;0.00;46.58;car;;0;0.00
4256.00;972103805_0;116.86;11.87;3955.00;32.27;803785575#0_0;5.10;0.00;tripinfo_in_od_to_ko.101;301.00;in_od_to_ko.101;0;2307.67;1.11;0.00;102.54;car;;0;0.00
4256.00;41899283#1_0;148.70;12.06;4083.00;0.56;-230845886_0;5.10;0.00;tripinfo_in_ba_to_as.70;173.00;in_ba_to_as.70;0;1430.78;1.15;0.00;59.93;car;;1;1.00
4258.00;972103805_0;116.86;10.87;3730.00;96.63;-23142338#2_0;5.10;0.00;tripinfo_in_ns_to_ko.156;528.00;in_ns_to_ko.156;0;1398.55;0.99;0.00;400.40;car;;16;189.00
4260.00;972103805_0;116.86;13.36;3736.00;98.15;-23142338#2_0;5.10;0.00;tripinfo_in_ns_to_ko.157;524.00;in_ns_to_ko.157;0;1398.55;1.21;0.00;419.08;car;;17;186.00
4261.00;972103805_0;116.86;12.50;4003.00;29.29;803785575#0_0;5.10;0.00;tripinfo_in_od_to_ko.102;258.00;in_od_to_ko.102;0;2307.67;1.14;0.00;65.28;car;;2;20.00
4262.00;23156030#6_0;109.07;10.08;3400.00;67.27;23687583_0;5.10;0.00;tripinfo_in_as_to_od.14;862.00;in_as_to_od.14;0;2357.31;1.02;0.00;653.31;car;;31;420.00
4267.00;28716808#1_0;754.74;10.76;3958.00;33.76;803785575#0_0;5.10;0.00;tripinfo_in_od_to_kl.55;309.00;in_od_to_kl.55;0;2678.40;1.04;0.00;76.69;car;;2;23.00
4268.00;23142338#2_0;290.21;12.07;4072.00;27.49;803785575#0_0;5.10;0.00;tripinfo_in_od_to_ns.24;196.00;in_od_to_ns.24;0;1928.29;1.15;0.00;33.69;car;;1;8.00
4273.00;972103805_0;116.86;10.78;3759.00;114.10;-23142338#2_0;5.10;0.00;tripinfo_in_ns_to_ko.158;514.00;in_ns_to_ko.158;0;1398.55;0.97;0.00;384.42;car;;17;199.00
4276.00;972103805_0;116.86;10.25;3762.00;115.95;-23142338#2_0;5.10;0.00;tripinfo_in_ns_to_ko.159;514.00;in_ns_to_ko.159;0;1398.55;0.99;0.00;387.20;car;;18;199.00
4276.00;23156305_0;1264.14;9.16;4042.00;49.60;23687583_0;5.10;0.00;tripinfo_in_as_to_gg.15;234.00;in_as_to_gg.15;0;1600.87;0.91;0.00;74.55;car;;4;25.00
4278.00;45494495_0;58.90;9.37;3598.00;71.24;23687583_0;5.10;0.00;tripinfo_in_as_to_os.36;680.00;in_as_to_os.36;0;1689.77;0.91;0.00;511.86;car;;24;325.00
4278.00;972103805_0;116.86;12.26;4036.00;32.36;803785575#0_0;5.10;0.00;tripinfo_in_od_to_ko.103;242.00;in_od_to_ko.103;0;2307.67;1.18;0.00;55.79;car;;1;13.00
4279.00;45494495_0;58.90;10.78;3636.00;2.01;-230845886_0;5.10;0.00;tripinfo_in_ba_to_os.48;643.00;in_ba_to_os.48;0;1647.96;1.02;0.00;496.93;car;;22;288.00
4280.00;23156305_0;1264.14;9.73;3554.00;71.64;-23142338#2_0;5.10;0.00;tripinfo_in_ns_to_gg.15;726.00;in_ns_to_gg.15;0;3297.24;0.94;0.00;404.64;car;;17;215.00
4280.00;41899283#1_0;148.70;12.48;3976.00;37.61;803785575#0_0;5.10;0.00;tripinfo_in_od_to_as.69;304.00;in_od_to_as.69;0;2382.09;1.14;0.00;114.67;car;;3;36.00
4280.00;972103805_0;116.86;11.65;4042.00;36.04;803785575#0_0;5.10;0.00;tripinfo_in_od_to_ko.104;238.00;in_od_to_ko.104;0;2307.67;1.09;0.00;36.63;car;;1;7.00
4281.00;23156305_0;1264.14;11.80;3563.00;71.51;-23142338#2_0;5.10;0.00;tripinfo_in_ns_to_gg.16;718.00;in_ns_to_gg.16;0;3297.24;1.12;0.00;450.36;car;;16;213.00
4282.00;45494495_0;58.90;9.60;3931.00;29.36;803785575#0_0;5.10;0.00;tripinfo_in_od_to_os.100;351.00;in_od_to_os.100;0;969.96;0.94;0.00;257.51;car;;10;200.00
4283.00;23156305_0;1264.14;10.64;3810.00;0.89;803785575#0_0;5.10;0.00;tripinfo_in_od_to_gg.80;473.00;in_od_to_gg.80;0;3669.96;1.00;0.00;139.05;car;;5;36.00
4284.00;23142338#2_0;290.21;12.21;4024.00;50.82;23687583_0;5.10;0.00;tripinfo_in_as_to_ns.49;260.00;in_as_to_ns.49;0;1995.73;1.10;0.00;94.92;car;;5;39.00
4284.00;972103805_0;116.86;9.92;4045.00;33.73;803785575#0_0;5.10;0.00;tripinfo_in_od_to_ko.105;239.00;in_od_to_ko.105;0;2307.67;1.01;0.00;20.32;car;;0;0.00
4291.00;23156390_0;1121.44;8.14;3895.00;8.86;803785575#0_0;5.10;0.00;tripinfo_in_od_to_br.53;396.00;in_od_to_br.53;0;3149.31;0.84;0.00;56.87;car;;3;9.00
4295.00;972103805_0;116.86;10.32;4112.00;74.32;23687583_0;5.10;0.00;tripinfo_in_as_to_ko.82;183.00;in_as_to_ko.82;0;1102.39;0.96;0.00;78.63;car;;3;39.00
4297.00;28716808#1_0;754.74;12.52;3985.00;24.92;803785575#0_0;5.10;0.00;tripinfo_in_od_to_kl.57;312.00;in_od_to_kl.57;0;2678.40;1.19;0.00;109.03;car;;3;35.00
4298.00;972103805_0;116.86;9.82;4141.00;60.07;23687583_0;5.10;0.00;tripinfo_in_as_to_ko.83;157.00;in_as_to_ko.83;0;1102.39;0.92;0.00;48.52;car;;1;23.00
4303.00;972103805_0;116.86;10.85;3793.00;115.67;-23142338#2_0;5.10;0.00;tripinfo_in_ns_to_ko.160;510.00;in_ns_to_ko.160;0;1398.55;0.99;0.00;382.13;car;;19;201.00
4303.00;41899283#1_0;148.70;10.33;4148.00;4.28;-230845886_0;5.10;0.00;tripinfo_in_ba_to_as.72;155.00;in_ba_to_as.72;0;1430.78;0.96;0.00;19.08;car;;1;3.00
4305.00;972103805_0;116.86;11.12;3799.00;112.26;-23142338#2_0;5.10;0.00;tripinfo_in_ns_to_ko.161;506.00;in_ns_to_ko.161;0;1398.55;1.08;0.00;389.61;car;;19;197.00
4305.00;41899283#1_0;148.70;10.35;3988.00;22.75;803785575#0_0;5.10;0.00;tripinfo_in_od_to_as.70;317.00;in_od_to_as.70;0;2382.09;0.96;0.00;92.90;car;;3;41.00
4306.00;23142338#2_0;290.21;10.57;4081.00;32.02;803785575#0_0;5.10;0.00;tripinfo_in_od_to_ns.25;225.00;in_od_to_ns.25;0;1928.29;0.95;0.00;30.41;car;;1;1.00
4307.00;41899283#1_0;148.70;10.40;4145.00;5.01;-230845886_0;5.10;0.00;tripinfo_in_ba_to_as.71;162.00;in_ba_to_as.71;0;1430.78;0.99;0.00;31.15;car;;1;7.00
4310.00;23156305_0;1264.14;8.53;3800.00;0.62;803785575#0_0;5.10;0.00;tripinfo_in_od_to_gg.79;510.00;in_od_to_gg.79;0;3669.96;0.85;0.00;119.29;car;;5;41.00
4312.00;23156305_0;1264.14;11.05;3867.00;3.64;803785575#0_0;5.10;0.00;tripinfo_in_od_to_gg.81;445.00;in_od_to_gg.81;0;3669.96;1.04;0.00;123.51;car;;4;17.00
4314.00;41899283#1_0;148.70;10.99;3991.00;22.62;803785575#0_0;5.10;0.00;tripinfo_in_od_to_as.71;323.00;in_od_to_as.71;0;2382.09;1.03;0.00;114.85;car;;3;43.00
4314.00;23527526_0;253.75;6.86;4036.00;4.64;-230845886_0;5.10;0.00;tripinfo_in_ba_to_gj.72;278.00;in_ba_to_gj.72;0;1755.68;0.67;0.00;39.07;car;;2;8.00
4316.00;972103805_0;116.86;8.54;3816.00;126.45;-23142338#2_0;5.10;0.00;tripinfo_in_ns_to_ko.162;500.00;in_ns_to_ko.162;0;1398.55;0.82;0.00;345.08;car;;16;180.00
4316.00;23527526_0;253.75;10.43;4090.00;0.55;-230845886_0;5.10;0.00;tripinfo_in_ba_to_gj.73;226.00;in_ba_to_gj.73;0;1755.68;1.09;0.00;79.28;car;;0;0.00
4318.00;23156305_0;1264.14;9.70;3572.00;67.73;-23142338#2_0;5.10;0.00;tripinfo_in_ns_to_gg.17;746.00;in_ns_to_gg.17;0;3297.24;0.92;0.00;419.42;car;;18;205.00
4318.00;972103805_0;116.86;10.55;4051.00;26.23;803785575#0_0;5.10;0.00;tripinfo_in_od_to_ko.106;267.00;in_od_to_ko.106;0;2307.67;1.05;0.00;57.19;car;;1;17.00
4318.00;23527526_0;253.75;11.36;4166.00;60.46;23687583_0;5.10;0.00;tripinfo_in_as_to_gj.72;152.00;in_as_to_gj.72;0;649.06;1.06;0.00;95.57;car;;3;42.00
4320.00;23527526_0;253.75;12.35;4169.00;59.83;23687583_0;5.10;0.00;tripinfo_in_as_to_gj.73;151.00;in_as_to_gj.73;0;649.06;1.15;0.00;98.99;car;;3;41.00
4321.00;28706217_0;94.10;8.64;3280.00;93.93;23687583_0;5.10;0.00;tripinfo_in_as_to_sl.47;1041.00;in_as_to_sl.47;0;1976.75;1.04;0.00;864.40;car;;24;663.00
4321.00;23527526_0;253.75;11.22;4099.00;4.79;-230845886_0;5.10;0.00;tripinfo_in_ba_to_gj.74;222.00;in_ba_to_gj.74;0;1755.68;1.03;0.00;67.54;car;;1;7.00
4323.00;23156390_0;1121.44;10.34;3964.00;29.07;803785575#0_0;5.10;0.00;tripinfo_in_od_to_br.54;359.00;in_od_to_br.54;0;3149.31;0.97;0.00;65.55;car;;2;20.00
4323.00;23527526_0;253.75;10.65;4126.00;0.06;-230845886_0;5.10;0.00;tripinfo_in_ba_to_gj.75;197.00;in_ba_to_gj.75;0;1755.68;1.04;0.00;43.96;car;;1;1.00
4324.00;972103805_0;116.86;11.23;4039.00;0.67;-230845886_0;5.10;0.00;tripinfo_in_ba_to_ko.120;285.00;in_ba_to_ko.120;0;2114.29;1.08;0.00;106.01;car;;2;19.00
4324.00;23142338#2_0;290.21;12.47;4063.00;2.10;-230845886_0;5.10;0.00;tripinfo_in_ba_to_ns.26;261.00;in_ba_to_ns.26;0;2346.36;1.18;0.00;80.49;car;;1;18.00
4325.00;23527526_0;253.75;10.09;4139.00;0.18;-230845886_0;5.10;0.00;tripinfo_in_ba_to_gj.76;186.00;in_ba_to_gj.76;0;1755.68;0.98;0.00;23.97;car;;0;0.00
4326.00;230845886_0;633.12;8.21;3982.00;34.63;803785575#0_0;5.10;0.00;tripinfo_in_od_to_ba.75;344.00;in_od_to_ba.75;0;2382.14;0.84;0.00;88.89;car;;3;44.00
4326.00;972103805_0;116.86;12.27;4042.00;3.39;-230845886_0;5.10;0.00;tripinfo_in_ba_to_ko.121;284.00;in_ba_to_ko.121;0;2114.29;1.11;0.00;109.52;car;;2;16.00
4327.00;41899283#1_0;148.70;11.63;4006.00;29.98;803785575#0_0;5.10;0.00;tripinfo_in_od_to_as.72;321.00;in_od_to_as.72;0;2382.09;1.09;0.00;123.15;car;;4;50.00
4332.00;41899283#1_0;148.70;10.48;4018.00;33.84;803785575#0_0;5.10;0.00;tripinfo_in_od_to_as.73;314.00;in_od_to_as.73;0;2382.09;1.01;0.00;100.04;car;;2;23.00
4333.00;23156305_0;1264.14;9.30;4027.00;0.08;-230845886_0;5.10;0.00;tripinfo_in_ba_to_gg.30;306.00;in_ba_to_gg.30;0;2718.65;0.90;0.00;31.25;car;;0;0.00
4335.00;23156305_0;1264.14;10.64;4127.00;52.94;23687583_0;5.10;0.00;tripinfo_in_as_to_gg.16;208.00;in_as_to_gg.16;0;1600.87;1.00;0.00;63.48;car;;2;26.00
4335.00;41899283#1_0;148.70;11.25;4190.00;0.88;-230845886_0;5.10;0.00;tripinfo_in_ba_to_as.73;145.00;in_ba_to_as.73;0;1430.78;1.06;0.00;22.89;car;;0;0.00
4336.00;972103805_0;116.86;8.16;4150.00;59.88;23687583_0;5.10;0.00;tripinfo_in_as_to_ko.84;186.00;in_as_to_ko.84;0;1102.39;0.80;0.00;61.95;car;;2;37.00
4338.00;23156390_0;1121.44;10.75;3676.00;106.58;-23142338#2_0;5.10;0.00;tripinfo_in_ns_to_br.3;662.00;in_ns_to_br.3;0;2792.05;0.98;0.00;403.61;car;;20;199.00
4338.00;972103805_0;116.86;10.44;4048.00;3.99;-230845886_0;5.10;0.00;tripinfo_in_ba_to_ko.122;290.00;in_ba_to_ko.122;0;2114.29;0.96;0.00;88.54;car;;3;8.00
4339.00;23142338#2_0;290.21;10.79;4074.00;0.30;-230845886_0;5.10;0.00;tripinfo_in_ba_to_ns.27;265.00;in_ba_to_ns.27;0;2346.36;1.01;0.00;54.76;car;;0;0.00
4340.00;972103805_0;116.86;10.14;3845.00;141.67;-23142338#2_0;5.10;0.00;tripinfo_in_ns_to_ko.163;495.00;in_ns_to_ko.163;0;1398.55;1.01;0.00;369.35;car;;17;194.00
4341.00;230845886_0;633.12;7.96;3994.00;25.28;803785575#0_0;5.10;0.00;tripinfo_in_od_to_ba.76;347.00;in_od_to_ba.76;0;2382.14;0.77;0.00;68.20;car;;2;28.00
4342.00;972103805_0;116.86;9.49;3850.00;110.17;-23142338#2_0;5.10;0.00;tripinfo_in_ns_to_ko.164;492.00;in_ns_to_ko.164;0;1398.55;0.90;0.00;351.72;car;;15;179.00
4343.00;972103805_0;116.86;11.77;3878.00;91.29;-23142338#2_0;5.10;0.00;tripinfo_in_ns_to_ko.165;465.00;in_ns_to_ko.165;0;1398.55;1.11;0.00;351.66;car;;16;181.00
4344.00;230845886_0;633.12;8.33;3997.00;24.75;803785575#0_0;5.10;0.00;tripinfo_in_od_to_ba.77;347.00;in_od_to_ba.77;0;2382.14;0.78;0.00;72.28;car;;2;25.00
4346.00;230845886_0;633.12;10.34;4024.00;38.07;803785575#0_0;5.10;0.00;tripinfo_in_od_to_ba.78;322.00;in_od_to_ba.78;0;2382.14;1.02;0.00;110.01;car;;3;26.00
4349.00;28716808#1_0;754.74;8.52;3967.00;31.39;803785575#0_0;5.10;0.00;tripinfo_in_od_to_kl.56;382.00;in_od_to_kl.56;0;2678.40;0.83;0.00;89.90;car;;3;43.00
4351.00;23156305_0;1264.14;9.25;3615.00;85.00;-23142338#2_0;5.10;0.00;tripinfo_in_ns_to_gg.18;736.00;in_ns_to_gg.18;0;3297.24;0.89;0.00;399.24;car;;17;186.00
4352.00;23156390_0;1121.44;10.30;3970.00;33.72;803785575#0_0;5.10;0.00;tripinfo_in_od_to_br.55;382.00;in_od_to_br.55;0;3149.31;1.00;0.00;96.98;car;;3;41.00
4353.00;23156305_0;1264.14;10.41;3928.00;26.89;803785575#0_0;5.10;0.00;tripinfo_in_od_to_gg.83;425.00;in_od_to_gg.83;0;3669.96;1.01;0.00;95.04;car;;4;7.00
4354.00;23142338#2_0;290.21;8.34;4045.00;52.29;23687583_0;5.10;0.00;tripinfo_in_as_to_ns.50;309.00;in_as_to_ns.50;0;1995.73;0.86;0.00;98.19;car;;6;34.00
4355.00;23156305_0;1264.14;10.61;3952.00;39.86;803785575#0_0;5.10;0.00;tripinfo_in_od_to_gg.84;403.00;in_od_to_gg.84;0;3669.96;1.00;0.00;70.91;car;;0;0.00
4355.00;972103805_0;116.86;10.08;4057.00;2.66;-230845886_0;5.10;0.00;tripinfo_in_ba_to_ko.123;298.00;in_ba_to_ko.123;0;2114.29;0.94;0.00;93.43;car;;3;24.00
4356.00;23142338#2_0;290.21;8.93;4048.00;41.11;23687583_0;5.10;0.00;tripinfo_in_as_to_ns.51;308.00;in_as_to_ns.51;0;1995.73;0.91;0.00;108.72;car;;6;30.00
4357.00;972103805_0;116.86;11.68;4060.00;2.13;-230845886_0;5.10;0.00;tripinfo_in_ba_to_ko.124;297.00;in_ba_to_ko.124;0;2114.29;1.10;0.00;121.27;car;;2;20.00
4360.00;45494495_0;58.90;9.68;3940.00;36.21;803785575#0_0;5.10;0.00;tripinfo_in_od_to_os.102;420.00;in_od_to_os.102;0;969.96;0.97;0.00;329.99;car;;11;264.00
4360.00;972103805_0;116.86;9.76;4113.00;0.92;-230845886_0;5.10;0.00;tripinfo_in_ba_to_ko.125;247.00;in_ba_to_ko.125;0;2114.29;0.95;0.00;43.70;car;;2;7.00
4362.00;45494495_0;58.90;10.39;3706.00;57.08;23687583_0;5.10;0.00;tripinfo_in_as_to_os.37;656.00;in_as_to_os.37;0;1689.77;1.04;0.00;509.56;car;;21;348.00
4362.00;41899283#1_0;148.70;9.27;3769.00;93.19;-23142338#2_0;5.10;0.00;tripinfo_in_ns_to_as.24;593.00;in_ns_to_as.24;0;2009.37;0.89;0.00;386.43;car;;18;197.00
4362.00;972103805_0;116.86;10.35;4129.00;3.03;-230845886_0;5.10;0.00;tripinfo_in_ba_to_ko.126;233.00;in_ba_to_ko.126;0;2114.29;1.00;0.00;41.18;car;;2;3.00
4363.00;23156305_0;1264.14;10.35;3916.00;17.68;803785575#0_0;5.10;0.00;tripinfo_in_od_to_gg.82;447.00;in_od_to_gg.82;0;3669.96;0.95;0.00;96.15;car;;6;14.00
4364.00;41899283#1_0;148.70;11.33;4057.00;24.67;803785575#0_0;5.10;0.00;tripinfo_in_od_to_as.74;307.00;in_od_to_as.74;0;2382.09;1.12;0.00;113.38;car;;4;24.00
4367.00;230845886_0;633.12;9.47;4066.00;31.13;803785575#0_0;5.10;0.00;tripinfo_in_od_to_ba.80;301.00;in_od_to_ba.80;0;2382.14;0.97;0.00;78.33;car;;2;18.00
4367.00;45494495_0;58.90;8.40;4168.00;12.19;803785575#0_0;5.10;0.00;tripinfo_in_od_to_os.108;199.00;in_od_to_os.108;0;969.96;0.81;0.00;90.77;car;;2;69.00
4369.00;45494495_0;58.90;9.89;4015.00;31.92;803785575#0_0;5.10;0.00;tripinfo_in_od_to_os.104;354.00;in_od_to_os.104;0;969.96;0.91;0.00;257.82;car;;10;183.00
4372.00;28706217_0;94.10;7.55;3237.00;0.58;-230845886_0;5.10;0.00;tripinfo_in_ba_to_sl.29;1135.00;in_ba_to_sl.29;0;1934.94;1.00;0.00;955.69;car;;29;726.00
4373.00;23142338#2_0;290.21;10.65;4069.00;50.96;23687583_0;5.10;0.00;tripinfo_in_as_to_ns.52;304.00;in_as_to_ns.52;0;1995.73;1.03;0.00;128.19;car;;8;54.00
4373.00;41899283#1_0;148.70;9.99;4060.00;27.27;803785575#0_0;5.10;0.00;tripinfo_in_od_to_as.75;313.00;in_od_to_as.75;0;2382.09;0.99;0.00;95.08;car;;3;20.00
4373.00;230845886_0;633.12;8.94;4063.00;29.54;803785575#0_0;5.10;0.00;tripinfo_in_od_to_ba.79;310.00;in_od_to_ba.79;0;2382.14;0.91;0.00;75.06;car;;2;16.00
4374.00;972103805_0;116.86;10.55;4108.00;27.08;803785575#0_0;5.10;0.00;tripinfo_in_od_to_ko.107;266.00;in_od_to_ko.107;0;2307.67;0.97;0.00;40.01;car;;1;10.00
4375.00;23527526_0;253.75;9.14;4234.00;71.25;23687583_0;5.10;0.00;tripinfo_in_as_to_gj.74;141.00;in_as_to_gj.74;0;649.06;0.94;0.00;78.02;car;;5;29.00
4378.00;23156305_0;1264.14;8.79;4153.00;60.75;23687583_0;5.10;0.00;tripinfo_in_as_to_gg.17;225.00;in_as_to_gg.17;0;1600.87;0.90;0.00;64.40;car;;2;35.00
4380.00;23156305_0;1264.14;10.75;4054.00;0.71;-230845886_0;5.10;0.00;tripinfo_in_ba_to_gg.31;326.00;in_ba_to_gg.31;0;2718.65;1.00;0.00;78.70;car;;1;8.00
4384.00;28716808#1_0;754.74;8.48;4000.00;26.38;803785575#0_0;5.10;0.00;tripinfo_in_od_to_kl.58;384.00;in_od_to_kl.58;0;2678.40;0.78;0.00;73.54;car;;2;25.00
4386.00;972103805_0;116.86;9.31;4195.00;73.85;23687583_0;5.10;0.00;tripinfo_in_as_to_ko.85;191.00;in_as_to_ko.85;0;1102.39;0.94;0.00;85.04;car;;4;47.00
4388.00;972103805_0;116.86;11.71;4204.00;72.40;23687583_0;5.10;0.00;tripinfo_in_as_to_ko.86;184.00;in_as_to_ko.86;0;1102.39;1.12;0.00;94.51;car;;4;41.00
4390.00;972103805_0;116.86;10.45;4213.00;69.31;23687583_0;5.10;0.00;tripinfo_in_as_to_ko.87;177.00;in_as_to_ko.87;0;1102.39;1.04;0.00;80.63;car;;4;38.00
4392.00;972103805_0;116.86;11.18;4135.00;0.14;-230845886_0;5.10;0.00;tripinfo_in_ba_to_ko.127;257.00;in_ba_to_ko.127;0;2114.29;1.11;0.00;83.95;car;;3;25.00
4396.00;972103805_0;116.86;10.12;4114.00;11.85;803785575#0_0;5.10;0.00;tripinfo_in_od_to_ko.108;282.00;in_od_to_ko.108;0;2307.67;0.92;0.00;44.23;car;;1;9.00
4397.00;23527526_0;253.75;10.06;4054.00;26.66;803785575#0_0;5.10;0.00;tripinfo_in_od_to_gj.22;343.00;in_od_to_gj.22;0;2706.99;0.99;0.00;94.73;car;;3;21.00
4397.00;41899283#1_0;148.70;8.41;4229.00;0.17;-230845886_0;5.10;0.00;tripinfo_in_ba_to_as.74;168.00;in_ba_to_as.74;0;1430.78;0.87;0.00;19.38;car;;1;2.00
4398.00;45494495_0;58.90;9.14;4189.00;5.96;803785575#0_0;5.10;0.00;tripinfo_in_od_to_os.110;209.00;in_od_to_os.110;0;969.96;0.85;0.00;105.58;car;;2;80.00
4399.00;972103805_0;116.86;9.04;3909.00;99.29;-23142338#2_0;5.10;0.00;tripinfo_in_ns_to_ko.166;490.00;in_ns_to_ko.166;0;1398.55;0.85;0.00;340.43;car;;14;183.00
4399.00;41899283#1_0;148.70;10.89;4087.00;33.95;803785575#0_0;5.10;0.00;tripinfo_in_od_to_as.76;312.00;in_od_to_as.76;0;2382.09;1.06;0.00;109.27;car;;2;3.00
4399.00;23156305_0;1264.14;9.39;4191.00;78.74;23687583_0;5.10;0.00;tripinfo_in_as_to_gg.18;208.00;in_as_to_gg.18;0;1600.87;0.96;0.00;56.09;car;;2;23.00
4399.00;45494495_0;58.90;10.88;4186.00;12.65;803785575#0_0;5.10;0.00;tripinfo_in_od_to_os.109;213.00;in_od_to_os.109;0;969.96;1.06;0.00;130.19;car;;4;90.00
4400.00;972103805_0;116.86;11.13;3915.00;103.85;-23142338#2_0;5.10;0.00;tripinfo_in_ns_to_ko.167;485.00;in_ns_to_ko.167;0;1398.55;1.14;0.00;374.91;car;;15;183.00
4401.00;45494495_0;58.90;10.10;4204.00;9.39;803785575#0_0;5.10;0.00;tripinfo_in_od_to_os.111;197.00;in_od_to_os.111;0;969.96;0.98;0.00;107.54;car;;3;78.00
4402.00;230845886_0;633.12;7.18;4069.00;30.28;803785575#0_0;5.10;0.00;tripinfo_in_od_to_ba.81;333.00;in_od_to_ba.81;0;2382.14;0.72;0.00;34.50;car;;0;0.00
4403.00;28716808#1_0;754.74;7.29;3754.00;109.50;-23142338#2_0;5.10;0.00;tripinfo_in_ns_to_kl.12;649.00;in_ns_to_kl.12;0;2315.58;0.77;0.00;375.62;car;;17;188.00
4404.00;230845886_0;633.12;11.74;4084.00;31.20;803785575#0_0;5.10;0.00;tripinfo_in_od_to_ba.82;320.00;in_od_to_ba.82;0;2382.14;1.08;0.00;120.95;car;;0;0.00
4404.00;45494495_0;58.90;10.26;4207.00;11.47;803785575#0_0;5.10;0.00;tripinfo_in_od_to_os.112;197.00;in_od_to_os.112;0;969.96;0.98;0.00;107.69;car;;6;77.00
4406.00;23142338#2_0;290.21;10.09;4115.00;74.64;23687583_0;5.10;0.00;tripinfo_in_as_to_ns.53;291.00;in_as_to_ns.53;0;1995.73;0.99;0.00;106.80;car;;5;59.00
4406.00;45494495_0;58.90;10.60;4237.00;16.98;803785575#0_0;5.10;0.00;tripinfo_in_od_to_os.113;169.00;in_od_to_os.113;0;969.96;0.98;0.00;79.66;car;;2;49.00
4408.00;23156030#6_0;109.07;9.93;3824.00;126.50;-23142338#2_0;5.10;0.00;tripinfo_in_ns_to_od.4;584.00;in_ns_to_od.4;0;2005.01;0.99;0.00;388.03;car;;17;203.00
4408.00;23142338#2_0;290.21;11.21;4124.00;50.97;23687583_0;5.10;0.00;tripinfo_in_as_to_ns.54;284.00;in_as_to_ns.54;0;1995.73;1.04;0.00;108.69;car;;5;50.00
4409.00;23156390_0;1121.44;10.34;4009.00;32.66;803785575#0_0;5.10;0.00;tripinfo_in_od_to_br.56;400.00;in_od_to_br.56;0;3149.31;0.97;0.00;106.53;car;;3;29.00
4410.00;230845886_0;633.12;8.83;4105.00;26.06;803785575#0_0;5.10;0.00;tripinfo_in_od_to_ba.83;305.00;in_od_to_ba.83;0;2382.14;0.81;0.00;38.10;car;;0;0.00
4410.00;45494495_0;58.90;11.15;4249.00;21.71;803785575#0_0;5.10;0.00;tripinfo_in_od_to_os.114;161.00;in_od_to_os.114;0;969.96;1.11;0.00;81.64;car;;7;47.00
4411.00;23156390_0;1121.44;12.25;4020.00;34.23;803785575#0_0;5.10;0.00;tripinfo_in_od_to_br.57;391.00;in_od_to_br.57;0;3149.31;1.10;0.00;132.21;car;;3;28.00
4411.00;41899283#1_0;148.70;10.18;4117.00;14.74;803785575#0_0;5.10;0.00;tripinfo_in_od_to_as.77;294.00;in_od_to_as.77;0;2382.09;0.95;0.00;68.41;car;;0;0.00
4412.00;230845886_0;633.12;11.03;4129.00;11.65;803785575#0_0;5.10;0.00;tripinfo_in_od_to_ba.84;283.00;in_od_to_ba.84;0;2382.14;1.03;0.00;74.63;car;;0;0.00
4412.00;23527526_0;253.75;9.40;4276.00;101.81;23687583_0;5.10;0.00;tripinfo_in_as_to_gj.75;136.00;in_as_to_gj.75;0;649.06;0.95;0.00;73.33;car;;4;32.00
4413.00;28706217_0;94.10;6.81;3229.00;72.39;23687583_0;5.10;0.00;tripinfo_in_as_to_sl.44;1184.00;in_as_to_sl.44;0;1976.75;0.90;0.00;980.76;car;;27;776.00
4414.00;972103805_0;116.86;7.56;3935.00;108.08;-23142338#2_0;5.10;0.00;tripinfo_in_ns_to_ko.168;479.00;in_ns_to_ko.168;0;1398.55;0.75;0.00;311.47;car;;13;169.00
4414.00;230845886_0;633.12;11.05;4135.00;6.41;803785575#0_0;5.10;0.00;tripinfo_in_od_to_ba.85;279.00;in_od_to_ba.85;0;2382.14;1.01;0.00;65.40;car;;0;0.00
4415.00;28706217_0;94.10;9.09;3238.00;71.62;23687583_0;5.10;0.00;tripinfo_in_as_to_sl.45;1177.00;in_as_to_sl.45;0;1976.75;1.14;0.00;1016.06;car;;33;742.00
4415.00;45494495_0;58.90;8.23;3730.00;0.06;-230845886_0;5.10;0.00;tripinfo_in_ba_to_os.51;685.00;in_ba_to_os.51;0;1647.96;0.86;0.00;510.13;car;;18;335.00
4415.00;28716808#1_0;754.74;7.71;4012.00;32.10;803785575#0_0;5.10;0.00;tripinfo_in_od_to_kl.59;403.00;in_od_to_kl.59;0;2678.40;0.81;0.00;104.56;car;;5;43.00
4416.00;230845886_0;633.12;11.54;4207.00;70.96;23687583_0;5.10;0.00;tripinfo_in_as_to_ba.46;209.00;in_as_to_ba.46;0;1356.50;1.13;0.00;100.57;car;;4;34.00
4417.00;45494495_0;58.90;10.82;3762.00;4.20;-230845886_0;5.10;0.00;tripinfo_in_ba_to_os.52;655.00;in_ba_to_os.52;0;1647.96;1.06;0.00;512.95;car;;16;322.00
4417.00;972103805_0;116.86;8.61;4151.00;1.10;-230845886_0;5.10;0.00;tripinfo_in_ba_to_ko.128;266.00;in_ba_to_ko.128;0;2114.29;0.86;0.00;43.10;car;;1;17.00
4417.00;23527526_0;253.75;10.59;4298.00;112.53;23687583_0;5.10;0.00;tripinfo_in_as_to_gj.76;119.00;in_as_to_gj.76;0;649.06;1.00;0.00;59.47;car;;2;20.00
4418.00;23156030#6_0;109.07;10.12;3547.00;0.40;-230845886_0;5.10;0.00;tripinfo_in_ba_to_od.4;871.00;in_ba_to_od.4;0;2315.50;0.91;0.00;641.00;car;;32;458.00
4418.00;45494495_0;58.90;10.16;3709.00;47.86;23687583_0;5.10;0.00;tripinfo_in_as_to_os.38;709.00;in_as_to_os.38;0;1689.77;1.02;0.00;559.59;car;;20;337.00
4418.00;230845886_0;633.12;10.32;4147.00;6.92;803785575#0_0;5.10;0.00;tripinfo_in_od_to_ba.86;271.00;in_od_to_ba.86;0;2382.14;1.02;0.00;60.19;car;;2;3.00
4419.00;23527526_0;253.75;11.68;4096.00;23.93;803785575#0_0;5.10;0.00;tripinfo_in_od_to_gj.23;323.00;in_od_to_gj.23;0;2706.99;1.10;0.00;100.30;car;;3;3.00
4419.00;972103805_0;116.86;10.15;4154.00;1.17;-230845886_0;5.10;0.00;tripinfo_in_ba_to_ko.129;265.00;in_ba_to_ko.129;0;2114.29;0.96;0.00;64.61;car;;1;15.00
4420.00;45494495_0;58.90;11.29;3715.00;47.74;23687583_0;5.10;0.00;tripinfo_in_as_to_os.39;705.00;in_as_to_os.39;0;1689.77;1.02;0.00;555.64;car;;21;328.00
4423.00;45494495_0;58.90;9.54;3797.00;2.37;-230845886_0;5.10;0.00;tripinfo_in_ba_to_os.53;626.00;in_ba_to_os.53;0;1647.96;0.86;0.00;452.06;car;;16;269.00
4423.00;972103805_0;116.86;9.37;4157.00;2.33;-230845886_0;5.10;0.00;tripinfo_in_ba_to_ko.130;266.00;in_ba_to_ko.130;0;2114.29;0.90;0.00;52.80;car;;1;16.00
4424.00;45494495_0;58.90;10.43;3810.00;3.86;-230845886_0;5.10;0.00;tripinfo_in_ba_to_os.54;614.00;in_ba_to_os.54;0;1647.96;0.95;0.00;456.78;car;;14;273.00
4424.00;972103805_0;116.86;10.26;4123.00;19.11;803785575#0_0;5.10;0.00;tripinfo_in_od_to_ko.109;301.00;in_od_to_ko.109;0;2307.67;0.99;0.00;80.54;car;;3;27.00
4425.00;23142338#2_0;290.21;10.53;4168.00;6.25;-230845886_0;5.10;0.00;tripinfo_in_ba_to_ns.28;257.00;in_ba_to_ns.28;0;2346.36;0.97;0.00;37.12;car;;1;12.00
4427.00;23142338#2_0;290.21;11.38;4183.00;0.49;-230845886_0;5.10;0.00;tripinfo_in_ba_to_ns.29;244.00;in_ba_to_ns.29;0;2346.36;1.03;0.00;38.53;car;;0;0.00
4428.00;41899283#1_0;148.70;10.65;4258.00;1.21;-230845886_0;5.10;0.00;tripinfo_in_ba_to_as.75;170.00;in_ba_to_as.75;0;1430.78;1.01;0.00;41.72;car;;1;1.00
4430.00;28706217_0;94.10;5.83;3296.00;80.63;23687583_0;5.10;0.00;tripinfo_in_as_to_sl.48;1134.00;in_as_to_sl.48;0;1976.75;0.74;0.00;887.01;car;;25;668.00
4431.00;972103805_0;116.86;9.17;4126.00;12.79;803785575#0_0;5.10;0.00;tripinfo_in_od_to_ko.110;305.00;in_od_to_ko.110;0;2307.67;0.86;0.00;50.75;car;;3;13.00
4432.00;28706217_0;94.10;7.09;3264.00;90.11;23687583_0;5.10;0.00;tripinfo_in_as_to_sl.46;1168.00;in_as_to_sl.46;0;1976.75;0.98;0.00;981.66;car;;33;735.00
4433.00;972103805_0;116.86;10.11;4132.00;8.84;803785575#0_0;5.10;0.00;tripinfo_in_od_to_ko.111;301.00;in_od_to_ko.111;0;2307.67;1.01;0.00;84.47;car;;2;11.00
4435.00;972103805_0;116.86;11.53;4153.00;7.43;803785575#0_0;5.10;0.00;tripinfo_in_od_to_ko.112;282.00;in_od_to_ko.112;0;2307.67;1.04;0.00;70.25;car;;2;10.00
4437.00;972103805_0;116.86;10.18;3939.00;93.02;-23142338#2_0;5.10;0.00;tripinfo_in_ns_to_ko.169;498.00;in_ns_to_ko.169;0;1398.55;1.03;0.00;375.43;car;;15;192.00
4437.00;23527526_0;253.75;9.22;4307.00;120.70;23687583_0;5.10;0.00;tripinfo_in_as_to_gj.77;130.00;in_as_to_gj.77;0;649.06;0.93;0.00;65.75;car;;4;29.00
4438.00;23142338#2_0;290.21;9.67;4162.00;60.30;23687583_0;5.10;0.00;tripinfo_in_as_to_ns.55;276.00;in_as_to_ns.55;0;1995.73;0.93;0.00;81.31;car;;3;42.00
4439.00;972103805_0;116.86;11.92;3943.00;96.32;-23142338#2_0;5.10;0.00;tripinfo_in_ns_to_ko.170;496.00;in_ns_to_ko.170;0;1398.55;1.13;0.00;383.66;car;;16;185.00
4441.00;23156305_0;1264.14;8.64;4086.00;2.47;-230845886_0;5.10;0.00;tripinfo_in_ba_to_gg.32;355.00;in_ba_to_gg.32;0;2718.65;0.81;0.00;49.40;car;;1;7.00
4442.00;230845886_0;633.12;8.73;3788.00;111.97;-23142338#2_0;5.10;0.00;tripinfo_in_ns_to_ba.6;654.00;in_ns_to_ba.6;0;2340.42;0.81;0.00;394.82;car;;18;195.00
4442.00;972103805_0;116.86;10.29;4183.00;10.42;803785575#0_0;5.10;0.00;tripinfo_in_od_to_ko.113;259.00;in_od_to_ko.113;0;2307.67;0.98;0.00;34.75;car;;0;0.00
4443.00;23156305_0;1264.14;10.71;4132.00;5.68;-230845886_0;5.10;0.00;tripinfo_in_ba_to_gg.33;311.00;in_ba_to_gg.33;0;2718.65;1.07;0.00;80.78;car;;0;0.00
4443.00;28716808#1_0;754.74;9.74;4246.00;79.03;23687583_0;5.10;0.00;tripinfo_in_as_to_kl.20;197.00;in_as_to_kl.20;0;1207.92;0.90;0.00;75.08;car;;4;23.00
4444.00;28716808#1_0;754.74;11.72;4039.00;34.01;803785575#0_0;5.10;0.00;tripinfo_in_od_to_kl.60;405.00;in_od_to_kl.60;0;2678.40;1.10;0.00;185.49;car;;8;67.00
4444.00;230845886_0;633.12;9.74;4222.00;71.51;23687583_0;5.10;0.00;tripinfo_in_as_to_ba.47;222.00;in_as_to_ba.47;0;1356.50;0.91;0.00;87.38;car;;5;32.00
4445.00;972103805_0;116.86;10.30;4161.00;0.05;-230845886_0;5.10;0.00;tripinfo_in_ba_to_ko.131;284.00;in_ba_to_ko.131;0;2114.29;1.03;0.00;97.00;car;;2;36.00
4447.00;23156305_0;1264.14;11.55;4243.00;80.16;23687583_0;5.10;0.00;tripinfo_in_as_to_gg.19;204.00;in_as_to_gg.19;0;1600.87;1.15;0.00;78.54;car;;4;23.00
4448.00;28716808#1_0;754.74;12.44;4141.00;1.51;803785575#0_0;5.10;0.00;tripinfo_in_od_to_kl.61;307.00;in_od_to_kl.61;0;2678.40;1.13;0.00;92.97;car;;2;5.00
4449.00;23156030#6_0;109.07;11.41;3883.00;88.58;-23142338#2_0;5.10;0.00;tripinfo_in_ns_to_od.5;566.00;in_ns_to_od.5;0;2005.01;1.14;0.00;396.47;car;;19;201.00
4451.00;972103805_0;116.86;8.21;4177.00;3.24;-230845886_0;5.10;0.00;tripinfo_in_ba_to_ko.132;274.00;in_ba_to_ko.132;0;2114.29;0.85;0.00;47.95;car;;1;20.00
4454.00;41899283#1_0;148.70;8.15;3859.00;74.64;-23142338#2_0;5.10;0.00;tripinfo_in_ns_to_as.25;595.00;in_ns_to_as.25;0;2009.37;0.82;0.00;372.57;car;;17;196.00
4456.00;972103805_0;116.86;7.59;4267.00;94.85;23687583_0;5.10;0.00;tripinfo_in_as_to_ko.88;189.00;in_as_to_ko.88;0;1102.39;0.77;0.00;60.14;car;;4;18.00
4458.00;972103805_0;116.86;10.58;4200.00;0.37;-230845886_0;5.10;0.00;tripinfo_in_ba_to_ko.133;258.00;in_ba_to_ko.133;0;2114.29;1.00;0.00;66.00;car;;3;28.00
4459.00;41899283#1_0;148.70;8.90;4283.00;2.87;-230845886_0;5.10;0.00;tripinfo_in_ba_to_as.76;176.00;in_ba_to_as.76;0;1430.78;0.87;0.00;27.39;car;;0;0.00
4460.00;972103805_0;116.86;9.76;3972.00;103.91;-23142338#2_0;5.10;0.00;tripinfo_in_ns_to_ko.171;488.00;in_ns_to_ko.171;0;1398.55;0.95;0.00;355.19;car;;16;185.00
4461.00;28716808#1_0;754.74;11.97;4156.00;9.83;803785575#0_0;5.10;0.00;tripinfo_in_od_to_kl.62;305.00;in_od_to_kl.62;0;2678.40;1.09;0.00;82.28;car;;2;3.00
4462.00;972103805_0;116.86;10.18;3994.00;106.52;-23142338#2_0;5.10;0.00;tripinfo_in_ns_to_ko.172;468.00;in_ns_to_ko.172;0;1398.55;1.00;0.00;341.30;car;;17;174.00
4462.00;23156390_0;1121.44;9.79;4027.00;40.26;803785575#0_0;5.10;0.00;tripinfo_in_od_to_br.58;435.00;in_od_to_br.58;0;3149.31;0.93;0.00;127.04;car;;6;38.00
4464.00;23156390_0;1121.44;12.20;4226.00;68.67;23687583_0;5.10;0.00;tripinfo_in_as_to_br.14;238.00;in_as_to_br.14;0;1694.48;1.15;0.00;104.75;car;;5;29.00
4464.00;972103805_0;116.86;10.86;4213.00;13.88;803785575#0_0;5.10;0.00;tripinfo_in_od_to_ko.114;251.00;in_od_to_ko.114;0;2307.67;1.03;0.00;37.92;car;;1;6.00
4465.00;972103805_0;116.86;11.86;4000.00;99.19;-23142338#2_0;5.10;0.00;tripinfo_in_ns_to_ko.173;465.00;in_ns_to_ko.173;0;1398.55;1.09;0.00;349.55;car;;15;190.00
4466.00;23156305_0;1264.14;10.95;3765.00;89.23;-23142338#2_0;5.10;0.00;tripinfo_in_ns_to_gg.19;701.00;in_ns_to_gg.19;0;3297.24;1.09;0.00;424.10;car;;18;195.00
4468.00;28706217_0;94.10;7.73;3319.00;0.19;-230845886_0;5.10;0.00;tripinfo_in_ba_to_sl.32;1149.00;in_ba_to_sl.32;0;1934.94;1.01;0.00;970.75;car;;35;743.00
4471.00;28706217_0;94.10;8.27;3386.00;0.18;-230845886_0;5.10;0.00;tripinfo_in_ba_to_sl.34;1085.00;in_ba_to_sl.34;0;1934.94;1.00;0.00;905.07;car;;35;648.00
4472.00;23156390_0;1121.44;12.03;4048.00;28.12;803785575#0_0;5.10;0.00;tripinfo_in_od_to_br.59;424.00;in_od_to_br.59;0;3149.31;1.12;0.00;168.05;car;;8;64.00
4474.00;23527526_0;253.75;8.49;4255.00;0.25;-230845886_0;5.10;0.00;tripinfo_in_ba_to_gj.77;219.00;in_ba_to_gj.77;0;1755.68;0.83;0.00;27.26;car;;1;5.00
4475.00;23527526_0;253.75;10.61;4341.00;129.74;23687583_0;5.10;0.00;tripinfo_in_as_to_gj.78;134.00;in_as_to_gj.78;0;649.06;1.04;0.00;77.31;car;;4;23.00
4476.00;972103805_0;116.86;9.58;4203.00;2.21;-230845886_0;5.10;0.00;tripinfo_in_ba_to_ko.134;273.00;in_ba_to_ko.134;0;2114.29;0.93;0.00;66.00;car;;3;30.00
4483.00;972103805_0;116.86;11.08;4005.00;96.75;-23142338#2_0;5.10;0.00;tripinfo_in_ns_to_ko.174;478.00;in_ns_to_ko.174;0;1398.55;1.01;0.00;353.10;car;;17;193.00
4484.00;23142338#2_0;290.21;10.60;4258.00;28.11;803785575#0_0;5.10;0.00;tripinfo_in_od_to_ns.26;226.00;in_od_to_ns.26;0;1928.29;0.98;0.00;35.52;car;;1;15.00
4484.00;23527526_0;253.75;10.77;4273.00;2.35;-230845886_0;5.10;0.00;tripinfo_in_ba_to_gj.79;211.00;in_ba_to_gj.79;0;1755.68;1.00;0.00;51.24;car;;2;7.00
4485.00;972103805_0;116.86;12.69;4025.00;110.98;-23142338#2_0;5.10;0.00;tripinfo_in_ns_to_ko.175;460.00;in_ns_to_ko.175;0;1398.55;1.20;0.00;354.79;car;;16;177.00
4486.00;230845886_0;633.12;9.64;4165.00;9.63;803785575#0_0;5.10;0.00;tripinfo_in_od_to_ba.87;321.00;in_od_to_ba.87;0;2382.14;0.94;0.00;92.90;car;;1;46.00
4486.00;23142338#2_0;290.21;10.25;4237.00;0.02;-230845886_0;5.10;0.00;tripinfo_in_ba_to_ns.30;249.00;in_ba_to_ns.30;0;2346.36;1.04;0.00;43.99;car;;1;12.00
4487.00;41899283#1_0;148.70;9.36;4307.00;6.15;-230845886_0;5.10;0.00;tripinfo_in_ba_to_as.77;180.00;in_ba_to_as.77;0;1430.78;0.89;0.00;33.14;car;;1;6.00
4488.00;41899283#1_0;148.70;10.35;4316.00;4.45;-230845886_0;5.10;0.00;tripinfo_in_ba_to_as.78;172.00;in_ba_to_as.78;0;1430.78;1.03;0.00;46.32;car;;1;5.00
4490.00;230845886_0;633.12;10.20;4174.00;13.73;803785575#0_0;5.10;0.00;tripinfo_in_od_to_ba.88;316.00;in_od_to_ba.88;0;2382.14;0.93;0.00;84.99;car;;1;45.00
4490.00;23527526_0;253.75;9.37;4270.00;0.98;-230845886_0;5.10;0.00;tripinfo_in_ba_to_gj.78;220.00;in_ba_to_gj.78;0;1755.68;0.91;0.00;44.92;car;;2;14.00
4492.00;230845886_0;633.12;9.90;4180.00;10.43;803785575#0_0;5.10;0.00;tripinfo_in_od_to_ba.89;312.00;in_od_to_ba.89;0;2382.14;0.96;0.00;87.97;car;;1;44.00
4493.00;45494495_0;58.90;9.40;3768.00;70.78;23687583_0;5.10;0.00;tripinfo_in_as_to_os.40;725.00;in_as_to_os.40;0;1689.77;0.94;0.00;563.19;car;;26;383.00
4496.00;23527526_0;253.75;9.49;4286.00;3.00;-230845886_0;5.10;0.00;tripinfo_in_ba_to_gj.80;210.00;in_ba_to_gj.80;0;1755.68;0.89;0.00;31.59;car;;0;0.00
4496.00;41899283#1_0;148.70;10.89;4355.00;0.07;-230845886_0;5.10;0.00;tripinfo_in_ba_to_as.79;141.00;in_ba_to_as.79;0;1430.78;1.01;0.00;12.69;car;;0;0.00
4497.00;972103805_0;116.86;8.87;4219.00;11.71;803785575#0_0;5.10;0.00;tripinfo_in_od_to_ko.115;278.00;in_od_to_ko.115;0;2307.67;0.91;0.00;37.61;car;;1;12.00
4498.00;23527526_0;253.75;11.27;4289.00;1.88;-230845886_0;5.10;0.00;tripinfo_in_ba_to_gj.81;209.00;in_ba_to_gj.81;0;1755.68;1.02;0.00;53.41;car;;0;0.00
4499.00;45494495_0;58.90;9.70;4374.00;10.47;803785575#0_0;5.10;0.00;tripinfo_in_od_to_os.116;125.00;in_od_to_os.116;0;969.96;0.92;0.00;29.87;car;;1;16.00
4500.00;972103805_0;116.86;9.43;4228.00;15.11;803785575#0_0;5.10;0.00;tripinfo_in_od_to_ko.116;272.00;in_od_to_ko.116;0;2307.67;0.94;0.00;39.74;car;;1;8.00
4501.00;45494495_0;58.90;11.19;3787.00;62.07;23687583_0;5.10;0.00;tripinfo_in_as_to_os.41;714.00;in_as_to_os.41;0;1689.77;1.02;0.00;564.63;car;;16;397.00
4502.00;23156390_0;1121.44;10.11;4249.00;79.49;23687583_0;5.10;0.00;tripinfo_in_as_to_br.15;253.00;in_as_to_br.15;0;1694.48;0.95;0.00;90.51;car;;5;27.00
4503.00;23527526_0;253.75;11.17;4388.00;156.67;23687583_0;5.10;0.00;tripinfo_in_as_to_gj.79;115.00;in_as_to_gj.79;0;649.06;1.08;0.00;59.59;car;;2;12.00
4504.00;41899283#1_0;148.70;11.15;3967.00;101.36;-23142338#2_0;5.10;0.00;tripinfo_in_ns_to_as.26;537.00;in_ns_to_as.26;0;2009.37;1.06;0.00;364.51;car;;16;192.00
4506.00;23156390_0;1121.44;10.75;4078.00;30.40;803785575#0_0;5.10;0.00;tripinfo_in_od_to_br.60;428.00;in_od_to_br.60;0;3149.31;0.97;0.00;132.38;car;;5;45.00
4508.00;23156390_0;1121.44;11.11;4093.00;31.53;803785575#0_0;5.10;0.00;tripinfo_in_od_to_br.61;415.00;in_od_to_br.61;0;3149.31;1.06;0.00;146.16;car;;5;41.00
4509.00;230845886_0;633.12;9.15;3854.00;109.84;-23142338#2_0;5.10;0.00;tripinfo_in_ns_to_ba.7;655.00;in_ns_to_ba.7;0;2340.42;0.88;0.00;416.28;car;;18;233.00
4510.00;23156390_0;1121.44;10.70;4144.00;4.28;803785575#0_0;5.10;0.00;tripinfo_in_od_to_br.62;366.00;in_od_to_br.62;0;3149.31;1.02;0.00;84.30;car;;2;4.00
4510.00;230845886_0;633.12;12.06;4310.00;121.79;23687583_0;5.10;0.00;tripinfo_in_as_to_ba.48;200.00;in_as_to_ba.48;0;1356.50;1.20;0.00;97.99;car;;3;26.00
4512.00;23156390_0;1121.44;12.17;4159.00;9.50;803785575#0_0;5.10;0.00;tripinfo_in_od_to_br.63;353.00;in_od_to_br.63;0;3149.31;1.13;0.00;98.60;car;;1;1.00
4512.00;230845886_0;633.12;13.03;4338.00;126.93;23687583_0;5.10;0.00;tripinfo_in_as_to_ba.50;174.00;in_as_to_ba.50;0;1356.50;1.23;0.00;74.35;car;;4;21.00
4515.00;972103805_0;116.86;8.08;4314.00;125.45;23687583_0;5.10;0.00;tripinfo_in_as_to_ko.89;201.00;in_as_to_ko.89;0;1102.39;0.80;0.00;75.61;car;;4;29.00
4516.00;23156305_0;1264.14;11.48;4099.00;25.20;803785575#0_0;5.10;0.00;tripinfo_in_od_to_gg.86;417.00;in_od_to_gg.86;0;3669.96;1.08;0.00;107.87;car;;1;1.00
4516.00;972103805_0;116.86;11.11;4327.00;127.33;23687583_0;5.10;0.00;tripinfo_in_as_to_ko.90;189.00;in_as_to_ko.90;0;1102.39;1.03;0.00;92.59;car;;3;25.00
4518.00;972103805_0;116.86;11.28;4252.00;24.08;803785575#0_0;5.10;0.00;tripinfo_in_od_to_ko.117;266.00;in_od_to_ko.117;0;2307.67;1.02;0.00;50.17;car;;2;11.00
4520.00;972103805_0;116.86;9.27;4033.00;67.10;-23142338#2_0;5.10;0.00;tripinfo_in_ns_to_ko.176;487.00;in_ns_to_ko.176;0;1398.55;0.95;0.00;354.55;car;;16;200.00
4521.00;230845886_0;633.12;10.74;4198.00;10.45;803785575#0_0;5.10;0.00;tripinfo_in_od_to_ba.90;323.00;in_od_to_ba.90;0;2382.14;1.03;0.00;114.83;car;;3;56.00
4521.00;41899283#1_0;148.70;9.12;4358.00;0.92;-230845886_0;5.10;0.00;tripinfo_in_ba_to_as.80;163.00;in_ba_to_as.80;0;1430.78;0.90;0.00;17.98;car;;0;0.00
4522.00;972103805_0;116.86;10.23;4036.00;62.00;-23142338#2_0;5.10;0.00;tripinfo_in_ns_to_ko.177;486.00;in_ns_to_ko.177;0;1398.55;0.96;0.00;354.89;car;;15;195.00
4523.00;41899283#1_0;148.70;10.24;4373.00;3.83;-230845886_0;5.10;0.00;tripinfo_in_ba_to_as.81;150.00;in_ba_to_as.81;0;1430.78;0.94;0.00;12.12;car;;0;0.00
4524.00;23527526_0;253.75;10.36;4420.00;181.75;23687583_0;5.10;0.00;tripinfo_in_as_to_gj.80;104.00;in_as_to_gj.80;0;649.06;0.99;0.00;44.45;car;;2;12.00
4526.00;230845886_0;633.12;11.14;3890.00;82.91;-23142338#2_0;5.10;0.00;tripinfo_in_ns_to_ba.8;636.00;in_ns_to_ba.8;0;2340.42;1.01;0.00;427.42;car;;17;232.00
4526.00;972103805_0;116.86;8.40;4039.00;61.56;-23142338#2_0;5.10;0.00;tripinfo_in_ns_to_ko.178;487.00;in_ns_to_ko.178;0;1398.55;0.85;0.00;338.70;car;;14;185.00
4528.00;972103805_0;116.86;12.71;4291.00;32.14;803785575#0_0;5.10;0.00;tripinfo_in_od_to_ko.118;237.00;in_od_to_ko.118;0;2307.67;1.15;0.00;45.45;car;;1;2.00
4530.00;41899283#1_0;148.70;11.99;3976.00;105.36;-23142338#2_0;5.10;0.00;tripinfo_in_ns_to_as.27;554.00;in_ns_to_as.27;0;2009.37;1.08;0.00;383.79;car;;16;199.00
4535.00;41899283#1_0;148.70;12.49;4210.00;14.13;803785575#0_0;5.10;0.00;tripinfo_in_od_to_as.78;325.00;in_od_to_as.78;0;2382.09;1.15;0.00;137.20;car;;4;64.00
4539.00;230845886_0;633.12;9.60;4201.00;6.92;803785575#0_0;5.10;0.00;tripinfo_in_od_to_ba.91;338.00;in_od_to_ba.91;0;2382.14;0.88;0.00;93.46;car;;2;50.00
4539.00;972103805_0;116.86;8.86;4261.00;4.00;-230845886_0;5.10;0.00;tripinfo_in_ba_to_ko.135;278.00;in_ba_to_ko.135;0;2114.29;0.81;0.00;41.75;car;;2;9.00
4540.00;28706217_0;94.10;8.51;3324.00;3.26;-230845886_0;5.10;0.00;tripinfo_in_ba_to_sl.33;1216.00;in_ba_to_sl.33;0;1934.94;1.14;0.00;1058.21;car;;38;797.00
4540.00;23527526_0;253.75;10.40;4177.00;14.22;803785575#0_0;5.10;0.00;tripinfo_in_od_to_gj.24;363.00;in_od_to_gj.24;0;2706.99;1.02;0.00;122.62;car;;3;52.00
4541.00;230845886_0;633.12;11.60;4330.00;123.90;23687583_0;5.10;0.00;tripinfo_in_as_to_ba.49;211.00;in_as_to_ba.49;0;1356.50;1.09;0.00;99.07;car;;4;28.00
4541.00;972103805_0;116.86;10.83;4280.00;0.80;-230845886_0;5.10;0.00;tripinfo_in_ba_to_ko.136;261.00;in_ba_to_ko.136;0;2114.29;0.97;0.00;63.09;car;;2;10.00
4542.00;28706217_0;94.10;8.96;3336.00;70.80;23687583_0;5.10;0.00;tripinfo_in_as_to_sl.49;1206.00;in_as_to_sl.49;0;1976.75;1.17;0.00;1049.09;car;;34;740.00
4543.00;972103805_0;116.86;11.16;4292.00;1.65;-230845886_0;5.10;0.00;tripinfo_in_ba_to_ko.137;251.00;in_ba_to_ko.137;0;2114.29;1.07;0.00;70.95;car;;1;2.00
4543.00;23142338#2_0;290.21;11.31;4295.00;1.37;-230845886_0;5.10;0.00;tripinfo_in_ba_to_ns.31;248.00;in_ba_to_ns.31;0;2346.36;1.03;0.00;41.39;car;;0;0.00
4544.00;28716808#1_0;754.74;10.76;4344.00;1.38;-230845886_0;5.10;0.00;tripinfo_in_ba_to_kl.6;200.00;in_ba_to_kl.6;0;1727.09;1.02;0.00;45.89;car;;2;13.00
4545.00;972103805_0;116.86;12.03;4051.00;48.40;-23142338#2_0;5.10;0.00;tripinfo_in_ns_to_ko.179;494.00;in_ns_to_ko.179;0;1398.55;1.09;0.00;377.59;car;;18;195.00
4547.00;972103805_0;116.86;12.31;4055.00;52.09;-23142338#2_0;5.10;0.00;tripinfo_in_ns_to_ko.180;492.00;in_ns_to_ko.180;0;1398.55;1.12;0.00;379.47;car;;18;187.00
4547.00;41899283#1_0;148.70;11.66;4386.00;0.68;-230845886_0;5.10;0.00;tripinfo_in_ba_to_as.82;161.00;in_ba_to_as.82;0;1430.78;1.11;0.00;44.45;car;;1;5.00
4550.00;972103805_0;116.86;10.68;4060.00;49.64;-23142338#2_0;5.10;0.00;tripinfo_in_ns_to_ko.181;490.00;in_ns_to_ko.181;0;1398.55;1.04;0.00;367.86;car;;17;186.00
4550.00;23156390_0;1121.44;11.15;4171.00;12.73;803785575#0_0;5.10;0.00;tripinfo_in_od_to_br.64;379.00;in_od_to_br.64;0;3149.31;1.12;0.00;122.81;car;;1;46.00
4551.00;23156305_0;1264.14;9.76;4111.00;23.82;803785575#0_0;5.10;0.00;tripinfo_in_od_to_gg.87;440.00;in_od_to_gg.87;0;3669.96;0.88;0.00;62.13;car;;0;0.00
4552.00;972103805_0;116.86;11.59;4306.00;9.01;803785575#0_0;5.10;0.00;tripinfo_in_od_to_ko.119;246.00;in_od_to_ko.119;0;2307.67;1.05;0.00;36.37;car;;0;0.00
4553.00;23156305_0;1264.14;10.98;4090.00;32.72;803785575#0_0;5.10;0.00;tripinfo_in_od_to_gg.85;463.00;in_od_to_gg.85;0;3669.96;1.08;0.00;154.37;car;;3;6.00
4554.00;230845886_0;633.12;9.66;4222.00;14.32;803785575#0_0;5.10;0.00;tripinfo_in_od_to_ba.92;332.00;in_od_to_ba.92;0;2382.14;0.94;0.00;103.10;car;;3;53.00
4555.00;23156305_0;1264.14;11.24;4138.00;4.71;803785575#0_0;5.10;0.00;tripinfo_in_od_to_gg.89;417.00;in_od_to_gg.89;0;3669.96;1.10;0.00;113.65;car;;1;6.00
4556.00;972103805_0;116.86;11.01;4086.00;54.41;-23142338#2_0;5.10;0.00;tripinfo_in_ns_to_ko.182;470.00;in_ns_to_ko.182;0;1398.55;1.05;0.00;349.89;car;;18;174.00
4557.00;23156305_0;1264.14;10.65;4120.00;17.57;803785575#0_0;5.10;0.00;tripinfo_in_od_to_gg.88;437.00;in_od_to_gg.88;0;3669.96;1.04;0.00;117.63;car;;2;12.00
4559.00;41899283#1_0;148.70;10.41;4402.00;3.74;-230845886_0;5.10;0.00;tripinfo_in_ba_to_as.83;157.00;in_ba_to_as.83;0;1430.78;1.01;0.00;27.56;car;;1;4.00
4564.00;230845886_0;633.12;8.80;4350.00;133.63;23687583_0;5.10;0.00;tripinfo_in_as_to_ba.51;214.00;in_as_to_ba.51;0;1356.50;0.89;0.00;76.66;car;;5;28.00
4566.00;230845886_0;633.12;10.14;4234.00;15.80;803785575#0_0;5.10;0.00;tripinfo_in_od_to_ba.93;332.00;in_od_to_ba.93;0;2382.14;1.01;0.00;118.13;car;;4;51.00
4567.00;23142338#2_0;290.21;8.88;4252.00;81.63;23687583_0;5.10;0.00;tripinfo_in_as_to_ns.56;315.00;in_as_to_ns.56;0;1995.73;0.90;0.00;112.56;car;;6;42.00
4569.00;23527526_0;253.75;10.89;4379.00;6.42;-230845886_0;5.10;0.00;tripinfo_in_ba_to_gj.83;190.00;in_ba_to_gj.83;0;1755.68;1.06;0.00;40.07;car;;0;0.00
4571.00;972103805_0;116.86;7.75;4353.00;134.47;23687583_0;5.10;0.00;tripinfo_in_as_to_ko.91;218.00;in_as_to_ko.91;0;1102.39;0.75;0.00;86.06;car;;4;40.00
4573.00;972103805_0;116.86;10.82;4359.00;139.42;23687583_0;5.10;0.00;tripinfo_in_as_to_ko.92;214.00;in_as_to_ko.92;0;1102.39;1.13;0.00;125.65;car;;5;45.00
4574.00;41899283#1_0;148.70;10.38;4231.00;15.19;803785575#0_0;5.10;0.00;tripinfo_in_od_to_as.79;343.00;in_od_to_as.79;0;2382.09;0.95;0.00;116.51;car;;5;57.00
4575.00;972103805_0;116.86;9.36;4298.00;2.16;-230845886_0;5.10;0.00;tripinfo_in_ba_to_ko.138;277.00;in_ba_to_ko.138;0;2114.29;0.96;0.00;75.50;car;;3;22.00
4577.00;45494495_0;58.90;8.04;3840.00;0.97;-230845886_0;5.10;0.00;tripinfo_in_ba_to_os.55;737.00;in_ba_to_os.55;0;1647.96;0.79;0.00;547.38;car;;19;379.00
4577.00;41899283#1_0;148.70;10.08;4246.00;20.40;803785575#0_0;5.10;0.00;tripinfo_in_od_to_as.80;331.00;in_od_to_as.80;0;2382.09;1.02;0.00;120.14;car;;5;52.00
4577.00;972103805_0;116.86;11.79;4301.00;2.88;-230845886_0;5.10;0.00;tripinfo_in_ba_to_ko.139;276.00;in_ba_to_ko.139;0;2114.29;1.11;0.00;102.71;car;;3;21.00
4578.00;23156390_0;1121.44;9.38;4339.00;3.37;-230845886_0;5.10;0.00;tripinfo_in_ba_to_br.4;239.00;in_ba_to_br.4;0;2198.00;0.94;0.00;25.63;car;;1;1.00
4579.00;972103805_0;116.86;9.89;4304.00;5.65;-230845886_0;5.10;0.00;tripinfo_in_ba_to_ko.140;275.00;in_ba_to_ko.140;0;2114.29;0.93;0.00;67.84;car;;2;17.00
4580.00;23156390_0;1121.44;10.36;3946.00;91.61;-23142338#2_0;5.10;0.00;tripinfo_in_ns_to_br.4;634.00;in_ns_to_br.4;0;2792.05;0.96;0.00;371.61;car;;16;191.00
4584.00;972103805_0;116.86;10.31;4312.00;3.81;803785575#0_0;5.10;0.00;tripinfo_in_od_to_ko.120;272.00;in_od_to_ko.120;0;2307.67;0.95;0.00;41.93;car;;1;12.00
4585.00;23142338#2_0;290.21;10.37;4292.00;112.08;23687583_0;5.10;0.00;tripinfo_in_as_to_ns.57;293.00;in_as_to_ns.57;0;1995.73;1.00;0.00;111.39;car;;6;51.00
4585.00;28716808#1_0;754.74;9.71;4216.00;12.45;803785575#0_0;5.10;0.00;tripinfo_in_od_to_kl.63;369.00;in_od_to_kl.63;0;2678.40;0.95;0.00;114.21;car;;4;57.00
4589.00;230845886_0;633.12;9.99;4367.00;142.14;23687583_0;5.10;0.00;tripinfo_in_as_to_ba.52;222.00;in_as_to_ba.52;0;1356.50;0.92;0.00;88.91;car;;4;30.00
4592.00;972103805_0;116.86;12.94;4313.00;3.74;-230845886_0;5.10;0.00;tripinfo_in_ba_to_ko.141;279.00;in_ba_to_ko.141;0;2114.29;1.25;0.00;126.00;car;;3;46.00
4597.00;972103805_0;116.86;10.41;4319.00;1.46;-230845886_0;5.10;0.00;tripinfo_in_ba_to_ko.142;278.00;in_ba_to_ko.142;0;2114.29;1.00;0.00;85.46;car;;3;39.00
4598.00;23156305_0;1264.14;12.02;4162.00;11.74;803785575#0_0;5.10;0.00;tripinfo_in_od_to_gg.91;436.00;in_od_to_gg.91;0;3669.96;1.13;0.00;141.71;car;;2;50.00
4598.00;41899283#1_0;148.70;10.96;4255.00;25.71;803785575#0_0;5.10;0.00;tripinfo_in_od_to_as.81;343.00;in_od_to_as.81;0;2382.09;1.10;0.00;147.13;car;;5;57.00
4599.00;972103805_0;116.86;11.05;4362.00;0.60;-230845886_0;5.10;0.00;tripinfo_in_ba_to_ko.143;237.00;in_ba_to_ko.143;0;2114.29;1.05;0.00;54.31;car;;1;17.00
4600.00;23527526_0;253.75;8.39;4376.00;4.95;-230845886_0;5.10;0.00;tripinfo_in_ba_to_gj.82;224.00;in_ba_to_gj.82;0;1755.68;0.78;0.00;19.26;car;;0;0.00
4602.00;23156390_0;1121.44;10.21;4192.00;5.44;803785575#0_0;5.10;0.00;tripinfo_in_od_to_br.65;410.00;in_od_to_br.65;0;3149.31;0.93;0.00;103.88;car;;4;51.00
4602.00;23527526_0;253.75;10.68;4225.00;17.16;803785575#0_0;5.10;0.00;tripinfo_in_od_to_gj.25;377.00;in_od_to_gj.25;0;2706.99;1.02;0.00;136.49;car;;3;54.00
4603.00;230845886_0;633.12;10.89;4270.00;27.94;803785575#0_0;5.10;0.00;tripinfo_in_od_to_ba.94;333.00;in_od_to_ba.94;0;2382.14;1.02;0.00;121.40;car;;5;41.00
4604.00;972103805_0;116.86;10.22;4127.00;69.45;-23142338#2_0;5.10;0.00;tripinfo_in_ns_to_ko.183;477.00;in_ns_to_ko.183;0;1398.55;1.01;0.00;351.85;car;;16;170.00
4604.00;23156390_0;1121.44;10.26;4364.00;142.25;23687583_0;5.10;0.00;tripinfo_in_as_to_br.16;240.00;in_as_to_br.16;0;1694.48;0.98;0.00;83.85;car;;4;23.00
4605.00;23527526_0;253.75;11.06;4048.00;45.57;-23142338#2_0;5.10;0.00;tripinfo_in_ns_to_gj.13;557.00;in_ns_to_gj.13;0;2084.96;1.04;0.00;376.13;car;;18;194.00
4605.00;41899283#1_0;148.70;10.43;4264.00;29.60;803785575#0_0;5.10;0.00;tripinfo_in_od_to_as.82;341.00;in_od_to_as.82;0;2382.09;0.98;0.00;121.53;car;;5;46.00
4606.00;23156390_0;1121.44;10.07;4195.00;7.49;803785575#0_0;5.10;0.00;tripinfo_in_od_to_br.66;411.00;in_od_to_br.66;0;3149.31;0.97;0.00;116.76;car;;3;59.00
4607.00;41899283#1_0;148.70;10.45;4267.00;29.78;803785575#0_0;5.10;0.00;tripinfo_in_od_to_as.83;340.00;in_od_to_as.83;0;2382.09;1.04;0.00;133.53;car;;5;43.00
4608.00;41899283#1_0;148.70;11.45;4442.00;4.03;-230845886_0;5.10;0.00;tripinfo_in_ba_to_as.84;166.00;in_ba_to_as.84;0;1430.78;1.06;0.00;43.86;car;;1;10.00
4609.00;28706217_0;94.10;9.29;3426.00;0.26;-230845886_0;5.10;0.00;tripinfo_in_ba_to_sl.35;1183.00;in_ba_to_sl.35;0;1934.94;1.12;0.00;1022.43;car;;39;777.00
4612.00;23527526_0;253.75;9.80;4405.00;4.17;-230845886_0;5.10;0.00;tripinfo_in_ba_to_gj.84;207.00;in_ba_to_gj.84;0;1755.68;0.89;0.00;27.46;car;;1;3.00
4614.00;23142338#2_0;290.21;9.32;4322.00;0.25;-230845886_0;5.10;0.00;tripinfo_in_ba_to_ns.32;292.00;in_ba_to_ns.32;0;2346.36;0.84;0.00;39.14;car;;2;10.00
4616.00;23142338#2_0;290.21;9.15;4336.00;0.77;-230845886_0;5.10;0.00;tripinfo_in_ba_to_ns.33;280.00;in_ba_to_ns.33;0;2346.36;0.93;0.00;52.15;car;;1;7.00
4621.00;972103805_0;116.86;9.71;4341.00;5.86;803785575#0_0;5.10;0.00;tripinfo_in_od_to_ko.121;280.00;in_od_to_ko.121;0;2307.67;0.88;0.00;32.88;car;;1;6.00
4622.00;41899283#1_0;148.70;9.61;4045.00;53.12;-23142338#2_0;5.10;0.00;tripinfo_in_ns_to_as.28;577.00;in_ns_to_as.28;0;2009.37;0.97;0.00;388.34;car;;18;194.00
4623.00;972103805_0;116.86;11.53;4423.00;184.07;23687583_0;5.10;0.00;tripinfo_in_as_to_ko.93;200.00;in_as_to_ko.93;0;1102.39;1.07;0.00;107.06;car;;4;64.00
4625.00;23156030#6_0;109.07;10.09;3601.00;4.11;-230845886_0;5.10;0.00;tripinfo_in_ba_to_od.5;1024.00;in_ba_to_od.5;0;2315.50;0.93;0.00;799.44;car;;30;570.00
4629.00;45494495_0;58.90;10.60;4419.00;26.87;803785575#0_0;5.10;0.00;tripinfo_in_od_to_os.117;210.00;in_od_to_os.117;0;969.96;0.97;0.00;119.36;car;;2;95.00
4632.00;45494495_0;58.90;10.47;3822.00;67.42;23687583_0;5.10;0.00;tripinfo_in_as_to_os.42;810.00;in_as_to_os.42;0;1689.77;0.97;0.00;651.54;car;;25;460.00
4633.00;972103805_0;116.86;10.56;4365.00;7.74;803785575#0_0;5.10;0.00;tripinfo_in_od_to_ko.122;268.00;in_od_to_ko.122;0;2307.67;1.00;0.00;47.77;car;;1;8.00
4634.00;23527526_0;253.75;10.21;4432.00;8.75;-230845886_0;5.10;0.00;tripinfo_in_ba_to_gj.85;202.00;in_ba_to_gj.85;0;1755.68;1.00;0.00;43.11;car;;1;5.00
4635.00;28706217_0;94.10;6.74;3360.00;81.70;23687583_0;5.10;0.00;tripinfo_in_as_to_sl.50;1275.00;in_as_to_sl.50;0;1976.75;0.86;0.00;1061.70;car;;38;794.00
4635.00;23156390_0;1121.44;11.95;4243.00;22.25;803785575#0_0;5.10;0.00;tripinfo_in_od_to_br.68;392.00;in_od_to_br.68;0;3149.31;1.11;0.00;134.97;car;;5;52.00
4636.00;972103805_0;116.86;10.92;4157.00;93.82;-23142338#2_0;5.10;0.00;tripinfo_in_ns_to_ko.184;479.00;in_ns_to_ko.184;0;1398.55;1.04;0.00;357.51;car;;16;167.00
4636.00;23156305_0;1264.14;9.72;4150.00;4.78;803785575#0_0;5.10;0.00;tripinfo_in_od_to_gg.90;486.00;in_od_to_gg.90;0;3669.96;0.89;0.00;113.00;car;;1;47.00
4637.00;28706217_0;94.10;8.88;3448.00;5.88;-230845886_0;5.10;0.00;tripinfo_in_ba_to_sl.36;1189.00;in_ba_to_sl.36;0;1934.94;1.12;0.00;1028.05;car;;36;749.00
4637.00;23156305_0;1264.14;11.51;3949.00;92.84;-23142338#2_0;5.10;0.00;tripinfo_in_ns_to_gg.20;688.00;in_ns_to_gg.20;0;3297.24;1.04;0.00;400.17;car;;17;190.00
4637.00;45494495_0;58.90;8.36;4297.00;26.77;803785575#0_0;5.10;0.00;tripinfo_in_od_to_os.115;340.00;in_od_to_os.115;0;969.96;0.80;0.00;229.79;car;;10;179.00
4639.00;45494495_0;58.90;8.84;3831.00;61.38;23687583_0;5.10;0.00;tripinfo_in_as_to_os.43;808.00;in_as_to_os.43;0;1689.77;0.85;0.00;627.58;car;;23;435.00
4639.00;23527526_0;253.75;10.21;4091.00;55.56;-23142338#2_0;5.10;0.00;tripinfo_in_ns_to_gj.14;548.00;in_ns_to_gj.14;0;2084.96;1.02;0.00;363.22;car;;18;180.00
4639.00;23156305_0;1264.14;11.64;4370.00;3.65;-230845886_0;5.10;0.00;tripinfo_in_ba_to_gg.35;269.00;in_ba_to_gg.35;0;2718.65;1.12;0.00;49.37;car;;0;0.00
4641.00;45494495_0;58.90;10.47;3851.00;3.84;-230845886_0;5.10;0.00;tripinfo_in_ba_to_os.56;790.00;in_ba_to_os.56;0;1647.96;0.97;0.00;635.99;car;;26;461.00
4641.00;972103805_0;116.86;9.07;4180.00;88.09;-23142338#2_0;5.10;0.00;tripinfo_in_ns_to_ko.185;461.00;in_ns_to_ko.185;0;1398.55;0.88;0.00;317.83;car;;15;145.00
4641.00;41899283#1_0;148.70;10.68;4492.00;15.02;-230845886_0;5.10;0.00;tripinfo_in_ba_to_as.85;149.00;in_ba_to_as.85;0;1430.78;1.01;0.00;21.34;car;;0;0.00
4642.00;23527526_0;253.75;10.57;4261.00;30.95;803785575#0_0;5.10;0.00;tripinfo_in_od_to_gj.26;381.00;in_od_to_gj.26;0;2706.99;0.99;0.00;132.46;car;;7;52.00
4644.00;45494495_0;58.90;8.99;3929.00;0.32;-230845886_0;5.10;0.00;tripinfo_in_ba_to_os.57;715.00;in_ba_to_os.57;0;1647.96;0.88;0.00;544.15;car;;18;386.00
4644.00;23527526_0;253.75;12.96;4488.00;182.61;23687583_0;5.10;0.00;tripinfo_in_as_to_gj.81;156.00;in_as_to_gj.81;0;649.06;1.28;0.00;108.54;car;;4;51.00
4644.00;972103805_0;116.86;10.64;4395.00;20.72;803785575#0_0;5.10;0.00;tripinfo_in_od_to_ko.123;249.00;in_od_to_ko.123;0;2307.67;1.01;0.00;31.66;car;;1;2.00
4645.00;230845886_0;633.12;11.33;4429.00;183.02;23687583_0;5.10;0.00;tripinfo_in_as_to_ba.53;216.00;in_as_to_ba.53;0;1356.50;1.02;0.00;95.45;car;;3;54.00
4646.00;45494495_0;58.90;10.66;3902.00;85.93;23687583_0;5.10;0.00;tripinfo_in_as_to_os.44;744.00;in_as_to_os.44;0;1689.77;0.96;0.00;584.66;car;;26;414.00
4646.00;972103805_0;116.86;11.95;4213.00;100.58;-23142338#2_0;5.10;0.00;tripinfo_in_ns_to_ko.186;433.00;in_ns_to_ko.186;0;1398.55;1.08;0.00;315.58;car;;15;152.00
4650.00;45494495_0;58.90;10.29;4434.00;28.35;803785575#0_0;5.10;0.00;tripinfo_in_od_to_os.119;216.00;in_od_to_os.119;0;969.96;1.03;0.00;130.59;car;;5;88.00
4652.00;28716808#1_0;754.74;11.65;4279.00;30.93;803785575#0_0;5.10;0.00;tripinfo_in_od_to_kl.65;373.00;in_od_to_kl.65;0;2678.40;1.07;0.00;147.53;car;;7;52.00
4653.00;45494495_0;58.90;10.07;4494.00;39.74;803785575#0_0;5.10;0.00;tripinfo_in_od_to_os.120;159.00;in_od_to_os.120;0;969.96;1.00;0.00;71.17;car;;3;38.00
4656.00;972103805_0;116.86;9.21;4432.00;184.93;23687583_0;5.10;0.00;tripinfo_in_as_to_ko.94;224.00;in_as_to_ko.94;0;1102.39;0.93;0.00;116.20;car;;5;68.00
4656.00;45494495_0;58.90;10.07;4425.00;31.35;803785575#0_0;5.10;0.00;tripinfo_in_od_to_os.118;231.00;in_od_to_os.118;0;969.96;0.99;0.00;142.69;car;;4;97.00
4658.00;45494495_0;58.90;11.43;3921.00;89.63;23687583_0;5.10;0.00;tripinfo_in_as_to_os.45;737.00;in_as_to_os.45;0;1689.77;1.05;0.00;591.41;car;;21;389.00
4658.00;972103805_0;116.86;11.34;4435.00;186.40;23687583_0;5.10;0.00;tripinfo_in_as_to_ko.95;223.00;in_as_to_ko.95;0;1102.39;1.02;0.00;125.05;car;;5;64.00
4658.00;23156305_0;1264.14;9.51;4367.00;2.76;-230845886_0;5.10;0.00;tripinfo_in_ba_to_gg.34;291.00;in_ba_to_gg.34;0;2718.65;0.97;0.00;36.03;car;;0;0.00
4659.00;23527526_0;253.75;10.30;4466.00;4.61;-230845886_0;5.10;0.00;tripinfo_in_ba_to_gj.86;193.00;in_ba_to_gj.86;0;1755.68;1.03;0.00;38.34;car;;2;12.00
4660.00;972103805_0;116.86;10.79;4447.00;171.84;23687583_0;5.10;0.00;tripinfo_in_as_to_ko.96;213.00;in_as_to_ko.96;0;1102.39;1.06;0.00;118.47;car;;6;59.00
4661.00;45494495_0;58.90;11.43;3941.00;0.95;-230845886_0;5.10;0.00;tripinfo_in_ba_to_os.58;720.00;in_ba_to_os.58;0;1647.96;1.09;0.00;582.60;car;;24;424.00
4661.00;28706217_0;94.10;6.95;4094.00;57.40;-23142338#2_0;5.10;0.00;tripinfo_in_ns_to_sl.9;567.00;in_ns_to_sl.9;0;1619.36;0.89;0.00;382.14;car;;18;195.00
4661.00;972103805_0;116.86;11.08;4450.00;174.33;23687583_0;5.10;0.00;tripinfo_in_as_to_ko.97;211.00;in_as_to_ko.97;0;1102.39;1.08;0.00;119.32;car;;5;56.00
4663.00;45494495_0;58.90;11.74;4524.00;35.21;803785575#0_0;5.10;0.00;tripinfo_in_od_to_os.122;139.00;in_od_to_os.122;0;969.96;1.07;0.00;57.05;car;;5;24.00
4664.00;41899283#1_0;148.70;10.43;4510.00;23.80;-230845886_0;5.10;0.00;tripinfo_in_ba_to_as.86;154.00;in_ba_to_as.86;0;1430.78;0.97;0.00;20.09;car;;0;0.00
4665.00;972103805_0;116.86;10.44;4418.00;8.49;-230845886_0;5.10;0.00;tripinfo_in_ba_to_ko.144;247.00;in_ba_to_ko.144;0;2114.29;1.00;0.00;54.67;car;;3;18.00
4666.00;41899283#1_0;148.70;11.67;4519.00;9.36;-230845886_0;5.10;0.00;tripinfo_in_ba_to_as.87;147.00;in_ba_to_as.87;0;1430.78;1.12;0.00;31.38;car;;1;1.00
4667.00;972103805_0;116.86;11.61;4237.00;104.10;-23142338#2_0;5.10;0.00;tripinfo_in_ns_to_ko.187;430.00;in_ns_to_ko.187;0;1398.55;1.09;0.00;313.92;car;;16;142.00
4667.00;23527526_0;253.75;10.39;4472.00;5.89;-230845886_0;5.10;0.00;tripinfo_in_ba_to_gj.87;195.00;in_ba_to_gj.87;0;1755.68;0.98;0.00;33.07;car;;2;6.00
4667.00;45494495_0;58.90;9.52;4518.00;40.87;803785575#0_0;5.10;0.00;tripinfo_in_od_to_os.121;149.00;in_od_to_os.121;0;969.96;0.94;0.00;54.92;car;;7;24.00
4669.00;45494495_0;58.90;10.71;3967.00;4.39;-230845886_0;5.10;0.00;tripinfo_in_ba_to_os.59;702.00;in_ba_to_os.59;0;1647.96;1.01;0.00;554.38;car;;18;355.00
4669.00;230845886_0;633.12;12.27;4288.00;29.32;803785575#0_0;5.10;0.00;tripinfo_in_od_to_ba.96;381.00;in_od_to_ba.96;0;2382.14;1.16;0.00;194.40;car;;6;74.00
4671.00;41899283#1_0;148.70;11.58;4532.00;17.05;-230845886_0;5.10;0.00;tripinfo_in_ba_to_as.88;139.00;in_ba_to_as.88;0;1430.78;1.06;0.00;16.03;car;;0;0.00
4672.00;23527526_0;253.75;10.14;4478.00;11.26;-230845886_0;5.10;0.00;tripinfo_in_ba_to_gj.88;194.00;in_ba_to_gj.88;0;1755.68;0.98;0.00;32.16;car;;0;0.00
4672.00;45494495_0;58.90;10.00;4536.00;22.62;803785575#0_0;5.10;0.00;tripinfo_in_od_to_os.123;136.00;in_od_to_os.123;0;969.96;0.93;0.00;41.43;car;;0;0.00
4676.00;972103805_0;116.86;9.99;4404.00;18.95;803785575#0_0;5.10;0.00;tripinfo_in_od_to_ko.124;272.00;in_od_to_ko.124;0;2307.67;0.94;0.00;37.74;car;;1;12.00
4676.00;23527526_0;253.75;10.61;4484.00;13.84;-230845886_0;5.10;0.00;tripinfo_in_ba_to_gj.89;192.00;in_ba_to_gj.89;0;1755.68;0.96;0.00;25.68;car;;0;0.00
4678.00;972103805_0;116.86;10.81;4410.00;22.39;803785575#0_0;5.10;0.00;tripinfo_in_od_to_ko.125;268.00;in_od_to_ko.125;0;2307.67;0.99;0.00;47.65;car;;1;10.00
4679.00;23527526_0;253.75;9.82;4494.00;185.86;23687583_0;5.10;0.00;tripinfo_in_as_to_gj.82;185.00;in_as_to_gj.82;0;649.06;0.98;0.00;124.50;car;;5;69.00
4680.00;45494495_0;58.90;7.54;4548.00;24.22;803785575#0_0;5.10;0.00;tripinfo_in_od_to_os.125;132.00;in_od_to_os.125;0;969.96;0.78;0.00;19.52;car;;0;0.00
4682.00;45494495_0;58.90;11.18;4557.00;21.12;803785575#0_0;5.10;0.00;tripinfo_in_od_to_os.126;125.00;in_od_to_os.126;0;969.96;1.03;0.00;39.41;car;;0;0.00
4684.00;45494495_0;58.90;11.22;3958.00;83.00;23687583_0;5.10;0.00;tripinfo_in_as_to_os.46;726.00;in_as_to_os.46;0;1689.77;1.07;0.00;583.08;car;;18;347.00
4684.00;972103805_0;116.86;10.02;4467.00;187.43;23687583_0;5.10;0.00;tripinfo_in_as_to_ko.98;217.00;in_as_to_ko.98;0;1102.39;1.01;0.00;118.75;car;;5;66.00
4684.00;23156305_0;1264.14;10.22;4399.00;0.96;-230845886_0;5.10;0.00;tripinfo_in_ba_to_gg.36;285.00;in_ba_to_gg.36;0;2718.65;0.98;0.00;33.23;car;;1;4.00
4686.00;23156390_0;1121.44;9.60;4240.00;19.51;803785575#0_0;5.10;0.00;tripinfo_in_od_to_br.67;446.00;in_od_to_br.67;0;3149.31;0.92;0.00;133.45;car;;5;59.00
4686.00;230845886_0;633.12;9.25;4282.00;28.26;803785575#0_0;5.10;0.00;tripinfo_in_od_to_ba.95;404.00;in_od_to_ba.95;0;2382.14;0.94;0.00;174.70;car;;6;71.00
4686.00;972103805_0;116.86;10.63;4474.00;188.12;23687583_0;5.10;0.00;tripinfo_in_as_to_ko.99;212.00;in_as_to_ko.99;0;1102.39;1.06;0.00;118.07;car;;4;65.00
4687.00;230845886_0;633.12;11.21;4030.00;79.59;-23142338#2_0;5.10;0.00;tripinfo_in_ns_to_ba.9;657.00;in_ns_to_ba.9;0;2340.42;1.11;0.00;467.79;car;;19;228.00
4687.00;41899283#1_0;148.70;12.35;4148.00;89.49;-23142338#2_0;5.10;0.00;tripinfo_in_ns_to_as.29;539.00;in_ns_to_as.29;0;2009.37;1.20;0.00;386.38;car;;17;187.00
4688.00;972103805_0;116.86;12.16;4483.00;180.15;23687583_0;5.10;0.00;tripinfo_in_as_to_ko.100;205.00;in_as_to_ko.100;0;1102.39;1.19;0.00;121.11;car;;5;59.00
4691.00;23142338#2_0;290.21;10.77;4473.00;27.41;803785575#0_0;5.10;0.00;tripinfo_in_od_to_ns.27;218.00;in_od_to_ns.27;0;1928.29;1.02;0.00;36.21;car;;1;14.00
4693.00;23142338#2_0;290.21;12.44;4482.00;32.58;803785575#0_0;5.10;0.00;tripinfo_in_od_to_ns.28;211.00;in_od_to_ns.28;0;1928.29;1.16;0.00;50.02;car;;1;11.00
4695.00;23527526_0;253.75;11.69;4175.00;99.02;-23142338#2_0;5.10;0.00;tripinfo_in_ns_to_gj.15;520.00;in_ns_to_gj.15;0;2084.96;1.13;0.00;352.53;car;;16;160.00
4696.00;972103805_0;116.86;9.62;4241.00;105.73;-23142338#2_0;5.10;0.00;tripinfo_in_ns_to_ko.188;455.00;in_ns_to_ko.188;0;1398.55;0.88;0.00;311.57;car;;18;154.00
4698.00;972103805_0;116.86;10.77;4244.00;96.89;-23142338#2_0;5.10;0.00;tripinfo_in_ns_to_ko.189;454.00;in_ns_to_ko.189;0;1398.55;1.00;0.00;327.53;car;;15;150.00
4699.00;23142338#2_0;290.21;10.22;4488.00;34.86;803785575#0_0;5.10;0.00;tripinfo_in_od_to_ns.29;211.00;in_od_to_ns.29;0;1928.29;0.96;0.00;18.62;car;;0;0.00
4700.00;28716808#1_0;754.74;9.02;4276.00;28.02;803785575#0_0;5.10;0.00;tripinfo_in_od_to_kl.64;424.00;in_od_to_kl.64;0;2678.40;0.92;0.00;160.08;car;;6;56.00
4700.00;972103805_0;116.86;10.64;4446.00;31.56;803785575#0_0;5.10;0.00;tripinfo_in_od_to_ko.126;254.00;in_od_to_ko.126;0;2307.67;1.04;0.00;43.10;car;;1;11.00
4701.00;23156305_0;1264.14;9.53;4444.00;172.01;23687583_0;5.10;0.00;tripinfo_in_as_to_gg.20;257.00;in_as_to_gg.20;0;1600.87;0.95;0.00;103.89;car;;4;54.00
4701.00;23527526_0;253.75;10.41;4516.00;12.42;-230845886_0;5.10;0.00;tripinfo_in_ba_to_gj.90;185.00;in_ba_to_gj.90;0;1755.68;1.01;0.00;27.76;car;;1;2.00
4702.00;972103805_0;116.86;12.06;4268.00;118.59;-23142338#2_0;5.10;0.00;tripinfo_in_ns_to_ko.190;434.00;in_ns_to_ko.190;0;1398.55;1.12;0.00;320.92;car;;15;158.00
4703.00;23156305_0;1264.14;11.64;4424.00;9.50;-230845886_0;5.10;0.00;tripinfo_in_ba_to_gg.37;279.00;in_ba_to_gg.37;0;2718.65;1.07;0.00;47.19;car;;1;2.00
4703.00;23527526_0;253.75;10.86;4522.00;10.99;-230845886_0;5.10;0.00;tripinfo_in_ba_to_gj.91;181.00;in_ba_to_gj.91;0;1755.68;1.05;0.00;29.46;car;;1;2.00
4703.00;41899283#1_0;148.70;11.33;4551.00;12.49;-230845886_0;5.10;0.00;tripinfo_in_ba_to_as.89;152.00;in_ba_to_as.89;0;1430.78;1.05;0.00;28.76;car;;0;0.00
4705.00;23527526_0;253.75;12.07;4574.00;244.14;23687583_0;5.10;0.00;tripinfo_in_as_to_gj.83;131.00;in_as_to_gj.83;0;649.06;1.14;0.00;78.75;car;;3;34.00
4705.00;23156305_0;1264.14;12.17;4430.00;8.65;-230845886_0;5.10;0.00;tripinfo_in_ba_to_gg.38;275.00;in_ba_to_gg.38;0;2718.65;1.10;0.00;49.85;car;;0;0.00
4709.00;28706217_0;94.10;6.22;4042.00;58.52;-23142338#2_0;5.10;0.00;tripinfo_in_ns_to_sl.7;667.00;in_ns_to_sl.7;0;1619.36;0.77;0.00;455.08;car;;21;270.00
4711.00;230845886_0;633.12;8.22;4303.00;16.25;803785575#0_0;5.10;0.00;tripinfo_in_od_to_ba.97;408.00;in_od_to_ba.97;0;2382.14;0.82;0.00;146.69;car;;6;60.00
4712.00;230845886_0;633.12;10.19;4471.00;187.06;23687583_0;5.10;0.00;tripinfo_in_as_to_ba.54;241.00;in_as_to_ba.54;0;1356.50;1.01;0.00;119.83;car;;5;55.00
4714.00;230845886_0;633.12;12.87;4184.00;91.07;-23142338#2_0;5.10;0.00;tripinfo_in_ns_to_ba.10;530.00;in_ns_to_ba.10;0;2340.42;1.22;0.00;357.19;car;;17;158.00
4717.00;28706217_0;94.10;7.83;3376.00;69.58;23687583_0;5.10;0.00;tripinfo_in_as_to_sl.51;1341.00;in_as_to_sl.51;0;1976.75;1.05;0.00;1167.14;car;;44;886.00
4717.00;28716808#1_0;754.74;11.16;4329.00;0.18;803785575#0_0;5.10;0.00;tripinfo_in_od_to_kl.67;388.00;in_od_to_kl.67;0;2678.40;1.10;0.00;168.09;car;;6;53.00
4718.00;972103805_0;116.86;8.24;4427.00;12.25;-230845886_0;5.10;0.00;tripinfo_in_ba_to_ko.145;291.00;in_ba_to_ko.145;0;2114.29;0.82;0.00;57.42;car;;2;25.00
4720.00;972103805_0;116.86;8.64;4436.00;10.31;-230845886_0;5.10;0.00;tripinfo_in_ba_to_ko.146;284.00;in_ba_to_ko.146;0;2114.29;0.87;0.00;62.36;car;;2;23.00
4723.00;23142338#2_0;290.21;10.56;4460.00;0.88;-230845886_0;5.10;0.00;tripinfo_in_ba_to_ns.34;263.00;in_ba_to_ns.34;0;2346.36;1.00;0.00;49.20;car;;2;21.00
4724.00;972103805_0;116.86;9.74;4271.00;112.57;-23142338#2_0;5.10;0.00;tripinfo_in_ns_to_ko.191;453.00;in_ns_to_ko.191;0;1398.55;0.95;0.00;319.72;car;;16;155.00
4726.00;23527526_0;253.75;10.45;4294.00;28.80;803785575#0_0;5.10;0.00;tripinfo_in_od_to_gj.27;432.00;in_od_to_gj.27;0;2706.99;0.95;0.00;173.93;car;;7;66.00
4727.00;23142338#2_0;290.21;13.18;4426.00;184.28;23687583_0;5.10;0.00;tripinfo_in_as_to_ns.58;301.00;in_as_to_ns.58;0;1995.73;1.19;0.00;148.18;car;;5;83.00
4728.00;230845886_0;633.12;9.34;4437.00;29.78;803785575#0_0;5.10;0.00;tripinfo_in_od_to_ba.102;291.00;in_od_to_ba.102;0;2382.14;0.94;0.00;61.78;car;;1;10.00
4729.00;28706217_0;94.10;8.82;4065.00;40.79;-23142338#2_0;5.10;0.00;tripinfo_in_ns_to_sl.8;664.00;in_ns_to_sl.8;0;1619.36;1.17;0.00;524.47;car;;25;272.00
4730.00;23527526_0;253.75;10.31;4591.00;248.39;23687583_0;5.10;0.00;tripinfo_in_as_to_gj.84;139.00;in_as_to_gj.84;0;649.06;0.98;0.00;78.41;car;;4;37.00
4731.00;230845886_0;633.12;12.14;4461.00;37.47;803785575#0_0;5.10;0.00;tripinfo_in_od_to_ba.105;270.00;in_od_to_ba.105;0;2382.14;1.16;0.00;83.55;car;;3;12.00
4737.00;41899283#1_0;148.70;8.47;4309.00;5.03;803785575#0_0;5.10;0.00;tripinfo_in_od_to_as.84;428.00;in_od_to_as.84;0;2382.09;0.85;0.00;174.87;car;;9;65.00
4739.00;41899283#1_0;148.70;11.79;4344.00;8.39;803785575#0_0;5.10;0.00;tripinfo_in_od_to_as.86;395.00;in_od_to_as.86;0;2382.09;1.10;0.00;199.30;car;;7;62.00
4741.00;230845886_0;633.12;12.23;4353.00;10.49;803785575#0_0;5.10;0.00;tripinfo_in_od_to_ba.98;388.00;in_od_to_ba.98;0;2382.14;1.11;0.00;194.67;car;;5;52.00
4741.00;41899283#1_0;148.70;11.04;4398.00;23.68;803785575#0_0;5.10;0.00;tripinfo_in_od_to_as.89;343.00;in_od_to_as.89;0;2382.09;1.10;0.00;147.03;car;;5;42.00
4745.00;41899283#1_0;148.70;10.64;4189.00;92.97;-23142338#2_0;5.10;0.00;tripinfo_in_ns_to_as.30;556.00;in_ns_to_as.30;0;2009.37;0.99;0.00;371.04;car;;17;179.00
4745.00;23527526_0;253.75;10.08;4598.00;243.33;23687583_0;5.10;0.00;tripinfo_in_as_to_gj.85;147.00;in_as_to_gj.85;0;649.06;0.95;0.00;84.78;car;;5;41.00
4748.00;972103805_0;116.86;9.46;4547.00;231.27;23687583_0;5.10;0.00;tripinfo_in_as_to_ko.101;201.00;in_as_to_ko.101;0;1102.39;0.87;0.00;85.92;car;;5;31.00
4748.00;23142338#2_0;290.21;11.19;4515.00;38.63;803785575#0_0;5.10;0.00;tripinfo_in_od_to_ns.30;233.00;in_od_to_ns.30;0;1928.29;1.10;0.00;63.78;car;;2;26.00
4749.00;41899283#1_0;148.70;11.78;4247.00;99.06;-23142338#2_0;5.10;0.00;tripinfo_in_ns_to_as.31;502.00;in_ns_to_as.31;0;2009.37;1.07;0.00;331.24;car;;15;146.00
4749.00;23156390_0;1121.44;9.62;4273.00;30.47;803785575#0_0;5.10;0.00;tripinfo_in_od_to_br.69;476.00;in_od_to_br.69;0;3149.31;0.92;0.00;166.07;car;;8;66.00
4749.00;28716808#1_0;754.74;10.75;4323.00;0.14;803785575#0_0;5.10;0.00;tripinfo_in_od_to_kl.66;426.00;in_od_to_kl.66;0;2678.40;1.06;0.00;197.61;car;;10;62.00
4750.00;972103805_0;116.86;12.08;4568.00;241.57;23687583_0;5.10;0.00;tripinfo_in_as_to_ko.102;182.00;in_as_to_ko.102;0;1102.39;1.10;0.00;91.13;car;;3;24.00
4751.00;23527526_0;253.75;11.14;4389.00;18.04;803785575#0_0;5.10;0.00;tripinfo_in_od_to_gj.28;362.00;in_od_to_gj.28;0;2706.99;1.10;0.00;140.26;car;;3;45.00
4751.00;23156390_0;1121.44;12.24;4503.00;17.54;-230845886_0;5.10;0.00;tripinfo_in_ba_to_br.5;248.00;in_ba_to_br.5;0;2198.00;1.10;0.00;65.82;car;;1;5.00
4752.00;972103805_0;116.86;10.27;4450.00;0.80;-230845886_0;5.10;0.00;tripinfo_in_ba_to_ko.147;302.00;in_ba_to_ko.147;0;2114.29;1.00;0.00;109.95;car;;4;53.00
4753.00;23156390_0;1121.44;11.20;4285.00;30.56;803785575#0_0;5.10;0.00;tripinfo_in_od_to_br.70;468.00;in_od_to_br.70;0;3149.31;1.09;0.00;205.92;car;;6;76.00
4754.00;972103805_0;116.86;11.16;4453.00;0.83;-230845886_0;5.10;0.00;tripinfo_in_ba_to_ko.148;301.00;in_ba_to_ko.148;0;2114.29;1.03;0.00;113.51;car;;4;52.00
4756.00;972103805_0;116.86;11.64;4456.00;1.73;-230845886_0;5.10;0.00;tripinfo_in_ba_to_ko.149;300.00;in_ba_to_ko.149;0;2114.29;1.06;0.00;117.22;car;;3;49.00
4758.00;28706217_0;94.10;7.37;3435.00;85.18;23687583_0;5.10;0.00;tripinfo_in_as_to_sl.53;1323.00;in_as_to_sl.53;0;1976.75;0.97;0.00;1133.03;car;;47;831.00
4758.00;41899283#1_0;148.70;10.35;4335.00;2.81;803785575#0_0;5.10;0.00;tripinfo_in_od_to_as.85;423.00;in_od_to_as.85;0;2382.09;0.94;0.00;193.48;car;;8;62.00
4759.00;972103805_0;116.86;10.56;4279.00;111.27;-23142338#2_0;5.10;0.00;tripinfo_in_ns_to_ko.192;480.00;in_ns_to_ko.192;0;1398.55;1.00;0.00;353.98;car;;16;174.00
4761.00;972103805_0;116.86;11.35;4298.00;126.94;-23142338#2_0;5.10;0.00;tripinfo_in_ns_to_ko.193;463.00;in_ns_to_ko.193;0;1398.55;1.13;0.00;351.50;car;;16;160.00
4762.00;41899283#1_0;148.70;8.87;4350.00;7.87;803785575#0_0;5.10;0.00;tripinfo_in_od_to_as.87;412.00;in_od_to_as.87;0;2382.09;0.89;0.00;170.65;car;;7;57.00
4763.00;28706217_0;94.10;8.37;4154.00;95.30;-23142338#2_0;5.10;0.00;tripinfo_in_ns_to_sl.10;609.00;in_ns_to_sl.10;0;1619.36;1.06;0.00;455.32;car;;23;240.00
4766.00;972103805_0;116.86;9.07;4303.00;131.64;-23142338#2_0;5.10;0.00;tripinfo_in_ns_to_ko.194;463.00;in_ns_to_ko.194;0;1398.55;0.91;0.00;324.22;car;;16;151.00
4766.00;41899283#1_0;148.70;9.74;4356.00;7.66;803785575#0_0;5.10;0.00;tripinfo_in_od_to_as.88;410.00;in_od_to_as.88;0;2382.09;0.95;0.00;182.66;car;;6;52.00
4767.00;23142338#2_0;290.21;10.65;4441.00;182.50;23687583_0;5.10;0.00;tripinfo_in_as_to_ns.59;326.00;in_as_to_ns.59;0;1995.73;0.97;0.00;138.48;car;;7;75.00
4768.00;972103805_0;116.86;10.48;4503.00;42.93;803785575#0_0;5.10;0.00;tripinfo_in_od_to_ko.127;265.00;in_od_to_ko.127;0;2307.67;0.99;0.00;42.43;car;;1;10.00
4769.00;230845886_0;633.12;8.82;4431.00;32.16;803785575#0_0;5.10;0.00;tripinfo_in_od_to_ba.101;338.00;in_od_to_ba.101;0;2382.14;0.89;0.00;95.78;car;;3;18.00
4769.00;972103805_0;116.86;11.90;4509.00;34.98;803785575#0_0;5.10;0.00;tripinfo_in_od_to_ko.128;260.00;in_od_to_ko.128;0;2307.67;1.08;0.00;56.12;car;;1;10.00
4771.00;230845886_0;633.12;11.16;4368.00;8.17;803785575#0_0;5.10;0.00;tripinfo_in_od_to_ba.100;403.00;in_od_to_ba.100;0;2382.14;1.03;0.00;194.19;car;;6;58.00
4773.00;230845886_0;633.12;11.23;4362.00;5.56;803785575#0_0;5.10;0.00;tripinfo_in_od_to_ba.99;411.00;in_od_to_ba.99;0;2382.14;1.07;0.00;208.69;car;;4;58.00
4774.00;28716808#1_0;754.74;11.73;4359.00;3.73;803785575#0_0;5.10;0.00;tripinfo_in_od_to_kl.69;415.00;in_od_to_kl.69;0;2678.40;1.09;0.00;192.83;car;;5;50.00
4774.00;972103805_0;116.86;9.47;4469.00;6.65;-230845886_0;5.10;0.00;tripinfo_in_ba_to_ko.150;305.00;in_ba_to_ko.150;0;2114.29;0.96;0.00;105.25;car;;5;59.00
4775.00;230845886_0;633.12;12.65;4500.00;40.90;803785575#0_0;5.10;0.00;tripinfo_in_od_to_ba.106;275.00;in_od_to_ba.106;0;2382.14;1.17;0.00;91.78;car;;1;6.00
4777.00;972103805_0;116.86;8.98;4475.00;8.35;-230845886_0;5.10;0.00;tripinfo_in_ba_to_ko.151;302.00;in_ba_to_ko.151;0;2114.29;0.90;0.00;89.07;car;;3;45.00
4779.00;23156390_0;1121.44;13.04;4332.00;0.89;803785575#0_0;5.10;0.00;tripinfo_in_od_to_br.71;447.00;in_od_to_br.71;0;3149.31;1.24;0.00;216.78;car;;9;61.00
4780.00;28716808#1_0;754.74;11.82;4479.00;29.84;803785575#0_0;5.10;0.00;tripinfo_in_od_to_kl.77;301.00;in_od_to_kl.77;0;2678.40;1.12;0.00;84.39;car;;2;9.00
4780.00;972103805_0;116.86;9.53;4526.00;12.17;-230845886_0;5.10;0.00;tripinfo_in_ba_to_ko.152;254.00;in_ba_to_ko.152;0;2114.29;0.97;0.00;55.74;car;;2;27.00
4782.00;972103805_0;116.86;10.92;4512.00;37.98;803785575#0_0;5.10;0.00;tripinfo_in_od_to_ko.129;270.00;in_od_to_ko.129;0;2307.67;1.06;0.00;63.07;car;;2;20.00
4783.00;230845886_0;633.12;12.51;2559.00;12.56;-45494495_0;5.10;0.00;tripinfo_in_os_to_ba.13;2224.00;in_os_to_ba.13;0;1746.52;1.18;0.00;2089.85;car;;17;1965.00
4783.00;23156305_0;1264.14;7.51;4491.00;183.32;23687583_0;5.10;0.00;tripinfo_in_as_to_gg.21;292.00;in_as_to_gg.21;0;1600.87;0.78;0.00;106.05;car;;4;49.00
4785.00;23156305_0;1264.14;10.18;4098.00;57.43;-23142338#2_0;5.10;0.00;tripinfo_in_ns_to_gg.21;687.00;in_ns_to_gg.21;0;3297.24;1.03;0.00;394.98;car;;18;180.00
4786.00;972103805_0;116.86;10.86;4325.00;144.68;-23142338#2_0;5.10;0.00;tripinfo_in_ns_to_ko.195;461.00;in_ns_to_ko.195;0;1398.55;1.03;0.00;337.84;car;;18;172.00
4787.00;23156305_0;1264.14;10.91;4501.00;18.42;-230845886_0;5.10;0.00;tripinfo_in_ba_to_gg.39;286.00;in_ba_to_gg.39;0;2718.65;1.04;0.00;47.50;car;;1;4.00
4789.00;972103805_0;116.86;11.61;4330.00;146.55;-23142338#2_0;5.10;0.00;tripinfo_in_ns_to_ko.196;459.00;in_ns_to_ko.196;0;1398.55;1.06;0.00;339.41;car;;16;164.00
4791.00;972103805_0;116.86;10.54;4356.00;153.07;-23142338#2_0;5.10;0.00;tripinfo_in_ns_to_ko.197;435.00;in_ns_to_ko.197;0;1398.55;0.98;0.00;306.66;car;;15;142.00
4793.00;972103805_0;116.86;11.30;4521.00;32.70;803785575#0_0;5.10;0.00;tripinfo_in_od_to_ko.130;272.00;in_od_to_ko.130;0;2307.67;1.12;0.00;75.01;car;;3;26.00
4797.00;972103805_0;116.86;10.41;4527.00;37.74;803785575#0_0;5.10;0.00;tripinfo_in_od_to_ko.131;270.00;in_od_to_ko.131;0;2307.67;0.97;0.00;42.48;car;;1;16.00
4798.00;23142338#2_0;290.21;9.47;4454.00;176.41;23687583_0;5.10;0.00;tripinfo_in_as_to_ns.60;344.00;in_as_to_ns.60;0;1995.73;0.95;0.00;151.99;car;;6;78.00
4798.00;972103805_0;116.86;10.44;4542.00;25.94;803785575#0_0;5.10;0.00;tripinfo_in_od_to_ko.132;256.00;in_od_to_ko.132;0;2307.67;0.99;0.00;34.68;car;;1;6.00
4798.00;23527526_0;253.75;9.38;4604.00;0.56;-230845886_0;5.10;0.00;tripinfo_in_ba_to_gj.92;194.00;in_ba_to_gj.92;0;1755.68;0.90;0.00;16.46;car;;0;0.00
4799.00;41899283#1_0;148.70;8.20;4620.00;0.03;-230845886_0;5.10;0.00;tripinfo_in_ba_to_as.90;179.00;in_ba_to_as.90;0;1430.78;0.84;0.00;24.23;car;;1;1.00
4800.00;972103805_0;116.86;10.95;4360.00;154.56;-23142338#2_0;5.10;0.00;tripinfo_in_ns_to_ko.198;440.00;in_ns_to_ko.198;0;1398.55;1.09;0.00;324.34;car;;16;156.00
4800.00;23142338#2_0;290.21;10.30;4477.00;190.87;23687583_0;5.10;0.00;tripinfo_in_as_to_ns.61;323.00;in_as_to_ns.61;0;1995.73;1.01;0.00;142.73;car;;5;66.00
4804.00;972103805_0;116.86;12.09;4529.00;14.42;-230845886_0;5.10;0.00;tripinfo_in_ba_to_ko.153;275.00;in_ba_to_ko.153;0;2114.29;1.16;0.00;109.51;car;;3;46.00
4807.00;230845886_0;633.12;9.90;4533.00;38.63;803785575#0_0;5.10;0.00;tripinfo_in_od_to_ba.107;274.00;in_od_to_ba.107;0;2382.14;0.99;0.00;57.47;car;;3;8.00
4807.00;23142338#2_0;290.21;13.75;4581.00;17.22;803785575#0_0;5.10;0.00;tripinfo_in_od_to_ns.31;226.00;in_od_to_ns.31;0;1928.29;1.37;0.00;79.87;car;;1;13.00
4808.00;972103805_0;116.86;10.51;4622.00;244.55;23687583_0;5.10;0.00;tripinfo_in_as_to_ko.103;186.00;in_as_to_ko.103;0;1102.39;0.95;0.00;81.76;car;;6;30.00
4809.00;28706217_0;94.10;7.34;3446.00;87.35;23687583_0;5.10;0.00;tripinfo_in_as_to_sl.54;1363.00;in_as_to_sl.54;0;1976.75;0.97;0.00;1173.69;car;;47;835.00
4810.00;972103805_0;116.86;11.16;4542.00;14.96;-230845886_0;5.10;0.00;tripinfo_in_ba_to_ko.154;268.00;in_ba_to_ko.154;0;2114.29;1.11;0.00;95.32;car;;3;40.00
4811.00;28706217_0;94.10;7.56;3379.00;64.53;23687583_0;5.10;0.00;tripinfo_in_as_to_sl.52;1432.00;in_as_to_sl.52;0;1976.75;1.01;0.00;1250.86;car;;48;944.00
4812.00;23156305_0;1264.14;10.28;4118.00;71.82;-23142338#2_0;5.10;0.00;tripinfo_in_ns_to_gg.22;694.00;in_ns_to_gg.22;0;3297.24;0.97;0.00;385.03;car;;18;197.00
4812.00;45494495_0;58.90;11.92;4539.00;22.97;803785575#0_0;5.10;0.00;tripinfo_in_od_to_os.124;273.00;in_od_to_os.124;0;969.96;1.08;0.00;191.23;car;;5;156.00
4814.00;23527526_0;253.75;9.96;4681.00;271.17;23687583_0;5.10;0.00;tripinfo_in_as_to_gj.86;133.00;in_as_to_gj.86;0;649.06;0.94;0.00;70.36;car;;2;28.00
4815.00;972103805_0;116.86;8.30;4548.00;18.51;-230845886_0;5.10;0.00;tripinfo_in_ba_to_ko.155;267.00;in_ba_to_ko.155;0;2114.29;0.85;0.00;40.47;car;;1;9.00
4816.00;41899283#1_0;148.70;10.63;4422.00;29.21;803785575#0_0;5.10;0.00;tripinfo_in_od_to_as.90;394.00;in_od_to_as.90;0;2382.09;1.04;0.00;185.94;car;;8;42.00
4817.00;972103805_0;116.86;11.45;4364.00;156.72;-23142338#2_0;5.10;0.00;tripinfo_in_ns_to_ko.199;453.00;in_ns_to_ko.199;0;1398.55;1.05;0.00;332.42;car;;16;157.00
4817.00;23142338#2_0;290.21;10.60;4590.00;18.69;803785575#0_0;5.10;0.00;tripinfo_in_od_to_ns.32;227.00;in_od_to_ns.32;0;1928.29;1.03;0.00;46.96;car;;1;11.00
4819.00;972103805_0;116.86;10.81;4545.00;23.95;803785575#0_0;5.10;0.00;tripinfo_in_od_to_ko.133;274.00;in_od_to_ko.133;0;2307.67;1.08;0.00;71.10;car;;2;24.00
4822.00;23156305_0;1264.14;9.26;4123.00;70.44;-23142338#2_0;5.10;0.00;tripinfo_in_ns_to_gg.23;699.00;in_ns_to_gg.23;0;3297.24;0.93;0.00;376.47;car;;17;185.00
4822.00;972103805_0;116.86;10.93;4560.00;22.10;803785575#0_0;5.10;0.00;tripinfo_in_od_to_ko.134;262.00;in_od_to_ko.134;0;2307.67;1.00;0.00;42.05;car;;1;15.00
4824.00;23156305_0;1264.14;11.49;4300.00;24.64;803785575#0_0;5.10;0.00;tripinfo_in_od_to_gg.92;524.00;in_od_to_gg.92;0;3669.96;1.09;0.00;219.86;car;;7;64.00
4824.00;972103805_0;116.86;9.73;4563.00;12.24;803785575#0_0;5.10;0.00;tripinfo_in_od_to_ko.135;261.00;in_od_to_ko.135;0;2307.67;0.99;0.00;39.41;car;;1;13.00
4831.00;972103805_0;116.86;12.69;4554.00;6.76;-230845886_0;5.10;0.00;tripinfo_in_ba_to_ko.156;277.00;in_ba_to_ko.156;0;2114.29;1.16;0.00;111.28;car;;3;27.00
4833.00;41899283#1_0;148.70;9.99;4308.00;135.12;-23142338#2_0;5.10;0.00;tripinfo_in_ns_to_as.32;525.00;in_ns_to_as.32;0;2009.37;0.95;0.00;331.94;car;;16;158.00
4834.00;23156390_0;1121.44;10.02;4594.00;247.62;23687583_0;5.10;0.00;tripinfo_in_as_to_br.17;240.00;in_as_to_br.17;0;1694.48;0.98;0.00;83.94;car;;4;36.00
4834.00;230845886_0;633.12;10.23;4440.00;32.01;803785575#0_0;5.10;0.00;tripinfo_in_od_to_ba.103;394.00;in_od_to_ba.103;0;2382.14;1.02;0.00;182.92;car;;6;32.00
4836.00;972103805_0;116.86;11.56;4557.00;8.34;-230845886_0;5.10;0.00;tripinfo_in_ba_to_ko.157;279.00;in_ba_to_ko.157;0;2114.29;1.07;0.00;98.65;car;;2;24.00
4839.00;972103805_0;116.86;10.58;4654.00;267.77;23687583_0;5.10;0.00;tripinfo_in_as_to_ko.104;185.00;in_as_to_ko.104;0;1102.39;1.03;0.00;88.06;car;;4;38.00
4841.00;23527526_0;253.75;8.32;4608.00;0.25;-230845886_0;5.10;0.00;tripinfo_in_ba_to_gj.93;233.00;in_ba_to_gj.93;0;1755.68;0.75;0.00;21.60;car;;0;0.00
4842.00;230845886_0;633.12;10.99;4455.00;32.64;803785575#0_0;5.10;0.00;tripinfo_in_od_to_ba.104;387.00;in_od_to_ba.104;0;2382.14;1.01;0.00;174.12;car;;6;17.00
4843.00;972103805_0;116.86;9.18;4584.00;0.60;-230845886_0;5.10;0.00;tripinfo_in_ba_to_ko.158;259.00;in_ba_to_ko.158;0;2114.29;0.94;0.00;54.14;car;;1;18.00
4845.00;972103805_0;116.86;9.53;4566.00;14.23;803785575#0_0;5.10;0.00;tripinfo_in_od_to_ko.136;279.00;in_od_to_ko.136;0;2307.67;0.91;0.00;37.93;car;;2;7.00
4848.00;972103805_0;116.86;9.78;4393.00;166.52;-23142338#2_0;5.10;0.00;tripinfo_in_ns_to_ko.200;455.00;in_ns_to_ko.200;0;1398.55;0.92;0.00;317.92;car;;14;156.00
4848.00;23142338#2_0;290.21;10.48;4564.00;10.64;-230845886_0;5.10;0.00;tripinfo_in_ba_to_ns.35;284.00;in_ba_to_ns.35;0;2346.36;0.96;0.00;62.09;car;;2;19.00
4849.00;28716808#1_0;754.74;7.47;4347.00;11.11;803785575#0_0;5.10;0.00;tripinfo_in_od_to_kl.68;502.00;in_od_to_kl.68;0;2678.40;0.77;0.00;189.19;car;;7;78.00
4849.00;45494495_0;58.90;9.49;4605.00;20.44;803785575#0_0;5.10;0.00;tripinfo_in_od_to_os.127;244.00;in_od_to_os.127;0;969.96;0.87;0.00;143.72;car;;5;105.00
4850.00;28716808#1_0;754.74;10.21;4371.00;8.33;803785575#0_0;5.10;0.00;tripinfo_in_od_to_kl.70;479.00;in_od_to_kl.70;0;2678.40;1.02;0.00;242.86;car;;7;73.00
4850.00;23142338#2_0;290.21;10.75;4567.00;6.92;-230845886_0;5.10;0.00;tripinfo_in_ba_to_ns.36;283.00;in_ba_to_ns.36;0;2346.36;0.97;0.00;64.00;car;;1;16.00
4851.00;45494495_0;58.90;11.11;4665.00;20.06;803785575#0_0;5.10;0.00;tripinfo_in_od_to_os.132;186.00;in_od_to_os.132;0;969.96;1.09;0.00;105.03;car;;4;69.00
4852.00;28716808#1_0;754.74;11.28;4386.00;17.90;803785575#0_0;5.10;0.00;tripinfo_in_od_to_kl.71;466.00;in_od_to_kl.71;0;2678.40;1.05;0.00;236.23;car;;7;60.00
4852.00;972103805_0;116.86;10.01;4569.00;13.59;803785575#0_0;5.10;0.00;tripinfo_in_od_to_ko.137;283.00;in_od_to_ko.137;0;2307.67;0.97;0.00;56.22;car;;2;19.00
4853.00;41899283#1_0;148.70;11.19;4458.00;35.22;803785575#0_0;5.10;0.00;tripinfo_in_od_to_as.91;395.00;in_od_to_as.91;0;2382.09;1.08;0.00;196.26;car;;4;13.00
4854.00;28716808#1_0;754.74;10.79;4416.00;24.08;803785575#0_0;5.10;0.00;tripinfo_in_od_to_kl.72;438.00;in_od_to_kl.72;0;2678.40;1.08;0.00;212.93;car;;8;49.00
4855.00;45494495_0;58.90;8.18;4647.00;18.04;803785575#0_0;5.10;0.00;tripinfo_in_od_to_os.130;208.00;in_od_to_os.130;0;969.96;0.81;0.00;99.05;car;;4;65.00
4857.00;45494495_0;58.90;11.69;4677.00;22.55;803785575#0_0;5.10;0.00;tripinfo_in_od_to_os.133;180.00;in_od_to_os.133;0;969.96;1.17;0.00;104.92;car;;3;60.00
4859.00;45494495_0;58.90;9.97;4707.00;27.53;803785575#0_0;5.10;0.00;tripinfo_in_od_to_os.134;152.00;in_od_to_os.134;0;969.96;0.90;0.00;54.03;car;;2;17.00
4861.00;972103805_0;116.86;8.92;4578.00;14.29;803785575#0_0;5.10;0.00;tripinfo_in_od_to_ko.138;283.00;in_od_to_ko.138;0;2307.67;0.91;0.00;41.34;car;;1;13.00
4861.00;45494495_0;58.90;9.82;4740.00;34.23;803785575#0_0;5.10;0.00;tripinfo_in_od_to_os.135;121.00;in_od_to_os.135;0;969.96;0.99;0.00;32.51;car;;1;5.00
4863.00;23156305_0;1264.14;10.89;4326.00;2.20;803785575#0_0;5.10;0.00;tripinfo_in_od_to_gg.93;537.00;in_od_to_gg.93;0;3669.96;1.00;0.00;203.35;car;;4;51.00
4863.00;45494495_0;58.90;9.58;4749.00;31.75;803785575#0_0;5.10;0.00;tripinfo_in_od_to_os.136;114.00;in_od_to_os.136;0;969.96;0.89;0.00;15.23;car;;0;0.00
4865.00;23156305_0;1264.14;11.32;4218.00;96.26;-23142338#2_0;5.10;0.00;tripinfo_in_ns_to_gg.24;647.00;in_ns_to_gg.24;0;3297.24;1.13;0.00;381.15;car;;16;156.00
4865.00;972103805_0;116.86;10.97;4684.00;272.31;23687583_0;5.10;0.00;tripinfo_in_as_to_ko.105;181.00;in_as_to_ko.105;0;1102.39;1.00;0.00;80.66;car;;3;32.00
4867.00;45494495_0;58.90;8.95;4752.00;34.08;803785575#0_0;5.10;0.00;tripinfo_in_od_to_os.137;115.00;in_od_to_os.137;0;969.96;0.84;0.00;10.10;car;;0;0.00
4869.00;45494495_0;58.90;10.79;4002.00;1.28;-230845886_0;5.10;0.00;tripinfo_in_ba_to_os.60;867.00;in_ba_to_os.60;0;1647.96;1.06;0.00;725.69;car;;20;466.00
4869.00;23527526_0;253.75;8.31;4655.00;0.57;-230845886_0;5.10;0.00;tripinfo_in_ba_to_gj.94;214.00;in_ba_to_gj.94;0;1755.68;0.81;0.00;18.73;car;;0;0.00
4871.00;41899283#1_0;148.70;10.12;4696.00;11.84;-230845886_0;5.10;0.00;tripinfo_in_ba_to_as.91;175.00;in_ba_to_as.91;0;1430.78;0.98;0.00;42.83;car;;1;11.00
4871.00;45494495_0;58.90;11.34;4779.00;37.92;803785575#0_0;5.10;0.00;tripinfo_in_od_to_os.138;92.00;in_od_to_os.138;0;969.96;1.11;0.00;12.33;car;;0;0.00
4874.00;972103805_0;116.86;9.18;4690.00;267.06;23687583_0;5.10;0.00;tripinfo_in_as_to_ko.106;184.00;in_as_to_ko.106;0;1102.39;0.88;0.00;70.49;car;;3;28.00
4874.00;41899283#1_0;148.70;9.83;4470.00;26.36;803785575#0_0;5.10;0.00;tripinfo_in_od_to_as.92;404.00;in_od_to_as.92;0;2382.09;0.95;0.00;176.87;car;;4;18.00
4876.00;41899283#1_0;148.70;11.45;4497.00;38.33;803785575#0_0;5.10;0.00;tripinfo_in_od_to_as.93;379.00;in_od_to_as.93;0;2382.09;1.07;0.00;178.09;car;;4;8.00
4876.00;23142338#2_0;290.21;10.44;4573.00;0.74;-230845886_0;5.10;0.00;tripinfo_in_ba_to_ns.37;303.00;in_ba_to_ns.37;0;2346.36;0.96;0.00;81.18;car;;2;34.00
4877.00;972103805_0;116.86;10.66;4636.00;0.66;-230845886_0;5.10;0.00;tripinfo_in_ba_to_ko.159;241.00;in_ba_to_ko.159;0;2114.29;1.03;0.00;53.33;car;;3;19.00
4878.00;45494495_0;58.90;8.94;4045.00;3.53;-230845886_0;5.10;0.00;tripinfo_in_ba_to_os.61;833.00;in_ba_to_os.61;0;1647.96;0.82;0.00;652.02;car;;17;376.00
4880.00;45494495_0;58.90;10.76;4027.00;45.97;23687583_0;5.10;0.00;tripinfo_in_as_to_os.47;853.00;in_as_to_os.47;0;1689.77;1.00;0.00;699.86;car;;21;388.00
4880.00;972103805_0;116.86;9.63;4415.00;155.72;-23142338#2_0;5.10;0.00;tripinfo_in_ns_to_ko.201;465.00;in_ns_to_ko.201;0;1398.55;0.88;0.00;322.02;car;;16;168.00
4880.00;23156390_0;1121.44;9.20;4625.00;246.77;23687583_0;5.10;0.00;tripinfo_in_as_to_br.18;255.00;in_as_to_br.18;0;1694.48;0.91;0.00;86.36;car;;5;29.00
4882.00;972103805_0;116.86;10.91;4596.00;21.48;803785575#0_0;5.10;0.00;tripinfo_in_od_to_ko.139;286.00;in_od_to_ko.139;0;2307.67;1.02;0.00;71.65;car;;2;27.00
4884.00;972103805_0;116.86;11.84;4429.00;152.29;-23142338#2_0;5.10;0.00;tripinfo_in_ns_to_ko.202;455.00;in_ns_to_ko.202;0;1398.55;1.11;0.00;340.71;car;;16;183.00
4887.00;23142338#2_0;290.21;10.63;4588.00;245.58;23687583_0;5.10;0.00;tripinfo_in_as_to_ns.62;299.00;in_as_to_ns.62;0;1995.73;0.96;0.00;110.07;car;;6;52.00
4888.00;230845886_0;633.12;10.52;4687.00;272.13;23687583_0;5.10;0.00;tripinfo_in_as_to_ba.55;201.00;in_as_to_ba.55;0;1356.50;0.99;0.00;76.53;car;;3;29.00
4889.00;28706217_0;94.10;7.53;2510.00;0.47;-45494495_0;5.10;0.00;tripinfo_in_os_to_sl.4;2379.00;in_os_to_sl.4;0;484.95;1.05;0.00;2332.40;car;;24;2155.00
4889.00;28716808#1_0;754.74;9.51;4443.00;30.71;803785575#0_0;5.10;0.00;tripinfo_in_od_to_kl.73;446.00;in_od_to_kl.73;0;2678.40;0.94;0.00;188.74;car;;7;21.00
4891.00;23527526_0;253.75;9.98;4388.00;168.56;-23142338#2_0;5.10;0.00;tripinfo_in_ns_to_gj.16;503.00;in_ns_to_gj.16;0;2084.96;0.91;0.00;295.48;car;;16;145.00
4891.00;28716808#1_0;754.74;12.02;4706.00;271.42;23687583_0;5.10;0.00;tripinfo_in_as_to_kl.21;185.00;in_as_to_kl.21;0;1207.92;1.08;0.00;84.25;car;;3;39.00
4893.00;23156305_0;1264.14;9.56;4407.00;20.42;803785575#0_0;5.10;0.00;tripinfo_in_od_to_gg.98;486.00;in_od_to_gg.98;0;3669.96;0.91;0.00;120.75;car;;6;49.00
4893.00;28716808#1_0;754.74;12.90;4464.00;25.13;803785575#0_0;5.10;0.00;tripinfo_in_od_to_kl.74;429.00;in_od_to_kl.74;0;2678.40;1.24;0.00;233.88;car;;4;24.00
4894.00;23156030#6_0;109.07;9.92;3790.00;61.86;23687583_0;5.10;0.00;tripinfo_in_as_to_od.15;1104.00;in_as_to_od.15;0;2357.31;0.96;0.00;883.06;car;;28;657.00
4894.00;23156390_0;1121.44;10.32;4377.00;12.77;803785575#0_0;5.10;0.00;tripinfo_in_od_to_br.72;517.00;in_od_to_br.72;0;3149.31;0.93;0.00;209.68;car;;8;67.00
4894.00;972103805_0;116.86;10.35;4658.00;0.27;-230845886_0;5.10;0.00;tripinfo_in_ba_to_ko.160;236.00;in_ba_to_ko.160;0;2114.29;1.02;0.00;47.46;car;;0;0.00
4895.00;23156305_0;1264.14;11.01;4338.00;5.74;803785575#0_0;5.10;0.00;tripinfo_in_od_to_gg.94;557.00;in_od_to_gg.94;0;3669.96;1.04;0.00;237.64;car;;8;66.00
4896.00;23156305_0;1264.14;13.59;4251.00;101.88;-23142338#2_0;5.10;0.00;tripinfo_in_ns_to_gg.25;645.00;in_ns_to_gg.25;0;3297.24;1.25;0.00;404.95;car;;16;172.00
4896.00;23156390_0;1121.44;9.96;4392.00;18.93;803785575#0_0;5.10;0.00;tripinfo_in_od_to_br.73;504.00;in_od_to_br.73;0;3149.31;0.95;0.00;203.24;car;;7;56.00
4902.00;23527526_0;253.75;10.11;4693.00;9.22;-230845886_0;5.10;0.00;tripinfo_in_ba_to_gj.95;209.00;in_ba_to_gj.95;0;1755.68;1.00;0.00;50.02;car;;1;8.00
4903.00;972103805_0;116.86;7.40;4703.00;275.53;23687583_0;5.10;0.00;tripinfo_in_as_to_ko.107;200.00;in_as_to_ko.107;0;1102.39;0.77;0.00;70.39;car;;2;32.00
4903.00;28706217_0;94.10;8.18;4826.00;31.14;803785575#0_0;5.10;0.00;tripinfo_in_od_to_sl.7;77.00;in_od_to_sl.7;0;747.33;1.08;0.00;10.13;car;;0;0.00
4904.00;23156390_0;1121.44;11.36;4335.00;144.92;-23142338#2_0;5.10;0.00;tripinfo_in_ns_to_br.5;569.00;in_ns_to_br.5;0;2792.05;1.05;0.00;327.94;car;;16;150.00
4905.00;28716808#1_0;754.74;9.80;4467.00;27.18;803785575#0_0;5.10;0.00;tripinfo_in_od_to_kl.75;438.00;in_od_to_kl.75;0;2678.40;0.96;0.00;187.17;car;;4;22.00
4905.00;972103805_0;116.86;10.66;4715.00;272.39;23687583_0;5.10;0.00;tripinfo_in_as_to_ko.108;190.00;in_as_to_ko.108;0;1102.39;1.18;0.00;105.24;car;;2;29.00
4906.00;23156305_0;1264.14;10.06;4666.00;268.55;23687583_0;5.10;0.00;tripinfo_in_as_to_gg.22;240.00;in_as_to_gg.22;0;1600.87;0.97;0.00;90.00;car;;3;33.00
4907.00;972103805_0;116.86;11.41;4719.00;275.86;23687583_0;5.10;0.00;tripinfo_in_as_to_ko.109;188.00;in_as_to_ko.109;0;1102.39;1.05;0.00;92.48;car;;2;29.00
4907.00;28716808#1_0;754.74;11.44;4476.00;28.14;803785575#0_0;5.10;0.00;tripinfo_in_od_to_kl.76;431.00;in_od_to_kl.76;0;2678.40;1.06;0.00;202.69;car;;5;18.00
4908.00;23156305_0;1264.14;13.53;4380.00;13.81;803785575#0_0;5.10;0.00;tripinfo_in_od_to_gg.95;528.00;in_od_to_gg.95;0;3669.96;1.25;0.00;261.85;car;;5;56.00
4909.00;972103805_0;116.86;10.86;4669.00;5.85;-230845886_0;5.10;0.00;tripinfo_in_ba_to_ko.161;240.00;in_ba_to_ko.161;0;2114.29;0.99;0.00;45.65;car;;1;5.00
4910.00;23156305_0;1264.14;10.46;4383.00;15.68;803785575#0_0;5.10;0.00;tripinfo_in_od_to_gg.96;527.00;in_od_to_gg.96;0;3669.96;1.04;0.00;205.27;car;;5;53.00
4911.00;972103805_0;116.86;9.99;4455.00;165.24;-23142338#2_0;5.10;0.00;tripinfo_in_ns_to_ko.203;456.00;in_ns_to_ko.203;0;1398.55;0.97;0.00;325.27;car;;15;167.00
4913.00;23142338#2_0;290.21;10.50;4601.00;245.45;23687583_0;5.10;0.00;tripinfo_in_as_to_ns.63;312.00;in_as_to_ns.63;0;1995.73;1.04;0.00;137.41;car;;7;67.00
4914.00;23527526_0;253.75;10.34;4791.00;283.67;23687583_0;5.10;0.00;tripinfo_in_as_to_gj.87;123.00;in_as_to_gj.87;0;649.06;0.95;0.00;60.83;car;;3;9.00
4916.00;23156390_0;1121.44;10.59;4662.00;266.35;23687583_0;5.10;0.00;tripinfo_in_as_to_br.19;254.00;in_as_to_br.19;0;1694.48;1.02;0.00;103.36;car;;4;36.00
4916.00;41899283#1_0;148.70;10.51;4763.00;0.67;-230845886_0;5.10;0.00;tripinfo_in_ba_to_as.92;153.00;in_ba_to_as.92;0;1430.78;0.96;0.00;18.13;car;;0;0.00
4921.00;972103805_0;116.86;9.57;4602.00;18.56;803785575#0_0;5.10;0.00;tripinfo_in_od_to_ko.140;319.00;in_od_to_ko.140;0;2307.67;0.90;0.00;75.73;car;;2;32.00
4929.00;972103805_0;116.86;7.94;4722.00;276.03;23687583_0;5.10;0.00;tripinfo_in_as_to_ko.110;207.00;in_as_to_ko.110;0;1102.39;0.82;0.00;85.82;car;;4;46.00
4931.00;972103805_0;116.86;8.81;4728.00;277.26;23687583_0;5.10;0.00;tripinfo_in_as_to_ko.111;203.00;in_as_to_ko.111;0;1102.39;0.89;0.00;90.70;car;;5;45.00
4932.00;23527526_0;253.75;12.52;4844.00;300.51;23687583_0;5.10;0.00;tripinfo_in_as_to_gj.88;88.00;in_as_to_gj.88;0;649.06;1.14;0.00;35.28;car;;1;1.00
4932.00;23156390_0;1121.44;9.20;4678.00;8.10;-230845886_0;5.10;0.00;tripinfo_in_ba_to_br.6;254.00;in_ba_to_br.6;0;2198.00;0.93;0.00;38.22;car;;2;7.00
4933.00;972103805_0;116.86;10.59;4737.00;277.42;23687583_0;5.10;0.00;tripinfo_in_as_to_ko.112;196.00;in_as_to_ko.112;0;1102.39;1.05;0.00;100.43;car;;5;33.00
4935.00;41899283#1_0;148.70;8.50;4400.00;146.54;-23142338#2_0;5.10;0.00;tripinfo_in_ns_to_as.33;535.00;in_ns_to_as.33;0;2009.37;0.81;0.00;310.04;car;;14;152.00
4935.00;972103805_0;116.86;12.66;4610.00;15.34;803785575#0_0;5.10;0.00;tripinfo_in_od_to_ko.141;325.00;in_od_to_ko.141;0;2307.67;1.17;0.00;135.47;car;;3;37.00
4936.00;23156390_0;1121.44;9.39;4428.00;29.57;803785575#0_0;5.10;0.00;tripinfo_in_od_to_br.74;508.00;in_od_to_br.74;0;3149.31;0.92;0.00;196.18;car;;11;46.00
4937.00;972103805_0;116.86;12.14;4486.00;134.07;-23142338#2_0;5.10;0.00;tripinfo_in_ns_to_ko.204;451.00;in_ns_to_ko.204;0;1398.55;1.11;0.00;336.80;car;;15;176.00
4937.00;41899283#1_0;148.70;10.90;4773.00;3.48;-230845886_0;5.10;0.00;tripinfo_in_ba_to_as.93;164.00;in_ba_to_as.93;0;1430.78;1.03;0.00;37.95;car;;2;11.00
4938.00;23156390_0;1121.44;11.54;4449.00;34.11;803785575#0_0;5.10;0.00;tripinfo_in_od_to_br.75;489.00;in_od_to_br.75;0;3149.31;1.13;0.00;236.71;car;;9;30.00
4939.00;41899283#1_0;148.70;13.25;4554.00;19.13;803785575#0_0;5.10;0.00;tripinfo_in_od_to_as.95;385.00;in_od_to_as.95;0;2382.09;1.21;0.00;205.88;car;;6;41.00
4940.00;972103805_0;116.86;10.65;4623.00;10.00;803785575#0_0;5.10;0.00;tripinfo_in_od_to_ko.142;317.00;in_od_to_ko.142;0;2307.67;0.99;0.00;95.37;car;;3;50.00
4941.00;41899283#1_0;148.70;9.95;4551.00;23.31;803785575#0_0;5.10;0.00;tripinfo_in_od_to_as.94;390.00;in_od_to_as.94;0;2382.09;0.93;0.00;157.95;car;;4;31.00
4942.00;972103805_0;116.86;10.38;4635.00;11.30;803785575#0_0;5.10;0.00;tripinfo_in_od_to_ko.143;307.00;in_od_to_ko.143;0;2307.67;1.01;0.00;90.34;car;;3;45.00
4943.00;28716808#1_0;754.74;10.06;2514.00;0.50;-45494495_0;5.10;0.00;tripinfo_in_os_to_kl.2;2429.00;in_os_to_kl.2;0;2042.78;1.00;0.00;2243.68;car;;19;2022.00
4943.00;230845886_0;633.12;8.90;4274.00;115.51;-23142338#2_0;5.10;0.00;tripinfo_in_ns_to_ba.11;669.00;in_ns_to_ba.11;0;2340.42;0.85;0.00;421.38;car;;18;182.00
4943.00;41899283#1_0;148.70;11.89;4572.00;15.27;803785575#0_0;5.10;0.00;tripinfo_in_od_to_as.96;371.00;in_od_to_as.96;0;2382.09;1.14;0.00;181.86;car;;5;34.00
4945.00;972103805_0;116.86;10.40;4653.00;21.86;803785575#0_0;5.10;0.00;tripinfo_in_od_to_ko.144;292.00;in_od_to_ko.144;0;2307.67;1.01;0.00;74.76;car;;2;30.00
4946.00;41899283#1_0;148.70;9.43;4575.00;15.92;803785575#0_0;5.10;0.00;tripinfo_in_od_to_as.97;371.00;in_od_to_as.97;0;2382.09;0.91;0.00;133.19;car;;5;39.00
4947.00;23156305_0;1264.14;10.18;4491.00;36.89;803785575#0_0;5.10;0.00;tripinfo_in_od_to_gg.101;456.00;in_od_to_gg.101;0;3669.96;0.95;0.00;103.95;car;;2;7.00
4948.00;41899283#1_0;148.70;9.94;4599.00;21.32;803785575#0_0;5.10;0.00;tripinfo_in_od_to_as.99;349.00;in_od_to_as.99;0;2382.09;0.99;0.00;130.86;car;;6;36.00
4949.00;23156305_0;1264.14;10.68;4401.00;17.83;803785575#0_0;5.10;0.00;tripinfo_in_od_to_gg.97;548.00;in_od_to_gg.97;0;3669.96;1.03;0.00;226.46;car;;8;48.00
4950.00;41899283#1_0;148.70;11.19;4584.00;15.91;803785575#0_0;5.10;0.00;tripinfo_in_od_to_as.98;366.00;in_od_to_as.98;0;2382.09;1.11;0.00;171.83;car;;5;37.00
4950.00;23156305_0;1264.14;12.80;4663.00;0.96;-230845886_0;5.10;0.00;tripinfo_in_ba_to_gg.40;287.00;in_ba_to_gg.40;0;2718.65;1.21;0.00;83.49;car;;0;0.00
4952.00;28716808#1_0;754.74;9.02;4530.00;36.13;803785575#0_0;5.10;0.00;tripinfo_in_od_to_kl.78;422.00;in_od_to_kl.78;0;2678.40;0.92;0.00;159.52;car;;5;33.00
4953.00;23527526_0;253.75;10.03;4856.00;304.24;23687583_0;5.10;0.00;tripinfo_in_as_to_gj.89;97.00;in_as_to_gj.89;0;649.06;1.00;0.00;37.33;car;;1;6.00
4953.00;23156305_0;1264.14;10.43;4666.00;3.61;-230845886_0;5.10;0.00;tripinfo_in_ba_to_gg.41;287.00;in_ba_to_gg.41;0;2718.65;0.99;0.00;37.37;car;;0;0.00
4954.00;28706217_0;94.10;6.78;3639.00;3.53;-230845886_0;5.10;0.00;tripinfo_in_ba_to_sl.37;1315.00;in_ba_to_sl.37;0;1934.94;0.86;0.00;1106.96;car;;35;850.00
4955.00;972103805_0;116.86;10.92;4772.00;294.13;23687583_0;5.10;0.00;tripinfo_in_as_to_ko.113;183.00;in_as_to_ko.113;0;1102.39;1.00;0.00;82.72;car;;4;28.00
4956.00;28706217_0;94.10;7.29;3607.00;60.55;23687583_0;5.10;0.00;tripinfo_in_as_to_sl.61;1349.00;in_as_to_sl.61;0;1976.75;0.93;0.00;1152.43;car;;36;854.00
4956.00;41899283#1_0;148.70;10.64;4420.00;153.36;-23142338#2_0;5.10;0.00;tripinfo_in_ns_to_as.34;536.00;in_ns_to_as.34;0;2009.37;1.00;0.00;352.87;car;;17;183.00
4958.00;45494495_0;58.90;9.59;4102.00;1.93;-230845886_0;5.10;0.00;tripinfo_in_ba_to_os.62;856.00;in_ba_to_os.62;0;1647.96;0.94;0.00;697.36;car;;20;407.00
4959.00;972103805_0;116.86;9.74;4779.00;291.24;23687583_0;5.10;0.00;tripinfo_in_as_to_ko.114;180.00;in_as_to_ko.114;0;1102.39;0.93;0.00;72.16;car;;4;22.00
4961.00;23142338#2_0;290.21;10.68;4672.00;7.64;-230845886_0;5.10;0.00;tripinfo_in_ba_to_ns.38;289.00;in_ba_to_ns.38;0;2346.36;1.03;0.00;83.69;car;;2;36.00
4964.00;28716808#1_0;754.74;10.74;4797.00;278.80;23687583_0;5.10;0.00;tripinfo_in_as_to_kl.22;167.00;in_as_to_kl.22;0;1207.92;1.04;0.00;61.63;car;;2;6.00
4964.00;23527526_0;253.75;9.74;4776.00;6.12;-230845886_0;5.10;0.00;tripinfo_in_ba_to_gj.96;188.00;in_ba_to_gj.96;0;1755.68;0.98;0.00;24.54;car;;1;6.00
4965.00;972103805_0;116.86;7.98;4690.00;10.42;-230845886_0;5.10;0.00;tripinfo_in_ba_to_ko.162;275.00;in_ba_to_ko.162;0;2114.29;0.81;0.00;36.37;car;;1;3.00
4965.00;28706217_0;94.10;8.67;4889.00;44.97;803785575#0_0;5.10;0.00;tripinfo_in_od_to_sl.8;76.00;in_od_to_sl.8;0;747.33;1.12;0.00;11.60;car;;0;0.00
4966.00;972103805_0;116.86;9.13;4715.00;0.23;-230845886_0;5.10;0.00;tripinfo_in_ba_to_ko.163;251.00;in_ba_to_ko.163;0;2114.29;0.90;0.00;38.67;car;;2;4.00
4966.00;41899283#1_0;148.70;9.05;4810.00;10.17;-230845886_0;5.10;0.00;tripinfo_in_ba_to_as.94;156.00;in_ba_to_as.94;0;1430.78;0.92;0.00;15.59;car;;0;0.00
4967.00;23156390_0;1121.44;8.97;4485.00;32.40;803785575#0_0;5.10;0.00;tripinfo_in_od_to_br.76;482.00;in_od_to_br.76;0;3149.31;0.92;0.00;169.34;car;;3;10.00
4967.00;230845886_0;633.12;9.61;4613.00;17.77;803785575#0_0;5.10;0.00;tripinfo_in_od_to_ba.108;354.00;in_od_to_ba.108;0;2382.14;0.96;0.00;130.39;car;;6;36.00
4968.00;972103805_0;116.86;10.92;4731.00;1.70;-230845886_0;5.10;0.00;tripinfo_in_ba_to_ko.164;237.00;in_ba_to_ko.164;0;2114.29;1.01;0.00;46.69;car;;2;2.00
4969.00;23156390_0;1121.44;10.92;4506.00;44.99;803785575#0_0;5.10;0.00;tripinfo_in_od_to_br.77;463.00;in_od_to_br.77;0;3149.31;1.08;0.00;198.32;car;;3;13.00
4970.00;972103805_0;116.86;9.73;4492.00;125.28;-23142338#2_0;5.10;0.00;tripinfo_in_ns_to_ko.205;478.00;in_ns_to_ko.205;0;1398.55;0.96;0.00;346.60;car;;17;182.00
4970.00;230845886_0;633.12;10.31;4632.00;8.60;803785575#0_0;5.10;0.00;tripinfo_in_od_to_ba.109;338.00;in_od_to_ba.109;0;2382.14;0.97;0.00;116.54;car;;4;31.00
4972.00;972103805_0;116.86;10.79;4506.00;138.29;-23142338#2_0;5.10;0.00;tripinfo_in_ns_to_ko.206;466.00;in_ns_to_ko.206;0;1398.55;0.99;0.00;339.27;car;;16;174.00
4972.00;28716808#1_0;754.74;10.37;4593.00;21.59;803785575#0_0;5.10;0.00;tripinfo_in_od_to_kl.79;379.00;in_od_to_kl.79;0;2678.40;1.03;0.00;142.64;car;;7;47.00
4973.00;23142338#2_0;290.21;9.04;4675.00;8.19;-230845886_0;5.10;0.00;tripinfo_in_ba_to_ns.39;298.00;in_ba_to_ns.39;0;2346.36;0.89;0.00;58.52;car;;2;25.00
4974.00;972103805_0;116.86;10.68;4659.00;18.92;803785575#0_0;5.10;0.00;tripinfo_in_od_to_ko.145;315.00;in_od_to_ko.145;0;2307.67;0.99;0.00;94.45;car;;3;48.00
4977.00;972103805_0;116.86;11.31;4668.00;20.02;803785575#0_0;5.10;0.00;tripinfo_in_od_to_ko.146;309.00;in_od_to_ko.146;0;2307.67;1.05;0.00;98.62;car;;3;43.00
4981.00;972103805_0;116.86;10.69;4671.00;20.40;803785575#0_0;5.10;0.00;tripinfo_in_od_to_ko.147;310.00;in_od_to_ko.147;0;2307.67;0.96;0.00;81.77;car;;3;38.00
4982.00;972103805_0;116.86;12.06;4516.00;99.77;-23142338#2_0;5.10;0.00;tripinfo_in_ns_to_ko.207;466.00;in_ns_to_ko.207;0;1398.55;1.20;0.00;361.33;car;;15;182.00
4986.00;972103805_0;116.86;9.81;4794.00;280.71;23687583_0;5.10;0.00;tripinfo_in_as_to_ko.115;192.00;in_as_to_ko.115;0;1102.39;0.94;0.00;85.99;car;;3;25.00
4987.00;41899283#1_0;148.70;11.08;4819.00;15.48;-230845886_0;5.10;0.00;tripinfo_in_ba_to_as.95;168.00;in_ba_to_as.95;0;1430.78;1.09;0.00;49.39;car;;2;19.00
4991.00;972103805_0;116.86;8.56;4804.00;281.50;23687583_0;5.10;0.00;tripinfo_in_as_to_ko.116;187.00;in_as_to_ko.116;0;1102.39;0.84;0.00;67.32;car;;3;12.00
4991.00;41899283#1_0;148.70;10.86;4825.00;14.59;-230845886_0;5.10;0.00;tripinfo_in_ba_to_as.96;166.00;in_ba_to_as.96;0;1430.78;1.05;0.00;42.14;car;;2;9.00
4992.00;972103805_0;116.86;10.54;4811.00;277.73;23687583_0;5.10;0.00;tripinfo_in_as_to_ko.117;181.00;in_as_to_ko.117;0;1102.39;1.00;0.00;81.82;car;;2;9.00
4993.00;23142338#2_0;290.21;10.88;4699.00;13.53;-230845886_0;5.10;0.00;tripinfo_in_ba_to_ns.40;294.00;in_ba_to_ns.40;0;2346.36;0.99;0.00;80.18;car;;2;38.00
4994.00;23527526_0;253.75;11.45;4477.00;149.40;-23142338#2_0;5.10;0.00;tripinfo_in_ns_to_gj.17;517.00;in_ns_to_gj.17;0;2084.96;1.12;0.00;348.24;car;;16;181.00
4994.00;972103805_0;116.86;9.99;4830.00;288.67;23687583_0;5.10;0.00;tripinfo_in_as_to_ko.118;164.00;in_as_to_ko.118;0;1102.39;0.95;0.00;59.00;car;;2;8.00
4996.00;28706217_0;94.10;6.74;3527.00;88.25;23687583_0;5.10;0.00;tripinfo_in_as_to_sl.55;1469.00;in_as_to_sl.55;0;1976.75;0.89;0.00;1262.35;car;;49;965.00
4997.00;972103805_0;116.86;9.19;4737.00;0.21;-230845886_0;5.10;0.00;tripinfo_in_ba_to_ko.165;260.00;in_ba_to_ko.165;0;2114.29;0.92;0.00;49.48;car;;2;12.00
4998.00;972103805_0;116.86;11.97;4756.00;0.31;-230845886_0;5.10;0.00;tripinfo_in_ba_to_ko.166;242.00;in_ba_to_ko.166;0;2114.29;1.11;0.00;68.91;car;;3;12.00
4999.00;41899283#1_0;148.70;11.58;4831.00;10.64;-230845886_0;5.10;0.00;tripinfo_in_ba_to_as.97;168.00;in_ba_to_as.97;0;1430.78;1.08;0.00;47.96;car;;2;7.00
5000.00;41899283#1_0;148.70;12.23;4851.00;0.69;-230845886_0;5.10;0.00;tripinfo_in_ba_to_as.98;149.00;in_ba_to_as.98;0;1430.78;1.11;0.00;32.63;car;;1;5.00
5001.00;972103805_0;116.86;10.28;4766.00;2.76;-230845886_0;5.10;0.00;tripinfo_in_ba_to_ko.167;235.00;in_ba_to_ko.167;0;2114.29;1.02;0.00;46.76;car;;2;6.00
5003.00;972103805_0;116.86;10.64;4519.00;102.46;-23142338#2_0;5.10;0.00;tripinfo_in_ns_to_ko.208;484.00;in_ns_to_ko.208;0;1398.55;0.96;0.00;352.04;car;;18;180.00
5010.00;23156390_0;1121.44;10.01;4396.00;169.35;-23142338#2_0;5.10;0.00;tripinfo_in_ns_to_br.6;614.00;in_ns_to_br.6;0;2792.05;0.91;0.00;336.02;car;;16;155.00
5010.00;23156305_0;1264.14;8.31;4413.00;22.37;803785575#0_0;5.10;0.00;tripinfo_in_od_to_gg.99;597.00;in_od_to_gg.99;0;3669.96;0.81;0.00;184.06;car;;8;44.00
5012.00;23156305_0;1264.14;10.22;4452.00;29.98;803785575#0_0;5.10;0.00;tripinfo_in_od_to_gg.100;560.00;in_od_to_gg.100;0;3669.96;0.98;0.00;218.91;car;;6;21.00
5013.00;23156390_0;1121.44;10.65;4608.00;19.85;803785575#0_0;5.10;0.00;tripinfo_in_od_to_br.78;405.00;in_od_to_br.78;0;3149.31;1.03;0.00;128.61;car;;5;32.00
5013.00;230845886_0;633.12;10.61;4680.00;24.90;803785575#0_0;5.10;0.00;tripinfo_in_od_to_ba.110;333.00;in_od_to_ba.110;0;2382.14;0.97;0.00;110.95;car;;6;36.00
5014.00;23156305_0;1264.14;12.82;4369.00;161.24;-23142338#2_0;5.10;0.00;tripinfo_in_ns_to_gg.26;645.00;in_ns_to_gg.26;0;3297.24;1.22;0.00;398.33;car;;16;154.00
5015.00;972103805_0;116.86;10.78;4840.00;298.22;23687583_0;5.10;0.00;tripinfo_in_as_to_ko.119;175.00;in_as_to_ko.119;0;1102.39;0.97;0.00;72.53;car;;3;25.00
5018.00;972103805_0;116.86;10.03;4850.00;300.65;23687583_0;5.10;0.00;tripinfo_in_as_to_ko.120;168.00;in_as_to_ko.120;0;1102.39;0.97;0.00;65.03;car;;2;21.00
5021.00;972103805_0;116.86;11.06;4800.00;1.52;-230845886_0;5.10;0.00;tripinfo_in_ba_to_ko.168;221.00;in_ba_to_ko.168;0;2114.29;1.11;0.00;47.70;car;;2;8.00
5022.00;41899283#1_0;148.70;8.25;4449.00;168.04;-23142338#2_0;5.10;0.00;tripinfo_in_ns_to_as.35;573.00;in_ns_to_as.35;0;2009.37;0.78;0.00;339.20;car;;17;187.00
5024.00;41899283#1_0;148.70;10.38;4459.00;145.43;-23142338#2_0;5.10;0.00;tripinfo_in_ns_to_as.36;565.00;in_ns_to_as.36;0;2009.37;1.03;0.00;386.39;car;;17;180.00
5024.00;23142338#2_0;290.21;10.45;4746.00;29.03;803785575#0_0;5.10;0.00;tripinfo_in_od_to_ns.33;278.00;in_od_to_ns.33;0;1928.29;0.99;0.00;90.11;car;;3;47.00
5025.00;28716808#1_0;754.74;9.60;4638.00;13.59;803785575#0_0;5.10;0.00;tripinfo_in_od_to_kl.80;387.00;in_od_to_kl.80;0;2678.40;0.95;0.00;131.24;car;;6;35.00
5025.00;972103805_0;116.86;9.86;4719.00;32.72;803785575#0_0;5.10;0.00;tripinfo_in_od_to_ko.148;306.00;in_od_to_ko.148;0;2307.67;0.92;0.00;67.49;car;;3;28.00
5026.00;23156305_0;1264.14;9.70;4719.00;0.00;-230845886_0;5.10;0.00;tripinfo_in_ba_to_gg.42;307.00;in_ba_to_gg.42;0;2718.65;0.90;0.00;33.26;car;;1;1.00
5028.00;23156305_0;1264.14;12.15;4734.00;1.74;-230845886_0;5.10;0.00;tripinfo_in_ba_to_gg.43;294.00;in_ba_to_gg.43;0;2718.65;1.18;0.00;83.68;car;;1;1.00
5029.00;972103805_0;116.86;9.20;4544.00;106.96;-23142338#2_0;5.10;0.00;tripinfo_in_ns_to_ko.209;485.00;in_ns_to_ko.209;0;1398.55;0.89;0.00;343.63;car;;16;185.00
5031.00;972103805_0;116.86;10.28;4547.00;108.02;-23142338#2_0;5.10;0.00;tripinfo_in_ns_to_ko.210;484.00;in_ns_to_ko.210;0;1398.55;1.02;0.00;359.70;car;;15;175.00
5033.00;972103805_0;116.86;10.39;4550.00;100.83;-23142338#2_0;5.10;0.00;tripinfo_in_ns_to_ko.211;483.00;in_ns_to_ko.211;0;1398.55;1.03;0.00;359.85;car;;15;175.00
5033.00;23527526_0;253.75;9.52;4822.00;17.10;-230845886_0;5.10;0.00;tripinfo_in_ba_to_gj.97;211.00;in_ba_to_gj.97;0;1755.68;0.89;0.00;32.17;car;;2;9.00
5034.00;23156305_0;1264.14;9.45;4744.00;2.47;-230845886_0;5.10;0.00;tripinfo_in_ba_to_gg.44;290.00;in_ba_to_gg.44;0;2718.65;0.96;0.00;33.36;car;;1;3.00
5035.00;23527526_0;253.75;11.26;4828.00;14.89;-230845886_0;5.10;0.00;tripinfo_in_ba_to_gj.98;207.00;in_ba_to_gj.98;0;1755.68;1.08;0.00;59.14;car;;2;9.00
5037.00;28706217_0;94.10;9.07;3620.00;32.65;23687583_0;5.10;0.00;tripinfo_in_as_to_sl.62;1417.00;in_as_to_sl.62;0;1976.75;1.19;0.00;1262.37;car;;39;930.00
5037.00;41899283#1_0;148.70;11.51;4879.00;0.46;-230845886_0;5.10;0.00;tripinfo_in_ba_to_as.99;158.00;in_ba_to_as.99;0;1430.78;1.05;0.00;34.16;car;;1;1.00
5040.00;23527526_0;253.75;10.10;4902.00;319.10;23687583_0;5.10;0.00;tripinfo_in_as_to_gj.90;138.00;in_as_to_gj.90;0;649.06;0.95;0.00;75.28;car;;3;40.00
5040.00;41899283#1_0;148.70;9.87;4888.00;5.15;-230845886_0;5.10;0.00;tripinfo_in_ba_to_as.100;152.00;in_ba_to_as.100;0;1430.78;0.98;0.00;19.29;car;;0;0.00
5041.00;28706217_0;94.10;8.05;3540.00;78.56;23687583_0;5.10;0.00;tripinfo_in_as_to_sl.56;1501.00;in_as_to_sl.56;0;1976.75;1.10;0.00;1334.23;car;;45;974.00
5042.00;41899283#1_0;148.70;12.93;4489.00;126.51;-23142338#2_0;5.10;0.00;tripinfo_in_ns_to_as.37;553.00;in_ns_to_as.37;0;2009.37;1.16;0.00;395.34;car;;17;193.00
5043.00;972103805_0;116.86;11.54;4871.00;311.94;23687583_0;5.10;0.00;tripinfo_in_as_to_ko.121;172.00;in_as_to_ko.121;0;1102.39;1.09;0.00;80.85;car;;3;42.00
5044.00;23142338#2_0;290.21;8.44;4770.00;36.97;803785575#0_0;5.10;0.00;tripinfo_in_od_to_ns.34;274.00;in_od_to_ns.34;0;1928.29;0.78;0.00;37.85;car;;1;5.00
5045.00;230845886_0;633.12;8.92;4865.00;311.67;23687583_0;5.10;0.00;tripinfo_in_as_to_ba.56;180.00;in_as_to_ba.56;0;1356.50;0.86;0.00;37.61;car;;1;5.00
5046.00;23142338#2_0;290.21;8.33;4725.00;276.86;23687583_0;5.10;0.00;tripinfo_in_as_to_ns.64;321.00;in_as_to_ns.64;0;1995.73;0.86;0.00;111.36;car;;5;52.00
5047.00;230845886_0;633.12;11.08;4425.00;150.97;-23142338#2_0;5.10;0.00;tripinfo_in_ns_to_ba.12;622.00;in_ns_to_ba.12;0;2340.42;1.05;0.00;420.35;car;;20;186.00
5047.00;972103805_0;116.86;9.75;4803.00;4.41;-230845886_0;5.10;0.00;tripinfo_in_ba_to_ko.169;244.00;in_ba_to_ko.169;0;2114.29;0.99;0.00;50.43;car;;2;17.00
5048.00;23142338#2_0;290.21;11.30;4731.00;277.16;23687583_0;5.10;0.00;tripinfo_in_as_to_ns.65;317.00;in_as_to_ns.65;0;1995.73;1.09;0.00;150.75;car;;7;67.00
5049.00;972103805_0;116.86;12.51;4813.00;11.90;-230845886_0;5.10;0.00;tripinfo_in_ba_to_ko.170;236.00;in_ba_to_ko.170;0;2114.29;1.13;0.00;65.50;car;;1;10.00
5051.00;23142338#2_0;290.21;11.09;4788.00;36.25;803785575#0_0;5.10;0.00;tripinfo_in_od_to_ns.35;263.00;in_od_to_ns.35;0;1928.29;1.06;0.00;87.64;car;;2;25.00
5054.00;41899283#1_0;148.70;9.48;4695.00;22.51;803785575#0_0;5.10;0.00;tripinfo_in_od_to_as.101;359.00;in_od_to_as.101;0;2382.09;0.93;0.00;127.73;car;;8;36.00
5055.00;23156390_0;1121.44;10.14;4641.00;16.45;803785575#0_0;5.10;0.00;tripinfo_in_od_to_br.79;414.00;in_od_to_br.79;0;3149.31;0.97;0.00;119.15;car;;4;28.00
5055.00;972103805_0;116.86;9.26;4728.00;39.03;803785575#0_0;5.10;0.00;tripinfo_in_od_to_ko.149;327.00;in_od_to_ko.149;0;2307.67;0.89;0.00;80.91;car;;3;44.00
5057.00;23142338#2_0;290.21;12.55;4816.00;278.99;23687583_0;5.10;0.00;tripinfo_in_as_to_ns.66;241.00;in_as_to_ns.66;0;1995.73;1.18;0.00;87.33;car;;2;21.00
5057.00;972103805_0;116.86;10.84;4734.00;37.22;803785575#0_0;5.10;0.00;tripinfo_in_od_to_ko.150;323.00;in_od_to_ko.150;0;2307.67;1.02;0.00;106.82;car;;3;40.00
5058.00;41899283#1_0;148.70;8.76;4891.00;0.17;-230845886_0;5.10;0.00;tripinfo_in_ba_to_as.101;167.00;in_ba_to_as.101;0;1430.78;0.90;0.00;21.87;car;;1;3.00
5060.00;972103805_0;116.86;10.63;4737.00;32.77;803785575#0_0;5.10;0.00;tripinfo_in_od_to_ko.151;323.00;in_od_to_ko.151;0;2307.67;0.96;0.00;95.17;car;;3;36.00
5061.00;972103805_0;116.86;11.74;4553.00;102.95;-23142338#2_0;5.10;0.00;tripinfo_in_ns_to_ko.212;508.00;in_ns_to_ko.212;0;1398.55;1.10;0.00;393.59;car;;16;194.00
5064.00;972103805_0;116.86;9.62;4567.00;109.32;-23142338#2_0;5.10;0.00;tripinfo_in_ns_to_ko.213;497.00;in_ns_to_ko.213;0;1398.55;0.98;0.00;368.53;car;;17;197.00
5064.00;41899283#1_0;148.70;8.84;4689.00;25.70;803785575#0_0;5.10;0.00;tripinfo_in_od_to_as.100;375.00;in_od_to_as.100;0;2382.09;0.81;0.00;109.99;car;;6;31.00
5066.00;41899283#1_0;148.70;11.20;4894.00;2.43;-230845886_0;5.10;0.00;tripinfo_in_ba_to_as.102;172.00;in_ba_to_as.102;0;1430.78;1.05;0.00;48.40;car;;1;3.00
5067.00;28706217_0;94.10;7.82;4510.00;120.32;-23142338#2_0;5.10;0.00;tripinfo_in_ns_to_sl.11;557.00;in_ns_to_sl.11;0;1619.36;0.99;0.00;392.01;car;;18;226.00
5067.00;972103805_0;116.86;9.74;4577.00;98.53;-23142338#2_0;5.10;0.00;tripinfo_in_ns_to_ko.214;490.00;in_ns_to_ko.214;0;1398.55;0.95;0.00;356.44;car;;16;184.00
5069.00;28706217_0;94.10;7.94;3638.00;36.05;23687583_0;5.10;0.00;tripinfo_in_as_to_sl.63;1431.00;in_as_to_sl.63;0;1976.75;1.06;0.00;1258.28;car;;39;943.00
5069.00;972103805_0;116.86;12.42;4764.00;39.05;803785575#0_0;5.10;0.00;tripinfo_in_od_to_ko.152;305.00;in_od_to_ko.152;0;2307.67;1.15;0.00;113.66;car;;4;51.00
5070.00;23156390_0;1121.44;10.15;4644.00;16.37;803785575#0_0;5.10;0.00;tripinfo_in_od_to_br.80;426.00;in_od_to_br.80;0;3149.31;1.01;0.00;141.66;car;;6;32.00
5076.00;230845886_0;633.12;10.21;4883.00;319.48;23687583_0;5.10;0.00;tripinfo_in_as_to_ba.57;193.00;in_as_to_ba.57;0;1356.50;0.97;0.00;66.64;car;;3;34.00
5076.00;23156305_0;1264.14;10.48;4587.00;16.05;803785575#0_0;5.10;0.00;tripinfo_in_od_to_gg.102;489.00;in_od_to_gg.102;0;3669.96;1.02;0.00;163.62;car;;4;35.00
5077.00;23156305_0;1264.14;12.50;4620.00;21.18;803785575#0_0;5.10;0.00;tripinfo_in_od_to_gg.104;457.00;in_od_to_gg.104;0;3669.96;1.29;0.00;190.80;car;;6;39.00
5080.00;972103805_0;116.86;8.88;4876.00;314.80;23687583_0;5.10;0.00;tripinfo_in_as_to_ko.122;204.00;in_as_to_ko.122;0;1102.39;0.80;0.00;79.14;car;;4;43.00
5082.00;972103805_0;116.86;11.20;4911.00;318.11;23687583_0;5.10;0.00;tripinfo_in_as_to_ko.123;171.00;in_as_to_ko.123;0;1102.39;1.09;0.00;79.47;car;;2;37.00
5084.00;45494495_0;58.90;10.83;4171.00;5.98;-230845886_0;5.10;0.00;tripinfo_in_ba_to_os.63;913.00;in_ba_to_os.63;0;1647.96;0.99;0.00;762.59;car;;28;477.00
5084.00;23527526_0;253.75;10.04;4926.00;319.48;23687583_0;5.10;0.00;tripinfo_in_as_to_gj.91;158.00;in_as_to_gj.91;0;649.06;0.92;0.00;93.70;car;;4;44.00
5084.00;972103805_0;116.86;9.05;4834.00;12.34;-230845886_0;5.10;0.00;tripinfo_in_ba_to_ko.171;250.00;in_ba_to_ko.171;0;2114.29;0.90;0.00;35.85;car;;1;5.00
5086.00;972103805_0;116.86;9.90;4603.00;101.29;-23142338#2_0;5.10;0.00;tripinfo_in_ns_to_ko.215;483.00;in_ns_to_ko.215;0;1398.55;0.90;0.00;342.88;car;;16;182.00
5087.00;28706217_0;94.10;6.22;3543.00;76.57;23687583_0;5.10;0.00;tripinfo_in_as_to_sl.57;1544.00;in_as_to_sl.57;0;1976.75;0.90;0.00;1339.77;car;;46;1009.00
5088.00;972103805_0;116.86;11.79;4609.00;101.02;-23142338#2_0;5.10;0.00;tripinfo_in_ns_to_ko.216;479.00;in_ns_to_ko.216;0;1398.55;1.14;0.00;367.82;car;;15;176.00
5088.00;23156305_0;1264.14;10.99;4616.00;17.25;803785575#0_0;5.10;0.00;tripinfo_in_od_to_gg.103;472.00;in_od_to_gg.103;0;3669.96;1.04;0.00;152.97;car;;5;31.00
5089.00;45494495_0;58.90;8.38;4835.00;30.14;803785575#0_0;5.10;0.00;tripinfo_in_od_to_os.139;254.00;in_od_to_os.139;0;969.96;0.78;0.00;141.35;car;;8;88.00
5091.00;28706217_0;94.10;6.75;3583.00;75.96;23687583_0;5.10;0.00;tripinfo_in_as_to_sl.59;1508.00;in_as_to_sl.59;0;1976.75;0.84;0.00;1288.83;car;;39;923.00
5091.00;972103805_0;116.86;8.95;4612.00;95.95;-23142338#2_0;5.10;0.00;tripinfo_in_ns_to_ko.217;479.00;in_ns_to_ko.217;0;1398.55;0.86;0.00;331.96;car;;15;168.00
5091.00;45494495_0;58.90;9.91;4626.00;5.43;803785575#0_0;5.10;0.00;tripinfo_in_od_to_os.128;465.00;in_od_to_os.128;0;969.96;0.96;0.00;373.33;car;;12;300.00
5091.00;41899283#1_0;148.70;10.82;5025.00;1.66;-23527526_0;5.10;0.00;tripinfo_out_gj_to_as.0;66.00;out_gj_to_as.0;0;633.70;1.06;0.00;10.85;car;;0;0.00
5092.00;23527526_0;253.75;10.27;4538.00;106.43;-23142338#2_0;5.10;0.00;tripinfo_in_ns_to_gj.18;554.00;in_ns_to_gj.18;0;2084.96;0.99;0.00;363.13;car;;17;196.00
5093.00;972103805_0;116.86;11.63;4782.00;37.45;803785575#0_0;5.10;0.00;tripinfo_in_od_to_ko.153;311.00;in_od_to_ko.153;0;2307.67;1.08;0.00;106.92;car;;2;26.00
5093.00;45494495_0;58.90;9.65;4844.00;35.58;803785575#0_0;5.10;0.00;tripinfo_in_od_to_os.140;249.00;in_od_to_os.140;0;969.96;0.96;0.00;157.55;car;;9;85.00
5095.00;45494495_0;58.90;10.06;4629.00;7.33;803785575#0_0;5.10;0.00;tripinfo_in_od_to_os.129;466.00;in_od_to_os.129;0;969.96;0.95;0.00;373.06;car;;14;295.00
5095.00;972103805_0;116.86;10.54;4791.00;36.65;803785575#0_0;5.10;0.00;tripinfo_in_od_to_ko.154;304.00;in_od_to_ko.154;0;2307.67;1.02;0.00;87.80;car;;2;24.00
5097.00;45494495_0;58.90;10.54;4883.00;42.10;803785575#0_0;5.10;0.00;tripinfo_in_od_to_os.141;214.00;in_od_to_os.141;0;969.96;1.02;0.00;127.60;car;;7;91.00
5098.00;23156390_0;1121.44;10.24;4481.00;141.96;-23142338#2_0;5.10;0.00;tripinfo_in_ns_to_br.7;617.00;in_ns_to_br.7;0;2792.05;0.94;0.00;348.17;car;;16;180.00
5099.00;45494495_0;58.90;9.99;4928.00;26.79;803785575#0_0;5.10;0.00;tripinfo_in_od_to_os.142;171.00;in_od_to_os.142;0;969.96;0.95;0.00;78.64;car;;2;62.00
5100.00;972103805_0;116.86;10.29;4616.00;98.76;-23142338#2_0;5.10;0.00;tripinfo_in_ns_to_ko.218;484.00;in_ns_to_ko.218;0;1398.55;1.01;0.00;359.25;car;;17;183.00
5100.00;23156390_0;1121.44;11.65;4698.00;24.77;803785575#0_0;5.10;0.00;tripinfo_in_od_to_br.81;402.00;in_od_to_br.81;0;3149.31;1.09;0.00;138.75;car;;7;26.00
5100.00;230845886_0;633.12;10.36;4761.00;37.94;803785575#0_0;5.10;0.00;tripinfo_in_od_to_ba.111;339.00;in_od_to_ba.111;0;2382.14;0.99;0.00;122.23;car;;3;20.00
5101.00;45494495_0;58.90;9.69;4650.00;19.50;803785575#0_0;5.10;0.00;tripinfo_in_od_to_os.131;451.00;in_od_to_os.131;0;969.96;0.92;0.00;355.25;car;;15;285.00
5104.00;972103805_0;116.86;11.75;4914.00;318.84;23687583_0;5.10;0.00;tripinfo_in_as_to_ko.124;190.00;in_as_to_ko.124;0;1102.39;1.06;0.00;95.61;car;;3;52.00
5104.00;23527526_0;253.75;8.95;4929.00;320.12;23687583_0;5.10;0.00;tripinfo_in_as_to_gj.92;175.00;in_as_to_gj.92;0;649.06;0.90;0.00;109.32;car;;5;54.00
5105.00;45494495_0;58.90;8.17;4940.00;17.52;803785575#0_0;5.10;0.00;tripinfo_in_od_to_os.143;165.00;in_od_to_os.143;0;969.96;0.85;0.00;61.19;car;;1;45.00
5106.00;230845886_0;633.12;10.13;4767.00;34.88;803785575#0_0;5.10;0.00;tripinfo_in_od_to_ba.112;339.00;in_od_to_ba.112;0;2382.14;0.93;0.00;108.72;car;;2;18.00
5106.00;45494495_0;58.90;11.41;4985.00;35.60;803785575#0_0;5.10;0.00;tripinfo_in_od_to_os.145;121.00;in_od_to_os.145;0;969.96;1.15;0.00;44.76;car;;2;17.00
5107.00;972103805_0;116.86;11.08;4917.00;320.89;23687583_0;5.10;0.00;tripinfo_in_as_to_ko.125;190.00;in_as_to_ko.125;0;1102.39;1.00;0.00;90.46;car;;4;42.00
5108.00;45494495_0;58.90;10.91;4994.00;37.44;803785575#0_0;5.10;0.00;tripinfo_in_od_to_os.146;114.00;in_od_to_os.146;0;969.96;1.06;0.00;31.69;car;;2;2.00
5109.00;972103805_0;116.86;10.07;4923.00;318.84;23687583_0;5.10;0.00;tripinfo_in_as_to_ko.126;186.00;in_as_to_ko.126;0;1102.39;1.02;0.00;88.38;car;;3;34.00
5110.00;45494495_0;58.90;11.78;4976.00;36.63;803785575#0_0;5.10;0.00;tripinfo_in_od_to_os.144;134.00;in_od_to_os.144;0;969.96;1.08;0.00;53.01;car;;2;34.00
5112.00;972103805_0;116.86;12.17;4845.00;0.01;-230845886_0;5.10;0.00;tripinfo_in_ba_to_ko.172;267.00;in_ba_to_ko.172;0;2114.29;1.13;0.00;96.22;car;;3;25.00
5114.00;45494495_0;58.90;12.51;4137.00;62.14;23687583_0;5.10;0.00;tripinfo_in_as_to_os.49;977.00;in_as_to_os.49;0;1689.77;1.17;0.00;845.49;car;;20;573.00
5114.00;23156390_0;1121.44;12.65;4710.00;27.52;803785575#0_0;5.10;0.00;tripinfo_in_od_to_br.84;404.00;in_od_to_br.84;0;3149.31;1.20;0.00;165.41;car;;6;23.00
5114.00;972103805_0;116.86;11.06;4883.00;0.24;-230845886_0;5.10;0.00;tripinfo_in_ba_to_ko.173;231.00;in_ba_to_ko.173;0;2114.29;1.08;0.00;52.85;car;;3;14.00
5115.00;23156390_0;1121.44;13.35;4713.00;27.97;803785575#0_0;5.10;0.00;tripinfo_in_od_to_br.85;402.00;in_od_to_br.85;0;3149.31;1.26;0.00;173.29;car;;5;20.00
5120.00;28706217_0;94.10;10.01;3586.00;73.16;23687583_0;5.10;0.00;tripinfo_in_as_to_sl.60;1534.00;in_as_to_sl.60;0;1976.75;1.23;0.00;1384.80;car;;37;966.00
5120.00;23156305_0;1264.14;11.00;4656.00;20.18;803785575#0_0;5.10;0.00;tripinfo_in_od_to_gg.105;464.00;in_od_to_gg.105;0;3669.96;1.02;0.00;139.13;car;;5;30.00
5120.00;972103805_0;116.86;10.80;4794.00;35.64;803785575#0_0;5.10;0.00;tripinfo_in_od_to_ko.155;326.00;in_od_to_ko.155;0;2307.67;0.99;0.00;103.38;car;;3;43.00
5121.00;45494495_0;58.90;8.36;4244.00;0.97;-230845886_0;5.10;0.00;tripinfo_in_ba_to_os.65;877.00;in_ba_to_os.65;0;1647.96;0.86;0.00;702.15;car;;19;492.00
5122.00;23142338#2_0;290.21;10.50;4868.00;309.83;23687583_0;5.10;0.00;tripinfo_in_as_to_ns.67;254.00;in_as_to_ns.67;0;1995.73;1.05;0.00;81.93;car;;4;32.00
5122.00;41899283#1_0;148.70;9.98;4938.00;10.66;-230845886_0;5.10;0.00;tripinfo_in_ba_to_as.103;184.00;in_ba_to_as.103;0;1430.78;0.94;0.00;45.67;car;;1;26.00
5123.00;45494495_0;58.90;9.41;4144.00;61.69;23687583_0;5.10;0.00;tripinfo_in_as_to_os.50;979.00;in_as_to_os.50;0;1689.77;0.90;0.00;808.39;car;;19;550.00
5123.00;23527526_0;253.75;9.46;4923.00;0.37;-230845886_0;5.10;0.00;tripinfo_in_ba_to_gj.99;200.00;in_ba_to_gj.99;0;1755.68;0.90;0.00;23.75;car;;1;2.00
5124.00;23527526_0;253.75;10.87;4935.00;10.28;-230845886_0;5.10;0.00;tripinfo_in_ba_to_gj.100;189.00;in_ba_to_gj.100;0;1755.68;1.06;0.00;39.46;car;;0;0.00
5125.00;45494495_0;58.90;12.68;5027.00;27.91;803785575#0_0;5.10;0.00;tripinfo_in_od_to_os.148;98.00;in_od_to_os.148;0;969.96;1.16;0.00;21.96;car;;0;0.00
5127.00;45494495_0;58.90;10.90;4208.00;0.54;-230845886_0;5.10;0.00;tripinfo_in_ba_to_os.64;919.00;in_ba_to_os.64;0;1647.96;1.01;0.00;771.30;car;;18;518.00
5127.00;41899283#1_0;148.70;9.89;4731.00;42.01;803785575#0_0;5.10;0.00;tripinfo_in_od_to_as.102;396.00;in_od_to_as.102;0;2382.09;0.93;0.00;165.45;car;;8;50.00
5128.00;23156030#6_0;109.07;11.63;3974.00;3.60;-230845886_0;5.10;0.00;tripinfo_in_ba_to_od.6;1154.00;in_ba_to_od.6;0;2315.50;1.07;0.00;958.83;car;;27;602.00
5128.00;28716808#1_0;754.74;9.67;4743.00;36.02;803785575#0_0;5.10;0.00;tripinfo_in_od_to_kl.81;385.00;in_od_to_kl.81;0;2678.40;0.94;0.00;127.48;car;;5;26.00
5129.00;28706217_0;94.10;7.03;3567.00;82.82;23687583_0;5.10;0.00;tripinfo_in_as_to_sl.58;1562.00;in_as_to_sl.58;0;1976.75;0.90;0.00;1358.20;car;;43;1047.00
5129.00;41899283#1_0;148.70;10.86;4773.00;37.31;803785575#0_0;5.10;0.00;tripinfo_in_od_to_as.103;356.00;in_od_to_as.103;0;2382.09;1.00;0.00;140.42;car;;4;31.00
5129.00;972103805_0;116.86;10.00;4808.00;31.17;803785575#0_0;5.10;0.00;tripinfo_in_od_to_ko.156;321.00;in_od_to_ko.156;0;2307.67;0.92;0.00;83.04;car;;3;39.00
5129.00;45494495_0;58.90;9.82;5024.00;29.89;803785575#0_0;5.10;0.00;tripinfo_in_od_to_os.147;105.00;in_od_to_os.147;0;969.96;0.99;0.00;16.11;car;;0;0.00
5131.00;972103805_0;116.86;10.75;4838.00;30.75;803785575#0_0;5.10;0.00;tripinfo_in_od_to_ko.157;293.00;in_od_to_ko.157;0;2307.67;1.02;0.00;78.35;car;;2;35.00
5133.00;972103805_0;116.86;11.46;4915.00;0.64;-230845886_0;5.10;0.00;tripinfo_in_ba_to_ko.174;218.00;in_ba_to_ko.174;0;2114.29;1.04;0.00;32.78;car;;0;0.00
5135.00;23156305_0;1264.14;10.18;4662.00;19.40;803785575#0_0;5.10;0.00;tripinfo_in_od_to_gg.106;473.00;in_od_to_gg.106;0;3669.96;1.00;0.00;138.89;car;;8;40.00
5135.00;41899283#1_0;148.70;12.16;4805.00;35.35;803785575#0_0;5.10;0.00;tripinfo_in_od_to_as.104;330.00;in_od_to_as.104;0;2382.09;1.10;0.00;134.07;car;;5;22.00
5136.00;28706217_0;94.10;7.77;3756.00;2.18;-230845886_0;5.10;0.00;tripinfo_in_ba_to_sl.38;1380.00;in_ba_to_sl.38;0;1934.94;1.08;0.00;1213.27;car;;41;929.00
5137.00;45494495_0;58.90;7.09;4118.00;72.85;23687583_0;5.10;0.00;tripinfo_in_as_to_os.48;1019.00;in_as_to_os.48;0;1689.77;0.74;0.00;812.63;car;;23;580.00
5137.00;23156305_0;1264.14;11.45;4692.00;25.94;803785575#0_0;5.10;0.00;tripinfo_in_od_to_gg.110;445.00;in_od_to_gg.110;0;3669.96;1.09;0.00;140.08;car;;6;29.00
5139.00;45494495_0;58.90;10.48;5033.00;23.66;803785575#0_0;5.10;0.00;tripinfo_out_od_to_os.0;106.00;out_od_to_os.0;0;969.96;1.03;0.00;20.89;car;;1;4.00
5142.00;23527526_0;253.75;8.44;4991.00;372.32;23687583_0;5.10;0.00;tripinfo_in_as_to_gj.93;151.00;in_as_to_gj.93;0;649.06;0.81;0.00;77.89;car;;5;29.00
5142.00;972103805_0;116.86;10.73;4841.00;32.67;803785575#0_0;5.10;0.00;tripinfo_in_od_to_ko.158;301.00;in_od_to_ko.158;0;2307.67;1.04;0.00;89.52;car;;3;40.00
5143.00;23142338#2_0;290.21;10.55;4722.00;1.39;-230845886_0;5.10;0.00;tripinfo_in_ba_to_ns.41;421.00;in_ba_to_ns.41;0;2346.36;0.98;0.00;204.55;car;;6;130.00
5143.00;28716808#1_0;754.74;10.31;4776.00;39.63;803785575#0_0;5.10;0.00;tripinfo_in_od_to_kl.82;367.00;in_od_to_kl.82;0;2678.40;0.97;0.00;116.99;car;;2;17.00
5144.00;23527526_0;253.75;9.18;5009.00;354.56;23687583_0;5.10;0.00;tripinfo_in_as_to_gj.94;135.00;in_as_to_gj.94;0;649.06;0.93;0.00;71.15;car;;3;18.00
5145.00;23142338#2_0;290.21;11.10;4741.00;3.34;-230845886_0;5.10;0.00;tripinfo_in_ba_to_ns.42;404.00;in_ba_to_ns.42;0;2346.36;1.02;0.00;196.86;car;;5;122.00
5145.00;28716808#1_0;754.74;11.46;4799.00;30.70;803785575#0_0;5.10;0.00;tripinfo_in_od_to_kl.83;346.00;in_od_to_kl.83;0;2678.40;1.09;0.00;122.85;car;;2;16.00
5146.00;23527526_0;253.75;9.54;4758.00;34.99;803785575#0_0;5.10;0.00;tripinfo_in_od_to_gj.29;388.00;in_od_to_gj.29;0;2706.99;0.97;0.00;136.36;car;;4;26.00
5148.00;41899283#1_0;148.70;9.04;4961.00;0.36;-230845886_0;5.10;0.00;tripinfo_in_ba_to_as.104;187.00;in_ba_to_as.104;0;1430.78;0.86;0.00;37.02;car;;1;4.00
5150.00;28706217_0;94.10;7.07;3648.00;35.85;23687583_0;5.10;0.00;tripinfo_in_as_to_sl.64;1502.00;in_as_to_sl.64;0;1976.75;0.92;0.00;1303.15;car;;45;999.00
5150.00;972103805_0;116.86;8.72;4657.00;79.26;-23142338#2_0;5.10;0.00;tripinfo_in_ns_to_ko.219;493.00;in_ns_to_ko.219;0;1398.55;0.83;0.00;341.29;car;;16;179.00
5150.00;41899283#1_0;148.70;11.04;4811.00;33.63;803785575#0_0;5.10;0.00;tripinfo_in_od_to_as.105;339.00;in_od_to_as.105;0;2382.09;1.08;0.00;138.91;car;;5;36.00
5151.00;23156390_0;1121.44;9.50;4704.00;26.09;803785575#0_0;5.10;0.00;tripinfo_in_od_to_br.83;447.00;in_od_to_br.83;0;3149.31;0.90;0.00;129.65;car;;4;15.00
5152.00;972103805_0;116.86;10.87;4847.00;38.14;803785575#0_0;5.10;0.00;tripinfo_in_od_to_ko.159;305.00;in_od_to_ko.159;0;2307.67;1.09;0.00;103.07;car;;3;48.00
5153.00;41899283#1_0;148.70;11.44;4820.00;25.72;803785575#0_0;5.10;0.00;tripinfo_in_od_to_as.106;333.00;in_od_to_as.106;0;2382.09;1.08;0.00;133.23;car;;3;28.00
5154.00;972103805_0;116.86;11.55;4850.00;40.38;803785575#0_0;5.10;0.00;tripinfo_in_od_to_ko.160;304.00;in_od_to_ko.160;0;2307.67;1.06;0.00;97.08;car;;3;47.00
5155.00;23142338#2_0;290.21;10.32;4886.00;319.69;23687583_0;5.10;0.00;tripinfo_in_as_to_ns.68;269.00;in_as_to_ns.68;0;1995.73;1.00;0.00;87.72;car;;4;39.00
5156.00;28706217_0;94.10;6.60;3771.00;70.06;23687583_0;5.10;0.00;tripinfo_in_as_to_sl.65;1385.00;in_as_to_sl.65;0;1976.75;0.82;0.00;1160.86;car;;38;837.00
5156.00;23142338#2_0;290.21;11.96;4893.00;315.47;23687583_0;5.10;0.00;tripinfo_in_as_to_ns.69;263.00;in_as_to_ns.69;0;1995.73;1.10;0.00;97.63;car;;4;33.00
5156.00;972103805_0;116.86;11.51;4853.00;40.15;803785575#0_0;5.10;0.00;tripinfo_in_od_to_ko.161;303.00;in_od_to_ko.161;0;2307.67;1.14;0.00;110.08;car;;3;45.00
5162.00;972103805_0;116.86;11.45;4929.00;5.46;-230845886_0;5.10;0.00;tripinfo_in_ba_to_ko.175;233.00;in_ba_to_ko.175;0;2114.29;1.10;0.00;57.49;car;;2;14.00
5163.00;28706217_0;94.10;7.96;3768.00;3.12;-230845886_0;5.10;0.00;tripinfo_in_ba_to_sl.39;1395.00;in_ba_to_sl.39;0;1934.94;1.01;0.00;1216.71;car;;41;918.00
5167.00;972103805_0;116.86;9.12;4935.00;322.64;23687583_0;5.10;0.00;tripinfo_in_as_to_ko.127;232.00;in_as_to_ko.127;0;1102.39;0.89;0.00;119.93;car;;6;54.00
5168.00;23527526_0;253.75;13.12;4629.00;97.68;-23142338#2_0;5.10;0.00;tripinfo_in_ns_to_gj.19;539.00;in_ns_to_gj.19;0;2084.96;1.20;0.00;380.35;car;;16;176.00
5169.00;972103805_0;116.86;11.36;4975.00;360.27;23687583_0;5.10;0.00;tripinfo_in_as_to_ko.128;194.00;in_as_to_ko.128;0;1102.39;1.09;0.00;102.10;car;;5;31.00
5171.00;972103805_0;116.86;10.30;4979.00;363.73;23687583_0;5.10;0.00;tripinfo_in_as_to_ko.129;192.00;in_as_to_ko.129;0;1102.39;1.02;0.00;94.32;car;;4;28.00
5172.00;28706217_0;94.10;6.67;3784.00;0.03;-230845886_0;5.10;0.00;tripinfo_in_ba_to_sl.40;1388.00;in_ba_to_sl.40;0;1934.94;0.91;0.00;1189.78;car;;41;902.00
5173.00;41899283#1_0;148.70;10.03;5068.00;0.44;-23527526_0;5.10;0.00;tripinfo_out_gj_to_as.1;105.00;out_gj_to_as.1;0;633.70;0.96;0.00;43.99;car;;1;26.00
5174.00;23156390_0;1121.44;7.98;4701.00;25.17;803785575#0_0;5.10;0.00;tripinfo_in_od_to_br.82;473.00;in_od_to_br.82;0;3149.31;0.80;0.00;115.91;car;;5;15.00
5174.00;23527526_0;253.75;10.82;4974.00;0.63;-230845886_0;5.10;0.00;tripinfo_in_ba_to_gj.101;200.00;in_ba_to_gj.101;0;1755.68;1.04;0.00;46.46;car;;2;5.00
5175.00;972103805_0;116.86;9.40;4932.00;8.35;-230845886_0;5.10;0.00;tripinfo_in_ba_to_ko.176;243.00;in_ba_to_ko.176;0;2114.29;0.90;0.00;28.16;car;;1;1.00
5176.00;45494495_0;58.90;10.48;4229.00;70.74;23687583_0;5.10;0.00;tripinfo_in_as_to_os.52;947.00;in_as_to_os.52;0;1689.77;0.98;0.00;791.58;car;;20;465.00
5176.00;23156390_0;1121.44;10.26;4716.00;30.67;803785575#0_0;5.10;0.00;tripinfo_in_od_to_br.86;460.00;in_od_to_br.86;0;3149.31;0.96;0.00;160.83;car;;6;24.00
5176.00;23142338#2_0;290.21;11.01;4907.00;36.99;803785575#0_0;5.10;0.00;tripinfo_in_od_to_ns.36;269.00;in_od_to_ns.36;0;1928.29;1.01;0.00;85.19;car;;3;47.00
5177.00;972103805_0;116.86;9.70;4685.00;74.34;-23142338#2_0;5.10;0.00;tripinfo_in_ns_to_ko.220;492.00;in_ns_to_ko.220;0;1398.55;0.91;0.00;352.87;car;;16;180.00
5179.00;972103805_0;116.86;10.72;4696.00;79.79;-23142338#2_0;5.10;0.00;tripinfo_in_ns_to_ko.221;483.00;in_ns_to_ko.221;0;1398.55;1.00;0.00;356.91;car;;16;171.00
5180.00;230845886_0;633.12;8.70;4523.00;93.97;-23142338#2_0;5.10;0.00;tripinfo_in_ns_to_ba.13;657.00;in_ns_to_ba.13;0;2340.42;0.82;0.00;401.61;car;;18;200.00
5180.00;41899283#1_0;148.70;10.86;5098.00;3.78;-23527526_0;5.10;0.00;tripinfo_out_gj_to_as.2;82.00;out_gj_to_as.2;0;633.70;1.07;0.00;27.63;car;;1;7.00
5181.00;972103805_0;116.86;10.86;4716.00;96.42;-23142338#2_0;5.10;0.00;tripinfo_in_ns_to_ko.222;465.00;in_ns_to_ko.222;0;1398.55;1.05;0.00;344.94;car;;15;168.00
5181.00;28716808#1_0;754.74;11.34;4817.00;34.96;803785575#0_0;5.10;0.00;tripinfo_in_od_to_kl.84;364.00;in_od_to_kl.84;0;2678.40;1.06;0.00;135.57;car;;5;33.00
5184.00;23527526_0;253.75;9.96;5004.00;2.08;-230845886_0;5.10;0.00;tripinfo_in_ba_to_gj.102;180.00;in_ba_to_gj.102;0;1755.68;1.00;0.00;20.59;car;;0;0.00
5185.00;23142338#2_0;290.21;10.97;4908.00;321.06;23687583_0;5.10;0.00;tripinfo_in_as_to_ns.70;277.00;in_as_to_ns.70;0;1995.73;1.00;0.00;94.40;car;;3;42.00
5185.00;230845886_0;633.12;10.78;5012.00;0.67;-23527526_0;5.10;0.00;tripinfo_out_gj_to_ba.0;173.00;out_gj_to_ba.0;0;1702.89;1.00;0.00;19.43;car;;0;0.00
5187.00;23527526_0;253.75;12.11;5031.00;327.60;23687583_0;5.10;0.00;tripinfo_in_as_to_gj.95;156.00;in_as_to_gj.95;0;649.06;1.10;0.00;101.32;car;;4;49.00
5187.00;23156390_0;1121.44;9.72;4755.00;34.83;803785575#0_0;5.10;0.00;tripinfo_in_od_to_br.87;432.00;in_od_to_br.87;0;3149.31;0.98;0.00;140.81;car;;5;30.00
5189.00;23156390_0;1121.44;12.57;4932.00;319.93;23687583_0;5.10;0.00;tripinfo_in_as_to_br.20;257.00;in_as_to_br.20;0;1694.48;1.17;0.00;125.07;car;;5;52.00
5189.00;230845886_0;633.12;10.19;4982.00;365.51;23687583_0;5.10;0.00;tripinfo_in_as_to_ba.58;207.00;in_as_to_ba.58;0;1356.50;1.02;0.00;86.74;car;;4;26.00
5193.00;28706217_0;94.10;7.80;3810.00;74.21;23687583_0;5.10;0.00;tripinfo_in_as_to_sl.67;1383.00;in_as_to_sl.67;0;1976.75;1.01;0.00;1201.23;car;;38;913.00
5195.00;972103805_0;116.86;10.12;4988.00;369.61;23687583_0;5.10;0.00;tripinfo_in_as_to_ko.130;207.00;in_as_to_ko.130;0;1102.39;0.95;0.00;102.60;car;;6;50.00
5198.00;28706217_0;94.10;7.22;3813.00;3.88;-230845886_0;5.10;0.00;tripinfo_in_ba_to_sl.41;1385.00;in_ba_to_sl.41;0;1934.94;0.94;0.00;1193.70;car;;45;910.00
5199.00;972103805_0;116.86;9.69;5024.00;342.15;23687583_0;5.10;0.00;tripinfo_in_as_to_ko.131;175.00;in_as_to_ko.131;0;1102.39;0.93;0.00;68.15;car;;3;12.00
5199.00;23527526_0;253.75;11.29;4832.00;34.97;803785575#0_0;5.10;0.00;tripinfo_in_od_to_gj.30;367.00;in_od_to_gj.30;0;2706.99;1.04;0.00;130.46;car;;4;37.00
5199.00;41899283#1_0;148.70;10.00;5022.00;0.74;-230845886_0;5.10;0.00;tripinfo_out_ba_to_as.0;177.00;out_ba_to_as.0;0;1430.78;0.93;0.00;37.42;car;;1;21.00
5201.00;28706217_0;94.10;8.02;3777.00;71.94;23687583_0;5.10;0.00;tripinfo_in_as_to_sl.66;1424.00;in_as_to_sl.66;0;1976.75;1.04;0.00;1247.51;car;;44;925.00
5201.00;230845886_0;633.12;10.09;4925.00;24.83;803785575#0_0;5.10;0.00;tripinfo_in_od_to_ba.113;276.00;in_od_to_ba.113;0;2382.14;0.99;0.00;58.23;car;;1;17.00
5201.00;972103805_0;116.86;11.59;5059.00;0.29;-23527526_0;5.10;0.00;tripinfo_out_gj_to_ko.0;142.00;out_gj_to_ko.0;0;971.70;1.15;0.00;64.56;car;;2;31.00
5203.00;230845886_0;633.12;11.37;4600.00;107.71;-23142338#2_0;5.10;0.00;tripinfo_in_ns_to_ba.14;603.00;in_ns_to_ba.14;0;2340.42;1.14;0.00;417.82;car;;17;196.00
5203.00;41899283#1_0;148.70;12.03;4856.00;42.01;803785575#0_0;5.10;0.00;tripinfo_in_od_to_as.107;347.00;in_od_to_as.107;0;2382.09;1.15;0.00;159.87;car;;4;46.00
5204.00;23142338#2_0;290.21;11.68;4807.00;7.88;-230845886_0;5.10;0.00;tripinfo_in_ba_to_ns.43;397.00;in_ba_to_ns.43;0;2346.36;1.06;0.00;195.20;car;;6;96.00
5205.00;230845886_0;633.12;11.57;4994.00;371.52;23687583_0;5.10;0.00;tripinfo_in_as_to_ba.59;211.00;in_as_to_ba.59;0;1356.50;1.12;0.00;101.21;car;;5;30.00
5205.00;972103805_0;116.86;9.01;4874.00;46.15;803785575#0_0;5.10;0.00;tripinfo_in_od_to_ko.162;331.00;in_od_to_ko.162;0;2307.67;0.90;0.00;89.08;car;;4;44.00
5207.00;972103805_0;116.86;11.89;4730.00;98.64;-23142338#2_0;5.10;0.00;tripinfo_in_ns_to_ko.223;477.00;in_ns_to_ko.223;0;1398.55;1.10;0.00;362.55;car;;20;172.00
5208.00;230845886_0;633.12;11.50;5020.00;342.73;23687583_0;5.10;0.00;tripinfo_in_as_to_ba.60;188.00;in_as_to_ba.60;0;1356.50;1.12;0.00;78.42;car;;3;14.00
5209.00;23156305_0;1264.14;7.82;4920.00;316.90;23687583_0;5.10;0.00;tripinfo_in_as_to_gg.23;289.00;in_as_to_gg.23;0;1600.87;0.72;0.00;87.56;car;;3;37.00
5210.00;41899283#1_0;148.70;10.93;4868.00;45.61;803785575#0_0;5.10;0.00;tripinfo_in_od_to_as.108;342.00;in_od_to_as.108;0;2382.09;1.01;0.00;129.20;car;;3;25.00
5211.00;972103805_0;116.86;10.14;4748.00;108.95;-23142338#2_0;5.10;0.00;tripinfo_in_ns_to_ko.225;463.00;in_ns_to_ko.225;0;1398.55;0.94;0.00;328.31;car;;15;148.00
5211.00;23156305_0;1264.14;9.57;4682.00;22.25;803785575#0_0;5.10;0.00;tripinfo_in_od_to_gg.108;529.00;in_od_to_gg.108;0;3669.96;0.90;0.00;160.48;car;;5;34.00
5211.00;23142338#2_0;290.21;11.11;5016.00;0.10;-23527526_0;5.10;0.00;tripinfo_out_gj_to_ns.0;195.00;out_gj_to_ns.0;0;2043.79;1.07;0.00;22.76;car;;1;3.00
5213.00;45494495_0;58.90;9.69;4382.00;7.70;-230845886_0;5.10;0.00;tripinfo_in_ba_to_os.66;831.00;in_ba_to_os.66;0;1647.96;0.97;0.00;676.70;car;;19;418.00
5213.00;23156305_0;1264.14;9.72;4674.00;20.34;803785575#0_0;5.10;0.00;tripinfo_in_od_to_gg.107;539.00;in_od_to_gg.107;0;3669.96;0.91;0.00;171.95;car;;6;43.00
5215.00;23156305_0;1264.14;9.53;4686.00;23.82;803785575#0_0;5.10;0.00;tripinfo_in_od_to_gg.109;529.00;in_od_to_gg.109;0;3669.96;0.97;0.00;187.22;car;;7;32.00
5216.00;41899283#1_0;148.70;10.16;4892.00;38.94;803785575#0_0;5.10;0.00;tripinfo_in_od_to_as.109;324.00;in_od_to_as.109;0;2382.09;0.98;0.00;104.52;car;;4;20.00
5217.00;23156305_0;1264.14;8.80;4513.00;118.76;-23142338#2_0;5.10;0.00;tripinfo_in_ns_to_gg.27;704.00;in_ns_to_gg.27;0;3297.24;0.85;0.00;351.45;car;;15;166.00
5218.00;41899283#1_0;148.70;9.93;5050.00;0.15;-230845886_0;5.10;0.00;tripinfo_out_ba_to_as.1;168.00;out_ba_to_as.1;0;1430.78;1.01;0.00;39.22;car;;1;7.00
5220.00;41899283#1_0;148.70;12.29;4913.00;24.05;803785575#0_0;5.10;0.00;tripinfo_in_od_to_as.112;307.00;in_od_to_as.112;0;2382.09;1.18;0.00;123.71;car;;1;19.00
5223.00;28716808#1_0;754.74;11.69;4865.00;43.84;803785575#0_0;5.10;0.00;tripinfo_in_od_to_kl.85;358.00;in_od_to_kl.85;0;2678.40;1.11;0.00;139.68;car;;4;34.00
5224.00;972103805_0;116.86;11.28;5126.00;0.51;-23527526_0;5.10;0.00;tripinfo_out_gj_to_ko.1;98.00;out_gj_to_ko.1;0;971.70;1.02;0.00;11.16;car;;0;0.00
5225.00;28706217_0;94.10;7.18;3949.00;83.82;23687583_0;5.10;0.00;tripinfo_in_as_to_sl.70;1276.00;in_as_to_sl.70;0;1976.75;0.94;0.00;1079.32;car;;35;743.00
5225.00;28716808#1_0;754.74;13.01;4871.00;43.48;803785575#0_0;5.10;0.00;tripinfo_in_od_to_kl.86;354.00;in_od_to_kl.86;0;2678.40;1.19;0.00;151.02;car;;4;34.00
5226.00;41899283#1_0;148.70;8.33;4895.00;38.92;803785575#0_0;5.10;0.00;tripinfo_in_od_to_as.110;331.00;in_od_to_as.110;0;2382.09;0.85;0.00;77.28;car;;1;12.00
5227.00;28706217_0;94.10;7.99;3952.00;84.75;23687583_0;5.10;0.00;tripinfo_in_as_to_sl.71;1275.00;in_as_to_sl.71;0;1976.75;1.09;0.00;1105.75;car;;39;719.00
5228.00;41899283#1_0;148.70;8.72;4910.00;25.16;803785575#0_0;5.10;0.00;tripinfo_in_od_to_as.111;318.00;in_od_to_as.111;0;2382.09;0.90;0.00;77.30;car;;1;18.00
5230.00;41899283#1_0;148.70;11.45;4931.00;25.89;803785575#0_0;5.10;0.00;tripinfo_in_od_to_as.113;299.00;in_od_to_as.113;0;2382.09;1.08;0.00;99.86;car;;2;26.00
5231.00;41899283#1_0;148.70;12.63;4967.00;34.25;803785575#0_0;5.10;0.00;tripinfo_in_od_to_as.116;264.00;in_od_to_as.116;0;2382.09;1.22;0.00;88.07;car;;1;5.00
5231.00;230845886_0;633.12;8.22;5030.00;0.05;-23527526_0;5.10;0.00;tripinfo_out_gj_to_ba.1;201.00;out_gj_to_ba.1;0;1702.89;0.84;0.00;18.31;car;;0;0.00
5232.00;972103805_0;116.86;7.16;4949.00;4.65;-230845886_0;5.10;0.00;tripinfo_in_ba_to_ko.177;283.00;in_ba_to_ko.177;0;2114.29;0.76;0.00;28.93;car;;0;0.00
5233.00;230845886_0;633.12;11.35;4946.00;20.28;803785575#0_0;5.10;0.00;tripinfo_in_od_to_ba.114;287.00;in_od_to_ba.114;0;2382.14;1.03;0.00;79.02;car;;1;7.00
5234.00;23156390_0;1121.44;8.87;4571.00;98.93;-23142338#2_0;5.10;0.00;tripinfo_in_ns_to_br.8;663.00;in_ns_to_br.8;0;2792.05;0.85;0.00;365.06;car;;17;188.00
5234.00;972103805_0;116.86;10.92;5012.00;0.43;-28716808#1_0;5.10;0.00;tripinfo_out_kl_to_ko.0;222.00;out_kl_to_ko.0;0;1927.03;1.01;0.00;48.77;car;;0;0.00
5235.00;28706217_0;94.10;8.20;3886.00;90.25;23687583_0;5.10;0.00;tripinfo_in_as_to_sl.68;1349.00;in_as_to_sl.68;0;1976.75;1.03;0.00;1170.25;car;;42;885.00
5235.00;45494495_0;58.90;11.60;4201.00;72.15;23687583_0;5.10;0.00;tripinfo_in_as_to_os.51;1034.00;in_as_to_os.51;0;1689.77;1.11;0.00;896.05;car;;30;552.00
5235.00;230845886_0;633.12;10.05;4949.00;22.05;803785575#0_0;5.10;0.00;tripinfo_in_od_to_ba.115;286.00;in_od_to_ba.115;0;2382.14;0.99;0.00;67.39;car;;1;7.00
5235.00;23142338#2_0;290.21;11.82;4970.00;31.54;803785575#0_0;5.10;0.00;tripinfo_in_od_to_ns.37;265.00;in_od_to_ns.37;0;1928.29;1.11;0.00;96.84;car;;1;16.00
5236.00;23156390_0;1121.44;10.91;4596.00;104.20;-23142338#2_0;5.10;0.00;tripinfo_in_ns_to_br.9;640.00;in_ns_to_br.9;0;2792.05;1.05;0.00;397.35;car;;16;170.00
5237.00;45494495_0;58.90;12.00;4295.00;113.82;23687583_0;5.10;0.00;tripinfo_in_as_to_os.53;942.00;in_as_to_os.53;0;1689.77;1.16;0.00;810.06;car;;20;489.00
5237.00;230845886_0;633.12;9.38;4634.00;81.96;-23142338#2_0;5.10;0.00;tripinfo_in_ns_to_ba.15;603.00;in_ns_to_ba.15;0;2340.42;0.93;0.00;375.87;car;;17;176.00
5237.00;23156390_0;1121.44;11.40;4966.00;351.73;23687583_0;5.10;0.00;tripinfo_in_as_to_br.21;271.00;in_as_to_br.21;0;1694.48;1.13;0.00;134.66;car;;5;35.00
5238.00;23156305_0;1264.14;11.36;4722.00;35.36;803785575#0_0;5.10;0.00;tripinfo_in_od_to_gg.111;516.00;in_od_to_gg.111;0;3669.96;1.03;0.00;193.04;car;;7;55.00
5238.00;23527526_0;253.75;9.74;4877.00;44.32;803785575#0_0;5.10;0.00;tripinfo_in_od_to_gj.31;361.00;in_od_to_gj.31;0;2706.99;0.93;0.00;97.36;car;;3;25.00
5239.00;230845886_0;633.12;10.64;4639.00;69.59;-23142338#2_0;5.10;0.00;tripinfo_in_ns_to_ba.16;600.00;in_ns_to_ba.16;0;2340.42;0.96;0.00;381.52;car;;18;170.00
5239.00;41899283#1_0;148.70;10.18;4961.00;30.80;803785575#0_0;5.10;0.00;tripinfo_in_od_to_as.115;278.00;in_od_to_as.115;0;2382.09;1.01;0.00;64.47;car;;1;1.00
5240.00;45494495_0;58.90;10.61;4408.00;5.47;-230845886_0;5.10;0.00;tripinfo_in_ba_to_os.67;832.00;in_ba_to_os.67;0;1647.96;1.00;0.00;682.68;car;;16;415.00
5240.00;23156305_0;1264.14;12.34;4725.00;37.88;803785575#0_0;5.10;0.00;tripinfo_in_od_to_gg.112;515.00;in_od_to_gg.112;0;3669.96;1.13;0.00;218.73;car;;9;57.00
5240.00;23156390_0;1121.44;10.16;4802.00;33.46;803785575#0_0;5.10;0.00;tripinfo_in_od_to_br.88;438.00;in_od_to_br.88;0;3149.31;0.98;0.00;145.52;car;;6;38.00
5241.00;230845886_0;633.12;11.26;4661.00;72.41;-23142338#2_0;5.10;0.00;tripinfo_in_ns_to_ba.17;580.00;in_ns_to_ba.17;0;2340.42;1.09;0.00;386.62;car;;18;176.00
5241.00;972103805_0;116.86;6.99;4733.00;100.56;-23142338#2_0;5.10;0.00;tripinfo_in_ns_to_ko.224;508.00;in_ns_to_ko.224;0;1398.55;0.68;0.00;322.62;car;;18;159.00
5241.00;41899283#1_0;148.70;12.51;4955.00;27.18;803785575#0_0;5.10;0.00;tripinfo_in_od_to_as.114;286.00;in_od_to_as.114;0;2382.09;1.24;0.00;112.45;car;;4;13.00
5242.00;45494495_0;58.90;11.15;4385.00;154.06;23687583_0;5.10;0.00;tripinfo_in_as_to_os.55;857.00;in_as_to_os.55;0;1689.77;1.08;0.00;715.86;car;;25;394.00
5242.00;23156305_0;1264.14;11.98;4943.00;14.46;-230845886_0;5.10;0.00;tripinfo_in_ba_to_gg.45;299.00;in_ba_to_gg.45;0;2718.65;1.12;0.00;78.37;car;;1;25.00
5243.00;972103805_0;116.86;9.74;4898.00;36.66;803785575#0_0;5.10;0.00;tripinfo_in_od_to_ko.163;345.00;in_od_to_ko.163;0;2307.67;0.99;0.00;123.64;car;;3;48.00
5244.00;45494495_0;58.90;10.90;4391.00;159.04;23687583_0;5.10;0.00;tripinfo_in_as_to_os.56;853.00;in_as_to_os.56;0;1689.77;1.08;0.00;711.06;car;;24;398.00
5245.00;972103805_0;116.86;10.10;4901.00;37.59;803785575#0_0;5.10;0.00;tripinfo_in_od_to_ko.164;344.00;in_od_to_ko.164;0;2307.67;1.00;0.00;124.44;car;;3;44.00
5246.00;45494495_0;58.90;10.06;4421.00;8.56;-230845886_0;5.10;0.00;tripinfo_in_ba_to_os.68;825.00;in_ba_to_os.68;0;1647.96;0.98;0.00;672.29;car;;21;416.00
5247.00;972103805_0;116.86;9.55;4753.00;111.13;-23142338#2_0;5.10;0.00;tripinfo_in_ns_to_ko.226;494.00;in_ns_to_ko.226;0;1398.55;0.93;0.00;357.64;car;;19;169.00
5247.00;23142338#2_0;290.21;9.33;5019.00;0.15;-23527526_0;5.10;0.00;tripinfo_out_gj_to_ns.1;228.00;out_gj_to_ns.1;0;2043.79;0.94;0.00;31.62;car;;1;10.00
5248.00;45494495_0;58.90;10.92;4356.00;136.77;23687583_0;5.10;0.00;tripinfo_in_as_to_os.54;892.00;in_as_to_os.54;0;1689.77;1.02;0.00;742.06;car;;19;437.00
5248.00;28716808#1_0;754.74;10.67;4904.00;35.71;803785575#0_0;5.10;0.00;tripinfo_in_od_to_kl.87;344.00;in_od_to_kl.87;0;2678.40;0.99;0.00;98.24;car;;2;22.00
5249.00;972103805_0;116.86;9.87;4756.00;110.03;-23142338#2_0;5.10;0.00;tripinfo_in_ns_to_ko.227;493.00;in_ns_to_ko.227;0;1398.55;0.94;0.00;357.80;car;;16;165.00
5250.00;45494495_0;58.90;10.65;4439.00;11.84;-230845886_0;5.10;0.00;tripinfo_in_ba_to_os.69;811.00;in_ba_to_os.69;0;1647.96;1.03;0.00;666.20;car;;16;406.00
5251.00;972103805_0;116.86;9.07;4761.00;112.60;-23142338#2_0;5.10;0.00;tripinfo_in_ns_to_ko.228;490.00;in_ns_to_ko.228;0;1398.55;0.84;0.00;338.84;car;;17;161.00
5252.00;41899283#1_0;148.70;11.87;5187.00;0.04;-23527526_0;5.10;0.00;tripinfo_out_gj_to_as.3;65.00;out_gj_to_as.3;0;633.70;1.09;0.00;11.58;car;;0;0.00
5253.00;972103805_0;116.86;9.90;4919.00;22.08;803785575#0_0;5.10;0.00;tripinfo_in_od_to_ko.165;334.00;in_od_to_ko.165;0;2307.67;1.01;0.00;115.43;car;;4;55.00
5253.00;23527526_0;253.75;9.77;4922.00;24.01;803785575#0_0;5.10;0.00;tripinfo_in_od_to_gj.32;331.00;in_od_to_gj.32;0;2706.99;0.95;0.00;74.28;car;;1;17.00
5254.00;28706217_0;94.10;7.41;3961.00;1.56;-230845886_0;5.10;0.00;tripinfo_in_ba_to_sl.42;1293.00;in_ba_to_sl.42;0;1934.94;0.96;0.00;1105.60;car;;38;856.00
5254.00;23156305_0;1264.14;10.20;4785.00;36.84;803785575#0_0;5.10;0.00;tripinfo_in_od_to_gg.113;469.00;in_od_to_gg.113;0;3669.96;1.02;0.00;142.48;car;;4;28.00
5254.00;972103805_0;116.86;11.24;4937.00;20.43;803785575#0_0;5.10;0.00;tripinfo_in_od_to_ko.166;317.00;in_od_to_ko.166;0;2307.67;1.05;0.00;108.73;car;;3;49.00
5256.00;28706217_0;94.10;8.29;4006.00;64.99;23687583_0;5.10;0.00;tripinfo_in_as_to_sl.73;1250.00;in_as_to_sl.73;0;1976.75;1.01;0.00;1068.27;car;;42;721.00
5256.00;972103805_0;116.86;10.62;5071.00;360.29;23687583_0;5.10;0.00;tripinfo_in_as_to_ko.132;185.00;in_as_to_ko.132;0;1102.39;1.02;0.00;87.19;car;;4;47.00
5257.00;230845886_0;633.12;11.40;5000.00;38.56;803785575#0_0;5.10;0.00;tripinfo_in_od_to_ba.116;257.00;in_od_to_ba.116;0;2382.14;1.09;0.00;58.92;car;;0;0.00
5259.00;972103805_0;116.86;11.06;4952.00;7.24;-230845886_0;5.10;0.00;tripinfo_in_ba_to_ko.178;307.00;in_ba_to_ko.178;0;2114.29;1.04;0.00;122.16;car;;3;30.00
5259.00;41899283#1_0;148.70;12.70;5193.00;4.16;-23527526_0;5.10;0.00;tripinfo_out_gj_to_as.4;66.00;out_gj_to_as.4;0;633.70;1.16;0.00;15.24;car;;0;0.00
5261.00;972103805_0;116.86;11.73;4955.00;6.04;-230845886_0;5.10;0.00;tripinfo_in_ba_to_ko.179;306.00;in_ba_to_ko.179;0;2114.29;1.13;0.00;135.43;car;;3;27.00
5264.00;972103805_0;116.86;10.75;4986.00;0.14;-230845886_0;5.10;0.00;tripinfo_in_ba_to_ko.180;278.00;in_ba_to_ko.180;0;2114.29;1.02;0.00;89.18;car;;3;23.00
5265.00;23156305_0;1264.14;10.23;4797.00;36.63;803785575#0_0;5.10;0.00;tripinfo_in_od_to_gg.114;468.00;in_od_to_gg.114;0;3669.96;0.97;0.00;124.09;car;;3;20.00
5265.00;23142338#2_0;290.21;11.30;5057.00;0.73;803785575#0_0;5.10;0.00;tripinfo_out_od_to_ns.0;208.00;out_od_to_ns.0;0;1928.29;1.06;0.00;31.47;car;;1;8.00
5267.00;23156030#6_0;109.07;9.85;4021.00;53.66;23687583_0;5.10;0.00;tripinfo_in_as_to_od.16;1246.00;in_as_to_od.16;0;2357.31;0.89;0.00;1006.05;car;;30;724.00
5267.00;972103805_0;116.86;9.94;4777.00;128.36;-23142338#2_0;5.10;0.00;tripinfo_in_ns_to_ko.229;490.00;in_ns_to_ko.229;0;1398.55;0.94;0.00;354.97;car;;18;184.00
5267.00;23142338#2_0;290.21;11.69;5066.00;0.77;803785575#0_0;5.10;0.00;tripinfo_out_od_to_ns.1;201.00;out_od_to_ns.1;0;1928.29;1.09;0.00;30.12;car;;1;5.00
5272.00;23156390_0;1121.44;8.61;4814.00;32.23;803785575#0_0;5.10;0.00;tripinfo_in_od_to_br.89;458.00;in_od_to_br.89;0;3149.31;0.86;0.00;127.45;car;;5;38.00
5272.00;41899283#1_0;148.70;11.07;4973.00;34.43;803785575#0_0;5.10;0.00;tripinfo_in_od_to_as.117;299.00;in_od_to_as.117;0;2382.09;1.02;0.00;88.08;car;;2;14.00
5273.00;23527526_0;253.75;9.59;4934.00;17.54;803785575#0_0;5.10;0.00;tripinfo_in_od_to_gj.33;339.00;in_od_to_gj.33;0;2706.99;0.88;0.00;59.68;car;;2;12.00
5274.00;41899283#1_0;148.70;12.28;4988.00;36.75;803785575#0_0;5.10;0.00;tripinfo_in_od_to_as.119;286.00;in_od_to_as.119;0;2382.09;1.12;0.00;92.86;car;;3;10.00
5274.00;230845886_0;633.12;9.53;5009.00;24.03;803785575#0_0;5.10;0.00;tripinfo_in_od_to_ba.117;265.00;in_od_to_ba.117;0;2382.14;0.97;0.00;42.89;car;;0;0.00
5276.00;41899283#1_0;148.70;12.25;4982.00;34.94;803785575#0_0;5.10;0.00;tripinfo_in_od_to_as.118;294.00;in_od_to_as.118;0;2382.09;1.15;0.00;106.75;car;;3;9.00
5276.00;23142338#2_0;290.21;10.50;5040.00;0.86;-23527526_0;5.10;0.00;tripinfo_out_gj_to_ns.2;236.00;out_gj_to_ns.2;0;2043.79;0.95;0.00;41.48;car;;1;19.00
5279.00;28706217_0;94.10;7.62;3946.00;88.42;23687583_0;5.10;0.00;tripinfo_in_as_to_sl.69;1333.00;in_as_to_sl.69;0;1976.75;0.92;0.00;1133.22;car;;47;861.00
5279.00;230845886_0;633.12;9.90;5012.00;25.23;803785575#0_0;5.10;0.00;tripinfo_in_od_to_ba.118;267.00;in_od_to_ba.118;0;2382.14;0.93;0.00;34.29;car;;0;0.00
5279.00;45494495_0;58.90;9.44;5160.00;0.61;803785575#0_0;5.10;0.00;tripinfo_out_od_to_os.1;119.00;out_od_to_os.1;0;969.96;0.96;0.00;27.28;car;;1;13.00
5281.00;45494495_0;58.90;11.97;4411.00;172.81;23687583_0;5.10;0.00;tripinfo_in_as_to_os.57;870.00;in_as_to_os.57;0;1689.77;1.11;0.00;732.70;car;;19;396.00
5282.00;28706217_0;94.10;7.53;3983.00;0.04;-230845886_0;5.10;0.00;tripinfo_in_ba_to_sl.43;1299.00;in_ba_to_sl.43;0;1934.94;1.04;0.00;1126.68;car;;42;795.00
5282.00;28716808#1_0;754.74;10.05;4916.00;19.48;803785575#0_0;5.10;0.00;tripinfo_in_od_to_kl.88;366.00;in_od_to_kl.88;0;2678.40;0.92;0.00;102.87;car;;3;43.00
5282.00;230845886_0;633.12;9.35;5021.00;29.81;803785575#0_0;5.10;0.00;tripinfo_in_od_to_ba.119;261.00;in_od_to_ba.119;0;2382.14;0.94;0.00;31.99;car;;0;0.00
5283.00;41899283#1_0;148.70;10.94;5088.00;0.80;-23156305_0;5.10;0.00;tripinfo_out_gg_to_as.0;195.00;out_gg_to_as.0;0;1699.56;1.10;0.00;53.10;car;;1;3.00
5283.00;972103805_0;116.86;11.90;5151.00;0.12;-23527526_0;5.10;0.00;tripinfo_out_gj_to_ko.2;132.00;out_gj_to_ko.2;0;971.70;1.08;0.00;50.69;car;;2;30.00
5284.00;230845886_0;633.12;11.88;5055.00;0.76;-23527526_0;5.10;0.00;tripinfo_out_gj_to_ba.2;229.00;out_gj_to_ba.2;0;1702.89;1.11;0.00;89.74;car;;4;50.00
5286.00;23156030#6_0;109.07;10.32;4158.00;58.99;23687583_0;5.10;0.00;tripinfo_in_as_to_od.17;1128.00;in_as_to_od.17;0;2357.31;0.97;0.00;907.59;car;;26;626.00
5286.00;972103805_0;116.86;10.46;5001.00;0.17;-230845886_0;5.10;0.00;tripinfo_in_ba_to_ko.181;285.00;in_ba_to_ko.181;0;2114.29;1.04;0.00;100.34;car;;2;40.00
5287.00;45494495_0;58.90;8.47;4495.00;15.02;-230845886_0;5.10;0.00;tripinfo_in_ba_to_os.71;792.00;in_ba_to_os.71;0;1647.96;0.87;0.00;621.01;car;;21;358.00
5287.00;23527526_0;253.75;8.37;5110.00;339.23;23687583_0;5.10;0.00;tripinfo_in_as_to_gj.96;177.00;in_as_to_gj.96;0;649.06;0.83;0.00;106.11;car;;3;69.00
5288.00;28706217_0;94.10;7.79;3986.00;0.26;-230845886_0;5.10;0.00;tripinfo_in_ba_to_sl.44;1302.00;in_ba_to_sl.44;0;1934.94;1.05;0.00;1130.29;car;;46;789.00
5288.00;41899283#1_0;148.70;9.29;4727.00;101.75;-23142338#2_0;5.10;0.00;tripinfo_in_ns_to_as.38;561.00;in_ns_to_as.38;0;2009.37;0.88;0.00;352.62;car;;16;181.00
5288.00;972103805_0;116.86;11.85;5038.00;0.78;-28716808#1_0;5.10;0.00;tripinfo_out_kl_to_ko.1;250.00;out_kl_to_ko.1;0;1927.03;1.11;0.00;91.95;car;;3;41.00
5289.00;45494495_0;58.90;10.81;4535.00;19.08;-230845886_0;5.10;0.00;tripinfo_in_ba_to_os.73;754.00;in_ba_to_os.73;0;1647.96;1.03;0.00;609.37;car;;20;341.00
5290.00;23527526_0;253.75;11.37;5015.00;26.37;803785575#0_0;5.10;0.00;tripinfo_in_od_to_gj.34;275.00;in_od_to_gj.34;0;2706.99;1.14;0.00;60.14;car;;0;0.00
5293.00;230845886_0;633.12;8.88;5064.00;0.40;-23527526_0;5.10;0.00;tripinfo_out_gj_to_ba.3;229.00;out_gj_to_ba.3;0;1702.89;0.89;0.00;56.51;car;;2;27.00
5294.00;45494495_0;58.90;11.30;4481.00;13.28;-230845886_0;5.10;0.00;tripinfo_in_ba_to_os.70;813.00;in_ba_to_os.70;0;1647.96;1.12;0.00;680.17;car;;22;386.00
5295.00;23142338#2_0;290.21;13.23;5051.00;0.18;-23527526_0;5.10;0.00;tripinfo_out_gj_to_ns.4;244.00;out_gj_to_ns.4;0;2043.79;1.20;0.00;89.87;car;;3;51.00
5295.00;230845886_0;633.12;12.06;5095.00;1.78;-23527526_0;5.10;0.00;tripinfo_out_gj_to_ba.4;200.00;out_gj_to_ba.4;0;1702.89;1.14;0.00;64.96;car;;2;10.00
5301.00;28716808#1_0;754.74;11.50;4991.00;37.41;803785575#0_0;5.10;0.00;tripinfo_in_od_to_kl.89;310.00;in_od_to_kl.89;0;2678.40;1.07;0.00;84.80;car;;1;12.00
5302.00;23527526_0;253.75;10.98;5170.00;368.68;23687583_0;5.10;0.00;tripinfo_in_as_to_gj.97;132.00;in_as_to_gj.97;0;649.06;0.99;0.00;72.20;car;;3;39.00
5303.00;45494495_0;58.90;9.30;4560.00;7.96;-230845886_0;5.10;0.00;tripinfo_in_ba_to_os.75;743.00;in_ba_to_os.75;0;1647.96;0.84;0.00;566.85;car;;21;320.00
5303.00;41899283#1_0;148.70;9.96;5233.00;0.38;-23527526_0;5.10;0.00;tripinfo_out_gj_to_as.5;70.00;out_gj_to_as.5;0;633.70;0.95;0.00;8.12;car;;0;0.00
5305.00;45494495_0;58.90;11.31;4513.00;11.06;-230845886_0;5.10;0.00;tripinfo_in_ba_to_os.72;792.00;in_ba_to_os.72;0;1647.96;1.05;0.00;650.59;car;;24;346.00
5305.00;41899283#1_0;148.70;10.81;5236.00;1.18;-23527526_0;5.10;0.00;tripinfo_out_gj_to_as.6;69.00;out_gj_to_as.6;0;633.70;1.08;0.00;14.29;car;;0;0.00
5306.00;23156390_0;1121.44;7.79;4829.00;32.99;803785575#0_0;5.10;0.00;tripinfo_in_od_to_br.90;477.00;in_od_to_br.90;0;3149.31;0.74;0.00;88.13;car;;3;30.00
5307.00;23156030#6_0;109.07;11.32;4216.00;68.40;23687583_0;5.10;0.00;tripinfo_in_as_to_od.18;1091.00;in_as_to_od.18;0;2357.31;1.10;0.00;897.83;car;;32;537.00
5307.00;23156390_0;1121.44;10.50;4859.00;44.31;803785575#0_0;5.10;0.00;tripinfo_in_od_to_br.91;448.00;in_od_to_br.91;0;3149.31;1.08;0.00;182.32;car;;4;37.00
5307.00;41899283#1_0;148.70;11.72;5039.00;0.33;803785575#0_0;5.10;0.00;tripinfo_out_od_to_as.0;268.00;out_od_to_as.0;0;2382.09;1.08;0.00;67.86;car;;2;19.00
5308.00;972103805_0;116.86;7.26;4943.00;20.01;803785575#0_0;5.10;0.00;tripinfo_in_od_to_ko.167;365.00;in_od_to_ko.167;0;2307.67;0.71;0.00;56.88;car;;1;18.00
5309.00;45494495_0;58.90;9.05;4497.00;182.58;23687583_0;5.10;0.00;tripinfo_in_as_to_os.58;812.00;in_as_to_os.58;0;1689.77;0.83;0.00;627.33;car;;24;369.00
5309.00;23156390_0;1121.44;9.60;4880.00;42.22;803785575#0_0;5.10;0.00;tripinfo_in_od_to_br.92;429.00;in_od_to_br.92;0;3149.31;0.92;0.00;119.64;car;;4;25.00
5310.00;972103805_0;116.86;10.24;4958.00;30.01;803785575#0_0;5.10;0.00;tripinfo_in_od_to_ko.168;352.00;in_od_to_ko.168;0;2307.67;1.01;0.00;134.22;car;;2;20.00
5311.00;45494495_0;58.90;10.21;4545.00;17.89;-230845886_0;5.10;0.00;tripinfo_in_ba_to_os.74;766.00;in_ba_to_os.74;0;1647.96;1.01;0.00;617.74;car;;21;333.00
5311.00;23142338#2_0;290.21;9.89;5043.00;0.32;-23527526_0;5.10;0.00;tripinfo_out_gj_to_ns.3;268.00;out_gj_to_ns.3;0;2043.79;0.91;0.00;65.17;car;;3;34.00
5312.00;972103805_0;116.86;12.11;4964.00;31.89;803785575#0_0;5.10;0.00;tripinfo_in_od_to_ko.169;348.00;in_od_to_ko.169;0;2307.67;1.11;0.00;149.18;car;;1;16.00
5313.00;28706217_0;94.10;8.42;4096.00;5.64;-230845886_0;5.10;0.00;tripinfo_in_ba_to_sl.47;1217.00;in_ba_to_sl.47;0;1934.94;1.01;0.00;1039.38;car;;40;680.00
5313.00;45494495_0;58.90;10.70;4208.00;110.59;-23142338#2_0;5.10;0.00;tripinfo_in_ns_to_os.7;1105.00;in_ns_to_os.7;0;1865.82;1.04;0.00;941.97;car;;37;501.00
5313.00;972103805_0;116.86;11.96;4809.00;150.04;-23142338#2_0;5.10;0.00;tripinfo_in_ns_to_ko.231;504.00;in_ns_to_ko.231;0;1398.55;1.19;0.00;398.12;car;;16;169.00
5313.00;230845886_0;633.12;8.66;5102.00;0.20;-23527526_0;5.10;0.00;tripinfo_out_gj_to_ba.5;211.00;out_gj_to_ba.5;0;1702.89;0.88;0.00;36.08;car;;2;7.00
5314.00;45494495_0;58.90;10.93;4642.00;0.22;-230845886_0;5.10;0.00;tripinfo_in_ba_to_os.77;672.00;in_ba_to_os.77;0;1647.96;1.02;0.00;526.29;car;;21;292.00
5314.00;28716808#1_0;754.74;10.15;5006.00;29.39;803785575#0_0;5.10;0.00;tripinfo_in_od_to_kl.91;308.00;in_od_to_kl.91;0;2678.40;0.93;0.00;46.74;car;;1;8.00
5316.00;972103805_0;116.86;11.73;5220.00;0.46;-23527526_0;5.10;0.00;tripinfo_out_gj_to_ko.3;96.00;out_gj_to_ko.3;0;971.70;1.06;0.00;11.81;car;;0;0.00
5317.00;23142338#2_0;290.21;11.36;4875.00;0.84;-230845886_0;5.10;0.00;tripinfo_in_ba_to_ns.44;442.00;in_ba_to_ns.44;0;2346.36;1.11;0.00;251.37;car;;4;169.00
5318.00;28706217_0;94.10;8.77;4011.00;0.01;-230845886_0;5.10;0.00;tripinfo_in_ba_to_sl.45;1307.00;in_ba_to_sl.45;0;1934.94;1.08;0.00;1140.25;car;;47;807.00
5318.00;972103805_0;116.86;10.61;4815.00;146.06;-23142338#2_0;5.10;0.00;tripinfo_in_ns_to_ko.232;503.00;in_ns_to_ko.232;0;1398.55;0.99;0.00;375.40;car;;15;164.00
5319.00;23156305_0;1264.14;8.79;5038.00;330.08;23687583_0;5.10;0.00;tripinfo_in_as_to_gg.24;281.00;in_as_to_gg.24;0;1600.87;0.82;0.00;103.90;car;;5;43.00
5319.00;972103805_0;116.86;10.63;5078.00;0.71;-28716808#1_0;5.10;0.00;tripinfo_out_kl_to_ko.2;241.00;out_kl_to_ko.2;0;1927.03;1.04;0.00;73.36;car;;2;32.00
5319.00;41899283#1_0;148.70;11.07;5163.00;0.58;-230845886_0;5.10;0.00;tripinfo_out_ba_to_as.3;156.00;out_ba_to_as.3;0;1430.78;1.04;0.00;30.85;car;;2;5.00
5321.00;23156305_0;1264.14;12.00;4606.00;98.86;-23142338#2_0;5.10;0.00;tripinfo_in_ns_to_gg.28;715.00;in_ns_to_gg.28;0;3297.24;1.08;0.00;436.71;car;;19;229.00
5321.00;23156390_0;1121.44;13.21;5100.00;348.41;23687583_0;5.10;0.00;tripinfo_in_as_to_br.22;221.00;in_as_to_br.22;0;1694.48;1.25;0.00;97.49;car;;3;37.00
5323.00;23142338#2_0;290.21;11.30;4926.00;3.36;-230845886_0;5.10;0.00;tripinfo_in_ba_to_ns.45;397.00;in_ba_to_ns.45;0;2346.36;1.04;0.00;192.09;car;;3;133.00
5324.00;972103805_0;116.86;10.66;4790.00;136.13;-23142338#2_0;5.10;0.00;tripinfo_in_ns_to_ko.230;534.00;in_ns_to_ko.230;0;1398.55;1.01;0.00;408.63;car;;18;195.00
5326.00;972103805_0;116.86;10.15;4997.00;39.87;803785575#0_0;5.10;0.00;tripinfo_in_od_to_ko.170;329.00;in_od_to_ko.170;0;2307.67;1.01;0.00;111.11;car;;3;41.00
5327.00;41899283#1_0;148.70;9.68;5154.00;0.14;-230845886_0;5.10;0.00;tripinfo_out_ba_to_as.2;173.00;out_ba_to_as.2;0;1430.78;0.88;0.00;26.09;car;;2;5.00
5329.00;23527526_0;253.75;9.68;5036.00;18.20;803785575#0_0;5.10;0.00;tripinfo_in_od_to_gj.35;293.00;in_od_to_gj.35;0;2706.99;0.95;0.00;35.14;car;;1;4.00
5330.00;972103805_0;116.86;9.31;5030.00;28.84;803785575#0_0;5.10;0.00;tripinfo_in_od_to_ko.171;300.00;in_od_to_ko.171;0;2307.67;0.91;0.00;59.23;car;;2;17.00
5331.00;23156305_0;1264.14;9.96;4823.00;28.45;803785575#0_0;5.10;0.00;tripinfo_in_od_to_gg.115;508.00;in_od_to_gg.115;0;3669.96;0.98;0.00;170.01;car;;7;56.00
5332.00;972103805_0;116.86;11.67;4819.00;144.65;-23142338#2_0;5.10;0.00;tripinfo_in_ns_to_ko.233;513.00;in_ns_to_ko.233;0;1398.55;1.15;0.00;402.67;car;;17;190.00
5332.00;28706217_0;94.10;6.22;5233.00;0.26;803785575#0_0;5.10;0.00;tripinfo_in_od_to_sl.9;99.00;in_od_to_sl.9;0;747.33;0.81;0.00;10.03;car;;0;0.00
5333.00;41899283#1_0;148.70;10.60;5094.00;0.18;803785575#0_0;5.10;0.00;tripinfo_out_od_to_as.1;239.00;out_od_to_as.1;0;2382.09;0.98;0.00;19.25;car;;0;0.00
5334.00;972103805_0;116.86;11.04;4837.00;153.42;-23142338#2_0;5.10;0.00;tripinfo_in_ns_to_ko.234;497.00;in_ns_to_ko.234;0;1398.55;1.09;0.00;380.76;car;;18;181.00
5336.00;972103805_0;116.86;11.60;4850.00;164.60;-23142338#2_0;5.10;0.00;tripinfo_in_ns_to_ko.235;486.00;in_ns_to_ko.235;0;1398.55;1.06;0.00;367.04;car;;17;170.00
5337.00;23156305_0;1264.14;9.67;4862.00;46.14;803785575#0_0;5.10;0.00;tripinfo_in_od_to_gg.116;475.00;in_od_to_gg.116;0;3669.96;0.97;0.00;133.16;car;;4;34.00
5339.00;972103805_0;116.86;11.28;4866.00;169.53;-23142338#2_0;5.10;0.00;tripinfo_in_ns_to_ko.236;473.00;in_ns_to_ko.236;0;1398.55;1.04;0.00;351.28;car;;16;168.00
5339.00;23156305_0;1264.14;10.31;4886.00;44.51;803785575#0_0;5.10;0.00;tripinfo_in_od_to_gg.117;453.00;in_od_to_gg.117;0;3669.96;1.03;0.00;130.03;car;;5;20.00
5342.00;972103805_0;116.86;12.16;5116.00;339.55;23687583_0;5.10;0.00;tripinfo_in_as_to_ko.133;226.00;in_as_to_ko.133;0;1102.39;1.13;0.00;138.02;car;;5;86.00
5344.00;23142338#2_0;290.21;8.95;5013.00;340.81;23687583_0;5.10;0.00;tripinfo_in_as_to_ns.71;331.00;in_as_to_ns.71;0;1995.73;0.86;0.00;118.32;car;;5;47.00
5346.00;972103805_0;116.86;10.60;5119.00;326.53;23687583_0;5.10;0.00;tripinfo_in_as_to_ko.134;227.00;in_as_to_ko.134;0;1102.39;1.04;0.00;130.94;car;;4;81.00
5346.00;28716808#1_0;754.74;8.62;5003.00;36.55;803785575#0_0;5.10;0.00;tripinfo_in_od_to_kl.90;343.00;in_od_to_kl.90;0;2678.40;0.84;0.00;53.08;car;;3;19.00
5346.00;23142338#2_0;290.21;10.74;5081.00;0.82;-23527526_0;5.10;0.00;tripinfo_out_gj_to_ns.5;265.00;out_gj_to_ns.5;0;2043.79;1.07;0.00;92.63;car;;3;45.00
5347.00;23142338#2_0;290.21;10.64;5092.00;1.34;-23527526_0;5.10;0.00;tripinfo_out_gj_to_ns.6;255.00;out_gj_to_ns.6;0;2043.79;0.97;0.00;65.44;car;;2;22.00
5348.00;28706217_0;94.10;8.22;4060.00;46.28;23687583_0;5.10;0.00;tripinfo_in_as_to_sl.74;1288.00;in_as_to_sl.74;0;1976.75;1.00;0.00;1104.22;car;;47;697.00
5348.00;28716808#1_0;754.74;10.85;5018.00;28.22;803785575#0_0;5.10;0.00;tripinfo_in_od_to_kl.92;330.00;in_od_to_kl.92;0;2678.40;0.98;0.00;83.41;car;;3;15.00
5349.00;23527526_0;253.75;9.37;5191.00;370.49;23687583_0;5.10;0.00;tripinfo_in_as_to_gj.98;158.00;in_as_to_gj.98;0;649.06;0.88;0.00;90.36;car;;3;62.00
5354.00;28706217_0;94.10;7.14;3997.00;70.03;23687583_0;5.10;0.00;tripinfo_in_as_to_sl.72;1357.00;in_as_to_sl.72;0;1976.75;0.89;0.00;1151.41;car;;46;806.00
5354.00;972103805_0;116.86;10.51;4876.00;164.15;-23142338#2_0;5.10;0.00;tripinfo_in_ns_to_ko.237;478.00;in_ns_to_ko.237;0;1398.55;0.97;0.00;346.87;car;;15;167.00
5356.00;28706217_0;94.10;8.11;4066.00;50.72;23687583_0;5.10;0.00;tripinfo_in_as_to_sl.75;1290.00;in_as_to_sl.75;0;1976.75;1.10;0.00;1122.87;car;;49;659.00
5356.00;972103805_0;116.86;10.89;4894.00;173.70;-23142338#2_0;5.10;0.00;tripinfo_in_ns_to_ko.238;462.00;in_ns_to_ko.238;0;1398.55;0.98;0.00;333.10;car;;15;157.00
5356.00;230845886_0;633.12;12.07;5190.00;2.04;-23527526_0;5.10;0.00;tripinfo_out_gj_to_ba.6;166.00;out_gj_to_ba.6;0;1702.89;1.16;0.00;33.09;car;;1;3.00
5360.00;41899283#1_0;148.70;9.82;5192.00;2.26;-230845886_0;5.10;0.00;tripinfo_out_ba_to_as.4;168.00;out_ba_to_as.4;0;1430.78;0.91;0.00;24.74;car;;0;0.00
5370.00;23142338#2_0;290.21;9.39;5004.00;0.31;-23156305_0;5.10;0.00;tripinfo_out_gg_to_ns.0;366.00;out_gg_to_ns.0;0;2927.39;0.91;0.00;72.59;car;;2;34.00
5372.00;23156390_0;1121.44;13.76;5163.00;367.87;23687583_0;5.10;0.00;tripinfo_in_as_to_br.23;209.00;in_as_to_br.23;0;1694.48;1.24;0.00;84.41;car;;4;44.00
5372.00;23142338#2_0;290.21;9.74;5095.00;0.79;-28716808#1_0;5.10;0.00;tripinfo_out_kl_to_ns.0;277.00;out_kl_to_ns.0;0;2305.34;0.91;0.00;47.23;car;;1;17.00
5374.00;23142338#2_0;290.21;10.02;5075.00;349.74;23687583_0;5.10;0.00;tripinfo_in_as_to_ns.72;299.00;in_as_to_ns.72;0;1995.73;0.94;0.00;106.77;car;;6;46.00
5379.00;28706217_0;94.10;5.85;4173.00;1.61;-230845886_0;5.10;0.00;tripinfo_in_ba_to_sl.48;1206.00;in_ba_to_sl.48;0;1934.94;0.83;0.00;988.27;car;;30;708.00
5381.00;28706217_0;94.10;8.03;4213.00;0.58;-230845886_0;5.10;0.00;tripinfo_in_ba_to_sl.49;1168.00;in_ba_to_sl.49;0;1934.94;1.05;0.00;996.50;car;;25;635.00
5383.00;28706217_0;94.10;7.53;4093.00;3.14;-230845886_0;5.10;0.00;tripinfo_in_ba_to_sl.46;1290.00;in_ba_to_sl.46;0;1934.94;0.96;0.00;1101.99;car;;37;772.00
5383.00;972103805_0;116.86;11.08;4903.00;170.89;-23142338#2_0;5.10;0.00;tripinfo_in_ns_to_ko.239;480.00;in_ns_to_ko.239;0;1398.55;1.01;0.00;354.96;car;;16;182.00
5385.00;45494495_0;58.90;11.41;4626.00;0.07;-230845886_0;5.10;0.00;tripinfo_in_ba_to_os.76;759.00;in_ba_to_os.76;0;1647.96;1.03;0.00;614.51;car;;21;346.00
5385.00;972103805_0;116.86;11.83;4926.00;188.63;-23142338#2_0;5.10;0.00;tripinfo_in_ns_to_ko.240;459.00;in_ns_to_ko.240;0;1398.55;1.17;0.00;351.04;car;;14;162.00
5388.00;45494495_0;58.90;9.87;4681.00;6.12;-230845886_0;5.10;0.00;tripinfo_in_ba_to_os.78;707.00;in_ba_to_os.78;0;1647.96;0.98;0.00;554.79;car;;21;301.00
5388.00;28706217_0;94.10;8.60;4899.00;169.03;-23142338#2_0;5.10;0.00;tripinfo_in_ns_to_sl.12;489.00;in_ns_to_sl.12;0;1619.36;1.04;0.00;330.85;car;;14;153.00
5392.00;45494495_0;58.90;8.71;4611.00;249.36;23687583_0;5.10;0.00;tripinfo_in_as_to_os.62;781.00;in_as_to_os.62;0;1689.77;0.80;0.00;589.87;car;;24;325.00
5392.00;972103805_0;116.86;11.36;4931.00;190.99;-23142338#2_0;5.10;0.00;tripinfo_in_ns_to_ko.241;461.00;in_ns_to_ko.241;0;1398.55;1.10;0.00;346.20;car;;15;175.00
5394.00;45494495_0;58.90;10.64;4702.00;7.38;-230845886_0;5.10;0.00;tripinfo_in_ba_to_os.80;692.00;in_ba_to_os.80;0;1647.96;1.05;0.00;550.96;car;;15;281.00
5394.00;23527526_0;253.75;12.17;5256.00;386.47;23687583_0;5.10;0.00;tripinfo_in_as_to_gj.99;138.00;in_as_to_gj.99;0;649.06;1.10;0.00;84.14;car;;3;39.00
5395.00;23156305_0;1264.14;10.51;4693.00;80.37;-23142338#2_0;5.10;0.00;tripinfo_in_ns_to_gg.29;702.00;in_ns_to_gg.29;0;3297.24;0.97;0.00;391.34;car;;18;202.00
5396.00;45494495_0;58.90;10.52;4555.00;234.43;23687583_0;5.10;0.00;tripinfo_in_as_to_os.60;841.00;in_as_to_os.60;0;1689.77;1.00;0.00;688.67;car;;27;375.00
5397.00;28706217_0;94.10;9.83;4147.00;62.03;23687583_0;5.10;0.00;tripinfo_in_as_to_sl.76;1250.00;in_as_to_sl.76;0;1976.75;1.27;0.00;1103.38;car;;34;741.00
5398.00;45494495_0;58.90;11.57;4687.00;8.05;-230845886_0;5.10;0.00;tripinfo_in_ba_to_os.79;711.00;in_ba_to_os.79;0;1647.96;1.10;0.00;575.47;car;;25;303.00
5398.00;972103805_0;116.86;10.69;4935.00;183.19;-23142338#2_0;5.10;0.00;tripinfo_in_ns_to_ko.242;463.00;in_ns_to_ko.242;0;1398.55;1.04;0.00;342.14;car;;16;169.00
5400.00;23156305_0;1264.14;9.94;4723.00;99.62;-23142338#2_0;5.10;0.00;tripinfo_in_ns_to_gg.30;677.00;in_ns_to_gg.30;0;3297.24;0.96;0.00;362.03;car;;17;174.00
5400.00;23142338#2_0;290.21;9.85;5129.00;1.89;-23527526_0;5.10;0.00;tripinfo_out_gj_to_ns.7;271.00;out_gj_to_ns.7;0;2043.79;0.91;0.00;67.51;car;;3;34.00
5401.00;45494495_0;58.90;11.61;4551.00;234.84;23687583_0;5.10;0.00;tripinfo_in_as_to_os.59;850.00;in_as_to_os.59;0;1689.77;1.08;0.00;708.07;car;;23;363.00
5402.00;230845886_0;633.12;10.22;5137.00;0.22;-23156305_0;5.10;0.00;tripinfo_out_gg_to_ba.0;265.00;out_gg_to_ba.0;0;2288.16;0.92;0.00;39.99;car;;2;11.00
5403.00;230845886_0;633.12;11.44;4843.00;158.10;-23142338#2_0;5.10;0.00;tripinfo_in_ns_to_ba.18;560.00;in_ns_to_ba.18;0;2340.42;1.16;0.00;377.93;car;;16;171.00
5403.00;23142338#2_0;290.21;9.48;5135.00;0.61;-23527526_0;5.10;0.00;tripinfo_out_gj_to_ns.8;268.00;out_gj_to_ns.8;0;2043.79;0.90;0.00;61.34;car;;2;27.00
5404.00;45494495_0;58.90;11.36;5269.00;0.61;803785575#0_0;5.10;0.00;tripinfo_out_od_to_os.2;135.00;out_od_to_os.2;0;969.96;1.07;0.00;53.62;car;;4;28.00
5405.00;23142338#2_0;290.21;10.18;5142.00;0.54;-23527526_0;5.10;0.00;tripinfo_out_gj_to_ns.9;263.00;out_gj_to_ns.9;0;2043.79;1.01;0.00;80.36;car;;2;36.00
5406.00;28706217_0;94.10;8.15;4198.00;74.32;23687583_0;5.10;0.00;tripinfo_in_as_to_sl.77;1208.00;in_as_to_sl.77;0;1976.75;1.08;0.00;1037.17;car;;33;692.00
5406.00;23156305_0;1264.14;9.32;4952.00;24.59;803785575#0_0;5.10;0.00;tripinfo_in_od_to_gg.118;454.00;in_od_to_gg.118;0;3669.96;0.95;0.00;101.40;car;;5;17.00
5406.00;230845886_0;633.12;8.96;5140.00;2.61;-23156305_0;5.10;0.00;tripinfo_out_gg_to_ba.1;266.00;out_gg_to_ba.1;0;2288.16;0.92;0.00;39.98;car;;2;9.00
5406.00;23142338#2_0;290.21;12.83;5164.00;0.30;-23527526_0;5.10;0.00;tripinfo_out_gj_to_ns.10;242.00;out_gj_to_ns.10;0;2043.79;1.16;0.00;82.33;car;;3;37.00
5407.00;45494495_0;58.90;10.78;4577.00;242.33;23687583_0;5.10;0.00;tripinfo_in_as_to_os.61;830.00;in_as_to_os.61;0;1689.77;1.06;0.00;685.04;car;;18;361.00
5407.00;23527526_0;253.75;10.81;5268.00;385.47;23687583_0;5.10;0.00;tripinfo_in_as_to_gj.100;139.00;in_as_to_gj.100;0;649.06;1.02;0.00;80.88;car;;4;34.00
5408.00;230845886_0;633.12;10.80;5152.00;0.87;-23156305_0;5.10;0.00;tripinfo_out_gg_to_ba.2;256.00;out_gg_to_ba.2;0;2288.16;1.02;0.00;53.63;car;;1;6.00
5409.00;972103805_0;116.86;10.95;5200.00;369.96;23687583_0;5.10;0.00;tripinfo_in_as_to_ko.135;209.00;in_as_to_ko.135;0;1102.39;1.02;0.00;110.93;car;;4;72.00
5409.00;23142338#2_0;290.21;11.48;5198.00;0.55;803785575#0_0;5.10;0.00;tripinfo_out_od_to_ns.2;211.00;out_od_to_ns.2;0;1928.29;1.07;0.00;37.48;car;;1;17.00
5412.00;230845886_0;633.12;10.35;5223.00;2.52;-23527526_0;5.10;0.00;tripinfo_out_gj_to_ba.7;189.00;out_gj_to_ba.7;0;1702.89;0.94;0.00;25.99;car;;1;1.00
5415.00;23156030#6_0;109.07;9.15;4412.00;8.72;-230845886_0;5.10;0.00;tripinfo_in_ba_to_od.7;1003.00;in_ba_to_od.7;0;2315.50;0.87;0.00;762.14;car;;28;501.00
5415.00;41899283#1_0;148.70;9.88;5145.00;0.71;803785575#0_0;5.10;0.00;tripinfo_out_od_to_as.2;270.00;out_od_to_as.2;0;2382.09;0.91;0.00;33.09;car;;1;8.00
5416.00;23527526_0;253.75;10.31;5283.00;392.50;23687583_0;5.10;0.00;tripinfo_in_as_to_gj.101;133.00;in_as_to_gj.101;0;649.06;1.01;0.00;73.97;car;;2;32.00
5417.00;45494495_0;58.90;12.24;4786.00;0.74;-230845886_0;5.10;0.00;tripinfo_in_ba_to_os.82;631.00;in_ba_to_os.82;0;1647.96;1.16;0.00;503.09;car;;10;238.00
5417.00;23142338#2_0;290.21;12.19;5175.00;0.30;-23527526_0;5.10;0.00;tripinfo_out_gj_to_ns.11;242.00;out_gj_to_ns.11;0;2043.79;1.19;0.00;86.86;car;;3;48.00
5418.00;23527526_0;253.75;11.77;5344.00;409.53;23687583_0;5.10;0.00;tripinfo_in_as_to_gj.102;74.00;in_as_to_gj.102;0;649.06;1.14;0.00;21.30;car;;0;0.00
5420.00;45494495_0;58.90;10.58;4614.00;245.41;23687583_0;5.10;0.00;tripinfo_in_as_to_os.63;806.00;in_as_to_os.63;0;1689.77;1.06;0.00;661.42;car;;21;317.00
5421.00;28706217_0;94.10;8.11;5345.00;0.30;803785575#0_0;5.10;0.00;tripinfo_out_od_to_sl.0;76.00;out_od_to_sl.0;0;747.33;1.05;0.00;6.66;car;;0;0.00
5424.00;45494495_0;58.90;10.52;4783.00;1.84;-230845886_0;5.10;0.00;tripinfo_in_ba_to_os.81;641.00;in_ba_to_os.81;0;1647.96;1.02;0.00;494.74;car;;10;227.00
5426.00;45494495_0;58.90;10.57;4618.00;249.36;23687583_0;5.10;0.00;tripinfo_in_as_to_os.64;808.00;in_as_to_os.64;0;1689.77;1.02;0.00;657.28;car;;20;323.00
5430.00;28706217_0;94.10;6.63;4210.00;73.23;23687583_0;5.10;0.00;tripinfo_in_as_to_sl.78;1220.00;in_as_to_sl.78;0;1976.75;0.85;0.00;1004.52;car;;36;651.00
5430.00;45494495_0;58.90;8.87;4734.00;275.36;23687583_0;5.10;0.00;tripinfo_in_as_to_os.67;696.00;in_as_to_os.67;0;1689.77;0.82;0.00;509.70;car;;15;266.00
5432.00;23156030#6_0;109.07;10.87;4381.00;155.60;23687583_0;5.10;0.00;tripinfo_in_as_to_od.19;1051.00;in_as_to_od.19;0;2357.31;1.09;0.00;856.14;car;;27;495.00
5432.00;28706217_0;94.10;8.59;4248.00;0.52;-230845886_0;5.10;0.00;tripinfo_in_ba_to_sl.50;1184.00;in_ba_to_sl.50;0;1934.94;1.04;0.00;1011.61;car;;37;618.00
5432.00;45494495_0;58.90;9.02;4650.00;264.78;23687583_0;5.10;0.00;tripinfo_in_as_to_os.65;782.00;in_as_to_os.65;0;1689.77;0.88;0.00;608.32;car;;18;295.00
5432.00;41899283#1_0;148.70;12.15;4908.00;172.05;-23142338#2_0;5.10;0.00;tripinfo_in_ns_to_as.39;524.00;in_ns_to_as.39;0;2009.37;1.11;0.00;359.36;car;;16;162.00
5434.00;45494495_0;58.90;9.11;4797.00;0.60;-230845886_0;5.10;0.00;tripinfo_in_ba_to_os.83;637.00;in_ba_to_os.83;0;1647.96;0.92;0.00;475.87;car;;10;229.00
5437.00;23142338#2_0;290.21;9.01;5081.00;351.14;23687583_0;5.10;0.00;tripinfo_in_as_to_ns.73;356.00;in_as_to_ns.73;0;1995.73;0.85;0.00;143.38;car;;5;77.00
5438.00;28706217_0;94.10;6.78;4272.00;99.35;23687583_0;5.10;0.00;tripinfo_in_as_to_sl.80;1166.00;in_as_to_sl.80;0;1976.75;0.93;0.00;968.56;car;;37;591.00
5438.00;972103805_0;116.86;8.54;5206.00;375.04;23687583_0;5.10;0.00;tripinfo_in_as_to_ko.136;232.00;in_as_to_ko.136;0;1102.39;0.81;0.00;109.62;car;;3;65.00
5438.00;230845886_0;633.12;10.17;5181.00;0.85;803785575#0_0;5.10;0.00;tripinfo_out_od_to_ba.0;257.00;out_od_to_ba.0;0;2382.14;0.94;0.00;27.58;car;;0;0.00
5440.00;45494495_0;58.90;9.88;4659.00;264.90;23687583_0;5.10;0.00;tripinfo_in_as_to_os.66;781.00;in_as_to_os.66;0;1689.77;0.91;0.00;613.13;car;;18;286.00
5440.00;23142338#2_0;290.21;8.01;5087.00;354.49;23687583_0;5.10;0.00;tripinfo_in_as_to_ns.74;353.00;in_as_to_ns.74;0;1995.73;0.83;0.00;134.93;car;;5;69.00
5441.00;28706217_0;94.10;7.23;4330.00;0.77;-230845886_0;5.10;0.00;tripinfo_in_ba_to_sl.52;1111.00;in_ba_to_sl.52;0;1934.94;0.99;0.00;929.66;car;;36;583.00
5442.00;45494495_0;58.90;10.80;4667.00;68.46;-23142338#2_0;5.10;0.00;tripinfo_in_ns_to_os.8;775.00;in_ns_to_os.8;0;1865.82;1.00;0.00;606.36;car;;19;242.00
5442.00;972103805_0;116.86;9.30;5249.00;381.48;23687583_0;5.10;0.00;tripinfo_in_as_to_ko.137;193.00;in_as_to_ko.137;0;1102.39;0.94;0.00;86.36;car;;3;39.00
5444.00;972103805_0;116.86;9.85;4962.00;200.15;-23142338#2_0;5.10;0.00;tripinfo_in_ns_to_ko.243;482.00;in_ns_to_ko.243;0;1398.55;0.91;0.00;343.22;car;;16;189.00
5446.00;45494495_0;58.90;9.87;4785.00;287.00;23687583_0;5.10;0.00;tripinfo_in_as_to_os.69;661.00;in_as_to_os.69;0;1689.77;0.89;0.00;490.49;car;;14;228.00
5447.00;23156305_0;1264.14;8.68;4979.00;35.81;803785575#0_0;5.10;0.00;tripinfo_in_od_to_gg.119;468.00;in_od_to_gg.119;0;3669.96;0.79;0.00;46.14;car;;0;0.00
5448.00;45494495_0;58.90;11.33;4816.00;13.07;-230845886_0;5.10;0.00;tripinfo_in_ba_to_os.84;632.00;in_ba_to_os.84;0;1647.96;1.10;0.00;496.53;car;;9;233.00
5450.00;45494495_0;58.90;9.86;4782.00;285.93;23687583_0;5.10;0.00;tripinfo_in_as_to_os.68;668.00;in_as_to_os.68;0;1689.77;0.99;0.00;513.64;car;;12;230.00
5450.00;41899283#1_0;148.70;9.72;5359.00;0.19;-23527526_0;5.10;0.00;tripinfo_out_gj_to_as.7;91.00;out_gj_to_as.7;0;633.70;0.94;0.00;29.38;car;;1;10.00
5451.00;23142338#2_0;290.21;11.15;5091.00;346.53;23687583_0;5.10;0.00;tripinfo_in_as_to_ns.75;360.00;in_as_to_ns.75;0;1995.73;1.06;0.00;188.28;car;;7;96.00
5452.00;45494495_0;58.90;10.70;4788.00;285.64;23687583_0;5.10;0.00;tripinfo_in_as_to_os.70;664.00;in_as_to_os.70;0;1689.77;0.99;0.00;510.46;car;;8;209.00
5453.00;23142338#2_0;290.21;11.73;5094.00;348.68;23687583_0;5.10;0.00;tripinfo_in_as_to_ns.76;359.00;in_as_to_ns.76;0;1995.73;1.13;0.00;197.66;car;;7;94.00
5456.00;23527526_0;253.75;9.78;5384.00;413.70;23687583_0;5.10;0.00;tripinfo_in_as_to_gj.103;72.00;in_as_to_gj.103;0;649.06;0.93;0.00;7.79;car;;0;0.00
5457.00;23142338#2_0;290.21;10.69;5113.00;338.86;23687583_0;5.10;0.00;tripinfo_in_as_to_ns.77;344.00;in_as_to_ns.77;0;1995.73;1.05;0.00;170.34;car;;7;96.00
5460.00;28706217_0;94.10;8.81;4219.00;69.48;23687583_0;5.10;0.00;tripinfo_in_as_to_sl.79;1241.00;in_as_to_sl.79;0;1976.75;1.15;0.00;1081.53;car;;36;667.00
5461.00;45494495_0;58.90;9.66;4847.00;300.14;23687583_0;5.10;0.00;tripinfo_in_as_to_os.71;614.00;in_as_to_os.71;0;1689.77;0.97;0.00;457.08;car;;7;197.00
5464.00;28716808#1_0;754.74;11.22;5276.00;392.73;23687583_0;5.10;0.00;tripinfo_in_as_to_kl.23;188.00;in_as_to_kl.23;0;1207.92;1.04;0.00;82.22;car;;3;37.00
5466.00;41899283#1_0;148.70;9.30;5334.00;1.60;-28716808#1_0;5.10;0.00;tripinfo_out_kl_to_as.0;132.00;out_kl_to_as.0;0;1233.18;0.95;0.00;14.16;car;;0;0.00
5467.00;972103805_0;116.86;9.07;5259.00;387.02;23687583_0;5.10;0.00;tripinfo_in_as_to_ko.138;208.00;in_as_to_ko.138;0;1102.39;0.89;0.00;96.00;car;;5;47.00
5468.00;28706217_0;94.10;7.95;4310.00;6.86;-230845886_0;5.10;0.00;tripinfo_in_ba_to_sl.51;1158.00;in_ba_to_sl.51;0;1934.94;1.11;0.00;995.00;car;;32;624.00
5468.00;230845886_0;633.12;10.68;5271.00;0.51;-23527526_0;5.10;0.00;tripinfo_out_gj_to_ba.8;197.00;out_gj_to_ba.8;0;1702.89;0.99;0.00;40.86;car;;1;3.00
5469.00;972103805_0;116.86;9.40;5265.00;382.86;23687583_0;5.10;0.00;tripinfo_in_as_to_ko.139;204.00;in_as_to_ko.139;0;1102.39;0.95;0.00;99.31;car;;6;41.00
5471.00;972103805_0;116.86;9.82;5279.00;395.46;23687583_0;5.10;0.00;tripinfo_in_as_to_ko.140;192.00;in_as_to_ko.140;0;1102.39;0.90;0.00;81.21;car;;3;33.00
5471.00;28716808#1_0;754.74;10.89;5315.00;421.50;23687583_0;5.10;0.00;tripinfo_in_as_to_kl.24;156.00;in_as_to_kl.24;0;1207.92;0.99;0.00;45.03;car;;1;7.00
5474.00;230845886_0;633.12;9.93;5203.00;372.92;23687583_0;5.10;0.00;tripinfo_in_as_to_ba.61;271.00;in_as_to_ba.61;0;1356.50;0.93;0.00;139.40;car;;6;76.00
5474.00;972103805_0;116.86;9.64;5188.00;0.74;-23156305_0;5.10;0.00;tripinfo_out_gg_to_ko.0;286.00;out_gg_to_ko.0;0;2416.59;0.97;0.00;60.81;car;;3;16.00
5475.00;28706217_0;94.10;6.40;4335.00;126.10;23687583_0;5.10;0.00;tripinfo_in_as_to_sl.82;1140.00;in_as_to_sl.82;0;1976.75;0.91;0.00;937.79;car;;37;579.00
5476.00;972103805_0;116.86;11.78;5265.00;0.02;-28716808#1_0;5.10;0.00;tripinfo_out_kl_to_ko.3;211.00;out_kl_to_ko.3;0;1927.03;1.07;0.00;46.89;car;;2;18.00
5479.00;972103805_0;116.86;9.78;4996.00;193.97;-23142338#2_0;5.10;0.00;tripinfo_in_ns_to_ko.244;483.00;in_ns_to_ko.244;0;1398.55;0.90;0.00;343.57;car;;16;168.00
5479.00;230845886_0;633.12;9.32;5274.00;0.74;-23527526_0;5.10;0.00;tripinfo_out_gj_to_ba.9;205.00;out_gj_to_ba.9;0;1702.89;0.92;0.00;37.44;car;;0;0.00
5481.00;972103805_0;116.86;10.47;5001.00;198.62;-23142338#2_0;5.10;0.00;tripinfo_in_ns_to_ko.245;480.00;in_ns_to_ko.245;0;1398.55;1.02;0.00;356.05;car;;14;162.00
5481.00;230845886_0;633.12;11.98;5319.00;412.59;23687583_0;5.10;0.00;tripinfo_in_as_to_ba.62;162.00;in_as_to_ba.62;0;1356.50;1.11;0.00;51.34;car;;2;7.00
5482.00;23527526_0;253.75;9.80;4939.00;182.29;-23142338#2_0;5.10;0.00;tripinfo_in_ns_to_gj.20;543.00;in_ns_to_gj.20;0;2084.96;0.99;0.00;351.99;car;;15;171.00
5483.00;23142338#2_0;290.21;10.74;5122.00;329.08;23687583_0;5.10;0.00;tripinfo_in_as_to_ns.78;361.00;in_as_to_ns.78;0;1995.73;1.03;0.00;184.81;car;;8;112.00
5484.00;41899283#1_0;148.70;12.94;4967.00;201.13;-23142338#2_0;5.10;0.00;tripinfo_in_ns_to_as.40;517.00;in_ns_to_as.40;0;2009.37;1.18;0.00;362.12;car;;16;183.00
5485.00;23142338#2_0;290.21;11.42;5254.00;0.33;-23527526_0;5.10;0.00;tripinfo_out_gj_to_ns.13;231.00;out_gj_to_ns.13;0;2043.79;1.13;0.00;67.36;car;;1;11.00
5487.00;45494495_0;58.90;9.87;4853.00;302.52;23687583_0;5.10;0.00;tripinfo_in_as_to_os.72;634.00;in_as_to_os.72;0;1689.77;0.98;0.00;478.28;car;;8;197.00
5487.00;23527526_0;253.75;10.26;5418.00;411.64;23687583_0;5.10;0.00;tripinfo_in_as_to_gj.104;69.00;in_as_to_gj.104;0;649.06;0.97;0.00;7.56;car;;0;0.00
5487.00;28706217_0;94.10;7.10;5403.00;1.66;803785575#0_0;5.10;0.00;tripinfo_out_od_to_sl.1;84.00;out_od_to_sl.1;0;747.33;0.95;0.00;7.30;car;;0;0.00
5488.00;230845886_0;633.12;10.40;5309.00;0.99;-23527526_0;5.10;0.00;tripinfo_out_gj_to_ba.10;179.00;out_gj_to_ba.10;0;1702.89;1.00;0.00;25.76;car;;1;4.00
5489.00;45494495_0;58.90;12.56;4859.00;305.98;23687583_0;5.10;0.00;tripinfo_in_as_to_os.73;630.00;in_as_to_os.73;0;1689.77;1.20;0.00;501.99;car;;9;195.00
5490.00;230845886_0;633.12;11.16;4956.00;198.36;-23142338#2_0;5.10;0.00;tripinfo_in_ns_to_ba.19;534.00;in_ns_to_ba.19;0;2340.42;1.04;0.00;332.00;car;;13;163.00
5491.00;28706217_0;94.10;7.57;5414.00;0.71;803785575#0_0;5.10;0.00;tripinfo_out_od_to_sl.2;77.00;out_od_to_sl.2;0;747.33;1.04;0.00;6.87;car;;0;0.00
5494.00;45494495_0;58.90;8.55;4889.00;320.86;23687583_0;5.10;0.00;tripinfo_in_as_to_os.74;605.00;in_as_to_os.74;0;1689.77;0.86;0.00;427.97;car;;14;187.00
5496.00;28706217_0;94.10;6.57;4321.00;126.45;23687583_0;5.10;0.00;tripinfo_in_as_to_sl.81;1175.00;in_as_to_sl.81;0;1976.75;0.90;0.00;970.69;car;;38;621.00
5496.00;45494495_0;58.90;10.26;4908.00;0.18;-230845886_0;5.10;0.00;tripinfo_in_ba_to_os.85;588.00;in_ba_to_os.85;0;1647.96;0.94;0.00;428.78;car;;10;190.00
5499.00;41899283#1_0;148.70;10.50;5357.00;0.17;-28716808#1_0;5.10;0.00;tripinfo_out_kl_to_as.1;142.00;out_kl_to_as.1;0;1233.18;1.02;0.00;32.43;car;;2;14.00
5500.00;23156030#6_0;109.07;9.25;4539.00;14.75;-230845886_0;5.10;0.00;tripinfo_in_ba_to_od.8;961.00;in_ba_to_od.8;0;2315.50;0.88;0.00;723.99;car;;22;446.00
5500.00;23142338#2_0;290.21;11.01;5048.00;0.53;-23156390_0;5.10;0.00;tripinfo_out_br_to_ns.0;452.00;out_br_to_ns.0;0;2936.02;1.04;0.00;195.99;car;;3;27.00
5501.00;28706217_0;94.10;6.56;4346.00;132.13;23687583_0;5.10;0.00;tripinfo_in_as_to_sl.83;1155.00;in_as_to_sl.83;0;1976.75;0.91;0.00;952.88;car;;36;605.00
5503.00;230845886_0;633.12;10.25;5322.00;0.97;-23527526_0;5.10;0.00;tripinfo_out_gj_to_ba.11;181.00;out_gj_to_ba.11;0;1702.89;0.98;0.00;22.77;car;;1;1.00
5504.00;972103805_0;116.86;8.99;5027.00;208.92;-23142338#2_0;5.10;0.00;tripinfo_in_ns_to_ko.246;477.00;in_ns_to_ko.246;0;1398.55;0.90;0.00;337.04;car;;16;172.00
5506.00;972103805_0;116.86;12.07;5030.00;211.20;-23142338#2_0;5.10;0.00;tripinfo_in_ns_to_ko.247;476.00;in_ns_to_ko.247;0;1398.55;1.17;0.00;367.68;car;;15;166.00
5507.00;28716808#1_0;754.74;11.23;5378.00;408.66;23687583_0;5.10;0.00;tripinfo_in_as_to_kl.25;129.00;in_as_to_kl.25;0;1207.92;1.09;0.00;28.04;car;;1;2.00
5510.00;972103805_0;116.86;9.11;5034.00;183.31;-23142338#2_0;5.10;0.00;tripinfo_in_ns_to_ko.248;476.00;in_ns_to_ko.248;0;1398.55;0.93;0.00;339.77;car;;15;168.00
5513.00;23527526_0;253.75;10.57;4985.00;218.15;-23142338#2_0;5.10;0.00;tripinfo_in_ns_to_gj.21;528.00;in_ns_to_gj.21;0;2084.96;0.99;0.00;337.70;car;;13;168.00
5513.00;23156390_0;1121.44;9.29;5216.00;362.72;23687583_0;5.10;0.00;tripinfo_in_as_to_br.24;297.00;in_as_to_br.24;0;1694.48;0.87;0.00;120.88;car;;5;62.00
5514.00;45494495_0;58.90;9.95;5380.00;0.63;803785575#0_0;5.10;0.00;tripinfo_out_od_to_os.3;134.00;out_od_to_os.3;0;969.96;0.91;0.00;36.77;car;;3;14.00
5515.00;23156390_0;1121.44;9.75;4871.00;166.51;-23142338#2_0;5.10;0.00;tripinfo_in_ns_to_br.10;644.00;in_ns_to_br.10;0;2792.05;0.98;0.00;384.78;car;;19;177.00
5515.00;972103805_0;116.86;11.76;5058.00;195.87;-23142338#2_0;5.10;0.00;tripinfo_in_ns_to_ko.249;457.00;in_ns_to_ko.249;0;1398.55;1.07;0.00;339.63;car;;17;167.00
5516.00;45494495_0;58.90;11.77;4958.00;5.99;-230845886_0;5.10;0.00;tripinfo_in_ba_to_os.86;558.00;in_ba_to_os.86;0;1647.96;1.16;0.00;428.98;car;;8;135.00
5519.00;45494495_0;58.90;8.65;5387.00;0.35;803785575#0_0;5.10;0.00;tripinfo_out_od_to_os.4;132.00;out_od_to_os.4;0;969.96;0.88;0.00;31.31;car;;2;10.00
5520.00;23156030#6_0;109.07;11.43;4656.00;264.96;23687583_0;5.10;0.00;tripinfo_in_as_to_od.21;864.00;in_as_to_od.21;0;2357.31;1.14;0.00;676.76;car;;19;350.00
5520.00;41899283#1_0;148.70;8.16;5432.00;0.93;-23527526_0;5.10;0.00;tripinfo_out_gj_to_as.8;88.00;out_gj_to_as.8;0;633.70;0.84;0.00;18.61;car;;1;1.00
5521.00;23156305_0;1264.14;8.12;4782.00;133.15;-23142338#2_0;5.10;0.00;tripinfo_in_ns_to_gg.31;739.00;in_ns_to_gg.31;0;3297.24;0.79;0.00;357.82;car;;16;174.00
5521.00;45494495_0;58.90;8.44;4786.00;136.63;-23142338#2_0;5.10;0.00;tripinfo_in_ns_to_os.9;735.00;in_ns_to_os.9;0;1865.82;0.86;0.00;539.93;car;;22;195.00
5522.00;23156305_0;1264.14;9.63;5323.00;412.63;23687583_0;5.10;0.00;tripinfo_in_as_to_gg.25;199.00;in_as_to_gg.25;0;1600.87;0.97;0.00;49.50;car;;1;6.00
5523.00;28706217_0;94.10;7.30;4406.00;170.37;23687583_0;5.10;0.00;tripinfo_in_as_to_sl.84;1117.00;in_as_to_sl.84;0;1976.75;1.02;0.00;937.02;car;;31;552.00
5523.00;23156030#6_1;109.07;11.08;4708.00;8.33;-230845886_0;5.10;0.00;tripinfo_in_ba_to_od.9;815.00;in_ba_to_od.9;0;2315.50;1.10;0.00;624.38;car;;13;308.00
5524.00;23142338#2_0;290.21;9.45;5247.00;0.64;-23527526_0;5.10;0.00;tripinfo_out_gj_to_ns.12;277.00;out_gj_to_ns.12;0;2043.79;0.85;0.00;60.33;car;;2;32.00
5525.00;23156030#6_0;109.07;10.17;4580.00;238.65;23687583_0;5.10;0.00;tripinfo_in_as_to_od.20;945.00;in_as_to_od.20;0;2357.31;1.00;0.00;731.06;car;;22;384.00
5526.00;23142338#2_0;290.21;10.95;5277.00;1.44;-23527526_0;5.10;0.00;tripinfo_out_gj_to_ns.14;249.00;out_gj_to_ns.14;0;2043.79;1.07;0.00;75.66;car;;2;20.00
5526.00;972103805_0;116.86;9.95;5394.00;1.90;-23527526_0;5.10;0.00;tripinfo_out_gj_to_ko.4;132.00;out_gj_to_ko.4;0;971.70;0.94;0.00;37.43;car;;2;18.00
5527.00;28706217_0;94.10;8.66;4463.00;1.84;-230845886_0;5.10;0.00;tripinfo_in_ba_to_sl.53;1064.00;in_ba_to_sl.53;0;1934.94;1.07;0.00;895.69;car;;30;532.00
5528.00;972103805_0;116.86;10.65;5402.00;411.40;23687583_0;5.10;0.00;tripinfo_in_as_to_ko.141;126.00;in_as_to_ko.141;0;1102.39;1.01;0.00;27.19;car;;1;12.00
5528.00;23142338#2_0;290.21;10.42;5283.00;0.68;-23527526_0;5.10;0.00;tripinfo_out_gj_to_ns.15;245.00;out_gj_to_ns.15;0;2043.79;1.01;0.00;62.32;car;;1;19.00
5530.00;972103805_0;116.86;11.17;5411.00;412.23;23687583_0;5.10;0.00;tripinfo_in_as_to_ko.142;119.00;in_as_to_ko.142;0;1102.39;1.05;0.00;23.41;car;;1;8.00
5530.00;23142338#2_0;290.21;10.99;5175.00;2.71;-23156305_0;5.10;0.00;tripinfo_out_gg_to_ns.1;355.00;out_gg_to_ns.1;0;2927.39;0.99;0.00;86.96;car;;3;31.00
5530.00;41899283#1_0;148.70;8.59;5365.00;0.29;-28716808#1_0;5.10;0.00;tripinfo_out_kl_to_as.2;165.00;out_kl_to_as.2;0;1233.18;0.85;0.00;33.13;car;;1;17.00
5532.00;28716808#1_0;754.74;10.74;5390.00;404.75;23687583_0;5.10;0.00;tripinfo_in_as_to_kl.26;142.00;in_as_to_kl.26;0;1207.92;1.08;0.00;40.46;car;;1;6.00
5533.00;28706217_0;94.10;8.56;5024.00;206.40;-23142338#2_0;5.10;0.00;tripinfo_in_ns_to_sl.13;509.00;in_ns_to_sl.13;0;1619.36;1.06;0.00;355.46;car;;14;175.00
5533.00;972103805_0;116.86;11.73;5080.00;216.65;-23142338#2_0;5.10;0.00;tripinfo_in_ns_to_ko.250;453.00;in_ns_to_ko.250;0;1398.55;1.09;0.00;337.15;car;;17;160.00
5539.00;23142338#2_0;290.21;11.43;5220.00;352.96;23687583_0;5.10;0.00;tripinfo_in_as_to_ns.79;319.00;in_as_to_ns.79;0;1995.73;1.13;0.00;158.00;car;;5;82.00
5540.00;45494495_0;58.90;11.83;5022.00;2.27;-23527526_0;5.10;0.00;tripinfo_out_gj_to_os.0;518.00;out_gj_to_os.0;0;2036.16;1.14;0.00;356.36;car;;8;62.00
5547.00;972103805_0;116.86;11.85;5084.00;209.28;-23142338#2_0;5.10;0.00;tripinfo_in_ns_to_ko.251;463.00;in_ns_to_ko.251;0;1398.55;1.07;0.00;344.22;car;;17;163.00
5547.00;41899283#1_0;148.70;11.00;5483.00;0.14;-23527526_0;5.10;0.00;tripinfo_out_gj_to_as.9;64.00;out_gj_to_as.9;0;633.70;1.04;0.00;7.91;car;;0;0.00
5552.00;23142338#2_0;290.21;9.64;5294.00;0.72;-23527526_0;5.10;0.00;tripinfo_out_gj_to_ns.16;258.00;out_gj_to_ns.16;0;2043.79;0.91;0.00;55.59;car;;3;23.00
5553.00;972103805_0;116.86;12.28;5424.00;414.60;23687583_0;5.10;0.00;tripinfo_in_as_to_ko.143;129.00;in_as_to_ko.143;0;1102.39;1.11;0.00;38.96;car;;1;16.00
5554.00;28706217_0;94.10;7.47;4487.00;13.97;-230845886_0;5.10;0.00;tripinfo_in_ba_to_sl.54;1067.00;in_ba_to_sl.54;0;1934.94;0.97;0.00;880.71;car;;32;522.00
5554.00;23142338#2_0;290.21;11.61;5299.00;0.79;-23527526_0;5.10;0.00;tripinfo_out_gj_to_ns.17;255.00;out_gj_to_ns.17;0;2043.79;1.11;0.00;88.57;car;;3;19.00
5556.00;23142338#2_0;290.21;11.41;5313.00;0.28;-23527526_0;5.10;0.00;tripinfo_out_gj_to_ns.18;243.00;out_gj_to_ns.18;0;2043.79;1.10;0.00;74.79;car;;3;18.00
5557.00;972103805_0;116.86;10.63;5217.00;3.96;-23156305_0;5.10;0.00;tripinfo_out_gg_to_ko.1;340.00;out_gg_to_ko.1;0;2416.59;1.06;0.00;132.16;car;;3;76.00
5558.00;28706217_0;94.10;7.53;4498.00;17.49;-230845886_0;5.10;0.00;tripinfo_in_ba_to_sl.55;1060.00;in_ba_to_sl.55;0;1934.94;0.92;0.00;863.33;car;;29;500.00
5558.00;41899283#1_0;148.70;10.55;5282.00;0.28;-23156390_0;5.10;0.00;tripinfo_out_br_to_as.1;276.00;out_br_to_as.1;0;2020.44;1.02;0.00;96.77;car;;2;43.00
5559.00;972103805_0;116.86;10.66;5215.00;0.26;-23156390_0;5.10;0.00;tripinfo_out_br_to_ko.0;344.00;out_br_to_ko.0;0;2703.95;0.99;0.00;96.55;car;;3;11.00
5560.00;23156030#6_0;109.07;10.54;5018.00;201.67;-23142338#2_0;5.10;0.00;tripinfo_in_ns_to_od.6;542.00;in_ns_to_od.6;0;2005.01;1.01;0.00;351.86;car;;16;175.00
5564.00;972103805_0;116.86;10.24;5087.00;209.90;-23142338#2_0;5.10;0.00;tripinfo_in_ns_to_ko.252;477.00;in_ns_to_ko.252;0;1398.55;1.03;0.00;353.81;car;;19;171.00
5569.00;41899283#1_0;148.70;10.58;5500.00;0.55;-23527526_0;5.10;0.00;tripinfo_out_gj_to_as.10;69.00;out_gj_to_as.10;0;633.70;0.96;0.00;7.57;car;;0;0.00
5570.00;41899283#1_0;148.70;11.40;5503.00;2.83;-23527526_0;5.10;0.00;tripinfo_out_gj_to_as.11;67.00;out_gj_to_as.11;0;633.70;1.12;0.00;14.87;car;;0;0.00
5571.00;230845886_0;633.12;8.48;5387.00;416.51;23687583_0;5.10;0.00;tripinfo_in_as_to_ba.63;184.00;in_as_to_ba.63;0;1356.50;0.80;0.00;30.61;car;;2;8.00
5573.00;230845886_0;633.12;10.05;4990.00;210.88;-23142338#2_0;5.10;0.00;tripinfo_in_ns_to_ba.20;583.00;in_ns_to_ba.20;0;2340.42;0.96;0.00;364.95;car;;15;175.00
5574.00;23142338#2_0;290.21;10.52;5325.00;0.32;-23527526_0;5.10;0.00;tripinfo_out_gj_to_ns.19;249.00;out_gj_to_ns.19;0;2043.79;1.02;0.00;67.89;car;;2;25.00
5575.00;230845886_0;633.12;9.87;5408.00;414.56;23687583_0;5.10;0.00;tripinfo_in_as_to_ba.64;167.00;in_as_to_ba.64;0;1356.50;0.99;0.00;44.04;car;;2;14.00
5575.00;41899283#1_0;148.70;9.37;5279.00;0.80;-23156390_0;5.10;0.00;tripinfo_out_br_to_as.0;296.00;out_br_to_as.0;0;2020.44;0.89;0.00;89.34;car;;3;49.00
5577.00;230845886_0;633.12;11.51;5226.00;0.10;-23156305_0;5.10;0.00;tripinfo_out_gg_to_ba.3;351.00;out_gg_to_ba.3;0;2288.16;1.13;0.00;168.46;car;;5;94.00
5578.00;45494495_0;58.90;9.54;5016.00;338.84;23687583_0;5.10;0.00;tripinfo_in_as_to_os.75;562.00;in_as_to_os.75;0;1689.77;0.88;0.00;388.72;car;;14;73.00
5579.00;230845886_0;633.12;11.30;5435.00;420.00;23687583_0;5.10;0.00;tripinfo_out_as_to_ba.0;144.00;out_as_to_ba.0;0;1356.50;1.04;0.00;26.48;car;;1;5.00
5580.00;45494495_0;58.90;9.98;5033.00;2.97;-23527526_0;5.10;0.00;tripinfo_out_gj_to_os.1;547.00;out_gj_to_os.1;0;2036.16;0.91;0.00;345.22;car;;15;61.00
5581.00;230845886_0;633.12;11.99;5051.00;190.11;-23142338#2_0;5.10;0.00;tripinfo_in_ns_to_ba.21;530.00;in_ns_to_ba.21;0;2340.42;1.13;0.00;342.38;car;;14;158.00
5581.00;23156305_0;1264.14;10.36;5415.00;410.93;23687583_0;5.10;0.00;tripinfo_in_as_to_gg.26;166.00;in_as_to_gg.26;0;1600.87;0.94;0.00;12.52;car;;0;0.00
5581.00;23142338#2_0;290.21;9.53;5333.00;3.12;-23527526_0;5.10;0.00;tripinfo_out_gj_to_ns.20;248.00;out_gj_to_ns.20;0;2043.79;0.92;0.00;47.73;car;;2;18.00
5583.00;23142338#2_0;290.21;10.31;5262.00;388.16;23687583_0;5.10;0.00;tripinfo_in_as_to_ns.80;321.00;in_as_to_ns.80;0;1995.73;0.96;0.00;132.37;car;;5;58.00
5583.00;45494495_0;58.90;9.34;5069.00;0.30;-230845886_0;5.10;0.00;tripinfo_out_ba_to_os.2;514.00;out_ba_to_os.2;0;1647.96;0.86;0.00;340.92;car;;11;61.00
5583.00;972103805_0;116.86;11.64;5427.00;0.98;-23527526_0;5.10;0.00;tripinfo_out_gj_to_ko.5;156.00;out_gj_to_ko.5;0;971.70;1.08;0.00;74.60;car;;4;40.00
5585.00;28706217_0;94.10;7.64;4587.00;2.85;-230845886_0;5.10;0.00;tripinfo_in_ba_to_sl.57;998.00;in_ba_to_sl.57;0;1934.94;0.93;0.00;804.63;car;;29;477.00
5585.00;45494495_0;58.90;12.81;5031.00;0.74;-230845886_0;5.10;0.00;tripinfo_out_ba_to_os.0;554.00;out_ba_to_os.0;0;1647.96;1.25;0.00;434.10;car;;18;150.00
5585.00;23142338#2_0;290.21;11.50;5338.00;0.92;-23527526_0;5.10;0.00;tripinfo_out_gj_to_ns.21;247.00;out_gj_to_ns.21;0;2043.79;1.07;0.00;74.71;car;;2;36.00
5587.00;28706217_0;94.10;8.15;4612.00;0.37;-230845886_0;5.10;0.00;tripinfo_in_ba_to_sl.58;975.00;in_ba_to_sl.58;0;1934.94;1.11;0.00;812.48;car;;31;476.00
5587.00;23156390_0;1121.44;8.19;5360.00;402.28;23687583_0;5.10;0.00;tripinfo_in_as_to_br.25;227.00;in_as_to_br.25;0;1694.48;0.79;0.00;32.56;car;;1;5.00
5587.00;45494495_0;58.90;11.47;5020.00;0.34;-23156390_0;5.10;0.00;tripinfo_out_br_to_os.0;567.00;out_br_to_os.0;0;2237.62;1.07;0.00;376.54;car;;8;54.00
5589.00;45494495_0;58.90;10.85;5034.00;1.16;-230845886_0;5.10;0.00;tripinfo_out_ba_to_os.1;555.00;out_ba_to_os.1;0;1647.96;1.01;0.00;407.21;car;;15;135.00
5591.00;45494495_0;58.90;12.00;5065.00;0.47;-28716808#1_0;5.10;0.00;tripinfo_out_kl_to_os.0;526.00;out_kl_to_os.0;0;1989.49;1.15;0.00;369.56;car;;10;47.00
5594.00;45494495_0;58.90;9.72;5070.00;0.81;-28716808#1_0;5.10;0.00;tripinfo_out_kl_to_os.1;524.00;out_kl_to_os.1;0;1989.49;0.93;0.00;331.08;car;;7;34.00
5594.00;230845886_0;633.12;8.81;5441.00;367.50;23687583_0;5.10;0.00;tripinfo_out_as_to_ba.1;153.00;out_as_to_ba.1;0;1356.50;0.90;0.00;17.47;car;;0;0.00
5596.00;230845886_0;633.12;10.98;5450.00;316.14;23687583_0;5.10;0.00;tripinfo_out_as_to_ba.2;146.00;out_as_to_ba.2;0;1356.50;1.08;0.00;32.20;car;;0;0.00
5596.00;45494495_0;58.90;9.00;5482.00;0.76;803785575#0_0;5.10;0.00;tripinfo_out_od_to_os.6;114.00;out_od_to_os.6;0;969.96;0.88;0.00;15.12;car;;1;2.00
5597.00;230845886_0;633.12;11.99;5453.00;317.05;23687583_0;5.10;0.00;tripinfo_out_as_to_ba.3;144.00;out_as_to_ba.3;0;1356.50;1.14;0.00;36.90;car;;0;0.00
5598.00;23156390_0;1121.44;9.90;5393.00;405.83;23687583_0;5.10;0.00;tripinfo_in_as_to_br.26;205.00;in_as_to_br.26;0;1694.48;0.92;0.00;38.41;car;;1;5.00
5598.00;45494495_0;58.90;10.08;5494.00;2.76;803785575#0_0;5.10;0.00;tripinfo_out_od_to_os.7;104.00;out_od_to_os.7;0;969.96;0.95;0.00;12.02;car;;0;0.00
5602.00;23142338#2_0;290.21;8.74;5373.00;0.40;803785575#0_0;5.10;0.00;tripinfo_out_od_to_ns.3;229.00;out_od_to_ns.3;0;1928.29;0.89;0.00;21.79;car;;0;0.00
5602.00;45494495_0;58.90;8.42;5469.00;0.20;803785575#0_0;5.10;0.00;tripinfo_out_od_to_os.5;133.00;out_od_to_os.5;0;969.96;0.83;0.00;27.69;car;;1;6.00
5603.00;972103805_0;116.86;8.37;5109.00;214.17;-23142338#2_0;5.10;0.00;tripinfo_in_ns_to_ko.253;494.00;in_ns_to_ko.253;0;1398.55;0.80;0.00;336.22;car;;16;184.00
5604.00;45494495_0;58.90;11.56;5502.00;0.18;803785575#0_0;5.10;0.00;tripinfo_out_od_to_os.8;102.00;out_od_to_os.8;0;969.96;1.05;0.00;18.06;car;;0;0.00
5605.00;972103805_0;116.86;10.10;5113.00;211.70;-23142338#2_0;5.10;0.00;tripinfo_in_ns_to_ko.254;492.00;in_ns_to_ko.254;0;1398.55;0.93;0.00;356.25;car;;15;175.00
5606.00;45494495_0;58.90;11.59;5034.00;328.81;23687583_0;5.10;0.00;tripinfo_in_as_to_os.76;572.00;in_as_to_os.76;0;1689.77;1.08;0.00;430.30;car;;11;85.00
5610.00;45494495_0;58.90;9.98;5050.00;0.94;-23156305_0;5.10;0.00;tripinfo_out_gg_to_os.0;560.00;out_gg_to_os.0;0;2621.43;0.93;0.00;305.78;car;;4;25.00
5611.00;45494495_0;58.90;10.98;5078.00;350.13;23687583_0;5.10;0.00;tripinfo_in_as_to_os.77;533.00;in_as_to_os.77;0;1689.77;1.00;0.00;380.26;car;;7;65.00
5612.00;28706217_0;94.10;7.52;4480.00;190.51;23687583_0;5.10;0.00;tripinfo_in_as_to_sl.85;1132.00;in_as_to_sl.85;0;1976.75;1.05;0.00;957.55;car;;36;555.00
5612.00;23142338#2_0;290.21;9.07;5372.00;411.37;23687583_0;5.10;0.00;tripinfo_in_as_to_ns.81;240.00;in_as_to_ns.81;0;1995.73;0.87;0.00;32.37;car;;1;6.00
5614.00;23142338#2_0;290.21;11.42;5376.00;412.98;23687583_0;5.10;0.00;tripinfo_in_as_to_ns.82;238.00;in_as_to_ns.82;0;1995.73;1.11;0.00;73.63;car;;1;6.00
5615.00;28706217_0;94.10;7.77;4581.00;0.45;-230845886_0;5.10;0.00;tripinfo_in_ba_to_sl.56;1034.00;in_ba_to_sl.56;0;1934.94;0.99;0.00;851.55;car;;37;489.00
5616.00;23142338#2_0;290.21;8.99;5343.00;0.25;-23527526_0;5.10;0.00;tripinfo_out_gj_to_ns.22;273.00;out_gj_to_ns.22;0;2043.79;0.91;0.00;70.91;car;;2;40.00
5618.00;23142338#2_0;290.21;9.50;5371.00;0.13;-23527526_0;5.10;0.00;tripinfo_out_gj_to_ns.23;247.00;out_gj_to_ns.23;0;2043.79;0.94;0.00;49.85;car;;1;11.00
5621.00;28706217_0;94.10;7.44;4608.00;250.04;23687583_0;5.10;0.00;tripinfo_in_as_to_sl.86;1013.00;in_as_to_sl.86;0;1976.75;1.02;0.00;833.31;car;;40;463.00
5623.00;972103805_0;116.86;9.46;5146.00;222.46;-23142338#2_0;5.10;0.00;tripinfo_in_ns_to_ko.255;477.00;in_ns_to_ko.255;0;1398.55;0.96;0.00;346.26;car;;17;166.00
5626.00;972103805_0;116.86;11.20;5149.00;215.40;-23142338#2_0;5.10;0.00;tripinfo_in_ns_to_ko.256;477.00;in_ns_to_ko.256;0;1398.55;1.02;0.00;352.89;car;;15;176.00
5627.00;41899283#1_0;148.70;12.55;5383.00;0.05;803785575#0_0;5.10;0.00;tripinfo_out_od_to_as.3;244.00;out_od_to_as.3;0;2382.09;1.17;0.00;59.00;car;;1;8.00
5629.00;972103805_0;116.86;9.65;5152.00;214.56;-23142338#2_0;5.10;0.00;tripinfo_in_ns_to_ko.257;477.00;in_ns_to_ko.257;0;1398.55;0.92;0.00;339.89;car;;16;163.00
5631.00;972103805_0;116.86;11.01;5156.00;209.98;-23142338#2_0;5.10;0.00;tripinfo_in_ns_to_ko.258;475.00;in_ns_to_ko.258;0;1398.55;1.08;0.00;357.46;car;;16;155.00
5634.00;41899283#1_0;148.70;8.71;5458.00;0.58;-28716808#1_0;5.10;0.00;tripinfo_out_kl_to_as.3;176.00;out_kl_to_as.3;0;1233.18;0.89;0.00;50.30;car;;3;24.00
5635.00;41899283#1_0;148.70;11.47;5400.00;0.08;803785575#0_0;5.10;0.00;tripinfo_out_od_to_as.5;235.00;out_od_to_as.5;0;2382.09;1.11;0.00;40.70;car;;1;4.00
5636.00;23142338#2_0;290.21;9.68;5379.00;0.32;-23527526_0;5.10;0.00;tripinfo_out_gj_to_ns.24;257.00;out_gj_to_ns.24;0;2043.79;0.98;0.00;67.76;car;;2;28.00
5638.00;23142338#2_0;290.21;11.33;5399.00;409.92;23687583_0;5.10;0.00;tripinfo_in_as_to_ns.83;239.00;in_as_to_ns.83;0;1995.73;1.03;0.00;63.20;car;;3;28.00
5639.00;41899283#1_0;148.70;12.37;5467.00;2.82;-28716808#1_0;5.10;0.00;tripinfo_out_kl_to_as.4;172.00;out_kl_to_as.4;0;1233.18;1.12;0.00;71.17;car;;2;40.00
5640.00;23142338#2_0;290.21;10.72;5405.00;414.21;23687583_0;5.10;0.00;tripinfo_in_as_to_ns.84;235.00;in_as_to_ns.84;0;1995.73;1.02;0.00;56.84;car;;3;20.00
5640.00;45494495_0;58.90;9.69;5146.00;0.65;-28716808#1_0;5.10;0.00;tripinfo_out_kl_to_os.2;494.00;out_kl_to_os.2;0;1989.49;0.94;0.00;301.49;car;;5;19.00
5645.00;28706217_0;94.10;7.57;4705.00;9.75;-230845886_0;5.10;0.00;tripinfo_in_ba_to_sl.59;940.00;in_ba_to_sl.59;0;1934.94;0.94;0.00;748.91;car;;24;433.00
5645.00;972103805_0;116.86;10.33;5415.00;2.57;-28716808#1_0;5.10;0.00;tripinfo_out_kl_to_ko.4;230.00;out_kl_to_ko.4;0;1927.03;0.94;0.00;45.05;car;;2;18.00
5647.00;28706217_0;94.10;6.99;4741.00;272.45;23687583_0;5.10;0.00;tripinfo_in_as_to_sl.87;906.00;in_as_to_sl.87;0;1976.75;0.99;0.00;720.04;car;;23;374.00
5647.00;972103805_0;116.86;12.33;5267.00;0.92;-23156390_0;5.10;0.00;tripinfo_out_br_to_ko.1;380.00;out_br_to_ko.1;0;2703.95;1.11;0.00;159.24;car;;4;81.00
5649.00;230845886_0;633.12;6.88;5309.00;0.85;803785575#0_0;5.10;0.00;tripinfo_out_od_to_ba.1;340.00;out_od_to_ba.1;0;2382.14;0.70;0.00;33.35;car;;0;0.00
5650.00;41899283#1_0;148.70;10.21;5580.00;0.42;-23527526_0;5.10;0.00;tripinfo_out_gj_to_as.12;70.00;out_gj_to_as.12;0;633.70;0.96;0.00;9.62;car;;0;0.00
5651.00;230845886_0;633.12;11.34;5466.00;286.21;23687583_0;5.10;0.00;tripinfo_out_as_to_ba.4;185.00;out_as_to_ba.4;0;1356.50;1.13;0.00;76.58;car;;2;5.00
5653.00;230845886_0;633.12;9.27;5229.00;1.67;-23156305_0;5.10;0.00;tripinfo_out_gg_to_ba.4;424.00;out_gg_to_ba.4;0;2288.16;0.89;0.00;192.25;car;;6;117.00
5654.00;28706217_0;94.10;6.89;4918.00;1.63;-230845886_0;5.10;0.00;tripinfo_in_ba_to_sl.63;736.00;in_ba_to_sl.63;0;1934.94;0.86;0.00;525.56;car;;14;250.00
5654.00;972103805_0;116.86;10.61;5173.00;211.70;-23142338#2_0;5.10;0.00;tripinfo_in_ns_to_ko.259;481.00;in_ns_to_ko.259;0;1398.55;1.00;0.00;355.12;car;;17;171.00
5655.00;230845886_0;633.12;9.35;5469.00;289.21;23687583_0;5.10;0.00;tripinfo_out_as_to_ba.5;186.00;out_as_to_ba.5;0;1356.50;0.95;0.00;57.73;car;;1;3.00
5656.00;972103805_0;116.86;10.78;5177.00;212.94;-23142338#2_0;5.10;0.00;tripinfo_in_ns_to_ko.260;479.00;in_ns_to_ko.260;0;1398.55;1.04;0.00;357.68;car;;17;177.00
5657.00;230845886_0;633.12;10.36;5326.00;1.64;-23156390_0;5.10;0.00;tripinfo_out_br_to_ba.0;331.00;out_br_to_ba.0;0;1904.35;0.97;0.00;153.22;car;;3;78.00
5659.00;23142338#2_0;290.21;9.06;5241.00;0.01;-230845886_0;5.10;0.00;tripinfo_out_ba_to_ns.0;418.00;out_ba_to_ns.0;0;2346.36;0.90;0.00;181.63;car;;2;117.00
5659.00;230845886_0;633.12;11.66;5438.00;0.07;-23527526_0;5.10;0.00;tripinfo_out_gj_to_ba.12;221.00;out_gj_to_ba.12;0;1702.89;1.07;0.00;76.51;car;;2;9.00
5661.00;23142338#2_0;290.21;9.33;5248.00;0.71;-23156390_0;5.10;0.00;tripinfo_out_br_to_ns.1;413.00;out_br_to_ns.1;0;2936.02;0.95;0.00;133.93;car;;2;50.00
5662.00;972103805_0;116.86;8.58;5199.00;227.82;-23142338#2_0;5.10;0.00;tripinfo_in_ns_to_ko.261;463.00;in_ns_to_ko.261;0;1398.55;0.84;0.00;313.71;car;;14;155.00
5663.00;23142338#2_0;290.21;12.35;5421.00;413.45;23687583_0;5.10;0.00;tripinfo_out_as_to_ns.0;242.00;out_as_to_ns.0;0;1995.73;1.20;0.00;90.28;car;;3;35.00
5666.00;230845886_0;633.12;9.58;5461.00;2.79;-23527526_0;5.10;0.00;tripinfo_out_gj_to_ba.13;205.00;out_gj_to_ba.13;0;1702.89;0.87;0.00;26.43;car;;0;0.00
5669.00;23142338#2_0;290.21;10.00;5382.00;0.43;-23527526_0;5.10;0.00;tripinfo_out_gj_to_ns.25;287.00;out_gj_to_ns.25;0;2043.79;0.97;0.00;97.09;car;;4;53.00
5670.00;230845886_0;633.12;8.96;5505.00;259.13;23687583_0;5.10;0.00;tripinfo_out_as_to_ba.6;165.00;out_as_to_ba.6;0;1356.50;0.91;0.00;30.05;car;;1;8.00
5671.00;23142338#2_0;290.21;10.87;5432.00;419.16;23687583_0;5.10;0.00;tripinfo_out_as_to_ns.1;239.00;out_as_to_ns.1;0;1995.73;1.02;0.00;60.47;car;;3;21.00
5672.00;41899283#1_0;148.70;8.37;5390.00;0.38;803785575#0_0;5.10;0.00;tripinfo_out_od_to_as.4;282.00;out_od_to_as.4;0;2382.09;0.83;0.00;22.63;car;;0;0.00
5672.00;230845886_0;633.12;11.35;5491.00;0.21;-23527526_0;5.10;0.00;tripinfo_out_gj_to_ba.14;181.00;out_gj_to_ba.14;0;1702.89;1.05;0.00;34.02;car;;1;3.00
5673.00;23156030#6_0;109.07;10.93;5016.00;1.29;-230845886_0;5.10;0.00;tripinfo_out_ba_to_od.1;657.00;out_ba_to_od.1;0;2315.50;1.02;0.00;451.69;car;;17;181.00
5674.00;230845886_0;633.12;11.88;5119.00;203.82;-23142338#2_0;5.10;0.00;tripinfo_in_ns_to_ba.22;555.00;in_ns_to_ba.22;0;2340.42;1.14;0.00;369.75;car;;17;172.00
5674.00;972103805_0;116.86;11.13;5454.00;0.08;-28716808#1_0;5.10;0.00;tripinfo_out_kl_to_ko.5;220.00;out_kl_to_ko.5;0;1927.03;1.03;0.00;50.48;car;;2;20.00
5676.00;230845886_0;633.12;11.09;5508.00;257.60;23687583_0;5.10;0.00;tripinfo_out_as_to_ba.7;168.00;out_as_to_ba.7;0;1356.50;1.11;0.00;56.79;car;;4;13.00
5677.00;28706217_0;94.10;7.02;4776.00;295.95;23687583_0;5.10;0.00;tripinfo_in_as_to_sl.88;901.00;in_as_to_sl.88;0;1976.75;0.87;0.00;689.06;car;;22;365.00
5678.00;23156030#6_0;109.07;9.24;4970.00;1.32;-230845886_0;5.10;0.00;tripinfo_in_ba_to_od.10;708.00;in_ba_to_od.10;0;2315.50;0.91;0.00;477.34;car;;20;200.00
5679.00;28706217_0;94.10;8.11;4848.00;1.49;-230845886_0;5.10;0.00;tripinfo_in_ba_to_sl.60;831.00;in_ba_to_sl.60;0;1934.94;1.06;0.00;661.95;car;;19;331.00
5680.00;23156030#6_0;109.07;9.60;5013.00;1.55;-230845886_0;5.10;0.00;tripinfo_out_ba_to_od.0;667.00;out_ba_to_od.0;0;2315.50;0.96;0.00;449.41;car;;16;161.00
5681.00;28706217_0;94.10;8.43;4808.00;277.25;23687583_0;5.10;0.00;tripinfo_in_as_to_sl.89;873.00;in_as_to_sl.89;0;1976.75;1.02;0.00;692.99;car;;18;321.00
5684.00;45494495_0;58.90;10.26;5112.00;0.91;-23156305_0;5.10;0.00;tripinfo_out_gg_to_os.1;572.00;out_gg_to_os.1;0;2621.43;0.99;0.00;333.48;car;;5;34.00
5687.00;45494495_0;58.90;9.76;4993.00;200.02;-23142338#2_0;5.10;0.00;tripinfo_in_ns_to_os.10;694.00;in_ns_to_os.10;0;1865.82;0.94;0.00;513.09;car;;17;181.00
5688.00;972103805_0;116.86;8.63;5205.00;214.30;-23142338#2_0;5.10;0.00;tripinfo_in_ns_to_ko.262;483.00;in_ns_to_ko.262;0;1398.55;0.83;0.00;331.95;car;;16;169.00
5688.00;45494495_0;58.90;10.22;5559.00;0.80;803785575#0_0;5.10;0.00;tripinfo_out_od_to_os.9;129.00;out_od_to_os.9;0;969.96;0.97;0.00;38.78;car;;3;14.00
5690.00;972103805_0;116.86;9.86;5211.00;215.41;-23142338#2_0;5.10;0.00;tripinfo_in_ns_to_ko.263;479.00;in_ns_to_ko.263;0;1398.55;0.93;0.00;343.64;car;;15;164.00
5690.00;41899283#1_0;148.70;8.17;5606.00;3.12;-23527526_0;5.10;0.00;tripinfo_out_gj_to_as.13;84.00;out_gj_to_as.13;0;633.70;0.79;0.00;10.63;car;;0;0.00
5691.00;230845886_0;633.12;10.35;5523.00;251.40;23687583_0;5.10;0.00;tripinfo_out_as_to_ba.8;168.00;out_as_to_ba.8;0;1356.50;1.02;0.00;47.46;car;;2;12.00
5692.00;972103805_0;116.86;11.63;5228.00;232.40;-23142338#2_0;5.10;0.00;tripinfo_in_ns_to_ko.264;464.00;in_ns_to_ko.264;0;1398.55;1.07;0.00;345.64;car;;15;150.00
5692.00;41899283#1_0;148.70;9.55;5614.00;0.71;-23527526_0;5.10;0.00;tripinfo_out_gj_to_as.14;78.00;out_gj_to_as.14;0;633.70;0.96;0.00;17.06;car;;0;0.00
5694.00;45494495_0;58.90;11.23;5212.00;0.35;-230845886_0;5.10;0.00;tripinfo_out_ba_to_os.3;482.00;out_ba_to_os.3;0;1647.96;1.05;0.00;340.38;car;;3;25.00
5694.00;41899283#1_0;148.70;11.87;5365.00;2.84;-230845886_0;5.10;0.00;tripinfo_out_ba_to_as.6;329.00;out_ba_to_as.6;0;1430.78;1.08;0.00;208.69;car;;4;154.00
5695.00;41899283#1_0;148.70;13.23;5338.00;0.94;-230845886_0;5.10;0.00;tripinfo_out_ba_to_as.5;357.00;out_ba_to_as.5;0;1430.78;1.19;0.00;248.43;car;;6;174.00
5697.00;45494495_0;58.90;10.42;5170.00;0.53;-28716808#1_0;5.10;0.00;tripinfo_out_kl_to_os.3;527.00;out_kl_to_os.3;0;1989.49;0.99;0.00;344.84;car;;6;38.00
5697.00;41899283#1_0;148.70;12.24;5377.00;0.59;-230845886_0;5.10;0.00;tripinfo_out_ba_to_as.7;320.00;out_ba_to_as.7;0;1430.78;1.16;0.00;208.59;car;;5;152.00
5698.00;23142338#2_0;290.21;9.71;5438.00;373.87;23687583_0;5.10;0.00;tripinfo_out_as_to_ns.2;260.00;out_as_to_ns.2;0;1995.73;0.94;0.00;67.27;car;;2;34.00
5700.00;23142338#2_0;290.21;12.06;5397.00;3.14;-23527526_0;5.10;0.00;tripinfo_out_gj_to_ns.26;303.00;out_gj_to_ns.26;0;2043.79;1.16;0.00;142.69;car;;5;82.00
5701.00;45494495_0;58.90;10.91;5167.00;367.64;23687583_0;5.10;0.00;tripinfo_in_as_to_os.78;534.00;in_as_to_os.78;0;1689.77;0.99;0.00;379.32;car;;9;67.00
5701.00;23156390_0;1121.44;9.44;5054.00;192.50;-23142338#2_0;5.10;0.00;tripinfo_in_ns_to_br.11;647.00;in_ns_to_br.11;0;2792.05;0.92;0.00;372.64;car;;20;185.00
5702.00;28706217_0;94.10;8.90;4901.00;0.29;-230845886_0;5.10;0.00;tripinfo_in_ba_to_sl.61;801.00;in_ba_to_sl.61;0;1934.94;1.09;0.00;635.13;car;;15;317.00
5702.00;23142338#2_0;290.21;9.73;5407.00;0.56;-23527526_0;5.10;0.00;tripinfo_out_gj_to_ns.27;295.00;out_gj_to_ns.27;0;2043.79;0.96;0.00;102.99;car;;5;56.00
5702.00;230845886_0;633.12;9.86;5509.00;6.46;-23527526_0;5.10;0.00;tripinfo_out_gj_to_ba.16;193.00;out_gj_to_ba.16;0;1702.89;0.94;0.00;28.75;car;;0;0.00
5703.00;45494495_0;58.90;12.11;5194.00;0.11;-28716808#1_0;5.10;0.00;tripinfo_out_kl_to_os.4;509.00;out_kl_to_os.4;0;1989.49;1.12;0.00;347.12;car;;4;19.00
5703.00;230845886_0;633.12;11.22;5513.00;1.77;-23527526_0;5.10;0.00;tripinfo_out_gj_to_ba.17;190.00;out_gj_to_ba.17;0;1702.89;1.06;0.00;45.25;car;;0;0.00
5704.00;28706217_0;94.10;9.08;4825.00;285.56;23687583_0;5.10;0.00;tripinfo_in_as_to_sl.90;879.00;in_as_to_sl.90;0;1976.75;1.18;0.00;723.25;car;;24;331.00
5704.00;23142338#2_0;290.21;11.01;5413.00;0.16;-23527526_0;5.10;0.00;tripinfo_out_gj_to_ns.28;291.00;out_gj_to_ns.28;0;2043.79;1.01;0.00;107.46;car;;5;49.00
5705.00;45494495_0;58.90;10.59;5046.00;188.28;-23142338#2_0;5.10;0.00;tripinfo_in_ns_to_os.11;659.00;in_ns_to_os.11;0;1865.82;1.02;0.00;492.78;car;;18;164.00
5707.00;23156030#6_1;109.07;9.75;5025.00;2.53;-28716808#1_0;5.10;0.00;tripinfo_out_kl_to_od.0;682.00;out_kl_to_od.0;0;2657.03;0.97;0.00;435.36;car;;14;104.00
5707.00;230845886_0;633.12;9.91;5530.00;251.93;23687583_0;5.10;0.00;tripinfo_out_as_to_ba.9;177.00;out_as_to_ba.9;0;1356.50;1.01;0.00;55.79;car;;2;14.00
5708.00;23156030#6_0;109.07;10.13;5064.00;0.04;-230845886_0;5.10;0.00;tripinfo_out_ba_to_od.2;644.00;out_ba_to_od.2;0;2315.50;0.92;0.00;417.04;car;;18;144.00
5708.00;41899283#1_0;148.70;9.63;5500.00;0.42;-28716808#1_0;5.10;0.00;tripinfo_out_kl_to_as.5;208.00;out_kl_to_as.5;0;1233.18;0.92;0.00;86.84;car;;3;53.00
5711.00;41899283#1_0;148.70;9.39;5503.00;0.51;-28716808#1_0;5.10;0.00;tripinfo_out_kl_to_as.6;208.00;out_kl_to_as.6;0;1233.18;0.93;0.00;87.00;car;;3;52.00
5712.00;23156030#6_0;109.07;9.50;5011.00;0.13;-23156390_0;5.10;0.00;tripinfo_out_br_to_od.0;701.00;out_br_to_od.0;0;2905.16;0.93;0.00;419.27;car;;17;110.00
5712.00;41899283#1_0;148.70;10.95;5417.00;0.83;-230845886_0;5.10;0.00;tripinfo_out_ba_to_as.8;295.00;out_ba_to_as.8;0;1430.78;1.04;0.00;170.06;car;;5;111.00
5716.00;28706217_0;94.10;6.86;4910.00;1.41;-230845886_0;5.10;0.00;tripinfo_in_ba_to_sl.62;806.00;in_ba_to_sl.62;0;1934.94;0.85;0.00;594.14;car;;16;299.00
5725.00;41899283#1_0;148.70;9.76;5478.00;0.40;803785575#0_0;5.10;0.00;tripinfo_out_od_to_as.6;247.00;out_od_to_as.6;0;2382.09;0.96;0.00;21.69;car;;0;0.00
5726.00;23156030#6_1;109.07;12.99;5116.00;0.20;-23527526_0;5.10;0.00;tripinfo_out_gj_to_od.0;610.00;out_gj_to_od.0;0;2703.70;1.18;0.00;402.42;car;;6;43.00
5727.00;28716808#1_0;754.74;11.28;5143.00;220.27;-23142338#2_0;5.10;0.00;tripinfo_in_ns_to_kl.13;584.00;in_ns_to_kl.13;0;2315.58;1.02;0.00;378.13;car;;17;188.00
5727.00;23156030#6_0;109.07;11.37;5109.00;0.80;-230845886_0;5.10;0.00;tripinfo_out_ba_to_od.3;618.00;out_ba_to_od.3;0;2315.50;1.10;0.00;427.78;car;;15;115.00
5727.00;41899283#1_0;148.70;10.61;5488.00;0.91;803785575#0_0;5.10;0.00;tripinfo_out_od_to_as.7;239.00;out_od_to_as.7;0;2382.09;1.06;0.00;35.51;car;;0;0.00
5731.00;23156030#6_0;109.07;11.69;5091.00;0.35;-23156390_0;5.10;0.00;tripinfo_out_br_to_od.1;640.00;out_br_to_od.1;0;2905.16;1.12;0.00;406.24;car;;10;95.00
5731.00;23142338#2_0;290.21;9.58;5472.00;290.92;23687583_0;5.10;0.00;tripinfo_out_as_to_ns.3;259.00;out_as_to_ns.3;0;1995.73;0.88;0.00;53.77;car;;2;22.00
5733.00;23142338#2_0;290.21;11.71;5478.00;273.01;23687583_0;5.10;0.00;tripinfo_out_as_to_ns.4;255.00;out_as_to_ns.4;0;1995.73;1.10;0.00;89.43;car;;2;21.00
5736.00;23142338#2_0;290.21;9.27;5458.00;0.42;-23527526_0;5.10;0.00;tripinfo_out_gj_to_ns.29;278.00;out_gj_to_ns.29;0;2043.79;0.90;0.00;73.29;car;;3;36.00
5736.00;972103805_0;116.86;10.59;5464.00;1.72;-28716808#1_0;5.10;0.00;tripinfo_out_kl_to_ko.6;272.00;out_kl_to_ko.6;0;1927.03;0.99;0.00;95.31;car;;3;60.00
5738.00;230845886_0;633.12;9.14;5485.00;3.30;803785575#0_0;5.10;0.00;tripinfo_out_od_to_ba.2;253.00;out_od_to_ba.2;0;2382.14;0.93;0.00;21.13;car;;0;0.00
5742.00;28706217_0;94.10;5.77;4946.00;15.91;-230845886_0;5.10;0.00;tripinfo_in_ba_to_sl.64;796.00;in_ba_to_sl.64;0;1934.94;0.77;0.00;562.75;car;;18;271.00
5743.00;41899283#1_0;148.70;9.79;5491.00;3.56;803785575#0_0;5.10;0.00;tripinfo_out_od_to_as.8;252.00;out_od_to_as.8;0;2382.09;0.93;0.00;21.50;car;;0;0.00
5744.00;28706217_0;94.10;6.70;4895.00;316.92;23687583_0;5.10;0.00;tripinfo_in_as_to_sl.91;849.00;in_as_to_sl.91;0;1976.75;0.95;0.00;655.31;car;;23;299.00
5746.00;28706217_0;94.10;6.97;4905.00;321.44;23687583_0;5.10;0.00;tripinfo_in_as_to_sl.93;841.00;in_as_to_sl.93;0;1976.75;0.94;0.00;645.35;car;;26;308.00
5748.00;45494495_0;58.90;12.08;5172.00;3.06;-23156305_0;5.10;0.00;tripinfo_out_gg_to_os.2;576.00;out_gg_to_os.2;0;2621.43;1.10;0.00;360.00;car;;6;27.00
5748.00;230845886_0;633.12;9.01;5551.00;179.68;23687583_0;5.10;0.00;tripinfo_out_as_to_ba.10;197.00;out_as_to_ba.10;0;1356.50;0.88;0.00;57.45;car;;2;15.00
5749.00;972103805_0;116.86;10.36;2627.00;71.21;-45494495_0;5.10;0.00;tripinfo_in_os_to_ko.6;3122.00;in_os_to_ko.6;0;2045.29;1.01;0.00;2927.07;car;;22;2776.00
5752.00;45494495_0;58.90;10.02;5194.00;371.80;23687583_0;5.10;0.00;tripinfo_in_as_to_os.79;558.00;in_as_to_os.79;0;1689.77;0.93;0.00;393.74;car;;12;100.00
5753.00;23142338#2_0;290.21;11.49;5481.00;269.63;23687583_0;5.10;0.00;tripinfo_out_as_to_ns.5;272.00;out_as_to_ns.5;0;1995.73;1.05;0.00;98.16;car;;3;38.00
5755.00;23142338#2_0;290.21;10.63;5484.00;255.44;23687583_0;5.10;0.00;tripinfo_out_as_to_ns.6;271.00;out_as_to_ns.6;0;1995.73;1.05;0.00;98.09;car;;4;41.00
5756.00;23156305_0;1264.14;11.12;5076.00;213.18;-23142338#2_0;5.10;0.00;tripinfo_in_ns_to_gg.32;680.00;in_ns_to_gg.32;0;3297.24;1.06;0.00;397.78;car;;18;181.00
5756.00;41899283#1_0;148.70;11.44;5235.00;235.18;-23142338#2_0;5.10;0.00;tripinfo_in_ns_to_as.41;521.00;in_ns_to_as.41;0;2009.37;1.08;0.00;351.88;car;;20;175.00
5756.00;45494495_0;58.90;9.10;5206.00;0.87;-23156390_0;5.10;0.00;tripinfo_out_br_to_os.1;550.00;out_br_to_os.1;0;2237.62;0.82;0.00;302.53;car;;8;37.00
5758.00;45494495_0;58.90;10.19;5197.00;374.73;23687583_0;5.10;0.00;tripinfo_in_as_to_os.80;561.00;in_as_to_os.80;0;1689.77;0.94;0.00;397.63;car;;12;92.00
5759.00;45494495_0;58.90;12.39;5210.00;366.66;23687583_0;5.10;0.00;tripinfo_in_as_to_os.81;549.00;in_as_to_os.81;0;1689.77;1.17;0.00;418.34;car;;8;91.00
5761.00;28706217_0;94.10;8.67;4899.00;320.33;23687583_0;5.10;0.00;tripinfo_in_as_to_sl.92;862.00;in_as_to_sl.92;0;1976.75;1.10;0.00;694.66;car;;25;304.00
5761.00;45494495_0;58.90;12.40;5213.00;367.57;23687583_0;5.10;0.00;tripinfo_in_as_to_os.82;548.00;in_as_to_os.82;0;1689.77;1.12;0.00;411.59;car;;5;83.00
5761.00;23156390_0;1121.44;9.54;5092.00;197.90;-23142338#2_0;5.10;0.00;tripinfo_in_ns_to_br.12;669.00;in_ns_to_br.12;0;2792.05;0.94;0.00;400.75;car;;20;195.00
5761.00;230845886_0;633.12;7.54;5506.00;4.10;-23527526_0;5.10;0.00;tripinfo_out_gj_to_ba.15;255.00;out_gj_to_ba.15;0;1702.89;0.78;0.00;57.55;car;;2;15.00
5763.00;23156030#6_0;109.07;10.84;5104.00;347.66;23687583_0;5.10;0.00;tripinfo_in_as_to_od.23;659.00;in_as_to_od.23;0;2357.31;1.02;0.00;449.29;car;;10;86.00
5763.00;23142338#2_0;290.21;10.04;5494.00;2.09;-23527526_0;5.10;0.00;tripinfo_out_gj_to_ns.30;269.00;out_gj_to_ns.30;0;2043.79;0.93;0.00;69.10;car;;3;34.00
5763.00;230845886_0;633.12;10.55;5521.00;0.65;-23527526_0;5.10;0.00;tripinfo_out_gj_to_ba.18;242.00;out_gj_to_ba.18;0;1702.89;1.04;0.00;93.55;car;;2;16.00
5765.00;23142338#2_0;290.21;9.08;5511.00;258.38;23687583_0;5.10;0.00;tripinfo_out_as_to_ns.7;254.00;out_as_to_ns.7;0;1995.73;0.92;0.00;56.85;car;;2;24.00
5765.00;230845886_0;633.12;9.24;5558.00;150.03;23687583_0;5.10;0.00;tripinfo_out_as_to_ba.11;207.00;out_as_to_ba.11;0;1356.50;0.91;0.00;72.87;car;;3;13.00
5766.00;41899283#1_0;148.70;9.40;5584.00;1.33;-28716808#1_0;5.10;0.00;tripinfo_out_kl_to_as.7;182.00;out_kl_to_as.7;0;1233.18;0.92;0.00;60.54;car;;2;36.00
5767.00;23156030#6_0;109.07;10.45;5060.00;0.49;-23156305_0;5.10;0.00;tripinfo_out_gg_to_od.0;707.00;out_gg_to_od.0;0;3288.97;1.02;0.00;416.74;car;;12;105.00
5767.00;230845886_0;633.12;11.93;5573.00;150.03;23687583_0;5.10;0.00;tripinfo_out_as_to_ba.12;194.00;out_as_to_ba.12;0;1356.50;1.10;0.00;82.34;car;;3;29.00
5768.00;28706217_0;94.10;7.28;4985.00;367.53;23687583_0;5.10;0.00;tripinfo_in_as_to_sl.94;783.00;in_as_to_sl.94;0;1976.75;0.95;0.00;590.03;car;;28;237.00
5769.00;972103805_0;116.86;7.88;5367.00;0.85;-23156390_0;5.10;0.00;tripinfo_out_br_to_ko.2;402.00;out_br_to_ko.2;0;2703.95;0.81;0.00;98.04;car;;3;45.00
5769.00;230845886_0;633.12;9.78;5555.00;3.12;-23527526_0;5.10;0.00;tripinfo_out_gj_to_ba.19;214.00;out_gj_to_ba.19;0;1702.89;0.99;0.00;57.94;car;;2;12.00
5770.00;23156305_0;1264.14;10.52;2861.00;276.10;-45494495_0;5.10;0.00;tripinfo_in_os_to_gg.6;2909.00;in_os_to_gg.6;0;3034.34;1.03;0.00;2640.76;car;;18;2503.00
5770.00;23527526_0;253.75;11.80;5255.00;248.77;-23142338#2_0;5.10;0.00;tripinfo_in_ns_to_gj.22;515.00;in_ns_to_gj.22;0;2084.96;1.14;0.00;348.33;car;;16;175.00
5770.00;28706217_0;94.10;8.59;5050.00;0.78;-28716808#1_0;5.10;0.00;tripinfo_out_kl_to_sl.0;720.00;out_kl_to_sl.0;0;2276.47;1.11;0.00;530.27;car;;21;180.00
5770.00;41899283#1_0;148.70;10.83;5708.00;0.08;-23527526_0;5.10;0.00;tripinfo_out_gj_to_as.15;62.00;out_gj_to_as.15;0;633.70;1.09;0.00;8.42;car;;0;0.00
5771.00;972103805_0;116.86;11.38;5372.00;1.46;-23156390_0;5.10;0.00;tripinfo_out_br_to_ko.3;399.00;out_br_to_ko.3;0;2703.95;1.10;0.00;175.03;car;;4;72.00
5771.00;230845886_0;633.12;10.13;5588.00;139.20;23687583_0;5.10;0.00;tripinfo_out_as_to_ba.14;183.00;out_as_to_ba.14;0;1356.50;0.95;0.00;54.05;car;;3;17.00
5773.00;972103805_0;116.86;9.71;5487.00;0.99;-28716808#1_0;5.10;0.00;tripinfo_out_kl_to_ko.7;286.00;out_kl_to_ko.7;0;1927.03;0.97;0.00;105.23;car;;5;56.00
5777.00;23156030#6_0;109.07;8.53;5084.00;353.25;23687583_0;5.10;0.00;tripinfo_in_as_to_od.22;693.00;in_as_to_od.22;0;2357.31;0.84;0.00;440.77;car;;19;129.00
5777.00;45494495_0;58.90;12.91;5316.00;0.82;-28716808#1_0;5.10;0.00;tripinfo_out_kl_to_os.5;461.00;out_kl_to_os.5;0;1989.49;1.23;0.00;314.30;car;;8;28.00
5778.00;230845886_0;633.12;9.32;5585.00;137.32;23687583_0;5.10;0.00;tripinfo_out_as_to_ba.13;193.00;out_as_to_ba.13;0;1356.50;0.89;0.00;55.23;car;;3;14.00
5780.00;23142338#2_0;290.21;11.25;5540.00;3.47;-23527526_0;5.10;0.00;tripinfo_out_gj_to_ns.31;240.00;out_gj_to_ns.31;0;2043.79;1.12;0.00;74.16;car;;3;39.00
5783.00;23142338#2_0;290.21;10.78;5543.00;5.56;-23527526_0;5.10;0.00;tripinfo_out_gj_to_ns.32;240.00;out_gj_to_ns.32;0;2043.79;1.08;0.00;68.52;car;;3;32.00
5785.00;23156390_0;1121.44;9.75;5168.00;216.71;-23142338#2_0;5.10;0.00;tripinfo_in_ns_to_br.13;617.00;in_ns_to_br.13;0;2792.05;0.94;0.00;348.61;car;;16;162.00
5785.00;23142338#2_0;290.21;10.83;5546.00;6.69;-23527526_0;5.10;0.00;tripinfo_out_gj_to_ns.33;239.00;out_gj_to_ns.33;0;2043.79;1.08;0.00;68.33;car;;3;28.00
5792.00;41899283#1_0;148.70;11.43;5270.00;214.87;-23142338#2_0;5.10;0.00;tripinfo_out_ns_to_as.0;522.00;out_ns_to_as.0;0;2009.37;1.08;0.00;351.77;car;;16;168.00
5793.00;23156030#6_0;109.07;10.87;5093.00;0.26;-23156305_0;5.10;0.00;tripinfo_out_gg_to_od.3;700.00;out_gg_to_od.3;0;3288.97;1.04;0.00;415.05;car;;13;103.00
5794.00;23156030#6_1;109.07;12.22;5115.00;3.11;-23156305_0;5.10;0.00;tripinfo_out_gg_to_od.4;679.00;out_gg_to_od.4;0;3288.97;1.11;0.00;411.50;car;;13;87.00
5795.00;28706217_0;94.10;7.17;5054.00;345.03;23687583_0;5.10;0.00;tripinfo_in_as_to_sl.95;741.00;in_as_to_sl.95;0;1976.75;0.95;0.00;547.30;car;;17;154.00
5797.00;28706217_0;94.10;7.05;5070.00;0.38;-23156390_0;5.10;0.00;tripinfo_out_br_to_sl.0;727.00;out_br_to_sl.0;0;2524.60;1.00;0.00;493.15;car;;18;161.00
5797.00;230845886_0;633.12;10.19;5600.00;95.60;23687583_0;5.10;0.00;tripinfo_out_as_to_ba.15;197.00;out_as_to_ba.15;0;1356.50;1.00;0.00;74.25;car;;3;20.00
5797.00;41899283#1_0;148.70;11.39;5579.00;0.48;803785575#0_0;5.10;0.00;tripinfo_out_od_to_as.9;218.00;out_od_to_as.9;0;2382.09;1.07;0.00;16.55;car;;0;0.00
5799.00;230845886_0;633.12;10.48;5621.00;65.87;23687583_0;5.10;0.00;tripinfo_out_as_to_ba.20;178.00;out_as_to_ba.20;0;1356.50;1.04;0.00;59.53;car;;2;14.00
5804.00;23156030#6_0;109.07;8.19;5067.00;0.15;-23156305_0;5.10;0.00;tripinfo_out_gg_to_od.1;737.00;out_gg_to_od.1;0;3288.97;0.85;0.00;386.52;car;;12;97.00
5804.00;23156030#6_1;109.07;9.80;5070.00;0.19;-23156305_0;5.10;0.00;tripinfo_out_gg_to_od.2;734.00;out_gg_to_od.2;0;3288.97;0.90;0.00;403.02;car;;11;80.00
5804.00;28706217_0;94.10;6.69;5075.00;0.46;-23527526_0;5.10;0.00;tripinfo_out_gj_to_sl.0;729.00;out_gj_to_sl.0;0;2323.14;0.90;0.00;489.66;car;;16;170.00
5804.00;45494495_0;58.90;9.47;5224.00;0.45;-230845886_0;5.10;0.00;tripinfo_out_ba_to_os.4;580.00;out_ba_to_os.4;0;1647.96;0.94;0.00;422.15;car;;9;161.00
5806.00;23156030#6_0;109.07;11.34;5267.00;213.70;-23142338#2_0;5.10;0.00;tripinfo_in_ns_to_od.7;539.00;in_ns_to_od.7;0;2005.01;1.03;0.00;350.98;car;;15;173.00
5806.00;23142338#2_0;290.21;12.94;5552.00;5.57;-23527526_0;5.10;0.00;tripinfo_out_gj_to_ns.34;254.00;out_gj_to_ns.34;0;2043.79;1.21;0.00;101.30;car;;4;48.00
5807.00;230845886_0;633.12;9.94;5606.00;100.49;23687583_0;5.10;0.00;tripinfo_out_as_to_ba.16;201.00;out_as_to_ba.16;0;1356.50;0.98;0.00;75.77;car;;4;20.00
5809.00;45494495_0;58.90;10.04;5340.00;411.51;23687583_0;5.10;0.00;tripinfo_in_as_to_os.83;469.00;in_as_to_os.83;0;1689.77;0.96;0.00;310.80;car;;9;32.00
5809.00;230845886_0;633.12;11.71;5609.00;101.22;23687583_0;5.10;0.00;tripinfo_out_as_to_ba.17;200.00;out_as_to_ba.17;0;1356.50;1.12;0.00;90.68;car;;2;18.00
5811.00;230845886_0;633.12;10.99;5612.00;90.58;23687583_0;5.10;0.00;tripinfo_out_as_to_ba.18;199.00;out_as_to_ba.18;0;1356.50;1.05;0.00;82.13;car;;3;17.00
5814.00;230845886_0;633.12;11.51;5618.00;89.28;23687583_0;5.10;0.00;tripinfo_out_as_to_ba.19;196.00;out_as_to_ba.19;0;1356.50;1.04;0.00;78.09;car;;4;26.00
5815.00;41899283#1_0;148.70;11.34;5745.00;5.33;-23527526_0;5.10;0.00;tripinfo_out_gj_to_as.16;70.00;out_gj_to_as.16;0;633.70;1.07;0.00;15.06;car;;0;0.00
5816.00;230845886_0;633.12;11.12;5640.00;0.29;-23527526_0;5.10;0.00;tripinfo_out_gj_to_ba.20;176.00;out_gj_to_ba.20;0;1702.89;1.09;0.00;34.00;car;;1;5.00
5817.00;45494495_0;58.90;10.02;5347.00;411.07;23687583_0;5.10;0.00;tripinfo_in_as_to_os.84;470.00;in_as_to_os.84;0;1689.77;0.95;0.00;308.91;car;;7;28.00
5818.00;23156030#6_0;109.07;11.37;5205.00;3.28;-230845886_0;5.10;0.00;tripinfo_out_ba_to_od.4;613.00;out_ba_to_od.4;0;2315.50;1.08;0.00;419.76;car;;15;107.00
5819.00;45494495_0;58.90;9.74;5350.00;409.10;23687583_0;5.10;0.00;tripinfo_in_as_to_os.85;469.00;in_as_to_os.85;0;1689.77;0.92;0.00;302.81;car;;8;29.00
5819.00;23142338#2_0;290.21;9.99;5548.00;198.22;23687583_0;5.10;0.00;tripinfo_out_as_to_ns.8;271.00;out_as_to_ns.8;0;1995.73;0.96;0.00;80.67;car;;5;37.00
5821.00;45494495_0;58.90;11.92;5356.00;400.32;23687583_0;5.10;0.00;tripinfo_in_as_to_os.86;465.00;in_as_to_os.86;0;1689.77;1.12;0.00;328.86;car;;8;26.00
5821.00;23156030#6_0;109.07;10.75;5120.00;5.50;-23156305_0;5.10;0.00;tripinfo_out_gg_to_od.5;701.00;out_gg_to_od.5;0;3288.97;1.06;0.00;421.46;car;;8;63.00
5821.00;23142338#2_0;290.21;12.23;5554.00;149.67;23687583_0;5.10;0.00;tripinfo_out_as_to_ns.9;267.00;out_as_to_ns.9;0;1995.73;1.11;0.00;103.56;car;;4;46.00
5822.00;28706217_0;94.10;7.36;5105.00;0.07;-23156390_0;5.10;0.00;tripinfo_out_br_to_sl.1;717.00;out_br_to_sl.1;0;2524.60;1.02;0.00;487.97;car;;17;156.00
5823.00;41899283#1_0;148.70;11.29;5475.00;0.64;-230845886_0;5.10;0.00;tripinfo_out_ba_to_as.9;348.00;out_ba_to_as.9;0;1430.78;1.06;0.00;225.72;car;;8;160.00
5823.00;23142338#2_0;290.21;11.28;5561.00;0.78;-23527526_0;5.10;0.00;tripinfo_out_gj_to_ns.35;262.00;out_gj_to_ns.35;0;2043.79;1.08;0.00;90.02;car;;3;45.00
5824.00;28706217_0;94.10;8.46;5756.00;0.67;803785575#0_0;5.10;0.00;tripinfo_out_od_to_sl.3;68.00;out_od_to_sl.3;0;747.33;1.17;0.00;6.03;car;;0;0.00
5827.00;23156030#6_0;109.07;10.72;5143.00;3.78;-23156305_0;5.10;0.00;tripinfo_out_gg_to_od.6;684.00;out_gg_to_od.6;0;3288.97;1.06;0.00;402.45;car;;6;38.00
5827.00;230845886_0;633.12;9.68;5630.00;43.28;23687583_0;5.10;0.00;tripinfo_out_as_to_ba.21;197.00;out_as_to_ba.21;0;1356.50;0.96;0.00;68.45;car;;4;19.00
5828.00;28706217_0;94.10;8.39;5174.00;0.90;-230845886_0;5.10;0.00;tripinfo_out_ba_to_sl.0;654.00;out_ba_to_sl.0;0;1934.94;1.10;0.00;490.43;car;;19;137.00
5828.00;230845886_0;633.12;10.59;5639.00;44.66;23687583_0;5.10;0.00;tripinfo_out_as_to_ba.22;189.00;out_as_to_ba.22;0;1356.50;1.06;0.00;73.52;car;;4;17.00
5829.00;41899283#1_0;148.70;10.03;5266.00;0.10;-23156305_0;5.10;0.00;tripinfo_out_gg_to_as.1;563.00;out_gg_to_as.1;0;1699.56;0.94;0.00;398.11;car;;8;332.00
5830.00;230845886_0;633.12;11.48;5645.00;23.81;23687583_0;5.10;0.00;tripinfo_out_as_to_ba.23;185.00;out_as_to_ba.23;0;1356.50;1.09;0.00;72.41;car;;3;13.00
5832.00;28706217_0;94.10;7.71;5107.00;341.14;23687583_0;5.10;0.00;tripinfo_in_as_to_sl.96;725.00;in_as_to_sl.96;0;1976.75;1.01;0.00;543.36;car;;20;156.00
5832.00;230845886_0;633.12;10.43;5651.00;12.94;23687583_0;5.10;0.00;tripinfo_out_as_to_ba.24;181.00;out_as_to_ba.24;0;1356.50;1.04;0.00;63.63;car;;2;12.00
5833.00;23156030#6_0;109.07;9.01;5178.00;0.69;-23527526_0;5.10;0.00;tripinfo_out_gj_to_od.1;655.00;out_gj_to_od.1;0;2703.70;0.91;0.00;385.17;car;;12;73.00
5834.00;45494495_0;58.90;10.59;5138.00;220.34;-23142338#2_0;5.10;0.00;tripinfo_in_ns_to_os.12;696.00;in_ns_to_os.12;0;1865.82;0.99;0.00;525.76;car;;25;198.00
5835.00;41899283#1_0;148.70;8.87;5484.00;0.74;-230845886_0;5.10;0.00;tripinfo_out_ba_to_as.10;351.00;out_ba_to_as.10;0;1430.78;0.91;0.00;209.44;car;;7;141.00
5839.00;23156030#6_0;109.07;9.94;5287.00;183.53;-23142338#2_0;5.10;0.00;tripinfo_out_ns_to_od.0;552.00;out_ns_to_od.0;0;2005.01;0.94;0.00;347.20;car;;17;165.00
5843.00;23142338#2_0;290.21;10.83;5564.00;152.21;23687583_0;5.10;0.00;tripinfo_out_as_to_ns.11;279.00;out_as_to_ns.11;0;1995.73;1.04;0.00;103.34;car;;4;52.00
5846.00;230845886_0;633.12;8.86;5654.00;7.75;23687583_0;5.10;0.00;tripinfo_out_as_to_ba.25;192.00;out_as_to_ba.25;0;1356.50;0.85;0.00;48.02;car;;2;11.00
5847.00;41899283#1_0;148.70;11.49;5786.00;0.64;-23527526_0;5.10;0.00;tripinfo_out_gj_to_as.17;61.00;out_gj_to_as.17;0;633.70;1.10;0.00;7.73;car;;0;0.00
5848.00;230845886_0;633.12;10.56;5437.00;0.90;-23156390_0;5.10;0.00;tripinfo_out_br_to_ba.1;411.00;out_br_to_ba.1;0;1904.35;0.96;0.00;231.09;car;;5;179.00
5850.00;28706217_0;94.10;9.04;5189.00;2.67;-230845886_0;5.10;0.00;tripinfo_out_ba_to_sl.1;661.00;out_ba_to_sl.1;0;1934.94;1.17;0.00;507.35;car;;18;168.00
5850.00;23142338#2_0;290.21;9.56;5497.00;0.80;-28716808#1_0;5.10;0.00;tripinfo_out_kl_to_ns.1;353.00;out_kl_to_ns.1;0;2305.34;0.95;0.00;131.56;car;;5;75.00
5852.00;23142338#2_0;290.21;9.62;5561.00;150.58;23687583_0;5.10;0.00;tripinfo_out_as_to_ns.10;291.00;out_as_to_ns.10;0;1995.73;0.97;0.00;102.02;car;;5;39.00
5853.00;23156030#6_0;109.07;11.20;5176.00;1.67;-23156390_0;5.10;0.00;tripinfo_out_br_to_od.2;677.00;out_br_to_od.2;0;2905.16;1.04;0.00;424.07;car;;14;96.00
5853.00;41899283#1_0;148.70;9.65;5564.00;0.49;-230845886_0;5.10;0.00;tripinfo_out_ba_to_as.11;289.00;out_ba_to_as.11;0;1430.78;0.89;0.00;143.57;car;;7;88.00
5854.00;23142338#2_0;290.21;11.69;5570.00;150.57;23687583_0;5.10;0.00;tripinfo_out_as_to_ns.12;284.00;out_as_to_ns.12;0;1995.73;1.08;0.00;114.58;car;;5;38.00
5855.00;41899283#1_0;148.70;13.00;5297.00;175.85;-23142338#2_0;5.10;0.00;tripinfo_out_ns_to_as.2;558.00;out_ns_to_as.2;0;2009.37;1.18;0.00;402.76;car;;21;178.00
5855.00;28706217_0;94.10;8.35;5161.00;2.04;-28716808#1_0;5.10;0.00;tripinfo_out_kl_to_sl.2;694.00;out_kl_to_sl.2;0;2276.47;1.04;0.00;491.98;car;;16;105.00
5856.00;972103805_0;116.86;9.78;5242.00;1.23;-23156305_0;5.10;0.00;tripinfo_out_gg_to_ko.2;614.00;out_gg_to_ko.2;0;2416.59;0.95;0.00;381.17;car;;7;315.00
5857.00;23156030#6_0;109.07;9.47;5165.00;0.99;-23156305_0;5.10;0.00;tripinfo_out_gg_to_od.7;692.00;out_gg_to_od.7;0;3288.97;0.93;0.00;373.22;car;;5;48.00
5858.00;230845886_0;633.12;9.49;5663.00;9.81;23687583_0;5.10;0.00;tripinfo_out_as_to_ba.26;195.00;out_as_to_ba.26;0;1356.50;0.86;0.00;52.54;car;;3;20.00
5860.00;230845886_0;633.12;10.38;5674.00;1.15;23687583_0;5.10;0.00;tripinfo_out_as_to_ba.27;186.00;out_as_to_ba.27;0;1356.50;0.97;0.00;59.72;car;;2;15.00
5861.00;23156030#6_0;109.07;10.01;5169.00;0.55;-23156305_0;5.10;0.00;tripinfo_out_gg_to_od.8;692.00;out_gg_to_od.8;0;3288.97;0.94;0.00;376.26;car;;11;69.00
5862.00;230845886_0;633.12;11.84;5249.00;0.71;-23156305_0;5.10;0.00;tripinfo_out_gg_to_ba.5;613.00;out_gg_to_ba.5;0;2288.16;1.18;0.00;437.30;car;;7;337.00
5866.00;41899283#1_0;148.70;7.73;5292.00;175.73;-23142338#2_0;5.10;0.00;tripinfo_out_ns_to_as.1;574.00;out_ns_to_as.1;0;2009.37;0.76;0.00;332.93;car;;18;159.00
5866.00;28706217_0;94.10;7.55;5332.00;135.03;-23142338#2_0;5.10;0.00;tripinfo_out_ns_to_sl.0;534.00;out_ns_to_sl.0;0;1619.36;1.02;0.00;373.69;car;;20;154.00
5867.00;23156030#6_0;109.07;9.97;5314.00;174.28;-23142338#2_0;5.10;0.00;tripinfo_out_ns_to_od.1;553.00;out_ns_to_od.1;0;2005.01;0.98;0.00;356.44;car;;18;179.00
5868.00;41899283#1_0;148.70;10.81;5323.00;164.71;-23142338#2_0;5.10;0.00;tripinfo_out_ns_to_as.3;545.00;out_ns_to_as.3;0;2009.37;1.12;0.00;381.12;car;;17;162.00
5869.00;23142338#2_0;290.21;8.83;5357.00;0.06;-230845886_0;5.10;0.00;tripinfo_out_ba_to_ns.1;512.00;out_ba_to_ns.1;0;2346.36;0.91;0.00;278.06;car;;6;167.00
5869.00;41899283#1_0;148.70;11.33;5630.00;0.13;-230845886_0;5.10;0.00;tripinfo_out_ba_to_as.13;239.00;out_ba_to_as.13;0;1430.78;1.06;0.00;116.95;car;;4;61.00
5871.00;23142338#2_0;290.21;9.74;5396.00;0.65;-23156390_0;5.10;0.00;tripinfo_out_br_to_ns.2;475.00;out_br_to_ns.2;0;2936.02;0.91;0.00;183.97;car;;5;99.00
5872.00;41899283#1_0;148.70;8.17;5575.00;1.39;-230845886_0;5.10;0.00;tripinfo_out_ba_to_as.12;297.00;out_ba_to_as.12;0;1430.78;0.80;0.00;135.74;car;;5;89.00
5874.00;41899283#1_0;148.70;12.45;5662.00;0.02;-230845886_0;5.10;0.00;tripinfo_out_ba_to_as.14;212.00;out_ba_to_as.14;0;1430.78;1.15;0.00;98.81;car;;4;31.00
5877.00;23156030#6_1;109.07;12.45;5240.00;0.81;-28716808#1_0;5.10;0.00;tripinfo_out_kl_to_od.1;637.00;out_kl_to_od.1;0;2657.03;1.15;0.00;428.84;car;;11;87.00
5877.00;23142338#2_0;290.21;9.82;5579.00;150.23;23687583_0;5.10;0.00;tripinfo_out_as_to_ns.13;298.00;out_as_to_ns.13;0;1995.73;0.97;0.00;110.80;car;;5;49.00
5878.00;41899283#1_0;148.70;11.40;5326.00;148.79;-23142338#2_0;5.10;0.00;tripinfo_out_ns_to_as.4;552.00;out_ns_to_as.4;0;2009.37;1.06;0.00;378.80;car;;17;185.00
5880.00;41899283#1_0;148.70;11.36;5746.00;0.70;-28716808#1_0;5.10;0.00;tripinfo_out_kl_to_as.8;134.00;out_kl_to_as.8;0;1233.18;1.09;0.00;31.22;car;;1;15.00
5881.00;23156030#6_0;109.07;11.10;5181.00;0.59;-23156305_0;5.10;0.00;tripinfo_out_gg_to_od.10;700.00;out_gg_to_od.10;0;3288.97;1.03;0.00;411.96;car;;13;60.00
5882.00;230845886_0;633.12;10.89;5735.00;0.84;23687583_0;5.10;0.00;tripinfo_out_as_to_ba.28;147.00;out_as_to_ba.28;0;1356.50;1.04;0.00;29.85;car;;0;0.00
5884.00;28706217_0;94.10;7.12;5158.00;0.03;-28716808#1_0;5.10;0.00;tripinfo_out_kl_to_sl.1;726.00;out_kl_to_sl.1;0;2276.47;0.96;0.00;506.98;car;;23;152.00
5884.00;230845886_0;633.12;13.24;5743.00;0.41;23687583_0;5.10;0.00;tripinfo_out_as_to_ba.29;141.00;out_as_to_ba.29;0;1356.50;1.22;0.00;40.54;car;;0;0.00
5884.00;972103805_0;116.86;10.36;5764.00;2.05;-23527526_0;5.10;0.00;tripinfo_out_gj_to_ko.6;120.00;out_gj_to_ko.6;0;971.70;1.04;0.00;35.32;car;;1;15.00
5886.00;23142338#2_0;290.21;8.24;5576.00;0.00;-23527526_0;5.10;0.00;tripinfo_out_gj_to_ns.36;310.00;out_gj_to_ns.36;0;2043.79;0.86;0.00;94.89;car;;4;50.00
5888.00;23142338#2_0;290.21;10.45;5596.00;0.02;-23527526_0;5.10;0.00;tripinfo_out_gj_to_ns.37;292.00;out_gj_to_ns.37;0;2043.79;1.00;0.00;106.34;car;;4;41.00
5892.00;23156030#6_0;109.07;9.65;5178.00;2.56;-23156305_0;5.10;0.00;tripinfo_out_gg_to_od.9;714.00;out_gg_to_od.9;0;3288.97;0.92;0.00;392.17;car;;11;90.00
5899.00;230845886_0;633.12;11.07;5764.00;0.50;23687583_0;5.10;0.00;tripinfo_out_as_to_ba.30;135.00;out_as_to_ba.30;0;1356.50;1.05;0.00;18.03;car;;1;5.00
5900.00;28706217_0;94.10;5.55;5802.00;0.41;803785575#0_0;5.10;0.00;tripinfo_out_od_to_sl.4;98.00;out_od_to_sl.4;0;747.33;0.82;0.00;9.04;car;;0;0.00
5901.00;23156030#6_0;109.07;9.49;5329.00;145.79;-23142338#2_0;5.10;0.00;tripinfo_out_ns_to_od.2;572.00;out_ns_to_od.2;0;2005.01;0.88;0.00;351.54;car;;21;163.00
5902.00;28706217_0;94.10;7.49;5173.00;3.20;-28716808#1_0;5.10;0.00;tripinfo_out_kl_to_sl.3;729.00;out_kl_to_sl.3;0;2276.47;0.90;0.00;494.12;car;;18;155.00
5902.00;230845886_0;633.12;11.44;5770.00;1.30;23687583_0;5.10;0.00;tripinfo_out_as_to_ba.31;132.00;out_as_to_ba.31;0;1356.50;1.04;0.00;13.41;car;;0;0.00
5904.00;41899283#1_0;148.70;10.53;5353.00;0.20;-23156305_0;5.10;0.00;tripinfo_out_gg_to_as.2;551.00;out_gg_to_as.2;0;1699.56;0.98;0.00;393.65;car;;9;312.00
5908.00;23156030#6_1;109.07;12.38;5257.00;2.40;-230845886_0;5.10;0.00;tripinfo_out_ba_to_od.5;651.00;out_ba_to_od.5;0;2315.50;1.12;0.00;463.81;car;;11;180.00
5908.00;23156030#6_0;109.07;11.01;5330.00;0.24;-23527526_0;5.10;0.00;tripinfo_out_gj_to_od.3;578.00;out_gj_to_od.3;0;2703.70;1.09;0.00;353.10;car;;10;69.00
5910.00;45494495_0;58.90;10.33;5447.00;323.80;23687583_0;5.10;0.00;tripinfo_out_as_to_os.0;463.00;out_as_to_os.0;0;1689.77;0.94;0.00;300.90;car;;9;68.00
5910.00;23156030#6_0;109.07;13.16;5319.00;0.89;-23527526_0;5.10;0.00;tripinfo_out_gj_to_od.2;591.00;out_gj_to_od.2;0;2703.70;1.19;0.00;385.89;car;;9;70.00
5910.00;23142338#2_0;290.21;9.33;5582.00;139.28;23687583_0;5.10;0.00;tripinfo_out_as_to_ns.14;328.00;out_as_to_ns.14;0;1995.73;0.90;0.00;126.89;car;;5;54.00
5912.00;23142338#2_0;290.21;10.32;5597.00;109.14;23687583_0;5.10;0.00;tripinfo_out_as_to_ns.15;315.00;out_as_to_ns.15;0;1995.73;0.99;0.00;130.24;car;;5;52.00
5914.00;23142338#2_0;290.21;10.57;5610.00;0.96;-23527526_0;5.10;0.00;tripinfo_out_gj_to_ns.38;304.00;out_gj_to_ns.38;0;2043.79;0.97;0.00;112.87;car;;5;58.00
5916.00;41899283#1_0;148.70;9.32;5350.00;120.69;-23142338#2_0;5.10;0.00;tripinfo_out_ns_to_as.5;566.00;out_ns_to_as.5;0;2009.37;0.90;0.00;361.68;car;;18;163.00
5918.00;28706217_0;94.10;6.20;5120.00;0.03;-23156390_0;5.10;0.00;tripinfo_out_br_to_sl.2;798.00;out_br_to_sl.2;0;2524.60;0.83;0.00;516.21;car;;13;161.00
5920.00;28706217_0;94.10;7.14;5173.00;370.38;23687583_0;5.10;0.00;tripinfo_in_as_to_sl.97;747.00;in_as_to_sl.97;0;1976.75;1.00;0.00;563.89;car;;18;169.00
5922.00;28706217_0;94.10;7.64;5187.00;382.15;23687583_0;5.10;0.00;tripinfo_in_as_to_sl.98;735.00;in_as_to_sl.98;0;1976.75;1.00;0.00;551.67;car;;17;160.00
5923.00;41899283#1_0;148.70;11.92;5863.00;0.30;-23527526_0;5.10;0.00;tripinfo_out_gj_to_as.18;60.00;out_gj_to_as.18;0;633.70;1.18;0.00;10.85;car;;0;0.00
5925.00;45494495_0;58.90;10.68;5400.00;1.75;-23527526_0;5.10;0.00;tripinfo_out_gj_to_os.2;525.00;out_gj_to_os.2;0;2036.16;1.08;0.00;353.43;car;;10;88.00
5926.00;230845886_0;633.12;9.79;5344.00;139.69;-23142338#2_0;5.10;0.00;tripinfo_out_ns_to_ba.0;582.00;out_ns_to_ba.0;0;2340.42;0.93;0.00;355.86;car;;18;166.00
5927.00;45494495_0;58.90;10.59;5263.00;0.35;-230845886_0;5.10;0.00;tripinfo_out_ba_to_os.5;664.00;out_ba_to_os.5;0;1647.96;1.02;0.00;517.86;car;;13;276.00
5930.00;41899283#1_0;148.70;9.48;5356.00;118.07;-23142338#2_0;5.10;0.00;tripinfo_out_ns_to_as.6;574.00;out_ns_to_as.6;0;2009.37;0.95;0.00;380.91;car;;20;174.00
5932.00;41899283#1_0;148.70;12.09;5758.00;0.99;-230845886_0;5.10;0.00;tripinfo_out_ba_to_as.15;174.00;out_ba_to_as.15;0;1430.78;1.13;0.00;58.52;car;;3;27.00
5941.00;41899283#1_0;148.70;10.52;5374.00;134.95;-23142338#2_0;5.10;0.00;tripinfo_out_ns_to_as.7;567.00;out_ns_to_as.7;0;2009.37;0.99;0.00;381.38;car;;20;181.00
5941.00;23142338#2_0;290.21;8.98;5624.00;0.08;-23527526_0;5.10;0.00;tripinfo_out_gj_to_ns.39;317.00;out_gj_to_ns.39;0;2043.79;0.89;0.00;109.80;car;;5;61.00
5943.00;23142338#2_0;290.21;10.17;5631.00;0.71;-23527526_0;5.10;0.00;tripinfo_out_gj_to_ns.40;312.00;out_gj_to_ns.40;0;2043.79;0.93;0.00;113.67;car;;4;57.00
5944.00;28706217_0;94.10;7.30;5232.00;0.66;-28716808#1_0;5.10;0.00;tripinfo_out_kl_to_sl.4;712.00;out_kl_to_sl.4;0;2276.47;0.99;0.00;497.98;car;;13;141.00
5944.00;41899283#1_0;148.70;9.81;5380.00;98.10;-23142338#2_0;5.10;0.00;tripinfo_out_ns_to_as.8;564.00;out_ns_to_as.8;0;2009.37;0.99;0.00;378.76;car;;18;182.00
5945.00;23156030#6_0;109.07;12.64;5412.00;23.71;-23142338#2_0;5.10;0.00;tripinfo_out_ns_to_od.3;533.00;out_ns_to_od.3;0;2005.01;1.16;0.00;366.05;car;;17;158.00
5945.00;972103805_0;116.86;10.63;5440.00;3.37;-23156390_0;5.10;0.00;tripinfo_out_br_to_ko.4;505.00;out_br_to_ko.4;0;2703.95;1.01;0.00;262.13;car;;5;195.00
5945.00;23142338#2_0;290.21;11.39;5669.00;0.18;-23527526_0;5.10;0.00;tripinfo_out_gj_to_ns.41;276.00;out_gj_to_ns.41;0;2043.79;1.10;0.00;106.91;car;;3;47.00
5947.00;41899283#1_0;148.70;11.22;5383.00;99.20;-23142338#2_0;5.10;0.00;tripinfo_out_ns_to_as.9;564.00;out_ns_to_as.9;0;2009.37;1.01;0.00;382.69;car;;18;167.00
5948.00;28706217_0;94.10;6.86;5275.00;0.85;-28716808#1_0;5.10;0.00;tripinfo_out_kl_to_sl.5;673.00;out_kl_to_sl.5;0;2276.47;0.93;0.00;446.07;car;;12;121.00
5949.00;230845886_0;633.12;8.06;5736.00;3.67;-23527526_0;5.10;0.00;tripinfo_out_gj_to_ba.21;213.00;out_gj_to_ba.21;0;1702.89;0.84;0.00;29.24;car;;1;8.00
5951.00;230845886_0;633.12;10.35;5751.00;11.01;-23527526_0;5.10;0.00;tripinfo_out_gj_to_ba.22;200.00;out_gj_to_ba.22;0;1702.89;1.01;0.00;47.27;car;;1;6.00
5951.00;972103805_0;116.86;10.68;5765.00;0.44;-28716808#1_0;5.10;0.00;tripinfo_out_kl_to_ko.8;186.00;out_kl_to_ko.8;0;1927.03;1.03;0.00;16.57;car;;0;0.00
5952.00;45494495_0;58.90;10.17;5260.00;220.77;-23142338#2_0;5.10;0.00;tripinfo_in_ns_to_os.13;692.00;in_ns_to_os.13;0;1865.82;0.94;0.00;512.64;car;;23;199.00
5953.00;28706217_0;94.10;7.67;5253.00;384.96;23687583_0;5.10;0.00;tripinfo_in_as_to_sl.99;700.00;in_as_to_sl.99;0;1976.75;0.96;0.00;507.95;car;;14;160.00
5954.00;23156030#6_0;109.07;9.90;5213.00;1.64;-23156305_0;5.10;0.00;tripinfo_out_gg_to_od.11;741.00;out_gg_to_od.11;0;3288.97;0.92;0.00;419.19;car;;14;151.00
5957.00;41899283#1_0;148.70;8.40;5567.00;0.35;-23156390_0;5.10;0.00;tripinfo_out_br_to_as.2;390.00;out_br_to_as.2;0;2020.44;0.86;0.00;177.73;car;;6;120.00
5959.00;41899283#1_0;148.70;12.63;5898.00;2.74;-23527526_0;5.10;0.00;tripinfo_out_gj_to_as.19;61.00;out_gj_to_as.19;0;633.70;1.16;0.00;10.38;car;;0;0.00
5960.00;23142338#2_0;290.21;10.86;5603.00;97.50;23687583_0;5.10;0.00;tripinfo_out_as_to_ns.16;357.00;out_as_to_ns.16;0;1995.73;1.09;0.00;190.78;car;;8;104.00
5961.00;230845886_0;633.12;11.09;5670.00;0.41;-23156390_0;5.10;0.00;tripinfo_out_br_to_ba.2;291.00;out_br_to_ba.2;0;1904.35;1.00;0.00;118.60;car;;5;63.00
5961.00;41899283#1_0;148.70;10.83;5771.00;1.38;-230845886_0;5.10;0.00;tripinfo_out_ba_to_as.16;190.00;out_ba_to_as.16;0;1430.78;1.00;0.00;60.53;car;;3;34.00
5967.00;41899283#1_0;148.70;11.90;5905.00;3.83;-23527526_0;5.10;0.00;tripinfo_out_gj_to_as.20;62.00;out_gj_to_as.20;0;633.70;1.07;0.00;7.23;car;;0;0.00
5969.00;41899283#1_0;148.70;12.39;5386.00;95.12;-23142338#2_0;5.10;0.00;tripinfo_out_ns_to_as.10;583.00;out_ns_to_as.10;0;2009.37;1.21;0.00;431.89;car;;20;195.00
5972.00;23142338#2_0;290.21;9.98;5615.00;89.29;23687583_0;5.10;0.00;tripinfo_out_as_to_ns.17;357.00;out_as_to_ns.17;0;1995.73;0.90;0.00;156.59;car;;8;86.00
5974.00;23156030#6_0;109.07;10.34;5366.00;407.73;23687583_0;5.10;0.00;tripinfo_in_as_to_od.24;608.00;in_as_to_od.24;0;2357.31;0.99;0.00;392.58;car;;10;73.00
5974.00;41899283#1_0;148.70;10.82;5390.00;39.19;-23142338#2_0;5.10;0.00;tripinfo_out_ns_to_as.11;584.00;out_ns_to_as.11;0;2009.37;0.99;0.00;399.49;car;;22;179.00
5974.00;23142338#2_0;290.21;11.55;5642.00;41.04;23687583_0;5.10;0.00;tripinfo_out_as_to_ns.18;332.00;out_as_to_ns.18;0;1995.73;1.11;0.00;168.18;car;;6;82.00
5975.00;972103805_0;116.86;9.18;5446.00;1.11;-23156390_0;5.10;0.00;tripinfo_out_br_to_ko.5;529.00;out_br_to_ko.5;0;2703.95;0.91;0.00;259.64;car;;7;190.00
5976.00;230845886_0;633.12;8.90;5809.00;1.01;23687583_0;5.10;0.00;tripinfo_out_as_to_ba.32;167.00;out_as_to_ba.32;0;1356.50;0.86;0.00;25.14;car;;1;7.00
5977.00;41899283#1_0;148.70;9.68;5406.00;32.94;-23142338#2_0;5.10;0.00;tripinfo_out_ns_to_as.12;571.00;out_ns_to_as.12;0;2009.37;0.97;0.00;382.05;car;;20;161.00
5977.00;972103805_0;116.86;10.79;5459.00;0.07;-23156390_0;5.10;0.00;tripinfo_out_br_to_ko.6;518.00;out_br_to_ko.6;0;2703.95;1.05;0.00;282.30;car;;7;202.00
5978.00;28706217_0;94.10;8.14;5307.00;0.74;-28716808#1_0;5.10;0.00;tripinfo_out_kl_to_sl.6;671.00;out_kl_to_sl.6;0;2276.47;1.11;0.00;481.21;car;;15;145.00
5978.00;23156030#6_0;109.07;9.82;5391.00;0.44;-28716808#1_0;5.10;0.00;tripinfo_out_kl_to_od.2;587.00;out_kl_to_od.2;0;2657.03;0.95;0.00;334.31;car;;15;98.00
5978.00;230845886_0;633.12;10.36;5815.00;0.19;23687583_0;5.10;0.00;tripinfo_out_as_to_ba.33;163.00;out_as_to_ba.33;0;1356.50;1.04;0.00;45.44;car;;1;7.00
5979.00;41899283#1_0;148.70;10.62;5786.00;0.07;-230845886_0;5.10;0.00;tripinfo_out_ba_to_as.17;193.00;out_ba_to_as.17;0;1430.78;1.03;0.00;67.50;car;;4;39.00
5980.00;23156030#6_1;109.07;10.12;5260.00;3.36;-230845886_0;5.10;0.00;tripinfo_out_ba_to_od.6;720.00;out_ba_to_od.6;0;2315.50;0.96;0.00;501.95;car;;13;269.00
5985.00;23156030#6_0;109.07;9.24;5444.00;362.42;23687583_0;5.10;0.00;tripinfo_out_as_to_od.0;541.00;out_as_to_od.0;0;2357.31;0.91;0.00;306.46;car;;9;76.00
5987.00;28706217_0;94.10;6.33;5244.00;0.45;-23156390_0;5.10;0.00;tripinfo_out_br_to_sl.3;743.00;out_br_to_sl.3;0;2524.60;0.83;0.00;463.66;car;;16;158.00
5989.00;28706217_0;94.10;8.85;5489.00;0.37;-23142338#2_0;5.10;0.00;tripinfo_out_ns_to_sl.1;500.00;out_ns_to_sl.1;0;1619.36;1.09;0.00;350.17;car;;19;175.00
5990.00;23142338#2_0;290.21;11.42;5657.00;6.14;23687583_0;5.10;0.00;tripinfo_out_as_to_ns.19;333.00;out_as_to_ns.19;0;1995.73;1.10;0.00;168.37;car;;8;94.00
5991.00;230845886_0;633.12;9.45;5791.00;1.81;-28716808#1_0;5.10;0.00;tripinfo_out_kl_to_ba.0;200.00;out_kl_to_ba.0;0;1656.22;0.92;0.00;37.03;car;;1;3.00
5992.00;28706217_0;94.10;6.64;5331.00;0.00;-28716808#1_0;5.10;0.00;tripinfo_out_kl_to_sl.7;661.00;out_kl_to_sl.7;0;2276.47;0.93;0.00;432.49;car;;16;111.00
5995.00;45494495_0;58.90;9.55;5514.00;256.94;23687583_0;5.10;0.00;tripinfo_out_as_to_os.1;481.00;out_as_to_os.1;0;1689.77;0.87;0.00;304.81;car;;12;50.00
5995.00;230845886_0;633.12;11.28;5862.00;0.51;23687583_0;5.10;0.00;tripinfo_out_as_to_ba.34;133.00;out_as_to_ba.34;0;1356.50;1.13;0.00;23.88;car;;0;0.00
5996.00;41899283#1_0;148.70;9.15;5700.00;0.12;803785575#0_0;5.10;0.00;tripinfo_out_od_to_as.10;296.00;out_od_to_as.10;0;2382.09;0.83;0.00;35.11;car;;2;2.00
5998.00;41899283#1_0;148.70;10.79;5738.00;0.61;803785575#0_0;5.10;0.00;tripinfo_out_od_to_as.11;260.00;out_od_to_as.11;0;2382.09;1.03;0.00;51.20;car;;1;2.00
5999.00;45494495_0;58.90;7.76;5398.00;0.41;-230845886_0;5.10;0.00;tripinfo_out_ba_to_os.6;601.00;out_ba_to_os.6;0;1647.96;0.73;0.00;398.13;car;;12;148.00
5999.00;23156030#6_0;109.07;11.40;5412.00;0.14;-28716808#1_0;5.10;0.00;tripinfo_out_kl_to_od.3;587.00;out_kl_to_od.3;0;2657.03;1.08;0.00;363.57;car;;10;106.00
6000.00;23142338#2_0;290.21;9.45;5688.00;0.54;-23527526_0;5.10;0.00;tripinfo_out_gj_to_ns.42;312.00;out_gj_to_ns.42;0;2043.79;0.96;0.00;118.54;car;;5;67.00
6000.00;41899283#1_0;148.70;10.76;5807.00;4.50;-230845886_0;5.10;0.00;tripinfo_out_ba_to_as.18;193.00;out_ba_to_as.18;0;1430.78;1.04;0.00;68.16;car;;2;25.00
6001.00;45494495_0;58.90;11.11;5236.00;0.44;-23156305_0;5.10;0.00;tripinfo_out_gg_to_os.3;765.00;out_gg_to_os.3;0;2621.43;1.10;0.00;548.61;car;;14;207.00
6002.00;23142338#2_0;290.21;10.94;5691.00;1.36;-23527526_0;5.10;0.00;tripinfo_out_gj_to_ns.43;311.00;out_gj_to_ns.43;0;2043.79;1.04;0.00;132.31;car;;5;69.00
6004.00;972103805_0;116.86;11.21;5874.00;4.93;-23527526_0;5.10;0.00;tripinfo_out_gj_to_ko.7;130.00;out_gj_to_ko.7;0;971.70;1.02;0.00;43.12;car;;1;19.00
6007.00;28706217_0;94.10;6.80;5202.00;0.78;-23156305_0;5.10;0.00;tripinfo_out_gg_to_sl.0;805.00;out_gg_to_sl.0;0;2908.41;0.88;0.00;500.36;car;;17;185.00
6008.00;23156030#6_0;109.07;10.49;5462.00;311.18;23687583_0;5.10;0.00;tripinfo_out_as_to_od.1;546.00;out_as_to_od.1;0;2357.31;1.00;0.00;334.36;car;;10;76.00
6009.00;23142338#2_0;290.21;10.90;3106.00;494.59;-45494495_0;5.10;0.00;tripinfo_in_os_to_ns.4;2903.00;in_os_to_ns.4;0;1665.91;1.07;0.00;2750.83;car;;23;2595.00
6009.00;28706217_0;94.10;7.23;5353.00;398.49;23687583_0;5.10;0.00;tripinfo_in_as_to_sl.100;656.00;in_as_to_sl.100;0;1976.75;0.96;0.00;465.23;car;;16;120.00
6011.00;28706217_0;94.10;7.84;5369.00;408.65;23687583_0;5.10;0.00;tripinfo_in_as_to_sl.101;642.00;in_as_to_sl.101;0;1976.75;1.01;0.00;461.32;car;;16;119.00
6013.00;45494495_0;58.90;10.23;5533.00;229.07;23687583_0;5.10;0.00;tripinfo_out_as_to_os.2;480.00;out_as_to_os.2;0;1689.77;1.00;0.00;326.63;car;;9;30.00
6015.00;23156030#6_0;109.07;9.09;5318.00;0.07;-23156390_0;5.10;0.00;tripinfo_out_br_to_od.3;697.00;out_br_to_od.3;0;2905.16;0.86;0.00;392.84;car;;11;148.00
6017.00;41899283#1_0;148.70;10.30;5948.00;1.41;-23527526_0;5.10;0.00;tripinfo_out_gj_to_as.21;69.00;out_gj_to_as.21;0;633.70;0.98;0.00;9.53;car;;0;0.00
6021.00;23142338#2_0;290.21;11.93;5672.00;1.78;23687583_0;5.10;0.00;tripinfo_out_as_to_ns.20;349.00;out_as_to_ns.20;0;1995.73;1.08;0.00;180.33;car;;8;119.00
6024.00;45494495_0;58.90;9.26;5536.00;229.42;23687583_0;5.10;0.00;tripinfo_out_as_to_os.3;488.00;out_as_to_os.3;0;1689.77;0.86;0.00;310.83;car;;6;35.00
6024.00;41899283#1_0;148.70;9.71;5442.00;0.02;-23142338#2_0;5.10;0.00;tripinfo_out_ns_to_as.13;582.00;out_ns_to_as.13;0;2009.37;0.88;0.00;374.65;car;;19;188.00
6025.00;23156030#6_0;109.07;11.49;5487.00;258.19;23687583_0;5.10;0.00;tripinfo_out_as_to_od.2;538.00;out_as_to_od.2;0;2357.31;1.15;0.00;353.08;car;;9;92.00
6028.00;230845886_0;633.12;10.83;5493.00;0.47;-23142338#2_0;5.10;0.00;tripinfo_out_ns_to_ba.1;535.00;out_ns_to_ba.1;0;2340.42;1.04;0.00;331.95;car;;20;170.00
6029.00;23142338#2_0;290.21;9.49;5702.00;0.43;23687583_0;5.10;0.00;tripinfo_out_as_to_ns.21;327.00;out_as_to_ns.21;0;1995.73;0.96;0.00;138.16;car;;5;78.00
6029.00;41899283#1_0;148.70;10.71;5960.00;0.10;-23527526_0;5.10;0.00;tripinfo_out_gj_to_as.22;69.00;out_gj_to_as.22;0;633.70;0.98;0.00;9.38;car;;0;0.00
6030.00;28706217_0;94.10;9.41;5220.00;2.64;-23156305_0;5.10;0.00;tripinfo_out_gg_to_sl.1;810.00;out_gg_to_sl.1;0;2908.41;1.18;0.00;583.01;car;;19;212.00
6031.00;41899283#1_0;148.70;13.00;5467.00;0.45;-23142338#2_0;5.10;0.00;tripinfo_out_ns_to_as.14;564.00;out_ns_to_as.14;0;2009.37;1.26;0.00;417.68;car;;21;186.00
6033.00;23156030#6_0;109.07;10.91;5490.00;261.14;23687583_0;5.10;0.00;tripinfo_out_as_to_od.3;543.00;out_as_to_od.3;0;2357.31;1.03;0.00;336.82;car;;9;94.00
6033.00;972103805_0;116.86;11.25;5912.00;0.36;-23527526_0;5.10;0.00;tripinfo_out_gj_to_ko.8;121.00;out_gj_to_ko.8;0;971.70;1.12;0.00;41.89;car;;2;22.00
6034.00;23142338#2_0;290.21;9.10;5716.00;0.94;-23527526_0;5.10;0.00;tripinfo_out_gj_to_ns.44;318.00;out_gj_to_ns.44;0;2043.79;0.91;0.00;114.82;car;;5;67.00
6035.00;28706217_0;94.10;8.72;5381.00;411.39;23687583_0;5.10;0.00;tripinfo_in_as_to_sl.102;654.00;in_as_to_sl.102;0;1976.75;1.07;0.00;481.35;car;;19;149.00
6035.00;41899283#1_0;148.70;11.33;5506.00;0.76;-23142338#2_0;5.10;0.00;tripinfo_out_ns_to_as.15;529.00;out_ns_to_as.15;0;2009.37;1.11;0.00;363.66;car;;20;188.00
6036.00;23142338#2_0;290.21;11.27;5715.00;3.43;23687583_0;5.10;0.00;tripinfo_out_as_to_ns.22;321.00;out_as_to_ns.22;0;1995.73;1.07;0.00;150.67;car;;5;81.00
6037.00;972103805_0;116.86;8.08;5464.00;3.17;-23156305_0;5.10;0.00;tripinfo_out_gg_to_ko.3;573.00;out_gg_to_ko.3;0;2416.59;0.83;0.00;307.60;car;;8;213.00
6039.00;972103805_0;116.86;11.83;5930.00;0.02;-23527526_0;5.10;0.00;tripinfo_out_gj_to_ko.9;109.00;out_gj_to_ko.9;0;971.70;1.16;0.00;33.37;car;;0;0.00
6040.00;41899283#1_0;148.70;9.48;5759.00;2.97;803785575#0_0;5.10;0.00;tripinfo_out_od_to_as.12;281.00;out_od_to_as.12;0;2382.09;0.96;0.00;55.81;car;;3;21.00
6041.00;41899283#1_0;148.70;12.41;5832.00;0.89;-230845886_0;5.10;0.00;tripinfo_out_ba_to_as.19;209.00;out_ba_to_as.19;0;1430.78;1.23;0.00;103.77;car;;7;48.00
6042.00;28706217_0;94.10;8.30;5427.00;416.92;23687583_0;5.10;0.00;tripinfo_in_as_to_sl.104;615.00;in_as_to_sl.104;0;1976.75;1.00;0.00;431.13;car;;16;151.00
6042.00;230845886_0;633.12;9.75;5847.00;1.68;-23527526_0;5.10;0.00;tripinfo_out_gj_to_ba.23;195.00;out_gj_to_ba.23;0;1702.89;0.89;0.00;22.15;car;;0;0.00
6044.00;41899283#1_0;148.70;10.03;5620.00;0.54;-23156305_0;5.10;0.00;tripinfo_out_gg_to_as.3;424.00;out_gg_to_as.3;0;1699.56;0.94;0.00;258.34;car;;10;135.00
6044.00;230845886_0;633.12;10.06;5896.00;0.86;23687583_0;5.10;0.00;tripinfo_out_as_to_ba.35;148.00;out_as_to_ba.35;0;1356.50;0.91;0.00;13.94;car;;0;0.00
6046.00;230845886_0;633.12;11.19;5901.00;0.21;23687583_0;5.10;0.00;tripinfo_out_as_to_ba.36;145.00;out_as_to_ba.36;0;1356.50;1.01;0.00;24.08;car;;0;0.00
6047.00;972103805_0;116.86;7.66;5788.00;0.81;-28716808#1_0;5.10;0.00;tripinfo_out_kl_to_ko.9;259.00;out_kl_to_ko.9;0;1927.03;0.76;0.00;30.42;car;;1;4.00
6048.00;41899283#1_0;148.70;11.04;5983.00;0.50;-23527526_0;5.10;0.00;tripinfo_out_gj_to_as.23;65.00;out_gj_to_as.23;0;633.70;1.02;0.00;7.71;car;;0;0.00
6049.00;230845886_0;633.12;10.88;5572.00;2.21;-23156305_0;5.10;0.00;tripinfo_out_gg_to_ba.6;477.00;out_gg_to_ba.6;0;2288.16;1.04;0.00;276.63;car;;9;145.00
6052.00;41899283#1_0;148.70;11.61;5510.00;0.69;-23142338#2_0;5.10;0.00;tripinfo_out_ns_to_as.16;542.00;out_ns_to_as.16;0;2009.37;1.12;0.00;379.45;car;;23;195.00
6054.00;41899283#1_0;148.70;12.73;5642.00;0.60;-23156305_0;5.10;0.00;tripinfo_out_gg_to_as.4;412.00;out_gg_to_as.4;0;1699.56;1.17;0.00;279.47;car;;10;120.00
6054.00;23142338#2_0;290.21;10.28;5750.00;0.55;23687583_0;5.10;0.00;tripinfo_out_as_to_ns.23;304.00;out_as_to_ns.23;0;1995.73;1.01;0.00;124.38;car;;5;71.00
6056.00;23142338#2_0;290.21;11.80;5742.00;4.10;-23527526_0;5.10;0.00;tripinfo_out_gj_to_ns.46;314.00;out_gj_to_ns.46;0;2043.79;1.10;0.00;145.49;car;;5;63.00
6059.00;41899283#1_0;148.70;11.34;5530.00;5.72;-23142338#2_0;5.10;0.00;tripinfo_out_ns_to_as.17;529.00;out_ns_to_as.17;0;2009.37;1.04;0.00;352.27;car;;21;183.00
6060.00;41899283#1_0;148.70;11.86;5819.00;0.31;803785575#0_0;5.10;0.00;tripinfo_out_od_to_as.13;241.00;out_od_to_as.13;0;2382.09;1.14;0.00;52.37;car;;3;5.00
6063.00;28706217_0;94.10;8.08;5349.00;0.88;-23527526_0;5.10;0.00;tripinfo_out_gj_to_sl.1;714.00;out_gj_to_sl.1;0;2323.14;1.00;0.00;498.57;car;;18;163.00
6064.00;45494495_0;58.90;9.55;5537.00;0.63;-23527526_0;5.10;0.00;tripinfo_out_gj_to_os.4;527.00;out_gj_to_os.4;0;2036.16;0.96;0.00;335.28;car;;11;31.00
6064.00;41899283#1_0;148.70;10.03;5858.00;0.48;-230845886_0;5.10;0.00;tripinfo_out_ba_to_as.20;206.00;out_ba_to_as.20;0;1430.78;1.00;0.00;75.75;car;;5;29.00
6066.00;45494495_0;58.90;10.85;5518.00;0.53;-23527526_0;5.10;0.00;tripinfo_out_gj_to_os.3;548.00;out_gj_to_os.3;0;2036.16;1.06;0.00;374.36;car;;13;55.00
6067.00;28706217_0;94.10;6.62;5396.00;407.35;23687583_0;5.10;0.00;tripinfo_in_as_to_sl.103;671.00;in_as_to_sl.103;0;1976.75;0.95;0.00;478.12;car;;18;145.00
6067.00;972103805_0;116.86;9.62;5954.00;0.91;-23527526_0;5.10;0.00;tripinfo_out_gj_to_ko.10;113.00;out_gj_to_ko.10;0;971.70;0.90;0.00;15.47;car;;1;2.00
6068.00;23156030#6_0;109.07;9.44;5361.00;0.95;-23156390_0;5.10;0.00;tripinfo_out_br_to_od.4;707.00;out_br_to_od.4;0;2905.16;0.93;0.00;424.88;car;;20;135.00
6069.00;230845886_0;633.12;9.15;5595.00;0.47;-23156305_0;5.10;0.00;tripinfo_out_gg_to_ba.7;474.00;out_gg_to_ba.7;0;2288.16;0.85;0.00;230.20;car;;9;120.00
6069.00;45494495_0;58.90;11.20;5951.00;5.04;803785575#0_0;5.10;0.00;tripinfo_out_od_to_os.11;118.00;out_od_to_os.11;0;969.96;1.04;0.00;33.69;car;;4;9.00
6070.00;23142338#2_0;290.21;8.36;5733.00;3.48;-23527526_0;5.10;0.00;tripinfo_out_gj_to_ns.45;337.00;out_gj_to_ns.45;0;2043.79;0.83;0.00;113.23;car;;5;61.00
6071.00;230845886_0;633.12;10.86;5533.00;6.98;-23142338#2_0;5.10;0.00;tripinfo_out_ns_to_ba.2;538.00;out_ns_to_ba.2;0;2340.42;1.04;0.00;335.32;car;;19;165.00
6071.00;45494495_0;58.90;10.60;5549.00;4.54;-23527526_0;5.10;0.00;tripinfo_out_gj_to_os.5;522.00;out_gj_to_os.5;0;2036.16;1.03;0.00;343.50;car;;13;57.00
6071.00;972103805_0;116.86;8.95;5828.00;0.22;-28716808#1_0;5.10;0.00;tripinfo_out_kl_to_ko.10;243.00;out_kl_to_ko.10;0;1927.03;0.90;0.00;49.14;car;;3;21.00
6071.00;41899283#1_0;148.70;9.37;5998.00;0.99;-23527526_0;5.10;0.00;tripinfo_out_gj_to_as.24;73.00;out_gj_to_as.24;0;633.70;0.91;0.00;8.42;car;;0;0.00
6073.00;972103805_0;116.86;12.73;5831.00;1.03;-28716808#1_0;5.10;0.00;tripinfo_out_kl_to_ko.11;242.00;out_kl_to_ko.11;0;1927.03;1.22;0.00;98.00;car;;2;21.00
6073.00;230845886_0;633.12;10.57;5855.00;0.81;-23156390_0;5.10;0.00;tripinfo_out_br_to_ba.3;218.00;out_br_to_ba.3;0;1904.35;0.97;0.00;39.92;car;;1;12.00
6074.00;45494495_0;58.90;10.58;5948.00;2.09;803785575#0_0;5.10;0.00;tripinfo_out_od_to_os.10;126.00;out_od_to_os.10;0;969.96;1.04;0.00;41.12;car;;4;17.00
6075.00;28706217_0;94.10;6.71;5576.00;0.84;-23142338#2_0;5.10;0.00;tripinfo_out_ns_to_sl.2;499.00;out_ns_to_sl.2;0;1619.36;0.94;0.00;326.16;car;;20;168.00
6075.00;972103805_0;116.86;9.60;5843.00;0.42;-28716808#1_0;5.10;0.00;tripinfo_out_kl_to_ko.12;232.00;out_kl_to_ko.12;0;1927.03;0.93;0.00;44.86;car;;2;12.00
6077.00;28706217_0;94.10;8.59;5579.00;3.79;-23142338#2_0;5.10;0.00;tripinfo_out_ns_to_sl.3;498.00;out_ns_to_sl.3;0;1619.36;1.12;0.00;352.00;car;;22;179.00
6082.00;45494495_0;58.90;11.57;5576.00;152.48;23687583_0;5.10;0.00;tripinfo_out_as_to_os.4;506.00;out_as_to_os.4;0;1689.77;1.07;0.00;363.44;car;;12;61.00
6088.00;23142338#2_0;290.21;8.59;5492.00;0.78;-23156390_0;5.10;0.00;tripinfo_out_br_to_ns.3;596.00;out_br_to_ns.3;0;2936.02;0.84;0.00;281.21;car;;5;164.00
6089.00;23156030#6_0;109.07;10.98;5487.00;2.80;-23527526_0;5.10;0.00;tripinfo_out_gj_to_od.4;602.00;out_gj_to_od.4;0;2703.70;1.10;0.00;378.82;car;;14;112.00
6090.00;23142338#2_0;290.21;10.49;5748.00;8.15;-23527526_0;5.10;0.00;tripinfo_out_gj_to_ns.47;342.00;out_gj_to_ns.47;0;2043.79;1.06;0.00;167.27;car;;6;76.00
6091.00;28706217_0;94.10;8.65;5456.00;318.78;23687583_0;5.10;0.00;tripinfo_out_as_to_sl.0;635.00;out_as_to_sl.0;0;1976.75;1.11;0.00;470.21;car;;14;151.00
6091.00;45494495_0;58.90;10.94;5569.00;0.24;-28716808#1_0;5.10;0.00;tripinfo_out_kl_to_os.6;522.00;out_kl_to_os.6;0;1989.49;0.99;0.00;339.04;car;;8;57.00
6094.00;23142338#2_0;290.21;9.76;5754.00;6.88;-23527526_0;5.10;0.00;tripinfo_out_gj_to_ns.48;340.00;out_gj_to_ns.48;0;2043.79;0.88;0.00;130.82;car;;5;80.00
6094.00;972103805_0;116.86;11.22;5977.00;0.35;-23527526_0;5.10;0.00;tripinfo_out_gj_to_ko.11;117.00;out_gj_to_ko.11;0;971.70;1.01;0.00;29.75;car;;1;17.00
6096.00;45494495_0;58.90;7.92;5591.00;139.14;23687583_0;5.10;0.00;tripinfo_out_as_to_os.5;505.00;out_as_to_os.5;0;1689.77;0.83;0.00;320.03;car;;9;37.00
6096.00;23142338#2_0;290.21;11.01;5761.00;0.94;-23527526_0;5.10;0.00;tripinfo_out_gj_to_ns.49;335.00;out_gj_to_ns.49;0;2043.79;1.07;0.00;161.73;car;;6;86.00
6097.00;41899283#1_0;148.70;9.08;5544.00;0.39;-23142338#2_0;5.10;0.00;tripinfo_out_ns_to_as.18;553.00;out_ns_to_as.18;0;2009.37;0.86;0.00;341.56;car;;21;187.00
6097.00;45494495_0;58.90;10.60;5627.00;68.96;23687583_0;5.10;0.00;tripinfo_out_as_to_os.6;470.00;out_as_to_os.6;0;1689.77;1.17;0.00;339.44;car;;12;37.00
6097.00;972103805_0;116.86;11.54;5851.00;0.79;-28716808#1_0;5.10;0.00;tripinfo_out_kl_to_ko.13;246.00;out_kl_to_ko.13;0;1927.03;1.09;0.00;84.83;car;;3;28.00
6098.00;23142338#2_0;290.21;10.39;5793.00;0.64;-23527526_0;5.10;0.00;tripinfo_out_gj_to_ns.50;305.00;out_gj_to_ns.50;0;2043.79;1.02;0.00;123.58;car;;5;65.00
6098.00;28706217_0;94.10;7.35;6012.00;0.14;803785575#0_0;5.10;0.00;tripinfo_out_od_to_sl.5;86.00;out_od_to_sl.5;0;747.33;0.92;0.00;7.46;car;;0;0.00
6099.00;41899283#1_0;148.70;10.65;5562.00;2.17;-23142338#2_0;5.10;0.00;tripinfo_out_ns_to_as.19;537.00;out_ns_to_as.19;0;2009.37;1.05;0.00;363.04;car;;20;170.00
6100.00;28706217_0;94.10;8.03;5459.00;317.19;23687583_0;5.10;0.00;tripinfo_out_as_to_sl.1;641.00;out_as_to_sl.1;0;1976.75;1.11;0.00;475.72;car;;15;163.00
6100.00;972103805_0;116.86;10.52;5565.00;1.22;-23156305_0;5.10;0.00;tripinfo_out_gg_to_ko.4;535.00;out_gg_to_ko.4;0;2416.59;0.97;0.00;308.47;car;;13;191.00
6103.00;972103805_0;116.86;9.68;5864.00;0.27;-28716808#1_0;5.10;0.00;tripinfo_out_kl_to_ko.14;239.00;out_kl_to_ko.14;0;1927.03;0.95;0.00;55.17;car;;2;25.00
6104.00;28706217_0;94.10;7.21;5475.00;270.35;23687583_0;5.10;0.00;tripinfo_out_as_to_sl.2;629.00;out_as_to_sl.2;0;1976.75;0.88;0.00;422.08;car;;14;154.00
6104.00;41899283#1_0;148.70;8.81;6029.00;0.05;-23527526_0;5.10;0.00;tripinfo_out_gj_to_as.25;75.00;out_gj_to_as.25;0;633.70;0.88;0.00;8.52;car;;0;0.00
6105.00;23156030#6_0;109.07;11.84;5618.00;1.61;-23142338#2_0;5.10;0.00;tripinfo_out_ns_to_od.4;487.00;out_ns_to_od.4;0;2005.01;1.07;0.00;306.31;car;;19;162.00
6113.00;230845886_0;633.12;11.92;5591.00;0.37;-23142338#2_0;5.10;0.00;tripinfo_out_ns_to_ba.3;522.00;out_ns_to_ba.3;0;2340.42;1.11;0.00;332.42;car;;21;168.00
6113.00;23142338#2_0;290.21;11.24;5753.00;3.51;23687583_0;5.10;0.00;tripinfo_out_as_to_ns.24;360.00;out_as_to_ns.24;0;1995.73;1.03;0.00;184.38;car;;6;124.00
6115.00;23142338#2_0;290.21;12.34;5796.00;2.33;-23527526_0;5.10;0.00;tripinfo_out_gj_to_ns.51;319.00;out_gj_to_ns.51;0;2043.79;1.12;0.00;154.34;car;;5;86.00
6117.00;23142338#2_0;290.21;11.39;5805.00;0.96;-23527526_0;5.10;0.00;tripinfo_out_gj_to_ns.52;312.00;out_gj_to_ns.52;0;2043.79;1.08;0.00;140.06;car;;6;78.00
6118.00;230845886_0;633.12;10.80;5594.00;1.68;-23142338#2_0;5.10;0.00;tripinfo_out_ns_to_ba.4;524.00;out_ns_to_ba.4;0;2340.42;1.07;0.00;326.72;car;;19;162.00
6121.00;28706217_0;94.10;8.07;5408.00;0.37;-28716808#1_0;5.10;0.00;tripinfo_out_kl_to_sl.8;713.00;out_kl_to_sl.8;0;2276.47;1.11;0.00;522.86;car;;22;182.00
6122.00;23156030#6_0;109.07;11.47;5520.00;252.65;23687583_0;5.10;0.00;tripinfo_out_as_to_od.4;602.00;out_as_to_od.4;0;2357.31;1.07;0.00;403.78;car;;11;120.00
6124.00;23156030#6_1;109.07;12.34;5408.00;1.19;-230845886_0;5.10;0.00;tripinfo_out_ba_to_od.8;716.00;out_ba_to_od.8;0;2315.50;1.12;0.00;528.84;car;;17;218.00
6125.00;28706217_0;94.10;7.64;5323.00;0.99;-23156390_0;5.10;0.00;tripinfo_out_br_to_sl.4;802.00;out_br_to_sl.4;0;2524.60;0.98;0.00;564.77;car;;20;222.00
6128.00;972103805_0;116.86;9.15;5568.00;1.22;-23156305_0;5.10;0.00;tripinfo_out_gg_to_ko.5;560.00;out_gg_to_ko.5;0;2416.59;0.84;0.00;297.59;car;;11;176.00
6129.00;28706217_0;94.10;8.88;5471.00;0.31;-23527526_0;5.10;0.00;tripinfo_out_gj_to_sl.2;658.00;out_gj_to_sl.2;0;2323.14;1.12;0.00;466.67;car;;17;138.00
6130.00;972103805_0;116.86;11.52;5793.00;0.63;-23156390_0;5.10;0.00;tripinfo_out_br_to_ko.7;337.00;out_br_to_ko.7;0;2703.95;1.04;0.00;99.89;car;;4;52.00
6132.00;45494495_0;58.90;11.24;5606.00;0.28;-230845886_0;5.10;0.00;tripinfo_out_ba_to_os.7;526.00;out_ba_to_os.7;0;1647.96;1.10;0.00;390.00;car;;10;96.00
6132.00;41899283#1_0;148.70;11.08;5633.00;0.80;-23142338#2_0;5.10;0.00;tripinfo_out_ns_to_as.20;499.00;out_ns_to_as.20;0;2009.37;1.02;0.00;319.81;car;;21;170.00
6134.00;23156030#6_0;109.07;10.17;5473.00;0.60;-28716808#1_0;5.10;0.00;tripinfo_out_kl_to_od.4;661.00;out_kl_to_od.4;0;2657.03;0.92;0.00;399.14;car;;15;144.00
6136.00;41899283#1_0;148.70;9.49;5969.00;0.70;-230845886_0;5.10;0.00;tripinfo_out_ba_to_as.21;167.00;out_ba_to_as.21;0;1430.78;0.95;0.00;29.82;car;;1;7.00
6138.00;45494495_0;58.90;10.60;5446.00;0.86;-23142338#2_0;5.10;0.00;tripinfo_out_ns_to_os.0;692.00;out_ns_to_os.0;0;1865.82;1.04;0.00;529.67;car;;25;190.00
6139.00;23156030#6_0;109.07;8.04;5333.00;0.19;-230845886_0;5.10;0.00;tripinfo_out_ba_to_od.7;806.00;out_ba_to_od.7;0;2315.50;0.79;0.00;540.61;car;;23;256.00
6140.00;41899283#1_0;148.70;9.83;5980.00;0.24;-230845886_0;5.10;0.00;tripinfo_out_ba_to_as.22;160.00;out_ba_to_as.22;0;1430.78;0.91;0.00;16.50;car;;0;0.00
6142.00;41899283#1_0;148.70;9.77;5890.00;0.81;803785575#0_0;5.10;0.00;tripinfo_out_od_to_as.14;252.00;out_od_to_as.14;0;2382.09;0.95;0.00;25.51;car;;0;0.00
6144.00;230845886_0;633.12;8.41;5867.00;0.50;803785575#0_0;5.10;0.00;tripinfo_out_od_to_ba.3;277.00;out_od_to_ba.3;0;2382.14;0.85;0.00;23.57;car;;0;0.00
6146.00;45494495_0;58.90;10.73;5712.00;3.91;23687583_0;5.10;0.00;tripinfo_out_as_to_os.7;434.00;out_as_to_os.7;0;1689.77;1.02;0.00;284.46;car;;6;34.00
6146.00;230845886_0;633.12;11.39;5900.00;0.72;803785575#0_0;5.10;0.00;tripinfo_out_od_to_ba.4;246.00;out_od_to_ba.4;0;2382.14;1.08;0.00;45.36;car;;0;0.00
6148.00;230845886_0;633.12;9.40;5936.00;2.60;-23527526_0;5.10;0.00;tripinfo_out_gj_to_ba.24;212.00;out_gj_to_ba.24;0;1702.89;0.95;0.00;49.75;car;;2;7.00
6149.00;41899283#1_0;148.70;10.91;5671.00;0.78;-23142338#2_0;5.10;0.00;tripinfo_out_ns_to_as.21;478.00;out_ns_to_as.21;0;2009.37;1.03;0.00;299.93;car;;17;169.00
6149.00;45494495_0;58.90;11.45;6033.00;0.44;803785575#0_0;5.10;0.00;tripinfo_out_od_to_os.12;116.00;out_od_to_os.12;0;969.96;1.03;0.00;31.23;car;;1;15.00
6151.00;41899283#1_0;148.70;12.06;5685.00;0.08;-23142338#2_0;5.10;0.00;tripinfo_out_ns_to_as.22;466.00;out_ns_to_as.22;0;2009.37;1.09;0.00;297.72;car;;17;152.00
6151.00;23142338#2_0;290.21;8.80;5808.00;2.98;-23527526_0;5.10;0.00;tripinfo_out_gj_to_ns.53;343.00;out_gj_to_ns.53;0;2043.79;0.90;0.00;137.12;car;;5;78.00
6153.00;23142338#2_0;290.21;11.64;5844.00;0.30;-23527526_0;5.10;0.00;tripinfo_out_gj_to_ns.54;309.00;out_gj_to_ns.54;0;2043.79;1.15;0.00;147.29;car;;6;76.00
6154.00;23142338#2_0;290.21;13.59;5850.00;0.17;-23527526_0;5.10;0.00;tripinfo_out_gj_to_ns.55;304.00;out_gj_to_ns.55;0;2043.79;1.23;0.00;154.73;car;;7;68.00
6154.00;972103805_0;116.86;10.96;5892.00;3.77;-28716808#1_0;5.10;0.00;tripinfo_out_kl_to_ko.15;262.00;out_kl_to_ko.15;0;1927.03;1.01;0.00;89.13;car;;1;15.00
6155.00;28706217_0;94.10;7.08;5496.00;260.00;23687583_0;5.10;0.00;tripinfo_out_as_to_sl.4;659.00;out_as_to_sl.4;0;1976.75;0.94;0.00;462.96;car;;18;171.00
6156.00;45494495_0;58.90;12.36;5730.00;0.89;-23527526_0;5.10;0.00;tripinfo_out_gj_to_os.6;426.00;out_gj_to_os.6;0;2036.16;1.20;0.00;271.61;car;;7;36.00
6156.00;230845886_0;633.12;9.49;5996.00;3.06;23687583_0;5.10;0.00;tripinfo_out_as_to_ba.37;160.00;out_as_to_ba.37;0;1356.50;0.93;0.00;28.15;car;;2;8.00
6159.00;45494495_0;58.90;11.34;5716.00;2.06;-230845886_0;5.10;0.00;tripinfo_out_ba_to_os.9;443.00;out_ba_to_os.9;0;1647.96;1.08;0.00;304.64;car;;10;72.00
6159.00;972103805_0;116.86;10.27;5851.00;0.93;-23156390_0;5.10;0.00;tripinfo_out_br_to_ko.8;308.00;out_br_to_ko.8;0;2703.95;0.94;0.00;44.97;car;;2;10.00
6162.00;28706217_0;94.10;6.26;5502.00;257.18;23687583_0;5.10;0.00;tripinfo_out_as_to_sl.6;660.00;out_as_to_sl.6;0;1976.75;0.87;0.00;448.70;car;;15;166.00
6162.00;23156030#6_0;109.07;8.79;5526.00;254.20;23687583_0;5.10;0.00;tripinfo_out_as_to_od.5;636.00;out_as_to_od.5;0;2357.31;0.86;0.00;389.34;car;;15;83.00
6163.00;45494495_0;58.90;9.54;5694.00;0.04;-230845886_0;5.10;0.00;tripinfo_out_ba_to_os.8;469.00;out_ba_to_os.8;0;1647.96;0.96;0.00;314.92;car;;10;67.00
6163.00;230845886_0;633.12;11.08;5945.00;0.84;803785575#0_0;5.10;0.00;tripinfo_out_od_to_ba.5;218.00;out_od_to_ba.5;0;2382.14;1.07;0.00;15.87;car;;0;0.00
6163.00;972103805_0;116.86;8.71;6053.00;3.53;-23527526_0;5.10;0.00;tripinfo_out_gj_to_ko.12;110.00;out_gj_to_ko.12;0;971.70;0.89;0.00;10.92;car;;0;0.00
6164.00;23156030#6_0;109.07;9.63;5412.00;2.91;-230845886_0;5.10;0.00;tripinfo_out_ba_to_od.9;752.00;out_ba_to_od.9;0;2315.50;0.87;0.00;512.02;car;;18;226.00
6166.00;972103805_0;116.86;10.34;5883.00;0.11;-23156390_0;5.10;0.00;tripinfo_out_br_to_ko.9;283.00;out_br_to_ko.9;0;2703.95;1.00;0.00;37.80;car;;0;0.00
6166.00;45494495_0;58.90;10.32;6065.00;0.28;803785575#0_0;5.10;0.00;tripinfo_out_od_to_os.13;101.00;out_od_to_os.13;0;969.96;1.00;0.00;13.05;car;;0;0.00
6169.00;28706217_0;94.10;6.30;5517.00;255.98;23687583_0;5.10;0.00;tripinfo_out_as_to_sl.7;652.00;out_as_to_sl.7;0;1976.75;0.91;0.00;450.72;car;;18;155.00
6169.00;23156030#6_0;109.07;9.24;5421.00;0.28;-230845886_0;5.10;0.00;tripinfo_out_ba_to_od.10;748.00;out_ba_to_od.10;0;2315.50;0.84;0.00;497.95;car;;17;208.00
6172.00;23156030#6_0;109.07;8.91;5378.00;0.88;-23156390_0;5.10;0.00;tripinfo_out_br_to_od.5;794.00;out_br_to_od.5;0;2905.16;0.84;0.00;480.23;car;;16;194.00
6177.00;23142338#2_0;290.21;9.64;5853.00;1.11;-23527526_0;5.10;0.00;tripinfo_out_gj_to_ns.56;324.00;out_gj_to_ns.56;0;2043.79;0.96;0.00;131.49;car;;5;79.00
6181.00;41899283#1_0;148.70;9.52;5694.00;0.74;-23142338#2_0;5.10;0.00;tripinfo_out_ns_to_as.23;487.00;out_ns_to_as.23;0;2009.37;0.96;0.00;296.64;car;;17;171.00
6182.00;23156030#6_0;109.07;11.18;5539.00;229.75;23687583_0;5.10;0.00;tripinfo_out_as_to_od.6;643.00;out_as_to_od.6;0;2357.31;1.01;0.00;432.30;car;;13;115.00
6183.00;41899283#1_0;148.70;11.36;5714.00;0.93;-23142338#2_0;5.10;0.00;tripinfo_out_ns_to_as.24;469.00;out_ns_to_as.24;0;2009.37;1.07;0.00;297.23;car;;16;154.00
6183.00;23142338#2_0;290.21;9.85;5858.00;0.69;-23527526_0;5.10;0.00;tripinfo_out_gj_to_ns.57;325.00;out_gj_to_ns.57;0;2043.79;0.89;0.00;118.08;car;;5;68.00
6184.00;23156030#6_1;109.07;9.96;5442.00;0.91;-230845886_0;5.10;0.00;tripinfo_out_ba_to_od.11;742.00;out_ba_to_od.11;0;2315.50;1.01;0.00;535.71;car;;18;217.00
6185.00;23142338#2_0;290.21;11.59;5868.00;0.72;-23527526_0;5.10;0.00;tripinfo_out_gj_to_ns.58;317.00;out_gj_to_ns.58;0;2043.79;1.10;0.00;147.82;car;;5;62.00
6186.00;28706217_0;94.10;7.33;5499.00;257.04;23687583_0;5.10;0.00;tripinfo_out_as_to_sl.5;687.00;out_as_to_sl.5;0;1976.75;0.90;0.00;482.82;car;;17;182.00
6186.00;972103805_0;116.86;9.36;6065.00;0.43;-23527526_0;5.10;0.00;tripinfo_out_gj_to_ko.13;121.00;out_gj_to_ko.13;0;971.70;0.95;0.00;27.51;car;;1;13.00
6187.00;23156030#6_0;109.07;10.58;5449.00;0.25;-230845886_0;5.10;0.00;tripinfo_out_ba_to_od.12;738.00;out_ba_to_od.12;0;2315.50;1.00;0.00;527.97;car;;17;205.00
6187.00;23142338#2_0;290.21;9.01;5871.00;2.00;-23527526_0;5.10;0.00;tripinfo_out_gj_to_ns.59;316.00;out_gj_to_ns.59;0;2043.79;0.92;0.00;114.74;car;;4;57.00
6188.00;28706217_0;94.10;8.87;5492.00;259.41;23687583_0;5.10;0.00;tripinfo_out_as_to_sl.3;696.00;out_as_to_sl.3;0;1976.75;1.13;0.00;533.01;car;;26;155.00
6188.00;972103805_0;116.86;11.26;5734.00;0.86;-23156305_0;5.10;0.00;tripinfo_out_gg_to_ko.6;454.00;out_gg_to_ko.6;0;2416.59;1.04;0.00;243.13;car;;11;102.00
6190.00;972103805_0;116.86;10.42;5737.00;0.14;-23156305_0;5.10;0.00;tripinfo_out_gg_to_ko.7;453.00;out_gg_to_ko.7;0;2416.59;0.99;0.00;231.26;car;;10;94.00
6191.00;41899283#1_0;148.70;8.43;5721.00;0.60;-23142338#2_0;5.10;0.00;tripinfo_out_ns_to_as.25;470.00;out_ns_to_as.25;0;2009.37;0.87;0.00;259.53;car;;17;136.00
6192.00;23156030#6_0;109.07;11.79;5736.00;4.32;-23142338#2_0;5.10;0.00;tripinfo_out_ns_to_od.5;456.00;out_ns_to_od.5;0;2005.01;1.11;0.00;280.89;car;;18;140.00
6196.00;230845886_0;633.12;10.49;5718.00;0.73;-23142338#2_0;5.10;0.00;tripinfo_out_ns_to_ba.5;478.00;out_ns_to_ba.5;0;2340.42;0.95;0.00;257.38;car;;16;137.00
6197.00;230845886_0;633.12;11.81;5731.00;1.60;-23142338#2_0;5.10;0.00;tripinfo_out_ns_to_ba.6;466.00;out_ns_to_ba.6;0;2340.42;1.24;0.00;296.52;car;;15;145.00
6198.00;28706217_0;94.10;6.37;5362.00;0.32;-230845886_0;5.10;0.00;tripinfo_out_ba_to_sl.2;836.00;out_ba_to_sl.2;0;1934.94;0.80;0.00;612.43;car;;24;284.00
6201.00;41899283#1_0;148.70;9.40;6127.00;0.36;-23527526_0;5.10;0.00;tripinfo_out_gj_to_as.26;74.00;out_gj_to_as.26;0;633.70;0.90;0.00;8.59;car;;0;0.00
6208.00;23142338#2_0;290.21;9.16;5880.00;0.11;-23527526_0;5.10;0.00;tripinfo_out_gj_to_ns.60;328.00;out_gj_to_ns.60;0;2043.79;0.94;0.00;131.13;car;;5;72.00
6210.00;45494495_0;58.90;9.06;5763.00;0.99;-230845886_0;5.10;0.00;tripinfo_out_ba_to_os.10;447.00;out_ba_to_os.10;0;1647.96;0.89;0.00;278.89;car;;8;55.00
6210.00;23142338#2_0;290.21;11.94;5895.00;0.14;-23527526_0;5.10;0.00;tripinfo_out_gj_to_ns.61;315.00;out_gj_to_ns.61;0;2043.79;1.15;0.00;154.22;car;;5;75.00
6211.00;41899283#1_0;148.70;9.25;6136.00;3.50;-23527526_0;5.10;0.00;tripinfo_out_gj_to_as.27;75.00;out_gj_to_as.27;0;633.70;0.89;0.00;9.19;car;;0;0.00
6212.00;23142338#2_0;290.21;12.15;5902.00;0.86;-23527526_0;5.10;0.00;tripinfo_out_gj_to_ns.62;310.00;out_gj_to_ns.62;0;2043.79;1.10;0.00;141.85;car;;5;70.00
6212.00;45494495_0;58.90;11.34;6089.00;2.50;803785575#0_0;5.10;0.00;tripinfo_out_od_to_os.14;123.00;out_od_to_os.14;0;969.96;1.12;0.00;44.32;car;;3;14.00
6213.00;23156030#6_0;109.07;10.96;5542.00;227.06;23687583_0;5.10;0.00;tripinfo_out_as_to_od.7;671.00;out_as_to_od.7;0;2357.31;0.99;0.00;457.03;car;;18;117.00
6213.00;23142338#2_0;290.21;11.95;5908.00;6.82;-23527526_0;5.10;0.00;tripinfo_out_gj_to_ns.63;305.00;out_gj_to_ns.63;0;2043.79;1.08;0.00;133.57;car;;5;68.00
6213.00;41899283#1_0;148.70;11.06;6145.00;1.34;-23527526_0;5.10;0.00;tripinfo_out_gj_to_as.28;68.00;out_gj_to_as.28;0;633.70;1.05;0.00;11.71;car;;0;0.00
6214.00;45494495_0;58.90;10.90;5570.00;3.00;-23156390_0;5.10;0.00;tripinfo_out_br_to_os.2;644.00;out_br_to_os.2;0;2237.62;1.07;0.00;454.87;car;;12;156.00
6216.00;45494495_0;58.90;10.83;5559.00;0.65;-23142338#2_0;5.10;0.00;tripinfo_out_ns_to_os.1;657.00;out_ns_to_os.1;0;1865.82;1.02;0.00;490.03;car;;27;203.00
6217.00;28706217_0;94.10;6.14;5422.00;0.70;-23156390_0;5.10;0.00;tripinfo_out_br_to_sl.5;795.00;out_br_to_sl.5;0;2524.60;0.87;0.00;526.17;car;;24;192.00
6218.00;230845886_0;633.12;9.22;6054.00;0.78;23687583_0;5.10;0.00;tripinfo_out_as_to_ba.38;164.00;out_as_to_ba.38;0;1356.50;0.84;0.00;18.55;car;;1;4.00
6221.00;23156030#6_0;109.07;9.54;5594.00;126.39;23687583_0;5.10;0.00;tripinfo_out_as_to_od.9;627.00;out_as_to_od.9;0;2357.31;0.95;0.00;403.75;car;;16;103.00
6221.00;28706217_0;94.10;6.27;5524.00;3.49;-23527526_0;5.10;0.00;tripinfo_out_gj_to_sl.3;697.00;out_gj_to_sl.3;0;2323.14;0.85;0.00;444.26;car;;20;111.00
6221.00;45494495_0;58.90;7.55;5618.00;0.70;-23156390_0;5.10;0.00;tripinfo_out_br_to_os.3;603.00;out_br_to_os.3;0;2237.62;0.76;0.00;335.22;car;;12;95.00
6223.00;45494495_0;58.90;11.41;5739.00;4.50;-23527526_0;5.10;0.00;tripinfo_out_gj_to_os.7;484.00;out_gj_to_os.7;0;2036.16;1.05;0.00;308.44;car;;7;39.00
6223.00;23156030#6_1;109.07;11.03;5765.00;1.80;-23142338#2_0;5.10;0.00;tripinfo_out_ns_to_od.6;458.00;out_ns_to_od.6;0;2005.01;1.08;0.00;278.97;car;;18;158.00
6223.00;41899283#1_0;148.70;9.19;6148.00;3.06;-23527526_0;5.10;0.00;tripinfo_out_gj_to_as.29;75.00;out_gj_to_as.29;0;633.70;0.88;0.00;7.96;car;;0;0.00
6224.00;28706217_0;94.10;7.09;5528.00;0.33;-23527526_0;5.10;0.00;tripinfo_out_gj_to_sl.4;696.00;out_gj_to_sl.4;0;2323.14;0.90;0.00;455.62;car;;21;122.00
6225.00;45494495_0;58.90;10.59;5307.00;0.13;-23156305_0;5.10;0.00;tripinfo_out_gg_to_os.4;918.00;out_gg_to_os.4;0;2621.43;1.01;0.00;682.45;car;;17;356.00
6227.00;41899283#1_0;148.70;10.62;6159.00;2.29;-23527526_0;5.10;0.00;tripinfo_out_gj_to_as.30;68.00;out_gj_to_as.30;0;633.70;0.97;0.00;7.55;car;;0;0.00
6228.00;28706217_0;94.10;8.17;5823.00;2.71;-23142338#2_0;5.10;0.00;tripinfo_out_ns_to_sl.4;405.00;out_ns_to_sl.4;0;1619.36;1.02;0.00;244.78;car;;15;126.00
6229.00;23142338#2_0;290.21;11.25;5280.00;2.51;-23156305_0;5.10;0.00;tripinfo_out_gg_to_ns.2;949.00;out_gg_to_ns.2;0;2927.39;1.13;0.00;713.70;car;;15;546.00
6229.00;23156030#6_0;109.07;8.89;5545.00;211.33;23687583_0;5.10;0.00;tripinfo_out_as_to_od.8;684.00;out_as_to_od.8;0;2357.31;0.81;0.00;422.13;car;;18;97.00
6229.00;230845886_0;633.12;8.45;6007.00;4.88;-23527526_0;5.10;0.00;tripinfo_out_gj_to_ba.25;222.00;out_gj_to_ba.25;0;1702.89;0.77;0.00;22.76;car;;0;0.00
6229.00;41899283#1_0;148.70;12.05;6165.00;5.77;-23527526_0;5.10;0.00;tripinfo_out_gj_to_as.31;64.00;out_gj_to_as.31;0;633.70;1.09;0.00;10.16;car;;0;0.00
6231.00;230845886_0;633.12;9.55;6021.00;0.48;-23527526_0;5.10;0.00;tripinfo_out_gj_to_ba.26;210.00;out_gj_to_ba.26;0;1702.89;0.95;0.00;47.32;car;;1;2.00
6233.00;230845886_0;633.12;8.25;6067.00;12.02;23687583_0;5.10;0.00;tripinfo_out_as_to_ba.39;166.00;out_as_to_ba.39;0;1356.50;0.85;0.00;23.09;car;;0;0.00
6235.00;230845886_0;633.12;11.19;6057.00;0.39;-28716808#1_0;5.10;0.00;tripinfo_out_kl_to_ba.1;178.00;out_kl_to_ba.1;0;1656.22;1.06;0.00;36.54;car;;0;0.00
6237.00;230845886_0;633.12;12.31;3221.00;603.27;-45494495_0;5.10;0.00;tripinfo_in_os_to_ba.14;3016.00;in_os_to_ba.14;0;1746.52;1.13;0.00;2875.79;car;;15;2751.00
6239.00;230845886_0;633.12;9.57;5756.00;0.67;-23142338#2_0;5.10;0.00;tripinfo_out_ns_to_ba.7;483.00;out_ns_to_ba.7;0;2340.42;0.91;0.00;253.47;car;;15;129.00
6239.00;23142338#2_0;290.21;10.16;5919.00;0.34;-23527526_0;5.10;0.00;tripinfo_out_gj_to_ns.64;320.00;out_gj_to_ns.64;0;2043.79;0.96;0.00;127.88;car;;5;76.00
6242.00;28706217_0;94.10;7.09;5642.00;0.39;-28716808#1_0;5.10;0.00;tripinfo_out_kl_to_sl.9;600.00;out_kl_to_sl.9;0;2276.47;1.00;0.00;389.06;car;;13;104.00
6242.00;41899283#1_0;148.70;9.17;6171.00;6.46;-23527526_0;5.10;0.00;tripinfo_out_gj_to_as.32;71.00;out_gj_to_as.32;0;633.70;0.92;0.00;7.74;car;;0;0.00
6245.00;23156030#6_0;109.07;9.63;5425.00;0.48;-23156390_0;5.10;0.00;tripinfo_out_br_to_od.6;820.00;out_br_to_od.6;0;2905.16;0.96;0.00;545.56;car;;16;230.00
6245.00;28706217_0;94.10;9.14;5624.00;66.70;23687583_0;5.10;0.00;tripinfo_out_as_to_sl.8;621.00;out_as_to_sl.8;0;1976.75;1.10;0.00;454.34;car;;17;121.00
6246.00;972103805_0;116.86;9.78;6022.00;0.26;-28716808#1_0;5.10;0.00;tripinfo_out_kl_to_ko.16;224.00;out_kl_to_ko.16;0;1927.03;0.95;0.00;40.65;car;;1;16.00
6247.00;230845886_0;633.12;9.75;5754.00;1.89;-23156305_0;5.10;0.00;tripinfo_out_gg_to_ba.8;493.00;out_gg_to_ba.8;0;2288.16;0.88;0.00;259.16;car;;10;143.00
6248.00;972103805_0;116.86;11.30;5757.00;1.46;-23156305_0;5.10;0.00;tripinfo_out_gg_to_ko.8;491.00;out_gg_to_ko.8;0;2416.59;1.07;0.00;284.83;car;;8;128.00
6249.00;230845886_0;633.12;11.27;5770.00;1.62;-23156305_0;5.10;0.00;tripinfo_out_gg_to_ba.9;479.00;out_gg_to_ba.9;0;2288.16;1.02;0.00;276.75;car;;10;124.00
6249.00;23142338#2_0;290.21;9.02;5927.00;0.14;-23527526_0;5.10;0.00;tripinfo_out_gj_to_ns.65;322.00;out_gj_to_ns.65;0;2043.79;0.84;0.00;101.25;car;;4;51.00
6249.00;41899283#1_0;148.70;10.49;6181.00;0.62;-23527526_0;5.10;0.00;tripinfo_out_gj_to_as.33;68.00;out_gj_to_as.33;0;633.70;0.97;0.00;7.55;car;;0;0.00
6251.00;23142338#2_0;290.21;12.42;5933.00;1.13;-23527526_0;5.10;0.00;tripinfo_out_gj_to_ns.66;318.00;out_gj_to_ns.66;0;2043.79;1.21;0.00;165.07;car;;5;69.00
6251.00;230845886_0;633.12;9.61;6062.00;0.94;-23527526_0;5.10;0.00;tripinfo_out_gj_to_ba.27;189.00;out_gj_to_ba.27;0;1702.89;0.97;0.00;29.90;car;;0;0.00
6251.00;41899283#1_0;148.70;13.22;6186.00;0.25;-23527526_0;5.10;0.00;tripinfo_out_gj_to_as.34;65.00;out_gj_to_as.34;0;633.70;1.31;0.00;17.70;car;;0;0.00
6252.00;28706217_0;94.10;8.10;5645.00;3.32;-28716808#1_0;5.10;0.00;tripinfo_out_kl_to_sl.10;607.00;out_kl_to_sl.10;0;2276.47;1.03;0.00;402.36;car;;11;109.00
6256.00;23156030#6_0;109.07;8.36;5516.00;0.48;-28716808#1_0;5.10;0.00;tripinfo_out_kl_to_od.5;740.00;out_kl_to_od.5;0;2657.03;0.85;0.00;458.23;car;;13;142.00
6256.00;45494495_0;58.90;12.19;5811.00;3.53;-230845886_0;5.10;0.00;tripinfo_out_ba_to_os.11;445.00;out_ba_to_os.11;0;1647.96;1.17;0.00;317.80;car;;10;54.00
6257.00;41899283#1_0;148.70;9.10;5748.00;0.02;-23142338#2_0;5.10;0.00;tripinfo_out_ns_to_as.26;509.00;out_ns_to_as.26;0;2009.37;0.92;0.00;310.77;car;;18;178.00
6258.00;23156030#6_1;109.07;9.61;5800.00;0.82;-23142338#2_0;5.10;0.00;tripinfo_out_ns_to_od.7;458.00;out_ns_to_od.7;0;2005.01;0.97;0.00;258.24;car;;16;145.00
6259.00;41899283#1_0;148.70;12.04;2457.00;0.39;-45494495_0;5.10;0.00;tripinfo_in_os_to_as.8;3802.00;in_os_to_as.8;0;1746.47;1.14;0.00;3663.08;car;;6;3615.00
6259.00;23142338#2_0;290.21;9.14;5756.00;0.30;-23156390_0;5.10;0.00;tripinfo_out_br_to_ns.4;503.00;out_br_to_ns.4;0;2936.02;0.91;0.00;209.59;car;;5;60.00
6260.00;23156030#6_0;109.07;9.25;5603.00;0.28;-23527526_0;5.10;0.00;tripinfo_out_gj_to_od.5;657.00;out_gj_to_od.5;0;2703.70;0.84;0.00;363.88;car;;12;93.00
6261.00;41899283#1_0;148.70;10.45;6071.00;1.22;-230845886_0;5.10;0.00;tripinfo_out_ba_to_as.23;190.00;out_ba_to_as.23;0;1430.78;1.02;0.00;62.73;car;;2;35.00
6262.00;230845886_0;633.12;9.51;6082.00;0.16;-28716808#1_0;5.10;0.00;tripinfo_out_kl_to_ba.2;180.00;out_kl_to_ba.2;0;1656.22;0.90;0.00;14.17;car;;0;0.00
6263.00;41899283#1_0;148.70;11.01;6081.00;0.00;-230845886_0;5.10;0.00;tripinfo_out_ba_to_as.24;182.00;out_ba_to_as.24;0;1430.78;1.02;0.00;54.51;car;;1;33.00
6264.00;23156030#6_0;109.07;12.84;5562.00;0.65;-28716808#1_0;5.10;0.00;tripinfo_out_kl_to_od.6;702.00;out_kl_to_od.6;0;2657.03;1.17;0.00;497.26;car;;15;140.00
6265.00;41899283#1_0;148.70;11.21;5994.00;0.21;803785575#0_0;5.10;0.00;tripinfo_out_od_to_as.15;271.00;out_od_to_as.15;0;2382.09;1.06;0.00;67.05;car;;2;36.00
6269.00;230845886_0;633.12;10.47;5854.00;1.52;-23142338#2_0;5.10;0.00;tripinfo_out_ns_to_ba.8;415.00;out_ns_to_ba.8;0;2340.42;1.02;0.00;208.88;car;;13;109.00
6271.00;23156030#6_1;109.07;12.15;5635.00;46.68;23687583_0;5.10;0.00;tripinfo_out_as_to_od.10;636.00;out_as_to_od.10;0;2357.31;1.14;0.00;449.72;car;;14;103.00
6271.00;23142338#2_0;290.21;9.71;5945.00;0.03;-23527526_0;5.10;0.00;tripinfo_out_gj_to_ns.67;326.00;out_gj_to_ns.67;0;2043.79;0.90;0.00;119.93;car;;5;68.00
6273.00;23156030#6_0;109.07;10.75;5648.00;16.92;23687583_0;5.10;0.00;tripinfo_out_as_to_od.11;625.00;out_as_to_od.11;0;2357.31;1.03;0.00;418.26;car;;16;103.00
6273.00;23142338#2_0;290.21;10.55;5957.00;0.91;-23527526_0;5.10;0.00;tripinfo_out_gj_to_ns.68;316.00;out_gj_to_ns.68;0;2043.79;1.02;0.00;135.17;car;;5;60.00
6275.00;23156030#6_0;109.07;11.23;5686.00;0.16;23687583_0;5.10;0.00;tripinfo_out_as_to_od.12;589.00;out_as_to_od.12;0;2357.31;1.07;0.00;390.11;car;;14;105.00
6275.00;972103805_0;116.86;10.87;5811.00;0.56;-23156305_0;5.10;0.00;tripinfo_out_gg_to_ko.9;464.00;out_gg_to_ko.9;0;2416.59;1.03;0.00;250.34;car;;8;113.00
6275.00;23142338#2_0;290.21;9.40;5964.00;0.46;-23527526_0;5.10;0.00;tripinfo_out_gj_to_ns.69;311.00;out_gj_to_ns.69;0;2043.79;0.95;0.00;116.53;car;;4;55.00
6276.00;28706217_0;94.10;6.49;5660.00;8.44;23687583_0;5.10;0.00;tripinfo_out_as_to_sl.9;616.00;out_as_to_sl.9;0;1976.75;0.89;0.00;410.94;car;;17;121.00
6278.00;28706217_0;94.10;7.70;5549.00;0.18;-230845886_0;5.10;0.00;tripinfo_out_ba_to_sl.3;729.00;out_ba_to_sl.3;0;1934.94;1.04;0.00;556.79;car;;18;186.00
6278.00;41899283#1_0;148.70;9.71;6102.00;0.95;-28716808#1_0;5.10;0.00;tripinfo_out_kl_to_as.9;176.00;out_kl_to_as.9;0;1233.18;0.98;0.00;61.96;car;;3;37.00
6280.00;41899283#1_0;148.70;9.47;6103.00;0.47;-230845886_0;5.10;0.00;tripinfo_out_ba_to_as.25;177.00;out_ba_to_as.25;0;1430.78;0.94;0.00;40.06;car;;2;15.00
6284.00;45494495_0;58.90;8.82;5456.00;0.54;-23156305_0;5.10;0.00;tripinfo_out_gg_to_os.5;828.00;out_gg_to_os.5;0;2621.43;0.88;0.00;559.48;car;;17;251.00
6284.00;41899283#1_0;148.70;9.25;5881.00;0.30;-23142338#2_0;5.10;0.00;tripinfo_out_ns_to_as.27;403.00;out_ns_to_as.27;0;2009.37;0.88;0.00;194.60;car;;14;93.00
6286.00;45494495_0;58.90;10.39;5512.00;0.39;-23156305_0;5.10;0.00;tripinfo_out_gg_to_os.7;774.00;out_gg_to_os.7;0;2621.43;1.00;0.00;537.82;car;;14;205.00
6286.00;41899283#1_0;148.70;11.70;5920.00;0.19;-23142338#2_0;5.10;0.00;tripinfo_out_ns_to_as.28;366.00;out_ns_to_as.28;0;2009.37;1.15;0.00;206.44;car;;12;99.00
6288.00;45494495_0;58.90;10.81;5461.00;0.96;-23156305_0;5.10;0.00;tripinfo_out_gg_to_os.6;827.00;out_gg_to_os.6;0;2621.43;1.02;0.00;593.70;car;;15;267.00
6288.00;41899283#1_0;148.70;13.72;5855.00;0.53;-23156305_0;5.10;0.00;tripinfo_out_gg_to_as.5;433.00;out_gg_to_as.5;0;1699.56;1.33;0.00;308.58;car;;11;133.00
6289.00;23156030#6_0;109.07;9.88;5904.00;0.79;-23142338#2_0;5.10;0.00;tripinfo_out_ns_to_od.8;385.00;out_ns_to_od.8;0;2005.01;0.97;0.00;186.65;car;;12;86.00
6295.00;23156030#6_1;109.07;12.24;5694.00;0.81;-28716808#1_0;5.10;0.00;tripinfo_out_kl_to_od.8;601.00;out_kl_to_od.8;0;2657.03;1.20;0.00;400.97;car;;13;103.00
6298.00;23142338#2_0;290.21;9.69;5782.00;2.16;23687583_0;5.10;0.00;tripinfo_out_as_to_ns.25;516.00;out_as_to_ns.25;0;1995.73;0.94;0.00;324.11;car;;7;266.00
6298.00;230845886_0;633.12;11.80;5946.00;0.32;-23142338#2_0;5.10;0.00;tripinfo_out_ns_to_ba.9;352.00;out_ns_to_ba.9;0;2340.42;1.14;0.00;167.21;car;;10;79.00
6299.00;23156030#6_0;109.07;11.42;5254.00;1.87;-23156305_0;5.10;0.00;tripinfo_out_gg_to_od.12;1045.00;out_gg_to_od.12;0;3288.97;1.07;0.00;766.10;car;;19;426.00
6301.00;23142338#2_0;290.21;9.79;5293.00;0.57;-23156305_0;5.10;0.00;tripinfo_out_gg_to_ns.3;1008.00;out_gg_to_ns.3;0;2927.39;0.93;0.00;723.60;car;;15;590.00
6304.00;972103805_0;116.86;10.34;6009.00;0.92;-23156390_0;5.10;0.00;tripinfo_out_br_to_ko.10;295.00;out_br_to_ko.10;0;2703.95;1.03;0.00;56.95;car;;3;22.00
6306.00;28706217_0;94.10;6.58;5697.00;0.27;-230845886_0;5.10;0.00;tripinfo_out_ba_to_sl.4;609.00;out_ba_to_sl.4;0;1934.94;0.89;0.00;406.92;car;;13;142.00
6306.00;41899283#1_0;148.70;10.14;6234.00;0.39;-23527526_0;5.10;0.00;tripinfo_out_gj_to_as.35;72.00;out_gj_to_as.35;0;633.70;0.92;0.00;8.04;car;;0;0.00
6307.00;23156030#6_0;109.07;10.55;5581.00;0.40;-28716808#1_0;5.10;0.00;tripinfo_out_kl_to_od.7;726.00;out_kl_to_od.7;0;2657.03;1.04;0.00;494.90;car;;15;130.00
6309.00;23142338#2_0;290.21;9.33;5329.00;0.28;-23156305_0;5.10;0.00;tripinfo_out_gg_to_ns.4;980.00;out_gg_to_ns.4;0;2927.39;0.85;0.00;665.47;car;;13;548.00
6316.00;230845886_0;633.12;9.13;6167.00;1.89;23687583_0;5.10;0.00;tripinfo_out_as_to_ba.40;149.00;out_as_to_ba.40;0;1356.50;0.91;0.00;15.29;car;;0;0.00
6317.00;23156030#6_0;109.07;9.30;5443.00;6.01;-23156390_0;5.10;0.00;tripinfo_out_br_to_od.7;874.00;out_br_to_od.7;0;2905.16;0.86;0.00;567.71;car;;17;278.00
6317.00;28706217_0;94.10;5.05;5721.00;6.75;23687583_0;5.10;0.00;tripinfo_out_as_to_sl.11;596.00;out_as_to_sl.11;0;1976.75;0.72;0.00;341.07;car;;9;107.00
6318.00;230845886_0;633.12;11.45;6170.00;1.85;23687583_0;5.10;0.00;tripinfo_out_as_to_ba.41;148.00;out_as_to_ba.41;0;1356.50;1.11;0.00;37.88;car;;0;0.00
6318.00;41899283#1_0;148.70;11.30;6248.00;0.01;-23527526_0;5.10;0.00;tripinfo_out_gj_to_as.36;70.00;out_gj_to_as.36;0;633.70;1.02;0.00;12.60;car;;0;0.00
6320.00;230845886_0;633.12;10.46;6152.00;0.91;-28716808#1_0;5.10;0.00;tripinfo_out_kl_to_ba.3;168.00;out_kl_to_ba.3;0;1656.22;1.02;0.00;20.56;car;;0;0.00
6321.00;45494495_0;58.90;10.80;6165.00;0.93;803785575#0_0;5.10;0.00;tripinfo_out_od_to_os.15;156.00;out_od_to_os.15;0;969.96;0.99;0.00;67.79;car;;3;51.00
6322.00;230845886_0;633.12;11.75;6142.00;0.74;-23527526_0;5.10;0.00;tripinfo_out_gj_to_ba.28;180.00;out_gj_to_ba.28;0;1702.89;1.13;0.00;43.47;car;;1;9.00
6322.00;41899283#1_0;148.70;11.71;6262.00;0.46;-23527526_0;5.10;0.00;tripinfo_out_gj_to_as.37;60.00;out_gj_to_as.37;0;633.70;1.17;0.00;9.79;car;;0;0.00
6323.00;28706217_0;94.10;6.95;5692.00;1.64;23687583_0;5.10;0.00;tripinfo_out_as_to_sl.10;631.00;out_as_to_sl.10;0;1976.75;0.93;0.00;432.39;car;;14;118.00
6327.00;23142338#2_0;290.21;9.36;5350.00;0.46;-23156305_0;5.10;0.00;tripinfo_out_gg_to_ns.5;977.00;out_gg_to_ns.5;0;2927.39;0.95;0.00;696.71;car;;14;559.00
6329.00;41899283#1_0;148.70;9.96;5984.00;0.30;-23142338#2_0;5.10;0.00;tripinfo_out_ns_to_as.29;345.00;out_ns_to_as.29;0;2009.37;0.90;0.00;140.66;car;;7;62.00
6329.00;23142338#2_0;290.21;11.21;6036.00;0.55;-23527526_0;5.10;0.00;tripinfo_out_gj_to_ns.71;293.00;out_gj_to_ns.71;0;2043.79;1.08;0.00;122.02;car;;4;58.00
6329.00;28706217_0;94.10;7.00;6101.00;5.88;-23142338#2_0;5.10;0.00;tripinfo_out_ns_to_sl.5;228.00;out_ns_to_sl.5;0;1619.36;0.98;0.00;62.07;car;;3;23.00
6331.00;41899283#1_0;148.70;10.98;6155.00;2.48;-28716808#1_0;5.10;0.00;tripinfo_out_kl_to_as.10;176.00;out_kl_to_as.10;0;1233.18;0.99;0.00;62.82;car;;2;36.00
6332.00;41899283#1_0;148.70;12.82;6086.00;0.25;803785575#0_0;5.10;0.00;tripinfo_out_od_to_as.16;246.00;out_od_to_as.16;0;2382.09;1.22;0.00;70.06;car;;3;34.00
6332.00;230845886_0;633.12;10.71;6091.00;0.03;-23142338#2_0;5.10;0.00;tripinfo_out_ns_to_ba.10;241.00;out_ns_to_ba.10;0;2340.42;1.06;0.00;41.26;car;;1;16.00
6334.00;972103805_0;116.86;11.20;6216.00;1.28;-23527526_0;5.10;0.00;tripinfo_out_gj_to_ko.14;118.00;out_gj_to_ko.14;0;971.70;1.01;0.00;30.82;car;;1;18.00
6336.00;28706217_0;94.10;7.37;5779.00;0.84;23687583_0;5.10;0.00;tripinfo_out_as_to_sl.12;557.00;out_as_to_sl.12;0;1976.75;0.96;0.00;365.31;car;;15;118.00
6337.00;23156030#6_1;109.07;9.97;5495.00;0.53;-23156390_0;5.10;0.00;tripinfo_out_br_to_od.8;842.00;out_br_to_od.8;0;2905.16;0.97;0.00;570.54;car;;15;271.00
6337.00;23156030#6_0;109.07;9.09;5542.00;0.10;-230845886_0;5.10;0.00;tripinfo_out_ba_to_od.13;795.00;out_ba_to_od.13;0;2315.50;0.93;0.00;569.62;car;;20;206.00
6337.00;41899283#1_0;148.70;9.35;6140.00;0.36;-230845886_0;5.10;0.00;tripinfo_out_ba_to_as.26;197.00;out_ba_to_as.26;0;1430.78;0.85;0.00;44.90;car;;2;23.00
6340.00;28706217_0;94.10;7.27;5272.00;0.74;-23156305_0;5.10;0.00;tripinfo_out_gg_to_sl.2;1068.00;out_gg_to_sl.2;0;2908.41;0.95;0.00;786.93;car;;26;454.00
6340.00;41899283#1_0;148.70;9.55;6029.00;0.35;-23156305_0;5.10;0.00;tripinfo_out_gg_to_as.6;311.00;out_gg_to_as.6;0;1699.56;0.87;0.00;131.72;car;;4;58.00
6341.00;23142338#2_0;290.21;8.54;6004.00;4.38;-23527526_0;5.10;0.00;tripinfo_out_gj_to_ns.70;337.00;out_gj_to_ns.70;0;2043.79;0.82;0.00;112.59;car;;4;56.00
6342.00;41899283#1_0;148.70;10.00;6276.00;2.34;-23527526_0;5.10;0.00;tripinfo_out_gj_to_as.38;66.00;out_gj_to_as.38;0;633.70;1.00;0.00;7.98;car;;0;0.00
6343.00;23156030#6_0;109.07;9.61;5718.00;5.39;23687583_0;5.10;0.00;tripinfo_out_as_to_od.13;625.00;out_as_to_od.13;0;2357.31;0.91;0.00;390.29;car;;13;115.00
6343.00;45494495_0;58.90;8.07;5819.00;0.63;-23527526_0;5.10;0.00;tripinfo_out_gj_to_os.8;524.00;out_gj_to_os.8;0;2036.16;0.84;0.00;304.42;car;;8;61.00
6343.00;23142338#2_0;290.21;10.39;6050.00;0.63;-23527526_0;5.10;0.00;tripinfo_out_gj_to_ns.72;293.00;out_gj_to_ns.72;0;2043.79;1.01;0.00;110.30;car;;4;48.00
6344.00;45494495_0;58.90;11.43;5562.00;0.14;-23156305_0;5.10;0.00;tripinfo_out_gg_to_os.8;782.00;out_gg_to_os.8;0;2621.43;1.04;0.00;554.86;car;;19;231.00
6344.00;230845886_0;633.12;9.83;5829.00;0.79;-23156305_0;5.10;0.00;tripinfo_out_gg_to_ba.10;515.00;out_gg_to_ba.10;0;2288.16;0.93;0.00;292.64;car;;11;152.00
6346.00;230845886_0;633.12;11.42;5869.00;0.34;-23156305_0;5.10;0.00;tripinfo_out_gg_to_ba.11;477.00;out_gg_to_ba.11;0;2288.16;1.03;0.00;276.71;car;;8;124.00
6347.00;45494495_0;58.90;10.25;5840.00;2.98;-230845886_0;5.10;0.00;tripinfo_out_ba_to_os.12;507.00;out_ba_to_os.12;0;1647.96;0.93;0.00;346.21;car;;11;87.00
6348.00;230845886_0;633.12;10.15;5910.00;0.77;-23156305_0;5.10;0.00;tripinfo_out_gg_to_ba.12;438.00;out_gg_to_ba.12;0;2288.16;0.95;0.00;221.39;car;;6;104.00
6348.00;41899283#1_0;148.70;10.16;6084.00;0.53;-23142338#2_0;5.10;0.00;tripinfo_out_ns_to_as.30;264.00;out_ns_to_as.30;0;2009.37;1.00;0.00;80.74;car;;3;37.00
6349.00;23156030#6_0;109.07;8.36;5277.00;0.18;-23156305_0;5.10;0.00;tripinfo_out_gg_to_od.13;1072.00;out_gg_to_od.13;0;3288.97;0.85;0.00;724.40;car;;21;425.00
6349.00;45494495_0;58.90;8.74;5871.00;0.68;-230845886_0;5.10;0.00;tripinfo_out_ba_to_os.13;478.00;out_ba_to_os.13;0;1647.96;0.89;0.00;310.59;car;;12;70.00
6350.00;23142338#2_0;290.21;11.33;5445.00;0.17;-23156305_0;5.10;0.00;tripinfo_out_gg_to_ns.6;905.00;out_gg_to_ns.6;0;2927.39;1.10;0.00;663.14;car;;14;506.00
6350.00;23156030#6_1;109.07;9.73;6070.00;1.78;-23142338#2_0;5.10;0.00;tripinfo_out_ns_to_od.9;280.00;out_ns_to_od.9;0;2005.01;0.89;0.00;63.60;car;;3;31.00
6350.00;230845886_0;633.12;11.94;6132.00;0.05;-23156390_0;5.10;0.00;tripinfo_out_br_to_ba.4;218.00;out_br_to_ba.4;0;1904.35;1.14;0.00;66.83;car;;1;18.00
6351.00;45494495_0;58.90;9.53;5919.00;0.58;-230845886_0;5.10;0.00;tripinfo_out_ba_to_os.14;432.00;out_ba_to_os.14;0;1647.96;0.91;0.00;267.86;car;;8;42.00
6351.00;23156030#6_0;109.07;12.09;6098.00;3.39;-23142338#2_0;5.10;0.00;tripinfo_out_ns_to_od.10;253.00;out_ns_to_od.10;0;2005.01;1.12;0.00;79.89;car;;3;21.00
6353.00;45494495_0;58.90;9.68;5936.00;0.66;23687583_0;5.10;0.00;tripinfo_out_as_to_os.9;417.00;out_as_to_os.9;0;1689.77;0.95;0.00;257.18;car;;8;43.00
6355.00;45494495_0;58.90;10.73;5850.00;1.54;-23142338#2_0;5.10;0.00;tripinfo_out_ns_to_os.2;505.00;out_ns_to_os.2;0;1865.82;1.06;0.00;344.85;car;;18;139.00
6358.00;45494495_0;58.90;9.59;5949.00;0.48;-230845886_0;5.10;0.00;tripinfo_out_ba_to_os.15;409.00;out_ba_to_os.15;0;1647.96;0.93;0.00;248.33;car;;6;36.00
6359.00;45494495_0;58.90;11.02;5947.00;0.73;23687583_0;5.10;0.00;tripinfo_out_as_to_os.10;412.00;out_as_to_os.10;0;1689.77;1.09;0.00;273.02;car;;10;47.00
6360.00;230845886_0;633.12;9.81;6168.00;6.38;-23527526_0;5.10;0.00;tripinfo_out_gj_to_ba.29;192.00;out_gj_to_ba.29;0;1702.89;0.94;0.00;27.80;car;;1;7.00
6361.00;41899283#1_0;148.70;9.06;6111.00;0.50;-23156390_0;5.10;0.00;tripinfo_out_br_to_as.3;250.00;out_br_to_as.3;0;2020.44;0.84;0.00;33.37;car;;2;8.00
6362.00;23156030#6_0;109.07;10.89;5518.00;0.66;-23156390_0;5.10;0.00;tripinfo_out_br_to_od.9;844.00;out_br_to_od.9;0;2905.16;1.05;0.00;593.16;car;;18;282.00
6362.00;230845886_0;633.12;10.66;6219.00;0.55;23687583_0;5.10;0.00;tripinfo_out_as_to_ba.42;143.00;out_as_to_ba.42;0;1356.50;1.04;0.00;25.17;car;;1;2.00
6363.00;230845886_0;633.12;11.75;6192.00;2.85;-23527526_0;5.10;0.00;tripinfo_out_gj_to_ba.30;171.00;out_gj_to_ba.30;0;1702.89;1.17;0.00;39.28;car;;1;2.00
6364.00;972103805_0;116.86;11.55;6256.00;0.57;-23527526_0;5.10;0.00;tripinfo_out_gj_to_ko.15;108.00;out_gj_to_ko.15;0;971.70;1.04;0.00;23.50;car;;1;10.00
6366.00;23156030#6_1;109.07;10.53;5785.00;4.30;23687583_0;5.10;0.00;tripinfo_out_as_to_od.15;581.00;out_as_to_od.15;0;2357.31;1.01;0.00;371.40;car;;12;104.00
6367.00;41899283#1_0;148.70;11.17;6202.00;0.10;-230845886_0;5.10;0.00;tripinfo_out_ba_to_as.27;165.00;out_ba_to_as.27;0;1430.78;1.09;0.00;45.35;car;;4;17.00
6368.00;23156030#6_0;109.07;9.59;5738.00;2.51;23687583_0;5.10;0.00;tripinfo_out_as_to_od.14;630.00;out_as_to_od.14;0;2357.31;0.92;0.00;399.34;car;;14;124.00
6369.00;23142338#2_0;290.21;8.24;5525.00;0.18;-23156305_0;5.10;0.00;tripinfo_out_gg_to_ns.7;844.00;out_gg_to_ns.7;0;2927.39;0.82;0.00;519.06;car;;16;380.00
6369.00;972103805_0;116.86;10.61;6044.00;0.48;-23156390_0;5.10;0.00;tripinfo_out_br_to_ko.11;325.00;out_br_to_ko.11;0;2703.95;1.02;0.00;84.94;car;;3;46.00
6369.00;230845886_0;633.12;11.16;6104.00;4.43;-23142338#2_0;5.10;0.00;tripinfo_out_ns_to_ba.11;265.00;out_ns_to_ba.11;0;2340.42;1.00;0.00;55.59;car;;2;20.00
6371.00;23142338#2_0;290.21;7.94;5842.00;0.07;23687583_0;5.10;0.00;tripinfo_out_as_to_ns.26;529.00;out_as_to_ns.26;0;1995.73;0.81;0.00;305.63;car;;8;227.00
6371.00;41899283#1_0;148.70;10.74;6046.00;0.65;-23156305_0;5.10;0.00;tripinfo_out_gg_to_as.7;325.00;out_gg_to_as.7;0;1699.56;0.98;0.00;166.36;car;;6;84.00
6372.00;972103805_0;116.86;9.67;5919.00;0.98;-23156305_0;5.10;0.00;tripinfo_out_gg_to_ko.10;453.00;out_gg_to_ko.10;0;2416.59;0.93;0.00;217.56;car;;6;104.00
6372.00;41899283#1_0;148.70;11.02;6050.00;0.19;-23156305_0;5.10;0.00;tripinfo_out_gg_to_as.8;322.00;out_gg_to_as.8;0;1699.56;1.01;0.00;169.35;car;;6;79.00
6373.00;23142338#2_0;290.21;11.26;5866.00;3.48;23687583_0;5.10;0.00;tripinfo_out_as_to_ns.27;507.00;out_as_to_ns.27;0;1995.73;1.02;0.00;328.54;car;;8;225.00
6373.00;45494495_0;58.90;6.10;5889.00;0.92;-28716808#1_0;5.10;0.00;tripinfo_out_kl_to_os.7;484.00;out_kl_to_os.7;0;1989.49;0.60;0.00;186.73;car;;6;26.00
6373.00;972103805_0;116.86;10.94;5944.00;0.59;-23156305_0;5.10;0.00;tripinfo_out_gg_to_ko.11;429.00;out_gg_to_ko.11;0;2416.59;1.10;0.00;230.08;car;;6;100.00
6375.00;23142338#2_0;290.21;9.69;6064.00;0.09;-230845886_0;5.10;0.00;tripinfo_out_ba_to_ns.2;311.00;out_ba_to_ns.2;0;2346.36;0.96;0.00;89.01;car;;1;20.00
6375.00;45494495_0;58.90;10.40;6242.00;0.21;803785575#0_0;5.10;0.00;tripinfo_out_od_to_os.16;133.00;out_od_to_os.16;0;969.96;0.94;0.00;40.02;car;;2;12.00
6377.00;45494495_0;58.90;10.18;5656.00;0.02;-23156305_0;5.10;0.00;tripinfo_out_gg_to_os.9;721.00;out_gg_to_os.9;0;2621.43;1.01;0.00;487.36;car;;16;139.00
6377.00;230845886_0;633.12;11.04;6206.00;0.66;-23527526_0;5.10;0.00;tripinfo_out_gj_to_ba.31;171.00;out_gj_to_ba.31;0;1702.89;1.05;0.00;24.86;car;;1;5.00
6377.00;41899283#1_0;148.70;9.63;6308.00;0.42;-23527526_0;5.10;0.00;tripinfo_out_gj_to_as.39;69.00;out_gj_to_as.39;0;633.70;0.97;0.00;8.18;car;;0;0.00
6378.00;23156030#6_0;109.07;9.13;5593.00;0.87;-23156390_0;5.10;0.00;tripinfo_out_br_to_od.10;785.00;out_br_to_od.10;0;2905.16;0.87;0.00;482.43;car;;16;189.00
6379.00;45494495_0;58.90;8.46;5918.00;0.69;23687583_0;5.10;0.00;tripinfo_out_as_to_os.8;461.00;out_as_to_os.8;0;1689.77;0.85;0.00;282.48;car;;11;44.00
6381.00;41899283#1_0;148.70;9.37;6222.00;0.67;-28716808#1_0;5.10;0.00;tripinfo_out_kl_to_as.11;159.00;out_kl_to_as.11;0;1233.18;0.91;0.00;35.92;car;;2;8.00
6381.00;230845886_0;633.12;10.89;6251.00;0.03;23687583_0;5.10;0.00;tripinfo_out_as_to_ba.43;130.00;out_as_to_ba.43;0;1356.50;1.05;0.00;13.04;car;;0;0.00
6383.00;41899283#1_0;148.70;10.46;6222.00;0.38;-230845886_0;5.10;0.00;tripinfo_out_ba_to_as.28;161.00;out_ba_to_as.28;0;1430.78;1.01;0.00;32.08;car;;2;3.00
6383.00;230845886_0;633.12;11.93;6257.00;4.83;23687583_0;5.10;0.00;tripinfo_out_as_to_ba.44;126.00;out_as_to_ba.44;0;1356.50;1.13;0.00;17.48;car;;0;0.00
6384.00;23142338#2_0;290.21;10.27;6115.00;0.06;-23527526_0;5.10;0.00;tripinfo_out_gj_to_ns.73;269.00;out_gj_to_ns.73;0;2043.79;1.03;0.00;88.52;car;;3;47.00
6385.00;41899283#1_0;148.70;9.80;6122.00;0.76;803785575#0_0;5.10;0.00;tripinfo_out_od_to_as.17;263.00;out_od_to_as.17;0;2382.09;0.93;0.00;30.84;car;;0;0.00
6389.00;28706217_0;94.10;8.96;5881.00;0.29;23687583_0;5.10;0.00;tripinfo_out_as_to_sl.13;508.00;out_as_to_sl.13;0;1976.75;1.09;0.00;339.47;car;;11;82.00
6390.00;23156030#6_1;109.07;13.73;5806.00;0.95;23687583_0;5.10;0.00;tripinfo_out_as_to_od.16;584.00;out_as_to_od.16;0;2357.31;1.25;0.00;413.47;car;;13;113.00
6392.00;23142338#2_0;290.21;8.91;5869.00;3.30;23687583_0;5.10;0.00;tripinfo_out_as_to_ns.28;523.00;out_as_to_ns.28;0;1995.73;0.91;0.00;323.77;car;;8;250.00
6393.00;23142338#2_0;290.21;11.62;5870.00;0.40;-28716808#1_0;5.10;0.00;tripinfo_out_kl_to_ns.2;523.00;out_kl_to_ns.2;0;2305.34;1.12;0.00;335.42;car;;9;237.00
6394.00;23156030#6_0;109.07;11.10;5722.00;0.87;-23527526_0;5.10;0.00;tripinfo_out_gj_to_od.6;672.00;out_gj_to_od.6;0;2703.70;1.05;0.00;439.35;car;;15;126.00
6394.00;41899283#1_0;148.70;12.10;6334.00;0.65;-23527526_0;5.10;0.00;tripinfo_out_gj_to_as.40;60.00;out_gj_to_as.40;0;633.70;1.10;0.00;7.39;car;;0;0.00
6395.00;28706217_0;94.10;7.66;5887.00;0.29;23687583_0;5.10;0.00;tripinfo_out_as_to_sl.14;508.00;out_as_to_sl.14;0;1976.75;1.00;0.00;323.98;car;;10;71.00
6395.00;972103805_0;116.86;10.74;6280.00;0.12;-23527526_0;5.10;0.00;tripinfo_out_gj_to_ko.16;115.00;out_gj_to_ko.16;0;971.70;0.97;0.00;24.21;car;;1;11.00
6397.00;972103805_0;116.86;12.88;5992.00;0.24;-23156305_0;5.10;0.00;tripinfo_out_gg_to_ko.12;405.00;out_gg_to_ko.12;0;2416.59;1.20;0.00;222.35;car;;6;111.00
6398.00;23142338#2_0;290.21;11.34;6192.00;0.01;803785575#0_0;5.10;0.00;tripinfo_out_od_to_ns.4;206.00;out_od_to_ns.4;0;1928.29;1.09;0.00;35.98;car;;1;16.00
6400.00;23142338#2_0;290.21;12.11;6176.00;0.98;-230845886_0;5.10;0.00;tripinfo_out_ba_to_ns.3;224.00;out_ba_to_ns.3;0;2346.36;1.14;0.00;36.97;car;;1;3.00
6401.00;972103805_0;116.86;10.39;6093.00;0.17;-23156390_0;5.10;0.00;tripinfo_out_br_to_ko.12;308.00;out_br_to_ko.12;0;2703.95;0.94;0.00;45.90;car;;2;11.00
6402.00;23156030#6_1;109.07;9.62;5776.00;0.59;-28716808#1_0;5.10;0.00;tripinfo_out_kl_to_od.9;626.00;out_kl_to_od.9;0;2657.03;0.96;0.00;376.97;car;;13;115.00
6403.00;972103805_0;116.86;10.99;6096.00;1.49;-23156390_0;5.10;0.00;tripinfo_out_br_to_ko.13;307.00;out_br_to_ko.13;0;2703.95;1.01;0.00;63.10;car;;2;7.00
6404.00;23156030#6_0;109.07;8.59;5713.00;0.82;-230845886_0;5.10;0.00;tripinfo_out_ba_to_od.14;691.00;out_ba_to_od.14;0;2315.50;0.85;0.00;444.59;car;;19;160.00
6404.00;41899283#1_0;148.70;10.75;6340.00;0.50;-23527526_0;5.10;0.00;tripinfo_out_gj_to_as.41;64.00;out_gj_to_as.41;0;633.70;1.05;0.00;8.19;car;;0;0.00
6411.00;23156030#6_1;109.07;13.58;5665.00;0.80;-23156390_0;5.10;0.00;tripinfo_out_br_to_od.12;746.00;out_br_to_od.12;0;2905.16;1.31;0.00;535.76;car;;18;193.00
6412.00;230845886_0;633.12;10.27;6141.00;0.16;-23142338#2_0;5.10;0.00;tripinfo_out_ns_to_ba.12;271.00;out_ns_to_ba.12;0;2340.42;0.93;0.00;45.06;car;;2;11.00
6413.00;230845886_0;633.12;11.96;6154.00;1.02;-23142338#2_0;5.10;0.00;tripinfo_out_ns_to_ba.13;259.00;out_ns_to_ba.13;0;2340.42;1.16;0.00;77.11;car;;3;29.00
6415.00;23142338#2_0;290.21;10.59;6133.00;2.06;-23527526_0;5.10;0.00;tripinfo_out_gj_to_ns.74;282.00;out_gj_to_ns.74;0;2043.79;0.99;0.00;96.34;car;;4;55.00
6415.00;23156030#6_0;109.07;9.05;6138.00;0.89;-23142338#2_0;5.10;0.00;tripinfo_out_ns_to_od.11;277.00;out_ns_to_od.11;0;2005.01;0.82;0.00;41.60;car;;1;9.00
6415.00;41899283#1_0;148.70;10.98;6268.00;0.72;-28716808#1_0;5.10;0.00;tripinfo_out_kl_to_as.12;147.00;out_kl_to_as.12;0;1233.18;1.00;0.00;35.52;car;;1;17.00
6416.00;45494495_0;58.90;10.52;5742.00;0.73;-23156305_0;5.10;0.00;tripinfo_out_gg_to_os.10;674.00;out_gg_to_os.10;0;2621.43;1.02;0.00;441.40;car;;17;105.00
6417.00;23142338#2_0;290.21;11.22;6139.00;3.44;-23527526_0;5.10;0.00;tripinfo_out_gj_to_ns.75;278.00;out_gj_to_ns.75;0;2043.79;1.04;0.00;100.55;car;;4;48.00
6417.00;41899283#1_0;148.70;11.42;6186.00;0.84;803785575#0_0;5.10;0.00;tripinfo_out_od_to_as.18;231.00;out_od_to_as.18;0;2382.09;1.04;0.00;24.11;car;;1;4.00
6419.00;23142338#2_0;290.21;11.81;6151.00;1.18;-23527526_0;5.10;0.00;tripinfo_out_gj_to_ns.76;268.00;out_gj_to_ns.76;0;2043.79;1.17;0.00;108.95;car;;3;44.00
6420.00;28706217_0;94.10;8.41;5886.00;0.24;-230845886_0;5.10;0.00;tripinfo_out_ba_to_sl.5;534.00;out_ba_to_sl.5;0;1934.94;1.04;0.00;360.53;car;;11;91.00
6422.00;41899283#1_0;148.70;9.63;6284.00;0.59;-28716808#1_0;5.10;0.00;tripinfo_out_kl_to_as.13;138.00;out_kl_to_as.13;0;1233.18;0.96;0.00;21.46;car;;1;9.00
6423.00;23156030#6_0;109.07;11.60;5799.00;4.80;-230845886_0;5.10;0.00;tripinfo_out_ba_to_od.15;624.00;out_ba_to_od.15;0;2315.50;1.08;0.00;430.59;car;;13;139.00
6424.00;230845886_0;633.12;9.39;6223.00;0.71;-23527526_0;5.10;0.00;tripinfo_out_gj_to_ba.32;201.00;out_gj_to_ba.32;0;1702.89;0.92;0.00;32.43;car;;1;9.00
6426.00;230845886_0;633.12;10.38;6265.00;6.39;23687583_0;5.10;0.00;tripinfo_out_as_to_ba.45;161.00;out_as_to_ba.45;0;1356.50;0.98;0.00;35.42;car;;1;9.00
6427.00;230845886_0;633.12;10.97;6189.00;0.53;-23142338#2_0;5.10;0.00;tripinfo_out_ns_to_ba.14;238.00;out_ns_to_ba.14;0;2340.42;1.04;0.00;35.89;car;;2;7.00
6429.00;23156030#6_0;109.07;9.69;5424.00;0.91;-23156305_0;5.10;0.00;tripinfo_out_gg_to_od.14;1005.00;out_gg_to_od.14;0;3288.97;0.93;0.00;685.55;car;;20;365.00
6435.00;23156030#6_0;109.07;9.34;5427.00;1.55;-23156305_0;5.10;0.00;tripinfo_out_gg_to_od.15;1008.00;out_gg_to_od.15;0;3288.97;0.92;0.00;685.52;car;;20;346.00
6436.00;28706217_0;94.10;7.43;5927.00;0.98;23687583_0;5.10;0.00;tripinfo_out_as_to_sl.15;509.00;out_as_to_sl.15;0;1976.75;1.00;0.00;324.92;car;;11;69.00
6437.00;230845886_0;633.12;9.47;6273.00;0.38;23687583_0;5.10;0.00;tripinfo_out_as_to_ba.46;164.00;out_as_to_ba.46;0;1356.50;0.88;0.00;24.22;car;;0;0.00
6439.00;230845886_0;633.12;10.52;6278.00;4.50;23687583_0;5.10;0.00;tripinfo_out_as_to_ba.47;161.00;out_as_to_ba.47;0;1356.50;1.04;0.00;43.13;car;;0;0.00
6443.00;230845886_0;633.12;10.02;6291.00;4.40;23687583_0;5.10;0.00;tripinfo_out_as_to_ba.48;152.00;out_as_to_ba.48;0;1356.50;0.93;0.00;20.74;car;;0;0.00
6445.00;230845886_0;633.12;11.54;6213.00;1.82;-23142338#2_0;5.10;0.00;tripinfo_out_ns_to_ba.15;232.00;out_ns_to_ba.15;0;2340.42;1.07;0.00;35.30;car;;1;12.00
6447.00;41899283#1_0;148.70;11.03;6381.00;1.43;-23527526_0;5.10;0.00;tripinfo_out_gj_to_as.42;66.00;out_gj_to_as.42;0;633.70;1.01;0.00;8.71;car;;0;0.00
6448.00;23156030#6_0;109.07;11.46;5802.00;5.29;-230845886_0;5.10;0.00;tripinfo_out_ba_to_od.16;646.00;out_ba_to_od.16;0;2315.50;1.09;0.00;454.89;car;;14;147.00
6451.00;23142338#2_0;290.21;9.49;5599.00;0.47;-23156305_0;5.10;0.00;tripinfo_out_gg_to_ns.8;852.00;out_gg_to_ns.8;0;2927.39;0.89;0.00;553.19;car;;19;367.00
6453.00;23142338#2_0;290.21;11.94;6156.00;0.63;-23527526_0;5.10;0.00;tripinfo_out_gj_to_ns.77;297.00;out_gj_to_ns.77;0;2043.79;1.11;0.00;130.81;car;;4;69.00
6455.00;28706217_0;94.10;7.58;5653.00;0.90;-23156305_0;5.10;0.00;tripinfo_out_gg_to_sl.3;802.00;out_gg_to_sl.3;0;2908.41;0.94;0.00;515.36;car;;25;167.00
6455.00;23156030#6_0;109.07;10.85;5808.00;0.90;-28716808#1_0;5.10;0.00;tripinfo_out_kl_to_od.10;647.00;out_kl_to_od.10;0;2657.03;0.99;0.00;405.56;car;;18;103.00
6455.00;23142338#2_0;290.21;9.82;6162.00;5.21;-23527526_0;5.10;0.00;tripinfo_out_gj_to_ns.78;293.00;out_gj_to_ns.78;0;2043.79;0.97;0.00;103.09;car;;4;55.00
6456.00;41899283#1_0;148.70;11.22;6225.00;0.18;-23142338#2_0;5.10;0.00;tripinfo_out_ns_to_as.31;231.00;out_ns_to_as.31;0;2009.37;1.03;0.00;52.99;car;;2;22.00
6457.00;23156030#6_1;109.07;11.02;5645.00;0.00;-23156390_0;5.10;0.00;tripinfo_out_br_to_od.11;812.00;out_br_to_od.11;0;2905.16;1.00;0.00;549.50;car;;24;200.00
6457.00;23142338#2_0;290.21;11.49;6189.00;2.76;-23527526_0;5.10;0.00;tripinfo_out_gj_to_ns.79;268.00;out_gj_to_ns.79;0;2043.79;1.14;0.00;105.38;car;;4;40.00
6464.00;230845886_0;633.12;9.02;6294.00;6.19;23687583_0;5.10;0.00;tripinfo_out_as_to_ba.49;170.00;out_as_to_ba.49;0;1356.50;0.84;0.00;24.91;car;;2;4.00
6466.00;230845886_0;633.12;8.98;6297.00;3.75;23687583_0;5.10;0.00;tripinfo_out_as_to_ba.50;169.00;out_as_to_ba.50;0;1356.50;0.90;0.00;33.77;car;;1;2.00
6468.00;230845886_0;633.12;13.47;6290.00;3.88;-23527526_0;5.10;0.00;tripinfo_out_gj_to_ba.33;178.00;out_gj_to_ba.33;0;1702.89;1.28;0.00;54.58;car;;0;0.00
6470.00;230845886_0;633.12;9.61;6211.00;0.26;803785575#0_0;5.10;0.00;tripinfo_out_od_to_ba.6;259.00;out_od_to_ba.6;0;2382.14;0.94;0.00;29.57;car;;1;2.00
6472.00;230845886_0;633.12;10.53;6061.00;0.55;-23156305_0;5.10;0.00;tripinfo_out_gg_to_ba.13;411.00;out_gg_to_ba.13;0;2288.16;1.00;0.00;205.06;car;;5;95.00
6472.00;41899283#1_0;148.70;11.86;6148.00;2.87;-23156305_0;5.10;0.00;tripinfo_out_gg_to_as.9;324.00;out_gg_to_as.9;0;1699.56;1.07;0.00;178.55;car;;5;96.00
6475.00;23156030#6_0;109.07;11.81;5673.00;2.51;-23156390_0;5.10;0.00;tripinfo_out_br_to_od.13;802.00;out_br_to_od.13;0;2905.16;1.14;0.00;573.11;car;;19;204.00
6477.00;23142338#2_0;290.21;9.34;5635.00;0.01;-23156305_0;5.10;0.00;tripinfo_out_gg_to_ns.9;842.00;out_gg_to_ns.9;0;2927.39;0.96;0.00;563.42;car;;18;367.00
6477.00;23156030#6_0;109.07;11.85;5816.00;7.07;-230845886_0;5.10;0.00;tripinfo_out_ba_to_od.17;661.00;out_ba_to_od.17;0;2315.50;1.15;0.00;478.61;car;;22;153.00
6479.00;23142338#2_0;290.21;10.56;6199.00;0.14;-23527526_0;5.10;0.00;tripinfo_out_gj_to_ns.80;280.00;out_gj_to_ns.80;0;2043.79;0.99;0.00;91.92;car;;4;49.00
6480.00;23142338#2_0;290.21;11.72;5649.00;0.42;-23156305_0;5.10;0.00;tripinfo_out_gg_to_ns.10;831.00;out_gg_to_ns.10;0;2927.39;1.08;0.00;584.02;car;;18;366.00
6480.00;230845886_0;633.12;10.17;6323.00;0.08;23687583_0;5.10;0.00;tripinfo_out_as_to_ba.51;157.00;out_as_to_ba.51;0;1356.50;0.95;0.00;28.43;car;;1;9.00
6482.00;230845886_0;633.12;10.71;6301.00;0.33;-23527526_0;5.10;0.00;tripinfo_out_gj_to_ba.34;181.00;out_gj_to_ba.34;0;1702.89;1.07;0.00;37.07;car;;1;7.00
6483.00;28706217_0;94.10;8.09;5922.00;0.79;-23527526_0;5.10;0.00;tripinfo_out_gj_to_sl.5;561.00;out_gj_to_sl.5;0;2323.14;1.00;0.00;345.46;car;;13;68.00
6484.00;230845886_0;633.12;11.22;6342.00;0.98;23687583_0;5.10;0.00;tripinfo_out_as_to_ba.52;142.00;out_as_to_ba.52;0;1356.50;1.03;0.00;22.61;car;;1;1.00
6486.00;28706217_0;94.10;7.58;5680.00;0.56;-23156305_0;5.10;0.00;tripinfo_out_gg_to_sl.4;806.00;out_gg_to_sl.4;0;2908.41;0.99;0.00;534.53;car;;20;165.00
6486.00;41899283#1_0;148.70;10.82;6417.00;0.62;-23527526_0;5.10;0.00;tripinfo_out_gj_to_as.43;69.00;out_gj_to_as.43;0;633.70;1.03;0.00;12.90;car;;0;0.00
6487.00;230845886_0;633.12;10.19;6236.00;0.57;-23142338#2_0;5.10;0.00;tripinfo_out_ns_to_ba.16;251.00;out_ns_to_ba.16;0;2340.42;1.03;0.00;46.35;car;;2;20.00
6488.00;28706217_0;94.10;7.37;5988.00;0.47;23687583_0;5.10;0.00;tripinfo_out_as_to_sl.16;500.00;out_as_to_sl.16;0;1976.75;1.02;0.00;319.22;car;;10;68.00
6490.00;23156030#6_0;109.07;10.44;5735.00;0.33;-23156390_0;5.10;0.00;tripinfo_out_br_to_od.15;755.00;out_br_to_od.15;0;2905.16;1.00;0.00;494.04;car;;15;184.00
6490.00;45494495_0;58.90;10.39;6074.00;6.11;23687583_0;5.10;0.00;tripinfo_out_as_to_os.11;416.00;out_as_to_os.11;0;1689.77;0.95;0.00;255.66;car;;6;37.00
6501.00;23156030#6_0;109.07;7.84;5853.00;1.10;23687583_0;5.10;0.00;tripinfo_out_as_to_od.17;648.00;out_as_to_od.17;0;2357.31;0.81;0.00;387.20;car;;12;116.00
6503.00;23156030#6_0;109.07;12.83;5819.00;5.09;-230845886_0;5.10;0.00;tripinfo_out_ba_to_od.18;684.00;out_ba_to_od.18;0;2315.50;1.23;0.00;513.73;car;;16;172.00
6503.00;41899283#1_0;148.70;10.84;6264.00;0.17;-23142338#2_0;5.10;0.00;tripinfo_out_ns_to_as.32;239.00;out_ns_to_as.32;0;2009.37;1.02;0.00;59.44;car;;2;33.00
6505.00;41899283#1_0;148.70;12.72;6262.00;0.86;803785575#0_0;5.10;0.00;tripinfo_out_od_to_as.21;243.00;out_od_to_as.21;0;2382.09;1.23;0.00;66.84;car;;1;1.00
6508.00;41899283#1_0;148.70;9.99;6237.00;0.43;803785575#0_0;5.10;0.00;tripinfo_out_od_to_as.20;271.00;out_od_to_as.20;0;2382.09;1.00;0.00;55.20;car;;0;0.00
6510.00;23156030#6_0;109.07;11.61;5738.00;2.10;-23156390_0;5.10;0.00;tripinfo_out_br_to_od.16;772.00;out_br_to_od.16;0;2905.16;1.08;0.00;528.60;car;;19;202.00
6510.00;23142338#2_0;290.21;8.90;5954.00;0.19;23687583_0;5.10;0.00;tripinfo_out_as_to_ns.29;556.00;out_as_to_ns.29;0;1995.73;0.91;0.00;355.80;car;;13;262.00
6516.00;28706217_0;94.10;8.23;5994.00;0.48;-23156390_0;5.10;0.00;tripinfo_out_br_to_sl.6;522.00;out_br_to_sl.6;0;2524.60;1.08;0.00;307.28;car;;9;60.00
6521.00;41899283#1_0;148.70;7.96;6214.00;0.46;803785575#0_0;5.10;0.00;tripinfo_out_od_to_as.19;307.00;out_od_to_as.19;0;2382.09;0.77;0.00;26.20;car;;0;0.00
6523.00;23142338#2_0;290.21;7.67;5693.00;0.73;-23156305_0;5.10;0.00;tripinfo_out_gg_to_ns.11;830.00;out_gg_to_ns.11;0;2927.39;0.78;0.00;486.40;car;;18;310.00
6523.00;41899283#1_0;148.70;10.37;6275.00;1.74;-23142338#2_0;5.10;0.00;tripinfo_out_ns_to_as.33;248.00;out_ns_to_as.33;0;2009.37;1.03;0.00;69.88;car;;3;27.00
6525.00;23142338#2_0;290.21;11.34;5993.00;0.28;23687583_0;5.10;0.00;tripinfo_out_as_to_ns.30;532.00;out_as_to_ns.30;0;1995.73;1.06;0.00;360.12;car;;12;227.00
6525.00;41899283#1_0;148.70;10.15;6362.00;0.16;-28716808#1_0;5.10;0.00;tripinfo_out_kl_to_as.14;163.00;out_kl_to_as.14;0;1233.18;0.94;0.00;44.10;car;;1;19.00
6525.00;28706217_0;94.10;8.73;6454.00;0.84;803785575#0_0;5.10;0.00;tripinfo_out_od_to_sl.6;71.00;out_od_to_sl.6;0;747.33;1.14;0.00;7.04;car;;0;0.00
6527.00;23142338#2_0;290.21;9.11;5895.00;3.63;-28716808#1_0;5.10;0.00;tripinfo_out_kl_to_ns.3;632.00;out_kl_to_ns.3;0;2305.34;0.86;0.00;386.89;car;;12;240.00
6527.00;230845886_0;633.12;9.44;6381.00;4.68;23687583_0;5.10;0.00;tripinfo_out_as_to_ba.53;146.00;out_as_to_ba.53;0;1356.50;0.90;0.00;10.77;car;;0;0.00
6529.00;23156030#6_0;109.07;8.97;5807.00;0.43;-23156390_0;5.10;0.00;tripinfo_out_br_to_od.17;722.00;out_br_to_od.17;0;2905.16;0.85;0.00;413.78;car;;15;140.00
6529.00;230845886_0;633.12;12.19;6289.00;0.34;-23142338#2_0;5.10;0.00;tripinfo_out_ns_to_ba.17;240.00;out_ns_to_ba.17;0;2340.42;1.18;0.00;60.95;car;;2;22.00
6530.00;45494495_0;58.90;9.31;6132.00;0.94;23687583_0;5.10;0.00;tripinfo_out_as_to_os.12;398.00;out_as_to_os.12;0;1689.77;0.94;0.00;236.12;car;;8;54.00
6531.00;23156030#6_1;109.07;9.33;5712.00;0.00;-23156390_0;5.10;0.00;tripinfo_out_br_to_od.14;819.00;out_br_to_od.14;0;2905.16;0.85;0.00;508.04;car;;19;199.00
6531.00;230845886_0;633.12;13.42;6183.00;0.43;-23156305_0;5.10;0.00;tripinfo_out_gg_to_ba.14;348.00;out_gg_to_ba.14;0;2288.16;1.23;0.00;179.79;car;;6;103.00
6531.00;23142338#2_0;290.21;11.81;6245.00;2.49;-23527526_0;5.10;0.00;tripinfo_out_gj_to_ns.81;286.00;out_gj_to_ns.81;0;2043.79;1.08;0.00;114.06;car;;5;64.00
6533.00;23142338#2_0;290.21;11.64;6273.00;0.65;-23527526_0;5.10;0.00;tripinfo_out_gj_to_ns.82;260.00;out_gj_to_ns.82;0;2043.79;1.08;0.00;88.61;car;;3;43.00
6538.00;23142338#2_0;290.21;11.27;5723.00;0.52;-23156305_0;5.10;0.00;tripinfo_out_gg_to_ns.12;815.00;out_gg_to_ns.12;0;2927.39;1.03;0.00;556.21;car;;22;337.00
6539.00;23156030#6_0;109.07;10.97;5824.00;0.71;-23156390_0;5.10;0.00;tripinfo_out_br_to_od.18;715.00;out_br_to_od.18;0;2905.16;1.08;0.00;471.12;car;;12;144.00
6539.00;23156030#6_1;109.07;12.12;5837.00;0.42;-230845886_0;5.10;0.00;tripinfo_out_ba_to_od.19;702.00;out_ba_to_od.19;0;2315.50;1.10;0.00;511.57;car;;26;173.00
6539.00;45494495_0;58.90;11.64;6400.00;0.22;803785575#0_0;5.10;0.00;tripinfo_out_od_to_os.17;139.00;out_od_to_os.17;0;969.96;1.14;0.00;61.82;car;;3;29.00
6542.00;28706217_0;94.10;7.99;6086.00;1.85;23687583_0;5.10;0.00;tripinfo_out_as_to_sl.17;456.00;out_as_to_sl.17;0;1976.75;0.97;0.00;266.50;car;;12;61.00
6542.00;41899283#1_0;148.70;10.80;6479.00;0.22;-23527526_0;5.10;0.00;tripinfo_out_gj_to_as.44;63.00;out_gj_to_as.44;0;633.70;1.06;0.00;7.38;car;;0;0.00
6544.00;41899283#1_0;148.70;11.78;6482.00;2.26;-23527526_0;5.10;0.00;tripinfo_out_gj_to_as.45;62.00;out_gj_to_as.45;0;633.70;1.17;0.00;11.92;car;;0;0.00
6546.00;23142338#2_0;290.21;11.87;6354.00;0.85;803785575#0_0;5.10;0.00;tripinfo_out_od_to_ns.5;192.00;out_od_to_ns.5;0;1928.29;1.13;0.00;26.95;car;;1;6.00
6548.00;28706217_0;94.10;7.94;5783.00;0.55;-23156305_0;5.10;0.00;tripinfo_out_gg_to_sl.5;765.00;out_gg_to_sl.5;0;2908.41;1.01;0.00;498.73;car;;15;175.00
6550.00;23156030#6_0;109.07;9.73;5868.00;0.57;-23156390_0;5.10;0.00;tripinfo_out_br_to_od.19;682.00;out_br_to_od.19;0;2905.16;0.93;0.00;401.45;car;;16;127.00
6550.00;41899283#1_0;148.70;11.02;6485.00;3.56;-23527526_0;5.10;0.00;tripinfo_out_gj_to_as.46;65.00;out_gj_to_as.46;0;633.70;1.03;0.00;8.36;car;;0;0.00
6551.00;23156030#6_1;109.07;9.45;5939.00;0.50;-23156390_0;5.10;0.00;tripinfo_out_br_to_od.20;612.00;out_br_to_od.20;0;2905.16;0.96;0.00;338.73;car;;13;80.00
6553.00;45494495_0;58.90;12.53;6118.00;0.77;-23142338#2_0;5.10;0.00;tripinfo_out_ns_to_os.3;435.00;out_ns_to_os.3;0;1865.82;1.17;0.00;290.39;car;;16;68.00
6554.00;45494495_0;58.90;12.74;6441.00;0.20;803785575#0_0;5.10;0.00;tripinfo_out_od_to_os.19;113.00;out_od_to_os.19;0;969.96;1.21;0.00;40.50;car;;2;5.00
6557.00;41899283#1_0;148.70;9.00;6292.00;1.09;-23142338#2_0;5.10;0.00;tripinfo_out_ns_to_as.34;265.00;out_ns_to_as.34;0;2009.37;0.92;0.00;66.36;car;;3;33.00
6559.00;41899283#1_0;148.70;12.71;6329.00;2.77;-23142338#2_0;5.10;0.00;tripinfo_out_ns_to_as.35;230.00;out_ns_to_as.35;0;2009.37;1.30;0.00;83.02;car;;2;17.00
6560.00;41899283#1_0;148.70;11.84;6275.00;0.58;-23156390_0;5.10;0.00;tripinfo_out_br_to_as.4;285.00;out_br_to_as.4;0;2020.44;1.07;0.00;113.93;car;;4;45.00
6560.00;45494495_0;58.90;8.49;6423.00;0.50;803785575#0_0;5.10;0.00;tripinfo_out_od_to_os.18;137.00;out_od_to_os.18;0;969.96;0.86;0.00;34.52;car;;2;9.00
6561.00;23142338#2_0;290.21;11.76;6035.00;1.94;23687583_0;5.10;0.00;tripinfo_out_as_to_ns.31;526.00;out_as_to_ns.31;0;1995.73;1.07;0.00;356.76;car;;15;233.00
6567.00;230845886_0;633.12;9.84;3226.00;590.82;-45494495_0;5.10;0.00;tripinfo_in_os_to_ba.15;3341.00;in_os_to_ba.15;0;1746.52;0.93;0.00;3170.52;car;;19;3052.00
6567.00;23142338#2_0;290.21;10.65;5751.00;0.68;-23156305_0;5.10;0.00;tripinfo_out_gg_to_ns.13;816.00;out_gg_to_ns.13;0;2927.39;1.00;0.00;549.70;car;;22;321.00
6567.00;41899283#1_0;148.70;10.22;6499.00;0.26;-23527526_0;5.10;0.00;tripinfo_out_gj_to_as.47;68.00;out_gj_to_as.47;0;633.70;0.97;0.00;8.13;car;;0;0.00
6569.00;230845886_0;633.12;10.68;6384.00;1.27;-23527526_0;5.10;0.00;tripinfo_out_gj_to_ba.35;185.00;out_gj_to_ba.35;0;1702.89;1.05;0.00;37.86;car;;2;9.00
6571.00;230845886_0;633.12;12.63;6222.00;0.82;-23156305_0;5.10;0.00;tripinfo_out_gg_to_ba.15;349.00;out_gg_to_ba.15;0;2288.16;1.16;0.00;170.65;car;;7;63.00
6573.00;230845886_0;633.12;10.73;6396.00;1.85;-23527526_0;5.10;0.00;tripinfo_out_gj_to_ba.36;177.00;out_gj_to_ba.36;0;1702.89;0.98;0.00;20.20;car;;0;0.00
6574.00;23142338#2_0;290.21;9.57;6044.00;1.94;23687583_0;5.10;0.00;tripinfo_out_as_to_ns.32;530.00;out_as_to_ns.32;0;1995.73;0.91;0.00;329.01;car;;13;219.00
6575.00;28706217_0;94.10;6.88;5791.00;0.16;-23156305_0;5.10;0.00;tripinfo_out_gg_to_sl.6;784.00;out_gg_to_sl.6;0;2908.41;0.93;0.00;494.62;car;;17;184.00
6576.00;23142338#2_0;290.21;10.95;6060.00;6.27;23687583_0;5.10;0.00;tripinfo_out_as_to_ns.33;516.00;out_as_to_ns.33;0;1995.73;1.05;0.00;342.53;car;;12;211.00
6576.00;41899283#1_0;148.70;8.99;6393.00;0.91;-230845886_0;5.10;0.00;tripinfo_out_ba_to_as.29;183.00;out_ba_to_as.29;0;1430.78;0.87;0.00;34.32;car;;2;15.00
6578.00;41899283#1_0;148.70;10.28;6421.00;0.81;-230845886_0;5.10;0.00;tripinfo_out_ba_to_as.30;157.00;out_ba_to_as.30;0;1430.78;1.02;0.00;29.57;car;;2;4.00
6580.00;972103805_0;116.86;8.67;6259.00;0.11;-23156390_0;5.10;0.00;tripinfo_out_br_to_ko.14;321.00;out_br_to_ko.14;0;2703.95;0.86;0.00;33.92;car;;0;0.00
6580.00;41899283#1_0;148.70;10.98;6352.00;0.73;-23142338#2_0;5.10;0.00;tripinfo_out_ns_to_as.36;228.00;out_ns_to_as.36;0;2009.37;1.05;0.00;52.89;car;;2;20.00
6582.00;41899283#1_0;148.70;11.02;6355.00;2.87;-23142338#2_0;5.10;0.00;tripinfo_out_ns_to_as.37;227.00;out_ns_to_as.37;0;2009.37;1.08;0.00;57.16;car;;2;20.00
6585.00;23156030#6_0;109.07;8.78;5940.00;0.81;-28716808#1_0;5.10;0.00;tripinfo_out_kl_to_od.11;645.00;out_kl_to_od.11;0;2657.03;0.84;0.00;359.23;car;;12;100.00
6585.00;45494495_0;58.90;9.82;6164.00;0.83;23687583_0;5.10;0.00;tripinfo_out_as_to_os.13;421.00;out_as_to_os.13;0;1689.77;0.91;0.00;253.58;car;;7;58.00
6587.00;230845886_0;633.12;8.10;6248.00;0.88;-23156305_0;5.10;0.00;tripinfo_out_gg_to_ba.16;339.00;out_gg_to_ba.16;0;2288.16;0.84;0.00;92.79;car;;4;30.00
6588.00;23156030#6_0;109.07;8.68;6001.00;0.48;23687583_0;5.10;0.00;tripinfo_out_as_to_od.19;587.00;out_as_to_od.19;0;2357.31;0.87;0.00;342.91;car;;12;79.00
6588.00;45494495_0;58.90;8.42;6130.00;3.28;-23527526_0;5.10;0.00;tripinfo_out_gj_to_os.9;458.00;out_gj_to_os.9;0;2036.16;0.87;0.00;244.80;car;;11;82.00
6590.00;230845886_0;633.12;8.56;6433.00;0.76;23687583_0;5.10;0.00;tripinfo_out_as_to_ba.54;157.00;out_as_to_ba.54;0;1356.50;0.86;0.00;13.80;car;;0;0.00
6591.00;23156030#6_0;109.07;7.97;5950.00;0.12;23687583_0;5.10;0.00;tripinfo_out_as_to_od.18;641.00;out_as_to_od.18;0;2357.31;0.81;0.00;377.09;car;;16;110.00
6591.00;41899283#1_0;148.70;10.53;6351.00;0.76;803785575#0_0;5.10;0.00;tripinfo_out_od_to_as.22;240.00;out_od_to_as.22;0;2382.09;0.97;0.00;17.65;car;;0;0.00
6591.00;230845886_0;633.12;10.51;6436.00;0.64;23687583_0;5.10;0.00;tripinfo_out_as_to_ba.55;155.00;out_as_to_ba.55;0;1356.50;1.08;0.00;41.64;car;;0;0.00
6595.00;230845886_0;633.12;10.73;6420.00;3.10;-23527526_0;5.10;0.00;tripinfo_out_gj_to_ba.38;175.00;out_gj_to_ba.38;0;1702.89;0.97;0.00;16.85;car;;0;0.00
6597.00;230845886_0;633.12;10.70;6414.00;2.03;-23527526_0;5.10;0.00;tripinfo_out_gj_to_ba.37;183.00;out_gj_to_ba.37;0;1702.89;1.01;0.00;30.52;car;;1;1.00
6599.00;23142338#2_0;290.21;9.69;6284.00;0.01;-23527526_0;5.10;0.00;tripinfo_out_gj_to_ns.83;315.00;out_gj_to_ns.83;0;2043.79;0.92;0.00;113.93;car;;5;68.00
6600.00;23156030#6_0;109.07;10.46;5696.00;0.79;-23156305_0;5.10;0.00;tripinfo_out_gg_to_od.16;904.00;out_gg_to_od.16;0;3288.97;1.04;0.00;618.40;car;;26;221.00
6601.00;23142338#2_0;290.21;12.55;6298.00;0.93;-23527526_0;5.10;0.00;tripinfo_out_gj_to_ns.85;303.00;out_gj_to_ns.85;0;2043.79;1.16;0.00;143.60;car;;4;60.00
6602.00;28706217_0;94.10;8.00;6079.00;0.64;-28716808#1_0;5.10;0.00;tripinfo_out_kl_to_sl.11;523.00;out_kl_to_sl.11;0;2276.47;1.08;0.00;328.77;car;;13;72.00
6603.00;23142338#2_0;290.21;11.52;6287.00;2.28;-23527526_0;5.10;0.00;tripinfo_out_gj_to_ns.84;316.00;out_gj_to_ns.84;0;2043.79;1.13;0.00;152.78;car;;5;61.00
6603.00;230845886_0;633.12;11.63;6459.00;0.62;23687583_0;5.10;0.00;tripinfo_out_as_to_ba.56;144.00;out_as_to_ba.56;0;1356.50;1.06;0.00;27.55;car;;0;0.00
6604.00;230845886_0;633.12;11.42;6435.00;1.10;-23527526_0;5.10;0.00;tripinfo_out_gj_to_ba.39;169.00;out_gj_to_ba.39;0;1702.89;1.08;0.00;26.10;car;;0;0.00
6604.00;972103805_0;116.86;10.64;6494.00;0.54;-23527526_0;5.10;0.00;tripinfo_out_gj_to_ko.17;110.00;out_gj_to_ko.17;0;971.70;1.04;0.00;25.28;car;;1;13.00
6607.00;230845886_0;633.12;11.19;6472.00;3.17;23687583_0;5.10;0.00;tripinfo_out_as_to_ba.57;135.00;out_as_to_ba.57;0;1356.50;1.04;0.00;17.24;car;;0;0.00
6607.00;972103805_0;116.86;10.75;6502.00;0.19;-23527526_0;5.10;0.00;tripinfo_out_gj_to_ko.18;105.00;out_gj_to_ko.18;0;971.70;0.97;0.00;14.56;car;;1;1.00
6610.00;23156030#6_0;109.07;9.72;5709.00;0.64;-23156305_0;5.10;0.00;tripinfo_out_gg_to_od.17;901.00;out_gg_to_od.17;0;3288.97;0.92;0.00;577.23;car;;19;219.00
6610.00;972103805_0;116.86;11.71;6265.00;4.52;-23156390_0;5.10;0.00;tripinfo_out_br_to_ko.15;345.00;out_br_to_ko.15;0;2703.95;1.06;0.00;112.89;car;;4;49.00
6611.00;23156030#6_1;109.07;10.02;5966.00;0.46;-28716808#1_0;5.10;0.00;tripinfo_out_kl_to_od.12;645.00;out_kl_to_od.12;0;2657.03;1.00;0.00;405.04;car;;21;116.00
6617.00;41899283#1_0;148.70;10.77;6553.00;3.15;-23527526_0;5.10;0.00;tripinfo_out_gj_to_as.48;64.00;out_gj_to_as.48;0;633.70;1.08;0.00;9.88;car;;0;0.00
6619.00;41899283#1_0;148.70;12.68;6403.00;0.46;803785575#0_0;5.10;0.00;tripinfo_out_od_to_as.23;216.00;out_od_to_as.23;0;2382.09;1.15;0.00;28.83;car;;1;8.00
6621.00;23156030#6_0;109.07;8.38;6003.00;0.26;-230845886_0;5.10;0.00;tripinfo_out_ba_to_od.20;618.00;out_ba_to_od.20;0;2315.50;0.82;0.00;363.19;car;;16;130.00
6621.00;41899283#1_0;148.70;12.62;6366.00;0.04;-23156390_0;5.10;0.00;tripinfo_out_br_to_as.5;255.00;out_br_to_as.5;0;2020.44;1.25;0.00;107.86;car;;3;71.00
6623.00;45494495_0;58.90;9.99;6500.00;0.20;803785575#0_0;5.10;0.00;tripinfo_out_od_to_os.21;123.00;out_od_to_os.21;0;969.96;0.94;0.00;29.67;car;;2;8.00
6626.00;41899283#1_0;148.70;9.60;6304.00;0.74;-23156305_0;5.10;0.00;tripinfo_out_gg_to_as.10;322.00;out_gg_to_as.10;0;1699.56;0.97;0.00;162.36;car;;5;79.00
6627.00;23142338#2_0;290.21;10.14;6320.00;0.19;-23527526_0;5.10;0.00;tripinfo_out_gj_to_ns.86;307.00;out_gj_to_ns.86;0;2043.79;0.96;0.00;114.83;car;;5;62.00
6628.00;23156030#6_0;109.07;11.43;5729.00;0.08;-23156305_0;5.10;0.00;tripinfo_out_gg_to_od.18;899.00;out_gg_to_od.18;0;3288.97;1.08;0.00;623.83;car;;27;228.00
6630.00;23142338#2_0;290.21;9.70;6324.00;0.66;-23527526_0;5.10;0.00;tripinfo_out_gj_to_ns.87;306.00;out_gj_to_ns.87;0;2043.79;0.95;0.00;111.68;car;;4;63.00
6631.00;23142338#2_0;290.21;10.67;6327.00;3.65;-23527526_0;5.10;0.00;tripinfo_out_gj_to_ns.88;304.00;out_gj_to_ns.88;0;2043.79;1.07;0.00;131.73;car;;4;61.00
6632.00;45494495_0;58.90;10.10;6479.00;0.58;803785575#0_0;5.10;0.00;tripinfo_out_od_to_os.20;153.00;out_od_to_os.20;0;969.96;0.95;0.00;60.96;car;;6;31.00
6633.00;23142338#2_0;290.21;10.55;6337.00;0.54;-23527526_0;5.10;0.00;tripinfo_out_gj_to_ns.89;296.00;out_gj_to_ns.89;0;2043.79;1.03;0.00;117.26;car;;4;59.00
6633.00;230845886_0;633.12;9.95;6475.00;3.73;23687583_0;5.10;0.00;tripinfo_out_as_to_ba.58;158.00;out_as_to_ba.58;0;1356.50;0.90;0.00;21.77;car;;1;7.00
6634.00;28706217_0;94.10;7.55;5802.00;0.61;-23156305_0;5.10;0.00;tripinfo_out_gg_to_sl.7;832.00;out_gg_to_sl.7;0;2908.41;0.99;0.00;562.78;car;;25;201.00
6636.00;230845886_0;633.12;9.51;6488.00;0.80;23687583_0;5.10;0.00;tripinfo_out_as_to_ba.59;148.00;out_as_to_ba.59;0;1356.50;0.90;0.00;11.94;car;;0;0.00
6636.00;972103805_0;116.86;8.95;6511.00;0.88;-23527526_0;5.10;0.00;tripinfo_out_gj_to_ko.19;125.00;out_gj_to_ko.19;0;971.70;0.91;0.00;28.72;car;;1;16.00
6638.00;23156030#6_0;109.07;10.22;6017.00;0.43;-23527526_0;5.10;0.00;tripinfo_out_gj_to_od.8;621.00;out_gj_to_od.8;0;2703.70;0.96;0.00;367.24;car;;13;114.00
6638.00;972103805_0;116.86;11.04;6404.00;0.64;-28716808#1_0;5.10;0.00;tripinfo_out_kl_to_ko.17;234.00;out_kl_to_ko.17;0;1927.03;1.00;0.00;59.83;car;;3;32.00
6639.00;28706217_0;94.10;6.74;6176.00;1.99;23687583_0;5.10;0.00;tripinfo_out_as_to_sl.18;463.00;out_as_to_sl.18;0;1976.75;0.94;0.00;267.19;car;;9;94.00
6640.00;41899283#1_0;148.70;10.46;6487.00;0.59;-28716808#1_0;5.10;0.00;tripinfo_out_kl_to_as.15;153.00;out_kl_to_as.15;0;1233.18;0.98;0.00;38.82;car;;2;20.00
6641.00;972103805_0;116.86;9.89;6271.00;0.11;-23156390_0;5.10;0.00;tripinfo_out_br_to_ko.16;370.00;out_br_to_ko.16;0;2703.95;0.91;0.00;100.35;car;;4;48.00
6642.00;28706217_0;94.10;7.68;6433.00;0.82;-23142338#2_0;5.10;0.00;tripinfo_out_ns_to_sl.6;209.00;out_ns_to_sl.6;0;1619.36;1.02;0.00;48.08;car;;2;22.00
6643.00;972103805_0;116.86;10.80;6326.00;0.33;-23156390_0;5.10;0.00;tripinfo_out_br_to_ko.17;317.00;out_br_to_ko.17;0;2703.95;1.00;0.00;71.84;car;;3;16.00
6646.00;45494495_0;58.90;12.23;6213.00;0.99;-23527526_0;5.10;0.00;tripinfo_out_gj_to_os.10;433.00;out_gj_to_os.10;0;2036.16;1.18;0.00;276.52;car;;13;42.00
6649.00;23156030#6_0;109.07;8.14;5942.00;3.39;-23156390_0;5.10;0.00;tripinfo_out_br_to_od.21;707.00;out_br_to_od.21;0;2905.16;0.84;0.00;393.93;car;;16;105.00
6656.00;23156030#6_0;109.07;11.77;6089.00;2.75;23687583_0;5.10;0.00;tripinfo_out_as_to_od.21;567.00;out_as_to_od.21;0;2357.31;1.11;0.00;375.52;car;;16;128.00
6659.00;23142338#2_0;290.21;9.12;6343.00;2.53;-23527526_0;5.10;0.00;tripinfo_out_gj_to_ns.90;316.00;out_gj_to_ns.90;0;2043.79;0.93;0.00;117.06;car;;5;68.00
6660.00;45494495_0;58.90;9.38;6226.00;0.02;-23527526_0;5.10;0.00;tripinfo_out_gj_to_os.11;434.00;out_gj_to_os.11;0;2036.16;0.94;0.00;237.64;car;;10;28.00
6660.00;28706217_0;94.10;6.77;6562.00;0.95;803785575#0_0;5.10;0.00;tripinfo_out_od_to_sl.7;98.00;out_od_to_sl.7;0;747.33;0.82;0.00;9.36;car;;0;0.00
6661.00;23142338#2_0;290.21;9.98;6064.00;10.08;23687583_0;5.10;0.00;tripinfo_out_as_to_ns.34;597.00;out_as_to_ns.34;0;1995.73;0.93;0.00;400.97;car;;15;288.00
6661.00;23156030#6_0;109.07;11.10;6105.00;0.55;23687583_0;5.10;0.00;tripinfo_out_as_to_od.22;556.00;out_as_to_od.22;0;2357.31;1.07;0.00;357.20;car;;13;114.00
6663.00;23142338#2_0;290.21;9.45;6367.00;0.81;-23527526_0;5.10;0.00;tripinfo_out_gj_to_ns.91;296.00;out_gj_to_ns.91;0;2043.79;0.93;0.00;98.54;car;;4;55.00
6663.00;45494495_0;58.90;9.27;6540.00;0.12;803785575#0_0;5.10;0.00;tripinfo_out_od_to_os.22;123.00;out_od_to_os.22;0;969.96;0.85;0.00;19.77;car;;0;0.00
6664.00;972103805_0;116.86;10.43;6556.00;4.82;-23527526_0;5.10;0.00;tripinfo_out_gj_to_ko.20;108.00;out_gj_to_ko.20;0;971.70;1.02;0.00;21.99;car;;1;8.00
6665.00;23156030#6_0;109.07;10.84;6001.00;3.29;-23527526_0;5.10;0.00;tripinfo_out_gj_to_od.7;664.00;out_gj_to_od.7;0;2703.70;1.03;0.00;427.87;car;;15;120.00
6665.00;230845886_0;633.12;8.61;6499.00;0.74;23687583_0;5.10;0.00;tripinfo_out_as_to_ba.60;166.00;out_as_to_ba.60;0;1356.50;0.87;0.00;24.48;car;;1;7.00
6667.00;230845886_0;633.12;10.51;6505.00;4.81;23687583_0;5.10;0.00;tripinfo_out_as_to_ba.61;162.00;out_as_to_ba.61;0;1356.50;0.97;0.00;35.83;car;;1;6.00
6668.00;972103805_0;116.86;11.05;6450.00;0.73;-28716808#1_0;5.10;0.00;tripinfo_out_kl_to_ko.18;218.00;out_kl_to_ko.18;0;1927.03;1.06;0.00;52.23;car;;2;19.00
6669.00;230845886_0;633.12;9.98;6512.00;3.14;23687583_0;5.10;0.00;tripinfo_out_as_to_ba.62;157.00;out_as_to_ba.62;0;1356.50;0.96;0.00;28.54;car;;1;3.00
6671.00;230845886_0;633.12;9.59;6285.00;3.03;-23156305_0;5.10;0.00;tripinfo_out_gg_to_ba.17;386.00;out_gg_to_ba.17;0;2288.16;0.96;0.00;171.36;car;;6;80.00
6672.00;230845886_0;633.12;11.90;6300.00;0.25;-23156305_0;5.10;0.00;tripinfo_out_gg_to_ba.18;372.00;out_gg_to_ba.18;0;2288.16;1.09;0.00;183.45;car;;6;69.00
6679.00;230845886_0;633.12;10.93;6505.00;1.44;-23527526_0;5.10;0.00;tripinfo_out_gj_to_ba.40;174.00;out_gj_to_ba.40;0;1702.89;1.03;0.00;24.08;car;;1;4.00
6681.00;41899283#1_0;148.70;10.31;6412.00;0.38;-23142338#2_0;5.10;0.00;tripinfo_out_ns_to_as.38;269.00;out_ns_to_as.38;0;2009.37;0.96;0.00;78.25;car;;3;43.00
6682.00;45494495_0;58.90;9.48;6242.00;2.12;-23527526_0;5.10;0.00;tripinfo_out_gj_to_os.12;440.00;out_gj_to_os.12;0;2036.16;0.86;0.00;225.01;car;;10;33.00
6683.00;41899283#1_0;148.70;11.87;6438.00;0.97;-23142338#2_0;5.10;0.00;tripinfo_out_ns_to_as.39;245.00;out_ns_to_as.39;0;2009.37;1.09;0.00;76.17;car;;3;35.00
6685.00;41899283#1_0;148.70;9.86;6535.00;0.42;-28716808#1_0;5.10;0.00;tripinfo_out_kl_to_as.16;150.00;out_kl_to_as.16;0;1233.18;0.95;0.00;32.31;car;;1;12.00
6687.00;41899283#1_0;148.70;11.67;6538.00;0.20;-230845886_0;5.10;0.00;tripinfo_out_ba_to_as.31;149.00;out_ba_to_as.31;0;1430.78;1.06;0.00;26.44;car;;1;8.00
6691.00;23142338#2_0;290.21;9.36;6373.00;3.57;-23527526_0;5.10;0.00;tripinfo_out_gj_to_ns.92;318.00;out_gj_to_ns.92;0;2043.79;0.89;0.00;110.70;car;;5;65.00
6692.00;41899283#1_0;148.70;10.28;6354.00;0.79;-23156305_0;5.10;0.00;tripinfo_out_gg_to_as.11;338.00;out_gg_to_as.11;0;1699.56;0.94;0.00;172.40;car;;5;95.00
6693.00;23142338#2_0;290.21;9.66;6378.00;0.50;-23527526_0;5.10;0.00;tripinfo_out_gj_to_ns.93;315.00;out_gj_to_ns.93;0;2043.79;0.96;0.00;121.92;car;;5;62.00
6695.00;23142338#2_0;290.21;10.86;6408.00;0.68;-23527526_0;5.10;0.00;tripinfo_out_gj_to_ns.94;287.00;out_gj_to_ns.94;0;2043.79;1.00;0.00;102.62;car;;4;51.00
6696.00;972103805_0;116.86;9.48;6469.00;0.95;-28716808#1_0;5.10;0.00;tripinfo_out_kl_to_ko.19;227.00;out_kl_to_ko.19;0;1927.03;0.94;0.00;39.89;car;;2;11.00
6697.00;23156030#6_1;109.07;10.64;6067.00;2.13;-230845886_0;5.10;0.00;tripinfo_out_ba_to_od.22;630.00;out_ba_to_od.22;0;2315.50;1.01;0.00;423.31;car;;16;123.00
6697.00;972103805_0;116.86;11.55;6376.00;0.39;-23156390_0;5.10;0.00;tripinfo_out_br_to_ko.18;321.00;out_br_to_ko.18;0;2703.95;1.14;0.00;106.32;car;;3;64.00
6698.00;23156030#6_0;109.07;10.16;5776.00;0.47;-23156305_0;5.10;0.00;tripinfo_out_gg_to_od.19;922.00;out_gg_to_od.19;0;3288.97;0.92;0.00;597.98;car;;23;247.00
6698.00;23156030#6_1;109.07;11.23;6449.00;0.75;-23142338#2_0;5.10;0.00;tripinfo_out_ns_to_od.12;249.00;out_ns_to_od.12;0;2005.01;1.11;0.00;75.27;car;;4;35.00
6699.00;23142338#2_0;290.21;9.24;6071.00;8.01;23687583_0;5.10;0.00;tripinfo_out_as_to_ns.35;628.00;out_as_to_ns.35;0;1995.73;0.87;0.00;420.09;car;;14;308.00
6700.00;23156030#6_1;109.07;11.67;6032.00;0.19;-23156390_0;5.10;0.00;tripinfo_out_br_to_od.22;668.00;out_br_to_od.22;0;2905.16;1.06;0.00;421.01;car;;15;159.00
6700.00;41899283#1_0;148.70;9.08;6626.00;1.77;-23527526_0;5.10;0.00;tripinfo_out_gj_to_as.49;74.00;out_gj_to_as.49;0;633.70;0.91;0.00;9.32;car;;0;0.00
6701.00;972103805_0;116.86;10.53;6312.00;0.44;-23156305_0;5.10;0.00;tripinfo_out_gg_to_ko.13;389.00;out_gg_to_ko.13;0;2416.59;1.00;0.00;169.21;car;;6;74.00
6701.00;41899283#1_0;148.70;10.84;6632.00;0.19;-23527526_0;5.10;0.00;tripinfo_out_gj_to_as.50;69.00;out_gj_to_as.50;0;633.70;1.00;0.00;10.82;car;;0;0.00
6703.00;23156030#6_0;109.07;9.72;6049.00;1.07;-230845886_0;5.10;0.00;tripinfo_out_ba_to_od.21;654.00;out_ba_to_od.21;0;2315.50;0.89;0.00;417.91;car;;17;137.00
6703.00;41899283#1_0;148.70;11.04;6635.00;0.06;-23527526_0;5.10;0.00;tripinfo_out_gj_to_as.51;68.00;out_gj_to_as.51;0;633.70;1.04;0.00;11.99;car;;0;0.00
6705.00;45494495_0;58.90;11.66;6262.00;1.63;-23156390_0;5.10;0.00;tripinfo_out_br_to_os.5;443.00;out_br_to_os.5;0;2237.62;1.11;0.00;261.42;car;;14;51.00
6706.00;23142338#2_0;290.21;10.19;6456.00;2.71;-230845886_0;5.10;0.00;tripinfo_out_ba_to_ns.4;250.00;out_ba_to_ns.4;0;2346.36;1.01;0.00;39.63;car;;0;0.00
6709.00;45494495_0;58.90;10.05;6257.00;0.78;-28716808#1_0;5.10;0.00;tripinfo_out_kl_to_os.8;452.00;out_kl_to_os.8;0;1989.49;0.99;0.00;270.49;car;;13;36.00
6711.00;41899283#1_0;148.70;9.88;6638.00;2.02;-23527526_0;5.10;0.00;tripinfo_out_gj_to_as.52;73.00;out_gj_to_as.52;0;633.70;0.91;0.00;9.10;car;;1;1.00
6713.00;41899283#1_0;148.70;12.56;6552.00;0.86;-230845886_0;5.10;0.00;tripinfo_out_ba_to_as.32;161.00;out_ba_to_as.32;0;1430.78;1.20;0.00;52.95;car;;3;23.00
6715.00;230845886_0;633.12;8.65;6443.00;0.22;-23142338#2_0;5.10;0.00;tripinfo_out_ns_to_ba.18;272.00;out_ns_to_ba.18;0;2340.42;0.89;0.00;37.35;car;;1;13.00
6716.00;23156030#6_1;109.07;13.22;6077.00;8.33;23687583_0;5.10;0.00;tripinfo_out_as_to_od.20;639.00;out_as_to_od.20;0;2357.31;1.26;0.00;468.72;car;;20;145.00
6716.00;45494495_0;58.90;10.31;6238.00;0.36;-23156390_0;5.10;0.00;tripinfo_out_br_to_os.4;478.00;out_br_to_os.4;0;2237.62;0.97;0.00;267.47;car;;12;40.00
6719.00;23142338#2_0;290.21;9.72;6411.00;0.67;-23527526_0;5.10;0.00;tripinfo_out_gj_to_ns.95;308.00;out_gj_to_ns.95;0;2043.79;0.91;0.00;105.71;car;;4;59.00
6719.00;230845886_0;633.12;12.11;6544.00;2.92;-23527526_0;5.10;0.00;tripinfo_out_gj_to_ba.41;175.00;out_gj_to_ba.41;0;1702.89;1.10;0.00;34.75;car;;0;0.00
6721.00;41899283#1_0;148.70;10.59;6457.00;2.84;-23142338#2_0;5.10;0.00;tripinfo_out_ns_to_as.40;264.00;out_ns_to_as.40;0;2009.37;1.00;0.00;80.91;car;;4;42.00
6722.00;23156030#6_0;109.07;11.36;6113.00;1.93;-230845886_0;5.10;0.00;tripinfo_out_ba_to_od.23;609.00;out_ba_to_od.23;0;2315.50;1.03;0.00;405.12;car;;21;137.00
6722.00;23142338#2_0;290.21;9.57;6423.00;2.34;-23527526_0;5.10;0.00;tripinfo_out_gj_to_ns.96;299.00;out_gj_to_ns.96;0;2043.79;0.92;0.00;98.11;car;;4;57.00
6723.00;23142338#2_0;290.21;11.37;6438.00;0.43;-23527526_0;5.10;0.00;tripinfo_out_gj_to_ns.97;285.00;out_gj_to_ns.97;0;2043.79;1.14;0.00;123.55;car;;4;52.00
6725.00;41899283#1_0;148.70;9.80;6470.00;0.40;-23142338#2_0;5.10;0.00;tripinfo_out_ns_to_as.41;255.00;out_ns_to_as.41;0;2009.37;0.95;0.00;62.45;car;;2;24.00
6725.00;972103805_0;116.86;9.89;6615.00;3.84;-23527526_0;5.10;0.00;tripinfo_out_gj_to_ko.21;110.00;out_gj_to_ko.21;0;971.70;0.98;0.00;20.29;car;;1;6.00
6728.00;23156030#6_0;109.07;9.90;6138.00;0.04;-28716808#1_0;5.10;0.00;tripinfo_out_kl_to_od.13;590.00;out_kl_to_od.13;0;2657.03;0.95;0.00;337.43;car;;11;129.00
6729.00;41899283#1_0;148.70;9.35;6660.00;0.77;-23527526_0;5.10;0.00;tripinfo_out_gj_to_as.53;69.00;out_gj_to_as.53;0;633.70;0.96;0.00;8.01;car;;0;0.00
6730.00;972103805_0;116.86;12.14;6419.00;0.33;-23156390_0;5.10;0.00;tripinfo_out_br_to_ko.19;311.00;out_br_to_ko.19;0;2703.95;1.11;0.00;89.80;car;;3;53.00
6732.00;23156030#6_0;109.07;10.35;6179.00;2.37;-230845886_0;5.10;0.00;tripinfo_out_ba_to_od.26;553.00;out_ba_to_od.26;0;2315.50;0.95;0.00;333.23;car;;11;129.00
6743.00;230845886_0;633.12;8.26;6585.00;1.07;23687583_0;5.10;0.00;tripinfo_out_as_to_ba.63;158.00;out_as_to_ba.63;0;1356.50;0.84;0.00;13.04;car;;0;0.00
6744.00;23142338#2_0;290.21;9.96;6080.00;0.09;23687583_0;5.10;0.00;tripinfo_out_as_to_ns.36;664.00;out_as_to_ns.36;0;1995.73;1.01;0.00;483.49;car;;16;346.00
6745.00;41899283#1_0;148.70;9.89;6387.00;0.95;-23156305_0;5.10;0.00;tripinfo_out_gg_to_as.12;358.00;out_gg_to_as.12;0;1699.56;0.99;0.00;201.92;car;;8;111.00
6745.00;230845886_0;633.12;11.71;6566.00;0.74;-23527526_0;5.10;0.00;tripinfo_out_gj_to_ba.42;179.00;out_gj_to_ba.42;0;1702.89;1.14;0.00;43.79;car;;1;5.00
6748.00;23142338#2_0;290.21;9.74;6452.00;0.48;-23527526_0;5.10;0.00;tripinfo_out_gj_to_ns.98;296.00;out_gj_to_ns.98;0;2043.79;0.97;0.00;104.95;car;;4;65.00
6749.00;23156030#6_0;109.07;11.13;6184.00;0.73;23687583_0;5.10;0.00;tripinfo_out_as_to_od.24;565.00;out_as_to_od.24;0;2357.31;1.08;0.00;367.66;car;;13;143.00
6750.00;23142338#2_0;290.21;11.45;6083.00;2.67;23687583_0;5.10;0.00;tripinfo_out_as_to_ns.37;667.00;out_as_to_ns.37;0;1995.73;1.04;0.00;492.23;car;;16;346.00
6751.00;23156030#6_0;109.07;11.25;6130.00;0.87;-230845886_0;5.10;0.00;tripinfo_out_ba_to_od.24;621.00;out_ba_to_od.24;0;2315.50;1.07;0.00;425.68;car;;22;150.00
6752.00;28706217_0;94.10;7.71;6251.00;4.58;-230845886_0;5.10;0.00;tripinfo_out_ba_to_sl.6;501.00;out_ba_to_sl.6;0;1934.94;1.04;0.00;327.58;car;;17;139.00
6753.00;230845886_0;633.12;8.72;6466.00;0.28;-23142338#2_0;5.10;0.00;tripinfo_out_ns_to_ba.19;287.00;out_ns_to_ba.19;0;2340.42;0.87;0.00;45.40;car;;1;16.00
6754.00;230845886_0;633.12;11.59;6570.00;0.81;-23527526_0;5.10;0.00;tripinfo_out_gj_to_ba.43;184.00;out_gj_to_ba.43;0;1702.89;1.14;0.00;49.22;car;;1;2.00
6756.00;23142338#2_0;290.21;8.91;6122.00;0.56;23687583_0;5.10;0.00;tripinfo_out_as_to_ns.38;634.00;out_as_to_ns.38;0;1995.73;0.91;0.00;434.78;car;;15;321.00
6756.00;230845886_0;633.12;12.11;6510.00;1.72;-23142338#2_0;5.10;0.00;tripinfo_out_ns_to_ba.20;246.00;out_ns_to_ba.20;0;2340.42;1.14;0.00;60.90;car;;2;17.00
6757.00;23156030#6_0;109.07;9.99;5825.00;0.53;-23156305_0;5.10;0.00;tripinfo_out_gg_to_od.20;932.00;out_gg_to_od.20;0;3288.97;0.99;0.00;631.90;car;;23;255.00
6761.00;41899283#1_0;148.70;11.24;6591.00;2.24;-230845886_0;5.10;0.00;tripinfo_out_ba_to_as.33;170.00;out_ba_to_as.33;0;1430.78;1.02;0.00;43.24;car;;3;19.00
6765.00;23156030#6_1;109.07;11.04;6486.00;0.07;-23142338#2_0;5.10;0.00;tripinfo_out_ns_to_od.14;279.00;out_ns_to_od.14;0;2005.01;1.00;0.00;86.73;car;;4;39.00
6766.00;23156030#6_0;109.07;9.68;6473.00;0.21;-23142338#2_0;5.10;0.00;tripinfo_out_ns_to_od.13;293.00;out_ns_to_od.13;0;2005.01;0.96;0.00;91.68;car;;4;46.00
6770.00;23142338#2_0;290.21;11.00;5818.00;0.10;-23156305_0;5.10;0.00;tripinfo_out_gg_to_ns.14;952.00;out_gg_to_ns.14;0;2927.39;1.09;0.00;708.20;car;;24;453.00
6774.00;41899283#1_0;148.70;10.72;6522.00;0.63;803785575#0_0;5.10;0.00;tripinfo_out_od_to_as.24;252.00;out_od_to_as.24;0;2382.09;1.07;0.00;51.20;car;;3;19.00
6775.00;23156030#6_0;109.07;12.27;6138.00;0.94;-23156390_0;5.10;0.00;tripinfo_out_br_to_od.23;637.00;out_br_to_od.23;0;2905.16;1.14;0.00;407.30;car;;14;184.00
6775.00;230845886_0;633.12;9.78;6592.00;0.25;-23527526_0;5.10;0.00;tripinfo_out_gj_to_ba.44;183.00;out_gj_to_ba.44;0;1702.89;0.96;0.00;22.61;car;;1;2.00
6777.00;23142338#2_0;290.21;10.61;6144.00;0.19;23687583_0;5.10;0.00;tripinfo_out_as_to_ns.39;633.00;out_as_to_ns.39;0;1995.73;0.99;0.00;448.35;car;;16;318.00
6777.00;230845886_0;633.12;12.08;6612.00;1.86;-23527526_0;5.10;0.00;tripinfo_out_gj_to_ba.47;165.00;out_gj_to_ba.47;0;1702.89;1.19;0.00;34.97;car;;0;0.00
6779.00;23142338#2_0;290.21;10.38;6152.00;0.16;23687583_0;5.10;0.00;tripinfo_out_as_to_ns.40;627.00;out_as_to_ns.40;0;1995.73;1.03;0.00;450.57;car;;16;305.00
6779.00;230845886_0;633.12;11.18;6635.00;0.65;23687583_0;5.10;0.00;tripinfo_out_as_to_ba.64;144.00;out_as_to_ba.64;0;1356.50;1.05;0.00;26.87;car;;0;0.00
6780.00;28706217_0;94.10;8.04;6210.00;0.33;-23156390_0;5.10;0.00;tripinfo_out_br_to_sl.7;570.00;out_br_to_sl.7;0;2524.60;1.09;0.00;355.76;car;;19;141.00
6781.00;23156030#6_0;109.07;11.52;6172.00;0.67;-230845886_0;5.10;0.00;tripinfo_out_ba_to_od.25;609.00;out_ba_to_od.25;0;2315.50;1.14;0.00;425.21;car;;19;141.00
6781.00;230845886_0;633.12;10.86;6599.00;3.49;-23527526_0;5.10;0.00;tripinfo_out_gj_to_ba.45;182.00;out_gj_to_ba.45;0;1702.89;0.98;0.00;25.44;car;;0;0.00
6783.00;23142338#2_0;290.21;9.74;6158.00;0.33;23687583_0;5.10;0.00;tripinfo_out_as_to_ns.41;625.00;out_as_to_ns.41;0;1995.73;0.96;0.00;435.89;car;;14;303.00
6783.00;28706217_0;94.10;9.04;6259.00;1.08;-23527526_0;5.10;0.00;tripinfo_out_gj_to_sl.6;524.00;out_gj_to_sl.6;0;2323.14;1.13;0.00;332.77;car;;11;57.00
6783.00;230845886_0;633.12;10.36;6606.00;3.48;-23527526_0;5.10;0.00;tripinfo_out_gj_to_ba.46;177.00;out_gj_to_ba.46;0;1702.89;0.99;0.00;21.43;car;;0;0.00
6785.00;41899283#1_0;148.70;9.82;6517.00;0.56;-23142338#2_0;5.10;0.00;tripinfo_out_ns_to_as.42;268.00;out_ns_to_as.42;0;2009.37;0.99;0.00;83.18;car;;6;40.00
6785.00;23142338#2_0;290.21;12.20;6555.00;0.99;-230845886_0;5.10;0.00;tripinfo_out_ba_to_ns.5;230.00;out_ba_to_ns.5;0;2346.36;1.16;0.00;47.12;car;;3;15.00
6786.00;28706217_0;94.10;8.65;6284.00;0.94;23687583_0;5.10;0.00;tripinfo_out_as_to_sl.19;502.00;out_as_to_sl.19;0;1976.75;1.09;0.00;333.84;car;;17;121.00
6787.00;230845886_0;633.12;9.68;6536.00;0.32;-23142338#2_0;5.10;0.00;tripinfo_out_ns_to_ba.21;251.00;out_ns_to_ba.21;0;2340.42;0.99;0.00;38.05;car;;1;15.00
6787.00;41899283#1_0;148.70;11.45;6624.00;0.47;-230845886_0;5.10;0.00;tripinfo_out_ba_to_as.34;163.00;out_ba_to_as.34;0;1430.78;1.10;0.00;45.26;car;;3;11.00
6789.00;23156030#6_0;109.07;10.85;5995.00;1.44;-23156305_0;5.10;0.00;tripinfo_out_gg_to_od.23;794.00;out_gg_to_od.23;0;3288.97;1.01;0.00;500.19;car;;20;238.00
6789.00;230845886_0;633.12;10.45;6551.00;0.86;-23142338#2_0;5.10;0.00;tripinfo_out_ns_to_ba.22;238.00;out_ns_to_ba.22;0;2340.42;1.04;0.00;36.14;car;;1;2.00
6790.00;41899283#1_0;148.70;11.08;6627.00;0.84;-230845886_0;5.10;0.00;tripinfo_out_ba_to_as.35;163.00;out_ba_to_as.35;0;1430.78;1.00;0.00;33.44;car;;3;6.00
6792.00;23156030#6_0;109.07;9.24;5843.00;0.83;-23156305_0;5.10;0.00;tripinfo_out_gg_to_od.21;949.00;out_gg_to_od.21;0;3288.97;0.89;0.00;616.07;car;;23;292.00
6792.00;41899283#1_0;148.70;11.10;6562.00;0.57;-23142338#2_0;5.10;0.00;tripinfo_out_ns_to_as.43;230.00;out_ns_to_as.43;0;2009.37;1.02;0.00;51.06;car;;2;16.00
6793.00;45494495_0;58.90;9.24;6088.00;0.24;-23156305_0;5.10;0.00;tripinfo_out_gg_to_os.11;705.00;out_gg_to_os.11;0;2621.43;0.91;0.00;444.54;car;;18;140.00
6795.00;45494495_0;58.90;10.00;6099.00;0.35;-23156305_0;5.10;0.00;tripinfo_out_gg_to_os.12;696.00;out_gg_to_os.12;0;2621.43;0.99;0.00;455.65;car;;23;184.00
6799.00;23142338#2_0;290.21;11.78;6547.00;4.14;-23527526_0;5.10;0.00;tripinfo_out_gj_to_ns.99;252.00;out_gj_to_ns.99;0;2043.79;1.13;0.00;88.56;car;;3;47.00
6800.00;45494495_0;58.90;11.00;6369.00;1.39;-23142338#2_0;5.10;0.00;tripinfo_out_ns_to_os.4;431.00;out_ns_to_os.4;0;1865.82;1.01;0.00;263.31;car;;17;53.00
6801.00;230845886_0;633.12;9.28;6357.00;2.91;-23156305_0;5.10;0.00;tripinfo_out_gg_to_ba.19;444.00;out_gg_to_ba.19;0;2288.16;0.88;0.00;209.77;car;;7;128.00
6805.00;230845886_0;633.12;9.87;6435.00;0.64;-23156305_0;5.10;0.00;tripinfo_out_gg_to_ba.20;370.00;out_gg_to_ba.20;0;2288.16;0.99;0.00;159.98;car;;6;80.00
6806.00;230845886_0;633.12;11.73;6568.00;0.35;-23142338#2_0;5.10;0.00;tripinfo_out_ns_to_ba.23;238.00;out_ns_to_ba.23;0;2340.42;1.06;0.00;39.16;car;;1;17.00
6806.00;45494495_0;58.90;11.96;6684.00;0.57;803785575#0_0;5.10;0.00;tripinfo_out_od_to_os.23;122.00;out_od_to_os.23;0;969.96;1.11;0.00;42.44;car;;1;10.00
6806.00;41899283#1_0;148.70;10.14;6741.00;0.34;-23527526_0;5.10;0.00;tripinfo_out_gj_to_as.54;65.00;out_gj_to_as.54;0;633.70;1.02;0.00;8.14;car;;0;0.00
6807.00;23142338#2_0;290.21;10.80;5978.00;0.16;-23156305_0;5.10;0.00;tripinfo_out_gg_to_ns.15;829.00;out_gg_to_ns.15;0;2927.39;0.99;0.00;561.50;car;;17;380.00
6808.00;230845886_0;633.12;11.16;6571.00;1.47;-23142338#2_0;5.10;0.00;tripinfo_out_ns_to_ba.24;237.00;out_ns_to_ba.24;0;2340.42;1.10;0.00;45.53;car;;1;16.00
6808.00;41899283#1_0;148.70;12.18;6746.00;0.13;-23527526_0;5.10;0.00;tripinfo_out_gj_to_as.55;62.00;out_gj_to_as.55;0;633.70;1.11;0.00;9.57;car;;0;0.00
6809.00;23142338#2_0;290.21;10.56;6015.00;0.74;-23156305_0;5.10;0.00;tripinfo_out_gg_to_ns.16;794.00;out_gg_to_ns.16;0;2927.39;1.00;0.00;528.92;car;;18;353.00
6810.00;28706217_0;94.10;8.56;6053.00;0.63;-23156305_0;5.10;0.00;tripinfo_out_gg_to_sl.8;757.00;out_gg_to_sl.8;0;2908.41;1.15;0.00;524.34;car;;23;198.00
6810.00;230845886_0;633.12;12.66;6577.00;0.90;-23142338#2_0;5.10;0.00;tripinfo_out_ns_to_ba.25;233.00;out_ns_to_ba.25;0;2340.42;1.24;0.00;61.96;car;;1;15.00
6813.00;23156030#6_0;109.07;9.95;6247.00;1.59;-230845886_0;5.10;0.00;tripinfo_out_ba_to_od.27;566.00;out_ba_to_od.27;0;2315.50;1.01;0.00;358.39;car;;14;159.00
6814.00;45494495_0;58.90;7.98;6427.00;5.35;-230845886_0;5.10;0.00;tripinfo_out_ba_to_os.16;387.00;out_ba_to_os.16;0;1647.96;0.76;0.00;191.25;car;;7;42.00
6815.00;23156030#6_0;109.07;10.16;6173.00;1.45;23687583_0;5.10;0.00;tripinfo_out_as_to_od.23;642.00;out_as_to_od.23;0;2357.31;1.01;0.00;431.84;car;;21;165.00
6816.00;23156030#6_1;109.07;11.19;6040.00;0.69;-23156305_0;5.10;0.00;tripinfo_out_gg_to_od.24;776.00;out_gg_to_od.24;0;3288.97;1.07;0.00;497.20;car;;23;163.00
6816.00;45494495_0;58.90;9.07;6407.00;1.53;-28716808#1_0;5.10;0.00;tripinfo_out_kl_to_os.10;409.00;out_kl_to_os.10;0;1989.49;0.86;0.00;200.10;car;;7;35.00
6817.00;972103805_0;116.86;9.59;6714.00;0.84;-23527526_0;5.10;0.00;tripinfo_out_gj_to_ko.22;103.00;out_gj_to_ko.22;0;971.70;0.95;0.00;9.30;car;;0;0.00
6819.00;23156030#6_0;109.07;9.69;6165.00;0.73;-23156390_0;5.10;0.00;tripinfo_out_br_to_od.24;654.00;out_br_to_od.24;0;2905.16;0.96;0.00;380.12;car;;19;175.00
6823.00;41899283#1_0;148.70;10.90;6760.00;0.16;-23527526_0;5.10;0.00;tripinfo_out_gj_to_as.56;63.00;out_gj_to_as.56;0;633.70;1.06;0.00;7.80;car;;0;0.00
6828.00;41899283#1_0;148.70;9.84;6641.00;0.81;-28716808#1_0;5.10;0.00;tripinfo_out_kl_to_as.17;187.00;out_kl_to_as.17;0;1233.18;0.92;0.00;65.10;car;;3;36.00
6830.00;41899283#1_0;148.70;11.39;6544.00;0.62;803785575#0_0;5.10;0.00;tripinfo_out_od_to_as.25;286.00;out_od_to_as.25;0;2382.09;1.11;0.00;92.32;car;;4;44.00
6831.00;45494495_0;58.90;9.07;6370.00;0.57;-28716808#1_0;5.10;0.00;tripinfo_out_kl_to_os.9;461.00;out_kl_to_os.9;0;1989.49;0.86;0.00;250.57;car;;13;46.00
6832.00;41899283#1_0;148.70;9.79;6566.00;0.05;803785575#0_0;5.10;0.00;tripinfo_out_od_to_as.26;266.00;out_od_to_as.26;0;2382.09;1.00;0.00;50.03;car;;1;27.00
6834.00;41899283#1_0;148.70;11.11;6606.00;0.13;-23142338#2_0;5.10;0.00;tripinfo_out_ns_to_as.44;228.00;out_ns_to_as.44;0;2009.37;1.11;0.00;62.10;car;;3;26.00
6836.00;23142338#2_0;290.21;10.55;6550.00;5.79;-23527526_0;5.10;0.00;tripinfo_out_gj_to_ns.100;286.00;out_gj_to_ns.100;0;2043.79;0.98;0.00;96.29;car;;4;56.00
6836.00;41899283#1_0;148.70;13.10;6672.00;4.05;-230845886_0;5.10;0.00;tripinfo_out_ba_to_as.36;164.00;out_ba_to_as.36;0;1430.78;1.21;0.00;56.83;car;;3;22.00
6838.00;23142338#2_0;290.21;10.52;6207.00;0.02;-28716808#1_0;5.10;0.00;tripinfo_out_kl_to_ns.4;631.00;out_kl_to_ns.4;0;2305.34;1.02;0.00;426.29;car;;14;307.00
6839.00;230845886_0;633.12;9.85;6683.00;4.77;23687583_0;5.10;0.00;tripinfo_out_as_to_ba.65;156.00;out_as_to_ba.65;0;1356.50;0.94;0.00;24.76;car;;1;9.00
6840.00;23156030#6_0;109.07;11.42;5939.00;0.56;-23156305_0;5.10;0.00;tripinfo_out_gg_to_od.22;901.00;out_gg_to_od.22;0;3288.97;1.05;0.00;617.60;car;;25;272.00
6840.00;23142338#2_0;290.21;11.22;6261.00;8.03;23687583_0;5.10;0.00;tripinfo_out_as_to_ns.42;579.00;out_as_to_ns.42;0;1995.73;1.08;0.00;409.47;car;;13;287.00
6840.00;41899283#1_0;148.70;10.95;6529.00;0.86;-23156390_0;5.10;0.00;tripinfo_out_br_to_as.6;311.00;out_br_to_as.6;0;2020.44;1.01;0.00;129.24;car;;4;83.00
6841.00;230845886_0;633.12;11.22;6687.00;7.50;23687583_0;5.10;0.00;tripinfo_out_as_to_ba.66;154.00;out_as_to_ba.66;0;1356.50;1.03;0.00;34.82;car;;1;9.00
6843.00;230845886_0;633.12;10.34;6692.00;10.57;23687583_0;5.10;0.00;tripinfo_out_as_to_ba.67;151.00;out_as_to_ba.67;0;1356.50;0.97;0.00;23.94;car;;1;4.00
6844.00;28706217_0;94.10;6.90;6314.00;0.05;23687583_0;5.10;0.00;tripinfo_out_as_to_sl.20;530.00;out_as_to_sl.20;0;1976.75;0.95;0.00;336.42;car;;20;115.00
6849.00;23156030#6_0;109.07;9.57;6182.00;0.00;-23156390_0;5.10;0.00;tripinfo_out_br_to_od.25;667.00;out_br_to_od.25;0;2905.16;0.93;0.00;385.65;car;;17;117.00
6849.00;230845886_0;633.12;10.39;6663.00;0.59;-23527526_0;5.10;0.00;tripinfo_out_gj_to_ba.48;186.00;out_gj_to_ba.48;0;1702.89;0.96;0.00;25.09;car;;0;0.00
6851.00;230845886_0;633.12;9.86;6669.00;0.64;-23527526_0;5.10;0.00;tripinfo_out_gj_to_ba.49;182.00;out_gj_to_ba.49;0;1702.89;0.98;0.00;24.54;car;;0;0.00
6852.00;41899283#1_0;148.70;10.20;6544.00;0.20;-23156390_0;5.10;0.00;tripinfo_out_br_to_as.7;308.00;out_br_to_as.7;0;2020.44;0.97;0.00;119.90;car;;4;72.00
6853.00;28706217_0;94.10;5.48;6080.00;0.45;-23156305_0;5.10;0.00;tripinfo_out_gg_to_sl.9;773.00;out_gg_to_sl.9;0;2908.41;0.79;0.00;432.15;car;;20;144.00
6857.00;972103805_0;116.86;10.06;3231.00;587.80;-45494495_0;5.10;0.00;tripinfo_in_os_to_ko.7;3626.00;in_os_to_ko.7;0;2045.29;1.02;0.00;3433.58;car;;22;3308.00
6857.00;23156030#6_0;109.07;9.00;6208.00;0.76;23687583_0;5.10;0.00;tripinfo_out_as_to_od.25;649.00;out_as_to_od.25;0;2357.31;0.86;0.00;400.99;car;;20;150.00
6857.00;28706217_0;94.10;6.23;6345.00;2.24;23687583_0;5.10;0.00;tripinfo_out_as_to_sl.21;512.00;out_as_to_sl.21;0;1976.75;0.88;0.00;303.99;car;;13;44.00
6860.00;41899283#1_0;148.70;8.84;6782.00;1.98;-23527526_0;5.10;0.00;tripinfo_out_gj_to_as.57;78.00;out_gj_to_as.57;0;633.70;0.84;0.00;8.39;car;;0;0.00
6865.00;230845886_0;633.12;10.36;6681.00;0.92;-23527526_0;5.10;0.00;tripinfo_out_gj_to_ba.50;184.00;out_gj_to_ba.50;0;1702.89;0.96;0.00;23.94;car;;1;3.00
6865.00;41899283#1_0;148.70;10.59;6797.00;4.78;-23527526_0;5.10;0.00;tripinfo_out_gj_to_as.58;68.00;out_gj_to_as.58;0;633.70;1.03;0.00;11.17;car;;0;0.00
6866.00;23142338#2_0;290.21;9.67;6288.00;4.17;23687583_0;5.10;0.00;tripinfo_out_as_to_ns.43;578.00;out_as_to_ns.43;0;1995.73;0.98;0.00;391.09;car;;13;294.00
6867.00;23142338#2_0;290.21;10.99;6334.00;0.50;-28716808#1_0;5.10;0.00;tripinfo_out_kl_to_ns.5;533.00;out_kl_to_ns.5;0;2305.34;1.00;0.00;324.28;car;;12;229.00
6867.00;41899283#1_0;148.70;12.77;6802.00;0.41;-23527526_0;5.10;0.00;tripinfo_out_gj_to_as.59;65.00;out_gj_to_as.59;0;633.70;1.19;0.00;15.70;car;;0;0.00
6869.00;23142338#2_0;290.21;10.62;6361.00;1.12;23687583_0;5.10;0.00;tripinfo_out_as_to_ns.44;508.00;out_as_to_ns.44;0;1995.73;1.06;0.00;337.33;car;;12;231.00
6871.00;28706217_0;94.10;8.70;6084.00;0.12;-23156305_0;5.10;0.00;tripinfo_out_gg_to_sl.10;787.00;out_gg_to_sl.10;0;2908.41;1.12;0.00;547.81;car;;28;190.00
6872.00;23156030#6_0;109.07;10.65;6310.00;0.55;-230845886_0;5.10;0.00;tripinfo_out_ba_to_od.28;562.00;out_ba_to_od.28;0;2315.50;1.05;0.00;363.34;car;;18;136.00
6872.00;230845886_0;633.12;9.65;6725.00;0.00;23687583_0;5.10;0.00;tripinfo_out_as_to_ba.68;147.00;out_as_to_ba.68;0;1356.50;0.93;0.00;15.25;car;;0;0.00
6872.00;41899283#1_0;148.70;11.13;6808.00;0.51;-23527526_0;5.10;0.00;tripinfo_out_gj_to_as.60;64.00;out_gj_to_as.60;0;633.70;1.05;0.00;8.20;car;;0;0.00
6874.00;972103805_0;116.86;10.97;6447.00;4.26;-23156305_0;5.10;0.00;tripinfo_out_gg_to_ko.14;427.00;out_gg_to_ko.14;0;2416.59;1.08;0.00;223.51;car;;7;113.00
6874.00;230845886_0;633.12;11.14;6700.00;0.76;-23527526_0;5.10;0.00;tripinfo_out_gj_to_ba.51;174.00;out_gj_to_ba.51;0;1702.89;1.04;0.00;25.27;car;;0;0.00
6875.00;23156030#6_0;109.07;9.37;6253.00;1.78;23687583_0;5.10;0.00;tripinfo_out_as_to_od.26;622.00;out_as_to_od.26;0;2357.31;0.96;0.00;400.25;car;;23;122.00
6876.00;28706217_0;94.10;7.79;6329.00;1.19;-23156390_0;5.10;0.00;tripinfo_out_br_to_sl.8;547.00;out_br_to_sl.8;0;2524.60;1.03;0.00;320.44;car;;11;108.00
6876.00;230845886_0;633.12;10.87;6703.00;3.42;-23527526_0;5.10;0.00;tripinfo_out_gj_to_ba.52;173.00;out_gj_to_ba.52;0;1702.89;1.01;0.00;19.66;car;;0;0.00
6879.00;23156030#6_0;109.07;10.78;6332.00;2.69;-230845886_0;5.10;0.00;tripinfo_out_ba_to_od.29;547.00;out_ba_to_od.29;0;2315.50;1.01;0.00;339.59;car;;18;120.00
6880.00;230845886_0;633.12;10.31;6642.00;0.54;-23142338#2_0;5.10;0.00;tripinfo_out_ns_to_ba.26;238.00;out_ns_to_ba.26;0;2340.42;0.99;0.00;25.53;car;;1;6.00
6882.00;41899283#1_0;148.70;10.56;6818.00;1.55;-23527526_0;5.10;0.00;tripinfo_out_gj_to_as.61;64.00;out_gj_to_as.61;0;633.70;1.05;0.00;7.66;car;;0;0.00
6884.00;23142338#2_0;290.21;8.28;6125.00;0.44;-23156305_0;5.10;0.00;tripinfo_out_gg_to_ns.17;759.00;out_gg_to_ns.17;0;2927.39;0.80;0.00;427.40;car;;15;283.00
6886.00;23156030#6_0;109.07;8.98;6187.00;0.55;-23156390_0;5.10;0.00;tripinfo_out_br_to_od.26;699.00;out_br_to_od.26;0;2905.16;0.86;0.00;392.79;car;;21;182.00
6891.00;230845886_0;633.12;11.07;6660.00;0.13;803785575#0_0;5.10;0.00;tripinfo_out_od_to_ba.7;231.00;out_od_to_ba.7;0;2382.14;1.01;0.00;16.76;car;;0;0.00
6892.00;230845886_0;633.12;11.70;6720.00;0.81;-23527526_0;5.10;0.00;tripinfo_out_gj_to_ba.53;172.00;out_gj_to_ba.53;0;1702.89;1.15;0.00;37.87;car;;1;8.00
6894.00;23142338#2_0;290.21;10.78;6372.00;2.61;23687583_0;5.10;0.00;tripinfo_out_as_to_ns.45;522.00;out_as_to_ns.45;0;1995.73;1.02;0.00;343.93;car;;12;218.00
6901.00;45494495_0;58.90;13.24;6527.00;5.68;-230845886_0;5.10;0.00;tripinfo_out_ba_to_os.17;374.00;out_ba_to_os.17;0;1647.96;1.23;0.00;252.83;car;;12;56.00
6902.00;230845886_0;633.12;10.92;6487.00;0.20;-23156305_0;5.10;0.00;tripinfo_out_gg_to_ba.21;415.00;out_gg_to_ba.21;0;2288.16;1.02;0.00;211.66;car;;5;138.00
6902.00;972103805_0;116.86;12.49;6688.00;2.18;-28716808#1_0;5.10;0.00;tripinfo_out_kl_to_ko.20;214.00;out_kl_to_ko.20;0;1927.03;1.19;0.00;67.23;car;;2;19.00
6903.00;23156030#6_0;109.07;10.66;6220.00;0.51;-23156390_0;5.10;0.00;tripinfo_out_br_to_od.27;683.00;out_br_to_od.27;0;2905.16;0.99;0.00;418.93;car;;21;190.00
6904.00;230845886_0;633.12;10.69;6490.00;0.39;-23156305_0;5.10;0.00;tripinfo_out_gg_to_ba.22;414.00;out_gg_to_ba.22;0;2288.16;1.02;0.00;212.10;car;;5;136.00
6905.00;23156030#6_1;109.07;10.97;6226.00;0.89;-23156390_0;5.10;0.00;tripinfo_out_br_to_od.28;679.00;out_br_to_od.28;0;2905.16;1.09;0.00;437.58;car;;19;124.00
6908.00;23156030#6_0;109.07;10.03;6239.00;0.14;-23527526_0;5.10;0.00;tripinfo_out_gj_to_od.9;669.00;out_gj_to_od.9;0;2703.70;0.95;0.00;412.56;car;;21;180.00
6909.00;41899283#1_0;148.70;11.68;6847.00;0.28;-23527526_0;5.10;0.00;tripinfo_out_gj_to_as.62;62.00;out_gj_to_as.62;0;633.70;1.09;0.00;7.87;car;;0;0.00
6910.00;230845886_0;633.12;10.09;6728.00;0.72;-23527526_0;5.10;0.00;tripinfo_out_gj_to_ba.54;182.00;out_gj_to_ba.54;0;1702.89;0.95;0.00;20.04;car;;0;0.00
6911.00;23156030#6_0;109.07;9.38;6300.00;5.93;23687583_0;5.10;0.00;tripinfo_out_as_to_od.27;611.00;out_as_to_od.27;0;2357.31;0.93;0.00;382.01;car;;18;151.00
6912.00;45494495_0;58.90;10.42;6542.00;0.60;-230845886_0;5.10;0.00;tripinfo_out_ba_to_os.18;370.00;out_ba_to_os.18;0;1647.96;1.00;0.00;220.43;car;;10;52.00
6913.00;28706217_0;94.10;5.89;6400.00;0.88;-23527526_0;5.10;0.00;tripinfo_out_gj_to_sl.8;513.00;out_gj_to_sl.8;0;2323.14;0.75;0.00;224.72;car;;9;59.00
6914.00;41899283#1_0;148.70;10.36;6756.00;0.03;-230845886_0;5.10;0.00;tripinfo_out_ba_to_as.37;158.00;out_ba_to_as.37;0;1430.78;0.95;0.00;20.50;car;;1;3.00
6915.00;28706217_0;94.10;6.98;6403.00;0.41;-230845886_0;5.10;0.00;tripinfo_out_ba_to_sl.7;512.00;out_ba_to_sl.7;0;1934.94;0.86;0.00;304.10;car;;21;80.00
6915.00;23142338#2_0;290.21;7.59;6559.00;2.22;-23527526_0;5.10;0.00;tripinfo_out_gj_to_ns.101;356.00;out_gj_to_ns.101;0;2043.79;0.75;0.00;108.60;car;;5;59.00
6917.00;23142338#2_0;290.21;10.44;6584.00;0.90;-23527526_0;5.10;0.00;tripinfo_out_gj_to_ns.102;333.00;out_gj_to_ns.102;0;2043.79;0.95;0.00;138.17;car;;6;53.00
6919.00;45494495_0;58.90;9.98;6479.00;0.17;-28716808#1_0;5.10;0.00;tripinfo_out_kl_to_os.11;440.00;out_kl_to_os.11;0;1989.49;0.90;0.00;240.29;car;;13;75.00
6921.00;45494495_0;58.90;11.02;6269.00;0.18;-23156305_0;5.10;0.00;tripinfo_out_gg_to_os.13;652.00;out_gg_to_os.13;0;2621.43;1.00;0.00;414.96;car;;18;126.00
6927.00;23156030#6_0;109.07;11.22;6326.00;1.47;23687583_0;5.10;0.00;tripinfo_out_as_to_od.28;601.00;out_as_to_od.28;0;2357.31;1.11;0.00;409.24;car;;23;166.00
6928.00;45494495_0;58.90;8.28;6781.00;0.78;803785575#0_0;5.10;0.00;tripinfo_out_od_to_os.24;147.00;out_od_to_os.24;0;969.96;0.85;0.00;43.70;car;;1;17.00
6929.00;23142338#2_0;290.21;10.26;6596.00;0.50;-23527526_0;5.10;0.00;tripinfo_out_gj_to_ns.103;333.00;out_gj_to_ns.103;0;2043.79;0.93;0.00;134.09;car;;5;66.00
6930.00;45494495_0;58.90;11.41;6831.00;0.09;803785575#0_0;5.10;0.00;tripinfo_out_od_to_os.25;99.00;out_od_to_os.25;0;969.96;1.06;0.00;15.59;car;;0;0.00
6931.00;230845886_0;633.12;11.24;6518.00;0.88;-23156305_0;5.10;0.00;tripinfo_out_gg_to_ba.23;413.00;out_gg_to_ba.23;0;2288.16;1.02;0.00;209.23;car;;6;135.00
6931.00;23142338#2_0;290.21;10.12;6603.00;0.71;-23527526_0;5.10;0.00;tripinfo_out_gj_to_ns.104;328.00;out_gj_to_ns.104;0;2043.79;1.02;0.00;146.42;car;;5;88.00
6931.00;41899283#1_0;148.70;10.18;6864.00;0.50;-23527526_0;5.10;0.00;tripinfo_out_gj_to_as.63;67.00;out_gj_to_as.63;0;633.70;0.99;0.00;8.17;car;;0;0.00
6933.00;230845886_0;633.12;10.98;6804.00;0.23;23687583_0;5.10;0.00;tripinfo_out_as_to_ba.69;129.00;out_as_to_ba.69;0;1356.50;1.04;0.00;10.29;car;;0;0.00
6933.00;972103805_0;116.86;11.83;6815.00;3.16;-23527526_0;5.10;0.00;tripinfo_out_gj_to_ko.23;118.00;out_gj_to_ko.23;0;971.70;1.08;0.00;36.25;car;;1;21.00
6934.00;23142338#2_0;290.21;9.21;6609.00;0.26;-23527526_0;5.10;0.00;tripinfo_out_gj_to_ns.105;325.00;out_gj_to_ns.105;0;2043.79;0.93;0.00;125.17;car;;5;74.00
6934.00;41899283#1_0;148.70;10.24;6706.00;2.97;-23142338#2_0;5.10;0.00;tripinfo_out_ns_to_as.45;228.00;out_ns_to_as.45;0;2009.37;0.93;0.00;31.29;car;;1;7.00
6936.00;28706217_0;94.10;7.81;6393.00;0.85;-23527526_0;5.10;0.00;tripinfo_out_gj_to_sl.7;543.00;out_gj_to_sl.7;0;2323.14;0.96;0.00;319.49;car;;18;76.00
6936.00;23142338#2_0;290.21;10.90;6618.00;3.44;-23527526_0;5.10;0.00;tripinfo_out_gj_to_ns.106;318.00;out_gj_to_ns.106;0;2043.79;1.09;0.00;148.62;car;;5;68.00
6940.00;23156030#6_0;109.07;10.34;6308.00;0.98;-28716808#1_0;5.10;0.00;tripinfo_out_kl_to_od.14;632.00;out_kl_to_od.14;0;2657.03;0.97;0.00;384.03;car;;20;142.00
6940.00;45494495_0;58.90;11.66;6437.00;0.94;-23156390_0;5.10;0.00;tripinfo_out_br_to_os.6;503.00;out_br_to_os.6;0;2237.62;1.07;0.00;314.02;car;;9;82.00
6942.00;23156030#6_0;109.07;9.34;6332.00;5.94;23687583_0;5.10;0.00;tripinfo_out_as_to_od.29;610.00;out_as_to_od.29;0;2357.31;0.91;0.00;375.23;car;;23;158.00
6942.00;23142338#2_0;290.21;10.62;6727.00;0.45;803785575#0_0;5.10;0.00;tripinfo_out_od_to_ns.6;215.00;out_od_to_ns.6;0;1928.29;1.01;0.00;30.36;car;;1;6.00
6943.00;45494495_0;58.90;10.82;6515.00;0.90;-28716808#1_0;5.10;0.00;tripinfo_out_kl_to_os.12;428.00;out_kl_to_os.12;0;1989.49;1.00;0.00;246.75;car;;6;45.00
6945.00;45494495_0;58.90;11.37;6327.00;0.17;-23156305_0;5.10;0.00;tripinfo_out_gg_to_os.14;618.00;out_gg_to_os.14;0;2621.43;1.04;0.00;389.50;car;;13;122.00
6954.00;41899283#1_0;148.70;9.45;6591.00;0.86;-23156305_0;5.10;0.00;tripinfo_out_gg_to_as.13;363.00;out_gg_to_as.13;0;1699.56;0.95;0.00;199.75;car;;6;115.00
6954.00;230845886_0;633.12;8.71;6734.00;1.04;-28716808#1_0;5.10;0.00;tripinfo_out_kl_to_ba.4;220.00;out_kl_to_ba.4;0;1656.22;0.88;0.00;49.19;car;;2;26.00
6955.00;230845886_0;633.12;12.10;6717.00;0.17;-23142338#2_0;5.10;0.00;tripinfo_out_ns_to_ba.27;238.00;out_ns_to_ba.27;0;2340.42;1.15;0.00;54.97;car;;1;19.00
6956.00;41899283#1_0;148.70;12.40;6815.00;0.38;-230845886_0;5.10;0.00;tripinfo_out_ba_to_as.38;141.00;out_ba_to_as.38;0;1430.78;1.15;0.00;27.71;car;;1;9.00
6958.00;23156030#6_0;109.07;11.69;6346.00;2.15;-23527526_0;5.10;0.00;tripinfo_out_gj_to_od.10;612.00;out_gj_to_od.10;0;2703.70;1.14;0.00;397.89;car;;22;139.00
6958.00;230845886_0;633.12;10.11;6815.00;0.97;23687583_0;5.10;0.00;tripinfo_out_as_to_ba.70;143.00;out_as_to_ba.70;0;1356.50;1.01;0.00;21.51;car;;0;0.00
6961.00;230845886_0;633.12;9.49;6530.00;0.72;-23156305_0;5.10;0.00;tripinfo_out_gg_to_ba.24;431.00;out_gg_to_ba.24;0;2288.16;0.96;0.00;216.24;car;;6;148.00
6961.00;23142338#2_0;290.21;9.18;6623.00;0.81;-23527526_0;5.10;0.00;tripinfo_out_gj_to_ns.107;338.00;out_gj_to_ns.107;0;2043.79;0.90;0.00;132.07;car;;5;81.00
6963.00;23156030#6_0;109.07;9.87;6268.00;5.56;-23156390_0;5.10;0.00;tripinfo_out_br_to_od.29;695.00;out_br_to_od.29;0;2905.16;1.00;0.00;433.22;car;;23;169.00
6963.00;230845886_0;633.12;10.64;6544.00;0.13;-23156305_0;5.10;0.00;tripinfo_out_gg_to_ba.25;419.00;out_gg_to_ba.25;0;2288.16;1.06;0.00;223.60;car;;7;136.00
6963.00;23142338#2_0;290.21;12.50;6642.00;2.01;-23527526_0;5.10;0.00;tripinfo_out_gj_to_ns.109;321.00;out_gj_to_ns.109;0;2043.79;1.15;0.00;160.27;car;;5;74.00
6964.00;41899283#1_0;148.70;9.70;6788.00;0.15;-28716808#1_0;5.10;0.00;tripinfo_out_kl_to_as.18;176.00;out_kl_to_as.18;0;1233.18;0.95;0.00;57.80;car;;2;36.00
6965.00;23142338#2_0;290.21;10.55;6629.00;0.42;-23527526_0;5.10;0.00;tripinfo_out_gj_to_ns.108;336.00;out_gj_to_ns.108;0;2043.79;0.99;0.00;149.14;car;;5;78.00
6965.00;41899283#1_0;148.70;10.94;6820.00;0.51;-28716808#1_0;5.10;0.00;tripinfo_out_kl_to_as.19;145.00;out_kl_to_as.19;0;1233.18;1.02;0.00;35.55;car;;1;18.00
6967.00;23142338#2_0;290.21;10.54;6649.00;0.37;-23527526_0;5.10;0.00;tripinfo_out_gj_to_ns.110;318.00;out_gj_to_ns.110;0;2043.79;0.99;0.00;131.30;car;;5;69.00
6968.00;23156030#6_0;109.07;10.27;6385.00;4.77;23687583_0;5.10;0.00;tripinfo_out_as_to_od.31;583.00;out_as_to_od.31;0;2357.31;0.99;0.00;367.63;car;;26;144.00
6970.00;972103805_0;116.86;11.96;3830.00;1167.39;-45494495_0;5.10;0.00;tripinfo_in_os_to_ko.8;3140.00;in_os_to_ko.8;0;2045.29;1.14;0.00;2967.01;car;;24;2831.00
6976.00;230845886_0;633.12;11.80;6812.00;0.38;-23527526_0;5.10;0.00;tripinfo_out_gj_to_ba.55;164.00;out_gj_to_ba.55;0;1702.89;1.07;0.00;19.87;car;;1;1.00
6976.00;41899283#1_0;148.70;10.09;6908.00;0.32;-23527526_0;5.10;0.00;tripinfo_out_gj_to_as.64;68.00;out_gj_to_as.64;0;633.70;0.98;0.00;8.57;car;;0;0.00
6977.00;28706217_0;94.10;7.65;6727.00;0.05;-23142338#2_0;5.10;0.00;tripinfo_out_ns_to_sl.7;250.00;out_ns_to_sl.7;0;1619.36;0.94;0.00;75.09;car;;4;36.00
6982.00;23142338#2_0;290.21;10.86;6378.00;2.82;23687583_0;5.10;0.00;tripinfo_out_as_to_ns.46;604.00;out_as_to_ns.46;0;1995.73;1.05;0.00;431.51;car;;13;298.00
6987.00;23142338#2_0;290.21;9.85;6706.00;1.78;-23527526_0;5.10;0.00;tripinfo_out_gj_to_ns.111;281.00;out_gj_to_ns.111;0;2043.79;0.99;0.00;94.31;car;;4;50.00
6991.00;23142338#2_0;290.21;9.53;6349.00;0.63;-28716808#1_0;5.10;0.00;tripinfo_out_kl_to_ns.6;642.00;out_kl_to_ns.6;0;2305.34;0.96;0.00;423.01;car;;14;307.00
6993.00;23142338#2_0;290.21;11.71;6145.00;0.72;-23156305_0;5.10;0.00;tripinfo_out_gg_to_ns.18;848.00;out_gg_to_ns.18;0;2927.39;1.06;0.00;596.14;car;;20;397.00
6994.00;28706217_0;94.10;6.95;6254.00;0.58;-23156305_0;5.10;0.00;tripinfo_out_gg_to_sl.11;740.00;out_gg_to_sl.11;0;2908.41;0.96;0.00;459.31;car;;21;151.00
6994.00;23156030#6_1;109.07;11.42;6408.00;0.30;23687583_0;5.10;0.00;tripinfo_out_as_to_od.33;586.00;out_as_to_od.33;0;2357.31;1.06;0.00;386.08;car;;21;146.00
6994.00;972103805_0;116.86;12.48;6754.00;0.74;-28716808#1_0;5.10;0.00;tripinfo_out_kl_to_ko.21;240.00;out_kl_to_ko.21;0;1927.03;1.22;0.00;96.65;car;;2;35.00
6996.00;28706217_0;94.10;7.75;6490.00;0.46;-28716808#1_0;5.10;0.00;tripinfo_out_kl_to_sl.12;506.00;out_kl_to_sl.12;0;2276.47;1.03;0.00;300.89;car;;14;94.00
6996.00;230845886_0;633.12;9.50;6723.00;0.72;-23142338#2_0;5.10;0.00;tripinfo_out_ns_to_ba.28;273.00;out_ns_to_ba.28;0;2340.42;0.86;0.00;30.54;car;;1;2.00
6996.00;41899283#1_0;148.70;10.47;6756.00;0.44;-23142338#2_0;5.10;0.00;tripinfo_out_ns_to_as.46;240.00;out_ns_to_as.46;0;2009.37;1.02;0.00;60.43;car;;3;29.00
6997.00;23156030#6_0;109.07;9.32;6375.00;2.81;23687583_0;5.10;0.00;tripinfo_out_as_to_od.30;622.00;out_as_to_od.30;0;2357.31;0.94;0.00;394.73;car;;19;113.00
6998.00;230845886_0;633.12;9.40;6844.00;0.69;23687583_0;5.10;0.00;tripinfo_out_as_to_ba.71;154.00;out_as_to_ba.71;0;1356.50;0.93;0.00;23.02;car;;0;0.00
6999.00;23156030#6_0;109.07;9.79;6397.00;0.51;23687583_0;5.10;0.00;tripinfo_out_as_to_od.32;602.00;out_as_to_od.32;0;2357.31;0.95;0.00;378.89;car;;20;121.00
7003.00;230845886_0;633.12;8.78;6580.00;0.98;-23156305_0;5.10;0.00;tripinfo_out_gg_to_ba.26;423.00;out_gg_to_ba.26;0;2288.16;0.87;0.00;186.10;car;;5;109.00
7004.00;28706217_0;94.10;7.92;6785.00;1.21;-23142338#2_0;5.10;0.00;tripinfo_out_ns_to_sl.8;219.00;out_ns_to_sl.8;0;1619.36;0.95;0.00;47.00;car;;4;15.00
7005.00;230845886_0;633.12;10.26;6745.00;0.67;-23142338#2_0;5.10;0.00;tripinfo_out_ns_to_ba.29;260.00;out_ns_to_ba.29;0;2340.42;0.96;0.00;42.37;car;;1;16.00
7005.00;41899283#1_0;148.70;9.29;6864.00;0.51;-28716808#1_0;5.10;0.00;tripinfo_out_kl_to_as.20;141.00;out_kl_to_as.20;0;1233.18;0.86;0.00;11.91;car;;0;0.00
7007.00;230845886_0;633.12;11.63;6774.00;1.14;803785575#0_0;5.10;0.00;tripinfo_out_od_to_ba.9;233.00;out_od_to_ba.9;0;2382.14;1.05;0.00;27.39;car;;0;0.00
7007.00;41899283#1_0;148.70;11.85;6863.00;0.44;-230845886_0;5.10;0.00;tripinfo_out_ba_to_as.39;144.00;out_ba_to_as.39;0;1430.78;1.14;0.00;29.85;car;;1;3.00
7011.00;41899283#1_0;148.70;8.40;6575.00;0.15;-23156390_0;5.10;0.00;tripinfo_out_br_to_as.8;436.00;out_br_to_as.8;0;2020.44;0.86;0.00;222.34;car;;4;179.00
7012.00;23142338#2_0;290.21;11.80;6176.00;0.44;-23156305_0;5.10;0.00;tripinfo_out_gg_to_ns.19;836.00;out_gg_to_ns.19;0;2927.39;1.07;0.00;587.39;car;;20;396.00
7015.00;23156030#6_0;109.07;12.94;6370.00;3.21;-23527526_0;5.10;0.00;tripinfo_out_gj_to_od.11;645.00;out_gj_to_od.11;0;2703.70;1.23;0.00;446.42;car;;19;140.00
7019.00;41899283#1_0;148.70;10.44;6759.00;3.42;-23142338#2_0;5.10;0.00;tripinfo_out_ns_to_as.47;260.00;out_ns_to_as.47;0;2009.37;1.03;0.00;81.94;car;;4;43.00
7023.00;23142338#2_0;290.21;9.55;6210.00;2.21;-23156305_0;5.10;0.00;tripinfo_out_gg_to_ns.20;813.00;out_gg_to_ns.20;0;2927.39;0.89;0.00;514.64;car;;19;354.00
7024.00;23156030#6_1;109.07;11.66;6432.00;0.50;-23527526_0;5.10;0.00;tripinfo_out_gj_to_od.12;592.00;out_gj_to_od.12;0;2703.70;1.06;0.00;361.71;car;;15;110.00
7024.00;972103805_0;116.86;10.87;6781.00;0.77;-28716808#1_0;5.10;0.00;tripinfo_out_kl_to_ko.22;243.00;out_kl_to_ko.22;0;1927.03;1.02;0.00;72.21;car;;3;37.00
7025.00;23142338#2_0;290.21;10.30;6240.00;0.82;-23156305_0;5.10;0.00;tripinfo_out_gg_to_ns.21;785.00;out_gg_to_ns.21;0;2927.39;1.01;0.00;521.07;car;;19;328.00
7027.00;23156030#6_0;109.07;10.26;6207.00;0.72;-23156305_0;5.10;0.00;tripinfo_out_gg_to_od.25;820.00;out_gg_to_od.25;0;3288.97;0.93;0.00;500.09;car;;26;218.00
7028.00;23142338#2_0;290.21;8.73;6735.00;0.78;-23527526_0;5.10;0.00;tripinfo_out_gj_to_ns.112;293.00;out_gj_to_ns.112;0;2043.79;0.89;0.00;85.43;car;;4;44.00
7029.00;23142338#2_0;290.21;12.15;6836.00;0.12;803785575#0_0;5.10;0.00;tripinfo_out_od_to_ns.7;193.00;out_od_to_ns.7;0;1928.29;1.18;0.00;35.26;car;;1;8.00
7029.00;41899283#1_0;148.70;9.17;6950.00;0.40;-23527526_0;5.10;0.00;tripinfo_out_gj_to_as.65;79.00;out_gj_to_as.65;0;633.70;0.85;0.00;9.64;car;;0;0.00
7031.00;41899283#1_0;148.70;12.74;6887.00;0.85;-230845886_0;5.10;0.00;tripinfo_out_ba_to_as.40;144.00;out_ba_to_as.40;0;1430.78;1.18;0.00;34.18;car;;1;20.00
7032.00;28706217_0;94.10;8.43;6819.00;0.57;-23142338#2_0;5.10;0.00;tripinfo_out_ns_to_sl.9;213.00;out_ns_to_sl.9;0;1619.36;1.13;0.00;67.63;car;;3;27.00
7032.00;45494495_0;58.90;10.49;6882.00;1.72;803785575#0_0;5.10;0.00;tripinfo_out_od_to_os.26;150.00;out_od_to_os.26;0;969.96;0.96;0.00;58.56;car;;4;25.00
7034.00;45494495_0;58.90;10.46;6568.00;0.39;23687583_0;5.10;0.00;tripinfo_out_as_to_os.14;466.00;out_as_to_os.14;0;1689.77;1.04;0.00;319.65;car;;12;106.00
7037.00;23156030#6_0;109.07;10.79;6790.00;0.42;-23142338#2_0;5.10;0.00;tripinfo_out_ns_to_od.15;247.00;out_ns_to_od.15;0;2005.01;1.00;0.00;54.15;car;;2;19.00
7039.00;45494495_0;58.90;11.39;6614.00;0.34;23687583_0;5.10;0.00;tripinfo_out_as_to_os.15;425.00;out_as_to_os.15;0;1689.77;1.03;0.00;277.02;car;;8;59.00
7040.00;230845886_0;633.12;7.70;6622.00;0.17;-23156305_0;5.10;0.00;tripinfo_out_gg_to_ba.27;418.00;out_gg_to_ba.27;0;2288.16;0.77;0.00;148.78;car;;5;77.00
7043.00;230845886_0;633.12;8.79;6771.00;0.84;803785575#0_0;5.10;0.00;tripinfo_out_od_to_ba.8;272.00;out_od_to_ba.8;0;2382.14;0.86;0.00;20.84;car;;0;0.00
7045.00;230845886_0;633.12;10.60;6885.00;5.06;23687583_0;5.10;0.00;tripinfo_out_as_to_ba.72;160.00;out_as_to_ba.72;0;1356.50;1.01;0.00;37.73;car;;1;2.00
7046.00;23142338#2_0;290.21;10.99;6779.00;0.07;-23527526_0;5.10;0.00;tripinfo_out_gj_to_ns.113;267.00;out_gj_to_ns.113;0;2043.79;0.99;0.00;80.06;car;;3;44.00
7047.00;23142338#2_0;290.21;10.50;6469.00;0.99;23687583_0;5.10;0.00;tripinfo_out_as_to_ns.47;578.00;out_as_to_ns.47;0;1995.73;1.04;0.00;403.43;car;;15;276.00
7047.00;230845886_0;633.12;9.43;6888.00;5.12;23687583_0;5.10;0.00;tripinfo_out_as_to_ba.73;159.00;out_as_to_ba.73;0;1356.50;0.93;0.00;27.29;car;;0;0.00
7049.00;23142338#2_0;290.21;10.90;6495.00;0.73;23687583_0;5.10;0.00;tripinfo_out_as_to_ns.48;554.00;out_as_to_ns.48;0;1995.73;1.01;0.00;374.83;car;;13;241.00
7050.00;41899283#1_0;148.70;12.24;6990.00;0.14;-23527526_0;5.10;0.00;tripinfo_out_gj_to_as.66;60.00;out_gj_to_as.66;0;633.70;1.12;0.00;7.81;car;;0;0.00
7054.00;23156030#6_0;109.07;11.79;6213.00;0.76;-23156305_0;5.10;0.00;tripinfo_out_gg_to_od.26;841.00;out_gg_to_od.26;0;3288.97;1.09;0.00;566.87;car;;34;215.00
7054.00;23156030#6_1;109.07;12.90;6799.00;0.66;-23142338#2_0;5.10;0.00;tripinfo_out_ns_to_od.16;255.00;out_ns_to_od.16;0;2005.01;1.20;0.00;93.87;car;;3;38.00
7057.00;230845886_0;633.12;9.27;6906.00;0.23;23687583_0;5.10;0.00;tripinfo_out_as_to_ba.74;151.00;out_as_to_ba.74;0;1356.50;0.91;0.00;16.10;car;;0;0.00
7058.00;28706217_0;94.10;7.44;6291.00;2.38;-23156305_0;5.10;0.00;tripinfo_out_gg_to_sl.12;767.00;out_gg_to_sl.12;0;2908.41;0.97;0.00;491.66;car;;19;174.00
7058.00;23156030#6_1;109.07;11.76;6520.00;0.13;-230845886_0;5.10;0.00;tripinfo_out_ba_to_od.33;538.00;out_ba_to_od.33;0;2315.50;1.07;0.00;343.19;car;;17;115.00
7059.00;230845886_0;633.12;11.63;6914.00;2.01;23687583_0;5.10;0.00;tripinfo_out_as_to_ba.75;145.00;out_as_to_ba.75;0;1356.50;1.09;0.00;32.14;car;;0;0.00
7061.00;230845886_0;633.12;10.18;6879.00;1.63;-23527526_0;5.10;0.00;tripinfo_out_gj_to_ba.56;182.00;out_gj_to_ba.56;0;1702.89;0.98;0.00;24.18;car;;0;0.00
7062.00;45494495_0;58.90;8.83;6480.00;0.80;-23156390_0;5.10;0.00;tripinfo_out_br_to_os.7;582.00;out_br_to_os.7;0;2237.62;0.83;0.00;338.67;car;;11;129.00
7062.00;23156030#6_0;109.07;8.78;6489.00;0.48;-230845886_0;5.10;0.00;tripinfo_out_ba_to_od.32;573.00;out_ba_to_od.32;0;2315.50;0.87;0.00;331.68;car;;17;125.00
7063.00;23156030#6_1;109.07;9.50;6464.00;0.43;-28716808#1_0;5.10;0.00;tripinfo_out_kl_to_od.16;599.00;out_kl_to_od.16;0;2657.03;0.90;0.00;332.15;car;;14;118.00
7063.00;28706217_0;94.10;7.66;6831.00;0.76;-23142338#2_0;5.10;0.00;tripinfo_out_ns_to_sl.10;232.00;out_ns_to_sl.10;0;1619.36;0.98;0.00;64.91;car;;2;35.00
7064.00;45494495_0;58.90;9.82;6372.00;0.61;-23156305_0;5.10;0.00;tripinfo_out_gg_to_os.15;692.00;out_gg_to_os.15;0;2621.43;0.94;0.00;438.97;car;;14;191.00
7066.00;45494495_0;58.90;10.19;6609.00;1.48;-28716808#1_0;5.10;0.00;tripinfo_out_kl_to_os.13;457.00;out_kl_to_os.13;0;1989.49;1.01;0.00;277.90;car;;10;85.00
7069.00;23142338#2_0;290.21;11.62;6509.00;0.59;23687583_0;5.10;0.00;tripinfo_out_as_to_ns.49;560.00;out_as_to_ns.49;0;1995.73;1.12;0.00;398.33;car;;13;267.00
7070.00;45494495_0;58.90;8.94;6511.00;0.10;-23156390_0;5.10;0.00;tripinfo_out_br_to_os.8;559.00;out_br_to_os.8;0;2237.62;0.91;0.00;336.09;car;;15;160.00
7070.00;41899283#1_0;148.70;11.00;7009.00;0.15;-23527526_0;5.10;0.00;tripinfo_out_gj_to_as.67;61.00;out_gj_to_as.67;0;633.70;1.10;0.00;7.51;car;;0;0.00
7073.00;41899283#1_0;148.70;13.05;6719.00;0.74;-23156390_0;5.10;0.00;tripinfo_out_br_to_as.9;354.00;out_br_to_as.9;0;2020.44;1.25;0.00;208.04;car;;5;136.00
7076.00;23142338#2_0;290.21;10.27;6288.00;4.64;-23156305_0;5.10;0.00;tripinfo_out_gg_to_ns.22;788.00;out_gg_to_ns.22;0;2927.39;1.01;0.00;524.99;car;;18;333.00
7080.00;23156030#6_1;109.07;12.71;6388.00;0.08;-23156390_0;5.10;0.00;tripinfo_out_br_to_od.31;692.00;out_br_to_od.31;0;2905.16;1.15;0.00;463.37;car;;18;160.00
7080.00;28706217_0;94.10;8.22;6454.00;0.09;-23156390_0;5.10;0.00;tripinfo_out_br_to_sl.10;626.00;out_br_to_sl.10;0;2524.60;1.05;0.00;403.45;car;;11;146.00
7080.00;45494495_0;58.90;10.34;6972.00;0.15;803785575#0_0;5.10;0.00;tripinfo_out_od_to_os.27;108.00;out_od_to_os.27;0;969.96;0.96;0.00;15.73;car;;0;0.00
7081.00;23142338#2_0;290.21;10.30;6521.00;0.24;23687583_0;5.10;0.00;tripinfo_out_as_to_ns.50;560.00;out_as_to_ns.50;0;1995.73;0.95;0.00;368.91;car;;14;250.00
7084.00;45494495_0;58.90;7.88;6647.00;3.89;-28716808#1_0;5.10;0.00;tripinfo_out_kl_to_os.14;437.00;out_kl_to_os.14;0;1989.49;0.82;0.00;217.36;car;;11;37.00
7086.00;23156030#6_1;109.07;10.29;6342.00;0.73;-23156390_0;5.10;0.00;tripinfo_out_br_to_od.30;744.00;out_br_to_od.30;0;2905.16;0.99;0.00;478.63;car;;23;196.00
7086.00;23156030#6_0;109.07;9.47;6453.00;2.02;-28716808#1_0;5.10;0.00;tripinfo_out_kl_to_od.15;633.00;out_kl_to_od.15;0;2657.03;0.95;0.00;381.21;car;;19;157.00
7086.00;45494495_0;58.90;9.72;6693.00;0.92;-230845886_0;5.10;0.00;tripinfo_out_ba_to_os.19;393.00;out_ba_to_os.19;0;1647.96;0.91;0.00;228.85;car;;13;64.00
7086.00;23142338#2_0;290.21;9.90;6785.00;2.63;-23527526_0;5.10;0.00;tripinfo_out_gj_to_ns.114;301.00;out_gj_to_ns.114;0;2043.79;0.92;0.00;99.16;car;;5;52.00
7088.00;23156030#6_0;109.07;10.33;6440.00;2.15;-23156390_0;5.10;0.00;tripinfo_out_br_to_od.32;648.00;out_br_to_od.32;0;2905.16;1.03;0.00;391.86;car;;15;143.00
7089.00;28706217_0;94.10;7.34;6541.00;0.98;-23527526_0;5.10;0.00;tripinfo_out_gj_to_sl.9;548.00;out_gj_to_sl.9;0;2323.14;0.91;0.00;310.93;car;;14;92.00
7091.00;23156030#6_0;109.07;11.72;6869.00;1.75;-23142338#2_0;5.10;0.00;tripinfo_out_ns_to_od.17;222.00;out_ns_to_od.17;0;2005.01;1.09;0.00;44.97;car;;1;16.00
7093.00;28706217_0;94.10;6.11;6573.00;1.91;-230845886_0;5.10;0.00;tripinfo_out_ba_to_sl.8;520.00;out_ba_to_sl.8;0;1934.94;0.89;0.00;317.37;car;;15;100.00
7095.00;28706217_0;94.10;9.57;7023.00;3.30;803785575#0_0;5.10;0.00;tripinfo_out_od_to_sl.8;72.00;out_od_to_sl.8;0;747.33;1.15;0.00;8.39;car;;0;0.00
7096.00;230845886_0;633.12;11.36;6689.00;1.74;-23156305_0;5.10;0.00;tripinfo_out_gg_to_ba.28;407.00;out_gg_to_ba.28;0;2288.16;1.06;0.00;211.51;car;;8;126.00
7096.00;41899283#1_0;148.70;11.13;7030.00;8.92;-23527526_0;5.10;0.00;tripinfo_out_gj_to_as.68;66.00;out_gj_to_as.68;0;633.70;1.03;0.00;9.25;car;;0;0.00
7099.00;23142338#2_0;290.21;11.29;6793.00;1.35;-23527526_0;5.10;0.00;tripinfo_out_gj_to_ns.116;306.00;out_gj_to_ns.116;0;2043.79;1.12;0.00;141.50;car;;5;71.00
7101.00;23142338#2_0;290.21;13.34;6791.00;5.64;-23527526_0;5.10;0.00;tripinfo_out_gj_to_ns.115;310.00;out_gj_to_ns.115;0;2043.79;1.21;0.00;157.34;car;;5;66.00
7102.00;41899283#1_0;148.70;9.86;6822.00;3.08;-23142338#2_0;5.10;0.00;tripinfo_out_ns_to_as.48;280.00;out_ns_to_as.48;0;2009.37;0.99;0.00;96.38;car;;4;60.00
7106.00;23156030#6_0;109.07;11.37;6430.00;0.54;-230845886_0;5.10;0.00;tripinfo_out_ba_to_od.30;676.00;out_ba_to_od.30;0;2315.50;1.11;0.00;488.23;car;;27;180.00
7106.00;230845886_0;633.12;11.29;6853.00;0.17;-23142338#2_0;5.10;0.00;tripinfo_out_ns_to_ba.30;253.00;out_ns_to_ba.30;0;2340.42;1.05;0.00;53.05;car;;2;26.00
7110.00;972103805_0;116.86;9.60;4213.00;1525.21;-45494495_0;5.10;0.00;tripinfo_in_os_to_ko.9;2897.00;in_os_to_ko.9;0;2045.29;0.96;0.00;2692.08;car;;23;2562.00
7110.00;23142338#2_0;290.21;10.69;6821.00;2.59;-23527526_0;5.10;0.00;tripinfo_out_gj_to_ns.117;289.00;out_gj_to_ns.117;0;2043.79;0.97;0.00;99.68;car;;5;55.00
7110.00;41899283#1_0;148.70;8.73;7033.00;6.08;-23527526_0;5.10;0.00;tripinfo_out_gj_to_as.69;77.00;out_gj_to_as.69;0;633.70;0.87;0.00;9.38;car;;0;0.00
7112.00;23142338#2_0;290.21;10.27;6844.00;2.04;-23527526_0;5.10;0.00;tripinfo_out_gj_to_ns.118;268.00;out_gj_to_ns.118;0;2043.79;1.03;0.00;88.36;car;;3;42.00
7112.00;41899283#1_0;148.70;11.42;7046.00;0.82;-23527526_0;5.10;0.00;tripinfo_out_gj_to_as.70;66.00;out_gj_to_as.70;0;633.70;1.06;0.00;10.39;car;;0;0.00
7114.00;28706217_0;94.10;7.94;7031.00;0.30;803785575#0_0;5.10;0.00;tripinfo_out_od_to_sl.9;83.00;out_od_to_sl.9;0;747.33;0.95;0.00;7.16;car;;0;0.00
7116.00;972103805_0;116.86;10.11;6993.00;1.96;-23527526_0;5.10;0.00;tripinfo_out_gj_to_ko.24;123.00;out_gj_to_ko.24;0;971.70;0.92;0.00;26.78;car;;1;14.00
7118.00;23156030#6_0;109.07;9.91;6560.00;4.78;23687583_0;5.10;0.00;tripinfo_out_as_to_od.34;558.00;out_as_to_od.34;0;2357.31;1.01;0.00;346.97;car;;15;123.00
7118.00;972103805_0;116.86;10.20;6996.00;4.55;-23527526_0;5.10;0.00;tripinfo_out_gj_to_ko.25;122.00;out_gj_to_ko.25;0;971.70;0.97;0.00;31.20;car;;1;14.00
7119.00;230845886_0;633.12;11.69;6855.00;0.33;-23156390_0;5.10;0.00;tripinfo_out_br_to_ba.5;264.00;out_br_to_ba.5;0;1904.35;1.06;0.00;101.00;car;;3;60.00
7120.00;28706217_0;94.10;7.43;6450.00;0.50;-23156390_0;5.10;0.00;tripinfo_out_br_to_sl.9;670.00;out_br_to_sl.9;0;2524.60;0.97;0.00;429.44;car;;19;199.00
7120.00;41899283#1_0;148.70;9.29;6717.00;0.67;-23156305_0;5.10;0.00;tripinfo_out_gg_to_as.14;403.00;out_gg_to_as.14;0;1699.56;0.88;0.00;227.13;car;;10;138.00
7121.00;972103805_0;116.86;9.42;6877.00;0.62;-28716808#1_0;5.10;0.00;tripinfo_out_kl_to_ko.23;244.00;out_kl_to_ko.23;0;1927.03;0.95;0.00;61.26;car;;3;32.00
7122.00;28706217_0;94.10;7.89;6362.00;0.80;-23156305_0;5.10;0.00;tripinfo_out_gg_to_sl.13;760.00;out_gg_to_sl.13;0;2908.41;1.07;0.00;509.95;car;;21;229.00
7123.00;972103805_0;116.86;11.09;6648.00;0.48;-23156390_0;5.10;0.00;tripinfo_out_br_to_ko.20;475.00;out_br_to_ko.20;0;2703.95;1.05;0.00;239.32;car;;7;164.00
7124.00;41899283#1_0;148.70;8.20;6856.00;2.41;-23142338#2_0;5.10;0.00;tripinfo_out_ns_to_as.49;268.00;out_ns_to_as.49;0;2009.37;0.84;0.00;50.82;car;;2;18.00
7126.00;23156030#6_0;109.07;8.99;6453.00;0.90;-230845886_0;5.10;0.00;tripinfo_out_ba_to_od.31;673.00;out_ba_to_od.31;0;2315.50;0.84;0.00;422.87;car;;29;166.00
7126.00;41899283#1_0;148.70;10.55;6848.00;0.02;-23156390_0;5.10;0.00;tripinfo_out_br_to_as.10;278.00;out_br_to_as.10;0;2020.44;0.95;0.00;85.03;car;;3;48.00
7127.00;23142338#2_0;290.21;10.23;6866.00;0.01;-230845886_0;5.10;0.00;tripinfo_out_ba_to_ns.6;261.00;out_ba_to_ns.6;0;2346.36;0.92;0.00;30.54;car;;1;9.00
7127.00;41899283#1_0;148.70;10.86;6955.00;0.53;-230845886_0;5.10;0.00;tripinfo_out_ba_to_as.41;172.00;out_ba_to_as.41;0;1430.78;0.99;0.00;40.65;car;;2;15.00
7129.00;23156030#6_0;109.07;8.77;6276.00;0.10;-23156305_0;5.10;0.00;tripinfo_out_gg_to_od.27;853.00;out_gg_to_od.27;0;3288.97;0.86;0.00;507.38;car;;21;204.00
7129.00;23142338#2_0;290.21;10.00;6643.00;0.57;-23156390_0;5.10;0.00;tripinfo_out_br_to_ns.5;486.00;out_br_to_ns.5;0;2936.02;0.95;0.00;206.85;car;;4;146.00
7132.00;23142338#2_0;290.21;10.97;6537.00;0.70;23687583_0;5.10;0.00;tripinfo_out_as_to_ns.51;595.00;out_as_to_ns.51;0;1995.73;1.07;0.00;424.86;car;;13;298.00
7138.00;23142338#2_0;290.21;9.68;6342.00;5.41;-23156305_0;5.10;0.00;tripinfo_out_gg_to_ns.23;796.00;out_gg_to_ns.23;0;2927.39;0.98;0.00;523.93;car;;15;348.00
7138.00;28706217_0;94.10;9.01;6438.00;2.51;-23156305_0;5.10;0.00;tripinfo_out_gg_to_sl.14;700.00;out_gg_to_sl.14;0;2908.41;1.17;0.00;471.74;car;;17;142.00
7140.00;23142338#2_0;290.21;11.53;6600.00;0.12;23687583_0;5.10;0.00;tripinfo_out_as_to_ns.52;540.00;out_as_to_ns.52;0;1995.73;1.09;0.00;372.76;car;;11;248.00
7146.00;23156030#6_0;109.07;10.39;6523.00;2.48;-230845886_0;5.10;0.00;tripinfo_out_ba_to_od.34;623.00;out_ba_to_od.34;0;2315.50;0.95;0.00;403.49;car;;16;130.00
7147.00;23156030#6_1;109.07;11.02;6282.00;0.60;-23156305_0;5.10;0.00;tripinfo_out_gg_to_od.28;865.00;out_gg_to_od.28;0;3288.97;1.00;0.00;567.86;car;;22;210.00
7148.00;23156030#6_0;109.07;10.16;6500.00;0.89;-28716808#1_0;5.10;0.00;tripinfo_out_kl_to_od.17;648.00;out_kl_to_od.17;0;2657.03;0.96;0.00;398.55;car;;16;162.00
7152.00;45494495_0;58.90;11.13;6747.00;0.03;23687583_0;5.10;0.00;tripinfo_out_as_to_os.16;405.00;out_as_to_os.16;0;1689.77;1.04;0.00;257.45;car;;16;74.00
7153.00;28706217_0;94.10;8.90;6442.00;0.80;-23156305_0;5.10;0.00;tripinfo_out_gg_to_sl.15;711.00;out_gg_to_sl.15;0;2908.41;1.19;0.00;485.92;car;;19;178.00
7153.00;41899283#1_0;148.70;10.47;6904.00;0.38;-23156390_0;5.10;0.00;tripinfo_out_br_to_as.11;249.00;out_br_to_as.11;0;2020.44;0.95;0.00;56.67;car;;2;22.00
7154.00;45494495_0;58.90;10.48;6996.00;0.60;803785575#0_0;5.10;0.00;tripinfo_out_od_to_os.28;158.00;out_od_to_os.28;0;969.96;0.98;0.00;68.64;car;;3;29.00
7166.00;41899283#1_0;148.70;8.74;6879.00;0.72;803785575#0_0;5.10;0.00;tripinfo_out_od_to_as.27;287.00;out_od_to_as.27;0;2382.09;0.82;0.00;23.35;car;;0;0.00
7169.00;230845886_0;633.12;10.11;7023.00;2.73;23687583_0;5.10;0.00;tripinfo_out_as_to_ba.76;146.00;out_as_to_ba.76;0;1356.50;0.91;0.00;11.03;car;;0;0.00
7171.00;230845886_0;633.12;11.08;6999.00;6.79;-23527526_0;5.10;0.00;tripinfo_out_gj_to_ba.57;172.00;out_gj_to_ba.57;0;1702.89;1.03;0.00;21.45;car;;0;0.00
7172.00;972103805_0;116.86;12.28;7057.00;0.05;-23527526_0;5.10;0.00;tripinfo_out_gj_to_ko.26;115.00;out_gj_to_ko.26;0;971.70;1.12;0.00;36.59;car;;1;11.00
7173.00;23156030#6_0;109.07;11.15;6582.00;3.87;23687583_0;5.10;0.00;tripinfo_out_as_to_od.35;591.00;out_as_to_od.35;0;2357.31;1.05;0.00;387.27;car;;15;115.00
7173.00;41899283#1_0;148.70;8.88;6944.00;0.00;-23156390_0;5.10;0.00;tripinfo_out_br_to_as.12;229.00;out_br_to_as.12;0;2020.44;0.87;0.00;18.56;car;;0;0.00
7174.00;23156030#6_1;109.07;11.91;6336.00;0.10;-23156305_0;5.10;0.00;tripinfo_out_gg_to_od.29;838.00;out_gg_to_od.29;0;3288.97;1.08;0.00;563.36;car;;20;245.00
7176.00;41899283#1_0;148.70;10.43;7107.00;3.76;-23527526_0;5.10;0.00;tripinfo_out_gj_to_as.71;69.00;out_gj_to_as.71;0;633.70;0.97;0.00;8.65;car;;0;0.00
7178.00;23142338#2_0;290.21;8.32;6605.00;0.25;23687583_0;5.10;0.00;tripinfo_out_as_to_ns.53;573.00;out_as_to_ns.53;0;1995.73;0.80;0.00;344.86;car;;10;264.00
7180.00;23142338#2_0;290.21;11.29;6606.00;0.35;-28716808#1_0;5.10;0.00;tripinfo_out_kl_to_ns.7;574.00;out_kl_to_ns.7;0;2305.34;1.06;0.00;375.86;car;;10;258.00
7181.00;41899283#1_0;148.70;10.24;6939.00;0.43;-23142338#2_0;5.10;0.00;tripinfo_out_ns_to_as.50;242.00;out_ns_to_as.50;0;2009.37;0.96;0.00;51.31;car;;3;18.00
7181.00;972103805_0;116.86;8.23;6947.00;0.34;-28716808#1_0;5.10;0.00;tripinfo_out_kl_to_ko.24;234.00;out_kl_to_ko.24;0;1927.03;0.82;0.00;20.57;car;;0;0.00
7182.00;23142338#2_0;290.21;10.34;6630.00;0.63;23687583_0;5.10;0.00;tripinfo_out_as_to_ns.54;552.00;out_as_to_ns.54;0;1995.73;1.04;0.00;376.60;car;;11;264.00
7183.00;972103805_0;116.86;10.04;6722.00;1.33;-23156390_0;5.10;0.00;tripinfo_out_br_to_ko.21;461.00;out_br_to_ko.21;0;2703.95;1.01;0.00;218.63;car;;6;145.00
7183.00;41899283#1_0;148.70;11.61;7029.00;0.76;-230845886_0;5.10;0.00;tripinfo_out_ba_to_as.43;154.00;out_ba_to_as.43;0;1430.78;1.08;0.00;33.35;car;;3;9.00
7184.00;23156030#6_0;109.07;8.53;6560.00;0.07;-230845886_0;5.10;0.00;tripinfo_out_ba_to_od.35;624.00;out_ba_to_od.35;0;2315.50;0.84;0.00;374.90;car;;15;153.00
7186.00;41899283#1_0;148.70;10.12;7010.00;2.69;-230845886_0;5.10;0.00;tripinfo_out_ba_to_as.42;176.00;out_ba_to_as.42;0;1430.78;1.01;0.00;46.83;car;;3;17.00
7189.00;41899283#1_0;148.70;10.61;6975.00;0.18;-23156390_0;5.10;0.00;tripinfo_out_br_to_as.14;214.00;out_br_to_as.14;0;2020.44;1.03;0.00;35.81;car;;0;0.00
7194.00;41899283#1_0;148.70;9.26;6966.00;0.99;-23156390_0;5.10;0.00;tripinfo_out_br_to_as.13;228.00;out_br_to_as.13;0;2020.44;0.89;0.00;22.47;car;;0;0.00
7194.00;230845886_0;633.12;8.02;7031.00;1.51;23687583_0;5.10;0.00;tripinfo_out_as_to_ba.77;163.00;out_as_to_ba.77;0;1356.50;0.82;0.00;13.84;car;;0;0.00
7196.00;41899283#1_0;148.70;11.24;7053.00;0.47;-230845886_0;5.10;0.00;tripinfo_out_ba_to_as.44;143.00;out_ba_to_as.44;0;1430.78;1.12;0.00;27.28;car;;0;0.00
7198.00;23156030#6_0;109.07;11.10;6339.00;3.07;-23156305_0;5.10;0.00;tripinfo_out_gg_to_od.30;859.00;out_gg_to_od.30;0;3288.97;1.09;0.00;586.40;car;;24;251.00
7198.00;230845886_0;633.12;10.98;7021.00;9.25;-23527526_0;5.10;0.00;tripinfo_out_gj_to_ba.59;177.00;out_gj_to_ba.59;0;1702.89;1.04;0.00;28.06;car;;1;3.00
7201.00;972103805_0;116.86;12.01;6851.00;1.21;-23156390_0;5.10;0.00;tripinfo_out_br_to_ko.22;350.00;out_br_to_ko.22;0;2703.95;1.15;0.00;136.47;car;;4;76.00
7201.00;230845886_0;633.12;10.74;7027.00;9.16;-23527526_0;5.10;0.00;tripinfo_out_gj_to_ba.61;174.00;out_gj_to_ba.61;0;1702.89;1.03;0.00;23.94;car;;0;0.00
7202.00;23142338#2_0;290.21;9.35;6375.00;2.53;-23156305_0;5.10;0.00;tripinfo_out_gg_to_ns.24;827.00;out_gg_to_ns.24;0;2927.39;0.88;0.00;525.49;car;;19;353.00
7202.00;23156030#6_0;109.07;11.28;6620.00;0.10;-230845886_0;5.10;0.00;tripinfo_out_ba_to_od.36;582.00;out_ba_to_od.36;0;2315.50;1.06;0.00;385.15;car;;14;140.00
7204.00;23142338#2_0;290.21;9.60;6896.00;0.86;-23527526_0;5.10;0.00;tripinfo_out_gj_to_ns.119;308.00;out_gj_to_ns.119;0;2043.79;0.93;0.00;109.92;car;;4;64.00
7205.00;230845886_0;633.12;10.49;7024.00;8.41;-23527526_0;5.10;0.00;tripinfo_out_gj_to_ba.60;181.00;out_gj_to_ba.60;0;1702.89;0.98;0.00;24.23;car;;1;4.00
7206.00;23142338#2_0;290.21;9.73;6899.00;1.13;-23527526_0;5.10;0.00;tripinfo_out_gj_to_ns.120;307.00;out_gj_to_ns.120;0;2043.79;0.94;0.00;110.03;car;;4;65.00
7207.00;230845886_0;633.12;10.11;7018.00;6.68;-23527526_0;5.10;0.00;tripinfo_out_gj_to_ba.58;189.00;out_gj_to_ba.58;0;1702.89;1.01;0.00;36.19;car;;2;5.00
7208.00;23156030#6_0;109.07;9.67;6345.00;1.43;-23156305_0;5.10;0.00;tripinfo_out_gg_to_od.31;863.00;out_gg_to_od.31;0;3288.97;0.97;0.00;557.96;car;;19;239.00
7208.00;23142338#2_0;290.21;11.33;6673.00;0.81;23687583_0;5.10;0.00;tripinfo_out_as_to_ns.55;535.00;out_as_to_ns.55;0;1995.73;1.06;0.00;363.86;car;;11;239.00
7208.00;41899283#1_0;148.70;10.72;7146.00;0.57;-23527526_0;5.10;0.00;tripinfo_out_gj_to_as.72;62.00;out_gj_to_as.72;0;633.70;1.08;0.00;7.47;car;;0;0.00
7211.00;230845886_0;633.12;12.44;7037.00;8.51;-23527526_0;5.10;0.00;tripinfo_out_gj_to_ba.62;174.00;out_gj_to_ba.62;0;1702.89;1.14;0.00;38.92;car;;1;9.00
7216.00;23142338#2_0;290.21;9.59;6933.00;3.88;-230845886_0;5.10;0.00;tripinfo_out_ba_to_ns.7;283.00;out_ba_to_ns.7;0;2346.36;0.94;0.00;57.06;car;;2;8.00
7219.00;41899283#1_0;148.70;12.74;7155.00;3.79;-23527526_0;5.10;0.00;tripinfo_out_gj_to_as.73;64.00;out_gj_to_as.73;0;633.70;1.32;0.00;17.70;car;;0;0.00
7220.00;23142338#2_0;290.21;11.08;6676.00;0.65;23687583_0;5.10;0.00;tripinfo_out_as_to_ns.56;544.00;out_as_to_ns.56;0;1995.73;1.10;0.00;379.56;car;;12;258.00
7228.00;23156030#6_0;109.07;11.88;6626.00;1.43;23687583_0;5.10;0.00;tripinfo_out_as_to_od.36;602.00;out_as_to_od.36;0;2357.31;1.08;0.00;405.42;car;;18;153.00
7230.00;23156030#6_1;109.07;11.45;6589.00;0.19;-28716808#1_0;5.10;0.00;tripinfo_out_kl_to_od.18;641.00;out_kl_to_od.18;0;2657.03;1.10;0.00;423.16;car;;19;168.00
7230.00;230845886_0;633.12;9.01;7084.00;0.91;23687583_0;5.10;0.00;tripinfo_out_as_to_ba.78;146.00;out_as_to_ba.78;0;1356.50;0.92;0.00;13.69;car;;0;0.00
7231.00;23156030#6_1;109.07;13.07;6592.00;1.45;-28716808#1_0;5.10;0.00;tripinfo_out_kl_to_od.19;639.00;out_kl_to_od.19;0;2657.03;1.19;0.00;436.37;car;;15;151.00
7232.00;28706217_0;94.10;7.14;6652.00;1.89;-23527526_0;5.10;0.00;tripinfo_out_gj_to_sl.10;580.00;out_gj_to_sl.10;0;2323.14;0.98;0.00;359.56;car;;13;106.00
7232.00;230845886_0;633.12;9.97;6983.00;0.37;-23142338#2_0;5.10;0.00;tripinfo_out_ns_to_ba.31;249.00;out_ns_to_ba.31;0;2340.42;1.00;0.00;38.73;car;;1;18.00
7232.00;41899283#1_0;148.70;10.99;7087.00;1.41;-230845886_0;5.10;0.00;tripinfo_out_ba_to_as.45;145.00;out_ba_to_as.45;0;1430.78;1.09;0.00;25.68;car;;1;6.00
7236.00;23156030#6_0;109.07;10.03;6488.00;0.50;-23156390_0;5.10;0.00;tripinfo_out_br_to_od.33;748.00;out_br_to_od.33;0;2905.16;1.02;0.00;489.86;car;;20;226.00
7236.00;23142338#2_0;290.21;8.21;6911.00;0.88;-23527526_0;5.10;0.00;tripinfo_out_gj_to_ns.121;325.00;out_gj_to_ns.121;0;2043.79;0.85;0.00;109.18;car;;5;60.00
7236.00;972103805_0;116.86;10.07;6998.00;0.06;-28716808#1_0;5.10;0.00;tripinfo_out_kl_to_ko.25;238.00;out_kl_to_ko.25;0;1927.03;0.94;0.00;52.34;car;;2;27.00
7238.00;23142338#2_0;290.21;10.01;6943.00;0.60;-23527526_0;5.10;0.00;tripinfo_out_gj_to_ns.122;295.00;out_gj_to_ns.122;0;2043.79;1.00;0.00;109.80;car;;4;59.00
7240.00;23142338#2_0;290.21;11.05;6956.00;1.79;-23527526_0;5.10;0.00;tripinfo_out_gj_to_ns.123;284.00;out_gj_to_ns.123;0;2043.79;1.05;0.00;108.60;car;;3;46.00
7241.00;41899283#1_0;148.70;11.53;7020.00;0.88;803785575#0_0;5.10;0.00;tripinfo_out_od_to_as.28;221.00;out_od_to_as.28;0;2382.09;1.11;0.00;27.92;car;;1;3.00
7241.00;28706217_0;94.10;7.54;7043.00;0.57;-23142338#2_0;5.10;0.00;tripinfo_out_ns_to_sl.11;198.00;out_ns_to_sl.11;0;1619.36;1.03;0.00;39.46;car;;1;19.00
7252.00;41899283#1_0;148.70;9.52;7180.00;0.29;-23527526_0;5.10;0.00;tripinfo_out_gj_to_as.74;72.00;out_gj_to_as.74;0;633.70;0.93;0.00;8.69;car;;0;0.00
7254.00;23142338#2_0;290.21;9.98;6451.00;4.21;-23156305_0;5.10;0.00;tripinfo_out_gg_to_ns.25;803.00;out_gg_to_ns.25;0;2927.39;1.01;0.00;538.86;car;;17;352.00
7254.00;41899283#1_0;148.70;12.51;6980.00;0.33;-23156305_0;5.10;0.00;tripinfo_out_gg_to_as.15;274.00;out_gg_to_as.15;0;1699.56;1.16;0.00;141.22;car;;5;60.00
7256.00;230845886_0;633.12;9.62;7067.00;2.36;-23527526_0;5.10;0.00;tripinfo_out_gj_to_ba.63;189.00;out_gj_to_ba.63;0;1702.89;0.96;0.00;27.62;car;;1;10.00
7257.00;23142338#2_0;290.21;10.04;6757.00;1.51;23687583_0;5.10;0.00;tripinfo_out_as_to_ns.57;500.00;out_as_to_ns.57;0;1995.73;0.99;0.00;316.05;car;;11;218.00
7257.00;230845886_0;633.12;12.30;6778.00;0.09;-23156305_0;5.10;0.00;tripinfo_out_gg_to_ba.29;479.00;out_gg_to_ba.29;0;2288.16;1.11;0.00;292.45;car;;10;163.00
7259.00;23142338#2_0;290.21;11.85;6799.00;0.68;23687583_0;5.10;0.00;tripinfo_out_as_to_ns.58;460.00;out_as_to_ns.58;0;1995.73;1.13;0.00;298.42;car;;9;209.00
7261.00;23156030#6_0;109.07;10.70;6629.00;0.95;-28716808#1_0;5.10;0.00;tripinfo_out_kl_to_od.20;632.00;out_kl_to_od.20;0;2657.03;1.02;0.00;396.43;car;;18;172.00
7264.00;23156030#6_0;109.07;10.79;6423.00;0.06;-23156305_0;5.10;0.00;tripinfo_out_gg_to_od.32;841.00;out_gg_to_od.32;0;3288.97;1.01;0.00;547.31;car;;25;228.00
7264.00;41899283#1_0;148.70;12.60;7205.00;0.54;-23527526_0;5.10;0.00;tripinfo_out_gj_to_as.75;59.00;out_gj_to_as.75;0;633.70;1.19;0.00;10.36;car;;0;0.00
7268.00;23142338#2_0;290.21;9.76;6966.00;0.77;-23527526_0;5.10;0.00;tripinfo_out_gj_to_ns.124;302.00;out_gj_to_ns.124;0;2043.79;0.89;0.00;94.33;car;;4;53.00
7268.00;230845886_0;633.12;9.87;7075.00;0.11;-23527526_0;5.10;0.00;tripinfo_out_gj_to_ba.64;193.00;out_gj_to_ba.64;0;1702.89;0.91;0.00;24.72;car;;1;2.00
7268.00;41899283#1_0;148.70;11.54;7109.00;2.43;-230845886_0;5.10;0.00;tripinfo_out_ba_to_as.46;159.00;out_ba_to_as.46;0;1430.78;1.12;0.00;43.18;car;;2;14.00
7274.00;23156030#6_0;109.07;9.73;6657.00;0.09;-230845886_0;5.10;0.00;tripinfo_out_ba_to_od.37;617.00;out_ba_to_od.37;0;2315.50;0.90;0.00;383.93;car;;21;174.00
7274.00;23142338#2_0;290.21;9.91;6858.00;2.87;-23156390_0;5.10;0.00;tripinfo_out_br_to_ns.6;416.00;out_br_to_ns.6;0;2936.02;0.98;0.00;144.06;car;;4;63.00
7275.00;230845886_0;633.12;9.11;7127.00;5.99;23687583_0;5.10;0.00;tripinfo_out_as_to_ba.79;148.00;out_as_to_ba.79;0;1356.50;0.89;0.00;11.11;car;;0;0.00
7277.00;230845886_0;633.12;12.89;7074.00;0.69;-23142338#2_0;5.10;0.00;tripinfo_out_ns_to_ba.32;203.00;out_ns_to_ba.32;0;2340.42;1.17;0.00;22.59;car;;0;0.00
7281.00;23142338#2_0;290.21;10.73;6970.00;0.01;-23527526_0;5.10;0.00;tripinfo_out_gj_to_ns.125;311.00;out_gj_to_ns.125;0;2043.79;1.08;0.00;139.37;car;;5;68.00
7283.00;45494495_0;58.90;9.66;6780.00;0.40;23687583_0;5.10;0.00;tripinfo_out_as_to_os.17;503.00;out_as_to_os.17;0;1689.77;0.93;0.00;337.75;car;;11;61.00
7283.00;23142338#2_0;290.21;11.33;7015.00;4.88;-23527526_0;5.10;0.00;tripinfo_out_gj_to_ns.126;268.00;out_gj_to_ns.126;0;2043.79;1.11;0.00;102.17;car;;5;49.00
7284.00;23156030#6_0;109.07;12.69;6518.00;0.83;-23156390_0;5.10;0.00;tripinfo_out_br_to_od.34;766.00;out_br_to_od.34;0;2905.16;1.16;0.00;540.51;car;;21;253.00
7290.00;23156030#6_0;109.07;11.55;6712.00;0.93;-230845886_0;5.10;0.00;tripinfo_out_ba_to_od.38;578.00;out_ba_to_od.38;0;2315.50;1.08;0.00;384.18;car;;18;152.00
7292.00;230845886_0;633.12;9.94;6864.00;0.91;-23156305_0;5.10;0.00;tripinfo_out_gg_to_ba.30;428.00;out_gg_to_ba.30;0;2288.16;1.01;0.00;223.16;car;;9;107.00
7293.00;28706217_0;94.10;8.88;6754.00;0.44;23687583_0;5.10;0.00;tripinfo_out_as_to_sl.22;539.00;out_as_to_sl.22;0;1976.75;1.10;0.00;372.03;car;;14;107.00
7295.00;23156030#6_0;109.07;11.01;6644.00;3.09;-28716808#1_0;5.10;0.00;tripinfo_out_kl_to_od.21;651.00;out_kl_to_od.21;0;2657.03;1.08;0.00;428.69;car;;18;139.00
7296.00;23142338#2_0;290.21;9.19;6505.00;0.65;-23156305_0;5.10;0.00;tripinfo_out_gg_to_ns.26;791.00;out_gg_to_ns.26;0;2927.39;0.87;0.00;487.18;car;;17;348.00
7296.00;972103805_0;116.86;9.64;7165.00;0.91;-23527526_0;5.10;0.00;tripinfo_out_gj_to_ko.27;131.00;out_gj_to_ko.27;0;971.70;0.95;0.00;38.27;car;;1;18.00
7298.00;23142338#2_0;290.21;11.30;7040.00;10.86;-23527526_0;5.10;0.00;tripinfo_out_gj_to_ns.127;258.00;out_gj_to_ns.127;0;2043.79;1.11;0.00;91.79;car;;3;35.00
7300.00;23156030#6_0;109.07;9.47;6695.00;2.59;23687583_0;5.10;0.00;tripinfo_out_as_to_od.37;605.00;out_as_to_od.37;0;2357.31;0.94;0.00;378.02;car;;18;136.00
7301.00;972103805_0;116.86;9.83;7076.00;0.05;-28716808#1_0;5.10;0.00;tripinfo_out_kl_to_ko.26;225.00;out_kl_to_ko.26;0;1927.03;0.89;0.00;29.45;car;;2;4.00
7301.00;28706217_0;94.10;8.35;7225.00;0.49;803785575#0_0;5.10;0.00;tripinfo_out_od_to_sl.10;76.00;out_od_to_sl.10;0;747.33;1.06;0.00;6.98;car;;0;0.00
7303.00;972103805_0;116.86;11.98;6784.00;1.12;-23156305_0;5.10;0.00;tripinfo_out_gg_to_ko.15;519.00;out_gg_to_ko.15;0;2416.59;1.13;0.00;324.77;car;;11;169.00
7307.00;23142338#2_0;290.21;9.66;7070.00;1.68;803785575#0_0;5.10;0.00;tripinfo_out_od_to_ns.8;237.00;out_od_to_ns.8;0;1928.29;0.93;0.00;37.90;car;;1;15.00
7308.00;45494495_0;58.90;10.48;6751.00;0.31;-23527526_0;5.10;0.00;tripinfo_out_gj_to_os.13;557.00;out_gj_to_os.13;0;2036.16;1.05;0.00;380.38;car;;12;82.00
7308.00;230845886_0;633.12;10.65;6883.00;0.81;-23156305_0;5.10;0.00;tripinfo_out_gg_to_ba.31;425.00;out_gg_to_ba.31;0;2288.16;1.03;0.00;224.29;car;;10;103.00
7310.00;45494495_0;58.90;11.12;6739.00;0.44;-28716808#1_0;5.10;0.00;tripinfo_out_kl_to_os.15;571.00;out_kl_to_os.15;0;1989.49;1.02;0.00;394.72;car;;13;99.00
7312.00;45494495_0;58.90;11.30;7148.00;0.61;803785575#0_0;5.10;0.00;tripinfo_out_od_to_os.30;164.00;out_od_to_os.30;0;969.96;1.07;0.00;81.70;car;;5;39.00
7314.00;23142338#2_0;290.21;10.34;6533.00;0.06;-23156305_0;5.10;0.00;tripinfo_out_gg_to_ns.27;781.00;out_gg_to_ns.27;0;2927.39;1.02;0.00;520.80;car;;17;367.00
7318.00;23156030#6_1;109.07;12.81;6445.00;2.58;-23156305_0;5.10;0.00;tripinfo_out_gg_to_od.33;873.00;out_gg_to_od.33;0;3288.97;1.25;0.00;634.86;car;;21;232.00
7320.00;23156030#6_0;109.07;10.67;6673.00;0.24;-23527526_0;5.10;0.00;tripinfo_out_gj_to_od.13;647.00;out_gj_to_od.13;0;2703.70;1.04;0.00;412.48;car;;18;150.00
7322.00;45494495_0;58.90;9.78;7138.00;0.49;803785575#0_0;5.10;0.00;tripinfo_out_od_to_os.29;184.00;out_od_to_os.29;0;969.96;0.89;0.00;85.06;car;;4;44.00
7324.00;23142338#2_0;290.21;9.43;6830.00;1.87;23687583_0;5.10;0.00;tripinfo_out_as_to_ns.59;494.00;out_as_to_ns.59;0;1995.73;0.89;0.00;290.29;car;;9;211.00
7325.00;45494495_0;58.90;9.68;6553.00;0.29;-23156390_0;5.10;0.00;tripinfo_out_br_to_os.9;772.00;out_br_to_os.9;0;2237.62;0.96;0.00;560.56;car;;19;273.00
7325.00;972103805_0;116.86;9.77;6858.00;0.49;-23156305_0;5.10;0.00;tripinfo_out_gg_to_ko.16;467.00;out_gg_to_ko.16;0;2416.59;0.91;0.00;226.56;car;;10;112.00
7326.00;28706217_0;94.10;7.94;6482.00;0.36;-23156305_0;5.10;0.00;tripinfo_out_gg_to_sl.16;844.00;out_gg_to_sl.16;0;2908.41;1.01;0.00;578.90;car;;23;238.00
7326.00;23142338#2_0;290.21;10.05;6633.00;0.97;-23156305_0;5.10;0.00;tripinfo_out_gg_to_ns.28;693.00;out_gg_to_ns.28;0;2927.39;0.98;0.00;420.45;car;;14;252.00
7326.00;230845886_0;633.12;9.67;6983.00;3.32;-23156305_0;5.10;0.00;tripinfo_out_gg_to_ba.32;343.00;out_gg_to_ba.32;0;2288.16;0.95;0.00;124.43;car;;3;41.00
7326.00;41899283#1_0;148.70;9.53;7180.00;0.67;-28716808#1_0;5.10;0.00;tripinfo_out_kl_to_as.21;146.00;out_kl_to_as.21;0;1233.18;0.91;0.00;23.05;car;;1;7.00
7329.00;45494495_0;58.90;8.51;6698.00;0.56;-23156390_0;5.10;0.00;tripinfo_out_br_to_os.11;631.00;out_br_to_os.11;0;2237.62;0.85;0.00;392.42;car;;15;180.00
7330.00;23156030#6_0;109.07;9.28;6740.00;0.10;23687583_0;5.10;0.00;tripinfo_out_as_to_od.38;590.00;out_as_to_od.38;0;2357.31;0.93;0.00;360.78;car;;17;137.00
7331.00;23156030#6_1;109.07;9.81;6687.00;0.63;-23527526_0;5.10;0.00;tripinfo_out_gj_to_od.14;644.00;out_gj_to_od.14;0;2703.70;0.95;0.00;385.28;car;;18;129.00
7331.00;45494495_0;58.90;8.48;6843.00;3.38;-230845886_0;5.10;0.00;tripinfo_out_ba_to_os.20;488.00;out_ba_to_os.20;0;1647.96;0.86;0.00;315.75;car;;12;68.00
7332.00;41899283#1_0;148.70;12.77;7152.00;0.12;-23156390_0;5.10;0.00;tripinfo_out_br_to_as.15;180.00;out_br_to_as.15;0;2020.44;1.17;0.00;24.11;car;;1;2.00
7333.00;45494495_0;58.90;10.97;6622.00;0.10;-23156390_0;5.10;0.00;tripinfo_out_br_to_os.10;711.00;out_br_to_os.10;0;2237.62;0.99;0.00;506.01;car;;16;233.00
7335.00;45494495_0;58.90;11.01;6841.00;0.92;-23527526_0;5.10;0.00;tripinfo_out_gj_to_os.14;494.00;out_gj_to_os.14;0;2036.16;1.09;0.00;324.75;car;;13;58.00
7344.00;23142338#2_0;290.21;11.00;6896.00;0.25;23687583_0;5.10;0.00;tripinfo_out_as_to_ns.60;448.00;out_as_to_ns.60;0;1995.73;1.01;0.00;268.81;car;;10;182.00
7346.00;230845886_0;633.12;9.59;7204.00;0.32;23687583_0;5.10;0.00;tripinfo_out_as_to_ba.80;142.00;out_as_to_ba.80;0;1356.50;0.98;0.00;16.66;car;;1;1.00
7347.00;230845886_0;633.12;11.45;7171.00;0.00;-23527526_0;5.10;0.00;tripinfo_out_gj_to_ba.65;176.00;out_gj_to_ba.65;0;1702.89;1.10;0.00;35.84;car;;1;3.00
7351.00;28706217_0;94.10;7.26;6772.00;0.11;23687583_0;5.10;0.00;tripinfo_out_as_to_sl.23;579.00;out_as_to_sl.23;0;1976.75;1.01;0.00;397.71;car;;17;96.00
7352.00;23156030#6_1;109.07;11.62;6676.00;0.42;-28716808#1_0;5.10;0.00;tripinfo_out_kl_to_od.22;676.00;out_kl_to_od.22;0;2657.03;1.06;0.00;449.18;car;;18;160.00
7352.00;23156030#6_0;109.07;10.58;6679.00;1.37;-28716808#1_0;5.10;0.00;tripinfo_out_kl_to_od.23;673.00;out_kl_to_od.23;0;2657.03;1.02;0.00;436.56;car;;19;172.00
7352.00;23142338#2_0;290.21;9.72;6920.00;1.64;23687583_0;5.10;0.00;tripinfo_out_as_to_ns.61;432.00;out_as_to_ns.61;0;1995.73;0.92;0.00;234.94;car;;8;164.00
7353.00;28706217_0;94.10;8.10;6566.00;0.91;-23156305_0;5.10;0.00;tripinfo_out_gg_to_sl.17;787.00;out_gg_to_sl.17;0;2908.41;1.07;0.00;536.74;car;;20;234.00
7354.00;23142338#2_0;290.21;11.01;6961.00;0.27;23687583_0;5.10;0.00;tripinfo_out_as_to_ns.62;393.00;out_as_to_ns.62;0;1995.73;1.01;0.00;212.93;car;;8;135.00
7355.00;23156030#6_1;109.07;10.82;6691.00;5.16;-28716808#1_0;5.10;0.00;tripinfo_out_kl_to_od.26;664.00;out_kl_to_od.26;0;2657.03;1.06;0.00;437.07;car;;22;167.00
7356.00;230845886_0;633.12;9.28;7018.00;0.05;-23156305_0;5.10;0.00;tripinfo_out_gg_to_ba.33;338.00;out_gg_to_ba.33;0;2288.16;0.91;0.00;110.87;car;;3;41.00
7357.00;972103805_0;116.86;8.86;6986.00;5.88;-23156305_0;5.10;0.00;tripinfo_out_gg_to_ko.17;371.00;out_gg_to_ko.17;0;2416.59;0.87;0.00;117.67;car;;3;43.00
7362.00;41899283#1_0;148.70;8.10;7048.00;0.99;803785575#0_0;5.10;0.00;tripinfo_out_od_to_as.29;314.00;out_od_to_as.29;0;2382.09;0.75;0.00;26.71;car;;0;0.00
7364.00;41899283#1_0;148.70;10.63;7183.00;2.23;-230845886_0;5.10;0.00;tripinfo_out_ba_to_as.48;181.00;out_ba_to_as.48;0;1430.78;1.06;0.00;58.18;car;;2;18.00
7366.00;230845886_0;633.12;9.63;7099.00;0.30;803785575#0_0;5.10;0.00;tripinfo_out_od_to_ba.10;267.00;out_od_to_ba.10;0;2382.14;0.88;0.00;21.98;car;;0;0.00
7366.00;41899283#1_0;148.70;10.86;7301.00;0.79;-23527526_0;5.10;0.00;tripinfo_out_gj_to_as.76;65.00;out_gj_to_as.76;0;633.70;1.01;0.00;7.41;car;;0;0.00
7367.00;23142338#2_0;290.21;9.61;7004.00;0.91;-23156390_0;5.10;0.00;tripinfo_out_br_to_ns.7;363.00;out_br_to_ns.7;0;2936.02;0.92;0.00;74.36;car;;2;25.00
7374.00;45494495_0;58.90;10.77;6891.00;2.50;23687583_0;5.10;0.00;tripinfo_out_as_to_os.18;483.00;out_as_to_os.18;0;1689.77;1.06;0.00;339.17;car;;13;62.00
7377.00;23156030#6_0;109.07;11.69;6682.00;4.28;-28716808#1_0;5.10;0.00;tripinfo_out_kl_to_od.24;695.00;out_kl_to_od.24;0;2657.03;1.11;0.00;477.92;car;;23;169.00
7377.00;45494495_0;58.90;10.40;7252.00;0.88;803785575#0_0;5.10;0.00;tripinfo_out_od_to_os.31;125.00;out_od_to_os.31;0;969.96;1.01;0.00;37.35;car;;1;19.00
7378.00;45494495_0;58.90;12.73;7261.00;0.55;803785575#0_0;5.10;0.00;tripinfo_out_od_to_os.32;117.00;out_od_to_os.32;0;969.96;1.22;0.00;45.20;car;;1;20.00
7379.00;23142338#2_0;290.21;10.19;7053.00;0.71;-23527526_0;5.10;0.00;tripinfo_out_gj_to_ns.128;326.00;out_gj_to_ns.128;0;2043.79;0.93;0.00;126.67;car;;6;79.00
7381.00;23142338#2_0;290.21;10.90;7061.00;0.40;-23527526_0;5.10;0.00;tripinfo_out_gj_to_ns.129;320.00;out_gj_to_ns.129;0;2043.79;1.01;0.00;136.71;car;;5;76.00
7382.00;23142338#2_0;290.21;10.56;7064.00;0.24;-23527526_0;5.10;0.00;tripinfo_out_gj_to_ns.130;318.00;out_gj_to_ns.130;0;2043.79;1.06;0.00;143.66;car;;5;71.00
7382.00;28706217_0;94.10;7.11;7297.00;0.49;803785575#0_0;5.10;0.00;tripinfo_out_od_to_sl.11;85.00;out_od_to_sl.11;0;747.33;0.94;0.00;7.49;car;;0;0.00
7383.00;23156030#6_0;109.07;10.55;6779.00;0.26;-230845886_0;5.10;0.00;tripinfo_out_ba_to_od.39;604.00;out_ba_to_od.39;0;2315.50;1.05;0.00;403.95;car;;19;158.00
7389.00;23156030#6_0;109.07;9.77;6550.00;0.43;-23156390_0;5.10;0.00;tripinfo_out_br_to_od.35;839.00;out_br_to_od.35;0;2905.16;0.97;0.00;569.43;car;;22;289.00
7389.00;28706217_0;94.10;7.76;6788.00;5.24;-23527526_0;5.10;0.00;tripinfo_out_gj_to_sl.11;601.00;out_gj_to_sl.11;0;2323.14;1.00;0.00;385.57;car;;18;96.00
7389.00;41899283#1_0;148.70;9.48;7180.00;0.13;-230845886_0;5.10;0.00;tripinfo_out_ba_to_as.47;209.00;out_ba_to_as.47;0;1430.78;0.86;0.00;57.80;car;;3;32.00
7389.00;230845886_0;633.12;8.51;7232.00;1.99;23687583_0;5.10;0.00;tripinfo_out_as_to_ba.81;157.00;out_as_to_ba.81;0;1356.50;0.85;0.00;12.65;car;;0;0.00
7391.00;28706217_0;94.10;9.56;6583.00;0.96;-23156305_0;5.10;0.00;tripinfo_out_gg_to_sl.18;808.00;out_gg_to_sl.18;0;2908.41;1.23;0.00;588.99;car;;19;229.00
7391.00;230845886_0;633.12;9.46;7235.00;1.33;23687583_0;5.10;0.00;tripinfo_out_as_to_ba.82;156.00;out_as_to_ba.82;0;1356.50;0.87;0.00;15.57;car;;0;0.00
7393.00;230845886_0;633.12;11.32;7111.00;0.83;-23156305_0;5.10;0.00;tripinfo_out_gg_to_ba.34;282.00;out_gg_to_ba.34;0;2288.16;1.08;0.00;90.61;car;;2;29.00
7393.00;41899283#1_0;148.70;9.52;7322.00;0.83;-23527526_0;5.10;0.00;tripinfo_out_gj_to_as.77;71.00;out_gj_to_as.77;0;633.70;0.93;0.00;8.26;car;;0;0.00
7395.00;41899283#1_0;148.70;12.06;7067.00;2.60;803785575#0_0;5.10;0.00;tripinfo_out_od_to_as.31;328.00;out_od_to_as.31;0;2382.09;1.16;0.00;142.45;car;;4;36.00
7395.00;230845886_0;633.12;10.17;7252.00;3.88;23687583_0;5.10;0.00;tripinfo_out_as_to_ba.83;143.00;out_as_to_ba.83;0;1356.50;1.00;0.00;20.57;car;;0;0.00
7396.00;45494495_0;58.90;9.46;6654.00;0.68;-23156305_0;5.10;0.00;tripinfo_out_gg_to_os.17;742.00;out_gg_to_os.17;0;2621.43;0.94;0.00;489.92;car;;18;193.00
7397.00;41899283#1_0;148.70;9.95;7064.00;0.53;803785575#0_0;5.10;0.00;tripinfo_out_od_to_as.30;333.00;out_od_to_as.30;0;2382.09;1.01;0.00;119.36;car;;4;25.00
7399.00;28706217_0;94.10;6.41;6867.00;3.93;23687583_0;5.10;0.00;tripinfo_out_as_to_sl.24;532.00;out_as_to_sl.24;0;1976.75;0.91;0.00;331.85;car;;14;125.00
7399.00;230845886_0;633.12;9.28;7141.00;1.21;803785575#0_0;5.10;0.00;tripinfo_out_od_to_ba.11;258.00;out_od_to_ba.11;0;2382.14;0.92;0.00;25.54;car;;1;1.00
7404.00;41899283#1_0;148.70;7.80;7112.00;1.23;-23142338#2_0;5.10;0.00;tripinfo_out_ns_to_as.51;292.00;out_ns_to_as.51;0;2009.37;0.79;0.00;59.77;car;;2;20.00
7406.00;41899283#1_0;148.70;12.38;7169.00;0.57;803785575#0_0;5.10;0.00;tripinfo_out_od_to_as.32;237.00;out_od_to_as.32;0;2382.09;1.19;0.00;56.30;car;;0;0.00
7407.00;23142338#2_0;290.21;10.23;6997.00;0.37;23687583_0;5.10;0.00;tripinfo_out_as_to_ns.63;410.00;out_as_to_ns.63;0;1995.73;0.96;0.00;220.40;car;;9;139.00
7411.00;28706217_0;94.10;9.02;6872.00;6.47;23687583_0;5.10;0.00;tripinfo_out_as_to_sl.25;539.00;out_as_to_sl.25;0;1976.75;1.13;0.00;377.20;car;;12;129.00
7414.00;41899283#1_0;148.70;9.45;7117.00;0.14;-23142338#2_0;5.10;0.00;tripinfo_out_ns_to_as.52;297.00;out_ns_to_as.52;0;2009.37;0.94;0.00;102.64;car;;3;36.00
7415.00;23142338#2_0;290.21;8.91;7003.00;0.76;23687583_0;5.10;0.00;tripinfo_out_as_to_ns.64;412.00;out_as_to_ns.64;0;1995.73;0.86;0.00;201.11;car;;9;129.00
7416.00;41899283#1_0;148.70;10.59;7123.00;0.72;-23142338#2_0;5.10;0.00;tripinfo_out_ns_to_as.53;293.00;out_ns_to_as.53;0;2009.37;1.06;0.00;120.24;car;;3;36.00
7417.00;28706217_0;94.10;7.33;6882.00;2.90;23687583_0;5.10;0.00;tripinfo_out_as_to_sl.26;535.00;out_as_to_sl.26;0;1976.75;0.98;0.00;347.70;car;;11;123.00
7417.00;972103805_0;116.86;9.20;7291.00;0.85;-23527526_0;5.10;0.00;tripinfo_out_gj_to_ko.28;126.00;out_gj_to_ko.28;0;971.70;0.89;0.00;27.10;car;;1;12.00
7419.00;23156030#6_1;109.07;9.28;6685.00;6.64;-28716808#1_0;5.10;0.00;tripinfo_out_kl_to_od.25;734.00;out_kl_to_od.25;0;2657.03;0.94;0.00;479.28;car;;21;195.00
7419.00;23156030#6_0;109.07;8.90;6717.00;0.92;-28716808#1_0;5.10;0.00;tripinfo_out_kl_to_od.28;702.00;out_kl_to_od.28;0;2657.03;0.91;0.00;439.12;car;;14;170.00
7419.00;972103805_0;116.86;12.15;7129.00;0.89;-23156305_0;5.10;0.00;tripinfo_out_gg_to_ko.18;290.00;out_gg_to_ko.18;0;2416.59;1.10;0.00;89.60;car;;4;39.00
7422.00;23156030#6_0;109.07;10.18;6787.00;0.03;23687583_0;5.10;0.00;tripinfo_out_as_to_od.39;635.00;out_as_to_od.39;0;2357.31;0.93;0.00;404.86;car;;12;145.00
7423.00;45494495_0;58.90;10.18;6644.00;0.42;-23156305_0;5.10;0.00;tripinfo_out_gg_to_os.16;779.00;out_gg_to_os.16;0;2621.43;1.01;0.00;544.99;car;;19;191.00
7424.00;23142338#2_0;290.21;8.48;7070.00;0.29;-23527526_0;5.10;0.00;tripinfo_out_gj_to_ns.131;354.00;out_gj_to_ns.131;0;2043.79;0.78;0.00;115.92;car;;5;64.00
7424.00;41899283#1_0;148.70;8.35;7129.00;0.05;-23142338#2_0;5.10;0.00;tripinfo_out_ns_to_as.54;295.00;out_ns_to_as.54;0;2009.37;0.85;0.00;80.39;car;;4;39.00
7425.00;45494495_0;58.90;12.13;6669.00;0.12;-23156305_0;5.10;0.00;tripinfo_out_gg_to_os.18;756.00;out_gg_to_os.18;0;2621.43;1.18;0.00;554.23;car;;18;181.00
7425.00;230845886_0;633.12;8.65;7101.00;2.26;-23142338#2_0;5.10;0.00;tripinfo_out_ns_to_ba.33;324.00;out_ns_to_ba.33;0;2340.42;0.81;0.00;63.45;car;;3;29.00
7426.00;23142338#2_0;290.21;10.52;7104.00;2.72;-23527526_0;5.10;0.00;tripinfo_out_gj_to_ns.133;322.00;out_gj_to_ns.133;0;2043.79;1.04;0.00;144.24;car;;4;51.00
7426.00;41899283#1_0;148.70;11.39;7192.00;0.56;803785575#0_0;5.10;0.00;tripinfo_out_od_to_as.33;234.00;out_od_to_as.33;0;2382.09;1.11;0.00;39.73;car;;1;7.00
7427.00;45494495_0;58.90;10.72;6916.00;0.89;-23527526_0;5.10;0.00;tripinfo_out_gj_to_os.15;511.00;out_gj_to_os.15;0;2036.16;1.03;0.00;331.55;car;;9;52.00
7427.00;230845886_0;633.12;9.82;7213.00;0.42;-23527526_0;5.10;0.00;tripinfo_out_gj_to_ba.66;214.00;out_gj_to_ba.66;0;1702.89;0.89;0.00;39.43;car;;2;6.00
7428.00;28706217_0;94.10;5.87;7331.00;3.02;803785575#0_0;5.10;0.00;tripinfo_out_od_to_sl.12;97.00;out_od_to_sl.12;0;747.33;0.83;0.00;9.45;car;;0;0.00
7429.00;230845886_0;633.12;10.74;7141.00;1.39;-23156305_0;5.10;0.00;tripinfo_out_gg_to_ba.35;288.00;out_gg_to_ba.35;0;2288.16;1.03;0.00;86.36;car;;3;26.00
7431.00;230845886_0;633.12;9.89;7279.00;0.74;23687583_0;5.10;0.00;tripinfo_out_as_to_ba.84;152.00;out_as_to_ba.84;0;1356.50;0.99;0.00;28.19;car;;0;0.00
7437.00;45494495_0;58.90;10.65;6948.00;0.17;-230845886_0;5.10;0.00;tripinfo_out_ba_to_os.21;489.00;out_ba_to_os.21;0;1647.96;0.97;0.00;334.66;car;;10;64.00
7440.00;23156030#6_0;109.07;10.76;6792.00;0.38;23687583_0;5.10;0.00;tripinfo_out_as_to_od.40;648.00;out_as_to_od.40;0;2357.31;1.05;0.00;444.81;car;;17;170.00
7441.00;23142338#2_0;290.21;8.70;7101.00;0.39;-23527526_0;5.10;0.00;tripinfo_out_gj_to_ns.132;340.00;out_gj_to_ns.132;0;2043.79;0.89;0.00;133.16;car;;5;67.00
7443.00;23142338#2_0;290.21;9.80;7115.00;0.30;-23527526_0;5.10;0.00;tripinfo_out_gj_to_ns.134;328.00;out_gj_to_ns.134;0;2043.79;0.92;0.00;125.99;car;;5;76.00
7443.00;41899283#1_0;148.70;10.05;7208.00;0.21;-23142338#2_0;5.10;0.00;tripinfo_out_ns_to_as.55;235.00;out_ns_to_as.55;0;2009.37;0.97;0.00;44.99;car;;2;15.00
7444.00;28706217_0;94.10;7.46;4488.00;1789.23;-45494495_0;5.10;0.00;tripinfo_in_os_to_sl.5;2956.00;in_os_to_sl.5;0;484.95;0.97;0.00;2905.16;car;;18;2793.00
7445.00;23142338#2_0;290.21;9.22;7119.00;0.69;-23527526_0;5.10;0.00;tripinfo_out_gj_to_ns.135;326.00;out_gj_to_ns.135;0;2043.79;0.93;0.00;127.29;car;;5;73.00
7446.00;23156030#6_0;109.07;10.24;6783.00;2.29;-230845886_0;5.10;0.00;tripinfo_out_ba_to_od.40;663.00;out_ba_to_od.40;0;2315.50;0.98;0.00;450.12;car;;17;170.00
7447.00;23142338#2_0;290.21;10.86;7149.00;0.70;-23527526_0;5.10;0.00;tripinfo_out_gj_to_ns.136;298.00;out_gj_to_ns.136;0;2043.79;1.00;0.00;112.90;car;;4;56.00
7447.00;28706217_0;94.10;7.95;7364.00;0.88;803785575#0_0;5.10;0.00;tripinfo_out_od_to_sl.13;83.00;out_od_to_sl.13;0;747.33;0.97;0.00;7.61;car;;0;0.00
7450.00;41899283#1_0;148.70;10.34;7220.00;0.97;-23156390_0;5.10;0.00;tripinfo_out_br_to_as.17;230.00;out_br_to_as.17;0;2020.44;1.00;0.00;47.15;car;;2;5.00
7452.00;23156030#6_0;109.07;9.79;6552.00;0.87;-23156305_0;5.10;0.00;tripinfo_out_gg_to_od.34;900.00;out_gg_to_od.34;0;3288.97;0.96;0.00;591.31;car;;21;272.00
7454.00;23156030#6_0;109.07;9.79;6748.00;0.90;-28716808#1_0;5.10;0.00;tripinfo_out_kl_to_od.30;706.00;out_kl_to_od.30;0;2657.03;0.90;0.00;437.62;car;;18;174.00
7456.00;41899283#1_0;148.70;9.13;7382.00;3.42;-23527526_0;5.10;0.00;tripinfo_out_gj_to_as.78;74.00;out_gj_to_as.78;0;633.70;0.89;0.00;8.59;car;;0;0.00
7460.00;28706217_0;94.10;6.57;6917.00;0.10;23687583_0;5.10;0.00;tripinfo_out_as_to_sl.28;543.00;out_as_to_sl.28;0;1976.75;0.91;0.00;341.03;car;;10;111.00
7462.00;230845886_0;633.12;7.92;7138.00;0.21;-23142338#2_0;5.10;0.00;tripinfo_out_ns_to_ba.34;324.00;out_ns_to_ba.34;0;2340.42;0.80;0.00;62.47;car;;3;21.00
7463.00;41899283#1_0;148.70;9.22;7209.00;0.16;-23156390_0;5.10;0.00;tripinfo_out_br_to_as.16;254.00;out_br_to_as.16;0;2020.44;0.85;0.00;39.25;car;;2;7.00
7464.00;41899283#1_0;148.70;11.22;7223.00;1.98;-23156390_0;5.10;0.00;tripinfo_out_br_to_as.18;241.00;out_br_to_as.18;0;2020.44;1.14;0.00;81.08;car;;1;8.00
7465.00;23156030#6_0;109.07;12.31;6809.00;0.36;23687583_0;5.10;0.00;tripinfo_out_as_to_od.41;656.00;out_as_to_od.41;0;2357.31;1.15;0.00;470.90;car;;17;180.00
7465.00;230845886_0;633.12;9.01;7191.00;0.25;-23142338#2_0;5.10;0.00;tripinfo_out_ns_to_ba.35;274.00;out_ns_to_ba.35;0;2340.42;0.89;0.00;37.32;car;;1;13.00
7466.00;41899283#1_0;148.70;12.27;7293.00;0.55;-230845886_0;5.10;0.00;tripinfo_out_ba_to_as.49;173.00;out_ba_to_as.49;0;1430.78;1.11;0.00;56.31;car;;2;30.00
7472.00;28706217_0;94.10;8.34;6902.00;0.21;23687583_0;5.10;0.00;tripinfo_out_as_to_sl.27;570.00;out_as_to_sl.27;0;1976.75;1.04;0.00;394.46;car;;14;97.00
7474.00;23156030#6_0;109.07;10.15;6765.00;0.67;-28716808#1_0;5.10;0.00;tripinfo_out_kl_to_od.31;709.00;out_kl_to_od.31;0;2657.03;1.03;0.00;474.87;car;;17;190.00
7474.00;28706217_0;94.10;8.43;6876.00;0.09;-23527526_0;5.10;0.00;tripinfo_out_gj_to_sl.12;598.00;out_gj_to_sl.12;0;2323.14;1.08;0.00;398.80;car;;18;92.00
7474.00;972103805_0;116.86;9.83;7258.00;0.65;-28716808#1_0;5.10;0.00;tripinfo_out_kl_to_ko.27;216.00;out_kl_to_ko.27;0;1927.03;0.98;0.00;37.18;car;;1;13.00
7477.00;41899283#1_0;148.70;9.43;7227.00;0.09;-23142338#2_0;5.10;0.00;tripinfo_out_ns_to_as.56;250.00;out_ns_to_as.56;0;2009.37;0.89;0.00;43.77;car;;2;10.00
7479.00;28706217_0;94.10;7.79;6931.00;0.12;23687583_0;5.10;0.00;tripinfo_out_as_to_sl.30;548.00;out_as_to_sl.30;0;1976.75;1.09;0.00;379.13;car;;20;116.00
7479.00;23142338#2_0;290.21;7.78;7152.00;1.35;-23527526_0;5.10;0.00;tripinfo_out_gj_to_ns.137;327.00;out_gj_to_ns.137;0;2043.79;0.79;0.00;92.40;car;;3;47.00
7479.00;41899283#1_0;148.70;10.60;7324.00;0.38;-28716808#1_0;5.10;0.00;tripinfo_out_kl_to_as.22;155.00;out_kl_to_as.22;0;1233.18;0.97;0.00;39.72;car;;1;19.00
7479.00;230845886_0;633.12;9.04;7332.00;2.92;23687583_0;5.10;0.00;tripinfo_out_as_to_ba.85;147.00;out_as_to_ba.85;0;1356.50;0.90;0.00;10.98;car;;0;0.00
7480.00;23156030#6_0;109.07;10.05;6599.00;0.07;-23156390_0;5.10;0.00;tripinfo_out_br_to_od.36;881.00;out_br_to_od.36;0;2905.16;0.96;0.00;608.24;car;;22;321.00
7480.00;23142338#2_0;290.21;10.80;7007.00;3.66;23687583_0;5.10;0.00;tripinfo_out_as_to_ns.65;473.00;out_as_to_ns.65;0;1995.73;1.10;0.00;308.01;car;;8;193.00
7481.00;23156030#6_1;109.07;10.74;6609.00;0.95;-23156305_0;5.10;0.00;tripinfo_out_gg_to_od.35;872.00;out_gg_to_od.35;0;3288.97;0.98;0.00;568.68;car;;23;260.00
7481.00;41899283#1_0;148.70;10.18;7301.00;2.20;-230845886_0;5.10;0.00;tripinfo_out_ba_to_as.50;180.00;out_ba_to_as.50;0;1430.78;1.01;0.00;51.59;car;;3;26.00
7482.00;23142338#2_0;290.21;11.34;7013.00;0.18;23687583_0;5.10;0.00;tripinfo_out_as_to_ns.66;469.00;out_as_to_ns.66;0;1995.73;1.09;0.00;301.63;car;;10;197.00
7484.00;23142338#2_0;290.21;10.29;7162.00;0.02;-23527526_0;5.10;0.00;tripinfo_out_gj_to_ns.138;322.00;out_gj_to_ns.138;0;2043.79;0.94;0.00;124.90;car;;4;63.00
7486.00;23142338#2_0;290.21;10.60;7148.00;0.92;-230845886_0;5.10;0.00;tripinfo_out_ba_to_ns.8;338.00;out_ba_to_ns.8;0;2346.36;1.05;0.00;136.06;car;;3;30.00
7487.00;230845886_0;633.12;11.58;7310.00;0.45;-23527526_0;5.10;0.00;tripinfo_out_gj_to_ba.68;177.00;out_gj_to_ba.68;0;1702.89;1.05;0.00;29.83;car;;1;7.00
7490.00;230845886_0;633.12;10.41;7317.00;0.25;-23527526_0;5.10;0.00;tripinfo_out_gj_to_ba.69;173.00;out_gj_to_ba.69;0;1702.89;1.03;0.00;23.43;car;;2;6.00
7494.00;41899283#1_0;148.70;12.09;7421.00;0.90;-23527526_0;5.10;0.00;tripinfo_out_gj_to_as.79;73.00;out_gj_to_as.79;0;633.70;1.13;0.00;21.22;car;;0;0.00
7497.00;23142338#2_0;290.21;9.71;7168.00;3.57;-23527526_0;5.10;0.00;tripinfo_out_gj_to_ns.139;329.00;out_gj_to_ns.139;0;2043.79;0.94;0.00;133.60;car;;5;80.00
7500.00;23142338#2_0;290.21;9.42;7198.00;0.80;-23527526_0;5.10;0.00;tripinfo_out_gj_to_ns.140;302.00;out_gj_to_ns.140;0;2043.79;0.94;0.00;106.57;car;;4;61.00
7502.00;23142338#2_0;290.21;12.64;7201.00;2.09;-23527526_0;5.10;0.00;tripinfo_out_gj_to_ns.141;301.00;out_gj_to_ns.141;0;2043.79;1.15;0.00;140.16;car;;5;66.00
7502.00;41899283#1_0;148.70;10.23;7276.00;0.50;-23142338#2_0;5.10;0.00;tripinfo_out_ns_to_as.57;226.00;out_ns_to_as.57;0;2009.37;0.97;0.00;36.94;car;;1;5.00
7502.00;230845886_0;633.12;9.49;7304.00;0.25;-23527526_0;5.10;0.00;tripinfo_out_gj_to_ba.67;198.00;out_gj_to_ba.67;0;1702.89;0.93;0.00;30.90;car;;1;9.00
7504.00;28706217_0;94.10;7.13;6971.00;0.41;23687583_0;5.10;0.00;tripinfo_out_as_to_sl.31;533.00;out_as_to_sl.31;0;1976.75;0.93;0.00;334.91;car;;12;77.00
7505.00;23142338#2_0;290.21;10.22;7228.00;0.04;-23527526_0;5.10;0.00;tripinfo_out_gj_to_ns.142;277.00;out_gj_to_ns.142;0;2043.79;0.93;0.00;78.06;car;;3;43.00
7505.00;972103805_0;116.86;10.10;7277.00;0.98;-28716808#1_0;5.10;0.00;tripinfo_out_kl_to_ko.28;228.00;out_kl_to_ko.28;0;1927.03;0.96;0.00;47.25;car;;2;15.00
7506.00;28706217_0;94.10;8.97;6923.00;2.38;23687583_0;5.10;0.00;tripinfo_out_as_to_sl.29;583.00;out_as_to_sl.29;0;1976.75;1.14;0.00;421.96;car;;15;72.00
7507.00;23156030#6_0;109.07;9.87;6694.00;6.95;-28716808#1_0;5.10;0.00;tripinfo_out_kl_to_od.27;813.00;out_kl_to_od.27;0;2657.03;0.93;0.00;555.42;car;;23;200.00
7508.00;41899283#1_0;148.70;12.30;7283.00;1.49;-23142338#2_0;5.10;0.00;tripinfo_out_ns_to_as.58;225.00;out_ns_to_as.58;0;2009.37;1.18;0.00;69.93;car;;2;6.00
7509.00;230845886_0;633.12;9.60;7344.00;7.70;23687583_0;5.10;0.00;tripinfo_out_as_to_ba.86;165.00;out_as_to_ba.86;0;1356.50;0.94;0.00;33.88;car;;1;4.00
7510.00;23156030#6_0;109.07;9.39;6731.00;0.85;-28716808#1_0;5.10;0.00;tripinfo_out_kl_to_od.29;779.00;out_kl_to_od.29;0;2657.03;0.91;0.00;516.62;car;;22;174.00
7512.00;41899283#1_0;148.70;10.80;7336.00;0.17;-230845886_0;5.10;0.00;tripinfo_out_ba_to_as.51;176.00;out_ba_to_as.51;0;1430.78;1.03;0.00;49.69;car;;3;16.00
7514.00;23156030#6_0;109.07;8.88;6876.00;0.49;23687583_0;5.10;0.00;tripinfo_out_as_to_od.42;638.00;out_as_to_od.42;0;2357.31;0.90;0.00;402.42;car;;17;154.00
7522.00;45494495_0;58.90;9.39;7012.00;2.28;-23527526_0;5.10;0.00;tripinfo_out_gj_to_os.16;510.00;out_gj_to_os.16;0;2036.16;0.92;0.00;310.75;car;;10;44.00
7523.00;41899283#1_0;148.70;11.48;7303.00;4.57;803785575#0_0;5.10;0.00;tripinfo_out_od_to_as.35;220.00;out_od_to_as.35;0;2382.09;1.10;0.00;24.86;car;;0;0.00
7524.00;23142338#2_0;290.21;10.79;6733.00;0.39;-23156305_0;5.10;0.00;tripinfo_out_gg_to_ns.29;791.00;out_gg_to_ns.29;0;2927.39;1.02;0.00;530.21;car;;19;362.00
7524.00;23156030#6_0;109.07;9.40;7242.00;0.21;-23142338#2_0;5.10;0.00;tripinfo_out_ns_to_od.18;282.00;out_ns_to_od.18;0;2005.01;0.88;0.00;63.29;car;;3;22.00
7525.00;45494495_0;58.90;9.27;7367.00;2.79;803785575#0_0;5.10;0.00;tripinfo_out_od_to_os.34;158.00;out_od_to_os.34;0;969.96;0.88;0.00;58.31;car;;5;37.00
7527.00;45494495_0;58.90;12.46;7393.00;0.27;803785575#0_0;5.10;0.00;tripinfo_out_od_to_os.35;134.00;out_od_to_os.35;0;969.96;1.16;0.00;57.90;car;;2;7.00
7528.00;23142338#2_0;290.21;10.75;7231.00;2.80;-23527526_0;5.10;0.00;tripinfo_out_gj_to_ns.143;297.00;out_gj_to_ns.143;0;2043.79;0.97;0.00;106.47;car;;4;61.00
7528.00;230845886_0;633.12;9.64;7342.00;0.21;-23527526_0;5.10;0.00;tripinfo_out_gj_to_ba.70;186.00;out_gj_to_ba.70;0;1702.89;0.95;0.00;23.95;car;;1;2.00
7530.00;28706217_0;94.10;8.25;6974.00;2.76;23687583_0;5.10;0.00;tripinfo_out_as_to_sl.32;556.00;out_as_to_sl.32;0;1976.75;1.05;0.00;381.05;car;;16;81.00
7530.00;23142338#2_0;290.21;12.25;7268.00;0.41;-23527526_0;5.10;0.00;tripinfo_out_gj_to_ns.144;262.00;out_gj_to_ns.144;0;2043.79;1.18;0.00;104.86;car;;3;43.00
7530.00;230845886_0;633.12;11.17;7364.00;0.97;-23527526_0;5.10;0.00;tripinfo_out_gj_to_ba.71;166.00;out_gj_to_ba.71;0;1702.89;1.05;0.00;19.65;car;;0;0.00
7531.00;45494495_0;58.90;8.90;7357.00;0.05;803785575#0_0;5.10;0.00;tripinfo_out_od_to_os.33;174.00;out_od_to_os.33;0;969.96;0.83;0.00;67.26;car;;4;26.00
7531.00;41899283#1_0;148.70;9.68;7464.00;1.40;-23527526_0;5.10;0.00;tripinfo_out_gj_to_as.80;67.00;out_gj_to_as.80;0;633.70;0.98;0.00;7.48;car;;0;0.00
7532.00;28706217_0;94.10;9.05;7000.00;1.57;23687583_0;5.10;0.00;tripinfo_out_as_to_sl.33;532.00;out_as_to_sl.33;0;1976.75;1.14;0.00;371.62;car;;13;72.00
7533.00;23156030#6_0;109.07;10.85;6854.00;0.21;-28716808#1_0;5.10;0.00;tripinfo_out_kl_to_od.32;679.00;out_kl_to_od.32;0;2657.03;0.99;0.00;436.87;car;;16;173.00
7533.00;45494495_0;58.90;10.79;7013.00;3.81;-230845886_0;5.10;0.00;tripinfo_out_ba_to_os.22;520.00;out_ba_to_os.22;0;1647.96;0.98;0.00;367.88;car;;16;72.00
7534.00;972103805_0;116.86;10.32;7404.00;1.83;-23527526_0;5.10;0.00;tripinfo_out_gj_to_ko.29;130.00;out_gj_to_ko.29;0;971.70;1.03;0.00;44.47;car;;2;16.00
7538.00;45494495_0;58.90;11.84;7070.00;1.15;23687583_0;5.10;0.00;tripinfo_out_as_to_os.19;468.00;out_as_to_os.19;0;1689.77;1.08;0.00;326.54;car;;8;29.00
7539.00;23156030#6_1;109.07;10.60;6853.00;0.95;-23527526_0;5.10;0.00;tripinfo_out_gj_to_od.15;686.00;out_gj_to_od.15;0;2703.70;0.97;0.00;434.03;car;;18;158.00
7539.00;45494495_0;58.90;11.44;7093.00;1.29;-230845886_0;5.10;0.00;tripinfo_out_ba_to_os.24;446.00;out_ba_to_os.24;0;1647.96;1.15;0.00;316.13;car;;10;28.00
7540.00;23156030#6_0;109.07;9.38;6640.00;0.52;-23156390_0;5.10;0.00;tripinfo_out_br_to_od.37;900.00;out_br_to_od.37;0;2905.16;0.91;0.00;612.81;car;;24;287.00
7541.00;41899283#1_0;148.70;10.77;7377.00;0.21;-230845886_0;5.10;0.00;tripinfo_out_ba_to_as.52;164.00;out_ba_to_as.52;0;1430.78;1.01;0.00;34.78;car;;2;11.00
7542.00;972103805_0;116.86;8.65;7280.00;3.32;-28716808#1_0;5.10;0.00;tripinfo_out_kl_to_ko.29;262.00;out_kl_to_ko.29;0;1927.03;0.79;0.00;39.89;car;;1;15.00
7544.00;230845886_0;633.12;11.52;7376.00;0.26;-23527526_0;5.10;0.00;tripinfo_out_gj_to_ba.72;168.00;out_gj_to_ba.72;0;1702.89;1.08;0.00;25.91;car;;1;7.00
7544.00;972103805_0;116.86;9.80;7410.00;3.01;-23527526_0;5.10;0.00;tripinfo_out_gj_to_ko.30;134.00;out_gj_to_ko.30;0;971.70;0.91;0.00;36.96;car;;1;12.00
7546.00;972103805_0;116.86;11.69;7283.00;0.70;-28716808#1_0;5.10;0.00;tripinfo_out_kl_to_ko.30;263.00;out_kl_to_ko.30;0;1927.03;1.07;0.00;99.96;car;;1;14.00
7547.00;23156030#6_0;109.07;8.97;6892.00;4.17;-230845886_0;5.10;0.00;tripinfo_out_ba_to_od.41;655.00;out_ba_to_od.41;0;2315.50;0.88;0.00;417.19;car;;18;118.00
7547.00;23142338#2_0;290.21;9.75;7328.00;0.77;803785575#0_0;5.10;0.00;tripinfo_out_od_to_ns.9;219.00;out_od_to_ns.9;0;1928.29;0.93;0.00;18.76;car;;0;0.00
7549.00;41899283#1_0;148.70;8.57;4455.00;1756.68;-45494495_0;5.10;0.00;tripinfo_in_os_to_as.10;3094.00;in_os_to_as.10;0;1746.47;0.85;0.00;2907.95;car;;20;2782.00
7549.00;45494495_0;58.90;11.41;7090.00;3.65;-230845886_0;5.10;0.00;tripinfo_out_ba_to_os.23;459.00;out_ba_to_os.23;0;1647.96;1.11;0.00;324.56;car;;7;13.00
7549.00;230845886_0;633.12;12.44;7392.00;0.46;-23527526_0;5.10;0.00;tripinfo_out_gj_to_ba.73;157.00;out_gj_to_ba.73;0;1702.89;1.13;0.00;20.24;car;;0;0.00
7550.00;41899283#1_0;148.70;10.57;7300.00;2.47;803785575#0_0;5.10;0.00;tripinfo_out_od_to_as.34;250.00;out_od_to_as.34;0;2382.09;1.01;0.00;36.21;car;;0;0.00
7552.00;23142338#2_0;290.21;11.46;7274.00;0.99;-23527526_0;5.10;0.00;tripinfo_out_gj_to_ns.145;278.00;out_gj_to_ns.145;0;2043.79;1.06;0.00;103.81;car;;4;63.00
7553.00;45494495_0;58.90;8.96;7093.00;0.34;23687583_0;5.10;0.00;tripinfo_out_as_to_os.20;460.00;out_as_to_os.20;0;1689.77;0.86;0.00;283.25;car;;7;13.00
7555.00;41899283#1_0;148.70;13.51;7492.00;0.51;-23527526_0;5.10;0.00;tripinfo_out_gj_to_as.81;63.00;out_gj_to_as.81;0;633.70;1.26;0.00;16.03;car;;0;0.00
7556.00;45494495_0;58.90;7.98;7018.00;0.69;-23156390_0;5.10;0.00;tripinfo_out_br_to_os.12;538.00;out_br_to_os.12;0;2237.62;0.82;0.00;290.28;car;;6;9.00
7560.00;23142338#2_0;290.21;10.30;7020.00;0.48;23687583_0;5.10;0.00;tripinfo_out_as_to_ns.67;540.00;out_as_to_ns.67;0;1995.73;0.94;0.00;346.90;car;;11;269.00
7562.00;23156030#6_0;109.07;10.95;6882.00;2.59;-23527526_0;5.10;0.00;tripinfo_out_gj_to_od.16;680.00;out_gj_to_od.16;0;2703.70;1.02;0.00;440.20;car;;16;158.00
7562.00;23142338#2_0;290.21;10.68;7043.00;1.37;23687583_0;5.10;0.00;tripinfo_out_as_to_ns.68;519.00;out_as_to_ns.68;0;1995.73;0.97;0.00;332.30;car;;10;250.00
7564.00;23142338#2_0;290.21;11.19;6754.00;0.37;-23156305_0;5.10;0.00;tripinfo_out_gg_to_ns.30;810.00;out_gg_to_ns.30;0;2927.39;1.08;0.00;562.11;car;;17;363.00
7564.00;23156030#6_0;109.07;11.62;6906.00;0.45;-28716808#1_0;5.10;0.00;tripinfo_out_kl_to_od.33;658.00;out_kl_to_od.33;0;2657.03;1.07;0.00;433.70;car;;16;160.00
7564.00;972103805_0;116.86;11.16;7334.00;0.99;-28716808#1_0;5.10;0.00;tripinfo_out_kl_to_ko.31;230.00;out_kl_to_ko.31;0;1927.03;1.01;0.00;56.04;car;;2;28.00
7567.00;972103805_0;116.86;12.36;7280.00;0.68;-23156390_0;5.10;0.00;tripinfo_out_br_to_ko.23;287.00;out_br_to_ko.23;0;2703.95;1.11;0.00;66.52;car;;2;34.00
7568.00;41899283#1_0;148.70;8.89;7286.00;2.49;-23142338#2_0;5.10;0.00;tripinfo_out_ns_to_as.59;282.00;out_ns_to_as.59;0;2009.37;0.85;0.00;67.57;car;;4;32.00
7570.00;41899283#1_0;148.70;9.73;7289.00;5.34;-23142338#2_0;5.10;0.00;tripinfo_out_ns_to_as.60;281.00;out_ns_to_as.60;0;2009.37;0.96;0.00;88.88;car;;4;28.00
7574.00;23156030#6_0;109.07;9.22;6899.00;0.58;-230845886_0;5.10;0.00;tripinfo_out_ba_to_od.42;675.00;out_ba_to_od.42;0;2315.50;0.88;0.00;435.74;car;;20;130.00
7575.00;28706217_0;94.10;6.48;6736.00;2.93;-23156305_0;5.10;0.00;tripinfo_out_gg_to_sl.19;839.00;out_gg_to_sl.19;0;2908.41;0.87;0.00;531.45;car;;21;210.00
7578.00;41899283#1_0;148.70;10.52;7511.00;0.98;-23527526_0;5.10;0.00;tripinfo_out_gj_to_as.82;67.00;out_gj_to_as.82;0;633.70;0.99;0.00;7.95;car;;0;0.00
7581.00;230845886_0;633.12;11.12;7453.00;0.13;23687583_0;5.10;0.00;tripinfo_out_as_to_ba.87;128.00;out_as_to_ba.87;0;1356.50;1.09;0.00;15.00;car;;0;0.00
7585.00;23156030#6_0;109.07;12.30;6663.00;0.39;-23156305_0;5.10;0.00;tripinfo_out_gg_to_od.36;922.00;out_gg_to_od.36;0;3288.97;1.15;0.00;664.09;car;;27;287.00
7585.00;23142338#2_0;290.21;9.83;7298.00;0.07;-23527526_0;5.10;0.00;tripinfo_out_gj_to_ns.146;287.00;out_gj_to_ns.146;0;2043.79;0.99;0.00;100.54;car;;4;58.00
7592.00;972103805_0;116.86;11.59;7448.00;0.97;-23527526_0;5.10;0.00;tripinfo_out_gj_to_ko.31;144.00;out_gj_to_ko.31;0;971.70;1.10;0.00;64.28;car;;2;37.00
7593.00;23156030#6_0;109.07;10.41;6686.00;0.40;-23156305_0;5.10;0.00;tripinfo_out_gg_to_od.37;907.00;out_gg_to_od.37;0;3288.97;1.03;0.00;618.54;car;;25;254.00
7594.00;23142338#2_0;290.21;9.41;7120.00;0.21;23687583_0;5.10;0.00;tripinfo_out_as_to_ns.69;474.00;out_as_to_ns.69;0;1995.73;0.89;0.00;269.20;car;;7;212.00
7595.00;23156030#6_0;109.07;11.03;6928.00;0.91;-230845886_0;5.10;0.00;tripinfo_out_ba_to_od.43;667.00;out_ba_to_od.43;0;2315.50;1.08;0.00;474.06;car;;19;131.00
7596.00;23142338#2_0;290.21;10.90;7133.00;2.92;23687583_0;5.10;0.00;tripinfo_out_as_to_ns.70;463.00;out_as_to_ns.70;0;1995.73;1.03;0.00;285.43;car;;7;201.00
7596.00;972103805_0;116.86;10.50;7461.00;0.12;-23527526_0;5.10;0.00;tripinfo_out_gj_to_ko.32;135.00;out_gj_to_ko.32;0;971.70;1.00;0.00;46.76;car;;2;30.00
7599.00;41899283#1_0;148.70;9.09;7296.00;10.76;-23142338#2_0;5.10;0.00;tripinfo_out_ns_to_as.61;303.00;out_ns_to_as.61;0;2009.37;0.89;0.00;98.14;car;;6;46.00
7601.00;41899283#1_0;148.70;10.37;7450.00;0.55;-28716808#1_0;5.10;0.00;tripinfo_out_kl_to_as.23;151.00;out_kl_to_as.23;0;1233.18;1.02;0.00;41.03;car;;2;15.00
7603.00;23156030#6_0;109.07;9.23;6943.00;0.05;23687583_0;5.10;0.00;tripinfo_out_as_to_od.43;660.00;out_as_to_od.43;0;2357.31;0.91;0.00;426.31;car;;16;140.00
7607.00;41899283#1_0;148.70;10.93;7311.00;0.25;-23142338#2_0;5.10;0.00;tripinfo_out_ns_to_as.62;296.00;out_ns_to_as.62;0;2009.37;1.07;0.00;124.34;car;;6;40.00
7611.00;41899283#1_0;148.70;9.67;7332.00;0.79;-23142338#2_0;5.10;0.00;tripinfo_out_ns_to_as.63;279.00;out_ns_to_as.63;0;2009.37;0.96;0.00;88.51;car;;4;28.00
7613.00;41899283#1_0;148.70;10.86;7448.00;0.57;-230845886_0;5.10;0.00;tripinfo_out_ba_to_as.53;165.00;out_ba_to_as.53;0;1430.78;1.02;0.00;37.41;car;;2;6.00
7615.00;23142338#2_0;290.21;10.34;6781.00;2.53;-23156305_0;5.10;0.00;tripinfo_out_gg_to_ns.31;834.00;out_gg_to_ns.31;0;2927.39;1.00;0.00;567.61;car;;19;387.00
7616.00;41899283#1_0;148.70;9.54;7391.00;0.24;-23156390_0;5.10;0.00;tripinfo_out_br_to_as.19;225.00;out_br_to_as.19;0;2020.44;0.96;0.00;34.12;car;;1;12.00
7617.00;23142338#2_0;290.21;10.75;7351.00;0.87;-23527526_0;5.10;0.00;tripinfo_out_gj_to_ns.147;266.00;out_gj_to_ns.147;0;2043.79;1.07;0.00;92.56;car;;3;47.00
7619.00;23156030#6_1;109.07;11.66;6942.00;0.60;-230845886_0;5.10;0.00;tripinfo_out_ba_to_od.44;677.00;out_ba_to_od.44;0;2315.50;1.12;0.00;490.82;car;;16;142.00
7619.00;28706217_0;94.10;9.81;7049.00;1.85;-23527526_0;5.10;0.00;tripinfo_out_gj_to_sl.13;570.00;out_gj_to_sl.13;0;2323.14;1.19;0.00;388.98;car;;17;108.00
7623.00;23156030#6_0;109.07;10.59;6788.00;0.01;-23156390_0;5.10;0.00;tripinfo_out_br_to_od.38;835.00;out_br_to_od.38;0;2905.16;1.00;0.00;572.50;car;;20;230.00
7623.00;23142338#2_0;290.21;10.06;6851.00;0.67;-23156305_0;5.10;0.00;tripinfo_out_gg_to_ns.32;772.00;out_gg_to_ns.32;0;2927.39;0.95;0.00;491.40;car;;17;328.00
7625.00;972103805_0;116.86;10.01;7336.00;0.82;-23156305_0;5.10;0.00;tripinfo_out_gg_to_ko.19;289.00;out_gg_to_ko.19;0;2416.59;0.92;0.00;49.87;car;;1;20.00
7626.00;28706217_0;94.10;8.02;7084.00;0.40;-230845886_0;5.10;0.00;tripinfo_out_ba_to_sl.9;542.00;out_ba_to_sl.9;0;1934.94;1.01;0.00;363.27;car;;15;46.00
7630.00;230845886_0;633.12;9.22;7416.00;0.56;-23527526_0;5.10;0.00;tripinfo_out_gj_to_ba.74;214.00;out_gj_to_ba.74;0;1702.89;0.83;0.00;28.38;car;;1;4.00
7631.00;23156030#6_0;109.07;9.39;6693.00;0.16;-23156305_0;5.10;0.00;tripinfo_out_gg_to_od.38;938.00;out_gg_to_od.38;0;3288.97;0.93;0.00;619.30;car;;26;253.00
7631.00;972103805_0;116.86;8.20;7388.00;0.66;-28716808#1_0;5.10;0.00;tripinfo_out_kl_to_ko.32;243.00;out_kl_to_ko.32;0;1927.03;0.82;0.00;29.72;car;;1;1.00
7632.00;230845886_0;633.12;10.12;7361.00;0.61;-23142338#2_0;5.10;0.00;tripinfo_out_ns_to_ba.36;271.00;out_ns_to_ba.36;0;2340.42;0.99;0.00;58.16;car;;2;25.00
7633.00;23142338#2_0;290.21;10.97;7283.00;0.38;-23156390_0;5.10;0.00;tripinfo_out_br_to_ns.8;350.00;out_br_to_ns.8;0;2936.02;1.00;0.00;84.90;car;;1;7.00
7633.00;972103805_0;116.86;10.57;7357.00;0.33;-23156390_0;5.10;0.00;tripinfo_out_br_to_ko.24;276.00;out_br_to_ko.24;0;2703.95;1.05;0.00;41.09;car;;0;0.00
7639.00;230845886_0;633.12;9.27;7433.00;0.22;-23527526_0;5.10;0.00;tripinfo_out_gj_to_ba.75;206.00;out_gj_to_ba.75;0;1702.89;0.86;0.00;26.08;car;;1;1.00
7639.00;41899283#1_0;148.70;12.95;7578.00;0.50;-23527526_0;5.10;0.00;tripinfo_out_gj_to_as.83;61.00;out_gj_to_as.83;0;633.70;1.17;0.00;10.74;car;;0;0.00
7640.00;23142338#2_0;290.21;11.89;7167.00;0.02;23687583_0;5.10;0.00;tripinfo_out_as_to_ns.71;473.00;out_as_to_ns.71;0;1995.73;1.10;0.00;308.44;car;;11;221.00
7643.00;230845886_0;633.12;9.07;7453.00;2.99;-28716808#1_0;5.10;0.00;tripinfo_out_kl_to_ba.5;190.00;out_kl_to_ba.5;0;1656.22;0.91;0.00;24.78;car;;1;6.00
7644.00;23142338#2_0;290.21;11.85;7367.00;1.86;-23527526_0;5.10;0.00;tripinfo_out_gj_to_ns.148;277.00;out_gj_to_ns.148;0;2043.79;1.08;0.00;105.04;car;;4;60.00
7644.00;41899283#1_0;148.70;11.39;7581.00;1.06;-23527526_0;5.10;0.00;tripinfo_out_gj_to_as.84;63.00;out_gj_to_as.84;0;633.70;1.08;0.00;8.91;car;;0;0.00
7648.00;23142338#2_0;290.21;11.19;6877.00;0.78;-23156305_0;5.10;0.00;tripinfo_out_gg_to_ns.33;771.00;out_gg_to_ns.33;0;2927.39;1.02;0.00;510.32;car;;22;324.00
7651.00;28706217_0;94.10;8.77;7128.00;0.64;-230845886_0;5.10;0.00;tripinfo_out_ba_to_sl.11;523.00;out_ba_to_sl.11;0;1934.94;1.09;0.00;357.62;car;;12;102.00
7653.00;23156030#6_0;109.07;10.91;6984.00;0.54;23687583_0;5.10;0.00;tripinfo_out_as_to_od.44;669.00;out_as_to_od.44;0;2357.31;0.99;0.00;454.30;car;;19;140.00
7653.00;41899283#1_0;148.70;11.53;7593.00;2.35;-23527526_0;5.10;0.00;tripinfo_out_gj_to_as.85;60.00;out_gj_to_as.85;0;633.70;1.11;0.00;7.76;car;;0;0.00
7655.00;28706217_0;94.10;9.13;7113.00;0.27;-230845886_0;5.10;0.00;tripinfo_out_ba_to_sl.10;542.00;out_ba_to_sl.10;0;1934.94;1.10;0.00;378.10;car;;10;102.00
7656.00;972103805_0;116.86;11.57;7569.00;0.53;-23527526_0;5.10;0.00;tripinfo_out_gj_to_ko.33;87.00;out_gj_to_ko.33;0;971.70;1.13;0.00;8.82;car;;0;0.00
7659.00;23156030#6_0;109.07;10.38;6697.00;0.73;-23156305_0;5.10;0.00;tripinfo_out_gg_to_od.39;962.00;out_gg_to_od.39;0;3288.97;0.94;0.00;643.92;car;;28;254.00
7659.00;230845886_0;633.12;8.65;7445.00;0.94;-23527526_0;5.10;0.00;tripinfo_out_gj_to_ba.76;214.00;out_gj_to_ba.76;0;1702.89;0.85;0.00;32.96;car;;1;8.00
7661.00;23156030#6_0;109.07;10.29;6953.00;1.57;-23527526_0;5.10;0.00;tripinfo_out_gj_to_od.17;708.00;out_gj_to_od.17;0;2703.70;0.95;0.00;449.65;car;;19;139.00
7661.00;41899283#1_0;148.70;10.51;7388.00;0.75;-23142338#2_0;5.10;0.00;tripinfo_out_ns_to_as.64;273.00;out_ns_to_as.64;0;2009.37;0.97;0.00;84.63;car;;4;47.00
7661.00;230845886_0;633.12;11.69;7415.00;0.87;-23142338#2_0;5.10;0.00;tripinfo_out_ns_to_ba.37;246.00;out_ns_to_ba.37;0;2340.42;1.10;0.00;54.17;car;;2;12.00
7663.00;230845886_0;633.12;8.74;7391.00;0.41;-23156305_0;5.10;0.00;tripinfo_out_gg_to_ba.36;272.00;out_gg_to_ba.36;0;2288.16;0.90;0.00;41.46;car;;2;9.00
7663.00;41899283#1_0;148.70;12.24;7396.00;0.11;-23142338#2_0;5.10;0.00;tripinfo_out_ns_to_as.65;267.00;out_ns_to_as.65;0;2009.37;1.14;0.00;106.13;car;;4;41.00
7664.00;23156030#6_0;109.07;9.87;6706.00;0.51;-23156305_0;5.10;0.00;tripinfo_out_gg_to_od.40;958.00;out_gg_to_od.40;0;3288.97;0.92;0.00;636.13;car;;27;236.00
7664.00;23156030#6_1;109.07;10.33;7404.00;0.43;-23142338#2_0;5.10;0.00;tripinfo_out_ns_to_od.19;260.00;out_ns_to_od.19;0;2005.01;0.98;0.00;62.02;car;;2;33.00
7665.00;230845886_0;633.12;11.88;7481.00;0.46;-23527526_0;5.10;0.00;tripinfo_out_gj_to_ba.78;184.00;out_gj_to_ba.78;0;1702.89;1.14;0.00;47.99;car;;0;0.00
7679.00;28706217_0;94.10;8.60;7110.00;5.97;-23527526_0;5.10;0.00;tripinfo_out_gj_to_sl.14;569.00;out_gj_to_sl.14;0;2323.14;1.06;0.00;366.71;car;;15;95.00
7679.00;41899283#1_0;148.70;11.51;7614.00;5.32;-23527526_0;5.10;0.00;tripinfo_out_gj_to_as.86;65.00;out_gj_to_as.86;0;633.70;1.13;0.00;12.78;car;;0;0.00
7681.00;23156030#6_0;109.07;12.14;7040.00;0.31;23687583_0;5.10;0.00;tripinfo_out_as_to_od.46;641.00;out_as_to_od.46;0;2357.31;1.10;0.00;447.33;car;;17;129.00
7684.00;23156030#6_0;109.07;9.89;7026.00;3.40;23687583_0;5.10;0.00;tripinfo_out_as_to_od.45;658.00;out_as_to_od.45;0;2357.31;0.98;0.00;440.63;car;;16;140.00
7686.00;45494495_0;58.90;9.59;7052.00;0.19;-23156390_0;5.10;0.00;tripinfo_out_br_to_os.13;634.00;out_br_to_os.13;0;2237.62;0.88;0.00;404.05;car;;13;118.00
7688.00;45494495_0;58.90;9.40;6890.00;0.83;-23156305_0;5.10;0.00;tripinfo_out_gg_to_os.19;798.00;out_gg_to_os.19;0;2621.43;0.96;0.00;551.24;car;;24;186.00
7689.00;23156030#6_0;109.07;10.09;6947.00;1.73;-23156390_0;5.10;0.00;tripinfo_out_br_to_od.40;742.00;out_br_to_od.40;0;2905.16;0.98;0.00;474.35;car;;20;117.00
7689.00;23142338#2_0;290.21;8.69;6996.00;3.24;-23156305_0;5.10;0.00;tripinfo_out_gg_to_ns.34;693.00;out_gg_to_ns.34;0;2927.39;0.79;0.00;357.60;car;;12;229.00
7691.00;23142338#2_0;290.21;10.57;7198.00;0.52;23687583_0;5.10;0.00;tripinfo_out_as_to_ns.72;493.00;out_as_to_ns.72;0;1995.73;0.97;0.00;304.89;car;;10;193.00
7693.00;23142338#2_0;290.21;11.05;6999.00;1.24;-23156305_0;5.10;0.00;tripinfo_out_gg_to_ns.35;694.00;out_gg_to_ns.35;0;2927.39;1.08;0.00;446.84;car;;12;234.00
7693.00;230845886_0;633.12;7.78;7476.00;0.59;-23527526_0;5.10;0.00;tripinfo_out_gj_to_ba.77;217.00;out_gj_to_ba.77;0;1702.89;0.80;0.00;24.78;car;;1;2.00
7695.00;230845886_0;633.12;10.44;7531.00;1.02;23687583_0;5.10;0.00;tripinfo_out_as_to_ba.88;164.00;out_as_to_ba.88;0;1356.50;0.94;0.00;33.87;car;;1;2.00
7698.00;41899283#1_0;148.70;9.38;7626.00;3.75;-23527526_0;5.10;0.00;tripinfo_out_gj_to_as.87;72.00;out_gj_to_as.87;0;633.70;0.92;0.00;7.69;car;;0;0.00
7703.00;41899283#1_0;148.70;11.13;7536.00;0.33;-28716808#1_0;5.10;0.00;tripinfo_out_kl_to_as.24;167.00;out_kl_to_as.24;0;1233.18;1.04;0.00;60.04;car;;2;41.00
7705.00;41899283#1_0;148.70;11.35;7475.00;0.25;803785575#0_0;5.10;0.00;tripinfo_out_od_to_as.36;230.00;out_od_to_as.36;0;2382.09;1.06;0.00;26.77;car;;1;6.00
7706.00;23142338#2_0;290.21;10.62;7055.00;0.76;-23156305_0;5.10;0.00;tripinfo_out_gg_to_ns.36;651.00;out_gg_to_ns.36;0;2927.39;0.98;0.00;377.63;car;;14;219.00
7709.00;23142338#2_0;290.21;9.99;7069.00;0.02;-23156305_0;5.10;0.00;tripinfo_out_gg_to_ns.37;640.00;out_gg_to_ns.37;0;2927.39;0.96;0.00;362.07;car;;12;211.00
7710.00;230845886_0;633.12;9.92;7525.00;0.74;-23527526_0;5.10;0.00;tripinfo_out_gj_to_ba.79;185.00;out_gj_to_ba.79;0;1702.89;0.97;0.00;26.11;car;;1;5.00
7711.00;230845886_0;633.12;12.01;7541.00;0.75;-23527526_0;5.10;0.00;tripinfo_out_gj_to_ba.80;170.00;out_gj_to_ba.80;0;1702.89;1.09;0.00;28.71;car;;0;0.00
7713.00;23156030#6_0;109.07;11.38;6915.00;0.07;-23156390_0;5.10;0.00;tripinfo_out_br_to_od.39;798.00;out_br_to_od.39;0;2905.16;1.05;0.00;547.60;car;;23;162.00
7714.00;23142338#2_0;290.21;9.73;7379.00;2.39;-23527526_0;5.10;0.00;tripinfo_out_gj_to_ns.149;335.00;out_gj_to_ns.149;0;2043.79;0.90;0.00;130.29;car;;6;78.00
7715.00;972103805_0;116.86;9.41;7421.00;2.27;-23156305_0;5.10;0.00;tripinfo_out_gg_to_ko.20;294.00;out_gg_to_ko.20;0;2416.59;0.91;0.00;52.40;car;;2;20.00
7716.00;41899283#1_0;148.70;11.67;7490.00;0.28;803785575#0_0;5.10;0.00;tripinfo_out_od_to_as.37;226.00;out_od_to_as.37;0;2382.09;1.11;0.00;31.66;car;;1;6.00
7719.00;23142338#2_0;290.21;9.60;7386.00;0.77;-23527526_0;5.10;0.00;tripinfo_out_gj_to_ns.150;333.00;out_gj_to_ns.150;0;2043.79;0.88;0.00;121.94;car;;5;68.00
7719.00;972103805_0;116.86;10.40;7426.00;0.28;-23156305_0;5.10;0.00;tripinfo_out_gg_to_ko.21;293.00;out_gg_to_ko.21;0;2416.59;0.94;0.00;60.11;car;;2;21.00
7721.00;23156030#6_1;109.07;9.55;7007.00;1.00;-230845886_0;5.10;0.00;tripinfo_out_ba_to_od.46;714.00;out_ba_to_od.46;0;2315.50;0.96;0.00;494.76;car;;21;131.00
7721.00;45494495_0;58.90;12.80;7246.00;0.56;23687583_0;5.10;0.00;tripinfo_out_as_to_os.21;475.00;out_as_to_os.21;0;1689.77;1.17;0.00;344.00;car;;11;68.00
7721.00;972103805_0;116.86;11.62;7440.00;0.98;-23156305_0;5.10;0.00;tripinfo_out_gg_to_ko.22;281.00;out_gg_to_ko.22;0;2416.59;1.07;0.00;76.11;car;;2;18.00
7722.00;23156030#6_0;109.07;9.63;6999.00;0.28;-230845886_0;5.10;0.00;tripinfo_out_ba_to_od.45;723.00;out_ba_to_od.45;0;2315.50;0.88;0.00;483.64;car;;23;145.00
7727.00;23156030#6_0;109.07;9.34;7062.00;0.77;-230845886_0;5.10;0.00;tripinfo_out_ba_to_od.47;665.00;out_ba_to_od.47;0;2315.50;0.87;0.00;425.86;car;;17;156.00
7729.00;23156030#6_1;109.07;9.60;7445.00;0.26;-23142338#2_0;5.10;0.00;tripinfo_out_ns_to_od.20;284.00;out_ns_to_od.20;0;2005.01;0.90;0.00;69.91;car;;3;36.00
7731.00;23142338#2_0;290.21;8.77;7501.00;0.80;803785575#0_0;5.10;0.00;tripinfo_out_od_to_ns.10;230.00;out_od_to_ns.10;0;1928.29;0.89;0.00;21.56;car;;0;0.00
7733.00;41899283#1_0;148.70;10.02;7454.00;0.94;-23156305_0;5.10;0.00;tripinfo_out_gg_to_as.16;279.00;out_gg_to_as.16;0;1699.56;0.94;0.00;113.54;car;;3;83.00
7737.00;23156030#6_0;109.07;12.38;6741.00;0.90;-23156305_0;5.10;0.00;tripinfo_out_gg_to_od.41;996.00;out_gg_to_od.41;0;3288.97;1.16;0.00;739.17;car;;27;257.00
7737.00;23142338#2_0;290.21;10.19;7395.00;2.44;-23527526_0;5.10;0.00;tripinfo_out_gj_to_ns.151;342.00;out_gj_to_ns.151;0;2043.79;0.97;0.00;151.02;car;;7;83.00
7738.00;23142338#2_0;290.21;11.21;7398.00;3.14;-23527526_0;5.10;0.00;tripinfo_out_gj_to_ns.152;340.00;out_gj_to_ns.152;0;2043.79;1.04;0.00;162.04;car;;6;94.00
7740.00;23142338#2_0;290.21;11.21;7401.00;5.51;-23527526_0;5.10;0.00;tripinfo_out_gj_to_ns.153;339.00;out_gj_to_ns.153;0;2043.79;1.12;0.00;174.51;car;;6;89.00
7742.00;23142338#2_0;290.21;10.67;7407.00;1.55;-23527526_0;5.10;0.00;tripinfo_out_gj_to_ns.154;335.00;out_gj_to_ns.154;0;2043.79;1.02;0.00;154.40;car;;7;83.00
7744.00;28706217_0;94.10;8.45;7158.00;2.11;-23527526_0;5.10;0.00;tripinfo_out_gj_to_sl.15;586.00;out_gj_to_sl.15;0;2323.14;1.08;0.00;387.18;car;;14;123.00
7744.00;972103805_0;116.86;10.85;7407.00;0.39;-23156390_0;5.10;0.00;tripinfo_out_br_to_ko.25;337.00;out_br_to_ko.25;0;2703.95;0.99;0.00;89.97;car;;3;32.00
7745.00;23156030#6_0;109.07;10.15;6750.00;0.32;-23156305_0;5.10;0.00;tripinfo_out_gg_to_od.42;995.00;out_gg_to_od.42;0;3288.97;0.97;0.00;688.45;car;;24;299.00
7746.00;972103805_0;116.86;11.57;7443.00;0.33;-23156390_0;5.10;0.00;tripinfo_out_br_to_ko.26;303.00;out_br_to_ko.26;0;2703.95;1.12;0.00;84.11;car;;3;26.00
7747.00;23156030#6_0;109.07;10.34;7013.00;0.25;-23156390_0;5.10;0.00;tripinfo_out_br_to_od.41;734.00;out_br_to_od.41;0;2905.16;1.03;0.00;478.19;car;;18;188.00
7749.00;972103805_0;116.86;11.05;7512.00;0.82;-28716808#1_0;5.10;0.00;tripinfo_out_kl_to_ko.33;237.00;out_kl_to_ko.33;0;1927.03;1.06;0.00;72.06;car;;3;37.00
7749.00;23142338#2_0;290.21;11.39;7542.00;0.84;803785575#0_0;5.10;0.00;tripinfo_out_od_to_ns.11;207.00;out_od_to_ns.11;0;1928.29;1.07;0.00;33.77;car;;1;13.00
7751.00;41899283#1_0;148.70;9.51;7582.00;0.58;-230845886_0;5.10;0.00;tripinfo_out_ba_to_as.54;169.00;out_ba_to_as.54;0;1430.78;0.91;0.00;25.60;car;;1;8.00
7758.00;28706217_0;94.10;5.53;7487.00;0.95;-23142338#2_0;5.10;0.00;tripinfo_out_ns_to_sl.12;271.00;out_ns_to_sl.12;0;1619.36;0.79;0.00;63.95;car;;4;27.00
7763.00;41899283#1_0;148.70;8.57;7687.00;0.43;-23527526_0;5.10;0.00;tripinfo_out_gj_to_as.88;76.00;out_gj_to_as.88;0;633.70;0.86;0.00;8.04;car;;0;0.00
7768.00;230845886_0;633.12;9.49;7626.00;0.30;23687583_0;5.10;0.00;tripinfo_out_as_to_ba.89;142.00;out_as_to_ba.89;0;1356.50;0.95;0.00;12.54;car;;0;0.00
7770.00;28706217_0;94.10;9.00;7698.00;0.55;803785575#0_0;5.10;0.00;tripinfo_out_od_to_sl.14;72.00;out_od_to_sl.14;0;747.33;1.10;0.00;5.81;car;;0;0.00
7773.00;23156030#6_0;109.07;10.87;7038.00;0.62;-23156390_0;5.10;0.00;tripinfo_out_br_to_od.42;735.00;out_br_to_od.42;0;2905.16;1.00;0.00;470.89;car;;18;169.00
7775.00;23156030#6_0;109.07;9.82;7106.00;0.41;-230845886_0;5.10;0.00;tripinfo_out_ba_to_od.48;669.00;out_ba_to_od.48;0;2315.50;1.00;0.00;459.52;car;;19;120.00
7775.00;972103805_0;116.86;10.29;7451.00;0.19;-23156305_0;5.10;0.00;tripinfo_out_gg_to_ko.23;324.00;out_gg_to_ko.23;0;2416.59;0.98;0.00;100.84;car;;3;58.00
7776.00;23156030#6_1;109.07;10.01;7114.00;0.13;-28716808#1_0;5.10;0.00;tripinfo_out_kl_to_od.35;662.00;out_kl_to_od.35;0;2657.03;1.00;0.00;423.17;car;;14;114.00
7776.00;23142338#2_0;290.21;8.77;7216.00;0.84;23687583_0;5.10;0.00;tripinfo_out_as_to_ns.73;560.00;out_as_to_ns.73;0;1995.73;0.82;0.00;338.96;car;;13;244.00
7779.00;41899283#1_0;148.70;10.94;7712.00;3.82;-23527526_0;5.10;0.00;tripinfo_out_gj_to_as.89;67.00;out_gj_to_as.89;0;633.70;0.99;0.00;8.15;car;;0;0.00
7780.00;230845886_0;633.12;10.44;7490.00;1.46;-23142338#2_0;5.10;0.00;tripinfo_out_ns_to_ba.38;290.00;out_ns_to_ba.38;0;2340.42;0.96;0.00;71.36;car;;3;29.00
7781.00;23142338#2_0;290.21;8.47;7413.00;0.36;-23527526_0;5.10;0.00;tripinfo_out_gj_to_ns.155;368.00;out_gj_to_ns.155;0;2043.79;0.79;0.00;134.16;car;;6;75.00
7782.00;28706217_0;94.10;6.42;7251.00;0.62;-230845886_0;5.10;0.00;tripinfo_out_ba_to_sl.12;531.00;out_ba_to_sl.12;0;1934.94;0.89;0.00;327.64;car;;9;92.00
7782.00;230845886_0;633.12;12.08;7623.00;1.13;-23527526_0;5.10;0.00;tripinfo_out_gj_to_ba.83;159.00;out_gj_to_ba.83;0;1702.89;1.09;0.00;17.68;car;;0;0.00
7783.00;23142338#2_0;290.21;10.91;7440.00;0.94;-23527526_0;5.10;0.00;tripinfo_out_gj_to_ns.157;343.00;out_gj_to_ns.157;0;2043.79;1.03;0.00;162.97;car;;5;63.00
7783.00;45494495_0;58.90;9.83;7629.00;0.96;803785575#0_0;5.10;0.00;tripinfo_out_od_to_os.36;154.00;out_od_to_os.36;0;969.96;0.93;0.00;59.66;car;;4;24.00
7784.00;230845886_0;633.12;12.11;7620.00;3.89;-23527526_0;5.10;0.00;tripinfo_out_gj_to_ba.82;164.00;out_gj_to_ba.82;0;1702.89;1.20;0.00;35.59;car;;1;4.00
7785.00;23142338#2_0;290.21;10.59;7436.00;0.01;-23527526_0;5.10;0.00;tripinfo_out_gj_to_ns.156;349.00;out_gj_to_ns.156;0;2043.79;1.00;0.00;164.56;car;;6;73.00
7785.00;45494495_0;58.90;11.51;7643.00;0.40;803785575#0_0;5.10;0.00;tripinfo_out_od_to_os.37;142.00;out_od_to_os.37;0;969.96;1.07;0.00;59.23;car;;4;40.00
7786.00;23156030#6_0;109.07;9.48;6787.00;4.03;-23156305_0;5.10;0.00;tripinfo_out_gg_to_od.44;999.00;out_gg_to_od.44;0;3288.97;0.90;0.00;667.58;car;;21;265.00
7786.00;230845886_0;633.12;12.21;7617.00;7.67;-23527526_0;5.10;0.00;tripinfo_out_gj_to_ba.81;169.00;out_gj_to_ba.81;0;1702.89;1.17;0.00;37.28;car;;1;3.00
7790.00;23142338#2_0;290.21;11.36;7471.00;0.20;-23527526_0;5.10;0.00;tripinfo_out_gj_to_ns.158;319.00;out_gj_to_ns.158;0;2043.79;1.08;0.00;147.78;car;;7;82.00
7793.00;41899283#1_0;148.70;9.78;7515.00;0.81;-23142338#2_0;5.10;0.00;tripinfo_out_ns_to_as.66;278.00;out_ns_to_as.66;0;2009.37;0.98;0.00;91.91;car;;4;52.00
7796.00;23142338#2_0;290.21;11.06;7515.00;0.85;-23527526_0;5.10;0.00;tripinfo_out_gj_to_ns.159;281.00;out_gj_to_ns.159;0;2043.79;1.02;0.00;99.64;car;;4;50.00
7797.00;230845886_0;633.12;11.82;7635.00;5.18;-23527526_0;5.10;0.00;tripinfo_out_gj_to_ba.85;162.00;out_gj_to_ba.85;0;1702.89;1.12;0.00;24.13;car;;0;0.00
7798.00;23142338#2_0;290.21;11.24;7522.00;0.78;-23527526_0;5.10;0.00;tripinfo_out_gj_to_ns.160;276.00;out_gj_to_ns.160;0;2043.79;1.03;0.00;96.42;car;;4;45.00
7798.00;41899283#1_0;148.70;10.11;7730.00;0.10;-23527526_0;5.10;0.00;tripinfo_out_gj_to_as.90;68.00;out_gj_to_as.90;0;633.70;0.98;0.00;8.23;car;;0;0.00
7799.00;23156030#6_1;109.07;12.01;7130.00;3.70;23687583_0;5.10;0.00;tripinfo_out_as_to_od.48;669.00;out_as_to_od.48;0;2357.31;1.09;0.00;474.87;car;;18;159.00
7801.00;23156030#6_0;109.07;9.97;6774.00;0.09;-23156305_0;5.10;0.00;tripinfo_out_gg_to_od.43;1027.00;out_gg_to_od.43;0;3288.97;1.01;0.00;733.86;car;;27;339.00
7802.00;23142338#2_0;290.21;10.47;7528.00;0.60;-23527526_0;5.10;0.00;tripinfo_out_gj_to_ns.161;274.00;out_gj_to_ns.161;0;2043.79;0.99;0.00;86.09;car;;3;39.00
7805.00;972103805_0;116.86;9.85;7509.00;0.71;-23156390_0;5.10;0.00;tripinfo_out_br_to_ko.27;296.00;out_br_to_ko.27;0;2703.95;0.99;0.00;47.77;car;;2;16.00
7806.00;28706217_0;94.10;7.59;7257.00;4.93;-230845886_0;5.10;0.00;tripinfo_out_ba_to_sl.13;549.00;out_ba_to_sl.13;0;1934.94;1.05;0.00;376.63;car;;13;102.00
7812.00;230845886_0;633.12;9.91;7629.00;2.53;-23527526_0;5.10;0.00;tripinfo_out_gj_to_ba.84;183.00;out_gj_to_ba.84;0;1702.89;0.92;0.00;16.05;car;;0;0.00
7812.00;41899283#1_0;148.70;8.21;7736.00;0.81;-23527526_0;5.10;0.00;tripinfo_out_gj_to_as.91;76.00;out_gj_to_as.91;0;633.70;0.85;0.00;7.92;car;;0;0.00
7814.00;23156030#6_0;109.07;9.04;7107.00;0.56;23687583_0;5.10;0.00;tripinfo_out_as_to_od.47;707.00;out_as_to_od.47;0;2357.31;0.92;0.00;474.98;car;;20;169.00
7817.00;23156030#6_0;109.07;8.39;7096.00;0.23;-28716808#1_0;5.10;0.00;tripinfo_out_kl_to_od.34;721.00;out_kl_to_od.34;0;2657.03;0.86;0.00;440.89;car;;23;162.00
7818.00;41899283#1_0;148.70;11.06;7754.00;0.81;-23527526_0;5.10;0.00;tripinfo_out_gj_to_as.92;64.00;out_gj_to_as.92;0;633.70;1.03;0.00;7.74;car;;0;0.00
7820.00;23142338#2_0;290.21;11.60;7556.00;0.84;-23527526_0;5.10;0.00;tripinfo_out_gj_to_ns.162;264.00;out_gj_to_ns.162;0;2043.79;1.11;0.00;96.73;car;;3;45.00
7821.00;230845886_0;633.12;9.42;7668.00;0.32;23687583_0;5.10;0.00;tripinfo_out_as_to_ba.90;153.00;out_as_to_ba.90;0;1356.50;0.87;0.00;11.50;car;;0;0.00
7823.00;230845886_0;633.12;9.74;7633.00;0.67;-28716808#1_0;5.10;0.00;tripinfo_out_kl_to_ba.6;190.00;out_kl_to_ba.6;0;1656.22;0.95;0.00;32.75;car;;1;8.00
7826.00;41899283#1_0;148.70;10.35;7757.00;2.83;-23527526_0;5.10;0.00;tripinfo_out_gj_to_as.93;69.00;out_gj_to_as.93;0;633.70;0.96;0.00;7.73;car;;0;0.00
7827.00;23156030#6_0;109.07;11.89;7090.00;0.76;-23156390_0;5.10;0.00;tripinfo_out_br_to_od.44;737.00;out_br_to_od.44;0;2905.16;1.18;0.00;514.57;car;;17;196.00
7830.00;230845886_0;633.12;10.31;7698.00;2.98;23687583_0;5.10;0.00;tripinfo_out_as_to_ba.91;132.00;out_as_to_ba.91;0;1356.50;1.01;0.00;10.34;car;;0;0.00
7831.00;23142338#2_0;290.21;10.13;7249.00;2.84;23687583_0;5.10;0.00;tripinfo_out_as_to_ns.74;582.00;out_as_to_ns.74;0;1995.73;0.93;0.00;387.18;car;;11;287.00
7831.00;41899283#1_0;148.70;9.98;7547.00;2.27;-23142338#2_0;5.10;0.00;tripinfo_out_ns_to_as.67;284.00;out_ns_to_as.67;0;2009.37;0.98;0.00;97.08;car;;3;65.00
7833.00;23142338#2_0;290.21;9.91;7135.00;0.85;-23156305_0;5.10;0.00;tripinfo_out_gg_to_ns.38;698.00;out_gg_to_ns.38;0;2927.39;1.00;0.00;432.00;car;;15;304.00
7835.00;23156030#6_0;109.07;9.75;6826.00;0.90;-23156305_0;5.10;0.00;tripinfo_out_gg_to_od.45;1009.00;out_gg_to_od.45;0;3288.97;0.96;0.00;700.44;car;;26;284.00
7835.00;23142338#2_0;290.21;10.10;7239.00;0.65;-28716808#1_0;5.10;0.00;tripinfo_out_kl_to_ns.8;596.00;out_kl_to_ns.8;0;2305.34;0.92;0.00;369.68;car;;11;272.00
7835.00;972103805_0;116.86;9.86;7529.00;0.04;-23156390_0;5.10;0.00;tripinfo_out_br_to_ko.28;306.00;out_br_to_ko.28;0;2703.95;0.89;0.00;30.76;car;;0;0.00
7837.00;23156030#6_0;109.07;10.46;6886.00;3.59;-23156305_0;5.10;0.00;tripinfo_out_gg_to_od.46;951.00;out_gg_to_od.46;0;3288.97;0.99;0.00;652.19;car;;28;279.00
7837.00;41899283#1_0;148.70;10.03;7766.00;8.33;-23527526_0;5.10;0.00;tripinfo_out_gj_to_as.94;71.00;out_gj_to_as.94;0;633.70;0.93;0.00;8.29;car;;0;0.00
7840.00;41899283#1_0;148.70;10.72;7552.00;4.81;-23142338#2_0;5.10;0.00;tripinfo_out_ns_to_as.68;288.00;out_ns_to_as.68;0;2009.37;1.00;0.00;104.60;car;;4;66.00
7842.00;41899283#1_0;148.70;10.76;7621.00;0.02;-230845886_0;5.10;0.00;tripinfo_out_ba_to_as.55;221.00;out_ba_to_as.55;0;1430.78;0.98;0.00;88.42;car;;5;56.00
7843.00;230845886_0;633.12;9.98;7701.00;2.17;23687583_0;5.10;0.00;tripinfo_out_as_to_ba.92;142.00;out_as_to_ba.92;0;1356.50;0.94;0.00;11.37;car;;0;0.00
7844.00;41899283#1_0;148.70;10.13;7575.00;0.15;-23156390_0;5.10;0.00;tripinfo_out_br_to_as.20;269.00;out_br_to_as.20;0;2020.44;0.98;0.00;82.60;car;;4;43.00
7845.00;45494495_0;58.90;10.21;7679.00;0.67;803785575#0_0;5.10;0.00;tripinfo_out_od_to_os.38;166.00;out_od_to_os.38;0;969.96;0.99;0.00;76.94;car;;3;44.00
7847.00;45494495_0;58.90;11.54;7255.00;0.89;-23527526_0;5.10;0.00;tripinfo_out_gj_to_os.17;592.00;out_gj_to_os.17;0;2036.16;1.10;0.00;423.87;car;;11;97.00
7849.00;41899283#1_0;148.70;9.38;7564.00;1.06;-23142338#2_0;5.10;0.00;tripinfo_out_ns_to_as.69;285.00;out_ns_to_as.69;0;2009.37;0.89;0.00;79.60;car;;3;35.00
7850.00;45494495_0;58.90;10.48;7335.00;4.13;23687583_0;5.10;0.00;tripinfo_out_as_to_os.22;515.00;out_as_to_os.22;0;1689.77;0.98;0.00;358.15;car;;19;109.00
7851.00;41899283#1_0;148.70;9.46;7518.00;0.27;803785575#0_0;5.10;0.00;tripinfo_out_od_to_as.39;333.00;out_od_to_as.39;0;2382.09;0.94;0.00;104.14;car;;4;46.00
7851.00;230845886_0;633.12;10.55;7708.00;0.40;23687583_0;5.10;0.00;tripinfo_out_as_to_ba.93;143.00;out_as_to_ba.93;0;1356.50;1.05;0.00;26.09;car;;1;9.00
7853.00;41899283#1_0;148.70;11.46;7645.00;0.09;-230845886_0;5.10;0.00;tripinfo_out_ba_to_as.56;208.00;out_ba_to_as.56;0;1430.78;1.07;0.00;86.08;car;;4;47.00
7855.00;230845886_0;633.12;10.00;7676.00;1.11;-23527526_0;5.10;0.00;tripinfo_out_gj_to_ba.86;179.00;out_gj_to_ba.86;0;1702.89;1.01;0.00;26.86;car;;1;2.00
7856.00;23142338#2_0;290.21;9.70;7146.00;0.25;-23156305_0;5.10;0.00;tripinfo_out_gg_to_ns.39;710.00;out_gg_to_ns.39;0;2927.39;0.98;0.00;438.18;car;;16;308.00
7857.00;230845886_0;633.12;12.46;7730.00;2.33;23687583_0;5.10;0.00;tripinfo_out_as_to_ba.94;127.00;out_as_to_ba.94;0;1356.50;1.17;0.00;22.34;car;;0;0.00
7858.00;23142338#2_0;290.21;11.28;7291.00;0.13;23687583_0;5.10;0.00;tripinfo_out_as_to_ns.75;567.00;out_as_to_ns.75;0;1995.73;1.02;0.00;388.20;car;;13;274.00
7858.00;41899283#1_0;148.70;9.24;7512.00;0.26;803785575#0_0;5.10;0.00;tripinfo_out_od_to_as.38;346.00;out_od_to_as.38;0;2382.09;0.85;0.00;93.54;car;;4;46.00
7860.00;23142338#2_0;290.21;11.42;7160.00;0.18;-23156305_0;5.10;0.00;tripinfo_out_gg_to_ns.40;700.00;out_gg_to_ns.40;0;2927.39;1.12;0.00;462.97;car;;15;283.00
7860.00;45494495_0;58.90;10.69;7284.00;0.50;-230845886_0;5.10;0.00;tripinfo_out_ba_to_os.25;576.00;out_ba_to_os.25;0;1647.96;1.02;0.00;429.17;car;;12;112.00
7861.00;230845886_0;633.12;11.17;7690.00;3.37;-23527526_0;5.10;0.00;tripinfo_out_gj_to_ba.87;171.00;out_gj_to_ba.87;0;1702.89;1.08;0.00;28.60;car;;0;0.00
7862.00;45494495_0;58.90;10.55;7292.00;8.20;-23142338#2_0;5.10;0.00;tripinfo_out_ns_to_os.5;570.00;out_ns_to_os.5;0;1865.82;1.01;0.00;402.40;car;;14;105.00
7865.00;23156030#6_0;109.07;10.66;7069.00;0.26;-23156390_0;5.10;0.00;tripinfo_out_br_to_od.43;796.00;out_br_to_od.43;0;2905.16;1.06;0.00;547.24;car;;21;221.00
7867.00;41899283#1_0;148.70;10.51;7583.00;0.35;-23156390_0;5.10;0.00;tripinfo_out_br_to_as.21;284.00;out_br_to_as.21;0;2020.44;0.95;0.00;92.05;car;;2;58.00
7868.00;23156305_0;1264.14;9.22;4512.00;1794.21;-45494495_0;5.10;0.00;tripinfo_in_os_to_gg.7;3356.00;in_os_to_gg.7;0;3034.34;0.93;0.00;3058.69;car;;13;2945.00
7869.00;41899283#1_0;148.70;10.38;7625.00;0.29;-23142338#2_0;5.10;0.00;tripinfo_out_ns_to_as.70;244.00;out_ns_to_as.70;0;2009.37;1.02;0.00;63.65;car;;3;28.00
7870.00;23156030#6_0;109.07;9.04;6950.00;0.05;-23156305_0;5.10;0.00;tripinfo_out_gg_to_od.47;920.00;out_gg_to_od.47;0;3288.97;0.89;0.00;584.86;car;;25;248.00
7870.00;23156030#6_1;109.07;9.96;7194.00;0.36;-230845886_0;5.10;0.00;tripinfo_out_ba_to_od.50;676.00;out_ba_to_od.50;0;2315.50;0.96;0.00;456.71;car;;20;177.00
7877.00;45494495_0;58.90;9.79;7721.00;0.73;803785575#0_0;5.10;0.00;tripinfo_out_od_to_os.39;156.00;out_od_to_os.39;0;969.96;0.96;0.00;65.07;car;;6;38.00
7880.00;230845886_0;633.12;9.10;7603.00;0.66;-23142338#2_0;5.10;0.00;tripinfo_out_ns_to_ba.39;277.00;out_ns_to_ba.39;0;2340.42;0.91;0.00;45.45;car;;1;17.00
7880.00;45494495_0;58.90;10.21;7743.00;0.93;803785575#0_0;5.10;0.00;tripinfo_out_od_to_os.40;137.00;out_od_to_os.40;0;969.96;0.97;0.00;46.63;car;;5;21.00
7891.00;23142338#2_0;290.21;9.44;7573.00;0.51;-23527526_0;5.10;0.00;tripinfo_out_gj_to_ns.163;318.00;out_gj_to_ns.163;0;2043.79;0.89;0.00;111.09;car;;5;63.00
7891.00;41899283#1_0;148.70;10.94;7818.00;1.10;-23527526_0;5.10;0.00;tripinfo_out_gj_to_as.95;73.00;out_gj_to_as.95;0;633.70;1.00;0.00;14.03;car;;0;0.00
7893.00;23156030#6_1;109.07;11.93;6993.00;0.29;-23156305_0;5.10;0.00;tripinfo_out_gg_to_od.48;900.00;out_gg_to_od.48;0;3288.97;1.16;0.00;643.23;car;;30;210.00
7893.00;23142338#2_0;290.21;11.91;7590.00;0.35;-23527526_0;5.10;0.00;tripinfo_out_gj_to_ns.164;303.00;out_gj_to_ns.164;0;2043.79;1.14;0.00;140.31;car;;4;59.00
7895.00;23156030#6_0;109.07;11.33;7189.00;0.62;-28716808#1_0;5.10;0.00;tripinfo_out_kl_to_od.36;706.00;out_kl_to_od.36;0;2657.03;1.02;0.00;470.84;car;;18;187.00
7895.00;23142338#2_0;290.21;11.74;7228.00;1.84;-23156305_0;5.10;0.00;tripinfo_out_gg_to_ns.41;667.00;out_gg_to_ns.41;0;2927.39;1.09;0.00;423.38;car;;13;285.00
7895.00;41899283#1_0;148.70;10.39;7824.00;0.87;-23527526_0;5.10;0.00;tripinfo_out_gj_to_as.96;71.00;out_gj_to_as.96;0;633.70;1.03;0.00;14.36;car;;0;0.00
7896.00;23142338#2_0;290.21;12.47;7409.00;0.96;23687583_0;5.10;0.00;tripinfo_out_as_to_ns.76;487.00;out_as_to_ns.76;0;1995.73;1.15;0.00;328.29;car;;9;229.00
7897.00;972103805_0;116.86;9.33;7659.00;0.62;-28716808#1_0;5.10;0.00;tripinfo_out_kl_to_ko.34;238.00;out_kl_to_ko.34;0;1927.03;0.88;0.00;37.99;car;;2;13.00
7898.00;972103805_0;116.86;11.10;7677.00;0.06;-28716808#1_0;5.10;0.00;tripinfo_out_kl_to_ko.35;221.00;out_kl_to_ko.35;0;1927.03;1.06;0.00;56.22;car;;2;21.00
7899.00;230845886_0;633.12;10.67;7764.00;0.76;23687583_0;5.10;0.00;tripinfo_out_as_to_ba.95;135.00;out_as_to_ba.95;0;1356.50;0.98;0.00;10.03;car;;0;0.00
7900.00;23156030#6_0;109.07;10.02;7136.00;0.88;-23156390_0;5.10;0.00;tripinfo_out_br_to_od.45;764.00;out_br_to_od.45;0;2905.16;1.01;0.00;502.78;car;;19;175.00
7901.00;230845886_0;633.12;12.86;7523.00;0.58;-23156305_0;5.10;0.00;tripinfo_out_gg_to_ba.37;378.00;out_gg_to_ba.37;0;2288.16;1.18;0.00;202.35;car;;6;143.00
7908.00;23156030#6_1;109.07;9.87;7678.00;0.56;-23142338#2_0;5.10;0.00;tripinfo_out_ns_to_od.21;230.00;out_ns_to_od.21;0;2005.01;0.98;0.00;33.37;car;;1;13.00
7911.00;41899283#1_0;148.70;9.74;7636.00;0.81;-23142338#2_0;5.10;0.00;tripinfo_out_ns_to_as.71;275.00;out_ns_to_as.71;0;2009.37;0.94;0.00;80.15;car;;4;46.00
7912.00;41899283#1_0;148.70;11.12;7759.00;0.53;-28716808#1_0;5.10;0.00;tripinfo_out_kl_to_as.25;153.00;out_kl_to_as.25;0;1233.18;1.02;0.00;43.53;car;;2;23.00
7915.00;23156030#6_0;109.07;7.00;7131.00;0.06;-230845886_0;5.10;0.00;tripinfo_out_ba_to_od.49;784.00;out_ba_to_od.49;0;2315.50;0.73;0.00;499.28;car;;18;177.00
7915.00;41899283#1_0;148.70;10.04;7754.00;0.42;-230845886_0;5.10;0.00;tripinfo_out_ba_to_as.57;161.00;out_ba_to_as.57;0;1430.78;0.99;0.00;30.88;car;;2;12.00
7916.00;23156030#6_1;109.07;13.07;7272.00;0.29;-230845886_0;5.10;0.00;tripinfo_out_ba_to_od.52;644.00;out_ba_to_od.52;0;2315.50;1.26;0.00;476.80;car;;16;148.00
7917.00;23156030#6_0;109.07;12.19;7088.00;0.59;-23156305_0;5.10;0.00;tripinfo_out_gg_to_od.49;829.00;out_gg_to_od.49;0;3288.97;1.13;0.00;566.05;car;;20;203.00
7920.00;41899283#1_0;148.70;9.29;7848.00;0.33;-23527526_0;5.10;0.00;tripinfo_out_gj_to_as.97;72.00;out_gj_to_as.97;0;633.70;0.92;0.00;8.66;car;;0;0.00
7922.00;23142338#2_0;290.21;8.75;7599.00;4.16;-23527526_0;5.10;0.00;tripinfo_out_gj_to_ns.165;323.00;out_gj_to_ns.165;0;2043.79;0.87;0.00;111.14;car;;5;65.00
7924.00;23142338#2_0;290.21;11.66;7608.00;0.24;-23527526_0;5.10;0.00;tripinfo_out_gj_to_ns.166;316.00;out_gj_to_ns.166;0;2043.79;1.09;0.00;146.25;car;;5;62.00
7924.00;41899283#1_0;148.70;10.32;7769.00;0.06;-230845886_0;5.10;0.00;tripinfo_out_ba_to_as.58;155.00;out_ba_to_as.58;0;1430.78;1.03;0.00;29.15;car;;1;3.00
7925.00;23156030#6_0;109.07;10.17;7219.00;2.25;23687583_0;5.10;0.00;tripinfo_out_as_to_od.49;706.00;out_as_to_od.49;0;2357.31;1.00;0.00;493.60;car;;25;163.00
7925.00;230845886_0;633.12;9.75;7526.00;3.36;-23156305_0;5.10;0.00;tripinfo_out_gg_to_ba.38;399.00;out_gg_to_ba.38;0;2288.16;0.96;0.00;183.66;car;;6;129.00
7926.00;230845886_0;633.12;12.38;7760.00;4.17;-23527526_0;5.10;0.00;tripinfo_out_gj_to_ba.88;166.00;out_gj_to_ba.88;0;1702.89;1.15;0.00;32.12;car;;0;0.00
7927.00;23142338#2_0;290.21;8.76;7611.00;2.85;-23527526_0;5.10;0.00;tripinfo_out_gj_to_ns.167;316.00;out_gj_to_ns.167;0;2043.79;0.88;0.00;105.60;car;;4;57.00
7927.00;972103805_0;116.86;12.30;7803.00;0.49;-23527526_0;5.10;0.00;tripinfo_out_gj_to_ko.34;124.00;out_gj_to_ko.34;0;971.70;1.18;0.00;49.34;car;;2;17.00
7929.00;23142338#2_0;290.21;9.32;7632.00;4.93;-23527526_0;5.10;0.00;tripinfo_out_gj_to_ns.168;297.00;out_gj_to_ns.168;0;2043.79;0.94;0.00;100.73;car;;4;48.00
7931.00;41899283#1_0;148.70;10.66;7803.00;0.94;-28716808#1_0;5.10;0.00;tripinfo_out_kl_to_as.26;128.00;out_kl_to_as.26;0;1233.18;0.96;0.00;12.17;car;;0;0.00
7934.00;41899283#1_0;148.70;10.83;7585.00;3.08;-23156305_0;5.10;0.00;tripinfo_out_gg_to_as.17;349.00;out_gg_to_as.17;0;1699.56;1.02;0.00;197.10;car;;6;124.00
7939.00;45494495_0;58.90;10.65;7329.00;0.00;-230845886_0;5.10;0.00;tripinfo_out_ba_to_os.26;610.00;out_ba_to_os.26;0;1647.96;1.00;0.00;461.20;car;;20;109.00
7946.00;230845886_0;633.12;10.35;7716.00;0.46;803785575#0_0;5.10;0.00;tripinfo_out_od_to_ba.12;230.00;out_od_to_ba.12;0;2382.14;1.01;0.00;17.00;car;;0;0.00
7948.00;230845886_0;633.12;11.25;7819.00;2.78;23687583_0;5.10;0.00;tripinfo_out_as_to_ba.96;129.00;out_as_to_ba.96;0;1356.50;1.11;0.00;18.48;car;;1;1.00
7951.00;23156030#6_0;109.07;10.93;7269.00;0.53;-230845886_0;5.10;0.00;tripinfo_out_ba_to_od.51;682.00;out_ba_to_od.51;0;2315.50;1.03;0.00;478.27;car;;16;170.00
7952.00;23142338#2_0;290.21;9.53;7638.00;3.26;-23527526_0;5.10;0.00;tripinfo_out_gj_to_ns.169;314.00;out_gj_to_ns.169;0;2043.79;0.89;0.00;105.53;car;;4;58.00
7954.00;230845886_0;633.12;11.07;7558.00;0.59;-23156305_0;5.10;0.00;tripinfo_out_gg_to_ba.39;396.00;out_gg_to_ba.39;0;2288.16;1.01;0.00;192.33;car;;6;118.00
7954.00;23142338#2_0;290.21;10.73;7641.00;1.50;-23527526_0;5.10;0.00;tripinfo_out_gj_to_ns.170;313.00;out_gj_to_ns.170;0;2043.79;1.03;0.00;132.44;car;;4;56.00
7955.00;23142338#2_0;290.21;10.23;7412.00;1.41;23687583_0;5.10;0.00;tripinfo_out_as_to_ns.77;543.00;out_as_to_ns.77;0;1995.73;0.95;0.00;352.11;car;;9;267.00
7957.00;23142338#2_0;290.21;10.88;7706.00;1.46;-23527526_0;5.10;0.00;tripinfo_out_gj_to_ns.171;251.00;out_gj_to_ns.171;0;2043.79;1.06;0.00;76.07;car;;2;28.00
7960.00;23156030#6_0;109.07;9.79;7155.00;0.56;-23156305_0;5.10;0.00;tripinfo_out_gg_to_od.51;805.00;out_gg_to_od.51;0;3288.97;0.98;0.00;501.56;car;;18;181.00
7964.00;230845886_0;633.12;10.61;7707.00;0.84;-23156390_0;5.10;0.00;tripinfo_out_br_to_ba.6;257.00;out_br_to_ba.6;0;1904.35;1.03;0.00;88.54;car;;2;62.00
7970.00;23156030#6_0;109.07;9.05;7155.00;2.54;-23156390_0;5.10;0.00;tripinfo_out_br_to_od.46;815.00;out_br_to_od.46;0;2905.16;0.87;0.00;512.59;car;;15;176.00
7970.00;230845886_0;633.12;11.00;7793.00;0.22;-23527526_0;5.10;0.00;tripinfo_out_gj_to_ba.89;177.00;out_gj_to_ba.89;0;1702.89;1.01;0.00;25.05;car;;1;5.00
7973.00;41899283#1_0;148.70;9.12;7681.00;0.64;-23142338#2_0;5.10;0.00;tripinfo_out_ns_to_as.72;292.00;out_ns_to_as.72;0;2009.37;0.93;0.00;94.79;car;;5;56.00
7973.00;23142338#2_0;290.21;10.71;7709.00;2.80;-23527526_0;5.10;0.00;tripinfo_out_gj_to_ns.172;264.00;out_gj_to_ns.172;0;2043.79;1.04;0.00;85.20;car;;3;44.00
7974.00;23142338#2_0;290.21;11.97;7324.00;0.34;-23156305_0;5.10;0.00;tripinfo_out_gg_to_ns.42;650.00;out_gg_to_ns.42;0;2927.39;1.09;0.00;406.29;car;;9;289.00
7975.00;41899283#1_0;148.70;10.63;7706.00;2.49;-23142338#2_0;5.10;0.00;tripinfo_out_ns_to_as.74;269.00;out_ns_to_as.74;0;2009.37;1.00;0.00;85.80;car;;2;31.00
7976.00;23156030#6_0;109.07;7.69;7181.00;0.06;-23156390_0;5.10;0.00;tripinfo_out_br_to_od.47;795.00;out_br_to_od.47;0;2905.16;0.75;0.00;444.00;car;;16;170.00
7979.00;230845886_0;633.12;9.30;7831.00;5.47;23687583_0;5.10;0.00;tripinfo_out_as_to_ba.97;148.00;out_as_to_ba.97;0;1356.50;0.94;0.00;18.43;car;;1;3.00
7982.00;230845886_0;633.12;9.81;7845.00;0.77;23687583_0;5.10;0.00;tripinfo_out_as_to_ba.98;137.00;out_as_to_ba.98;0;1356.50;0.99;0.00;13.25;car;;0;0.00
7982.00;41899283#1_0;148.70;9.16;7906.00;0.90;-23527526_0;5.10;0.00;tripinfo_out_gj_to_as.98;76.00;out_gj_to_as.98;0;633.70;0.88;0.00;9.32;car;;0;0.00
7984.00;23156030#6_1;109.07;11.16;7138.00;2.99;-23156305_0;5.10;0.00;tripinfo_out_gg_to_od.50;846.00;out_gg_to_od.50;0;3288.97;1.02;0.00;554.70;car;;21;184.00
7984.00;23156030#6_0;109.07;9.92;7223.00;0.32;23687583_0;5.10;0.00;tripinfo_out_as_to_od.50;761.00;out_as_to_od.50;0;2357.31;0.98;0.00;542.58;car;;27;207.00
7984.00;28706217_0;94.10;7.34;7239.00;0.11;-23156390_0;5.10;0.00;tripinfo_out_br_to_sl.11;745.00;out_br_to_sl.11;0;2524.60;0.96;0.00;500.76;car;;22;152.00
7985.00;23156030#6_0;109.07;10.71;7213.00;0.00;-23156390_0;5.10;0.00;tripinfo_out_br_to_od.48;772.00;out_br_to_od.48;0;2905.16;1.05;0.00;521.98;car;;21;177.00
7985.00;23142338#2_0;290.21;8.86;7428.00;2.23;23687583_0;5.10;0.00;tripinfo_out_as_to_ns.78;557.00;out_as_to_ns.78;0;1995.73;0.89;0.00;353.39;car;;9;277.00
7985.00;972103805_0;116.86;10.58;7598.00;0.56;-23156390_0;5.10;0.00;tripinfo_out_br_to_ko.29;387.00;out_br_to_ko.29;0;2703.95;1.02;0.00;145.19;car;;4;96.00
7987.00;23142338#2_0;290.21;12.02;7739.00;1.45;-23527526_0;5.10;0.00;tripinfo_out_gj_to_ns.173;248.00;out_gj_to_ns.173;0;2043.79;1.17;0.00;89.74;car;;3;29.00
7988.00;41899283#1_0;148.70;8.94;7695.00;0.78;-23142338#2_0;5.10;0.00;tripinfo_out_ns_to_as.73;293.00;out_ns_to_as.73;0;2009.37;0.81;0.00;68.37;car;;3;32.00
7990.00;28706217_0;94.10;7.75;7342.00;0.38;-230845886_0;5.10;0.00;tripinfo_out_ba_to_sl.14;648.00;out_ba_to_sl.14;0;1934.94;1.04;0.00;475.24;car;;23;155.00
7991.00;23156030#6_0;109.07;10.68;7225.00;0.65;-28716808#1_0;5.10;0.00;tripinfo_out_kl_to_od.37;766.00;out_kl_to_od.37;0;2657.03;0.96;0.00;516.20;car;;18;181.00
7991.00;41899283#1_0;148.70;9.24;7816.00;0.93;-230845886_0;5.10;0.00;tripinfo_out_ba_to_as.59;175.00;out_ba_to_as.59;0;1430.78;0.85;0.00;22.07;car;;1;3.00
7993.00;28706217_0;94.10;7.60;7341.00;6.26;23687583_0;5.10;0.00;tripinfo_out_as_to_sl.34;652.00;out_as_to_sl.34;0;1976.75;0.95;0.00;460.18;car;;21;138.00
7993.00;45494495_0;58.90;11.39;7426.00;0.44;23687583_0;5.10;0.00;tripinfo_out_as_to_os.23;567.00;out_as_to_os.23;0;1689.77;1.03;0.00;418.41;car;;14;79.00
7993.00;41899283#1_0;148.70;9.67;7636.00;0.12;-23156390_0;5.10;0.00;tripinfo_out_br_to_as.22;357.00;out_br_to_as.22;0;2020.44;0.90;0.00;154.01;car;;5;105.00
7995.00;45494495_0;58.90;10.42;7431.00;2.80;23687583_0;5.10;0.00;tripinfo_out_as_to_os.24;564.00;out_as_to_os.24;0;1689.77;0.99;0.00;409.85;car;;14;80.00
7996.00;230845886_0;633.12;9.52;7756.00;0.47;-23142338#2_0;5.10;0.00;tripinfo_out_ns_to_ba.40;240.00;out_ns_to_ba.40;0;2340.42;0.95;0.00;18.99;car;;0;0.00
8000.00;230845886_0;633.12;11.19;7821.00;3.31;-23527526_0;5.10;0.00;tripinfo_out_gj_to_ba.91;179.00;out_gj_to_ba.91;0;1702.89;1.06;0.00;33.21;car;;1;5.00
8001.00;45494495_0;58.90;10.87;7474.00;0.16;-230845886_0;5.10;0.00;tripinfo_out_ba_to_os.27;527.00;out_ba_to_os.27;0;1647.96;0.99;0.00;377.24;car;;10;67.00
8001.00;41899283#1_0;148.70;11.43;7719.00;0.41;-23142338#2_0;5.10;0.00;tripinfo_out_ns_to_as.75;282.00;out_ns_to_as.75;0;2009.37;1.10;0.00;115.81;car;;5;56.00
8001.00;23142338#2_0;290.21;11.47;7743.00;0.52;-23527526_0;5.10;0.00;tripinfo_out_gj_to_ns.174;258.00;out_gj_to_ns.174;0;2043.79;1.07;0.00;84.79;car;;3;43.00
8004.00;23156030#6_0;109.07;12.79;7225.00;0.14;-23156305_0;5.10;0.00;tripinfo_out_gg_to_od.54;779.00;out_gg_to_od.54;0;3288.97;1.16;0.00;524.11;car;;19;191.00
8007.00;23142338#2_0;290.21;9.83;7464.00;3.71;23687583_0;5.10;0.00;tripinfo_out_as_to_ns.79;543.00;out_as_to_ns.79;0;1995.73;1.00;0.00;361.19;car;;10;282.00
8007.00;41899283#1_0;148.70;9.95;7669.00;1.25;-23156305_0;5.10;0.00;tripinfo_out_gg_to_as.18;338.00;out_gg_to_as.18;0;1699.56;0.90;0.00;165.61;car;;7;89.00
8010.00;23156030#6_0;109.07;11.95;7241.00;0.54;-23527526_0;5.10;0.00;tripinfo_out_gj_to_od.18;769.00;out_gj_to_od.18;0;2703.70;1.08;0.00;542.70;car;;21;164.00
8013.00;23142338#2_0;290.21;9.40;7387.00;0.13;-23156305_0;5.10;0.00;tripinfo_out_gg_to_ns.43;626.00;out_gg_to_ns.43;0;2927.39;0.94;0.00;342.52;car;;10;246.00
8013.00;972103805_0;116.86;12.79;7588.00;1.10;-23156305_0;5.10;0.00;tripinfo_out_gg_to_ko.24;425.00;out_gg_to_ko.24;0;2416.59;1.15;0.00;234.50;car;;7;132.00
8014.00;28706217_0;94.10;7.89;7263.00;0.02;-23156305_0;5.10;0.00;tripinfo_out_gg_to_sl.21;751.00;out_gg_to_sl.21;0;2908.41;0.98;0.00;477.82;car;;22;147.00
8016.00;28706217_0;94.10;9.07;7272.00;0.12;-23156305_0;5.10;0.00;tripinfo_out_gg_to_sl.22;744.00;out_gg_to_sl.22;0;2908.41;1.23;0.00;525.18;car;;23;136.00
8020.00;230845886_0;633.12;8.54;7815.00;0.21;-23527526_0;5.10;0.00;tripinfo_out_gj_to_ba.90;205.00;out_gj_to_ba.90;0;1702.89;0.86;0.00;26.83;car;;1;5.00
8022.00;41899283#1_0;148.70;10.05;7771.00;0.38;-23156390_0;5.10;0.00;tripinfo_out_br_to_as.23;251.00;out_br_to_as.23;0;2020.44;0.96;0.00;60.95;car;;2;25.00
8024.00;28706217_0;94.10;7.59;7778.00;0.98;-23142338#2_0;5.10;0.00;tripinfo_out_ns_to_sl.13;246.00;out_ns_to_sl.13;0;1619.36;0.94;0.00;71.94;car;;3;34.00
8026.00;45494495_0;58.90;8.12;7397.00;4.14;-23156390_0;5.10;0.00;tripinfo_out_br_to_os.14;629.00;out_br_to_os.14;0;2237.62;0.83;0.00;385.91;car;;13;70.00
8027.00;28716808#1_0;754.74;12.04;5284.00;2558.41;-45494495_0;5.10;0.00;tripinfo_in_os_to_kl.5;2743.00;in_os_to_kl.5;0;2042.78;1.12;0.00;2577.60;car;;16;2455.00
8031.00;230845886_0;633.12;8.97;7829.00;0.07;-23527526_0;5.10;0.00;tripinfo_out_gj_to_ba.92;202.00;out_gj_to_ba.92;0;1702.89;0.84;0.00;19.05;car;;0;0.00
8033.00;23156030#6_0;109.07;8.31;7262.00;0.08;-28716808#1_0;5.10;0.00;tripinfo_out_kl_to_od.38;771.00;out_kl_to_od.38;0;2657.03;0.81;0.00;474.09;car;;29;187.00
8033.00;230845886_0;633.12;11.55;7892.00;0.28;23687583_0;5.10;0.00;tripinfo_out_as_to_ba.99;141.00;out_as_to_ba.99;0;1356.50;1.13;0.00;32.31;car;;1;8.00
8034.00;230845886_0;633.12;11.97;7651.00;0.49;-23156305_0;5.10;0.00;tripinfo_out_gg_to_ba.40;383.00;out_gg_to_ba.40;0;2288.16;1.14;0.00;201.15;car;;7;108.00
8034.00;23142338#2_0;290.21;10.01;7763.00;7.08;-23527526_0;5.10;0.00;tripinfo_out_gj_to_ns.175;271.00;out_gj_to_ns.175;0;2043.79;1.02;0.00;89.03;car;;3;48.00
8036.00;23142338#2_0;290.21;12.96;7496.00;0.01;23687583_0;5.10;0.00;tripinfo_out_as_to_ns.80;540.00;out_as_to_ns.80;0;1995.73;1.20;0.00;388.27;car;;11;272.00
8036.00;230845886_0;633.12;11.38;7773.00;0.91;-23142338#2_0;5.10;0.00;tripinfo_out_ns_to_ba.41;263.00;out_ns_to_ba.41;0;2340.42;1.04;0.00;61.47;car;;3;30.00
8038.00;23142338#2_0;290.21;11.52;7400.00;0.54;-23156305_0;5.10;0.00;tripinfo_out_gg_to_ns.44;638.00;out_gg_to_ns.44;0;2927.39;1.04;0.00;382.74;car;;11;267.00
8039.00;41899283#1_0;148.70;11.37;7798.00;4.78;-23142338#2_0;5.10;0.00;tripinfo_out_ns_to_as.76;241.00;out_ns_to_as.76;0;2009.37;1.03;0.00;64.26;car;;2;28.00
8040.00;23142338#2_0;290.21;11.40;7542.00;0.86;23687583_0;5.10;0.00;tripinfo_out_as_to_ns.81;498.00;out_as_to_ns.81;0;1995.73;1.11;0.00;333.80;car;;10;240.00
8041.00;23156030#6_1;109.07;12.55;7320.00;0.26;23687583_0;5.10;0.00;tripinfo_out_as_to_od.52;721.00;out_as_to_od.52;0;2357.31;1.14;0.00;534.29;car;;26;191.00
8041.00;230845886_0;633.12;11.44;7901.00;0.89;23687583_0;5.10;0.00;tripinfo_out_as_to_ba.100;140.00;out_as_to_ba.100;0;1356.50;1.04;0.00;22.23;car;;0;0.00
8042.00;28706217_0;94.10;7.34;7372.00;0.90;-230845886_0;5.10;0.00;tripinfo_out_ba_to_sl.15;670.00;out_ba_to_sl.15;0;1934.94;1.02;0.00;494.38;car;;22;149.00
8043.00;23156030#6_0;109.07;10.04;7298.00;0.61;-230845886_0;5.10;0.00;tripinfo_out_ba_to_od.53;745.00;out_ba_to_od.53;0;2315.50;1.00;0.00;535.40;car;;24;202.00
8043.00;230845886_0;633.12;11.71;7877.00;1.13;-23527526_0;5.10;0.00;tripinfo_out_gj_to_ba.93;166.00;out_gj_to_ba.93;0;1702.89;1.10;0.00;25.72;car;;0;0.00
8047.00;28706217_0;94.10;7.97;7397.00;0.76;-230845886_0;5.10;0.00;tripinfo_out_ba_to_sl.16;650.00;out_ba_to_sl.16;0;1934.94;1.01;0.00;471.02;car;;22;123.00
8049.00;23156030#6_0;109.07;10.49;7266.00;0.11;-28716808#1_0;5.10;0.00;tripinfo_out_kl_to_od.39;783.00;out_kl_to_od.39;0;2657.03;0.95;0.00;530.90;car;;26;200.00
8054.00;28706217_0;94.10;6.60;7240.00;0.56;-23156305_0;5.10;0.00;tripinfo_out_gg_to_sl.20;814.00;out_gg_to_sl.20;0;2908.41;0.95;0.00;530.75;car;;21;141.00
8059.00;41899283#1_0;148.70;9.24;7983.00;2.89;-23527526_0;5.10;0.00;tripinfo_out_gj_to_as.99;76.00;out_gj_to_as.99;0;633.70;0.87;0.00;8.91;car;;0;0.00
8060.00;23142338#2_0;290.21;11.98;7560.00;0.62;23687583_0;5.10;0.00;tripinfo_out_as_to_ns.82;500.00;out_as_to_ns.82;0;1995.73;1.10;0.00;335.02;car;;12;238.00
8061.00;41899283#1_0;148.70;9.94;7986.00;2.85;-23527526_0;5.10;0.00;tripinfo_out_gj_to_as.100;75.00;out_gj_to_as.100;0;633.70;0.98;0.00;14.84;car;;0;0.00
8063.00;23142338#2_0;290.21;11.92;7563.00;2.55;23687583_0;5.10;0.00;tripinfo_out_as_to_ns.83;500.00;out_as_to_ns.83;0;1995.73;1.07;0.00;330.89;car;;12;230.00
8064.00;41899283#1_0;148.70;11.03;8001.00;0.91;-23527526_0;5.10;0.00;tripinfo_out_gj_to_as.101;63.00;out_gj_to_as.101;0;633.70;1.06;0.00;8.39;car;;0;0.00
8069.00;45494495_0;58.90;9.94;7541.00;0.59;-230845886_0;5.10;0.00;tripinfo_out_ba_to_os.28;528.00;out_ba_to_os.28;0;1647.96;0.92;0.00;366.39;car;;14;58.00
8071.00;23156030#6_0;109.07;10.78;7319.00;0.30;-230845886_0;5.10;0.00;tripinfo_out_ba_to_od.55;752.00;out_ba_to_od.55;0;2315.50;1.03;0.00;549.61;car;;26;220.00
8072.00;28706217_0;94.10;7.85;7288.00;0.54;-23156305_0;5.10;0.00;tripinfo_out_gg_to_sl.23;784.00;out_gg_to_sl.23;0;2908.41;1.06;0.00;530.62;car;;21;130.00
8072.00;41899283#1_0;148.70;10.53;7809.00;0.12;-23142338#2_0;5.10;0.00;tripinfo_out_ns_to_as.77;263.00;out_ns_to_as.77;0;2009.37;0.96;0.00;73.34;car;;3;39.00
8073.00;23142338#2_0;290.21;9.29;7604.00;1.56;23687583_0;5.10;0.00;tripinfo_out_as_to_ns.84;469.00;out_as_to_ns.84;0;1995.73;0.92;0.00;272.13;car;;9;187.00
8074.00;23156030#6_0;109.07;10.54;7311.00;0.87;-230845886_0;5.10;0.00;tripinfo_out_ba_to_od.54;763.00;out_ba_to_od.54;0;2315.50;1.01;0.00;555.90;car;;27;217.00
8076.00;28706217_0;94.10;8.35;7405.00;0.01;-230845886_0;5.10;0.00;tripinfo_out_ba_to_sl.17;671.00;out_ba_to_sl.17;0;1934.94;1.03;0.00;495.51;car;;20;120.00
8076.00;230845886_0;633.12;8.98;7884.00;0.04;-23527526_0;5.10;0.00;tripinfo_out_gj_to_ba.94;192.00;out_gj_to_ba.94;0;1702.89;0.88;0.00;16.70;car;;0;0.00
8077.00;23156030#6_0;109.07;10.05;7176.00;0.04;-23156305_0;5.10;0.00;tripinfo_out_gg_to_od.53;901.00;out_gg_to_od.53;0;3288.97;1.00;0.00;603.33;car;;27;215.00
8077.00;972103805_0;116.86;9.49;7936.00;6.17;-23527526_0;5.10;0.00;tripinfo_out_gj_to_ko.35;141.00;out_gj_to_ko.35;0;971.70;0.91;0.00;44.22;car;;2;26.00
8078.00;230845886_0;633.12;10.22;7893.00;0.70;-23527526_0;5.10;0.00;tripinfo_out_gj_to_ba.96;185.00;out_gj_to_ba.96;0;1702.89;0.97;0.00;25.95;car;;0;0.00
8079.00;972103805_0;116.86;10.35;7951.00;0.58;-23527526_0;5.10;0.00;tripinfo_out_gj_to_ko.36;128.00;out_gj_to_ko.36;0;971.70;0.99;0.00;38.59;car;;1;12.00
8080.00;23156030#6_0;109.07;10.48;7163.00;2.04;-23156305_0;5.10;0.00;tripinfo_out_gg_to_od.52;917.00;out_gg_to_od.52;0;3288.97;0.98;0.00;614.61;car;;23;196.00
8080.00;972103805_0;116.86;12.49;7980.00;0.85;-23527526_0;5.10;0.00;tripinfo_out_gj_to_ko.37;100.00;out_gj_to_ko.37;0;971.70;1.14;0.00;22.52;car;;1;5.00
8082.00;41899283#1_0;148.70;9.86;7828.00;0.28;-23156390_0;5.10;0.00;tripinfo_out_br_to_as.24;254.00;out_br_to_as.24;0;2020.44;0.97;0.00;65.88;car;;3;32.00
8083.00;972103805_0;116.86;9.02;7675.00;0.85;-23156305_0;5.10;0.00;tripinfo_out_gg_to_ko.25;408.00;out_gg_to_ko.25;0;2416.59;0.91;0.00;167.73;car;;7;92.00
8086.00;45494495_0;58.90;11.36;7923.00;0.53;803785575#0_0;5.10;0.00;tripinfo_out_od_to_os.41;163.00;out_od_to_os.41;0;969.96;1.03;0.00;77.94;car;;6;35.00
8087.00;28706217_0;94.10;8.16;7850.00;1.37;-23142338#2_0;5.10;0.00;tripinfo_out_ns_to_sl.14;237.00;out_ns_to_sl.14;0;1619.36;1.09;0.00;86.85;car;;3;20.00
8089.00;230845886_0;633.12;9.05;7813.00;0.24;803785575#0_0;5.10;0.00;tripinfo_out_od_to_ba.13;276.00;out_od_to_ba.13;0;2382.14;0.85;0.00;22.11;car;;0;0.00
8095.00;45494495_0;58.90;9.92;7429.00;0.82;-23156305_0;5.10;0.00;tripinfo_out_gg_to_os.20;666.00;out_gg_to_os.20;0;2621.43;0.95;0.00;416.74;car;;14;65.00
8095.00;41899283#1_0;148.70;10.29;7899.00;0.21;-23156390_0;5.10;0.00;tripinfo_out_br_to_as.25;196.00;out_br_to_as.25;0;2020.44;1.04;0.00;20.11;car;;0;0.00
8096.00;230845886_0;633.12;8.17;7887.00;1.08;-23527526_0;5.10;0.00;tripinfo_out_gj_to_ba.95;209.00;out_gj_to_ba.95;0;1702.89;0.81;0.00;17.64;car;;0;0.00
8098.00;230845886_0;633.12;11.55;7919.00;0.60;-23527526_0;5.10;0.00;tripinfo_out_gj_to_ba.97;179.00;out_gj_to_ba.97;0;1702.89;1.11;0.00;39.66;car;;1;8.00
8100.00;23142338#2_0;290.21;10.05;7769.00;5.54;-23527526_0;5.10;0.00;tripinfo_out_gj_to_ns.176;331.00;out_gj_to_ns.176;0;2043.79;0.91;0.00;128.00;car;;5;78.00
8100.00;230845886_0;633.12;11.09;7965.00;3.39;23687583_0;5.10;0.00;tripinfo_out_as_to_ba.101;135.00;out_as_to_ba.101;0;1356.50;1.01;0.00;13.22;car;;0;0.00
8101.00;230845886_0;633.12;11.44;7933.00;3.60;-23527526_0;5.10;0.00;tripinfo_out_gj_to_ba.98;168.00;out_gj_to_ba.98;0;1702.89;1.06;0.00;23.03;car;;0;0.00
8102.00;23142338#2_0;290.21;9.48;7779.00;0.53;-23527526_0;5.10;0.00;tripinfo_out_gj_to_ns.177;323.00;out_gj_to_ns.177;0;2043.79;0.90;0.00;117.94;car;;5;72.00
8105.00;41899283#1_0;148.70;11.85;8044.00;0.99;-23527526_0;5.10;0.00;tripinfo_out_gj_to_as.102;61.00;out_gj_to_as.102;0;633.70;1.10;0.00;8.39;car;;0;0.00
8106.00;23142338#2_0;290.21;8.79;7783.00;0.62;-23527526_0;5.10;0.00;tripinfo_out_gj_to_ns.178;323.00;out_gj_to_ns.178;0;2043.79;0.87;0.00;112.16;car;;5;63.00
8108.00;28706217_0;94.10;7.87;7457.00;1.74;-230845886_0;5.10;0.00;tripinfo_out_ba_to_sl.18;651.00;out_ba_to_sl.18;0;1934.94;1.02;0.00;474.35;car;;17;131.00
8108.00;23142338#2_0;290.21;12.01;7786.00;2.97;-23527526_0;5.10;0.00;tripinfo_out_gj_to_ns.179;322.00;out_gj_to_ns.179;0;2043.79;1.09;0.00;151.88;car;;6;69.00
8110.00;23156030#6_0;109.07;9.47;7316.00;0.64;23687583_0;5.10;0.00;tripinfo_out_as_to_od.51;794.00;out_as_to_od.51;0;2357.31;0.90;0.00;557.41;car;;28;195.00
8110.00;972103805_0;116.86;10.40;7780.00;0.87;-23156390_0;5.10;0.00;tripinfo_out_br_to_ko.30;330.00;out_br_to_ko.30;0;2703.95;0.96;0.00;74.63;car;;2;37.00
8111.00;23156030#6_1;109.07;10.81;7304.00;0.23;-28716808#1_0;5.10;0.00;tripinfo_out_kl_to_od.40;807.00;out_kl_to_od.40;0;2657.03;1.06;0.00;580.67;car;;25;175.00
8112.00;23156030#6_0;109.07;10.10;7282.00;0.06;-23527526_0;5.10;0.00;tripinfo_out_gj_to_od.19;830.00;out_gj_to_od.19;0;2703.70;0.94;0.00;570.04;car;;26;177.00
8117.00;23156030#6_0;109.07;9.00;7338.00;5.82;23687583_0;5.10;0.00;tripinfo_out_as_to_od.53;779.00;out_as_to_od.53;0;2357.31;0.83;0.00;523.80;car;;26;201.00
8117.00;45494495_0;58.90;10.58;7588.00;2.67;23687583_0;5.10;0.00;tripinfo_out_as_to_os.26;529.00;out_as_to_os.26;0;1689.77;1.04;0.00;382.25;car;;15;51.00
8118.00;28706217_0;94.10;8.18;7500.00;0.58;-230845886_0;5.10;0.00;tripinfo_out_ba_to_sl.19;618.00;out_ba_to_sl.19;0;1934.94;1.00;0.00;437.63;car;;14;79.00
8122.00;23156030#6_0;109.07;9.33;7847.00;0.91;-23142338#2_0;5.10;0.00;tripinfo_out_ns_to_od.22;275.00;out_ns_to_od.22;0;2005.01;0.86;0.00;49.75;car;;2;22.00
8124.00;23156030#6_0;109.07;12.22;7275.00;1.94;-23156305_0;5.10;0.00;tripinfo_out_gg_to_od.55;849.00;out_gg_to_od.55;0;3288.97;1.19;0.00;598.16;car;;31;188.00
8124.00;28706217_0;94.10;6.15;7488.00;0.31;23687583_0;5.10;0.00;tripinfo_out_as_to_sl.35;636.00;out_as_to_sl.35;0;1976.75;0.86;0.00;422.48;car;;15;77.00
8125.00;41899283#1_0;148.70;11.88;7986.00;0.27;-230845886_0;5.10;0.00;tripinfo_out_ba_to_as.60;139.00;out_ba_to_as.60;0;1430.78;1.13;0.00;24.73;car;;1;2.00
8126.00;23142338#2_0;290.21;9.76;7789.00;2.89;-23527526_0;5.10;0.00;tripinfo_out_gj_to_ns.180;337.00;out_gj_to_ns.180;0;2043.79;0.99;0.00;150.24;car;;6;88.00
8127.00;23142338#2_0;290.21;11.10;7800.00;0.51;-23527526_0;5.10;0.00;tripinfo_out_gj_to_ns.181;327.00;out_gj_to_ns.181;0;2043.79;1.06;0.00;153.09;car;;6;81.00
8127.00;45494495_0;58.90;9.39;8001.00;0.46;803785575#0_0;5.10;0.00;tripinfo_out_od_to_os.42;126.00;out_od_to_os.42;0;969.96;0.93;0.00;30.81;car;;2;7.00
8129.00;45494495_0;58.90;10.54;7601.00;1.16;23687583_0;5.10;0.00;tripinfo_out_as_to_os.27;528.00;out_as_to_os.27;0;1689.77;0.96;0.00;369.83;car;;9;20.00
8129.00;23142338#2_0;290.21;11.53;7806.00;1.88;-23527526_0;5.10;0.00;tripinfo_out_gj_to_ns.182;323.00;out_gj_to_ns.182;0;2043.79;1.04;0.00;145.51;car;;6;81.00
8132.00;23142338#2_0;290.21;10.32;7607.00;2.16;23687583_0;5.10;0.00;tripinfo_out_as_to_ns.85;525.00;out_as_to_ns.85;0;1995.73;0.98;0.00;340.04;car;;10;241.00
8134.00;23156030#6_0;109.07;10.34;7413.00;0.79;-230845886_0;5.10;0.00;tripinfo_out_ba_to_od.56;721.00;out_ba_to_od.56;0;2315.50;1.01;0.00;513.80;car;;23;151.00
8135.00;230845886_0;633.12;8.85;7848.00;0.30;803785575#0_0;5.10;0.00;tripinfo_out_od_to_ba.14;287.00;out_od_to_ba.14;0;2382.14;0.81;0.00;22.19;car;;0;0.00
8135.00;972103805_0;116.86;10.01;8012.00;0.58;-23527526_0;5.10;0.00;tripinfo_out_gj_to_ko.38;123.00;out_gj_to_ko.38;0;971.70;0.95;0.00;30.38;car;;1;18.00
8137.00;28706217_0;94.10;7.87;7415.00;0.71;-23156305_0;5.10;0.00;tripinfo_out_gg_to_sl.25;722.00;out_gg_to_sl.25;0;2908.41;1.00;0.00;454.40;car;;14;84.00
8137.00;230845886_0;633.12;11.73;7958.00;0.94;-23527526_0;5.10;0.00;tripinfo_out_gj_to_ba.99;179.00;out_gj_to_ba.99;0;1702.89;1.15;0.00;44.90;car;;1;2.00
8139.00;230845886_0;633.12;12.03;7891.00;1.74;-23142338#2_0;5.10;0.00;tripinfo_out_ns_to_ba.42;248.00;out_ns_to_ba.42;0;2340.42;1.09;0.00;54.72;car;;2;18.00
8139.00;41899283#1_0;148.70;10.84;7910.00;0.99;803785575#0_0;5.10;0.00;tripinfo_out_od_to_as.40;229.00;out_od_to_as.40;0;2382.09;1.05;0.00;23.77;car;;1;2.00
8140.00;23156030#6_0;109.07;10.06;7317.00;0.67;-23156305_0;5.10;0.00;tripinfo_out_gg_to_od.56;823.00;out_gg_to_od.56;0;3288.97;0.95;0.00;511.00;car;;24;140.00
8140.00;972103805_0;116.86;8.67;7718.00;0.88;-23156305_0;5.10;0.00;tripinfo_out_gg_to_ko.26;422.00;out_gg_to_ko.26;0;2416.59;0.87;0.00;169.81;car;;8;96.00
8141.00;230845886_0;633.12;10.47;7964.00;0.18;-23527526_0;5.10;0.00;tripinfo_out_gj_to_ba.100;177.00;out_gj_to_ba.100;0;1702.89;0.99;0.00;20.75;car;;0;0.00
8142.00;28706217_0;94.10;7.00;7359.00;0.46;-23156305_0;5.10;0.00;tripinfo_out_gg_to_sl.24;783.00;out_gg_to_sl.24;0;2908.41;0.87;0.00;474.98;car;;21;98.00
8142.00;230845886_0;633.12;10.60;7968.00;0.68;-23527526_0;5.10;0.00;tripinfo_out_gj_to_ba.101;174.00;out_gj_to_ba.101;0;1702.89;1.06;0.00;28.63;car;;0;0.00
8143.00;972103805_0;116.86;8.62;7783.00;2.15;-23156390_0;5.10;0.00;tripinfo_out_br_to_ko.31;360.00;out_br_to_ko.31;0;2703.95;0.84;0.00;67.91;car;;3;25.00
8144.00;230845886_0;633.12;10.28;8004.00;4.50;23687583_0;5.10;0.00;tripinfo_out_as_to_ba.102;140.00;out_as_to_ba.102;0;1356.50;1.02;0.00;20.61;car;;0;0.00
8145.00;972103805_0;116.86;9.40;7725.00;0.05;-23156305_0;5.10;0.00;tripinfo_out_gg_to_ko.27;420.00;out_gg_to_ko.27;0;2416.59;0.92;0.00;181.28;car;;7;99.00
8146.00;28706217_0;94.10;8.46;7485.00;0.18;-28716808#1_0;5.10;0.00;tripinfo_out_kl_to_sl.13;661.00;out_kl_to_sl.13;0;2276.47;1.12;0.00;472.43;car;;18;95.00
8146.00;41899283#1_0;148.70;10.63;8000.00;0.26;-230845886_0;5.10;0.00;tripinfo_out_ba_to_as.61;146.00;out_ba_to_as.61;0;1430.78;0.98;0.00;13.23;car;;0;0.00
8149.00;41899283#1_0;148.70;10.59;8003.00;0.05;-230845886_0;5.10;0.00;tripinfo_out_ba_to_as.62;146.00;out_ba_to_as.62;0;1430.78;0.98;0.00;13.26;car;;0;0.00
8153.00;45494495_0;58.90;10.70;8026.00;3.73;803785575#0_0;5.10;0.00;tripinfo_out_od_to_os.43;127.00;out_od_to_os.43;0;969.96;1.05;0.00;43.39;car;;5;13.00
8154.00;23142338#2_0;290.21;9.16;7633.00;2.68;-23156390_0;5.10;0.00;tripinfo_out_br_to_ns.9;521.00;out_br_to_ns.9;0;2936.02;0.92;0.00;231.92;car;;5;85.00
8154.00;230845886_0;633.12;10.13;7899.00;0.68;-23142338#2_0;5.10;0.00;tripinfo_out_ns_to_ba.43;255.00;out_ns_to_ba.43;0;2340.42;0.94;0.00;32.54;car;;2;8.00
8156.00;45494495_0;58.90;9.25;7550.00;1.02;23687583_0;5.10;0.00;tripinfo_out_as_to_os.25;606.00;out_as_to_os.25;0;1689.77;0.89;0.00;433.95;car;;20;60.00
8156.00;230845886_0;633.12;10.20;8015.00;0.52;23687583_0;5.10;0.00;tripinfo_out_as_to_ba.103;141.00;out_as_to_ba.103;0;1356.50;1.03;0.00;22.53;car;;1;2.00
8160.00;23156030#6_0;109.07;11.30;7339.00;1.36;-23156305_0;5.10;0.00;tripinfo_out_gg_to_od.57;821.00;out_gg_to_od.57;0;3288.97;1.05;0.00;537.82;car;;18;153.00
8160.00;28706217_0;94.10;9.23;7432.00;0.78;-23156305_0;5.10;0.00;tripinfo_out_gg_to_sl.26;728.00;out_gg_to_sl.26;0;2908.41;1.17;0.00;499.33;car;;19;101.00
8161.00;23142338#2_0;290.21;9.07;7836.00;0.31;-23527526_0;5.10;0.00;tripinfo_out_gj_to_ns.183;325.00;out_gj_to_ns.183;0;2043.79;0.90;0.00;118.50;car;;5;74.00
8161.00;230845886_0;633.12;9.88;8019.00;0.89;23687583_0;5.10;0.00;tripinfo_out_as_to_ba.104;142.00;out_as_to_ba.104;0;1356.50;0.94;0.00;12.11;car;;0;0.00
8162.00;972103805_0;116.86;12.26;8053.00;7.30;-23527526_0;5.10;0.00;tripinfo_out_gj_to_ko.39;109.00;out_gj_to_ko.39;0;971.70;1.19;0.00;34.83;car;;1;16.00
8163.00;23142338#2_0;290.21;9.25;7856.00;0.93;-23527526_0;5.10;0.00;tripinfo_out_gj_to_ns.184;307.00;out_gj_to_ns.184;0;2043.79;0.92;0.00;105.52;car;;4;58.00
8164.00;23156030#6_0;109.07;11.93;7310.00;0.22;-28716808#1_0;5.10;0.00;tripinfo_out_kl_to_od.41;854.00;out_kl_to_od.41;0;2657.03;1.08;0.00;631.40;car;;23;200.00
8165.00;23142338#2_0;290.21;9.60;7859.00;1.22;-23527526_0;5.10;0.00;tripinfo_out_gj_to_ns.185;306.00;out_gj_to_ns.185;0;2043.79;0.97;0.00;116.29;car;;4;60.00
8165.00;230845886_0;633.12;11.89;8028.00;0.45;23687583_0;5.10;0.00;tripinfo_out_as_to_ba.105;137.00;out_as_to_ba.105;0;1356.50;1.09;0.00;24.71;car;;0;0.00
8166.00;972103805_0;116.86;11.20;8059.00;9.81;-23527526_0;5.10;0.00;tripinfo_out_gj_to_ko.40;107.00;out_gj_to_ko.40;0;971.70;1.05;0.00;23.05;car;;1;6.00
8167.00;28706217_0;94.10;6.84;7579.00;0.09;23687583_0;5.10;0.00;tripinfo_out_as_to_sl.36;588.00;out_as_to_sl.36;0;1976.75;0.96;0.00;397.26;car;;14;53.00
8168.00;41899283#1_0;148.70;11.24;8017.00;0.34;-230845886_0;5.10;0.00;tripinfo_out_ba_to_as.63;151.00;out_ba_to_as.63;0;1430.78;1.07;0.00;29.29;car;;2;10.00
8169.00;23156030#6_0;109.07;10.37;7343.00;0.84;-23156305_0;5.10;0.00;tripinfo_out_gg_to_od.58;826.00;out_gg_to_od.58;0;3288.97;0.95;0.00;513.31;car;;16;142.00
8170.00;23142338#2_0;290.21;9.14;7862.00;0.39;-23527526_0;5.10;0.00;tripinfo_out_gj_to_ns.186;308.00;out_gj_to_ns.186;0;2043.79;0.86;0.00;92.93;car;;4;53.00
8171.00;972103805_0;116.86;10.01;7796.00;0.65;-23156390_0;5.10;0.00;tripinfo_out_br_to_ko.32;375.00;out_br_to_ko.32;0;2703.95;0.96;0.00;117.91;car;;6;57.00
8178.00;45494495_0;58.90;10.16;8041.00;0.78;803785575#0_0;5.10;0.00;tripinfo_out_od_to_os.44;137.00;out_od_to_os.44;0;969.96;0.91;0.00;40.57;car;;1;8.00
8182.00;23142338#2_0;290.21;11.45;7865.00;2.19;-23527526_0;5.10;0.00;tripinfo_out_gj_to_ns.187;317.00;out_gj_to_ns.187;0;2043.79;1.05;0.00;141.92;car;;5;67.00
8185.00;230845886_0;633.12;10.28;7767.00;0.82;-23156305_0;5.10;0.00;tripinfo_out_gg_to_ba.41;418.00;out_gg_to_ba.41;0;2288.16;1.02;0.00;215.48;car;;8;126.00
8186.00;23142338#2_0;290.21;10.77;7868.00;0.39;-23527526_0;5.10;0.00;tripinfo_out_gj_to_ns.188;318.00;out_gj_to_ns.188;0;2043.79;1.03;0.00;137.58;car;;5;69.00
8186.00;41899283#1_0;148.70;10.17;8118.00;2.23;-23527526_0;5.10;0.00;tripinfo_out_gj_to_as.103;68.00;out_gj_to_as.103;0;633.70;0.97;0.00;7.75;car;;0;0.00
8188.00;23142338#2_0;290.21;11.34;7874.00;0.54;-23527526_0;5.10;0.00;tripinfo_out_gj_to_ns.189;314.00;out_gj_to_ns.189;0;2043.79;1.03;0.00;133.71;car;;5;66.00
8189.00;230845886_0;633.12;10.83;7779.00;2.02;-23156305_0;5.10;0.00;tripinfo_out_gg_to_ba.42;410.00;out_gg_to_ba.42;0;2288.16;1.03;0.00;209.79;car;;7;112.00
8190.00;23156030#6_0;109.07;12.22;7467.00;3.11;23687583_0;5.10;0.00;tripinfo_out_as_to_od.54;723.00;out_as_to_od.54;0;2357.31;1.11;0.00;531.73;car;;18;158.00
8190.00;23142338#2_0;290.21;11.54;7611.00;4.83;23687583_0;5.10;0.00;tripinfo_out_as_to_ns.86;579.00;out_as_to_ns.86;0;1995.73;1.06;0.00;406.98;car;;12;291.00
8195.00;41899283#1_0;148.70;8.17;7825.00;1.93;-23156305_0;5.10;0.00;tripinfo_out_gg_to_as.19;370.00;out_gg_to_as.19;0;1699.56;0.77;0.00;168.54;car;;5;103.00
8196.00;23156030#6_0;109.07;10.68;7454.00;0.85;-230845886_0;5.10;0.00;tripinfo_out_ba_to_od.58;742.00;out_ba_to_od.58;0;2315.50;1.03;0.00;539.02;car;;22;140.00
8196.00;972103805_0;116.86;9.00;7970.00;0.00;-28716808#1_0;5.10;0.00;tripinfo_out_kl_to_ko.36;226.00;out_kl_to_ko.36;0;1927.03;0.87;0.00;24.75;car;;1;4.00
8197.00;230845886_0;633.12;9.99;8025.00;0.95;-23527526_0;5.10;0.00;tripinfo_out_gj_to_ba.102;172.00;out_gj_to_ba.102;0;1702.89;0.98;0.00;13.66;car;;0;0.00
8198.00;23156030#6_1;109.07;11.25;7966.00;0.12;-23142338#2_0;5.10;0.00;tripinfo_out_ns_to_od.23;232.00;out_ns_to_od.23;0;2005.01;1.08;0.00;53.50;car;;2;22.00
8198.00;972103805_0;116.86;11.11;8017.00;0.58;-28716808#1_0;5.10;0.00;tripinfo_out_kl_to_ko.37;181.00;out_kl_to_ko.37;0;1927.03;1.11;0.00;23.96;car;;0;0.00
8198.00;41899283#1_0;148.70;9.61;8125.00;0.57;-23527526_0;5.10;0.00;tripinfo_out_gj_to_as.104;73.00;out_gj_to_as.104;0;633.70;0.92;0.00;8.86;car;;0;0.00
8199.00;23142338#2_0;290.21;11.49;7851.00;2.67;-230845886_0;5.10;0.00;tripinfo_out_ba_to_ns.9;348.00;out_ba_to_ns.9;0;2346.36;1.07;0.00;148.72;car;;1;16.00
8200.00;41899283#1_0;148.70;10.76;8131.00;0.35;-23527526_0;5.10;0.00;tripinfo_out_gj_to_as.105;69.00;out_gj_to_as.105;0;633.70;1.03;0.00;11.70;car;;0;0.00
8203.00;23156030#6_0;109.07;8.38;7437.00;0.97;-230845886_0;5.10;0.00;tripinfo_out_ba_to_od.57;766.00;out_ba_to_od.57;0;2315.50;0.85;0.00;519.25;car;;20;174.00
8206.00;28706217_0;94.10;7.49;7616.00;0.79;23687583_0;5.10;0.00;tripinfo_out_as_to_sl.37;590.00;out_as_to_sl.37;0;1976.75;1.04;0.00;414.48;car;;12;52.00
8206.00;41899283#1_0;148.70;11.93;7935.00;0.91;-23142338#2_0;5.10;0.00;tripinfo_out_ns_to_as.79;271.00;out_ns_to_as.79;0;2009.37;1.08;0.00;101.59;car;;4;33.00
8207.00;230845886_0;633.12;10.58;7914.00;3.11;-23142338#2_0;5.10;0.00;tripinfo_out_ns_to_ba.44;293.00;out_ns_to_ba.44;0;2340.42;0.97;0.00;75.90;car;;3;29.00
8209.00;23142338#2_0;290.21;11.72;7881.00;0.80;-23527526_0;5.10;0.00;tripinfo_out_gj_to_ns.190;328.00;out_gj_to_ns.190;0;2043.79;1.15;0.00;166.01;car;;6;86.00
8212.00;23142338#2_0;290.21;11.04;7635.00;3.59;23687583_0;5.10;0.00;tripinfo_out_as_to_ns.87;577.00;out_as_to_ns.87;0;1995.73;1.09;0.00;411.44;car;;12;309.00
8214.00;41899283#1_0;148.70;8.13;7911.00;0.11;-23142338#2_0;5.10;0.00;tripinfo_out_ns_to_as.78;303.00;out_ns_to_as.78;0;2009.37;0.80;0.00;74.33;car;;4;38.00
8217.00;23142338#2_0;290.21;11.27;7640.00;0.38;23687583_0;5.10;0.00;tripinfo_out_as_to_ns.88;577.00;out_as_to_ns.88;0;1995.73;1.03;0.00;399.58;car;;13;290.00
8217.00;45494495_0;58.90;10.24;7718.00;0.25;23687583_0;5.10;0.00;tripinfo_out_as_to_os.28;499.00;out_as_to_os.28;0;1689.77;0.99;0.00;345.13;car;;11;53.00
8217.00;230845886_0;633.12;9.45;8072.00;1.33;23687583_0;5.10;0.00;tripinfo_out_as_to_ba.106;145.00;out_as_to_ba.106;0;1356.50;0.94;0.00;14.69;car;;0;0.00
8217.00;41899283#1_0;148.70;9.13;8144.00;0.73;-23527526_0;5.10;0.00;tripinfo_out_gj_to_as.106;73.00;out_gj_to_as.106;0;633.70;0.91;0.00;8.79;car;;0;0.00
8220.00;45494495_0;58.90;10.54;7727.00;0.18;23687583_0;5.10;0.00;tripinfo_out_as_to_os.29;493.00;out_as_to_os.29;0;1689.77;1.04;0.00;346.46;car;;11;60.00
8220.00;230845886_0;633.12;9.96;8075.00;4.11;23687583_0;5.10;0.00;tripinfo_out_as_to_ba.107;145.00;out_as_to_ba.107;0;1356.50;0.93;0.00;12.92;car;;0;0.00
8221.00;41899283#1_0;148.70;10.81;8154.00;0.90;-23527526_0;5.10;0.00;tripinfo_out_gj_to_as.107;67.00;out_gj_to_as.107;0;633.70;1.00;0.00;7.98;car;;0;0.00
8222.00;230845886_0;633.12;10.70;8087.00;0.63;23687583_0;5.10;0.00;tripinfo_out_as_to_ba.108;135.00;out_as_to_ba.108;0;1356.50;1.00;0.00;12.05;car;;0;0.00
8224.00;23156030#6_0;109.07;9.75;7477.00;1.64;23687583_0;5.10;0.00;tripinfo_out_as_to_od.55;747.00;out_as_to_od.55;0;2357.31;0.98;0.00;529.54;car;;20;137.00
8224.00;230845886_0;633.12;11.68;8050.00;4.56;-23527526_0;5.10;0.00;tripinfo_out_gj_to_ba.104;174.00;out_gj_to_ba.104;0;1702.89;1.11;0.00;34.67;car;;0;0.00
8225.00;23156030#6_0;109.07;10.21;7426.00;0.48;-23156390_0;5.10;0.00;tripinfo_out_br_to_od.51;799.00;out_br_to_od.51;0;2905.16;1.00;0.00;535.46;car;;18;143.00
8226.00;972103805_0;116.86;10.34;7919.00;0.76;-23156390_0;5.10;0.00;tripinfo_out_br_to_ko.33;307.00;out_br_to_ko.33;0;2703.95;1.00;0.00;62.46;car;;1;36.00
8230.00;23142338#2_0;290.21;9.29;7898.00;0.20;-23527526_0;5.10;0.00;tripinfo_out_gj_to_ns.191;332.00;out_gj_to_ns.191;0;2043.79;0.86;0.00;116.70;car;;5;65.00
8233.00;28706217_0;94.10;5.18;7548.00;0.68;-23527526_0;5.10;0.00;tripinfo_out_gj_to_sl.16;685.00;out_gj_to_sl.16;0;2323.14;0.75;0.00;397.40;car;;10;67.00
8234.00;41899283#1_0;148.70;9.86;8161.00;0.26;-23527526_0;5.10;0.00;tripinfo_out_gj_to_as.108;73.00;out_gj_to_as.108;0;633.70;0.91;0.00;8.40;car;;0;0.00
8235.00;28706217_0;94.10;6.97;7632.00;2.25;23687583_0;5.10;0.00;tripinfo_out_as_to_sl.39;603.00;out_as_to_sl.39;0;1976.75;0.99;0.00;418.34;car;;12;64.00
8235.00;230845886_0;633.12;9.13;8047.00;2.52;-23527526_0;5.10;0.00;tripinfo_out_gj_to_ba.103;188.00;out_gj_to_ba.103;0;1702.89;0.90;0.00;15.71;car;;0;0.00
8237.00;28706217_0;94.10;7.72;7540.00;0.59;-23156390_0;5.10;0.00;tripinfo_out_br_to_sl.12;697.00;out_br_to_sl.12;0;2524.60;1.05;0.00;474.87;car;;15;108.00
8237.00;230845886_0;633.12;9.17;7983.00;0.86;803785575#0_0;5.10;0.00;tripinfo_out_od_to_ba.15;254.00;out_od_to_ba.15;0;2382.14;0.94;0.00;23.77;car;;0;0.00
8239.00;23156030#6_0;109.07;9.27;7394.00;1.91;-23156390_0;5.10;0.00;tripinfo_out_br_to_od.49;845.00;out_br_to_od.49;0;2905.16;0.84;0.00;531.54;car;;21;146.00
8239.00;230845886_0;633.12;9.34;7977.00;0.25;-23142338#2_0;5.10;0.00;tripinfo_out_ns_to_ba.45;262.00;out_ns_to_ba.45;0;2340.42;0.95;0.00;39.56;car;;1;13.00
8240.00;23142338#2_0;290.21;11.38;7911.00;0.28;-23527526_0;5.10;0.00;tripinfo_out_gj_to_ns.192;329.00;out_gj_to_ns.192;0;2043.79;1.10;0.00;161.14;car;;6;80.00
8240.00;41899283#1_0;148.70;10.80;8172.00;0.82;-23527526_0;5.10;0.00;tripinfo_out_gj_to_as.109;68.00;out_gj_to_as.109;0;633.70;0.99;0.00;9.00;car;;0;0.00
8241.00;230845886_0;633.12;11.63;8056.00;8.58;-23527526_0;5.10;0.00;tripinfo_out_gj_to_ba.105;185.00;out_gj_to_ba.105;0;1702.89;1.11;0.00;46.36;car;;1;4.00
8245.00;41899283#1_0;148.70;9.28;7939.00;0.71;-23142338#2_0;5.10;0.00;tripinfo_out_ns_to_as.80;306.00;out_ns_to_as.80;0;2009.37;0.91;0.00;106.04;car;;4;50.00
8248.00;41899283#1_0;148.70;11.15;8007.00;0.54;-23142338#2_0;5.10;0.00;tripinfo_out_ns_to_as.81;241.00;out_ns_to_as.81;0;2009.37;1.08;0.00;71.69;car;;2;37.00
8249.00;230845886_0;633.12;10.62;7828.00;4.29;-23156305_0;5.10;0.00;tripinfo_out_gg_to_ba.43;421.00;out_gg_to_ba.43;0;2288.16;0.98;0.00;209.05;car;;6;108.00
8249.00;23142338#2_0;290.21;10.59;7930.00;1.32;-23527526_0;5.10;0.00;tripinfo_out_gj_to_ns.193;319.00;out_gj_to_ns.193;0;2043.79;0.96;0.00;127.26;car;;5;68.00
8251.00;23142338#2_0;290.21;10.69;7944.00;0.72;-23527526_0;5.10;0.00;tripinfo_out_gj_to_ns.194;307.00;out_gj_to_ns.194;0;2043.79;1.00;0.00;123.13;car;;5;63.00
8253.00;972103805_0;116.86;12.49;7834.00;9.90;-23156305_0;5.10;0.00;tripinfo_out_gg_to_ko.28;419.00;out_gg_to_ko.28;0;2416.59;1.13;0.00;225.60;car;;5;100.00
8255.00;41899283#1_0;148.70;9.67;8183.00;0.77;-23527526_0;5.10;0.00;tripinfo_out_gj_to_as.110;72.00;out_gj_to_as.110;0;633.70;0.93;0.00;8.37;car;;0;0.00
8256.00;41899283#1_0;148.70;12.11;8186.00;0.30;-23527526_0;5.10;0.00;tripinfo_out_gj_to_as.111;70.00;out_gj_to_as.111;0;633.70;1.12;0.00;18.50;car;;0;0.00
8257.00;23156030#6_0;109.07;10.28;7400.00;4.26;-23156390_0;5.10;0.00;tripinfo_out_br_to_od.50;857.00;out_br_to_od.50;0;2905.16;0.94;0.00;577.21;car;;24;171.00
8258.00;23156030#6_1;109.07;10.10;7503.00;0.46;-230845886_0;5.10;0.00;tripinfo_out_ba_to_od.59;755.00;out_ba_to_od.59;0;2315.50;0.96;0.00;536.88;car;;21;138.00
8261.00;41899283#1_0;148.70;9.51;8060.00;0.46;-230845886_0;5.10;0.00;tripinfo_out_ba_to_as.65;201.00;out_ba_to_as.65;0;1430.78;0.93;0.00;61.16;car;;5;29.00
8263.00;45494495_0;58.90;8.96;7651.00;0.31;-230845886_0;5.10;0.00;tripinfo_out_ba_to_os.29;612.00;out_ba_to_os.29;0;1647.96;0.84;0.00;434.86;car;;10;78.00
8263.00;41899283#1_0;148.70;10.09;8057.00;0.17;-230845886_0;5.10;0.00;tripinfo_out_ba_to_as.64;206.00;out_ba_to_as.64;0;1430.78;0.96;0.00;70.64;car;;4;34.00
8264.00;230845886_0;633.12;10.38;8032.00;0.06;803785575#0_0;5.10;0.00;tripinfo_out_od_to_ba.16;232.00;out_od_to_ba.16;0;2382.14;1.01;0.00;17.94;car;;0;0.00
8267.00;23156030#6_0;109.07;10.92;7992.00;0.62;-23142338#2_0;5.10;0.00;tripinfo_out_ns_to_od.24;275.00;out_ns_to_od.24;0;2005.01;1.00;0.00;81.94;car;;5;48.00
8267.00;41899283#1_0;148.70;8.11;8099.00;0.00;-28716808#1_0;5.10;0.00;tripinfo_out_kl_to_as.27;168.00;out_kl_to_as.27;0;1233.18;0.84;0.00;34.82;car;;2;13.00
8269.00;41899283#1_0;148.70;11.20;8014.00;0.63;-23142338#2_0;5.10;0.00;tripinfo_out_ns_to_as.82;255.00;out_ns_to_as.82;0;2009.37;1.03;0.00;75.86;car;;4;30.00
8270.00;23142338#2_0;290.21;11.84;7644.00;4.09;23687583_0;5.10;0.00;tripinfo_out_as_to_ns.89;626.00;out_as_to_ns.89;0;1995.73;1.10;0.00;459.82;car;;15;329.00
8270.00;41899283#1_0;148.70;11.15;8063.00;1.21;-23142338#2_0;5.10;0.00;tripinfo_out_ns_to_as.83;207.00;out_ns_to_as.83;0;2009.37;1.09;0.00;39.98;car;;1;1.00
8272.00;41899283#1_0;148.70;10.77;8023.00;0.76;803785575#0_0;5.10;0.00;tripinfo_out_od_to_as.41;249.00;out_od_to_as.41;0;2382.09;1.01;0.00;36.13;car;;1;1.00
8275.00;23156030#6_0;109.07;7.63;7525.00;0.75;-230845886_0;5.10;0.00;tripinfo_out_ba_to_od.61;750.00;out_ba_to_od.61;0;2315.50;0.78;0.00;482.97;car;;18;126.00
8279.00;23142338#2_0;290.21;9.51;7947.00;3.63;-23527526_0;5.10;0.00;tripinfo_out_gj_to_ns.195;332.00;out_gj_to_ns.195;0;2043.79;0.96;0.00;139.58;car;;6;83.00
8279.00;41899283#1_0;148.70;9.48;8129.00;0.95;-230845886_0;5.10;0.00;tripinfo_out_ba_to_as.66;150.00;out_ba_to_as.66;0;1430.78;0.96;0.00;15.44;car;;0;0.00
8280.00;28706217_0;94.10;8.10;8200.00;0.33;803785575#0_0;5.10;0.00;tripinfo_out_od_to_sl.15;80.00;out_od_to_sl.15;0;747.33;1.00;0.00;7.64;car;;0;0.00
8281.00;23142338#2_0;290.21;11.26;7997.00;0.85;-23527526_0;5.10;0.00;tripinfo_out_gj_to_ns.196;284.00;out_gj_to_ns.196;0;2043.79;1.03;0.00;103.53;car;;5;51.00
8281.00;41899283#1_0;148.70;10.10;8138.00;0.25;-28716808#1_0;5.10;0.00;tripinfo_out_kl_to_as.28;143.00;out_kl_to_as.28;0;1233.18;1.01;0.00;31.66;car;;1;18.00
8282.00;230845886_0;633.12;9.73;8133.00;0.15;23687583_0;5.10;0.00;tripinfo_out_as_to_ba.109;149.00;out_as_to_ba.109;0;1356.50;0.90;0.00;12.63;car;;0;0.00
8283.00;41899283#1_0;148.70;11.55;8086.00;0.29;-23142338#2_0;5.10;0.00;tripinfo_out_ns_to_as.84;197.00;out_ns_to_as.84;0;2009.37;1.13;0.00;34.82;car;;1;8.00
8284.00;23156030#6_0;109.07;10.14;7394.00;2.94;-23156305_0;5.10;0.00;tripinfo_out_gg_to_od.59;890.00;out_gg_to_od.59;0;3288.97;0.99;0.00;588.62;car;;21;166.00
8284.00;230845886_0;633.12;10.31;8146.00;0.08;23687583_0;5.10;0.00;tripinfo_out_as_to_ba.110;138.00;out_as_to_ba.110;0;1356.50;1.02;0.00;17.57;car;;0;0.00
8287.00;23156030#6_0;109.07;11.14;7530.00;0.32;-28716808#1_0;5.10;0.00;tripinfo_out_kl_to_od.43;757.00;out_kl_to_od.43;0;2657.03;1.03;0.00;524.14;car;;17;129.00
8289.00;23156030#6_0;109.07;10.86;7555.00;2.18;23687583_0;5.10;0.00;tripinfo_out_as_to_od.56;734.00;out_as_to_od.56;0;2357.31;1.02;0.00;524.52;car;;17;123.00
8289.00;28706217_0;94.10;7.55;7713.00;0.93;-230845886_0;5.10;0.00;tripinfo_out_ba_to_sl.20;576.00;out_ba_to_sl.20;0;1934.94;1.01;0.00;397.19;car;;15;106.00
8292.00;45494495_0;58.90;9.97;7673.00;0.93;-23527526_0;5.10;0.00;tripinfo_out_gj_to_os.18;619.00;out_gj_to_os.18;0;2036.16;0.96;0.00;426.36;car;;14;97.00
8294.00;23156030#6_0;109.07;9.53;7506.00;3.25;-230845886_0;5.10;0.00;tripinfo_out_ba_to_od.60;788.00;out_ba_to_od.60;0;2315.50;0.88;0.00;549.37;car;;27;164.00
8298.00;41899283#1_0;148.70;10.72;8051.00;0.36;803785575#0_0;5.10;0.00;tripinfo_out_od_to_as.42;247.00;out_od_to_as.42;0;2382.09;0.98;0.00;26.31;car;;1;6.00
8300.00;41899283#1_0;148.70;10.56;8065.00;0.93;803785575#0_0;5.10;0.00;tripinfo_out_od_to_as.43;235.00;out_od_to_as.43;0;2382.09;1.00;0.00;20.73;car;;0;0.00
8301.00;45494495_0;58.90;10.53;8153.00;0.92;803785575#0_0;5.10;0.00;tripinfo_out_od_to_os.45;148.00;out_od_to_os.45;0;969.96;0.99;0.00;59.46;car;;4;36.00
8303.00;45494495_0;58.90;10.71;7790.00;0.60;-23142338#2_0;5.10;0.00;tripinfo_out_ns_to_os.6;513.00;out_ns_to_os.6;0;1865.82;0.99;0.00;343.03;car;;9;74.00
8305.00;45494495_0;58.90;12.57;7586.00;3.14;-23156390_0;5.10;0.00;tripinfo_out_br_to_os.15;719.00;out_br_to_os.15;0;2237.62;1.18;0.00;547.52;car;;11;167.00
8306.00;23142338#2_0;290.21;10.81;7675.00;0.76;23687583_0;5.10;0.00;tripinfo_out_as_to_ns.90;631.00;out_as_to_ns.90;0;1995.73;0.98;0.00;445.70;car;;15;323.00
8308.00;23142338#2_0;290.21;12.42;7464.00;0.30;-23156305_0;5.10;0.00;tripinfo_out_gg_to_ns.45;844.00;out_gg_to_ns.45;0;2927.39;1.13;0.00;608.28;car;;18;425.00
8308.00;45494495_0;58.90;10.65;7814.00;0.66;-23142338#2_0;5.10;0.00;tripinfo_out_ns_to_os.7;494.00;out_ns_to_os.7;0;1865.82;0.97;0.00;320.38;car;;9;73.00
8309.00;41899283#1_0;148.70;9.78;7986.00;0.59;-23156390_0;5.10;0.00;tripinfo_out_br_to_as.26;323.00;out_br_to_as.26;0;2020.44;0.92;0.00;123.93;car;;3;97.00
8310.00;23142338#2_0;290.21;11.09;7469.00;0.79;-23156305_0;5.10;0.00;tripinfo_out_gg_to_ns.46;841.00;out_gg_to_ns.46;0;2927.39;1.03;0.00;582.15;car;;18;410.00
8313.00;23142338#2_0;290.21;10.55;8021.00;0.28;-23527526_0;5.10;0.00;tripinfo_out_gj_to_ns.197;292.00;out_gj_to_ns.197;0;2043.79;0.97;0.00;101.45;car;;4;54.00
8314.00;45494495_0;58.90;8.77;8196.00;0.13;803785575#0_0;5.10;0.00;tripinfo_out_od_to_os.46;118.00;out_od_to_os.46;0;969.96;0.91;0.00;21.05;car;;1;3.00
8315.00;230845886_0;633.12;9.15;7850.00;0.15;-23156305_0;5.10;0.00;tripinfo_out_gg_to_ba.44;465.00;out_gg_to_ba.44;0;2288.16;0.89;0.00;233.71;car;;8;127.00
8316.00;972103805_0;116.86;9.73;8208.00;0.78;-23527526_0;5.10;0.00;tripinfo_out_gj_to_ko.41;108.00;out_gj_to_ko.41;0;971.70;0.95;0.00;15.13;car;;1;2.00
8317.00;230845886_0;633.12;10.27;8137.00;0.04;-23527526_0;5.10;0.00;tripinfo_out_gj_to_ba.106;180.00;out_gj_to_ba.106;0;1702.89;1.04;0.00;31.67;car;;0;0.00
8319.00;23156030#6_1;109.07;9.56;7585.00;1.40;23687583_0;5.10;0.00;tripinfo_out_as_to_od.58;734.00;out_as_to_od.58;0;2357.31;0.97;0.00;515.88;car;;22;130.00
8319.00;972103805_0;116.86;9.19;7959.00;1.88;-23156390_0;5.10;0.00;tripinfo_out_br_to_ko.34;360.00;out_br_to_ko.34;0;2703.95;0.91;0.00;90.31;car;;2;53.00
8319.00;41899283#1_0;148.70;9.77;8242.00;2.03;-23527526_0;5.10;0.00;tripinfo_out_gj_to_as.112;77.00;out_gj_to_as.112;0;633.70;0.89;0.00;10.72;car;;0;0.00
8320.00;23156030#6_0;109.07;9.31;7582.00;0.67;23687583_0;5.10;0.00;tripinfo_out_as_to_od.57;738.00;out_as_to_od.57;0;2357.31;0.88;0.00;497.83;car;;17;137.00
8320.00;28706217_0;94.10;7.57;7629.00;0.70;23687583_0;5.10;0.00;tripinfo_out_as_to_sl.38;691.00;out_as_to_sl.38;0;1976.75;0.94;0.00;496.10;car;;16;113.00
8320.00;41899283#1_0;148.70;10.70;8248.00;6.93;-23527526_0;5.10;0.00;tripinfo_out_gj_to_as.113;72.00;out_gj_to_as.113;0;633.70;1.04;0.00;16.06;car;;0;0.00
8321.00;23156030#6_1;109.07;10.97;7418.00;2.67;-23156305_0;5.10;0.00;tripinfo_out_gg_to_od.60;903.00;out_gg_to_od.60;0;3288.97;1.04;0.00;616.18;car;;24;170.00
8321.00;972103805_0;116.86;10.57;8059.00;3.27;-28716808#1_0;5.10;0.00;tripinfo_out_kl_to_ko.38;262.00;out_kl_to_ko.38;0;1927.03;1.05;0.00;95.51;car;;2;23.00
8322.00;28706217_0;94.10;7.10;7496.00;0.35;-23156305_0;5.10;0.00;tripinfo_out_gg_to_sl.27;826.00;out_gg_to_sl.27;0;2908.41;0.95;0.00;544.31;car;;15;196.00
8322.00;23156030#6_0;109.07;9.32;7591.00;1.21;23687583_0;5.10;0.00;tripinfo_out_as_to_od.59;731.00;out_as_to_od.59;0;2357.31;0.92;0.00;500.82;car;;17;136.00
8322.00;41899283#1_0;148.70;11.10;8251.00;9.14;-23527526_0;5.10;0.00;tripinfo_out_gj_to_as.114;71.00;out_gj_to_as.114;0;633.70;1.07;0.00;16.26;car;;0;0.00
8327.00;45494495_0;58.90;9.79;7733.00;0.62;-23527526_0;5.10;0.00;tripinfo_out_gj_to_os.19;594.00;out_gj_to_os.19;0;2036.16;0.89;0.00;386.48;car;;10;55.00
8330.00;230845886_0;633.12;10.71;8192.00;0.68;23687583_0;5.10;0.00;tripinfo_out_as_to_ba.111;138.00;out_as_to_ba.111;0;1356.50;1.01;0.00;16.27;car;;1;3.00
8332.00;230845886_0;633.12;10.76;8164.00;3.13;-23527526_0;5.10;0.00;tripinfo_out_gj_to_ba.108;168.00;out_gj_to_ba.108;0;1702.89;1.06;0.00;22.61;car;;0;0.00
8335.00;41899283#1_0;148.70;10.13;8063.00;0.22;-23156390_0;5.10;0.00;tripinfo_out_br_to_as.27;272.00;out_br_to_as.27;0;2020.44;0.97;0.00;82.49;car;;4;44.00
8335.00;230845886_0;633.12;10.76;8158.00;0.29;-23527526_0;5.10;0.00;tripinfo_out_gj_to_ba.107;177.00;out_gj_to_ba.107;0;1702.89;1.01;0.00;24.56;car;;1;2.00
8337.00;230845886_0;633.12;11.53;8200.00;0.46;23687583_0;5.10;0.00;tripinfo_out_as_to_ba.112;137.00;out_as_to_ba.112;0;1356.50;1.14;0.00;29.16;car;;1;2.00
8338.00;230845886_0;633.12;12.41;8203.00;0.01;23687583_0;5.10;0.00;tripinfo_out_as_to_ba.113;135.00;out_as_to_ba.113;0;1356.50;1.12;0.00;25.89;car;;1;1.00
8339.00;45494495_0;58.90;11.29;7710.00;1.90;-23156390_0;5.10;0.00;tripinfo_out_br_to_os.16;629.00;out_br_to_os.16;0;2237.62;1.04;0.00;433.21;car;;11;108.00
8339.00;23142338#2_0;290.21;8.55;8082.00;0.96;803785575#0_0;5.10;0.00;tripinfo_out_od_to_ns.12;257.00;out_od_to_ns.12;0;1928.29;0.80;0.00;24.51;car;;0;0.00
8340.00;41899283#1_0;148.70;8.83;8156.00;1.66;-230845886_0;5.10;0.00;tripinfo_out_ba_to_as.67;184.00;out_ba_to_as.67;0;1430.78;0.83;0.00;27.03;car;;1;5.00
8341.00;23156030#6_0;109.07;11.39;7557.00;0.27;-230845886_0;5.10;0.00;tripinfo_out_ba_to_od.62;784.00;out_ba_to_od.62;0;2315.50;1.03;0.00;580.67;car;;24;156.00
8341.00;23142338#2_0;290.21;11.10;8032.00;0.56;-23527526_0;5.10;0.00;tripinfo_out_gj_to_ns.198;309.00;out_gj_to_ns.198;0;2043.79;1.01;0.00;125.66;car;;5;64.00
8342.00;41899283#1_0;148.70;8.88;7898.00;0.33;-23156305_0;5.10;0.00;tripinfo_out_gg_to_as.20;444.00;out_gg_to_as.20;0;1699.56;0.91;0.00;272.90;car;;8;177.00
8343.00;23142338#2_0;290.21;10.72;8062.00;6.83;-23527526_0;5.10;0.00;tripinfo_out_gj_to_ns.199;281.00;out_gj_to_ns.199;0;2043.79;1.04;0.00;103.11;car;;3;49.00
8344.00;23142338#2_0;290.21;10.26;7693.00;0.69;23687583_0;5.10;0.00;tripinfo_out_as_to_ns.91;651.00;out_as_to_ns.91;0;1995.73;1.03;0.00;474.78;car;;16;334.00
8345.00;972103805_0;116.86;9.81;7844.00;1.25;-23156305_0;5.10;0.00;tripinfo_out_gg_to_ko.29;501.00;out_gg_to_ko.29;0;2416.59;0.90;0.00;258.06;car;;7;146.00
8346.00;23156030#6_0;109.07;9.86;7461.00;0.24;-23156305_0;5.10;0.00;tripinfo_out_gg_to_od.61;885.00;out_gg_to_od.61;0;3288.97;0.99;0.00;584.53;car;;18;208.00
8347.00;23142338#2_0;290.21;10.08;7475.00;6.60;-23156305_0;5.10;0.00;tripinfo_out_gg_to_ns.47;872.00;out_gg_to_ns.47;0;2927.39;0.94;0.00;588.91;car;;19;421.00
8347.00;41899283#1_0;148.70;11.29;8114.00;2.63;803785575#0_0;5.10;0.00;tripinfo_out_od_to_as.45;233.00;out_od_to_as.45;0;2382.09;1.05;0.00;26.56;car;;0;0.00
8348.00;972103805_0;116.86;9.92;7978.00;0.63;-23156390_0;5.10;0.00;tripinfo_out_br_to_ko.35;370.00;out_br_to_ko.35;0;2703.95;0.98;0.00;118.57;car;;3;84.00
8349.00;41899283#1_0;148.70;11.30;8107.00;0.03;803785575#0_0;5.10;0.00;tripinfo_out_od_to_as.44;242.00;out_od_to_as.44;0;2382.09;1.12;0.00;49.76;car;;1;2.00
8350.00;230845886_0;633.12;9.07;8099.00;0.76;803785575#0_0;5.10;0.00;tripinfo_out_od_to_ba.17;251.00;out_od_to_ba.17;0;2382.14;0.92;0.00;17.86;car;;0;0.00
8350.00;972103805_0;116.86;12.18;8167.00;1.02;-28716808#1_0;5.10;0.00;tripinfo_out_kl_to_ko.39;183.00;out_kl_to_ko.39;0;1927.03;1.13;0.00;27.94;car;;1;1.00
8352.00;230845886_0;633.12;12.36;8122.00;0.03;803785575#0_0;5.10;0.00;tripinfo_out_od_to_ba.18;230.00;out_od_to_ba.18;0;2382.14;1.15;0.00;41.52;car;;0;0.00
8353.00;230845886_0;633.12;12.01;8167.00;1.09;-23527526_0;5.10;0.00;tripinfo_out_gj_to_ba.109;186.00;out_gj_to_ba.109;0;1702.89;1.09;0.00;44.58;car;;1;7.00
8354.00;41899283#1_0;148.70;11.44;8292.00;3.52;-23527526_0;5.10;0.00;tripinfo_out_gj_to_as.115;62.00;out_gj_to_as.115;0;633.70;1.13;0.00;10.54;car;;0;0.00
8355.00;230845886_0;633.12;12.17;8161.00;2.04;-23142338#2_0;5.10;0.00;tripinfo_out_ns_to_ba.46;194.00;out_ns_to_ba.46;0;2340.42;1.21;0.00;19.39;car;;0;0.00
8359.00;230845886_0;633.12;12.99;8203.00;0.42;-28716808#1_0;5.10;0.00;tripinfo_out_kl_to_ba.7;156.00;out_kl_to_ba.7;0;1656.22;1.22;0.00;32.98;car;;1;2.00
8361.00;23156030#6_0;109.07;9.01;7651.00;0.44;23687583_0;5.10;0.00;tripinfo_out_as_to_od.61;710.00;out_as_to_od.61;0;2357.31;0.81;0.00;448.83;car;;14;108.00
8364.00;45494495_0;58.90;11.04;7797.00;0.69;-23527526_0;5.10;0.00;tripinfo_out_gj_to_os.20;567.00;out_gj_to_os.20;0;2036.16;1.04;0.00;388.99;car;;14;61.00
8365.00;23142338#2_0;290.21;8.92;8111.00;0.36;803785575#0_0;5.10;0.00;tripinfo_out_od_to_ns.13;254.00;out_od_to_ns.13;0;1928.29;0.82;0.00;28.37;car;;1;2.00
8367.00;23142338#2_0;290.21;10.84;7738.00;0.94;23687583_0;5.10;0.00;tripinfo_out_as_to_ns.92;629.00;out_as_to_ns.92;0;1995.73;0.98;0.00;443.41;car;;15;325.00
8368.00;45494495_0;58.90;8.68;7845.00;0.60;-230845886_0;5.10;0.00;tripinfo_out_ba_to_os.30;523.00;out_ba_to_os.30;0;1647.96;0.81;0.00;339.72;car;;10;47.00
8369.00;23142338#2_0;290.21;11.90;7731.00;0.66;-28716808#1_0;5.10;0.00;tripinfo_out_kl_to_ns.9;638.00;out_kl_to_ns.9;0;2305.34;1.09;0.00;444.97;car;;15;314.00
8370.00;45494495_0;58.90;10.28;7834.00;4.89;23687583_0;5.10;0.00;tripinfo_out_as_to_os.30;536.00;out_as_to_os.30;0;1689.77;1.04;0.00;389.11;car;;15;91.00
8371.00;23156030#6_0;109.07;10.78;7520.00;0.65;-28716808#1_0;5.10;0.00;tripinfo_out_kl_to_od.42;851.00;out_kl_to_od.42;0;2657.03;1.07;0.00;626.01;car;;20;171.00
8371.00;23142338#2_0;290.21;9.84;7542.00;0.76;-23156305_0;5.10;0.00;tripinfo_out_gg_to_ns.48;829.00;out_gg_to_ns.48;0;2927.39;0.96;0.00;552.57;car;;20;405.00
8372.00;41899283#1_0;148.70;10.28;8113.00;0.66;-23142338#2_0;5.10;0.00;tripinfo_out_ns_to_as.85;259.00;out_ns_to_as.85;0;2009.37;0.96;0.00;68.38;car;;4;33.00
8374.00;23156030#6_1;109.07;11.53;7594.00;1.21;23687583_0;5.10;0.00;tripinfo_out_as_to_od.60;780.00;out_as_to_od.60;0;2357.31;1.06;0.00;578.45;car;;21;125.00
8374.00;41899283#1_0;148.70;12.38;8165.00;5.25;-23142338#2_0;5.10;0.00;tripinfo_out_ns_to_as.86;209.00;out_ns_to_as.86;0;2009.37;1.12;0.00;46.26;car;;1;12.00
8377.00;23156030#6_0;109.07;10.12;7636.00;1.02;-28716808#1_0;5.10;0.00;tripinfo_out_kl_to_od.45;741.00;out_kl_to_od.45;0;2657.03;0.93;0.00;482.42;car;;14;132.00
8379.00;230845886_0;633.12;10.11;7877.00;0.07;-23156305_0;5.10;0.00;tripinfo_out_gg_to_ba.45;502.00;out_gg_to_ba.45;0;2288.16;0.95;0.00;283.81;car;;9;172.00
8381.00;45494495_0;58.90;10.51;7640.00;0.96;-23156305_0;5.10;0.00;tripinfo_out_gg_to_os.21;741.00;out_gg_to_os.21;0;2621.43;0.95;0.00;491.37;car;;19;133.00
8381.00;230845886_0;633.12;12.51;8211.00;0.43;-23527526_0;5.10;0.00;tripinfo_out_gj_to_ba.110;170.00;out_gj_to_ba.110;0;1702.89;1.14;0.00;34.81;car;;0;0.00
8382.00;23156305_0;1264.14;10.19;5426.00;2699.80;-45494495_0;5.10;0.00;tripinfo_in_os_to_gg.8;2956.00;in_os_to_gg.8;0;3034.34;0.94;0.00;2662.66;car;;19;2526.00
8384.00;28706217_0;94.10;7.91;7679.00;0.36;23687583_0;5.10;0.00;tripinfo_out_as_to_sl.40;705.00;out_as_to_sl.40;0;1976.75;0.98;0.00;516.54;car;;21;131.00
8395.00;45494495_0;58.90;9.29;7872.00;1.58;23687583_0;5.10;0.00;tripinfo_out_as_to_os.31;523.00;out_as_to_os.31;0;1689.77;0.87;0.00;347.40;car;;14;63.00
8397.00;41899283#1_0;148.70;11.28;8230.00;0.41;-230845886_0;5.10;0.00;tripinfo_out_ba_to_as.68;167.00;out_ba_to_as.68;0;1430.78;1.03;0.00;40.31;car;;3;18.00
