<?xml version='1.0' encoding='UTF-8'?>
<osm version="0.6" generator="osmfilter 1.4.4">
	<node id="115439" lat="57.7837313" lon="14.1690497" version="12" timestamp="2025-07-27T16:47:38Z" changeset="0">
		<tag k="crossing:island" v="no"/>
		<tag k="crossing:signals" v="yes"/>
		<tag k="highway" v="crossing"/>
	</node>
	<node id="115441" lat="57.7831946" lon="14.1656604" version="20" timestamp="2023-02-08T11:21:51Z" changeset="0">
		<tag k="button_operated" v="yes"/>
		<tag k="crossing" v="traffic_signals"/>
		<tag k="crossing:island" v="yes"/>
		<tag k="highway" v="crossing"/>
		<tag k="tactile_paving" v="no"/>
		<tag k="traffic_signals:sound" v="yes"/>
		<tag k="traffic_signals:vibration" v="no"/>
	</node>
	<node id="115453" lat="57.7787927" lon="14.1660306" version="10" timestamp="2023-08-20T10:14:47Z" changeset="0"/>
	<node id="115457" lat="57.7799849" lon="14.1735072" version="10" timestamp="2021-03-20T16:05:00Z" changeset="0"/>
	<node id="115458" lat="57.7797882" lon="14.1735662" version="16" timestamp="2021-03-19T22:42:25Z" changeset="0"/>
	<node id="115459" lat="57.7800692" lon="14.1736314" version="7" timestamp="2021-03-19T22:42:25Z" changeset="0"/>
	<node id="115460" lat="57.7799861" lon="14.1741573" version="12" timestamp="2021-03-19T22:42:25Z" changeset="0"/>
	<node id="115461" lat="57.7797469" lon="14.1739981" version="9" timestamp="2021-03-19T22:42:25Z" changeset="0"/>
	<node id="115462" lat="57.7800441" lon="14.1740862" version="13" timestamp="2025-10-19T20:11:47Z" changeset="0">
		<tag k="highway" v="traffic_signals"/>
		<tag k="road_marking" v="stop_line"/>
		<tag k="stroke" v="solid"/>
		<tag k="traffic_signals" v="bus_priority"/>
		<tag k="traffic_signals:direction" v="forward"/>
	</node>
	<node id="115465" lat="57.7784291" lon="14.1740399" version="9" timestamp="2021-03-19T22:42:25Z" changeset="0"/>
	<node id="115471" lat="57.7804787" lon="14.1764094" version="15" timestamp="2021-03-19T22:42:25Z" changeset="0"/>
	<node id="115473" lat="57.7774954" lon="14.1752945" version="17" timestamp="2021-03-19T22:42:25Z" changeset="0"/>
	<node id="133536" lat="57.7808539" lon="14.1635862" version="25" timestamp="2021-05-21T07:41:13Z" changeset="0"/>
	<node id="133537" lat="57.7815466" lon="14.164049" version="11" timestamp="2021-08-19T10:59:19Z" changeset="0"/>
	<node id="133538" lat="57.7829461" lon="14.1650308" version="8" timestamp="2020-06-03T16:34:34Z" changeset="0"/>
	<node id="133539" lat="57.7830287" lon="14.1651315" version="18" timestamp="2020-06-03T16:34:34Z" changeset="0"/>
	<node id="133541" lat="57.7813619" lon="14.160822" version="42" timestamp="2014-12-14T21:49:15Z" changeset="0"/>
	<node id="133542" lat="57.7826927" lon="14.1536342" version="12" timestamp="2014-01-20T01:37:35Z" changeset="0"/>
	<node id="133543" lat="57.7828693" lon="14.1526688" version="14" timestamp="2025-02-02T10:03:04Z" changeset="0"/>
	<node id="133545" lat="57.7849275" lon="14.154008" version="5" timestamp="2014-10-13T18:21:30Z" changeset="0"/>
	<node id="133546" lat="57.7820182" lon="14.1519932" version="7" timestamp="2010-07-21T22:10:06Z" changeset="0"/>
	<node id="133547" lat="57.7811525" lon="14.1508078" version="5" timestamp="2009-08-21T06:08:58Z" changeset="0"/>
	<node id="133548" lat="57.7805118" lon="14.1503701" version="4" timestamp="2009-08-21T06:08:58Z" changeset="0"/>
	<node id="133549" lat="57.7796678" lon="14.1513857" version="21" timestamp="2021-08-03T09:58:30Z" changeset="0"/>
	<node id="133550" lat="57.7799649" lon="14.1506732" version="3" timestamp="2021-08-03T09:58:30Z" changeset="0"/>
	<node id="133552" lat="57.7790458" lon="14.1545382" version="17" timestamp="2019-01-03T16:57:37Z" changeset="0"/>
	<node id="133555" lat="57.7776128" lon="14.1615417" version="12" timestamp="2025-02-01T10:28:56Z" changeset="0"/>
	<node id="133556" lat="57.7774789" lon="14.162931" version="10" timestamp="2021-08-03T05:39:54Z" changeset="0"/>
	<node id="133557" lat="57.7775416" lon="14.163372" version="11" timestamp="2023-08-20T10:14:47Z" changeset="0"/>
	<node id="133558" lat="57.7784702" lon="14.1501229" version="18" timestamp="2021-05-27T20:28:17Z" changeset="0"/>
	<node id="133559" lat="57.7856807" lon="14.1544527" version="12" timestamp="2021-08-10T22:04:07Z" changeset="0"/>
	<node id="133560" lat="57.7861387" lon="14.1539101" version="8" timestamp="2021-08-10T21:30:47Z" changeset="0"/>
	<node id="133561" lat="57.7867715" lon="14.1514481" version="9" timestamp="2023-10-23T20:24:50Z" changeset="0"/>
	<node id="26304693" lat="57.7859162" lon="14.1540016" version="10" timestamp="2021-08-10T22:04:07Z" changeset="0"/>
	<node id="26304694" lat="57.7853123" lon="14.154241" version="8" timestamp="2021-08-10T22:04:07Z" changeset="0"/>
	<node id="26304695" lat="57.7816673" lon="14.1515811" version="6" timestamp="2010-07-21T22:10:17Z" changeset="0"/>
	<node id="26304696" lat="57.7808413" lon="14.1504902" version="4" timestamp="2009-08-21T06:08:58Z" changeset="0"/>
	<node id="26304697" lat="57.780249" lon="14.1504539" version="9" timestamp="2021-08-03T09:58:30Z" changeset="0"/>
	<node id="26304698" lat="57.7797909" lon="14.1509932" version="3" timestamp="2021-08-03T09:58:30Z" changeset="0"/>
	<node id="26304702" lat="57.7748052" lon="14.1579531" version="14" timestamp="2024-10-31T19:37:33Z" changeset="0"/>
	<node id="26304708" lat="57.7721756" lon="14.1561808" version="6" timestamp="2020-06-03T16:34:34Z" changeset="0"/>
	<node id="26347292" lat="57.786627" lon="14.1519086" version="10" timestamp="2023-10-23T20:24:50Z" changeset="0"/>
	<node id="26347293" lat="57.7864958" lon="14.1527634" version="8" timestamp="2023-10-23T20:24:50Z" changeset="0"/>
	<node id="26347316" lat="57.7857276" lon="14.1545315" version="13" timestamp="2021-08-10T22:04:07Z" changeset="0"/>
	<node id="26347319" lat="57.784589" lon="14.1571496" version="7" timestamp="2024-08-20T16:41:53Z" changeset="0"/>
	<node id="26347320" lat="57.7840488" lon="14.1585559" version="6" timestamp="2022-01-08T14:55:04Z" changeset="0"/>
	<node id="26347321" lat="57.7837" lon="14.1597682" version="22" timestamp="2021-08-10T21:30:47Z" changeset="0"/>
	<node id="26347322" lat="57.7836486" lon="14.1601013" version="27" timestamp="2025-09-26T17:52:20Z" changeset="0"/>
	<node id="26347327" lat="57.7841118" lon="14.1630527" version="5" timestamp="2021-09-24T11:47:44Z" changeset="0"/>
	<node id="26347329" lat="57.7836196" lon="14.1677612" version="7" timestamp="2021-09-24T11:47:44Z" changeset="0"/>
	<node id="26347330" lat="57.7838061" lon="14.1658979" version="13" timestamp="2021-09-24T11:47:44Z" changeset="0"/>
	<node id="26347331" lat="57.7837469" lon="14.1697585" version="9" timestamp="2021-10-05T06:26:11Z" changeset="0"/>
	<node id="34924187" lat="57.7731255" lon="14.1489431" version="14" timestamp="2024-10-31T11:31:43Z" changeset="0"/>
	<node id="34924194" lat="57.778386" lon="14.1726376" version="19" timestamp="2021-03-19T22:42:25Z" changeset="0"/>
	<node id="34924196" lat="57.778144" lon="14.1738554" version="24" timestamp="2021-03-19T22:42:25Z" changeset="0"/>
	<node id="34924197" lat="57.7784846" lon="14.1736533" version="12" timestamp="2021-03-19T22:42:25Z" changeset="0"/>
	<node id="34924202" lat="57.781714" lon="14.1696445" version="7" timestamp="2021-03-19T22:42:25Z" changeset="0"/>
	<node id="34924203" lat="57.7806569" lon="14.1735111" version="3" timestamp="2021-03-19T22:42:25Z" changeset="0"/>
	<node id="34924205" lat="57.7809341" lon="14.1724844" version="3" timestamp="2021-03-19T22:42:25Z" changeset="0"/>
	<node id="157632355" lat="57.7775356" lon="14.1619166" version="11" timestamp="2023-08-20T10:14:47Z" changeset="0"/>
	<node id="157632359" lat="57.7786157" lon="14.1661132" version="9" timestamp="2023-08-20T10:14:47Z" changeset="0"/>
	<node id="157632366" lat="57.7785648" lon="14.1659514" version="9" timestamp="2023-08-20T10:14:47Z" changeset="0"/>
	<node id="157681905" lat="57.7783497" lon="14.1729688" version="10" timestamp="2021-03-19T22:42:25Z" changeset="0"/>
	<node id="249360377" lat="57.7774709" lon="14.159764" version="6" timestamp="2021-08-03T06:06:44Z" changeset="0"/>
	<node id="249360379" lat="57.7780128" lon="14.160459" version="8" timestamp="2025-04-15T22:15:07Z" changeset="0"/>
	<node id="249360380" lat="57.7780843" lon="14.1603214" version="12" timestamp="2025-04-15T22:15:07Z" changeset="0"/>
	<node id="249360384" lat="57.7756938" lon="14.1585533" version="5" timestamp="2020-12-20T13:11:09Z" changeset="0"/>
	<node id="249439735" lat="57.7786829" lon="14.1563702" version="5" timestamp="2019-01-03T16:57:37Z" changeset="0">
		<tag k="highway" v="traffic_signals"/>
	</node>
	<node id="249439910" lat="57.7776234" lon="14.1556523" version="23" timestamp="2019-01-03T16:57:37Z" changeset="0"/>
	<node id="249439914" lat="57.7766004" lon="14.1549726" version="38" timestamp="2025-07-11T06:13:19Z" changeset="0"/>
	<node id="249439917" lat="57.7754983" lon="14.154236" version="29" timestamp="2025-07-11T06:13:19Z" changeset="0"/>
	<node id="249439918" lat="57.7750537" lon="14.1539339" version="17" timestamp="2025-07-11T06:13:19Z" changeset="0"/>
	<node id="249439921" lat="57.7733375" lon="14.1527671" version="25" timestamp="2025-07-11T06:13:19Z" changeset="0"/>
	<node id="249508456" lat="57.7786679" lon="14.1569591" version="8" timestamp="2019-01-03T16:57:37Z" changeset="0"/>
	<node id="249508462" lat="57.7788069" lon="14.1562183" version="8" timestamp="2019-01-03T16:57:37Z" changeset="0"/>
	<node id="249508500" lat="57.7797406" lon="14.1514516" version="21" timestamp="2014-11-15T14:50:43Z" changeset="0"/>
	<node id="249580472" lat="57.778315" lon="14.1582611" version="23" timestamp="2019-01-03T16:57:37Z" changeset="0"/>
	<node id="249580585" lat="57.7772622" lon="14.1575509" version="21" timestamp="2011-11-19T14:55:35Z" changeset="0"/>
	<node id="249580586" lat="57.7762251" lon="14.1568494" version="50" timestamp="2011-11-19T14:55:35Z" changeset="0"/>
	<node id="249580587" lat="57.775147" lon="14.1561187" version="30" timestamp="2021-07-29T09:30:02Z" changeset="0"/>
	<node id="249580589" lat="57.7710687" lon="14.1532797" version="16" timestamp="2015-01-30T19:42:58Z" changeset="0"/>
	<node id="249580590" lat="57.7703708" lon="14.1528096" version="11" timestamp="2014-12-14T21:49:16Z" changeset="0"/>
	<node id="249580591" lat="57.7700934" lon="14.1525951" version="11" timestamp="2014-12-14T21:49:16Z" changeset="0"/>
	<node id="249580592" lat="57.7699533" lon="14.1524635" version="12" timestamp="2014-12-14T21:49:16Z" changeset="0"/>
	<node id="249580593" lat="57.7694931" lon="14.1516542" version="12" timestamp="2014-12-14T21:49:16Z" changeset="0"/>
	<node id="249580594" lat="57.7690808" lon="14.1508768" version="18" timestamp="2024-10-31T19:37:33Z" changeset="0"/>
	<node id="249580655" lat="57.7769531" lon="14.1530809" version="19" timestamp="2018-12-28T22:28:29Z" changeset="0"/>
	<node id="249580656" lat="57.7762635" lon="14.1526225" version="10" timestamp="2018-12-28T22:28:29Z" changeset="0"/>
	<node id="249580658" lat="57.7747454" lon="14.1516095" version="5" timestamp="2009-05-21T09:57:30Z" changeset="0"/>
	<node id="249580659" lat="57.7741768" lon="14.1511847" version="22" timestamp="2020-06-03T18:56:51Z" changeset="0"/>
	<node id="249580660" lat="57.7740316" lon="14.151029" version="8" timestamp="2020-06-03T18:56:51Z" changeset="0"/>
	<node id="249580662" lat="57.7734077" lon="14.149663" version="6" timestamp="2009-01-30T16:49:19Z" changeset="0"/>
	<node id="249580712" lat="57.7788541" lon="14.1649651" version="12" timestamp="2021-08-02T12:36:16Z" changeset="0"/>
	<node id="249589005" lat="57.7770942" lon="14.1584307" version="15" timestamp="2011-11-19T14:55:35Z" changeset="0"/>
	<node id="249589007" lat="57.775436" lon="14.1541949" version="17" timestamp="2025-07-11T06:13:19Z" changeset="0"/>
	<node id="249589008" lat="57.775092" lon="14.1560832" version="22" timestamp="2011-11-19T14:55:35Z" changeset="0"/>
	<node id="249589009" lat="57.7747553" lon="14.1579213" version="7" timestamp="2020-06-03T16:34:34Z" changeset="0"/>
	<node id="249591076" lat="57.7774615" lon="14.1624668" version="9" timestamp="2023-08-20T10:14:47Z" changeset="0"/>
	<node id="249591125" lat="57.7779378" lon="14.1598714" version="8" timestamp="2025-04-15T22:15:07Z" changeset="0"/>
	<node id="249592103" lat="57.7777692" lon="14.1601849" version="7" timestamp="2025-04-15T22:15:07Z" changeset="0"/>
	<node id="249592104" lat="57.7775888" lon="14.1635569" version="8" timestamp="2023-08-20T10:14:47Z" changeset="0"/>
	<node id="249592105" lat="57.778332" lon="14.1654904" version="7" timestamp="2021-08-02T12:36:16Z" changeset="0"/>
	<node id="249592106" lat="57.7786736" lon="14.1657016" version="8" timestamp="2023-08-20T10:14:47Z" changeset="0"/>
	<node id="249592107" lat="57.778581" lon="14.1660429" version="8" timestamp="2023-08-20T10:14:47Z" changeset="0"/>
	<node id="249592108" lat="57.7787226" lon="14.1661429" version="8" timestamp="2023-08-20T10:14:47Z" changeset="0"/>
	<node id="249592109" lat="57.7788029" lon="14.1658767" version="8" timestamp="2023-08-20T10:14:47Z" changeset="0"/>
	<node id="249592114" lat="57.7786081" lon="14.1657524" version="8" timestamp="2023-08-20T10:14:47Z" changeset="0"/>
	<node id="249592120" lat="57.7785669" lon="14.1656575" version="4" timestamp="2021-01-04T17:28:38Z" changeset="0"/>
	<node id="249592125" lat="57.7784956" lon="14.165553" version="5" timestamp="2023-08-20T10:14:47Z" changeset="0"/>
	<node id="249592130" lat="57.7783057" lon="14.1651723" version="3" timestamp="2021-08-02T12:36:16Z" changeset="0"/>
	<node id="249592136" lat="57.7776369" lon="14.1634586" version="7" timestamp="2020-12-20T20:44:46Z" changeset="0"/>
	<node id="249592139" lat="57.7775737" lon="14.1631236" version="8" timestamp="2021-08-03T06:06:44Z" changeset="0"/>
	<node id="249592140" lat="57.7775355" lon="14.1627572" version="9" timestamp="2023-08-20T10:14:47Z" changeset="0"/>
	<node id="249592141" lat="57.7775736" lon="14.1621635" version="8" timestamp="2023-08-20T10:14:47Z" changeset="0"/>
	<node id="249592142" lat="57.7777157" lon="14.1614231" version="8" timestamp="2023-08-20T10:14:47Z" changeset="0"/>
	<node id="249592143" lat="57.7777865" lon="14.1610679" version="8" timestamp="2023-08-20T10:14:47Z" changeset="0"/>
	<node id="249592144" lat="57.7778286" lon="14.1608228" version="7" timestamp="2021-06-02T08:57:30Z" changeset="0"/>
	<node id="249592145" lat="57.7777611" lon="14.1607327" version="7" timestamp="2021-01-04T17:49:19Z" changeset="0"/>
	<node id="249605605" lat="57.783437" lon="14.1622243" version="17" timestamp="2025-05-29T17:14:00Z" changeset="0">
		<tag k="highway" v="crossing"/>
	</node>
	<node id="249605609" lat="57.7830615" lon="14.1660698" version="14" timestamp="2021-08-11T16:37:24Z" changeset="0"/>
	<node id="249921470" lat="57.7800931" lon="14.1737224" version="8" timestamp="2021-03-19T22:42:25Z" changeset="0"/>
	<node id="249921473" lat="57.780458" lon="14.1740852" version="14" timestamp="2021-03-20T16:05:00Z" changeset="0"/>
	<node id="250172291" lat="57.7798042" lon="14.1741195" version="11" timestamp="2021-03-19T22:42:25Z" changeset="0"/>
	<node id="250177911" lat="57.7784949" lon="14.17383" version="10" timestamp="2021-03-19T22:42:25Z" changeset="0"/>
	<node id="250177913" lat="57.7784294" lon="14.1735142" version="8" timestamp="2021-03-19T22:42:25Z" changeset="0"/>
	<node id="250177916" lat="57.7782546" lon="14.1740903" version="9" timestamp="2021-03-19T22:42:25Z" changeset="0"/>
	<node id="250177919" lat="57.7781655" lon="14.1736012" version="7" timestamp="2021-03-19T22:42:25Z" changeset="0"/>
	<node id="250177923" lat="57.7796807" lon="14.1738396" version="8" timestamp="2023-11-13T14:03:42Z" changeset="0">
		<tag k="direction" v="forward"/>
		<tag k="highway" v="give_way"/>
	</node>
	<node id="250177927" lat="57.778752" lon="14.1737513" version="6" timestamp="2021-03-19T22:42:25Z" changeset="0"/>
	<node id="250177935" lat="57.7793559" lon="14.17367" version="6" timestamp="2021-03-19T22:42:25Z" changeset="0"/>
	<node id="250182858" lat="57.778767" lon="14.1564307" version="5" timestamp="2019-01-03T16:57:37Z" changeset="0">
		<tag k="highway" v="traffic_signals"/>
	</node>
	<node id="250182861" lat="57.7798312" lon="14.1511512" version="2" timestamp="2014-11-15T14:50:43Z" changeset="0"/>
	<node id="250182864" lat="57.7799076" lon="14.1509586" version="2" timestamp="2014-11-15T14:50:43Z" changeset="0"/>
	<node id="250182867" lat="57.7800429" lon="14.1507079" version="2" timestamp="2014-11-15T14:50:43Z" changeset="0"/>
	<node id="250182869" lat="57.7801362" lon="14.1505763" version="2" timestamp="2014-11-15T14:50:43Z" changeset="0"/>
	<node id="251124076" lat="57.7831097" lon="14.1654514" version="26" timestamp="2021-08-16T12:36:48Z" changeset="0"/>
	<node id="251124079" lat="57.7839528" lon="14.1644946" version="4" timestamp="2021-09-24T11:47:44Z" changeset="0"/>
	<node id="251124080" lat="57.7836363" lon="14.1673764" version="7" timestamp="2021-09-24T11:47:44Z" changeset="0"/>
	<node id="251124081" lat="57.783638" lon="14.1683081" version="6" timestamp="2021-09-24T11:47:44Z" changeset="0"/>
	<node id="251124084" lat="57.783681" lon="14.1686322" version="8" timestamp="2021-09-24T11:47:44Z" changeset="0"/>
	<node id="251665085" lat="57.7822521" lon="14.1645404" version="41" timestamp="2021-08-19T13:45:15Z" changeset="0"/>
	<node id="254760378" lat="57.7779828" lon="14.1538083" version="11" timestamp="2021-05-05T06:45:02Z" changeset="0">
		<tag k="highway" v="crossing"/>
	</node>
	<node id="254760504" lat="57.7759099" lon="14.1545091" version="4" timestamp="2025-07-11T06:13:19Z" changeset="0"/>
	<node id="254760505" lat="57.775421" lon="14.1520719" version="4" timestamp="2018-12-28T22:28:29Z" changeset="0"/>
	<node id="254760844" lat="57.7780036" lon="14.1590426" version="7" timestamp="2012-05-26T11:04:25Z" changeset="0"/>
	<node id="254776056" lat="57.7788319" lon="14.1506467" version="32" timestamp="2021-08-03T09:58:30Z" changeset="0"/>
	<node id="254777198" lat="57.7813812" lon="14.1511331" version="7" timestamp="2008-11-03T20:44:36Z" changeset="0"/>
	<node id="254777199" lat="57.7814329" lon="14.1510062" version="18" timestamp="2013-03-06T22:04:33Z" changeset="0"/>
	<node id="254777202" lat="57.7818308" lon="14.1491368" version="8" timestamp="2021-08-19T11:52:25Z" changeset="0"/>
	<node id="254777203" lat="57.7819616" lon="14.1489099" version="9" timestamp="2021-08-19T11:52:25Z" changeset="0"/>
	<node id="254777206" lat="57.7829064" lon="14.1482734" version="13" timestamp="2022-05-12T18:30:12Z" changeset="0"/>
	<node id="254777558" lat="57.7817964" lon="14.149281" version="16" timestamp="2021-08-19T11:52:25Z" changeset="0"/>
	<node id="254832501" lat="57.7774445" lon="14.1565826" version="13" timestamp="2019-01-03T16:57:37Z" changeset="0"/>
	<node id="254832525" lat="57.7785034" lon="14.1573054" version="14" timestamp="2019-01-03T16:57:37Z" changeset="0"/>
	<node id="254832617" lat="57.7746672" lon="14.1515563" version="15" timestamp="2009-05-18T15:02:36Z" changeset="0"/>
	<node id="254832625" lat="57.7743152" lon="14.1534326" version="23" timestamp="2025-07-11T06:13:19Z" changeset="0"/>
	<node id="254832877" lat="57.7730371" lon="14.1546179" version="21" timestamp="2021-07-29T09:13:48Z" changeset="0"/>
	<node id="254832879" lat="57.7731308" lon="14.1526229" version="29" timestamp="2011-04-10T15:50:11Z" changeset="0"/>
	<node id="254833027" lat="57.7726678" lon="14.1523106" version="24" timestamp="2020-06-03T16:34:34Z" changeset="0"/>
	<node id="254833105" lat="57.773577" lon="14.150075" version="12" timestamp="2009-02-12T14:23:03Z" changeset="0"/>
	<node id="254833283" lat="57.7736384" lon="14.1551048" version="25" timestamp="2021-07-29T09:13:48Z" changeset="0"/>
	<node id="254833409" lat="57.7740154" lon="14.1532285" version="15" timestamp="2025-07-11T06:13:19Z" changeset="0"/>
	<node id="254833583" lat="57.7747934" lon="14.1537604" version="14" timestamp="2025-07-11T06:13:19Z" changeset="0"/>
	<node id="254833596" lat="57.7742884" lon="14.1555354" version="13" timestamp="2011-11-19T14:55:39Z" changeset="0"/>
	<node id="254835748" lat="57.7747799" lon="14.1516286" version="6" timestamp="2014-01-20T01:30:12Z" changeset="0"/>
	<node id="254840242" lat="57.7825133" lon="14.1589658" version="22" timestamp="2014-12-14T21:49:17Z" changeset="0"/>
	<node id="254840243" lat="57.7827453" lon="14.1577834" version="15" timestamp="2020-06-03T16:34:34Z" changeset="0"/>
	<node id="254840387" lat="57.7831976" lon="14.1594418" version="30" timestamp="2022-01-08T14:55:04Z" changeset="0"/>
	<node id="254840538" lat="57.7798853" lon="14.1642992" version="88" timestamp="2021-01-19T12:12:31Z" changeset="0"/>
	<node id="254840540" lat="57.7801124" lon="14.1631016" version="98" timestamp="2020-06-03T16:34:34Z" changeset="0"/>
	<node id="254840544" lat="57.781298" lon="14.156825" version="98" timestamp="2021-08-18T13:51:26Z" changeset="0"/>
	<node id="254840711" lat="57.7813823" lon="14.1515211" version="11" timestamp="2021-05-29T14:41:11Z" changeset="0"/>
	<node id="254840881" lat="57.7797559" lon="14.1557756" version="20" timestamp="2009-05-12T11:30:40Z" changeset="0"/>
	<node id="254841199" lat="57.7809872" lon="14.1628819" version="29" timestamp="2021-05-21T07:41:13Z" changeset="0"/>
	<node id="254841201" lat="57.7829363" lon="14.1642033" version="9" timestamp="2009-05-10T19:52:54Z" changeset="0"/>
	<node id="254841355" lat="57.7835561" lon="14.1675383" version="7" timestamp="2021-09-24T11:47:44Z" changeset="0"/>
	<node id="254841357" lat="57.7837117" lon="14.1658455" version="14" timestamp="2021-09-24T11:47:44Z" changeset="0"/>
	<node id="254841358" lat="57.7838489" lon="14.1646379" version="6" timestamp="2021-09-24T11:47:44Z" changeset="0"/>
	<node id="254841359" lat="57.7840276" lon="14.1630315" version="10" timestamp="2021-09-24T11:47:44Z" changeset="0"/>
	<node id="254841448" lat="57.7836283" lon="14.1681871" version="7" timestamp="2021-09-24T11:47:44Z" changeset="0"/>
	<node id="254841449" lat="57.7835853" lon="14.1679047" version="5" timestamp="2011-10-17T18:40:17Z" changeset="0"/>
	<node id="254841656" lat="57.7814341" lon="14.1653061" version="21" timestamp="2021-08-20T07:09:43Z" changeset="0">
		<tag k="highway" v="turning_circle"/>
	</node>
	<node id="254841657" lat="57.7820405" lon="14.1657049" version="16" timestamp="2021-10-31T14:53:23Z" changeset="0"/>
	<node id="254842307" lat="57.7832993" lon="14.1636668" version="79" timestamp="2021-08-11T16:37:24Z" changeset="0"/>
	<node id="254842309" lat="57.7811055" lon="14.1622002" version="86" timestamp="2021-05-21T07:41:13Z" changeset="0"/>
	<node id="254842354" lat="57.7839134" lon="14.164088" version="66" timestamp="2021-09-24T11:47:44Z" changeset="0"/>
	<node id="254842402" lat="57.781927" lon="14.1620049" version="33" timestamp="2021-08-19T10:59:19Z" changeset="0"/>
	<node id="254842403" lat="57.7812303" lon="14.1615332" version="45" timestamp="2021-05-21T07:41:13Z" changeset="0"/>
	<node id="254842404" lat="57.7805023" lon="14.1610205" version="111" timestamp="2015-12-05T13:43:45Z" changeset="0"/>
	<node id="254842447" lat="57.7826336" lon="14.1624727" version="31" timestamp="2021-08-19T10:59:19Z" changeset="0"/>
	<node id="254842680" lat="57.7820619" lon="14.161305" version="27" timestamp="2009-05-10T18:57:36Z" changeset="0"/>
	<node id="254842681" lat="57.7827567" lon="14.1617932" version="32" timestamp="2021-08-19T10:59:19Z" changeset="0"/>
	<node id="254842705" lat="57.7798137" lon="14.1597911" version="23" timestamp="2021-07-27T14:58:56Z" changeset="0"/>
	<node id="254842799" lat="57.7800334" lon="14.1586333" version="30" timestamp="2021-07-27T14:58:56Z" changeset="0"/>
	<node id="254842896" lat="57.7804806" lon="14.1562754" version="28" timestamp="2021-07-27T14:58:56Z" changeset="0"/>
	<node id="254842897" lat="57.7789969" lon="14.1552508" version="17" timestamp="2019-01-03T16:57:37Z" changeset="0"/>
	<node id="254842898" lat="57.7789173" lon="14.1552035" version="14" timestamp="2019-01-03T16:57:37Z" changeset="0"/>
	<node id="254842941" lat="57.779545" lon="14.1543837" version="5" timestamp="2008-11-17T16:59:54Z" changeset="0"/>
	<node id="254842942" lat="57.7806978" lon="14.1551301" version="18" timestamp="2021-07-27T14:58:56Z" changeset="0"/>
	<node id="254842979" lat="57.7839482" lon="14.1587978" version="13" timestamp="2022-01-08T14:55:04Z" changeset="0"/>
	<node id="254843044" lat="57.7829714" lon="14.1606158" version="19" timestamp="2022-01-08T14:55:04Z" changeset="0"/>
	<node id="254843054" lat="57.7822878" lon="14.1601394" version="9" timestamp="2020-06-03T16:34:34Z" changeset="0"/>
	<node id="254843147" lat="57.7824489" lon="14.1549615" version="14" timestamp="2014-01-20T01:37:35Z" changeset="0"/>
	<node id="254843149" lat="57.7809229" lon="14.1539431" version="9" timestamp="2021-07-27T14:58:56Z" changeset="0"/>
	<node id="254843212" lat="57.7822177" lon="14.153518" version="5" timestamp="2021-10-15T07:04:13Z" changeset="0"/>
	<node id="254843213" lat="57.7811495" lon="14.1527486" version="9" timestamp="2021-07-27T14:58:56Z" changeset="0"/>
	<node id="254843264" lat="57.7819957" lon="14.1546701" version="10" timestamp="2021-10-15T07:04:13Z" changeset="0"/>
	<node id="254843354" lat="57.7822325" lon="14.1561336" version="24" timestamp="2015-01-30T20:04:45Z" changeset="0"/>
	<node id="254843355" lat="57.7826524" lon="14.1564167" version="20" timestamp="2015-01-30T20:04:45Z" changeset="0"/>
	<node id="254845843" lat="57.7792807" lon="14.1581098" version="18" timestamp="2014-11-15T13:37:26Z" changeset="0"/>
	<node id="254845844" lat="57.7795189" lon="14.1569531" version="16" timestamp="2014-11-15T14:50:43Z" changeset="0"/>
	<node id="254845947" lat="57.7820089" lon="14.1572935" version="8" timestamp="2020-06-03T16:34:34Z" changeset="0"/>
	<node id="254845948" lat="57.7816319" lon="14.1570448" version="12" timestamp="2009-01-08T15:33:02Z" changeset="0"/>
	<node id="254850397" lat="57.7805488" lon="14.17446" version="4" timestamp="2021-03-19T22:42:25Z" changeset="0"/>
	<node id="254850401" lat="57.7812656" lon="14.1716949" version="3" timestamp="2021-03-19T22:42:25Z" changeset="0"/>
	<node id="254850402" lat="57.78141" lon="14.171252" version="5" timestamp="2021-03-19T22:42:25Z" changeset="0"/>
	<node id="254850403" lat="57.7816106" lon="14.1705409" version="6" timestamp="2021-03-19T22:42:25Z" changeset="0"/>
	<node id="254850404" lat="57.781747" lon="14.1700627" version="7" timestamp="2021-03-19T22:42:25Z" changeset="0"/>
	<node id="254850405" lat="57.7817769" lon="14.1692275" version="13" timestamp="2021-03-19T22:42:25Z" changeset="0">
		<tag k="crossing" v="uncontrolled"/>
		<tag k="highway" v="crossing"/>
	</node>
	<node id="254850406" lat="57.7817705" lon="14.1686063" version="15" timestamp="2021-03-19T22:42:25Z" changeset="0"/>
	<node id="254850407" lat="57.7817974" lon="14.1683228" version="3" timestamp="2020-06-07T16:26:18Z" changeset="0"/>
	<node id="254850408" lat="57.7818311" lon="14.1682505" version="9" timestamp="2024-11-14T08:18:18Z" changeset="0">
		<tag k="bicycle" v="yes"/>
		<tag k="crossing" v="marked"/>
		<tag k="crossing:markings" v="yes"/>
		<tag k="highway" v="crossing"/>
	</node>
	<node id="254850409" lat="57.7821595" lon="14.1682172" version="3" timestamp="2022-01-18T06:41:42Z" changeset="0"/>
	<node id="254850410" lat="57.7828491" lon="14.1681497" version="9" timestamp="2022-01-18T06:41:42Z" changeset="0"/>
	<node id="254850421" lat="57.780498" lon="14.1748826" version="12" timestamp="2021-03-19T22:42:25Z" changeset="0"/>
	<node id="254850469" lat="57.7833175" lon="14.1730937" version="7" timestamp="2021-08-10T10:58:30Z" changeset="0"/>
	<node id="254850494" lat="57.780847" lon="14.1731874" version="9" timestamp="2021-03-19T22:42:25Z" changeset="0">
		<tag k="crossing" v="uncontrolled"/>
		<tag k="highway" v="crossing"/>
	</node>
	<node id="254850499" lat="57.7831563" lon="14.1743573" version="6" timestamp="2022-11-26T23:08:53Z" changeset="0"/>
	<node id="254851352" lat="57.7804868" lon="14.1753614" version="16" timestamp="2025-11-09T00:59:54Z" changeset="0">
		<tag k="bus" v="yes"/>
		<tag k="highway" v="bus_stop"/>
		<tag k="name" v="Stadsbiblioteket"/>
		<tag k="network" v="Jönköpings Länstrafik"/>
		<tag k="public_transport" v="stop_position"/>
		<tag k="ref" v="B"/>
	</node>
	<node id="254858711" lat="57.770505" lon="14.142285" version="8" timestamp="2025-07-11T06:13:19Z" changeset="0"/>
	<node id="254858722" lat="57.7730027" lon="14.1486473" version="5" timestamp="2024-10-31T11:31:43Z" changeset="0"/>
	<node id="254858723" lat="57.7728283" lon="14.1482513" version="6" timestamp="2024-10-31T11:31:43Z" changeset="0"/>
	<node id="254858725" lat="57.7725421" lon="14.147874" version="6" timestamp="2024-10-31T11:31:43Z" changeset="0"/>
	<node id="254858726" lat="57.7721087" lon="14.1472721" version="6" timestamp="2024-10-31T11:31:43Z" changeset="0"/>
	<node id="254858727" lat="57.7717683" lon="14.1468204" version="10" timestamp="2024-10-31T11:31:43Z" changeset="0"/>
	<node id="254858728" lat="57.7717585" lon="14.146659" version="6" timestamp="2024-10-31T11:31:43Z" changeset="0"/>
	<node id="254858729" lat="57.771704" lon="14.1461526" version="7" timestamp="2024-10-31T11:31:43Z" changeset="0"/>
	<node id="254858731" lat="57.7715474" lon="14.1455282" version="5" timestamp="2024-10-31T11:31:43Z" changeset="0"/>
	<node id="254858732" lat="57.7713579" lon="14.1449617" version="6" timestamp="2024-10-31T11:31:43Z" changeset="0"/>
	<node id="254858734" lat="57.7711393" lon="14.1445373" version="6" timestamp="2024-10-31T11:31:43Z" changeset="0"/>
	<node id="254858735" lat="57.770887" lon="14.1442251" version="6" timestamp="2024-10-31T11:31:43Z" changeset="0"/>
	<node id="254858736" lat="57.7706726" lon="14.1436864" version="6" timestamp="2024-10-31T11:31:43Z" changeset="0"/>
	<node id="254858737" lat="57.7706014" lon="14.1434234" version="6" timestamp="2024-10-31T11:31:43Z" changeset="0"/>
	<node id="254858739" lat="57.7704635" lon="14.1426118" version="5" timestamp="2024-10-31T11:31:43Z" changeset="0"/>
	<node id="254910224" lat="57.7708259" lon="14.1441382" version="7" timestamp="2024-10-31T11:31:43Z" changeset="0"/>
	<node id="254911199" lat="57.7714751" lon="14.145254" version="6" timestamp="2024-10-31T11:31:43Z" changeset="0"/>
	<node id="254911236" lat="57.7716267" lon="14.1458208" version="6" timestamp="2024-10-31T11:31:43Z" changeset="0"/>
	<node id="254969505" lat="57.7797013" lon="14.1570785" version="9" timestamp="2025-10-11T15:22:26Z" changeset="0">
		<tag k="bus" v="yes"/>
		<tag k="highway" v="bus_stop"/>
		<tag k="name" v="Lasarettsparken"/>
		<tag k="network" v="Jönköpings Länstrafik"/>
		<tag k="network:wikidata" v="Q10542127"/>
		<tag k="public_transport" v="stop_position"/>
		<tag k="ref" v="B"/>
	</node>
	<node id="256504451" lat="57.7794204" lon="14.1513739" version="3" timestamp="2008-11-03T20:45:17Z" changeset="0"/>
	<node id="256504452" lat="57.7790726" lon="14.1510735" version="2" timestamp="2008-11-03T20:45:17Z" changeset="0"/>
	<node id="256504453" lat="57.7787783" lon="14.1507916" version="8" timestamp="2021-08-03T09:58:30Z" changeset="0"/>
	<node id="256504454" lat="57.7785824" lon="14.1505338" version="3" timestamp="2021-05-27T20:28:17Z" changeset="0"/>
	<node id="256504455" lat="57.7796946" lon="14.1516265" version="9" timestamp="2014-11-15T14:50:43Z" changeset="0"/>
	<node id="257070898" lat="57.777717" lon="14.174955" version="21" timestamp="2021-03-19T22:42:25Z" changeset="0"/>
	<node id="257071054" lat="57.7784701" lon="14.1735998" version="11" timestamp="2021-03-19T22:42:25Z" changeset="0"/>
	<node id="257071055" lat="57.7783854" lon="14.1731728" version="6" timestamp="2021-03-19T22:42:25Z" changeset="0"/>
	<node id="257071291" lat="57.7795185" lon="14.1734035" version="20" timestamp="2021-03-20T16:05:00Z" changeset="0"/>
	<node id="257071292" lat="57.778094" lon="14.1742787" version="4" timestamp="2021-03-19T22:42:25Z" changeset="0"/>
	<node id="258692386" lat="57.7784612" lon="14.1709636" version="11" timestamp="2021-03-19T22:42:25Z" changeset="0"/>
	<node id="258694600" lat="57.7797331" lon="14.1739364" version="10" timestamp="2021-03-19T22:42:25Z" changeset="0"/>
	<node id="259851203" lat="57.778474" lon="14.1744298" version="5" timestamp="2021-03-19T22:42:25Z" changeset="0">
		<tag k="highway" v="turning_circle"/>
	</node>
	<node id="302044355" lat="57.7782071" lon="14.1735138" version="8" timestamp="2021-03-19T22:42:25Z" changeset="0"/>
	<node id="302044410" lat="57.7782046" lon="14.1740361" version="7" timestamp="2021-03-19T22:42:25Z" changeset="0"/>
	<node id="302044411" lat="57.7783634" lon="14.1741011" version="7" timestamp="2021-03-19T22:42:25Z" changeset="0"/>
	<node id="302044490" lat="57.7783349" lon="14.1734431" version="9" timestamp="2021-03-19T22:42:25Z" changeset="0"/>
	<node id="303742580" lat="57.7798721" lon="14.173486" version="7" timestamp="2021-03-19T22:42:25Z" changeset="0"/>
	<node id="303742973" lat="57.7774703" lon="14.1586839" version="1" timestamp="2008-10-11T14:09:46Z" changeset="0"/>
	<node id="303743181" lat="57.7796079" lon="14.1513421" version="15" timestamp="2021-08-03T09:58:30Z" changeset="0"/>
	<node id="303743566" lat="57.7828122" lon="14.1529734" version="18" timestamp="2021-10-15T07:04:13Z" changeset="0"/>
	<node id="303743734" lat="57.7790776" lon="14.1553023" version="12" timestamp="2022-03-13T20:19:22Z" changeset="0"/>
	<node id="303780766" lat="57.7823796" lon="14.1638218" version="11" timestamp="2021-08-19T10:59:19Z" changeset="0"/>
	<node id="303782129" lat="57.7827945" lon="14.1530801" version="10" timestamp="2014-01-20T01:37:36Z" changeset="0"/>
	<node id="303783495" lat="57.7788175" lon="14.1606729" version="65" timestamp="2021-07-27T14:58:56Z" changeset="0"/>
	<node id="303788065" lat="57.7792034" lon="14.154157" version="7" timestamp="2019-01-03T16:57:37Z" changeset="0"/>
	<node id="303827390" lat="57.7817305" lon="14.1545037" version="8" timestamp="2021-08-18T13:51:26Z" changeset="0"/>
	<node id="303828815" lat="57.7722404" lon="14.1520646" version="16" timestamp="2025-04-15T22:15:08Z" changeset="0"/>
	<node id="307783700" lat="57.7804802" lon="14.1759817" version="6" timestamp="2025-11-09T00:59:54Z" changeset="0">
		<tag k="bus" v="yes"/>
		<tag k="highway" v="bus_stop"/>
		<tag k="name" v="Stadsbiblioteket"/>
		<tag k="network" v="Jönköpings Länstrafik"/>
		<tag k="public_transport" v="stop_position"/>
		<tag k="ref" v="A"/>
	</node>
	<node id="315728607" lat="57.7817855" lon="14.1584842" version="12" timestamp="2014-12-14T21:49:18Z" changeset="0"/>
	<node id="315728608" lat="57.7810811" lon="14.1579945" version="91" timestamp="2015-12-05T13:43:46Z" changeset="0"/>
	<node id="315728651" lat="57.7815687" lon="14.1596707" version="13" timestamp="2014-12-14T21:49:18Z" changeset="0"/>
	<node id="315728652" lat="57.7808516" lon="14.1591943" version="94" timestamp="2015-12-05T13:43:45Z" changeset="0"/>
	<node id="315728787" lat="57.7802361" lon="14.1624268" version="76" timestamp="2015-12-05T13:51:50Z" changeset="0"/>
	<node id="315728788" lat="57.7802576" lon="14.1574511" version="11" timestamp="2021-07-27T14:58:56Z" changeset="0"/>
	<node id="315729198" lat="57.7724958" lon="14.1542319" version="11" timestamp="2014-12-14T21:49:18Z" changeset="0"/>
	<node id="316516980" lat="57.7816762" lon="14.1633509" version="6" timestamp="2021-08-19T10:59:19Z" changeset="0"/>
	<node id="339149555" lat="57.7766175" lon="14.1528622" version="4" timestamp="2018-12-28T22:28:29Z" changeset="0"/>
	<node id="353315927" lat="57.7806364" lon="14.1603193" version="84" timestamp="2015-12-05T13:43:45Z" changeset="0"/>
	<node id="359145116" lat="57.7791494" lon="14.1634956" version="8" timestamp="2021-08-02T12:36:16Z" changeset="0"/>
	<node id="359167757" lat="57.7803658" lon="14.1617341" version="14" timestamp="2009-08-27T19:57:19Z" changeset="0"/>
	<node id="359967923" lat="57.7796504" lon="14.1800879" version="8" timestamp="2021-03-19T22:42:25Z" changeset="0"/>
	<node id="359968023" lat="57.7795754" lon="14.1819118" version="7" timestamp="2021-03-19T22:42:25Z" changeset="0"/>
	<node id="393401280" lat="57.7813526" lon="14.1616125" version="3" timestamp="2021-05-21T07:41:13Z" changeset="0"/>
	<node id="398088065" lat="57.7788385" lon="14.1564791" version="3" timestamp="2025-06-01T09:26:16Z" changeset="0">
		<tag k="bicycle" v="yes"/>
		<tag k="crossing" v="traffic_signals"/>
		<tag k="crossing:markings" v="dots;zebra"/>
		<tag k="highway" v="crossing"/>
	</node>
	<node id="398207988" lat="57.7834225" lon="14.1582676" version="4" timestamp="2022-01-08T14:55:04Z" changeset="0"/>
	<node id="398207990" lat="57.7838337" lon="14.158553" version="3" timestamp="2022-01-08T14:55:04Z" changeset="0"/>
	<node id="398207991" lat="57.7839969" lon="14.1641108" version="4" timestamp="2021-09-24T11:47:44Z" changeset="0"/>
	<node id="398207994" lat="57.7825097" lon="14.1631529" version="6" timestamp="2015-01-30T20:06:26Z" changeset="0"/>
	<node id="398207995" lat="57.7817996" lon="14.1626759" version="3" timestamp="2021-08-19T10:59:19Z" changeset="0"/>
	<node id="398207997" lat="57.77955" lon="14.1611813" version="4" timestamp="2021-07-27T14:58:56Z" changeset="0"/>
	<node id="416480232" lat="57.7718771" lon="14.1538193" version="5" timestamp="2020-06-03T16:34:34Z" changeset="0"/>
	<node id="441806778" lat="57.7835141" lon="14.1615106" version="9" timestamp="2025-10-11T15:22:26Z" changeset="0">
		<tag k="bus" v="yes"/>
		<tag k="highway" v="bus_stop"/>
		<tag k="name" v="Juneporten"/>
		<tag k="network" v="Jönköpings Länstrafik"/>
		<tag k="network:wikidata" v="Q10542127"/>
		<tag k="public_transport" v="stop_position"/>
		<tag k="ref" v="B"/>
	</node>
	<node id="454409271" lat="57.7782621" lon="14.1734584" version="7" timestamp="2021-03-19T22:42:25Z" changeset="0"/>
	<node id="465222817" lat="57.7853784" lon="14.1561678" version="3" timestamp="2022-01-08T15:03:16Z" changeset="0"/>
	<node id="465227623" lat="57.7852741" lon="14.1557364" version="5" timestamp="2024-04-09T10:06:16Z" changeset="0"/>
	<node id="465227624" lat="57.7853478" lon="14.1558845" version="3" timestamp="2024-04-09T10:06:16Z" changeset="0"/>
	<node id="465227625" lat="57.7853613" lon="14.1565666" version="1" timestamp="2009-08-14T10:10:59Z" changeset="0"/>
	<node id="465227626" lat="57.7853373" lon="14.1569201" version="6" timestamp="2022-01-08T15:03:16Z" changeset="0"/>
	<node id="465227627" lat="57.7853" lon="14.1571436" version="5" timestamp="2014-04-01T11:06:59Z" changeset="0"/>
	<node id="465227628" lat="57.7849926" lon="14.1582111" version="5" timestamp="2014-04-01T11:06:59Z" changeset="0"/>
	<node id="465227629" lat="57.7847752" lon="14.1591419" version="4" timestamp="2014-04-01T11:06:59Z" changeset="0"/>
	<node id="465227638" lat="57.7846391" lon="14.1617065" version="6" timestamp="2021-08-16T13:27:31Z" changeset="0"/>
	<node id="465227640" lat="57.7846888" lon="14.1612462" version="8" timestamp="2021-08-16T13:27:31Z" changeset="0"/>
	<node id="465227642" lat="57.7848879" lon="14.1599355" version="6" timestamp="2021-08-10T21:30:47Z" changeset="0"/>
	<node id="465227643" lat="57.7849837" lon="14.1593872" version="6" timestamp="2021-08-10T21:30:47Z" changeset="0"/>
	<node id="465227644" lat="57.7851932" lon="14.1584692" version="5" timestamp="2021-08-10T21:30:47Z" changeset="0"/>
	<node id="465227654" lat="57.7849486" lon="14.1573923" version="6" timestamp="2022-01-08T15:03:16Z" changeset="0"/>
	<node id="465227655" lat="57.7850295" lon="14.1570906" version="5" timestamp="2022-01-08T15:03:16Z" changeset="0"/>
	<node id="465227656" lat="57.7852753" lon="14.1565604" version="4" timestamp="2025-04-16T18:48:48Z" changeset="0"/>
	<node id="465227657" lat="57.7853758" lon="14.1563585" version="4" timestamp="2025-04-16T18:48:48Z" changeset="0"/>
	<node id="471050680" lat="57.7794952" lon="14.1838424" version="5" timestamp="2021-03-19T22:42:25Z" changeset="0"/>
	<node id="471050683" lat="57.779419" lon="14.1838405" version="5" timestamp="2021-03-19T22:42:25Z" changeset="0"/>
	<node id="471050684" lat="57.7794947" lon="14.1820119" version="4" timestamp="2021-03-20T16:05:00Z" changeset="0">
		<tag k="crossing" v="traffic_signals"/>
		<tag k="highway" v="crossing"/>
	</node>
	<node id="473072856" lat="57.783421" lon="14.1609212" version="4" timestamp="2022-01-08T14:55:04Z" changeset="0"/>
	<node id="518565604" lat="57.7796265" lon="14.1515627" version="3" timestamp="2021-08-03T09:58:30Z" changeset="0"/>
	<node id="518565605" lat="57.779511" lon="14.1514604" version="1" timestamp="2009-10-03T10:33:05Z" changeset="0"/>
	<node id="518565606" lat="57.7795682" lon="14.1516038" version="1" timestamp="2009-10-03T10:33:05Z" changeset="0"/>
	<node id="518565607" lat="57.7795774" lon="14.1518395" version="2" timestamp="2014-11-15T14:50:43Z" changeset="0"/>
	<node id="533747274" lat="57.7817784" lon="14.1692964" version="3" timestamp="2021-03-19T22:42:25Z" changeset="0"/>
	<node id="533747281" lat="57.7837194" lon="14.1689513" version="4" timestamp="2021-09-24T11:47:44Z" changeset="0"/>
	<node id="534691337" lat="57.7786691" lon="14.1506587" version="2" timestamp="2021-05-27T20:28:17Z" changeset="0"/>
	<node id="534691338" lat="57.7787184" lon="14.1505174" version="2" timestamp="2021-05-27T20:28:17Z" changeset="0"/>
	<node id="579738189" lat="57.7797718" lon="14.174065" version="6" timestamp="2021-03-19T22:42:25Z" changeset="0"/>
	<node id="579738192" lat="57.7798844" lon="14.1741804" version="6" timestamp="2021-03-19T22:42:25Z" changeset="0"/>
	<node id="579738196" lat="57.7800988" lon="14.1738982" version="5" timestamp="2021-03-19T22:42:25Z" changeset="0"/>
	<node id="579738198" lat="57.7800326" lon="14.1735569" version="5" timestamp="2021-03-19T22:42:25Z" changeset="0"/>
	<node id="579738199" lat="57.7798182" lon="14.1735256" version="7" timestamp="2021-03-19T22:42:25Z" changeset="0"/>
	<node id="579738200" lat="57.7781412" lon="14.1737243" version="6" timestamp="2021-03-19T22:42:25Z" changeset="0"/>
	<node id="579738201" lat="57.7781664" lon="14.173955" version="6" timestamp="2021-03-19T22:42:25Z" changeset="0"/>
	<node id="579738202" lat="57.7784737" lon="14.1739426" version="6" timestamp="2021-03-19T22:42:25Z" changeset="0"/>
	<node id="579741387" lat="57.778805" lon="14.1659556" version="6" timestamp="2023-08-20T10:14:47Z" changeset="0"/>
	<node id="579741422" lat="57.7787382" lon="14.1657237" version="6" timestamp="2023-08-20T10:14:47Z" changeset="0"/>
	<node id="579741438" lat="57.778698" lon="14.1657019" version="6" timestamp="2023-08-20T10:14:47Z" changeset="0"/>
	<node id="579741454" lat="57.7786333" lon="14.1657224" version="6" timestamp="2023-08-20T10:14:47Z" changeset="0"/>
	<node id="579741511" lat="57.7785808" lon="14.1658123" version="6" timestamp="2023-08-20T10:14:47Z" changeset="0"/>
	<node id="579741553" lat="57.7786807" lon="14.166154" version="6" timestamp="2023-08-20T10:14:47Z" changeset="0"/>
	<node id="579741565" lat="57.778742" lon="14.1661274" version="6" timestamp="2023-08-20T10:14:47Z" changeset="0"/>
	<node id="579741654" lat="57.7779636" lon="14.1604903" version="6" timestamp="2025-04-15T22:15:09Z" changeset="0"/>
	<node id="579741674" lat="57.7780543" lon="14.1604008" version="5" timestamp="2025-04-15T22:15:09Z" changeset="0"/>
	<node id="579741738" lat="57.7780251" lon="14.1599207" version="5" timestamp="2025-04-15T22:15:09Z" changeset="0"/>
	<node id="582997999" lat="57.7855016" lon="14.1543551" version="9" timestamp="2023-10-23T20:24:50Z" changeset="0">
		<tag k="bicycle" v="yes"/>
		<tag k="crossing" v="traffic_signals"/>
		<tag k="highway" v="crossing"/>
	</node>
	<node id="582998001" lat="57.785614" lon="14.1551723" version="7" timestamp="2023-10-23T20:24:50Z" changeset="0"/>
	<node id="622948152" lat="57.7798674" lon="14.1629312" version="7" timestamp="2025-10-11T15:22:26Z" changeset="0">
		<tag k="bus" v="yes"/>
		<tag k="highway" v="bus_stop"/>
		<tag k="name" v="Högskolan"/>
		<tag k="network" v="Jönköpings Länstrafik"/>
		<tag k="network:wikidata" v="Q10542127"/>
		<tag k="public_transport" v="stop_position"/>
		<tag k="ref" v="B"/>
	</node>
	<node id="622948512" lat="57.7810341" lon="14.172509" version="9" timestamp="2025-09-26T16:31:43Z" changeset="0">
		<tag k="bus" v="yes"/>
		<tag k="highway" v="bus_stop"/>
		<tag k="name" v="Östra centrum"/>
		<tag k="network" v="Jönköpings Länstrafik"/>
		<tag k="network:short" v="JLT"/>
		<tag k="network:wikidata" v="Q10542127"/>
		<tag k="public_transport" v="stop_position"/>
		<tag k="ref" v="A;B"/>
	</node>
	<node id="672918958" lat="57.7796521" lon="14.1654833" version="4" timestamp="2021-01-04T16:53:06Z" changeset="0"/>
	<node id="686704173" lat="57.7836856" lon="14.1660731" version="8" timestamp="2025-07-27T16:46:57Z" changeset="0">
		<tag k="button_operated" v="yes"/>
		<tag k="crossing" v="traffic_signals"/>
		<tag k="highway" v="crossing"/>
		<tag k="tactile_paving" v="no"/>
		<tag k="traffic_signals:sound" v="yes"/>
		<tag k="traffic_signals:vibration" v="yes"/>
	</node>
	<node id="699754799" lat="57.7839954" lon="14.1623655" version="5" timestamp="2021-08-16T12:36:48Z" changeset="0"/>
	<node id="705029180" lat="57.7772378" lon="14.1532821" version="2" timestamp="2018-12-28T22:28:30Z" changeset="0"/>
	<node id="705029181" lat="57.7776374" lon="14.159811" version="3" timestamp="2021-08-03T06:06:44Z" changeset="0"/>
	<node id="828185591" lat="57.7860235" lon="14.1540134" version="5" timestamp="2023-10-23T20:24:50Z" changeset="0"/>
	<node id="828185598" lat="57.7861892" lon="14.1538379" version="4" timestamp="2023-10-23T20:24:50Z" changeset="0"/>
	<node id="828824227" lat="57.7837448" lon="14.1691918" version="4" timestamp="2021-08-10T10:58:30Z" changeset="0"/>
	<node id="828824229" lat="57.7836167" lon="14.1691702" version="2" timestamp="2020-06-07T16:26:18Z" changeset="0"/>
	<node id="828824230" lat="57.7834723" lon="14.1691756" version="2" timestamp="2020-06-07T16:26:18Z" changeset="0"/>
	<node id="828824231" lat="57.7833765" lon="14.1691943" version="2" timestamp="2020-06-07T16:26:18Z" changeset="0"/>
	<node id="828824233" lat="57.7833508" lon="14.1692668" version="2" timestamp="2020-06-07T16:26:18Z" changeset="0"/>
	<node id="828824234" lat="57.7833508" lon="14.1693472" version="2" timestamp="2020-06-07T16:26:18Z" changeset="0"/>
	<node id="828824235" lat="57.7833879" lon="14.1694102" version="2" timestamp="2020-06-07T16:26:18Z" changeset="0"/>
	<node id="828824236" lat="57.7836396" lon="14.1695202" version="2" timestamp="2020-06-07T16:26:18Z" changeset="0"/>
	<node id="828824237" lat="57.7837196" lon="14.169543" version="2" timestamp="2020-06-07T16:26:18Z" changeset="0"/>
	<node id="828824238" lat="57.7837576" lon="14.1695615" version="5" timestamp="2021-10-05T06:26:11Z" changeset="0"/>
	<node id="828824256" lat="57.7820412" lon="14.1685447" version="5" timestamp="2021-01-16T09:44:45Z" changeset="0"/>
	<node id="828824257" lat="57.7821361" lon="14.1685594" version="5" timestamp="2021-01-16T09:44:45Z" changeset="0"/>
	<node id="828824258" lat="57.7824442" lon="14.1686015" version="2" timestamp="2020-06-05T17:39:49Z" changeset="0"/>
	<node id="828824259" lat="57.7825828" lon="14.16858" version="3" timestamp="2020-06-05T17:39:49Z" changeset="0"/>
	<node id="828824260" lat="57.7825971" lon="14.1685424" version="3" timestamp="2020-06-05T17:39:49Z" changeset="0"/>
	<node id="828824262" lat="57.7825985" lon="14.1684673" version="3" timestamp="2020-06-05T17:39:49Z" changeset="0"/>
	<node id="828824263" lat="57.7825778" lon="14.1684124" version="3" timestamp="2020-06-05T17:39:49Z" changeset="0"/>
	<node id="828824264" lat="57.782537" lon="14.1683896" version="3" timestamp="2020-06-05T17:39:49Z" changeset="0"/>
	<node id="828824265" lat="57.7822224" lon="14.1683466" version="3" timestamp="2020-06-05T17:39:49Z" changeset="0"/>
	<node id="828824266" lat="57.7820436" lon="14.1683199" version="4" timestamp="2021-01-16T09:44:45Z" changeset="0"/>
	<node id="945982912" lat="57.7785277" lon="14.1732781" version="6" timestamp="2021-03-20T16:05:00Z" changeset="0"/>
	<node id="945982913" lat="57.778671" lon="14.1736104" version="3" timestamp="2021-03-19T22:42:25Z" changeset="0"/>
	<node id="945982914" lat="57.7790447" lon="14.1734399" version="6" timestamp="2025-08-23T12:12:58Z" changeset="0"/>
	<node id="945982920" lat="57.7787593" lon="14.1734946" version="4" timestamp="2021-03-19T22:42:25Z" changeset="0"/>
	<node id="945982923" lat="57.7787689" lon="14.1718153" version="3" timestamp="2021-03-20T16:05:00Z" changeset="0"/>
	<node id="945982925" lat="57.7790739" lon="14.1720772" version="3" timestamp="2021-03-20T16:05:00Z" changeset="0"/>
	<node id="945982926" lat="57.7787127" lon="14.173499" version="5" timestamp="2021-03-20T16:05:00Z" changeset="0"/>
	<node id="945982927" lat="57.7785323" lon="14.1717758" version="6" timestamp="2021-03-20T16:05:00Z" changeset="0"/>
	<node id="945982930" lat="57.7789176" lon="14.1719185" version="3" timestamp="2021-03-20T16:05:00Z" changeset="0"/>
	<node id="945982931" lat="57.778392" lon="14.1729724" version="2" timestamp="2021-03-19T22:42:25Z" changeset="0"/>
	<node id="945982933" lat="57.7785799" lon="14.1733754" version="5" timestamp="2021-03-20T16:05:00Z" changeset="0"/>
	<node id="945982934" lat="57.7789911" lon="14.1719916" version="3" timestamp="2021-03-20T16:05:00Z" changeset="0"/>
	<node id="945982936" lat="57.7784502" lon="14.171257" version="4" timestamp="2021-03-19T22:42:25Z" changeset="0"/>
	<node id="945982939" lat="57.7790495" lon="14.1735578" version="5" timestamp="2021-03-19T22:42:25Z" changeset="0"/>
	<node id="945982941" lat="57.7784319" lon="14.173243" version="2" timestamp="2021-03-19T22:42:25Z" changeset="0"/>
	<node id="945982942" lat="57.7786369" lon="14.1734516" version="5" timestamp="2021-03-20T16:05:00Z" changeset="0"/>
	<node id="945982943" lat="57.7790979" lon="14.1736724" version="3" timestamp="2021-03-19T22:42:25Z" changeset="0"/>
	<node id="945982944" lat="57.7787333" lon="14.173634" version="4" timestamp="2021-03-19T22:42:25Z" changeset="0"/>
	<node id="945982949" lat="57.7784962" lon="14.1731889" version="5" timestamp="2021-03-19T22:42:25Z" changeset="0"/>
	<node id="945982950" lat="57.7791077" lon="14.1721119" version="4" timestamp="2021-03-20T16:05:00Z" changeset="0"/>
	<node id="945982951" lat="57.7785147" lon="14.173501" version="2" timestamp="2021-03-19T22:42:25Z" changeset="0"/>
	<node id="950768989" lat="57.7848567" lon="14.162422" version="8" timestamp="2025-08-26T20:31:11Z" changeset="0">
		<tag k="access" v="yes"/>
		<tag k="highway" v="elevator"/>
		<tag k="level" v="0;1"/>
	</node>
	<node id="951536703" lat="57.7840558" lon="14.1664355" version="2" timestamp="2011-10-17T18:40:20Z" changeset="0"/>
	<node id="951536704" lat="57.7839983" lon="14.1657845" version="4" timestamp="2026-04-02T10:09:24Z" changeset="0"/>
	<node id="951536705" lat="57.7838125" lon="14.1684857" version="2" timestamp="2011-10-17T18:40:20Z" changeset="0"/>
	<node id="951536706" lat="57.7839661" lon="14.1636514" version="4" timestamp="2021-09-24T11:47:44Z" changeset="0"/>
	<node id="951536707" lat="57.7841857" lon="14.1637856" version="2" timestamp="2013-03-11T08:18:59Z" changeset="0"/>
	<node id="951536708" lat="57.7840425" lon="14.1636793" version="3" timestamp="2021-09-24T11:47:44Z" changeset="0"/>
	<node id="951536709" lat="57.7836702" lon="14.1685525" version="4" timestamp="2021-09-24T11:47:44Z" changeset="0"/>
	<node id="951536710" lat="57.7839726" lon="14.167109" version="2" timestamp="2011-10-17T18:40:20Z" changeset="0"/>
	<node id="951536712" lat="57.7839519" lon="14.1659012" version="3" timestamp="2013-03-11T08:18:59Z" changeset="0"/>
	<node id="951536713" lat="57.7838566" lon="14.1683998" version="2" timestamp="2011-10-17T18:40:20Z" changeset="0"/>
	<node id="951536714" lat="57.7837725" lon="14.1673343" version="2" timestamp="2011-10-17T18:40:20Z" changeset="0"/>
	<node id="951536715" lat="57.7841986" lon="14.1638634" version="2" timestamp="2013-03-11T08:18:59Z" changeset="0"/>
	<node id="951536716" lat="57.7836423" lon="14.1664277" version="3" timestamp="2021-09-24T11:47:44Z" changeset="0"/>
	<node id="951536717" lat="57.7838197" lon="14.1671713" version="2" timestamp="2011-10-17T18:40:21Z" changeset="0"/>
	<node id="951536718" lat="57.783915" lon="14.1663705" version="2" timestamp="2011-10-17T18:40:21Z" changeset="0"/>
	<node id="951536723" lat="57.7841519" lon="14.1637297" version="4" timestamp="2025-03-01T15:14:14Z" changeset="0">
		<tag k="crossing" v="uncontrolled"/>
		<tag k="crossing:markings" v="zebra"/>
		<tag k="highway" v="crossing"/>
	</node>
	<node id="951536724" lat="57.7836787" lon="14.1669688" version="3" timestamp="2021-09-24T11:47:44Z" changeset="0"/>
	<node id="951536725" lat="57.7838238" lon="14.1670387" version="2" timestamp="2011-10-17T18:40:21Z" changeset="0"/>
	<node id="951536727" lat="57.7838867" lon="14.1680378" version="1" timestamp="2010-10-16T13:56:08Z" changeset="0"/>
	<node id="1150840044" lat="57.7838652" lon="14.1589869" version="3" timestamp="2022-01-08T14:55:04Z" changeset="0"/>
	<node id="1239975512" lat="57.7781921" lon="14.1631943" version="3" timestamp="2021-08-03T05:39:54Z" changeset="0"/>
	<node id="1239975522" lat="57.7783958" lon="14.1653668" version="4" timestamp="2023-08-20T10:14:47Z" changeset="0"/>
	<node id="1239975583" lat="57.7786486" lon="14.1661436" version="5" timestamp="2023-08-20T10:14:47Z" changeset="0"/>
	<node id="1239975613" lat="57.7785292" lon="14.1658254" version="5" timestamp="2025-04-15T22:15:09Z" changeset="0">
		<tag k="direction" v="forward"/>
		<tag k="highway" v="give_way"/>
	</node>
	<node id="1239975657" lat="57.777535" lon="14.162475" version="6" timestamp="2023-08-20T10:14:47Z" changeset="0"/>
	<node id="1239975708" lat="57.7785707" lon="14.1658538" version="5" timestamp="2023-08-20T10:14:47Z" changeset="0"/>
	<node id="1239975732" lat="57.7776597" lon="14.1616952" version="9" timestamp="2025-02-01T10:28:56Z" changeset="0"/>
	<node id="1239975735" lat="57.7777635" lon="14.1638206" version="7" timestamp="2022-01-13T19:50:01Z" changeset="0">
		<tag k="highway" v="traffic_signals"/>
		<tag k="traffic_signals" v="signal"/>
	</node>
	<node id="1240022063" lat="57.7840688" lon="14.153772" version="1" timestamp="2011-04-10T16:34:37Z" changeset="0"/>
	<node id="1240022072" lat="57.784344" lon="14.155215" version="2" timestamp="2022-06-21T09:29:25Z" changeset="0"/>
	<node id="1240022084" lat="57.7839256" lon="14.1536795" version="1" timestamp="2011-04-10T16:34:37Z" changeset="0"/>
	<node id="1240022085" lat="57.7804917" lon="14.1751014" version="7" timestamp="2025-11-09T00:59:54Z" changeset="0">
		<tag k="crossing:island" v="yes"/>
		<tag k="crossing:markings" v="yes"/>
		<tag k="crossing:signals" v="no"/>
		<tag k="highway" v="crossing"/>
		<tag k="tactile_paving" v="yes"/>
	</node>
	<node id="1240022098" lat="57.7848133" lon="14.1567" version="2" timestamp="2022-01-08T14:55:04Z" changeset="0"/>
	<node id="1240022101" lat="57.7804798" lon="14.1762779" version="4" timestamp="2022-01-05T21:00:59Z" changeset="0">
		<tag k="crossing" v="uncontrolled"/>
		<tag k="highway" v="crossing"/>
	</node>
	<node id="1240022103" lat="57.784128" lon="14.1542139" version="1" timestamp="2011-04-10T16:34:38Z" changeset="0"/>
	<node id="1240022114" lat="57.7843475" lon="14.1542908" version="1" timestamp="2011-04-10T16:34:38Z" changeset="0"/>
	<node id="1240022118" lat="57.77993" lon="14.1734789" version="6" timestamp="2021-03-19T22:42:25Z" changeset="0"/>
	<node id="1240022137" lat="57.7852096" lon="14.1548278" version="1" timestamp="2011-04-10T16:34:39Z" changeset="0"/>
	<node id="1240022156" lat="57.7837792" lon="14.1535889" version="1" timestamp="2011-04-10T16:34:40Z" changeset="0"/>
	<node id="1240022173" lat="57.7855392" lon="14.1552278" version="5" timestamp="2023-10-23T20:24:50Z" changeset="0"/>
	<node id="1240022177" lat="57.7837008" lon="14.1538654" version="1" timestamp="2011-04-10T16:34:41Z" changeset="0"/>
	<node id="1240022194" lat="57.7779681" lon="14.1743625" version="2" timestamp="2021-03-19T22:42:25Z" changeset="0"/>
	<node id="1240022206" lat="57.7852469" lon="14.1546335" version="1" timestamp="2011-04-10T16:34:41Z" changeset="0"/>
	<node id="1240022221" lat="57.7842167" lon="14.1538752" version="1" timestamp="2011-04-10T16:34:42Z" changeset="0"/>
	<node id="1240022228" lat="57.7837608" lon="14.1572941" version="2" timestamp="2014-12-14T21:49:15Z" changeset="0"/>
	<node id="1240022239" lat="57.7838456" lon="14.1539783" version="1" timestamp="2011-04-10T16:34:43Z" changeset="0"/>
	<node id="1240022249" lat="57.7849314" lon="14.1546209" version="1" timestamp="2011-04-10T16:34:43Z" changeset="0"/>
	<node id="1240022253" lat="57.7839811" lon="14.1540835" version="1" timestamp="2011-04-10T16:34:43Z" changeset="0"/>
	<node id="1240022258" lat="57.7780508" lon="14.1743407" version="3" timestamp="2021-03-19T22:42:25Z" changeset="0"/>
	<node id="1240022259" lat="57.7834861" lon="14.1583058" version="4" timestamp="2022-01-08T14:55:04Z" changeset="0"/>
	<node id="1240022267" lat="57.7848447" lon="14.1546218" version="1" timestamp="2011-04-10T16:34:44Z" changeset="0"/>
	<node id="1295433200" lat="57.7795692" lon="14.182073" version="4" timestamp="2021-03-20T16:05:00Z" changeset="0">
		<tag k="crossing" v="traffic_signals"/>
		<tag k="highway" v="crossing"/>
	</node>
	<node id="1295433411" lat="57.7795375" lon="14.1828624" version="3" timestamp="2021-03-19T22:42:25Z" changeset="0"/>
	<node id="1295871313" lat="57.7805323" lon="14.1740082" version="4" timestamp="2021-03-19T22:42:25Z" changeset="0"/>
	<node id="1295871322" lat="57.7805953" lon="14.1737996" version="2" timestamp="2021-03-19T22:42:25Z" changeset="0"/>
	<node id="1295871326" lat="57.7807633" lon="14.1731057" version="5" timestamp="2023-01-19T12:29:14Z" changeset="0">
		<tag k="crossing" v="uncontrolled"/>
		<tag k="crossing:island" v="yes"/>
		<tag k="highway" v="crossing"/>
		<tag k="tactile_paving" v="no"/>
	</node>
	<node id="1295871336" lat="57.7803315" lon="14.1738648" version="3" timestamp="2015-03-14T17:24:59Z" changeset="0"/>
	<node id="1295871350" lat="57.7802227" lon="14.1738448" version="4" timestamp="2021-03-19T22:42:25Z" changeset="0"/>
	<node id="1295871354" lat="57.7801713" lon="14.1741591" version="2" timestamp="2015-03-14T17:24:59Z" changeset="0"/>
	<node id="1295871360" lat="57.7803724" lon="14.1738544" version="4" timestamp="2021-03-19T22:42:25Z" changeset="0"/>
	<node id="1468620871" lat="57.7851785" lon="14.156791" version="3" timestamp="2025-04-16T18:48:48Z" changeset="0"/>
	<node id="1471039354" lat="57.7830915" lon="14.1653156" version="2" timestamp="2020-06-03T16:34:34Z" changeset="0"/>
	<node id="1471039358" lat="57.783735" lon="14.1676823" version="1" timestamp="2011-10-17T18:40:11Z" changeset="0"/>
	<node id="1471039363" lat="57.7837456" lon="14.1679101" version="1" timestamp="2011-10-17T18:40:11Z" changeset="0"/>
	<node id="1471039379" lat="57.7841911" lon="14.1654102" version="3" timestamp="2021-08-16T12:36:48Z" changeset="0"/>
	<node id="1474287277" lat="57.7797418" lon="14.1760503" version="2" timestamp="2021-03-19T22:42:25Z" changeset="0"/>
	<node id="1474287278" lat="57.7797869" lon="14.1748677" version="3" timestamp="2021-03-19T22:42:25Z" changeset="0"/>
	<node id="1474287279" lat="57.7800668" lon="14.174037" version="5" timestamp="2021-03-19T22:42:25Z" changeset="0"/>
	<node id="1474287280" lat="57.7799279" lon="14.1741835" version="5" timestamp="2021-03-19T22:42:25Z" changeset="0"/>
	<node id="1474287281" lat="57.7800886" lon="14.1741609" version="3" timestamp="2021-03-19T22:42:25Z" changeset="0"/>
	<node id="1479451310" lat="57.7798669" lon="14.1746968" version="2" timestamp="2021-03-19T22:42:25Z" changeset="0"/>
	<node id="1479451311" lat="57.7799045" lon="14.174315" version="1" timestamp="2011-10-24T20:26:30Z" changeset="0"/>
	<node id="1479451330" lat="57.779858" lon="14.1751487" version="2" timestamp="2021-03-19T22:42:25Z" changeset="0"/>
	<node id="1479451334" lat="57.7797733" lon="14.1744373" version="3" timestamp="2021-03-19T22:42:25Z" changeset="0"/>
	<node id="1507746875" lat="57.7778674" lon="14.1606494" version="5" timestamp="2021-06-02T08:57:30Z" changeset="0"/>
	<node id="1507746894" lat="57.7780306" lon="14.1597028" version="2" timestamp="2019-01-03T16:57:37Z" changeset="0"/>
	<node id="1507746899" lat="57.7780892" lon="14.1735042" version="4" timestamp="2021-03-20T16:05:00Z" changeset="0">
		<tag k="bicycle" v="yes"/>
		<tag k="crossing" v="uncontrolled"/>
		<tag k="highway" v="crossing"/>
	</node>
	<node id="1507746902" lat="57.7781144" lon="14.1597603" version="4" timestamp="2021-08-03T06:06:44Z" changeset="0"/>
	<node id="1507746927" lat="57.7787122" lon="14.1655686" version="3" timestamp="2025-04-15T22:15:09Z" changeset="0">
		<tag k="direction" v="forward"/>
		<tag k="highway" v="give_way"/>
	</node>
	<node id="1574996730" lat="57.7835648" lon="14.1711835" version="3" timestamp="2021-10-09T15:03:01Z" changeset="0"/>
	<node id="1653001996" lat="57.7788108" lon="14.1661876" version="2" timestamp="2021-08-02T12:36:16Z" changeset="0"/>
	<node id="1653002006" lat="57.7790824" lon="14.1665299" version="3" timestamp="2021-10-08T13:37:09Z" changeset="0"/>
	<node id="1653002010" lat="57.7793214" lon="14.1652682" version="3" timestamp="2021-10-08T13:37:09Z" changeset="0"/>
	<node id="1653002028" lat="57.780036" lon="14.1671606" version="1" timestamp="2012-02-29T17:00:13Z" changeset="0"/>
	<node id="1678132907" lat="57.7732242" lon="14.1567552" version="3" timestamp="2022-10-17T12:11:53Z" changeset="0">
		<tag k="highway" v="crossing"/>
	</node>
	<node id="1678132909" lat="57.7747854" lon="14.1577602" version="6" timestamp="2024-11-14T08:18:18Z" changeset="0">
		<tag k="crossing" v="marked"/>
		<tag k="crossing:markings" v="yes"/>
		<tag k="highway" v="crossing"/>
	</node>
	<node id="1678132914" lat="57.7748335" lon="14.1577918" version="5" timestamp="2024-11-14T08:18:18Z" changeset="0">
		<tag k="crossing" v="marked"/>
		<tag k="crossing:markings" v="yes"/>
		<tag k="highway" v="crossing"/>
	</node>
	<node id="1680993611" lat="57.7794116" lon="14.1735671" version="3" timestamp="2021-03-19T22:42:25Z" changeset="0"/>
	<node id="1680993612" lat="57.779603" lon="14.173598" version="3" timestamp="2021-03-19T22:42:25Z" changeset="0"/>
	<node id="1680993614" lat="57.781208" lon="14.167536" version="5" timestamp="2021-08-20T07:09:43Z" changeset="0"/>
	<node id="1680993615" lat="57.7813783" lon="14.1666058" version="3" timestamp="2021-08-20T07:09:43Z" changeset="0"/>
	<node id="1680993616" lat="57.7817356" lon="14.1673737" version="11" timestamp="2025-10-11T15:22:26Z" changeset="0">
		<tag k="bus" v="yes"/>
		<tag k="highway" v="bus_stop"/>
		<tag k="name" v="Rådhusparken"/>
		<tag k="network" v="Jönköpings Länstrafik"/>
		<tag k="network:wikidata" v="Q10542127"/>
		<tag k="public_transport" v="stop_position"/>
		<tag k="ref" v="C"/>
	</node>
	<node id="1680993617" lat="57.7816953" lon="14.1683225" version="5" timestamp="2021-03-19T22:42:25Z" changeset="0"/>
	<node id="1680993619" lat="57.7817055" lon="14.1690653" version="5" timestamp="2021-03-19T22:42:25Z" changeset="0"/>
	<node id="1680993620" lat="57.7818201" lon="14.1668882" version="8" timestamp="2025-07-11T06:13:19Z" changeset="0"/>
	<node id="1680993621" lat="57.7822314" lon="14.1646545" version="5" timestamp="2024-11-14T08:18:18Z" changeset="0">
		<tag k="crossing" v="marked"/>
		<tag k="crossing:markings" v="yes"/>
		<tag k="highway" v="crossing"/>
	</node>
	<node id="1762990139" lat="57.7777116" lon="14.1638911" version="6" timestamp="2022-01-13T19:50:01Z" changeset="0">
		<tag k="highway" v="traffic_signals"/>
		<tag k="traffic_signals" v="signal"/>
	</node>
	<node id="1766009323" lat="57.7728961" lon="14.1483752" version="2" timestamp="2024-10-31T11:31:43Z" changeset="0"/>
	<node id="1766009339" lat="57.7730573" lon="14.148789" version="2" timestamp="2024-10-31T11:31:43Z" changeset="0"/>
	<node id="1766009353" lat="57.7731937" lon="14.1491249" version="2" timestamp="2024-10-31T11:31:43Z" changeset="0"/>
	<node id="1766009585" lat="57.7781634" lon="14.1590313" version="3" timestamp="2020-12-20T21:02:18Z" changeset="0">
		<tag k="highway" v="traffic_signals"/>
		<tag k="traffic_signals" v="signal"/>
	</node>
	<node id="1766009587" lat="57.7782322" lon="14.1582069" version="1" timestamp="2012-05-26T11:02:59Z" changeset="0"/>
	<node id="1766009588" lat="57.7782453" lon="14.1590841" version="3" timestamp="2020-12-20T21:02:18Z" changeset="0">
		<tag k="highway" v="traffic_signals"/>
		<tag k="traffic_signals" v="signal"/>
	</node>
	<node id="1766009611" lat="57.7784146" lon="14.1572507" version="2" timestamp="2019-01-03T16:57:37Z" changeset="0"/>
	<node id="1766009615" lat="57.7784937" lon="14.1737107" version="4" timestamp="2021-03-19T22:42:25Z" changeset="0"/>
	<node id="1766009617" lat="57.7785964" lon="14.1563094" version="2" timestamp="2019-01-03T16:57:37Z" changeset="0"/>
	<node id="1766009623" lat="57.7789434" lon="14.154457" version="3" timestamp="2019-01-03T16:57:37Z" changeset="0"/>
	<node id="1766009632" lat="57.7792679" lon="14.1628754" version="3" timestamp="2021-08-02T12:36:16Z" changeset="0"/>
	<node id="1766009647" lat="57.7793" lon="14.1627176" version="3" timestamp="2021-08-02T12:36:16Z" changeset="0"/>
	<node id="1766009660" lat="57.7793115" lon="14.1626748" version="3" timestamp="2021-08-02T12:36:16Z" changeset="0"/>
	<node id="1766009668" lat="57.7793418" lon="14.1626256" version="8" timestamp="2025-03-02T13:29:40Z" changeset="0"/>
	<node id="1766009678" lat="57.779386" lon="14.1626138" version="2" timestamp="2020-06-03T16:34:34Z" changeset="0"/>
	<node id="1766009680" lat="57.7794546" lon="14.1626494" version="2" timestamp="2020-06-03T16:34:34Z" changeset="0"/>
	<node id="1766009692" lat="57.7797257" lon="14.1738709" version="3" timestamp="2021-03-19T22:42:25Z" changeset="0"/>
	<node id="1766009696" lat="57.7797612" lon="14.1736271" version="6" timestamp="2025-10-19T20:11:47Z" changeset="0">
		<tag k="highway" v="traffic_signals"/>
		<tag k="road_marking" v="stop_line"/>
		<tag k="stroke" v="solid"/>
		<tag k="traffic_signals" v="bus_priority"/>
		<tag k="traffic_signals:direction" v="forward"/>
	</node>
	<node id="1766009700" lat="57.7798424" lon="14.1741586" version="3" timestamp="2021-03-19T22:42:25Z" changeset="0"/>
	<node id="1766009702" lat="57.779883" lon="14.1743918" version="1" timestamp="2012-05-26T11:03:01Z" changeset="0"/>
	<node id="1766009704" lat="57.7800892" lon="14.1632297" version="10" timestamp="2024-11-14T08:18:18Z" changeset="0">
		<tag k="crossing" v="unmarked"/>
		<tag k="crossing:island" v="no"/>
		<tag k="crossing:markings" v="no"/>
		<tag k="highway" v="crossing"/>
		<tag k="kerb" v="flush"/>
		<tag k="tactile_paving" v="no"/>
	</node>
	<node id="1766009731" lat="57.7823944" lon="14.1549269" version="2" timestamp="2014-01-20T01:37:36Z" changeset="0"/>
	<node id="1766009747" lat="57.7837204" lon="14.1669881" version="1" timestamp="2012-05-26T11:03:02Z" changeset="0"/>
	<node id="1766009751" lat="57.7837398" lon="14.168519" version="2" timestamp="2020-06-07T16:26:18Z" changeset="0"/>
	<node id="1766009759" lat="57.783772" lon="14.1661152" version="8" timestamp="2025-07-27T16:46:55Z" changeset="0">
		<tag k="button_operated" v="yes"/>
		<tag k="crossing" v="traffic_signals"/>
		<tag k="highway" v="crossing"/>
		<tag k="tactile_paving" v="no"/>
		<tag k="traffic_signals:sound" v="yes"/>
		<tag k="traffic_signals:vibration" v="yes"/>
	</node>
	<node id="1766009769" lat="57.7838674" lon="14.1659349" version="2" timestamp="2022-10-30T16:48:14Z" changeset="0">
		<tag k="highway" v="crossing"/>
	</node>
	<node id="1766009771" lat="57.783986" lon="14.1641098" version="1" timestamp="2012-05-26T11:03:02Z" changeset="0"/>
	<node id="1766009776" lat="57.7840278" lon="14.1623884" version="2" timestamp="2021-08-16T12:36:48Z" changeset="0"/>
	<node id="1766009778" lat="57.7841134" lon="14.1637095" version="2" timestamp="2022-10-30T16:48:14Z" changeset="0">
		<tag k="highway" v="crossing"/>
	</node>
	<node id="1766009789" lat="57.7842874" lon="14.1625771" version="3" timestamp="2021-08-16T12:36:48Z" changeset="0"/>
	<node id="1779154809" lat="57.7805682" lon="14.1764225" version="2" timestamp="2021-05-21T07:49:34Z" changeset="0">
		<tag k="crossing" v="uncontrolled"/>
		<tag k="highway" v="crossing"/>
	</node>
	<node id="1780591515" lat="57.7795931" lon="14.1627443" version="8" timestamp="2025-10-11T15:22:26Z" changeset="0">
		<tag k="bus" v="yes"/>
		<tag k="highway" v="bus_stop"/>
		<tag k="name" v="Högskolan"/>
		<tag k="network" v="Jönköpings Länstrafik"/>
		<tag k="network:wikidata" v="Q10542127"/>
		<tag k="public_transport" v="stop_position"/>
		<tag k="ref" v="A"/>
	</node>
	<node id="1780591520" lat="57.778878" lon="14.1561349" version="7" timestamp="2025-06-01T09:26:16Z" changeset="0">
		<tag k="JLT:zon" v="2101"/>
		<tag k="bench" v="no"/>
		<tag k="bus" v="yes"/>
		<tag k="gtfs:stop_id" v="9022050018042001"/>
		<tag k="highway" v="platform"/>
		<tag k="name" v="A"/>
		<tag k="network" v="Jönköpings Länstrafik"/>
		<tag k="public_transport" v="platform"/>
		<tag k="ref" v="A"/>
		<tag k="route_ref" v="132;200"/>
		<tag k="shelter" v="no"/>
		<tag k="source" v="survey"/>
	</node>
	<node id="1780591525" lat="57.7791261" lon="14.1537504" version="8" timestamp="2025-06-10T17:27:42Z" changeset="0">
		<tag k="JLT:zon" v="2101"/>
		<tag k="bench" v="yes"/>
		<tag k="bus" v="yes"/>
		<tag k="gtfs:stop_id" v="9022050018042002"/>
		<tag k="highway" v="platform"/>
		<tag k="name" v="B"/>
		<tag k="network" v="Jönköpings Länstrafik"/>
		<tag k="public_transport" v="platform"/>
		<tag k="ref" v="B"/>
		<tag k="route_ref" v="27;132;200"/>
		<tag k="shelter" v="yes"/>
		<tag k="source" v="survey"/>
	</node>
	<node id="1989017516" lat="57.7813382" lon="14.1665789" version="4" timestamp="2024-01-15T17:18:59Z" changeset="0"/>
	<node id="1989017519" lat="57.7815653" lon="14.1653924" version="5" timestamp="2024-01-15T17:18:59Z" changeset="0"/>
	<node id="2086934399" lat="57.7841308" lon="14.1622645" version="3" timestamp="2021-09-24T11:47:44Z" changeset="0"/>
	<node id="2086934400" lat="57.7842037" lon="14.1619494" version="2" timestamp="2021-09-24T11:47:44Z" changeset="0"/>
	<node id="2086934401" lat="57.7842299" lon="14.162207" version="1" timestamp="2012-12-29T09:58:18Z" changeset="0"/>
	<node id="2086934404" lat="57.7842758" lon="14.1619522" version="1" timestamp="2012-12-29T09:58:18Z" changeset="0"/>
	<node id="2086934405" lat="57.7843492" lon="14.1615986" version="1" timestamp="2012-12-29T09:58:18Z" changeset="0"/>
	<node id="2086934406" lat="57.7843981" lon="14.1619974" version="5" timestamp="2021-08-16T13:27:31Z" changeset="0"/>
	<node id="2086934408" lat="57.7844869" lon="14.1622527" version="5" timestamp="2021-08-16T13:27:31Z" changeset="0"/>
	<node id="2086934409" lat="57.7844977" lon="14.1611926" version="1" timestamp="2012-12-29T09:58:18Z" changeset="0"/>
	<node id="2086934411" lat="57.7845668" lon="14.1609972" version="2" timestamp="2021-08-10T21:30:47Z" changeset="0"/>
	<node id="2086934412" lat="57.7846791" lon="14.1613673" version="4" timestamp="2021-08-10T21:30:47Z" changeset="0"/>
	<node id="2086934413" lat="57.7847301" lon="14.1605124" version="2" timestamp="2021-08-10T21:30:47Z" changeset="0"/>
	<node id="2086934414" lat="57.7848284" lon="14.1602056" version="2" timestamp="2021-08-10T21:30:47Z" changeset="0"/>
	<node id="2086934415" lat="57.7850616" lon="14.1589389" version="3" timestamp="2021-08-10T21:30:47Z" changeset="0"/>
	<node id="2086934416" lat="57.7856506" lon="14.1543348" version="6" timestamp="2021-08-10T22:04:07Z" changeset="0"/>
	<node id="2086934417" lat="57.7857022" lon="14.1544962" version="6" timestamp="2021-08-10T22:04:07Z" changeset="0"/>
	<node id="2086934418" lat="57.7857041" lon="14.1540182" version="6" timestamp="2021-08-10T22:04:07Z" changeset="0"/>
	<node id="2086934419" lat="57.7858951" lon="14.1551294" version="5" timestamp="2023-10-23T20:24:50Z" changeset="0">
		<tag k="direction" v="forward"/>
		<tag k="highway" v="give_way"/>
	</node>
	<node id="2086934420" lat="57.7857423" lon="14.1539711" version="6" timestamp="2021-08-10T22:04:07Z" changeset="0"/>
	<node id="2086934422" lat="57.7858086" lon="14.1539401" version="6" timestamp="2021-08-10T22:04:07Z" changeset="0"/>
	<node id="2086934423" lat="57.7857561" lon="14.1545574" version="6" timestamp="2021-08-10T22:04:07Z" changeset="0"/>
	<node id="2086934424" lat="57.7858541" lon="14.1539481" version="6" timestamp="2021-08-10T22:04:07Z" changeset="0"/>
	<node id="2086934425" lat="57.7859556" lon="14.1544397" version="6" timestamp="2021-08-10T22:04:07Z" changeset="0"/>
	<node id="2086934426" lat="57.7858621" lon="14.1562355" version="3" timestamp="2023-10-23T20:24:50Z" changeset="0"/>
	<node id="2086934427" lat="57.7860064" lon="14.1550709" version="5" timestamp="2023-10-23T20:24:50Z" changeset="0"/>
	<node id="2086934428" lat="57.7859852" lon="14.1542356" version="6" timestamp="2021-08-10T22:04:07Z" changeset="0"/>
	<node id="2086934430" lat="57.7859561" lon="14.1558393" version="4" timestamp="2023-10-23T20:24:50Z" changeset="0"/>
	<node id="2086934431" lat="57.7860371" lon="14.1554835" version="5" timestamp="2023-10-23T20:24:50Z" changeset="0"/>
	<node id="2189044204" lat="57.7815166" lon="14.1507562" version="1" timestamp="2013-03-06T22:04:25Z" changeset="0"/>
	<node id="2195359486" lat="57.7840291" lon="14.1656208" version="2" timestamp="2026-04-02T10:09:24Z" changeset="0"/>
	<node id="2195359487" lat="57.7840236" lon="14.165957" version="2" timestamp="2013-03-11T14:47:02Z" changeset="0"/>
	<node id="2195359488" lat="57.7840431" lon="14.1654818" version="2" timestamp="2026-04-02T10:09:24Z" changeset="0"/>
	<node id="2195359489" lat="57.7840587" lon="14.1653273" version="2" timestamp="2026-04-02T10:09:24Z" changeset="0"/>
	<node id="2195359490" lat="57.784074" lon="14.1651748" version="2" timestamp="2026-04-02T10:09:24Z" changeset="0"/>
	<node id="2195359491" lat="57.7840885" lon="14.1650309" version="2" timestamp="2026-04-02T10:09:24Z" changeset="0"/>
	<node id="2195359492" lat="57.7841235" lon="14.1646837" version="4" timestamp="2026-04-02T10:09:24Z" changeset="0"/>
	<node id="2195359495" lat="57.7841475" lon="14.1644212" version="2" timestamp="2026-04-02T10:09:24Z" changeset="0"/>
	<node id="2195359496" lat="57.7841583" lon="14.165562" version="1" timestamp="2013-03-11T08:18:46Z" changeset="0"/>
	<node id="2195359497" lat="57.7841625" lon="14.1642579" version="2" timestamp="2026-04-02T10:09:24Z" changeset="0"/>
	<node id="2195359498" lat="57.7841605" lon="14.1653344" version="1" timestamp="2013-03-11T08:18:46Z" changeset="0"/>
	<node id="2195359499" lat="57.7841644" lon="14.1654648" version="1" timestamp="2013-03-11T08:18:46Z" changeset="0"/>
	<node id="2195359500" lat="57.7841762" lon="14.1641085" version="2" timestamp="2026-04-02T10:09:24Z" changeset="0"/>
	<node id="2195359501" lat="57.7841754" lon="14.1651845" version="1" timestamp="2013-03-11T08:18:46Z" changeset="0"/>
	<node id="2195359502" lat="57.7841898" lon="14.1639595" version="2" timestamp="2026-04-02T10:09:24Z" changeset="0"/>
	<node id="2195359503" lat="57.7841969" lon="14.1650212" version="1" timestamp="2013-03-11T08:18:46Z" changeset="0"/>
	<node id="2195359504" lat="57.7841963" lon="14.1653398" version="8" timestamp="2026-04-02T10:09:24Z" changeset="0">
		<tag k="bus" v="yes"/>
		<tag k="highway" v="bus_stop"/>
		<tag k="name" v="Jönköping Resecentrum"/>
		<tag k="network" v="Jönköpings Länstrafik"/>
		<tag k="network:wikidata" v="Q10542127"/>
		<tag k="public_transport" v="stop_position"/>
		<tag k="ref" v="22"/>
	</node>
	<node id="2195359506" lat="57.7842144" lon="14.1648627" version="1" timestamp="2013-03-11T08:18:46Z" changeset="0"/>
	<node id="2195359507" lat="57.7842102" lon="14.1651931" version="8" timestamp="2026-04-02T10:09:24Z" changeset="0">
		<tag k="bus" v="yes"/>
		<tag k="highway" v="bus_stop"/>
		<tag k="name" v="Jönköping Resecentrum"/>
		<tag k="network" v="Jönköpings Länstrafik"/>
		<tag k="network:wikidata" v="Q10542127"/>
		<tag k="public_transport" v="stop_position"/>
		<tag k="ref" v="21"/>
	</node>
	<node id="2195359508" lat="57.7842068" lon="14.1652671" version="4" timestamp="2026-04-02T10:09:24Z" changeset="0"/>
	<node id="2195359509" lat="57.7842319" lon="14.1647055" version="1" timestamp="2013-03-11T08:18:46Z" changeset="0"/>
	<node id="2195359510" lat="57.7842268" lon="14.1650364" version="8" timestamp="2026-04-02T10:09:24Z" changeset="0">
		<tag k="bus" v="yes"/>
		<tag k="highway" v="bus_stop"/>
		<tag k="name" v="Jönköping Resecentrum"/>
		<tag k="network" v="Jönköpings Länstrafik"/>
		<tag k="network:wikidata" v="Q10542127"/>
		<tag k="public_transport" v="stop_position"/>
		<tag k="ref" v="20"/>
	</node>
	<node id="2195359511" lat="57.7842235" lon="14.165115" version="4" timestamp="2026-04-02T10:09:24Z" changeset="0"/>
	<node id="2195359512" lat="57.7842495" lon="14.1645531" version="1" timestamp="2013-03-11T08:18:46Z" changeset="0"/>
	<node id="2195359513" lat="57.784254" lon="14.1641643" version="1" timestamp="2013-03-11T08:18:46Z" changeset="0"/>
	<node id="2195359514" lat="57.7842449" lon="14.1648785" version="8" timestamp="2026-04-02T10:09:24Z" changeset="0">
		<tag k="bus" v="yes"/>
		<tag k="highway" v="bus_stop"/>
		<tag k="name" v="Jönköping Resecentrum"/>
		<tag k="network" v="Jönköpings Länstrafik"/>
		<tag k="network:wikidata" v="Q10542127"/>
		<tag k="public_transport" v="stop_position"/>
		<tag k="ref" v="19"/>
	</node>
	<node id="2195359515" lat="57.78426" lon="14.163898" version="1" timestamp="2013-03-11T08:18:46Z" changeset="0"/>
	<node id="2195359516" lat="57.7842609" lon="14.1642765" version="1" timestamp="2013-03-11T08:18:46Z" changeset="0"/>
	<node id="2195359517" lat="57.784242" lon="14.1649471" version="4" timestamp="2026-04-02T10:09:24Z" changeset="0"/>
	<node id="2195359518" lat="57.784267" lon="14.1640132" version="1" timestamp="2013-03-11T08:18:46Z" changeset="0"/>
	<node id="2195359519" lat="57.784268" lon="14.164391" version="1" timestamp="2013-03-11T08:18:46Z" changeset="0"/>
	<node id="2195359520" lat="57.7842664" lon="14.1647128" version="8" timestamp="2026-04-02T10:09:24Z" changeset="0">
		<tag k="bus" v="yes"/>
		<tag k="highway" v="bus_stop"/>
		<tag k="name" v="Jönköping Resecentrum"/>
		<tag k="network" v="Jönköpings Länstrafik"/>
		<tag k="network:wikidata" v="Q10542127"/>
		<tag k="public_transport" v="stop_position"/>
		<tag k="ref" v="18"/>
	</node>
	<node id="2195359521" lat="57.7842585" lon="14.1647966" version="4" timestamp="2026-04-02T10:09:24Z" changeset="0"/>
	<node id="2195359522" lat="57.7842862" lon="14.1645454" version="8" timestamp="2026-01-07T12:59:32Z" changeset="0">
		<tag k="bus" v="yes"/>
		<tag k="highway" v="bus_stop"/>
		<tag k="name" v="Jönköping Resecentrum"/>
		<tag k="network" v="Jönköpings Länstrafik"/>
		<tag k="network:wikidata" v="Q10542127"/>
		<tag k="public_transport" v="stop_position"/>
		<tag k="ref" v="17"/>
	</node>
	<node id="2195359523" lat="57.7842773" lon="14.1646255" version="4" timestamp="2026-04-02T10:09:24Z" changeset="0"/>
	<node id="2195359524" lat="57.7843077" lon="14.1637624" version="7" timestamp="2025-10-11T15:22:26Z" changeset="0">
		<tag k="bus" v="yes"/>
		<tag k="highway" v="bus_stop"/>
		<tag k="name" v="Jönköping Resecentrum"/>
		<tag k="network" v="Jönköpings Länstrafik"/>
		<tag k="network:wikidata" v="Q10542127"/>
		<tag k="public_transport" v="stop_position"/>
		<tag k="ref" v="11"/>
	</node>
	<node id="2195359525" lat="57.7843064" lon="14.1643794" version="10" timestamp="2026-01-07T12:59:32Z" changeset="0">
		<tag k="bus" v="yes"/>
		<tag k="coach" v="yes"/>
		<tag k="highway" v="bus_stop"/>
		<tag k="name" v="Jönköping Resecentrum"/>
		<tag k="network" v="Jönköpings Länstrafik"/>
		<tag k="network:wikidata" v="Q10542127"/>
		<tag k="public_transport" v="stop_position"/>
		<tag k="ref" v="16"/>
		<tag k="route_ref" v="Flixbus 601, 602, 606, 607, 611, N32, N601, N602"/>
	</node>
	<node id="2195359526" lat="57.7843142" lon="14.1638704" version="7" timestamp="2025-10-11T15:22:26Z" changeset="0">
		<tag k="bus" v="yes"/>
		<tag k="highway" v="bus_stop"/>
		<tag k="name" v="Jönköping Resecentrum"/>
		<tag k="network" v="Jönköpings Länstrafik"/>
		<tag k="network:wikidata" v="Q10542127"/>
		<tag k="public_transport" v="stop_position"/>
		<tag k="ref" v="12"/>
	</node>
	<node id="2195359527" lat="57.7842945" lon="14.1644771" version="3" timestamp="2021-08-16T12:36:48Z" changeset="0"/>
	<node id="2195359528" lat="57.7843208" lon="14.1639816" version="7" timestamp="2025-10-11T15:22:26Z" changeset="0">
		<tag k="bus" v="yes"/>
		<tag k="highway" v="bus_stop"/>
		<tag k="name" v="Jönköping Resecentrum"/>
		<tag k="network" v="Jönköpings Länstrafik"/>
		<tag k="network:wikidata" v="Q10542127"/>
		<tag k="public_transport" v="stop_position"/>
		<tag k="ref" v="13"/>
	</node>
	<node id="2195359529" lat="57.7843175" lon="14.1637993" version="3" timestamp="2021-08-16T12:36:48Z" changeset="0"/>
	<node id="2195359530" lat="57.7843195" lon="14.1642335" version="9" timestamp="2025-10-11T15:22:26Z" changeset="0">
		<tag k="bus" v="yes"/>
		<tag k="highway" v="bus_stop"/>
		<tag k="name" v="Jönköping Resecentrum"/>
		<tag k="network" v="Jönköpings Länstrafik"/>
		<tag k="network:wikidata" v="Q10542127"/>
		<tag k="public_transport" v="stop_position"/>
		<tag k="ref" v="15"/>
	</node>
	<node id="2195359531" lat="57.7843246" lon="14.1639127" version="3" timestamp="2021-08-16T12:36:48Z" changeset="0"/>
	<node id="2195359532" lat="57.7843299" lon="14.1641038" version="7" timestamp="2025-10-11T15:22:26Z" changeset="0">
		<tag k="bus" v="yes"/>
		<tag k="highway" v="bus_stop"/>
		<tag k="name" v="Jönköping Resecentrum"/>
		<tag k="network" v="Jönköpings Länstrafik"/>
		<tag k="network:wikidata" v="Q10542127"/>
		<tag k="public_transport" v="stop_position"/>
		<tag k="ref" v="14"/>
	</node>
	<node id="2195359533" lat="57.7843285" lon="14.1640239" version="3" timestamp="2021-08-16T12:36:48Z" changeset="0"/>
	<node id="2195359534" lat="57.7843149" lon="14.1643096" version="3" timestamp="2021-08-16T12:36:48Z" changeset="0"/>
	<node id="2195359535" lat="57.784334" lon="14.1641418" version="3" timestamp="2021-08-16T12:36:48Z" changeset="0"/>
	<node id="2195817729" lat="57.7842444" lon="14.1654287" version="3" timestamp="2021-08-16T12:36:48Z" changeset="0">
		<tag k="entrance" v="yes"/>
	</node>
	<node id="2195817737" lat="57.7843714" lon="14.1634415" version="2" timestamp="2021-08-16T12:36:48Z" changeset="0">
		<tag k="entrance" v="yes"/>
	</node>
	<node id="2215219596" lat="57.7809322" lon="14.1636362" version="8" timestamp="2024-11-14T08:18:18Z" changeset="0">
		<tag k="crossing" v="marked"/>
		<tag k="crossing:island" v="no"/>
		<tag k="crossing:markings" v="yes"/>
		<tag k="highway" v="crossing"/>
		<tag k="tactile_paving" v="yes"/>
	</node>
	<node id="2215219599" lat="57.7810655" lon="14.1629251" version="7" timestamp="2024-11-14T08:18:18Z" changeset="0">
		<tag k="crossing" v="marked"/>
		<tag k="crossing:island" v="no"/>
		<tag k="crossing:markings" v="yes"/>
		<tag k="highway" v="crossing"/>
		<tag k="tactile_paving" v="no"/>
	</node>
	<node id="2215219600" lat="57.7811861" lon="14.1622576" version="6" timestamp="2024-11-14T08:18:18Z" changeset="0">
		<tag k="crossing" v="unmarked"/>
		<tag k="crossing:markings" v="no"/>
		<tag k="highway" v="crossing"/>
		<tag k="tactile_paving" v="yes"/>
	</node>
	<node id="2215219605" lat="57.7814407" lon="14.1608754" version="2" timestamp="2021-05-21T07:41:13Z" changeset="0"/>
	<node id="2215219613" lat="57.781868" lon="14.1585529" version="9" timestamp="2024-05-26T06:23:57Z" changeset="0">
		<tag k="crossing:island" v="no"/>
		<tag k="crossing:markings" v="yes"/>
		<tag k="crossing:signals" v="no"/>
		<tag k="highway" v="crossing"/>
		<tag k="tactile_paving" v="yes"/>
	</node>
	<node id="2215219617" lat="57.7819272" lon="14.1572386" version="5" timestamp="2026-01-17T17:19:13Z" changeset="0">
		<tag k="crossing:island" v="no"/>
		<tag k="crossing:markings" v="no"/>
		<tag k="crossing:signals" v="no"/>
		<tag k="highway" v="crossing"/>
	</node>
	<node id="2215219619" lat="57.7819762" lon="14.1574542" version="6" timestamp="2026-01-17T17:19:08Z" changeset="0">
		<tag k="crossing:signals" v="no"/>
		<tag k="highway" v="crossing"/>
	</node>
	<node id="2215240041" lat="57.7792963" lon="14.1580313" version="3" timestamp="2021-08-20T09:17:28Z" changeset="0"/>
	<node id="2215240043" lat="57.7800504" lon="14.1585452" version="8" timestamp="2025-08-24T17:33:39Z" changeset="0">
		<tag k="crossing:island" v="no"/>
		<tag k="crossing:signals" v="no"/>
		<tag k="highway" v="crossing"/>
		<tag k="tactile_paving" v="yes"/>
	</node>
	<node id="2215240078" lat="57.7808654" lon="14.1591222" version="6" timestamp="2025-08-24T17:34:07Z" changeset="0">
		<tag k="crossing:markings" v="no"/>
		<tag k="crossing:signals" v="no"/>
		<tag k="highway" v="crossing"/>
		<tag k="tactile_paving" v="yes"/>
	</node>
	<node id="2215240082" lat="57.7815901" lon="14.1595702" version="4" timestamp="2021-05-21T07:41:13Z" changeset="0"/>
	<node id="2215334328" lat="57.782078" lon="14.1612249" version="1" timestamp="2013-03-22T22:37:22Z" changeset="0"/>
	<node id="2215334364" lat="57.7824787" lon="14.159148" version="3" timestamp="2021-11-05T10:31:26Z" changeset="0"/>
	<node id="2453139130" lat="57.7800168" lon="14.1741268" version="3" timestamp="2021-03-19T22:42:25Z" changeset="0"/>
	<node id="2455309490" lat="57.7820473" lon="14.1613805" version="2" timestamp="2021-08-19T10:59:19Z" changeset="0"/>
	<node id="2456442324" lat="57.7774609" lon="14.162729" version="4" timestamp="2023-08-20T10:14:47Z" changeset="0"/>
	<node id="2456442325" lat="57.777512" lon="14.163205" version="5" timestamp="2023-08-20T10:14:47Z" changeset="0"/>
	<node id="2456442326" lat="57.7777764" lon="14.1602738" version="3" timestamp="2025-04-15T22:15:10Z" changeset="0"/>
	<node id="2456442327" lat="57.7777968" lon="14.1603551" version="3" timestamp="2025-04-15T22:15:10Z" changeset="0"/>
	<node id="2456442328" lat="57.7778145" lon="14.1599691" version="3" timestamp="2025-04-15T22:15:10Z" changeset="0"/>
	<node id="2457681357" lat="57.7777722" lon="14.1601236" version="3" timestamp="2025-04-15T22:15:10Z" changeset="0"/>
	<node id="2620931489" lat="57.7819179" lon="14.1663793" version="5" timestamp="2021-10-31T14:53:23Z" changeset="0"/>
	<node id="2620931491" lat="57.7819566" lon="14.1661661" version="5" timestamp="2021-10-31T14:53:23Z" changeset="0"/>
	<node id="2620931512" lat="57.7820721" lon="14.1655307" version="9" timestamp="2024-11-14T08:18:18Z" changeset="0">
		<tag k="crossing" v="marked"/>
		<tag k="crossing:island" v="no"/>
		<tag k="crossing:markings" v="yes"/>
		<tag k="highway" v="crossing"/>
	</node>
	<node id="2620931514" lat="57.7825034" lon="14.1682561" version="3" timestamp="2022-01-18T06:41:42Z" changeset="0"/>
	<node id="2620931519" lat="57.7818412" lon="14.1667522" version="11" timestamp="2025-07-11T06:13:19Z" changeset="0">
		<tag k="crossing" v="marked"/>
		<tag k="crossing:markings" v="yes"/>
		<tag k="highway" v="crossing"/>
	</node>
	<node id="3075617817" lat="57.7840913" lon="14.1625244" version="3" timestamp="2021-09-24T11:47:44Z" changeset="0"/>
	<node id="3075617818" lat="57.7841171" lon="14.1623619" version="3" timestamp="2021-09-24T11:47:44Z" changeset="0"/>
	<node id="3075617819" lat="57.7841667" lon="14.1625756" version="3" timestamp="2021-09-24T11:47:44Z" changeset="0"/>
	<node id="3075617820" lat="57.7841947" lon="14.1624354" version="2" timestamp="2021-08-16T12:36:48Z" changeset="0"/>
	<node id="3122472553" lat="57.7772732" lon="14.1630759" version="2" timestamp="2020-12-20T13:11:09Z" changeset="0"/>
	<node id="3122472556" lat="57.7773119" lon="14.1630765" version="3" timestamp="2021-08-03T05:39:54Z" changeset="0"/>
	<node id="3122752772" lat="57.7853794" lon="14.1561064" version="2" timestamp="2022-01-08T15:03:16Z" changeset="0"/>
	<node id="3122752774" lat="57.7854625" lon="14.1550219" version="7" timestamp="2024-11-14T08:18:18Z" changeset="0">
		<tag k="crossing" v="marked"/>
		<tag k="crossing:markings" v="yes"/>
		<tag k="highway" v="crossing"/>
	</node>
	<node id="3122752792" lat="57.786035" lon="14.1552956" version="6" timestamp="2021-11-13T05:00:08Z" changeset="0">
		<tag k="bicycle" v="yes"/>
		<tag k="crossing" v="uncontrolled"/>
		<tag k="highway" v="crossing"/>
	</node>
	<node id="3128216394" lat="57.7854713" lon="14.1553329" version="7" timestamp="2024-11-14T08:18:18Z" changeset="0">
		<tag k="crossing" v="marked"/>
		<tag k="crossing:island" v="no"/>
		<tag k="crossing:markings" v="yes"/>
		<tag k="highway" v="crossing"/>
	</node>
	<node id="3128216395" lat="57.7854989" lon="14.154191" version="5" timestamp="2023-10-23T20:24:50Z" changeset="0">
		<tag k="bicycle" v="yes"/>
		<tag k="crossing" v="traffic_signals"/>
		<tag k="highway" v="crossing"/>
	</node>
	<node id="3128216396" lat="57.7855597" lon="14.1541511" version="3" timestamp="2021-08-10T21:30:47Z" changeset="0"/>
	<node id="3128216397" lat="57.7855564" lon="14.1543685" version="3" timestamp="2021-08-10T21:30:47Z" changeset="0"/>
	<node id="3128216398" lat="57.7855573" lon="14.1549258" version="4" timestamp="2021-08-10T22:04:07Z" changeset="0"/>
	<node id="3128216399" lat="57.7855575" lon="14.1546108" version="3" timestamp="2021-08-10T21:30:47Z" changeset="0"/>
	<node id="3128216400" lat="57.7855818" lon="14.1540315" version="3" timestamp="2023-10-23T20:24:50Z" changeset="0">
		<tag k="highway" v="traffic_signals"/>
	</node>
	<node id="3128216401" lat="57.7856418" lon="14.1538876" version="2" timestamp="2021-08-10T21:30:47Z" changeset="0"/>
	<node id="3128216402" lat="57.7856739" lon="14.1540827" version="4" timestamp="2021-08-10T22:04:07Z" changeset="0"/>
	<node id="3128216403" lat="57.7857174" lon="14.1538003" version="2" timestamp="2021-08-10T21:30:47Z" changeset="0"/>
	<node id="3128216404" lat="57.7857988" lon="14.1551684" version="3" timestamp="2023-10-23T20:24:50Z" changeset="0"/>
	<node id="3128216405" lat="57.7857997" lon="14.1537701" version="4" timestamp="2023-10-23T20:24:50Z" changeset="0"/>
	<node id="3128216406" lat="57.7859069" lon="14.153797" version="3" timestamp="2021-08-10T21:30:47Z" changeset="0"/>
	<node id="3128216408" lat="57.7859282" lon="14.1544977" version="4" timestamp="2021-08-10T22:04:07Z" changeset="0"/>
	<node id="3128216409" lat="57.7859913" lon="14.1548249" version="4" timestamp="2023-10-23T20:24:50Z" changeset="0"/>
	<node id="3128216410" lat="57.7859834" lon="14.1549171" version="4" timestamp="2023-10-23T20:24:50Z" changeset="0"/>
	<node id="3128216411" lat="57.7859942" lon="14.1547069" version="4" timestamp="2023-10-23T20:24:50Z" changeset="0"/>
	<node id="3128216412" lat="57.7859747" lon="14.1543711" version="4" timestamp="2021-08-10T22:04:07Z" changeset="0"/>
	<node id="3128216413" lat="57.7860301" lon="14.1538167" version="3" timestamp="2023-10-23T20:24:50Z" changeset="0"/>
	<node id="3128216414" lat="57.7860527" lon="14.1550361" version="4" timestamp="2023-10-23T20:24:50Z" changeset="0"/>
	<node id="3128216415" lat="57.7860089" lon="14.1545968" version="3" timestamp="2021-08-10T21:30:47Z" changeset="0"/>
	<node id="3128216416" lat="57.7860885" lon="14.1549902" version="4" timestamp="2023-10-23T20:24:50Z" changeset="0"/>
	<node id="3128216417" lat="57.786062" lon="14.1541998" version="4" timestamp="2023-10-23T20:24:50Z" changeset="0"/>
	<node id="3128216418" lat="57.7861012" lon="14.153808" version="4" timestamp="2023-10-23T20:24:50Z" changeset="0"/>
	<node id="3128216419" lat="57.7861459" lon="14.1548275" version="4" timestamp="2023-10-23T20:24:50Z" changeset="0"/>
	<node id="3128216420" lat="57.7861336" lon="14.1541006" version="4" timestamp="2023-10-23T20:24:50Z" changeset="0"/>
	<node id="3128216421" lat="57.786163" lon="14.1547393" version="4" timestamp="2023-10-23T20:24:50Z" changeset="0"/>
	<node id="3128216422" lat="57.7861712" lon="14.1545906" version="4" timestamp="2023-10-23T20:24:50Z" changeset="0"/>
	<node id="3128216424" lat="57.786206" lon="14.1542708" version="4" timestamp="2023-10-23T20:24:50Z" changeset="0"/>
	<node id="3128216426" lat="57.7862342" lon="14.1539964" version="3" timestamp="2023-10-23T20:24:50Z" changeset="0"/>
	<node id="3128222229" lat="57.7863347" lon="14.1537988" version="3" timestamp="2023-10-23T20:24:50Z" changeset="0"/>
	<node id="3128222230" lat="57.7864345" lon="14.1535601" version="3" timestamp="2023-10-23T20:24:50Z" changeset="0"/>
	<node id="3128222232" lat="57.7865199" lon="14.1532054" version="3" timestamp="2023-10-23T20:24:50Z" changeset="0"/>
	<node id="3128222233" lat="57.7864787" lon="14.153397" version="3" timestamp="2023-10-23T20:24:50Z" changeset="0"/>
	<node id="3128222234" lat="57.786599" lon="14.1526348" version="3" timestamp="2023-10-23T20:24:50Z" changeset="0"/>
	<node id="3128222236" lat="57.7866474" lon="14.1522783" version="3" timestamp="2023-10-23T20:24:50Z" changeset="0"/>
	<node id="3149451264" lat="57.7795362" lon="14.1733839" version="4" timestamp="2021-03-20T16:05:00Z" changeset="0"/>
	<node id="3149451266" lat="57.7796469" lon="14.1731593" version="3" timestamp="2021-03-19T22:42:25Z" changeset="0"/>
	<node id="3149451268" lat="57.7806418" lon="14.1739768" version="3" timestamp="2021-03-19T22:42:25Z" changeset="0"/>
	<node id="3156475931" lat="57.7791958" lon="14.1721828" version="2" timestamp="2021-03-20T16:05:00Z" changeset="0"/>
	<node id="3156475932" lat="57.7792599" lon="14.1722297" version="2" timestamp="2021-03-20T16:05:00Z" changeset="0"/>
	<node id="3156475933" lat="57.7793444" lon="14.1722606" version="2" timestamp="2021-03-20T16:05:00Z" changeset="0"/>
	<node id="3156475934" lat="57.7794297" lon="14.1722732" version="2" timestamp="2021-03-20T16:05:00Z" changeset="0"/>
	<node id="3156475935" lat="57.7794959" lon="14.173409" version="3" timestamp="2021-03-20T16:05:00Z" changeset="0"/>
	<node id="3156475936" lat="57.7795388" lon="14.1723042" version="2" timestamp="2021-03-20T16:05:00Z" changeset="0"/>
	<node id="3156475939" lat="57.7796808" lon="14.1724916" version="1" timestamp="2014-10-29T17:27:52Z" changeset="0"/>
	<node id="3156475941" lat="57.7796867" lon="14.1723302" version="2" timestamp="2021-09-03T06:28:28Z" changeset="0"/>
	<node id="3156475943" lat="57.779849" lon="14.1725721" version="3" timestamp="2021-03-20T16:05:00Z" changeset="0"/>
	<node id="3156475944" lat="57.7798333" lon="14.1733756" version="3" timestamp="2023-11-13T14:03:42Z" changeset="0">
		<tag k="direction" v="forward"/>
		<tag k="highway" v="give_way"/>
	</node>
	<node id="3156475945" lat="57.7798475" lon="14.1726541" version="2" timestamp="2021-03-20T16:05:00Z" changeset="0"/>
	<node id="3156475947" lat="57.7798536" lon="14.1731438" version="2" timestamp="2021-03-19T22:42:25Z" changeset="0"/>
	<node id="3156475948" lat="57.7798413" lon="14.1727951" version="3" timestamp="2021-03-20T16:05:00Z" changeset="0"/>
	<node id="3156475949" lat="57.779859" lon="14.1730556" version="2" timestamp="2021-03-19T22:42:25Z" changeset="0"/>
	<node id="3156475950" lat="57.7798537" lon="14.1729436" version="3" timestamp="2021-03-20T16:05:00Z" changeset="0"/>
	<node id="3156475951" lat="57.7798839" lon="14.1730794" version="2" timestamp="2021-03-19T22:42:25Z" changeset="0"/>
	<node id="3156475952" lat="57.7799114" lon="14.1725802" version="3" timestamp="2021-03-20T16:05:00Z" changeset="0"/>
	<node id="3156475953" lat="57.7799114" lon="14.1732857" version="2" timestamp="2021-03-19T22:42:25Z" changeset="0"/>
	<node id="3156475954" lat="57.7799151" lon="14.1730424" version="3" timestamp="2021-03-20T16:05:00Z" changeset="0"/>
	<node id="3156475955" lat="57.779935" lon="14.1729269" version="2" timestamp="2021-01-05T08:32:27Z" changeset="0"/>
	<node id="3156475956" lat="57.7799577" lon="14.1732959" version="2" timestamp="2021-03-19T22:42:25Z" changeset="0"/>
	<node id="3156475957" lat="57.7799257" lon="14.173363" version="2" timestamp="2021-03-19T22:42:25Z" changeset="0"/>
	<node id="3156475958" lat="57.7799477" lon="14.1728389" version="2" timestamp="2021-01-05T08:32:27Z" changeset="0"/>
	<node id="3156475959" lat="57.7799451" lon="14.1730278" version="2" timestamp="2021-03-19T22:42:25Z" changeset="0"/>
	<node id="3156475960" lat="57.7799602" lon="14.1732446" version="3" timestamp="2021-03-20T16:05:00Z" changeset="0"/>
	<node id="3156476161" lat="57.7799349" lon="14.1734044" version="3" timestamp="2021-03-20T16:05:00Z" changeset="0"/>
	<node id="3156476162" lat="57.779969" lon="14.1727327" version="3" timestamp="2021-03-20T16:05:00Z" changeset="0"/>
	<node id="3156476163" lat="57.7799811" lon="14.172589" version="2" timestamp="2021-01-05T08:32:27Z" changeset="0"/>
	<node id="3156476164" lat="57.77998" lon="14.1731981" version="3" timestamp="2021-03-20T16:05:00Z" changeset="0"/>
	<node id="3156476165" lat="57.7799764" lon="14.1726786" version="3" timestamp="2021-03-20T16:05:00Z" changeset="0"/>
	<node id="3156476166" lat="57.7799726" lon="14.173031" version="2" timestamp="2021-03-19T22:42:25Z" changeset="0"/>
	<node id="3156476168" lat="57.7799969" lon="14.1731952" version="4" timestamp="2021-05-29T22:04:58Z" changeset="0">
		<tag k="amenity" v="parking_entrance"/>
		<tag k="parking" v="multi-storey"/>
	</node>
	<node id="3156476169" lat="57.7800019" lon="14.1730487" version="4" timestamp="2023-10-23T20:24:50Z" changeset="0">
		<tag k="amenity" v="parking_entrance"/>
		<tag k="parking" v="multi-storey"/>
	</node>
	<node id="3158971738" lat="57.7838238" lon="14.1569863" version="3" timestamp="2022-06-21T09:29:25Z" changeset="0"/>
	<node id="3158971739" lat="57.7840792" lon="14.1553624" version="3" timestamp="2022-06-21T09:29:25Z" changeset="0"/>
	<node id="3158971740" lat="57.784268" lon="14.1552079" version="2" timestamp="2017-10-09T11:35:54Z" changeset="0"/>
	<node id="3158973141" lat="57.78403" lon="14.1560729" version="3" timestamp="2022-06-21T09:29:25Z" changeset="0"/>
	<node id="3188455297" lat="57.7801045" lon="14.1505214" version="2" timestamp="2021-08-03T09:58:30Z" changeset="0"/>
	<node id="3235199698" lat="57.779871" lon="14.1571905" version="5" timestamp="2025-10-11T15:22:26Z" changeset="0">
		<tag k="bus" v="yes"/>
		<tag k="highway" v="bus_stop"/>
		<tag k="name" v="Lasarettsparken"/>
		<tag k="network" v="Jönköpings Länstrafik"/>
		<tag k="network:wikidata" v="Q10542127"/>
		<tag k="public_transport" v="stop_position"/>
		<tag k="ref" v="A"/>
	</node>
	<node id="3235199699" lat="57.7773117" lon="14.1554468" version="6" timestamp="2025-10-11T15:22:26Z" changeset="0">
		<tag k="bus" v="yes"/>
		<tag k="highway" v="bus_stop"/>
		<tag k="name" v="Myntgatan"/>
		<tag k="network" v="Jönköpings Länstrafik"/>
		<tag k="network:wikidata" v="Q10542127"/>
		<tag k="public_transport" v="stop_position"/>
		<tag k="ref" v="A"/>
	</node>
	<node id="3235199707" lat="57.7734374" lon="14.1528277" version="7" timestamp="2025-10-11T15:22:26Z" changeset="0">
		<tag k="bus" v="yes"/>
		<tag k="highway" v="bus_stop"/>
		<tag k="name" v="Torpaplan"/>
		<tag k="network" v="Jönköpings Länstrafik"/>
		<tag k="network:wikidata" v="Q10542127"/>
		<tag k="public_transport" v="stop_position"/>
		<tag k="ref" v="B"/>
	</node>
	<node id="3257222464" lat="57.7732038" lon="14.1568782" version="4" timestamp="2022-10-17T12:11:53Z" changeset="0"/>
	<node id="3321523589" lat="57.7865661" lon="14.1522405" version="7" timestamp="2025-10-11T15:22:26Z" changeset="0">
		<tag k="bus" v="yes"/>
		<tag k="highway" v="bus_stop"/>
		<tag k="name" v="Talavidskolan"/>
		<tag k="network" v="Jönköpings Länstrafik"/>
		<tag k="network:wikidata" v="Q10542127"/>
		<tag k="public_transport" v="stop_position"/>
		<tag k="ref" v="A"/>
	</node>
	<node id="3321567789" lat="57.7827514" lon="14.1563851" version="2" timestamp="2022-06-21T09:29:25Z" changeset="0"/>
	<node id="3398461041" lat="57.7781123" lon="14.1744998" version="6" timestamp="2025-09-26T16:26:39Z" changeset="0">
		<tag k="bus" v="yes"/>
		<tag k="highway" v="bus_stop"/>
		<tag k="name" v="Kulturhuset Spira"/>
		<tag k="network" v="Jönköpings Länstrafik"/>
		<tag k="network:short" v="JLT"/>
		<tag k="network:wikidata" v="Q10542127"/>
		<tag k="public_transport" v="stop_position"/>
		<tag k="ref" v="A"/>
	</node>
	<node id="3398461053" lat="57.7774995" lon="14.1754722" version="2" timestamp="2021-03-19T22:42:25Z" changeset="0"/>
	<node id="3398461054" lat="57.7777619" lon="14.1750557" version="2" timestamp="2021-03-19T22:42:25Z" changeset="0"/>
	<node id="3398461055" lat="57.7778845" lon="14.1748511" version="2" timestamp="2021-03-19T22:42:25Z" changeset="0"/>
	<node id="3398461056" lat="57.7779773" lon="14.1747029" version="2" timestamp="2021-03-19T22:42:25Z" changeset="0"/>
	<node id="3398461057" lat="57.7780555" lon="14.1741059" version="3" timestamp="2021-03-19T22:42:25Z" changeset="0">
		<tag k="highway" v="crossing"/>
	</node>
	<node id="3398461058" lat="57.7781175" lon="14.174245" version="3" timestamp="2021-03-19T22:42:25Z" changeset="0">
		<tag k="highway" v="crossing"/>
	</node>
	<node id="3398461059" lat="57.77817" lon="14.1744169" version="2" timestamp="2021-03-19T22:42:25Z" changeset="0"/>
	<node id="3398461060" lat="57.7784921" lon="14.1741542" version="2" timestamp="2021-03-19T22:42:25Z" changeset="0"/>
	<node id="3398461061" lat="57.7786602" lon="14.1740223" version="2" timestamp="2021-03-19T22:42:25Z" changeset="0"/>
	<node id="3398461062" lat="57.7788036" lon="14.1739061" version="2" timestamp="2021-03-19T22:42:25Z" changeset="0"/>
	<node id="3398461063" lat="57.7789728" lon="14.1738344" version="2" timestamp="2021-03-19T22:42:25Z" changeset="0"/>
	<node id="3398461064" lat="57.7790836" lon="14.1738103" version="2" timestamp="2021-03-19T22:42:25Z" changeset="0"/>
	<node id="3398461065" lat="57.7793684" lon="14.1737763" version="2" timestamp="2021-03-19T22:42:25Z" changeset="0"/>
	<node id="3398461066" lat="57.7794818" lon="14.1737374" version="2" timestamp="2021-03-19T22:42:25Z" changeset="0"/>
	<node id="3398461067" lat="57.7795708" lon="14.1737784" version="2" timestamp="2021-03-19T22:42:25Z" changeset="0"/>
	<node id="3398461068" lat="57.779654" lon="14.1737085" version="2" timestamp="2021-03-19T22:42:25Z" changeset="0"/>
	<node id="3398461069" lat="57.779678" lon="14.173584" version="2" timestamp="2021-03-19T22:42:25Z" changeset="0"/>
	<node id="3398461070" lat="57.7797329" lon="14.1737271" version="2" timestamp="2021-03-19T22:42:25Z" changeset="0"/>
	<node id="3398461071" lat="57.7800844" lon="14.1739808" version="2" timestamp="2021-03-19T22:42:25Z" changeset="0"/>
	<node id="3398461072" lat="57.780333" lon="14.1743208" version="2" timestamp="2021-03-19T22:42:25Z" changeset="0"/>
	<node id="3398461073" lat="57.7803516" lon="14.1741322" version="1" timestamp="2015-03-14T17:24:29Z" changeset="0"/>
	<node id="3398461074" lat="57.7803902" lon="14.1744228" version="2" timestamp="2021-03-19T22:42:25Z" changeset="0"/>
	<node id="3398461076" lat="57.7804146" lon="14.1741649" version="2" timestamp="2021-03-19T22:42:25Z" changeset="0">
		<tag k="highway" v="give_way"/>
	</node>
	<node id="3398461077" lat="57.7803703" lon="14.1739619" version="2" timestamp="2021-03-19T22:42:25Z" changeset="0"/>
	<node id="3398461078" lat="57.7804193" lon="14.1742156" version="2" timestamp="2021-03-19T22:42:25Z" changeset="0"/>
	<node id="3398461079" lat="57.7804249" lon="14.1745301" version="2" timestamp="2021-03-19T22:42:25Z" changeset="0"/>
	<node id="3398461080" lat="57.7804198" lon="14.174108" version="1" timestamp="2015-03-14T17:24:29Z" changeset="0"/>
	<node id="3398461081" lat="57.7804306" lon="14.1743076" version="2" timestamp="2021-03-19T22:42:25Z" changeset="0"/>
	<node id="3398461082" lat="57.7804819" lon="14.1747688" version="2" timestamp="2021-03-19T22:42:25Z" changeset="0"/>
	<node id="3398461083" lat="57.7804466" lon="14.1739313" version="2" timestamp="2021-03-19T22:42:25Z" changeset="0"/>
	<node id="3398461084" lat="57.7804981" lon="14.174279" version="2" timestamp="2021-03-19T22:42:25Z" changeset="0"/>
	<node id="3398461085" lat="57.7805066" lon="14.1738848" version="2" timestamp="2021-03-19T22:42:25Z" changeset="0"/>
	<node id="3398461086" lat="57.7805014" lon="14.174084" version="2" timestamp="2021-03-19T22:42:25Z" changeset="0"/>
	<node id="3398461087" lat="57.7805346" lon="14.1742519" version="3" timestamp="2023-10-23T20:24:50Z" changeset="0">
		<tag k="direction" v="backward"/>
		<tag k="highway" v="give_way"/>
	</node>
	<node id="3398461090" lat="57.7805855" lon="14.1742295" version="2" timestamp="2021-03-19T22:42:25Z" changeset="0"/>
	<node id="3398461092" lat="57.78065" lon="14.1742487" version="2" timestamp="2021-03-19T22:42:25Z" changeset="0"/>
	<node id="3398462693" lat="57.78074" lon="14.1735931" version="2" timestamp="2021-03-19T22:42:25Z" changeset="0"/>
	<node id="3398462694" lat="57.7806905" lon="14.1742654" version="3" timestamp="2022-01-02T15:29:25Z" changeset="0">
		<tag k="amenity" v="parking_entrance"/>
		<tag k="parking" v="multi-storey"/>
	</node>
	<node id="3770343454" lat="57.7795872" lon="14.1626026" version="2" timestamp="2025-06-01T12:13:46Z" changeset="0"/>
	<node id="3770343457" lat="57.7796869" lon="14.1569672" version="2" timestamp="2025-06-01T12:13:46Z" changeset="0"/>
	<node id="3770343459" lat="57.7797228" lon="14.1626946" version="2" timestamp="2025-06-01T12:13:46Z" changeset="0"/>
	<node id="3770343460" lat="57.7797183" lon="14.1628832" version="3" timestamp="2025-06-01T12:13:46Z" changeset="0"/>
	<node id="3770343463" lat="57.7798931" lon="14.1629998" version="3" timestamp="2025-06-01T12:13:46Z" changeset="0"/>
	<node id="3770343464" lat="57.7799579" lon="14.1571418" version="2" timestamp="2025-06-01T12:13:46Z" changeset="0"/>
	<node id="3770700261" lat="57.7826809" lon="14.1682702" version="5" timestamp="2025-09-26T16:26:39Z" changeset="0">
		<tag k="bus" v="yes"/>
		<tag k="highway" v="bus_stop"/>
		<tag k="name" v="Rådhusparken"/>
		<tag k="network" v="Jönköpings Länstrafik"/>
		<tag k="network:short" v="JLT"/>
		<tag k="network:wikidata" v="Q10542127"/>
		<tag k="public_transport" v="stop_position"/>
		<tag k="ref" v="B"/>
	</node>
	<node id="3770700262" lat="57.7828734" lon="14.1679199" version="6" timestamp="2025-10-11T15:22:26Z" changeset="0">
		<tag k="bus" v="yes"/>
		<tag k="highway" v="bus_stop"/>
		<tag k="name" v="Rådhusparken"/>
		<tag k="network" v="Jönköpings Länstrafik"/>
		<tag k="network:wikidata" v="Q10542127"/>
		<tag k="public_transport" v="stop_position"/>
		<tag k="ref" v="A"/>
	</node>
	<node id="3770700265" lat="57.7843104" lon="14.1578409" version="7" timestamp="2025-10-11T15:22:26Z" changeset="0">
		<tag k="bus" v="yes"/>
		<tag k="gtfs_id" v="740039628"/>
		<tag k="highway" v="bus_stop"/>
		<tag k="name" v="Tändsticksområdet"/>
		<tag k="network" v="Jönköpings Länstrafik"/>
		<tag k="network:wikidata" v="Q10542127"/>
		<tag k="public_transport" v="stop_position"/>
		<tag k="ref" v="A"/>
	</node>
	<node id="3770700266" lat="57.7844723" lon="14.15744" version="7" timestamp="2025-10-11T15:22:26Z" changeset="0">
		<tag k="bus" v="yes"/>
		<tag k="gtfs_id" v="740039628"/>
		<tag k="highway" v="bus_stop"/>
		<tag k="name" v="Tändsticksområdet"/>
		<tag k="network" v="Jönköpings Länstrafik"/>
		<tag k="network:wikidata" v="Q10542127"/>
		<tag k="public_transport" v="stop_position"/>
		<tag k="ref" v="B"/>
	</node>
	<node id="3770700271" lat="57.7805193" lon="14.1759546" version="3" timestamp="2025-06-01T12:13:47Z" changeset="0"/>
	<node id="3770700272" lat="57.7805228" lon="14.1751821" version="3" timestamp="2025-06-01T12:13:47Z" changeset="0"/>
	<node id="3770700275" lat="57.7808964" lon="14.1728431" version="4" timestamp="2025-06-01T13:00:32Z" changeset="0"/>
	<node id="3770700276" lat="57.7809824" lon="14.1727432" version="3" timestamp="2025-06-01T12:13:47Z" changeset="0"/>
	<node id="3770700277" lat="57.781011" lon="14.1727685" version="3" timestamp="2025-06-01T12:13:47Z" changeset="0"/>
	<node id="3770700278" lat="57.7810827" lon="14.172179" version="4" timestamp="2025-06-01T13:00:32Z" changeset="0"/>
	<node id="3770700279" lat="57.7811659" lon="14.1720862" version="3" timestamp="2025-06-01T12:13:47Z" changeset="0"/>
	<node id="3770700280" lat="57.7811912" lon="14.1721127" version="3" timestamp="2025-06-01T12:13:47Z" changeset="0"/>
	<node id="3770700286" lat="57.7823549" lon="14.1683274" version="4" timestamp="2021-10-27T08:38:51Z" changeset="0"/>
	<node id="3770700287" lat="57.7827373" lon="14.1683747" version="3" timestamp="2021-03-29T07:02:33Z" changeset="0"/>
	<node id="3770700288" lat="57.7827377" lon="14.1682679" version="3" timestamp="2024-11-14T08:18:18Z" changeset="0">
		<tag k="crossing" v="unmarked"/>
		<tag k="crossing:markings" v="no"/>
		<tag k="highway" v="crossing"/>
	</node>
	<node id="3770700290" lat="57.7828368" lon="14.1678842" version="4" timestamp="2025-07-11T06:13:20Z" changeset="0"/>
	<node id="3770700291" lat="57.7828762" lon="14.1674979" version="5" timestamp="2025-07-11T06:13:20Z" changeset="0"/>
	<node id="3770700293" lat="57.7835101" lon="14.1608552" version="3" timestamp="2025-07-11T06:13:20Z" changeset="0"/>
	<node id="3770700295" lat="57.7834999" lon="14.1620749" version="3" timestamp="2025-05-29T17:14:00Z" changeset="0"/>
	<node id="3770700296" lat="57.7835023" lon="14.1621835" version="2" timestamp="2021-08-16T12:36:48Z" changeset="0"/>
	<node id="3770700297" lat="57.7836252" lon="14.1608981" version="3" timestamp="2025-05-29T17:14:00Z" changeset="0"/>
	<node id="3770700298" lat="57.7842411" lon="14.1577889" version="2" timestamp="2025-06-01T12:13:47Z" changeset="0"/>
	<node id="3770700299" lat="57.7843604" lon="14.1575022" version="2" timestamp="2025-06-01T12:13:47Z" changeset="0"/>
	<node id="3770700300" lat="57.7844105" lon="14.1577076" version="2" timestamp="2025-06-01T12:13:47Z" changeset="0"/>
	<node id="3770700301" lat="57.7845298" lon="14.1574209" version="2" timestamp="2025-06-01T12:13:47Z" changeset="0"/>
	<node id="3878437873" lat="57.7808663" lon="14.1565444" version="1" timestamp="2015-12-05T13:43:44Z" changeset="0"/>
	<node id="3878442200" lat="57.7803639" lon="14.1504058" version="1" timestamp="2015-12-05T13:51:49Z" changeset="0"/>
	<node id="3878442202" lat="57.7806842" lon="14.1504056" version="1" timestamp="2015-12-05T13:51:49Z" changeset="0"/>
	<node id="4036877055" lat="57.7775274" lon="14.1726439" version="2" timestamp="2021-03-20T16:05:00Z" changeset="0"/>
	<node id="4036877056" lat="57.777533" lon="14.1726875" version="2" timestamp="2021-03-20T16:05:00Z" changeset="0"/>
	<node id="4036877057" lat="57.7775429" lon="14.1725624" version="2" timestamp="2021-03-20T16:05:00Z" changeset="0"/>
	<node id="4036877058" lat="57.7775638" lon="14.1727843" version="2" timestamp="2021-03-20T16:05:00Z" changeset="0"/>
	<node id="4036877059" lat="57.7775632" lon="14.1725392" version="2" timestamp="2021-03-20T16:05:00Z" changeset="0"/>
	<node id="4036877062" lat="57.777584" lon="14.1728103" version="2" timestamp="2021-03-20T16:05:00Z" changeset="0"/>
	<node id="4036877064" lat="57.7775928" lon="14.1725257" version="2" timestamp="2021-03-20T16:05:00Z" changeset="0"/>
	<node id="4036877065" lat="57.7776052" lon="14.1728188" version="2" timestamp="2021-03-20T16:05:00Z" changeset="0"/>
	<node id="4036877066" lat="57.7775991" lon="14.1731477" version="2" timestamp="2021-03-19T22:42:25Z" changeset="0"/>
	<node id="4036877069" lat="57.7777939" lon="14.1739779" version="2" timestamp="2021-03-19T22:42:25Z" changeset="0"/>
	<node id="4036877072" lat="57.7779057" lon="14.1738921" version="2" timestamp="2021-03-19T22:42:25Z" changeset="0"/>
	<node id="4036877073" lat="57.7779271" lon="14.173188" version="2" timestamp="2021-03-19T22:42:25Z" changeset="0"/>
	<node id="4036877075" lat="57.7779334" lon="14.1731346" version="3" timestamp="2021-03-20T16:05:00Z" changeset="0"/>
	<node id="4036877077" lat="57.7779613" lon="14.1727992" version="2" timestamp="2021-03-20T16:05:00Z" changeset="0"/>
	<node id="4036877078" lat="57.777965" lon="14.1728579" version="2" timestamp="2021-03-20T16:05:00Z" changeset="0"/>
	<node id="4036877079" lat="57.7779698" lon="14.1727423" version="2" timestamp="2021-03-20T16:05:00Z" changeset="0"/>
	<node id="4036877081" lat="57.7779655" lon="14.17303" version="3" timestamp="2021-03-20T16:05:00Z" changeset="0"/>
	<node id="4036877082" lat="57.7779775" lon="14.1729026" version="2" timestamp="2021-03-20T16:05:00Z" changeset="0"/>
	<node id="4036877084" lat="57.7779892" lon="14.1726957" version="2" timestamp="2021-03-20T16:05:00Z" changeset="0"/>
	<node id="4036877085" lat="57.7779686" lon="14.172591" version="2" timestamp="2021-03-20T16:05:00Z" changeset="0"/>
	<node id="4036877086" lat="57.777997" lon="14.1729373" version="3" timestamp="2021-03-20T16:05:00Z" changeset="0"/>
	<node id="4036877087" lat="57.7779984" lon="14.17262" version="2" timestamp="2021-03-20T16:05:00Z" changeset="0"/>
	<node id="4036877088" lat="57.7780166" lon="14.1726663" version="2" timestamp="2021-03-20T16:05:00Z" changeset="0"/>
	<node id="4036878991" lat="57.7780744" lon="14.1730811" version="2" timestamp="2021-03-20T16:05:00Z" changeset="0"/>
	<node id="4036878992" lat="57.7780478" lon="14.1726587" version="2" timestamp="2021-03-20T16:05:00Z" changeset="0"/>
	<node id="4036878994" lat="57.7780772" lon="14.1731522" version="2" timestamp="2021-03-20T16:05:00Z" changeset="0"/>
	<node id="4036878995" lat="57.7780712" lon="14.1726681" version="2" timestamp="2021-03-20T16:05:00Z" changeset="0"/>
	<node id="4036878996" lat="57.7780861" lon="14.1729398" version="2" timestamp="2021-03-20T16:05:00Z" changeset="0"/>
	<node id="4036878997" lat="57.7780756" lon="14.1732471" version="2" timestamp="2021-03-19T22:42:25Z" changeset="0"/>
	<node id="4036878998" lat="57.7780774" lon="14.1733741" version="2" timestamp="2021-03-19T22:42:25Z" changeset="0"/>
	<node id="4036878999" lat="57.7781056" lon="14.1729076" version="2" timestamp="2021-03-20T16:05:00Z" changeset="0"/>
	<node id="4036879000" lat="57.77811" lon="14.1727252" version="2" timestamp="2021-03-20T16:05:00Z" changeset="0"/>
	<node id="4036879001" lat="57.7781187" lon="14.1728654" version="2" timestamp="2021-03-20T16:05:00Z" changeset="0"/>
	<node id="4036879002" lat="57.778121" lon="14.1727694" version="2" timestamp="2021-03-20T16:05:00Z" changeset="0"/>
	<node id="4036879003" lat="57.7781165" lon="14.1734341" version="4" timestamp="2021-03-20T16:05:00Z" changeset="0">
		<tag k="bicycle" v="yes"/>
		<tag k="crossing" v="uncontrolled"/>
		<tag k="highway" v="crossing"/>
	</node>
	<node id="4036879004" lat="57.778124" lon="14.1728178" version="2" timestamp="2021-03-20T16:05:00Z" changeset="0"/>
	<node id="4036879005" lat="57.7785674" lon="14.1735638" version="2" timestamp="2021-03-19T22:42:25Z" changeset="0"/>
	<node id="4037508531" lat="57.7817001" lon="14.1685945" version="4" timestamp="2021-03-19T22:42:26Z" changeset="0"/>
	<node id="4037508532" lat="57.781773" lon="14.1690622" version="6" timestamp="2021-03-19T22:42:26Z" changeset="0"/>
	<node id="4547836297" lat="57.7744287" lon="14.157701" version="5" timestamp="2025-10-11T15:22:26Z" changeset="0">
		<tag k="bus" v="yes"/>
		<tag k="highway" v="bus_stop"/>
		<tag k="name" v="Munkplan"/>
		<tag k="network" v="Jönköpings Länstrafik"/>
		<tag k="network:wikidata" v="Q10542127"/>
		<tag k="public_transport" v="stop_position"/>
		<tag k="ref" v="A"/>
	</node>
	<node id="4635963660" lat="57.7758493" lon="14.1523466" version="3" timestamp="2021-02-19T21:38:33Z" changeset="0"/>
	<node id="4635963663" lat="57.7754863" lon="14.1521134" version="2" timestamp="2018-12-28T22:28:30Z" changeset="0"/>
	<node id="4845182748" lat="57.7817703" lon="14.1685088" version="6" timestamp="2021-03-19T22:42:26Z" changeset="0"/>
	<node id="5156862611" lat="57.7834244" lon="14.1556938" version="2" timestamp="2022-06-21T09:29:25Z" changeset="0"/>
	<node id="5156862612" lat="57.7831673" lon="14.1555499" version="2" timestamp="2022-06-21T09:29:25Z" changeset="0"/>
	<node id="5156862615" lat="57.7830014" lon="14.1549044" version="2" timestamp="2022-06-21T09:29:25Z" changeset="0"/>
	<node id="5156862616" lat="57.7832465" lon="14.1566705" version="2" timestamp="2022-06-21T09:29:25Z" changeset="0"/>
	<node id="5156862617" lat="57.783597" lon="14.1547078" version="2" timestamp="2022-06-21T09:29:25Z" changeset="0"/>
	<node id="5156862618" lat="57.7829964" lon="14.1565292" version="2" timestamp="2022-06-21T09:29:25Z" changeset="0"/>
	<node id="5156862619" lat="57.7833412" lon="14.1545689" version="2" timestamp="2022-06-21T09:29:25Z" changeset="0"/>
	<node id="5156862620" lat="57.7828332" lon="14.1558895" version="2" timestamp="2022-06-21T09:29:25Z" changeset="0"/>
	<node id="5156862621" lat="57.7839261" lon="14.1565172" version="2" timestamp="2022-06-21T09:29:25Z" changeset="0"/>
	<node id="5156862622" lat="57.783519" lon="14.1568227" version="2" timestamp="2022-06-21T09:29:25Z" changeset="0"/>
	<node id="5156862623" lat="57.7838292" lon="14.1548279" version="2" timestamp="2022-06-21T09:29:25Z" changeset="0"/>
	<node id="5156862626" lat="57.783662" lon="14.1558279" version="2" timestamp="2022-06-21T09:29:25Z" changeset="0"/>
	<node id="5156862627" lat="57.7829174" lon="14.155405" version="2" timestamp="2022-06-21T09:29:25Z" changeset="0"/>
	<node id="5156862629" lat="57.7830818" lon="14.1544483" version="2" timestamp="2022-06-21T09:29:25Z" changeset="0"/>
	<node id="5156862632" lat="57.7839216" lon="14.1549564" version="2" timestamp="2022-06-21T09:29:25Z" changeset="0"/>
	<node id="5156862633" lat="57.7839557" lon="14.155533" version="2" timestamp="2022-06-21T09:29:25Z" changeset="0"/>
	<node id="5156862634" lat="57.7839076" lon="14.1554305" version="1" timestamp="2017-10-09T11:35:48Z" changeset="0"/>
	<node id="5156862635" lat="57.783879" lon="14.1553447" version="1" timestamp="2017-10-09T11:35:48Z" changeset="0"/>
	<node id="5156862636" lat="57.7838504" lon="14.1552682" version="2" timestamp="2022-06-21T09:29:25Z" changeset="0"/>
	<node id="5156862637" lat="57.7838533" lon="14.1551824" version="2" timestamp="2022-06-21T09:29:25Z" changeset="0"/>
	<node id="5156862638" lat="57.7838951" lon="14.1551006" version="2" timestamp="2022-06-21T09:29:25Z" changeset="0"/>
	<node id="5156862639" lat="57.7839352" lon="14.1550422" version="2" timestamp="2022-06-21T09:29:25Z" changeset="0"/>
	<node id="5156862640" lat="57.7839906" lon="14.1550392" version="2" timestamp="2022-06-21T09:29:25Z" changeset="0"/>
	<node id="5156862641" lat="57.7840352" lon="14.1550534" version="2" timestamp="2022-06-21T09:29:25Z" changeset="0"/>
	<node id="5156862642" lat="57.7840642" lon="14.1550879" version="2" timestamp="2022-06-21T09:29:25Z" changeset="0"/>
	<node id="5156862643" lat="57.7841006" lon="14.1551676" version="2" timestamp="2022-06-21T09:29:25Z" changeset="0"/>
	<node id="5156862644" lat="57.784022" lon="14.1556209" version="1" timestamp="2017-10-09T11:35:48Z" changeset="0"/>
	<node id="5156862645" lat="57.7840394" lon="14.1554941" version="2" timestamp="2022-06-21T09:29:25Z" changeset="0"/>
	<node id="5156862646" lat="57.784135" lon="14.1552722" version="1" timestamp="2017-10-09T11:35:48Z" changeset="0"/>
	<node id="5156862647" lat="57.7841807" lon="14.1552266" version="1" timestamp="2017-10-09T11:35:48Z" changeset="0"/>
	<node id="5219451257" lat="57.7811491" lon="14.1678849" version="3" timestamp="2021-08-20T07:09:43Z" changeset="0"/>
	<node id="5312115856" lat="57.7769818" lon="14.1552267" version="6" timestamp="2025-10-11T15:22:26Z" changeset="0">
		<tag k="bus" v="yes"/>
		<tag k="highway" v="bus_stop"/>
		<tag k="name" v="Myntgatan"/>
		<tag k="network" v="Jönköpings Länstrafik"/>
		<tag k="network:wikidata" v="Q10542127"/>
		<tag k="public_transport" v="stop_position"/>
		<tag k="ref" v="B"/>
	</node>
	<node id="5768610852" lat="57.7859267" lon="14.154698" version="2" timestamp="2021-08-10T21:30:47Z" changeset="0"/>
	<node id="5768610853" lat="57.7858335" lon="14.1545758" version="3" timestamp="2021-08-10T22:04:07Z" changeset="0"/>
	<node id="5768610854" lat="57.7858486" lon="14.1547486" version="2" timestamp="2021-08-10T21:30:47Z" changeset="0"/>
	<node id="6126503183" lat="57.7716788" lon="14.1460431" version="2" timestamp="2024-10-31T11:31:43Z" changeset="0"/>
	<node id="6126503285" lat="57.7712451" lon="14.1447198" version="2" timestamp="2024-10-31T11:31:43Z" changeset="0"/>
	<node id="6276561160" lat="57.7779073" lon="14.1745558" version="2" timestamp="2021-03-19T22:42:26Z" changeset="0"/>
	<node id="6546896808" lat="57.7817813" lon="14.1684111" version="3" timestamp="2020-06-07T16:26:18Z" changeset="0"/>
	<node id="6546896823" lat="57.778478" lon="14.1729571" version="3" timestamp="2021-03-19T22:42:26Z" changeset="0"/>
	<node id="6546896828" lat="57.7786649" lon="14.1664801" version="3" timestamp="2021-04-07T20:05:42Z" changeset="0"/>
	<node id="6546898172" lat="57.7816962" lon="14.167998" version="3" timestamp="2020-06-07T16:26:18Z" changeset="0"/>
	<node id="6546898173" lat="57.7816969" lon="14.1678907" version="3" timestamp="2020-06-07T16:26:18Z" changeset="0"/>
	<node id="6546910274" lat="57.7820022" lon="14.1683362" version="3" timestamp="2021-01-16T09:44:45Z" changeset="0"/>
	<node id="6546910275" lat="57.7825428" lon="14.1686041" version="2" timestamp="2020-06-05T17:39:49Z" changeset="0"/>
	<node id="6546910276" lat="57.7820102" lon="14.1685298" version="3" timestamp="2021-01-16T09:44:45Z" changeset="0"/>
	<node id="6546910277" lat="57.7819869" lon="14.1684947" version="3" timestamp="2021-01-16T09:44:45Z" changeset="0"/>
	<node id="6546910278" lat="57.7819822" lon="14.1683896" version="2" timestamp="2020-06-05T17:39:49Z" changeset="0"/>
	<node id="6546910282" lat="57.781674" lon="14.1699856" version="3" timestamp="2021-03-19T22:42:26Z" changeset="0"/>
	<node id="6546910283" lat="57.7817013" lon="14.1698481" version="3" timestamp="2021-03-19T22:42:26Z" changeset="0"/>
	<node id="7589953175" lat="57.7788381" lon="14.1651464" version="2" timestamp="2021-08-02T12:36:16Z" changeset="0"/>
	<node id="7590206883" lat="57.7738421" lon="14.150683" version="1" timestamp="2020-06-03T18:56:51Z" changeset="0"/>
	<node id="7596244779" lat="57.7819116" lon="14.1681991" version="3" timestamp="2022-01-18T06:41:42Z" changeset="0"/>
	<node id="7596244780" lat="57.7818885" lon="14.1681039" version="2" timestamp="2020-06-07T16:26:18Z" changeset="0"/>
	<node id="7596244781" lat="57.7818556" lon="14.1680369" version="2" timestamp="2020-06-07T16:26:18Z" changeset="0"/>
	<node id="7596244782" lat="57.781804" lon="14.1680062" version="6" timestamp="2024-11-14T08:18:18Z" changeset="0">
		<tag k="bicycle" v="yes"/>
		<tag k="crossing" v="marked"/>
		<tag k="crossing:markings" v="yes"/>
		<tag k="highway" v="crossing"/>
	</node>
	<node id="7600353746" lat="57.783756" lon="14.1693218" version="2" timestamp="2021-08-10T10:58:30Z" changeset="0"/>
	<node id="7600353748" lat="57.7819493" lon="14.1683507" version="1" timestamp="2020-06-07T16:26:18Z" changeset="0"/>
	<node id="7600353749" lat="57.7819367" lon="14.1681926" version="2" timestamp="2022-01-18T06:41:42Z" changeset="0"/>
	<node id="7600353750" lat="57.7817843" lon="14.1697131" version="2" timestamp="2021-03-19T22:42:26Z" changeset="0"/>
	<node id="7603466054" lat="57.7823258" lon="14.1646019" version="6" timestamp="2024-11-14T08:18:18Z" changeset="0">
		<tag k="crossing" v="marked"/>
		<tag k="crossing:markings" v="yes"/>
		<tag k="highway" v="crossing"/>
	</node>
	<node id="7603466075" lat="57.7817085" lon="14.169233" version="4" timestamp="2023-08-05T11:26:38Z" changeset="0">
		<tag k="crossing" v="uncontrolled"/>
		<tag k="crossing:island" v="no"/>
		<tag k="highway" v="crossing"/>
	</node>
	<node id="7843924010" lat="57.7806065" lon="14.1745719" version="2" timestamp="2021-03-19T22:42:26Z" changeset="0"/>
	<node id="7843924011" lat="57.7811735" lon="14.1748102" version="1" timestamp="2020-08-25T16:52:27Z" changeset="0"/>
	<node id="7843924012" lat="57.7813165" lon="14.1739195" version="1" timestamp="2020-08-25T16:52:27Z" changeset="0"/>
	<node id="7843924013" lat="57.7813202" lon="14.1738748" version="1" timestamp="2020-08-25T16:52:27Z" changeset="0"/>
	<node id="8209344413" lat="57.7718248" lon="14.1537844" version="1" timestamp="2020-12-09T11:24:04Z" changeset="0">
		<tag k="junction" v="yes"/>
	</node>
	<node id="8244817198" lat="57.7766381" lon="14.1622261" version="1" timestamp="2020-12-20T13:11:09Z" changeset="0"/>
	<node id="8244829959" lat="57.7771994" lon="14.1630631" version="1" timestamp="2020-12-20T13:11:09Z" changeset="0"/>
	<node id="8244829960" lat="57.7769434" lon="14.1628861" version="1" timestamp="2020-12-20T13:11:09Z" changeset="0"/>
	<node id="8244829961" lat="57.7767689" lon="14.1627574" version="1" timestamp="2020-12-20T13:11:09Z" changeset="0"/>
	<node id="8244829962" lat="57.7766831" lon="14.162642" version="1" timestamp="2020-12-20T13:11:09Z" changeset="0"/>
	<node id="8244829963" lat="57.776633" lon="14.1625052" version="1" timestamp="2020-12-20T13:11:09Z" changeset="0"/>
	<node id="8244829964" lat="57.7766216" lon="14.1623228" version="1" timestamp="2020-12-20T13:11:09Z" changeset="0"/>
	<node id="8244829965" lat="57.7766445" lon="14.1621887" version="1" timestamp="2020-12-20T13:11:09Z" changeset="0"/>
	<node id="8244829966" lat="57.7766688" lon="14.162001" version="1" timestamp="2020-12-20T13:11:09Z" changeset="0"/>
	<node id="8244829967" lat="57.776716" lon="14.1618776" version="1" timestamp="2020-12-20T13:11:09Z" changeset="0"/>
	<node id="8244829968" lat="57.7768204" lon="14.1617274" version="1" timestamp="2020-12-20T13:11:09Z" changeset="0"/>
	<node id="8244829969" lat="57.7768926" lon="14.1616711" version="2" timestamp="2021-07-29T09:30:02Z" changeset="0"/>
	<node id="8244829970" lat="57.7769389" lon="14.1616796" version="2" timestamp="2021-07-29T09:30:02Z" changeset="0"/>
	<node id="8244829971" lat="57.7773924" lon="14.1620063" version="1" timestamp="2020-12-20T13:11:09Z" changeset="0"/>
	<node id="8244829972" lat="57.7774067" lon="14.1620358" version="1" timestamp="2020-12-20T13:11:09Z" changeset="0"/>
	<node id="8244829973" lat="57.7774139" lon="14.1620761" version="1" timestamp="2020-12-20T13:11:09Z" changeset="0"/>
	<node id="8244829974" lat="57.7774096" lon="14.1621673" version="1" timestamp="2020-12-20T13:11:09Z" changeset="0"/>
	<node id="8244829975" lat="57.7773138" lon="14.1627708" version="1" timestamp="2020-12-20T13:11:09Z" changeset="0"/>
	<node id="8244829976" lat="57.7772966" lon="14.1628888" version="1" timestamp="2020-12-20T13:11:09Z" changeset="0"/>
	<node id="8244829977" lat="57.7772966" lon="14.1629746" version="1" timestamp="2020-12-20T13:11:09Z" changeset="0"/>
	<node id="8244829978" lat="57.7772981" lon="14.1630758" version="1" timestamp="2020-12-20T13:11:09Z" changeset="0"/>
	<node id="8244829979" lat="57.7773053" lon="14.1628293" version="1" timestamp="2020-12-20T13:11:09Z" changeset="0"/>
	<node id="8244829980" lat="57.7766236" lon="14.1623558" version="1" timestamp="2020-12-20T13:11:09Z" changeset="0"/>
	<node id="8244829981" lat="57.7773415" lon="14.1625841" version="1" timestamp="2020-12-20T13:11:09Z" changeset="0"/>
	<node id="8244829982" lat="57.7766571" lon="14.1620914" version="1" timestamp="2020-12-20T13:11:09Z" changeset="0"/>
	<node id="8244829983" lat="57.7773825" lon="14.162333" version="1" timestamp="2020-12-20T13:11:09Z" changeset="0"/>
	<node id="8244829984" lat="57.7767383" lon="14.1618454" version="1" timestamp="2020-12-20T13:11:09Z" changeset="0"/>
	<node id="8244829985" lat="57.7770044" lon="14.161724" version="2" timestamp="2021-07-29T09:30:02Z" changeset="0"/>
	<node id="8245900240" lat="57.7775545" lon="14.1629677" version="1" timestamp="2020-12-20T20:44:46Z" changeset="0"/>
	<node id="8245900262" lat="57.7775884" lon="14.1632219" version="2" timestamp="2023-08-20T10:14:47Z" changeset="0"/>
	<node id="8245900263" lat="57.7777342" lon="14.1630545" version="3" timestamp="2021-08-03T06:06:44Z" changeset="0"/>
	<node id="8245900264" lat="57.7776933" lon="14.1628792" version="2" timestamp="2021-08-02T12:36:16Z" changeset="0"/>
	<node id="8245900265" lat="57.7776435" lon="14.1625539" version="2" timestamp="2021-08-02T12:36:16Z" changeset="0"/>
	<node id="8245900266" lat="57.7776359" lon="14.1624362" version="2" timestamp="2021-08-02T12:36:16Z" changeset="0"/>
	<node id="8245900267" lat="57.7776556" lon="14.1622737" version="2" timestamp="2021-08-02T12:36:16Z" changeset="0"/>
	<node id="8245900268" lat="57.7776828" lon="14.1621453" version="2" timestamp="2021-08-02T12:36:16Z" changeset="0"/>
	<node id="8245900269" lat="57.7777102" lon="14.1620464" version="2" timestamp="2021-08-02T12:36:16Z" changeset="0"/>
	<node id="8245900270" lat="57.777738" lon="14.161984" version="3" timestamp="2025-02-01T10:28:56Z" changeset="0"/>
	<node id="8245900271" lat="57.7778181" lon="14.1617054" version="3" timestamp="2025-02-01T10:28:56Z" changeset="0"/>
	<node id="8245900272" lat="57.7779076" lon="14.1612011" version="2" timestamp="2021-08-02T12:36:16Z" changeset="0"/>
	<node id="8245900273" lat="57.777867" lon="14.1634108" version="2" timestamp="2021-08-02T12:36:16Z" changeset="0"/>
	<node id="8245900274" lat="57.7785976" lon="14.1651928" version="1" timestamp="2020-12-20T20:44:46Z" changeset="0"/>
	<node id="8245900276" lat="57.7787407" lon="14.1654344" version="2" timestamp="2021-08-02T12:36:16Z" changeset="0"/>
	<node id="8245900277" lat="57.7777213" lon="14.163001" version="2" timestamp="2021-08-02T12:36:16Z" changeset="0"/>
	<node id="8245900278" lat="57.7776644" lon="14.1626967" version="2" timestamp="2021-08-02T12:36:16Z" changeset="0"/>
	<node id="8245900288" lat="57.7779299" lon="14.1635765" version="4" timestamp="2024-11-14T08:18:18Z" changeset="0">
		<tag k="crossing" v="unmarked"/>
		<tag k="crossing:markings" v="no"/>
		<tag k="highway" v="crossing"/>
	</node>
	<node id="8245914065" lat="57.7780998" lon="14.1602286" version="2" timestamp="2025-04-15T22:15:10Z" changeset="0"/>
	<node id="8245914066" lat="57.7780993" lon="14.1601313" version="2" timestamp="2025-04-15T22:15:10Z" changeset="0"/>
	<node id="8245914067" lat="57.7779833" lon="14.1598846" version="2" timestamp="2025-04-15T22:15:10Z" changeset="0"/>
	<node id="8245914068" lat="57.7778943" lon="14.159881" version="2" timestamp="2025-04-15T22:15:10Z" changeset="0"/>
	<node id="8245914069" lat="57.7777875" lon="14.1600408" version="2" timestamp="2025-04-15T22:15:10Z" changeset="0"/>
	<node id="8245914070" lat="57.7778287" lon="14.1604221" version="2" timestamp="2025-04-15T22:15:10Z" changeset="0"/>
	<node id="8245914071" lat="57.7778695" lon="14.1604692" version="2" timestamp="2025-04-15T22:15:10Z" changeset="0"/>
	<node id="8245914072" lat="57.7780601" lon="14.1599769" version="2" timestamp="2025-04-15T22:15:10Z" changeset="0"/>
	<node id="8245914076" lat="57.7779917" lon="14.1598039" version="2" timestamp="2025-04-15T22:15:11Z" changeset="0">
		<tag k="direction" v="forward"/>
		<tag k="highway" v="give_way"/>
	</node>
	<node id="8245914077" lat="57.7779641" lon="14.1598474" version="1" timestamp="2020-12-20T21:02:18Z" changeset="0"/>
	<node id="8245914078" lat="57.7780118" lon="14.1597592" version="1" timestamp="2020-12-20T21:02:18Z" changeset="0"/>
	<node id="8245914080" lat="57.7801218" lon="14.1672157" version="7" timestamp="2024-11-14T08:18:18Z" changeset="0">
		<tag k="crossing" v="unmarked"/>
		<tag k="crossing:island" v="no"/>
		<tag k="crossing:markings" v="no"/>
		<tag k="highway" v="crossing"/>
	</node>
	<node id="8245914081" lat="57.7822731" lon="14.1602154" version="1" timestamp="2020-12-20T21:02:18Z" changeset="0"/>
	<node id="8245914082" lat="57.7823336" lon="14.1598972" version="2" timestamp="2021-07-21T19:55:58Z" changeset="0"/>
	<node id="8245914749" lat="57.7796459" lon="14.1606758" version="2" timestamp="2021-07-27T14:58:56Z" changeset="0"/>
	<node id="8245914751" lat="57.7789435" lon="14.1607586" version="2" timestamp="2021-07-27T14:58:56Z" changeset="0"/>
	<node id="8247725267" lat="57.7780921" lon="14.1726898" version="2" timestamp="2021-03-20T16:05:01Z" changeset="0"/>
	<node id="8249737268" lat="57.7795508" lon="14.1762797" version="5" timestamp="2025-08-22T14:58:04Z" changeset="0">
		<tag k="crossing:markings" v="yes"/>
		<tag k="crossing:signals" v="no"/>
		<tag k="highway" v="crossing"/>
		<tag k="tactile_paving" v="no"/>
	</node>
	<node id="8290330500" lat="57.7807469" lon="14.1676227" version="2" timestamp="2021-07-20T14:56:33Z" changeset="0"/>
	<node id="8290330509" lat="57.7810006" lon="14.1677849" version="2" timestamp="2021-07-21T14:30:58Z" changeset="0"/>
	<node id="8290330511" lat="57.7808449" lon="14.1676843" version="2" timestamp="2021-07-21T14:30:58Z" changeset="0"/>
	<node id="8290330513" lat="57.7806917" lon="14.167586" version="2" timestamp="2021-07-21T14:30:58Z" changeset="0"/>
	<node id="8290330515" lat="57.7805481" lon="14.1674927" version="1" timestamp="2021-01-04T16:53:06Z" changeset="0"/>
	<node id="8290330516" lat="57.7806093" lon="14.1671473" version="2" timestamp="2021-05-25T07:46:56Z" changeset="0"/>
	<node id="8290345123" lat="57.7811135" lon="14.1681073" version="3" timestamp="2021-08-20T07:09:43Z" changeset="0"/>
	<node id="8290345124" lat="57.7810991" lon="14.1681607" version="3" timestamp="2021-08-20T07:09:43Z" changeset="0"/>
	<node id="8290345125" lat="57.7810791" lon="14.1682014" version="2" timestamp="2021-07-20T14:56:33Z" changeset="0"/>
	<node id="8290345126" lat="57.7810485" lon="14.1682212" version="2" timestamp="2021-07-20T14:56:33Z" changeset="0"/>
	<node id="8290345127" lat="57.78102" lon="14.1682307" version="2" timestamp="2021-07-20T14:56:33Z" changeset="0"/>
	<node id="8290345128" lat="57.7809687" lon="14.1682263" version="4" timestamp="2023-10-10T08:22:13Z" changeset="0">
		<tag k="access" v="private"/>
		<tag k="amenity" v="parking_entrance"/>
		<tag k="parking" v="underground"/>
	</node>
	<node id="8290345133" lat="57.7804448" lon="14.1674252" version="1" timestamp="2021-01-04T16:53:06Z" changeset="0"/>
	<node id="8290345149" lat="57.7811431" lon="14.1679219" version="2" timestamp="2021-08-20T07:09:43Z" changeset="0"/>
	<node id="8290345151" lat="57.7796055" lon="14.1668683" version="2" timestamp="2023-05-14T06:34:49Z" changeset="0"/>
	<node id="8290345152" lat="57.7795057" lon="14.167412" version="2" timestamp="2023-05-14T06:34:49Z" changeset="0">
		<tag k="amenity" v="parking_entrance"/>
	</node>
	<node id="8290345153" lat="57.779594" lon="14.1669294" version="4" timestamp="2024-11-14T08:18:18Z" changeset="0">
		<tag k="crossing" v="unmarked"/>
		<tag k="crossing:markings" v="no"/>
		<tag k="highway" v="crossing"/>
	</node>
	<node id="8290345162" lat="57.7789229" lon="14.1661917" version="1" timestamp="2021-01-04T16:53:06Z" changeset="0"/>
	<node id="8290345173" lat="57.7789002" lon="14.1649942" version="6" timestamp="2025-08-23T09:35:24Z" changeset="0">
		<tag k="crossing" v="unmarked"/>
		<tag k="crossing:island" v="no"/>
		<tag k="crossing:markings" v="no"/>
		<tag k="highway" v="crossing"/>
		<tag k="tactile_paving" v="no"/>
	</node>
	<node id="8290345174" lat="57.7789074" lon="14.1662807" version="5" timestamp="2025-08-23T09:36:11Z" changeset="0">
		<tag k="crossing:markings" v="no"/>
		<tag k="crossing:signals" v="no"/>
		<tag k="highway" v="crossing"/>
		<tag k="tactile_paving" v="yes"/>
	</node>
	<node id="8290345198" lat="57.7811556" lon="14.1678342" version="2" timestamp="2021-08-20T07:09:43Z" changeset="0"/>
	<node id="8290345203" lat="57.7796146" lon="14.165692" version="2" timestamp="2021-10-08T13:37:09Z" changeset="0">
		<tag k="access" v="private"/>
		<tag k="amenity" v="parking_entrance"/>
	</node>
	<node id="8290402026" lat="57.782" lon="14.1656783" version="6" timestamp="2024-11-14T08:18:18Z" changeset="0">
		<tag k="crossing" v="unmarked"/>
		<tag k="crossing:island" v="no"/>
		<tag k="crossing:markings" v="no"/>
		<tag k="highway" v="crossing"/>
	</node>
	<node id="8290402027" lat="57.7817705" lon="14.1668591" version="5" timestamp="2024-11-14T08:18:18Z" changeset="0">
		<tag k="crossing" v="marked"/>
		<tag k="crossing:island" v="no"/>
		<tag k="crossing:markings" v="yes"/>
		<tag k="highway" v="crossing"/>
	</node>
	<node id="8290402029" lat="57.7811323" lon="14.1655586" version="2" timestamp="2021-08-03T06:15:37Z" changeset="0"/>
	<node id="8290402030" lat="57.7811343" lon="14.1655083" version="2" timestamp="2021-08-03T06:15:37Z" changeset="0"/>
	<node id="8290402031" lat="57.7811196" lon="14.1654713" version="2" timestamp="2021-08-03T06:15:37Z" changeset="0"/>
	<node id="8290402032" lat="57.780793" lon="14.1652506" version="2" timestamp="2021-08-03T06:15:37Z" changeset="0"/>
	<node id="8290402033" lat="57.7807586" lon="14.1652502" version="2" timestamp="2021-08-03T06:15:37Z" changeset="0"/>
	<node id="8290402034" lat="57.7807261" lon="14.1652923" version="1" timestamp="2021-01-04T17:08:39Z" changeset="0"/>
	<node id="8290402036" lat="57.7807779" lon="14.1652453" version="2" timestamp="2021-08-03T06:15:37Z" changeset="0"/>
	<node id="8290402037" lat="57.781004" lon="14.1653951" version="2" timestamp="2021-08-03T06:15:37Z" changeset="0"/>
	<node id="8290402039" lat="57.7808571" lon="14.1652927" version="2" timestamp="2021-08-03T06:15:37Z" changeset="0"/>
	<node id="8290402054" lat="57.7807426" lon="14.1652656" version="2" timestamp="2021-08-03T06:15:37Z" changeset="0"/>
	<node id="8290402055" lat="57.7806726" lon="14.1654727" version="2" timestamp="2021-08-03T06:15:37Z" changeset="0"/>
	<node id="8290402056" lat="57.780546" lon="14.1653856" version="2" timestamp="2021-08-05T18:55:01Z" changeset="0"/>
	<node id="8290402057" lat="57.7806196" lon="14.1657417" version="2" timestamp="2021-08-03T06:15:37Z" changeset="0"/>
	<node id="8290402058" lat="57.7804937" lon="14.1656537" version="1" timestamp="2021-01-04T17:08:39Z" changeset="0"/>
	<node id="8290402066" lat="57.7811515" lon="14.1637835" version="3" timestamp="2021-08-20T07:09:43Z" changeset="0"/>
	<node id="8290402067" lat="57.7809612" lon="14.1647732" version="2" timestamp="2021-08-20T07:09:43Z" changeset="0"/>
	<node id="8290402068" lat="57.7812015" lon="14.1649358" version="2" timestamp="2021-08-20T07:09:43Z" changeset="0"/>
	<node id="8290402069" lat="57.7812841" lon="14.1644929" version="2" timestamp="2021-08-20T07:09:43Z" changeset="0"/>
	<node id="8290402070" lat="57.7810463" lon="14.1643344" version="2" timestamp="2021-08-20T07:09:43Z" changeset="0"/>
	<node id="8290402071" lat="57.7811251" lon="14.1639208" version="6" timestamp="2024-11-14T08:18:18Z" changeset="0">
		<tag k="crossing" v="unmarked"/>
		<tag k="crossing:markings" v="no"/>
		<tag k="highway" v="crossing"/>
		<tag k="tactile_paving" v="no"/>
	</node>
	<node id="8290422197" lat="57.7787558" lon="14.1653642" version="2" timestamp="2021-08-02T12:36:16Z" changeset="0"/>
	<node id="8290422198" lat="57.7787164" lon="14.165453" version="2" timestamp="2021-08-02T12:36:16Z" changeset="0"/>
	<node id="8290422199" lat="57.7786834" lon="14.1655206" version="2" timestamp="2021-08-02T12:36:16Z" changeset="0"/>
	<node id="8290422200" lat="57.7786447" lon="14.1655617" version="2" timestamp="2021-08-02T12:36:16Z" changeset="0"/>
	<node id="8290422201" lat="57.7786086" lon="14.1655712" version="2" timestamp="2021-08-02T12:36:16Z" changeset="0"/>
	<node id="8290422202" lat="57.7785739" lon="14.165563" version="2" timestamp="2021-08-02T12:36:16Z" changeset="0"/>
	<node id="8290422203" lat="57.7785288" lon="14.1655335" version="3" timestamp="2023-08-20T10:14:47Z" changeset="0"/>
	<node id="8290422204" lat="57.7784659" lon="14.1655019" version="2" timestamp="2021-08-02T12:36:16Z" changeset="0"/>
	<node id="8290422205" lat="57.7784329" lon="14.1651977" version="1" timestamp="2021-01-04T17:28:38Z" changeset="0"/>
	<node id="8290422206" lat="57.7785362" lon="14.1650443" version="1" timestamp="2021-01-04T17:28:38Z" changeset="0"/>
	<node id="8290422209" lat="57.7783387" lon="14.1649676" version="1" timestamp="2021-01-04T17:28:38Z" changeset="0"/>
	<node id="8290422210" lat="57.7784416" lon="14.1648154" version="1" timestamp="2021-01-04T17:28:38Z" changeset="0"/>
	<node id="8290422211" lat="57.7782381" lon="14.1647216" version="1" timestamp="2021-01-04T17:28:38Z" changeset="0"/>
	<node id="8290422212" lat="57.7783409" lon="14.1645717" version="1" timestamp="2021-01-04T17:28:38Z" changeset="0"/>
	<node id="8290422213" lat="57.7781401" lon="14.1644823" version="1" timestamp="2021-01-04T17:28:38Z" changeset="0"/>
	<node id="8290422214" lat="57.778242" lon="14.1643325" version="1" timestamp="2021-01-04T17:28:38Z" changeset="0"/>
	<node id="8290422215" lat="57.7780419" lon="14.1642422" version="1" timestamp="2021-01-04T17:28:38Z" changeset="0"/>
	<node id="8290422216" lat="57.7781433" lon="14.1640938" version="1" timestamp="2021-01-04T17:28:38Z" changeset="0"/>
	<node id="8290424884" lat="57.7799069" lon="14.1641882" version="1" timestamp="2021-01-04T17:17:47Z" changeset="0"/>
	<node id="8290424885" lat="57.7795619" lon="14.1639608" version="1" timestamp="2021-01-04T17:17:47Z" changeset="0">
		<tag k="amenity" v="parking_entrance"/>
	</node>
	<node id="8290424886" lat="57.7799996" lon="14.1637005" version="1" timestamp="2021-01-04T17:17:47Z" changeset="0"/>
	<node id="8290424888" lat="57.7799392" lon="14.1640185" version="1" timestamp="2021-01-04T17:17:47Z" changeset="0"/>
	<node id="8290450117" lat="57.7779461" lon="14.1640081" version="1" timestamp="2021-01-04T17:28:38Z" changeset="0"/>
	<node id="8290450118" lat="57.7780451" lon="14.1638563" version="1" timestamp="2021-01-04T17:28:38Z" changeset="0"/>
	<node id="8290493393" lat="57.7777008" lon="14.161146" version="2" timestamp="2023-08-20T10:14:47Z" changeset="0"/>
	<node id="8290493394" lat="57.7777368" lon="14.1609627" version="1" timestamp="2021-01-04T17:49:19Z" changeset="0"/>
	<node id="8290493395" lat="57.7777714" lon="14.1604749" version="1" timestamp="2021-01-04T17:49:19Z" changeset="0"/>
	<node id="8292704523" lat="57.7797539" lon="14.1723427" version="9" timestamp="2025-08-23T09:41:49Z" changeset="0">
		<tag k="crossing:island" v="no"/>
		<tag k="crossing:markings" v="yes"/>
		<tag k="crossing:signals" v="no"/>
		<tag k="highway" v="crossing"/>
		<tag k="tactile_paving" v="no"/>
	</node>
	<node id="8292704524" lat="57.7798305" lon="14.1723543" version="2" timestamp="2021-03-20T16:05:01Z" changeset="0"/>
	<node id="8292704525" lat="57.7798458" lon="14.1728568" version="2" timestamp="2021-03-20T16:05:01Z" changeset="0"/>
	<node id="8292704526" lat="57.779962" lon="14.1727858" version="1" timestamp="2021-01-05T08:32:27Z" changeset="0"/>
	<node id="8292704527" lat="57.7798454" lon="14.1727284" version="2" timestamp="2021-03-20T16:05:01Z" changeset="0"/>
	<node id="8292745419" lat="57.781114" lon="14.1718392" version="6" timestamp="2026-01-10T13:57:21Z" changeset="0">
		<tag k="crossing" v="marked"/>
		<tag k="crossing:island" v="no"/>
		<tag k="crossing:markings" v="yes"/>
		<tag k="highway" v="crossing"/>
	</node>
	<node id="8292745420" lat="57.7811988" lon="14.1719129" version="4" timestamp="2024-11-14T08:18:18Z" changeset="0">
		<tag k="crossing" v="marked"/>
		<tag k="crossing:markings" v="yes"/>
		<tag k="highway" v="crossing"/>
	</node>
	<node id="8293274926" lat="57.7815123" lon="14.1653575" version="5" timestamp="2024-01-15T17:18:59Z" changeset="0"/>
	<node id="8311245885" lat="57.7788895" lon="14.1647895" version="4" timestamp="2024-11-14T08:18:18Z" changeset="0">
		<tag k="crossing" v="unmarked"/>
		<tag k="crossing:island" v="no"/>
		<tag k="crossing:markings" v="no"/>
		<tag k="highway" v="crossing"/>
	</node>
	<node id="8311245886" lat="57.7791913" lon="14.163275" version="3" timestamp="2022-08-16T05:36:58Z" changeset="0"/>
	<node id="8311245887" lat="57.7786422" lon="14.1629225" version="2" timestamp="2022-08-16T05:36:58Z" changeset="0"/>
	<node id="8311245888" lat="57.7785188" lon="14.1629528" version="3" timestamp="2022-08-16T05:36:58Z" changeset="0"/>
	<node id="8311245889" lat="57.7787628" lon="14.1634144" version="3" timestamp="2022-08-16T05:36:58Z" changeset="0"/>
	<node id="8311245902" lat="57.7788385" lon="14.1630486" version="3" timestamp="2022-08-16T05:36:58Z" changeset="0"/>
	<node id="8311245903" lat="57.7791445" lon="14.163248" version="3" timestamp="2022-08-16T05:36:58Z" changeset="0"/>
	<node id="8311245904" lat="57.7784674" lon="14.162829" version="2" timestamp="2021-08-03T05:39:54Z" changeset="0"/>
	<node id="8311245909" lat="57.7784387" lon="14.1627367" version="1" timestamp="2021-01-11T12:24:45Z" changeset="0"/>
	<node id="8311245910" lat="57.7784262" lon="14.1626527" version="1" timestamp="2021-01-11T12:24:45Z" changeset="0"/>
	<node id="8311245911" lat="57.7784262" lon="14.1625593" version="1" timestamp="2021-01-11T12:24:45Z" changeset="0"/>
	<node id="8311245912" lat="57.7784424" lon="14.1624518" version="1" timestamp="2021-01-11T12:24:45Z" changeset="0"/>
	<node id="8311245913" lat="57.7785302" lon="14.162011" version="2" timestamp="2021-07-27T14:58:56Z" changeset="0"/>
	<node id="8311245914" lat="57.7784356" lon="14.1624972" version="1" timestamp="2021-01-11T12:24:45Z" changeset="0"/>
	<node id="8314425020" lat="57.7810205" lon="14.1661509" version="2" timestamp="2021-08-03T06:15:37Z" changeset="0"/>
	<node id="8322225782" lat="57.7813299" lon="14.1668605" version="2" timestamp="2021-08-20T07:09:43Z" changeset="0"/>
	<node id="8322225783" lat="57.7811872" lon="14.1667726" version="2" timestamp="2021-08-20T07:09:43Z" changeset="0"/>
	<node id="8322225784" lat="57.7811471" lon="14.167001" version="1" timestamp="2021-01-14T20:00:23Z" changeset="0"/>
	<node id="8325249751" lat="57.7812989" lon="14.1670417" version="3" timestamp="2021-09-29T07:10:56Z" changeset="0"/>
	<node id="8325249752" lat="57.7813283" lon="14.1671617" version="3" timestamp="2021-09-29T07:10:56Z" changeset="0"/>
	<node id="8325249753" lat="57.7813368" lon="14.1672075" version="2" timestamp="2021-08-20T07:09:43Z" changeset="0"/>
	<node id="8325249754" lat="57.781342" lon="14.1673106" version="2" timestamp="2021-08-20T07:09:43Z" changeset="0"/>
	<node id="8325249755" lat="57.781335" lon="14.1673563" version="2" timestamp="2021-08-20T07:09:43Z" changeset="0"/>
	<node id="8325249756" lat="57.7813231" lon="14.167406" version="2" timestamp="2021-08-20T07:09:43Z" changeset="0"/>
	<node id="8325249757" lat="57.7813126" lon="14.1674327" version="2" timestamp="2021-08-20T07:09:43Z" changeset="0"/>
	<node id="8325249758" lat="57.7812915" lon="14.1674605" version="2" timestamp="2021-08-20T07:09:43Z" changeset="0"/>
	<node id="8325249759" lat="57.7812666" lon="14.1674772" version="2" timestamp="2021-08-20T07:09:43Z" changeset="0"/>
	<node id="8325249760" lat="57.7812216" lon="14.1674652" version="2" timestamp="2021-08-20T07:09:43Z" changeset="0"/>
	<node id="8325249761" lat="57.781343" lon="14.1672552" version="2" timestamp="2021-08-20T07:09:43Z" changeset="0"/>
	<node id="8325285009" lat="57.7810581" lon="14.1662116" version="2" timestamp="2021-08-03T06:15:37Z" changeset="0"/>
	<node id="8325285010" lat="57.7810956" lon="14.1663628" version="2" timestamp="2021-08-03T06:15:37Z" changeset="0"/>
	<node id="8325285012" lat="57.7810968" lon="14.1663239" version="1" timestamp="2021-01-15T17:08:32Z" changeset="0"/>
	<node id="8325285013" lat="57.781093" lon="14.1662826" version="1" timestamp="2021-01-15T17:08:32Z" changeset="0"/>
	<node id="8325285015" lat="57.7810854" lon="14.1662522" version="2" timestamp="2021-08-03T06:15:37Z" changeset="0"/>
	<node id="8325285016" lat="57.7810274" lon="14.1661737" version="2" timestamp="2021-08-03T06:15:37Z" changeset="0"/>
	<node id="8325285217" lat="57.7810244" lon="14.1661261" version="2" timestamp="2021-08-03T06:15:37Z" changeset="0"/>
	<node id="8325285218" lat="57.7808817" lon="14.1660293" version="2" timestamp="2021-08-03T06:15:37Z" changeset="0"/>
	<node id="8325285219" lat="57.7807359" lon="14.1659318" version="2" timestamp="2021-08-03T06:15:37Z" changeset="0"/>
	<node id="8325285220" lat="57.7805994" lon="14.1658416" version="2" timestamp="2021-08-03T06:15:37Z" changeset="0"/>
	<node id="8327046846" lat="57.7816975" lon="14.1677945" version="5" timestamp="2024-11-14T08:18:18Z" changeset="0">
		<tag k="bicycle" v="yes"/>
		<tag k="crossing" v="marked"/>
		<tag k="crossing:markings" v="yes"/>
		<tag k="highway" v="crossing"/>
	</node>
	<node id="8327046854" lat="57.7819344" lon="14.1682916" version="3" timestamp="2024-11-14T08:18:18Z" changeset="0">
		<tag k="crossing" v="unmarked"/>
		<tag k="crossing:markings" v="no"/>
		<tag k="highway" v="crossing"/>
	</node>
	<node id="8327046865" lat="57.7819613" lon="14.1681906" version="3" timestamp="2024-11-14T08:18:18Z" changeset="0">
		<tag k="crossing" v="marked"/>
		<tag k="crossing:markings" v="yes"/>
		<tag k="highway" v="crossing"/>
	</node>
	<node id="8327046876" lat="57.7818755" lon="14.1680657" version="1" timestamp="2021-01-16T09:44:45Z" changeset="0"/>
	<node id="8327046877" lat="57.781823" lon="14.1680126" version="1" timestamp="2021-01-16T09:44:45Z" changeset="0"/>
	<node id="8327046878" lat="57.7819768" lon="14.1684317" version="1" timestamp="2021-01-16T09:44:45Z" changeset="0"/>
	<node id="8327046879" lat="57.782022" lon="14.1683227" version="1" timestamp="2021-01-16T09:44:45Z" changeset="0"/>
	<node id="8327046892" lat="57.7835665" lon="14.1671353" version="2" timestamp="2021-09-24T11:47:44Z" changeset="0"/>
	<node id="8327046893" lat="57.7836719" lon="14.1685628" version="2" timestamp="2021-09-24T11:47:44Z" changeset="0"/>
	<node id="8327058351" lat="57.782822" lon="14.1682073" version="2" timestamp="2022-01-18T06:41:42Z" changeset="0"/>
	<node id="8333378734" lat="57.7755643" lon="14.1542817" version="3" timestamp="2025-07-11T06:13:20Z" changeset="0"/>
	<node id="8333378736" lat="57.7751989" lon="14.1561506" version="2" timestamp="2021-10-08T10:36:04Z" changeset="0">
		<tag k="highway" v="crossing"/>
	</node>
	<node id="8333378743" lat="57.7748752" lon="14.157998" version="4" timestamp="2024-11-14T08:18:18Z" changeset="0">
		<tag k="crossing" v="marked"/>
		<tag k="crossing:markings" v="yes"/>
		<tag k="highway" v="crossing"/>
	</node>
	<node id="8333378747" lat="57.7753119" lon="14.1541119" version="2" timestamp="2025-07-11T06:13:20Z" changeset="0"/>
	<node id="8333378748" lat="57.7753969" lon="14.1541701" version="2" timestamp="2025-07-11T06:13:20Z" changeset="0"/>
	<node id="8333378751" lat="57.7750483" lon="14.1560534" version="1" timestamp="2021-01-18T08:55:22Z" changeset="0">
		<tag k="highway" v="crossing"/>
	</node>
	<node id="8334014573" lat="57.7790673" lon="14.1664038" version="1" timestamp="2021-01-18T11:44:42Z" changeset="0"/>
	<node id="8334014574" lat="57.7789901" lon="14.1662898" version="1" timestamp="2021-01-18T11:44:42Z" changeset="0"/>
	<node id="8334014575" lat="57.7788734" lon="14.1661019" version="2" timestamp="2025-04-15T22:15:11Z" changeset="0">
		<tag k="direction" v="forward"/>
		<tag k="highway" v="give_way"/>
	</node>
	<node id="8334014576" lat="57.7788011" lon="14.1659909" version="3" timestamp="2023-08-20T10:14:47Z" changeset="0"/>
	<node id="8335740256" lat="57.7807583" lon="14.1672401" version="3" timestamp="2021-07-21T14:30:58Z" changeset="0"/>
	<node id="8335740257" lat="57.7809112" lon="14.1673426" version="3" timestamp="2021-07-21T14:30:58Z" changeset="0"/>
	<node id="8335740258" lat="57.7810632" lon="14.1674409" version="3" timestamp="2021-07-21T14:30:58Z" changeset="0"/>
	<node id="8338196415" lat="57.7790875" lon="14.1637488" version="4" timestamp="2025-08-23T09:34:17Z" changeset="0">
		<tag k="crossing" v="marked"/>
		<tag k="crossing:island" v="no"/>
		<tag k="crossing:markings" v="yes"/>
		<tag k="highway" v="crossing"/>
		<tag k="tactile_paving" v="no"/>
	</node>
	<node id="8365132241" lat="57.778734" lon="14.1605607" version="4" timestamp="2021-10-05T12:10:33Z" changeset="0">
		<tag k="highway" v="turning_circle"/>
	</node>
	<node id="8391147489" lat="57.7843872" lon="14.1622646" version="3" timestamp="2021-08-16T13:27:31Z" changeset="0"/>
	<node id="8391147490" lat="57.7843729" lon="14.162245" version="3" timestamp="2021-08-16T13:27:31Z" changeset="0"/>
	<node id="8391147491" lat="57.7843601" lon="14.1621627" version="4" timestamp="2021-08-16T13:27:31Z" changeset="0"/>
	<node id="8391147492" lat="57.7845674" lon="14.1614171" version="4" timestamp="2021-08-16T13:27:31Z" changeset="0"/>
	<node id="8391147493" lat="57.7846253" lon="14.1610677" version="3" timestamp="2024-05-04T11:29:02Z" changeset="0">
		<tag k="direction" v="forward"/>
		<tag k="highway" v="give_way"/>
	</node>
	<node id="8391147508" lat="57.7844044" lon="14.162284" version="3" timestamp="2021-08-16T13:27:31Z" changeset="0"/>
	<node id="8391147509" lat="57.7844465" lon="14.1622927" version="3" timestamp="2021-08-16T13:27:31Z" changeset="0"/>
	<node id="8391172827" lat="57.7847747" lon="14.1603958" version="4" timestamp="2024-11-14T08:18:18Z" changeset="0">
		<tag k="crossing" v="marked"/>
		<tag k="crossing:markings" v="yes"/>
		<tag k="highway" v="crossing"/>
	</node>
	<node id="8391172828" lat="57.7846763" lon="14.1611678" version="5" timestamp="2024-05-04T11:29:02Z" changeset="0">
		<tag k="crossing" v="uncontrolled"/>
		<tag k="crossing:markings" v="zebra"/>
		<tag k="highway" v="crossing"/>
		<tag k="tactile_paving" v="no"/>
	</node>
	<node id="8428274001" lat="57.7822762" lon="14.1644115" version="3" timestamp="2021-08-19T10:59:19Z" changeset="0">
		<tag k="highway" v="crossing"/>
	</node>
	<node id="8428274004" lat="57.7824761" lon="14.1631296" version="6" timestamp="2024-11-14T08:18:18Z" changeset="0">
		<tag k="crossing" v="marked"/>
		<tag k="crossing:markings" v="yes"/>
		<tag k="highway" v="crossing"/>
		<tag k="kerb" v="flush"/>
		<tag k="tactile_paving" v="no"/>
	</node>
	<node id="8428274005" lat="57.7827129" lon="14.1617623" version="2" timestamp="2021-08-19T10:59:19Z" changeset="0"/>
	<node id="8428274007" lat="57.782592" lon="14.1624429" version="6" timestamp="2024-11-14T08:18:18Z" changeset="0">
		<tag k="crossing" v="unmarked"/>
		<tag k="crossing:island" v="no"/>
		<tag k="crossing:markings" v="no"/>
		<tag k="highway" v="crossing"/>
		<tag k="tactile_paving" v="no"/>
	</node>
	<node id="8428274008" lat="57.7823529" lon="14.1638051" version="2" timestamp="2021-08-19T10:59:19Z" changeset="0">
		<tag k="highway" v="crossing"/>
	</node>
	<node id="8428274009" lat="57.7823113" lon="14.1642098" version="2" timestamp="2021-08-19T10:59:19Z" changeset="0">
		<tag k="highway" v="crossing"/>
	</node>
	<node id="8439412572" lat="57.7753761" lon="14.1541601" version="2" timestamp="2025-07-11T06:13:20Z" changeset="0"/>
	<node id="8538987745" lat="57.7781235" lon="14.1736141" version="1" timestamp="2021-03-19T22:42:25Z" changeset="0"/>
	<node id="8538987746" lat="57.7781128" lon="14.1735704" version="1" timestamp="2021-03-19T22:42:25Z" changeset="0">
		<tag k="highway" v="give_way"/>
	</node>
	<node id="8538987747" lat="57.7781039" lon="14.173543" version="1" timestamp="2021-03-19T22:42:25Z" changeset="0"/>
	<node id="8538987748" lat="57.7780836" lon="14.1734562" version="1" timestamp="2021-03-19T22:42:25Z" changeset="0"/>
	<node id="8538987749" lat="57.778149" lon="14.1734604" version="1" timestamp="2021-03-19T22:42:25Z" changeset="0"/>
	<node id="8538987750" lat="57.7781823" lon="14.1734791" version="1" timestamp="2021-03-19T22:42:25Z" changeset="0"/>
	<node id="8538987751" lat="57.7780744" lon="14.1733347" version="1" timestamp="2021-03-19T22:42:25Z" changeset="0"/>
	<node id="8538987752" lat="57.7779476" lon="14.1730814" version="2" timestamp="2021-03-20T16:05:01Z" changeset="0"/>
	<node id="8538987754" lat="57.7781562" lon="14.1742051" version="1" timestamp="2021-03-19T22:42:25Z" changeset="0"/>
	<node id="8538987755" lat="57.7784817" lon="14.1731256" version="1" timestamp="2021-03-19T22:42:25Z" changeset="0"/>
	<node id="8538987756" lat="57.7784772" lon="14.17305" version="1" timestamp="2021-03-19T22:42:25Z" changeset="0"/>
	<node id="8538987757" lat="57.7782978" lon="14.1733503" version="1" timestamp="2021-03-19T22:42:25Z" changeset="0">
		<tag k="highway" v="give_way"/>
	</node>
	<node id="8538987758" lat="57.7783179" lon="14.1732519" version="1" timestamp="2021-03-19T22:42:25Z" changeset="0"/>
	<node id="8538987759" lat="57.7783326" lon="14.1731436" version="1" timestamp="2021-03-19T22:42:25Z" changeset="0"/>
	<node id="8538987760" lat="57.7783846" lon="14.1732918" version="1" timestamp="2021-03-19T22:42:25Z" changeset="0"/>
	<node id="8538987761" lat="57.7784499" lon="14.1733418" version="1" timestamp="2021-03-19T22:42:25Z" changeset="0"/>
	<node id="8538987762" lat="57.7784753" lon="14.1734228" version="1" timestamp="2021-03-19T22:42:25Z" changeset="0"/>
	<node id="8538987763" lat="57.7786192" lon="14.1735902" version="1" timestamp="2021-03-19T22:42:25Z" changeset="0"/>
	<node id="8538987764" lat="57.778678" lon="14.1736629" version="1" timestamp="2021-03-19T22:42:25Z" changeset="0"/>
	<node id="8538987765" lat="57.7786264" lon="14.1736741" version="1" timestamp="2021-03-19T22:42:25Z" changeset="0"/>
	<node id="8538987766" lat="57.7785747" lon="14.1736603" version="1" timestamp="2021-03-19T22:42:25Z" changeset="0"/>
	<node id="8538987767" lat="57.7785249" lon="14.1736275" version="1" timestamp="2021-03-19T22:42:25Z" changeset="0"/>
	<node id="8538987768" lat="57.7784804" lon="14.1735846" version="1" timestamp="2021-03-19T22:42:25Z" changeset="0">
		<tag k="highway" v="give_way"/>
	</node>
	<node id="8538987769" lat="57.7784049" lon="14.1734837" version="1" timestamp="2021-03-19T22:42:25Z" changeset="0"/>
	<node id="8538987770" lat="57.7784555" lon="14.1739919" version="1" timestamp="2021-03-19T22:42:25Z" changeset="0"/>
	<node id="8538987771" lat="57.7784509" lon="14.1735519" version="1" timestamp="2021-03-19T22:42:25Z" changeset="0"/>
	<node id="8538987772" lat="57.7784971" lon="14.1737703" version="1" timestamp="2021-03-19T22:42:25Z" changeset="0"/>
	<node id="8538987773" lat="57.778487" lon="14.1738881" version="1" timestamp="2021-03-19T22:42:25Z" changeset="0"/>
	<node id="8538987774" lat="57.7782902" lon="14.174108" version="1" timestamp="2021-03-19T22:42:25Z" changeset="0"/>
	<node id="8538987775" lat="57.7782284" lon="14.174067" version="1" timestamp="2021-03-19T22:42:25Z" changeset="0"/>
	<node id="8538987776" lat="57.7781837" lon="14.1739985" version="1" timestamp="2021-03-19T22:42:25Z" changeset="0"/>
	<node id="8538987777" lat="57.778153" lon="14.1739069" version="1" timestamp="2021-03-19T22:42:25Z" changeset="0"/>
	<node id="8538987778" lat="57.7781391" lon="14.1737901" version="1" timestamp="2021-03-19T22:42:25Z" changeset="0"/>
	<node id="8538987779" lat="57.7781501" lon="14.1736605" version="1" timestamp="2021-03-19T22:42:25Z" changeset="0"/>
	<node id="8538987780" lat="57.7781843" lon="14.1735541" version="1" timestamp="2021-03-19T22:42:25Z" changeset="0"/>
	<node id="8538987781" lat="57.7782333" lon="14.1734816" version="1" timestamp="2021-03-19T22:42:25Z" changeset="0"/>
	<node id="8538987782" lat="57.7782981" lon="14.1734437" version="1" timestamp="2021-03-19T22:42:25Z" changeset="0"/>
	<node id="8538987783" lat="57.778371" lon="14.1734566" version="1" timestamp="2021-03-19T22:42:25Z" changeset="0"/>
	<node id="8538987784" lat="57.7783979" lon="14.1740769" version="1" timestamp="2021-03-19T22:42:25Z" changeset="0"/>
	<node id="8538987785" lat="57.778327" lon="14.1741116" version="1" timestamp="2021-03-19T22:42:25Z" changeset="0"/>
	<node id="8538987814" lat="57.7802488" lon="14.1742396" version="1" timestamp="2021-03-19T22:42:25Z" changeset="0"/>
	<node id="8538987815" lat="57.7797317" lon="14.1742263" version="1" timestamp="2021-03-19T22:42:25Z" changeset="0"/>
	<node id="8538987816" lat="57.7797121" lon="14.1740912" version="1" timestamp="2021-03-19T22:42:25Z" changeset="0"/>
	<node id="8539069517" lat="57.7796858" lon="14.1739776" version="1" timestamp="2021-03-19T22:42:25Z" changeset="0"/>
	<node id="8539069518" lat="57.7796375" lon="14.1738657" version="1" timestamp="2021-03-19T22:42:25Z" changeset="0"/>
	<node id="8539069519" lat="57.7796425" lon="14.1738116" version="1" timestamp="2021-03-19T22:42:25Z" changeset="0"/>
	<node id="8539069520" lat="57.7785627" lon="14.1738689" version="1" timestamp="2021-03-19T22:42:25Z" changeset="0"/>
	<node id="8539069521" lat="57.7786481" lon="14.1738004" version="1" timestamp="2021-03-19T22:42:25Z" changeset="0"/>
	<node id="8539069522" lat="57.7781972" lon="14.1741697" version="1" timestamp="2021-03-19T22:42:25Z" changeset="0">
		<tag k="highway" v="give_way"/>
	</node>
	<node id="8539069523" lat="57.7778606" lon="14.1746844" version="1" timestamp="2021-03-19T22:42:25Z" changeset="0"/>
	<node id="8539069524" lat="57.777811" lon="14.174791" version="1" timestamp="2021-03-19T22:42:25Z" changeset="0"/>
	<node id="8539069525" lat="57.7782305" lon="14.1743497" version="1" timestamp="2021-03-19T22:42:25Z" changeset="0"/>
	<node id="8539069526" lat="57.7782979" lon="14.1742942" version="1" timestamp="2021-03-19T22:42:25Z" changeset="0"/>
	<node id="8539069527" lat="57.7783848" lon="14.1742457" version="1" timestamp="2021-03-19T22:42:25Z" changeset="0"/>
	<node id="8539069528" lat="57.7788845" lon="14.1738603" version="1" timestamp="2021-03-19T22:42:25Z" changeset="0"/>
	<node id="8539069529" lat="57.7795875" lon="14.1737087" version="1" timestamp="2021-03-19T22:42:25Z" changeset="0"/>
	<node id="8539069530" lat="57.7792854" lon="14.1736553" version="1" timestamp="2021-03-19T22:42:25Z" changeset="0"/>
	<node id="8539069531" lat="57.7792097" lon="14.1736545" version="2" timestamp="2023-10-23T20:24:51Z" changeset="0">
		<tag k="highway" v="traffic_signals"/>
	</node>
	<node id="8539069532" lat="57.7791653" lon="14.1735326" version="1" timestamp="2021-03-19T22:42:25Z" changeset="0"/>
	<node id="8539069533" lat="57.7792665" lon="14.1735252" version="1" timestamp="2021-03-19T22:42:25Z" changeset="0"/>
	<node id="8539069534" lat="57.779335" lon="14.17354" version="1" timestamp="2021-03-19T22:42:25Z" changeset="0"/>
	<node id="8539069535" lat="57.7794721" lon="14.1735921" version="1" timestamp="2021-03-19T22:42:25Z" changeset="0"/>
	<node id="8539069536" lat="57.7795406" lon="14.1736093" version="1" timestamp="2021-03-19T22:42:25Z" changeset="0"/>
	<node id="8539069537" lat="57.7799069" lon="14.1731754" version="1" timestamp="2021-03-19T22:42:25Z" changeset="0"/>
	<node id="8539069538" lat="57.7799475" lon="14.173447" version="2" timestamp="2021-03-20T16:05:01Z" changeset="0"/>
	<node id="8539069539" lat="57.7805423" lon="14.1740565" version="1" timestamp="2021-03-19T22:42:25Z" changeset="0"/>
	<node id="8539069540" lat="57.7803389" lon="14.1740769" version="1" timestamp="2021-03-19T22:42:25Z" changeset="0"/>
	<node id="8539069541" lat="57.7805776" lon="14.17403" version="1" timestamp="2021-03-19T22:42:25Z" changeset="0">
		<tag k="highway" v="give_way"/>
	</node>
	<node id="8539069542" lat="57.780493" lon="14.1740589" version="1" timestamp="2021-03-19T22:42:25Z" changeset="0"/>
	<node id="8539069543" lat="57.7805599" lon="14.1739388" version="1" timestamp="2021-03-19T22:42:25Z" changeset="0">
		<tag k="highway" v="give_way"/>
	</node>
	<node id="8539069544" lat="57.780302" lon="14.1739672" version="1" timestamp="2021-03-19T22:42:25Z" changeset="0"/>
	<node id="8539069545" lat="57.7802382" lon="14.1739524" version="1" timestamp="2021-03-19T22:42:25Z" changeset="0"/>
	<node id="8539069546" lat="57.7802986" lon="14.174064" version="1" timestamp="2021-03-19T22:42:25Z" changeset="0"/>
	<node id="8539069547" lat="57.7801019" lon="14.1738096" version="1" timestamp="2021-03-19T22:42:25Z" changeset="0"/>
	<node id="8539069548" lat="57.7799706" lon="14.1741679" version="1" timestamp="2021-03-19T22:42:25Z" changeset="0"/>
	<node id="8539069549" lat="57.7799277" lon="14.1742607" version="2" timestamp="2023-11-13T14:03:42Z" changeset="0">
		<tag k="direction" v="forward"/>
		<tag k="highway" v="give_way"/>
	</node>
	<node id="8539069550" lat="57.7798703" lon="14.1745081" version="1" timestamp="2021-03-19T22:42:25Z" changeset="0"/>
	<node id="8539069551" lat="57.7797798" lon="14.1746143" version="1" timestamp="2021-03-19T22:42:25Z" changeset="0"/>
	<node id="8539069552" lat="57.7797816" lon="14.1750912" version="1" timestamp="2021-03-19T22:42:25Z" changeset="0"/>
	<node id="8539069553" lat="57.7797239" lon="14.178314" version="3" timestamp="2023-01-05T13:56:55Z" changeset="0">
		<tag k="crossing" v="traffic_signals"/>
		<tag k="highway" v="crossing"/>
		<tag k="tactile_paving" v="yes"/>
	</node>
	<node id="8539069554" lat="57.7796472" lon="14.1782626" version="3" timestamp="2023-01-05T13:56:50Z" changeset="0">
		<tag k="crossing" v="traffic_signals"/>
		<tag k="highway" v="crossing"/>
		<tag k="tactile_paving" v="yes"/>
	</node>
	<node id="8539069555" lat="57.7804339" lon="14.1742523" version="1" timestamp="2021-03-19T22:42:25Z" changeset="0"/>
	<node id="8539069556" lat="57.78046" lon="14.1742906" version="1" timestamp="2021-03-19T22:42:25Z" changeset="0"/>
	<node id="8539069557" lat="57.7804777" lon="14.1743291" version="1" timestamp="2021-03-19T22:42:25Z" changeset="0"/>
	<node id="8539069558" lat="57.7804548" lon="14.1743736" version="1" timestamp="2021-03-19T22:42:25Z" changeset="0"/>
	<node id="8539069559" lat="57.7804219" lon="14.1744082" version="1" timestamp="2021-03-19T22:42:25Z" changeset="0"/>
	<node id="8539069560" lat="57.7804025" lon="14.1743635" version="1" timestamp="2021-03-19T22:42:25Z" changeset="0">
		<tag k="highway" v="give_way"/>
	</node>
	<node id="8539069561" lat="57.7804635" lon="14.1746753" version="1" timestamp="2021-03-19T22:42:25Z" changeset="0">
		<tag k="highway" v="give_way"/>
	</node>
	<node id="8539069562" lat="57.7805186" lon="14.1746966" version="1" timestamp="2021-03-19T22:42:25Z" changeset="0"/>
	<node id="8539069563" lat="57.7801701" lon="14.173797" version="2" timestamp="2023-11-13T14:03:42Z" changeset="0">
		<tag k="direction" v="forward"/>
		<tag k="highway" v="give_way"/>
	</node>
	<node id="8539069564" lat="57.7802812" lon="14.1738598" version="1" timestamp="2021-03-19T22:42:25Z" changeset="0"/>
	<node id="8539069565" lat="57.7805682" lon="14.1736649" version="1" timestamp="2021-03-19T22:42:25Z" changeset="0"/>
	<node id="8539069566" lat="57.7805144" lon="14.1737377" version="1" timestamp="2021-03-19T22:42:25Z" changeset="0"/>
	<node id="8539069567" lat="57.7804351" lon="14.1738211" version="1" timestamp="2021-03-19T22:42:25Z" changeset="0"/>
	<node id="8539069578" lat="57.7817819" lon="14.1698651" version="1" timestamp="2021-03-19T22:42:25Z" changeset="0"/>
	<node id="8539069579" lat="57.7817723" lon="14.1699394" version="1" timestamp="2021-03-19T22:42:25Z" changeset="0"/>
	<node id="8539069580" lat="57.7812198" lon="14.171476" version="1" timestamp="2021-03-19T22:42:25Z" changeset="0"/>
	<node id="8539069581" lat="57.781343" lon="14.1711455" version="1" timestamp="2021-03-19T22:42:25Z" changeset="0"/>
	<node id="8539069582" lat="57.7817113" lon="14.169745" version="1" timestamp="2021-03-19T22:42:25Z" changeset="0"/>
	<node id="8541184470" lat="57.7796594" lon="14.1798717" version="1" timestamp="2021-03-20T16:05:00Z" changeset="0">
		<tag k="crossing" v="traffic_signals"/>
		<tag k="highway" v="crossing"/>
	</node>
	<node id="8541184471" lat="57.7795821" lon="14.1798621" version="1" timestamp="2021-03-20T16:05:00Z" changeset="0">
		<tag k="crossing" v="traffic_signals"/>
		<tag k="highway" v="crossing"/>
	</node>
	<node id="8541184473" lat="57.7794988" lon="14.1819114" version="3" timestamp="2025-10-19T20:11:47Z" changeset="0">
		<tag k="highway" v="traffic_signals"/>
		<tag k="road_marking" v="stop_line"/>
		<tag k="stroke" v="solid"/>
	</node>
	<node id="8541184474" lat="57.7795659" lon="14.1821651" version="3" timestamp="2025-10-19T20:11:47Z" changeset="0">
		<tag k="highway" v="traffic_signals"/>
		<tag k="road_marking" v="stop_line"/>
		<tag k="stroke" v="solid"/>
	</node>
	<node id="8541184475" lat="57.7796557" lon="14.1799606" version="3" timestamp="2025-10-19T20:11:47Z" changeset="0">
		<tag k="highway" v="traffic_signals"/>
		<tag k="road_marking" v="stop_line"/>
		<tag k="stroke" v="solid"/>
	</node>
	<node id="8541184476" lat="57.7795861" lon="14.1797644" version="3" timestamp="2025-10-19T20:11:47Z" changeset="0">
		<tag k="highway" v="traffic_signals"/>
		<tag k="road_marking" v="stop_line"/>
		<tag k="stroke" v="solid"/>
	</node>
	<node id="8541184477" lat="57.7797195" lon="14.1784198" version="3" timestamp="2025-10-19T20:11:47Z" changeset="0">
		<tag k="highway" v="traffic_signals"/>
		<tag k="road_marking" v="stop_line"/>
		<tag k="stroke" v="solid"/>
	</node>
	<node id="8541184478" lat="57.7796517" lon="14.1781568" version="3" timestamp="2025-10-19T20:11:47Z" changeset="0">
		<tag k="highway" v="traffic_signals"/>
		<tag k="road_marking" v="stop_line"/>
		<tag k="stroke" v="solid"/>
	</node>
	<node id="8541224840" lat="57.7775315" lon="14.1726037" version="1" timestamp="2021-03-20T16:05:00Z" changeset="0"/>
	<node id="8541224841" lat="57.7775451" lon="14.1727419" version="1" timestamp="2021-03-20T16:05:00Z" changeset="0"/>
	<node id="8541224842" lat="57.7780622" lon="14.1729589" version="1" timestamp="2021-03-20T16:05:00Z" changeset="0"/>
	<node id="8541224843" lat="57.7780173" lon="14.1729559" version="1" timestamp="2021-03-20T16:05:00Z" changeset="0"/>
	<node id="8541224844" lat="57.7780396" lon="14.1729633" version="1" timestamp="2021-03-20T16:05:00Z" changeset="0"/>
	<node id="8541224854" lat="57.7799682" lon="14.1733993" version="1" timestamp="2021-03-20T16:05:00Z" changeset="0"/>
	<node id="8541224855" lat="57.7799628" lon="14.173494" version="1" timestamp="2021-03-20T16:05:00Z" changeset="0"/>
	<node id="8541224856" lat="57.7797276" lon="14.1737999" version="1" timestamp="2021-03-20T16:05:00Z" changeset="0"/>
	<node id="8541224857" lat="57.7786742" lon="14.1734908" version="1" timestamp="2021-03-20T16:05:00Z" changeset="0"/>
	<node id="8541224891" lat="57.7787015" lon="14.1717904" version="1" timestamp="2021-03-20T16:05:00Z" changeset="0"/>
	<node id="8541224892" lat="57.7788412" lon="14.1718592" version="1" timestamp="2021-03-20T16:05:00Z" changeset="0"/>
	<node id="8541224898" lat="57.7799677" lon="14.173212" version="1" timestamp="2021-03-20T16:05:00Z" changeset="0"/>
	<node id="8570714802" lat="57.7817674" lon="14.1674157" version="3" timestamp="2023-05-26T06:02:13Z" changeset="0"/>
	<node id="8570714803" lat="57.7818267" lon="14.1670664" version="3" timestamp="2023-05-26T06:02:13Z" changeset="0"/>
	<node id="8570714804" lat="57.7817581" lon="14.1670226" version="3" timestamp="2023-05-26T06:02:13Z" changeset="0"/>
	<node id="8570714805" lat="57.781697" lon="14.1673648" version="3" timestamp="2023-05-26T06:02:13Z" changeset="0"/>
	<node id="8678641128" lat="57.7718313" lon="14.1468863" version="2" timestamp="2024-10-31T11:31:43Z" changeset="0"/>
	<node id="8696210376" lat="57.7811037" lon="14.1664251" version="2" timestamp="2021-08-20T07:09:43Z" changeset="0"/>
	<node id="8700483387" lat="57.7841266" lon="14.156244" version="2" timestamp="2024-08-20T16:41:53Z" changeset="0"/>
	<node id="8712221122" lat="57.7795806" lon="14.1544068" version="1" timestamp="2021-05-08T13:47:55Z" changeset="0"/>
	<node id="8741285222" lat="57.7830897" lon="14.1657961" version="3" timestamp="2021-09-24T12:26:29Z" changeset="0">
		<tag k="highway" v="crossing"/>
		<tag k="junction" v="yes"/>
	</node>
	<node id="8741285225" lat="57.7821469" lon="14.1644449" version="3" timestamp="2021-08-19T13:40:07Z" changeset="0">
		<tag k="highway" v="crossing"/>
	</node>
	<node id="8741320582" lat="57.780569" lon="14.164759" version="2" timestamp="2021-08-20T07:09:43Z" changeset="0">
		<tag k="highway" v="crossing"/>
	</node>
	<node id="8752224253" lat="57.7773473" lon="14.1630945" version="2" timestamp="2021-08-03T05:39:54Z" changeset="0">
		<tag k="highway" v="crossing"/>
	</node>
	<node id="8752224254" lat="57.7773467" lon="14.1630601" version="2" timestamp="2021-08-03T05:39:54Z" changeset="0">
		<tag k="highway" v="crossing"/>
	</node>
	<node id="8773676921" lat="57.7785164" lon="14.1503236" version="1" timestamp="2021-05-27T20:28:17Z" changeset="0"/>
	<node id="8779042873" lat="57.7814496" lon="14.1509562" version="1" timestamp="2021-05-29T14:41:11Z" changeset="0"/>
	<node id="8779042879" lat="57.7804361" lon="14.1562451" version="2" timestamp="2021-10-22T07:55:20Z" changeset="0"/>
	<node id="8779042880" lat="57.7802402" lon="14.1574393" version="1" timestamp="2021-05-29T14:41:11Z" changeset="0"/>
	<node id="8779042881" lat="57.7806547" lon="14.1551054" version="2" timestamp="2021-10-22T07:55:20Z" changeset="0"/>
	<node id="8791392548" lat="57.7778419" lon="14.1607339" version="1" timestamp="2021-06-02T08:57:30Z" changeset="0"/>
	<node id="8827338681" lat="57.7737468" lon="14.1530341" version="6" timestamp="2025-10-11T15:22:26Z" changeset="0">
		<tag k="bus" v="yes"/>
		<tag k="highway" v="bus_stop"/>
		<tag k="name" v="Torpaplan"/>
		<tag k="network" v="Jönköpings Länstrafik"/>
		<tag k="network:wikidata" v="Q10542127"/>
		<tag k="public_transport" v="stop_position"/>
		<tag k="ref" v="A"/>
	</node>
	<node id="8839843142" lat="57.7800323" lon="14.1559716" version="4" timestamp="2025-11-09T00:59:54Z" changeset="0">
		<tag k="bus" v="yes"/>
		<tag k="highway" v="bus_stop"/>
		<tag k="name" v="Västra torget"/>
		<tag k="network" v="Jönköpings Länstrafik"/>
		<tag k="public_transport" v="stop_position"/>
		<tag k="ref" v="A"/>
	</node>
	<node id="8843118074" lat="57.7817928" lon="14.1670447" version="6" timestamp="2025-10-11T15:22:26Z" changeset="0">
		<tag k="bus" v="yes"/>
		<tag k="highway" v="bus_stop"/>
		<tag k="name" v="Rådhusparken"/>
		<tag k="network" v="Jönköpings Länstrafik"/>
		<tag k="network:wikidata" v="Q10542127"/>
		<tag k="public_transport" v="stop_position"/>
		<tag k="ref" v="D"/>
	</node>
	<node id="8853659599" lat="57.7755037" lon="14.1584254" version="5" timestamp="2025-10-11T15:22:26Z" changeset="0">
		<tag k="bus" v="yes"/>
		<tag k="highway" v="bus_stop"/>
		<tag k="name" v="Munkplan"/>
		<tag k="network" v="Jönköpings Länstrafik"/>
		<tag k="network:wikidata" v="Q10542127"/>
		<tag k="public_transport" v="stop_position"/>
		<tag k="ref" v="B"/>
	</node>
	<node id="8863718517" lat="57.7805384" lon="14.1745412" version="1" timestamp="2021-06-24T17:38:52Z" changeset="0"/>
	<node id="8959426663" lat="57.7735404" lon="14.1550258" version="1" timestamp="2021-07-29T09:13:48Z" changeset="0"/>
	<node id="8959426664" lat="57.7734505" lon="14.1549358" version="1" timestamp="2021-07-29T09:13:48Z" changeset="0"/>
	<node id="8959426665" lat="57.7733774" lon="14.1548509" version="1" timestamp="2021-07-29T09:13:48Z" changeset="0"/>
	<node id="8959426669" lat="57.7735844" lon="14.1550612" version="2" timestamp="2024-11-14T08:18:18Z" changeset="0">
		<tag k="crossing" v="marked"/>
		<tag k="crossing:markings" v="yes"/>
		<tag k="highway" v="crossing"/>
	</node>
	<node id="8959501252" lat="57.7748768" lon="14.1577959" version="1" timestamp="2021-07-29T09:30:02Z" changeset="0">
		<tag k="highway" v="crossing"/>
	</node>
	<node id="8974486450" lat="57.7778891" lon="14.161305" version="2" timestamp="2021-08-03T06:16:51Z" changeset="0"/>
	<node id="8974486451" lat="57.7778" lon="14.163234" version="1" timestamp="2021-08-02T12:36:16Z" changeset="0"/>
	<node id="8974486452" lat="57.7787989" lon="14.1654" version="1" timestamp="2021-08-02T12:36:16Z" changeset="0"/>
	<node id="8974486456" lat="57.7790513" lon="14.1639053" version="1" timestamp="2021-08-02T12:36:16Z" changeset="0"/>
	<node id="8974486457" lat="57.7793235" lon="14.1626432" version="1" timestamp="2021-08-02T12:36:16Z" changeset="0"/>
	<node id="8974486458" lat="57.7793608" lon="14.1626139" version="1" timestamp="2021-08-02T12:36:16Z" changeset="0"/>
	<node id="8974486459" lat="57.7784281" lon="14.1656361" version="1" timestamp="2021-08-02T12:36:16Z" changeset="0"/>
	<node id="8974486460" lat="57.7782321" lon="14.1652371" version="2" timestamp="2023-08-20T10:14:47Z" changeset="0"/>
	<node id="8974486461" lat="57.7780521" lon="14.1645258" version="2" timestamp="2023-08-20T10:14:47Z" changeset="0"/>
	<node id="8974486462" lat="57.778999" lon="14.1664321" version="1" timestamp="2021-08-02T12:36:16Z" changeset="0"/>
	<node id="8974486463" lat="57.7787128" lon="14.1653621" version="2" timestamp="2021-10-05T09:08:00Z" changeset="0"/>
	<node id="8974486464" lat="57.7786534" lon="14.1653129" version="1" timestamp="2021-08-02T12:36:16Z" changeset="0"/>
	<node id="8976126680" lat="57.7787884" lon="14.1658097" version="2" timestamp="2023-08-20T10:14:47Z" changeset="0"/>
	<node id="8976126681" lat="57.7787664" lon="14.1657596" version="2" timestamp="2023-08-20T10:14:47Z" changeset="0"/>
	<node id="8976126682" lat="57.7788112" lon="14.1657817" version="1" timestamp="2021-08-03T05:43:08Z" changeset="0"/>
	<node id="8976126683" lat="57.7788065" lon="14.1657022" version="1" timestamp="2021-08-03T05:43:08Z" changeset="0"/>
	<node id="8976126684" lat="57.778797" lon="14.1656168" version="1" timestamp="2021-08-03T05:43:08Z" changeset="0"/>
	<node id="8976126685" lat="57.7787915" lon="14.1655178" version="1" timestamp="2021-08-03T05:43:08Z" changeset="0"/>
	<node id="8976126686" lat="57.7786823" lon="14.1663772" version="1" timestamp="2021-08-03T05:43:08Z" changeset="0"/>
	<node id="8976126687" lat="57.778701" lon="14.16625" version="1" timestamp="2021-08-03T05:43:08Z" changeset="0"/>
	<node id="8976126688" lat="57.7787104" lon="14.1661911" version="2" timestamp="2025-04-15T22:15:11Z" changeset="0">
		<tag k="direction" v="forward"/>
		<tag k="highway" v="give_way"/>
	</node>
	<node id="8976126689" lat="57.7786303" lon="14.1661928" version="1" timestamp="2021-08-03T05:43:08Z" changeset="0"/>
	<node id="8976126690" lat="57.7786454" lon="14.1663069" version="1" timestamp="2021-08-03T05:43:08Z" changeset="0"/>
	<node id="8976143820" lat="57.7773694" lon="14.1631057" version="1" timestamp="2021-08-03T05:39:54Z" changeset="0"/>
	<node id="8976143821" lat="57.7774279" lon="14.1631323" version="1" timestamp="2021-08-03T05:39:54Z" changeset="0"/>
	<node id="8976143822" lat="57.7773878" lon="14.1630405" version="1" timestamp="2021-08-03T05:39:54Z" changeset="0"/>
	<node id="8976143823" lat="57.7774272" lon="14.1630123" version="1" timestamp="2021-08-03T05:39:54Z" changeset="0"/>
	<node id="8976143824" lat="57.7774531" lon="14.1629761" version="1" timestamp="2021-08-03T05:39:54Z" changeset="0"/>
	<node id="8976143825" lat="57.7774843" lon="14.1631774" version="1" timestamp="2021-08-03T05:39:54Z" changeset="0"/>
	<node id="8976143826" lat="57.7774559" lon="14.1631553" version="1" timestamp="2021-08-03T05:39:54Z" changeset="0"/>
	<node id="8976143827" lat="57.7774057" lon="14.1630308" version="1" timestamp="2021-08-03T05:39:54Z" changeset="0"/>
	<node id="8976143828" lat="57.777485" lon="14.1622168" version="2" timestamp="2023-08-20T10:14:47Z" changeset="0"/>
	<node id="8976193136" lat="57.7780854" lon="14.160049" version="2" timestamp="2025-04-15T22:15:11Z" changeset="0"/>
	<node id="8976193137" lat="57.7781023" lon="14.1599742" version="1" timestamp="2021-08-03T06:06:44Z" changeset="0"/>
	<node id="8976193138" lat="57.7781018" lon="14.1598726" version="1" timestamp="2021-08-03T06:06:44Z" changeset="0"/>
	<node id="8976193139" lat="57.7779157" lon="14.1604926" version="2" timestamp="2025-04-15T22:15:11Z" changeset="0"/>
	<node id="8976193140" lat="57.7776187" lon="14.1599332" version="1" timestamp="2021-08-03T06:06:44Z" changeset="0"/>
	<node id="8976193141" lat="57.7776722" lon="14.159987" version="1" timestamp="2021-08-03T06:06:44Z" changeset="0"/>
	<node id="8976193142" lat="57.7777309" lon="14.1600571" version="2" timestamp="2025-04-15T22:15:11Z" changeset="0">
		<tag k="direction" v="forward"/>
		<tag k="highway" v="give_way"/>
	</node>
	<node id="8976193143" lat="57.7778511" lon="14.1599144" version="2" timestamp="2025-04-15T22:15:11Z" changeset="0"/>
	<node id="8976193144" lat="57.7778296" lon="14.1598628" version="1" timestamp="2021-08-03T06:06:44Z" changeset="0"/>
	<node id="8976193145" lat="57.7777323" lon="14.1598407" version="1" timestamp="2021-08-03T06:06:44Z" changeset="0"/>
	<node id="8976193146" lat="57.7775459" lon="14.1597891" version="1" timestamp="2021-08-03T06:06:44Z" changeset="0"/>
	<node id="8976227186" lat="57.7807155" lon="14.1653094" version="1" timestamp="2021-08-03T06:15:37Z" changeset="0"/>
	<node id="8976227191" lat="57.781039" lon="14.1661962" version="1" timestamp="2021-08-03T06:15:37Z" changeset="0"/>
	<node id="8976227192" lat="57.7810743" lon="14.1662308" version="2" timestamp="2021-08-20T07:09:43Z" changeset="0"/>
	<node id="8976227193" lat="57.7806965" lon="14.1653537" version="1" timestamp="2021-08-03T06:15:37Z" changeset="0"/>
	<node id="8976227194" lat="57.7808317" lon="14.1659959" version="1" timestamp="2021-08-03T06:15:37Z" changeset="0"/>
	<node id="8976227195" lat="57.7811351" lon="14.1655321" version="1" timestamp="2021-08-03T06:15:37Z" changeset="0"/>
	<node id="8976227196" lat="57.7811291" lon="14.1654851" version="1" timestamp="2021-08-03T06:15:37Z" changeset="0"/>
	<node id="8976765211" lat="57.7789778" lon="14.150824" version="1" timestamp="2021-08-03T09:58:30Z" changeset="0"/>
	<node id="8976765212" lat="57.7793034" lon="14.1511064" version="1" timestamp="2021-08-03T09:58:30Z" changeset="0"/>
	<node id="8976765213" lat="57.779526" lon="14.1512826" version="1" timestamp="2021-08-03T09:58:30Z" changeset="0"/>
	<node id="8976765214" lat="57.7797287" lon="14.1511766" version="1" timestamp="2021-08-03T09:58:30Z" changeset="0"/>
	<node id="8976765215" lat="57.7798593" lon="14.1508367" version="1" timestamp="2021-08-03T09:58:30Z" changeset="0"/>
	<node id="8995768719" lat="57.7837596" lon="14.1694465" version="2" timestamp="2021-10-05T06:26:11Z" changeset="0"/>
	<node id="8997124714" lat="57.7856115" lon="14.1543956" version="2" timestamp="2023-10-23T20:24:51Z" changeset="0"/>
	<node id="8997124716" lat="57.7859684" lon="14.155451" version="2" timestamp="2023-10-23T20:24:51Z" changeset="0"/>
	<node id="8997132917" lat="57.7859581" lon="14.1553266" version="3" timestamp="2023-10-23T20:24:51Z" changeset="0">
		<tag k="bicycle" v="yes"/>
		<tag k="crossing" v="uncontrolled"/>
		<tag k="highway" v="crossing"/>
	</node>
	<node id="8997132918" lat="57.7859244" lon="14.1551116" version="2" timestamp="2023-10-23T20:24:51Z" changeset="0"/>
	<node id="8997132921" lat="57.7862697" lon="14.1536901" version="2" timestamp="2023-10-23T20:24:51Z" changeset="0"/>
	<node id="8997132927" lat="57.7866946" lon="14.1516543" version="2" timestamp="2023-10-23T20:24:51Z" changeset="0"/>
	<node id="8997132942" lat="57.7864534" lon="14.1530713" version="2" timestamp="2023-10-23T20:24:51Z" changeset="0"/>
	<node id="8997132948" lat="57.7859037" lon="14.1549713" version="2" timestamp="2023-10-23T20:24:51Z" changeset="0"/>
	<node id="8997132949" lat="57.7863337" lon="14.1535462" version="2" timestamp="2023-10-23T20:24:51Z" changeset="0"/>
	<node id="8997132950" lat="57.7863818" lon="14.1533941" version="2" timestamp="2023-10-23T20:24:51Z" changeset="0"/>
	<node id="8997132951" lat="57.786033" lon="14.1545051" version="1" timestamp="2021-08-10T21:30:47Z" changeset="0"/>
	<node id="8997133056" lat="57.7859816" lon="14.154013" version="3" timestamp="2024-11-14T08:18:18Z" changeset="0">
		<tag k="direction" v="forward"/>
		<tag k="highway" v="give_way"/>
	</node>
	<node id="8997133057" lat="57.7856482" lon="14.1542042" version="2" timestamp="2021-08-10T22:04:07Z" changeset="0"/>
	<node id="8997133058" lat="57.7859644" lon="14.1541044" version="2" timestamp="2021-08-10T22:04:07Z" changeset="0"/>
	<node id="8997133059" lat="57.7856333" lon="14.1544152" version="3" timestamp="2024-11-14T08:18:18Z" changeset="0">
		<tag k="direction" v="forward"/>
		<tag k="highway" v="give_way"/>
	</node>
	<node id="8997133060" lat="57.7859282" lon="14.1545846" version="2" timestamp="2024-11-14T08:18:18Z" changeset="0">
		<tag k="direction" v="forward"/>
		<tag k="highway" v="give_way"/>
	</node>
	<node id="8997133061" lat="57.7859339" lon="14.1547889" version="1" timestamp="2021-08-10T21:30:47Z" changeset="0"/>
	<node id="8997133062" lat="57.7859531" lon="14.1548499" version="2" timestamp="2023-10-23T20:24:51Z" changeset="0"/>
	<node id="8997133063" lat="57.7858816" lon="14.1548548" version="2" timestamp="2023-10-23T20:24:51Z" changeset="0">
		<tag k="highway" v="traffic_signals"/>
	</node>
	<node id="8997133064" lat="57.7861026" lon="14.1539589" version="2" timestamp="2023-10-23T20:24:51Z" changeset="0"/>
	<node id="8997133065" lat="57.7859659" lon="14.1538154" version="2" timestamp="2023-10-23T20:24:51Z" changeset="0"/>
	<node id="8997133066" lat="57.7858399" lon="14.153771" version="1" timestamp="2021-08-10T21:30:47Z" changeset="0"/>
	<node id="8997133068" lat="57.7861906" lon="14.1543695" version="2" timestamp="2023-10-23T20:24:51Z" changeset="0"/>
	<node id="8997133069" lat="57.7862213" lon="14.1541639" version="2" timestamp="2023-10-23T20:24:51Z" changeset="0"/>
	<node id="8997133076" lat="57.7831768" lon="14.1595417" version="2" timestamp="2022-01-08T14:55:04Z" changeset="0">
		<tag k="highway" v="give_way"/>
	</node>
	<node id="8997133077" lat="57.7828072" lon="14.15985" version="1" timestamp="2021-08-10T21:30:47Z" changeset="0"/>
	<node id="8997133078" lat="57.78285" lon="14.1596086" version="1" timestamp="2021-08-10T21:30:47Z" changeset="0"/>
	<node id="8997133079" lat="57.7831323" lon="14.1597763" version="2" timestamp="2022-01-08T14:55:04Z" changeset="0"/>
	<node id="8997133080" lat="57.7826476" lon="14.159941" version="1" timestamp="2021-08-10T21:30:47Z" changeset="0"/>
	<node id="8997133081" lat="57.7825739" lon="14.1603372" version="1" timestamp="2021-08-10T21:30:47Z" changeset="0"/>
	<node id="8997133082" lat="57.782319" lon="14.1599723" version="5" timestamp="2024-05-26T06:23:54Z" changeset="0">
		<tag k="crossing:markings" v="no"/>
		<tag k="crossing:signals" v="no"/>
		<tag k="highway" v="crossing"/>
		<tag k="kerb" v="no"/>
		<tag k="tactile_paving" v="yes"/>
	</node>
	<node id="8997135669" lat="57.7854083" lon="14.1542222" version="1" timestamp="2021-08-10T22:04:07Z" changeset="0"/>
	<node id="8997135670" lat="57.7853933" lon="14.1543134" version="1" timestamp="2021-08-10T22:04:07Z" changeset="0"/>
	<node id="8997135671" lat="57.7857858" lon="14.1539448" version="1" timestamp="2021-08-10T22:04:07Z" changeset="0"/>
	<node id="8997135672" lat="57.7858969" lon="14.1539786" version="1" timestamp="2021-08-10T22:04:07Z" changeset="0"/>
	<node id="8997135673" lat="57.785876" lon="14.1539607" version="1" timestamp="2021-08-10T22:04:07Z" changeset="0"/>
	<node id="8997135674" lat="57.7858315" lon="14.1539412" version="1" timestamp="2021-08-10T22:04:07Z" changeset="0"/>
	<node id="8997135675" lat="57.7857636" lon="14.1539552" version="1" timestamp="2021-08-10T22:04:07Z" changeset="0"/>
	<node id="8997135676" lat="57.7857223" lon="14.1539922" version="1" timestamp="2021-08-10T22:04:07Z" changeset="0"/>
	<node id="8997135677" lat="57.7856878" lon="14.1540485" version="1" timestamp="2021-08-10T22:04:07Z" changeset="0"/>
	<node id="8997135678" lat="57.7856624" lon="14.1541208" version="1" timestamp="2021-08-10T22:04:07Z" changeset="0"/>
	<node id="8997135679" lat="57.7856537" lon="14.1541616" version="1" timestamp="2021-08-10T22:04:07Z" changeset="0"/>
	<node id="8997135680" lat="57.7856458" lon="14.1542478" version="1" timestamp="2021-08-10T22:04:07Z" changeset="0"/>
	<node id="8997135681" lat="57.7856466" lon="14.1542916" version="1" timestamp="2021-08-10T22:04:07Z" changeset="0"/>
	<node id="8997135682" lat="57.7856577" lon="14.1543766" version="1" timestamp="2021-08-10T22:04:07Z" changeset="0"/>
	<node id="8997135683" lat="57.7856678" lon="14.1544161" version="1" timestamp="2021-08-10T22:04:07Z" changeset="0"/>
	<node id="8997135684" lat="57.7856909" lon="14.1544754" version="1" timestamp="2021-08-10T22:04:07Z" changeset="0"/>
	<node id="8997135685" lat="57.7857145" lon="14.154515" version="1" timestamp="2021-08-10T22:04:07Z" changeset="0"/>
	<node id="8997135686" lat="57.7857415" lon="14.1545457" version="1" timestamp="2021-08-10T22:04:07Z" changeset="0"/>
	<node id="8997135687" lat="57.7857813" lon="14.154571" version="1" timestamp="2021-08-10T22:04:07Z" changeset="0"/>
	<node id="8997135688" lat="57.7858073" lon="14.1545772" version="1" timestamp="2021-08-10T22:04:07Z" changeset="0"/>
	<node id="8997135689" lat="57.7858594" lon="14.1545669" version="1" timestamp="2021-08-10T22:04:07Z" changeset="0"/>
	<node id="8997135690" lat="57.7858841" lon="14.1545506" version="1" timestamp="2021-08-10T22:04:07Z" changeset="0"/>
	<node id="8997135691" lat="57.7859073" lon="14.1545274" version="1" timestamp="2021-08-10T22:04:07Z" changeset="0"/>
	<node id="8997135692" lat="57.7859428" lon="14.1544703" version="1" timestamp="2021-08-10T22:04:07Z" changeset="0"/>
	<node id="8997135693" lat="57.7859663" lon="14.1544065" version="1" timestamp="2021-08-10T22:04:07Z" changeset="0"/>
	<node id="8997135694" lat="57.7859839" lon="14.1543044" version="1" timestamp="2021-08-10T22:04:07Z" changeset="0"/>
	<node id="8997135695" lat="57.7859433" lon="14.1540481" version="1" timestamp="2021-08-10T22:04:07Z" changeset="0"/>
	<node id="8997135696" lat="57.7859786" lon="14.1541679" version="1" timestamp="2021-08-10T22:04:07Z" changeset="0"/>
	<node id="9010215804" lat="57.783138" lon="14.1655788" version="1" timestamp="2021-08-16T12:36:48Z" changeset="0"/>
	<node id="9010332549" lat="57.7846461" lon="14.1616548" version="1" timestamp="2021-08-16T13:27:31Z" changeset="0"/>
	<node id="9010332550" lat="57.7846289" lon="14.1617468" version="1" timestamp="2021-08-16T13:27:31Z" changeset="0"/>
	<node id="9010332551" lat="57.7845805" lon="14.1614003" version="1" timestamp="2021-08-16T13:27:31Z" changeset="0"/>
	<node id="9010332552" lat="57.7845978" lon="14.1613879" version="1" timestamp="2021-08-16T13:27:31Z" changeset="0"/>
	<node id="9010332553" lat="57.7846238" lon="14.1613796" version="1" timestamp="2021-08-16T13:27:31Z" changeset="0"/>
	<node id="9010332554" lat="57.7846877" lon="14.1612874" version="1" timestamp="2021-08-16T13:27:31Z" changeset="0"/>
	<node id="9010332555" lat="57.7846858" lon="14.16121" version="1" timestamp="2021-08-16T13:27:31Z" changeset="0"/>
	<node id="9010332556" lat="57.7846606" lon="14.1611269" version="1" timestamp="2021-08-16T13:27:31Z" changeset="0"/>
	<node id="9010332557" lat="57.7843625" lon="14.1622059" version="1" timestamp="2021-08-16T13:27:31Z" changeset="0"/>
	<node id="9010332558" lat="57.784424" lon="14.1622927" version="1" timestamp="2021-08-16T13:27:31Z" changeset="0"/>
	<node id="9010332559" lat="57.7844693" lon="14.1622817" version="1" timestamp="2021-08-16T13:27:31Z" changeset="0"/>
	<node id="9010332560" lat="57.7843644" lon="14.1621253" version="1" timestamp="2021-08-16T13:27:31Z" changeset="0"/>
	<node id="9014263376" lat="57.7827793" lon="14.1682488" version="2" timestamp="2022-01-18T06:41:42Z" changeset="0"/>
	<node id="9014324284" lat="57.7836153" lon="14.1679767" version="2" timestamp="2021-09-24T11:47:44Z" changeset="0"/>
	<node id="9014324285" lat="57.7835964" lon="14.1679679" version="1" timestamp="2021-08-17T14:05:10Z" changeset="0"/>
	<node id="9014324286" lat="57.7835137" lon="14.1679597" version="1" timestamp="2021-08-17T14:05:10Z" changeset="0"/>
	<node id="9014324287" lat="57.7834353" lon="14.167944" version="1" timestamp="2021-08-17T14:05:10Z" changeset="0"/>
	<node id="9014324288" lat="57.7834033" lon="14.1679359" version="1" timestamp="2021-08-17T14:05:10Z" changeset="0"/>
	<node id="9014324289" lat="57.7833881" lon="14.1682052" version="1" timestamp="2021-08-17T14:05:10Z" changeset="0"/>
	<node id="9014324290" lat="57.7834747" lon="14.1679519" version="1" timestamp="2021-08-17T14:05:10Z" changeset="0"/>
	<node id="9017341030" lat="57.78079" lon="14.1564912" version="1" timestamp="2021-08-18T13:51:26Z" changeset="0"/>
	<node id="9017341035" lat="57.780642" lon="14.1554243" version="1" timestamp="2021-08-18T13:51:26Z" changeset="0"/>
	<node id="9017341074" lat="57.7815883" lon="14.1570175" version="1" timestamp="2021-08-18T13:51:26Z" changeset="0"/>
	<node id="9017341075" lat="57.7817917" lon="14.1559426" version="1" timestamp="2021-08-18T13:51:26Z" changeset="0"/>
	<node id="9017341076" lat="57.7810567" lon="14.1554438" version="1" timestamp="2021-08-18T13:51:26Z" changeset="0"/>
	<node id="9017341077" lat="57.7811878" lon="14.1555327" version="1" timestamp="2021-08-18T13:51:26Z" changeset="0"/>
	<node id="9017341078" lat="57.7810177" lon="14.1564421" version="1" timestamp="2021-08-18T13:51:26Z" changeset="0"/>
	<node id="9017341079" lat="57.7813474" lon="14.155641" version="1" timestamp="2021-08-18T13:51:26Z" changeset="0"/>
	<node id="9017341080" lat="57.7811776" lon="14.1565503" version="1" timestamp="2021-08-18T13:51:26Z" changeset="0"/>
	<node id="9017341081" lat="57.7814259" lon="14.1561245" version="1" timestamp="2021-08-18T13:51:26Z" changeset="0"/>
	<node id="9017341082" lat="57.7815767" lon="14.1562229" version="1" timestamp="2021-08-18T13:51:26Z" changeset="0"/>
	<node id="9017341083" lat="57.7814804" lon="14.1567449" version="1" timestamp="2021-08-18T13:51:26Z" changeset="0"/>
	<node id="9017341084" lat="57.7814107" lon="14.1562077" version="1" timestamp="2021-08-18T13:51:26Z" changeset="0"/>
	<node id="9017341085" lat="57.7811" lon="14.1560022" version="1" timestamp="2021-08-18T13:51:26Z" changeset="0"/>
	<node id="9017341086" lat="57.7812602" lon="14.1561081" version="1" timestamp="2021-08-18T13:51:26Z" changeset="0"/>
	<node id="9017341087" lat="57.7815615" lon="14.1563054" version="1" timestamp="2021-08-18T13:51:26Z" changeset="0"/>
	<node id="9017341088" lat="57.7817048" lon="14.1564022" version="1" timestamp="2021-08-18T13:51:26Z" changeset="0"/>
	<node id="9017341090" lat="57.7808851" lon="14.156346" version="1" timestamp="2021-08-18T13:51:26Z" changeset="0"/>
	<node id="9017341091" lat="57.7814958" lon="14.1557418" version="1" timestamp="2021-08-18T13:51:26Z" changeset="0"/>
	<node id="9017341102" lat="57.7816609" lon="14.156634" version="1" timestamp="2021-08-18T13:51:26Z" changeset="0"/>
	<node id="9017341103" lat="57.7818023" lon="14.1571567" version="1" timestamp="2021-08-18T13:51:26Z" changeset="0"/>
	<node id="9019894387" lat="57.7818539" lon="14.1490516" version="1" timestamp="2021-08-19T11:52:25Z" changeset="0"/>
	<node id="9019894388" lat="57.7818875" lon="14.1489851" version="1" timestamp="2021-08-19T11:52:25Z" changeset="0"/>
	<node id="9019894389" lat="57.781917" lon="14.1489475" version="1" timestamp="2021-08-19T11:52:25Z" changeset="0"/>
	<node id="9021843176" lat="57.7821393" lon="14.1651609" version="2" timestamp="2021-10-31T14:53:23Z" changeset="0"/>
	<node id="9021843177" lat="57.782205" lon="14.164985" version="1" timestamp="2021-08-20T06:02:56Z" changeset="0"/>
	<node id="9021843178" lat="57.7822512" lon="14.1648735" version="1" timestamp="2021-08-20T06:02:56Z" changeset="0"/>
	<node id="9021843179" lat="57.782288" lon="14.1648115" version="1" timestamp="2021-08-20T06:02:56Z" changeset="0"/>
	<node id="9021843180" lat="57.7823191" lon="14.1647898" version="1" timestamp="2021-08-20T06:02:56Z" changeset="0"/>
	<node id="9021843181" lat="57.7823644" lon="14.1647673" version="1" timestamp="2021-08-20T06:02:56Z" changeset="0"/>
	<node id="9021843182" lat="57.7824323" lon="14.1647567" version="1" timestamp="2021-08-20T06:02:56Z" changeset="0"/>
	<node id="9021843183" lat="57.7825976" lon="14.1647899" version="1" timestamp="2021-08-20T06:02:56Z" changeset="0"/>
	<node id="9021847124" lat="57.7798862" lon="14.1630338" version="2" timestamp="2025-06-01T12:13:49Z" changeset="0"/>
	<node id="9021847125" lat="57.7797119" lon="14.1629178" version="2" timestamp="2025-06-01T12:13:49Z" changeset="0"/>
	<node id="9021847131" lat="57.7807841" lon="14.1635406" version="1" timestamp="2021-08-20T06:02:56Z" changeset="0"/>
	<node id="9022029191" lat="57.781066" lon="14.1642283" version="1" timestamp="2021-08-20T07:09:43Z" changeset="0"/>
	<node id="9022029214" lat="57.7814854" lon="14.1666748" version="1" timestamp="2021-08-20T07:09:43Z" changeset="0"/>
	<node id="9022029215" lat="57.7815702" lon="14.1662255" version="1" timestamp="2021-08-20T07:09:43Z" changeset="0"/>
	<node id="9022029216" lat="57.7815108" lon="14.1665398" version="3" timestamp="2024-01-15T17:18:59Z" changeset="0">
		<tag k="barrier" v="gate"/>
	</node>
	<node id="9022034617" lat="57.7815008" lon="14.1665927" version="2" timestamp="2021-10-27T08:38:51Z" changeset="0">
		<tag k="highway" v="crossing"/>
	</node>
	<node id="9022034618" lat="57.7816495" lon="14.1662751" version="1" timestamp="2021-08-20T07:09:43Z" changeset="0"/>
	<node id="9022034619" lat="57.7815616" lon="14.1662201" version="1" timestamp="2021-08-20T07:09:43Z" changeset="0"/>
	<node id="9022034620" lat="57.7815409" lon="14.1662027" version="1" timestamp="2021-08-20T07:09:43Z" changeset="0"/>
	<node id="9022034621" lat="57.7815237" lon="14.1661772" version="1" timestamp="2021-08-20T07:09:43Z" changeset="0"/>
	<node id="9022034622" lat="57.7815137" lon="14.1661464" version="1" timestamp="2021-08-20T07:09:43Z" changeset="0"/>
	<node id="9022034623" lat="57.7815051" lon="14.1660941" version="1" timestamp="2021-08-20T07:09:43Z" changeset="0"/>
	<node id="9022034624" lat="57.7815008" lon="14.1660485" version="1" timestamp="2021-08-20T07:09:43Z" changeset="0"/>
	<node id="9022034625" lat="57.7815015" lon="14.1660136" version="1" timestamp="2021-08-20T07:09:43Z" changeset="0"/>
	<node id="9022034626" lat="57.781538" lon="14.1658299" version="1" timestamp="2021-08-20T07:09:43Z" changeset="0"/>
	<node id="9022034627" lat="57.7813159" lon="14.167118" version="2" timestamp="2021-09-29T07:10:56Z" changeset="0"/>
	<node id="9022034628" lat="57.7812432" lon="14.1674783" version="1" timestamp="2021-08-20T07:09:43Z" changeset="0"/>
	<node id="9022323423" lat="57.7794976" lon="14.1570617" version="2" timestamp="2021-10-22T07:48:15Z" changeset="0"/>
	<node id="9022323424" lat="57.7798632" lon="14.15728" version="2" timestamp="2025-06-01T12:13:49Z" changeset="0"/>
	<node id="9022323426" lat="57.779578" lon="14.1570907" version="2" timestamp="2025-06-01T12:13:49Z" changeset="0"/>
	<node id="9031140534" lat="57.7813622" lon="14.151627" version="1" timestamp="2021-08-24T06:31:25Z" changeset="0"/>
	<node id="9031140535" lat="57.7811937" lon="14.1514959" version="1" timestamp="2021-08-24T06:31:25Z" changeset="0"/>
	<node id="9031140536" lat="57.7811663" lon="14.1514703" version="1" timestamp="2021-08-24T06:31:25Z" changeset="0"/>
	<node id="9031140537" lat="57.7811277" lon="14.1514166" version="1" timestamp="2021-08-24T06:31:25Z" changeset="0"/>
	<node id="9031140538" lat="57.7810867" lon="14.1513722" version="1" timestamp="2021-08-24T06:31:25Z" changeset="0"/>
	<node id="9031140539" lat="57.7807592" lon="14.1511434" version="1" timestamp="2021-08-24T06:31:25Z" changeset="0"/>
	<node id="9031140540" lat="57.7806916" lon="14.151232" version="1" timestamp="2021-08-24T06:31:25Z" changeset="0"/>
	<node id="9031140541" lat="57.7807027" lon="14.1513565" version="1" timestamp="2021-08-24T06:31:25Z" changeset="0"/>
	<node id="9031140542" lat="57.7813299" lon="14.1517975" version="1" timestamp="2021-08-24T06:31:25Z" changeset="0"/>
	<node id="9031140543" lat="57.7807472" lon="14.1511457" version="1" timestamp="2021-08-24T06:31:25Z" changeset="0"/>
	<node id="9031140544" lat="57.7807272" lon="14.1511677" version="1" timestamp="2021-08-24T06:31:25Z" changeset="0"/>
	<node id="9031140545" lat="57.780707" lon="14.1511972" version="1" timestamp="2021-08-24T06:31:25Z" changeset="0"/>
	<node id="9031140546" lat="57.7806852" lon="14.15126" version="1" timestamp="2021-08-24T06:31:25Z" changeset="0"/>
	<node id="9031140547" lat="57.7806829" lon="14.1512986" version="1" timestamp="2021-08-24T06:31:25Z" changeset="0"/>
	<node id="9031140548" lat="57.7806846" lon="14.1513295" version="1" timestamp="2021-08-24T06:31:25Z" changeset="0"/>
	<node id="9031140549" lat="57.7806903" lon="14.1513457" version="1" timestamp="2021-08-24T06:31:25Z" changeset="0"/>
	<node id="9031140610" lat="57.7799416" lon="14.1546405" version="1" timestamp="2021-08-24T06:31:25Z" changeset="0"/>
	<node id="9031140611" lat="57.7800732" lon="14.1539217" version="1" timestamp="2021-08-24T06:31:25Z" changeset="0"/>
	<node id="9031140612" lat="57.78011" lon="14.1539458" version="1" timestamp="2021-08-24T06:31:25Z" changeset="0"/>
	<node id="9031140613" lat="57.7802535" lon="14.1531733" version="1" timestamp="2021-08-24T06:31:25Z" changeset="0"/>
	<node id="9031140614" lat="57.7800804" lon="14.1530612" version="1" timestamp="2021-08-24T06:31:25Z" changeset="0"/>
	<node id="9031140615" lat="57.7801991" lon="14.1531381" version="1" timestamp="2021-08-24T06:31:25Z" changeset="0"/>
	<node id="9031140626" lat="57.7802018" lon="14.1540057" version="1" timestamp="2021-08-24T06:31:25Z" changeset="0"/>
	<node id="9031140627" lat="57.7802447" lon="14.1539816" version="1" timestamp="2021-08-24T06:31:25Z" changeset="0"/>
	<node id="9031140628" lat="57.7804707" lon="14.1541264" version="1" timestamp="2021-08-24T06:31:25Z" changeset="0"/>
	<node id="9031140651" lat="57.7811118" lon="14.1529472" version="1" timestamp="2021-08-24T06:31:25Z" changeset="0"/>
	<node id="9031140682" lat="57.780069" lon="14.1538754" version="1" timestamp="2021-08-24T06:31:25Z" changeset="0"/>
	<node id="9031140683" lat="57.7800541" lon="14.1538544" version="1" timestamp="2021-08-24T06:31:25Z" changeset="0"/>
	<node id="9031140684" lat="57.7800105" lon="14.1538123" version="1" timestamp="2021-08-24T06:31:25Z" changeset="0"/>
	<node id="9031140685" lat="57.7799395" lon="14.1537633" version="1" timestamp="2021-08-24T06:31:25Z" changeset="0"/>
	<node id="9031140686" lat="57.7798997" lon="14.1537446" version="1" timestamp="2021-08-24T06:31:25Z" changeset="0"/>
	<node id="9031140687" lat="57.7798748" lon="14.1537423" version="1" timestamp="2021-08-24T06:31:25Z" changeset="0"/>
	<node id="9031140688" lat="57.7798474" lon="14.1537283" version="1" timestamp="2021-08-24T06:31:25Z" changeset="0"/>
	<node id="9031140689" lat="57.7796532" lon="14.1535999" version="1" timestamp="2021-08-24T06:31:25Z" changeset="0"/>
	<node id="9057913689" lat="57.7794034" lon="14.1724121" version="1" timestamp="2021-09-03T06:28:28Z" changeset="0">
		<tag k="amenity" v="parking_entrance"/>
	</node>
	<node id="9057913690" lat="57.779409" lon="14.1722701" version="1" timestamp="2021-09-03T06:28:28Z" changeset="0"/>
	<node id="9057913691" lat="57.7788988" lon="14.1719049" version="1" timestamp="2021-09-03T06:28:28Z" changeset="0"/>
	<node id="9057913692" lat="57.778892" lon="14.1721219" version="1" timestamp="2021-09-03T06:28:28Z" changeset="0">
		<tag k="amenity" v="parking_entrance"/>
	</node>
	<node id="9119605112" lat="57.7790494" lon="14.1598516" version="2" timestamp="2024-01-09T20:06:58Z" changeset="0"/>
	<node id="9120014798" lat="57.7836581" lon="14.1662851" version="1" timestamp="2021-09-24T11:47:44Z" changeset="0"/>
	<node id="9120014799" lat="57.7836341" lon="14.1667643" version="1" timestamp="2021-09-24T11:47:44Z" changeset="0"/>
	<node id="9120014800" lat="57.7836212" lon="14.1668673" version="1" timestamp="2021-09-24T11:47:44Z" changeset="0"/>
	<node id="9120014801" lat="57.7836335" lon="14.1669523" version="1" timestamp="2021-09-24T11:47:44Z" changeset="0"/>
	<node id="9120014802" lat="57.7842686" lon="14.1617458" version="1" timestamp="2021-09-24T11:47:44Z" changeset="0"/>
	<node id="9120014803" lat="57.7836464" lon="14.1665343" version="1" timestamp="2021-09-24T11:47:44Z" changeset="0"/>
	<node id="9120014804" lat="57.7836195" lon="14.1669111" version="1" timestamp="2021-09-24T11:47:44Z" changeset="0"/>
	<node id="9120014805" lat="57.783556" lon="14.1673484" version="1" timestamp="2021-09-24T11:47:44Z" changeset="0"/>
	<node id="9120014806" lat="57.783565" lon="14.1677615" version="1" timestamp="2021-09-24T11:47:44Z" changeset="0"/>
	<node id="9120014807" lat="57.7836222" lon="14.1675888" version="1" timestamp="2021-09-24T11:47:44Z" changeset="0"/>
	<node id="9131254851" lat="57.7813404" lon="14.1673207" version="1" timestamp="2021-09-29T07:10:56Z" changeset="0"/>
	<node id="9147820534" lat="57.7805302" lon="14.1647329" version="1" timestamp="2021-10-05T09:08:00Z" changeset="0"/>
	<node id="9147820542" lat="57.7800041" lon="14.1636769" version="1" timestamp="2021-10-05T09:08:00Z" changeset="0"/>
	<node id="9147820549" lat="57.7786979" lon="14.1653606" version="1" timestamp="2021-10-05T09:08:00Z" changeset="0"/>
	<node id="9147820550" lat="57.7786683" lon="14.1653344" version="1" timestamp="2021-10-05T09:08:00Z" changeset="0"/>
	<node id="9153744405" lat="57.7785127" lon="14.1620987" version="1" timestamp="2021-10-07T05:20:14Z" changeset="0"/>
	<node id="9158254256" lat="57.7791461" lon="14.1665658" version="1" timestamp="2021-10-08T13:37:09Z" changeset="0"/>
	<node id="9173880667" lat="57.7823536" lon="14.1528085" version="1" timestamp="2021-10-15T07:04:13Z" changeset="0"/>
	<node id="9173880675" lat="57.7822383" lon="14.1527303" version="1" timestamp="2021-10-15T07:04:13Z" changeset="0"/>
	<node id="9173880676" lat="57.7820302" lon="14.1525698" version="1" timestamp="2021-10-15T07:04:13Z" changeset="0"/>
	<node id="9173880677" lat="57.7818688" lon="14.152399" version="1" timestamp="2021-10-15T07:04:13Z" changeset="0"/>
	<node id="9173880678" lat="57.7817593" lon="14.1523035" version="1" timestamp="2021-10-15T07:04:13Z" changeset="0"/>
	<node id="9173880679" lat="57.7812906" lon="14.1520045" version="1" timestamp="2021-10-15T07:04:13Z" changeset="0"/>
	<node id="9192563078" lat="57.7802084" lon="14.1574185" version="2" timestamp="2024-01-09T20:06:58Z" changeset="0"/>
	<node id="9192563082" lat="57.7802355" lon="14.1575677" version="1" timestamp="2021-10-22T07:55:20Z" changeset="0"/>
	<node id="9192563083" lat="57.7802813" lon="14.157326" version="1" timestamp="2021-10-22T07:55:20Z" changeset="0"/>
	<node id="9192563085" lat="57.7812796" lon="14.1517621" version="1" timestamp="2021-10-22T07:55:20Z" changeset="0"/>
	<node id="9192563086" lat="57.7813129" lon="14.1515887" version="1" timestamp="2021-10-22T07:55:20Z" changeset="0"/>
	<node id="9209214233" lat="57.7774798" lon="14.1460899" version="1" timestamp="2021-10-29T06:58:39Z" changeset="0">
		<tag k="highway" v="crossing"/>
	</node>
	<node id="9220909616" lat="57.777247" lon="14.1532886" version="1" timestamp="2021-11-03T10:00:15Z" changeset="0"/>
	<node id="9226493447" lat="57.7809588" lon="14.1653636" version="1" timestamp="2021-11-05T08:14:08Z" changeset="0"/>
	<node id="9226554121" lat="57.7805206" lon="14.1563033" version="2" timestamp="2024-04-09T00:27:56Z" changeset="0">
		<tag k="highway" v="crossing"/>
		<tag k="traffic_calming" v="table"/>
	</node>
	<node id="9226637807" lat="57.7817094" lon="14.1563778" version="1" timestamp="2021-11-05T09:14:04Z" changeset="0"/>
	<node id="9226817435" lat="57.7823233" lon="14.1599504" version="3" timestamp="2024-11-14T08:18:18Z" changeset="0">
		<tag k="crossing" v="unmarked"/>
		<tag k="crossing:markings" v="no"/>
		<tag k="highway" v="crossing"/>
		<tag k="tactile_paving" v="yes"/>
	</node>
	<node id="9247481086" lat="57.7839008" lon="14.165922" version="2" timestamp="2025-03-01T15:14:18Z" changeset="0">
		<tag k="crossing" v="uncontrolled"/>
		<tag k="crossing:markings" v="zebra"/>
		<tag k="highway" v="crossing"/>
	</node>
	<node id="9402571482" lat="57.7853609" lon="14.155966" version="1" timestamp="2022-01-08T15:03:16Z" changeset="0"/>
	<node id="9402571483" lat="57.7853243" lon="14.1570216" version="1" timestamp="2022-01-08T15:03:16Z" changeset="0"/>
	<node id="9402571484" lat="57.78535" lon="14.1567711" version="1" timestamp="2022-01-08T15:03:16Z" changeset="0"/>
	<node id="9402581975" lat="57.7837418" lon="14.1595706" version="1" timestamp="2022-01-08T14:55:04Z" changeset="0"/>
	<node id="9402581976" lat="57.7839896" lon="14.158696" version="1" timestamp="2022-01-08T14:55:04Z" changeset="0"/>
	<node id="9402581977" lat="57.7838956" lon="14.1588982" version="1" timestamp="2022-01-08T14:55:04Z" changeset="0"/>
	<node id="9402581978" lat="57.7838883" lon="14.1586643" version="1" timestamp="2022-01-08T14:55:04Z" changeset="0"/>
	<node id="9402581999" lat="57.7853214" lon="14.1558173" version="6" timestamp="2024-11-14T08:18:18Z" changeset="0">
		<tag k="crossing" v="unmarked"/>
		<tag k="crossing:island" v="no"/>
		<tag k="crossing:markings" v="no"/>
		<tag k="highway" v="crossing"/>
		<tag k="tactile_paving" v="no"/>
	</node>
	<node id="9427394582" lat="57.7829814" lon="14.1669317" version="3" timestamp="2024-11-14T08:18:18Z" changeset="0">
		<tag k="crossing" v="unmarked"/>
		<tag k="crossing:markings" v="no"/>
		<tag k="highway" v="crossing"/>
		<tag k="traffic_calming" v="hump"/>
	</node>
	<node id="9427394586" lat="57.7828629" lon="14.1680038" version="3" timestamp="2024-11-14T08:18:18Z" changeset="0">
		<tag k="crossing" v="unmarked"/>
		<tag k="crossing:markings" v="no"/>
		<tag k="highway" v="crossing"/>
		<tag k="traffic_calming" v="hump"/>
	</node>
	<node id="9576148747" lat="57.7799594" lon="14.1545433" version="1" timestamp="2022-03-13T20:19:22Z" changeset="0"/>
	<node id="9835590658" lat="57.7839527" lon="14.1564023" version="1" timestamp="2022-06-21T09:29:25Z" changeset="0"/>
	<node id="9835590659" lat="57.7839769" lon="14.1562972" version="1" timestamp="2022-06-21T09:29:25Z" changeset="0"/>
	<node id="9835590669" lat="57.7838509" lon="14.1559385" version="1" timestamp="2022-06-21T09:29:25Z" changeset="0"/>
	<node id="9835590678" lat="57.7844248" lon="14.1543422" version="1" timestamp="2022-06-21T09:29:25Z" changeset="0"/>
	<node id="9835590679" lat="57.78441" lon="14.154624" version="1" timestamp="2022-06-21T09:29:25Z" changeset="0"/>
	<node id="9835590680" lat="57.7843697" lon="14.1552083" version="1" timestamp="2022-06-21T09:29:25Z" changeset="0"/>
	<node id="9835590688" lat="57.7831258" lon="14.1544451" version="1" timestamp="2022-06-21T09:29:25Z" changeset="0"/>
	<node id="9835590689" lat="57.7826923" lon="14.1563929" version="1" timestamp="2022-06-21T09:29:25Z" changeset="0"/>
	<node id="9835590690" lat="57.782727" lon="14.1564115" version="1" timestamp="2022-06-21T09:29:25Z" changeset="0"/>
	<node id="9835590691" lat="57.783949" lon="14.1559958" version="1" timestamp="2022-06-21T09:29:25Z" changeset="0"/>
	<node id="9835590692" lat="57.78409" lon="14.1561965" version="1" timestamp="2022-06-21T09:29:25Z" changeset="0"/>
	<node id="9835590693" lat="57.7840333" lon="14.1558927" version="1" timestamp="2022-06-21T09:29:25Z" changeset="0"/>
	<node id="9835590694" lat="57.7840007" lon="14.1561942" version="1" timestamp="2022-06-21T09:29:25Z" changeset="0"/>
	<node id="9835590711" lat="57.7838751" lon="14.1548578" version="1" timestamp="2022-06-21T09:29:25Z" changeset="0"/>
	<node id="9835590712" lat="57.7838944" lon="14.154884" version="1" timestamp="2022-06-21T09:29:25Z" changeset="0"/>
	<node id="9956156476" lat="57.7785739" lon="14.1629145" version="1" timestamp="2022-08-16T05:36:58Z" changeset="0"/>
	<node id="9956156477" lat="57.7786031" lon="14.1629108" version="1" timestamp="2022-08-16T05:36:58Z" changeset="0"/>
	<node id="9956156478" lat="57.7786925" lon="14.1633938" version="1" timestamp="2022-08-16T05:36:58Z" changeset="0"/>
	<node id="9956156479" lat="57.7787793" lon="14.1633601" version="1" timestamp="2022-08-16T05:36:58Z" changeset="0"/>
	<node id="9956156480" lat="57.7787396" lon="14.1634326" version="1" timestamp="2022-08-16T05:36:58Z" changeset="0"/>
	<node id="9956156481" lat="57.7787128" lon="14.1634302" version="1" timestamp="2022-08-16T05:36:58Z" changeset="0"/>
	<node id="9956156490" lat="57.7766608" lon="14.1620628" version="1" timestamp="2022-08-16T05:36:58Z" changeset="0"/>
	<node id="10107904092" lat="57.7807705" lon="14.1577896" version="1" timestamp="2022-10-17T06:21:44Z" changeset="0"/>
	<node id="10107907616" lat="57.7796968" lon="14.1612807" version="1" timestamp="2022-10-17T06:08:45Z" changeset="0"/>
	<node id="10107912814" lat="57.7843082" lon="14.1566052" version="2" timestamp="2024-08-20T16:41:53Z" changeset="0"/>
	<node id="10107912815" lat="57.7846057" lon="14.1559341" version="1" timestamp="2022-10-17T05:58:23Z" changeset="0"/>
	<node id="10107912816" lat="57.7845128" lon="14.1557531" version="1" timestamp="2022-10-17T05:58:23Z" changeset="0"/>
	<node id="10107914389" lat="57.7795196" lon="14.1556107" version="1" timestamp="2022-10-17T06:08:00Z" changeset="0"/>
	<node id="10107915817" lat="57.7844527" lon="14.1556592" version="1" timestamp="2022-10-17T05:58:23Z" changeset="0"/>
	<node id="10107915818" lat="57.7843984" lon="14.1557236" version="1" timestamp="2022-10-17T05:58:23Z" changeset="0"/>
	<node id="10107915819" lat="57.7843341" lon="14.1558698" version="1" timestamp="2022-10-17T05:58:23Z" changeset="0"/>
	<node id="10107915820" lat="57.7843191" lon="14.1559127" version="1" timestamp="2022-10-17T05:58:23Z" changeset="0"/>
	<node id="10107915821" lat="57.7843698" lon="14.1560133" version="1" timestamp="2022-10-17T05:58:23Z" changeset="0"/>
	<node id="10107915822" lat="57.784482" lon="14.1562036" version="1" timestamp="2022-10-17T05:58:23Z" changeset="0"/>
	<node id="10107934417" lat="57.7796362" lon="14.1616002" version="1" timestamp="2022-10-17T06:08:45Z" changeset="0"/>
	<node id="10107935106" lat="57.7811806" lon="14.154122" version="1" timestamp="2022-10-17T06:38:01Z" changeset="0"/>
	<node id="10107935817" lat="57.7798571" lon="14.1613891" version="2" timestamp="2022-10-17T06:15:00Z" changeset="0"/>
	<node id="10107936091" lat="57.7809283" lon="14.1565798" version="2" timestamp="2025-01-29T15:43:30Z" changeset="0"/>
	<node id="10107942929" lat="57.7830348" lon="14.1579904" version="1" timestamp="2022-10-17T06:23:57Z" changeset="0"/>
	<node id="10107942930" lat="57.7829818" lon="14.1582739" version="1" timestamp="2022-10-17T06:23:57Z" changeset="0"/>
	<node id="10107942931" lat="57.7829494" lon="14.158421" version="1" timestamp="2022-10-17T06:23:57Z" changeset="0"/>
	<node id="10107942932" lat="57.7828884" lon="14.158456" version="1" timestamp="2022-10-17T06:23:57Z" changeset="0"/>
	<node id="10107942933" lat="57.7828728" lon="14.158463" version="1" timestamp="2022-10-17T06:23:57Z" changeset="0"/>
	<node id="10107944779" lat="57.7825102" lon="14.157627" version="1" timestamp="2022-10-17T06:35:14Z" changeset="0"/>
	<node id="10107959747" lat="57.7826378" lon="14.1564068" version="1" timestamp="2022-10-17T06:45:07Z" changeset="0"/>
	<node id="10107959748" lat="57.7830815" lon="14.1538511" version="1" timestamp="2022-10-17T06:45:07Z" changeset="0"/>
	<node id="10107959749" lat="57.7830278" lon="14.1541604" version="1" timestamp="2022-10-17T06:45:07Z" changeset="0"/>
	<node id="10107959750" lat="57.7828424" lon="14.1540432" version="1" timestamp="2022-10-17T06:45:07Z" changeset="0"/>
	<node id="10107959751" lat="57.7829291" lon="14.1547292" version="1" timestamp="2022-10-17T06:45:07Z" changeset="0"/>
	<node id="10107959752" lat="57.7827226" lon="14.1546042" version="1" timestamp="2022-10-17T06:45:07Z" changeset="0"/>
	<node id="10107970036" lat="57.7796657" lon="14.1605723" version="2" timestamp="2024-01-09T20:06:58Z" changeset="0"/>
	<node id="10107970037" lat="57.7800586" lon="14.1608655" version="2" timestamp="2024-01-09T20:06:58Z" changeset="0"/>
	<node id="10107970038" lat="57.7801463" lon="14.1609138" version="1" timestamp="2022-10-17T06:42:58Z" changeset="0"/>
	<node id="10107970039" lat="57.7802803" lon="14.1611456" version="1" timestamp="2022-10-17T06:42:58Z" changeset="0"/>
	<node id="10108318247" lat="57.7810274" lon="14.1582754" version="1" timestamp="2022-10-17T10:18:48Z" changeset="0"/>
	<node id="10108318248" lat="57.7812033" lon="14.1583929" version="1" timestamp="2022-10-17T10:18:48Z" changeset="0"/>
	<node id="10108358586" lat="57.7810228" lon="14.1725501" version="1" timestamp="2022-10-17T10:31:06Z" changeset="0"/>
	<node id="10108358587" lat="57.7816842" lon="14.1730537" version="1" timestamp="2022-10-17T10:31:06Z" changeset="0"/>
	<node id="10108358588" lat="57.7811504" lon="14.172654" version="2" timestamp="2025-01-29T12:24:00Z" changeset="0"/>
	<node id="10108358589" lat="57.7810475" lon="14.1725689" version="1" timestamp="2022-10-17T10:31:06Z" changeset="0"/>
	<node id="10108544082" lat="57.7779355" lon="14.1569207" version="1" timestamp="2022-10-17T12:28:46Z" changeset="0"/>
	<node id="10108554428" lat="57.7787577" lon="14.1543316" version="1" timestamp="2022-10-17T12:00:57Z" changeset="0"/>
	<node id="10108608768" lat="57.7773894" lon="14.1554981" version="1" timestamp="2022-10-17T12:21:14Z" changeset="0"/>
	<node id="10110612609" lat="57.7747912" lon="14.1558781" version="1" timestamp="2022-10-18T05:57:29Z" changeset="0"/>
	<node id="10110632208" lat="57.7706467" lon="14.1435901" version="2" timestamp="2024-10-31T11:31:43Z" changeset="0"/>
	<node id="10110637694" lat="57.7705586" lon="14.1432163" version="4" timestamp="2024-10-31T11:31:43Z" changeset="0"/>
	<node id="10110646410" lat="57.774948" lon="14.1517448" version="1" timestamp="2022-10-18T06:28:47Z" changeset="0"/>
	<node id="10111335515" lat="57.7844892" lon="14.1569737" version="2" timestamp="2024-08-20T16:41:53Z" changeset="0"/>
	<node id="10111335516" lat="57.7843741" lon="14.1571178" version="2" timestamp="2024-08-20T16:41:53Z" changeset="0">
		<tag k="highway" v="turning_circle"/>
	</node>
	<node id="10111336120" lat="57.7840434" lon="14.1577527" version="2" timestamp="2024-08-20T16:41:53Z" changeset="0"/>
	<node id="10116318221" lat="57.7858512" lon="14.1551539" version="2" timestamp="2023-10-23T20:24:51Z" changeset="0"/>
	<node id="10116353776" lat="57.7858673" lon="14.1558717" version="1" timestamp="2022-10-20T11:45:32Z" changeset="0"/>
	<node id="10116353777" lat="57.7858694" lon="14.1557202" version="1" timestamp="2022-10-20T11:45:32Z" changeset="0"/>
	<node id="10116353778" lat="57.7858659" lon="14.1555807" version="1" timestamp="2022-10-20T11:45:32Z" changeset="0"/>
	<node id="10116353779" lat="57.785848" lon="14.1555096" version="1" timestamp="2022-10-20T11:45:32Z" changeset="0"/>
	<node id="10116353780" lat="57.785823" lon="14.155452" version="1" timestamp="2022-10-20T11:45:32Z" changeset="0"/>
	<node id="10116353781" lat="57.7857865" lon="14.1554023" version="1" timestamp="2022-10-20T11:45:32Z" changeset="0"/>
	<node id="10116353782" lat="57.7857572" lon="14.1553567" version="1" timestamp="2022-10-20T11:45:32Z" changeset="0"/>
	<node id="10116353783" lat="57.7857508" lon="14.1552865" version="2" timestamp="2022-10-20T11:45:51Z" changeset="0">
		<tag k="highway" v="crossing"/>
	</node>
	<node id="10116353784" lat="57.7857531" lon="14.1551655" version="2" timestamp="2023-10-23T20:24:51Z" changeset="0"/>
	<node id="10116396102" lat="57.7852349" lon="14.1566496" version="2" timestamp="2025-04-16T18:48:48Z" changeset="0"/>
	<node id="10116396103" lat="57.7851458" lon="14.1566843" version="1" timestamp="2022-10-20T12:22:25Z" changeset="0"/>
	<node id="10116396104" lat="57.7850732" lon="14.1568002" version="1" timestamp="2022-10-20T12:22:25Z" changeset="0"/>
	<node id="10116396105" lat="57.7850083" lon="14.1568165" version="2" timestamp="2025-04-16T18:48:48Z" changeset="0"/>
	<node id="10116396106" lat="57.7850183" lon="14.1566623" version="2" timestamp="2025-04-16T18:48:48Z" changeset="0"/>
	<node id="10116452297" lat="57.7823107" lon="14.1574943" version="1" timestamp="2022-10-20T12:44:51Z" changeset="0"/>
	<node id="10116452298" lat="57.7822042" lon="14.1580686" version="1" timestamp="2022-10-20T12:44:51Z" changeset="0"/>
	<node id="10116514257" lat="57.7807108" lon="14.156436" version="1" timestamp="2022-10-20T12:56:08Z" changeset="0"/>
	<node id="10116514258" lat="57.7806638" lon="14.1567008" version="1" timestamp="2022-10-20T12:56:08Z" changeset="0"/>
	<node id="10116514259" lat="57.7805794" lon="14.1566498" version="1" timestamp="2022-10-20T12:56:08Z" changeset="0"/>
	<node id="10116568186" lat="57.7814559" lon="14.1670271" version="1" timestamp="2022-10-20T13:28:38Z" changeset="0"/>
	<node id="10116627390" lat="57.7837066" lon="14.160462" version="2" timestamp="2023-12-08T07:06:44Z" changeset="0"/>
	<node id="10125651368" lat="57.7797174" lon="14.1602995" version="2" timestamp="2024-01-09T20:06:58Z" changeset="0"/>
	<node id="10129970406" lat="57.7778644" lon="14.1589489" version="1" timestamp="2022-10-26T10:07:37Z" changeset="0"/>
	<node id="10130179097" lat="57.7774749" lon="14.1576947" version="1" timestamp="2022-10-26T12:02:35Z" changeset="0"/>
	<node id="10130179099" lat="57.7774658" lon="14.1577439" version="1" timestamp="2022-10-26T12:02:35Z" changeset="0">
		<tag k="highway" v="crossing"/>
	</node>
	<node id="10130285883" lat="57.7735321" lon="14.1528873" version="2" timestamp="2025-07-11T06:13:20Z" changeset="0"/>
	<node id="10140348104" lat="57.7831644" lon="14.1649362" version="1" timestamp="2022-10-30T16:48:14Z" changeset="0">
		<tag k="highway" v="crossing"/>
	</node>
	<node id="10140348105" lat="57.7833157" lon="14.1635006" version="1" timestamp="2022-10-30T16:48:14Z" changeset="0">
		<tag k="highway" v="crossing"/>
	</node>
	<node id="10140348113" lat="57.7836461" lon="14.165823" version="6" timestamp="2024-12-26T16:33:12Z" changeset="0">
		<tag k="button_operated" v="yes"/>
		<tag k="crossing" v="traffic_signals"/>
		<tag k="crossing:island" v="yes"/>
		<tag k="highway" v="crossing"/>
		<tag k="tactile_paving" v="no"/>
		<tag k="traffic_signals:sound" v="yes"/>
	</node>
	<node id="10140348116" lat="57.7838355" lon="14.1656169" version="6" timestamp="2025-07-27T16:46:49Z" changeset="0">
		<tag k="button_operated" v="yes"/>
		<tag k="crossing" v="traffic_signals"/>
		<tag k="highway" v="crossing"/>
		<tag k="tactile_paving" v="no"/>
		<tag k="traffic_signals:sound" v="yes"/>
		<tag k="traffic_signals:vibration" v="yes"/>
	</node>
	<node id="10140348119" lat="57.7839378" lon="14.1638862" version="5" timestamp="2024-12-26T16:33:10Z" changeset="0">
		<tag k="button_operated" v="yes"/>
		<tag k="crossing:signals" v="yes"/>
		<tag k="highway" v="crossing"/>
		<tag k="tactile_paving" v="yes"/>
		<tag k="traffic_signals:sound" v="yes"/>
	</node>
	<node id="10140348120" lat="57.7840173" lon="14.1639178" version="5" timestamp="2024-12-26T16:33:10Z" changeset="0">
		<tag k="button_operated" v="yes"/>
		<tag k="crossing:signals" v="yes"/>
		<tag k="highway" v="crossing"/>
		<tag k="tactile_paving" v="yes"/>
		<tag k="traffic_signals:sound" v="yes"/>
	</node>
	<node id="10140348121" lat="57.7837419" lon="14.1655797" version="6" timestamp="2025-07-27T16:46:51Z" changeset="0">
		<tag k="button_operated" v="yes"/>
		<tag k="crossing" v="traffic_signals"/>
		<tag k="highway" v="crossing"/>
		<tag k="tactile_paving" v="no"/>
		<tag k="traffic_signals:sound" v="yes"/>
		<tag k="traffic_signals:vibration" v="yes"/>
	</node>
	<node id="10678690529" lat="57.7842804" lon="14.1617242" version="1" timestamp="2023-02-19T17:01:48Z" changeset="0"/>
	<node id="10678690530" lat="57.7843166" lon="14.1617558" version="1" timestamp="2023-02-19T17:01:48Z" changeset="0"/>
	<node id="10678690531" lat="57.7843035" lon="14.1616761" version="2" timestamp="2023-12-06T17:53:34Z" changeset="0"/>
	<node id="10678690532" lat="57.7842399" lon="14.1615687" version="2" timestamp="2023-12-06T17:53:34Z" changeset="0"/>
	<node id="10678690533" lat="57.7840424" lon="14.1611474" version="2" timestamp="2023-12-06T17:53:34Z" changeset="0"/>
	<node id="10678690534" lat="57.7836242" lon="14.1603449" version="4" timestamp="2025-09-26T17:52:20Z" changeset="0"/>
	<node id="10678690535" lat="57.7844441" lon="14.1613392" version="7" timestamp="2024-12-26T16:33:09Z" changeset="0">
		<tag k="button_operated" v="yes"/>
		<tag k="crossing:island" v="yes"/>
		<tag k="crossing:signals" v="yes"/>
		<tag k="highway" v="crossing"/>
		<tag k="tactile_paving" v="yes"/>
		<tag k="traffic_signals:sound" v="yes"/>
	</node>
	<node id="10927990803" lat="57.7817059" lon="14.1675898" version="1" timestamp="2023-05-26T06:02:13Z" changeset="0"/>
	<node id="11130646619" lat="57.7779785" lon="14.1645673" version="1" timestamp="2023-08-20T10:14:47Z" changeset="0"/>
	<node id="11130646620" lat="57.7781099" lon="14.1649033" version="1" timestamp="2023-08-20T10:14:47Z" changeset="0"/>
	<node id="11130646621" lat="57.7783522" lon="14.1652755" version="1" timestamp="2023-08-20T10:14:47Z" changeset="0"/>
	<node id="11130646622" lat="57.7785321" lon="14.165609" version="1" timestamp="2023-08-20T10:14:47Z" changeset="0"/>
	<node id="11130646623" lat="57.7784736" lon="14.1657042" version="1" timestamp="2023-08-20T10:14:47Z" changeset="0"/>
	<node id="11130646624" lat="57.7784998" lon="14.1657533" version="1" timestamp="2023-08-20T10:14:47Z" changeset="0"/>
	<node id="11130646625" lat="57.778653" lon="14.1657087" version="1" timestamp="2023-08-20T10:14:47Z" changeset="0"/>
	<node id="11130646626" lat="57.7785702" lon="14.1659986" version="1" timestamp="2023-08-20T10:14:47Z" changeset="0"/>
	<node id="11130646627" lat="57.7785963" lon="14.1660815" version="1" timestamp="2023-08-20T10:14:47Z" changeset="0"/>
	<node id="11130646628" lat="57.7787784" lon="14.1660716" version="1" timestamp="2023-08-20T10:14:47Z" changeset="0"/>
	<node id="11130646629" lat="57.7788058" lon="14.165916" version="1" timestamp="2023-08-20T10:14:47Z" changeset="0"/>
	<node id="11130646630" lat="57.7785931" lon="14.1657801" version="1" timestamp="2023-08-20T10:14:47Z" changeset="0"/>
	<node id="11130646631" lat="57.7785649" lon="14.165902" version="1" timestamp="2023-08-20T10:14:47Z" changeset="0"/>
	<node id="11130646632" lat="57.7787019" lon="14.1661519" version="1" timestamp="2023-08-20T10:14:47Z" changeset="0"/>
	<node id="11130646633" lat="57.7787187" lon="14.1657095" version="1" timestamp="2023-08-20T10:14:47Z" changeset="0"/>
	<node id="11130646634" lat="57.7787971" lon="14.1658421" version="1" timestamp="2023-08-20T10:14:47Z" changeset="0"/>
	<node id="11130646635" lat="57.7787784" lon="14.1657832" version="1" timestamp="2023-08-20T10:14:47Z" changeset="0"/>
	<node id="11130646636" lat="57.7788106" lon="14.1657441" version="1" timestamp="2023-08-20T10:14:47Z" changeset="0"/>
	<node id="11130646637" lat="57.7787929" lon="14.165461" version="1" timestamp="2023-08-20T10:14:47Z" changeset="0"/>
	<node id="11130646638" lat="57.7786669" lon="14.1655454" version="1" timestamp="2023-08-20T10:14:47Z" changeset="0"/>
	<node id="11130646639" lat="57.7787631" lon="14.1661038" version="1" timestamp="2023-08-20T10:14:47Z" changeset="0"/>
	<node id="11130646640" lat="57.7788591" lon="14.1662299" version="1" timestamp="2023-08-20T10:14:47Z" changeset="0"/>
	<node id="11130646641" lat="57.779039" lon="14.1664842" version="1" timestamp="2023-08-20T10:14:47Z" changeset="0"/>
	<node id="11130646642" lat="57.7782769" lon="14.1653659" version="1" timestamp="2023-08-20T10:14:47Z" changeset="0"/>
	<node id="11130646643" lat="57.7783045" lon="14.1654335" version="1" timestamp="2023-08-20T10:14:47Z" changeset="0"/>
	<node id="11130646644" lat="57.7776086" lon="14.1633328" version="1" timestamp="2023-08-20T10:14:47Z" changeset="0"/>
	<node id="11130646645" lat="57.7776985" lon="14.1636428" version="1" timestamp="2023-08-20T10:14:47Z" changeset="0"/>
	<node id="11130646646" lat="57.7776677" lon="14.1635561" version="1" timestamp="2023-08-20T10:14:47Z" changeset="0"/>
	<node id="11130646647" lat="57.7775652" lon="14.1634687" version="1" timestamp="2023-08-20T10:14:47Z" changeset="0"/>
	<node id="11130646648" lat="57.7774702" lon="14.1628391" version="1" timestamp="2023-08-20T10:14:47Z" changeset="0"/>
	<node id="11130646649" lat="57.7775011" lon="14.1621171" version="1" timestamp="2023-08-20T10:14:47Z" changeset="0"/>
	<node id="11130646650" lat="57.777469" lon="14.1623445" version="1" timestamp="2023-08-20T10:14:47Z" changeset="0"/>
	<node id="11130646651" lat="57.7774587" lon="14.1626027" version="1" timestamp="2023-08-20T10:14:47Z" changeset="0"/>
	<node id="11130646652" lat="57.7775315" lon="14.1626166" version="1" timestamp="2023-08-20T10:14:47Z" changeset="0"/>
	<node id="11130646653" lat="57.7775514" lon="14.1623074" version="1" timestamp="2023-08-20T10:14:47Z" changeset="0"/>
	<node id="11130646654" lat="57.7775398" lon="14.162388" version="1" timestamp="2023-08-20T10:14:47Z" changeset="0"/>
	<node id="11284626103" lat="57.7855029" lon="14.15528" version="1" timestamp="2023-10-23T20:24:50Z" changeset="0"/>
	<node id="11284626104" lat="57.7855507" lon="14.1550568" version="1" timestamp="2023-10-23T20:24:50Z" changeset="0"/>
	<node id="11284626105" lat="57.7855172" lon="14.1551371" version="1" timestamp="2023-10-23T20:24:50Z" changeset="0"/>
	<node id="11284626106" lat="57.7854956" lon="14.1550829" version="1" timestamp="2023-10-23T20:24:50Z" changeset="0"/>
	<node id="11284626108" lat="57.786569" lon="14.1528786" version="1" timestamp="2023-10-23T20:24:50Z" changeset="0"/>
	<node id="11284626109" lat="57.7863912" lon="14.1536774" version="1" timestamp="2023-10-23T20:24:50Z" changeset="0"/>
	<node id="11284626110" lat="57.7861765" lon="14.1544816" version="1" timestamp="2023-10-23T20:24:50Z" changeset="0"/>
	<node id="11284626111" lat="57.7861241" lon="14.1549173" version="1" timestamp="2023-10-23T20:24:50Z" changeset="0"/>
	<node id="11284626113" lat="57.7860564" lon="14.1539984" version="1" timestamp="2023-10-23T20:24:50Z" changeset="0"/>
	<node id="11284626114" lat="57.7864185" lon="14.1532501" version="1" timestamp="2023-10-23T20:24:50Z" changeset="0"/>
	<node id="11284626115" lat="57.7865921" lon="14.1520832" version="1" timestamp="2023-10-23T20:24:50Z" changeset="0"/>
	<node id="11284626116" lat="57.7857553" lon="14.153779" version="1" timestamp="2023-10-23T20:24:50Z" changeset="0"/>
	<node id="11284626117" lat="57.7856758" lon="14.1538378" version="1" timestamp="2023-10-23T20:24:50Z" changeset="0"/>
	<node id="11284626118" lat="57.7856107" lon="14.1539405" version="1" timestamp="2023-10-23T20:24:50Z" changeset="0"/>
	<node id="11284626119" lat="57.7856403" lon="14.1541021" version="1" timestamp="2023-10-23T20:24:50Z" changeset="0">
		<tag k="highway" v="traffic_signals"/>
	</node>
	<node id="11284626120" lat="57.7854468" lon="14.1543409" version="1" timestamp="2023-10-23T20:24:50Z" changeset="0">
		<tag k="highway" v="traffic_signals"/>
	</node>
	<node id="11284626121" lat="57.7856767" lon="14.1551615" version="1" timestamp="2023-10-23T20:24:50Z" changeset="0"/>
	<node id="11284626122" lat="57.7855704" lon="14.1551975" version="1" timestamp="2023-10-23T20:24:50Z" changeset="0"/>
	<node id="11284626123" lat="57.785936" lon="14.1559487" version="1" timestamp="2023-10-23T20:24:50Z" changeset="0"/>
	<node id="11284626124" lat="57.7859142" lon="14.1560461" version="1" timestamp="2023-10-23T20:24:50Z" changeset="0"/>
	<node id="11284626125" lat="57.7859676" lon="14.1556183" version="1" timestamp="2023-10-23T20:24:50Z" changeset="0"/>
	<node id="11284626126" lat="57.7860395" lon="14.1553909" version="1" timestamp="2023-10-23T20:24:50Z" changeset="0">
		<tag k="highway" v="traffic_signals"/>
	</node>
	<node id="11284626127" lat="57.786023" lon="14.1556028" version="1" timestamp="2023-10-23T20:24:50Z" changeset="0"/>
	<node id="11284626128" lat="57.7859974" lon="14.1557009" version="1" timestamp="2023-10-23T20:24:50Z" changeset="0"/>
	<node id="11284626168" lat="57.7792164" lon="14.1737966" version="1" timestamp="2023-10-23T20:24:50Z" changeset="0">
		<tag k="highway" v="traffic_signals"/>
		<tag k="traffic_signals:direction" v="forward"/>
	</node>
	<node id="11284655169" lat="57.7801514" lon="14.1739187" version="1" timestamp="2023-10-23T20:24:50Z" changeset="0">
		<tag k="highway" v="traffic_signals"/>
	</node>
	<node id="11284655170" lat="57.7800079" lon="14.1739573" version="1" timestamp="2023-10-23T20:24:50Z" changeset="0">
		<tag k="highway" v="traffic_signals"/>
	</node>
	<node id="11284655171" lat="57.7797986" lon="14.1737578" version="1" timestamp="2023-10-23T20:24:50Z" changeset="0">
		<tag k="highway" v="traffic_signals"/>
	</node>
	<node id="11284655172" lat="57.7797436" lon="14.1736767" version="1" timestamp="2023-10-23T20:24:50Z" changeset="0"/>
	<node id="11398483973" lat="57.7837677" lon="14.1605967" version="1" timestamp="2023-12-06T17:53:34Z" changeset="0"/>
	<node id="11504192915" lat="57.7798846" lon="14.1602642" version="1" timestamp="2024-01-09T20:06:58Z" changeset="0"/>
	<node id="11504192916" lat="57.7798388" lon="14.160722" version="1" timestamp="2024-01-09T20:06:58Z" changeset="0"/>
	<node id="11504192917" lat="57.779806" lon="14.1606637" version="1" timestamp="2024-01-09T20:06:58Z" changeset="0"/>
	<node id="11504192918" lat="57.7797257" lon="14.1606114" version="1" timestamp="2024-01-09T20:06:58Z" changeset="0"/>
	<node id="11504192919" lat="57.779985" lon="14.1585996" version="5" timestamp="2025-08-24T17:33:51Z" changeset="0">
		<tag k="crossing:markings" v="no"/>
		<tag k="crossing:signals" v="no"/>
		<tag k="highway" v="crossing"/>
		<tag k="tactile_paving" v="yes"/>
	</node>
	<node id="11504192922" lat="57.7796717" lon="14.1602714" version="1" timestamp="2024-01-09T20:06:58Z" changeset="0"/>
	<node id="11504192925" lat="57.7795082" lon="14.1611522" version="1" timestamp="2024-01-09T20:06:58Z" changeset="0"/>
	<node id="11519476952" lat="57.7793033" lon="14.1581245" version="1" timestamp="2024-01-15T17:45:14Z" changeset="0"/>
	<node id="11698727411" lat="57.78542" lon="14.1554394" version="1" timestamp="2024-03-06T20:24:01Z" changeset="0"/>
	<node id="12122552266" lat="57.7831468" lon="14.1579517" version="1" timestamp="2024-08-20T16:41:53Z" changeset="0"/>
	<node id="12122552267" lat="57.7831858" lon="14.1577415" version="1" timestamp="2024-08-20T16:41:53Z" changeset="0"/>
	<node id="12122552268" lat="57.7831652" lon="14.1570747" version="1" timestamp="2024-08-20T16:41:53Z" changeset="0"/>
	<node id="12122552269" lat="57.7833917" lon="14.157228" version="1" timestamp="2024-08-20T16:41:53Z" changeset="0"/>
	<node id="12122552270" lat="57.7833402" lon="14.1575058" version="1" timestamp="2024-08-20T16:41:53Z" changeset="0"/>
	<node id="12122552271" lat="57.7832421" lon="14.1574392" version="1" timestamp="2024-08-20T16:41:53Z" changeset="0"/>
	<node id="12122552272" lat="57.783112" lon="14.1573509" version="1" timestamp="2024-08-20T16:41:53Z" changeset="0"/>
	<node id="12122552273" lat="57.7832937" lon="14.1571617" version="1" timestamp="2024-08-20T16:41:53Z" changeset="0"/>
	<node id="12122552274" lat="57.7831272" lon="14.1580565" version="1" timestamp="2024-08-20T16:41:53Z" changeset="0"/>
	<node id="12122552281" lat="57.7841109" lon="14.1573948" version="1" timestamp="2024-08-20T16:41:53Z" changeset="0"/>
	<node id="12122552282" lat="57.7839965" lon="14.1576869" version="1" timestamp="2024-08-20T16:41:53Z" changeset="0"/>
	<node id="12122552283" lat="57.783991" lon="14.1572299" version="1" timestamp="2024-08-20T16:41:53Z" changeset="0"/>
	<node id="12122552284" lat="57.7838781" lon="14.1575206" version="1" timestamp="2024-08-20T16:41:53Z" changeset="0"/>
	<node id="12122552285" lat="57.7837487" lon="14.1573388" version="1" timestamp="2024-08-20T16:41:53Z" changeset="0"/>
	<node id="12165573169" lat="57.7856145" lon="14.1537914" version="1" timestamp="2024-09-09T13:22:08Z" changeset="0"/>
	<node id="12165573170" lat="57.7855968" lon="14.1537468" version="1" timestamp="2024-09-09T13:22:08Z" changeset="0"/>
	<node id="12165573171" lat="57.7855877" lon="14.1537021" version="1" timestamp="2024-09-09T13:22:08Z" changeset="0"/>
	<node id="12165573172" lat="57.7855889" lon="14.1536274" version="1" timestamp="2024-09-09T13:22:08Z" changeset="0"/>
	<node id="12165573173" lat="57.785653" lon="14.1532696" version="1" timestamp="2024-09-09T13:22:08Z" changeset="0"/>
	<node id="12165573174" lat="57.7856091" lon="14.1534981" version="1" timestamp="2024-09-09T13:22:08Z" changeset="0"/>
	<node id="12165573175" lat="57.7856481" lon="14.1538784" version="1" timestamp="2024-09-09T13:22:08Z" changeset="0"/>
	<node id="12301484069" lat="57.7710466" lon="14.1444051" version="1" timestamp="2024-10-31T11:31:43Z" changeset="0"/>
	<node id="12301484080" lat="57.7717271" lon="14.1463053" version="1" timestamp="2024-10-31T11:31:43Z" changeset="0"/>
	<node id="12301484596" lat="57.7707603" lon="14.1439556" version="1" timestamp="2024-10-31T11:31:43Z" changeset="0"/>
	<node id="12302320416" lat="57.7691952" lon="14.1510202" version="1" timestamp="2024-10-31T19:37:33Z" changeset="0"/>
	<node id="12338910087" lat="57.7805016" lon="14.1561648" version="1" timestamp="2024-11-14T08:18:18Z" changeset="0">
		<tag k="crossing" v="unmarked"/>
		<tag k="crossing:markings" v="no"/>
		<tag k="highway" v="crossing"/>
	</node>
	<node id="12338910088" lat="57.780461" lon="14.1563788" version="1" timestamp="2024-11-14T08:18:18Z" changeset="0">
		<tag k="crossing" v="unmarked"/>
		<tag k="crossing:markings" v="no"/>
		<tag k="highway" v="crossing"/>
	</node>
	<node id="12431148936" lat="57.782022" lon="14.1572254" version="1" timestamp="2024-12-18T16:15:40Z" changeset="0"/>
	<node id="12431148937" lat="57.7831384" lon="14.1579953" version="1" timestamp="2024-12-18T16:15:40Z" changeset="0"/>
	<node id="12431148938" lat="57.7835022" lon="14.1582463" version="1" timestamp="2024-12-18T16:15:40Z" changeset="0"/>
	<node id="12431148939" lat="57.7838597" lon="14.158606" version="1" timestamp="2024-12-18T16:15:40Z" changeset="0"/>
	<node id="12541519996" lat="57.7810944" lon="14.172608" version="1" timestamp="2025-01-29T12:24:00Z" changeset="0"/>
	<node id="12548775444" lat="57.7827851" lon="14.1526075" version="1" timestamp="2025-02-01T10:28:54Z" changeset="0"/>
	<node id="12548775445" lat="57.7825864" lon="14.1524503" version="1" timestamp="2025-02-01T10:28:54Z" changeset="0"/>
	<node id="12630238374" lat="57.7801844" lon="14.1631487" version="1" timestamp="2025-03-02T13:29:40Z" changeset="0">
		<tag k="crossing" v="marked"/>
		<tag k="crossing:island" v="no"/>
		<tag k="crossing:markings" v="yes"/>
		<tag k="highway" v="crossing"/>
		<tag k="tactile_paving" v="yes"/>
	</node>
	<node id="12630238377" lat="57.780876" lon="14.1634694" version="1" timestamp="2025-03-02T13:29:40Z" changeset="0"/>
	<node id="12630238378" lat="57.780135" lon="14.1629783" version="1" timestamp="2025-03-02T13:29:40Z" changeset="0"/>
	<node id="12758525224" lat="57.77791" lon="14.1605763" version="1" timestamp="2025-04-15T22:15:07Z" changeset="0">
		<tag k="direction" v="forward"/>
		<tag k="highway" v="give_way"/>
	</node>
	<node id="12758525233" lat="57.772313" lon="14.1520965" version="1" timestamp="2025-04-15T22:15:07Z" changeset="0">
		<tag k="direction" v="forward"/>
		<tag k="highway" v="give_way"/>
	</node>
	<node id="12760316707" lat="57.7853733" lon="14.1560561" version="2" timestamp="2025-04-16T18:48:48Z" changeset="0"/>
	<node id="12760316708" lat="57.785305" lon="14.1561017" version="2" timestamp="2025-04-16T18:48:48Z" changeset="0"/>
	<node id="12760316709" lat="57.7852632" lon="14.1561312" version="2" timestamp="2025-04-16T18:48:48Z" changeset="0"/>
	<node id="12760355005" lat="57.7853411" lon="14.1563988" version="1" timestamp="2025-04-16T18:48:48Z" changeset="0"/>
	<node id="12760355006" lat="57.7852017" lon="14.1566335" version="1" timestamp="2025-04-16T18:48:48Z" changeset="0"/>
	<node id="12760355007" lat="57.7851785" lon="14.1566482" version="1" timestamp="2025-04-16T18:48:48Z" changeset="0"/>
	<node id="12760355008" lat="57.7850437" lon="14.1568353" version="1" timestamp="2025-04-16T18:48:48Z" changeset="0"/>
	<node id="12760355009" lat="57.7850222" lon="14.1568299" version="1" timestamp="2025-04-16T18:48:48Z" changeset="0"/>
	<node id="12760355010" lat="57.7849983" lon="14.156791" version="1" timestamp="2025-04-16T18:48:48Z" changeset="0"/>
	<node id="12760355011" lat="57.7849969" lon="14.1567636" version="1" timestamp="2025-04-16T18:48:48Z" changeset="0"/>
	<node id="12760355012" lat="57.784999" lon="14.1567112" version="1" timestamp="2025-04-16T18:48:48Z" changeset="0"/>
	<node id="12760355013" lat="57.7852335" lon="14.1561916" version="1" timestamp="2025-04-16T18:48:48Z" changeset="0"/>
	<node id="12760355014" lat="57.7852124" lon="14.1562714" version="1" timestamp="2025-04-16T18:48:48Z" changeset="0"/>
	<node id="12873575544" lat="57.7835825" lon="14.1609044" version="3" timestamp="2025-10-11T15:22:26Z" changeset="0">
		<tag k="bus" v="yes"/>
		<tag k="highway" v="bus_stop"/>
		<tag k="name" v="Juneporten"/>
		<tag k="network" v="Jönköpings Länstrafik"/>
		<tag k="network:wikidata" v="Q10542127"/>
		<tag k="public_transport" v="stop_position"/>
		<tag k="ref" v="D"/>
	</node>
	<node id="12873575546" lat="57.7834536" lon="14.1614145" version="1" timestamp="2025-05-29T17:13:59Z" changeset="0"/>
	<node id="12873575547" lat="57.7833874" lon="14.162048" version="1" timestamp="2025-05-29T17:13:59Z" changeset="0"/>
	<node id="12873575548" lat="57.7835613" lon="14.1614986" version="1" timestamp="2025-05-29T17:13:59Z" changeset="0"/>
	<node id="12878676423" lat="57.7788334" lon="14.1560833" version="2" timestamp="2025-10-11T15:22:26Z" changeset="0">
		<tag k="bus" v="yes"/>
		<tag k="highway" v="bus_stop"/>
		<tag k="name" v="Kungsgatan"/>
		<tag k="network" v="Jönköpings Länstrafik"/>
		<tag k="network:wikidata" v="Q10542127"/>
		<tag k="public_transport" v="stop_position"/>
		<tag k="ref" v="A"/>
	</node>
	<node id="12878676424" lat="57.7791903" lon="14.1538048" version="2" timestamp="2025-10-11T15:22:26Z" changeset="0">
		<tag k="bus" v="yes"/>
		<tag k="highway" v="bus_stop"/>
		<tag k="name" v="Kungsgatan"/>
		<tag k="network" v="Jönköpings Länstrafik"/>
		<tag k="network:wikidata" v="Q10542127"/>
		<tag k="public_transport" v="stop_position"/>
		<tag k="ref" v="B"/>
	</node>
	<node id="12878676425" lat="57.7789884" lon="14.1544904" version="1" timestamp="2025-06-01T09:26:16Z" changeset="0">
		<tag k="direction" v="backward"/>
		<tag k="highway" v="give_way"/>
	</node>
	<node id="12878676426" lat="57.7790277" lon="14.1552696" version="1" timestamp="2025-06-01T09:26:16Z" changeset="0">
		<tag k="direction" v="forward"/>
		<tag k="highway" v="give_way"/>
	</node>
	<node id="12993650365" lat="57.7779444" lon="14.1746713" version="1" timestamp="2025-07-11T05:52:46Z" changeset="0"/>
	<node id="12993650366" lat="57.7780674" lon="14.1744769" version="1" timestamp="2025-07-11T05:52:46Z" changeset="0"/>
	<node id="12993650367" lat="57.7781324" lon="14.1745466" version="1" timestamp="2025-07-11T05:52:46Z" changeset="0"/>
	<node id="12993650368" lat="57.7779901" lon="14.1747665" version="1" timestamp="2025-07-11T05:52:46Z" changeset="0"/>
	<node id="12993675925" lat="57.7704681" lon="14.1424392" version="1" timestamp="2025-07-11T06:13:18Z" changeset="0"/>
	<node id="12997655130" lat="57.7859957" lon="14.1536812" version="1" timestamp="2025-07-13T15:54:03Z" changeset="0">
		<tag k="highway" v="street_lamp"/>
	</node>
	<node id="12997655372" lat="57.7854326" lon="14.1539403" version="1" timestamp="2025-07-13T15:54:03Z" changeset="0">
		<tag k="highway" v="street_lamp"/>
	</node>
	<node id="13092109223" lat="57.7790569" lon="14.1638813" version="1" timestamp="2025-08-23T09:34:35Z" changeset="0"/>
	<node id="13092406469" lat="57.7790458" lon="14.1734881" version="1" timestamp="2025-08-23T12:12:58Z" changeset="0">
		<tag k="direction" v="backward"/>
		<tag k="highway" v="give_way"/>
	</node>
	<node id="13099044126" lat="57.7848454" lon="14.1624581" version="1" timestamp="2025-08-26T20:31:11Z" changeset="0"/>
	<node id="13099044127" lat="57.7845332" lon="14.1623438" version="1" timestamp="2025-08-26T20:31:11Z" changeset="0"/>
	<node id="13099044128" lat="57.7844253" lon="14.1626698" version="1" timestamp="2025-08-26T20:31:11Z" changeset="0"/>
	<node id="13099044130" lat="57.7844031" lon="14.1634399" version="1" timestamp="2025-08-26T20:31:11Z" changeset="0"/>
	<node id="13099044131" lat="57.7844256" lon="14.1630461" version="1" timestamp="2025-08-26T20:31:11Z" changeset="0"/>
	<node id="13099044132" lat="57.784473" lon="14.1627168" version="1" timestamp="2025-08-26T20:31:11Z" changeset="0"/>
	<node id="13099044133" lat="57.7844114" lon="14.1639005" version="1" timestamp="2025-08-26T20:31:11Z" changeset="0"/>
	<node id="13137164411" lat="57.7779686" lon="14.1747194" version="2" timestamp="2025-09-26T16:26:39Z" changeset="0">
		<tag k="bus" v="yes"/>
		<tag k="highway" v="bus_stop"/>
		<tag k="name" v="Kulturhuset Spira"/>
		<tag k="network" v="Jönköpings Länstrafik"/>
		<tag k="network:short" v="JLT"/>
		<tag k="network:wikidata" v="Q10542127"/>
		<tag k="public_transport" v="stop_position"/>
		<tag k="ref" v="B"/>
	</node>
	<node id="13173932705" lat="57.7834568" lon="14.1620371" version="2" timestamp="2025-10-11T15:22:26Z" changeset="0">
		<tag k="bus" v="yes"/>
		<tag k="highway" v="bus_stop"/>
		<tag k="name" v="Juneporten"/>
		<tag k="network" v="Jönköpings Länstrafik"/>
		<tag k="network:wikidata" v="Q10542127"/>
		<tag k="public_transport" v="stop_position"/>
		<tag k="ref" v="C"/>
	</node>
	<node id="13173932706" lat="57.7835242" lon="14.1614234" version="2" timestamp="2025-10-11T15:22:26Z" changeset="0">
		<tag k="bus" v="yes"/>
		<tag k="highway" v="bus_stop"/>
		<tag k="name" v="Juneporten"/>
		<tag k="network" v="Jönköpings Länstrafik"/>
		<tag k="network:wikidata" v="Q10542127"/>
		<tag k="public_transport" v="stop_position"/>
		<tag k="ref" v="A"/>
	</node>
	<node id="13277423524" lat="57.7809668" lon="14.1559164" version="1" timestamp="2025-11-03T11:17:13Z" changeset="0"/>
	<node id="13290033462" lat="57.7801762" lon="14.1560651" version="1" timestamp="2025-11-09T00:59:54Z" changeset="0">
		<tag k="bus" v="yes"/>
		<tag k="highway" v="bus_stop"/>
		<tag k="name" v="Västra torget"/>
		<tag k="network" v="Jönköpings Länstrafik"/>
		<tag k="public_transport" v="stop_position"/>
		<tag k="ref" v="B"/>
	</node>
	<node id="13290033463" lat="57.7800249" lon="14.1560299" version="1" timestamp="2025-11-09T00:59:54Z" changeset="0">
		<tag k="bus" v="yes"/>
		<tag k="gtfs:stop_id" v="9022050018010001"/>
		<tag k="highway" v="platform"/>
		<tag k="name" v="A"/>
		<tag k="network" v="Jönköpings Länstrafik"/>
		<tag k="public_transport" v="platform"/>
		<tag k="ref" v="A"/>
	</node>
	<node id="13290033464" lat="57.780174" lon="14.156013" version="1" timestamp="2025-11-09T00:59:54Z" changeset="0">
		<tag k="bus" v="yes"/>
		<tag k="gtfs:stop_id" v="9022050018010002"/>
		<tag k="highway" v="platform"/>
		<tag k="name" v="B"/>
		<tag k="network" v="Jönköpings Länstrafik"/>
		<tag k="public_transport" v="platform"/>
		<tag k="ref" v="B"/>
	</node>
	<node id="13290033465" lat="57.7804293" lon="14.175964" version="1" timestamp="2025-11-09T00:59:54Z" changeset="0"/>
	<node id="13290033466" lat="57.7804345" lon="14.1755096" version="1" timestamp="2025-11-09T00:59:54Z" changeset="0"/>
	<node id="13597852851" lat="57.7815033" lon="14.1713729" version="1" timestamp="2026-02-25T11:44:05Z" changeset="0">
		<tag k="amenity" v="parking_entrance"/>
	</node>
	<node id="13597852852" lat="57.7814477" lon="14.1713008" version="1" timestamp="2026-02-25T11:44:05Z" changeset="0">
		<tag k="highway" v="crossing"/>
	</node>
	<node id="13701018471" lat="57.7841102" lon="14.1648153" version="1" timestamp="2026-04-02T10:09:24Z" changeset="0"/>
	<node id="13701018472" lat="57.7841372" lon="14.1645335" version="1" timestamp="2026-04-02T10:09:24Z" changeset="0"/>
	<way id="4325931" version="13" timestamp="2022-12-19T10:20:29Z" changeset="0">
		<nd ref="26304697"/>
		<nd ref="3188455297"/>
		<nd ref="133550"/>
		<nd ref="8976765215"/>
		<nd ref="26304698"/>
		<nd ref="8976765214"/>
		<nd ref="133549"/>
		<tag k="highway" v="tertiary"/>
		<tag k="maxspeed" v="40"/>
		<tag k="name" v="Junegatan"/>
		<tag k="oneway" v="yes"/>
		<tag k="ref" v="F 670"/>
		<tag k="reg_ref" v="670"/>
		<tag k="surface" v="paved"/>
	</way>
	<way id="4325932" version="25" timestamp="2018-05-31T09:03:45Z" changeset="0">
		<nd ref="133549"/>
		<nd ref="518565604"/>
		<tag k="highway" v="tertiary"/>
		<tag k="maxspeed" v="40"/>
		<tag k="name" v="Kungsgatan"/>
		<tag k="oneway" v="yes"/>
		<tag k="ref" v="F 670"/>
		<tag k="reg_ref" v="670"/>
		<tag k="surface" v="paved"/>
	</way>
	<way id="4325934" version="26" timestamp="2023-04-16T15:18:14Z" changeset="0">
		<nd ref="8245914068"/>
		<nd ref="8976193144"/>
		<nd ref="8976193145"/>
		<nd ref="705029181"/>
		<nd ref="8976193146"/>
		<nd ref="249360377"/>
		<tag k="highway" v="secondary"/>
		<tag k="maxspeed" v="40"/>
		<tag k="name" v="Barnarpsgatan"/>
		<tag k="oneway" v="yes"/>
		<tag k="surface" v="asphalt"/>
	</way>
	<way id="4329596" version="24" timestamp="2023-10-23T20:24:51Z" changeset="0">
		<nd ref="3128216404"/>
		<nd ref="10116353784"/>
		<nd ref="11284626121"/>
		<nd ref="582998001"/>
		<nd ref="11284626122"/>
		<nd ref="1240022173"/>
		<tag k="highway" v="unclassified"/>
		<tag k="lanes" v="2"/>
		<tag k="maxspeed" v="40"/>
		<tag k="name" v="Västra Storgatan"/>
		<tag k="oneway" v="no"/>
		<tag k="surface" v="asphalt"/>
	</way>
	<way id="4329597" version="30" timestamp="2025-07-27T16:41:01Z" changeset="0">
		<nd ref="251124084"/>
		<nd ref="8327046893"/>
		<nd ref="951536709"/>
		<nd ref="251124081"/>
		<nd ref="254841448"/>
		<tag k="cycleway:left" v="no"/>
		<tag k="cycleway:right" v="separate"/>
		<tag k="highway" v="tertiary"/>
		<tag k="lanes" v="2"/>
		<tag k="maxspeed" v="40"/>
		<tag k="name" v="Järnvägsgatan"/>
		<tag k="sidewalk:both" v="separate"/>
		<tag k="surface" v="asphalt"/>
	</way>
	<way id="8173351" version="28" timestamp="2025-08-23T09:43:26Z" changeset="0">
		<nd ref="115461"/>
		<nd ref="579738189"/>
		<nd ref="250172291"/>
		<nd ref="1766009700"/>
		<nd ref="579738192"/>
		<nd ref="1474287280"/>
		<nd ref="8539069548"/>
		<tag k="highway" v="secondary"/>
		<tag k="junction" v="roundabout"/>
		<tag k="lanes" v="2"/>
		<tag k="lit" v="yes"/>
		<tag k="maxspeed" v="40"/>
		<tag k="name" v="Museirondellen"/>
		<tag k="surface" v="asphalt"/>
	</way>
	<way id="8173370" version="41" timestamp="2023-12-31T13:55:29Z" changeset="0">
		<nd ref="34924196"/>
		<nd ref="3398461057"/>
		<nd ref="1240022194"/>
		<nd ref="6276561160"/>
		<tag k="highway" v="secondary"/>
		<tag k="lanes" v="1"/>
		<tag k="maxspeed" v="40"/>
		<tag k="name" v="Östra Strandgatan"/>
		<tag k="oneway" v="yes"/>
		<tag k="surface" v="asphalt"/>
	</way>
	<way id="8175073" version="36" timestamp="2025-08-24T17:18:24Z" changeset="0">
		<nd ref="133543"/>
		<nd ref="303743566"/>
		<nd ref="303782129"/>
		<nd ref="133542"/>
		<nd ref="254843147"/>
		<nd ref="254843354"/>
		<nd ref="12431148936"/>
		<nd ref="254845947"/>
		<nd ref="2215219619"/>
		<nd ref="315728607"/>
		<nd ref="2215240082"/>
		<nd ref="315728651"/>
		<nd ref="133541"/>
		<nd ref="254842403"/>
		<nd ref="254842309"/>
		<nd ref="254841199"/>
		<nd ref="12630238377"/>
		<nd ref="133536"/>
		<tag k="cycleway:left" v="separate"/>
		<tag k="cycleway:right" v="no"/>
		<tag k="highway" v="residential"/>
		<tag k="lane_markings" v="no"/>
		<tag k="maxspeed" v="40"/>
		<tag k="name" v="Brunnsgatan"/>
		<tag k="surface" v="asphalt"/>
	</way>
	<way id="8175078" version="37" timestamp="2025-03-02T13:29:40Z" changeset="0">
		<nd ref="1766009668"/>
		<nd ref="8974486458"/>
		<nd ref="1766009678"/>
		<nd ref="1766009680"/>
		<nd ref="1780591515"/>
		<nd ref="622948152"/>
		<nd ref="254840540"/>
		<nd ref="12630238374"/>
		<nd ref="9021847131"/>
		<nd ref="133536"/>
		<nd ref="2215219596"/>
		<nd ref="8290402066"/>
		<nd ref="133537"/>
		<nd ref="8741285225"/>
		<nd ref="251665085"/>
		<tag k="cycleway:left" v="no"/>
		<tag k="cycleway:right" v="separate"/>
		<tag k="highway" v="tertiary"/>
		<tag k="lane_markings" v="no"/>
		<tag k="maxspeed" v="40"/>
		<tag k="name" v="Kyrkogatan"/>
		<tag k="sidewalk:left" v="yes"/>
		<tag k="sidewalk:right" v="separate"/>
		<tag k="surface" v="asphalt"/>
	</way>
	<way id="15747146" version="16" timestamp="2025-08-23T09:34:57Z" changeset="0">
		<nd ref="157632366"/>
		<nd ref="11130646626"/>
		<nd ref="249592107"/>
		<nd ref="11130646627"/>
		<nd ref="157632359"/>
		<nd ref="1239975583"/>
		<nd ref="579741553"/>
		<nd ref="11130646632"/>
		<nd ref="249592108"/>
		<nd ref="579741565"/>
		<nd ref="11130646639"/>
		<nd ref="11130646628"/>
		<nd ref="115453"/>
		<nd ref="8334014576"/>
		<nd ref="579741387"/>
		<nd ref="11130646629"/>
		<nd ref="249592109"/>
		<tag k="highway" v="secondary"/>
		<tag k="junction" v="roundabout"/>
		<tag k="maxspeed" v="40"/>
		<tag k="name" v="Högskolerondellen"/>
		<tag k="surface" v="asphalt"/>
	</way>
	<way id="15749183" version="17" timestamp="2023-11-10T11:49:30Z" changeset="0">
		<nd ref="6546896828"/>
		<nd ref="258692386"/>
		<tag k="bridge" v="yes"/>
		<tag k="cycleway:both" v="separate"/>
		<tag k="highway" v="secondary"/>
		<tag k="lanes" v="2"/>
		<tag k="layer" v="1"/>
		<tag k="lit" v="yes"/>
		<tag k="maxspeed" v="40"/>
		<tag k="name" v="Munksjögatan"/>
		<tag k="sidewalk:both" v="separate"/>
		<tag k="surface" v="asphalt"/>
	</way>
	<way id="23099193" version="21" timestamp="2021-08-03T06:06:44Z" changeset="0">
		<nd ref="579741654"/>
		<nd ref="249360379"/>
		<nd ref="579741674"/>
		<nd ref="249360380"/>
		<nd ref="8245914065"/>
		<nd ref="8245914066"/>
		<tag k="highway" v="secondary"/>
		<tag k="junction" v="roundabout"/>
		<tag k="maxspeed" v="40"/>
		<tag k="name" v="Munksjörondellen"/>
		<tag k="surface" v="asphalt"/>
	</way>
	<way id="23104419" version="46" timestamp="2022-10-17T06:21:44Z" changeset="0">
		<nd ref="2215219613"/>
		<nd ref="315728607"/>
		<nd ref="315728608"/>
		<nd ref="10107904092"/>
		<nd ref="315728788"/>
		<nd ref="8779042880"/>
		<nd ref="9192563078"/>
		<nd ref="3235199698"/>
		<nd ref="254969505"/>
		<nd ref="254845844"/>
		<nd ref="398088065"/>
		<nd ref="250182858"/>
		<tag k="highway" v="unclassified"/>
		<tag k="maxspeed" v="40"/>
		<tag k="name" v="Klostergatan"/>
	</way>
	<way id="23117753" version="15" timestamp="2025-08-23T09:34:50Z" changeset="0">
		<nd ref="249592109"/>
		<nd ref="8976126682"/>
		<nd ref="11130646636"/>
		<nd ref="8976126683"/>
		<nd ref="8976126684"/>
		<nd ref="8976126685"/>
		<nd ref="11130646637"/>
		<nd ref="8974486452"/>
		<nd ref="7589953175"/>
		<nd ref="249580712"/>
		<tag k="highway" v="tertiary"/>
		<tag k="maxspeed" v="40"/>
		<tag k="name" v="Gjuterigatan"/>
		<tag k="oneway" v="yes"/>
		<tag k="surface" v="asphalt"/>
	</way>
	<way id="23118516" version="15" timestamp="2022-10-26T10:07:37Z" changeset="0">
		<nd ref="254760844"/>
		<nd ref="10129970406"/>
		<nd ref="303742973"/>
		<nd ref="249589005"/>
		<tag k="highway" v="residential"/>
		<tag k="lit" v="yes"/>
		<tag k="maxspeed" v="40"/>
		<tag k="name" v="Tegnérgatan"/>
		<tag k="surface" v="asphalt"/>
	</way>
	<way id="23118835" version="9" timestamp="2023-04-16T15:18:14Z" changeset="0">
		<nd ref="249360377"/>
		<nd ref="8976193140"/>
		<nd ref="8976193141"/>
		<nd ref="8976193142"/>
		<nd ref="2457681357"/>
		<tag k="highway" v="secondary"/>
		<tag k="maxspeed" v="40"/>
		<tag k="name" v="Barnarpsgatan"/>
		<tag k="oneway" v="yes"/>
		<tag k="surface" v="asphalt"/>
	</way>
	<way id="23118836" version="18" timestamp="2025-02-01T10:28:56Z" changeset="0">
		<nd ref="11130646649"/>
		<nd ref="8976143828"/>
		<nd ref="11130646650"/>
		<nd ref="249591076"/>
		<nd ref="11130646651"/>
		<nd ref="2456442324"/>
		<nd ref="11130646648"/>
		<nd ref="133556"/>
		<nd ref="2456442325"/>
		<nd ref="133557"/>
		<nd ref="11130646647"/>
		<nd ref="249592104"/>
		<nd ref="1762990139"/>
		<nd ref="11130646619"/>
		<nd ref="11130646620"/>
		<nd ref="8974486460"/>
		<nd ref="11130646642"/>
		<nd ref="11130646643"/>
		<nd ref="249592105"/>
		<nd ref="8974486459"/>
		<nd ref="11130646623"/>
		<nd ref="11130646624"/>
		<nd ref="1239975613"/>
		<nd ref="157632366"/>
		<tag k="cycleway" v="no"/>
		<tag k="foot" v="no"/>
		<tag k="highway" v="secondary"/>
		<tag k="lanes" v="2"/>
		<tag k="maxspeed" v="40"/>
		<tag k="name" v="Munksjögatan"/>
		<tag k="oneway" v="yes"/>
		<tag k="surface" v="asphalt"/>
	</way>
	<way id="23118837" version="21" timestamp="2025-08-23T14:51:01Z" changeset="0">
		<nd ref="8245914066"/>
		<nd ref="8976193137"/>
		<nd ref="8976193138"/>
		<nd ref="1507746902"/>
		<nd ref="1766009588"/>
		<nd ref="249508456"/>
		<nd ref="250182858"/>
		<tag k="cycleway:left" v="no"/>
		<tag k="cycleway:right" v="separate"/>
		<tag k="highway" v="tertiary"/>
		<tag k="lanes" v="2"/>
		<tag k="maxspeed" v="40"/>
		<tag k="name" v="Kungsgatan"/>
		<tag k="oneway" v="yes"/>
		<tag k="ref" v="F 683"/>
		<tag k="reg_ref" v="683"/>
		<tag k="surface" v="asphalt"/>
	</way>
	<way id="23118838" version="20" timestamp="2025-02-01T10:28:56Z" changeset="0">
		<nd ref="8290422204"/>
		<nd ref="1239975522"/>
		<nd ref="11130646621"/>
		<nd ref="249592130"/>
		<nd ref="8974486461"/>
		<nd ref="1239975735"/>
		<nd ref="11130646645"/>
		<nd ref="11130646646"/>
		<nd ref="249592136"/>
		<nd ref="11130646644"/>
		<nd ref="8245900262"/>
		<nd ref="249592139"/>
		<nd ref="8245900240"/>
		<nd ref="249592140"/>
		<nd ref="11130646652"/>
		<nd ref="1239975657"/>
		<nd ref="11130646654"/>
		<nd ref="11130646653"/>
		<nd ref="249592141"/>
		<tag k="cycleway" v="no"/>
		<tag k="foot" v="no"/>
		<tag k="highway" v="secondary"/>
		<tag k="lanes" v="2"/>
		<tag k="maxspeed" v="40"/>
		<tag k="name" v="Munksjögatan"/>
		<tag k="oneway" v="yes"/>
		<tag k="surface" v="asphalt"/>
	</way>
	<way id="23118843" version="10" timestamp="2023-04-16T15:18:14Z" changeset="0">
		<nd ref="157632359"/>
		<nd ref="8976126689"/>
		<nd ref="8976126690"/>
		<nd ref="6546896828"/>
		<tag k="highway" v="secondary"/>
		<tag k="maxspeed" v="40"/>
		<tag k="name" v="Munksjögatan"/>
		<tag k="oneway" v="yes"/>
		<tag k="surface" v="asphalt"/>
	</way>
	<way id="23142338" version="37" timestamp="2025-07-27T16:48:13Z" changeset="0">
		<nd ref="115439"/>
		<nd ref="828824227"/>
		<nd ref="7600353746"/>
		<nd ref="8995768719"/>
		<nd ref="828824238"/>
		<nd ref="26347331"/>
		<nd ref="1574996730"/>
		<nd ref="254850469"/>
		<nd ref="254850499"/>
		<tag k="highway" v="tertiary"/>
		<tag k="maxspeed" v="40"/>
		<tag k="name" v="Norra Strandgatan"/>
		<tag k="sidewalk" v="right"/>
		<tag k="surface" v="asphalt"/>
	</way>
	<way id="23156030" version="23" timestamp="2025-08-23T09:43:18Z" changeset="0">
		<nd ref="8539069551"/>
		<nd ref="1474287278"/>
		<nd ref="8539069552"/>
		<nd ref="1474287277"/>
		<nd ref="8541184478"/>
		<nd ref="8539069554"/>
		<nd ref="8541184476"/>
		<nd ref="8541184471"/>
		<nd ref="8541184473"/>
		<nd ref="471050684"/>
		<nd ref="471050683"/>
		<tag k="highway" v="secondary"/>
		<tag k="lanes" v="2"/>
		<tag k="lit" v="yes"/>
		<tag k="maxspeed" v="40"/>
		<tag k="name" v="Odengatan"/>
		<tag k="oneway" v="yes"/>
		<tag k="surface" v="asphalt"/>
	</way>
	<way id="23156305" version="53" timestamp="2025-07-11T06:13:20Z" changeset="0">
		<nd ref="133552"/>
		<nd ref="12878676425"/>
		<nd ref="1766009623"/>
		<nd ref="10108554428"/>
		<nd ref="254760378"/>
		<nd ref="9220909616"/>
		<nd ref="705029180"/>
		<nd ref="249580655"/>
		<nd ref="339149555"/>
		<nd ref="249580656"/>
		<nd ref="4635963660"/>
		<nd ref="4635963663"/>
		<nd ref="254760505"/>
		<nd ref="10110646410"/>
		<nd ref="254835748"/>
		<nd ref="249580658"/>
		<nd ref="254832617"/>
		<nd ref="249580659"/>
		<nd ref="249580660"/>
		<nd ref="7590206883"/>
		<nd ref="254833105"/>
		<nd ref="249580662"/>
		<nd ref="1766009353"/>
		<nd ref="34924187"/>
		<nd ref="1766009339"/>
		<nd ref="254858722"/>
		<nd ref="1766009323"/>
		<nd ref="254858723"/>
		<nd ref="254858725"/>
		<nd ref="254858726"/>
		<nd ref="8678641128"/>
		<nd ref="254858727"/>
		<nd ref="254858728"/>
		<nd ref="12301484080"/>
		<nd ref="254858729"/>
		<nd ref="6126503183"/>
		<nd ref="254911236"/>
		<nd ref="254858731"/>
		<nd ref="254911199"/>
		<nd ref="254858732"/>
		<nd ref="6126503285"/>
		<nd ref="254858734"/>
		<nd ref="12301484069"/>
		<nd ref="254858735"/>
		<nd ref="254910224"/>
		<nd ref="12301484596"/>
		<nd ref="254858736"/>
		<nd ref="10110632208"/>
		<nd ref="254858737"/>
		<nd ref="10110637694"/>
		<nd ref="254858739"/>
		<nd ref="12993675925"/>
		<nd ref="254858711"/>
		<tag k="highway" v="residential"/>
		<tag k="lit" v="yes"/>
		<tag k="maxspeed" v="40"/>
		<tag k="name" v="Gröna gatan"/>
		<tag k="surface" v="asphalt"/>
	</way>
	<way id="23156306" version="9" timestamp="2025-08-23T14:51:24Z" changeset="0">
		<nd ref="249508500"/>
		<nd ref="250182861"/>
		<nd ref="250182864"/>
		<nd ref="250182867"/>
		<nd ref="250182869"/>
		<nd ref="26304697"/>
		<tag k="cycleway:left" v="no"/>
		<tag k="cycleway:right" v="separate"/>
		<tag k="highway" v="tertiary"/>
		<tag k="maxspeed" v="40"/>
		<tag k="name" v="Junegatan"/>
		<tag k="oneway" v="yes"/>
		<tag k="ref" v="F 670"/>
		<tag k="reg_ref" v="670"/>
		<tag k="surface" v="asphalt"/>
	</way>
	<way id="23156307" version="20" timestamp="2025-02-01T10:28:56Z" changeset="0">
		<nd ref="26304697"/>
		<nd ref="3878442200"/>
		<nd ref="133548"/>
		<nd ref="3878442202"/>
		<nd ref="26304696"/>
		<nd ref="133547"/>
		<nd ref="254777198"/>
		<nd ref="26304695"/>
		<nd ref="133546"/>
		<nd ref="12548775445"/>
		<tag k="highway" v="tertiary"/>
		<tag k="maxspeed" v="40"/>
		<tag k="name" v="Junegatan"/>
		<tag k="ref" v="F 670"/>
		<tag k="reg_ref" v="670"/>
		<tag k="surface" v="paved"/>
	</way>
	<way id="23156390" version="36" timestamp="2025-08-23T18:30:22Z" changeset="0">
		<nd ref="249580472"/>
		<nd ref="1766009587"/>
		<nd ref="10130179097"/>
		<nd ref="249580585"/>
		<nd ref="249580586"/>
		<nd ref="8333378736"/>
		<nd ref="249580587"/>
		<nd ref="249589008"/>
		<nd ref="8333378751"/>
		<nd ref="10110612609"/>
		<nd ref="254833596"/>
		<nd ref="254833283"/>
		<nd ref="8959426669"/>
		<nd ref="8959426663"/>
		<nd ref="8959426664"/>
		<nd ref="8959426665"/>
		<nd ref="254832877"/>
		<nd ref="315729198"/>
		<nd ref="416480232"/>
		<nd ref="8209344413"/>
		<nd ref="249580589"/>
		<nd ref="249580590"/>
		<nd ref="249580591"/>
		<nd ref="249580592"/>
		<nd ref="249580593"/>
		<nd ref="12302320416"/>
		<nd ref="249580594"/>
		<tag k="highway" v="residential"/>
		<tag k="lit" v="yes"/>
		<tag k="maxspeed" v="40"/>
		<tag k="name" v="Brahegatan"/>
	</way>
	<way id="23164384" version="12" timestamp="2021-03-19T22:42:26Z" changeset="0">
		<nd ref="1680993619"/>
		<nd ref="7603466075"/>
		<nd ref="34924202"/>
		<nd ref="8539069582"/>
		<nd ref="6546910283"/>
		<nd ref="6546910282"/>
		<nd ref="8539069581"/>
		<nd ref="8539069580"/>
		<nd ref="8292745419"/>
		<nd ref="34924205"/>
		<nd ref="1295871326"/>
		<nd ref="34924203"/>
		<tag k="highway" v="tertiary"/>
		<tag k="lanes" v="2"/>
		<tag k="maxspeed" v="30"/>
		<tag k="name" v="Södra Strandgatan"/>
		<tag k="surface" v="asphalt"/>
	</way>
	<way id="23215301" version="11" timestamp="2025-07-27T16:40:58Z" changeset="0">
		<nd ref="251124084"/>
		<nd ref="533747281"/>
		<tag k="bridge" v="yes"/>
		<tag k="cycleway:left" v="separate"/>
		<tag k="cycleway:right" v="no"/>
		<tag k="highway" v="tertiary"/>
		<tag k="lanes" v="2"/>
		<tag k="layer" v="1"/>
		<tag k="maxspeed" v="40"/>
		<tag k="maxweight:signed" v="no"/>
		<tag k="name" v="Järnvägsgatan"/>
		<tag k="sidewalk:both" v="separate"/>
		<tag k="surface" v="asphalt"/>
	</way>
	<way id="23527526" version="15" timestamp="2021-08-19T11:52:25Z" changeset="0">
		<nd ref="254777198"/>
		<nd ref="254777199"/>
		<nd ref="8779042873"/>
		<nd ref="2189044204"/>
		<nd ref="254777558"/>
		<nd ref="254777202"/>
		<nd ref="9019894387"/>
		<nd ref="9019894388"/>
		<nd ref="9019894389"/>
		<nd ref="254777203"/>
		<nd ref="254777206"/>
		<tag k="highway" v="residential"/>
		<tag k="lit" v="yes"/>
		<tag k="maxspeed" v="40"/>
		<tag k="name" v="Gjuterigatan"/>
		<tag k="surface" v="asphalt"/>
	</way>
	<way id="23533013" version="21" timestamp="2021-11-05T10:31:26Z" changeset="0">
		<nd ref="254840243"/>
		<nd ref="254840242"/>
		<nd ref="2215334364"/>
		<nd ref="8245914082"/>
		<nd ref="9226817435"/>
		<nd ref="8997133082"/>
		<nd ref="254843054"/>
		<nd ref="8245914081"/>
		<nd ref="2215334328"/>
		<nd ref="254842680"/>
		<nd ref="2455309490"/>
		<nd ref="254842402"/>
		<nd ref="398207995"/>
		<nd ref="316516980"/>
		<nd ref="133537"/>
		<tag k="highway" v="residential"/>
		<tag k="lit" v="yes"/>
		<tag k="maxspeed" v="40"/>
		<tag k="name" v="Nygatan"/>
		<tag k="oneway" v="yes"/>
		<tag k="surface" v="asphalt"/>
	</way>
	<way id="23533064" version="26" timestamp="2025-08-24T17:18:03Z" changeset="0">
		<nd ref="2215240043"/>
		<nd ref="9192563082"/>
		<nd ref="315728788"/>
		<nd ref="9192563083"/>
		<nd ref="12338910088"/>
		<nd ref="254842896"/>
		<nd ref="12338910087"/>
		<nd ref="9017341035"/>
		<nd ref="254842942"/>
		<nd ref="254843149"/>
		<nd ref="9031140651"/>
		<nd ref="254843213"/>
		<nd ref="9173880679"/>
		<nd ref="9031140542"/>
		<nd ref="9031140534"/>
		<nd ref="254840711"/>
		<tag k="cycleway:left" v="separate"/>
		<tag k="cycleway:right" v="no"/>
		<tag k="highway" v="residential"/>
		<tag k="maxspeed" v="40"/>
		<tag k="name" v="Gjuterigatan"/>
		<tag k="surface" v="asphalt"/>
	</way>
	<way id="23533128" version="19" timestamp="2021-02-16T09:27:43Z" changeset="0">
		<nd ref="315728787"/>
		<nd ref="254841199"/>
		<nd ref="2215219599"/>
		<nd ref="316516980"/>
		<nd ref="8428274008"/>
		<nd ref="303780766"/>
		<nd ref="254841201"/>
		<tag k="highway" v="residential"/>
		<tag k="lit" v="yes"/>
		<tag k="maxspeed" v="40"/>
		<tag k="name" v="Smålandsgatan"/>
		<tag k="surface" v="asphalt"/>
	</way>
	<way id="23533279" version="74" timestamp="2025-08-24T17:18:13Z" changeset="0">
		<nd ref="8365132241"/>
		<nd ref="303783495"/>
		<nd ref="8245914751"/>
		<nd ref="11504192925"/>
		<nd ref="398207997"/>
		<tag k="cycleway:both" v="no"/>
		<tag k="highway" v="residential"/>
		<tag k="lit" v="yes"/>
		<tag k="maxspeed" v="40"/>
		<tag k="name" v="Barnarpsgatan"/>
		<tag k="surface" v="asphalt"/>
	</way>
	<way id="23533358" version="37" timestamp="2026-01-17T17:19:45Z" changeset="0">
		<nd ref="254842979"/>
		<nd ref="9402581978"/>
		<nd ref="12431148939"/>
		<nd ref="398207990"/>
		<nd ref="1240022259"/>
		<nd ref="398207988"/>
		<nd ref="12122552274"/>
		<nd ref="10107942929"/>
		<nd ref="254840243"/>
		<nd ref="10107944779"/>
		<nd ref="10116452297"/>
		<nd ref="254845947"/>
		<nd ref="2215219617"/>
		<nd ref="9017341103"/>
		<nd ref="254845948"/>
		<nd ref="9017341074"/>
		<nd ref="254840544"/>
		<nd ref="10107936091"/>
		<nd ref="3878437873"/>
		<nd ref="9017341030"/>
		<nd ref="10116514257"/>
		<nd ref="9226554121"/>
		<nd ref="254842896"/>
		<nd ref="8779042879"/>
		<nd ref="13290033462"/>
		<nd ref="8839843142"/>
		<nd ref="254840881"/>
		<nd ref="10107914389"/>
		<nd ref="303743734"/>
		<nd ref="12878676426"/>
		<nd ref="254842897"/>
		<tag k="highway" v="residential"/>
		<tag k="lane_markings" v="no"/>
		<tag k="maxspeed" v="40"/>
		<tag k="name" v="Kapellgatan"/>
		<tag k="surface" v="sett"/>
	</way>
	<way id="23533365" version="14" timestamp="2021-08-24T06:31:25Z" changeset="0">
		<nd ref="254842941"/>
		<nd ref="8712221122"/>
		<nd ref="9031140610"/>
		<nd ref="8779042881"/>
		<nd ref="254842942"/>
		<tag k="highway" v="residential"/>
		<tag k="lit" v="yes"/>
		<tag k="maxspeed" v="40"/>
		<tag k="name" v="Pilgatan"/>
		<tag k="surface" v="asphalt"/>
	</way>
	<way id="23533381" version="8" timestamp="2021-08-10T21:30:47Z" changeset="0">
		<nd ref="254843054"/>
		<nd ref="8997133081"/>
		<nd ref="254843044"/>
		<nd ref="473072856"/>
		<tag k="highway" v="residential"/>
		<tag k="maxspeed" v="40"/>
		<tag k="name" v="F E Elmgrensgata"/>
	</way>
	<way id="23533397" version="11" timestamp="2022-10-17T06:38:01Z" changeset="0">
		<nd ref="254843147"/>
		<nd ref="1766009731"/>
		<nd ref="254843264"/>
		<nd ref="303827390"/>
		<nd ref="10107935106"/>
		<nd ref="254843149"/>
		<tag k="highway" v="residential"/>
		<tag k="maxspeed" v="40"/>
		<tag k="name" v="Lagermansgatan"/>
		<tag k="surface" v="asphalt"/>
	</way>
	<way id="23534408" version="18" timestamp="2021-06-24T17:38:52Z" changeset="0">
		<nd ref="254850421"/>
		<nd ref="8539069562"/>
		<nd ref="8863718517"/>
		<nd ref="254850397"/>
		<nd ref="3398461090"/>
		<nd ref="3149451268"/>
		<tag k="access" v="no"/>
		<tag k="highway" v="residential"/>
		<tag k="lanes" v="2"/>
		<tag k="maxspeed" v="30"/>
		<tag k="name" v="Södra Strandgatan"/>
		<tag k="psv" v="yes"/>
	</way>
	<way id="23534678" version="15" timestamp="2021-06-21T16:10:54Z" changeset="0">
		<nd ref="7596244779"/>
		<nd ref="7600353749"/>
		<nd ref="8327046865"/>
		<nd ref="254850409"/>
		<nd ref="2620931514"/>
		<nd ref="3770700261"/>
		<tag k="access" v="no"/>
		<tag k="highway" v="residential"/>
		<tag k="maxspeed" v="30"/>
		<tag k="name" v="Hamnplansgatan"/>
		<tag k="psv" v="yes"/>
	</way>
	<way id="23687583" version="12" timestamp="2021-05-27T20:28:17Z" changeset="0">
		<nd ref="133558"/>
		<nd ref="8773676921"/>
		<nd ref="256504454"/>
		<nd ref="534691337"/>
		<nd ref="256504453"/>
		<nd ref="256504452"/>
		<nd ref="256504451"/>
		<nd ref="518565605"/>
		<tag k="highway" v="tertiary"/>
		<tag k="maxspeed" v="40"/>
		<tag k="name" v="Åsenvägen"/>
		<tag k="oneway" v="yes"/>
		<tag k="ref" v="F 683"/>
		<tag k="reg_ref" v="683"/>
		<tag k="surface" v="paved"/>
	</way>
	<way id="23736311" version="13" timestamp="2023-12-31T13:55:29Z" changeset="0">
		<nd ref="6276561160"/>
		<nd ref="1240022258"/>
		<nd ref="257071292"/>
		<nd ref="3398461058"/>
		<nd ref="8538987754"/>
		<nd ref="8539069522"/>
		<nd ref="8538987774"/>
		<tag k="highway" v="secondary"/>
		<tag k="lanes" v="2"/>
		<tag k="maxspeed" v="40"/>
		<tag k="name" v="Östra Strandgatan"/>
		<tag k="oneway" v="yes"/>
		<tag k="surface" v="asphalt"/>
	</way>
	<way id="23866965" version="15" timestamp="2023-04-16T15:18:14Z" changeset="0">
		<nd ref="258692386"/>
		<nd ref="945982936"/>
		<tag k="highway" v="secondary"/>
		<tag k="lanes" v="2"/>
		<tag k="maxspeed" v="40"/>
		<tag k="name" v="Munksjögatan"/>
		<tag k="surface" v="asphalt"/>
	</way>
	<way id="27659282" version="10" timestamp="2021-11-05T10:10:52Z" changeset="0">
		<nd ref="398207994"/>
		<nd ref="254842447"/>
		<nd ref="254842681"/>
		<nd ref="254843044"/>
		<nd ref="8997133079"/>
		<nd ref="8997133076"/>
		<nd ref="254840387"/>
		<tag k="highway" v="residential"/>
		<tag k="lit" v="yes"/>
		<tag k="maxspeed" v="40"/>
		<tag k="name" v="Skolgatan"/>
		<tag k="oneway" v="yes"/>
		<tag k="surface" v="asphalt"/>
	</way>
	<way id="27659404" version="11" timestamp="2022-08-25T08:09:02Z" changeset="0">
		<nd ref="8696210376"/>
		<nd ref="1989017516"/>
		<nd ref="1680993615"/>
		<nd ref="9022029214"/>
		<nd ref="8290402027"/>
		<nd ref="1680993620"/>
		<tag k="highway" v="residential"/>
		<tag k="lane_markings" v="no"/>
		<tag k="lit" v="yes"/>
		<tag k="maxspeed" v="40"/>
		<tag k="name" v="Vallgatan"/>
		<tag k="surface" v="asphalt"/>
	</way>
	<way id="27664780" version="7" timestamp="2018-10-02T06:41:46Z" changeset="0">
		<nd ref="254843264"/>
		<nd ref="254843212"/>
		<tag k="highway" v="residential"/>
		<tag k="lit" v="yes"/>
		<tag k="maxspeed" v="40"/>
		<tag k="name" v="Halle Persgatan"/>
		<tag k="surface" v="asphalt"/>
	</way>
	<way id="27664981" version="6" timestamp="2022-10-18T13:03:06Z" changeset="0">
		<nd ref="26347319"/>
		<nd ref="10111335515"/>
		<nd ref="10107912814"/>
		<nd ref="8700483387"/>
		<tag k="highway" v="residential"/>
		<tag k="maxspeed" v="40"/>
		<tag k="name" v="Sankt Pedersgatan"/>
	</way>
	<way id="28471850" version="4" timestamp="2022-10-17T06:45:07Z" changeset="0">
		<nd ref="254843354"/>
		<nd ref="10107959747"/>
		<nd ref="254843355"/>
		<tag k="highway" v="residential"/>
		<tag k="maxspeed" v="40"/>
		<tag k="name" v="Pilgatan"/>
		<tag k="surface" v="asphalt"/>
	</way>
	<way id="28706217" version="7" timestamp="2021-03-19T22:42:26Z" changeset="0">
		<nd ref="254850421"/>
		<nd ref="1240022085"/>
		<nd ref="254851352"/>
		<nd ref="307783700"/>
		<nd ref="1240022101"/>
		<nd ref="115471"/>
		<tag k="access:backward" v="no"/>
		<tag k="highway" v="residential"/>
		<tag k="lanes" v="2"/>
		<tag k="maxspeed" v="30"/>
		<tag k="name" v="Slottsgatan"/>
		<tag k="psv:backward" v="yes"/>
		<tag k="surface" v="asphalt"/>
	</way>
	<way id="28716808" version="22" timestamp="2025-08-23T18:30:21Z" changeset="0">
		<nd ref="250182858"/>
		<nd ref="249439735"/>
		<nd ref="1766009617"/>
		<nd ref="249439910"/>
		<nd ref="10108608768"/>
		<nd ref="3235199699"/>
		<nd ref="5312115856"/>
		<nd ref="249439914"/>
		<nd ref="254760504"/>
		<nd ref="8333378734"/>
		<nd ref="249439917"/>
		<nd ref="249589007"/>
		<nd ref="8333378748"/>
		<nd ref="8439412572"/>
		<nd ref="8333378747"/>
		<nd ref="249439918"/>
		<nd ref="254833583"/>
		<nd ref="254832625"/>
		<nd ref="254833409"/>
		<nd ref="8827338681"/>
		<nd ref="10130285883"/>
		<nd ref="3235199707"/>
		<nd ref="249439921"/>
		<nd ref="254832879"/>
		<nd ref="254833027"/>
		<nd ref="12758525233"/>
		<nd ref="303828815"/>
		<tag k="highway" v="tertiary"/>
		<tag k="lit" v="yes"/>
		<tag k="maxspeed" v="40"/>
		<tag k="name" v="Klostergatan"/>
	</way>
	<way id="28716809" version="13" timestamp="2025-08-23T14:51:02Z" changeset="0">
		<nd ref="250182858"/>
		<nd ref="249508462"/>
		<nd ref="12878676423"/>
		<nd ref="254842897"/>
		<tag k="cycleway:left" v="no"/>
		<tag k="cycleway:right" v="separate"/>
		<tag k="highway" v="tertiary"/>
		<tag k="lanes" v="2"/>
		<tag k="maxspeed" v="40"/>
		<tag k="name" v="Kungsgatan"/>
		<tag k="oneway" v="yes"/>
		<tag k="ref" v="F 683"/>
		<tag k="reg_ref" v="683"/>
		<tag k="surface" v="asphalt"/>
	</way>
	<way id="28716810" version="13" timestamp="2025-08-23T14:51:46Z" changeset="0">
		<nd ref="249439735"/>
		<nd ref="254832525"/>
		<nd ref="249580472"/>
		<nd ref="1766009585"/>
		<nd ref="1507746894"/>
		<nd ref="8245914078"/>
		<nd ref="8245914076"/>
		<nd ref="8245914077"/>
		<nd ref="249591125"/>
		<tag k="cycleway:left" v="no"/>
		<tag k="cycleway:right" v="separate"/>
		<tag k="highway" v="tertiary"/>
		<tag k="lanes" v="2"/>
		<tag k="maxspeed" v="40"/>
		<tag k="name" v="Kungsgatan"/>
		<tag k="oneway" v="yes"/>
		<tag k="ref" v="F 683"/>
		<tag k="reg_ref" v="683"/>
		<tag k="surface" v="asphalt"/>
	</way>
	<way id="30997672" version="7" timestamp="2021-01-05T11:57:44Z" changeset="0">
		<nd ref="254841657"/>
		<nd ref="8290402026"/>
		<nd ref="1989017519"/>
		<nd ref="8293274926"/>
		<nd ref="254841656"/>
		<tag k="highway" v="residential"/>
		<tag k="lit" v="yes"/>
		<tag k="maxspeed" v="40"/>
		<tag k="name" v="Residensgatan"/>
		<tag k="surface" v="asphalt"/>
	</way>
	<way id="31233566" version="6" timestamp="2022-10-17T12:28:46Z" changeset="0">
		<nd ref="254832501"/>
		<nd ref="10108544082"/>
		<nd ref="1766009611"/>
		<nd ref="254832525"/>
		<tag k="highway" v="residential"/>
		<tag k="lit" v="yes"/>
		<tag k="maxspeed" v="40"/>
		<tag k="name" v="Berzeliigatan"/>
		<tag k="oneway" v="yes"/>
		<tag k="surface" v="asphalt"/>
	</way>
	<way id="31471614" version="7" timestamp="2025-08-24T17:17:47Z" changeset="0">
		<nd ref="315728651"/>
		<nd ref="315728652"/>
		<nd ref="254842799"/>
		<tag k="cycleway:left" v="no"/>
		<tag k="cycleway:right" v="separate"/>
		<tag k="highway" v="residential"/>
		<tag k="lit" v="yes"/>
		<tag k="maxspeed" v="40"/>
		<tag k="name" v="Fabriksgatan"/>
		<tag k="oneway" v="yes"/>
		<tag k="surface" v="asphalt"/>
	</way>
	<way id="31471848" version="6" timestamp="2018-10-02T06:45:44Z" changeset="0">
		<nd ref="254845844"/>
		<nd ref="254840881"/>
		<tag k="highway" v="residential"/>
		<tag k="maxspeed" v="40"/>
		<tag k="name" v="Lasarettsgatan"/>
		<tag k="oneway" v="yes"/>
		<tag k="surface" v="asphalt"/>
	</way>
	<way id="31472498" version="8" timestamp="2021-02-16T09:27:43Z" changeset="0">
		<nd ref="398207994"/>
		<nd ref="303780766"/>
		<nd ref="8428274009"/>
		<nd ref="8428274001"/>
		<nd ref="251665085"/>
		<tag k="highway" v="residential"/>
		<tag k="maxspeed" v="40"/>
		<tag k="name" v="Skolgatan"/>
		<tag k="oneway" v="yes"/>
		<tag k="surface" v="asphalt"/>
	</way>
	<way id="31518627" version="7" timestamp="2021-02-16T09:27:43Z" changeset="0">
		<nd ref="254842681"/>
		<nd ref="8428274005"/>
		<nd ref="254842680"/>
		<nd ref="2215219605"/>
		<nd ref="133541"/>
		<tag k="highway" v="residential"/>
		<tag k="lit" v="yes"/>
		<tag k="maxspeed" v="40"/>
		<tag k="name" v="Trädgårdsgatan"/>
		<tag k="oneway" v="yes"/>
		<tag k="surface" v="asphalt"/>
	</way>
	<way id="31576226" version="6" timestamp="2025-08-24T17:18:09Z" changeset="0">
		<nd ref="254842705"/>
		<nd ref="353315927"/>
		<nd ref="133541"/>
		<tag k="cycleway:both" v="no"/>
		<tag k="highway" v="residential"/>
		<tag k="lit" v="yes"/>
		<tag k="maxspeed" v="40"/>
		<tag k="name" v="Trädgårdsgatan"/>
		<tag k="oneway" v="yes"/>
		<tag k="surface" v="asphalt"/>
	</way>
	<way id="31576407" version="7" timestamp="2025-08-24T17:18:19Z" changeset="0">
		<nd ref="254842403"/>
		<nd ref="254842404"/>
		<tag k="cycleway:both" v="no"/>
		<tag k="highway" v="residential"/>
		<tag k="lit" v="yes"/>
		<tag k="maxspeed" v="40"/>
		<tag k="name" v="Västgötagatan"/>
		<tag k="oneway" v="yes"/>
		<tag k="surface" v="asphalt"/>
	</way>
	<way id="31576436" version="12" timestamp="2023-01-19T12:29:12Z" changeset="0">
		<nd ref="254842447"/>
		<nd ref="8428274007"/>
		<nd ref="254842402"/>
		<nd ref="393401280"/>
		<tag k="highway" v="residential"/>
		<tag k="lane_markings" v="no"/>
		<tag k="lit" v="yes"/>
		<tag k="maxspeed" v="40"/>
		<tag k="name" v="Västgötagatan"/>
		<tag k="surface" v="asphalt"/>
	</way>
	<way id="32020285" version="12" timestamp="2025-08-24T17:17:53Z" changeset="0">
		<nd ref="254840544"/>
		<nd ref="315728608"/>
		<nd ref="10108318247"/>
		<nd ref="2215240078"/>
		<nd ref="315728652"/>
		<nd ref="353315927"/>
		<nd ref="254842404"/>
		<nd ref="359167757"/>
		<tag k="cycleway:both" v="no"/>
		<tag k="highway" v="residential"/>
		<tag k="lit" v="yes"/>
		<tag k="maxspeed" v="40"/>
		<tag k="name" v="Oxtorgsgatan"/>
		<tag k="oneway" v="yes"/>
		<tag k="surface" v="sett"/>
	</way>
	<way id="32724908" version="8" timestamp="2021-10-05T09:08:00Z" changeset="0">
		<nd ref="254840538"/>
		<nd ref="9147820534"/>
		<tag k="highway" v="residential"/>
		<tag k="lit" v="yes"/>
		<tag k="maxspeed" v="40"/>
		<tag k="name" v="Verkstadsgatan"/>
		<tag k="surface" v="asphalt"/>
	</way>
	<way id="34307506" version="13" timestamp="2025-03-02T13:29:40Z" changeset="0">
		<nd ref="254840538"/>
		<nd ref="8290424884"/>
		<nd ref="8290424888"/>
		<nd ref="8290424886"/>
		<nd ref="9147820542"/>
		<nd ref="1766009704"/>
		<nd ref="254840540"/>
		<nd ref="12630238378"/>
		<nd ref="315728787"/>
		<nd ref="359167757"/>
		<tag k="cycleway:both" v="no"/>
		<tag k="highway" v="residential"/>
		<tag k="lane_markings" v="no"/>
		<tag k="lit" v="yes"/>
		<tag k="maxspeed" v="40"/>
		<tag k="name" v="Oxtorgsgatan"/>
		<tag k="sidewalk" v="both"/>
		<tag k="surface" v="asphalt"/>
	</way>
	<way id="34477630" version="7" timestamp="2024-07-22T14:44:31Z" changeset="0">
		<nd ref="254845843"/>
		<nd ref="11519476952"/>
		<nd ref="11504192919"/>
		<nd ref="254842799"/>
		<tag k="highway" v="residential"/>
		<tag k="lit" v="yes"/>
		<tag k="maxspeed" v="40"/>
		<tag k="name" v="Fabriksgatan"/>
		<tag k="oneway" v="yes"/>
		<tag k="surface" v="asphalt"/>
	</way>
	<way id="34477631" version="7" timestamp="2024-07-22T14:44:31Z" changeset="0">
		<nd ref="254845844"/>
		<nd ref="9022323423"/>
		<nd ref="2215240041"/>
		<nd ref="254845843"/>
		<tag k="highway" v="residential"/>
		<tag k="lit" v="yes"/>
		<tag k="maxspeed" v="40"/>
		<tag k="name" v="Lasarettsgatan"/>
		<tag k="surface" v="asphalt"/>
	</way>
	<way id="34480759" version="6" timestamp="2018-09-01T21:23:57Z" changeset="0">
		<nd ref="254840387"/>
		<nd ref="398207988"/>
		<tag k="highway" v="residential"/>
		<tag k="lit" v="yes"/>
		<tag k="maxspeed" v="40"/>
		<tag k="name" v="Skolgatan"/>
		<tag k="oneway" v="yes"/>
		<tag k="surface" v="asphalt"/>
	</way>
	<way id="34480761" version="12" timestamp="2023-11-27T13:57:57Z" changeset="0">
		<nd ref="254842309"/>
		<nd ref="2215219600"/>
		<nd ref="398207995"/>
		<nd ref="8428274004"/>
		<nd ref="398207994"/>
		<nd ref="254842307"/>
		<nd ref="254842354"/>
		<nd ref="1766009771"/>
		<nd ref="398207991"/>
		<tag k="highway" v="residential"/>
		<tag k="lane_markings" v="no"/>
		<tag k="lit" v="yes"/>
		<tag k="maxspeed" v="40"/>
		<tag k="name" v="Barnarpsgatan"/>
		<tag k="oneway" v="yes"/>
		<tag k="surface" v="asphalt"/>
		<tag k="width" v="4"/>
	</way>
	<way id="36479788" version="9" timestamp="2022-10-30T16:48:14Z" changeset="0">
		<nd ref="251124076"/>
		<nd ref="9010215804"/>
		<nd ref="115441"/>
		<nd ref="10140348113"/>
		<nd ref="254841357"/>
		<tag k="highway" v="tertiary"/>
		<tag k="maxspeed" v="40"/>
		<tag k="name" v="Parkgatan"/>
		<tag k="surface" v="asphalt"/>
	</way>
	<way id="38436658" version="8" timestamp="2023-04-16T15:18:14Z" changeset="0">
		<nd ref="34924194"/>
		<nd ref="157681905"/>
		<nd ref="8538987759"/>
		<nd ref="8538987758"/>
		<nd ref="8538987757"/>
		<nd ref="454409271"/>
		<tag k="highway" v="secondary"/>
		<tag k="lanes" v="2"/>
		<tag k="maxspeed" v="40"/>
		<tag k="name" v="Munksjögatan"/>
		<tag k="oneway" v="yes"/>
		<tag k="surface" v="asphalt"/>
	</way>
	<way id="38438211" version="12" timestamp="2025-09-26T17:52:20Z" changeset="0">
		<nd ref="26347322"/>
		<nd ref="10678690534"/>
		<nd ref="12873575544"/>
		<nd ref="13173932706"/>
		<nd ref="441806778"/>
		<tag k="access" v="no"/>
		<tag k="bicycle" v="yes"/>
		<tag k="foot" v="yes"/>
		<tag k="highway" v="residential"/>
		<tag k="maxspeed" v="30"/>
		<tag k="name" v="Västra Storgatan"/>
		<tag k="psv" v="yes"/>
		<tag k="surface" v="asphalt"/>
	</way>
	<way id="39003145" version="12" timestamp="2024-12-26T16:33:14Z" changeset="0">
		<nd ref="254841448"/>
		<nd ref="9014324284"/>
		<nd ref="26347329"/>
		<nd ref="9120014807"/>
		<nd ref="251124080"/>
		<nd ref="951536724"/>
		<nd ref="1766009759"/>
		<nd ref="26347330"/>
		<tag k="highway" v="tertiary"/>
		<tag k="lane_markings" v="no"/>
		<tag k="maxspeed" v="40"/>
		<tag k="name" v="Järnvägsgatan"/>
		<tag k="oneway" v="yes"/>
		<tag k="surface" v="asphalt"/>
	</way>
	<way id="39021880" version="10" timestamp="2025-04-16T18:26:30Z" changeset="0">
		<nd ref="465227623"/>
		<nd ref="9402581999"/>
		<nd ref="465227624"/>
		<nd ref="9402571482"/>
		<nd ref="12760316707"/>
		<nd ref="3122752772"/>
		<nd ref="465222817"/>
		<nd ref="465227657"/>
		<tag k="highway" v="unclassified"/>
		<tag k="maxspeed" v="40"/>
		<tag k="name" v="Svavelsticksgränd"/>
		<tag k="surface" v="asphalt"/>
	</way>
	<way id="39021882" version="9" timestamp="2021-08-16T13:27:31Z" changeset="0">
		<nd ref="2086934412"/>
		<nd ref="9010332553"/>
		<nd ref="9010332552"/>
		<nd ref="9010332551"/>
		<nd ref="8391147492"/>
		<nd ref="2086934406"/>
		<nd ref="9010332560"/>
		<nd ref="8391147491"/>
		<nd ref="9010332557"/>
		<nd ref="8391147490"/>
		<nd ref="8391147489"/>
		<nd ref="8391147508"/>
		<nd ref="9010332558"/>
		<nd ref="8391147509"/>
		<nd ref="9010332559"/>
		<nd ref="2086934408"/>
		<nd ref="9010332550"/>
		<nd ref="465227638"/>
		<nd ref="9010332549"/>
		<nd ref="2086934412"/>
		<nd ref="9010332554"/>
		<nd ref="465227640"/>
		<nd ref="9010332555"/>
		<nd ref="8391172828"/>
		<nd ref="9010332556"/>
		<nd ref="8391147493"/>
		<nd ref="2086934411"/>
		<tag k="highway" v="service"/>
		<tag k="service" v="parking_aisle"/>
		<tag k="surface" v="asphalt"/>
	</way>
	<way id="41899280" version="6" timestamp="2018-05-31T09:04:14Z" changeset="0">
		<nd ref="518565604"/>
		<nd ref="518565607"/>
		<tag k="highway" v="tertiary"/>
		<tag k="maxspeed" v="40"/>
		<tag k="name" v="Kungsgatan"/>
		<tag k="oneway" v="yes"/>
		<tag k="ref" v="F 670"/>
		<tag k="reg_ref" v="670"/>
		<tag k="surface" v="paved"/>
	</way>
	<way id="41899281" version="6" timestamp="2018-05-31T09:04:14Z" changeset="0">
		<nd ref="518565605"/>
		<nd ref="518565606"/>
		<nd ref="518565607"/>
		<tag k="highway" v="tertiary"/>
		<tag k="maxspeed" v="40"/>
		<tag k="oneway" v="yes"/>
		<tag k="ref" v="F 683"/>
		<tag k="reg_ref" v="683"/>
		<tag k="surface" v="paved"/>
	</way>
	<way id="41899282" version="9" timestamp="2025-08-23T14:51:52Z" changeset="0">
		<nd ref="518565607"/>
		<nd ref="12878676424"/>
		<nd ref="133552"/>
		<nd ref="254842898"/>
		<tag k="cycleway:left" v="no"/>
		<tag k="cycleway:right" v="separate"/>
		<tag k="highway" v="tertiary"/>
		<tag k="lanes" v="2"/>
		<tag k="maxspeed" v="40"/>
		<tag k="name" v="Kungsgatan"/>
		<tag k="oneway" v="yes"/>
		<tag k="ref" v="F 683"/>
		<tag k="reg_ref" v="683"/>
		<tag k="surface" v="paved"/>
	</way>
	<way id="41899283" version="8" timestamp="2021-08-03T09:58:30Z" changeset="0">
		<nd ref="249508500"/>
		<nd ref="133549"/>
		<nd ref="303743181"/>
		<nd ref="8976765213"/>
		<nd ref="8976765212"/>
		<nd ref="8976765211"/>
		<nd ref="254776056"/>
		<nd ref="534691338"/>
		<nd ref="133558"/>
		<tag k="highway" v="tertiary"/>
		<tag k="maxspeed" v="40"/>
		<tag k="name" v="Åsenvägen"/>
		<tag k="oneway" v="yes"/>
		<tag k="ref" v="F 683"/>
		<tag k="reg_ref" v="683"/>
		<tag k="surface" v="paved"/>
	</way>
	<way id="42161448" version="7" timestamp="2021-03-20T16:05:01Z" changeset="0">
		<nd ref="454409271"/>
		<nd ref="8538987781"/>
		<nd ref="302044355"/>
		<nd ref="8538987780"/>
		<nd ref="250177919"/>
		<nd ref="8538987779"/>
		<nd ref="579738200"/>
		<nd ref="8538987778"/>
		<nd ref="34924196"/>
		<nd ref="8538987777"/>
		<nd ref="579738201"/>
		<nd ref="8538987776"/>
		<nd ref="302044410"/>
		<nd ref="8538987775"/>
		<nd ref="250177916"/>
		<nd ref="8538987774"/>
		<nd ref="8538987785"/>
		<nd ref="302044411"/>
		<nd ref="8538987784"/>
		<nd ref="115465"/>
		<nd ref="8538987770"/>
		<nd ref="579738202"/>
		<nd ref="8538987773"/>
		<nd ref="250177911"/>
		<nd ref="8538987772"/>
		<nd ref="1766009615"/>
		<nd ref="34924197"/>
		<nd ref="257071054"/>
		<nd ref="8538987771"/>
		<nd ref="250177913"/>
		<nd ref="8538987769"/>
		<nd ref="8538987783"/>
		<nd ref="302044490"/>
		<nd ref="8538987782"/>
		<nd ref="454409271"/>
		<tag k="highway" v="secondary"/>
		<tag k="junction" v="roundabout"/>
		<tag k="lanes" v="2"/>
		<tag k="maxspeed" v="40"/>
		<tag k="name" v="Teaterrondellen"/>
		<tag k="surface" v="asphalt"/>
	</way>
	<way id="42682314" version="5" timestamp="2020-04-23T10:26:22Z" changeset="0">
		<nd ref="533747281"/>
		<nd ref="115439"/>
		<tag k="highway" v="tertiary"/>
		<tag k="maxspeed" v="40"/>
		<tag k="name" v="Norra Strandgatan"/>
		<tag k="surface" v="paved"/>
	</way>
	<way id="45494495" version="16" timestamp="2023-12-31T13:55:29Z" changeset="0">
		<nd ref="6276561160"/>
		<nd ref="8539069523"/>
		<nd ref="8539069524"/>
		<nd ref="257070898"/>
		<nd ref="115473"/>
		<tag k="highway" v="secondary"/>
		<tag k="lanes" v="2"/>
		<tag k="maxspeed" v="40"/>
		<tag k="name" v="Östra Strandgatan"/>
		<tag k="surface" v="asphalt"/>
	</way>
	<way id="53179241" version="6" timestamp="2021-01-04T16:53:06Z" changeset="0">
		<nd ref="672918958"/>
		<nd ref="1653002010"/>
		<nd ref="8290345173"/>
		<nd ref="249580712"/>
		<tag k="highway" v="residential"/>
		<tag k="lit" v="yes"/>
		<tag k="maxspeed" v="40"/>
		<tag k="name" v="Vallgatan"/>
		<tag k="surface" v="asphalt"/>
	</way>
	<way id="69078350" version="3" timestamp="2024-12-26T16:33:16Z" changeset="0">
		<nd ref="828824227"/>
		<nd ref="828824229"/>
		<nd ref="828824230"/>
		<nd ref="828824231"/>
		<nd ref="828824233"/>
		<nd ref="828824234"/>
		<nd ref="828824235"/>
		<nd ref="828824236"/>
		<nd ref="828824237"/>
		<nd ref="828824238"/>
		<tag k="highway" v="service"/>
		<tag k="maxspeed" v="40"/>
		<tag k="oneway" v="yes"/>
		<tag k="surface" v="paving_stones"/>
	</way>
	<way id="69078352" version="7" timestamp="2025-07-08T06:26:54Z" changeset="0">
		<nd ref="6546910277"/>
		<nd ref="6546910276"/>
		<nd ref="828824256"/>
		<nd ref="828824257"/>
		<nd ref="828824258"/>
		<nd ref="6546910275"/>
		<nd ref="828824259"/>
		<nd ref="828824260"/>
		<nd ref="828824262"/>
		<nd ref="828824263"/>
		<nd ref="828824264"/>
		<nd ref="828824265"/>
		<nd ref="828824266"/>
		<nd ref="8327046879"/>
		<nd ref="6546910274"/>
		<nd ref="6546910278"/>
		<nd ref="8327046878"/>
		<nd ref="6546910277"/>
		<tag k="highway" v="service"/>
		<tag k="maxspeed" v="30"/>
		<tag k="oneway" v="yes"/>
		<tag k="service" v="parking_aisle"/>
		<tag k="surface" v="asphalt"/>
	</way>
	<way id="81180662" version="7" timestamp="2025-08-23T09:39:49Z" changeset="0">
		<nd ref="945982927"/>
		<nd ref="8541224891"/>
		<nd ref="945982923"/>
		<nd ref="8541224892"/>
		<nd ref="9057913691"/>
		<nd ref="945982930"/>
		<nd ref="945982934"/>
		<nd ref="945982925"/>
		<nd ref="945982950"/>
		<nd ref="3156475931"/>
		<nd ref="3156475932"/>
		<nd ref="3156475933"/>
		<nd ref="9057913690"/>
		<nd ref="3156475934"/>
		<nd ref="3156475936"/>
		<nd ref="3156475941"/>
		<nd ref="8292704523"/>
		<nd ref="8292704524"/>
		<nd ref="3156475943"/>
		<tag k="cycleway:both" v="no"/>
		<tag k="highway" v="residential"/>
		<tag k="maxspeed" v="40"/>
		<tag k="name" v="Pylongatan"/>
		<tag k="surface" v="asphalt"/>
	</way>
	<way id="81180665" version="7" timestamp="2021-03-20T16:05:01Z" changeset="0">
		<nd ref="945982944"/>
		<nd ref="945982913"/>
		<nd ref="8538987763"/>
		<nd ref="4036879005"/>
		<nd ref="945982951"/>
		<nd ref="8538987762"/>
		<nd ref="8538987761"/>
		<nd ref="945982941"/>
		<nd ref="945982931"/>
		<tag k="highway" v="secondary_link"/>
		<tag k="lanes" v="1"/>
		<tag k="maxspeed" v="40"/>
		<tag k="oneway" v="yes"/>
		<tag k="surface" v="asphalt"/>
	</way>
	<way id="81180666" version="12" timestamp="2025-08-23T09:39:47Z" changeset="0">
		<nd ref="945982914"/>
		<nd ref="945982920"/>
		<nd ref="945982926"/>
		<nd ref="8541224857"/>
		<nd ref="945982942"/>
		<nd ref="945982933"/>
		<nd ref="945982912"/>
		<nd ref="945982949"/>
		<nd ref="8538987755"/>
		<nd ref="8538987756"/>
		<nd ref="6546896823"/>
		<nd ref="945982927"/>
		<tag k="cycleway:both" v="no"/>
		<tag k="highway" v="residential"/>
		<tag k="lit" v="yes"/>
		<tag k="maxspeed" v="40"/>
		<tag k="name" v="Pollaregatan"/>
		<tag k="oneway" v="yes"/>
		<tag k="surface" v="asphalt"/>
	</way>
	<way id="81180670" version="8" timestamp="2023-04-16T15:18:14Z" changeset="0">
		<nd ref="8538987769"/>
		<nd ref="8538987760"/>
		<nd ref="257071055"/>
		<nd ref="945982931"/>
		<tag k="highway" v="secondary"/>
		<tag k="lanes" v="1"/>
		<tag k="maxspeed" v="40"/>
		<tag k="name" v="Munksjögatan"/>
		<tag k="oneway" v="yes"/>
		<tag k="surface" v="asphalt"/>
	</way>
	<way id="81180677" version="5" timestamp="2025-08-23T12:12:58Z" changeset="0">
		<nd ref="945982939"/>
		<nd ref="13092406469"/>
		<nd ref="945982914"/>
		<nd ref="945982950"/>
		<tag k="cycleway:both" v="no"/>
		<tag k="highway" v="residential"/>
		<tag k="maxspeed" v="40"/>
		<tag k="name" v="Pelargatan"/>
		<tag k="surface" v="asphalt"/>
	</way>
	<way id="81180678" version="7" timestamp="2023-04-16T15:18:14Z" changeset="0">
		<nd ref="945982944"/>
		<nd ref="8538987764"/>
		<nd ref="8538987765"/>
		<nd ref="8538987766"/>
		<nd ref="8538987767"/>
		<nd ref="8538987768"/>
		<nd ref="8538987771"/>
		<tag k="highway" v="secondary"/>
		<tag k="lanes" v="1"/>
		<tag k="maxspeed" v="40"/>
		<tag k="name" v="Östra Strandgatan"/>
		<tag k="oneway" v="yes"/>
		<tag k="surface" v="asphalt"/>
	</way>
	<way id="81646266" version="5" timestamp="2016-11-20T14:13:18Z" changeset="0">
		<nd ref="951536709"/>
		<nd ref="1766009751"/>
		<nd ref="951536705"/>
		<nd ref="951536713"/>
		<nd ref="951536727"/>
		<nd ref="951536710"/>
		<tag k="access" v="no"/>
		<tag k="highway" v="service"/>
		<tag k="maxspeed" v="40"/>
		<tag k="oneway" v="yes"/>
		<tag k="psv" v="yes"/>
	</way>
	<way id="81646267" version="8" timestamp="2021-11-13T05:00:08Z" changeset="0">
		<nd ref="26347330"/>
		<nd ref="1766009769"/>
		<nd ref="9247481086"/>
		<nd ref="951536712"/>
		<nd ref="951536704"/>
		<tag k="access" v="no"/>
		<tag k="highway" v="service"/>
		<tag k="maxspeed" v="40"/>
		<tag k="oneway" v="yes"/>
		<tag k="psv" v="yes"/>
	</way>
	<way id="81646268" version="7" timestamp="2023-11-10T10:19:53Z" changeset="0">
		<nd ref="951536724"/>
		<nd ref="1766009747"/>
		<nd ref="951536725"/>
		<nd ref="951536710"/>
		<nd ref="951536703"/>
		<nd ref="951536718"/>
		<nd ref="951536725"/>
		<tag k="highway" v="service"/>
		<tag k="lit" v="yes"/>
		<tag k="maxspeed" v="40"/>
		<tag k="surface" v="asphalt"/>
	</way>
	<way id="81646269" version="5" timestamp="2024-12-26T16:33:14Z" changeset="0">
		<nd ref="951536725"/>
		<nd ref="951536717"/>
		<nd ref="951536714"/>
		<nd ref="1471039358"/>
		<nd ref="1471039363"/>
		<tag k="highway" v="service"/>
		<tag k="maxspeed" v="40"/>
		<tag k="surface" v="asphalt"/>
	</way>
	<way id="108009668" version="1" timestamp="2011-04-10T16:34:45Z" changeset="0">
		<nd ref="1240022084"/>
		<nd ref="1240022239"/>
		<tag k="highway" v="service"/>
		<tag k="service" v="parking_aisle"/>
		<tag k="surface" v="asphalt"/>
	</way>
	<way id="108009669" version="6" timestamp="2024-12-18T16:15:40Z" changeset="0">
		<nd ref="1240022259"/>
		<nd ref="12431148938"/>
		<nd ref="12122552285"/>
		<nd ref="1240022228"/>
		<tag k="highway" v="residential"/>
		<tag k="lit" v="yes"/>
		<tag k="maxspeed" v="40"/>
		<tag k="name" v="Skolgatan"/>
		<tag k="surface" v="asphalt"/>
	</way>
	<way id="108009672" version="5" timestamp="2023-10-23T20:24:51Z" changeset="0">
		<nd ref="1240022173"/>
		<nd ref="11284626105"/>
		<nd ref="11284626106"/>
		<nd ref="3122752774"/>
		<nd ref="1240022137"/>
		<nd ref="1240022249"/>
		<nd ref="1240022267"/>
		<nd ref="9835590678"/>
		<nd ref="1240022114"/>
		<tag k="highway" v="service"/>
		<tag k="service" v="parking_aisle"/>
		<tag k="surface" v="asphalt"/>
	</way>
	<way id="108009673" version="1" timestamp="2011-04-10T16:34:45Z" changeset="0">
		<nd ref="1240022221"/>
		<nd ref="1240022103"/>
		<tag k="highway" v="service"/>
		<tag k="service" v="parking_aisle"/>
		<tag k="surface" v="asphalt"/>
	</way>
	<way id="108009677" version="1" timestamp="2011-04-10T16:34:46Z" changeset="0">
		<nd ref="1240022063"/>
		<nd ref="1240022253"/>
		<tag k="highway" v="service"/>
		<tag k="service" v="parking_aisle"/>
		<tag k="surface" v="asphalt"/>
	</way>
	<way id="108009680" version="1" timestamp="2011-04-10T16:34:46Z" changeset="0">
		<nd ref="1240022137"/>
		<nd ref="1240022206"/>
		<nd ref="1240022221"/>
		<nd ref="1240022063"/>
		<nd ref="1240022084"/>
		<nd ref="1240022156"/>
		<nd ref="1240022177"/>
		<tag k="highway" v="service"/>
		<tag k="service" v="parking_aisle"/>
		<tag k="surface" v="asphalt"/>
	</way>
	<way id="132270198" version="5" timestamp="2022-01-08T15:03:16Z" changeset="0">
		<nd ref="465227657"/>
		<nd ref="465227625"/>
		<nd ref="9402571484"/>
		<nd ref="465227626"/>
		<tag k="highway" v="unclassified"/>
		<tag k="maxspeed" v="40"/>
		<tag k="name" v="Svavelsticksgränd"/>
		<tag k="surface" v="asphalt"/>
	</way>
	<way id="133411906" version="3" timestamp="2022-01-08T15:03:16Z" changeset="0">
		<nd ref="465227626"/>
		<nd ref="9402571483"/>
		<nd ref="465227627"/>
		<nd ref="465227628"/>
		<nd ref="465227629"/>
		<tag k="access" v="no"/>
		<tag k="bicycle" v="yes"/>
		<tag k="foot" v="yes"/>
		<tag k="highway" v="unclassified"/>
		<tag k="maxspeed" v="40"/>
		<tag k="name" v="Svavelsticksgränd"/>
	</way>
	<way id="133411907" version="6" timestamp="2025-04-16T18:48:48Z" changeset="0">
		<nd ref="465227654"/>
		<nd ref="465227655"/>
		<nd ref="1468620871"/>
		<nd ref="10116396102"/>
		<nd ref="465227656"/>
		<nd ref="12760355005"/>
		<nd ref="465227657"/>
		<tag k="highway" v="unclassified"/>
		<tag k="maxspeed" v="40"/>
		<tag k="name" v="Tändsticksgränd"/>
		<tag k="surface" v="asphalt"/>
	</way>
	<way id="137461560" version="8" timestamp="2021-06-17T21:18:03Z" changeset="0">
		<nd ref="8290422197"/>
		<nd ref="8245900276"/>
		<nd ref="1507746927"/>
		<nd ref="249592106"/>
		<tag k="highway" v="tertiary"/>
		<tag k="maxspeed" v="40"/>
		<tag k="name" v="Gjuterigatan"/>
		<tag k="oneway" v="yes"/>
		<tag k="surface" v="asphalt"/>
	</way>
	<way id="152482273" version="9" timestamp="2025-08-23T09:36:28Z" changeset="0">
		<nd ref="579741565"/>
		<nd ref="1653001996"/>
		<nd ref="11130646640"/>
		<nd ref="8290345174"/>
		<nd ref="8974486462"/>
		<nd ref="11130646641"/>
		<nd ref="1653002006"/>
		<tag k="cycleway:right" v="no"/>
		<tag k="highway" v="unclassified"/>
		<tag k="maxspeed" v="40"/>
		<tag k="motor_vehicle" v="destination"/>
		<tag k="name" v="Hamngatan"/>
		<tag k="oneway" v="yes"/>
		<tag k="surface" v="asphalt"/>
	</way>
	<way id="152482275" version="4" timestamp="2019-05-20T19:48:22Z" changeset="0">
		<nd ref="1653002006"/>
		<nd ref="1653002010"/>
		<tag k="highway" v="service"/>
		<tag k="maxspeed" v="40"/>
	</way>
	<way id="154917393" version="10" timestamp="2024-11-02T20:50:26Z" changeset="0">
		<nd ref="8245914080"/>
		<nd ref="8290345133"/>
		<nd ref="8290330515"/>
		<nd ref="8290330513"/>
		<nd ref="8290330500"/>
		<nd ref="8290330511"/>
		<nd ref="8290330509"/>
		<nd ref="5219451257"/>
		<nd ref="8290345198"/>
		<nd ref="1680993614"/>
		<nd ref="8325249760"/>
		<nd ref="8325249751"/>
		<nd ref="8322225782"/>
		<nd ref="1680993615"/>
		<tag k="highway" v="residential"/>
		<tag k="lit" v="yes"/>
		<tag k="maxspeed" v="40"/>
		<tag k="motor_vehicle" v="destination"/>
		<tag k="name" v="Hamngatan"/>
		<tag k="surface" v="asphalt"/>
	</way>
	<way id="155739377" version="15" timestamp="2023-10-30T14:39:02Z" changeset="0">
		<nd ref="8843118074"/>
		<nd ref="1680993620"/>
		<nd ref="2620931519"/>
		<nd ref="2620931489"/>
		<nd ref="2620931491"/>
		<nd ref="254841657"/>
		<nd ref="2620931512"/>
		<nd ref="9021843176"/>
		<tag k="highway" v="tertiary"/>
		<tag k="maxspeed" v="40"/>
		<tag k="name" v="Skolgatan"/>
		<tag k="source" v="Bing Aerial"/>
		<tag k="surface" v="asphalt"/>
	</way>
	<way id="155739380" version="8" timestamp="2023-04-16T15:18:14Z" changeset="0">
		<nd ref="6546896828"/>
		<nd ref="8976126686"/>
		<nd ref="8976126687"/>
		<nd ref="8976126688"/>
		<nd ref="249592108"/>
		<tag k="highway" v="secondary"/>
		<tag k="maxspeed" v="40"/>
		<tag k="name" v="Munksjögatan"/>
		<tag k="oneway" v="yes"/>
		<tag k="surface" v="asphalt"/>
	</way>
	<way id="155739387" version="7" timestamp="2023-04-16T15:18:14Z" changeset="0">
		<nd ref="115458"/>
		<nd ref="3398461069"/>
		<nd ref="1680993612"/>
		<nd ref="8539069536"/>
		<nd ref="8539069535"/>
		<nd ref="1680993611"/>
		<nd ref="8539069534"/>
		<nd ref="8539069533"/>
		<nd ref="8539069532"/>
		<nd ref="945982939"/>
		<nd ref="945982944"/>
		<tag k="highway" v="secondary"/>
		<tag k="lanes" v="2"/>
		<tag k="maxspeed" v="40"/>
		<tag k="name" v="Östra Strandgatan"/>
		<tag k="oneway" v="yes"/>
		<tag k="source" v="Bing Aerial"/>
		<tag k="surface" v="asphalt"/>
	</way>
	<way id="165020017" version="9" timestamp="2025-08-26T20:34:58Z" changeset="0">
		<nd ref="1766009776"/>
		<nd ref="1766009789"/>
		<tag k="highway" v="corridor"/>
		<tag k="indoor" v="yes"/>
		<tag k="layer" v="2"/>
		<tag k="lit" v="yes"/>
		<tag k="name" v="Juneporten"/>
		<tag k="source" v="survey"/>
		<tag k="surface" v="tiles"/>
	</way>
	<way id="166468087" version="8" timestamp="2023-04-16T15:18:14Z" changeset="0">
		<nd ref="8538987770"/>
		<nd ref="8539069520"/>
		<nd ref="8539069521"/>
		<nd ref="250177927"/>
		<nd ref="945982943"/>
		<nd ref="8539069531"/>
		<nd ref="8539069530"/>
		<nd ref="250177935"/>
		<nd ref="3398461066"/>
		<tag k="highway" v="secondary"/>
		<tag k="lanes" v="2"/>
		<tag k="maxspeed" v="40"/>
		<tag k="name" v="Östra Strandgatan"/>
		<tag k="oneway" v="yes"/>
		<tag k="surface" v="asphalt"/>
	</way>
	<way id="166671248" version="10" timestamp="2025-08-23T09:34:35Z" changeset="0">
		<nd ref="13092109223"/>
		<nd ref="8338196415"/>
		<nd ref="359145116"/>
		<nd ref="8311245886"/>
		<nd ref="1766009632"/>
		<nd ref="1766009647"/>
		<nd ref="1766009660"/>
		<nd ref="8974486457"/>
		<nd ref="1766009668"/>
		<tag k="highway" v="tertiary"/>
		<tag k="lane_markings" v="no"/>
		<tag k="maxspeed" v="40"/>
		<tag k="name" v="Gjuterigatan"/>
		<tag k="surface" v="sett"/>
	</way>
	<way id="166671249" version="7" timestamp="2025-07-27T16:42:20Z" changeset="0">
		<nd ref="951536706"/>
		<nd ref="10140348119"/>
		<nd ref="254842354"/>
		<nd ref="254841358"/>
		<nd ref="10140348121"/>
		<nd ref="254841357"/>
		<tag k="highway" v="tertiary"/>
		<tag k="lanes" v="2"/>
		<tag k="maxspeed" v="40"/>
		<tag k="name" v="Järnvägsgatan"/>
		<tag k="oneway" v="yes"/>
		<tag k="sidewalk:left" v="no"/>
		<tag k="sidewalk:right" v="separate"/>
		<tag k="surface" v="asphalt"/>
	</way>
	<way id="166671250" version="7" timestamp="2021-09-24T11:47:44Z" changeset="0">
		<nd ref="254841357"/>
		<nd ref="686704173"/>
		<nd ref="9120014798"/>
		<nd ref="951536716"/>
		<nd ref="8327046892"/>
		<nd ref="9120014805"/>
		<nd ref="254841355"/>
		<nd ref="9120014806"/>
		<nd ref="254841449"/>
		<nd ref="9014324285"/>
		<nd ref="254841448"/>
		<tag k="highway" v="tertiary"/>
		<tag k="maxspeed" v="40"/>
		<tag k="name" v="Järnvägsgatan"/>
		<tag k="oneway" v="yes"/>
		<tag k="surface" v="paved"/>
	</way>
	<way id="166671251" version="5" timestamp="2025-07-27T16:41:08Z" changeset="0">
		<nd ref="254841357"/>
		<nd ref="26347330"/>
		<tag k="highway" v="tertiary"/>
		<tag k="lane_markings" v="no"/>
		<tag k="maxspeed" v="40"/>
		<tag k="name" v="Parkgatan"/>
		<tag k="sidewalk:both" v="separate"/>
		<tag k="surface" v="asphalt"/>
	</way>
	<way id="166671252" version="3" timestamp="2019-05-20T19:48:50Z" changeset="0">
		<nd ref="951536708"/>
		<nd ref="951536706"/>
		<tag k="access" v="no"/>
		<tag k="highway" v="service"/>
		<tag k="maxspeed" v="40"/>
		<tag k="oneway" v="yes"/>
		<tag k="psv" v="yes"/>
	</way>
	<way id="166671257" version="6" timestamp="2018-05-31T09:04:21Z" changeset="0">
		<nd ref="518565605"/>
		<nd ref="518565604"/>
		<nd ref="256504455"/>
		<tag k="highway" v="tertiary"/>
		<tag k="maxspeed" v="40"/>
		<tag k="name" v="Åsenvägen"/>
		<tag k="oneway" v="yes"/>
		<tag k="ref" v="F 683"/>
		<tag k="reg_ref" v="683"/>
		<tag k="surface" v="paved"/>
	</way>
	<way id="168975974" version="7" timestamp="2025-08-23T14:51:49Z" changeset="0">
		<nd ref="254842898"/>
		<nd ref="249439735"/>
		<tag k="cycleway:left" v="no"/>
		<tag k="cycleway:right" v="separate"/>
		<tag k="highway" v="tertiary"/>
		<tag k="lanes" v="2"/>
		<tag k="maxspeed" v="40"/>
		<tag k="name" v="Kungsgatan"/>
		<tag k="oneway" v="yes"/>
		<tag k="ref" v="F 683"/>
		<tag k="reg_ref" v="683"/>
		<tag k="surface" v="asphalt"/>
	</way>
	<way id="168975993" version="6" timestamp="2022-01-08T14:55:04Z" changeset="0">
		<nd ref="254842979"/>
		<nd ref="9402581977"/>
		<nd ref="1150840044"/>
		<nd ref="9402581975"/>
		<nd ref="26347321"/>
		<tag k="highway" v="unclassified"/>
		<tag k="maxspeed" v="40"/>
		<tag k="name" v="Västra Storgatan"/>
		<tag k="surface" v="asphalt"/>
	</way>
	<way id="198568150" version="7" timestamp="2023-02-19T17:01:48Z" changeset="0">
		<nd ref="2086934405"/>
		<nd ref="10678690531"/>
		<nd ref="10678690529"/>
		<nd ref="9120014802"/>
		<nd ref="2086934400"/>
		<nd ref="2086934399"/>
		<nd ref="3075617818"/>
		<tag k="highway" v="tertiary"/>
		<tag k="lanes" v="2"/>
		<tag k="maxspeed" v="40"/>
		<tag k="name" v="Järnvägsgatan"/>
		<tag k="oneway" v="yes"/>
		<tag k="surface" v="asphalt"/>
	</way>
	<way id="198568152" version="12" timestamp="2023-12-04T15:58:49Z" changeset="0">
		<nd ref="26304693"/>
		<nd ref="8997135672"/>
		<nd ref="8997135673"/>
		<nd ref="2086934424"/>
		<nd ref="8997135674"/>
		<nd ref="2086934422"/>
		<nd ref="8997135671"/>
		<nd ref="8997135675"/>
		<nd ref="2086934420"/>
		<nd ref="8997135676"/>
		<nd ref="2086934418"/>
		<nd ref="8997135677"/>
		<nd ref="3128216402"/>
		<tag k="highway" v="tertiary"/>
		<tag k="junction" v="roundabout"/>
		<tag k="lanes" v="2"/>
		<tag k="maxspeed" v="40"/>
		<tag k="name" v="Junerondellen"/>
		<tag k="placement" v="middle_of:1"/>
		<tag k="surface" v="asphalt"/>
	</way>
	<way id="209309228" version="10" timestamp="2025-09-10T19:47:31Z" changeset="0">
		<nd ref="2195359506"/>
		<nd ref="2195359521"/>
		<tag k="bench" v="yes"/>
		<tag k="bin" v="yes"/>
		<tag k="bus" v="yes"/>
		<tag k="highway" v="platform"/>
		<tag k="lit" v="yes"/>
		<tag k="local_ref" v="18"/>
		<tag k="name" v="18"/>
		<tag k="network" v="Jönköpings Länstrafik"/>
		<tag k="public_transport" v="platform"/>
		<tag k="ref" v="18"/>
		<tag k="shelter" v="yes"/>
		<tag k="tactile_paving" v="no"/>
	</way>
	<way id="209309229" version="10" timestamp="2025-09-10T19:47:31Z" changeset="0">
		<nd ref="2195359519"/>
		<nd ref="2195359534"/>
		<tag k="bench" v="yes"/>
		<tag k="bin" v="yes"/>
		<tag k="bus" v="yes"/>
		<tag k="highway" v="platform"/>
		<tag k="lit" v="yes"/>
		<tag k="local_ref" v="15"/>
		<tag k="name" v="15"/>
		<tag k="network" v="Jönköpings Länstrafik"/>
		<tag k="public_transport" v="platform"/>
		<tag k="ref" v="15"/>
		<tag k="shelter" v="yes"/>
		<tag k="tactile_paving" v="no"/>
	</way>
	<way id="209309230" version="12" timestamp="2025-09-10T19:47:31Z" changeset="0">
		<nd ref="2195359512"/>
		<nd ref="2195359527"/>
		<tag k="bench" v="yes"/>
		<tag k="bin" v="yes"/>
		<tag k="bus" v="yes"/>
		<tag k="highway" v="platform"/>
		<tag k="lit" v="yes"/>
		<tag k="name" v="16"/>
		<tag k="network" v="Jönköpings Länstrafik"/>
		<tag k="public_transport" v="platform"/>
		<tag k="ref" v="16"/>
		<tag k="route_ref" v="Flixbus 601, 602, 606, 607, 611, N32, N601, N602"/>
		<tag k="shelter" v="yes"/>
		<tag k="tactile_paving" v="no"/>
	</way>
	<way id="209309231" version="11" timestamp="2025-09-10T19:47:31Z" changeset="0">
		<nd ref="2195359499"/>
		<nd ref="1471039379"/>
		<tag k="bench" v="yes"/>
		<tag k="bin" v="yes"/>
		<tag k="bus" v="yes"/>
		<tag k="highway" v="platform"/>
		<tag k="lit" v="yes"/>
		<tag k="local_ref" v="22"/>
		<tag k="name" v="22"/>
		<tag k="network" v="Jönköpings Länstrafik"/>
		<tag k="public_transport" v="platform"/>
		<tag k="ref" v="22"/>
		<tag k="shelter" v="yes"/>
		<tag k="tactile_paving" v="no"/>
	</way>
	<way id="209309232" version="10" timestamp="2025-09-10T19:47:31Z" changeset="0">
		<nd ref="2195359516"/>
		<nd ref="2195359535"/>
		<tag k="bench" v="yes"/>
		<tag k="bin" v="yes"/>
		<tag k="bus" v="yes"/>
		<tag k="highway" v="platform"/>
		<tag k="lit" v="no"/>
		<tag k="local_ref" v="14"/>
		<tag k="name" v="14"/>
		<tag k="network" v="Jönköpings Länstrafik"/>
		<tag k="public_transport" v="platform"/>
		<tag k="ref" v="14"/>
		<tag k="shelter" v="yes"/>
		<tag k="tactile_paving" v="no"/>
	</way>
	<way id="209309233" version="7" timestamp="2025-05-05T00:42:25Z" changeset="0">
		<nd ref="2195359487"/>
		<nd ref="2195359496"/>
		<tag k="bench" v="no"/>
		<tag k="bin" v="no"/>
		<tag k="bus" v="yes"/>
		<tag k="highway" v="platform"/>
		<tag k="lit" v="no"/>
		<tag k="name" v="Jönköping Resecentrum"/>
		<tag k="network" v="Jönköpings Länstrafik"/>
		<tag k="note" v="exit only"/>
		<tag k="public_transport" v="platform"/>
		<tag k="shelter" v="no"/>
		<tag k="tactile_paving" v="no"/>
	</way>
	<way id="209309234" version="12" timestamp="2025-09-10T19:47:31Z" changeset="0">
		<nd ref="2195359513"/>
		<nd ref="2195359533"/>
		<tag k="bench" v="yes"/>
		<tag k="bin" v="yes"/>
		<tag k="bus" v="yes"/>
		<tag k="highway" v="platform"/>
		<tag k="lit" v="yes"/>
		<tag k="local_ref" v="13"/>
		<tag k="name" v="13"/>
		<tag k="network" v="Jönköpings Länstrafik"/>
		<tag k="public_transport" v="platform"/>
		<tag k="ref" v="13"/>
		<tag k="shelter" v="yes"/>
		<tag k="tactile_paving" v="no"/>
	</way>
	<way id="209309235" version="10" timestamp="2025-09-10T19:47:31Z" changeset="0">
		<nd ref="2195359515"/>
		<nd ref="2195359529"/>
		<tag k="bench" v="yes"/>
		<tag k="bin" v="yes"/>
		<tag k="bus" v="yes"/>
		<tag k="highway" v="platform"/>
		<tag k="lit" v="yes"/>
		<tag k="local_ref" v="11"/>
		<tag k="name" v="11"/>
		<tag k="network" v="Jönköpings Länstrafik"/>
		<tag k="public_transport" v="platform"/>
		<tag k="ref" v="11"/>
		<tag k="shelter" v="yes"/>
		<tag k="tactile_paving" v="no"/>
	</way>
	<way id="209309236" version="10" timestamp="2025-09-10T19:47:31Z" changeset="0">
		<nd ref="2195359518"/>
		<nd ref="2195359531"/>
		<tag k="bench" v="yes"/>
		<tag k="bin" v="yes"/>
		<tag k="bus" v="yes"/>
		<tag k="highway" v="platform"/>
		<tag k="lit" v="yes"/>
		<tag k="local_ref" v="12"/>
		<tag k="name" v="12"/>
		<tag k="network" v="Jönköpings Länstrafik"/>
		<tag k="public_transport" v="platform"/>
		<tag k="ref" v="12"/>
		<tag k="shelter" v="yes"/>
		<tag k="tactile_paving" v="no"/>
	</way>
	<way id="209309237" version="10" timestamp="2025-09-10T19:47:31Z" changeset="0">
		<nd ref="2195359501"/>
		<nd ref="2195359511"/>
		<tag k="bench" v="yes"/>
		<tag k="bin" v="yes"/>
		<tag k="bus" v="yes"/>
		<tag k="highway" v="platform"/>
		<tag k="lit" v="yes"/>
		<tag k="local_ref" v="20"/>
		<tag k="name" v="20"/>
		<tag k="network" v="Jönköpings Länstrafik"/>
		<tag k="public_transport" v="platform"/>
		<tag k="ref" v="20"/>
		<tag k="shelter" v="yes"/>
		<tag k="tactile_paving" v="no"/>
	</way>
	<way id="209309238" version="10" timestamp="2025-09-10T19:47:31Z" changeset="0">
		<nd ref="2195359509"/>
		<nd ref="2195359523"/>
		<tag k="bench" v="yes"/>
		<tag k="bin" v="yes"/>
		<tag k="bus" v="yes"/>
		<tag k="highway" v="platform"/>
		<tag k="lit" v="yes"/>
		<tag k="local_ref" v="17"/>
		<tag k="name" v="17"/>
		<tag k="network" v="Jönköpings Länstrafik"/>
		<tag k="public_transport" v="platform"/>
		<tag k="ref" v="17"/>
		<tag k="shelter" v="yes"/>
		<tag k="tactile_paving" v="no"/>
	</way>
	<way id="209309239" version="10" timestamp="2025-09-10T19:47:31Z" changeset="0">
		<nd ref="2195359503"/>
		<nd ref="2195359517"/>
		<tag k="bench" v="yes"/>
		<tag k="bin" v="yes"/>
		<tag k="bus" v="yes"/>
		<tag k="highway" v="platform"/>
		<tag k="lit" v="yes"/>
		<tag k="local_ref" v="19"/>
		<tag k="name" v="19"/>
		<tag k="network" v="Jönköpings Länstrafik"/>
		<tag k="public_transport" v="platform"/>
		<tag k="ref" v="19"/>
		<tag k="shelter" v="yes"/>
		<tag k="tactile_paving" v="no"/>
	</way>
	<way id="209309240" version="10" timestamp="2025-09-10T19:47:31Z" changeset="0">
		<nd ref="2195359498"/>
		<nd ref="2195359508"/>
		<tag k="bench" v="yes"/>
		<tag k="bin" v="yes"/>
		<tag k="bus" v="yes"/>
		<tag k="highway" v="platform"/>
		<tag k="lit" v="yes"/>
		<tag k="local_ref" v="21"/>
		<tag k="name" v="21"/>
		<tag k="network" v="Jönköpings Länstrafik"/>
		<tag k="public_transport" v="platform"/>
		<tag k="ref" v="21"/>
		<tag k="shelter" v="yes"/>
		<tag k="tactile_paving" v="no"/>
	</way>
	<way id="209309241" version="5" timestamp="2026-04-02T10:09:24Z" changeset="0">
		<nd ref="951536704"/>
		<nd ref="2195359486"/>
		<nd ref="2195359488"/>
		<nd ref="2195359489"/>
		<nd ref="2195359490"/>
		<nd ref="2195359491"/>
		<nd ref="13701018471"/>
		<nd ref="2195359492"/>
		<tag k="access" v="no"/>
		<tag k="highway" v="service"/>
		<tag k="maxspeed" v="40"/>
		<tag k="psv" v="yes"/>
	</way>
	<way id="209309242" version="2" timestamp="2016-11-20T14:14:10Z" changeset="0">
		<nd ref="2195359504"/>
		<nd ref="2195359486"/>
		<tag k="access" v="no"/>
		<tag k="highway" v="service"/>
		<tag k="maxspeed" v="40"/>
		<tag k="psv" v="yes"/>
	</way>
	<way id="209309243" version="4" timestamp="2026-04-02T10:09:24Z" changeset="0">
		<nd ref="2195359522"/>
		<nd ref="13701018471"/>
		<tag k="access" v="no"/>
		<tag k="highway" v="service"/>
		<tag k="maxspeed" v="40"/>
		<tag k="psv" v="yes"/>
	</way>
	<way id="209309244" version="2" timestamp="2016-11-20T14:14:10Z" changeset="0">
		<nd ref="2195359520"/>
		<nd ref="2195359491"/>
		<tag k="access" v="no"/>
		<tag k="highway" v="service"/>
		<tag k="maxspeed" v="40"/>
		<tag k="psv" v="yes"/>
	</way>
	<way id="209309245" version="2" timestamp="2016-11-20T14:14:10Z" changeset="0">
		<nd ref="2195359524"/>
		<nd ref="2195359502"/>
		<tag k="access" v="no"/>
		<tag k="highway" v="service"/>
		<tag k="maxspeed" v="40"/>
		<tag k="psv" v="yes"/>
	</way>
	<way id="209309246" version="2" timestamp="2016-11-20T14:14:10Z" changeset="0">
		<nd ref="2195359528"/>
		<nd ref="2195359497"/>
		<tag k="access" v="no"/>
		<tag k="highway" v="service"/>
		<tag k="maxspeed" v="40"/>
		<tag k="psv" v="yes"/>
	</way>
	<way id="209309247" version="2" timestamp="2016-11-20T14:14:10Z" changeset="0">
		<nd ref="2195359526"/>
		<nd ref="2195359500"/>
		<tag k="access" v="no"/>
		<tag k="highway" v="service"/>
		<tag k="maxspeed" v="40"/>
		<tag k="psv" v="yes"/>
	</way>
	<way id="209309249" version="2" timestamp="2016-11-20T14:14:11Z" changeset="0">
		<nd ref="2195359514"/>
		<nd ref="2195359490"/>
		<tag k="access" v="no"/>
		<tag k="highway" v="service"/>
		<tag k="maxspeed" v="40"/>
		<tag k="psv" v="yes"/>
	</way>
	<way id="209309250" version="2" timestamp="2016-11-20T14:14:11Z" changeset="0">
		<nd ref="2195359532"/>
		<nd ref="2195359495"/>
		<tag k="access" v="no"/>
		<tag k="highway" v="service"/>
		<tag k="maxspeed" v="40"/>
		<tag k="psv" v="yes"/>
	</way>
	<way id="209309251" version="2" timestamp="2016-11-20T14:14:11Z" changeset="0">
		<nd ref="2195359510"/>
		<nd ref="2195359489"/>
		<tag k="access" v="no"/>
		<tag k="highway" v="service"/>
		<tag k="maxspeed" v="40"/>
		<tag k="psv" v="yes"/>
	</way>
	<way id="209309252" version="2" timestamp="2016-11-20T14:14:11Z" changeset="0">
		<nd ref="2195359507"/>
		<nd ref="2195359488"/>
		<tag k="access" v="no"/>
		<tag k="highway" v="service"/>
		<tag k="maxspeed" v="40"/>
		<tag k="psv" v="yes"/>
	</way>
	<way id="209309254" version="2" timestamp="2016-11-20T14:14:11Z" changeset="0">
		<nd ref="951536715"/>
		<nd ref="951536707"/>
		<nd ref="951536723"/>
		<nd ref="1766009778"/>
		<nd ref="951536708"/>
		<tag k="access" v="no"/>
		<tag k="highway" v="service"/>
		<tag k="maxspeed" v="40"/>
		<tag k="oneway" v="yes"/>
		<tag k="psv" v="yes"/>
	</way>
	<way id="230845886" version="10" timestamp="2023-04-16T15:18:14Z" changeset="0">
		<nd ref="249360377"/>
		<nd ref="249360384"/>
		<nd ref="8853659599"/>
		<nd ref="8333378743"/>
		<nd ref="26304702"/>
		<nd ref="249589009"/>
		<nd ref="4547836297"/>
		<nd ref="3257222464"/>
		<nd ref="26304708"/>
		<tag k="highway" v="secondary"/>
		<tag k="maxspeed" v="40"/>
		<tag k="name" v="Barnarpsgatan"/>
		<tag k="surface" v="asphalt"/>
	</way>
	<way id="236739168" version="5" timestamp="2026-01-19T13:22:12Z" changeset="0">
		<nd ref="34924203"/>
		<nd ref="8539069565"/>
		<nd ref="8539069566"/>
		<nd ref="8539069567"/>
		<nd ref="1295871360"/>
		<tag k="highway" v="tertiary"/>
		<tag k="lanes" v="1"/>
		<tag k="maxspeed" v="30"/>
		<tag k="name" v="Södra Strandgatan"/>
		<tag k="oneway" v="yes"/>
		<tag k="surface" v="asphalt"/>
	</way>
	<way id="303224111" version="4" timestamp="2023-11-27T13:53:39Z" changeset="0">
		<nd ref="3075617819"/>
		<nd ref="3075617820"/>
		<tag k="covered" v="yes"/>
		<tag k="highway" v="tertiary"/>
		<tag k="lanes" v="2"/>
		<tag k="maxheight" v="4.1"/>
		<tag k="maxspeed" v="40"/>
		<tag k="name" v="Järnvägsgatan"/>
		<tag k="oneway" v="yes"/>
		<tag k="surface" v="asphalt"/>
	</way>
	<way id="303224112" version="3" timestamp="2016-11-20T14:14:25Z" changeset="0">
		<nd ref="3075617818"/>
		<nd ref="3075617817"/>
		<tag k="covered" v="yes"/>
		<tag k="highway" v="tertiary"/>
		<tag k="lanes" v="2"/>
		<tag k="maxheight" v="4.1"/>
		<tag k="maxspeed" v="40"/>
		<tag k="name" v="Järnvägsgatan"/>
		<tag k="oneway" v="yes"/>
		<tag k="surface" v="asphalt"/>
	</way>
	<way id="303224113" version="4" timestamp="2022-08-25T07:04:19Z" changeset="0">
		<nd ref="3075617817"/>
		<nd ref="254841359"/>
		<nd ref="951536706"/>
		<tag k="highway" v="tertiary"/>
		<tag k="lanes" v="2"/>
		<tag k="maxspeed" v="40"/>
		<tag k="name" v="Järnvägsgatan"/>
		<tag k="oneway" v="yes"/>
		<tag k="surface" v="asphalt"/>
	</way>
	<way id="303224114" version="6" timestamp="2023-11-27T13:53:17Z" changeset="0">
		<nd ref="3075617820"/>
		<nd ref="2086934401"/>
		<nd ref="2086934404"/>
		<nd ref="10678690530"/>
		<nd ref="2086934405"/>
		<tag k="highway" v="tertiary"/>
		<tag k="lanes" v="2"/>
		<tag k="maxspeed" v="40"/>
		<tag k="name" v="Järnvägsgatan"/>
		<tag k="oneway" v="yes"/>
		<tag k="surface" v="asphalt"/>
	</way>
	<way id="306869763" version="10" timestamp="2025-07-27T16:46:37Z" changeset="0">
		<nd ref="26347330"/>
		<nd ref="10140348116"/>
		<nd ref="251124079"/>
		<nd ref="398207991"/>
		<nd ref="10140348120"/>
		<nd ref="951536708"/>
		<tag k="cycleway:right" v="separate"/>
		<tag k="highway" v="tertiary"/>
		<tag k="lane_markings" v="no"/>
		<tag k="maxspeed" v="40"/>
		<tag k="name" v="Järnvägsgatan"/>
		<tag k="oneway" v="yes"/>
		<tag k="sidewalk:left" v="no"/>
		<tag k="sidewalk:right" v="separate"/>
		<tag k="smoothness" v="excellent"/>
		<tag k="surface" v="asphalt"/>
	</way>
	<way id="307173764" version="7" timestamp="2022-08-16T05:36:58Z" changeset="0">
		<nd ref="3122472556"/>
		<nd ref="8244829978"/>
		<nd ref="3122472553"/>
		<nd ref="8244829959"/>
		<nd ref="8244829960"/>
		<nd ref="8244829961"/>
		<nd ref="8244829962"/>
		<nd ref="8244829963"/>
		<nd ref="8244829980"/>
		<nd ref="8244829964"/>
		<nd ref="8244817198"/>
		<nd ref="8244829965"/>
		<nd ref="8244829982"/>
		<nd ref="9956156490"/>
		<nd ref="8244829966"/>
		<nd ref="8244829967"/>
		<nd ref="8244829984"/>
		<nd ref="8244829968"/>
		<nd ref="8244829969"/>
		<nd ref="8244829970"/>
		<nd ref="8244829985"/>
		<nd ref="8244829971"/>
		<nd ref="8244829972"/>
		<nd ref="8244829973"/>
		<nd ref="8244829974"/>
		<nd ref="8244829983"/>
		<nd ref="8244829981"/>
		<nd ref="8244829975"/>
		<nd ref="8244829979"/>
		<nd ref="8244829976"/>
		<nd ref="8244829977"/>
		<nd ref="8244829978"/>
		<tag k="highway" v="service"/>
		<tag k="maxspeed" v="40"/>
	</way>
	<way id="307173765" version="3" timestamp="2021-08-03T05:39:54Z" changeset="0">
		<nd ref="3122472556"/>
		<nd ref="8752224253"/>
		<nd ref="8976143820"/>
		<nd ref="8976143821"/>
		<nd ref="8976143826"/>
		<nd ref="8976143825"/>
		<nd ref="2456442325"/>
		<tag k="highway" v="service"/>
		<tag k="maxspeed" v="40"/>
		<tag k="oneway" v="yes"/>
	</way>
	<way id="307173767" version="3" timestamp="2021-08-03T05:39:54Z" changeset="0">
		<nd ref="133556"/>
		<nd ref="8976143824"/>
		<nd ref="8976143823"/>
		<nd ref="8976143827"/>
		<nd ref="8976143822"/>
		<nd ref="8752224254"/>
		<nd ref="3122472556"/>
		<tag k="highway" v="service"/>
		<tag k="maxspeed" v="40"/>
		<tag k="oneway" v="yes"/>
	</way>
	<way id="307625216" version="8" timestamp="2023-12-04T15:58:50Z" changeset="0">
		<nd ref="26304694"/>
		<nd ref="8997135670"/>
		<nd ref="11284626120"/>
		<nd ref="582997999"/>
		<nd ref="3128216397"/>
		<tag k="highway" v="tertiary"/>
		<tag k="lanes" v="2"/>
		<tag k="maxspeed" v="40"/>
		<tag k="name" v="Junegatan"/>
		<tag k="oneway" v="yes"/>
		<tag k="ref" v="F 670"/>
		<tag k="reg_ref" v="670"/>
		<tag k="surface" v="asphalt"/>
	</way>
	<way id="307625217" version="6" timestamp="2023-12-04T15:58:48Z" changeset="0">
		<nd ref="3128216410"/>
		<nd ref="8997133062"/>
		<nd ref="8997133061"/>
		<nd ref="5768610852"/>
		<nd ref="8997133060"/>
		<nd ref="3128216408"/>
		<tag k="highway" v="tertiary"/>
		<tag k="lanes" v="1"/>
		<tag k="maxspeed" v="40"/>
		<tag k="name" v="Järnvägsgatan"/>
		<tag k="oneway" v="yes"/>
		<tag k="surface" v="asphalt"/>
	</way>
	<way id="307625218" version="7" timestamp="2023-12-04T15:58:46Z" changeset="0">
		<nd ref="3128216412"/>
		<nd ref="3128216417"/>
		<nd ref="3128216420"/>
		<nd ref="3128216426"/>
		<tag k="highway" v="tertiary"/>
		<tag k="lanes" v="1"/>
		<tag k="maxspeed" v="40"/>
		<tag k="name" v="Kortebovägen"/>
		<tag k="oneway" v="yes"/>
		<tag k="ref" v="F 670"/>
		<tag k="reg_ref" v="670"/>
		<tag k="surface" v="asphalt"/>
	</way>
	<way id="307625220" version="7" timestamp="2023-12-04T15:58:47Z" changeset="0">
		<nd ref="828185598"/>
		<nd ref="133560"/>
		<nd ref="8997133064"/>
		<nd ref="11284626113"/>
		<nd ref="828185591"/>
		<nd ref="8997133056"/>
		<nd ref="26304693"/>
		<tag k="highway" v="tertiary"/>
		<tag k="lanes" v="2"/>
		<tag k="maxspeed" v="40"/>
		<tag k="name" v="Kortebovägen"/>
		<tag k="oneway" v="yes"/>
		<tag k="ref" v="F 670"/>
		<tag k="reg_ref" v="670"/>
		<tag k="surface" v="asphalt"/>
	</way>
	<way id="307625221" version="7" timestamp="2023-10-23T20:24:51Z" changeset="0">
		<nd ref="133561"/>
		<nd ref="8997132927"/>
		<nd ref="26347292"/>
		<nd ref="11284626115"/>
		<nd ref="3321523589"/>
		<nd ref="26347293"/>
		<nd ref="8997132942"/>
		<nd ref="11284626114"/>
		<nd ref="8997132950"/>
		<nd ref="8997132949"/>
		<nd ref="8997132921"/>
		<nd ref="828185598"/>
		<tag k="access:lanes" v="||no"/>
		<tag k="change:lanes" v="yes|not_right|no"/>
		<tag k="highway" v="tertiary"/>
		<tag k="lanes" v="3"/>
		<tag k="maxspeed" v="40"/>
		<tag k="name" v="Kortebovägen"/>
		<tag k="oneway" v="yes"/>
		<tag k="placement" v="right_of:1"/>
		<tag k="psv:lanes" v="||designated"/>
		<tag k="ref" v="F 670"/>
		<tag k="reg_ref" v="670"/>
		<tag k="surface" v="paved"/>
	</way>
	<way id="307625222" version="6" timestamp="2021-03-19T22:42:26Z" changeset="0">
		<nd ref="622948512"/>
		<nd ref="8292745420"/>
		<nd ref="254850401"/>
		<nd ref="254850402"/>
		<nd ref="254850403"/>
		<nd ref="254850404"/>
		<nd ref="8539069579"/>
		<nd ref="8539069578"/>
		<nd ref="7600353750"/>
		<nd ref="533747274"/>
		<nd ref="254850405"/>
		<nd ref="4037508532"/>
		<tag k="access" v="no"/>
		<tag k="highway" v="residential"/>
		<tag k="lanes" v="2"/>
		<tag k="maxspeed" v="30"/>
		<tag k="name" v="Södra Strandgatan"/>
		<tag k="psv" v="yes"/>
	</way>
	<way id="307625223" version="7" timestamp="2024-03-06T20:24:01Z" changeset="0">
		<nd ref="1240022173"/>
		<nd ref="11284626103"/>
		<nd ref="3128216394"/>
		<nd ref="11698727411"/>
		<nd ref="465227623"/>
		<nd ref="1240022098"/>
		<nd ref="26347319"/>
		<nd ref="3770700266"/>
		<nd ref="3770700265"/>
		<nd ref="26347320"/>
		<nd ref="9402581976"/>
		<nd ref="254842979"/>
		<tag k="highway" v="unclassified"/>
		<tag k="maxspeed" v="40"/>
		<tag k="name" v="Västra Storgatan"/>
		<tag k="surface" v="asphalt"/>
	</way>
	<way id="307625224" version="6" timestamp="2024-09-09T13:22:08Z" changeset="0">
		<nd ref="828185598"/>
		<nd ref="3128216418"/>
		<nd ref="3128216413"/>
		<nd ref="8997133065"/>
		<nd ref="3128216406"/>
		<nd ref="8997133066"/>
		<nd ref="3128216405"/>
		<nd ref="11284626116"/>
		<nd ref="3128216403"/>
		<nd ref="11284626117"/>
		<nd ref="12165573175"/>
		<nd ref="3128216401"/>
		<nd ref="11284626118"/>
		<nd ref="3128216400"/>
		<nd ref="3128216396"/>
		<tag k="access" v="no"/>
		<tag k="highway" v="service"/>
		<tag k="lanes" v="1"/>
		<tag k="maxspeed" v="40"/>
		<tag k="oneway" v="yes"/>
		<tag k="psv" v="designated"/>
	</way>
	<way id="307625227" version="6" timestamp="2023-10-23T20:24:51Z" changeset="0">
		<nd ref="2086934427"/>
		<nd ref="3128216414"/>
		<nd ref="3128216416"/>
		<nd ref="11284626111"/>
		<nd ref="3128216419"/>
		<nd ref="3128216421"/>
		<nd ref="3128216422"/>
		<nd ref="11284626110"/>
		<nd ref="8997133068"/>
		<nd ref="3128216424"/>
		<nd ref="8997133069"/>
		<nd ref="3128216426"/>
		<tag k="access" v="no"/>
		<tag k="highway" v="service"/>
		<tag k="lanes" v="1"/>
		<tag k="maxspeed" v="40"/>
		<tag k="oneway" v="yes"/>
		<tag k="psv" v="designated"/>
	</way>
	<way id="307625228" version="8" timestamp="2023-12-04T15:58:50Z" changeset="0">
		<nd ref="3128216396"/>
		<nd ref="3128216395"/>
		<nd ref="8997135669"/>
		<nd ref="26304694"/>
		<tag k="highway" v="tertiary"/>
		<tag k="lanes" v="1"/>
		<tag k="maxspeed" v="40"/>
		<tag k="name" v="Junegatan"/>
		<tag k="oneway" v="yes"/>
		<tag k="surface" v="asphalt"/>
	</way>
	<way id="307625229" version="4" timestamp="2021-08-10T21:30:47Z" changeset="0">
		<nd ref="3128216410"/>
		<nd ref="3128216409"/>
		<nd ref="3128216411"/>
		<nd ref="3128216415"/>
		<nd ref="8997132951"/>
		<nd ref="3128216426"/>
		<tag k="highway" v="tertiary_link"/>
		<tag k="lanes" v="1"/>
		<tag k="maxspeed" v="40"/>
		<tag k="oneway" v="yes"/>
		<tag k="surface" v="asphalt"/>
	</way>
	<way id="308578163" version="7" timestamp="2023-10-23T20:24:51Z" changeset="0">
		<nd ref="2086934430"/>
		<nd ref="11284626123"/>
		<nd ref="11284626124"/>
		<nd ref="2086934426"/>
		<nd ref="465227644"/>
		<nd ref="2086934415"/>
		<nd ref="465227643"/>
		<nd ref="465227642"/>
		<nd ref="2086934414"/>
		<nd ref="8391172827"/>
		<nd ref="2086934413"/>
		<nd ref="2086934411"/>
		<nd ref="2086934409"/>
		<nd ref="10678690535"/>
		<nd ref="2086934405"/>
		<tag k="highway" v="tertiary"/>
		<tag k="lanes" v="2"/>
		<tag k="maxspeed" v="40"/>
		<tag k="name" v="Järnvägsgatan"/>
		<tag k="surface" v="paved"/>
	</way>
	<way id="308578164" version="5" timestamp="2023-10-23T20:24:51Z" changeset="0">
		<nd ref="2086934427"/>
		<nd ref="3128216410"/>
		<tag k="highway" v="tertiary"/>
		<tag k="lanes" v="2"/>
		<tag k="maxspeed" v="40"/>
		<tag k="name" v="Järnvägsgatan"/>
		<tag k="oneway" v="yes"/>
		<tag k="source:maxspeed" v="sign"/>
		<tag k="surface" v="asphalt"/>
	</way>
	<way id="309431202" version="6" timestamp="2025-09-26T17:52:20Z" changeset="0">
		<nd ref="441806778"/>
		<nd ref="13173932705"/>
		<nd ref="249605605"/>
		<nd ref="10140348105"/>
		<nd ref="254842307"/>
		<nd ref="10140348104"/>
		<nd ref="251124076"/>
		<tag k="access" v="no"/>
		<tag k="highway" v="residential"/>
		<tag k="maxspeed" v="30"/>
		<tag k="name" v="Västra Storgatan"/>
		<tag k="psv" v="yes"/>
	</way>
	<way id="309609347" version="4" timestamp="2018-09-01T21:31:11Z" changeset="0">
		<nd ref="254842897"/>
		<nd ref="254842898"/>
		<tag k="highway" v="residential"/>
		<tag k="lit" v="yes"/>
		<tag k="maxspeed" v="40"/>
		<tag k="name" v="Kapellgatan"/>
		<tag k="surface" v="asphalt"/>
	</way>
	<way id="309609351" version="6" timestamp="2025-08-23T14:51:05Z" changeset="0">
		<nd ref="254842897"/>
		<nd ref="303788065"/>
		<nd ref="256504455"/>
		<tag k="cycleway:left" v="no"/>
		<tag k="cycleway:right" v="separate"/>
		<tag k="highway" v="tertiary"/>
		<tag k="lanes" v="2"/>
		<tag k="maxspeed" v="40"/>
		<tag k="name" v="Kungsgatan"/>
		<tag k="oneway" v="yes"/>
		<tag k="ref" v="F 683"/>
		<tag k="reg_ref" v="683"/>
		<tag k="surface" v="paved"/>
	</way>
	<way id="309609353" version="5" timestamp="2021-03-19T22:42:26Z" changeset="0">
		<nd ref="3149451268"/>
		<nd ref="3398462693"/>
		<tag k="access" v="no"/>
		<tag k="highway" v="residential"/>
		<tag k="lanes" v="2"/>
		<tag k="maxspeed" v="30"/>
		<tag k="name" v="Södra Strandgatan"/>
		<tag k="psv" v="yes"/>
	</way>
	<way id="309609359" version="4" timestamp="2026-01-19T13:22:15Z" changeset="0">
		<nd ref="3398461080"/>
		<nd ref="249921473"/>
		<nd ref="8539069542"/>
		<nd ref="1295871313"/>
		<nd ref="8539069543"/>
		<nd ref="1295871322"/>
		<tag k="highway" v="tertiary"/>
		<tag k="lanes" v="1"/>
		<tag k="maxspeed" v="30"/>
		<tag k="name" v="Södra Strandgatan"/>
		<tag k="oneway" v="yes"/>
		<tag k="surface" v="asphalt"/>
	</way>
	<way id="309609362" version="4" timestamp="2026-01-19T13:22:57Z" changeset="0">
		<nd ref="1295871360"/>
		<nd ref="1295871336"/>
		<nd ref="8539069564"/>
		<nd ref="1295871350"/>
		<nd ref="8539069563"/>
		<nd ref="249921470"/>
		<tag k="highway" v="tertiary"/>
		<tag k="lanes" v="2"/>
		<tag k="maxspeed" v="30"/>
		<tag k="name" v="Södra Strandgatan"/>
		<tag k="oneway" v="yes"/>
		<tag k="surface" v="asphalt"/>
	</way>
	<way id="309968534" version="3" timestamp="2018-09-01T21:23:49Z" changeset="0">
		<nd ref="26347321"/>
		<nd ref="26347322"/>
		<tag k="highway" v="unclassified"/>
		<tag k="maxspeed" v="40"/>
		<tag k="name" v="Västra Storgatan"/>
		<tag k="surface" v="asphalt"/>
	</way>
	<way id="310249116" version="5" timestamp="2021-03-20T16:05:01Z" changeset="0">
		<nd ref="8541224855"/>
		<nd ref="8539069538"/>
		<nd ref="3156476161"/>
		<nd ref="3156475957"/>
		<nd ref="3156475953"/>
		<nd ref="8539069537"/>
		<nd ref="3156475954"/>
		<nd ref="3156475955"/>
		<nd ref="3156475958"/>
		<nd ref="8292704526"/>
		<nd ref="3156476162"/>
		<nd ref="3156476165"/>
		<nd ref="3156476163"/>
		<nd ref="3156475952"/>
		<nd ref="3156475943"/>
		<nd ref="3156475945"/>
		<nd ref="8292704527"/>
		<nd ref="3156475948"/>
		<nd ref="8292704525"/>
		<nd ref="3156475950"/>
		<nd ref="3156475949"/>
		<nd ref="3156475947"/>
		<nd ref="3156475944"/>
		<nd ref="579738199"/>
		<tag k="highway" v="unclassified"/>
		<tag k="lanes" v="1"/>
		<tag k="maxspeed" v="40"/>
		<tag k="name" v="Lillsjöplan"/>
		<tag k="oneway" v="yes"/>
	</way>
	<way id="310249118" version="5" timestamp="2021-05-29T22:04:58Z" changeset="0">
		<nd ref="115457"/>
		<nd ref="8541224854"/>
		<nd ref="3156475956"/>
		<nd ref="3156475960"/>
		<nd ref="8541224898"/>
		<nd ref="3156476164"/>
		<nd ref="3156476168"/>
		<tag k="destination" v="Atollen"/>
		<tag k="highway" v="service"/>
		<tag k="lanes" v="1"/>
		<tag k="maxspeed" v="40"/>
		<tag k="oneway" v="yes"/>
	</way>
	<way id="310249119" version="3" timestamp="2021-03-20T16:05:01Z" changeset="0">
		<nd ref="3156476169"/>
		<nd ref="3156476166"/>
		<nd ref="3156475959"/>
		<nd ref="3156475954"/>
		<nd ref="3156475951"/>
		<nd ref="3156475947"/>
		<tag k="highway" v="service"/>
		<tag k="lanes" v="1"/>
		<tag k="maxspeed" v="40"/>
		<tag k="oneway" v="yes"/>
	</way>
	<way id="310471284" version="7" timestamp="2022-06-21T09:29:25Z" changeset="0">
		<nd ref="254843355"/>
		<nd ref="9835590689"/>
		<nd ref="9835590690"/>
		<nd ref="3321567789"/>
		<nd ref="5156862618"/>
		<nd ref="5156862616"/>
		<nd ref="5156862622"/>
		<nd ref="3158971738"/>
		<tag k="highway" v="service"/>
	</way>
	<way id="310471368" version="3" timestamp="2022-06-21T09:29:25Z" changeset="0">
		<nd ref="8700483387"/>
		<nd ref="9835590692"/>
		<nd ref="3158973141"/>
		<tag k="highway" v="service"/>
	</way>
	<way id="310471442" version="2" timestamp="2022-06-21T09:29:25Z" changeset="0">
		<nd ref="1240022228"/>
		<nd ref="3158971738"/>
		<tag k="highway" v="service"/>
	</way>
	<way id="320423932" version="5" timestamp="2023-11-27T13:53:34Z" changeset="0">
		<nd ref="951536708"/>
		<nd ref="26347327"/>
		<nd ref="3075617819"/>
		<tag k="highway" v="tertiary"/>
		<tag k="lanes" v="2"/>
		<tag k="maxspeed" v="40"/>
		<tag k="name" v="Järnvägsgatan"/>
		<tag k="oneway" v="yes"/>
		<tag k="surface" v="asphalt"/>
	</way>
	<way id="320423937" version="11" timestamp="2022-01-18T06:41:42Z" changeset="0">
		<nd ref="251124076"/>
		<nd ref="8741285222"/>
		<nd ref="249605609"/>
		<nd ref="9427394582"/>
		<nd ref="3770700262"/>
		<tag k="access" v="no"/>
		<tag k="highway" v="residential"/>
		<tag k="maxspeed" v="30"/>
		<tag k="name" v="Västra Storgatan"/>
		<tag k="psv" v="yes"/>
	</way>
	<way id="332707390" version="4" timestamp="2021-03-19T22:42:26Z" changeset="0">
		<nd ref="1295871354"/>
		<nd ref="8538987814"/>
		<nd ref="3398461072"/>
		<nd ref="3398461074"/>
		<nd ref="3398461079"/>
		<nd ref="8539069561"/>
		<nd ref="3398461082"/>
		<nd ref="254850421"/>
		<tag k="highway" v="unclassified"/>
		<tag k="lanes" v="1"/>
		<tag k="maxspeed" v="30"/>
		<tag k="name" v="Slottsgatan"/>
		<tag k="oneway" v="yes"/>
		<tag k="surface" v="asphalt"/>
	</way>
	<way id="332707391" version="4" timestamp="2022-10-17T10:31:06Z" changeset="0">
		<nd ref="3398462693"/>
		<nd ref="254850494"/>
		<nd ref="10108358586"/>
		<nd ref="622948512"/>
		<tag k="access" v="no"/>
		<tag k="highway" v="residential"/>
		<tag k="lanes" v="2"/>
		<tag k="maxspeed" v="30"/>
		<tag k="name" v="Södra Strandgatan"/>
		<tag k="psv" v="yes"/>
	</way>
	<way id="332707392" version="4" timestamp="2023-10-23T20:24:51Z" changeset="0">
		<nd ref="3398462693"/>
		<nd ref="1295871322"/>
		<nd ref="3398461085"/>
		<nd ref="3398461083"/>
		<nd ref="3398461077"/>
		<nd ref="8539069544"/>
		<nd ref="8539069545"/>
		<nd ref="11284655169"/>
		<nd ref="579738196"/>
		<tag k="access" v="no"/>
		<tag k="highway" v="service"/>
		<tag k="lanes" v="1"/>
		<tag k="maxspeed" v="40"/>
		<tag k="oneway" v="yes"/>
		<tag k="psv" v="designated"/>
	</way>
	<way id="332707393" version="1" timestamp="2015-03-14T17:24:30Z" changeset="0">
		<nd ref="3398462694"/>
		<nd ref="3398461092"/>
		<nd ref="3398461090"/>
		<tag k="highway" v="service"/>
	</way>
	<way id="332707394" version="5" timestamp="2026-01-19T13:22:52Z" changeset="0">
		<nd ref="8539069556"/>
		<nd ref="8539069555"/>
		<nd ref="3398461078"/>
		<nd ref="3398461076"/>
		<nd ref="3398461080"/>
		<tag k="highway" v="service"/>
		<tag k="lanes" v="1"/>
		<tag k="maxspeed" v="30"/>
		<tag k="oneway" v="yes"/>
		<tag k="surface" v="asphalt"/>
	</way>
	<way id="332707395" version="5" timestamp="2026-01-10T13:31:12Z" changeset="0">
		<nd ref="3398461084"/>
		<nd ref="8539069556"/>
		<nd ref="3398461081"/>
		<nd ref="8539069560"/>
		<nd ref="3398461074"/>
		<tag k="highway" v="service"/>
		<tag k="lanes" v="1"/>
		<tag k="maxspeed" v="30"/>
		<tag k="oneway" v="yes"/>
		<tag k="surface" v="asphalt"/>
	</way>
	<way id="332707396" version="3" timestamp="2021-03-19T22:42:26Z" changeset="0">
		<nd ref="3398461071"/>
		<nd ref="8539069546"/>
		<nd ref="8539069540"/>
		<nd ref="3398461080"/>
		<tag k="access" v="no"/>
		<tag k="highway" v="service"/>
		<tag k="lanes" v="1"/>
		<tag k="maxspeed" v="40"/>
		<tag k="oneway" v="yes"/>
		<tag k="psv" v="designated"/>
	</way>
	<way id="373594253" version="10" timestamp="2025-09-03T08:26:40Z" changeset="0">
		<nd ref="9021847125"/>
		<nd ref="3770343460"/>
		<nd ref="3770343463"/>
		<nd ref="9021847124"/>
		<nd ref="9021847125"/>
		<tag k="JLT:zon" v="2101"/>
		<tag k="area" v="yes"/>
		<tag k="bench" v="no"/>
		<tag k="bin" v="yes"/>
		<tag k="bus" v="yes"/>
		<tag k="highway" v="platform"/>
		<tag k="lit" v="yes"/>
		<tag k="name" v="B"/>
		<tag k="network" v="Jönköpings Länstrafik"/>
		<tag k="public_transport" v="platform"/>
		<tag k="ref" v="B"/>
		<tag k="route_ref" v="28;37;132;133;136;141;200;841"/>
		<tag k="shelter" v="no"/>
		<tag k="tactile_paving" v="no"/>
	</way>
	<way id="373594311" version="4" timestamp="2025-09-14T11:04:27Z" changeset="0">
		<nd ref="9022323426"/>
		<nd ref="9022323424"/>
		<tag k="bus" v="yes"/>
		<tag k="highway" v="platform"/>
		<tag k="name" v="A"/>
		<tag k="network" v="Jönköpings Länstrafik"/>
		<tag k="public_transport" v="platform"/>
		<tag k="ref" v="A"/>
	</way>
	<way id="373594321" version="3" timestamp="2025-09-14T11:04:27Z" changeset="0">
		<nd ref="3770343464"/>
		<nd ref="3770343457"/>
		<tag k="bus" v="yes"/>
		<tag k="highway" v="platform"/>
		<tag k="name" v="B"/>
		<tag k="network" v="Jönköpings Länstrafik"/>
		<tag k="public_transport" v="platform"/>
		<tag k="ref" v="B"/>
	</way>
	<way id="373594332" version="6" timestamp="2025-09-03T08:26:40Z" changeset="0">
		<nd ref="3770343459"/>
		<nd ref="3770343454"/>
		<tag k="JLT:zon" v="2101"/>
		<tag k="bench" v="yes"/>
		<tag k="bin" v="yes"/>
		<tag k="bus" v="yes"/>
		<tag k="highway" v="platform"/>
		<tag k="name" v="A"/>
		<tag k="network" v="Jönköpings Länstrafik"/>
		<tag k="public_transport" v="platform"/>
		<tag k="ref" v="A"/>
		<tag k="shelter" v="yes"/>
	</way>
	<way id="373628050" version="7" timestamp="2025-08-26T20:37:44Z" changeset="0">
		<nd ref="3770700296"/>
		<nd ref="699754799"/>
		<nd ref="1766009776"/>
		<tag k="highway" v="corridor"/>
		<tag k="indoor" v="yes"/>
		<tag k="lit" v="yes"/>
		<tag k="name" v="Juneporten"/>
		<tag k="source" v="survey"/>
		<tag k="surface" v="tiles"/>
	</way>
	<way id="373628052" version="3" timestamp="2025-09-17T19:56:45Z" changeset="0">
		<nd ref="3770700299"/>
		<nd ref="3770700298"/>
		<tag k="bus" v="yes"/>
		<tag k="highway" v="platform"/>
		<tag k="name" v="A"/>
		<tag k="network" v="Jönköpings Länstrafik"/>
		<tag k="public_transport" v="platform"/>
		<tag k="ref" v="A"/>
	</way>
	<way id="373628053" version="10" timestamp="2025-09-10T19:31:33Z" changeset="0">
		<nd ref="3770700291"/>
		<nd ref="3770700290"/>
		<tag k="bench" v="yes"/>
		<tag k="bin" v="yes"/>
		<tag k="bus" v="yes"/>
		<tag k="highway" v="platform"/>
		<tag k="name" v="A"/>
		<tag k="network" v="Jönköpings Länstrafik"/>
		<tag k="public_transport" v="platform"/>
		<tag k="ref" v="A"/>
		<tag k="shelter" v="yes"/>
		<tag k="tactile_paving" v="yes"/>
	</way>
	<way id="373628055" version="2" timestamp="2025-05-29T17:14:01Z" changeset="0">
		<nd ref="12873575546"/>
		<nd ref="12873575547"/>
		<tag k="bus" v="yes"/>
		<tag k="gtfs:stop_id" v="9022050017999003"/>
		<tag k="highway" v="platform"/>
		<tag k="name" v="C"/>
		<tag k="network" v="Jönköpings Länstrafik"/>
		<tag k="public_transport" v="platform"/>
		<tag k="ref" v="C"/>
	</way>
	<way id="373628056" version="9" timestamp="2026-01-19T13:23:26Z" changeset="0">
		<nd ref="3770700278"/>
		<nd ref="3770700275"/>
		<tag k="bench" v="yes"/>
		<tag k="bin" v="yes"/>
		<tag k="bus" v="yes"/>
		<tag k="gtfs:stop_id" v="9022050017830001"/>
		<tag k="highway" v="platform"/>
		<tag k="lit" v="yes"/>
		<tag k="name" v="A"/>
		<tag k="network" v="Jönköpings Länstrafik"/>
		<tag k="network:short" v="JLT"/>
		<tag k="network:wikidata" v="Q10542127"/>
		<tag k="public_transport" v="platform"/>
		<tag k="ref" v="A"/>
		<tag k="shelter" v="yes"/>
		<tag k="tactile_paving" v="yes"/>
	</way>
	<way id="373628057" version="11" timestamp="2025-09-10T19:31:33Z" changeset="0">
		<nd ref="3770700286"/>
		<nd ref="3770700287"/>
		<tag k="bench" v="yes"/>
		<tag k="bin" v="yes"/>
		<tag k="bus" v="yes"/>
		<tag k="highway" v="platform"/>
		<tag k="lit" v="yes"/>
		<tag k="name" v="B"/>
		<tag k="network" v="Jönköpings Länstrafik"/>
		<tag k="public_transport" v="platform"/>
		<tag k="ref" v="B"/>
		<tag k="shelter" v="yes"/>
		<tag k="tactile_paving" v="yes"/>
	</way>
	<way id="373628059" version="2" timestamp="2025-05-29T17:14:01Z" changeset="0">
		<nd ref="12873575548"/>
		<nd ref="3770700297"/>
		<tag k="bus" v="yes"/>
		<tag k="gtfs:stop_id" v="9022050017999004"/>
		<tag k="highway" v="platform"/>
		<tag k="name" v="D"/>
		<tag k="network" v="Jönköpings Länstrafik"/>
		<tag k="public_transport" v="platform"/>
		<tag k="ref" v="D"/>
	</way>
	<way id="373628061" version="8" timestamp="2026-01-19T15:38:51Z" changeset="0">
		<nd ref="3770700271"/>
		<nd ref="3770700272"/>
		<tag k="bench" v="no"/>
		<tag k="bin" v="yes"/>
		<tag k="bus" v="yes"/>
		<tag k="gtfs:stop_id" v="9022050071176002"/>
		<tag k="highway" v="platform"/>
		<tag k="lit" v="yes"/>
		<tag k="name" v="B"/>
		<tag k="network" v="Jönköpings Länstrafik"/>
		<tag k="public_transport" v="platform"/>
		<tag k="ref" v="B"/>
		<tag k="shelter" v="yes"/>
		<tag k="tactile_paving" v="yes"/>
	</way>
	<way id="373628063" version="3" timestamp="2025-09-17T19:56:45Z" changeset="0">
		<nd ref="3770700300"/>
		<nd ref="3770700301"/>
		<tag k="bus" v="yes"/>
		<tag k="highway" v="platform"/>
		<tag k="name" v="B"/>
		<tag k="network" v="Jönköpings Länstrafik"/>
		<tag k="public_transport" v="platform"/>
		<tag k="ref" v="B"/>
	</way>
	<way id="373628064" version="9" timestamp="2026-01-19T13:23:28Z" changeset="0">
		<nd ref="3770700276"/>
		<nd ref="3770700279"/>
		<nd ref="3770700280"/>
		<nd ref="3770700277"/>
		<nd ref="3770700276"/>
		<tag k="bench" v="yes"/>
		<tag k="bin" v="yes"/>
		<tag k="bus" v="yes"/>
		<tag k="gtfs:stop_id" v="9022050017830002"/>
		<tag k="highway" v="platform"/>
		<tag k="lit" v="yes"/>
		<tag k="name" v="B"/>
		<tag k="network" v="Jönköpings Länstrafik"/>
		<tag k="network:short" v="JLT"/>
		<tag k="network:wikidata" v="Q10542127"/>
		<tag k="public_transport" v="platform"/>
		<tag k="ref" v="B"/>
		<tag k="shelter" v="yes"/>
		<tag k="tactile_paving" v="yes"/>
	</way>
	<way id="401253638" version="5" timestamp="2021-03-20T16:05:01Z" changeset="0">
		<nd ref="4036878998"/>
		<nd ref="8538987751"/>
		<nd ref="4036878997"/>
		<nd ref="4036878994"/>
		<nd ref="4036878991"/>
		<nd ref="8541224842"/>
		<tag k="highway" v="unclassified"/>
		<tag k="maxspeed" v="40"/>
		<tag k="name" v="Kulturgatan"/>
		<tag k="surface" v="asphalt"/>
	</way>
	<way id="401253639" version="5" timestamp="2021-09-03T07:26:52Z" changeset="0">
		<nd ref="4036877078"/>
		<nd ref="4036877065"/>
		<nd ref="4036877062"/>
		<nd ref="4036877058"/>
		<nd ref="8541224841"/>
		<nd ref="4036877056"/>
		<nd ref="4036877055"/>
		<nd ref="8541224840"/>
		<nd ref="4036877057"/>
		<nd ref="4036877059"/>
		<nd ref="4036877064"/>
		<nd ref="4036877085"/>
		<nd ref="4036877087"/>
		<nd ref="4036877088"/>
		<tag k="highway" v="service"/>
	</way>
	<way id="401253640" version="4" timestamp="2021-03-20T16:05:01Z" changeset="0">
		<nd ref="4036877086"/>
		<nd ref="8541224843"/>
		<nd ref="8541224844"/>
		<nd ref="8541224842"/>
		<nd ref="4036878996"/>
		<nd ref="4036878999"/>
		<nd ref="4036879001"/>
		<nd ref="4036879004"/>
		<nd ref="4036879002"/>
		<nd ref="4036879000"/>
		<nd ref="8247725267"/>
		<nd ref="4036878995"/>
		<nd ref="4036878992"/>
		<nd ref="4036877088"/>
		<nd ref="4036877084"/>
		<nd ref="4036877079"/>
		<nd ref="4036877077"/>
		<nd ref="4036877078"/>
		<nd ref="4036877082"/>
		<nd ref="4036877086"/>
		<tag k="highway" v="unclassified"/>
		<tag k="maxspeed" v="40"/>
		<tag k="name" v="Kulturgatan"/>
		<tag k="surface" v="asphalt"/>
	</way>
	<way id="401253641" version="6" timestamp="2023-03-30T10:47:23Z" changeset="0">
		<nd ref="4036877086"/>
		<nd ref="4036877081"/>
		<nd ref="8538987752"/>
		<nd ref="4036877075"/>
		<nd ref="4036877073"/>
		<tag k="highway" v="service"/>
		<tag k="surface" v="asphalt"/>
	</way>
	<way id="401253642" version="3" timestamp="2023-03-30T10:47:34Z" changeset="0">
		<nd ref="4036877073"/>
		<nd ref="4036877072"/>
		<nd ref="4036877069"/>
		<nd ref="4036877066"/>
		<nd ref="4036877073"/>
		<tag k="highway" v="service"/>
		<tag k="surface" v="asphalt"/>
	</way>
	<way id="401310406" version="5" timestamp="2021-09-21T07:16:17Z" changeset="0">
		<nd ref="1680993619"/>
		<nd ref="4037508531"/>
		<tag k="bridge" v="yes"/>
		<tag k="highway" v="tertiary"/>
		<tag k="layer" v="1"/>
		<tag k="maxspeed" v="30"/>
		<tag k="name" v="Skolgatan"/>
		<tag k="surface" v="asphalt"/>
	</way>
	<way id="401310407" version="2" timestamp="2016-11-20T14:14:54Z" changeset="0">
		<nd ref="4037508532"/>
		<nd ref="254850406"/>
		<tag k="access" v="no"/>
		<tag k="bridge" v="yes"/>
		<tag k="highway" v="residential"/>
		<tag k="layer" v="1"/>
		<tag k="maxspeed" v="30"/>
		<tag k="name" v="Södra Strandgatan"/>
		<tag k="psv" v="yes"/>
	</way>
	<way id="531222955" version="2" timestamp="2022-06-21T09:29:25Z" changeset="0">
		<nd ref="5156862627"/>
		<nd ref="5156862612"/>
		<nd ref="5156862611"/>
		<nd ref="5156862626"/>
		<nd ref="9835590669"/>
		<nd ref="9835590691"/>
		<nd ref="3158973141"/>
		<tag k="highway" v="service"/>
	</way>
	<way id="531222956" version="2" timestamp="2022-06-21T09:29:25Z" changeset="0">
		<nd ref="5156862639"/>
		<nd ref="5156862632"/>
		<nd ref="9835590712"/>
		<nd ref="9835590711"/>
		<nd ref="5156862623"/>
		<nd ref="5156862617"/>
		<nd ref="5156862619"/>
		<nd ref="9835590688"/>
		<nd ref="5156862629"/>
		<nd ref="5156862615"/>
		<nd ref="5156862627"/>
		<nd ref="5156862620"/>
		<nd ref="3321567789"/>
		<tag k="highway" v="service"/>
	</way>
	<way id="531222958" version="2" timestamp="2022-06-21T09:29:25Z" changeset="0">
		<nd ref="5156862646"/>
		<nd ref="5156862643"/>
		<nd ref="5156862642"/>
		<nd ref="5156862641"/>
		<nd ref="5156862640"/>
		<nd ref="5156862639"/>
		<nd ref="5156862638"/>
		<nd ref="5156862637"/>
		<nd ref="5156862636"/>
		<nd ref="5156862635"/>
		<nd ref="5156862634"/>
		<nd ref="5156862633"/>
		<nd ref="5156862644"/>
		<tag k="highway" v="service"/>
	</way>
	<way id="684962401" version="3" timestamp="2026-04-02T10:09:24Z" changeset="0">
		<nd ref="2195359492"/>
		<nd ref="13701018472"/>
		<nd ref="2195359495"/>
		<nd ref="2195359497"/>
		<nd ref="2195359500"/>
		<nd ref="2195359502"/>
		<nd ref="951536715"/>
		<tag k="access" v="no"/>
		<tag k="highway" v="service"/>
		<tag k="maxspeed" v="40"/>
		<tag k="psv" v="yes"/>
	</way>
	<way id="795844446" version="2" timestamp="2025-08-23T14:51:14Z" changeset="0">
		<nd ref="256504455"/>
		<nd ref="249508500"/>
		<tag k="cycleway:left" v="no"/>
		<tag k="cycleway:right" v="separate"/>
		<tag k="highway" v="tertiary"/>
		<tag k="lanes" v="2"/>
		<tag k="maxspeed" v="40"/>
		<tag k="name" v="Kungsgatan"/>
		<tag k="oneway" v="yes"/>
		<tag k="ref" v="F 683"/>
		<tag k="reg_ref" v="683"/>
		<tag k="surface" v="paved"/>
	</way>
	<way id="803785575" version="5" timestamp="2025-08-23T09:43:23Z" changeset="0">
		<nd ref="471050680"/>
		<nd ref="1295433411"/>
		<nd ref="8541184474"/>
		<nd ref="1295433200"/>
		<nd ref="359968023"/>
		<nd ref="359967923"/>
		<nd ref="8541184475"/>
		<nd ref="8541184470"/>
		<nd ref="8541184477"/>
		<nd ref="8539069553"/>
		<nd ref="1479451330"/>
		<nd ref="1479451310"/>
		<nd ref="8539069550"/>
		<nd ref="1766009702"/>
		<nd ref="1479451311"/>
		<nd ref="8539069549"/>
		<nd ref="8539069548"/>
		<tag k="highway" v="secondary"/>
		<tag k="lanes" v="2"/>
		<tag k="lit" v="yes"/>
		<tag k="maxspeed" v="40"/>
		<tag k="name" v="Odengatan"/>
		<tag k="oneway" v="yes"/>
		<tag k="surface" v="asphalt"/>
	</way>
	<way id="813229933" version="5" timestamp="2021-06-21T16:10:54Z" changeset="0">
		<nd ref="6546898172"/>
		<nd ref="7596244782"/>
		<nd ref="8327046877"/>
		<nd ref="7596244781"/>
		<nd ref="8327046876"/>
		<nd ref="7596244780"/>
		<nd ref="7596244779"/>
		<tag k="highway" v="service"/>
	</way>
	<way id="840608651" version="3" timestamp="2021-06-24T17:38:52Z" changeset="0">
		<nd ref="8863718517"/>
		<nd ref="7843924010"/>
		<nd ref="7843924011"/>
		<nd ref="7843924012"/>
		<nd ref="7843924013"/>
		<tag k="highway" v="living_street"/>
		<tag k="maxspeed" v="20"/>
		<tag k="name" v="Smidesgränd"/>
		<tag k="oneway" v="no"/>
		<tag k="surface" v="asphalt"/>
	</way>
	<way id="886665342" version="1" timestamp="2020-12-20T13:11:09Z" changeset="0">
		<nd ref="8244829979"/>
		<nd ref="8244829980"/>
		<tag k="highway" v="service"/>
		<tag k="service" v="parking_aisle"/>
	</way>
	<way id="886665343" version="1" timestamp="2020-12-20T13:11:09Z" changeset="0">
		<nd ref="8244829981"/>
		<nd ref="8244829982"/>
		<tag k="highway" v="service"/>
		<tag k="service" v="parking_aisle"/>
	</way>
	<way id="886665344" version="1" timestamp="2020-12-20T13:11:09Z" changeset="0">
		<nd ref="8244829983"/>
		<nd ref="8244829984"/>
		<tag k="highway" v="service"/>
		<tag k="service" v="parking_aisle"/>
	</way>
	<way id="886783277" version="5" timestamp="2025-02-01T10:28:56Z" changeset="0">
		<nd ref="249592139"/>
		<nd ref="8245900263"/>
		<nd ref="8245900277"/>
		<nd ref="8245900264"/>
		<nd ref="8245900278"/>
		<nd ref="8245900265"/>
		<nd ref="8245900266"/>
		<nd ref="8245900267"/>
		<nd ref="8245900268"/>
		<nd ref="8245900269"/>
		<nd ref="8245900270"/>
		<tag k="highway" v="service"/>
	</way>
	<way id="886783278" version="4" timestamp="2021-10-05T09:08:00Z" changeset="0">
		<nd ref="8245900263"/>
		<nd ref="8974486451"/>
		<nd ref="8245900273"/>
		<nd ref="8245900288"/>
		<nd ref="8290450118"/>
		<nd ref="8290422216"/>
		<nd ref="8290422214"/>
		<nd ref="8290422212"/>
		<nd ref="8290422210"/>
		<nd ref="8290422206"/>
		<nd ref="8245900274"/>
		<nd ref="8974486464"/>
		<nd ref="9147820550"/>
		<nd ref="9147820549"/>
		<nd ref="8974486463"/>
		<nd ref="8290422197"/>
		<tag k="highway" v="service"/>
	</way>
	<way id="891983147" version="3" timestamp="2021-05-27T13:20:47Z" changeset="0">
		<nd ref="8290330509"/>
		<nd ref="8335740258"/>
		<tag k="highway" v="service"/>
		<tag k="service" v="parking_aisle"/>
		<tag k="surface" v="asphalt"/>
	</way>
	<way id="891983148" version="3" timestamp="2021-05-27T13:20:47Z" changeset="0">
		<nd ref="8290330511"/>
		<nd ref="8335740257"/>
		<tag k="highway" v="service"/>
		<tag k="service" v="parking_aisle"/>
		<tag k="surface" v="asphalt"/>
	</way>
	<way id="891983149" version="3" timestamp="2021-05-27T13:20:47Z" changeset="0">
		<nd ref="8290330513"/>
		<nd ref="8335740256"/>
		<tag k="highway" v="service"/>
		<tag k="service" v="parking_aisle"/>
		<tag k="surface" v="asphalt"/>
	</way>
	<way id="891983150" version="2" timestamp="2021-05-27T13:20:47Z" changeset="0">
		<nd ref="8290330515"/>
		<nd ref="8290330516"/>
		<tag k="highway" v="service"/>
		<tag k="service" v="parking_aisle"/>
		<tag k="surface" v="asphalt"/>
	</way>
	<way id="891983153" version="1" timestamp="2021-01-04T16:53:06Z" changeset="0">
		<nd ref="5219451257"/>
		<nd ref="8290345149"/>
		<nd ref="8290345123"/>
		<nd ref="8290345124"/>
		<nd ref="8290345125"/>
		<nd ref="8290345126"/>
		<nd ref="8290345127"/>
		<nd ref="8290345128"/>
		<tag k="highway" v="service"/>
		<tag k="service" v="driveway"/>
	</way>
	<way id="891983163" version="1" timestamp="2021-01-04T16:53:06Z" changeset="0">
		<nd ref="8290345151"/>
		<nd ref="8290345153"/>
		<nd ref="8290345152"/>
		<tag k="highway" v="service"/>
		<tag k="service" v="driveway"/>
	</way>
	<way id="891983173" version="1" timestamp="2021-01-04T16:53:06Z" changeset="0">
		<nd ref="672918958"/>
		<nd ref="8290345203"/>
		<tag k="highway" v="service"/>
		<tag k="service" v="driveway"/>
	</way>
	<way id="891991960" version="9" timestamp="2023-08-05T11:26:34Z" changeset="0">
		<nd ref="8325285012"/>
		<nd ref="8325285013"/>
		<nd ref="8325285015"/>
		<nd ref="8976227192"/>
		<nd ref="8325285009"/>
		<nd ref="8976227191"/>
		<nd ref="8325285016"/>
		<nd ref="8314425020"/>
		<nd ref="8325285217"/>
		<nd ref="8290402029"/>
		<nd ref="8976227195"/>
		<nd ref="8290402030"/>
		<nd ref="8976227196"/>
		<nd ref="8290402031"/>
		<nd ref="8290402037"/>
		<nd ref="9226493447"/>
		<nd ref="8290402039"/>
		<nd ref="8290402032"/>
		<nd ref="8290402036"/>
		<nd ref="8290402033"/>
		<nd ref="8290402054"/>
		<nd ref="8290402034"/>
		<nd ref="8976227186"/>
		<nd ref="8976227193"/>
		<nd ref="8290402055"/>
		<nd ref="8290402057"/>
		<nd ref="8325285220"/>
		<tag k="highway" v="service"/>
		<tag k="surface" v="asphalt"/>
	</way>
	<way id="891991961" version="3" timestamp="2022-08-25T08:08:30Z" changeset="0">
		<nd ref="8290402037"/>
		<nd ref="8325285218"/>
		<tag k="highway" v="service"/>
		<tag k="service" v="parking_aisle"/>
		<tag k="surface" v="asphalt"/>
	</way>
	<way id="891991962" version="3" timestamp="2022-08-25T08:08:26Z" changeset="0">
		<nd ref="8290402039"/>
		<nd ref="8325285219"/>
		<tag k="highway" v="service"/>
		<tag k="service" v="parking_aisle"/>
		<tag k="surface" v="asphalt"/>
	</way>
	<way id="891991963" version="2" timestamp="2023-08-05T11:26:34Z" changeset="0">
		<nd ref="8290402055"/>
		<nd ref="8290402056"/>
		<tag k="highway" v="service"/>
		<tag k="service" v="parking_aisle"/>
		<tag k="surface" v="asphalt"/>
	</way>
	<way id="891991964" version="2" timestamp="2023-08-05T11:26:34Z" changeset="0">
		<nd ref="8290402057"/>
		<nd ref="8290402058"/>
		<tag k="highway" v="service"/>
		<tag k="service" v="parking_aisle"/>
		<tag k="surface" v="asphalt"/>
	</way>
	<way id="891991966" version="3" timestamp="2021-08-20T07:09:43Z" changeset="0">
		<nd ref="8290402066"/>
		<nd ref="8290402071"/>
		<nd ref="9022029191"/>
		<nd ref="8290402070"/>
		<nd ref="8290402067"/>
		<nd ref="8290402068"/>
		<nd ref="8290402069"/>
		<nd ref="8290402070"/>
		<tag k="highway" v="service"/>
		<tag k="surface" v="asphalt"/>
	</way>
	<way id="891995479" version="1" timestamp="2021-01-04T17:17:47Z" changeset="0">
		<nd ref="8290424884"/>
		<nd ref="8290424885"/>
		<tag k="highway" v="service"/>
		<tag k="service" v="driveway"/>
	</way>
	<way id="891997590" version="2" timestamp="2023-08-20T10:14:47Z" changeset="0">
		<nd ref="8290422197"/>
		<nd ref="8290422198"/>
		<nd ref="8290422199"/>
		<nd ref="11130646638"/>
		<nd ref="8290422200"/>
		<nd ref="8290422201"/>
		<nd ref="8290422202"/>
		<nd ref="8290422203"/>
		<nd ref="8290422204"/>
		<tag k="highway" v="secondary_link"/>
		<tag k="oneway" v="yes"/>
	</way>
	<way id="891997591" version="1" timestamp="2021-01-04T17:28:38Z" changeset="0">
		<nd ref="8290422205"/>
		<nd ref="8290422206"/>
		<tag k="highway" v="service"/>
		<tag k="service" v="parking_aisle"/>
	</way>
	<way id="891997592" version="1" timestamp="2021-01-04T17:28:38Z" changeset="0">
		<nd ref="8290422209"/>
		<nd ref="8290422210"/>
		<tag k="highway" v="service"/>
		<tag k="service" v="parking_aisle"/>
	</way>
	<way id="891997593" version="1" timestamp="2021-01-04T17:28:38Z" changeset="0">
		<nd ref="8290422211"/>
		<nd ref="8290422212"/>
		<tag k="highway" v="service"/>
		<tag k="service" v="parking_aisle"/>
	</way>
	<way id="891997594" version="1" timestamp="2021-01-04T17:28:38Z" changeset="0">
		<nd ref="8290422213"/>
		<nd ref="8290422214"/>
		<tag k="highway" v="service"/>
		<tag k="service" v="parking_aisle"/>
	</way>
	<way id="891997595" version="1" timestamp="2021-01-04T17:28:38Z" changeset="0">
		<nd ref="8290422215"/>
		<nd ref="8290422216"/>
		<tag k="highway" v="service"/>
		<tag k="service" v="parking_aisle"/>
	</way>
	<way id="891997596" version="1" timestamp="2021-01-04T17:28:38Z" changeset="0">
		<nd ref="8290450117"/>
		<nd ref="8290450118"/>
		<tag k="highway" v="service"/>
		<tag k="service" v="parking_aisle"/>
	</way>
	<way id="894226144" version="6" timestamp="2022-08-16T05:36:58Z" changeset="0">
		<nd ref="8311245886"/>
		<nd ref="8311245903"/>
		<nd ref="8311245902"/>
		<nd ref="8311245887"/>
		<nd ref="9956156477"/>
		<nd ref="9956156476"/>
		<nd ref="8311245888"/>
		<nd ref="9956156478"/>
		<nd ref="9956156481"/>
		<nd ref="9956156480"/>
		<nd ref="8311245889"/>
		<nd ref="9956156479"/>
		<nd ref="8311245902"/>
		<tag k="bicycle" v="yes"/>
		<tag k="highway" v="service"/>
		<tag k="motor_vehicle" v="destination"/>
		<tag k="surface" v="paving_stones"/>
	</way>
	<way id="894226145" version="5" timestamp="2021-05-27T13:28:40Z" changeset="0">
		<nd ref="1239975512"/>
		<nd ref="8311245904"/>
		<tag k="bicycle" v="yes"/>
		<tag k="highway" v="service"/>
		<tag k="surface" v="paving_stones"/>
	</way>
	<way id="894226146" version="7" timestamp="2021-10-07T05:20:14Z" changeset="0">
		<nd ref="8311245888"/>
		<nd ref="8311245904"/>
		<nd ref="8311245909"/>
		<nd ref="8311245910"/>
		<nd ref="8311245911"/>
		<nd ref="8311245914"/>
		<nd ref="8311245912"/>
		<nd ref="9153744405"/>
		<nd ref="8311245913"/>
		<tag k="bicycle" v="yes"/>
		<tag k="highway" v="service"/>
		<tag k="surface" v="paving_stones"/>
	</way>
	<way id="895246742" version="3" timestamp="2021-10-08T13:37:09Z" changeset="0">
		<nd ref="1653002006"/>
		<nd ref="9158254256"/>
		<nd ref="8290345151"/>
		<nd ref="1653002028"/>
		<nd ref="8245914080"/>
		<tag k="highway" v="unclassified"/>
		<tag k="maxspeed" v="40"/>
		<tag k="motor_vehicle" v="destination"/>
		<tag k="name" v="Hamngatan"/>
		<tag k="surface" v="asphalt"/>
	</way>
	<way id="895313694" version="1" timestamp="2021-01-14T20:00:23Z" changeset="0">
		<nd ref="8322225782"/>
		<nd ref="8322225783"/>
		<nd ref="8322225784"/>
		<tag k="highway" v="service"/>
		<tag k="service" v="parking_aisle"/>
	</way>
	<way id="895635742" version="3" timestamp="2021-09-29T07:10:56Z" changeset="0">
		<nd ref="8325249760"/>
		<nd ref="9022034628"/>
		<nd ref="8325249759"/>
		<nd ref="8325249758"/>
		<nd ref="8325249757"/>
		<nd ref="8325249756"/>
		<nd ref="8325249755"/>
		<nd ref="9131254851"/>
		<nd ref="8325249754"/>
		<nd ref="8325249761"/>
		<nd ref="8325249753"/>
		<nd ref="8325249752"/>
		<nd ref="9022034627"/>
		<nd ref="8325249751"/>
		<tag k="highway" v="service"/>
		<tag k="oneway" v="yes"/>
	</way>
	<way id="895639037" version="4" timestamp="2022-08-25T08:03:58Z" changeset="0">
		<nd ref="8325285217"/>
		<nd ref="8325285218"/>
		<nd ref="8976227194"/>
		<nd ref="8325285219"/>
		<nd ref="8325285220"/>
		<tag k="highway" v="service"/>
		<tag k="surface" v="asphalt"/>
	</way>
	<way id="896539540" version="3" timestamp="2025-08-23T09:36:23Z" changeset="0">
		<nd ref="1653002006"/>
		<nd ref="8334014573"/>
		<nd ref="8334014574"/>
		<nd ref="8290345162"/>
		<nd ref="8334014575"/>
		<nd ref="8334014576"/>
		<tag k="access" v="emergency"/>
		<tag k="highway" v="service"/>
		<tag k="oneway" v="yes"/>
		<tag k="service" v="emergency_access"/>
		<tag k="surface" v="paving_stones"/>
	</way>
	<way id="911898514" version="4" timestamp="2025-09-13T08:50:32Z" changeset="0">
		<nd ref="3398461053"/>
		<nd ref="3398461054"/>
		<nd ref="3398461055"/>
		<nd ref="13137164411"/>
		<nd ref="3398461056"/>
		<nd ref="3398461041"/>
		<nd ref="3398461059"/>
		<nd ref="8539069525"/>
		<nd ref="8539069526"/>
		<nd ref="8539069527"/>
		<nd ref="3398461060"/>
		<nd ref="3398461061"/>
		<nd ref="3398461062"/>
		<nd ref="8539069528"/>
		<nd ref="3398461063"/>
		<nd ref="3398461064"/>
		<nd ref="11284626168"/>
		<nd ref="3398461065"/>
		<tag k="access" v="no"/>
		<tag k="highway" v="service"/>
		<tag k="lanes" v="2"/>
		<tag k="maxspeed" v="40"/>
		<tag k="psv" v="designated"/>
	</way>
	<way id="919428545" version="1" timestamp="2021-03-19T22:42:25Z" changeset="0">
		<nd ref="4036878998"/>
		<nd ref="8538987748"/>
		<nd ref="1507746899"/>
		<nd ref="8538987747"/>
		<nd ref="8538987746"/>
		<nd ref="8538987745"/>
		<nd ref="579738200"/>
		<tag k="highway" v="unclassified"/>
		<tag k="maxspeed" v="40"/>
		<tag k="name" v="Kulturgatan"/>
		<tag k="oneway" v="yes"/>
		<tag k="surface" v="asphalt"/>
	</way>
	<way id="919428546" version="1" timestamp="2021-03-19T22:42:25Z" changeset="0">
		<nd ref="8538987781"/>
		<nd ref="8538987750"/>
		<nd ref="8538987749"/>
		<nd ref="4036879003"/>
		<nd ref="4036878998"/>
		<tag k="highway" v="unclassified"/>
		<tag k="maxspeed" v="40"/>
		<tag k="name" v="Kulturgatan"/>
		<tag k="oneway" v="yes"/>
		<tag k="surface" v="asphalt"/>
	</way>
	<way id="919428547" version="3" timestamp="2023-04-16T15:18:14Z" changeset="0">
		<nd ref="945982931"/>
		<nd ref="34924194"/>
		<tag k="highway" v="secondary"/>
		<tag k="lanes" v="2"/>
		<tag k="maxspeed" v="40"/>
		<tag k="name" v="Munksjögatan"/>
		<tag k="oneway" v="yes"/>
		<tag k="surface" v="asphalt"/>
	</way>
	<way id="919428551" version="1" timestamp="2021-03-19T22:42:25Z" changeset="0">
		<nd ref="3398461066"/>
		<nd ref="3398461065"/>
		<tag k="access" v="no"/>
		<tag k="highway" v="service"/>
		<tag k="lanes" v="1"/>
		<tag k="maxspeed" v="40"/>
		<tag k="oneway" v="yes"/>
		<tag k="psv" v="designated"/>
	</way>
	<way id="919428552" version="3" timestamp="2025-08-23T09:43:30Z" changeset="0">
		<nd ref="1766009692"/>
		<nd ref="11284655170"/>
		<nd ref="3398461071"/>
		<tag k="access" v="no"/>
		<tag k="highway" v="service"/>
		<tag k="lanes" v="1"/>
		<tag k="lit" v="yes"/>
		<tag k="maxspeed" v="40"/>
		<tag k="oneway" v="yes"/>
		<tag k="psv" v="designated"/>
	</way>
	<way id="919428553" version="1" timestamp="2021-03-19T22:42:25Z" changeset="0">
		<nd ref="3398461070"/>
		<nd ref="3398461068"/>
		<nd ref="8539069529"/>
		<nd ref="3398461066"/>
		<tag k="access" v="no"/>
		<tag k="highway" v="service"/>
		<tag k="lanes" v="1"/>
		<tag k="maxspeed" v="40"/>
		<tag k="oneway" v="yes"/>
		<tag k="psv" v="designated"/>
	</way>
	<way id="919428554" version="2" timestamp="2023-10-23T20:24:51Z" changeset="0">
		<nd ref="579738196"/>
		<nd ref="11284655171"/>
		<nd ref="3398461070"/>
		<tag k="access" v="no"/>
		<tag k="highway" v="service"/>
		<tag k="lanes" v="1"/>
		<tag k="maxspeed" v="40"/>
		<tag k="oneway" v="yes"/>
		<tag k="psv" v="designated"/>
	</way>
	<way id="919428555" version="3" timestamp="2025-08-23T09:43:20Z" changeset="0">
		<nd ref="3398461067"/>
		<nd ref="8539069518"/>
		<nd ref="8539069517"/>
		<nd ref="8538987816"/>
		<nd ref="8538987815"/>
		<nd ref="8539069551"/>
		<tag k="highway" v="secondary"/>
		<tag k="lanes" v="1"/>
		<tag k="lit" v="yes"/>
		<tag k="maxspeed" v="40"/>
		<tag k="name" v="Östra Strandgatan"/>
		<tag k="oneway" v="yes"/>
		<tag k="surface" v="asphalt"/>
	</way>
	<way id="919428556" version="3" timestamp="2025-08-23T09:43:22Z" changeset="0">
		<nd ref="115461"/>
		<nd ref="1479451334"/>
		<nd ref="8539069551"/>
		<tag k="highway" v="secondary"/>
		<tag k="lanes" v="1"/>
		<tag k="lit" v="yes"/>
		<tag k="maxspeed" v="40"/>
		<tag k="name" v="Odengatan"/>
		<tag k="oneway" v="yes"/>
		<tag k="surface" v="asphalt"/>
	</way>
	<way id="919428557" version="2" timestamp="2023-04-16T15:18:14Z" changeset="0">
		<nd ref="3398461067"/>
		<nd ref="8539069519"/>
		<nd ref="250177923"/>
		<nd ref="1766009692"/>
		<tag k="highway" v="secondary"/>
		<tag k="lanes" v="1"/>
		<tag k="maxspeed" v="40"/>
		<tag k="name" v="Östra Strandgatan"/>
		<tag k="oneway" v="yes"/>
		<tag k="surface" v="asphalt"/>
	</way>
	<way id="919428558" version="1" timestamp="2021-03-19T22:42:25Z" changeset="0">
		<nd ref="3398461065"/>
		<nd ref="3398461067"/>
		<tag k="access" v="no"/>
		<tag k="highway" v="service"/>
		<tag k="lanes" v="1"/>
		<tag k="maxspeed" v="40"/>
		<tag k="oneway" v="yes"/>
		<tag k="psv" v="designated"/>
	</way>
	<way id="919428559" version="1" timestamp="2021-03-19T22:42:25Z" changeset="0">
		<nd ref="3398461080"/>
		<nd ref="3398461086"/>
		<nd ref="8539069539"/>
		<nd ref="8539069541"/>
		<nd ref="3149451268"/>
		<tag k="access" v="no"/>
		<tag k="highway" v="service"/>
		<tag k="lanes" v="1"/>
		<tag k="maxspeed" v="40"/>
		<tag k="oneway" v="yes"/>
		<tag k="psv" v="designated"/>
	</way>
	<way id="919428560" version="2" timestamp="2026-01-19T13:21:51Z" changeset="0">
		<nd ref="1295871322"/>
		<nd ref="34924203"/>
		<tag k="highway" v="tertiary"/>
		<tag k="lanes" v="1"/>
		<tag k="maxspeed" v="30"/>
		<tag k="name" v="Södra Strandgatan"/>
		<tag k="oneway" v="yes"/>
		<tag k="surface" v="asphalt"/>
	</way>
	<way id="919428561" version="2" timestamp="2026-01-19T13:22:55Z" changeset="0">
		<nd ref="115460"/>
		<nd ref="1474287281"/>
		<nd ref="1295871354"/>
		<nd ref="3398461073"/>
		<nd ref="3398461080"/>
		<tag k="highway" v="tertiary"/>
		<tag k="lanes" v="1"/>
		<tag k="maxspeed" v="30"/>
		<tag k="name" v="Södra Strandgatan"/>
		<tag k="oneway" v="yes"/>
		<tag k="surface" v="asphalt"/>
	</way>
	<way id="919428562" version="3" timestamp="2026-01-10T13:31:07Z" changeset="0">
		<nd ref="3398461074"/>
		<nd ref="8539069559"/>
		<nd ref="8539069558"/>
		<nd ref="8539069557"/>
		<nd ref="3398461084"/>
		<tag k="highway" v="service"/>
		<tag k="lanes" v="1"/>
		<tag k="maxspeed" v="30"/>
		<tag k="oneway" v="yes"/>
		<tag k="surface" v="asphalt"/>
	</way>
	<way id="919428563" version="3" timestamp="2026-01-10T13:31:04Z" changeset="0">
		<nd ref="3398461090"/>
		<nd ref="3398461087"/>
		<nd ref="3398461084"/>
		<tag k="highway" v="service"/>
		<tag k="lanes" v="2"/>
		<tag k="maxspeed" v="30"/>
		<tag k="surface" v="asphalt"/>
	</way>
	<way id="919747341" version="2" timestamp="2023-04-16T15:18:14Z" changeset="0">
		<nd ref="945982936"/>
		<nd ref="34924194"/>
		<tag k="change:lanes:backward" v="not_left|yes"/>
		<tag k="change:lanes:forward" v="not_left|yes"/>
		<tag k="highway" v="secondary"/>
		<tag k="lanes" v="4"/>
		<tag k="lanes:backward" v="2"/>
		<tag k="lanes:forward" v="2"/>
		<tag k="maxspeed" v="40"/>
		<tag k="name" v="Munksjögatan"/>
		<tag k="surface" v="asphalt"/>
		<tag k="turn:lanes:backward" v="|merge_to_left"/>
		<tag k="turn:lanes:forward" v="left|right"/>
	</way>
	<way id="919747349" version="2" timestamp="2023-03-30T13:11:11Z" changeset="0">
		<nd ref="115457"/>
		<nd ref="8541224855"/>
		<tag k="highway" v="secondary"/>
		<tag k="junction" v="circular"/>
		<tag k="lanes" v="2"/>
		<tag k="maxspeed" v="40"/>
		<tag k="name" v="Museirondellen"/>
		<tag k="surface" v="asphalt"/>
	</way>
	<way id="919747350" version="3" timestamp="2023-10-23T20:24:51Z" changeset="0">
		<nd ref="115458"/>
		<nd ref="1766009696"/>
		<nd ref="11284655172"/>
		<nd ref="3398461070"/>
		<tag k="highway" v="secondary"/>
		<tag k="junction" v="roundabout"/>
		<tag k="lanes" v="2"/>
		<tag k="maxspeed" v="40"/>
		<tag k="name" v="Museirondellen"/>
		<tag k="surface" v="asphalt"/>
	</way>
	<way id="919747351" version="2" timestamp="2023-03-30T13:10:39Z" changeset="0">
		<nd ref="579738199"/>
		<nd ref="115458"/>
		<tag k="highway" v="secondary"/>
		<tag k="junction" v="roundabout"/>
		<tag k="lanes" v="2"/>
		<tag k="maxspeed" v="40"/>
		<tag k="name" v="Museirondellen"/>
		<tag k="surface" v="asphalt"/>
	</way>
	<way id="919747352" version="2" timestamp="2023-03-30T13:11:08Z" changeset="0">
		<nd ref="8541224855"/>
		<nd ref="1240022118"/>
		<nd ref="303742580"/>
		<nd ref="579738199"/>
		<tag k="highway" v="secondary"/>
		<tag k="junction" v="roundabout"/>
		<tag k="lanes" v="2"/>
		<tag k="maxspeed" v="40"/>
		<tag k="name" v="Museirondellen"/>
		<tag k="surface" v="asphalt"/>
	</way>
	<way id="919747353" version="2" timestamp="2023-03-30T13:11:00Z" changeset="0">
		<nd ref="579738196"/>
		<nd ref="8539069547"/>
		<nd ref="249921470"/>
		<tag k="highway" v="secondary"/>
		<tag k="junction" v="roundabout"/>
		<tag k="lanes" v="2"/>
		<tag k="maxspeed" v="40"/>
		<tag k="name" v="Museirondellen"/>
		<tag k="surface" v="asphalt"/>
	</way>
	<way id="919747354" version="3" timestamp="2025-08-23T09:43:28Z" changeset="0">
		<nd ref="115460"/>
		<nd ref="2453139130"/>
		<nd ref="115462"/>
		<nd ref="1474287279"/>
		<nd ref="3398461071"/>
		<tag k="highway" v="secondary"/>
		<tag k="junction" v="roundabout"/>
		<tag k="lanes" v="2"/>
		<tag k="lit" v="yes"/>
		<tag k="maxspeed" v="40"/>
		<tag k="name" v="Museirondellen"/>
		<tag k="surface" v="asphalt"/>
	</way>
	<way id="919747355" version="2" timestamp="2023-03-30T13:10:51Z" changeset="0">
		<nd ref="8539069548"/>
		<nd ref="115460"/>
		<tag k="highway" v="secondary"/>
		<tag k="junction" v="circular"/>
		<tag k="lanes" v="2"/>
		<tag k="maxspeed" v="40"/>
		<tag k="name" v="Museirondellen"/>
		<tag k="surface" v="asphalt"/>
	</way>
	<way id="919747356" version="2" timestamp="2023-03-30T13:10:45Z" changeset="0">
		<nd ref="1766009692"/>
		<nd ref="258694600"/>
		<nd ref="115461"/>
		<tag k="highway" v="secondary"/>
		<tag k="junction" v="roundabout"/>
		<tag k="lanes" v="2"/>
		<tag k="maxspeed" v="40"/>
		<tag k="name" v="Museirondellen"/>
		<tag k="surface" v="asphalt"/>
	</way>
	<way id="919747357" version="2" timestamp="2023-03-30T13:11:14Z" changeset="0">
		<nd ref="3398461070"/>
		<nd ref="8541224856"/>
		<nd ref="1766009692"/>
		<tag k="highway" v="secondary"/>
		<tag k="junction" v="roundabout"/>
		<tag k="lanes" v="2"/>
		<tag k="maxspeed" v="40"/>
		<tag k="name" v="Museirondellen"/>
		<tag k="surface" v="asphalt"/>
	</way>
	<way id="919747358" version="2" timestamp="2023-03-30T13:11:05Z" changeset="0">
		<nd ref="249921470"/>
		<nd ref="115459"/>
		<nd ref="579738198"/>
		<nd ref="115457"/>
		<tag k="highway" v="secondary"/>
		<tag k="junction" v="roundabout"/>
		<tag k="lanes" v="3"/>
		<tag k="maxspeed" v="40"/>
		<tag k="name" v="Museirondellen"/>
		<tag k="placement" v="right_of:1"/>
		<tag k="surface" v="asphalt"/>
		<tag k="turn:lanes" v="||right"/>
	</way>
	<way id="919747359" version="2" timestamp="2023-03-30T13:11:03Z" changeset="0">
		<nd ref="3398461071"/>
		<nd ref="579738196"/>
		<tag k="highway" v="secondary"/>
		<tag k="junction" v="roundabout"/>
		<tag k="lanes" v="2"/>
		<tag k="maxspeed" v="40"/>
		<tag k="name" v="Museirondellen"/>
		<tag k="surface" v="asphalt"/>
	</way>
	<way id="919747360" version="2" timestamp="2023-04-16T15:18:14Z" changeset="0">
		<nd ref="3398461066"/>
		<nd ref="3398461067"/>
		<tag k="highway" v="secondary"/>
		<tag k="lanes" v="2"/>
		<tag k="maxspeed" v="40"/>
		<tag k="name" v="Östra Strandgatan"/>
		<tag k="oneway" v="yes"/>
		<tag k="surface" v="asphalt"/>
	</way>
	<way id="922012821" version="5" timestamp="2025-08-24T17:17:59Z" changeset="0">
		<nd ref="398207997"/>
		<nd ref="8245914749"/>
		<nd ref="10107970036"/>
		<nd ref="10125651368"/>
		<nd ref="254842705"/>
		<nd ref="254842799"/>
		<nd ref="2215240043"/>
		<tag k="cycleway:left" v="separate"/>
		<tag k="cycleway:right" v="no"/>
		<tag k="highway" v="residential"/>
		<tag k="maxspeed" v="40"/>
		<tag k="name" v="Gjuterigatan"/>
		<tag k="surface" v="paving_stones"/>
	</way>
	<way id="923272568" version="4" timestamp="2025-09-10T19:31:33Z" changeset="0">
		<nd ref="8570714802"/>
		<nd ref="8570714803"/>
		<tag k="bus" v="yes"/>
		<tag k="highway" v="platform"/>
		<tag k="name" v="D"/>
		<tag k="network" v="Jönköpings Länstrafik"/>
		<tag k="public_transport" v="platform"/>
		<tag k="ref" v="D"/>
	</way>
	<way id="923272569" version="4" timestamp="2025-09-10T19:31:33Z" changeset="0">
		<nd ref="8570714804"/>
		<nd ref="8570714805"/>
		<tag k="bus" v="yes"/>
		<tag k="highway" v="platform"/>
		<tag k="name" v="C"/>
		<tag k="network" v="Jönköpings Länstrafik"/>
		<tag k="public_transport" v="platform"/>
		<tag k="ref" v="C"/>
	</way>
	<way id="927242377" version="3" timestamp="2024-05-26T06:23:58Z" changeset="0">
		<nd ref="26347321"/>
		<nd ref="254840387"/>
		<nd ref="254840242"/>
		<nd ref="2215219613"/>
		<tag k="highway" v="unclassified"/>
		<tag k="lane_markings" v="no"/>
		<tag k="maxspeed" v="40"/>
		<tag k="name" v="Klostergatan"/>
		<tag k="surface" v="asphalt"/>
	</way>
	<way id="939227117" version="2" timestamp="2022-06-21T09:29:25Z" changeset="0">
		<nd ref="3158973141"/>
		<nd ref="9835590693"/>
		<nd ref="5156862644"/>
		<nd ref="5156862645"/>
		<nd ref="3158971739"/>
		<nd ref="5156862646"/>
		<nd ref="5156862647"/>
		<nd ref="3158971740"/>
		<nd ref="1240022072"/>
		<nd ref="9835590680"/>
		<nd ref="9835590679"/>
		<nd ref="9835590678"/>
		<tag k="highway" v="service"/>
	</way>
	<way id="946745810" version="4" timestamp="2022-08-25T08:05:16Z" changeset="0">
		<nd ref="8696210376"/>
		<nd ref="8325285010"/>
		<nd ref="8325285012"/>
		<tag k="highway" v="service"/>
		<tag k="surface" v="asphalt"/>
	</way>
	<way id="955486922" version="2" timestamp="2023-08-20T10:14:47Z" changeset="0">
		<nd ref="579741454"/>
		<nd ref="249592120"/>
		<nd ref="11130646622"/>
		<nd ref="249592125"/>
		<nd ref="8290422204"/>
		<tag k="cycleway" v="no"/>
		<tag k="foot" v="no"/>
		<tag k="highway" v="secondary"/>
		<tag k="lanes" v="2"/>
		<tag k="maxspeed" v="40"/>
		<tag k="name" v="Munksjögatan"/>
		<tag k="oneway" v="yes"/>
		<tag k="ref" v="E 4.01"/>
		<tag k="surface" v="asphalt"/>
	</way>
	<way id="955486923" version="2" timestamp="2021-08-02T12:36:16Z" changeset="0">
		<nd ref="249580712"/>
		<nd ref="8290422197"/>
		<tag k="highway" v="tertiary"/>
		<tag k="maxspeed" v="40"/>
		<tag k="name" v="Gjuterigatan"/>
		<tag k="oneway" v="yes"/>
		<tag k="surface" v="asphalt"/>
	</way>
	<way id="955486926" version="3" timestamp="2023-10-30T14:39:02Z" changeset="0">
		<nd ref="9021843183"/>
		<nd ref="133538"/>
		<nd ref="133539"/>
		<nd ref="1471039354"/>
		<nd ref="251124076"/>
		<tag k="highway" v="tertiary"/>
		<tag k="maxspeed" v="40"/>
		<tag k="name" v="Kyrkogatan"/>
		<tag k="surface" v="asphalt"/>
	</way>
	<way id="956652760" version="2" timestamp="2022-01-18T06:41:42Z" changeset="0">
		<nd ref="3770700262"/>
		<nd ref="9427394586"/>
		<nd ref="254850410"/>
		<tag k="access" v="no"/>
		<tag k="highway" v="residential"/>
		<tag k="maxspeed" v="30"/>
		<tag k="name" v="Västra Storgatan"/>
		<tag k="psv" v="yes"/>
	</way>
	<way id="956652761" version="3" timestamp="2022-01-18T06:41:42Z" changeset="0">
		<nd ref="3770700261"/>
		<nd ref="3770700288"/>
		<nd ref="9014263376"/>
		<nd ref="8327058351"/>
		<nd ref="254850410"/>
		<tag k="access" v="no"/>
		<tag k="highway" v="residential"/>
		<tag k="maxspeed" v="30"/>
		<tag k="name" v="Hamnplansgatan"/>
		<tag k="psv" v="yes"/>
	</way>
	<way id="956652762" version="1" timestamp="2021-06-21T16:10:54Z" changeset="0">
		<nd ref="254850406"/>
		<nd ref="4845182748"/>
		<nd ref="6546896808"/>
		<nd ref="254850407"/>
		<nd ref="254850408"/>
		<nd ref="7596244779"/>
		<tag k="access" v="no"/>
		<tag k="highway" v="residential"/>
		<tag k="maxspeed" v="30"/>
		<tag k="name" v="Hamnplansgatan"/>
		<tag k="psv" v="yes"/>
	</way>
	<way id="956652763" version="1" timestamp="2021-06-21T16:10:54Z" changeset="0">
		<nd ref="7596244779"/>
		<nd ref="8327046854"/>
		<nd ref="7600353748"/>
		<nd ref="6546910278"/>
		<tag k="highway" v="service"/>
	</way>
	<way id="956652764" version="1" timestamp="2021-06-21T16:10:54Z" changeset="0">
		<nd ref="4037508531"/>
		<nd ref="1680993617"/>
		<nd ref="6546898172"/>
		<tag k="highway" v="tertiary"/>
		<tag k="maxspeed" v="40"/>
		<tag k="name" v="Skolgatan"/>
		<tag k="source" v="Bing Aerial"/>
		<tag k="surface" v="asphalt"/>
	</way>
	<way id="956781284" version="2" timestamp="2021-08-03T06:06:44Z" changeset="0">
		<nd ref="8245914068"/>
		<nd ref="8976193143"/>
		<nd ref="2456442328"/>
		<nd ref="8245914069"/>
		<nd ref="2457681357"/>
		<tag k="highway" v="secondary"/>
		<tag k="junction" v="roundabout"/>
		<tag k="maxspeed" v="40"/>
		<tag k="name" v="Munksjörondellen"/>
		<tag k="surface" v="asphalt"/>
	</way>
	<way id="956781285" version="2" timestamp="2021-08-03T06:06:44Z" changeset="0">
		<nd ref="249592103"/>
		<nd ref="2456442326"/>
		<nd ref="2456442327"/>
		<nd ref="8245914070"/>
		<nd ref="8245914071"/>
		<nd ref="8976193139"/>
		<nd ref="579741654"/>
		<tag k="highway" v="secondary"/>
		<tag k="junction" v="roundabout"/>
		<tag k="maxspeed" v="40"/>
		<tag k="name" v="Munksjörondellen"/>
		<tag k="surface" v="asphalt"/>
	</way>
	<way id="956781286" version="4" timestamp="2025-08-23T09:34:53Z" changeset="0">
		<nd ref="249592109"/>
		<nd ref="11130646634"/>
		<nd ref="8976126680"/>
		<nd ref="11130646635"/>
		<nd ref="8976126681"/>
		<nd ref="579741422"/>
		<nd ref="11130646633"/>
		<nd ref="579741438"/>
		<nd ref="249592106"/>
		<nd ref="11130646625"/>
		<nd ref="579741454"/>
		<nd ref="249592114"/>
		<nd ref="11130646630"/>
		<nd ref="579741511"/>
		<nd ref="1239975708"/>
		<nd ref="11130646631"/>
		<nd ref="157632366"/>
		<tag k="highway" v="secondary"/>
		<tag k="junction" v="roundabout"/>
		<tag k="maxspeed" v="40"/>
		<tag k="name" v="Högskolerondellen"/>
		<tag k="surface" v="asphalt"/>
	</way>
	<way id="956781287" version="1" timestamp="2021-06-21T18:58:59Z" changeset="0">
		<nd ref="2457681357"/>
		<nd ref="249592103"/>
		<tag k="highway" v="secondary"/>
		<tag k="junction" v="roundabout"/>
		<tag k="maxspeed" v="40"/>
		<tag k="name" v="Munksjörondellen"/>
		<tag k="surface" v="asphalt"/>
	</way>
	<way id="956955136" version="2" timestamp="2021-08-03T06:06:44Z" changeset="0">
		<nd ref="8245914066"/>
		<nd ref="8976193136"/>
		<nd ref="8245914072"/>
		<nd ref="579741738"/>
		<nd ref="8245914067"/>
		<nd ref="249591125"/>
		<tag k="highway" v="secondary"/>
		<tag k="junction" v="roundabout"/>
		<tag k="maxspeed" v="40"/>
		<tag k="name" v="Munksjörondellen"/>
		<tag k="surface" v="asphalt"/>
	</way>
	<way id="956955137" version="2" timestamp="2021-08-03T06:06:44Z" changeset="0">
		<nd ref="249591125"/>
		<nd ref="8245914068"/>
		<tag k="highway" v="secondary"/>
		<tag k="junction" v="roundabout"/>
		<tag k="maxspeed" v="40"/>
		<tag k="name" v="Munksjörondellen"/>
		<tag k="surface" v="asphalt"/>
	</way>
	<way id="957645822" version="6" timestamp="2023-12-04T15:58:47Z" changeset="0">
		<nd ref="3128216408"/>
		<nd ref="8997135692"/>
		<nd ref="2086934425"/>
		<nd ref="8997135693"/>
		<nd ref="3128216412"/>
		<tag k="highway" v="tertiary"/>
		<tag k="junction" v="roundabout"/>
		<tag k="lanes" v="1"/>
		<tag k="maxspeed" v="40"/>
		<tag k="name" v="Junerondellen"/>
		<tag k="surface" v="asphalt"/>
	</way>
	<way id="957898393" version="4" timestamp="2023-12-04T15:58:50Z" changeset="0">
		<nd ref="3128216402"/>
		<nd ref="8997135678"/>
		<nd ref="8997135679"/>
		<nd ref="8997133057"/>
		<nd ref="8997135680"/>
		<nd ref="8997135681"/>
		<nd ref="2086934416"/>
		<nd ref="8997135682"/>
		<nd ref="8997135683"/>
		<nd ref="133559"/>
		<tag k="highway" v="tertiary"/>
		<tag k="junction" v="roundabout"/>
		<tag k="lanes" v="1"/>
		<tag k="maxspeed" v="40"/>
		<tag k="name" v="Junerondellen"/>
		<tag k="surface" v="asphalt"/>
	</way>
	<way id="957898394" version="4" timestamp="2023-12-04T15:58:48Z" changeset="0">
		<nd ref="2086934423"/>
		<nd ref="8997135687"/>
		<nd ref="8997135688"/>
		<nd ref="5768610853"/>
		<nd ref="8997135689"/>
		<nd ref="8997135690"/>
		<nd ref="8997135691"/>
		<nd ref="3128216408"/>
		<tag k="highway" v="tertiary"/>
		<tag k="junction" v="roundabout"/>
		<tag k="lanes" v="1"/>
		<tag k="maxspeed" v="40"/>
		<tag k="name" v="Junerondellen"/>
		<tag k="surface" v="asphalt"/>
	</way>
	<way id="957898397" version="5" timestamp="2023-12-04T15:58:48Z" changeset="0">
		<nd ref="133559"/>
		<nd ref="8997135684"/>
		<nd ref="2086934417"/>
		<nd ref="8997135685"/>
		<nd ref="26347316"/>
		<nd ref="8997135686"/>
		<nd ref="2086934423"/>
		<tag k="highway" v="tertiary"/>
		<tag k="junction" v="roundabout"/>
		<tag k="lanes" v="2"/>
		<tag k="maxspeed" v="40"/>
		<tag k="name" v="Junerondellen"/>
		<tag k="placement" v="middle_of:1"/>
		<tag k="surface" v="asphalt"/>
	</way>
	<way id="958662607" version="2" timestamp="2023-05-26T06:02:13Z" changeset="0">
		<nd ref="1680993616"/>
		<nd ref="8843118074"/>
		<tag k="highway" v="tertiary"/>
		<tag k="maxspeed" v="40"/>
		<tag k="name" v="Skolgatan"/>
		<tag k="source" v="Bing Aerial"/>
		<tag k="surface" v="asphalt"/>
	</way>
	<way id="958662608" version="2" timestamp="2023-05-26T06:02:13Z" changeset="0">
		<nd ref="6546898172"/>
		<nd ref="6546898173"/>
		<nd ref="8327046846"/>
		<nd ref="10927990803"/>
		<nd ref="1680993616"/>
		<tag k="highway" v="tertiary"/>
		<tag k="maxspeed" v="40"/>
		<tag k="name" v="Skolgatan"/>
		<tag k="source" v="Bing Aerial"/>
		<tag k="surface" v="asphalt"/>
	</way>
	<way id="972103784" version="2" timestamp="2023-12-04T15:58:49Z" changeset="0">
		<nd ref="3128216397"/>
		<nd ref="8997124714"/>
		<nd ref="8997133059"/>
		<nd ref="133559"/>
		<tag k="highway" v="tertiary"/>
		<tag k="lanes" v="2"/>
		<tag k="maxspeed" v="40"/>
		<tag k="name" v="Junegatan"/>
		<tag k="oneway" v="yes"/>
		<tag k="ref" v="F 670"/>
		<tag k="reg_ref" v="670"/>
		<tag k="surface" v="asphalt"/>
	</way>
	<way id="972103785" version="3" timestamp="2023-12-04T15:58:49Z" changeset="0">
		<nd ref="3128216402"/>
		<nd ref="11284626119"/>
		<nd ref="3128216396"/>
		<tag k="highway" v="tertiary"/>
		<tag k="lanes" v="1"/>
		<tag k="maxspeed" v="40"/>
		<tag k="name" v="Junegatan"/>
		<tag k="oneway" v="yes"/>
		<tag k="surface" v="asphalt"/>
	</way>
	<way id="972103786" version="2" timestamp="2023-10-23T20:24:51Z" changeset="0">
		<nd ref="3128216397"/>
		<nd ref="3128216399"/>
		<nd ref="3128216398"/>
		<nd ref="11284626104"/>
		<nd ref="1240022173"/>
		<tag k="access" v="no"/>
		<tag k="highway" v="service"/>
		<tag k="lanes" v="1"/>
		<tag k="maxspeed" v="40"/>
		<tag k="oneway" v="yes"/>
		<tag k="psv" v="designated"/>
	</way>
	<way id="972103787" version="1" timestamp="2021-08-10T21:30:47Z" changeset="0">
		<nd ref="3128216396"/>
		<nd ref="3128216397"/>
		<tag k="access" v="no"/>
		<tag k="highway" v="service"/>
		<tag k="lanes" v="1"/>
		<tag k="maxspeed" v="40"/>
		<tag k="oneway" v="yes"/>
		<tag k="psv" v="designated"/>
	</way>
	<way id="972103788" version="4" timestamp="2023-12-04T15:58:52Z" changeset="0">
		<nd ref="2086934423"/>
		<nd ref="5768610854"/>
		<nd ref="8997133063"/>
		<nd ref="8997132948"/>
		<nd ref="8997132918"/>
		<nd ref="8997132917"/>
		<nd ref="8997124716"/>
		<nd ref="11284626125"/>
		<nd ref="2086934430"/>
		<tag k="highway" v="tertiary"/>
		<tag k="lanes" v="1"/>
		<tag k="maxspeed" v="40"/>
		<tag k="name" v="Järnvägsgatan"/>
		<tag k="oneway" v="yes"/>
		<tag k="surface" v="asphalt"/>
	</way>
	<way id="972103790" version="3" timestamp="2023-12-04T15:58:52Z" changeset="0">
		<nd ref="2086934430"/>
		<nd ref="11284626128"/>
		<nd ref="11284626127"/>
		<nd ref="2086934431"/>
		<nd ref="11284626126"/>
		<nd ref="3122752792"/>
		<tag k="highway" v="tertiary"/>
		<tag k="lanes" v="1"/>
		<tag k="maxspeed" v="40"/>
		<tag k="name" v="Järnvägsgatan"/>
		<tag k="oneway" v="yes"/>
		<tag k="surface" v="asphalt"/>
	</way>
	<way id="972103791" version="3" timestamp="2023-10-23T20:24:51Z" changeset="0">
		<nd ref="3128216404"/>
		<nd ref="10116318221"/>
		<nd ref="2086934419"/>
		<nd ref="8997132918"/>
		<tag k="highway" v="unclassified"/>
		<tag k="lanes" v="2"/>
		<tag k="maxspeed" v="40"/>
		<tag k="name" v="Västra Storgatan"/>
		<tag k="oneway" v="no"/>
		<tag k="surface" v="asphalt"/>
	</way>
	<way id="972103805" version="2" timestamp="2023-10-23T20:24:51Z" changeset="0">
		<nd ref="3128216426"/>
		<nd ref="3128222229"/>
		<nd ref="11284626109"/>
		<nd ref="3128222230"/>
		<nd ref="3128222233"/>
		<nd ref="3128222232"/>
		<nd ref="11284626108"/>
		<nd ref="3128222234"/>
		<nd ref="3128222236"/>
		<tag k="access:lanes" v="||no"/>
		<tag k="change:lanes" v="yes|not_right|no"/>
		<tag k="highway" v="tertiary"/>
		<tag k="lanes" v="3"/>
		<tag k="maxspeed" v="40"/>
		<tag k="name" v="Kortebovägen"/>
		<tag k="oneway" v="yes"/>
		<tag k="placement" v="right_of:1"/>
		<tag k="psv:lanes" v="||designated"/>
		<tag k="ref" v="F 670"/>
		<tag k="reg_ref" v="670"/>
		<tag k="surface" v="paved"/>
		<tag k="turn:lanes" v="left|through|"/>
	</way>
	<way id="972103812" version="3" timestamp="2023-12-04T15:58:47Z" changeset="0">
		<nd ref="3128216412"/>
		<nd ref="8997135694"/>
		<nd ref="2086934428"/>
		<nd ref="8997135696"/>
		<nd ref="8997133058"/>
		<nd ref="8997135695"/>
		<nd ref="26304693"/>
		<tag k="highway" v="tertiary"/>
		<tag k="junction" v="roundabout"/>
		<tag k="lanes" v="1"/>
		<tag k="maxspeed" v="40"/>
		<tag k="name" v="Junerondellen"/>
		<tag k="surface" v="asphalt"/>
	</way>
	<way id="972103816" version="2" timestamp="2024-05-26T06:23:58Z" changeset="0">
		<nd ref="8997133079"/>
		<nd ref="8997133078"/>
		<nd ref="8997133077"/>
		<tag k="highway" v="service"/>
		<tag k="surface" v="asphalt"/>
	</way>
	<way id="972103817" version="1" timestamp="2021-08-10T21:30:47Z" changeset="0">
		<nd ref="8997133081"/>
		<nd ref="8997133080"/>
		<tag k="highway" v="service"/>
	</way>
	<way id="974052862" version="2" timestamp="2025-07-27T16:47:13Z" changeset="0">
		<nd ref="9014324284"/>
		<nd ref="9014324285"/>
		<nd ref="9014324286"/>
		<nd ref="9014324290"/>
		<nd ref="9014324287"/>
		<nd ref="9014324288"/>
		<nd ref="9014324289"/>
		<tag k="highway" v="service"/>
		<tag k="surface" v="asphalt"/>
	</way>
	<way id="974360376" version="2" timestamp="2025-11-03T11:20:21Z" changeset="0">
		<nd ref="254840544"/>
		<nd ref="9017341084"/>
		<nd ref="9017341081"/>
		<nd ref="9017341091"/>
		<tag k="highway" v="service"/>
		<tag k="maxspeed" v="5"/>
	</way>
	<way id="974360377" version="4" timestamp="2025-11-03T11:20:21Z" changeset="0">
		<nd ref="9017341074"/>
		<nd ref="9017341102"/>
		<nd ref="9017341088"/>
		<nd ref="9226637807"/>
		<nd ref="9017341075"/>
		<nd ref="9017341091"/>
		<nd ref="9017341079"/>
		<nd ref="9017341077"/>
		<nd ref="9017341076"/>
		<nd ref="13277423524"/>
		<nd ref="9017341090"/>
		<tag k="highway" v="service"/>
		<tag k="maxspeed" v="5"/>
	</way>
	<way id="974360378" version="2" timestamp="2025-11-03T11:20:21Z" changeset="0">
		<nd ref="9017341077"/>
		<nd ref="9017341085"/>
		<nd ref="9017341078"/>
		<tag k="highway" v="service"/>
		<tag k="maxspeed" v="5"/>
		<tag k="service" v="parking_aisle"/>
	</way>
	<way id="974360379" version="2" timestamp="2025-11-03T11:20:21Z" changeset="0">
		<nd ref="9017341079"/>
		<nd ref="9017341086"/>
		<nd ref="9017341080"/>
		<tag k="highway" v="service"/>
		<tag k="maxspeed" v="5"/>
		<tag k="service" v="parking_aisle"/>
	</way>
	<way id="974360380" version="2" timestamp="2025-11-03T11:20:21Z" changeset="0">
		<nd ref="9017341081"/>
		<nd ref="9017341082"/>
		<nd ref="9017341087"/>
		<nd ref="9017341083"/>
		<tag k="highway" v="service"/>
		<tag k="maxspeed" v="5"/>
		<tag k="service" v="parking_aisle"/>
	</way>
	<way id="974360381" version="2" timestamp="2025-11-03T11:20:21Z" changeset="0">
		<nd ref="9017341084"/>
		<nd ref="9017341086"/>
		<nd ref="9017341085"/>
		<tag k="highway" v="service"/>
		<tag k="maxspeed" v="5"/>
		<tag k="service" v="parking_aisle"/>
	</way>
	<way id="974360382" version="2" timestamp="2025-11-03T11:20:21Z" changeset="0">
		<nd ref="9017341087"/>
		<nd ref="9017341088"/>
		<tag k="highway" v="service"/>
		<tag k="maxspeed" v="5"/>
		<tag k="service" v="parking_aisle"/>
	</way>
	<way id="974894267" version="1" timestamp="2021-08-20T06:02:56Z" changeset="0">
		<nd ref="9021843176"/>
		<nd ref="9021843177"/>
		<nd ref="9021843178"/>
		<nd ref="9021843179"/>
		<nd ref="9021843180"/>
		<nd ref="9021843181"/>
		<nd ref="9021843182"/>
		<nd ref="9021843183"/>
		<tag k="highway" v="tertiary_link"/>
		<tag k="oneway" v="yes"/>
	</way>
	<way id="974910184" version="1" timestamp="2021-08-20T07:09:43Z" changeset="0">
		<nd ref="9022029214"/>
		<nd ref="9022034617"/>
		<nd ref="9022029216"/>
		<nd ref="9022029215"/>
		<tag k="highway" v="service"/>
		<tag k="service" v="driveway"/>
	</way>
	<way id="974910185" version="1" timestamp="2021-08-20T07:09:43Z" changeset="0">
		<nd ref="9022034618"/>
		<nd ref="9022029215"/>
		<nd ref="9022034619"/>
		<nd ref="9022034620"/>
		<nd ref="9022034621"/>
		<nd ref="9022034622"/>
		<nd ref="9022034623"/>
		<nd ref="9022034624"/>
		<nd ref="9022034625"/>
		<nd ref="9022034626"/>
		<tag k="highway" v="service"/>
		<tag k="service" v="driveway"/>
	</way>
	<way id="975893193" version="2" timestamp="2021-10-22T07:55:20Z" changeset="0">
		<nd ref="9031140534"/>
		<nd ref="9192563086"/>
		<nd ref="9031140535"/>
		<nd ref="9031140536"/>
		<nd ref="9031140537"/>
		<nd ref="9031140538"/>
		<nd ref="9031140539"/>
		<nd ref="9031140543"/>
		<nd ref="9031140544"/>
		<nd ref="9031140545"/>
		<nd ref="9031140540"/>
		<nd ref="9031140546"/>
		<nd ref="9031140547"/>
		<nd ref="9031140548"/>
		<nd ref="9031140549"/>
		<nd ref="9031140541"/>
		<nd ref="9192563085"/>
		<nd ref="9031140542"/>
		<tag k="highway" v="service"/>
		<tag k="oneway" v="yes"/>
	</way>
	<way id="975893197" version="1" timestamp="2021-08-24T06:31:25Z" changeset="0">
		<nd ref="9031140612"/>
		<nd ref="9031140613"/>
		<nd ref="9031140615"/>
		<nd ref="9031140614"/>
		<tag k="highway" v="service"/>
	</way>
	<way id="975893199" version="1" timestamp="2021-08-24T06:31:25Z" changeset="0">
		<nd ref="9031140611"/>
		<nd ref="9031140612"/>
		<nd ref="9031140626"/>
		<nd ref="9031140627"/>
		<nd ref="9031140628"/>
		<tag k="highway" v="service"/>
	</way>
	<way id="975893210" version="3" timestamp="2022-12-20T14:55:52Z" changeset="0">
		<nd ref="9031140610"/>
		<nd ref="9576148747"/>
		<nd ref="9031140611"/>
		<tag k="highway" v="service"/>
		<tag k="name" v="Lasarettsgatan"/>
	</way>
	<way id="975893211" version="1" timestamp="2021-08-24T06:31:25Z" changeset="0">
		<nd ref="9031140611"/>
		<nd ref="9031140682"/>
		<nd ref="9031140683"/>
		<nd ref="9031140684"/>
		<nd ref="9031140685"/>
		<nd ref="9031140686"/>
		<nd ref="9031140687"/>
		<nd ref="9031140688"/>
		<nd ref="9031140689"/>
		<tag k="highway" v="service"/>
	</way>
	<way id="978929050" version="1" timestamp="2021-09-03T06:00:46Z" changeset="0">
		<nd ref="3156475941"/>
		<nd ref="3156475939"/>
		<nd ref="3149451266"/>
		<nd ref="3149451264"/>
		<nd ref="257071291"/>
		<nd ref="3156475935"/>
		<nd ref="945982914"/>
		<tag k="highway" v="residential"/>
		<tag k="lit" v="yes"/>
		<tag k="maxspeed" v="40"/>
		<tag k="name" v="Pollaregatan"/>
		<tag k="surface" v="asphalt"/>
	</way>
	<way id="978933815" version="1" timestamp="2021-09-03T06:28:28Z" changeset="0">
		<nd ref="9057913689"/>
		<nd ref="9057913690"/>
		<tag k="highway" v="service"/>
	</way>
	<way id="978933816" version="1" timestamp="2021-09-03T06:28:28Z" changeset="0">
		<nd ref="9057913691"/>
		<nd ref="9057913692"/>
		<tag k="highway" v="service"/>
	</way>
	<way id="986647227" version="3" timestamp="2025-07-27T16:47:02Z" changeset="0">
		<nd ref="951536716"/>
		<nd ref="9120014803"/>
		<nd ref="9120014799"/>
		<nd ref="9120014800"/>
		<nd ref="9120014804"/>
		<nd ref="9120014801"/>
		<nd ref="951536724"/>
		<tag k="highway" v="service"/>
		<tag k="maxspeed" v="40"/>
		<tag k="oneway" v="yes"/>
		<tag k="smoothness" v="excellent"/>
		<tag k="surface" v="asphalt"/>
	</way>
	<way id="992985808" version="2" timestamp="2021-10-20T09:24:19Z" changeset="0">
		<nd ref="9173880667"/>
		<nd ref="9173880675"/>
		<nd ref="9173880676"/>
		<nd ref="9173880677"/>
		<nd ref="9173880678"/>
		<nd ref="9173880679"/>
		<tag k="highway" v="service"/>
	</way>
	<way id="1071889242" version="1" timestamp="2022-06-21T09:29:25Z" changeset="0">
		<nd ref="3158971738"/>
		<nd ref="5156862621"/>
		<nd ref="9835590658"/>
		<nd ref="9835590659"/>
		<nd ref="9835590694"/>
		<nd ref="3158973141"/>
		<tag k="highway" v="service"/>
	</way>
	<way id="1104579670" version="1" timestamp="2022-10-17T05:58:23Z" changeset="0">
		<nd ref="10107912814"/>
		<nd ref="10107915822"/>
		<nd ref="10107912815"/>
		<nd ref="10107912816"/>
		<nd ref="10107915817"/>
		<nd ref="10107915818"/>
		<nd ref="10107915819"/>
		<nd ref="10107915820"/>
		<nd ref="10107915821"/>
		<nd ref="10107915822"/>
		<tag k="highway" v="service"/>
	</way>
	<way id="1104582327" version="1" timestamp="2022-10-17T06:08:45Z" changeset="0">
		<nd ref="10107907616"/>
		<nd ref="10107934417"/>
		<tag k="highway" v="service"/>
		<tag k="service" v="parking_aisle"/>
	</way>
	<way id="1104584411" version="1" timestamp="2022-10-17T06:23:57Z" changeset="0">
		<nd ref="10107942929"/>
		<nd ref="10107942930"/>
		<nd ref="10107942931"/>
		<nd ref="10107942932"/>
		<nd ref="10107942933"/>
		<tag k="highway" v="service"/>
	</way>
	<way id="1104587559" version="2" timestamp="2024-01-09T20:06:58Z" changeset="0">
		<nd ref="10107970036"/>
		<nd ref="11504192918"/>
		<nd ref="11504192917"/>
		<nd ref="11504192916"/>
		<nd ref="10107970037"/>
		<nd ref="10107970038"/>
		<nd ref="10107970039"/>
		<tag k="highway" v="service"/>
	</way>
	<way id="1104587834" version="1" timestamp="2022-10-17T06:45:07Z" changeset="0">
		<nd ref="10107959747"/>
		<nd ref="10107959751"/>
		<nd ref="10107959749"/>
		<nd ref="10107959748"/>
		<tag k="highway" v="service"/>
	</way>
	<way id="1104587835" version="1" timestamp="2022-10-17T06:45:07Z" changeset="0">
		<nd ref="10107959749"/>
		<nd ref="10107959750"/>
		<tag k="highway" v="service"/>
	</way>
	<way id="1104587836" version="1" timestamp="2022-10-17T06:45:07Z" changeset="0">
		<nd ref="10107959751"/>
		<nd ref="10107959752"/>
		<tag k="highway" v="service"/>
	</way>
	<way id="1104630878" version="1" timestamp="2022-10-17T10:18:48Z" changeset="0">
		<nd ref="10108318247"/>
		<nd ref="10108318248"/>
		<tag k="highway" v="service"/>
	</way>
	<way id="1104637148" version="1" timestamp="2022-10-17T10:31:06Z" changeset="0">
		<nd ref="10108358588"/>
		<nd ref="10108358587"/>
		<tag k="highway" v="service"/>
		<tag k="layer" v="-1"/>
	</way>
	<way id="1104637149" version="2" timestamp="2025-01-29T12:24:00Z" changeset="0">
		<nd ref="10108358589"/>
		<nd ref="12541519996"/>
		<tag k="highway" v="service"/>
		<tag k="layer" v="-1"/>
		<tag k="tunnel" v="yes"/>
	</way>
	<way id="1104637150" version="1" timestamp="2022-10-17T10:31:06Z" changeset="0">
		<nd ref="10108358586"/>
		<nd ref="10108358589"/>
		<tag k="highway" v="service"/>
		<tag k="layer" v="-1"/>
	</way>
	<way id="1105496485" version="1" timestamp="2022-10-20T11:45:32Z" changeset="0">
		<nd ref="10116353784"/>
		<nd ref="10116353783"/>
		<nd ref="10116353782"/>
		<nd ref="10116353781"/>
		<nd ref="10116353780"/>
		<nd ref="10116353779"/>
		<nd ref="10116353778"/>
		<nd ref="10116353777"/>
		<nd ref="10116353776"/>
		<tag k="highway" v="service"/>
		<tag k="service" v="parking_aisle"/>
	</way>
	<way id="1105505859" version="2" timestamp="2025-04-16T18:48:48Z" changeset="0">
		<nd ref="10116396102"/>
		<nd ref="12760355006"/>
		<nd ref="12760355007"/>
		<nd ref="10116396103"/>
		<nd ref="10116396104"/>
		<nd ref="12760355008"/>
		<nd ref="12760355009"/>
		<nd ref="10116396105"/>
		<nd ref="12760355010"/>
		<nd ref="12760355011"/>
		<nd ref="12760355012"/>
		<nd ref="10116396106"/>
		<nd ref="12760355014"/>
		<nd ref="12760355013"/>
		<nd ref="12760316709"/>
		<nd ref="12760316708"/>
		<nd ref="12760316707"/>
		<tag k="highway" v="service"/>
	</way>
	<way id="1105517277" version="1" timestamp="2022-10-20T12:44:51Z" changeset="0">
		<nd ref="10116452297"/>
		<nd ref="10116452298"/>
		<tag k="highway" v="service"/>
		<tag k="service" v="parking_aisle"/>
	</way>
	<way id="1105520938" version="1" timestamp="2022-10-20T12:56:08Z" changeset="0">
		<nd ref="10116514257"/>
		<nd ref="10116514258"/>
		<nd ref="10116514259"/>
		<tag k="highway" v="service"/>
	</way>
	<way id="1105528914" version="1" timestamp="2022-10-20T13:28:38Z" changeset="0">
		<nd ref="8325249751"/>
		<nd ref="10116568186"/>
		<tag k="highway" v="service"/>
		<tag k="surface" v="asphalt"/>
	</way>
	<way id="1106533356" version="2" timestamp="2024-01-09T20:06:58Z" changeset="0">
		<nd ref="10125651368"/>
		<nd ref="11504192922"/>
		<nd ref="9119605112"/>
		<tag k="highway" v="service"/>
		<tag k="surface" v="asphalt"/>
	</way>
	<way id="1147665445" version="3" timestamp="2023-12-08T07:06:44Z" changeset="0">
		<nd ref="10678690530"/>
		<nd ref="10678690531"/>
		<nd ref="10678690532"/>
		<nd ref="10678690533"/>
		<nd ref="11398483973"/>
		<nd ref="10116627390"/>
		<nd ref="10678690534"/>
		<tag k="highway" v="living_street"/>
	</way>
	<way id="1217883003" version="1" timestamp="2023-10-23T20:24:50Z" changeset="0">
		<nd ref="3122752792"/>
		<nd ref="2086934427"/>
		<tag k="highway" v="tertiary"/>
		<tag k="lanes" v="2"/>
		<tag k="maxspeed" v="40"/>
		<tag k="name" v="Järnvägsgatan"/>
		<tag k="oneway" v="yes"/>
		<tag k="source:maxspeed" v="sign"/>
		<tag k="surface" v="asphalt"/>
	</way>
	<way id="1217883004" version="1" timestamp="2023-10-23T20:24:50Z" changeset="0">
		<nd ref="8997132918"/>
		<nd ref="2086934427"/>
		<tag k="highway" v="unclassified"/>
		<tag k="lanes" v="2"/>
		<tag k="maxspeed" v="40"/>
		<tag k="name" v="Västra Storgatan"/>
		<tag k="oneway" v="no"/>
		<tag k="surface" v="asphalt"/>
	</way>
	<way id="1219538618" version="1" timestamp="2023-10-30T14:39:02Z" changeset="0">
		<nd ref="251665085"/>
		<nd ref="7603466054"/>
		<nd ref="9021843183"/>
		<tag k="highway" v="tertiary"/>
		<tag k="maxspeed" v="40"/>
		<tag k="name" v="Kyrkogatan"/>
		<tag k="surface" v="asphalt"/>
	</way>
	<way id="1219538619" version="1" timestamp="2023-10-30T14:39:02Z" changeset="0">
		<nd ref="9021843176"/>
		<nd ref="1680993621"/>
		<nd ref="251665085"/>
		<tag k="highway" v="tertiary"/>
		<tag k="maxspeed" v="40"/>
		<tag k="name" v="Skolgatan"/>
		<tag k="source" v="Bing Aerial"/>
		<tag k="surface" v="asphalt"/>
	</way>
	<way id="1238407340" version="1" timestamp="2024-01-09T20:06:58Z" changeset="0">
		<nd ref="11504192917"/>
		<nd ref="11504192915"/>
		<tag k="highway" v="service"/>
		<tag k="service" v="parking_aisle"/>
	</way>
	<way id="1309082274" version="1" timestamp="2024-08-20T16:41:53Z" changeset="0">
		<nd ref="12122552266"/>
		<nd ref="12122552267"/>
		<tag k="highway" v="service"/>
		<tag k="tunnel" v="building_passage"/>
	</way>
	<way id="1309082275" version="2" timestamp="2024-12-18T16:15:40Z" changeset="0">
		<nd ref="12122552274"/>
		<nd ref="12431148937"/>
		<nd ref="12122552266"/>
		<tag k="highway" v="service"/>
	</way>
	<way id="1309082276" version="1" timestamp="2024-08-20T16:41:53Z" changeset="0">
		<nd ref="12122552269"/>
		<nd ref="12122552273"/>
		<nd ref="12122552268"/>
		<tag k="highway" v="service"/>
		<tag k="service" v="parking_aisle"/>
	</way>
	<way id="1309082277" version="1" timestamp="2024-08-20T16:41:53Z" changeset="0">
		<nd ref="12122552272"/>
		<nd ref="12122552271"/>
		<nd ref="12122552270"/>
		<tag k="highway" v="service"/>
		<tag k="service" v="parking_aisle"/>
	</way>
	<way id="1309082278" version="1" timestamp="2024-08-20T16:41:53Z" changeset="0">
		<nd ref="12122552267"/>
		<nd ref="12122552271"/>
		<nd ref="12122552273"/>
		<tag k="highway" v="service"/>
	</way>
	<way id="1309082281" version="1" timestamp="2024-08-20T16:41:53Z" changeset="0">
		<nd ref="12122552282"/>
		<nd ref="12122552281"/>
		<tag k="highway" v="service"/>
		<tag k="service" v="parking_aisle"/>
		<tag k="surface" v="asphalt"/>
	</way>
	<way id="1309082282" version="1" timestamp="2024-08-20T16:41:53Z" changeset="0">
		<nd ref="12122552284"/>
		<nd ref="12122552283"/>
		<tag k="highway" v="service"/>
		<tag k="service" v="parking_aisle"/>
		<tag k="surface" v="asphalt"/>
	</way>
	<way id="1309082283" version="1" timestamp="2024-08-20T16:41:53Z" changeset="0">
		<nd ref="12122552285"/>
		<nd ref="12122552284"/>
		<nd ref="12122552282"/>
		<nd ref="10111336120"/>
		<tag k="highway" v="service"/>
		<tag k="surface" v="asphalt"/>
	</way>
	<way id="1309082284" version="1" timestamp="2024-08-20T16:41:53Z" changeset="0">
		<nd ref="10111335515"/>
		<nd ref="10111335516"/>
		<tag k="highway" v="service"/>
		<tag k="surface" v="asphalt"/>
	</way>
	<way id="1314372713" version="1" timestamp="2024-09-09T13:22:08Z" changeset="0">
		<nd ref="12165573175"/>
		<nd ref="12165573169"/>
		<nd ref="12165573170"/>
		<nd ref="12165573171"/>
		<nd ref="12165573172"/>
		<nd ref="12165573174"/>
		<nd ref="12165573173"/>
		<tag k="highway" v="service"/>
	</way>
	<way id="1355158928" version="1" timestamp="2025-01-29T12:24:00Z" changeset="0">
		<nd ref="12541519996"/>
		<nd ref="10108358588"/>
		<tag k="highway" v="service"/>
		<tag k="tunnel" v="building_passage"/>
	</way>
	<way id="1355914271" version="1" timestamp="2025-02-01T10:28:55Z" changeset="0">
		<nd ref="8245900271"/>
		<nd ref="8974486450"/>
		<nd ref="8245900272"/>
		<tag k="highway" v="service"/>
	</way>
	<way id="1355914272" version="1" timestamp="2025-02-01T10:28:55Z" changeset="0">
		<nd ref="8245900270"/>
		<nd ref="8245900271"/>
		<tag k="fixme" v="maxheight"/>
		<tag k="highway" v="service"/>
	</way>
	<way id="1355914273" version="1" timestamp="2025-02-01T10:28:55Z" changeset="0">
		<nd ref="133555"/>
		<nd ref="157632355"/>
		<nd ref="11130646649"/>
		<tag k="cycleway" v="no"/>
		<tag k="foot" v="no"/>
		<tag k="highway" v="secondary"/>
		<tag k="lanes" v="2"/>
		<tag k="maxheight" v="default"/>
		<tag k="maxspeed" v="40"/>
		<tag k="name" v="Munksjögatan"/>
		<tag k="oneway" v="yes"/>
		<tag k="surface" v="asphalt"/>
	</way>
	<way id="1355914274" version="1" timestamp="2025-02-01T10:28:55Z" changeset="0">
		<nd ref="249592103"/>
		<nd ref="8290493395"/>
		<nd ref="249592145"/>
		<nd ref="8290493394"/>
		<nd ref="8290493393"/>
		<nd ref="133555"/>
		<tag k="cycleway" v="no"/>
		<tag k="foot" v="no"/>
		<tag k="highway" v="secondary"/>
		<tag k="lanes" v="2"/>
		<tag k="maxspeed" v="40"/>
		<tag k="name" v="Munksjögatan"/>
		<tag k="oneway" v="yes"/>
		<tag k="surface" v="asphalt"/>
	</way>
	<way id="1355914275" version="2" timestamp="2025-04-15T22:15:13Z" changeset="0">
		<nd ref="1239975732"/>
		<nd ref="249592142"/>
		<nd ref="249592143"/>
		<nd ref="249592144"/>
		<nd ref="8791392548"/>
		<nd ref="1507746875"/>
		<nd ref="12758525224"/>
		<nd ref="579741654"/>
		<tag k="cycleway" v="no"/>
		<tag k="foot" v="no"/>
		<tag k="highway" v="secondary"/>
		<tag k="lanes" v="2"/>
		<tag k="maxspeed" v="40"/>
		<tag k="name" v="Munksjögatan"/>
		<tag k="oneway" v="yes"/>
		<tag k="surface" v="asphalt"/>
	</way>
	<way id="1355914276" version="1" timestamp="2025-02-01T10:28:55Z" changeset="0">
		<nd ref="249592141"/>
		<nd ref="1239975732"/>
		<tag k="cycleway" v="no"/>
		<tag k="foot" v="no"/>
		<tag k="highway" v="secondary"/>
		<tag k="lanes" v="2"/>
		<tag k="maxheight" v="default"/>
		<tag k="maxspeed" v="40"/>
		<tag k="name" v="Munksjögatan"/>
		<tag k="oneway" v="yes"/>
		<tag k="surface" v="asphalt"/>
	</way>
	<way id="1355914277" version="1" timestamp="2025-02-01T10:28:55Z" changeset="0">
		<nd ref="12548775444"/>
		<nd ref="133543"/>
		<nd ref="133545"/>
		<nd ref="26304694"/>
		<tag k="highway" v="tertiary"/>
		<tag k="maxspeed" v="40"/>
		<tag k="name" v="Junegatan"/>
		<tag k="ref" v="F 670"/>
		<tag k="reg_ref" v="670"/>
		<tag k="surface" v="paved"/>
	</way>
	<way id="1355914278" version="1" timestamp="2025-02-01T10:28:55Z" changeset="0">
		<nd ref="12548775445"/>
		<nd ref="12548775444"/>
		<tag k="fixme" v="maxheight"/>
		<tag k="highway" v="tertiary"/>
		<tag k="maxspeed" v="40"/>
		<tag k="name" v="Junegatan"/>
		<tag k="ref" v="F 670"/>
		<tag k="reg_ref" v="670"/>
		<tag k="surface" v="paved"/>
	</way>
	<way id="1390758752" version="1" timestamp="2025-05-29T17:13:59Z" changeset="0">
		<nd ref="3770700293"/>
		<nd ref="12873575546"/>
		<tag k="bus" v="yes"/>
		<tag k="gtfs:stop_id" v="9022050017999001"/>
		<tag k="highway" v="platform"/>
		<tag k="name" v="A"/>
		<tag k="network" v="Jönköpings Länstrafik"/>
		<tag k="public_transport" v="platform"/>
		<tag k="ref" v="A"/>
	</way>
	<way id="1390758753" version="1" timestamp="2025-05-29T17:14:00Z" changeset="0">
		<nd ref="3770700295"/>
		<nd ref="12873575548"/>
		<tag k="bus" v="yes"/>
		<tag k="gtfs:stop_id" v="9022050017999002"/>
		<tag k="highway" v="platform"/>
		<tag k="name" v="B"/>
		<tag k="network" v="Jönköpings Länstrafik"/>
		<tag k="public_transport" v="platform"/>
		<tag k="ref" v="B"/>
	</way>
	<way id="1414006446" version="4" timestamp="2025-09-26T16:31:43Z" changeset="0">
		<nd ref="12993650366"/>
		<nd ref="12993650365"/>
		<tag k="bus" v="yes"/>
		<tag k="highway" v="platform"/>
		<tag k="name" v="B"/>
		<tag k="network" v="Jönköpings Länstrafik"/>
		<tag k="network:short" v="JLT"/>
		<tag k="network:wikidata" v="Q10542127"/>
		<tag k="public_transport" v="platform"/>
		<tag k="ref" v="B"/>
	</way>
	<way id="1414006447" version="4" timestamp="2025-09-26T16:31:43Z" changeset="0">
		<nd ref="12993650368"/>
		<nd ref="12993650367"/>
		<tag k="bus" v="yes"/>
		<tag k="highway" v="platform"/>
		<tag k="name" v="A"/>
		<tag k="network" v="Jönköpings Länstrafik"/>
		<tag k="network:short" v="JLT"/>
		<tag k="network:wikidata" v="Q10542127"/>
		<tag k="public_transport" v="platform"/>
		<tag k="ref" v="A"/>
	</way>
	<way id="1424352287" version="2" timestamp="2025-08-24T17:18:17Z" changeset="0">
		<nd ref="398207997"/>
		<nd ref="10107907616"/>
		<nd ref="10107935817"/>
		<nd ref="359167757"/>
		<nd ref="254842309"/>
		<tag k="cycleway:both" v="no"/>
		<tag k="highway" v="residential"/>
		<tag k="lit" v="yes"/>
		<tag k="maxspeed" v="40"/>
		<tag k="name" v="Barnarpsgatan"/>
		<tag k="surface" v="sett"/>
	</way>
	<way id="1424352636" version="2" timestamp="2025-08-23T09:34:39Z" changeset="0">
		<nd ref="249580712"/>
		<nd ref="8311245885"/>
		<nd ref="8974486456"/>
		<nd ref="13092109223"/>
		<tag k="highway" v="tertiary"/>
		<tag k="lane_markings" v="no"/>
		<tag k="maxspeed" v="40"/>
		<tag k="name" v="Gjuterigatan"/>
		<tag k="surface" v="asphalt"/>
	</way>
	<way id="1425083735" version="2" timestamp="2025-08-26T20:34:58Z" changeset="0">
		<nd ref="13099044126"/>
		<nd ref="13099044127"/>
		<nd ref="13099044128"/>
		<nd ref="1766009789"/>
		<tag k="highway" v="corridor"/>
		<tag k="indoor" v="yes"/>
		<tag k="layer" v="2"/>
		<tag k="level" v="1"/>
	</way>
	<way id="1425083740" version="2" timestamp="2025-08-26T20:34:58Z" changeset="0">
		<nd ref="2195817737"/>
		<nd ref="13099044130"/>
		<nd ref="13099044131"/>
		<nd ref="13099044132"/>
		<tag k="highway" v="corridor"/>
		<tag k="indoor" v="yes"/>
	</way>
	<way id="1425083741" version="2" timestamp="2025-08-26T20:34:58Z" changeset="0">
		<nd ref="13099044132"/>
		<nd ref="13099044128"/>
		<tag k="access" v="yes"/>
		<tag k="highway" v="corridor"/>
		<tag k="indoor" v="yes"/>
	</way>
	<way id="1425083742" version="2" timestamp="2025-08-26T20:34:58Z" changeset="0">
		<nd ref="13099044130"/>
		<nd ref="13099044133"/>
		<nd ref="2195817729"/>
		<tag k="highway" v="corridor"/>
		<tag k="indoor" v="yes"/>
	</way>
	<way id="1428842457" version="2" timestamp="2026-04-02T10:09:24Z" changeset="0">
		<nd ref="2195359492"/>
		<nd ref="2195359525"/>
		<tag k="access" v="no"/>
		<tag k="highway" v="service"/>
		<tag k="maxspeed" v="40"/>
		<tag k="psv" v="yes"/>
	</way>
	<way id="1448528139" version="6" timestamp="2026-01-19T15:38:44Z" changeset="0">
		<nd ref="13290033466"/>
		<nd ref="13290033465"/>
		<tag k="bench" v="yes"/>
		<tag k="bin" v="yes"/>
		<tag k="bus" v="yes"/>
		<tag k="gtfs:stop_id" v="9022050071176001"/>
		<tag k="highway" v="platform"/>
		<tag k="lit" v="yes"/>
		<tag k="name" v="A"/>
		<tag k="network" v="Jönköpings Länstrafik"/>
		<tag k="public_transport" v="platform"/>
		<tag k="ref" v="A"/>
		<tag k="shelter" v="yes"/>
		<tag k="tactile_paving" v="yes"/>
	</way>
	<way id="1482856858" version="1" timestamp="2026-02-25T11:44:05Z" changeset="0">
		<nd ref="8539069581"/>
		<nd ref="254850402"/>
		<nd ref="13597852852"/>
		<nd ref="13597852851"/>
		<tag k="highway" v="service"/>
	</way>
	<way id="1495453750" version="1" timestamp="2026-04-02T10:09:24Z" changeset="0">
		<nd ref="2195359530"/>
		<nd ref="13701018472"/>
		<tag k="access" v="no"/>
		<tag k="highway" v="service"/>
		<tag k="maxspeed" v="40"/>
		<tag k="psv" v="yes"/>
	</way>
</osm>
